timestamp_ns,time_ms,voltage_left,current_left_ma,voltage_right,current_right_ma,motor_current_left,motor_current_right,euler_x,euler_y,euler_z,acc_lin_x,acc_lin_y,acc_lin_z,sonar_mm,tof_mm,rpm_left,rpm_right,rotations_left,rotations_right
1770041601980245603,2995,0.0,1.1,0.0,0.3,-0.02,-0.12,0.0,-4.5,-2.31,0.02,-0.02,-0.36,12077.89,187.0,0.0,0.0,0.0,
1770041601993853771,3229,0.0,0.7,0.0,0.2,0.04,-0.04,0.0,-4.5,-2.31,0.01,0.0,-0.39,12078.06,188.0,0.0,0.0,0.0,
1770041602112683889,3347,0.0,0.6,0.0,0.2,0.02,0.14,0.0,-4.5,-2.31,0.01,-0.02,-0.38,12076.0,193.0,0.0,0.0,0.0,
1770041602231482382,3467,0.0,1.1,0.0,0.5,0.04,-0.08,0.0,-4.5,-2.31,0.01,-0.02,-0.42,12077.2,190.0,0.0,0.0,0.0,
1770041602350276689,3586,0.0,1.0,0.0,1.3,0.04,-0.02,0.0,-4.5,-2.31,0.0,-0.01,-0.4,12078.75,186.0,0.0,0.0,0.0,
1770041602469175291,3706,0.0,1.2,0.0,0.2,-0.12,-0.14,0.0,-4.5,-2.31,0.01,0.0,-0.39,12074.8,195.0,0.0,0.0,0.0,
1770041602583880787,3825,0.0,1.1,0.0,0.1,0.04,0.02,0.0,-4.5,-2.31,0.01,-0.01,-0.35,12077.2,195.0,0.0,0.0,0.0,
1770041602702693414,3939,0.0,1.1,0.0,0.2,0.08,-0.08,0.0,-4.5,-2.31,0.01,0.0,-0.38,12077.2,194.0,0.0,0.0,0.0,
1770041602848261948,4057,0.0,1.2,0.0,0.5,-0.08,-0.06,0.0,-4.5,-2.31,0.01,-0.02,-0.38,12077.2,191.0,0.0,0.0,0.0,
1770041602940402866,4176,0.0,1.4,0.0,1.1,0.1,-0.04,0.0,-4.5,-2.31,0.02,-0.01,-0.41,12076.34,191.0,0.0,0.0,0.0,
1770041603059159622,4294,0.0,1.0,0.0,0.5,0.1,-0.1,0.0,-4.5,-2.31,0.03,-0.01,-0.38,12077.72,191.0,0.0,0.0,0.0,
1770041603178020762,4412,0.0,0.9,0.0,1.3,-0.08,-0.12,0.0,-4.5,-2.31,0.03,-0.02,-0.39,12077.03,183.0,0.0,0.0,0.0,
1770041603296778738,4531,0.052,0.3,0.0,0.3,-0.04,-0.04,0.0,-4.5,-2.31,0.02,0.0,-0.41,12077.37,187.0,0.0,0.0,0.0,
1770041603415618223,4651,0.0,0.9,0.0,0.3,-0.02,-0.06,0.0,-4.5,-2.31,0.02,0.0,-0.38,12077.03,191.0,0.0,0.0,0.0,
1770041603534440387,4770,0.0,0.2,0.0,1.4,-0.08,-0.06,0.0,-4.5,-2.31,0.02,-0.01,-0.4,12077.89,191.0,0.0,0.0,0.0,
1770041603653254733,4887,0.0,1.3,0.0,0.6,-0.08,-0.14,0.0,-4.5,-2.31,0.01,-0.01,-0.38,12077.03,192.0,0.0,0.0,0.0,
1770041603772089976,5005,0.0,1.3,0.0,0.5,0.04,-0.16,0.0,-4.5,-2.31,0.01,-0.01,-0.39,12075.83,189.0,0.0,0.0,0.0,
1770041603886854170,5126,0.0,1.0,0.0,0.6,0.0,0.02,0.0,-4.5,-2.31,0.0,0.0,-0.39,12078.4,189.0,0.0,0.0,0.0,
1770041604015664682,5239,0.0,1.0,0.0,0.5,0.1,-0.04,0.0,-4.5,-2.31,0.01,-0.02,-0.38,12077.37,191.0,0.0,0.0,0.0,
1770041604124428688,5361,0.0,0.9,0.0,-0.1,0.08,-0.12,0.0,-4.5,-2.31,0.01,0.0,-0.38,12078.75,192.0,0.0,0.0,0.0,
1770041604255547744,5479,0.0,0.2,0.0,0.4,-0.08,-0.1,0.0,-4.5,-2.31,0.01,0.0,-0.4,12076.52,188.0,0.0,0.0,0.0,
1770041604374311309,5608,0.0,0.9,0.0,0.2,-0.02,0.0,0.0,-4.5,-2.31,0.02,-0.01,-0.39,12076.86,187.0,0.0,0.0,0.0,
1770041604484986351,5727,0.0,0.7,0.0,0.5,0.2,-0.04,0.0,-4.5,-2.31,0.01,-0.01,-0.4,12076.69,187.0,0.0,0.0,0.0,
1770041604607896829,5839,0.0,1.0,0.0,0.4,-0.08,-0.08,0.0,-4.5,-2.31,0.0,0.0,-0.4,12077.54,191.0,0.0,0.0,0.0,
1770041604940249149,5961,0.0,1.0,0.0,0.3,0.06,0.0,0.0,-4.5,-2.31,0.01,0.0,-0.39,12080.63,188.0,0.0,0.0,0.0,
1770041604956156407,6079,0.0,1.0,0.0,0.3,-0.06,-0.02,0.0,-4.5,-2.31,0.02,-0.01,-0.42,12080.8,193.0,0.0,0.0,0.0,
1770041604967805662,6196,0.0,0.8,0.0,0.3,-0.1,-0.16,0.0,-4.5,-2.31,0.01,-0.01,-0.38,12084.06,193.0,0.0,0.0,0.0,
1770041605074932506,6308,0.0,1.1,0.0,0.1,0.0,-0.04,0.0,-4.5,-2.31,0.01,-0.01,-0.39,12083.72,204.0,0.0,0.0,0.0,
1770041605197882359,6427,0.0,1.0,0.0,0.1,-0.08,0.06,0.0,-4.5,-2.31,0.02,-0.02,-0.38,12083.2,195.0,0.0,0.0,0.0,
1770041605316695603,6550,0.0,1.0,0.0,0.9,-0.14,-0.21,0.0,-4.5,-2.31,0.0,0.0,-0.38,12080.12,194.0,0.0,0.0,0.0,
1770041605431427886,6670,0.0,1.1,0.0,0.3,-0.04,-0.12,0.0,-4.5,-2.31,0.02,-0.01,-0.42,12081.83,194.0,0.0,0.0,0.0,
1770041605550192524,6784,0.0,1.3,0.0,0.2,0.04,-0.02,0.0,-4.5,-2.31,0.02,-0.01,-0.38,12081.32,181.0,0.0,0.0,0.0,
1770041605768239793,6902,0.0,1.4,0.0,0.6,-0.06,-0.16,0.0,-4.5,-2.31,0.0,-0.02,-0.42,12079.77,198.0,0.0,0.0,0.0,
1770041605791967310,7025,0.0,1.3,0.0,1.0,-0.06,-0.02,0.0,-4.5,-2.31,0.02,-0.03,-0.38,12079.95,198.0,0.0,0.0,0.0,
1770041605902561113,7144,0.0,0.7,0.0,0.5,-0.08,0.02,0.0,-4.5,-2.31,0.01,-0.01,-0.39,12082.35,198.0,0.0,0.0,0.0,
1770041606021382450,7256,0.0,1.0,0.0,0.2,0.1,-0.08,0.0,-4.5,-2.31,0.02,0.0,-0.42,12078.75,195.0,0.0,0.0,0.0,
1770041606140226363,7374,0.032,0.2,0.0,0.3,-0.18,0.0,0.0,-4.5,-2.31,0.0,-0.02,-0.37,12077.2,189.0,0.0,0.0,0.0,
1770041606259007741,7491,0.0,1.2,0.0,1.1,0.06,-0.14,0.0,-4.5,-2.31,0.01,-0.01,-0.39,12077.2,191.0,0.0,0.0,0.0,
1770041606373727420,7613,0.0,1.1,0.0,0.2,0.0,-0.04,0.0,-4.5,-2.31,0.01,-0.01,-0.39,12076.69,191.0,0.0,0.0,0.0,
1770041606488437357,7725,0.0,0.9,0.0,0.6,-0.06,-0.04,0.0,-4.5,-2.31,0.01,-0.01,-0.37,12077.72,190.0,0.0,0.0,0.0,
1770041606607216586,7840,0.0,0.7,0.0,0.2,0.1,-0.02,0.0,-4.5,-2.31,0.01,-0.02,-0.37,12076.0,186.0,0.0,0.0,0.0,
1770041606836246408,7960,0.0,1.0,0.0,0.1,-0.02,-0.06,0.0,-4.5,-2.31,0.0,-0.02,-0.41,12077.89,186.0,0.0,0.0,0.0,
1770041606847291321,8075,0.0,1.1,0.0,0.6,0.06,0.0,0.0,-4.5,-2.31,0.01,0.0,-0.37,12077.37,188.0,0.0,0.0,0.0,
1770041606963694977,8194,0.036,0.1,0.0,1.4,0.02,-0.1,0.0,-4.5,-2.31,0.01,-0.02,-0.38,12078.06,185.0,0.0,0.0,0.0,
1770041607082495881,8313,0.0,1.3,0.0,0.2,-0.06,-0.04,0.0,-4.5,-2.31,0.01,-0.01,-0.41,12077.37,192.0,0.0,0.0,0.0,
1770041607193090557,8434,0.0,1.2,0.0,0.2,-0.06,-0.06,0.0,-4.5,-2.31,0.01,-0.01,-0.4,12078.23,192.0,0.0,0.0,0.0,
1770041607324200097,8546,0.0,1.3,0.0,0.4,-0.08,-0.14,0.0,-4.5,-2.31,0.01,0.0,-0.4,12076.69,188.0,0.0,0.0,0.0,
1770041607447091522,8677,0.0,0.1,0.0,0.3,-0.06,0.0,0.0,-4.5,-2.31,0.01,-0.01,-0.4,12075.49,189.0,0.0,0.0,0.0,
1770041607565924894,8798,0.0,1.0,0.0,1.6,-0.08,-0.08,0.0,-4.5,-2.31,0.0,-0.01,-0.39,12077.03,188.0,0.0,0.0,0.0,
1770041607784244830,8919,0.0,1.1,0.0,0.2,-0.04,-0.04,0.0,-4.5,-2.31,0.02,0.0,-0.39,12076.0,189.0,0.0,0.0,0.0,
1770041607799536768,9038,0.0,0.9,0.0,0.2,0.12,-0.14,0.0,-4.5,-2.31,0.02,0.0,-0.4,12080.29,189.0,0.0,0.0,0.0,
1770041607922368215,9151,0.0,0.9,0.0,0.2,-0.02,0.0,0.0,-4.5,-2.31,0.01,-0.01,-0.37,12081.66,189.0,0.0,0.0,0.0,
1770041608041174713,9274,0.0,0.9,0.0,0.5,0.1,-0.1,0.0,-4.5,-2.31,0.01,-0.02,-0.39,12079.09,187.0,0.0,0.0,0.0,
1770041608159991927,9393,0.0,0.6,0.0,0.1,-0.08,-0.02,0.0,-4.5,-2.31,0.01,0.0,-0.38,12080.29,186.0,0.0,0.0,0.0,
1770041608270596640,9509,0.0,0.7,0.0,0.3,0.02,-0.1,0.0,-4.5,-2.31,0.01,-0.01,-0.39,12080.63,186.0,0.0,0.0,0.0,
1770041608395364943,9621,0.0,0.9,0.0,1.4,-0.06,-0.1,0.0,-4.5,-2.31,0.01,-0.01,-0.38,12080.8,192.0,0.0,0.0,0.0,
1770041608499994894,9738,0.0,1.3,0.0,0.2,-0.1,-0.12,0.0,-4.5,-2.31,0.01,0.0,-0.37,12080.29,190.0,0.0,0.0,0.0,
1770041608708242904,9852,0.0,1.3,0.0,0.2,-0.02,-0.06,0.0,-4.5,-2.31,0.0,-0.02,-0.4,12081.49,190.0,0.0,0.0,0.0,
1770041608739497064,9964,0.0,1.2,0.0,0.2,-0.1,-0.18,0.0,-4.5,-2.31,0.03,-0.01,-0.4,12080.12,188.0,0.0,0.0,0.0,
1770041608852351926,10082,0.0,1.3,0.0,0.5,-0.08,0.06,0.0,-4.5,-2.31,0.04,-0.01,-0.4,12077.72,185.0,0.0,0.0,0.0,
1770041608975259433,10201,0.0,1.4,0.0,0.5,0.02,-0.02,0.0,-4.5,-2.31,0.02,0.01,-0.41,12078.4,187.0,0.0,0.0,0.0,
1770041609085883467,10323,0.0,1.4,0.0,0.1,-0.12,-0.12,0.0,-4.5,-2.31,0.02,0.0,-0.41,12078.23,187.0,0.0,0.0,0.0,
1770041609204693033,10437,0.0,1.0,0.0,0.4,0.04,-0.06,0.0,-4.5,-2.31,0.01,0.01,-0.4,12080.46,189.0,0.0,0.0,0.0,
1770041609323485410,10555,0.0,0.9,0.0,0.7,-0.02,-0.02,0.0,-4.5,-2.31,0.02,-0.01,-0.38,12078.57,191.0,0.0,0.0,0.0,
1770041609446389709,10675,0.02,0.2,0.0,0.2,-0.04,-0.04,0.0,-4.5,-2.31,0.01,-0.01,-0.4,12078.57,187.0,0.0,0.0,0.0,
1770041609561112729,10795,0.0,1.2,0.0,1.2,-0.04,0.02,0.0,-4.5,-2.31,0.02,0.0,-0.4,12078.92,187.0,0.0,0.0,0.0,
1770041609768248933,10912,0.0,0.9,0.0,0.3,0.02,-0.21,0.0,-4.5,-2.31,0.01,0.0,-0.39,12079.09,192.0,0.0,0.0,0.0,
1770041609798719488,11030,0.0,1.0,0.0,0.5,-0.04,-0.12,0.0,-4.5,-2.31,0.01,-0.01,-0.39,12080.46,190.0,0.0,0.0,0.0,
1770041609921616434,11150,0.0,0.8,0.0,0.5,0.08,-0.12,0.0,-4.5,-2.31,0.01,-0.01,-0.4,12079.43,188.0,0.0,0.0,0.0,
1770041610036371102,11270,0.0,1.0,0.0,1.1,0.06,-0.14,0.0,-4.5,-2.31,0.02,0.0,-0.38,12080.29,188.0,0.0,0.0,0.0,
1770041610155132012,11386,0.0,1.3,0.0,0.1,-0.1,0.0,0.0,-4.5,-2.31,0.02,0.0,-0.42,12078.4,192.0,0.0,0.0,0.0,
1770041610273951767,11505,0.0,1.4,0.0,0.2,-0.02,0.0,0.0,-4.5,-2.31,0.0,0.0,-0.4,12078.4,188.0,0.0,0.0,0.0,
1770041610400923903,11624,0.0,1.4,0.0,0.8,0.0,-0.12,0.0,-4.5,-2.31,0.02,0.0,-0.36,12079.09,191.0,0.0,0.0,0.0,
1770041610511559419,11750,0.0,1.0,0.0,0.2,-0.04,-0.12,0.0,-4.5,-2.31,0.03,0.0,-0.39,12081.15,191.0,0.0,0.0,0.0,
1770041610634397816,11862,0.0,1.4,0.0,0.5,-0.1,-0.12,0.0,-4.5,-2.31,0.02,-0.01,-0.38,12081.49,185.0,0.0,0.0,0.0,
1770041610753248781,11983,0.0,1.2,0.0,0.2,-0.02,0.1,0.0,-4.5,-2.31,0.02,-0.01,-0.38,12080.29,185.0,0.0,0.0,0.0,
1770041610892246871,12103,0.0,0.7,0.0,1.0,0.08,0.06,0.0,-4.5,-2.31,0.01,0.0,-0.4,12079.43,185.0,0.0,0.0,0.0,
1770041610992708434,12221,0.0,0.9,0.0,0.0,0.04,-0.16,0.0,-4.5,-2.31,0.0,0.0,-0.38,12079.77,185.0,0.0,0.0,0.0,
1770041611101455487,12334,0.0,0.6,0.0,1.6,-0.02,-0.1,0.0,-4.5,-2.31,0.0,-0.01,-0.37,12081.15,186.0,0.0,0.0,0.0,
1770041611228472242,12452,0.0,1.4,0.0,0.2,-0.02,-0.06,0.0,-4.5,-2.31,0.03,-0.01,-0.38,12079.09,186.0,0.0,0.0,0.0,
1770041611347283564,12576,0.0,1.3,0.0,0.6,-0.08,-0.06,0.0,-4.5,-2.31,0.02,0.0,-0.39,12079.43,181.0,0.0,0.0,0.0,
1770041611457879397,12694,0.0,0.4,0.0,0.3,-0.02,0.0,0.0,-4.5,-2.31,0.01,0.0,-0.41,12080.8,181.0,0.0,0.0,0.0,
1770041611576632116,12808,0.036,0.1,0.0,0.1,-0.02,-0.21,0.0,-4.5,-2.31,0.01,0.0,-0.42,12081.49,187.0,0.0,0.0,0.0,
1770041611699591126,12926,0.0,1.3,0.0,0.5,0.1,-0.04,0.0,-4.5,-2.31,0.02,0.0,-0.41,12080.63,194.0,0.0,0.0,0.0,
1770041611818386075,13048,0.0,1.4,0.0,0.1,-0.02,-0.04,0.0,-4.5,-2.31,0.01,0.0,-0.41,12081.83,193.0,0.0,0.0,0.0,
1770041611929019212,13166,0.0,1.2,0.0,0.5,-0.16,-0.06,0.0,-4.5,-2.31,0.02,-0.02,-0.4,12081.32,193.0,0.0,0.0,0.0,
1770041612051895227,13280,0.0,0.3,0.0,1.1,-0.2,-0.16,0.0,-4.5,-2.31,0.01,-0.01,-0.37,12079.95,194.0,0.0,0.0,0.0,
1770041612170707920,13399,0.0,0.9,0.0,0.5,-0.18,0.0,0.0,-4.5,-2.31,0.02,-0.01,-0.39,12074.63,199.0,0.0,0.0,0.0,
1770041612293601293,13519,0.0,0.3,0.0,1.1,0.08,-0.08,0.0,-4.5,-2.31,0.03,-0.01,-0.43,12077.89,188.0,0.0,0.0,0.0,
1770041612408322600,13642,0.0,0.9,0.0,0.2,0.16,-0.12,0.0,-4.5,-2.31,0.04,0.0,-0.37,12077.03,188.0,0.0,0.0,0.0,
1770041612522928071,13756,0.0,1.3,0.0,1.1,0.0,-0.06,0.0,-4.5,-2.31,0.01,-0.01,-0.37,12079.6,193.0,0.0,0.0,0.0,
1770041612645876398,13873,0.0,0.7,0.0,0.0,-0.14,-0.18,0.0,-4.5,-2.31,0.02,-0.01,-0.38,12078.57,196.0,0.0,0.0,0.0,
1770041612992254711,13992,0.0,1.2,0.0,0.3,0.1,-0.04,0.0,-4.5,-2.31,0.02,0.0,-0.35,12078.06,202.0,0.0,0.0,0.0,
1770041613003901159,14111,0.0,1.3,0.0,0.5,0.12,-0.1,0.0,-4.5,-2.31,0.0,0.0,-0.39,12076.69,202.0,0.0,0.0,0.0,
1770041613014987675,14228,0.0,1.6,0.0,0.2,-0.1,-0.18,0.0,-4.5,-2.31,0.02,-0.01,-0.39,12076.69,195.0,0.0,0.0,0.0,
1770041613116971674,14346,0.0,1.4,0.0,0.1,0.04,-0.02,0.0,-4.5,-2.31,0.01,-0.01,-0.37,12075.49,198.0,0.0,0.0,0.0,
1770041613239921823,14467,0.0,1.4,0.0,0.3,-0.02,-0.02,0.0,-4.5,-2.31,0.0,0.0,-0.4,12074.46,191.0,0.0,0.0,0.0,
1770041613354616746,14587,0.0,1.4,0.0,0.5,0.02,0.0,0.0,-4.5,-2.31,0.0,0.02,-0.36,12076.52,191.0,0.0,0.0,0.0,
1770041613487586464,14702,0.0,1.2,0.0,0.5,0.04,-0.14,0.0,-4.5,-2.31,0.0,0.03,-0.39,12077.37,194.0,0.0,0.0,0.0,
1770041613600428825,14827,0.0,0.5,0.0,1.3,0.02,-0.12,0.0,-4.5,-2.31,0.01,-0.02,-0.41,12077.72,187.0,0.0,0.0,0.0,
1770041613715092261,14946,0.0,1.3,0.0,0.6,0.08,-0.06,0.0,-4.5,-2.31,0.01,-0.01,-0.34,12076.17,184.0,0.0,0.0,0.0,
1770041613864245930,15065,0.0,0.7,0.0,0.5,0.12,-0.02,0.0,-4.5,-2.31,0.03,0.0,-0.43,12076.69,177.0,0.0,0.0,0.0,
1770041613952699474,15184,0.0,1.0,0.0,0.2,-0.04,-0.08,0.0,-4.5,-2.31,0.0,0.04,-0.41,12076.69,177.0,0.0,0.0,0.0,
1770041614075613399,15302,0.0,1.3,0.0,0.3,0.02,-0.1,0.0,-4.5,-2.31,0.0,-0.04,-0.37,12075.49,181.0,0.0,0.0,0.0,
1770041614190252126,15421,0.0,1.4,0.0,1.2,0.0,-0.18,0.0,-4.5,-2.31,0.01,-0.03,-0.38,12075.49,188.0,0.0,0.0,0.0,
1770041614305025580,15540,0.0,0.9,0.0,0.3,-0.08,-0.1,0.0,-4.5,-2.31,0.01,-0.01,-0.4,12078.06,188.0,0.0,0.0,0.0,
1770041614423810592,15653,0.0,1.0,0.0,0.5,0.12,-0.02,0.0,-4.5,-2.31,0.0,0.0,-0.38,12080.29,199.0,0.0,0.0,0.0,
1770041614550832071,15771,0.0,0.9,0.0,1.5,-0.08,0.04,0.0,-4.5,-2.31,0.01,-0.01,-0.4,12078.92,192.0,0.0,0.0,0.0,
1770041614776247436,15896,0.04,0.4,0.0,1.7,0.0,0.04,0.0,-4.5,-2.31,0.0,-0.01,-0.38,12077.37,194.0,0.0,0.0,0.0,
1770041614788427377,16015,0.0,0.9,0.0,1.1,0.06,-0.02,0.0,-4.5,-2.31,0.02,0.0,-0.4,12075.49,185.0,0.0,0.0,0.0,
1770041614898996055,16134,0.0,0.7,0.0,0.3,-0.08,-0.1,0.0,-4.5,-2.31,0.01,-0.01,-0.4,12078.23,185.0,0.0,0.0,0.0,
1770041615021915666,16247,0.0,0.9,0.0,1.4,0.1,0.08,0.0,-4.5,-2.31,0.01,-0.03,-0.36,12077.72,194.0,0.0,0.0,0.0,
1770041615136612109,16369,0.0,1.2,0.0,0.2,0.0,-0.12,0.0,-4.5,-2.31,0.01,-0.01,-0.37,12078.75,194.0,0.73,0.0,0.0,0.0
1770041615247223060,16483,10.776,3.3,10.748,0.0,0.04,-0.08,0.0,-4.5,-2.31,0.01,0.0,-0.41,12079.09,194.0,0.0,0.0,0.0,
1770041615370068930,16595,9.0,4.6,9.64,0.8,-0.12,-0.02,0.0,-4.5,-2.31,0.01,0.0,-0.38,12077.37,70.0,0.0,0.0,0.0,
1770041615480684252,16715,9.224,4.0,9.472,1.1,0.0,-0.12,0.0,-4.5,-2.31,0.01,-0.01,-0.4,12078.4,70.0,0.0,0.0,0.0,
1770041615599517492,16827,10.864,5.1,10.796,0.2,-0.06,0.0,0.0,-4.5,-2.31,0.02,-0.02,-0.35,12080.97,70.0,0.0,0.0,0.0,
1770041615816243561,16945,9.004,5.0,10.072,0.8,-0.02,-0.1,0.0,-4.5,-2.31,0.01,0.0,-0.41,12078.4,70.0,0.0,0.0,0.0,
1770041615827617237,17057,10.312,4.0,10.796,0.2,0.0,-0.02,0.0,-4.5,-2.31,0.0,-0.01,-0.39,12077.89,70.0,0.0,0.0,0.0,
1770041615941404024,17168,9.268,4.1,9.472,1.0,0.04,-0.04,0.0,-4.5,-2.31,0.03,0.0,-0.39,12077.03,70.0,0.0,0.0,0.0,
1770041616046009752,17280,9.096,4.6,10.788,0.1,0.02,-0.06,0.0,-4.5,-2.31,0.01,-0.02,-0.36,12075.31,70.0,0.0,0.0,0.0,
1770041616160718477,17394,9.0,4.7,10.792,0.0,-0.04,-0.12,0.0,-4.5,-2.31,0.04,-0.06,-0.35,12075.14,70.0,0.0,0.0,0.0,
1770041616275444685,17509,8.996,4.7,10.804,0.2,-0.14,-0.18,0.0,-4.5,-2.31,0.02,0.02,-0.39,12072.57,70.0,0.0,0.0,0.0,
1770041616385954662,17622,9.08,4.6,10.056,0.9,0.02,0.02,0.0,-4.5,-2.31,0.01,0.01,-0.39,12075.31,70.0,0.0,0.0,0.0,
1770041616500744175,17734,10.852,4.1,9.604,0.1,-0.04,-0.04,0.0,-4.5,-2.31,0.01,-0.01,-0.4,12074.8,70.0,0.0,0.0,0.0,
1770041616627726226,17849,9.188,3.9,10.788,0.3,0.0,-0.02,0.0,-4.5,-2.31,0.01,-0.01,-0.41,12073.6,70.0,0.0,0.0,0.0,
1770041616756246551,17974,9.2,4.0,10.804,0.3,-0.04,-0.1,0.0,-4.5,-2.31,0.01,-0.01,-0.4,12073.94,70.0,0.0,0.0,0.0,
1770041616848933299,18085,9.0,4.6,10.544,0.8,0.12,-0.16,0.0,-4.5,-2.31,0.01,0.0,-0.36,12074.8,70.0,0.0,0.0,0.0,
1770041616963638226,18196,10.848,4.0,9.432,0.1,0.0,-0.1,0.0,-4.5,-2.31,0.04,0.0,-0.4,12074.8,70.0,0.0,0.0,0.0,
1770041617074245484,18308,9.084,4.5,10.784,0.1,0.02,-0.08,0.0,-4.5,-2.31,0.01,0.0,-0.39,12075.83,70.0,0.0,0.0,0.0,
1770041617188934516,18419,9.068,4.5,10.804,0.1,-0.1,0.04,0.0,-4.5,-2.31,0.01,-0.02,-0.39,12075.49,70.0,0.0,0.0,0.0,
1770041617303685983,18534,9.092,4.7,10.788,0.0,-0.02,0.0,0.0,-4.5,-2.31,0.01,0.0,-0.36,12073.43,70.0,0.0,0.0,0.0,
1770041617414230719,18649,8.992,4.9,10.8,-0.1,0.04,-0.12,0.0,-4.5,-2.31,0.0,-0.01,-0.39,12075.49,70.0,0.0,0.0,0.0,
1770041617528947384,18761,9.0,4.8,10.792,0.2,0.04,-0.08,0.0,-4.5,-2.31,0.01,-0.01,-0.37,12075.31,70.0,0.0,0.0,0.0,
1770041617744244119,18874,8.996,4.6,10.8,0.2,-0.08,-0.02,0.0,-4.5,-2.31,0.0,-0.01,-0.38,12074.46,70.0,0.0,0.0,0.0,
1770041617758334171,18989,8.984,4.7,10.8,0.0,-0.04,-0.1,0.0,-4.5,-2.31,0.0,-0.01,-0.39,12076.34,70.0,0.0,0.0,0.0,
1770041617868948843,19103,9.092,4.3,10.792,0.2,-0.1,-0.04,0.0,-4.5,-2.31,0.02,-0.01,-0.4,12074.63,70.0,0.0,0.0,0.0,
1770041617983644524,19216,9.276,3.9,9.472,1.0,0.0,-0.06,0.0,-4.5,-2.31,0.02,0.0,-0.4,12075.66,70.0,0.0,0.0,0.0,
1770041618094258505,19329,9.092,4.9,10.788,0.2,0.02,-0.12,0.0,-4.5,-2.31,0.02,0.0,-0.4,12075.83,70.0,0.0,0.0,0.0,
1770041618213042147,19441,9.076,4.6,10.792,0.2,-0.1,-0.16,0.0,-4.5,-2.31,0.01,-0.01,-0.38,12074.97,70.0,0.0,0.0,0.0,
1770041618327723386,19559,9.084,4.8,10.796,0.0,-0.02,-0.02,0.0,-4.5,-2.31,0.01,0.01,-0.41,12075.31,70.0,0.0,0.0,0.0,
1770041618438291331,19671,9.096,4.6,9.616,0.8,-0.08,-0.02,0.0,-4.5,-2.31,0.02,0.0,-0.42,12074.11,70.0,0.0,0.0,0.0,
1770041618553035151,19785,10.868,4.2,10.808,0.2,0.06,-0.02,0.0,-4.5,-2.31,0.01,-0.01,-0.38,12074.46,70.0,0.0,0.0,0.0,
1770041618667748597,19899,9.264,4.0,10.804,0.1,-0.06,-0.06,0.0,-4.5,-2.31,0.01,0.0,-0.38,12075.31,70.0,0.0,0.0,0.0,
1770041618782428669,20013,9.184,4.2,10.796,0.1,-0.04,-0.14,0.0,-4.5,-2.31,0.01,0.0,-0.39,12076.17,70.0,0.0,0.0,0.0,
1770041618912256548,20127,9.188,3.9,9.476,0.9,-0.02,-0.12,0.0,-4.5,-2.31,0.01,-0.01,-0.38,12073.43,70.0,0.0,0.0,0.0,
1770041619011826927,20242,9.008,4.6,10.8,0.0,-0.08,-0.12,0.0,-4.5,-2.31,0.0,-0.01,-0.38,12073.94,70.0,0.0,0.0,0.0,
1770041619122447178,20355,8.996,4.1,10.208,0.0,-0.02,-0.02,0.0,-4.5,-2.31,0.0,-0.01,-0.38,12073.77,70.0,0.0,0.0,0.0,
1770041619237193136,20467,9.196,4.0,10.8,0.5,-0.1,-0.04,0.0,-4.5,-2.31,0.01,0.0,-0.38,12074.46,70.0,0.0,0.0,0.0,
1770041619351828267,20583,9.188,4.2,10.784,-0.1,-0.14,-0.04,0.0,-4.5,-2.31,0.03,-0.01,-0.39,12072.91,70.0,0.0,0.0,0.0,
1770041619466488437,20698,9.232,4.0,10.804,0.1,-0.1,-0.04,0.0,-4.5,-2.31,0.0,-0.01,-0.38,12073.94,70.0,0.0,0.0,0.0,
1770041619585307763,20810,9.22,4.2,10.796,0.1,0.02,-0.08,0.0,-4.5,-2.31,0.02,-0.01,-0.37,12073.94,70.0,0.0,0.0,0.0,
1770041619695917216,20929,9.552,4.0,9.604,0.8,0.0,-0.06,0.0,-4.5,-2.31,0.01,0.0,-0.38,12074.11,70.0,0.0,0.0,0.0,
1770041619810587832,21042,10.848,3.9,10.808,0.1,-0.08,-0.02,0.0,-4.5,-2.31,0.0,0.0,-0.41,12073.6,70.0,0.0,0.0,0.0,
1770041619925370128,21157,9.2,4.0,10.808,-0.1,-0.08,-0.06,0.0,-4.5,-2.31,0.01,-0.02,-0.41,12073.6,70.0,0.0,0.0,0.0,
1770041620035894175,21271,9.252,4.0,10.788,0.0,-0.04,-0.02,0.0,-4.5,-2.31,0.03,-0.01,-0.4,12075.83,70.0,0.0,0.0,0.0,
1770041620150622417,21383,9.192,3.9,10.796,-0.2,-0.04,-0.1,0.0,-4.5,-2.31,0.01,0.0,-0.37,12074.63,70.0,0.0,0.0,0.0,
1770041620265315397,21494,9.204,3.9,10.788,0.5,-0.12,-0.1,0.0,-4.5,-2.31,0.0,-0.01,-0.39,12074.46,70.0,0.0,0.0,0.0,
1770041620375900756,21608,9.2,4.2,10.808,0.5,0.0,-0.2,0.0,-4.5,-2.31,0.03,-0.01,-0.35,12075.83,70.0,0.0,0.0,0.0,
1770041620490631944,21722,8.988,4.6,10.796,-0.1,0.1,-0.04,0.0,-4.5,-2.31,0.02,-0.01,-0.41,12074.97,70.0,0.0,0.0,0.0,
1770041620605269009,21834,9.08,4.7,9.624,0.6,-0.04,0.0,0.0,-4.5,-2.31,0.0,0.0,-0.4,12075.14,70.0,0.0,0.0,0.0,
1770041620715910727,21948,9.204,4.1,10.8,0.2,-0.02,-0.1,0.0,-4.5,-2.31,0.01,-0.01,-0.38,12073.08,70.0,0.0,0.0,0.0,
1770041620830613263,22059,9.004,4.6,10.76,-0.1,-0.04,-0.16,0.0,-4.5,-2.31,0.01,0.0,-0.37,12073.94,70.0,0.0,0.0,0.0,
1770041620941207531,22173,9.264,4.0,10.8,-0.1,0.04,-0.06,0.0,-4.5,-2.31,0.01,-0.02,-0.39,12074.8,70.0,0.0,0.0,0.0,
1770041621055907655,22286,9.268,4.0,10.788,0.2,0.02,0.04,0.0,-4.5,-2.31,0.0,0.0,-0.4,12074.8,70.0,0.0,0.0,0.0,
1770041621166503958,22400,9.204,4.5,9.48,1.0,0.1,-0.04,0.0,-4.5,-2.31,0.01,0.0,-0.38,12075.14,70.0,0.0,0.0,0.0,
1770041621281218019,22512,9.0,4.7,9.628,0.6,-0.1,0.0,0.0,-4.5,-2.31,0.01,0.0,-0.4,12075.49,70.0,0.0,0.0,0.0,
1770041621395884872,22624,9.176,4.2,9.484,1.2,0.02,-0.16,0.0,-4.5,-2.31,0.01,-0.01,-0.38,12074.8,70.0,0.0,0.0,0.0,
1770041621510578006,22739,10.856,3.9,9.476,1.3,0.12,0.02,0.0,-4.5,-2.31,0.01,-0.02,-0.41,12072.91,70.0,0.0,0.0,0.0,
1770041621621134138,22852,9.268,5.1,10.2,0.0,-0.06,0.14,0.0,-4.5,-2.31,0.0,0.0,-0.39,12074.11,70.0,0.0,0.0,0.0,
1770041621731821968,22966,9.08,6.0,10.78,0.8,-0.08,0.27,0.0,-4.5,-2.31,0.0,-0.02,-0.39,12073.43,70.0,0.0,0.0,0.0,
1770041621996248265,23077,9.184,4.6,10.804,-0.1,0.0,0.43,0.0,-4.5,-2.31,0.01,0.0,-0.4,12073.77,70.0,0.0,0.0,0.0,
1770041622051252957,23193,10.544,5.3,10.8,0.2,0.02,0.35,0.0,-4.5,-2.31,0.01,0.0,-0.41,12074.97,70.0,0.0,0.0,0.0,
1770041622079976981,23308,10.592,5.9,10.792,0.2,-0.08,0.23,0.0,-4.5,-2.31,0.01,-0.01,-0.38,12074.11,70.0,0.0,0.0,0.0,
1770041622190571217,23421,10.84,5.4,9.5,0.0,-0.12,0.21,0.0,-4.5,-2.31,0.01,0.0,-0.37,12073.77,70.0,0.0,0.0,0.0,
1770041622305268203,23534,9.248,5.4,10.78,-0.2,0.0,0.27,0.0,-4.5,-2.31,0.0,-0.02,-0.39,12075.14,70.0,0.0,0.0,0.0,
1770041622428121423,23648,9.208,5.4,10.788,0.2,-0.25,0.39,0.0,-4.5,-2.31,0.0,0.0,-0.41,12074.8,70.0,0.0,0.0,0.0,
1770041622542842467,23772,10.848,5.9,9.652,0.5,0.02,0.33,0.0,-4.5,-2.31,0.0,0.0,-0.4,12073.77,70.0,0.0,0.0,0.0,
1770041622653439981,23885,9.212,5.2,10.796,0.1,0.06,0.25,0.0,-4.5,-2.31,0.0,-0.01,-0.39,12073.94,70.0,0.0,0.0,0.0,
1770041622768143504,23998,10.784,6.0,10.776,0.0,0.02,0.35,0.0,-4.5,-2.31,0.02,0.0,-0.38,12074.8,70.0,0.0,0.0,0.0,
1770041622900250881,24111,9.244,5.6,10.792,0.2,-0.06,0.39,0.0,-4.5,-2.31,0.0,0.0,-0.4,12074.8,70.0,0.0,0.0,0.0,
1770041623001636669,24224,9.188,6.0,10.784,0.0,0.06,0.39,0.0,-4.5,-2.31,0.0,0.0,-0.38,12077.2,70.0,0.0,0.0,0.0,
1770041623116315342,24344,10.76,6.1,10.784,0.0,-0.02,0.29,0.0,-4.5,-2.31,0.01,0.0,-0.38,12072.4,70.0,0.0,0.0,0.0,
1770041623226889647,24459,9.108,6.0,10.804,0.1,-0.04,0.21,0.0,-4.5,-2.31,0.02,0.0,-0.39,12074.8,70.0,0.0,0.0,0.0,
1770041623341647295,24571,9.328,5.2,9.544,0.3,0.0,0.45,0.0,-4.5,-2.31,0.01,0.0,-0.37,12073.94,70.0,0.0,0.0,0.0,
1770041623456264338,24684,10.848,5.8,10.78,0.2,0.06,0.27,0.0,-4.5,-2.31,0.0,0.01,-0.39,12073.6,70.0,0.0,0.0,0.0,
1770041623571010448,24800,9.388,5.4,10.66,0.0,0.0,0.27,0.0,-4.5,-2.31,0.01,0.0,-0.38,12074.97,70.0,0.0,0.0,0.0,
1770041623916243314,24913,10.848,5.4,9.936,0.3,-0.08,0.23,0.0,-4.5,-2.31,0.02,0.0,-0.38,12074.29,70.0,0.0,0.0,0.0,
1770041623927557323,25026,10.776,5.3,10.784,1.5,-0.1,0.29,0.0,-4.5,-2.31,0.0,-0.01,-0.4,12074.46,70.0,0.0,0.0,0.0,
1770041624001174437,25139,10.852,5.3,10.784,0.7,0.02,0.41,0.0,-4.5,-2.31,0.02,-0.01,-0.39,12074.29,70.0,0.0,0.0,0.0,
1770041624035760567,25252,9.328,5.4,10.136,0.1,0.08,0.25,0.0,-4.5,-2.31,0.02,-0.01,-0.39,12076.17,70.0,0.0,0.0,0.0,
1770041624140395720,25370,9.172,6.1,10.048,-0.1,-0.14,0.25,0.0,-4.5,-2.31,0.02,-0.01,-0.39,12074.46,70.0,0.0,0.0,0.0,
1770041624255067506,25484,9.204,6.5,10.772,0.1,-0.12,0.41,0.0,-4.5,-2.31,0.01,0.0,-0.37,12074.11,70.0,0.0,0.0,0.0,
1770041624369790740,25596,9.312,5.1,10.8,0.5,-0.16,0.41,0.0,-4.5,-2.31,0.0,-0.01,-0.41,12074.97,70.0,0.0,0.0,0.0,
1770041624484437672,25711,9.248,6.1,10.788,-0.1,-0.02,0.45,0.0,-4.5,-2.31,0.01,-0.01,-0.41,12074.11,70.0,0.0,0.0,0.0,
1770041624599155591,25827,9.276,5.2,10.776,0.5,-0.02,0.29,0.0,-4.5,-2.31,0.01,0.0,-0.39,12074.11,70.0,0.0,0.0,0.0,
1770041624820242496,25942,9.164,5.8,10.76,0.3,-0.14,0.37,0.0,-4.5,-2.31,0.01,-0.01,-0.36,12072.91,70.0,0.0,0.0,0.0,
1770041624832375085,26054,10.832,5.6,10.78,-0.1,-0.02,0.49,0.0,-4.5,-2.31,0.0,-0.02,-0.4,12074.11,70.0,0.0,0.0,0.0,
1770041624939134326,26168,10.328,5.0,10.78,0.0,0.06,0.37,0.0,-4.5,-2.31,0.01,0.0,-0.43,12072.91,70.0,0.0,0.0,0.0,
1770041625057951984,26280,10.836,5.2,9.94,1.3,0.1,0.25,0.0,-4.5,-2.31,0.01,0.0,-0.38,12075.66,70.0,0.0,0.0,0.0,
1770041625168562094,26398,9.224,5.8,10.796,0.5,-0.06,0.41,0.0,-4.5,-2.31,0.0,0.0,-0.4,12072.91,70.0,0.0,0.0,0.0,
1770041625279116792,26511,9.284,5.4,10.776,1.2,0.08,0.45,0.0,-4.5,-2.31,0.01,0.0,-0.38,12073.6,70.0,0.0,0.0,0.0,
1770041625393775281,26622,10.832,5.7,10.772,0.1,-0.02,0.27,0.0,-4.5,-2.31,0.0,0.0,-0.4,12074.97,70.0,0.0,0.0,0.0,
1770041625516704079,26736,9.148,6.2,9.592,0.6,-0.12,0.21,0.0,-4.5,-2.31,0.02,-0.02,-0.37,12072.91,70.0,0.0,0.0,0.0,
1770041625631364827,26858,9.104,5.7,10.792,0.0,-0.04,0.23,0.0,-4.5,-2.31,0.0,-0.01,-0.4,12074.46,70.0,0.0,0.0,0.0,
1770041625746082858,26975,9.096,5.7,10.788,0.1,-0.1,0.39,0.0,-4.5,-2.31,0.0,-0.03,-0.41,12074.8,70.0,0.0,0.0,0.0,
1770041625860779424,27087,9.232,5.3,10.128,0.0,-0.04,0.37,0.0,-4.5,-2.31,0.02,0.0,-0.38,12075.14,70.0,0.0,0.0,0.0,
1770041625971379386,27201,10.296,5.5,10.78,0.1,-0.08,0.41,0.0,-4.5,-2.31,0.02,-0.01,-0.38,12075.49,70.0,0.0,0.0,0.0,
1770041626086079736,27314,9.08,6.2,10.776,0.1,-0.06,0.39,0.0,-4.5,-2.31,0.01,0.0,-0.38,12073.77,70.0,0.0,0.0,0.0,
1770041626200752598,27428,9.06,5.3,10.44,0.1,-0.08,0.35,0.0,-4.5,-2.31,0.01,-0.01,-0.41,12072.4,70.0,0.0,0.0,0.0,
1770041626315472001,27542,9.224,5.8,10.78,0.0,0.02,0.29,0.0,-4.5,-2.31,0.01,0.0,-0.39,12073.26,70.0,0.0,0.0,0.0,
1770041626426001998,27656,9.06,5.6,10.756,0.2,-0.02,0.41,0.0,-4.5,-2.31,0.0,0.0,-0.41,12074.11,70.0,0.0,0.0,0.0,
1770041626536637854,27768,10.764,5.8,10.776,0.0,0.08,0.29,0.0,-4.5,-2.31,0.01,0.0,-0.4,12075.31,70.0,0.0,0.0,0.0,
1770041626651342460,27879,9.04,5.3,10.776,-0.1,0.02,0.31,0.0,-4.5,-2.31,0.01,0.0,-0.39,12075.49,70.0,0.0,0.0,0.0,
1770041626766033045,27995,9.212,5.1,10.78,0.1,0.1,0.23,0.0,-4.5,-2.31,0.01,-0.01,-0.37,12073.26,70.0,0.0,0.0,0.0,
1770041626876609638,28108,10.832,5.5,10.584,0.0,0.06,0.31,0.0,-4.5,-2.31,0.01,0.0,-0.38,12072.74,70.0,0.0,0.0,0.0,
1770041626991324911,28220,8.992,5.5,10.776,0.0,0.0,0.45,0.0,-4.5,-2.31,0.01,-0.01,-0.35,12071.88,70.0,0.0,0.0,0.0,
1770041627101927546,28334,9.064,6.1,10.788,0.1,-0.08,0.37,0.0,-4.5,-2.31,0.0,-0.02,-0.42,12073.43,70.0,0.0,0.0,0.0,
1770041627216577945,28444,9.252,5.6,10.772,0.2,-0.02,0.53,0.0,-4.5,-2.31,0.02,-0.01,-0.39,12073.77,70.0,0.0,0.0,0.0,
1770041627331280995,28560,10.74,5.0,10.78,0.3,-0.04,0.23,0.0,-4.5,-2.31,0.0,0.0,-0.41,12073.77,70.0,0.0,0.0,0.0,
1770041627445965229,28673,10.836,5.5,10.788,0.1,-0.14,0.39,0.0,-4.5,-2.31,0.01,0.0,-0.4,12075.14,70.0,0.0,0.0,0.0,
1770041627560685762,28787,9.252,5.2,9.324,0.1,-0.06,0.25,0.0,-4.5,-2.31,0.01,-0.01,-0.4,12074.46,70.0,0.0,0.0,0.0,
1770041627675378756,28900,8.952,5.9,10.784,0.1,0.0,0.25,0.0,-4.5,-2.31,0.02,-0.01,-0.38,12072.4,70.0,0.0,0.0,0.0,
1770041627785976370,29016,9.224,5.4,10.792,0.1,0.02,0.31,0.0,-4.5,-2.31,0.01,0.0,-0.39,12073.94,70.0,0.0,0.0,0.0,
1770041627900668160,29128,10.84,5.0,9.352,1.1,0.02,0.27,0.0,-4.5,-2.31,0.02,-0.01,-0.39,12073.26,70.0,0.0,0.0,0.0,
1770041628015373117,29242,10.852,5.5,10.776,0.1,-0.08,0.33,0.0,-4.5,-2.31,0.0,-0.01,-0.41,12073.43,70.0,0.0,0.0,0.0,
1770041628125966672,29355,9.196,5.4,9.852,0.2,0.06,0.21,0.0,-4.5,-2.31,0.0,0.0,-0.41,12074.29,70.0,0.0,0.0,0.0,
1770041628240651958,29467,10.716,5.3,9.636,0.6,0.16,0.33,0.0,-4.5,-2.31,0.0,-0.01,-0.37,12074.46,70.0,0.0,0.0,0.0,
1770041628355354987,29582,10.568,5.7,10.78,0.2,0.06,0.39,0.0,-4.5,-2.31,0.01,-0.01,-0.4,12072.57,70.0,0.0,0.0,0.0,
1770041628474085318,29697,8.892,5.1,10.788,0.2,0.08,0.27,0.0,-4.5,-2.31,0.0,-0.01,-0.4,12073.26,70.0,0.0,0.0,0.0,
1770041628588816663,29815,8.908,5.8,10.792,0.2,-0.12,0.25,0.0,-4.5,-2.31,0.01,-0.01,-0.37,12072.91,70.0,0.0,0.0,0.0,
1770041628703517376,29929,10.684,6.0,10.788,0.3,0.0,0.35,0.0,-4.5,-2.31,0.01,0.0,-0.37,12073.43,70.0,0.0,0.0,0.0,
1770041628818203811,30044,9.128,3.8,10.764,0.1,0.0,-0.14,0.0,-4.5,-2.31,0.01,-0.02,-0.35,12072.4,70.0,0.0,0.0,0.0,
1770041628932894006,30158,10.872,4.2,10.792,0.3,-0.02,-0.08,0.0,-4.5,-2.31,0.01,-0.01,-0.4,12074.97,70.0,0.0,0.0,0.0,
1770041629043488978,30272,9.2,4.2,10.788,0.2,0.06,0.0,0.0,-4.5,-2.31,0.02,-0.01,-0.4,12071.71,70.0,0.0,0.0,0.0,
1770041629158182293,30384,9.144,4.2,10.804,0.0,-0.25,-0.14,0.0,-4.5,-2.31,0.01,-0.01,-0.38,12073.08,70.0,0.0,0.0,0.0,
1770041629272865553,30497,9.188,5.1,10.788,0.1,0.06,0.29,0.0,-4.5,-2.31,0.02,-0.01,-0.41,12072.23,70.0,0.0,0.0,0.0,
1770041629387575925,30615,8.96,6.0,10.792,0.1,-0.14,0.27,0.0,-4.5,-2.31,0.03,-0.02,-0.4,12072.57,70.0,0.0,0.0,0.0,
1770041629498124244,30727,10.864,5.6,10.784,0.2,-0.02,0.35,0.0,-4.5,-2.31,0.01,-0.01,-0.37,12074.11,70.0,0.0,0.0,0.0,
1770041629612863599,30839,8.884,5.8,10.576,0.0,-0.02,0.23,0.0,-4.5,-2.31,0.0,0.0,-0.37,12074.8,70.0,0.0,0.0,0.0,
1770041629727602807,30954,9.2,5.4,9.34,0.0,0.06,0.25,0.0,-4.5,-2.31,0.01,-0.01,-0.4,12074.11,70.0,0.0,0.0,0.0,
1770041629842234822,31068,9.204,5.3,9.832,0.2,0.0,0.33,0.0,-4.5,-2.31,0.01,0.0,-0.42,12075.31,70.0,0.0,0.0,0.0,
1770041629956929323,31182,10.844,5.9,10.432,0.9,-0.02,0.39,0.0,-4.5,-2.31,0.02,-0.01,-0.39,12075.14,70.0,0.0,0.0,0.0,
1770041630071672528,31295,8.892,5.6,10.78,0.0,0.06,0.31,0.0,-4.5,-2.31,0.01,-0.01,-0.37,12074.29,70.0,0.0,0.0,0.0,
1770041630182207253,31410,9.216,5.2,9.336,-0.2,0.08,0.25,0.0,-4.5,-2.31,0.01,0.0,-0.42,12073.94,70.0,0.0,0.0,0.0,
1770041630296900757,31522,9.228,4.5,10.776,0.1,-0.08,0.41,0.0,-4.5,-2.31,0.0,0.0,-0.4,12073.08,70.0,0.0,0.0,0.0,
1770041630411599704,31638,10.848,5.6,10.784,0.3,-0.12,0.47,0.0,-4.5,-2.31,0.01,0.0,-0.38,12073.43,70.0,0.0,0.0,0.0,
1770041630526263576,31751,10.632,5.5,10.712,0.1,0.02,0.23,0.0,-4.5,-2.31,0.0,-0.01,-0.37,12074.29,70.0,0.0,0.0,0.0,
1770041630636881436,31864,10.716,5.7,10.796,0.0,0.1,0.37,0.0,-4.5,-2.31,0.01,-0.01,-0.4,12075.14,70.0,0.0,0.0,0.0,
1770041630751571087,31977,8.928,5.6,10.792,-0.3,-0.16,0.31,0.0,-4.5,-2.31,0.01,-0.01,-0.41,12074.8,70.0,0.0,0.0,0.0,
1770041630866257238,32090,8.968,5.4,10.796,0.1,-0.02,0.29,0.0,-4.5,-2.31,0.01,0.0,-0.37,12074.63,70.0,0.0,0.0,0.0,
1770041630980966186,32205,9.94,5.9,10.76,-0.3,0.16,0.23,0.0,-4.5,-2.31,0.0,-0.02,-0.39,12074.29,70.0,0.0,0.0,0.0,
1770041631091542259,32319,9.652,5.5,10.776,-0.1,0.06,0.33,0.0,-4.5,-2.31,0.02,0.0,-0.43,12073.6,70.0,0.0,0.0,0.0,
1770041631212199911,32432,10.844,5.2,10.788,0.0,0.0,0.35,0.0,-4.5,-2.31,0.0,-0.01,-0.4,12076.0,70.0,0.0,0.0,0.0,
1770041631325028102,32543,10.372,6.0,10.8,0.5,-0.1,0.18,0.0,-4.5,-2.31,0.0,-0.02,-0.39,12076.17,70.0,0.0,0.0,0.0,
1770041631439675799,32665,8.964,5.5,10.784,0.0,-0.02,0.37,0.0,-4.5,-2.31,0.0,-0.01,-0.39,12078.75,70.0,0.0,0.0,0.0,
1770041631554405742,32779,9.44,5.5,9.924,0.1,-0.08,0.33,0.0,-4.5,-2.31,0.03,-0.01,-0.41,12076.86,70.0,0.0,0.0,0.0,
1770041631664982181,32893,9.18,5.1,10.796,0.1,0.08,0.35,0.0,-4.5,-2.31,0.03,0.0,-0.4,12075.66,70.0,0.0,0.0,0.0,
1770041631779700216,33006,9.184,5.4,10.772,0.1,0.02,0.29,0.0,-4.5,-2.31,0.02,0.0,-0.39,12073.08,70.0,0.0,0.0,0.0,
1770041631894374488,33119,8.988,5.8,10.8,0.3,0.0,0.35,0.0,-4.5,-2.31,0.0,0.0,-0.4,12074.46,70.0,0.0,0.0,0.0,
1770041632009071151,33234,10.8,5.2,9.428,0.1,0.1,0.45,0.0,-4.5,-2.31,0.0,-0.01,-0.42,12075.66,70.0,0.0,0.0,0.0,
1770041632119614251,33348,10.728,6.0,10.78,0.2,-0.06,0.23,0.0,-4.5,-2.31,0.01,-0.01,-0.38,12074.8,70.0,0.0,0.0,0.0,
1770041632234356805,33461,9.856,5.0,10.796,-0.1,-0.08,0.23,0.0,-4.5,-2.31,0.0,0.0,-0.39,12073.77,70.0,0.0,0.0,0.0,
1770041632349061617,33573,9.064,5.7,9.756,0.3,-0.02,0.41,0.0,-4.5,-2.31,0.01,0.0,-0.37,12074.97,70.0,0.0,0.0,0.0,
1770041632463655348,33688,9.112,5.8,10.796,0.0,-0.08,0.37,0.0,-4.5,-2.31,0.01,-0.02,-0.4,12073.94,70.0,0.0,0.0,0.0,
1770041632578388254,33805,9.308,5.6,10.8,0.1,-0.1,0.35,0.0,-4.5,-2.31,0.02,0.0,-0.37,12073.94,70.0,0.0,0.0,0.0,
1770041632693100640,33917,10.728,6.1,10.8,0.6,-0.23,0.31,0.0,-4.5,-2.31,0.0,0.0,-0.39,12073.94,70.0,0.0,0.0,0.0,
1770041632807791377,34032,10.856,6.0,10.784,0.3,0.06,0.37,0.0,-4.5,-2.31,0.01,0.0,-0.4,12076.34,70.0,0.0,0.0,0.0,
1770041632922484243,34145,10.852,5.1,10.784,0.1,-0.04,0.29,0.0,-4.5,-2.31,0.01,0.0,-0.39,12075.66,70.0,0.0,0.0,0.0,
1770041633033048988,34260,9.216,5.4,10.796,0.3,0.02,0.31,0.0,-4.5,-2.31,0.01,-0.01,-0.39,12075.66,70.0,0.0,0.0,0.0,
1770041633147777400,34373,9.24,4.8,10.532,-0.1,0.0,0.27,0.0,-4.5,-2.31,0.01,0.0,-0.38,12074.11,70.0,0.0,0.0,0.0,
1770041633262465346,34488,9.3,4.8,10.784,0.4,-0.02,0.47,0.0,-4.5,-2.31,0.01,-0.01,-0.41,12076.17,70.0,0.0,0.0,0.0,
1770041633373025651,34600,10.844,5.4,10.788,0.0,-0.04,0.37,0.0,-4.5,-2.31,0.01,-0.01,-0.39,12075.31,70.0,0.0,0.0,0.0,
1770041633491813071,34713,10.832,5.5,10.788,0.1,0.04,0.29,0.0,-4.5,-2.31,0.02,-0.01,-0.4,12075.49,70.0,0.0,0.0,0.0,
1770041633602429194,34829,10.84,5.9,10.788,0.0,0.04,0.39,0.0,-4.5,-2.31,0.01,0.0,-0.4,12075.83,70.0,0.0,0.0,0.0,
1770041633713037575,34942,10.78,5.5,10.796,0.4,0.04,0.33,0.0,-4.5,-2.31,0.0,0.0,-0.41,12077.89,70.0,0.0,0.0,0.0,
1770041633827715947,35052,9.296,5.0,10.78,-0.1,-0.02,0.39,0.0,-4.5,-2.31,0.0,0.0,-0.4,12075.14,70.0,0.0,0.0,0.0,
1770041633938316403,35165,10.844,5.2,10.78,-0.2,0.0,0.39,0.0,-4.5,-2.31,0.0,-0.01,-0.41,12074.46,70.0,0.0,0.0,0.0,
1770041634057087680,35277,9.12,6.0,10.7,0.2,-0.06,0.35,0.0,-4.5,-2.31,0.0,-0.01,-0.39,12075.49,70.0,0.0,0.0,0.0,
1770041634167673898,35394,9.332,5.3,10.788,0.2,-0.06,0.25,0.0,-4.5,-2.31,0.01,-0.01,-0.39,12074.63,70.0,0.0,0.0,0.0,
1770041634278285821,35508,10.776,5.6,9.672,0.7,0.06,0.16,0.0,-4.5,-2.31,0.0,0.0,-0.41,12074.46,70.0,0.0,0.0,0.0,
1770041634401170255,35617,10.84,5.9,10.032,0.0,0.16,0.21,0.0,-4.5,-2.31,0.0,-0.01,-0.4,12074.8,70.0,0.0,0.0,0.0,
1770041634515872175,35738,10.84,5.8,10.788,-0.2,0.04,0.35,0.0,-4.5,-2.31,0.01,0.0,-0.39,12079.09,70.0,0.0,0.0,0.0,
1770041634626424596,35854,10.84,5.5,10.776,0.1,-0.18,0.29,0.0,-4.5,-2.31,0.02,0.0,-0.4,12075.49,70.0,0.0,0.0,0.0,
1770041634741133868,35966,9.392,5.1,10.796,0.9,-0.08,0.37,0.0,-4.5,-2.31,0.0,0.0,-0.39,12076.69,70.0,0.0,0.0,0.0,
1770041634855835733,36080,10.58,5.1,10.796,0.1,-0.06,0.31,0.0,-4.5,-2.31,0.01,-0.01,-0.39,12075.83,70.0,0.0,0.0,0.0,
1770041634966414117,36194,9.356,4.0,9.56,1.3,-0.06,-0.12,0.0,-4.5,-2.31,0.02,-0.01,-0.36,12076.52,70.0,0.0,0.0,0.0,
1770041635085194305,36305,9.184,4.7,9.88,0.2,0.08,-0.02,0.0,-4.5,-2.31,0.01,0.0,-0.36,12074.8,70.0,0.0,0.0,0.0,
1770041635195757305,36422,9.36,3.6,10.8,0.3,-0.1,-0.04,0.0,-4.5,-2.31,0.01,0.0,-0.39,12074.97,70.0,0.0,0.0,0.0,
1770041635310484018,36536,9.328,4.0,10.796,0.1,-0.04,-0.04,0.0,-4.5,-2.31,0.0,-0.01,-0.38,12075.66,70.0,0.0,0.0,0.0,
1770041635421019869,36648,10.84,3.9,10.788,0.3,-0.1,0.02,0.0,-4.5,-2.31,0.01,0.0,-0.39,12073.6,70.0,0.0,0.0,0.0,
1770041635539980222,36760,9.208,4.9,10.792,0.1,0.08,-0.08,0.0,-4.5,-2.31,0.0,0.0,-0.4,12073.77,70.0,0.0,0.0,0.0,
1770041635660568587,36878,9.268,4.5,10.812,0.1,0.02,-0.02,0.0,-4.5,-2.31,0.02,-0.01,-0.38,12075.31,70.0,0.0,0.0,0.0,
1770041635765160393,36990,9.212,4.5,9.656,0.7,-0.06,0.02,0.0,-4.5,-2.31,0.01,0.0,-0.39,12075.83,70.0,0.0,0.0,0.0,
1770041635875801101,37101,10.476,4.0,10.788,0.1,0.0,-0.1,0.0,-4.5,-2.31,0.01,-0.01,-0.37,12074.97,70.0,0.0,0.0,0.0,
1770041635986324267,37213,9.292,3.8,10.796,0.0,-0.06,-0.14,0.0,-4.5,-2.31,0.01,-0.01,-0.38,12074.97,70.0,0.0,0.0,0.0,
1770041636109212894,37323,9.36,4.0,10.796,0.0,0.02,-0.02,0.0,-4.5,-2.31,0.0,0.0,-0.38,12074.63,70.0,0.0,0.0,0.0,
1770041636219856941,37445,9.372,3.8,10.804,0.1,-0.08,-0.06,0.0,-4.5,-2.31,0.02,-0.01,-0.36,12071.88,70.0,0.0,0.0,0.0,
1770041636334548296,37558,9.288,3.8,10.796,0.3,-0.04,-0.1,0.0,-4.5,-2.31,0.02,-0.01,-0.41,12073.77,70.0,0.0,0.0,0.0,
1770041636449179723,37672,9.308,4.1,10.812,0.1,0.02,-0.1,0.0,-4.5,-2.31,0.01,0.0,-0.39,12075.31,70.0,0.0,0.0,0.0,
1770041636559753139,37786,9.364,4.0,10.808,-0.2,-0.1,0.02,0.0,-4.5,-2.31,0.01,-0.01,-0.38,12074.46,70.0,0.0,0.0,0.0,
1770041636684533853,37899,9.364,4.1,10.8,0.0,-0.06,-0.04,0.0,-4.5,-2.31,0.0,-0.01,-0.37,12073.08,70.0,0.0,0.0,0.0,
1770041636799223115,38013,9.184,4.5,10.776,0.1,-0.08,-0.02,0.0,-4.5,-2.31,0.01,-0.01,-0.4,12074.29,70.0,0.0,0.0,0.0,
1770041636903847741,38128,9.172,4.9,10.8,-0.1,0.04,-0.06,0.0,-4.5,-2.31,0.01,0.0,-0.39,12075.31,70.0,0.0,0.0,0.0,
1770041637014380417,38241,9.176,4.8,10.788,0.3,0.21,-0.02,0.0,-4.5,-2.31,0.02,0.0,-0.42,12074.11,70.0,0.0,0.0,0.0,
1770041637137323109,38353,9.184,4.8,10.8,0.0,0.02,-0.08,0.0,-4.5,-2.31,0.01,0.0,-0.37,12072.4,70.0,0.0,0.0,0.0,
1770041637252043924,38476,9.2,5.0,10.796,0.1,-0.06,0.0,0.0,-4.5,-2.31,0.0,0.0,-0.41,12075.49,70.0,0.0,0.0,0.0,
1770041637366693237,38590,9.208,4.7,10.808,0.3,0.04,-0.12,0.0,-4.5,-2.31,0.01,-0.01,-0.38,12075.66,70.0,0.0,0.0,0.0,
1770041637481353624,38705,9.168,4.1,9.664,0.8,0.18,-0.18,0.0,-4.5,-2.31,0.01,-0.01,-0.38,12075.66,70.0,0.0,0.0,0.0,
1770041637591947028,38817,10.864,3.9,10.788,0.1,-0.06,-0.16,0.0,-4.5,-2.31,0.0,-0.02,-0.41,12073.77,70.0,0.0,0.0,0.0,
1770041637710768884,38931,9.272,3.8,10.8,0.1,0.1,0.0,0.0,-4.5,-2.31,0.01,0.0,-0.41,12074.46,70.0,0.0,0.0,0.0,
1770041637825442623,39048,9.288,4.2,9.556,1.3,0.08,0.0,0.0,-4.5,-2.31,0.0,0.0,-0.4,12072.74,70.0,0.0,0.0,0.0,
1770041637936092011,39160,9.272,4.9,10.8,0.0,0.0,-0.14,0.0,-4.5,-2.31,0.03,-0.01,-0.36,12074.8,70.0,0.0,0.0,0.0,
1770041638050710766,39274,10.116,4.2,10.424,0.0,-0.06,-0.04,0.0,-4.5,-2.31,0.01,0.0,-0.4,12075.66,70.0,0.0,0.0,0.0,
1770041638165418132,39389,9.368,3.8,10.8,0.1,-0.12,-0.08,0.0,-4.5,-2.31,0.01,0.0,-0.4,12073.6,70.0,0.0,0.0,0.0,
1770041638284270029,39501,9.328,3.9,9.548,0.1,-0.02,-0.08,0.0,-4.5,-2.31,0.0,-0.01,-0.4,12075.14,70.0,0.0,0.0,0.0,
1770041638398853521,39620,9.244,4.6,10.636,1.0,-0.12,-0.06,0.0,-4.5,-2.31,0.03,-0.01,-0.38,12074.97,70.0,0.0,0.0,0.0,
1770041638509470986,39734,10.72,3.9,10.816,0.3,0.14,-0.16,0.0,-4.5,-2.31,0.02,0.0,-0.4,12074.97,70.0,0.0,0.0,0.0,
1770041638624200649,39846,9.288,3.9,10.796,-0.2,-0.08,-0.14,0.0,-4.5,-2.31,0.0,0.01,-0.4,12075.31,70.0,0.0,0.0,0.0,
1770041638738846716,39960,9.344,4.0,10.804,0.1,-0.18,0.02,0.0,-4.5,-2.31,0.01,0.0,-0.37,12076.86,70.0,0.0,0.0,0.0,
1770041638853531026,40075,9.352,4.1,10.8,0.3,-0.1,0.06,0.0,-4.5,-2.31,0.0,-0.01,-0.4,12074.29,70.0,0.0,0.0,0.0,
1770041638964127361,40188,9.276,4.3,10.796,0.2,-0.06,-0.04,0.0,-4.5,-2.31,0.01,0.0,-0.4,12073.77,70.0,0.0,0.0,0.0,
1770041639078816599,40301,9.168,5.0,10.796,0.3,-0.06,-0.14,0.0,-4.5,-2.31,0.02,0.0,-0.38,12075.66,70.0,0.0,0.0,0.0,
1770041639189401584,40414,10.824,4.0,9.564,0.9,-0.08,0.0,0.0,-4.5,-2.31,0.01,0.0,-0.39,12074.97,70.0,0.0,0.0,0.0,
1770041639308256355,40527,10.852,4.2,9.54,1.3,0.04,-0.14,0.0,-4.5,-2.31,0.0,0.0,-0.38,12076.86,70.0,0.0,0.0,0.0,
1770041639422856581,40644,10.86,4.2,10.784,-0.1,-0.2,-0.1,0.0,-4.5,-2.31,0.0,0.0,-0.38,12074.63,70.0,0.0,0.0,0.0,
1770041639537563755,40758,9.228,4.9,10.812,0.2,-0.18,-0.1,0.0,-4.5,-2.31,0.01,-0.01,-0.4,12074.11,70.0,0.0,0.0,0.0,
1770041639648160296,40872,9.22,4.6,10.804,0.1,-0.04,-0.16,0.0,-4.5,-2.31,0.0,-0.01,-0.39,12074.8,70.0,0.0,0.0,0.0,
1770041639762817339,40985,9.192,4.6,10.8,-0.2,0.04,-0.18,0.0,-4.5,-2.31,0.01,0.0,-0.41,12071.03,70.0,0.0,0.0,0.0,
1770041639877521124,41101,9.236,4.7,10.776,0.0,0.02,-0.04,0.0,-4.5,-2.31,0.01,0.0,-0.39,12074.8,70.0,0.0,0.0,0.0,
1770041639988100757,41216,9.368,4.0,10.792,0.3,0.0,-0.04,0.0,-4.5,-2.31,0.02,-0.02,-0.37,12073.43,70.0,0.0,0.0,0.0,
1770041640111014954,41326,9.364,3.9,10.8,0.2,-0.02,-0.04,0.0,-4.5,-2.31,0.01,-0.01,-0.38,12075.83,70.0,0.0,0.0,0.0,
1770041640221583548,41445,9.336,4.0,10.788,0.1,-0.18,-0.23,0.0,-4.5,-2.31,0.01,-0.01,-0.41,12074.46,70.0,0.0,0.0,0.0,
1770041640340400226,41559,10.772,4.8,10.764,-0.2,-0.14,-0.06,0.0,-4.5,-2.31,0.03,0.0,-0.37,12073.77,70.0,0.0,0.0,0.0,
1770041640450936931,41674,9.264,4.1,9.504,0.1,-0.06,-0.06,0.0,-4.5,-2.31,0.02,0.0,-0.4,12074.46,70.0,0.0,0.0,0.0,
1770041640565634317,41787,9.172,4.2,9.632,0.9,0.0,-0.1,0.0,-4.5,-2.31,0.01,0.0,-0.37,12073.77,70.0,0.0,0.0,0.0,
1770041640686323070,41902,10.852,4.0,10.804,0.0,0.08,-0.1,0.0,-4.5,-2.31,0.02,-0.01,-0.38,12075.31,70.0,0.0,0.0,0.0,
1770041640790948225,42014,9.336,3.8,10.8,0.0,0.0,-0.1,0.0,-4.5,-2.31,0.01,0.0,-0.38,12075.49,70.0,0.0,0.0,0.0,
1770041640905686001,42127,9.356,4.0,10.808,0.1,0.04,-0.14,0.0,-4.5,-2.31,0.01,0.0,-0.38,12074.46,70.0,0.0,0.0,0.0,
1770041641020312320,42242,9.308,3.9,10.788,0.2,-0.08,-0.16,0.0,-4.5,-2.31,0.01,0.0,-0.38,12074.29,70.0,0.0,0.0,0.0,
1770041641140965936,42356,9.388,4.2,10.796,0.1,0.02,-0.1,0.0,-4.5,-2.31,0.0,-0.01,-0.39,12073.77,70.0,0.0,0.0,0.0,
1770041641245600004,42469,9.144,4.9,10.788,0.2,-0.12,-0.12,0.0,-4.5,-2.31,0.02,-0.01,-0.38,12074.63,70.0,0.0,0.0,0.0,
1770041641360263820,42582,9.156,4.7,10.792,0.1,-0.02,-0.1,0.0,-4.5,-2.31,0.0,0.0,-0.37,12078.75,70.0,0.0,0.0,0.0,
1770041641474930655,42696,9.16,4.6,10.8,0.2,-0.02,-0.14,0.0,-4.5,-2.31,0.01,-0.01,-0.39,12079.6,70.0,0.0,0.0,0.0,
1770041641595609308,42811,9.156,4.2,9.644,0.2,-0.04,0.0,0.0,-4.5,-2.31,0.02,0.0,-0.38,12078.23,70.0,0.0,0.0,0.0,
1770041641700242487,42923,9.268,3.9,10.8,0.1,-0.18,-0.02,0.0,-4.5,-2.31,0.0,0.0,-0.38,12078.23,70.0,0.0,0.0,0.0,
1770041641814950304,43036,9.344,4.0,9.56,1.2,-0.08,-0.06,0.0,-4.5,-2.31,0.01,-0.01,-0.38,12078.4,70.0,0.0,0.0,0.0,
1770041641929621343,43149,10.848,3.9,9.556,0.7,-0.04,0.0,0.0,-4.5,-2.31,0.0,-0.02,-0.36,12077.89,70.0,0.0,0.0,0.0,
1770041642044314579,43267,10.408,4.2,10.804,0.1,-0.02,-0.16,0.0,-4.5,-2.31,0.02,0.01,-0.42,12078.4,70.0,0.0,0.0,0.0,
1770041642159009099,43379,9.344,4.0,10.796,0.1,0.0,0.06,0.0,-4.5,-2.31,0.0,0.0,-0.39,12079.6,70.0,0.0,0.0,0.0,
1770041642273680341,43494,9.332,3.7,10.804,0.3,-0.06,0.04,0.0,-4.5,-2.31,0.01,0.0,-0.39,12078.4,70.0,0.0,0.0,0.0,
1770041642384271734,43608,9.276,3.7,10.796,0.2,-0.21,-0.1,0.0,-4.5,-2.31,0.01,-0.01,-0.38,12078.23,70.0,0.0,0.0,0.0,
1770041642503027288,43720,9.352,3.7,10.788,0.9,-0.04,-0.16,0.0,-4.5,-2.31,0.01,0.0,-0.4,12077.2,70.0,0.0,0.0,0.0,
1770041642613619032,43837,9.26,4.0,10.792,-0.3,0.1,-0.06,0.0,-4.5,-2.31,0.01,0.0,-0.39,12077.89,70.0,0.0,0.0,0.0,
1770041642724246370,43951,9.168,3.8,10.788,0.0,0.02,-0.02,0.0,-4.5,-2.31,0.01,0.0,-0.37,12078.75,70.0,0.0,0.0,0.0,
1770041642838911223,44060,9.304,4.1,10.8,0.3,-0.04,-0.04,0.0,-4.5,-2.31,0.01,0.0,-0.38,12077.54,70.0,0.0,0.0,0.0,
1770041642953617522,44173,9.292,4.0,9.564,1.2,0.1,-0.08,0.0,-4.5,-2.31,0.01,0.0,-0.42,12076.69,70.0,0.0,0.0,0.0,
1770041643076488613,44289,9.236,4.6,10.792,-0.1,0.04,-0.06,0.0,-4.5,-2.31,0.0,-0.01,-0.39,12076.69,70.0,0.0,0.0,0.0,
1770041643191183831,44409,9.168,4.9,10.8,0.2,-0.08,-0.1,0.0,-4.5,-2.31,0.01,-0.01,-0.37,12077.72,70.0,0.0,0.0,0.0,
1770041643301805355,44524,9.148,4.7,10.792,0.0,-0.1,-0.14,0.0,-4.5,-2.31,0.01,-0.02,-0.4,12077.03,70.0,0.0,0.0,0.0,
1770041643416467109,44637,9.244,5.0,10.788,0.0,-0.02,-0.02,0.0,-4.5,-2.31,0.01,0.0,-0.39,12076.69,70.0,0.0,0.0,0.0,
1770041643531131142,44749,9.24,4.8,9.704,1.0,-0.08,-0.1,0.0,-4.5,-2.31,0.01,0.0,-0.38,12076.69,70.0,0.0,0.0,0.0,
1770041643645843842,44865,9.264,3.9,10.796,-0.1,0.06,-0.16,0.0,-4.5,-2.31,0.02,0.0,-0.37,12076.52,70.0,0.0,0.0,0.0,
1770041643756423328,44979,9.216,4.5,10.804,0.0,-0.06,-0.1,0.0,-4.5,-2.31,0.01,0.0,-0.42,12078.06,70.0,0.0,0.0,0.0,
1770041643871098304,45091,9.228,4.7,9.648,0.5,-0.12,0.02,0.0,-4.5,-2.31,0.0,-0.01,-0.38,12077.89,70.0,0.0,0.0,0.0,
1770041643981720513,45204,9.348,4.0,10.8,0.1,-0.1,-0.06,0.0,-4.5,-2.31,0.02,-0.01,-0.37,12076.52,70.0,0.0,0.0,0.0,
1770041644110523326,45317,9.368,4.0,10.808,0.1,-0.04,-0.02,0.0,-4.5,-2.31,0.01,0.0,-0.37,12075.66,70.0,0.0,0.0,0.0,
1770041644215140666,45436,9.304,4.0,10.768,0.0,-0.04,0.14,0.0,-4.5,-2.31,0.0,0.0,-0.41,12077.2,70.0,0.0,0.0,0.0,
1770041644329865390,45551,9.168,4.7,10.812,0.5,0.08,-0.1,0.0,-4.5,-2.31,0.0,0.0,-0.38,12078.4,70.0,0.0,0.0,0.0,
1770041644444535466,45665,9.172,4.8,9.652,0.8,-0.06,-0.06,0.0,-4.5,-2.31,0.0,0.0,-0.38,12077.54,70.0,0.0,0.0,0.0,
1770041644559197578,45777,10.86,3.9,9.528,1.3,0.02,0.08,0.0,-4.5,-2.31,0.02,0.0,-0.38,12076.86,70.0,0.0,0.0,0.0,
1770041644673916525,45892,9.232,4.8,10.788,-0.1,0.16,-0.02,0.0,-4.5,-2.31,0.02,-0.01,-0.43,12075.66,70.0,0.0,0.0,0.0,
1770041644784483931,46008,9.248,4.9,9.736,0.7,0.02,-0.06,0.0,-4.5,-2.31,0.0,-0.01,-0.38,12076.34,70.0,0.0,0.0,0.0,
1770041644899200193,46120,9.28,3.9,10.796,0.1,0.02,-0.06,0.0,-4.5,-2.31,0.01,-0.01,-0.38,12077.03,70.0,0.0,0.0,0.0,
1770041645013889509,46233,9.284,3.8,10.804,0.1,-0.1,-0.16,0.0,-4.5,-2.31,0.01,0.0,-0.39,12075.83,70.0,0.0,0.0,0.0,
1770041645128550842,46347,9.28,3.9,10.792,0.0,-0.1,-0.21,0.0,-4.5,-2.31,0.01,0.0,-0.41,12077.72,70.0,0.0,0.0,0.0,
1770041645243258177,46465,9.268,3.9,10.772,0.1,-0.08,-0.21,0.0,-4.5,-2.31,0.01,-0.02,-0.38,12075.66,70.0,0.0,0.0,0.0,
1770041645357948344,46577,9.156,4.8,10.796,0.0,0.08,-0.12,0.0,-4.5,-2.31,0.01,0.0,-0.39,12076.17,70.0,0.0,0.0,0.0,
1770041645472599473,46692,9.152,4.5,10.788,-0.1,-0.06,-0.06,0.0,-4.5,-2.31,0.01,-0.02,-0.38,12075.49,70.0,0.0,0.0,0.0,
1770041645587314067,46806,9.244,4.6,10.788,0.3,-0.12,-0.06,0.0,-4.5,-2.31,0.02,-0.01,-0.42,12077.54,70.0,0.0,0.0,0.0,
1770041645702002160,46921,9.344,4.0,10.796,0.3,0.08,-0.02,0.0,-4.5,-2.31,0.01,-0.01,-0.36,12076.34,70.0,0.0,0.0,0.0,
1770041645812548070,47034,9.272,4.0,10.792,0.2,-0.06,-0.1,0.0,-4.5,-2.31,0.01,-0.01,-0.39,12077.54,70.0,0.0,0.0,0.0,
1770041645927281349,47149,9.356,3.9,10.8,0.2,-0.04,0.0,0.0,-4.5,-2.31,0.01,0.0,-0.39,12077.2,70.0,0.0,0.0,0.0,
1770041646037836077,47260,9.336,3.7,10.788,0.2,-0.04,0.02,0.0,-4.5,-2.31,0.0,-0.02,-0.38,12078.92,70.0,0.0,0.0,0.0,
1770041646164844878,47373,10.444,3.9,9.52,0.6,0.02,-0.1,0.0,-4.5,-2.31,0.01,0.0,-0.4,12077.72,70.0,0.0,0.0,0.0,
1770041646285503473,47497,9.136,4.8,10.784,0.1,-0.02,0.02,0.0,-4.5,-2.31,0.01,-0.01,-0.41,12077.72,70.0,0.0,0.0,0.0,
1770041646390156999,47611,10.856,3.7,9.528,1.0,-0.06,-0.2,0.0,-4.5,-2.31,0.0,0.0,-0.41,12077.89,70.0,0.0,0.0,0.0,
1770041646500800536,47722,9.152,4.9,10.792,0.1,0.06,-0.02,0.0,-4.5,-2.31,0.01,-0.01,-0.35,12071.88,70.0,0.0,0.0,0.0,
1770041646611343016,47835,9.26,5.0,10.788,-0.2,0.02,0.0,0.0,-4.5,-2.31,0.01,0.0,-0.38,12074.11,70.0,0.0,0.0,0.0,
1770041646725975544,47945,9.164,4.6,10.796,0.1,-0.06,-0.21,0.0,-4.5,-2.31,0.01,0.0,-0.37,12073.77,70.0,0.0,0.0,0.0,
1770041646840684998,48060,9.208,4.6,10.8,0.0,-0.02,-0.1,0.0,-4.5,-2.31,0.01,0.0,-0.39,12071.37,70.0,0.0,0.0,0.0,
1770041646955383971,48175,10.052,4.1,10.808,0.1,-0.08,-0.02,0.0,-4.5,-2.31,0.01,0.0,-0.39,12075.83,70.0,0.0,0.0,0.0,
1770041647065931387,48288,9.308,3.9,10.804,0.2,0.12,0.02,0.0,-4.5,-2.31,0.01,0.01,-0.39,12074.11,70.0,0.0,0.0,0.0,
1770041647184745496,48401,9.344,4.0,10.8,0.0,-0.12,-0.08,0.0,-4.5,-2.31,0.01,-0.02,-0.38,12074.46,70.0,0.0,0.0,0.0,
1770041647299449747,48516,9.324,4.1,10.796,-0.1,-0.16,0.06,0.0,-4.5,-2.31,0.02,-0.02,-0.37,12073.6,70.0,0.0,0.0,0.0,
1770041647410012493,48630,9.272,3.6,9.54,0.0,0.0,-0.08,0.0,-4.5,-2.31,0.0,0.0,-0.39,12073.43,70.0,0.0,0.0,0.0,
1770041647520573127,48743,9.188,4.5,9.668,0.6,0.04,0.06,0.0,-4.5,-2.31,0.0,-0.01,-0.38,12074.63,70.0,0.0,0.0,0.0,
1770041647631195078,48852,10.86,3.9,9.664,0.5,-0.04,-0.18,0.0,-4.5,-2.31,0.01,0.0,-0.38,12072.91,70.0,0.0,0.0,0.0,
1770041647745875199,48965,9.264,3.8,10.796,0.2,0.02,-0.12,0.0,-4.5,-2.31,0.01,0.0,-0.4,12074.97,70.0,0.0,0.0,0.0,
1770041647860648878,49078,9.348,3.9,10.796,0.0,0.0,-0.06,0.0,-4.5,-2.31,0.01,-0.01,-0.38,12072.91,70.0,0.0,0.0,0.0,
1770041647975269165,49192,9.332,4.1,10.792,0.0,0.0,-0.12,0.0,-4.5,-2.31,0.0,0.0,-0.38,12076.52,70.0,0.0,0.0,0.0,
1770041648085887001,49306,9.34,4.1,10.804,0.3,0.0,0.0,0.0,-4.5,-2.31,0.01,-0.01,-0.37,12076.34,70.0,0.0,0.0,0.0,
1770041648200528039,49419,9.328,3.9,10.796,0.3,-0.12,-0.12,0.0,-4.5,-2.31,0.01,-0.01,-0.42,12075.31,70.0,0.0,0.0,0.0,
1770041648315209911,49531,9.22,4.8,10.812,0.5,-0.08,-0.02,0.0,-4.5,-2.31,0.01,0.0,-0.38,12075.31,70.0,0.0,0.0,0.0,
1770041648429901820,49648,9.152,4.7,10.792,-0.1,0.04,-0.12,0.0,-4.5,-2.31,0.0,-0.01,-0.38,12075.14,70.0,0.0,0.0,0.0,
1770041648540473747,49761,9.156,4.6,10.788,-0.1,-0.06,-0.04,0.0,-4.5,-2.31,0.01,0.0,-0.36,12073.26,70.0,0.0,0.0,0.0,
1770041648655176860,49873,9.156,4.6,10.796,0.2,-0.1,0.0,0.0,-4.5,-2.31,0.01,-0.01,-0.39,12074.8,70.0,0.0,0.0,0.0,
1770041648769867695,49986,9.196,4.4,9.644,0.2,0.04,-0.08,0.0,-4.5,-2.31,0.01,-0.02,-0.37,12076.0,70.0,0.0,0.0,0.0,
1770041648884538530,50104,9.32,4.0,10.796,0.1,0.04,-0.2,0.0,-4.5,-2.31,0.01,-0.01,-0.4,12075.31,70.0,0.0,0.0,0.0,
1770041648995133902,50216,9.352,4.0,9.556,0.7,-0.14,-0.06,0.0,-4.5,-2.31,0.01,0.0,-0.38,12073.94,70.0,0.0,0.0,0.0,
1770041649118070442,50328,9.16,4.7,10.788,0.2,0.06,-0.06,0.0,-4.5,-2.31,0.01,-0.01,-0.4,12074.11,70.0,0.0,0.0,0.0,
1770041649228608947,50449,9.228,4.7,10.796,0.1,0.04,-0.04,0.0,-4.5,-2.31,0.01,0.0,-0.38,12074.8,70.0,0.0,0.0,0.0,
1770041649347425260,50562,10.34,4.0,9.652,0.7,-0.08,-0.06,0.0,-4.5,-2.31,0.01,-0.01,-0.4,12071.88,70.0,0.0,0.0,0.0,
1770041649457957783,50679,10.864,4.0,9.644,-0.1,-0.08,-0.12,0.0,-4.5,-2.31,0.01,0.0,-0.4,12073.94,70.0,0.0,0.0,0.0,
1770041649568554141,50791,9.28,3.9,10.788,0.2,0.06,-0.04,0.0,-4.5,-2.31,0.0,-0.01,-0.39,12073.6,70.0,0.0,0.0,0.0,
1770041649679137740,50902,9.332,3.9,9.656,1.2,0.04,-0.12,0.0,-4.5,-2.31,0.01,0.01,-0.38,12073.6,70.0,0.0,0.0,0.0,
1770041649793842704,51013,10.856,4.0,9.524,0.0,-0.1,0.04,0.0,-4.5,-2.31,0.01,-0.01,-0.38,12073.77,70.0,0.0,0.0,0.0,
1770041649908532465,51127,10.36,4.0,10.792,0.2,0.0,-0.16,0.0,-4.5,-2.31,0.01,0.0,-0.39,12071.88,70.0,0.0,0.0,0.0,
1770041650019058181,51241,9.272,5.4,10.788,0.2,-0.06,0.29,0.0,-4.5,-2.31,0.01,0.0,-0.39,12072.06,70.0,0.0,0.0,0.0,
1770041650133806359,51353,10.828,4.5,9.504,0.1,-0.06,0.35,0.0,-4.5,-2.31,0.02,0.0,-0.41,12072.4,70.0,0.0,0.0,0.0,
1770041650244384136,51467,9.268,5.2,9.508,1.1,0.08,0.23,0.0,-4.5,-2.31,0.01,-0.01,-0.38,12071.03,70.0,0.0,0.0,0.0,
1770041650359132461,51576,10.816,5.1,10.792,0.2,0.02,0.35,0.0,-4.5,-2.31,0.02,0.0,-0.36,12071.2,70.0,0.0,0.0,0.0,
1770041650473738970,51692,9.236,6.3,10.784,0.3,-0.06,0.41,0.0,-4.5,-2.31,0.02,0.0,-0.39,12073.08,70.0,0.0,0.0,0.0,
1770041650588447924,51807,10.2,6.3,10.748,0.1,-0.04,0.25,0.0,-4.5,-2.31,0.01,-0.01,-0.38,12071.03,70.0,0.0,0.0,0.0,
1770041650703141822,51920,9.164,5.7,10.784,0.0,0.02,0.27,0.0,-4.5,-2.31,0.01,-0.02,-0.38,12072.23,70.0,0.0,0.0,0.0,
1770041650813734896,52033,10.74,5.4,10.708,0.1,0.02,0.31,0.0,-4.5,-2.31,0.01,-0.01,-0.4,12071.54,70.0,0.0,0.0,0.0,
1770041650932512749,52147,9.076,6.1,10.784,0.0,-0.08,0.33,0.0,-4.5,-2.31,0.0,0.0,-0.42,12070.34,70.0,0.0,0.0,0.0,
1770041651053154224,52264,9.236,5.3,10.792,-0.1,-0.02,0.37,0.0,-4.5,-2.31,0.02,0.0,-0.37,12074.11,70.0,0.0,0.0,0.0,
1770041651157769080,52377,9.248,5.4,10.776,0.1,0.06,0.33,0.0,-4.5,-2.31,0.02,-0.01,-0.37,12075.14,70.0,0.0,0.0,0.0,
1770041651272464938,52491,9.072,6.2,10.788,0.2,0.16,0.21,0.0,-4.5,-2.31,0.01,0.0,-0.38,12076.52,70.0,0.0,0.0,0.0,
1770041651637018894,52605,10.468,5.1,9.496,0.2,-0.08,0.33,0.0,-4.5,-2.31,0.03,0.0,-0.38,12076.17,70.0,0.0,0.0,0.0,
1770041652001535440,52967,9.352,5.6,10.288,0.0,-0.14,0.31,0.0,-4.5,-2.31,0.01,0.0,-0.37,12074.97,70.0,0.0,0.0,0.0,
1770041652333338264,53331,9.856,5.4,10.788,0.3,0.1,0.25,0.0,-4.5,-2.31,0.01,-0.02,-0.4,12078.23,70.0,0.0,0.0,0.0,
1770041652661032957,53664,10.844,5.3,10.668,0.0,-0.1,0.27,0.0,-4.5,-2.31,0.01,0.0,-0.37,12076.17,70.0,0.0,0.0,0.0,
1770041653041931482,53993,10.844,5.8,10.784,0.4,-0.12,0.35,0.0,-4.5,-2.31,0.01,0.0,-0.4,12076.52,70.0,0.0,0.0,0.0,
1770041653418741217,54371,9.348,5.7,10.78,0.1,-0.04,0.29,0.0,-4.5,-2.31,0.01,-0.01,-0.41,12077.89,70.0,0.0,0.0,0.0,
1770041653529305518,54748,10.748,5.8,9.904,0.0,-0.02,0.23,0.0,-4.5,-2.31,0.0,-0.01,-0.38,12077.37,70.0,0.0,0.0,0.0,
1770041653644013577,54861,9.164,5.8,10.772,0.9,-0.12,0.33,0.0,-4.5,-2.31,0.0,-0.01,-0.38,12077.37,70.0,0.0,0.0,0.0,
1770041653758700561,54976,10.72,5.7,10.78,0.0,-0.04,0.45,0.0,-4.5,-2.31,0.0,0.0,-0.39,12076.34,70.0,0.0,0.0,0.0,
1770041653869284807,55089,8.94,6.1,10.792,0.3,-0.1,0.23,0.0,-4.5,-2.31,0.02,0.0,-0.38,12075.66,70.0,0.0,0.0,0.0,
1770041653988071734,55201,8.936,6.0,10.792,0.0,-0.1,0.43,0.0,-4.5,-2.31,0.0,0.0,-0.36,12076.34,70.0,0.0,0.0,0.0,
1770041654108723526,55318,10.844,5.8,10.796,0.6,0.06,0.25,0.0,-4.5,-2.31,0.01,-0.01,-0.39,12075.83,70.0,0.0,0.0,0.0,
1770041654213339793,55432,9.004,5.9,10.696,0.0,-0.16,0.29,0.0,-4.5,-2.31,0.01,-0.01,-0.4,12077.2,70.0,0.0,0.0,0.0,
1770041654323907633,55543,10.832,5.5,10.788,0.3,0.0,0.31,0.0,-4.5,-2.31,0.01,0.0,-0.37,12076.69,70.0,0.0,0.0,0.0,
1770041654442718834,55656,9.152,6.1,10.792,0.0,-0.1,0.45,0.0,-4.5,-2.31,0.01,-0.01,-0.38,12076.69,70.0,0.0,0.0,0.0,
1770041654557361224,55774,10.8,5.2,10.78,0.0,0.08,0.25,0.0,-4.5,-2.31,0.0,-0.01,-0.41,12075.83,70.0,0.0,0.0,0.0,
1770041654667981231,55886,9.268,5.7,10.78,0.0,0.06,0.37,0.0,-4.5,-2.31,0.0,-0.01,-0.38,12075.83,70.0,0.0,0.0,0.0,
1770041654782675252,55999,10.632,5.5,10.804,0.0,0.08,0.31,0.0,-4.5,-2.31,0.01,0.0,-0.39,12075.66,70.0,0.0,0.0,0.0,
1770041654897353994,56112,10.852,5.6,10.796,0.1,0.02,0.21,0.0,-4.5,-2.31,0.01,-0.01,-0.38,12077.03,70.0,0.0,0.0,0.0,
1770041655012043656,56226,8.88,6.0,10.808,0.2,0.02,0.45,0.0,-4.5,-2.31,0.01,-0.01,-0.39,12076.0,70.0,0.0,0.0,0.0,
1770041655126728996,56342,10.812,5.4,10.768,0.2,-0.12,0.39,0.0,-4.5,-2.31,0.01,-0.01,-0.4,12075.14,70.0,0.0,0.0,0.0,
1770041655241416002,56457,10.84,5.5,10.764,0.3,-0.06,0.27,0.0,-4.5,-2.31,0.03,0.0,-0.38,12077.03,70.0,0.0,0.0,0.0,
1770041655352098333,56570,10.208,6.0,10.784,0.1,-0.16,0.31,0.0,-4.5,-2.31,0.0,-0.01,-0.38,12076.69,70.0,0.0,0.0,0.0,
1770041655470762107,56683,10.848,5.5,10.78,0.0,-0.14,0.35,0.0,-4.5,-2.31,0.01,0.0,-0.41,12074.97,70.0,0.0,0.0,0.0,
1770041655585458688,56800,8.872,6.1,10.78,0.2,-0.02,0.41,0.0,-4.5,-2.31,0.02,0.0,-0.39,12076.52,70.0,0.0,0.0,0.0,
1770041655702016179,56913,9.184,5.5,10.784,0.0,-0.31,0.33,0.0,-4.5,-2.31,0.01,-0.01,-0.38,12076.17,70.0,0.0,0.0,0.0,
1770041655814841034,57024,10.78,5.9,10.524,-0.1,-0.12,0.49,0.0,-4.5,-2.31,0.01,-0.01,-0.4,12077.54,70.0,0.0,0.0,0.0,
1770041655925394326,57144,9.956,5.7,10.784,0.1,-0.2,0.35,0.0,-4.5,-2.31,0.0,-0.01,-0.41,12074.8,70.0,0.0,0.0,0.0,
1770041656044243965,57256,10.824,5.1,10.784,-0.3,-0.25,0.23,0.0,-4.5,-2.31,0.01,0.0,-0.38,12075.14,70.0,0.0,0.0,0.0,
1770041656158905648,57372,10.396,5.9,10.788,0.1,-0.18,0.35,0.0,-4.5,-2.31,0.02,-0.02,-0.41,12075.31,70.0,0.0,0.0,0.0,
1770041656269491472,57487,10.66,6.1,10.636,1.1,-0.25,0.43,0.0,-4.5,-2.31,0.01,-0.01,-0.41,12075.14,70.0,0.0,0.0,0.0,
1770041656384294712,57601,9.576,5.7,9.404,0.6,-0.21,0.33,0.0,-4.5,-2.31,0.01,-0.01,-0.37,12077.2,70.0,0.0,0.0,0.0,
1770041656494719978,57713,10.268,5.8,9.608,0.5,-0.16,0.39,0.0,-4.5,-2.31,0.0,0.0,-0.37,12077.72,70.0,0.0,0.0,0.0,
1770041656613488020,57825,9.324,5.4,10.776,-0.1,-0.25,0.45,0.0,-4.5,-2.31,0.01,0.01,-0.38,12075.14,70.0,0.0,0.0,0.0,
1770041656728310760,57945,9.256,5.3,10.78,-0.2,-0.12,0.37,0.0,-4.5,-2.31,0.01,-0.01,-0.4,12075.83,70.0,0.0,0.0,0.0,
1770041656842920128,58058,9.02,5.5,10.78,-0.4,-0.23,0.2,0.0,-4.5,-2.31,0.02,-0.02,-0.38,12076.34,70.0,0.0,0.0,0.0,
1770041656957612644,58173,9.056,6.5,10.788,0.0,-0.25,0.29,0.0,-4.5,-2.31,0.0,0.0,-0.38,12073.94,70.0,0.0,0.0,0.0,
1770041657072290916,58286,9.984,6.2,10.776,-0.3,-0.23,0.31,0.0,-4.5,-2.31,0.0,-0.01,-0.36,12076.0,70.0,0.0,0.0,0.0,
1770041657186968299,58401,9.228,5.6,10.772,-0.5,-0.27,0.25,0.0,-4.5,-2.31,0.01,0.0,-0.39,12074.11,70.0,0.0,0.0,0.0,
1770041657301662738,58516,10.708,6.0,9.668,0.3,-0.27,0.29,0.0,-4.5,-2.31,0.01,-0.02,-0.36,12075.66,70.0,0.0,0.0,0.0,
1770041657412250432,58630,9.316,5.6,10.788,-0.1,-0.18,0.14,0.0,-4.5,-2.31,0.0,0.0,-0.37,12075.14,70.0,0.0,0.0,0.0,
1770041657526884759,58742,9.12,6.1,9.744,-0.4,-0.12,0.23,0.0,-4.5,-2.31,0.01,0.0,-0.37,12075.83,70.0,0.0,0.0,0.0,
1770041657641574772,58855,10.816,5.8,10.78,1.0,-0.1,0.35,0.0,-4.5,-2.31,0.01,-0.01,-0.4,12074.97,70.0,0.0,0.0,0.0,
1770041657756296712,58973,9.256,5.4,9.652,-0.3,-0.02,0.23,0.0,-4.5,-2.31,0.02,0.0,-0.39,12075.83,70.0,0.0,0.0,0.0,
1770041657870974965,59085,9.284,5.1,10.784,-0.3,-0.14,0.2,0.0,-4.5,-2.31,0.0,-0.01,-0.34,12075.14,70.0,0.0,0.0,0.0,
1770041657985663775,59198,9.336,4.5,10.768,-0.3,-0.16,0.2,0.0,-4.5,-2.31,0.02,-0.03,-0.37,12075.83,70.0,0.0,0.0,0.0,
1770041658100345264,59313,10.836,5.3,10.78,-0.2,-0.06,0.08,0.0,-4.5,-2.31,0.01,-0.01,-0.38,12074.29,70.0,0.0,0.0,0.0,
1770041658210887869,59429,10.74,6.1,10.772,0.2,-0.04,0.14,0.0,-4.5,-2.31,0.01,0.01,-0.4,12074.29,70.0,0.0,0.0,0.0,
1770041658325610458,59541,10.4,5.0,10.792,0.0,-0.08,0.2,0.0,-4.5,-2.31,0.01,-0.01,-0.38,12075.83,70.0,0.0,0.0,0.0,
1770041658440269083,59656,9.128,5.5,10.788,0.0,-0.02,0.25,0.0,-4.5,-2.31,0.01,-0.01,-0.4,12074.8,70.0,0.0,0.0,0.0,
1770041658550844632,59769,10.82,5.0,9.628,0.2,-0.14,0.27,0.0,-4.5,-2.31,0.0,-0.01,-0.38,12075.49,70.0,0.0,0.0,0.0,
1770041658669685501,59882,9.108,5.3,10.768,-0.2,-0.08,0.27,0.0,-4.5,-2.31,0.0,0.0,-0.36,12076.17,70.0,0.0,0.0,0.0,
1770041658788439276,59997,10.008,5.2,10.784,-0.1,-0.18,0.31,0.0,-4.5,-2.31,0.01,-0.01,-0.37,12074.8,70.0,0.0,0.0,0.0,
1770041658903141754,60119,10.688,5.5,9.568,0.2,-0.06,0.14,0.0,-4.5,-2.31,0.01,0.01,-0.39,12076.86,70.0,0.0,0.0,0.0,
1770041659017840631,60233,10.096,5.7,10.756,-0.1,-0.02,0.23,0.0,-4.5,-2.31,0.01,-0.01,-0.36,12075.83,70.0,0.0,0.0,0.0,
1770041659128426929,60346,10.828,4.5,10.784,-0.2,-0.12,0.12,0.0,-4.5,-2.31,0.01,0.0,-0.36,12075.66,70.0,0.0,0.0,0.0,
1770041659247192431,60459,10.636,5.1,10.156,0.5,-0.12,-0.02,0.0,-4.5,-2.31,0.01,-0.01,-0.38,12078.06,70.0,0.0,0.0,0.0,
1770041659361924248,60576,9.236,4.4,10.22,-0.1,-0.1,0.08,0.0,-4.5,-2.31,0.02,-0.03,-0.39,12074.11,70.0,0.0,0.0,0.0,
1770041659472443472,60689,10.824,4.7,10.78,-0.2,0.06,0.04,0.0,-4.5,-2.31,0.03,-0.01,-0.38,12074.97,70.0,0.0,0.0,0.0,
1770041659587154233,60802,9.028,4.8,10.768,0.6,-0.16,0.18,0.0,-4.5,-2.31,0.01,-0.01,-0.39,12074.97,70.0,0.0,0.0,0.0,
1770041659705950179,60916,10.732,5.2,10.676,0.7,-0.08,-0.04,0.0,-4.5,-2.31,0.02,0.0,-0.4,12073.6,70.0,0.0,0.0,0.0,
1770041659820616941,61033,9.628,4.8,10.788,-0.2,0.04,0.02,0.0,-4.5,-2.31,0.0,-0.01,-0.39,12073.94,70.0,0.0,0.0,0.0,
1770041659941270570,61147,8.92,4.8,10.696,0.0,-0.06,0.04,0.0,-4.5,-2.31,0.01,-0.01,-0.36,12074.11,70.0,0.0,0.0,0.0,
1770041660045905239,61261,10.76,4.8,10.56,0.2,0.0,-0.06,0.0,-4.5,-2.31,0.0,0.0,-0.37,12073.26,70.0,0.0,0.0,0.0,
1770041660156458532,61374,8.884,5.0,9.552,0.4,-0.1,0.06,0.0,-4.5,-2.31,0.0,0.0,-0.38,12072.91,70.0,0.0,0.0,0.0,
1770041660275275560,61487,9.532,4.7,10.78,-0.1,-0.18,0.06,0.0,-4.5,-2.31,0.01,0.0,-0.37,12074.8,70.0,0.0,0.0,0.0,
1770041660389977628,61603,10.848,4.4,9.624,1.1,0.0,-0.08,0.0,-4.5,-2.31,0.01,-0.01,-0.36,12077.54,70.0,0.0,0.0,0.0,
1770041660500514643,61717,10.776,4.6,10.684,0.0,0.04,-0.02,0.0,-4.5,-2.31,0.01,-0.01,-0.38,12074.29,70.0,0.0,0.0,0.0,
1770041660615230952,61830,9.612,4.2,10.796,0.2,-0.1,-0.12,0.0,-4.5,-2.31,0.01,0.0,-0.41,12074.63,70.0,0.0,0.0,0.0,
1770041660734024072,61943,9.132,4.5,9.388,1.0,-0.08,0.08,0.0,-4.5,-2.31,0.01,0.0,-0.41,12075.83,70.0,0.0,0.0,0.0,
1770041660844608902,62060,8.896,4.7,10.792,0.0,0.02,0.12,0.0,-4.5,-2.31,0.0,0.0,-0.39,12077.89,70.0,0.0,0.0,0.0,
1770041660959295674,62173,8.96,4.8,10.788,-0.1,-0.02,0.0,0.0,-4.5,-2.31,0.0,-0.03,-0.39,12075.31,70.0,0.0,0.0,0.0,
1770041661073972335,62287,9.288,4.4,10.792,0.2,-0.02,-0.14,0.0,-4.5,-2.31,0.0,0.0,-0.39,12075.31,70.0,0.0,0.0,0.0,
1770041661188656732,62402,9.112,4.5,9.3,-0.2,0.55,-0.12,0.0,-4.5,-2.31,0.01,0.0,-0.38,12076.17,70.0,0.75,0.0,0.0,0.0
1770041661303307906,62515,10.788,5.2,10.732,-15.6,1.29,-0.12,0.0,-4.5,-2.31,0.02,-0.02,-0.37,12065.02,70.0,5.91,0.0,0.0,0.0
1770041661417994118,62632,9.144,4.6,9.352,-10.1,1.05,-0.16,0.0,-4.5,-2.31,0.04,0.0,-0.41,12060.74,70.0,12.13,0.0,0.0,0.0
1770041661532704830,62746,8.876,3.6,10.2,-46.4,1.19,-0.04,0.0,-4.5,-2.31,0.02,0.0,-0.39,12055.25,70.0,17.14,0.0,0.0,0.0
1770041661647398949,62861,10.756,5.8,10.756,-39.4,2.07,-0.08,0.0,-4.19,-2.31,0.32,0.09,-0.88,12048.73,70.0,20.68,0.0,0.0,0.0
1770041661766137267,62974,9.156,4.9,10.708,-40.9,1.0,0.2,0.69,-3.38,-2.0,0.18,-0.3,-0.28,12043.93,70.0,22.7,0.0,0.0,0.0
1770041661885024493,63095,9.156,5.8,10.72,-47.9,1.29,0.43,1.63,-3.38,-1.81,0.1,0.01,-0.43,12044.96,70.0,22.96,0.7,0.0,0.0
1770041661999649445,63213,10.732,35.5,9.956,-43.1,0.96,1.41,2.5,-3.38,-1.69,-0.02,0.0,-0.39,12038.79,70.0,22.31,6.48,0.0,0.0
1770041662110223517,63326,10.32,34.2,10.328,-43.2,1.19,0.92,3.19,-3.44,-1.63,0.5,0.09,-0.47,12031.41,70.0,22.55,12.78,0.0,0.0
1770041662224914821,63439,10.532,40.3,10.704,-37.8,1.27,0.98,3.56,-3.44,-1.63,0.05,0.04,-0.47,12024.21,70.0,22.16,18.47,0.0,0.0
1770041662339601699,63552,10.696,41.1,10.64,-29.6,1.46,1.37,3.69,-3.44,-1.63,0.09,0.06,-0.43,12020.26,70.0,21.61,22.36,0.0,0.0
1770041662454241835,63669,9.84,62.7,10.396,-44.2,1.02,1.6,3.69,-3.44,-1.63,0.0,0.11,-0.4,12016.32,70.0,21.05,26.86,0.0,0.0
1770041662568979084,63782,10.428,52.7,10.268,-28.8,1.89,1.33,3.44,-3.44,-1.63,0.01,0.0,-0.39,12006.37,70.0,21.97,29.29,0.0,0.0
1770041662683662851,63897,10.468,87.1,10.268,-45.0,1.09,1.33,3.19,-3.5,-1.69,0.15,0.01,-0.5,12001.91,70.0,24.59,34.28,0.0,0.0
1770041662802434629,64011,9.872,74.3,10.128,-35.6,1.56,1.68,2.88,-3.56,-1.69,0.05,0.07,-0.34,11995.91,70.0,26.13,33.39,0.0,0.0
1770041662917182989,64130,10.492,65.6,10.132,-34.1,1.37,1.54,2.63,-3.5,-1.75,0.03,0.02,-0.41,11993.34,70.0,28.79,33.11,0.0,0.0
1770041663031806300,64243,10.26,69.0,10.072,-46.1,1.15,1.68,2.44,-3.5,-1.75,0.08,-0.01,-0.38,11993.17,70.0,32.22,32.95,0.0,0.0
1770041663146486921,64359,10.048,64.5,10.648,-51.6,1.64,1.97,2.44,-3.5,-1.75,0.15,0.06,-0.4,11994.71,70.0,30.75,32.22,0.0,0.0
1770041663261254303,64474,9.788,71.1,10.2,-99.8,1.52,2.01,2.31,-3.56,-1.75,0.04,0.0,-0.34,11988.88,70.0,35.45,33.24,0.0,0.0
1770041663379958600,64587,9.908,93.3,10.572,-102.6,1.72,2.11,2.31,-3.63,-1.75,0.11,0.02,-0.41,11977.04,70.0,41.0,35.15,0.0,0.0
1770041663478301795,64706,9.772,79.8,9.796,-84.4,1.52,1.97,2.56,-3.69,-1.69,0.12,-0.03,-0.48,192.08,70.0,47.15,35.37,0.0,0.0
1770041663580647609,64806,10.236,92.4,10.428,-90.1,1.39,1.6,3.13,-3.63,-1.69,-0.03,0.04,-0.46,191.74,70.0,55.86,35.85,0.0,0.0
1770041663695342435,64906,9.868,64.1,10.284,-117.8,1.15,1.93,4.06,-3.5,-1.69,0.04,0.06,-0.39,11937.6,70.0,67.66,40.1,0.0,0.0
1770041663793645944,65021,10.532,76.6,10.492,-75.3,1.74,1.62,5.06,-3.31,-1.63,0.03,0.13,-0.46,195.85,70.0,67.73,45.76,0.0,0.0
1770041663918471839,65121,9.488,108.1,9.744,-82.5,2.05,1.31,5.56,-3.19,-1.63,0.15,0.06,-0.43,11926.28,70.0,65.77,53.81,0.0,0.0
1770041664022986937,65238,9.54,97.7,9.892,-93.2,1.68,2.07,5.75,-3.25,-1.63,0.13,0.0,-0.43,11921.31,70.0,62.97,60.04,0.0,0.0
1770041664141789888,65351,8.836,113.2,9.836,-117.8,1.41,1.54,5.81,-3.25,-1.69,0.06,-0.01,-0.42,11913.25,70.0,65.33,66.78,0.0,0.0
1770041664256487016,65468,9.216,161.5,9.316,-114.1,1.46,1.74,5.56,-3.31,-1.94,0.1,0.24,-0.32,11914.96,70.0,62.05,67.95,0.0,0.0
1770041664375234615,65583,9.536,215.4,10.372,-109.0,1.56,2.95,5.31,-3.56,-2.06,0.05,-0.09,-0.28,11911.36,70.0,62.97,69.56,0.0,0.0
1770041664489896965,65699,9.572,163.0,10.388,-100.6,1.58,1.97,4.94,-3.81,-2.06,0.35,-0.05,-0.54,11902.61,70.0,64.22,73.5,2.0,0.0
1770041664604615445,65815,10.12,180.1,10.208,-61.2,1.56,2.34,4.81,-3.94,-1.94,0.0,0.04,-0.34,11901.41,70.0,66.21,72.69,2.0,0.0
1770041664727506311,65932,10.472,170.4,10.276,-57.3,1.39,2.3,4.69,-3.75,-1.94,-0.03,0.23,-0.53,11901.07,70.0,68.1,73.22,2.0,2.0
1770041664846285317,66055,10.388,182.6,9.996,-64.1,1.93,2.38,4.19,-3.5,-2.06,0.05,0.26,-0.38,11901.07,70.0,66.95,73.85,2.0,2.0
1770041664960967778,66171,9.204,144.0,9.072,-72.5,1.43,2.19,3.69,-3.44,-2.06,0.11,0.05,-0.29,11901.58,70.0,65.1,73.59,2.0,2.0
1770041665071545536,66286,10.08,130.8,10.42,-80.9,1.13,1.78,3.25,-3.38,-2.19,0.0,0.05,-0.56,11906.04,70.0,66.91,69.92,2.0,2.0
1770041665186217507,66399,10.068,150.2,9.188,-135.0,1.5,2.64,2.94,-3.31,-2.25,-0.16,0.04,-0.37,11914.96,70.0,63.7,65.9,2.0,2.0
1770041665300920015,66514,9.852,142.8,9.776,-81.3,1.95,2.64,2.56,-3.31,-2.25,0.12,0.14,-0.51,11912.56,70.0,63.7,65.17,2.0,2.0
1770041665411514868,66628,10.18,178.0,10.136,-112.5,1.45,1.74,2.63,-3.38,-2.13,0.09,0.06,-0.41,11913.25,70.0,64.83,65.58,2.0,2.0
1770041665526164209,66738,10.024,149.4,9.436,-74.0,1.09,1.86,2.75,-3.25,-2.0,0.01,0.03,-0.39,11904.67,70.0,69.66,65.83,2.0,2.0
1770041665640876624,66851,9.268,144.7,10.132,-97.5,1.66,2.52,2.63,-3.06,-1.94,0.13,0.07,-0.62,11912.39,70.0,66.91,64.66,2.0,2.0
1770041665755604280,66965,9.732,124.2,10.488,-66.6,1.62,1.95,2.56,-2.94,-1.88,-0.13,-0.08,-0.19,11911.36,70.0,66.21,64.77,2.0,2.0
1770041665870204676,67080,10.492,150.7,10.38,-96.6,1.43,1.68,2.56,-3.0,-1.94,0.41,-0.08,-0.43,11909.47,70.0,65.58,65.58,2.0,2.0
1770041665989032264,67198,10.108,157.9,10.468,-124.9,1.6,1.99,2.63,-3.0,-2.06,0.33,0.05,-0.45,11907.59,70.0,65.96,65.26,2.0,2.0
1770041666103720771,67315,10.036,145.2,9.96,-142.1,1.95,2.64,2.44,-3.0,-2.06,0.15,-0.04,-0.43,11913.42,70.0,65.17,63.7,2.0,2.0
1770041666222489499,67431,9.988,140.4,10.42,-134.0,1.15,2.97,2.31,-3.06,-2.06,0.17,0.22,-0.58,11914.28,70.0,63.33,62.61,2.0,2.0
1770041666337200705,67548,10.428,0.0,9.924,0.0,1.13,2.83,2.25,-3.13,-1.94,-0.32,-0.02,-0.47,11907.93,70.0,66.63,63.7,4.0,2.0
1770041666451793465,67664,10.272,138.7,10.5,-110.5,1.33,2.4,2.38,-3.0,-1.94,-0.1,0.19,-0.4,11910.5,70.0,66.93,69.09,4.0,2.0
1770041666566532522,67779,10.208,0.0,10.328,-82.5,2.13,1.97,2.25,-2.88,-1.94,0.46,-0.15,-0.56,11911.7,70.0,66.63,66.63,4.0,4.0
1770041666685331825,67894,9.532,124.5,9.728,-104.6,1.5,2.27,1.94,-2.81,-1.88,-0.28,0.04,-0.23,11911.19,70.0,66.93,66.21,4.0,4.0
1770041666800026270,68011,9.452,138.7,10.496,-127.1,1.56,1.58,1.81,-2.88,-1.94,-0.17,-0.09,-0.39,11906.22,70.0,68.96,67.51,4.0,4.0
1770041666902432850,68126,10.444,116.4,10.348,0.0,1.66,2.42,1.75,-2.94,-2.06,0.17,-0.21,-0.49,180.76,70.0,65.9,67.73,4.0,4.0
1770041667000763148,68227,10.396,0.0,9.944,-108.5,2.19,2.21,1.63,-2.94,-2.06,0.23,-0.18,-0.41,159.15,70.0,65.68,68.21,4.0,4.0
1770041667103123119,68327,9.52,0.0,10.116,-121.6,2.48,2.03,1.37,-3.06,-2.0,0.45,0.3,-0.53,168.93,70.0,62.31,66.52,4.0,4.0
1770041667201427196,68427,9.692,169.3,10.252,-84.4,1.56,2.34,1.25,-3.13,-1.88,-0.05,-0.12,-0.32,160.01,70.0,65.86,65.86,4.0,4.0
1770041667303872351,68528,8.68,156.3,9.884,-101.7,1.09,2.64,1.44,-3.13,-1.75,0.11,0.0,-0.27,164.13,70.0,67.19,64.64,4.0,4.0
1770041667418636498,68627,10.456,147.4,10.472,-90.0,1.27,2.03,1.44,-3.06,-1.69,-0.09,-0.03,-0.4,11914.28,70.0,65.88,66.87,4.0,4.0
1770041667533172402,68744,9.788,159.8,9.304,-78.4,1.48,2.17,1.12,-3.0,-1.69,-0.26,0.13,-0.11,11912.22,70.0,64.61,66.78,4.0,4.0
1770041667656078092,68859,8.684,170.1,10.48,-119.8,1.46,1.74,0.94,-3.06,-1.75,0.11,-0.14,-0.28,11912.56,70.0,65.0,68.69,4.0,4.0
1770041667774905463,68980,9.8,187.5,9.796,-113.6,1.25,1.68,0.69,-3.19,-1.81,0.08,0.1,-0.55,11913.42,70.0,65.72,66.41,4.0,4.0
1770041667889529239,69099,9.748,137.3,9.728,-133.9,1.56,2.52,0.56,-3.19,-1.88,-0.29,-0.35,-0.3,11923.02,70.0,61.37,64.22,4.0,4.0
1770041668004218533,69214,9.324,198.6,10.184,-124.7,2.01,1.99,0.37,-3.13,-2.0,0.22,-0.03,-0.36,11921.48,70.0,60.77,62.97,4.0,4.0
1770041668118952085,69328,9.948,145.1,9.948,-115.5,1.48,2.71,0.19,-3.13,-2.06,0.24,-0.03,-0.39,11919.25,70.0,63.33,64.05,6.0,4.0
1770041668237676362,69445,10.412,148.7,9.948,-123.0,1.21,2.01,0.19,-3.13,-2.06,0.21,0.1,-0.5,11912.22,70.0,65.33,68.96,6.0,4.0
1770041668356518879,69562,10.192,146.1,9.708,-76.8,1.33,2.29,0.0,-3.06,-2.0,0.01,0.29,-0.62,11910.33,70.0,66.78,67.51,6.0,6.0
1770041668471122579,69681,10.292,148.1,10.472,-82.1,1.17,1.48,-0.25,-3.0,-2.0,-0.43,-0.08,-0.29,11916.68,70.0,64.39,64.39,6.0,6.0
1770041668589903726,69796,8.884,119.7,10.112,-83.0,2.05,1.72,-0.5,-2.94,-2.06,0.0,-0.17,-0.54,11921.65,70.0,61.89,61.89,6.0,6.0
1770041668704603556,69913,10.16,132.0,10.244,-142.6,1.72,1.6,-0.69,-2.88,-2.13,0.19,0.18,-0.35,11925.08,70.0,62.43,58.8,6.0,6.0
1770041668827486297,70030,10.396,188.9,10.424,-140.9,2.38,2.46,-0.5,-2.88,-2.25,0.22,-0.27,-0.48,11940.0,70.0,56.37,55.66,6.0,6.0
1770041668942161053,70151,10.088,136.4,10.36,-131.0,2.15,2.15,-0.44,-2.75,-2.25,0.47,-0.22,-0.36,11939.83,70.0,54.73,54.73,6.0,6.0
1770041669056842129,70267,10.052,141.7,10.42,-109.4,1.99,2.13,-0.44,-2.81,-2.19,-0.01,-0.19,-0.39,11940.52,70.0,58.07,51.54,6.0,6.0
1770041669171514479,70383,9.092,217.7,9.384,-139.4,2.13,3.42,0.06,-2.75,-2.13,-0.24,-0.01,-0.43,11938.29,70.0,57.61,52.44,6.0,6.0
1770041669290302700,70498,10.072,155.6,9.2,-86.5,1.91,2.3,0.37,-2.69,-2.06,0.08,-0.05,-0.43,11929.37,70.0,60.25,58.8,6.0,6.0
1770041669409122551,70617,8.656,188.0,10.288,-140.7,1.82,2.4,0.31,-2.69,-2.06,0.04,-0.14,-0.64,11928.68,70.0,59.64,60.35,6.0,6.0
1770041669523771641,70733,9.296,155.3,9.768,-101.2,1.86,2.64,0.12,-2.69,-2.06,-0.23,-0.43,-0.28,11927.31,70.0,60.77,62.24,6.0,6.0
1770041669642567140,70849,10.176,136.0,10.196,-98.8,2.75,2.5,0.0,-2.69,-2.13,0.21,-0.23,-0.3,11926.11,70.0,57.58,63.33,6.0,6.0
1770041669757243027,70966,9.716,155.3,10.028,-148.6,2.03,2.56,-0.5,-2.81,-2.44,-0.27,0.0,-0.39,11922.68,70.0,58.8,63.15,6.0,6.0
1770041669876022804,71081,10.324,143.9,10.224,-143.9,2.17,2.07,-0.69,-2.81,-2.63,1.02,0.27,-0.78,11934.68,70.0,52.72,60.77,6.0,6.0
1770041669990710654,71199,8.92,145.9,10.024,-230.9,3.85,2.4,-1.19,-2.75,-2.81,1.54,-0.17,-0.3,11930.05,70.0,50.67,60.66,6.0,6.0
1770041670105336067,71316,10.308,139.9,10.076,-133.7,3.22,1.76,-1.63,-2.88,-2.81,1.55,-0.14,-0.06,11929.2,70.0,55.17,60.98,8.0,6.0
1770041670220022550,71432,8.796,141.9,8.944,-156.2,2.32,2.38,-1.81,-2.88,-2.63,-0.14,-0.06,-0.08,11928.17,70.0,56.38,60.04,8.0,6.0
1770041670338876829,71546,9.14,146.8,10.316,-95.3,2.19,1.7,-1.81,-2.75,-2.5,-0.13,-0.53,-0.3,11930.57,70.0,58.58,57.11,8.0,8.0
1770041670457602645,71664,9.58,102.3,9.8,-108.3,2.07,1.93,-2.0,-2.81,-2.38,-0.07,-0.1,-0.07,11932.11,70.0,58.02,56.61,8.0,8.0
1770041670568224369,71781,9.504,158.5,9.804,-137.6,1.66,2.19,-2.0,-2.81,-2.38,-0.45,0.26,-0.31,11938.12,70.0,55.17,53.72,8.0,8.0
1770041670691094277,71894,10.12,130.6,10.028,-144.6,2.15,2.3,-2.0,-2.81,-2.31,1.09,0.08,-1.45,11939.32,70.0,53.38,52.63,8.0,8.0
1770041670818092537,72015,10.136,129.1,10.392,-125.7,2.93,2.11,-1.88,-2.88,-2.38,0.62,-0.45,-0.62,11942.23,70.0,54.98,49.41,8.0,8.0
1770041670932771390,72140,9.984,146.5,10.24,-124.2,3.09,2.71,-1.56,-2.88,-2.5,-0.12,-0.1,-0.49,11955.26,70.0,52.13,45.44,8.0,8.0
1770041671043383867,72255,10.016,117.9,10.312,-204.7,3.34,2.36,-1.37,-2.81,-2.5,-0.18,0.02,-0.3,11952.86,70.0,49.06,46.13,8.0,8.0
1770041671158032189,72368,8.932,151.1,10.356,-133.2,2.4,2.23,-1.31,-2.81,-2.38,0.33,-0.22,-0.37,11948.92,70.0,53.65,45.46,8.0,8.0
1770041671282781312,72482,10.004,126.7,10.348,-158.1,2.3,2.34,-0.94,-2.81,-2.38,1.22,-0.12,-0.69,11949.26,70.0,54.18,45.4,8.0,8.0
1770041671391470814,72599,9.76,116.1,10.02,-118.7,2.58,1.93,-0.31,-2.81,-2.19,0.3,-0.05,-0.67,11942.06,70.0,56.38,48.33,8.0,8.0
1770041671493874048,72716,10.48,112.9,9.964,-143.3,2.58,2.01,0.0,-2.75,-2.13,-0.34,0.06,-0.15,166.18,70.0,54.99,48.12,8.0,8.0
1770041671592212544,72816,9.82,141.9,10.148,-132.9,1.74,2.29,0.06,-2.81,-2.0,-1.17,-0.29,0.94,163.95,70.0,55.02,48.36,8.0,8.0
1770041671716951519,72915,8.816,161.5,10.444,-115.7,2.36,2.38,0.12,-2.75,-2.0,-0.4,0.09,-0.47,11941.54,70.0,55.48,51.51,8.0,8.0
1770041671825657335,73032,9.944,111.2,10.168,-114.7,2.62,1.7,0.19,-2.81,-2.0,-0.04,0.02,-0.21,11937.77,70.0,55.4,53.92,8.0,8.0
1770041671940338009,73150,9.816,126.8,10.172,-104.7,2.19,1.84,0.06,-3.06,-2.25,-0.25,0.07,-0.39,11935.89,70.0,54.95,54.23,8.0,8.0
1770041672055034731,73264,10.368,118.1,10.336,-176.7,3.34,1.5,-0.12,-3.25,-2.56,0.66,-0.06,-0.56,11945.83,70.0,49.49,53.18,8.0,8.0
1770041672169714969,73377,9.896,129.5,9.96,-158.0,2.48,2.15,-0.5,-3.5,-2.69,-0.19,0.22,-0.38,11946.52,70.0,52.16,52.91,8.0,8.0
1770041672294420559,73492,10.296,145.3,10.228,-160.1,2.19,2.64,-0.69,-3.5,-2.63,-0.07,0.26,-0.36,11946.18,70.0,51.1,49.66,10.0,8.0
1770041672403172903,73610,10.196,142.8,10.292,-151.6,2.38,2.58,-0.69,-3.69,-2.63,-0.33,0.04,-0.6,11946.86,70.0,52.99,47.18,10.0,8.0
1770041672513727588,73724,10.076,138.1,10.208,-105.3,1.52,2.58,-0.44,-3.63,-2.5,0.04,0.11,-0.41,11940.86,70.0,55.17,49.36,10.0,8.0
1770041672616156500,73839,8.704,118.5,9.364,-130.5,2.52,2.3,-0.31,-3.56,-2.44,0.48,0.15,-0.37,203.74,70.0,50.91,48.96,10.0,8.0
1770041672726739110,73939,9.54,118.2,9.596,-144.7,2.46,1.88,-0.5,-3.63,-2.44,0.15,-0.24,-0.25,11943.77,70.0,53.99,49.53,10.0,10.0
1770041672845535438,74052,8.804,128.5,9.768,-156.2,2.3,2.52,-0.5,-3.5,-2.38,-0.65,0.03,-0.49,11947.03,70.0,53.38,48.87,10.0,10.0
1770041672960238119,74169,9.12,132.4,10.18,-127.4,2.66,2.15,-0.5,-3.5,-2.38,0.17,-0.31,-0.44,11947.38,70.0,52.09,48.52,10.0,10.0
1770041673074948184,74285,10.36,100.6,10.14,-101.8,2.54,2.23,-0.5,-3.5,-2.5,0.24,0.04,-0.53,11949.09,70.0,52.26,47.91,10.0,10.0
1770041673193700279,74399,9.96,135.7,10.388,-133.7,2.56,2.27,-0.06,-3.38,-2.75,0.25,-0.18,0.02,11957.67,70.0,48.64,46.46,10.0,10.0
1770041673312468022,74517,8.496,134.6,10.056,-140.1,2.81,2.68,-0.12,-3.38,-2.81,-0.49,0.16,-0.26,11955.78,70.0,50.09,43.55,10.0,10.0
1770041673435301854,74635,9.96,158.9,9.952,-116.4,2.13,2.13,0.0,-3.31,-2.75,0.27,-0.04,-0.72,11952.52,70.0,52.09,44.96,10.0,10.0
1770041673549983600,74757,10.164,151.4,10.308,-134.5,2.07,2.83,0.06,-3.44,-2.56,0.08,-0.37,-0.63,11950.29,70.0,53.84,44.17,10.0,10.0
1770041673664769718,74872,9.632,120.9,10.092,-124.5,1.66,2.17,0.44,-3.5,-2.44,-0.45,0.05,-0.3,11947.2,70.0,55.4,44.32,10.0,10.0
1770041673783482683,74987,9.808,112.1,10.392,-135.4,2.13,1.89,1.0,-3.5,-2.19,0.46,-0.38,-0.41,11950.98,70.0,50.81,45.73,10.0,10.0
1770041673898175596,75106,10.192,139.1,10.384,-98.8,2.56,2.01,1.12,-3.5,-2.13,-0.48,0.14,-0.49,11944.46,70.0,54.03,48.42,10.0,10.0
1770041674012856045,75223,9.772,152.3,10.184,-122.7,2.34,2.46,1.31,-3.31,-2.13,0.0,0.35,-0.51,11944.63,70.0,53.72,50.09,10.0,10.0
1770041674131628427,75337,10.408,133.0,10.044,-113.2,2.5,2.58,1.19,-3.25,-2.13,0.1,0.05,-0.77,11938.97,70.0,52.99,53.72,10.0,10.0
1770041674250413829,75454,8.696,123.4,10.02,-88.7,2.5,2.03,1.19,-3.25,-2.13,0.19,-0.14,-0.58,11938.63,70.0,53.45,54.92,10.0,10.0
1770041674365121309,75572,10.152,107.1,9.664,-148.6,2.97,2.29,1.06,-3.19,-2.19,-0.01,0.08,-0.77,11943.26,70.0,48.12,55.19,10.0,10.0
1770041674479742882,75687,10.444,109.3,9.624,-115.1,2.05,2.01,0.63,-3.25,-2.13,0.09,0.14,-0.39,11942.06,70.0,51.1,53.98,10.0,10.0
1770041674594435862,75802,9.508,150.5,10.192,-134.9,2.15,2.17,0.44,-3.38,-2.06,-0.12,-0.27,-0.3,11946.0,70.0,53.65,52.16,12.0,10.0
1770041674709158287,75918,8.968,161.1,10.328,-105.6,1.8,1.97,0.19,-3.5,-1.88,0.18,0.4,-0.23,11950.12,70.0,52.72,49.06,12.0,10.0
1770041674823812544,76030,9.312,151.7,10.316,-142.1,2.13,2.91,0.37,-3.56,-1.69,0.15,-0.26,-0.41,11948.58,70.0,54.4,48.44,12.0,10.0
1770041674942623539,76148,9.824,108.6,9.548,-150.0,2.5,2.27,0.56,-3.56,-1.56,0.04,0.04,-0.14,11953.21,70.0,51.38,49.24,12.0,10.0
1770041675057309273,76264,9.952,118.0,9.976,-131.8,1.88,1.62,0.63,-3.5,-1.5,-0.63,-0.04,-0.27,11951.66,70.0,52.26,48.64,12.0,10.0
1770041675171996914,76379,10.108,112.5,9.704,-120.6,2.5,1.86,0.69,-3.31,-1.5,0.34,0.12,-0.3,11956.98,70.0,51.42,45.46,12.0,12.0
1770041675286668814,76493,10.228,111.5,9.716,-133.3,2.83,2.46,0.75,-3.25,-1.5,0.04,-0.28,-0.62,11957.15,70.0,53.92,42.84,12.0,12.0
1770041675405458987,76610,9.876,108.2,10.272,-116.8,2.03,2.52,1.19,-3.19,-1.56,0.08,-0.1,-0.43,11958.69,70.0,51.65,41.75,12.0,12.0
1770041675526081665,76726,10.116,89.0,10.228,-171.9,2.81,1.54,1.56,-3.06,-1.69,0.01,-0.28,-0.36,11967.44,70.0,46.13,42.47,12.0,12.0
1770041675640791769,76840,10.388,126.6,10.344,-134.7,2.4,2.11,1.44,-3.06,-1.81,-0.38,0.13,-0.46,11963.15,70.0,47.18,42.1,12.0,12.0
1770041675749510725,76955,8.676,132.3,10.056,-129.4,2.38,1.68,1.56,-3.06,-1.88,0.08,0.13,-0.51,11962.3,70.0,49.62,42.1,12.0,12.0
1770041675868276823,77073,9.788,125.6,10.072,-125.6,2.29,2.75,1.56,-3.13,-1.88,-0.36,-0.22,-0.47,11959.04,70.0,51.22,40.0,12.0,12.0
1770041675982986372,77190,10.452,139.9,10.408,-120.1,2.48,2.36,1.81,-3.31,-1.81,-0.2,0.0,-0.5,11956.98,70.0,51.99,43.2,12.0,12.0
1770041676097665254,77304,10.4,99.3,10.324,-148.5,2.3,2.42,2.13,-3.5,-1.69,0.15,-0.16,-0.3,11960.07,70.0,50.81,42.83,12.0,12.0
1770041676216439607,77421,9.868,131.8,10.052,-103.3,1.82,2.07,2.25,-3.63,-1.63,0.33,-0.11,-0.4,11960.41,70.0,50.81,40.65,12.0,12.0
1770041676331167225,77539,9.924,145.8,10.208,-114.3,2.17,2.34,2.88,-3.5,-1.63,0.32,0.11,-0.39,11953.04,70.0,50.67,46.38,12.0,12.0
1770041676453986886,77655,9.42,126.0,10.364,-133.9,2.77,2.03,3.19,-3.38,-1.69,0.23,0.25,-0.46,11949.26,70.0,51.25,49.79,12.0,12.0
1770041676572746813,77776,10.176,146.5,10.416,-111.2,1.72,2.58,3.31,-3.25,-1.75,-0.22,0.06,-0.5,11943.95,70.0,53.89,49.85,12.0,12.0
1770041676687462654,77893,10.2,100.1,10.312,-171.9,3.42,1.91,3.75,-3.06,-1.88,-0.12,-0.05,-0.66,11951.66,70.0,49.49,50.97,12.0,12.0
1770041676806238951,78008,9.604,102.2,10.4,-140.8,2.73,1.72,3.69,-3.13,-1.94,0.08,-0.65,-0.3,11947.72,70.0,51.1,53.26,12.0,12.0
1770041676920890921,78128,10.216,159.4,10.108,-128.5,1.86,2.4,3.56,-3.38,-2.06,-0.02,0.21,-0.62,11939.83,70.0,52.36,55.9,14.0,12.0
1770041677035604868,78243,10.292,149.8,10.3,-115.1,1.66,1.78,3.19,-3.69,-2.13,0.34,-0.11,-0.3,11938.8,70.0,53.92,56.88,14.0,12.0
1770041677133972272,78357,9.524,148.4,10.348,-94.4,1.93,1.76,2.88,-3.81,-2.06,0.14,0.17,-0.32,163.44,70.0,52.87,56.79,14.0,12.0
1770041677252697677,78456,10.148,111.6,10.164,-121.4,1.84,2.19,2.75,-4.0,-2.0,0.73,0.16,-0.38,11937.09,70.0,53.99,57.46,14.0,12.0
1770041677367407403,78573,9.928,124.0,10.156,-100.6,1.72,2.11,2.63,-4.13,-1.94,-0.26,0.0,-0.43,11937.6,70.0,53.52,55.66,14.0,12.0
1770041677482014315,78689,10.192,132.7,9.56,-96.7,1.66,2.11,2.63,-3.94,-1.94,-0.08,0.05,-0.35,11937.09,70.0,52.72,55.65,14.0,12.0
1770041677592657920,78802,10.448,128.5,10.012,-113.1,1.93,1.68,2.5,-3.75,-2.0,0.0,-0.1,-0.46,11938.63,70.0,53.65,54.4,14.0,14.0
1770041677711431732,78915,9.448,121.5,9.904,-98.1,1.48,1.52,2.5,-3.63,-2.25,0.0,-0.26,-0.12,11943.77,70.0,55.65,54.18,14.0,14.0
1770041677826133088,79034,10.372,122.6,9.664,-154.1,2.79,2.29,2.5,-3.5,-2.44,1.4,-0.74,0.4,11945.49,70.0,51.1,52.54,14.0,14.0
1770041677940794796,79148,9.78,145.9,9.432,-136.0,2.11,1.84,2.5,-3.5,-2.63,0.79,-0.02,-0.13,11943.77,70.0,53.18,51.7,14.0,14.0
1770041678055482630,79261,9.444,137.7,9.868,-100.1,1.74,2.03,2.44,-3.56,-2.69,0.19,0.12,-0.27,11941.2,70.0,55.4,53.18,14.0,14.0
1770041678170165596,79375,10.408,139.8,10.256,-84.6,1.37,2.21,2.31,-3.69,-2.56,0.14,0.27,-0.35,11942.23,70.0,56.14,50.23,14.0,14.0
1770041678288946350,79490,8.704,140.4,10.26,-103.7,1.84,2.21,2.31,-3.88,-2.5,0.34,0.06,-0.43,11942.57,70.0,54.44,52.99,14.0,14.0
1770041678399497935,79608,8.716,133.8,9.92,-88.5,1.93,2.52,2.25,-4.06,-2.5,-0.24,-0.22,-1.62,11941.54,70.0,55.65,52.72,14.0,14.0
1770041678514145198,79723,9.208,134.1,10.264,-86.9,1.13,1.72,2.44,-4.06,-2.44,0.96,0.06,-0.42,11938.46,70.0,56.86,51.1,14.0,14.0
1770041678632994693,79837,9.456,126.3,9.832,-114.4,2.25,1.72,2.81,-3.88,-2.38,0.05,0.22,-0.5,11945.83,70.0,53.18,52.44,14.0,14.0
1770041678747676085,79952,8.504,136.0,10.32,-91.0,1.64,2.64,2.94,-3.75,-2.44,0.48,0.31,-0.45,11945.15,70.0,54.66,51.7,14.0,14.0
1770041678862367607,80067,10.368,112.8,10.248,-88.6,2.52,2.21,3.06,-3.63,-2.5,0.52,-0.27,-0.33,11948.23,70.0,51.25,53.45,14.0,14.0
1770041678977044035,80182,9.64,171.6,10.012,-151.3,2.62,2.66,3.06,-3.63,-2.56,0.4,-0.41,0.16,11946.69,70.0,51.99,54.18,14.0,14.0
1770041679091735784,80296,10.06,108.8,10.06,-128.2,1.89,1.93,2.94,-3.69,-2.63,0.3,-0.1,-0.19,11939.32,70.0,54.7,56.86,16.0,14.0
1770041679194162442,80414,9.84,149.1,10.144,-120.7,1.89,2.05,2.75,-3.94,-2.94,0.27,0.21,-0.22,157.44,70.0,52.39,56.14,16.0,14.0
1770041679292414442,80515,9.376,160.9,10.02,-114.0,1.35,1.91,2.56,-4.19,-2.88,1.22,0.58,-0.26,156.41,70.0,55.86,55.86,16.0,14.0
1770041679411183436,80615,10.136,136.2,10.26,-70.3,1.64,2.46,2.56,-4.31,-2.88,-0.26,-0.32,-0.47,11942.92,70.0,55.48,54.98,16.0,14.0
1770041679525866069,80731,10.352,143.4,9.856,-104.3,1.56,2.52,2.13,-4.63,-2.75,-0.8,-0.01,0.11,11936.06,70.0,56.14,53.26,16.0,14.0
1770041679640545775,80846,10.36,178.2,10.416,-91.7,2.03,2.44,2.44,-4.5,-2.88,-0.04,0.17,-0.63,11935.2,70.0,55.17,55.89,16.0,14.0
1770041679742984582,80963,10.328,104.9,9.532,-107.1,2.36,2.17,2.44,-4.25,-2.88,0.38,0.23,-0.45,166.18,70.0,52.39,56.14,16.0,14.0
1770041679841290118,81063,9.72,130.6,10.18,-126.8,1.52,1.8,2.25,-4.06,-2.94,0.43,-0.22,-0.71,163.61,70.0,55.86,55.02,16.0,16.0
1770041679955980825,81163,10.216,156.2,10.228,-80.8,1.35,2.25,2.5,-3.63,-3.19,0.33,0.21,-0.24,11945.15,70.0,53.63,54.13,16.0,16.0
1770041680074746198,81277,8.812,158.5,10.312,-139.4,2.21,2.6,2.56,-3.44,-3.25,-0.66,0.42,-0.46,11946.86,70.0,48.52,53.52,16.0,16.0
1770041680193531100,81394,8.804,143.0,10.432,-130.8,1.99,2.11,2.31,-3.5,-3.38,-0.11,0.17,-0.18,11940.69,70.0,53.45,54.92,16.0,16.0
1770041680308247197,81514,9.68,156.4,10.128,-89.5,1.7,2.07,2.25,-3.56,-3.5,0.18,-0.1,-0.39,11941.72,70.0,52.81,52.81,16.0,16.0
1770041680422861219,81629,8.796,180.0,9.948,-104.8,2.15,2.81,2.31,-3.81,-3.56,-0.25,-0.25,-0.28,11939.49,70.0,56.38,53.45,16.0,16.0
1770041680537546538,81743,8.824,145.9,9.96,-109.3,1.19,2.27,2.31,-4.0,-3.5,0.07,0.16,-0.35,11941.72,70.0,56.38,54.18,16.0,16.0
1770041680656351458,81859,9.784,152.9,9.724,-113.8,2.07,2.29,2.31,-4.06,-3.5,0.27,-0.15,-0.41,11944.8,70.0,53.98,51.1,16.0,16.0
1770041680771044092,81978,8.78,164.9,10.08,-100.2,2.27,2.46,2.44,-3.88,-3.5,-0.11,0.14,-0.33,11943.43,70.0,53.26,52.54,16.0,16.0
1770041680889826624,82093,8.972,121.1,10.288,-111.8,1.8,1.78,2.44,-3.69,-3.5,0.39,0.06,-0.3,11944.46,70.0,51.38,52.81,16.0,16.0
1770041681004506776,82209,10.348,150.4,10.156,-88.3,2.05,2.34,2.5,-3.63,-3.63,0.51,0.34,-0.52,11943.95,70.0,52.44,53.18,16.0,16.0
1770041681123318161,82324,9.232,166.6,10.012,-123.4,1.76,2.05,2.5,-3.5,-3.75,0.03,-0.57,-0.47,11960.75,70.0,45.4,51.25,16.0,16.0
1770041681237993852,82442,9.904,125.1,9.788,-163.5,3.16,2.07,1.94,-3.38,-3.88,0.34,-0.13,-0.48,11947.2,70.0,44.24,51.38,16.0,16.0
1770041681352715228,82556,9.624,140.6,10.088,-150.6,2.32,2.07,1.25,-3.69,-4.19,0.98,0.48,-0.52,11946.86,70.0,50.38,53.26,18.0,16.0
1770041681467292549,82673,9.832,135.9,10.308,-108.7,2.09,2.36,0.88,-3.81,-4.19,0.27,-0.23,-0.18,11950.81,70.0,50.97,52.44,18.0,16.0
1770041681582019777,82786,10.236,177.3,10.416,-90.0,1.45,2.6,0.63,-3.94,-4.13,0.05,0.02,-0.38,11943.6,70.0,53.65,51.42,18.0,16.0
1770041681700802514,82900,10.24,128.5,9.848,-92.4,2.44,2.46,0.63,-4.13,-4.06,0.07,-0.01,-0.38,11947.2,70.0,51.1,51.82,18.0,16.0
1770041681815491224,83020,10.328,124.3,10.256,-103.1,1.6,2.03,0.31,-4.25,-3.94,-1.49,-0.61,-0.17,11954.41,70.0,50.95,49.53,18.0,16.0
1770041681930169748,83135,10.388,171.9,9.956,-143.3,1.86,2.64,0.37,-4.06,-4.0,0.2,-0.01,-0.66,11950.98,70.0,49.18,49.93,18.0,16.0
1770041682044838065,83250,9.776,117.6,10.3,-107.6,1.89,1.86,0.37,-3.88,-4.0,-0.14,0.02,-0.47,11951.66,70.0,48.33,49.79,18.0,18.0
1770041682167746554,83364,10.256,140.6,10.12,-121.1,1.95,2.46,0.19,-3.69,-4.13,-0.02,-0.3,-0.4,11951.15,70.0,51.38,49.24,18.0,18.0
1770041682286494145,83486,9.964,172.0,9.696,-139.5,2.64,2.4,0.31,-3.5,-4.31,0.28,0.26,-0.66,11955.95,70.0,48.94,48.22,18.0,18.0
1770041682405291422,83608,9.408,139.0,10.22,-167.7,3.07,2.56,0.25,-3.44,-4.38,0.67,-0.28,0.33,11955.44,70.0,46.86,47.53,18.0,18.0
1770041682519931097,83725,9.92,87.6,9.768,-152.4,2.48,1.72,0.12,-3.44,-4.56,0.35,0.03,-0.32,11945.83,70.0,50.52,50.52,18.0,18.0
1770041682634623940,83838,9.724,130.6,10.228,-133.1,2.75,2.19,-0.06,-3.5,-4.5,0.21,0.0,-0.46,11953.72,70.0,49.06,49.06,18.0,18.0
1770041682749275578,83956,9.996,166.9,10.388,-128.1,2.46,3.01,-0.37,-3.63,-4.31,-0.42,-0.2,-0.09,11958.01,70.0,50.81,45.01,18.0,18.0
1770041682868142188,84071,10.224,122.8,10.42,-92.2,2.44,2.95,-0.25,-3.69,-4.19,0.23,-0.31,-0.08,11961.1,70.0,49.24,44.96,18.0,18.0
1770041682982810957,84188,8.78,156.8,9.896,-133.0,2.21,2.19,-0.25,-3.88,-4.06,-0.01,-0.47,-0.26,11958.52,70.0,47.18,44.28,18.0,18.0
1770041683101606888,84303,10.428,131.3,10.404,-144.6,2.83,2.23,0.0,-3.94,-3.94,-0.15,-0.06,-0.32,11959.72,70.0,49.49,42.1,18.0,18.0
1770041683216299086,84421,9.64,156.1,10.272,-129.5,2.3,2.23,0.37,-3.75,-3.94,-0.34,-0.03,-0.36,11961.1,70.0,47.41,43.87,18.0,18.0
1770041683330950136,84536,9.724,141.2,10.256,-127.6,2.21,2.5,0.56,-3.63,-3.88,0.92,0.23,-0.45,11958.87,70.0,47.59,45.4,18.0,18.0
1770041683445628186,84652,9.26,152.8,10.356,-129.0,2.01,2.77,0.63,-3.5,-3.94,0.58,0.14,-0.18,11955.44,70.0,49.49,43.58,18.0,18.0
1770041683560331162,84764,10.408,161.4,10.416,-143.2,2.85,2.52,0.81,-3.44,-3.94,0.11,-0.37,-0.25,11963.67,70.0,48.75,42.84,18.0,18.0
1770041683679164498,84880,8.588,139.5,10.152,-97.4,2.13,1.95,0.88,-3.38,-3.94,0.05,-0.09,-0.54,11961.44,70.0,47.59,43.2,18.0,18.0
1770041683777308757,84999,9.008,149.4,10.032,-92.5,1.7,2.91,0.88,-3.44,-4.0,-0.14,-0.16,-0.23,6154.11,70.0,50.12,42.1,20.0,18.0
1770041683879740210,85098,10.184,135.2,10.416,-150.5,2.64,2.46,1.0,-3.44,-3.94,0.01,0.13,-0.4,182.48,70.0,47.37,43.42,20.0,18.0
1770041683994478890,85198,9.736,145.5,9.052,-138.1,2.81,2.64,0.81,-3.63,-3.88,0.26,-0.02,-0.45,11958.18,70.0,48.33,43.85,20.0,18.0
1770041684113226065,85313,10.344,182.4,9.88,-99.4,2.56,2.48,0.81,-3.81,-3.75,0.22,-0.46,-0.47,11963.84,70.0,48.22,41.74,20.0,18.0
1770041684227931749,85432,9.984,158.6,10.444,-148.7,2.38,2.73,0.88,-4.0,-3.63,-0.15,-0.18,-0.14,11960.07,70.0,47.72,44.91,20.0,18.0
1770041684346700071,85549,8.932,161.5,9.924,-123.9,2.19,2.36,0.94,-4.06,-3.5,-0.01,-0.11,-0.4,11959.9,70.0,49.79,43.93,20.0,18.0
1770041684457271434,85663,9.428,148.4,9.728,-133.2,2.73,2.91,1.19,-4.06,-3.44,-0.45,0.0,-0.23,11960.07,70.0,48.01,43.58,20.0,18.0
1770041684580130633,85778,8.804,161.4,9.004,-124.1,2.44,2.54,1.56,-3.88,-3.38,-0.03,0.01,-0.48,11956.46,70.0,48.94,46.06,20.0,18.0
1770041684694808058,85898,10.216,142.1,10.128,0.0,1.93,2.03,1.63,-3.75,-3.44,-0.22,-0.09,-0.33,11956.12,70.0,49.53,44.58,20.0,20.0
1770041684809500558,86014,9.2,167.3,10.084,-140.0,2.44,2.36,2.06,-3.38,-3.44,0.69,-0.18,-0.32,11961.27,70.0,45.4,43.2,20.0,20.0
1770041684928351917,86129,9.568,164.2,10.368,-119.3,2.34,2.97,2.0,-3.19,-3.5,0.13,-0.05,-0.28,11959.55,70.0,47.91,45.73,20.0,20.0
1770041685042971857,86246,9.652,167.0,10.016,-147.9,2.23,3.14,1.94,-3.13,-3.5,0.35,0.14,-0.37,11955.61,70.0,47.59,46.86,20.0,20.0
1770041685165842283,86361,10.14,150.6,10.092,-110.8,2.25,2.64,1.75,-3.25,-3.44,-0.11,-0.4,-0.35,11953.55,70.0,46.78,48.94,20.0,20.0
1770041685280522307,86486,10.068,144.6,10.064,-110.1,1.95,2.44,1.44,-3.38,-3.44,0.04,-0.16,-0.34,11951.83,70.0,49.57,49.57,20.0,20.0
1770041685399326152,86601,10.18,160.1,10.028,-109.5,1.88,2.56,1.37,-3.5,-3.38,0.18,0.08,-0.46,11955.09,70.0,48.64,47.18,20.0,20.0
1770041685513993509,86718,9.864,119.6,10.372,-70.2,1.56,2.19,1.19,-3.75,-3.31,-0.78,0.27,-0.52,11950.81,70.0,50.52,47.59,20.0,20.0
1770041685632769799,86833,10.256,125.4,10.044,-82.6,1.54,2.07,1.25,-3.81,-3.31,-0.17,0.21,-0.27,11953.38,70.0,49.66,46.06,20.0,20.0
1770041685747463805,86952,9.188,168.8,9.164,-92.0,1.93,2.38,1.5,-3.75,-3.19,-0.16,0.11,-0.28,11955.09,70.0,48.52,44.96,20.0,20.0
1770041685862131514,87067,10.408,126.4,10.2,-115.0,1.66,1.8,1.81,-3.63,-3.13,-0.28,0.22,-0.41,11949.26,70.0,50.23,48.01,20.0,20.0
1770041685980918415,87182,9.632,130.9,10.028,-83.3,1.37,1.95,2.0,-3.31,-3.25,0.46,0.1,-0.47,11951.32,70.0,50.38,46.78,20.0,20.0
1770041686079215441,87298,9.856,0.0,9.152,-168.1,3.11,2.36,2.13,-3.13,-3.25,0.56,0.1,-0.32,173.22,70.0,43.93,45.76,20.0,20.0
1770041686177518316,87398,9.54,152.2,10.436,-109.3,2.73,2.68,1.94,-3.06,-3.38,0.08,-0.17,-0.29,174.59,70.0,47.52,46.69,20.0,20.0
1770041686296300964,87497,10.108,101.4,10.38,-122.1,2.7,1.52,1.81,-3.0,-3.44,0.28,-0.18,-0.35,11950.81,70.0,48.33,48.33,22.0,20.0
1770041686410989754,87613,9.792,95.9,10.02,-102.6,2.36,1.76,1.63,-3.13,-3.31,0.14,-0.03,-0.41,11944.8,70.0,49.79,49.79,22.0,20.0
1770041686509286185,87728,10.204,81.3,9.88,-110.9,1.76,1.6,1.5,-3.31,-3.31,0.28,0.23,-0.5,201.17,70.0,48.96,50.91,22.0,20.0
1770041686628067166,87827,10.084,97.9,9.844,-97.6,1.54,1.74,1.37,-3.5,-3.19,-0.32,-0.18,-0.21,11947.55,70.0,50.03,51.02,22.0,20.0
1770041686742802400,87945,10.444,101.4,9.472,-109.3,2.48,1.89,1.19,-3.69,-3.13,-0.37,-0.18,0.23,11946.35,70.0,50.95,49.53,22.0,20.0
1770041686857441060,88059,9.532,115.0,10.048,-123.7,2.4,1.64,1.12,-3.81,-3.19,-0.47,0.12,-0.44,11950.29,70.0,48.44,48.44,22.0,20.0
1770041686972119128,88174,9.54,121.7,9.712,-151.3,2.87,2.17,1.25,-3.81,-3.13,0.01,-0.4,-0.21,11947.03,70.0,53.18,48.01,22.0,20.0
1770041687090903563,88289,9.876,101.1,10.276,-100.6,1.89,1.76,1.37,-3.69,-3.06,-0.01,0.16,-0.57,11935.2,70.0,50.81,50.81,22.0,20.0
1770041687205574434,88408,9.148,123.8,10.292,-100.4,1.68,2.01,1.5,-3.44,-3.19,0.33,0.13,-0.51,11944.46,70.0,49.12,49.82,22.0,22.0
1770041687320261750,88524,8.58,138.5,10.324,-147.8,2.77,1.56,1.31,-3.19,-3.31,0.0,0.11,0.09,11952.18,70.0,45.8,48.75,22.0,22.0
1770041687434962306,88639,10.32,89.2,9.184,-98.8,1.78,1.41,1.19,-3.19,-3.38,0.07,-0.09,-0.34,11945.66,70.0,49.06,49.06,22.0,22.0
1770041687553727369,88754,9.2,112.9,10.016,-86.1,1.54,2.09,1.12,-3.19,-3.44,0.19,-0.1,-0.48,11948.23,70.0,48.64,49.36,22.0,22.0
1770041687652034123,88871,10.376,107.9,10.224,-105.9,1.89,1.8,0.88,-3.19,-3.31,0.35,-0.37,-0.36,181.45,70.0,48.84,48.84,22.0,22.0
1770041687754418828,88971,9.168,97.3,10.428,-102.1,2.07,1.52,0.81,-3.31,-3.25,-0.01,0.22,-0.44,198.6,70.0,51.88,49.33,22.0,22.0
1770041687869104403,89071,9.824,106.6,10.124,-89.3,1.76,1.54,0.81,-3.44,-3.19,0.32,0.12,-0.6,11948.41,70.0,51.32,48.83,22.0,22.0
1770041759583819988,89188,10.344,130.6,9.764,-110.7,2.54,1.97,0.63,-3.56,-3.13,0.38,-0.34,-0.43,11946.69,70.0,48.33,48.33,22.0,22.0
1770041759587977693,89307,9.868,91.9,10.288,-123.5,2.62,1.54,0.63,-3.69,-3.13,-0.36,-0.13,-0.16,11946.18,70.0,48.71,48.02,22.0,22.0
1770041759590418030,89430,10.38,132.6,10.304,-101.4,1.82,1.89,0.69,-3.56,-3.06,0.33,0.07,-0.24,11948.06,70.0,47.62,48.31,22.0,22.0
1770041759594025227,89545,9.776,95.7,9.276,-90.5,2.29,1.6,0.75,-3.44,-3.06,-0.43,0.03,-0.45,11944.46,70.0,50.97,50.23,22.0,22.0
1770041759595680177,89659,8.732,126.9,10.376,-118.3,2.13,2.27,0.94,-3.19,-3.19,0.35,0.03,-0.6,11944.97,70.0,50.09,50.81,22.0,22.0
1770041759617897551,89776,8.528,128.4,10.048,-151.7,2.99,2.19,0.94,-3.0,-3.38,-0.12,0.36,-0.58,173.22,70.0,45.76,49.42,22.0,22.0
1770041759622011670,89876,9.792,97.2,10.356,-121.2,2.15,1.35,0.69,-2.88,-3.44,-0.1,0.11,-0.15,173.22,70.0,47.63,51.03,22.0,22.0
1770041759646551636,89975,9.684,89.2,10.164,-85.2,2.03,1.7,0.56,-2.88,-3.44,0.03,-0.2,-0.36,173.22,70.0,51.69,50.86,24.0,22.0
1770041759654938538,90075,10.204,97.9,10.356,-97.6,2.01,1.56,0.37,-2.94,-3.44,0.05,-0.17,-0.33,11943.77,70.0,50.32,50.82,24.0,22.0
1770041759658995922,90189,8.828,101.9,10.2,-83.8,1.76,1.78,0.12,-3.06,-3.44,0.07,-0.08,-0.43,11941.54,70.0,51.7,50.97,24.0,22.0
1770041759662835406,90305,9.18,99.1,10.432,-100.2,1.89,1.86,0.0,-3.25,-3.31,0.21,0.14,-0.56,11947.38,70.0,49.79,49.79,24.0,22.0
1770041759732542200,90420,8.712,146.0,10.248,-125.0,1.7,2.62,-0.25,-3.38,-3.31,-0.03,0.26,-0.54,11948.41,70.0,49.79,47.59,24.0,22.0
1770041759736728532,90531,10.432,151.4,10.312,-103.0,2.21,2.34,-0.19,-3.38,-3.31,0.18,-0.04,-0.34,11945.83,70.0,51.42,47.69,24.0,22.0
1770041759765301496,90648,8.756,115.0,10.304,-96.0,2.34,1.88,0.0,-3.31,-3.25,0.28,-0.29,-0.46,11945.83,70.0,48.64,47.91,24.0,22.0
1770041759769362324,90767,8.508,114.4,10.356,-85.8,1.68,2.07,0.0,-3.13,-3.25,0.15,-0.05,-0.53,11946.69,70.0,49.82,49.82,24.0,22.0
1770041759773595373,90884,10.048,135.3,10.084,-84.8,1.64,2.15,0.06,-2.88,-3.38,0.1,0.01,-0.28,11952.01,70.0,47.59,48.33,24.0,24.0
1770041759777744672,90998,9.004,155.2,9.628,-123.1,2.15,2.3,0.06,-2.75,-3.5,0.25,-0.11,-0.48,11951.49,70.0,46.53,47.27,24.0,24.0
1770041759851339074,91113,10.2,137.3,10.324,-90.2,2.03,1.88,-0.12,-2.69,-3.44,0.06,0.0,-0.52,11949.26,70.0,48.33,47.59,24.0,24.0
1770041759855487817,91228,8.988,140.1,10.284,-81.5,2.25,2.03,-0.19,-2.63,-3.44,0.21,0.13,-0.68,11951.32,70.0,49.06,47.59,24.0,24.0
1770041759879977049,91345,10.152,147.7,9.524,-78.1,1.68,2.52,-0.25,-2.75,-3.31,0.14,0.05,-0.38,11947.03,70.0,50.95,47.41,24.0,24.0
1770041759884082760,91460,10.192,150.9,10.468,-70.1,1.27,2.46,-0.25,-2.88,-3.19,0.0,-0.09,-0.38,11945.66,70.0,52.72,48.33,24.0,24.0
1770041759888386300,91576,9.196,149.2,10.344,-110.2,1.72,2.21,-0.31,-2.94,-3.13,0.48,0.07,-0.71,11954.24,70.0,48.64,45.73,24.0,24.0
1770041759892393246,91692,8.844,149.1,10.404,-88.5,1.66,2.42,-0.37,-3.0,-3.06,0.04,-0.02,-0.27,11953.55,70.0,49.49,45.8,24.0,24.0
1770041759896532454,91808,9.964,161.2,9.82,-126.4,2.15,2.32,-0.19,-3.0,-3.06,0.26,0.06,-0.38,11953.04,70.0,48.94,46.06,24.0,24.0
1770041759970217696,91923,10.416,132.7,10.084,-91.7,2.32,2.6,-0.06,-2.88,-3.0,-0.04,-0.09,-0.46,11953.21,70.0,47.91,45.73,24.0,24.0
1770041759994640029,92039,10.272,143.9,10.012,-87.1,1.76,2.5,0.25,-2.69,-3.0,-0.01,-0.03,-0.4,11949.61,70.0,48.64,48.64,24.0,24.0
1770041760002987584,92153,9.644,153.6,10.408,-132.3,2.17,3.14,0.31,-2.5,-3.13,-0.11,-0.19,-0.6,11959.04,70.0,47.37,46.61,24.0,24.0
1770041760007042306,92275,8.664,161.5,9.696,-149.1,2.52,2.15,0.25,-2.31,-3.13,0.01,-0.18,-0.23,11951.15,70.0,48.31,47.62,26.0,24.0
1770041760011125786,92390,9.84,125.1,10.192,-96.1,1.56,2.5,0.12,-2.31,-3.19,0.04,0.06,-0.43,11951.32,70.0,47.41,48.12,26.0,24.0
1770041760084881835,92508,10.368,107.0,9.416,-94.7,1.99,1.74,-0.06,-2.31,-3.06,0.19,-0.02,-0.26,11951.66,70.0,48.75,48.01,26.0,24.0
1770041760109332220,92622,9.22,125.7,10.4,-92.5,1.76,1.78,-0.12,-2.44,-3.06,0.28,-0.1,-0.33,11947.55,70.0,52.72,47.59,26.0,24.0
1770041760117626627,92740,10.284,124.1,9.692,-102.4,2.05,2.23,-0.12,-2.56,-2.94,0.34,-0.21,-0.33,11956.64,70.0,48.22,46.78,26.0,24.0
1770041760121736307,92855,10.216,120.0,10.212,-119.1,2.32,2.07,-0.12,-2.75,-2.88,-0.39,-0.28,-0.12,11955.26,70.0,50.67,44.24,26.0,24.0
1770041760125909388,92972,10.032,146.7,9.804,-114.4,2.52,2.5,-0.12,-2.81,-2.81,0.2,-0.03,-0.29,11959.72,70.0,46.86,45.4,26.0,24.0
1770041760199490495,93087,9.984,156.9,9.784,-103.6,2.07,2.83,-0.06,-2.81,-2.75,-0.13,-0.13,-0.49,11964.35,70.0,45.01,45.01,26.0,24.0
1770041760203568772,93203,9.156,158.3,10.104,-91.2,2.05,2.19,0.19,-2.69,-2.75,0.47,-0.07,-0.26,11952.01,70.0,48.64,45.73,26.0,24.0
1770041760228099702,93322,9.808,154.6,10.2,-114.4,2.03,2.91,0.44,-2.5,-2.75,,11931.43,70.0,56.62,54.44,86.0,82.0,,
1770041760236583828,160828,8.912,122.1,10.096,-126.0,2.07,1.6,8.25,-2.94,-5.69,0.18,-0.18,-0.43,11933.31,70.0,56.38,53.45,86.0,82.0
1770041760240494698,160943,9.912,100.1,10.38,-150.7,2.07,1.6,8.25,-3.13,-5.56,-0.19,0.01,-0.54,11937.77,70.0,54.92,51.99,86.0,82.0
1770041760244475357,161060,8.644,119.0,9.728,-105.0,2.38,1.84,8.38,-3.19,-5.5,-0.07,0.02,-0.2,11935.2,70.0,54.95,49.95,86.0,82.0
1770041760318296510,161176,8.968,138.7,9.9,-121.5,1.54,2.54,8.81,-3.06,-5.44,0.22,-0.16,-0.19,11936.06,70.0,53.98,51.82,86.0,84.0
1770041760346837429,161292,9.276,99.1,10.164,-86.3,2.32,1.74,8.94,-3.0,-5.44,-0.09,0.01,-0.57,11932.28,70.0,54.92,52.72,86.0,84.0
1770041760355211808,161406,9.724,138.1,9.808,-114.7,1.82,2.3,9.13,-2.81,-5.5,0.4,-0.22,-0.51,11937.77,70.0,53.26,51.1,86.0,84.0
1770041760359256718,161524,10.132,138.8,10.228,-136.8,2.3,2.11,9.13,-2.69,-5.5,-0.45,-0.17,-0.37,11934.86,70.0,54.18,53.45,86.0,84.0
1770041760461505748,161643,9.14,106.4,10.016,-92.9,2.38,2.05,9.06,-2.69,-5.44,0.15,-0.21,-0.42,11931.43,70.0,54.95,54.95,86.0,84.0
1770041760576207249,161757,9.472,137.8,10.392,-109.6,2.42,1.72,8.94,-2.81,-5.44,-0.05,-0.06,-0.46,11930.57,70.0,55.65,55.65,86.0,84.0
1770041760690862940,161872,9.456,98.5,10.104,-89.2,2.15,1.66,8.75,-3.0,-5.38,0.09,-0.03,-0.39,11930.91,70.0,55.42,53.98,86.0,84.0
1770041760809625201,161988,9.344,102.7,10.072,-124.8,2.13,2.07,8.75,-3.19,-5.25,0.05,-0.04,-0.49,11934.34,70.0,55.4,53.92,88.0,84.0
1770041760924278578,162106,9.76,138.9,10.08,-96.3,1.72,3.01,8.56,-3.38,-5.06,-0.14,-0.3,-0.32,11938.63,70.0,54.95,51.38,88.0,84.0
1770041761043048269,162221,10.328,133.9,10.212,-94.9,1.91,1.76,8.81,-3.38,-5.06,-0.02,0.04,-0.49,11932.45,70.0,55.42,51.82,88.0,84.0
1770041761157735590,162337,9.58,107.5,9.856,-105.9,1.62,1.37,9.13,-3.25,-5.0,-0.06,0.17,-0.42,11931.77,70.0,55.4,54.66,88.0,84.0
1770041761256023605,162453,10.252,95.9,10.336,-114.8,1.41,2.11,9.25,-3.06,-5.0,-0.11,-0.04,-0.39,186.42,70.0,56.14,52.39,88.0,84.0
1770041761370676079,162552,9.888,123.7,10.256,-119.3,1.56,1.5,9.31,-2.94,-5.06,0.26,0.15,-0.45,11932.97,70.0,54.49,53.99,88.0,84.0
1770041761493550888,162668,8.796,91.3,10.236,-96.8,1.41,1.45,9.19,-2.88,-5.06,0.25,-0.04,-0.37,11931.6,70.0,54.7,55.42,88.0,84.0
1770041761612278774,162791,9.92,94.4,10.168,-97.5,1.74,1.23,9.13,-2.94,-5.06,-0.08,-0.06,-0.42,11931.6,70.0,55.22,55.22,88.0,84.0
1770041761726983741,162907,8.712,99.4,9.9,-112.5,1.95,1.39,8.88,-3.06,-4.94,-0.14,-0.02,-0.49,11926.45,70.0,56.38,55.65,88.0,84.0
1770041761841617420,163024,9.26,116.6,10.116,-100.2,1.31,1.72,8.88,-3.31,-4.88,-0.19,-0.11,-0.44,11935.03,70.0,56.86,53.98,88.0,84.0
1770041761960412021,163139,10.152,101.4,9.256,-131.4,2.01,1.84,8.81,-3.5,-4.69,0.13,-0.44,-0.13,11934.86,70.0,55.66,52.81,88.0,84.0
1770041762075079436,163257,8.84,0.0,9.984,-109.6,1.99,2.79,8.88,-3.56,-4.56,0.15,-0.06,-0.39,11933.66,70.0,57.84,51.25,88.0,84.0
1770041762177545317,163372,9.724,137.9,9.608,-128.2,1.46,2.64,9.19,-3.5,-4.5,0.05,-0.15,-0.44,212.66,70.0,55.54,50.16,88.0,84.0
1770041762296236825,163472,8.884,105.5,10.212,-81.3,1.78,1.45,9.31,-3.38,-4.5,-0.32,0.04,-0.3,11925.6,70.0,58.11,55.15,88.0,86.0
1770041762410924722,163593,9.512,107.0,9.828,-93.1,1.41,1.88,9.44,-3.06,-4.63,-0.07,0.06,-0.41,11928.34,70.0,56.61,56.61,88.0,86.0
1770041762525536127,163708,10.172,136.8,10.068,-84.7,1.37,1.56,9.44,-2.88,-4.69,-0.17,0.43,-0.39,11923.88,70.0,55.89,59.52,88.0,86.0
1770041762644341123,163823,10.204,115.0,10.18,-103.6,1.21,2.01,9.25,-2.88,-4.63,0.06,0.03,-0.3,11922.16,70.0,57.61,62.05,88.0,86.0
1770041762763105938,163939,9.388,142.1,10.392,-111.6,2.05,1.74,9.0,-3.0,-4.63,0.02,0.16,-0.4,11917.88,70.0,56.86,63.33,88.0,86.0
1770041762877790187,164058,10.148,118.3,10.032,-87.4,1.27,2.25,8.69,-3.19,-4.63,-0.07,-0.09,-0.33,11920.79,70.0,58.52,59.94,90.0,86.0
1770041762992451087,164173,9.12,157.1,10.288,-100.2,1.29,1.6,8.56,-3.44,-4.56,0.0,-0.16,-0.48,11923.88,70.0,59.09,59.83,90.0,86.0
1770041763107082175,164288,10.068,170.5,9.932,-66.9,1.35,2.4,8.5,-3.56,-4.56,0.02,-0.05,-0.42,11921.99,70.0,57.58,58.3,90.0,86.0
1770041763229954174,164405,10.372,122.5,9.52,-86.5,1.43,2.5,8.56,-3.5,-4.56,0.2,-0.02,-0.36,11928.34,70.0,56.14,60.45,90.0,86.0
1770041763344618591,164525,10.344,116.8,10.032,-83.1,1.91,1.68,8.56,-3.25,-4.63,0.0,0.24,-0.48,11925.25,70.0,57.8,61.37,90.0,86.0
1770041763459325040,164639,9.852,114.7,10.272,-127.2,1.56,1.93,8.5,-3.06,-4.69,0.29,-0.33,-0.38,11930.74,70.0,54.18,60.04,90.0,86.0
1770041763573986864,164754,9.78,150.0,9.696,-113.6,1.46,2.13,8.31,-2.94,-4.69,0.28,-0.14,-0.4,11929.88,70.0,55.42,59.73,90.0,86.0
1770041763692766460,164872,10.004,114.0,10.028,-71.6,1.88,2.17,8.13,-2.88,-4.69,0.07,0.02,-0.29,11929.88,70.0,56.38,58.58,90.0,86.0
1770041763807353589,164989,10.324,146.3,9.892,-117.2,1.37,1.86,7.94,-2.94,-4.63,0.12,0.09,-0.36,11928.51,70.0,57.32,57.32,90.0,86.0
1770041763926192863,165105,9.312,174.9,9.096,-80.4,1.25,1.6,7.81,-3.13,-4.44,-0.13,-0.12,-0.27,11927.14,70.0,58.58,57.11,90.0,86.0
1770041764040874972,165221,9.556,162.4,10.396,0.0,2.17,2.46,7.75,-3.25,-4.31,0.32,-0.46,-0.57,11931.94,70.0,56.86,54.7,90.0,86.0
1770041764155573733,165337,9.38,162.6,9.704,-115.8,1.41,2.64,7.81,-3.31,-4.31,0.06,0.15,-0.41,11935.37,70.0,55.17,54.44,90.0,86.0
1770041764274250231,165452,9.884,131.0,10.088,-118.5,1.56,2.23,7.94,-3.19,-4.25,0.39,-0.07,-0.28,11929.2,70.0,55.65,58.58,90.0,88.0
1770041764376654820,165571,9.804,141.4,9.924,-114.7,1.45,1.66,8.0,-3.0,-4.25,-0.02,-0.14,-0.47,177.33,70.0,53.27,56.71,90.0,88.0
1770041764474992458,165671,9.732,155.4,10.364,-89.9,2.52,1.76,8.0,-2.81,-4.25,-0.05,0.12,-0.32,184.53,70.0,56.14,57.84,90.0,88.0
1770041764589650835,165771,9.616,150.3,9.916,-149.3,2.77,2.13,7.88,-2.81,-4.31,-0.48,-0.36,-0.68,11935.03,70.0,51.32,56.8,90.0,88.0
1770041764716614419,165885,9.432,110.8,10.38,-138.2,2.03,1.68,7.75,-2.81,-4.25,0.17,-0.09,-0.37,11933.66,70.0,53.98,57.58,90.0,88.0
1770041764835365594,166012,10.124,103.1,10.028,-123.4,1.43,2.03,7.38,-2.94,-4.31,-0.28,-0.04,-0.37,11934.17,70.0,53.94,57.89,90.0,88.0
1770041764950043839,166129,10.276,144.3,10.356,-111.1,1.76,1.66,7.06,-3.19,-4.25,-0.07,0.03,-0.38,11927.31,70.0,56.88,59.09,90.0,88.0
1770041765064730535,166245,10.048,123.2,10.108,-100.5,1.41,2.09,6.94,-3.44,-4.19,-0.07,0.22,-0.23,11939.32,70.0,53.72,55.89,92.0,88.0
1770041765183506040,166360,9.428,138.0,9.956,-96.6,1.56,1.74,6.69,-3.56,-4.13,-0.15,0.05,-0.49,11939.14,70.0,52.99,55.89,92.0,88.0
1770041765298111657,166478,9.596,153.5,10.256,-122.3,2.48,1.64,6.69,-3.5,-4.13,0.15,0.23,-0.56,11934.51,70.0,53.98,56.86,92.0,88.0
1770041765412797542,166592,10.152,122.4,10.184,-116.5,1.74,2.46,6.63,-3.31,-4.13,-0.2,-0.05,-0.29,11936.06,70.0,53.18,56.88,92.0,88.0
1770041765511149354,166707,10.268,142.2,9.032,-79.4,2.56,1.93,6.5,-3.19,-4.25,-0.08,-0.09,-0.36,205.63,70.0,55.5,55.5,92.0,88.0
1770041765629884215,166807,9.268,0.0,9.896,-103.9,1.64,1.52,6.38,-3.06,-4.31,0.04,-0.11,-0.37,11932.63,70.0,54.49,57.95,92.0,88.0
1770041765744531975,166924,8.764,138.5,10.276,-125.5,1.84,1.74,6.13,-3.06,-4.38,0.15,-0.31,-0.34,11934.86,70.0,51.93,57.54,92.0,88.0
1770041765846941465,167041,9.876,139.5,10.364,-92.2,2.17,1.54,5.75,-3.13,-4.5,-0.18,0.11,-0.34,175.96,70.0,56.75,60.41,92.0,88.0
1770041765961632961,167141,9.92,151.5,10.192,-90.3,1.76,1.74,5.44,-3.25,-4.5,0.04,-0.13,-0.51,11937.6,70.0,53.31,58.3,92.0,88.0
1770041766076266193,167257,9.428,120.1,10.18,-113.4,1.52,2.58,5.13,-3.44,-4.44,0.06,0.05,-0.34,11933.31,70.0,53.98,56.86,92.0,88.0
1770041766195064173,167373,8.536,139.1,10.224,-81.3,1.39,1.86,5.0,-3.63,-4.38,-0.13,-0.12,-0.14,11938.46,70.0,52.44,56.88,92.0,88.0
1770041766309622768,167491,9.28,144.1,10.116,-108.3,2.48,2.64,4.81,-3.69,-4.38,-0.1,0.12,-0.51,11932.28,70.0,55.9,57.32,92.0,90.0
1770041766424316995,167607,9.676,137.9,10.36,-96.2,1.7,1.84,4.75,-3.44,-4.31,0.0,0.12,-0.49,11933.31,70.0,54.92,57.84,92.0,90.0
1770041766543163359,167721,8.696,110.4,10.336,-126.2,2.27,1.8,4.5,-3.31,-4.38,0.09,-0.1,-0.32,11930.23,70.0,56.14,55.42,92.0,90.0
1770041766661918252,167837,9.248,117.3,10.344,-109.9,1.52,2.68,4.44,-3.19,-4.5,0.06,-0.08,-0.4,11935.89,70.0,54.66,56.14,92.0,90.0
1770041766760235611,167955,10.392,99.3,10.248,-129.2,2.17,1.76,4.44,-3.13,-4.56,0.21,-0.2,-0.42,154.86,70.0,50.87,54.38,92.0,90.0
1770041766868530355,168055,9.312,134.3,9.948,-133.3,2.32,2.19,4.19,-3.13,-4.69,-0.2,0.02,-0.29,161.21,70.0,50.86,54.19,92.0,90.0
1770041766983208473,168156,9.728,116.2,10.196,-111.4,1.45,1.91,4.06,-3.19,-4.69,-0.08,0.04,-0.48,11941.72,70.0,53.81,53.81,92.0,90.0
1770041767091941252,168270,10.032,109.2,10.012,-85.9,1.78,1.66,3.94,-3.31,-4.63,-0.09,-0.14,-0.38,11943.43,70.0,54.66,50.23,92.0,90.0
1770041767214770605,168388,9.836,158.1,10.2,-86.4,1.6,2.77,3.94,-3.44,-4.63,-0.02,-0.08,-0.46,11946.69,70.0,54.03,46.31,94.0,90.0
1770041767329427195,168511,9.488,133.7,10.02,-138.2,2.36,2.25,4.13,-3.63,-4.5,0.14,-0.01,-0.71,11948.92,70.0,52.19,46.63,94.0,90.0
1770041767448243446,168626,9.64,114.0,9.292,-93.5,1.54,1.82,4.38,-3.63,-4.5,-0.26,-0.09,-0.45,11948.75,70.0,51.82,47.5,94.0,90.0
1770041767562920516,168741,8.472,112.2,10.156,-88.8,1.78,1.52,4.56,-3.44,-4.44,-0.19,0.0,-0.4,11946.86,70.0,52.44,50.23,94.0,90.0
1770041767673491642,168857,9.948,124.3,10.064,-154.0,2.13,1.68,4.56,-3.31,-4.44,0.27,-0.01,-0.42,11949.95,70.0,51.82,46.78,94.0,90.0
1770041767792264638,168969,10.104,139.1,9.432,-122.6,1.52,1.84,4.75,-3.25,-4.56,-0.15,-0.04,-0.3,11949.09,70.0,53.18,47.27,94.0,90.0
1770041767906930006,169088,9.716,106.5,10.14,-126.0,2.75,1.82,4.94,-3.13,-4.63,0.19,-0.15,-0.32,11958.87,70.0,45.4,46.86,94.0,90.0
1770041768021593912,169202,9.796,110.8,10.348,-95.7,2.01,2.42,5.0,-3.13,-4.81,-0.68,0.08,-0.53,11947.72,70.0,50.52,48.33,94.0,90.0
1770041768140359900,169318,9.852,112.0,9.716,-114.3,1.64,1.93,4.94,-3.25,-4.94,0.02,0.13,-0.49,11945.66,70.0,52.26,49.36,94.0,90.0
1770041768259088023,169437,9.496,137.8,9.54,-147.7,2.64,2.4,4.94,-3.44,-5.06,0.0,0.29,-0.43,11944.63,70.0,52.36,48.12,94.0,90.0
1770041768373773374,169552,9.784,114.1,9.672,-87.7,1.72,2.19,5.0,-3.69,-5.06,0.61,-0.08,-0.45,11950.46,70.0,53.18,46.53,94.0,90.0
1770041768488479816,169667,10.092,159.7,10.332,-94.7,1.89,2.11,5.13,-3.88,-4.94,0.09,-0.18,-0.24,11947.89,70.0,52.99,46.46,94.0,90.0
1770041768596830179,169783,9.608,127.5,10.224,-95.0,1.56,3.07,5.19,-3.94,-5.0,-0.09,0.22,-0.52,178.02,70.0,52.39,44.91,94.0,90.0
1770041768705536634,169883,10.256,135.0,9.96,-145.4,2.6,2.17,5.5,-3.81,-4.94,-0.04,0.09,-0.22,11947.03,70.0,51.21,46.78,94.0,92.0
1770041768820196969,169998,9.124,143.5,9.736,-111.3,1.82,2.27,5.69,-3.69,-4.94,-0.1,-0.08,-0.52,11946.35,70.0,52.09,50.67,94.0,92.0
1770041768934858546,170116,10.088,161.1,10.164,-118.6,2.29,2.6,5.81,-3.56,-5.0,0.05,-0.12,-0.34,11949.09,70.0,52.72,47.59,94.0,92.0
1770041769037267860,170231,10.336,159.1,10.06,-130.0,2.19,2.85,6.13,-3.38,-5.13,-0.23,-0.02,-0.65,172.7,70.0,50.87,47.37,94.0,92.0
1770041769139632739,170332,9.46,128.4,9.628,-188.3,3.32,2.46,6.19,-3.25,-5.31,0.19,0.11,-0.31,177.33,70.0,42.1,46.31,94.0,92.0
1770041769237945287,170432,9.592,116.3,10.192,-114.5,2.36,1.86,6.13,-3.25,-5.25,0.04,-0.14,-0.52,177.33,70.0,49.33,49.33,94.0,92.0
1770041769336159568,170532,10.336,168.7,10.356,-143.7,2.85,2.77,6.0,-3.31,-5.25,-0.16,-0.1,-0.48,177.5,70.0,50.86,49.19,94.0,92.0
1770041769454999205,170632,10.0,118.2,10.048,-130.4,2.34,1.86,5.88,-3.44,-5.25,0.26,-0.03,-0.47,11943.43,70.0,53.18,49.73,94.0,92.0
1770041769573764349,170750,9.872,130.2,9.82,-96.6,2.3,2.13,5.88,-3.63,-5.13,-0.11,-0.17,-0.26,11944.63,70.0,53.45,49.79,96.0,92.0
1770041769688440371,170868,9.86,167.4,9.888,-95.1,1.62,2.6,5.81,-3.81,-5.06,0.21,-0.2,-0.6,11948.23,70.0,52.54,48.22,96.0,92.0
1770041769798979200,170983,9.664,192.4,9.58,-93.8,1.76,3.14,6.0,-3.94,-5.0,0.14,-0.07,-0.47,11953.72,70.0,51.25,46.13,96.0,92.0
1770041769917784007,171095,9.448,153.5,10.332,-133.7,2.11,2.7,6.31,-3.88,-5.0,0.22,0.31,-0.57,11952.01,70.0,50.97,48.01,96.0,92.0
1770041770036551379,171211,10.028,123.1,9.756,-134.4,2.19,2.48,6.56,-3.81,-5.0,0.13,0.03,-0.33,11945.49,70.0,53.72,50.09,96.0,92.0
1770041770134845056,171330,10.132,143.3,10.052,0.0,2.07,2.03,6.63,-3.63,-5.06,0.3,-0.1,-0.58,189.51,70.0,51.55,48.12,96.0,92.0
1770041770257674855,171430,9.152,126.2,10.264,-138.6,2.36,2.54,6.75,-3.5,-5.13,0.6,-0.54,-0.04,11953.55,70.0,49.62,50.12,96.0,92.0
1770041770372343118,171551,9.972,100.1,9.124,-118.6,1.91,1.56,6.69,-3.44,-5.19,0.06,-0.4,-0.49,11945.83,70.0,50.66,50.66,96.0,92.0
1770041770491118582,171668,9.04,111.8,10.044,-121.4,2.4,1.8,6.56,-3.5,-5.19,0.22,-0.12,-0.2,11944.8,70.0,51.54,52.26,96.0,92.0
1770041770605792382,171787,8.708,121.4,10.284,-107.2,1.91,1.7,6.38,-3.63,-5.31,0.15,0.13,-0.29,11941.2,70.0,51.65,53.07,96.0,92.0
1770041770730508966,171901,9.14,156.2,9.84,-86.5,1.43,2.73,6.06,-3.88,-5.25,-0.18,-0.14,-0.29,11943.77,70.0,52.72,51.99,96.0,92.0
1770041770839251996,172016,9.732,128.9,9.512,-136.6,2.03,1.95,6.0,-4.06,-5.19,0.21,-0.31,-0.26,11949.95,70.0,50.09,50.81,96.0,92.0
1770041770958017146,172133,10.244,132.5,10.076,-129.0,2.66,2.19,5.94,-4.19,-5.13,0.05,0.08,-0.38,11950.63,70.0,49.06,49.79,96.0,92.0
1770041771072670627,172251,10.1,148.3,10.096,-106.2,2.32,2.25,6.06,-4.19,-5.13,-0.28,0.02,-0.33,11950.63,70.0,49.82,52.63,96.0,94.0
1770041771191433373,172368,9.276,116.0,9.312,-101.9,1.86,1.72,6.19,-4.06,-5.06,0.32,0.14,-0.36,11940.86,70.0,51.38,52.81,96.0,94.0
1770041771306098948,172486,10.144,140.4,9.988,-136.1,1.89,2.46,6.06,-3.88,-5.06,-0.29,-0.08,-0.48,11946.52,70.0,51.7,50.23,96.0,94.0
1770041771424898987,172601,9.636,172.0,9.108,-143.5,2.3,2.23,6.06,-3.75,-5.13,0.23,-0.04,-0.5,11953.21,70.0,47.1,49.95,96.0,94.0
1770041771543663010,172718,10.336,143.5,9.548,-156.3,2.66,2.54,5.88,-3.69,-5.13,0.17,-0.1,-0.5,11949.95,70.0,49.06,50.52,96.0,94.0
1770041771658336548,172835,10.312,156.1,10.288,-105.8,2.54,2.25,5.75,-3.69,-5.06,-0.05,0.01,-0.54,11948.92,70.0,51.38,49.95,96.0,94.0
1770041771772966109,172952,8.664,142.2,10.36,-135.9,2.32,2.48,5.63,-3.75,-4.88,-0.26,-0.09,-0.3,11947.72,70.0,50.38,49.66,96.0,94.0
1770041771875391818,173069,9.068,163.7,9.676,-89.4,1.86,2.48,5.5,-3.88,-4.81,0.2,0.0,-0.48,171.67,70.0,51.25,47.59,96.0,94.0
1770041771994167155,173169,9.68,107.5,10.384,-120.7,2.23,1.6,5.56,-4.0,-4.63,0.22,-0.06,-0.3,11947.03,70.0,51.02,49.53,98.0,94.0
1770041772108857343,173288,10.112,141.2,9.96,-102.7,2.56,2.83,5.44,-4.13,-4.5,-0.17,0.0,-0.42,11950.81,70.0,52.09,46.38,98.0,94.0
1770041772223519211,173403,10.06,138.5,10.168,-104.6,1.48,2.46,5.75,-4.13,-4.31,-0.31,-0.08,-0.41,11950.63,70.0,51.25,47.59,98.0,94.0
1770041772342229666,173517,9.86,139.5,10.324,-96.7,2.17,2.66,6.06,-3.88,-4.19,-0.2,0.0,-0.35,11944.97,70.0,52.26,50.81,98.0,94.0
1770041772456914661,173634,9.916,95.3,10.388,-129.3,2.3,1.52,6.0,-3.75,-4.19,-0.13,0.17,-0.46,11946.18,70.0,52.99,49.36,98.0,94.0
1770041772575714052,173752,9.032,115.8,10.336,-93.6,1.7,2.38,6.31,-3.5,-4.25,0.02,-0.32,-0.39,11949.43,70.0,50.24,49.53,98.0,94.0
1770041772690380216,173868,8.832,0.0,9.896,-112.0,2.07,2.01,6.31,-3.31,-4.31,0.09,-0.14,-0.34,11946.18,70.0,51.25,49.79,98.0,94.0
1770041772805060730,173982,10.34,95.3,9.42,-98.1,1.52,1.74,6.19,-3.25,-4.31,0.11,-0.05,-0.45,11942.23,70.0,52.72,54.18,98.0,94.0
1770041772923889488,174099,10.128,102.1,10.084,-107.2,1.72,1.23,5.81,-3.31,-4.38,-0.12,0.04,-0.42,11937.09,70.0,52.99,55.17,98.0,94.0
1770041773038504261,174217,9.492,80.4,10.42,0.0,2.27,2.15,5.44,-3.44,-4.38,0.24,0.05,-0.39,11939.49,70.0,53.78,55.19,98.0,94.0
1770041773153129274,174332,10.408,104.8,9.42,-123.2,2.25,1.29,5.31,-3.63,-4.25,0.0,-0.17,-0.39,11944.46,70.0,52.72,53.45,98.0,94.0
1770041773275985903,174448,9.868,116.2,10.108,-90.9,1.5,2.11,5.13,-3.81,-4.19,-0.28,-0.04,-0.39,11943.09,70.0,53.72,51.54,98.0,94.0
1770041773400768356,174570,9.564,111.9,9.6,-120.7,1.72,1.86,5.25,-3.75,-4.13,0.1,-0.04,-0.46,11951.49,70.0,51.77,49.69,98.0,94.0
1770041773509464521,174686,10.324,120.5,10.26,-146.2,2.6,2.07,5.31,-3.63,-4.13,-0.1,0.05,-0.35,11947.38,70.0,51.25,50.52,98.0,96.0
1770041773624124179,174803,10.016,117.6,9.608,-120.1,1.54,2.27,5.38,-3.38,-4.19,-0.05,-0.07,-0.41,11948.23,70.0,53.52,48.52,98.0,96.0
1770041773726547569,174919,9.408,78.0,10.404,-98.5,1.88,1.39,5.56,-3.06,-4.31,0.12,0.0,-0.48,170.47,70.0,52.39,48.65,98.0,96.0
1770041773824752235,175020,9.64,91.9,10.092,-103.0,1.72,1.52,5.5,-2.94,-4.38,0.07,-0.12,-0.44,169.1,70.0,51.69,48.36,98.0,96.0
1770041773927222268,175120,10.296,83.2,10.432,-133.0,1.82,1.72,5.5,-2.88,-4.44,0.19,0.04,-0.35,194.31,70.0,54.44,50.18,98.0,96.0
1770041774041938622,175219,9.016,75.6,9.832,-89.0,1.74,1.48,5.44,-2.88,-4.38,-0.03,-0.22,-0.37,11945.66,70.0,53.0,50.52,98.0,96.0
1770041774156549553,175334,8.816,106.5,10.264,-86.7,2.11,1.88,5.38,-3.0,-4.38,0.14,-0.03,-0.41,11945.49,70.0,52.54,49.66,100.0,96.0
1770041774275285518,175451,9.664,98.6,9.904,-94.0,2.01,1.74,5.38,-3.19,-4.31,0.05,-0.13,-0.29,11942.06,70.0,54.44,49.36,100.0,96.0
1770041774394079293,175566,10.368,127.8,10.088,-89.0,1.68,2.17,5.25,-3.25,-4.25,0.06,0.07,-0.36,11949.95,70.0,51.54,48.64,100.0,96.0
1770041774508716221,175686,10.176,107.4,10.384,-116.4,2.42,2.68,5.25,-3.31,-4.25,-0.42,0.18,-0.27,11953.04,70.0,50.52,47.01,100.0,96.0
1770041774633482975,175804,8.836,132.9,10.352,-101.4,1.72,1.8,5.38,-3.19,-4.25,-0.02,0.16,-0.46,11951.49,70.0,48.33,48.33,100.0,96.0
1770041774748156641,175919,9.72,90.5,9.952,-96.1,1.72,1.58,5.38,-3.0,-4.25,-0.14,0.01,-0.35,11945.49,70.0,51.99,50.52,100.0,96.0
1770041774856847735,176033,9.196,95.8,9.996,-89.5,1.66,1.64,5.56,-2.69,-4.38,-0.09,0.08,-0.34,11947.89,70.0,51.99,49.79,100.0,96.0
1770041774959290062,176151,8.604,102.4,9.684,-117.3,1.7,2.03,5.63,-2.38,-4.5,-0.06,0.32,-0.51,180.25,70.0,51.18,46.23,100.0,96.0
1770041775073979643,176251,9.616,117.1,10.412,-126.9,2.11,1.95,5.63,-2.31,-4.5,0.02,0.1,-0.45,11942.4,70.0,53.49,48.54,100.0,96.0
1770041775176333045,176368,10.332,116.1,10.408,-85.1,1.8,2.07,5.63,-2.31,-4.44,-0.08,-0.37,-0.24,167.04,70.0,53.58,49.76,100.0,96.0
1770041775274600960,176468,10.04,130.0,9.176,-107.7,2.01,2.15,5.56,-2.44,-4.5,0.03,0.0,-0.32,171.16,70.0,55.86,50.86,100.0,96.0
1770041775393351733,176567,10.384,107.3,10.184,-97.7,1.41,1.78,5.56,-2.56,-4.44,-0.01,-0.11,-0.41,11935.54,70.0,54.81,51.82,100.0,96.0
1770041775512206032,176687,9.82,123.1,10.348,-92.2,1.39,2.07,5.56,-2.69,-4.31,-0.04,-0.31,-0.12,11944.29,70.0,52.63,48.42,100.0,96.0
1770041775626838820,176803,9.516,110.7,10.34,-81.1,1.52,1.66,5.63,-2.75,-4.31,0.06,-0.16,-0.41,11951.15,70.0,53.18,46.53,100.0,96.0
1770041775741499105,176918,10.112,122.5,9.952,-131.5,1.86,2.5,5.81,-2.75,-4.25,-0.23,0.03,-0.22,11948.41,70.0,52.26,45.73,100.0,96.0
1770041775860268357,177033,9.952,125.7,9.552,-117.5,2.03,2.44,6.0,-2.81,-4.25,-0.15,-0.1,-0.39,11947.89,70.0,52.72,47.59,100.0,98.0
1770041775958563306,177150,9.68,109.4,9.456,-93.4,1.62,2.11,6.44,-2.56,-4.31,-0.09,0.07,-0.52,175.27,70.0,51.55,49.84,100.0,98.0
1770041776077332459,177249,10.376,83.6,10.148,-113.8,2.05,1.41,6.5,-2.31,-4.38,-0.15,0.05,-0.15,11952.01,70.0,49.33,48.33,100.0,98.0
1770041776175592620,177370,9.844,90.7,9.964,-108.2,2.5,1.76,6.5,-2.13,-4.38,0.0,-0.19,-0.08,176.65,70.0,48.12,46.4,100.0,98.0
1770041776294305536,177470,10.036,111.2,9.6,-108.4,2.4,1.64,6.44,-2.06,-4.38,0.16,-0.07,-0.5,11948.23,70.0,52.5,49.04,100.0,98.0
1770041776409005989,177589,10.396,101.1,9.896,-100.5,1.88,1.8,6.5,-2.19,-4.38,0.22,0.05,-0.42,11946.0,70.0,52.09,47.81,102.0,98.0
1770041776527818247,177703,10.284,88.3,10.324,-96.1,1.7,1.54,6.5,-2.31,-4.31,0.0,0.02,-0.43,11945.49,70.0,52.26,48.64,102.0,98.0
1770041776642491165,177819,9.936,77.7,9.388,-133.0,2.25,1.72,6.5,-2.38,-4.31,-0.23,0.05,-0.59,11949.78,70.0,50.52,48.33,102.0,98.0
1770041776761255631,177935,9.864,105.1,10.352,-113.9,1.58,1.6,6.38,-2.5,-4.25,0.34,0.1,-0.5,11948.92,70.0,52.26,47.18,102.0,98.0
1770041776875937087,178054,9.672,108.7,9.916,-114.6,1.74,2.05,6.44,-2.56,-4.25,-0.1,-0.25,-0.25,11949.78,70.0,51.65,46.7,102.0,98.0
1770041776994704830,178169,10.3,112.8,9.46,-108.8,1.54,2.19,6.56,-2.63,-4.19,0.0,-0.11,-0.33,11951.83,70.0,51.1,47.5,102.0,98.0
1770041777109375909,178287,10.2,127.6,10.188,-97.3,2.17,2.34,7.0,-2.56,-4.19,-0.28,0.03,-0.43,11949.95,70.0,51.25,46.86,102.0,98.0
1770041777228147716,178402,10.252,99.4,10.34,-166.9,2.93,1.48,7.25,-2.25,-4.19,-0.12,0.0,-0.38,11954.41,70.0,47.5,47.5,102.0,98.0
1770041777342807343,178519,9.028,117.0,9.836,-140.6,2.29,1.99,7.19,-2.06,-4.25,0.17,0.12,-0.5,11955.78,70.0,49.06,46.86,102.0,98.0
1770041777457460655,178636,9.848,114.3,10.072,-108.9,1.82,2.5,7.19,-2.0,-4.19,0.1,0.14,-0.46,11953.55,70.0,50.67,47.81,102.0,98.0
1770041777572160186,178751,8.828,113.7,9.972,0.0,2.81,2.15,7.06,-2.13,-4.13,0.1,0.08,-0.17,11943.09,70.0,52.99,50.09,102.0,98.0
1770041777690929807,178865,9.672,89.4,10.084,-116.3,1.95,1.6,7.06,-2.25,-4.06,-0.18,-0.35,-0.46,11935.89,70.0,56.38,52.72,102.0,98.0
1770041777809693392,178982,9.932,127.3,10.192,-119.4,2.25,1.37,6.94,-2.38,-4.06,0.36,0.23,-0.61,11945.83,70.0,50.09,50.81,102.0,98.0
1770041777924374054,179100,8.716,141.7,10.352,-95.5,2.13,2.36,6.81,-2.5,-4.0,-0.06,-0.12,-0.3,11946.86,70.0,53.26,48.94,102.0,98.0
1770041778039023366,179216,10.252,102.9,9.868,-122.9,1.89,1.91,6.88,-2.56,-4.0,-0.07,-0.09,-0.48,11948.41,70.0,52.26,49.36,102.0,98.0
1770041778153727582,179330,10.288,127.5,10.192,-99.7,1.89,2.52,6.94,-2.69,-3.94,-0.15,-0.16,-0.32,11949.09,70.0,53.45,48.33,102.0,98.0
1770041778268385877,179446,9.244,104.9,10.068,-88.7,1.54,1.91,7.31,-2.63,-4.0,0.0,-0.07,-0.35,11949.43,70.0,52.72,47.59,102.0,98.0
1770041778387126469,179562,9.908,104.0,9.172,-149.1,1.97,2.01,7.81,-2.5,-4.0,-0.25,0.13,-0.52,11952.52,70.0,49.66,48.22,102.0,100.0
1770041778501837426,179679,9.052,111.6,10.044,-137.6,1.97,1.68,7.94,-2.19,-4.0,0.06,0.04,-0.49,11948.75,70.0,50.81,49.36,102.0,100.0
1770041778620602072,179794,10.216,97.8,10.26,-124.9,2.05,1.91,7.94,-2.06,-3.94,0.36,-0.09,-0.63,11942.75,70.0,53.26,48.94,102.0,100.0
1770041778735245886,179910,9.944,109.6,9.98,-108.1,1.95,2.03,7.94,-2.13,-3.94,-0.14,-0.07,-0.4,11937.94,70.0,56.14,50.23,104.0,100.0
1770041778854040178,180029,9.152,102.8,9.396,-85.5,1.88,1.52,8.0,-2.31,-3.88,0.07,-0.04,-0.48,11941.72,70.0,54.23,50.67,104.0,100.0
1770041778964643505,180144,10.044,74.5,10.212,-98.0,1.76,1.48,7.94,-2.5,-3.81,0.04,-0.08,-0.52,11946.0,70.0,52.99,51.54,104.0,100.0
1770041779087488145,180256,9.668,81.9,10.376,-95.0,1.62,1.25,7.81,-2.75,-3.81,0.04,0.17,-0.46,11947.72,70.0,53.65,52.16,104.0,100.0
1770041779206226094,180379,9.912,93.1,9.468,-95.3,1.99,1.66,7.81,-2.81,-3.81,0.17,0.0,-0.3,11942.23,70.0,53.65,52.29,104.0,100.0
1770041779324988299,180500,9.672,83.0,10.252,-91.4,2.34,1.41,7.75,-3.0,-3.94,-0.07,0.02,-0.34,11941.03,70.0,52.81,52.09,104.0,100.0
1770041779439702291,180615,9.768,77.0,10.416,-132.0,2.23,1.46,7.94,-3.06,-4.0,-0.07,-0.01,-0.35,11950.12,70.0,49.36,50.81,104.0,100.0
1770041779554378324,180729,10.084,80.6,10.348,-152.7,2.46,1.17,8.06,-2.94,-4.06,-0.19,0.01,-0.45,11947.72,70.0,49.36,51.54,104.0,100.0
1770041779669032988,180847,10.244,99.2,10.152,-146.8,2.64,1.45,8.0,-2.69,-4.06,0.11,0.15,-0.39,11945.66,70.0,50.52,51.25,104.0,100.0
1770041779791909419,180962,9.944,106.6,10.38,-102.4,1.46,2.01,7.94,-2.56,-4.06,0.12,-0.1,-0.22,11942.23,70.0,52.81,49.95,104.0,100.0
1770041779906580934,181082,9.444,95.2,8.956,0.0,1.17,1.78,7.88,-2.75,-4.0,0.0,0.01,-0.39,11943.6,70.0,54.49,50.24,104.0,100.0
1770041780021252872,181197,8.496,103.8,9.024,-115.0,1.74,1.66,7.94,-2.88,-4.0,0.1,-0.18,-0.42,11944.12,70.0,54.18,51.25,104.0,100.0
1770041780140022022,181313,10.112,127.5,9.736,-99.2,1.68,1.84,7.88,-3.06,-3.94,-0.01,-0.3,-0.42,11942.4,70.0,55.17,49.36,104.0,100.0
1770041780258783044,181430,9.996,88.2,9.992,-109.2,1.99,1.62,7.88,-3.13,-3.94,0.06,-0.04,-0.43,11946.18,70.0,52.99,50.09,104.0,100.0
1770041780373419948,181548,9.896,94.4,10.364,-96.1,1.84,2.11,7.88,-3.25,-3.94,-0.16,-0.08,-0.34,11946.52,70.0,51.22,50.52,104.0,100.0
1770041780488144713,181665,9.656,74.3,10.36,-135.7,1.97,1.31,7.88,-3.38,-4.06,0.09,0.2,-0.22,11942.75,70.0,53.92,51.7,104.0,100.0
1770041780606937380,181780,9.604,0.0,9.944,-94.1,1.56,1.27,8.06,-3.44,-4.13,-0.24,0.02,-0.36,11948.23,70.0,51.1,51.1,104.0,100.0
1770041780721581561,181897,8.808,97.9,9.704,0.0,2.17,1.91,8.19,-3.25,-4.13,0.0,0.14,-0.36,11952.69,70.0,47.59,50.52,104.0,102.0
1770041780840360229,182013,9.54,104.5,9.704,-118.6,2.4,1.84,8.19,-3.06,-4.13,-0.06,0.06,-0.42,11944.29,70.0,50.95,50.95,104.0,102.0
1770041780955026297,182129,10.404,95.1,10.192,-95.5,2.4,1.58,8.13,-3.0,-4.19,0.23,0.2,-0.38,11942.4,70.0,53.92,51.7,104.0,102.0
1770041781053317314,182245,9.592,91.3,10.084,-106.2,1.93,1.76,8.13,-3.06,-4.13,0.04,-0.01,-0.31,194.31,70.0,57.33,51.96,106.0,102.0
1770041781172062245,182345,8.596,91.7,10.04,-106.4,1.31,1.68,8.19,-3.19,-4.13,0.16,-0.18,-0.47,11938.46,70.0,55.48,53.49,106.0,102.0
1770041781290809323,182465,9.284,90.9,9.668,-109.2,2.34,2.11,8.0,-3.38,-4.06,-0.24,-0.24,-0.17,11939.32,70.0,52.81,52.81,106.0,102.0
1770041781405502734,182580,9.936,106.6,9.928,-116.5,1.93,1.88,7.94,-3.44,-4.0,0.02,-0.12,-0.29,11943.43,70.0,51.82,51.82,106.0,102.0
1770041781524307715,182696,8.928,105.1,10.192,-112.2,1.8,2.15,7.88,-3.5,-4.0,0.09,-0.1,-0.46,11941.54,70.0,52.81,51.38,106.0,102.0
1770041781638960167,182813,9.82,87.2,10.18,-101.0,1.56,2.13,7.81,-3.63,-4.06,-0.01,0.06,-0.4,11944.97,70.0,53.92,52.44,106.0,102.0
1770041781763682828,182929,9.46,121.3,10.156,-96.9,2.83,1.64,7.94,-3.56,-4.06,0.21,0.13,-0.17,11946.52,70.0,49.79,51.25,106.0,102.0
1770041781872414360,183047,9.836,119.2,10.188,-162.3,2.64,2.11,8.0,-3.44,-3.94,-0.09,-0.07,-0.35,11952.69,70.0,46.38,49.24,106.0,102.0
1770041781987083829,183161,9.76,108.4,10.008,-112.5,1.93,1.89,7.94,-3.25,-3.94,0.06,0.01,-0.39,11948.41,70.0,50.38,49.66,106.0,102.0
1770041782089481606,183279,8.632,78.6,10.06,-98.6,1.6,1.41,7.88,-3.19,-3.88,0.23,-0.17,-0.4,187.96,70.0,51.25,47.59,106.0,102.0
1770041782208271288,183379,10.328,110.3,9.968,-98.5,1.78,1.74,7.88,-3.31,-3.88,0.02,0.1,-0.38,11944.8,70.0,53.49,49.53,106.0,102.0
1770041782322866221,183497,9.752,110.6,10.4,-107.3,1.35,1.93,8.0,-3.44,-3.81,0.06,-0.15,-0.45,11948.23,70.0,52.09,50.67,106.0,102.0
1770041782437557681,183613,9.532,106.4,9.88,-97.0,2.58,1.5,7.75,-3.56,-3.63,-0.39,0.0,-0.38,11948.75,70.0,51.82,48.94,106.0,102.0
1770041782556359696,183730,9.296,113.4,9.46,-147.0,2.19,1.78,7.81,-3.56,-3.69,-0.04,-0.19,-0.3,11947.03,70.0,51.54,48.64,106.0,102.0
1770041782654656177,183845,9.532,97.8,10.176,-139.6,2.58,1.68,7.88,-3.69,-3.69,-0.02,-0.24,-0.47,171.33,70.0,49.42,47.59,106.0,102.0
1770041782769357025,183945,9.84,111.0,9.952,-91.5,1.52,2.05,7.88,-3.75,-3.69,-0.09,0.02,-0.35,11941.54,70.0,54.49,47.06,106.0,102.0
1770041782888093120,184060,9.696,105.9,10.132,-95.1,1.68,2.19,8.25,-3.69,-3.81,-0.24,-0.03,-0.44,11948.06,70.0,52.99,47.18,106.0,102.0
1770041783002762453,184177,10.184,124.5,10.016,-181.8,2.97,2.17,8.44,-3.5,-3.88,0.01,0.07,-0.3,11957.84,70.0,47.59,45.4,106.0,102.0
1770041783121534539,184293,9.7,125.8,10.34,-121.8,2.36,2.01,8.63,-3.38,-3.88,0.04,-0.16,-0.3,11951.15,70.0,50.52,45.4,106.0,104.0
1770041783236276245,184411,10.408,111.3,10.284,-115.8,2.23,1.52,8.81,-3.25,-3.88,0.0,0.06,-0.44,11944.46,70.0,54.28,47.32,108.0,104.0
1770041783338565083,184527,10.04,95.1,9.78,-90.4,2.34,1.74,8.94,-3.19,-3.88,0.26,0.0,-0.36,162.75,70.0,54.27,46.78,108.0,104.0
1770041783436897312,184628,9.82,99.5,9.4,-125.4,1.6,1.86,9.06,-3.25,-3.81,0.19,-0.12,-0.47,166.7,70.0,56.42,48.84,108.0,104.0
1770041783539278568,184728,10.42,0.0,9.872,-103.7,2.81,2.01,9.0,-3.31,-3.81,0.06,0.12,-0.34,175.96,70.0,54.19,48.36,108.0,104.0
1770041783653950022,184827,8.704,102.6,9.516,-121.8,2.29,1.88,9.06,-3.38,-3.81,0.05,-0.06,-0.31,11944.97,70.0,54.17,48.75,108.0,104.0
1770041783768594922,184944,9.992,75.9,9.768,-102.6,2.34,1.97,9.13,-3.38,-3.81,0.11,0.21,-0.4,11944.46,70.0,51.99,49.06,108.0,104.0
1770041783887414949,185061,9.92,113.0,10.0,-94.2,1.97,2.11,9.13,-3.5,-3.88,-0.23,-0.22,-0.41,11946.69,70.0,54.44,47.18,108.0,104.0
1770041784002064960,185177,10.096,116.1,9.692,-121.2,1.91,1.86,9.44,-3.56,-4.19,0.0,0.01,-0.4,11947.89,70.0,52.26,47.18,108.0,104.0
1770041784120850776,185292,10.32,95.7,10.364,-140.3,2.93,1.33,9.56,-3.56,-4.25,-0.08,0.0,-0.4,11953.21,70.0,49.06,48.33,108.0,104.0
1770041784219120779,185411,9.732,112.2,10.132,-127.2,2.01,1.6,9.63,-3.56,-4.31,0.05,-0.04,-0.29,178.02,70.0,46.23,46.23,108.0,104.0
1770041784317395467,185510,9.824,90.5,9.704,-100.1,2.23,1.91,9.88,-3.56,-4.31,-0.03,0.1,-0.41,176.65,70.0,51.88,46.78,108.0,104.0
1770041784442115041,185610,8.48,79.1,9.768,-91.2,2.19,1.64,10.06,-3.44,-4.31,-0.19,0.05,-0.3,11942.57,70.0,54.96,47.9,108.0,104.0
1770041784554963330,185724,9.764,118.6,10.0,-134.3,1.8,1.84,10.19,-3.44,-4.31,-0.02,0.08,-0.39,11939.83,70.0,57.58,48.94,108.0,104.0
1770041784669623440,185844,10.124,123.1,9.972,-93.9,1.82,2.17,10.25,-3.44,-4.31,0.11,0.03,-0.37,11945.49,70.0,53.98,49.66,108.0,104.0
1770041784767886055,185959,10.016,90.8,10.348,-123.5,1.58,1.25,10.19,-3.44,-4.25,0.09,-0.12,-0.33,165.33,70.0,53.09,47.59,108.0,104.0
1770041784882554739,186059,10.072,82.5,10.34,-99.5,1.93,1.5,10.19,-3.44,-4.25,0.19,-0.13,-0.29,11943.26,70.0,52.69,51.21,108.0,104.0
1770041785009552815,186174,8.94,106.9,10.048,-86.1,1.89,1.58,10.13,-3.5,-4.31,-0.03,0.05,-0.46,11934.51,70.0,56.14,53.18,108.0,104.0
1770041785124250428,186299,8.892,116.2,9.5,-87.4,1.58,1.97,10.13,-3.5,-4.5,0.02,0.16,-0.34,11943.26,70.0,55.24,51.87,108.0,104.0
1770041785238918376,186415,10.136,133.4,10.304,-99.4,1.64,2.23,10.19,-3.31,-4.63,0.02,-0.03,-0.46,11946.0,70.0,51.54,50.09,108.0,104.0
1770041785357630528,186529,9.344,114.9,10.312,-144.6,2.4,1.93,10.13,-3.25,-4.69,0.07,-0.03,-0.36,11944.97,70.0,53.72,49.36,108.0,104.0
1770041785455974847,186647,9.904,155.5,10.308,-83.6,2.44,3.07,10.38,-3.25,-4.75,-0.1,-0.04,-0.31,174.24,70.0,54.27,48.65,108.0,104.0
1770041785570640759,186747,8.932,112.1,9.848,-79.4,2.27,1.88,10.63,-3.13,-4.63,0.02,-0.14,-0.34,11936.74,70.0,58.45,50.52,110.0,106.0
1770041785685311633,186861,10.104,96.1,10.14,-105.6,1.43,1.7,10.75,-3.13,-4.63,0.12,-0.07,-0.39,11936.23,70.0,58.07,51.54,110.0,106.0
1770041785799941308,186976,10.012,145.3,9.828,-75.7,1.04,2.17,10.75,-3.06,-4.63,-0.07,-0.08,-0.34,11936.74,70.0,59.31,50.52,110.0,106.0
1770041785918764079,187091,10.132,123.1,9.728,-122.1,1.52,1.5,10.88,-3.0,-4.63,-0.12,0.0,-0.29,11937.77,70.0,56.14,51.7,110.0,106.0
1770041786033404796,187208,10.132,124.8,10.064,-103.3,1.43,2.32,10.94,-3.0,-4.63,0.0,-0.14,-0.4,11938.63,70.0,56.37,51.38,110.0,106.0
1770041786135835805,187325,10.132,131.7,10.212,-109.6,1.41,1.89,11.13,-2.94,-4.69,-0.03,0.01,-0.35,178.19,70.0,56.14,50.52,110.0,106.0
1770041786238228281,187425,9.82,148.3,8.924,-90.1,2.29,2.64,11.25,-2.94,-4.81,-0.21,-0.3,-0.51,168.41,70.0,54.19,50.86,110.0,106.0
1770041786348755517,187526,9.432,165.0,9.068,-141.0,2.27,2.75,11.25,-2.88,-4.88,-0.17,-0.16,-0.47,11948.58,70.0,53.49,47.55,110.0,106.0
1770041786471645630,187639,10.136,128.2,9.916,-109.2,2.01,2.05,11.44,-2.81,-4.88,0.33,0.09,-0.49,11943.6,70.0,56.38,48.33,110.0,106.0
1770041786586326879,187760,10.052,125.5,10.032,-100.7,1.39,2.27,11.63,-2.88,-4.69,0.43,-0.26,-0.15,11939.66,70.0,56.37,49.41,110.0,106.0
1770041786700985795,187877,9.592,187.5,10.188,0.0,1.29,2.48,12.0,-2.94,-4.56,-0.15,0.01,-0.34,11937.6,70.0,55.65,51.25,110.0,106.0
1770041786819773855,187992,8.676,139.1,10.028,-111.4,1.27,2.71,12.19,-2.88,-4.5,0.12,0.21,-0.62,11927.14,70.0,56.37,58.52,110.0,106.0
1770041786918041502,188109,10.216,150.7,10.032,0.0,1.46,2.68,12.0,-2.81,-4.56,0.18,-0.01,-0.52,176.65,70.0,56.14,58.01,110.0,106.0
1770041787036821610,188209,8.992,146.9,10.192,-105.9,1.29,2.89,11.88,-2.69,-4.5,0.05,0.02,-0.53,11931.25,70.0,57.95,59.44,110.0,106.0
1770041787151514692,188324,10.2,166.0,10.152,-98.3,1.29,2.21,11.69,-2.69,-4.56,0.03,-0.02,-0.19,11928.34,70.0,54.95,59.94,110.0,106.0
1770041787266123967,188442,10.376,134.9,10.276,-77.9,2.34,1.97,11.5,-2.69,-4.69,0.11,0.04,-0.52,11931.25,70.0,55.4,60.57,110.0,106.0
1770041787389007703,188557,8.952,142.6,10.38,-92.3,2.27,2.07,11.25,-2.69,-4.75,0.01,0.0,-0.55,11931.94,70.0,54.95,59.94,110.0,106.0
1770041787503765373,188677,10.348,145.9,9.84,-112.9,1.56,2.29,10.88,-2.69,-4.69,0.29,-0.18,-0.33,11926.11,70.0,54.49,58.73,110.0,106.0
1770041787622485426,188793,9.776,123.4,10.14,-89.4,1.6,1.8,10.63,-2.75,-4.63,0.31,-0.2,-0.39,11930.23,70.0,55.89,57.35,112.0,106.0
1770041787737157752,188910,9.84,152.1,9.776,-73.3,1.64,2.79,10.75,-2.75,-4.38,-0.19,-0.08,-0.24,11929.03,70.0,56.14,55.42,112.0,108.0
1770041787855930486,189027,8.78,118.0,9.536,-86.3,1.48,1.78,10.81,-2.69,-4.31,0.06,-0.03,-0.38,11925.6,70.0,56.14,56.14,112.0,108.0
1770041787978796964,189146,9.272,133.7,10.144,-73.6,1.91,2.21,10.63,-2.63,-4.19,0.33,-0.01,-0.46,11935.71,70.0,55.19,53.78,112.0,108.0
1770041788093470561,189267,10.18,143.8,10.172,-132.4,2.56,1.88,10.56,-2.63,-4.19,0.25,-0.17,-0.49,11938.63,70.0,53.15,51.77,112.0,108.0
1770041788212306276,189383,10.16,132.9,9.952,-132.7,1.5,2.07,10.5,-2.69,-4.19,-0.11,0.04,-0.39,11938.63,70.0,53.72,52.99,112.0,108.0
1770041788330965895,189500,9.736,96.9,10.228,-73.6,1.74,2.4,10.56,-2.69,-4.31,-0.12,0.0,-0.36,11937.26,70.0,54.92,52.72,112.0,108.0
1770041788445679995,189619,9.348,97.9,10.072,-113.0,2.15,1.68,10.63,-2.69,-4.44,-0.15,-0.03,-0.43,11939.83,70.0,53.33,51.93,112.0,108.0
1770041788548081467,189735,10.368,120.6,9.556,-115.8,2.38,1.95,10.56,-2.63,-4.44,-0.31,0.1,-0.28,180.76,70.0,51.25,51.25,112.0,108.0
1770041788662740183,189836,8.928,132.3,10.12,-103.5,2.05,2.07,10.56,-2.63,-4.44,-0.05,0.0,-0.39,11936.06,70.0,55.48,50.52,112.0,108.0
1770041788761059888,189950,9.404,144.8,9.772,-104.6,2.25,2.85,10.69,-2.69,-4.31,0.1,0.05,-0.53,173.22,70.0,54.92,51.25,112.0,108.0
1770041788859299267,190050,8.656,133.0,8.984,-108.2,2.15,1.93,10.88,-2.63,-4.19,-0.26,0.08,-0.32,172.7,70.0,56.71,52.41,112.0,108.0
1770041788978098003,190150,10.112,101.8,10.068,-76.1,1.78,1.64,11.0,-2.56,-4.13,-0.05,0.0,-0.51,11931.94,70.0,56.47,55.48,112.0,108.0
1770041789076390071,190266,9.952,133.1,9.652,-83.6,1.37,1.88,10.88,-2.5,-4.06,0.09,-0.1,-0.33,165.33,70.0,56.75,53.09,112.0,108.0
1770041789178768736,190366,9.924,0.0,10.308,-88.5,1.88,1.6,10.81,-2.5,-4.0,0.1,-0.04,-0.51,169.44,70.0,55.02,53.36,112.0,108.0
1770041789277077443,190466,10.2,137.7,9.684,-89.0,1.68,2.19,10.81,-2.5,-4.0,-0.21,-0.21,-0.45,164.47,70.0,54.73,53.89,112.0,108.0
1770041789395851407,190566,9.804,119.7,10.112,-112.7,1.33,1.99,10.81,-2.5,-4.06,-0.14,0.02,-0.54,11924.39,70.0,57.77,55.32,112.0,108.0
1770041789510532731,190684,10.016,113.6,10.392,-111.7,2.09,1.88,10.81,-2.44,-4.25,0.07,0.02,-0.43,11929.54,70.0,55.17,56.62,112.0,108.0
1770041789635208036,190800,10.332,0.0,9.8,-80.6,1.33,1.84,10.69,-2.44,-4.31,0.13,-0.04,-0.43,11932.45,70.0,56.38,53.45,112.0,108.0
1770041789748050438,190916,8.856,122.8,10.096,-105.7,2.01,2.4,10.63,-2.44,-4.25,0.14,0.04,-0.42,11927.14,70.0,60.25,51.54,114.0,108.0
1770041789862752353,191035,9.952,171.4,10.228,-115.3,1.33,2.11,10.75,-2.5,-4.13,0.0,-0.08,-0.3,11931.25,70.0,56.37,52.09,114.0,108.0
1770041789977405364,191150,9.992,134.7,10.392,-93.0,2.13,2.15,10.94,-2.44,-4.0,-0.03,-0.04,-0.35,11931.43,70.0,55.89,54.44,114.0,110.0
1770041790092077142,191264,9.868,95.3,9.832,0.0,1.52,1.5,11.0,-2.38,-3.94,0.07,-0.12,-0.5,11930.05,70.0,57.61,56.88,114.0,110.0
1770041790210876752,191380,9.768,146.9,10.368,-63.4,1.64,1.41,10.94,-2.19,-3.94,0.03,-0.28,-0.39,11931.6,70.0,56.62,55.89,114.0,110.0
1770041790325490319,191499,9.664,97.4,9.628,-86.3,2.27,1.58,10.94,-2.13,-3.94,0.09,0.06,-0.41,11934.51,70.0,54.23,56.37,114.0,110.0
1770041790440128255,191613,10.388,0.0,10.24,-101.3,2.03,1.56,10.88,-2.13,-3.94,0.01,-0.03,-0.48,11929.2,70.0,54.7,57.58,114.0,110.0
1770041790542583028,191730,8.564,99.2,9.996,-82.4,1.72,1.97,10.75,-2.19,-4.25,0.0,0.06,-0.49,160.52,70.0,54.27,56.14,114.0,110.0
1770041790640873922,191831,9.08,96.2,9.696,-103.0,1.99,2.15,10.56,-2.19,-4.38,-0.04,-0.08,-0.4,165.33,70.0,53.89,56.42,114.0,110.0
1770041790743265534,191931,9.168,143.4,10.312,-88.4,1.99,1.84,10.44,-2.25,-4.44,-0.01,0.01,-0.5,161.21,70.0,53.05,53.89,114.0,110.0
1770041790851599527,192031,9.74,143.6,10.216,-86.1,1.68,1.76,10.31,-2.38,-4.44,0.0,0.08,-0.39,156.92,70.0,56.14,54.49,114.0,110.0
1770041790943951337,192132,9.1,113.4,8.924,-118.9,1.91,2.17,10.19,-2.44,-4.38,-0.11,-0.06,-0.36,156.24,70.0,56.42,54.73,114.0,110.0
1770041791046341369,192232,9.792,130.4,9.924,-107.2,1.54,1.89,10.25,-2.38,-4.31,0.11,-0.08,-0.36,163.27,70.0,57.26,56.42,114.0,110.0
1770041791161004761,192332,10.204,103.7,10.344,-98.1,1.5,1.68,10.19,-2.25,-4.25,-0.01,0.09,-0.45,11926.8,70.0,56.14,59.09,114.0,110.0
1770041791275638599,192448,9.1,118.0,9.92,-123.5,1.88,1.86,9.81,-2.13,-4.25,0.0,0.04,-0.42,11927.65,70.0,54.92,57.84,114.0,110.0
1770041791390328007,192564,10.056,125.1,10.224,-114.7,1.66,1.43,9.63,-2.13,-4.25,-0.01,0.06,-0.37,11927.31,70.0,54.44,58.8,114.0,110.0
1770041791505018544,192679,8.552,109.6,9.96,-110.8,1.76,1.56,9.31,-2.13,-4.25,-0.16,-0.03,-0.4,11930.05,70.0,55.89,55.89,114.0,110.0
1770041791627895340,192794,9.972,0.0,9.596,-76.8,1.37,2.19,9.31,-2.06,-4.5,0.06,0.15,-0.39,11931.77,70.0,55.89,55.89,114.0,110.0
1770041791742573156,192914,9.968,114.6,10.0,-129.7,2.27,1.93,9.25,-2.06,-4.56,-0.02,0.0,-0.35,11936.06,70.0,54.7,52.54,114.0,110.0
1770041791857255398,193029,9.916,118.9,9.928,0.0,2.09,1.76,9.13,-2.0,-4.56,0.06,-0.08,-0.35,11938.46,70.0,52.99,50.81,116.0,110.0
1770041791971924326,193144,9.544,128.4,9.904,0.0,1.86,1.88,9.06,-2.06,-4.5,0.06,0.0,-0.37,11935.37,70.0,55.65,51.99,116.0,110.0
1770041792090708462,193259,10.304,138.8,10.052,0.0,1.37,1.99,9.13,-2.06,-4.38,-0.17,-0.06,-0.26,11937.43,70.0,55.65,52.72,116.0,112.0
1770041792205368958,193377,9.516,0.0,9.904,-113.0,1.62,1.76,9.25,-2.0,-4.38,-0.11,0.1,-0.43,11930.91,70.0,55.19,55.19,116.0,112.0
1770041792320002660,193494,8.804,127.3,10.088,-89.0,2.19,1.6,9.06,-1.88,-4.31,-0.04,-0.06,-0.53,11933.48,70.0,55.89,55.17,116.0,112.0
1770041792434690673,193609,10.412,131.0,9.704,-85.1,2.07,1.84,8.88,-1.81,-4.31,-0.08,-0.13,-0.35,11931.25,70.0,56.14,56.14,116.0,112.0
1770041792553487947,193724,10.084,96.1,10.132,0.0,2.03,1.54,8.69,-1.81,-4.31,0.08,-0.12,-0.34,11931.77,70.0,54.44,55.17,116.0,112.0
1770041792672254150,193842,9.424,121.3,10.132,-112.9,1.31,1.76,8.56,-1.81,-4.38,0.0,0.1,-0.53,11931.77,70.0,55.43,54.73,116.0,112.0
1770041792786933163,193959,10.16,131.0,10.372,-102.7,1.45,2.13,8.63,-1.81,-4.5,0.03,-0.04,-0.39,11932.8,70.0,54.92,53.45,116.0,112.0
1770041792905702310,194074,9.932,104.5,10.296,-114.2,2.19,1.74,8.63,-1.81,-4.5,0.11,-0.14,-0.37,11935.37,70.0,53.98,53.26,116.0,112.0
1770041793020345760,194192,8.792,134.3,9.184,-101.7,1.74,2.23,8.56,-1.81,-4.5,-0.01,-0.1,-0.51,11932.11,70.0,56.38,50.52,116.0,112.0
1770041793139148011,194310,9.66,123.0,10.264,-82.0,1.31,1.62,8.69,-1.88,-4.38,0.0,-0.04,-0.37,11936.06,70.0,55.9,50.95,116.0,112.0
1770041793253790056,194425,8.568,92.4,9.536,-93.1,1.84,1.64,8.88,-1.81,-4.19,0.01,0.03,-0.33,11931.25,70.0,55.65,54.18,116.0,112.0
1770041793368489930,194540,10.4,96.7,10.06,-105.7,1.86,1.64,8.88,-1.69,-4.19,0.0,-0.04,-0.51,11932.28,70.0,55.17,54.44,116.0,112.0
1770041793487267757,194657,10.328,132.7,9.092,-120.0,1.48,2.15,8.75,-1.63,-4.19,0.05,-0.12,-0.45,11927.48,70.0,57.11,54.92,116.0,112.0
1770041793601987334,194775,10.4,124.4,10.196,0.0,1.23,1.82,8.63,-1.56,-4.19,0.09,-0.07,-0.22,11929.71,70.0,54.49,55.19,116.0,112.0
1770041793724816689,194890,10.408,114.3,10.3,-97.2,1.39,2.17,8.5,-1.56,-4.19,0.01,-0.04,-0.33,11930.4,70.0,54.44,55.89,116.0,112.0
1770041793827203823,195013,9.6,117.2,10.056,-80.4,1.41,2.05,8.5,-1.5,-4.38,0.0,-0.05,-0.35,195.51,70.0,53.02,54.58,116.0,112.0
1770041793941865108,195113,10.368,126.3,9.636,-84.2,1.43,2.15,8.44,-1.37,-4.5,0.17,-0.01,-0.42,11934.0,70.0,54.49,53.49,116.0,112.0
1770041794060639738,195230,10.3,133.9,9.68,-101.2,1.52,2.32,8.38,-1.37,-4.5,0.09,-0.07,-0.4,11935.03,70.0,53.45,52.72,118.0,112.0
1770041794163034869,195348,8.744,106.2,10.38,-75.0,1.52,2.23,8.38,-1.44,-4.5,-0.03,-0.01,-0.45,170.13,70.0,56.14,52.63,118.0,112.0
1770041794261281512,195448,10.304,147.8,10.168,-73.2,1.46,1.99,8.44,-1.44,-4.38,-0.17,-0.31,-0.37,156.92,70.0,54.19,53.36,118.0,112.0
1770041794363703697,195549,9.432,123.1,10.252,-65.3,1.72,2.17,8.56,-1.31,-4.25,-0.08,0.01,-0.42,155.38,70.0,54.19,54.19,118.0,114.0
1770041794462038018,195649,10.428,123.3,10.048,-74.6,1.91,1.54,8.5,-1.25,-4.25,-0.14,-0.08,-0.41,163.78,70.0,57.53,56.69,118.0,114.0
1770041794570325055,195749,9.504,101.7,9.756,-66.3,1.89,2.29,8.44,-1.12,-4.19,0.15,-0.13,-0.51,157.95,70.0,56.42,56.42,118.0,114.0
1770041794679060186,195850,9.552,123.6,9.096,-65.6,1.19,1.43,8.31,-1.06,-4.19,-0.01,-0.05,-0.4,11928.85,70.0,54.98,55.97,118.0,114.0
1770041794793746848,195966,9.856,97.9,9.804,-114.2,1.66,2.19,8.25,-1.06,-4.19,-0.21,0.02,-0.46,11933.48,70.0,55.65,55.65,118.0,114.0
1770041794912511503,196081,9.112,86.1,10.424,-112.4,1.88,1.48,8.25,-0.94,-4.31,0.18,-0.04,-0.34,11930.05,70.0,53.92,56.14,118.0,114.0
1770041795027179318,196199,10.072,93.6,9.06,-126.3,1.64,1.56,8.13,-0.88,-4.38,0.01,0.05,-0.31,11931.08,70.0,53.07,54.49,118.0,114.0
1770041795141861858,196314,9.964,105.8,9.764,-92.0,2.13,1.48,8.0,-0.81,-4.44,0.22,-0.14,-0.33,11931.25,70.0,53.72,53.72,118.0,114.0
1770041795256523566,196429,9.912,141.2,10.324,-92.7,1.37,2.46,7.88,-0.75,-4.38,0.0,0.0,-0.49,11929.03,70.0,55.4,51.7,118.0,114.0
1770041795383467132,196544,9.54,142.3,9.788,-112.9,2.01,1.93,8.0,-0.75,-4.19,0.02,-0.09,-0.36,11931.08,70.0,54.92,53.45,118.0,114.0
1770041795498172503,196669,9.572,128.6,10.264,-67.8,1.13,1.66,8.19,-0.75,-4.13,0.0,-0.1,-0.49,11923.88,70.0,57.47,55.47,118.0,114.0
1770041795612831434,196785,9.668,128.9,10.3,-102.2,1.74,2.11,8.19,-0.63,-4.06,-0.21,-0.07,-0.47,11924.74,70.0,56.62,55.17,118.0,114.0
1770041795731619173,196901,10.348,93.5,9.64,-116.0,1.78,1.58,8.19,-0.56,-4.06,-0.06,-0.03,-0.31,11929.37,70.0,55.65,55.65,118.0,114.0
1770041795846290251,197017,9.316,130.0,9.94,-78.5,1.37,1.56,8.13,-0.56,-4.06,0.13,0.0,-0.43,11930.57,70.0,54.44,55.89,118.0,114.0
1770041795965044251,197133,9.7,107.6,9.884,-118.0,1.66,1.46,8.06,-0.63,-4.13,0.09,-0.12,-0.3,11925.94,70.0,53.98,56.14,118.0,114.0
1770041796079701003,197252,10.252,126.3,9.936,-84.4,1.82,1.31,8.0,-0.75,-4.38,-0.04,-0.18,-0.4,11936.23,70.0,50.52,54.73,118.0,114.0
1770041796194429934,197368,10.352,116.7,10.216,-91.5,1.93,2.46,7.88,-0.81,-4.5,-0.31,0.04,-0.45,11938.46,70.0,51.42,53.65,120.0,114.0
1770041796309043096,197481,10.304,106.7,9.836,-114.1,1.84,1.66,7.75,-0.88,-4.5,0.11,0.06,-0.42,11937.43,70.0,51.99,51.25,120.0,114.0
1770041796427849953,197597,10.004,137.6,9.584,-121.4,2.11,2.25,7.81,-1.0,-4.44,-0.14,-0.04,-0.45,11935.37,70.0,52.44,51.7,120.0,114.0
1770041796554821255,197715,9.896,95.4,10.36,-102.1,1.46,1.52,7.88,-0.94,-4.25,-0.02,0.02,-0.32,11927.31,70.0,54.28,55.67,120.0,116.0
1770041796669494394,197839,10.004,107.2,9.952,-90.3,1.88,1.48,7.88,-0.88,-4.25,0.03,-0.17,-0.45,11930.05,70.0,56.14,56.14,120.0,116.0
1770041796784211456,197956,9.876,96.1,10.232,-65.9,1.23,1.54,7.81,-0.88,-4.25,0.01,-0.05,-0.35,11928.34,70.0,56.62,55.89,120.0,116.0
1770041796902950430,198072,9.964,86.3,9.652,-86.8,1.41,1.64,7.69,-0.88,-4.25,-0.03,-0.03,-0.44,11932.45,70.0,54.44,55.17,120.0,116.0
1770041797027665678,198190,8.64,79.9,9.92,-115.2,2.23,1.72,7.56,-0.94,-4.31,0.09,-0.3,-0.43,11933.48,70.0,54.03,56.14,120.0,116.0
1770041797169224993,198306,8.576,120.6,10.424,-117.8,1.76,1.84,7.44,-1.06,-4.56,-0.1,0.08,-0.41,11935.2,70.0,55.89,55.89,120.0,116.0
1770041797283799663,198454,8.808,104.4,10.1,-114.3,1.97,2.15,7.44,-1.0,-4.75,0.5,-0.37,-0.29,11937.09,70.0,50.64,52.91,120.0,116.0
1770041797398429661,198568,8.712,150.5,9.5,-116.5,2.11,2.13,7.25,-1.12,-4.88,-0.12,-0.19,-0.31,11935.54,70.0,51.54,51.54,120.0,116.0
1770041797517272301,198686,9.168,122.4,10.284,-111.3,2.19,1.84,7.38,-1.25,-4.88,0.06,0.03,-0.54,11942.06,70.0,52.81,52.81,120.0,116.0
1770041797615565194,198802,10.056,83.5,10.384,-114.6,1.68,1.5,7.38,-1.12,-4.75,-0.12,0.05,-0.39,160.52,70.0,52.39,54.27,120.0,116.0
1770041797730252429,198902,10.28,93.3,10.12,-93.0,1.68,1.95,7.38,-1.06,-4.69,-0.07,0.03,-0.43,11930.91,70.0,56.3,56.3,120.0,116.0
1770041797849020297,199017,9.528,83.2,10.356,-133.6,2.17,1.82,7.19,-1.06,-4.69,0.13,0.03,-0.55,11928.68,70.0,55.89,55.17,120.0,116.0
1770041797947308893,199135,10.184,112.2,10.288,-128.5,1.76,1.41,7.0,-1.06,-4.69,-0.12,-0.12,-0.51,165.33,70.0,56.14,56.14,120.0,116.0
1770041798049704754,199235,10.236,113.1,9.708,-120.8,1.56,1.72,6.88,-1.06,-4.69,0.02,-0.08,-0.46,159.67,70.0,53.89,54.73,120.0,116.0
1770041798164372752,199335,8.996,103.6,10.2,-98.7,1.74,1.33,6.63,-1.06,-4.75,0.11,-0.17,-0.36,11938.8,70.0,54.17,53.67,120.0,116.0
1770041798287243224,199450,9.872,118.2,9.572,-134.0,2.17,1.7,6.69,-1.19,-4.94,-0.22,-0.04,-0.37,11942.06,70.0,51.82,51.1,120.0,116.0
1770041798401914167,199571,9.812,88.0,9.78,-150.1,2.91,1.45,6.69,-1.19,-5.06,-0.03,-0.13,-0.46,11945.32,70.0,50.52,50.52,122.0,116.0
1770041798504309776,199689,9.888,88.0,10.348,0.0,2.34,1.7,6.56,-1.25,-5.06,0.01,0.02,-0.38,161.72,70.0,48.65,48.65,122.0,116.0
1770041798618969941,199789,9.968,132.6,9.824,-132.9,2.4,1.56,6.56,-1.25,-5.06,0.06,-0.09,-0.45,11945.66,70.0,52.5,51.02,122.0,116.0
1770041798737745945,199904,10.04,87.3,9.652,-131.9,1.78,2.11,6.63,-1.25,-5.0,-0.08,-0.02,-0.34,11933.48,70.0,54.23,54.95,122.0,118.0
1770041798852415887,200022,9.692,100.8,9.988,-84.0,1.41,1.13,6.63,-1.12,-5.0,-0.01,0.01,-0.44,11931.25,70.0,55.65,56.38,122.0,118.0
1770041798971197501,200139,9.828,61.6,10.076,-114.1,2.5,1.29,6.5,-1.12,-4.94,0.2,-0.1,-0.54,11934.0,70.0,53.78,57.32,122.0,118.0
1770041799069494085,200255,8.74,108.4,10.352,-131.8,1.6,2.07,6.19,-1.19,-4.94,0.14,-0.1,-0.49,177.16,70.0,53.09,54.92,122.0,118.0
1770041799184200490,200355,10.284,114.7,10.2,-98.5,1.5,1.43,6.06,-1.19,-4.94,-0.09,-0.15,-0.38,11936.91,70.0,52.81,54.81,122.0,118.0
1770041799302896707,200470,9.784,90.8,9.58,-112.9,1.74,1.15,5.88,-1.19,-5.0,-0.11,-0.05,-0.45,11932.97,70.0,54.92,54.18,122.0,118.0
1770041799417567854,200587,10.212,112.3,9.508,-86.1,2.29,1.6,5.81,-1.31,-5.19,-0.11,-0.04,-0.24,11940.34,70.0,53.72,51.54,122.0,118.0
1770041799540491034,200701,9.908,87.8,10.184,-113.4,2.54,1.62,5.88,-1.31,-5.31,-0.01,-0.06,-0.53,11943.26,70.0,51.82,51.82,122.0,118.0
1770041799638763628,200825,10.368,123.3,10.084,-116.6,1.82,1.72,5.81,-1.37,-5.38,0.0,-0.12,-0.26,166.87,70.0,46.07,47.66,122.0,118.0
1770041799741167431,200926,9.756,140.7,9.584,-98.8,1.64,2.44,5.88,-1.37,-5.31,-0.02,-0.01,-0.38,162.75,70.0,50.52,48.84,122.0,118.0
1770041799839406953,201026,9.412,100.7,9.632,-130.9,1.95,1.76,5.88,-1.31,-5.25,-0.1,-0.06,-0.41,168.41,70.0,55.31,50.36,122.0,118.0
1770041799941848735,201126,10.416,80.0,9.748,-118.5,1.46,1.74,5.88,-1.25,-5.25,-0.02,-0.03,-0.41,175.44,70.0,54.19,54.19,122.0,118.0
1770041800040144389,201226,8.504,94.7,9.768,-75.2,1.45,1.62,5.88,-1.19,-5.25,0.04,-0.14,-0.33,167.73,70.0,56.43,53.82,122.0,118.0
1770041800138423765,201325,10.432,97.4,9.836,-84.1,1.17,1.62,5.81,-1.19,-5.19,0.46,0.17,-0.53,209.06,70.0,53.36,53.36,122.0,118.0
1770041800253023140,201425,8.976,105.7,9.496,-82.1,2.25,1.91,5.75,-1.25,-5.25,-0.03,-0.04,-0.44,11942.23,70.0,53.45,52.94,122.0,118.0
1770041800371836926,201540,10.032,87.2,10.252,-109.5,1.84,0.92,5.69,-1.25,-5.25,0.03,0.04,-0.44,11947.89,70.0,50.38,51.1,122.0,118.0
1770041800470177741,201656,9.684,95.1,10.38,-96.3,1.6,1.54,5.56,-1.37,-5.31,-0.16,-0.08,-0.38,166.87,70.0,50.52,48.65,122.0,118.0
1770041800572559647,201756,10.176,102.8,10.244,-142.0,1.84,1.8,5.63,-1.37,-5.44,-0.03,0.04,-0.61,163.27,70.0,51.36,47.15,122.0,118.0
1770041800687224795,201857,9.136,103.6,9.492,-105.0,2.42,1.6,5.69,-1.37,-5.56,0.22,0.06,-0.51,11952.86,70.0,49.53,47.55,124.0,118.0
1770041800805992381,201973,9.5,87.2,9.448,-147.4,2.5,1.58,5.63,-1.37,-5.63,0.11,0.04,-0.3,11951.15,70.0,50.67,46.38,124.0,118.0
1770041800920673379,202090,8.508,97.0,10.228,-100.7,1.66,2.09,5.69,-1.44,-5.56,-0.06,-0.08,-0.31,11946.69,70.0,50.81,46.46,124.0,118.0
1770041801018980557,202205,10.3,94.4,9.9,-114.9,1.99,1.33,5.81,-1.37,-5.44,-0.05,-0.12,-0.44,176.82,70.0,54.92,47.59,124.0,120.0
1770041801141842957,202305,8.72,99.4,10.272,-118.0,1.68,1.78,5.94,-1.37,-5.38,-0.08,0.07,-0.38,11940.17,70.0,54.17,50.72,124.0,120.0
1770041801256483919,202426,8.824,72.2,9.772,-96.9,1.66,1.84,6.0,-1.37,-5.31,-0.09,0.13,-0.51,11944.63,70.0,54.03,50.52,124.0,120.0
1770041801371148010,202543,10.048,86.7,10.364,-109.3,1.72,1.78,5.94,-1.44,-5.25,-0.1,0.0,-0.41,11941.89,70.0,53.45,51.25,124.0,120.0
1770041801489961168,202657,9.864,88.4,9.584,-121.4,1.93,1.58,5.94,-1.44,-5.31,0.01,-0.08,-0.4,11944.12,70.0,52.26,51.54,124.0,120.0
1770041801614677080,202774,9.984,78.9,9.772,-99.8,2.52,1.31,5.88,-1.44,-5.31,-0.09,-0.1,-0.44,11938.63,70.0,53.45,51.25,124.0,120.0
1770041801723404271,202892,10.356,98.1,10.368,-86.4,1.58,1.58,6.0,-1.5,-5.44,-0.06,-0.04,-0.4,11943.09,70.0,54.23,48.52,124.0,120.0
1770041801838081730,203006,9.532,70.1,9.98,-114.2,2.11,1.45,6.0,-1.5,-5.63,0.08,-0.04,-0.39,11947.55,70.0,51.25,46.86,124.0,120.0
1770041801952757987,203121,9.996,72.5,9.82,-130.6,2.99,1.27,6.0,-1.44,-5.69,0.0,-0.17,-0.41,11952.52,70.0,49.36,47.18,124.0,120.0
1770041802071527682,203238,9.544,0.0,9.832,-93.2,1.45,2.19,6.06,-1.63,-5.69,-0.04,0.06,-0.44,11953.21,70.0,50.52,42.47,124.0,120.0
1770041802186198417,203355,9.376,79.5,10.064,-89.9,1.62,1.82,6.25,-1.69,-5.63,0.05,-0.22,-0.3,11952.86,70.0,51.38,42.82,124.0,120.0
1770041802304930488,203469,10.256,60.5,9.188,-147.2,2.38,1.48,6.56,-1.69,-5.56,-0.05,-0.06,-0.4,11950.81,70.0,52.44,45.06,124.0,120.0
1770041802407345516,203591,10.348,65.2,10.388,-81.8,1.54,1.48,6.81,-1.75,-5.5,-0.07,0.1,-0.37,174.24,70.0,53.44,43.72,124.0,120.0
1770041802526133435,203691,10.096,53.8,10.416,-103.4,1.68,1.52,6.81,-1.75,-5.5,-0.22,-0.16,-0.4,11944.63,70.0,52.01,48.54,124.0,120.0
1770041802640804948,203809,9.224,67.2,10.036,-93.4,2.5,1.11,6.81,-1.75,-5.44,-0.09,-0.02,-0.34,11941.37,70.0,54.73,49.12,124.0,120.0
1770041802759601792,203927,9.92,70.7,10.184,-91.9,2.01,1.43,6.81,-1.75,-5.44,0.11,0.01,-0.49,11943.95,70.0,52.26,49.36,124.0,120.0
1770041802874251399,204043,10.24,60.1,10.464,-101.4,1.56,1.41,6.88,-1.75,-5.56,0.13,-0.02,-0.39,11939.49,70.0,56.62,49.36,124.0,120.0
1770041802988949836,204158,10.44,62.6,9.856,-119.8,2.66,1.09,7.0,-1.75,-5.81,-0.05,-0.19,-0.35,11940.34,70.0,52.99,50.09,126.0,120.0
1770041803091327081,204273,10.364,67.6,10.38,-111.1,1.93,1.46,7.06,-1.81,-6.06,-0.09,0.16,-0.24,167.56,70.0,53.09,47.59,126.0,120.0
1770041803189643388,204374,10.132,63.2,10.396,-80.3,2.15,1.11,7.13,-1.81,-6.06,0.02,-0.12,-0.36,164.64,70.0,53.36,48.36,126.0,120.0
1770041803291989129,204474,9.672,97.5,9.572,-87.6,1.48,1.97,7.25,-2.0,-5.94,0.19,-0.2,-0.28,168.41,70.0,53.58,45.93,126.0,120.0
1770041803390256643,204574,9.496,69.9,9.848,-89.5,1.35,1.48,7.44,-2.19,-5.88,0.16,0.0,-0.39,190.02,70.0,54.19,45.85,126.0,120.0
1770041803519118081,204675,10.452,103.7,9.152,-114.8,1.43,1.72,7.75,-2.25,-5.81,-0.12,-0.08,-0.4,11938.12,70.0,55.64,46.78,126.0,122.0
1770041803627833275,204795,10.252,79.4,10.26,-103.4,1.19,1.37,8.0,-2.19,-5.75,-0.01,-0.09,-0.44,11940.52,70.0,56.14,49.12,126.0,122.0
1770041803742526133,204912,9.86,57.3,9.828,-78.7,1.45,0.78,8.13,-2.06,-5.75,0.06,0.0,-0.44,11941.72,70.0,54.18,49.06,126.0,122.0
1770041803861286201,205027,10.38,55.9,9.668,-128.0,1.95,1.0,8.19,-2.06,-5.75,0.01,-0.04,-0.32,11941.72,70.0,53.26,48.94,126.0,122.0
1770041803959568640,205145,10.156,60.2,10.36,-85.2,1.45,1.17,8.25,-2.06,-5.81,-0.03,-0.05,-0.39,169.44,70.0,54.27,48.65,126.0,122.0
1770041804074221805,205245,9.888,73.1,10.316,-91.2,1.78,1.31,8.38,-2.0,-5.94,0.13,-0.09,-0.5,11943.26,70.0,53.67,49.73,126.0,122.0
1770041804193048754,205360,10.248,61.2,9.784,-116.8,2.46,1.19,8.44,-2.0,-6.19,-0.04,-0.03,-0.41,11945.15,70.0,51.25,49.06,126.0,122.0
1770041804307663890,205475,10.152,88.1,9.784,-76.5,1.74,1.68,8.44,-2.06,-6.19,0.05,0.03,-0.4,11939.14,70.0,56.38,49.06,126.0,122.0
1770041804426438788,205591,10.016,81.6,9.676,-79.8,1.89,1.37,8.5,-2.19,-6.06,0.05,0.0,-0.38,11941.03,70.0,55.89,47.18,126.0,122.0
1770041804541142584,205709,9.968,86.4,9.988,-75.0,1.05,1.6,8.63,-2.44,-6.0,0.03,-0.13,-0.45,11940.0,70.0,57.09,47.81,126.0,122.0
1770041804655819919,205824,10.308,85.8,10.196,-63.7,1.48,1.56,8.88,-2.56,-5.94,-0.07,-0.06,-0.35,11942.23,70.0,56.38,47.59,126.0,122.0
1770041804770508995,205939,8.856,85.7,9.128,-92.4,1.72,1.72,9.25,-2.5,-5.81,-0.07,-0.02,-0.41,11933.48,70.0,58.58,51.25,126.0,122.0
1770041804889275708,206055,10.132,73.7,10.4,-89.2,1.41,1.25,9.44,-2.31,-5.81,0.03,0.01,-0.38,11937.09,70.0,57.58,51.1,126.0,122.0
1770041805008048531,206171,8.844,53.7,10.036,-103.3,1.74,0.78,9.56,-2.25,-5.81,-0.1,0.04,-0.33,11938.46,70.0,54.7,50.38,126.0,122.0
1770041805122660716,206290,9.096,65.8,9.868,0.0,2.11,1.41,9.69,-2.19,-5.88,0.09,-0.05,-0.4,11937.77,70.0,56.84,50.52,128.0,122.0
1770041805249675718,206408,8.784,93.6,10.316,-98.7,1.91,1.93,9.75,-2.13,-5.94,0.01,-0.03,-0.45,11946.52,70.0,50.09,50.81,128.0,122.0
1770041805364327973,206533,9.588,79.4,10.028,-141.5,2.54,1.48,9.69,-2.13,-5.94,0.05,-0.1,-0.4,11941.54,70.0,51.87,50.52,128.0,122.0
1770041805483136809,206649,9.956,99.2,10.108,-114.2,1.33,2.01,9.69,-2.25,-5.88,-0.2,-0.07,-0.39,11938.8,70.0,56.62,50.09,128.0,122.0
1770041805597803749,206768,10.012,113.9,9.332,-87.2,1.21,2.03,9.69,-2.44,-5.75,-0.08,0.0,-0.41,11940.0,70.0,56.37,51.38,128.0,122.0
1770041805712476429,206882,8.972,112.1,10.268,-63.5,1.45,1.82,9.81,-2.69,-5.63,-0.02,-0.14,-0.35,11936.91,70.0,57.61,50.97,128.0,122.0
1770041805831254396,206995,9.956,116.6,10.312,-86.0,1.27,1.95,10.0,-2.75,-5.5,-0.1,-0.13,-0.36,11939.14,70.0,55.89,50.81,128.0,124.0
1770041805945934187,207114,9.98,76.7,10.284,-78.8,1.41,1.39,10.31,-2.56,-5.38,0.0,-0.03,-0.4,11937.09,70.0,55.17,53.72,128.0,124.0
1770041806060588706,207229,9.872,90.9,10.464,-119.9,2.09,1.54,10.38,-2.38,-5.38,-0.01,0.0,-0.46,11938.12,70.0,54.7,53.26,128.0,124.0
1770041806175289043,207345,10.356,71.7,9.336,-109.1,2.19,1.35,10.5,-2.19,-5.44,0.08,0.09,-0.41,11939.83,70.0,54.92,51.99,128.0,124.0
1770041806294046876,207460,10.3,82.4,9.968,-86.3,1.62,1.27,10.56,-2.06,-5.5,-0.06,-0.18,-0.47,11939.83,70.0,53.45,51.25,128.0,124.0
1770041806418759668,207577,10.132,84.4,9.768,-141.9,2.81,1.27,10.5,-2.06,-5.5,0.0,-0.19,-0.51,11940.17,70.0,51.25,51.99,128.0,124.0
1770041806527498361,207694,9.392,95.3,9.74,-94.5,1.19,1.95,10.38,-2.19,-5.5,0.0,0.07,-0.42,11937.94,70.0,56.37,51.38,128.0,124.0
1770041806642177236,207809,10.116,77.5,10.3,-69.9,1.64,1.39,10.38,-2.31,-5.44,0.03,-0.14,-0.41,11939.14,70.0,57.11,51.25,128.0,124.0
1770041806740478208,207925,10.2,82.6,9.812,-73.6,1.05,1.37,10.44,-2.56,-5.38,-0.17,-0.14,-0.35,178.87,70.0,57.33,50.16,128.0,124.0
1770041806869285679,208024,8.86,112.8,10.292,-70.0,1.52,1.84,10.5,-2.69,-5.31,0.08,-0.13,-0.44,11934.86,70.0,58.94,50.03,128.0,124.0
1770041806961638341,208145,9.624,113.6,10.284,-76.9,1.23,2.11,10.69,-2.81,-5.19,-0.14,0.0,-0.4,170.81,70.0,54.38,49.12,128.0,124.0
1770041807076305488,208245,9.332,74.3,10.276,-116.0,1.8,1.74,10.94,-2.69,-5.13,-0.15,-0.05,-0.36,11941.37,70.0,56.14,51.21,128.0,124.0
1770041807195081183,208361,10.1,74.9,10.144,-109.6,1.74,1.04,11.13,-2.56,-5.13,0.0,0.05,-0.35,11939.66,70.0,55.17,51.54,128.0,124.0
1770041807309709756,208477,9.344,75.4,9.588,-121.8,2.03,1.72,11.25,-2.25,-5.25,-0.05,-0.01,-0.39,11938.46,70.0,55.89,50.09,130.0,124.0
1770041807408068739,208592,10.312,81.0,10.36,-91.6,2.3,1.25,11.25,-2.13,-5.31,0.0,-0.06,-0.44,179.22,70.0,51.25,47.59,130.0,124.0
1770041807510455835,208692,9.652,93.8,10.02,-117.3,2.19,1.7,11.25,-2.06,-5.31,-0.1,-0.06,-0.31,207.34,70.0,50.52,48.84,130.0,124.0
1770041807625112294,208791,9.828,83.8,9.48,-133.5,1.74,1.56,11.25,-2.13,-5.31,0.13,-0.1,-0.3,11931.94,70.0,54.13,52.63,130.0,124.0
1770041807739796233,208907,10.136,93.3,9.956,0.0,1.93,2.11,11.19,-2.31,-5.25,0.11,-0.06,-0.46,11928.17,70.0,57.11,58.58,130.0,124.0
1770041807858562041,209021,9.828,125.5,9.296,-67.9,1.29,1.82,11.06,-2.5,-5.13,0.08,-0.09,-0.39,11930.23,70.0,59.02,56.86,130.0,124.0
1770041807973229721,209141,10.384,105.1,9.436,-87.2,1.21,1.84,10.94,-2.69,-5.06,-0.14,-0.08,-0.36,11933.48,70.0,58.3,56.86,130.0,124.0
1770041808096112330,209256,8.808,120.6,10.168,-82.1,2.05,1.45,10.94,-2.75,-5.0,-0.02,-0.02,-0.27,11932.45,70.0,55.42,56.86,130.0,126.0
1770041808210774112,209379,10.404,120.1,10.228,-84.1,2.15,2.34,11.0,-2.63,-4.94,0.0,-0.02,-0.35,11932.45,70.0,55.91,57.29,130.0,126.0
1770041808329508154,209495,8.548,101.2,10.4,-102.1,1.43,1.33,11.0,-2.38,-4.94,-0.08,-0.02,-0.41,11931.77,70.0,56.62,55.89,130.0,126.0
1770041808444198710,209613,10.132,114.8,10.424,-88.2,2.38,1.48,11.0,-2.06,-5.06,0.02,0.09,-0.52,11937.26,70.0,54.7,55.42,130.0,126.0
1770041808563023598,209728,10.104,100.0,9.928,-83.1,1.66,2.03,10.94,-2.0,-5.06,0.06,0.06,-0.4,11932.97,70.0,56.37,53.52,130.0,126.0
1770041808677677528,209845,9.932,118.3,9.576,-72.7,1.45,1.54,10.81,-2.0,-5.0,-0.05,0.0,-0.4,11935.03,70.0,59.31,52.72,130.0,126.0
1770041808796444345,209960,9.052,96.0,10.456,-94.8,1.62,1.76,10.81,-2.06,-5.0,-0.03,0.08,-0.36,11938.29,70.0,57.84,51.25,130.0,126.0
1770041808911126847,210078,10.436,88.1,10.224,-83.6,1.95,1.6,10.88,-2.31,-4.88,-0.03,-0.02,-0.39,11933.31,70.0,60.45,51.1,130.0,126.0
1770041809025757645,210193,10.444,88.1,9.884,-103.0,1.45,1.48,10.94,-2.38,-4.81,0.01,-0.01,-0.49,11937.26,70.0,57.8,50.67,130.0,126.0
1770041809144586578,210311,10.14,135.9,9.848,-94.9,1.27,2.46,11.06,-2.44,-4.75,-0.17,-0.02,-0.38,11936.74,70.0,55.65,50.52,130.0,126.0
1770041809263343850,210425,10.308,121.6,9.392,-123.8,1.58,2.34,11.31,-2.38,-4.63,0.0,0.0,-0.37,11942.92,70.0,54.7,51.1,130.0,126.0
1770041809365701981,210547,9.944,111.0,10.12,-76.6,1.93,2.01,11.56,-2.25,-4.63,-0.18,0.09,-0.4,185.05,70.0,55.06,50.2,130.0,126.0
1770041809464098897,210647,10.236,101.4,9.956,-125.0,1.52,1.62,11.69,-2.0,-4.69,0.1,-0.09,-0.4,175.27,70.0,56.42,52.21,132.0,126.0
1770041809566425623,210747,9.788,114.8,10.012,-126.8,2.03,1.52,11.75,-1.81,-4.75,-0.07,0.02,-0.49,167.56,70.0,55.29,51.03,132.0,126.0
1770041809685228299,210847,9.708,106.6,9.58,-102.4,1.7,1.8,11.69,-1.75,-4.75,0.05,0.11,-0.49,11936.74,70.0,54.98,52.01,132.0,126.0
1770041809799867495,210967,10.204,88.9,9.4,-113.2,1.72,1.41,11.69,-1.75,-4.69,0.08,-0.09,-0.45,11929.88,70.0,59.94,55.66,132.0,126.0
1770041809898163065,211082,9.832,99.6,9.68,-69.2,1.56,1.74,11.63,-1.94,-4.69,0.04,0.05,-0.38,5591.24,70.0,57.89,56.84,132.0,126.0
1770041810016919621,211182,9.896,93.9,10.388,-100.1,1.27,1.25,11.63,-2.13,-4.56,0.06,-0.14,-0.39,11929.71,70.0,58.39,55.93,132.0,126.0
1770041810131609485,211299,10.188,104.7,9.916,-105.8,1.58,2.36,11.56,-2.31,-4.56,-0.05,-0.03,-0.53,11930.23,70.0,57.35,54.44,132.0,126.0
1770041810250353117,211415,8.704,109.1,10.144,-75.8,2.11,2.3,11.56,-2.38,-4.5,0.0,-0.05,-0.44,11933.66,70.0,56.62,52.99,132.0,126.0
1770041810364996836,211533,9.576,90.2,10.408,-85.5,1.43,1.43,11.69,-2.31,-4.5,0.02,0.03,-0.55,11934.34,70.0,58.73,53.78,132.0,128.0
1770041810483824629,211649,10.148,119.7,10.236,-104.3,1.46,1.62,11.94,-2.13,-4.5,-0.22,0.04,-0.45,11940.52,70.0,54.44,53.72,132.0,128.0
1770041810598497772,211765,8.836,104.5,9.892,-95.9,2.11,1.72,12.0,-1.88,-4.56,-0.23,-0.06,-0.29,11939.32,70.0,54.92,54.18,132.0,128.0
1770041810717296956,211880,10.376,95.0,10.384,-139.2,2.07,2.19,11.94,-1.69,-4.63,0.16,-0.08,-0.43,11935.89,70.0,55.89,55.17,132.0,128.0
1770041810831960896,211998,9.704,103.4,10.204,-84.3,2.44,1.89,11.81,-1.69,-4.56,-0.04,-0.08,-0.41,11934.86,70.0,56.37,55.66,132.0,128.0
1770041810946619447,212114,9.964,115.6,10.392,-81.1,1.78,1.56,11.63,-1.81,-4.5,0.21,0.17,-0.36,11930.74,70.0,57.11,57.11,132.0,128.0
1770041811069492680,212228,9.596,90.5,10.416,-69.9,1.99,1.33,11.63,-1.94,-4.44,-0.02,-0.03,-0.41,11933.14,70.0,57.84,55.65,132.0,128.0
1770041811188334460,212350,10.288,136.2,10.396,-90.2,1.35,2.19,11.5,-2.13,-4.38,-0.09,0.02,-0.41,11938.8,70.0,57.51,52.71,132.0,128.0
1770041811302908261,212469,10.228,114.1,10.412,-84.8,2.05,1.89,11.5,-2.19,-4.38,-0.06,0.02,-0.4,11938.12,70.0,58.3,52.54,132.0,128.0
1770041811417614702,212583,9.528,92.8,10.224,-117.1,2.3,1.54,11.63,-2.19,-4.25,0.01,-0.15,-0.25,11940.52,70.0,54.44,52.26,132.0,128.0
1770041811532300459,212700,9.324,101.2,10.22,-126.1,1.78,2.48,11.94,-2.06,-4.31,-0.03,-0.06,-0.48,11935.37,70.0,56.14,53.18,134.0,128.0
1770041811655176659,212814,10.168,99.6,9.464,-85.5,2.07,1.43,12.06,-1.75,-4.38,-0.23,0.03,-0.46,11936.57,70.0,56.14,53.98,134.0,128.0
1770041811769867008,212935,10.376,83.5,9.236,-145.8,2.4,1.48,12.0,-1.37,-4.44,0.24,-0.08,-0.38,11938.46,70.0,54.03,53.33,134.0,128.0
1770041811884528970,213051,9.964,87.4,8.972,-91.0,2.21,1.54,11.94,-1.31,-4.38,0.11,-0.12,-0.36,11937.09,70.0,56.38,54.92,134.0,128.0
1770041811999181378,213167,9.716,94.1,10.364,-85.6,1.27,1.25,11.94,-1.37,-4.38,0.09,-0.13,-0.48,11933.83,70.0,58.07,54.44,134.0,128.0
1770041812117958236,213282,10.44,99.3,9.864,-73.2,1.86,1.66,11.94,-1.56,-4.38,-0.03,-0.04,-0.42,11930.91,70.0,58.58,55.65,134.0,128.0
1770041812236738099,213400,9.988,105.8,10.412,-89.4,1.15,1.54,11.94,-1.75,-4.38,-0.11,-0.08,-0.36,11936.74,70.0,57.54,54.03,134.0,128.0
1770041812351372658,213517,9.808,113.5,10.12,-107.8,1.68,1.6,11.94,-1.81,-4.38,-0.03,-0.02,-0.4,11935.71,70.0,57.84,53.45,134.0,128.0
1770041812466091100,213633,9.436,90.9,9.704,-102.7,1.86,1.37,12.0,-1.94,-4.38,-0.13,-0.06,-0.31,11937.77,70.0,57.11,54.18,134.0,128.0
1770041812584871741,213747,9.42,103.6,8.996,-107.0,2.17,1.86,12.19,-1.94,-4.38,-0.17,0.04,-0.44,11930.23,70.0,57.11,56.38,134.0,130.0
1770041812699533299,213865,9.648,77.1,10.248,-103.6,2.25,1.54,12.44,-1.69,-4.44,0.05,-0.02,-0.37,11937.6,70.0,55.43,57.54,134.0,130.0
1770041812818350289,213983,9.948,97.0,10.356,-102.4,1.86,1.68,12.38,-1.37,-4.5,0.29,-0.29,-0.4,11934.51,70.0,54.44,57.35,134.0,130.0
1770041812932982793,214098,10.4,97.5,10.348,-110.4,2.38,1.48,12.19,-1.31,-4.5,0.15,-0.15,-0.45,11932.63,70.0,55.42,57.58,134.0,130.0
1770041813047662494,214214,9.74,103.3,10.228,-111.1,1.39,1.89,12.0,-1.44,-4.5,-0.1,0.14,-0.41,11928.68,70.0,57.61,59.09,134.0,130.0
1770041813170531728,214330,9.948,106.8,10.408,-103.4,1.13,1.39,11.94,-1.56,-4.44,-0.01,-0.16,-0.44,11930.57,70.0,58.73,57.32,134.0,130.0
1770041813289256284,214454,10.412,121.8,9.864,-113.6,1.97,1.84,11.81,-1.81,-4.44,0.0,-0.09,-0.49,11932.11,70.0,59.15,55.67,134.0,130.0
1770041813403975023,214568,8.684,129.5,9.2,-84.8,1.99,1.52,11.75,-1.94,-4.44,-0.15,-0.11,-0.17,11936.91,70.0,55.89,56.62,134.0,130.0
1770041813518666876,214685,9.924,115.3,10.008,-87.3,1.76,1.54,11.69,-2.06,-4.44,0.12,-0.36,-0.23,11932.63,70.0,55.65,59.31,134.0,130.0
1770041813637431133,214801,8.932,94.3,10.096,-119.9,1.52,2.05,11.75,-2.06,-4.5,-0.14,0.09,-0.41,11934.51,70.0,56.62,57.35,136.0,130.0
1770041813752084581,214919,9.904,87.1,9.984,-121.0,1.99,2.03,11.94,-1.75,-4.5,0.17,0.07,-0.34,11926.11,70.0,55.9,59.44,136.0,130.0
1770041813870877133,215034,9.672,93.3,10.276,0.0,2.52,1.62,11.69,-1.56,-4.56,0.16,-0.23,-0.48,11929.37,70.0,55.42,58.3,136.0,130.0
1770041813993744274,215151,10.092,115.5,10.332,-78.1,1.58,2.13,11.31,-1.5,-4.63,-0.01,0.06,-0.56,11925.25,70.0,57.84,60.04,136.0,130.0
1770041814108442806,215273,9.548,122.4,9.972,-98.0,2.44,1.5,11.06,-1.5,-4.63,0.01,-0.03,-0.62,11925.94,70.0,58.46,58.46,136.0,130.0
1770041814227217954,215391,9.788,127.4,8.94,-73.2,1.8,1.19,10.88,-1.63,-4.63,0.0,0.01,-0.26,11930.4,70.0,57.54,58.94,136.0,130.0
1770041814341828941,215507,10.064,114.4,10.284,-97.8,2.23,2.25,10.69,-1.81,-4.56,-0.14,0.03,-0.29,11925.77,70.0,58.07,60.98,136.0,130.0
1770041814456500869,215624,9.988,106.0,10.22,-95.5,2.32,1.25,10.44,-1.94,-4.56,-0.01,-0.08,-0.4,11932.97,70.0,55.65,57.84,136.0,130.0
1770041814579395125,215739,9.836,89.2,10.396,-90.7,2.4,2.15,10.38,-2.06,-4.5,0.0,0.11,-0.45,11934.51,70.0,54.44,58.8,136.0,132.0
1770041814694104976,215859,9.88,101.2,9.996,-118.4,1.35,2.11,10.44,-2.0,-4.44,-0.08,-0.03,-0.38,11928.0,70.0,56.37,59.23,136.0,132.0
1770041814808765053,215973,8.536,125.4,8.94,-88.5,2.38,1.52,10.44,-1.75,-4.5,-0.05,-0.02,-0.35,11928.68,70.0,57.09,59.94,136.0,132.0
1770041814923386725,216090,10.372,129.7,10.36,-89.5,2.73,2.05,10.25,-1.56,-4.5,-0.19,-0.06,-0.26,11936.06,70.0,54.66,58.35,136.0,132.0
1770041815025841500,216206,9.588,142.6,9.916,-127.9,2.3,1.66,9.94,-1.56,-4.56,0.01,0.27,-0.39,162.75,70.0,54.27,56.14,136.0,132.0
1770041815124141257,216305,9.744,123.0,9.836,-97.2,1.97,1.99,9.69,-1.69,-4.44,0.28,0.11,-0.43,168.41,70.0,56.96,56.96,136.0,132.0
1770041815226542310,216406,8.752,109.2,9.992,-122.1,2.01,2.03,9.38,-1.75,-4.38,0.1,0.07,-0.44,171.16,70.0,56.14,58.69,136.0,132.0
1770041815324802533,216506,9.332,0.0,9.696,-70.2,1.37,1.5,9.19,-1.94,-4.31,0.06,-0.05,-0.4,179.56,70.0,58.69,58.69,136.0,132.0
1770041815439463886,216606,9.98,121.4,9.312,-123.5,2.27,1.8,8.94,-2.13,-4.31,-0.23,-0.23,-0.21,11934.86,70.0,56.14,57.61,136.0,132.0
1770041815558217259,216722,8.864,119.7,10.32,-89.1,2.19,1.84,8.69,-2.31,-4.25,-0.14,-0.08,-0.35,11938.97,70.0,53.72,57.35,136.0,132.0
1770041815677028518,216841,10.356,90.7,9.984,-99.7,1.54,2.01,8.69,-2.31,-4.19,0.05,0.22,-0.4,11930.91,70.0,54.28,58.46,138.0,132.0
1770041815791708407,216958,8.928,132.8,10.324,-78.6,1.56,1.23,8.56,-2.13,-4.25,-0.06,0.05,-0.36,11932.45,70.0,55.17,58.07,138.0,132.0
1770041815894105294,217073,9.028,104.5,10.364,-98.9,1.48,1.6,8.5,-1.88,-4.31,-0.04,0.01,-0.36,185.05,70.0,56.14,58.01,138.0,132.0
1770041816008744501,217172,10.136,87.4,9.992,-123.5,2.11,1.58,8.31,-1.81,-4.38,-0.32,0.09,-0.36,11937.94,70.0,52.32,57.8,138.0,132.0
1770041816127611145,217291,8.544,104.3,10.28,-116.7,2.4,1.58,8.0,-1.75,-4.38,0.03,-0.05,-0.33,11929.54,70.0,57.8,57.8,138.0,132.0
1770041816225867910,217407,10.364,0.0,10.2,-90.1,1.68,1.46,7.75,-1.81,-4.31,0.41,0.03,-0.4,164.3,70.0,53.75,55.54,138.0,132.0
1770041816328230271,217507,10.212,114.4,9.048,-120.7,2.15,1.54,7.5,-1.88,-4.19,0.03,-0.06,-0.3,163.78,70.0,55.02,56.69,138.0,132.0
1770041816426504239,217608,9.86,0.0,9.932,-72.0,1.6,1.52,7.38,-2.06,-4.06,0.09,-0.34,-0.31,166.36,70.0,59.79,57.26,138.0,132.0
1770041816545305184,217708,9.932,121.9,10.144,-114.0,1.66,1.91,7.19,-2.25,-3.94,-0.49,-0.2,-0.26,11937.77,70.0,56.14,55.15,138.0,132.0
1770041816643561060,217826,9.888,133.1,9.98,-96.1,1.41,2.29,7.31,-2.31,-3.88,-0.16,0.01,-0.59,181.96,70.0,54.27,52.39,138.0,132.0
1770041816745981510,217925,9.844,0.0,10.288,-117.1,1.74,1.54,7.38,-2.13,-3.81,0.16,-0.07,-0.42,174.42,70.0,54.19,52.52,138.0,134.0
1770041816872953333,218025,10.36,114.7,10.292,-83.3,1.82,2.15,7.38,-2.0,-3.81,-0.19,-0.03,-0.43,11937.94,70.0,56.14,53.67,138.0,134.0
1770041816987572483,218152,9.956,103.2,8.956,-94.3,2.42,2.13,7.5,-1.69,-3.94,-0.28,-0.25,-0.2,11941.72,70.0,55.69,53.04,138.0,134.0
1770041817090029520,218269,10.392,122.7,10.396,-121.1,2.25,1.88,7.56,-1.63,-3.94,-0.08,-0.1,-0.46,155.38,70.0,53.09,49.42,138.0,134.0
1770041817188330010,218370,8.476,97.7,10.292,-103.9,1.95,1.39,7.56,-1.56,-3.94,0.01,-0.09,-0.23,173.9,70.0,53.58,53.58,138.0,134.0
1770041817307042737,218470,10.288,0.0,9.9,-107.2,2.15,1.52,7.44,-1.56,-4.0,0.03,0.09,-0.35,11931.6,70.0,57.12,53.18,138.0,134.0
1770041817421755674,218589,9.684,92.2,10.172,0.0,1.19,1.82,7.44,-1.75,-4.0,-0.07,-0.04,-0.45,11936.06,70.0,58.52,52.81,138.0,134.0
1770041817536440502,218701,9.728,122.6,10.476,0.0,2.13,1.95,7.44,-2.0,-3.94,0.0,-0.26,-0.35,11928.68,70.0,61.65,53.38,138.0,134.0
1770041817651119312,218815,10.176,78.2,9.236,-68.6,1.46,1.5,7.44,-2.19,-3.88,0.0,-0.14,-0.41,11936.74,70.0,59.23,52.09,138.0,134.0
1770041817765786993,218932,10.144,83.3,10.152,-75.5,1.41,1.74,7.56,-2.25,-3.81,-0.1,-0.06,-0.47,11938.8,70.0,58.12,53.65,138.0,134.0
1770041817884570048,219045,10.012,62.1,10.376,-114.8,1.46,0.76,7.75,-2.19,-3.81,0.09,0.08,-0.28,11930.23,70.0,58.8,52.99,140.0,134.0
1770041817999246599,219164,9.908,54.8,9.504,-104.3,1.25,0.8,8.0,-2.0,-3.88,0.12,0.03,-0.34,11940.17,70.0,58.3,52.54,140.0,134.0
1770041818113917955,219279,8.876,75.9,10.004,-112.2,1.46,1.35,8.06,-1.81,-3.94,0.01,-0.15,-0.49,11944.12,70.0,54.92,50.52,140.0,134.0
1770041818232686824,219394,9.932,0.0,10.256,-109.4,1.91,1.37,8.06,-1.75,-3.94,-0.2,-0.26,-0.35,11943.6,70.0,52.54,50.38,140.0,134.0
1770041818330950987,219511,10.008,0.0,9.708,-130.8,2.11,1.11,7.94,-1.75,-3.94,-0.07,0.08,-0.4,174.76,70.0,58.58,53.09,140.0,134.0
1770041818445624200,219612,9.736,0.0,9.64,-119.8,1.74,0.96,7.94,-1.88,-3.88,-0.06,-0.09,-0.5,11941.2,70.0,57.95,49.53,140.0,134.0
1770041818564436530,219726,10.056,73.7,10.02,-69.2,1.64,1.46,8.0,-2.06,-3.81,0.12,-0.15,-0.43,11938.63,70.0,58.52,49.24,140.0,134.0
1770041818679102540,219844,9.364,0.0,10.012,0.0,1.29,1.23,8.19,-2.25,-3.69,-0.12,-0.09,-0.37,11945.32,70.0,58.35,48.75,140.0,134.0
1770041818797829874,219959,9.768,103.0,9.34,-107.0,1.97,2.07,8.25,-2.38,-3.56,-0.07,-0.22,-0.35,11947.38,70.0,55.42,45.34,140.0,134.0
1770041818916656740,220080,9.816,99.2,9.76,-117.1,1.45,1.52,8.5,-2.38,-3.5,0.03,-0.07,-0.36,11944.8,70.0,58.46,43.15,140.0,134.0
1770041819031348913,220197,9.048,0.0,10.032,-113.1,1.39,1.31,8.94,-2.44,-3.5,-0.08,0.04,-0.32,11948.23,70.0,57.61,45.06,140.0,136.0
1770041819150117909,220312,9.908,66.5,10.3,-94.8,1.62,0.82,9.31,-2.31,-3.44,0.15,-0.01,-0.37,11949.43,70.0,54.7,45.34,140.0,136.0
1770041819248388945,220428,10.312,0.0,10.164,-125.4,1.68,1.25,9.63,-2.0,-3.44,-0.14,0.05,-0.49,167.56,70.0,56.14,48.65,140.0,136.0
1770041819350764176,220528,9.772,66.7,10.38,-159.9,2.81,1.19,9.63,-1.81,-3.5,0.07,0.0,-0.47,166.87,70.0,51.69,45.85,140.0,136.0
1770041819465471196,220628,10.228,0.0,10.364,-97.4,2.17,1.25,9.56,-1.75,-3.5,0.09,0.08,-0.33,11941.54,70.0,57.12,48.75,140.0,136.0
1770041819563775971,220744,9.34,99.1,10.4,-125.4,2.27,1.76,9.56,-1.88,-3.44,0.14,-0.18,-0.33,167.73,70.0,59.33,49.76,140.0,136.0
1770041819666172461,220845,9.732,65.9,9.28,0.0,2.01,1.62,9.5,-2.0,-3.38,0.06,-0.02,-0.41,186.25,70.0,60.03,50.86,140.0,136.0
1770041819793113275,220945,9.324,83.1,9.748,-80.6,1.5,1.45,9.56,-2.13,-3.38,-0.02,-0.09,-0.45,11935.89,70.0,59.44,51.51,140.0,136.0
1770041819907793445,221073,8.672,80.6,9.664,-99.1,1.95,1.43,9.63,-2.25,-3.25,-0.12,-0.18,-0.42,11940.52,70.0,60.34,49.06,142.0,136.0
1770041820026574436,221188,10.088,81.6,9.812,-115.3,2.09,1.37,9.63,-2.31,-3.25,0.01,-0.14,-0.41,11943.6,70.0,56.37,50.67,142.0,136.0
1770041820141246248,221305,9.9,86.5,10.356,-123.7,1.46,1.48,9.63,-2.44,-3.19,-0.01,0.01,-0.52,11939.83,70.0,57.35,50.81,142.0,136.0
1770041820259958039,221421,10.348,92.4,10.228,-86.4,1.48,1.84,9.88,-2.38,-3.31,-0.07,0.06,-0.25,11934.86,70.0,59.52,50.81,142.0,136.0
1770041820378756751,221541,9.992,82.9,10.136,-98.9,1.6,1.23,10.13,-2.0,-3.44,-0.02,-0.03,-0.4,11932.11,70.0,59.36,49.69,142.0,136.0
1770041820497564759,221659,9.812,0.0,10.352,-119.3,2.01,1.25,10.25,-1.69,-3.44,-0.03,-0.07,-0.46,11941.2,70.0,53.72,50.81,142.0,136.0
1770041820612239848,221775,9.852,66.2,10.176,-97.0,2.11,1.09,10.31,-1.5,-3.44,0.09,0.11,-0.48,11934.51,70.0,60.77,52.72,142.0,136.0
1770041820731015599,221891,8.88,64.0,10.016,-122.7,1.76,1.0,10.31,-1.63,-3.44,-0.02,-0.08,-0.39,11933.66,70.0,62.43,52.26,142.0,136.0
1770041820845682355,222010,8.572,104.6,10.204,-116.6,1.48,1.52,10.38,-1.81,-3.44,0.0,-0.11,-0.52,11939.83,70.0,58.52,52.09,142.0,136.0
1770041820964461291,222125,9.856,101.8,10.308,-68.1,1.99,1.76,10.5,-1.88,-3.38,-0.11,0.03,-0.43,11933.66,70.0,61.56,51.65,142.0,136.0
1770041821079141294,222243,10.14,0.0,8.968,-98.5,2.01,2.29,10.56,-1.88,-3.38,0.0,0.0,-0.48,11935.54,70.0,62.05,52.44,142.0,136.0
1770041821197931001,222358,10.0,87.2,10.416,-79.6,1.66,1.58,10.63,-1.94,-3.44,-0.02,-0.04,-0.43,11934.86,70.0,57.84,52.72,142.0,136.0
1770041821312537753,222476,8.74,0.0,10.348,-102.6,2.3,1.99,10.69,-1.94,-3.5,-0.19,-0.02,-0.49,11930.74,70.0,59.64,54.73,142.0,138.0
1770041821431372514,222593,10.028,99.0,10.136,-97.6,1.52,1.97,10.81,-1.81,-3.56,-0.16,0.13,-0.33,11939.83,70.0,54.7,55.42,142.0,138.0
1770041821546046984,222709,9.428,92.1,10.084,-120.0,2.36,1.27,10.94,-1.5,-3.5,0.0,0.02,-0.45,11937.43,70.0,55.4,58.35,142.0,138.0
1770041821664817915,222824,10.42,104.5,9.528,-78.8,1.99,1.97,10.81,-1.31,-3.5,-0.2,0.05,-0.42,11931.25,70.0,58.07,58.8,142.0,138.0
1770041821779484534,222942,10.36,102.6,10.04,-91.7,0.98,1.95,10.63,-1.31,-3.44,-0.06,0.06,-0.46,11929.71,70.0,56.84,59.64,142.0,138.0
1770041821894162967,223058,9.544,74.3,10.272,-66.3,1.62,1.43,10.5,-1.44,-3.38,-0.05,-0.04,-0.4,11923.71,70.0,60.77,60.77,144.0,138.0
1770041822008840864,223171,10.408,116.7,10.392,-54.6,1.11,2.11,10.5,-1.56,-3.31,-0.02,-0.07,-0.49,11926.28,70.0,59.61,58.87,144.0,138.0
1770041822123517585,223288,8.752,99.0,9.924,-80.7,1.11,1.43,10.44,-1.63,-3.31,0.0,-0.12,-0.41,11935.2,70.0,59.02,56.14,144.0,138.0
1770041822242298490,223401,9.74,119.5,9.82,-80.2,1.7,1.84,10.31,-1.69,-3.5,-0.09,-0.19,-0.33,11932.97,70.0,58.35,57.61,144.0,138.0
1770041822352811327,223520,9.292,101.2,9.704,-119.5,2.03,0.98,10.13,-1.63,-3.81,-0.17,0.0,-0.6,11937.26,70.0,55.17,57.35,144.0,138.0
1770041822471648451,223633,9.232,81.5,10.44,-112.5,2.27,1.02,10.06,-1.37,-4.19,-0.1,-0.07,-0.28,11938.97,70.0,56.88,53.92,144.0,138.0
1770041822586325524,223748,8.464,102.8,10.156,-121.8,2.91,1.7,10.19,-1.19,-3.88,-0.01,-0.19,-0.36,11946.69,70.0,53.26,52.54,144.0,138.0
1770041822713283520,223863,9.804,104.9,10.172,-97.7,1.64,1.66,10.13,-1.0,-3.81,0.02,0.12,-0.43,11929.88,70.0,58.58,54.18,144.0,138.0
1770041822827977222,223990,9.468,106.8,10.412,-75.6,1.82,1.25,10.06,-1.0,-3.81,0.0,0.05,-0.41,11937.94,70.0,58.14,52.79,144.0,138.0
1770041822946728629,224107,8.756,0.0,9.78,-114.1,2.11,2.25,10.0,-1.12,-3.81,0.02,0.0,-0.47,11930.57,70.0,59.73,53.98,144.0,138.0
1770041823061415247,224223,10.452,85.1,9.796,0.0,1.43,1.35,10.0,-1.25,-3.88,-0.1,0.0,-0.41,11931.25,70.0,61.7,53.72,144.0,138.0
1770041823180200867,224339,8.972,0.0,10.384,-83.1,1.25,1.78,10.0,-1.37,-3.88,-0.25,-0.04,-0.34,11938.8,70.0,58.8,51.54,144.0,138.0
1770041823294809230,224458,10.236,83.0,10.056,-127.1,1.64,1.6,9.88,-1.5,-3.88,-0.05,-0.31,-0.29,11942.4,70.0,56.84,49.82,144.0,138.0
1770041823409499959,224574,9.884,115.5,10.18,0.0,1.68,2.01,9.81,-1.5,-4.19,-0.18,-0.27,-0.46,11940.69,70.0,58.58,51.25,144.0,138.0
1770041823524231797,224689,9.86,104.7,10.408,-98.2,2.01,1.48,9.56,-1.06,-5.06,-0.04,0.24,-0.49,11947.89,70.0,54.66,51.7,144.0,140.0
1770041823642990936,224802,10.16,0.0,10.004,-131.3,2.34,1.23,9.5,-0.56,-5.5,-0.11,0.08,-0.35,11944.29,70.0,53.65,52.16,144.0,140.0
1770041823761769704,224920,10.168,61.5,9.816,-141.4,2.7,0.7,9.5,-0.31,-5.38,0.15,0.07,-0.47,11944.12,70.0,53.33,52.63,144.0,140.0
1770041823872356136,225038,10.216,0.0,9.9,-112.3,1.66,1.09,9.38,-0.19,-5.44,-0.03,-0.09,-0.27,11934.68,70.0,59.31,52.72,144.0,140.0
1770041823991135126,225150,9.82,0.0,9.688,-111.8,2.13,1.76,9.25,-0.25,-5.38,-0.09,0.0,-0.38,11926.45,70.0,60.04,52.72,146.0,140.0
1770041824105800506,225267,10.052,76.3,10.472,-86.2,1.54,1.27,9.13,-0.5,-5.38,-0.12,-0.13,-0.32,11928.85,70.0,60.25,54.44,146.0,140.0
1770041824220442542,225384,9.308,81.0,10.172,0.0,2.29,1.52,9.06,-0.69,-5.38,-0.03,-0.27,-0.41,11936.06,70.0,60.45,52.54,146.0,140.0
1770041824335122223,225500,9.892,70.0,10.42,0.0,2.03,1.15,8.94,-0.88,-5.44,-0.03,-0.14,-0.49,11939.83,70.0,60.04,50.52,146.0,140.0
1770041824449829237,225613,9.696,90.8,10.084,0.0,2.34,2.17,9.06,-1.12,-5.38,-0.02,-0.22,-0.29,11941.89,70.0,58.12,46.2,146.0,140.0
1770041824564451181,225729,9.768,0.0,10.324,-112.1,1.91,1.78,9.13,-1.19,-5.38,0.17,-0.14,-0.41,11947.2,70.0,54.23,44.24,146.0,140.0
1770041824683317825,225844,10.188,71.3,9.876,0.0,1.93,1.58,9.31,-1.31,-5.56,0.02,0.0,-0.28,11953.38,70.0,55.14,43.22,146.0,140.0
1770041824802062975,225961,8.796,82.5,9.988,0.0,2.13,1.95,9.56,-1.19,-5.63,-0.3,-0.06,-0.35,11962.81,70.0,48.42,41.4,146.0,140.0
1770041824916730843,226078,10.384,0.0,9.792,-144.3,2.34,1.91,9.75,-1.0,-5.63,-0.02,0.0,-0.38,11961.27,70.0,48.64,45.01,146.0,140.0
1770041825035500526,226195,10.132,0.0,9.824,-101.7,2.23,1.62,9.94,-0.81,-5.63,0.04,0.04,-0.42,11951.66,70.0,55.17,44.28,146.0,140.0
1770041825154242407,226312,9.928,91.0,10.036,-136.3,2.15,1.31,10.0,-0.69,-5.69,-0.13,-0.08,-0.34,11942.06,70.0,58.52,44.24,146.0,140.0
1770041825272997381,226433,9.836,0.0,10.128,-125.5,2.46,1.7,10.06,-0.75,-5.69,0.01,-0.06,-0.43,11942.75,70.0,57.98,46.24,146.0,140.0
1770041825387702623,226550,9.756,55.2,10.392,-101.3,2.07,0.98,10.19,-0.88,-5.63,-0.04,0.09,-0.38,11947.2,70.0,57.61,46.53,146.0,140.0
1770041825506494113,226664,8.768,60.3,10.236,-134.8,2.15,1.72,10.19,-0.94,-5.56,0.29,0.0,-0.49,11953.21,70.0,53.26,45.34,146.0,140.0
1770041825629398090,226782,9.716,0.0,9.72,-146.9,2.62,1.48,10.13,-0.94,-5.56,0.02,-0.09,-0.36,11944.29,70.0,55.89,46.46,146.0,140.0
1770041825748146027,226908,9.824,63.1,10.384,-128.0,2.15,1.11,10.13,-1.0,-5.63,-0.08,0.0,-0.28,11952.86,70.0,55.03,44.42,146.0,140.0
1770041825862821586,227025,9.752,65.2,10.388,-125.1,2.25,1.74,10.25,-1.0,-5.75,-0.22,0.09,-0.43,11950.81,70.0,56.14,41.74,146.0,140.0
1770041825981588096,227141,10.16,0.0,10.156,-120.7,2.07,1.39,10.38,-0.81,-5.94,0.1,0.0,-0.4,11956.46,70.0,51.54,43.55,146.0,142.0
1770041826108568019,227259,10.044,63.9,10.328,-184.8,3.32,1.58,10.5,-0.63,-6.0,-0.07,0.07,-0.48,11958.69,70.0,48.94,43.18,146.0,142.0
1770041826223223271,227386,9.212,0.0,10.196,-101.1,1.86,1.84,10.56,-0.44,-5.88,-0.03,0.08,-0.38,11946.35,70.0,54.13,45.44,148.0,142.0
1770041826337851357,227501,10.48,53.0,9.212,-106.6,2.48,1.05,10.75,-0.25,-5.75,-0.18,0.01,-0.47,11936.91,70.0,60.98,50.81,148.0,142.0
1770041826456646947,227616,10.132,70.3,10.46,-104.8,2.05,1.5,10.88,-0.19,-5.69,-0.03,0.0,-0.46,11935.03,70.0,61.51,49.79,148.0,142.0
1770041826575483850,227733,10.364,66.0,9.416,-125.4,2.05,1.31,11.0,-0.19,-5.69,0.07,-0.07,-0.38,11940.69,70.0,57.58,48.94,148.0,142.0
1770041826673740476,227852,10.344,49.3,10.404,-84.9,1.48,1.09,11.06,-0.19,-5.69,-0.24,-0.05,-0.4,202.54,70.0,63.58,51.55,148.0,142.0
1770041826792535381,227952,10.04,51.0,10.132,-122.0,2.17,1.13,11.13,-0.19,-5.69,-0.04,-0.02,-0.44,11947.03,70.0,58.94,48.05,148.0,142.0
1770041826907201595,228068,9.4,49.9,10.424,-93.1,2.17,1.39,11.31,-0.12,-5.63,0.01,-0.04,-0.31,11945.32,70.0,57.35,47.18,148.0,142.0
1770041827021825522,228185,9.672,63.6,10.364,-133.2,1.99,1.5,11.44,-0.06,-5.63,0.03,0.0,-0.48,11944.97,70.0,58.8,44.28,148.0,142.0
1770041827144765609,228300,8.764,74.2,9.516,-96.4,2.01,1.45,11.56,0.06,-5.63,-0.02,-0.1,-0.34,11949.78,70.0,56.37,43.53,148.0,142.0
1770041827242985918,228421,9.152,95.9,9.484,-168.7,3.28,2.19,11.63,0.19,-5.69,-0.08,-0.1,-0.33,148.0,70.0,49.12,40.35,148.0,142.0
1770041827345419677,228521,0.516,106.1,9.62,-156.1,2.56,2.32,11.63,0.25,-5.69,0.14,0.09,-0.5,146.46,70.0,49.19,40.85,148.0,142.0
1770041827460106357,228621,9.388,0.0,9.964,-129.9,2.38,2.03,11.81,0.25,-5.56,0.07,-0.2,-0.49,11952.52,70.0,54.49,42.6,148.0,142.0
1770041827578879715,228737,9.936,78.9,9.996,-128.5,1.86,1.35,12.13,0.31,-5.44,0.02,-0.15,-0.47,11935.03,70.0,59.73,49.66,148.0,142.0
1770041827697649350,228856,10.02,50.2,10.184,-115.7,1.29,0.88,12.38,0.31,-5.44,0.0,-0.02,-0.49,11946.69,70.0,58.02,48.82,148.0,142.0
1770041827812335549,228974,10.228,56.7,9.896,-99.1,2.05,0.72,12.5,0.44,-5.38,-0.03,0.05,-0.38,11930.4,70.0,59.02,51.1,148.0,142.0
1770041827931095537,229090,10.024,72.6,10.18,0.0,2.09,1.62,12.56,0.5,-5.38,-0.03,0.02,-0.42,11938.29,70.0,56.62,50.09,148.0,142.0
1770041828049878752,229207,9.816,68.4,9.588,-125.4,2.32,1.35,12.56,0.5,-5.38,0.06,0.14,-0.42,11939.49,70.0,53.78,51.65,148.0,142.0
1770041828158197031,229327,9.5,82.1,10.38,-99.6,2.23,1.56,12.44,0.5,-5.38,-0.12,0.0,-0.36,160.01,70.0,57.79,51.18,148.0,142.0
1770041828250626455,229427,8.584,87.1,8.944,0.0,2.15,1.84,12.56,0.69,-5.44,0.11,-0.07,-0.4,147.32,70.0,58.77,51.75,150.0,142.0
1770041828352967827,229527,9.604,67.3,10.36,-117.1,1.88,1.21,12.69,0.81,-5.5,-0.13,-0.08,-0.3,150.06,70.0,53.36,50.86,150.0,142.0
1770041828451215427,229627,9.396,81.9,10.196,-117.7,1.93,1.45,12.75,0.94,-5.56,0.03,-0.12,-0.47,155.72,70.0,52.52,50.02,150.0,142.0
1770041828549550689,229727,10.18,78.1,10.236,0.0,2.42,1.35,12.75,0.88,-5.5,0.24,0.14,-0.41,164.98,70.0,54.99,52.41,150.0,144.0
1770041828664154322,229826,9.736,106.9,10.348,0.0,1.72,2.21,12.75,0.81,-5.44,0.0,0.0,-0.43,11936.91,70.0,56.47,53.99,150.0,144.0
1770041828783002367,229943,9.792,82.7,9.416,0.0,1.82,1.43,12.75,0.81,-5.31,0.01,0.01,-0.38,11928.85,70.0,59.94,56.37,150.0,144.0
1770041828901766842,230061,8.596,73.0,10.288,-110.2,1.41,1.43,12.75,0.88,-5.25,-0.03,-0.05,-0.41,11926.97,70.0,63.15,55.89,150.0,144.0
1770041829020547546,230176,9.784,0.0,9.804,-90.2,1.5,1.46,12.75,0.94,-5.31,0.0,-0.06,-0.45,11942.57,70.0,60.04,53.45,150.0,144.0
1770041829135227011,230295,9.624,63.4,9.96,-85.5,1.46,1.25,12.75,0.94,-5.31,0.09,-0.05,-0.52,11938.63,70.0,54.28,52.89,150.0,144.0
1770041829253952679,230413,9.308,114.6,10.124,-87.4,1.72,1.66,12.69,0.94,-5.38,-0.01,-0.14,-0.4,11945.83,70.0,53.72,51.54,150.0,144.0
1770041829368712787,230529,9.04,0.0,10.312,-82.5,1.37,2.07,12.63,0.88,-5.69,0.04,-0.27,-0.47,11928.68,70.0,56.14,57.58,150.0,144.0
1770041829466969345,230644,10.072,119.5,10.224,-122.5,2.46,1.33,12.63,0.81,-6.31,0.07,0.15,-0.34,172.36,70.0,52.39,50.52,150.0,144.0
1770041829569385746,230745,9.148,117.9,10.228,-89.1,2.3,2.01,12.63,0.88,-6.44,-0.02,-0.05,-0.3,203.23,70.0,55.02,52.52,150.0,144.0
1770041829667668987,230845,9.764,99.1,9.992,-82.1,1.27,1.78,12.56,0.81,-6.44,0.05,-0.01,-0.39,149.38,70.0,55.58,48.84,150.0,144.0
1770041829770051834,230945,10.388,93.2,10.232,0.0,2.17,1.62,12.69,0.75,-6.44,0.19,0.01,-0.39,142.17,70.0,58.94,47.15,150.0,144.0
1770041829868353815,231046,10.124,115.2,32.144,0.0,1.29,2.07,12.81,0.75,-6.38,-0.09,-0.15,-0.23,160.01,70.0,57.26,48.84,150.0,144.0
1770041829970774587,231146,10.288,81.8,10.064,-81.7,1.84,1.33,12.88,0.75,-6.38,-0.02,0.0,-0.42,177.5,70.0,57.23,50.69,150.0,144.0
1770041830085387690,231246,9.768,0.0,10.004,-81.6,1.29,1.76,12.94,0.75,-6.38,0.01,-0.1,-0.44,11940.34,70.0,57.14,52.63,150.0,144.0
1770041830204212634,231363,9.476,75.1,9.612,-94.5,1.41,1.35,12.94,0.81,-6.38,0.0,-0.11,-0.43,11933.31,70.0,57.35,54.44,150.0,144.0
1770041830322946824,231479,9.644,0.0,10.22,-93.4,2.34,1.31,12.88,0.81,-6.44,0.0,-0.08,-0.35,11932.97,70.0,59.94,54.23,152.0,144.0
1770041830441697568,231599,9.592,0.0,10.004,-101.2,1.97,1.52,12.88,0.81,-6.5,-0.03,-0.07,-0.45,11943.6,70.0,51.5,54.98,152.0,144.0
1770041830539982747,231717,8.788,111.3,10.396,-98.1,1.93,1.52,12.81,0.75,-6.69,0.12,0.04,-0.45,152.81,70.0,50.52,54.27,152.0,144.0
1770041830642417458,231818,8.94,100.5,9.124,-118.9,2.11,1.91,12.75,0.75,-6.81,0.06,0.0,-0.43,145.43,70.0,54.19,54.19,152.0,144.0
1770041830740721284,231917,10.012,91.7,10.36,-118.2,2.25,1.23,12.69,0.75,-6.81,0.12,0.01,-0.43,145.6,70.0,50.52,50.52,152.0,144.0
1770041830843105109,232017,10.164,128.4,10.364,-88.6,2.05,2.15,12.69,0.63,-6.81,0.05,-0.09,-0.37,210.43,70.0,49.68,50.52,152.0,146.0
1770041830957756041,232117,8.652,130.4,9.756,-120.6,2.4,1.89,12.69,0.56,-6.75,-0.2,0.02,-0.38,11951.32,70.0,54.98,50.52,152.0,146.0
1770041831076546850,232233,10.044,101.7,10.412,-99.0,2.42,1.78,12.69,0.63,-6.63,-0.01,-0.04,-0.27,11937.94,70.0,54.95,52.09,152.0,146.0
1770041831199388061,232351,10.076,94.3,9.732,-123.1,1.95,1.6,12.75,0.63,-6.56,0.11,0.06,-0.4,11935.54,70.0,57.35,53.72,152.0,146.0
1770041831314030624,232473,9.828,102.3,10.432,0.0,1.76,1.91,12.63,0.63,-6.5,0.0,-0.11,-0.44,11943.95,70.0,52.89,53.58,152.0,146.0
1770041831428779330,232591,9.86,0.0,8.984,-122.1,2.07,1.8,12.5,0.69,-6.5,0.08,-0.04,-0.34,11942.92,70.0,54.23,52.81,152.0,146.0
1770041831543453187,232706,9.68,104.0,9.924,-130.2,2.4,1.8,12.31,0.69,-6.5,0.1,0.08,-0.54,11949.61,70.0,51.25,52.72,152.0,146.0
1770041831645829156,232819,9.24,101.8,10.384,-118.3,1.97,1.72,12.19,0.56,-6.69,0.05,-0.2,-0.41,154.52,70.0,52.39,52.39,152.0,146.0
1770041831744143326,232920,9.924,82.1,10.332,-105.1,1.7,1.17,12.06,0.37,-7.06,-0.12,0.06,-0.42,149.38,70.0,53.89,51.36,152.0,146.0
1770041831842389982,233020,9.416,119.4,9.148,-80.9,1.76,1.72,12.06,0.31,-7.25,-0.05,-0.02,-0.44,153.84,70.0,56.42,51.36,152.0,146.0
1770041831944837650,233119,10.048,0.0,10.172,-132.5,2.46,1.93,12.06,0.31,-7.38,0.03,0.0,-0.44,149.03,70.0,53.36,50.86,152.0,146.0
1770041832043127635,233220,10.068,138.4,10.328,-93.3,1.95,2.25,12.06,0.19,-7.38,-0.05,0.0,-0.42,147.83,70.0,52.73,49.33,152.0,146.0
1770041832151452316,233319,9.732,106.2,10.132,-86.1,1.88,1.88,12.06,0.19,-7.38,0.0,0.01,-0.39,181.79,70.0,56.71,49.84,152.0,146.0
1770041832260204214,233418,9.528,105.1,10.224,-77.2,1.56,1.52,12.06,0.25,-7.31,-0.03,-0.07,-0.42,11943.6,70.0,53.31,52.32,152.0,146.0
1770041832374829222,233534,9.984,89.3,9.996,-116.5,1.89,1.62,12.06,0.25,-7.25,0.04,-0.06,-0.34,11941.2,70.0,54.7,53.98,152.0,146.0
1770041832489535652,233649,8.812,60.4,10.104,-70.4,1.33,1.39,12.0,0.31,-7.25,-0.07,0.15,-0.56,11934.51,70.0,57.84,54.18,152.0,146.0
1770041832604254045,233764,10.308,94.8,10.352,-90.5,1.41,1.6,11.81,0.31,-7.25,-0.06,0.08,-0.44,11934.17,70.0,56.38,55.65,154.0,146.0
1770041832723021146,233878,8.52,114.7,10.396,-90.8,2.21,1.54,11.69,0.31,-7.31,-0.01,-0.21,-0.38,11934.51,70.0,58.07,58.8,154.0,146.0
1770041832841777006,233999,10.416,0.0,9.612,-76.1,1.43,1.6,11.38,0.12,-7.63,-0.12,0.04,-0.23,11929.71,70.0,55.67,57.76,154.0,146.0
1770041832956444476,234117,8.712,117.0,10.332,-112.0,1.86,1.46,11.38,0.06,-7.94,-0.02,-0.04,-0.37,11943.95,70.0,51.99,52.72,154.0,148.0
1770041833075212927,234232,9.644,124.1,9.804,-110.7,1.64,2.44,11.31,0.06,-8.06,-0.03,0.09,-0.34,11941.03,70.0,53.98,53.26,154.0,148.0
1770041833194074487,234350,10.004,142.0,10.116,-102.5,1.52,2.56,11.31,0.0,-8.13,-0.09,-0.04,-0.42,11925.42,70.0,58.52,57.09,154.0,148.0
1770041833308632128,234470,9.332,116.8,10.272,-75.3,1.23,1.54,11.38,0.0,-8.06,-0.12,0.0,-0.34,11941.89,70.0,53.26,53.26,154.0,148.0
1770041833427438729,234585,9.54,102.2,9.92,-109.6,1.21,1.5,11.38,0.12,-8.06,-0.05,-0.07,-0.36,11937.43,70.0,57.8,56.37,154.0,148.0
1770041833542129659,234701,10.304,101.8,10.216,-96.6,1.5,1.29,11.31,0.12,-8.06,0.0,-0.07,-0.45,11929.37,70.0,61.31,55.4,154.0,148.0
1770041833660900779,234816,9.344,70.7,10.444,-88.5,1.86,1.41,11.25,0.12,-8.06,-0.08,-0.14,-0.42,11934.17,70.0,59.31,55.65,154.0,148.0
1770041833775590710,234935,10.312,107.1,9.204,-109.9,1.88,1.76,11.19,0.19,-8.06,-0.03,0.02,-0.33,11939.32,70.0,58.52,54.95,154.0,148.0
1770041833890250308,235049,8.92,0.0,9.064,-71.5,1.35,2.01,11.06,0.19,-8.06,-0.21,-0.16,-0.42,11940.0,70.0,56.86,53.26,154.0,148.0
1770041834013135327,235166,9.868,124.8,9.724,-92.9,1.6,1.45,11.06,0.19,-8.31,0.01,-0.1,-0.43,11939.66,70.0,57.61,53.18,154.0,148.0
1770041834131892856,235287,9.84,105.1,10.292,-75.9,1.97,1.93,11.06,0.25,-8.56,0.05,-0.09,-0.45,11938.46,70.0,56.6,52.46,154.0,148.0
1770041834246563471,235406,10.076,88.9,10.376,-97.6,2.15,1.54,11.06,0.25,-8.63,-0.05,-0.07,-0.45,11936.91,70.0,56.37,51.38,154.0,148.0
1770041834361209736,235521,9.428,109.0,9.64,-97.7,1.37,2.11,11.13,0.19,-8.63,-0.02,0.0,-0.44,11937.09,70.0,55.42,52.54,154.0,148.0
1770041834475899479,235636,10.128,96.9,9.516,-83.9,1.43,1.68,11.19,0.25,-8.5,-0.07,-0.05,-0.31,11937.6,70.0,58.35,56.14,154.0,148.0
1770041834598794568,235752,10.476,66.5,9.8,-63.8,1.99,1.15,11.19,0.31,-8.44,-0.01,-0.05,-0.44,11938.8,70.0,59.94,54.95,156.0,148.0
1770041834713474997,235872,9.588,0.0,10.308,-64.9,1.11,1.64,11.19,0.31,-8.44,-0.1,-0.15,-0.46,11933.66,70.0,59.23,54.95,156.0,148.0
1770041834828102596,235987,9.376,74.8,9.728,-85.6,1.25,1.21,11.19,0.31,-8.44,-0.06,-0.01,-0.39,11936.91,70.0,57.58,53.26,156.0,148.0
1770041834946920974,236104,10.168,69.1,10.424,-108.9,1.78,1.62,11.19,0.31,-8.5,-0.03,-0.15,-0.41,11938.8,70.0,57.11,54.18,156.0,148.0
1770041835061557558,236220,9.976,84.4,10.128,-80.1,1.07,1.39,11.13,0.25,-8.69,0.0,-0.12,-0.45,11943.43,70.0,54.23,52.81,156.0,148.0
1770041835180376121,236338,9.948,105.0,9.256,-79.4,1.95,1.82,11.13,0.25,-8.94,0.09,-0.01,-0.43,11940.52,70.0,53.72,52.99,156.0,150.0
1770041835295004569,236455,10.068,131.9,9.34,-96.9,1.74,2.17,11.13,0.25,-9.0,0.1,-0.04,-0.36,11948.23,70.0,51.38,51.38,156.0,150.0
1770041835413796707,236571,10.12,113.9,9.916,-75.3,2.34,1.97,11.13,0.19,-9.0,-0.03,-0.03,-0.5,11945.32,70.0,54.44,52.99,156.0,150.0
1770041835528526391,236688,9.78,106.6,9.3,-81.1,1.43,1.95,11.19,0.12,-8.88,0.08,-0.02,-0.07,11936.06,70.0,58.58,53.45,156.0,150.0
1770041835651387908,236803,10.452,102.1,10.252,-96.0,2.13,1.54,11.25,0.25,-8.75,0.0,0.01,-0.15,11926.45,70.0,61.56,55.19,156.0,150.0
1770041835765993080,236924,9.808,87.5,10.452,-101.7,1.27,1.25,11.25,0.25,-8.75,0.04,0.03,-0.12,11924.91,70.0,63.33,55.67,156.0,150.0
1770041835890778293,237042,9.56,75.6,9.816,-61.5,0.94,1.37,11.25,0.25,-8.75,-0.03,0.0,-0.14,11934.17,70.0,58.35,53.92,156.0,150.0
1770041835999503587,237157,10.156,92.7,10.356,-89.6,1.39,1.45,11.25,0.25,-8.75,0.03,-0.02,-0.04,11934.51,70.0,56.61,55.19,156.0,150.0
1770041836118322812,237275,8.56,0.0,9.952,-115.6,1.84,1.74,11.19,0.19,-8.88,0.0,-0.24,-0.14,11932.97,70.0,58.58,54.92,156.0,150.0
1770041836232973552,237393,8.836,78.0,10.416,-99.9,1.97,1.27,11.19,0.12,-9.19,-0.21,0.09,-0.06,11936.23,70.0,59.02,53.26,156.0,150.0
1770041836351682915,237508,10.104,107.3,9.544,-83.2,1.45,1.93,11.25,0.25,-9.31,-0.03,0.03,-0.1,11936.91,70.0,59.44,51.65,156.0,150.0
1770041836476458723,237627,9.224,88.8,10.26,0.0,1.48,1.72,11.25,0.12,-9.31,-0.04,0.01,0.0,11937.94,70.0,58.8,52.26,156.0,150.0
1770041836589265281,237743,8.6,120.2,10.04,-83.4,1.09,1.8,11.31,0.0,-9.25,0.02,0.03,-0.06,11937.26,70.0,59.52,53.72,156.0,150.0
1770041836703960111,237861,9.884,76.7,10.416,-70.1,1.6,1.46,11.38,0.12,-9.13,-0.1,0.0,-0.05,11932.45,70.0,61.94,54.28,158.0,150.0
1770041836818618462,237979,9.96,92.3,10.256,-89.6,0.9,1.62,11.44,0.19,-9.06,-0.01,-0.01,-0.14,11934.34,70.0,60.57,56.88,158.0,150.0
1770041836921046614,238094,9.748,82.4,9.872,0.0,1.56,1.78,11.44,0.25,-9.06,0.01,0.01,-0.05,166.18,70.0,63.62,54.27,158.0,150.0
1770041837019318426,238194,10.076,91.6,10.1,-96.5,1.46,1.48,11.44,0.25,-9.13,0.04,-0.05,-0.13,160.7,70.0,57.53,52.52,158.0,150.0
1770041837121734513,238294,8.776,78.8,10.308,-100.7,2.13,1.86,11.38,0.31,-9.13,-0.05,0.01,-0.08,171.16,70.0,55.58,53.05,158.0,150.0
1770041837236396175,238394,8.948,89.6,10.188,-101.9,1.78,1.72,11.38,0.31,-9.25,0.16,-0.29,-0.22,11942.06,70.0,56.3,51.32,158.0,150.0
1770041837334673345,238509,10.184,0.0,10.34,-110.0,1.8,1.33,11.38,0.31,-9.63,-0.15,0.24,-0.05,183.85,70.0,56.14,48.65,158.0,150.0
1770041837453460721,238608,8.832,109.1,10.424,0.0,1.91,2.11,11.38,0.31,-9.75,-0.07,-0.01,0.08,11937.26,70.0,56.79,49.45,158.0,152.0
1770041837551768131,238726,9.34,97.9,10.088,0.0,1.84,1.8,11.44,0.25,-9.75,-0.04,0.08,-0.07,167.56,70.0,54.27,46.78,158.0,152.0
1770041837660107895,238825,8.904,127.0,10.116,-117.5,1.74,2.29,11.56,0.12,-9.75,-0.05,0.02,-0.05,160.01,70.0,57.26,48.0,158.0,152.0
1770041837752479777,238925,8.748,86.1,10.332,0.0,2.07,2.34,11.75,0.06,-9.69,-0.16,-0.03,-0.01,158.64,70.0,56.96,47.88,158.0,152.0
1770041837850745948,239026,9.908,81.7,9.28,0.0,1.29,1.25,11.94,0.06,-9.69,-0.07,-0.03,-0.12,164.3,70.0,58.1,48.0,158.0,152.0
1770041837973600447,239125,10.008,83.8,10.392,0.0,1.02,1.6,12.06,0.12,-9.69,-0.09,0.11,-0.11,11933.14,70.0,60.08,51.21,158.0,152.0
1770041838098323226,239246,10.34,0.0,9.656,-93.3,1.33,1.43,12.13,0.25,-9.69,0.02,0.07,-0.13,11931.43,70.0,59.85,52.19,158.0,152.0
1770041838202968245,239364,10.408,0.0,10.34,-82.9,1.66,1.29,12.19,0.31,-9.75,0.1,-0.06,-0.06,11941.37,70.0,56.62,50.81,158.0,152.0
1770041838321690436,239477,9.052,84.9,10.188,-98.6,1.35,1.21,12.19,0.31,-9.75,-0.04,-0.07,-0.06,11935.71,70.0,59.09,53.18,158.0,152.0
1770041838420026424,239594,9.968,58.4,10.388,-112.9,1.78,1.64,12.19,0.25,-10.0,-0.01,-0.08,0.0,180.25,70.0,58.01,50.52,158.0,152.0
1770041838534664194,239694,10.372,96.7,10.092,0.0,2.27,1.89,12.19,0.19,-10.19,-0.04,0.0,0.03,11935.03,70.0,57.95,51.51,158.0,152.0
1770041838653558542,239810,10.396,0.0,10.196,-86.1,1.58,1.31,12.19,0.19,-10.25,0.18,0.09,-0.15,11944.63,70.0,55.89,48.64,158.0,152.0
1770041838751782666,239926,10.388,0.0,10.164,-108.2,2.09,1.82,12.25,0.0,-10.25,-0.03,0.12,-0.16,167.73,70.0,56.75,51.25,160.0,152.0
1770041838870576057,240026,8.716,93.8,10.256,-71.4,1.21,1.68,12.38,-0.06,-10.13,-0.03,0.15,-0.03,11935.03,70.0,58.94,49.53,160.0,152.0
1770041838993425871,240142,10.0,97.2,10.164,0.0,1.66,1.29,12.56,-0.25,-9.94,-0.09,-0.02,-0.03,11938.46,70.0,57.8,50.67,160.0,152.0
1770041839108104905,240265,9.772,89.5,10.344,-67.7,1.21,1.5,12.81,-0.25,-9.81,-0.09,0.06,0.06,11935.03,70.0,60.05,50.38,160.0,152.0
1770041839222762464,240380,10.264,97.9,9.492,-70.6,1.13,1.72,12.94,-0.06,-9.81,0.0,0.08,-0.05,11941.03,70.0,57.11,52.72,160.0,152.0
1770041839341513853,240495,9.424,93.8,9.768,-72.9,1.68,1.07,12.94,0.0,-9.81,0.01,0.1,-0.03,11932.45,70.0,61.89,53.98,160.0,152.0
1770041839460322332,240614,9.724,75.7,9.324,-98.0,1.43,1.17,12.94,-0.06,-9.75,-0.08,0.02,-0.03,11933.48,70.0,58.07,54.44,160.0,152.0
1770041839575000667,240733,8.6,0.0,10.388,-116.0,2.01,1.97,12.94,0.0,-9.88,0.07,-0.16,-0.2,11928.0,70.0,60.85,57.32,160.0,152.0
1770041839693779870,240848,8.588,106.4,9.824,-85.7,1.54,1.86,13.0,-0.25,-10.13,-0.34,0.2,0.07,11933.66,70.0,58.52,57.09,160.0,154.0
1770041839816664735,240966,9.524,112.7,10.148,0.0,1.39,1.91,12.94,-0.37,-10.19,-0.03,0.08,-0.08,11929.54,70.0,57.35,57.35,160.0,154.0
1770041839914889587,241089,8.772,0.0,9.8,-105.7,1.8,2.3,12.88,-0.56,-10.0,0.01,0.03,-0.03,171.33,70.0,59.91,55.06,160.0,154.0
1770041840017340156,241189,9.2,129.6,10.436,-106.9,1.76,1.8,12.88,-0.81,-9.81,0.0,-0.08,0.0,167.04,70.0,57.53,56.69,160.0,154.0
1770041840132011448,241290,9.96,72.5,10.02,-68.2,1.27,1.7,12.94,-0.94,-9.69,-0.19,0.0,-0.11,11921.31,70.0,61.55,60.57,160.0,154.0
1770041840230328838,241405,9.86,0.0,10.192,-60.5,1.62,0.88,12.94,-0.88,-9.63,-0.07,0.08,-0.11,180.25,70.0,66.29,60.91,160.0,154.0
1770041840353138426,241504,10.188,101.7,9.776,-61.1,1.41,1.35,12.75,-0.69,-9.56,0.12,0.09,-0.08,11921.65,70.0,61.29,60.79,160.0,154.0
1770041840451463982,241625,10.44,88.1,9.544,0.0,1.93,1.07,12.5,-0.63,-9.56,-0.04,0.01,-0.06,173.56,70.0,66.29,59.12,160.0,154.0
1770041840553880944,241724,10.44,107.5,10.428,-67.1,1.8,1.11,12.31,-0.56,-9.56,-0.01,-0.17,-0.12,177.5,70.0,63.15,58.94,160.0,154.0
1770041840668545107,241824,10.424,0.0,10.068,-99.8,2.03,2.25,12.19,-0.25,-9.75,0.26,0.15,0.57,11929.03,70.0,61.42,58.45,160.0,154.0
1770041840766850238,241939,9.976,113.6,9.808,-80.5,1.41,2.05,12.13,-0.19,-9.88,0.01,-0.15,-0.07,188.65,70.0,57.89,57.89,162.0,154.0
1770041840885619640,242039,9.076,0.0,9.972,-90.3,1.23,1.37,12.13,-0.25,-9.88,0.0,0.1,-0.07,11929.2,70.0,60.87,54.78,162.0,154.0
1770041841000291859,242157,10.084,88.1,9.904,-82.4,1.17,1.56,12.13,-0.44,-9.75,-0.14,0.03,0.07,11929.54,70.0,62.27,53.78,162.0,154.0
1770041841119064864,242273,9.588,0.0,10.06,-90.2,1.29,1.76,12.13,-0.63,-9.56,-0.16,0.01,-0.05,11921.48,70.0,65.81,55.19,162.0,154.0
1770041841233799924,242391,9.888,0.0,10.292,-58.4,0.9,1.07,12.25,-0.56,-9.44,-0.14,0.09,-0.05,11918.39,70.0,64.05,59.02,162.0,154.0
1770041841352475103,242507,10.448,98.2,9.256,-85.3,1.48,1.58,12.25,-0.44,-9.44,-0.1,0.07,-0.03,11927.48,70.0,66.48,57.61,162.0,154.0
1770041841471295201,242626,10.072,98.5,10.436,-64.0,1.07,0.92,12.19,-0.31,-9.44,-0.05,0.0,-0.06,11920.79,70.0,60.74,57.98,162.0,154.0
1770041841590064524,242744,9.3,111.3,10.26,-67.4,1.84,1.58,12.13,-0.31,-9.5,-0.05,-0.07,-0.05,11933.48,70.0,60.98,56.62,162.0,154.0
1770041841704748957,242861,9.104,99.3,10.156,0.0,1.31,1.72,12.06,-0.25,-9.56,0.07,-0.32,-0.31,11941.54,70.0,55.42,54.7,162.0,154.0
1770041841827610706,242977,10.284,111.3,10.404,-84.6,1.33,1.86,12.0,-0.31,-9.81,-0.05,0.14,-0.04,11930.91,70.0,58.3,53.98,162.0,156.0
1770041841942286713,243098,10.456,126.0,10.324,-99.8,2.03,1.99,12.0,-0.37,-9.81,-0.04,-0.07,-0.07,11938.46,70.0,57.76,53.58,162.0,156.0
1770041842061068520,243215,10.32,97.1,10.184,-110.5,1.37,1.31,11.94,-0.56,-9.69,-0.08,-0.08,-0.08,11932.28,70.0,60.98,55.17,162.0,156.0
1770041842179904740,243332,9.436,67.7,10.252,-94.6,0.98,0.86,11.94,-0.75,-9.56,-0.04,0.03,-0.05,11920.28,70.0,62.98,56.61,162.0,156.0
1770041842298581061,243449,10.0,0.0,10.44,0.0,0.96,1.54,12.0,-0.75,-9.38,-0.11,-0.03,-0.05,11921.65,70.0,62.97,59.31,162.0,156.0
1770041842413259190,243569,10.496,0.0,9.76,-89.4,1.37,1.19,12.06,-0.63,-9.31,-0.07,-0.09,-0.15,11922.85,70.0,64.94,57.8,162.0,156.0
1770041842527964577,243684,8.804,87.5,9.444,-58.7,1.5,1.74,12.0,-0.5,-9.31,-0.07,-0.03,0.04,11932.11,70.0,60.45,56.14,162.0,156.0
1770041842650820859,243801,9.704,100.6,0.0,0.0,1.88,1.31,11.88,-0.5,-9.31,-0.09,0.0,-0.08,11933.31,70.0,61.89,55.42,164.0,156.0
1770041842769614637,243922,9.884,0.0,9.756,-100.1,1.43,1.5,11.88,-0.44,-9.44,0.2,-0.21,-0.26,11929.2,70.0,62.81,57.29,164.0,156.0
1770041842884263101,244041,9.876,123.9,9.964,-97.9,1.84,2.03,11.88,-0.44,-9.69,-0.35,0.18,0.09,11937.94,70.0,57.58,53.98,164.0,156.0
1770041843003064120,244157,10.332,102.7,10.164,-76.1,1.39,1.86,11.81,-0.37,-9.69,0.09,0.0,-0.1,11932.45,70.0,58.02,53.78,164.0,156.0
1770041843117746850,244276,0.0,0.0,10.356,-63.5,1.37,2.29,11.81,-0.56,-9.63,-0.16,0.04,-0.13,11928.51,70.0,65.17,55.65,164.0,156.0
1770041843236491865,244389,10.068,90.4,9.04,-81.8,1.62,1.93,11.81,-0.63,-9.38,0.05,-0.01,0.02,11939.49,70.0,59.94,55.66,164.0,156.0
1770041843355210603,244508,9.588,371.6,9.38,-413.5,2.48,3.32,11.88,-0.69,-9.25,-0.15,-0.03,-0.01,11926.11,70.0,62.78,62.05,164.0,156.0
1770041843474065038,244629,9.408,96.2,9.628,-57.3,0.98,1.46,11.88,-0.44,-9.19,-0.12,-0.12,-0.04,11936.74,70.0,55.91,56.6,164.0,156.0
1770041843592849587,244745,9.728,91.2,9.368,-69.5,1.0,0.76,11.81,-0.31,-9.19,0.08,-0.01,-0.11,11937.09,70.0,55.19,55.9,164.0,156.0
1770041843707526541,244862,9.756,80.4,10.452,-97.6,1.88,1.48,11.69,-0.31,-9.19,-0.04,0.11,-0.03,11944.29,70.0,52.99,53.72,164.0,156.0
1770041843826287165,244978,9.54,97.9,10.216,-73.7,1.41,1.7,11.63,-0.25,-9.25,0.09,-0.37,-0.3,11946.18,70.0,51.99,54.18,164.0,156.0
1770041843945055919,245098,10.184,79.0,10.404,-113.2,2.05,1.8,11.5,-0.19,-9.63,-0.21,0.31,-0.02,11947.55,70.0,51.93,53.33,164.0,158.0
1770041844059743284,245215,9.744,91.0,9.816,-80.2,1.31,1.29,11.5,-0.25,-9.69,0.01,0.05,-0.05,11945.15,70.0,52.26,51.54,164.0,158.0
1770041844174436931,245329,9.136,111.0,9.632,-65.5,1.09,1.76,11.44,-0.44,-9.69,-0.04,0.0,-0.09,11943.95,70.0,54.7,51.1,164.0,158.0
1770041844293172235,245446,10.124,109.6,10.12,-75.0,0.92,2.23,11.44,-0.56,-9.63,-0.04,0.08,-0.03,11944.29,70.0,53.92,52.44,164.0,158.0
1770041844417890137,245565,10.04,96.6,9.644,-62.3,1.66,1.31,11.5,-0.63,-9.56,-0.07,0.02,0.01,11937.94,70.0,54.73,53.33,164.0,158.0
1770041844526648924,245681,10.092,82.5,10.368,-63.2,1.15,1.25,11.56,-0.5,-9.56,-0.05,0.02,-0.07,11938.63,70.0,55.89,55.17,164.0,158.0
1770041844641325609,245797,9.528,82.5,10.38,-81.9,1.23,1.54,11.5,-0.31,-9.56,-0.05,-0.03,-0.14,11938.63,70.0,54.92,56.38,164.0,158.0
1770041844760125372,245912,10.396,101.5,9.212,-92.2,1.5,1.35,11.31,-0.25,-9.63,0.0,0.1,-0.11,11940.0,70.0,53.45,56.38,166.0,158.0
1770041844874783040,246032,9.716,99.1,10.4,-81.7,2.25,1.76,11.13,-0.19,-9.63,-0.13,-0.03,0.0,11938.46,70.0,53.78,57.32,166.0,158.0
1770041844993554545,246147,10.204,116.4,9.052,-70.0,1.39,1.89,11.06,-0.06,-9.81,0.0,0.22,0.16,11939.49,70.0,53.98,56.14,166.0,158.0
1770041845108253288,246263,8.56,119.5,10.4,-110.5,1.78,1.86,10.94,-0.12,-10.0,0.0,-0.04,-0.07,11940.52,70.0,52.72,56.38,166.0,158.0
1770041845226996379,246378,9.928,122.6,10.072,-98.3,1.41,1.43,10.81,-0.19,-10.0,0.02,0.02,-0.09,11943.6,70.0,54.18,55.65,166.0,158.0
1770041845341636445,246496,10.4,125.7,10.04,-105.7,2.01,1.89,10.75,-0.37,-9.94,0.02,0.14,-0.12,11941.72,70.0,54.03,55.43,166.0,158.0
1770041845456325786,246612,10.412,103.9,10.236,-77.8,1.8,1.88,10.69,-0.37,-9.81,-0.18,0.06,0.04,11936.4,70.0,54.44,56.62,166.0,158.0
1770041845575201241,246729,9.096,106.6,10.068,-83.3,1.86,1.93,10.69,-0.25,-9.75,0.06,0.1,-0.05,11934.17,70.0,56.86,58.3,166.0,158.0
1770041845697945862,246847,10.068,96.3,9.892,-53.7,0.82,1.91,10.63,-0.19,-9.69,-0.07,0.03,-0.15,11932.11,70.0,54.92,58.58,166.0,158.0
1770041845816775689,246971,10.264,92.3,9.904,-76.6,1.27,0.84,10.5,-0.12,-9.69,-0.01,-0.01,-0.03,11937.94,70.0,54.56,58.61,166.0,158.0
1770041845931449568,247086,8.972,84.2,10.236,-75.9,1.13,1.37,10.31,-0.06,-9.75,0.0,0.09,-0.01,11942.06,70.0,54.44,55.89,166.0,158.0
1770041846029763334,247200,10.384,116.7,10.376,-111.9,1.62,1.17,10.25,-0.25,-9.94,-0.16,0.18,-0.15,176.3,70.0,52.87,54.83,166.0,158.0
1770041846128019762,247301,8.984,106.3,10.136,-105.2,1.6,1.37,10.25,-0.37,-10.19,-0.05,0.0,-0.08,172.36,70.0,51.36,53.89,166.0,160.0
1770041846230433844,247401,9.424,107.8,10.112,-79.6,1.62,1.76,10.19,-0.37,-10.19,0.09,0.08,-0.07,179.39,70.0,51.69,52.52,166.0,160.0
1770041846332824391,247501,9.24,105.5,9.952,-109.6,1.43,1.68,10.19,-0.44,-10.19,0.08,0.08,-0.14,180.76,70.0,51.69,51.69,166.0,160.0
1770041846447513814,247602,9.84,105.7,9.884,-113.6,1.86,1.78,10.19,-0.56,-10.13,-0.02,0.0,-0.05,11942.57,70.0,52.5,53.0,166.0,160.0
1770041846562190626,247717,9.768,129.4,9.508,-62.0,1.91,1.37,10.25,-0.63,-10.0,0.0,-0.03,0.02,11939.83,70.0,54.92,54.92,166.0,160.0
1770041846680964632,247833,8.76,96.9,10.272,-84.9,1.78,1.84,10.31,-0.56,-9.94,-0.12,0.11,-0.03,11935.89,70.0,54.7,55.42,166.0,160.0
1770041846799732305,247952,10.244,73.2,10.34,-70.8,1.78,1.74,10.31,-0.5,-9.94,-0.18,-0.02,-0.06,11937.6,70.0,57.54,56.14,166.0,160.0
1770041846898035102,248069,8.808,101.9,10.316,-89.2,1.54,1.8,10.25,-0.37,-9.94,-0.04,0.13,-0.03,187.79,70.0,54.27,56.14,166.0,160.0
1770041847012712692,248169,9.836,83.5,10.428,-83.4,2.07,1.33,10.13,-0.37,-10.0,-0.09,0.11,-0.03,11941.54,70.0,53.49,55.48,168.0,160.0
1770041847131484021,248284,8.744,99.0,10.24,-104.8,1.84,1.5,10.06,-0.37,-10.13,0.21,-0.27,-0.06,11942.23,70.0,51.99,54.92,168.0,160.0
1770041847229733321,248401,10.312,112.3,10.356,-78.8,1.25,1.21,10.0,-0.56,-10.5,-0.1,0.14,-0.02,180.25,70.0,50.87,52.63,168.0,160.0
1770041847332134017,248502,9.672,97.3,10.212,-88.5,1.91,1.95,9.88,-0.5,-10.5,0.04,0.0,-0.08,180.25,70.0,51.88,53.58,168.0,160.0
1770041847430472924,248601,8.776,125.8,9.168,-63.8,1.31,2.05,9.88,-0.56,-10.5,-0.08,0.0,-0.07,181.79,70.0,50.86,51.69,168.0,160.0
1770041847528754574,248701,9.816,126.0,10.372,-104.4,1.6,1.95,9.81,-0.69,-10.5,0.0,-0.15,-0.03,175.96,70.0,52.21,53.05,168.0,160.0
1770041847631154844,248801,8.868,101.6,10.328,-86.5,1.48,2.05,9.81,-0.75,-10.31,-0.18,0.1,0.03,184.53,70.0,53.27,54.99,168.0,160.0
1770041847745812313,248901,9.596,67.5,9.832,-60.6,1.23,1.35,9.81,-0.69,-10.25,-0.11,0.08,-0.07,11938.8,70.0,55.81,56.3,168.0,160.0
1770041847864602345,249018,10.192,70.7,9.536,-49.0,1.31,0.86,9.75,-0.69,-10.19,-0.07,0.0,-0.1,11931.94,70.0,58.07,56.62,168.0,160.0
1770041847962915383,249134,10.028,101.8,9.94,-51.3,1.56,1.23,9.69,-0.69,-10.19,-0.09,-0.03,-0.03,201.17,70.0,55.54,57.33,168.0,160.0
1770041848081671944,249234,8.668,95.3,9.912,-57.6,1.72,1.35,9.56,-0.69,-10.19,-0.02,-0.05,-0.1,11941.37,70.0,53.49,55.97,168.0,160.0
1770041848196332345,249351,9.876,70.9,10.24,-90.3,1.09,1.48,9.44,-0.69,-10.25,0.21,-0.11,-0.08,11942.4,70.0,54.18,55.65,168.0,160.0
1770041848310996227,249465,9.612,106.5,10.328,-74.8,1.25,1.86,9.44,-0.94,-10.38,-0.44,-0.12,-0.05,11947.89,70.0,52.54,53.26,168.0,162.0
1770041848433889149,249582,9.332,87.2,10.416,-68.9,1.8,1.46,9.38,-0.94,-10.5,0.01,-0.01,-0.06,11943.6,70.0,51.99,52.72,168.0,162.0
1770041848536319808,249705,10.028,101.9,10.164,-92.7,1.23,1.58,9.38,-1.0,-10.5,0.01,-0.04,0.0,185.91,70.0,50.84,50.84,168.0,162.0
1770041848646877586,249805,9.424,85.2,10.42,-102.1,1.84,1.25,9.38,-1.12,-10.38,-0.1,0.02,0.0,11940.34,70.0,52.81,53.81,168.0,162.0
1770041848771614663,249918,10.004,82.0,10.44,-92.9,1.48,1.09,9.38,-1.12,-10.19,-0.07,-0.09,-0.07,11938.8,70.0,53.18,55.4,168.0,162.0
1770041848880335916,250034,10.456,86.8,10.012,-82.7,1.86,1.41,9.38,-1.06,-10.06,-0.02,0.02,-0.18,11937.09,70.0,54.44,55.89,168.0,162.0
1770041848994992280,250149,10.42,90.7,10.336,-50.0,1.6,1.52,9.25,-1.12,-9.88,-0.13,-0.08,0.02,11936.4,70.0,56.14,56.14,168.0,162.0
1770041849109657737,250266,9.98,65.3,10.392,-81.3,1.19,1.39,9.19,-1.12,-9.81,0.0,-0.05,0.0,11938.97,70.0,54.23,55.66,168.0,162.0
1770041849228449988,250381,8.808,79.4,10.128,-63.1,1.84,1.5,9.06,-1.12,-9.81,0.07,-0.03,-0.05,11942.06,70.0,52.26,55.89,170.0,162.0
1770041849343110061,250497,9.7,81.3,10.404,-78.3,2.11,1.43,9.0,-1.44,-9.88,-0.25,-0.03,0.0,11939.83,70.0,54.44,55.17,170.0,162.0
1770041849461930070,250612,10.072,107.2,10.324,-70.2,1.15,1.43,9.0,-1.63,-10.06,-0.11,0.04,-0.04,11942.23,70.0,54.18,55.65,170.0,162.0
1770041849576593051,250731,10.084,97.5,10.132,-87.4,1.31,1.68,8.94,-1.56,-10.0,0.1,-0.06,-0.02,11945.49,70.0,52.81,54.23,170.0,162.0
1770041849695364673,250846,10.396,66.8,10.444,-88.1,1.89,0.98,9.0,-1.69,-10.0,-0.2,-0.04,-0.29,11943.95,70.0,53.98,53.98,170.0,162.0
1770041849810039838,250963,10.42,94.0,9.936,-61.2,1.29,1.48,9.06,-1.88,-9.88,0.06,0.01,0.02,11939.66,70.0,53.45,54.18,170.0,162.0
1770041849928822793,251078,8.856,92.1,10.052,-60.1,0.86,1.31,9.13,-1.81,-9.75,0.16,0.11,0.1,11936.74,70.0,55.17,55.17,170.0,162.0
1770041850043503837,251198,10.424,87.7,10.44,-62.1,1.23,1.62,9.13,-1.88,-9.56,0.25,-0.12,0.19,11937.77,70.0,55.43,54.73,170.0,162.0
1770041850158201932,251314,9.876,82.8,9.664,-74.5,0.92,1.35,9.13,-2.13,-9.38,0.0,-0.14,-0.02,11933.83,70.0,58.07,55.17,170.0,162.0
1770041850272820512,251427,9.232,75.9,9.856,-50.2,0.72,1.41,9.13,-2.19,-9.38,0.02,-0.07,-0.18,11930.4,70.0,59.61,55.14,170.0,162.0
1770041850391634009,251543,9.432,67.0,9.808,-75.5,1.04,1.17,9.13,-2.38,-9.44,0.51,0.01,0.0,11940.17,70.0,55.66,54.23,170.0,164.0
1770041850510408008,251661,9.44,104.6,10.42,-55.2,1.0,1.58,9.25,-2.88,-9.56,0.01,0.3,0.31,11939.14,70.0,56.88,53.18,170.0,164.0
1770041850625078660,251779,10.356,111.2,9.716,-61.2,1.54,1.62,9.25,-2.88,-9.56,-0.06,0.08,-0.66,11944.46,70.0,53.07,52.36,170.0,164.0
1770041850739773736,251894,9.412,104.3,10.144,-88.4,1.41,2.25,9.31,-3.0,-9.5,-0.11,-0.04,-0.4,11940.34,70.0,53.72,52.26,170.0,164.0
1770041850854459572,252008,10.156,108.4,10.308,-87.0,1.19,1.43,9.31,-3.25,-9.38,-0.42,0.0,-0.02,11939.32,70.0,56.14,53.92,170.0,164.0
1770041850973220442,252125,9.272,85.7,10.428,-46.7,1.39,1.41,9.38,-3.25,-9.06,-0.14,0.01,-0.23,11935.37,70.0,55.65,54.92,170.0,164.0
1770041851087893679,252242,10.304,87.5,9.92,-74.4,1.05,1.17,9.44,-3.25,-8.94,0.12,0.05,-0.01,11935.03,70.0,55.19,57.32,170.0,164.0
1770041851202552539,252357,8.816,89.5,10.472,-74.2,1.19,1.58,9.25,-3.31,-8.69,0.41,0.12,-0.32,11930.57,70.0,56.88,59.09,170.0,164.0
1770041851321262492,252471,9.976,79.0,10.044,-50.7,1.62,1.35,9.13,-3.31,-8.63,0.01,0.0,-0.19,11924.57,70.0,55.65,60.04,172.0,164.0
1770041851444254729,252593,10.464,74.5,10.432,-46.5,1.04,1.5,8.88,-3.31,-8.56,0.41,0.43,0.25,11930.23,70.0,55.22,59.36,172.0,164.0
1770041851558902442,252712,10.14,97.0,10.236,-94.1,1.27,1.31,8.5,-2.81,-8.5,-1.0,0.03,-0.29,11936.06,70.0,53.33,58.24,172.0,164.0
1770041851673545840,252829,9.764,0.0,10.472,-67.0,1.27,1.78,8.06,-1.81,-8.56,-0.09,-0.09,-0.04,11937.94,70.0,53.92,57.61,172.0,164.0
1770041851792347769,252944,9.556,105.5,10.292,-66.2,1.56,1.62,8.06,-1.81,-8.56,0.35,-0.26,0.19,11937.77,70.0,52.81,53.52,172.0,164.0
1770041851911126274,253061,10.424,120.7,10.268,-70.0,1.76,1.86,8.06,-1.81,-8.5,0.12,0.06,-0.18,11936.57,70.0,52.72,54.92,172.0,164.0
1770041852025840638,253179,8.616,86.5,10.036,-57.9,1.78,1.46,8.13,-1.75,-8.25,-0.09,-0.1,0.12,11933.14,70.0,53.33,56.84,172.0,164.0
1770041852140484095,253295,10.452,95.3,10.448,-74.0,1.09,1.5,8.0,-1.63,-8.13,0.08,-0.07,0.14,11928.51,70.0,55.4,59.09,172.0,164.0
1770041852259218700,253411,9.872,61.7,10.508,-76.2,1.48,1.31,7.88,-1.63,-8.0,-0.12,0.03,-0.14,11926.8,70.0,57.58,58.3,172.0,164.0
1770041852378013190,253528,10.48,59.5,10.056,-77.1,1.58,1.41,7.75,-1.63,-7.94,0.16,-0.05,0.03,11930.74,70.0,55.65,57.11,172.0,164.0
1770041852492725070,253645,10.472,68.8,9.048,-57.5,1.76,1.45,7.63,-1.63,-7.88,-0.26,0.0,0.12,11934.0,70.0,55.42,54.7,172.0,164.0
1770041852607385915,253760,9.532,80.5,10.244,-55.5,1.89,1.07,7.56,-1.63,-7.81,0.0,-0.1,0.0,11940.34,70.0,52.99,51.54,172.0,166.0
1770041852722077759,253875,9.848,94.4,9.556,-105.6,1.6,1.72,7.5,-1.5,-7.75,0.29,-0.18,-0.31,11942.75,70.0,53.26,51.1,172.0,166.0
1770041852846794555,253991,9.364,94.3,9.192,-53.6,1.41,1.86,7.5,-1.25,-7.56,-0.66,-0.09,0.01,11951.66,70.0,52.99,49.36,172.0,166.0
1770041852959618224,254107,9.688,71.4,9.716,0.0,1.52,1.19,7.63,-1.19,-7.5,-0.09,0.03,-0.03,11944.12,70.0,52.72,51.25,172.0,166.0
1770041853074300832,254226,9.728,73.8,9.324,-84.2,1.43,1.27,7.81,-1.12,-7.19,0.0,-0.03,-0.07,11940.34,70.0,52.63,52.63,172.0,166.0
1770041853189003715,254343,9.772,68.1,9.848,-57.3,0.86,1.0,7.88,-1.0,-7.0,-0.14,0.11,-0.13,11935.71,70.0,54.92,54.18,172.0,166.0
1770041853313635966,254457,9.208,60.3,9.896,-51.4,1.13,1.02,7.88,-1.0,-6.88,0.16,-0.08,0.18,11934.34,70.0,55.65,54.92,172.0,166.0
1770041853422425783,254574,9.036,65.9,9.964,-84.3,1.39,1.05,7.88,-1.06,-6.69,-0.27,0.05,-0.07,11931.25,70.0,58.07,53.72,172.0,166.0
1770041853541205723,254692,9.752,69.3,10.448,-58.7,0.86,1.19,7.94,-1.12,-6.56,-0.48,-0.21,0.0,11934.34,70.0,56.37,53.52,174.0,166.0
1770041853655891737,254808,9.54,100.8,10.5,-90.2,1.68,1.91,7.94,-1.44,-6.56,0.35,-0.12,0.31,11940.17,70.0,53.72,50.09,174.0,166.0
1770041853770519031,254922,8.592,91.2,10.484,-98.0,1.99,1.5,8.0,-1.5,-6.63,-0.04,-0.1,-0.02,11948.23,70.0,52.54,48.22,174.0,166.0
1770041853889330692,255041,10.004,98.0,10.216,-86.7,1.31,2.09,8.0,-1.25,-6.63,0.21,0.06,-0.03,11944.63,70.0,51.99,47.59,174.0,166.0
1770041854014111476,255159,9.068,114.7,9.052,-101.7,1.76,1.91,8.0,-1.19,-6.56,-0.03,-0.26,-0.17,11951.83,70.0,50.24,46.7,174.0,166.0
1770041854122785039,255275,10.384,90.2,9.888,-68.9,1.74,1.19,8.13,-1.19,-6.5,0.0,0.07,-0.04,11944.46,70.0,51.54,47.91,174.0,166.0
1770041854237472426,255390,9.264,69.7,10.168,-71.5,1.45,1.11,8.31,-1.19,-6.38,-0.18,-0.04,0.01,11942.23,70.0,54.18,49.79,174.0,166.0
1770041854364392931,255506,9.472,80.7,10.028,-84.8,0.92,1.19,8.38,-1.12,-6.25,-0.01,0.0,-0.08,11936.91,70.0,55.42,52.54,174.0,166.0
1770041854479116113,255633,8.996,0.0,10.16,-45.7,0.92,1.8,8.38,-1.12,-6.19,-0.04,0.09,0.01,11934.34,70.0,56.14,52.79,174.0,166.0
1770041854593801221,255748,9.412,86.2,9.98,-44.5,0.82,1.29,8.38,-1.12,-6.19,-0.05,-0.2,-0.05,11934.68,70.0,56.14,52.44,174.0,166.0
1770041854708467553,255860,10.24,68.7,10.336,-55.3,0.86,1.15,8.38,-1.12,-6.19,-0.09,0.04,-0.07,11936.91,70.0,54.92,52.72,174.0,166.0
1770041854823150218,255977,10.216,62.3,10.048,-73.5,1.05,1.48,8.38,-1.19,-6.19,-0.12,-0.04,-0.07,11942.06,70.0,53.92,50.97,174.0,166.0
1770041854946010683,256092,10.428,94.5,10.416,-101.2,1.5,1.43,8.44,-1.19,-6.5,-0.19,0.15,0.08,11947.2,70.0,52.36,49.53,174.0,168.0
1770041855060696015,256212,10.436,111.6,10.32,-79.4,1.21,2.07,8.44,-1.12,-6.63,-0.07,0.0,0.02,11951.32,70.0,50.52,49.12,174.0,168.0
1770041855175361237,256329,10.444,0.0,10.42,-93.5,1.76,1.48,8.44,-1.12,-6.63,-0.07,-0.06,-0.09,11957.15,70.0,50.23,46.53,174.0,168.0
1770041855277721284,256445,8.74,72.7,10.384,-73.0,1.43,1.39,8.63,-1.19,-6.56,-0.08,-0.02,-0.05,180.25,70.0,50.16,48.37,174.0,168.0
1770041855396524360,256544,8.716,87.0,10.464,-93.7,1.99,1.6,8.75,-1.19,-6.44,-0.11,0.1,-0.06,11948.92,70.0,51.32,48.33,174.0,168.0
1770041855511218840,256663,10.456,69.2,10.468,-60.1,1.6,1.33,8.88,-1.19,-6.38,-0.14,-0.03,-0.01,11948.06,70.0,52.81,49.95,174.0,168.0
1770041855625851657,256779,10.272,85.7,9.028,-87.7,1.68,1.66,8.88,-1.19,-6.38,-0.15,-0.08,-0.18,11949.26,70.0,53.98,50.38,174.0,168.0
1770041855750604432,256896,10.052,53.0,10.468,-75.8,1.19,0.84,8.94,-1.06,-6.38,0.06,-0.16,-0.09,11943.77,70.0,53.45,50.52,174.0,168.0
1770041855859344973,257010,9.912,59.9,9.988,-58.1,1.02,1.11,8.88,-1.06,-6.38,-0.14,-0.15,-0.05,11949.09,70.0,52.44,49.49,176.0,168.0
1770041855974034750,257128,9.128,73.4,10.164,-67.5,1.45,1.46,8.94,-1.06,-6.38,-0.13,-0.01,-0.1,11956.81,70.0,50.67,47.1,176.0,168.0
1770041856092805560,257243,9.376,73.9,9.972,-69.1,1.07,1.35,9.0,-1.12,-6.56,0.0,-0.04,-0.1,11956.64,70.0,51.82,45.34,176.0,168.0
1770041856207499431,257358,10.428,82.4,10.44,-82.8,1.27,1.05,9.19,-1.06,-6.69,0.06,0.0,-0.15,11959.21,70.0,50.23,45.8,176.0,168.0
1770041856326215013,257474,9.356,73.6,10.056,-81.4,2.13,1.86,9.19,-1.0,-6.75,0.04,0.14,-0.12,11959.04,70.0,48.94,45.34,176.0,168.0
1770041856440927901,257593,8.704,104.1,9.752,-104.8,1.86,1.62,9.25,-1.06,-6.63,0.06,0.02,-0.18,11957.49,70.0,50.67,44.96,176.0,168.0
1770041856602524186,257708,10.416,75.3,9.988,-65.5,1.13,1.45,9.38,-1.19,-6.44,0.05,-0.01,-0.06,11950.98,70.0,51.82,47.5,176.0,168.0
1770041856711278097,257862,9.516,71.2,10.5,-96.5,1.52,1.15,9.75,-1.12,-6.31,-0.15,-0.06,-0.09,11947.38,70.0,52.49,48.12,176.0,168.0
1770041856830024566,257979,8.632,63.6,10.1,0.0,1.17,1.04,9.94,-1.06,-6.25,0.06,-0.07,0.07,11949.26,70.0,52.99,48.64,176.0,168.0
1770041856956991229,258096,10.152,64.4,10.352,-64.3,0.92,1.15,10.06,-1.0,-6.25,0.07,-0.12,-0.26,11952.18,70.0,52.54,46.78,176.0,168.0
1770041857071674512,258224,9.06,61.7,9.704,-77.2,1.31,1.0,10.13,-0.94,-6.25,0.25,0.05,0.04,11952.35,70.0,50.65,48.02,176.0,168.0
1770041857186367624,258338,10.36,84.5,10.464,-67.2,1.05,1.72,10.13,-1.0,-6.25,-0.01,0.05,0.0,11947.2,70.0,51.42,50.67,176.0,168.0
1770041857305164741,258453,9.568,76.3,9.372,-71.4,1.37,1.43,10.19,-1.06,-6.44,-0.09,0.05,-0.37,11945.49,70.0,49.95,52.09,176.0,170.0
1770041857423939082,258572,10.352,69.9,10.232,-64.3,1.27,1.15,10.19,-1.12,-6.56,-0.67,0.28,0.33,11940.86,70.0,51.99,52.72,176.0,170.0
1770041857538629176,258690,9.244,70.8,10.472,-68.2,1.05,1.86,10.06,-1.19,-6.56,-0.01,0.0,-0.04,11944.63,70.0,53.07,50.95,176.0,170.0
1770041857653294178,258804,10.3,76.5,9.86,-77.1,1.66,1.43,10.0,-1.44,-6.44,0.04,0.0,0.06,11944.97,70.0,53.18,50.97,176.0,170.0
1770041857751643746,258919,9.38,82.7,10.152,-56.2,1.58,1.46,10.06,-1.56,-6.25,-0.08,-0.07,-0.02,171.84,70.0,53.75,50.16,176.0,170.0
1770041857874440726,259019,9.248,65.8,10.468,-91.4,1.66,1.11,10.25,-1.63,-6.06,-0.17,-0.01,0.28,11939.32,70.0,53.99,52.5,176.0,170.0
1770041857989133875,259139,10.464,74.9,10.448,-82.9,1.19,1.41,10.31,-1.56,-5.94,-0.06,0.15,0.0,11941.2,70.0,55.43,52.63,176.0,170.0
1770041858103814945,259257,10.016,58.6,10.52,-72.0,0.82,1.02,10.31,-1.5,-5.88,-0.26,-0.01,0.19,11941.37,70.0,54.18,52.72,178.0,170.0
1770041858222585769,259372,9.816,63.9,10.224,-68.0,1.13,0.88,10.25,-1.56,-5.94,0.42,0.03,0.18,11944.29,70.0,52.81,52.09,178.0,170.0
1770041858341342705,259488,10.504,69.6,9.952,-82.9,1.13,1.07,10.25,-1.63,-5.88,-0.25,0.19,-0.09,11938.46,70.0,55.4,53.18,178.0,170.0
1770041858456038021,259607,10.48,79.4,9.62,-87.4,1.46,1.35,10.25,-1.63,-5.88,-0.04,-0.14,-0.02,11944.29,70.0,51.65,51.65,178.0,170.0
1770041858570741743,259723,9.444,96.2,9.612,-93.0,1.45,1.76,10.19,-1.69,-5.81,-0.23,0.01,-0.16,11946.52,70.0,51.54,50.81,178.0,170.0
1770041858685400357,259838,10.344,74.0,9.964,-71.2,1.91,1.21,10.19,-1.88,-5.69,0.09,-0.1,0.1,11946.86,70.0,54.18,49.06,178.0,170.0
1770041858804159496,259953,9.908,86.0,10.4,-87.3,1.52,1.27,10.19,-2.13,-5.5,-0.16,0.14,-0.36,11949.26,70.0,52.44,49.49,178.0,170.0
1770041858918818017,260071,10.284,112.1,10.248,-46.9,1.17,1.97,10.19,-2.31,-5.13,-0.14,-0.01,0.03,11946.0,70.0,52.63,49.82,178.0,170.0
1770041859037631276,260187,10.164,87.1,10.496,0.0,1.19,1.6,10.38,-2.31,-4.88,0.41,0.14,-0.04,11943.43,70.0,56.62,52.26,178.0,170.0
1770041859152299018,260303,9.556,76.0,10.036,-68.5,0.68,1.58,10.44,-2.25,-4.75,-0.01,0.14,-0.19,11941.03,70.0,55.4,53.92,178.0,170.0
1770041859266982093,260418,9.404,49.7,10.148,-52.5,0.88,0.66,10.38,-2.13,-4.69,0.12,-0.03,0.01,11942.57,70.0,54.44,52.26,178.0,170.0
1770041859398108385,260533,8.952,76.6,10.484,-90.3,1.76,1.15,10.25,-2.13,-4.69,0.05,-0.02,-0.33,11941.03,70.0,54.23,54.23,178.0,170.0
1770041859512710556,260663,10.424,79.1,10.072,-75.8,1.56,1.27,10.13,-1.94,-4.69,-0.51,0.0,-0.34,11944.12,70.0,52.87,51.57,178.0,170.0
1770041859627401223,260780,10.032,65.6,9.896,-58.2,1.23,0.98,10.0,-1.19,-4.69,-0.31,-0.02,-0.2,11946.69,70.0,51.99,51.25,178.0,172.0
1770041859742079965,260892,10.408,80.4,10.208,-56.9,1.17,1.41,10.0,-1.31,-4.75,-0.05,-0.01,-0.06,11949.78,70.0,51.88,49.62,178.0,172.0
1770041859860849142,261007,9.86,88.8,10.168,-89.2,1.48,1.74,10.0,-1.37,-4.69,0.24,0.27,0.04,11951.66,70.0,51.82,48.22,178.0,172.0
1770041859979623818,261128,10.104,86.7,9.612,-78.1,0.96,1.62,10.0,-1.5,-4.56,-0.23,-0.22,0.07,11947.89,70.0,51.93,49.12,178.0,172.0
1770041860094299903,261244,10.024,73.5,10.04,-58.6,1.11,1.37,10.06,-1.56,-4.38,-0.14,-0.01,-0.02,11946.35,70.0,52.99,49.36,178.0,172.0
1770041860208979921,261359,10.492,82.5,9.364,-48.9,1.6,1.33,10.25,-1.5,-4.25,-0.17,0.0,-0.03,11942.92,70.0,56.14,50.97,178.0,172.0
1770041860327768727,261475,10.18,62.1,9.86,-74.2,1.02,1.29,10.31,-1.31,-4.19,-0.11,0.04,-0.14,11942.75,70.0,53.72,51.54,180.0,172.0
1770041860442438005,261593,8.828,82.9,10.208,-66.3,1.64,1.35,10.31,-1.19,-4.19,0.04,-0.02,0.01,11939.66,70.0,53.33,51.93,180.0,172.0
1770041860557099839,261709,10.464,79.0,9.004,-85.9,1.68,0.9,10.19,-1.12,-4.19,0.09,-0.05,-0.18,11938.46,70.0,55.4,53.18,180.0,172.0
1770041860672002144,261824,10.196,66.8,10.432,-56.4,1.29,1.15,10.19,-0.94,-4.25,-0.3,0.11,-0.12,11946.86,70.0,52.99,51.54,180.0,172.0
1770041860790497703,261939,10.228,69.1,10.148,-88.4,1.37,1.17,10.13,-0.69,-4.25,0.08,-0.02,-0.04,11947.89,70.0,52.44,50.23,180.0,172.0
1770041860892895895,262056,10.504,0.0,9.796,-78.2,2.11,1.35,10.13,-0.69,-4.19,0.01,0.01,-0.06,171.84,70.0,50.87,49.12,180.0,172.0
1770041860991169467,262157,9.996,65.3,10.264,-56.9,0.96,1.15,10.13,-0.69,-4.13,-0.16,0.05,0.0,173.22,70.0,53.89,48.0,180.0,172.0
1770041861089459009,262257,9.628,83.2,9.832,0.0,1.8,1.58,10.13,-0.75,-3.94,0.02,-0.05,0.0,158.64,70.0,53.05,49.68,180.0,172.0
1770041861191886121,262356,10.196,104.8,10.468,-105.7,1.66,1.62,10.19,-0.81,-3.75,0.09,0.04,-0.13,168.41,70.0,52.21,48.84,180.0,172.0
1770041861290170278,262456,8.868,97.1,9.564,-47.7,0.94,1.48,10.31,-0.88,-3.63,-0.09,0.05,-0.14,176.13,70.0,53.27,49.84,180.0,172.0
1770041861404834555,262556,9.852,64.2,9.796,-92.4,1.56,1.19,10.44,-0.81,-3.56,-0.24,0.04,-0.05,11938.63,70.0,55.97,52.5,180.0,172.0
1770041861513159934,262671,9.096,0.0,10.448,-55.8,1.15,0.64,10.44,-0.63,-3.56,0.21,-0.11,-0.08,181.96,70.0,54.27,52.39,180.0,172.0
1770041861621895481,262771,9.244,66.4,10.332,0.0,0.96,1.37,10.44,-0.44,-3.56,-0.05,0.14,0.04,11938.63,70.0,56.46,52.57,180.0,172.0
1770041861740714396,262888,10.152,49.2,9.648,0.0,1.48,0.66,10.31,-0.37,-3.56,0.04,0.18,0.01,11949.09,70.0,51.99,49.79,180.0,172.0
1770041861855351118,263006,9.996,75.9,10.508,-82.0,2.09,1.54,10.38,-0.31,-3.56,-0.07,-0.07,0.07,11952.01,70.0,52.36,48.82,180.0,172.0
1770041861970024284,263122,9.084,88.4,10.448,-73.0,1.29,1.0,10.44,-0.37,-3.75,-0.07,0.09,-0.09,11952.18,70.0,51.25,46.86,180.0,174.0
1770041862088813596,263237,10.268,94.8,10.448,-74.1,1.05,1.82,10.56,-0.37,-3.75,-0.11,-0.02,-0.05,11952.35,70.0,53.72,47.91,180.0,174.0
1770041862215805591,263354,10.2,78.6,10.136,-71.9,1.46,1.97,10.63,-0.44,-3.69,0.15,-0.09,-0.21,11948.58,70.0,52.54,45.34,180.0,174.0
1770041862314060909,263481,8.752,0.0,9.964,-60.1,1.46,1.21,10.69,-0.56,-3.56,0.0,0.04,-0.03,172.7,70.0,53.58,42.87,180.0,174.0
1770041862428779126,263581,9.036,75.3,10.104,-71.2,1.54,1.74,10.88,-0.75,-3.44,-0.06,-0.02,-0.06,11954.92,70.0,53.0,44.58,180.0,174.0
1770041862531154011,263696,9.14,85.8,9.448,-93.3,1.72,1.82,11.13,-0.81,-3.31,-0.17,0.0,0.04,166.36,70.0,50.52,43.04,180.0,174.0
1770041862629438939,263795,8.888,81.9,9.856,-61.5,1.07,1.7,11.38,-0.63,-3.31,-0.08,0.08,-0.09,208.54,70.0,51.69,45.85,182.0,174.0
1770041862731830935,263896,10.02,83.2,9.264,-66.0,1.66,1.41,11.5,-0.5,-3.31,-0.02,-0.1,-0.11,165.67,70.0,51.36,48.84,182.0,174.0
1770041862830134029,263996,10.492,79.5,10.088,-71.4,1.56,1.35,11.5,-0.37,-3.31,0.02,0.0,-0.22,158.64,70.0,52.21,48.84,182.0,174.0
1770041862928454548,264095,10.02,84.1,9.824,-70.6,1.45,1.48,11.5,-0.31,-3.38,0.04,-0.08,-0.01,168.41,70.0,50.02,48.36,182.0,174.0
1770041863047204011,264195,9.82,81.7,10.396,-79.5,1.93,1.74,11.5,-0.19,-3.44,-0.15,0.1,0.06,11953.21,70.0,49.53,49.04,182.0,174.0
1770041863165979981,264312,10.2,60.6,10.46,-104.7,2.01,1.31,11.5,-0.06,-3.5,-0.09,0.03,-0.05,11950.98,70.0,49.49,49.49,182.0,174.0
1770041863280651641,264430,10.348,88.6,9.608,-86.2,1.43,1.84,11.5,0.0,-3.56,-0.08,-0.02,-0.07,11949.78,70.0,50.52,49.12,182.0,174.0
1770041863399429592,264547,8.88,81.3,9.684,-98.2,1.89,1.8,11.44,-0.06,-3.44,-0.01,-0.01,-0.03,11948.58,70.0,52.09,47.81,182.0,174.0
1770041863514105159,264665,9.632,58.7,9.288,-79.0,1.41,1.09,11.44,-0.25,-3.38,0.04,0.04,0.0,11950.46,70.0,51.25,47.59,182.0,174.0
1770041863632903276,264779,10.04,87.5,10.24,-92.2,1.76,1.21,11.44,-0.37,-3.25,-0.12,0.05,-0.18,11946.52,70.0,54.66,48.01,182.0,174.0
1770041863747562733,264897,8.732,74.0,10.032,-74.7,1.56,1.29,11.63,-0.37,-3.31,-0.54,-0.26,0.18,11950.63,70.0,52.63,47.72,182.0,174.0
1770041863866331592,265014,10.408,73.7,9.34,-91.4,1.33,1.5,11.75,-0.25,-3.31,-0.48,-0.66,0.38,11948.58,70.0,52.54,50.38,182.0,174.0
1770041863981016418,265129,9.908,59.4,9.6,-93.3,1.88,0.94,11.81,-0.06,-3.31,0.24,0.06,-0.05,11943.95,70.0,53.45,50.52,182.0,174.0
1770041864095652273,265245,10.46,60.1,9.784,-70.5,1.91,0.88,11.69,0.0,-3.44,0.47,0.35,-0.63,11946.52,70.0,53.18,51.7,182.0,174.0
1770041864214476109,265362,9.164,54.3,10.084,-94.7,1.6,0.86,11.69,0.12,-3.56,0.19,0.04,0.0,11948.75,70.0,52.09,51.38,182.0,174.0
1770041864329148840,265478,10.476,64.6,9.34,-75.4,1.17,0.98,11.63,0.12,-3.56,0.17,-0.06,-0.23,11948.92,70.0,51.1,50.38,182.0,174.0
1770041864443868161,265594,9.092,95.0,9.708,-84.0,1.54,1.84,11.56,0.19,-3.63,0.25,0.05,0.04,11946.86,70.0,52.72,49.79,182.0,176.0
1770041864562678498,265710,10.196,64.8,9.08,-49.4,1.23,0.96,11.63,0.06,-3.56,0.01,-0.17,0.08,11948.58,70.0,52.99,49.36,182.0,176.0
1770041864681454262,265829,10.448,65.4,10.336,-60.6,2.23,1.76,11.63,0.0,-3.44,0.12,0.11,-0.31,11948.92,70.0,53.58,49.41,182.0,176.0
1770041864796129141,265947,10.3,79.1,10.2,-63.4,1.27,1.7,11.63,-0.12,-3.31,0.06,0.16,-0.39,11953.38,70.0,51.54,46.46,184.0,176.0
1770041864914901442,266061,9.076,91.2,10.316,-56.7,1.07,2.11,11.81,-0.19,-3.38,-0.91,0.55,0.56,11950.29,70.0,52.99,48.64,184.0,176.0
1770041865037765897,266178,9.412,64.2,9.056,-95.9,1.93,1.02,12.06,0.0,-3.25,0.11,-0.09,-0.18,11944.29,70.0,52.72,52.72,184.0,176.0
1770041865152451734,266303,10.456,78.7,10.456,-76.2,1.72,1.15,12.13,0.19,-3.25,0.14,0.17,-0.54,11944.63,70.0,52.29,52.97,184.0,176.0
1770041865267119091,266418,8.828,54.1,9.712,-95.5,1.35,0.8,12.0,0.63,-3.38,-0.39,0.18,-0.03,11950.12,70.0,50.09,52.26,184.0,176.0
1770041865385881279,266533,9.64,48.9,9.84,-98.2,1.74,1.0,11.81,0.81,-3.5,-0.01,0.09,-0.11,11952.18,70.0,48.22,51.82,184.0,176.0
1770041865500578709,266650,9.864,72.4,10.312,-120.9,2.32,1.05,11.63,0.88,-3.5,0.0,-0.58,0.39,11951.83,70.0,47.59,51.99,184.0,176.0
1770041865619359284,266765,9.632,82.1,10.056,-86.3,2.03,1.5,11.44,0.94,-3.63,-0.04,0.04,-0.08,11946.69,70.0,49.79,51.99,184.0,176.0
1770041865734044677,266884,10.376,80.8,10.284,-115.5,2.01,1.19,11.25,0.81,-3.56,-0.25,0.24,-0.28,11949.95,70.0,49.95,49.95,184.0,176.0
1770041865832303805,266998,10.224,75.0,10.348,-70.2,1.39,1.25,11.13,0.69,-3.44,0.58,0.05,-0.39,157.78,70.0,52.39,48.65,184.0,176.0
1770041865934734593,267099,9.34,103.7,9.968,-75.5,1.37,1.86,11.13,0.56,-3.25,0.19,-0.06,-0.34,171.84,70.0,50.52,49.68,184.0,176.0
1770041866053509030,267198,9.772,92.3,10.052,-96.1,1.7,1.62,11.13,0.5,-3.19,-0.41,0.12,0.01,11947.38,70.0,51.51,49.04,184.0,176.0
1770041866168198974,267316,9.452,80.3,9.552,-65.1,1.66,1.46,11.25,0.56,-3.06,-1.75,-0.09,1.01,11945.66,70.0,50.95,51.65,184.0,176.0
1770041866266476258,267432,10.204,63.2,10.424,-106.9,1.58,1.31,11.19,0.75,-3.0,0.09,0.19,-0.11,184.02,70.0,48.37,51.96,184.0,176.0
1770041866381092001,267532,9.844,71.6,10.304,-80.6,1.46,1.25,11.0,0.94,-2.94,-0.01,0.05,0.06,11944.46,70.0,50.12,52.63,184.0,176.0
1770041866509956383,267646,10.072,84.4,10.284,-101.2,1.64,1.56,10.94,1.0,-3.06,-0.11,0.11,0.01,11948.06,70.0,50.81,52.26,184.0,176.0
1770041866624658382,267766,9.884,0.0,9.32,-78.0,1.78,1.02,10.81,1.06,-3.13,-0.15,0.03,0.15,11947.2,70.0,49.66,52.54,184.0,176.0
1770041866733390422,267881,10.144,75.6,10.048,-79.2,1.68,1.15,10.63,1.06,-3.13,0.18,-0.12,-0.11,11947.2,70.0,48.33,52.72,184.0,176.0
1770041866848062052,267996,9.608,79.1,9.724,-70.7,1.23,1.6,10.5,1.06,-3.13,0.18,-0.16,-0.12,11947.89,70.0,49.66,51.1,184.0,178.0
1770041866966843292,268112,10.212,106.3,10.208,-71.5,1.21,1.7,10.31,0.88,-3.0,0.04,-0.15,-0.03,11946.69,70.0,51.7,50.97,184.0,178.0
1770041867065134759,268230,10.408,99.4,10.048,-63.0,1.37,1.46,10.25,0.63,-2.88,-0.03,-0.08,-0.1,154.86,70.0,49.53,47.88,184.0,178.0
1770041867167554920,268331,8.74,108.2,10.188,-115.8,2.11,1.66,10.25,0.44,-2.75,-0.23,0.0,-0.05,171.84,70.0,50.52,48.84,184.0,178.0
1770041867282154807,268431,10.188,74.8,10.292,-99.9,1.72,1.46,10.25,0.37,-2.69,-0.07,-0.02,-0.01,11946.0,70.0,51.02,50.03,186.0,178.0
1770041867406921503,268548,9.132,85.5,10.46,-100.7,1.99,1.39,10.31,0.56,-2.63,-0.03,0.04,-0.11,11941.03,70.0,49.36,52.99,186.0,178.0
1770041867515664499,268662,10.348,56.2,9.636,-103.8,1.99,1.04,10.19,0.69,-2.63,-0.02,-0.07,-0.12,11946.18,70.0,49.49,53.18,186.0,178.0
1770041867630372641,268781,10.14,63.1,9.848,-93.1,1.48,1.74,10.0,0.81,-2.63,0.01,-0.02,-0.07,11947.72,70.0,49.95,52.09,186.0,178.0
1770041867749119452,268896,8.624,96.7,10.448,-80.8,1.5,1.23,9.88,0.88,-2.63,-0.07,-0.05,-0.09,11946.18,70.0,48.52,52.09,186.0,178.0
1770041867863795392,269014,9.824,85.6,10.112,-122.4,2.3,0.94,9.63,0.88,-2.63,0.02,-0.03,-0.14,11951.66,70.0,47.18,50.81,186.0,178.0
1770041867990771349,269128,10.376,101.5,10.412,-80.7,1.56,1.95,9.44,0.94,-2.56,-0.08,-0.04,-0.2,11948.75,70.0,50.23,49.49,186.0,178.0
1770041868105431781,269255,8.74,90.2,9.84,-73.4,1.48,1.54,9.25,0.81,-2.31,0.09,-0.1,0.01,11949.43,70.0,50.79,48.12,186.0,178.0
1770041868220145769,269369,10.104,86.7,10.248,-80.8,1.54,1.74,9.19,0.63,-2.19,-0.05,0.02,0.01,11949.61,70.0,51.99,47.59,186.0,178.0
1770041868334777853,269484,8.588,92.8,9.292,-110.3,1.8,1.82,9.31,0.5,-2.06,-0.25,-0.14,-0.04,11949.95,70.0,51.99,46.86,186.0,178.0
1770041868453620489,269598,9.236,105.6,10.056,-70.9,1.25,1.58,9.44,0.44,-1.94,-0.12,0.1,-0.11,11947.89,70.0,53.18,48.01,186.0,178.0
1770041868568254518,269716,8.952,103.2,10.272,-73.2,1.17,1.95,9.69,0.63,-1.81,-0.04,-0.11,0.01,11941.37,70.0,52.36,49.53,186.0,178.0
1770041868687023639,269833,10.436,86.0,9.164,-79.3,2.23,1.97,9.75,0.81,-1.75,-0.09,-0.07,-0.1,11949.95,70.0,49.24,49.24,186.0,178.0
1770041868801699110,269949,9.952,93.8,10.084,-106.8,1.89,2.07,9.69,0.88,-1.75,-0.07,0.06,-0.2,11947.03,70.0,52.72,49.79,186.0,178.0
1770041868920509044,270064,9.94,89.2,10.432,-115.5,1.86,1.56,9.75,0.94,-1.81,0.11,0.0,-0.19,11952.18,70.0,50.09,50.09,186.0,178.0
1770041869035154858,270184,10.44,78.4,10.304,-114.4,1.95,1.33,9.63,1.06,-1.81,-0.03,0.03,-0.05,11946.69,70.0,49.95,48.52,186.0,178.0
1770041869137579352,270299,10.108,64.9,9.956,-115.1,2.52,1.13,9.56,1.12,-1.88,-0.27,-0.17,-0.07,163.27,70.0,49.42,47.59,186.0,178.0
1770041869235873717,270399,9.86,102.0,10.168,-109.1,1.68,1.84,9.56,1.06,-1.88,-0.27,0.04,0.07,164.13,70.0,48.84,48.0,186.0,180.0
1770041869360532004,270499,10.052,110.9,9.908,-91.4,1.54,2.05,9.56,0.94,-1.81,0.0,0.06,-0.15,11948.58,70.0,50.03,47.06,186.0,180.0
1770041869469315595,270616,8.76,91.9,10.44,-94.1,2.09,1.82,9.56,0.75,-1.69,0.0,-0.06,-0.06,11949.26,70.0,51.99,46.86,186.0,180.0
1770041869588079767,270733,10.16,104.1,10.432,-111.1,2.09,1.97,9.63,0.56,-1.69,-0.19,-0.41,-0.02,11951.15,70.0,50.24,45.99,188.0,180.0
1770041869702753955,270850,10.164,99.2,9.616,-75.3,1.45,1.43,9.75,0.5,-1.56,0.1,0.04,-0.11,11952.69,70.0,49.36,46.46,188.0,180.0
1770041869817368608,270964,9.712,56.7,10.452,-84.7,1.48,1.05,9.88,0.63,-1.56,-0.19,0.08,-0.15,11948.92,70.0,49.66,48.94,188.0,180.0
1770041869936246904,271082,10.452,75.8,9.732,-101.1,1.99,1.31,9.94,0.75,-1.56,0.13,0.09,-0.11,11954.41,70.0,47.59,46.86,188.0,180.0
1770041870050855108,271201,10.212,81.8,10.252,-113.4,2.23,1.6,10.06,0.88,-1.63,0.15,-0.12,-0.03,11954.75,70.0,48.52,44.96,188.0,180.0
1770041870169688975,271315,9.704,73.8,10.124,-144.4,2.89,1.33,10.13,0.94,-1.69,0.14,-0.05,-0.06,11967.44,70.0,41.39,43.53,188.0,180.0
1770041870284342213,271432,9.892,101.8,9.964,-122.1,2.46,1.46,10.19,1.0,-1.81,-0.39,0.24,-0.65,11960.75,70.0,45.06,44.32,188.0,180.0
1770041870403120619,271548,10.14,91.5,9.776,-108.3,2.09,2.01,10.13,1.0,-1.75,-0.23,0.04,0.11,11958.52,70.0,47.59,43.93,188.0,180.0
1770041870517810430,271666,10.072,67.5,10.116,-131.8,2.56,1.82,10.13,0.94,-1.81,0.04,-0.06,-0.19,11963.67,70.0,47.81,41.39,188.0,180.0
1770041870636573115,271780,10.412,51.8,10.46,-108.0,2.27,1.72,10.19,0.75,-1.75,0.09,0.08,-0.07,11970.19,70.0,48.52,37.82,188.0,180.0
1770041870751256888,271897,9.336,110.2,10.108,-105.6,1.84,1.72,10.44,0.56,-1.69,0.0,-0.04,-0.07,11959.21,70.0,48.75,41.36,188.0,180.0
1770041870878221820,272013,9.388,76.5,10.388,-96.4,1.84,1.97,10.44,0.37,-1.63,-0.13,-0.26,-0.07,11964.87,70.0,46.06,41.02,188.0,180.0
1770041870992894113,272140,9.948,66.6,10.424,-137.6,2.36,2.07,10.56,0.31,-1.63,-0.09,-0.02,-0.06,11971.9,70.0,46.11,38.09,188.0,180.0
1770041871107572006,272254,8.924,94.9,9.168,-130.9,2.58,1.52,10.88,0.31,-1.63,0.0,0.06,-0.02,11972.76,70.0,44.67,37.34,188.0,180.0
1770041871222282939,272369,10.048,86.8,9.732,-115.8,2.09,1.64,11.13,0.37,-1.69,-0.28,-0.03,-0.11,11966.24,70.0,47.27,39.89,188.0,180.0
1770041871341011193,272485,10.0,74.2,9.004,-117.9,2.38,1.19,11.5,0.56,-1.88,-0.02,0.0,0.0,11965.55,70.0,46.78,40.3,188.0,180.0
1770041871455764920,272604,8.768,86.4,10.056,-131.3,2.58,1.17,11.75,0.75,-2.0,0.16,-0.1,-0.16,11973.1,70.0,42.82,39.96,188.0,180.0
1770041871574488768,272719,8.54,97.4,9.888,-108.6,2.56,1.66,11.81,0.88,-2.06,-0.16,-0.03,-0.11,11966.93,70.0,45.73,41.38,188.0,180.0
1770041871689169868,272836,9.456,90.4,9.764,-147.2,2.62,1.21,11.81,0.94,-2.13,-0.12,0.05,-0.02,11965.73,70.0,45.73,42.1,188.0,180.0
1770041871787474451,272951,9.728,101.0,10.256,-100.8,1.7,1.97,11.81,0.88,-2.13,-0.11,0.11,0.1,155.72,70.0,48.65,43.04,188.0,180.0
1770041871889877705,273050,9.38,93.9,10.176,-83.9,1.43,1.58,11.81,0.75,-2.19,-0.08,0.08,-0.06,155.04,70.0,47.15,44.63,188.0,180.0
1770041871988162215,273150,9.144,74.4,9.872,-107.6,2.25,1.58,11.81,0.56,-2.19,0.0,-0.03,-0.11,146.46,70.0,49.68,48.0,188.0,182.0
1770041872102838230,273250,10.0,108.4,9.98,-88.5,1.93,1.6,11.81,0.37,-2.19,-0.16,-0.02,0.0,11959.72,70.0,48.83,46.84,190.0,182.0
1770041872217474787,273364,9.392,89.1,10.42,-83.5,2.17,1.43,11.69,0.25,-2.19,-0.4,0.1,-0.13,11958.69,70.0,48.22,46.78,190.0,182.0
1770041872336245349,273481,10.256,137.5,9.828,-89.6,1.95,2.5,11.75,0.19,-2.19,-0.25,0.02,-0.13,11956.46,70.0,48.75,47.27,190.0,182.0
1770041872461033322,273599,9.952,100.0,10.176,-95.8,2.17,2.13,11.88,0.19,-2.19,-0.34,-0.12,0.0,11958.69,70.0,47.41,47.41,190.0,182.0
1770041872575689915,273715,9.82,83.8,9.2,-121.2,2.52,1.33,12.06,0.25,-2.25,0.01,-0.09,-0.08,11956.81,70.0,48.33,47.59,190.0,182.0
1770041872684420761,273829,10.216,77.9,10.208,-122.3,2.52,1.6,12.13,0.44,-2.31,-0.17,-0.09,-0.1,11960.41,70.0,46.46,47.18,190.0,182.0
1770041872803188860,273946,10.308,112.0,10.104,-149.9,3.13,2.34,12.06,0.56,-2.31,0.06,-0.37,-0.06,11956.64,70.0,46.46,47.91,190.0,182.0
1770041872917921414,274066,9.728,143.1,9.016,-130.3,2.13,2.19,11.81,0.69,-2.38,-0.11,0.04,-0.01,11955.09,70.0,47.1,49.24,190.0,182.0
1770041873036656559,274181,9.476,113.2,10.056,-115.3,2.29,1.86,11.63,0.63,-2.31,0.03,-0.06,0.0,11958.18,70.0,44.24,49.24,190.0,182.0
1770041873151354162,274298,10.304,112.2,9.536,-99.7,1.93,1.8,11.38,0.56,-2.19,-0.07,0.13,-0.18,11956.81,70.0,46.53,49.49,190.0,182.0
1770041873270067164,274413,9.34,101.9,10.0,-125.1,2.29,1.54,11.19,0.44,-2.13,-0.32,-0.05,-0.05,11956.46,70.0,47.59,48.33,190.0,182.0
1770041873384747582,274531,10.244,134.2,10.048,-141.0,2.95,2.29,11.06,0.25,-2.06,0.04,-0.31,0.0,11959.72,70.0,45.99,46.7,190.0,182.0
1770041873499462055,274646,9.972,120.8,10.124,-132.9,2.7,2.11,10.88,0.19,-1.94,-0.1,0.02,0.03,11965.21,70.0,46.06,44.62,190.0,182.0
1770041873601858325,274762,10.056,134.9,9.66,-102.9,1.82,2.95,11.0,0.12,-1.94,-0.17,0.05,-0.15,161.9,70.0,46.78,43.04,190.0,182.0
1770041873724737774,274863,9.972,159.4,10.236,-141.8,2.5,2.07,11.13,0.19,-1.88,-0.01,0.19,-0.08,11966.07,70.0,45.57,44.08,190.0,182.0
1770041873843520236,274987,9.408,140.2,10.344,-129.3,2.5,2.6,11.38,0.31,-1.88,-0.3,0.05,0.04,11958.52,70.0,47.15,45.81,190.0,182.0
1770041873958182933,275103,9.964,111.4,10.252,-115.0,2.38,1.91,11.56,0.56,-1.94,-0.07,0.14,-0.04,11962.12,70.0,45.4,46.13,190.0,182.0
1770041874056477320,275218,10.34,133.0,9.264,-123.0,2.66,2.42,11.5,0.75,-2.0,0.06,0.1,-0.24,164.64,70.0,41.17,44.91,190.0,182.0
1770041874158884078,275318,10.088,103.1,10.26,-144.6,2.83,2.13,11.38,0.81,-2.06,0.16,0.23,-0.3,157.09,70.0,42.1,46.31,190.0,182.0
1770041874257156812,275419,10.144,135.8,10.2,-94.1,1.86,2.15,11.25,0.81,-2.06,0.1,0.12,0.04,154.69,70.0,46.31,49.68,190.0,182.0
1770041874359537960,275519,9.952,124.4,9.556,-111.0,2.32,1.99,11.06,0.75,-2.13,0.01,-0.09,0.0,164.81,70.0,46.31,53.05,190.0,182.0
1770041874457833563,275619,8.908,131.9,10.172,-115.3,2.19,2.4,10.81,0.63,-2.06,-0.12,0.01,-0.01,160.01,70.0,45.85,53.36,190.0,184.0
1770041874572540176,275720,9.68,113.1,10.156,-109.6,1.76,1.76,10.63,0.44,-2.0,-0.11,-0.19,-0.13,11951.83,70.0,49.53,52.01,190.0,184.0
1770041874691318390,275834,9.044,126.0,10.384,-82.8,1.52,1.88,10.5,0.31,-1.94,0.44,-0.06,0.0,11957.15,70.0,47.59,47.59,192.0,184.0
1770041874805990319,275952,9.376,138.2,10.068,-112.6,2.15,1.97,10.38,0.19,-1.81,-0.08,-0.05,-0.02,11963.84,70.0,46.38,42.1,192.0,184.0
1770041874924766588,276068,9.836,125.0,9.684,-129.2,2.44,2.62,10.56,0.19,-1.81,0.03,0.0,-0.03,11965.21,70.0,45.34,41.02,192.0,184.0
1770041875039438913,276185,10.264,144.5,9.788,-103.3,1.76,2.58,10.94,0.25,-1.75,0.06,0.09,-0.06,11966.93,70.0,45.01,41.38,192.0,184.0
1770041875158192454,276299,10.248,97.2,9.764,-106.8,1.72,2.07,11.19,0.37,-1.81,0.15,-0.01,-0.07,11960.92,70.0,47.18,43.55,192.0,184.0
1770041875276958216,276419,10.196,119.8,10.148,-109.6,2.3,1.74,11.31,0.56,-1.88,-0.17,-0.01,-0.16,11968.64,70.0,42.8,42.1,192.0,184.0
1770041875391667080,276537,10.108,112.5,9.672,-195.1,3.95,2.19,11.38,0.75,-1.94,0.41,0.02,-0.18,11973.62,70.0,38.47,39.92,192.0,184.0
1770041875506332538,276652,9.9,107.8,10.1,-125.8,2.17,2.21,11.19,0.75,-1.81,0.25,-0.27,-0.14,11964.87,70.0,43.9,43.18,192.0,184.0
1770041875625105985,276769,9.304,79.5,9.704,-128.3,2.56,2.17,11.19,0.69,-1.81,-0.03,-0.04,0.06,11965.9,70.0,44.32,45.06,192.0,184.0
1770041875739840495,276887,9.56,92.0,9.88,-120.5,2.38,1.72,11.19,0.5,-1.88,-0.05,-0.01,-0.06,11963.67,70.0,43.16,44.58,192.0,184.0
1770041875854488028,277001,9.604,109.1,9.168,-101.9,2.44,2.09,11.06,0.25,-1.81,0.07,0.14,-0.11,11956.81,70.0,48.75,45.8,192.0,184.0
1770041875969235557,277114,9.876,115.0,10.388,-78.2,1.8,1.68,11.0,0.06,-1.75,-0.15,0.01,-0.05,11962.98,70.0,47.69,45.46,192.0,184.0
1770041876083814093,277229,10.376,105.3,10.368,-96.9,1.82,2.01,10.88,-0.06,-1.69,0.31,-0.46,-0.01,11989.22,70.0,33.39,42.1,192.0,184.0
1770041876198487523,277347,10.416,145.2,10.444,4.3,0.41,2.56,10.5,-0.25,-1.63,-0.95,-0.03,0.23,12021.81,70.0,9.44,37.75,192.0,184.0
1770041876317252906,277462,10.144,93.5,10.4,-0.6,-0.14,2.4,9.5,-0.37,-1.69,-0.07,-0.02,-0.09,12030.55,70.0,0.0,34.12,192.0,184.0
1770041876427800883,277577,10.424,0.0,10.46,3.3,-0.1,2.66,8.56,-0.37,-1.75,-0.17,0.12,-0.05,12031.24,70.0,0.0,33.98,192.0,184.0
1770041876542565513,277691,10.544,101.3,10.464,0.6,0.0,2.64,7.69,-0.37,-1.81,-0.12,0.16,-0.13,12028.84,70.0,0.0,36.19,192.0,184.0
1770041876665443202,277804,10.532,116.6,10.508,0.7,0.12,1.64,6.63,-0.37,-1.81,-0.04,0.14,-0.12,12028.5,70.0,0.0,37.26,192.0,184.0
1770041876780122021,277927,10.456,91.4,9.2,1.0,-0.08,2.68,5.38,-0.37,-1.88,-0.18,0.09,0.06,12025.24,70.0,0.0,38.71,192.0,184.0
1770041876894798210,278042,10.532,107.1,10.524,-0.2,-0.08,1.93,4.13,-0.44,-1.88,-0.1,0.14,-0.02,12027.29,70.0,0.0,40.63,192.0,184.0
1770041877009481824,278157,8.616,124.9,10.456,1.9,-0.06,2.15,2.88,-0.56,-1.81,-0.08,0.03,-0.04,12018.89,70.0,1.46,41.74,192.0,184.0
1770041877128257736,278270,9.008,119.7,10.416,-53.8,1.95,2.03,1.31,-0.75,-1.75,-0.04,-0.11,-0.06,11983.73,70.0,25.63,41.74,192.0,184.0
1770041877247003705,278388,9.468,101.2,10.252,-203.4,2.15,1.86,0.37,-0.88,-1.88,-0.72,0.3,0.18,11943.43,70.0,63.68,40.33,192.0,186.0
1770041877361663644,278506,8.544,85.5,10.304,-169.9,1.88,1.66,1.12,-1.0,-1.81,0.35,-0.01,-0.02,11937.77,70.0,68.1,43.2,192.0,186.0
1770041877460024224,278621,9.396,118.0,10.316,-114.5,2.32,1.66,2.0,-0.94,-2.19,0.14,0.34,-0.08,168.41,70.0,68.08,43.0,192.0,186.0
1770041877578786507,278721,9.56,97.4,9.304,-176.4,3.22,1.62,2.75,-0.81,-2.25,0.28,0.01,-0.07,11943.26,70.0,65.88,43.09,192.0,186.0
1770041877697562900,278841,10.324,124.1,10.224,-174.4,2.75,1.91,3.5,-0.81,-2.19,0.44,-0.1,-0.06,11943.43,70.0,65.96,42.8,192.0,186.0
1770041877812243838,278958,10.196,94.7,9.684,-153.5,1.68,2.13,4.25,-0.88,-2.06,-0.2,0.01,0.07,11935.2,70.0,66.93,43.9,192.0,186.0
1770041877931011213,279073,9.66,125.8,9.4,0.0,1.8,1.76,5.0,-0.88,-1.94,-0.55,-0.1,0.02,11932.63,70.0,68.23,48.64,194.0,186.0
1770041878049787784,279190,10.124,86.7,10.288,-152.7,2.21,1.35,5.75,-0.75,-1.81,-0.41,0.24,-0.24,11929.03,70.0,68.1,51.99,194.0,186.0
1770041878164491508,279308,9.24,116.2,9.5,-119.5,1.84,1.86,6.19,-0.63,-1.75,-0.22,-0.01,-0.04,11929.2,70.0,66.36,52.81,194.0,186.0
1770041878279115828,279424,9.916,100.8,10.088,-198.7,2.27,1.58,6.63,-0.63,-1.69,-0.02,-0.02,-0.04,11928.17,70.0,66.63,52.72,194.0,186.0
1770041878393789016,279538,9.056,119.2,9.912,-161.3,2.5,1.91,7.31,-0.56,-1.75,0.12,-0.21,-0.1,11931.6,70.0,64.61,54.44,194.0,186.0
1770041878508507591,279655,8.512,87.0,9.22,-231.4,2.3,1.89,7.5,-0.5,-1.81,0.08,-0.03,-0.13,11933.14,70.0,62.24,51.99,194.0,186.0
1770041878627274012,279770,10.344,80.6,10.28,-134.0,2.7,1.93,7.63,-0.56,-1.94,0.48,-0.14,-0.13,11931.77,70.0,65.33,51.54,194.0,186.0
1770041878741963163,279887,9.508,102.4,10.288,-154.5,2.81,1.31,8.0,-0.94,-2.06,-0.03,0.32,-0.18,11931.6,70.0,66.21,53.26,194.0,186.0
1770041878860736066,280003,10.328,99.1,9.472,-166.2,1.88,1.84,8.38,-1.19,-1.81,0.48,-0.07,-0.04,11928.85,70.0,66.21,54.7,194.0,186.0
1770041878975412957,280120,10.3,102.0,9.888,-129.1,2.29,1.7,8.75,-1.37,-1.63,-0.15,-0.03,-0.09,11928.17,70.0,66.63,54.18,194.0,186.0
1770041879094191029,280235,10.0,119.1,10.332,-145.7,2.05,1.84,9.31,-1.25,-1.56,0.08,-0.1,0.04,11926.97,70.0,66.93,54.7,194.0,186.0
1770041879212974293,280354,10.04,76.2,9.808,-131.2,2.4,1.66,9.81,-1.12,-1.56,-0.31,-0.04,-0.11,11924.91,70.0,68.64,55.9,194.0,186.0
1770041879327588806,280471,9.968,90.2,9.156,-128.3,2.66,1.86,10.5,-0.88,-1.69,0.2,-0.1,-0.24,11929.71,70.0,64.61,55.17,194.0,186.0
1770041879442336666,280586,9.736,125.1,9.808,-166.3,2.27,2.17,10.81,-0.81,-1.75,-0.08,-0.22,-0.07,11931.08,70.0,64.05,53.98,194.0,186.0
1770041879569291751,280704,10.28,91.2,10.22,-192.3,1.91,1.54,11.19,-0.94,-1.94,-0.08,-0.11,-0.13,11923.71,70.0,67.51,55.17,194.0,186.0
1770041879688064959,280829,9.396,111.2,9.808,-125.5,1.99,1.13,11.44,-1.31,-1.94,-0.05,-0.11,0.02,11922.34,70.0,68.29,55.69,196.0,188.0
1770041879802748358,280946,9.24,121.0,10.164,-152.0,2.73,1.72,11.75,-1.56,-1.81,0.7,0.05,0.06,11923.71,70.0,67.36,56.38,196.0,188.0
1770041879917423351,281061,10.216,109.5,9.236,-155.7,2.4,2.07,11.94,-1.75,-1.81,0.14,-0.07,-0.18,11923.02,70.0,68.37,55.42,196.0,188.0
1770041880036196491,281179,10.116,0.0,10.0,-137.7,2.56,1.95,12.25,-1.88,-1.88,0.0,-0.11,-0.2,11925.77,70.0,65.9,54.18,196.0,188.0
1770041880154975819,281296,9.952,134.6,9.464,-130.5,2.05,1.43,12.75,-1.94,-2.0,0.03,0.15,0.02,11925.6,70.0,66.66,54.03,196.0,188.0
1770041880269674689,281412,9.412,129.2,10.076,-157.3,2.68,1.7,13.31,-1.5,-2.19,0.41,0.12,-0.1,11924.74,70.0,65.33,57.35,196.0,188.0
1770041880384297191,281530,10.356,0.0,10.024,-186.4,1.74,1.68,13.44,-1.31,-2.25,0.0,-0.16,0.01,11920.79,70.0,68.1,57.84,196.0,188.0
1770041880503090185,281645,8.744,107.0,10.076,-109.8,2.17,1.78,13.63,-1.44,-2.44,-0.06,0.17,-0.11,11917.36,70.0,69.81,59.73,196.0,188.0
1770041880621885030,281764,9.66,134.1,9.236,-111.4,1.62,1.5,13.81,-1.69,-2.38,-0.08,-0.11,0.23,11908.62,70.0,70.98,63.33,196.0,188.0
1770041880736565975,281882,8.644,105.5,10.008,-104.8,2.3,2.17,13.88,-1.88,-2.31,-0.24,0.14,0.01,11908.27,70.0,70.91,64.26,196.0,188.0
1770041880855338710,281997,10.144,146.3,8.968,-137.4,1.68,1.97,13.88,-2.0,-2.38,-0.25,0.07,0.03,11911.02,70.0,69.09,65.49,196.0,188.0
1770041880974117834,282114,10.312,131.1,10.024,-130.6,1.88,2.54,13.94,-2.25,-2.38,-0.34,-0.14,-0.1,11911.87,70.0,68.96,63.88,196.0,188.0
1770041881088797186,282232,9.792,168.7,9.784,-165.9,2.3,1.76,14.06,-2.13,-2.5,0.35,0.3,0.58,11917.36,70.0,65.49,65.49,196.0,188.0
1770041881203445713,282347,10.248,129.5,10.032,-157.7,2.93,1.88,14.13,-1.75,-2.63,-0.44,-0.33,0.27,11910.67,70.0,64.61,66.06,196.0,188.0
1770041881322213308,282463,9.592,139.5,10.104,-139.9,1.91,2.34,14.25,-1.63,-2.88,-0.73,0.1,-0.25,11907.76,70.0,71.97,67.65,196.0,188.0
1770041881436939462,282579,9.204,0.0,10.124,-79.8,1.43,2.4,14.31,-1.88,-2.94,-0.61,-0.4,-0.54,11906.56,70.0,71.14,66.06,198.0,188.0
1770041881551580989,282694,9.944,148.5,9.56,-119.9,1.6,2.23,14.44,-2.06,-2.81,-1.05,0.89,-0.18,11906.9,70.0,70.91,67.22,198.0,190.0
1770041881670406175,282812,9.908,183.4,10.02,-161.6,1.66,1.7,14.25,-2.25,-2.88,-0.2,-0.64,0.36,11916.51,70.0,67.22,65.1,198.0,190.0
1770041881785063942,282928,8.936,207.2,10.248,-118.1,2.03,2.29,14.13,-2.31,-3.0,-0.09,-0.35,-0.03,11914.28,70.0,66.21,64.77,198.0,190.0
1770041881903863981,283045,9.012,147.3,9.9,-129.2,2.13,2.23,14.13,-2.25,-3.31,0.0,0.3,-0.07,11911.53,70.0,67.36,66.63,198.0,190.0
1770041882022607580,283161,10.188,173.0,10.188,-151.1,3.18,3.16,14.44,-1.88,-3.63,0.25,-0.15,0.09,11917.54,70.0,62.8,64.94,198.0,190.0
1770041882147327630,283281,8.46,143.4,9.996,-162.5,2.15,1.35,14.38,-1.5,-3.56,-0.18,-0.1,-0.33,11914.62,70.0,64.56,66.66,198.0,190.0
1770041882256067809,283398,9.572,155.6,8.976,-126.7,2.32,1.88,14.19,-1.37,-3.5,0.21,0.15,-0.3,11910.67,70.0,65.9,67.36,198.0,190.0
1770041882370703861,283513,10.296,145.9,9.632,-130.3,2.03,1.6,14.0,-1.44,-3.44,0.08,0.08,-0.09,11905.02,70.0,67.65,69.81,198.0,190.0
1770041882493619626,283631,9.7,144.3,9.832,-199.0,1.89,2.05,13.56,-1.63,-3.31,-0.52,-0.41,-0.18,11911.7,70.0,66.21,68.37,198.0,190.0
1770041882616490337,283751,10.08,167.5,9.988,-131.5,2.34,2.93,13.44,-1.69,-3.31,-0.11,-0.13,-0.08,11917.36,70.0,64.39,63.68,198.0,190.0
1770041882731153036,283874,9.668,199.7,9.868,-117.2,2.23,1.93,13.44,-1.88,-3.31,-0.36,0.0,-0.09,11913.42,70.0,67.36,65.34,198.0,190.0
1770041882855900456,283992,8.44,190.7,9.68,-118.8,2.23,2.25,13.69,-1.75,-3.5,0.07,-0.03,0.27,11917.36,70.0,67.36,62.97,198.0,190.0
1770041882964608061,284106,10.2,181.6,10.204,-129.2,2.7,2.17,14.0,-1.37,-3.56,-0.1,-0.1,0.03,11917.02,70.0,65.9,62.97,198.0,190.0
1770041883079273016,284225,9.692,137.5,9.856,-113.0,1.84,2.7,14.19,-1.06,-3.56,0.16,0.09,-0.17,11911.19,70.0,70.05,63.68,198.0,190.0
1770041883198114920,284340,8.62,163.9,10.148,-104.0,2.42,1.89,14.19,-1.06,-3.56,0.03,0.07,-0.19,11911.87,70.0,69.09,64.05,200.0,190.0
1770041883296343028,284455,9.932,99.2,10.064,-159.2,1.7,1.93,14.38,-1.25,-3.44,-0.09,-0.26,0.09,156.24,70.0,70.5,68.54,200.0,190.0
1770041883415128508,284556,9.148,124.5,9.868,-106.4,2.09,2.36,14.38,-1.44,-3.5,-0.34,-0.12,-0.13,11916.68,70.0,69.34,62.91,200.0,192.0
1770041883529804510,284674,9.928,109.7,9.964,-155.7,1.93,2.23,14.38,-1.69,-3.63,-0.01,0.09,0.08,11919.25,70.0,66.66,59.64,200.0,192.0
1770041883648607064,284790,9.664,130.2,10.108,-150.8,1.29,2.34,14.5,-1.88,-3.69,-0.01,0.06,-0.04,11916.68,70.0,68.1,60.77,200.0,192.0
1770041883763297307,284906,9.672,121.5,9.816,-150.1,2.46,1.99,14.69,-1.75,-3.88,-0.03,-0.2,0.14,11920.96,70.0,65.17,62.24,200.0,192.0
1770041883882073602,285021,10.072,146.8,9.656,-133.8,2.46,2.62,14.88,-1.5,-4.06,-0.01,0.18,-0.04,11916.68,70.0,64.61,63.15,200.0,192.0
1770041883996740883,285138,10.32,156.4,10.032,-145.6,1.43,1.5,15.0,-1.31,-4.0,-0.04,0.05,-0.17,11907.25,70.0,70.05,65.1,200.0,192.0
1770041884111421648,285254,9.064,147.2,10.056,-129.8,1.54,1.52,14.94,-1.25,-3.94,0.0,0.0,-0.27,11906.73,70.0,72.39,66.48,200.0,192.0
1770041884226070954,285370,8.668,145.2,10.308,-103.7,2.17,1.56,14.94,-1.31,-3.81,-0.17,-0.11,-0.2,11905.53,70.0,70.53,67.65,200.0,192.0
1770041884348940236,285486,8.652,149.8,10.052,-104.9,2.29,1.89,14.88,-1.31,-3.81,-0.26,-0.21,-0.3,11902.61,70.0,71.25,69.81,200.0,192.0
1770041884463652595,285606,10.096,181.3,10.0,-120.3,2.6,2.75,14.81,-1.44,-3.81,0.22,0.25,-0.06,11905.02,70.0,70.05,67.22,200.0,192.0
1770041884578328862,285722,8.948,0.0,10.284,-125.2,1.45,2.03,14.69,-1.5,-3.88,-0.79,-0.3,0.06,11905.7,70.0,69.81,67.65,200.0,192.0
1770041884680735171,285838,9.888,173.7,9.856,0.0,1.91,2.13,14.81,-1.19,-4.06,-0.29,0.1,0.01,161.21,70.0,65.07,65.07,200.0,192.0
1770041884791254905,285938,9.832,186.0,9.828,-109.9,2.07,2.23,14.88,-0.88,-4.13,-0.21,0.35,-0.15,11908.1,70.0,67.26,67.76,200.0,192.0
1770041884910035300,286051,9.86,154.8,9.276,-102.8,1.66,1.88,15.0,-0.69,-4.13,-0.27,0.29,-0.39,11905.36,70.0,70.91,68.69,200.0,192.0
1770041885028860681,286170,10.02,124.0,10.18,-86.4,1.8,1.89,15.06,-0.75,-4.13,-0.24,0.16,0.04,11902.96,70.0,70.76,68.64,202.0,192.0
1770041885143546342,286285,9.156,145.9,10.2,-122.2,1.5,1.8,15.06,-0.81,-4.13,-0.03,0.02,-0.08,11903.3,70.0,71.14,71.86,202.0,192.0
1770041885245890008,286402,8.848,138.6,9.884,-156.6,1.88,1.52,15.0,-0.94,-4.25,-0.27,0.08,-0.12,174.24,70.0,64.5,68.08,202.0,194.0
1770041885364681132,286502,8.544,137.5,10.072,-109.0,2.17,2.19,14.88,-1.19,-4.31,-0.16,-0.15,-0.29,11905.36,70.0,70.83,70.34,202.0,194.0
1770041885479386200,286621,8.908,149.4,10.236,-111.5,1.97,2.29,15.13,-1.37,-4.56,-0.09,-0.06,-0.09,11906.9,70.0,69.93,69.22,202.0,194.0
1770041885577689476,286736,10.268,148.4,10.276,-166.7,1.76,1.95,15.44,-1.31,-4.69,-0.02,0.09,0.24,155.04,70.0,69.23,69.23,202.0,194.0
1770041885680097492,286836,8.672,127.2,10.004,-139.9,1.46,1.11,15.5,-1.19,-4.63,-0.04,0.0,-0.07,162.75,70.0,68.36,68.36,202.0,194.0
1770041885778386806,286936,8.692,114.8,9.168,-89.4,1.84,1.33,15.5,-1.06,-4.63,0.19,-0.05,-0.25,159.15,70.0,72.3,70.6,202.0,194.0
1770041885893062505,287036,9.552,93.8,9.936,-119.7,0.92,1.33,15.5,-1.12,-4.63,-0.23,-0.11,-0.02,11894.9,70.0,73.8,72.81,202.0,194.0
1770041885991361263,287150,10.372,121.7,10.016,-102.3,1.97,1.74,15.44,-1.25,-4.63,-0.59,-0.22,0.08,157.78,70.0,74.64,72.72,202.0,194.0
1770041886106043946,287250,9.704,122.4,9.264,-128.0,2.34,1.35,15.31,-1.37,-4.63,0.48,0.09,-0.02,11896.95,70.0,72.74,72.74,202.0,194.0
1770041886228883873,287365,10.02,122.5,10.336,-85.2,1.93,1.15,15.13,-1.63,-4.81,0.19,0.04,-0.22,11895.41,70.0,71.36,72.79,202.0,194.0
1770041886327193281,287484,10.2,109.6,9.328,-150.4,1.46,1.33,15.19,-1.69,-4.94,-0.24,-0.11,-0.24,163.95,70.0,75.43,71.92,202.0,194.0
1770041886435518659,287585,9.824,133.0,9.2,11.0,-0.12,1.31,15.31,-1.63,-4.88,-0.76,-0.14,-0.01,178.02,70.0,61.24,71.45,202.0,194.0
1770041886527889726,287685,8.812,164.4,10.484,1.1,0.14,2.23,14.25,-1.44,-4.69,-0.2,-0.06,0.02,161.21,70.0,6.67,70.03,202.0,194.0
1770041886646667578,287785,10.464,131.9,10.516,-1.3,-0.08,1.52,12.31,-1.31,-5.0,0.13,0.12,-0.08,11984.59,70.0,0.5,71.33,202.0,194.0
1770041886761377392,287903,10.504,100.2,9.8,-0.6,-0.04,1.68,10.31,-1.31,-5.13,-0.09,0.11,-0.07,11991.97,70.0,0.0,67.79,202.0,194.0
1770041886876025950,288018,8.628,109.3,10.5,0.9,0.02,1.23,8.25,-1.31,-5.13,-0.18,0.0,-0.02,11996.94,70.0,0.0,63.7,202.0,196.0
1770041886990699747,288133,8.516,145.4,9.208,-0.3,-0.14,2.23,6.44,-1.37,-5.19,-0.2,0.18,-0.08,11992.31,70.0,0.0,65.0,202.0,196.0
1770041887105417286,288247,9.84,140.2,10.396,1.0,-0.12,2.42,4.19,-1.56,-5.13,0.13,-0.01,-0.27,11993.85,70.0,0.74,64.26,202.0,196.0
1770041887224130053,288362,8.892,160.1,9.952,-24.8,1.41,1.84,2.13,-1.56,-4.94,0.0,-0.11,-0.04,11957.67,70.0,23.23,59.52,202.0,196.0
1770041887322423185,288480,9.552,161.0,8.984,-94.2,2.07,2.3,1.06,-1.44,-4.88,-0.08,0.42,-0.35,156.24,70.0,69.87,60.91,202.0,196.0
1770041887437145300,288580,9.964,118.5,10.348,-98.9,1.46,1.48,1.25,-1.25,-4.69,-0.31,-0.2,0.0,11905.87,70.0,72.39,63.03,204.0,196.0
1770041887551819658,288693,9.444,126.2,9.66,-71.3,1.54,1.17,1.31,-1.12,-4.69,-0.09,-0.11,-0.28,11907.42,70.0,72.28,63.34,204.0,196.0
1770041887678797758,288807,8.664,82.5,9.976,-83.9,1.39,1.6,1.44,-1.12,-4.56,-0.23,0.0,-0.02,11908.1,70.0,74.04,63.88,204.0,196.0
1770041887789347968,288934,10.276,65.1,10.336,-133.2,1.6,1.17,1.63,-1.12,-4.44,0.08,-0.36,-0.09,11912.22,70.0,70.84,62.15,204.0,196.0
1770041887904051083,289048,9.964,97.3,10.248,-116.3,1.52,1.66,1.75,-1.19,-4.63,-0.15,0.11,0.05,11912.39,70.0,72.18,60.9,204.0,196.0
1770041888018727629,289162,9.672,128.7,10.364,-121.3,1.7,1.84,2.0,-1.19,-4.63,0.0,-0.1,0.19,11922.16,70.0,68.23,58.8,204.0,196.0
1770041888137523307,289276,9.62,124.6,10.196,-145.1,1.56,1.48,2.13,-1.25,-4.56,-0.15,0.01,-0.2,11919.59,70.0,67.95,57.61,204.0,196.0
1770041888260374006,289394,8.748,103.2,9.928,-98.9,2.11,1.39,2.38,-1.31,-4.38,0.03,0.08,0.05,11913.42,70.0,70.53,59.73,204.0,196.0
1770041888375023647,289516,8.944,63.2,9.86,-128.6,1.8,1.43,2.88,-1.31,-4.25,0.01,-0.04,-0.17,11912.9,70.0,69.02,62.81,204.0,196.0
1770041888489737415,289632,8.66,102.3,10.364,-151.0,1.64,0.68,3.0,-1.19,-4.13,-0.04,0.03,-0.06,11911.53,70.0,70.41,62.43,204.0,196.0
1770041888608478095,289747,9.236,70.0,10.176,-113.1,2.36,1.35,3.06,-1.12,-4.06,0.1,-0.24,-0.06,11912.05,70.0,69.09,62.61,204.0,196.0
1770041888710915005,289867,10.096,82.9,9.06,-121.5,0.76,1.05,3.13,-1.12,-4.06,0.3,-0.01,0.08,188.65,70.0,70.73,62.31,204.0,196.0
1770041888809214268,289967,8.552,98.4,9.64,0.0,1.84,1.27,3.38,-1.0,-4.25,0.29,-0.23,0.16,152.63,70.0,70.6,61.24,204.0,196.0
1770041888911612791,290067,9.28,101.0,10.056,-159.6,1.54,1.91,3.38,-0.81,-4.5,-0.09,0.03,-0.16,161.21,70.0,67.36,58.1,204.0,198.0
1770041889009875648,290167,10.176,109.4,10.376,-111.5,1.56,1.84,3.56,-0.81,-4.5,0.09,0.0,-0.16,167.73,70.0,69.2,57.53,204.0,198.0
1770041889128622369,290268,8.74,107.5,9.896,-124.6,1.15,1.91,3.69,-0.88,-4.38,0.0,-0.31,-0.15,11920.11,70.0,69.84,58.45,206.0,198.0
1770041889247400182,290386,10.268,116.6,10.084,-117.9,2.03,1.97,4.0,-0.94,-4.25,0.13,0.12,0.06,11916.68,70.0,69.22,57.8,206.0,198.0
1770041889362105047,290502,10.048,94.1,9.564,-144.4,1.5,1.45,4.38,-0.81,-4.19,-0.26,-0.16,0.04,11914.1,70.0,69.43,61.31,206.0,198.0
1770041889476801931,290617,9.88,81.5,10.068,-117.4,2.46,1.68,4.63,-0.56,-4.19,0.11,0.05,-0.1,11913.93,70.0,68.96,60.98,206.0,198.0
1770041889595581244,290733,10.376,80.5,9.644,-145.4,2.23,1.68,4.69,-0.56,-4.25,-0.05,-0.25,0.14,11914.1,70.0,68.23,60.25,206.0,198.0
1770041889710258296,290851,8.888,93.6,10.264,-148.2,2.38,0.88,4.88,-0.37,-4.38,0.15,0.08,-0.05,11921.14,70.0,65.49,59.73,206.0,198.0
1770041889829027128,290966,10.116,100.7,10.232,-150.7,3.26,1.35,4.88,-0.25,-4.44,-0.03,-0.04,-0.03,11918.91,70.0,64.94,58.52,206.0,198.0
1770041889943718808,291084,9.896,106.8,9.888,-95.7,2.19,1.15,4.94,-0.31,-4.44,-0.13,-0.11,-0.17,11913.59,70.0,70.41,58.8,206.0,198.0
1770041890062490427,291200,9.592,76.3,9.136,-99.9,2.38,1.74,5.06,-0.56,-4.38,0.06,0.06,-0.04,11915.65,70.0,69.81,56.86,206.0,198.0
1770041890177178778,291319,8.4,0.0,10.016,-114.9,2.25,1.84,5.38,-0.75,-4.19,-0.08,-0.11,0.07,11917.19,70.0,69.81,56.86,206.0,198.0
1770041890291788113,291434,9.668,0.0,9.812,-114.4,1.86,2.44,5.75,-0.75,-4.19,-0.07,0.05,-0.03,11921.31,70.0,68.23,55.89,206.0,198.0
1770041890410625318,291550,9.592,62.7,9.192,-142.7,2.58,1.43,6.13,-0.56,-4.13,0.07,0.09,-0.08,11915.13,70.0,69.69,60.98,206.0,198.0
1770041890529391266,291665,9.6,0.0,9.912,-108.3,2.09,0.92,6.44,-0.31,-4.25,0.06,-0.1,-0.11,11914.1,70.0,68.23,60.25,206.0,198.0
1770041890644072173,291784,10.124,65.2,9.984,-167.3,2.42,1.35,6.63,0.0,-4.44,0.15,0.04,-0.09,11922.51,70.0,66.51,59.44,206.0,198.0
1770041890758804411,291901,9.256,81.3,9.284,-196.0,2.89,1.5,6.56,0.06,-4.44,-0.08,-0.05,-0.05,11920.28,70.0,65.17,57.11,206.0,198.0
1770041890873444005,292016,9.688,107.2,9.58,-124.0,2.62,1.07,6.69,0.0,-4.5,0.16,0.0,0.0,11922.16,70.0,66.78,56.62,208.0,200.0
1770041890988079025,292130,10.076,116.0,10.148,-111.9,2.32,1.66,6.94,-0.12,-4.5,-0.01,0.27,-0.05,11920.96,70.0,68.69,57.61,208.0,200.0
1770041891110992216,292246,10.344,99.3,9.444,-118.0,2.34,1.54,7.13,-0.31,-4.44,-0.06,-0.06,-0.05,11922.85,70.0,68.37,54.7,208.0,200.0
1770041891233867913,292368,8.588,126.4,10.088,-114.2,2.23,1.58,7.56,-0.37,-4.38,-0.14,0.01,-0.23,11929.54,70.0,66.11,53.58,208.0,200.0
1770041891352602199,292491,9.896,118.2,9.948,-135.0,2.46,1.68,8.13,-0.37,-4.38,-0.28,-0.1,-0.09,11920.45,70.0,68.59,54.33,208.0,200.0
1770041891467316886,292608,9.46,88.3,9.468,-153.8,2.32,1.97,8.63,-0.06,-4.56,-0.06,0.06,-0.09,11926.28,70.0,65.33,55.89,208.0,200.0
1770041891586088394,292723,9.416,0.0,10.12,-168.3,2.42,1.29,8.69,0.37,-4.75,-0.12,-0.04,0.05,11917.54,70.0,69.43,57.61,208.0,200.0
1770041891700773026,292840,8.656,99.0,9.832,0.0,1.91,1.64,8.75,0.56,-4.81,-0.06,0.15,-0.15,11908.62,70.0,74.38,58.94,208.0,200.0
1770041891819547293,292957,10.088,0.0,10.324,-161.6,1.66,1.13,8.88,0.44,-4.88,-0.01,0.02,-0.08,11912.05,70.0,72.59,60.25,208.0,200.0
1770041891934222037,293073,9.42,81.0,10.204,-113.3,2.36,1.39,9.06,0.25,-4.81,0.09,-0.24,-0.28,11918.22,70.0,68.69,58.35,208.0,200.0
1770041892048942936,293188,10.268,80.1,9.872,-116.7,2.38,1.37,9.19,0.12,-4.75,-0.16,-0.14,0.11,11919.42,70.0,67.36,57.11,208.0,200.0
1770041892167695892,293306,10.312,104.8,10.384,-132.8,1.88,1.84,9.44,0.06,-4.75,0.23,0.09,0.02,11924.57,70.0,66.66,56.14,208.0,200.0
1770041892282323827,293423,9.996,89.9,10.272,-173.6,1.84,1.41,9.75,0.0,-4.75,-0.11,0.04,-0.2,11924.22,70.0,65.33,54.44,208.0,200.0
1770041892397001314,293537,9.244,98.8,9.332,-132.5,2.36,2.15,10.25,0.25,-4.94,0.03,0.02,0.07,11929.2,70.0,63.52,55.4,208.0,200.0
1770041892515811954,293652,10.112,73.7,10.256,-163.4,3.13,1.23,10.63,0.56,-4.94,-0.01,0.04,-0.27,11928.17,70.0,61.7,55.89,208.0,200.0
1770041892634592169,293771,9.888,101.6,9.956,-169.0,1.8,1.54,10.81,0.69,-5.0,0.04,-0.07,-0.01,11917.36,70.0,67.36,56.84,210.0,200.0
1770041892749279508,293888,10.368,94.5,9.988,-147.2,1.62,1.66,11.13,0.63,-5.06,-0.06,0.22,0.0,11919.42,70.0,68.1,58.58,210.0,200.0
1770041892863942589,294003,10.184,67.5,10.22,-145.3,1.84,1.74,11.38,0.44,-4.94,0.18,-0.03,-0.24,11915.82,70.0,68.23,62.43,210.0,200.0
1770041892982730785,294120,9.812,60.1,9.832,-145.7,1.82,0.88,11.44,0.31,-4.94,-0.13,-0.21,-0.06,11920.28,70.0,66.06,60.98,210.0,202.0
1770041893097416790,294238,10.072,98.4,9.912,-163.1,1.84,1.27,11.5,0.25,-4.94,0.41,-0.01,-0.14,11923.02,70.0,66.36,58.52,210.0,202.0
1770041893216194916,294353,9.632,115.1,10.212,-120.9,2.68,1.54,11.69,0.19,-5.06,-0.09,0.21,0.0,11920.62,70.0,65.81,58.73,210.0,202.0
1770041893330807742,294471,9.504,93.0,10.244,-180.8,2.19,0.96,11.94,0.31,-5.25,0.24,0.25,-0.23,11925.94,70.0,61.51,62.24,210.0,202.0
1770041893445505732,294587,9.648,75.5,9.244,-206.4,2.68,1.35,12.06,0.5,-5.0,0.22,-0.25,-0.15,11921.99,70.0,62.97,60.04,210.0,202.0
1770041893564326671,294703,9.616,76.9,9.06,-172.7,2.36,0.84,12.25,0.63,-4.94,0.07,0.05,-0.11,11917.36,70.0,66.63,61.51,210.0,202.0
1770041893683126259,294820,9.984,58.6,10.28,-122.1,2.38,1.43,12.38,0.63,-4.88,1.11,-0.11,-0.67,11913.76,70.0,67.93,62.27,210.0,202.0
1770041893797777566,294937,9.292,84.6,9.952,-118.8,1.93,0.88,12.44,0.5,-4.75,-0.24,-0.11,-0.07,11912.9,70.0,67.36,62.97,210.0,202.0
1770041893912457075,295052,10.08,71.7,9.768,-130.9,2.64,1.7,12.44,0.44,-4.75,0.6,-0.15,-0.2,11919.25,70.0,65.33,61.7,210.0,202.0
1770041894031233558,295166,10.288,149.5,9.872,-153.0,2.89,1.95,12.5,-0.06,-4.88,0.2,0.32,0.02,11917.54,70.0,66.63,61.51,210.0,202.0
1770041894145925736,295284,10.316,101.7,9.084,-117.4,2.13,1.5,12.69,-0.12,-5.13,-0.15,0.18,-0.04,11918.05,70.0,68.64,61.56,210.0,202.0
1770041894268730559,295402,8.448,144.1,9.544,-196.8,2.52,2.01,12.94,-0.06,-5.38,-0.26,0.13,-0.25,11923.37,70.0,62.97,60.04,210.0,202.0
1770041894387516854,295525,8.936,143.0,9.024,-169.9,2.21,1.74,13.19,-0.06,-5.38,-0.1,-0.38,0.11,11915.99,70.0,66.83,60.15,212.0,202.0
1770041894506337000,295642,9.748,124.6,9.916,-123.4,2.5,1.84,13.69,0.0,-5.44,-0.71,0.46,-0.58,11912.05,70.0,69.56,62.24,212.0,202.0
1770041894621015771,295760,9.716,112.1,10.264,-98.2,2.01,1.31,13.75,0.0,-5.38,0.13,-0.09,-0.07,11907.59,70.0,72.69,64.05,212.0,202.0
1770041894735692542,295875,9.66,112.1,9.7,-145.7,1.76,2.03,13.88,-0.06,-5.38,0.03,-0.06,-0.09,11909.47,70.0,68.96,62.43,212.0,202.0
1770041894854477689,295990,9.8,112.1,10.288,-112.8,2.27,1.37,13.94,-0.12,-5.38,0.13,0.11,-0.11,11912.39,70.0,67.65,64.05,212.0,204.0
1770041894952780398,296108,9.292,102.7,10.12,-159.1,1.72,1.93,14.06,-0.31,-5.5,0.12,0.0,0.0,156.75,70.0,65.49,63.62,212.0,204.0
1770041895055167212,296208,10.116,145.0,9.932,-174.0,2.09,1.88,14.13,-0.44,-5.69,0.03,-0.06,0.1,167.73,70.0,67.53,65.03,212.0,204.0
1770041895165740997,296307,9.724,112.5,9.76,-199.4,2.09,2.23,14.13,-0.44,-5.81,0.03,-0.49,0.49,11919.59,70.0,63.78,64.77,212.0,204.0
1770041895280346995,296420,8.56,111.7,10.092,-163.8,1.74,2.07,14.25,-0.5,-5.81,-0.13,0.03,-0.03,11911.02,70.0,67.22,65.0,212.0,204.0
1770041895399162311,296537,9.196,112.9,9.684,-117.6,2.05,1.13,14.44,-0.44,-5.69,0.06,0.17,0.01,11899.7,70.0,67.65,67.65,212.0,204.0
1770041895513855361,296655,10.032,71.8,9.228,-100.2,1.84,1.37,14.44,-0.44,-5.69,-0.13,0.18,-0.31,11893.01,70.0,69.69,69.69,212.0,204.0
1770041895632654659,296770,9.728,123.2,9.96,-164.6,2.09,2.13,14.31,-0.56,-5.5,-0.47,0.28,0.09,11907.25,70.0,67.51,68.23,212.0,204.0
1770041895747345839,296885,8.996,99.0,9.456,-142.0,2.3,1.54,14.31,-0.56,-5.5,0.71,-0.16,-0.25,11909.3,70.0,66.93,68.37,212.0,204.0
1770041895862015761,297003,9.236,147.1,10.064,-158.7,1.43,1.74,14.25,-1.0,-5.69,-0.13,0.09,-0.33,11911.87,70.0,67.51,65.33,212.0,204.0
1770041895984880289,297117,9.32,132.5,10.22,-168.2,1.72,1.78,14.44,-1.12,-5.94,0.01,-0.01,0.02,11918.91,70.0,66.78,65.33,212.0,204.0
1770041896099566208,297237,8.996,125.4,10.204,-128.4,2.66,2.15,14.5,-1.25,-5.94,0.57,0.22,-0.45,11913.76,70.0,65.81,63.68,212.0,204.0
1770041896214186837,297354,9.4,149.9,10.148,-125.1,2.38,1.58,14.69,-1.37,-5.94,-0.32,-0.19,0.23,11908.79,70.0,67.65,65.49,214.0,204.0
1770041896332978545,297469,9.344,102.1,10.308,-130.6,1.91,1.33,14.88,-1.31,-5.81,-0.28,0.26,-0.02,11907.93,70.0,69.69,68.23,214.0,204.0
1770041896451800252,297586,9.048,106.9,9.552,-137.2,1.6,1.39,14.94,-1.37,-5.75,0.04,0.25,-0.17,11908.79,70.0,69.56,66.63,214.0,204.0
1770041896566475194,297705,8.912,97.2,9.824,-128.0,1.56,1.95,14.94,-1.44,-5.75,-0.12,0.12,0.0,11907.07,70.0,69.47,66.66,214.0,204.0
1770041896681158969,297822,8.568,107.3,9.996,-165.0,1.6,1.46,14.94,-1.44,-5.75,0.42,-0.01,0.01,11903.64,70.0,69.69,66.78,214.0,206.0
1770041896799943233,297935,10.32,113.8,10.24,-108.6,1.88,1.13,15.13,-1.63,-6.0,-0.15,0.08,-0.37,11906.73,70.0,70.17,65.0,214.0,206.0
1770041896914617786,298052,8.74,94.9,9.976,-144.3,1.6,1.62,15.31,-1.75,-6.19,-0.24,-0.22,0.16,11915.13,70.0,68.1,62.97,214.0,206.0
1770041897029295287,298168,9.42,134.8,9.864,-163.9,1.76,2.15,15.44,-1.81,-6.13,-0.2,-0.04,0.03,11908.1,70.0,71.86,62.43,214.0,206.0
1770041897143975545,298283,9.612,99.2,8.904,0.0,1.27,1.7,15.69,-1.81,-6.0,-0.06,-0.08,-0.22,11909.47,70.0,70.41,63.88,214.0,206.0
1770041897266787026,298397,8.756,105.4,10.152,-87.2,2.19,1.6,16.0,-1.75,-6.0,0.14,0.16,-0.13,11899.7,70.0,73.22,68.83,214.0,206.0
1770041897385599384,298522,9.416,113.4,9.768,-144.0,1.99,1.8,16.0,-1.75,-5.88,0.04,-0.04,-0.06,11899.87,70.0,70.62,68.59,214.0,206.0
1770041897504417242,298640,10.244,107.2,10.128,-110.9,2.15,1.78,15.81,-1.75,-5.88,-0.18,-0.05,0.01,11904.33,70.0,69.34,69.34,214.0,206.0
1770041897602698966,298756,9.484,112.7,10.392,-138.2,1.45,1.37,15.63,-1.75,-6.0,-0.22,0.0,0.0,163.95,70.0,71.11,69.23,214.0,206.0
1770041897717369187,298856,9.792,111.2,10.212,-97.9,2.25,2.19,15.56,-1.75,-6.13,-0.1,0.38,0.34,11905.53,70.0,68.94,68.94,214.0,206.0
1770041897836153787,298972,9.136,153.9,10.128,-110.1,2.36,2.34,15.38,-1.63,-6.5,-0.15,0.15,-0.07,11905.7,70.0,71.02,67.36,214.0,206.0
1770041897950820749,299090,10.284,172.6,10.12,-125.9,1.62,1.8,15.63,-1.81,-6.63,-0.33,0.72,-0.16,11902.79,70.0,71.47,67.22,216.0,206.0
1770041898053233341,299206,9.236,94.6,10.248,-120.9,1.0,1.58,15.81,-1.69,-6.5,-0.42,0.25,0.08,160.7,70.0,71.66,69.87,216.0,206.0
1770041898151457806,299307,10.296,126.4,10.34,-120.7,1.37,1.78,15.75,-1.56,-6.5,0.09,0.0,-0.04,172.36,70.0,74.94,74.1,216.0,206.0
1770041898270247222,299407,9.564,144.8,10.352,-80.6,1.23,1.76,15.69,-1.5,-6.56,0.03,0.08,-0.1,11894.38,70.0,72.88,73.37,216.0,206.0
1770041898389042916,299525,10.368,91.3,10.344,-80.4,1.82,1.84,15.5,-1.44,-6.63,0.28,-0.43,0.2,11891.98,70.0,71.97,75.57,216.0,208.0
1770041898499655405,299640,9.156,139.5,9.396,-85.6,1.64,1.52,15.5,-1.44,-6.94,0.09,0.13,0.07,11891.12,70.0,71.65,78.3,216.0,208.0
1770041898624384787,299753,9.02,170.1,9.876,-129.6,2.15,2.19,15.31,-1.37,-7.06,0.45,0.22,-0.21,11895.93,70.0,68.69,76.82,216.0,208.0
1770041898733116840,299870,9.264,156.5,10.168,-96.9,1.74,2.21,14.81,-1.37,-6.81,0.26,-0.1,0.06,11887.01,70.0,71.25,79.89,216.0,208.0
1770041898851890442,299985,10.028,131.0,10.112,-80.7,1.86,1.95,14.56,-1.25,-6.63,0.1,0.33,0.18,11880.15,70.0,73.95,84.2,216.0,208.0
1770041898970696080,300104,8.4,138.1,10.368,-114.5,0.98,1.68,14.25,-1.19,-6.56,0.24,-0.27,-0.18,11881.18,70.0,74.46,84.9,216.0,208.0
1770041899085348076,300223,9.52,156.8,9.972,-110.0,1.17,1.97,13.81,-1.19,-6.5,-0.39,0.0,0.16,11883.75,70.0,72.59,84.2,216.0,208.0
1770041899200047280,300339,9.768,134.6,9.828,-135.2,1.95,1.91,13.38,-1.19,-6.56,0.21,0.32,0.08,11883.58,70.0,73.32,81.3,216.0,208.0
1770041899318765070,300454,9.88,112.1,8.94,-87.1,1.64,1.97,13.0,-1.37,-6.88,0.33,0.17,-0.23,11890.27,70.0,73.32,77.67,216.0,208.0
1770041899433454960,300572,8.788,147.7,9.728,0.0,2.5,2.23,12.88,-1.25,-6.94,0.4,0.26,-0.05,11896.61,70.0,71.97,73.41,216.0,208.0
1770041899548207347,300687,9.516,84.2,10.244,12.4,-0.16,1.76,12.94,-1.12,-6.88,0.13,-0.06,-0.13,11976.36,70.0,35.88,62.97,218.0,208.0
1770041899662839905,300802,10.16,7.1,9.976,1.0,-0.14,1.41,12.19,-0.88,-6.63,0.0,-0.63,-0.13,12072.06,70.0,0.73,7.32,218.0,208.0
1770041899781616638,300916,10.512,6.3,9.392,0.8,0.0,0.39,11.88,-0.81,-6.56,0.16,-0.08,-0.02,12073.43,70.0,0.0,218.0,208.0,
1770041899896297527,301033,9.084,5.3,9.264,0.9,-0.04,0.29,11.88,-0.81,-6.56,-0.12,0.09,-0.09,12072.57,70.0,0.0,218.0,208.0,
1770041900016927237,301148,10.492,5.4,10.552,0.5,-0.02,0.27,11.88,-0.81,-6.56,-0.06,0.05,-0.04,12071.37,70.0,0.0,218.0,208.0,
1770041900121554743,301261,10.668,5.1,10.508,0.1,0.0,0.2,11.88,-0.81,-6.56,0.0,0.0,-0.03,12071.54,70.0,0.0,218.0,208.0,
1770041900244453005,301375,10.02,5.3,10.644,0.0,-0.06,0.21,11.88,-0.81,-6.56,0.0,0.02,-0.07,12073.43,70.0,0.0,218.0,208.0,
1770041900359062898,301496,10.66,5.3,9.344,0.1,0.06,0.31,11.88,-0.81,-6.56,-0.01,0.03,-0.05,12073.77,70.0,0.0,218.0,208.0,
1770041900473776935,301613,9.084,5.1,10.644,0.2,0.0,0.29,11.88,-0.81,-6.56,-0.01,0.01,-0.07,12071.88,70.0,0.0,218.0,208.0,
1770041900584382981,301724,9.072,5.1,10.652,0.1,-0.08,0.29,11.88,-0.81,-6.56,-0.03,0.05,-0.09,12071.88,70.0,0.0,218.0,208.0,
1770041900694953435,301837,8.888,5.6,10.648,0.9,-0.04,0.23,11.88,-0.81,-6.56,0.0,0.02,-0.06,12071.37,70.0,0.0,218.0,208.0,
1770041900809612604,301948,9.908,5.6,9.46,0.8,-0.02,0.33,11.88,-0.81,-6.63,-0.01,0.02,-0.05,12071.54,70.0,0.0,218.0,208.0,
1770041900924312845,302064,8.964,5.8,10.66,0.1,0.02,0.37,11.88,-0.81,-6.63,-0.02,0.02,-0.05,12071.37,70.0,0.0,218.0,208.0,
1770041901039011722,302178,10.568,5.4,10.652,0.0,-0.04,0.35,11.88,-0.81,-6.63,-0.01,0.0,-0.09,12070.17,70.0,0.0,218.0,208.0,
1770041901149565528,302289,9.088,5.1,10.672,0.1,0.02,0.31,11.88,-0.81,-6.63,0.0,0.03,-0.06,12071.71,70.0,0.0,218.0,208.0,
1770041901264227494,302402,10.48,6.0,10.66,0.0,0.1,0.29,11.88,-0.81,-6.63,0.0,0.02,-0.04,12070.0,70.0,0.0,218.0,208.0,
1770041901378932069,302518,10.684,5.5,10.644,0.2,-0.06,0.27,11.88,-0.81,-6.63,-0.03,0.02,-0.04,12071.03,70.0,0.0,218.0,208.0,
1770041901489523577,302631,9.764,4.9,10.66,0.1,-0.02,0.31,11.88,-0.81,-6.63,-0.01,0.03,-0.05,12071.54,70.0,0.0,218.0,208.0,
1770041901604242985,302743,9.124,5.0,10.668,0.1,-0.12,0.47,11.88,-0.81,-6.63,-0.02,0.02,-0.04,12071.37,70.0,0.0,218.0,208.0,
1770041901714795495,302856,9.104,5.8,10.664,0.0,-0.06,0.23,11.88,-0.81,-6.63,-0.01,0.01,-0.05,12071.03,70.0,0.0,218.0,208.0,
1770041901833567990,302967,10.516,5.9,10.652,0.0,-0.04,0.31,11.88,-0.81,-6.63,-0.02,0.02,-0.05,12071.37,70.0,0.0,218.0,208.0,
1770041901948252917,303086,10.668,5.5,10.668,0.0,-0.06,0.21,11.88,-0.81,-6.63,0.0,0.02,-0.06,12072.06,70.0,0.0,218.0,208.0,
1770041902062931963,303199,9.132,5.2,9.504,0.6,-0.02,0.2,11.88,-0.81,-6.63,-0.01,0.03,-0.05,12072.74,70.0,0.0,218.0,208.0,
1770041902177603058,303313,10.412,5.6,10.68,-0.1,-0.04,0.2,11.88,-0.81,-6.63,0.0,0.02,-0.05,12073.08,70.0,0.0,218.0,208.0,
1770041902292262171,303428,10.58,5.4,10.664,-0.2,0.14,0.37,11.88,-0.81,-6.63,-0.02,0.05,-0.08,12072.57,70.0,0.0,218.0,208.0,
1770041902406945895,303545,9.124,4.1,10.684,-0.1,0.12,-0.16,11.88,-0.81,-6.63,-0.02,0.03,-0.07,12070.68,70.0,0.0,218.0,208.0,
1770041902521653896,303661,9.188,3.8,10.676,0.2,-0.06,-0.04,11.88,-0.81,-6.63,0.0,0.04,-0.04,12070.68,70.0,0.0,218.0,208.0,
1770041902636330305,303773,9.096,4.9,10.668,0.0,-0.08,-0.06,11.88,-0.81,-6.63,-0.02,0.01,-0.05,12072.4,70.0,0.0,218.0,208.0,
1770041902755112189,303888,9.116,4.8,9.728,-0.2,-0.02,0.2,11.88,-0.81,-6.63,0.0,0.03,-0.05,12071.88,70.0,0.0,218.0,208.0,
1770041902869787098,304006,10.376,6.6,10.668,0.0,0.02,0.31,11.88,-0.81,-6.63,-0.01,0.02,-0.05,12070.51,70.0,0.0,218.0,208.0,
1770041902984472118,304120,10.664,5.9,10.672,0.1,0.04,0.25,11.88,-0.81,-6.63,-0.01,0.04,-0.05,12068.8,70.0,0.0,218.0,208.0,
1770041903103261073,304235,9.436,5.3,9.348,1.1,-0.1,0.43,11.88,-0.81,-6.63,-0.01,0.02,-0.05,12068.8,70.0,0.0,218.0,208.0,
1770041903217925205,304355,9.088,5.2,10.66,0.0,-0.04,0.2,11.88,-0.81,-6.63,-0.03,0.01,-0.05,12069.83,70.0,0.0,218.0,208.0,
1770041903332589596,304468,9.008,5.8,10.664,-0.2,0.02,0.33,11.88,-0.81,-6.63,-0.02,0.01,-0.04,12070.51,70.0,0.0,218.0,208.0,
1770041903447293411,304584,9.168,5.0,10.664,0.0,0.02,0.27,11.88,-0.81,-6.63,-0.01,0.01,-0.04,12070.34,70.0,0.0,218.0,208.0,
1770041903561959598,304699,9.1,5.5,10.664,0.1,-0.06,0.27,11.88,-0.81,-6.63,0.0,0.03,-0.08,12070.17,70.0,0.0,218.0,208.0,
1770041903676646025,304813,8.988,5.8,10.684,0.2,0.06,0.16,11.88,-0.81,-6.63,-0.03,0.02,-0.06,12068.8,70.0,0.0,218.0,208.0,
1770041903791332101,304926,10.14,5.2,9.648,0.1,-0.04,0.37,11.88,-0.81,-6.63,0.0,0.0,-0.04,12068.63,70.0,0.0,218.0,208.0,
1770041903905999602,305044,8.984,5.6,10.668,-0.1,0.14,0.27,11.88,-0.81,-6.63,-0.02,0.02,-0.07,12071.54,70.0,0.0,218.0,208.0,
1770041904020671310,305158,9.308,5.6,10.676,0.1,-0.06,0.29,11.88,-0.81,-6.63,-0.01,0.0,-0.04,12072.23,70.0,0.0,218.0,208.0,
1770041904135368477,305273,9.076,5.3,10.668,0.2,-0.2,0.18,11.88,-0.81,-6.63,-0.01,0.03,-0.03,12072.4,70.0,0.0,218.0,208.0,
1770041904250063922,305387,9.144,5.3,9.308,1.1,0.02,0.16,11.88,-0.81,-6.63,-0.01,0.03,-0.04,12070.17,70.0,0.0,218.0,208.0,
1770041904368778808,305501,9.148,5.0,10.68,0.2,-0.2,0.2,11.88,-0.81,-6.63,0.0,0.03,-0.04,12069.83,70.0,0.0,218.0,208.0,
1770041904483506863,305619,8.972,5.5,10.152,0.0,-0.08,0.29,11.88,-0.81,-6.63,-0.02,0.01,-0.04,12069.83,70.0,0.0,218.0,208.0,
1770041904594086999,305733,8.904,5.8,10.256,0.0,0.0,0.27,11.88,-0.81,-6.63,-0.02,0.03,-0.04,12068.28,70.0,0.0,218.0,208.0,
1770041904708767370,305847,9.116,5.1,10.684,0.0,-0.14,0.33,11.88,-0.81,-6.63,-0.04,0.04,-0.04,12069.66,70.0,0.0,218.0,208.0,
1770041904827544773,305960,8.872,5.4,10.668,0.7,0.02,0.29,11.88,-0.81,-6.63,-0.01,0.02,-0.06,12070.17,70.0,0.0,218.0,208.0,
1770041904942226293,306077,10.716,4.2,9.412,0.8,0.0,-0.14,11.88,-0.81,-6.63,-0.02,0.04,-0.09,12070.0,70.0,0.0,218.0,208.0,
1770041905052765511,306192,10.704,4.0,9.448,0.8,-0.14,0.0,11.88,-0.81,-6.63,-0.01,0.01,-0.07,12070.34,70.0,0.0,218.0,208.0,
1770041905171581765,306306,9.06,4.4,9.256,-0.1,-0.06,-0.06,11.88,-0.81,-6.63,-0.01,0.01,-0.04,12070.17,70.0,0.0,218.0,208.0,
1770041905286259524,306420,8.928,5.8,10.676,-0.1,-0.08,0.2,11.88,-0.81,-6.63,-0.02,0.02,-0.1,12070.17,70.0,0.0,218.0,208.0,
1770041905400941450,306538,10.624,5.1,9.416,0.0,-0.18,0.14,11.88,-0.81,-6.63,0.0,0.05,-0.04,12069.14,70.0,0.0,218.0,208.0,
1770041905515619895,306652,9.112,4.8,10.676,0.0,0.02,0.33,11.88,-0.81,-6.63,-0.01,0.03,-0.04,12069.31,70.0,0.0,218.0,208.0,
1770041905630303191,306766,8.856,5.7,10.636,0.3,0.1,0.27,11.88,-0.81,-6.63,-0.01,0.0,-0.05,12072.57,70.0,0.0,218.0,208.0,
1770041905744977099,306880,8.808,5.6,10.676,0.2,0.08,0.25,11.88,-0.81,-6.63,0.0,0.01,-0.06,12069.14,70.0,0.0,218.0,208.0,
1770041905859658858,306995,8.884,5.6,10.676,-0.3,0.0,0.25,11.88,-0.81,-6.63,-0.01,0.03,-0.05,12070.34,70.0,0.0,218.0,208.0,
1770041905974340210,307111,8.808,5.6,10.676,0.8,-0.1,0.27,11.88,-0.81,-6.63,-0.01,0.03,-0.05,12070.0,70.0,0.0,218.0,208.0,
1770041906097216399,307225,8.892,5.6,9.372,0.0,0.08,0.12,11.88,-0.81,-6.63,0.0,0.0,-0.04,12071.54,70.0,0.0,218.0,208.0,
1770041906207773551,307346,10.7,4.9,9.756,0.1,-0.02,0.33,11.88,-0.81,-6.63,-0.01,0.02,-0.04,12072.4,70.0,0.0,218.0,208.0,
1770041906326532602,307460,9.708,5.3,10.676,0.2,-0.12,0.2,11.88,-0.81,-6.63,0.0,0.02,-0.04,12070.51,70.0,0.0,218.0,208.0,
1770041906441248989,307577,10.212,5.1,10.676,0.0,-0.04,0.23,11.88,-0.81,-6.63,0.0,0.01,-0.06,12068.97,70.0,0.0,218.0,208.0,
1770041906555934654,307692,8.78,5.3,10.364,0.3,-0.1,0.2,11.88,-0.81,-6.63,-0.01,0.0,-0.04,12069.66,70.0,0.0,218.0,208.0,
1770041906670607190,307807,10.688,4.2,10.688,0.0,-0.04,0.21,11.88,-0.81,-6.63,-0.01,0.02,-0.05,12067.25,70.0,0.0,218.0,208.0,
1770041906789401296,307920,8.984,5.2,10.66,0.0,-0.04,0.27,11.88,-0.81,-6.63,-0.01,0.03,-0.04,12072.06,70.0,0.0,218.0,208.0,
1770041906904073795,308039,9.072,5.6,9.196,0.0,0.06,0.21,11.88,-0.81,-6.63,0.0,0.01,-0.07,12071.71,70.0,0.0,218.0,208.0,
1770041907024702935,308153,8.736,5.1,10.684,-0.1,0.02,0.25,11.88,-0.81,-6.63,-0.01,0.01,-0.07,12070.34,70.0,0.0,218.0,208.0,
1770041907129302056,308268,10.684,5.1,10.684,-0.1,-0.08,0.39,11.88,-0.81,-6.63,0.0,0.03,-0.05,12068.97,70.0,0.0,218.0,208.0,
1770041907243973813,308381,10.708,4.8,10.684,-0.2,0.04,0.33,11.88,-0.81,-6.63,-0.01,0.01,-0.09,12069.14,70.0,0.0,218.0,208.0,
1770041907362755585,308495,8.984,4.9,10.68,0.1,-0.04,0.23,11.88,-0.81,-6.63,-0.03,0.02,-0.06,12070.68,70.0,0.0,218.0,208.0,
1770041907477487007,308613,9.056,5.2,10.692,0.0,0.0,0.21,11.88,-0.81,-6.63,-0.02,0.01,-0.05,12067.77,70.0,0.0,218.0,208.0,
1770041907592153968,308726,8.816,5.6,10.676,-0.1,-0.18,0.27,11.88,-0.81,-6.63,-0.02,0.03,-0.04,12069.66,70.0,0.0,218.0,208.0,
1770041907706833854,308840,9.004,5.1,10.668,0.0,-0.04,0.25,11.88,-0.81,-6.63,-0.01,0.01,-0.08,12068.45,70.0,0.0,218.0,208.0,
1770041907821510056,308956,8.816,5.8,10.684,0.1,0.02,0.33,11.88,-0.81,-6.63,0.0,0.03,-0.02,12068.11,70.0,0.0,218.0,208.0,
1770041907936192201,309071,10.696,5.2,10.392,0.8,-0.12,0.43,11.88,-0.81,-6.63,0.0,0.02,-0.05,12070.0,70.0,0.0,218.0,208.0,
1770041908046741244,309186,8.996,4.9,10.68,0.0,0.0,0.27,11.88,-0.81,-6.63,-0.03,0.01,-0.07,12069.83,70.0,0.0,218.0,208.0,
1770041908161458312,309299,9.016,5.2,10.688,0.0,0.04,0.23,11.88,-0.81,-6.63,0.0,0.01,-0.05,12070.0,70.0,0.0,218.0,208.0,
1770041908272036885,309410,9.06,5.0,10.692,0.0,-0.1,0.2,11.88,-0.81,-6.63,-0.02,0.01,-0.07,12070.51,70.0,0.0,218.0,208.0,
1770041908390778676,309523,9.076,5.3,10.676,-0.1,-0.12,0.27,11.88,-0.81,-6.63,-0.02,0.02,-0.03,12070.51,70.0,0.0,218.0,208.0,
1770041908501401673,309640,9.004,5.3,10.688,0.0,0.0,0.23,11.88,-0.81,-6.63,-0.01,0.0,-0.08,12070.51,70.0,0.0,218.0,208.0,
1770041908616078799,309752,10.696,5.1,10.668,0.1,-0.02,0.23,11.88,-0.81,-6.63,-0.02,0.01,-0.04,12068.45,70.0,0.0,218.0,208.0,
1770041908730776868,309866,9.0,5.7,10.692,-0.1,-0.18,0.33,11.88,-0.81,-6.63,-0.02,0.02,-0.04,12070.17,70.0,0.0,218.0,208.0,
1770041908849536417,309980,9.036,5.6,10.68,0.1,-0.02,0.25,11.88,-0.81,-6.63,-0.01,0.04,-0.06,12070.0,70.0,0.0,218.0,208.0,
1770041908960104379,310097,9.412,5.3,9.816,0.3,-0.08,0.33,11.88,-0.81,-6.63,0.0,0.02,-0.07,12068.97,70.0,0.0,218.0,208.0,
1770041909082991325,310211,8.88,5.7,10.692,-0.1,0.08,0.23,11.88,-0.81,-6.63,0.0,0.03,-0.06,12072.23,70.0,0.0,218.0,208.0,
1770041909197685985,310331,9.052,4.9,10.688,0.3,0.02,0.12,11.88,-0.81,-6.63,-0.02,0.03,-0.06,12068.28,70.0,0.0,218.0,208.0,
1770041909316396720,310447,8.896,5.9,10.664,0.3,0.1,0.29,11.88,-0.81,-6.63,-0.01,0.02,-0.07,12068.97,70.0,0.0,218.0,208.0,
1770041909431129379,310564,8.9,5.6,10.672,0.1,-0.1,0.25,11.88,-0.81,-6.63,0.0,0.02,-0.07,12070.68,70.0,0.0,218.0,208.0,
1770041909545860260,310680,9.116,5.1,10.672,0.1,0.08,0.33,11.88,-0.81,-6.63,-0.01,0.03,-0.05,12069.31,70.0,0.0,218.0,208.0,
1770041909656366203,310794,9.064,5.1,10.692,0.3,0.12,0.27,11.88,-0.81,-6.63,-0.01,0.01,-0.05,12068.97,70.0,0.0,218.0,208.0,
1770041909775173842,310907,10.692,5.3,10.68,0.1,0.08,0.29,11.88,-0.81,-6.63,-0.02,0.01,-0.04,12070.0,70.0,0.0,218.0,208.0,
1770041909889899742,311023,9.076,4.9,10.648,0.0,-0.08,0.16,11.88,-0.81,-6.63,-0.02,0.02,-0.02,12069.31,70.0,0.0,218.0,208.0,
1770041910004537255,311139,9.072,5.3,10.692,0.2,-0.2,0.31,11.88,-0.81,-6.63,0.0,0.04,-0.03,12070.68,70.0,0.0,218.0,208.0,
1770041910115117730,311254,9.064,5.0,10.704,-0.2,0.02,0.29,11.88,-0.81,-6.63,-0.03,0.01,-0.08,12067.77,70.0,0.0,218.0,208.0,
1770041910229778482,311365,9.068,5.2,10.044,0.0,-0.02,0.33,11.88,-0.81,-6.63,0.0,0.04,-0.06,12065.71,70.0,0.0,218.0,208.0,
1770041910344438697,311479,9.42,5.1,10.692,-0.1,0.14,0.29,11.88,-0.81,-6.63,-0.01,0.01,-0.04,12065.54,70.0,0.0,218.0,208.0,
1770041910459157706,311595,9.088,4.9,10.696,0.0,-0.04,0.18,11.88,-0.81,-6.63,-0.02,0.03,-0.05,12066.74,70.0,0.0,218.0,208.0,
1770041910573851289,311709,9.0,5.7,10.684,-0.1,0.0,0.21,11.88,-0.81,-6.63,-0.04,0.0,-0.08,12066.74,70.0,0.0,218.0,208.0,
1770041910688516208,311823,10.724,4.1,10.696,0.0,0.02,0.04,11.88,-0.81,-6.63,0.0,0.02,-0.06,12066.23,70.0,0.0,218.0,208.0,
1770041910807289420,311938,9.108,3.9,9.388,1.1,-0.08,-0.02,11.88,-0.81,-6.63,-0.01,0.02,-0.05,12067.94,70.0,0.0,218.0,208.0,
1770041910922012522,312055,10.052,4.9,10.7,0.0,0.02,-0.02,11.88,-0.81,-6.63,-0.01,0.02,-0.08,12065.71,70.0,0.0,218.0,208.0,
1770041911032554631,312170,8.928,4.4,10.696,-0.2,-0.04,-0.16,11.88,-0.81,-6.63,-0.01,0.02,-0.04,12066.05,70.0,0.0,218.0,208.0,
1770041911147253953,312282,9.032,4.6,10.692,0.3,-0.06,-0.23,11.88,-0.81,-6.63,0.0,0.03,-0.05,12065.37,70.0,0.0,218.0,208.0,
1770041911257798204,312395,9.012,4.7,10.704,0.0,0.08,-0.23,11.88,-0.81,-6.63,-0.02,0.02,-0.06,12068.97,70.0,0.0,218.0,208.0,
1770041911372480415,312507,9.008,4.6,10.7,-0.1,-0.06,-0.14,11.88,-0.81,-6.63,-0.04,0.0,-0.05,12067.94,70.0,0.0,218.0,208.0,
1770041911487199626,312622,9.0,4.8,10.696,-0.1,0.04,-0.12,11.88,-0.81,-6.63,-0.01,0.03,-0.07,12065.71,70.0,0.0,218.0,208.0,
1770041911601858856,312737,8.932,4.6,10.7,0.3,0.0,-0.08,11.88,-0.81,-6.63,-0.03,0.03,-0.04,12065.2,70.0,0.0,218.0,208.0,
1770041911716544957,312851,8.976,4.2,10.7,0.0,-0.04,-0.04,11.88,-0.81,-6.63,-0.01,0.01,-0.04,12066.23,70.0,0.0,218.0,208.0,
1770041911835317149,312965,8.94,4.6,10.696,0.1,-0.08,-0.16,11.88,-0.81,-6.63,-0.02,0.02,-0.04,12067.25,70.0,0.0,218.0,208.0,
1770041911950001175,313082,8.996,4.7,10.7,0.0,-0.02,-0.08,11.88,-0.81,-6.63,-0.01,0.02,-0.04,12069.66,70.0,0.0,218.0,208.0,
1770041912068775227,313197,9.004,4.6,10.704,0.0,-0.02,-0.04,11.88,-0.81,-6.63,-0.02,0.01,-0.04,12070.0,70.0,0.0,218.0,208.0,
1770041912183449269,313319,8.928,4.2,9.492,0.7,-0.04,-0.02,11.88,-0.81,-6.63,-0.02,0.02,-0.05,12069.83,70.0,0.0,218.0,208.0,
1770041912298126997,313434,10.392,3.9,10.704,0.2,-0.02,0.02,11.88,-0.81,-6.63,-0.02,0.01,-0.07,12068.63,70.0,0.0,218.0,208.0,
1770041912416884243,313547,9.092,3.9,10.708,0.0,-0.06,0.02,11.88,-0.81,-6.63,-0.01,0.01,-0.05,12070.0,70.0,0.0,218.0,208.0,
1770041912531599654,313666,8.944,4.4,10.708,0.1,-0.02,0.08,11.88,-0.81,-6.63,-0.02,0.01,-0.04,12069.14,70.0,0.0,218.0,208.0,
1770041912646278178,313779,9.584,4.1,10.708,0.0,0.06,-0.04,11.88,-0.81,-6.63,-0.02,0.04,-0.08,12069.31,70.0,0.0,218.0,208.0,
1770041912760969275,313893,9.104,4.5,9.392,1.3,0.06,-0.06,11.88,-0.81,-6.63,-0.02,0.01,-0.04,12069.31,70.0,0.0,218.0,208.0,
1770041912875633300,314008,8.948,4.5,10.704,0.1,-0.04,-0.1,11.88,-0.81,-6.63,0.0,0.01,-0.03,12069.83,70.0,0.0,218.0,208.0,
1770041912990316342,314125,10.732,4.1,9.492,0.8,-0.1,-0.02,11.88,-0.81,-6.63,-0.01,0.02,-0.05,12069.31,70.0,0.0,218.0,208.0,
1770041913105007194,314240,10.748,4.1,9.524,0.8,0.12,-0.04,11.88,-0.81,-6.63,-0.01,0.01,-0.06,12073.26,70.0,0.0,218.0,208.0,
1770041913219666234,314353,9.144,4.0,10.712,-0.1,-0.06,-0.21,11.88,-0.81,-6.63,-0.01,0.03,-0.04,12071.54,70.0,0.0,218.0,208.0,
1770041913338411478,314467,9.176,4.1,9.376,0.9,-0.04,-0.06,11.88,-0.81,-6.63,-0.01,0.03,-0.06,12071.03,70.0,0.0,218.0,208.0,
1770041913449027182,314585,10.74,4.2,9.72,0.3,0.02,-0.06,11.88,-0.81,-6.63,0.0,0.03,-0.05,12070.34,70.0,0.0,218.0,208.0,
1770041913573759811,314698,10.712,3.6,9.508,0.8,0.2,-0.04,11.88,-0.81,-6.63,-0.02,0.03,-0.06,12070.34,70.0,0.0,218.0,208.0,
1770041913678400668,314814,9.896,4.2,10.692,0.6,-0.04,-0.1,11.88,-0.81,-6.63,0.0,0.0,-0.04,12069.83,70.0,0.0,218.0,208.0,
1770041913788975948,314925,10.528,4.3,9.4,1.1,-0.04,-0.04,11.88,-0.81,-6.63,-0.01,0.03,-0.07,12069.66,70.0,0.0,218.0,208.0,
1770041913907757080,315038,8.94,4.9,10.704,0.1,0.18,0.04,11.88,-0.81,-6.63,-0.03,0.01,-0.07,12069.14,70.0,0.0,218.0,208.0,
1770041914022447973,315154,9.032,4.6,9.5,0.8,0.02,-0.04,11.88,-0.81,-6.63,-0.02,0.03,-0.05,12068.11,70.0,0.0,218.0,208.0,
1770041914133000065,315270,10.736,3.6,9.508,0.7,-0.02,0.02,11.88,-0.81,-6.63,-0.01,0.03,-0.04,12070.17,70.0,0.0,218.0,208.0,
1770041914251779397,315382,9.188,4.1,10.632,0.0,0.08,-0.02,11.88,-0.81,-6.63,-0.01,0.03,-0.06,12070.86,70.0,0.0,218.0,208.0,
1770041914366450860,315498,8.924,4.8,10.708,0.1,-0.16,-0.04,11.88,-0.81,-6.63,-0.01,0.04,-0.04,12068.45,70.0,0.0,218.0,208.0,
1770041914481162710,315615,9.012,4.9,10.708,0.1,0.02,-0.1,11.88,-0.81,-6.63,-0.02,0.03,-0.06,12070.17,70.0,0.0,218.0,208.0,
1770041914595835431,315728,9.032,4.6,9.52,0.8,-0.08,-0.02,11.88,-0.81,-6.63,-0.03,0.03,-0.04,12068.63,70.0,0.0,218.0,208.0,
1770041914710520263,315843,10.732,3.9,10.708,-0.2,-0.12,0.04,11.88,-0.81,-6.63,-0.02,0.01,-0.07,12070.68,70.0,0.0,218.0,208.0,
1770041914825127116,315957,9.176,4.0,10.704,0.3,0.1,0.08,11.88,-0.81,-6.63,-0.02,0.02,-0.08,12069.48,70.0,0.0,218.0,208.0,
1770041914939871873,316075,9.196,3.5,10.708,-0.1,0.08,-0.08,11.88,-0.81,-6.63,-0.02,0.01,-0.06,12071.71,70.0,0.0,218.0,208.0,
1770041915058658265,316188,9.1,4.0,10.716,0.1,0.04,-0.04,11.88,-0.81,-6.63,-0.02,0.03,-0.06,12068.63,70.0,0.0,218.0,208.0,
1770041915173327631,316307,9.168,4.2,10.704,0.1,0.0,-0.04,11.88,-0.81,-6.63,-0.01,0.01,-0.05,12069.14,70.0,0.0,218.0,208.0,
1770041915283845831,316420,9.116,3.8,10.716,0.3,-0.06,-0.08,11.88,-0.81,-6.63,-0.01,0.01,-0.04,12069.83,70.0,0.0,218.0,208.0,
1770041915402668067,316533,9.204,4.1,9.384,0.3,-0.06,-0.1,11.88,-0.81,-6.63,-0.02,0.03,-0.05,12069.66,70.0,0.0,218.0,208.0,
1770041915517381821,316651,8.952,3.9,9.392,1.1,-0.02,0.02,11.88,-0.81,-6.63,-0.01,0.01,-0.06,12067.77,70.0,0.0,218.0,208.0,
1770041915632055539,316764,8.956,5.0,10.712,0.3,-0.14,-0.12,11.88,-0.81,-6.63,-0.01,0.03,-0.07,12068.11,70.0,0.0,218.0,208.0,
1770041915746734979,316879,10.208,4.1,9.512,-0.1,-0.02,-0.06,11.88,-0.81,-6.63,-0.01,0.02,-0.05,12068.8,70.0,0.0,218.0,208.0,
1770041915861423215,316993,9.104,3.8,10.716,0.1,-0.12,-0.12,11.88,-0.81,-6.63,-0.01,0.02,-0.06,12068.63,70.0,0.0,218.0,208.0,
1770041915976096581,317109,9.184,4.2,9.696,-0.1,-0.06,-0.04,11.88,-0.81,-6.63,-0.02,0.04,-0.06,12069.83,70.0,0.0,218.0,208.0,
1770041916090772773,317224,8.952,4.8,10.712,0.1,-0.12,-0.06,11.88,-0.81,-6.63,-0.02,0.0,-0.05,12070.51,70.0,0.0,218.0,208.0,
1770041916205492597,317338,9.044,4.7,10.712,-0.1,0.04,0.12,11.88,-0.81,-6.63,-0.02,0.03,-0.05,12071.88,70.0,0.0,218.0,208.0,
1770041916320099017,317452,8.948,4.8,10.708,0.1,0.1,-0.21,11.88,-0.81,-6.63,-0.02,0.02,-0.07,12071.37,70.0,0.0,218.0,208.0,
1770041916438886936,317566,9.012,4.7,10.708,-0.2,0.04,0.08,11.88,-0.81,-6.63,-0.01,0.03,-0.06,12070.17,70.0,0.0,218.0,208.0,
1770041916553639482,317685,9.0,4.5,10.704,0.0,-0.02,-0.1,11.88,-0.81,-6.63,-0.02,0.04,-0.05,12069.66,70.0,0.0,218.0,208.0,
1770041916674222141,317800,9.032,4.7,10.704,0.8,0.04,-0.1,11.88,-0.81,-6.63,-0.03,0.01,-0.04,12070.0,70.0,0.0,218.0,208.0,
1770041916778789097,317914,9.12,4.2,10.712,0.2,-0.1,-0.12,11.88,-0.81,-6.63,-0.02,0.02,-0.06,12070.0,70.0,0.0,218.0,208.0,
1770041916897678346,318027,10.212,4.0,10.72,0.0,-0.04,-0.12,11.88,-0.81,-6.63,-0.01,0.05,-0.05,12069.31,70.0,0.0,218.0,208.0,
1770041917012300749,318146,9.192,4.0,10.712,0.3,-0.06,-0.1,11.88,-0.81,-6.63,-0.02,0.01,-0.05,12070.34,70.0,0.0,218.0,208.0,
1770041917127002755,318261,9.12,4.0,10.724,0.3,-0.04,-0.08,11.88,-0.81,-6.63,0.0,0.02,-0.07,12070.68,70.0,0.0,218.0,208.0,
1770041917241685891,318375,10.44,4.3,9.388,1.0,-0.02,0.02,11.88,-0.81,-6.63,-0.01,0.04,-0.07,12070.0,70.0,0.0,218.0,208.0,
1770041917356317232,318488,8.948,4.7,10.716,0.1,0.06,0.08,11.88,-0.81,-6.63,-0.02,0.01,-0.04,12068.28,70.0,0.0,218.0,208.0,
1770041917471046830,318604,9.02,4.6,10.716,0.1,-0.12,-0.12,11.88,-0.81,-6.63,-0.01,0.02,-0.07,12069.31,70.0,0.0,218.0,208.0,
1770041917585758872,318718,8.96,4.8,10.72,0.2,-0.14,-0.14,11.88,-0.81,-6.63,0.0,0.02,-0.05,12069.48,70.0,0.0,218.0,208.0,
1770041917700393417,318831,9.028,5.0,10.712,0.0,-0.04,-0.14,11.88,-0.81,-6.63,-0.02,0.04,-0.06,12069.48,70.0,0.0,218.0,208.0,
1770041917815099516,318946,9.496,4.0,9.528,0.8,0.04,-0.1,11.88,-0.81,-6.63,-0.02,0.02,-0.05,12070.51,70.0,0.0,218.0,208.0,
1770041917929795022,319060,9.196,3.9,10.712,0.1,-0.08,-0.14,11.88,-0.81,-6.63,-0.02,0.02,-0.05,12070.34,70.0,0.0,218.0,208.0,
1770041918052638521,319176,9.136,4.4,9.412,0.5,0.06,-0.12,11.88,-0.81,-6.63,0.0,0.0,-0.08,12069.66,70.0,0.0,218.0,208.0,
1770041918167337282,319300,9.048,4.6,10.712,0.2,-0.02,0.0,11.88,-0.81,-6.63,-0.02,0.02,-0.04,12070.86,70.0,0.0,218.0,208.0,
1770041918281957491,319415,8.948,4.8,10.72,0.0,-0.2,0.04,11.88,-0.81,-6.63,-0.03,0.02,-0.04,12070.17,70.0,0.0,218.0,208.0,
1770041918400745143,319527,9.024,5.0,10.712,0.0,0.04,-0.12,11.88,-0.81,-6.63,-0.01,0.0,-0.06,12067.25,70.0,0.0,218.0,208.0,
1770041918511358661,319645,8.948,4.0,10.72,0.1,0.21,-0.06,11.88,-0.81,-6.63,-0.02,0.04,-0.05,12069.66,70.0,0.0,218.0,208.0,
1770041918626028812,319759,9.192,4.0,10.716,0.1,-0.02,-0.04,11.88,-0.81,-6.63,-0.02,0.02,-0.05,12071.2,70.0,0.0,218.0,208.0,
1770041918740712147,319874,9.032,4.8,10.716,0.2,0.14,-0.08,11.88,-0.81,-6.63,-0.01,0.02,-0.04,12068.97,70.0,0.0,218.0,208.0,
1770041918859502763,319988,9.028,4.8,10.716,0.0,-0.1,-0.14,11.88,-0.81,-6.63,-0.01,0.01,-0.07,12069.83,70.0,0.0,218.0,208.0,
1770041918970073449,320104,8.956,4.8,10.716,-0.1,0.1,0.02,11.88,-0.81,-6.63,-0.03,0.02,-0.04,12070.17,70.0,0.0,218.0,208.0,
1770041919084762776,320218,9.012,4.5,10.72,0.0,-0.06,-0.14,11.88,-0.81,-6.63,0.0,0.01,-0.06,12069.14,70.0,0.0,218.0,208.0,
1770041919199449403,320331,8.96,4.4,10.716,0.0,-0.04,-0.06,11.88,-0.81,-6.63,-0.02,0.02,-0.07,12066.4,70.0,0.0,218.0,208.0,
1770041919314078588,320445,9.172,4.9,9.4,1.1,0.06,0.25,11.88,-0.81,-6.63,0.0,0.01,-0.04,12068.8,70.0,0.0,218.0,208.0,
1770041919436978499,320559,9.892,5.7,10.728,0.1,-0.02,0.18,11.88,-0.81,-6.63,-0.02,0.01,-0.04,12069.66,70.0,0.0,218.0,208.0,
1770041919551674312,320685,9.16,5.3,10.688,-0.1,0.02,0.31,11.88,-0.81,-6.63,-0.02,0.01,-0.08,12068.28,70.0,0.0,218.0,208.0,
1770041919666356477,320797,9.204,5.1,9.424,-0.2,0.0,0.21,11.88,-0.81,-6.63,-0.01,0.02,-0.05,12069.83,70.0,0.0,218.0,208.0,
1770041919781034586,320912,9.144,5.0,9.464,1.5,0.06,0.2,11.88,-0.81,-6.63,-0.01,0.03,-0.04,12069.48,70.0,0.0,218.0,208.0,
1770041919895711954,321027,9.876,5.8,10.7,0.0,0.06,0.35,11.88,-0.81,-6.63,0.0,0.02,-0.05,12069.31,70.0,0.0,218.0,208.0,
1770041920010402712,321142,9.068,5.9,10.704,0.5,-0.1,0.18,11.88,-0.81,-6.63,-0.04,0.0,-0.08,12069.83,70.0,0.0,218.0,208.0,
1770041920125074280,321257,9.172,4.8,10.72,0.0,0.12,0.21,11.88,-0.81,-6.63,0.0,0.03,-0.04,12067.08,70.0,0.0,218.0,208.0,
1770041920239740292,321371,9.12,5.6,10.712,0.1,0.02,0.21,11.88,-0.81,-6.63,-0.03,0.02,-0.04,12069.31,70.0,0.0,218.0,208.0,
1770041920354432304,321484,9.032,5.6,10.712,0.1,-0.04,0.31,11.88,-0.81,-6.63,-0.03,0.0,-0.05,12067.77,70.0,0.0,218.0,208.0,
1770041920469085873,321599,10.74,4.9,10.732,-0.1,0.2,-0.04,11.88,-0.81,-6.63,-0.02,0.01,-0.05,12070.34,70.0,0.0,218.0,208.0,
1770041920583786180,321717,9.172,4.4,9.5,-0.1,-0.14,-0.21,11.88,-0.81,-6.63,0.0,0.0,-0.05,12069.14,70.0,0.0,218.0,208.0,
1770041920704445897,321829,9.172,4.6,9.432,0.0,-0.04,0.25,11.88,-0.81,-6.63,-0.01,0.03,-0.04,12069.14,70.0,0.0,218.0,208.0,
1770041920809025164,321942,9.052,5.7,10.704,-0.2,-0.1,0.21,11.88,-0.81,-6.63,-0.01,0.03,-0.04,12067.77,70.0,0.0,218.0,208.0,
1770041920931932257,322056,10.28,5.0,10.724,0.3,0.0,0.23,11.88,-0.81,-6.63,-0.03,0.01,-0.09,12067.94,70.0,0.0,218.0,208.0,
1770041921046606791,322179,9.068,5.8,10.704,0.2,0.02,0.27,11.88,-0.81,-6.63,-0.02,0.06,-0.04,12069.66,70.0,0.0,218.0,208.0,
1770041921161303187,322292,10.728,5.5,9.512,0.1,0.08,0.2,11.88,-0.81,-6.63,-0.01,0.0,-0.05,12069.14,70.0,0.0,218.0,208.0,
1770041921271796989,322406,9.104,5.8,10.712,-0.1,0.0,0.2,11.88,-0.81,-6.63,-0.01,0.04,-0.06,12068.97,70.0,0.0,218.0,208.0,
1770041921386543735,322520,10.736,5.1,9.432,1.1,0.04,0.21,11.88,-0.81,-6.63,-0.01,0.01,-0.06,12066.4,70.0,0.0,218.0,208.0,
1770041921511291916,322633,9.148,5.4,10.712,0.3,-0.02,0.33,11.88,-0.81,-6.63,-0.02,0.02,-0.05,12069.14,70.0,0.0,218.0,208.0,
1770041921615891084,322749,9.008,5.4,10.708,0.0,-0.04,0.37,11.88,-0.81,-6.63,-0.01,0.03,-0.05,12068.45,70.0,0.0,218.0,208.0,
1770041921730597442,322863,9.012,5.4,10.328,-0.1,0.02,0.33,11.88,-0.81,-6.63,-0.01,0.01,-0.05,12067.08,70.0,0.0,218.0,208.0,
1770041921845272079,322976,10.732,5.1,9.524,0.3,0.0,0.43,11.88,-0.81,-6.63,-0.01,0.04,-0.06,12067.25,70.0,0.0,218.0,208.0,
1770041921964047053,323089,9.024,5.4,10.708,0.2,-0.02,0.16,11.88,-0.81,-6.63,-0.02,0.02,-0.04,12068.8,70.0,0.0,218.0,208.0,
1770041922078740198,323208,9.176,5.3,10.7,0.6,-0.08,0.2,11.88,-0.81,-6.63,-0.01,0.03,-0.06,12070.51,70.0,0.0,218.0,208.0,
1770041922193426219,323322,9.14,5.2,10.724,0.1,0.0,0.31,11.88,-0.81,-6.63,-0.02,0.03,-0.04,12068.97,70.0,0.0,218.0,208.0,
1770041922303930312,323437,9.024,5.1,10.716,0.1,-0.04,0.23,11.88,-0.81,-6.63,-0.02,0.01,-0.04,12069.66,70.0,0.0,218.0,208.0,
1770041922422776798,323551,10.728,4.7,10.716,0.1,-0.08,0.14,11.88,-0.81,-6.63,-0.02,0.02,-0.04,12069.83,70.0,0.0,218.0,208.0,
1770041922537456671,323668,9.024,5.1,9.508,0.7,-0.23,0.08,11.88,-0.81,-6.63,0.0,0.02,-0.05,12066.23,70.0,0.0,218.0,208.0,
1770041922648027354,323781,9.18,4.8,10.716,0.2,-0.1,0.08,11.88,-0.81,-6.63,-0.01,0.02,-0.03,12070.51,70.0,0.0,218.0,208.0,
1770041922762714652,323895,10.696,4.9,9.5,0.6,-0.18,0.16,11.88,-0.81,-6.63,-0.03,0.0,-0.07,12069.66,70.0,0.0,218.0,208.0,
1770041922877399784,324007,9.1,4.8,9.288,0.0,-0.18,0.2,11.88,-0.81,-6.63,-0.01,0.01,-0.04,12070.0,70.0,0.0,218.0,208.0,
1770041922983882721,324122,8.92,5.6,10.704,0.0,-0.12,0.27,11.88,-0.81,-6.63,-0.01,0.0,-0.05,12069.14,70.0,0.0,218.0,208.0,
1770041923098569864,324230,8.976,5.2,10.724,-0.2,0.18,0.12,11.88,-0.81,-6.63,-0.04,0.03,-0.07,12067.6,70.0,0.0,218.0,208.0,
1770041923209137579,324344,8.924,5.4,10.712,0.4,0.02,0.18,11.88,-0.81,-6.63,-0.02,0.02,-0.04,12068.63,70.0,0.0,218.0,208.0,
1770041923323799706,324456,10.732,5.1,10.72,0.1,-0.08,0.18,11.88,-0.81,-6.63,-0.01,0.03,-0.04,12068.8,70.0,0.0,218.0,208.0,
1770041923438518387,324568,9.476,5.3,9.296,0.1,0.16,0.14,11.88,-0.81,-6.63,-0.03,0.03,-0.09,12068.97,70.0,0.0,218.0,208.0,
1770041923553199310,324682,9.084,4.7,10.704,-0.1,-0.02,0.25,11.88,-0.81,-6.63,-0.03,0.01,-0.09,12067.94,70.0,0.0,218.0,208.0,
1770041923663775858,324797,9.136,4.8,9.304,0.9,-0.02,0.41,11.88,-0.81,-6.63,-0.02,0.03,-0.04,12068.63,70.0,0.0,218.0,208.0,
1770041923778462743,324909,10.728,5.6,9.408,-0.1,-0.14,0.1,11.88,-0.81,-6.63,-0.01,0.02,-0.05,12068.28,70.0,0.0,218.0,208.0,
1770041923901342714,325021,9.076,5.0,10.716,0.2,0.06,0.12,11.88,-0.81,-6.63,-0.01,0.04,-0.07,12067.77,70.0,0.0,218.0,208.0,
1770041924011911318,325144,10.744,5.0,10.196,0.1,-0.06,0.35,11.88,-0.81,-6.63,-0.03,0.01,-0.05,12067.25,70.0,0.0,218.0,208.0,
1770041924126575736,325258,10.76,4.9,9.252,0.0,-0.1,0.18,11.88,-0.81,-6.63,0.0,0.01,-0.06,12069.31,70.0,0.0,218.0,208.0,
1770041924241310355,325372,9.112,4.9,10.312,0.4,-0.04,0.21,11.88,-0.81,-6.63,-0.03,0.0,-0.04,12070.0,70.0,0.0,218.0,208.0,
1770041924355915034,325486,8.924,5.6,10.716,0.1,-0.06,0.12,11.88,-0.81,-6.63,-0.01,0.02,-0.04,12068.97,70.0,0.0,218.0,208.0,
1770041924470653376,325599,10.736,5.5,10.704,0.1,0.04,0.0,11.88,-0.81,-6.63,-0.02,0.02,-0.06,12069.31,70.0,0.0,218.0,208.0,
1770041924585328868,325715,9.012,4.4,10.728,0.2,0.06,0.35,11.88,-0.81,-6.63,-0.01,0.01,-0.04,12067.6,70.0,0.0,218.0,208.0,
1770041924695873985,325829,8.864,5.1,10.696,0.1,-0.12,0.23,11.88,-0.81,-6.63,-0.01,0.02,-0.1,12070.0,70.0,0.0,218.0,208.0,
1770041924814686777,325942,10.328,4.7,9.212,0.3,-0.12,0.2,11.88,-0.81,-6.63,-0.01,0.02,-0.05,12069.48,70.0,0.0,218.0,208.0,
1770041924929359529,326057,8.78,4.6,10.712,0.1,-0.08,0.1,11.88,-0.81,-6.63,-0.03,0.02,-0.04,12068.63,70.0,0.0,218.0,208.0,
1770041925044049931,326174,10.74,5.1,10.712,0.2,-0.02,0.23,11.88,-0.81,-6.63,-0.01,0.0,-0.05,12068.63,70.0,0.0,218.0,208.0,
1770041925158754083,326289,8.792,5.2,9.46,0.5,-0.06,0.21,11.88,-0.81,-6.63,-0.01,0.01,-0.07,12068.8,70.0,0.0,218.0,208.0,
1770041925273358461,326403,8.784,5.4,10.7,0.0,0.08,0.2,11.88,-0.81,-6.63,0.0,0.03,-0.05,12071.2,70.0,0.0,218.0,208.0,
1770041925398111661,326516,8.768,5.0,10.368,-0.2,-0.04,0.27,11.88,-0.81,-6.63,-0.02,0.01,-0.04,12070.0,70.0,0.0,218.0,208.0,
1770041925502797801,326634,9.024,5.0,10.708,0.0,0.04,0.27,11.88,-0.81,-6.63,0.0,0.03,-0.06,12070.0,70.0,0.0,218.0,208.0,
1770041925617441140,326747,10.668,5.3,10.712,0.2,0.08,0.18,11.88,-0.81,-6.63,-0.01,0.04,-0.06,12070.68,70.0,0.0,218.0,208.0,
1770041925732125052,326861,8.84,5.2,10.724,0.1,-0.02,0.06,11.88,-0.81,-6.63,-0.01,0.02,-0.06,12069.14,70.0,0.0,218.0,208.0,
1770041925846812574,326975,8.756,5.4,10.728,0.0,-0.08,0.21,11.88,-0.81,-6.63,-0.01,0.03,-0.05,12068.97,70.0,0.0,218.0,208.0,
1770041925961489449,327089,8.764,5.6,10.724,-0.1,-0.08,0.16,11.88,-0.81,-6.63,-0.01,0.02,-0.06,12070.34,70.0,0.0,218.0,208.0,
1770041926076203294,327205,9.1,5.1,10.712,-0.1,-0.06,0.14,11.88,-0.81,-6.63,-0.02,0.02,-0.06,12069.14,70.0,0.0,218.0,208.0,
1770041926190871997,327320,10.128,6.1,10.704,0.0,-0.12,0.41,11.88,-0.81,-6.63,-0.02,0.03,-0.05,12068.63,70.0,0.0,218.0,208.0,
1770041926305499515,327434,8.796,19.3,9.428,-0.6,0.08,1.17,11.88,-0.81,-6.63,-0.03,0.02,-0.04,12067.94,70.0,0.0,0.73,218.0,208.0
1770041926424265891,327548,9.872,37.0,10.028,-10.4,1.09,2.29,11.88,-0.81,-6.63,-0.03,0.01,-0.04,12059.19,70.0,1.45,6.53,218.0,208.0
1770041926538992333,327667,10.432,65.3,10.568,-30.2,1.88,2.27,11.75,-0.81,-6.63,0.28,0.0,-0.18,12023.69,70.0,10.08,22.31,218.0,208.0
1770041926653661647,327782,10.088,103.2,9.268,-50.3,1.7,2.36,11.25,-0.69,-6.63,-0.1,0.33,-0.24,11992.14,70.0,22.7,33.68,218.0,208.0
1770041926776498216,327898,10.188,69.5,9.284,-69.7,1.84,2.25,10.75,-0.63,-6.63,-0.12,0.17,-0.06,11956.64,70.0,44.62,41.02,218.0,208.0
1770041926895311609,328022,10.16,78.0,10.512,-86.8,1.52,1.93,10.75,-0.69,-6.69,0.23,0.07,0.03,11928.34,70.0,67.77,45.18,218.0,208.0
1770041927009955868,328139,10.316,85.4,10.048,-109.0,0.92,0.92,11.31,-0.94,-6.69,0.85,-0.01,0.34,11931.6,70.0,69.34,45.99,218.0,208.0
1770041927124621936,328255,10.436,69.5,9.868,-128.7,1.6,1.31,11.88,-1.0,-6.69,0.3,-0.72,0.13,11933.66,70.0,67.36,44.67,218.0,210.0
1770041927239357390,328370,9.976,81.6,10.46,-147.8,1.93,1.68,12.5,-1.25,-6.81,0.57,0.14,-0.08,11938.63,70.0,65.0,42.1,218.0,210.0
1770041927358093391,328483,9.12,71.2,10.004,-156.9,1.62,1.91,13.13,-1.19,-7.06,-0.12,0.09,-0.18,11936.91,70.0,65.74,42.84,218.0,210.0
1770041927466494868,328601,10.236,106.5,9.496,-167.8,2.38,1.62,13.75,-1.06,-7.19,-0.35,-0.02,0.11,171.16,70.0,59.12,41.21,218.0,210.0
1770041927575214909,328701,8.828,117.7,10.424,-135.9,1.78,2.34,14.31,-1.37,-7.19,0.26,0.01,-0.15,11936.57,70.0,63.64,46.02,218.0,210.0
1770041927689894106,328816,10.364,118.6,10.236,-89.0,2.19,2.27,14.81,-1.44,-7.13,-0.05,-0.3,0.1,11921.65,70.0,66.63,55.65,218.0,210.0
1770041927804571932,328934,10.356,108.7,10.064,-104.2,2.09,1.02,15.25,-1.44,-7.19,0.05,0.24,0.0,11905.36,70.0,69.56,62.24,218.0,210.0
1770041927927440587,329049,9.384,90.0,10.344,-79.8,2.3,1.17,15.38,-1.31,-7.19,-0.37,0.12,-0.3,11906.56,70.0,67.08,66.36,218.0,210.0
1770041928042116527,329168,10.436,97.1,9.268,-138.5,1.33,1.64,15.25,-1.12,-7.25,-0.47,0.13,0.11,11898.67,70.0,68.64,70.05,218.0,210.0
1770041928144533694,329285,10.472,80.7,10.372,-99.1,1.33,1.31,15.0,-1.12,-7.31,0.07,-0.08,-0.11,180.25,70.0,65.9,67.73,218.0,210.0
1770041928242807818,329385,9.364,113.5,9.316,-92.9,2.34,1.8,14.94,-1.0,-7.44,-0.22,-0.44,0.08,180.25,70.0,66.52,70.73,218.0,210.0
1770041928341097312,329485,10.12,137.7,9.724,-121.3,1.56,2.19,14.75,-0.88,-7.5,-0.33,-0.26,0.06,180.25,70.0,67.02,72.18,218.0,210.0
1770041928455780706,329585,9.6,158.0,10.188,-135.8,1.54,1.89,14.5,-0.88,-7.56,-0.12,0.23,-0.34,11895.75,70.0,67.86,72.81,220.0,210.0
1770041928570427749,329700,10.168,109.7,10.4,-98.1,1.56,1.54,14.25,-0.88,-7.5,0.08,-0.27,0.11,11892.32,70.0,67.51,76.95,220.0,210.0
1770041928689257390,329816,9.644,100.6,10.456,-105.0,1.6,1.48,13.94,-0.69,-7.5,0.21,0.5,-0.5,11890.27,70.0,69.09,77.73,220.0,210.0
1770041928808018310,329932,8.708,85.9,10.272,-77.7,1.46,1.29,13.56,-0.44,-7.5,-0.29,0.18,0.18,11892.5,70.0,69.56,75.42,220.0,210.0
1770041928922706241,330050,9.728,132.0,10.444,-117.1,1.27,1.68,13.13,-0.31,-7.44,0.21,-0.23,-0.13,11898.67,70.0,66.36,74.93,220.0,210.0
1770041929037361805,330166,8.672,126.2,9.852,-87.2,1.86,1.68,12.69,-0.19,-7.56,-0.38,-0.04,0.0,11899.01,70.0,68.1,73.22,220.0,212.0
1770041929135694734,330280,10.248,156.9,9.02,-121.3,1.31,1.7,12.44,0.19,-7.88,0.25,-0.49,0.15,176.47,70.0,68.08,69.87,220.0,212.0
1770041929238034210,330380,10.416,135.2,9.184,-136.3,1.39,1.99,12.38,0.44,-8.0,0.29,0.45,-0.36,173.73,70.0,67.19,69.75,220.0,212.0
1770041929352729838,330479,8.832,121.2,9.96,-91.5,2.05,2.09,12.38,0.5,-7.94,-0.06,-0.05,0.04,11903.81,70.0,67.36,68.35,220.0,212.0
1770041929467433725,330596,10.1,106.7,9.728,-80.8,1.62,1.33,12.38,0.69,-7.75,-0.17,0.04,-0.14,11898.67,70.0,68.83,71.76,220.0,212.0
1770041929600368218,330712,8.772,104.6,9.92,-89.6,1.21,1.35,12.25,0.88,-7.56,-0.41,-0.2,0.18,11893.87,70.0,70.53,71.97,220.0,212.0
1770041929713179587,330834,9.416,55.3,9.988,-82.7,0.88,1.05,12.25,0.94,-7.5,-0.07,0.08,-0.02,11896.1,70.0,69.94,72.66,220.0,212.0
1770041929827862456,330955,10.128,90.5,9.976,-76.6,1.33,1.25,12.19,1.0,-7.38,-0.02,-0.1,-0.22,11901.76,70.0,68.37,73.41,220.0,212.0
1770041929942541454,331070,8.872,80.0,10.348,-119.2,1.39,1.02,11.88,1.0,-7.5,-0.2,0.09,0.07,11905.36,70.0,66.06,68.96,220.0,212.0
1770041930061314725,331186,9.808,83.8,9.964,-95.9,1.95,1.37,11.75,1.06,-7.5,0.05,0.21,0.18,11905.87,70.0,65.49,68.37,220.0,212.0
1770041930159616425,331302,9.588,129.2,10.372,-106.7,2.34,1.45,11.63,1.12,-7.25,0.4,-0.28,-0.11,172.36,70.0,63.62,69.23,220.0,212.0
1770041930261998874,331403,10.404,96.2,10.012,-136.3,1.82,1.89,11.56,1.25,-7.13,-0.22,-0.45,-0.4,171.67,70.0,65.68,69.05,222.0,212.0
1770041930360267111,331503,8.608,107.3,10.032,-76.2,1.78,1.43,11.44,1.25,-7.06,-0.21,0.34,0.09,180.25,70.0,66.7,70.87,222.0,212.0
1770041930474981528,331603,8.584,84.7,9.916,-79.9,1.27,0.88,11.31,1.19,-7.0,-0.3,0.48,0.42,11892.15,70.0,69.43,72.39,222.0,212.0
1770041930593762602,331718,8.892,103.8,10.412,-84.3,1.64,1.23,11.06,0.94,-6.88,-0.56,-0.12,-0.15,11897.81,70.0,68.1,72.49,222.0,212.0
1770041930712536936,331835,9.8,88.0,10.252,-88.5,1.88,1.48,11.19,-0.5,-6.94,-1.46,0.0,0.83,11899.87,70.0,67.51,68.23,222.0,214.0
1770041930827249427,331954,9.908,140.1,10.0,-96.1,1.66,1.86,11.13,-0.94,-7.06,-0.06,-0.23,0.09,11904.33,70.0,66.36,67.08,222.0,214.0
1770041930941896328,332068,8.664,112.1,9.848,-134.9,1.72,2.13,11.19,-1.0,-7.19,0.11,-0.03,0.07,11908.45,70.0,65.9,65.17,222.0,214.0
1770041931056577862,332183,10.38,150.2,10.372,-117.3,1.74,1.8,11.25,-1.0,-7.13,-0.28,0.0,-0.02,11903.81,70.0,66.78,66.78,222.0,214.0
1770041931158994616,332300,10.036,135.1,10.416,-112.3,1.09,1.58,11.38,-1.0,-7.13,-0.38,0.1,-0.17,180.93,70.0,67.73,67.73,222.0,214.0
1770041931257284863,332399,10.444,121.4,9.484,-69.6,1.27,1.74,11.31,-0.88,-7.0,0.13,0.0,0.1,175.44,70.0,69.2,72.53,222.0,214.0
1770041931376013951,332498,9.68,78.5,10.3,-78.7,1.39,1.48,11.13,-1.0,-6.94,-0.04,0.14,-0.33,11887.35,70.0,71.4,74.85,222.0,214.0
1770041931490725361,332617,10.464,108.2,10.132,-98.5,0.84,1.23,10.94,-1.06,-6.94,0.32,-0.05,-0.01,11892.67,70.0,70.91,76.08,222.0,214.0
1770041931609500096,332732,10.268,87.1,10.256,-107.7,1.56,1.5,10.69,-1.12,-6.94,0.37,-0.15,0.25,11895.75,70.0,68.37,73.41,222.0,214.0
1770041931728256924,332852,10.26,157.2,10.2,-117.3,1.45,2.19,10.44,-1.25,-7.06,0.03,-0.12,0.13,11901.41,70.0,67.5,71.68,222.0,214.0
1770041931826586577,332968,10.296,112.7,10.184,-123.3,1.31,1.62,10.38,-1.25,-7.19,-0.07,0.16,-0.11,181.1,70.0,69.56,71.39,222.0,214.0
1770041931941247915,333068,9.492,124.8,9.56,-124.4,1.35,1.25,10.31,-1.25,-7.06,0.03,0.19,-0.03,11894.73,70.0,67.16,74.68,224.0,214.0
1770041932064143978,333184,9.724,131.6,10.36,-96.4,1.54,1.48,10.13,-1.06,-6.94,0.1,-0.24,0.23,11892.84,70.0,68.51,75.64,224.0,214.0
1770041932178815771,333304,8.72,121.5,9.684,-104.5,1.41,1.97,9.81,-1.19,-6.69,0.04,0.09,-0.02,11893.87,70.0,70.76,76.42,224.0,214.0
1770041932293448418,333421,10.456,122.0,9.864,-55.9,1.62,1.97,9.56,-1.31,-6.63,0.08,0.0,0.0,11892.32,70.0,70.29,76.15,224.0,216.0
1770041932412235701,333536,10.44,115.7,10.448,-89.3,0.9,1.19,9.44,-1.44,-6.56,-0.09,-0.07,-0.14,11896.27,70.0,69.22,72.79,224.0,216.0
1770041932535138012,333654,8.748,122.9,10.132,-74.0,1.74,1.19,9.25,-1.63,-6.56,-0.15,-0.32,-0.06,11899.36,70.0,69.56,73.22,224.0,216.0
1770041932633462175,333776,9.0,123.9,10.424,-107.2,1.11,1.29,9.25,-1.81,-6.63,0.34,-0.09,-0.15,184.53,70.0,66.16,72.18,224.0,216.0
1770041932748110839,333876,8.884,83.5,9.08,-86.3,1.7,1.48,9.31,-1.69,-6.5,-0.19,-0.23,-0.03,11903.3,70.0,65.55,72.61,224.0,216.0
1770041932862802762,333990,9.868,82.8,9.196,-104.5,1.31,1.62,9.19,-1.56,-6.38,-0.16,0.37,0.01,11900.56,70.0,67.65,70.53,224.0,216.0
1770041932977487332,334105,10.42,105.0,9.712,-99.9,0.82,1.82,9.06,-1.56,-6.19,-0.18,-0.13,-0.07,11900.73,70.0,69.92,70.67,224.0,216.0
1770041933079883531,334221,9.648,98.0,10.144,-56.0,1.33,1.11,9.0,-1.81,-6.06,0.13,-0.08,-0.29,178.53,70.0,69.23,69.23,224.0,216.0
1770041933178130892,334321,10.428,121.9,9.988,-54.7,1.37,1.54,9.0,-2.0,-5.94,0.93,-0.16,-0.22,194.14,70.0,70.87,69.2,224.0,216.0
1770041933292810381,334422,8.816,104.4,9.668,-83.2,0.9,2.01,9.0,-2.31,-6.0,-0.02,0.13,-0.09,11907.25,70.0,68.35,65.88,224.0,216.0
1770041933407542036,334534,10.396,127.5,10.0,-78.0,1.72,1.29,8.94,-2.5,-6.0,0.09,0.03,0.06,11911.36,70.0,66.91,63.15,224.0,216.0
1770041933505793100,334649,9.964,127.5,10.288,-133.0,1.37,1.76,9.0,-2.5,-6.13,0.06,-0.08,-0.12,185.05,70.0,64.07,62.24,224.0,216.0
1770041933624607635,334748,10.396,121.0,10.292,-94.0,1.33,1.33,9.13,-2.31,-6.13,0.03,0.07,-0.13,11910.67,70.0,65.49,64.51,224.0,216.0
1770041933743379764,334866,8.708,110.1,10.052,-113.4,0.92,0.98,9.25,-2.0,-6.19,-0.07,0.0,-0.01,11912.39,70.0,67.08,64.22,226.0,216.0
1770041933858072142,334984,10.468,100.1,10.384,-83.6,1.82,1.17,9.19,-2.0,-6.19,-0.1,0.01,-0.05,11906.9,70.0,66.63,65.9,226.0,216.0
1770041933976840494,335098,8.816,81.2,10.472,-74.7,0.94,1.15,9.13,-2.13,-6.13,-0.15,-0.18,0.0,11908.45,70.0,67.79,64.22,226.0,216.0
1770041934095622575,335218,9.424,80.4,10.292,-60.3,1.45,1.64,9.13,-2.19,-6.13,-0.24,-0.27,0.18,11910.33,70.0,68.51,64.94,226.0,218.0
1770041934210294650,335335,9.716,122.0,10.48,-72.9,1.78,1.09,9.13,-2.25,-6.13,-0.04,-0.16,0.07,11914.96,70.0,66.63,63.7,226.0,218.0
1770041934324928041,335450,8.8,82.4,9.968,-98.9,1.05,1.48,9.13,-2.5,-6.25,0.01,-0.03,-0.08,11910.16,70.0,66.36,63.51,226.0,218.0
1770041934443733533,335567,10.064,95.8,10.348,-89.9,1.41,0.64,9.19,-2.56,-6.38,-0.04,-0.09,-0.13,11919.76,70.0,62.97,64.43,226.0,218.0
1770041934558424089,335683,10.368,88.5,10.3,-131.1,2.01,1.21,9.19,-2.06,-6.31,0.64,-0.15,-0.02,11916.68,70.0,62.97,62.97,226.0,218.0
1770041934673077442,335801,9.744,72.3,10.056,-111.2,1.31,1.46,9.25,-1.81,-6.25,0.19,0.03,-0.09,11907.93,70.0,65.65,66.36,226.0,218.0
1770041934791883749,335916,10.2,122.3,9.356,-111.4,1.21,0.92,9.13,-1.81,-6.19,0.11,-0.18,0.1,11898.67,70.0,67.93,69.34,226.0,218.0
1770041934906554916,336033,9.292,92.7,10.416,-86.6,1.04,1.5,8.94,-1.94,-6.06,-0.05,-0.07,-0.14,11905.02,70.0,67.95,69.43,226.0,218.0
1770041935025333874,336149,10.416,72.5,10.452,-82.4,0.86,1.86,8.81,-1.88,-5.94,-0.17,-0.07,0.0,11905.87,70.0,68.23,66.78,226.0,218.0
1770041935127744150,336268,10.032,98.0,9.252,-111.5,1.23,1.7,8.75,-1.88,-5.81,-0.12,0.03,0.0,193.45,70.0,65.3,65.3,226.0,218.0
1770041935225998215,336368,9.484,93.1,10.476,-85.7,1.56,1.66,8.69,-1.94,-5.69,-0.16,0.09,-0.19,171.84,70.0,65.22,64.39,226.0,218.0
1770041935348868803,336468,8.644,97.0,10.324,-112.0,1.23,0.92,8.69,-1.88,-5.63,-0.12,0.0,0.02,11915.65,70.0,64.27,65.77,226.0,218.0
1770041935467671935,336590,10.072,104.3,10.412,-101.8,2.19,0.86,8.81,-1.56,-5.5,0.19,-0.34,0.17,11915.31,70.0,63.33,64.02,228.0,218.0
1770041935570083082,336709,8.684,104.6,10.18,-114.9,1.19,0.88,8.88,-1.37,-5.38,0.03,0.16,-0.03,169.44,70.0,61.86,61.86,228.0,218.0
1770041935684802223,336809,10.224,98.5,9.656,-66.2,1.64,1.23,8.81,-1.37,-5.13,0.34,-0.18,-0.24,11908.79,70.0,66.37,64.89,228.0,218.0
1770041935799439940,336924,9.176,66.2,9.352,-54.7,1.66,1.09,8.81,-1.5,-4.94,0.02,0.02,-0.11,11907.76,70.0,68.23,65.33,228.0,218.0
1770041935901839161,337041,10.34,70.2,10.512,-93.2,0.94,1.54,8.75,-1.56,-4.81,-0.2,-0.16,-0.06,173.9,70.0,65.49,63.62,228.0,220.0
1770041936016513285,337141,9.224,96.0,9.632,-99.7,1.23,1.29,8.81,-1.56,-4.75,0.1,0.08,-0.19,11915.48,70.0,66.09,61.68,228.0,220.0
1770041936131204400,337257,10.252,114.3,9.812,-76.1,2.01,1.33,8.88,-1.69,-4.75,0.16,-0.12,-0.01,11914.96,70.0,64.43,60.04,228.0,220.0
1770041936245860516,337373,10.032,116.7,9.976,-88.4,2.25,1.6,9.0,-1.81,-4.88,0.02,0.0,-0.06,11918.22,70.0,62.97,60.77,228.0,220.0
1770041936368740264,337487,10.176,103.8,10.088,-94.3,1.91,1.62,9.19,-1.69,-4.88,-0.25,-0.08,0.04,11921.65,70.0,59.94,60.66,228.0,220.0
1770041936483432175,337609,9.956,109.3,9.692,-89.7,1.56,1.17,9.19,-1.44,-4.88,-0.1,0.28,-0.03,11917.54,70.0,64.22,62.8,228.0,220.0
1770041936602206153,337724,9.98,66.4,9.904,-85.2,1.33,1.56,9.13,-1.31,-4.81,0.05,0.11,-0.27,11914.62,70.0,64.22,62.8,228.0,220.0
1770041936700511799,337841,8.904,75.3,9.364,-106.3,1.37,1.27,9.13,-1.44,-4.75,-0.07,-0.5,0.12,172.01,70.0,68.08,62.71,228.0,220.0
1770041936819287481,337941,10.444,78.3,10.46,-99.4,0.82,0.96,9.13,-1.56,-4.75,-0.38,-0.37,0.06,11916.68,70.0,66.27,63.28,228.0,220.0
1770041936938047978,338058,10.092,68.8,10.456,-75.4,1.7,1.29,9.13,-1.56,-4.75,0.12,0.07,-0.09,11920.62,70.0,63.88,59.52,228.0,220.0
1770041937052740283,338177,10.344,82.3,10.068,-97.5,1.19,1.97,9.25,-1.81,-4.88,-0.3,0.12,0.08,11919.76,70.0,63.86,58.94,228.0,220.0
1770041937167412150,338292,9.824,94.2,10.08,-87.7,2.01,1.37,9.31,-1.94,-5.0,-0.2,-0.26,0.11,11923.54,70.0,62.05,59.09,228.0,220.0
1770041937282070721,338406,8.764,71.7,9.556,-126.2,1.66,1.68,9.44,-1.88,-5.13,-0.05,0.01,0.15,11919.94,70.0,62.05,60.57,228.0,220.0
1770041937400841376,338522,9.824,71.2,10.384,-94.9,1.74,1.86,9.75,-1.75,-5.19,1.43,1.42,-1.02,11914.96,70.0,64.61,60.98,230.0,220.0
1770041937515543039,338639,10.408,81.6,10.096,-68.2,2.01,0.92,9.81,-1.56,-5.25,1.95,0.33,-0.42,11916.51,70.0,65.96,61.75,230.0,220.0
1770041937634331361,338757,9.728,46.7,10.44,-117.0,1.48,1.11,9.88,-1.5,-5.25,0.59,-0.55,-0.06,11913.42,70.0,65.74,64.26,230.0,220.0
1770041937749035227,338872,10.244,52.8,10.3,-71.2,1.37,1.25,9.81,-1.5,-5.38,0.25,-0.52,0.03,11913.42,70.0,67.51,62.43,230.0,220.0
1770041937863707057,338988,8.66,73.5,9.58,-79.2,1.62,1.68,9.75,-1.44,-5.5,0.07,0.39,-0.26,11915.65,70.0,65.17,61.51,230.0,222.0
1770041937982469639,339104,9.932,75.0,9.624,-122.2,1.58,0.92,9.81,-1.37,-5.56,0.14,0.4,-0.47,11922.85,70.0,65.1,59.44,230.0,222.0
1770041938097154625,339221,10.14,109.7,9.86,-124.2,1.54,1.48,10.0,-1.31,-5.56,-0.78,0.48,0.02,11922.34,70.0,63.7,58.58,230.0,222.0
1770041938215902662,339336,9.616,94.5,10.0,-89.2,2.29,1.25,10.06,-1.19,-5.5,-0.42,0.29,-0.03,11918.22,70.0,63.15,59.52,230.0,222.0
1770041938338753082,339457,10.036,99.2,9.856,-84.2,2.09,1.39,10.13,-1.0,-5.44,0.09,-0.27,-0.1,11916.33,70.0,64.19,62.12,230.0,222.0
1770041938453476180,339577,9.952,101.1,10.48,-71.3,1.43,0.98,10.13,-0.75,-5.5,0.03,-0.02,-0.56,11911.02,70.0,67.93,65.81,230.0,222.0
1770041938568148020,339694,9.44,86.5,10.136,-78.5,1.37,1.13,10.0,-0.44,-5.63,1.05,0.0,-1.5,11912.39,70.0,66.63,64.43,230.0,222.0
1770041938686927317,339809,10.188,84.6,9.672,-62.9,1.95,1.13,9.81,0.0,-5.81,1.22,-0.2,0.3,11910.33,70.0,65.65,62.8,230.0,222.0
1770041938801609860,339926,10.436,85.0,9.288,-111.7,1.56,0.9,9.69,0.12,-5.81,-0.87,-0.65,1.22,11916.16,70.0,65.17,63.7,230.0,222.0
1770041938920404230,340040,10.264,63.0,10.052,-96.8,1.76,1.27,9.5,0.06,-6.13,-0.18,0.11,-0.2,11916.85,70.0,65.33,61.7,230.0,222.0
1770041939039182269,340160,9.612,101.6,9.936,-97.1,1.74,1.23,9.56,0.12,-6.25,0.49,-0.04,-0.57,11922.85,70.0,61.75,59.64,230.0,222.0
1770041939137443685,340277,9.568,114.5,10.332,-99.8,1.86,1.6,9.5,0.31,-6.31,-0.23,0.03,0.53,199.8,70.0,59.88,58.01,230.0,222.0
1770041939252202774,340377,9.616,90.8,10.372,-123.5,1.5,1.82,9.63,0.37,-6.31,1.01,-0.43,-0.45,11916.85,70.0,63.4,60.92,232.0,222.0
1770041939354509610,340493,9.864,71.9,10.476,-95.3,1.15,1.19,9.69,0.69,-6.06,-0.24,0.12,0.06,167.56,70.0,63.62,63.62,232.0,222.0
1770041939469233440,340593,9.168,67.3,9.024,-83.5,1.45,1.52,9.56,0.88,-5.81,0.59,-0.48,-0.43,11910.85,70.0,66.09,64.13,232.0,222.0
1770041939571631274,340710,8.864,65.5,10.044,-55.9,1.68,1.62,9.56,1.0,-5.81,-0.22,0.06,-0.74,178.02,70.0,64.07,62.24,232.0,222.0
1770041939669940447,340809,10.472,102.6,9.244,-117.8,1.07,0.86,9.44,1.06,-5.81,0.03,0.05,0.14,168.07,70.0,64.2,63.36,232.0,222.0
1770041939772296652,340910,9.904,83.4,10.44,-115.0,1.41,1.19,9.44,1.06,-5.94,0.69,-0.42,-0.53,173.04,70.0,64.84,62.31,232.0,224.0
1770041939886984317,341010,9.744,69.9,10.056,-115.6,1.15,1.68,9.5,1.06,-6.06,-0.96,0.36,-0.46,11922.34,70.0,62.54,59.58,232.0,224.0
1770041940001654057,341127,9.888,108.2,9.312,-121.0,1.78,1.7,9.69,1.31,-6.44,-0.26,0.29,-0.56,11930.57,70.0,58.58,57.84,232.0,224.0
1770041940126407758,341242,10.264,99.4,10.016,-111.8,2.66,1.25,9.88,1.63,-6.69,-0.09,-0.18,0.56,11924.74,70.0,59.09,59.09,232.0,224.0
1770041940235092791,341357,9.488,108.0,9.972,-110.8,1.21,1.46,10.06,1.75,-6.56,0.16,-0.69,-0.56,11916.16,70.0,63.15,60.98,232.0,224.0
1770041940353854072,341475,8.82,59.9,9.708,-100.2,1.48,1.23,10.19,1.75,-6.5,-0.25,-0.35,0.32,11911.7,70.0,65.1,63.68,232.0,224.0
1770041940468581264,341592,10.5,69.2,9.752,-86.4,1.23,1.15,10.31,1.69,-6.38,0.96,-0.48,0.74,11909.99,70.0,66.78,63.88,232.0,224.0
1770041940566889780,341706,10.464,65.6,9.168,-54.8,1.31,0.59,10.31,1.69,-6.38,-0.31,0.03,-0.23,165.5,70.0,67.73,64.07,232.0,224.0
1770041940685652653,341806,9.348,53.1,9.848,-112.7,1.25,1.05,10.38,1.69,-6.38,0.77,-0.98,-0.27,11917.71,70.0,65.98,63.52,232.0,224.0
1770041940804422674,341924,10.44,98.7,10.312,-89.9,1.11,1.02,10.81,-0.88,-6.63,-1.53,-0.1,1.4,11919.42,70.0,66.06,59.52,232.0,224.0
1770041940919110794,342043,9.952,68.3,10.024,-82.3,2.09,1.52,11.13,-1.0,-6.69,-0.47,0.78,-0.3,11926.97,70.0,62.08,59.23,232.0,224.0
1770041941070654474,342159,9.984,101.8,10.352,-141.1,1.74,1.48,11.13,-1.06,-6.56,-0.29,-0.2,-0.04,11927.65,70.0,61.17,57.58,234.0,224.0
1770041941193545888,342310,10.396,113.3,10.324,-92.3,2.07,1.54,11.31,-1.31,-6.44,0.72,0.33,0.08,11923.37,70.0,63.15,57.06,234.0,224.0
1770041941312259384,342432,9.064,89.0,10.34,-69.5,1.72,1.17,11.63,-1.37,-6.38,0.61,0.05,0.29,11917.54,70.0,64.72,62.63,234.0,224.0
1770041941426945995,342552,10.04,75.9,10.096,-102.5,1.04,1.72,11.75,-1.63,-6.25,-0.47,0.13,0.13,11911.36,70.0,66.36,62.8,234.0,224.0
1770041941545751822,342667,9.672,68.3,10.46,-56.4,1.23,1.62,11.75,-1.69,-6.25,0.5,-0.15,0.1,11913.76,70.0,66.06,62.43,234.0,224.0
1770041941660482340,342782,9.68,78.8,10.136,-71.1,1.56,1.23,11.81,-1.75,-6.25,1.72,-0.01,0.0,11917.36,70.0,64.05,62.61,234.0,226.0
1770041941779212483,342899,9.08,119.5,10.476,-97.4,0.92,1.07,11.81,-2.06,-6.5,-0.22,0.01,0.01,11920.28,70.0,65.0,61.31,234.0,226.0
1770041941893867170,343017,10.4,74.1,10.408,-94.6,1.33,1.72,12.0,-2.31,-6.63,-0.11,0.02,-1.16,11920.96,70.0,63.15,58.94,234.0,226.0
1770041942012667849,343134,9.732,107.3,10.384,-75.5,1.86,1.21,11.94,-2.31,-6.69,-0.06,0.27,-0.19,11921.82,70.0,64.61,58.8,234.0,226.0
1770041942127356711,343249,8.548,110.7,10.38,-91.9,1.23,1.68,12.19,-2.38,-6.44,0.07,0.2,-0.14,11917.02,70.0,64.61,60.25,234.0,226.0
1770041942246123976,343364,10.46,76.8,10.468,-100.5,1.19,0.76,12.56,-2.31,-6.19,-0.3,-0.32,0.12,11912.56,70.0,65.74,65.0,234.0,226.0
1770041942360772894,343482,10.492,79.5,10.444,-64.5,1.68,1.86,12.56,-2.13,-6.06,-1.5,-0.05,0.49,11904.67,70.0,68.64,67.93,234.0,226.0
1770041942471383983,343599,9.556,68.8,10.484,-66.5,1.5,0.98,12.31,-2.0,-6.06,0.8,-0.04,0.22,11896.78,70.0,71.76,72.49,234.0,226.0
1770041942586073104,343710,9.396,89.6,9.424,-94.9,1.25,1.35,12.06,-2.0,-6.0,-0.17,0.41,-0.03,11899.87,70.0,66.91,74.43,234.0,226.0
1770041942704815036,343825,9.464,103.6,10.4,-68.7,1.66,1.41,11.75,-1.88,-6.13,0.51,0.27,-0.18,11906.56,70.0,65.33,71.14,234.0,226.0
1770041942823631002,343945,9.4,119.8,9.852,-109.5,1.0,1.48,11.5,-1.94,-6.06,-0.63,0.48,-0.14,11912.9,70.0,64.56,66.66,236.0,226.0
1770041942938304902,344061,9.704,109.4,10.428,-70.7,1.88,1.84,11.38,-1.94,-5.88,0.07,-0.01,-0.85,11909.99,70.0,65.49,63.33,236.0,226.0
1770041943057084243,344177,8.872,0.0,9.88,-96.6,0.96,1.56,11.31,-2.0,-5.5,-0.11,0.16,-0.23,11908.79,70.0,66.63,65.17,236.0,226.0
1770041943171777818,344294,10.452,75.7,10.384,-54.0,1.02,1.33,11.56,-1.94,-5.31,0.02,0.27,-0.16,11910.16,70.0,67.51,66.06,236.0,226.0
1770041943290502112,344410,9.364,63.5,10.124,-53.6,1.31,1.54,11.5,-1.94,-5.13,-0.31,-0.57,-0.69,11907.42,70.0,69.56,65.17,236.0,226.0
1770041943405160318,344527,10.188,74.2,10.044,-100.4,0.78,1.07,11.63,-2.0,-5.06,0.59,-0.25,0.29,11910.67,70.0,67.5,64.02,236.0,226.0
1770041943519860226,344644,8.664,81.3,9.132,-94.3,1.31,1.02,11.63,-2.19,-5.0,1.36,-0.41,-0.05,11914.96,70.0,67.95,62.78,236.0,228.0
1770041943638710091,344760,10.164,99.0,10.0,-65.3,1.84,1.37,11.88,-3.5,-5.44,-1.16,0.35,0.08,11920.79,70.0,65.17,58.58,236.0,228.0
1770041943757460921,344875,9.34,111.4,10.188,-75.0,1.86,2.13,11.88,-3.5,-5.38,0.06,-0.07,-0.36,11922.16,70.0,64.61,58.07,236.0,228.0
1770041943872141682,344993,8.84,101.8,9.256,-73.1,1.62,1.97,11.94,-3.5,-5.31,0.5,-0.07,0.13,11923.19,70.0,65.81,59.44,236.0,228.0
1770041943986819646,345110,8.768,121.7,9.016,-73.7,1.05,2.09,12.06,-3.63,-5.06,-0.19,0.03,-0.33,11916.33,70.0,65.9,60.04,236.0,228.0
1770041944105583151,345223,10.22,95.1,10.088,-55.9,1.76,1.15,12.38,-3.56,-4.88,0.25,0.32,0.26,11909.47,70.0,65.9,62.97,236.0,228.0
1770041944228456449,345345,9.18,44.2,10.464,-73.7,0.92,1.45,12.44,-3.38,-4.88,-0.33,-0.27,-0.06,11913.25,70.0,67.64,64.19,236.0,228.0
1770041944343112516,345464,10.008,71.2,9.428,-104.1,0.82,1.72,12.44,-3.31,-5.0,-0.07,0.03,-0.07,11918.05,70.0,64.39,62.27,236.0,228.0
1770041944457810471,345581,9.796,90.7,10.472,-68.8,1.6,1.13,12.5,-3.31,-5.13,0.04,-0.04,-0.37,11922.34,70.0,63.88,60.25,236.0,228.0
1770041944576604643,345697,10.156,89.9,9.792,-97.7,1.56,1.43,12.69,-3.38,-5.56,0.54,0.36,0.05,11921.31,70.0,64.05,59.02,236.0,228.0
1770041944695379742,345814,10.444,101.5,10.228,-111.6,1.31,1.41,12.69,-3.5,-5.75,0.26,0.22,0.11,11922.16,70.0,64.61,58.07,238.0,228.0
1770041944810063345,345932,9.764,115.0,10.42,-65.9,1.95,1.25,12.75,-3.63,-5.63,0.21,0.15,-0.22,11918.22,70.0,66.21,59.73,238.0,228.0
1770041944918413943,346047,10.296,91.1,10.084,-101.4,0.96,1.64,12.88,-3.75,-5.5,-0.2,0.05,0.04,173.22,70.0,65.9,56.75,238.0,228.0
1770041945027128217,346147,9.508,84.6,9.36,-84.5,1.41,1.09,13.13,-3.81,-5.31,1.24,-0.07,0.34,11916.16,70.0,63.78,60.79,238.0,228.0
1770041945145910381,346262,8.628,70.8,10.108,-42.2,1.41,0.76,13.19,-3.75,-5.31,-0.57,-0.21,-0.09,11911.7,70.0,66.36,61.37,238.0,228.0
1770041945260576920,346384,10.492,73.5,10.292,-90.9,0.74,1.04,13.31,-3.63,-5.38,1.35,1.09,-1.05,11915.31,70.0,65.1,60.85,238.0,228.0
1770041945379353973,346499,8.836,72.6,9.82,-83.9,1.31,0.96,13.31,-3.69,-5.38,-0.21,-0.38,0.16,11913.42,70.0,66.06,60.25,238.0,228.0
1770041945494053549,346614,10.276,82.5,10.132,-59.6,1.68,1.21,13.38,-3.63,-5.38,-0.42,-0.16,0.14,11918.39,70.0,62.61,60.45,238.0,230.0
1770041945612836157,346732,10.452,78.9,9.752,-72.5,1.56,1.52,13.31,-3.63,-5.5,-0.07,0.02,0.27,11911.19,70.0,63.88,61.7,238.0,230.0
1770041945731603691,346848,8.876,101.0,10.348,-58.6,1.56,1.46,13.31,-3.69,-5.5,0.82,0.32,0.17,11912.9,70.0,64.22,60.66,238.0,230.0
1770041945850366652,346968,8.852,106.9,10.18,-87.8,0.55,1.84,13.25,-3.75,-5.19,0.8,0.0,-0.58,11905.7,70.0,66.11,64.02,238.0,230.0
1770041945960977158,347085,9.44,88.0,10.272,-75.3,1.13,1.64,13.31,-3.81,-5.0,-0.01,0.44,0.58,11903.13,70.0,66.32,68.56,238.0,230.0
1770041946085683494,347198,8.8,73.2,10.488,-83.0,0.76,0.9,13.13,-3.63,-4.88,-0.14,-0.18,0.15,11887.01,70.0,65.17,70.29,238.0,230.0
1770041946198538946,347315,9.624,91.9,10.476,-89.2,0.78,1.04,12.94,-3.44,-4.75,0.04,-0.16,0.59,11898.67,70.0,65.33,70.41,238.0,230.0
1770041946309038334,347433,8.86,79.6,10.484,-68.7,0.76,0.68,12.56,-3.44,-4.81,-0.22,0.1,-0.35,11904.5,70.0,64.22,69.93,238.0,230.0
1770041946423752177,347547,9.968,94.7,9.736,-51.6,1.66,1.02,12.44,-3.38,-4.94,0.33,-0.12,0.17,11911.19,70.0,63.52,67.95,238.0,230.0
1770041946538445651,347662,9.512,80.8,10.492,-56.3,1.91,1.76,12.25,-3.56,-5.06,1.07,0.46,0.63,11912.9,70.0,62.78,64.26,240.0,230.0
1770041946657247565,347776,9.948,109.8,9.816,-56.1,1.07,1.64,12.19,-3.81,-5.0,-0.02,0.27,-0.28,11906.56,70.0,65.49,62.61,240.0,230.0
1770041946781961738,347894,9.44,90.4,9.832,-83.2,0.74,1.89,12.13,-4.06,-4.75,-0.52,-0.17,0.29,11907.59,70.0,66.21,62.61,240.0,230.0
1770041946890692472,348010,9.744,100.8,9.74,-50.6,1.13,1.25,12.19,-4.13,-4.69,-1.03,-0.86,0.42,11910.67,70.0,63.88,63.88,240.0,230.0
1770041947005328392,348127,9.608,72.3,10.176,-69.4,0.57,1.21,12.13,-4.13,-4.63,-0.48,0.21,-0.33,11904.33,70.0,68.37,64.05,240.0,230.0
1770041947132353695,348243,10.232,95.1,9.552,-72.4,1.02,0.59,11.94,-3.94,-4.63,0.92,0.31,-0.24,11908.45,70.0,65.49,64.05,240.0,230.0
1770041947251110786,348369,8.756,54.5,10.548,-77.5,1.0,1.25,11.88,-4.06,-4.63,-0.6,0.22,0.23,11907.07,70.0,66.3,64.31,240.0,230.0
1770041947365770788,348486,10.108,88.9,9.212,-75.7,1.62,0.78,12.06,-4.31,-4.94,0.49,0.43,0.72,11911.7,70.0,66.63,63.7,240.0,232.0
1770041947480478678,348601,10.5,105.1,10.1,0.0,1.07,1.09,12.19,-5.0,-5.0,-0.05,-0.02,0.02,11915.48,70.0,65.0,59.83,240.0,232.0
1770041947595170717,348716,8.656,85.1,10.032,-61.8,1.7,1.45,12.25,-5.13,-4.75,-0.37,-0.02,-0.57,11915.13,70.0,66.06,58.8,240.0,232.0
1770041947719899547,348830,9.108,125.0,9.736,-53.1,1.54,1.74,12.38,-5.5,-4.5,-0.24,-0.24,-0.22,11916.16,70.0,65.41,60.9,240.0,232.0
1770041947828619902,348948,8.724,99.0,10.444,-116.0,1.35,1.76,12.63,-5.56,-4.38,-0.97,-0.76,0.72,11917.02,70.0,64.39,58.73,240.0,232.0
1770041947943307959,349063,8.86,88.2,10.488,0.0,0.88,1.76,12.69,-5.56,-4.38,0.32,-0.29,0.25,11910.33,70.0,67.36,62.97,240.0,232.0
1770041948057927096,349177,10.372,86.9,9.62,-49.9,1.41,1.02,12.75,-5.38,-4.38,-0.57,-0.55,-0.52,11902.96,70.0,66.36,64.94,240.0,232.0
1770041948176727306,349296,10.176,73.6,10.172,-58.9,1.86,1.19,12.63,-5.5,-4.44,0.54,0.44,0.09,11910.67,70.0,65.74,64.26,240.0,232.0
1770041948291382651,349414,9.956,90.3,10.452,-100.4,1.27,0.72,12.69,-5.38,-4.38,-0.6,-0.18,0.25,11909.99,70.0,64.22,63.51,242.0,232.0
1770041948410226156,349529,8.872,99.6,10.384,-89.5,0.84,1.23,12.63,-5.5,-4.44,0.39,0.09,-0.16,11902.27,70.0,69.34,62.27,242.0,232.0
1770041948524904760,349646,9.572,105.9,9.512,-78.3,1.31,0.94,12.63,-5.69,-4.31,-0.05,-0.27,-0.33,11914.62,70.0,66.48,61.31,242.0,232.0
1770041948643673526,349762,10.444,128.6,10.448,-50.0,1.46,1.15,12.63,-5.81,-4.13,-0.01,-0.31,-0.01,11909.13,70.0,70.29,61.51,242.0,232.0
1770041948758347630,349880,10.24,87.4,9.24,-72.9,0.98,1.58,12.88,-6.0,-3.94,0.47,0.3,0.17,11899.7,70.0,68.64,65.81,242.0,232.0
1770041948877131933,349995,8.776,75.8,10.068,0.0,0.57,1.33,12.88,-5.88,-3.75,0.05,0.54,0.16,11895.75,70.0,70.65,72.79,242.0,232.0
1770041948991807851,350112,9.02,0.0,10.332,-76.8,0.72,1.37,12.69,-5.56,-3.69,-0.28,0.17,-0.04,11894.04,70.0,70.17,73.86,242.0,232.0
1770041949110590033,350228,9.652,72.5,10.44,-81.7,0.92,1.52,12.31,-5.44,-3.88,-1.47,-0.01,-0.78,11895.93,70.0,66.21,74.85,242.0,232.0
1770041949229354901,350348,9.7,111.5,10.372,-73.3,1.82,1.54,12.13,-4.38,-5.56,-0.37,0.63,-0.9,11903.99,70.0,62.81,70.4,242.0,234.0
1770041949331710617,350466,9.936,82.8,10.0,-104.3,0.96,1.58,11.19,-3.5,-4.88,0.55,-0.65,-0.13,192.77,70.0,61.75,69.23,242.0,234.0
1770041949430075185,350565,9.636,101.1,10.208,-70.4,2.42,1.76,11.13,-3.56,-4.88,0.39,-0.83,0.17,177.5,70.0,63.79,65.49,242.0,234.0
1770041949548840053,350665,8.792,93.7,10.052,-67.2,1.09,2.05,11.25,-3.75,-5.19,0.31,0.48,-0.51,11912.05,70.0,64.39,63.9,242.0,234.0
1770041949663510740,350783,9.156,82.7,10.496,-73.0,1.23,1.13,10.81,-3.5,-5.56,1.23,1.02,-1.54,11904.16,70.0,65.81,66.51,242.0,234.0
1770041949765917584,350900,8.984,73.1,9.248,-79.4,0.63,0.86,10.75,-3.06,-5.63,0.77,-0.32,-2.24,197.57,70.0,64.5,66.29,242.0,234.0
1770041949880582826,351000,10.456,87.1,10.496,-85.9,0.57,0.96,10.69,-2.81,-5.69,-0.65,-2.32,1.33,11904.33,70.0,66.27,68.26,242.0,234.0
1770041950003461209,351116,10.068,69.0,10.24,-87.6,0.78,1.13,10.5,-2.81,-5.88,-0.41,0.02,-0.18,11901.58,70.0,66.06,67.51,242.0,234.0
1770041950122235198,351239,9.412,63.5,9.256,-73.3,0.8,1.46,10.63,-2.63,-6.0,0.68,0.04,0.58,11912.22,70.0,62.98,65.72,244.0,234.0
1770041950236895375,351356,8.692,80.1,10.06,-67.2,1.56,1.31,11.25,-2.69,-6.13,-0.92,0.68,-0.06,11910.33,70.0,65.96,63.15,244.0,234.0
1770041950351568699,351473,10.288,121.8,10.18,-64.3,1.43,1.91,11.31,-2.75,-6.13,-0.37,-0.78,0.04,11910.33,70.0,67.07,60.36,244.0,234.0
1770041950466272431,351587,10.072,175.4,10.412,-48.4,1.13,1.89,11.75,-3.13,-6.0,-0.73,1.68,-2.8,11903.64,70.0,67.65,62.61,244.0,234.0
1770041950597335762,351703,10.484,96.1,10.284,-68.9,0.9,1.19,12.0,-3.06,-6.13,-1.22,0.16,-0.65,11896.95,70.0,66.63,71.02,244.0,234.0
1770041950695654653,351832,8.812,77.3,10.404,-73.4,0.61,1.11,12.0,-2.81,-6.13,-0.23,-0.5,0.25,216.09,70.0,67.95,73.86,244.0,234.0
1770041950798037080,351932,8.888,82.1,10.448,-80.2,0.59,0.88,11.44,-2.63,-6.25,0.54,0.63,-1.57,227.24,70.0,69.05,74.1,244.0,234.0
1770041950896319416,352032,9.852,112.4,10.06,-83.6,1.0,1.31,11.25,-2.75,-6.5,-0.23,0.15,0.3,221.75,70.0,65.4,75.21,244.0,234.0
1770041951015107794,352133,10.276,72.8,10.272,-57.4,0.55,1.07,10.75,-2.75,-6.81,-0.1,-0.05,0.0,11898.84,70.0,65.38,74.3,244.0,236.0
1770041951129785368,352251,10.068,111.8,9.764,-82.1,1.15,1.99,9.94,-3.13,-7.56,-0.91,0.44,0.59,11902.44,70.0,65.49,70.53,244.0,236.0
1770041951248548551,352365,8.64,92.8,9.8,-81.6,0.76,1.58,9.44,-3.0,-7.69,1.78,0.13,-1.58,11900.56,70.0,65.17,71.76,244.0,236.0
1770041951363212273,352482,10.108,91.6,10.064,-47.1,1.5,1.29,9.06,-3.0,-7.38,0.16,0.09,-0.84,11897.3,70.0,66.06,71.86,244.0,236.0
1770041951482022288,352598,8.7,73.6,9.172,-85.2,0.7,1.05,8.94,-2.81,-7.13,0.64,0.81,-0.8,11900.04,70.0,66.93,72.69,244.0,236.0
1770041951596657530,352717,9.404,60.0,10.384,-69.6,0.76,0.78,8.25,-2.88,-6.63,-3.28,0.77,2.6,11894.21,70.0,70.76,72.18,244.0,236.0
1770041951711370584,352833,9.648,71.2,10.416,-57.2,1.39,1.31,8.06,-3.5,-4.94,0.47,0.56,-1.32,11900.04,70.0,65.9,69.56,244.0,236.0
1770041951826070639,352947,9.908,80.6,9.992,-72.7,0.8,0.74,7.75,-4.13,-3.13,-0.41,-0.48,0.72,11900.04,70.0,66.48,69.43,244.0,236.0
1770041951944838914,353061,10.06,60.7,9.532,0.0,1.0,1.29,7.63,-4.25,-3.0,-0.34,-1.07,-0.79,11904.67,70.0,64.22,67.08,246.0,236.0
1770041952063681691,353179,9.228,60.7,10.416,-57.6,1.33,1.29,7.31,-4.38,-2.88,0.03,1.76,1.41,11909.82,70.0,66.32,64.83,246.0,236.0
1770041952174220888,353297,10.08,87.1,9.68,-81.9,0.88,1.29,7.31,-4.5,-2.69,0.55,0.32,1.2,11914.45,70.0,65.81,60.85,246.0,236.0
1770041952288813214,353410,9.164,79.9,10.336,-45.2,1.23,0.82,7.25,-4.56,-2.63,1.44,1.55,-1.1,11906.73,70.0,67.07,65.58,246.0,236.0
1770041952407685532,353525,8.94,79.5,9.284,-61.8,0.92,0.53,7.56,-4.19,-2.44,0.92,-0.52,0.36,11905.36,70.0,68.23,66.78,246.0,236.0
1770041952526443150,353642,9.616,84.3,9.616,-34.4,1.0,0.76,7.44,-4.19,-2.44,0.03,1.78,-0.53,11899.7,70.0,68.83,65.9,246.0,236.0
1770041952641116769,353760,9.932,91.0,9.688,-65.6,0.64,0.88,7.19,-4.25,-2.38,-0.18,-0.1,0.09,11902.96,70.0,66.66,65.96,246.0,238.0
1770041952768082678,353876,10.456,75.0,10.328,-52.6,1.45,1.41,7.19,-4.56,-3.0,-0.68,0.55,-0.49,11910.33,70.0,65.81,63.68,246.0,238.0
1770041952882780778,354002,10.44,102.0,10.088,-107.1,1.09,1.04,7.19,-4.69,-3.0,-0.55,-0.65,0.85,11913.42,70.0,65.04,60.93,246.0,238.0
1770041953005647152,354118,9.444,89.8,10.42,-59.7,1.48,1.84,7.31,-4.75,-2.88,0.5,-0.52,0.24,11910.16,70.0,67.79,59.23,246.0,238.0
1770041953116215079,354239,9.06,107.4,9.452,-52.1,1.29,1.19,7.38,-4.94,-2.56,-1.35,0.09,0.81,11907.07,70.0,67.65,61.89,246.0,238.0
1770041953230897225,354352,10.052,88.0,10.44,-82.9,0.41,1.19,7.63,-4.81,-2.25,-0.31,0.24,0.4,11903.99,70.0,70.91,62.05,246.0,238.0
1770041953355577391,354466,9.844,65.8,10.164,-58.5,1.29,1.39,7.69,-4.69,-2.0,2.2,0.95,-1.28,11907.25,70.0,68.69,62.05,246.0,238.0
1770041953468466124,354582,9.808,71.2,10.36,-61.6,0.53,0.76,7.88,-4.81,-2.0,0.72,0.02,0.21,11906.22,70.0,68.37,62.61,246.0,238.0
1770041953583137066,354701,9.056,69.3,9.356,-80.2,0.88,1.02,7.81,-4.75,-1.88,0.52,-0.18,-0.63,11906.22,70.0,69.81,63.33,246.0,238.0
1770041953697768232,354816,8.956,96.0,10.316,-60.2,1.58,0.8,7.88,-4.75,-1.88,0.56,0.18,0.33,11913.08,70.0,67.93,61.56,248.0,238.0
1770041953816594523,354933,10.04,103.1,10.464,-57.7,1.39,1.72,8.19,-4.94,-1.94,-0.24,0.87,-0.29,11918.74,70.0,67.22,58.35,248.0,238.0
1770041953931267577,355049,9.012,109.4,0.0,0.0,1.05,1.88,8.25,-4.94,-1.81,-0.7,0.56,-0.13,11916.68,70.0,66.06,55.89,248.0,238.0
1770041954050046761,355165,8.916,122.3,8.988,-75.7,1.29,1.48,8.25,-5.06,-1.56,0.25,-0.24,-0.41,11915.31,70.0,66.78,56.62,248.0,238.0
1770041954164749860,355283,8.972,94.9,9.892,-69.4,0.72,1.25,8.88,-5.19,-1.31,0.0,-0.29,0.54,11917.36,70.0,67.22,58.73,248.0,238.0
1770041954275271369,355398,9.224,73.0,9.948,-64.2,0.51,1.48,9.19,-5.25,-1.19,0.32,1.11,0.09,11917.36,70.0,68.56,61.1,248.0,238.0
1770041954389961727,355511,9.132,64.4,9.252,-60.1,0.59,1.21,9.31,-5.0,-0.94,2.03,-0.02,-0.15,11917.88,70.0,67.81,60.36,248.0,238.0
1770041954508768860,355624,9.288,77.3,9.26,-65.5,1.09,0.78,9.44,-5.06,-0.88,0.35,-0.66,0.54,11912.22,70.0,66.93,60.45,248.0,238.0
1770041954633511737,355742,9.42,77.0,10.332,-46.7,1.11,0.7,9.56,-5.0,-0.94,-0.63,-0.38,0.3,11917.19,70.0,64.77,62.61,248.0,240.0
1770041954748219669,355859,8.924,86.1,9.904,-68.6,0.8,1.25,9.81,-5.25,-1.31,-0.06,1.13,-0.56,11916.85,70.0,65.17,60.04,248.0,240.0
1770041954856905377,355974,9.276,67.5,9.316,0.0,0.88,1.41,9.81,-5.25,-1.0,-0.65,0.27,-0.53,11917.88,70.0,68.23,59.52,248.0,240.0
1770041954975689344,356089,10.452,125.2,9.912,-46.5,1.05,1.04,9.75,-5.5,-0.88,-0.13,-0.66,0.39,11914.62,70.0,68.83,60.77,248.0,240.0
1770041955090371097,356208,8.588,111.6,10.424,-57.9,0.78,1.56,9.94,-5.69,-0.81,0.2,1.52,-1.19,11912.22,70.0,67.08,62.8,248.0,240.0
1770041955205050111,356323,10.292,102.6,10.468,-32.6,0.78,1.21,9.88,-5.69,-0.75,-0.33,0.54,0.35,11905.19,70.0,68.1,68.1,248.0,240.0
1770041955329728832,356439,10.508,76.2,9.36,-67.9,0.76,1.23,10.0,-5.44,-0.69,0.18,0.61,-0.26,11905.87,70.0,66.21,70.53,248.0,240.0
1770041955442575397,356555,10.484,66.7,10.484,-59.6,1.35,1.27,9.69,-5.5,-0.81,-1.11,0.32,-0.23,11907.76,70.0,67.51,68.96,250.0,240.0
1770041955557282262,356674,8.936,77.0,10.196,-130.0,1.5,1.62,9.63,-5.44,-0.88,0.74,-0.8,0.38,11914.28,70.0,63.68,66.51,250.0,240.0
1770041955680161810,356790,9.44,116.3,10.468,-76.3,0.96,1.09,9.69,-5.69,-1.19,-0.19,0.04,-0.27,11905.53,70.0,67.51,64.61,250.0,240.0
1770041955794825010,356915,10.008,88.6,10.376,-44.8,1.15,2.05,9.88,-5.88,-1.0,-0.58,-0.01,0.56,11908.1,70.0,67.77,62.98,250.0,240.0
1770041955919565303,357029,10.436,132.1,9.848,-36.6,1.54,1.76,9.94,-6.13,-1.19,0.8,-0.13,-0.58,11909.65,70.0,68.83,61.51,250.0,240.0
1770041956032384871,357145,10.4,101.0,9.928,-31.7,1.23,1.7,10.06,-6.38,-2.13,-0.15,0.81,-1.58,11907.07,70.0,68.37,64.05,250.0,240.0
1770041956147042394,357265,10.42,70.3,10.324,-64.0,0.21,1.54,10.5,-6.25,-2.0,-0.65,-0.37,0.23,11905.02,70.0,69.34,64.39,250.0,240.0
1770041956261700231,357379,10.1,83.4,10.404,-40.7,0.82,1.54,10.56,-6.13,-2.13,0.35,-1.28,1.43,11909.47,70.0,69.43,65.0,250.0,240.0
1770041956372283199,357492,10.252,65.0,10.176,-47.5,0.98,0.86,10.63,-5.75,-1.06,-0.44,-1.5,-0.63,11910.5,70.0,65.58,66.32,250.0,240.0
1770041956474737056,357607,10.164,96.0,32.512,0.0,0.84,0.9,10.63,-5.88,-1.12,-1.06,0.21,-0.34,180.25,70.0,61.75,63.62,250.0,242.0
1770041956589413856,357707,9.388,83.0,9.944,-45.8,0.41,1.39,10.75,-5.88,-1.12,-0.06,0.98,-0.55,11915.31,70.0,67.36,62.91,250.0,242.0
1770041956704090990,357822,9.636,109.5,10.032,-38.6,0.9,1.66,10.81,-6.06,-0.94,-0.64,-0.63,0.86,11917.02,70.0,67.51,60.98,250.0,242.0
1770041956818770679,357937,8.796,144.1,10.444,-84.7,0.59,1.54,10.88,-6.25,-0.75,-0.35,0.28,0.23,11919.94,70.0,64.43,59.31,250.0,242.0
1770041956941638069,358052,9.232,115.1,10.48,-68.3,1.29,1.64,10.81,-6.44,-0.44,-1.57,-0.71,-0.28,11912.56,70.0,66.93,64.05,250.0,242.0
1770041957056329945,358173,8.96,89.4,9.856,-38.3,1.33,1.05,10.94,-6.31,-0.56,-0.37,0.47,-0.22,11906.22,70.0,68.37,67.65,250.0,242.0
1770041957170998920,358288,8.928,82.2,9.788,-83.2,0.98,1.21,11.13,-5.94,-0.44,0.95,0.23,-0.14,11909.3,70.0,66.21,66.21,252.0,242.0
1770041957285631284,358404,9.588,87.0,9.996,-78.8,1.64,1.43,10.81,-5.06,-0.75,0.2,-0.39,0.29,11915.31,70.0,62.43,66.78,252.0,242.0
1770041957408526830,358519,9.92,76.1,10.312,-113.3,2.15,1.37,10.69,-4.63,-1.12,-1.12,-0.03,2.65,11914.28,70.0,62.24,65.9,252.0,242.0
1770041957523213545,358639,9.296,103.9,10.108,-46.1,1.43,0.94,10.69,-4.56,-1.25,-0.2,0.58,-0.58,11913.42,70.0,64.72,62.63,252.0,242.0
1770041957637886261,358756,9.276,107.1,10.268,-54.8,1.17,1.78,10.63,-4.75,-1.19,0.83,-0.77,0.47,11914.62,70.0,67.51,60.98,252.0,242.0
1770041957756691752,358873,8.984,104.7,9.888,-77.6,0.9,1.91,10.5,-4.94,-1.19,-1.06,-0.2,0.02,11917.19,70.0,65.49,59.73,252.0,242.0
1770041957875469392,358988,8.676,111.6,10.32,-72.1,1.35,1.97,10.63,-5.06,-1.19,0.28,-0.29,0.98,11912.22,70.0,67.95,61.31,252.0,242.0
1770041957990154125,359107,10.472,92.8,10.184,-41.4,1.19,1.13,10.94,-4.81,-1.19,0.44,0.1,-0.25,11912.22,70.0,65.65,64.94,252.0,242.0
1770041958088453239,359222,8.768,103.2,9.616,-102.2,0.7,0.98,11.06,-4.56,-1.31,-0.44,0.74,0.62,187.96,70.0,62.71,62.71,252.0,242.0
1770041958207192054,359322,9.804,93.9,10.496,-88.4,1.02,0.98,11.13,-4.5,-1.44,-0.7,0.29,0.03,11912.9,70.0,65.88,64.39,252.0,242.0
1770041958321873925,359439,9.844,82.6,9.356,-85.2,1.97,1.48,11.44,-4.44,-1.5,0.95,-0.51,-0.24,11911.53,70.0,65.9,63.7,252.0,244.0
1770041958440684109,359554,9.46,60.9,10.392,-41.0,1.56,0.8,11.81,-4.5,-1.56,0.85,-0.31,0.09,11911.19,70.0,65.49,61.89,252.0,244.0
1770041958559464424,359672,8.84,106.3,10.512,-46.3,0.98,1.02,11.69,-4.69,-1.56,0.28,-0.33,-0.24,11908.27,70.0,66.21,61.89,252.0,244.0
1770041958674068482,359792,10.484,109.9,10.084,-59.4,1.33,1.13,11.75,-4.88,-1.5,-0.95,0.0,-0.91,11910.5,70.0,65.42,61.94,252.0,244.0
1770041958792907888,359908,10.344,74.4,10.16,-49.1,1.25,1.95,11.63,-5.13,-1.44,0.41,-0.06,-0.01,11909.3,70.0,65.49,61.89,252.0,244.0
1770041958911702295,360026,9.72,80.3,10.472,-45.4,1.54,1.31,11.56,-5.06,-1.63,-0.39,-1.31,0.88,11907.76,70.0,65.17,65.17,252.0,244.0
1770041959026367556,360143,9.892,62.1,10.12,-94.3,1.04,1.09,11.56,-4.81,-1.56,0.41,-1.22,0.45,11908.45,70.0,64.77,65.49,254.0,244.0
1770041959141064120,360258,9.904,78.4,9.552,-90.6,1.09,1.04,11.38,-4.75,-1.81,0.15,-0.28,1.08,11910.85,70.0,63.7,65.9,254.0,244.0
1770041959259816017,360373,8.916,73.0,10.476,-55.1,1.25,0.94,11.13,-4.75,-1.75,0.69,-0.38,0.59,11895.93,70.0,65.49,65.49,254.0,244.0
1770041959374487247,360489,9.108,83.0,10.188,-43.4,1.56,1.05,11.13,-4.75,-1.81,-0.71,-0.08,-0.2,11906.04,70.0,65.33,63.88,254.0,244.0
1770041959493289792,360608,8.708,93.5,10.416,-58.8,0.94,1.35,11.06,-5.0,-1.81,-2.31,0.1,0.13,11910.67,70.0,67.79,62.08,254.0,244.0
1770041959607967263,360724,9.508,108.2,9.74,-50.7,1.62,0.86,11.13,-5.06,-1.56,2.63,1.6,-1.09,11913.59,70.0,64.61,62.43,254.0,244.0
1770041959716332350,360840,9.196,85.9,9.216,-33.1,1.23,1.13,11.13,-5.19,-1.31,-0.09,-0.95,-0.28,180.76,70.0,64.5,62.71,254.0,244.0
1770041959829147057,360940,8.888,63.3,10.204,-62.4,0.63,0.9,11.19,-5.25,-1.69,-0.93,2.34,1.11,11905.87,70.0,67.86,63.9,254.0,244.0
1770041959943821103,361060,8.884,80.8,10.468,-62.9,0.72,0.8,11.25,-4.94,-1.69,-1.14,-1.11,0.16,11906.22,70.0,64.22,67.08,254.0,244.0
1770041960058504707,361175,9.404,43.0,10.036,-88.7,1.13,1.09,11.06,-4.13,-2.0,0.75,0.57,-0.83,11910.5,70.0,62.97,67.36,254.0,244.0
1770041960173160260,361289,10.032,51.6,10.008,-60.7,0.7,0.9,11.06,-3.94,-2.13,-0.84,0.49,-0.07,11908.79,70.0,64.05,66.93,254.0,246.0
1770041960291914683,361407,9.964,84.5,9.808,-68.7,1.27,0.68,11.0,-3.94,-2.19,1.29,0.4,0.24,11909.82,70.0,65.17,64.43,254.0,246.0
1770041960410705939,361525,10.276,94.0,9.744,-73.1,1.15,1.7,10.44,-3.94,-2.38,-0.59,0.3,-0.38,11912.05,70.0,63.86,61.75,254.0,246.0
1770041960525423565,361641,9.304,85.7,9.536,-67.6,1.02,1.04,10.38,-4.06,-2.19,-1.88,-0.57,-0.16,11913.76,70.0,65.33,61.7,254.0,246.0
1770041960640106414,361757,10.428,83.3,10.464,-62.7,1.15,1.58,10.5,-4.13,-2.25,-0.65,0.47,0.28,11909.65,70.0,66.48,62.05,254.0,246.0
1770041960754791077,361872,10.164,77.6,10.5,-74.4,0.8,1.39,10.69,-3.88,-2.0,-1.03,-0.53,0.09,11907.76,70.0,64.61,64.61,254.0,246.0
1770041960877700444,361988,10.02,68.8,9.844,-51.3,1.6,1.41,10.69,-3.63,-2.13,1.37,-0.56,-0.06,11908.96,70.0,64.77,65.49,256.0,246.0
1770041960992337997,362107,9.7,47.0,9.408,-49.9,0.72,0.7,10.56,-3.44,-2.31,-1.42,0.65,-0.78,11909.13,70.0,64.77,67.65,256.0,246.0
1770041961107011112,362222,10.5,69.0,10.212,-87.9,0.76,1.21,10.44,-3.31,-2.5,-0.01,0.59,0.27,11907.07,70.0,63.88,66.06,256.0,246.0
1770041961225788246,362338,10.08,79.7,10.528,-44.6,1.19,0.9,10.44,-3.31,-2.31,0.19,-0.16,-0.88,11909.3,70.0,65.65,64.22,256.0,246.0
1770041961340417345,362456,8.976,81.6,10.14,-69.2,0.66,1.66,10.31,-3.56,-2.19,0.94,-0.24,-0.82,11912.73,70.0,65.9,61.51,256.0,246.0
1770041961463344737,362573,9.432,57.7,10.284,-69.1,0.76,1.41,10.13,-3.63,-2.25,-1.02,-0.1,-0.12,11912.73,70.0,66.21,62.61,256.0,246.0
1770041961577989224,362695,9.052,78.8,10.228,-42.9,1.5,1.64,9.94,-3.63,-2.06,0.67,-0.77,0.54,11905.53,70.0,66.41,62.3,256.0,246.0
1770041961702750696,362811,9.932,77.2,10.356,-49.8,1.56,1.21,10.25,-3.44,-1.94,-0.32,0.2,0.71,11906.39,70.0,63.15,65.33,256.0,246.0
1770041961811479250,362926,9.64,73.2,10.268,-99.1,1.45,1.23,10.06,-3.19,-1.88,-1.56,0.08,0.52,11908.27,70.0,62.97,65.17,256.0,246.0
1770041961930264440,363043,8.772,93.6,10.508,-114.9,1.33,0.51,9.94,-2.75,-1.81,-1.46,0.39,-0.37,11908.27,70.0,62.98,66.51,256.0,246.0
1770041962028548666,363161,10.288,64.1,10.44,-64.2,0.98,1.5,9.75,-2.56,-1.69,-0.05,0.19,0.01,163.27,70.0,60.41,62.24,256.0,246.0
1770041962147325567,363261,9.788,54.7,10.42,-72.7,1.31,1.33,9.81,-2.56,-1.56,0.35,-0.1,0.08,11911.87,70.0,63.52,63.03,256.0,248.0
1770041962261970431,363376,10.448,101.1,9.488,-59.5,1.35,1.27,9.81,-2.75,-1.37,-0.28,0.57,0.28,11915.31,70.0,65.0,59.09,256.0,248.0
1770041962376689145,363494,8.936,69.8,9.52,-56.0,0.9,1.88,9.88,-2.81,-1.19,0.09,2.33,1.15,11912.22,70.0,63.51,59.94,256.0,248.0
1770041962495474972,363609,10.1,94.6,9.932,-74.4,0.59,1.48,9.94,-3.0,-1.12,-0.67,0.21,-0.41,11912.56,70.0,65.49,59.73,256.0,248.0
1770041962610155261,363725,10.484,72.9,10.448,-95.5,0.86,0.84,10.13,-2.81,-1.06,0.71,-0.48,-0.21,11910.67,70.0,64.43,63.7,256.0,248.0
1770041962728926273,363842,9.832,55.1,9.316,-82.2,1.37,1.09,10.13,-2.56,-1.25,0.84,0.07,-0.17,11908.27,70.0,64.05,64.05,258.0,248.0
1770041962847701878,363959,10.44,44.6,10.476,-96.3,0.82,0.96,10.06,-2.31,-1.37,-0.26,-0.27,0.0,11916.68,70.0,60.25,63.88,258.0,248.0
1770041962950100555,364080,9.684,74.7,10.464,-48.3,1.6,0.72,10.06,-2.25,-1.5,-0.15,0.44,-0.33,167.38,70.0,64.0,62.31,258.0,248.0
1770041963064766922,364179,9.42,49.9,10.468,-47.8,1.33,0.84,10.13,-2.38,-1.56,-0.33,-2.22,1.97,11916.68,70.0,64.89,62.41,258.0,248.0
1770041963179466922,364295,9.656,94.0,10.012,-54.1,1.78,0.96,10.0,-3.13,-2.81,-0.81,0.69,-0.25,11925.42,70.0,63.33,58.3,258.0,248.0
1770041963298191869,364411,8.908,75.5,10.384,-95.2,0.78,1.43,10.0,-3.38,-2.69,0.66,0.56,-0.2,11923.88,70.0,62.24,56.38,258.0,248.0
1770041963412892016,364530,10.484,84.3,9.208,-78.6,1.04,1.35,10.0,-3.56,-2.75,0.12,1.11,-0.42,11923.71,70.0,64.22,54.95,258.0,248.0
1770041963527558665,364645,8.92,93.5,9.128,-83.4,1.17,1.6,10.5,-3.56,-2.69,-0.46,-1.65,-0.4,11924.39,70.0,62.97,54.92,258.0,248.0
1770041963646369832,364760,10.44,102.5,10.216,-49.2,1.64,1.05,10.94,-3.44,-2.56,-0.41,0.22,-0.03,11918.91,70.0,62.08,57.8,258.0,248.0
1770041963765154591,364877,8.872,71.2,10.016,-54.5,1.19,0.94,11.06,-3.19,-2.63,0.63,-0.2,-0.14,11921.31,70.0,62.97,58.58,258.0,248.0
1770041963883928833,364996,9.964,66.8,9.428,-93.4,1.02,1.27,11.13,-2.94,-2.69,-0.88,-0.37,1.04,11919.94,70.0,61.05,60.35,258.0,248.0
1770041963998608074,365113,9.036,79.2,10.484,-49.9,1.45,0.59,11.06,-2.88,-2.69,-0.25,0.21,-0.05,11916.85,70.0,62.61,60.45,258.0,250.0
1770041964113284155,365230,8.808,66.7,10.224,-61.5,0.96,1.09,11.0,-3.0,-2.5,0.93,-0.48,0.09,11917.36,70.0,61.89,58.3,258.0,250.0
1770041964232093995,365343,9.66,74.6,9.648,-43.2,1.46,1.31,10.94,-3.19,-2.44,1.66,-0.09,-0.57,11923.54,70.0,64.08,57.38,258.0,250.0
1770041964346712356,365462,9.608,104.5,10.484,-54.9,0.55,1.66,10.88,-3.38,-2.19,1.14,-0.07,-1.97,11917.88,70.0,64.94,55.66,258.0,250.0
1770041964465517937,365578,10.06,96.9,10.012,-75.6,0.64,1.37,11.13,-3.44,-2.19,-0.34,-0.35,-0.08,11924.05,70.0,64.05,56.14,258.0,250.0
1770041964588387983,365694,10.52,87.7,10.156,-54.3,1.11,1.21,11.44,-3.44,-2.38,-0.7,0.02,-0.68,11921.48,70.0,60.98,58.07,260.0,250.0
1770041964707128177,365817,9.224,75.3,10.524,-68.1,0.74,0.57,11.63,-2.94,-2.31,-0.47,0.63,-0.6,11919.94,70.0,60.81,59.48,260.0,250.0
1770041964821850017,365939,9.016,76.9,9.932,-81.7,1.37,1.41,11.69,-2.63,-2.44,0.35,1.49,-0.97,11921.65,70.0,59.02,59.02,260.0,250.0
1770041964936543190,366052,8.64,48.4,10.112,-108.9,1.05,1.09,11.44,-2.44,-2.38,0.36,-1.03,0.64,11922.68,70.0,59.09,59.09,260.0,250.0
1770041965051207329,366167,9.788,39.4,10.484,-97.1,2.05,0.98,11.31,-2.56,-2.81,-0.27,0.4,-0.27,11921.31,70.0,61.51,57.84,260.0,250.0
1770041965169995621,366281,10.212,47.0,10.508,-72.8,0.9,1.0,11.5,-2.81,-2.75,0.41,-0.4,-0.36,11923.19,70.0,62.43,58.8,260.0,250.0
1770041965288712842,366399,10.484,80.9,10.428,-100.6,1.45,1.17,11.56,-3.0,-2.63,1.4,0.54,0.47,11929.71,70.0,61.51,54.18,260.0,250.0
1770041965403419151,366517,8.768,0.0,10.452,-55.5,0.72,1.48,11.63,-3.13,-2.56,-1.31,-0.36,0.01,11925.6,70.0,63.15,53.33,260.0,250.0
1770041965518127220,366633,10.456,105.6,10.216,-78.9,1.48,1.43,11.81,-3.13,-2.5,-0.34,-0.08,0.25,11928.17,70.0,60.98,52.99,260.0,250.0
1770041965632806771,366749,8.708,152.0,8.988,-84.4,0.96,2.32,12.0,-3.13,-2.88,-1.83,0.28,0.72,11930.23,70.0,61.31,52.44,260.0,250.0
1770041965751585564,366864,8.828,72.4,9.456,-98.3,1.35,0.72,12.56,-2.19,-3.31,-1.33,-0.43,-0.29,11923.71,70.0,60.98,58.07,260.0,250.0
1770041965853996482,366983,10.412,75.3,10.476,-115.4,1.25,0.63,12.75,-1.94,-3.38,0.68,-1.01,0.66,164.81,70.0,56.71,54.99,260.0,250.0
1770041965952287899,367083,10.388,66.2,9.188,-81.3,0.84,0.49,12.69,-1.69,-3.44,-1.21,-0.49,0.96,160.52,70.0,59.79,58.1,260.0,250.0
1770041966054679131,367183,9.984,35.5,9.588,-123.7,2.23,0.63,12.56,-1.63,-3.69,1.13,-1.62,-0.51,176.13,70.0,57.79,57.79,260.0,250.0
1770041966152987146,367284,10.424,54.0,10.44,-64.2,1.33,1.09,12.75,-1.75,-3.88,-0.35,-0.5,-0.86,176.13,70.0,64.0,56.42,260.0,252.0
1770041966271708318,367384,10.512,0.0,10.064,-103.3,1.17,1.02,12.56,-2.44,-4.5,-0.83,0.34,-0.12,11923.02,70.0,63.4,56.47,260.0,252.0
1770041966386440393,367501,9.232,71.1,10.38,-41.8,1.46,1.64,12.75,-2.63,-4.5,-0.71,-0.41,-0.68,11928.68,70.0,62.24,53.45,260.0,252.0
1770041966501099877,367616,8.756,65.9,10.164,-82.9,1.11,1.09,12.81,-2.69,-4.44,-0.44,-0.63,0.25,11934.34,70.0,61.51,54.92,262.0,252.0
1770041966619882621,367730,10.496,75.7,9.912,-89.3,1.21,1.02,12.94,-2.81,-4.38,-0.6,-0.35,-0.14,11930.57,70.0,59.31,54.92,262.0,252.0
1770041966738664551,367848,10.456,71.1,9.984,-66.6,1.13,1.29,13.19,-2.69,-4.44,-0.43,1.29,-0.34,11928.34,70.0,57.06,57.76,262.0,252.0
1770041966853387644,367966,8.864,69.8,9.92,-98.2,1.95,1.0,13.56,-2.5,-4.56,-2.03,1.4,1.59,11925.94,70.0,57.11,57.84,262.0,252.0
1770041966951644883,368081,10.284,0.0,9.94,-101.7,1.46,0.82,13.5,-2.25,-4.63,-2.06,-0.06,-0.15,171.16,70.0,62.24,58.58,262.0,252.0
1770041967059958873,368181,10.516,49.3,10.504,-55.9,1.62,0.51,13.5,-2.19,-4.56,0.0,-0.26,0.32,164.13,70.0,61.47,60.63,262.0,252.0
1770041967152341238,368281,10.328,69.0,10.068,-64.5,0.88,1.31,13.5,-2.31,-4.69,0.98,0.67,-0.1,171.16,70.0,61.09,60.26,262.0,252.0
1770041967266972303,368380,10.26,55.6,10.428,0.0,1.58,1.5,13.56,-2.31,-4.56,1.02,0.23,-0.76,11918.91,70.0,64.27,57.8,262.0,252.0
1770041967389890074,368495,9.204,70.9,10.416,-57.9,0.72,1.52,13.63,-2.5,-4.69,-0.33,0.36,-0.21,11923.54,70.0,64.08,58.12,262.0,252.0
1770041967504610785,368619,10.464,112.3,10.452,-62.6,0.66,1.89,13.75,-2.63,-4.69,-0.4,0.17,-0.54,11921.14,70.0,65.04,58.87,262.0,252.0
1770041967627480075,368735,10.104,75.3,10.512,-87.3,1.27,1.25,13.69,-2.69,-4.88,-0.65,-0.17,0.34,11918.39,70.0,62.08,59.94,262.0,252.0
1770041967725749115,368855,10.004,58.4,9.896,-85.9,1.41,1.09,13.88,-2.56,-4.88,-1.82,1.12,-0.79,224.15,70.0,60.63,60.63,262.0,252.0
1770041967824011859,368955,10.476,0.0,10.164,-91.1,1.88,1.11,13.94,-2.25,-4.81,-0.01,1.04,0.06,214.03,70.0,60.39,62.94,262.0,252.0
1770041967926429603,369055,9.816,59.7,10.196,-101.0,1.04,1.09,13.81,-2.0,-4.69,-0.67,0.47,0.24,218.83,70.0,59.79,60.63,262.0,252.0
1770041968045205301,369156,10.284,56.7,10.284,-51.5,1.54,1.33,13.63,-1.88,-4.56,0.31,0.63,-0.09,11911.02,70.0,62.66,63.15,262.0,252.0
1770041968147597551,369274,9.044,83.8,10.444,0.0,0.63,0.7,13.25,-2.0,-4.38,-0.41,0.31,-0.23,184.36,70.0,64.07,64.07,262.0,252.0
1770041968258133714,369375,10.512,82.1,10.224,-62.2,0.76,1.04,13.25,-2.06,-4.19,-0.06,-0.24,0.58,11922.16,70.0,62.41,63.4,262.0,254.0
1770041968372856136,369487,10.516,90.1,10.18,-64.3,1.19,1.19,13.06,-2.19,-3.94,0.02,-0.4,-0.05,11922.85,70.0,64.08,59.61,262.0,254.0
1770041968491638635,369602,9.324,97.7,9.992,-45.7,1.66,0.92,13.0,-2.19,-3.75,-0.84,0.36,-0.14,11920.79,70.0,61.89,60.45,264.0,254.0
1770041968606323854,369720,10.516,72.6,9.924,-62.6,1.39,0.66,12.81,-2.31,-3.5,0.66,-0.12,-0.14,11920.96,70.0,60.77,61.51,264.0,254.0
1770041968716874776,369835,10.276,75.7,9.876,-93.1,1.62,0.78,12.75,-2.13,-3.31,0.74,-0.09,-0.16,11926.8,70.0,58.07,60.98,264.0,254.0
1770041968835674311,369947,9.16,61.6,10.232,-91.9,1.52,0.72,12.88,-1.75,-3.13,0.75,0.19,0.37,11930.57,70.0,57.38,59.61,264.0,254.0
1770041968933993077,370064,9.044,75.2,10.028,-71.6,1.64,1.58,12.69,-1.69,-2.88,0.14,-0.53,-1.34,238.73,70.0,56.75,58.58,264.0,254.0
1770041969036376385,370163,10.084,70.0,10.224,-93.1,0.92,1.33,12.56,-1.75,-2.88,0.75,1.27,-1.26,163.27,70.0,60.63,58.1,264.0,254.0
1770041969134672436,370264,9.932,100.8,10.504,-75.5,1.15,0.96,12.44,-1.88,-2.63,0.2,0.68,0.21,171.16,70.0,61.24,59.54,264.0,254.0
1770041969249313311,370364,9.116,79.9,10.484,-79.8,0.88,1.23,12.38,-2.19,-2.81,0.46,0.67,-0.19,11917.88,70.0,62.91,59.93,264.0,254.0
1770041969364007314,370479,9.436,75.8,10.476,-59.1,1.17,0.94,12.13,-2.38,-2.81,2.42,0.57,-0.87,11921.99,70.0,61.51,58.58,264.0,254.0
1770041969482829447,370593,8.844,79.2,9.776,-62.4,0.98,1.41,12.06,-2.44,-2.69,0.6,0.78,-0.07,11919.59,70.0,62.43,59.52,264.0,254.0
1770041969601585398,370712,9.984,99.5,10.056,-60.5,1.74,1.37,12.06,-2.44,-2.63,1.78,1.04,-0.2,11921.48,70.0,61.05,61.05,264.0,254.0
1770041969716224143,370829,10.264,61.3,9.9,-81.7,1.0,1.52,12.38,-2.19,-2.5,1.25,-0.37,0.54,11915.82,70.0,61.51,62.24,264.0,254.0
1770041969830953942,370945,9.192,49.9,10.168,-65.7,1.66,1.04,12.5,-1.81,-2.56,0.19,0.29,-0.57,11915.82,70.0,61.7,61.7,264.0,254.0
1770041969933368327,371060,8.884,68.6,10.172,0.0,1.13,1.05,12.38,-1.44,-2.69,1.54,0.21,-0.35,175.96,70.0,61.75,61.75,264.0,254.0
1770041970031646953,371161,10.188,55.9,10.044,-68.5,1.33,0.92,12.13,-1.5,-2.88,0.46,0.01,-1.16,171.84,70.0,64.0,63.15,264.0,254.0
1770041970134035808,371261,9.752,66.1,9.22,-84.0,1.25,1.25,12.13,-1.69,-2.81,0.31,0.27,-0.19,171.67,70.0,64.0,63.15,264.0,256.0
1770041970248754187,371361,9.884,79.2,10.496,-85.0,0.84,0.92,11.94,-1.88,-2.81,0.91,0.13,-0.42,11919.76,70.0,63.03,61.55,264.0,256.0
1770041970367474719,371476,9.472,111.3,9.132,-58.9,0.7,0.88,11.81,-2.06,-2.81,-0.07,-0.27,-0.03,11919.59,70.0,64.77,57.58,266.0,256.0
1770041970482169821,371596,9.208,81.9,9.924,-55.5,0.98,1.23,11.88,-2.13,-2.88,0.83,0.35,-0.52,11918.74,70.0,64.39,58.02,266.0,256.0
1770041970600949036,371712,10.304,104.0,9.18,-65.5,1.5,1.31,11.88,-2.06,-3.0,0.48,0.01,-0.09,11924.39,70.0,61.17,57.58,266.0,256.0
1770041970699237241,371828,9.84,92.0,10.436,-94.7,1.25,1.02,12.0,-1.94,-3.0,-0.02,0.68,-0.36,180.25,70.0,65.49,59.88,266.0,256.0
1770041970818026956,371929,8.772,72.0,10.328,-62.8,2.01,1.5,12.13,-1.63,-2.94,-0.41,0.19,-0.22,11926.11,70.0,59.44,59.93,266.0,256.0
1770041970932700096,372046,9.324,76.4,10.244,-88.8,1.33,1.46,12.06,-1.37,-3.06,0.77,-0.91,-0.49,11925.25,70.0,58.3,60.45,266.0,256.0
1770041971047328109,372162,10.184,64.2,9.86,-195.8,3.59,1.25,12.06,-1.63,-4.19,2.14,-1.24,-0.12,11927.48,70.0,55.17,58.8,266.0,256.0
1770041971166176144,372277,9.896,73.4,9.792,-59.5,0.66,1.41,12.31,-1.88,-4.38,0.31,-0.24,-0.61,11919.25,70.0,62.8,62.08,266.0,256.0
1770041971284899720,372395,10.536,67.3,10.036,-73.2,1.11,1.21,12.19,-2.06,-4.31,0.56,-0.22,-0.57,11922.68,70.0,65.17,59.31,266.0,256.0
1770041971399583847,372512,10.364,88.2,10.452,-47.7,0.59,1.72,12.19,-2.19,-4.31,0.63,-0.77,0.13,11924.57,70.0,63.33,56.14,266.0,256.0
1770041971518404346,372628,9.38,76.0,10.524,-93.5,0.96,1.04,12.13,-2.19,-4.44,0.78,-0.86,0.45,11921.82,70.0,61.17,59.73,266.0,256.0
1770041971633083084,372745,9.928,66.1,10.436,-51.6,1.04,1.5,12.19,-2.0,-4.69,-0.24,0.26,-0.24,11924.39,70.0,60.77,59.31,266.0,256.0
1770041971747757544,372859,8.668,51.8,9.636,-82.8,2.19,0.84,12.44,-1.44,-5.0,-0.12,0.41,-0.53,11943.6,70.0,50.52,59.31,266.0,256.0
1770041971866531841,372974,10.276,87.3,10.364,-110.9,1.27,1.43,12.56,-0.75,-5.56,-3.85,2.36,-1.4,11929.71,70.0,55.17,57.35,266.0,256.0
1770041971981200801,373093,10.356,75.7,10.48,-92.9,0.92,1.13,12.5,-0.88,-5.19,-0.34,0.2,-0.22,11920.96,70.0,60.35,61.05,266.0,256.0
1770041972095869341,373211,9.568,59.5,9.832,-59.8,1.35,1.19,12.5,-1.0,-5.13,-0.16,1.67,-1.4,11912.9,70.0,62.97,62.24,266.0,258.0
1770041972214663291,373325,10.104,49.0,10.468,-73.6,0.72,1.13,12.75,-2.13,-4.81,6.36,-2.4,-0.41,11914.79,70.0,65.33,60.98,266.0,258.0
1770041972333406132,373442,8.888,97.8,10.18,-65.5,0.55,1.21,12.63,-2.19,-5.19,0.21,0.88,-0.14,11922.51,70.0,63.88,58.8,268.0,258.0
1770041972448128449,373560,10.248,99.3,32.468,-48.5,1.11,1.17,12.81,-2.31,-5.0,-0.02,-0.28,-0.05,11915.31,70.0,64.77,61.17,268.0,258.0
1770041972562817453,373675,9.676,76.7,10.42,-82.1,1.07,0.8,12.69,-2.5,-4.81,-0.72,0.53,-0.57,11918.05,70.0,61.89,63.33,268.0,258.0
1770041972687542228,373790,9.784,0.0,9.936,0.0,1.76,0.86,12.56,-2.56,-4.5,-0.16,0.45,0.91,11920.79,70.0,60.04,65.9,268.0,258.0
1770041972779885915,373907,9.672,81.5,10.428,-106.5,2.15,1.0,12.44,-2.69,-3.88,2.88,-1.32,-0.19,173.22,70.0,50.52,63.62,268.0,258.0
1770041972878198796,374006,9.868,78.2,10.48,-75.2,1.5,1.04,11.94,-3.06,-3.38,-1.41,-0.09,-0.55,168.24,70.0,55.02,62.53,268.0,258.0
1770041973001105526,374107,9.188,91.9,10.32,-49.5,1.05,0.7,11.56,-3.06,-3.44,0.3,-0.39,0.57,11906.39,70.0,62.54,67.95,268.0,258.0
1770041973125774494,374228,9.32,86.4,10.344,-67.8,1.02,0.98,11.31,-3.56,-3.81,-2.55,-2.27,1.1,11909.65,70.0,63.5,67.64,268.0,258.0
1770041973218095316,374345,8.7,113.8,9.624,0.0,1.02,2.29,11.75,-4.56,-5.19,0.8,0.55,0.28,200.83,70.0,62.71,62.71,268.0,258.0
1770041973336864496,374446,9.356,147.3,10.492,-59.5,0.86,1.23,11.56,-4.88,-5.19,-0.13,0.22,-0.92,11916.33,70.0,63.52,62.05,268.0,258.0
1770041973451590467,374563,10.28,80.1,10.444,-36.4,1.48,1.46,11.56,-5.0,-5.19,0.28,0.55,-0.06,11915.48,70.0,64.26,62.05,268.0,258.0
1770041973566277588,374678,10.484,74.0,9.44,-46.3,1.05,1.54,11.63,-5.06,-5.19,-0.97,0.0,-0.44,11912.05,70.0,63.15,63.15,268.0,258.0
1770041973668689977,374794,8.832,77.1,10.272,-42.3,1.54,1.07,11.81,-4.75,-5.25,-0.49,0.0,-0.24,205.46,70.0,59.88,61.75,268.0,258.0
1770041973766974456,374894,10.368,67.5,9.656,-57.8,1.72,1.09,11.81,-4.44,-5.31,-1.6,-0.62,0.73,184.71,70.0,60.03,62.53,268.0,258.0
1770041973881665947,374994,10.04,61.1,10.476,-56.1,1.45,1.37,11.63,-4.44,-5.5,1.43,-0.01,-0.12,11913.76,70.0,63.03,64.02,268.0,258.0
1770041974000413868,375110,9.604,50.8,10.264,0.0,0.98,1.27,11.13,-4.31,-5.5,-0.62,0.49,0.8,11913.93,70.0,62.43,64.61,268.0,260.0
1770041974098722945,375227,10.488,80.0,10.304,-54.2,1.19,1.11,10.38,-3.88,-4.75,0.09,0.0,-0.23,184.36,70.0,61.75,63.62,268.0,260.0
1770041974217510722,375326,9.78,86.8,10.344,-49.9,1.52,0.82,10.06,-3.69,-4.19,-0.17,-0.45,-0.68,11922.51,70.0,61.42,62.91,268.0,260.0
1770041974336236798,375445,9.884,73.2,9.94,-44.0,0.7,1.48,9.25,-3.75,-4.13,1.06,0.25,-0.73,11919.42,70.0,63.86,61.75,270.0,260.0
1770041974450949072,375562,9.856,100.3,10.476,0.0,1.05,0.8,9.44,-3.75,-4.06,-0.31,0.2,0.13,11921.14,70.0,62.43,60.25,270.0,260.0
1770041974565627958,375676,9.468,93.6,10.516,-52.8,1.43,0.49,9.69,-3.63,-3.94,-1.07,0.47,0.76,11915.99,70.0,63.7,62.97,270.0,260.0
1770041974684405588,375792,8.816,63.8,9.3,-59.9,1.43,1.15,9.94,-3.19,-3.88,0.74,0.22,-0.62,11919.59,70.0,62.05,62.78,270.0,260.0
1770041974799085807,375910,8.796,63.1,9.228,-69.9,1.52,0.68,10.06,-2.75,-3.5,-0.82,0.14,-0.07,11915.65,70.0,62.45,62.45,270.0,260.0
1770041974913763175,376027,10.5,74.6,9.196,-82.8,1.72,0.66,10.13,-2.5,-2.81,-1.34,-0.62,-0.14,11917.36,70.0,61.51,62.97,270.0,260.0
1770041975016200180,376141,9.912,70.8,9.28,0.0,1.58,0.57,9.94,-2.38,-2.75,0.23,0.04,-0.06,169.61,70.0,64.07,62.24,270.0,260.0
1770041975134932261,376242,10.204,80.0,10.012,0.0,2.01,0.68,9.81,-2.5,-2.69,-0.06,0.35,0.0,11922.68,70.0,62.78,61.29,270.0,260.0
1770041975249575080,376359,9.112,98.1,10.468,-67.1,0.47,1.17,9.69,-2.75,-2.5,0.77,0.17,-0.85,11921.31,70.0,63.68,59.44,270.0,260.0
1770041975364275064,376475,8.892,71.7,10.44,-74.8,0.76,1.48,9.63,-2.69,-2.31,0.2,0.41,0.3,11924.05,70.0,62.43,59.52,270.0,260.0
1770041975466710556,376592,9.38,87.8,9.272,-63.7,1.37,1.8,9.94,-2.81,-1.88,0.5,0.17,-0.45,176.13,70.0,59.88,58.01,270.0,260.0
1770041975581405855,376692,8.792,67.0,10.056,-62.3,1.04,1.25,10.06,-2.63,-1.63,0.08,-0.14,-0.63,11923.54,70.0,60.08,60.08,270.0,260.0
1770041975700153158,376807,8.912,71.7,10.436,-69.9,1.17,1.05,10.06,-2.38,-1.5,-0.1,0.29,0.53,11922.16,70.0,59.73,59.02,270.0,260.0
1770041975818934535,376927,10.232,56.5,10.044,-48.7,1.68,1.25,10.0,-2.31,-1.31,0.11,-0.05,-0.07,11920.45,70.0,62.45,60.35,270.0,260.0
1770041975937705875,377044,9.96,58.8,9.104,-46.0,1.64,1.25,9.94,-2.5,-1.19,-0.62,-0.22,-1.37,11919.08,70.0,62.97,60.04,270.0,262.0
1770041976052356639,377165,10.412,56.8,9.2,-56.2,1.07,1.39,10.0,-3.06,-1.12,-1.32,0.2,-0.39,11922.16,70.0,63.86,58.94,270.0,262.0
1770041976175245617,377280,10.42,71.8,10.12,-86.7,1.17,1.37,9.94,-3.25,-1.0,0.68,0.59,0.29,11926.28,70.0,62.8,56.37,272.0,262.0
1770041976289898294,377400,10.492,95.7,10.356,-58.7,0.78,1.27,9.81,-3.44,-0.94,-0.08,-0.07,0.76,11927.14,70.0,62.8,55.66,272.0,262.0
1770041976404598487,377515,8.852,100.8,10.168,-47.7,1.43,1.66,9.88,-3.5,-0.94,1.17,0.31,-0.81,11928.34,70.0,60.98,55.89,272.0,262.0
1770041976523400888,377631,8.62,86.0,9.464,-83.6,1.02,1.37,10.13,-3.44,-1.12,-0.08,0.58,0.19,11923.02,70.0,61.17,57.58,272.0,262.0
1770041976642173826,377748,10.18,70.1,9.84,-61.5,1.89,0.86,10.31,-3.13,-1.19,-0.9,0.01,-0.02,11924.05,70.0,58.58,60.04,272.0,262.0
1770041976756863797,377867,9.192,61.5,9.884,-71.3,1.8,0.96,10.38,-3.0,-1.19,0.67,-0.15,-0.17,11921.48,70.0,60.35,60.35,272.0,262.0
1770041976871554010,377984,9.436,59.2,9.68,-48.2,1.15,1.13,10.31,-3.0,-1.19,1.24,0.08,-0.57,11920.96,70.0,61.7,60.98,272.0,262.0
1770041976973939415,378099,10.512,68.6,9.912,-70.3,1.04,0.84,10.25,-3.13,-1.19,0.33,-0.29,-0.15,150.75,70.0,61.75,59.88,272.0,262.0
1770041977092710432,378199,10.392,51.6,10.468,-63.4,0.61,1.09,10.38,-3.19,-1.12,0.44,0.06,0.07,11919.08,70.0,62.91,60.92,272.0,262.0
1770041977207347725,378318,8.828,89.5,9.888,-50.1,0.7,1.25,10.31,-3.63,-1.12,2.29,0.2,-1.25,11922.85,70.0,64.56,58.94,272.0,262.0
1770041977326118947,378435,9.744,98.7,10.072,-52.2,0.7,1.72,10.31,-3.69,-1.12,-1.1,1.0,0.18,11923.19,70.0,61.7,56.62,272.0,262.0
1770041977440855035,378551,10.272,105.2,9.184,-58.7,1.48,1.39,10.38,-3.75,-1.0,-0.24,0.14,-0.15,11929.71,70.0,60.25,54.44,272.0,262.0
1770041977555531142,378665,8.628,86.1,10.38,-95.9,1.11,1.33,10.56,-3.56,-0.94,-0.95,0.25,0.0,11925.94,70.0,59.31,57.11,272.0,262.0
1770041977674302882,378781,9.52,82.1,9.576,-88.6,1.23,0.86,10.75,-3.25,-0.94,-1.14,0.27,0.28,11924.39,70.0,59.52,59.52,272.0,262.0
1770041977788982008,378900,9.68,85.0,10.164,-78.4,1.35,0.78,10.75,-3.06,-0.94,-0.3,0.1,0.04,11923.37,70.0,61.37,59.23,272.0,262.0
1770041977891386474,379016,10.488,0.0,9.696,-51.7,1.35,1.43,10.56,-3.13,-0.88,-0.24,-0.61,0.3,163.44,70.0,62.24,58.58,272.0,262.0
1770041978006065877,379116,8.584,80.8,9.376,-50.6,1.58,1.11,10.5,-3.31,-0.81,1.2,-0.3,-0.95,11916.68,70.0,63.28,60.79,272.0,264.0
1770041978124839512,379231,10.024,88.7,10.064,-54.4,1.62,1.0,10.44,-3.38,-0.81,-0.91,-0.5,0.5,11922.16,70.0,60.98,58.07,274.0,264.0
1770041978243603277,379350,10.472,95.6,10.088,-84.4,0.98,1.52,10.31,-3.5,-1.0,-1.44,-0.02,1.08,11921.65,70.0,61.24,56.37,274.0,264.0
1770041978358248372,379467,10.408,0.0,9.184,-64.6,1.39,1.82,10.31,-3.5,-1.0,0.21,-0.33,-0.47,11927.65,70.0,58.8,55.17,274.0,264.0
1770041978472980521,379582,10.408,104.8,10.364,-113.5,1.23,1.88,10.38,-3.44,-1.19,0.53,-0.44,0.8,11932.11,70.0,58.58,54.18,274.0,264.0
1770041978591757711,379698,9.712,0.0,9.84,-83.7,1.99,1.33,10.5,-3.06,-1.37,0.39,-0.16,0.05,11921.99,70.0,58.35,57.61,274.0,264.0
1770041978702316969,379815,9.836,85.4,9.364,-102.4,2.21,1.0,10.56,-2.75,-1.37,1.17,0.29,-0.1,11926.8,70.0,57.8,59.94,274.0,264.0
1770041978817015896,379929,10.036,88.1,10.268,-116.0,1.95,1.35,10.44,-2.63,-1.37,1.05,-1.98,-1.15,11921.99,70.0,59.61,59.61,274.0,264.0
1770041978939905460,380043,10.308,83.4,9.776,-56.9,1.54,0.84,10.44,-2.75,-1.37,0.33,-0.58,0.58,11922.85,70.0,59.73,59.02,274.0,264.0
1770041979058668431,380167,10.216,60.3,9.28,-63.1,1.41,1.15,10.38,-3.0,-1.25,1.42,0.97,-0.12,11927.65,70.0,60.54,58.46,274.0,264.0
1770041979177454387,380284,8.932,84.5,10.1,-103.3,0.94,1.56,10.38,-3.31,-1.37,-0.45,-0.55,0.14,11926.62,70.0,61.94,57.06,274.0,264.0
1770041979292084654,380402,8.952,92.3,9.42,-83.6,1.19,1.58,10.5,-3.38,-1.44,-0.57,0.28,-0.56,11930.23,70.0,60.04,55.65,274.0,264.0
1770041979406742736,380517,10.004,108.2,10.0,-93.2,1.78,1.93,10.56,-3.5,-1.88,0.88,0.16,-0.28,11930.05,70.0,58.8,54.44,274.0,264.0
1770041979525575227,380634,9.496,125.2,9.792,-74.8,1.82,1.8,10.56,-3.5,-2.5,-2.31,-0.69,-0.21,11935.71,70.0,58.8,51.54,274.0,264.0
1770041979644364534,380751,9.832,105.9,9.66,-80.6,1.45,1.99,10.38,-2.69,-3.13,-0.21,0.64,0.11,11935.71,70.0,56.84,55.43,274.0,264.0
1770041979759036727,380868,10.436,75.6,10.408,-73.2,1.19,0.9,10.19,-2.25,-3.13,-0.39,0.11,0.08,11925.94,70.0,59.09,59.83,274.0,264.0
1770041979873746159,380984,10.372,76.7,10.492,-90.1,1.6,0.98,10.13,-2.13,-3.25,-0.5,-0.63,0.79,11924.05,70.0,59.52,59.52,274.0,264.0
1770041979988402445,381100,9.924,62.6,10.272,-68.4,0.86,1.41,9.88,-2.25,-3.25,0.2,0.34,-0.42,11924.91,70.0,60.77,59.31,274.0,266.0
1770041980111272243,381214,10.024,67.7,10.452,-80.2,0.96,1.27,9.88,-2.5,-3.25,-0.16,0.21,-0.49,11924.57,70.0,61.17,57.58,276.0,266.0
1770041980225962237,381334,9.416,104.9,9.464,-52.9,1.62,1.91,10.0,-2.63,-3.31,-0.51,0.06,0.22,11928.51,70.0,62.08,56.37,276.0,266.0
1770041980340593195,381450,8.612,103.2,9.016,-112.6,1.6,1.78,10.19,-2.69,-3.38,0.19,0.0,-0.02,11927.14,70.0,60.45,56.14,276.0,266.0
1770041980459411081,381566,9.608,90.0,10.38,-100.1,1.15,1.52,10.25,-2.88,-3.5,-0.24,-0.03,-0.18,11933.31,70.0,58.73,55.19,276.0,266.0
1770041980578190968,381685,9.904,77.1,9.764,-112.9,1.95,1.27,10.44,-2.81,-3.56,0.01,-0.12,-0.29,11931.77,70.0,59.09,55.4,276.0,266.0
1770041980686541183,381803,9.388,68.2,9.984,-108.0,1.35,1.82,10.56,-2.44,-3.81,-0.36,0.12,-0.22,200.83,70.0,58.43,56.71,276.0,266.0
1770041980795267202,381903,9.668,88.5,10.176,-85.4,1.29,1.17,10.69,-2.25,-3.69,-0.26,0.09,0.28,11927.48,70.0,57.95,58.45,276.0,266.0
1770041980914033145,382019,10.232,89.8,10.256,-106.2,1.46,1.0,10.69,-2.13,-3.69,0.02,-0.13,-0.05,11927.65,70.0,59.94,57.8,276.0,266.0
1770041981028672715,382137,10.096,94.9,9.464,-104.4,1.5,1.46,10.69,-2.25,-3.63,0.0,-0.15,-0.17,11929.88,70.0,60.25,55.89,276.0,266.0
1770041981147459311,382255,10.264,89.5,10.456,-58.3,1.56,1.99,10.88,-2.44,-3.69,0.0,-0.56,-0.15,11930.23,70.0,61.75,54.73,276.0,266.0
1770041981262126478,382371,9.66,93.3,10.384,-94.0,1.41,1.31,11.19,-2.69,-3.94,0.44,-0.26,0.3,11930.05,70.0,61.31,54.66,276.0,266.0
1770041981382767192,382484,10.292,84.9,9.448,-71.9,1.46,1.54,11.31,-2.88,-4.13,0.0,-0.09,0.01,11933.83,70.0,58.87,52.91,276.0,266.0
1770041981499716485,382599,10.424,119.5,9.552,-80.4,1.88,2.11,11.44,-3.13,-4.38,-0.5,-0.14,0.09,11936.57,70.0,57.35,52.99,276.0,266.0
1770041981614407854,382724,10.368,113.6,10.404,-82.7,1.95,1.84,11.75,-3.13,-4.94,-0.64,-0.52,-0.33,11936.57,70.0,58.87,54.08,276.0,266.0
1770041981712675724,382838,10.316,96.5,10.316,-107.2,1.7,1.35,11.94,-3.0,-5.81,1.51,-0.31,0.35,189.16,70.0,54.92,53.09,276.0,266.0
1770041981815137597,382939,8.924,72.4,10.1,-79.6,2.11,1.45,12.06,-2.88,-5.88,0.06,0.09,-0.1,194.14,70.0,59.54,56.99,276.0,266.0
1770041981933884657,383039,9.572,100.9,9.656,-99.3,1.31,1.15,12.06,-2.88,-6.0,0.17,0.31,-0.23,11930.05,70.0,60.92,57.46,276.0,266.0
1770041982044462098,383157,8.98,83.5,9.46,-78.4,1.0,1.15,12.13,-2.88,-6.0,-0.24,0.0,-0.08,11925.08,70.0,61.37,57.8,276.0,266.0
1770041982146868181,383269,8.868,72.5,10.452,-78.6,0.98,1.54,12.19,-3.0,-5.94,-0.22,-0.39,-0.4,195.34,70.0,60.71,56.79,278.0,266.0
1770041982261499427,383370,10.12,68.7,10.336,-47.6,1.72,0.78,12.31,-2.94,-6.0,-0.54,0.18,0.18,11924.39,70.0,62.66,57.28,278.0,268.0
1770041982376296429,383484,9.132,88.1,10.48,-67.5,1.46,1.21,12.38,-3.0,-6.0,-0.35,0.16,0.05,11927.48,70.0,62.24,57.84,278.0,268.0
1770041982495006736,383600,10.048,104.5,10.388,-97.9,1.19,0.96,12.38,-2.94,-5.81,-1.18,-1.55,1.5,11927.65,70.0,60.57,56.14,278.0,268.0
1770041982609671093,383718,10.108,82.3,9.736,-102.4,1.41,1.56,12.44,-2.44,-6.19,0.96,0.45,-0.41,11937.26,70.0,58.94,52.63,278.0,268.0
1770041982728453713,383835,9.676,142.2,10.268,-94.5,1.48,2.44,12.56,-2.25,-6.38,0.2,0.31,-0.35,11938.97,70.0,55.89,50.81,278.0,268.0
1770041982843137107,383950,10.436,106.9,9.152,-98.9,1.58,1.62,12.69,-2.25,-6.63,-0.53,-0.23,0.08,11930.74,70.0,59.31,54.92,278.0,268.0
1770041982961910894,384067,9.736,108.4,9.76,-80.1,0.88,1.07,12.81,-2.13,-6.63,-0.35,-0.11,0.14,11928.68,70.0,60.25,56.62,278.0,268.0
1770041983076594642,384186,10.268,70.9,9.924,-100.4,1.19,1.21,12.94,-2.13,-6.44,-0.5,-0.13,0.19,11927.65,70.0,60.15,56.61,278.0,268.0
1770041983195400989,384301,10.236,96.9,10.46,-66.4,1.56,1.6,13.13,-2.19,-6.31,0.34,-0.11,-0.08,11925.6,70.0,60.98,57.35,278.0,268.0
1770041983310030149,384417,8.832,81.2,9.312,-65.4,1.95,1.62,13.31,-2.19,-6.38,0.23,0.3,-0.21,11927.14,70.0,60.57,57.61,278.0,268.0
1770041983428819200,384532,10.128,77.7,10.244,-107.7,1.8,1.97,13.25,-2.31,-6.56,-0.16,-0.22,0.19,11929.37,70.0,59.23,55.66,278.0,268.0
1770041983543509302,384652,9.508,131.2,9.904,-69.2,1.13,1.76,13.19,-2.56,-6.81,-0.47,-0.08,0.0,11932.97,70.0,58.52,54.95,278.0,268.0
1770041983658188497,384766,9.632,81.8,10.048,-153.9,2.48,1.27,13.31,-2.44,-6.88,0.99,-0.95,0.04,11936.23,70.0,53.72,55.17,278.0,268.0
1770041983772841008,384883,10.092,100.4,10.196,-95.7,1.8,1.43,13.69,-2.5,-7.38,0.54,-0.26,0.37,11938.97,70.0,53.92,54.66,278.0,268.0
1770041983895753563,384998,9.48,104.1,10.22,-108.1,1.58,1.68,13.75,-2.88,-7.88,-0.58,0.29,0.87,11930.23,70.0,55.66,55.66,278.0,268.0
1770041984010394852,385118,10.136,84.3,10.164,-78.6,0.98,1.17,13.81,-2.81,-7.88,-0.26,-0.07,0.17,11920.96,70.0,62.45,59.64,278.0,268.0
1770041984125061645,385235,9.444,88.3,10.472,-62.6,1.23,1.27,13.88,-2.75,-7.94,0.52,-0.06,-0.29,11917.71,70.0,62.24,61.51,280.0,268.0
1770041984243884219,385350,10.496,65.9,10.436,-56.8,1.46,1.62,13.81,-2.63,-8.06,0.33,0.29,0.04,11917.19,70.0,62.08,62.8,280.0,270.0
1770041984362611462,385468,9.852,69.3,10.36,-90.2,0.98,1.39,13.69,-2.56,-8.13,0.33,-0.2,-0.4,11917.71,70.0,61.51,63.7,280.0,270.0
1770041984477334013,385586,10.416,77.4,9.94,-68.5,1.56,1.68,13.63,-2.56,-8.38,0.62,-0.06,0.19,11923.88,70.0,60.85,60.85,280.0,270.0
1770041984596112089,385701,8.948,109.6,10.072,-87.4,1.58,1.6,13.5,-2.56,-8.56,-0.14,-0.15,0.04,11935.2,70.0,57.35,59.52,280.0,270.0
1770041984718987317,385818,9.924,109.3,9.72,-79.5,2.13,1.35,13.56,-2.56,-8.94,-2.05,0.92,0.1,11923.88,70.0,58.8,60.25,280.0,270.0
1770041984833660203,385940,9.884,99.2,9.996,0.0,1.46,1.74,13.69,-2.44,-8.94,-0.14,0.46,-0.13,11924.05,70.0,59.15,60.54,280.0,270.0
1770041984956538172,386056,10.436,91.7,10.356,-90.1,1.62,1.19,13.75,-2.31,-8.94,-1.05,-0.11,0.15,11919.25,70.0,63.33,64.05,280.0,270.0
1770041985071228262,386179,9.072,64.3,9.476,-83.9,1.35,1.39,13.5,-2.31,-8.81,-0.98,0.73,-0.15,11914.45,70.0,62.63,64.02,280.0,270.0
1770041985185906967,386293,9.94,78.0,10.228,-53.6,1.11,0.84,13.31,-2.44,-8.81,-0.54,-0.59,0.38,11914.62,70.0,64.43,65.9,280.0,270.0
1770041985304639142,386409,9.212,55.4,10.452,-77.3,1.09,1.5,13.19,-2.63,-8.88,-0.84,0.35,0.52,11917.19,70.0,62.08,62.8,280.0,270.0
1770041985423454185,386527,8.924,77.9,9.956,-107.8,1.93,1.89,13.06,-3.0,-9.06,-1.13,-0.39,0.01,11924.57,70.0,60.98,60.25,280.0,270.0
1770041985538144871,386646,9.752,99.5,10.2,-52.5,1.46,1.45,13.0,-3.31,-9.13,-0.84,-0.31,0.34,11926.62,70.0,61.05,57.54,280.0,270.0
1770041985656916840,386762,8.572,128.5,9.98,-92.4,1.68,1.46,13.13,-3.44,-9.31,-0.05,0.97,-0.15,11923.71,70.0,59.94,59.23,280.0,270.0
1770041985771598305,386880,9.704,108.2,9.888,-79.6,1.33,2.23,13.13,-3.38,-9.38,-0.07,-0.47,1.03,11925.42,70.0,60.77,59.31,280.0,270.0
1770041985894470446,386996,9.944,109.9,10.352,-98.3,1.27,1.31,13.19,-3.44,-9.19,1.11,1.25,0.26,11918.91,70.0,63.33,62.61,280.0,270.0
1770041986009123597,387117,9.424,71.4,10.444,-64.1,0.74,1.33,13.19,-3.31,-9.13,0.49,0.04,0.33,11912.05,70.0,64.02,66.11,280.0,270.0
1770041986127928941,387233,9.208,89.4,10.328,-61.2,0.74,1.17,13.13,-3.5,-9.0,-0.76,-0.29,-0.59,11911.36,70.0,63.7,67.36,282.0,270.0
1770041986242657279,387349,10.068,95.3,9.84,-38.9,1.29,1.31,13.06,-3.63,-9.0,0.92,-0.54,-0.34,11909.82,70.0,65.49,66.93,282.0,272.0
1770041986361392774,387466,10.164,122.2,9.972,-81.0,0.96,1.43,12.94,-3.69,-8.88,-1.64,-0.99,1.21,11913.76,70.0,63.88,66.06,282.0,272.0
1770041986476070058,387584,9.424,100.5,9.3,-57.0,1.43,1.62,12.81,-3.81,-8.75,-0.84,-0.08,-1.0,11915.31,70.0,64.22,64.94,282.0,272.0
1770041986590741490,387698,10.276,127.3,9.42,-76.2,1.0,1.54,12.75,-3.88,-8.44,-0.28,0.2,-0.46,11918.56,70.0,62.05,65.74,282.0,272.0
1770041986705419071,387812,9.16,98.2,10.216,-68.6,1.78,1.74,12.63,-3.88,-7.81,-0.22,-0.11,-0.24,11917.71,70.0,61.7,63.15,282.0,272.0
1770041986824220415,387930,10.392,97.3,9.752,-57.5,1.41,1.29,12.63,-3.81,-7.31,-0.56,-0.07,-1.23,11913.59,70.0,63.7,65.17,282.0,272.0
1770041986938854330,388047,8.744,119.3,9.276,-53.6,0.72,1.15,12.56,-3.75,-6.94,-0.02,0.1,0.41,11915.31,70.0,64.22,66.36,282.0,272.0
1770041987057652621,388163,8.892,78.1,9.848,-51.5,1.45,1.74,12.56,-3.88,-6.44,-0.2,0.29,-0.77,11914.62,70.0,62.61,64.77,282.0,272.0
1770041987172361113,388280,9.552,97.4,10.26,-43.5,1.21,1.15,12.56,-4.0,-6.06,-0.29,0.24,0.08,11912.73,70.0,64.61,65.33,282.0,272.0
1770041987286978403,388396,10.476,95.4,10.396,-69.5,1.11,2.13,12.56,-4.0,-6.0,-0.53,0.15,0.69,11919.59,70.0,62.43,63.15,282.0,272.0
1770041987389415433,388511,9.068,82.7,9.204,-75.6,1.99,1.78,12.31,-3.44,-6.13,0.13,0.3,-0.51,214.03,70.0,59.12,62.71,282.0,272.0
1770041987504059519,388612,10.012,99.5,9.268,-78.0,1.48,1.86,12.31,-3.38,-6.44,0.37,0.12,-0.08,11906.39,70.0,61.92,65.38,282.0,272.0
1770041987606511252,388728,9.736,132.0,10.356,-109.0,1.78,1.64,12.19,-3.31,-6.5,0.87,-0.57,0.65,226.72,70.0,56.75,62.24,282.0,272.0
1770041987729358979,388828,9.588,100.1,9.968,-79.0,1.19,1.23,12.13,-3.13,-6.5,-0.61,0.85,-0.36,11917.71,70.0,59.93,64.89,282.0,272.0
1770041987848147329,388952,10.364,74.9,10.408,-91.3,1.04,1.31,11.88,-2.88,-6.38,0.44,-0.08,0.09,11911.7,70.0,64.19,66.26,282.0,272.0
1770041987962852339,389069,8.672,75.8,9.408,-46.3,0.88,1.78,11.75,-2.88,-6.31,-2.13,0.42,-0.82,11913.59,70.0,64.05,68.37,284.0,274.0
1770041988077500965,389184,10.48,88.3,10.096,-61.6,0.76,1.62,11.56,-2.94,-6.25,-1.13,0.57,-0.49,11909.82,70.0,64.22,67.08,284.0,274.0
1770041988192230591,389299,8.604,101.0,10.42,-39.2,1.33,1.09,11.5,-2.94,-6.13,0.19,-0.03,-0.19,11913.93,70.0,64.08,64.83,284.0,274.0
1770041988306846646,389414,8.972,113.9,9.856,-78.4,1.17,1.37,11.31,-3.06,-6.0,0.34,-0.07,-0.25,11915.31,70.0,63.88,63.88,284.0,274.0
1770041988425610964,389530,9.908,89.4,10.212,-64.6,1.35,1.76,11.19,-3.06,-5.81,0.98,-0.28,-1.11,11916.33,70.0,63.15,66.06,284.0,274.0
1770041988523955103,389647,9.484,99.5,10.404,-105.3,1.29,1.43,11.19,-2.81,-5.5,0.48,-0.59,-0.61,202.71,70.0,59.88,63.62,284.0,274.0
1770041988622203116,389746,10.424,91.5,10.156,-68.3,1.7,0.76,11.06,-2.56,-5.44,-0.13,0.25,-0.15,208.54,70.0,59.19,63.36,284.0,274.0
1770041988724642298,389846,9.092,5.0,10.536,1.7,0.04,1.17,10.75,-2.44,-5.25,0.36,-1.42,0.93,210.09,70.0,15.31,27.22,284.0,274.0
1770041988822954938,389946,9.092,6.4,9.384,-0.4,-0.37,0.39,10.75,-2.44,-5.25,0.08,0.17,-0.15,214.55,70.0,0.0,284.0,274.0,
1770041988925330437,390046,9.112,5.7,10.532,0.0,-0.04,0.2,10.75,-2.44,-5.25,-0.16,0.02,-0.04,210.26,70.0,0.0,284.0,274.0,
1770041989023629040,390147,10.644,6.1,10.672,-0.4,-0.1,0.31,10.75,-2.5,-5.31,-0.04,0.0,-0.04,210.26,70.0,0.0,284.0,274.0,
1770041989126016617,390247,9.028,6.3,10.656,-0.4,-0.02,0.37,10.75,-2.5,-5.31,-0.04,0.04,-0.05,205.97,70.0,0.0,284.0,274.0,
1770041989224321873,390346,9.072,6.2,9.508,0.8,0.08,0.37,10.75,-2.5,-5.31,-0.06,0.03,-0.04,210.26,70.0,0.0,284.0,274.0,
1770041989326695246,390447,10.688,5.8,10.628,0.2,0.0,0.31,10.75,-2.5,-5.31,-0.04,0.03,-0.05,205.97,70.0,0.0,284.0,274.0,
1770041989425021946,390547,9.104,6.5,10.644,0.1,0.02,0.35,10.75,-2.5,-5.31,-0.04,0.03,-0.07,205.97,70.0,0.0,284.0,274.0,
1770041989527391819,390647,9.204,6.0,10.64,0.3,-0.02,0.33,10.75,-2.5,-5.31,-0.05,0.04,-0.07,210.26,70.0,0.0,284.0,274.0,
1770041989625699741,390747,9.02,5.4,10.66,0.1,0.0,0.29,10.75,-2.56,-5.38,-0.04,0.04,-0.06,210.09,70.0,0.0,284.0,274.0,
1770041989723970368,390847,9.104,5.3,10.668,0.0,-0.04,0.21,10.75,-2.56,-5.38,-0.05,0.04,-0.05,210.26,70.0,0.0,284.0,274.0,
1770041989826394833,390946,10.028,5.2,10.648,0.3,0.06,0.2,10.75,-2.56,-5.38,-0.05,0.03,-0.02,210.26,70.0,0.0,284.0,274.0,
1770041989924696033,391047,9.144,5.4,9.372,1.4,-0.08,0.23,10.75,-2.56,-5.38,-0.04,0.05,-0.05,210.26,70.0,0.0,284.0,274.0,
1770041990027100053,391147,9.144,4.7,9.708,0.1,-0.06,0.21,10.75,-2.56,-5.38,-0.03,0.04,-0.04,210.09,70.0,0.0,284.0,274.0,
1770041990125384554,391247,9.1,5.9,10.64,-0.1,-0.04,0.14,10.75,-2.56,-5.38,-0.03,0.04,-0.06,210.26,70.0,0.0,284.0,274.0,
1770041990223638667,391347,9.028,5.2,9.476,0.1,0.08,0.25,10.75,-2.56,-5.38,-0.04,0.03,-0.05,210.26,70.0,0.0,284.0,274.0,
1770041990326097950,391447,10.728,5.0,10.66,0.1,-0.14,0.16,10.75,-2.56,-5.38,-0.03,0.05,-0.08,210.09,70.0,0.0,284.0,274.0,
1770041990428433754,391547,9.16,4.9,10.648,0.1,0.0,0.23,10.75,-2.56,-5.38,-0.04,0.05,-0.09,210.26,70.0,0.0,284.0,274.0,
1770041990526771291,391648,9.224,4.7,10.656,0.0,-0.18,0.21,10.75,-2.56,-5.38,-0.04,0.04,-0.08,209.23,70.0,0.0,284.0,274.0,
1770041990625026403,391748,9.224,4.0,10.668,0.9,-0.1,-0.02,10.75,-2.56,-5.38,-0.05,0.04,-0.08,214.38,70.0,0.0,284.0,274.0,
1770041990727458039,391848,9.308,4.8,10.676,0.1,0.0,-0.04,10.75,-2.56,-5.38,-0.03,0.04,-0.07,218.66,70.0,0.0,284.0,274.0,
1770041990825732243,391948,10.744,3.9,9.492,0.8,0.0,-0.02,10.75,-2.56,-5.38,-0.03,0.04,-0.09,210.26,70.0,0.0,284.0,274.0,
1770041990928210526,392048,9.148,3.9,9.364,0.0,-0.23,-0.06,10.75,-2.56,-5.38,-0.04,0.04,-0.08,205.97,70.0,0.0,284.0,274.0,
1770041991026449416,392148,9.032,4.9,10.66,0.0,0.08,-0.04,10.75,-2.56,-5.38,-0.03,0.04,-0.05,209.23,70.0,0.0,284.0,274.0,
1770041991128837094,392248,9.12,4.9,10.68,0.0,-0.1,0.08,10.75,-2.56,-5.38,-0.02,0.02,-0.04,210.26,70.0,0.0,284.0,274.0,
1770041991227108599,392348,9.12,4.8,10.672,0.2,-0.02,-0.16,10.75,-2.56,-5.38,-0.04,0.04,-0.1,205.97,70.0,0.0,284.0,274.0,
1770041991329496165,392449,9.084,4.8,9.508,0.9,-0.04,-0.14,10.75,-2.56,-5.38,-0.05,0.04,-0.06,210.26,70.0,0.0,284.0,274.0,
1770041991427820428,392548,10.744,4.2,10.664,0.1,0.08,-0.04,10.75,-2.56,-5.38,-0.03,0.06,-0.06,210.26,70.0,0.0,284.0,274.0,
1770041991526172950,392648,9.136,3.8,10.66,0.0,-0.02,-0.02,10.75,-2.56,-5.38,-0.04,0.04,-0.07,210.26,70.0,0.0,284.0,274.0,
1770041991628521888,392748,9.176,4.4,9.404,0.9,-0.02,-0.04,10.75,-2.56,-5.38,-0.05,0.03,-0.07,218.66,70.0,0.0,284.0,274.0,
1770041991726822984,392848,9.028,4.7,10.68,0.1,0.1,-0.02,10.75,-2.56,-5.38,-0.04,0.03,-0.06,201.17,70.0,0.0,284.0,274.0,
1770041991829217551,392948,9.024,4.9,10.648,0.1,0.02,-0.08,10.75,-2.56,-5.38,-0.03,0.02,-0.07,201.17,70.0,0.0,284.0,274.0,
1770041991927509296,393049,9.008,4.8,10.66,0.1,-0.04,0.06,10.75,-2.56,-5.38,-0.04,0.02,-0.06,200.14,70.0,0.0,284.0,274.0,
1770041992025800893,393148,9.032,4.7,10.656,0.1,-0.14,0.0,10.75,-2.56,-5.38,-0.05,0.06,-0.05,214.38,70.0,0.0,284.0,274.0,
1770041992128206333,393248,9.12,4.6,10.676,0.1,-0.06,-0.04,10.75,-2.56,-5.38,-0.02,0.04,-0.08,210.09,70.0,0.0,284.0,274.0,
1770041992230597145,393349,10.112,4.0,9.516,0.8,-0.02,-0.06,10.75,-2.56,-5.38,-0.03,0.03,-0.06,210.26,70.0,0.0,284.0,274.0,
1770041992328877116,393449,9.244,4.1,10.68,0.1,-0.14,-0.14,10.75,-2.56,-5.38,-0.02,0.04,-0.07,204.94,70.0,0.0,284.0,274.0,
1770041992437217368,393549,9.776,4.0,9.396,0.4,-0.08,-0.02,10.75,-2.56,-5.38,-0.02,0.03,-0.05,204.94,70.0,0.0,284.0,274.0,
1770041992529592583,393650,9.036,4.8,9.488,0.1,-0.12,-0.04,10.75,-2.56,-5.38,-0.02,0.02,-0.08,210.26,70.0,0.0,284.0,274.0,
1770041992631975376,393750,9.2,3.8,9.616,-0.1,-0.14,-0.2,10.75,-2.56,-5.38,-0.04,0.05,-0.06,205.97,70.0,0.0,284.0,274.0,
1770041992730274995,393850,9.032,4.8,10.632,0.0,0.08,-0.06,10.75,-2.56,-5.38,-0.04,0.03,-0.07,205.97,70.0,0.0,284.0,274.0,
1770041992832685176,393951,9.024,5.0,10.676,0.1,0.04,-0.06,10.75,-2.56,-5.38,-0.02,0.05,-0.08,210.26,70.0,0.0,284.0,274.0,
1770041992930967814,394051,9.036,4.7,10.68,0.3,-0.12,0.02,10.75,-2.56,-5.38,-0.05,0.05,-0.04,213.35,70.0,0.0,284.0,274.0,
1770041993029228620,394151,9.036,4.0,9.472,0.9,-0.06,-0.1,10.75,-2.56,-5.38,-0.02,0.02,-0.03,201.17,70.0,0.0,284.0,274.0,
1770041993131657804,394251,9.152,4.4,10.668,0.2,-0.08,-0.06,10.75,-2.56,-5.38,-0.02,0.03,-0.08,210.26,70.0,0.0,284.0,274.0,
1770041993229971779,394351,9.156,3.6,10.668,0.0,-0.14,-0.1,10.75,-2.56,-5.38,-0.04,0.04,-0.07,210.26,70.0,0.0,284.0,274.0,
1770041993332302336,394451,9.164,3.9,10.676,0.0,-0.04,-0.16,10.75,-2.56,-5.38,-0.03,0.02,-0.05,210.26,70.0,0.0,284.0,274.0,
1770041993430643773,394551,9.172,4.2,10.676,0.6,0.06,-0.14,10.75,-2.56,-5.38,-0.05,0.06,-0.07,214.38,70.0,0.0,284.0,274.0,
1770041993528971099,394650,9.248,3.8,9.404,1.4,-0.06,-0.14,10.75,-2.56,-5.38,-0.03,0.07,-0.06,214.38,70.0,0.0,284.0,274.0,
1770041993631340414,394750,10.728,4.6,10.684,0.1,-0.1,-0.06,10.75,-2.56,-5.38,-0.04,0.04,-0.05,214.38,70.0,0.0,284.0,274.0,
1770041993729657204,394850,9.068,4.5,10.668,0.0,-0.08,-0.1,10.75,-2.56,-5.38,-0.05,0.02,-0.07,213.35,70.0,0.0,284.0,274.0,
1770041993832029926,394950,9.032,5.0,9.484,0.2,0.18,-0.08,10.75,-2.56,-5.38,-0.02,0.03,-0.06,201.17,70.0,0.0,284.0,274.0,
1770041993930334457,395051,9.244,4.2,10.68,0.1,0.02,-0.21,10.75,-2.56,-5.38,-0.03,0.04,-0.02,201.17,70.0,0.0,284.0,274.0,
1770041994032725105,395151,9.232,4.0,9.408,1.2,0.04,-0.16,10.75,-2.56,-5.38,-0.05,0.03,-0.06,201.17,70.0,0.0,284.0,274.0,
1770041994131021417,395251,10.216,4.6,10.692,-0.2,-0.12,-0.12,10.75,-2.56,-5.38,-0.04,0.05,-0.06,200.14,70.0,0.0,284.0,274.0,
1770041994233416310,395352,9.068,4.9,10.676,0.2,0.02,-0.12,10.75,-2.56,-5.38,-0.04,0.03,-0.05,218.66,70.0,0.0,284.0,274.0,
1770041994331669957,395451,9.036,5.0,10.66,0.0,0.1,-0.08,10.75,-2.56,-5.38,-0.03,0.05,-0.05,214.38,70.0,0.0,284.0,274.0,
1770041994429979065,395550,9.04,4.6,10.676,0.0,0.0,-0.04,10.75,-2.56,-5.38,-0.05,0.04,-0.05,214.38,70.0,0.0,284.0,274.0,
1770041994532406031,395651,9.028,4.6,10.688,0.2,-0.02,0.06,10.75,-2.56,-5.38,-0.03,0.03,-0.05,201.17,70.0,0.0,284.0,274.0,
1770041994630700991,395750,9.116,4.8,9.52,0.8,0.0,0.0,10.75,-2.56,-5.38,-0.05,0.05,-0.06,201.17,70.0,0.0,284.0,274.0,
1770041994729012673,395849,10.712,4.2,9.72,0.0,-0.04,-0.12,10.75,-2.56,-5.38,-0.05,0.03,-0.04,201.17,70.0,0.0,284.0,274.0,
1770041994831404177,395949,9.096,4.7,9.5,0.2,-0.12,-0.1,10.75,-2.56,-5.38,-0.03,0.06,-0.05,201.17,70.0,0.0,284.0,274.0,
1770041994929702248,396049,10.228,3.7,10.668,0.0,0.0,0.02,10.75,-2.56,-5.38,-0.04,0.04,-0.06,214.38,70.0,0.0,284.0,274.0,
1770041995027983895,396148,9.156,3.6,10.672,0.1,-0.14,-0.1,10.75,-2.56,-5.38,-0.04,0.04,-0.08,218.66,70.0,0.0,284.0,274.0,
1770041995130381995,396249,10.748,4.0,9.368,1.2,0.04,-0.06,10.75,-2.56,-5.38,-0.03,0.03,-0.04,201.17,70.0,0.0,284.0,274.0,
1770041995228708625,396348,9.032,4.8,10.672,0.1,0.02,0.04,10.75,-2.56,-5.38,-0.04,0.05,-0.06,218.49,70.0,0.0,284.0,274.0,
1770041995326914702,396448,10.656,4.4,9.496,1.0,0.04,0.06,10.75,-2.56,-5.38,-0.01,0.07,-0.09,201.17,70.0,0.0,284.0,274.0,
1770041995429381504,396549,9.22,3.9,10.684,-0.1,-0.08,-0.06,10.75,-2.56,-5.38,-0.03,0.05,-0.05,214.38,70.0,0.0,284.0,274.0,
1770041995531762587,396649,9.144,3.8,10.668,0.1,0.08,0.0,10.75,-2.56,-5.38,-0.04,0.05,-0.08,213.35,70.0,0.0,284.0,274.0,
1770041995630068439,396749,9.16,3.9,9.38,1.3,-0.12,-0.23,10.75,-2.56,-5.38,-0.02,0.04,-0.06,210.09,70.0,0.0,284.0,274.0,
1770041995732464391,396850,9.108,5.0,10.676,0.0,-0.04,-0.02,10.75,-2.56,-5.38,-0.03,0.04,-0.06,205.97,70.0,0.0,284.0,274.0,
1770041995830778503,396950,9.088,4.8,10.684,0.2,-0.04,-0.04,10.75,-2.56,-5.38,-0.04,0.04,-0.05,204.94,70.0,0.0,284.0,274.0,
1770041995933157030,397050,9.02,4.8,10.68,0.0,-0.02,-0.2,10.75,-2.56,-5.38,-0.06,0.04,-0.07,205.97,70.0,0.0,284.0,274.0,
1770041996031460031,397151,10.736,3.9,10.664,0.2,-0.2,-0.14,10.75,-2.56,-5.38,-0.04,0.04,-0.07,205.97,70.0,0.0,284.0,274.0,
1770041996129697222,397251,9.072,4.5,10.688,0.2,-0.06,-0.1,10.75,-2.56,-5.38,-0.04,0.04,-0.07,209.06,70.0,0.0,284.0,274.0,
1770041996232153658,397350,9.116,4.5,10.668,-0.2,-0.04,-0.1,10.75,-2.56,-5.38,-0.03,0.04,-0.05,210.09,70.0,0.0,284.0,274.0,
1770041996330386257,397451,9.112,4.3,10.684,0.0,0.1,0.02,10.75,-2.56,-5.38,-0.04,0.03,-0.05,209.06,70.0,0.0,284.0,274.0,
1770041996432839286,397551,9.112,4.8,10.684,0.2,0.02,0.04,10.75,-2.56,-5.38,-0.02,0.03,-0.09,210.09,70.0,0.0,284.0,274.0,
1770041996531128661,397651,10.744,4.4,9.488,0.6,-0.08,-0.08,10.75,-2.56,-5.38,-0.03,0.04,-0.08,218.66,70.0,0.0,284.0,274.0,
1770041996633517506,397751,9.208,3.7,10.692,0.0,0.0,-0.16,10.75,-2.56,-5.38,-0.03,0.05,-0.1,213.35,70.0,0.0,284.0,274.0,
1770041996731886675,397851,9.224,4.1,10.684,0.1,-0.02,0.06,10.75,-2.56,-5.38,-0.03,0.05,-0.07,209.06,70.0,0.0,284.0,274.0,
1770041996834218262,397952,9.232,4.2,9.392,0.9,-0.04,-0.16,10.75,-2.56,-5.38,-0.02,0.04,-0.07,205.8,70.0,0.0,284.0,274.0,
1770041996932517748,398051,10.74,4.4,9.54,0.6,-0.02,-0.1,10.75,-2.56,-5.38,-0.02,0.05,-0.08,205.8,70.0,0.0,284.0,274.0,
1770041997030817586,398150,10.74,4.2,10.692,0.2,-0.04,-0.14,10.75,-2.56,-5.38,-0.03,0.05,-0.09,210.26,70.0,0.0,284.0,274.0,
1770041997133205657,398251,9.228,4.0,10.696,0.2,-0.12,-0.02,10.75,-2.56,-5.38,-0.02,0.04,-0.07,210.09,70.0,0.0,284.0,274.0,
1770041997231509054,398351,9.156,4.1,10.68,0.3,-0.06,-0.02,10.75,-2.56,-5.38,-0.03,0.03,-0.07,218.66,70.0,0.0,284.0,274.0,
1770041997329744767,398450,9.16,4.1,10.68,-0.2,-0.02,-0.14,10.75,-2.56,-5.38,-0.02,0.07,-0.06,218.66,70.0,0.0,284.0,274.0,
1770041997432192152,398551,9.152,3.9,10.68,0.2,-0.06,0.04,10.75,-2.56,-5.38,-0.05,0.05,-0.05,214.38,70.0,0.0,284.0,274.0,
1770041997530548436,398650,9.156,4.0,10.676,-0.1,-0.08,0.02,10.75,-2.56,-5.38,-0.03,0.04,-0.07,210.09,70.0,0.0,284.0,274.0,
1770041997632885712,398750,9.168,4.0,9.4,1.4,0.0,-0.04,10.75,-2.56,-5.38,-0.05,0.05,-0.06,214.38,70.0,0.0,284.0,274.0,
1770041997731189516,398851,9.036,4.6,10.676,-0.1,-0.02,-0.06,10.75,-2.56,-5.38,-0.02,0.03,-0.06,201.17,70.0,0.0,284.0,274.0,
1770041997833587994,398951,9.028,4.3,10.676,0.0,-0.08,-0.1,10.75,-2.56,-5.38,-0.05,0.06,-0.07,200.14,70.0,0.0,284.0,274.0,
1770041997931886688,399050,9.1,4.4,10.652,-0.1,-0.1,-0.18,10.75,-2.56,-5.38,-0.03,0.04,-0.06,201.17,70.0,0.0,284.0,274.0,
1770041998034275129,399151,9.184,3.8,10.684,0.0,-0.02,-0.02,10.75,-2.56,-5.38,-0.05,0.04,-0.06,201.17,70.0,0.0,284.0,274.0,
1770041998132573641,399251,9.16,4.0,10.672,0.1,0.02,-0.1,10.75,-2.56,-5.38,-0.02,0.04,-0.08,201.0,70.0,0.0,284.0,274.0,
1770041998230839153,399350,9.164,3.9,10.668,0.1,-0.04,-0.02,10.75,-2.56,-5.38,-0.04,0.03,-0.05,201.0,70.0,0.0,284.0,274.0,
1770041998333224635,399450,9.176,4.0,10.676,0.2,0.12,-0.08,10.75,-2.56,-5.38,-0.02,0.05,-0.05,196.88,70.0,0.0,284.0,274.0,
1770041998431575609,399550,10.652,4.2,10.32,0.0,0.06,-0.12,10.75,-2.56,-5.38,-0.03,0.05,-0.06,196.88,70.0,0.0,284.0,274.0,
1770041998533955183,399650,9.012,4.8,10.68,0.2,-0.1,-0.06,10.75,-2.56,-5.38,-0.04,0.06,-0.05,201.17,70.0,0.0,284.0,274.0,
1770041998632262547,399751,9.012,4.2,9.5,-0.1,0.08,-0.16,10.75,-2.56,-5.38,-0.04,0.03,-0.05,201.17,70.0,0.0,284.0,274.0,
1770041998734644584,399851,9.236,4.2,10.688,0.1,-0.02,-0.06,10.75,-2.56,-5.38,-0.05,0.02,-0.05,196.88,70.0,0.0,284.0,274.0,
1770041998832956577,399951,9.24,4.2,10.676,0.0,0.12,0.0,10.75,-2.56,-5.38,-0.04,0.02,-0.06,196.88,70.0,0.0,284.0,274.0,
1770041998935344189,400052,9.164,4.0,10.684,0.1,-0.02,-0.08,10.75,-2.56,-5.38,-0.01,0.03,-0.04,196.71,70.0,0.0,284.0,274.0,
1770041999033666571,400152,9.172,3.9,10.676,-0.1,-0.08,-0.2,10.75,-2.56,-5.38,-0.04,0.04,-0.03,201.17,70.0,0.0,284.0,274.0,
1770041999136037242,400252,9.212,3.9,10.684,0.2,-0.02,0.0,10.75,-2.56,-5.38,-0.03,0.03,-0.02,201.17,70.0,0.0,284.0,274.0,
1770041999234374071,400353,9.236,4.1,9.388,0.9,-0.06,-0.08,10.75,-2.56,-5.38,-0.04,0.06,-0.06,210.09,70.0,0.0,284.0,274.0,
1770041999336681800,400453,9.256,5.0,10.684,0.2,0.06,-0.02,10.75,-2.56,-5.38,-0.02,0.05,-0.03,204.94,70.0,0.0,284.0,274.0,
1770041999435003518,400553,9.104,4.9,9.516,0.7,-0.04,-0.08,10.75,-2.56,-5.38,-0.03,0.03,-0.05,205.97,70.0,0.0,284.0,274.0,
1770041999533279922,400653,10.756,4.2,9.488,-0.1,-0.02,0.0,10.75,-2.56,-5.38,-0.03,0.03,-0.07,214.38,70.0,0.0,284.0,274.0,
1770041999635710703,400753,9.156,4.3,9.336,0.1,-0.02,0.0,10.75,-2.56,-5.38,-0.04,0.03,-0.04,201.17,70.0,0.0,284.0,274.0,
1770041999733953145,400854,10.756,4.2,9.516,0.9,0.04,-0.08,10.75,-2.56,-5.38,-0.02,0.04,-0.04,201.17,70.0,0.0,284.0,274.0,
1770041999836407389,400954,9.212,3.9,10.692,0.0,-0.02,-0.04,10.75,-2.56,-5.38,-0.03,0.04,-0.04,200.14,70.0,0.0,284.0,274.0,
1770041999944748187,401054,9.168,4.0,10.7,-0.1,0.02,0.02,10.75,-2.56,-5.38,-0.04,0.04,-0.02,201.17,70.0,0.0,284.0,274.0,
1770042000037096056,401155,9.208,3.8,10.7,0.1,0.04,-0.06,10.75,-2.56,-5.38,-0.04,0.02,-0.08,201.17,70.0,0.0,284.0,274.0,
1770042000135342502,401255,9.248,3.7,10.684,0.1,0.04,-0.16,10.75,-2.56,-5.38,-0.05,0.04,-0.06,201.17,70.0,0.0,284.0,274.0,
1770042000237833859,401355,10.304,4.0,9.384,1.1,0.08,-0.14,10.75,-2.56,-5.38,-0.04,0.05,-0.05,200.14,70.0,0.0,284.0,274.0,
1770042000336011788,401456,10.744,3.9,10.684,0.0,-0.04,0.08,10.75,-2.56,-5.38,-0.02,0.03,-0.07,201.17,70.0,0.0,284.0,274.0,
1770042000438447868,401555,9.032,4.8,10.68,0.0,0.18,-0.02,10.75,-2.56,-5.38,-0.04,0.05,-0.04,201.17,70.0,0.0,284.0,274.0,
1770042000536781756,401654,9.088,4.7,10.688,0.4,-0.04,-0.04,10.75,-2.56,-5.38,-0.04,0.04,-0.06,201.17,70.0,0.0,284.0,274.0,
1770042000639177079,401755,9.032,4.6,10.664,0.3,-0.04,-0.12,10.75,-2.56,-5.38,-0.04,0.04,-0.06,201.0,70.0,0.0,284.0,274.0,
1770042000737465708,401855,9.164,4.0,10.684,0.0,0.0,-0.14,10.75,-2.56,-5.38,-0.03,0.04,-0.06,201.17,70.0,0.0,284.0,274.0,
1770042000839869290,401955,9.168,4.0,10.696,0.2,0.02,-0.1,10.75,-2.56,-5.38,-0.03,0.06,-0.05,201.17,70.0,0.0,284.0,274.0,
1770042000938164919,402056,9.16,4.0,10.688,0.0,0.02,-0.06,10.75,-2.56,-5.38,-0.06,0.05,-0.05,200.14,70.0,0.0,284.0,274.0,
1770042001036389774,402156,9.168,4.2,10.68,0.0,-0.04,0.08,10.75,-2.56,-5.38,-0.03,0.03,-0.05,200.14,70.0,0.0,284.0,274.0,
1770042001138872653,402255,9.168,4.0,10.676,0.0,-0.04,-0.14,10.75,-2.56,-5.38,-0.04,0.06,-0.04,201.17,70.0,0.0,284.0,274.0,
1770042001237100677,402356,9.152,4.1,10.676,0.2,0.04,-0.08,10.75,-2.56,-5.38,-0.03,0.05,-0.05,201.17,70.0,0.0,284.0,274.0,
1770042001339515354,402456,9.216,3.7,10.684,-0.2,-0.2,0.02,10.75,-2.56,-5.38,-0.02,0.06,-0.05,201.0,70.0,0.0,284.0,274.0,
1770042001437850208,402556,9.236,4.1,10.7,0.1,-0.2,-0.14,10.75,-2.56,-5.38,-0.05,0.05,-0.03,201.17,70.0,0.0,284.0,274.0,
1770042001540266626,402656,9.204,4.0,10.712,0.0,-0.04,0.0,10.75,-2.56,-5.38,-0.04,0.05,-0.04,201.17,70.0,0.0,284.0,274.0,
1770042001638531834,402755,9.236,4.1,9.408,1.0,-0.06,-0.06,10.75,-2.56,-5.38,-0.03,0.03,-0.05,201.17,70.0,0.0,284.0,274.0,
1770042001736837096,402854,10.752,3.9,10.7,0.0,0.0,-0.02,10.75,-2.56,-5.38,-0.02,0.04,-0.04,201.17,70.0,0.0,284.0,274.0,
1770042001839241014,402955,9.08,4.3,10.696,0.0,0.12,-0.08,10.75,-2.56,-5.38,-0.02,0.01,-0.06,196.88,70.0,0.0,284.0,274.0,
1770042001937526814,403055,9.024,4.6,9.48,0.2,-0.04,-0.04,10.75,-2.56,-5.38,-0.03,0.06,-0.06,196.88,70.0,0.0,284.0,274.0,
1770042002035812558,403154,9.16,4.2,10.684,0.1,0.02,-0.12,10.75,-2.56,-5.38,-0.04,0.06,-0.07,201.0,70.0,0.0,284.0,274.0,
1770042002138217554,403254,9.156,4.1,10.68,0.1,-0.02,0.04,10.75,-2.56,-5.38,-0.03,0.06,-0.06,201.0,70.0,0.0,284.0,274.0,
1770042002236522393,403354,9.164,4.0,10.692,0.1,-0.12,-0.1,10.75,-2.56,-5.38,-0.04,0.05,-0.07,201.17,70.0,0.0,284.0,274.0,
1770042002338887057,403454,9.16,4.3,10.68,0.2,-0.08,-0.14,10.75,-2.56,-5.38,-0.04,0.02,-0.09,201.17,70.0,0.0,284.0,274.0,
1770042002437217414,403554,9.228,4.2,10.696,0.0,-0.06,-0.06,10.75,-2.56,-5.38,-0.03,0.05,-0.06,201.17,70.0,0.0,284.0,274.0,
1770042002539601077,403654,9.164,3.9,10.684,0.1,0.08,-0.04,10.75,-2.56,-5.38,-0.01,0.04,-0.09,199.97,70.0,0.0,284.0,274.0,
1770042002637909676,403755,9.156,3.8,10.692,0.0,0.04,0.04,10.75,-2.56,-5.38,-0.02,0.04,-0.09,200.14,70.0,0.0,284.0,274.0,
1770042002736201627,403854,9.232,4.0,10.684,0.2,0.08,0.02,10.75,-2.56,-5.38,-0.03,0.06,-0.09,201.17,70.0,0.0,284.0,274.0,
1770042002838614141,403953,9.24,4.0,10.696,-0.1,-0.08,-0.1,10.75,-2.56,-5.38,-0.03,0.05,-0.07,201.0,70.0,0.0,284.0,274.0,
1770042002936886704,404054,9.232,4.1,10.696,0.1,-0.08,-0.06,10.75,-2.56,-5.38,-0.03,0.05,-0.06,201.17,70.0,0.0,284.0,274.0,
1770042003039309847,404154,9.16,3.8,10.692,0.1,0.02,-0.14,10.75,-2.56,-5.38,-0.04,0.04,-0.09,201.17,70.0,0.0,284.0,274.0,
1770042003137641708,404254,10.28,3.7,10.704,0.0,-0.1,-0.02,10.75,-2.56,-5.38,-0.02,0.03,-0.06,199.97,70.0,0.0,284.0,274.0,
1770042003239986968,404355,9.128,4.8,10.708,0.0,-0.08,-0.04,10.75,-2.56,-5.38,-0.04,0.04,-0.1,200.14,70.0,0.0,284.0,274.0,
1770042003338229423,404455,9.104,4.8,10.68,0.1,-0.21,-0.08,10.75,-2.56,-5.38,-0.04,0.04,-0.08,199.97,70.0,0.0,284.0,274.0,
1770042003446599902,404555,9.1,4.6,10.692,0.1,-0.06,-0.04,10.75,-2.56,-5.38,-0.05,0.03,-0.09,201.17,70.0,0.0,284.0,274.0,
1770042003539001190,404655,9.116,4.7,10.696,0.2,-0.12,-0.04,10.75,-2.56,-5.38,-0.04,0.05,-0.06,201.0,70.0,0.0,284.0,274.0,
1770042003637260886,404754,9.088,4.8,10.692,-0.3,0.06,0.06,10.75,-2.56,-5.38,-0.04,0.06,-0.05,201.0,70.0,0.0,284.0,274.0,
1770042003735575525,404853,9.028,4.7,10.672,0.1,-0.04,-0.06,10.75,-2.56,-5.38,-0.02,0.04,-0.05,201.17,70.0,0.0,284.0,274.0,
1770042003837957635,404954,10.3,4.2,10.688,0.1,-0.18,-0.04,10.75,-2.56,-5.38,-0.02,0.05,-0.06,201.17,70.0,0.0,284.0,274.0,
1770042003946317466,405054,10.684,4.4,9.344,0.2,-0.08,0.02,10.75,-2.56,-5.38,-0.03,0.04,-0.06,201.17,70.0,0.0,284.0,274.0,
1770042004038648071,405154,9.084,4.9,10.696,0.4,-0.04,0.06,10.75,-2.56,-5.38,0.0,0.04,-0.03,201.0,70.0,0.0,284.0,274.0,
1770042004136894400,405255,9.252,3.9,10.692,-0.1,0.1,-0.1,10.75,-2.56,-5.38,-0.04,0.04,-0.06,201.0,70.0,0.0,284.0,274.0,
1770042004239352161,405355,9.16,3.8,10.688,0.0,0.06,-0.12,10.75,-2.56,-5.38,-0.05,0.05,-0.03,199.97,70.0,0.0,284.0,274.0,
1770042004337592860,405455,9.168,3.9,10.692,0.2,-0.08,-0.14,10.75,-2.56,-5.38,-0.05,0.04,-0.06,201.17,70.0,0.0,284.0,274.0,
1770042004440017158,405555,9.16,4.2,10.688,0.1,0.1,-0.04,10.75,-2.56,-5.38,-0.01,0.04,-0.06,196.88,70.0,0.0,284.0,274.0,
1770042004538342800,405654,9.172,4.1,10.688,0.0,-0.04,-0.04,10.75,-2.56,-5.38,-0.04,0.05,-0.06,195.85,70.0,0.0,284.0,274.0,
1770042004636577037,405754,9.12,4.8,10.692,0.1,0.04,-0.06,10.75,-2.56,-5.38,-0.01,0.04,-0.05,196.88,70.0,0.0,284.0,274.0,
1770042004739015224,405855,9.12,4.3,9.632,0.3,0.0,-0.27,10.75,-2.56,-5.38,-0.05,0.04,-0.08,201.17,70.0,0.0,284.0,274.0,
1770042004837270182,405955,9.184,3.9,10.692,0.2,-0.06,-0.1,10.75,-2.56,-5.38,-0.04,0.04,-0.03,201.17,70.0,0.0,284.0,274.0,
1770042004939713128,406055,9.18,4.1,9.368,1.0,-0.04,0.02,10.75,-2.56,-5.38,-0.02,0.05,-0.04,201.17,70.0,0.0,284.0,274.0,
1770042005037994234,406156,9.692,4.4,10.64,0.2,-0.1,-0.12,10.75,-2.56,-5.38,-0.04,0.05,-0.02,201.17,70.0,0.0,284.0,274.0,
1770042005140416332,406255,9.24,4.3,10.704,0.3,0.04,-0.14,10.75,-2.56,-5.38,-0.04,0.05,-0.06,201.0,70.0,0.0,284.0,274.0,
1770042005238668590,406355,9.208,4.1,10.704,0.1,-0.12,-0.1,10.75,-2.56,-5.38,-0.03,0.04,-0.07,201.17,70.0,0.0,284.0,274.0,
1770042005341087373,406455,9.264,3.8,10.7,0.3,0.02,-0.06,10.75,-2.56,-5.38,-0.04,0.05,-0.06,218.66,70.0,0.0,284.0,274.0,
1770042005439416203,406555,9.204,4.1,10.696,0.2,0.06,-0.02,10.75,-2.56,-5.38,-0.04,0.05,-0.03,200.14,70.0,0.0,284.0,274.0,
1770042005537639739,406656,9.168,3.6,9.364,1.3,0.06,-0.23,10.75,-2.56,-5.38,-0.02,0.07,-0.05,201.17,70.0,0.0,284.0,274.0,
1770042005640082077,406755,9.032,4.9,10.696,0.4,-0.12,0.06,10.75,-2.56,-5.38,-0.02,0.05,-0.04,201.17,70.0,0.0,284.0,274.0,
1770042005738381019,406855,9.084,4.6,10.688,0.0,0.0,-0.08,10.75,-2.56,-5.38,-0.02,0.03,-0.06,201.17,70.0,0.0,284.0,274.0,
1770042005840781470,406956,9.028,4.7,10.688,0.1,-0.08,-0.06,10.75,-2.56,-5.38,-0.03,0.05,-0.07,201.17,70.0,0.0,284.0,274.0,
1770042005939040264,407056,9.172,3.8,9.408,1.1,0.08,-0.04,10.75,-2.56,-5.38,-0.04,0.05,-0.05,205.46,70.0,0.0,284.0,274.0,
1770042006041470251,407156,10.748,4.3,9.384,-0.1,0.1,-0.12,10.75,-2.56,-5.38,-0.04,0.05,-0.06,201.17,70.0,0.0,284.0,274.0,
1770042006139764400,407257,9.056,4.2,10.708,0.2,-0.14,-0.14,10.75,-2.56,-5.38,-0.02,0.03,-0.04,201.17,70.0,0.0,284.0,274.0,
1770042006242174149,407356,9.244,4.2,10.58,1.0,-0.06,-0.1,10.75,-2.56,-5.38,-0.01,0.07,-0.05,201.17,70.0,0.0,284.0,274.0,
1770042006340418022,407456,9.268,4.9,10.704,-0.1,0.08,0.02,10.75,-2.56,-5.38,-0.06,0.05,-0.06,205.46,70.0,0.0,284.0,274.0,
1770042006442859567,407557,9.1,4.4,9.492,0.2,0.02,-0.06,10.75,-2.56,-5.38,-0.04,0.06,-0.05,209.57,70.0,0.0,284.0,274.0,
1770042006541149234,407657,9.204,4.3,10.688,0.2,-0.08,-0.1,10.75,-2.56,-5.38,-0.01,0.04,-0.04,205.46,70.0,0.0,284.0,274.0,
1770042006639440013,407756,9.168,4.1,10.704,0.1,0.06,-0.1,10.75,-2.56,-5.38,-0.03,0.05,-0.04,205.29,70.0,0.0,284.0,274.0,
1770042006741847873,407856,9.172,4.5,9.364,1.3,0.06,-0.04,10.75,-2.56,-5.38,-0.04,0.05,-0.06,205.46,70.0,0.0,284.0,274.0,
1770042006840135615,407955,9.112,4.7,10.704,0.2,0.02,0.0,10.75,-2.56,-5.38,-0.02,0.05,-0.04,204.43,70.0,0.0,284.0,274.0,
1770042006948486049,408055,9.016,4.2,10.692,0.1,0.06,-0.16,10.75,-2.56,-5.38,-0.04,0.02,-0.05,201.17,70.0,0.0,284.0,274.0,
1770042007040839755,408156,9.164,4.0,10.688,0.1,0.0,-0.04,10.75,-2.56,-5.38,-0.03,0.05,-0.03,201.17,70.0,0.0,284.0,274.0,
1770042007139119944,408256,9.172,4.5,10.664,0.1,0.04,-0.08,10.75,-2.56,-5.38,-0.02,0.04,-0.05,201.17,70.0,0.0,284.0,274.0,
1770042007241515068,408356,10.112,3.9,9.384,1.1,-0.12,-0.02,10.75,-2.56,-5.38,-0.02,0.03,-0.08,205.46,70.0,0.0,284.0,274.0,
1770042007343872840,408457,9.108,4.6,9.524,0.7,0.12,0.02,10.75,-2.56,-5.38,-0.03,0.02,-0.04,205.46,70.0,0.0,284.0,274.0,
1770042007442211139,408557,10.384,4.2,9.376,1.1,0.04,-0.06,10.75,-2.56,-5.38,-0.04,0.04,-0.05,205.46,70.0,0.0,284.0,274.0,
1770042007550561132,408657,9.032,4.4,9.496,-0.1,0.0,-0.02,10.75,-2.56,-5.38,-0.03,0.04,-0.05,205.46,70.0,0.0,284.0,274.0,
1770042007642907100,408758,9.164,4.1,10.7,0.0,-0.04,-0.02,10.75,-2.56,-5.38,-0.03,0.02,-0.06,205.29,70.0,0.0,284.0,274.0,
1770042007745318519,408858,9.2,4.1,10.696,0.2,0.04,-0.02,10.75,-2.56,-5.38,-0.03,0.04,-0.06,204.43,70.0,0.0,284.0,274.0,
1770042007843596430,408958,9.168,4.0,10.692,-0.1,-0.1,-0.02,10.75,-2.56,-5.38,-0.02,0.04,-0.08,205.46,70.0,0.0,284.0,274.0,
1770042007945998368,409059,10.728,4.6,10.692,0.2,0.0,-0.06,10.75,-2.56,-5.38,-0.04,0.04,-0.05,205.46,70.0,0.0,284.0,274.0,
1770042008044283614,409159,9.064,4.9,10.684,0.1,-0.06,-0.06,10.75,-2.56,-5.38,-0.05,0.04,-0.08,209.74,70.0,0.0,284.0,274.0,
1770042008146685148,409260,9.096,4.8,10.692,0.1,-0.08,0.06,10.75,-2.56,-5.38,-0.04,0.05,-0.05,205.46,70.0,0.0,284.0,274.0,
1770042008244994117,409360,9.02,4.7,10.684,-0.2,-0.18,-0.1,10.75,-2.56,-5.38,-0.03,0.03,-0.09,204.26,70.0,0.0,284.0,274.0,
1770042008347337486,409460,9.064,4.7,9.516,0.2,0.02,-0.12,10.75,-2.56,-5.38,-0.03,0.04,-0.04,204.43,70.0,0.0,284.0,274.0,
1770042008445659418,409561,9.164,4.2,10.696,0.2,0.02,0.02,10.75,-2.56,-5.38,-0.02,0.04,-0.03,196.02,70.0,0.0,284.0,274.0,
1770042008543936777,409661,9.184,4.1,10.704,-0.1,-0.08,-0.06,10.75,-2.56,-5.38,-0.03,0.02,-0.05,201.17,70.0,0.0,284.0,274.0,
1770042008646370273,409760,9.108,5.0,10.708,-0.1,-0.06,-0.1,10.75,-2.56,-5.38,-0.01,0.04,-0.06,201.17,70.0,0.0,284.0,274.0,
1770042008744637188,409861,9.04,4.9,10.7,0.0,-0.02,-0.12,10.75,-2.56,-5.38,-0.05,0.04,-0.06,201.17,70.0,0.0,284.0,274.0,
1770042008847064999,409961,9.028,4.7,10.696,0.0,-0.1,0.1,10.75,-2.56,-5.38,-0.02,0.05,-0.05,201.17,70.0,0.0,284.0,274.0,
1770042008945358191,410060,9.116,4.5,10.716,0.1,-0.12,-0.04,10.75,-2.56,-5.38,-0.02,0.06,-0.08,205.46,70.0,0.0,284.0,274.0,
1770042009047754985,410161,9.072,4.9,10.704,0.1,-0.08,-0.04,10.75,-2.56,-5.38,-0.04,0.03,-0.08,201.17,70.0,0.0,284.0,274.0,
1770042009146052476,410261,9.024,4.9,10.704,-0.1,-0.02,-0.12,10.75,-2.56,-5.38,-0.01,0.04,-0.05,201.17,70.0,0.0,284.0,274.0,
1770042009248432199,410361,9.024,4.2,9.516,0.7,0.02,-0.08,10.75,-2.56,-5.38,-0.04,0.04,-0.09,201.34,70.0,0.0,284.0,274.0,
1770042009346718005,410462,9.176,3.9,10.692,-0.2,-0.06,-0.06,10.75,-2.56,-5.38,-0.01,0.04,-0.07,201.17,70.0,0.0,284.0,274.0,
1770042009449140226,410562,9.164,4.1,9.368,1.1,-0.1,-0.12,10.75,-2.56,-5.38,-0.02,0.05,-0.05,201.17,70.0,0.0,284.0,274.0,
1770042009547454884,410662,9.028,4.9,10.7,-0.1,0.02,-0.1,10.75,-2.56,-5.38,-0.03,0.04,-0.06,201.17,70.0,0.0,284.0,274.0,
1770042009649825032,410763,9.004,4.9,10.692,-0.1,-0.02,-0.04,10.75,-2.56,-5.38,-0.03,0.04,-0.1,201.17,70.0,0.0,284.0,274.0,
1770042009748124672,410863,10.236,3.6,10.692,0.0,0.06,0.02,10.75,-2.56,-5.38,-0.02,0.05,-0.06,200.14,70.0,0.0,284.0,274.0,
1770042009850520338,410963,9.176,4.3,9.344,1.3,-0.14,0.06,10.75,-2.56,-5.38,-0.04,0.04,-0.07,200.14,70.0,0.0,284.0,274.0,
1770042009948829273,411064,9.096,4.8,10.708,0.5,0.04,-0.21,10.75,-2.56,-5.38,-0.02,0.03,-0.07,204.43,70.0,0.0,284.0,274.0,
1770042010051210960,411164,9.096,4.8,10.376,0.0,-0.02,-0.06,10.75,-2.56,-5.38,-0.03,0.05,-0.08,201.17,70.0,0.0,284.0,274.0,
1770042010149511972,411265,9.244,3.9,10.704,0.1,-0.04,-0.08,10.75,-2.56,-5.38,0.0,0.05,-0.07,201.17,70.0,0.0,284.0,274.0,
1770042010251982418,411365,9.172,4.0,10.7,-0.1,-0.04,-0.08,10.75,-2.56,-5.38,-0.02,0.07,-0.06,201.17,70.0,0.0,284.0,274.0,
1770042010350131138,411465,9.164,4.0,10.696,0.1,-0.02,0.02,10.75,-2.56,-5.38,-0.02,0.03,-0.08,201.17,70.0,0.0,284.0,274.0,
1770042010452597343,411566,9.252,3.8,10.696,0.0,-0.14,-0.04,10.75,-2.56,-5.38,0.0,0.03,-0.03,201.17,70.0,0.0,284.0,274.0,
1770042010550843283,411666,10.764,4.5,10.708,-0.2,-0.02,0.0,10.75,-2.56,-5.38,-0.04,0.03,-0.05,201.17,70.0,0.0,284.0,274.0,
1770042010653277488,411766,9.02,4.7,10.696,0.1,-0.1,-0.06,10.75,-2.56,-5.38,-0.03,0.06,-0.05,201.17,70.0,0.0,284.0,274.0,
1770042010751574371,411866,9.02,3.9,9.36,1.3,0.02,-0.08,10.75,-2.56,-5.38,-0.02,0.07,-0.03,201.17,70.0,0.0,284.0,274.0,
1770042010853976596,411966,9.108,4.8,10.716,0.1,-0.2,0.02,10.75,-2.56,-5.38,-0.03,0.04,-0.04,201.17,70.0,0.0,284.0,274.0,
1770042010952277090,412066,9.084,4.8,10.712,0.0,0.04,-0.14,10.75,-2.56,-5.38,-0.04,0.03,-0.03,201.34,70.0,0.0,284.0,274.0,
1770042011054682224,412167,9.052,4.2,10.708,0.0,0.02,-0.08,10.75,-2.56,-5.38,-0.02,0.05,-0.05,201.17,70.0,0.0,284.0,274.0,
1770042011152938703,412267,9.228,4.0,10.708,0.2,-0.14,-0.08,10.75,-2.56,-5.38,-0.03,0.04,-0.05,205.46,70.0,0.0,284.0,274.0,
1770042011255325265,412367,9.248,4.1,10.704,0.2,-0.02,-0.1,10.75,-2.56,-5.38,-0.03,0.04,-0.05,205.29,70.0,0.0,284.0,274.0,
1770042011353619151,412468,9.248,4.5,9.38,1.3,-0.04,-0.14,10.75,-2.56,-5.38,-0.04,0.04,-0.04,205.46,70.0,0.0,284.0,274.0,
1770042011456059952,412568,9.036,4.5,9.52,0.0,0.06,-0.12,10.75,-2.56,-5.38,-0.04,0.04,-0.05,205.46,70.0,0.0,284.0,274.0,
1770042011554351208,412667,9.168,3.8,10.7,-0.2,0.02,-0.12,10.75,-2.56,-5.38,-0.03,0.03,-0.06,201.34,70.0,0.0,284.0,274.0,
1770042011652644446,412768,9.164,4.0,10.7,0.2,0.1,-0.16,10.75,-2.56,-5.38,-0.03,0.04,-0.04,201.17,70.0,0.0,284.0,274.0,
1770042011755045785,412868,9.168,4.2,10.708,0.1,-0.02,-0.16,10.75,-2.56,-5.38,-0.05,0.04,-0.04,201.17,70.0,0.0,284.0,274.0,
1770042011857444383,412968,9.172,3.8,10.7,0.1,-0.02,-0.16,10.75,-2.56,-5.38,-0.03,0.05,-0.04,196.88,70.0,0.0,284.0,274.0,
1770042011955738899,413069,9.22,3.7,10.704,1.2,-0.12,-0.18,10.75,-2.56,-5.38,-0.02,0.03,-0.06,205.46,70.0,0.0,284.0,274.0,
1770042012053992361,413169,10.764,4.2,9.408,0.3,0.0,0.0,10.75,-2.56,-5.38,-0.03,0.03,-0.05,201.17,70.0,0.0,284.0,274.0,
1770042012156433294,413270,9.116,4.8,10.708,0.3,-0.06,-0.02,10.75,-2.56,-5.38,-0.02,0.06,-0.08,201.17,70.0,0.0,284.0,274.0,
1770042012258784730,413370,9.1,4.7,10.72,0.0,-0.14,-0.14,10.75,-2.56,-5.38,-0.02,0.05,-0.04,201.17,70.0,0.0,284.0,274.0,
1770042012357090044,413470,9.096,4.7,10.712,0.1,0.02,0.06,10.75,-2.56,-5.38,-0.04,0.03,-0.06,201.17,70.0,0.0,284.0,274.0,
1770042012459510738,413571,9.104,4.9,10.708,0.3,0.04,-0.12,10.75,-2.56,-5.38,0.0,0.04,-0.05,201.17,70.0,0.0,284.0,274.0,
1770042012557827033,413671,9.092,4.7,10.708,0.2,-0.29,-0.08,10.75,-2.56,-5.38,-0.01,0.03,-0.02,201.17,70.0,0.0,284.0,274.0,
1770042012666152358,413771,9.028,4.5,10.696,0.2,-0.02,-0.14,10.75,-2.56,-5.38,-0.02,0.05,-0.04,205.29,70.0,0.0,284.0,274.0,
1770042012758514968,413872,9.036,4.4,9.5,0.3,-0.04,-0.16,10.75,-2.56,-5.38,-0.02,0.04,-0.05,200.14,70.0,0.0,284.0,274.0,
1770042012860902310,413972,9.172,4.3,10.696,0.1,-0.06,-0.06,10.75,-2.56,-5.38,-0.03,0.03,-0.03,200.14,70.0,0.0,284.0,274.0,
1770042012959202051,414072,9.18,4.0,10.7,0.1,-0.16,-0.1,10.75,-2.56,-5.38,-0.03,0.06,-0.06,201.17,70.0,0.0,284.0,274.0,
1770042013061596098,414173,9.184,4.2,10.704,0.1,0.12,-0.06,10.75,-2.56,-5.38,-0.02,0.05,-0.04,196.88,70.0,0.0,284.0,274.0,
1770042013159895841,414273,9.192,4.0,10.708,0.2,0.02,0.1,10.75,-2.56,-5.38,-0.02,0.05,-0.07,196.88,70.0,0.0,284.0,274.0,
1770042013262231521,414373,9.116,4.7,9.504,0.9,-0.12,-0.12,10.75,-2.56,-5.38,-0.01,0.03,-0.06,196.88,70.0,0.0,284.0,274.0,
1770042013360538912,414474,9.172,4.0,9.368,1.1,-0.02,-0.21,10.75,-2.56,-5.38,-0.03,0.06,-0.03,201.17,70.0,0.0,284.0,274.0,
1770042013458864802,414573,9.084,4.9,10.712,0.3,-0.12,0.1,10.75,-2.56,-5.38,-0.04,0.03,-0.06,197.05,70.0,0.0,284.0,274.0,
1770042013561267388,414672,9.108,4.8,10.712,0.2,0.1,-0.08,10.75,-2.56,-5.38,0.0,0.03,-0.04,201.17,70.0,0.0,284.0,274.0,
1770042013659573612,414773,9.028,4.7,10.708,0.1,-0.1,-0.12,10.75,-2.56,-5.38,-0.04,0.03,-0.05,196.88,70.0,0.0,284.0,274.0,
1770042013761968309,414873,9.028,4.7,10.696,-0.1,-0.12,-0.1,10.75,-2.56,-5.38,-0.04,0.02,-0.04,201.17,70.0,0.0,284.0,274.0,
1770042013860267738,414973,9.088,5.0,10.712,0.0,0.08,-0.12,10.75,-2.56,-5.38,-0.02,0.03,-0.06,201.34,70.0,0.0,284.0,274.0,
1770042013962653139,415074,9.104,4.9,10.716,0.1,0.08,-0.08,10.75,-2.56,-5.38,-0.04,0.03,-0.05,201.17,70.0,0.0,284.0,274.0,
1770042014060960642,415174,9.084,4.4,10.712,0.2,-0.06,-0.14,10.75,-2.56,-5.38,-0.02,0.02,-0.06,201.17,70.0,0.0,284.0,274.0,
1770042014163320287,415275,9.092,4.9,9.492,0.8,-0.14,-0.12,10.75,-2.56,-5.38,-0.01,0.03,-0.06,201.17,70.0,0.0,284.0,274.0,
1770042014261632681,415375,9.168,4.0,10.704,0.0,-0.08,0.0,10.75,-2.56,-5.38,-0.02,0.05,-0.03,201.17,70.0,0.0,284.0,274.0,
1770042014364007437,415475,9.244,4.1,9.388,1.2,0.0,-0.14,10.75,-2.56,-5.38,-0.02,0.05,-0.05,201.17,70.0,0.0,284.0,274.0,
1770042014462342145,415576,10.76,4.4,9.384,1.0,-0.04,0.04,10.75,-2.56,-5.38,-0.01,0.03,-0.05,201.17,70.0,0.0,284.0,274.0,
1770042014564742900,415676,9.084,5.0,9.52,0.8,0.06,-0.12,10.75,-2.56,-5.38,-0.02,0.04,-0.03,201.17,70.0,0.0,284.0,274.0,
1770042014663030535,415776,9.248,3.9,10.708,0.3,-0.14,-0.06,10.75,-2.56,-5.38,-0.01,0.05,-0.04,201.17,70.0,0.0,284.0,274.0,
1770042014765420994,415877,10.772,4.4,9.508,0.2,-0.12,-0.1,10.75,-2.56,-5.38,-0.03,0.03,-0.04,196.88,70.0,0.0,284.0,274.0,
1770042014863722184,415976,10.212,4.9,10.692,0.1,-0.08,-0.2,10.75,-2.56,-5.38,-0.01,0.03,-0.05,196.88,70.0,0.0,284.0,274.0,
1770042014962037893,416075,9.004,4.8,10.692,0.9,-0.06,-0.14,10.75,-2.56,-5.38,-0.04,0.04,-0.06,200.14,70.0,0.0,284.0,274.0,
1770042015060261068,416175,10.776,3.9,10.704,1.0,-0.08,0.08,10.75,-2.56,-5.38,-0.04,0.04,-0.06,196.88,70.0,0.0,284.0,274.0,
1770042015162726435,416275,10.768,4.0,9.364,0.5,0.1,-0.18,10.75,-2.56,-5.38,-0.04,0.06,-0.07,197.05,70.0,0.0,284.0,274.0,
1770042015265063991,416375,9.044,4.5,10.7,0.0,0.08,-0.04,10.75,-2.56,-5.38,-0.04,0.03,-0.05,201.17,70.0,0.0,284.0,274.0,
1770042015363391406,416476,9.008,4.7,10.692,-0.1,-0.1,-0.14,10.75,-2.56,-5.38,-0.02,0.05,-0.07,200.31,70.0,0.0,284.0,274.0,
1770042015465791478,416576,9.104,4.7,10.72,0.1,-0.1,-0.12,10.75,-2.56,-5.38,-0.04,0.05,-0.07,196.88,70.0,0.0,284.0,274.0,
1770042015564115374,416676,9.02,4.8,10.704,0.0,0.1,-0.12,10.75,-2.56,-5.38,-0.03,0.05,-0.07,197.05,70.0,0.0,284.0,274.0,
1770042015666499392,416777,9.032,4.7,10.704,0.0,-0.1,-0.1,10.75,-2.56,-5.38,-0.04,0.05,-0.06,201.17,70.0,0.0,284.0,274.0,
1770042015764777919,416877,9.02,4.8,10.7,0.2,-0.06,0.04,10.75,-2.56,-5.38,-0.02,0.04,-0.04,200.14,70.0,0.0,284.0,274.0,
1770042015873130881,416977,9.084,4.8,10.708,0.3,0.06,-0.2,10.75,-2.56,-5.38,-0.04,0.06,-0.05,201.17,70.0,0.0,284.0,274.0,
1770042015965478129,417077,9.016,4.5,9.508,0.2,0.08,-0.02,10.75,-2.56,-5.38,-0.04,0.05,-0.05,201.17,70.0,0.0,284.0,274.0,
1770042016063757917,417177,9.16,4.3,10.712,0.0,-0.02,-0.08,10.75,-2.56,-5.38,-0.02,0.04,-0.05,201.17,70.0,0.0,284.0,274.0,
1770042016166184177,417277,9.092,4.8,10.696,0.3,-0.02,-0.12,10.75,-2.56,-5.38,-0.02,0.04,-0.05,205.46,70.0,0.0,284.0,274.0,
1770042016264407670,417378,9.056,4.5,9.528,0.8,-0.06,-0.2,10.75,-2.56,-5.38,-0.03,0.03,-0.05,205.29,70.0,0.0,284.0,274.0,
1770042016366840042,417478,9.244,3.9,10.704,0.0,-0.06,-0.04,10.75,-2.56,-5.38,-0.03,0.04,-0.07,205.29,70.0,0.0,284.0,274.0,
1770042016465201421,417577,9.256,4.0,10.708,0.0,0.02,-0.02,10.75,-2.56,-5.38,-0.02,0.04,-0.05,201.17,70.0,0.0,284.0,274.0,
1770042016563421081,417677,10.78,4.0,10.712,0.1,-0.04,-0.02,10.75,-2.56,-5.38,-0.03,0.02,-0.08,201.17,70.0,0.0,284.0,274.0,
1770042016665849971,417777,9.256,4.0,10.72,0.1,-0.12,-0.06,10.75,-2.56,-5.38,-0.01,0.05,-0.07,201.17,70.0,0.0,284.0,274.0,
1770042016764123852,417878,9.164,3.7,10.704,0.3,0.14,-0.14,10.75,-2.56,-5.38,-0.03,0.03,-0.07,201.17,70.0,0.0,284.0,274.0,
1770042016866542650,417978,9.152,3.8,10.712,-0.2,-0.14,0.0,10.75,-2.56,-5.38,-0.04,0.04,-0.09,201.17,70.0,0.0,284.0,274.0,
1770042016974858153,418078,9.16,4.2,10.708,0.1,0.02,-0.12,10.75,-2.56,-5.38,-0.03,0.03,-0.08,201.17,70.0,0.0,284.0,274.0,
1770042017067285032,418179,9.164,4.1,9.368,0.0,-0.02,0.02,10.75,-2.56,-5.38,-0.02,0.04,-0.07,201.17,70.0,0.0,284.0,274.0,
1770042017169658037,418279,9.016,5.0,10.704,0.1,-0.1,0.06,10.75,-2.56,-5.38,-0.02,0.06,-0.07,200.14,70.0,0.0,284.0,274.0,
1770042017267925736,418379,8.984,4.3,10.676,0.3,-0.04,-0.2,10.75,-2.56,-5.38,0.0,0.04,-0.09,201.17,70.0,0.0,284.0,274.0,
1770042017370301667,418480,9.172,4.2,9.34,1.0,0.02,-0.04,10.75,-2.56,-5.38,-0.01,0.05,-0.08,200.14,70.0,0.0,284.0,274.0,
1770042017468616828,418580,9.024,4.2,10.712,0.1,-0.14,-0.02,10.75,-2.56,-5.38,-0.02,0.03,-0.05,201.17,70.0,0.0,284.0,274.0,
1770042017566918470,418679,9.016,4.4,10.452,0.0,-0.08,-0.08,10.75,-2.56,-5.38,-0.02,0.04,-0.07,201.17,70.0,0.0,284.0,274.0,
1770042017665181280,418779,9.156,3.8,10.7,-0.1,0.0,-0.12,10.75,-2.56,-5.38,-0.03,0.03,-0.04,200.83,70.0,0.0,284.0,274.0,
1770042017767604543,418878,9.24,4.1,9.38,1.0,-0.04,0.0,10.75,-2.56,-5.38,-0.02,0.06,-0.06,201.17,70.0,0.0,284.0,274.0,
1770042017865875409,418978,8.996,4.7,10.696,0.1,-0.08,0.0,10.75,-2.56,-5.38,-0.02,0.07,-0.06,201.17,70.0,0.0,284.0,274.0,
1770042017968300042,419079,9.092,4.3,10.712,0.2,0.06,-0.1,10.75,-2.56,-5.38,-0.03,0.03,-0.04,204.43,70.0,0.0,284.0,274.0,
1770042018066588316,419179,10.692,3.9,10.708,0.2,0.0,-0.16,10.75,-2.56,-5.38,-0.02,0.04,-0.03,201.17,70.0,0.0,284.0,274.0,
1770042018169005563,419279,9.232,4.2,10.712,0.0,0.08,-0.08,10.75,-2.56,-5.38,-0.05,0.03,-0.04,201.17,70.0,0.0,284.0,274.0,
1770042018267257913,419380,9.008,4.9,10.696,0.0,0.06,-0.14,10.75,-2.56,-5.38,-0.04,0.05,-0.06,201.17,70.0,0.0,284.0,274.0,
1770042018369670642,419480,9.092,4.8,10.712,0.0,-0.08,-0.1,10.75,-2.56,-5.38,-0.02,0.04,-0.05,199.97,70.0,0.0,284.0,274.0,
1770042018467983009,419580,10.124,4.1,9.508,0.6,-0.14,-0.04,10.75,-2.56,-5.38,-0.04,0.03,-0.05,201.17,70.0,0.0,284.0,274.0,
1770042018570378109,419680,10.772,4.2,10.72,0.1,0.02,0.02,10.75,-2.56,-5.38,-0.03,0.04,-0.05,201.17,70.0,0.0,284.0,274.0,
1770042018668683087,419780,9.168,4.3,10.708,0.3,-0.14,-0.16,10.75,-2.56,-5.38,-0.02,0.04,-0.07,201.17,70.0,0.0,284.0,274.0,
1770042018771084224,419880,9.156,4.0,9.36,1.1,0.02,-0.06,10.75,-2.56,-5.38,-0.02,0.05,-0.07,200.14,70.0,0.0,284.0,274.0,
1770042018869374517,419981,9.02,4.8,10.712,0.1,0.0,-0.12,10.75,-2.56,-5.38,-0.02,0.08,-0.05,201.17,70.0,0.0,284.0,274.0,
1770042018967657515,420080,9.004,4.8,10.7,-0.1,-0.16,-0.1,10.75,-2.56,-5.38,-0.03,0.05,-0.05,201.17,70.0,0.0,284.0,274.0,
1770042019065948088,420179,9.02,4.7,10.704,0.1,-0.06,0.08,10.75,-2.56,-5.38,-0.06,0.04,-0.06,201.17,70.0,0.0,284.0,274.0,
1770042019168359689,420279,9.024,4.0,9.512,0.6,-0.04,-0.12,10.75,-2.56,-5.38,-0.01,0.05,-0.05,201.17,70.0,0.0,284.0,274.0,
1770042019266638967,420378,10.78,3.8,10.704,0.2,0.06,-0.14,10.75,-2.56,-5.38,-0.02,0.05,-0.05,205.46,70.0,0.0,284.0,274.0,
1770042019369036032,420478,9.172,4.1,10.692,0.2,-0.06,-0.1,10.75,-2.56,-5.38,-0.03,0.04,-0.07,201.17,70.0,0.0,284.0,274.0,
1770042019467341828,420579,9.172,4.0,10.692,0.2,-0.04,0.02,10.75,-2.56,-5.38,-0.03,0.04,-0.05,205.46,70.0,0.0,284.0,274.0,
1770042019569739689,420679,9.164,4.1,9.368,0.1,0.04,-0.02,10.75,-2.56,-5.38,-0.02,0.03,-0.05,204.26,70.0,0.0,284.0,274.0,
1770042019668039763,420780,9.016,4.7,10.7,0.0,-0.08,0.0,10.75,-2.56,-5.38,-0.02,0.03,-0.08,205.46,70.0,0.0,284.0,274.0,
1770042019770437476,420880,10.772,4.1,9.524,0.6,-0.04,-0.12,10.75,-2.56,-5.38,-0.01,0.03,-0.06,205.46,70.0,0.0,284.0,274.0,
1770042019868745716,420980,9.232,4.1,9.388,1.0,-0.1,-0.06,10.75,-2.56,-5.38,-0.05,0.05,-0.02,205.46,70.0,0.0,284.0,274.0,
1770042019971130485,421081,10.212,4.7,10.708,0.2,-0.1,0.0,10.75,-2.56,-5.38,-0.03,0.03,-0.04,204.43,70.0,0.0,284.0,274.0,
1770042020069421987,421181,8.988,4.2,10.712,-0.2,0.1,-0.08,10.75,-2.56,-5.38,0.0,0.03,-0.06,205.46,70.0,0.0,284.0,274.0,
1770042020171819851,421281,9.228,3.9,10.72,0.1,0.0,-0.02,10.75,-2.56,-5.38,-0.03,0.04,-0.05,201.17,70.0,0.0,284.0,274.0,
1770042020270095557,421382,9.22,4.0,10.724,0.3,0.02,-0.12,10.75,-2.56,-5.38,-0.01,0.04,-0.07,209.74,70.0,0.0,284.0,274.0,
1770042020372476218,421482,9.236,3.6,10.716,0.1,-0.1,-0.06,10.75,-2.56,-5.38,-0.03,0.05,-0.04,208.72,70.0,0.0,284.0,274.0,
1770042020470817589,421582,9.232,4.0,10.72,0.1,-0.16,-0.1,10.75,-2.56,-5.38,-0.01,0.04,-0.06,208.54,70.0,0.0,284.0,274.0,
1770042020573205546,421682,9.252,4.3,10.708,0.0,0.02,-0.04,10.75,-2.56,-5.38,-0.01,0.04,-0.05,209.74,70.0,0.0,284.0,274.0,
1770042020671504992,421782,9.188,4.1,10.712,0.1,0.14,-0.04,10.75,-2.56,-5.38,-0.03,0.03,-0.08,205.46,70.0,0.0,284.0,274.0,
1770042020773893449,421882,9.164,3.8,10.7,0.3,0.0,-0.04,10.75,-2.56,-5.38,-0.03,0.05,-0.05,205.46,70.0,0.0,284.0,274.0,
1770042020872215414,421983,9.168,4.2,10.696,0.0,-0.06,-0.06,10.75,-2.56,-5.38,0.0,0.04,-0.03,201.17,70.0,0.0,284.0,274.0,
1770042020974590297,422083,9.232,4.0,10.724,-0.1,0.02,0.06,10.75,-2.56,-5.38,-0.02,0.04,-0.06,205.46,70.0,0.0,284.0,274.0,
1770042021072886541,422183,9.172,4.1,10.708,0.0,0.06,-0.08,10.75,-2.56,-5.38,-0.02,0.08,-0.01,209.74,70.0,0.0,284.0,274.0,
1770042021175280834,422284,9.208,4.1,10.712,0.0,-0.04,-0.04,10.75,-2.56,-5.38,-0.03,0.06,-0.04,204.43,70.0,0.0,284.0,274.0,
1770042021273531099,422384,9.24,4.0,9.924,0.2,0.0,-0.16,10.75,-2.56,-5.38,-0.01,0.02,-0.07,209.57,70.0,0.0,284.0,274.0,
1770042021371823048,422484,9.104,5.0,10.72,0.0,0.04,-0.1,10.75,-2.56,-5.38,-0.03,0.07,-0.09,209.57,70.0,0.0,284.0,274.0,
1770042021474266802,422584,9.012,4.8,10.704,0.2,0.06,-0.02,10.75,-2.56,-5.38,0.0,0.06,-0.09,209.57,70.0,0.0,284.0,274.0,
1770042021572542177,422684,9.08,4.1,10.712,0.0,-0.02,0.08,10.75,-2.56,-5.38,-0.03,0.05,-0.07,209.57,70.0,0.0,284.0,274.0,
1770042021674959654,422785,9.168,4.2,9.372,1.0,-0.14,-0.04,10.75,-2.56,-5.38,-0.01,0.05,-0.08,204.26,70.0,0.0,284.0,274.0,
1770042021773216419,422885,10.78,3.9,9.368,0.1,-0.02,0.0,10.75,-2.56,-5.38,-0.01,0.04,-0.06,205.46,70.0,0.0,284.0,274.0,
1770042021875649896,422985,9.036,4.6,10.716,-0.2,0.02,-0.1,10.75,-2.56,-5.38,0.0,0.04,-0.07,201.17,70.0,0.0,284.0,274.0,
1770042021978047300,423086,9.076,4.7,10.708,0.2,-0.12,-0.06,10.75,-2.56,-5.38,-0.02,0.01,-0.08,205.46,70.0,0.0,284.0,274.0,
1770042022076347843,423186,9.048,4.9,10.716,0.1,0.06,-0.2,10.75,-2.56,-5.38,-0.01,0.04,-0.06,204.43,70.0,0.0,284.0,274.0,
1770042022178723823,423286,9.044,4.7,10.716,0.0,-0.1,0.04,10.75,-2.56,-5.38,-0.03,0.04,-0.07,205.46,70.0,0.0,284.0,274.0,
1770042022277011442,423387,0.0,1.5,1.644,0.3,0.04,-0.08,10.75,-2.56,-5.44,0.08,0.07,-0.28,201.17,70.0,0.0,284.0,274.0,
1770042022375249561,423487,0.0,0.5,0.0,0.3,-0.06,0.06,10.75,-2.56,-5.38,-0.01,-0.01,-0.08,201.17,70.0,0.0,284.0,274.0,
1770042022477732595,423587,0.0,0.9,0.0,1.6,-0.02,-0.04,10.75,-2.56,-5.38,0.0,0.02,-0.05,196.88,70.0,0.0,284.0,274.0,
1770042022576031898,423687,0.0,1.4,0.652,0.4,-0.1,-0.08,10.75,-2.56,-5.38,0.12,0.16,0.1,240.44,70.0,0.0,284.0,274.0,
1770042022684376083,423786,0.0,1.2,0.548,0.2,-0.1,-0.1,10.75,-2.56,-5.38,0.07,0.1,-0.2,209.74,70.0,0.0,284.0,274.0,
1770042022776711441,423886,0.0,1.4,0.456,0.2,-0.02,-0.02,10.75,-2.56,-5.38,-0.11,0.08,-0.1,201.17,70.0,0.0,284.0,274.0,
1770042022879107143,423987,0.0,1.5,0.368,0.6,-0.16,0.02,10.75,-2.56,-5.38,0.01,0.01,-0.08,201.17,70.0,0.0,284.0,274.0,
1770042022977413409,424087,0.0,1.3,0.316,0.3,-0.06,-0.12,10.75,-2.56,-5.38,-0.04,0.06,-0.09,201.17,70.0,0.0,284.0,274.0,
1770042023079808206,424187,0.0,1.3,0.264,0.2,-0.08,-0.04,10.75,-2.56,-5.38,0.0,0.03,-0.06,201.17,70.0,0.0,284.0,274.0,
1770042023178102271,424288,0.0,1.3,0.232,0.3,0.0,-0.08,10.75,-2.56,-5.38,-0.04,0.02,-0.07,200.14,70.0,0.0,284.0,274.0,
1770042023280447014,424388,0.0,1.3,0.176,0.6,-0.1,-0.1,10.75,-2.56,-5.38,-0.03,0.04,-0.07,217.63,70.0,0.0,284.0,274.0,
1770042023378757208,424488,0.0,0.1,0.136,0.4,-0.08,-0.08,10.75,-2.56,-5.38,-0.01,0.02,-0.07,201.17,70.0,0.0,284.0,274.0,
1770042023477052180,424588,0.0,0.9,0.12,0.3,0.08,-0.04,10.75,-2.56,-5.38,-0.03,0.02,-0.07,201.34,70.0,0.0,284.0,274.0,
1770042023579484292,424688,0.0,1.0,0.092,0.1,-0.04,-0.04,10.75,-2.56,-5.38,-0.01,0.04,-0.06,201.17,70.0,0.0,284.0,274.0,
1770042023677784560,424788,0.0,1.1,0.072,0.2,0.02,-0.2,10.75,-2.56,-5.38,-0.01,0.03,-0.07,197.05,70.0,0.0,284.0,274.0,
1770042023780216449,424888,0.0,0.1,0.072,0.6,-0.06,-0.06,10.75,-2.56,-5.38,-0.03,0.04,-0.08,201.17,70.0,0.0,284.0,274.0,
1770042023878480200,424988,0.0,1.5,0.056,0.1,0.0,-0.12,10.75,-2.56,-5.38,-0.02,0.04,-0.06,195.85,70.0,0.0,284.0,274.0,
1770042023980865072,425089,0.0,1.3,0.052,0.5,0.06,-0.04,10.75,-2.56,-5.38,-0.03,0.04,-0.07,200.14,70.0,0.0,284.0,274.0,
1770042024079166786,425189,0.0,1.2,0.036,0.6,0.08,-0.02,10.75,-2.56,-5.38,-0.01,0.0,-0.1,201.17,70.0,0.0,284.0,274.0,
1770042024181571679,425289,0.0,1.2,0.0,1.3,-0.02,0.04,10.75,-2.56,-5.38,0.0,0.05,-0.07,201.17,70.0,0.0,284.0,274.0,
1770042024279811525,425389,0.0,0.6,0.0,0.6,0.08,0.0,10.75,-2.56,-5.38,-0.01,0.02,-0.06,201.34,70.0,0.0,284.0,274.0,
1770042024378147499,425488,0.0,1.2,0.032,0.4,0.06,-0.06,10.75,-2.56,-5.38,-0.04,0.02,-0.06,201.17,70.0,0.0,284.0,274.0,
1770042024480548854,425588,0.0,0.3,0.052,0.2,-0.14,-0.14,10.75,-2.56,-5.38,0.01,0.02,-0.07,195.85,70.0,0.0,284.0,274.0,
1770042024578851550,425689,0.0,1.0,0.0,1.4,0.04,-0.06,10.75,-2.56,-5.38,-0.01,0.04,-0.08,201.34,70.0,0.0,284.0,274.0,
1770042024681247313,425789,0.0,1.3,0.036,0.3,-0.2,-0.14,10.75,-2.56,-5.38,-0.01,0.02,-0.07,201.17,70.0,0.0,284.0,274.0,
1770042024779541825,425889,0.0,1.5,0.0,0.3,-0.04,-0.12,10.75,-2.56,-5.38,-0.02,0.03,-0.09,197.05,70.0,0.0,284.0,274.0,
1770042024881945662,425990,0.0,1.2,0.04,0.5,-0.02,-0.12,10.75,-2.56,-5.38,-0.04,0.02,-0.07,200.14,70.0,0.0,284.0,274.0,
1770042024980239266,426090,0.0,1.3,0.02,-0.1,-0.04,-0.06,10.75,-2.56,-5.38,0.0,0.03,-0.04,201.17,70.0,0.0,284.0,274.0,
1770042025082620679,426190,0.0,1.3,0.024,0.1,0.12,-0.06,10.75,-2.56,-5.38,-0.03,0.05,-0.07,201.17,70.0,0.0,284.0,274.0,
1770042025180918989,426291,0.0,1.5,0.0,1.2,-0.16,-0.08,10.75,-2.56,-5.38,0.01,0.04,-0.04,201.17,70.0,0.0,284.0,274.0,
1770042025283314032,426391,0.0,0.9,0.024,1.2,-0.18,-0.16,10.75,-2.56,-5.38,0.0,0.04,-0.05,201.17,70.0,0.0,284.0,274.0,
1770042025381590121,426490,0.0,1.3,0.02,0.1,0.02,-0.06,10.75,-2.56,-5.38,0.0,0.03,-0.09,201.17,70.0,0.0,284.0,274.0,
1770042025479910578,426590,0.0,1.2,0.028,0.3,-0.1,-0.04,10.75,-2.56,-5.38,-0.01,0.04,-0.04,205.46,70.0,0.0,284.0,274.0,
1770042025582305269,426689,0.0,1.2,0.0,0.3,-0.02,-0.14,10.75,-2.56,-5.38,-0.02,0.05,-0.06,201.17,70.0,0.0,284.0,274.0,
1770042025680606228,426789,0.0,0.6,0.016,0.6,-0.04,-0.08,10.75,-2.56,-5.38,-0.01,0.04,-0.04,201.17,70.0,0.0,284.0,274.0,
1770042025782994938,426890,0.0,0.1,0.0,0.9,0.0,-0.02,10.75,-2.56,-5.38,0.0,0.07,-0.05,201.17,70.0,0.0,284.0,274.0,
1770042025881332210,426990,0.0,0.7,0.012,0.3,-0.08,-0.12,10.75,-2.56,-5.38,-0.06,0.04,-0.06,201.17,70.0,0.0,284.0,274.0,
1770042025979593965,427090,0.0,0.9,0.02,0.3,0.02,-0.02,10.75,-2.56,-5.38,0.0,0.05,-0.04,201.17,70.0,0.0,284.0,274.0,
1770042026081990269,427190,0.0,1.0,0.02,0.3,-0.08,-0.18,10.75,-2.56,-5.38,-0.04,0.04,-0.05,201.17,70.0,0.0,284.0,274.0,
1770042026180279137,427290,0.0,0.7,0.016,0.2,-0.04,-0.04,10.75,-2.56,-5.38,-0.06,0.05,-0.05,201.17,70.0,0.0,284.0,274.0,
1770042026282653776,427390,0.0,0.9,0.02,0.3,0.12,-0.08,10.75,-2.56,-5.38,-0.02,0.06,-0.07,201.17,70.0,0.0,284.0,274.0,
1770042026380941681,427490,0.0,1.1,0.0,1.1,-0.1,-0.08,10.75,-2.56,-5.38,-0.04,0.05,-0.08,200.14,70.0,0.0,284.0,274.0,
1770042026483404780,427590,0.0,1.0,0.008,0.3,-0.04,-0.02,10.75,-2.56,-5.38,-0.02,0.04,-0.08,201.17,70.0,0.0,284.0,274.0,
1770042026581677001,427691,0.0,1.0,0.008,0.1,-0.08,-0.02,10.75,-2.56,-5.38,-0.03,0.03,-0.04,201.17,70.0,0.0,284.0,274.0,
1770042026684062824,427791,0.0,0.9,0.02,0.3,0.04,-0.02,10.75,-2.56,-5.38,0.01,0.03,-0.06,201.17,70.0,0.0,284.0,274.0,
1770042026782347711,427890,0.0,1.0,0.012,0.1,-0.02,-0.14,10.75,-2.56,-5.38,-0.03,0.01,-0.07,201.17,70.0,0.0,284.0,274.0,
1770042026880605913,427991,0.0,0.6,0.008,0.2,0.0,-0.04,10.75,-2.56,-5.38,-0.07,0.0,-0.05,201.17,70.0,0.0,284.0,274.0,
1770042026983068438,428091,0.0,0.7,0.016,0.2,-0.06,-0.16,10.75,-2.56,-5.38,0.0,0.04,-0.05,205.46,70.0,0.0,284.0,274.0,
1770042027081349234,428190,0.0,1.0,0.012,0.3,0.12,-0.12,10.75,-2.56,-5.38,-0.03,0.03,-0.04,201.17,70.0,0.0,284.0,274.0,
1770042027183754615,428290,0.0,0.8,0.0,1.1,-0.02,0.04,10.75,-2.56,-5.38,-0.03,0.01,-0.05,201.17,70.0,0.0,284.0,274.0,
1770042027282003283,428390,0.0,1.3,0.012,0.2,-0.14,-0.14,10.75,-2.56,-5.38,-0.01,0.05,-0.05,201.17,70.0,0.0,284.0,274.0,
1770042027380336189,428489,0.0,1.2,0.008,0.2,-0.1,-0.12,10.75,-2.56,-5.38,-0.01,0.04,-0.07,201.17,70.0,0.0,284.0,274.0,
1770042027482736366,428589,0.0,1.1,0.0,0.2,0.02,-0.04,10.75,-2.56,-5.38,-0.02,0.05,-0.06,200.14,70.0,0.0,284.0,274.0,
1770042027581047107,428689,0.0,0.7,0.012,0.0,0.02,-0.16,10.75,-2.56,-5.31,0.0,0.25,-0.1,201.17,70.0,0.0,284.0,274.0,
1770042027689354880,428789,0.0,0.9,0.016,0.2,-0.1,-0.2,10.75,-2.5,-5.5,-0.1,0.0,0.04,205.46,70.0,0.0,284.0,274.0,
1770042027781753580,428890,0.0,0.9,0.008,0.5,-0.06,0.14,10.75,-2.5,-5.44,-0.02,0.0,-0.07,201.17,70.0,0.0,284.0,274.0,
1770042027890071871,428990,0.0,1.1,0.02,0.2,-0.02,-0.04,10.75,-2.5,-5.44,-0.02,0.0,-0.07,200.14,70.0,0.0,284.0,274.0,
1770042027982418869,429089,0.0,0.6,0.0,0.1,-0.18,-0.02,10.75,-2.56,-5.44,-0.04,0.0,-0.06,201.17,70.0,0.0,284.0,274.0,
1770042028080716148,429189,0.0,1.5,0.0,0.4,-0.25,0.04,10.75,-2.56,-5.44,-0.01,0.0,-0.07,201.17,70.0,0.0,284.0,274.0,
1770042028183122920,429289,0.0,1.3,0.0,0.4,-0.1,-0.04,10.75,-2.56,-5.44,-0.02,-0.01,-0.07,201.17,70.0,0.0,284.0,274.0,
1770042028281412959,429388,0.0,1.1,0.0,1.3,-0.02,-0.04,10.75,-2.56,-5.44,-0.02,0.0,-0.05,201.17,70.0,0.0,284.0,274.0,
1770042028379671018,429488,0.0,0.8,0.0,1.5,-0.06,-0.08,10.75,-2.56,-5.44,-0.02,0.0,-0.05,201.17,70.0,0.0,284.0,274.0,
1770042028477995334,429587,0.0,1.5,0.0,0.7,0.0,0.0,10.75,-2.56,-5.44,-0.03,0.0,-0.06,205.46,70.0,0.0,284.0,274.0,
1770042028580399180,429687,0.0,0.1,0.0,0.2,-0.08,-0.2,10.75,-2.56,-5.44,-0.02,0.0,-0.05,201.17,70.0,0.0,284.0,274.0,
1770042028678684719,429788,0.0,0.9,0.0,0.5,-0.04,-0.04,10.75,-2.56,-5.44,0.0,0.01,-0.05,205.46,70.0,0.0,284.0,274.0,
1770042028781085269,429888,0.0,0.8,0.0,0.3,0.0,-0.12,10.75,-2.56,-5.44,-0.02,-0.01,-0.08,205.46,70.0,0.0,284.0,274.0,
1770042028879338883,429988,0.0,1.1,0.0,0.3,-0.12,0.0,10.75,-2.56,-5.44,-0.02,0.0,-0.09,205.46,70.0,0.0,284.0,274.0,
1770042028981777599,430089,0.0,0.7,0.0,1.5,0.0,-0.04,10.75,-2.56,-5.44,-0.01,0.01,-0.05,205.46,70.0,0.0,284.0,274.0,
1770042029080086380,430188,0.0,1.3,0.0,0.1,-0.02,-0.04,10.75,-2.56,-5.44,-0.01,0.01,-0.09,205.46,70.0,0.0,284.0,274.0,
1770042029182479303,430287,0.0,1.1,0.0,0.7,-0.02,-0.06,10.75,-2.56,-5.44,-0.03,0.01,-0.06,205.46,70.0,0.0,284.0,274.0,
1770042029280737067,430388,0.0,1.0,0.0,0.5,-0.06,-0.06,10.75,-2.56,-5.44,-0.03,0.0,-0.09,205.46,70.0,0.0,284.0,274.0,
1770042029379051423,430487,0.0,0.2,0.0,1.4,-0.02,-0.12,10.75,-2.56,-5.44,-0.03,0.0,-0.09,201.17,70.0,0.0,284.0,274.0,
1770042029481459715,430587,0.052,0.4,0.0,0.1,0.04,-0.14,10.75,-2.56,-5.44,-0.02,0.0,-0.07,205.46,70.0,0.0,284.0,274.0,
1770042029579774663,430687,0.0,1.4,0.0,0.3,0.1,-0.02,10.75,-2.56,-5.44,-0.02,0.0,-0.09,205.46,70.0,0.0,284.0,274.0,
1770042029678060742,430786,0.0,0.0,0.0,0.4,-0.04,-0.08,10.75,-2.56,-5.44,-0.03,0.01,-0.06,204.26,70.0,0.0,284.0,274.0,
1770042029780451887,430886,0.0,0.9,0.0,0.2,0.04,-0.1,10.75,-2.56,-5.44,-0.04,0.0,-0.05,204.43,70.0,0.0,284.0,274.0,
1770042029878801334,430987,0.0,0.7,0.004,0.4,-0.02,-0.14,10.75,-2.56,-5.44,-0.01,0.02,-0.09,204.43,70.0,0.0,284.0,274.0,
1770042029981145017,431087,0.0,0.9,0.016,0.5,0.02,-0.16,10.75,-2.56,-5.44,-0.02,0.0,-0.02,200.14,70.0,0.0,284.0,274.0,
1770042030079454671,431187,0.0,0.9,0.0,0.5,-0.08,-0.08,10.75,-2.56,-5.44,-0.01,0.0,-0.05,200.14,70.0,0.0,284.0,274.0,
1770042030181830744,431287,0.0,0.7,0.0,0.3,-0.12,-0.02,10.75,-2.56,-5.44,-0.02,0.0,-0.08,201.17,70.0,0.0,284.0,274.0,
1770042030280087918,431387,0.0,0.9,0.0,0.3,0.04,-0.04,10.75,-2.56,-5.44,-0.03,0.0,-0.05,201.17,70.0,0.0,284.0,274.0,
1770042030382520879,431488,0.0,0.9,0.004,0.3,-0.02,-0.04,10.75,-2.56,-5.44,-0.02,-0.01,-0.05,201.17,70.0,0.0,284.0,274.0,
1770042030480881773,431588,0.0,1.3,0.0,0.3,-0.02,-0.2,10.75,-2.56,-5.44,-0.02,0.0,-0.07,201.17,70.0,0.0,284.0,274.0,
1770042030583231106,431688,0.0,1.6,0.012,0.2,-0.14,-0.1,10.75,-2.56,-5.44,-0.03,0.0,-0.05,201.17,70.0,0.0,284.0,274.0,
1770042030681527112,431789,0.0,1.2,0.012,0.2,0.02,-0.08,10.75,-2.56,-5.44,-0.05,-0.01,-0.07,200.14,70.0,0.0,284.0,274.0,
1770042030783912759,431889,0.0,1.5,0.004,0.5,0.02,-0.12,10.75,-2.56,-5.44,0.0,0.0,-0.05,201.34,70.0,0.0,284.0,274.0,
1770042030882217173,431989,0.0,1.2,0.008,0.5,0.06,-0.02,10.75,-2.56,-5.44,-0.02,0.01,-0.05,201.17,70.0,0.0,284.0,274.0,
                                                                                                                                                                                                                                                                                                                                                                