timestamp_ns,pos_x,pos_y,vel_n,vel_e,last_gps_pos_x,last_gps_pos_y,distance_traveled,relative_distance,yaw_imu_deg,q_pos,q_vel,q_ori,r_fixed,r_float,error_percent
1776370195806559954,-0.0018901800995809823,-0.000042161038993037964,0.002273611678811722,-0.0008197905670085413,-0.004515996954594188,0.0,0.05377814915278542,0.05377814915278542,359.64530664708207,0.01,0.1,0.001,0.0001,0.25,0.0
1776370195914429548,-0.0015522445637801215,-0.0001258941449588529,0.003991158901724358,-0.0007324838856570881,-0.004515996954594188,0.0,0.22574777329546966,0.2257195487635139,359.2721115648143,0.01,0.1,0.001,0.0001,0.25,0.0
1776370196006777589,-0.0010848091421521715,-0.00018620258086393123,0.006131706603003448,-0.0005735664417687205,-0.004515996954594188,0.0,0.4669961311388813,0.46696337095149165,359.2721115648143,0.01,0.1,0.001,0.0001,0.25,0.0
1776370196109063274,-0.00035405550195481824,-0.0002709078788762768,0.008156533286762734,-0.0010826546857889434,-0.004515996954594188,0.0,0.8353468156808077,0.8353121426709774,358.9228190630421,0.01,0.1,0.001,0.0001,0.25,0.0
1776370196208166584,0.0005267458216361108,-0.0003921273671711055,0.009620099372610836,-0.0013638383619158693,-0.004515996954594188,0.0,1.293626926482062,1.293591438714142,358.91593985189365,0.01,0.1,0.001,0.0001,0.25,0.0
1776370196309822757,0.001676852952280851,-0.0006356977769069672,0.013005781627024331,-0.0034278849122686586,-0.004515996954594188,0.0,1.293626926482062,1.8673776718265156,358.918428996559,0.01,0.1,0.001,0.0001,0.25,0.0
1776370196408482966,-0.00022778240675130792,-0.0005233220035612693,0.011330600950111291,-0.002756481898722927,-0.003010663780713719,0.0,1.293626926482062,1.1329894314710671,359.25979771998095,0.01,0.1,0.001,0.0001,0.25,0.0
1776370196510297994,0.001099808627565382,-0.0008058228051497705,0.014745232003012837,-0.0027922477333184067,-0.003010663780713719,0.0,1.293626926482062,1.7550689308536611,359.25979771998095,0.01,0.1,0.001,0.0001,0.25,0.0
1776370196608481380,0.002684379085307717,-0.001073434127403999,0.017531882184679718,-0.0026588959278009477,-0.003010663780713719,0.0,1.293626926482062,2.4547356716809654,359.9350100372319,0.01,0.1,0.001,0.0001,0.25,0.0
1776370196711365724,0.004621972280524907,-0.0013746153190907944,0.02013725507069329,-0.003196427922629369,-0.003010663780713719,0.0,1.293626926482062,3.2930749969445503,359.58364826307235,0.01,0.1,0.001,0.0001,0.25,0.0
1776370196809677964,0.0066302102070816766,-0.0017399935636753534,0.020713647474868105,-0.004235973818425085,-0.003010663780713719,0.0,1.293626926482062,4.194946291623133,0.2609613993818178,0.01,0.1,0.001,0.0001,0.25,0.0
1776370196912362786,0.008874210299909941,-0.002184088309442729,0.022998066591555316,-0.00441471323253582,-0.003010663780713719,0.0,1.293626926482062,5.241731924425588,0.9644455547382361,0.01,0.1,0.001,0.0001,0.25,0.0
1776370197010268722,0.011258375287875391,-0.0026289171139662385,0.02570176521089562,-0.004671523697596532,-0.003010663780713719,0.0,1.293626926482062,6.33990837885481,0.9661628881278554,0.01,0.1,0.001,0.0001,0.25,0.0
1776370197118307749,0.014033285352834636,-0.0031501770696755454,0.025667643969071723,-0.0049780920835031375,-0.003010663780713719,0.0,1.293626926482062,7.6647436982514145,1.3345938262123738,0.01,0.1,0.001,0.0001,0.25,0.0
1776370197211018063,0.016507418620254052,-0.0036133027447807727,0.027699838991018164,-0.005011608916046338,-0.003010663780713719,0.0,1.293626926482062,8.896360095214984,1.3345938262123738,0.01,0.1,0.001,0.0001,0.25,0.0
1776370197313225184,0.019346430317927293,-0.004129614334920958,0.027856392840664376,-0.005092022013942965,-0.003010663780713719,0.0,1.293626926482062,10.355185989622823,1.6867955325623627,0.01,0.1,0.001,0.0001,0.25,0.0
1776370197411259061,0.022069541367259256,-0.004643856654027948,0.027703282863449055,-0.005400071758701621,-0.003010663780713719,0.0,1.293626926482062,11.854206736873723,2.36076479384185,0.01,0.1,0.001,0.0001,0.25,0.0
1776370197509610017,0.020504366363204213,-0.008928092612815467,0.07616773992749515,-0.017843127796746076,0.0,-0.005565975000194477,1.293626926482062,2.8428401307261386,2.558101175280814,0.01,0.1,0.001,0.0001,0.25,0.0
1776370197612531800,0.028789915795827306,-0.010757893736377769,0.08484408011421268,-0.017715118716044993,0.0,-0.005565975000194477,1.293626926482062,3.962331078167641,2.548049397590699,0.01,0.1,0.001,0.0001,0.25,0.0
1776370197714707439,0.037860499734907155,-0.012592679634907638,0.09271706971851425,-0.018201719276734276,0.0,-0.005565975000194477,1.293626926482062,5.1801458313581135,2.884241174320169,0.01,0.1,0.001,0.0001,0.25,0.0
1776370197812995543,0.04731415799114423,-0.014405179417515082,0.09963260868052831,-0.018676464896346476,0.0,-0.005565975000194477,1.293626926482062,6.451866545609368,3.215705438501026,0.01,0.1,0.001,0.0001,0.25,0.0
1776370197915215831,0.05772852934971627,-0.0163386878796818,0.10411569742757178,-0.01915098147062872,0.0,-0.005565975000194477,1.293626926482062,7.878455467792842,2.8537882655293245,0.01,0.1,0.001,0.0001,0.25,0.0
1776370198014197466,0.06831946292746012,-0.018251512677777075,0.10990700128087463,-0.019503583062293234,0.0,-0.005565975000194477,1.293626926482062,9.360565605901108,2.5243866028212785,0.01,0.1,0.001,0.0001,0.25,0.0
1776370198116186022,0.07991938271582985,-0.02029206174097633,0.11755979416366975,-0.02051024158662142,0.0,-0.005565975000194477,1.293626926482062,10.991798990624856,2.181695161727063,0.01,0.1,0.001,0.0001,0.25,0.0
1776370198214479934,0.09182731314784252,-0.022300257843103487,0.1247313910820186,-0.020350612998327695,0.0,-0.005565975000194477,1.293626926482062,12.663763507092117,2.5276286981613545,0.01,0.1,0.001,0.0001,0.25,0.0
1776370198316528472,0.10497809617157955,-0.024304433309851638,0.1330452908640869,-0.018934477549027145,0.0,-0.005565975000194477,1.293626926482062,14.503238948882263,2.170832661127771,0.01,0.1,0.001,0.0001,0.25,0.0
1776370198414597028,0.12842413816774975,-0.025420003709936707,0.33296175236705466,-0.04525500803807268,0.003010665064237328,-0.005565975000194477,1.293626926482062,5.411163929844998,3.2247380017274443,0.01,0.1,0.001,0.0001,0.25,0.0
1776370198518838608,0.16452202052218692,-0.03018152723154849,0.35961902154751785,-0.046100479611605745,0.003010665064237328,-0.005565975000194477,1.293626926482062,6.923697363592058,3.865745690360671,0.01,0.1,0.001,0.0001,0.25,0.0
1776370198616057074,0.20045219323048996,-0.03473098936460427,0.37952747958424293,-0.04748991431662963,0.003010665064237328,-0.005565975000194477,1.293626926482062,8.43302901816079,3.9033614614696552,0.01,0.1,0.001,0.0001,0.25,0.0
1776370198718621177,0.24049024511733402,-0.03967353270946708,0.4012208699339437,-0.048890463275910324,0.003010665064237328,-0.005565975000194477,1.293626926482062,10.128487715363947,4.2664543637809516,0.01,0.1,0.001,0.0001,0.25,0.0
1776370198816432377,0.2809342399350825,-0.044490513674810175,0.42571458318506156,-0.04959961801283441,0.003010665064237328,-0.005565975000194477,1.293626926482062,11.844305212924485,5.187379233573423,0.01,0.1,0.001,0.0001,0.25,0.0
1776370198914876181,0.32380991551907096,-0.049894757243051646,0.44530859378201654,-0.060188072508628884,0.003010665064237328,-0.005565975000194477,1.293626926482062,13.66796481508755,5.4613153075998335,0.01,0.1,0.001,0.0001,0.25,0.0
1776370199017214057,0.37085807901149215,-0.056779601968189736,0.4743270832088252,-0.07438782524770168,0.003010665064237328,-0.005565975000194477,1.293626926482062,15.666117825045342,4.818042556872593,0.01,0.1,0.001,0.0001,0.25,0.0
1776370199115569983,0.41905164931133077,-0.06392816654768718,0.5055578174085134,-0.07095875208526971,0.003010665064237328,-0.005565975000194477,1.293626926482062,17.686566092039698,4.420857538676224,0.01,0.1,0.001,0.0001,0.25,0.0
1776370199217838427,0.47179961465851944,-0.07129862970489902,0.5259910653093528,-0.07317937693813323,0.003010665064237328,-0.005565975000194477,1.293626926482062,19.890661425484517,0.14572667745946905,0.01,0.1,0.001,0.0001,0.25,0.0
1776370199316115185,0.5248927269995985,-0.0791060127570308,0.5544646356240209,-0.08570246584883928,0.003010665064237328,-0.005565975000194477,1.293626926482062,22.10862845409172,5.5671222309770085,0.01,0.1,0.001,0.0001,0.25,0.0
1776370199418579335,0.7833321613606059,-0.09606533767216623,1.4038091372128432,-0.14828115498410122,-0.010537325799545236,-0.005565975000194477,1.293626926482062,8.351721008958487,166.68596533472962,0.01,0.1,0.001,0.0001,0.25,0.0
1776370199516552477,0.921609067030039,-0.11097693372385982,1.4186332532900063,-0.1560872469742782,-0.010537325799545236,-0.005565975000194477,1.293626926482062,9.938207643398767,170.1125708519632,0.01,0.1,0.001,0.0001,0.25,0.0
1776370199615028757,1.0611428426229463,-0.12748979347414982,1.4155068868296297,-0.1793136869401171,-0.010537325799545236,-0.005565975000194477,1.293626926482062,11.623770827106883,168.96200764888914,0.01,0.1,0.001,0.0001,0.25,0.0
1776370199717950787,1.207151250400895,-0.14665604112013125,1.4220118944311744,-0.1931620388720343,-0.010537325799545236,-0.005565975000194477,1.293626926482062,13.482530359522524,169.20866729523186,0.01,0.1,0.001,0.0001,0.25,0.0
1776370199816731295,1.3486381577107578,-0.16425883568107996,1.4427525521003997,-0.1632515754800406,-0.010537325799545236,-0.005565975000194477,1.293626926482062,15.360910836817713,168.57721179724135,0.01,0.1,0.001,0.0001,0.25,0.0
1776370199914396930,1.4903162306322453,-0.17921064175449594,1.4585960736483163,-0.1429383740939238,-0.010537325799545236,-0.005565975000194477,1.293626926482062,17.30935890119026,168.93815915868274,0.01,0.1,0.001,0.0001,0.25,79.73
1776370200016994213,1.639574108827032,-0.1956556032398713,1.4506861586380282,-0.1776010496113965,-0.010537325799545236,-0.005565975000194477,1.293626926482062,19.45363949591972,170.85229065112242,0.01,0.1,0.001,0.0001,0.25,104.8
1776370200116498711,1.7840811571251625,-0.21181479071878173,1.4540290415586592,-0.1472124321226036,-0.010537325799545236,-0.005565975000194477,1.293626926482062,21.62910050300194,170.39607344506226,0.01,0.1,0.001,0.0001,0.25,159.33
1776370200217512792,1.9319333673352768,-0.22595390005463253,1.4741410338820211,-0.13280852117789746,-0.010537325799545236,-0.005565975000194477,1.293626926482062,23.935016764055074,217.54599330242308,0.01,0.1,0.001,0.0001,0.25,188.4
1776370200315483372,2.079303235090964,-0.2369146846061014,1.5334446062762699,-0.09088373507436112,-0.010537325799545236,-0.005565975000194477,1.293626926482062,26.26240315499444,170.4654942540112,0.01,0.1,0.001,0.0001,0.25,188.4
1776370200414072296,1.4678575767787025,-0.21622775618859863,1.387180338896136,-0.17231135383459106,-0.010537325799545236,-0.0018553250000648256,1.293626926482062,9.517608027426732,333.3592127510154,0.01,0.1,0.001,0.0001,0.25,250.13
1776370200522561035,1.6189112953770288,-0.22768129430608486,1.3973236593370553,-0.03882163235069591,-0.010537325799545236,-0.0018553250000648256,1.293626926482062,11.237510707105095,107.27209542030702,0.01,0.1,0.001,0.0001,0.25,100.0
1776370200615970919,1.7596507753797077,-0.23255042177381985,1.6164499515872284,-0.06544511547448424,-0.010537325799545236,-0.0018553250000648256,1.293626926482062,12.81698818495149,69.96147426143757,0.01,0.1,0.001,0.0001,0.25,100.0
1776370200715441731,1.9186760920068142,-0.23358492683452906,1.581366738304289,0.04464240544643035,-0.010537325799545236,-0.0018553250000648256,1.293626926482062,14.584090193844535,30.97753225355431,0.01,0.1,0.001,0.0001,0.25,70.93
1776370200818159177,2.078981768665861,-0.22432224740436904,1.5398063477948094,0.13570320891424267,-0.010537325799545236,-0.0018553250000648256,1.293626926482062,16.5047427636317,359.444474453427,0.01,0.1,0.001,0.0001,0.25,70.93
1776370200915228684,2.2270705031155966,-0.21029638193116695,1.5109967238978868,0.15324620798632058,-0.010537325799545236,-0.0018553250000648256,1.293626926482062,18.414834795569522,331.9841266471409,0.01,0.1,0.001,0.0001,0.25,120.0
1776370201021970075,2.3894893839722733,-0.21157590537262028,1.5323811793394488,-0.17722170484884062,-0.010537325799545236,-0.0018553250000648256,1.293626926482062,20.61809474580668,356.99759446968926,0.01,0.1,0.001,0.0001,0.25,145.47
1776370201114857259,2.5363030565630775,-0.21725833463656444,1.628850854903157,0.054866088341886665,-0.010537325799545236,-0.0018553250000648256,1.293626926482062,22.617782588099566,209.22631604251103,0.01,0.1,0.001,0.0001,0.25,145.47
1776370201218059745,2.6917873338183185,-0.2007289823522286,1.3841198666547212,0.2654393171832303,-0.010537325799545236,-0.0018553250000648256,1.293626926482062,24.926782474369745,257.19797875516014,0.01,0.1,0.001,0.0001,0.25,174.93
1776370201314826834,2.8251604842497957,-0.176920597638943,1.3782051394463386,0.22766215215764607,-0.010537325799545236,-0.0018553250000648256,1.293626926482062,27.171108657492155,164.22267692430722,0.01,0.1,0.001,0.0001,0.25,201.6
1776370201418207565,0.9661510953207723,-0.7340165371351391,-1.7316875542684795,-2.060171003974549,-0.016558655928019892,0.012987274209481224,1.293626926482062,9.005187091931175,287.6565364537668,0.01,0.1,0.001,0.0001,0.25,232.4
1776370201523068230,0.7868096769901886,-0.9512938132347712,-1.6890307975912522,-2.084127467146427,-0.016558655928019892,0.012987274209481224,1.293626926482062,10.121831405622501,284.8289742846863,0.01,0.1,0.001,0.0001,0.25,262.27
1776370201619371699,0.6287582317832231,-1.153159688406399,-1.5934004340412906,-2.108247062529722,-0.016558655928019892,0.012987274209481224,1.293626926482062,11.2468711218563,252.56241928236028,0.01,0.1,0.001,0.0001,0.25,20.13
1776370201722296958,0.4636907013911977,-1.3657681308754819,-1.6141085641650441,-2.0230529617369664,-0.016558655928019892,0.012987274209481224,1.293626926482062,12.554340356607286,201.11314079505007,0.01,0.1,0.001,0.0001,0.25,34.93
1776370201818406739,0.30917174335777836,-1.558016896012596,-1.6014466963513017,-1.9776634288739308,-0.016558655928019892,0.012987274209481224,1.293626926482062,13.875565223456023,201.1567470358894,0.01,0.1,0.001,0.0001,0.25,50.0
1776370201921235255,0.14354980235576748,-1.75911441528841,-1.6196722735019369,-1.9334067482464241,-0.016558655928019892,0.012987274209481224,1.293626926482062,15.392034237621457,261.6986753328034,0.01,0.1,0.001,0.0001,0.25,85.07
1776370202020020603,-0.013934307105276683,-1.9472424923332858,-1.568571855994976,-1.8752202890118146,-0.016558655928019892,0.012987274209481224,1.293626926482062,16.945877949858474,329.8776691461412,0.01,0.1,0.001,0.0001,0.25,85.07
1776370202118242029,-0.16859280082407554,-2.129205651356632,-1.5807985329721195,-1.8301655008756461,-0.016558655928019892,0.012987274209481224,1.293626926482062,18.58417789988527,22.309152281644334,0.01,0.1,0.001,0.0001,0.25,105.2
1776370202220865869,-0.3326653226968631,-2.3165779447323134,-1.6169436792490763,-1.821684821707137,-0.016558655928019892,0.012987274209481224,1.293626926482062,20.396475314654136,241.4650951056891,0.01,0.1,0.001,0.0001,0.25,126.0
1776370202319190204,-0.4919005544305931,-2.495157201495573,-1.6217413824357987,-1.8104383265989024,-0.016558655928019892,0.012987274209481224,1.293626926482062,22.232338282474366,24.118103958395825,0.01,0.1,0.001,0.0001,0.25,172.0
1776370202420239738,-0.9707582205671315,-1.9863628210073778,-2.8798759233713254,-2.499311209546058,-0.10838393332787856,-0.014842599209546049,1.293626926482062,6.676775959651657,141.09493312667936,0.01,0.1,0.001,0.0001,0.25,172.0
1776370202523710372,-1.2688618708922395,-2.243139339235719,-2.882121127591346,-2.4638804158318672,-0.10838393332787856,-0.014842599209546049,1.293626926482062,7.784617694312138,146.4154778540557,0.01,0.1,0.001,0.0001,0.25,196.4
1776370202622780757,-1.5514837930307965,-2.4877536133596134,-2.8238073707092592,-2.474701656122097,-0.10838393332787856,-0.014842599209546049,1.293626926482062,8.939899927957565,79.726810651399,0.01,0.1,0.001,0.0001,0.25,196.4
1776370202725249206,-1.840465578940388,-2.743971698233459,-2.816230913894599,-2.525889655707038,-0.10838393332787856,-0.014842599209546049,1.293626926482062,10.231248170198235,76.46161035143439,0.01,0.1,0.001,0.0001,0.25,196.4
1776370202823439446,-2.119426706724014,-2.992516638090115,-2.8659014223759933,-2.536698279022523,-0.10838393332787856,-0.014842599209546049,1.293626926482062,11.561107368960164,221.66291424923756,0.01,0.1,0.001,0.0001,0.25,196.4
1776370202926005730,-2.4113118031314573,-3.251019332473986,-2.8257831830626547,-2.5040380387895844,-0.10838393332787856,-0.014842599209546049,1.293626926482062,13.045970785870486,36.40032961600334,0.01,0.1,0.001,0.0001,0.25,196.4
1776370203032356934,-2.706486965799494,-3.5187584704864694,-2.7250982198435354,-2.5308984666745964,-0.10838393332787856,-0.014842599209546049,1.293626926482062,14.691673118512247,320.2914442629299,0.01,0.1,0.001,0.0001,0.25,196.4
1776370203126373592,-2.963435969215907,-3.7597224344605076,-2.7408244845921916,-2.5949840396764485,-0.10838393332787856,-0.014842599209546049,1.293626926482062,16.2375623998545,251.29993491174884,0.01,0.1,0.001,0.0001,0.25,196.4
1776370203224644698,-3.2290076920328294,-4.020475838080082,-2.663870194356325,-2.7116522170456427,-0.10838393332787856,-0.014842599209546049,1.293626926482062,17.94410382560825,263.9979107453569,0.01,0.1,0.001,0.0001,0.25,196.4
1776370203326708523,-3.4995849338122365,-4.2955014871199975,-2.6385955504340943,-2.677988365371924,-0.10838393332787856,-0.014842599209546049,1.293626926482062,19.819095052184004,148.4598783545724,0.01,0.1,0.001,0.0001,0.25,196.4
1776370203425396008,-1.565729327027944,-1.7316374571963598,-1.8464585906886546,-1.6476180090466206,-0.2423585164929654,-0.08348961788416416,1.293626926482062,6.588025236949267,206.33025354197554,0.01,0.1,0.001,0.0001,0.25,196.4
1776370203522669429,-1.7464116429195966,-1.8926387868737973,-1.8669626777156216,-1.661315457491851,-0.2423585164929654,-0.08348961788416416,1.293626926482062,7.7405036969737715,326.91606742962875,0.01,0.1,0.001,0.0001,0.25,196.4
1776370203626109724,-1.942401292178196,-2.067669382505093,-1.9230172417478746,-1.7233655460394617,-0.2423585164929654,-0.08348961788416416,1.293626926482062,9.068871673067342,39.05306595887235,0.01,0.1,0.001,0.0001,0.25,196.4
1776370203915225568,-2.501462513017736,-2.5854558888784913,-1.944447835300957,-1.8585699488944618,-0.2423585164929654,-0.08348961788416416,1.293626926482062,13.352317446733428,62.00840970351941,0.01,0.1,0.001,0.0001,0.25,196.4
1776370203927581129,-2.52554954326061,-2.6084484354974413,-1.9521358667488409,-1.8609580095397376,-0.2423585164929654,-0.08348961788416416,1.4964222605616135,13.553945091864927,48.76940775300398,0.01,0.1,0.001,0.0001,0.25,196.4
1776370203940441662,-2.5507391670645214,-2.632399694545291,-1.9628661046000502,-1.8615758051200912,-0.2423585164929654,-0.08348961788416416,1.7090524753173753,13.765370646788613,48.91271617941438,0.01,0.1,0.001,0.0001,0.25,196.4
1776370204026164426,-2.7226879000574247,-2.791957355071251,-2.0490501559506025,-1.86123134569468,-0.2423585164929654,-0.08348961788416416,1.7090524753173753,15.216275619102909,117.00948603834141,0.01,0.1,0.001,0.0001,0.25,196.4
1776370204127237393,-2.930672681004457,-2.977589985953187,-2.0665609709360706,-1.8120745456893057,-0.2423585164929654,-0.08348961788416416,1.7090524753173753,17.024032818933012,80.80325194738671,0.01,0.1,0.001,0.0001,0.25,196.4
1776370204228547569,-3.137113624381476,-3.161748637117693,-2.0092396779732646,-1.8238028032519182,-0.2423585164929654,-0.08348961788416416,1.7090524753173753,18.94060149560088,2.2372266243808463,0.01,0.1,0.001,0.0001,0.25,196.4
1776370204326456738,-3.3309312747685165,-3.3415117409694326,-1.9494944685956144,-1.8478666039976552,-0.2423585164929654,-0.08348961788416416,1.7090524753173753,20.88850596392262,285.80542975890523,0.01,0.1,0.001,0.0001,0.25,196.4
1776370204423519799,-1.3741839452645992,-1.2971168976668184,-0.6884343636803969,-0.5616592090335095,-0.45611571936800877,-0.17068988576845795,1.7090524753173753,7.7719666769027835,147.43950735962005,0.01,0.1,0.001,0.0001,0.25,196.4
1776370204526945088,-1.4388070953191598,-1.3538478428249585,-0.5612765760359332,-0.5354287961893406,-0.45611571936800877,-0.17068988576845795,1.7090524753173753,9.305014769956824,147.89682902189372,0.01,0.1,0.001,0.0001,0.25,196.4
1776370204628736458,-1.4943860286986599,-1.410447092479186,-0.5306895714895612,-0.5765836308169822,-0.45611571936800877,-0.17068988576845795,1.7090524753173753,10.931222478386509,41.69639136976029,0.01,0.1,0.001,0.0001,0.25,196.4
1776370204726576533,-1.54701243023656,-1.4677745421957045,-0.5452272886926798,-0.595443486728418,-0.45611571936800877,-0.17068988576845795,1.7090524753173753,12.598754587008317,36.02533318799204,0.01,0.1,0.001,0.0001,0.25,196.4
1776370204825142122,-1.6012840031001263,-1.5298099807669259,-0.555921280543816,-0.6632308213920497,-0.45611571936800877,-0.17068988576845795,1.7090524753173753,14.380592144900067,13.266720952599094,0.01,0.1,0.001,0.0001,0.25,196.4
1776370204933842804,-1.6595821219264537,-1.6040569372777582,-0.5167029546948567,-0.7028352978849511,-0.45611571936800877,-0.17068988576845795,1.7090524753173753,16.466292020124918,23.45928533128702,0.01,0.1,0.001,0.0001,0.25,196.4
1776370205026357189,-1.704461312920005,-1.6677914669587481,-0.4534740385362828,-0.6749474339782047,-0.45611571936800877,-0.17068988576845795,1.7090524753173753,18.340992018281238,29.226975902082778,0.01,0.1,0.001,0.0001,0.25,196.4
1776370205124631360,-1.7468432203758786,-1.731535500465841,-0.40903468383927744,-0.6222991554187086,-0.45611571936800877,-0.17068988576845795,1.7090524753173753,20.429068793389394,92.75133238475544,0.01,0.1,0.001,0.0001,0.25,196.4
1776370205227020550,-1.787409247203577,-1.797508071612119,-0.38339559078049595,-0.6664310150973225,-0.45611571936800877,-0.17068988576845795,1.7090524753173753,22.707984980453933,284.5913300845142,0.01,0.1,0.001,0.0001,0.25,196.4
1776370205324996623,-1.819332644271918,-1.8644667748438157,-0.26825205454250917,-0.7003872217402983,-0.45611571936800877,-0.17068988576845795,1.7090524753173753,24.985350507141966,197.15338701971595,0.01,0.1,0.001,0.0001,0.25,196.4
1776370205423493502,-1.2897023659763858,-0.37961594491353706,0.3885261502827012,0.8446352497299381,-0.8791141255964541,-0.2393369052340486,1.7090524753173753,9.243299653630478,254.7319997100069,0.01,0.1,0.001,0.0001,0.25,196.4
1776370205526378054,-1.2487155372041836,-0.29424142402243647,0.4082356783193285,0.8149993553105416,-0.8791141255964541,-0.2393369052340486,1.7090524753173753,10.860656381699497,171.92268843730295,0.01,0.1,0.001,0.0001,0.25,196.4
1776370205624459406,-1.2083183962196116,-0.21578716323499117,0.41557013186348063,0.7848929711037942,-0.8791141255964541,-0.2393369052340486,1.7090524753173753,12.498235380625458,229.6914016319993,0.01,0.1,0.001,0.0001,0.25,196.4
1776370205723566666,-1.1619110736720708,-0.1392766145885238,0.5209477305117842,0.7591197306448327,-0.8791141255964541,-0.2393369052340486,1.7090524753173753,14.244330528235155,245.26240741820834,0.01,0.1,0.001,0.0001,0.25,196.4
1776370205821249993,-1.1119112138319627,-0.06853132681324707,0.502770994693334,0.6893498460134619,-0.8791141255964541,-0.2393369052340486,1.7090524753173753,16.060116249351804,168.65164040757674,0.01,0.1,0.001,0.0001,0.25,196.4
1776370205923445051,-1.057291490770355,-0.002184397235676705,0.5661350263389701,0.6090571858654686,-0.8791141255964541,-0.2393369052340486,1.7090524753173753,18.064096681531705,193.93784848238596,0.01,0.1,0.001,0.0001,0.25,196.4
1776370206312029340,-0.7989110648645759,0.28374980914105663,0.7637683781501214,0.862667590449326,-0.8791141255964541,-0.2393369052340486,1.7090524753173753,26.651946305174814,359.4185916305663,0.01,0.1,0.001,0.0001,0.25,196.4
1776370206324762018,-0.7891531385685358,0.2947701172556382,0.7679888715038773,0.8672529209180743,-0.8791141255964541,-0.2393369052340486,2.0171604967879784,26.959379394839797,1.5955768365091574,0.01,0.1,0.001,0.0001,0.25,196.4
1776370206329837555,-1.4875945069584091,-0.03676454502590113,-0.30177227430518655,0.9947987045732732,-1.449635108420816,-0.5361888807242715,2.0171604967879784,8.67757436225889,176.09069665320797,0.01,0.1,0.001,0.0001,0.25,196.4
1776370206333102281,-1.4885799276095832,-0.03351094123765483,-0.3010706763907861,0.9956325957705691,-1.449635108420816,-0.5361888807242715,2.0661372678955128,8.725868248013795,173.77144593036007,0.01,0.1,0.001,0.0001,0.25,196.4
1776370206423054295,-1.5112605841080875,0.058421279554001324,-0.20320562065689154,1.0483664341183236,-1.449635108420816,-0.5361888807242715,2.0661372678955128,10.096006582911105,169.92200240343652,0.01,0.1,0.001,0.0001,0.25,196.4
1776370206521656893,-1.5276544732648287,0.15938609482982422,-0.1293028179729186,0.9994486244644328,-1.449635108420816,-0.5361888807242715,2.0661372678955128,11.692962097487547,164.04408725133382,0.01,0.1,0.001,0.0001,0.25,196.4
1776370206623317825,-1.5341123210846768,0.26160345032412413,0.0022487774692500073,1.0116127054782196,-1.449635108420816,-0.5361888807242715,2.0661372678955128,13.44528789256533,185.74745839472112,0.01,0.1,0.001,0.0001,0.25,196.4
1776370207046315349,-1.5838599348331743,0.715293104207096,-0.2374859808996281,1.1337100017430788,-1.449635108420816,-0.5361888807242715,2.0661372678955128,21.902055266954356,59.17311828969212,0.01,0.1,0.001,0.0001,0.25,196.4
1776370207059054156,-1.58691858613216,0.7297675145474831,-0.24147147635992028,1.1328532950479733,-1.449635108420816,-0.5361888807242715,2.3512608011926384,22.186598393598192,58.32222825841918,0.01,0.1,0.001,0.0001,0.25,196.4
1776370207124339679,-1.6039220472354205,0.8031442370479484,-0.2794424404771863,1.1150982067234703,-1.449635108420816,-0.5361888807242715,2.3512608011926384,23.666371791943348,71.07413003260777,0.01,0.1,0.001,0.0001,0.25,196.4
1776370207137699330,-1.6077162460254941,0.8180442683656635,-0.2884308023190076,1.114971847669186,-1.449635108420816,-0.5361888807242715,2.6598763254441944,23.974486747870376,72.01795930956689,0.01,0.1,0.001,0.0001,0.25,196.4
1776370207149251485,-1.6110872142782102,0.8309518934472385,-0.2948019296669689,1.118258748232125,-1.449635108420816,-0.5361888807242715,2.9282814484271125,24.24247142702894,64.27954275047824,0.01,0.1,0.001,0.0001,0.25,196.4
1776370207221180129,-1.6330214112184651,0.9123009226151515,-0.31502514043302643,1.1434534196705208,-1.449635108420816,-0.5361888807242715,2.9282814484271125,25.941064750754204,11.510160077547985,0.01,0.1,0.001,0.0001,0.25,196.4
1776370207319649461,-1.6631027390378874,1.023771795199366,-0.2960282837836335,1.1208967048284415,-1.449635108420816,-0.5361888807242715,2.9282814484271125,28.351841236826562,142.07028935503396,0.01,0.1,0.001,0.0001,0.25,196.4
1776370207423384407,-2.571175688071262,-0.5074548200050939,-1.6350148950490773,-0.7424709532570011,-2.027682751980486,-0.8070663085865044,2.9282814484271125,10.199589596225472,62.859124285048644,0.01,0.1,0.001,0.0001,0.25,196.4
1776370207524886647,-2.7411263401792256,-0.583576156129316,-1.7130371126951207,-0.7571301902618273,-2.027682751980486,-0.8070663085865044,2.9282814484271125,11.661710493699758,33.83163298563573,0.01,0.1,0.001,0.0001,0.25,196.4
1776370207623160623,-2.9128485420860355,-0.6584505683697127,-1.781996087034622,-0.7667761752787813,-2.027682751980486,-0.8070663085865044,2.9282814484271125,13.177994279858458,291.886427472633,0.01,0.1,0.001,0.0001,0.25,196.4
1776370207722434581,-3.092032797818188,-0.7321371548139878,-1.8285517199250796,-0.7180023952582293,-2.027682751980486,-0.8070663085865044,2.9282814484271125,14.811151423586528,264.85497469503395,0.01,0.1,0.001,0.0001,0.25,196.4
1776370207824497626,-3.2803001625717085,-0.8047597558437343,-1.8602820073051443,-0.7049351403493808,-2.027682751980486,-0.8070663085865044,2.9282814484271125,16.591912102419045,80.55324678681285,0.01,0.1,0.001,0.0001,0.25,196.4
1776370207991810546,-3.5938970636188228,-0.9229811512275323,-1.88844459407248,-0.7082793660677058,-2.027682751980486,-0.8070663085865044,2.9282814484271125,19.734789459921704,216.80832814443994,0.01,0.1,0.001,0.0001,0.25,196.4
1776370208025341916,-3.657324576741741,-0.9466509599641642,-1.894527352144482,-0.703445893433998,-2.027682751980486,-0.8070663085865044,2.9282814484271125,20.398748145846135,89.79666282853412,0.01,0.1,0.001,0.0001,0.25,196.4
1776370208123454014,-3.845024040811897,-1.015563849273457,-1.9317109895325004,-0.7013377622742807,-2.027682751980486,-0.8070663085865044,2.9282814484271125,22.40245580569726,257.06081555680896,0.01,0.1,0.001,0.0001,0.25,196.4
1776370208231831226,-4.055922966633249,-1.0914312058798674,-1.9603137621612299,-0.6987529617906085,-2.027682751980486,-0.8070663085865044,2.9282814484271125,24.726133804158458,85.81085749578192,0.01,0.1,0.001,0.0001,0.25,196.4
1776370208323606857,-4.238417246340505,-1.1531345113290439,-2.016685857086465,-0.6459139651472768,-2.027682751980486,-0.8070663085865044,2.9282814484271125,26.787048923348664,321.63783971669295,0.01,0.1,0.001,0.0001,0.25,196.4
1776370208425944441,-3.4868295063922323,-1.635037897427022,-1.769033465790377,-1.4913766138717017,-2.3874571982775654,-1.0556798380299048,2.9282814484271125,9.74223108505169,129.30910994319166,0.01,0.1,0.001,0.0001,0.25,196.4
1776370208531736994,-3.673682383084837,-1.7928690506791067,-1.7634291330318375,-1.4924289108844027,-2.3874571982775654,-1.0556798380299048,2.9282814484271125,11.202081748652486,60.50589918055302,0.01,0.1,0.001,0.0001,0.25,196.4
1776370208623431698,-3.8345989721436915,-1.9284784103018162,-1.7467698298790215,-1.465723733865853,-2.3874571982775654,-1.0556798380299048,2.9282814484271125,12.554049551659034,9.513764268356429,0.01,0.1,0.001,0.0001,0.25,196.4
1776370208724766892,-4.0100922962294545,-2.0769686150072983,-1.7169461691396284,-1.4650310422222863,-2.3874571982775654,-1.0556798380299048,2.9282814484271125,14.14127662511789,339.8468831924399,0.01,0.1,0.001,0.0001,0.25,196.4
1776370208823120773,-4.178103946889049,-2.2216792630014357,-1.6993452829330407,-1.4774657895474919,-2.3874571982775654,-1.0556798380299048,2.9282814484271125,15.7751099459106,303.65601258699996,0.01,0.1,0.001,0.0001,0.25,196.4
1776370208925680694,-4.350345114146749,-2.373695888463889,-1.6593992504581891,-1.4868952739878003,-2.3874571982775654,-1.0556798380299048,2.9282814484271125,17.577146367801546,293.3779378692815,0.01,0.1,0.001,0.0001,0.25,196.4
1776370209023988073,-4.513781314503566,-2.5192989657336615,-1.6656457995037859,-1.4753419187400731,-2.3874571982775654,-1.0556798380299048,2.9282814484271125,19.400207707355346,304.99723237677074,0.01,0.1,0.001,0.0001,0.25,196.4
1776370209127308429,-4.684701288702901,-2.6730871136877283,-1.6428579283818991,-1.5015404684364526,-2.3874571982775654,-1.0556798380299048,2.9282814484271125,21.41794016313878,334.7408438296973,0.01,0.1,0.001,0.0001,0.25,196.4
1776370209225647472,-4.844744998466354,-2.822742636169782,-1.6125250505632185,-1.5425406848515022,-2.3874571982775654,-1.0556798380299048,2.9282814484271125,23.435099150317203,281.7700425443183,0.01,0.1,0.001,0.0001,0.25,196.4
1776370209326749898,-5.006138343732963,-2.978290709782596,-1.5800718954160082,-1.5344282195904673,-2.3874571982775654,-1.0556798380299048,2.9282814484271125,25.607485906426415,255.44580308633437,0.01,0.1,0.001,0.0001,0.25,196.4
1776370209426706063,-5.163284912493063,-3.1333137040788714,-1.5634899839921492,-1.566653650325688,-2.3874571982775654,-1.0556798380299048,2.9282814484271125,27.853573855138887,231.87665045589654,0.01,0.1,0.001,0.0001,0.25,196.4
1776370209523893845,-3.359775284399315,-1.8506066942100514,-0.8573819217762049,-0.9952797009779525,-2.3874571982775654,-1.098352309076533,2.9282814484271125,9.696262768307838,192.402085092934,0.01,0.1,0.001,0.0001,0.25,196.4
1776370209622344871,-3.4441556099540325,-1.9464660451495601,-0.8570876529820672,-0.9524248090655656,-2.3874571982775654,-1.098352309076533,2.9282814484271125,11.022446043789165,183.9553872047882,0.01,0.1,0.001,0.0001,0.25,196.4
1776370209730312145,-3.536760611577087,-2.047022035933735,-0.8583104836488754,-0.9102559986124177,-2.3874571982775654,-1.098352309076533,2.9282814484271125,12.595253932194721,179.25985104414346,0.01,0.1,0.001,0.0001,0.25,196.4
1776370209822857286,-3.6157641277505177,-2.1300593658685827,-0.8490192466608086,-0.8842477018567767,-2.3874571982775654,-1.098352309076533,2.9282814484271125,14.040368138071875,181.44426719305443,0.01,0.1,0.001,0.0001,0.25,196.4
1776370209920433982,-3.698751524884721,-2.215242317423066,-0.8518734084119518,-0.8616445858858425,-2.3874571982775654,-1.098352309076533,2.9282814484271125,15.659819726250438,181.72092008090226,0.01,0.1,0.001,0.0001,0.25,196.4
1776370210029164880,-3.7919237542248845,-2.3072496133058067,-0.8619410697542482,-0.8307420501049584,-2.3874571982775654,-1.098352309076533,2.9282814484271125,17.5788040294236,187.48098226361145,0.01,0.1,0.001,0.0001,0.25,196.4
1776370210121510773,-3.8718490808369874,-2.3824254924411736,-0.8691596782320622,-0.7974905279531659,-2.3874571982775654,-1.098352309076533,2.9282814484271125,19.30180929883776,182.51030412375727,0.01,0.1,0.001,0.0001,0.25,196.4
1776370210220846589,-3.9586033405485064,-2.4601473860188565,-0.8775703713506677,-0.7673798020346064,-2.3874571982775654,-1.098352309076533,2.9282814484271125,21.250026360050118,185.6545754899215,0.01,0.1,0.001,0.0001,0.25,196.4
1776370210322486892,-4.048118107281855,-2.536304066061363,-0.8838011816119382,-0.7311462478017321,-2.3874571982775654,-1.098352309076533,2.9282814484271125,23.344697424782304,183.75025514200968,0.01,0.1,0.001,0.0001,0.25,196.4
1776370210420757541,-4.135548892434805,-2.606636687300288,-0.8957030672231322,-0.7003540882346739,-2.3874571982775654,-1.098352309076533,2.9282814484271125,25.46693503273879,180.40516218291017,0.01,0.1,0.001,0.0001,0.25,196.4
1776370210519314880,-2.906599343197452,-1.5204328546322932,-0.11521843794619657,-0.01937555059559527,-2.3106852449153696,-1.1020629590766624,2.9282814484271125,9.782652449852693,140.97494481752665,0.01,0.1,0.001,0.0001,0.25,196.4
1776370210621181371,-2.9171001556561316,-1.5216455855723758,-0.09095254711073883,-0.004434981542727924,-2.3106852449153696,-1.1020629590766624,2.9282814484271125,11.237441118428158,144.20987194601898,0.01,0.1,0.001,0.0001,0.25,196.4
1776370210720305925,-2.925094942050766,-1.5214549997730638,-0.07037840350496291,0.008280911459944924,-2.3106852449153696,-1.1020629590766624,2.9282814484271125,12.76421533618259,142.8668173546288,0.01,0.1,0.001,0.0001,0.25,196.4
1776370210818741910,-2.9308891145086666,-1.5197691500698876,-0.0473344290232718,0.02596835281715958,-2.3106852449153696,-1.1020629590766624,2.9282814484271125,14.386968507194666,139.5589674065287,0.01,0.1,0.001,0.0001,0.25,196.4
1776370210921056187,-2.9345673728273947,-1.516464365252419,-0.02456523554628337,0.0386309491515815,-2.3106852449153696,-1.1020629590766624,2.9282814484271125,16.18379310425381,136.2276836126542,0.01,0.1,0.001,0.0001,0.25,196.4
1776370211018278539,-2.936052795081847,-1.5114790186896596,-0.0059925808564761235,0.06392662632051879,-2.3106852449153696,-1.1020629590766624,2.9282814484271125,17.993530868413306,136.50090672609332,0.01,0.1,0.001,0.0001,0.25,196.4
1776370211120947949,-2.9356342243945415,-1.5031323457933228,0.01414646837147843,0.09866916451078102,-2.3106852449153696,-1.1020629590766624,2.9282814484271125,20.010829029877282,145.32202994464888,0.01,0.1,0.001,0.0001,0.25,196.4
1776370211223056570,-2.9333639185474283,-1.4914661751072027,0.030320702905038778,0.12982939250100842,-2.3106852449153696,-1.1020629590766624,2.9282814484271125,22.123503283516875,160.13542991952232,0.01,0.1,0.001,0.0001,0.25,196.4
1776370211321737463,-2.9297916276138523,-1.477391674863227,0.042083816037303885,0.15543780394728474,-2.3106852449153696,-1.1020629590766624,2.9282814484271125,24.26474311533793,195.94076476408048,0.01,0.1,0.001,0.0001,0.25,196.4
1776370211419678250,-2.9255297411587793,-1.4607148169638666,0.04494160048363593,0.18509461526458723,-2.3106852449153696,-1.1020629590766624,2.9282814484271125,26.48600727692571,202.23933548683175,0.01,0.1,0.001,0.0001,0.25,196.4
1776370211521815520,-2.322656751687778,-1.1121574424848293,0.6430435096485285,0.2959920797477116,-2.3076745798511324,-1.1002076340765978,2.9282814484271125,10.063866238253203,317.6937346013171,0.01,0.1,0.001,0.0001,0.25,196.4
1776370211619749289,-2.257970375154749,-1.0839503142749438,0.6780308818204248,0.2800753510185529,-2.3076745798511324,-1.1002076340765978,2.9282814484271125,11.483551866396907,328.8821595527408,0.01,0.1,0.001,0.0001,0.25,196.4
1776370211722635183,-2.186596944507119,-1.0554694872378274,0.709659759304124,0.273668202741895,-2.3076745798511324,-1.1002076340765978,2.9282814484271125,13.088921552568744,317.2100879094495,0.01,0.1,0.001,0.0001,0.25,196.4
1776370211821057127,-2.115048706363109,-1.028608250742376,0.7442323441067797,0.27216410063341095,-2.3076745798511324,-1.1002076340765978,2.9282814484271125,14.731507328673267,295.9439567487939,0.01,0.1,0.001,0.0001,0.25,196.4
1776370211923945596,-2.0371430723564092,-1.000121730877142,0.770071171876962,0.28154729315814286,-2.3076745798511324,-1.1002076340765978,2.9282814484271125,16.55786647513382,297.35267544720705,0.01,0.1,0.001,0.0001,0.25,196.4
1776370212021456746,-1.9607307133674987,-0.9723541643603959,0.7979482240310879,0.2882569041150164,-2.3076745798511324,-1.1002076340765978,2.9282814484271125,18.38924691355751,294.60095214018816,0.01,0.1,0.001,0.0001,0.25,196.4
1776370212124681013,-1.87650525815605,-0.9416822895524981,0.8330208464937867,0.3056832416651929,-2.3076745798511324,-1.1002076340765978,2.9282814484271125,20.43592109161725,308.729574901884,0.01,0.1,0.001,0.0001,0.25,196.4
1776370212222800225,-1.7927311230078595,-0.9107624134056521,0.8746158877390979,0.32458189008324023,-2.3076745798511324,-1.1002076340765978,2.9282814484271125,22.480377731523372,324.7857027811235,0.01,0.1,0.001,0.0001,0.25,196.4
1776370212320687970,-1.70657141361474,-0.8783051673752633,0.8857373142066496,0.338561212167041,-2.3076745798511324,-1.1002076340765978,2.9282814484271125,24.61710849142727,339.7426167450129,0.01,0.1,0.001,0.0001,0.25,196.4
1776370212422820218,-1.6178218356201335,-0.8425922849843603,0.8522806934024121,0.36081825646306254,-2.3076745798511324,-1.1002076340765978,2.9282814484271125,26.949256032737452,79.81442837392753,0.01,0.1,0.001,0.0001,0.25,196.4
1776370212521907355,-1.9864714226743907,-1.1442466080709264,0.6110402574808826,-0.24323823086520263,-2.2625146077381433,-1.1020629590766624,2.9282814484271125,9.97269149857271,59.06809968042692,0.01,0.1,0.001,0.0001,0.25,196.4
1776370212624342404,-1.9243187082341349,-1.169478216754675,0.602229235877871,-0.2493024628125345,-2.2625146077381433,-1.1020629590766624,2.9282814484271125,11.463218874765676,262.1781795941039,0.01,0.1,0.001,0.0001,0.25,196.4
1776370212721905718,-1.8675383873913873,-1.1946911374300153,0.5620159118123454,-0.2676727870572054,-2.2625146077381433,-1.1020629590766624,2.9282814484271125,12.98530173812151,94.94096998187537,0.01,0.1,0.001,0.0001,0.25,196.4
1776370212824490399,-1.8122112066615192,-1.2234455479733417,0.5164917242250019,-0.2928446825052534,-2.2625146077381433,-1.1020629590766624,2.9282814484271125,14.69368432665246,285.6888516341012,0.01,0.1,0.001,0.0001,0.25,196.4
1776370212923306383,-1.7613287744928972,-1.2512989912925934,0.5134368919285589,-0.27094633750418695,-2.2625146077381433,-1.1020629590766624,2.9282814484271125,16.43949724310762,135.07275158078497,0.01,0.1,0.001,0.0001,0.25,196.4
1776370213026675412,-1.708775085069786,-1.279740233610921,0.503325212069291,-0.27930955694074844,-2.2625146077381433,-1.1020629590766624,2.9282814484271125,18.373083624381845,289.03311212460386,0.01,0.1,0.001,0.0001,0.25,196.4
1776370213132184976,-1.6550560273582866,-1.309972749778499,0.5149124940727169,-0.2937438290419717,-2.2625146077381433,-1.1020629590766624,2.9282814484271125,20.45972153595397,68.2523712893488,0.01,0.1,0.001,0.0001,0.25,196.4
1776370213233267979,-1.6041631868166895,-1.339390131570886,0.4920596626947997,-0.2883121944515827,-2.2625146077381433,-1.1020629590766624,2.9282814484271125,22.56173668484228,115.09292250840117,0.01,0.1,0.001,0.0001,0.25,196.4
1776370213323860737,-1.560365600315345,-1.3656677204513992,0.47489109749996394,-0.291837000374886,-2.2625146077381433,-1.1020629590766624,2.9282814484271125,24.531249425889275,202.41013352180846,0.01,0.1,0.001,0.0001,0.25,196.4
1776370213422502492,-1.5136572739309093,-1.3943000930807907,0.47210019230977696,-0.28867207767369074,-2.2625146077381433,-1.1020629590766624,2.9282814484271125,26.768670672188712,261.8408980824905,0.01,0.1,0.001,0.0001,0.25,196.4
1776370213525985093,-2.0720780464042563,-1.3629506395051885,0.09113109519586003,-0.3589826708836133,-2.227891962708223,-1.1280375067046524,2.9282814484271125,10.078666620042366,51.66893317428047,0.01,0.1,0.001,0.0001,0.25,196.4
1776370213625323212,-2.0635406819767765,-1.3978367781645424,0.08073727007620349,-0.34332114582338974,-2.227891962708223,-1.1280375067046524,2.9282814484271125,11.530511687363138,113.97117551341032,0.01,0.1,0.001,0.0001,0.25,196.4
1776370213726575348,-2.0564210670201475,-1.4321083705174922,0.059897811988535096,-0.3336520096642977,-2.227891962708223,-1.1280375067046524,2.9282814484271125,13.11543905716637,181.6907782247136,0.01,0.1,0.001,0.0001,0.25,196.4
1776370213832744516,-2.0515518738540535,-1.4673158384654266,0.03183245881619741,-0.3296181583178806,-2.227891962708223,-1.1280375067046524,2.9282814484271125,14.89032079154102,219.11479040608543,0.01,0.1,0.001,0.0001,0.25,196.4
1776370213922192050,-2.0488096770765725,-1.4969740740589692,0.02948663919453494,-0.33357868813757297,-2.227891962708223,-1.1280375067046524,2.9282814484271125,16.47475005669673,238.72157721660028,0.01,0.1,0.001,0.0001,0.25,196.4
1776370214032799278,-2.045345369782398,-1.534954440586753,0.033152986397200004,-0.35316060405448063,-2.227891962708223,-1.1280375067046524,2.9282814484271125,18.54497469557796,269.9178628215403,0.01,0.1,0.001,0.0001,0.25,196.4
1776370214122598649,-2.0418243556235294,-1.566855679228357,0.04526731391700648,-0.3573462561263393,-2.227891962708223,-1.1280375067046524,2.9282814484271125,20.31468948876889,304.7347831305418,0.01,0.1,0.001,0.0001,0.25,196.4
1776370214221592591,-2.036831949382318,-1.6017578051306867,0.05558802188067789,-0.3477377169836742,-2.227891962708223,-1.1280375067046524,2.9282814484271125,22.357916269611483,356.6495027727811,0.01,0.1,0.001,0.0001,0.25,196.4
1776370214323683868,-2.031278323549144,-1.637372448015859,0.053210525715110556,-0.34997248810497017,-2.227891962708223,-1.1280375067046524,2.9282814484271125,24.566673771786164,74.18940453489641,0.01,0.1,0.001,0.0001,0.25,196.4
1776370214422443473,-2.0248146934663387,-1.6718107351926768,0.07769353587872123,-0.3474856906625319,-2.227891962708223,-1.1280375067046524,2.9282814484271125,26.801752273243846,172.10302973136214,0.01,0.1,0.001,0.0001,0.25,196.4
1776370214530923956,-2.227725208142729,-1.3798843507473302,-0.017476134226491417,-0.21334892392794697,-2.253482613828955,-1.1094842582859492,2.9282814484271125,10.32100808383806,16.19080034841576,0.01,0.1,0.001,0.0001,0.25,196.4
1776370214623641768,-2.227858558509955,-1.401073390806582,0.014599319643717721,-0.24376972302696814,-2.253482613828955,-1.1094842582859492,2.9282814484271125,11.692064486376914,146.24858736872758,0.01,0.1,0.001,0.0001,0.25,196.4
1776370214725397353,-2.228052101200293,-1.4266406952572404,-0.018404796387496477,-0.2589399495430569,-2.253482613828955,-1.1094842582859492,2.9282814484271125,13.299916714303116,322.3088840164604,0.01,0.1,0.001,0.0001,0.25,196.4
1776370214823837674,-2.2292374143251967,-1.450983185136754,-0.005667691460100805,-0.23543092975720015,-2.253482613828955,-1.1094842582859492,2.9282814484271125,14.958780925227224,145.266434145243,0.01,0.1,0.001,0.0001,0.25,196.4
1776370214922275737,-2.232050546798839,-1.4732957745743789,-0.051493700868189635,-0.21794931118561506,-2.253482613828955,-1.1094842582859492,2.9282814484271125,16.715946466190623,331.7598247585454,0.01,0.1,0.001,0.0001,0.25,196.4
1776370215026316196,-2.2371335812452915,-1.497001338179674,-0.04620919236440337,-0.2377041325094355,-2.253482613828955,-1.1094842582859492,2.9282814484271125,18.678471190455536,170.38178209051824,0.01,0.1,0.001,0.0001,0.25,196.4
1776370215122027743,-2.2429172860551074,-1.521056927635822,-0.07464527371898048,-0.26495385499880836,-2.253482613828955,-1.1094842582859492,2.9282814484271125,20.577076917888217,65.42439920026031,0.01,0.1,0.001,0.0001,0.25,196.4
1776370215225001865,-2.2479690555788645,-1.5461235864369853,-0.023470260277222377,-0.22189112124381605,-2.253482613828955,-1.1094842582859492,2.9282814484271125,22.718351905657663,17.34652361381765,0.01,0.1,0.001,0.0001,0.25,196.4
1776370215322753059,-2.250291848049982,-1.5668923945095365,-0.024054729857956435,-0.20304455899477056,-2.253482613828955,-1.1094842582859492,2.9282814484271125,24.846764771970598,18.011653689857468,0.01,0.1,0.001,0.0001,0.25,196.4
1776370215425628087,-2.2529973542349606,-1.5872809035707436,-0.02854534817153881,-0.1933460216215076,-2.253482613828955,-1.1094842582859492,2.9282814484271125,27.187936379385214,325.91430030477306,0.01,0.1,0.001,0.0001,0.25,196.4
1776370215524551821,-2.3029219300669155,-1.2725398186548322,-0.048127229721486454,-0.026018377428013037,-2.303158582896538,-1.0779437356577648,2.9282814484271125,10.336252344190616,299.1567535804287,0.01,0.1,0.001,0.0001,0.25,196.4
1776370215622094938,-2.3085270096311397,-1.2763431359634916,-0.06680784445311388,-0.0519706237933867,-2.303158582896538,-1.0779437356577648,2.9282814484271125,11.770411635801127,254.4749304898006,0.01,0.1,0.001,0.0001,0.25,196.4
1776370215727873165,-2.316188784690334,-1.2825760995778273,-0.07807098499886961,-0.06589037649506918,-2.303158582896538,-1.0779437356577648,2.9282814484271125,13.439270055473843,267.8424570249839,0.01,0.1,0.001,0.0001,0.25,196.4
1776370215822392895,-2.323833709296374,-1.287555622988146,-0.08368644045513651,-0.03947035998684713,-2.303158582896538,-1.0779437356577648,2.9282814484271125,15.029563191230494,233.4466334957252,0.01,0.1,0.001,0.0001,0.25,196.4
1776370215925790302,-2.332252222256398,-1.2908623722304715,-0.07913734691808147,-0.024485998824463926,-2.303158582896538,-1.0779437356577648,2.9282814484271125,16.872281931176047,177.9584804384515,0.01,0.1,0.001,0.0001,0.25,196.4
1776370216036873142,-2.338583384829966,-1.2944309516025976,-0.03485302015420465,-0.03976502424253738,-2.303158582896538,-1.0779437356577648,2.9282814484271125,18.96960705315759,88.17613940547717,0.01,0.1,0.001,0.0001,0.25,196.4
1776370216126460613,-2.3431572009481614,-1.2965112368240612,-0.06725161119012237,-0.006674699204937906,-2.303158582896538,-1.0779437356577648,2.9282814484271125,20.751744859898928,235.34849307626894,0.01,0.1,0.001,0.0001,0.25,196.4
1776370216229660106,-2.347273620139161,-1.2995470033212007,-0.012525921135857362,-0.05215943517797612,-2.303158582896538,-1.0779437356577648,2.9282814484271125,22.90525054748421,40.059275940033714,0.01,0.1,0.001,0.0001,0.25,196.4
1776370216326992382,-2.351039846379725,-1.3060086389373928,-0.0648627029977991,-0.08061460919680422,-2.303158582896538,-1.0779437356577648,2.9282814484271125,25.034980524172173,245.5660335544369,0.01,0.1,0.001,0.0001,0.25,196.4
1776370216425567922,-2.304404800270248,-1.1488599393384693,0.011370986167387867,0.04794322476947463,-2.2805785968400434,-1.0593904872390618,2.9282814484271125,10.248497893087473,65.04542436910576,0.01,0.1,0.001,0.0001,0.25,196.4
1776370216527781563,-2.3058198399438083,-1.142065036175169,-0.03905524780970297,0.0849943037831613,-2.2805785968400434,-1.0593904872390618,2.9282814484271125,11.757180441617377,210.30936073151437,0.01,0.1,0.001,0.0001,0.25,196.4
1776370216625182600,-2.310933946926443,-1.1358984047009917,-0.06596514310593986,0.04164013117289822,-2.2805785968400434,-1.0593904872390618,2.9282814484271125,13.29941060355835,306.75629492773646,0.01,0.1,0.001,0.0001,0.25,196.4
1776370216724003385,-2.3151510470224625,-1.1328128205093593,-0.01938725106791695,0.020810840391521694,-2.2805785968400434,-1.0593904872390618,2.9282814484271125,14.966230180607713,42.90998296615029,0.01,0.1,0.001,0.0001,0.25,196.4
1776370216826086505,-2.3169224488722526,-1.1284974230614278,-0.015318126607225499,0.06373660335566657,-2.2805785968400434,-1.0593904872390618,2.9282814484271125,16.792992549115954,140.1349108548855,0.01,0.1,0.001,0.0001,0.25,196.4
1776370216925099590,-2.319350404112413,-1.122495699871284,-0.03372216744606289,0.05748732417097121,-2.2805785968400434,-1.0593904872390618,2.9282814484271125,18.665945093580117,236.7167040106113,0.01,0.1,0.001,0.0001,0.25,196.4
1776370217023309178,-2.3225556386296247,-1.117331875993228,-0.03155093891677639,0.04767154124786985,-2.2805785968400434,-1.0593904872390618,2.9282814484271125,20.621381135676877,311.5093942257251,0.01,0.1,0.001,0.0001,0.25,196.4
1776370217125035215,-2.325474373578672,-1.1121092499583167,-0.025834624052505337,0.055011073111899594,-2.2805785968400434,-1.0593904872390618,2.9282814484271125,22.747264282215653,69.54212997939284,0.01,0.1,0.001,0.0001,0.25,196.4
1776370217223694512,-2.3290184085180754,-1.1077517272975315,-0.04600838526344175,0.03332257665903508,-2.2805785968400434,-1.0593904872390618,2.9282814484271125,24.90560623650521,234.0044223756169,0.01,0.1,0.001,0.0001,0.25,196.4
1776370217326419714,-2.335442591844964,-1.1022965416160153,-0.07906346137841291,0.07288394209108356,-2.2805785968400434,-1.0593904872390618,2.9282814484271125,27.257122283660816,83.18269063687693,0.01,0.1,0.001,0.0001,0.25,196.4
1776370217428676557,-2.0543984507330864,-0.90848771271002,0.11831617104911399,0.0701312469072712,-1.9900494418863284,-0.8849899522614467,2.9282814484271125,10.017865205917444,255.0554242955783,0.01,0.1,0.001,0.0001,0.25,196.4
1776370217526052683,-2.0444594009896746,-0.9051992267363606,0.08582842922304436,-0.0025868969015449272,-1.9900494418863284,-0.8849899522614467,2.9282814484271125,11.385063498745117,16.355166896755755,0.01,0.1,0.001,0.0001,0.25,196.4
1776370217628585752,-2.0354936161428157,-0.9093399421163403,0.08906550312485072,-0.07818528399590127,-1.9900494418863284,-0.8849899522614467,2.9282814484271125,12.932552849951339,151.96845596571936,0.01,0.1,0.001,0.0001,0.25,196.4
1776370217727598926,-2.0275057107533327,-0.9195102254605324,0.07227809268523971,-0.12723904255157098,-1.9900494418863284,-0.8849899522614467,2.9282814484271125,14.531542718129465,226.35837081196874,0.01,0.1,0.001,0.0001,0.25,196.4
1776370217829861176,-2.021064384448061,-0.9315603113897968,0.053708543457573546,-0.10844996302129756,-1.9900494418863284,-0.8849899522614467,2.9282814484271125,16.28778460397375,290.0154156678294,0.01,0.1,0.001,0.0001,0.25,196.4
1776370217928449768,-2.012651735412842,-0.9418314328751349,0.11693977132749683,-0.09989696374195621,-1.9900494418863284,-0.8849899522614467,2.9282814484271125,18.078643156788207,276.72295863342555,0.01,0.1,0.001,0.0001,0.25,196.4
1776370218030896836,-1.99984371044739,-0.9528600895889574,0.1331000921771666,-0.115405850454785,-1.9900494418863284,-0.8849899522614467,2.9282814484271125,20.038146289653106,267.94253534068525,0.01,0.1,0.001,0.0001,0.25,196.4
1776370218129217475,-1.9862939086019447,-0.9638801313488842,0.14251387886568437,-0.1087507464575439,-1.9900494418863284,-0.8849899522614467,2.9282814484271125,22.013413958039173,290.8729532960817,0.01,0.1,0.001,0.0001,0.25,196.4
1776370218239195915,-1.9701862663817415,-0.974820516686891,0.15041528314477368,-0.09020809961828014,-1.9900494418863284,-0.8849899522614467,2.9282814484271125,24.332888913746306,33.94044305532451,0.01,0.1,0.001,0.0001,0.25,196.4
1776370218329475319,-1.9555270015782031,-0.9842332894136452,0.17439113223966388,-0.11835140245630155,-1.9900494418863284,-0.8849899522614467,2.9282814484271125,26.32328746728898,158.49962344495498,0.01,0.1,0.001,0.0001,0.25,196.4
1776370218428504415,-1.7658765136166383,-0.8564893982873076,0.3743408316868141,-0.054822428912742395,-1.7687655782759772,-0.8052109835864397,2.9282814484271125,9.574632192496512,62.21146604891649,0.01,0.1,0.001,0.0001,0.25,196.4
1776370218529819145,-1.725920866243938,-0.8632745111651979,0.41439852893496454,-0.07911822641275155,-1.7687655782759772,-0.8052109835864397,2.9282814484271125,11.010868696795775,330.7577076127239,0.01,0.1,0.001,0.0001,0.25,196.4
1776370218630549772,-1.6847363064915835,-0.8699891118134686,0.4033893173419659,-0.054211323199466276,-1.7687655782759772,-0.8052109835864397,2.9282814484271125,12.54627162609015,357.519758291773,0.01,0.1,0.001,0.0001,0.25,196.4
1776370218730870651,-1.6412288388022698,-0.872099523961389,0.46427315095430155,0.01212371133331177,-1.7687655782759772,-0.8052109835864397,2.9282814484271125,14.177879680078483,126.9809011542347,0.01,0.1,0.001,0.0001,0.25,196.4
1776370218830011120,-1.5940619869945092,-0.8702565323161326,0.4870285157098069,0.025047330544278906,-1.7687655782759772,-0.8052109835864397,2.9282814484271125,15.89060408101653,173.05498395643787,0.01,0.1,0.001,0.0001,0.25,196.4
1776370218931791210,-1.543712958277678,-0.8676751697631464,0.5022417564000966,0.02567192462882794,-1.7687655782759772,-0.8052109835864397,2.9282814484271125,17.75022587253049,200.55421841949016,0.01,0.1,0.001,0.0001,0.25,196.4
1776370219032101550,-1.4936661795885464,-0.8646480906665234,0.49559970061421105,0.03468250967021384,-1.7687655782759772,-0.8052109835864397,2.9282814484271125,19.681039835351417,243.30230717257453,0.01,0.1,0.001,0.0001,0.25,196.4
1776370219132577614,-1.4438092134457494,-0.8603591277489874,0.496787477002991,0.05068794372736585,-1.7687655782759772,-0.8052109835864397,2.9282814484271125,21.714756465082733,268.3298742946516,0.01,0.1,0.001,0.0001,0.25,196.4
1776370219230232405,-1.394866861451662,-0.8536019680065785,0.5056717994384372,0.08771524267840058,-1.7687655782759772,-0.8052109835864397,2.9282814484271125,23.78763848339374,357.2013832308388,0.01,0.1,0.001,0.0001,0.25,196.4
1776370219328565523,-1.3452468339326193,-0.8441364052900938,0.5034709231907655,0.10478976404020762,-1.7687655782759772,-0.8052109835864397,2.9282814484271125,25.97150177018751,32.435294922181164,0.01,0.1,0.001,0.0001,0.25,196.4
1776370219431248089,-1.469339521821476,-0.7486581383560391,0.5106684249665479,0.18102611663303653,-1.7025309519968503,-0.7681044867490334,2.9282814484271125,9.709841888247032,37.612359946886365,0.01,0.1,0.001,0.0001,0.25,196.4
1776370219530183570,-1.4189654714462994,-0.7302588502716982,0.5077582350929045,0.19095758075971578,-1.7025309519968503,-0.7681044867490334,2.9282814484271125,11.15093627007659,21.322795260928494,0.01,0.1,0.001,0.0001,0.25,196.4
1776370219638877705,-1.3647469397682048,-0.7092594916654542,0.4899421096584165,0.19546135521215202,-1.7025309519968503,-0.7681044867490334,2.9282814484271125,12.852637928562046,224.63947212666352,0.01,0.1,0.001,0.0001,0.25,196.4
1776370219731761671,-1.3199043494505551,-0.6909632056199746,0.47568792205338967,0.1985266626332629,-1.7025309519968503,-0.7681044867490334,2.9282814484271125,14.403908285415882,216.80001485558242,0.01,0.1,0.001,0.0001,0.25,196.4
1776370219831067102,-1.272887387702039,-0.6714827750814528,0.471132240117786,0.19376717592446893,-1.7025309519968503,-0.7681044867490334,2.9282814484271125,16.160232697203767,194.98783467783105,0.01,0.1,0.001,0.0001,0.25,196.4
1776370219931522443,-1.2257432132395387,-0.6517460584391528,0.46746335960847385,0.19917204943500702,-1.7025309519968503,-0.7681044867490334,2.9282814484271125,18.03766423403795,150.63040292580453,0.01,0.1,0.001,0.0001,0.25,196.4
1776370220033987116,-1.178220141659296,-0.6310442957177614,0.4601166851411071,0.20489572970843264,-1.7025309519968503,-0.7681044867490334,2.9282814484271125,20.0560837454269,94.76957579049181,0.01,0.1,0.001,0.0001,0.25,196.4
1776370220132101690,-1.1333467989841088,-0.6102940675709999,0.45457706220012106,0.21807485394371548,-1.7025309519968503,-0.7681044867490334,2.9282814484271125,22.08614305655013,70.60519311084633,0.01,0.1,0.001,0.0001,0.25,196.4
1776370220234229669,-1.0873776671890865,-0.587267067226031,0.44565711561410404,0.23287324782847524,-1.7025309519968503,-0.7681044867490334,2.9282814484271125,24.300354930892023,69.40254070700809,0.01,0.1,0.001,0.0001,0.25,196.4
1776370220332813862,-1.0437356759906529,-0.5634458543769305,0.439706100213391,0.25038668220303534,-1.7025309519968503,-0.7681044867490334,2.9282814484271125,26.535785947712128,73.0014567942693,0.01,0.1,0.001,0.0001,0.25,196.4
1776370220431026475,-1.4502899404674892,-0.6018705678527735,0.12983339044317382,0.21902556354307895,-1.6859722960688304,-0.7476959133302654,2.9282814484271125,9.80718327850546,225.01512165584205,0.01,0.1,0.001,0.0001,0.25,196.4
1776370220533895911,-1.4380496211220795,-0.579168685250496,0.10813495233836035,0.22232970084475898,-1.6859722960688304,-0.7476959133302654,2.9282814484271125,11.330864583540372,219.38758111028798,0.01,0.1,0.001,0.0001,0.25,196.4
1776370220631266917,-1.4279450287209041,-0.5574807580151047,0.09942244655410822,0.22315979399358837,-1.6859722960688304,-0.7476959133302654,2.9282814484271125,12.871883651452057,187.71529996409222,0.01,0.1,0.001,0.0001,0.25,196.4
1776370220733891904,-1.418513273488466,-0.5340578729318646,0.08439274080666599,0.23332809230121912,-1.6859722960688304,-0.7476959133302654,2.9282814484271125,14.599330348166534,151.51581268752915,0.01,0.1,0.001,0.0001,0.25,196.4
1776370220834653414,-1.4106871619343473,-0.5099321742205374,0.07095201893991566,0.24555606927926865,-1.6859722960688304,-0.7476959133302654,2.9282814484271125,16.39816462010775,118.46006646535685,0.01,0.1,0.001,0.0001,0.25,196.4
1776370220937195345,-1.4038776366812473,-0.48427759259921,0.06186680069437574,0.25483288920283564,-1.6859722960688304,-0.7476959133302654,2.9282814484271125,18.333152857816025,92.7825692419616,0.01,0.1,0.001,0.0001,0.25,196.4
1776370221032756355,-1.3982148928045823,-0.4594188004224697,0.05664441051526754,0.26541765262624323,-1.6859722960688304,-0.7476959133302654,2.9282814484271125,20.231054599472095,79.98233858004693,0.01,0.1,0.001,0.0001,0.25,196.4
1776370221135614102,-1.3926972505114568,-0.4316209236744083,0.0506426215047757,0.27509431504411064,-1.6859722960688304,-0.7476959133302654,2.9282814484271125,22.37502378020418,68.18893749549355,0.01,0.1,0.001,0.0001,0.25,196.4
1776370221234050068,-1.3880070804321913,-0.4041460758973404,0.044649253461285406,0.28312206407148893,-1.6859722960688304,-0.7476959133302654,2.9282814484271125,24.524896409710927,66.917307586049,0.01,0.1,0.001,0.0001,0.25,196.4
1776370221336311972,-1.3841185000432912,-0.3746445266274737,0.03140607011060956,0.2938879630316291,-1.6859722960688304,-0.7476959133302654,2.9282814484271125,26.86035093970746,69.97330826681318,0.01,0.1,0.001,0.0001,0.25,196.4
1776370221434113593,-1.6114011481895574,-0.6379340282219949,-0.18350473525273178,0.043233313157466334,-1.6393069907819608,-0.7458405883302006,2.9282814484271125,9.950033105934144,232.30590998881848,0.01,0.1,0.001,0.0001,0.25,196.4
1776370221533023790,-1.6299299965543348,-0.6337659033553298,-0.1911292672855252,0.041041827484644654,-1.6393069907819608,-0.7458405883302006,2.9282814484271125,11.418217964683613,241.49775590394609,0.01,0.1,0.001,0.0001,0.25,196.4
1776370221635134636,-1.64998987192147,-0.6299996586203568,-0.20183764629398693,0.032737771949566244,-1.6393069907819608,-0.7458405883302006,2.9282814484271125,13.037367405597399,253.1950291854278,0.01,0.1,0.001,0.0001,0.25,196.4
1776370221735212168,-1.6706043701953577,-0.627193641668298,-0.21012734883665848,0.023338332578073828,-1.6393069907819608,-0.7458405883302006,2.9282814484271125,14.726139923149043,261.03227078461816,0.01,0.1,0.001,0.0001,0.25,196.4
1776370221841928317,-1.6935779932281176,-0.6250708115244333,-0.22043843225619983,0.016447208331916253,-1.6393069907819608,-0.7458405883302006,2.9282814484271125,16.636804786102434,269.9942570588179,0.01,0.1,0.001,0.0001,0.25,196.4
1776370221935884537,-1.7149442750866257,-0.6238583500906671,-0.23434412418526926,0.009360104053383462,-1.6393069907819608,-0.7458405883302006,2.9282814484271125,18.412628299054553,271.6373796279765,0.01,0.1,0.001,0.0001,0.25,196.4
1776370222034355910,-1.7382741634552223,-0.6233360235524749,-0.2394806845107867,0.0012482309770126838,-1.6393069907819608,-0.7458405883302006,2.9282814484271125,20.367394196049077,272.4889182605651,0.01,0.1,0.001,0.0001,0.25,196.4
1776370222140992148,-1.7642785360506146,-0.6234886425308029,-0.24824255544792004,-0.00411066583546951,-1.6393069907819608,-0.7458405883302006,2.9282814484271125,22.592155130025905,269.8117194979792,0.01,0.1,0.001,0.0001,0.25,196.4
1776370222233567007,-1.7874737915394614,-0.6241284199635423,-0.2528851691158475,-0.009711566441734196,-1.6393069907819608,-0.7458405883302006,2.9282814484271125,24.614541366740465,267.16243162717427,0.01,0.1,0.001,0.0001,0.25,196.4
1776370222334951041,-1.8134679703414331,-0.6254478206604415,-0.25992421682876415,-0.01631737897509249,-1.6393069907819608,-0.7458405883302006,2.9282814484271125,26.92629031247723,264.3204691596153,0.01,0.1,0.001,0.0001,0.25,196.4
1776370222433393041,-1.8393733004107617,-0.6272721260080734,-0.26651326293951644,-0.020755405157166756,-1.6393069907819608,-0.7458405883302006,2.9282814484271125,29.267523948118903,261.24585265459785,0.01,0.1,0.001,0.0001,0.25,196.4
1776370222532630611,-1.7015901186092446,-0.8142221357057294,-0.11434139402831515,-0.24646587937673625,-1.6152216728351094,-0.7755257859583202,2.9282814484271125,10.162640221234112,344.0038330512056,0.01,0.1,0.001,0.0001,0.25,196.4
1776370222634476689,-1.7128291710606258,-0.8396860352422516,-0.10637611325963381,-0.25360549726687204,-1.6152216728351094,-0.7755257859583202,2.9282814484271125,11.686290662623083,344.10424513256413,0.01,0.1,0.001,0.0001,0.25,196.4
1776370222732719630,-1.7233149327545063,-0.8650403176212966,-0.10709970204128362,-0.26257313240722097,-1.6152216728351094,-0.7755257859583202,2.9282814484271125,13.255722990794546,346.1932101283978,0.01,0.1,0.001,0.0001,0.25,196.4
1776370222834681711,-1.7338466463866151,-0.8924324731281902,-0.09948766254223658,-0.2747442894393488,-1.6152216728351094,-0.7755257859583202,2.9282814484271125,14.987886709002831,345.87707010108807,0.01,0.1,0.001,0.0001,0.25,196.4
1776370222937804072,-1.7437556906333285,-0.9211293865952644,-0.09267930524989641,-0.28177748084035553,-1.6152216728351094,-0.7755257859583202,2.9282814484271125,16.846047706431786,346.9252400267638,0.01,0.1,0.001,0.0001,0.25,196.4
1776370223036146570,-1.7525070213059164,-0.949625554572315,-0.08529623294765287,-0.29774819611404646,-1.6152216728351094,-0.7755257859583202,2.9282814484271125,18.71647181436754,348.636396195837,0.01,0.1,0.001,0.0001,0.25,196.4
1776370223138062277,-1.760609540879368,-0.9803050072683174,-0.07371240750411714,-0.30432354450596333,-1.6152216728351094,-0.7755257859583202,2.9282814484271125,20.7560243485381,350.1258579463627,0.01,0.1,0.001,0.0001,0.25,196.4
1776370223236814039,-1.767384013504599,-1.010855685239933,-0.06348764565934023,-0.31440427000674775,-1.6152216728351094,-0.7755257859583202,2.9282814484271125,22.830420694686158,354.57090527382275,0.01,0.1,0.001,0.0001,0.25,196.4
1776370223339421888,-1.7734389580292862,-1.043420909967038,-0.054530749916395685,-0.32033244115326137,-1.6152216728351094,-0.7755257859583202,2.9282814484271125,25.08810235053255,351.8013205787336,0.01,0.1,0.001,0.0001,0.25,196.4
1776370223438505286,-1.7788623566121295,-1.075349298099248,-0.05494943723278634,-0.32419439099660885,-1.6152216728351094,-0.7755257859583202,2.9282814484271125,27.36736552822806,351.98963349877687,0.01,0.1,0.001,0.0001,0.25,196.4
1776370223540389344,-1.601664844212108,-0.883557254125544,0.10444847400726183,-0.18390430546058414,-1.5986630169070892,-0.7848024101676717,2.9282814484271125,10.163608901906231,31.240040465376186,0.01,0.1,0.001,0.0001,0.25,196.4
1776370223637802064,-1.5912201726433626,-0.9016851219505259,0.10997840596988687,-0.18825695521330213,-1.5986630169070892,-0.7848024101676717,2.9282814484271125,11.626694636393399,241.38262021524437,0.01,0.1,0.001,0.0001,0.25,196.4
1776370223737148262,-1.5800711340548634,-0.9206479006913881,0.11451801974383727,-0.19357651097589923,-1.5986630169070892,-0.7848024101676717,2.9282814484271125,13.219198007568993,216.9582673421786,0.01,0.1,0.001,0.0001,0.25,196.4
1776370223839013913,-1.5686711179272603,-0.9411524394298102,0.1092982589133808,-0.20898867004207441,-1.5986630169070892,-0.7848024101676717,2.9282814484271125,14.957528943188452,216.9186168049078,0.01,0.1,0.001,0.0001,0.25,196.4
1776370223937200443,-1.5582059954689134,-0.9622862161281122,0.10387761072723897,-0.22150903740308184,-1.5986630169070892,-0.7848024101676717,2.9282814484271125,16.732873068450363,216.99997161966783,0.01,0.1,0.001,0.0001,0.25,196.4
1776370224035723700,-1.5481276558900383,-0.9850118674120778,0.10070134617537847,-0.2397961208743147,-1.5986630169070892,-0.7848024101676717,2.9282814484271125,18.612338863622682,223.55232689765322,0.01,0.1,0.001,0.0001,0.25,196.4
1776370224137688516,-1.537773256506977,-1.0104550819345868,0.10239589045850024,-0.2592619480135744,-1.5986630169070892,-0.7848024101676717,2.9282814484271125,20.660013126075157,220.84723398937084,0.01,0.1,0.001,0.0001,0.25,196.4
1776370224236366200,-1.5276347607669982,-1.036795712706748,0.10308141801479809,-0.2745846948577206,-1.5986630169070892,-0.7848024101676717,2.9282814484271125,22.740658005536094,217.0872214138245,0.01,0.1,0.001,0.0001,0.25,196.4
1776370224345624404,-1.5162651964603295,-1.0676490837767851,0.10505257816074562,-0.2902245839399972,-1.5986630169070892,-0.7848024101676717,2.9282814484271125,25.15661068685124,220.85383187255684,0.01,0.1,0.001,0.0001,0.25,196.4
1776370224437491153,-1.5061268468806976,-1.0946621313490075,0.11566805725920402,-0.297872815734279,-1.5986630169070892,-0.7848024101676717,2.9282814484271125,27.279313190333404,231.44135241157065,0.01,0.1,0.001,0.0001,0.25,196.4
1776370224534242637,-1.5137826341359035,-0.8596019127250822,0.11317526269904316,-0.11276164204360443,-1.5760830295670714,-0.8033556585863749,2.9282814484271125,10.182834610241295,43.321248082163486,0.01,0.1,0.001,0.0001,0.25,196.4
1776370224636903761,-1.5022650684796202,-0.8710300668059022,0.11122836905324526,-0.1098999304182529,-1.5760830295670714,-0.8033556585863749,2.9282814484271125,11.738775412481464,56.308335501477494,0.01,0.1,0.001,0.0001,0.25,196.4
1776370224736389015,-1.4911171620654342,-0.8820188131611651,0.11291524359056825,-0.11104355573811273,-1.5760830295670714,-0.8033556585863749,2.9282814484271125,13.350482964163158,69.32131990079505,0.01,0.1,0.001,0.0001,0.25,196.4
1776370224834493467,-1.4801171739256596,-0.893057858104036,0.11129838795403593,-0.11396617372473186,-1.5760830295670714,-0.8033556585863749,2.9282814484271125,15.039213737433528,111.29222523150985,0.01,0.1,0.001,0.0001,0.25,196.4
1776370224937640563,-1.468916744786692,-0.9046727118619242,0.10587462641983567,-0.11124241166209163,-1.5760830295670714,-0.8033556585863749,2.9282814484271125,16.9193925153116,151.98965628236033,0.01,0.1,0.001,0.0001,0.25,196.4
1776370225034769239,-1.458701784541377,-0.9157832060459279,0.1044567065407661,-0.11752842987342246,-1.5760830295670714,-0.8033556585863749,2.9282814484271125,18.78733810736572,177.9459164403758,0.01,0.1,0.001,0.0001,0.25,196.4
1776370225137409453,-1.4477439146935485,-0.9282944336415948,0.10913274865431308,-0.1263388840379287,-1.5760830295670714,-0.8033556585863749,2.9282814484271125,20.862538614917472,192.27927850885638,0.01,0.1,0.001,0.0001,0.25,196.4
1776370225235441290,-1.4364461079703066,-0.9410506595277964,0.12127585230536245,-0.1338128632847513,-1.5760830295670714,-0.8033556585863749,2.9282814484271125,22.943531927606955,224.58472846673448,0.01,0.1,0.001,0.0001,0.25,196.4
1776370225334023155,-1.4240473304088337,-0.9542441908196814,0.1302644118390281,-0.13385097129119483,-1.5760830295670714,-0.8033556585863749,2.9282814484271125,25.131943268582976,326.1757889902198,0.01,0.1,0.001,0.0001,0.25,196.4
1776370225437032579,-1.5054296326221435,-0.8453134732087014,0.08223737692284208,-0.06780177380166606,-1.5745776976767145,-0.7996450085862452,2.9282814484271125,10.253567482915525,347.8428276126463,0.01,0.1,0.001,0.0001,0.25,196.4
1776370225534142659,-1.497530738981178,-0.8521760223559408,0.08041890199863169,-0.07351380265028895,-1.5745776976767145,-0.7996450085862452,2.9282814484271125,11.730985037973138,122.38021488717742,0.01,0.1,0.001,0.0001,0.25,196.4
1776370225635471313,-1.4892463487364886,-0.8598278855913561,0.08311801951309457,-0.07753680220874266,-1.5745776976767145,-0.7996450085862452,2.9282814484271125,13.374829657328178,173.15114774334742,0.01,0.1,0.001,0.0001,0.25,196.4
1776370225735402405,-1.4810852215616825,-0.8677426227458258,0.0802180131252241,-0.08086800370789736,-1.5745776976767145,-0.7996450085862452,2.9282814484271125,15.098553099735613,191.5299021031283,0.01,0.1,0.001,0.0001,0.25,196.4
1776370225833796526,-1.473720977178175,-0.875929123472322,0.0694770047503777,-0.08554124465110338,-1.5745776976767145,-0.7996450085862452,2.9282814484271125,16.894934165348637,222.7581469451731,0.01,0.1,0.001,0.0001,0.25,196.4
1776370225931736936,-1.4675943143083992,-0.8846141519990891,0.05562290625219467,-0.09179776009702495,-1.5745776976767145,-0.7996450085862452,2.9282814484271125,18.78076074185542,237.13729603805808,0.01,0.1,0.001,0.0001,0.25,196.4
1776370226034620691,-1.4627747767773407,-0.8946006934762196,0.038071294356372395,-0.10234556060838781,-1.5745776976767145,-0.7996450085862452,2.9282814484271125,20.86546616469381,243.31803910957512,0.01,0.1,0.001,0.0001,0.25,196.4
1776370226133845658,-1.4595471285073824,-0.905155526500317,0.026986408216666986,-0.11040165660889668,-1.5745776976767145,-0.7996450085862452,2.9282814484271125,22.976621794551853,229.71411661139769,0.01,0.1,0.001,0.0001,0.25,196.4
1776370226243606680,-1.4568979206021413,-0.9173354342661567,0.021285123793157987,-0.11152988996103308,-1.5745776976767145,-0.7996450085862452,2.9282814484271125,25.42657608008081,204.31122218506945,0.01,0.1,0.001,0.0001,0.25,196.4
1776370226334353145,-1.45532490507606,-0.9274755614432739,0.01338363166373227,-0.11195524643872592,-1.5745776976767145,-0.7996450085862452,2.9282814484271125,27.542612889208428,185.97034214823537,0.01,0.1,0.001,0.0001,0.25,196.4
1776370226431649707,-1.4541900012786435,-0.9384246652058533,0.009944208009826365,-0.11310254059491255,-1.5745776976767145,-0.7996450085862452,2.9282814484271125,29.90251345375869,168.13626175873404,0.01,0.1,0.001,0.0001,0.25,196.4
1776370226539091651,-1.5213600672683312,-0.8487944315494526,-0.024101164448284508,-0.08456239055129887,-1.5429657177110316,-0.7940790343770232,2.9282814484271125,10.663177101778766,146.36959411586042,0.01,0.1,0.001,0.0001,0.25,196.4
1776370226632495756,-1.5234209410110287,-0.8572631625481113,-0.020025283850185694,-0.09676604933499466,-1.5429657177110316,-0.7940790343770232,2.9282814484271125,12.088454624116183,100.01442251511736,0.01,0.1,0.001,0.0001,0.25,196.4
1776370226735777386,-1.5256449327880597,-0.8682817023507524,-0.023047622999128704,-0.11663426240905485,-1.5429657177110316,-0.7940790343770232,2.9282814484271125,13.767110658831772,349.5745350614344,0.01,0.1,0.001,0.0001,0.25,196.4
1776370226835089836,-1.5284684106665776,-0.8803603206495747,-0.03381123580569336,-0.1266035039057944,-1.5429657177110316,-0.7940790343770232,2.9282814484271125,15.482329587774485,314.6425001768263,0.01,0.1,0.001,0.0001,0.25,196.4
1776370226935167762,-1.5320648600217426,-0.8933797658682334,-0.0380593636226327,-0.1335740322370186,-1.5429657177110316,-0.7940790343770232,2.9282814484271125,17.31060173043871,229.4049982916597,0.01,0.1,0.001,0.0001,0.25,196.4
1776370227035442802,-1.5362483438539078,-0.9071879441032463,-0.045380340679660174,-0.14183047632696003,-1.5429657177110316,-0.7940790343770232,2.9282814484271125,19.242829130013607,170.89205416212204,0.01,0.1,0.001,0.0001,0.25,196.4
1776370227136126588,-1.5406537430177347,-0.9218383532320642,-0.04212559476057445,-0.14917556142915137,-1.5429657177110316,-0.7940790343770232,2.9282814484271125,21.28341861764064,148.5622938612201,0.01,0.1,0.001,0.0001,0.25,196.4
1776370227234444499,-1.5448765988355067,-0.9366691092323819,-0.043780289978637,-0.15252766277206614,-1.5429657177110316,-0.7940790343770232,2.9282814484271125,23.37308495826157,83.57136398348989,0.01,0.1,0.001,0.0001,0.25,196.4
1776370227331982304,-1.549504360787439,-0.9515914668661115,-0.05111457337546608,-0.15346367889203283,-1.5429657177110316,-0.7940790343770232,2.9282814484271125,25.54159294980783,20.333040068467742,0.01,0.1,0.001,0.0001,0.25,196.4
1776370227435698957,-1.5658725987250028,-0.880896989087254,-0.06812203169129093,-0.1248684380345106,-1.5429657177110316,-0.8089216335865693,2.9282814484271125,10.297369816872608,16.54635919663524,0.01,0.1,0.001,0.0001,0.25,196.4
1776370227534809105,-1.572719363308178,-0.8932979642035717,-0.07002669344389864,-0.12534885539520024,-1.5429657177110316,-0.8089216335865693,2.9282814484271125,11.800563818098153,354.08786135545967,0.01,0.1,0.001,0.0001,0.25,196.4
1776370227634916084,-1.5799336702385354,-0.9057854696523683,-0.07412255959107546,-0.12416431338053065,-1.5429657177110316,-0.8089216335865693,2.9282814484271125,13.420359010712511,342.4296816684573,0.01,0.1,0.001,0.0001,0.25,196.4
1776370227735000693,-1.5873031645468316,-0.9184408357462841,-0.07314417182536727,-0.12873151929979018,-1.5429657177110316,-0.8089216335865693,2.9282814484271125,15.141618998245699,328.65385809573104,0.01,0.1,0.001,0.0001,0.25,196.4
1776370227836383398,-1.5949114255654295,-0.9319243799982848,-0.07694105787123566,-0.13725315594191212,-1.5429657177110316,-0.8089216335865693,2.9282814484271125,16.988515090298286,323.1494364574226,0.01,0.1,0.001,0.0001,0.25,196.4
1776370227934134262,-1.6022211387059073,-0.9454959932020879,-0.07261915014710321,-0.14042850610105684,-1.5429657177110316,-0.8089216335865693,2.9282814484271125,18.867378326259516,311.93647511673015,0.01,0.1,0.001,0.0001,0.25,196.4
1776370228036728785,-1.6098484464157246,-0.9579124996591507,-0.07606090337979149,-0.10160799155813768,-1.5429657177110316,-0.8089216335865693,2.9282814484271125,20.942001531191067,306.5381032561835,0.01,0.1,0.001,0.0001,0.25,196.4
1776370228134881636,-1.6168270315190003,-0.9694269758008336,-0.06613607339827654,-0.13301316334644606,-1.5429657177110316,-0.8089216335865693,2.9282814484271125,23.02328560713472,293.22918827248384,0.01,0.1,0.001,0.0001,0.25,196.4
1776370228244048735,-1.625412968037987,-0.9860064550632499,-0.09117966346116699,-0.1707641812851145,-1.5429657177110316,-0.8089216335865693,2.9282814484271125,25.447832197277663,311.1406462202144,0.01,0.1,0.001,0.0001,0.25,196.4
1776370228336138979,-1.633818771408103,-1.0017934344578154,-0.09135842825271062,-0.17206147924072016,-1.5429657177110316,-0.8089216335865693,2.9282814484271125,27.58424189822929,317.4513219262492,0.01,0.1,0.001,0.0001,0.25,196.4
1776370228434232402,-1.5528342443853715,-0.888026718505307,-0.06348804064360397,-0.11751329200680026,-1.4887737504053302,-0.8089216335865693,2.9282814484271125,10.41745534421473,313.8273150771179,0.01,0.1,0.001,0.0001,0.25,196.4
1776370228537272801,-1.559519666525782,-0.9004947940342569,-0.06626762294576594,-0.12447642531596549,-1.4887737504053302,-0.8089216335865693,2.9282814484271125,11.974277797670094,312.27864955536467,0.01,0.1,0.001,0.0001,0.25,196.4
1776370228635266185,-1.5660586845910895,-0.9129997566510453,-0.0672035478622423,-0.13076862595988367,-1.4887737504053302,-0.8089216335865693,2.9282814484271125,13.554586274061013,151.80719901554386,0.01,0.1,0.001,0.0001,0.25,196.4
1776370228743958720,-1.5734311322978753,-0.9273497305683799,-0.0684481573002663,-0.13326830022030992,-1.4887737504053302,-0.8089216335865693,2.9282814484271125,15.420786058304586,138.12087520198122,0.01,0.1,0.001,0.0001,0.25,196.4
1776370228835699513,-1.580197693911319,-0.9400609971143711,-0.0790637368689188,-0.14383890911378927,-1.4887737504053302,-0.8089216335865693,2.9282814484271125,17.08776091305465,132.7024420833665,0.01,0.1,0.001,0.0001,0.25,196.4
1776370228934519616,-1.5885942492339353,-0.9537362461068125,-0.0908777295475049,-0.13294029117629538,-1.4887737504053302,-0.8089216335865693,2.9282814484271125,18.976759228201274,129.2236971420812,0.01,0.1,0.001,0.0001,0.25,196.4
1776370229037671535,-1.5982881162887366,-0.9671752312955564,-0.09707797497911562,-0.12763001734904109,-1.4887737504053302,-0.8089216335865693,2.9282814484271125,21.052624435435053,117.20960042757801,0.01,0.1,0.001,0.0001,0.25,196.4
1776370229147036209,-1.6096345669977086,-0.9812147102477758,-0.11041574182767773,-0.12911138527506796,-1.4887737504053302,-0.8089216335865693,2.9282814484271125,23.37013493306666,96.60962282320521,0.01,0.1,0.001,0.0001,0.25,196.4
1776370229236786595,-1.6196771285498548,-0.9931174372608087,-0.11337112052885201,-0.13612711168626584,-1.4887737504053302,-0.8089216335865693,2.9282814484271125,25.361397942495238,25.86927481805748,0.01,0.1,0.001,0.0001,0.25,196.4
1776370229339499430,-1.630852212687862,-1.0063624711573003,-0.10423190348991482,-0.12178230479009285,-1.4887737504053302,-0.8089216335865693,2.9282814484271125,27.740465327931705,340.03680555163106,0.01,0.1,0.001,0.0001,0.25,196.4
1776370229437934542,-1.6385859760424322,-1.0160696693218874,-0.05290358044743154,-0.0754496521932704,-1.4887737504053302,-0.8089216335865693,2.9282814484271125,30.1190497011711,310.20667424258784,0.01,0.1,0.001,0.0001,0.25,196.4
1776370229539621841,-1.509459466960218,-0.8643096868670115,0.0334939387259264,0.042273093984174295,-1.451140440311173,-0.8052109835864397,2.9282814484271125,10.505673507556327,296.03269167663683,0.01,0.1,0.001,0.0001,0.25,196.4
1776370229637985211,-1.506930970028663,-0.860442791178203,0.01791430644798547,0.03634686364811096,-1.451140440311173,-0.8052109835864397,2.9282814484271125,11.991949282648848,279.23528004158754,0.01,0.1,0.001,0.0001,0.25,196.4
1776370229738066797,-1.5042374453641485,-0.8562887981510389,0.03591977293267004,0.04667683883257632,-1.451140440311173,-0.8052109835864397,2.9282814484271125,13.606088826685113,92.5927534800303,0.01,0.1,0.001,0.0001,0.25,196.4
1776370229840068508,-1.5012546787904038,-0.8510518973873993,0.022559482241419487,0.05599631661108767,-1.451140440311173,-0.8052109835864397,2.9282814484271125,15.354300541204722,51.89510451794672,0.01,0.1,0.001,0.0001,0.25,196.4
1776370229938750143,-1.498106548051667,-0.8470436121062496,0.04124482620953483,0.02524105618637684,-1.451140440311173,-0.8052109835864397,2.9282814484271125,17.14373999823242,288.4798476676422,0.01,0.1,0.001,0.0001,0.25,196.4
1776370230040409700,-1.492917366235754,-0.8481788113177523,0.06084193719863756,-0.04757382798682494,-1.451140440311173,-0.8052109835864397,2.9282814484271125,19.087638139609066,249.93518496404596,0.01,0.1,0.001,0.0001,0.25,196.4
1776370230143535244,-1.4873460807134116,-0.8512904051218526,0.04720823822587092,-0.012772793099918772,-1.451140440311173,-0.8052109835864397,2.9282814484271125,21.164398954814228,251.8018155523253,0.01,0.1,0.001,0.0001,0.25,196.4
1776370230248846085,-1.4827689652268103,-0.8535909660391606,0.039717472232183915,-0.030918018891702502,-1.451140440311173,-0.8052109835864397,2.9282814484271125,23.39457593816225,165.06965357160644,0.01,0.1,0.001,0.0001,0.25,196.4
1776370230339173054,-1.4777145881410292,-0.8556307095489468,0.07219243576035894,-0.014244323496782417,-1.451140440311173,-0.8052109835864397,2.9282814484271125,25.39430550411759,67.67265847276381,0.01,0.1,0.001,0.0001,0.25,196.4
1776370230441997703,-1.471347976095508,-0.857381544282277,0.05165264713602004,-0.019813393721854033,-1.451140440311173,-0.8052109835864397,2.9282814484271125,27.76668017874895,327.8582419968451,0.01,0.1,0.001,0.0001,0.25,196.4
1776370230540326256,-1.4580583323721124,-0.8212589853544181,0.06774984345753803,-0.028765506748274147,-1.440603113228104,-0.8237642320051428,2.9282814484271125,10.251963815806338,259.1927062812066,0.01,0.1,0.001,0.0001,0.25,196.4
1776370230642749287,-1.4523037569178305,-0.8247203210696881,0.04462106809667972,-0.03882478772438481,-1.440603113228104,-0.8237642320051428,2.9282814484271125,11.78541155761984,205.0356069315973,0.01,0.1,0.001,0.0001,0.25,196.4
1776370230745418305,-1.4483463659309719,-0.8304736065231003,0.032523077489877615,-0.07332796445322132,-1.440603113228104,-0.8237642320051428,2.9282814484271125,13.426855370231632,140.66365236208696,0.01,0.1,0.001,0.0001,0.25,196.4
1776370230880037344,-1.4441026189313826,-0.841389165181875,0.0304990533377169,-0.08877448084244963,-1.440603113228104,-0.8237642320051428,2.9282814484271125,15.742005956539755,343.8157673066666,0.01,0.1,0.001,0.0001,0.25,196.4
1776370230941243229,-1.4421380485443465,-0.847092324020513,0.03368449710197828,-0.09755072562549931,-1.440603113228104,-0.8237642320051428,2.9282814484271125,16.854490740120937,320.59243935335087,0.01,0.1,0.001,0.0001,0.25,196.4
1776370231043262661,-1.4384958809839794,-0.8569747361751543,0.03771264711751172,-0.09617347682998593,-1.440603113228104,-0.8237642320051428,2.9282814484271125,18.79138481461474,275.1205921060433,0.01,0.1,0.001,0.0001,0.25,196.4
1776370231142064571,-1.4349601409369512,-0.8670724215963206,0.033866053625417454,-0.10824743459007903,-1.440603113228104,-0.8237642320051428,2.9282814484271125,20.765863826685184,205.6129928070356,0.01,0.1,0.001,0.0001,0.25,196.4
1776370231240239600,-1.4323710727261754,-0.8782961123257955,0.018876250583908745,-0.1203920845780892,-1.440603113228104,-0.8237642320051428,2.9282814484271125,22.824755184500827,129.4369695969932,0.01,0.1,0.001,0.0001,0.25,196.4
1776370231342663611,-1.4311181213941189,-0.8900411310587153,0.005589603146146432,-0.10894795683016525,-1.440603113228104,-0.8237642320051428,2.9282814484271125,25.073870029694202,80.36254111481638,0.01,0.1,0.001,0.0001,0.25,196.4
1776370231442029920,-1.4813765621087183,-0.8292525037531973,-0.03411635802005662,-0.04173402962771072,-1.4993110774883993,-0.7959343593770881,2.9282814484271125,10.121549493516977,248.53275488149131,0.01,0.1,0.001,0.0001,0.25,196.4
1776370231539368268,-1.4849146342532358,-0.833090450910569,-0.03856575252386217,-0.03710837045903294,-1.4993110774883993,-0.7959343593770881,2.9282814484271125,11.57951018342386,249.71909667314634,0.01,0.1,0.001,0.0001,0.25,196.4
1776370231641680000,-1.4882694559892071,-0.8368489924683683,-0.027018129646963814,-0.03636788731580669,-1.4993110774883993,-0.7959343593770881,2.9282814484271125,13.216743463402945,251.05511516174215,0.01,0.1,0.001,0.0001,0.25,196.4
1776370231740899825,-1.4905493926254783,-0.8406306291748253,-0.018946030562446134,-0.039870966283943446,-1.4993110774883993,-0.7959343593770881,2.9282814484271125,14.906396356410488,251.76606255572946,0.01,0.1,0.001,0.0001,0.25,196.4
1776370231838037188,-1.4924035817088275,-0.8442892290244991,-0.019230449777779622,-0.03545709302138633,-1.4993110774883993,-0.7959343593770881,2.9282814484271125,16.657596928838103,260.3402493088256,0.01,0.1,0.001,0.0001,0.25,196.4
1776370231940898447,-1.4946774483981755,-0.8474806241993306,-0.02497870333755526,-0.026590905920943233,-1.4993110774883993,-0.7959343593770881,2.9282814484271125,18.615927052158437,276.12612661081357,0.01,0.1,0.001,0.0001,0.25,196.4
1776370232039095014,-1.4974235483715295,-0.8496345433087505,-0.03095065034528374,-0.017277600267432067,-1.4993110774883993,-0.7959343593770881,2.9282814484271125,20.584415560934744,317.0591734916426,0.01,0.1,0.001,0.0001,0.25,196.4
1776370232138221872,-1.5009340776746631,-0.8508583152657987,-0.03988005357203511,-0.007414012212378153,-1.4993110774883993,-0.7959343593770881,2.9282814484271125,22.668919515877278,35.25230972845644,0.01,0.1,0.001,0.0001,0.25,196.4
1776370232240019185,-1.5054044803928552,-0.851587850398967,-0.047945212960110936,-0.00691839172392342,-1.4993110774883993,-0.7959343593770881,2.9282814484271125,24.911322125833607,74.55199162481532,0.01,0.1,0.001,0.0001,0.25,196.4
1776370232343099853,-1.5112883070785765,-0.852460115098113,-0.06621964954146639,-0.010006304525994126,-1.4993110774883993,-0.7959343593770881,2.9282814484271125,27.286873391033446,88.53607552822086,0.01,0.1,0.001,0.0001,0.25,196.4
1776370232440323401,-1.518238055890879,-0.8534095076708705,-0.07674142282510207,-0.009523348122458726,-1.4993110774883993,-0.7959343593770881,2.9282814484271125,29.624457400408897,93.6532033205691,0.01,0.1,0.001,0.0001,0.25,196.4
1776370232537825138,-1.501350821755531,-0.7451425603479561,-0.049803897097159266,0.06142894274024897,-1.4978057455980425,-0.7272873399114975,2.9282814484271125,10.388737461647501,100.38749205758253,0.01,0.1,0.001,0.0001,0.25,196.4
1776370232641428964,-1.5070640603058565,-0.7389300834143185,-0.060511647996933364,0.05852627587733299,-1.4978057455980425,-0.7272873399114975,2.9282814484271125,11.947350009100628,100.64846417411397,0.01,0.1,0.001,0.0001,0.25,196.4
1776370232743530875,-1.5136435431681468,-0.7326423980328779,-0.06834537697735142,0.06461599064795846,-1.4978057455980425,-0.7272873399114975,2.9282814484271125,13.590046769260713,102.02632846023465,0.01,0.1,0.001,0.0001,0.25,196.4
1776370232841834571,-1.5205313113042493,-0.7261816091581701,-0.07179099092120647,0.06683319125979502,-1.4978057455980425,-0.7272873399114975,2.9282814484271125,15.269993222044233,106.7119744516344,0.01,0.1,0.001,0.0001,0.25,196.4
1776370232951944010,-1.5290041319570733,-0.7186829392091567,-0.08211041609082284,0.06937361673953889,-1.4978057455980425,-0.7272873399114975,2.9282814484271125,17.26638922025462,116.59552141305245,0.01,0.1,0.001,0.0001,0.25,196.4
1776370233042289437,-1.537030863491486,-0.7125188775254993,-0.0955723046830559,0.06707635000902679,-1.4978057455980425,-0.7272873399114975,2.9282814484271125,18.994892343138297,121.73932682187667,0.01,0.1,0.001,0.0001,0.25,196.4
1776370233145222730,-1.5478560155524461,-0.7054372564812941,-0.11475627603515165,0.07051684914643719,-1.4978057455980425,-0.7272873399114975,2.9282814484271125,21.06323805587158,200.93851487882426,0.01,0.1,0.001,0.0001,0.25,196.4
1776370233244146305,-1.5598794937262144,-0.6982057123957882,-0.128331746538569,0.07568890982732915,-1.4978057455980425,-0.7272873399114975,2.9282814484271125,23.150266945989284,249.84799587046365,0.01,0.1,0.001,0.0001,0.25,196.4
1776370233345594036,-1.5734383600019382,-0.6904339382989251,-0.1389929146712749,0.07753827268151817,-1.4978057455980425,-0.7272873399114975,2.9282814484271125,25.39118441970687,248.3275885803069,0.01,0.1,0.001,0.0001,0.25,196.4
1776370233443821432,-1.49533746824024,-0.6753239269650335,-0.0735704995156092,0.1318705593888076,-1.4661937643488359,-0.7254320149114326,2.9282814484271125,10.061265912117143,207.59028494245075,0.01,0.1,0.001,0.0001,0.25,196.4
1776370233545341367,-1.503238500883282,-0.6616043212924106,-0.08208571980807963,0.13841587608023057,-1.4661937643488359,-0.7254320149114326,2.9282814484271125,11.580900118320821,204.02682006068287,0.01,0.1,0.001,0.0001,0.25,196.4
1776370233644693191,-1.511536730110776,-0.6475830409676497,-0.08495275341577359,0.14382424935903465,-1.4661937643488359,-0.7254320149114326,2.9282814484271125,13.169861287867446,203.61782726785,0.01,0.1,0.001,0.0001,0.25,196.4
1776370233747884692,-1.5205607113012043,-0.6323674277937532,-0.08995074909188877,0.15108594390899346,-1.4661937643488359,-0.7254320149114326,2.9282814484271125,14.926142987224004,207.03072322138408,0.01,0.1,0.001,0.0001,0.25,196.4
1776370233845924567,-1.5296280095475137,-0.6170901681922077,-0.09502990628114424,0.16058324537217789,-1.4661937643488359,-0.7254320149114326,2.9282814484271125,16.69422122385079,200.67493495344652,0.01,0.1,0.001,0.0001,0.25,196.4
1776370233948666061,-1.5395228666605711,-0.6002408007601969,-0.09758149190688667,0.16740332205190672,-1.4661937643488359,-0.7254320149114326,2.9282814484271125,18.65076203503407,201.5420796024225,0.01,0.1,0.001,0.0001,0.25,196.4
1776370234045928532,-1.5488414734229992,-0.5836216988558977,-0.09403393507165357,0.17432977052065896,-1.4661937643488359,-0.7254320149114326,2.9282814484271125,20.600334164869377,202.64885214581312,0.01,0.1,0.001,0.0001,0.25,196.4
1776370234143982109,-1.5577773192748192,-0.5661492320843061,-0.08822910813709041,0.18205338771223492,-1.4661937643488359,-0.7254320149114326,2.9282814484271125,22.6614289017578,202.05270589037872,0.01,0.1,0.001,0.0001,0.25,196.4
1776370234246673933,-1.5668207018285987,-0.5469095293990269,-0.08789545902981387,0.19264980412040128,-1.4661937643488359,-0.7254320149114326,2.9282814484271125,24.92262605130511,203.37458582456108,0.01,0.1,0.001,0.0001,0.25,196.4
1776370234345065812,-1.5756429142813588,-0.5277551910429431,-0.09143287198125563,0.19669873485557862,-1.4661937643488359,-0.7254320149114326,2.9282814484271125,27.18740606784667,200.31281959523315,0.01,0.1,0.001,0.0001,0.25,196.4
1776370234443543507,-1.4758285290548434,-0.6127667563944194,0.034296518165189326,0.1748978914959167,-1.464688432458479,-0.716155390702081,2.9282814484271125,10.25341098934588,57.842020171898916,0.01,0.1,0.001,0.0001,0.25,196.4
1776370234546391204,-1.4724740475457971,-0.5941857058354748,0.0309341983667542,0.18642627696575342,-1.464688432458479,-0.716155390702081,2.9282814484271125,11.802304962651501,76.65671781776288,0.01,0.1,0.001,0.0001,0.25,196.4
1776370234644762435,-1.4694078127722263,-0.5750680264886655,0.031408396444875274,0.20227381460251365,-1.464688432458479,-0.716155390702081,2.9282814484271125,13.383693742874872,82.6024639982478,0.01,0.1,0.001,0.0001,0.25,196.4
1776370234741948181,-1.4663126940576687,-0.5548474351313231,0.0322870839652608,0.2138524795603608,-1.464688432458479,-0.716155390702081,2.9282814484271125,15.041548461090942,100.96276361852505,0.01,0.1,0.001,0.0001,0.25,196.4
1776370234845775729,-1.4629652891728868,-0.5319289213637088,0.032194848074688,0.22763281967501536,-1.464688432458479,-0.716155390702081,2.9282814484271125,16.91700458302426,113.64389213640112,0.01,0.1,0.001,0.0001,0.25,196.4
1776370234943324612,-1.4599482747508508,-0.5089863019181007,0.029660675540498345,0.24274204116319004,-1.464688432458479,-0.716155390702081,2.9282814484271125,18.777349109228734,130.42502278884098,0.01,0.1,0.001,0.0001,0.25,196.4
1776370235045026585,-1.4569943802622243,-0.4840835743368624,0.028424658434453725,0.24694479565950184,-1.464688432458479,-0.716155390702081,2.9282814484271125,20.817948768152142,161.6040216353981,0.01,0.1,0.001,0.0001,0.25,196.4
1776370235143878081,-1.454159562567619,-0.459501236136712,0.02893636343046364,0.2504656874459664,-1.464688432458479,-0.716155390702081,2.9282814484271125,22.899403665291487,175.67349134594147,0.01,0.1,0.001,0.0001,0.25,196.4
1776370235242049880,-1.4511949019684895,-0.4348064332516226,0.031457684687841894,0.2526000308194477,-1.464688432458479,-0.716155390702081,2.9282814484271125,25.062790778048463,180.13948990410344,0.01,0.1,0.001,0.0001,0.25,196.4
1776370235340369164,-1.4479387452784929,-0.40952926344210355,0.034780504107030236,0.2615994090252676,-1.464688432458479,-0.716155390702081,2.9282814484271125,27.325151891101317,176.30794342711985,0.01,0.1,0.001,0.0001,0.25,196.4
1776370235442527180,-1.4300596535906973,-0.5826289366249406,0.07938364767995523,0.19060257548362405,-1.4541511053754104,-0.7087340914927943,2.9282814484271125,10.27260056269444,104.86009326346428,0.01,0.1,0.001,0.0001,0.25,196.4
1776370235542447436,-1.4213259143989552,-0.5630095495853187,0.09543073417951976,0.20209875695783727,-1.4541511053754104,-0.7087340914927943,2.9282814484271125,11.774236285141154,98.8513748425932,0.01,0.1,0.001,0.0001,0.25,196.4
1776370235643758289,-1.411357562404514,-0.5421470681186141,0.10135879774594672,0.20975647898546704,-1.4541511053754104,-0.7087340914927943,2.9282814484271125,13.400376713635827,89.61138136567756,0.01,0.1,0.001,0.0001,0.25,196.4
1776370235741306929,-1.4007786092712244,-0.5215328588512649,0.11556117299463471,0.2129350307294548,-1.4541511053754104,-0.7087340914927943,2.9282814484271125,15.064239456767766,66.0378761107812,0.01,0.1,0.001,0.0001,0.25,196.4
1776370235840120999,-1.3880019960490624,-0.49988690994388185,0.14304293587202696,0.225188220748279,-1.4541511053754104,-0.7087340914927943,2.9282814484271125,16.848854897680354,6.132249573358004,0.01,0.1,0.001,0.0001,0.25,196.4
1776370235939295038,-1.3730635278573022,-0.47881788515955476,0.15818967024221992,0.1996664003948207,-1.4541511053754104,-0.7087340914927943,2.9282814484271125,18.74072914239073,277.6917621950664,0.01,0.1,0.001,0.0001,0.25,196.4
1776370236040829581,-1.3592667912472778,-0.4572332400982684,0.11356133832839133,0.2254811711534657,-1.4541511053754104,-0.7087340914927943,2.9282814484271125,20.778910921423364,91.13515060696005,0.01,0.1,0.001,0.0001,0.25,196.4
1776370236139330495,-1.3453157767338406,-0.4358606518684312,0.1697081845744741,0.2084803063601722,-1.4541511053754104,-0.7087340914927943,2.9282814484271125,22.8513639558908,316.21434208950694,0.01,0.1,0.001,0.0001,0.25,196.4
1776370236238277176,-1.3293323279834626,-0.4167916708994164,0.15336836604311757,0.17696470563175662,-1.4541511053754104,-0.7087340914927943,2.9282814484271125,25.02409375004607,221.64979223777473,0.01,0.1,0.001,0.0001,0.25,196.4
1776370236347746003,-1.3182681032946053,-0.39758469690482856,0.04877335708886081,0.17394382421102075,-1.4541511053754104,-0.7087340914927943,2.9282814484271125,27.53225741720708,262.86754009548815,0.01,0.1,0.001,0.0001,0.25,196.4
1776370236438924771,-1.389493358327192,-0.5861197008222825,-0.01774140602159601,0.21445687574442823,-1.4451191101826981,-0.7124447414929239,2.9282814484271125,10.03771149025235,102.34299134786664,0.01,0.1,0.001,0.0001,0.25,196.4
1776370236540514850,-1.3935522760037267,-0.5691430990388378,-0.06215098598564007,0.11969656926746958,-1.4451191101826981,-0.7124447414929239,2.9282814484271125,11.532318260666637,272.21335274632736,0.01,0.1,0.001,0.0001,0.25,196.4
1776370236643945313,-1.3958794436000093,-0.5542290620331136,0.017145270530567962,0.16872997415734808,-1.4451191101826981,-0.7124447414929239,2.9282814484271125,13.161482940379212,304.0139686303501,0.01,0.1,0.001,0.0001,0.25,196.4
1776370236744090181,-1.3981185574945012,-0.5348525337033422,-0.061873204874738526,0.21833032191955398,-1.4451191101826981,-0.7124447414929239,2.9282814484271125,14.84703424585704,206.44017639112275,0.01,0.1,0.001,0.0001,0.25,196.4
1776370236846749501,-1.407169120848014,-0.5077702478855145,-0.11444997960338028,0.30928709722072273,-1.4451191101826981,-0.7124447414929239,2.9282814484271125,16.6934280876741,298.94479691581273,0.01,0.1,0.001,0.0001,0.25,196.4
1776370236946077244,-1.413321414810119,-0.47910119863060063,-0.009404574509067773,0.26786222856998704,-1.4451191101826981,-0.7124447414929239,2.9282814484271125,18.59340576934751,31.487559501349434,0.01,0.1,0.001,0.0001,0.25,196.4
1776370237051620521,-1.4119465866873444,-0.44137518627967054,0.03545712165246667,0.447033472953407,-1.4451191101826981,-0.7124447414929239,2.9282814484271125,20.71966268539041,205.48155083941933,0.01,0.1,0.001,0.0001,0.25,196.4
1776370237146128123,-1.4159995089329427,-0.40781188187018735,-0.12122058988274256,0.2631961384219282,-1.4451191101826981,-0.7124447414929239,2.9282814484271125,22.71475848036296,315.8534194932618,0.01,0.1,0.001,0.0001,0.25,196.4
1776370237244983134,-1.430262445590942,-0.38020063950139105,-0.16735447972038214,0.29544871708441045,-1.4451191101826981,-0.7124447414929239,2.9282814484271125,24.889176275766058,206.95469265893263,0.01,0.1,0.001,0.0001,0.25,196.4
1776370237342831091,-1.440813139834292,-0.35296113112122857,-0.04829647428936444,0.26131331519995915,-1.4451191101826981,-0.7124447414929239,2.9282814484271125,27.131205962367854,45.879673952666614,0.01,0.1,0.001,0.0001,0.25,196.4
1776370237445009475,-1.4336968968127404,-0.3204379649325043,0.18760530549034032,0.3753659346492535,-1.4451191101826981,-0.7124447414929239,2.9282814484271125,29.58550379069573,143.94646131158922,0.01,0.1,0.001,0.0001,0.25,196.4
1776370237543104287,-1.3679398213516845,-0.5239973512446656,0.5194337440890329,0.5758773764607643,-1.424044457300084,-0.695746817283313,2.9282814484271125,10.11998659582571,195.5214309467143,0.01,0.1,0.001,0.0001,0.25,196.4
1776370237641655201,-1.3240037441817583,-0.468001788812602,0.37209052465555725,0.5603506635873382,-1.424044457300084,-0.695746817283313,2.9282814484271125,11.51333322891578,188.4671898299305,0.01,0.1,0.001,0.0001,0.25,196.4
1776370237744650524,-1.288578663293289,-0.4136601243455218,0.31585546640526724,0.4949505320655063,-1.424044457300084,-0.695746817283313,2.9282814484271125,13.06407553883153,187.5942215382732,0.01,0.1,0.001,0.0001,0.25,196.4
1776370237842204439,-1.2533750123156968,-0.3681574420807645,0.40591586989956374,0.4379791747024947,-1.424044457300084,-0.695746817283313,2.9282814484271125,14.627702797375985,229.72235758222843,0.01,0.1,0.001,0.0001,0.25,196.4
1776370237941102858,-1.2079963532997786,-0.32627201169863024,0.511696383039219,0.4089957022937267,-1.424044457300084,-0.695746817283313,2.9282814484271125,16.30953135260402,183.9555402358302,0.01,0.1,0.001,0.0001,0.25,196.4
1776370238050854650,-1.1606449794108744,-0.2737225887618978,0.351237576343271,0.5486677797512054,-1.424044457300084,-0.695746817283313,2.9282814484271125,18.28616213503416,343.29492961083724,0.01,0.1,0.001,0.0001,0.25,196.4
1776370238141624464,-1.1293458435657213,-0.21807366028763694,0.3383414489379149,0.6773831260972298,-1.424044457300084,-0.695746817283313,2.9282814484271125,20.00520127899858,154.14557157654576,0.01,0.1,0.001,0.0001,0.25,196.4
1776370238251553924,-1.092037719671234,-0.1417328682903485,0.3404576511211166,0.7115921290538391,-1.424044457300084,-0.695746817283313,2.9282814484271125,22.177849348968227,157.51259450162763,0.01,0.1,0.001,0.0001,0.25,196.4
1776370238342404203,-1.0556279925254093,-0.08191451569738332,0.4610712915623727,0.6052576433951039,-1.424044457300084,-0.695746817283313,2.9282814484271125,24.05735917510299,346.76468471663674,0.01,0.1,0.001,0.0001,0.25,196.4
1776370238440454735,-1.0152547348149337,-0.024408486607820398,0.3624359735787605,0.5677126698819641,-1.424044457300084,-0.695746817283313,2.9282814484271125,26.181232263993614,298.98057461995614,0.01,0.1,0.001,0.0001,0.25,196.4
1776370238542637339,-1.3626210560378151,-1.3474747763097852,-2.0848194548568837,-3.3909511600361837,-0.7346022140647748,-0.50093770888693,2.9282814484271125,8.437243193335688,68.45380107672538,0.01,0.1,0.001,0.0001,0.25,196.4
1776370238642555626,-1.5722566649351155,-1.6907363883264908,-2.1115377628956074,-3.4802495426522957,-0.7346022140647748,-0.50093770888693,2.9282814484271125,9.693739362567719,268.8751621531187,0.01,0.1,0.001,0.0001,0.25,196.4
1776370238749249160,-1.7984317579298668,-2.063851254221333,-2.1287977560992877,-3.514916006171562,-0.7346022140647748,-0.50093770888693,2.9282814484271125,11.147035734773054,262.86884985462837,0.01,0.1,0.001,0.0001,0.25,196.4
1776370238842191475,-1.9953017505483428,-2.3902582689630663,-2.107513918025024,-3.5088148767070306,-0.7346022140647748,-0.50093770888693,2.9282814484271125,12.49924818692865,261.41191093346043,0.01,0.1,0.001,0.0001,0.25,196.4
1776370238944308152,-2.2098674631080986,-2.75056477640201,-2.094397235985771,-3.5471863567087456,-0.7346022140647748,-0.50093770888693,2.9282814484271125,14.067135077314344,258.2866887023193,0.01,0.1,0.001,0.0001,0.25,196.4
1776370239042675726,-2.4121616198116125,-3.0962013482655717,-2.0187642219460664,-3.480495752391915,-0.7346022140647748,-0.50093770888693,2.9282814484271125,15.66215978839314,62.931061359948906,0.01,0.1,0.001,0.0001,0.25,196.4
1776370239140913853,-2.6115031927825076,-3.439765830719479,-2.03963726952599,-3.5141445889449154,-0.7346022140647748,-0.50093770888693,2.9282814484271125,17.34498165279555,219.7248164576424,0.01,0.1,0.001,0.0001,0.25,196.4
1776370239243678614,-2.824604391227782,-3.7974392874347895,-2.107551740708243,-3.446583176850149,-0.7346022140647748,-0.50093770888693,2.9282814484271125,19.199218577913246,165.10743454971504,0.01,0.1,0.001,0.0001,0.25,196.4
1776370239341778238,-3.02978597009478,-4.131314664212813,-2.077162013388339,-3.36286282250463,-0.7346022140647748,-0.50093770888693,2.9282814484271125,21.057223889202344,62.632657824195434,0.01,0.1,0.001,0.0001,0.25,196.4
1776370239439344001,-1.7225887387619059,-2.207834829261474,-1.2209472224610576,-2.5293290772176737,-0.18816655047078792,-0.11503014051234853,2.9282814484271125,8.045517057924414,167.93878548225078,0.01,0.1,0.001,0.0001,0.25,196.4
1776370239541782775,-1.84806446257259,-2.462188468323483,-1.228759118758488,-2.4365057759255837,-0.18816655047078792,-0.11503014051234853,2.9282814484271125,9.354698495888654,7.483220475392476,0.01,0.1,0.001,0.0001,0.25,196.4
1776370239642143753,-1.9680621725537244,-2.705900509271284,-1.1627588815422392,-2.4206013547715513,-0.18816655047078792,-0.11503014051234853,2.9282814484271125,10.735105948514825,231.23018407931784,0.01,0.1,0.001,0.0001,0.25,196.4
1776370239744646565,-2.085101502900042,-2.9508303728571073,-1.121226761120044,-2.3591277348767594,-0.18816655047078792,-0.11503014051234853,2.9282814484271125,12.241730317934328,100.96058234422131,0.01,0.1,0.001,0.0001,0.25,196.4
1776370239853200536,-2.204454649982843,-3.194041830157774,-1.0776425023934262,-2.1216104028595404,-0.18816655047078792,-0.11503014051234853,2.9282814484271125,13.936172125027843,76.05621819807428,0.01,0.1,0.001,0.0001,0.25,196.4
1776370239943903292,-2.3011868247529805,-3.3854645845650118,-1.054905452404755,-2.098476702418802,-0.18816655047078792,-0.11503014051234853,2.9282814484271125,15.43247374661709,145.46466895145127,0.01,0.1,0.001,0.0001,0.25,196.4
1776370240042117548,-2.4053730718288473,-3.589140749334841,-1.0667744543492899,-2.049245654469612,-0.18816655047078792,-0.11503014051234853,2.9282814484271125,17.144284680059812,156.27453255782507,0.01,0.1,0.001,0.0001,0.25,196.4
1776370240144562838,-2.51527144219571,-3.7983328566085044,-1.0787210207085267,-2.034715900876482,-0.18816655047078792,-0.11503014051234853,2.9282814484271125,19.028019995872825,123.17789964209781,0.01,0.1,0.001,0.0001,0.25,196.4
1776370240242860150,-2.6235525035637033,-3.997921280362162,-1.1243840791620965,-2.0261444997475384,-0.18816655047078792,-0.11503014051234853,2.9282814484271125,20.929785927977886,64.30643336794216,0.01,0.1,0.001,0.0001,0.25,196.4
1776370240341566635,-0.7351703086876062,-1.8202818468042268,0.3437776524490179,-0.5998271394411129,0.12945858749401623,-0.2894306762809361,2.9282814484271125,8.377369880760385,2.737180665660961,0.01,0.1,0.001,0.0001,0.25,196.4
1776370240443325839,-0.7012104274147608,-1.8827680722267597,0.32253046240766686,-0.6261806528502414,0.12945858749401623,-0.2894306762809361,2.9282814484271125,9.788125566662096,217.5382318467486,0.01,0.1,0.001,0.0001,0.25,196.4
1776370240541780301,-0.6713558716960706,-1.943448032842251,0.2839455406158849,-0.6064935267447599,0.12945858749401623,-0.2894306762809361,2.9282814484271125,11.250617610821264,171.8604897285796,0.01,0.1,0.001,0.0001,0.25,196.4
1776370240644608599,-0.6434477328642669,-2.0026661928508447,0.2589207672054544,-0.5454121618998631,0.12945858749401623,-0.2894306762809361,2.9282814484271125,12.88245585392522,105.70683629287376,0.01,0.1,0.001,0.0001,0.25,196.4
1776370240742576052,-0.6182507757695598,-2.054485987885334,0.2554515110580546,-0.5124404165226907,0.12945858749401623,-0.2894306762809361,2.9282814484271125,14.535168137581996,66.41087754909907,0.01,0.1,0.001,0.0001,0.25,196.4
1776370240841475133,-0.5936471605629648,-2.1043266390771174,0.24213792038879142,-0.49554890054370754,0.12945858749401623,-0.2894306762809361,2.9282814484271125,16.300161040808124,103.12720705630866,0.01,0.1,0.001,0.0001,0.25,196.4
1776370240943365822,-0.5688192927042024,-2.154639887444395,0.24519883052447883,-0.49203066636411813,0.12945858749401623,-0.2894306762809361,2.9282814484271125,18.220982949810736,110.14951423593577,0.01,0.1,0.001,0.0001,0.25,196.4
1776370241042072140,-0.5439937206048817,-2.202756492489071,0.257824795567209,-0.4829232661358622,0.12945858749401623,-0.2894306762809361,2.9282814484271125,20.180388366222772,106.8001180953879,0.01,0.1,0.001,0.0001,0.25,196.4
1776370241143968123,-0.516370227038747,-2.2514134066151366,0.28437953206452027,-0.4721329560322719,0.12945858749401623,-0.2894306762809361,2.9282814484271125,22.304906034742825,301.9104836839974,0.01,0.1,0.001,0.0001,0.25,196.4
1776370241243700661,-0.48749615626353526,-2.2983431309686764,0.2946349748906502,-0.4689533015880052,0.12945858749401623,-0.2894306762809361,2.9282814484271125,24.483612648172766,16.852344261318397,0.01,0.1,0.001,0.0001,0.25,196.4
1776370241340141846,-0.45905241550885895,-2.343807035072281,0.2952717675955337,-0.47394179093080835,0.12945858749401623,-0.2894306762809361,2.9282814484271125,26.682983257189683,98.6367164059526,0.01,0.1,0.001,0.0001,0.25,196.4
1776370241442702526,0.17848428941891087,-0.948020940182462,0.6438319762864966,0.24645122386956175,0.24386385095036942,-0.2653114528620385,2.9282814484271125,9.464871528561213,267.8528643590258,0.01,0.1,0.001,0.0001,0.25,196.4
1776370241540741442,0.24292005181497747,-0.9236779552548257,0.6704932670115663,0.25008359465180163,0.24386385095036942,-0.2653114528620385,2.9282814484271125,10.946688448348361,63.93906113119023,0.01,0.1,0.001,0.0001,0.25,196.4
1776370241643449328,0.3124930224022623,-0.8977537920262377,0.6843566370874773,0.25475829678411527,0.24386385095036942,-0.2653114528620385,2.9282814484271125,12.600925566319772,262.3841521110469,0.01,0.1,0.001,0.0001,0.25,196.4
1776370241742094033,0.37995549440663207,-0.8739314249282167,0.6835746681947846,0.2282859906709645,0.24386385095036942,-0.2653114528620385,2.9282814484271125,14.287772981676346,5.989013012382132,0.01,0.1,0.001,0.0001,0.25,196.4
1776370241844662676,0.448691439932414,-0.8537483760558989,0.656624020976575,0.16523875733757099,0.24386385095036942,-0.2653114528620385,2.9282814484271125,16.145406020796806,137.67563075821707,0.01,0.1,0.001,0.0001,0.25,196.4
1776370241942754037,0.5119821035742356,-0.8358751676527657,0.6338834741206406,0.19919902982502963,0.24386385095036942,-0.2653114528620385,2.9282814484271125,18.01922987223643,224.9306403966191,0.01,0.1,0.001,0.0001,0.25,196.4
1776370242045341439,0.5757706437891255,-0.8197542720692591,0.6097107716374907,0.11508709298918637,0.24386385095036942,-0.2653114528620385,2.9282814484271125,20.082687167807364,322.2927931718133,0.01,0.1,0.001,0.0001,0.25,196.4
1776370242143032478,0.6352323637480517,-0.8111290302974473,0.6076839767731059,0.061502552315870936,0.24386385095036942,-0.2653114528620385,2.9282814484271125,22.14470171684917,294.9264988975276,0.01,0.1,0.001,0.0001,0.25,196.4
1776370242246263668,0.695345024749838,-0.8048958344693771,0.556823413110194,0.05924742752883806,0.24386385095036942,-0.2653114528620385,2.9282814484271125,24.42375225019778,285.54075186154785,0.01,0.1,0.001,0.0001,0.25,196.4
1776370242343866371,0.7516105085435577,-0.7994919289735885,0.5962805539446546,0.051500129314863585,0.24386385095036942,-0.2653114528620385,2.9282814484271125,26.676764059243602,70.1683952636921,0.01,0.1,0.001,0.0001,0.25,196.4
1776370242445902837,0.3945246509298363,-0.4015033628524058,0.30280871381593544,0.1672978977630052,0.23182119069342014,-0.20408573339670716,2.9282814484271125,9.893038287568599,345.0522118244539,0.01,0.1,0.001,0.0001,0.25,196.4
1776370242544553522,0.4250976017020239,-0.3855458293517149,0.3170770786818953,0.156251123530194,0.23182119069342014,-0.20408573339670716,2.9282814484271125,11.422258105371839,292.0702450445084,0.01,0.1,0.001,0.0001,0.25,196.4
1776370242647353482,0.4572916740773578,-0.3699432670666113,0.3092897797204348,0.14731183699277198,0.23182119069342014,-0.20408573339670716,2.9282814484271125,13.115676754743793,260.036359092035,0.01,0.1,0.001,0.0001,0.25,196.4
1776370242745790200,0.4870256827622721,-0.3552871498084137,0.29492481570359874,0.1505100965880141,0.23182119069342014,-0.20408573339670716,2.9282814484271125,14.833593151075101,203.7265136033226,0.01,0.1,0.001,0.0001,0.25,196.4
1776370242845107581,0.515259053392872,-0.3402794282884141,0.2735383905911593,0.15166202469570447,0.23182119069342014,-0.20408573339670716,2.9282814484271125,16.66308836030947,133.42452257830166,0.01,0.1,0.001,0.0001,0.25,196.4
1776370242945908173,0.542794286745288,-0.3247233712210683,0.2728476033143106,0.15701927802680163,0.23182119069342014,-0.20408573339670716,2.9282814484271125,18.617412232501227,64.3097121328195,0.01,0.1,0.001,0.0001,0.25,196.4
1776370243044392985,0.5692951977638366,-0.3093306260675536,0.26525735523259864,0.1555327126182645,0.23182119069342014,-0.20408573339670716,2.9282814484271125,20.623145747378192,7.450725123980557,0.01,0.1,0.001,0.0001,0.25,196.4
1776370243146773010,0.5956708041812635,-0.2953383596070507,0.24999693537294856,0.11780983029694633,0.23182119069342014,-0.20408573339670716,2.9282814484271125,22.807086730021755,282.8027867041856,0.01,0.1,0.001,0.0001,0.25,196.4
1776370243244992464,0.6176435953050278,-0.283601353588467,0.19740680881206207,0.12117575913766246,0.23182119069342014,-0.20408573339670716,2.9282814484271125,24.99702539596262,284.4082281391871,0.01,0.1,0.001,0.0001,0.25,196.4
1776370243347041113,0.6370715620676367,-0.2710817491146349,0.18339163705816625,0.12421512426248066,0.23182119069342014,-0.20408573339670716,2.9282814484271125,27.373624804361445,219.6366429057184,0.01,0.1,0.001,0.0001,0.25,196.4
1776370243446035617,0.2056755733999887,-0.17920743701084763,-0.13222589970633877,0.25531451681192785,0.15805990367898545,-0.16141326155910637,2.9282814484271125,10.098611390442063,168.2253944674048,0.01,0.1,0.001,0.0001,0.25,196.4
1776370243548102915,0.192621163500666,-0.15170060956175344,-0.12353818771201217,0.2836036475898677,0.15805990367898545,-0.16141326155910637,2.9282814484271125,11.666307603854461,137.6834022785086,0.01,0.1,0.001,0.0001,0.25,196.4
1776370243646182273,0.1803068028806438,-0.12400596573327105,-0.12759153143854302,0.2811798877658554,0.15805990367898545,-0.16141326155910637,2.9282814484271125,13.269467390513078,168.5002408798758,0.01,0.1,0.001,0.0001,0.25,196.4
1776370243754514198,0.166167596438649,-0.09430788816398403,-0.133495140924862,0.2672081904452374,0.15805990367898545,-0.16141326155910637,2.9282814484271125,15.153044657872014,201.89369715463445,0.01,0.1,0.001,0.0001,0.25,196.4
1776370243847166759,0.1534518182890813,-0.06956149519762408,-0.14093940526301657,0.26687356559269637,0.15805990367898545,-0.16141326155910637,2.9282814484271125,16.858002103402733,165.86603377770257,0.01,0.1,0.001,0.0001,0.25,196.4
1776370243947090890,0.13980470832870343,-0.043099411742706026,-0.13221944442299227,0.26278819413715937,0.15805990367898545,-0.16141326155910637,2.9282814484271125,18.78947586587168,109.36487426929232,0.01,0.1,0.001,0.0001,0.25,196.4
1776370244047865221,0.1253415487571297,-0.017162204895723215,-0.154799742032823,0.2519317030828626,0.15805990367898545,-0.16141326155910637,2.9282814484271125,20.83540029669002,117.15971275659851,0.01,0.1,0.001,0.0001,0.25,196.4
1776370244150256856,0.10915807349496512,0.009914223800618759,-0.16131518545048665,0.2769573739043217,0.15805990367898545,-0.16141326155910637,2.9282814484271125,23.018542669022448,167.17531397055856,0.01,0.1,0.001,0.0001,0.25,196.4
