timestamp_ns,time_ms,voltage_left,current_left_ma,voltage_right,current_right_ma,motor_current_left,motor_current_right,euler_x,euler_y,euler_z,acc_lin_x,acc_lin_y,acc_lin_z,sonar_mm,tof_mm,rpm_left,rpm_right,rotations_left,rotations_right
1771536722821558408,149373,0.0,0.9,0.0,0.2,0.02,-0.08,-0.06,11.0,13.13,0.0,0.0,-0.05,264.97,312.0,0.0,0.0,,-0.02
1771536726631039032,149373,0.0,0.9,0.0,0.2,0.02,-0.08,-0.06,11.0,13.13,0.0,0.0,-0.05,264.97,312.0,0.0,0.0,,
1771536727478720308,2903,0.0,0.6,0.0,0.3,0.04,-0.06,-0.06,11.0,13.13,0.0,0.02,0.0,259.48,314.0,0.0,0.0,0.0,
1771536727581104671,3753,0.0,0.9,0.0,0.3,-0.02,-0.04,-0.06,11.0,13.13,-0.02,0.01,-0.02,259.65,314.0,0.0,0.0,0.0,
1771536727679401444,3853,0.0,0.7,0.004,0.6,0.06,-0.18,-0.06,11.0,13.13,-0.02,0.0,-0.04,260.68,314.0,0.0,0.0,0.0,
1771536727781831048,3953,0.0,0.9,0.0,0.4,-0.08,-0.16,-0.06,11.0,13.13,-0.01,-0.01,-0.04,260.68,316.0,0.0,0.0,0.0,
1771536727880105302,4054,0.0,0.7,0.0,0.4,-0.04,0.02,-0.06,11.0,13.13,-0.02,0.0,-0.04,259.48,316.0,0.0,0.0,0.0,
1771536727978406242,4153,0.0,1.0,0.0,0.2,-0.02,0.0,-0.06,11.0,13.13,0.01,0.01,-0.03,264.97,316.0,0.0,0.0,0.0,
1771536728080809864,4253,0.0,1.0,0.0,0.3,0.12,-0.12,-0.06,11.0,13.13,-0.01,0.0,-0.06,259.48,313.0,0.0,0.0,0.0,
1771536728179139452,4354,0.0,0.7,0.0,0.4,0.12,0.0,-0.06,11.0,13.13,0.01,-0.02,-0.03,260.51,313.0,0.0,0.0,0.0,
1771536728281476611,4454,0.0,1.0,0.0,0.3,0.16,-0.04,-0.06,11.0,13.13,0.0,0.01,-0.06,263.77,310.0,0.0,0.0,0.0,
1771536728379793088,4553,0.0,1.0,0.0,0.1,-0.14,0.0,-0.06,11.0,13.13,0.02,0.0,-0.04,264.8,316.0,0.0,0.0,0.0,
1771536728478086064,4653,0.0,1.0,0.0,0.1,-0.02,0.08,-0.06,11.0,13.13,0.0,0.03,-0.06,264.8,316.0,0.0,0.0,0.0,
1771536728580487464,4753,0.0,0.7,0.0,0.0,-0.02,-0.08,-0.06,11.0,13.13,0.0,0.0,-0.05,260.68,315.0,0.0,0.0,0.0,
1771536728678792126,4853,0.0,0.9,0.0,0.5,-0.1,0.08,-0.06,11.0,13.13,0.0,0.01,-0.05,260.68,314.0,0.0,0.0,0.0,
1771536728781227323,4954,0.0,0.7,0.0,0.3,-0.02,0.14,-0.06,11.0,13.13,0.0,0.0,-0.06,263.77,314.0,0.0,0.0,0.0,
1771536728879491947,5054,0.0,0.8,0.0,0.6,0.06,-0.04,-0.06,11.0,13.13,0.0,0.0,-0.05,259.48,312.0,0.0,0.0,0.0,
1771536728981893477,5153,0.0,0.7,0.0,0.5,0.06,-0.04,-0.06,11.0,13.13,0.0,0.02,-0.02,260.68,312.0,0.0,0.0,0.0,
1771536729080166083,5254,0.0,0.9,0.0,0.2,-0.02,0.06,-0.06,11.0,13.13,0.0,0.0,-0.04,264.8,313.0,0.0,0.0,0.0,
1771536729182551372,5354,0.0,0.3,0.0,0.0,-0.04,0.0,-0.06,11.0,13.13,0.02,0.01,-0.04,263.77,311.0,0.0,0.0,0.0,
1771536729280883182,5454,0.0,1.3,0.0,0.3,0.12,0.0,-0.06,11.0,13.13,0.02,0.02,-0.04,259.65,311.0,0.0,0.0,0.0,
1771536729383316860,5555,0.0,1.1,0.0,0.5,0.04,-0.08,-0.06,11.0,13.13,0.0,0.0,-0.03,260.68,311.0,0.0,0.0,0.0,
1771536729481586096,5655,0.0,1.1,0.0,0.2,-0.06,-0.16,-0.06,11.0,13.13,0.0,0.0,-0.04,263.77,316.0,0.0,0.0,0.0,
1771536729583976255,5755,0.0,1.3,0.0,0.6,-0.1,0.0,-0.06,11.0,13.13,0.02,0.01,-0.05,259.65,316.0,0.0,0.0,0.0,
1771536729682254343,5856,0.0,1.3,0.0,0.2,-0.04,-0.16,-0.06,11.0,13.13,0.01,0.0,-0.04,260.68,312.0,0.0,0.0,0.0,
1771536729784675225,5956,0.0,1.2,0.0,0.3,-0.08,0.0,-0.06,11.0,13.13,0.0,-0.03,-0.03,258.97,313.0,0.0,0.0,0.0,
1771536729882985368,6056,0.0,1.4,0.0,0.3,0.1,-0.08,-0.06,11.0,13.13,0.0,-0.02,-0.04,259.65,313.0,0.0,0.0,0.0,
1771536729985404657,6157,0.0,1.1,0.0,0.3,-0.14,-0.08,-0.06,11.0,13.13,0.02,0.03,-0.03,263.77,312.0,0.0,0.0,0.0,
1771536730083683819,6257,0.0,1.4,0.0,0.5,-0.06,-0.08,-0.06,11.0,13.13,0.0,0.03,-0.03,260.68,312.0,0.0,0.0,0.0,
1771536730181973370,6356,0.0,1.1,0.0,0.6,0.0,-0.08,-0.06,11.0,13.13,0.0,0.0,-0.01,260.51,312.0,0.0,0.0,0.0,
1771536730284360770,6456,0.0,1.2,0.0,0.6,-0.02,-0.08,-0.06,11.0,13.13,0.03,0.0,-0.05,259.48,312.0,0.0,0.0,0.0,
1771536730382679987,6556,0.0,1.3,0.0,0.1,-0.1,-0.02,-0.06,11.0,13.13,0.02,0.01,-0.04,264.97,312.0,0.0,0.0,0.0,
1771536730485068961,6656,0.0,1.2,0.0,0.3,-0.08,-0.1,-0.06,11.0,13.13,0.01,0.01,-0.05,263.94,315.0,0.0,0.0,0.0,
1771536730583370494,6756,0.0,1.4,0.0,0.4,0.16,-0.06,-0.06,11.0,13.13,0.01,0.03,-0.05,260.68,315.0,0.0,0.0,0.0,
1771536730685771468,6856,0.0,1.4,0.0,0.4,-0.08,-0.06,-0.06,11.0,13.13,0.0,0.02,-0.05,263.77,315.0,0.0,0.0,0.0,
1771536730784064037,6957,0.0,1.4,0.0,0.5,-0.04,0.02,-0.06,11.0,13.13,0.01,0.0,-0.08,264.97,311.0,0.0,0.0,0.0,
1771536730886503696,7057,0.0,0.8,0.0,1.5,0.08,-0.04,-0.06,11.0,13.13,-0.01,0.0,-0.06,263.77,313.0,0.0,0.0,0.0,
1771536730984765006,7157,0.0,1.3,0.0,0.2,0.06,-0.06,-0.06,11.0,13.13,0.02,0.02,-0.04,263.77,313.0,0.0,0.0,0.0,
1771536731083057890,7257,0.0,1.4,0.0,0.3,0.02,-0.1,-0.06,11.0,13.13,0.02,0.02,-0.09,260.68,314.0,0.0,0.0,0.0,
1771536731185478420,7357,0.0,1.3,0.0,0.2,-0.18,-0.08,-0.06,11.0,13.13,0.01,0.01,-0.02,259.65,315.0,0.0,0.0,0.0,
1771536731287857820,7457,0.0,1.1,0.0,0.7,-0.12,-0.06,-0.06,11.0,13.13,0.02,-0.01,-0.05,260.51,315.0,0.0,0.0,0.0,
1771536731386163815,7558,0.0,1.0,0.0,0.2,-0.06,-0.08,-0.06,11.0,13.13,0.02,-0.01,-0.06,259.48,314.0,0.0,0.0,0.0,
1771536731488653531,7658,0.0,0.9,0.0,0.3,0.0,-0.1,-0.06,11.0,13.13,0.01,-0.01,-0.03,260.68,314.0,0.0,0.0,0.0,
1771536731586854711,7758,0.0,0.8,0.0,0.6,-0.04,0.04,-0.06,11.0,13.13,0.01,0.02,-0.07,259.48,313.0,0.0,0.0,0.0,
1771536731685191354,7858,0.0,1.0,0.0,0.3,0.08,-0.02,-0.06,11.0,13.13,0.02,0.03,-0.07,260.68,313.0,0.0,0.0,0.0,
1771536731787537735,7958,0.0,0.6,0.0,0.2,0.08,-0.02,-0.06,11.0,13.13,0.01,0.03,-0.08,260.68,313.0,0.0,0.0,0.0,
1771536731885850657,8058,0.0,1.0,0.0,0.2,-0.04,-0.08,-0.06,11.0,13.13,0.0,0.0,-0.07,260.68,313.0,0.0,0.0,0.0,
1771536731988253872,8158,0.0,0.7,0.0,0.2,-0.08,0.0,-0.06,11.0,13.13,0.0,0.01,-0.07,259.65,315.0,0.0,0.0,0.0,
1771536732086570237,8258,0.0,0.8,0.0,0.5,-0.06,0.04,-0.06,11.0,13.13,0.02,0.01,-0.07,260.51,315.0,0.0,0.0,0.0,
1771536732188925470,8358,0.0,0.9,0.0,0.3,0.06,-0.14,-0.06,11.0,13.13,0.01,0.0,-0.06,259.48,312.0,0.0,0.0,0.0,
1771536732287222280,8458,0.0,1.0,0.0,0.5,-0.14,0.04,-0.06,11.0,13.13,0.0,0.0,-0.07,260.68,312.0,0.0,0.0,0.0,
1771536732389649829,8558,0.0,0.7,0.0,0.3,-0.08,-0.02,-0.06,11.0,13.13,0.01,0.0,-0.06,259.65,315.0,0.0,0.0,0.0,
1771536732487954657,8658,0.0,0.9,0.0,0.2,0.06,-0.02,-0.06,11.0,13.13,0.01,0.0,-0.05,259.48,313.0,0.0,0.0,0.0,
1771536732586258856,8758,0.0,0.7,0.0,0.5,0.02,0.02,-0.06,11.0,13.13,0.0,0.0,-0.04,260.51,313.0,0.0,0.0,0.0,
1771536732688644478,8858,0.0,0.7,0.0,0.5,0.0,0.0,-0.06,11.0,13.13,-0.01,0.0,-0.04,260.68,313.0,0.0,0.0,0.0,
1771536732786950233,8958,0.0,0.7,0.0,0.5,0.02,0.0,-0.06,11.0,13.13,0.0,0.0,-0.05,260.51,315.0,0.0,0.0,0.0,
1771536732889341022,9058,0.0,0.7,0.0,0.3,0.0,-0.2,-0.06,11.0,13.13,0.01,-0.01,-0.04,259.48,315.0,0.0,0.0,0.0,
1771536732987650906,9158,0.0,1.0,0.0,0.5,0.02,-0.14,-0.06,11.0,13.13,-0.03,0.0,-0.04,259.65,314.0,0.0,0.0,0.0,
1771536733090021139,9259,0.0,0.3,0.0,0.4,-0.02,0.08,-0.06,11.0,13.13,0.0,0.01,-0.01,259.48,314.0,0.0,0.0,0.0,
1771536733188339616,9359,0.0,1.2,0.0,0.3,0.02,-0.04,-0.06,11.0,13.13,0.0,0.03,-0.04,260.51,314.0,0.0,0.0,0.0,
1771536733290756590,9459,0.0,1.3,0.0,0.4,-0.08,-0.06,-0.06,11.0,13.13,-0.01,-0.01,0.0,260.68,315.0,0.0,0.0,0.0,
1771536733389034122,9560,0.0,1.3,0.0,0.2,0.06,-0.08,-0.06,11.0,13.13,0.0,0.0,-0.04,260.68,312.0,0.0,0.0,0.0,
1771536733491431930,9660,0.0,1.3,0.0,0.2,0.06,-0.18,-0.06,11.0,13.13,0.0,0.0,-0.01,264.97,312.0,0.0,0.0,0.0,
1771536733589743795,9759,0.0,0.9,0.0,0.7,0.0,0.04,-0.06,11.0,13.13,0.0,0.0,-0.05,260.51,313.0,0.0,0.0,0.0,
1771536733688045420,9859,0.0,1.0,0.0,0.2,0.02,-0.02,-0.06,11.0,13.13,0.0,0.0,-0.06,259.48,313.0,0.0,0.0,0.0,
1771536733790453024,9959,0.0,0.6,0.0,0.5,0.02,-0.08,-0.06,11.0,13.13,0.0,0.02,-0.01,260.68,315.0,0.0,0.0,0.0,
1771536733888751908,10059,0.0,1.0,0.0,0.5,-0.02,0.0,-0.06,11.0,13.13,0.02,0.0,-0.04,259.48,314.0,0.0,0.0,0.0,
1771536733991144493,10160,0.0,0.7,0.0,0.5,-0.08,-0.04,-0.06,11.0,13.13,0.0,0.0,-0.02,259.65,314.0,0.0,0.0,0.0,
1771536734089430655,10260,0.0,1.1,0.0,0.2,0.1,-0.2,-0.06,11.0,13.13,0.0,0.01,-0.01,259.48,316.0,0.0,0.0,0.0,
1771536734187686798,10360,0.0,1.1,0.0,0.3,-0.1,-0.12,-0.06,11.0,13.13,-0.01,0.0,-0.01,260.68,315.0,0.0,0.0,0.0,
1771536734290128828,10460,0.0,0.8,0.0,0.6,0.02,-0.1,-0.06,11.0,13.13,-0.01,0.01,-0.03,259.65,315.0,0.0,0.0,0.0,
1771536734392550432,10560,0.0,1.1,0.0,0.3,-0.02,-0.06,-0.06,11.0,13.13,0.0,0.01,-0.04,260.68,316.0,0.0,0.0,0.0,
1771536734490836076,10660,0.0,0.7,0.0,0.4,-0.16,0.02,-0.06,11.0,13.13,0.0,0.0,-0.03,259.65,311.0,0.0,0.0,0.0,
1771536734589134626,10760,0.0,0.7,0.0,0.4,-0.06,0.08,-0.06,11.0,13.13,0.02,0.01,-0.04,260.68,311.0,0.0,0.0,0.0,
1771536734691531730,10859,0.0,0.6,0.0,0.3,0.04,-0.04,-0.06,11.0,13.13,0.0,0.0,-0.02,259.48,315.0,0.0,0.0,0.0,
1771536734789829744,10959,0.0,0.7,0.0,0.3,-0.02,-0.08,-0.06,11.0,13.13,0.02,0.0,-0.01,259.48,315.0,0.0,0.0,0.0,
1771536734898232056,11060,0.0,0.7,0.0,0.4,-0.06,0.02,-0.06,11.0,13.13,0.03,0.0,-0.04,259.48,314.0,0.0,0.0,0.0,
1771536734990527787,11159,0.0,0.7,0.0,0.2,0.04,-0.06,-0.06,11.0,13.13,0.0,-0.02,-0.02,259.48,316.0,0.0,0.0,0.0,
1771536735088841745,11259,0.0,0.7,0.0,0.3,-0.08,-0.1,-0.06,11.0,13.13,0.0,0.0,-0.04,260.51,316.0,0.0,0.0,0.0,
1771536735191200516,11359,0.0,0.9,0.0,0.2,0.0,0.0,-0.06,11.0,13.13,0.0,0.01,-0.07,260.51,315.0,0.0,0.0,0.0,
1771536735289503937,11459,0.0,0.9,0.0,0.5,-0.12,-0.1,-0.06,11.0,13.13,0.0,0.01,-0.02,260.68,317.0,0.0,0.0,0.0,
1771536735387842062,11559,0.0,1.0,0.0,0.2,-0.08,-0.12,-0.06,11.0,13.13,0.0,-0.01,-0.02,260.68,317.0,0.0,0.0,0.0,
1771536735490227110,11659,0.0,1.0,0.0,0.4,0.06,-0.04,-0.06,11.0,13.13,-0.02,0.0,-0.01,260.51,313.0,0.0,0.0,0.0,
1771536735588506050,11759,0.0,1.0,0.0,0.2,-0.08,0.0,-0.06,11.0,13.13,0.0,0.0,0.0,259.48,316.0,0.0,0.0,0.0,
1771536735690932098,11859,0.0,0.8,0.0,0.3,-0.04,0.0,-0.06,11.0,13.13,0.0,-0.01,-0.03,260.51,316.0,0.0,0.0,0.0,
1771536735789269649,11959,0.0,0.7,0.0,0.5,-0.02,-0.02,-0.06,11.0,13.13,0.0,0.0,-0.02,260.68,314.0,0.0,0.0,0.0,
1771536735891621030,12059,0.0,0.5,0.0,0.1,-0.04,-0.12,-0.06,11.0,13.13,0.03,0.01,-0.04,259.48,318.0,0.0,0.0,0.0,
1771536735989928025,12160,0.0,0.7,0.0,0.2,0.04,-0.06,-0.06,11.0,13.13,0.03,0.0,-0.06,259.48,318.0,0.0,0.0,0.0,
1771536736092298129,12260,0.0,1.1,0.0,0.2,-0.04,-0.04,-0.06,11.0,13.13,0.0,0.02,-0.04,260.68,316.0,0.0,0.0,0.0,
1771536736190601291,12359,0.0,0.6,0.0,0.3,0.0,-0.12,-0.06,11.0,13.13,0.02,0.01,-0.05,259.65,316.0,0.0,0.0,0.0,
1771536736293033117,12460,0.0,0.7,0.0,0.3,0.16,-0.2,-0.06,11.0,13.13,0.04,0.02,-0.04,259.48,314.0,0.0,0.0,0.0,
1771536736391360446,12560,0.0,0.9,0.0,0.3,0.02,-0.02,-0.06,11.0,13.13,0.03,0.01,-0.04,260.68,312.0,0.0,0.0,0.0,
1771536736493712957,12660,0.0,0.8,0.0,0.5,0.02,-0.16,-0.06,11.0,13.13,0.02,0.02,-0.04,259.48,312.0,0.0,0.0,0.0,
1771536736592026804,12761,0.0,0.6,0.0,0.6,0.0,0.06,-0.06,11.0,13.13,0.0,0.0,-0.03,260.51,314.0,0.0,0.0,0.0,
1771536736700383672,12860,0.0,0.9,0.0,0.2,-0.06,0.16,-0.06,11.0,13.13,-0.02,0.01,-0.02,260.68,313.0,0.0,0.0,0.0,
1771536736792724829,12960,0.0,0.6,0.0,0.3,0.02,0.0,-0.06,11.0,13.13,0.0,0.01,-0.04,259.48,313.0,0.0,0.0,0.0,
1771536736891027805,13061,0.0,1.1,0.0,0.0,0.06,-0.08,-0.06,11.0,13.13,-0.02,0.0,-0.03,259.48,313.0,0.0,0.0,0.0,
1771536736993454372,13160,0.0,0.9,0.0,0.3,0.18,0.06,-0.06,11.0,13.13,0.01,-0.01,-0.04,260.68,313.0,0.0,0.0,0.0,
1771536737091687145,13260,0.0,1.0,0.0,1.5,-0.08,-0.14,-0.06,11.0,13.13,0.0,0.02,-0.04,259.48,309.0,0.0,0.0,0.0,
1771536737194077415,13361,0.0,1.2,0.008,0.4,0.1,-0.06,-0.06,11.0,13.13,0.03,0.02,-0.04,259.48,314.0,0.0,0.0,0.0,
1771536737292380744,13461,0.0,1.3,0.0,0.5,-0.1,0.04,-0.06,11.0,13.13,0.02,0.02,-0.02,260.68,314.0,0.0,0.0,0.0,
1771536737394811107,13561,0.0,1.3,0.0,0.3,-0.02,-0.04,-0.06,11.0,13.13,0.01,0.0,-0.06,260.51,315.0,0.0,0.0,0.0,
1771536737493113417,13661,0.0,1.4,0.0,0.3,0.0,-0.08,-0.06,11.0,13.13,0.02,0.0,-0.04,259.65,315.0,0.0,0.0,0.0,
1771536737601439155,13761,0.0,1.3,0.0,0.3,-0.06,-0.04,-0.06,11.0,13.13,0.0,-0.02,-0.04,259.48,315.0,0.0,0.0,0.0,
1771536737693807349,13861,0.0,1.2,0.0,1.0,0.0,-0.02,-0.06,11.0,13.13,0.0,0.01,-0.02,259.48,313.0,0.0,0.0,0.0,
1771536737792083159,13961,0.0,0.7,0.0,0.2,-0.14,-0.21,-0.06,11.0,13.13,-0.01,0.01,-0.03,260.68,317.0,0.0,0.0,0.0,
1771536737894489689,14061,0.0,0.8,0.0,0.3,0.02,-0.12,-0.06,11.0,13.13,0.0,0.01,-0.02,259.48,317.0,0.0,0.0,0.0,
1771536737992805184,14161,0.0,0.7,0.0,0.1,0.06,-0.08,-0.06,11.0,13.13,-0.01,0.0,-0.05,259.48,314.0,0.0,0.0,0.0,
1771536738095176418,14261,0.0,0.9,0.0,0.5,0.12,-0.02,-0.06,11.0,13.13,0.02,0.0,-0.02,259.65,317.0,0.0,0.0,0.0,
1771536738193497246,14361,0.0,1.1,0.0,0.2,-0.08,-0.12,-0.06,11.0,13.13,0.0,0.0,-0.03,259.48,317.0,0.0,0.0,0.0,
1771536738291765112,14461,0.0,0.7,0.0,0.3,-0.04,-0.08,-0.06,11.0,13.13,0.01,0.01,-0.01,260.68,313.0,0.0,0.0,0.0,
1771536738394199901,14561,0.0,0.9,0.0,0.4,0.02,-0.1,-0.06,11.0,13.13,0.02,0.0,-0.05,259.65,313.0,0.0,0.0,0.0,
1771536738492504655,14661,0.0,0.7,0.0,0.0,0.1,0.0,-0.06,11.0,13.13,0.0,0.0,-0.03,259.48,312.0,0.0,0.0,0.0,
1771536738590790114,14760,0.0,0.8,0.0,0.2,0.06,0.12,-0.06,11.0,13.13,0.0,0.0,-0.04,260.68,314.0,0.0,0.0,0.0,
1771536738693226458,14860,0.0,1.0,0.0,0.6,-0.08,0.0,-0.06,11.0,13.13,0.01,0.0,-0.04,260.68,314.0,0.0,0.0,0.0,
1771536738791463453,14960,0.0,0.9,0.0,0.5,-0.04,0.02,-0.06,11.0,13.13,0.01,0.0,-0.04,259.48,309.0,0.0,0.0,0.0,
1771536738893894483,15060,0.0,1.1,0.0,0.5,0.02,-0.04,-0.06,11.0,13.13,0.0,0.01,-0.03,260.51,314.0,0.0,0.0,0.0,
1771536738992202182,15160,0.0,0.9,0.0,0.2,-0.02,-0.06,-0.06,11.0,13.13,0.02,0.02,-0.04,259.65,314.0,0.0,0.0,0.0,
1771536739094557489,15259,0.0,0.7,0.004,0.3,-0.04,-0.04,-0.06,11.0,13.13,-0.01,-0.01,-0.02,259.65,316.0,0.0,0.0,0.0,
1771536739192895336,15360,0.0,1.0,0.0,0.6,-0.06,-0.16,-0.06,11.0,13.13,-0.02,-0.02,-0.02,262.74,313.0,0.0,0.0,0.0,
1771536739301295334,15460,0.0,1.3,0.0,0.3,0.0,-0.14,-0.06,11.0,13.13,0.01,0.01,-0.03,263.77,313.0,0.0,0.0,0.0,
1771536739393602324,15560,0.0,0.6,0.0,0.5,-0.02,-0.06,-0.06,11.0,13.13,-0.01,0.0,-0.02,260.51,315.0,0.0,0.0,0.0,
1771536739495993650,15661,0.0,0.9,0.0,0.2,0.1,-0.1,-0.06,11.0,13.13,0.0,0.0,-0.01,259.48,315.0,0.0,0.0,0.0,
1771536739594288164,15761,0.0,1.1,0.0,0.6,-0.14,-0.14,-0.06,11.0,13.13,0.0,0.0,-0.05,259.65,311.0,0.0,0.0,0.0,
1771536739692586437,15861,0.0,0.7,0.0,0.2,0.04,0.04,-0.06,11.0,13.13,0.0,-0.01,-0.06,259.48,313.0,0.0,0.0,0.0,
1771536739794987837,15961,0.0,1.1,0.0,0.4,0.1,-0.08,-0.06,11.0,13.13,-0.01,0.02,-0.01,259.48,313.0,0.0,0.0,0.0,
1771536739893272036,16061,0.0,0.7,0.0,0.3,0.0,0.0,-0.06,11.0,13.13,-0.02,0.03,-0.03,259.65,314.0,0.0,0.0,0.0,
1771536739995685065,16161,0.0,1.0,0.0,0.0,-0.04,-0.12,-0.06,11.0,13.13,-0.01,0.0,-0.02,260.68,315.0,0.0,0.0,0.0,
1771536740098078262,16262,0.0,1.0,0.0,0.3,0.1,-0.04,-0.06,11.0,13.13,0.0,0.01,-0.04,259.65,315.0,0.0,0.0,0.0,
1771536740196345479,16362,0.0,1.1,0.0,0.2,0.02,-0.1,-0.06,11.0,13.13,0.02,0.0,-0.02,259.65,313.0,0.0,0.0,0.0,
1771536740294691104,16462,0.0,1.2,0.0,0.2,0.02,-0.04,-0.06,11.0,13.13,0.02,0.0,-0.04,259.65,316.0,0.0,0.0,0.0,
1771536740397081597,16562,0.0,1.0,0.004,0.3,0.08,0.08,-0.06,11.0,13.13,0.02,0.01,-0.04,260.68,316.0,0.0,0.0,0.0,
1771536740495376573,16661,0.0,1.4,0.004,0.1,-0.02,0.02,-0.06,11.0,13.13,0.02,0.0,-0.05,260.68,315.0,0.0,0.0,0.0,
1771536740593678828,16761,0.0,1.2,0.0,0.3,-0.04,-0.1,-0.06,11.0,13.13,0.05,0.0,-0.05,258.45,316.0,0.0,0.0,0.0,
1771536740696078284,16861,0.0,1.1,0.0,0.4,-0.06,-0.02,-0.06,11.0,13.13,0.01,0.0,-0.03,259.48,316.0,0.0,0.0,0.0,
1771536740794391686,16960,0.0,1.1,0.0,0.1,-0.1,-0.06,-0.06,11.0,13.13,0.05,0.03,-0.05,264.8,312.0,0.0,0.0,0.0,
1771536740902718961,17060,0.0,1.3,0.0,0.2,-0.1,-0.1,-0.06,11.0,13.13,0.02,0.0,-0.05,259.48,312.0,0.0,0.0,0.0,
1771536740995074433,17160,0.0,1.4,0.0,0.2,0.02,-0.04,-0.06,11.0,13.13,0.03,0.0,-0.03,260.68,313.0,0.0,0.0,0.0,
1771536741093334428,17260,0.0,1.2,0.0,0.4,0.08,0.0,-0.06,11.0,13.13,0.01,0.02,-0.06,263.77,311.0,0.0,0.0,0.0,
1771536741195741273,17360,0.0,1.4,0.0,0.5,0.0,0.02,-0.06,11.0,13.13,0.01,0.0,-0.06,260.68,311.0,0.0,0.0,0.0,
1771536741294081991,17461,0.0,1.2,0.0,0.2,-0.04,-0.14,-0.06,11.0,13.13,0.03,0.01,-0.06,260.68,312.0,0.0,0.0,0.0,
1771536741396481724,17561,0.0,1.2,0.0,0.2,0.0,-0.08,-0.06,11.0,13.13,0.0,0.04,-0.04,264.8,313.0,0.0,0.0,0.0,
1771536741504829481,17661,0.0,1.1,0.0,0.3,-0.02,-0.06,-0.06,11.0,13.13,0.0,0.0,-0.04,264.97,313.0,0.0,0.0,0.0,
1771536741597186434,17762,0.0,1.1,0.0,0.3,-0.02,0.06,-0.06,11.0,13.13,0.0,0.01,-0.04,264.8,313.0,0.0,0.0,0.0,
1771536741695472559,17862,0.0,1.3,0.0,0.3,0.06,-0.06,-0.06,11.0,13.13,0.02,0.02,-0.06,263.77,313.0,0.0,0.0,0.0,
1771536741803821927,17961,0.0,1.1,0.0,0.0,0.0,0.04,-0.06,11.0,13.13,0.0,0.01,-0.04,264.97,312.0,0.0,0.0,0.0,
1771536741896176862,18061,0.0,1.4,0.0,0.4,-0.02,-0.1,-0.06,11.0,13.13,0.0,0.0,-0.05,259.48,315.0,0.0,0.0,0.0,
1771536742004528952,18161,0.0,1.4,0.0,0.3,-0.04,-0.06,-0.06,11.0,13.13,-0.01,0.0,-0.05,259.48,315.0,0.0,0.0,0.0,
1771536742096874257,18262,0.0,1.5,0.0,0.2,0.12,-0.04,-0.06,11.0,13.13,0.0,0.0,-0.05,263.94,312.0,0.0,0.0,0.0,
1771536742195107048,18362,0.0,1.2,0.0,1.3,-0.1,-0.04,-0.06,11.0,13.13,0.01,-0.01,-0.05,259.65,313.0,0.0,0.0,0.0,
1771536742297560041,18462,0.0,0.7,0.0,0.3,-0.16,0.0,-0.06,11.0,13.13,-0.01,-0.01,-0.04,260.68,313.0,0.0,0.0,0.0,
1771536742399962293,18563,0.0,0.8,0.0,0.1,-0.1,-0.02,-0.06,11.0,13.13,0.0,0.0,-0.02,260.68,311.0,0.0,0.0,0.0,
1771536742498266529,18663,0.0,0.9,0.0,0.4,-0.06,-0.08,-0.06,11.0,13.13,0.0,-0.01,-0.05,259.48,310.0,0.0,0.0,0.0,
1771536742606620582,18763,0.0,0.7,0.0,0.3,0.06,0.08,-0.06,11.0,13.13,0.0,0.0,-0.05,260.51,310.0,0.0,0.0,0.0,
1771536742698959609,18863,0.0,0.7,0.0,0.3,-0.04,-0.06,-0.06,11.0,13.13,0.0,0.0,-0.06,260.68,315.0,0.0,0.0,0.0,
1771536742807329014,18963,0.0,0.7,0.0,0.2,0.02,-0.06,-0.06,11.0,13.13,0.01,0.01,-0.06,259.65,313.0,0.0,0.0,0.0,
1771536742899662542,19063,0.0,1.0,0.0,0.1,-0.02,0.16,-0.06,11.0,13.13,0.01,0.02,-0.05,260.51,313.0,0.0,0.0,0.0,
1771536742997968926,19164,0.0,0.9,0.0,0.2,0.0,-0.02,-0.06,11.0,13.13,-0.01,0.0,-0.04,259.48,313.0,0.0,0.0,0.0,
1771536743100376141,19264,0.0,0.8,0.0,0.5,-0.12,-0.08,-0.06,11.0,13.13,0.0,-0.02,-0.06,259.48,313.0,0.0,0.0,0.0,
1771536743198622858,19364,0.0,0.8,0.0,0.4,-0.06,-0.04,-0.06,11.0,13.13,0.02,-0.03,-0.04,259.65,315.0,0.0,0.0,0.0,
1771536743301050832,19464,0.0,0.9,0.0,0.5,0.06,-0.06,-0.06,11.0,13.13,-0.03,0.0,-0.06,260.68,313.0,0.0,0.0,0.0,
1771536743399399754,19564,0.0,0.9,0.0,0.5,-0.02,-0.02,-0.06,11.0,13.13,-0.01,0.01,-0.05,259.65,313.0,0.0,0.0,0.0,
1771536743497638582,19664,0.0,0.9,0.0,0.5,-0.1,0.0,-0.06,11.0,13.13,-0.03,0.01,-0.04,260.68,315.0,0.0,0.0,0.0,
1771536743600040426,19763,0.0,0.7,0.0,1.5,-0.14,-0.14,-0.06,11.0,13.13,-0.05,-0.03,-0.03,260.68,316.0,0.0,0.0,0.0,
1771536743698336033,19863,0.0,1.3,0.0,0.4,0.08,-0.04,-0.06,11.0,13.13,-0.01,-0.02,-0.04,260.51,316.0,0.0,0.0,0.0,
1771536743800753636,19963,0.0,1.3,0.0,0.2,-0.06,-0.08,-0.06,11.0,13.13,-0.04,0.01,-0.05,259.65,314.0,0.0,0.0,0.0,
1771536743899048020,20063,0.0,1.4,0.0,0.2,0.08,-0.12,-0.06,11.0,13.13,-0.02,0.0,-0.03,260.68,314.0,0.0,0.0,0.0,
1771536744001492791,20163,0.0,1.2,0.0,0.6,0.02,0.02,-0.06,11.0,13.13,-0.01,-0.02,-0.05,259.65,314.0,0.0,0.0,0.0,
1771536744099716730,20263,0.0,1.2,0.0,0.5,0.02,-0.1,-0.06,11.0,13.13,-0.01,0.0,-0.05,259.82,312.0,0.0,0.0,0.0,
1771536744198020596,20363,0.0,1.2,0.0,0.4,0.06,-0.02,-0.06,11.0,13.13,0.02,0.0,-0.06,259.48,312.0,0.0,0.0,0.0,
1771536744300446885,20463,0.0,1.1,0.0,0.4,-0.02,-0.2,-0.06,11.0,13.13,-0.01,0.0,-0.03,260.51,314.0,0.0,0.0,0.0,
1771536744398745695,20563,0.0,1.2,0.0,0.6,0.02,-0.02,-0.06,11.0,13.13,-0.02,0.01,-0.04,260.51,313.0,0.0,0.0,0.0,
1771536744501135965,20663,0.0,0.7,0.0,0.3,-0.16,-0.08,-0.06,11.0,13.13,0.01,-0.01,-0.07,260.51,313.0,0.0,0.0,0.0,
1771536744599445887,20763,0.0,0.6,0.0,0.2,-0.1,-0.04,-0.06,11.0,13.13,0.0,0.0,-0.03,259.65,314.0,0.0,0.0,0.0,
1771536744701830268,20864,0.0,0.6,0.0,0.1,0.16,-0.02,-0.06,11.0,13.13,-0.02,-0.01,0.0,260.68,312.0,0.0,0.0,0.0,
1771536744800141282,20964,0.0,0.9,0.0,0.0,0.06,-0.02,-0.06,11.0,13.13,0.0,0.0,0.0,260.51,312.0,0.0,0.0,0.0,
1771536744902530460,21064,0.0,0.4,0.0,0.5,0.06,-0.1,-0.06,11.0,13.13,0.0,0.02,-0.03,259.48,315.0,0.0,0.0,0.0,
1771536745000839659,21165,0.0,0.9,0.0,0.3,-0.02,0.06,-0.06,11.0,13.13,0.0,0.0,-0.04,260.68,312.0,0.0,0.0,0.0,
1771536745103201892,21265,0.0,0.9,0.0,0.2,0.0,-0.06,-0.06,11.0,13.13,0.0,0.0,-0.04,259.48,312.0,0.0,0.0,0.0,
1771536745201524758,21365,0.0,0.9,0.0,0.0,0.02,-0.04,-0.06,11.0,13.13,-0.01,-0.03,0.0,259.48,314.0,0.0,0.0,0.0,
1771536745303931380,21466,0.0,0.9,0.0,0.1,-0.1,0.08,-0.06,11.0,13.13,0.0,0.0,-0.04,260.51,309.0,0.0,0.0,0.0,
1771536745402213745,21566,0.0,0.7,0.0,0.4,-0.02,-0.04,-0.06,11.0,13.13,0.0,0.01,-0.04,260.51,309.0,0.0,0.0,0.0,
1771536745504629238,21666,0.0,0.8,0.0,0.1,0.02,-0.14,-0.06,11.0,13.13,0.0,0.02,-0.05,259.48,309.0,0.0,0.0,0.0,
1771536745602932733,21766,0.0,0.9,0.0,0.5,0.02,0.0,-0.06,11.0,13.13,0.01,-0.02,-0.04,260.68,309.0,0.0,0.0,0.0,
1771536745701228877,21865,0.0,0.9,0.0,0.3,0.04,0.0,-0.06,11.0,13.13,-0.01,0.02,-0.02,259.48,313.0,0.0,0.0,0.0,
1771536745803636129,21965,0.0,1.0,0.0,0.3,0.08,-0.06,-0.06,11.0,13.13,0.0,0.0,-0.04,259.48,313.0,0.0,0.0,0.0,
1771536745901917846,22065,0.0,0.6,0.0,0.1,-0.08,0.12,-0.06,11.0,13.13,-0.01,-0.02,-0.02,259.48,313.0,0.0,0.0,0.0,
1771536746004323265,22165,0.0,0.2,0.0,0.5,-0.14,-0.06,-0.06,11.0,13.13,0.0,0.0,-0.04,260.68,313.0,0.0,0.0,0.0,
1771536746102599408,22265,0.0,1.3,0.0,0.5,0.06,0.02,-0.06,11.0,13.13,0.0,0.01,-0.04,259.48,317.0,0.0,0.0,0.0,
1771536746205004919,22366,0.0,1.3,0.0,0.2,0.04,0.08,-0.06,11.0,13.13,0.0,0.0,-0.02,259.48,317.0,0.0,0.0,0.0,
1771536746303318489,22465,0.0,1.4,0.0,0.3,0.0,0.04,-0.06,11.0,13.13,0.0,0.01,-0.05,260.68,315.0,0.0,0.0,0.0,
1771536746405711481,22565,0.0,1.5,0.0,0.5,-0.1,0.02,-0.06,11.0,13.13,0.0,0.0,-0.04,264.97,315.0,0.0,0.0,0.0,
1771536746504015662,22666,0.0,1.2,0.0,0.5,-0.1,-0.14,-0.06,11.0,13.13,0.0,0.0,-0.04,264.97,313.0,0.0,0.0,0.0,
1771536746794817631,22766,0.0,1.1,0.0,0.3,0.1,-0.04,-0.06,11.0,13.13,-0.02,-0.03,-0.04,264.8,314.0,0.0,0.0,0.0,
1771536747188024205,23058,0.0,1.0,0.0,0.5,0.02,0.0,-0.06,11.0,13.13,0.01,0.02,-0.04,269.08,313.0,0.0,0.0,0.0,
1771536747495222868,23449,0.0,1.2,0.0,0.3,0.02,-0.18,-0.06,11.0,13.13,0.01,0.0,-0.05,263.77,315.0,0.0,0.0,0.0,
1771536747761456075,23755,0.0,1.4,0.0,0.5,0.1,0.0,-0.06,11.0,13.13,-0.02,0.0,-0.02,260.51,314.0,0.0,0.0,0.0,
1771536748076848918,24024,0.0,1.3,0.0,0.4,0.0,0.0,-0.06,11.0,13.13,-0.02,0.0,-0.01,260.68,316.0,0.0,0.0,0.0,
1771536748236526320,24337,0.0,1.3,0.0,0.3,-0.08,-0.02,-0.06,11.0,13.13,0.01,0.0,-0.06,259.65,313.0,0.0,0.0,0.0,
1771536748338958850,24500,0.0,1.3,0.004,0.1,0.1,-0.02,-0.06,11.0,13.13,0.01,0.0,-0.03,260.68,312.0,0.0,0.0,0.0,
1771536748437229122,24600,0.0,1.3,0.0,0.4,0.04,-0.02,-0.06,11.0,13.13,0.0,0.0,-0.04,260.68,315.0,0.0,0.0,0.0,
1771536748539677745,24699,0.0,1.3,0.0,0.3,0.06,0.0,-0.06,11.0,13.13,0.02,0.01,-0.02,260.51,312.0,0.0,0.0,0.0,
1771536748637966296,24799,0.0,1.2,0.0,0.6,0.02,0.02,-0.06,11.0,13.13,0.02,0.01,-0.08,259.65,312.0,0.0,0.0,0.0,
1771536748740370566,24899,0.0,-0.2,0.0,0.5,0.0,-0.18,-0.06,11.0,13.13,0.02,0.01,-0.03,263.77,315.0,0.0,0.0,0.0,
1771536748838674598,24999,0.0,1.0,0.0,0.3,0.0,-0.06,-0.06,11.0,13.13,0.02,0.01,-0.05,264.8,312.0,0.0,0.0,0.0,
1771536748936964112,25098,0.0,0.7,0.0,0.5,-0.12,-0.1,-0.06,11.0,13.13,0.01,-0.01,-0.04,263.77,312.0,0.0,0.0,0.0,
1771536749039370920,25198,0.0,0.9,0.0,0.1,0.02,-0.2,-0.06,11.0,13.13,0.01,0.0,-0.02,264.8,314.0,0.0,0.0,0.0,
1771536749137663581,25298,0.0,0.9,0.0,0.2,-0.12,-0.04,-0.06,11.0,13.13,0.02,0.01,-0.04,259.65,311.0,0.0,0.0,0.0,
1771536749235903576,25398,0.0,0.7,0.0,0.0,-0.14,0.06,-0.06,11.0,13.13,0.0,0.03,-0.08,263.77,311.0,0.0,0.0,0.0,
1771536749338366143,25498,0.0,0.9,0.0,0.2,-0.12,0.02,-0.06,11.0,13.13,0.0,-0.01,-0.03,264.8,313.0,0.0,0.0,0.0,
1771536749436661064,25598,0.0,0.9,0.0,0.5,0.1,-0.08,-0.06,11.0,13.13,0.0,0.0,-0.06,263.77,317.0,0.0,0.0,0.0,
1771536749539067094,25698,0.0,1.2,0.0,0.3,-0.04,0.02,-0.06,11.0,13.13,0.0,0.02,-0.04,263.77,317.0,0.0,0.0,0.0,
1771536749637352034,25798,0.0,0.8,0.0,0.0,0.1,-0.04,-0.06,11.0,13.13,0.01,0.0,-0.04,264.8,312.0,0.0,0.0,0.0,
1771536749739749452,25899,0.0,1.0,0.0,0.5,0.02,0.04,-0.06,11.0,13.13,0.01,0.0,-0.04,264.8,312.0,0.0,0.0,0.0,
1771536749838054318,25999,0.0,0.6,0.0,0.2,0.12,0.04,-0.06,11.0,13.13,0.0,0.0,-0.06,260.51,317.0,0.0,0.0,0.0,
1771536749940441311,26098,0.0,0.7,0.0,0.5,0.02,0.0,-0.06,11.0,13.13,0.01,-0.02,-0.06,260.68,312.0,0.0,0.0,0.0,
1771536750038770621,26199,0.0,0.9,0.0,0.4,-0.02,-0.1,-0.06,11.0,13.13,0.01,-0.01,-0.04,260.68,312.0,0.0,0.0,0.0,
1771536750141140113,26299,0.0,0.9,0.0,0.2,0.18,-0.14,-0.06,11.0,13.13,0.01,0.01,-0.02,260.68,315.0,0.0,0.0,0.0,
1771536750239416238,26399,0.0,0.9,0.0,0.5,-0.04,0.02,-0.06,11.0,13.13,0.02,0.0,-0.04,259.65,312.0,0.0,0.0,0.0,
1771536750337747307,26499,0.0,1.2,0.0,0.2,-0.02,-0.02,-0.06,11.0,13.13,0.0,-0.01,-0.03,259.48,312.0,0.0,0.0,0.0,
1771536750440141911,26599,0.0,0.9,0.0,0.2,-0.04,-0.08,-0.06,11.0,13.13,0.0,0.0,-0.05,260.51,316.0,0.0,0.0,0.0,
1771536750538465869,26699,0.0,1.0,0.0,0.1,-0.08,0.0,-0.06,11.0,13.13,-0.01,0.01,-0.06,259.65,316.0,0.0,0.0,0.0,
1771536750640856399,26800,0.0,0.9,0.0,0.5,0.02,0.04,-0.06,11.0,13.13,0.0,0.01,-0.05,260.68,313.0,0.0,0.0,0.0,
1771536750739148728,26900,0.0,1.0,0.0,0.5,0.08,-0.04,-0.06,11.0,13.13,0.0,0.01,-0.05,259.48,313.0,0.0,0.0,0.0,
1771536750841550795,26999,0.0,1.1,0.0,0.3,-0.04,-0.04,-0.06,11.0,13.13,0.0,0.02,-0.08,260.68,313.0,0.0,0.0,0.0,
1771536750939845234,27100,0.0,0.9,0.0,0.5,0.18,-0.02,-0.06,11.0,13.13,0.0,-0.01,-0.05,259.48,311.0,0.0,0.0,0.0,
1771536751038104136,27199,0.0,0.6,0.0,0.5,-0.04,-0.2,-0.06,11.0,13.13,0.0,0.0,-0.08,260.68,317.0,0.0,0.0,0.0,
1771536751140555703,27299,0.0,0.9,0.0,0.2,0.0,-0.1,-0.06,11.0,13.13,0.01,0.01,-0.04,263.77,317.0,0.0,0.0,0.0,
1771536751242938918,27400,0.0,0.9,0.0,0.2,-0.1,0.0,-0.06,11.0,13.13,0.0,0.0,-0.09,259.65,312.0,0.0,0.0,0.0,
1771536751341242043,27500,0.0,0.6,0.0,0.3,0.02,-0.06,-0.06,11.0,13.13,0.01,-0.01,-0.06,260.68,314.0,0.0,0.0,0.0,
1771536751449598726,27600,0.0,0.7,0.0,0.4,0.08,0.02,-0.06,11.0,13.13,0.0,0.01,-0.06,259.65,314.0,0.0,0.0,0.0,
1771536751541941772,27701,0.0,0.6,0.0,0.1,-0.14,-0.08,-0.06,11.0,13.13,0.0,0.0,-0.08,259.48,314.0,0.0,0.0,0.0,
1771536751650294343,27801,0.0,0.7,0.0,0.2,0.04,0.02,-0.06,11.0,13.13,0.0,0.03,-0.06,260.68,313.0,0.0,0.0,0.0,
1771536751742649463,27901,0.0,0.6,0.0,0.0,0.06,0.0,-0.06,11.0,13.13,0.0,-0.01,-0.05,260.68,313.0,0.0,0.0,0.0,
1771536751845033493,28002,0.0,1.1,0.0,0.3,-0.06,0.08,-0.06,11.0,13.13,0.0,0.0,-0.05,260.68,314.0,0.0,0.0,0.0,
1771536751943334136,28102,0.0,0.7,0.0,0.2,-0.04,-0.06,-0.06,11.0,13.13,0.0,0.0,-0.03,264.97,314.0,0.0,0.0,0.0,
1771536752041688021,28201,0.0,0.9,0.0,0.4,0.06,0.1,-0.06,11.0,13.13,-0.02,0.01,-0.03,260.68,315.0,0.0,0.0,0.0,
1771536752144032717,28301,0.0,0.9,0.0,0.3,0.04,-0.04,-0.06,11.0,13.13,0.01,0.01,-0.04,259.65,314.0,0.0,0.0,0.0,
1771536752242312453,28400,0.0,0.7,0.0,0.1,0.06,-0.14,-0.06,11.0,13.13,0.01,0.01,-0.03,260.68,314.0,0.0,0.0,0.0,
1771536752340631707,28500,0.0,0.6,0.0,0.2,0.14,-0.02,-0.06,11.0,13.13,0.0,0.0,-0.05,259.65,312.0,0.0,0.0,0.0,
1771536752443028718,28600,0.0,1.0,0.0,0.3,0.06,0.08,-0.06,11.0,13.13,0.0,0.0,-0.07,260.68,314.0,0.0,0.0,0.0,
1771536752541329695,28700,0.0,1.0,0.0,0.5,-0.06,0.08,-0.06,11.0,13.13,0.02,-0.01,-0.04,263.77,314.0,0.0,0.0,0.0,
1771536752643774855,28801,0.0,1.0,0.0,0.2,-0.02,0.12,-0.06,11.0,13.13,0.0,0.01,-0.03,259.65,313.0,0.0,0.0,0.0,
1771536752742025813,28901,0.0,0.9,0.0,0.2,-0.02,0.1,-0.06,11.0,13.13,0.01,0.01,-0.05,259.65,316.0,0.0,0.0,0.0,
1771536752844420676,29001,0.0,0.7,0.0,0.6,-0.14,0.1,-0.06,11.0,13.13,0.0,0.01,-0.03,263.77,316.0,0.0,0.0,0.0,
1771536752942727300,29101,0.0,1.1,0.0,0.3,-0.14,-0.08,-0.06,11.0,13.13,0.0,-0.02,-0.02,263.77,314.0,0.0,0.0,0.0,
1771536753045129034,29201,0.0,0.8,0.0,0.3,-0.04,0.04,-0.06,11.0,13.13,0.0,0.0,-0.02,259.65,314.0,0.0,0.0,0.0,
1771536753143423362,29301,0.0,0.6,0.0,0.5,-0.02,0.0,-0.06,11.0,13.13,0.01,0.02,-0.02,259.65,313.0,0.0,0.0,0.0,
1771536753251755897,29402,0.0,1.0,0.0,0.3,0.04,-0.06,-0.06,11.0,13.13,-0.02,0.0,-0.06,259.48,315.0,0.0,0.0,0.0,
1771536753344134832,29502,0.0,1.0,0.0,0.2,-0.1,0.1,-0.06,11.0,13.13,0.0,-0.01,-0.03,264.8,315.0,0.0,0.0,0.0,
1771536753442418660,29601,0.0,1.3,0.0,0.2,-0.02,0.12,-0.06,11.0,13.13,0.02,0.0,-0.04,260.68,311.0,0.0,0.0,0.0,
1771536753550772287,29701,0.0,1.3,0.0,0.1,-0.04,0.04,-0.06,11.0,13.13,-0.01,-0.01,-0.03,260.68,311.0,0.0,0.0,0.0,
1771536753643124852,29800,0.0,1.4,0.0,0.3,0.02,0.02,-0.06,11.0,13.13,0.0,0.0,-0.03,268.23,311.0,0.0,0.0,0.0,
1771536753741398754,29900,0.0,0.3,0.0,0.2,-0.06,0.0,-0.06,11.0,13.13,0.03,0.01,-0.03,259.48,312.0,0.0,0.0,0.0,
1771536753843827266,30001,0.0,0.7,0.0,0.4,0.0,0.16,-0.06,11.0,13.13,0.02,0.01,-0.02,259.48,315.0,0.0,0.0,0.0,
1771536753942080298,30101,0.0,0.9,0.0,0.3,-0.02,-0.04,-0.06,11.0,13.13,0.04,-0.02,-0.04,263.77,315.0,0.0,0.0,0.0,
1771536754044508124,30201,0.0,0.9,0.004,0.3,0.16,0.1,-0.06,11.0,13.13,0.02,0.02,-0.01,259.65,312.0,0.0,0.0,0.0,
1771536754142811212,30301,0.0,0.8,0.0,0.5,-0.02,-0.06,-0.06,11.0,13.13,0.02,0.03,-0.01,263.77,313.0,0.0,0.0,0.0,
1771536754245176963,30401,0.0,0.9,0.0,0.6,0.0,-0.06,-0.06,11.0,13.13,0.01,0.02,-0.02,263.77,313.0,0.0,0.0,0.0,
1771536754343510385,30501,0.0,1.0,0.0,0.7,-0.06,0.02,-0.06,11.0,13.13,-0.02,-0.01,-0.02,264.8,313.0,0.0,0.0,0.0,
1771536754445911155,30601,0.0,0.8,0.0,0.2,0.0,0.0,-0.06,11.0,13.13,0.0,0.0,0.0,260.68,313.0,0.0,0.0,0.0,
1771536754544207169,30701,0.0,1.1,0.0,0.5,-0.1,-0.12,-0.06,11.0,13.13,0.0,0.0,0.0,263.77,315.0,0.0,0.0,0.0,
1771536754642500868,30801,0.0,0.7,0.0,0.5,0.0,-0.04,-0.06,11.0,13.13,0.0,0.01,-0.01,259.65,314.0,0.0,0.0,0.0,
1771536754744911231,30900,0.0,1.0,0.0,0.3,0.1,-0.02,-0.06,11.0,13.13,0.0,0.0,-0.03,264.8,314.0,0.0,0.0,0.0,
1771536754843241337,31000,0.0,0.7,0.0,0.5,0.04,-0.02,-0.06,11.0,13.13,0.01,0.0,-0.04,260.51,312.0,0.0,0.0,0.0,
1771536754941496684,31100,0.0,1.0,0.0,0.6,0.1,-0.12,-0.06,11.0,13.13,0.0,0.0,-0.05,264.8,316.0,0.0,0.0,0.0,
1771536755043907251,31200,0.0,0.4,0.0,0.3,0.0,0.08,-0.06,11.0,13.13,0.01,0.01,-0.05,263.77,316.0,0.0,0.0,0.0,
1771536755142199617,31299,0.0,0.9,0.0,0.4,0.08,0.06,-0.06,11.0,13.13,0.01,0.0,-0.05,260.51,314.0,0.0,0.0,0.0,
1771536755244570239,31399,0.0,0.6,0.0,0.2,-0.21,-0.06,-0.06,11.0,13.13,0.01,0.0,-0.02,260.51,314.0,0.0,0.0,0.0,
1771536755342895216,31500,0.0,0.7,0.0,0.3,0.08,-0.02,-0.06,11.0,13.13,0.0,0.01,-0.03,259.48,312.0,0.0,0.0,0.0,
1771536755445304430,31600,0.0,0.9,0.0,0.3,-0.06,-0.02,-0.06,11.0,13.13,0.01,-0.01,-0.04,260.51,317.0,0.0,0.0,0.0,
1771536755543598648,31700,0.0,1.1,0.0,0.0,0.06,-0.04,-0.06,11.0,13.13,0.0,0.02,-0.04,260.51,317.0,0.0,0.0,0.0,
1771536755641888828,31800,0.0,0.9,0.0,0.3,0.02,-0.04,-0.06,11.0,13.13,0.0,0.01,-0.01,259.48,315.0,0.0,0.0,0.0,
1771536755744296765,31900,0.0,0.5,0.0,0.5,-0.1,-0.21,-0.06,11.0,13.13,-0.02,0.0,-0.04,259.48,316.0,0.0,0.0,0.0,
1771536755846699777,32001,0.0,1.3,0.0,0.4,0.08,-0.02,-0.06,11.0,13.13,0.01,0.01,-0.02,259.65,316.0,0.0,0.0,0.0,
1771536755944999216,32101,0.0,1.3,0.0,0.8,-0.06,-0.04,-0.06,11.0,13.13,0.01,0.0,-0.04,263.6,313.0,0.0,0.0,0.0,
1771536756047395598,32201,0.0,1.3,0.0,0.3,-0.06,0.16,-0.06,11.0,13.13,0.0,0.0,-0.01,264.8,316.0,0.0,0.0,0.0,
1771536756145687963,32302,0.0,1.1,0.0,0.2,0.08,-0.1,-0.06,11.0,13.13,0.0,-0.01,-0.03,260.51,316.0,0.0,0.0,0.0,
1771536756243960014,32401,0.0,1.2,0.0,0.2,0.06,-0.18,-0.06,11.0,13.13,0.0,0.01,-0.03,260.51,314.0,0.0,0.0,0.0,
1771536756346386137,32501,0.0,1.3,0.0,0.2,0.04,-0.1,-0.06,11.0,13.13,0.0,-0.01,-0.01,263.77,314.0,0.0,0.0,0.0,
1771536756444686909,32602,0.0,1.3,0.0,0.2,0.16,-0.02,-0.06,11.0,13.13,0.0,-0.01,-0.03,260.51,314.0,0.0,0.0,0.0,
1771536756547093550,32701,0.0,1.4,0.0,0.5,0.08,-0.16,-0.06,11.0,13.13,-0.01,0.0,-0.02,264.8,312.0,0.0,0.0,0.0,
1771536756645386471,32801,0.0,1.4,0.0,0.1,-0.06,-0.06,-0.06,11.0,13.13,0.0,0.01,-0.03,259.48,312.0,0.0,0.0,0.0,
1771536756747814575,32902,0.0,1.1,0.0,0.2,-0.04,-0.08,-0.06,11.0,13.13,0.0,0.0,-0.04,263.77,310.0,0.0,0.0,0.0,
1771536756846098385,33002,0.0,0.2,0.0,0.4,0.0,-0.08,-0.06,11.0,13.13,-0.03,0.01,-0.01,264.8,315.0,0.0,0.0,0.0,
1771536756948497119,33102,0.0,1.0,0.0,0.5,-0.08,-0.14,-0.06,11.0,13.13,0.0,0.03,-0.02,263.77,315.0,0.0,0.0,0.0,
1771536757046779225,33203,0.0,0.7,0.0,0.3,0.02,-0.08,-0.06,11.0,13.13,-0.01,0.0,-0.06,263.77,311.0,0.0,0.0,0.0,
1771536757149185736,33303,0.0,1.0,0.0,0.3,-0.08,-0.06,-0.06,11.0,13.13,0.02,0.0,-0.04,264.8,310.0,0.0,0.0,0.0,
1771536757247452120,33402,0.0,0.9,0.0,0.6,0.06,0.08,-0.06,11.0,13.13,0.0,0.0,-0.04,264.8,310.0,0.0,0.0,0.0,
1771536757345717634,33503,0.0,0.8,0.0,0.3,-0.16,0.0,-0.06,11.0,13.13,0.02,0.02,-0.07,263.77,315.0,0.0,0.0,0.0,
1771536757448177256,33603,0.0,1.2,0.0,0.2,0.02,0.08,-0.06,11.0,13.13,0.02,0.0,-0.06,264.8,311.0,0.0,0.0,0.0,
1771536757546507307,33702,0.0,1.3,0.0,0.4,0.04,-0.04,-0.06,11.0,13.13,0.0,0.0,-0.03,264.8,311.0,0.0,0.0,0.0,
1771536757648885151,33803,0.0,1.3,0.0,0.2,0.04,-0.06,-0.06,11.0,13.13,-0.01,0.0,-0.04,263.77,314.0,0.0,0.0,0.0,
1771536757747185517,33903,0.0,1.3,0.0,0.5,0.02,-0.21,-0.06,11.0,13.13,0.0,0.0,-0.03,264.8,314.0,0.0,0.0,0.0,
1771536757845450660,34002,0.0,1.3,0.0,0.2,-0.04,0.04,-0.06,11.0,13.13,-0.01,0.0,-0.03,264.97,311.0,0.0,0.0,0.0,
1771536757947878394,34102,0.0,1.3,0.0,0.3,0.08,-0.12,-0.06,11.0,13.13,0.0,0.0,-0.04,263.77,313.0,0.0,0.0,0.0,
1771536758046175963,34202,0.0,1.4,0.0,0.6,-0.1,-0.02,-0.06,11.0,13.13,-0.03,-0.01,-0.04,263.77,313.0,0.0,0.0,0.0,
1771536758148596956,34302,0.0,1.2,0.0,0.5,0.08,-0.08,-0.06,11.0,13.13,-0.02,0.01,-0.03,263.77,313.0,0.0,0.0,0.0,
1771536758246841951,34402,0.0,1.2,0.004,0.2,-0.06,-0.16,-0.06,11.0,13.13,0.0,0.0,-0.06,264.8,316.0,0.0,0.0,0.0,
1771536758349265999,34502,0.0,1.4,0.0,0.4,0.02,-0.02,-0.06,11.0,13.13,-0.01,0.0,-0.06,263.77,316.0,0.0,0.0,0.0,
1771536758447551587,34603,0.0,1.2,0.0,0.2,-0.1,-0.02,-0.06,11.0,13.13,0.0,-0.02,-0.05,264.8,313.0,0.0,0.0,0.0,
1771536758545861082,34702,0.0,0.3,0.0,1.0,-0.08,0.0,-0.06,11.0,13.13,0.01,-0.01,-0.05,264.8,315.0,0.0,0.0,0.0,
1771536758644154392,34801,0.0,0.7,0.0,0.2,0.06,0.02,-0.06,11.0,13.13,0.02,0.02,-0.04,264.8,315.0,0.0,0.0,0.0,
1771536758746565329,34900,0.0,0.8,0.0,0.3,0.04,0.0,-0.06,11.0,13.13,-0.01,0.02,-0.07,264.8,312.0,0.0,0.0,0.0,
1771536758844868232,35000,0.0,0.6,0.0,0.3,0.04,-0.1,-0.06,11.0,13.13,0.0,0.0,-0.06,263.77,312.0,0.0,0.0,0.0,
1771536758947263002,35100,0.0,1.0,0.0,0.1,-0.06,0.02,-0.06,11.0,13.13,0.0,0.0,-0.05,263.77,313.0,0.0,0.0,0.0,
1771536759045576201,35200,0.0,1.0,0.0,0.4,0.06,-0.04,-0.06,11.0,13.13,0.02,0.0,-0.03,264.8,316.0,0.0,0.0,0.0,
1771536759147972268,35300,0.0,1.0,0.0,0.2,-0.02,-0.04,-0.06,11.0,13.13,0.0,0.0,-0.04,263.77,316.0,0.0,0.0,0.0,
1771536759246255282,35400,0.0,0.7,0.0,0.3,-0.04,0.06,-0.06,11.0,13.13,0.0,0.0,-0.03,264.8,313.0,0.0,0.0,0.0,
1771536759348655978,35501,0.0,0.9,0.0,0.3,0.12,0.02,-0.06,11.0,13.13,0.01,0.0,-0.04,263.77,311.0,0.0,0.0,0.0,
1771536759446967381,35601,0.0,1.2,0.0,0.1,0.0,-0.04,-0.06,11.0,13.13,0.0,-0.02,-0.04,268.05,311.0,0.0,0.0,0.0,
1771536759549362744,35701,0.0,0.8,0.0,0.6,0.02,-0.12,-0.06,11.0,13.13,0.01,0.01,-0.01,268.05,312.0,0.0,0.0,0.0,
1771536759647655461,35802,0.0,0.7,0.0,0.2,-0.04,-0.02,-0.06,11.0,13.13,0.0,0.01,-0.04,259.14,314.0,0.0,0.0,0.0,
1771536759750061343,35902,0.0,0.9,0.0,0.5,0.0,0.06,-0.06,11.0,13.13,0.0,0.0,-0.04,268.05,314.0,0.0,0.0,0.0,
1771536759848351912,36002,0.0,1.0,0.0,0.3,0.12,-0.12,-0.06,11.0,13.13,0.0,0.0,-0.06,263.77,313.0,0.0,0.0,0.0,
1771536759950762942,36103,0.0,0.9,0.0,0.5,0.0,-0.02,-0.06,11.0,13.13,0.0,0.0,-0.04,269.08,313.0,0.0,0.0,0.0,
1771536760049056974,36203,0.0,0.7,0.0,0.3,-0.02,-0.04,-0.06,11.0,13.13,-0.03,0.01,-0.04,268.91,314.0,0.0,0.0,0.0,
1771536760151464615,36303,0.0,1.1,0.0,0.3,-0.04,-0.08,-0.06,11.0,13.13,-0.04,0.0,-0.04,264.8,315.0,0.0,0.0,0.0,
1771536760249730221,36403,0.0,0.5,0.0,0.6,-0.02,-0.06,-0.06,11.0,13.13,-0.03,-0.01,-0.03,267.88,315.0,0.0,0.0,0.0,
1771536760348050050,36503,0.0,1.0,0.0,0.3,0.16,-0.1,-0.06,11.0,13.13,-0.01,0.0,-0.04,263.6,317.0,0.0,0.0,0.0,
1771536760446322526,36602,0.0,0.6,0.0,0.3,-0.1,-0.08,-0.06,11.0,13.13,-0.01,0.0,-0.02,263.77,314.0,0.0,0.0,0.0,
1771536760548750649,36702,0.0,0.7,0.0,0.2,0.02,-0.02,-0.06,11.0,13.13,0.0,0.01,-0.05,264.8,314.0,0.0,0.0,0.0,
1771536760657085609,36802,0.0,1.2,0.0,0.3,-0.08,0.04,-0.06,11.0,13.13,0.0,0.01,-0.01,263.77,311.0,0.0,0.0,0.0,
1771536760749452470,36902,0.0,1.3,0.0,0.3,0.12,0.06,-0.06,11.0,13.13,0.0,0.0,-0.03,264.8,311.0,0.0,0.0,0.0,
1771536760847796447,37002,0.0,1.5,0.0,0.2,-0.04,0.02,-0.06,11.0,13.13,0.0,-0.01,-0.03,269.08,311.0,0.0,0.0,0.0,
1771536760950142347,37102,0.0,1.4,0.0,0.3,0.0,-0.08,-0.06,11.0,13.13,-0.01,0.01,-0.03,267.88,312.0,0.0,0.0,0.0,
1771536761048446805,37202,0.0,1.4,0.0,0.3,0.1,0.0,-0.06,11.0,13.13,0.0,-0.01,-0.05,263.77,315.0,0.0,0.0,0.0,
1771536761146713707,37301,0.0,1.4,0.0,0.5,0.0,0.18,-0.06,11.0,13.13,-0.02,0.0,-0.04,269.08,315.0,0.0,0.0,0.0,
1771536761249125681,37401,0.0,1.1,0.0,0.4,-0.04,0.0,-0.06,11.0,13.13,0.04,0.04,-0.07,267.88,312.0,0.0,0.0,0.0,
1771536761347452214,37501,0.0,1.0,0.0,0.5,0.04,0.0,-0.06,11.0,13.13,0.02,-0.02,-0.08,263.77,312.0,0.0,0.0,0.0,
1771536761449841429,37601,0.0,1.4,0.0,0.2,0.0,0.08,-0.06,11.0,13.13,0.02,0.0,-0.08,264.8,312.0,0.0,0.0,0.0,
1771536761548130739,37701,0.0,1.1,0.008,0.2,-0.1,0.1,-0.06,11.0,13.13,0.0,0.03,-0.03,263.77,311.0,0.0,0.0,0.0,
1771536761650545842,37801,0.0,0.5,0.0,0.1,0.04,-0.1,-0.06,11.0,13.13,0.01,0.0,-0.06,263.77,311.0,0.0,0.0,0.0,
1771536761748838226,37902,0.0,0.6,0.0,0.3,-0.16,-0.04,-0.06,11.0,13.13,-0.01,0.0,-0.03,268.05,315.0,0.0,0.0,0.0,
1771536761851229423,38002,0.0,0.8,0.0,0.2,-0.12,0.0,-0.06,11.0,13.13,-0.01,0.0,-0.05,263.77,313.0,0.0,0.0,0.0,
1771536761949539307,38103,0.0,0.9,0.0,0.5,-0.08,-0.2,-0.06,11.0,13.13,0.04,0.01,-0.04,264.8,313.0,0.0,0.0,0.0,
1771536762051930133,38203,0.0,0.9,0.0,0.4,0.02,-0.04,-0.06,11.0,13.13,0.0,0.01,-0.06,268.05,314.0,0.0,0.0,0.0,
1771536762150234684,38303,0.0,0.7,0.0,0.5,0.16,0.0,-0.06,11.0,13.13,0.01,0.02,-0.06,264.62,313.0,0.0,0.0,0.0,
1771536762252613362,38404,0.0,1.0,0.0,0.3,0.0,0.16,-0.06,11.0,13.13,0.05,0.03,-0.07,264.8,313.0,0.0,0.0,0.0,
1771536762350932153,38504,0.0,0.9,0.0,0.1,-0.1,-0.12,-0.06,11.0,13.13,0.03,0.01,-0.07,264.8,317.0,0.0,0.0,0.0,
1771536762453327424,38604,0.0,0.8,0.0,0.3,-0.04,-0.14,-0.06,11.0,13.13,0.0,0.0,-0.05,264.8,317.0,0.0,0.0,0.0,
1771536762551627678,38705,0.0,0.6,0.0,0.1,0.08,-0.08,-0.06,11.0,13.13,0.03,-0.01,-0.05,263.77,316.0,0.0,0.0,0.0,
1771536762654024171,38804,0.0,0.9,0.0,0.1,0.04,-0.02,-0.06,11.0,13.13,0.01,0.03,-0.06,264.8,314.0,0.0,0.0,0.0,
1771536762752331110,38904,0.0,0.9,0.0,0.6,-0.06,-0.02,-0.06,11.0,13.13,-0.03,-0.02,-0.02,264.8,314.0,0.0,0.0,0.0,
1771536762850624161,39004,0.0,1.1,0.0,0.7,0.1,-0.08,-0.06,11.0,13.13,-0.05,-0.01,-0.03,263.77,315.0,0.0,0.0,0.0,
1771536762953047098,39104,0.0,0.8,0.0,0.3,-0.02,-0.1,-0.06,11.0,13.13,0.01,0.0,-0.02,264.97,311.0,0.0,0.0,0.0,
1771536763061429503,39204,0.0,0.3,0.0,1.6,-0.04,0.0,-0.06,11.0,13.13,-0.03,-0.01,-0.04,264.8,311.0,0.0,0.0,0.0,
1771536763153722956,39305,0.0,1.5,0.0,0.3,-0.04,-0.02,-0.06,11.0,13.13,-0.02,-0.03,-0.02,263.77,314.0,0.0,0.0,0.0,
1771536763262071398,39405,0.0,1.2,0.0,0.2,0.02,0.0,-0.06,11.0,13.13,0.0,0.0,-0.06,263.77,312.0,0.0,0.0,0.0,
1771536763354423222,39505,0.0,1.3,0.0,0.5,-0.12,-0.1,-0.06,11.0,13.13,0.0,0.0,-0.01,263.77,312.0,0.0,0.0,0.0,
1771536763452726458,39604,0.0,1.1,0.0,0.3,0.02,-0.16,-0.06,11.0,13.13,0.01,-0.02,-0.04,260.51,314.0,0.0,0.0,0.0,
1771536763555115988,39704,0.0,1.5,0.0,0.3,0.0,-0.06,-0.06,11.0,13.13,0.01,0.0,-0.04,264.8,314.0,0.0,0.0,0.0,
1771536763653419242,39804,0.0,1.3,0.0,0.3,-0.1,0.08,-0.06,11.0,13.13,0.01,0.02,-0.05,268.05,314.0,0.0,0.0,0.0,
1771536763755811050,39905,0.0,1.3,0.0,0.3,-0.02,-0.02,-0.06,11.0,13.13,0.0,0.0,-0.06,263.77,312.0,0.0,0.0,0.0,
1771536763854121897,40005,0.0,0.2,0.0,1.1,0.02,-0.02,-0.06,11.0,13.13,0.01,0.0,-0.04,263.94,312.0,0.0,0.0,0.0,
1771536763952459688,40105,0.0,0.7,0.0,0.3,-0.1,-0.08,-0.06,11.0,13.13,0.0,0.0,-0.06,263.77,315.0,0.0,0.0,0.0,
1771536764054808477,40205,0.0,0.9,0.0,0.1,-0.06,-0.02,-0.06,11.0,13.13,-0.01,0.0,-0.03,264.8,314.0,0.0,0.0,0.0,
1771536764153116880,40304,0.0,0.8,0.0,0.2,-0.06,-0.12,-0.06,11.0,13.13,-0.02,0.0,-0.02,264.97,314.0,0.0,0.0,0.0,
1771536764251372856,40404,0.0,0.7,0.0,0.6,0.0,-0.06,-0.06,11.0,13.13,-0.01,0.0,-0.03,263.94,315.0,0.0,0.0,0.0,
1771536764353812923,40504,0.0,0.6,0.0,0.3,0.06,0.0,-0.06,11.0,13.13,0.0,0.0,-0.02,264.97,312.0,0.0,0.0,0.0,
1771536764452111474,40604,0.0,1.0,0.0,0.2,-0.04,-0.04,-0.06,11.0,13.13,0.0,0.0,-0.05,263.94,312.0,0.0,0.0,0.0,
1771536764554550745,40705,0.0,0.7,0.0,0.5,0.02,-0.02,-0.06,11.0,13.13,-0.01,0.0,-0.01,264.97,314.0,0.0,0.0,0.0,
1771536764652819610,40804,0.0,0.9,0.0,0.3,-0.12,0.1,-0.06,11.0,13.13,0.0,0.0,0.0,264.8,314.0,0.0,0.0,0.0,
1771536764751078883,40903,0.0,0.7,0.0,0.2,-0.02,-0.1,-0.06,11.0,13.13,0.0,0.0,-0.03,263.77,316.0,0.0,0.0,0.0,
1771536764853502987,41004,0.0,1.2,0.0,0.3,-0.08,-0.14,-0.06,11.0,13.13,0.01,0.0,-0.04,263.77,312.0,0.0,0.0,0.0,
1771536764951805741,41104,0.0,1.2,0.0,0.3,0.0,-0.06,-0.06,11.0,13.13,-0.01,0.01,-0.02,264.8,312.0,0.0,0.0,0.0,
1771536765054208641,41204,0.0,1.2,0.0,0.2,0.1,-0.02,-0.06,11.0,13.13,0.01,0.01,-0.04,264.8,312.0,0.0,0.0,0.0,
1771536765152509007,41304,0.0,1.2,0.0,0.6,0.14,0.0,-0.06,11.0,13.13,0.0,0.02,-0.04,264.8,316.0,0.0,0.0,0.0,
1771536765254902074,41404,0.0,1.1,0.004,0.4,0.12,-0.08,-0.06,11.0,13.13,0.0,0.03,-0.02,263.77,316.0,0.0,0.0,0.0,
1771536765353186902,41504,0.0,1.2,0.0,0.2,0.0,-0.04,-0.06,11.0,13.13,-0.01,0.01,-0.06,263.77,311.0,0.0,0.0,0.0,
1771536765455582524,41605,0.0,1.4,0.0,0.3,-0.02,-0.08,-0.06,11.0,13.13,0.01,0.02,-0.04,263.77,312.0,0.0,0.0,0.0,
1771536765553897260,41705,0.0,1.3,0.0,0.5,0.16,0.1,-0.06,11.0,13.13,0.0,0.0,-0.01,269.08,312.0,0.0,0.0,0.0,
1771536765652195496,41804,0.0,1.1,0.0,0.2,0.12,-0.06,-0.06,11.0,13.13,0.0,0.0,-0.02,263.77,313.0,0.0,0.0,0.0,
1771536765754608563,41904,0.0,1.2,0.0,0.1,0.0,-0.14,-0.06,11.0,13.13,0.0,0.0,0.0,264.8,316.0,0.0,0.0,0.0,
1771536765852881836,42004,0.0,1.4,0.0,0.3,-0.04,0.0,-0.06,11.0,13.13,0.0,0.0,-0.03,269.08,316.0,0.0,0.0,0.0,
1771536765955290144,42104,0.0,1.4,0.0,0.5,0.18,-0.06,-0.06,11.0,13.13,0.01,0.01,-0.02,263.6,314.0,0.0,0.0,0.0,
1771536766053592380,42205,0.0,1.3,0.0,0.3,-0.1,-0.14,-0.06,11.0,13.13,0.0,0.0,-0.02,263.77,314.0,0.0,0.0,0.0,
1771536766156004502,42304,0.0,1.1,0.0,0.2,-0.02,0.04,-0.06,11.0,13.13,0.01,0.0,0.0,263.77,315.0,0.0,0.0,0.0,
1771536766254266738,42404,0.0,1.2,0.0,0.5,0.0,-0.08,-0.06,11.0,13.13,0.0,0.0,-0.02,264.8,313.0,0.0,0.0,0.0,
1771536766362620976,42504,0.0,1.0,0.0,0.3,-0.08,-0.1,-0.06,11.0,13.13,0.0,0.03,-0.03,264.8,313.0,0.0,0.0,0.0,
1771536766454988096,42604,0.0,1.4,0.0,0.5,-0.04,-0.06,-0.06,11.0,13.13,-0.02,0.0,-0.04,263.77,315.0,0.0,0.0,0.0,
1771536766553282851,42704,0.0,1.4,0.0,0.1,-0.02,-0.06,-0.06,11.0,13.13,0.0,0.0,-0.05,263.77,316.0,0.0,0.0,0.0,
1771536766655695325,42804,0.0,0.2,0.0,0.3,0.04,-0.02,-0.06,11.0,13.13,0.0,0.01,-0.04,264.8,316.0,0.0,0.0,0.0,
1771536766753982116,42904,0.0,0.9,0.0,1.4,0.04,-0.08,-0.06,11.0,13.13,-0.01,0.01,-0.04,264.8,315.0,0.0,0.0,0.0,
1771536766856418165,43004,0.0,1.1,0.0,0.4,0.06,0.02,-0.06,11.0,13.13,-0.01,0.0,-0.01,264.8,315.0,0.0,0.0,0.0,
1771536766954691382,43104,0.0,1.1,0.0,0.3,-0.14,0.0,-0.06,11.0,13.13,-0.01,0.01,-0.02,263.77,315.0,0.0,0.0,0.0,
1771536767052962932,43204,0.0,1.2,0.0,0.1,0.04,-0.08,-0.06,11.0,13.13,0.0,-0.01,-0.03,263.77,314.0,0.0,0.0,0.0,
1771536767155381407,43304,0.0,1.3,0.0,0.5,-0.02,0.04,-0.06,11.0,13.13,0.01,0.01,-0.02,263.77,314.0,0.0,0.0,0.0,
1771536767263737237,43405,0.0,0.9,0.0,0.4,0.12,-0.12,-0.06,11.0,13.13,0.01,0.0,-0.03,263.77,314.0,0.0,0.0,0.0,
1771536767356100876,43504,0.0,1.4,0.0,0.6,-0.02,0.02,-0.06,11.0,13.13,0.01,0.0,-0.01,269.08,316.0,0.0,0.0,0.0,
1771536767454381964,43604,0.0,1.1,0.0,0.2,0.0,-0.2,-0.06,11.0,13.13,0.0,0.0,-0.01,263.77,316.0,0.0,0.0,0.0,
1771536767556777697,43704,0.0,1.2,0.0,0.3,0.08,-0.04,-0.06,11.0,13.13,0.0,0.0,-0.02,264.8,316.0,0.0,0.0,0.0,
1771536767655079767,43804,0.0,1.2,0.0,0.0,-0.1,0.08,-0.06,11.0,13.13,0.0,0.0,-0.02,264.97,314.0,0.0,0.0,0.0,
1771536767757486500,43905,0.0,1.3,0.0,0.3,0.04,-0.04,-0.06,11.0,13.13,0.0,0.01,-0.04,263.77,314.0,0.0,0.0,0.0,
1771536767855776921,44005,0.0,1.3,0.0,0.4,0.0,0.02,-0.06,11.0,13.13,0.0,-0.01,-0.03,263.77,314.0,0.0,0.0,0.0,
1771536767954050583,44104,0.0,1.1,0.0,0.4,0.0,-0.08,-0.06,11.0,13.13,0.0,0.0,-0.04,264.97,315.0,0.0,0.0,0.0,
1771536768056477150,44205,0.0,1.3,0.0,0.6,0.0,0.0,-0.06,11.0,13.13,0.0,0.01,-0.04,264.8,315.0,0.0,0.0,0.0,
1771536768154791534,44304,0.0,1.4,0.0,0.4,0.16,0.0,-0.06,11.0,13.13,0.0,0.01,-0.04,263.77,313.0,0.0,0.0,0.0,
1771536768257138101,44404,0.0,1.2,0.0,0.1,0.04,-0.04,-0.06,11.0,13.13,0.0,0.01,-0.04,263.77,313.0,0.0,0.0,0.0,
1771536768355474151,44505,0.0,1.4,0.0,0.6,-0.14,-0.06,-0.06,11.0,13.13,0.0,0.0,-0.04,263.77,316.0,0.0,0.0,0.0,
1771536768457868218,44605,0.0,1.4,0.0,0.0,0.12,-0.06,-0.06,11.0,13.13,0.01,0.0,-0.08,263.77,316.0,0.0,0.0,0.0,
1771536768556156547,44705,0.0,1.4,0.0,0.6,0.02,-0.21,-0.06,11.0,13.13,0.0,-0.01,-0.03,263.77,316.0,0.0,0.0,0.0,
1771536768658564465,44806,0.0,1.3,0.0,0.5,-0.08,0.0,-0.06,11.0,13.13,0.0,0.0,-0.05,264.8,315.0,0.0,0.0,0.0,
1771536768756828034,44906,0.0,1.2,0.0,0.3,0.0,-0.14,-0.06,11.0,13.13,0.0,0.0,-0.02,264.8,312.0,0.0,0.0,0.0,
1771536768859282157,45006,0.0,1.4,0.0,0.3,0.04,0.0,-0.06,11.0,13.13,0.0,0.0,-0.04,264.8,312.0,0.0,0.0,0.0,
1771536768957565337,45106,0.0,1.3,0.0,0.2,-0.12,0.08,-0.06,11.0,13.13,-0.01,-0.01,-0.05,264.8,316.0,0.0,0.0,0.0,
1771536769059980534,45206,0.0,1.1,0.004,0.4,0.02,-0.04,-0.06,11.0,13.13,-0.01,0.0,-0.05,264.8,313.0,0.0,0.0,0.0,
1771536769158277214,45306,0.0,1.1,0.0,0.7,0.06,-0.1,-0.06,11.0,13.13,0.01,0.01,-0.02,264.8,313.0,0.0,0.0,0.0,
1771536769256527450,45406,0.0,1.2,0.0,0.5,0.02,-0.08,-0.06,11.0,13.13,0.0,0.0,-0.04,263.77,313.0,0.0,0.0,0.0,
1771536769358958405,45506,0.0,1.2,0.0,0.2,0.14,-0.06,-0.06,11.0,13.13,0.0,-0.01,-0.05,263.77,313.0,0.0,0.0,0.0,
1771536769457280234,45605,0.0,1.4,0.0,0.2,0.02,0.12,-0.06,11.0,13.13,-0.01,0.0,-0.04,264.8,316.0,0.0,0.0,0.0,
1771536769555500025,45705,0.0,1.4,0.0,0.2,-0.02,-0.06,-0.06,11.0,13.13,0.01,0.01,-0.02,263.77,313.0,0.0,0.0,0.0,
1771536769657965426,45805,0.0,1.0,0.0,0.2,0.16,-0.04,-0.06,11.0,13.13,0.0,0.01,-0.04,263.77,313.0,0.0,0.0,0.0,
1771536769756325143,45905,0.0,1.3,0.0,0.4,-0.02,0.02,-0.06,11.0,13.13,0.0,0.0,-0.04,264.8,311.0,0.0,0.0,0.0,
1771536769858673543,46005,0.0,0.9,0.0,0.3,0.0,-0.02,-0.06,11.0,13.13,0.0,0.02,-0.03,263.77,311.0,0.0,0.0,0.0,
1771536769956974557,46105,0.0,0.7,0.0,0.3,0.1,0.0,-0.06,11.0,13.13,0.0,0.0,-0.02,263.77,311.0,0.0,0.0,0.0,
1771536770059393087,46205,0.0,1.0,0.0,0.2,0.14,-0.02,-0.06,11.0,13.13,0.01,0.02,-0.04,264.8,313.0,0.0,0.0,0.0,
1771536770157667508,46305,0.0,0.9,0.0,0.2,-0.12,0.0,-0.06,11.0,13.13,0.01,0.0,-0.03,263.77,316.0,0.0,0.0,0.0,
1771536770260036852,46405,0.0,0.7,0.0,0.6,0.1,0.0,-0.06,11.0,13.13,0.0,0.0,-0.02,264.8,316.0,0.0,0.0,0.0,
1771536770358414292,46505,0.0,0.6,0.0,0.1,0.04,-0.06,-0.06,11.0,13.13,0.0,-0.01,-0.05,263.77,312.0,0.0,0.0,0.0,
1771536770456662028,46605,0.0,1.0,0.0,0.4,0.0,-0.29,-0.06,11.0,13.13,0.0,0.0,-0.04,263.77,315.0,0.0,0.0,0.0,
1771536770559052187,46705,0.0,1.0,0.0,0.5,-0.06,0.0,-0.06,11.0,13.13,0.01,0.0,-0.04,263.77,315.0,0.0,0.0,0.0,
1771536770657341479,46806,0.0,1.5,0.0,0.3,0.0,0.02,-0.06,11.0,13.13,0.0,0.0,-0.05,263.77,311.0,0.0,0.0,0.0,
1771536770759755916,46906,0.0,1.3,0.0,0.2,-0.14,-0.04,-0.06,11.0,13.13,0.0,0.0,-0.03,263.77,311.0,0.0,0.0,0.0,
1771536770862142372,47006,0.0,1.2,0.0,0.5,-0.04,-0.16,-0.06,11.0,13.13,-0.01,0.0,-0.04,263.77,318.0,0.0,0.0,0.0,
1771536770960506237,47107,0.0,1.3,0.0,0.3,-0.14,-0.06,-0.06,11.0,13.13,0.0,-0.03,-0.03,264.8,315.0,0.0,0.0,0.0,
1771536771058752732,47207,0.0,1.4,0.0,0.3,0.08,-0.1,-0.06,11.0,13.13,0.0,-0.01,-0.05,264.8,315.0,0.0,0.0,0.0,
1771536771161149003,47306,0.0,1.3,0.0,0.3,0.04,0.0,-0.06,11.0,13.13,0.0,0.01,0.0,263.77,315.0,0.0,0.0,0.0,
1771536771259415090,47407,0.0,1.2,0.0,0.3,-0.02,-0.02,-0.06,11.0,13.13,0.0,0.01,-0.02,263.77,312.0,0.0,0.0,0.0,
1771536771361846416,47507,0.0,1.2,0.0,0.3,-0.04,-0.06,-0.06,11.0,13.13,0.0,0.01,-0.04,263.6,312.0,0.0,0.0,0.0,
1771536771460137838,47607,0.0,1.3,0.0,0.2,-0.02,-0.12,-0.06,11.0,13.13,0.0,-0.01,-0.04,263.77,314.0,0.0,0.0,0.0,
1771536771562594849,47708,0.0,1.2,0.0,0.0,-0.12,-0.18,-0.06,11.0,13.13,-0.01,0.0,-0.04,263.6,312.0,0.0,0.0,0.0,
1771536771660847085,47808,0.0,1.5,0.0,0.4,-0.06,0.0,-0.06,11.0,13.13,0.01,0.01,-0.04,263.6,312.0,0.0,0.0,0.0,
1771536771763249503,47908,0.0,1.2,0.0,0.5,0.06,-0.1,-0.06,11.0,13.13,0.0,0.01,-0.07,264.8,315.0,0.0,0.0,0.0,
1771536771861546258,48008,0.0,1.3,0.0,0.4,-0.06,-0.08,-0.06,11.0,13.13,0.01,0.0,-0.04,268.05,315.0,0.0,0.0,0.0,
1771536771963935510,48108,0.0,1.4,0.0,0.2,-0.06,0.06,-0.06,11.0,13.13,-0.01,0.0,-0.05,263.77,313.0,0.0,0.0,0.0,
1771536772062238246,48208,0.0,1.3,0.0,0.4,0.04,0.02,-0.06,11.0,13.13,0.01,0.0,-0.04,264.8,318.0,0.0,0.0,0.0,
1771536772160535593,48307,0.0,1.2,0.0,0.3,-0.02,0.0,-0.06,11.0,13.13,0.0,0.0,-0.06,269.08,318.0,0.0,0.0,0.0,
1771536772262898752,48407,0.0,1.5,0.0,0.2,-0.02,0.02,-0.06,11.0,13.13,0.0,-0.02,-0.03,264.8,314.0,0.0,0.0,0.0,
1771536772361232599,48507,0.0,1.2,0.0,0.2,-0.14,-0.02,-0.06,11.0,13.13,0.01,0.01,-0.02,263.6,319.0,0.0,0.0,0.0,
1771536772459532613,48607,0.0,1.3,0.0,0.7,-0.04,-0.08,-0.06,11.0,13.13,0.01,0.0,-0.03,264.8,319.0,0.0,0.0,0.0,
1771536772561929013,48706,0.0,0.0,0.0,0.2,-0.02,-0.14,-0.06,11.0,13.13,0.01,0.0,-0.04,264.8,313.0,0.0,0.0,0.0,
1771536772660238842,48806,0.0,1.3,0.0,0.7,-0.06,-0.08,-0.06,11.0,13.13,0.0,0.01,-0.04,263.77,315.0,0.0,0.0,0.0,
1771536772758493781,48906,0.0,1.4,0.0,0.3,0.23,0.08,-0.06,11.0,13.13,0.0,0.01,-0.09,263.77,315.0,0.0,0.0,0.0,
1771536772860956978,49006,0.0,1.6,0.0,0.1,-0.02,-0.1,-0.06,11.0,13.13,-0.01,0.02,-0.09,263.77,314.0,0.0,0.0,0.0,
1771536772959232880,49106,0.0,1.4,0.0,0.3,0.04,-0.1,-0.06,11.0,13.13,0.0,0.0,-0.07,263.77,317.0,0.0,0.0,0.0,
1771536773061636502,49206,0.0,1.4,0.0,0.2,-0.06,-0.04,-0.06,11.0,13.13,0.0,0.0,-0.05,264.8,317.0,0.0,0.0,0.0,
1771536773159940220,49305,0.0,1.4,0.0,0.3,-0.04,0.1,-0.06,11.0,13.13,0.01,0.01,-0.06,264.8,314.0,0.0,0.0,0.0,
1771536773262293009,49405,0.0,1.1,0.0,0.3,0.06,-0.12,-0.06,11.0,13.13,0.01,0.0,-0.06,269.08,314.0,0.0,0.0,0.0,
1771536773360621356,49506,0.0,1.2,0.0,0.5,-0.02,-0.06,-0.06,11.0,13.13,0.0,-0.01,-0.02,264.8,313.0,0.0,0.0,0.0,
1771536773463018367,49606,0.0,1.3,0.0,0.2,0.06,-0.02,-0.06,11.0,13.13,0.0,-0.01,-0.03,264.8,310.0,0.0,0.0,0.0,
1771536773561329455,49707,0.0,0.9,0.0,0.5,-0.12,0.04,-0.06,11.0,13.13,-0.01,0.01,-0.03,264.8,310.0,0.0,0.0,0.0,
1771536773659604987,49806,0.0,0.9,0.0,0.3,-0.04,-0.08,-0.06,11.0,13.13,0.0,0.01,-0.07,264.8,316.0,0.0,0.0,0.0,
1771536773762028221,49906,0.0,0.9,0.0,0.3,0.02,-0.1,-0.06,11.0,13.13,0.02,0.0,-0.04,263.77,313.0,0.0,0.0,0.0,
1771536773870370644,50007,0.0,0.6,0.0,0.2,-0.14,-0.02,-0.06,11.0,13.13,0.01,0.0,-0.02,264.8,313.0,0.0,0.0,0.0,
1771536773962719579,50107,0.0,0.7,0.0,0.3,-0.12,-0.02,-0.06,11.0,13.13,0.0,-0.01,-0.03,263.77,312.0,0.0,0.0,0.0,
1771536774061015185,50207,0.0,0.7,0.0,0.2,-0.02,-0.02,-0.06,11.0,13.13,0.0,0.0,-0.01,263.77,312.0,0.0,0.0,0.0,
1771536774163420400,50308,0.0,1.0,0.0,0.4,-0.12,0.0,-0.06,11.0,13.13,-0.04,0.04,-0.04,264.8,316.0,0.0,0.0,0.0,
1771536774265778170,50408,0.0,0.7,0.0,0.2,0.12,-0.12,-0.06,11.0,13.13,0.03,0.01,-0.05,264.8,316.0,0.0,0.0,0.0,
1771536774364118832,50508,0.0,1.1,0.0,0.5,-0.06,-0.08,-0.06,11.0,13.13,0.0,0.0,-0.04,263.77,316.0,0.0,0.0,0.0,
1771536774466512158,50609,0.0,0.9,0.0,0.3,0.04,-0.04,-0.06,11.0,13.13,-0.01,-0.01,-0.03,263.77,312.0,0.0,0.0,0.0,
1771536774564811654,50709,0.0,1.1,0.0,0.4,0.1,-0.14,-0.06,11.0,13.13,0.0,0.0,-0.03,263.77,314.0,0.0,0.0,0.0,
1771536774663079149,50809,0.0,0.7,0.0,0.3,0.0,-0.04,-0.06,11.0,13.13,0.0,0.0,-0.06,264.8,314.0,0.0,0.0,0.0,
1771536774765505734,50909,0.0,0.9,0.0,0.1,0.0,-0.2,-0.06,11.0,13.13,-0.01,0.0,-0.03,264.8,312.0,0.0,0.0,0.0,
1771536774863817600,51009,0.0,1.0,0.0,0.4,-0.14,-0.02,-0.06,11.0,13.13,0.0,0.01,-0.03,264.8,310.0,0.0,0.0,0.0,
1771536774966207500,51109,0.0,0.9,0.0,0.2,-0.06,-0.04,-0.06,11.0,13.13,0.02,0.02,-0.01,263.77,310.0,0.0,0.0,0.0,
1771536775064499754,51210,0.0,0.7,0.0,0.5,-0.12,-0.02,-0.06,11.0,13.13,0.01,0.01,-0.04,263.77,313.0,0.0,0.0,0.0,
1771536775166893284,51310,0.0,0.9,0.0,0.1,0.1,-0.06,-0.06,11.0,13.13,0.02,0.02,-0.05,263.6,315.0,0.0,0.0,0.0,
1771536775265187779,51410,0.0,1.0,0.0,0.6,0.02,0.04,-0.06,11.0,13.13,-0.01,0.01,-0.01,263.6,315.0,0.0,0.0,0.0,
1771536775367603587,51511,0.0,0.9,0.0,0.2,0.04,0.0,-0.06,11.0,13.13,0.01,0.02,-0.05,263.6,312.0,0.0,0.0,0.0,
1771536775465906934,51610,0.0,0.8,0.0,0.3,0.02,-0.06,-0.06,11.0,13.13,0.0,0.0,-0.04,264.8,312.0,0.0,0.0,0.0,
1771536775564171058,51710,0.0,0.6,0.0,0.5,-0.06,-0.14,-0.06,11.0,13.13,0.0,0.0,-0.07,263.94,312.0,0.0,0.0,0.0,
1771536775666633903,51809,0.0,0.8,0.0,0.5,0.0,-0.04,-0.06,11.0,13.13,0.01,0.0,-0.01,264.8,312.0,0.0,0.0,0.0,
1771536775764897269,51909,0.0,0.9,0.0,0.3,-0.02,0.04,-0.06,11.0,13.13,0.0,0.0,-0.03,264.8,312.0,0.0,0.0,0.0,
1771536775867292354,52009,0.0,0.7,0.0,0.3,-0.04,-0.06,-0.06,11.0,13.13,-0.01,-0.01,-0.02,263.77,313.0,0.0,0.0,0.0,
1771536775965594386,52109,0.0,1.0,0.0,0.2,0.0,-0.1,-0.06,11.0,13.13,0.01,0.0,-0.05,263.6,313.0,0.0,0.0,0.0,
1771536776067999379,52209,0.0,1.0,0.0,0.5,-0.16,-0.12,-0.06,11.0,13.13,0.0,0.0,-0.02,264.8,313.0,0.0,0.0,0.0,
1771536776166291355,52310,0.0,0.7,0.0,0.4,-0.04,-0.06,-0.06,11.0,13.13,0.0,0.0,-0.03,264.8,311.0,0.0,0.0,0.0,
1771536776268659459,52410,0.0,0.9,0.0,0.3,0.04,0.02,-0.06,11.0,13.13,-0.01,0.01,-0.02,264.8,312.0,0.0,0.0,0.0,
1771536776366999788,52510,0.0,1.0,0.0,0.3,0.04,0.04,-0.06,11.0,13.13,0.0,0.01,-0.04,264.8,312.0,0.0,0.0,0.0,
1771536776465317561,52610,0.0,0.9,0.0,0.5,-0.04,-0.12,-0.06,11.0,13.13,0.0,0.0,-0.04,263.77,314.0,0.0,0.0,0.0,
1771536776567698887,52710,0.0,0.6,0.0,0.3,0.02,0.02,-0.06,11.0,13.13,-0.01,0.0,-0.03,264.8,314.0,0.0,0.0,0.0,
1771536776665973363,52810,0.0,1.0,0.0,0.3,-0.04,0.0,-0.06,11.0,13.13,0.01,0.0,-0.01,263.77,312.0,0.0,0.0,0.0,
1771536776768386912,52911,0.0,0.6,0.0,0.3,-0.06,-0.06,-0.06,11.0,13.13,0.0,0.0,-0.02,263.77,314.0,0.0,0.0,0.0,
1771536776866655425,53011,0.0,0.4,0.0,0.2,0.12,0.0,-0.06,11.0,13.13,0.0,0.0,-0.02,264.8,314.0,0.0,0.0,0.0,
1771536776969078955,53111,0.0,1.2,0.0,0.3,0.06,-0.06,-0.06,11.0,13.13,0.0,0.01,-0.05,263.77,314.0,0.0,0.0,0.0,
1771536777067412284,53212,0.0,1.2,0.0,0.3,0.0,-0.04,-0.06,11.0,13.13,0.0,0.0,-0.05,264.8,316.0,0.0,0.0,0.0,
1771536777169787258,53312,0.0,1.5,0.0,0.2,0.02,-0.02,-0.06,11.0,13.13,0.0,0.0,-0.04,259.48,316.0,0.0,0.0,0.0,
1771536777268067049,53412,0.0,1.4,0.0,0.3,0.0,0.0,-0.06,11.0,13.13,0.0,0.0,-0.04,263.77,314.0,0.0,0.0,0.0,
1771536777370483375,53512,0.0,1.4,0.0,0.6,-0.1,0.0,-0.06,11.0,13.13,-0.01,0.0,0.0,263.77,315.0,0.0,0.0,0.0,
1771536777468773852,53612,0.0,1.4,0.0,0.2,-0.2,0.02,-0.06,11.0,13.13,-0.01,0.0,0.0,263.77,315.0,0.0,0.0,0.0,
1771536777571173789,53712,0.0,1.4,0.0,0.2,-0.08,0.0,-0.06,11.0,13.13,0.0,-0.01,-0.04,264.97,313.0,0.0,0.0,0.0,
1771536777669502821,53812,0.0,1.3,0.0,0.1,-0.14,-0.02,-0.06,11.0,13.13,-0.01,0.0,0.0,264.8,313.0,0.0,0.0,0.0,
1771536777767776965,53911,0.0,1.4,0.0,0.4,-0.06,-0.06,-0.06,11.0,13.13,0.0,0.02,-0.04,264.97,313.0,0.0,0.0,0.0,
1771536777876132555,54011,0.0,1.2,0.0,0.3,0.02,0.02,-0.06,11.0,13.13,0.0,0.02,-0.02,263.77,309.0,0.0,0.0,0.0,
1771536777968552046,54111,0.0,1.1,0.0,0.3,0.1,0.04,-0.06,11.0,13.13,-0.01,0.0,-0.04,263.77,309.0,0.0,0.0,0.0,
1771536778070871612,54211,0.0,1.4,0.0,0.0,0.16,0.0,-0.06,11.0,13.13,0.0,0.02,-0.02,263.77,314.0,0.0,0.0,0.0,
1771536778169184589,54311,0.0,1.1,0.0,0.4,0.08,-0.16,-0.06,11.0,13.13,0.02,0.01,-0.05,263.77,313.0,0.0,0.0,0.0,
1771536778267449991,54411,0.0,1.3,0.0,0.2,0.0,-0.1,-0.06,11.0,13.13,0.0,0.0,-0.02,264.8,313.0,0.0,0.0,0.0,
1771536778369866354,54510,0.0,1.3,0.0,0.2,-0.04,-0.1,-0.06,11.0,13.13,0.0,0.01,-0.04,264.8,312.0,0.0,0.0,0.0,
1771536778468173572,54610,0.0,1.6,0.0,0.6,0.04,-0.12,-0.06,11.0,13.13,0.0,-0.01,-0.03,264.8,313.0,0.0,0.0,0.0,
1771536778566436419,54710,0.0,1.2,0.0,0.3,0.1,0.02,-0.06,11.0,13.13,0.01,0.0,-0.03,263.77,313.0,0.0,0.0,0.0,
1771536778668861856,54810,0.0,1.2,0.0,0.2,-0.06,-0.08,-0.06,11.0,13.13,0.02,0.02,-0.02,263.77,314.0,0.0,0.0,0.0,
1771536778767171777,54910,0.0,1.4,0.0,0.5,0.1,0.0,-0.06,11.0,13.13,0.02,0.0,-0.02,264.8,314.0,0.0,0.0,0.0,
1771536778869618548,55010,0.0,1.3,0.0,1.2,0.1,0.02,-0.06,11.0,13.13,0.02,0.01,-0.02,263.77,313.0,0.0,0.0,0.0,
1771536778967864987,55110,0.0,0.7,0.0,0.4,-0.04,0.0,-0.06,11.0,13.13,0.02,-0.02,-0.04,260.51,315.0,0.0,0.0,0.0,
1771536779070269924,55211,0.0,1.0,0.0,0.5,0.0,0.0,-0.06,11.0,13.13,0.02,0.01,-0.04,259.82,315.0,0.0,0.0,0.0,
1771536779168573697,55311,0.0,1.1,0.0,0.6,0.0,0.0,-0.06,11.0,13.13,0.0,0.0,-0.04,263.77,314.0,0.0,0.0,0.0,
1771536779270947764,55411,0.0,0.9,0.0,0.3,-0.08,-0.12,-0.06,11.0,13.13,0.01,0.02,-0.03,264.8,312.0,0.0,0.0,0.0,
1771536779369257963,55512,0.0,1.1,0.0,0.5,0.2,-0.16,-0.06,11.0,13.13,0.01,0.0,-0.06,264.8,312.0,0.0,0.0,0.0,
1771536779471656530,55612,0.0,1.4,0.0,0.3,0.04,0.04,-0.06,11.0,13.13,0.0,0.0,-0.03,263.77,312.0,0.0,0.0,0.0,
1771536779569961154,55712,0.0,1.4,0.0,0.4,-0.1,-0.16,-0.06,11.0,13.13,0.0,0.01,-0.04,264.8,310.0,0.0,0.0,0.0,
1771536779672363036,55812,0.0,1.1,0.0,0.2,-0.02,0.08,-0.06,11.0,13.13,0.0,0.0,-0.02,264.8,310.0,0.0,0.0,0.0,
1771536779770652957,55912,0.0,1.3,0.0,0.3,-0.04,-0.12,-0.06,11.0,13.13,-0.01,0.02,-0.05,263.77,314.0,0.0,0.0,0.0,
1771536779873062154,56012,0.0,1.1,0.0,0.3,0.12,-0.02,-0.06,11.0,13.13,-0.01,0.0,-0.05,264.8,316.0,0.0,0.0,0.0,
1771536779971358741,56113,0.0,0.4,0.0,1.2,-0.04,0.04,-0.06,11.0,13.13,0.0,0.01,-0.02,263.94,316.0,0.0,0.0,0.0,
1771536780073766104,56213,0.0,0.6,0.0,0.3,-0.14,-0.02,-0.06,11.0,13.13,0.0,0.0,-0.02,263.77,315.0,0.0,0.0,0.0,
1771536780172057489,56313,0.0,0.6,0.0,0.1,-0.02,0.04,-0.06,11.0,13.13,0.01,0.0,0.0,264.8,315.0,0.0,0.0,0.0,
1771536780274421240,56414,0.0,0.9,0.0,0.2,0.02,0.02,-0.06,11.0,13.13,0.01,0.0,-0.05,259.48,318.0,0.0,0.0,0.0,
1771536780372759273,56514,0.0,1.0,0.004,0.2,-0.06,0.2,-0.06,11.0,13.13,-0.01,0.01,-0.04,264.8,313.0,0.0,0.0,0.0,
1771536780475154525,56613,0.0,0.9,0.0,0.0,-0.04,-0.08,-0.06,11.0,13.13,0.0,0.0,-0.04,260.51,313.0,0.0,0.0,0.0,
1771536780573443575,56714,0.0,0.6,0.0,0.6,0.02,-0.06,-0.06,11.0,13.13,-0.01,0.0,-0.04,263.77,314.0,0.0,0.0,0.0,
1771536780671728015,56814,0.0,1.0,0.0,0.3,-0.12,0.04,-0.06,11.0,13.13,-0.01,0.0,-0.04,263.6,315.0,0.0,0.0,0.0,
1771536780774146859,56913,0.0,1.0,0.0,0.1,0.04,0.06,-0.06,11.0,13.13,0.01,0.02,-0.04,259.48,315.0,0.0,0.0,0.0,
1771536780872443336,57013,0.0,0.9,0.0,0.2,0.1,-0.06,-0.06,11.0,13.13,-0.01,0.01,-0.03,264.8,315.0,0.0,0.0,0.0,
1771536780980795889,57113,0.0,1.1,0.0,0.3,-0.06,-0.06,-0.06,11.0,13.13,-0.01,-0.03,0.0,259.65,313.0,0.0,0.0,0.0,
1771536781073122787,57213,0.0,0.9,0.0,0.3,-0.02,-0.02,-0.06,11.0,13.13,0.0,0.0,-0.04,263.77,313.0,0.0,0.0,0.0,
1771536781171399356,57313,0.0,0.7,0.004,0.3,0.02,0.0,-0.06,11.0,13.13,0.0,0.0,-0.07,263.77,315.0,0.0,0.0,0.0,
1771536781273809330,57413,0.0,0.9,0.0,0.3,0.1,-0.12,-0.06,11.0,13.13,0.0,0.0,-0.02,263.77,315.0,0.0,0.0,0.0,
1771536781372141418,57513,0.0,0.9,0.0,0.3,0.0,-0.1,-0.06,11.0,13.13,-0.01,0.0,0.0,263.77,313.0,0.0,0.0,0.0,
1771536781470443321,57612,0.0,0.7,0.0,0.3,-0.08,0.08,-0.06,11.0,13.13,0.0,0.0,-0.05,264.8,314.0,0.0,0.0,0.0,
1771536781572842480,57712,0.0,1.0,0.0,0.2,0.08,-0.18,-0.06,11.0,13.13,0.0,0.01,-0.01,260.51,314.0,0.0,0.0,0.0,
1771536781671135049,57812,0.0,1.1,0.0,0.3,-0.1,0.06,-0.06,11.0,13.13,0.01,0.0,-0.03,259.48,313.0,0.0,0.0,0.0,
1771536781773535820,57912,0.0,0.7,0.0,0.3,0.0,-0.04,-0.06,11.0,13.13,0.0,0.0,-0.02,263.77,313.0,0.0,0.0,0.0,
1771536781871833204,58012,0.0,1.5,0.0,0.5,-0.1,-0.08,-0.06,11.0,13.13,-0.01,0.0,-0.04,263.77,313.0,0.0,0.0,0.0,
1771536781974231030,58113,0.0,1.2,0.0,0.3,-0.04,-0.14,-0.06,11.0,13.13,-0.01,0.01,-0.02,260.51,313.0,0.0,0.0,0.0,
1771536782072532896,58212,0.0,1.4,0.0,0.2,0.04,-0.25,-0.06,11.0,13.13,0.01,0.0,-0.03,264.8,312.0,0.0,0.0,0.0,
1771536782174889462,58312,0.0,1.2,0.0,0.3,-0.1,0.0,-0.06,11.0,13.13,0.0,-0.01,-0.05,259.48,312.0,0.0,0.0,0.0,
1771536782273215643,58413,0.0,1.3,0.0,0.3,-0.02,-0.02,-0.06,11.0,13.13,0.0,0.02,-0.04,260.51,314.0,0.0,0.0,0.0,
1771536782371503397,58512,0.0,1.0,0.0,0.3,0.04,-0.06,-0.06,11.0,13.13,0.0,0.02,-0.05,259.48,317.0,0.0,0.0,0.0,
1771536782473933131,58612,0.0,0.6,0.0,0.3,-0.08,-0.1,-0.06,11.0,13.13,0.01,0.01,-0.04,259.48,317.0,0.0,0.0,0.0,
1771536782572232070,58713,0.0,0.6,0.0,0.4,0.08,-0.12,-0.06,11.0,13.13,0.0,-0.02,-0.04,259.48,314.0,0.0,0.0,0.0,
1771536782674633248,58813,0.0,0.8,0.0,0.2,0.06,-0.16,-0.06,11.0,13.13,0.01,0.0,-0.04,259.48,314.0,0.0,0.0,0.0,
1771536782772909317,58913,0.0,0.9,0.004,0.5,-0.04,-0.08,-0.06,11.0,13.13,0.01,0.02,-0.04,260.51,316.0,0.0,0.0,0.0,
1771536782875325588,59014,0.0,0.7,0.0,0.2,0.0,-0.06,-0.06,11.0,13.13,0.0,0.02,-0.08,260.68,315.0,0.0,0.0,0.0,
1771536782973586750,59114,0.0,0.7,0.0,0.0,-0.02,0.02,-0.06,11.0,13.13,0.03,0.0,-0.05,260.51,315.0,0.0,0.0,0.0,
1771536783076035446,59214,0.0,0.6,0.0,0.5,0.0,0.04,-0.06,11.0,13.13,0.0,0.0,-0.05,260.51,316.0,0.0,0.0,0.0,
1771536783174328941,59314,0.0,0.9,0.0,0.4,-0.06,-0.02,-0.06,11.0,13.13,0.02,0.01,-0.04,260.68,314.0,0.0,0.0,0.0,
1771536783276718156,59414,0.0,0.7,0.0,0.3,0.14,0.0,-0.06,11.0,13.13,0.0,0.01,-0.06,259.48,314.0,0.0,0.0,0.0,
1771536783375022855,59514,0.0,0.8,0.0,0.2,-0.12,0.08,-0.06,11.0,13.13,0.0,0.02,-0.05,259.48,314.0,0.0,0.0,0.0,
1771536783477413700,59614,0.0,1.1,0.0,0.2,0.08,-0.04,-0.06,11.0,13.13,-0.01,0.0,-0.04,260.68,315.0,0.0,0.0,0.0,
1771536783575711547,59714,0.0,0.8,0.0,0.3,-0.02,-0.06,-0.06,11.0,13.13,0.0,-0.02,-0.07,259.48,315.0,0.0,0.0,0.0,
1771536783674019894,59814,0.0,1.0,0.0,0.5,0.08,0.02,-0.06,11.0,13.13,-0.01,-0.01,-0.06,259.48,316.0,0.0,0.0,0.0,
1771536783776419257,59914,0.0,1.5,0.0,0.1,-0.1,-0.04,-0.06,11.0,13.13,-0.01,0.01,-0.05,259.48,316.0,0.0,0.0,0.0,
1771536783874713474,60014,0.0,1.2,0.0,0.5,-0.02,-0.02,-0.06,11.0,13.13,-0.01,0.02,-0.08,259.48,314.0,0.0,0.0,0.0,
1771536783977114652,60114,0.0,1.2,0.0,0.3,-0.1,0.0,-0.06,11.0,13.13,0.01,0.0,-0.04,260.51,314.0,0.0,0.0,0.0,
1771536784075463870,60214,0.0,1.2,0.0,0.2,-0.08,-0.04,-0.06,11.0,13.13,-0.01,0.0,-0.05,260.51,314.0,0.0,0.0,0.0,
1771536784173693791,60313,0.0,1.4,0.0,0.3,-0.02,-0.06,-0.06,11.0,13.13,0.01,0.0,-0.03,263.77,313.0,0.0,0.0,0.0,
1771536784276079542,60413,0.0,1.2,0.0,0.1,-0.04,0.06,-0.06,11.0,13.13,0.0,0.02,-0.05,259.48,314.0,0.0,0.0,0.0,
1771536784374393279,60513,0.0,1.3,0.0,1.1,0.0,-0.02,-0.06,11.0,13.13,0.0,0.04,-0.05,260.51,314.0,0.0,0.0,0.0,
1771536784476805271,60613,0.0,0.9,0.0,0.4,0.08,-0.08,-0.06,11.0,13.13,0.02,0.0,-0.03,259.48,314.0,0.0,0.0,0.0,
1771536784575108526,60713,0.0,0.7,0.0,0.3,0.08,-0.06,-0.06,11.0,13.13,0.0,-0.01,-0.04,259.48,314.0,0.0,0.0,0.0,
1771536784673391873,60813,0.0,0.9,0.0,0.2,-0.06,0.04,-0.06,11.0,13.13,0.01,-0.01,-0.05,263.77,314.0,0.0,0.0,0.0,
1771536784775812236,60913,0.0,1.0,0.0,0.3,-0.04,0.06,-0.06,11.0,13.13,0.0,0.0,-0.05,259.48,314.0,0.0,0.0,0.0,
1771536784874121435,61014,0.0,1.1,0.0,0.3,0.04,-0.06,-0.06,11.0,13.13,0.01,0.03,-0.05,264.8,314.0,0.0,0.0,0.0,
1771536784976488890,61114,0.0,0.9,0.0,0.5,-0.14,-0.08,-0.06,11.0,13.13,0.02,0.01,-0.08,260.68,316.0,0.0,0.0,0.0,
1771536785078882550,61214,0.0,1.0,0.0,0.2,-0.04,-0.08,-0.06,11.0,13.13,-0.02,0.02,-0.03,260.68,313.0,0.0,0.0,0.0,
1771536785177207100,61315,0.0,0.9,0.0,0.5,0.04,0.04,-0.06,11.0,13.13,0.0,0.0,-0.04,264.8,313.0,0.0,0.0,0.0,
1771536785275480966,61415,0.0,0.9,0.0,0.3,-0.02,0.04,-0.06,11.0,13.13,0.02,0.0,-0.06,263.77,314.0,0.0,0.0,0.0,
1771536785377902329,61514,0.0,0.7,0.004,0.3,0.04,-0.04,-0.06,11.0,13.13,0.01,0.0,-0.04,264.8,312.0,0.0,0.0,0.0,
1771536785476213935,61614,0.0,0.8,0.0,0.2,0.1,-0.1,-0.06,11.0,13.13,0.0,0.01,-0.03,263.77,312.0,0.0,0.0,0.0,
1771536785584536933,61714,0.0,1.0,0.0,0.5,-0.16,-0.08,-0.06,11.0,13.13,0.01,0.0,-0.01,263.77,316.0,0.0,0.0,0.0,
1771536785676893405,61814,0.0,0.8,0.0,0.1,0.0,0.02,-0.06,11.0,13.13,0.0,0.0,-0.01,264.8,314.0,0.0,0.0,0.0,
1771536785779291360,61915,0.0,1.0,0.0,0.2,0.0,-0.06,-0.06,11.0,13.13,0.01,0.0,0.0,263.77,314.0,0.0,0.0,0.0,
1771536785877601226,62015,0.0,0.9,0.0,0.3,-0.12,-0.06,-0.06,11.0,13.13,0.0,0.02,-0.05,264.8,315.0,0.0,0.0,0.0,
1771536785979988607,62115,0.0,0.7,0.0,0.5,0.0,0.04,-0.06,11.0,13.13,0.0,0.02,-0.05,260.51,315.0,0.0,0.0,0.0,
1771536786078301325,62216,0.0,0.1,0.0,1.3,0.1,0.02,-0.06,11.0,13.13,-0.01,0.01,-0.04,259.48,313.0,0.0,0.0,0.0,
1771536786180673003,62316,0.0,0.4,0.0,0.6,-0.12,-0.14,-0.06,11.0,13.13,0.0,-0.03,-0.05,263.77,318.0,0.0,0.0,0.0,
1771536786278963924,62416,0.0,1.3,0.0,0.5,0.06,-0.08,-0.06,11.0,13.13,-0.02,0.0,-0.05,263.77,318.0,0.0,0.0,0.0,
1771536786387310606,62516,0.0,1.1,0.0,0.1,-0.02,-0.23,-0.06,11.0,13.13,0.01,0.0,-0.02,264.8,314.0,0.0,0.0,0.0,
1771536786479690949,62616,0.0,1.5,0.0,0.4,-0.18,-0.02,-0.06,11.0,13.13,-0.02,-0.01,-0.05,263.77,312.0,0.0,0.0,0.0,
1771536786588076558,62716,0.0,1.3,0.0,0.2,-0.06,0.02,-0.06,11.0,13.13,0.0,0.0,-0.04,263.77,312.0,0.0,0.0,0.0,
1771536786680386529,62817,0.0,1.1,0.0,0.3,0.14,0.08,-0.06,11.0,13.13,0.0,0.01,-0.04,263.77,311.0,0.0,0.0,0.0,
1771536786778635765,62917,0.0,1.4,0.0,0.3,-0.1,-0.02,-0.06,11.0,13.13,0.01,0.0,-0.02,263.77,314.0,0.0,0.0,0.0,
1771536786881086165,63017,0.0,1.3,0.0,0.5,0.02,-0.02,-0.06,11.0,13.13,0.0,-0.01,-0.01,264.8,314.0,0.0,0.0,0.0,
1771536786979354920,63118,0.0,1.2,0.0,0.3,0.0,-0.18,-0.06,11.0,13.13,0.01,0.0,-0.01,263.77,313.0,0.0,0.0,0.0,
1771536787081786024,63217,0.0,1.2,0.0,0.7,0.1,-0.04,-0.06,11.0,13.13,0.0,-0.01,-0.03,264.8,314.0,0.0,0.0,0.0,
1771536787180074278,63318,0.0,1.1,0.0,0.2,0.04,0.02,-0.06,11.0,13.13,0.0,0.0,-0.02,264.8,314.0,0.0,0.0,0.0,
1771536787282450271,63418,0.0,1.3,0.008,0.2,-0.02,-0.08,-0.06,11.0,13.13,0.0,0.0,-0.06,263.77,313.0,0.0,0.0,0.0,
1771536787380775655,63518,0.0,1.4,0.0,0.3,0.02,-0.02,-0.06,11.0,13.13,0.0,0.01,-0.01,263.77,313.0,0.0,0.0,0.0,
1771536787483181481,63619,0.0,1.5,0.0,0.5,0.04,0.1,-0.06,11.0,13.13,0.0,0.0,-0.03,264.8,316.0,0.0,0.0,0.0,
1771536787581479384,63718,0.0,1.1,0.0,0.1,0.1,-0.06,-0.06,11.0,13.13,0.01,0.0,-0.02,264.8,313.0,0.0,0.0,0.0,
1771536787683869228,63818,0.0,1.3,0.0,0.1,0.12,-0.08,-0.06,11.0,13.13,0.0,0.01,-0.04,263.77,313.0,0.0,0.0,0.0,
1771536787782168742,63919,0.0,1.2,0.0,0.3,0.0,0.02,-0.06,11.0,13.13,0.01,-0.01,-0.04,263.77,313.0,0.0,0.0,0.0,
1771536787884572901,64019,0.0,1.3,0.0,0.1,0.08,0.0,-0.06,11.0,13.13,0.0,0.0,-0.05,264.8,313.0,0.0,0.0,0.0,
1771536787982867507,64119,0.0,1.0,0.0,0.5,0.0,0.04,-0.06,11.0,13.13,-0.02,0.02,-0.03,264.8,313.0,0.0,0.0,0.0,
1771536788085261630,64220,0.0,0.9,0.0,0.3,0.06,-0.08,-0.06,11.0,13.13,0.01,-0.01,-0.03,263.77,316.0,0.0,0.0,0.0,
1771536788183539477,64320,0.0,0.8,0.0,0.4,0.1,-0.16,-0.06,11.0,13.13,0.0,-0.01,0.0,263.77,313.0,0.0,0.0,0.0,
1771536788285969710,64420,0.0,0.9,0.0,0.5,-0.12,-0.12,-0.06,11.0,13.13,0.0,0.0,-0.03,264.8,313.0,0.0,0.0,0.0,
1771536788384269113,64521,0.0,0.9,0.0,0.3,-0.06,0.04,-0.06,11.0,13.13,-0.01,0.02,-0.04,263.77,313.0,0.0,0.0,0.0,
1771536788486671698,64621,0.0,0.8,0.0,0.2,-0.02,-0.06,-0.06,11.0,13.13,0.0,0.01,-0.02,263.6,313.0,0.0,0.0,0.0,
1771536788584962860,64721,0.0,0.8,0.0,0.6,-0.12,-0.14,-0.06,11.0,13.13,0.02,0.01,-0.03,263.6,313.0,0.0,0.0,0.0,
1771536788687361464,64821,0.0,0.7,0.004,0.2,0.08,0.04,-0.06,11.0,13.13,0.0,0.0,-0.03,264.8,315.0,0.0,0.0,0.0,
1771536788785658700,64921,0.0,0.7,0.0,0.3,-0.06,-0.08,-0.06,11.0,13.13,0.01,0.0,-0.02,263.77,315.0,0.0,0.0,0.0,
1771536788883962436,65021,0.0,1.0,0.0,0.4,0.04,0.02,-0.06,11.0,13.13,0.0,0.0,-0.01,263.77,312.0,0.0,0.0,0.0,
1771536788986359095,65121,0.0,1.0,0.0,0.4,0.06,0.12,-0.06,11.0,13.13,0.01,0.02,-0.06,264.8,316.0,0.0,0.0,0.0,
1771536789084687868,65220,0.0,0.7,0.0,0.4,0.02,-0.08,-0.06,11.0,13.13,0.01,0.0,-0.02,264.8,316.0,0.0,0.0,0.0,
1771536789182918770,65320,0.0,0.8,0.0,0.6,0.02,-0.02,-0.06,11.0,13.13,0.02,0.0,-0.02,263.77,315.0,0.0,0.0,0.0,
1771536789285348745,65420,0.0,0.7,0.0,0.5,0.0,-0.14,-0.06,11.0,13.13,-0.02,-0.01,-0.03,263.77,314.0,0.0,0.0,0.0,
1771536789383636610,65520,0.0,0.7,0.0,0.3,0.12,-0.12,-0.06,11.0,13.13,-0.01,0.0,0.0,263.77,314.0,0.0,0.0,0.0,
1771536789486051733,65620,0.0,0.7,0.0,0.2,0.02,0.04,-0.06,11.0,13.13,-0.05,0.0,-0.04,260.51,311.0,0.0,0.0,0.0,
1771536789584352117,65720,0.0,1.0,0.0,1.1,-0.04,-0.06,-0.06,11.0,13.13,0.0,-0.02,-0.02,262.57,316.0,0.0,0.0,0.0,
1771536789686757072,65820,0.0,1.4,0.0,0.2,0.0,-0.04,-0.06,11.0,13.13,-0.05,-0.03,-0.03,263.77,316.0,0.0,0.0,0.0,
1771536789785055068,65921,0.0,1.5,0.0,0.3,0.0,-0.1,-0.06,11.0,13.13,-0.03,-0.01,-0.02,263.77,311.0,0.0,0.0,0.0,
1771536789887453116,66021,0.0,1.0,0.0,0.0,0.14,-0.02,-0.06,11.0,13.13,-0.02,0.01,0.0,263.77,311.0,0.0,0.0,0.0,
1771536789985750815,66121,0.0,1.0,0.0,0.3,-0.04,-0.04,-0.06,11.0,13.13,-0.01,-0.01,-0.03,263.77,313.0,0.0,0.0,0.0,
1771536790088125604,66222,0.0,1.0,0.0,0.2,-0.08,-0.04,-0.06,11.0,13.13,0.0,0.02,-0.02,263.77,312.0,0.0,0.0,0.0,
1771536790186428617,66322,0.0,0.9,0.0,0.1,0.0,0.04,-0.06,11.0,13.13,-0.01,0.0,-0.03,269.08,312.0,0.0,0.0,0.0,
1771536790288817203,66421,0.0,1.0,0.0,0.1,-0.12,-0.1,-0.06,11.0,13.13,0.03,0.0,-0.01,269.08,312.0,0.0,0.0,0.0,
1771536790387142994,66522,0.0,0.9,0.0,0.0,-0.06,-0.04,-0.06,11.0,13.13,0.0,0.0,-0.04,263.77,313.0,0.0,0.0,0.0,
1771536790495508584,66622,0.0,1.0,0.0,0.4,-0.06,-0.04,-0.06,11.0,13.13,0.02,0.0,-0.03,264.8,313.0,0.0,0.0,0.0,
1771536790587840315,66721,0.0,0.7,0.0,1.7,-0.04,-0.12,-0.06,11.0,13.13,0.02,0.0,-0.02,264.8,310.0,0.0,0.0,0.0,
1771536790686101144,66822,0.0,1.1,0.0,0.0,-0.04,-0.04,-0.06,11.0,13.13,0.04,-0.02,-0.03,264.8,310.0,0.0,0.0,0.0,
1771536790788538100,66922,0.0,1.1,0.0,0.3,-0.14,-0.1,-0.06,11.0,13.13,0.0,0.0,0.01,264.8,313.0,0.0,0.0,0.0,
1771536790886870188,67022,0.0,1.2,0.0,0.6,0.06,0.06,-0.06,11.0,13.13,0.05,0.02,-0.04,264.8,313.0,0.0,0.0,0.0,
1771536790989245199,67122,0.0,1.3,0.0,0.3,0.12,0.12,-0.06,11.0,13.13,-0.02,0.02,-0.07,263.77,313.0,0.0,0.0,0.0,
1771536791087549620,67222,0.0,1.3,0.0,0.5,0.0,0.04,-0.06,11.0,13.13,0.0,0.0,-0.04,263.77,313.0,0.0,0.0,0.0,
1771536791185797967,67322,0.0,1.4,0.0,0.0,0.21,-0.02,-0.06,11.0,13.13,0.01,0.0,-0.04,263.77,312.0,0.0,0.0,0.0,
1771536791288231422,67422,0.0,1.2,0.0,0.4,-0.04,-0.14,-0.06,11.0,13.13,0.0,-0.02,-0.03,260.51,312.0,0.0,0.0,0.0,
1771536791386544825,67521,0.0,1.1,0.0,1.0,-0.02,0.06,-0.06,11.0,13.13,0.01,0.01,-0.02,263.6,313.0,0.0,0.0,0.0,
1771536791488934540,67621,0.0,0.9,0.0,0.4,-0.04,-0.21,-0.06,11.0,13.13,0.0,0.02,-0.02,264.8,314.0,0.0,0.0,0.0,
1771536791587236665,67721,0.0,0.7,0.0,0.3,0.0,0.04,-0.06,11.0,13.13,0.0,0.0,0.0,259.14,314.0,0.0,0.0,0.0,
1771536791695557162,67821,0.0,0.7,0.0,0.3,0.04,0.04,-0.06,11.0,13.13,0.01,0.0,-0.03,263.6,312.0,0.0,0.0,0.0,
1771536791787932893,67921,0.0,1.0,0.0,0.0,0.0,-0.12,-0.06,11.0,13.13,0.01,0.01,-0.04,264.8,316.0,0.0,0.0,0.0,
1771536791886247037,68020,0.0,0.2,0.0,0.6,-0.02,-0.04,-0.06,11.0,13.13,0.02,0.0,-0.04,264.8,316.0,0.0,0.0,0.0,
1771536791988632918,68120,0.0,1.3,0.0,0.3,0.0,0.0,-0.06,11.0,13.13,0.02,0.02,-0.04,263.6,312.0,0.0,0.0,0.0,
1771536792086936284,68220,0.0,1.2,0.0,0.1,0.21,-0.08,-0.06,11.0,13.13,0.0,0.01,-0.04,264.8,312.0,0.0,0.0,0.0,
1771536792189318073,68321,0.0,1.3,0.0,0.3,0.12,-0.08,-0.06,11.0,13.13,0.0,-0.01,-0.02,263.6,314.0,0.0,0.0,0.0,
1771536792287677457,68421,0.0,1.4,0.0,0.2,-0.12,-0.12,-0.06,11.0,13.13,0.02,0.0,-0.04,263.77,313.0,0.0,0.0,0.0,
1771536792385942212,68520,0.0,1.1,0.0,0.1,-0.02,0.04,-0.06,11.0,13.13,0.0,0.02,-0.03,264.8,313.0,0.0,0.0,0.0,
1771536792488333038,68620,0.0,1.4,0.0,0.3,-0.06,-0.1,-0.06,11.0,13.13,0.0,0.0,-0.03,260.51,314.0,0.0,0.0,0.0,
1771536792586636273,68720,0.0,1.2,0.0,0.6,-0.1,0.16,-0.06,11.0,13.13,0.02,0.02,-0.02,263.77,311.0,0.0,0.0,0.0,
1771536792684933972,68820,0.0,1.4,0.0,0.3,0.06,-0.08,-0.06,11.0,13.13,0.0,0.0,-0.04,264.8,311.0,0.0,0.0,0.0,
1771536792787326243,68919,0.0,1.2,0.008,0.6,-0.08,0.02,-0.06,11.0,13.13,0.02,0.0,-0.06,259.48,313.0,0.0,0.0,0.0,
1771536792885641405,69019,0.0,0.6,0.0,1.0,-0.04,-0.04,-0.06,11.0,13.13,0.0,-0.01,-0.02,262.74,316.0,0.0,0.0,0.0,
1771536792983926863,69118,0.0,0.9,0.0,0.2,-0.02,-0.1,-0.06,11.0,13.13,0.02,0.0,-0.05,264.8,316.0,0.0,0.0,0.0,
1771536793086325133,69217,0.0,0.8,0.0,0.5,-0.02,-0.06,-0.06,11.0,13.13,0.0,0.0,-0.04,263.77,313.0,0.0,0.0,0.0,
1771536793184611610,69317,0.0,0.9,0.0,0.5,0.0,-0.12,-0.06,11.0,13.13,0.0,0.0,0.0,264.97,313.0,0.0,0.0,0.0,
1771536793282927846,69416,0.0,0.7,0.0,0.5,0.0,-0.08,-0.06,11.0,13.13,0.0,0.0,-0.05,269.08,313.0,0.0,0.0,0.0,
1771536793385328339,69516,0.0,0.7,0.0,0.2,-0.04,-0.08,-0.06,11.0,13.13,0.01,0.0,-0.02,263.77,312.0,0.0,0.0,0.0,
1771536793483629741,69616,0.0,0.6,0.0,0.2,-0.12,0.02,-0.06,11.0,13.13,0.0,0.01,-0.03,263.77,312.0,0.0,0.0,0.0,
1771536793581921662,69716,0.0,1.0,0.0,0.2,0.0,-0.08,-0.06,11.0,13.13,0.0,0.02,-0.05,264.8,312.0,0.0,0.0,0.0,
1771536793684317359,69815,0.0,1.0,0.0,0.6,-0.08,-0.04,-0.06,11.0,13.13,0.01,0.0,-0.05,263.77,313.0,0.0,0.0,0.0,
1771536793782651576,69915,0.0,0.7,0.0,0.3,-0.08,-0.08,-0.06,11.0,13.13,0.0,0.0,-0.04,263.77,313.0,0.0,0.0,0.0,
1771536793885012124,70016,0.0,0.9,0.0,0.2,-0.06,-0.1,-0.06,11.0,13.13,-0.01,0.0,-0.03,263.77,311.0,0.0,0.0,0.0,
1771536793983263249,70116,0.0,0.6,0.0,0.6,-0.1,0.04,-0.06,11.0,13.13,0.01,0.0,-0.03,263.94,313.0,0.0,0.0,0.0,
1771536794085671075,70216,0.0,0.6,0.0,0.3,0.14,-0.06,-0.06,11.0,13.13,0.0,0.0,-0.04,263.77,313.0,0.0,0.0,0.0,
1771536794183954644,70317,0.0,0.9,0.0,0.6,0.0,-0.14,-0.06,11.0,13.13,0.0,0.0,-0.05,259.48,312.0,0.0,0.0,0.0,
1771536794286353044,70417,0.0,1.1,0.0,0.3,0.08,-0.18,-0.06,11.0,13.13,0.0,0.0,-0.05,259.48,312.0,0.0,0.0,0.0,
1771536794384658169,70517,0.0,0.6,0.004,0.1,0.06,0.04,-0.06,11.0,13.13,0.0,-0.01,-0.02,260.68,312.0,0.0,0.0,0.0,
1771536794487062199,70618,0.0,0.2,0.0,1.4,-0.04,-0.02,-0.06,11.0,13.13,0.0,0.03,-0.06,260.51,310.0,0.0,0.0,0.0,
1771536794585340157,70718,0.0,0.2,0.0,0.1,-0.12,-0.06,-0.06,11.0,13.13,-0.01,0.01,-0.03,264.8,310.0,0.0,0.0,0.0,
1771536794687739187,70818,0.0,0.8,0.0,0.1,0.02,-0.04,-0.06,11.0,13.13,0.01,0.0,-0.04,260.51,317.0,0.0,0.0,0.0,
1771536794786041478,70918,0.0,0.9,0.0,0.3,-0.02,-0.02,-0.06,11.0,13.13,0.0,0.0,-0.06,259.48,312.0,0.0,0.0,0.0,
1771536794888443712,71018,0.0,0.7,0.0,0.5,0.04,0.02,-0.06,11.0,13.13,0.03,0.01,-0.06,260.68,312.0,0.0,0.0,0.0,
1771536794986748837,71118,0.0,0.9,0.0,0.2,-0.1,-0.16,-0.06,11.0,13.13,-0.03,0.03,-0.06,259.48,317.0,0.0,0.0,0.0,
1771536795085044998,71218,0.0,0.9,0.0,0.0,0.1,-0.08,-0.06,11.0,13.13,-0.01,0.01,-0.06,263.77,311.0,0.0,0.0,0.0,
1771536795187437602,71318,0.0,0.6,0.0,0.1,-0.18,0.0,-0.06,11.0,13.13,0.0,0.0,-0.03,260.51,311.0,0.0,0.0,0.0,
1771536795285742079,71418,0.0,0.8,0.0,0.2,-0.06,-0.12,-0.06,11.0,13.13,0.01,-0.02,-0.05,259.48,312.0,0.0,0.0,0.0,
1771536795388139275,71518,0.0,1.0,0.0,0.3,0.16,-0.04,-0.06,11.0,13.13,0.0,0.0,-0.05,259.48,312.0,0.0,0.0,0.0,
1771536795486443641,71617,0.0,0.5,0.0,0.5,-0.08,-0.18,-0.06,11.0,13.13,0.0,0.0,-0.06,259.48,310.0,0.0,0.0,0.0,
1771536795584737136,71716,0.0,0.7,0.004,0.3,-0.04,0.06,-0.06,11.0,13.13,0.0,0.0,-0.04,260.51,315.0,0.0,0.0,0.0,
1771536795683024335,71816,0.0,0.8,0.0,0.4,-0.08,0.02,-0.06,11.0,13.13,0.0,-0.01,-0.04,259.65,315.0,0.0,0.0,0.0,
1771536795785434050,71916,0.0,1.1,0.0,0.3,0.2,-0.04,-0.06,11.0,13.13,0.0,0.0,-0.03,259.65,312.0,0.0,0.0,0.0,
1771536795883734564,72016,0.0,0.9,0.0,0.5,0.0,-0.06,-0.06,11.0,13.13,0.0,-0.01,-0.05,264.8,313.0,0.0,0.0,0.0,
1771536795986163705,72116,0.0,0.7,0.0,0.3,0.06,0.04,-0.06,11.0,13.13,0.0,0.0,-0.04,263.77,313.0,0.0,0.0,0.0,
1771536796084432551,72215,0.0,0.9,0.0,0.1,-0.04,-0.1,-0.06,11.0,13.13,0.0,0.0,-0.04,260.51,311.0,0.0,0.0,0.0,
1771536796182741584,72315,0.0,1.0,0.0,0.5,0.04,-0.1,-0.06,11.0,13.13,0.0,-0.02,-0.05,260.51,316.0,0.0,0.0,0.0,
1771536796285129428,72415,0.0,1.1,0.0,0.5,-0.04,-0.04,-0.06,11.0,13.13,0.0,0.01,-0.04,263.77,316.0,0.0,0.0,0.0,
1771536796383430738,72514,0.0,1.1,0.0,0.3,-0.16,-0.02,-0.06,11.0,13.13,0.0,0.01,-0.03,260.51,315.0,0.0,0.0,0.0,
1771536796491742291,72614,0.0,0.9,0.0,0.2,0.02,-0.04,-0.06,11.0,13.13,0.0,-0.01,-0.02,259.48,315.0,0.0,0.0,0.0,
1771536796584127597,72715,0.0,0.7,0.0,0.2,-0.14,0.14,-0.06,11.0,13.13,0.0,0.0,-0.03,260.51,312.0,0.0,0.0,0.0,
1771536796692457946,72815,0.0,0.9,0.0,0.2,0.0,-0.1,-0.06,11.0,13.13,-0.01,0.0,-0.03,263.77,314.0,0.0,0.0,0.0,
1771536796784821899,72914,0.0,1.0,0.0,0.6,-0.04,0.02,-0.06,11.0,13.13,-0.01,0.01,-0.05,264.45,314.0,0.0,0.0,0.0,
1771536796883174006,73014,0.0,1.0,0.0,0.3,0.14,-0.16,-0.06,11.0,13.13,0.0,0.0,-0.04,259.65,314.0,0.0,0.0,0.0,
1771536796985524943,73114,0.0,0.7,0.0,1.4,-0.08,-0.02,-0.06,11.0,13.13,0.0,-0.02,-0.06,259.48,312.0,0.0,0.0,0.0,
1771536797083824586,73214,0.0,1.4,0.0,0.4,-0.04,-0.1,-0.06,11.0,13.13,0.0,0.0,-0.02,264.8,312.0,0.0,0.0,0.0,
1771536797182086896,73314,0.0,1.2,0.0,0.2,0.08,-0.12,-0.06,11.0,13.13,0.0,0.01,-0.02,263.77,311.0,0.0,0.0,0.0,
1771536797284516852,73414,0.0,1.4,0.0,0.2,0.14,0.02,-0.06,11.0,13.13,0.01,-0.03,-0.01,263.77,311.0,0.0,0.0,0.0,
1771536797382805310,73515,0.0,1.5,0.0,0.3,0.06,0.0,-0.06,11.0,13.13,0.0,0.02,-0.02,264.97,311.0,0.0,0.0,0.0,
1771536797485223691,73614,0.0,1.4,0.0,0.2,-0.02,-0.12,-0.06,11.0,13.13,0.02,0.0,-0.01,264.8,313.0,0.0,0.0,0.0,
1771536797583522113,73713,0.0,1.4,0.0,1.2,-0.1,0.1,-0.06,11.0,13.13,0.0,-0.01,-0.05,260.51,313.0,0.0,0.0,0.0,
1771536797681784885,73814,0.0,0.9,0.0,0.4,-0.16,-0.02,-0.06,11.0,13.13,0.01,0.01,-0.02,263.77,312.0,0.0,0.0,0.0,
1771536797784329138,73914,0.0,0.6,0.0,0.2,-0.06,0.18,-0.06,11.0,13.13,-0.01,0.0,-0.06,263.94,312.0,0.0,0.0,0.0,
1771536797886766649,74014,0.0,0.8,0.0,0.2,-0.08,0.04,-0.06,11.0,13.13,0.0,0.01,-0.04,263.77,312.0,0.0,0.0,0.0,
1771536797984914903,74115,0.0,0.9,0.0,0.2,-0.08,-0.1,-0.06,11.0,13.13,0.0,0.0,-0.04,263.77,314.0,0.0,0.0,0.0,
1771536798087313618,74215,0.0,0.6,0.0,0.2,0.0,0.12,-0.06,11.0,13.13,-0.02,0.01,-0.05,264.8,312.0,0.0,0.0,0.0,
1771536798185612854,74315,0.0,0.8,0.0,0.1,-0.08,-0.08,-0.06,11.0,13.13,0.01,0.0,-0.03,260.51,312.0,0.0,0.0,0.0,
1771536798288006162,74416,0.0,0.6,0.0,0.4,0.06,-0.06,-0.06,11.0,13.13,0.01,0.0,-0.03,260.68,316.0,0.0,0.0,0.0,
1771536798386307805,74516,0.0,0.9,0.0,0.3,0.04,-0.14,-0.06,11.0,13.13,0.01,0.0,-0.04,260.51,312.0,0.0,0.0,0.0,
1771536798488709205,74616,0.0,0.5,0.0,0.5,-0.14,0.04,-0.06,11.0,13.13,0.0,0.01,-0.02,263.77,312.0,0.0,0.0,0.0,
1771536798587013274,74717,0.0,1.0,0.0,0.3,-0.02,-0.02,-0.06,11.0,13.13,0.01,0.01,-0.01,260.68,315.0,0.0,0.0,0.0,
1771536798689421878,74817,0.0,0.7,0.0,0.5,0.02,0.12,-0.06,11.0,13.13,0.0,0.01,-0.03,259.48,312.0,0.0,0.0,0.0,
1771536798787714540,74917,0.0,1.0,0.0,0.6,0.1,-0.04,-0.06,11.0,13.13,0.0,0.0,0.0,260.51,312.0,0.0,0.0,0.0,
1771536798890174644,75018,0.0,1.0,0.0,0.3,-0.06,-0.06,-0.06,11.0,13.13,0.0,0.0,-0.04,259.65,312.0,0.0,0.0,0.0,
1771536798988466510,75118,0.0,0.7,0.0,1.5,0.08,-0.1,-0.06,11.0,13.13,0.0,0.0,-0.03,260.51,312.0,0.0,0.0,0.0,
1771536799086790579,75217,0.0,1.4,0.0,0.2,0.06,-0.04,-0.06,11.0,13.13,0.02,0.0,0.0,260.51,312.0,0.0,0.0,0.0,
1771536799189185257,75317,0.0,1.1,0.0,0.4,-0.16,-0.06,-0.06,11.0,13.13,0.0,0.01,-0.02,259.48,314.0,0.0,0.0,0.0,
1771536799287473363,75417,0.0,1.4,0.0,0.3,-0.04,0.1,-0.06,11.0,13.13,0.0,0.0,-0.04,260.51,314.0,0.0,0.0,0.0,
1771536799389868300,75517,0.0,1.3,0.0,0.5,0.0,0.14,-0.06,11.0,13.13,0.0,0.0,-0.05,259.65,316.0,0.0,0.0,0.0,
1771536799488165369,75617,0.0,1.2,0.0,0.3,0.06,-0.08,-0.06,11.0,13.13,0.02,0.0,-0.05,259.48,313.0,0.0,0.0,0.0,
1771536799596534237,75717,0.0,1.1,0.0,0.3,0.02,-0.04,-0.06,11.0,13.13,0.0,0.0,-0.08,259.65,313.0,0.0,0.0,0.0,
1771536799688871043,75816,0.0,1.2,0.0,1.2,-0.08,0.1,-0.06,11.0,13.13,0.0,0.0,-0.03,260.68,313.0,0.0,0.0,0.0,
1771536799787169223,75916,0.0,0.0,0.0,1.0,0.08,-0.14,-0.06,11.0,13.13,0.0,0.02,-0.03,259.48,313.0,0.0,0.0,0.0,
1771536799889561790,76016,0.0,0.9,0.0,0.3,-0.12,0.1,-0.06,11.0,13.13,0.01,0.02,-0.04,259.48,314.0,0.0,0.0,0.0,
1771536799987861415,76116,0.0,1.0,0.0,0.4,-0.02,-0.08,-0.06,11.0,13.13,0.0,0.0,-0.02,259.48,313.0,0.0,0.0,0.0,
1771536800086127410,76216,0.0,0.9,0.0,0.3,-0.02,0.0,-0.06,11.0,13.13,0.0,0.01,-0.05,260.51,313.0,0.0,0.0,0.0,
1771536800188592847,76316,0.0,0.7,0.0,0.5,-0.16,-0.1,-0.06,11.0,13.13,0.0,0.0,-0.02,260.51,312.0,0.0,0.0,0.0,
1771536800286834175,76417,0.0,0.6,0.0,0.2,0.04,0.0,-0.06,11.0,13.13,0.0,0.0,-0.04,263.77,315.0,0.0,0.0,0.0,
1771536800389263409,76517,0.0,0.7,0.0,0.2,0.1,-0.06,-0.06,11.0,13.13,0.0,0.0,-0.03,260.51,315.0,0.0,0.0,0.0,
1771536800487538367,76617,0.0,0.5,0.0,0.5,-0.04,-0.02,-0.06,11.0,13.13,0.0,0.0,-0.04,259.48,311.0,0.0,0.0,0.0,
1771536800589949693,76718,0.0,0.4,0.0,0.6,0.0,-0.08,-0.06,11.0,13.13,0.0,0.0,-0.04,264.8,311.0,0.0,0.0,0.0,
1771536800688262262,76817,0.0,1.1,0.0,0.2,0.08,-0.06,-0.06,11.0,13.13,0.0,0.01,-0.04,259.65,311.0,0.0,0.0,0.0,
1771536800790657125,76917,0.0,1.4,0.0,0.2,0.14,-0.08,-0.06,11.0,13.13,0.0,-0.01,-0.04,260.51,312.0,0.0,0.0,0.0,
1771536800888965176,77018,0.0,1.4,0.0,0.2,-0.04,0.0,-0.06,11.0,13.13,-0.01,0.0,-0.01,259.48,315.0,0.0,0.0,0.0,
1771536800991352243,77118,0.0,1.3,0.012,0.3,0.0,-0.1,-0.06,11.0,13.13,0.0,0.0,-0.05,260.68,315.0,0.0,0.0,0.0,
1771536801089628090,77218,0.0,1.3,0.0,0.7,0.0,-0.12,-0.06,11.0,13.13,0.0,0.0,-0.04,259.65,313.0,0.0,0.0,0.0,
1771536801192020527,77319,0.0,1.4,0.0,0.4,0.12,-0.06,-0.06,11.0,13.13,0.0,0.01,-0.05,258.45,315.0,0.0,0.0,0.0,
1771536801290319281,77419,0.0,1.1,0.0,0.5,-0.04,-0.08,-0.06,11.0,13.13,0.01,0.0,-0.03,259.65,315.0,0.0,0.0,0.0,
1771536801392746237,77519,0.0,1.2,0.0,0.6,0.08,0.02,-0.06,11.0,13.13,0.0,0.0,-0.03,264.8,314.0,0.0,0.0,0.0,
1771536801491052899,77619,0.0,1.4,0.0,0.2,0.1,0.0,-0.06,11.0,13.13,0.0,0.01,-0.03,263.77,314.0,0.0,0.0,0.0,
1771536801593436651,77719,0.0,1.1,0.0,0.5,-0.08,-0.1,-0.06,11.0,13.13,-0.01,0.0,-0.04,263.77,317.0,0.0,0.0,0.0,
1771536801691739516,77819,0.0,1.3,0.0,0.2,-0.04,-0.02,-0.06,11.0,13.13,0.01,0.0,-0.04,260.17,316.0,0.0,0.0,0.0,
1771536801789987086,77919,0.0,1.4,0.0,0.2,-0.06,0.04,-0.06,11.0,13.13,-0.02,0.0,-0.04,264.8,316.0,0.0,0.0,0.0,
1771536801892446893,78019,0.0,1.5,0.0,0.3,0.04,-0.1,-0.06,11.0,13.13,-0.01,-0.01,-0.05,263.77,316.0,0.0,0.0,0.0,
1771536801990745851,78119,0.0,1.3,0.0,0.5,-0.02,-0.1,-0.06,11.0,13.13,0.0,0.01,-0.04,263.77,313.0,0.0,0.0,0.0,
1771536802093193715,78219,0.0,1.2,0.0,0.1,0.02,-0.04,-0.06,11.0,13.13,0.0,0.0,-0.03,264.8,313.0,0.0,0.0,0.0,
1771536802191412172,78319,0.0,1.2,0.0,0.2,0.12,-0.04,-0.06,11.0,13.13,0.0,0.0,0.0,260.68,312.0,0.0,0.0,0.0,
1771536802293847443,78419,0.0,1.2,0.0,0.5,-0.06,0.08,-0.06,11.0,13.13,0.0,-0.01,-0.02,263.94,312.0,0.0,0.0,0.0,
1771536802392182753,78519,0.0,1.4,0.0,0.1,0.0,-0.06,-0.06,11.0,13.13,0.0,-0.01,0.0,259.65,313.0,0.0,0.0,0.0,
1771536802494536431,78619,0.0,1.2,0.0,0.3,-0.02,0.08,-0.06,11.0,13.13,0.0,-0.01,-0.02,259.48,315.0,0.0,0.0,0.0,
1771536802592834926,78720,0.0,1.4,0.0,0.2,0.06,-0.08,-0.06,11.0,13.13,-0.01,0.0,-0.04,259.48,315.0,0.0,0.0,0.0,
1771536802695234289,78821,0.0,0.6,0.0,1.1,0.04,-0.16,-0.06,11.0,13.13,0.0,0.0,-0.02,259.65,314.0,0.0,0.0,0.0,
1771536802793528673,78920,0.0,1.1,0.004,0.5,0.04,0.16,-0.06,11.0,13.13,0.0,-0.01,-0.05,264.8,315.0,0.0,0.0,0.0,
1771536802895962055,79021,0.0,0.6,0.0,0.4,-0.08,-0.14,-0.06,11.0,13.13,0.01,0.0,-0.05,260.68,315.0,0.0,0.0,0.0,
1771536802994272532,79121,0.0,0.9,0.0,0.2,0.0,-0.06,-0.06,11.0,13.13,0.0,0.01,-0.04,264.97,311.0,0.0,0.0,0.0,
1771536803096602543,79221,0.0,0.3,0.0,0.3,-0.14,-0.02,-0.06,11.0,13.13,0.02,0.0,-0.04,260.68,316.0,0.0,0.0,0.0,
1771536803194916631,79322,0.0,1.3,0.0,0.3,-0.06,0.02,-0.06,11.0,13.13,0.0,0.02,-0.01,260.51,316.0,0.0,0.0,0.0,
1771536803297324512,79422,0.0,1.1,0.0,0.4,0.1,-0.02,-0.06,11.0,13.13,-0.02,0.01,-0.02,260.68,313.0,0.0,0.0,0.0,
1771536803395617878,79521,0.0,1.4,0.008,0.7,0.0,-0.04,-0.06,11.0,13.13,0.0,0.0,-0.01,264.8,315.0,0.0,0.0,0.0,
1771536803493882928,79622,0.0,1.4,0.0,0.0,-0.08,-0.04,-0.06,11.0,13.13,0.0,0.0,-0.03,259.48,315.0,0.0,0.0,0.0,
1771536803596362070,79722,0.0,1.2,0.0,0.3,0.08,-0.06,-0.06,11.0,13.13,0.01,-0.01,0.0,263.77,314.0,0.0,0.0,0.0,
1771536803698727395,79822,0.0,0.8,0.008,0.1,-0.18,-0.1,-0.06,11.0,13.13,0.0,-0.02,-0.03,263.77,314.0,0.0,0.0,0.0,
1771536803797013094,79923,0.0,1.1,0.0,0.3,-0.08,0.0,-0.06,11.0,13.13,0.0,0.01,-0.05,264.8,315.0,0.0,0.0,0.0,
1771536803899533402,80023,0.0,0.9,0.0,0.3,-0.1,-0.02,-0.06,11.0,13.13,0.0,0.0,-0.03,260.51,315.0,0.0,0.0,0.0,
1771536803997739230,80123,0.0,0.8,0.0,0.2,0.08,-0.02,-0.06,11.0,13.13,0.0,-0.03,-0.02,260.51,315.0,0.0,0.0,0.0,
1771536804096002818,80223,0.0,0.7,0.008,0.2,0.16,-0.18,-0.06,11.0,13.13,-0.01,0.0,-0.04,264.8,312.0,0.0,0.0,0.0,
1771536804199618056,80323,0.0,0.7,0.0,0.0,0.0,-0.06,-0.06,11.0,13.13,0.0,0.01,-0.08,263.77,312.0,0.0,0.0,0.0,
1771536804296768362,80423,0.0,0.7,0.0,0.1,0.0,-0.04,-0.06,11.0,13.13,0.01,0.0,-0.05,264.8,312.0,0.0,0.0,0.0,
1771536804399103873,80523,0.0,0.7,0.0,0.4,-0.1,-0.04,-0.06,11.0,13.13,0.01,0.0,-0.03,264.97,314.0,0.0,0.0,0.0,
1771536804497359683,80623,0.0,0.6,0.0,0.3,-0.02,0.0,-0.06,11.0,13.13,0.0,0.0,-0.05,263.77,313.0,0.0,0.0,0.0,
1771536804595621122,80723,0.0,1.0,0.0,0.1,-0.06,-0.06,-0.06,11.0,13.13,0.03,0.0,-0.05,263.77,313.0,0.0,0.0,0.0,
1771536804698049633,80823,0.0,0.5,0.0,0.3,-0.14,-0.08,-0.06,11.0,13.13,0.0,0.0,-0.01,263.77,315.0,0.0,0.0,0.0,
1771536804796309869,80923,0.0,1.0,0.0,0.3,-0.08,0.06,-0.06,11.0,13.13,-0.01,0.0,-0.05,263.77,315.0,0.0,0.0,0.0,
1771536804898734918,81024,0.0,0.7,0.0,0.2,0.0,-0.1,-0.06,11.0,13.13,0.01,0.0,-0.03,264.8,314.0,0.0,0.0,0.0,
1771536805001143207,81124,0.0,0.9,0.0,0.3,-0.14,-0.04,-0.06,11.0,13.13,0.0,0.0,-0.03,264.8,316.0,0.0,0.0,0.0,
1771536805099444609,81224,0.0,0.7,0.0,0.2,0.0,-0.12,-0.06,11.0,13.13,0.0,0.03,-0.05,263.77,316.0,0.0,0.0,0.0,
1771536805201838009,81325,0.0,1.0,0.0,0.6,0.08,-0.16,-0.06,11.0,13.13,0.0,0.0,-0.04,264.8,314.0,0.0,0.0,0.0,
1771536805300142078,81425,0.0,0.9,0.0,0.2,-0.06,-0.06,-0.06,11.0,13.13,0.01,-0.01,-0.02,260.68,312.0,0.0,0.0,0.0,
1771536805398479037,81524,0.0,0.7,0.0,0.3,-0.12,-0.02,-0.06,11.0,13.13,0.0,0.0,-0.04,264.8,312.0,0.0,0.0,0.0,
1771536805500831529,81625,0.0,0.7,0.0,0.4,-0.06,-0.02,-0.06,11.0,13.13,-0.01,0.0,-0.04,259.48,311.0,0.0,0.0,0.0,
1771536805599135043,81725,0.0,0.7,0.0,0.5,0.02,-0.04,-0.06,11.0,13.13,0.0,0.0,-0.04,263.77,313.0,0.0,0.0,0.0,
1771536805697412075,81824,0.0,0.8,0.0,0.5,-0.12,-0.16,-0.06,11.0,13.13,-0.02,0.01,-0.04,260.51,313.0,0.0,0.0,0.0,
1771536805799833253,81924,0.0,0.9,0.0,0.6,-0.14,-0.02,-0.06,11.0,13.13,-0.01,0.0,-0.04,263.77,312.0,0.0,0.0,0.0,
1771536805898140397,82024,0.0,1.0,0.0,0.3,-0.04,-0.02,-0.06,11.0,13.13,0.0,-0.01,-0.04,264.8,315.0,0.0,0.0,0.0,
1771536806000534148,82123,0.0,0.6,0.0,0.5,-0.02,-0.02,-0.06,11.0,13.13,0.02,-0.02,0.0,264.8,315.0,0.0,0.0,0.0,
1771536806098832829,82224,0.0,0.6,0.0,0.3,0.02,-0.04,-0.06,11.0,13.13,0.0,0.01,-0.01,264.8,316.0,0.0,0.0,0.0,
1771536806201234784,82324,0.0,0.9,0.0,0.3,0.06,-0.04,-0.06,11.0,13.13,0.0,0.02,-0.07,260.51,316.0,0.0,0.0,0.0,
1771536806299529428,82423,0.0,0.9,0.0,0.3,-0.02,-0.02,-0.06,11.0,13.13,0.01,0.0,-0.06,263.77,315.0,0.0,0.0,0.0,
1771536806397840553,82523,0.0,0.7,0.0,0.1,-0.02,0.04,-0.06,11.0,13.13,0.0,-0.01,-0.05,263.77,312.0,0.0,0.0,0.0,
1771536806500227360,82623,0.0,0.6,0.0,0.5,-0.06,-0.12,-0.06,11.0,13.13,0.01,0.0,-0.04,268.05,312.0,0.0,0.0,0.0,
1771536806598528967,82723,0.0,1.0,0.0,0.0,-0.12,-0.14,-0.06,11.0,13.13,-0.01,0.0,-0.06,269.08,317.0,0.0,0.0,0.0,
1771536806696826962,82822,0.0,1.0,0.0,0.6,0.02,0.0,-0.06,11.0,13.13,-0.01,-0.01,-0.05,264.8,313.0,0.0,0.0,0.0,
1771536806799227565,82922,0.0,1.0,0.012,0.2,-0.02,-0.08,-0.06,11.0,13.13,0.0,0.0,-0.03,268.05,313.0,0.0,0.0,0.0,
1771536806897535727,83022,0.0,0.7,0.0,0.1,-0.08,-0.04,-0.06,11.0,13.13,0.02,0.0,-0.05,263.77,315.0,0.0,0.0,0.0,
1771536806995820111,83121,0.0,0.7,0.0,0.3,-0.08,0.06,-0.06,11.0,13.13,0.03,-0.01,-0.03,269.08,315.0,0.0,0.0,0.0,
1771536807094096458,83220,0.0,0.8,0.0,0.4,0.16,-0.1,-0.06,11.0,13.13,0.0,0.01,-0.05,263.94,316.0,0.0,0.0,0.0,
1771536807196524840,83319,0.0,0.9,0.0,0.5,0.06,-0.06,-0.06,11.0,13.13,0.02,0.0,-0.04,264.97,312.0,0.0,0.0,0.0,
1771536807294847002,83419,0.0,0.9,0.0,0.3,0.06,-0.16,-0.06,11.0,13.13,0.0,0.0,-0.03,268.05,312.0,0.0,0.0,0.0,
1771536807397219198,83519,0.0,0.7,0.0,0.2,-0.12,-0.06,-0.06,11.0,13.13,0.0,0.0,-0.04,269.08,315.0,0.0,0.0,0.0,
1771536807495519268,83619,0.0,0.9,0.0,0.3,-0.02,0.0,-0.06,11.0,13.13,0.0,0.0,-0.06,264.8,318.0,0.0,0.0,0.0,
1771536807593782948,83719,0.0,1.0,0.0,0.4,0.02,0.06,-0.06,11.0,13.13,0.02,0.02,-0.04,264.8,318.0,0.0,0.0,0.0,
1771536807696213015,83819,0.0,0.9,0.0,0.2,-0.06,-0.06,-0.06,11.0,13.13,0.0,0.0,-0.01,263.77,313.0,0.0,0.0,0.0,
1771536807794525306,83919,0.0,0.8,0.0,0.2,-0.04,-0.1,-0.06,11.0,13.13,0.0,0.01,-0.01,263.77,311.0,0.0,0.0,0.0,
1771536807896934577,84019,0.0,0.7,0.0,0.2,0.0,0.04,-0.06,11.0,13.13,0.01,-0.01,-0.03,263.77,311.0,0.0,0.0,0.0,
1771536807995220016,84119,0.0,0.9,0.0,0.2,0.1,0.02,-0.06,11.0,13.13,-0.01,-0.01,-0.01,264.8,311.0,0.0,0.0,0.0,
1771536808097607028,84219,0.0,0.0,0.0,1.3,-0.18,0.1,-0.06,11.0,13.13,0.01,0.02,-0.01,264.8,312.0,0.0,0.0,0.0,
1771536808195981690,84319,0.0,1.2,0.0,0.5,0.0,-0.1,-0.06,11.0,13.13,0.0,0.02,-0.04,263.77,312.0,0.0,0.0,0.0,
1771536808294185129,84419,0.0,1.2,0.0,0.1,-0.08,-0.1,-0.06,11.0,13.13,0.01,-0.01,-0.03,263.77,315.0,0.0,0.0,0.0,
1771536808396617492,84519,0.0,1.3,0.0,0.3,0.06,0.1,-0.06,11.0,13.13,0.0,0.0,-0.04,264.8,315.0,0.0,0.0,0.0,
1771536808494908969,84619,0.0,1.2,0.0,0.5,-0.08,-0.02,-0.06,11.0,13.13,-0.01,0.01,-0.04,264.8,312.0,0.0,0.0,0.0,
1771536808597316184,84719,0.0,1.2,0.0,0.3,-0.02,-0.06,-0.06,11.0,13.13,0.0,0.0,-0.05,263.94,311.0,0.0,0.0,0.0,
1771536808695611883,84819,0.0,1.3,0.0,0.5,0.04,-0.06,-0.06,11.0,13.13,0.01,0.03,-0.02,263.77,311.0,0.0,0.0,0.0,
1771536808798068468,84920,0.0,1.3,0.0,0.3,-0.02,0.06,-0.06,11.0,13.13,0.0,0.02,-0.04,264.8,312.0,0.0,0.0,0.0,
1771536808896303167,85019,0.0,1.5,0.0,0.6,-0.08,-0.12,-0.06,11.0,13.13,0.0,-0.01,-0.03,264.97,313.0,0.0,0.0,0.0,
1771536808994615532,85118,0.0,1.2,0.0,0.2,-0.25,-0.2,-0.06,11.0,13.13,0.0,0.02,-0.03,263.77,313.0,0.0,0.0,0.0,
1771536809097093748,85218,0.0,0.3,0.0,0.5,-0.06,-0.1,-0.06,11.0,13.13,-0.01,0.0,-0.02,264.8,314.0,0.0,0.0,0.0,
1771536809195375872,85317,0.0,0.7,0.0,0.2,-0.16,-0.04,-0.06,11.0,13.13,0.0,0.0,-0.02,264.8,314.0,0.0,0.0,0.0,
1771536809293639386,85417,0.0,0.6,0.0,0.2,0.08,0.06,-0.06,11.0,13.13,0.0,0.0,-0.04,268.05,314.0,0.0,0.0,0.0,
1771536809396084416,85517,0.0,1.0,0.0,0.2,0.12,-0.08,-0.06,11.0,13.13,0.0,0.0,-0.05,267.88,314.0,0.0,0.0,0.0,
1771536809494376411,85617,0.0,1.0,0.0,0.5,-0.06,-0.04,-0.06,11.0,13.13,0.0,0.0,-0.01,269.08,314.0,0.0,0.0,0.0,
1771536809596770330,85718,0.0,0.9,0.0,0.0,-0.06,-0.08,-0.06,11.0,13.13,0.0,-0.02,-0.03,263.77,315.0,0.0,0.0,0.0,
1771536809695069917,85818,0.0,0.9,0.0,0.3,-0.04,-0.08,-0.06,11.0,13.13,0.01,0.0,-0.02,263.77,316.0,0.0,0.0,0.0,
1771536809797458429,85918,0.0,0.7,0.004,0.1,-0.02,-0.04,-0.06,11.0,13.13,0.01,0.0,-0.06,264.97,316.0,0.0,0.0,0.0,
1771536809895762813,86019,0.0,1.0,0.0,0.5,0.04,-0.02,-0.06,11.0,13.13,0.0,-0.01,-0.02,263.77,311.0,0.0,0.0,0.0,
1771536809998167602,86119,0.0,0.7,0.0,0.3,-0.04,-0.08,-0.06,11.0,13.13,0.0,0.0,-0.05,264.8,315.0,0.0,0.0,0.0,
1771536810096466227,86219,0.0,0.7,0.0,0.3,-0.06,0.08,-0.06,11.0,13.13,0.0,0.01,-0.03,264.8,315.0,0.0,0.0,0.0,
1771536810198824145,86320,0.0,0.7,0.0,0.2,0.12,-0.12,-0.06,11.0,13.13,0.0,0.0,-0.02,264.8,313.0,0.0,0.0,0.0,
1771536810297190215,86420,0.0,0.7,0.0,0.4,0.04,0.02,-0.06,11.0,13.13,0.02,0.0,-0.02,263.77,315.0,0.0,0.0,0.0,
1771536810399557318,86520,0.0,1.1,0.0,0.1,0.0,-0.06,-0.06,11.0,13.13,0.01,-0.01,-0.04,264.8,315.0,0.0,0.0,0.0,
1771536810497870147,86620,0.0,0.7,0.0,0.4,-0.04,0.02,-0.06,11.0,13.13,-0.01,0.0,-0.03,264.8,312.0,0.0,0.0,0.0,
1771536810600267677,86720,0.0,1.1,0.0,0.2,-0.08,-0.08,-0.06,11.0,13.13,0.0,0.01,-0.04,263.6,312.0,0.0,0.0,0.0,
1771536810698557468,86820,0.0,0.9,0.0,0.5,0.02,0.14,-0.06,11.0,13.13,0.0,0.01,-0.03,264.8,312.0,0.0,0.0,0.0,
1771536810796857260,86920,0.0,0.7,0.0,0.5,0.08,-0.16,-0.06,11.0,13.13,0.0,0.03,-0.04,259.48,311.0,0.0,0.0,0.0,
1771536810899256734,87019,0.0,1.0,0.0,0.6,0.06,0.06,-0.06,11.0,13.13,0.01,0.02,-0.06,264.8,311.0,0.0,0.0,0.0,
1771536810997549988,87119,0.0,0.9,0.0,0.5,-0.06,-0.02,-0.06,11.0,13.13,0.0,-0.02,-0.04,264.8,314.0,0.0,0.0,0.0,
1771536811099935944,87219,0.0,0.9,0.0,0.2,0.0,-0.14,-0.06,11.0,13.13,0.0,0.0,-0.04,263.77,312.0,0.0,0.0,0.0,
1771536811198222161,87319,0.0,0.6,0.004,0.2,0.02,-0.14,-0.06,11.0,13.13,0.0,0.01,-0.04,263.77,312.0,0.0,0.0,0.0,
1771536811296548323,87419,0.0,0.7,0.0,0.2,0.12,-0.08,-0.06,11.0,13.13,0.0,0.01,-0.02,263.77,313.0,0.0,0.0,0.0,
1771536811394826948,87518,0.0,0.7,0.0,0.2,-0.14,0.0,-0.06,11.0,13.13,0.0,0.0,-0.03,263.94,313.0,0.0,0.0,0.0,
1771536811497271385,87618,0.0,0.9,0.0,0.3,-0.02,-0.04,-0.06,11.0,13.13,-0.01,0.01,-0.05,263.77,313.0,0.0,0.0,0.0,
1771536811595550380,87718,0.0,0.9,0.0,0.3,0.02,-0.1,-0.06,11.0,13.13,0.0,0.02,-0.04,263.77,315.0,0.0,0.0,0.0,
1771536811697956558,87818,0.0,0.7,0.0,0.3,0.08,0.08,-0.06,11.0,13.13,0.02,0.0,-0.02,263.77,315.0,0.0,0.0,0.0,
1771536811796220961,87918,0.0,0.7,0.0,0.3,-0.02,0.02,-0.06,11.0,13.13,0.0,0.0,-0.05,264.8,316.0,0.0,0.0,0.0,
1771536811898645490,88018,0.0,0.5,0.0,0.2,0.0,0.04,-0.06,11.0,13.13,0.0,0.01,-0.05,263.77,314.0,0.0,0.0,0.0,
1771536811996948208,88118,0.0,1.1,0.0,0.1,-0.18,0.06,-0.06,11.0,13.13,0.0,0.0,-0.03,264.8,314.0,0.0,0.0,0.0,
1771536812095255055,88217,0.0,1.0,0.0,0.3,-0.08,-0.08,-0.06,11.0,13.13,-0.01,0.0,-0.04,264.8,312.0,0.0,0.0,0.0,
1771536812197620862,88317,0.0,1.1,0.0,0.3,-0.16,-0.18,-0.06,11.0,13.13,0.0,0.0,-0.03,263.77,316.0,0.0,0.0,0.0,
1771536812295918098,88416,0.0,1.0,0.0,0.0,-0.12,0.0,-0.06,11.0,13.13,0.01,0.0,-0.02,264.97,316.0,0.0,0.0,0.0,
1771536812394249538,88515,0.0,1.1,0.0,0.5,-0.06,-0.06,-0.06,11.0,13.13,-0.01,-0.02,-0.01,264.8,315.0,0.0,0.0,0.0,
1771536812492545904,88615,0.0,0.7,0.0,0.5,0.12,-0.18,-0.06,11.0,13.13,0.0,-0.01,-0.04,263.77,311.0,0.0,0.0,0.0,
1771536812594945563,88715,0.0,0.8,0.0,0.3,0.0,-0.02,-0.06,11.0,13.13,0.0,0.01,-0.04,264.97,311.0,0.0,0.0,0.0,
1771536812697338111,88815,0.0,0.9,0.0,0.3,-0.14,-0.06,-0.06,11.0,13.13,0.0,0.02,-0.06,263.77,313.0,0.0,0.0,0.0,
1771536812795636292,88915,0.0,0.8,0.0,0.5,-0.08,-0.04,-0.06,11.0,13.13,0.0,0.0,-0.02,263.77,314.0,0.0,0.0,0.0,
1771536812893949842,89015,0.0,0.9,0.0,0.5,-0.14,0.04,-0.06,11.0,13.13,0.0,0.0,-0.04,264.8,314.0,0.0,0.0,0.0,
1771536812996338502,89115,0.0,0.9,0.0,0.1,0.04,-0.1,-0.06,11.0,13.13,0.0,0.0,-0.04,263.77,312.0,0.0,0.0,0.0,
1771536813094674664,89216,0.0,0.9,0.0,0.3,0.02,-0.08,-0.06,11.0,13.13,-0.02,0.0,-0.03,264.8,312.0,0.0,0.0,0.0,
1771536813197027249,89316,0.0,1.0,0.0,0.6,-0.02,0.06,-0.06,11.0,13.13,0.01,0.02,-0.03,259.48,314.0,0.0,0.0,0.0,
1771536813295336485,89416,0.0,0.9,0.0,0.2,-0.08,-0.06,-0.06,11.0,13.13,0.0,0.0,-0.04,263.77,312.0,0.0,0.0,0.0,
1771536813397715200,89517,0.0,0.9,0.0,0.3,-0.1,-0.06,-0.06,11.0,13.13,0.01,0.01,-0.05,264.8,312.0,0.0,0.0,0.0,
1771536813496035454,89616,0.0,0.9,0.0,0.2,0.06,0.02,-0.06,11.0,13.13,0.0,0.01,-0.07,264.8,315.0,0.0,0.0,0.0,
1771536813598438114,89716,0.0,0.7,0.0,0.6,-0.08,0.1,-0.06,11.0,13.13,0.0,0.02,-0.03,264.8,312.0,0.0,0.0,0.0,
1771536813696742831,89817,0.0,0.8,0.0,0.7,-0.12,-0.08,-0.06,11.0,13.13,0.0,0.01,-0.05,263.77,312.0,0.0,0.0,0.0,
1771536813799133768,89917,0.0,0.9,0.0,0.2,0.02,0.0,-0.06,11.0,13.13,0.02,0.01,-0.07,263.77,312.0,0.0,0.0,0.0,
1771536813897438467,90017,0.0,0.9,0.0,0.5,-0.08,0.04,-0.06,11.0,13.13,0.0,-0.01,-0.06,264.8,312.0,0.0,0.0,0.0,
1771536813999809460,90118,0.0,1.0,0.0,0.1,-0.08,-0.04,-0.06,11.0,13.13,0.0,-0.01,-0.02,264.8,311.0,0.0,0.0,0.0,
1771536814098150807,90218,0.0,1.0,0.0,0.3,0.04,-0.02,-0.06,11.0,13.13,0.0,0.01,-0.05,263.94,313.0,0.0,0.0,0.0,
1771536814200521003,90318,0.0,0.9,0.0,0.2,-0.04,0.06,-0.06,11.0,13.13,0.0,0.01,-0.03,259.48,313.0,0.0,0.0,0.0,
1771536814298831424,90419,0.0,0.7,0.0,0.5,-0.02,-0.12,-0.06,11.0,13.13,0.0,0.01,-0.05,264.8,313.0,0.0,0.0,0.0,
1771536814397090790,90518,0.0,0.7,0.0,0.2,0.04,-0.2,-0.06,11.0,13.13,0.0,0.0,-0.04,264.8,311.0,0.0,0.0,0.0,
1771536814499531801,90618,0.0,0.7,0.0,0.5,-0.12,-0.12,-0.06,11.0,13.13,0.0,0.0,0.0,264.8,311.0,0.0,0.0,0.0,
1771536814601907831,90719,0.0,0.2,0.0,1.7,-0.04,-0.04,-0.06,11.0,13.13,0.0,0.0,-0.04,264.8,312.0,0.0,0.0,0.0,
1771536814700220789,90819,0.0,1.3,0.0,0.4,-0.02,-0.08,-0.06,11.0,13.13,0.0,0.0,-0.04,263.6,316.0,0.0,0.0,0.0,
1771536814808555434,90919,0.0,1.1,0.0,0.3,-0.08,-0.08,-0.06,11.0,13.13,0.0,0.0,-0.04,263.77,316.0,0.0,0.0,0.0,
1771536814900922703,91020,0.0,1.2,0.0,0.2,0.0,-0.18,-0.06,11.0,13.13,0.0,-0.02,-0.06,264.97,313.0,0.0,0.0,0.0,
1771536815003316881,91120,0.0,1.2,0.0,0.3,-0.12,-0.04,-0.06,11.0,13.13,0.0,-0.01,-0.04,264.8,317.0,0.0,0.0,0.0,
1771536815101635024,91220,0.0,1.4,0.0,0.1,-0.02,0.18,-0.06,11.0,13.13,0.0,0.0,-0.04,263.94,317.0,0.0,0.0,0.0,
1771536815199927760,91320,0.0,1.1,0.0,0.5,0.04,-0.06,-0.06,11.0,13.13,0.0,0.01,-0.02,263.77,313.0,0.0,0.0,0.0,
1771536815302309197,91420,0.0,1.3,0.0,0.3,0.14,0.08,-0.06,11.0,13.13,0.0,0.0,-0.03,263.77,313.0,0.0,0.0,0.0,
1771536815400590674,91521,0.0,1.1,0.0,0.5,0.06,0.04,-0.06,11.0,13.13,0.01,0.0,-0.02,264.8,316.0,0.0,0.0,0.0,
1771536815503011166,91621,0.0,1.3,0.0,0.0,-0.04,-0.04,-0.06,11.0,13.13,0.0,-0.01,-0.04,264.8,311.0,0.0,0.0,0.0,
1771536815601301625,91721,0.0,0.9,0.0,0.5,-0.02,-0.1,-0.06,11.0,13.13,0.0,0.02,-0.03,263.77,311.0,0.0,0.0,0.0,
1771536815703705377,91822,0.0,0.9,0.0,0.2,-0.12,0.08,-0.06,11.0,13.13,0.01,0.01,-0.06,264.8,311.0,0.0,0.0,0.0,
1771536815802001427,91922,0.0,0.9,0.0,0.4,-0.04,-0.04,-0.06,11.0,13.13,0.0,0.0,-0.04,263.77,313.0,0.0,0.0,0.0,
1771536815904396753,92021,0.0,0.2,0.0,0.3,-0.04,0.02,-0.06,11.0,13.13,0.0,-0.01,-0.06,264.8,313.0,0.0,0.0,0.0,
1771536816002706767,92121,0.0,1.4,0.0,0.5,-0.1,0.06,-0.06,11.0,13.13,0.0,0.0,-0.02,263.77,312.0,0.0,0.0,0.0,
1771536816105127315,92221,0.0,1.5,0.0,0.3,0.04,-0.04,-0.06,11.0,13.13,-0.01,-0.01,-0.02,263.77,312.0,0.0,0.0,0.0,
1771536816203371736,92321,0.0,1.3,0.0,0.3,0.0,-0.02,-0.06,11.0,13.13,0.01,0.0,-0.04,263.77,312.0,0.0,0.0,0.0,
1771536816301666732,92422,0.0,1.2,0.0,0.4,-0.04,-0.16,-0.06,11.0,13.13,-0.01,-0.01,-0.03,263.77,313.0,0.0,0.0,0.0,
1771536816404100613,92522,0.0,1.2,0.0,0.3,-0.18,0.0,-0.06,11.0,13.13,0.0,0.0,-0.07,264.8,313.0,0.0,0.0,0.0,
1771536816502388534,92622,0.0,1.4,0.0,0.4,0.06,-0.02,-0.06,11.0,13.13,0.0,-0.01,-0.07,260.68,312.0,0.0,0.0,0.0,
1771536816604797527,92722,0.0,1.3,0.0,0.2,0.2,-0.04,-0.06,11.0,13.13,0.01,0.0,-0.04,263.77,313.0,0.0,0.0,0.0,
1771536816703102652,92822,0.0,1.1,0.0,0.3,-0.04,-0.1,-0.06,11.0,13.13,0.0,0.0,-0.04,263.6,313.0,0.0,0.0,0.0,
1771536816805494348,92922,0.0,1.3,0.0,0.5,-0.12,-0.08,-0.06,11.0,13.13,0.0,-0.03,-0.06,263.77,310.0,0.0,0.0,0.0,
1771536816903798936,93022,0.0,1.3,0.0,0.3,0.06,-0.16,-0.06,11.0,13.13,0.01,0.0,-0.02,260.51,312.0,0.0,0.0,0.0,
1771536817006189225,93122,0.0,1.5,0.0,0.6,0.0,0.02,-0.06,11.0,13.13,0.01,0.0,-0.05,263.77,312.0,0.0,0.0,0.0,
1771536817104469924,93222,0.0,1.4,0.0,0.3,0.12,0.06,-0.06,11.0,13.13,0.0,0.02,-0.05,263.77,310.0,0.0,0.0,0.0,
1771536817202771975,93322,0.0,1.1,0.0,0.3,-0.16,0.02,-0.06,11.0,13.13,0.01,0.01,-0.06,259.48,313.0,0.0,0.0,0.0,
1771536817305194653,93421,0.0,1.1,0.0,0.3,0.02,-0.04,-0.06,11.0,13.13,0.0,0.02,-0.06,264.8,313.0,0.0,0.0,0.0,
1771536817403491555,93520,0.0,1.2,0.0,0.3,0.06,0.02,-0.06,11.0,13.13,0.0,0.0,-0.07,264.8,312.0,0.0,0.0,0.0,
1771536817501805088,93620,0.0,1.3,0.0,0.6,0.02,0.06,-0.06,11.0,13.13,0.02,0.0,-0.06,262.57,313.0,0.0,0.0,0.0,
1771536817604194025,93720,0.0,1.4,0.0,0.4,0.0,-0.04,-0.06,11.0,13.13,0.0,0.02,-0.07,263.77,313.0,0.0,0.0,0.0,
1771536817702488242,93820,0.0,1.2,0.0,0.2,-0.04,-0.08,-0.06,11.0,13.13,0.0,0.0,-0.06,263.77,313.0,0.0,0.0,0.0,
1771536817800750126,93920,0.0,1.4,0.0,0.4,0.08,0.02,-0.06,11.0,13.13,0.01,0.01,-0.05,263.77,313.0,0.0,0.0,0.0,
1771536817903193415,94020,0.0,1.1,0.0,0.2,-0.1,-0.04,-0.06,11.0,13.13,0.01,0.01,-0.04,264.97,314.0,0.0,0.0,0.0,
1771536818001506225,94120,0.0,1.3,0.0,0.6,0.04,0.04,-0.06,11.0,13.13,0.02,0.0,-0.03,263.77,312.0,0.0,0.0,0.0,
1771536818103915551,94219,0.0,1.1,0.0,0.2,-0.06,-0.08,-0.06,11.0,13.13,-0.01,0.01,-0.04,264.8,312.0,0.0,0.0,0.0,
1771536818202194417,94319,0.0,1.2,0.0,0.4,0.12,0.04,-0.06,11.0,13.13,0.0,0.01,-0.03,263.6,312.0,0.0,0.0,0.0,
1771536818300444356,94419,0.0,1.2,0.0,0.1,-0.04,-0.12,-0.06,11.0,13.13,-0.02,0.0,-0.01,264.8,313.0,0.0,0.0,0.0,
1771536818402884682,94519,0.0,1.2,0.0,0.2,-0.02,-0.21,-0.06,11.0,13.13,0.01,0.01,0.0,263.77,313.0,0.0,0.0,0.0,
1771536818501238437,94618,0.0,1.2,0.0,0.5,0.02,-0.12,-0.06,11.0,13.13,0.01,0.0,-0.03,264.8,317.0,0.0,0.0,0.0,
1771536818599449599,94718,0.0,0.2,0.0,1.1,-0.1,-0.02,-0.06,11.0,13.13,0.0,0.02,-0.01,263.77,317.0,0.0,0.0,0.0,
1771536818701882425,94818,0.0,0.9,0.0,0.2,0.0,-0.25,-0.06,11.0,13.13,0.0,0.03,-0.05,263.77,314.0,0.0,0.0,0.0,
1771536818800185716,94917,0.0,0.9,0.0,0.3,-0.1,-0.08,-0.06,11.0,13.13,0.0,0.0,-0.05,264.8,313.0,0.0,0.0,0.0,
1771536818902644154,95017,0.0,0.7,0.0,0.5,-0.06,-0.02,-0.06,11.0,13.13,0.0,0.0,-0.04,264.8,313.0,0.0,0.0,0.0,
1771536819000887574,95118,0.0,1.3,0.0,0.3,-0.02,-0.08,-0.06,11.0,13.13,0.0,0.02,-0.05,264.8,312.0,0.0,0.0,0.0,
1771536819103305938,95218,0.0,1.4,0.0,1.0,-0.08,-0.06,-0.06,11.0,13.13,0.0,0.02,-0.04,264.8,313.0,0.0,0.0,0.0,
1771536819201597211,95319,0.0,0.7,0.0,0.2,-0.04,-0.02,-0.06,11.0,13.13,0.0,0.01,-0.03,264.8,313.0,0.0,0.0,0.0,
1771536819303971092,95419,0.0,0.7,0.0,0.3,0.0,-0.02,-0.06,11.0,13.13,-0.01,0.02,-0.02,263.77,312.0,0.0,0.0,0.0,
1771536819402275476,95518,0.0,0.9,0.0,0.5,-0.2,-0.1,-0.06,11.0,13.13,-0.01,-0.01,-0.01,264.8,315.0,0.0,0.0,0.0,
1771536819504727580,95619,0.0,0.7,0.0,0.3,-0.02,-0.2,-0.06,11.0,13.13,-0.01,-0.01,-0.04,264.8,315.0,0.0,0.0,0.0,
1771536819602978612,95719,0.0,0.7,0.0,0.2,-0.04,-0.08,-0.06,11.0,13.13,0.0,0.0,-0.01,264.8,314.0,0.0,0.0,0.0,
1771536819705367957,95819,0.0,0.7,0.0,0.4,-0.02,-0.02,-0.06,11.0,13.13,0.01,0.02,-0.01,264.8,313.0,0.0,0.0,0.0,
1771536819803684230,95920,0.0,0.7,0.0,0.5,-0.06,0.0,-0.06,11.0,13.13,0.02,0.01,-0.01,264.8,313.0,0.0,0.0,0.0,
1771536819906070760,96020,0.0,0.7,0.0,0.2,0.0,-0.06,-0.06,11.0,13.13,0.0,0.0,-0.03,264.8,311.0,0.0,0.0,0.0,
1771536820004375033,96120,0.0,1.0,0.0,0.1,0.08,-0.06,-0.06,11.0,13.13,0.0,0.01,-0.03,264.8,311.0,0.0,0.0,0.0,
1771536820106813933,96221,0.0,0.9,0.0,1.8,-0.06,0.08,-0.06,11.0,13.13,0.0,0.03,-0.04,263.77,314.0,0.0,0.0,0.0,
1771536820205055650,96321,0.0,1.4,0.0,0.3,0.06,0.08,-0.06,11.0,13.13,0.0,0.02,-0.04,264.8,313.0,0.0,0.0,0.0,
1771536820307474087,96421,0.0,1.2,0.0,0.6,-0.16,-0.04,-0.06,11.0,13.13,0.0,0.02,-0.03,263.77,313.0,0.0,0.0,0.0,
1771536820405766860,96522,0.0,1.4,0.0,0.4,-0.06,-0.1,-0.06,11.0,13.13,0.0,0.0,-0.04,264.8,312.0,0.0,0.0,0.0,
1771536820508159501,96621,0.0,1.1,0.0,0.5,-0.02,-0.04,-0.06,11.0,13.13,0.0,0.0,-0.04,264.8,310.0,0.0,0.0,0.0,
1771536820606463367,96721,0.0,1.1,0.0,0.5,0.08,-0.1,-0.06,11.0,13.13,0.01,0.0,-0.04,263.77,310.0,0.0,0.0,0.0,
1771536820704728343,96822,0.0,1.2,0.0,0.0,0.04,0.08,-0.06,11.0,13.13,0.0,0.0,-0.02,263.77,312.0,0.0,0.0,0.0,
1771536820807156873,96922,0.0,1.5,0.0,0.5,0.06,-0.12,-0.06,11.0,13.13,0.01,-0.01,-0.02,264.8,311.0,0.0,0.0,0.0,
1771536820905469850,97021,0.0,1.3,0.0,0.2,-0.2,-0.18,-0.06,11.0,13.13,0.01,0.0,-0.02,264.8,311.0,0.0,0.0,0.0,
1771536821013818310,97121,0.0,1.2,0.0,0.2,0.06,-0.12,-0.06,11.0,13.13,0.0,0.0,-0.01,259.48,316.0,0.0,0.0,0.0,
1771536821106170449,97221,0.0,1.4,0.0,0.2,-0.08,0.06,-0.06,11.0,13.13,0.01,0.0,-0.02,264.62,316.0,0.0,0.0,0.0,
1771536821204432722,97320,0.0,1.4,0.0,0.2,-0.06,-0.1,-0.06,11.0,13.13,0.0,0.01,-0.04,264.8,312.0,0.0,0.0,0.0,
1771536821306853603,97420,0.0,1.3,0.0,0.5,0.0,0.0,-0.06,11.0,13.13,0.0,0.0,-0.05,263.77,316.0,0.0,0.0,0.0,
1771536821405194413,97520,0.0,1.2,0.0,0.2,0.08,0.04,-0.06,11.0,13.13,0.0,0.03,-0.05,263.77,316.0,0.0,0.0,0.0,
1771536821503429038,97620,0.0,1.2,0.0,0.1,-0.02,0.0,-0.06,11.0,13.13,0.0,0.0,-0.04,268.05,312.0,0.0,0.0,0.0,
1771536821605848086,97720,0.0,1.3,0.0,0.1,0.06,-0.14,-0.06,11.0,13.13,0.01,0.01,-0.03,263.77,313.0,0.0,0.0,0.0,
1771536821704164563,97819,0.0,1.1,0.0,0.5,-0.02,0.1,-0.06,11.0,13.13,0.02,0.0,-0.01,264.8,313.0,0.0,0.0,0.0,
1771536821806551370,97920,0.0,1.0,0.0,0.5,0.14,-0.16,-0.06,11.0,13.13,0.01,-0.02,-0.04,264.8,312.0,0.0,0.0,0.0,
1771536821904859792,98020,0.0,1.4,0.0,0.3,0.1,0.0,-0.06,11.0,13.13,0.01,0.0,-0.03,264.8,314.0,0.0,0.0,0.0,
1771536822007255118,98120,0.0,1.4,0.0,0.2,-0.06,-0.12,-0.06,11.0,13.13,0.0,0.0,-0.03,263.6,314.0,0.0,0.0,0.0,
1771536822105553279,98221,0.0,1.3,0.0,0.2,-0.08,0.0,-0.06,11.0,13.13,0.01,0.0,-0.03,263.77,313.0,0.0,0.0,0.0,
1771536822207939494,98321,0.0,1.1,0.0,0.3,0.12,0.02,-0.06,11.0,13.13,0.0,0.0,-0.06,262.74,315.0,0.0,0.0,0.0,
1771536822306255508,98421,0.0,1.3,0.0,0.2,-0.08,-0.02,-0.06,11.0,13.13,0.0,0.0,-0.01,264.97,315.0,0.0,0.0,0.0,
1771536822408648001,98521,0.0,1.3,0.0,0.6,-0.2,0.02,-0.06,11.0,13.13,0.0,-0.01,0.0,263.77,312.0,0.0,0.0,0.0,
1771536822506955552,98621,0.0,1.3,0.0,0.7,0.02,0.02,-0.06,11.0,13.13,0.0,0.01,-0.04,264.8,312.0,0.0,0.0,0.0,
1771536822605200973,98721,0.0,1.3,0.0,0.3,-0.02,-0.02,-0.06,11.0,13.13,0.0,0.01,-0.04,263.77,313.0,0.0,0.0,0.0,
1771536822707637521,98821,0.0,1.3,0.0,0.6,0.0,-0.14,-0.06,11.0,13.13,0.0,0.0,-0.02,264.97,313.0,0.0,0.0,0.0,
1771536822805952498,98921,0.0,1.2,0.0,0.6,-0.06,-0.12,-0.06,11.0,13.13,-0.01,0.03,-0.04,263.6,313.0,0.0,0.0,0.0,
1771536822904231826,99020,0.0,1.3,0.0,0.5,-0.02,-0.12,-0.06,11.0,13.13,0.0,-0.01,-0.02,264.8,317.0,0.0,0.0,0.0,
1771536823006647560,99120,0.0,0.2,0.0,1.2,-0.04,-0.02,-0.06,11.0,13.13,0.0,0.0,-0.03,263.6,313.0,0.0,0.0,0.0,
1771536823104908629,99220,0.0,0.9,0.0,0.3,0.02,0.0,-0.06,11.0,13.13,0.02,0.02,-0.05,264.8,313.0,0.0,0.0,0.0,
1771536823207304862,99320,0.0,1.0,0.0,0.2,0.08,-0.08,-0.06,11.0,13.13,0.0,0.02,-0.04,263.77,313.0,0.0,0.0,0.0,
1771536823305636487,99420,0.0,0.6,0.0,0.3,0.02,-0.06,-0.06,11.0,13.13,0.0,-0.01,-0.04,264.8,313.0,0.0,0.0,0.0,
1771536823403935519,99519,0.0,0.7,0.0,0.3,-0.04,-0.12,-0.06,11.0,13.13,-0.01,0.0,-0.04,263.77,312.0,0.0,0.0,0.0,
1771536823506332679,99619,0.0,0.7,0.0,0.2,-0.12,-0.04,-0.06,11.0,13.13,0.02,0.0,-0.04,264.8,310.0,0.0,0.0,0.0,
1771536823604620341,99720,0.0,1.1,0.0,0.3,0.06,-0.02,-0.06,11.0,13.13,0.0,0.02,-0.02,263.77,310.0,0.0,0.0,0.0,
1771536823707042648,99820,0.0,0.7,0.0,0.6,0.08,0.04,-0.06,11.0,13.13,0.0,0.01,-0.05,264.8,313.0,0.0,0.0,0.0,
1771536823805372532,99920,0.0,0.8,0.0,0.3,-0.08,0.0,-0.06,11.0,13.13,0.0,0.0,-0.03,263.6,311.0,0.0,0.0,0.0,
1771536823907746840,100020,0.0,0.7,0.0,0.3,-0.04,-0.14,-0.06,11.0,13.13,0.01,0.01,-0.07,264.8,311.0,0.0,0.0,0.0,
1771536824006026761,100120,0.0,1.1,0.0,0.4,0.04,-0.08,-0.06,11.0,13.13,0.0,0.01,-0.04,264.8,311.0,0.0,0.0,0.0,
1771536824104297478,100220,0.0,0.7,0.004,0.2,-0.04,-0.16,-0.06,11.0,13.13,-0.01,0.0,-0.04,263.77,312.0,0.0,0.0,0.0,
1771536824206725526,100320,0.0,1.1,0.0,0.1,-0.16,0.02,-0.06,11.0,13.13,0.01,0.01,-0.07,264.8,312.0,0.0,0.0,0.0,
1771536824305033688,100419,0.0,1.0,0.0,0.1,-0.1,-0.08,-0.06,11.0,13.13,0.0,0.0,-0.06,264.8,312.0,0.0,0.0,0.0,
1771536824413390001,100519,0.0,0.6,0.0,0.2,0.0,-0.14,-0.06,11.0,13.13,0.03,0.0,-0.07,263.77,313.0,0.0,0.0,0.0,
1771536824505735750,100619,0.0,0.9,0.0,0.3,0.02,-0.02,-0.06,11.0,13.13,0.0,0.0,-0.04,264.8,313.0,0.0,0.0,0.0,
1771536824604018820,100718,0.0,0.8,0.0,0.5,-0.04,-0.02,-0.06,11.0,13.13,0.0,0.0,-0.04,263.77,312.0,0.0,0.0,0.0,
1771536824706504720,100818,0.0,0.8,0.0,0.2,0.0,-0.12,-0.06,11.0,13.13,0.0,0.0,-0.01,263.77,312.0,0.0,0.0,0.0,
1771536824804735900,100918,0.0,0.9,0.0,0.5,-0.1,-0.08,-0.06,11.0,13.13,0.0,0.0,-0.04,264.8,314.0,0.0,0.0,0.0,
1771536824907145430,101018,0.0,0.9,0.0,0.3,-0.06,0.0,-0.06,11.0,13.13,0.01,0.0,-0.04,263.77,313.0,0.0,0.0,0.0,
1771536825005436018,101118,0.0,0.7,0.0,0.2,-0.04,0.0,-0.06,11.0,13.13,-0.01,0.0,-0.04,263.6,313.0,0.0,0.0,0.0,
1771536825103676531,101218,0.0,1.0,0.0,0.6,-0.06,0.0,-0.06,11.0,13.13,0.0,0.02,-0.05,263.77,315.0,0.0,0.0,0.0,
1771536825206116098,101318,0.0,0.9,0.0,0.5,-0.02,0.0,-0.06,11.0,13.13,0.0,-0.01,-0.03,263.6,311.0,0.0,0.0,0.0,
1771536825308509369,101419,0.0,0.5,0.0,1.8,-0.06,-0.02,-0.06,11.0,13.13,0.0,0.0,-0.04,263.6,311.0,0.0,0.0,0.0,
1771536825406839642,101519,0.0,1.2,0.0,0.1,-0.04,0.02,-0.06,11.0,13.13,-0.01,0.0,-0.06,264.62,312.0,0.0,0.0,0.0,
1771536825509257505,101619,0.0,1.3,0.0,0.5,0.06,0.08,-0.06,11.0,13.13,0.01,0.0,-0.06,264.8,310.0,0.0,0.0,0.0,
1771536825607526611,101720,0.0,1.4,0.0,0.6,0.02,0.0,-0.06,11.0,13.13,-0.01,0.01,-0.07,264.8,310.0,0.0,0.0,0.0,
1771536825709918511,101820,0.0,0.1,0.0,1.0,0.04,0.08,-0.06,11.0,13.13,0.0,0.01,-0.07,264.8,316.0,0.0,0.0,0.0,
1771536825808218117,101920,0.0,0.7,0.0,0.1,0.0,0.02,-0.06,11.0,13.13,0.0,0.0,-0.01,259.48,316.0,0.0,0.0,0.0,
1771536825906481186,102020,0.0,0.9,0.0,0.2,0.06,0.04,-0.06,11.0,13.13,-0.02,-0.01,-0.04,264.8,312.0,0.0,0.0,0.0,
1771536826008918124,102120,0.0,0.9,0.0,0.3,0.14,-0.04,-0.06,11.0,13.13,0.02,0.01,-0.01,264.8,316.0,0.0,0.0,0.0,
1771536826107222804,102220,0.0,0.8,0.0,0.5,-0.06,-0.06,-0.06,11.0,13.13,0.0,0.0,-0.02,264.8,316.0,0.0,0.0,0.0,
1771536826209600963,102320,0.0,0.9,0.0,0.1,-0.06,-0.04,-0.06,11.0,13.13,0.01,0.0,-0.05,263.77,312.0,0.0,0.0,0.0,
1771536826307925885,102420,0.0,1.0,0.0,0.4,-0.04,0.08,-0.06,11.0,13.13,0.01,0.0,-0.03,263.77,314.0,0.0,0.0,0.0,
1771536826410321970,102520,0.0,1.0,0.0,0.7,0.0,0.1,-0.06,11.0,13.13,0.0,0.0,-0.04,264.8,314.0,0.0,0.0,0.0,
1771536826508618206,102620,0.0,0.9,0.0,0.5,-0.06,-0.02,-0.06,11.0,13.13,0.0,0.0,-0.04,264.8,312.0,0.0,0.0,0.0,
1771536826606907534,102720,0.0,0.7,0.0,0.3,0.02,0.0,-0.06,11.0,13.13,0.0,0.0,-0.01,263.77,315.0,0.0,0.0,0.0,
1771536826709313786,102820,0.0,0.9,0.0,0.2,0.0,-0.08,-0.06,11.0,13.13,0.02,0.01,-0.05,264.8,315.0,0.0,0.0,0.0,
1771536826811714427,102921,0.0,0.8,0.0,0.5,-0.02,-0.12,-0.06,11.0,13.13,0.01,0.0,-0.05,264.8,315.0,0.0,0.0,0.0,
1771536826910015274,103021,0.0,0.9,0.0,0.2,-0.06,-0.06,-0.06,11.0,13.13,0.01,-0.01,-0.06,263.77,317.0,0.0,0.0,0.0,
1771536827008294455,103121,0.0,0.9,0.0,0.5,-0.04,-0.06,-0.06,11.0,13.13,0.01,0.0,-0.05,264.8,317.0,0.0,0.0,0.0,
1771536827110731299,103221,0.0,0.9,0.0,0.3,-0.02,-0.08,-0.06,11.0,13.13,0.0,-0.01,-0.05,263.77,311.0,0.0,0.0,0.0,
1771536827208995313,103321,0.0,1.0,0.0,0.5,-0.06,-0.08,-0.06,11.0,13.13,0.0,0.02,-0.04,264.8,311.0,0.0,0.0,0.0,
1771536827311403287,103421,0.0,1.0,0.0,0.1,-0.06,-0.06,-0.06,11.0,13.13,0.0,0.0,-0.05,264.8,312.0,0.0,0.0,0.0,
1771536827409706060,103521,0.0,1.0,0.0,1.5,-0.18,-0.08,-0.06,11.0,13.13,0.0,-0.02,-0.05,263.77,310.0,0.0,0.0,0.0,
1771536827512109442,103621,0.0,1.2,0.0,0.6,-0.08,0.0,-0.06,11.0,13.13,0.0,0.01,-0.06,263.77,310.0,0.0,0.0,0.0,
1771536827610402215,103721,0.0,1.3,0.0,0.2,-0.06,0.0,-0.06,11.0,13.13,0.01,0.01,-0.04,263.77,314.0,0.0,0.0,0.0,
1771536827718757916,103821,0.0,1.2,0.0,0.4,0.08,-0.14,-0.06,11.0,13.13,0.0,0.01,-0.08,260.68,313.0,0.0,0.0,0.0,
1771536827811106166,103921,0.0,1.4,0.0,0.3,0.02,-0.04,-0.06,11.0,13.13,0.0,-0.01,-0.08,264.8,313.0,0.0,0.0,0.0,
1771536827909401568,104022,0.0,1.2,0.0,0.4,0.06,0.14,-0.06,11.0,13.13,0.0,0.0,-0.07,263.77,312.0,0.0,0.0,0.0,
1771536828011806950,104122,0.0,1.3,0.0,0.2,-0.08,-0.12,-0.06,11.0,13.13,0.0,0.01,-0.06,263.77,312.0,0.0,0.0,0.0,
1771536828110092223,104221,0.0,1.5,0.0,0.3,0.06,-0.04,-0.06,11.0,13.13,0.03,0.02,-0.06,263.77,313.0,0.0,0.0,0.0,
1771536828212460900,104322,0.0,1.4,0.0,0.5,0.0,0.02,-0.06,11.0,13.13,0.0,0.02,-0.07,264.8,314.0,0.0,0.0,0.0,
1771536828310804266,104421,0.0,1.4,0.0,0.3,0.04,-0.06,-0.06,11.0,13.13,0.0,0.02,-0.04,264.8,314.0,0.0,0.0,0.0,
1771536828419151430,104521,0.0,1.3,0.0,0.2,-0.16,0.02,-0.06,11.0,13.13,0.01,0.0,-0.04,264.8,313.0,0.0,0.0,0.0,
1771536828511497587,104622,0.0,0.0,0.0,0.6,0.0,-0.06,-0.06,11.0,13.13,0.0,0.01,-0.05,264.97,314.0,0.0,0.0,0.0,
1771536828609752416,104722,0.0,0.6,0.0,0.2,-0.02,0.0,-0.06,11.0,13.13,0.01,0.0,0.0,264.8,314.0,0.0,0.0,0.0,
1771536828712192872,104821,0.0,0.7,0.0,0.3,0.16,-0.14,-0.06,11.0,13.13,-0.01,0.0,-0.05,264.97,309.0,0.0,0.0,0.0,
1771536828810490922,104922,0.0,0.9,0.0,0.1,-0.04,0.0,-0.06,11.0,13.13,0.0,0.0,-0.03,263.77,314.0,0.0,0.0,0.0,
1771536828912898619,105022,0.0,0.7,0.0,0.5,0.0,0.06,-0.06,11.0,13.13,0.0,0.02,-0.04,264.8,314.0,0.0,0.0,0.0,
1771536829011189818,105122,0.0,0.9,0.0,0.3,0.02,-0.14,-0.06,11.0,13.13,0.02,0.0,-0.05,264.8,314.0,0.0,0.0,0.0,
1771536829113578403,105222,0.0,0.8,0.0,0.5,0.1,-0.12,-0.06,11.0,13.13,0.0,0.01,-0.02,263.77,315.0,0.0,0.0,0.0,
1771536829211850324,105322,0.0,0.5,0.0,0.2,0.04,0.0,-0.06,11.0,13.13,0.03,0.02,-0.03,264.8,315.0,0.0,0.0,0.0,
1771536829310195319,105421,0.0,0.7,0.0,0.1,-0.08,-0.12,-0.06,11.0,13.13,0.0,0.01,-0.06,263.77,311.0,0.0,0.0,0.0,
1771536829412591608,105521,0.0,1.0,0.0,0.5,0.06,-0.04,-0.06,11.0,13.13,0.03,0.0,-0.05,263.77,311.0,0.0,0.0,0.0,
1771536829510884011,105620,0.0,0.8,0.0,0.1,0.06,-0.12,-0.06,11.0,13.13,0.01,0.0,-0.08,264.8,313.0,0.0,0.0,0.0,
1771536829619240730,105720,0.0,0.2,0.0,1.5,0.0,0.1,-0.06,11.0,13.13,0.01,0.0,0.01,260.68,312.0,0.0,0.0,0.0,
1771536829711593332,105821,0.0,1.4,0.0,0.3,0.12,0.04,-0.06,11.0,13.13,-0.01,-0.01,-0.04,263.6,312.0,0.0,0.0,0.0,
1771536829809888049,105920,0.0,1.2,0.0,0.3,0.12,-0.06,-0.06,11.0,13.13,0.01,0.02,-0.01,264.8,313.0,0.0,0.0,0.0,
1771536829912280820,106020,0.0,1.3,0.0,0.4,0.0,-0.04,-0.06,11.0,13.13,0.0,-0.01,-0.04,263.77,312.0,0.0,0.0,0.0,
1771536830010586112,106121,0.0,1.1,0.0,0.2,-0.04,-0.04,-0.06,11.0,13.13,0.0,0.01,-0.03,264.8,312.0,0.0,0.0,0.0,
1771536830112975900,106221,0.0,1.3,0.0,0.5,0.08,-0.1,-0.06,11.0,13.13,0.01,0.0,-0.04,264.8,311.0,0.0,0.0,0.0,
1771536830211311673,106321,0.0,1.3,0.0,0.2,0.0,-0.02,-0.06,11.0,13.13,0.0,0.0,-0.01,264.8,314.0,0.0,0.0,0.0,
1771536830313681851,106421,0.0,1.2,0.0,0.3,0.02,0.04,-0.06,11.0,13.13,0.0,0.02,-0.04,263.77,314.0,0.0,0.0,0.0,
1771536830411981458,106521,0.0,1.3,0.0,0.6,0.0,0.08,-0.06,11.0,13.13,0.01,0.01,-0.02,268.05,313.0,0.0,0.0,0.0,
1771536830514379728,106621,0.0,1.3,0.0,0.3,0.1,0.0,-0.06,11.0,13.13,-0.01,0.01,-0.03,263.77,313.0,0.0,0.0,0.0,
1771536830612681649,106722,0.0,1.2,0.0,0.5,0.0,-0.06,-0.06,11.0,13.13,0.0,0.0,-0.03,264.8,313.0,0.0,0.0,0.0,
1771536830715073197,106822,0.0,1.5,0.0,0.5,0.06,0.0,-0.06,11.0,13.13,0.0,0.02,-0.02,264.8,310.0,0.0,0.0,0.0,
1771536830813415341,106923,0.0,1.3,0.0,0.2,-0.16,-0.04,-0.06,11.0,13.13,0.0,0.0,0.0,264.8,310.0,0.0,0.0,0.0,
1771536830915762648,107023,0.0,1.3,0.0,0.2,0.0,0.0,-0.06,11.0,13.13,-0.02,0.02,-0.04,264.8,312.0,0.0,0.0,0.0,
1771536831014069977,107123,0.0,1.1,0.0,0.4,0.12,0.1,-0.06,11.0,13.13,0.02,-0.02,-0.02,264.8,312.0,0.0,0.0,0.0,
1771536831112364528,107223,0.0,1.3,0.0,0.2,-0.02,0.04,-0.06,11.0,13.13,0.0,-0.01,-0.01,264.8,312.0,0.0,0.0,0.0,
1771536831214764835,107322,0.0,0.7,0.0,0.1,-0.02,0.04,-0.06,11.0,13.13,0.01,0.0,-0.03,264.8,312.0,0.0,0.0,0.0,
1771536831313070404,107422,0.0,0.8,0.0,0.3,0.08,0.1,-0.06,11.0,13.13,0.01,0.01,-0.03,263.77,317.0,0.0,0.0,0.0,
1771536831415509471,107523,0.0,0.7,0.0,0.2,-0.02,0.02,-0.06,11.0,13.13,0.02,0.0,-0.02,263.77,317.0,0.0,0.0,0.0,
1771536831513771411,107623,0.0,0.7,0.0,0.3,-0.02,-0.12,-0.06,11.0,13.13,-0.01,0.0,-0.02,263.77,313.0,0.0,0.0,0.0,
1771536831616164052,107723,0.0,0.9,0.0,0.2,-0.02,-0.06,-0.06,11.0,13.13,0.01,0.0,0.0,263.77,312.0,0.0,0.0,0.0,
1771536831714449250,107823,0.0,0.6,0.0,0.5,0.06,-0.04,-0.06,11.0,13.13,0.0,0.0,-0.03,263.77,312.0,0.0,0.0,0.0,
1771536831822833174,107923,0.0,0.9,0.0,0.1,-0.04,-0.04,-0.06,11.0,13.13,0.0,0.01,0.0,263.77,310.0,0.0,0.0,0.0,
1771536831915167553,108023,0.0,0.9,0.0,-0.1,0.12,0.06,-0.06,11.0,13.13,0.0,0.01,-0.05,263.77,310.0,0.0,0.0,0.0,
1771536832023495365,108124,0.0,0.9,0.0,0.1,0.04,-0.1,-0.06,11.0,13.13,0.01,-0.02,-0.03,263.94,312.0,0.0,0.0,0.0,
1771536832115876412,108224,0.0,1.1,0.0,0.4,-0.02,0.14,-0.06,11.0,13.13,-0.01,0.0,-0.06,264.8,310.0,0.0,0.0,0.0,
1771536832214100980,108323,0.0,1.1,0.0,0.0,-0.02,0.02,-0.06,11.0,13.13,0.0,-0.01,-0.03,264.8,310.0,0.0,0.0,0.0,
1771536832316535455,108424,0.0,1.1,0.0,0.2,0.12,-0.18,-0.06,11.0,13.13,0.0,0.01,-0.04,263.6,314.0,0.0,0.0,0.0,
1771536832414846228,108524,0.0,1.4,0.0,0.1,0.0,-0.08,-0.06,11.0,13.13,0.0,0.0,-0.03,263.6,313.0,0.0,0.0,0.0,
1771536832517260572,108624,0.0,1.2,0.0,0.0,-0.04,-0.06,-0.06,11.0,13.13,0.0,-0.01,-0.05,264.8,313.0,0.0,0.0,0.0,
1771536832619684288,108725,0.0,1.1,0.0,0.7,0.02,0.0,-0.06,11.0,13.13,0.01,0.0,-0.02,260.51,314.0,0.0,0.0,0.0,
1771536832717944523,108825,0.0,1.2,0.0,0.5,-0.08,-0.04,-0.06,11.0,13.13,0.0,0.0,-0.04,264.8,314.0,0.0,0.0,0.0,
1771536832816258815,108924,0.0,1.4,0.0,0.2,-0.02,-0.04,-0.06,11.0,13.13,0.01,0.01,-0.03,264.8,312.0,0.0,0.0,0.0,
1771536832914557977,109023,0.0,1.2,0.0,0.1,-0.1,-0.27,-0.06,11.0,13.13,0.0,0.01,-0.06,264.8,314.0,0.0,0.0,0.0,
1771536833016957673,109122,0.0,1.1,0.0,0.5,0.14,-0.06,-0.06,11.0,13.13,0.0,-0.01,-0.02,264.28,314.0,0.0,0.0,0.0,
1771536833115231872,109222,0.0,1.3,0.0,0.3,-0.02,0.02,-0.06,11.0,13.13,0.0,0.0,-0.05,263.77,310.0,0.0,0.0,0.0,
1771536833213539071,109322,0.0,1.0,0.0,0.4,0.02,0.0,-0.06,11.0,13.13,0.0,0.01,-0.02,264.8,314.0,0.0,0.0,0.0,
1771536833315948027,109422,0.0,1.2,0.0,0.4,0.1,-0.04,-0.06,11.0,13.13,0.0,0.01,-0.06,267.88,314.0,0.0,0.0,0.0,
1771536833414247040,109522,0.0,1.2,0.0,0.3,0.08,-0.1,-0.06,11.0,13.13,0.02,0.0,-0.03,264.8,314.0,0.0,0.0,0.0,
1771536833516646070,109622,0.0,1.2,0.0,0.3,0.02,0.12,-0.06,11.0,13.13,0.0,0.02,-0.05,263.77,314.0,0.0,0.0,0.0,
1771536833614958621,109722,0.0,1.5,0.0,0.5,-0.08,-0.06,-0.06,11.0,13.13,0.0,0.0,-0.03,264.8,314.0,0.0,0.0,0.0,
1771536833713183653,109822,0.0,1.3,0.0,0.5,-0.2,-0.04,-0.06,11.0,13.13,0.0,0.01,-0.06,263.77,312.0,0.0,0.0,0.0,
1771536833815642646,109922,0.0,1.4,0.0,0.2,0.06,0.08,-0.06,11.0,13.13,0.02,0.0,-0.04,264.8,314.0,0.0,0.0,0.0,
1771536833913952474,110022,0.0,1.3,0.0,0.0,-0.06,0.0,-0.06,11.0,13.13,0.0,0.0,-0.02,264.8,314.0,0.0,0.0,0.0,
1771536834012229710,110121,0.0,1.3,0.0,0.4,0.08,-0.06,-0.06,11.0,13.13,0.01,-0.01,0.0,263.77,310.0,0.0,0.0,0.0,
1771536834114670444,110221,0.0,1.6,0.0,0.5,0.0,-0.02,-0.06,11.0,13.13,0.0,0.01,-0.05,264.8,310.0,0.0,0.0,0.0,
1771536834217042585,110321,0.0,1.5,0.0,0.6,-0.08,-0.08,-0.06,11.0,13.13,0.0,0.0,-0.04,264.8,315.0,0.0,0.0,0.0,
1771536834315347691,110422,0.0,1.0,0.0,0.3,-0.12,-0.1,-0.06,11.0,13.13,0.0,0.0,-0.03,263.6,313.0,0.0,0.0,0.0,
1771536834413645464,110521,0.0,1.1,0.0,0.1,-0.08,-0.02,-0.06,11.0,13.13,0.01,0.0,-0.03,264.8,313.0,0.0,0.0,0.0,
1771536834511958311,110620,0.0,1.3,0.0,0.5,0.02,-0.04,-0.06,11.0,13.13,0.0,0.0,-0.08,263.77,310.0,0.0,0.0,0.0,
1771536834614338489,110721,0.0,1.3,0.0,0.4,0.14,-0.12,-0.06,11.0,13.13,0.02,0.0,-0.06,263.77,315.0,0.0,0.0,0.0,
1771536834712620965,110821,0.0,1.4,0.0,0.5,0.0,-0.02,-0.06,11.0,13.13,0.0,0.02,-0.03,263.77,315.0,0.0,0.0,0.0,
1771536834815037940,110921,0.0,0.2,0.0,1.0,0.06,-0.04,-0.06,11.0,13.13,0.0,0.02,-0.06,263.77,315.0,0.0,0.0,0.0,
1771536834913323916,111021,0.0,0.7,0.0,0.5,0.0,-0.04,-0.06,11.0,13.13,-0.01,0.0,-0.03,260.68,315.0,0.0,0.0,0.0,
1771536835015731057,111121,0.0,1.0,0.0,0.6,-0.08,0.0,-0.06,11.0,13.13,0.0,-0.02,-0.06,263.77,313.0,0.0,0.0,0.0,
1771536835114060849,111221,0.0,1.0,0.0,0.3,0.02,-0.16,-0.06,11.0,13.13,0.0,0.02,-0.04,263.77,315.0,0.0,0.0,0.0,
1771536835216395100,111322,0.0,0.9,0.0,0.3,-0.06,-0.04,-0.06,11.0,13.13,0.0,0.0,-0.03,264.97,315.0,0.0,0.0,0.0,
1771536835324780191,111422,0.0,0.7,0.0,0.3,-0.08,-0.08,-0.06,11.0,13.13,0.0,0.02,-0.05,263.77,314.0,0.0,0.0,0.0,
1771536835417134885,111522,0.0,0.7,0.0,0.4,0.1,-0.12,-0.06,11.0,13.13,0.0,0.02,-0.04,264.8,312.0,0.0,0.0,0.0,
1771536835515429417,111622,0.0,0.7,0.0,0.4,0.02,0.0,-0.06,11.0,13.13,-0.01,0.0,-0.04,263.94,312.0,0.0,0.0,0.0,
1771536835617819928,111721,0.0,0.9,0.0,0.4,-0.1,-0.04,-0.06,11.0,13.13,0.0,0.0,-0.04,263.77,311.0,0.0,0.0,0.0,
1771536835716145461,111821,0.0,0.7,0.0,0.3,0.04,0.14,-0.06,11.0,13.13,0.0,0.02,-0.05,264.8,313.0,0.0,0.0,0.0,
1771536835814431863,111920,0.0,0.7,0.0,0.5,0.02,-0.06,-0.06,11.0,13.13,0.01,0.0,-0.02,264.8,313.0,0.0,0.0,0.0,
1771536835912740821,112019,0.0,0.9,0.0,0.3,-0.12,-0.14,-0.06,11.0,13.13,-0.01,0.01,-0.06,263.77,313.0,0.0,0.0,0.0,
1771536836015188870,112119,0.0,1.1,0.0,0.3,0.0,0.04,-0.06,11.0,13.13,0.02,0.0,-0.03,264.8,318.0,0.0,0.0,0.0,
1771536836113435365,112219,0.0,0.6,0.0,0.3,0.02,-0.08,-0.06,11.0,13.13,0.0,0.0,-0.05,260.68,318.0,0.0,0.0,0.0,
1771536836211694360,112318,0.0,1.0,0.0,0.2,0.06,0.04,-0.06,11.0,13.13,0.0,0.0,-0.04,259.48,313.0,0.0,0.0,0.0,
1771536836314122112,112418,0.0,1.1,0.0,0.4,0.02,-0.06,-0.06,11.0,13.13,0.0,0.01,-0.06,263.77,313.0,0.0,0.0,0.0,
1771536836412425515,112519,0.0,0.8,0.0,0.2,-0.1,-0.06,-0.06,11.0,13.13,0.01,0.0,-0.06,259.48,315.0,0.0,0.0,0.0,
1771536836514819729,112619,0.0,0.9,0.0,0.3,-0.02,0.02,-0.06,11.0,13.13,0.01,0.0,-0.06,260.51,315.0,0.0,0.0,0.0,
1771536836613122965,112719,0.0,0.6,0.0,0.3,0.08,-0.04,-0.06,11.0,13.13,0.02,0.0,-0.04,264.8,315.0,0.0,0.0,0.0,
1771536836715522625,112819,0.0,0.9,0.0,0.3,0.02,0.04,-0.06,11.0,13.13,0.0,-0.01,0.0,260.51,316.0,0.0,0.0,0.0,
1771536836813816305,112919,0.0,0.7,0.0,0.3,0.02,0.0,-0.06,11.0,13.13,0.01,0.0,-0.03,259.48,313.0,0.0,0.0,0.0,
1771536836916219872,113019,0.0,1.0,0.0,0.6,-0.12,-0.02,-0.06,11.0,13.13,-0.01,0.0,-0.04,263.77,313.0,0.0,0.0,0.0,
1771536837014511700,113120,0.0,0.6,0.0,0.3,0.0,-0.14,-0.06,11.0,13.13,0.01,0.0,-0.04,260.68,313.0,0.0,0.0,0.0,
1771536837116920878,113220,0.0,1.0,0.0,0.4,-0.18,-0.02,-0.06,11.0,13.13,0.0,0.0,-0.05,259.48,312.0,0.0,0.0,0.0,
1771536837215194781,113320,0.0,1.1,0.0,0.3,0.04,-0.12,-0.06,11.0,13.13,0.02,-0.02,-0.03,260.51,312.0,0.0,0.0,0.0,
1771536837313455331,113420,0.0,0.7,0.0,0.4,0.25,-0.02,-0.06,11.0,13.13,-0.01,0.0,-0.04,260.51,319.0,0.0,0.0,0.0,
1771536837415919324,113520,0.0,0.9,0.0,0.2,0.12,-0.08,-0.06,11.0,13.13,0.0,0.0,-0.05,264.8,319.0,0.0,0.0,0.0,
1771536837514211208,113620,0.0,0.7,0.0,0.3,0.0,0.08,-0.06,11.0,13.13,0.0,-0.02,-0.05,260.51,311.0,0.0,0.0,0.0,
1771536837616607127,113720,0.0,0.6,0.0,0.4,0.06,-0.08,-0.06,11.0,13.13,0.0,0.0,-0.04,263.77,311.0,0.0,0.0,0.0,
1771536837714908030,113820,0.0,1.2,0.0,0.2,-0.02,-0.1,-0.06,11.0,13.13,0.01,0.0,-0.06,263.77,311.0,0.0,0.0,0.0,
1771536837813194599,113920,0.0,1.4,0.0,0.3,0.0,-0.12,-0.06,11.0,13.13,0.0,0.01,-0.06,264.8,314.0,0.0,0.0,0.0,
1771536837915611888,114020,0.0,1.2,0.0,0.5,-0.04,-0.12,-0.06,11.0,13.13,0.0,0.02,-0.06,263.77,315.0,0.0,0.0,0.0,
1771536838018007288,114120,0.0,1.4,0.0,0.3,0.12,-0.14,-0.06,11.0,13.13,0.0,-0.01,-0.03,263.77,315.0,0.0,0.0,0.0,
1771536838116313561,114221,0.0,1.4,0.0,0.4,-0.08,0.02,-0.06,11.0,13.13,0.0,0.0,-0.04,260.51,313.0,0.0,0.0,0.0,
1771536838218676628,114321,0.0,1.1,0.0,0.3,0.0,-0.02,-0.06,11.0,13.13,0.01,0.0,-0.06,264.8,312.0,0.0,0.0,0.0,
1771536838317016845,114421,0.0,1.2,0.0,0.3,-0.06,0.06,-0.06,11.0,13.13,-0.02,0.0,-0.1,264.8,312.0,0.0,0.0,0.0,
1771536838415272988,114521,0.0,1.1,0.0,0.8,-0.08,-0.06,-0.06,11.0,13.13,0.03,0.0,-0.05,259.48,311.0,0.0,0.0,0.0,
1771536838517700148,114621,0.0,1.1,0.0,0.2,0.06,-0.08,-0.06,11.0,13.13,-0.01,0.01,-0.07,262.74,315.0,0.0,0.0,0.0,
1771536838615937587,114721,0.0,1.1,0.0,0.2,-0.08,0.0,-0.06,11.0,13.13,0.02,-0.02,-0.05,259.48,315.0,0.0,0.0,0.0,
1771536838718416025,114822,0.0,0.8,0.0,1.0,-0.08,-0.16,-0.06,11.0,13.13,0.0,0.0,-0.08,263.77,312.0,0.0,0.0,0.0,
1771536838826752207,114922,0.0,1.2,0.0,0.1,-0.06,-0.14,-0.06,11.0,13.13,0.0,0.0,-0.06,263.77,312.0,0.0,0.0,0.0,
1771536838919097235,115022,0.0,1.3,0.0,0.5,0.02,0.02,-0.06,11.0,13.13,0.0,0.0,-0.04,264.8,315.0,0.0,0.0,0.0,
1771536839017393471,115122,0.0,1.1,0.0,0.2,0.12,-0.02,-0.06,11.0,13.13,0.0,0.0,0.0,263.77,313.0,0.0,0.0,0.0,
1771536839119813482,115222,0.0,1.3,0.0,0.1,0.0,0.02,-0.06,11.0,13.13,0.0,0.0,-0.03,263.6,313.0,0.0,0.0,0.0,
1771536839218105255,115321,0.0,1.3,0.0,0.5,-0.06,-0.06,-0.06,11.0,13.13,0.02,0.0,-0.04,264.97,316.0,0.0,0.0,0.0,
1771536839316350861,115421,0.0,1.5,0.0,0.3,-0.08,-0.02,-0.06,11.0,13.13,0.0,0.01,-0.04,263.77,312.0,0.0,0.0,0.0,
1771536839418786113,115521,0.0,1.2,0.0,0.0,-0.06,-0.08,-0.06,11.0,13.13,0.0,0.02,-0.02,263.77,312.0,0.0,0.0,0.0,
1771536839517082868,115621,0.0,1.2,0.0,0.3,0.06,0.0,-0.06,11.0,13.13,0.0,-0.01,-0.03,264.8,314.0,0.0,0.0,0.0,
1771536839619501583,115721,0.0,1.1,0.0,0.0,-0.04,-0.06,-0.06,11.0,13.13,0.0,0.0,-0.04,264.97,314.0,0.0,0.0,0.0,
1771536839717784874,115821,0.0,1.1,0.0,0.6,-0.18,-0.1,-0.06,11.0,13.13,-0.01,0.0,-0.03,264.8,314.0,0.0,0.0,0.0,
1771536839816087999,115920,0.0,1.0,0.0,0.3,0.06,0.02,-0.06,11.0,13.13,0.01,0.0,-0.04,264.8,315.0,0.0,0.0,0.0,
1771536839918498066,116020,0.0,1.3,0.0,0.5,-0.23,-0.14,-0.06,11.0,13.13,-0.02,0.02,-0.03,264.8,315.0,0.0,0.0,0.0,
1771536840016786653,116120,0.0,1.2,0.0,0.6,0.02,-0.02,-0.06,11.0,13.13,0.01,0.0,-0.06,264.8,313.0,0.0,0.0,0.0,
1771536840115082445,116220,0.0,1.3,0.0,0.3,0.02,0.0,-0.06,11.0,13.13,-0.02,0.02,-0.04,264.8,311.0,0.0,0.0,0.0,
1771536840217455234,116320,0.0,1.1,0.0,0.5,-0.14,0.0,-0.06,11.0,13.13,0.01,-0.01,-0.04,259.48,311.0,0.0,0.0,0.0,
1771536840319886023,116420,0.0,1.4,0.0,0.4,-0.04,-0.14,-0.06,11.0,13.13,0.0,-0.01,-0.04,259.48,311.0,0.0,0.0,0.0,
1771536840418180296,116520,0.0,1.4,0.0,0.6,0.0,-0.02,-0.06,11.0,13.13,0.02,-0.01,-0.02,264.8,315.0,0.0,0.0,0.0,
1771536840516484199,116621,0.0,1.3,0.0,1.0,-0.1,0.08,-0.06,11.0,13.13,0.01,0.02,-0.04,259.48,315.0,0.0,0.0,0.0,
1771536840618881117,116720,0.0,1.0,0.0,0.2,-0.02,-0.02,-0.06,11.0,13.13,-0.01,0.01,-0.03,259.48,312.0,0.0,0.0,0.0,
1771536840717178575,116819,0.0,0.4,0.0,0.2,0.08,0.0,-0.06,11.0,13.13,0.0,0.0,-0.03,260.68,314.0,0.0,0.0,0.0,
1771536840815480256,116919,0.0,1.3,0.0,0.5,0.1,-0.06,-0.06,11.0,13.13,0.0,0.02,-0.04,259.48,314.0,0.0,0.0,0.0,
1771536840913753140,117018,0.0,1.4,0.0,0.1,-0.1,0.18,-0.06,11.0,13.13,0.01,0.0,-0.05,259.48,311.0,0.0,0.0,0.0,
1771536841016183466,117118,0.0,1.2,0.0,0.5,0.1,0.0,-0.06,11.0,13.13,0.0,0.02,-0.03,259.48,311.0,0.0,0.0,0.0,
1771536841114478794,117218,0.0,0.4,0.0,0.3,0.0,0.1,-0.06,11.0,13.13,0.03,0.0,-0.04,259.48,310.0,0.0,0.0,0.0,
1771536841216860787,117318,0.0,1.0,0.0,0.2,-0.02,-0.02,-0.06,11.0,13.13,0.0,0.01,-0.02,259.48,316.0,0.0,0.0,0.0,
1771536841315178838,117417,0.0,0.9,0.0,0.5,-0.04,0.0,-0.06,11.0,13.13,0.01,0.01,-0.02,260.51,316.0,0.0,0.0,0.0,
1771536841417574553,117518,0.0,0.7,0.0,0.4,0.1,-0.14,-0.06,11.0,13.13,0.02,0.01,-0.02,259.48,316.0,0.0,0.0,0.0,
1771536841515877678,117618,0.0,0.9,0.0,0.3,0.18,-0.1,-0.06,11.0,13.13,-0.01,0.01,-0.05,263.77,312.0,0.0,0.0,0.0,
1771536841618284837,117719,0.0,1.4,0.0,0.1,-0.02,0.0,-0.06,11.0,13.13,0.0,0.01,-0.03,263.77,312.0,0.0,0.0,0.0,
1771536841716584888,117819,0.0,1.0,0.0,0.2,0.04,0.06,-0.06,11.0,13.13,0.01,0.0,-0.03,263.77,311.0,0.0,0.0,0.0,
1771536841818959103,117919,0.0,1.2,0.0,0.2,0.18,-0.02,-0.06,11.0,13.13,0.02,0.0,0.01,263.77,312.0,0.0,0.0,0.0,
1771536841917278098,118019,0.0,1.3,0.0,0.2,0.04,0.0,-0.06,11.0,13.13,-0.01,0.0,-0.01,263.77,312.0,0.0,0.0,0.0,
1771536842015563926,118119,0.0,1.4,0.0,0.6,0.02,0.02,-0.06,11.0,13.13,0.0,-0.01,-0.03,263.77,312.0,0.0,0.0,0.0,
1771536842117964067,118219,0.0,1.1,0.0,0.2,-0.02,0.12,-0.06,11.0,13.13,0.0,0.0,-0.02,260.34,312.0,0.0,0.0,0.0,
1771536842216258562,118319,0.0,1.3,0.0,0.2,-0.14,-0.06,-0.06,11.0,13.13,0.0,0.0,-0.02,260.51,312.0,0.0,0.0,0.0,
1771536842318666148,118419,0.0,1.2,0.0,0.3,-0.14,-0.02,-0.06,11.0,13.13,0.02,0.0,-0.02,264.8,311.0,0.0,0.0,0.0,
1771536842416961532,118519,0.0,1.5,0.0,0.4,0.08,0.06,-0.06,11.0,13.13,0.02,0.01,-0.04,263.77,311.0,0.0,0.0,0.0,
1771536842519367321,118620,0.0,1.2,0.0,0.2,0.06,-0.18,-0.06,11.0,13.13,-0.01,0.0,-0.03,260.68,310.0,0.0,0.0,0.0,
1771536842617673705,118720,0.0,1.2,0.0,0.5,0.06,-0.12,-0.06,11.0,13.13,0.0,0.0,-0.03,264.8,316.0,0.0,0.0,0.0,
1771536842720065975,118820,0.0,1.1,0.0,0.5,-0.04,-0.06,-0.06,11.0,13.13,0.0,0.0,-0.03,260.51,316.0,0.0,0.0,0.0,
1771536842818321693,118921,0.0,1.4,0.0,0.3,0.12,-0.06,-0.06,11.0,13.13,0.01,0.0,-0.04,260.51,311.0,0.0,0.0,0.0,
1771536842920755296,119021,0.0,1.3,0.0,0.2,-0.12,-0.1,-0.06,11.0,13.13,0.0,0.02,-0.03,264.8,315.0,0.0,0.0,0.0,
1771536843019053810,119121,0.0,1.5,0.0,0.7,-0.02,0.02,-0.06,11.0,13.13,0.01,0.0,-0.04,264.97,315.0,0.0,0.0,0.0,
1771536843121456247,119221,0.0,1.3,0.0,0.2,0.0,0.08,-0.06,11.0,13.13,0.01,0.01,-0.01,264.8,310.0,0.0,0.0,0.0,
1771536843219750317,119321,0.0,1.1,0.0,0.1,-0.06,-0.12,-0.06,11.0,13.13,0.0,0.0,-0.02,263.77,310.0,0.0,0.0,0.0,
1771536843318029849,119421,0.0,1.2,0.0,0.4,0.14,-0.08,-0.06,11.0,13.13,-0.01,-0.01,-0.03,263.77,313.0,0.0,0.0,0.0,
1771536843420449434,119521,0.0,1.1,0.0,0.4,0.0,-0.06,-0.06,11.0,13.13,0.03,0.0,0.0,263.77,312.0,0.0,0.0,0.0,
1771536843518761207,119621,0.0,1.2,0.0,0.2,0.0,0.0,-0.06,11.0,13.13,0.0,0.03,-0.04,264.97,312.0,0.0,0.0,0.0,
1771536843621193459,119720,0.0,1.5,0.0,0.2,0.02,0.1,-0.06,11.0,13.13,0.0,0.0,-0.02,264.8,315.0,0.0,0.0,0.0,
1771536843719458140,119820,0.0,1.2,0.004,0.2,0.06,0.02,-0.06,11.0,13.13,-0.02,0.0,-0.04,263.77,311.0,0.0,0.0,0.0,
1771536843827812119,119920,0.0,1.4,0.0,0.6,0.06,-0.02,-0.06,11.0,13.13,0.03,0.0,-0.02,263.77,311.0,0.0,0.0,0.0,
1771536843920148924,120020,0.0,1.2,0.0,0.0,0.08,-0.06,-0.06,11.0,13.13,0.0,0.01,-0.04,259.48,316.0,0.0,0.0,0.0,
1771536844018450326,120120,0.0,1.2,0.0,0.3,0.04,-0.21,-0.06,11.0,13.13,0.01,0.0,-0.03,264.8,311.0,0.0,0.0,0.0,
1771536844120858486,120220,0.0,1.2,0.0,0.1,0.12,-0.02,-0.06,11.0,13.13,0.0,0.0,-0.06,263.77,311.0,0.0,0.0,0.0,
1771536844219110814,120321,0.0,1.2,0.0,0.5,-0.2,0.0,-0.06,11.0,13.13,0.0,0.0,-0.05,264.8,316.0,0.0,0.0,0.0,
1771536844321546381,120421,0.0,1.1,0.0,0.2,0.1,-0.06,-0.06,11.0,13.13,0.01,0.0,-0.05,263.77,316.0,0.0,0.0,0.0,
1771536844419840598,120520,0.0,1.2,0.0,0.5,-0.04,-0.14,-0.06,11.0,13.13,0.0,0.0,-0.02,263.77,312.0,0.0,0.0,0.0,
1771536844522244999,120621,0.0,1.4,0.0,0.1,0.12,-0.2,-0.06,11.0,13.13,0.01,0.01,-0.05,264.8,314.0,0.0,0.0,0.0,
1771536844620545420,120721,0.0,1.5,0.0,0.5,0.08,-0.06,-0.06,11.0,13.13,0.01,0.01,-0.03,260.68,314.0,0.0,0.0,0.0,
1771536844718847082,120820,0.0,1.2,0.0,0.3,-0.04,-0.16,-0.06,11.0,13.13,0.0,-0.01,-0.05,264.8,312.0,0.0,0.0,0.0,
1771536844821298019,120920,0.0,1.1,0.0,0.3,0.06,-0.06,-0.06,11.0,13.13,0.02,0.0,-0.05,264.8,318.0,0.0,0.0,0.0,
1771536844919549570,121019,0.0,-0.2,0.0,0.1,0.02,0.02,-0.06,11.0,13.13,-0.01,0.01,-0.06,264.8,318.0,0.0,0.0,0.0,
1771536845017842565,121118,0.0,0.9,0.0,0.4,-0.02,-0.02,-0.06,11.0,13.13,0.02,0.02,-0.03,264.8,312.0,0.0,0.0,0.0,
1771536845120242706,121219,0.0,0.7,0.0,0.5,-0.18,-0.06,-0.06,11.0,13.13,0.0,0.02,-0.05,263.77,316.0,0.0,0.0,0.0,
1771536845218544330,121319,0.0,0.7,0.0,0.3,-0.08,-0.14,-0.06,11.0,13.13,0.0,0.0,-0.06,264.8,316.0,0.0,0.0,0.0,
1771536845320945064,121419,0.0,1.1,0.0,1.4,-0.06,-0.14,-0.06,11.0,13.13,0.0,0.01,-0.04,260.51,312.0,0.0,0.0,0.0,
1771536845419229170,121520,0.0,1.2,0.0,0.3,-0.02,0.0,-0.06,11.0,13.13,0.0,-0.01,-0.07,264.8,312.0,0.0,0.0,0.0,
1771536845521629774,121619,0.0,1.1,0.0,0.5,0.02,0.02,-0.06,11.0,13.13,0.0,0.02,-0.04,264.8,312.0,0.0,0.0,0.0,
1771536845619937251,121719,0.0,1.2,0.008,0.3,-0.14,0.0,-0.06,11.0,13.13,0.0,0.0,-0.06,263.77,311.0,0.0,0.0,0.0,
1771536845718242283,121819,0.0,1.4,0.0,0.0,-0.02,-0.12,-0.06,11.0,13.13,0.0,0.0,-0.06,263.77,311.0,0.0,0.0,0.0,
1771536845820644146,121919,0.0,1.3,0.0,0.4,-0.06,-0.14,-0.06,11.0,13.13,0.02,0.0,-0.05,260.68,314.0,0.0,0.0,0.0,
1771536845918935234,122019,0.0,1.1,0.0,0.4,0.0,-0.02,-0.06,11.0,13.13,0.0,0.01,-0.04,260.51,313.0,0.0,0.0,0.0,
1771536846017240173,122118,0.0,1.3,0.0,0.5,-0.06,-0.02,-0.06,11.0,13.13,0.0,0.0,-0.04,260.68,313.0,0.0,0.0,0.0,
1771536846119665944,122218,0.0,1.3,0.0,0.3,0.06,0.06,-0.06,11.0,13.13,0.02,0.0,-0.04,260.68,313.0,0.0,0.0,0.0,
1771536846217904958,122318,0.0,1.2,0.0,0.4,0.12,0.04,-0.06,11.0,13.13,0.02,-0.01,-0.06,259.65,311.0,0.0,0.0,0.0,
1771536846320332950,122418,0.0,1.3,0.0,0.1,0.06,0.0,-0.06,11.0,13.13,0.0,0.0,-0.06,260.68,311.0,0.0,0.0,0.0,
1771536846418629557,122518,0.0,1.4,0.0,0.1,-0.04,-0.1,-0.06,11.0,13.13,0.01,0.0,-0.04,260.51,313.0,0.0,0.0,0.0,
1771536846521029605,122618,0.0,1.2,0.0,0.5,0.08,-0.04,-0.06,11.0,13.13,0.0,0.0,-0.06,264.97,313.0,0.0,0.0,0.0,
1771536846619315322,122719,0.0,1.4,0.0,0.2,0.02,-0.1,-0.06,11.0,13.13,0.0,0.0,-0.08,259.48,313.0,0.0,0.0,0.0,
1771536846721779537,122819,0.0,1.3,0.0,0.3,0.02,-0.08,-0.06,11.0,13.13,0.0,0.0,-0.04,260.68,312.0,0.0,0.0,0.0,
1771536846820025570,122919,0.0,1.1,0.0,0.2,-0.04,0.1,-0.06,11.0,13.13,0.01,0.0,-0.1,259.48,312.0,0.0,0.0,0.0,
1771536846922416210,123020,0.0,1.2,0.0,0.4,-0.08,-0.04,-0.06,11.0,13.13,0.0,0.0,-0.06,259.48,314.0,0.0,0.0,0.0,
1771536847020719854,123120,0.0,1.2,0.0,0.5,0.06,-0.1,-0.06,11.0,13.13,0.02,0.0,-0.07,263.77,312.0,0.0,0.0,0.0,
1771536847118962626,123220,0.0,1.3,0.0,0.4,0.04,0.0,-0.06,11.0,13.13,0.0,0.0,-0.06,264.8,312.0,0.0,0.0,0.0,
1771536847221387323,123319,0.0,1.2,0.0,0.2,-0.04,0.06,-0.06,11.0,13.13,0.01,-0.01,-0.05,263.94,311.0,0.0,0.0,0.0,
1771536847319731096,123419,0.0,1.4,0.0,0.5,0.0,0.0,-0.06,11.0,13.13,0.0,0.02,-0.06,259.48,315.0,0.0,0.0,0.0,
1771536847422132311,123520,0.0,1.0,0.0,0.3,0.02,0.02,-0.06,11.0,13.13,0.0,-0.01,-0.03,264.97,315.0,0.0,0.0,0.0,
1771536847520383750,123620,0.0,1.4,0.0,0.5,0.12,-0.02,-0.06,11.0,13.13,0.0,0.0,-0.05,260.68,313.0,0.0,0.0,0.0,
1771536847622818466,123720,0.0,1.1,0.0,0.1,0.02,-0.08,-0.06,11.0,13.13,-0.01,-0.01,-0.04,264.97,312.0,0.0,0.0,0.0,
1771536847721081942,123821,0.0,1.3,0.0,0.2,0.08,-0.02,-0.06,11.0,13.13,0.0,0.01,-0.04,263.77,312.0,0.0,0.0,0.0,
1771536847823519620,123921,0.0,1.2,0.0,0.1,0.02,-0.1,-0.06,11.0,13.13,0.0,0.0,-0.01,263.77,312.0,0.0,0.0,0.0,
1771536847921786356,124021,0.0,1.5,0.0,0.2,-0.04,-0.02,-0.06,11.0,13.13,-0.02,-0.01,-0.05,263.77,312.0,0.0,0.0,0.0,
1771536848024212052,124122,0.0,1.1,0.0,0.4,-0.02,-0.02,-0.06,11.0,13.13,0.02,0.02,-0.06,263.77,315.0,0.0,0.0,0.0,
1771536848126609082,124222,0.0,1.2,0.0,0.2,0.0,-0.06,-0.06,11.0,13.13,0.0,0.03,-0.05,264.8,314.0,0.0,0.0,0.0,
1771536848224879522,124322,0.0,1.2,0.0,0.3,0.02,-0.06,-0.06,11.0,13.13,0.0,0.01,-0.05,263.77,314.0,0.0,0.0,0.0,
1771536848323202591,124423,0.0,1.3,0.0,0.5,-0.1,0.0,-0.06,11.0,13.13,-0.03,-0.01,-0.05,263.77,314.0,0.0,0.0,0.0,
1771536848425605806,124522,0.0,1.3,0.0,0.3,0.08,0.02,-0.06,11.0,13.13,0.0,-0.01,-0.05,264.97,313.0,0.0,0.0,0.0,
1771536848523908671,124622,0.0,1.3,0.0,0.5,-0.12,-0.08,-0.06,11.0,13.13,0.0,0.0,-0.04,264.8,313.0,0.0,0.0,0.0,
1771536848626296683,124723,0.0,1.2,0.0,0.3,0.02,-0.18,-0.06,11.0,13.13,0.0,0.01,-0.04,264.97,314.0,0.0,0.0,0.0,
1771536848724599307,124822,0.0,1.2,0.0,0.2,0.0,0.04,-0.06,11.0,13.13,-0.01,0.02,-0.06,260.68,309.0,0.0,0.0,0.0,
1771536848826989930,124922,0.0,1.1,0.0,0.5,-0.06,-0.06,-0.06,11.0,13.13,0.0,-0.01,-0.05,260.68,309.0,0.0,0.0,0.0,
1771536848925309518,125023,0.0,0.1,0.0,1.4,0.04,-0.1,-0.06,11.0,13.13,0.0,0.0,-0.04,260.51,317.0,0.0,0.0,0.0,
1771536849027703140,125123,0.0,0.9,0.0,0.5,0.02,-0.08,-0.06,11.0,13.13,0.01,0.0,-0.04,260.68,317.0,0.0,0.0,0.0,
1771536849125995857,125223,0.0,0.9,0.0,0.1,-0.06,-0.04,-0.06,11.0,13.13,0.0,0.0,-0.03,264.97,311.0,0.0,0.0,0.0,
1771536849224248204,125323,0.0,0.6,0.0,0.5,0.0,-0.14,-0.06,11.0,13.13,0.0,-0.01,-0.02,260.68,314.0,0.0,0.0,0.0,
1771536849326696660,125423,0.0,0.9,0.0,0.5,-0.02,0.1,-0.06,11.0,13.13,-0.03,0.01,-0.05,259.82,314.0,0.0,0.0,0.0,
1771536849424999785,125523,0.0,0.9,0.0,0.2,-0.02,-0.08,-0.06,11.0,13.13,0.01,-0.02,-0.04,263.94,315.0,0.0,0.0,0.0,
1771536849527399037,125623,0.0,0.7,0.0,0.4,0.08,-0.08,-0.06,11.0,13.13,0.0,0.01,-0.04,259.48,313.0,0.0,0.0,0.0,
1771536849625697773,125723,0.0,1.1,0.0,0.2,0.02,0.06,-0.06,11.0,13.13,0.0,0.0,-0.06,259.48,313.0,0.0,0.0,0.0,
1771536849728086469,125824,0.0,0.7,0.0,0.1,0.04,0.04,-0.06,11.0,13.13,0.0,0.0,-0.01,259.65,315.0,0.0,0.0,0.0,
1771536849826409742,125924,0.0,0.7,0.0,0.3,-0.06,-0.08,-0.06,11.0,13.13,0.0,0.0,-0.03,260.51,316.0,0.0,0.0,0.0,
1771536849928785217,126024,0.0,1.0,0.0,0.3,0.1,-0.12,-0.06,11.0,13.13,0.0,0.01,-0.05,260.51,316.0,0.0,0.0,0.0,
1771536850027089675,126125,0.0,0.9,0.0,0.1,0.06,-0.08,-0.06,11.0,13.13,0.0,-0.01,-0.03,259.65,312.0,0.0,0.0,0.0,
1771536850129480908,126225,0.0,0.8,0.0,0.1,0.02,-0.06,-0.06,11.0,13.13,0.0,0.0,-0.06,263.77,313.0,0.0,0.0,0.0,
1771536850227778755,126325,0.0,1.4,0.0,0.3,-0.04,-0.23,-0.06,11.0,13.13,0.01,0.02,-0.04,263.77,313.0,0.0,0.0,0.0,
1771536850330196803,126426,0.0,1.3,0.0,0.5,-0.04,0.0,-0.06,11.0,13.13,0.0,0.03,-0.04,260.51,314.0,0.0,0.0,0.0,
1771536850428490336,126526,0.0,0.9,0.0,1.2,-0.06,-0.04,-0.06,11.0,13.13,-0.01,-0.03,-0.03,259.48,314.0,0.0,0.0,0.0,
1771536850530885458,126626,0.0,0.6,0.0,0.1,0.02,0.04,-0.06,11.0,13.13,0.0,0.02,-0.03,260.68,312.0,0.0,0.0,0.0,
1771536850629188231,126726,0.0,1.0,0.0,0.5,-0.04,0.08,-0.06,11.0,13.13,0.02,0.0,-0.06,264.8,313.0,0.0,0.0,0.0,
1771536850731581279,126826,0.0,1.0,0.0,0.6,0.1,-0.08,-0.06,11.0,13.13,-0.01,0.01,-0.04,264.97,313.0,0.0,0.0,0.0,
1771536850829915312,126926,0.0,0.5,0.0,0.7,-0.08,0.06,-0.06,11.0,13.13,0.0,0.0,-0.02,263.77,310.0,0.0,0.0,0.0,
1771536850928171455,127026,0.0,1.0,0.0,0.6,0.02,-0.08,-0.06,11.0,13.13,-0.01,0.02,-0.04,259.65,310.0,0.0,0.0,0.0,
1771536851030583466,127126,0.0,0.4,0.0,0.1,0.0,0.0,-0.06,11.0,13.13,0.02,0.0,-0.08,259.65,310.0,0.0,0.0,0.0,
1771536851128883776,127226,0.0,1.4,0.0,0.3,-0.16,0.06,-0.06,11.0,13.13,0.0,0.01,-0.06,263.77,315.0,0.0,0.0,0.0,
1771536851231257472,127326,0.0,1.3,0.0,0.1,0.06,-0.06,-0.06,11.0,13.13,0.0,0.01,-0.02,264.8,315.0,0.0,0.0,0.0,
1771536851329572745,127426,0.0,0.7,0.0,0.3,0.02,-0.12,-0.06,11.0,13.13,0.0,0.01,-0.01,259.48,315.0,0.0,0.0,0.0,
1771536851427837518,127526,0.0,0.8,0.0,0.6,-0.02,-0.1,-0.06,11.0,13.13,0.0,-0.01,-0.02,264.97,317.0,0.0,0.0,0.0,
1771536851530275974,127626,0.0,0.5,0.0,0.3,-0.06,-0.02,-0.06,11.0,13.13,0.0,0.0,-0.04,263.77,317.0,0.0,0.0,0.0,
1771536851628535228,127726,0.0,0.9,0.0,1.5,-0.04,-0.02,-0.06,11.0,13.13,0.02,0.0,-0.01,264.8,312.0,0.0,0.0,0.0,
1771536851730982092,127825,0.0,1.4,0.0,0.2,-0.02,0.04,-0.06,11.0,13.13,0.0,0.02,-0.02,263.94,314.0,0.0,0.0,0.0,
1771536851829276309,127925,0.0,1.4,0.0,0.2,0.12,-0.1,-0.06,11.0,13.13,0.0,0.0,0.0,259.65,314.0,0.0,0.0,0.0,
1771536851937652492,128025,0.0,1.4,0.0,0.3,-0.1,0.0,-0.06,11.0,13.13,0.0,0.0,-0.01,259.65,310.0,0.0,0.0,0.0,
1771536852029970408,128125,0.0,1.3,0.0,0.1,0.1,-0.06,-0.06,11.0,13.13,0.0,0.01,-0.02,260.68,313.0,0.0,0.0,0.0,
1771536852128271422,128225,0.0,1.3,0.0,0.2,0.02,-0.06,-0.06,11.0,13.13,0.0,0.01,-0.02,260.68,313.0,0.0,0.0,0.0,
1771536852230634822,128325,0.0,1.2,0.0,0.4,-0.02,-0.14,-0.06,11.0,13.13,0.02,0.01,-0.01,260.68,316.0,0.0,0.0,0.0,
1771536852328973058,128425,0.0,1.2,0.0,0.3,-0.06,-0.08,-0.06,11.0,13.13,-0.02,0.02,-0.02,259.65,312.0,0.0,0.0,0.0,
1771536852431365976,128525,0.0,1.2,0.0,0.6,-0.06,-0.04,-0.06,11.0,13.13,0.03,0.01,-0.01,260.51,312.0,0.0,0.0,0.0,
1771536852529662620,128625,0.0,1.2,0.0,0.3,0.0,0.06,-0.06,11.0,13.13,-0.02,0.0,-0.03,259.65,311.0,0.0,0.0,0.0,
1771536852627972652,128724,0.0,1.2,0.0,0.3,0.1,-0.06,-0.06,11.0,13.13,0.0,-0.01,-0.04,260.68,311.0,0.0,0.0,0.0,
1771536852730369330,128824,0.0,1.2,0.0,0.5,-0.04,-0.02,-0.06,11.0,13.13,0.0,0.0,-0.03,259.48,313.0,0.0,0.0,0.0,
1771536852828697140,128924,0.0,1.1,0.0,0.5,-0.04,-0.14,-0.06,11.0,13.13,0.01,0.01,-0.03,260.68,312.0,0.0,0.0,0.0,
1771536852931067836,129025,0.0,1.3,0.0,0.3,0.02,-0.02,-0.06,11.0,13.13,0.0,0.0,-0.04,260.68,312.0,0.0,0.0,0.0,
1771536853029367517,129124,0.0,1.4,0.0,0.5,0.06,0.0,-0.06,11.0,13.13,0.0,-0.01,-0.02,259.65,315.0,0.0,0.0,0.0,
1771536853127639178,129224,0.0,1.2,0.0,0.2,-0.2,-0.1,-0.06,11.0,13.13,0.0,0.0,-0.03,263.77,311.0,0.0,0.0,0.0,
1771536853230038986,129324,0.0,1.4,0.0,0.6,-0.16,-0.08,-0.06,11.0,13.13,0.0,0.02,-0.05,263.77,311.0,0.0,0.0,0.0,
1771536853328330166,129424,0.0,1.6,0.0,0.6,-0.12,0.0,-0.06,11.0,13.13,0.01,0.02,0.0,260.68,313.0,0.0,0.0,0.0,
1771536853430781881,129524,0.0,1.1,0.0,0.2,0.14,0.0,-0.06,11.0,13.13,0.01,0.0,-0.04,259.65,312.0,0.0,0.0,0.0,
1771536853529046488,129625,0.0,1.3,0.0,0.4,0.08,0.06,-0.06,11.0,13.13,0.01,0.0,-0.04,260.68,312.0,0.0,0.0,0.0,
1771536853631455573,129725,0.0,1.2,0.0,0.2,0.0,-0.08,-0.06,11.0,13.13,0.01,0.01,0.0,260.68,315.0,0.0,0.0,0.0,
1771536853729729531,129825,0.0,1.3,0.0,0.3,0.04,-0.02,-0.06,11.0,13.13,-0.01,0.01,-0.04,259.65,315.0,0.0,0.0,0.0,
1771536853832162802,129926,0.0,1.3,0.0,0.4,-0.14,0.04,-0.06,11.0,13.13,0.01,0.02,-0.01,259.65,313.0,0.0,0.0,0.0,
1771536853930408130,130026,0.0,1.2,0.0,1.2,0.06,-0.12,-0.06,11.0,13.13,0.0,0.0,-0.05,260.68,316.0,0.0,0.0,0.0,
1771536854032883253,130126,0.0,1.0,0.0,0.2,-0.02,-0.06,-0.06,11.0,13.13,-0.01,0.01,-0.03,259.65,316.0,0.0,0.0,0.0,
1771536854135248727,130227,0.0,0.7,0.0,0.5,0.14,-0.04,-0.06,11.0,13.13,-0.01,-0.01,-0.05,259.65,313.0,0.0,0.0,0.0,
1771536854233530944,130327,0.0,1.0,0.0,0.3,-0.06,-0.12,-0.06,11.0,13.13,0.0,-0.01,-0.03,259.48,315.0,0.0,0.0,0.0,
1771536854341892015,130427,0.0,0.8,0.0,0.5,0.1,0.0,-0.06,11.0,13.13,0.0,0.01,-0.04,260.68,315.0,0.0,0.0,0.0,
1771536854434243950,130528,0.0,0.6,0.0,0.4,-0.1,-0.02,-0.06,11.0,13.13,0.0,-0.01,-0.02,260.68,313.0,0.0,0.0,0.0,
1771536854532498908,130628,0.0,0.9,0.0,0.5,0.08,-0.08,-0.06,11.0,13.13,0.0,0.0,-0.04,259.48,314.0,0.0,0.0,0.0,
1771536854634966420,130728,0.0,0.9,0.0,0.6,0.0,0.04,-0.06,11.0,13.13,0.0,0.0,-0.04,260.68,314.0,0.0,0.0,0.0,
1771536854733225322,130829,0.0,1.0,0.0,0.3,-0.06,-0.02,-0.06,11.0,13.13,0.01,0.01,-0.03,259.48,311.0,0.0,0.0,0.0,
1771536854835669223,130929,0.0,0.9,0.0,0.3,-0.08,-0.12,-0.06,11.0,13.13,0.01,0.03,-0.03,260.51,311.0,0.0,0.0,0.0,
1771536854933900310,131030,0.0,0.8,0.0,0.1,0.08,0.04,-0.06,11.0,13.13,0.02,0.01,-0.05,259.48,311.0,0.0,0.0,0.0,
1771536855036339784,131130,0.0,0.6,0.0,0.5,-0.06,-0.02,-0.06,11.0,13.13,0.0,0.0,-0.03,260.68,313.0,0.0,0.0,0.0,
1771536855138747592,131230,0.0,1.0,0.0,0.5,0.08,-0.1,-0.06,11.0,13.13,-0.01,0.0,-0.05,259.48,313.0,0.0,0.0,0.0,
1771536855237019346,131331,0.0,0.9,0.0,0.2,0.23,-0.08,-0.06,11.0,13.13,0.0,0.0,-0.04,260.51,315.0,0.0,0.0,0.0,
1771536855339435728,131431,0.0,0.1,0.0,1.5,-0.08,0.0,-0.06,11.0,13.13,0.0,0.01,-0.04,259.65,312.0,0.0,0.0,0.0,
1771536855437735297,131531,0.0,1.4,0.0,0.5,-0.12,-0.2,-0.06,11.0,13.13,0.02,0.0,-0.03,260.51,312.0,0.0,0.0,0.0,
1771536855540129568,131632,0.0,1.4,0.0,0.3,-0.1,-0.06,-0.06,11.0,13.13,0.02,-0.01,-0.03,259.48,316.0,0.0,0.0,0.0,
1771536855638426637,131732,0.0,1.2,0.0,0.3,-0.04,-0.04,-0.06,11.0,13.13,0.0,-0.01,-0.02,259.31,312.0,0.0,0.0,0.0,
1771536855740830241,131832,0.0,1.2,0.0,0.1,-0.06,-0.06,-0.06,11.0,13.13,0.0,-0.01,-0.06,259.65,312.0,0.0,0.0,0.0,
1771536855839139255,131933,0.0,1.3,0.0,0.1,0.0,-0.04,-0.06,11.0,13.13,0.0,0.01,-0.01,260.51,317.0,0.0,0.0,0.0,
1771536855941531247,132033,0.0,1.3,0.0,0.3,0.04,0.0,-0.06,11.0,13.13,-0.01,0.02,-0.04,259.65,312.0,0.0,0.0,0.0,
1771536856039825817,132133,0.0,1.6,0.0,0.4,0.08,-0.04,-0.06,11.0,13.13,0.0,0.0,0.0,260.68,312.0,0.0,0.0,0.0,
1771536856142219680,132233,0.0,1.4,0.0,0.5,0.06,0.06,-0.06,11.0,13.13,0.0,0.0,-0.04,264.8,314.0,0.0,0.0,0.0,
1771536856240498064,132333,0.0,1.3,0.0,0.6,-0.1,-0.02,-0.06,11.0,13.13,0.0,-0.03,-0.03,259.48,314.0,0.0,0.0,0.0,
1771536856338820059,132433,0.0,1.3,0.0,0.5,0.16,-0.1,-0.06,11.0,13.13,-0.01,0.0,-0.05,263.77,313.0,0.0,0.0,0.0,
1771536856441232959,132533,0.0,1.5,0.0,0.3,0.08,-0.06,-0.06,11.0,13.13,0.0,0.03,-0.03,263.77,313.0,0.0,0.0,0.0,
1771536856539521695,132633,0.0,1.2,0.0,0.2,0.02,-0.08,-0.06,11.0,13.13,0.0,0.01,-0.05,260.68,313.0,0.0,0.0,0.0,
1771536856641924206,132733,0.0,1.3,0.0,0.6,0.04,0.02,-0.06,11.0,13.13,0.0,0.0,-0.01,260.68,310.0,0.0,0.0,0.0,
1771536856740272016,132833,0.0,1.3,0.0,0.1,0.06,-0.18,-0.06,11.0,13.13,0.02,0.0,-0.06,263.77,312.0,0.0,0.0,0.0,
1771536856842671991,132933,0.0,1.2,0.0,0.5,0.08,0.04,-0.06,11.0,13.13,0.02,-0.01,0.0,263.77,312.0,0.0,0.0,0.0,
1771536856940913486,133033,0.0,1.4,0.0,0.6,0.12,-0.06,-0.06,11.0,13.13,-0.02,0.01,-0.02,259.48,312.0,0.0,0.0,0.0,
1771536857039212703,133133,0.0,1.2,0.0,0.1,0.08,0.06,-0.06,11.0,13.13,0.0,0.0,-0.04,259.48,315.0,0.0,0.0,0.0,
1771536857141614381,133233,0.0,1.2,0.0,0.6,0.08,-0.08,-0.06,11.0,13.13,-0.02,0.0,-0.04,260.68,315.0,0.0,0.0,0.0,
1771536857243974410,133334,0.0,1.2,0.0,0.4,-0.02,-0.12,-0.06,11.0,13.13,0.0,0.0,-0.02,260.34,310.0,0.0,0.0,0.0,
1771536857342362091,133434,0.0,1.5,0.0,0.6,-0.02,0.16,-0.06,11.0,13.13,0.0,0.0,-0.02,259.48,315.0,0.0,0.0,0.0,
1771536857440562160,133534,0.0,0.3,0.0,0.5,-0.06,-0.1,-0.06,11.0,13.13,0.01,0.01,-0.04,259.48,315.0,0.0,0.0,0.0,
1771536857543018505,133635,0.0,1.0,0.0,0.2,0.08,-0.08,-0.06,11.0,13.13,0.0,0.02,-0.05,260.51,312.0,0.0,0.0,0.0,
1771536857651367743,133735,0.0,0.9,0.0,0.5,-0.02,-0.04,-0.06,11.0,13.13,0.01,0.0,-0.03,260.68,312.0,0.0,0.0,0.0,
1771536857743709419,133835,0.0,0.9,0.004,0.3,-0.02,0.04,-0.06,11.0,13.13,-0.02,0.01,-0.04,259.65,318.0,0.0,0.0,0.0,
1771536857841988247,133935,0.0,0.7,0.0,0.1,0.06,-0.1,-0.06,11.0,13.13,0.03,0.01,-0.02,260.51,314.0,0.0,0.0,0.0,
1771536857944451166,134035,0.0,0.7,0.0,0.3,-0.02,-0.08,-0.06,11.0,13.13,0.0,0.01,-0.07,260.68,314.0,0.0,0.0,0.0,
1771536858042712531,134135,0.0,0.9,0.0,0.2,-0.04,0.0,-0.06,11.0,13.13,0.0,0.01,-0.02,259.65,315.0,0.0,0.0,0.0,
1771536858145109932,134235,0.0,0.7,0.0,0.1,-0.14,0.0,-0.06,11.0,13.13,0.0,0.01,-0.04,260.68,313.0,0.0,0.0,0.0,
1771536858243390186,134335,0.0,0.7,0.0,0.2,0.08,-0.08,-0.06,11.0,13.13,0.02,-0.02,-0.04,259.65,313.0,0.0,0.0,0.0,
1771536858345801475,134435,0.0,0.4,0.0,0.3,0.02,-0.14,-0.06,11.0,13.13,0.0,0.02,-0.04,259.48,314.0,0.0,0.0,0.0,
1771536858444101507,134536,0.0,1.1,0.0,0.4,0.0,0.08,-0.06,11.0,13.13,0.0,0.01,-0.01,259.65,314.0,0.0,0.0,0.0,
1771536858546541463,134636,0.0,0.7,0.0,0.3,0.02,-0.14,-0.06,11.0,13.13,0.0,0.0,-0.07,259.31,314.0,0.0,0.0,0.0,
1771536858644799051,134736,0.0,1.0,0.0,0.5,0.06,0.04,-0.06,11.0,13.13,0.0,0.01,-0.01,260.68,315.0,0.0,0.0,0.0,
1771536858743071157,134836,0.0,0.9,0.0,0.3,-0.04,-0.12,-0.06,11.0,13.13,0.0,0.0,-0.04,260.68,315.0,0.0,0.0,0.0,
1771536858845486594,134936,0.0,0.9,0.0,0.2,-0.1,-0.02,-0.06,11.0,13.13,0.0,0.01,-0.04,259.48,312.0,0.0,0.0,0.0,
1771536858943792478,135036,0.0,0.7,0.0,0.5,-0.02,-0.1,-0.06,11.0,13.13,0.0,0.0,-0.04,260.68,316.0,0.0,0.0,0.0,
1771536859046194841,135136,0.0,1.4,0.0,0.3,-0.04,-0.02,-0.06,11.0,13.13,0.0,0.0,-0.06,259.65,316.0,0.0,0.0,0.0,
1771536859144491725,135236,0.0,1.4,0.0,0.4,0.0,-0.04,-0.06,11.0,13.13,0.01,0.0,-0.06,259.48,314.0,0.0,0.0,0.0,
1771536859242769239,135335,0.0,1.1,0.0,0.4,-0.08,-0.2,-0.06,11.0,13.13,0.01,0.0,-0.04,259.48,314.0,0.0,0.0,0.0,
1771536859345186565,135435,0.0,1.3,0.0,0.4,-0.06,-0.1,-0.06,11.0,13.13,0.0,-0.01,-0.04,264.28,314.0,0.0,0.0,0.0,
1771536859443495431,135535,0.0,1.3,0.0,0.2,0.08,0.06,-0.06,11.0,13.13,0.0,0.01,-0.04,260.68,311.0,0.0,0.0,0.0,
1771536859545897109,135635,0.0,1.5,0.0,0.3,0.08,0.18,-0.06,11.0,13.13,-0.01,-0.02,-0.06,260.51,313.0,0.0,0.0,0.0,
1771536859644194067,135735,0.0,1.3,0.0,0.2,0.04,0.0,-0.06,11.0,13.13,0.02,0.0,-0.04,259.65,313.0,0.0,0.0,0.0,
1771536859746591652,135835,0.0,1.3,0.0,0.3,-0.02,-0.12,-0.06,11.0,13.13,0.0,-0.01,-0.06,260.68,311.0,0.0,0.0,0.0,
1771536859844884018,135936,0.0,1.5,0.0,0.5,0.04,-0.02,-0.06,11.0,13.13,0.01,-0.01,-0.04,258.45,313.0,0.0,0.0,0.0,
1771536859943152161,136035,0.0,1.1,0.0,1.2,0.04,-0.02,-0.06,11.0,13.13,-0.01,0.01,-0.06,260.68,313.0,0.0,0.0,0.0,
1771536860045579913,136135,0.0,0.6,0.0,0.4,0.02,0.02,-0.06,11.0,13.13,0.0,0.03,-0.07,259.48,312.0,0.0,0.0,0.0,
1771536860143850741,136236,0.0,1.1,0.0,0.4,-0.06,-0.02,-0.06,11.0,13.13,-0.01,0.0,-0.07,260.68,312.0,0.0,0.0,0.0,
1771536860246234512,136336,0.0,0.8,0.0,0.6,0.0,-0.06,-0.06,11.0,13.13,0.0,-0.01,-0.05,259.65,316.0,0.0,0.0,0.0,
1771536860344507507,136436,0.0,0.7,0.0,0.6,-0.16,-0.04,-0.06,11.0,13.13,0.0,0.01,-0.1,260.68,312.0,0.0,0.0,0.0,
1771536860446987333,136537,0.0,0.9,0.0,0.5,-0.14,-0.12,-0.06,11.0,13.13,0.0,0.0,-0.05,263.77,312.0,0.0,0.0,0.0,
1771536860545235384,136637,0.0,0.7,0.0,0.5,-0.1,-0.06,-0.06,11.0,13.13,0.0,0.01,-0.05,259.48,316.0,0.0,0.0,0.0,
1771536860647674043,136737,0.0,0.9,0.0,0.5,-0.02,-0.06,-0.06,11.0,13.13,0.0,0.02,-0.07,260.68,311.0,0.0,0.0,0.0,
1771536860745977353,136838,0.0,1.1,0.0,0.5,-0.08,-0.12,-0.06,11.0,13.13,-0.02,0.0,-0.04,263.77,311.0,0.0,0.0,0.0,
1771536860848385124,136937,0.0,0.8,0.0,0.3,0.0,-0.02,-0.06,11.0,13.13,0.01,0.0,-0.04,263.77,314.0,0.0,0.0,0.0,
1771536860946671508,137037,0.0,1.0,0.0,0.3,0.02,-0.04,-0.06,11.0,13.13,0.01,0.0,-0.05,264.8,314.0,0.0,0.0,0.0,
1771536861049103390,137138,0.0,0.7,0.0,0.5,0.0,-0.02,-0.06,11.0,13.13,0.0,0.0,-0.04,263.77,314.0,0.0,0.0,0.0,
1771536861147369551,137238,0.0,0.8,0.0,0.4,0.02,-0.06,-0.06,11.0,13.13,0.0,0.0,-0.03,260.34,314.0,0.0,0.0,0.0,
1771536861245598454,137337,0.0,0.7,0.0,0.3,-0.12,-0.06,-0.06,11.0,13.13,0.0,0.0,-0.06,264.8,314.0,0.0,0.0,0.0,
1771536861348083632,137437,0.0,0.9,0.0,0.3,-0.06,0.16,-0.06,11.0,13.13,0.01,0.01,-0.04,260.51,310.0,0.0,0.0,0.0,
1771536861446329886,137537,0.0,0.9,0.0,0.1,-0.18,-0.14,-0.06,11.0,13.13,0.02,0.01,-0.04,260.51,318.0,0.0,0.0,0.0,
1771536861548763527,137637,0.0,0.5,0.0,0.6,-0.02,-0.1,-0.06,11.0,13.13,0.0,0.0,-0.04,264.8,318.0,0.0,0.0,0.0,
1771536861647069763,137737,0.0,0.9,0.004,0.3,0.04,-0.1,-0.06,11.0,13.13,0.01,0.01,-0.03,264.8,309.0,0.0,0.0,0.0,
1771536861749462626,137837,0.0,0.4,0.0,1.5,0.0,0.14,-0.06,11.0,13.13,0.0,-0.02,-0.07,263.6,310.0,0.0,0.0,0.0,
1771536861847771010,137937,0.0,1.4,0.0,0.5,-0.04,-0.1,-0.06,11.0,13.13,-0.01,-0.01,-0.03,263.6,310.0,0.0,0.0,0.0,
1771536861950173929,138038,0.0,0.3,0.0,1.1,-0.02,-0.04,-0.06,11.0,13.13,0.02,0.02,-0.07,264.8,313.0,0.0,0.0,0.0,
1771536862048458424,138138,0.0,1.1,0.0,0.2,-0.02,0.04,-0.06,11.0,13.13,0.0,0.0,-0.04,264.97,316.0,0.0,0.0,0.0,
1771536862146749104,138238,0.0,0.9,0.0,0.5,-0.08,0.1,-0.06,11.0,13.13,-0.01,0.0,-0.03,260.51,316.0,0.0,0.0,0.0,
1771536862249131949,138337,0.0,0.6,0.0,0.3,-0.1,-0.08,-0.06,11.0,13.13,0.0,0.0,-0.04,260.51,312.0,0.0,0.0,0.0,
1771536862347462259,138437,0.0,0.9,0.0,1.3,0.0,-0.02,-0.06,11.0,13.13,0.03,-0.02,-0.02,260.68,312.0,0.0,0.0,0.0,
1771536862449894733,138537,0.0,1.3,0.0,0.2,-0.06,-0.06,-0.06,11.0,13.13,0.02,0.0,-0.02,263.77,314.0,0.0,0.0,0.0,
1771536862548154303,138637,0.0,1.0,0.0,0.3,-0.02,-0.1,-0.06,11.0,13.13,-0.01,0.01,-0.03,264.8,312.0,0.0,0.0,0.0,
1771536862646423927,138737,0.0,1.2,0.0,0.3,0.0,0.02,-0.06,11.0,13.13,0.01,0.0,-0.04,260.68,312.0,0.0,0.0,0.0,
1771536862748864698,138836,0.0,1.5,0.0,0.2,0.04,-0.06,-0.06,11.0,13.13,0.0,0.0,-0.04,263.77,316.0,0.0,0.0,0.0,
1771536862847223897,138936,0.0,1.2,0.0,0.1,-0.04,-0.08,-0.06,11.0,13.13,0.0,0.0,-0.06,263.77,311.0,0.0,0.0,0.0,
1771536862949557297,139036,0.0,1.2,0.0,0.3,0.06,-0.02,-0.06,11.0,13.13,0.0,0.0,-0.05,260.51,311.0,0.0,0.0,0.0,
1771536863047856885,139137,0.0,1.1,0.0,0.1,-0.04,-0.06,-0.06,11.0,13.13,0.02,-0.01,-0.04,263.77,312.0,0.0,0.0,0.0,
1771536863150251414,139237,0.0,1.3,0.0,0.2,0.08,-0.12,-0.06,11.0,13.13,0.0,0.02,-0.03,262.74,313.0,0.0,0.0,0.0,
1771536863248531965,139337,0.0,1.3,0.0,0.3,-0.1,-0.02,-0.06,11.0,13.13,0.0,-0.01,-0.04,263.77,313.0,0.0,0.0,0.0,
1771536863350949069,139438,0.0,1.2,0.0,0.6,-0.08,0.08,-0.06,11.0,13.13,0.0,0.0,-0.02,264.8,311.0,0.0,0.0,0.0,
1771536863449276805,139538,0.0,0.2,0.0,1.3,0.02,-0.08,-0.06,11.0,13.13,0.01,0.0,-0.04,259.48,311.0,0.0,0.0,0.0,
1771536863551643575,139638,0.0,0.7,0.0,0.2,-0.04,-0.06,-0.06,11.0,13.13,0.0,0.0,-0.04,263.77,312.0,0.0,0.0,0.0,
1771536863649947941,139738,0.0,0.8,0.0,0.3,-0.14,0.04,-0.06,11.0,13.13,0.0,0.0,-0.07,264.28,313.0,0.0,0.0,0.0,
1771536863752346526,139838,0.0,0.7,0.0,0.3,0.0,-0.08,-0.06,11.0,13.13,0.0,0.01,-0.03,263.77,313.0,0.0,0.0,0.0,
1771536863850642873,139938,0.0,0.7,0.0,0.1,-0.18,-0.04,-0.06,11.0,13.13,0.0,-0.01,-0.04,263.77,315.0,0.0,0.0,0.0,
1771536863948921628,140039,0.0,1.1,0.0,0.3,0.1,-0.1,-0.06,11.0,13.13,-0.01,-0.01,-0.03,264.8,314.0,0.0,0.0,0.0,
1771536864051360306,140138,0.0,0.7,0.016,0.2,-0.06,-0.02,-0.06,11.0,13.13,0.0,0.0,-0.04,264.8,314.0,0.0,0.0,0.0,
1771536864149643079,140238,0.0,0.7,0.0,0.1,-0.08,-0.2,-0.06,11.0,13.13,0.0,0.0,-0.01,264.8,309.0,0.0,0.0,0.0,
1771536864252002423,140338,0.0,0.9,0.0,0.2,-0.18,-0.02,-0.06,11.0,13.13,0.01,0.0,-0.02,263.77,313.0,0.0,0.0,0.0,
1771536864350406863,140438,0.0,0.9,0.0,0.2,0.04,0.04,-0.06,11.0,13.13,-0.01,0.0,-0.04,263.6,313.0,0.0,0.0,0.0,
1771536864448605136,140538,0.0,0.9,0.0,0.3,0.1,-0.04,-0.06,11.0,13.13,0.02,0.0,-0.04,260.68,316.0,0.0,0.0,0.0,
1771536864551044906,140638,0.0,0.9,0.0,0.0,-0.04,-0.08,-0.06,11.0,13.13,-0.01,0.0,-0.04,263.77,318.0,0.0,0.0,0.0,
1771536864649337568,140738,0.0,0.8,0.0,0.1,0.0,-0.04,-0.06,11.0,13.13,0.03,0.0,-0.04,263.77,318.0,0.0,0.0,0.0,
1771536864757695973,140837,0.0,0.9,0.0,0.3,0.1,-0.08,-0.06,11.0,13.13,-0.01,0.0,-0.06,264.8,310.0,0.0,0.0,0.0,
1771536864850050075,140937,0.0,1.2,0.0,0.2,-0.06,0.1,-0.06,11.0,13.13,0.02,0.0,-0.03,263.77,310.0,0.0,0.0,0.0,
1771536864948298347,141037,0.0,0.5,0.0,0.2,0.06,-0.04,-0.06,11.0,13.13,0.0,-0.01,-0.02,264.8,314.0,0.0,0.0,0.0,
1771536865050745322,141137,0.0,0.7,0.0,0.2,0.04,-0.14,-0.06,11.0,13.13,0.01,0.01,-0.02,263.77,311.0,0.0,0.0,0.0,
1771536865149037909,141236,0.0,0.4,0.0,0.4,-0.08,-0.06,-0.06,11.0,13.13,0.0,0.0,0.0,264.8,311.0,0.0,0.0,0.0,
1771536865247277108,141336,0.0,0.8,0.0,1.3,0.04,0.04,-0.06,11.0,13.13,0.0,0.0,-0.03,259.48,317.0,0.0,0.0,0.0,
1771536865349757990,141436,0.0,1.3,0.0,0.3,0.02,0.02,-0.06,11.0,13.13,0.0,-0.02,-0.01,260.68,313.0,0.0,0.0,0.0,
1771536865448030059,141536,0.0,1.4,0.0,0.2,0.02,-0.08,-0.06,11.0,13.13,0.0,0.01,0.0,263.77,313.0,0.0,0.0,0.0,
1771536865550441071,141636,0.0,1.2,0.0,0.3,-0.06,-0.04,-0.06,11.0,13.13,0.0,0.0,0.0,260.68,313.0,0.0,0.0,0.0,
1771536865648731436,141736,0.0,1.1,0.0,0.6,0.0,0.06,-0.06,11.0,13.13,-0.01,0.01,-0.04,264.8,313.0,0.0,0.0,0.0,
1771536865751132984,141836,0.0,1.2,0.0,0.2,0.06,-0.04,-0.06,11.0,13.13,0.01,0.0,-0.04,264.8,314.0,0.0,0.0,0.0,
1771536865849428091,141936,0.0,1.2,0.0,0.2,-0.16,-0.04,-0.06,11.0,13.13,-0.02,0.0,-0.02,264.8,314.0,0.0,0.0,0.0,
1771536865947712715,142036,0.0,1.3,0.0,0.3,-0.08,-0.1,-0.06,11.0,13.13,-0.01,0.0,-0.04,264.8,314.0,0.0,0.0,0.0,
1771536866050129838,142136,0.0,1.1,0.0,0.5,0.08,-0.04,-0.06,11.0,13.13,0.01,0.0,-0.04,259.48,315.0,0.0,0.0,0.0,
1771536866148379259,142236,0.0,1.4,0.0,0.3,-0.06,-0.06,-0.06,11.0,13.13,0.01,0.02,-0.04,259.48,314.0,0.0,0.0,0.0,
1771536866250785474,142337,0.0,1.2,0.0,0.4,-0.08,-0.14,-0.06,11.0,13.13,0.02,0.0,-0.03,263.77,314.0,0.0,0.0,0.0,
1771536866349097450,142437,0.0,1.3,0.0,0.2,-0.06,-0.06,-0.06,11.0,13.13,0.0,0.01,-0.04,259.48,313.0,0.0,0.0,0.0,
1771536866451528517,142537,0.0,1.3,0.0,0.2,-0.04,0.08,-0.06,11.0,13.13,0.0,0.0,-0.03,259.48,315.0,0.0,0.0,0.0,
1771536866549775031,142638,0.0,1.1,0.0,0.2,0.0,0.16,-0.06,11.0,13.13,0.0,0.0,0.0,260.51,315.0,0.0,0.0,0.0,
1771536866652226320,142738,0.0,1.3,0.0,0.5,-0.14,-0.21,-0.06,11.0,13.13,0.0,0.02,-0.04,259.48,313.0,0.0,0.0,0.0,
1771536866750513186,142838,0.0,1.3,0.0,0.2,0.06,-0.1,-0.06,11.0,13.13,0.02,0.0,-0.01,260.51,314.0,0.0,0.0,0.0,
1771536866852924345,142938,0.0,1.3,0.0,0.2,-0.04,0.06,-0.06,11.0,13.13,-0.02,0.01,0.0,264.8,314.0,0.0,0.0,0.0,
1771536866951216100,143038,0.0,1.2,0.0,0.2,-0.04,0.0,-0.06,11.0,13.13,0.02,0.0,-0.02,263.77,312.0,0.0,0.0,0.0,
1771536867053618277,143138,0.0,1.4,0.0,0.3,-0.04,-0.1,-0.06,11.0,13.13,0.01,-0.01,-0.02,263.77,312.0,0.0,0.0,0.0,
1771536867151936328,143239,0.0,1.3,0.0,0.1,-0.04,0.02,-0.06,11.0,13.13,0.0,-0.01,-0.04,268.05,312.0,0.0,0.0,0.0,
1771536867254309839,143339,0.0,1.4,0.0,0.5,-0.04,-0.1,-0.06,11.0,13.13,0.0,0.02,-0.04,264.8,312.0,0.0,0.0,0.0,
1771536867352612557,143439,0.0,1.2,0.0,0.2,0.02,0.08,-0.06,11.0,13.13,0.01,0.0,-0.04,263.77,312.0,0.0,0.0,0.0,
1771536867455010012,143540,0.0,1.4,0.0,0.3,0.0,0.14,-0.06,11.0,13.13,-0.01,0.0,-0.06,264.8,315.0,0.0,0.0,0.0,
1771536867553245341,143640,0.0,1.3,0.0,0.2,-0.1,0.0,-0.06,11.0,13.13,0.0,0.0,-0.04,264.8,309.0,0.0,0.0,0.0,
1771536867655715834,143740,0.0,1.3,0.0,0.3,-0.1,-0.1,-0.06,11.0,13.13,0.0,0.0,-0.03,264.8,309.0,0.0,0.0,0.0,
1771536867754016940,143841,0.0,1.1,0.0,0.3,-0.04,0.04,-0.06,11.0,13.13,0.01,0.01,-0.01,263.77,314.0,0.0,0.0,0.0,
1771536867856414377,143940,0.0,1.1,0.0,0.5,-0.14,-0.2,-0.06,11.0,13.13,0.0,0.03,-0.05,264.8,313.0,0.0,0.0,0.0,
1771536867954713187,144040,0.0,1.2,0.0,0.3,-0.06,-0.06,-0.06,11.0,13.13,0.0,0.0,-0.04,263.77,313.0,0.0,0.0,0.0,
1771536868053001367,144140,0.0,1.2,0.0,0.5,0.04,0.04,-0.06,11.0,13.13,0.0,-0.01,-0.02,263.77,313.0,0.0,0.0,0.0,
1771536868155410953,144239,0.0,1.1,0.0,0.3,0.08,-0.2,-0.06,11.0,13.13,0.03,0.0,-0.04,264.8,313.0,0.0,0.0,0.0,
1771536868253686152,144339,0.0,1.2,0.0,0.4,-0.1,-0.02,-0.06,11.0,13.13,0.0,0.0,-0.04,263.77,308.0,0.0,0.0,0.0,
1771536868352000462,144439,0.0,1.3,0.0,0.2,-0.06,-0.04,-0.06,11.0,13.13,0.0,0.02,-0.03,263.77,312.0,0.0,0.0,0.0,
1771536868454402806,144539,0.0,1.3,0.0,0.3,-0.06,0.02,-0.06,11.0,13.13,0.01,0.02,-0.04,263.6,312.0,0.0,0.0,0.0,
1771536868552672542,144640,0.0,1.6,0.0,0.3,0.0,-0.04,-0.06,11.0,13.13,0.0,0.0,-0.05,264.8,314.0,0.0,0.0,0.0,
1771536868655091498,144739,0.0,1.2,0.0,0.3,0.06,-0.1,-0.06,11.0,13.13,0.0,0.01,-0.05,263.77,316.0,0.0,0.0,0.0,
1771536868753401956,144839,0.0,1.2,0.0,0.7,0.1,0.08,-0.06,11.0,13.13,0.0,0.0,-0.03,264.8,316.0,0.0,0.0,0.0,
1771536868855852023,144940,0.0,1.2,0.0,0.3,-0.06,-0.06,-0.06,11.0,13.13,-0.01,0.01,-0.02,264.8,312.0,0.0,0.0,0.0,
1771536868954089703,145040,0.0,1.3,0.0,0.5,0.06,-0.1,-0.06,11.0,13.13,0.0,-0.02,-0.04,264.8,312.0,0.0,0.0,0.0,
1771536869056501844,145140,0.0,1.2,0.0,0.0,-0.02,-0.1,-0.06,11.0,13.13,0.01,-0.01,-0.04,264.8,312.0,0.0,0.0,0.0,
1771536869154764654,145241,0.0,1.1,0.0,0.3,-0.02,-0.1,-0.06,11.0,13.13,-0.01,0.02,-0.05,264.8,312.0,0.0,0.0,0.0,
1771536869257186869,145341,0.0,1.3,0.0,0.2,-0.08,-0.04,-0.06,11.0,13.13,-0.01,-0.01,-0.02,264.8,311.0,0.0,0.0,0.0,
1771536869355467586,145441,0.0,1.2,0.0,0.6,-0.06,0.02,-0.06,11.0,13.13,0.01,0.0,-0.05,263.77,311.0,0.0,0.0,0.0,
1771536869457896468,145542,0.0,1.5,0.0,0.4,-0.04,-0.04,-0.06,11.0,13.13,0.0,-0.01,-0.04,263.77,314.0,0.0,0.0,0.0,
1771536869556181111,145642,0.0,1.5,0.0,0.3,0.06,0.04,-0.06,11.0,13.13,-0.01,0.0,-0.06,263.77,314.0,0.0,0.0,0.0,
1771536869658585548,145742,0.0,1.2,0.0,0.0,0.0,-0.06,-0.06,11.0,13.13,0.0,-0.01,-0.04,264.8,313.0,0.0,0.0,0.0,
1771536869756884914,145842,0.0,1.3,0.0,0.6,-0.06,-0.02,-0.06,11.0,13.13,0.01,0.0,-0.03,259.48,312.0,0.0,0.0,0.0,
1771536869859383629,145942,0.0,1.4,0.0,0.3,-0.08,-0.08,-0.06,11.0,13.13,0.0,0.01,-0.05,263.77,312.0,0.0,0.0,0.0,
1771536869957597087,146042,0.0,1.5,0.0,0.3,-0.04,-0.1,-0.06,11.0,13.13,0.0,0.0,-0.04,263.6,314.0,0.0,0.0,0.0,
1771536870055838397,146142,0.0,1.3,0.0,0.2,-0.06,-0.21,-0.06,11.0,13.13,0.0,0.0,-0.05,263.77,313.0,0.0,0.0,0.0,
1771536870158299908,146242,0.0,1.2,0.0,0.5,-0.14,0.1,-0.06,11.0,13.13,0.0,0.0,-0.04,263.77,313.0,0.0,0.0,0.0,
1771536870256576311,146342,0.0,1.1,0.0,0.6,-0.02,-0.04,-0.06,11.0,13.13,0.0,0.0,-0.02,264.8,313.0,0.0,0.0,0.0,
1771536870358975748,146442,0.0,1.1,0.0,0.1,0.04,-0.18,-0.06,11.0,13.13,0.0,0.02,0.0,263.77,313.0,0.0,0.0,0.0,
1771536870457321780,146542,0.0,1.3,0.0,0.3,-0.08,-0.06,-0.06,11.0,13.13,0.02,0.01,-0.03,259.48,313.0,0.0,0.0,0.0,
1771536870555528479,146642,0.0,1.3,0.0,0.2,-0.1,-0.12,-0.06,11.0,13.13,0.0,0.0,-0.04,263.77,314.0,0.0,0.0,0.0,
1771536870657991102,146741,0.0,1.4,0.0,0.3,0.06,-0.12,-0.06,11.0,13.13,0.01,-0.02,-0.02,264.8,314.0,0.0,0.0,0.0,
1771536870756214078,146841,0.0,1.1,0.0,0.2,0.1,-0.04,-0.06,11.0,13.13,0.01,0.0,-0.04,264.8,313.0,0.0,0.0,0.0,
1771536870858676441,146941,0.0,1.2,0.0,0.5,-0.02,0.02,-0.06,11.0,13.13,0.0,0.0,-0.05,264.8,314.0,0.0,0.0,0.0,
1771536870956975085,147041,0.0,1.3,0.0,0.3,0.02,-0.1,-0.06,11.0,13.13,-0.01,0.01,-0.04,259.48,314.0,0.0,0.0,0.0,
1771536871059406485,147141,0.0,1.3,0.0,0.4,-0.16,0.02,-0.06,11.0,13.13,0.01,0.02,-0.04,259.48,312.0,0.0,0.0,0.0,
1771536871157681850,147241,0.0,1.3,0.0,0.2,0.04,0.04,-0.06,11.0,13.13,0.0,-0.01,-0.04,263.77,313.0,0.0,0.0,0.0,
1771536871260035658,147341,0.0,1.5,0.0,0.5,-0.08,-0.06,-0.06,11.0,13.13,0.0,0.01,-0.04,264.8,313.0,0.0,0.0,0.0,
1771536871358351912,147441,0.0,1.3,0.0,0.1,0.06,0.04,-0.06,11.0,13.13,0.0,0.01,-0.06,264.8,313.0,0.0,0.0,0.0,
1771536871460767572,147542,0.0,1.5,0.0,0.4,0.08,-0.1,-0.06,11.0,13.13,0.0,0.02,-0.08,264.8,316.0,0.0,0.0,0.0,
1771536871559067011,147642,0.0,1.1,0.0,0.1,-0.02,0.0,-0.06,11.0,13.13,0.0,0.01,-0.03,259.48,316.0,0.0,0.0,0.0,
1771536871657319284,147742,0.0,1.3,0.0,0.5,-0.1,-0.08,-0.06,11.0,13.13,0.0,0.0,-0.06,259.48,312.0,0.0,0.0,0.0,
1771536871759767055,147843,0.0,0.2,0.0,1.1,0.0,-0.1,-0.06,11.0,13.13,0.02,0.0,-0.03,264.8,312.0,0.0,0.0,0.0,
1771536871858042254,147942,0.0,0.6,0.004,0.4,-0.08,0.18,-0.06,11.0,13.13,0.0,0.0,-0.05,264.8,313.0,0.0,0.0,0.0,
1771536871960442265,148042,0.0,0.7,0.0,0.1,-0.1,-0.04,-0.06,11.0,13.13,0.01,-0.01,-0.04,264.8,311.0,0.0,0.0,0.0,
1771536872058757149,148143,0.0,1.0,0.0,0.5,-0.02,-0.04,-0.06,11.0,13.13,0.03,-0.01,-0.05,263.77,311.0,0.0,0.0,0.0,
1771536872161211086,148243,0.0,0.9,0.0,0.6,0.0,-0.08,-0.06,11.0,13.13,0.0,-0.02,-0.04,260.51,316.0,0.0,0.0,0.0,
1771536872259408785,148343,0.0,0.7,0.0,0.5,-0.16,-0.18,-0.06,11.0,13.13,0.0,0.0,-0.03,264.8,311.0,0.0,0.0,0.0,
1771536872361865685,148444,0.0,0.7,0.0,0.3,-0.02,-0.02,-0.06,11.0,13.13,0.0,0.0,-0.04,263.77,311.0,0.0,0.0,0.0,
1771536872460161217,148544,0.0,0.8,0.0,0.2,0.0,0.02,-0.06,11.0,13.13,0.02,0.01,-0.06,263.77,313.0,0.0,0.0,0.0,
1771536872562630525,148644,0.0,0.9,0.0,0.2,0.06,0.06,-0.06,11.0,13.13,0.0,-0.02,-0.06,264.8,312.0,0.0,0.0,0.0,
1771536872660853594,148744,0.0,0.9,0.0,0.3,-0.06,-0.04,-0.06,11.0,13.13,0.02,0.0,-0.04,264.8,312.0,0.0,0.0,0.0,
1771536872763263476,148844,0.0,0.6,0.0,0.2,0.06,-0.14,-0.06,11.0,13.13,0.0,0.0,-0.06,259.48,315.0,0.0,0.0,0.0,
1771536872861564786,148944,0.0,1.0,0.0,0.2,0.0,-0.04,-0.06,11.0,13.13,0.01,0.0,-0.04,260.51,315.0,0.0,0.0,0.0,
1771536872963946390,149045,0.0,0.8,0.0,0.3,0.14,0.02,-0.06,11.0,13.13,0.0,0.01,-0.06,263.77,312.0,0.0,0.0,0.0,
1771536873062362941,149145,0.0,1.0,0.0,0.3,0.04,0.04,-0.06,11.0,13.13,0.0,0.02,-0.03,264.8,314.0,0.0,0.0,0.0,
1771536873164779415,149245,0.0,0.8,0.0,0.5,0.02,0.06,-0.06,11.0,13.13,0.01,0.0,-0.04,259.48,314.0,0.0,0.0,0.0,
1771536873262915058,149346,0.0,0.0,0.0,0.0,0.12,-0.16,-0.06,11.0,13.13,0.0,0.0,-0.04,259.65,314.0,0.0,0.0,0.0,
1771536873365355736,149446,0.0,1.4,0.0,0.5,0.0,0.0,-0.06,11.0,13.13,0.02,0.0,-0.05,259.48,311.0,0.0,0.0,0.0,
1771536873463625638,149547,0.0,1.3,0.0,0.3,0.0,-0.08,-0.06,11.0,13.13,0.0,0.0,-0.07,260.51,311.0,0.0,0.0,0.0,
1771536873565980372,149647,0.0,1.5,0.0,0.5,-0.04,-0.02,-0.06,11.0,13.13,0.0,0.02,-0.04,260.51,311.0,0.0,0.0,0.0,
1771536873664251311,149747,0.0,1.5,0.0,0.3,0.06,-0.14,-0.06,11.0,13.13,0.0,0.0,-0.06,260.68,315.0,0.0,0.0,0.0,
1771536873766742841,149848,0.0,1.3,0.0,0.4,0.0,-0.08,-0.06,11.0,13.13,0.0,0.0,-0.07,260.68,315.0,0.0,0.0,0.0,
1771536873864942929,149948,0.0,1.3,0.0,0.5,0.2,0.0,-0.06,11.0,13.13,0.0,0.0,-0.05,260.51,312.0,0.0,0.0,0.0,
1771536873967373662,150048,0.0,1.5,0.0,0.2,-0.02,0.02,-0.06,11.0,13.13,-0.02,0.01,-0.05,259.48,315.0,0.0,0.0,0.0,
1771536874065673157,150148,0.0,1.3,0.0,0.5,-0.02,-0.1,-0.06,11.0,13.13,0.01,-0.01,-0.04,259.48,315.0,0.0,0.0,0.0,
1771536874168072095,150248,0.0,1.2,0.0,0.5,-0.12,-0.04,-0.06,11.0,13.13,0.01,0.0,-0.06,260.51,313.0,0.0,0.0,0.0,
1771536874266369516,150348,0.0,1.3,0.0,0.2,-0.08,-0.06,-0.06,11.0,13.13,0.0,0.0,-0.04,260.51,313.0,0.0,0.0,0.0,
1771536874368827731,150449,0.0,1.1,0.0,0.0,-0.06,-0.08,-0.06,11.0,13.13,0.0,0.0,-0.04,260.68,316.0,0.0,0.0,0.0,
1771536874467061726,150549,0.0,1.4,0.0,0.2,-0.02,-0.08,-0.06,11.0,13.13,-0.01,0.0,0.0,260.68,311.0,0.0,0.0,0.0,
1771536874569464218,150649,0.0,1.3,0.0,0.3,0.1,-0.1,-0.06,11.0,13.13,0.0,0.02,-0.04,260.51,311.0,0.0,0.0,0.0,
1771536874667757473,150750,0.0,1.4,0.0,0.2,0.02,-0.12,-0.06,11.0,13.13,0.02,0.0,-0.04,260.51,314.0,0.0,0.0,0.0,
1771536874770157503,150849,0.0,1.3,0.0,0.4,-0.06,-0.02,-0.06,11.0,13.13,0.0,-0.01,-0.03,260.68,310.0,0.0,0.0,0.0,
1771536874868480850,150949,0.0,1.1,0.0,0.3,-0.14,0.0,-0.06,11.0,13.13,0.0,0.0,-0.04,260.68,310.0,0.0,0.0,0.0,
1771536874970919176,151050,0.0,1.2,0.0,0.3,-0.04,-0.18,-0.06,11.0,13.13,0.0,0.0,-0.03,259.65,315.0,0.0,0.0,0.0,
1771536875069162116,151150,0.0,1.2,0.0,0.2,0.14,-0.04,-0.06,11.0,13.13,0.0,0.0,-0.05,259.48,313.0,0.0,0.0,0.0,
1771536875167458666,151250,0.0,1.2,0.0,0.5,-0.1,-0.12,-0.06,11.0,13.13,0.0,0.01,-0.05,259.48,313.0,0.0,0.0,0.0,
1771536875269857066,151350,0.0,1.5,0.0,0.2,-0.12,-0.02,-0.06,11.0,13.13,0.0,0.0,-0.02,260.68,315.0,0.0,0.0,0.0,
1771536875368157691,151449,0.0,1.3,0.0,0.2,-0.18,0.04,-0.06,11.0,13.13,0.0,-0.03,-0.03,260.51,315.0,0.0,0.0,0.0,
1771536875466459094,151548,0.0,1.2,0.004,0.3,0.0,-0.04,-0.06,11.0,13.13,0.0,0.01,-0.03,264.97,312.0,0.0,0.0,0.0,
1771536875568861457,151648,0.0,0.3,0.0,1.2,0.04,-0.1,-0.06,11.0,13.13,0.01,0.01,-0.04,259.65,312.0,0.0,0.0,0.0,
1771536875667161989,151748,0.0,0.9,0.004,0.2,-0.02,-0.1,-0.06,11.0,13.13,0.0,0.02,-0.02,259.65,312.0,0.0,0.0,0.0,
1771536875765426947,151848,0.0,0.7,0.0,0.3,-0.12,-0.14,-0.06,11.0,13.13,-0.02,0.0,-0.02,259.65,312.0,0.0,0.0,0.0,
1771536875867859847,151948,0.0,0.8,0.0,0.1,0.0,-0.18,-0.06,11.0,13.13,0.0,0.0,-0.02,260.68,310.0,0.0,0.0,0.0,
1771536875966154157,152048,0.0,0.9,0.0,0.3,-0.06,0.06,-0.06,11.0,13.13,0.0,0.0,-0.04,260.68,310.0,0.0,0.0,0.0,
1771536876068562984,152147,0.0,0.9,0.0,0.2,0.12,0.04,-0.06,11.0,13.13,0.0,0.0,-0.04,260.68,310.0,0.0,0.0,0.0,
1771536876166860793,152247,0.0,0.9,0.0,0.5,-0.06,-0.18,-0.06,11.0,13.13,0.0,0.01,0.0,259.65,315.0,0.0,0.0,0.0,
1771536876265123937,152347,0.0,0.7,0.0,0.4,-0.04,0.08,-0.06,11.0,13.13,0.02,0.0,-0.04,260.51,315.0,0.0,0.0,0.0,
1771536876367549040,152448,0.0,0.9,0.0,0.1,0.12,-0.02,-0.06,11.0,13.13,0.0,0.0,-0.01,260.51,313.0,0.0,0.0,0.0,
1771536876469949663,152548,0.0,0.9,0.0,1.5,0.12,0.06,-0.06,11.0,13.13,0.01,0.0,-0.03,258.45,312.0,0.0,0.0,0.0,
1771536876568251529,152648,0.0,1.2,0.0,0.2,0.04,0.14,-0.06,11.0,13.13,0.0,0.0,-0.01,259.48,312.0,0.0,0.0,0.0,
1771536876666527875,152748,0.0,0.8,0.0,0.3,-0.04,0.0,-0.06,11.0,13.13,0.01,-0.02,-0.04,260.68,312.0,0.0,0.0,0.0,
1771536876768947183,152848,0.0,1.0,0.0,0.3,-0.06,-0.08,-0.06,11.0,13.13,-0.01,0.0,-0.05,259.48,312.0,0.0,0.0,0.0,
1771536876867250845,152948,0.0,1.0,0.0,0.2,0.04,-0.2,-0.06,11.0,13.13,0.02,-0.01,-0.04,259.65,312.0,0.0,0.0,0.0,
1771536876969642245,153049,0.0,1.0,0.0,0.1,0.0,0.0,-0.06,11.0,13.13,0.01,0.0,-0.02,260.68,311.0,0.0,0.0,0.0,
1771536877067911221,153149,0.0,0.9,0.0,0.4,-0.06,0.0,-0.06,11.0,13.13,-0.02,0.01,-0.02,259.48,311.0,0.0,0.0,0.0,
1771536877170350881,153249,0.0,0.7,0.0,0.3,0.04,0.02,-0.06,11.0,13.13,0.0,0.0,-0.06,259.48,309.0,0.0,0.0,0.0,
1771536877268616302,153350,0.0,1.0,0.0,1.4,0.0,0.08,-0.06,11.0,13.13,0.0,0.01,-0.02,260.68,313.0,0.0,0.0,0.0,
1771536877371034684,153450,0.0,1.2,0.0,-0.1,-0.04,-0.14,-0.06,11.0,13.13,0.02,0.0,0.0,263.77,313.0,0.0,0.0,0.0,
1771536877469336105,153550,0.0,1.4,0.0,0.5,-0.08,0.04,-0.06,11.0,13.13,0.0,0.0,-0.04,263.77,311.0,0.0,0.0,0.0,
1771536877571738338,153650,0.0,1.4,0.0,0.3,-0.14,-0.16,-0.06,11.0,13.13,0.0,0.01,-0.04,264.8,311.0,0.0,0.0,0.0,
1771536877670030093,153750,0.0,1.5,0.0,0.5,-0.04,-0.12,-0.06,11.0,13.13,0.01,0.0,-0.03,263.77,311.0,0.0,0.0,0.0,
1771536877768343069,153849,0.0,1.3,0.0,0.4,0.08,-0.08,-0.06,11.0,13.13,0.0,0.0,-0.02,264.97,315.0,0.0,0.0,0.0,
1771536877870739395,153949,0.0,1.4,0.0,0.2,-0.06,0.04,-0.06,11.0,13.13,0.0,0.02,-0.03,259.48,315.0,0.0,0.0,0.0,
1771536877969042057,154048,0.0,1.3,0.0,0.3,-0.08,-0.06,-0.06,11.0,13.13,0.01,0.0,-0.01,259.48,311.0,0.0,0.0,0.0,
1771536878067376293,154147,0.0,1.3,0.0,0.3,-0.06,-0.06,-0.06,11.0,13.13,0.0,0.02,-0.01,260.51,313.0,0.0,0.0,0.0,
1771536878169808916,154247,0.0,1.5,0.0,0.2,-0.06,0.02,-0.06,11.0,13.13,0.01,0.0,-0.07,259.65,313.0,0.0,0.0,0.0,
1771536878268073115,154347,0.0,1.3,0.0,0.5,-0.02,-0.12,-0.06,11.0,13.13,0.01,0.02,-0.03,259.48,313.0,0.0,0.0,0.0,
1771536878366366610,154447,0.0,1.2,0.0,0.1,0.0,-0.08,-0.06,11.0,13.13,0.01,0.0,-0.03,259.48,314.0,0.0,0.0,0.0,
1771536878468805251,154547,0.0,1.4,0.0,0.3,-0.04,-0.04,-0.06,11.0,13.13,-0.01,0.01,-0.06,259.48,314.0,0.0,0.0,0.0,
1771536878567099635,154647,0.0,1.2,0.0,0.3,-0.02,-0.06,-0.06,11.0,13.13,-0.01,0.01,-0.01,259.48,314.0,0.0,0.0,0.0,
1771536878665370074,154746,0.0,1.3,0.0,0.3,-0.14,0.12,-0.06,11.0,13.13,0.0,0.0,-0.02,260.68,312.0,0.0,0.0,0.0,
1771536878767805864,154846,0.0,1.1,0.0,0.5,0.02,0.0,-0.06,11.0,13.13,0.0,-0.02,-0.04,259.48,312.0,0.0,0.0,0.0,
1771536878866084692,154946,0.0,1.1,0.0,0.3,-0.08,-0.1,-0.06,11.0,13.13,0.01,0.01,-0.05,259.48,312.0,0.0,0.0,0.0,
1771536878968477888,155046,0.0,1.4,0.0,0.4,-0.08,-0.04,-0.06,11.0,13.13,-0.02,0.0,-0.03,260.68,312.0,0.0,0.0,0.0,
1771536879066800291,155146,0.0,1.3,0.0,0.1,-0.06,-0.02,-0.06,11.0,13.13,0.0,0.0,-0.04,260.51,315.0,0.0,0.0,0.0,
1771536879169220247,155246,0.0,1.5,0.0,0.5,0.08,-0.02,-0.06,11.0,13.13,0.0,-0.01,-0.04,259.48,313.0,0.0,0.0,0.0,
1771536879267489983,155346,0.0,1.4,0.0,0.3,0.0,0.04,-0.06,11.0,13.13,0.0,0.01,-0.06,260.68,313.0,0.0,0.0,0.0,
1771536879369893512,155446,0.0,1.4,0.0,0.5,-0.06,0.02,-0.06,11.0,13.13,0.0,0.02,-0.04,260.68,316.0,0.0,0.0,0.0,
1771536879468188952,155546,0.0,1.2,0.0,0.5,-0.18,-0.08,-0.06,11.0,13.13,0.0,-0.01,-0.02,264.8,312.0,0.0,0.0,0.0,
1771536879566498003,155645,0.0,1.3,0.0,0.0,-0.14,-0.1,-0.06,11.0,13.13,0.0,0.0,-0.03,263.77,312.0,0.0,0.0,0.0,
1771536879664763813,155745,0.0,1.3,0.0,0.5,0.06,0.04,-0.06,11.0,13.13,-0.01,0.03,-0.05,264.97,312.0,0.0,0.0,0.0,
1771536879767193176,155844,0.0,1.1,0.0,0.3,0.0,-0.06,-0.06,11.0,13.13,0.0,0.0,-0.05,260.51,312.0,0.0,0.0,0.0,
1771536879865486523,155944,0.0,1.1,0.0,0.4,0.04,0.0,-0.06,11.0,13.13,0.01,0.0,-0.05,264.8,313.0,0.0,0.0,0.0,
1771536879973823317,156044,0.0,1.4,0.0,0.3,-0.21,-0.04,-0.06,11.0,13.13,-0.01,0.0,-0.02,263.77,314.0,0.0,0.0,0.0,
1771536880066188807,156144,0.0,1.1,0.0,0.0,-0.18,0.08,-0.06,11.0,13.13,0.01,-0.01,-0.04,264.8,314.0,0.0,0.0,0.0,
1771536880164480284,156244,0.0,1.7,0.0,0.1,-0.12,-0.1,-0.06,11.0,13.13,0.0,0.01,-0.03,263.77,313.0,0.0,0.0,0.0,
1771536880266854906,156344,0.0,1.3,0.0,0.3,-0.04,-0.02,-0.06,11.0,13.13,0.0,0.0,-0.01,263.94,315.0,0.0,0.0,0.0,
1771536880365192216,156444,0.0,1.0,0.0,0.2,0.08,-0.08,-0.06,11.0,13.13,0.0,0.01,-0.02,264.8,315.0,0.0,0.0,0.0,
1771536880467574616,156544,0.0,1.4,0.0,1.2,0.02,-0.02,-0.06,11.0,13.13,0.0,0.02,-0.02,260.51,313.0,0.0,0.0,0.0,
1771536880565883556,156644,0.0,0.9,0.0,0.2,0.1,-0.1,-0.06,11.0,13.13,0.01,0.0,-0.05,260.51,315.0,0.0,0.0,0.0,
1771536880664177755,156743,0.0,0.9,0.0,0.2,0.02,-0.06,-0.06,11.0,13.13,-0.01,0.01,-0.02,260.51,315.0,0.0,0.0,0.0,
1771536880766583414,156843,0.0,0.7,0.0,0.3,-0.02,0.02,-0.06,11.0,13.13,0.01,0.01,-0.03,264.8,312.0,0.0,0.0,0.0,
1771536880864916428,156943,0.0,1.2,0.0,0.3,-0.04,0.21,-0.06,11.0,13.13,0.01,0.0,-0.04,264.97,313.0,0.0,0.0,0.0,
1771536880967284199,157043,0.0,0.7,0.0,0.1,0.1,0.0,-0.06,11.0,13.13,0.0,0.0,-0.06,260.51,313.0,0.0,0.0,0.0,
1771536881065574898,157144,0.0,0.8,0.0,0.2,0.0,-0.08,-0.06,11.0,13.13,0.0,-0.02,-0.01,260.68,312.0,0.0,0.0,0.0,
1771536881167973798,157243,0.0,0.6,0.004,0.4,-0.23,-0.04,-0.06,11.0,13.13,0.01,0.0,-0.03,260.68,312.0,0.0,0.0,0.0,
1771536881266245756,157343,0.0,0.7,0.0,0.1,0.12,-0.04,-0.06,11.0,13.13,0.0,0.01,-0.06,263.77,310.0,0.0,0.0,0.0,
1771536881368674119,157444,0.0,0.6,0.0,0.3,-0.04,0.06,-0.06,11.0,13.13,-0.01,0.0,-0.03,263.77,313.0,0.0,0.0,0.0,
1771536881466975799,157544,0.0,0.6,0.0,0.2,0.04,0.02,-0.06,11.0,13.13,0.0,0.0,-0.04,259.65,313.0,0.0,0.0,0.0,
1771536881569368459,157644,0.0,0.8,0.0,0.1,0.02,0.02,-0.06,11.0,13.13,-0.01,0.0,-0.05,259.48,314.0,0.0,0.0,0.0,
1771536881667679602,157745,0.0,0.7,0.0,0.4,0.02,-0.02,-0.06,11.0,13.13,0.0,0.0,-0.04,259.48,316.0,0.0,0.0,0.0,
1771536881770069539,157845,0.0,0.9,0.0,0.2,0.04,0.08,-0.06,11.0,13.13,0.0,0.01,-0.07,260.51,316.0,0.0,0.0,0.0,
1771536881868376553,157945,0.0,0.9,0.0,0.3,-0.12,-0.1,-0.06,11.0,13.13,0.0,0.0,-0.06,260.68,316.0,0.0,0.0,0.0,
1771536881966628881,158045,0.0,0.7,0.0,0.3,-0.02,0.02,-0.06,11.0,13.13,0.0,-0.02,-0.05,260.68,313.0,0.0,0.0,0.0,
1771536882069068226,158145,0.0,0.8,0.0,0.3,0.0,-0.06,-0.06,11.0,13.13,0.0,-0.01,-0.03,259.48,313.0,0.0,0.0,0.0,
1771536882167357906,158245,0.0,0.7,0.0,0.3,0.02,0.08,-0.06,11.0,13.13,0.01,0.0,-0.04,260.51,315.0,0.0,0.0,0.0,
1771536882269758769,158345,0.0,1.0,0.0,0.3,-0.14,-0.14,-0.06,11.0,13.13,0.0,0.0,-0.04,260.51,315.0,0.0,0.0,0.0,
1771536882368082320,158445,0.0,0.7,0.0,0.2,-0.06,0.14,-0.06,11.0,13.13,0.0,0.0,-0.09,259.48,312.0,0.0,0.0,0.0,
1771536882470461294,158545,0.0,0.8,0.0,0.1,0.06,0.1,-0.06,11.0,13.13,0.0,-0.02,-0.06,260.68,316.0,0.0,0.0,0.0,
1771536882568764178,158645,0.0,1.4,0.0,0.1,-0.08,-0.18,-0.06,11.0,13.13,0.0,0.0,-0.08,259.48,316.0,0.0,0.0,0.0,
1771536882671157967,158745,0.0,1.2,0.0,0.0,0.02,-0.06,-0.06,11.0,13.13,0.0,0.01,-0.05,259.48,311.0,0.0,0.0,0.0,
1771536882769462722,158845,0.0,1.3,0.0,0.2,0.02,0.0,-0.06,11.0,13.13,0.0,0.03,-0.03,260.51,317.0,0.0,0.0,0.0,
1771536882867765643,158945,0.0,1.4,0.0,0.6,0.02,0.0,-0.06,11.0,13.13,0.0,0.02,-0.04,259.48,317.0,0.0,0.0,0.0,
1771536882970172358,159045,0.0,1.4,0.0,0.1,-0.02,-0.08,-0.06,11.0,13.13,0.01,-0.01,-0.05,260.51,315.0,0.0,0.0,0.0,
1771536883068452464,159145,0.0,1.2,0.0,0.5,0.02,-0.08,-0.06,11.0,13.13,0.0,0.0,-0.06,259.48,313.0,0.0,0.0,0.0,
1771536883170856975,159245,0.0,1.1,0.0,0.2,0.1,-0.12,-0.06,11.0,13.13,-0.01,0.02,-0.05,259.48,313.0,0.0,0.0,0.0,
1771536883269222193,159344,0.0,1.2,0.0,0.6,0.0,-0.16,-0.06,11.0,13.13,0.0,0.01,-0.06,259.48,313.0,0.0,0.0,0.0,
1771536883367463447,159444,0.0,1.2,0.0,0.2,-0.02,-0.1,-0.06,11.0,13.13,0.0,0.01,-0.07,264.8,313.0,0.0,0.0,0.0,
1771536883469872755,159544,0.0,1.2,0.0,0.3,0.0,0.02,-0.06,11.0,13.13,0.0,0.0,-0.04,264.8,313.0,0.0,0.0,0.0,
1771536883568159824,159644,0.0,1.3,0.0,0.2,0.14,0.0,-0.06,11.0,13.13,0.02,0.01,-0.04,259.48,317.0,0.0,0.0,0.0,
1771536883670552243,159745,0.0,1.4,0.0,0.1,0.08,-0.04,-0.06,11.0,13.13,0.0,0.0,-0.03,259.65,317.0,0.0,0.0,0.0,
1771536883768853942,159845,0.0,1.5,0.004,0.4,0.02,-0.04,-0.06,11.0,13.13,0.01,0.0,-0.02,259.65,313.0,0.0,0.0,0.0,
1771536883867116622,159945,0.0,1.4,0.0,0.1,0.04,-0.08,-0.06,11.0,13.13,0.0,0.02,-0.05,260.51,313.0,0.0,0.0,0.0,
1771536883969558818,160045,0.0,1.3,0.0,0.1,-0.04,-0.04,-0.06,11.0,13.13,0.02,0.0,-0.04,260.51,313.0,0.0,0.0,0.0,
1771536884067804554,160145,0.0,1.1,0.0,0.1,0.04,0.0,-0.06,11.0,13.13,-0.01,-0.01,-0.04,264.97,317.0,0.0,0.0,0.0,
1771536884170240732,160245,0.0,1.2,0.0,0.5,0.1,-0.04,-0.06,11.0,13.13,0.0,0.0,-0.03,264.97,310.0,0.0,0.0,0.0,
1771536884272618132,160346,0.0,0.6,0.0,0.5,-0.04,-0.06,-0.06,11.0,13.13,0.01,0.0,-0.05,264.97,310.0,0.0,0.0,0.0,
1771536884370943572,160446,0.0,1.1,0.0,0.2,0.2,-0.12,-0.06,11.0,13.13,0.0,0.02,-0.01,259.48,312.0,0.0,0.0,0.0,
1771536884473403602,160546,0.0,0.9,0.0,0.2,-0.06,0.04,-0.06,11.0,13.13,0.0,0.0,-0.04,259.48,312.0,0.0,0.0,0.0,
1771536884571643301,160647,0.0,1.0,0.0,0.2,-0.14,0.06,-0.06,11.0,13.13,0.02,-0.01,-0.04,259.48,312.0,0.0,0.0,0.0,
1771536884674039164,160747,0.0,1.0,0.0,0.5,0.0,-0.08,-0.06,11.0,13.13,0.01,-0.01,-0.03,259.48,314.0,0.0,0.0,0.0,
1771536884772347159,160847,0.0,0.6,0.0,0.4,-0.04,-0.16,-0.06,11.0,13.13,0.01,0.0,-0.04,259.48,314.0,0.0,0.0,0.0,
1771536884874737837,160948,0.0,0.6,0.0,0.3,0.0,-0.04,-0.06,11.0,13.13,0.0,0.01,-0.03,260.68,312.0,0.0,0.0,0.0,
1771536884973035554,161047,0.0,0.8,0.0,0.4,0.04,-0.1,-0.06,11.0,13.13,0.0,0.01,-0.05,260.51,313.0,0.0,0.0,0.0,
1771536885071357346,161147,0.0,0.7,0.0,0.3,0.02,-0.04,-0.06,11.0,13.13,-0.01,0.0,-0.07,260.51,313.0,0.0,0.0,0.0,
1771536885173742764,161247,0.0,0.9,0.0,0.3,-0.08,-0.16,-0.06,11.0,13.13,0.0,-0.02,-0.05,260.51,312.0,0.0,0.0,0.0,
1771536885271997907,161347,0.0,0.9,0.0,0.5,0.02,-0.23,-0.06,11.0,13.13,0.02,0.02,-0.04,260.51,317.0,0.0,0.0,0.0,
1771536885374430456,161447,0.0,0.9,0.0,0.2,0.08,-0.02,-0.06,11.0,13.13,0.0,0.0,-0.02,264.97,317.0,0.0,0.0,0.0,
1771536885472716266,161548,0.0,0.7,0.0,0.5,0.0,-0.1,-0.06,11.0,13.13,0.0,0.0,-0.03,259.48,314.0,0.0,0.0,0.0,
1771536885575126185,161648,0.0,0.7,0.0,0.3,0.1,-0.08,-0.06,11.0,13.13,0.0,-0.01,-0.02,263.77,312.0,0.0,0.0,0.0,
1771536885673436439,161748,0.0,1.0,0.0,0.5,-0.04,-0.1,-0.06,11.0,13.13,0.0,-0.01,-0.03,260.68,312.0,0.0,0.0,0.0,
1771536885771655249,161848,0.0,0.9,0.0,0.2,0.1,-0.18,-0.06,11.0,13.13,0.0,0.01,-0.03,259.48,311.0,0.0,0.0,0.0,
1771536885874136242,161948,0.0,0.9,0.0,1.8,-0.06,-0.08,-0.06,11.0,13.13,0.0,0.01,-0.04,264.8,311.0,0.0,0.0,0.0,
1771536885972397126,162048,0.0,1.2,0.0,0.2,0.1,-0.1,-0.06,11.0,13.13,0.0,-0.01,-0.05,260.68,315.0,0.0,0.0,0.0,
1771536886074845526,162148,0.0,1.3,0.0,0.5,0.14,-0.08,-0.06,11.0,13.13,0.01,0.01,-0.05,260.51,311.0,0.0,0.0,0.0,
1771536886173123743,162248,0.0,1.2,0.0,0.6,0.0,-0.06,-0.06,11.0,13.13,0.01,0.0,-0.05,260.51,311.0,0.0,0.0,0.0,
1771536886275494125,162348,0.0,1.2,0.0,0.2,-0.02,-0.08,-0.06,11.0,13.13,0.0,0.0,-0.04,263.77,316.0,0.0,0.0,0.0,
1771536886373815176,162448,0.0,1.1,0.0,0.6,0.08,0.02,-0.06,11.0,13.13,0.01,0.0,-0.04,259.48,314.0,0.0,0.0,0.0,
1771536886476219205,162548,0.0,1.4,0.0,0.3,0.08,-0.04,-0.06,11.0,13.13,0.01,0.0,-0.05,259.48,314.0,0.0,0.0,0.0,
1771536886574515127,162649,0.0,1.3,0.0,0.6,-0.08,0.0,-0.06,11.0,13.13,0.0,0.0,-0.03,259.48,313.0,0.0,0.0,0.0,
1771536886676912212,162749,0.0,1.0,0.0,0.9,-0.16,0.02,-0.06,11.0,13.13,0.0,0.0,-0.04,259.65,313.0,0.0,0.0,0.0,
1771536886775225207,162849,0.0,0.7,0.0,0.2,0.0,-0.02,-0.06,11.0,13.13,-0.01,0.0,-0.01,260.68,313.0,0.0,0.0,0.0,
1771536886877643996,162950,0.0,0.9,0.0,0.1,-0.1,0.1,-0.06,11.0,13.13,0.01,0.01,-0.02,260.51,313.0,0.0,0.0,0.0,
1771536886975926121,163050,0.0,0.7,0.0,0.3,-0.12,-0.04,-0.06,11.0,13.13,0.0,0.0,-0.02,260.51,313.0,0.0,0.0,0.0,
1771536887074190820,163150,0.0,0.9,0.0,0.5,-0.06,-0.12,-0.06,11.0,13.13,0.0,0.01,-0.01,260.68,313.0,0.0,0.0,0.0,
1771536887176601498,163250,0.0,0.7,0.0,0.2,-0.08,-0.14,-0.06,11.0,13.13,0.0,-0.01,-0.04,260.51,313.0,0.0,0.0,0.0,
