timestamp_ns,pos_x,pos_y,vel_n,vel_e,distance_traveled,yaw_imu_deg,q_pos,q_vel,q_ori,r_fixed,r_float,error_percent
1776356753241969477,0.000286036809772073,-0.000020530804228603514,0.0024039258284537153,0.000975209734638987,0.04965614112913233,359.6602673979464,0.01,0.1,0.001,0.0001,0.25,0.0
1776356753344534504,0.0005602721994223804,0.000235702025075702,0.0029411995736080094,0.004019027539051462,0.20645402101619637,359.3086125319358,0.01,0.1,0.001,0.0001,0.25,0.0
1776356753452849199,0.00086680243400661,0.0007936397950336735,0.002717657079662206,0.006281065259037077,0.4884748003946711,358.93841334463343,0.01,0.1,0.001,0.0001,0.25,0.0
1776356753546048014,0.0011284178352240618,0.0014952706479860489,0.0028966326788451994,0.008775995195554245,0.8267806581240921,359.2643378545436,0.01,0.1,0.001,0.0001,0.25,0.0
1776356753648328416,0.0013806357808302282,0.0025020841179876244,0.0020350913766505095,0.010910653973958628,1.3000341289578572,359.6232335326432,0.01,0.1,0.001,0.0001,0.25,0.0
1776356753745555155,0.0015855961986362703,0.0036965000828237332,0.0021811706590994977,0.013659800855021265,1.84887677599228,359.61528073667085,0.01,0.1,0.001,0.0001,0.25,0.0
1776356753847497508,0.001848706215625566,0.005295751892066542,0.002980717874902983,0.017715513819710493,2.527913887796948,359.2461375272961,0.01,0.1,0.001,0.0001,0.25,0.0
1776356753946626506,0.0021944345223980965,0.00723310617313068,0.003994600845238505,0.021372010457392353,3.289764417311354,359.23394961254854,0.01,0.1,0.001,0.0001,0.25,0.0
1776356754048881071,0.0026117939215375063,0.009651862876832768,0.004168218515958151,0.025934637222557476,4.180580627951714,359.23394961254854,0.01,0.1,0.001,0.0001,0.25,0.0
1776356754146548661,0.0030628148470000748,0.012420539408323892,0.005067876764598084,0.030762865714064534,5.13080715627521,359.23394961254854,0.01,0.1,0.001,0.0001,0.25,0.0
1776356754245556892,0.003612827189030293,0.015588608425337776,0.006042780117749812,0.033234476050503614,6.193195033730885,359.5741549716663,0.01,0.1,0.001,0.0001,0.25,0.0
1776356754346893913,0.004764906331206422,0.018204759736183334,0.007155713447774701,0.04018468901352132,6.858250069494041,359.8923393790865,0.01,0.1,0.001,0.0001,0.25,0.0
1776356754449459614,0.005525447433145264,0.022553667697262206,0.007674716804973014,0.044618322984094363,8.14301260889411,359.8923393790865,0.01,0.1,0.001,0.0001,0.25,0.0
1776356754550068703,0.00638979780841869,0.027245611892281606,0.00950906121608735,0.04866020137463155,9.507293447448031,359.51074421565323,0.01,0.1,0.001,0.0001,0.25,0.0
1776356754651189857,0.007391471128495083,0.03239630938019404,0.010302057276264641,0.053210414729539746,10.98242964098647,359.87515934325023,0.01,0.1,0.001,0.0001,0.25,0.0
1776356754749066684,0.008404071751220097,0.03783183532428561,0.010389682795527733,0.057860512410477946,12.50930697804057,0.1958378891539167,0.01,0.1,0.001,0.0001,0.25,0.0
1776356754846834569,0.009449634483407531,0.043735780765801806,0.010998440810497181,0.06291111704708281,14.13202594998085,359.53755800990797,0.01,0.1,0.001,0.0001,0.25,0.0
1776356755229705128,0.014023196375640111,0.0690632689989769,0.012893347211611561,0.06939691644146906,21.42111742598425,358.2053362547541,0.01,0.1,0.001,0.0001,0.25,0.0
1776356755241790934,0.018597562669891134,0.08392148964660007,0.018787562138882562,0.0950827740629246,24.85999999224418,358.2067011674129,0.01,0.1,0.001,0.0001,0.25,0.0
1776356755248403030,0.01872287247249741,0.08455370641892847,0.018950551505473638,0.09531468811296818,24.99024522986511,358.16251212737444,0.01,0.1,0.001,0.0001,0.25,0.0
1776356755257468616,0.018895778109801375,0.08541869225368157,0.019223325675784105,0.0956557367630249,25.168634179256095,358.1635442514516,0.01,0.1,0.001,0.0001,0.25,0.0
1776356755352963441,0.020943745242617835,0.09462339068776643,0.023670566699669857,0.09713316968644685,27.099984901496324,358.1635442514516,0.01,0.1,0.001,0.0001,0.25,0.0
1776356755458449927,0.023595928066622866,0.10505658921845953,0.02661948371775058,0.10069862206431604,29.341432510640203,358.5070039280807,0.01,0.1,0.001,0.0001,0.25,0.0
1776356755550721851,0.026190264191300425,0.1144581024127836,0.02960699825875862,0.10305832644530524,31.39549116141889,357.87147649544835,0.01,0.1,0.001,0.0001,0.25,0.0
1776356755659106800,0.02954461633418435,0.12574599765293507,0.03229287770414311,0.10524398812530396,33.91862720808611,357.49824044775596,0.01,0.1,0.001,0.0001,0.25,0.0
1776356755757415497,0.03283050494504838,0.13623145881199158,0.03455664897792175,0.10807672920168655,36.31089732429857,358.1761209017504,0.01,0.1,0.001,0.0001,0.25,0.0
1776356755859855486,0.03665873209865815,0.14752782514788407,0.04018359023873234,0.11246742566317025,38.908756734170765,358.8649582090279,0.01,0.1,0.001,0.0001,0.25,0.0
1776356755958627859,0.040807606944548616,0.15887438888528976,0.04383478257378822,0.11731049187865639,41.51467175327465,358.87163172066715,0.01,0.1,0.001,0.0001,0.25,0.0
1776356756048627470,0.04497556500302365,0.1696035204160404,0.04878307766645505,0.12110582389824162,43.97609258567862,358.8541014098965,0.01,0.1,0.001,0.0001,0.25,0.0
1776356756150297981,0.050119463894895876,0.1821179306207903,0.052401766085697105,0.1250632139922122,46.85593516037564,358.1723944216636,0.01,0.1,0.001,0.0001,0.25,0.0
1776356756249227286,0.05551043373583746,0.19470145306767062,0.05658013632689364,0.1293207383900985,49.75926052543656,358.1723944216636,0.01,0.1,0.001,0.0001,0.25,0.0
1776356756351067627,0.06144889348266802,0.20806078915138693,0.06006260772990002,0.133082255991278,52.85150880588229,358.5234018567373,0.01,0.1,0.001,0.0001,0.25,0.0
1776356756453495624,0.035562106870860706,0.06621496107425898,0.15370728071283085,0.4089632263210503,95.9511270126194,356.4306103595687,0.01,0.1,0.001,0.0001,0.25,0.0
1776356756551332801,0.05176411987478716,0.10929676998278634,0.16192656429277222,0.4303199536331768,97.85195099229688,356.0633511343725,0.01,0.1,0.001,0.0001,0.25,0.0
1776356756649626155,0.06806943642010273,0.1525799615604747,0.1698710107874725,0.4504515399651237,99.77143051229964,355.94386658825255,0.01,0.1,0.001,0.0001,0.25,0.0
1776356756759567693,0.08725354180057938,0.2034816028775239,0.17910362863272664,0.4754911387375823,102.03440269719421,356.275245677381,0.01,0.1,0.001,0.0001,0.25,0.0
1776356756852534334,0.10424544223319848,0.2486366968494206,0.1865674353974136,0.4962607453181161,104.0426649463805,357.1742177261783,0.01,0.1,0.001,0.0001,0.25,0.0
1776356756960376153,0.12482840282144031,0.30354714173965264,0.19505569299679057,0.5218190236582987,106.48332233906976,357.6956566346397,0.01,0.1,0.001,0.0001,0.25,0.0
1776356757053045702,0.14325520561628388,0.3528088569277348,0.2026165044164644,0.5413070511848366,108.67416654744638,356.59982825657056,0.01,0.1,0.001,0.0001,0.25,0.0
1776356757161500757,0.16578651369296052,0.4128491382224932,0.2128812460681768,0.5658901755159406,111.34845600239075,356.59982825657056,0.01,0.1,0.001,0.0001,0.25,0.0
1776356757253584832,0.18572319857401598,0.46586615747790266,0.22011321632912195,0.5855588185049722,113.7126420353479,356.4300590343147,0.01,0.1,0.001,0.0001,0.25,0.0
1776356757352035191,0.20780708368168682,0.524592180672303,0.22853731365824176,0.6075039646855692,116.3349881317707,356.4300590343147,0.01,0.1,0.001,0.0001,0.25,0.0
1776356757452661545,0.8939708911939847,0.5638478715071711,1.1697438630221642,1.4313770886920136,131.47302125571588,298.43267990533076,0.01,0.1,0.001,0.0001,0.25,0.0
1776356757550078961,1.0086819383436898,0.7040675797225381,1.1817997172098236,1.4430867303465016,133.35558370709958,298.7281317535085,0.01,0.1,0.001,0.0001,0.25,0.0
1776356757652276600,1.1301170535221414,0.8521417738907396,1.1944773052659692,1.4544713994122793,135.42404994999092,297.93576995467555,0.01,0.1,0.001,0.0001,0.25,0.0
1776356757759119779,1.258371628216211,1.0081296499706984,1.2063048275034338,1.4654471041943538,137.69166450199523,297.3844317267789,0.01,0.1,0.001,0.0001,0.25,0.0
1776356757861447396,1.3824675907006332,1.1586660761590712,1.2193098890884162,1.4769803804347013,139.96421154188215,298.37509422178397,0.01,0.1,0.001,0.0001,0.25,0.0
1776356757952078425,1.4934341253236203,1.2929265960841843,1.2293387839828496,1.4856862025801665,142.05975609261225,298.38803040726043,0.01,0.1,0.001,0.0001,0.25,0.0
1776356758050557984,1.615062993461411,1.439752150214991,1.2408475360230002,1.4962249242282946,144.42453018945508,298.7011984140264,0.01,0.1,0.001,0.0001,0.25,0.0
1776356758160931861,1.7527672438733513,1.6055845266804347,1.254358747374604,1.5086640789033956,147.18386732268436,298.52547388212497,0.01,0.1,0.001,0.0001,0.25,0.0
1776356758251010631,1.8662288016979691,1.7419124659900553,1.2648183319593882,1.5182132755613806,149.5211924303103,298.515686813645,0.01,0.1,0.001,0.0001,0.25,0.0
1776356758359318845,2.003898175955615,1.9070023376488887,1.277290051346243,1.5302232340529807,152.4331424797107,298.68824135962046,0.01,0.1,0.001,0.0001,0.25,0.0
1776356758451815698,2.1225161004919597,2.0489834132212463,1.2875070095106251,1.5397398153654358,155.00762702463902,298.67921943457657,0.01,0.1,0.001,0.0001,0.25,0.0
1776356758554300395,1.4890674955639913,1.5958899566844482,0.4097935866558819,0.9002209691562091,176.9554487454663,337.2198404951038,0.01,0.1,0.001,0.0001,0.25,0.0
1776356758653212809,1.5302469591639516,1.6857592259188958,0.422906910994506,0.9170485791307966,178.56635535510628,336.6643004446139,0.01,0.1,0.001,0.0001,0.25,0.0
1776356758762600261,1.5774097232615427,1.7871067555966027,0.43942282161787594,0.9360020178838504,180.46322143967325,336.6040874301099,0.01,0.1,0.001,0.0001,0.25,0.0
1776356758853877212,1.6181681990222259,1.8731852627196799,0.4536744986510571,0.9501451603314831,182.13869052987192,336.7695543138443,0.01,0.1,0.001,0.0001,0.25,0.0
1776356758955431908,1.665090208610364,1.9705109560976561,0.47038786489423107,0.9665461972200935,184.10207007235627,336.58458359504,0.01,0.1,0.001,0.0001,0.25,0.0
1776356759254358712,1.8131973052970671,2.266718820631839,0.5205415025406436,1.0152701937458957,190.48615370918318,335.68222681593767,0.01,0.1,0.001,0.0001,0.25,0.0
1776356759267554325,1.8200870993448055,2.280144389197141,0.5226436485600465,1.0174979376911935,190.78907682972533,335.7220194762103,0.01,0.1,0.001,0.0001,0.25,0.0
1776356759280287670,1.8267562358092417,2.2931168241952142,0.52463533705836,1.0196111600503204,191.0828211155081,335.7220194762103,0.01,0.1,0.001,0.0001,0.25,0.0
1776356759356195559,1.8670483950052053,2.37106368656929,0.5370368069825534,1.0342378802919265,192.86741808486934,335.67276476159253,0.01,0.1,0.001,0.0001,0.25,0.0
1776356759455038891,1.2807643355701919,1.3669136871000356,0.49519835026799014,0.668412918780362,209.3415153657014,316.46615491079126,0.01,0.1,0.001,0.0001,0.25,0.0
1776356759557110455,1.3301465311835903,1.4338585722471724,0.47040804858638197,0.6406096685245108,210.86341985509657,316.85890421811183,0.01,0.1,0.001,0.0001,0.25,0.0
1776356759656110821,1.3754823266015406,1.4959476700473697,0.445517028459786,0.6137845945980005,212.43388421344622,316.11388195317056,0.01,0.1,0.001,0.0001,0.25,0.0
1776356759754073873,1.417853360577755,1.5547174627647857,0.41954910570666387,0.5860859920003413,214.08236573719006,316.8640000677624,0.01,0.1,0.001,0.0001,0.25,0.0
1776356759858417152,1.4601187592695135,1.6143154933616914,0.39053000983823977,0.5561987470188992,215.94170974695277,316.4645372133346,0.01,0.1,0.001,0.0001,0.25,0.0
1776356759955091674,1.4966023806154387,1.6668151487043503,0.3642624459102158,0.529941891442115,217.75949552808922,316.11386265156506,0.01,0.1,0.001,0.0001,0.25,0.0
1776356760057532967,1.5325319987868056,1.7197224662737605,0.33719692666308,0.5029756756126401,219.7857637442878,315.3076591514739,0.01,0.1,0.001,0.0001,0.25,0.0
1776356760155557526,1.5642343104187186,1.7676804649206166,0.3096228913184258,0.4755076701977171,221.82097221231643,315.66186595374836,0.01,0.1,0.001,0.0001,0.25,0.0
1776356760258718467,1.5946623909952211,1.8152235394308864,0.28037151368688795,0.44634304882105846,224.06426673940305,315.66186595374836,0.01,0.1,0.001,0.0001,0.25,0.0
1776356760356422848,1.6207769006919106,1.8575248817406391,0.25415117313737856,0.4194984856477472,226.2856625037586,316.02080193802357,0.01,0.1,0.001,0.0001,0.25,0.0
1776356760458416570,1.2050621710728284,0.99382676859928,0.12286616556535165,0.026365006170083596,242.83208328554153,328.5090637336922,0.01,0.1,0.001,0.0001,0.25,0.0
1776356760557408574,1.2183356048314138,0.9976163580507106,0.14527978875412295,0.050191150918928694,244.38746838589495,327.8071594501301,0.01,0.1,0.001,0.0001,0.25,0.0
1776356760659611107,1.234438817977904,1.004107583046116,0.1698567334667433,0.07684076820157401,246.09597060885173,328.23108548013624,0.01,0.1,0.001,0.0001,0.25,0.0
1776356760758025881,1.2523159822575607,1.012894996082395,0.19346649791905177,0.10174859026260308,247.83988326807003,328.23108548013624,0.01,0.1,0.001,0.0001,0.25,0.0
1776356760869697395,1.2752778395148068,1.0257557084307356,0.21776058812817367,0.12857569075045455,249.9361652332507,328.8851433294195,0.01,0.1,0.001,0.0001,0.25,0.0
1776356760958270103,1.295500196592878,1.0381691277137095,0.2389111807140735,0.15175058968514166,251.68740702731588,330.1416860272001,0.01,0.1,0.001,0.0001,0.25,0.0
1776356761061057898,1.3211933936650504,1.0550857930894344,0.26098700513175904,0.17738752061429663,253.81857675084663,330.6615671746898,0.01,0.1,0.001,0.0001,0.25,0.0
1776356761160022966,1.3481854794835235,1.0739315928246473,0.28444746539420573,0.20343331958839916,255.97057799662673,331.44428046709845,0.01,0.1,0.001,0.0001,0.25,0.0
1776356761257546988,1.376987243696887,1.0950317528879727,0.3062229664843992,0.22929158451762668,258.1870653820532,331.72004361935603,0.01,0.1,0.001,0.0001,0.25,0.0
1776356761360828638,1.4098033074287786,1.1200177358873293,0.32927115754747377,0.25457038957466116,260.6383558624223,330.9058587060449,0.01,0.1,0.001,0.0001,0.25,0.0
1776356761457804079,1.195782893936549,0.7121493261585049,0.2718880487026656,0.1522845490353119,277.9118605470284,322.8078683626667,0.01,0.1,0.001,0.0001,0.25,0.0
1776356761561073100,1.2252016205928467,0.7296265429306716,0.29787127365757465,0.18620077363656765,279.54220283720787,321.56805190887866,0.01,0.1,0.001,0.0001,0.25,0.0
1776356761658786433,1.2554875212683578,0.7493349594239117,0.32201892369960894,0.21719004245597612,281.1809119694164,321.5684060591308,0.01,0.1,0.001,0.0001,0.25,0.0
1776356761761319394,1.2896996761493704,0.7732276005699584,0.3453301194441229,0.2488645297405257,283.00086099357486,321.5711283087874,0.01,0.1,0.001,0.0001,0.25,0.0
1776356761858840491,1.3245584077616543,0.7988686535631636,0.3695576810219929,0.2769858132905465,284.82739857414305,320.82578204233164,0.01,0.1,0.001,0.0001,0.25,0.0
1776356761970127446,1.367322913912397,0.8314582553763064,0.399006706537715,0.3087150310040805,287.0255224592238,319.06483840217754,0.01,0.1,0.001,0.0001,0.25,0.0
1776356762069164173,1.408093226117582,0.8634776005087632,0.4243020418884897,0.33787817715578183,289.08388016377637,318.68941376968223,0.01,0.1,0.001,0.0001,0.25,0.0
1776356762158878026,1.4471691165106753,0.8949452163023144,0.4468388935001116,0.36364718748923297,291.03127535002477,319.0294788331198,0.01,0.1,0.001,0.0001,0.25,0.0
1776356762269907660,1.498414240613039,0.9370719210614815,0.47629350361940037,0.3952255175391498,293.55032216897285,318.187770001638,0.01,0.1,0.001,0.0001,0.25,0.0
1776356762359265798,1.4380072346953425,0.7859794919455119,0.482936941691001,0.34640010144318145,309.58923322423885,306.5469857143866,0.01,0.1,0.001,0.0001,0.25,0.0
1776356762458247022,1.4842959655407766,0.8189476702555271,0.4523220430561018,0.319718506953008,311.01477949387,307.2463204960508,0.01,0.1,0.001,0.0001,0.25,0.0
1776356762559683328,1.5286572121692406,0.85006133524306,0.4224229464846478,0.2938017302494949,312.57428806640314,307.2463204960508,0.01,0.1,0.001,0.0001,0.25,0.0
1776356762669769259,1.573369626103058,0.8807906390575129,0.38993112978001054,0.26450127820349784,314.3799432705073,306.74333000071516,0.01,0.1,0.001,0.0001,0.25,0.0
1776356762762564532,1.6083482725452958,0.9042026741049601,0.36388956294050967,0.2400487336618197,315.9935937648791,307.07324606173046,0.01,0.1,0.001,0.0001,0.25,0.0
1776356762860964102,1.6427559978822823,0.9265049412260392,0.3354401344574839,0.21324010087522752,317.7959493018621,307.8726733017169,0.01,0.1,0.001,0.0001,0.25,0.0
1776356762963393610,1.6755841653260775,0.9469321150430472,0.30559363919368654,0.18564016983632048,319.7719088681002,307.5087226208216,0.01,0.1,0.001,0.0001,0.25,0.0
1776356763094176196,1.7128805939093594,0.9689015322832014,0.26475778036850206,0.15032466073441808,322.44371604567846,307.2455835682259,0.01,0.1,0.001,0.0001,0.25,0.0
1776356763163599759,1.730523977705959,0.9786760919876505,0.2434597084398413,0.13123143102615403,323.9299464385633,307.2455835682259,0.01,0.1,0.001,0.0001,0.25,0.0
1776356763263120741,1.7532906467065688,0.9904304157979882,0.214065983705639,0.10498692559346287,326.1420232878466,307.2455835682259,0.01,0.1,0.001,0.0001,0.25,0.0
1776356763364827642,1.7736386314499923,0.9997521442585842,0.1860627927174915,0.07831829357780799,328.50236111418343,307.14962086481216,0.01,0.1,0.001,0.0001,0.25,0.0
1776356763461192761,1.4106605372817163,0.6509268890258367,-0.0827474618544318,-0.2187501545362367,347.38660852311926,336.97627166550785,0.01,0.1,0.001,0.0001,0.25,0.0
1776356763565407983,1.4030986621461752,0.6298289120709882,-0.062353712205400695,-0.1860887473979364,348.97734080289723,337.6634460332067,0.01,0.1,0.001,0.0001,0.25,0.0
1776356763857744590,1.393496305641256,0.5898945495670972,-0.0033434029281812633,-0.08713297790046036,354.0144548130959,335.7558504169498,0.01,0.1,0.001,0.0001,0.25,0.0
1776356763870761794,1.3934695988402133,0.5887868425275629,-0.0007552523711798725,-0.0828652678820135,354.25876827889203,335.7326830547984,0.01,0.1,0.001,0.0001,0.25,0.0
1776356763883130603,1.3934758837889114,0.5877873212426469,0.0017719469557713522,-0.07882386059833202,354.49210908224615,335.7957704910905,0.01,0.1,0.001,0.0001,0.25,0.0
1776356763960718096,1.3942451139450704,0.5826793056135363,0.018056716244760247,-0.05284690233488368,355.9911552260337,335.5376363141429,0.01,0.1,0.001,0.0001,0.25,0.0
1776356764059148538,1.3969969413810837,0.578946416018679,0.037855480659810356,-0.02299871767720312,357.9790936972627,335.3868480838071,0.01,0.1,0.001,0.0001,0.25,0.0
1776356764162291420,1.4020112581479744,0.5783523733965367,0.05937780911051516,0.011479557420699293,360.1654173942047,335.5427779487971,0.01,0.1,0.001,0.0001,0.25,0.0
1776356764259888245,1.4087605036785245,0.5809538473267877,0.07892659671738937,0.04182940942182519,362.3317356759632,335.21656749830396,0.01,0.1,0.001,0.0001,0.25,0.0
1776356764362136922,1.4179203436229515,0.5869045491813889,0.10024726695403471,0.0745711226086839,364.7027144642159,335.21656749830396,0.01,0.1,0.001,0.0001,0.25,0.0
1776356764460222090,1.2443855341128074,0.5102366658956097,0.0599773940112965,0.10218855537924207,381.7247894721461,308.315051412536,0.01,0.1,0.001,0.0001,0.25,0.0
1776356764563039366,1.2513012028640755,0.522318947590528,0.07453471979257038,0.13281594075993985,383.3086767433933,307.979385795094,0.01,0.1,0.001,0.0001,0.25,0.0
1776356764678033788,1.260967823015042,0.5395874299448724,0.09360462387112466,0.16754874139189094,385.199781216675,307.23232037820713,0.01,0.1,0.001,0.0001,0.25,0.0
1776356764766327022,1.2698177754147872,0.5555381490377397,0.10685122650386153,0.19374302780964028,386.7380328761473,307.9511012844714,0.01,0.1,0.001,0.0001,0.25,0.0
1776356764863988291,1.2808780198106835,0.5758951575770433,0.1196438085550691,0.22313395951220438,388.5265408566776,307.70986396648414,0.01,0.1,0.001,0.0001,0.25,0.0
1776356764971588250,1.2946316067382018,0.6017074158885688,0.13598948964144691,0.25662981126626616,390.60287376269736,307.78894474796067,0.01,0.1,0.001,0.0001,0.25,0.0
1776356765064579884,1.307877058410939,0.6268525816419409,0.14888830340967424,0.2841821974679708,392.4866130871346,308.3963739070546,0.01,0.1,0.001,0.0001,0.25,0.0
1776356765164855980,1.323618476842864,0.6569488863156429,0.1650711447808257,0.31608259117173343,394.61084756006625,307.81900243066957,0.01,0.1,0.001,0.0001,0.25,0.0
1776356765274698753,1.3426552896710797,0.6935487387427436,0.18157071490531326,0.3503651500575239,397.0481926535718,306.9028809837353,0.01,0.1,0.001,0.0001,0.25,0.0
1776356765365617833,1.3597226033415755,0.726638831212434,0.19386809427438076,0.3775352771750661,399.153247459876,306.9028809837353,0.01,0.1,0.001,0.0001,0.25,0.0
1776356765464399884,1.1875364471806074,0.4951748245990297,-0.3159316710359155,-0.10111594002540714,416.94181306645413,343.7636075746752,0.01,0.1,0.001,0.0001,0.25,0.0
1776356765567861286,1.154251887607599,0.4834084344446774,-0.32747562350370957,-0.12633430575908922,418.39019501459967,343.99290132967644,0.01,0.1,0.001,0.0001,0.25,0.0
1776356765665265625,1.1218261881857976,0.4699090352422991,-0.33846234553899357,-0.15090759336504342,419.8523072594635,343.99290132967644,0.01,0.1,0.001,0.0001,0.25,0.0
1776356765859238022,1.054125367285431,0.4359944891401016,-0.3595408683027426,-0.19875525947031086,423.04991150479225,344.4482210326904,0.01,0.1,0.001,0.0001,0.25,0.0
1776356765872014673,1.0495179878369563,0.4334323420360293,-0.3609916795435005,-0.2019302932391018,423.2740520495969,344.5135743626046,0.01,0.1,0.001,0.0001,0.25,0.0
1776356765967285295,1.0146165676283088,0.4130794345693242,-0.37171596809622437,-0.225351200276271,424.99567781289727,344.49432809873053,0.01,0.1,0.001,0.0001,0.25,0.0
1776356766066213837,0.9772780370141593,0.3895264484125667,-0.3831354264965631,-0.2508058459390312,426.8804581182542,344.72742799023035,0.01,0.1,0.001,0.0001,0.25,0.0
1776356766169265997,0.9371715468999803,0.3622375190768737,-0.3952390182176398,-0.2788093150497314,428.94890789167874,343.9569485992089,0.01,0.1,0.001,0.0001,0.25,0.0
1776356766266759268,0.898145694746987,0.33378208303615886,-0.4053141412283345,-0.30490860445916673,431.0046855488397,343.7440456093144,0.01,0.1,0.001,0.0001,0.25,0.0
1776356766369968924,0.8556841713121336,0.3009981996922556,-0.4175364373427373,-0.33040155860470893,433.28545940542097,343.5197819448834,0.01,0.1,0.001,0.0001,0.25,0.0
1776356766467276774,1.0977399319367396,0.34568407316608235,0.09358184470534739,0.039747853511972187,450.03639536759505,293.51364109568357,0.01,0.1,0.001,0.0001,0.25,0.0
1776356766570084475,1.1080929030472686,0.3509241047197321,0.10781152998132064,0.06218497589396547,451.5567669963767,293.7518149789105,0.01,0.1,0.001,0.0001,0.25,0.0
1776356766667181848,1.1191413328097568,0.3579811865008417,0.11976295870560932,0.08317611273879422,453.0849919307913,294.7833329648464,0.01,0.1,0.001,0.0001,0.25,0.0
1776356766773919432,1.1325775328519616,0.3680930420661806,0.13200526309395916,0.10630036772313946,454.8686505736162,294.7833329648464,0.01,0.1,0.001,0.0001,0.25,0.0
1776356766868747573,1.1456337493862474,0.37923937326850726,0.14334592372644145,0.12877198399485282,456.54452090581634,294.7833329648464,0.01,0.1,0.001,0.0001,0.25,0.0
1776356766970570498,1.160896910511134,0.39342139558891626,0.15651715455347182,0.14985082778286515,458.43877087313194,294.8615441439367,0.01,0.1,0.001,0.0001,0.25,0.0
1776356767069682361,1.1770594938637584,0.4093665860639106,0.16957425014863758,0.1718545238179558,460.37803409729923,295.7164599451186,0.01,0.1,0.001,0.0001,0.25,0.0
1776356767168591465,1.1944425520110176,0.42753598825886563,0.18192176241327632,0.1955418438440474,462.4061499879034,295.63958699766545,0.01,0.1,0.001,0.0001,0.25,0.0
1776356767269680191,1.2134659715086595,0.4486576852984156,0.19446497309977218,0.2223602372301386,464.5750536570785,296.0835156173744,0.01,0.1,0.001,0.0001,0.25,0.0
1776356767368181914,1.2331767133354448,0.47175047683288773,0.20571431157359082,0.24648344600546804,466.7822319590223,296.00587127843596,0.01,0.1,0.001,0.0001,0.25,0.0
1776356767470938496,1.2908338363024323,0.4003972083995174,0.07666925701808122,-0.03083135778448869,483.1640364900991,306.29897440300607,0.01,0.1,0.001,0.0001,0.25,0.0
1776356767569351758,1.2973938953013584,0.39608515615377254,0.056638452722845366,-0.05679434943210268,484.61567616331513,305.71028651711435,0.01,0.1,0.001,0.0001,0.25,0.0
1776356767667267030,1.3020087480722535,0.38931987422943176,0.03762872159392531,-0.08139944398337898,486.15177555424407,305.97084789624233,0.01,0.1,0.001,0.0001,0.25,0.0
1776356767769570343,1.304829569202574,0.3797823301119733,0.017518489062178556,-0.1050600762371056,487.8548474271842,305.11668742295336,0.01,0.1,0.001,0.0001,0.25,0.0
1776356767867304360,1.3057298272514979,0.36838914319698274,0.0009033469510402355,-0.12807687962433603,489.5756444553219,304.86141922852244,0.01,0.1,0.001,0.0001,0.25,0.0
1776356767966284277,1.3048534903066462,0.3545110414903683,-0.018611099989031012,-0.15235178323256154,491.4116083179696,304.3467075997138,0.01,0.1,0.001,0.0001,0.25,0.0
1776356768068381051,1.3019489580380923,0.3377199101598644,-0.038286447619800656,-0.1765735327733644,493.40366293513193,304.61597560544527,0.01,0.1,0.001,0.0001,0.25,0.0
1776356768167210499,1.297198146640188,0.31914497783903656,-0.057854429590025055,-0.1993223169809088,495.42684013021506,303.8010723629714,0.01,0.1,0.001,0.0001,0.25,0.0
1776356768270351841,1.2903365533698938,0.29732021146641985,-0.07519709398810479,-0.22387653833230534,497.6379761453675,304.0647614215341,0.01,0.1,0.001,0.0001,0.25,0.0
1776356768367922703,1.2820386452482277,0.27435721193313717,-0.09489097689431247,-0.24681224672328297,499.8236231923581,304.07164335635935,0.01,0.1,0.001,0.0001,0.25,0.0
1776356768469945105,1.2906152669145927,0.26334766042899527,-0.1086831251889241,-0.44838558636871584,516.278819317582,337.7769761261115,0.01,0.1,0.001,0.0001,0.25,0.0
1776356768568761498,1.2792644759946796,0.21737362659624532,-0.12103652798514346,-0.4820464145013237,517.7676710900038,337.7311314450479,0.01,0.1,0.001,0.0001,0.25,0.0
1776356768666771740,1.2667446914191012,0.16838749247831514,-0.13445879915712183,-0.5176296011953829,519.3388147092655,337.35227093649047,0.01,0.1,0.001,0.0001,0.25,0.0
1776356768794197587,1.248569515165893,0.09961608631035906,-0.15086094687996704,-0.5619659894658817,521.5219678691456,337.23058278590037,0.01,0.1,0.001,0.0001,0.25,0.0
1776356768867044138,1.2372158337833077,0.0577712090305166,-0.16074568666836064,-0.5864845351731466,522.8421632795862,336.6273823690833,0.01,0.1,0.001,0.0001,0.25,0.0
1776356768970137907,1.2199061683020898,-0.004554429432213597,-0.17506609573043708,-0.6226482331072442,524.7986800290294,336.1723723548145,0.01,0.1,0.001,0.0001,0.25,0.0
1776356769090994786,1.1978764045468122,-0.08250930997209859,-0.18951332401521276,-0.6674584348212315,527.2247869560271,336.237655865289,0.01,0.1,0.001,0.0001,0.25,0.0
1776356769166565942,1.1831778693641732,-0.13398716237519448,-0.1994302367175564,-0.6947167046569376,528.8148974560477,335.9012004417901,0.01,0.1,0.001,0.0001,0.25,0.0
1776356769269348948,1.1620290561534805,-0.20724126704459567,-0.21209189336682532,-0.7306911842233067,531.0671082451898,336.35733214501386,0.01,0.1,0.001,0.0001,0.25,0.0
1776356769371030773,1.1397683404469632,-0.2833225120779095,-0.22578677517187962,-0.7658624178785739,533.3968822577864,335.96159811177984,0.01,0.1,0.001,0.0001,0.25,0.0
1776356769470094410,1.5155147886532432,0.3766281043692198,0.22956811802974406,-0.19142607571995499,550.7134207497526,331.37204475325063,0.01,0.1,0.001,0.0001,0.25,0.0
1776356769567096349,1.5383479748439954,0.35955468580820393,0.24114879812386758,-0.1605505107319265,552.0772071214658,331.38166990022506,0.01,0.1,0.001,0.0001,0.25,0.0
1776356769669757284,1.5636804532012847,0.34471890851393244,0.25239628340347386,-0.12849049074260188,553.6187907616129,331.05030131146464,0.01,0.1,0.001,0.0001,0.25,0.0
1776356769768371764,1.5890903315665061,0.33357256105309685,0.2629619076725344,-0.0975775518491793,555.1950527279986,331.36905553855695,0.01,0.1,0.001,0.0001,0.25,0.0
1776356769870441247,1.6166350884356744,0.32517699605526273,0.27674244907949136,-0.06692282941204426,556.9252699472179,330.64291215738064,0.01,0.1,0.001,0.0001,0.25,0.0
1776356769998102670,1.652771947798374,0.3189020938748068,0.2894328258605591,-0.0313893795041697,559.2303160873258,331.0518778072039,0.01,0.1,0.001,0.0001,0.25,0.0
1776356770071188259,1.6742376872488038,0.31744444189553533,0.29795455713817304,-0.008497733791152522,560.6207302279325,330.8185762169799,0.01,0.1,0.001,0.0001,0.25,0.0
1776356770174074494,1.7055471554238915,0.31836231293133715,0.31067027116611123,0.026340231097282212,562.6650080129372,330.8185762169799,0.01,0.1,0.001,0.0001,0.25,0.0
1776356770272320972,1.7365918382284073,0.3224696086819993,0.3212544717721002,0.057265126630220306,564.7121190353624,330.8185762169799,0.01,0.1,0.001,0.0001,0.25,0.0
1776356770374291078,1.769890614319726,0.32984155718565583,0.33190974984694854,0.0873375756733604,566.934546079904,330.65049544415103,0.01,0.1,0.001,0.0001,0.25,0.0
1776356770473076638,1.8032437983712761,0.3399147054996402,0.3433713252952983,0.1166071635461792,569.1831032569869,330.8151930259742,0.01,0.1,0.001,0.0001,0.25,0.0
1776356770574367702,1.6224069554486935,0.7580743075769469,0.26084903286389827,0.7587570967778774,587.8728550532788,1.460319989844245,0.01,0.1,0.001,0.0001,0.25,0.0
1776356770673707269,1.6475836274956424,0.8324503457258787,0.246065375101887,0.7387515999553601,589.3450543753261,1.7799818787730013,0.01,0.1,0.001,0.0001,0.25,0.0
1776356770797510796,1.6768273542332546,0.9223928843523453,0.22640641894754066,0.7143912558609841,591.3186169613531,0.4661670341846621,0.01,0.1,0.001,0.0001,0.25,0.0
1776356770874119849,1.6937604764310945,0.9765415569564491,0.21557318639333126,0.6989694148809352,592.6174794055042,0.8934881165658332,0.01,0.1,0.001,0.0001,0.25,0.0
1776356770976659776,1.7150955437216862,1.047170672532935,0.20059471267732107,0.6787422296305633,594.4479789601423,1.4645542834692233,0.01,0.1,0.001,0.0001,0.25,0.0
1776356771074855935,1.734056308605396,1.1128208018685872,0.1855486730884353,0.6582483070438571,596.3005289096034,1.6934415913739131,0.01,0.1,0.001,0.0001,0.25,0.0
1776356771173325270,1.7515439285836774,1.1766606186621742,0.1696404176387372,0.6383950616515184,598.25571803563,2.0111046044511247,0.01,0.1,0.001,0.0001,0.25,0.0
1776356771275527935,1.7681577152057353,1.240925173057662,0.15546935571547152,0.6191770493618007,600.3884860641087,2.5793705340242545,0.01,0.1,0.001,0.0001,0.25,0.0
1776356771375468888,1.7829742128394952,1.3018324349296506,0.14107331294681288,0.5998426152638007,602.5754485443869,2.8116023396057317,0.01,0.1,0.001,0.0001,0.25,0.0
1776356771472752470,1.434485689581073,0.8132227822966672,-0.14076315970912584,0.18529693762094393,617.1393426584596,327.62979507379976,0.01,0.1,0.001,0.0001,0.25,0.0
1776356771575773767,1.419057827075901,0.8304584697819909,-0.1587223421151501,0.14928204336868456,618.7181587052293,328.4094198556133,0.01,0.1,0.001,0.0001,0.25,0.0
1776356771676844881,1.4021412478606732,0.8438558282411835,-0.17604323225219468,0.11584096658120047,620.3677778429914,328.8298240282166,0.01,0.1,0.001,0.0001,0.25,0.0
1776356771774941465,1.3840057298556683,0.8534856748460682,-0.19369241196868697,0.08048634743446001,622.06444913375,328.6733346907578,0.01,0.1,0.001,0.0001,0.25,0.0
1776356771878278384,1.3630951584585742,0.8600719518612987,-0.21112751999717333,0.04702122577248041,623.952824808774,328.24167440935025,0.01,0.1,0.001,0.0001,0.25,0.0
1776356771977114342,1.3413456055692592,0.8630521557511176,-0.22886415315239086,0.013268054769578048,625.8576143364442,327.9159452544408,0.01,0.1,0.001,0.0001,0.25,0.0
1776356772078687939,1.3172881108501893,0.8626760862984011,-0.24480896733425722,-0.020672566056729624,627.9141329001965,329.1686626247248,0.01,0.1,0.001,0.0001,0.25,0.0
1776356772187753675,1.2896255525579514,0.8584399596647397,-0.2624558479737009,-0.057007812299609883,630.2344953947074,329.2577229397546,0.01,0.1,0.001,0.0001,0.25,0.0
1776356772278861839,1.2650498313488507,0.8518603426802217,-0.2770263499073414,-0.08742685970133957,632.2620363511136,329.18379433593327,0.01,0.1,0.001,0.0001,0.25,0.0
1776356772376972394,1.2370749744777527,0.8416619352441993,-0.2932233764370877,-0.12046121194592499,634.5361810218645,329.0180391843639,0.01,0.1,0.001,0.0001,0.25,0.0
1776356772479841037,1.1977806534636752,0.4888018182836372,-0.31278157987025274,-0.4023071277286973,651.58705186616,310.84953511296976,0.01,0.1,0.001,0.0001,0.25,0.0
1776356772577545008,1.1676961966970945,0.45053471628616404,-0.30297374699726054,-0.38092695495886386,653.0188065192984,311.6904902410562,0.01,0.1,0.001,0.0001,0.25,0.0
1776356772676740745,1.1381753564661266,0.4138086161104845,-0.29228618169089476,-0.35962025171026796,654.5649113319097,311.95858139312566,0.01,0.1,0.001,0.0001,0.25,0.0
1776356772779687423,1.10871736474669,0.37795493527821755,-0.2800012847571533,-0.33691780023020407,656.2685155566992,312.26310856317275,0.01,0.1,0.001,0.0001,0.25,0.0
1776356772986949064,1.0529243388081153,0.3124611876318974,-0.25841643383742213,-0.29511449407058254,660.0038384617369,310.7147744770771,0.01,0.1,0.001,0.0001,0.25,0.0
1776356773000151142,1.049519833935641,0.3085791841850863,-0.25685076575925525,-0.2924214677767086,660.2558740182741,310.74220730875,0.01,0.1,0.001,0.0001,0.25,0.0
1776356773077289812,1.0300661239071298,0.2866451729662007,-0.247510623416739,-0.27624478417963644,661.7603227668915,311.1334062070842,0.01,0.1,0.001,0.0001,0.25,0.0
1776356773176248526,1.0061146631348705,0.2603978941932286,-0.23653124246397067,-0.25419391901108124,663.773264758427,311.398571238485,0.01,0.1,0.001,0.0001,0.25,0.0
1776356773278167086,0.9825696062624895,0.23560889087094528,-0.2255889913010032,-0.23234132582546288,665.9432641277427,311.398571238485,0.01,0.1,0.001,0.0001,0.25,0.0
1776356773376904694,0.9608872717352156,0.2136083964573287,-0.21353629214959685,-0.2132275465337529,668.1405042535,311.1660736954817,0.01,0.1,0.001,0.0001,0.25,0.0
1776356773474237553,1.2295259141220722,0.38680345614586586,0.10404999701771304,0.27909940929468485,685.0359501119481,7.688532343148466,0.01,0.1,0.001,0.0001,0.25,0.0
1776356773577890281,1.2401750179926379,0.4161126386666583,0.10142206620905626,0.28641467313273805,686.5712464209929,8.43874459691661,0.01,0.1,0.001,0.0001,0.25,0.0
1776356773675880386,1.249972178065055,0.4445527751563449,0.09855271277271231,0.2940913068347087,688.1230880294718,8.478556680973453,0.01,0.1,0.001,0.0001,0.25,0.0
1776356773809398657,1.2628800699567986,0.4846062342019053,0.09480394576471128,0.3058984567043612,690.3951340150644,7.96614896183674,0.01,0.1,0.001,0.0001,0.25,0.0
1776356773877495959,1.2692904358216435,0.5056227092864997,0.09346012086547661,0.31132794644938816,691.6239900072636,7.9967737482519246,0.01,0.1,0.001,0.0001,0.25,0.0
1776356773979213523,1.2786846591089558,0.5377477832374922,0.09125226976092238,0.32032610594597427,693.5474209757609,8.39055042582496,0.01,0.1,0.001,0.0001,0.25,0.0
1776356774078200119,1.2875889081027492,0.5697687888330085,0.08865375306008594,0.3266427476242737,695.52034377257,8.390550425824957,0.01,0.1,0.001,0.0001,0.25,0.0
1776356774179740474,1.2964703973209277,0.6033775592379538,0.08627279514448036,0.3353032449806129,697.6477733411018,8.440530686404568,0.01,0.1,0.001,0.0001,0.25,0.0
1776356774279149003,1.3048949187211167,0.6370909809151163,0.08322809035307671,0.34300885798388714,699.8318750116858,8.779390005651212,0.01,0.1,0.001,0.0001,0.25,0.0
1776356774376527445,1.3128426462112268,0.6708619286718966,0.08007376886699955,0.35088239120260106,702.0679672366157,9.111039063524734,0.01,0.1,0.001,0.0001,0.25,0.0
1776356774478898986,1.3033379624325743,0.4996907127338806,-0.022061616448601065,0.17153073492008655,718.6641443146724,5.682674594664721,0.01,0.1,0.001,0.0001,0.25,0.0
1776356774577089245,1.3004507969050563,0.5161223509311829,-0.03674050269977856,0.1631279945056174,720.191277301641,6.2191347609961785,0.01,0.1,0.001,0.0001,0.25,0.0
1776356774679812279,1.2959316247125705,0.5324480829009498,-0.051250295368854316,0.15474309424443008,721.8936257820824,6.50050384818272,0.01,0.1,0.001,0.0001,0.25,0.0
1776356774777471122,1.290252073338827,0.5471835705742382,-0.06506418090004744,0.14703259515402867,723.6115705432172,6.774865143294055,0.01,0.1,0.001,0.0001,0.25,0.0
1776356774879848700,1.2828841850889183,0.561835969905344,-0.07888788549811988,0.13924253414505847,725.5163638327334,6.952023112792553,0.01,0.1,0.001,0.0001,0.25,0.0
1776356774978010330,1.2745177774324734,0.5751498213430747,-0.09160000668544131,0.13206273350051764,727.4425757171343,6.329178290931504,0.01,0.1,0.001,0.0001,0.25,0.0
1776356775080361772,1.264453539164491,0.5882680028228189,-0.10501159772098557,0.1242096876157871,729.5561426742087,6.606476260111076,0.01,0.1,0.001,0.0001,0.25,0.0
1776356775178808887,1.253505372599233,0.6001018140526663,-0.11739398936970648,0.11618725176275899,731.6893187640575,7.227600017690415,0.01,0.1,0.001,0.0001,0.25,0.0
1776356775277004618,1.241357672253406,0.6111438446685472,-0.13002620441321058,0.1087130402235088,733.9151823197678,6.96436370612983,0.01,0.1,0.001,0.0001,0.25,0.0
1776356775379703569,1.22733994576978,0.621983096126075,-0.14298195949697662,0.10239138830397808,736.3478204023427,7.330359342899389,0.01,0.1,0.001,0.0001,0.25,0.0
1776356775478220293,1.2448871407619955,0.49536765412649597,-0.1953351400070981,0.0967728095382123,753.7293126273714,2.8693035650533933,0.01,0.1,0.001,0.0001,0.25,0.0
1776356775580712007,1.2238796923857183,0.5051628734781828,-0.21457276627050859,0.09435644062402852,755.3516038636232,3.1951239505743407,0.01,0.1,0.001,0.0001,0.25,0.0
1776356775678534839,1.2020518042281554,0.5143210423412832,-0.23172470275132556,0.09289335445338234,756.9993013264209,3.1951239505743407,0.01,0.1,0.001,0.0001,0.25,0.0
1776356775781351158,1.177315024907775,0.5237684981813929,-0.2494787121986949,0.09088756358653456,758.8358209269552,2.797404111648048,0.01,0.1,0.001,0.0001,0.25,0.0
1776356775880281336,1.1517581829550723,0.532702741503791,-0.267167716703674,0.08972336306881049,760.7043001146191,1.9890331189464974,0.01,0.1,0.001,0.0001,0.25,0.0
1776356775982015937,1.1236228983360268,0.5417076503069094,-0.2859106783245766,0.08729352428953141,762.7294681748349,1.643811820885892,0.01,0.1,0.001,0.0001,0.25,0.0
1776356776081011811,1.0944959891004225,0.5502688814671796,-0.30255893287129354,0.0856745146977208,764.8008709147213,1.3128542423619372,0.01,0.1,0.001,0.0001,0.25,0.0
1776356776182616776,1.0628477107626495,0.5588344318961305,-0.3203791619948189,0.08292257639022933,767.0306702367176,2.142469735485629,0.01,0.1,0.001,0.0001,0.25,0.0
1776356776281687628,1.0302833346587612,0.5668262196321037,-0.33702882847421367,0.07841523333780273,769.3058157635945,1.922375800612069,0.01,0.1,0.001,0.0001,0.25,0.0
1776356776379249475,0.996559565344379,0.5743700254820665,-0.3542988592862149,0.07623064288529882,771.6439212610962,1.765874164705803,0.01,0.1,0.001,0.0001,0.25,0.0
1776356776481485926,1.0983064714585844,0.36495971206478595,-0.46561945645273467,-0.15130590417589074,789.3291844862409,357.8816002535375,0.01,0.1,0.001,0.0001,0.25,0.0
1776356776580033919,1.050996223029102,0.34957394649589413,-0.49448000432634603,-0.16092803491205018,790.8893071680288,356.5962628584443,0.01,0.1,0.001,0.0001,0.25,0.0
1776356776677657783,1.0012680022739653,0.33344380585561884,-0.5242864090710061,-0.16952508161114138,792.5308784062703,356.8123082679586,0.01,0.1,0.001,0.0001,0.25,0.0
1776356776779769941,0.9460598347950533,0.31565432324700815,-0.5570700196288323,-0.1789155977396645,794.3503179888821,357.92026395728215,0.01,0.1,0.001,0.0001,0.25,0.0
1776356777070194467,0.7709568435421152,0.2589657899006109,-0.6488096642345695,-0.2114806495276788,800.0978859075785,359.51565918737253,0.01,0.1,0.001,0.0001,0.25,0.0
1776356777082623037,0.7628619805432055,0.25632699703992634,-0.6526332494310664,-0.21276844148621082,800.3630171385404,359.4642254698791,0.01,0.1,0.001,0.0001,0.25,0.0
1776356777096187971,0.7539798742075035,0.25343120630932525,-0.6569585977130128,-0.21419153720569262,800.6538948998219,359.5393102415439,0.01,0.1,0.001,0.0001,0.25,0.0
1776356777189374698,0.6913697523998703,0.23294265872479125,-0.6867503506368274,-0.22552402208704483,802.7021942397159,357.71603783579053,0.01,0.1,0.001,0.0001,0.25,0.0
1776356777281323193,0.6268769871203773,0.21173683145802938,-0.7161313149078358,-0.23575665251765887,804.8084573043305,357.0048685883644,0.01,0.1,0.001,0.0001,0.25,0.0
1776356777378801384,1.3341309794332583,0.3021683689192065,-0.6033857029638232,-0.5652315162748974,829.8222109383113,238.1234056453802,0.01,0.1,0.001,0.0001,0.25,0.0
1776356777481144584,1.2714129245946888,0.24295367198674644,-0.6220712274458752,-0.5917728092700966,830.9102841085461,238.1096838743419,0.01,0.1,0.001,0.0001,0.25,0.0
1776356777578757847,1.2098303335782468,0.18395766990864343,-0.6396573506788743,-0.616960707596311,832.0412496345355,238.14215872026472,0.01,0.1,0.001,0.0001,0.25,0.0
1776356777684243220,1.1414735698901444,0.11742571918167685,-0.6565182702454224,-0.6446129523024015,833.3656606090287,238.14215872026472,0.01,0.1,0.001,0.0001,0.25,0.0
1776356777782582986,1.0760697235728407,0.052876280873431145,-0.673592337348631,-0.6681216564773316,834.6963741615054,237.5977735575642,0.01,0.1,0.001,0.0001,0.25,0.0
1776356777885011814,1.0061051302034298,-0.017063655860057286,-0.6924800244005807,-0.6974692796357784,836.180643731049,237.64948207936868,0.01,0.1,0.001,0.0001,0.25,0.0
1776356777983155936,0.9372151021746864,-0.08681513131787723,-0.7114869424394288,-0.7240538381988,837.6966932893569,237.5704103505872,0.01,0.1,0.001,0.0001,0.25,0.0
1776356778083708629,0.8647560517427961,-0.16095402609813508,-0.7299324408310864,-0.7507824914736067,839.3454009641408,236.91068881975013,0.01,0.1,0.001,0.0001,0.25,0.0
1776356778184024011,0.790709731943173,-0.2376523969785898,-0.7460917393733562,-0.7781071320511487,841.08721034904,238.6854967520128,0.01,0.1,0.001,0.0001,0.25,0.0
1776356778283741443,0.7154140825687572,-0.31656209085355563,-0.7640590937890133,-0.804527999459619,842.9138242280933,238.2024381833179,0.01,0.1,0.001,0.0001,0.25,0.0
1776356778382867776,0.6388573463880218,-0.39768761739146435,-0.7805910404633767,-0.8323045212246898,844.8239115900116,238.23185800245767,0.01,0.1,0.001,0.0001,0.25,0.0
1776356778483720665,1.5291058923548384,0.08983646410295063,0.6361754929003274,-0.19184865978747317,860.3150837435068,342.0025925876397,0.01,0.1,0.001,0.0001,0.25,0.0
1776356778581669041,1.5920868934151011,0.0722438729976158,0.6496449456044838,-0.16732176984499503,860.8521172475704,341.51938741947237,0.01,0.1,0.001,0.0001,0.25,0.0
1776356778685193318,1.6601192533682732,0.056332178832212934,0.6648037713178497,-0.14010701836947606,861.5243463380904,341.79111058268154,0.01,0.1,0.001,0.0001,0.25,0.0
1776356778786188815,1.7280312505423947,0.043498842409701484,0.680069423684523,-0.11403379437723096,862.2840810840686,341.2922197316204,0.01,0.1,0.001,0.0001,0.25,0.0
1776356778893744061,1.8020378097785914,0.032757320700907075,0.6960137457364395,-0.08569481603237694,863.2060856448215,341.2922197316204,0.01,0.1,0.001,0.0001,0.25,0.0
1776356778991613829,1.8709055246695292,0.02556117010154482,0.7114673039305548,-0.06137621159199029,864.1461632066244,341.2922197316204,0.01,0.1,0.001,0.0001,0.25,0.0
1776356779083550937,1.9369350475573515,0.020968064089644654,0.7247776084145268,-0.03853099435073003,865.117278188725,341.0923053985293,0.01,0.1,0.001,0.0001,0.25,0.0
1776356779192442961,2.016714849741218,0.018292149691289217,0.7405210323085415,-0.010616955672570753,866.3772796218926,341.6141829892944,0.01,0.1,0.001,0.0001,0.25,0.0
1776356779285118738,2.0859174948966093,0.01851329973448086,0.7529194731981045,0.015389525153915368,867.5435375131474,342.2953239830216,0.01,0.1,0.001,0.0001,0.25,0.0
1776356779380890190,1.481398736661408,0.15176201213104487,0.01154215892981496,0.28507104003578154,874.7807345662771,355.60013262919546,0.01,0.1,0.001,0.0001,0.25,0.0
1776356779483668232,1.4827061774118886,0.18306730278300404,0.013896689367973529,0.32403536843493047,875.3541571568813,355.60013262919546,0.01,0.1,0.001,0.0001,0.25,0.0
1776356779584409837,1.4842102851745225,0.21781547463544926,0.015964632155030724,0.36582632751529615,876.0170659392423,355.56061293340196,0.01,0.1,0.001,0.0001,0.25,0.0
1776356779692873573,1.4861623117059501,0.25974607425377755,0.020033135339282145,0.40742544527372504,876.8422756069759,355.22682927942026,0.01,0.1,0.001,0.0001,0.25,0.0
1776356779785529647,1.4881438472348956,0.29916678840221694,0.02273835737826766,0.4434716310042736,877.6388889642889,355.5827398841936,0.01,0.1,0.001,0.0001,0.25,0.0
1776356779893372285,1.4908053465263174,0.3492535298725392,0.02661855958744213,0.48537593540369645,878.6724394182273,356.8435670705161,0.01,0.1,0.001,0.0001,0.25,0.0
1776356779984523391,1.4933093122934795,0.3950360120190347,0.028340055223236214,0.5194867645435481,879.6348107802996,357.5053927922734,0.01,0.1,0.001,0.0001,0.25,0.0
1776356780350221004,1.5046714146647961,0.6111524106547779,0.033795329556710926,0.6623786286418081,884.3185312167936,357.5053927922734,0.01,0.1,0.001,0.0001,0.25,0.0
1776356780376764711,1.5055775484717602,0.6288715929204268,0.03445628368250868,0.6722617584796864,884.7098000379787,357.80732750007417,0.01,0.1,0.001,0.0001,0.25,0.0
1776356780380085677,1.4737481286065302,0.10149310157724595,0.2997025501477252,0.14542589483794643,895.0681724291247,348.2238583607973,0.01,0.1,0.001,0.0001,0.25,0.0
1776356780385716204,1.4754333516938993,0.10230482110770164,0.3000792391040923,0.14347033260895317,895.09222680034,348.2468226493096,0.01,0.1,0.001,0.0001,0.25,0.0
1776356780482426831,1.504792583273455,0.11445947627645775,0.3069921716497715,0.1078558521561042,895.5540080840799,349.3125946709357,0.01,0.1,0.001,0.0001,0.25,0.0
1776356780587061362,1.5373952234743171,0.12372671472471744,0.31615440198843353,0.06927237582000109,896.1553294619622,350.47017934620726,0.01,0.1,0.001,0.0001,0.25,0.0
1776356780686389341,1.5692178776842214,0.12889439441400774,0.32465776209900316,0.03478908879454293,896.824089974341,349.78697590153195,0.01,0.1,0.001,0.0001,0.25,0.0
1776356780794906807,1.604923128477292,0.13058133212569453,0.33340277770130067,-0.0036982235434985383,897.6639063303786,349.0385332417304,0.01,0.1,0.001,0.0001,0.25,0.0
1776356780899032756,1.6400150392092345,0.1282351528724657,0.3406741709932798,-0.041369295412299965,898.5767557304314,348.7549870289089,0.01,0.1,0.001,0.0001,0.25,0.0
1776356780994499780,1.672945024905553,0.12265040312609327,0.3491237870618242,-0.075616755138191,899.5060741220454,347.8228985055409,0.01,0.1,0.001,0.0001,0.25,0.0
1776356781087184283,1.7055755118277665,0.11409871659459554,0.35495585604381075,-0.1089060322600358,900.4927380954409,348.61041526029715,0.01,0.1,0.001,0.0001,0.25,0.0
1776356781196248617,1.7447212944270252,0.10010648116597153,0.36305724871748285,-0.1477399647176198,901.760055765558,349.3779087649133,0.01,0.1,0.001,0.0001,0.25,0.0
1776356781286651260,1.7778544157480218,0.08538516316058477,0.3698140097442854,-0.17788075626126154,902.8983684892443,348.7401510565003,0.01,0.1,0.001,0.0001,0.25,0.0
1776356781387623158,1.7065370668306479,0.0640283446960596,0.23243801308903472,-0.22103073075498197,903.6591076104647,343.7252977072021,0.01,0.1,0.001,0.0001,0.25,0.0
1776356781485758616,1.729391764656071,0.040598062648100695,0.23326640835198356,-0.2564022254229241,904.8671613127426,344.1175240439882,0.01,0.1,0.001,0.0001,0.25,0.0
1776356781585340228,1.7526489709553605,0.013316453737412463,0.23386926649911108,-0.2915661171852488,906.1881645286998,343.490186695975,0.01,0.1,0.001,0.0001,0.25,0.0
1776356781687170607,1.77653446254425,-0.01818296959260448,0.2352528118217173,-0.32709709447579094,907.6385036381522,343.490186695975,0.01,0.1,0.001,0.0001,0.25,0.0
1776356781794210781,1.801848530644425,-0.05541651259823576,0.23776036068660153,-0.3686407944768322,909.2712968158481,343.9200677161366,0.01,0.1,0.001,0.0001,0.25,0.0
1776356781888120460,1.8242580601184533,-0.09178725239992497,0.23946406155766367,-0.40589600731428155,910.7954319079936,344.29879043489393,0.01,0.1,0.001,0.0001,0.25,0.0
1776356781985591229,1.8476710563574814,-0.1331847378853285,0.24097138500581422,-0.44358174524399263,912.4675529622783,344.5238668326771,0.01,0.1,0.001,0.0001,0.25,0.0
1776356782088919364,1.872558766983961,-0.1809901822389004,0.24075668834498307,-0.48174340618326084,914.340857804387,343.6982518859302,0.01,0.1,0.001,0.0001,0.25,0.0
1776356782187757521,1.8964066146251264,-0.2304044097581049,0.24178311977249445,-0.5181091685300667,916.2297348004836,343.540125243304,0.01,0.1,0.001,0.0001,0.25,0.0
1776356782288642023,1.920873092516915,-0.28444172668842305,0.2432596398545493,-0.5531692329892365,918.255280637814,344.1709349775433,0.01,0.1,0.001,0.0001,0.25,0.0
1776356782387568178,1.9449888003403764,-0.3409153013045834,0.2442821049668428,-0.5885440978497595,920.3373944442014,343.5528636480391,0.01,0.1,0.001,0.0001,0.25,0.0
1776356782485982826,1.4544646792181972,0.10166085963901038,-0.11049668596220519,-0.1073593683870483,943.4790314109166,325.8650561965802,0.01,0.1,0.001,0.0001,0.25,0.0
1776356782588234465,1.4421625532816293,0.09173260043081287,-0.13011825272342753,-0.08682556297791066,944.224805831225,326.0664471221501,0.01,0.1,0.001,0.0001,0.25,0.0
1776356782686209437,1.4286751643442241,0.08418323468482401,-0.14520729115295755,-0.06728382317404176,945.0329423441959,326.32121077727726,0.01,0.1,0.001,0.0001,0.25,0.0
1776356782785080334,1.4135269331957858,0.07856088920592222,-0.1612325589013284,-0.04645293517253729,945.9412950196627,326.76826188042554,0.01,0.1,0.001,0.0001,0.25,0.0
1776356782887214271,1.3962015300468178,0.07492984594079212,-0.17803560957252584,-0.024650599193610043,946.9776130447559,326.44084219187874,0.01,0.1,0.001,0.0001,0.25,0.0
1776356782985951486,1.3778238226387305,0.0734607283518298,-0.19423307202159534,-0.005108633326821786,948.0740463906899,326.53340908135704,0.01,0.1,0.001,0.0001,0.25,0.0
1776356783086718947,1.3573942840673594,0.07398578705823286,-0.21122546731607844,0.015529306090476147,949.2890236011316,326.8655421004539,0.01,0.1,0.001,0.0001,0.25,0.0
1776356783194436217,1.3336184671673323,0.07689404418776469,-0.2302118604247645,0.03846729310281271,950.6948722739685,327.16554259112735,0.01,0.1,0.001,0.0001,0.25,0.0
1776356783285527368,1.31190167242122,0.0812590656095163,-0.24661038941153712,0.0573727863949162,951.9701251526504,327.1413283892082,0.01,0.1,0.001,0.0001,0.25,0.0
1776356783382084232,1.4455084942085121,0.11335824356721426,0.027933173315045374,0.37209849718719157,960.6326958054848,38.63865458799587,0.01,0.1,0.001,0.0001,0.25,0.0
1776356783484301678,1.4495901818039625,0.15245104604095838,0.05192371726023562,0.3927394715261761,961.2094217847825,38.63865458799587,0.01,0.1,0.001,0.0001,0.25,0.0
1776356783583676797,1.4557502794492956,0.1924712339362282,0.07206112179461029,0.4127504477608688,961.8707452502825,38.119519166626695,0.01,0.1,0.001,0.0001,0.25,0.0
1776356783686853518,1.4643250975686026,0.236149193256484,0.09415155726290309,0.433894989305432,962.6624826699448,38.09966573104252,0.01,0.1,0.001,0.0001,0.25,0.0
1776356783784396880,1.4744343408828577,0.2795228666991394,0.11312846122956402,0.45543921245447766,963.5092919303926,37.06179264726854,0.01,0.1,0.001,0.0001,0.25,0.0
1776356783881793504,1.4863884719294516,0.32490756425219736,0.13234530989791343,0.4765191889053167,964.4501583718042,36.54398405825666,0.01,0.1,0.001,0.0001,0.25,0.0
1776356783985049724,1.5010772182273784,0.37528159561428204,0.15216170061568673,0.49917776845638484,965.5516805249911,35.94357034519256,0.01,0.1,0.001,0.0001,0.25,0.0
1776356784084078565,1.5171699945786172,0.42580794880882755,0.17284716972203518,0.5212498206450928,966.7086880453456,35.96691454963768,0.01,0.1,0.001,0.0001,0.25,0.0
1776356784185912029,1.5358214582115044,0.4800721061865981,0.19346008998955588,0.5444764505393797,968.0012510055266,35.421888501746906,0.01,0.1,0.001,0.0001,0.25,0.0
1776356784389699140,1.5795486287118994,0.5954949681585403,0.2357527069547132,0.5884797606987118,970.9007446401301,36.54558628594512,0.01,0.1,0.001,0.0001,0.25,0.0
1776356784394907211,1.433814095004533,0.08040125341229946,0.10442877863732362,0.38101771616460195,981.5941538478536,273.790160077504,0.01,0.1,0.001,0.0001,0.25,0.0
1776356784484687883,1.4431499575757885,0.11553041175334586,0.10349426543593557,0.4013590039566919,982.0339237869327,273.44263483508337,0.01,0.1,0.001,0.0001,0.25,0.0
1776356784594652280,1.4544240964665494,0.16106739347370838,0.10156203788172358,0.4268767687526098,982.676736762584,273.48689492102795,0.01,0.1,0.001,0.0001,0.25,0.0
1776356784694158425,1.4645237849333959,0.20468537199793707,0.10144538609453266,0.4498605175827204,983.3574008130461,272.58994359419376,0.01,0.1,0.001,0.0001,0.25,0.0
1776356784970237421,1.4918852228825754,0.33853640400619395,0.09677912887058611,0.519845677928579,985.7383265848306,271.57308898625365,0.01,0.1,0.001,0.0001,0.25,0.0
1776356784983008624,1.4931210054290402,0.3452021723581952,0.09654881136378712,0.5229585510666209,985.8661249606732,271.5904395201521,0.01,0.1,0.001,0.0001,0.25,0.0
1776356784996281594,1.4944021064934314,0.35216721967245607,0.09641518062894634,0.5261416109231108,986.0005062913019,271.5861303916841,0.01,0.1,0.001,0.0001,0.25,0.0
1776356785094687292,1.5038165963178023,0.40501801629607265,0.09492407957783898,0.547993314702328,987.0486306736019,271.5861303916841,0.01,0.1,0.001,0.0001,0.25,0.0
1776356785195017391,1.5132515956838501,0.4611977557768469,0.09317814708212728,0.5720421701476262,988.211919388351,271.24558040934727,0.01,0.1,0.001,0.0001,0.25,0.0
1776356785294894075,1.5226044705680248,0.5195721485636794,0.09410311987756573,0.5968423038250611,989.4653065780293,271.1792437397288,0.01,0.1,0.001,0.0001,0.25,0.0
1776356785386265907,1.4493981515146253,0.08790512844039314,-0.08604137211218997,-0.08977545941679291,996.9675718091128,320.63580941148024,0.01,0.1,0.001,0.0001,0.25,0.0
1776356785495091784,1.4398258693121047,0.07707381571674814,-0.08985343491525033,-0.10925457553952378,997.5362052201814,320.5002854888605,0.01,0.1,0.001,0.0001,0.25,0.0
1776356785594478608,1.4308680404677527,0.06521602370736335,-0.0904214646922596,-0.12938162763000002,998.1535594055466,320.1649386800092,0.01,0.1,0.001,0.0001,0.25,0.0
1776356785688140390,1.4222160777159918,0.05221974976255889,-0.09432353266223466,-0.14812726421798214,998.8210530554425,320.3668506848099,0.01,0.1,0.001,0.0001,0.25,0.0
1776356785813601310,1.410198302929972,0.03211716668782105,-0.09726474094991329,-0.17234963396072006,999.8454046772017,320.0956613808218,0.01,0.1,0.001,0.0001,0.25,0.0
1776356785897058094,1.4019872691056285,0.017055144749532177,-0.09948809403010743,-0.18856661365034588,1000.6096386577493,320.29799142342745,0.01,0.1,0.001,0.0001,0.25,0.0
1776356785995854468,1.3920370677115597,-0.002446484185825836,-0.10195246212707945,-0.2062413729549586,1001.5994912922002,320.8761931352899,0.01,0.1,0.001,0.0001,0.25,0.0
1776356786098202552,1.381573283804768,-0.024544206975962445,-0.10251584109539043,-0.22556072886856077,1002.7226352100956,320.9266614123703,0.01,0.1,0.001,0.0001,0.25,0.0
1776356786196046032,1.3715073768349302,-0.04745396659681876,-0.10323419733670303,-0.2427213580398101,1003.8894058046897,321.14536753669665,0.01,0.1,0.001,0.0001,0.25,0.0
1776356786288814233,1.3618847185815202,-0.07075140192082055,-0.10422101686242877,-0.25954883675989626,1005.0796451735837,321.46454973403456,0.01,0.1,0.001,0.0001,0.25,0.0
1776356786389978214,1.4750202208597336,0.06966474508340939,0.07801769626483025,-0.08614926984831803,1013.1199333190034,326.2161098014999,0.01,0.1,0.001,0.0001,0.25,0.0
1776356786487510126,1.483264289686956,0.0606761329381464,0.09099545001946373,-0.09812789367846957,1013.6586903888089,325.8548762047634,0.01,0.1,0.001,0.0001,0.25,0.0
1776356786597419544,1.494088739461557,0.049138927889820355,0.10599132307219693,-0.11182982614016322,1014.3737395134743,325.4336590364306,0.01,0.1,0.001,0.0001,0.25,0.0
1776356786687785650,1.5041642375812438,0.03857197512265734,0.11701656888511985,-0.12205576770587187,1015.0474717820371,325.44247780545754,0.01,0.1,0.001,0.0001,0.25,0.0
1776356786794140646,1.517310476442949,0.024910245446190214,0.13022839973226227,-0.13488417995906157,1015.9395376102658,325.8465271038323,0.01,0.1,0.001,0.0001,0.25,0.0
1776356786889164835,1.5302800417587583,0.011513030834646179,0.14269834265056577,-0.14704185625706964,1016.8275359789623,326.20555832625564,0.01,0.1,0.001,0.0001,0.25,0.0
1776356786986466752,1.544720377871968,-0.0032940604689904902,0.1541334741512722,-0.15732888544530302,1017.8251481045496,326.2034574110899,0.01,0.1,0.001,0.0001,0.25,0.0
1776356787089084379,1.5612301628809593,-0.020069142481703148,0.167656778242699,-0.16963223923685125,1018.974183552646,326.20345741108997,0.01,0.1,0.001,0.0001,0.25,0.0
1776356787188152897,1.578420624603651,-0.037454003205393535,0.17936179852521347,-0.18131061052267294,1020.1780739783482,325.4495673697224,0.01,0.1,0.001,0.0001,0.25,0.0
1776356787290367901,1.5973358364775885,-0.05658575638090096,0.1907361860235219,-0.19302425489298952,1021.5174658423493,325.83136483697314,0.01,0.1,0.001,0.0001,0.25,0.0
1776356787388582938,1.616603918194148,-0.07605897720468185,0.20163627308508295,-0.20352562764280385,1022.8974390409142,325.46817127842087,0.01,0.1,0.001,0.0001,0.25,0.0
1776356787491371264,1.420017895443153,0.10340582165319416,-0.025092232603202855,0.18740679064774948,1032.658377005734,334.04625882836535,0.01,0.1,0.001,0.0001,0.25,0.0
1776356787589842277,1.41763619765771,0.12335022805111587,-0.02327285376340059,0.21760384666396854,1033.2148335176757,334.82657807119534,0.01,0.1,0.001,0.0001,0.25,0.0
1776356787691452609,1.4153191700842265,0.146802175412205,-0.022331284363996808,0.24398144435766123,1033.8859655752244,334.54284084563125,0.01,0.1,0.001,0.0001,0.25,0.0
1776356787794202102,1.4130796434636834,0.17330002040926046,-0.02126347899956054,0.27182724114514123,1034.6647273500141,334.27089429484084,0.01,0.1,0.001,0.0001,0.25,0.0
1776356787892279068,1.4110938318712694,0.20121596140196893,-0.019230398899653084,0.29742349256930994,1035.502037730274,333.7557524584612,0.01,0.1,0.001,0.0001,0.25,0.0
1776356787990072781,1.40929364943316,0.2316721084890585,-0.017585452082374185,0.32544058437541545,1036.4282370865621,334.32397616734534,0.01,0.1,0.001,0.0001,0.25,0.0
1776356788093008077,1.4075652876881861,0.2665238621239268,-0.01599699012488235,0.3517365202833609,1037.501699350853,333.7196136641569,0.01,0.1,0.001,0.0001,0.25,0.0
1776356788191440805,1.4061418495881495,0.3023590508193138,-0.01292389467074197,0.3763494877151606,1038.6229394536063,333.4769539096915,0.01,0.1,0.001,0.0001,0.25,0.0
1776356788293358770,1.4049393758883677,0.34211909402625096,-0.01067473991834705,0.40394427759306434,1039.8812537381618,333.2157903213124,0.01,0.1,0.001,0.0001,0.25,0.0
1776356788392748292,1.5656551344633505,0.09209341426107621,0.123569009440921,0.07245380594543822,1047.151240234138,342.23040283569225,0.01,0.1,0.001,0.0001,0.25,0.0
1776356788501293555,1.5788915030979815,0.1007042452751281,0.12032951016395617,0.08621274338291893,1047.7335547717641,342.37651159900685,0.01,0.1,0.001,0.0001,0.25,0.0
1776356788592133229,1.5896907273811034,0.1090647740554324,0.11742324967231127,0.09785036514187936,1048.306533710362,342.96738534831434,0.01,0.1,0.001,0.0001,0.25,0.0
1776356788691138185,1.6011700213895443,0.11931250566863293,0.11446581998416427,0.10916035765405001,1049.0197868334583,342.9155856612857,0.01,0.1,0.001,0.0001,0.25,0.0
1776356788794189330,1.6127387859709443,0.13130441949392685,0.11005744591748873,0.12357526744416221,1049.8605187237574,342.58165054903037,0.01,0.1,0.001,0.0001,0.25,0.0
1776356788892525634,1.623399185507855,0.14414590072400799,0.10684179024656967,0.13770081891412728,1050.7559149156834,342.89933930499814,0.01,0.1,0.001,0.0001,0.25,0.0
1776356789018922112,1.6366175896508892,0.16267555000281475,0.10226729013702825,0.15542971928051233,1052.0417119598621,343.07978835249173,0.01,0.1,0.001,0.0001,0.25,0.0
1776356789093220146,1.6441441829714543,0.17463328495619168,0.10031493220249918,0.16641901331718822,1052.8678652902965,343.3192120021661,0.01,0.1,0.001,0.0001,0.25,0.0
1776356789193086167,1.6539504123650053,0.19191799965332496,0.09606319750801014,0.1797221800588329,1054.0604077672651,342.8531056024797,0.01,0.1,0.001,0.0001,0.25,0.0
1776356789293590879,1.6633896887403576,0.21078413954710307,0.09177813427435348,0.1957134680055949,1055.3555438513808,342.529619947379,0.01,0.1,0.001,0.0001,0.25,0.0
1776356789390390302,1.5508816349508783,0.06837982582400152,0.020644916771858948,-0.16681269598568818,1063.5638004607015,349.8342379045496,0.01,0.1,0.001,0.0001,0.25,0.0
1776356789489038591,1.5531945487428918,0.050615214713269664,0.026247460299508786,-0.1933498166021681,1064.0966194411901,350.4334739618779,0.01,0.1,0.001,0.0001,0.25,0.0
1776356789594817907,1.5562930831368433,0.028765281851197956,0.03233912465312213,-0.2197851643526612,1064.7707000213445,349.9048405165386,0.01,0.1,0.001,0.0001,0.25,0.0
1776356789689666596,1.5595334357679198,0.006780281686530429,0.03598733292401516,-0.2437931408842992,1065.4655692909012,349.6167038172988,0.01,0.1,0.001,0.0001,0.25,0.0
1776356789792366906,1.5635129968343222,-0.01955907086932432,0.0415143877631027,-0.26916422069447876,1066.3144368899696,350.33443378743715,0.01,0.1,0.001,0.0001,0.25,0.0
1776356789902137726,1.5684119523144366,-0.0506887782413049,0.047749593685608195,-0.2980508994746376,1067.3328755629398,350.0016674595864,0.01,0.1,0.001,0.0001,0.25,0.0
1776356789993510955,1.5729703785483393,-0.07909975199111609,0.052019541241096194,-0.32377297745080963,1068.268384993334,349.8182473963693,0.01,0.1,0.001,0.0001,0.25,0.0
1776356790097844073,1.5787812296971138,-0.11430527676474214,0.0593750366806181,-0.3511203337464177,1069.4335286198334,350.55181772297357,0.01,0.1,0.001,0.0001,0.25,0.0
1776356790194146111,1.5847593371747455,-0.1492603881257608,0.06476514969974477,-0.37475053015819537,1070.6008936773194,350.55181772297357,0.01,0.1,0.001,0.0001,0.25,0.0
1776356790292117018,1.5914284669308132,-0.1872228688860991,0.07138206575482436,-0.4002360477480581,1071.8788190936089,350.9416420846632,0.01,0.1,0.001,0.0001,0.25,0.0
1776356790390475177,1.5526572954134295,0.07464492203113185,0.02420209586126895,-0.07618337886211463,1080.1807421660335,337.6070053145844,0.01,0.1,0.001,0.0001,0.25,0.0
1776356790493687060,1.555401767553159,0.06602144641179031,0.02898300382144051,-0.09093087374286324,1080.7467102425812,337.53549525185133,0.01,0.1,0.001,0.0001,0.25,0.0
1776356790591574673,1.558444484295798,0.056451906171531036,0.03319547775719197,-0.10462445784835563,1081.376196964297,337.87465556761987,0.01,0.1,0.001,0.0001,0.25,0.0
1776356790697010637,1.562194796460719,0.044658582064716304,0.03793238712213237,-0.11904597988046521,1082.1554571038475,337.3552160691423,0.01,0.1,0.001,0.0001,0.25,0.0
1776356790798053550,1.5662768825181879,0.03193005994030737,0.04285621687158747,-0.13286432256225766,1083.0005775658854,337.42794140886036,0.01,0.1,0.001,0.0001,0.25,0.0
1776356790893960004,1.5705555763810997,0.018511103835108223,0.04637216584266565,-0.14697615898264427,1083.8917424291913,337.358969780609,0.01,0.1,0.001,0.0001,0.25,0.0
1776356791002093962,1.5758569959201574,0.0017726231944304172,0.05169443675601042,-0.16265523634487516,1085.0004159024404,337.4378157484849,0.01,0.1,0.001,0.0001,0.25,0.0
1776356791097299721,1.5810053817799836,-0.014290320777441367,0.05645018511857407,-0.17475556566703082,1086.06808772396,337.9108429171773,0.01,0.1,0.001,0.0001,0.25,0.0
1776356791195820978,1.5867756227994123,-0.03222980410485608,0.06068621701961032,-0.18941752972290568,1087.2629769594362,338.6712976447298,0.01,0.1,0.001,0.0001,0.25,0.0
1776356791296873495,1.54824324210648,0.0993948299770501,-0.0067308032204181556,0.14819405619890474,1094.3539454899742,332.9904153098187,0.01,0.1,0.001,0.0001,0.25,0.0
1776356791394405090,1.5475956041445607,0.11492883506069881,-0.0065470593035001235,0.1702838528712681,1094.8679187811993,332.29068539353875,0.01,0.1,0.001,0.0001,0.25,0.0
1776356791496866759,1.5469810035240419,0.13372983315846507,-0.005449640543924347,0.1967023223469589,1095.5048799783037,332.2089943292838,0.01,0.1,0.001,0.0001,0.25,0.0
1776356791594725662,1.5465107978959187,0.15409172177135913,-0.004160821615218025,0.2194712585266122,1096.2060755717312,331.99871718467386,0.01,0.1,0.001,0.0001,0.25,0.0
1776356791698132903,1.5460959036178552,0.17808540548576637,-0.0038638117778803595,0.24460001393518332,1097.0457203480237,331.7773014166502,0.01,0.1,0.001,0.0001,0.25,0.0
1776356791794818869,1.5457842363303886,0.20280960001779252,-0.002582647800994123,0.2667899428564108,1097.922655087934,332.25382065720424,0.01,0.1,0.001,0.0001,0.25,0.0
1776356791895561892,1.545588334023911,0.23083423622248284,-0.001306470290370649,0.28956450557904284,1098.9307287973347,332.25382065720424,0.01,0.1,0.001,0.0001,0.25,0.0
1776356791995852943,1.5455736863290166,0.2609585387868929,0.0010143605778676202,0.31118540250479215,1100.0298601459447,331.08925197773897,0.01,0.1,0.001,0.0001,0.25,0.0
1776356792096622477,1.5457903726783127,0.29342316159531395,0.003286259759628697,0.3331469126252038,1101.2303651115162,330.79569226113483,0.01,0.1,0.001,0.0001,0.25,0.0
1776356792192167627,1.5461410010634515,0.3262043104059662,0.004053189163315259,0.3530370289171607,1102.4576385350326,331.2709436294384,0.01,0.1,0.001,0.0001,0.25,0.0
1776356792295246479,1.5466863656541523,0.36376922530539957,0.006528344322496342,0.3758229148302729,1103.8787730410356,330.8480196085884,0.01,0.1,0.001,0.0001,0.25,0.0
1776356792393315998,1.5456310575834993,0.09072712032954983,-0.002267517804113157,0.05876813568948806,1113.3793703847716,335.30108692898943,0.01,0.1,0.001,0.0001,0.25,0.0
1776356792498118422,1.545371869709363,0.09748642917017467,-0.0026785579378045886,0.0702195864412287,1113.9742055081215,334.87647586679526,0.01,0.1,0.001,0.0001,0.25,0.0
1776356792596393567,1.545165079151973,0.10498580734997184,-0.001530162430156746,0.08241207184491925,1114.6261881315131,335.1202019929816,0.01,0.1,0.001,0.0001,0.25,0.0
1776356792696856347,1.5450347158346518,0.11391384892099221,-0.0010652069506569854,0.09533398586662294,1115.3870485304183,335.69969134765176,0.01,0.1,0.001,0.0001,0.25,0.0
1776356792794579097,1.544924551944068,0.123817290784275,-0.0011895060965614861,0.10735874278674667,1116.218626017846,335.57400379227727,0.01,0.1,0.001,0.0001,0.25,0.0
1776356792902883461,1.5448310740214681,0.13620115701904442,-0.0005366586741407759,0.12132192346061971,1117.2456885206218,335.57400379227727,0.01,0.1,0.001,0.0001,0.25,0.0
1776356792996989236,1.5448519735453738,0.14823628296330443,0.0009808031032895838,0.134441517198091,1118.2280481801188,335.4522611753932,0.01,0.1,0.001,0.0001,0.25,0.0
1776356793098147198,1.5449735283690822,0.16251239018830238,0.0014224930503555296,0.14781559556936125,1119.37727372164,335.1255710918343,0.01,0.1,0.001,0.0001,0.25,0.0
1776356793196516295,1.5450121255399547,0.17757950807151346,-0.0006374830392203244,0.15862754805814905,1120.587258777226,335.516371552906,0.01,0.1,0.001,0.0001,0.25,0.0
1776356793298306372,1.544866585292504,0.19432061847709908,-0.0022211299259964675,0.1701911539559305,1121.9366041727988,335.18462161509194,0.01,0.1,0.001,0.0001,0.25,0.0
1776356793396317311,1.543663978001061,0.0766445129793224,0.007212601669616652,-0.11575881803758134,1130.5139188729147,337.06998661444914,0.01,0.1,0.001,0.0001,0.25,0.0
1776356793494736222,1.5444143904456582,0.06428048771686416,0.008036925237043666,-0.13549705767714162,1131.0497927342785,337.53268788989175,0.01,0.1,0.001,0.0001,0.25,0.0
1776356793597376613,1.5453008758783624,0.049244148944009206,0.009236518022941025,-0.15749066107027904,1131.706548987997,337.35227412469294,0.01,0.1,0.001,0.0001,0.25,0.0
1776356793696009760,1.546218888829065,0.03263363280823943,0.009381913093825401,-0.17939102480466765,1132.4315827866867,337.50080005173817,0.01,0.1,0.001,0.0001,0.25,0.0
1776356793804427927,1.5472458854807791,0.01182631757220334,0.00955984421018068,-0.20437567462045345,1133.3353338061543,337.1501206267498,0.01,0.1,0.001,0.0001,0.25,0.0
1776356793896095843,1.5481046876306506,-0.007792024497838428,0.00917749650924311,-0.22365720789111293,1134.1864624332914,337.4457578636911,0.01,0.1,0.001,0.0001,0.25,0.0
1776356794017686620,1.5494231286529219,-0.03658203365218425,0.012510708304987394,-0.24993516719093206,1135.4386481192516,337.0391736558953,0.01,0.1,0.001,0.0001,0.25,0.0
1776356794099462289,1.5505285432065745,-0.05771743196847358,0.01452166400566339,-0.26692066244508694,1136.3599452045803,336.9125289611913,0.01,0.1,0.001,0.0001,0.25,0.0
1776356794200732313,1.5520421095141743,-0.08576652483589792,0.015370210506412088,-0.28702927682135987,1137.5887226560285,336.09686310236293,0.01,0.1,0.001,0.0001,0.25,0.0
1776356794298206498,1.5535855009460313,-0.11468947455111647,0.016297413748863242,-0.30641778076252646,1138.8634944621801,336.09686310236293,0.01,0.1,0.001,0.0001,0.25,0.0
1776356794396445054,1.5449106516820936,0.07873892031659936,0.004964404656280417,-0.07225455655187007,1147.2080677459564,323.18535282730926,0.01,0.1,0.001,0.0001,0.25,0.0
1776356794498903200,1.5455109070058721,0.07056368651273988,0.006753763260063856,-0.08734213284682193,1147.7712402389056,323.6066614103984,0.01,0.1,0.001,0.0001,0.25,0.0
1776356794607074883,1.5462713708294082,0.06029696943897477,0.007305405705284193,-0.10246506848497297,1148.473525953033,324.1295596308253,0.01,0.1,0.001,0.0001,0.25,0.0
1776356794699294464,1.5469182857399444,0.05022527402851397,0.006724304335686576,-0.11596082327970335,1149.1597397638716,323.7439885547236,0.01,0.1,0.001,0.0001,0.25,0.0
1776356794906156193,1.5482777770807792,0.023303724280575616,0.0064202941233973045,-0.14433723872606224,1150.991825611342,324.31269246631086,0.01,0.1,0.001,0.0001,0.25,0.0
1776356794918208032,1.5483555618960239,0.02155333108988184,0.006479159589964697,-0.14593941581813127,1151.1111370314093,324.36273026656875,0.01,0.1,0.001,0.0001,0.25,0.0
1776356795002802729,1.5489213524007823,0.008729692916374984,0.00689719736755222,-0.15723562911492064,1151.9866628485963,324.59660041788874,0.01,0.1,0.001,0.0001,0.25,0.0
1776356795101800853,1.549716464746404,-0.007562516943070939,0.009167827769479107,-0.17194396716613172,1153.0969286781042,324.3912429933252,0.01,0.1,0.001,0.0001,0.25,0.0
1776356795199246883,1.5506543891270745,-0.024997859561736516,0.01008025425068039,-0.1858640946455011,1154.2804621026903,323.921784115764,0.01,0.1,0.001,0.0001,0.25,0.0
1776356795302458744,1.5517843973421543,-0.044921884824799224,0.011818436091772081,-0.20024819532590873,1155.6317375619856,324.1430495802924,0.01,0.1,0.001,0.0001,0.25,0.0
1776356795400096769,1.5496327382033552,0.09351111911869607,0.02476297576041828,0.08864914530468752,1164.0623961072083,317.51313327898856,0.01,0.1,0.001,0.0001,0.25,0.0
1776356795501906385,1.5524714753238404,0.10335529959884222,0.031002045579734926,0.1047329507655006,1164.6178625166888,317.67614392393955,0.01,0.1,0.001,0.0001,0.25,0.0
1776356795600442612,1.5558570082051721,0.11444475338701449,0.037714414181254444,0.12035067172956862,1165.2490691811443,318.1419263348905,0.01,0.1,0.001,0.0001,0.25,0.0
1776356795699022653,1.5598555920903114,0.12705449988540263,0.04340621391516454,0.13546753428268457,1165.9726556245867,318.30339895148893,0.01,0.1,0.001,0.0001,0.25,0.0
1776356795802164312,1.564584383546688,0.1418670488523122,0.048291584445118885,0.15176825120282705,1166.828066004878,317.49478808188843,0.01,0.1,0.001,0.0001,0.25,0.0
1776356795904610969,1.5697989516738966,0.15826421437248975,0.053515745424989686,0.16836403939609929,1167.7773246233337,317.50847837178287,0.01,0.1,0.001,0.0001,0.25,0.0
1776356796001944501,1.5752653324866583,0.17541042173713176,0.05880266640636216,0.18394123279268743,1168.7713733789178,317.308122143336,0.01,0.1,0.001,0.0001,0.25,0.0
1776356796099544204,1.5812809974562534,0.1941476977680241,0.06446197682820251,0.19999697799682406,1169.8582283533542,317.1652696252513,0.01,0.1,0.001,0.0001,0.25,0.0
1776356796202755280,1.5883507445684306,0.215523543847945,0.0725318828694938,0.2142129806236577,1171.1058454843105,317.8030509116057,0.01,0.1,0.001,0.0001,0.25,0.0
1776356796304458761,1.5491384153449919,0.09685090164171042,0.01708607213601076,0.08228013182346944,1178.140413261771,311.4912917711291,0.01,0.1,0.001,0.0001,0.25,0.0
1776356796402830873,1.551009176381485,0.10575927685053436,0.02094388845543042,0.0988147015179365,1178.667690572365,312.115489516527,0.01,0.1,0.001,0.0001,0.25,0.0
1776356796501904228,1.5532650569785482,0.11645415439670354,0.024595194529722645,0.11708099647472353,1179.2913338496237,312.43682339210807,0.01,0.1,0.001,0.0001,0.25,0.0
1776356796603644282,1.555813314237362,0.12924471351419067,0.025500421501803268,0.13436572703090982,1180.028355040502,312.59566468328796,0.01,0.1,0.001,0.0001,0.25,0.0
1776356796701818732,1.558500485527116,0.14326899616975095,0.02924317695372682,0.15133980326043725,1180.8324894055509,313.0666724830749,0.01,0.1,0.001,0.0001,0.25,0.0
1776356796804798869,1.5615571231777607,0.1597251455331873,0.03013226774147381,0.1683222889141408,1181.7739953962437,313.2229606705206,0.01,0.1,0.001,0.0001,0.25,0.0
1776356796903037817,1.5645858782597286,0.17707559879624404,0.03151837247185138,0.18484808066353509,1182.7662837608764,313.3781702124447,0.01,0.1,0.001,0.0001,0.25,0.0
1776356797001402966,1.567690452763152,0.19603270661293865,0.0316087284183271,0.20061770745360283,1183.8513719466036,313.53120941204253,0.01,0.1,0.001,0.0001,0.25,0.0
1776356797104620478,1.5710762067269868,0.21767719858515827,0.03399233684978282,0.21875763574365534,1185.0887525238363,314.0324335979566,0.01,0.1,0.001,0.0001,0.25,0.0
1776356797202021568,1.5744620759735377,0.23975211102870622,0.035525920626710665,0.23448179415603804,1186.3490497515654,314.6581859062471,0.01,0.1,0.001,0.0001,0.25,0.0
1776356797299755169,1.57802091381392,0.26358283542920913,0.03730262175148713,0.25319339638278004,1187.70387035787,314.4887418456143,0.01,0.1,0.001,0.0001,0.25,0.0
1776356797402330085,1.5438985806011585,0.08916871862762298,-0.038219770915845754,-0.037785664174441985,1197.2354041520257,309.89269468829434,0.01,0.1,0.001,0.0001,0.25,0.0
1776356797501568151,1.5397695510487794,0.08500732040980617,-0.04499568331437659,-0.046082140241957406,1197.7962048936608,309.83274104601395,0.01,0.1,0.001,0.0001,0.25,0.0
1776356797603413621,1.534862336983913,0.07990489182270952,-0.051369161379478556,-0.054116206897078196,1198.4684393604803,309.77019121889,0.01,0.1,0.001,0.0001,0.25,0.0
1776356797701759207,1.5294599573710044,0.07429934736323866,-0.05849715122557897,-0.05988179843268745,1199.210499622749,308.5988388885045,0.01,0.1,0.001,0.0001,0.25,0.0
1776356797799565621,1.5233831730787502,0.06806451365067878,-0.06576676378523598,-0.0676140627502857,1200.0390143659233,308.5988388885045,0.01,0.1,0.001,0.0001,0.25,0.0
1776356798093775486,1.5016920814871817,0.04547943156981252,-0.08169155921770906,-0.08592170166568965,1203.0750136833522,307.7843336569415,0.01,0.1,0.001,0.0001,0.25,0.0
1776356798105907004,1.5006958023066244,0.044431184728938956,-0.08237404279647025,-0.08670184840304092,1203.2178837388105,307.7992449241423,0.01,0.1,0.001,0.0001,0.25,0.0
1776356798119160293,1.4995985197334136,0.04327627290243254,-0.08312176826815398,-0.08748579851870257,1203.3754678660978,307.7707436929293,0.01,0.1,0.001,0.0001,0.25,0.0
1776356798201331928,1.4924383991691772,0.03582647316189665,-0.09116205597975587,-0.0938490794366839,1204.3888826351942,307.8223169453974,0.01,0.1,0.001,0.0001,0.25,0.0
1776356798300740742,1.4830585913739158,0.026123072735626127,-0.09756517050286377,-0.10138902030620069,1205.7000572549398,308.288420149454,0.01,0.1,0.001,0.0001,0.25,0.0
1776356798402148233,1.5435231542812955,0.07849166807639324,-0.02671814092630061,-0.09223947240722205,1214.1720220296784,318.5200554930706,0.01,0.1,0.001,0.0001,0.25,0.0
1776356798500187726,1.5406090319106203,0.06870402796880902,-0.032730112902008765,-0.10742891466911964,1214.7225449946077,318.19490411111013,0.01,0.1,0.001,0.0001,0.25,0.0
1776356798610337498,1.5366743721354077,0.05602115933364499,-0.038717684370998436,-0.1228738507171008,1215.4495166884262,318.07954713257504,0.01,0.1,0.001,0.0001,0.25,0.0
1776356798703966871,1.5328040982924866,0.04383903054138548,-0.0439505913206065,-0.13733398531267438,1216.157823855528,318.29337218891766,0.01,0.1,0.001,0.0001,0.25,0.0
1776356798811095971,1.5277527627292786,0.028291826555136027,-0.05034799589921686,-0.15290200332369974,1217.0699541767315,318.89044324861203,0.01,0.1,0.001,0.0001,0.25,0.0
1776356798913705434,1.5223446816963029,0.011875858842134691,-0.05506928097874271,-0.16708702847320342,1218.0452939536788,318.5513247771495,0.01,0.1,0.001,0.0001,0.25,0.0
1776356799106135590,1.5109660433664036,-0.022696812018850196,-0.06319628589543763,-0.19224915914292848,1220.1430196313324,320.02811687213693,0.01,0.1,0.001,0.0001,0.25,0.0
1776356799118274977,1.5101950826861046,-0.025041480278784313,-0.06378360287356048,-0.1939258073043613,1220.2871430773043,320.1551367510924,0.01,0.1,0.001,0.0001,0.25,0.0
1776356799205734262,1.504396457827247,-0.042567118003810966,-0.06881233878002566,-0.20682928442740858,1221.3664788277688,319.96005852915255,0.01,0.1,0.001,0.0001,0.25,0.0
1776356799303485126,1.5430366175530918,0.08832392223089781,0.00021656245081258074,0.01222198382040332,1228.6028389448304,319.4345578596102,0.01,0.1,0.001,0.0001,0.25,0.0
1776356799411786709,1.543051632946121,0.08978482878835169,0.000060690327457864335,0.01475302782665754,1229.1864183127702,319.5076750102853,0.01,0.1,0.001,0.0001,0.25,0.0
1776356799505464870,1.5429908998657516,0.09121760272192593,-0.0013572360722536546,0.015834206272577426,1229.7803049427243,318.8964757033584,0.01,0.1,0.001,0.0001,0.25,0.0
1776356799603311343,1.5428265166987805,0.09276943337833374,-0.002003277900486729,0.015890140570672256,1230.4888416764402,318.16246542493764,0.01,0.1,0.001,0.0001,0.25,0.0
1776356799705032133,1.542616102010052,0.09446295587538903,-0.002133897294646697,0.01740791152614241,1231.321307965917,318.1262791436449,0.01,0.1,0.001,0.0001,0.25,0.0
1776356799802619111,1.542350384176745,0.0961796299011148,-0.0033116984466829875,0.01777344099129745,1232.2117672381962,318.1262791436449,0.01,0.1,0.001,0.0001,0.25,0.0
1776356799912551343,1.5418700784064399,0.09821933236900103,-0.005431816408157321,0.019357424240849793,1233.3217244822883,317.7957855887829,0.01,0.1,0.001,0.0001,0.25,0.0
1776356800004877053,1.5413986536130975,0.1000647445871049,-0.004774850326039625,0.02059700277147829,1234.3429806540705,317.7185003087616,0.01,0.1,0.001,0.0001,0.25,0.0
1776356800101468677,1.540904088613584,0.1022220565320387,-0.005463407852691039,0.024062681367161453,1235.4970549906564,317.760818586005,0.01,0.1,0.001,0.0001,0.25,0.0
1776356800205385928,1.5403599530895056,0.1048449840117374,-0.0050093474599844255,0.026419737960812616,1236.83670266734,317.71214383783405,0.01,0.1,0.001,0.0001,0.25,0.0
1776356800301879276,1.5426750917466105,0.09456426879755585,0.013029199294848144,0.06053642180018551,1245.0642504606233,320.3063838937994,0.01,0.1,0.001,0.0001,0.25,0.0
1776356800400305024,1.544059887066764,0.10102947878227928,0.015106275223190491,0.07081999465479158,1245.6022175417845,320.2227009272214,0.01,0.1,0.001,0.0001,0.25,0.0
1776356800502792715,1.5456955663199718,0.10885251405039288,0.016813544677190696,0.08184433506802831,1246.2594891974484,320.80165562791944,0.01,0.1,0.001,0.0001,0.25,0.0
1776356800610970497,1.5475662301640125,0.1183499854221832,0.017771517955775036,0.09374608075925257,1247.060869220323,321.3392965082984,0.01,0.1,0.001,0.0001,0.25,0.0
1776356800703288497,1.5492355328775032,0.12762325350855222,0.018391805805741256,0.10714749799343365,1247.8322153674835,321.8666930603101,0.01,0.1,0.001,0.0001,0.25,0.0
1776356800803359244,1.5511210487935398,0.13891199447896277,0.019290917833299583,0.11846210975511895,1248.7592865698502,321.622247712392,0.01,0.1,0.001,0.0001,0.25,0.0
1776356800911990146,1.5533685712539618,0.15251376327527216,0.022089542253199295,0.13196806867158017,1249.8728089456192,321.492194886654,0.01,0.1,0.001,0.0001,0.25,0.0
1776356801004156686,1.5555592682403379,0.16515615455024393,0.025446799139399717,0.14236153117876005,1250.9051348856187,321.492194886654,0.01,0.1,0.001,0.0001,0.25,0.0
1776356801113312105,1.5584371338987995,0.18127496875316604,0.027284286156144602,0.1529832372951268,1252.231347834641,320.8807422480356,0.01,0.1,0.001,0.0001,0.25,0.0
1776356801211508054,1.5612722438132953,0.19681984701071192,0.030463289939955687,0.1636461235252156,1253.5203855890124,321.0905618858492,0.01,0.1,0.001,0.0001,0.25,0.0
1776356801301856871,1.564155097187529,0.2120499157244494,0.033347839657463796,0.17346706341519932,1254.7869635230254,320.69036946079234,0.01,0.1,0.001,0.0001,0.25,0.0
1776356801403240117,1.5421671500282688,0.1013344314425298,0.00835218456724516,0.011112960533123706,1264.470158244742,327.7003313037659,0.01,0.1,0.001,0.0001,0.25,0.0
1776356801501941518,1.5431829541827706,0.10240315060423605,0.012231966540190525,0.010543454848204792,1265.0291146480158,328.00237892817375,0.01,0.1,0.001,0.0001,0.25,0.0
1776356801604204319,1.544524524464394,0.10338528091392822,0.014005661113131847,0.008664461222777687,1265.7052005966216,328.66696419236274,0.01,0.1,0.001,0.0001,0.25,0.0
1776356801703446615,1.5460235596867162,0.10410500930863517,0.016204337220667598,0.005840197027480782,1266.455413090206,328.871372551682,0.01,0.1,0.001,0.0001,0.25,0.0
1776356801806643449,1.5478052504727484,0.10469364198455462,0.018330137054847522,0.005569257499439995,1267.3336487781182,328.5854079597083,0.01,0.1,0.001,0.0001,0.25,0.0
1776356802114419873,1.5537855875924564,0.10758380520621977,0.020530943956777153,0.013211434097997781,1270.5497430730377,326.8563499782055,0.01,0.1,0.001,0.0001,0.25,0.0
1776356802127787211,1.5540606014631784,0.1077616346205318,0.020595116121927944,0.013381490679059516,1270.7097633977003,326.9019847160596,0.01,0.1,0.001,0.0001,0.25,0.0
1776356802140791761,1.5543294822680116,0.1079366332746071,0.02074721161623046,0.013525791583085282,1270.8670135210145,326.9518529520135,0.01,0.1,0.001,0.0001,0.25,0.0
1776356802206549050,1.5556928688180294,0.10881594303008535,0.020722046149813874,0.01321961154976157,1271.6863657597714,326.7274166446775,0.01,0.1,0.001,0.0001,0.25,0.0
1776356802305132224,1.557752381571398,0.11012340180352695,0.021058149881343028,0.013304081380857122,1272.9912039956212,327.0641955596223,0.01,0.1,0.001,0.0001,0.25,0.0
1776356802407987003,1.549354172189155,0.08949699702565028,0.0036551170488817717,-0.05271425850126688,1281.508077079093,324.26004406583246,0.01,0.1,0.001,0.0001,0.25,0.0
1776356802506232592,1.5496522870309948,0.08398949844718795,0.0024135616623686,-0.05940105641933081,1282.0614111877119,323.8938604369789,0.01,0.1,0.001,0.0001,0.25,0.0
1776356802605196665,1.5498827533494115,0.07772342327214946,0.002244300514847353,-0.06724007169823841,1282.7105789546772,324.234344237463,0.01,0.1,0.001,0.0001,0.25,0.0
1776356802707345127,1.5500870572914718,0.07032043370198553,0.0017557041852214305,-0.07770080793719635,1283.4773946312566,323.8830581835962,0.01,0.1,0.001,0.0001,0.25,0.0
1776356802805923506,1.5502856968639,0.0622783821602903,0.0022743692358249464,-0.08545932059440876,1284.3105687014536,324.5932606999501,0.01,0.1,0.001,0.0001,0.25,0.0
1776356802907584516,1.5504930191154633,0.053297852485367725,0.001804666266582828,-0.0912313100456793,1285.2656340251551,324.21038642719424,0.01,0.1,0.001,0.0001,0.25,0.0
1776356803006728455,1.5506779390719279,0.04379886542117162,0.001926509375134307,-0.10043209845017462,1286.2907597817007,323.4629992349019,0.01,0.1,0.001,0.0001,0.25,0.0
1776356803104238277,1.5508043551345811,0.033632273348286765,0.0006655544070644959,-0.10802602425538649,1287.3899726306863,322.7932635598899,0.01,0.1,0.001,0.0001,0.25,0.0
1776356803205763598,1.5508857358527544,0.022235159955886513,0.0009375975251924393,-0.11649035711001908,1288.6293209301023,322.13271341036017,0.01,0.1,0.001,0.0001,0.25,0.0
1776356803304374746,1.5520529669509635,0.09306350320605901,-0.000014990668021007316,-0.01710909452354014,1295.8009533121553,322.8561368280214,0.01,0.1,0.001,0.0001,0.25,0.0
1776356803402666012,1.5520061945226749,0.09122279808232185,-0.0009366435397828071,-0.020341985660249674,1296.322029390714,322.86434990353996,0.01,0.1,0.001,0.0001,0.25,0.0
1776356803506297340,1.5518867935716532,0.08899916177246966,-0.0013679209326858995,-0.022576543845008283,1296.9698664220039,323.211972646577,0.01,0.1,0.001,0.0001,0.25,0.0
1776356803603830698,1.551649652186742,0.08651366484650243,-0.003494742286537224,-0.028389399901689583,1297.671997901319,322.87672858033,0.01,0.1,0.001,0.0001,0.25,0.0
1776356803705336927,1.551222938254617,0.0834645667900511,-0.004912473231651736,-0.0316846276066674,1298.497793609112,322.5162079345845,0.01,0.1,0.001,0.0001,0.25,0.0
1776356803804659892,1.5506072684920158,0.08012724175040781,-0.007485253839454956,-0.035519005740955484,1299.3995706735811,322.49962315224144,0.01,0.1,0.001,0.0001,0.25,0.0
1776356803907627513,1.5497929649547613,0.07612097564341726,-0.008331747594761319,-0.042298557196044625,1300.4323661045137,322.16076148958786,0.01,0.1,0.001,0.0001,0.25,0.0
1776356804113452786,1.5477477087096196,0.0668368537066762,-0.011542391358105294,-0.04791699885686848,1302.7957986307613,321.4298622051867,0.01,0.1,0.001,0.0001,0.25,0.0
1776356804125750702,1.5476049930552636,0.06624484973821822,-0.011651028731539479,-0.04829246602024776,1302.9497453396918,321.46828700782345,0.01,0.1,0.001,0.0001,0.25,0.0
1776356804205847442,1.5465676388248966,0.06224835339401626,-0.014253720128008235,-0.05150780575193444,1303.9864158476937,321.4917516542816,0.01,0.1,0.001,0.0001,0.25,0.0
1776356804303591141,1.5451484849122517,0.0569334782831461,-0.014780951615026022,-0.05722998006844916,1305.3335357199776,321.55220270740045,0.01,0.1,0.001,0.0001,0.25,0.0
1776356804405695533,1.5517968727727396,0.09922823138335651,-0.0022907359512684437,0.02829352697901006,1314.8117712099115,326.73657348115,0.01,0.1,0.001,0.0001,0.25,0.0
1776356804504686054,1.5515881667351863,0.1021262819621238,-0.0019261241102555005,0.03026095417131773,1315.3773518777202,327.0750764082904,0.01,0.1,0.001,0.0001,0.25,0.0
1776356804610918536,1.5513250098738016,0.10551408280664783,-0.0030284392452803854,0.03352257718639154,1316.0869800013606,327.1206015026661,0.01,0.1,0.001,0.0001,0.25,0.0
1776356804706157348,1.5510212336260345,0.1089286805939381,-0.0033505274129215566,0.03818021589372101,1316.8136195379834,327.16342214197726,0.01,0.1,0.001,0.0001,0.25,0.0
1776356804808776618,1.550564950029111,0.11305115699129296,-0.005542484307886876,0.04216725039177022,1317.6922077236009,327.0177080302103,0.01,0.1,0.001,0.0001,0.25,0.0
1776356804910468557,1.5499704376293586,0.1173760420751305,-0.00614956670289585,0.04288863244105157,1318.6608149154965,326.5299847527416,0.01,0.1,0.001,0.0001,0.25,0.0
1776356805009459134,1.5492964100589943,0.12167277264953734,-0.0074686493438550225,0.04392355125839712,1319.6972355964608,325.89854017322847,0.01,0.1,0.001,0.0001,0.25,0.0
1776356805106999978,1.5485828668320731,0.12604811539786348,-0.007161847585902302,0.04578851695397453,1320.8089466202346,325.89854017322847,0.01,0.1,0.001,0.0001,0.25,0.0
1776356805210145080,1.5478281677027466,0.13090650818998473,-0.007471652554594175,0.04841497267973832,1322.0821806596753,325.89854017322847,0.01,0.1,0.001,0.0001,0.25,0.0
1776356805307679128,1.5471056199478983,0.13571343708939232,-0.0073449977712234295,0.05015648389968957,1323.3783391786926,325.89854017322847,0.01,0.1,0.001,0.0001,0.25,0.0
1776356805404936405,1.5572894418158152,0.09991107830828982,0.008230300724665265,0.017828845941928725,1331.9885935650373,325.89773054848865,0.01,0.1,0.001,0.0001,0.25,0.0
1776356805507638388,1.5580775095489598,0.1019979483265598,0.007116051437588314,0.022809592697635488,1332.552723033926,325.7435437074161,0.01,0.1,0.001,0.0001,0.25,0.0
1776356805606562588,1.5587227287605232,0.10441822439548218,0.005929114660793504,0.026124014295448653,1333.1901137109462,326.08002391667355,0.01,0.1,0.001,0.0001,0.25,0.0
1776356805714006367,1.5593686271503517,0.10746769188507538,0.0060941671884204565,0.030641272156385093,1333.987003933402,325.59914019293257,0.01,0.1,0.001,0.0001,0.25,0.0
1776356805811288088,1.5598820826232556,0.11061524533262639,0.0044612603527984,0.03406496645830627,1334.8025559060975,325.6502512411427,0.01,0.1,0.001,0.0001,0.25,0.0
1776356805909535156,1.5602671297659463,0.11406676113599268,0.003377315268824536,0.0361990730171041,1335.716615338082,325.70092769231695,0.01,0.1,0.001,0.0001,0.25,0.0
1776356806007819131,1.560502947026262,0.1177872784957851,0.0014212881247068687,0.03950907152030041,1336.7220318091684,325.36596644671675,0.01,0.1,0.001,0.0001,0.25,0.0
1776356806109711107,1.560582725574231,0.12209673689336895,0.0001449043374269958,0.04509313583991227,1337.8601864361128,325.76576567999984,0.01,0.1,0.001,0.0001,0.25,0.0
1776356806208822352,1.5604338078466309,0.12674641648836463,-0.003149452298187516,0.04871829662330112,1339.0614584613481,326.441588009264,0.01,0.1,0.001,0.0001,0.25,0.0
1776356806311551068,1.5600679314483168,0.1318865129914834,-0.0039735957982226944,0.05135143944225042,1340.404129096735,326.03821883300486,0.01,0.1,0.001,0.0001,0.25,0.0
1776356806408376755,1.551087460476578,0.1040741743891509,-0.009073164701342513,0.0018673412514666008,1348.8226807761332,328.8899391539919,0.01,0.1,0.001,0.0001,0.25,0.0
1776356806507386521,1.550280799770333,0.10421222619101532,-0.007221074636740562,0.0009212526185673532,1349.363157060632,328.8655718971544,0.01,0.1,0.001,0.0001,0.25,0.0
1776356806610839905,1.5495811986321002,0.10422150987419447,-0.006304366267945441,-0.000741770480309864,1350.0263874312582,328.83905696446965,0.01,0.1,0.001,0.0001,0.25,0.0
1776356806709149298,1.5490003139278927,0.10411523897427284,-0.005514323786865228,-0.0014204190538988945,1350.7501028022382,329.1236689245387,0.01,0.1,0.001,0.0001,0.25,0.0
1776356806819005994,1.548454041324926,0.1040153247205955,-0.0044308582342829795,-0.00039857284489229136,1351.6667083039617,329.0920701478106,0.01,0.1,0.001,0.0001,0.25,0.0
1776356806909201708,1.5481506086331305,0.10398737221359357,-0.0022969811653104424,-0.0002212020937022588,1352.5042857295325,329.0920701478106,0.01,0.1,0.001,0.0001,0.25,0.0
1776356807006477774,1.5481106443318857,0.10393958854078099,0.0014753499004238721,-0.0007611886478096266,1353.4935310846015,328.4557902891287,0.01,0.1,0.001,0.0001,0.25,0.0
1776356807109816653,1.5483154780435828,0.10386154276438872,0.002488986383954732,-0.0007493034515170081,1354.642070620919,328.8735374177673,0.01,0.1,0.001,0.0001,0.25,0.0
1776356807207218690,1.5486293286584931,0.10370367132014399,0.003955475658166863,-0.002492355100787863,1355.816755524028,328.5398513545528,0.01,0.1,0.001,0.0001,0.25,0.0
1776356807310441146,1.548989293038485,0.10339777150033924,0.003019084364206386,-0.0034346664953763695,1357.1593449986851,328.30125747840094,0.01,0.1,0.001,0.0001,0.25,0.0
1776356807408955991,1.557721784659328,0.10668741181870046,0.01223864859491865,-0.010874641976266627,1365.4877540436855,331.8351266669206,0.01,0.1,0.001,0.0001,0.25,0.0
1776356807507450706,1.5589577032114919,0.10551077897365103,0.012857476602709118,-0.013017648611411865,1366.0268609099924,332.1882703356879,0.01,0.1,0.001,0.0001,0.25,0.0
1776356807609351323,1.560199948588172,0.1040966049266456,0.011524071794378216,-0.014738343575186495,1366.6809389626692,332.2002648826957,0.01,0.1,0.001,0.0001,0.25,0.0
1776356807707643506,1.5612811457774405,0.102550400432112,0.010475743230658089,-0.016723274350062125,1367.4045896590294,331.86966287440526,0.01,0.1,0.001,0.0001,0.25,0.0
1776356807805651807,1.562235123099573,0.10087133507043032,0.008991109881455689,-0.01753971912280969,1368.2168771421605,331.87591632257175,0.01,0.1,0.001,0.0001,0.25,0.0
1776356807907584294,1.562996863529704,0.09896322064463087,0.0059546498209280645,-0.01989851910716492,1369.157815430436,331.8932199688729,0.01,0.1,0.001,0.0001,0.25,0.0
1776356808010747880,1.563490644639698,0.09677282393150752,0.0036181721497200994,-0.022566203328408963,1370.2098979672521,331.5928241364931,0.01,0.1,0.001,0.0001,0.25,0.0
1776356808108950670,1.5637123654470682,0.09456082909318365,0.0008974680829293936,-0.02248402450008305,1371.3046931504844,331.27124490042456,0.01,0.1,0.001,0.0001,0.25,0.0
1776356808211620965,1.5636446157381125,0.09230598447660615,-0.0022171971739255907,-0.021439175791795502,1372.546674923593,330.9604438152385,0.01,0.1,0.001,0.0001,0.25,0.0
1776356808309680999,1.5632430587774324,0.09030669952957462,-0.005973144341897357,-0.01933916478508371,1373.8256453588845,331.32243172611373,0.01,0.1,0.001,0.0001,0.25,0.0
1776356808412396774,1.5565165849539255,0.10849552929621345,-0.016603202948198448,0.010187555077880675,1382.1421389999582,332.7230216282875,0.01,0.1,0.001,0.0001,0.25,0.0
1776356808510644952,1.55475621590148,0.10967003545150802,-0.01923022426590398,0.013720261734620133,1382.683994098522,332.63983033224997,0.01,0.1,0.001,0.0001,0.25,0.0
1776356808612693780,1.5526860282377235,0.11118633175883644,-0.021344395976731597,0.015998370987555875,1383.343370008291,332.2454315736547,0.01,0.1,0.001,0.0001,0.25,0.0
1776356808711101454,1.5504631929754915,0.11291562641005952,-0.023830155018756682,0.019145983043187622,1384.0724070990805,332.20156623895485,0.01,0.1,0.001,0.0001,0.25,0.0
1776356808813172022,1.5479383518935643,0.11508108426408745,-0.025654057326975784,0.0232946984878112,1384.9247236767153,331.76537168322807,0.01,0.1,0.001,0.0001,0.25,0.0
1776356808912150201,1.5453055200410248,0.11753240201130782,-0.02754376220587667,0.02623552844579645,1385.845225538513,331.72359033383015,0.01,0.1,0.001,0.0001,0.25,0.0
1776356809009354662,1.5426354195323717,0.12019920956722066,-0.027385674098263126,0.028626165075920286,1386.8392576238384,331.97003174668583,0.01,0.1,0.001,0.0001,0.25,0.0
1776356809112639528,1.5397403437930375,0.12326793484512535,-0.028673761277629096,0.03079577130583114,1387.9928172352918,331.8767558401721,0.01,0.1,0.001,0.0001,0.25,0.0
1776356809210157661,1.5368612446261007,0.12641175972830151,-0.03038552272279237,0.03369386099142711,1389.1740150680403,331.8767558401721,0.01,0.1,0.001,0.0001,0.25,0.0
1776356809313494359,1.5336896283819812,0.1300200781509949,-0.030987622660334464,0.036129798020020386,1390.5240781917491,331.36717236217663,0.01,0.1,0.001,0.0001,0.25,0.0
1776356809411597274,1.5588840254756884,0.10816033594235405,0.010055548225260683,0.006541405041486609,1398.9289610185417,332.92786179414543,0.01,0.1,0.001,0.0001,0.25,0.0
1776356809510329285,1.5600453339927776,0.10885460911487488,0.013469681661155052,0.007522847262855899,1399.4695490741005,332.6873272458103,0.01,0.1,0.001,0.0001,0.25,0.0
1776356809612137464,1.561544255145301,0.10965932425567641,0.015976680374041503,0.008285811739224939,1400.123164153478,333.4297630088797,0.01,0.1,0.001,0.0001,0.25,0.0
1776356809710629370,1.5631953285006719,0.11051815325344817,0.01754956832695535,0.009153337452578385,1400.8485501635716,333.04851426008355,0.01,0.1,0.001,0.0001,0.25,0.0
1776356810019009890,1.5684817707722398,0.11284744397512148,0.016737224918378826,0.005953970123978029,1403.711776549439,333.18530758320577,0.01,0.1,0.001,0.0001,0.25,0.0
1776356810031901528,1.5686981133635736,0.1129244262364195,0.016790957399623486,0.0059765299044261975,1403.8511633104047,333.1738604205368,0.01,0.1,0.001,0.0001,0.25,0.0
1776356810044212328,1.5689053912033015,0.11299854943726936,0.016878074537072022,0.00606362074524817,1403.9856152378347,333.1264374760571,0.01,0.1,0.001,0.0001,0.25,0.0
1776356810111290381,1.5700469422157883,0.11346416844654598,0.017157220543557266,0.007818790292482527,1404.7432348478392,332.95690543525393,0.01,0.1,0.001,0.0001,0.25,0.0
1776356810209688171,1.571740628311587,0.11423357860683969,0.017268948083968845,0.007820379201622532,1405.931290932939,332.9144984586505,0.01,0.1,0.001,0.0001,0.25,0.0
1776356810312135309,1.5736347075236246,0.11505678695356765,0.01970714308092477,0.008250240592344004,1407.2652899311036,332.9144984586505,0.01,0.1,0.001,0.0001,0.25,0.0
1776356810415216729,1.5567025533979286,0.10855132264755993,0.0027993672604780637,-0.009011027228676407,1415.5714554191034,332.4304485002849,0.01,0.1,0.001,0.0001,0.25,0.0
1776356810513354821,1.557062721797275,0.10756797029747357,0.004540539282744786,-0.011028805143602981,1416.1179017204777,332.0510701142526,0.01,0.1,0.001,0.0001,0.25,0.0
1776356810610762283,1.5575661125543503,0.10649921901182002,0.00579516989559573,-0.010914987659967745,1416.7502713334366,332.36785924225967,0.01,0.1,0.001,0.0001,0.25,0.0
1776356810713465841,1.5582456388652206,0.1053068576370993,0.007437691400941905,-0.012304647009984756,1417.5139395978024,332.3478838694941,0.01,0.1,0.001,0.0001,0.25,0.0
1776356810821415108,1.5591495912351205,0.1038798434539093,0.009309842168306671,-0.014133657410206632,1418.4237992734747,331.9545883883077,0.01,0.1,0.001,0.0001,0.25,0.0
1776356810913983759,1.5601793001665165,0.10248636668073402,0.012936911170055014,-0.015972261952402266,1419.2915978202739,331.91631063087266,0.01,0.1,0.001,0.0001,0.25,0.0
1776356811012339235,1.5615527402538412,0.1008111855483824,0.014992473500453301,-0.018093132432117177,1420.3022442054973,331.91631063087266,0.01,0.1,0.001,0.0001,0.25,0.0
1776356811110612206,1.5631197836943687,0.0988948599566446,0.016897604641352957,-0.020905003347122243,1421.4033157048912,331.9011244824541,0.01,0.1,0.001,0.0001,0.25,0.0
1776356811213388996,1.5649035293620157,0.09650360728547865,0.01781536950114119,-0.025630494200490392,1422.6521635381666,332.2553290258699,0.01,0.1,0.001,0.0001,0.25,0.0
1776356811311911443,1.5667529339966604,0.09382341978044108,0.01972531417187533,-0.02877407980465607,1423.943013394381,332.24451582282893,0.01,0.1,0.001,0.0001,0.25,0.0
1776356811414679345,1.5667996793206938,0.09823641093662744,0.012428752616562197,-0.019821028698510938,1432.3200445584696,331.8746087628328,0.01,0.1,0.001,0.0001,0.25,0.0
1776356811512546696,1.568037917446373,0.09618048449075317,0.012884836609528905,-0.02220875252904493,1432.8609092400052,331.55422649080106,0.01,0.1,0.001,0.0001,0.25,0.0
1776356811620942797,1.5694403473947662,0.09361023532019311,0.012982197012814365,-0.025198051489117808,1433.5658140837338,331.19908349382285,0.01,0.1,0.001,0.0001,0.25,0.0
1776356811713552033,1.5706152440470207,0.09117441309993973,0.012390558359102766,-0.027405316820234997,1434.255712039652,331.51718173447426,0.01,0.1,0.001,0.0001,0.25,0.0
1776356811812533173,1.5718257424347408,0.08841524696300256,0.012077806337259444,-0.028366986539524026,1435.0821485611868,330.4580104404943,0.01,0.1,0.001,0.0001,0.25,0.0
1776356811914083418,1.573042726430112,0.08540411971807908,0.011882094761802969,-0.0309158892086121,1436.0266837838915,330.8068175371519,0.01,0.1,0.001,0.0001,0.25,0.0
1776356812041763111,1.5745163401834048,0.0814341053078335,0.011201790171414799,-0.0312736469738076,1437.3517092292875,330.40591212128567,0.01,0.1,0.001,0.0001,0.25,0.0
1776356812110528874,1.5752874542427824,0.07926444244061871,0.011224003301135868,-0.031825204322577086,1438.1290092915285,330.6421619790008,0.01,0.1,0.001,0.0001,0.25,0.0
1776356812213912847,1.576403789829083,0.07587396185025105,0.010372469691131285,-0.033766561629565754,1439.381419563849,330.9772036714797,0.01,0.1,0.001,0.0001,0.25,0.0
1776356812311533012,1.577301808570389,0.0724666102322683,0.0080281397150296,-0.03605085235978437,1440.6563770216856,331.319173213003,0.01,0.1,0.001,0.0001,0.25,0.0
1776356812414037598,1.5577242401252764,0.10713476692810336,-0.019478262243077884,0.014161073485670621,1448.996359523456,330.4785017918005,0.01,0.1,0.001,0.0001,0.25,0.0
1776356812511755262,1.5555936744723955,0.10850046201375003,-0.02412062356460123,0.01378586351986447,1449.533873577272,330.77618651730955,0.01,0.1,0.001,0.0001,0.25,0.0
1776356812621183386,1.5528547050542665,0.10998814748935812,-0.02594413220269255,0.013407068793248031,1450.2424304023548,330.0036798024645,0.01,0.1,0.001,0.0001,0.25,0.0
1776356812713389533,1.5504092817466357,0.11130060844661921,-0.027098412031135947,0.015060913892391272,1450.9271345899874,330.0215510148359,0.01,0.1,0.001,0.0001,0.25,0.0
1776356812850952706,1.5464510158929483,0.11347757871887625,-0.030451372348496986,0.016590363308344354,1452.0976414117322,329.51917597573765,0.01,0.1,0.001,0.0001,0.25,0.0
1776356812914063660,1.5445041372278954,0.11453927483744675,-0.031238147005787996,0.017050933620216556,1452.6944752874579,329.47580047214547,0.01,0.1,0.001,0.0001,0.25,0.0
1776356813012208813,1.5414112935543374,0.11615637525058767,-0.031787487058848096,0.015902163801337566,1453.697190340455,328.82274902614444,0.01,0.1,0.001,0.0001,0.25,0.0
1776356813120287647,1.5378847818980657,0.11781035213832597,-0.03347177866722874,0.01470522609052311,1454.9064501750204,328.4743550558618,0.01,0.1,0.001,0.0001,0.25,0.0
1776356813212354014,1.5347610703962098,0.11919929258421266,-0.03438666978343746,0.015467644737097604,1456.0233936829145,328.8293232262454,0.01,0.1,0.001,0.0001,0.25,0.0
1776356813310246333,1.5312891886073836,0.12071592916245336,-0.03654213632983039,0.015516480974940775,1457.298725220359,328.4705507486963,0.01,0.1,0.001,0.0001,0.25,0.0
1776356813413121311,1.5630316268638555,0.1060453478734765,0.004461112085433588,0.0032908911289897982,1465.599651807025,327.6982525368249,0.01,0.1,0.001,0.0001,0.25,0.0
1776356813511872776,1.5634185897919881,0.10645031608974444,0.003376434880834539,0.004911334934789302,1466.1431903363346,327.73879652646895,0.01,0.1,0.001,0.0001,0.25,0.0
1776356813608937023,1.5637126970354556,0.10702761648318404,0.002683711892004254,0.006984071227315512,1466.7669715605007,328.7888944485126,0.01,0.1,0.001,0.0001,0.25,0.0
1776356813711595413,1.5639789284487147,0.10781213950473613,0.0025029108197958303,0.008299718434091436,1467.5233390375372,328.78889444851256,0.01,0.1,0.001,0.0001,0.25,0.0
1776356813817981214,1.5642136035275573,0.10894724656095336,0.0019094005097526337,0.013042324995056278,1468.411747102075,329.1935368787687,0.01,0.1,0.001,0.0001,0.25,0.0
1776356813912060458,1.5644155669053614,0.11030146920390546,0.0023842522772030846,0.015747854136881647,1469.286112138528,329.47776805963866,0.01,0.1,0.001,0.0001,0.25,0.0
1776356814011064158,1.5646453326244778,0.11196632846999308,0.0022566532003096247,0.017879679670107135,1470.2962782098782,329.06260104479855,0.01,0.1,0.001,0.0001,0.25,0.0
1776356814112726935,1.564850338254417,0.11385219839031457,0.0017762554523071607,0.019219502052999014,1471.4293057822533,329.02329040819706,0.01,0.1,0.001,0.0001,0.25,0.0
1776356814211783942,1.5650482651029165,0.11587044712621002,0.002220009697483563,0.021530184753089987,1472.6265907666734,329.6630878383676,0.01,0.1,0.001,0.0001,0.25,0.0
1776356814309312782,1.5652748120415483,0.11801661840007438,0.0024256578300154564,0.02248011287292774,1473.8955339324114,329.26182616687885,0.01,0.1,0.001,0.0001,0.25,0.0
1776356814412531689,1.5648205818826233,0.10804366008692645,0.008150299533733604,0.0033633900659799576,1482.1906496612035,329.11833352636626,0.01,0.1,0.001,0.0001,0.25,0.0
1776356814511227798,1.565726034856535,0.10833887434949371,0.010194921274099359,0.002617893323063436,1482.7333067627962,329.11833352636626,0.01,0.1,0.001,0.0001,0.25,0.0
1776356814612411161,1.5668966692933666,0.10860399166964625,0.012942476848674478,0.002622107135333283,1483.3846559257652,329.08886230439333,0.01,0.1,0.001,0.0001,0.25,0.0
1776356814749976520,1.5686867485056073,0.10897039014105779,0.01308512424798795,0.0027052958036626173,1484.4247196381634,330.1959985286526,0.01,0.1,0.001,0.0001,0.25,0.0
1776356814809394424,1.5694476450519743,0.10912886324994774,0.012524501244193034,0.0026284607873350786,1484.9291550737908,330.1959985286526,0.01,0.1,0.001,0.0001,0.25,0.0
1776356814912302820,1.570701697772191,0.10939960535504331,0.011850717276175161,0.002633995780860919,1485.8811794530081,330.60844452320373,0.01,0.1,0.001,0.0001,0.25,0.0
1776356815010058284,1.5719127846324827,0.10961091519232823,0.012923953670938803,0.001688676570947807,1486.878089691212,330.24600595609985,0.01,0.1,0.001,0.0001,0.25,0.0
1776356815113057393,1.5733685440195007,0.109757633042757,0.015342492746718004,0.0011601405444644762,1488.02571582105,329.5652526483119,0.01,0.1,0.001,0.0001,0.25,0.0
1776356815212613678,1.5749009142051151,0.10990105198599492,0.015445180837929525,0.0017213665820224684,1489.229763376103,328.8824561788893,0.01,0.1,0.001,0.0001,0.25,0.0
1776356815313364860,1.555729926330452,0.10502558660586181,-0.007468488639755629,-0.007034016602297301,1496.2967441610801,329.145551700359,0.01,0.1,0.001,0.0001,0.25,0.0
1776356815411843949,1.5550889350760728,0.10415461266256931,-0.005549555964354453,-0.010654801404712765,1496.819904904385,329.44196252930374,0.01,0.1,0.001,0.0001,0.25,0.0
1776356815514055410,1.554537200975448,0.10290827871894484,-0.005245468621961086,-0.013730505845546595,1497.459569965718,329.8060162925431,0.01,0.1,0.001,0.0001,0.25,0.0
1776356815613423884,1.5540337584985167,0.10145847304086729,-0.004887825628106078,-0.01545119457617649,1498.1756551225628,329.8344287110896,0.01,0.1,0.001,0.0001,0.25,0.0
1776356815710973699,1.5536168404949,0.09993469380326243,-0.003659119564756891,-0.015786740741696472,1498.969252707498,330.15473164969086,0.01,0.1,0.001,0.0001,0.25,0.0
1776356815814051177,1.5532525418778695,0.09816591460556477,-0.0034097407886013423,-0.01853469930758472,1499.9052627581195,330.1400962849327,0.01,0.1,0.001,0.0001,0.25,0.0
1776356815911765561,1.55292218165077,0.09623014443381253,-0.003351976844908492,-0.021086085009208645,1500.8850969798443,330.15391726426026,0.01,0.1,0.001,0.0001,0.25,0.0
1776356816013196208,1.5525839787020865,0.09401327530129437,-0.0033165287125152872,-0.022624959462260067,1501.9974883443351,329.48998153348424,0.01,0.1,0.001,0.0001,0.25,0.0
1776356816112435402,1.5522188089916467,0.09166809316303745,-0.004042663925147104,-0.024637030326132615,1503.1797468654481,329.5223743619308,0.01,0.1,0.001,0.0001,0.25,0.0
1776356816211326881,1.5517872664937757,0.08926751644604872,-0.004685006796530826,-0.023913096790818923,1504.4501139867416,329.55262278270607,0.01,0.1,0.001,0.0001,0.25,0.0
1776356816313060496,1.5512770662126503,0.08687145234926168,-0.005345153480220049,-0.023191751664238203,1505.8531711658945,330.30732494503866,0.01,0.1,0.001,0.0001,0.25,0.0
1776356816410111408,1.552685234351874,0.10597695701382867,-0.00978784599536356,0.0027393186602595126,1515.393725819698,330.9702402411524,0.01,0.1,0.001,0.0001,0.25,0.0
1776356816509345602,1.5515997837174929,0.10623929858068448,-0.012090017416728768,0.0025483220533677364,1515.9538229919965,331.2860481670381,0.01,0.1,0.001,0.0001,0.25,0.0
1776356816612722880,1.550245572761141,0.10657338007804246,-0.014110403099361967,0.0039152763072633524,1516.6361898049322,331.2611810058524,0.01,0.1,0.001,0.0001,0.25,0.0
1776356816710151006,1.548802254447618,0.10695452423168753,-0.01551764670479405,0.003908748276194122,1517.3717074809617,330.8838570781041,0.01,0.1,0.001,0.0001,0.25,0.0
1776356816812533105,1.5471055473750661,0.1074275440802603,-0.017638675607668526,0.005334802843022927,1518.2407658239463,330.9178632966413,0.01,0.1,0.001,0.0001,0.25,0.0
1776356817006105462,1.5430463148901323,0.1083296505782726,-0.024295443124944735,0.003984456681411011,1520.1546826988913,330.3028989200485,0.01,0.1,0.001,0.0001,0.25,0.0
1776356817017857566,1.5427583763984205,0.10837584279143347,-0.024654062530197026,0.00386821347011978,1520.2823679243636,330.382344950567,0.01,0.1,0.001,0.0001,0.25,0.0
1776356817111352930,1.5403048541684254,0.10874991574886694,-0.027832191132081234,0.004134032399929622,1521.3434469282288,330.747047583871,0.01,0.1,0.001,0.0001,0.25,0.0
1776356817209783655,1.5373873899984787,0.10914867164276298,-0.03145000552484966,0.0039685950679807245,1522.5495864520406,331.08617704105,0.01,0.1,0.001,0.0001,0.25,0.0
1776356817312142729,1.5339414338711244,0.10946396664047546,-0.03587241633212006,0.00219121140108451,1523.9009476269937,331.424146630844,0.01,0.1,0.001,0.0001,0.25,0.0
1776356817410798578,1.5558637330648972,0.10775719316990692,-0.007638973145403212,0.0006122559370634528,1532.415457241118,331.29835519074635,0.01,0.1,0.001,0.0001,0.25,0.0
1776356817509072362,1.5550268442632074,0.10781154085323437,-0.00939245831875387,0.0004937677568349075,1532.955160059055,330.91770374485696,0.01,0.1,0.001,0.0001,0.25,0.0
1776356817611739485,1.553924649086915,0.10782308294167593,-0.01207954379869566,-0.0002689148879532179,1533.6162740136297,331.2907599340327,0.01,0.1,0.001,0.0001,0.25,0.0
1776356817710552349,1.5527021884313335,0.1077582107995478,-0.012664602963766595,-0.0010441791558385225,1534.3464158165177,331.6303589700981,0.01,0.1,0.001,0.0001,0.25,0.0
1776356817811996278,1.5512831868411827,0.10761245542787233,-0.015310299380735677,-0.0018293146563667343,1535.1918862698024,331.3006708930851,0.01,0.1,0.001,0.0001,0.25,0.0
1776356817917681217,1.549560692793205,0.10741459591365098,-0.017288497063331226,-0.0019152451789471638,1536.175862009303,331.26103951420566,0.01,0.1,0.001,0.0001,0.25,0.0
1776356818012841243,1.5478411066403326,0.1072251852792784,-0.018849913172010308,-0.0020653632927237703,1537.152203844236,331.56902112113374,0.01,0.1,0.001,0.0001,0.25,0.0
1776356818110446185,1.5459627480435383,0.10693994442328923,-0.019638909809665105,-0.003779412476953987,1538.242406442198,331.9228155282397,0.01,0.1,0.001,0.0001,0.25,0.0
1776356818213463737,1.5437969408770147,0.10654486442202374,-0.022407556381241478,-0.003890576879751438,1539.4905878595362,331.2146775084317,0.01,0.1,0.001,0.0001,0.25,0.0
1776356818316290368,1.5413736038500991,0.10609210588521018,-0.02472352421010976,-0.004915048937035179,1540.836375714338,331.1974791468245,0.01,0.1,0.001,0.0001,0.25,0.0
1776356818413006184,1.5486066811554977,0.10544962382074308,-0.003999416742634112,-0.0034996428548082804,1549.2670483548088,333.1036441881629,0.01,0.1,0.001,0.0001,0.25,0.0
1776356818515471804,1.548244900242436,0.10506521898781705,-0.003063381967584103,-0.004004827005739175,1549.8299226871197,333.39130964437334,0.01,0.1,0.001,0.0001,0.25,0.0
1776356818614651190,1.548074094074881,0.10457551588792689,-0.00038058148866796987,-0.0058690528697687636,1550.4692623995797,333.67228243695683,0.01,0.1,0.001,0.0001,0.25,0.0
1776356818717088922,1.5480761501957474,0.10381925984756207,0.000420726482582597,-0.008896564576899892,1551.2268742732758,333.64081599956995,0.01,0.1,0.001,0.0001,0.25,0.0
1776356818842076847,1.5482354136127912,0.10257226629303949,0.0021277781691690385,-0.011057602760437754,1552.285402290364,333.6023976963276,0.01,0.1,0.001,0.0001,0.25,0.0
1776356818917546272,1.5484458317125849,0.10171374194549541,0.003448201300103511,-0.011692883725615352,1552.9960610074386,333.3436064721549,0.01,0.1,0.001,0.0001,0.25,0.0
1776356819015695368,1.5487695053164694,0.1005648103545934,0.003147636765378646,-0.011720105875504917,1554.0007801422375,333.7385351125753,0.01,0.1,0.001,0.0001,0.25,0.0
1776356819114528312,1.5491174623579422,0.09933662428936822,0.003893230366035125,-0.013132085249304558,1555.1045972877803,333.06058787084186,0.01,0.1,0.001,0.0001,0.25,0.0
1776356819217661465,1.5495203528806587,0.09792126986478125,0.003919857836437963,-0.01431529396055944,1556.3545810429064,332.82227056079927,0.01,0.1,0.001,0.0001,0.25,0.0
1776356819319086753,1.547886656999386,0.10979667196063227,0.004491465266711379,0.003235041067057244,1563.4365050679169,332.2243585029025,0.01,0.1,0.001,0.0001,0.25,0.0
1776356819417506854,1.548435966791078,0.11003425280701341,0.006669563053299797,0.0015921922989899087,1563.9612659773602,332.26314166464914,0.01,0.1,0.001,0.0001,0.25,0.0
1776356819515342692,1.5491248178104315,0.11026083500777677,0.007413633058846628,0.0030401614019115236,1564.5733330622766,332.67986207199783,0.01,0.1,0.001,0.0001,0.25,0.0
1776356819617792510,1.5499223782451286,0.11056764580170175,0.008156093816362347,0.00294930354138549,1565.311199996597,332.11792514208076,0.01,0.1,0.001,0.0001,0.25,0.0
1776356819716425718,1.550751684748991,0.1109760419415722,0.008659013802930335,0.0053313803930112764,1566.1152725031245,332.4140518220202,0.01,0.1,0.001,0.0001,0.25,0.0
1776356819818342290,1.5516798898946065,0.11163110567941059,0.00955621054937863,0.007523679726136544,1567.0424975484843,332.804031402169,0.01,0.1,0.001,0.0001,0.25,0.0
1776356819917215566,1.5525701213190601,0.11234908306048375,0.008451353462020247,0.006999536701934152,1568.035683377581,333.101923827372,0.01,0.1,0.001,0.0001,0.25,0.0
1776356820015066329,1.5533720896254852,0.1130451724196362,0.007940233949367633,0.007227970152477031,1569.1094678405047,333.3966484476621,0.01,0.1,0.001,0.0001,0.25,0.0
1776356820125568814,1.554265821468197,0.11384040948176881,0.008235888383873432,0.007165443381892268,1570.4307964617105,333.3966484476621,0.01,0.1,0.001,0.0001,0.25,0.0
1776356820217603658,1.5549887852625122,0.11448120853607277,0.007474585510993521,0.006759537223859432,1571.619233847427,333.0820524485227,0.01,0.1,0.001,0.0001,0.25,0.0
1776356820318773316,1.5469506503549564,0.11196598399745501,-0.005896883241967091,0.00704699100636928,1579.7866436890627,331.0785607848132,0.01,0.1,0.001,0.0001,0.25,0.0
1776356820417118469,1.5462824819432586,0.11285028331202318,-0.007689914168958235,0.010934696585127399,1580.3277157925027,331.41519544982503,0.01,0.1,0.001,0.0001,0.25,0.0
1776356820519068348,1.545441839709842,0.1141393474435211,-0.008802385988590426,0.014355054195756268,1580.9848296595317,331.49137512157836,0.01,0.1,0.001,0.0001,0.25,0.0
1776356820618468142,1.5444706462432556,0.11563370705544751,-0.010740263173893781,0.01571490263901467,1581.7197621469043,331.83129174607524,0.01,0.1,0.001,0.0001,0.25,0.0
1776356820720009235,1.5433576797819892,0.11721751558925958,-0.011179220674775784,0.015477650582023897,1582.5668713390066,331.4410822195387,0.01,0.1,0.001,0.0001,0.25,0.0
1776356820817805420,1.5422268643347634,0.1188168715709655,-0.011946921416753777,0.017230545771863216,1583.4747259598537,330.73146040306966,0.01,0.1,0.001,0.0001,0.25,0.0
1776356821029799979,1.5395631735041155,0.12334752691577211,-0.013184748158988614,0.025515756380461392,1585.7522371912378,330.0912775519234,0.01,0.1,0.001,0.0001,0.25,0.0
1776356821042678256,1.5393921880080605,0.12367874164572126,-0.013341694362734382,0.025868417710616258,1585.9044063290366,330.086431471631,0.01,0.1,0.001,0.0001,0.25,0.0
1776356821117233912,1.538343009853105,0.125670848853012,-0.01480123491383592,0.02756743775523175,1586.8152578226425,330.28697693422873,0.01,0.1,0.001,0.0001,0.25,0.0
1776356821220415773,1.5367267381045082,0.12856469150627212,-0.016529037503831664,0.028527633348508927,1588.1621306170225,330.957450075868,0.01,0.1,0.001,0.0001,0.25,0.0
1776356821318565906,1.5350182374821775,0.1313896117471297,-0.018285073597397637,0.029035756346460637,1589.5364976030403,330.62122377495604,0.01,0.1,0.001,0.0001,0.25,0.0
1776356821415945984,1.5422727655057336,0.11145071639768053,-0.007392042116746506,0.0016757369876799892,1599.2856059270434,330.89623401223093,0.01,0.1,0.001,0.0001,0.25,0.0
1776356821517681714,1.5414824246975638,0.11161827958656113,-0.008145374203307482,0.0016184102949115815,1599.8644296561606,330.87221032865955,0.01,0.1,0.001,0.0001,0.25,0.0
1776356821616696048,1.5406130498205837,0.11177072383499415,-0.00941979466812822,0.001461629211757878,1600.5213554311385,330.9148760924796,0.01,0.1,0.001,0.0001,0.25,0.0
1776356821715254874,1.5396328076055177,0.11193131414168776,-0.010467274388385874,0.0017964130046835608,1601.2674052958625,330.9148760924796,0.01,0.1,0.001,0.0001,0.25,0.0
1776356821818479198,1.5384787982392047,0.11214497210285991,-0.011893506683886328,0.00234355243544322,1602.146652817422,331.2180725204987,0.01,0.1,0.001,0.0001,0.25,0.0
1776356821926345500,1.5370831102729379,0.1123823792415108,-0.013985842096690604,0.002058536206603611,1603.172886742106,330.4777903236698,0.01,0.1,0.001,0.0001,0.25,0.0
1776356822017724280,1.5357580970532134,0.11253352383850171,-0.015010907612906474,0.001249130451858232,1604.128436470818,330.46263346748543,0.01,0.1,0.001,0.0001,0.25,0.0
1776356822116743718,1.534318601096434,0.11262709588913036,-0.01406386521299439,0.0006408270030889832,1605.2528030479118,330.41998846419943,0.01,0.1,0.001,0.0001,0.25,0.0
1776356822218975652,1.5328368661215024,0.11259749095933802,-0.014923343525580484,-0.0012199887925453405,1606.5108648724854,330.0783339724391,0.01,0.1,0.001,0.0001,0.25,0.0
1776356822317082650,1.5313342056599824,0.11240270901665476,-0.01571016701675011,-0.002750871456620744,1607.8109495625426,330.0783339724391,0.01,0.1,0.001,0.0001,0.25,0.0
1776356822419930032,1.5414814392950797,0.11012670157105617,-0.00021862824178554862,-0.013607119817035374,1616.3278901639285,329.2438339828768,0.01,0.1,0.001,0.0001,0.25,0.0
1776356822518176175,1.5414268679562848,0.10864228084972,-0.0008922069352440776,-0.016609231681434182,1616.87061786672,328.88963673341993,0.01,0.1,0.001,0.0001,0.25,0.0
1776356822620030211,1.5413099302168556,0.10680246625843023,-0.0014039490846664724,-0.019516841645524058,1617.5294750535616,328.8780473736606,0.01,0.1,0.001,0.0001,0.25,0.0
1776356822718559328,1.5412424245475163,0.10479566171647557,0.000033540021882733344,-0.021222597848103514,1618.259970207905,328.8647916389911,0.01,0.1,0.001,0.0001,0.25,0.0
1776356822816937931,1.5413389459288285,0.10264886412677793,0.0019286442619534114,-0.022419675333391526,1619.0808864137125,329.2032631497331,0.01,0.1,0.001,0.0001,0.25,0.0
1776356822919295288,1.5416574715918328,0.1003037479230003,0.004295352382720313,-0.023403933496148457,1620.0317947123842,329.90725639795886,0.01,0.1,0.001,0.0001,0.25,0.0
1776356823017228234,1.5421565545037053,0.09788787755988704,0.005897064029761933,-0.025933673850576048,1621.0339716081758,330.22428610603987,0.01,0.1,0.001,0.0001,0.25,0.0
1776356823119811875,1.5428393469111803,0.0951547935551627,0.007414417036362995,-0.027349572393406275,1622.1805679920722,330.57713278002376,0.01,0.1,0.001,0.0001,0.25,0.0
1776356823218202675,1.5436697383116573,0.09237240174538022,0.009464863563790234,-0.029207819783227673,1623.3732267621554,330.9155649057956,0.01,0.1,0.001,0.0001,0.25,0.0
1776356823321290526,1.5542138306808604,0.11759623728980274,0.02287445224358435,0.006957764601619095,1630.436145836064,330.0405764077637,0.01,0.1,0.001,0.0001,0.25,0.0
1776356823419010046,1.556593634966336,0.11830382388134553,0.025823948053796928,0.007521718140014143,1630.9572637053786,330.0405764077637,0.01,0.1,0.001,0.0001,0.25,0.0
1776356823521185290,1.559343243428227,0.11909393822641005,0.02800012733230796,0.00794491089528828,1631.598271532562,329.65222849051816,0.01,0.1,0.001,0.0001,0.25,0.0
1776356823619164044,1.5622130391717617,0.11987656093698033,0.03058040840429755,0.008030601566924164,1632.3053408550788,329.35852065046726,0.01,0.1,0.001,0.0001,0.25,0.0
1776356823722297265,1.5654888228158204,0.12076676762511743,0.0329469077616408,0.009233188681521887,1633.1473663911383,328.8104540261685,0.01,0.1,0.001,0.0001,0.25,0.0
1776356823819847771,1.5688228425496678,0.12175154227597404,0.03540744257536201,0.01095674325087697,1634.0361890592092,329.19171558284415,0.01,0.1,0.001,0.0001,0.25,0.0
1776356823922484170,1.5726375718580645,0.12300319235435664,0.03892632147745619,0.013432893360661042,1635.068211143548,329.0837234983939,0.01,0.1,0.001,0.0001,0.25,0.0
1776356824020891432,1.5766460361950791,0.12444077706123212,0.04253887780838719,0.015783563314394525,1636.1510145023803,329.03088157708487,0.01,0.1,0.001,0.0001,0.25,0.0
1776356824122966598,1.5811517833202076,0.12611410123292288,0.04575351458891408,0.017006069630352366,1637.370381486696,329.37791736334805,0.01,0.1,0.001,0.0001,0.25,0.0
1776356824231261666,1.5863490875513473,0.12802907721261803,0.05022810897272793,0.018358899484102874,1638.7713786141012,329.0096870929635,0.01,0.1,0.001,0.0001,0.25,0.0
1776356824324091930,1.591215042378453,0.129777177999356,0.054601876790013215,0.01930141325960897,1640.0603157349847,329.05778381247853,0.01,0.1,0.001,0.0001,0.25,0.0
1776356824426893634,1.547434431712042,0.11187854096122374,-0.0003213998779608518,0.007193519094557445,1649.6495578964789,330.5107826701922,0.01,0.1,0.001,0.0001,0.25,0.0
1776356824525460516,1.5474600517783241,0.1127248916501901,0.0008412236476510772,0.009978692748061771,1650.2114873412506,330.09096523069564,0.01,0.1,0.001,0.0001,0.25,0.0
1776356824627600921,1.5476281195306347,0.11377765730712548,0.002449623259426604,0.010634961914268323,1650.8901912570032,330.0044758219028,0.01,0.1,0.001,0.0001,0.25,0.0
1776356824726527313,1.5479138233054481,0.11487496856234504,0.003327859941650375,0.011554795107746681,1651.6408557068364,330.0044758219028,0.01,0.1,0.001,0.0001,0.25,0.0
1776356824828143601,1.5483119254598379,0.11618213270990409,0.0045058244669425665,0.01416702349908848,1652.5082184415023,330.09465222418766,0.01,0.1,0.001,0.0001,0.25,0.0
1776356824925530790,1.5487650434837192,0.11761316698297172,0.004799557793187847,0.015221171709256099,1653.4306714072513,330.09465222418766,0.01,0.1,0.001,0.0001,0.25,0.0
1776356825028528562,1.5492826886133562,0.11924918699468558,0.005255700408699852,0.016558521944535234,1654.5031856130379,330.4459246503302,0.01,0.1,0.001,0.0001,0.25,0.0
1776356825126859444,1.5497959813021784,0.12094557674323252,0.005180415573519751,0.017931975489800522,1655.6211609097297,330.1848542726984,0.01,0.1,0.001,0.0001,0.25,0.0
1776356825229032471,1.5503270413873316,0.12285260263259563,0.005214863044469428,0.019397257126006748,1656.8789750880603,330.534434595201,0.01,0.1,0.001,0.0001,0.25,0.0
1776356825331755097,1.5464677136923195,0.11315167247196894,-0.011249472824096957,-0.00006206936248500733,1664.1439406267843,330.6413720989952,0.01,0.1,0.001,0.0001,0.25,0.0
1776356825428981080,1.545226361689029,0.11307574142313523,-0.014284313596663328,-0.0014997818920221802,1664.6630347686444,330.97597156466605,0.01,0.1,0.001,0.0001,0.25,0.0
1776356825532330930,1.5436050531885248,0.11283868785081937,-0.017094985265469598,-0.0030882251959086417,1665.3124869133494,330.96962724802796,0.01,0.1,0.001,0.0001,0.25,0.0
1776356825630708200,1.5417372738469455,0.11241374811887646,-0.020877517271887986,-0.005550924349338555,1666.0243312238308,330.97950965218695,0.01,0.1,0.001,0.0001,0.25,0.0
1776356825738652918,1.5393030224934081,0.11170439721807099,-0.024223593341067797,-0.007591725605086374,1666.9103436840574,330.99497227841897,0.01,0.1,0.001,0.0001,0.25,0.0
1776356825831387402,1.5369781443994508,0.11089957256056023,-0.025914674634858,-0.009765104611857374,1667.7592951293113,330.98640445799606,0.01,0.1,0.001,0.0001,0.25,0.0
1776356825933913606,1.534163629123532,0.10986317760334019,-0.02899109032736764,-0.010452962213373504,1668.7923133864201,330.996858967399,0.01,0.1,0.001,0.0001,0.25,0.0
1776356826032972192,1.5312109551009268,0.10876668236677178,-0.030622808464501095,-0.011685057614795172,1669.8846597930262,331.3380565841434,0.01,0.1,0.001,0.0001,0.25,0.0
1776356826134649078,1.5279511278202524,0.10752230362562547,-0.03349645276997508,-0.012791283831640764,1671.1020976739173,331.32131134242417,0.01,0.1,0.001,0.0001,0.25,0.0
1776356826233632863,1.5244945796403837,0.10610712442170564,-0.036344516213312736,-0.015802990497413155,1672.38084690089,330.97458698234385,0.01,0.1,0.001,0.0001,0.25,0.0
1776356826331270868,1.5208128552141078,0.1043911594629979,-0.039072205961462096,-0.01934696576463466,1673.7327443245426,330.9697001767766,0.01,0.1,0.001,0.0001,0.25,0.0
1776356826433796232,1.5485399662968562,0.1099584211725121,-0.005002751215208728,-0.01420923142684014,1683.2879416048042,331.58191258010925,0.01,0.1,0.001,0.0001,0.25,0.0
1776356826531398738,1.5480097937708077,0.10856230380733795,-0.005861311438160243,-0.014399392712463637,1683.843095439049,331.5965626020664,0.01,0.1,0.001,0.0001,0.25,0.0
1776356826633961749,1.5472824666407035,0.1070700602448878,-0.008321431607640166,-0.014699077744630109,1684.5231235469157,331.21564343797024,0.01,0.1,0.001,0.0001,0.25,0.0
1776356826732979145,1.5464001916514052,0.10555635237611043,-0.009499987505316106,-0.01587690216104174,1685.2736743748158,330.87549458050466,0.01,0.1,0.001,0.0001,0.25,0.0
1776356826835739745,1.5453661167448471,0.10384724737586949,-0.010625508772797007,-0.017386245511447428,1686.1504921639712,331.2285640059364,0.01,0.1,0.001,0.0001,0.25,0.0
1776356826933259160,1.5442641769110022,0.10215066325419694,-0.011977207131692534,-0.017413666182848724,1687.0744851540983,330.60609242820163,0.01,0.1,0.001,0.0001,0.25,0.0
1776356827035488586,1.5429615057546433,0.10034878232265558,-0.013504990240930256,-0.01783382150072181,1688.1396926766097,330.9574069031922,0.01,0.1,0.001,0.0001,0.25,0.0
1776356827133715737,1.5415852151372835,0.09862529630525181,-0.01451600949378787,-0.01725600664117549,1689.2560315761252,330.62001187676947,0.01,0.1,0.001,0.0001,0.25,0.0
1776356827231744874,1.5401261916483273,0.09700593840093195,-0.015250899347085997,-0.015782035229640366,1690.4607433810204,330.63858337285933,0.01,0.1,0.001,0.0001,0.25,0.0
1776356827335087989,1.546102750141413,0.1142597723393881,0.0014187204243458571,0.010685161174514107,1697.6649176089945,332.7493853547719,0.01,0.1,0.001,0.0001,0.25,0.0
1776356827432660175,1.5463077512994958,0.11538995272662081,0.002782880343357886,0.012478448373110766,1698.185981602475,332.7850545813792,0.01,0.1,0.001,0.0001,0.25,0.0
1776356827535723446,1.546669233171488,0.11670878548074828,0.004231796668553157,0.013113943720997789,1698.8338317247817,332.4680673126237,0.01,0.1,0.001,0.0001,0.25,0.0
1776356827633726509,1.547021936209167,0.11804938587333848,0.0029660906131787445,0.014244739037183065,1699.542672709801,332.83545630257925,0.01,0.1,0.001,0.0001,0.25,0.0
1776356827736804484,1.5472939288057326,0.11955853797699831,0.0023114708155328595,0.015037833477317354,1700.3859099781696,332.80396584989415,0.01,0.1,0.001,0.0001,0.25,0.0
1776356827834479130,1.5474273403483858,0.12107489650374278,0.00042078649859401355,0.016017063221561184,1701.277196103278,332.8597229964105,0.01,0.1,0.001,0.0001,0.25,0.0
1776356827937463921,1.5473735890558318,0.12264036648110707,-0.001464472261358864,0.01437957748745495,1702.3146628818574,333.162686118023,0.01,0.1,0.001,0.0001,0.25,0.0
1776356828034913776,1.5471652305319397,0.12397663771092865,-0.002811532720156293,0.013043838308718959,1703.3883326204639,332.8074696045012,0.01,0.1,0.001,0.0001,0.25,0.0
1776356828137333612,1.5468282486970122,0.12523078643949848,-0.0037689820639188205,0.011446930612275762,1704.6132292799387,332.76588925194324,0.01,0.1,0.001,0.0001,0.25,0.0
1776356828235776641,1.546425414282076,0.1263572617556931,-0.004415409173698246,0.011439680772981561,1705.8838510884223,332.12803982116594,0.01,0.1,0.001,0.0001,0.25,0.0
1776356828338283234,1.5490967256143011,0.11265671489354884,0.001138422550701829,-0.005940267126346162,1714.089118260727,330.26459773180625,0.01,0.1,0.001,0.0001,0.25,0.0
1776356828436327032,1.5492024109097173,0.11196297724349236,0.001017135082628955,-0.008209208268695216,1714.6296781997746,329.9278354268855,0.01,0.1,0.001,0.0001,0.25,0.0
1776356828544325118,1.5492613168815539,0.1109975456484875,0.00007376943937212159,-0.009670026380002727,1715.3297688668042,329.5723267134936,0.01,0.1,0.001,0.0001,0.25,0.0
1776356828636853757,1.5492333919617725,0.1100567484124709,-0.000677382248719213,-0.010665833744330997,1716.0169901806337,329.89014197202386,0.01,0.1,0.001,0.0001,0.25,0.0
1776356828734488546,1.549094909184106,0.10901121788533832,-0.0021592592025266805,-0.010750513340724056,1716.8296716855236,329.90683830021777,0.01,0.1,0.001,0.0001,0.25,0.0
1776356828837702399,1.5487282524732193,0.10782120102222886,-0.004946137735279883,-0.012310682388187248,1717.786399734674,330.2808548368956,0.01,0.1,0.001,0.0001,0.25,0.0
1776356828935664403,1.5481462294601165,0.10656362556818631,-0.0069354366221846524,-0.01336180122663246,1718.78751846027,330.31837503319207,0.01,0.1,0.001,0.0001,0.25,0.0
1776356829033994915,1.5473576683903154,0.10528391519274016,-0.009103716908873637,-0.01266721792371482,1719.8830978321644,331.01081541264216,0.01,0.1,0.001,0.0001,0.25,0.0
1776356829136438856,1.5463460370803923,0.10397496143071187,-0.010646103597503932,-0.012887153118015167,1721.121252831157,330.6422176761905,0.01,0.1,0.001,0.0001,0.25,0.0
1776356829234801417,1.5452138359032725,0.10266918834440372,-0.012377609523665666,-0.013666206433315044,1722.4028324198007,330.6422176761905,0.01,0.1,0.001,0.0001,0.25,0.0
1776356829337258951,1.5439328997414379,0.1011901538656641,-0.012623025025127221,-0.015200806295152422,1723.8348347221802,330.57619414924466,0.01,0.1,0.001,0.0001,0.25,0.0
1776356829435934301,1.5471501391846454,0.11127028685751701,-0.0030827905140560557,-0.0003648048131453342,1733.5837537979132,330.7900112330777,0.01,0.1,0.001,0.0001,0.25,0.0
1776356829533565806,1.5469603215538432,0.11121370804187883,-0.0008053227810675971,-0.0007941225445267876,1734.134793864455,330.6580292483457,0.01,0.1,0.001,0.0001,0.25,0.0
1776356829637203069,1.547001857897453,0.11109977439567559,0.0016069675831341438,-0.0014047786422830121,1734.8178519785606,331.0129015584439,0.01,0.1,0.001,0.0001,0.25,0.0
1776356829735489651,1.5472307831099177,0.11090810506830723,0.003051482186030137,-0.0024955428829065048,1735.5591044317357,331.31880421662936,0.01,0.1,0.001,0.0001,0.25,0.0
1776356829832219457,1.547605318099069,0.11067522581970728,0.004692123046979814,-0.002319294236062635,1736.377425911186,331.0156131714539,0.01,0.1,0.001,0.0001,0.25,0.0
1776356829934696194,1.548222249803683,0.11050450198964785,0.007348588678338725,-0.0010127381542547674,1737.3404008923742,331.3367348262245,0.01,0.1,0.001,0.0001,0.25,0.0
1776356830033447356,1.5491287165751677,0.11039548826190983,0.011009385777048023,-0.0011950330427231784,1738.3619346185374,329.92662118132773,0.01,0.1,0.001,0.0001,0.25,0.0
1776356830136038325,1.5503510159808473,0.11021179907349067,0.01281960239668839,-0.002386026948097731,1739.5203201022148,330.5983429695911,0.01,0.1,0.001,0.0001,0.25,0.0
1776356830233595938,1.55167497465528,0.10990361558968294,0.014321888333956994,-0.0039318131254903275,1740.7137749258295,330.2348696550107,0.01,0.1,0.001,0.0001,0.25,0.0
1776356830336621247,1.5451559525657022,0.11345898223446532,0.007230891929208581,0.003247097904465631,1747.8571196733642,330.2219959233325,0.01,0.1,0.001,0.0001,0.25,0.0
1776356830435132854,1.54602811281717,0.11384590330571397,0.01047373915154739,0.004607301344180725,1748.38175453856,329.7799886300164,0.01,0.1,0.001,0.0001,0.25,0.0
1776356830537300944,1.5471691390694133,0.11421411612629033,0.011864151419238205,0.002601207379105521,1749.0222622979115,329.07963727667357,0.01,0.1,0.001,0.0001,0.25,0.0
1776356830636601532,1.5483695211795352,0.11432260909072411,0.012314182080640985,-0.00041592066552374263,1749.739022842175,329.45046562695654,0.01,0.1,0.001,0.0001,0.25,0.0
1776356830738679421,1.5496798220843477,0.1141969900926313,0.013356395262795528,-0.0020451264073299193,1750.5728323193982,329.48159644827996,0.01,0.1,0.001,0.0001,0.25,0.0
1776356830841242890,1.5511497341696208,0.11393115346723683,0.015307916238406398,-0.0031388733128443168,1751.5094195357226,329.06936591522515,0.01,0.1,0.001,0.0001,0.25,0.0
1776356830939609223,1.5527794252138374,0.11353009161209125,0.017832406800007305,-0.005016856256313743,1752.500680499623,328.36785132551546,0.01,0.1,0.001,0.0001,0.25,0.0
1776356831041817718,1.5546797624104498,0.11294229887354644,0.01934672482889504,-0.00648300999680542,1753.6276199358847,328.41619927472505,0.01,0.1,0.001,0.0001,0.25,0.0
1776356831140326709,1.556662845980097,0.11224794073366486,0.020917330247155006,-0.007615071806004254,1754.806615289672,328.41619927472505,0.01,0.1,0.001,0.0001,0.25,0.0
1776356831242763324,1.5588735006815801,0.11137990999162661,0.022241808549668746,-0.009331699324921372,1756.1295987878866,328.76781236957265,0.01,0.1,0.001,0.0001,0.25,0.0
1776356831339555635,1.5425603187945942,0.11059733516012868,-0.004385926144604142,-0.008870761505501108,1764.4139829913088,329.38975572327195,0.01,0.1,0.001,0.0001,0.25,0.0
1776356831441606926,1.5421438546490251,0.1096769111715572,-0.0037754994213357873,-0.009166738125027309,1764.9731461105366,329.07998771391345,0.01,0.1,0.001,0.0001,0.25,0.0
1776356831540118454,1.5417155088351266,0.10869696319334009,-0.004921258583979835,-0.010729266803294347,1765.6057958494198,329.07998771391345,0.01,0.1,0.001,0.0001,0.25,0.0
1776356831642764581,1.541120046669601,0.10749597975902675,-0.006681290938223566,-0.012671833348323659,1766.3623112489297,329.10350970782446,0.01,0.1,0.001,0.0001,0.25,0.0
1776356831741642507,1.5404339456796552,0.10621545913763344,-0.00719613283161408,-0.013228620913516448,1767.1851098805687,328.4702809749415,0.01,0.1,0.001,0.0001,0.25,0.0
1776356831840725447,1.539701308832445,0.10491738072177878,-0.007592565041697642,-0.012973841576652625,1768.1020133384256,328.0812283126116,0.01,0.1,0.001,0.0001,0.25,0.0
1776356831942824977,1.538952522798845,0.1035799874240704,-0.0070740656288959545,-0.013221964272599716,1769.1436809436507,328.75370487930496,0.01,0.1,0.001,0.0001,0.25,0.0
1776356832041352428,1.5382121412244119,0.10228391760360879,-0.00795534876592967,-0.013087672661924246,1770.241759259813,328.72619078779644,0.01,0.1,0.001,0.0001,0.25,0.0
1776356832143728205,1.5373852940506554,0.10089246277135698,-0.008198000794128208,-0.014095895252184118,1771.479499418607,329.0198807268757,0.01,0.1,0.001,0.0001,0.25,0.0
1776356832242073564,1.5366000224556562,0.09950453077973549,-0.007771280846991016,-0.014129087052121425,1772.7616309026616,329.3571121615237,0.01,0.1,0.001,0.0001,0.25,0.0
1776356832343092449,1.54270034151409,0.11187315018679503,-0.0017288975044080887,0.005790680889692054,1781.0892251476182,328.32549853122725,0.01,0.1,0.001,0.0001,0.25,0.0
1776356832442200253,1.542508580540458,0.11248319854763808,-0.002140627200814084,0.006519421416059554,1781.6339190994065,328.02006852951865,0.01,0.1,0.001,0.0001,0.25,0.0
1776356832543579906,1.5422611298041928,0.11324988510397643,-0.0027412889072842644,0.00860641536965678,1782.286859413129,327.63771587631913,0.01,0.1,0.001,0.0001,0.25,0.0
1776356832642303405,1.5420013552916632,0.1141416378891769,-0.0025213310604856234,0.009459082927354326,1783.0158267894521,327.6702922568284,0.01,0.1,0.001,0.0001,0.25,0.0
1776356832745178447,1.5418135343938826,0.11521004716908993,-0.0011301696045440362,0.011312286191979638,1783.8731140721227,327.2852381683541,0.01,0.1,0.001,0.0001,0.25,0.0
1776356833899495453,1.544469271120662,0.11134695351136921,0.003784172879981722,0.004659912331060579,1787.1044031862407,327.29031463224493,0.01,0.1,0.001,0.0001,0.25,0.0
1776356833944897215,1.544637110295645,0.11157485821600253,0.0036082990801846455,0.005378144271413329,1787.2680313296678,327.29031463224493,0.01,0.1,0.001,0.0001,0.25,0.0
1776356833957242849,1.544681551339512,0.1116419163910837,0.003585759884769981,0.005477146775772866,1787.3159181766662,327.29870796877094,0.01,0.1,0.001,0.0001,0.25,0.0
1776356833969228880,1.5447244589984337,0.11170777923980892,0.0035695504083636566,0.005506186532582595,1787.363780484691,327.3479206907158,0.01,0.1,0.001,0.0001,0.25,0.0
1776356833980741978,1.5447652089152157,0.11177130039362089,0.0035137268146500384,0.005535257904768403,1787.41097430931,327.32102175707365,0.01,0.1,0.001,0.0001,0.25,0.0
1776356834042886243,1.5449707362437473,0.11214318555352117,0.0031021582381061978,0.006435653644104875,1787.6873501521975,327.1757147726212,0.01,0.1,0.001,0.0001,0.25,0.0
1776356834055253727,1.5450089701409513,0.11222381632825193,0.0030716056016408047,0.0065840853259210306,1787.7467875389311,327.1248492695459,0.01,0.1,0.001,0.0001,0.25,0.0
1776356834066742122,1.545044116978229,0.1122999339644232,0.003047062904619167,0.006667137807837221,1787.803208813524,327.1562830219904,0.01,0.1,0.001,0.0001,0.25,0.0
1776356834079220103,1.5450818596573017,0.11238386520285597,0.003001820442876179,0.006784219725952687,1787.8659049842952,327.1519859022343,0.01,0.1,0.001,0.0001,0.25,0.0
1776356834145362598,1.5452632160219584,0.11283669779592391,0.002481858343491866,0.006908095341594035,1788.2227810403085,327.1064449225941,0.01,0.1,0.001,0.0001,0.25,0.0
1776356834157120671,1.545291968531785,0.11291838055794053,0.0024084787986729376,0.006984822089698151,1788.2905535848201,327.11451129477587,0.01,0.1,0.001,0.0001,0.25,0.0
1776356834169252531,1.5453205672997774,0.11300333177656945,0.00231591183480526,0.0070487454296945746,1788.361694090111,327.11451129477587,0.01,0.1,0.001,0.0001,0.25,0.0
1776356834180758000,1.5453462277796028,0.11308526738536391,0.0021352097150558365,0.007163979994226623,1788.430727869879,327.1616486912704,0.01,0.1,0.001,0.0001,0.25,0.0
1776356834243581394,1.5454916987571974,0.11354044727733657,0.0024960626080563616,0.00732730940650777,1788.8289013272001,327.3978994236966,0.01,0.1,0.001,0.0001,0.25,0.0
1776356834341619195,1.5457288397668079,0.11435379045388609,0.0023418300115151873,0.00926563230977305,1789.524580201046,327.4307368092706,0.01,0.1,0.001,0.0001,0.25,0.0
1776356834444279175,1.5454861910916649,0.11501566049868547,0.00017791062004630953,0.0088845503898596,1790.1842449609846,327.4209579923739,0.01,0.1,0.001,0.0001,0.25,0.0
1776356834542342919,1.5453851785796002,0.11585828159063653,-0.002237845821992582,0.008298913457704397,1791.0413390223127,327.4904026798962,0.01,0.1,0.001,0.0001,0.25,0.0
1776356834645101008,1.5451458300632317,0.11671425482465245,-0.002420960918304206,0.008362204533130704,1792.0365220133622,326.78709768387205,0.01,0.1,0.001,0.0001,0.25,0.0
1776356834743387154,1.544866815559247,0.11762760795071468,-0.003256866977010292,0.010224147729454302,1793.081553486392,326.48843152300435,0.01,0.1,0.001,0.0001,0.25,0.0
1776356834845948785,1.544454245078739,0.11879938968260968,-0.004788191234359053,0.012625408139175565,1794.269283867606,326.92591813679167,0.01,0.1,0.001,0.0001,0.25,0.0
1776356834944071657,1.5439203538067858,0.12016201275554098,-0.0060942233818426115,0.015149215691983506,1795.4983373852224,326.92591813679167,0.01,0.1,0.001,0.0001,0.25,0.0
1776356835042932641,1.5432681383895916,0.12184242465827098,-0.0070995679794039705,0.018844160516382324,1796.8286110912454,327.026099842532,0.01,0.1,0.001,0.0001,0.25,0.0
1776356835144966316,1.5424397690418397,0.12400719969255328,-0.009137607595269576,0.02358839979828416,1798.2982059166195,326.91858816670424,0.01,0.1,0.001,0.0001,0.25,0.0
1776356835243054443,1.5415093832091422,0.1265235248793332,-0.009832802624332481,0.027719046383187493,1799.8035894266673,326.97220702060497,0.01,0.1,0.001,0.0001,0.25,0.0
1776356835345205005,1.5404814192244694,0.12958259579525722,-0.010294896922665967,0.032178052354450586,1801.4676755231444,327.66660561827774,0.01,0.1,0.001,0.0001,0.25,0.0
1776356835443361112,1.5383966012473358,0.12123066400777464,-0.010486777674335285,0.023272985862479945,1806.4302700664539,327.51505238925665,0.01,0.1,0.001,0.0001,0.25,0.0
1776356835545811147,1.5372442296301312,0.12366815589697332,-0.012011021292191743,0.02431426957406085,1807.7755695645342,327.51505238925665,0.01,0.1,0.001,0.0001,0.25,0.0
1776356835645505567,1.5360241898113214,0.12618405776423466,-0.012465808930332268,0.026160560765138674,1809.1798011106089,327.9020570016381,0.01,0.1,0.001,0.0001,0.25,0.0
1776356835753333558,1.5346767143736884,0.1290935476874006,-0.012525091019468386,0.027800179107435787,1810.8043251360862,327.84993130055966,0.01,0.1,0.001,0.0001,0.25,0.0
1776356835857535142,1.5333665260970937,0.13213441297294606,-0.012624051990567764,0.03056941349738033,1812.4782554758608,327.7984505674391,0.01,0.1,0.001,0.0001,0.25,0.0
1776356835947300517,1.5322484912818155,0.13501011489751968,-0.012284276358260567,0.033497399800218666,1814.002689382743,327.44916846299816,0.01,0.1,0.001,0.0001,0.25,0.0
1776356836049686718,1.5310998862658187,0.13850035523841636,-0.010151627181190682,0.03467807786814479,1815.8343018705143,326.75132970045246,0.01,0.1,0.001,0.0001,0.25,0.0
1776356836147983352,1.5300994988666872,0.14204551740282478,-0.01020239068075225,0.03745227291446376,1817.6858854501356,326.84634595536807,0.01,0.1,0.001,0.0001,0.25,0.0
1776356836250370069,1.5290197651393287,0.14598019957138741,-0.010888776540462932,0.039406527988707536,1819.7115560069205,326.7958201628401,0.01,0.1,0.001,0.0001,0.25,0.0
1776356836349137451,1.5278959829455383,0.149967078117061,-0.011867329285254202,0.04132604688295942,1821.7595556805857,326.1715166295755,0.01,0.1,0.001,0.0001,0.25,0.0
1776356836451087160,1.5342821041205421,0.11428685833209928,-0.005097946230376511,0.008393637399895166,1836.4320317220072,327.4483122282181,0.01,0.1,0.001,0.0001,0.25,0.0
1776356836549121801,1.53377741749196,0.11513191819107281,-0.005197540403722401,0.00884538180598056,1837.7427376664507,327.4107932183582,0.01,0.1,0.001,0.0001,0.25,0.0
1776356836652128095,1.5332242723533163,0.1161020776719384,-0.005543163485726641,0.009992704225233073,1839.2173805629695,327.02051044146395,0.01,0.1,0.001,0.0001,0.25,0.0
1776356836750298473,1.5327339241865925,0.11712006283815554,-0.00444670800217583,0.01074672477079235,1840.7160952259103,326.57884370117125,0.01,0.1,0.001,0.0001,0.25,0.0
1776356836857410570,1.5323201743212898,0.11826016915771694,-0.0032792695925163064,0.01054255317024295,1842.4551566342132,326.29098465564914,0.01,0.1,0.001,0.0001,0.25,0.0
1776356836950945640,1.532091077505918,0.1193078033963748,-0.0016187506555897383,0.011855548284065032,1844.062740887386,326.5336320037877,0.01,0.1,0.001,0.0001,0.25,0.0
1776356837049487361,1.532014540640326,0.12054869437208822,0.0000653424697334825,0.013329833747478845,1845.8455791014828,326.5336320037877,0.01,0.1,0.001,0.0001,0.25,0.0
1776356837151810165,1.5321139505838393,0.12195501324754811,0.001878258151944946,0.014165627410886813,1847.793403437747,326.43904446891327,0.01,0.1,0.001,0.0001,0.25,0.0
1776356837250089888,1.5323495695043887,0.12335358434478054,0.002915497813945387,0.014288830004689678,1849.7583301378397,326.146107908671,0.01,0.1,0.001,0.0001,0.25,0.0
1776356837352418396,1.535977329561607,0.10442284679637885,0.009288584262139778,-0.008852521803270116,1863.6730019352906,327.29535560733865,0.01,0.1,0.001,0.0001,0.25,0.0
1776356837450558604,1.5369729191494998,0.10350229956271415,0.010996589384364628,-0.009903661177933109,1865.0251982975544,326.6216060645021,0.01,0.1,0.001,0.0001,0.25,0.0
1776356837548845659,1.5380548761145438,0.10248110620855351,0.011020227942109335,-0.010876673216098082,1866.470284894919,326.25658998396216,0.01,0.1,0.001,0.0001,0.25,0.0
1776356837651537140,1.5393307297129664,0.101375011809115,0.013828993614376318,-0.010666225458183428,1868.0774236691198,326.25658998396216,0.01,0.1,0.001,0.0001,0.25,0.0
1776356837845389821,1.5424497896037492,0.09920387139848212,0.018352202860697966,-0.011734721806735631,1871.3823329240543,325.592421755756,0.01,0.1,0.001,0.0001,0.25,0.0
1776356837857691360,1.5426775440394618,0.09905888511855201,0.018640545193391353,-0.01181450527186735,1871.6042495799231,325.53651477911956,0.01,0.1,0.001,0.0001,0.25,0.0
1776356837954528915,1.544650409278018,0.09787455976200753,0.022107452401554293,-0.012646814151765901,1873.3992434248298,325.16879490238273,0.01,0.1,0.001,0.0001,0.25,0.0
1776356838052991797,1.5470552922435539,0.09665004948350572,0.026743803976503534,-0.012227105456762246,1875.3149983629776,325.50546766136614,0.01,0.1,0.001,0.0001,0.25,0.0
1776356838155315763,1.549954616163476,0.09542587351895704,0.02992110039006472,-0.011698408171553461,1877.4029947839108,325.24946460849606,0.01,0.1,0.001,0.0001,0.25,0.0
1776356838253470557,1.5530519119479145,0.09430015357551345,0.03318938037822401,-0.011239254804686285,1879.498617004621,325.15584441738116,0.01,0.1,0.001,0.0001,0.25,0.0
1776356838351460615,1.556448488573308,0.09320971295934086,0.03613754719613466,-0.011017536653028624,1881.6815020131687,324.4874649149425,0.01,0.1,0.001,0.0001,0.25,0.0
1776356838453780322,1.5390937491650063,0.09772529402277047,0.02312123968780962,-0.018665646737488828,1899.3843137518172,325.86033463288993,0.01,0.1,0.001,0.0001,0.25,0.0
1776356838552355124,1.5414820536753924,0.09579181683472604,0.025333861710654226,-0.020561693323585515,1900.8037117422168,325.2204377036695,0.01,0.1,0.001,0.0001,0.25,0.0
1776356838654969323,1.544009736711121,0.09361559922485356,0.02393273862997824,-0.021854559713034162,1902.3786624771224,325.6036968416108,0.01,0.1,0.001,0.0001,0.25,0.0
1776356838754915831,1.5464450022793395,0.0914596294673527,0.024800671443972962,-0.021289711560914262,1904.0081678927095,325.6629177561925,0.01,0.1,0.001,0.0001,0.25,0.0
1776356838862130654,1.5491208493855146,0.08910115163559006,0.025115576602416815,-0.022706211894686672,1905.861139425955,324.8650030862827,0.01,0.1,0.001,0.0001,0.25,0.0
1776356838954396820,1.551490527687113,0.08700057348021643,0.026257644794030546,-0.02283307779023002,1907.5423827366762,324.8650030862827,0.01,0.1,0.001,0.0001,0.25,0.0
1776356839052418097,1.5541180785464463,0.08466760027473069,0.02734624279950609,-0.02476121825217491,1909.4168034472443,325.2013097600162,0.01,0.1,0.001,0.0001,0.25,0.0
1776356839154838592,1.5569580252343749,0.0820621487690878,0.028110657269296322,-0.02611659026328826,1911.4718223754653,325.17733051266407,0.01,0.1,0.001,0.0001,0.25,0.0
1776356839254422826,1.5598147270634828,0.07940189398679245,0.02926005875959724,-0.027308909074607077,1913.5648966524857,325.15400459537614,0.01,0.1,0.001,0.0001,0.25,0.0
1776356839351557271,1.562672668670687,0.07671160323712481,0.029582543261219587,-0.028081903496205086,1915.6964713987627,324.8207985640581,0.01,0.1,0.001,0.0001,0.25,0.0
1776356839453931878,1.5304009050980898,0.10038730046959654,0.0006345606876745533,-0.019552386111350427,1932.062872547452,324.92653211029756,0.01,0.1,0.001,0.0001,0.25,0.0
1776356839552366548,1.5305438191724698,0.09842412367089216,0.0022698037994150445,-0.02034418111456287,1933.4999318496543,324.91014903667065,0.01,0.1,0.001,0.0001,0.25,0.0
1776356839650871088,1.5307486459540587,0.09631193392417155,0.001888744942918863,-0.02253909785246162,1935.029919583954,324.57172021689723,0.01,0.1,0.001,0.0001,0.25,0.0
1776356839753800588,1.5309352020625675,0.09394708776328031,0.001735858821664887,-0.02340756326704736,1936.726574142458,323.90203898472214,0.01,0.1,0.001,0.0001,0.25,0.0
1776356839851358226,1.5310689221214027,0.0916041510284852,0.0010054457011775988,-0.024623398757498957,1938.4267951847712,323.5882269199202,0.01,0.1,0.001,0.0001,0.25,0.0
1776356839950333049,1.5311714312875664,0.08909112935932863,0.001065960546230203,-0.026157316569428768,1940.243395685457,323.248770252795,0.01,0.1,0.001,0.0001,0.25,0.0
1776356840051992913,1.531332439613008,0.08640743030806211,0.0021015994430561486,-0.02663981497492615,1942.2054375663092,323.248770252795,0.01,0.1,0.001,0.0001,0.25,0.0
1776356840149951035,1.531571365418964,0.08379006134078712,0.0027764500565927675,-0.026797926210554206,1944.1881915601866,322.97148383927856,0.01,0.1,0.001,0.0001,0.25,0.0
1776356840253050618,1.531860876881364,0.08104999333538866,0.0028411598692053694,-0.02636968621102178,1946.3722130345768,322.97148383927856,0.01,0.1,0.001,0.0001,0.25,0.0
1776356840350895391,1.532119052826992,0.07841724235842078,0.0024348516819194107,-0.027432477781977563,1948.5387930196937,322.99951965586314,0.01,0.1,0.001,0.0001,0.25,0.0
1776356840453083850,1.5210961960989338,0.10588536896669365,-0.017270072036350104,-0.00902295465436704,1964.9490883647595,323.1946658753237,0.01,0.1,0.001,0.0001,0.25,0.0
1776356840551817470,1.5192807608623518,0.1050020246923045,-0.019502908490008245,-0.008869835540307217,1966.3982040730648,323.5567225676702,0.01,0.1,0.001,0.0001,0.25,0.0
1776356840649556765,1.5172869177042698,0.10413108763226044,-0.021298577547468774,-0.008952793160886229,1967.9228834194005,323.5089832919364,0.01,0.1,0.001,0.0001,0.25,0.0
1776356840777969015,1.514378010953777,0.102985603049524,-0.02400782747578779,-0.008888201035493913,1970.0628011244203,323.09959502629516,0.01,0.1,0.001,0.0001,0.25,0.0
1776356840850346032,1.5125963180009154,0.10235381886794265,-0.025220951833312376,-0.008568209731633218,1971.3374590700994,323.0830715126202,0.01,0.1,0.001,0.0001,0.25,0.0
1776356840952813557,1.509870950571295,0.10145331242086703,-0.02797386051201454,-0.009008235538579764,1973.2262613163923,323.0350494260175,0.01,0.1,0.001,0.0001,0.25,0.0
1776356841050520257,1.507106894822604,0.10060199548266541,-0.028602916980081012,-0.008417161547095688,1975.1196867367928,323.3462039416311,0.01,0.1,0.001,0.0001,0.25,0.0
1776356841158019500,1.504020125635943,0.09969576617060506,-0.028830005702786453,-0.008444286415201346,1977.3068031809344,323.37272507674743,0.01,0.1,0.001,0.0001,0.25,0.0
1776356841251938665,1.5012816044573456,0.09892571007649807,-0.02948579273184512,-0.007953774084847402,1979.3070749865983,323.69473697268614,0.01,0.1,0.001,0.0001,0.25,0.0
1776356841350504896,1.498290653653025,0.09809082634324034,-0.03120024169410815,-0.00898591710129893,1981.4959001630286,323.6683700936052,0.01,0.1,0.001,0.0001,0.25,0.0
1776356841447663663,1.5171813081174503,0.11732076406067145,-0.02571130913258003,0.007154818307214651,1998.0940701124882,324.0805152858561,0.01,0.1,0.001,0.0001,0.25,0.0
1776356841549933743,1.514531803638533,0.11804091898967825,-0.026098427200157877,0.006927451523787343,1999.5917364859843,324.0805152858561,0.01,0.1,0.001,0.0001,0.25,0.0
1776356841648460160,1.5118991065226524,0.11876583574156929,-0.02734700671982117,0.007788821809356858,2001.1275270151157,324.05562585587853,0.01,0.1,0.001,0.0001,0.25,0.0
1776356841747863962,1.5090903055565683,0.1196126606873188,-0.02916518384425956,0.009249029318746323,2002.7697076675602,323.7665834622517,0.01,0.1,0.001,0.0001,0.25,0.0
1776356841857737051,1.5057529283268156,0.12069630421519006,-0.031591997356708916,0.01047877537566313,2004.6926033437735,323.7665834622516,0.01,0.1,0.001,0.0001,0.25,0.0
1776356841947821184,1.502853260814845,0.12173608293466444,-0.03277999483137807,0.012604087515005505,2006.3542032160328,323.79306754039555,0.01,0.1,0.001,0.0001,0.25,0.0
1776356842050970258,1.4992894895890863,0.12318991401448909,-0.03631643574260845,0.015583619245554492,2008.3506427748198,323.4690696888916,0.01,0.1,0.001,0.0001,0.25,0.0
1776356842153913723,1.4954633169631586,0.1248930970168587,-0.038019675224028195,0.01750636728633709,2010.4428870303873,323.14542751171535,0.01,0.1,0.001,0.0001,0.25,0.0
1776356842251322275,1.4916605624627763,0.12669806325225702,-0.040055022168120305,0.01955155812473038,2012.5146282581886,323.14542751171535,0.01,0.1,0.001,0.0001,0.25,0.0
1776356842349594341,1.4876643156460851,0.12863714724992492,-0.04127947764804466,0.019914079080938726,2014.6949535275091,323.45432569151455,0.01,0.1,0.001,0.0001,0.25,0.0
1776356842452251795,1.522450712673456,0.12447053416337195,-0.01961370302335862,0.0213585271435976,2031.2246565380615,323.2461521544245,0.01,0.1,0.001,0.0001,0.25,0.0
1776356842550489807,1.5204672844734195,0.12667653870608667,-0.02076424417292695,0.02355055246858984,2032.664070309584,323.2461521544245,0.01,0.1,0.001,0.0001,0.25,0.0
1776356842652997542,1.5183053538921965,0.12925764730427558,-0.02141899963874496,0.026811625784243287,2034.2626931501616,323.28436507525714,0.01,0.1,0.001,0.0001,0.25,0.0
1776356842751824724,1.5161592717088692,0.13204642332110003,-0.02201302020782094,0.029627114656981892,2035.8975834933897,322.90691848953344,0.01,0.1,0.001,0.0001,0.25,0.0
1776356842878305714,1.513343891515436,0.13611750371935039,-0.02250729787564545,0.034749907919304185,2038.1240000557577,323.2858310547243,0.01,0.1,0.001,0.0001,0.25,0.0
1776356842952656913,1.5116476011723583,0.13879906925186664,-0.02312477716264809,0.037387152872936806,2039.5030326659607,323.03174597629584,0.01,0.1,0.001,0.0001,0.25,0.0
1776356843050086666,1.509365331389326,0.14260699216505476,-0.023719025371990835,0.040770824040521875,2041.389293663233,322.986632307282,0.01,0.1,0.001,0.0001,0.25,0.0
1776356843153249786,1.506849000065717,0.1470078364231787,-0.02506517541302422,0.044548492973735254,2043.4836170691678,323.4386206251533,0.01,0.1,0.001,0.0001,0.25,0.0
1776356843250883957,1.5044125422354502,0.15160931751849144,-0.0248421243521697,0.04970616373932197,2045.5580825390944,323.4386206251533,0.01,0.1,0.001,0.0001,0.25,0.0
1776356843354026670,1.5017860184106657,0.15696405597891963,-0.026100814290036294,0.054152065247821846,2047.8462817653494,323.49187610652257,0.01,0.1,0.001,0.0001,0.25,0.0
1776356843451141817,1.5315841696458885,0.12684409792769544,0.0011197477674272005,0.03284790245714921,2064.54848526844,323.3193921853605,0.01,0.1,0.001,0.0001,0.25,0.0
1776356843554280290,1.5316882615657335,0.130415000967121,0.0008987949043167374,0.036398780402399626,2066.055698753787,323.72183451235605,0.01,0.1,0.001,0.0001,0.25,0.0
1776356843652168287,1.5318248827799363,0.13413666054785256,0.0018927217108710755,0.03964412857258511,2067.578695516086,324.0056088244211,0.01,0.1,0.001,0.0001,0.25,0.0
1776356843759664629,1.5320908157646886,0.13861595594461945,0.0030548589460377643,0.043691435393872824,2069.3551635972344,323.5227377744613,0.01,0.1,0.001,0.0001,0.25,0.0
1776356843852849877,1.5324984324464221,0.14284234854308103,0.005693572793452995,0.04701708761034888,2070.9829703317787,323.5227377744613,0.01,0.1,0.001,0.0001,0.25,0.0
1776356843951936066,1.5331544412683193,0.14782402651818594,0.007548451855765765,0.05354177736043031,2072.8031682965866,323.5838360083085,0.01,0.1,0.001,0.0001,0.25,0.0
1776356844058157253,1.5340723621379948,0.1538175991034038,0.009734823773668855,0.059309526512806375,2074.857027891605,323.51364608898643,0.01,0.1,0.001,0.0001,0.25,0.0
1776356844151228999,1.535020193902654,0.15962305946712102,0.010632455821830429,0.06543986342869078,2076.743969703264,323.51364608898643,0.01,0.1,0.001,0.0001,0.25,0.0
1776356844254362633,1.5362367719018923,0.16665880941854236,0.012958792164052529,0.07099374130077746,2078.9302903970206,323.7907144928495,0.01,0.1,0.001,0.0001,0.25,0.0
1776356844353431113,1.5377230485131237,0.17386182272432868,0.01704756687424223,0.07442750921057197,2081.1245842401822,323.5761675791142,0.01,0.1,0.001,0.0001,0.25,0.0
1776356844454834237,1.5459347186606598,0.11950401625643053,0.03276379096732644,0.021731759199520015,2097.6559851994703,323.706458546413,0.01,0.1,0.001,0.0001,0.25,0.0
1776356844553369119,1.5492859256938676,0.12173704407884443,0.03525477293891107,0.02359141664076172,2099.0973339674006,323.706458546413,0.01,0.1,0.001,0.0001,0.25,0.0
1776356844651145003,1.5529213591957385,0.12410400042064748,0.03911947034600722,0.024832130845239008,2100.617797266334,324.0375744462119,0.01,0.1,0.001,0.0001,0.25,0.0
1776356844758068854,1.5572926344945257,0.1269309748386281,0.04264336869822724,0.02804521924608189,2102.383919377384,323.5343019043603,0.01,0.1,0.001,0.0001,0.25,0.0
1776356844852454104,1.5614739384215837,0.1297458534113647,0.0459533048340141,0.03159858620125888,2104.032622120963,324.6055168589336,0.01,0.1,0.001,0.0001,0.25,0.0
1776356844951327440,1.5661346043420368,0.13301703760554778,0.04833429442320085,0.03457910378165357,2105.849516326995,324.4041500644881,0.01,0.1,0.001,0.0001,0.25,0.0
1776356845048789795,1.5709603725508916,0.13649761849651082,0.05068769862278092,0.036840417808404906,2107.731010412049,324.53241119998916,0.01,0.1,0.001,0.0001,0.25,0.0
1776356845150331762,1.5761520553325095,0.14036805686114315,0.051558562336469216,0.03938493487648486,2109.7867517921645,324.4676404838086,0.01,0.1,0.001,0.0001,0.25,0.0
1776356845249447791,1.5813976500140396,0.14445039678003646,0.054290614108140185,0.042991295964089356,2111.8870257562503,324.74163533195093,0.01,0.1,0.001,0.0001,0.25,0.0
1776356845351376192,1.5870415558798956,0.1489619303450712,0.05645377337621754,0.04553374912879335,2114.1435372400824,325.8349999329861,0.01,0.1,0.001,0.0001,0.25,0.0
1776356845450122990,1.546508646968123,0.0994714011826039,0.031244911172929993,-0.0093260396959727,2130.668589009461,324.9603584734715,0.01,0.1,0.001,0.0001,0.25,0.0
1776356845548402596,1.5496633177840586,0.09845961190576538,0.032952344211515036,-0.01126377724224365,2132.1052100766346,324.28731220310203,0.01,0.1,0.001,0.0001,0.25,0.0
1776356845650102836,1.5530497149527696,0.09730365121678004,0.03365387647346292,-0.011472531854963096,2133.6873825269736,324.320993791045,0.01,0.1,0.001,0.0001,0.25,0.0
1776356845748954354,1.5564655269530459,0.09624798409834866,0.03545232481169731,-0.00988495045686899,2135.3188998884093,323.98230469326984,0.01,0.1,0.001,0.0001,0.25,0.0
1776356845854070969,1.5602163033520555,0.09514350104877244,0.03591170215945834,-0.01112946089539161,2137.1546098217004,323.6561865238053,0.01,0.1,0.001,0.0001,0.25,0.0
1776356845949926193,1.5637492428653075,0.09408222667844109,0.03779977907500014,-0.01101303702733194,2138.919432564375,323.3920111090275,0.01,0.1,0.001,0.0001,0.25,0.0
1776356846047228973,1.567496048067233,0.09307654898704143,0.03921587389949418,-0.009658687257992814,2140.799480295559,323.1280622387723,0.01,0.1,0.001,0.0001,0.25,0.0
1776356846150476390,1.5715595171918448,0.09208251974300312,0.03949126307544487,-0.009595106352434525,2142.8923799724644,322.42232685666556,0.01,0.1,0.001,0.0001,0.25,0.0
1776356846253721678,1.5756724304737684,0.09105281507759981,0.040184296974841036,-0.010352383487183191,2145.085654617509,321.7164600756003,0.01,0.1,0.001,0.0001,0.25,0.0
1776356846351309890,1.5360322131837894,0.08624310794930068,0.004995020854467108,-0.03650888786533195,2159.6389129545873,320.77297133059244,0.01,0.1,0.001,0.0001,0.25,0.0
1776356846449577065,1.5365322026149926,0.08254766554595952,0.005180912255902328,-0.03870185132796067,2161.0738927019197,320.4192552919331,0.01,0.1,0.001,0.0001,0.25,0.0
1776356846553022644,1.5371368440982902,0.07825397906112858,0.006508062852498284,-0.044304022120769636,2162.682966335548,320.0580783074909,0.01,0.1,0.001,0.0001,0.25,0.0
1776356846651938840,1.5377116533203579,0.07366095341242113,0.005114354876065056,-0.04856516069306516,2164.3159174055286,320.06799412003755,0.01,0.1,0.001,0.0001,0.25,0.0
1776356846778334935,1.538309291844572,0.0672091190086287,0.004342899754722975,-0.05353107025618905,2166.5367223750427,319.1827433133795,0.01,0.1,0.001,0.0001,0.25,0.0
1776356846853632687,1.5386584562190986,0.06312004181605295,0.004930599238648626,-0.055071227101851694,2167.931496606138,319.4419399729095,0.01,0.1,0.001,0.0001,0.25,0.0
1776356846955394587,1.539185001696114,0.057338127862571996,0.005418044604987674,-0.058565620712893264,2169.901340979637,319.09648831920475,0.01,0.1,0.001,0.0001,0.25,0.0
1776356847051074439,1.539761991511446,0.05163930160464937,0.006642134941691261,-0.060550637580719366,2171.8426610086417,319.74632253908453,0.01,0.1,0.001,0.0001,0.25,0.0
1776356847155942550,1.5404117913081596,0.04502339398624718,0.005750819932338723,-0.06562767915666637,2174.0694176690877,320.1039234843548,0.01,0.1,0.001,0.0001,0.25,0.0
1776356847252096238,1.5410378274967245,0.038524248712979284,0.0072708017418999,-0.0695552583479966,2176.202391523626,320.1060770029908,0.01,0.1,0.001,0.0001,0.25,0.0
1776356847354266160,1.5418183204932323,0.031146409394100155,0.008006760664401591,-0.07486038807313042,2178.5645138085524,320.1014983156852,0.01,0.1,0.001,0.0001,0.25,0.0
1776356847453250608,1.520388882276798,0.0783966550703709,-0.018198957641628634,-0.05972802143030959,2197.1929038760977,319.4321901236121,0.01,0.1,0.001,0.0001,0.25,0.0
1776356847555751521,1.5184385127025217,0.07201422096155757,-0.019858489888167647,-0.06481204236692754,2198.693738115494,319.39490102035296,0.01,0.1,0.001,0.0001,0.25,0.0
1776356847654461458,1.5164024903141824,0.0654477884307754,-0.021392161577043576,-0.06822658296865174,2200.233006512695,320.45269965008146,0.01,0.1,0.001,0.0001,0.25,0.0
1776356847756869150,1.5140933854110175,0.05819763267487699,-0.02370508567484243,-0.07337030433182473,2201.9270184439965,321.5964836930932,0.01,0.1,0.001,0.0001,0.25,0.0
1776356847855028305,1.5116480034201119,0.05075704438366352,-0.026116828619191478,-0.07822333360314355,2203.643660741532,321.24589945997286,0.01,0.1,0.001,0.0001,0.25,0.0
1776356847957464368,1.5088544085405562,0.042478149769679126,-0.02842760526655705,-0.08342058378239636,2205.531761001354,321.96286411644934,0.01,0.1,0.001,0.0001,0.25,0.0
1776356848055777479,1.5059994276315753,0.0340712224821771,-0.029651823918502625,-0.08760316510590195,2207.43688205337,321.9732005399387,0.01,0.1,0.001,0.0001,0.25,0.0
1776356848157993283,1.5028755374576281,0.02481327219953912,-0.031470352640209025,-0.09353830922198379,2209.51428233945,321.9645269057156,0.01,0.1,0.001,0.0001,0.25,0.0
1776356848258359635,1.4996693426682464,0.015266316426817242,-0.032419387250724505,-0.09670356974603594,2211.650018957885,321.95705309036026,0.01,0.1,0.001,0.0001,0.25,0.0
1776356848353795004,1.5152719882166383,0.0903921627090861,-0.030671735414412316,-0.044608462115807324,2226.4612394069018,322.2704564124713,0.01,0.1,0.001,0.0001,0.25,0.0
1776356848538435108,1.5093857388569585,0.0818096662156315,-0.03308464122915388,-0.04835207107650887,2229.2274909715825,321.64026246179355,0.01,0.1,0.001,0.0001,0.25,0.0
1776356848556013428,1.5088008223937337,0.080954856799127,-0.03342209424729201,-0.04884229311152578,2229.5078094713404,321.519325284111,0.01,0.1,0.001,0.0001,0.25,0.0
1776356848662162315,1.505101605545172,0.07563887737308239,-0.036281927182933715,-0.05132624498856865,2231.261327335065,321.1544529328873,0.01,0.1,0.001,0.0001,0.25,0.0
1776356848755269948,1.5015893221295395,0.07071253574075724,-0.03916730409574475,-0.054499124205945534,2232.8869522597906,321.48494467231205,0.01,0.1,0.001,0.0001,0.25,0.0
1776356848853630426,1.4977387349929143,0.06511257395240587,-0.039128462589841505,-0.059367485241370775,2234.6931312516804,321.48494467231205,0.01,0.1,0.001,0.0001,0.25,0.0
1776356848969428136,1.49313928330626,0.05801785239977619,-0.04031492534247602,-0.06317510352257998,2236.936332821671,321.88794903716393,0.01,0.1,0.001,0.0001,0.25,0.0
1776356849053568074,1.4896897185352456,0.05261947168174371,-0.0416696563320548,-0.065126295136938,2238.6458787066963,321.5982535957247,0.01,0.1,0.001,0.0001,0.25,0.0
1776356849155956627,1.4853689731204949,0.04584769677662565,-0.04272910811424838,-0.06714936108416016,2240.815747616198,321.9496563552106,0.01,0.1,0.001,0.0001,0.25,0.0
1776356849256548394,1.481032831455047,0.03892595760216458,-0.04352932703157381,-0.07054410830456638,2243.042477503052,322.2968495696107,0.01,0.1,0.001,0.0001,0.25,0.0
1776356849353302224,1.5183967025554215,0.1178055296950885,-0.018871755300984224,-0.0007228100948680079,2259.3942724133444,322.8693218429897,0.01,0.1,0.001,0.0001,0.25,0.0
1776356849461814710,1.5161267935738987,0.11772321973818412,-0.02295703980888883,-0.0007939583530662009,2260.9873648176804,323.2896442199927,0.01,0.1,0.001,0.0001,0.25,0.0
1776356849555103057,1.513970970054533,0.11765122617927185,-0.023276057283840332,-0.0007499923318308651,2262.4449815693783,323.570365138841,0.01,0.1,0.001,0.0001,0.25,0.0
1776356849655907688,1.511522564985492,0.11760179263233335,-0.025291495830235187,-0.00023059149676462319,2264.1131977213117,322.89837929412715,0.01,0.1,0.001,0.0001,0.25,0.0
1776356849854306702,1.5060780828007811,0.11723137149476205,-0.029596061403219368,-0.003503741851964195,2267.675675124464,322.7722779114273,0.01,0.1,0.001,0.0001,0.25,0.0
1776356849867570449,1.5056838166669197,0.1171834187430364,-0.029808511990918433,-0.0037213594557208157,2267.927283615841,322.7267202088092,0.01,0.1,0.001,0.0001,0.25,0.0
1776356849962930148,1.5028346522318863,0.1167739733616125,-0.029946563073103425,-0.004865873769839045,2269.783701483855,322.6894803117284,0.01,0.1,0.001,0.0001,0.25,0.0
1776356850055227722,1.5000421131907455,0.11622229154674368,-0.030564063005300977,-0.007088341201546256,2271.662087964736,322.67423273397503,0.01,0.1,0.001,0.0001,0.25,0.0
1776356850164171525,1.4967342625012674,0.11538602189208548,-0.030161474694052188,-0.008263900845625305,2273.9823320216287,322.29989714680846,0.01,0.1,0.001,0.0001,0.25,0.0
1776356850261562130,1.4939112736685052,0.1144607809530262,-0.027810625947848538,-0.010736585523520999,2276.1511037303517,321.96526183903217,0.01,0.1,0.001,0.0001,0.25,0.0
1776356850356826901,1.5331726289037477,0.12598227355407943,0.008360170804773177,0.03840885600194562,2301.8152219790963,321.7567016973443,0.01,0.1,0.001,0.0001,0.25,0.0
1776356850455134722,1.5341646679955947,0.12995695042283117,0.011820063766909982,0.04244472347616942,2302.8126724837607,321.7567016973443,0.01,0.1,0.001,0.0001,0.25,0.0
1776356850555059835,1.5355170977393002,0.13436522030758924,0.01525118026351705,0.04579449956494916,2303.919612896059,321.3669478890267,0.01,0.1,0.001,0.0001,0.25,0.0
1776356850663501910,1.5373208006031052,0.13939814520158594,0.018017052247452533,0.04703482334831457,2305.2274387186512,321.4199652780527,0.01,0.1,0.001,0.0001,0.25,0.0
1776356850756216804,1.5390590663945012,0.14383350776514744,0.01947754196115477,0.04863646024476005,2306.4338062478446,322.14187695758085,0.01,0.1,0.001,0.0001,0.25,0.0
1776356850945860295,1.5430920909720969,0.1538738966722054,0.023056592107218565,0.057254103934743686,2309.15375665219,322.87732241852746,0.01,0.1,0.001,0.0001,0.25,0.0
1776356850957528435,1.5433621366803647,0.15454513348882495,0.023187076817761658,0.05769107818687201,2309.3323620452747,322.81450283350983,0.01,0.1,0.001,0.0001,0.25,0.0
1776356851055742943,1.5456479646526085,0.16040941926010635,0.023360508301136503,0.06172663146357262,2310.885130282283,322.81450283350983,0.01,0.1,0.001,0.0001,0.25,0.0
1776356851157397691,1.5479857428751684,0.1668650807275301,0.02263827949339046,0.06529679575791174,2312.587788119837,322.86100174320836,0.01,0.1,0.001,0.0001,0.25,0.0
1776356851253704856,1.550117111595704,0.17323601660500232,0.02161813319504818,0.06699132721601077,2314.2910237782544,322.2042285650459,0.01,0.1,0.001,0.0001,0.25,0.0
1776356851355476026,1.5523562490371259,0.18015884996853537,0.022387378838420378,0.06906232507395514,2316.185557032608,322.1558434661496,0.01,0.1,0.001,0.0001,0.25,0.0
1776356851454682060,1.4616074370095993,0.14319057144262934,-0.061113334539011445,0.03148050444713593,2320.9366976818146,321.5719399709457,0.01,0.1,0.001,0.0001,0.25,0.0
1776356851556291291,1.4555304484167426,0.14652996811117017,-0.058494473396521224,0.0342457856796702,2322.4182916908894,321.5719399709457,0.01,0.1,0.001,0.0001,0.25,0.0
1776356851655144852,1.4497247180277724,0.15005203175650852,-0.05897423732542336,0.03701695781330087,2323.952888149216,322.24547531788346,0.01,0.1,0.001,0.0001,0.25,0.0
1776356851757303994,1.4437180819358397,0.15402414401759557,-0.05862236790171755,0.04074818566064615,2325.6356734611236,322.34550301171595,0.01,0.1,0.001,0.0001,0.25,0.0
1776356851855455555,1.4379743935176157,0.15816122228282894,-0.05840932800825756,0.0435476970958685,2327.345227166491,321.9114841665617,0.01,0.1,0.001,0.0001,0.25,0.0
1776356851959570183,1.4318551034140485,0.16285018927602724,-0.05914267346014549,0.04652769490890331,2329.257799278842,321.9114841665617,0.01,0.1,0.001,0.0001,0.25,0.0
1776356852056453018,1.4260693912665026,0.16750578243784986,-0.06029394179098808,0.04957945232797682,2331.1295212780124,321.99897008594206,0.01,0.1,0.001,0.0001,0.25,0.0
1776356852158846075,1.4198296883254622,0.17269487045808735,-0.061581051289306146,0.051774742340468485,2333.204037801759,321.34482976074486,0.01,0.1,0.001,0.0001,0.25,0.0
1776356852256980558,1.4137488379221113,0.1779058333526755,-0.06235212911429351,0.054429351109286005,2335.284955995773,321.34482976074486,0.01,0.1,0.001,0.0001,0.25,0.0
1776356852359446334,1.407295083750272,0.1835720114549597,-0.06363535141979583,0.05618339991230592,2337.5543161988935,320.9527121128288,0.01,0.1,0.001,0.0001,0.25,0.0
1776356852457959474,1.4857655061878108,0.13087069990445743,-0.016552399137268827,0.01700726736184823,2354.174781865196,320.17464712704265,0.01,0.1,0.001,0.0001,0.25,0.0
1776356852560676485,1.4839902067428035,0.1326052438499794,-0.018016562116376925,0.01676809521944816,2355.544472723978,320.1138098024184,0.01,0.1,0.001,0.0001,0.25,0.0
1776356852658728100,1.4821380008842562,0.13421777588759284,-0.019769382704081642,0.016128381332178744,2356.944701791923,319.44121897365875,0.01,0.1,0.001,0.0001,0.25,0.0
1776356852756474056,1.4802095714980839,0.13573120819862788,-0.019679950840070373,0.014831474632796278,2358.431423696695,318.74950735476585,0.01,0.1,0.001,0.0001,0.25,0.0
1776356852859112032,1.478126004116139,0.13713894780447047,-0.0209220916629749,0.012600853116686309,2360.0890260494407,318.72896916348816,0.01,0.1,0.001,0.0001,0.25,0.0
1776356852969325032,1.4757787565719822,0.13844260981574297,-0.021675298447812907,0.01105775051250045,2361.979286843666,318.3507849326004,0.01,0.1,0.001,0.0001,0.25,0.0
1776356853098082207,1.472999361992554,0.1398619852666715,-0.021497710795214304,0.010989752175970686,2364.3324641131767,318.2969215119296,0.01,0.1,0.001,0.0001,0.25,0.0
1776356853162390129,1.4715935898005326,0.14054143376991043,-0.02221641709780698,0.010138492454188875,2365.5664328053126,318.2969215119296,0.01,0.1,0.001,0.0001,0.25,0.0
1776356853260444221,1.469403213935986,0.14152013238495328,-0.022459248448172917,0.009823383817224592,2367.5228345482465,318.2969215119296,0.01,0.1,0.001,0.0001,0.25,0.0
1776356853363609048,1.5059777032803547,0.11673047424966959,-0.0026952080666890485,-0.015471640660136093,2381.8924616439335,318.82757628852664,0.01,0.1,0.001,0.0001,0.25,0.0
1776356853467350824,1.505698178508601,0.11494714970251806,-0.0026930078690049564,-0.01890433855340112,2383.3014594437586,318.82757628852664,0.01,0.1,0.001,0.0001,0.25,0.0
1776356853569253314,1.505486902815302,0.11291278982194254,-0.0014536839375071146,-0.02102388658482727,2384.7840635317802,317.71847437556517,0.01,0.1,0.001,0.0001,0.25,0.0
1776356853763015984,1.505278976639661,0.10842544853470817,-0.0006926616129844116,-0.025297289552354576,2387.8726364681725,317.13689993865717,0.01,0.1,0.001,0.0001,0.25,0.0
1776356853775813519,1.5052697186020116,0.1080998001717696,-0.000753070391191288,-0.02555584782224694,2388.0892470431972,317.13133705807684,0.01,0.1,0.001,0.0001,0.25,0.0
1776356853862750439,1.5051644283765473,0.10581656189062237,-0.0016690342154720328,-0.026967944718628154,2389.6005017998727,317.1209700524219,0.01,0.1,0.001,0.0001,0.25,0.0
1776356853965269320,1.5049827951485364,0.10296565853858548,-0.0018745386161997943,-0.028651744336224055,2391.4738687276995,317.08120972019145,0.01,0.1,0.001,0.0001,0.25,0.0
1776356854064193794,1.5048164560208528,0.10003825182270587,-0.001488400782189607,-0.030532715249673582,2393.375442040082,317.4362189549792,0.01,0.1,0.001,0.0001,0.25,0.0
1776356854166632172,1.5046427185196711,0.09675513725485003,-0.0019036470780750402,-0.033566754750470454,2395.44164251138,317.4362189549792,0.01,0.1,0.001,0.0001,0.25,0.0
1776356854268855038,1.5043461327949472,0.09323308243160369,-0.003898981729759973,-0.03534140594798722,2397.6020139053817,317.4486230838596,0.01,0.1,0.001,0.0001,0.25,0.0
1776356854367348187,1.503880653972636,0.08965675997310021,-0.005552981452841293,-0.037279015404440626,2399.776589237551,316.7837964139169,0.01,0.1,0.001,0.0001,0.25,0.0
1776356854468837943,1.5288841659194283,0.11197549844954219,0.009069299143662595,-0.030810297233596313,2426.2128588106657,317.62246263825114,0.01,0.1,0.001,0.0001,0.25,0.0
1776356854567423997,1.529716556716376,0.10884673381623941,0.007816069105058917,-0.032657899664567065,2427.2027208458994,318.3001318190261,0.01,0.1,0.001,0.0001,0.25,0.0
1776356854675490209,1.5304528021998554,0.105130252004092,0.005810135815893416,-0.03612560243311637,2428.3929704172006,318.29035290884093,0.01,0.1,0.001,0.0001,0.25,0.0
1776356854885969634,1.5316127659024963,0.09689034327639354,0.005212848135004534,-0.04217717674478908,2431.0273707290276,317.54740515276285,0.01,0.1,0.001,0.0001,0.25,0.0
1776356854897714677,1.5316737118839658,0.09639207727411599,0.005150021858449058,-0.04254482918982055,2431.186927716959,317.5085638076363,0.01,0.1,0.001,0.0001,0.25,0.0
1776356854968646125,1.5320500707042384,0.09333751463368277,0.005463305076278145,-0.04359390384702284,2432.176566597587,317.49960674657876,0.01,0.1,0.001,0.0001,0.25,0.0
1776356855066120465,1.532632780363766,0.08887314983133188,0.006491860973757769,-0.047999262058785436,2433.614133320098,317.1604509809259,0.01,0.1,0.001,0.0001,0.25,0.0
1776356855168594467,1.5333727827889583,0.08378079105756572,0.007951202800138496,-0.05139130751935134,2435.2218762449147,316.80760029970486,0.01,0.1,0.001,0.0001,0.25,0.0
1776356855268781789,1.534227749377925,0.07851794575781909,0.009117495615464008,-0.05367703127725974,2436.889337834038,316.4627198967119,0.01,0.1,0.001,0.0001,0.25,0.0
1776356855369181458,1.4060679570706167,0.0779294612553179,-0.11885390471075068,-0.03686177353871196,2448.044304143174,317.49248697396894,0.01,0.1,0.001,0.0001,0.25,0.0
1776356855468218014,1.394369044718554,0.07431485294253773,-0.11737746516548198,-0.03612653918623309,2448.571319827175,317.5269029973592,0.01,0.1,0.001,0.0001,0.25,0.0
1776356855567173035,1.382769888729718,0.07078264946958303,-0.1170643775027334,-0.03526626660718789,2449.190128935502,317.86478960684815,0.01,0.1,0.001,0.0001,0.25,0.0
1776356855665502535,1.3713430605461707,0.0673964849533018,-0.11536814101657526,-0.0336115299254662,2449.8964384472797,317.90607456001584,0.01,0.1,0.001,0.0001,0.25,0.0
1776356855768261956,1.3597078068492958,0.06398669737774972,-0.11112539966134515,-0.032763890934828906,2450.731700318073,317.47324393653327,0.01,0.1,0.001,0.0001,0.25,0.0
1776356855865680592,1.348959112158157,0.06075442283964562,-0.10950671505950665,-0.033583101624944746,2451.615533327258,316.80707917444977,0.01,0.1,0.001,0.0001,0.25,0.0
1776356855963136153,1.3383436114732266,0.05748355774124465,-0.1083267783668203,-0.03353610377649182,2452.5890199479145,316.80707917444977,0.01,0.1,0.001,0.0001,0.25,0.0
1776356856066325855,1.327251079044403,0.05393011672441636,-0.10666468995788966,-0.0353354101645479,2453.717106030381,316.69975772784727,0.01,0.1,0.001,0.0001,0.25,0.0
1776356856164517133,1.3168612607596277,0.050420040109519636,-0.10503494491447626,-0.0361847952308191,2454.8831707877425,316.6685345706811,0.01,0.1,0.001,0.0001,0.25,0.0
1776356856262337753,1.3066506047147741,0.046825690915149445,-0.10366339549568802,-0.037281073017455715,2456.135837895338,317.0037009172692,0.01,0.1,0.001,0.0001,0.25,0.0
1776356856365013449,1.4377977117155842,0.06167825925429192,0.03420291149423551,-0.013454624068741755,2464.201025761671,318.37800540867505,0.01,0.1,0.001,0.0001,0.25,0.0
1776356856463596383,1.4412955466131232,0.0603097961269706,0.03675282477472074,-0.014305493718498303,2464.7428830417534,318.63040317089775,0.01,0.1,0.001,0.0001,0.25,0.0
1776356856561130029,1.4449821333762523,0.05891194454791843,0.0388473847872261,-0.014360011558568858,2465.3687479892337,318.63040317089775,0.01,0.1,0.001,0.0001,0.25,0.0
1776356856664220362,1.449124199833209,0.057537663818707535,0.04151230299258931,-0.01230222852589961,2466.127529315254,318.63040317089775,0.01,0.1,0.001,0.0001,0.25,0.0
1776356856762336364,1.4533886768472932,0.05645087323556887,0.04541368242046668,-0.009850626810159371,2466.942615629959,318.29614625247825,0.01,0.1,0.001,0.0001,0.25,0.0
1776356856865176167,1.458144283188148,0.055405847767633985,0.04707228230670731,-0.010472793935607013,2467.8942107569605,317.8975720196823,0.01,0.1,0.001,0.0001,0.25,0.0
1776356856968316184,1.463109033447422,0.05429219745746028,0.04921691406879159,-0.011125974947006062,2468.948469669083,317.98967562879545,0.01,0.1,0.001,0.0001,0.25,0.0
1776356857064916500,1.4678988552801802,0.05317209117199125,0.04993759016432682,-0.012061439387385527,2470.0271855456776,317.98967562879545,0.01,0.1,0.001,0.0001,0.25,0.0
1776356857271027529,1.4788268545680794,0.05059836803490575,0.056106148755711245,-0.012913601076221888,2472.622432227912,317.19812024960225,0.01,0.1,0.001,0.0001,0.25,0.0
1776356857274402273,1.436114122436524,0.06306927323929903,0.00011639665796853209,0.0004877998864367616,2481.496691293528,316.8694353722376,0.01,0.1,0.001,0.0001,0.25,0.0
1776356857369306874,1.436136945325647,0.06309606179657554,0.00036457853177364417,0.00007674877125326017,2481.939421270935,316.8099397850682,0.01,0.1,0.001,0.0001,0.25,0.0
1776356857467273597,1.4363910380359424,0.06305877559937453,0.004822263053344867,-0.0008378788248001199,2482.4853685038315,316.6779362281552,0.01,0.1,0.001,0.0001,0.25,0.0
1776356857565198025,1.4369438732377469,0.06291067548797478,0.006469762389076542,-0.0021871641183635188,2483.121185638001,316.61454707301027,0.01,0.1,0.001,0.0001,0.25,0.0
1776356857667299509,1.437650832227783,0.0625859287575697,0.0073779408451505185,-0.004173878618648397,2483.880364472008,316.23352695429,0.01,0.1,0.001,0.0001,0.25,0.0
1776356857766099543,1.4384105694483433,0.06212884175808454,0.00800143621735939,-0.005078943442997588,2484.708526495607,316.57254421613305,0.01,0.1,0.001,0.0001,0.25,0.0
1776356857869333145,1.4393357449505926,0.06148410321315811,0.009923099667594623,-0.007412350540522223,2485.6721514621163,316.19212478376363,0.01,0.1,0.001,0.0001,0.25,0.0
1776356857966982043,1.440331324550782,0.06069471416064725,0.010467901911764891,-0.00875555146692777,2486.676200937744,316.19212478376363,0.01,0.1,0.001,0.0001,0.25,0.0
1776356858070007481,1.44146148273505,0.059695897582177956,0.011471502640394222,-0.01063415989691415,2487.832916898268,316.567813685155,0.01,0.1,0.001,0.0001,0.25,0.0
1776356858171652047,1.4426851855122806,0.05852562145537525,0.012606928627505112,-0.012393011249542398,2489.072001182543,316.91704585400555,0.01,0.1,0.001,0.0001,0.25,0.0
1776356858269200295,1.4439596158261925,0.0571967603976487,0.013521611854654867,-0.014851475610943691,2490.3527433476297,316.872343067034,0.01,0.1,0.001,0.0001,0.25,0.0
1776356858372830345,1.428811139546292,0.05816621303647138,-0.013349242036987714,-0.013945290023360486,2498.748926112262,316.4425721950741,0.01,0.1,0.001,0.0001,0.25,0.0
1776356858470543348,1.427526119045482,0.056658159001836794,-0.012949672092236365,-0.01691817365997067,2499.289063620134,316.7592184460329,0.01,0.1,0.001,0.0001,0.25,0.0
1776356858568646396,1.4262975375870333,0.054936119976462965,-0.012099053387798838,-0.018191328046952268,2499.9217950074617,316.7823767189721,0.01,0.1,0.001,0.0001,0.25,0.0
1776356858671010424,1.4251331259289688,0.0530412168611555,-0.010650584374434783,-0.018830252052500485,2500.6786068872198,316.7823767189721,0.01,0.1,0.001,0.0001,0.25,0.0
1776356858769316096,1.4241682483977387,0.05116474728306873,-0.008980145874712828,-0.019347098871184583,2501.4981740718104,316.08440948356144,0.01,0.1,0.001,0.0001,0.25,0.0
1776356858983082301,1.4226985836761188,0.045768237464898075,-0.004772111996165253,-0.031150265276198987,2503.594857296649,316.72288559556046,0.01,0.1,0.001,0.0001,0.25,0.0
1776356858996162473,1.4226376981824185,0.04535642481371021,-0.004512198112116034,-0.03164624219668583,2503.7375752374137,316.67514955216564,0.01,0.1,0.001,0.0001,0.25,0.0
1776356859071782188,1.4223204088136163,0.042867649483560664,-0.0038792572435585016,-0.03417521016428937,2504.5920731456604,316.9353175243745,0.01,0.1,0.001,0.0001,0.25,0.0
1776356859170117300,1.421986572551676,0.039403917183383604,-0.0029106788402509087,-0.03627405976504261,2505.7838113245625,316.97306934924217,0.01,0.1,0.001,0.0001,0.25,0.0
1776356859273544610,1.4217759029751262,0.035521800285348196,-0.001163108716761721,-0.03879572379404458,2507.135530581187,316.99395097317597,0.01,0.1,0.001,0.0001,0.25,0.0
1776356859371830056,1.3905200757848128,0.06740624522923017,-0.03514931389579296,0.006921677720403712,2515.5469951311666,315.6988301579124,0.01,0.1,0.001,0.0001,0.25,0.0
1776356859470018412,1.3869975990612164,0.06807284129808285,-0.03659513907763175,0.006655294979998243,2516.0865470904905,314.6936220085457,0.01,0.1,0.001,0.0001,0.25,0.0
1776356859572719093,1.3831499506881932,0.06872308429049441,-0.03834058929859144,0.006008656486962565,2516.748019703319,314.34190510812897,0.01,0.1,0.001,0.0001,0.25,0.0
1776356859671437490,1.3793383210528811,0.0693330754589477,-0.03888002025735534,0.006349283386135747,2517.477591986405,314.7811076634473,0.01,0.1,0.001,0.0001,0.25,0.0
1776356859773300119,1.3752877724372201,0.07001784581499479,-0.04064895895398367,0.007095583612880254,2518.3266605520616,314.84705926537015,0.01,0.1,0.001,0.0001,0.25,0.0
1776356859872093052,1.3712280558463201,0.0708315815927247,-0.04153875854601875,0.009378247681063087,2519.243657649169,314.5680167143461,0.01,0.1,0.001,0.0001,0.25,0.0
1776356859968985924,1.3671216772491008,0.07182098510065325,-0.0432349929908265,0.011047401139437014,2520.232245391989,314.5680167143461,0.01,0.1,0.001,0.0001,0.25,0.0
1776356860071246558,1.3625814811631989,0.07301971658173656,-0.045548363365577424,0.012393745949151162,2521.371892213806,314.9508535288169,0.01,0.1,0.001,0.0001,0.25,0.0
1776356860169464224,1.3579907098843302,0.07425655848688148,-0.04793089009623769,0.012791359323993275,2522.559176365186,314.980598266493,0.01,0.1,0.001,0.0001,0.25,0.0
1776356860272709015,1.3529775398955937,0.0757333083448654,-0.0491825149926774,0.01581573109895379,2523.905202794981,314.65840664778216,0.01,0.1,0.001,0.0001,0.25,0.0
1776356860370963198,1.4066887715835887,0.07440334568047191,0.007538930398164371,0.023069143955715694,2532.265698511273,314.6985005244248,0.01,0.1,0.001,0.0001,0.25,0.0
1776356860468320461,1.4072869835847364,0.07679538308005548,0.004749519484578314,0.026068004155724304,2532.798695533811,314.36417720002987,0.01,0.1,0.001,0.0001,0.25,0.0
1776356860573139488,1.4076681683929386,0.07970445901270602,0.0025243680104637596,0.02944389084458849,2533.472384334549,314.683784247871,0.01,0.1,0.001,0.0001,0.25,0.0
1776356860706434054,1.4077346545323501,0.08382972525437157,-0.0015267153177261294,0.03245747702981305,2534.478874345143,315.1415378757989,0.01,0.1,0.001,0.0001,0.25,0.0
1776356860769166201,1.4076077080030849,0.08593079907514048,-0.0025201894882063073,0.03452226469373855,2535.01064112734,314.84676516486854,0.01,0.1,0.001,0.0001,0.25,0.0
1776356860870615058,1.4072524979120884,0.08951138115843946,-0.004482052821498422,0.036061606633522314,2535.949009828899,315.1543163153973,0.01,0.1,0.001,0.0001,0.25,0.0
1776356860983033494,1.4067266619116245,0.09386146744875555,-0.004873794411569219,0.04133656075507573,2537.101908806352,314.8582787050351,0.01,0.1,0.001,0.0001,0.25,0.0
1776356861070536535,1.4062431609286064,0.09763150599170509,-0.006175846255721215,0.04482163263965058,2538.081989658033,314.5937379573086,0.01,0.1,0.001,0.0001,0.25,0.0
1776356861169143204,1.405480653391886,0.10217204098345628,-0.009290189771803417,0.0472746082299121,2539.272838900695,315.3102381969787,0.01,0.1,0.001,0.0001,0.25,0.0
1776356861272137368,1.404390519975927,0.10728719373518215,-0.011878287480313585,0.05205267876162281,2540.6145965698224,314.7326455845942,0.01,0.1,0.001,0.0001,0.25,0.0
1776356861370536246,1.4107767025783668,0.06250445097998229,0.002270497024493612,-0.004884546194005076,2548.9644281547876,316.0376965599528,0.01,0.1,0.001,0.0001,0.25,0.0
1776356861467626234,1.410947041356194,0.06208218881191703,0.00123805293534897,-0.003812991335076519,2549.494218411992,316.2567221739846,0.01,0.1,0.001,0.0001,0.25,0.0
1776356861570955685,1.4110418337723905,0.061751015070547324,0.0005968950432260037,-0.0025977175767439658,2550.1556021450638,315.98159159789276,0.01,0.1,0.001,0.0001,0.25,0.0
1776356861681639199,1.4110567367369797,0.061541324395492945,-0.0003275951270136615,-0.0011914400022073925,2550.9757135376567,315.895478524294,0.01,0.1,0.001,0.0001,0.25,0.0
1776356861767930067,1.4109770391040868,0.06146664250069252,-0.0015195744226562044,-0.0005394786835749351,2551.6952656564285,316.190387316653,0.01,0.1,0.001,0.0001,0.25,0.0
1776356861869593858,1.4108498139821894,0.06149977580016394,-0.0009834028218525135,0.0011913302469741514,2552.6332110964045,316.23073346333223,0.01,0.1,0.001,0.0001,0.25,0.0
1776356861968523204,1.4108225686693407,0.061669000360920184,0.0004324155776300326,0.002230930855475723,2553.639334350197,316.53284603449475,0.01,0.1,0.001,0.0001,0.25,0.0
1776356862071527309,1.4108882620492535,0.06194623441145341,0.0008428585278985271,0.003150880923502729,2554.785711676101,316.53284603449475,0.01,0.1,0.001,0.0001,0.25,0.0
1776356862169039170,1.410979163637047,0.062320215993879616,0.0010212511102124628,0.004518321443579944,2555.963441579688,316.46504106917064,0.01,0.1,0.001,0.0001,0.25,0.0
1776356862266866911,1.411103657164957,0.06283234130780314,0.0015238712028666935,0.005951472331580249,2557.2350804734074,316.4029555601592,0.01,0.1,0.001,0.0001,0.25,0.0
1776356862369928142,1.4129502072851903,0.060497321719049015,0.009731754416921774,-0.007457593471247354,2565.48194660553,317.69982385348794,0.01,0.1,0.001,0.0001,0.25,0.0
1776356862468125077,1.413894542307621,0.05964968961403984,0.00950009170433876,-0.00980485028416372,2566.022653146747,317.3860283513626,0.01,0.1,0.001,0.0001,0.25,0.0
1776356862570345479,1.4148387567992429,0.0584916925112163,0.008975508611317396,-0.01285386955999423,2566.6818602128596,317.71377776944877,0.01,0.1,0.001,0.0001,0.25,0.0
1776356862669497092,1.4157656766974975,0.05713999603751678,0.009720824571742476,-0.014410371592061653,2567.4154633909643,317.71377776944877,0.01,0.1,0.001,0.0001,0.25,0.0
1776356862771805880,1.416848215428307,0.05548952321402047,0.011441229752707803,-0.017853966447595876,2568.269622354948,317.33835088117314,0.01,0.1,0.001,0.0001,0.25,0.0
1776356862869370647,1.418101259187341,0.053616511221401916,0.014248089934704286,-0.020545653286224787,2569.1760547636713,316.97836741806776,0.01,0.1,0.001,0.0001,0.25,0.0
1776356862989925448,1.419893598650058,0.05095506445499795,0.015487029417236231,-0.023608056931085388,2570.420236684035,316.9463010468328,0.01,0.1,0.001,0.0001,0.25,0.0
1776356863073284702,1.421290716695805,0.048884454976119186,0.018028529969969537,-0.026063934042278532,2571.360857945139,316.6408200386216,0.01,0.1,0.001,0.0001,0.25,0.0
1776356863172562271,1.423197726648757,0.046214260655128195,0.020421664554375503,-0.027774007863046887,2572.565353815978,316.2786957425287,0.01,0.1,0.001,0.0001,0.25,0.0
1776356863270910845,1.425386420785002,0.043296470783539556,0.0240502552044085,-0.03151235604383557,2573.8523038072517,315.94025108597657,0.01,0.1,0.001,0.0001,0.25,0.0
1776356863373779318,1.3910270085793697,0.06630128693892642,-0.013358125499204485,-0.005599838461254612,2582.2227239420545,314.1175954770913,0.01,0.1,0.001,0.0001,0.25,0.0
1776356863471241731,1.3897647610357395,0.06567174434317774,-0.012539983981909125,-0.007316774567623404,2582.7601748139273,313.80384833045366,0.01,0.1,0.001,0.0001,0.25,0.0
1776356863570223196,1.388510543311938,0.06483489560132918,-0.012803948115450504,-0.009593397635082311,2583.3974659091664,313.1433899938875,0.01,0.1,0.001,0.0001,0.25,0.0
1776356863672988264,1.3871775403942332,0.06370586303225714,-0.013138607887381639,-0.012379540505671234,2584.156841490954,313.1251612696269,0.01,0.1,0.001,0.0001,0.25,0.0
1776356863771137251,1.386041324931644,0.062407829388208005,-0.010014381981720458,-0.014070865073156281,2584.975023973716,313.1251612696269,0.01,0.1,0.001,0.0001,0.25,0.0
1776356863873553551,1.385049699484323,0.06091694855874211,-0.009350146534151138,-0.015043156167383833,2585.925586764349,313.4768125359872,0.01,0.1,0.001,0.0001,0.25,0.0
1776356863971720130,1.3841722454144867,0.05929569410548064,-0.008525903549533037,-0.01798606644514458,2586.9294907241033,313.1179937199195,0.01,0.1,0.001,0.0001,0.25,0.0
1776356864074257738,1.3833885928157228,0.05737561079772028,-0.0067599165662079646,-0.01946681522200902,2588.075019448097,313.095287641637,0.01,0.1,0.001,0.0001,0.25,0.0
1776356864172736212,1.3828172028119923,0.055391109851349346,-0.004845518384739121,-0.02084014936056409,2589.2685521650073,313.07242545730657,0.01,0.1,0.001,0.0001,0.25,0.0
1776356864269915758,1.3823938108726528,0.05322286713450233,-0.003867465877714855,-0.023780125410231164,2590.5362014540206,313.02919484564364,0.01,0.1,0.001,0.0001,0.25,0.0
1776356864373014720,1.4159134708851415,0.06696234366986295,0.024165076905161204,0.0005807637222577195,2598.8496289634413,313.9337278841168,0.01,0.1,0.001,0.0001,0.25,0.0
1776356864474827753,1.4183143021782818,0.06703276891078912,0.02298880919750133,0.0008024337555797678,2599.4124065596257,313.61517789341895,0.01,0.1,0.001,0.0001,0.25,0.0
1776356864573397429,1.4205738703923325,0.0671472414726933,0.022862254688576816,0.0015204386925426663,2600.0504494359852,313.9848678809183,0.01,0.1,0.001,0.0001,0.25,0.0
1776356864672532700,1.4228743406490778,0.06728001679293302,0.023564364653847668,0.001159147897531096,2600.7844510912287,313.24320187859576,0.01,0.1,0.001,0.0001,0.25,0.0
1776356864773449368,1.425274279019965,0.06733862425628485,0.023984833652762678,2.022710417995009e-6,2601.62728290257,312.8672011583807,0.01,0.1,0.001,0.0001,0.25,0.0
1776356864871402838,1.4275988508797797,0.06731453722345686,0.023474624137594085,-0.0004937939210899225,2602.5370374129034,312.8965027510968,0.01,0.1,0.001,0.0001,0.25,0.0
1776356864974532688,1.4299770911719734,0.06720148775073691,0.02264645629283222,-0.001698568154789594,2603.592460755184,312.61221366006583,0.01,0.1,0.001,0.0001,0.25,0.0
1776356865072544986,1.432230236318994,0.06701093191658833,0.023355967489186207,-0.002192006870183728,2604.6876105226693,312.5384609191788,0.01,0.1,0.001,0.0001,0.25,0.0
1776356865181832518,1.434931660671485,0.06676159039377337,0.02607057303190822,-0.0023700638276839786,2606.0162657541123,312.91181853503554,0.01,0.1,0.001,0.0001,0.25,0.0
1776356865272921927,1.4374027407921042,0.06655011130484052,0.028172439035578485,-0.0022721420956638098,2607.2095813440487,312.83736238645247,0.01,0.1,0.001,0.0001,0.25,0.0
1776356865372102878,1.4184673475624996,0.06721892409226439,0.004414594185537605,0.004446247449417665,2615.5891223132953,313.1707833593224,0.01,0.1,0.001,0.0001,0.25,0.0
1776356865469738093,1.4190083943746408,0.06780277096674688,0.006667969353840387,0.007513013632102312,2616.1229746193108,313.5910755774497,0.01,0.1,0.001,0.0001,0.25,0.0
1776356865573368146,1.4197641168662605,0.06857994597545167,0.00791825678149761,0.007487268282765075,2616.7876434686723,314.34480899114936,0.01,0.1,0.001,0.0001,0.25,0.0
1776356865671390906,1.420586134206166,0.06934065033121034,0.008853471184722546,0.00803348279892063,2617.5094665752445,314.34480899114936,0.01,0.1,0.001,0.0001,0.25,0.0
1776356865769950633,1.421544178325299,0.07024802096408429,0.010588366556052688,0.010380024745021322,2618.3264800146644,313.96375556990546,0.01,0.1,0.001,0.0001,0.25,0.0
1776356865872146652,1.4226362248304318,0.07139881939677074,0.01078225556407314,0.012140333431830939,2619.2703096534897,314.40383937646067,0.01,0.1,0.001,0.0001,0.25,0.0
1776356865973949254,1.4237535920218432,0.07261179597085418,0.011170098029281605,0.011690409818384595,2620.3081717776527,314.960404175698,0.01,0.1,0.001,0.0001,0.25,0.0
1776356866072208431,1.424894610901553,0.07382863740565221,0.012053385358039044,0.01307631170441797,2621.4026024345208,315.3376644163108,0.01,0.1,0.001,0.0001,0.25,0.0
1776356866182044314,1.426266874433061,0.07535570194126794,0.012935616111759222,0.014731625363648622,2622.733424419799,315.3376644163108,0.01,0.1,0.001,0.0001,0.25,0.0
1776356866272287815,1.4274824813919897,0.07671178826380173,0.014003572385261556,0.015320740487535404,2623.9119255797473,315.64599408125633,0.01,0.1,0.001,0.0001,0.25,0.0
1776356866371477910,1.4212650731541079,0.06698673092659056,0.002058668699271694,0.0014567316194274925,2632.234966460627,315.34139543341325,0.01,0.1,0.001,0.0001,0.25,0.0
1776356866473849900,1.421470872009336,0.06710622208168858,0.0019618577698786326,0.0008776708308102974,2632.7969965266793,316.04355247713187,0.01,0.1,0.001,0.0001,0.25,0.0
1776356866571885211,1.4216649342602268,0.06723372621146315,0.001997240904220932,0.0017235637154026139,2633.4278709256973,316.04355247713187,0.01,0.1,0.001,0.0001,0.25,0.0
1776356866673757437,1.4217893911684838,0.0673790284105852,0.00044616875147842835,0.0011290926883361714,2634.179322138377,316.39281907447486,0.01,0.1,0.001,0.0001,0.25,0.0
1776356866881759553,1.422356850506009,0.06743500799656399,0.005010368123577453,-0.0005908079955934216,2636.0169960131248,316.9932116170403,0.01,0.1,0.001,0.0001,0.25,0.0
1776356866894594912,1.4224222965080502,0.06742696348557271,0.005179416657384471,-0.0006617029770028519,2636.1438491318163,317.0812595556258,0.01,0.1,0.001,0.0001,0.25,0.0
1776356866973273928,1.4228793964030457,0.06739935338698919,0.006441099968012607,-0.000040208384455268204,2636.9547223006857,316.5207287322077,0.01,0.1,0.001,0.0001,0.25,0.0
1776356867076558631,1.423490191169652,0.06731456210289298,0.005389490540524941,-0.0016021288058399958,2638.1076450177507,316.0815762604484,0.01,0.1,0.001,0.0001,0.25,0.0
1776356867174119839,1.4240755268266072,0.06707169055499321,0.006605119507936751,-0.0033747583431132933,2639.289710183585,315.6486981879218,0.01,0.1,0.001,0.0001,0.25,0.0
1776356867273137175,1.42483774542936,0.06668924385819773,0.008791352134971158,-0.004350492261988859,2640.5803561659786,316.32883783003757,0.01,0.1,0.001,0.0001,0.25,0.0
1776356867375183911,1.3761850265382576,0.08666864126903316,-0.04114848238914581,0.012287251884599754,2648.911240322845,315.98751941038574,0.01,0.1,0.001,0.0001,0.25,0.0
1776356867476197618,1.3720872664835195,0.08784558198339543,-0.03997363672580567,0.01101228824131335,2649.467888142445,315.6585485675974,0.01,0.1,0.001,0.0001,0.25,0.0
1776356867574889389,1.3681677077592642,0.08886001987513863,-0.03945890392754452,0.009545990061175727,2650.10436618887,315.67634767567495,0.01,0.1,0.001,0.0001,0.25,0.0
1776356867673582233,1.36429797738754,0.08972592225454629,-0.0389644349871199,0.008002249543188447,2650.8325177300812,316.01531404910827,0.01,0.1,0.001,0.0001,0.25,0.0
1776356867775931886,1.3603293620311256,0.09046189479224301,-0.0385836920394969,0.00637891031125784,2651.6846051841917,315.6637627192772,0.01,0.1,0.001,0.0001,0.25,0.0
1776356867873771513,1.356632592735821,0.090962916737957,-0.036985216327602266,0.0038629193732870474,2652.59127701249,315.682398420997,0.01,0.1,0.001,0.0001,0.25,0.0
1776356867982774635,1.3524908033687555,0.09129585376604343,-0.039007644183084486,0.0022457536885062725,2653.7075085745073,315.75197707825157,0.01,0.1,0.001,0.0001,0.25,0.0
1776356868074245615,1.3489107987129196,0.09146982282039445,-0.03927153453330414,0.0015581951902935269,2654.7304659820957,316.3796881440697,0.01,0.1,0.001,0.0001,0.25,0.0
1776356868173101044,1.3451187469165329,0.0915244688130261,-0.037445019865519354,-0.00045265853322623757,2655.9244837190686,316.4016872116414,0.01,0.1,0.001,0.0001,0.25,0.0
1776356868275862496,1.341290490893805,0.09147646824022244,-0.03707916632128652,-0.00048176267670740696,2657.262695269078,316.77998692588466,0.01,0.1,0.001,0.0001,0.25,0.0
1776356868374543374,1.4088301816736546,0.07087813983325422,0.02988960871589481,-0.0154429484559645,2665.630935396387,317.99393932292395,0.01,0.1,0.001,0.0001,0.25,0.0
1776356868476388110,1.411927578728768,0.06939755013057909,0.03092824901207095,-0.013628653372459314,2666.1898326729233,317.3320106252917,0.01,0.1,0.001,0.0001,0.25,0.0
1776356868579145600,1.4151088647213188,0.06809150650784145,0.030994732508447198,-0.01179317770627649,2666.8524267975667,317.2954479191563,0.01,0.1,0.001,0.0001,0.25,0.0
1776356868678001472,1.4181779674514792,0.06700551657565172,0.031098285913834105,-0.010178192689117932,2667.5835661863175,317.59840783677635,0.01,0.1,0.001,0.0001,0.25,0.0
1776356868775526011,1.4212033705491347,0.06604603824886451,0.030944094658021625,-0.009497968661781448,2668.394887483451,317.1954451007419,0.01,0.1,0.001,0.0001,0.25,0.0
1776356868878191318,1.4244076773794783,0.0651650170406838,0.0314856582420956,-0.0076670343290795185,2669.345469471992,317.2308773396674,0.01,0.1,0.001,0.0001,0.25,0.0
1776356869110145969,1.431494392143261,0.06344870953350121,0.029620664250657527,-0.00713209947642015,2671.85790911094,318.8193405321641,0.01,0.1,0.001,0.0001,0.25,0.0
1776356869176646248,1.4334691971750475,0.0629657847436032,0.02975725149017825,-0.007388355465800357,2672.6716678849198,318.7827414447181,0.01,0.1,0.001,0.0001,0.25,0.0
1776356869189373404,1.4338478548415543,0.06287168870629412,0.029750971527438882,-0.007399376220503149,2672.8321064165402,318.74244272591807,0.01,0.1,0.001,0.0001,0.25,0.0
1776356869279345253,1.436526678342948,0.062190872717206885,0.029793743929730575,-0.007733757533101882,2674.0099524856396,318.7651300925196,0.01,0.1,0.001,0.0001,0.25,0.0
1776356869377998090,1.3821857046717414,0.08091508133723102,-0.028502762405493615,0.01122787847502449,2682.383837399682,319.3020279087033,0.01,0.1,0.001,0.0001,0.25,0.0
1776356869475988760,1.3792717549317208,0.0819517022822823,-0.03096781157698912,0.009928437901258712,2682.9251170311113,319.3224528612888,0.01,0.1,0.001,0.0001,0.25,0.0
1776356869578130817,1.3760277654939481,0.08296289590371539,-0.03255296104671407,0.009871811556301017,2683.585445317649,319.6732041752622,0.01,0.1,0.001,0.0001,0.25,0.0
1776356869676520347,1.3726876416459197,0.08385954158507086,-0.03537426925795922,0.008363038548156596,2684.313990327325,319.33538479363256,0.01,0.1,0.001,0.0001,0.25,0.0
1776356869784743814,1.368847882093054,0.08470324415443112,-0.03555675013229053,0.007222490306698824,2685.221334252026,320.0323497379965,0.01,0.1,0.001,0.0001,0.25,0.0
1776356869876718498,1.365559566522497,0.08535839603546364,-0.035948666069252184,0.007023985411116272,2686.0788954851855,320.0323497379965,0.01,0.1,0.001,0.0001,0.25,0.0
1776356869987025020,1.3615517239642123,0.08597141045797368,-0.03672453832907667,0.004091651437967789,2687.212474366147,321.1945863181742,0.01,0.1,0.001,0.0001,0.25,0.0
1776356870077781659,1.3581875792710887,0.08626843744562993,-0.03740382852453432,0.002453288662679456,2688.2314093820346,321.17643258802923,0.01,0.1,0.001,0.0001,0.25,0.0
1776356870176203369,1.354602554439375,0.08639614859951683,-0.03544303072345287,0.0001417718705971358,2689.424179170396,320.83873806919183,0.01,0.1,0.001,0.0001,0.25,0.0
1776356870278249073,1.3510234087190618,0.08635269602286953,-0.03471199459970095,-0.0009934881328734324,2690.757034388607,320.7918237376156,0.01,0.1,0.001,0.0001,0.25,0.0
1776356870377364022,1.3721555382651782,0.08513098772529887,-0.00637279808517337,-0.0033422426942615463,2699.1326159157857,321.46132237260525,0.01,0.1,0.001,0.0001,0.25,0.0
1776356870479226268,1.3715129839965772,0.08467371191572035,-0.006242563948790538,-0.005635520226474549,2699.69305115258,321.13544550397626,0.01,0.1,0.001,0.0001,0.25,0.0
1776356870578188167,1.3709332776825454,0.08397406806700948,-0.005473972960177298,-0.008505093353429223,2700.3310594680006,320.7757254089336,0.01,0.1,0.001,0.0001,0.25,0.0
1776356870676743780,1.3704398223846386,0.0831024522684499,-0.004540549268562182,-0.00918407895178735,2701.058276903768,320.81737945232743,0.01,0.1,0.001,0.0001,0.25,0.0
1776356870777582998,1.3700781778644655,0.08210188468846974,-0.0026317553864648336,-0.010659649105048723,2701.897296265065,320.86620718449024,0.01,0.1,0.001,0.0001,0.25,0.0
1776356870982166503,1.3698149440443055,0.0796839484902126,0.00005829772879750641,-0.012978865206576096,2703.8938329158323,321.5668113115026,0.01,0.1,0.001,0.0001,0.25,0.0
1776356870994977212,1.3698168105698112,0.07951721766755875,0.00023280599709226733,-0.013024510342410537,2704.0321259520456,321.5668113115026,0.01,0.1,0.001,0.0001,0.25,0.0
1776356871076682556,1.369887410602249,0.07849662930844604,0.0014952482367081284,-0.011956101904296836,2704.949676961407,321.34676660159056,0.01,0.1,0.001,0.0001,0.25,0.0
1776356871179539271,1.3700963385931224,0.07729394489866125,0.0025674351167499793,-0.011430548733899057,2706.194172511701,320.9570311552742,0.01,0.1,0.001,0.0001,0.25,0.0
1776356871277509673,1.3703691593256409,0.07611432273168069,0.003002061194343121,-0.012650837042162884,2707.472467974041,320.9934355746202,0.01,0.1,0.001,0.0001,0.25,0.0
1776356871379893697,1.3531888281733162,0.0941807017737555,-0.015850819476345503,0.014695802055202548,2715.794348412257,320.5361788960304,0.01,0.1,0.001,0.0001,0.25,0.0
1776356871477561070,1.3516957568737136,0.09571865975651518,-0.014717869065832183,0.016791882811853762,2716.334096789107,320.5838282132027,0.01,0.1,0.001,0.0001,0.25,0.0
1776356871580846810,1.3501924144727475,0.097544974896711,-0.014393965229433153,0.018574234513213723,2717.0025554211866,319.36985960374454,0.01,0.1,0.001,0.0001,0.25,0.0
1776356871678662328,1.348913927577446,0.09953049108878788,-0.011746719207590024,0.022022780921538764,2717.728385866534,319.2131706514505,0.01,0.1,0.001,0.0001,0.25,0.0
1776356871781832923,1.3479294172952005,0.10198720505600295,-0.007338680428953107,0.02560228577663359,2718.5916854560373,320.0265874234587,0.01,0.1,0.001,0.0001,0.25,0.0
1776356871880899704,1.3473526018080721,0.10463475128706694,-0.004306559352340797,0.027848620762449025,2719.5149008413887,320.25403655081976,0.01,0.1,0.001,0.0001,0.25,0.0
1776356871982551525,1.3469896849174168,0.10753804428974537,-0.0028334456583217365,0.02927059060607467,2720.558322847824,320.5456225947756,0.01,0.1,0.001,0.0001,0.25,0.0
1776356872081548915,1.3469300059305385,0.11059843229174121,0.0016277209329153687,0.03255997449507606,2721.66803835436,320.3139388241889,0.01,0.1,0.001,0.0001,0.25,0.0
1776356872179123954,1.3472034950549163,0.11392523817723912,0.003977914005253741,0.035628694237851366,2722.852337467305,320.3139388241889,0.01,0.1,0.001,0.0001,0.25,0.0
1776356872281898259,1.3476220353550314,0.11765488428117787,0.00416641704538067,0.03694609142513869,2724.1968461749702,319.66713074325025,0.01,0.1,0.001,0.0001,0.25,0.0
1776356872378847722,1.3536259831832531,0.0955032199498354,0.003314620835388868,0.00955425398493219,2732.6277544475806,318.50627844642054,0.01,0.1,0.001,0.0001,0.25,0.0
1776356872481148262,1.353945342163697,0.09664682651321771,0.0029284646764587553,0.012801884418246822,2733.1892210671353,318.1563024083748,0.01,0.1,0.001,0.0001,0.25,0.0
1776356872590394929,1.3542910450435595,0.09813672890749349,0.003400755391295257,0.014475644009056921,2733.897548301601,318.1563024083748,0.01,0.1,0.001,0.0001,0.25,0.0
1776356872682232938,1.3546284824332075,0.09947492894983256,0.003947463557140833,0.014665723277396044,2734.580072372216,317.8423397984504,0.01,0.1,0.001,0.0001,0.25,0.0
1776356872780931687,1.3551484674787702,0.10096785134613943,0.0065898439474399275,0.015587805174256193,2735.4021227127314,317.8423397984504,0.01,0.1,0.001,0.0001,0.25,0.0
1776356872882992622,1.3558947578273775,0.10258857430613785,0.00803436446480988,0.016171670731826848,2736.348908877808,317.14520067740324,0.01,0.1,0.001,0.0001,0.25,0.0
1776356872981758777,1.356601469141714,0.10420006821480908,0.006276772954245098,0.01646161291471373,2737.3586463715574,317.1851161480364,0.01,0.1,0.001,0.0001,0.25,0.0
1776356873084030222,1.3572111782244987,0.10595117137407434,0.005646155404444389,0.01778140249395564,2738.501162836187,317.2700030404716,0.01,0.1,0.001,0.0001,0.25,0.0
1776356873297898505,1.35788853999456,0.11060342363150798,0.0006885080625403262,0.025726297109015448,2741.2089509662383,316.8969170230363,0.01,0.1,0.001,0.0001,0.25,0.0
1776356873301897397,1.3532438616829274,0.09275646448835353,-0.010986771458995516,-0.00233209028125255,2750.2141031682654,315.48360324634996,0.01,0.1,0.001,0.0001,0.25,0.0
1776356873383573715,1.3522297349797114,0.0926066988722423,-0.013844473461069788,-0.0013349728997775112,2750.592947030644,315.16255371587556,0.01,0.1,0.001,0.0001,0.25,0.0
1776356873481471556,1.350737313622085,0.0925058108071502,-0.016643942743456687,-0.0007260518254979106,2751.1299938283682,314.82490204996685,0.01,0.1,0.001,0.0001,0.25,0.0
1776356873583825738,1.3488320744856335,0.09250188294810022,-0.020586800993310242,0.0006492965715635198,2751.788127766721,314.80011144111614,0.01,0.1,0.001,0.0001,0.25,0.0
1776356873681362867,1.3466621153296283,0.09259290072189982,-0.023906759534537917,0.0012169619782602269,2752.5072928288405,314.7903301704299,0.01,0.1,0.001,0.0001,0.25,0.0
1776356873810286679,1.3434262449979837,0.09273656323769208,-0.02629385677012257,0.0010117882785475197,2753.595529659457,314.7705411458936,0.01,0.1,0.001,0.0001,0.25,0.0
1776356873882602400,1.3414396685238217,0.09274988817057592,-0.028643134162070035,-0.0006432992087673523,2754.274646808891,315.00655131302,0.01,0.1,0.001,0.0001,0.25,0.0
1776356873980921248,1.3385658792464132,0.09257543837333605,-0.029816639872068222,-0.002905428530985527,2755.276937578138,316.07394500469667,0.01,0.1,0.001,0.0001,0.25,0.0
1776356874084424044,1.3353658798269201,0.09222213124841869,-0.032018699208269115,-0.003921718291505385,2756.4306471631617,316.4299121071148,0.01,0.1,0.001,0.0001,0.25,0.0
1776356874181924781,1.3320607535482059,0.09173291141551597,-0.03577622982252332,-0.006113185386969878,2757.6100122733296,317.10148816409225,0.01,0.1,0.001,0.0001,0.25,0.0
1776356874284226424,1.3282492133958543,0.09102503994943205,-0.038739365793068664,-0.0077256991075256585,2758.9439382854407,317.451402133536,0.01,0.1,0.001,0.0001,0.25,0.0
1776356874382652283,1.3513117990995156,0.09566008503575565,-0.004857030674588236,-0.009649930248182923,2767.2439213550065,317.0278339207277,0.01,0.1,0.001,0.0001,0.25,0.0
1776356874485679202,1.3508073879240685,0.09456316529462601,-0.004936333444003587,-0.011647247444659704,2767.809256247351,317.0278339207277,0.01,0.1,0.001,0.0001,0.25,0.0
1776356874582659212,1.3503080258363567,0.09333486364597764,-0.00535999354416429,-0.01367905530399343,2768.433090550122,317.3613458190726,0.01,0.1,0.001,0.0001,0.25,0.0
1776356874685566172,1.3497924360140718,0.09171174821647823,-0.004660759742252648,-0.017867027592505292,2769.19198724815,317.38374785111426,0.01,0.1,0.001,0.0001,0.25,0.0
1776356874794215475,1.3492548231805328,0.0896533511514034,-0.00523588707806603,-0.020024978509597186,2770.101649742233,317.0104232758092,0.01,0.1,0.001,0.0001,0.25,0.0
1776356874885874352,1.3487377565445853,0.08770784343861641,-0.00604587136360753,-0.02242360845415363,2770.9557125053293,316.9884531155865,0.01,0.1,0.001,0.0001,0.25,0.0
1776356874984665701,1.3481245827430632,0.08541853976898471,-0.0063686575787210015,-0.023926425734974183,2771.964762961245,315.9275933702684,0.01,0.1,0.001,0.0001,0.25,0.0
1776356875082306801,1.3474332288228184,0.0829543649649607,-0.007791229719680854,-0.026543292432209063,2773.052656900036,315.9275933702684,0.01,0.1,0.001,0.0001,0.25,0.0
1776356875185476638,1.3465696272540129,0.08004632667496889,-0.008949692224738298,-0.02982904845118653,2774.2998906391913,315.9454176369608,0.01,0.1,0.001,0.0001,0.25,0.0
1776356875284425720,1.3456647445485501,0.07704313060077615,-0.00934124477654235,-0.030876355535350477,2775.59042275913,315.62495429569833,0.01,0.1,0.001,0.0001,0.25,0.0
1776356875382157890,1.352258306889546,0.09640186510468694,0.005116959932302107,-0.0004083480071509362,2783.939852805218,316.7595244863537,0.01,0.1,0.001,0.0001,0.25,0.0
1776356875483612496,1.3528605849289923,0.0963402173890992,0.006754512831427154,-0.0008067870776661407,2784.495861310446,316.3169435111573,0.01,0.1,0.001,0.0001,0.25,0.0
1776356875593383913,1.353744318430522,0.09638480704269428,0.009347895652454372,0.00161925012800858,2785.206649258152,316.8093701712911,0.01,0.1,0.001,0.0001,0.25,0.0
1776356875684440450,1.3546720025552115,0.09657835684850932,0.01102725770195686,0.002631773329484059,2785.8825770983594,317.31625370244734,0.01,0.1,0.001,0.0001,0.25,0.0
1776356875787265019,1.3559767170959158,0.09692055964489349,0.014352431418201467,0.004024855624455448,2786.7397914486774,317.66432486587746,0.01,0.1,0.001,0.0001,0.25,0.0
1776356875885842185,1.3575355353033223,0.09740698681665717,0.017273252098433785,0.005843897328902781,2787.655389576785,317.60620159672277,0.01,0.1,0.001,0.0001,0.25,0.0
1776356875993529751,1.3595577316384648,0.0981853763116293,0.020282152487173213,0.008612034521455248,2788.7604236703837,317.00649197103553,0.01,0.1,0.001,0.0001,0.25,0.0
1776356876086510085,1.3615388069018,0.0990974356766768,0.022329524519318127,0.011005786059839543,2789.8025216460505,317.1167760081626,0.01,0.1,0.001,0.0001,0.25,0.0
1776356876189610549,1.3640406869290809,0.10038252342421242,0.02620352386262371,0.013923157433094184,2791.0532950710194,317.30768143092473,0.01,0.1,0.001,0.0001,0.25,0.0
1776356876287124147,1.36666001422419,0.10186993341906256,0.0275181314192018,0.016583197063071348,2792.3285066690655,317.3657499287991,0.01,0.1,0.001,0.0001,0.25,0.0
1776356876389464466,1.3510293441467511,0.09808280519727955,0.008070908504832454,0.01778764429505342,2800.6936082260404,316.93905853946916,0.01,0.1,0.001,0.0001,0.25,0.0
1776356876486910659,1.351858699685388,0.09997034389385695,0.00894948655013163,0.02094924573654416,2801.230550523019,316.88725199454905,0.01,0.1,0.001,0.0001,0.25,0.0
1776356876586557199,1.3527599246413715,0.10222251267473559,0.009140686046720315,0.02425824845549363,2801.872212529956,317.1740721614837,0.01,0.1,0.001,0.0001,0.25,0.0
1776356876798246534,1.354964598309216,0.10835051977129888,0.011690108710168106,0.033642047610574544,2803.547215511851,315.9541399426673,0.01,0.1,0.001,0.0001,0.25,0.0
1776356876810655214,1.3551102220025815,0.10877129536127265,0.01175973685206022,0.03411562542467424,2803.6586753909696,315.97595778565056,0.01,0.1,0.001,0.0001,0.25,0.0
1776356876889959253,1.356068346084737,0.11159420946921493,0.012403528829581633,0.03707643086224659,2804.4047410530065,316.4752075706934,0.01,0.1,0.001,0.0001,0.25,0.0
1776356876986984569,1.357239292577463,0.11532988054593604,0.011731385710232203,0.03992119690776698,2805.3983646288484,316.57175937687373,0.01,0.1,0.001,0.0001,0.25,0.0
1776356877089499916,1.3584641402032072,0.1195773922780077,0.012164588548128604,0.04294497262903471,2806.544539255058,316.57175937687373,0.01,0.1,0.001,0.0001,0.25,0.0
1776356877187873154,1.3596691621655892,0.1239612612619098,0.012335631322230468,0.04618680865081658,2807.737517132433,316.5227890366582,0.01,0.1,0.001,0.0001,0.25,0.0
1776356877290817692,1.3478969248705057,0.09462084083569913,-0.009070791968890548,-0.000015215533025180996,2814.79602950094,316.01953155019123,0.01,0.1,0.001,0.0001,0.25,0.0
1776356877389051045,1.3469630082579236,0.09460462941004016,-0.009942881591282865,-0.0003148340145168256,2815.3204179155687,316.0693558692479,0.01,0.1,0.001,0.0001,0.25,0.0
1776356877487234917,1.34594199838386,0.09459481440407384,-0.010853800937374055,0.0001149147304006707,2815.935657764163,316.15511441331836,0.01,0.1,0.001,0.0001,0.25,0.0
1776356877595750989,1.3446488244133206,0.09460325069088325,-0.01298623382825322,0.00004061064778593667,2816.721290595904,316.4645401368157,0.01,0.1,0.001,0.0001,0.25,0.0
1776356877687260507,1.3433575894591694,0.09462556652419808,-0.015227374686168103,0.0004469924664216519,2817.4704354362257,315.89395714717256,0.01,0.1,0.001,0.0001,0.25,0.0
1776356877785853720,1.341808182949183,0.09470815267015445,-0.016203266568868835,0.0012283170856296154,2818.365684551179,315.8004601842319,0.01,0.1,0.001,0.0001,0.25,0.0
1776356877888419917,1.3401116113176368,0.09487439366310176,-0.016880232023124157,0.0020134167461987457,2819.3943372402505,316.1222787539386,0.01,0.1,0.001,0.0001,0.25,0.0
1776356877999054412,1.3381708669597425,0.09515157795089078,-0.01820759524504749,0.002997956530158637,2820.615168336533,315.80452185369995,0.01,0.1,0.001,0.0001,0.25,0.0
1776356878089207797,1.3365612965729947,0.09538280776687837,-0.01749505773197548,0.0021310629561069544,2821.6957247032783,315.780510103407,0.01,0.1,0.001,0.0001,0.25,0.0
1776356878187372999,1.3347872741272486,0.09559375857934785,-0.01864674644336962,0.0021665957196239077,2822.959345126753,315.08112291154674,0.01,0.1,0.001,0.0001,0.25,0.0
1776356878289281414,1.3328313148805158,0.0957776188300597,-0.019741090692699283,0.001441862571065005,2824.367066918069,315.08112291154674,0.01,0.1,0.001,0.0001,0.25,0.0
1776356878388707304,1.3535213224680236,0.0976785178252198,0.0017319531984614626,-0.007809771123885114,2833.9200702739427,315.32340133252205,0.01,0.1,0.001,0.0001,0.25,0.0
1776356878486438148,1.3537337484294623,0.09676215753465381,0.0026148846340796803,-0.010941560174296271,2834.474316016263,315.3088346485534,0.01,0.1,0.001,0.0001,0.25,0.0
1776356878588640240,1.3539363498964538,0.09553008318951112,0.0013500016593722146,-0.013169986282448832,2835.150163746546,315.2946278536049,0.01,0.1,0.001,0.0001,0.25,0.0
1776356878686587041,1.3540497972468057,0.09409300892564053,0.0009664794236637889,-0.016173628503183466,2835.8904116231583,315.3082439713997,0.01,0.1,0.001,0.0001,0.25,0.0
1776356878789620054,1.3541237435375195,0.09227087402720315,0.0004689252649490973,-0.01919665107754354,2836.7666738733938,315.2795917013347,0.01,0.1,0.001,0.0001,0.25,0.0
1776356878931046295,1.3541307414212265,0.08922358728006699,-0.0003699553301631473,-0.023900631368183087,2838.1322764885062,315.2619757173435,0.01,0.1,0.001,0.0001,0.25,0.0
1776356878985349957,1.3541115339842602,0.08788743439239573,-0.00033734636040374784,-0.025302351724784383,2838.7068792076825,315.07514889435123,0.01,0.1,0.001,0.0001,0.25,0.0
1776356879087721874,1.3540818836340218,0.08512292137047295,-0.00024187773478568639,-0.02870283003134856,2839.8656422876675,315.0547527080952,0.01,0.1,0.001,0.0001,0.25,0.0
1776356879186867768,1.3541344292818227,0.08212194341116424,0.001301951444979493,-0.031839916564664526,2841.081762966512,315.0547527080951,0.01,0.1,0.001,0.0001,0.25,0.0
1776356879290119919,1.3542570736729969,0.07859782057888702,0.0010735801841718125,-0.036419750044918806,2842.4469609987987,314.35059107888554,0.01,0.1,0.001,0.0001,0.25,0.0
1776356879387069725,1.3536963843370595,0.0933217936346508,0.004488867772137363,-0.014707556136980228,2851.0043821612585,314.4948696458358,0.01,0.1,0.001,0.0001,0.25,0.0
1776356879486250840,1.354150023057984,0.09173905078671946,0.004659483555237977,-0.01721098821536289,2851.546443990078,314.4802736189272,0.01,0.1,0.001,0.0001,0.25,0.0
1776356879588182398,1.35461604643805,0.08986535636951712,0.004484337044742985,-0.01955267288605417,2852.200101248533,314.85439090089443,0.01,0.1,0.001,0.0001,0.25,0.0
1776356879690692830,1.355047760521737,0.0876399483011445,0.0039388741190151694,-0.02386745815377604,2852.956089400995,315.49913429236864,0.01,0.1,0.001,0.0001,0.25,0.0
1776356879789755763,1.3554369405215243,0.08509076389408325,0.003918485504445987,-0.02759936605030438,2853.780798280065,315.1580212633998,0.01,0.1,0.001,0.0001,0.25,0.0
1776356879887199796,1.3558059310440038,0.082209771676819,0.003654400210167814,-0.031527965078508455,2854.6823038361695,315.1580212633998,0.01,0.1,0.001,0.0001,0.25,0.0
1776356879989271868,1.3561909722596386,0.07878586552703178,0.003890307427698299,-0.03556191992780956,2855.722416874301,315.15147760897344,0.01,0.1,0.001,0.0001,0.25,0.0
1776356880087011075,1.3565913965037213,0.07513244463819999,0.004302908416825212,-0.03919196012671711,2856.8104993327465,314.83142487018733,0.01,0.1,0.001,0.0001,0.25,0.0
1776356880190453847,1.3570491404288363,0.07093886234818216,0.004547235556095003,-0.041887886033172964,2858.0602225840885,314.45725807503777,0.01,0.1,0.001,0.0001,0.25,0.0
1776356880289486703,1.357494420039843,0.0665841179756702,0.004445998699630288,-0.04606412276698679,2859.351166098306,314.1103361173781,0.01,0.1,0.001,0.0001,0.25,0.0
1776356880390934622,1.3516489586201483,0.10889075047604552,-0.0007044032121091728,0.011759243126372144,2867.6759987031064,313.152027059482,0.01,0.1,0.001,0.0001,0.25,0.0
1776356880489879407,1.351620996039216,0.11002755343075708,0.00013913889386794312,0.011221258878267327,2868.2200691582116,312.81282377626417,0.01,0.1,0.001,0.0001,0.25,0.0
1776356880587479857,1.3516953386790873,0.11116177817952727,0.001384220838709425,0.012020212139714631,2868.8469742089383,312.5350472506266,0.01,0.1,0.001,0.0001,0.25,0.0
1776356880690223741,1.35184654377415,0.1123582725295424,0.001559607371315263,0.011274464664979514,2869.60358840052,313.30017802729003,0.01,0.1,0.001,0.0001,0.25,0.0
1776356880789148637,1.3519635805551748,0.11345900404121244,0.0008062566349396662,0.010976498162331517,2870.426109085108,314.00579689454963,0.01,0.1,0.001,0.0001,0.25,0.0
1776356880886662312,1.352090004857347,0.11454530454363472,0.0017865278448911765,0.011301996041079555,2871.3270066018795,313.6716329317023,0.01,0.1,0.001,0.0001,0.25,0.0
1776356880989888868,1.3521668305966803,0.11563487448060077,-0.00029779772220864557,0.009811703612248666,2872.378058588622,313.3179640412672,0.01,0.1,0.001,0.0001,0.25,0.0
1776356881087368282,1.3521581018903301,0.11655303470552206,0.00011873935412451783,0.0090231918369637,2873.4630263298372,313.2658501424631,0.01,0.1,0.001,0.0001,0.25,0.0
1776356881190504984,1.3521554430625284,0.11743276276389934,-0.00017029815782443233,0.008036102579173924,2874.708177843267,313.3209801418414,0.01,0.1,0.001,0.0001,0.25,0.0
1776356881288121597,1.3521031973393562,0.11818224218138057,-0.0009001110553591249,0.0073192150402334,2875.9788909226504,313.37121440858533,0.01,0.1,0.001,0.0001,0.25,0.0
1776356881385113469,1.3682001646988118,0.08990844592954371,0.014322057224065378,-0.0092722089839323,2884.305275649172,313.03376099961366,0.01,0.1,0.001,0.0001,0.25,0.0
1776356881487732629,1.3696761787612004,0.08911341030819336,0.014446389158268005,-0.006223537450792194,2884.8657966906703,312.999612723719,0.01,0.1,0.001,0.0001,0.25,0.0
1776356881590226646,1.3710511914842485,0.08857746711074832,0.012384533591129844,-0.004234438892027443,2885.524518758087,312.999612723719,0.01,0.1,0.001,0.0001,0.25,0.0
1776356881689284034,1.3722142625807328,0.0881668531608786,0.011098309948921265,-0.004056011424638712,2886.2551055108574,312.6306737331239,0.01,0.1,0.001,0.0001,0.25,0.0
1776356882022219401,1.3740146016332733,0.08825570795936917,-0.0002829070710885385,0.004589800014042422,2889.3877582743403,311.63904674760374,0.01,0.1,0.001,0.0001,0.25,0.0
1776356882086265786,1.3739433333316236,0.08858488965848292,-0.0019422283494347561,0.005687894859130805,2890.1102936683214,311.599391518472,0.01,0.1,0.001,0.0001,0.25,0.0
1776356882098722480,1.3739171939981745,0.08865756176322642,-0.0022533822059629806,0.00597666614963509,2890.255330373046,311.4657544802027,0.01,0.1,0.001,0.0001,0.25,0.0
1776356882111992078,1.373884803764985,0.08873964932607631,-0.0026284001863540905,0.006395384912911956,2890.411397282851,311.51981450828396,0.01,0.1,0.001,0.0001,0.25,0.0
1776356882189237674,1.3735691151771576,0.08928663322558028,-0.005546162049684754,0.007768427467447085,2891.352699390508,311.23882606844364,0.01,0.1,0.001,0.0001,0.25,0.0
1776356882287800202,1.3728470048592574,0.09010405259809605,-0.009105331368326999,0.008816870179308803,2892.635713341501,311.20343971996755,0.01,0.1,0.001,0.0001,0.25,0.0
1776356882389922594,1.3888926656605616,0.08737388437949695,0.008240138883504201,0.001955677483874746,2900.93212478785,310.17312356583653,0.01,0.1,0.001,0.0001,0.25,0.0
1776356882487577944,1.3896366803247517,0.08755545947255518,0.006996283685024526,0.001762736922334122,2901.4760460972257,310.19177430292234,0.01,0.1,0.001,0.0001,0.25,0.0
1776356882587044835,1.3902268975620753,0.0877162338203828,0.0048724971473388425,0.0014703023336604362,2902.1223020842594,310.800126684309,0.01,0.1,0.001,0.0001,0.25,0.0
1776356882689271133,1.390678962748824,0.08783268423324025,0.003971847888088326,0.0008079700505424962,2902.8836971991504,310.8374610101662,0.01,0.1,0.001,0.0001,0.25,0.0
1776356882787774107,1.3909911848609273,0.08800731942315705,0.0023677021860551302,0.002737930410276909,2903.7103736457975,310.5556218823841,0.01,0.1,0.001,0.0001,0.25,0.0
1776356882889384439,1.3910766895118227,0.08839151056200822,-0.0006847983476779081,0.004823725423316733,2904.6589750126427,310.92388875441185,0.01,0.1,0.001,0.0001,0.25,0.0
1776356882987622976,1.3908896691993957,0.08892899839507111,-0.003122807925134684,0.006119161037368123,2905.6687005211575,310.567868471733,0.01,0.1,0.001,0.0001,0.25,0.0
1776356883090036006,1.3903985875651526,0.08958704357118462,-0.006467512278322886,0.006731785744617096,2906.8183012811323,310.567868471733,0.01,0.1,0.001,0.0001,0.25,0.0
1776356883188318908,1.389657325843323,0.09033898090104814,-0.008615832578801077,0.008568788564389826,2908.014595422524,310.9221086175005,0.01,0.1,0.001,0.0001,0.25,0.0
1776356883286295911,1.388762938508525,0.09118894985319326,-0.00964286251392418,0.008783116289009433,2909.2975947415453,310.9042243943223,0.01,0.1,0.001,0.0001,0.25,0.0
1776356883389128669,1.3429521957889392,0.10765834459540542,-0.0423679880633383,0.01905867494701951,2917.665143290148,310.767917923356,0.01,0.1,0.001,0.0001,0.25,0.0
1776356883487893984,1.3387235261328265,0.10951368012792605,-0.04326527597931558,0.018513055754240147,2918.2115593027734,310.4299436812826,0.01,0.1,0.001,0.0001,0.25,0.0
1776356883595619625,1.3340743334635792,0.11150697319115914,-0.04304979957424619,0.018493636287457964,2918.9123540064766,310.13693320700105,0.01,0.1,0.001,0.0001,0.25,0.0
1776356883687954858,1.3301172616860797,0.11325969217320024,-0.04266231836581822,0.019471117589062746,2919.600119089554,310.4524449062533,0.01,0.1,0.001,0.0001,0.25,0.0
1776356883786253649,1.3259831471597172,0.11517080872936086,-0.041467428665593484,0.019420343059175782,2920.4205621850756,310.4928919878841,0.01,0.1,0.001,0.0001,0.25,0.0
1776356883888723750,1.3216893775522602,0.11725084489791777,-0.042320761950611796,0.021169274669024924,2921.373222034395,310.7161961238715,0.01,0.1,0.001,0.0001,0.25,0.0
1776356883986984745,1.317545104707833,0.11941951896024436,-0.04202969450923279,0.022970832398455907,2922.379633059442,311.0520794905649,0.01,0.1,0.001,0.0001,0.25,0.0
1776356884084888970,1.3134187007092293,0.12182553007395795,-0.04226834589629583,0.026181413030883137,2923.472714931222,311.1329762351874,0.01,0.1,0.001,0.0001,0.25,0.0
1776356884187681262,1.3089690522733812,0.12465328519215292,-0.04430619842073152,0.02883677870435103,2924.717547463075,310.908508222036,0.01,0.1,0.001,0.0001,0.25,0.0
1776356884287202478,1.3045192543059987,0.1275717687936282,-0.045123666583230936,0.029817478502237427,2926.0176529149912,310.8716284916185,0.01,0.1,0.001,0.0001,0.25,0.0
1776356884387885551,1.3461711746351566,0.09993102356891681,0.004452334360439683,-0.0022011470125856717,2934.382743307517,309.6784113980492,0.01,0.1,0.001,0.0001,0.25,0.0
1776356884486511884,1.3466317848234726,0.09974797498736829,0.004887657777308459,-0.001510608297777908,2934.924499564657,309.94482678320367,0.01,0.1,0.001,0.0001,0.25,0.0
1776356884589855865,1.347147607784581,0.09967347546157775,0.0050955419713544755,0.00006874994089236782,2935.5906538712898,310.29906040549906,0.01,0.1,0.001,0.0001,0.25,0.0
1776356884688143374,1.3476047480306168,0.09970851447599727,0.004206641159864359,0.0006442464134964094,2936.3177774663886,310.2684465915836,0.01,0.1,0.001,0.0001,0.25,0.0
1776356884790592546,1.3480685718426728,0.09984318463032657,0.004847889608161831,0.001984715326316703,2937.172683440401,309.86016924346,0.01,0.1,0.001,0.0001,0.25,0.0
1776356884888675802,1.348468862878349,0.10003189044621748,0.0033145196626766247,0.001863220210105059,2938.0838128903165,309.5494331702033,0.01,0.1,0.001,0.0001,0.25,0.0
1776356884991099549,1.3486632470453586,0.10023761223315013,0.00048110067840585226,0.0021537828776347244,2939.13200963363,309.9288583713309,0.01,0.1,0.001,0.0001,0.25,0.0
1776356885089514922,1.3485840971270615,0.10052658263542823,-0.0020896014868798636,0.0037187326686860065,2940.2322815882567,310.26660351073167,0.01,0.1,0.001,0.0001,0.25,0.0
1776356885191776651,1.3482944663009753,0.10095830386246676,-0.0035751947980614328,0.004725164122641125,2941.4722792411153,310.6799956216615,0.01,0.1,0.001,0.0001,0.25,0.0
1776356885290256040,1.3479192064542231,0.10158345442594854,-0.004045211400503833,0.007969775850883123,2942.7598448514823,311.08650248700883,0.01,0.1,0.001,0.0001,0.25,0.0
1776356885390904277,1.3419692666882939,0.11268299907117697,-0.007813790105402485,0.014770971942944387,2951.1364956758384,310.66397167561246,0.01,0.1,0.001,0.0001,0.25,0.0
1776356885489129377,1.3411793964091587,0.11414869510927858,-0.008267481603058005,0.015069695383514471,2951.676509139107,310.66397167561246,0.01,0.1,0.001,0.0001,0.25,0.0
1776356885592537778,1.3403128269232716,0.11580625550964078,-0.008502247136394563,0.017007176391946384,2952.342814887128,310.34573746652745,0.01,0.1,0.001,0.0001,0.25,0.0
1776356885690157894,1.3395180393148054,0.1175583863839046,-0.007773735422931806,0.018873669317521043,2953.06501750373,310.04712341446464,0.01,0.1,0.001,0.0001,0.25,0.0
1776356885793317987,1.338708220888875,0.11962032315895425,-0.007927195861336023,0.02110359790798715,2953.9255888367798,309.69415948061663,0.01,0.1,0.001,0.0001,0.25,0.0
1776356885891552420,1.3379127074177242,0.12179455667330155,-0.008268122171881696,0.023160144341901476,2954.838572348273,309.35810696093773,0.01,0.1,0.001,0.0001,0.25,0.0
1776356885993206611,1.337002810058784,0.12420383650223095,-0.009634213406770066,0.024242714427373187,2955.8791974290616,309.3180939828659,0.01,0.1,0.001,0.0001,0.25,0.0
1776356886091723421,1.3360848302165027,0.12672895054360625,-0.009000729251892638,0.02701696819340704,2956.9807479497676,309.6547800081736,0.01,0.1,0.001,0.0001,0.25,0.0
1776356886194103977,1.3351762521236268,0.1297386507103068,-0.008748114430254613,0.03177676479196066,2958.222262400156,309.44301384883806,0.01,0.1,0.001,0.0001,0.25,0.0
1776356886293115384,1.334263458290783,0.13302957394293857,-0.009690161022712307,0.03469930776079559,2959.5167720658233,309.48624250784627,0.01,0.1,0.001,0.0001,0.25,0.0
1776356886391644417,1.3479880598776885,0.0974313839732375,0.007082296271668855,-0.008901574591946307,2967.907965657004,309.49304000722117,0.01,0.1,0.001,0.0001,0.25,0.0
1776356886493419674,1.3486985944162708,0.09657138766547206,0.006879423802167146,-0.007997009588789657,2968.4669637040693,309.4527307385801,0.01,0.1,0.001,0.0001,0.25,0.0
1776356886592620576,1.349352723796161,0.09576029293585006,0.0063091443597847255,-0.0083562967391071,2969.105826793556,309.66702019903073,0.01,0.1,0.001,0.0001,0.25,0.0
1776356886713540193,1.3501066939680362,0.09472463038139267,0.006162662235588067,-0.008775127764247975,2970.0099591337002,309.61883558526296,0.01,0.1,0.001,0.0001,0.25,0.0
1776356886793493035,1.350605776726019,0.09398582916860307,0.006320450412967885,-0.00970384915216611,2970.68356262938,309.61883558526296,0.01,0.1,0.001,0.0001,0.25,0.0
1776356887198452764,1.3546338191504912,0.09098194506547104,0.013574649993885517,-0.005132781038041506,2975.0211413578127,309.79539016845183,0.01,0.1,0.001,0.0001,0.25,0.0
1776356887211770525,1.354816203754825,0.09091471328206342,0.013749340612382612,-0.0049395637466611,2975.1904948507927,309.76268247602763,0.01,0.1,0.001,0.0001,0.25,0.0
1776356887224879291,1.3549980971487445,0.09085093529174756,0.013999602714698004,-0.004790156506806759,2975.3584391719787,309.81357006777415,0.01,0.1,0.001,0.0001,0.25,0.0
1776356887293397818,1.3559609718028836,0.09055393847409816,0.014106585081002338,-0.003879142550652446,2976.262524011315,309.88058033737167,0.01,0.1,0.001,0.0001,0.25,0.0
1776356887301552647,1.344297979023105,0.10014637396226529,0.002475052331426517,-0.0018824046775253443,2985.0285136758093,309.99746077203883,0.01,0.1,0.001,0.0001,0.25,0.0
1776356887394200172,1.3446157771275424,0.09991335769962668,0.004384259652108586,-0.003146987318080598,2985.484343558987,310.03626357528674,0.01,0.1,0.001,0.0001,0.25,0.0
1776356887493198540,1.34516557732764,0.09968974062901197,0.00672324761693897,-0.0013707051762021812,2986.0606076427603,310.03626357528674,0.01,0.1,0.001,0.0001,0.25,0.0
1776356887590854111,1.345795756354223,0.09960973939412288,0.006184036799492511,-0.0002678747333482651,2986.719394447804,310.41215464124843,0.01,0.1,0.001,0.0001,0.25,0.0
1776356887693300512,1.3464818046036926,0.09959886620903333,0.007208690654118438,0.00005561327131614418,2987.5071603515275,311.11077450642927,0.01,0.1,0.001,0.0001,0.25,0.0
1776356887791848392,1.347235439904071,0.09968444757552884,0.00808574350675451,0.0016811930786596522,2988.3582663583056,310.6878199741583,0.01,0.1,0.001,0.0001,0.25,0.0
1776356887889526481,1.3480241551322187,0.0998633957622162,0.008064546427489525,0.0019830763497309424,2989.2920446337475,310.7299268088527,0.01,0.1,0.001,0.0001,0.25,0.0
1776356887992208543,1.348965457571277,0.10019229227192236,0.01026885560755691,0.004422720225489404,2990.3707104740056,310.4278234686466,0.01,0.1,0.001,0.0001,0.25,0.0
1776356888090943526,1.3500985478957062,0.1007421263810565,0.012682938072489162,0.006714678761178207,2991.5016071314085,310.3797032597503,0.01,0.1,0.001,0.0001,0.25,0.0
1776356888211033730,1.3516947578786642,0.10160446062053022,0.013903099933717923,0.007648125073825159,2993.000772708534,309.91486466102975,0.01,0.1,0.001,0.0001,0.25,0.0
1776356888291671196,1.3528806376760831,0.10222930388184318,0.015505932550635057,0.007847573402172688,2994.0838958125237,309.8770282864081,0.01,0.1,0.001,0.0001,0.25,0.0
1776356888393100196,1.344355101352976,0.10043983033715491,0.0012645949810570702,0.0030429638925544857,3002.71004394346,308.8806809596324,0.01,0.1,0.001,0.0001,0.25,0.0
1776356888492592175,1.3445350190752483,0.10081488924721377,0.0023520900901705076,0.004496426578315849,3003.2616817205762,308.8806809596324,0.01,0.1,0.001,0.0001,0.25,0.0
1776356888594284872,1.3448595924926727,0.10127165920841277,0.004031399677681636,0.004487015124070364,3003.921855061998,309.26448348580516,0.01,0.1,0.001,0.0001,0.25,0.0
1776356888692621198,1.3452576928670197,0.10173931050638468,0.004065443238853391,0.005024402958876233,3004.6530298072894,308.9285089572795,0.01,0.1,0.001,0.0001,0.25,0.0
1776356888801272961,1.3457298981510986,0.10235528041075848,0.004626593363138276,0.006313955875852271,3005.5671953819196,309.2994835938777,0.01,0.1,0.001,0.0001,0.25,0.0
1776356888893422903,1.3461702960403947,0.10297273346886482,0.004931691712910255,0.007087090073508487,3006.4298667702324,309.26488882906557,0.01,0.1,0.001,0.0001,0.25,0.0
1776356888991867319,1.3466886813713017,0.10369907164606258,0.005599669413666645,0.00766897879654875,3007.439998372217,308.9895103113125,0.01,0.1,0.001,0.0001,0.25,0.0
1776356889094011574,1.3472795085720013,0.10450596375180353,0.00596937049401293,0.008130847212571892,3008.584716334784,309.36636226004003,0.01,0.1,0.001,0.0001,0.25,0.0
1776356889202205290,1.347913622908037,0.10544779270065549,0.005754563522895925,0.009282322343860139,3009.9044975439047,309.36636226004003,0.01,0.1,0.001,0.0001,0.25,0.0
1776356889295081468,1.3483803146669568,0.10630211030893591,0.00429303323596124,0.009110629037710172,3011.126081900775,309.66370180164677,0.01,0.1,0.001,0.0001,0.25,0.0
1776356889393458049,1.34031397140643,0.09989567600199407,-0.010876880384616639,-0.0040375055017181135,3019.560061007206,310.6410999075071,0.01,0.1,0.001,0.0001,0.25,0.0
1776356889495436641,1.3391814522040817,0.09945538979679133,-0.011334310458109684,-0.004597474734290085,3020.120635955367,310.63138762585635,0.01,0.1,0.001,0.0001,0.25,0.0
1776356889594981726,1.3379859710114925,0.0988757948253596,-0.012685543867953807,-0.007047866796979447,3020.7624438926637,310.63138762585635,0.01,0.1,0.001,0.0001,0.25,0.0
1776356889692517220,1.3366734828347646,0.09808274085418558,-0.014234899162801701,-0.009218462020191309,3021.4817401258283,310.6518237563989,0.01,0.1,0.001,0.0001,0.25,0.0
1776356889795660557,1.3350916833715245,0.09704120218512133,-0.01642988428022708,-0.010972819160910273,3022.340338669411,310.3347729349655,0.01,0.1,0.001,0.0001,0.25,0.0
1776356889892651436,1.3334345644837404,0.0959011807244615,-0.017739215116399667,-0.012533947245971932,3023.239056254645,310.31449902194885,0.01,0.1,0.001,0.0001,0.25,0.0
1776356889991414099,1.3315443622355358,0.09458004744256407,-0.0205429902889104,-0.014222922667512714,3024.2450878477025,309.97505174963254,0.01,0.1,0.001,0.0001,0.25,0.0
1776356890133973670,1.3283786622870062,0.0924793964562176,-0.02386813741025158,-0.01524679357938931,3025.8595886159032,309.9784743534257,0.01,0.1,0.001,0.0001,0.25,0.0
1776356890191825467,1.3269421138829371,0.0915712979774587,-0.02578771330689488,-0.016142613397774556,3026.5695175311603,310.1774463865189,0.01,0.1,0.001,0.0001,0.25,0.0
1776356890294644421,1.3241207142473508,0.08984857574660698,-0.02910347328854031,-0.017373470687964347,3027.908761794481,310.1770589597765,0.01,0.1,0.001,0.0001,0.25,0.0
1776356890391711406,1.333856055262156,0.0997273969811366,-0.015307519223678075,-0.005697000261786168,3036.264002831297,310.42306420014387,0.01,0.1,0.001,0.0001,0.25,0.0
1776356890495249765,1.33213656851934,0.0990709681203667,-0.017908417250964117,-0.006983469320519692,3036.832502992689,310.42306420014387,0.01,0.1,0.001,0.0001,0.25,0.0
1776356890593092432,1.3302275856024313,0.09820142846055843,-0.02111100419925301,-0.010789835067494147,3037.4627686299277,309.35772388415967,0.01,0.1,0.001,0.0001,0.25,0.0
1776356890691467009,1.3280928910945622,0.09711610123321025,-0.022294329765544366,-0.01127842368825731,3038.1873410858493,309.01510893070304,0.01,0.1,0.001,0.0001,0.25,0.0
1776356890794230872,1.3256749808573822,0.09591179045082006,-0.024762063619565355,-0.012159386807214142,3039.0416415644404,309.3720414707274,0.01,0.1,0.001,0.0001,0.25,0.0
1776356890902139184,1.3228906926723771,0.09451817287183284,-0.02684223173027426,-0.013670070623986478,3040.0458619947417,309.37704906347005,0.01,0.1,0.001,0.0001,0.25,0.0
1776356890994763440,1.3203252678666986,0.09320256715776494,-0.02855080511402327,-0.014736685103415402,3040.9955602203654,309.35737504144856,0.01,0.1,0.001,0.0001,0.25,0.0
1776356891105767144,1.3171478044089002,0.09159289346916716,-0.028701094063642144,-0.014266599105051346,3042.240116383918,309.35737504144856,0.01,0.1,0.001,0.0001,0.25,0.0
1776356891195600086,1.3145068718980728,0.09025901114764402,-0.03008948298022458,-0.015427348418958018,3043.3324265544966,309.64234442041294,0.01,0.1,0.001,0.0001,0.25,0.0
1776356891294712343,1.3114860074270913,0.08874393915772831,-0.03087366497955446,-0.015147859035131342,3044.6256218433577,309.3493926565647,0.01,0.1,0.001,0.0001,0.25,0.0
1776356891396559357,1.34593607735996,0.09246499522497625,0.0174949432977584,-0.002225725392604286,3052.9641590759506,309.7969185540168,0.01,0.1,0.001,0.0001,0.25,0.0
1776356891494672568,1.3476558304784683,0.09226888153722201,0.017559252224909006,-0.0017717132404316245,3053.5040753376734,309.83875559547806,0.01,0.1,0.001,0.0001,0.25,0.0
1776356891596731428,1.3495605314652586,0.0921269445379802,0.019769050177306676,-0.0010099660186784175,3054.1617958660836,310.1409517364264,0.01,0.1,0.001,0.0001,0.25,0.0
1776356891695282164,1.3516161167958922,0.09205568740759454,0.021946992998407275,-0.0004361259938724936,3054.8902306424357,310.8119497557931,0.01,0.1,0.001,0.0001,0.25,0.0
1776356891798494658,1.3539077699421076,0.09204275245449729,0.0224602221892625,0.00018547495334278236,3055.7514594708614,310.16131687843983,0.01,0.1,0.001,0.0001,0.25,0.0
1776356891896060996,1.3561581310900208,0.09214068858943267,0.023674462334030952,0.0018223150819872405,3056.657815397128,310.5435233762949,0.01,0.1,0.001,0.0001,0.25,0.0
1776356892003282101,1.3587374749034884,0.09240337985129612,0.02443594125756728,0.0030774515029282352,3057.7574804037085,310.9081204670548,0.01,0.1,0.001,0.0001,0.25,0.0
1776356892095617469,1.3610890446774548,0.09268319352357728,0.026491855955682063,0.002982455422730557,3058.7915709980734,311.49404687814075,0.01,0.1,0.001,0.0001,0.25,0.0
1776356892194276847,1.3637785217236529,0.09304117968189914,0.02803513857745992,0.004275427415627123,3059.9850700105967,311.15781491519897,0.01,0.1,0.001,0.0001,0.25,0.0
1776356892293355546,1.3666710698075477,0.09356055828462716,0.03035432813168899,0.006208837237493776,3061.2759381437695,311.11439919860845,0.01,0.1,0.001,0.0001,0.25,0.0
1776356892394995432,1.3416617838944724,0.09539882167779078,0.004814263433960497,0.008420329201180512,3069.5895044345993,310.54783627555065,0.01,0.1,0.001,0.0001,0.25,0.0
1776356892492976439,1.3421936843437503,0.09627638885621706,0.006041283991566605,0.00948992475221374,3070.1278501124025,309.919942424189,0.01,0.1,0.001,0.0001,0.25,0.0
1776356892595950659,1.3428716602862525,0.09730274560625474,0.0071273699822992885,0.010445497801430824,3070.791121432756,309.919942424189,0.01,0.1,0.001,0.0001,0.25,0.0
1776356892694283527,1.343684006014899,0.09835671639732206,0.009395289772234276,0.010991681170430881,3071.5178129232677,309.88196637988136,0.01,0.1,0.001,0.0001,0.25,0.0
1776356892796854388,1.3448165237043725,0.09951104403459937,0.01268815138670412,0.011517041380118338,3072.3727856580304,309.10761937065365,0.01,0.1,0.001,0.0001,0.25,0.0
1776356892895388398,1.3461632298838075,0.10070537409254843,0.014645742980708972,0.012724097587183564,3073.287453393237,309.5144635297165,0.01,0.1,0.001,0.0001,0.25,0.0
1776356892997066229,1.3477094317215141,0.10199157674182753,0.01577110500008153,0.012578052172023568,3074.327165067611,309.2027922455582,0.01,0.1,0.001,0.0001,0.25,0.0
1776356893096888811,1.3492433425304062,0.10320489298979531,0.01496161935232627,0.011731388497492161,3075.442829150968,308.96313230248137,0.01,0.1,0.001,0.0001,0.25,0.0
1776356893198368235,1.35073723173959,0.10439458487010363,0.014477339468261775,0.011712980775862098,3076.6734000732126,309.0286839870419,0.01,0.1,0.001,0.0001,0.25,0.0
1776356893296707692,1.3522031650283022,0.10556053929609782,0.015336452293634433,0.011999914434389011,3077.958349265714,309.0624787794742,0.01,0.1,0.001,0.0001,0.25,0.0
1776356893394001956,1.3407691676024787,0.09619873761334148,-0.005328741627135737,-0.0034200565578502433,3086.348213606593,309.40210973999467,0.01,0.1,0.001,0.0001,0.25,0.0
1776356893497063281,1.3401435630124527,0.09583244169694817,-0.006808695525947274,-0.0036864988215953433,3086.9134074666645,308.97515368453656,0.01,0.1,0.001,0.0001,0.25,0.0
1776356893596372210,1.3394972473099624,0.09540782072174565,-0.0062082618461788905,-0.004865472161355451,3087.5523199925765,308.92873169717933,0.01,0.1,0.001,0.0001,0.25,0.0
1776356893697746138,1.3388474492554332,0.09488153340628014,-0.006611276121910635,-0.005517384751970738,3088.3003065294542,308.53575078225384,0.01,0.1,0.001,0.0001,0.25,0.0
1776356893796452603,1.338214106793232,0.09432104099164916,-0.0062221315029726155,-0.00583986358823206,3089.1216012748455,308.49586596075346,0.01,0.1,0.001,0.0001,0.25,0.0
1776356893899555630,1.3377047299652702,0.09359775574238641,-0.003658683512062152,-0.008190314776307873,3090.0775727566593,308.82776234119285,0.01,0.1,0.001,0.0001,0.25,0.0
1776356893996170135,1.337313656806548,0.09273690029424243,-0.004436707873150872,-0.009629782623337038,3091.0643936162205,309.20043185589316,0.01,0.1,0.001,0.0001,0.25,0.0
1776356894098989945,1.3368270289263837,0.09169445978063663,-0.005029062666926784,-0.010647523929958415,3092.2111824537,309.9058780093335,0.01,0.1,0.001,0.0001,0.25,0.0
1776356894201973157,1.336315957754801,0.09062385730829413,-0.004896086911200109,-0.010143884913945824,3093.459468892645,309.17526867936806,0.01,0.1,0.001,0.0001,0.25,0.0
1776356894300937908,1.3358072075772447,0.08952075972767594,-0.005385991947097038,-0.01215023273490724,3094.7529548073067,308.8356433779554,0.01,0.1,0.001,0.0001,0.25,0.0
1776356894402642582,1.3411309864119085,0.10026498160213833,-0.00125763497639828,0.00046403421956550325,3103.1355371850314,310.0307755301954,0.01,0.1,0.001,0.0001,0.25,0.0
1776356894501057681,1.340967655299658,0.1003307712160567,-0.0020613864184557866,0.0008728643856386734,3103.6770428398645,309.3767605540453,0.01,0.1,0.001,0.0001,0.25,0.0
1776356894598713876,1.3406866701211089,0.10035746399884005,-0.00369323040341373,-0.00032619235965949023,3104.304411785371,309.3767605540453,0.01,0.1,0.001,0.0001,0.25,0.0
1776356894701165788,1.3402149608488603,0.10023242761026799,-0.005515344496089914,-0.0021147326275487363,3105.059150373241,309.3535072227629,0.01,0.1,0.001,0.0001,0.25,0.0
1776356894799892934,1.3396646172165585,0.09997984973058964,-0.005633862381193073,-0.00300214865875229,3105.880176712955,308.62943807578756,0.01,0.1,0.001,0.0001,0.25,0.0
1776356894901506759,1.33911896649185,0.09955405400177925,-0.005105955579451218,-0.005378612895785543,3106.8212123075923,308.30619136778824,0.01,0.1,0.001,0.0001,0.25,0.0
1776356895001363947,1.3386175040568304,0.09894256734444076,-0.004937420535516166,-0.006868347315095264,3107.84063928431,307.98966869165594,0.01,0.1,0.001,0.0001,0.25,0.0
1776356895102882179,1.3380560085936246,0.09823420736523862,-0.006123933166171154,-0.007086209384860131,3108.9733215171277,307.98966869165594,0.01,0.1,0.001,0.0001,0.25,0.0
1776356895202040198,1.3374731844861218,0.09756142872684663,-0.0056320435769737975,-0.006484214220487166,3110.173351411021,307.67649643300695,0.01,0.1,0.001,0.0001,0.25,0.0
1776356895303621057,1.336888446336729,0.09689629222888589,-0.005881304392859317,-0.006612157132071469,3111.498864328641,308.37290402738546,0.01,0.1,0.001,0.0001,0.25,0.0
1776356895401920194,1.3446430387536505,0.09832765276589252,0.003979849691082857,0.00026161244006117884,3119.8789125063604,308.23008648737715,0.01,0.1,0.001,0.0001,0.25,0.0
1776356895500228718,1.3450657529971919,0.09833192245984568,0.004620249255374499,-0.00017474574221675108,3120.4171991588996,307.8313571367603,0.01,0.1,0.001,0.0001,0.25,0.0
1776356895601888279,1.3454893374374228,0.09828806002074725,0.003713266360260162,-0.0006881951178566899,3121.0698225032834,307.73950812383197,0.01,0.1,0.001,0.0001,0.25,0.0
1776356895700145287,1.345870381706702,0.09813413799246203,0.00404274834667522,-0.0024448306519832693,3121.793279053747,308.0493154386276,0.01,0.1,0.001,0.0001,0.25,0.0
