timestamp_ns,time_ms,voltage_left,current_left_ma,voltage_right,current_right_ma,motor_current_left,motor_current_right,euler_x,euler_y,euler_z,acc_lin_x,acc_lin_y,acc_lin_z,sonar_mm,tof_mm,rpm_left,rpm_right,rotations_left,rotations_right
1774642133177128790,233860,,,,,,,,,,,,,,,,,,
1774642133181203317,286901,9.588,2.4,11.196,-0.8,-0.02,-0.21,-175.94,-0.19,2.63,0.04,-0.13,-0.04,164.3,70.0,0.0,60.0,,
1774642133186023639,2952,9.568,1.2,11.196,-0.4,-0.04,0.0,-0.06,-1.12,2.19,0.01,0.0,-0.3,164.3,193.0,0.0,0.0,0.0,
1774642133192985038,3056,9.576,2.7,11.192,-0.8,-0.06,-0.06,-0.06,-1.12,2.19,0.0,0.01,-0.31,164.3,200.0,0.0,0.0,0.0,
1774642133198441513,3156,9.608,2.5,11.192,-1.1,-0.06,-0.18,-0.06,-1.12,2.19,0.01,0.0,-0.33,164.3,206.0,0.0,0.0,0.0,
1774642133236936664,3256,9.556,1.9,10.032,-0.2,0.1,-0.1,-0.06,-1.12,2.19,0.0,0.0,-0.33,168.41,206.0,0.0,0.0,0.0,
1774642133241070049,3356,11.18,1.6,10.016,-0.2,0.06,-0.06,-0.06,-1.12,2.19,0.01,0.02,-0.33,164.13,198.0,0.0,0.0,0.0,
1774642133245193047,3457,11.18,1.7,11.188,-0.8,-0.02,-0.12,-0.06,-1.12,2.19,-0.01,0.01,-0.33,164.3,194.0,0.0,0.0,0.0,
1774642133249388346,3557,9.752,2.3,11.192,-0.8,0.0,-0.14,-0.06,-1.12,2.19,0.0,0.0,-0.31,164.13,194.0,0.0,0.0,0.0,
1774642133253511158,3656,9.724,2.2,11.188,-0.7,0.04,-0.02,-0.06,-1.12,2.19,0.0,0.01,-0.34,164.3,199.0,0.0,0.0,0.0,
1774642133257422439,3757,9.692,2.0,9.876,0.1,-0.02,0.02,-0.06,-1.12,2.19,0.01,0.01,-0.32,164.3,193.0,0.0,0.0,0.0,
1774642133262184940,3857,11.18,1.7,10.304,-0.8,0.14,-0.02,-0.06,-1.12,2.19,0.01,0.0,-0.31,160.01,193.0,0.0,0.0,0.0,
1774642133265684988,3957,9.692,2.0,11.192,-0.9,-0.1,-0.1,-0.06,-1.12,2.19,0.0,-0.01,-0.31,160.01,191.0,0.0,0.0,0.0,
1774642133339361503,4058,9.752,2.0,11.128,0.1,-0.02,-0.18,-0.06,-1.12,2.19,0.0,0.0,-0.33,160.01,191.0,0.0,0.0,0.0,
1774642133347715644,4158,11.184,1.7,9.936,0.3,0.04,-0.08,-0.06,-1.12,2.19,0.0,-0.01,-0.32,164.13,208.0,0.0,0.0,0.0,
1774642133351776543,4257,11.176,1.6,9.932,0.3,-0.06,-0.16,-0.06,-1.12,2.19,0.02,0.02,-0.32,164.3,195.0,0.0,0.0,0.0,
1774642133355841053,4358,9.612,2.7,11.192,-0.7,-0.14,0.0,-0.06,-1.12,2.19,0.0,0.02,-0.29,164.3,195.0,0.0,0.0,0.0,
1774642133363992493,4458,9.608,2.6,11.192,-1.1,0.16,-0.1,-0.06,-1.12,2.19,0.0,0.02,-0.34,164.3,204.0,0.0,0.0,0.0,
1774642133437612316,4558,9.604,2.3,11.2,-0.8,-0.02,-0.04,-0.06,-1.12,2.19,0.0,0.0,-0.32,164.3,200.0,0.0,0.0,0.0,
1774642133441676955,4659,9.556,2.8,11.192,-1.0,0.04,-0.12,-0.06,-1.12,2.19,0.0,-0.01,-0.31,164.13,200.0,0.0,0.0,0.0,
1774642133445888417,4759,9.556,2.6,10.012,0.1,-0.02,0.0,-0.06,-1.12,2.19,0.01,0.03,-0.3,164.3,204.0,0.0,0.0,0.0,
1774642133449992641,4859,11.188,1.7,11.192,-1.0,-0.04,-0.04,-0.06,-1.12,2.19,0.0,0.0,-0.33,160.01,211.0,0.0,0.0,0.0,
1774642133454161038,4959,10.9,1.6,9.928,0.3,0.06,-0.08,-0.06,-1.12,2.19,0.0,0.0,-0.3,161.04,211.0,0.0,0.0,0.0,
1774642133458221141,5058,11.184,1.8,11.196,-0.9,-0.06,-0.02,-0.06,-1.12,2.19,0.0,0.01,-0.32,160.01,196.0,0.0,0.0,0.0,
1774642133540021454,5158,9.596,2.8,11.192,-1.0,0.06,0.04,-0.06,-1.12,2.19,0.0,0.0,-0.32,160.01,192.0,0.0,0.0,0.0,
1774642133545193800,5258,9.56,2.6,11.188,-0.8,0.04,-0.16,-0.06,-1.12,2.19,0.0,0.0,-0.33,160.01,192.0,0.0,0.0,0.0,
1774642133549110542,5358,9.836,1.8,10.012,0.1,0.1,-0.08,-0.06,-1.12,2.19,0.0,0.0,-0.32,160.01,210.0,0.0,0.0,0.0,
1774642133552428237,5458,9.732,1.9,11.196,-1.1,0.06,-0.02,-0.06,-1.12,2.19,0.0,0.01,-0.31,161.21,210.0,0.0,0.0,0.0,
1774642133556753750,5559,9.688,2.1,11.188,-0.9,0.12,-0.06,-0.06,-1.12,2.19,0.0,0.0,-0.33,160.01,195.0,0.0,0.0,0.0,
1774642133564661258,5659,9.724,2.1,11.2,-1.0,0.08,-0.08,-0.06,-1.12,2.19,0.0,0.01,-0.32,160.01,198.0,0.0,0.0,0.0,
1774642133638297355,5760,9.68,2.3,11.196,-0.8,0.02,-0.06,-0.06,-1.12,2.19,0.0,0.0,-0.33,164.3,198.0,0.0,0.0,0.0,
1774642133646613374,5860,9.708,2.1,10.604,-0.7,0.06,0.04,-0.06,-1.12,2.19,0.0,0.01,-0.34,161.21,197.0,0.0,0.0,0.0,
1774642133650625820,5960,9.588,2.4,11.2,-0.7,-0.04,0.08,-0.06,-1.12,2.19,-0.01,0.0,-0.34,160.01,196.0,0.0,0.0,0.0,
1774642133654810806,6061,9.608,2.4,11.192,-1.0,0.08,-0.1,-0.06,-1.12,2.19,0.0,0.0,-0.29,160.01,196.0,0.0,0.0,0.0,
1774642133658750081,6161,9.6,2.4,11.192,-0.8,0.0,-0.06,-0.06,-1.12,2.19,0.0,0.01,-0.32,160.01,200.0,0.0,0.0,0.0,
1774642133662828773,6261,9.6,2.3,11.196,-1.0,0.08,-0.04,-0.06,-1.12,2.19,-0.01,0.0,-0.33,158.98,195.0,0.0,0.0,0.0,
1774642133666995040,6361,9.608,2.5,11.2,-0.7,0.1,-0.02,-0.06,-1.12,2.19,0.0,0.0,-0.32,160.01,195.0,0.0,0.0,0.0,
1774642133740664353,6460,9.54,2.5,11.188,-0.8,0.08,-0.16,-0.06,-1.12,2.19,0.0,0.0,-0.32,164.13,200.0,0.0,0.0,0.0,
1774642133744739657,6560,9.588,2.3,11.192,-0.9,-0.1,-0.02,-0.06,-1.12,2.19,0.0,0.0,-0.34,0.0,9.584,2.6,11.192,-0.8,0.06
1774642133749005367,26180,9.584,2.6,11.192,-0.8,0.06,-0.08,-0.06,-1.12,2.19,0.01,-0.02,-0.3,172.53,195.0,0.0,0.0,,-0.32
1774642133753088873,26180,9.584,2.6,11.192,-0.8,0.06,-0.08,-0.06,-1.12,2.19,0.01,-0.02,-0.3,172.53,195.0,0.0,0.0,0.0,
1774642133757339087,26280,9.7,3.0,10.788,-111.6,3.11,-0.02,-0.06,-1.12,2.19,-0.02,0.0,-0.33,162.75,199.0,4.77,0.0,0.0,0.0
1774642133762081703,26380,9.264,3.1,10.428,-550.5,3.96,-0.02,0.0,-0.94,2.13,1.12,0.37,-0.59,152.98,194.0,95.26,0.0,0.0,0.0
1774642133838946660,26480,9.628,2.6,11.1,-302.7,2.6,-0.04,0.31,-0.25,2.25,-0.01,-0.37,-0.16,176.13,194.0,163.15,0.0,0.0,0.0
1774642133847273511,26580,10.64,1.8,11.104,-209.1,1.91,-0.04,0.31,-0.06,2.31,-0.55,0.1,-0.16,175.62,200.0,174.02,0.0,0.0,0.0
1774642133858799579,26680,9.404,2.4,11.112,-213.8,1.02,-0.08,0.31,0.56,2.38,0.17,-0.06,-0.15,152.98,196.0,176.83,0.0,0.0,0.0
1774642133871285309,26780,10.976,1.8,10.968,-149.1,1.6,0.02,0.31,0.69,2.44,-0.14,0.13,-0.39,166.18,196.0,176.39,0.0,0.0,0.0
1774642133941336654,26881,9.48,1373.5,10.772,-193.3,1.88,6.6,0.31,0.69,2.44,-0.83,2.36,-3.29,189.16,190.0,176.35,43.69,0.0,0.0
1774642134060089519,26981,11.008,497.3,10.752,15.2,-0.53,3.69,-1.25,0.0,3.0,-0.23,-0.33,-0.1,11743.98,192.0,55.48,143.64,0.0,0.0
1774642134182930559,27102,9.704,449.6,9.844,-0.4,0.1,3.07,-3.63,-0.31,3.06,0.16,-0.17,-0.44,11750.49,179.0,9.12,132.62,0.0,0.0
1774642134297594551,27225,9.408,3.5,11.136,-45.3,1.46,0.51,-5.38,-1.0,2.75,0.19,-0.93,-0.09,11875.0,179.0,34.12,5.81,0.0,0.0
1774642134416349419,27337,9.616,2.9,11.136,-88.2,1.41,-0.18,-5.38,-0.94,2.81,-0.11,-0.01,-0.34,11857.85,173.0,55.66,0.0,0.0,0.0
1774642134530978733,27456,9.564,2.3,10.38,-52.4,0.96,-0.04,-5.38,-0.94,2.81,-0.08,-0.07,-0.3,11863.34,186.0,51.65,0.0,2.0,0.0
1774642134663918458,27573,9.584,1.4,11.152,-45.4,1.29,-0.04,-5.38,-0.94,2.81,-0.06,-0.07,-0.32,11863.51,172.0,48.12,0.0,2.0,0.0
1774642135108981199,27697,9.364,1.0,10.26,-86.6,1.76,-0.06,-5.38,-0.94,2.81,-0.03,-0.01,-0.34,11859.4,179.0,51.07,0.0,2.0,0.0
1774642135121736080,27815,9.936,3.5,11.14,-87.1,1.7,-0.1,-5.38,-0.94,2.81,-0.17,-0.03,-0.24,11856.65,179.0,54.66,0.0,2.0,0.0
1774642135137073673,27929,9.564,1.4,11.144,-68.3,1.8,-0.02,-5.38,-0.94,2.81,0.11,0.04,-0.3,11858.37,180.0,54.49,0.0,2.0,0.0
1774642135149487770,28056,11.112,2.2,11.064,-93.0,1.54,-0.06,-5.38,-0.94,2.81,-0.01,0.03,-0.32,11853.91,173.0,55.03,0.0,2.0,0.0
1774642135259900313,28176,11.16,3.6,11.152,-56.7,1.48,-0.16,-5.38,-0.94,2.81,-0.02,0.01,-0.35,11847.22,169.0,61.24,0.0,2.0,0.0
1774642135370480656,28300,11.144,1.9,11.148,-55.9,0.82,-0.16,-5.38,-0.94,2.81,0.11,0.05,-0.33,11848.25,169.0,65.49,0.0,2.0,0.0
1774642135489216402,28411,10.116,1.6,9.828,-60.6,1.45,-0.04,-5.38,-0.94,2.81,0.05,0.0,-0.33,11845.5,181.0,63.51,0.0,2.0,0.0
1774642135608007082,28530,11.164,1.7,9.828,-35.9,0.9,-0.08,-5.38,-0.94,2.81,-0.05,0.0,-0.32,11849.79,177.0,61.37,0.0,2.0,0.0
1774642135730865568,28649,9.644,1.8,11.18,-63.8,1.21,-0.21,-5.38,-0.94,2.81,-0.03,0.05,-0.29,11850.99,167.0,59.64,0.0,2.0,0.0
1774642135845533934,28772,9.376,2.9,11.132,-44.2,0.76,-0.02,-5.38,-0.94,2.81,-0.12,-0.03,-0.28,11849.96,167.0,60.25,0.0,2.0,0.0
1774642135968369536,28886,11.18,1.0,11.156,-64.6,1.48,-0.14,-5.38,-0.94,2.81,0.09,-0.08,-0.33,11849.79,175.0,59.85,0.0,2.0,0.0
1774642136087221725,29006,10.996,1.4,10.188,-61.3,1.21,-0.06,-5.38,-0.94,2.81,0.03,0.02,-0.32,11853.22,181.0,57.54,0.0,2.0,0.0
1774642136205891989,29126,9.448,3.4,11.164,-79.2,1.21,-0.14,-5.38,-0.94,2.81,-0.07,-0.03,-0.36,11848.59,166.0,61.75,0.0,2.0,0.0
1774642136324663937,29247,9.432,2.5,10.204,-47.9,0.9,-0.16,-5.38,-0.94,2.81,-0.01,-0.05,-0.34,11849.28,166.0,62.43,0.0,2.0,0.0
1774642136443410501,29365,10.428,2.3,10.008,-37.4,1.35,-0.12,-5.38,-0.94,2.81,0.05,-0.02,-0.33,11852.37,181.0,60.74,0.0,2.0,0.0
1774642136562126367,29485,10.016,2.1,10.692,-51.9,0.53,-0.14,-5.38,-0.94,2.81,0.04,-0.01,-0.32,11849.62,181.0,61.56,0.0,4.0,0.0
1774642136892939833,29603,9.416,2.0,11.164,-36.7,0.96,-0.08,-5.38,-0.94,2.81,0.0,-0.01,-0.32,11852.71,175.0,59.64,0.0,4.0,0.0
1774642136906346104,29723,9.532,1.2,11.052,-49.1,0.7,-0.14,-5.38,-0.94,2.81,0.03,0.0,-0.38,11850.31,175.0,59.83,0.0,4.0,0.0
1774642136922528734,29840,9.856,1.9,11.144,-53.6,0.74,-0.16,-5.38,-0.94,2.81,0.0,-0.03,-0.3,11852.54,176.0,59.08,0.0,4.0,0.0
1774642137041278483,29962,11.184,1.2,10.02,-44.0,1.58,-0.02,-5.38,-0.94,2.81,-0.01,0.0,-0.36,11854.42,173.0,58.02,0.0,4.0,0.0
1774642137164128165,30081,9.456,1.9,10.0,-72.1,1.37,-0.1,-5.38,-0.94,2.81,0.0,-0.07,-0.38,11851.85,185.0,57.98,0.0,4.0,0.0
1774642137282871790,30202,11.168,1.6,10.288,-45.0,1.27,-0.16,-5.38,-0.94,2.81,0.02,-0.02,-0.35,11847.39,175.0,61.94,0.0,4.0,0.0
1774642137401604139,30324,9.484,2.6,10.488,-54.6,0.78,0.0,-5.38,-0.94,2.81,0.01,-0.03,-0.34,11850.48,175.0,61.51,0.0,4.0,0.0
1774642137524472298,30442,9.468,0.7,10.036,-39.3,0.63,-0.14,-5.38,-0.94,2.81,0.04,0.05,-0.36,11849.96,185.0,61.12,0.0,4.0,0.0
1774642137643260747,30563,11.052,0.9,11.16,-45.7,0.68,-0.16,-5.38,-0.94,2.81,0.04,-0.05,-0.31,11851.85,177.0,59.64,0.0,4.0,0.0
1774642137784936962,30683,9.684,2.3,11.168,-38.8,1.33,-0.12,-5.38,-0.94,2.81,0.05,0.04,-0.36,11849.62,177.0,59.85,0.0,4.0,0.0
1774642137890837758,30803,11.232,2.2,9.876,-64.7,0.9,-0.08,-5.38,-0.94,2.81,0.0,0.03,-0.32,11852.88,177.0,59.52,0.0,4.0,0.0
1774642138003622506,30922,9.44,2.4,11.136,-48.2,1.09,-0.1,-5.38,-0.94,2.81,-0.01,-0.03,-0.32,11854.42,179.0,60.54,0.0,4.0,0.0
1774642138126465990,31041,9.46,1.6,11.148,-57.7,1.27,-0.02,-5.38,-0.94,2.81,0.01,-0.08,-0.39,11854.08,173.0,57.54,0.0,4.0,0.0
1774642138250317330,31167,11.176,1.5,11.168,-59.5,1.25,0.02,-5.38,-0.94,2.81,0.0,-0.01,-0.3,11850.82,161.0,59.95,0.0,4.0,0.0
1774642138363937288,31286,11.168,1.4,11.152,-64.2,1.19,-0.08,-5.38,-0.94,2.81,0.06,-0.02,-0.31,11850.99,161.0,61.7,0.0,4.0,0.0
1774642138486789973,31401,9.636,1.1,10.976,-49.4,0.72,-0.1,-5.38,-0.94,2.81,0.06,0.06,-0.32,11849.11,178.0,61.75,0.0,6.0,0.0
1774642138605586703,31524,11.184,1.5,11.184,-28.7,0.68,-0.02,-5.38,-0.94,2.81,0.04,-0.05,-0.29,11850.99,178.0,61.43,0.0,6.0,0.0
1774642138724339441,31643,10.16,1.1,10.036,-38.9,1.11,-0.12,-5.38,-0.94,2.81,0.05,0.05,-0.34,11854.94,174.0,58.73,0.0,6.0,0.0
1774642138839013393,31763,9.52,1.8,10.044,-34.5,0.88,-0.08,-5.38,-0.94,2.81,-0.09,-0.01,-0.36,11852.02,174.0,59.09,0.0,6.0,0.0
1774642138964941267,31877,9.504,2.0,11.156,-42.0,0.94,-0.08,-5.38,-0.94,2.81,0.03,-0.02,-0.31,11854.59,181.0,59.64,0.0,6.0,0.0
1774642139080611877,31998,10.5,1.1,11.144,-48.0,1.23,-0.04,-5.38,-0.94,2.81,0.0,-0.01,-0.37,11855.28,181.0,58.4,0.0,6.0,0.0
1774642139199364915,32120,9.704,2.0,11.14,-45.8,1.13,0.04,-5.38,-0.94,2.81,-0.04,-0.1,-0.28,11849.28,181.0,60.85,0.0,6.0,0.0
1774642139314030003,32239,9.512,3.4,11.168,-53.6,1.21,-0.14,-5.38,-0.94,2.81,-0.04,-0.01,-0.32,11852.88,181.0,61.31,0.0,6.0,0.0
1774642139440965275,32354,11.144,1.7,11.156,-36.0,1.25,-0.06,-5.38,-0.94,2.81,0.05,-0.01,-0.35,11850.65,178.0,60.54,0.0,6.0,0.0
1774642139559733051,32478,10.728,3.6,11.168,-51.6,0.63,0.02,-5.38,-0.94,2.81,0.02,-0.01,-0.31,11850.31,176.0,60.74,0.0,6.0,0.0
1774642139678496365,32596,9.66,3.1,11.172,-38.2,1.15,-0.04,-5.38,-0.94,2.81,0.0,0.02,-0.34,11850.65,177.0,58.94,0.0,6.0,0.0
1774642139797274880,32716,9.5,2.9,11.152,-35.9,0.72,-0.1,-5.38,-0.94,2.81,0.06,0.05,-0.28,11851.51,178.0,59.64,0.0,6.0,0.0
1774642139911906290,32836,9.66,1.5,10.956,-55.1,0.8,-0.08,-5.38,-0.94,2.81,0.06,0.01,-0.3,11850.48,178.0,59.83,0.0,6.0,0.0
1774642140034762147,32951,11.104,1.2,10.82,-46.8,1.0,-0.08,-5.38,-0.94,2.81,-0.05,-0.05,-0.33,11851.51,174.0,58.02,0.0,6.0,0.0
1774642140153517559,33073,9.656,2.0,11.144,-58.3,1.0,-0.1,-5.38,-0.94,2.81,0.01,0.0,-0.29,11850.14,182.0,57.98,0.0,6.0,0.0
1774642140272274564,33191,11.156,1.3,9.972,-32.1,0.68,-0.04,-5.38,-0.94,2.81,0.02,0.0,-0.34,11848.25,174.0,60.85,0.0,6.0,0.0
1774642140386947617,33310,9.672,2.7,11.16,-52.2,0.72,-0.04,-5.38,-0.94,2.81,0.01,0.07,-0.33,11849.45,174.0,61.85,0.0,6.0,0.0
1774642140526193883,33424,11.176,2.5,11.168,-35.9,0.88,0.02,-5.38,-0.94,2.81,0.0,0.0,-0.31,11849.45,170.0,60.85,0.0,8.0,0.0
1774642140644948796,33563,9.8,2.1,9.98,-30.1,0.78,0.06,-5.38,-0.94,2.81,0.08,-0.04,-0.3,11849.11,169.0,60.58,0.0,8.0,0.0
1774642140763667734,33682,9.52,2.0,11.172,-63.8,1.05,-0.18,-5.38,-0.94,2.81,-0.01,-0.06,-0.31,11849.28,174.0,59.44,0.0,8.0,0.0
1774642140878344398,33801,10.56,2.8,11.16,-41.8,1.05,-0.12,-5.38,-0.94,2.81,0.04,-0.08,-0.35,11851.34,174.0,59.31,0.0,8.0,0.0
1774642141005289708,33915,9.528,3.0,11.152,-67.3,0.78,-0.14,-5.38,-0.94,2.81,0.08,0.0,-0.31,11854.77,172.0,59.44,0.0,8.0,0.0
1774642141128207431,34042,11.16,0.8,11.176,-65.2,1.43,-0.12,-5.38,-0.94,2.81,0.13,0.02,-0.37,11853.91,174.0,57.23,0.0,8.0,0.0
1774642141252944609,34165,11.156,1.3,11.16,-66.1,0.8,-0.12,-5.38,-0.94,2.81,-0.02,0.0,-0.33,11848.76,171.0,61.94,0.0,8.0,0.0
1774642141365603157,34283,10.504,1.2,10.092,-43.6,0.72,-0.08,-5.38,-0.94,2.81,0.03,-0.02,-0.3,11848.08,175.0,62.27,0.0,8.0,0.0
1774642141486248459,34402,9.552,2.1,10.06,-57.6,0.76,-0.1,-5.38,-0.94,2.81,0.09,0.02,-0.33,11848.93,175.0,60.57,0.0,8.0,0.0
1774642141688940161,34515,9.736,2.8,11.148,-29.9,1.15,-0.14,-5.38,-0.94,2.81,0.25,0.05,-0.32,11851.85,174.0,59.44,0.0,8.0,0.0
1774642141717832667,34636,11.156,3.0,11.14,-40.6,0.78,-0.1,-5.38,-0.94,2.81,0.06,0.0,-0.3,11851.34,172.0,58.46,0.0,8.0,0.0
1774642141844929119,34756,9.676,1.4,11.144,-61.8,1.0,-0.25,-5.38,-0.94,2.81,-0.09,0.01,-0.35,11852.37,172.0,61.1,0.0,8.0,0.0
1774642141957164473,34868,9.68,1.5,11.14,-38.8,0.66,-0.06,-5.38,-0.94,2.81,0.04,0.01,-0.36,11853.22,170.0,61.37,0.0,8.0,0.0
1774642142065871083,34987,9.7,1.3,9.956,-83.9,1.66,0.02,-5.38,-0.94,2.81,0.04,0.04,-0.32,11858.54,182.0,56.61,0.0,8.0,0.0
1774642142198805495,35104,11.056,1.1,10.068,-43.3,0.82,-0.02,-5.38,-0.94,2.81,0.15,0.03,-0.32,11846.88,177.0,60.35,0.0,8.0,0.0
1774642142311605242,35228,9.556,2.0,11.14,-66.6,0.59,-0.08,-5.38,-0.94,2.81,0.11,-0.02,-0.33,11845.33,172.0,64.02,0.0,8.0,0.0
1774642142422136788,35348,10.436,2.7,11.168,-53.1,0.78,0.04,-5.38,-0.94,2.81,0.07,-0.01,-0.36,11845.68,172.0,62.78,0.0,8.0,0.0
1774642142540923998,35460,9.712,1.6,11.16,-27.2,1.02,-0.16,-5.38,-0.94,2.81,0.01,0.01,-0.36,11848.59,179.0,61.17,0.0,10.0,0.0
1774642142663778552,35578,9.692,1.8,9.976,-37.9,1.05,-0.14,-5.38,-0.94,2.81,0.03,-0.01,-0.35,11852.71,172.0,58.46,0.0,10.0,0.0
1774642142808938343,35699,9.752,1.5,11.172,-48.7,0.86,-0.06,-5.38,-0.94,2.81,-0.21,-0.15,-0.28,11848.76,172.0,59.83,0.0,10.0,0.0
1774642142897198831,35814,10.616,2.7,11.16,-34.9,0.64,-0.23,-5.38,-0.94,2.81,0.12,-0.01,-0.36,11849.45,175.0,60.85,0.0,10.0,0.0
1774642143015960973,35934,9.744,2.4,11.16,-47.0,0.51,-0.12,-5.38,-0.94,2.81,-0.01,-0.02,-0.32,11855.45,175.0,56.84,0.0,10.0,0.0
1774642143134709361,36052,10.764,0.9,11.144,-50.9,1.48,-0.02,-5.38,-0.94,2.81,-0.05,-0.1,-0.3,11848.76,177.0,57.54,0.0,10.0,0.0
1774642143257558383,36172,10.564,1.5,11.148,-31.5,0.94,-0.14,-5.38,-0.94,2.81,0.07,0.02,-0.35,11846.19,177.0,61.75,0.0,10.0,0.0
1774642143372191844,36295,9.684,2.4,11.156,-31.9,1.05,-0.2,-5.38,-0.94,2.81,0.0,0.02,-0.3,11848.93,177.0,62.97,0.0,10.0,0.0
1774642143495049716,36408,9.872,1.4,11.172,-28.7,0.74,-0.14,-5.38,-0.94,2.81,0.03,0.02,-0.29,11849.45,180.0,61.43,0.0,10.0,0.0
1774642143613837411,36530,9.64,3.2,11.16,-48.3,0.64,0.0,-5.38,-0.94,2.81,0.06,-0.07,-0.32,11849.28,176.0,59.15,0.0,10.0,0.0
1774642143824941388,36651,10.212,2.0,11.176,-36.0,1.52,-0.1,-5.38,-0.94,2.81,0.05,-0.03,-0.34,11852.71,174.0,58.67,0.0,10.0,0.0
1774642143851355665,36775,9.604,2.7,11.184,-40.2,0.94,0.0,-5.38,-0.94,2.81,0.0,0.02,-0.36,11852.71,174.0,60.77,0.0,10.0,0.0
1774642143978288046,36889,9.596,3.4,10.068,-38.7,1.56,-0.14,-5.38,-0.94,2.81,0.04,0.0,-0.33,11856.65,177.0,57.54,0.0,10.0,0.0
1774642144101144625,37015,11.164,2.5,11.16,-65.9,1.89,-0.08,-5.38,-0.94,2.81,-0.02,-0.02,-0.32,11858.54,167.0,53.04,0.0,10.0,0.0
1774642144224047862,37136,10.184,1.6,9.932,-53.0,0.7,-0.12,-5.38,-0.94,2.81,0.09,-0.13,-0.32,11850.48,177.0,59.15,0.0,10.0,0.0
1774642144334587932,37259,9.644,2.6,10.048,-60.2,1.05,-0.2,-5.38,-0.94,2.81,0.06,-0.01,-0.36,11847.05,177.0,62.43,0.0,10.0,0.0
1774642144457371063,37371,10.988,1.7,11.18,-51.3,0.63,-0.18,-5.38,-0.94,2.81,0.04,-0.01,-0.37,11847.73,176.0,61.43,0.0,12.0,0.0
1774642144576165335,37493,11.172,1.9,11.176,-32.2,0.8,-0.06,-5.38,-0.94,2.81,0.04,0.07,-0.34,11852.37,183.0,60.66,0.0,12.0,0.0
1774642144699025525,37613,9.716,1.9,11.144,-43.2,0.98,-0.12,-5.38,-0.94,2.81,0.0,0.0,-0.34,11853.74,169.0,57.29,0.0,12.0,0.0
1774642144908938559,37734,9.544,3.2,11.176,-33.9,1.19,-0.08,-5.38,-0.94,2.81,0.01,-0.04,-0.27,11850.48,181.0,59.15,0.0,12.0,0.0
1774642144936524179,37858,9.684,2.2,11.152,-36.4,1.46,-0.04,-5.38,-0.94,2.81,0.09,0.03,-0.32,11850.82,181.0,59.94,0.0,12.0,0.0
1774642145055292531,37972,10.388,2.1,11.168,-56.0,1.35,-0.2,-5.38,-0.94,2.81,0.13,0.03,-0.38,11859.05,173.0,55.9,0.0,12.0,0.0
1774642145174051498,38091,9.996,2.6,10.264,-43.1,1.39,0.0,-5.38,-0.94,2.81,0.0,0.04,-0.29,11845.33,177.0,58.52,2.85,12.0,0.0
1774642145292807225,38211,9.596,2.9,11.164,-40.2,0.68,0.45,-5.38,-0.94,2.81,0.01,0.15,-0.35,11848.42,177.0,61.51,1.46,12.0,0.0
1774642145411475137,38328,9.688,1.9,11.152,-49.0,0.86,-0.08,-5.38,-0.94,2.81,0.1,-0.03,-0.37,11848.42,178.0,61.8,0.0,12.0,0.0
1774642145534367435,38449,11.176,1.7,10.024,-41.6,0.74,-0.04,-5.38,-0.94,2.81,0.04,-0.01,-0.32,11849.28,186.0,60.54,0.0,12.0,0.0
1774642145657269417,38569,9.608,2.9,10.188,-32.7,1.04,-0.1,-5.38,-0.94,2.81,0.05,0.03,-0.33,11849.28,173.0,59.15,0.0,12.0,0.0
1774642145864937123,38690,9.564,2.1,10.052,-40.1,0.78,-0.14,-5.38,-0.94,2.81,0.08,-0.02,-0.31,11848.25,178.0,58.67,0.0,12.0,0.0
1774642145894781926,38812,9.656,2.7,10.728,-42.3,0.84,-0.12,-5.38,-0.94,2.81,0.11,0.0,-0.35,11850.48,178.0,61.1,0.0,12.0,0.0
1774642146013466316,38929,9.524,2.2,11.14,-46.6,0.49,-0.08,-5.38,-0.94,2.81,0.03,0.03,-0.36,11854.94,182.0,56.59,0.0,12.0,0.0
1774642146132281146,39051,11.164,3.4,10.656,-65.3,1.27,-0.12,-5.38,-0.94,2.81,0.17,-0.07,-0.35,11853.05,175.0,55.19,0.71,12.0,0.0
1774642146251042653,39168,9.968,1.7,9.9,-44.6,0.53,0.14,-5.38,-0.94,2.81,-0.43,-0.2,-0.05,11848.08,178.0,59.23,3.57,12.0,0.0
1774642146369801846,39287,11.184,1.1,10.028,-29.1,0.61,-0.14,-5.44,-0.94,2.81,0.1,0.0,-0.33,11849.11,178.0,61.85,0.0,12.0,0.0
1774642146488516177,39404,11.056,3.1,11.16,-37.9,0.43,-0.12,-5.44,-0.94,2.81,0.08,0.01,-0.33,11850.65,175.0,62.3,0.0,14.0,0.0
1774642146607280758,39524,9.588,1.8,9.992,-48.1,0.51,-0.06,-5.44,-0.94,2.81,0.09,-0.01,-0.31,11849.79,174.0,59.15,0.0,14.0,0.0
1774642146820936138,39643,9.72,1.7,11.164,-59.2,0.82,-0.06,-5.44,-0.94,2.81,0.01,-0.08,-0.3,11850.48,179.0,58.02,0.0,14.0,0.0
1774642146844818677,39763,11.152,2.0,9.988,-39.6,0.72,-0.1,-5.44,-0.94,2.81,0.1,-0.04,-0.26,11852.71,179.0,58.8,0.0,14.0,0.0
1774642146963585257,39879,9.664,2.3,11.156,-37.6,1.43,0.96,-5.44,-0.94,2.81,0.07,-0.01,-0.27,11847.91,174.0,59.44,2.83,14.0,0.0
1774642147090543054,39999,9.644,1.1,11.164,-56.3,1.17,0.33,-5.44,-0.94,2.81,-0.08,-0.05,-0.38,11854.94,174.0,54.73,1.4,14.0,0.0
1774642147213386147,40125,9.66,3.6,11.164,-41.7,1.0,2.19,-5.38,-0.94,2.81,0.12,-0.11,-0.32,11837.96,176.0,59.67,5.3,14.0,0.0
1774642147332160821,40246,9.476,2.6,10.008,-37.9,0.94,0.45,-5.44,-0.88,2.81,-0.01,-0.29,-0.21,11844.48,165.0,62.12,1.38,14.0,0.0
1774642147450851642,40368,9.536,3.5,11.14,-46.5,0.51,0.0,-5.44,-0.88,2.81,-0.04,0.09,-0.3,11845.85,165.0,61.51,0.0,14.0,0.0
1774642147573743540,40485,9.5,3.0,11.156,-30.5,0.31,-0.1,-5.44,-0.88,2.81,0.01,0.01,-0.35,11847.56,178.0,60.44,0.0,14.0,0.0
1774642147692500477,40607,9.68,2.8,9.9,-35.1,0.7,-0.1,-5.44,-0.88,2.81,0.05,0.0,-0.31,11849.45,168.0,58.02,0.0,14.0,0.0
1774642147811236937,40726,9.488,3.4,11.152,-36.6,0.61,-0.1,-5.44,-0.88,2.81,-0.01,-0.1,-0.35,11849.11,180.0,59.85,0.0,14.0,0.0
1774642147936929929,40847,9.648,3.1,11.172,-59.1,0.84,-0.04,-5.44,-0.88,2.81,0.12,-0.03,-0.32,11849.28,180.0,60.25,0.0,14.0,0.0
1774642148052899956,40966,9.468,2.1,11.136,-54.2,0.96,-0.14,-5.44,-0.88,2.81,0.12,0.0,-0.31,11855.11,194.0,56.14,0.0,14.0,0.0
1774642148171616812,41085,11.144,3.4,9.96,-60.1,1.19,0.04,-5.44,-0.88,2.81,0.16,-0.09,-0.39,11840.02,181.0,58.73,3.54,14.0,0.0
1774642148290390471,41205,9.68,2.5,9.808,-62.7,0.55,0.74,-5.44,-0.88,2.81,0.42,0.06,-0.48,11843.1,182.0,62.98,3.54,14.0,0.0
1774642148405051647,41324,10.532,2.7,9.824,-35.4,1.05,-0.12,-5.44,-0.88,2.81,0.15,0.0,-0.35,11846.53,182.0,62.78,0.0,14.0,0.0
1774642148527931532,41438,10.572,1.3,9.82,-49.5,1.05,-0.04,-5.44,-0.88,2.81,0.15,0.01,-0.33,11847.05,174.0,61.05,0.0,16.0,0.0
1774642148646647906,41561,9.416,2.6,9.964,-28.7,1.17,0.0,-5.44,-0.88,2.81,0.0,0.05,-0.29,11850.31,173.0,58.67,0.0,16.0,0.0
1774642148765416511,41679,9.632,1.6,11.136,-33.4,1.23,-0.16,-5.44,-0.88,2.81,0.1,0.0,-0.34,11849.79,171.0,58.46,0.0,16.0,0.0
1774642148880046878,41800,9.396,1.7,10.132,-42.0,0.59,-0.06,-5.44,-0.88,2.81,0.0,-0.01,-0.34,11850.14,171.0,60.04,0.0,16.0,0.0
1774642149002884493,41916,9.768,2.7,11.048,-37.4,1.31,-0.06,-5.44,-0.88,2.81,0.11,-0.03,-0.34,11853.57,179.0,58.24,0.0,16.0,0.0
1774642149125786007,42039,9.46,2.9,11.144,-96.7,1.27,-0.06,-5.44,-0.88,2.81,-0.01,0.01,-0.36,11852.37,170.0,56.6,0.0,16.0,0.0
1774642149240436336,42158,11.16,1.8,9.744,-33.9,0.51,-0.16,-5.44,-0.88,2.81,0.07,-0.07,-0.3,11846.7,178.0,61.75,0.0,16.0,0.0
1774642149355054801,42275,9.652,2.9,9.744,-29.7,0.92,-0.18,-5.44,-0.88,2.81,0.03,0.0,-0.33,11846.53,178.0,62.4,0.0,16.0,0.0
1774642149473819502,42390,9.388,3.2,11.172,-28.8,0.47,-0.12,-5.44,-0.88,2.81,0.04,0.01,-0.35,11847.05,182.0,62.27,0.0,16.0,0.0
1774642149596763581,42507,10.668,3.1,11.152,-41.6,0.63,-0.16,-5.44,-0.88,2.81,0.03,0.04,-0.36,11848.08,175.0,60.15,0.0,16.0,0.0
1774642149715462129,42631,9.612,1.7,11.148,-52.0,1.02,-0.12,-5.44,-0.88,2.81,0.1,0.02,-0.35,11850.99,176.0,58.67,0.0,16.0,0.0
1774642149830121752,42750,9.584,1.8,11.152,-54.7,0.92,-0.2,-5.44,-0.88,2.81,0.1,0.09,-0.44,11850.48,176.0,59.31,0.0,16.0,0.0
1774642149932494414,42864,11.212,1.8,9.944,-61.3,0.86,-0.02,-5.44,-0.88,2.81,0.03,0.09,-0.35,160.35,177.0,60.63,0.0,16.0,0.0
1774642150256942242,42964,9.364,1.6,11.16,-62.2,0.82,-0.2,-5.44,-0.88,2.81,0.14,-0.01,-0.35,11857.85,175.0,56.8,0.0,16.0,0.0
1774642150269576321,43086,9.336,2.4,11.156,-61.0,1.13,0.0,-5.44,-0.88,2.81,0.09,-0.07,-0.29,11834.7,170.0,57.72,7.47,16.0,0.0
1774642150292900250,43213,11.08,2.2,10.704,-35.7,0.66,-0.1,-5.44,-0.88,2.81,0.15,-0.11,-0.35,11851.68,170.0,59.44,0.0,16.0,0.0
1774642150415688326,43327,11.18,2.3,9.776,-60.1,1.05,-0.12,-5.44,-0.88,2.81,0.09,-0.04,-0.31,11849.11,175.0,60.74,0.0,16.0,0.0
1774642150538529595,43449,11.176,1.1,9.768,-44.8,0.92,-0.04,-5.44,-0.88,2.81,0.09,0.0,-0.34,11846.88,181.0,59.85,0.0,18.0,0.0
1774642150636850560,43570,10.276,3.7,10.944,-52.8,1.25,-0.16,-5.44,-0.88,2.81,0.17,0.05,-0.33,172.19,181.0,58.01,0.0,18.0,0.0
1774642150755612987,43670,11.156,1.6,11.168,-43.7,0.57,-0.16,-5.44,-0.88,2.81,0.06,0.01,-0.33,11850.82,176.0,58.07,0.0,18.0,0.0
1774642150880941358,43790,9.34,2.7,11.168,-43.1,0.49,-0.1,-5.44,-0.88,2.81,0.12,-0.06,-0.34,11850.31,170.0,59.36,0.0,18.0,0.0
1774642151001313781,43911,9.572,1.7,10.88,-36.7,0.78,-0.23,-5.44,-0.88,2.81,0.16,-0.01,-0.36,11850.82,181.0,57.98,0.0,18.0,0.0
1774642151124161719,44033,11.168,0.3,11.164,-89.4,1.89,0.0,-5.44,-0.88,2.81,0.05,0.05,-0.32,11851.16,173.0,54.98,0.0,18.0,0.0
1774642151238821737,44156,9.344,-9.8,11.148,-58.8,1.04,2.38,-5.44,-0.88,2.81,0.18,0.05,-0.28,11846.53,173.0,61.7,8.71,18.0,0.0
1774642151357556394,44270,9.604,3.0,11.104,-34.2,0.33,0.04,-5.44,-0.88,2.81,0.12,-0.03,-0.35,11845.5,174.0,63.68,0.0,18.0,0.0
1774642151476300309,44390,11.16,1.3,11.18,-30.1,0.94,0.0,-5.44,-0.88,2.81,0.1,-0.05,-0.3,11844.99,180.0,61.75,0.0,18.0,0.0
1774642151599187998,44509,11.12,1.8,11.144,-26.6,1.31,-0.12,-5.44,-0.88,2.81,0.12,0.05,-0.35,11847.73,176.0,59.64,0.0,18.0,0.0
1774642151713845516,44632,9.624,2.2,10.016,-57.3,1.23,-0.12,-5.44,-0.88,2.81,0.06,0.05,-0.35,11850.99,176.0,58.3,0.0,18.0,0.0
1774642151832547180,44745,10.368,1.5,11.184,-29.3,1.37,-0.23,-5.44,-0.88,2.81,0.12,-0.02,-0.33,11847.91,169.0,61.05,0.0,18.0,0.0
1774642151934985205,44867,9.956,2.0,11.148,-45.0,0.7,-0.18,-5.44,-0.88,2.81,0.16,0.05,-0.32,164.47,169.0,59.12,0.0,18.0,0.0
1774642152057828645,44966,11.18,1.0,11.184,-40.7,1.27,-0.1,-5.44,-0.88,2.81,0.13,-0.02,-0.35,11857.34,182.0,56.46,0.0,18.0,0.0
1774642152180673789,45088,9.344,3.4,11.156,-52.0,1.37,0.02,-5.44,-0.88,2.81,0.13,0.12,-0.36,11835.73,181.0,59.15,6.96,18.0,0.0
1774642152299443091,45212,11.072,1.3,11.16,-53.8,0.74,-0.06,-5.44,-0.88,2.81,0.12,-0.1,-0.27,11847.56,184.0,63.33,0.7,18.0,0.0
1774642152418173233,45332,9.584,2.5,10.784,-39.3,0.78,-0.16,-5.44,-0.88,2.81,0.09,-0.01,-0.3,11847.56,167.0,61.75,0.0,18.0,0.0
1774642152532820719,45451,9.608,2.6,11.16,-32.8,1.25,-0.08,-5.44,-0.88,2.81,0.1,-0.01,-0.36,11846.36,167.0,60.57,0.0,20.0,0.0
1774642152631140449,45565,9.592,1.7,11.16,-56.2,0.53,-0.16,-5.44,-0.88,2.81,0.17,0.03,-0.34,147.66,180.0,59.44,0.0,20.0,0.0
1774642152749865777,45665,11.172,1.1,11.144,-61.1,1.31,-0.12,-5.44,-0.88,2.81,0.19,-0.06,-0.32,11848.59,174.0,59.64,0.0,20.0,0.0
1774642152868648391,45784,9.916,1.5,9.84,-42.2,1.04,-0.06,-5.44,-0.88,2.81,0.2,-0.02,-0.35,11849.28,178.0,60.15,0.0,20.0,0.0
1774642152983318021,45900,9.652,2.2,11.176,-65.9,1.21,-0.16,-5.44,-0.88,2.81,0.18,-0.02,-0.3,11854.42,178.0,58.12,0.0,20.0,0.0
1774642153102064977,46016,9.648,1.4,10.208,-70.8,1.58,-0.18,-5.44,-0.88,2.81,0.08,-0.16,-0.39,11857.0,159.0,55.19,0.0,20.0,0.0
1774642153229018110,46133,11.144,113.6,10.532,-33.4,0.49,-5.18,-5.44,-0.88,2.81,0.05,0.02,-0.3,11832.81,172.0,62.08,7.85,20.0,0.0
1774642153351844020,46262,10.128,1.9,10.02,-51.2,0.74,0.06,-5.44,-0.75,2.88,0.25,-0.14,-0.29,11844.3,179.0,63.48,0.0,20.0,0.0
1774642153450104597,46383,11.16,2.1,9.884,-28.8,1.07,-0.04,-5.44,-0.75,2.94,0.19,-0.07,-0.34,159.15,179.0,60.41,0.0,20.0,0.0
1774642153552523334,46483,11.164,1.6,11.168,-47.7,0.64,-0.1,-5.44,-0.75,2.94,0.12,-0.05,-0.37,152.63,169.0,60.95,0.0,20.0,0.0
1774642153650810016,46583,11.096,1.8,10.284,-46.8,0.74,0.08,-5.44,-0.69,2.94,0.07,-0.04,-0.31,150.75,169.0,60.27,0.0,20.0,0.0
1774642153773660366,46684,10.368,1.2,9.988,-64.1,0.74,-0.1,-5.44,-0.69,2.94,0.18,0.08,-0.33,11852.02,172.0,59.66,0.0,20.0,0.0
1774642154140947984,46803,11.192,2.8,10.028,-58.4,1.21,-0.18,-5.44,-0.69,2.94,0.09,-0.12,-0.31,11851.16,174.0,59.15,0.0,20.0,0.0
1774642154154413825,46924,10.644,1.2,11.168,-50.2,0.84,-0.1,-5.44,-0.69,2.94,0.16,0.11,-0.37,11855.62,167.0,55.22,0.0,20.0,0.0
1774642154168940383,47046,9.928,2.0,9.996,-81.2,1.25,-0.16,-5.44,-0.63,3.0,0.14,-0.06,-0.39,11848.08,177.0,57.54,1.4,20.0,0.0
1774642154252762738,47170,11.14,2.2,11.136,-56.9,0.88,-0.47,-5.38,-0.63,3.0,0.16,0.52,-0.73,11845.85,177.0,60.98,5.08,20.0,0.0
1774642154371498478,47284,10.652,1.0,11.156,-57.9,0.9,-0.12,-5.31,-0.37,3.13,0.1,-0.08,-0.35,11846.02,170.0,62.45,0.0,20.0,0.0
1774642154469774535,47403,9.72,1.4,11.16,-39.0,0.51,-0.1,-5.31,-0.37,3.13,0.07,-0.13,-0.28,164.13,170.0,59.88,0.0,20.0,0.0
1774642154572195366,47503,10.532,1.8,10.044,-33.1,1.37,-0.06,-5.31,-0.37,3.13,0.05,-0.02,-0.3,154.35,174.0,62.34,0.0,22.0,0.0
1774642154670506305,47602,9.484,1.9,10.432,-59.4,1.62,-0.14,-5.31,-0.37,3.13,0.02,-0.02,-0.35,146.12,167.0,60.03,0.0,22.0,0.0
1774642154884934779,47703,9.668,1.9,11.152,-44.3,0.76,-0.08,-5.31,-0.37,3.13,0.03,-0.05,-0.36,11848.59,179.0,59.79,0.0,22.0,0.0
1774642154912093064,47822,9.556,1.9,11.112,-43.2,0.82,-0.14,-5.31,-0.31,3.13,0.23,-0.11,-0.35,11849.79,180.0,57.54,0.0,22.0,0.0
1774642155022576656,47941,9.712,1.3,10.228,-63.2,1.15,-0.1,-5.31,-0.31,3.19,0.1,0.14,-0.4,11854.59,180.0,55.14,0.0,22.0,0.0
1774642155145460764,48056,9.556,3.9,10.58,-57.4,1.88,-0.02,-5.31,-0.31,3.19,0.04,0.17,-0.31,11844.3,172.0,62.45,0.0,22.0,0.0
1774642155247880246,48178,9.512,1.7,11.132,-33.7,0.72,-0.2,-5.31,-0.31,3.19,0.0,0.02,-0.32,191.91,172.0,67.02,0.0,22.0,0.0
1774642155366720578,48278,9.536,4.0,10.08,-62.4,0.66,-0.1,-5.31,-0.25,3.19,0.04,-0.02,-0.34,11847.56,179.0,63.88,0.0,22.0,0.0
1774642155468972408,48398,9.696,2.6,11.144,-23.6,0.64,-0.04,-5.31,-0.25,3.19,0.07,0.04,-0.25,154.35,173.0,61.09,0.0,22.0,0.0
1774642155567279257,48498,9.6,2.8,11.152,-28.8,1.07,-0.14,-5.31,-0.25,3.19,0.05,-0.03,-0.33,155.89,173.0,59.64,0.0,22.0,0.0
1774642155669661691,48599,9.72,1.2,10.0,-47.1,1.11,-0.1,-5.31,-0.25,3.19,0.05,-0.04,-0.25,173.04,163.0,59.34,0.0,22.0,0.0
1774642155788435944,48698,9.608,3.7,11.164,-47.3,1.07,-0.08,-5.31,-0.25,3.19,-0.11,0.06,-0.25,11849.79,176.0,60.79,0.0,22.0,0.0
1774642155907180999,48819,11.148,0.7,11.004,-69.6,1.17,-0.21,-5.31,-0.25,3.19,0.2,-0.01,-0.44,11851.85,170.0,59.44,0.0,22.0,0.0
1774642156025914131,48939,11.152,2.1,11.128,-76.0,1.84,-0.02,-5.31,-0.25,3.19,0.12,0.04,-0.33,11858.88,171.0,52.63,0.0,22.0,0.0
1774642156152907134,49057,11.092,1.6,11.164,-45.6,-1.07,-0.04,-5.31,-0.25,3.19,-0.38,-0.14,-0.09,11855.79,171.0,55.14,0.0,22.0,0.0
1774642156251181695,49182,11.172,2.8,11.14,-42.4,1.02,-0.02,-5.31,-0.25,3.19,0.08,0.0,-0.37,200.31,181.0,65.78,0.0,22.0,0.0
1774642156373979045,49283,11.1,1.8,9.94,-62.3,0.8,-0.02,-5.31,-0.25,3.19,0.06,-0.02,-0.3,11841.39,171.0,66.37,0.0,22.0,0.0
1774642156472266863,49404,9.752,1.5,11.16,-38.7,0.57,-0.02,-5.31,-0.25,3.19,0.06,-0.02,-0.32,158.64,171.0,62.24,0.0,24.0,0.0
1774642156574676923,49503,9.756,2.0,11.152,-45.2,0.39,-0.02,-5.31,-0.25,3.19,0.01,-0.05,-0.31,158.47,172.0,60.72,0.0,24.0,0.0
1774642156697518802,49603,9.584,3.9,11.136,-57.2,0.9,-0.06,-5.31,-0.25,3.19,0.07,-0.01,-0.3,11847.73,170.0,59.14,0.0,24.0,0.0
1774642156816270783,49726,10.04,2.4,11.104,-35.2,1.48,-0.04,-5.31,-0.25,3.19,-0.07,0.02,-0.3,11848.59,173.0,59.28,0.0,24.0,0.0
1774642156930946533,49847,10.312,3.6,11.12,-70.9,1.15,-0.04,-5.31,-0.25,3.19,0.1,-0.02,-0.33,11853.57,173.0,56.88,0.0,24.0,0.0
1774642157049703145,49961,9.972,0.6,11.104,-126.3,1.91,-0.08,-5.31,-0.19,3.19,0.12,0.01,-0.25,11857.85,172.0,51.65,0.0,24.0,0.0
1774642157172545081,50080,11.152,2.1,9.888,-48.5,1.19,-0.04,-5.31,-0.19,3.19,0.08,0.02,-0.39,11844.13,184.0,62.98,0.0,24.0,0.0
1774642157274926982,50203,9.748,1.1,11.132,-55.3,1.02,0.0,-5.31,-0.19,3.19,0.07,-0.03,-0.3,200.14,184.0,64.91,0.0,24.0,0.0
1774642157393637048,50302,11.16,1.8,11.168,-31.9,1.17,-0.2,-5.31,-0.12,3.19,0.05,-0.01,-0.32,11849.28,174.0,63.51,0.0,24.0,0.0
1774642157491940736,50422,11.148,1.6,11.148,-40.0,0.61,0.18,-5.31,-0.12,3.19,0.12,0.0,-0.4,155.89,178.0,60.63,0.0,24.0,0.0
1774642157610690720,50523,9.524,1.9,11.148,-35.2,0.72,-0.06,-5.31,-0.12,3.19,0.06,-0.02,-0.38,11851.85,178.0,59.44,0.0,24.0,0.0
1774642157972939361,50642,9.696,2.9,9.896,-57.4,0.72,-0.2,-5.31,-0.12,3.19,0.08,0.17,-0.33,11847.22,178.0,58.94,0.0,24.0,0.0
1774642157986066899,50767,11.192,2.3,10.028,-65.1,0.96,-0.21,-5.31,-0.12,3.19,-0.03,0.05,-0.34,11850.82,178.0,58.02,0.0,24.0,0.0
1774642157999685544,50882,9.696,2.7,11.152,-66.5,2.05,0.08,-5.31,-0.12,3.19,-0.08,0.06,-0.28,11860.25,172.0,52.19,0.0,24.0,0.0
1774642158093916037,51003,9.48,5.2,10.652,-106.1,2.44,-0.02,-5.31,-0.06,3.19,0.09,-0.04,-0.3,11857.0,169.0,51.5,0.0,24.0,0.0
1774642158216794635,51124,9.624,1.1,10.36,-70.0,1.05,-0.12,-5.31,0.0,3.25,0.0,-0.02,-0.33,11841.56,173.0,64.56,0.0,24.0,0.0
1774642158331425731,51247,11.204,1.6,10.004,-49.2,1.0,-0.16,-5.31,0.0,3.25,0.02,-0.03,-0.33,11843.96,173.0,65.49,0.0,24.0,0.0
1774642158450163813,51360,11.16,2.5,11.164,-45.7,1.15,-0.02,-5.31,0.0,3.25,0.06,0.0,-0.32,11849.45,177.0,61.56,0.0,26.0,0.0
1774642158558491061,51480,9.512,1.3,10.832,-48.4,0.63,-0.08,-5.31,0.0,3.25,0.0,0.01,-0.37,155.21,177.0,58.01,0.0,26.0,0.0
1774642158671325605,51579,11.164,1.3,11.156,-52.4,0.88,-0.14,-5.31,0.0,3.25,-0.11,-0.17,-0.28,11849.28,174.0,59.66,0.0,26.0,0.0
1774642158888947965,51702,9.44,2.9,11.12,-45.6,1.33,-0.2,-5.31,0.0,3.25,-0.08,0.09,-0.31,11847.91,170.0,61.94,0.0,26.0,0.0
1774642158918893314,51821,9.628,1.6,9.964,-53.4,1.23,-0.1,-5.31,0.0,3.25,0.18,0.07,-0.33,11851.51,176.0,57.32,0.0,26.0,0.0
1774642159031665278,51940,11.052,2.1,11.104,-114.3,1.93,-0.14,-5.31,0.0,3.25,0.0,0.05,-0.37,11857.51,183.0,52.36,0.0,26.0,0.0
1774642159150450112,52059,11.156,2.4,10.56,-64.6,1.56,-0.08,-5.31,0.0,3.25,-0.17,-0.32,0.0,11837.1,183.0,65.74,0.0,26.0,0.0
1774642159248749174,52178,11.184,1.7,9.772,-75.1,1.17,-0.16,-5.31,0.06,3.25,0.0,-0.05,-0.34,208.54,171.0,72.39,0.0,26.0,0.0
1774642159371546087,52278,10.628,1.6,11.076,-57.7,0.84,-0.14,-5.31,0.06,3.25,0.04,-0.02,-0.32,11844.3,174.0,66.27,0.0,26.0,0.0
1774642159490326052,52399,11.176,1.6,9.796,-57.0,0.86,-0.08,-5.31,0.06,3.25,0.07,0.0,-0.34,11852.88,173.0,54.98,0.0,26.0,0.0
1774642159605003604,52519,9.468,2.3,11.156,-50.2,1.39,0.04,-5.31,0.06,3.25,0.06,0.07,-0.35,11849.62,173.0,60.04,0.0,26.0,0.0
1774642159816936073,52634,9.584,2.8,9.76,-76.1,1.17,-0.08,-5.31,0.06,3.25,0.1,0.07,-0.41,11845.68,175.0,64.22,0.0,26.0,0.0
1774642159846621547,52756,9.668,1.5,11.14,-62.0,1.09,-0.14,-5.31,0.06,3.25,0.1,0.1,-0.38,11849.96,176.0,60.05,0.0,26.0,0.0
1774642159965347652,52875,9.568,1.1,10.708,-89.3,1.29,-0.08,-5.31,0.06,3.25,0.04,-0.08,-0.24,11862.31,183.0,51.93,0.0,26.0,0.0
1774642160080005932,52995,10.108,3.1,10.244,-97.9,2.44,-0.08,-5.31,0.06,3.25,-0.03,-0.02,-0.43,11844.65,183.0,61.1,0.0,26.0,0.0
1774642160198789731,53108,11.144,1.5,11.064,-62.8,1.0,-0.06,-5.31,0.12,3.25,0.01,-0.1,-0.3,11836.41,169.0,70.76,0.0,26.0,0.0
1774642160321619844,53227,11.164,2.1,10.136,-53.7,0.82,-0.16,-5.31,0.12,3.25,0.12,0.01,-0.31,11837.79,176.0,66.66,2.81,26.0,0.0
1774642160444456991,53350,9.58,2.4,11.16,-37.9,0.27,-0.14,-5.31,0.12,3.25,0.03,0.05,-0.34,11847.39,177.0,61.8,0.0,28.0,0.0
1774642160563209778,53471,11.148,1.7,9.696,-37.5,0.68,-0.08,-5.31,0.12,3.25,0.14,0.0,-0.35,11849.79,176.0,60.05,0.0,28.0,0.0
1774642160677868188,53593,9.632,1.8,11.164,-59.6,0.78,-0.04,-5.31,0.12,3.25,0.02,0.03,-0.35,11847.91,176.0,61.51,0.0,28.0,0.0
1774642160800760770,53707,10.82,2.0,11.148,-38.2,1.45,-0.14,-5.31,0.12,3.25,-0.09,0.02,-0.31,11850.65,174.0,60.15,0.0,28.0,0.0
1774642160928934179,53830,11.168,2.2,9.848,-78.5,2.17,-0.1,-5.31,0.12,3.25,-0.08,-0.05,-0.28,11860.43,175.0,52.46,0.0,28.0,0.0
1774642161042341781,53950,9.316,2.0,11.096,-116.0,1.88,-0.1,-5.31,0.12,3.25,0.1,0.0,-0.31,11850.31,174.0,55.43,0.0,28.0,0.0
1774642161152910093,54069,9.388,2.0,11.128,-49.9,0.72,-0.12,-5.31,0.12,3.25,0.07,-0.04,-0.32,11839.85,174.0,65.58,0.0,28.0,0.0
1774642161275797066,54181,9.624,2.9,11.16,-69.6,0.7,-0.14,-5.31,0.12,3.25,0.08,0.0,-0.35,11843.96,176.0,64.72,0.0,28.0,0.0
1774642161394528822,54302,11.176,1.5,9.76,1.4,0.04,-0.04,-5.31,0.12,3.25,0.08,0.05,-0.35,11848.08,169.0,61.37,0.0,28.0,0.0
1774642161517391560,54423,10.648,1.8,10.004,-37.1,1.31,-0.04,-5.31,0.12,3.25,0.05,0.06,-0.28,11845.33,176.0,60.24,0.0,28.0,0.0
1774642161632031660,54544,11.152,2.3,9.784,-73.1,1.43,-0.21,-5.31,0.12,3.25,-0.11,-0.02,-0.4,11848.25,176.0,60.04,0.0,28.0,0.0
1774642161776932586,54660,10.916,1.1,11.148,-39.1,1.05,-0.14,-5.31,0.12,3.25,0.16,0.04,-0.39,11850.99,173.0,59.15,0.0,28.0,0.0
1774642161873644354,54779,10.576,2.0,11.132,-89.6,1.66,-0.2,-5.31,0.12,3.25,-0.02,0.01,-0.31,11855.97,171.0,54.03,0.0,28.0,0.0
1774642161992364502,54902,9.324,1.7,11.124,-111.6,2.15,-0.16,-5.31,0.12,3.25,0.11,0.07,-0.26,11853.91,164.0,53.15,0.0,28.0,0.0
1774642162107082589,55022,9.352,4.0,9.832,-59.7,1.21,-0.14,-5.31,0.12,3.25,0.23,0.01,-0.47,11839.67,164.0,65.58,0.0,28.0,0.0
1774642162229921870,55133,10.936,1.4,11.148,-46.7,1.15,-0.12,-5.31,0.12,3.25,0.1,-0.02,-0.36,11839.85,183.0,66.36,0.0,28.0,0.0
1774642162352754134,55258,11.16,2.2,11.16,-61.1,0.76,-0.1,-5.31,0.12,3.25,0.0,0.0,-0.29,11844.48,177.0,62.32,0.0,30.0,0.0
1774642162475602543,55379,9.448,3.5,10.944,-35.4,0.68,-0.2,-5.31,0.12,3.25,0.05,0.1,-0.32,11845.33,170.0,61.24,0.0,30.0,0.0
1774642162590291433,55503,11.16,1.7,9.832,-38.5,1.43,-0.16,-5.31,0.12,3.25,0.1,0.0,-0.39,11848.76,170.0,60.25,0.0,30.0,0.0
1774642162709084216,55617,11.128,1.6,10.34,-55.5,0.7,-0.1,-5.31,0.12,3.25,0.01,0.04,-0.27,11849.11,167.0,59.64,0.0,30.0,0.0
1774642162844930931,55737,9.616,1.7,11.152,-51.3,1.27,-0.14,-5.31,0.12,3.25,0.16,0.02,-0.37,11852.88,166.0,56.61,0.0,30.0,0.0
1774642162950626706,55856,9.632,1.3,11.096,-99.2,1.88,-0.04,-5.31,0.12,3.25,-0.19,0.08,-0.25,11860.77,169.0,49.82,0.0,30.0,0.0
1774642163065318688,55979,10.756,1.2,11.164,-95.5,1.35,-0.12,-5.31,0.12,3.25,-0.1,-0.1,-0.17,11845.33,169.0,60.98,0.0,30.0,0.0
1774642163194152788,56091,9.636,1.8,11.156,-54.1,1.41,-0.12,-5.31,0.12,3.25,0.03,0.04,-0.31,11839.85,179.0,68.89,0.0,30.0,0.0
1774642163306959884,56213,9.612,2.2,10.468,-46.4,0.98,-0.1,-5.31,0.12,3.25,0.04,0.03,-0.31,11844.48,176.0,64.72,0.0,30.0,0.0
1774642163429763934,56334,11.192,1.6,10.056,-20.9,1.23,-0.12,-5.31,0.12,3.25,-0.05,-0.08,-0.3,11848.42,177.0,60.05,0.0,30.0,0.0
1774642163548540444,56456,9.684,2.3,11.152,-56.4,0.86,-0.1,-5.31,0.12,3.25,0.0,0.01,-0.31,11850.14,177.0,59.31,0.0,30.0,0.0
1774642163671405056,56576,10.728,1.7,10.784,-41.5,1.23,-0.06,-5.31,0.12,3.25,0.11,0.14,-0.35,11846.88,172.0,60.15,0.0,30.0,0.0
1774642163800943406,56696,11.16,1.2,11.148,-62.2,0.68,-0.02,-5.31,0.12,3.25,0.06,0.13,-0.38,11849.96,171.0,58.46,0.0,30.0,0.0
1774642163912985635,56817,11.156,1.3,11.116,-97.4,1.62,-0.2,-5.31,0.12,3.25,0.32,0.26,-0.55,11861.63,170.0,49.82,0.0,30.0,0.0
1774642164035851358,56938,11.144,1.8,10.828,-110.0,1.86,-0.02,-5.31,0.12,3.25,0.21,0.14,-0.35,11845.33,172.0,57.76,0.0,30.0,0.0
1774642164146381256,57062,11.144,2.6,9.924,-56.0,0.94,-0.16,-5.31,0.19,3.25,0.0,0.0,-0.37,11837.79,172.0,67.51,0.0,30.0,0.0
1774642164275215174,57175,9.716,1.5,11.06,-41.6,1.35,-0.1,-5.31,0.19,3.25,0.05,-0.04,-0.31,11842.42,177.0,65.1,0.0,30.0,0.0
1774642164383954630,57293,9.592,2.2,11.16,-42.4,0.92,-0.12,-5.31,0.19,3.25,0.04,0.03,-0.39,11846.53,162.0,61.05,0.0,32.0,0.0
1774642164506841387,57410,9.66,2.9,11.164,-61.8,0.55,-0.16,-5.31,0.19,3.25,0.07,-0.03,-0.4,11848.42,173.0,60.45,0.0,32.0,0.0
1774642164621442334,57534,9.592,3.0,10.044,-59.0,1.07,-0.1,-5.31,0.19,3.25,-0.06,-0.21,-0.39,11847.56,173.0,60.25,0.0,32.0,0.0
1774642164740206831,57647,11.188,1.0,11.164,-58.6,1.0,0.06,-5.31,0.19,3.25,0.0,-0.11,-0.33,11850.48,174.0,59.36,0.0,32.0,0.0
1774642164858958237,57765,9.676,2.7,10.06,-62.0,1.48,-0.12,-5.31,0.19,3.25,0.01,-0.02,-0.34,11856.31,178.0,53.26,0.0,32.0,0.0
1774642164983652138,57885,9.676,2.6,10.976,-128.6,3.13,-0.14,-5.31,0.19,3.25,0.07,0.01,-0.22,11855.97,183.0,52.09,0.0,32.0,0.0
1774642165188940439,58002,11.164,1.5,11.16,-67.5,1.31,-0.25,-5.31,0.19,3.25,0.36,0.0,-0.41,11769.53,183.0,64.08,38.75,32.0,0.0
1774642165202018192,58121,10.676,170.0,10.524,-76.8,1.25,0.08,-5.56,0.0,3.13,-1.53,1.59,0.38,167.56,170.0,67.66,78.19,32.0,0.0
1774642165297118414,58221,11.156,1.9,9.904,-61.6,1.07,-0.18,-6.56,0.06,3.06,0.14,-0.93,-0.03,159.67,170.0,67.36,3.55,32.0,0.0
1774642165415891429,58321,11.168,1.8,11.152,-35.9,1.31,-0.12,-6.56,0.0,3.0,0.0,0.03,-0.37,11848.42,168.0,63.03,0.0,32.0,0.0
1774642165514102519,58442,9.632,2.8,11.06,-42.2,1.19,-0.2,-6.56,0.0,3.0,-0.01,0.09,-0.34,146.63,173.0,59.91,0.0,32.0,0.0
1774642165616532351,58542,9.676,2.9,9.948,-49.4,1.33,-0.06,-6.56,0.06,3.0,0.59,0.32,-0.23,174.24,173.0,59.76,0.0,32.0,0.0
1774642165744945501,58641,11.164,1.8,11.152,-41.4,1.72,-0.21,-6.56,0.12,3.06,0.16,-0.01,-0.52,172.87,177.0,60.37,0.0,32.0,0.0
1774642165817207765,58741,9.516,2.1,10.52,-64.1,0.94,-0.08,-6.56,0.12,3.13,-0.11,-0.04,0.0,147.15,168.0,59.29,0.0,32.0,0.0
1774642165915470197,58842,9.8,0.9,11.148,-123.6,2.17,-0.06,-6.56,0.12,3.38,0.33,0.4,-0.47,161.72,168.0,54.95,0.0,32.0,0.0
1774642166017949741,58942,10.132,3.2,11.112,-56.6,1.31,0.0,-6.56,0.06,3.31,0.12,0.05,-0.28,168.58,175.0,52.73,0.0,32.0,0.0
1774642166116147261,59042,9.656,1.7,11.088,-54.6,1.45,0.12,-6.56,0.06,3.25,0.1,0.21,-0.28,164.47,175.0,64.0,0.0,32.0,0.0
1774642166214436226,59142,9.5,1.9,10.048,-73.9,1.04,-0.04,-6.63,0.06,3.19,0.15,-0.06,0.02,164.47,175.0,67.73,0.0,32.0,0.0
1774642166316787130,59242,11.172,1.7,9.888,-31.5,1.05,-0.16,-6.69,0.06,3.31,0.26,0.22,-0.37,190.02,179.0,66.1,0.0,32.0,0.0
1774642166439602202,59342,9.568,2.8,10.864,-30.9,1.33,-0.04,-6.81,-0.06,3.19,0.19,0.27,-0.36,11845.85,172.0,60.29,0.0,34.0,0.0
1774642166537920568,59464,11.184,2.9,11.124,-39.8,0.68,0.1,-7.0,-0.81,3.5,-0.21,0.03,-0.29,146.63,172.0,56.14,0.0,34.0,0.0
1774642166640274509,59565,10.604,1.5,9.868,-36.9,0.78,-0.02,-6.94,-0.81,3.31,0.06,-1.26,1.21,173.9,175.0,58.78,0.0,34.0,0.0
1774642166852944671,59664,10.812,2.1,10.248,-57.2,0.49,0.0,-6.63,-0.75,0.94,-0.3,0.01,0.65,11838.47,185.0,60.79,0.0,34.0,0.0
1774642166877865682,59785,9.64,5.8,11.16,-52.6,0.92,0.66,-5.44,-0.5,-0.75,-0.7,1.27,-0.9,11839.85,238.0,65.81,0.0,34.0,0.0
1774642166996542236,59904,11.004,1.5,11.168,-37.0,0.66,-0.08,-4.38,0.5,1.88,0.15,-0.23,-0.97,11850.14,238.0,62.05,0.0,34.0,0.0
1774642167094859826,60020,9.656,31.9,9.808,-46.6,0.53,4.06,-3.81,1.12,4.31,0.3,-0.21,-0.57,287.26,256.0,53.58,10.72,34.0,0.0
1774642167217736850,60121,9.4,239.5,10.144,-32.2,1.11,-0.55,-3.06,0.88,5.19,-0.44,-0.31,-0.19,11836.07,266.0,53.81,32.39,34.0,0.0
1774642167336428885,60242,9.676,2.1,11.152,-25.3,0.47,-0.18,-0.31,0.75,5.13,-0.12,0.19,-0.4,11845.68,293.0,61.05,0.0,34.0,0.0
1774642167438810433,60361,11.156,1.8,11.144,-44.4,0.25,0.02,3.94,0.63,5.19,-0.06,0.43,-0.51,269.43,293.0,62.24,0.0,34.0,0.0
1774642167537109471,60462,9.432,2.6,11.152,-21.4,0.43,0.0,7.25,0.75,5.44,0.07,0.02,-0.21,267.54,324.0,60.37,0.0,34.0,0.0
1774642167659979941,60562,10.836,567.2,11.016,-20.7,0.98,2.91,10.56,0.63,5.63,0.79,0.02,-0.24,11649.65,332.0,57.3,117.09,34.0,0.0
1774642167808932470,60684,9.604,69.7,9.752,-27.4,0.86,0.78,14.38,0.12,5.94,-0.61,0.23,-0.14,11640.39,332.0,58.8,171.31,34.0,0.0
1774642167893338526,60800,11.112,144.6,9.744,-36.3,0.27,1.05,17.44,0.31,6.13,-0.07,0.21,-0.44,11648.11,362.0,59.85,169.11,34.0,2.0
1774642168020343996,60919,10.948,113.7,10.088,-22.1,1.02,0.7,19.62,0.63,6.44,0.19,0.26,-0.54,11639.53,345.0,59.64,173.32,34.0,2.0
1774642168153246989,61043,9.612,75.0,11.14,-38.7,0.51,0.94,21.06,0.5,6.69,-0.19,0.27,-0.71,11640.91,392.0,58.87,173.2,34.0,2.0
1774642168266090364,61170,9.372,168.6,10.108,-32.3,0.43,0.88,21.81,0.25,6.56,0.2,0.23,-0.6,11641.76,384.0,60.15,170.41,34.0,2.0
1774642168364281480,61290,10.996,72.0,11.124,-30.2,0.8,0.92,21.81,0.06,6.13,0.0,0.19,-0.28,362.21,384.0,60.41,172.07,36.0,2.0
1774642168487156673,61390,10.436,92.0,9.92,-16.8,0.35,0.94,21.5,-0.12,5.75,0.0,0.21,-0.2,11640.73,406.0,59.18,172.26,36.0,2.0
1774642168610033773,61513,9.408,119.6,9.908,-33.3,0.7,1.21,21.12,-0.06,5.56,-0.05,0.27,-0.25,11645.88,403.0,58.4,170.45,36.0,4.0
1774642168760937901,61634,9.452,145.2,11.132,-35.0,0.47,0.68,20.87,0.25,5.63,0.23,0.13,-0.46,11639.19,398.0,59.36,173.24,36.0,4.0
1774642168831164643,61757,9.436,92.6,11.132,-52.0,1.19,0.88,20.75,0.12,5.63,0.12,0.13,-0.4,363.75,398.0,56.75,170.24,36.0,4.0
1774642168933536806,61857,9.436,152.7,11.132,-35.5,1.02,1.7,20.12,0.19,5.38,0.04,0.25,-0.31,356.55,398.0,58.36,168.41,36.0,4.0
1774642169041877347,61958,10.26,149.3,11.124,-22.0,0.78,1.0,18.19,0.44,5.31,-0.02,0.06,-0.2,374.56,429.0,62.17,169.2,36.0,4.0
1774642169134202307,62058,9.732,77.8,9.872,-49.1,0.33,0.8,15.0,0.69,5.06,-0.14,0.07,-0.3,379.7,377.0,63.15,172.62,36.0,4.0
1774642169236579729,62158,9.644,102.3,9.908,-51.6,0.86,0.88,11.13,1.06,4.5,-0.06,0.04,-0.43,359.46,377.0,60.27,171.95,36.0,4.0
1774642169334823429,62259,10.376,105.7,10.812,-30.6,0.55,1.07,6.69,1.56,3.88,0.01,0.18,-0.5,437.15,444.0,59.58,170.0,36.0,6.0
1774642169437202721,62359,11.108,92.2,10.024,-26.2,0.45,0.9,2.69,1.56,3.69,-0.2,-0.05,-0.34,398.05,449.0,61.47,173.46,36.0,6.0
1774642169535508982,62459,9.52,72.7,10.248,-22.7,0.43,1.0,-0.12,1.25,4.0,-0.07,-0.07,-0.29,387.42,449.0,60.27,171.07,36.0,6.0
1774642169633754293,62560,11.032,166.5,11.108,-36.9,0.25,1.19,-1.37,1.5,4.25,-0.17,-0.23,-0.33,445.73,391.0,60.37,170.79,36.0,6.0
1774642169756613269,62659,10.544,1.6,11.156,-21.2,1.23,-1.91,-1.5,1.75,4.38,-0.14,0.04,-0.3,11843.79,444.0,61.01,52.44,36.0,6.0
1774642169884943573,62779,9.7,1.3,10.92,-28.0,1.17,-0.14,-1.25,1.88,4.5,0.11,0.09,-0.41,403.02,444.0,60.91,0.0,36.0,6.0
1774642169957318819,62879,10.496,2.1,11.148,-48.4,0.47,-0.06,-1.31,1.5,4.69,-0.12,-0.07,-0.29,390.33,413.0,59.81,0.0,36.0,6.0
1774642170055588440,62980,9.576,2.9,11.164,-16.9,1.13,-0.06,-1.5,1.37,4.69,-0.07,0.0,-0.33,393.08,353.0,61.24,0.0,36.0,6.0
1774642170157953847,63080,11.164,2.2,11.168,-26.1,0.72,-0.08,-1.56,1.37,4.56,-0.12,-0.11,-0.2,387.25,353.0,60.27,0.0,36.0,6.0
1774642170256252464,63179,11.196,1.7,10.048,-13.3,0.88,0.0,-1.06,1.56,4.5,0.08,0.08,-0.43,394.28,482.0,60.15,0.0,36.0,6.0
1774642170354475613,63279,9.996,2.2,11.152,-22.1,0.72,-0.12,-0.44,1.44,4.5,0.02,0.01,-0.76,394.62,479.0,59.54,0.0,38.0,6.0
1774642170456859128,63379,9.944,2.2,11.168,-25.3,0.45,0.0,0.25,1.06,4.56,-0.01,0.29,-0.35,164.81,479.0,60.41,0.0,38.0,6.0
1774642170555175463,63479,11.22,1.3,11.152,-36.6,0.47,0.02,0.75,1.06,4.88,-0.21,-0.07,-0.39,392.39,436.0,60.03,0.0,38.0,6.0
1774642170653437383,63579,9.504,626.0,10.996,-21.1,0.35,4.28,1.0,1.0,4.94,0.51,0.01,-0.4,387.59,487.0,59.54,78.25,38.0,6.0
1774642170755831544,63679,9.96,119.7,10.844,-39.0,0.35,0.84,0.94,0.5,4.94,-0.51,0.15,-0.3,391.36,487.0,60.02,170.2,38.0,6.0
1774642170854113460,63778,11.128,108.6,11.136,-30.7,0.7,0.7,0.69,1.06,5.0,0.11,-0.19,-0.23,390.33,428.0,59.81,171.56,38.0,6.0
1774642170956511416,63878,11.108,139.1,11.124,-22.9,0.51,1.43,0.06,1.19,4.75,-0.35,-0.06,-0.48,404.57,428.0,59.76,169.31,38.0,8.0
1774642171084979640,63978,11.128,130.6,10.888,-36.6,0.51,0.35,-0.88,1.19,4.5,0.09,0.29,-0.23,393.76,439.0,59.81,171.56,38.0,8.0
1774642171153052755,64078,10.92,121.7,11.128,-24.6,0.72,0.9,-1.56,1.19,4.69,-0.17,-0.07,-0.29,383.65,462.0,60.63,172.62,38.0,8.0
1774642171255486835,64178,10.996,-77.6,11.176,-23.0,0.88,-7.56,-2.06,1.31,4.88,-0.45,-0.03,-0.21,429.95,462.0,61.81,129.89,38.0,8.0
1774642171353670642,64278,11.2,1.5,9.956,-17.6,0.16,0.06,-3.19,1.5,4.63,-0.05,0.2,-0.33,409.54,451.0,59.81,2.36,38.0,8.0
1774642171456061416,64378,9.752,2.3,9.94,-18.1,0.59,0.12,-5.0,1.12,4.63,-0.23,0.05,-0.38,159.15,457.0,60.15,0.0,38.0,8.0
1774642171554378345,64478,11.168,3.3,11.14,-53.6,0.68,0.1,-7.94,1.25,4.69,-0.1,-0.07,-0.19,394.79,457.0,59.39,0.0,38.0,8.0
1774642171652647616,64577,9.78,3.2,11.16,-16.3,0.84,0.1,-12.06,1.75,4.56,-0.1,0.04,-0.29,416.4,425.0,59.02,0.0,38.0,8.0
1774642171780945985,64677,11.008,2.2,11.164,-17.0,0.86,-0.02,-17.56,2.06,4.38,-0.01,0.15,-0.4,11845.33,455.0,60.87,0.0,38.0,8.0
1774642171873780810,64797,9.568,1.9,10.028,-34.1,0.53,0.08,-25.12,1.88,4.5,-0.14,-0.02,-0.4,469.74,455.0,59.64,0.0,38.0,8.0
1774642171996629698,64898,11.192,2.7,11.156,-37.3,0.66,-0.02,-31.12,1.81,4.44,-0.09,0.06,-0.41,11849.62,468.0,60.49,0.0,38.0,8.0
1774642172094921929,65019,11.064,2.4,11.18,-45.5,0.45,-0.06,-37.38,2.13,4.19,0.15,0.06,-0.35,419.66,487.0,59.91,0.0,38.0,8.0
1774642172217803535,65119,10.22,1.7,11.136,-23.1,0.06,-0.02,-41.81,2.0,4.06,-0.25,0.03,-0.28,11847.56,426.0,59.35,0.0,38.0,8.0
1774642172316012671,65241,11.164,1.6,10.216,-33.0,0.51,-0.06,-46.38,2.44,3.88,0.04,-0.1,-0.41,379.19,426.0,59.44,0.0,38.0,8.0
1774642172418397577,65341,10.728,1.9,10.028,-37.2,0.57,0.08,-49.69,2.94,3.69,-0.22,-0.06,-0.27,382.27,551.0,61.17,0.0,40.0,8.0
1774642172526763378,65441,11.164,1.2,10.636,-30.8,0.98,-0.12,-52.5,3.19,3.75,-0.33,-0.2,-0.5,379.36,551.0,60.27,0.0,40.0,8.0
1774642172619096080,65542,10.416,1.6,11.164,-22.3,0.23,0.02,-55.06,3.25,3.88,-0.26,-0.39,-0.37,391.02,403.0,60.15,0.0,40.0,8.0
1774642172741935102,65642,10.596,1.6,11.168,-23.3,0.88,0.06,-57.81,3.63,3.75,-0.07,-0.08,-0.27,11846.7,472.0,60.65,0.0,40.0,8.0
1774642172840223000,65763,9.688,2.4,11.152,-36.1,0.47,0.0,-61.31,4.0,4.0,0.0,0.03,-0.53,373.53,472.0,58.58,0.0,40.0,8.0
1774642172942621570,65863,11.176,1.5,11.152,-32.1,0.59,-0.1,-64.69,3.63,4.75,-0.29,-0.12,-0.62,429.78,452.0,59.81,0.0,40.0,8.0
1774642173040904915,65964,10.672,2.4,9.884,-45.2,0.55,0.0,-68.62,3.56,5.38,0.04,-0.03,-0.42,346.09,479.0,61.24,0.0,40.0,8.0
1774642173143269286,66064,11.128,2.5,10.804,-34.6,0.55,0.16,-72.56,3.56,5.63,0.05,-0.28,-0.46,364.61,479.0,60.27,0.0,40.0,8.0
1774642173241550249,66164,11.164,1.0,11.152,-52.3,0.84,-0.02,-75.25,2.94,5.13,-0.75,-0.34,-0.33,355.52,430.0,60.37,0.0,40.0,8.0
1774642173343921913,66265,9.552,1.9,11.172,-20.1,0.68,0.2,-76.44,3.19,4.25,-0.09,-0.25,-0.29,364.61,438.0,60.63,0.0,40.0,8.0
1774642173442195654,66364,11.196,2.0,9.884,-47.2,0.86,-0.08,-76.31,3.13,4.0,-0.24,-0.37,-0.39,378.16,438.0,60.02,0.0,40.0,8.0
1774642173540563218,66464,11.156,1.6,10.92,-40.6,0.51,-0.02,-75.12,3.06,4.44,0.18,-0.35,-0.51,376.61,465.0,58.78,0.0,40.0,8.0
1774642173642904201,66564,11.164,1.7,11.124,-28.2,0.39,0.02,-72.62,3.13,4.88,0.22,-0.48,-0.49,386.39,465.0,60.02,0.0,40.0,8.0
1774642173741195514,66664,9.508,2.8,11.172,-33.1,0.31,0.1,-67.81,2.94,5.0,0.11,-0.23,-0.2,400.28,451.0,60.37,0.0,40.0,8.0
1774642173859874785,66764,11.008,2.2,11.176,-26.7,0.14,0.0,-60.56,2.38,4.94,-0.29,-0.23,-0.26,11845.5,515.0,60.51,0.0,40.0,8.0
1774642173962338050,66884,11.168,1.3,11.144,-46.7,0.31,0.04,-50.13,2.5,5.06,-0.15,-0.09,-0.34,381.59,419.0,58.78,0.0,40.0,8.0
1774642174236974325,66984,9.564,1.5,10.024,-19.1,0.25,-0.04,-41.06,2.94,5.5,-0.28,-0.18,-0.4,11846.19,473.0,60.65,0.0,40.0,8.0
1774642174281972349,67103,9.488,2.9,10.948,-27.2,0.61,-0.04,-30.69,3.25,5.88,-0.3,-0.05,-0.42,11845.68,473.0,61.85,0.0,40.0,8.0
1774642174314776001,67217,9.548,2.6,11.16,-18.7,0.7,0.08,-21.5,3.25,5.75,-0.34,0.11,-0.32,11846.02,585.0,61.75,0.0,42.0,8.0
1774642174417162342,67337,11.184,1.9,10.84,-18.1,0.29,0.04,-12.13,3.31,5.75,-0.23,0.16,-0.26,163.27,585.0,61.24,0.0,42.0,8.0
1774642174546057560,67437,11.088,1.5,10.852,-27.2,1.19,-0.04,-5.19,3.06,6.13,-0.35,0.1,-0.38,11848.59,462.0,58.7,0.0,42.0,8.0
1774642174659030086,67559,9.684,2.0,11.148,-18.8,0.37,0.02,2.5,2.88,6.38,-0.22,0.1,-0.2,11850.31,489.0,57.93,0.0,42.0,8.0
1774642174868940312,67681,10.456,2.1,11.132,-42.2,0.33,-0.04,9.88,2.44,6.25,-0.25,0.29,-0.3,11807.09,452.0,59.44,27.6,42.0,8.0
1774642174880593087,67801,10.928,371.0,11.08,-41.3,0.61,1.82,16.62,1.69,6.19,-1.73,0.69,-0.7,427.55,452.0,56.71,147.79,42.0,8.0
1774642175007297414,67901,11.128,129.2,9.736,-25.1,0.49,1.07,21.69,2.06,6.06,-0.32,0.21,-0.38,11639.36,475.0,60.49,172.28,42.0,8.0
1774642175126168650,68026,11.108,98.3,11.12,-36.2,0.29,1.13,26.69,2.44,5.69,-0.3,0.34,-0.3,11639.36,511.0,61.61,171.83,42.0,10.0
1774642175244945668,68147,11.092,195.3,10.832,-20.6,0.59,0.86,30.81,2.06,5.5,-0.57,0.14,-0.25,11641.93,508.0,60.54,169.8,42.0,10.0
1774642175347469296,68268,10.184,109.1,10.096,-15.2,0.96,0.74,34.13,1.81,6.13,-0.38,0.15,-0.43,405.94,508.0,59.12,170.2,42.0,10.0
1774642175449931706,68368,9.608,99.1,11.136,-21.0,0.29,0.47,36.63,1.5,6.56,-0.31,0.22,-0.25,451.56,519.0,59.81,173.13,42.0,10.0
1774642175548281718,68468,11.092,184.6,10.0,-24.4,0.72,0.82,38.88,1.44,6.75,-0.02,0.25,-0.44,428.92,492.0,59.79,170.09,42.0,10.0
1774642175704944656,68569,9.648,78.2,9.892,-33.4,0.39,0.76,41.0,1.37,7.0,-0.08,0.14,-0.21,418.97,492.0,59.12,171.99,42.0,10.0
1774642175749101422,68669,10.632,110.7,11.116,-31.6,0.57,1.02,43.25,1.12,7.31,-0.12,0.13,-0.27,429.95,480.0,59.81,171.56,42.0,10.0
1774642175872019427,68769,10.632,112.6,11.132,-44.3,0.37,1.31,45.25,1.19,7.63,-0.24,0.23,-0.29,11646.05,466.0,59.64,170.92,42.0,12.0
1774642175970381020,68890,11.1,145.5,11.136,-35.1,0.35,0.57,47.19,1.37,8.38,-0.39,0.12,-0.3,400.11,466.0,59.12,170.2,42.0,12.0
1774642176078780376,68990,9.544,97.9,10.0,-40.2,0.61,0.94,48.38,1.25,8.81,-0.23,0.13,-0.36,387.08,548.0,59.58,173.97,42.0,12.0
1774642176171181975,69090,10.376,231.4,10.144,-17.1,0.82,-3.07,49.31,1.5,9.0,-0.66,0.43,0.33,402.51,434.0,60.39,73.15,42.0,12.0
1774642176269540300,69190,10.796,883.8,9.628,-25.6,0.45,3.91,50.13,1.88,9.06,1.45,-0.62,-0.22,378.67,434.0,59.39,73.57,42.0,12.0
1774642176371959378,69291,9.572,116.6,11.124,-36.6,0.35,0.7,51.0,1.06,9.06,-0.25,0.24,-0.06,401.31,436.0,60.95,170.01,44.0,12.0
1774642176470319796,69391,11.092,68.4,11.128,-38.8,0.64,0.64,51.56,0.81,9.19,-0.16,0.15,-0.19,387.25,436.0,60.27,172.84,44.0,12.0
1774642176593282677,69490,9.324,139.2,9.928,-19.2,0.8,0.61,52.31,1.0,9.13,-0.24,0.11,-0.29,11635.93,434.0,59.87,174.74,44.0,12.0
1774642176691622455,69611,11.092,123.2,9.92,-44.0,0.68,0.84,53.63,0.94,8.94,0.23,0.13,-0.45,378.5,422.0,59.26,168.41,44.0,14.0
1774642176816955745,69711,11.116,124.8,11.12,-19.6,0.49,0.27,55.0,0.81,8.88,-0.19,0.18,-0.41,389.65,422.0,59.39,171.07,44.0,14.0
1774642176892439971,69811,11.108,119.8,10.928,-41.2,0.18,0.64,56.44,0.75,8.94,0.08,0.13,-0.4,409.37,446.0,60.15,175.63,44.0,14.0
1774642177015346177,69911,10.544,48.9,9.964,-19.5,0.61,0.82,57.94,0.56,9.06,0.0,0.18,-0.28,11638.5,415.0,60.65,173.42,44.0,14.0
1774642177134224482,70032,9.592,127.6,11.1,-44.8,0.92,1.15,60.38,0.5,9.31,-0.02,0.04,-0.32,11635.76,434.0,61.05,172.62,44.0,14.0
1774642177236690645,70153,9.604,67.2,11.144,-34.5,0.29,0.7,64.62,1.0,9.5,0.27,0.28,-0.39,398.39,434.0,61.4,171.92,44.0,14.0
1774642177359584491,70253,9.336,76.0,11.132,-19.0,0.43,0.53,68.94,0.94,9.69,0.0,0.31,-0.53,11640.05,414.0,60.49,174.7,44.0,16.0
1774642177467987142,70377,11.104,82.3,9.948,-20.7,0.78,1.07,74.44,0.81,9.81,0.1,0.23,-0.18,376.96,426.0,55.64,169.91,44.0,16.0
1774642177560410376,70477,10.424,94.1,11.124,-20.1,1.11,0.9,77.87,0.63,9.81,-0.37,0.39,-0.34,414.52,426.0,58.23,173.78,44.0,16.0
1774642177658739898,70577,11.128,104.1,10.78,-21.8,0.45,0.53,79.94,0.69,9.69,-0.36,0.28,-0.25,392.39,392.0,61.75,174.02,44.0,16.0
1774642177868936916,70677,11.092,185.8,11.128,-29.6,0.76,1.33,81.06,1.12,9.38,0.05,0.02,-0.1,11642.28,418.0,60.65,170.92,44.0,16.0
1774642177884219284,70800,11.116,124.6,11.124,-31.7,0.66,0.61,82.56,0.94,9.19,-0.2,0.18,-0.32,387.76,418.0,58.94,171.78,44.0,16.0
1774642177982503486,70900,10.568,95.4,11.132,-30.5,0.96,0.76,84.12,0.25,9.13,-0.29,0.32,0.04,396.68,431.0,59.34,174.02,44.0,16.0
1774642178085001090,71001,11.1,123.1,11.096,-43.2,0.43,0.86,85.44,-0.44,9.13,-0.42,0.56,0.14,392.91,397.0,58.94,172.62,44.0,18.0
1774642178183281741,71101,11.108,149.1,9.792,-38.7,0.41,0.88,86.81,-0.63,9.63,0.36,0.29,-0.11,440.24,397.0,60.52,169.29,44.0,18.0
1774642178285772677,71201,11.1,107.1,10.276,-22.3,0.68,0.66,89.06,-0.94,10.0,-0.05,0.15,0.0,422.92,447.0,59.58,173.97,46.0,18.0
1774642178384063462,71301,9.38,96.0,11.132,-25.0,0.68,0.59,92.44,-1.56,9.75,-0.22,0.55,-0.03,418.29,464.0,56.71,174.42,46.0,18.0
1774642178502919187,71401,9.38,108.7,11.124,-30.5,0.64,1.45,96.5,-2.31,9.19,0.35,0.91,-0.48,11640.91,468.0,59.29,169.41,46.0,18.0
1774642178605419036,71521,11.12,123.7,11.132,-24.3,0.33,0.57,100.75,-2.56,9.69,0.18,0.43,0.59,481.23,468.0,62.71,171.99,46.0,18.0
1774642178703755696,71621,11.112,79.4,11.144,-30.7,0.51,0.64,103.62,-2.31,9.63,0.1,-0.16,-0.28,439.9,427.0,61.96,173.18,46.0,18.0
1774642178920938095,71721,10.972,161.2,11.124,-41.0,0.76,0.94,107.37,-1.0,8.56,0.78,-0.53,-0.48,11643.65,607.0,59.14,170.41,46.0,20.0
1774642178949637664,71841,9.428,128.6,11.124,-40.4,0.72,0.66,112.69,-0.5,6.63,-0.66,-0.39,-0.45,11632.67,607.0,60.04,175.0,46.0,20.0
1774642179072560811,71965,10.012,80.2,9.964,-31.0,0.66,0.53,119.5,0.63,4.56,-0.13,-0.73,-0.04,11643.82,490.0,58.75,172.33,46.0,20.0
1774642179195499834,72087,9.816,110.2,11.068,-26.3,0.64,1.54,125.75,1.75,2.5,0.65,-0.95,0.8,11644.33,488.0,58.46,170.5,46.0,20.0
1774642179293865567,72210,9.468,124.6,11.144,-27.8,0.68,0.61,130.63,-0.19,1.12,0.74,-0.39,-1.64,465.97,488.0,59.44,175.01,46.0,20.0
1774642179392200396,72310,9.644,111.6,11.14,-40.2,0.88,0.78,133.63,-0.44,1.37,0.84,-0.05,-0.81,507.47,607.0,61.38,172.34,46.0,20.0
1774642179515150146,72410,9.612,148.0,11.104,-31.8,1.13,1.43,135.94,-0.75,2.13,0.96,-0.12,0.41,11644.68,536.0,57.32,170.95,46.0,22.0
1774642179617583849,72531,11.116,89.6,9.988,-15.6,0.45,0.37,138.56,-2.19,3.75,0.1,-0.03,0.1,420.86,536.0,58.43,170.13,46.0,22.0
1774642179715938762,72631,11.116,159.5,10.316,-38.4,0.64,0.64,141.13,-2.13,5.25,0.53,0.28,0.73,416.57,557.0,60.15,174.02,46.0,22.0
1774642179868930253,72731,10.144,96.1,9.856,-47.2,0.63,1.45,144.13,-1.81,6.75,-0.36,0.36,0.23,450.53,460.0,59.19,170.08,46.0,22.0
1774642179937192473,72832,10.32,0.0,11.12,-24.9,1.27,1.07,147.19,-1.19,8.13,-0.54,0.17,-0.05,11635.59,467.0,59.64,172.42,46.0,22.0
1774642180039685259,72953,10.056,119.0,10.588,-43.8,0.63,0.8,150.94,0.88,8.25,-1.16,-0.37,-1.03,446.59,467.0,60.41,177.56,46.0,22.0
1774642180138028479,73053,9.448,88.4,11.108,-38.7,0.8,0.9,153.94,3.63,6.56,-0.76,0.43,-0.33,447.96,477.0,59.34,163.6,46.0,24.0
1774642180236348170,73152,9.564,139.3,11.128,-43.4,0.86,1.45,157.13,5.69,4.75,0.23,-0.16,0.77,449.33,477.0,56.73,148.91,46.0,24.0
1774642180338788205,73252,11.132,41.2,9.94,-39.6,1.13,0.61,160.0,5.81,3.0,0.0,0.33,-0.64,435.44,544.0,60.95,144.35,48.0,24.0
1774642180437158180,73352,11.108,123.7,9.764,-42.2,0.41,0.9,162.25,4.25,2.38,-0.23,0.56,0.0,437.32,555.0,62.94,133.54,48.0,24.0
1774642180539611907,73452,9.584,50.3,11.144,-19.7,0.84,0.51,163.19,3.0,2.44,-0.14,0.47,0.14,437.32,555.0,60.91,117.35,48.0,24.0
1774642180638016158,73551,11.096,81.0,10.524,-28.1,0.53,1.07,163.06,2.0,3.31,-0.57,0.08,-0.21,427.21,563.0,60.37,106.45,48.0,24.0
1774642180736333902,73651,11.108,106.9,11.016,-27.7,0.82,0.84,162.94,1.5,4.06,-0.63,0.16,-0.19,422.4,524.0,58.69,109.72,48.0,24.0
1774642180838773141,73751,9.628,72.4,11.128,-25.4,1.0,0.8,162.94,1.37,4.5,-0.25,0.02,0.03,415.72,524.0,59.39,122.32,48.0,24.0
1774642180937110803,73851,9.348,88.5,10.436,-30.2,0.68,0.72,162.75,1.31,4.75,-0.09,0.2,0.08,409.71,499.0,60.37,129.48,48.0,24.0
1774642181035422533,73951,9.536,65.9,11.14,-36.7,0.7,0.8,162.56,1.31,5.06,-0.33,0.11,-0.13,405.08,499.0,60.66,128.57,48.0,24.0
1774642181137904897,74050,11.116,138.0,11.112,-29.6,1.15,0.8,162.25,1.25,5.25,-0.11,0.07,-0.07,399.42,464.0,58.78,126.31,48.0,26.0
1774642181236219358,74150,9.356,120.2,10.312,-21.6,0.45,0.82,161.88,1.31,5.13,-0.03,0.06,-0.08,399.6,464.0,59.79,129.68,48.0,26.0
1774642181338657200,74250,9.604,69.6,11.144,-32.6,0.78,0.35,161.88,1.25,4.75,0.28,0.28,-0.09,154.35,464.0,61.07,134.17,48.0,26.0
1774642181437004399,74350,9.552,94.3,11.128,-28.7,0.64,0.61,162.19,1.12,4.75,-0.04,0.23,-0.15,402.0,494.0,59.48,134.42,48.0,26.0
1774642181545445532,74450,11.008,99.6,9.924,-52.8,0.84,0.7,162.5,1.0,4.81,0.05,0.21,-0.17,393.76,439.0,59.79,132.2,48.0,26.0
1774642181637830775,74550,11.1,183.4,9.688,-17.8,1.04,1.25,162.63,0.94,4.81,-0.09,0.16,-0.21,396.17,439.0,61.57,123.14,48.0,26.0
1774642181740290387,74650,11.14,92.5,10.732,-24.3,1.05,0.53,162.38,1.06,4.69,-0.16,0.09,-0.1,388.45,465.0,60.37,123.92,48.0,26.0
1774642181838653371,74750,9.54,70.4,9.736,-49.0,0.92,0.25,162.25,1.06,4.63,0.29,-0.09,-0.36,395.31,465.0,57.61,126.75,48.0,26.0
1774642181960940863,74850,11.096,119.0,9.74,-46.2,0.9,1.04,162.38,1.0,4.69,-0.32,0.08,-0.13,394.79,446.0,59.34,129.11,48.0,26.0
1774642182059916870,74950,11.104,150.0,11.1,-34.4,0.66,1.43,162.56,0.88,4.75,-0.2,0.06,0.01,11695.96,443.0,61.15,127.31,48.0,28.0
1774642182268937851,75070,11.052,139.8,10.188,-32.5,1.11,1.11,162.75,0.88,4.63,0.61,-0.04,0.01,11687.9,462.0,60.54,130.83,48.0,28.0
1774642182281252818,75192,9.276,44.6,11.132,-22.5,0.94,1.25,163.19,0.56,4.38,0.07,0.01,-0.06,438.18,462.0,60.15,127.17,50.0,28.0
1774642182379481674,75292,11.136,39.4,11.144,-28.0,1.02,0.92,163.56,0.56,4.38,0.02,0.05,-0.12,428.75,470.0,59.81,127.49,50.0,28.0
1774642182502444253,75393,9.268,79.8,10.2,-31.8,0.9,0.72,163.38,0.69,4.5,-0.01,0.12,-0.35,11725.28,475.0,59.14,104.75,50.0,28.0
1774642182604946338,75515,9.336,114.0,11.128,-37.0,0.59,1.7,161.88,0.56,4.81,0.15,-0.06,-0.37,406.11,475.0,60.41,115.32,50.0,28.0
1774642182703214250,75616,9.556,87.2,11.12,-35.6,0.84,0.82,160.06,0.75,5.0,0.06,0.18,-0.57,394.28,462.0,60.37,123.92,50.0,28.0
1774642182805712592,75716,9.352,131.2,11.116,-23.3,0.86,1.23,158.81,1.12,5.44,-0.13,0.09,-0.04,391.02,450.0,58.86,138.98,50.0,28.0
1774642182904069676,75816,11.076,79.0,9.936,-20.8,0.55,0.76,158.63,1.31,5.75,0.22,0.01,0.11,377.3,450.0,59.12,152.28,50.0,28.0
1774642183006506377,75916,11.1,159.8,10.272,-44.2,0.86,1.33,158.88,1.31,5.75,-0.23,0.44,0.11,362.21,428.0,59.91,153.03,50.0,30.0
1774642183104889644,76016,11.016,111.9,9.748,-27.5,1.02,0.68,159.06,1.56,6.06,0.19,0.31,-0.48,382.45,408.0,59.19,145.9,50.0,30.0
1774642183203185371,76116,9.352,107.7,11.14,-11.4,0.86,0.66,159.06,1.88,6.56,-0.01,0.18,-0.68,349.86,408.0,60.91,150.49,50.0,30.0
1774642183305634880,76216,9.608,98.6,11.128,-22.3,0.68,0.92,158.69,1.69,6.31,-0.37,0.12,-0.31,326.88,365.0,60.72,145.74,50.0,30.0
1774642183403952746,76316,11.088,198.1,11.088,-47.0,0.7,1.31,158.38,1.81,5.5,0.2,0.24,-0.19,154.86,365.0,58.23,137.95,50.0,30.0
1774642183506431955,76416,9.372,161.3,11.072,-25.4,0.59,1.39,158.25,2.06,4.88,0.32,0.21,0.05,300.47,365.0,59.58,143.78,50.0,30.0
1774642183604770127,76516,10.536,113.9,11.144,-17.7,0.82,1.21,158.31,2.56,4.94,0.14,-0.15,0.18,270.28,331.0,61.47,151.57,50.0,30.0
1774642183707236496,76616,11.092,97.6,9.952,-20.2,1.17,1.11,158.38,2.81,4.63,0.35,-0.09,0.43,264.97,331.0,61.16,149.8,50.0,30.0
1774642183948943975,76717,11.096,148.7,11.124,-20.0,1.0,1.45,158.38,2.69,4.06,0.15,0.0,0.23,261.88,314.0,60.37,145.37,50.0,32.0
1774642183994106838,76817,9.632,88.7,11.108,-38.5,1.11,0.94,158.13,2.25,3.56,0.16,0.05,0.1,285.03,310.0,59.54,142.89,50.0,32.0
1774642184030922269,76917,9.572,78.9,11.124,-28.8,1.21,0.59,158.19,2.06,3.19,-0.21,0.05,0.17,11671.78,284.0,59.79,147.98,50.0,32.0
1774642184129306519,77039,11.112,74.5,11.124,-38.2,0.72,0.23,158.94,2.13,2.94,0.02,-0.17,-0.18,260.68,284.0,56.14,141.99,50.0,32.0
1774642184252272139,77139,11.084,145.4,9.796,-18.4,1.27,1.07,159.5,2.06,2.44,-0.56,-0.04,0.65,11678.81,308.0,61.59,141.94,52.0,32.0
1774642184379211441,77261,11.128,90.6,10.892,-21.8,1.04,0.78,159.63,1.75,1.69,-0.18,0.0,-0.33,11672.12,305.0,62.45,142.45,52.0,32.0
1774642184481702711,77389,11.048,76.4,11.144,-24.1,1.02,0.55,159.94,1.69,1.75,0.3,-0.24,0.06,256.74,305.0,59.26,138.78,52.0,32.0
1774642184604629035,77490,11.12,124.3,11.108,-23.2,0.64,0.74,160.88,1.31,1.81,-0.2,-0.16,0.08,11683.61,303.0,60.76,138.27,52.0,34.0
1774642184727562233,77616,9.556,136.9,11.112,-36.8,0.25,1.07,164.38,1.5,1.88,-0.36,-0.14,-0.24,11684.81,327.0,60.93,134.86,52.0,34.0
1774642184825909670,77734,9.464,85.7,9.996,-26.5,0.7,0.78,170.19,1.19,2.06,-0.56,-0.08,-0.35,299.78,302.0,57.2,128.69,52.0,34.0
1774642184924259811,77833,11.144,42.9,10.008,-43.0,0.25,0.23,175.69,0.75,2.0,-0.66,0.3,-0.06,275.77,302.0,59.49,110.75,52.0,34.0
1774642185048973523,77933,11.14,14.4,9.92,-24.7,0.43,0.33,-179.19,1.0,2.44,0.04,-0.06,-0.31,301.67,279.0,60.6,66.89,52.0,34.0
1774642185145540586,78033,11.072,18.3,9.948,-25.5,0.84,0.45,-174.88,0.81,3.13,-0.12,0.31,-0.24,11814.98,292.0,61.78,27.9,52.0,34.0
1774642185268468652,78155,11.112,29.3,10.048,-38.4,0.45,1.17,-171.94,0.12,4.06,0.78,0.29,-0.24,11838.3,285.0,61.94,6.26,52.0,34.0
1774642185366766137,78275,9.564,2.5,11.172,-8.2,1.13,-0.04,-172.5,0.0,4.63,-0.06,0.29,0.0,146.63,285.0,56.79,0.0,52.0,34.0
1774642185465158090,78375,9.644,4.2,11.164,-29.1,0.86,0.43,-175.25,0.0,4.56,-0.17,0.19,-0.03,301.33,252.0,59.02,0.0,52.0,34.0
1774642185567587069,78475,9.548,29.8,11.16,-46.3,0.35,0.78,-179.69,-0.06,4.06,-0.09,0.25,-0.24,272.0,252.0,61.57,19.92,52.0,34.0
1774642185665906174,78575,9.484,34.4,10.02,-21.1,0.92,0.88,174.94,0.0,3.5,-0.23,0.24,-0.36,284.35,271.0,62.96,49.58,52.0,34.0
1774642185768362869,78675,11.12,109.0,11.124,-16.7,1.15,1.76,169.44,0.12,3.06,0.21,-0.06,-0.05,272.51,286.0,61.47,71.57,52.0,34.0
1774642185888933863,78775,10.228,97.3,11.128,-18.9,1.09,0.68,164.63,0.12,2.75,0.02,-0.24,-0.15,256.56,286.0,57.95,109.56,52.0,34.0
1774642185965069314,78874,11.104,139.7,10.004,-16.3,0.86,1.6,161.19,0.31,2.31,0.26,-0.07,-0.21,314.36,296.0,59.02,133.78,52.0,34.0
1774642186067481091,78974,9.552,140.8,11.14,-23.1,1.09,1.07,159.06,0.44,1.63,-0.04,0.12,-0.53,232.38,296.0,60.41,150.1,52.0,34.0
1774642186165840817,79075,11.076,173.0,9.904,-36.9,0.37,1.76,158.31,0.63,1.19,-0.42,-0.13,-0.61,217.98,303.0,59.81,165.26,52.0,36.0
1774642186268341283,79175,9.512,206.1,11.108,-31.7,0.33,1.54,158.31,0.69,0.94,-0.25,-0.16,-0.11,217.46,264.0,58.94,154.09,54.0,36.0
1774642186366580326,79276,9.52,38.7,9.948,-32.4,0.68,0.2,158.75,1.0,0.69,0.38,-0.35,0.13,148.35,264.0,60.02,158.56,54.0,36.0
1774642186469043590,79376,9.54,133.9,11.128,-76.7,1.39,0.66,158.94,0.31,-0.44,-1.24,0.37,-0.63,176.99,237.0,54.81,153.32,54.0,36.0
1774642186567376545,79476,10.316,128.4,10.768,-105.1,2.03,1.15,158.81,1.06,-1.12,0.62,0.16,-0.24,184.88,225.0,46.69,137.56,54.0,36.0
1774642186686246146,79577,10.168,119.9,11.032,-113.2,2.05,1.02,159.5,1.12,-1.0,0.13,0.55,-0.14,11684.64,222.0,45.84,142.5,54.0,36.0
1774642186788759544,79694,9.384,225.6,11.028,-150.8,4.08,1.95,160.69,1.06,-0.56,-0.36,0.21,-0.5,176.13,222.0,49.76,147.36,54.0,36.0
1774642186912936062,79795,10.444,343.8,10.988,-149.3,2.93,2.15,161.63,-1.5,-0.12,-0.69,0.24,-1.12,180.59,215.0,56.4,135.05,54.0,36.0
1774642186989509761,79895,10.744,305.2,10.724,-129.5,2.46,2.42,160.63,-1.63,0.06,-0.13,-0.14,-1.08,187.28,215.0,60.27,123.2,54.0,38.0
1774642187087945556,79995,10.82,435.0,9.984,-147.6,2.71,3.85,159.63,-1.06,-0.06,-0.06,-0.03,-0.27,170.47,202.0,58.78,119.95,54.0,38.0
1774642187190266747,80095,10.84,394.3,10.732,-176.5,2.25,2.71,158.94,-0.63,-0.25,0.0,-0.01,0.0,181.45,210.0,57.84,114.82,54.0,38.0
1774642187309025999,80195,10.212,482.1,9.804,-153.7,2.4,4.1,157.63,-0.37,-0.44,0.9,0.11,-0.05,11687.21,217.0,55.48,127.79,54.0,38.0
1774642187411531454,80317,9.156,459.4,10.932,-151.2,3.01,4.04,155.38,-0.37,-0.37,0.06,0.06,-0.07,155.72,217.0,54.92,135.46,54.0,38.0
1774642187509922606,80417,9.936,509.7,10.164,-174.9,2.6,3.61,153.25,-0.75,-0.06,0.46,0.0,-0.05,143.72,204.0,58.23,136.93,54.0,38.0
1774642187612340987,80517,10.868,553.7,10.248,-142.4,3.03,4.2,151.25,-0.94,0.31,-0.28,-0.11,0.06,166.53,204.0,61.16,140.05,54.0,38.0
1774642187732933711,80617,9.128,491.5,10.94,-164.2,2.73,4.2,149.38,-0.81,0.75,0.18,-0.12,-0.66,168.76,189.0,61.96,140.61,54.0,38.0
1774642187833588668,80717,10.588,481.5,10.248,-131.4,3.16,3.73,147.81,-0.94,1.12,0.15,-0.08,-0.06,11680.87,170.0,59.79,141.5,54.0,40.0
1774642187952418450,80839,9.336,457.4,10.792,-157.0,2.68,3.03,146.25,-1.25,1.19,0.0,-0.38,-0.46,11680.35,162.0,58.24,141.04,54.0,40.0
1774642188075354121,80960,10.852,0.0,10.94,-128.1,2.3,4.14,145.5,-1.5,1.25,0.1,-0.21,-0.31,11683.44,157.0,60.54,139.88,54.0,40.0
1774642188177807018,81081,10.812,525.6,9.808,-198.4,3.16,3.67,144.75,-1.25,1.12,0.04,-0.54,-0.15,199.63,157.0,57.33,139.74,54.0,40.0
1774642188296626585,81181,10.84,0.0,10.892,-172.4,2.7,3.44,144.25,-1.37,1.0,0.02,-0.55,-0.26,11680.18,159.0,58.07,141.79,56.0,40.0
1774642188399023903,81302,9.916,561.7,10.96,-179.1,2.44,3.5,143.75,-1.81,1.0,0.16,-0.12,0.09,166.01,159.0,61.4,133.32,56.0,40.0
1774642188517862181,81402,10.808,592.2,10.904,-142.7,2.75,4.96,143.19,-2.06,1.12,-0.43,-0.07,-0.24,11680.35,164.0,60.98,138.89,56.0,40.0
1774642188616207738,81522,10.36,536.2,10.9,-186.6,2.13,3.36,141.81,-2.06,1.06,0.27,-0.47,-0.32,219.01,170.0,59.44,140.34,56.0,40.0
1774642188718673586,81623,9.888,596.9,10.292,-146.7,2.93,4.49,140.75,-2.06,0.81,0.05,-0.25,-0.05,185.91,170.0,59.12,141.54,56.0,42.0
1774642188817005785,81723,9.868,552.6,10.656,-154.2,2.66,4.45,139.88,-2.06,0.56,-0.31,-0.01,-0.07,212.83,175.0,59.58,138.22,56.0,42.0
1774642188919460332,81823,9.972,561.5,9.988,-136.2,2.05,4.3,138.88,-1.88,0.5,-0.22,-0.19,0.02,192.59,175.0,60.03,135.89,56.0,42.0
1774642189017764465,81924,9.848,530.8,10.248,-168.5,2.19,4.38,137.88,-1.63,0.37,0.41,-0.42,-0.01,180.08,175.0,62.05,141.82,56.0,42.0
1774642189140731307,82024,10.508,515.5,10.928,-134.5,2.52,4.53,137.06,-1.56,0.19,0.27,-0.36,-0.5,11668.86,180.0,63.03,142.43,56.0,42.0
1774642189243166212,82146,10.58,506.9,10.948,-176.6,2.95,3.46,136.06,-1.69,0.06,0.06,0.12,0.0,187.28,180.0,57.79,141.99,56.0,42.0
1774642189341561302,82246,10.924,460.0,10.54,-160.2,2.44,4.41,135.44,-1.63,0.12,0.21,-0.28,-0.01,207.52,180.0,59.03,138.89,56.0,42.0
1774642189443907078,82347,10.872,455.2,10.296,-162.4,3.24,4.24,134.56,-1.63,0.19,0.27,-0.07,0.04,161.21,184.0,58.3,140.88,56.0,42.0
1774642189542291701,82447,10.484,0.0,10.9,-155.2,2.95,3.61,133.25,-1.81,0.12,-0.35,0.0,0.14,146.29,180.0,60.63,140.62,56.0,44.0
1774642189644750393,82547,0.0,0.0,10.864,0.0,2.17,5.43,131.56,-2.06,0.0,-0.28,-0.15,0.39,179.73,180.0,60.52,135.96,56.0,44.0
1774642189771740377,82648,9.764,607.2,10.256,-130.2,2.09,5.29,130.0,-1.94,-0.12,-0.29,0.0,0.22,11681.38,186.0,62.07,137.61,56.0,44.0
1774642189870094710,82775,10.536,0.0,10.164,-207.2,2.54,4.0,128.25,-1.69,-0.25,0.28,-0.02,-0.15,173.56,186.0,57.09,141.29,56.0,44.0
1774642189972560702,82875,10.892,535.2,10.356,-163.2,2.25,4.67,126.87,-1.75,-0.25,-0.36,0.06,-0.02,180.59,186.0,58.77,142.1,56.0,44.0
1774642190095460698,82975,10.088,517.2,9.808,-170.2,2.3,4.9,125.5,-1.94,-0.25,-0.01,-0.14,0.1,11672.46,173.0,63.51,137.61,56.0,44.0
1774642190193795399,83098,10.452,625.8,9.792,-150.7,2.77,4.24,124.25,-1.81,-0.25,-0.42,0.08,0.05,172.53,161.0,64.77,136.02,56.0,44.0
1774642190316724289,83198,10.616,493.2,10.932,-192.9,2.23,3.44,123.0,-1.63,-0.31,0.24,-0.08,-0.03,11680.35,173.0,58.3,139.01,58.0,46.0
1774642190439592489,83319,10.204,562.7,10.756,-154.3,2.58,3.55,121.0,-1.75,-0.12,0.17,-0.07,-0.61,11677.09,171.0,59.15,138.49,58.0,46.0
1774642190564382835,83443,9.812,615.4,10.616,-173.5,2.42,3.75,118.81,-2.13,0.12,-0.42,-0.24,0.19,11677.43,171.0,62.08,137.01,58.0,46.0
1774642190677306827,83559,9.4,592.9,10.86,-154.9,1.89,3.77,117.31,-2.13,0.19,-0.58,-0.25,-0.29,11675.38,166.0,61.43,138.73,58.0,46.0
1774642190800217154,83681,10.664,575.0,10.32,-160.6,2.13,4.28,115.31,-2.0,0.19,-0.48,-0.54,-0.26,11680.69,160.0,57.29,140.8,58.0,46.0
1774642190902664408,83803,10.78,603.8,10.116,-145.0,3.01,4.1,113.44,-2.0,0.06,0.06,-0.4,-0.34,177.5,160.0,54.92,137.29,58.0,46.0
1774642191001003704,83903,10.772,563.7,10.1,-137.3,2.89,5.55,111.69,-2.13,-0.06,-0.45,0.02,-0.01,171.67,157.0,59.02,138.5,58.0,46.0
1774642191123928074,84003,10.576,526.6,10.872,-150.3,2.62,3.61,110.5,-1.81,-0.12,0.21,-0.04,-0.06,11665.26,153.0,64.77,142.0,58.0,46.0
1774642191222272002,84124,10.912,521.7,10.944,-153.0,2.32,4.2,109.06,-1.56,-0.19,-0.26,-0.4,0.09,186.59,153.0,62.71,141.54,58.0,48.0
1774642191324716667,84225,10.164,445.9,10.604,-140.5,2.52,3.34,107.81,-1.63,-0.19,0.0,-0.25,-0.14,169.96,158.0,59.11,140.88,58.0,48.0
1774642191423007203,84325,9.508,455.7,10.388,-153.6,2.42,4.75,106.25,-1.69,-0.44,-0.14,0.41,-0.22,182.13,160.0,58.1,143.99,58.0,48.0
1774642191525469153,84425,9.568,524.4,10.932,-146.7,3.18,4.06,104.37,-1.5,-0.56,-0.05,0.02,0.19,139.6,160.0,56.43,139.76,58.0,48.0
1774642191644304908,84526,10.208,496.1,10.124,-135.7,2.87,4.1,102.44,-1.5,-0.63,0.43,-0.28,0.0,11668.86,162.0,60.49,145.18,58.0,48.0
1774642191767222818,84646,10.816,413.3,10.944,-200.4,2.3,3.18,100.06,-1.5,-0.81,-0.25,-0.26,-0.19,11671.43,176.0,63.33,142.66,58.0,48.0
1774642191890154974,84770,10.356,541.1,9.56,-152.8,3.28,3.59,97.62,-1.37,-0.94,0.23,0.39,-0.18,11674.52,180.0,58.4,144.64,58.0,48.0
1774642192008940452,84891,9.384,530.0,10.648,-191.8,3.46,4.14,95.56,-0.81,-0.69,-0.3,-0.2,0.06,11671.26,179.0,58.24,144.55,58.0,50.0
1774642192111428744,85012,10.424,497.5,9.576,-146.6,2.93,3.44,93.5,-0.56,-0.75,-0.28,-0.04,0.1,188.65,179.0,62.71,143.33,58.0,50.0
1774642192209788451,85112,9.172,412.6,10.908,-194.1,2.52,3.03,91.69,-0.5,-0.75,-0.1,-0.14,0.0,202.03,189.0,57.99,141.4,58.0,50.0
1774642192332705159,85212,10.088,505.8,10.816,-186.6,2.68,3.75,89.87,-0.25,-0.69,-0.34,-0.17,-0.01,11672.12,180.0,61.42,143.64,60.0,50.0
1774642192435089170,85335,10.1,456.9,10.504,-147.6,2.66,3.46,87.56,-0.06,-0.56,-0.27,-0.29,0.12,177.67,180.0,59.12,145.12,60.0,50.0
1774642192533447617,85435,9.428,467.0,10.756,-163.7,2.73,4.43,85.62,-0.06,-0.5,0.15,-0.12,0.03,142.52,184.0,58.23,142.44,60.0,50.0
1774642192635902711,85535,9.276,0.0,10.588,-168.4,2.27,3.89,83.75,-0.37,-0.5,-0.37,-0.28,-0.25,173.56,184.0,59.39,144.48,60.0,50.0
1774642192892943667,85635,10.752,503.0,10.768,-164.5,2.73,4.57,82.06,-0.37,-0.44,-0.56,0.08,0.08,182.48,184.0,62.55,140.34,60.0,50.0
1774642192926814120,85735,10.068,464.4,9.8,-198.8,2.97,3.44,80.5,-0.12,-0.44,0.55,-0.22,-0.11,180.93,179.0,61.47,140.62,60.0,50.0
1774642192959568603,85835,9.276,461.0,9.736,-189.8,2.89,4.18,79.19,-0.12,-0.5,0.09,-0.28,-0.21,11677.61,184.0,60.43,141.66,60.0,52.0
1774642193057944508,85958,10.58,529.4,10.784,-172.2,2.79,4.0,77.87,-0.44,-0.75,-0.24,0.0,-0.1,229.81,184.0,59.12,143.33,60.0,52.0
1774642193168562684,86057,10.38,0.0,10.904,-144.6,2.64,4.22,76.81,-0.44,-0.81,-0.36,-0.06,0.17,9534.71,181.0,62.49,141.93,60.0,52.0
1774642193291502586,86168,9.148,619.6,10.892,-208.3,3.03,4.75,75.69,-0.25,-0.81,0.45,-0.19,-0.27,11680.01,191.0,60.81,139.67,60.0,52.0
1774642193393909988,86291,9.136,479.6,10.296,-168.0,2.89,3.24,74.5,-0.31,-0.88,-0.2,0.12,0.09,170.3,191.0,59.64,142.1,60.0,52.0
1774642193492225111,86391,9.784,494.3,9.528,-162.2,3.87,3.61,73.25,-0.63,-1.0,0.09,-0.05,-0.1,202.03,188.0,58.78,140.61,60.0,52.0
1774642193590566188,86492,10.796,548.6,10.9,-148.7,3.26,4.14,71.81,-0.69,-1.06,-0.54,-0.27,-0.15,182.99,188.0,60.91,137.06,60.0,52.0
1774642193693034113,86592,9.3,490.9,10.796,-139.0,3.2,4.22,70.0,-0.5,-1.06,0.23,-0.21,0.0,166.53,187.0,63.74,141.65,60.0,52.0
1774642193815951655,86692,9.192,484.8,10.892,-181.4,2.4,3.69,68.31,-0.44,-1.06,-0.05,-0.15,-0.15,11676.75,187.0,61.78,143.99,60.0,54.0
1774642193914294622,86814,10.532,534.8,10.88,-162.5,3.48,3.98,66.44,-0.5,-1.0,0.23,-0.49,0.11,175.27,187.0,56.75,137.29,60.0,54.0
1774642194016740481,86915,10.816,555.5,10.856,-139.8,2.7,3.98,65.37,-0.5,-1.12,-0.16,-0.09,-0.2,210.43,194.0,59.58,137.43,60.0,54.0
1774642194135549932,87015,10.748,461.2,10.732,-165.8,2.4,4.36,64.25,-0.25,-1.12,0.25,-0.29,0.22,11673.83,189.0,62.28,141.01,60.0,54.0
1774642194237986870,87136,10.752,514.1,10.9,-177.1,2.46,3.46,63.0,-0.12,-1.06,-0.3,-0.13,0.28,195.0,189.0,60.41,144.61,62.0,54.0
1774642194336332782,87236,9.168,511.4,10.692,-197.2,3.2,5.33,61.81,-0.31,-1.06,-0.39,-0.23,0.28,188.99,190.0,59.81,140.87,62.0,54.0
1774642194438756845,87336,10.492,593.0,10.452,-135.9,2.73,3.98,60.63,-0.37,-1.06,-0.29,-0.12,-0.48,150.06,184.0,59.79,136.41,62.0,54.0
1774642194557548771,87436,9.38,530.1,10.888,-150.2,3.11,4.02,59.0,-0.12,-1.0,-0.14,-0.27,0.08,11673.66,177.0,59.79,143.0,62.0,56.0
1774642194676407610,87558,9.424,457.9,10.912,-168.7,2.23,3.98,57.06,-0.06,-0.88,0.62,-0.14,-0.25,11678.64,183.0,60.35,141.74,62.0,56.0
1774642194774706135,87675,10.212,516.0,10.836,-181.0,2.85,4.55,55.75,-0.31,-0.88,-0.39,-0.36,0.11,161.55,183.0,58.01,140.34,62.0,56.0
1774642194897674951,87775,9.912,578.6,10.864,-184.5,3.34,3.79,54.63,-0.31,-0.94,0.02,-0.11,-0.35,11676.75,190.0,59.18,140.02,62.0,56.0
1774642194996004450,87895,10.528,525.6,10.224,-194.3,2.75,4.08,52.81,-0.12,-1.06,-0.18,-0.23,-0.29,205.29,190.0,59.88,138.47,62.0,56.0
1774642195098467275,87995,10.792,583.0,10.124,-148.8,3.24,3.95,51.75,-0.06,-1.12,-0.03,-0.27,0.04,392.05,201.0,60.81,138.0,62.0,56.0
1774642195221359814,88095,10.5,838.3,10.624,-212.3,3.71,-7.81,51.25,-0.06,-0.88,-0.06,-1.61,0.76,11769.19,202.0,57.14,68.67,62.0,56.0
1774642195319705295,88218,9.524,628.3,9.48,-221.6,3.22,3.59,53.13,0.5,-0.75,-1.26,-1.43,1.02,168.93,202.0,56.14,112.27,62.0,56.0
1774642195422091436,88318,8.988,600.3,10.664,-185.1,2.46,3.63,52.56,-0.56,-1.0,-1.25,1.0,0.71,191.39,207.0,60.37,139.81,62.0,56.0
1774642195520506016,88418,9.016,504.3,9.928,-190.4,3.42,4.55,51.38,-0.19,-0.88,-0.51,0.03,-0.02,149.03,210.0,60.39,138.64,62.0,58.0
1774642195622905885,88518,10.5,458.4,10.856,-152.2,2.66,3.61,49.44,0.06,-0.94,-0.01,-0.32,-0.05,193.45,210.0,61.16,141.82,62.0,58.0
1774642195721243973,88619,9.008,613.1,10.908,-185.5,2.83,3.61,47.81,0.12,-0.88,0.05,-0.03,-0.15,177.16,210.0,62.76,140.61,62.0,58.0
1774642195829622489,88719,10.164,601.4,9.92,-152.1,3.5,4.32,46.25,0.0,-0.75,0.16,-0.15,-0.19,180.25,207.0,61.47,141.46,62.0,58.0
1774642195921997103,88818,10.644,543.8,10.852,-155.3,2.66,4.0,44.69,0.12,-0.75,-0.41,0.05,0.02,181.79,207.0,59.64,139.46,62.0,58.0
1774642196020357136,88918,9.28,429.8,10.416,-183.3,2.75,3.46,43.0,0.37,-0.69,0.37,-0.09,0.21,191.39,207.0,58.3,141.69,62.0,58.0
1774642196139144455,89017,9.932,521.0,10.888,-169.3,3.05,3.61,41.5,0.5,-0.56,0.2,-0.18,-0.34,11673.83,206.0,61.65,142.85,62.0,58.0
1774642196272123074,89138,9.384,459.1,10.548,-167.4,2.66,3.83,39.88,0.37,-0.44,0.01,-0.21,-0.3,11670.92,198.0,61.75,142.45,64.0,58.0
1774642196376749196,89261,9.352,452.9,10.196,-180.8,2.85,4.16,38.31,0.25,-0.25,-0.56,-0.09,-0.18,11684.12,198.0,57.8,139.15,64.0,60.0
1774642196479206690,89375,10.816,498.4,10.892,-190.5,3.24,3.85,36.5,0.12,0.06,0.05,-0.37,0.04,181.28,198.0,59.44,141.99,64.0,60.0
1774642196587614535,89476,10.02,500.6,9.768,-232.9,2.85,3.61,34.81,0.0,0.37,0.28,0.03,-0.31,186.94,198.0,59.64,140.34,64.0,60.0
1774642196680007150,89576,9.616,422.0,10.844,-197.7,2.5,4.36,33.0,-0.31,0.69,-0.07,-0.46,-0.17,195.0,195.0,60.37,140.61,64.0,60.0
1774642196778347819,89676,10.8,542.0,10.34,-168.4,2.77,3.24,31.5,-0.31,0.88,-0.58,-0.1,-0.02,178.87,195.0,60.39,141.19,64.0,60.0
1774642196880784639,89776,10.676,464.6,10.86,-236.4,2.75,3.52,29.56,-0.19,1.06,0.22,-0.15,-0.08,186.76,195.0,55.84,143.59,64.0,60.0
1774642196979115101,89876,9.152,478.8,10.876,-190.9,2.77,3.75,27.75,-0.31,1.06,0.06,0.04,0.01,180.59,205.0,58.54,141.94,64.0,60.0
1774642197081555410,89976,10.036,428.6,10.08,-204.7,2.56,4.45,26.25,-0.63,1.12,-0.14,-0.19,-0.27,190.19,203.0,64.0,143.15,64.0,60.0
1774642197179895818,90076,10.84,537.6,10.88,-146.8,2.46,4.06,25.12,-0.56,1.06,-0.72,-0.02,0.19,222.95,203.0,64.5,139.74,64.0,60.0
1774642197302790258,90176,10.636,512.0,10.508,-197.1,3.07,3.16,23.5,-0.31,1.0,0.24,-0.24,-0.31,11678.46,210.0,58.7,142.43,64.0,62.0
1774642197401098655,90297,9.736,458.6,10.908,-179.8,2.6,4.55,21.44,-0.5,1.12,0.41,0.16,0.03,189.85,200.0,55.61,141.4,64.0,62.0
1774642197503541575,90397,9.148,483.3,10.528,-190.8,2.73,3.22,19.56,-0.88,1.12,0.11,-0.26,-0.25,157.61,200.0,59.9,138.89,64.0,62.0
1774642197601919144,90498,10.204,451.1,10.836,-132.6,2.4,4.22,17.81,-1.0,1.06,-0.58,-0.13,0.04,208.72,194.0,67.2,145.74,64.0,62.0
1774642197704346559,90598,10.044,515.8,10.076,-156.4,2.89,4.1,15.88,-0.88,1.0,0.23,-0.42,-0.47,190.19,187.0,62.53,144.23,64.0,62.0
1774642197827243647,90698,9.264,482.0,10.58,-151.6,2.54,4.3,14.25,-1.0,1.06,0.37,-0.26,-0.13,11681.89,182.0,56.96,140.18,64.0,62.0
1774642197925590206,90821,10.568,559.0,10.628,-159.8,2.85,3.69,12.56,-1.37,1.12,0.22,-0.25,-0.42,401.31,182.0,55.54,137.95,64.0,62.0
1774642198056679712,90921,9.456,592.0,10.124,-146.5,2.09,4.28,11.5,-1.56,1.06,-0.7,0.08,0.14,11673.66,177.0,62.91,141.31,64.0,64.0
1774642198179617109,91053,9.368,512.2,10.3,-163.5,2.4,3.52,9.5,-1.25,0.81,-0.23,-0.3,-0.21,11671.6,182.0,62.35,142.06,66.0,64.0
1774642198277952229,91173,9.008,595.7,10.576,0.0,2.21,3.57,8.13,-1.44,1.12,-0.22,-0.16,-0.09,202.03,182.0,60.41,137.29,66.0,64.0
1774642198380380106,91273,8.944,525.7,10.876,-175.0,2.44,4.3,6.81,-1.88,1.31,0.04,-0.48,0.12,169.61,193.0,59.34,141.14,66.0,64.0
1774642198495035549,91373,10.78,571.5,10.856,-150.9,3.09,3.55,5.56,-1.94,1.25,-0.65,-0.14,-0.03,11679.15,190.0,60.79,140.01,66.0,64.0
1774642198597551993,91491,10.564,452.6,10.88,-166.6,2.46,3.48,2.94,-1.88,1.31,0.06,-0.32,0.0,219.86,190.0,60.41,142.78,66.0,64.0
1774642198716363363,91591,10.792,520.6,9.9,-196.6,2.27,3.69,0.75,-2.0,1.44,0.45,-0.37,-0.24,11676.75,193.0,60.49,140.82,66.0,64.0
1774642198839261839,91712,10.552,563.1,10.888,-166.2,2.58,4.04,-1.5,-2.25,1.5,-0.25,-0.51,0.19,11679.32,197.0,59.64,141.74,66.0,66.0
1774642198968153280,91834,10.844,437.7,10.84,-185.9,2.99,3.73,-3.5,-2.13,1.31,0.25,-0.23,-0.4,11716.02,195.0,59.15,115.52,66.0,66.0
1774642199085114123,91954,9.892,3.7,10.216,-173.1,3.2,0.64,-5.25,-2.0,1.81,-1.1,-2.96,-0.16,11852.19,188.0,55.91,1.38,66.0,66.0
1774642199199849480,92078,9.468,1.2,11.012,-175.0,3.16,-0.12,-4.88,-1.75,1.88,-0.11,-0.18,0.03,11852.71,188.0,56.62,0.0,66.0,66.0
1774642199298181656,92191,9.248,3.3,10.92,-188.6,3.38,-0.04,-4.88,-1.75,1.94,-0.05,-0.2,-0.05,168.24,193.0,57.79,0.0,66.0,66.0
1774642199396523855,92292,9.524,1.3,10.98,-207.0,2.87,-0.06,-4.88,-1.81,2.0,-0.02,-0.18,-0.09,153.84,193.0,57.95,0.0,66.0,66.0
1774642199498904189,92391,10.316,0.7,10.896,-267.8,3.18,0.06,-4.88,-1.81,2.06,-0.05,-0.21,-0.09,170.99,189.0,57.45,0.0,66.0,66.0
1774642199597255687,92491,9.22,1.7,10.372,-260.2,3.75,0.04,-4.88,-1.81,2.13,0.0,-0.14,0.0,175.27,188.0,58.69,0.0,66.0,66.0
1774642199726128350,92592,10.804,1.4,11.024,-265.9,3.57,0.02,-4.88,-1.81,2.19,-0.09,-0.16,-0.09,11848.76,194.0,59.93,0.0,66.0,66.0
1774642199830822758,92711,10.8,2.3,11.02,-223.4,2.93,-0.02,-4.88,-1.75,2.25,0.04,-0.22,-0.11,11845.5,194.0,62.4,0.0,66.0,66.0
1774642199953733621,92825,9.632,4.0,10.128,-199.4,2.73,0.06,-4.88,-1.75,2.31,0.02,-0.18,-0.03,11844.99,199.0,63.86,0.0,66.0,66.0
1774642200076648165,92947,10.016,1.0,10.84,-161.4,1.58,0.0,-4.88,-1.63,2.38,0.05,-0.1,0.01,11837.79,195.0,68.59,0.0,66.0,66.0
1774642200205668657,93069,10.976,1.1,11.032,-114.7,2.15,0.04,-4.88,-1.56,2.44,0.12,-0.13,-0.12,11836.76,193.0,67.64,0.0,68.0,66.0
1774642200314282860,93190,11.06,1.7,11.016,-104.1,2.03,-0.08,-4.88,-1.56,2.5,-0.09,-0.13,-0.06,11843.96,193.0,62.97,0.0,68.0,66.0
1774642200433070837,93305,10.512,0.9,10.452,-107.6,2.3,0.1,-4.88,-1.56,2.5,0.02,-0.14,-0.12,11849.28,187.0,60.35,0.0,68.0,66.0
1774642200555989192,93424,9.86,1.2,10.476,-120.3,2.38,-0.1,-4.88,-1.56,2.56,-0.11,-0.12,0.0,11851.68,185.0,58.02,0.0,68.0,66.0
1774642200674846840,93546,11.036,0.3,10.772,-181.0,3.03,0.02,-4.88,-1.56,2.56,-0.05,-0.14,-0.09,11852.71,189.0,55.22,0.0,68.0,66.0
1774642200789557697,93666,9.48,0.5,11.004,-187.3,2.81,-0.06,-4.88,-1.63,2.56,0.14,-0.05,0.03,11854.77,194.0,55.9,0.0,68.0,66.0
1774642200912474885,93783,9.756,2.4,10.98,-181.5,2.25,-0.06,-4.88,-1.63,2.63,-0.09,-0.11,-0.08,11843.45,194.0,62.59,0.0,68.0,66.0
1774642201035397291,93905,9.892,2.1,11.056,-93.5,2.13,-0.12,-4.88,-1.5,2.63,-0.01,-0.05,-0.12,11835.21,192.0,70.94,0.0,68.0,66.0
1774642201154270271,94028,11.084,3.1,9.888,-94.7,1.6,-0.04,-4.88,-1.5,2.63,0.0,-0.16,-0.09,11843.79,208.0,66.26,0.0,68.0,66.0
1774642201277135611,94147,10.944,3.6,10.864,-99.7,2.48,-0.12,-4.88,-1.5,2.63,0.02,-0.13,-0.13,11845.68,192.0,59.64,0.0,68.0,66.0
1774642201387755895,94267,11.056,1.9,9.956,-86.7,2.09,-0.16,-4.88,-1.5,2.63,-0.08,-0.09,-0.09,11849.45,192.0,58.35,0.0,68.0,66.0
1774642201510625384,94381,11.088,1.5,10.516,-114.7,0.47,-0.16,-4.88,-1.5,2.63,0.05,-0.06,-0.07,11870.2,196.0,46.31,0.0,68.0,66.0
1774642201633584995,94503,9.54,2.8,10.532,-202.1,4.0,-0.06,-4.88,-1.5,2.69,-0.13,-0.04,-0.08,11855.11,193.0,53.65,0.0,68.0,66.0
1774642201756554517,94624,10.86,3.5,10.98,-221.9,2.91,0.14,-4.88,-1.5,2.69,0.03,-0.09,-0.1,11847.91,191.0,59.36,0.0,68.0,66.0
1774642201871215306,94746,10.992,1.5,10.644,-194.0,3.87,-0.1,-4.88,-1.5,2.69,-0.05,-0.14,-0.1,11842.08,191.0,63.52,0.0,68.0,66.0
1774642201990064704,94862,9.552,1.4,11.068,-127.8,1.52,0.02,-4.88,-1.5,2.75,0.01,-0.03,-0.03,11834.87,195.0,70.17,0.0,68.0,66.0
1774642202112952141,94982,9.472,3.5,11.06,-73.0,1.74,0.04,-4.88,-1.5,2.75,-0.05,-0.1,0.02,11839.85,199.0,68.77,0.0,70.0,66.0
1774642202231802490,95104,9.644,3.3,10.916,-99.3,1.84,-0.14,-4.88,-1.44,2.81,0.0,-0.14,-0.07,11848.08,194.0,59.36,0.0,70.0,66.0
1774642202346514460,95222,9.392,2.3,10.764,-113.3,2.97,-0.06,-4.88,-1.5,2.81,0.06,0.0,-0.06,11855.62,194.0,54.4,0.0,70.0,66.0
1774642202465313960,95336,9.348,1.3,10.948,-223.1,3.55,0.02,-4.88,-1.5,2.81,0.14,-0.07,-0.03,11859.22,190.0,51.65,0.0,70.0,66.0
1774642202596396055,95455,9.288,1.8,10.104,-200.8,3.26,-0.04,-4.88,-1.5,2.81,-0.05,-0.05,-0.16,11856.14,197.0,51.93,0.0,70.0,66.0
1774642202715232807,95585,9.452,-0.2,10.988,-247.6,3.89,-0.02,-4.88,-1.5,2.81,0.04,-0.05,-0.15,11854.08,194.0,53.11,0.0,70.0,66.0
1774642202829941943,95705,9.492,2.2,10.976,-251.0,3.63,0.23,-4.88,-1.5,2.81,0.04,-0.11,-0.07,11846.36,194.0,59.09,0.0,70.0,66.0
1774642202948763727,95818,9.36,0.9,11.024,-187.5,2.56,0.14,-4.88,-1.5,2.81,-0.13,-0.09,-0.13,11832.64,182.0,72.28,0.0,70.0,66.0
1774642203071666540,95940,9.616,3.1,9.924,-47.7,-0.59,-0.06,-4.88,-1.44,2.81,0.13,-0.12,-0.11,11854.42,193.0,63.15,0.0,70.0,66.0
1774642203194603354,96062,9.576,1.9,11.04,-98.3,1.7,-0.04,-4.88,-1.44,2.81,0.09,-0.05,-0.02,11844.3,192.0,65.19,0.0,70.0,66.0
1774642203313412413,96183,11.068,0.6,11.048,-149.5,2.25,-0.1,-4.88,-1.44,2.81,0.12,-0.11,-0.1,11852.37,195.0,58.46,0.0,70.0,66.0
1774642203428099515,96303,10.136,2.0,10.508,-221.8,3.36,-0.08,-4.88,-1.44,2.81,-0.18,-0.13,-0.11,11862.83,195.0,49.49,0.0,70.0,66.0
1774642203546926209,96417,9.464,1.0,11.012,-230.9,3.93,-0.02,-4.88,-1.5,2.81,0.12,-0.04,-0.14,11852.71,196.0,52.81,0.0,70.0,66.0
1774642203669865061,96535,10.704,0.1,10.996,-239.6,4.86,0.1,-4.88,-1.5,2.81,-0.03,-0.06,-0.04,11853.57,190.0,54.73,0.0,70.0,66.0
1774642203768200875,96658,9.248,4.4,9.856,-270.6,4.18,-0.27,-4.88,-1.44,2.81,-0.01,-0.05,-0.07,148.0,190.0,56.75,0.0,70.0,66.0
1774642203886982610,96758,9.428,-0.2,11.028,-259.3,3.32,-0.1,-4.88,-1.44,2.81,0.01,-0.22,-0.24,11843.1,188.0,62.07,0.0,70.0,66.0
1774642204009923578,96878,10.332,3.4,10.112,-107.3,1.88,0.04,-4.88,-1.31,2.81,-0.04,-0.05,0.0,11830.07,186.0,75.16,0.0,70.0,66.0
1774642204132833796,96998,10.188,1.5,11.072,-100.3,1.35,-0.06,-4.88,-1.31,2.81,0.02,-0.09,-0.09,11833.33,190.0,73.68,0.0,72.0,66.0
1774642204231177853,97121,9.472,1.9,9.756,-105.5,1.91,0.08,-4.88,-1.31,2.81,0.07,0.0,-0.13,163.78,190.0,62.71,0.0,72.0,66.0
1774642204354086404,97221,9.436,1.3,11.044,-180.6,3.46,-0.06,-4.88,-1.37,2.81,0.08,-0.17,-0.13,11861.28,188.0,51.97,0.0,72.0,66.0
1774642204452402379,97341,10.32,1.5,10.992,-225.1,3.34,0.0,-4.88,-1.44,2.81,0.04,0.0,-0.07,155.89,188.0,46.78,0.0,72.0,66.0
1774642204575302631,97441,9.244,2.7,10.98,-221.8,3.83,-0.12,-4.88,-1.44,2.81,0.09,-0.06,-0.11,11854.59,190.0,51.97,0.0,72.0,66.0
1774642204694144398,97563,9.444,2.9,10.62,-262.4,5.12,-0.06,-4.88,-1.5,2.88,0.15,-0.01,-0.15,11852.54,189.0,56.82,0.0,72.0,66.0
1774642204812951654,97683,9.42,3.1,10.988,-290.2,4.57,-0.2,-4.88,-1.44,2.88,-0.15,-0.21,-0.15,11847.91,188.0,60.15,0.0,72.0,66.0
1774642204935855685,97803,9.268,2.7,10.624,-220.5,2.54,-0.08,-4.88,-1.37,2.88,0.06,-0.12,-0.01,11833.33,187.0,70.17,0.0,72.0,66.0
1774642205046451102,97923,9.204,1.7,11.04,-131.2,1.02,0.02,-4.88,-1.25,2.88,0.04,-0.14,-0.05,11828.53,187.0,76.15,0.0,72.0,66.0
1774642205179452487,98036,9.26,1.5,11.088,-87.5,0.84,0.06,-4.88,-1.25,2.88,0.01,-0.04,-0.03,11840.36,185.0,69.34,0.0,72.0,66.0
1774642205271835588,98159,10.184,1.2,10.744,-127.1,2.5,-0.08,-4.88,-1.31,2.88,0.0,-0.01,-0.04,156.41,192.0,55.64,0.0,72.0,66.0
1774642205370267181,98259,10.344,2.3,10.584,-212.5,3.59,0.04,-4.88,-1.31,2.88,0.16,-0.09,0.01,155.21,192.0,50.16,0.0,72.0,66.0
1774642205468416413,98358,9.228,6.0,10.592,-236.1,3.69,0.0,-4.88,-1.37,2.88,0.14,-0.01,-0.05,154.35,191.0,49.05,0.0,72.0,66.0
1774642205591359398,98458,9.436,2.1,11.024,-211.3,2.09,0.16,-4.88,-1.44,2.88,-0.06,-0.09,-0.13,11869.0,186.0,47.11,0.0,72.0,66.0
1774642205714345101,98580,9.516,0.9,10.468,-284.5,5.04,-0.06,-4.88,-1.5,2.94,0.01,-0.15,-0.1,11848.76,188.0,57.93,0.0,72.0,66.0
1774642205837235960,98702,9.164,0.8,10.828,-356.4,3.57,-0.02,-4.88,-1.31,3.06,0.18,-0.12,-0.02,11842.93,189.0,63.15,0.0,72.0,66.0
1774642205951960239,98823,9.292,1.1,10.82,-212.0,3.05,-0.12,-4.88,-1.19,3.13,0.13,-0.16,-0.19,11827.67,189.0,74.77,0.0,72.0,66.0
1774642206074867028,98938,9.368,2.1,10.032,-113.4,1.29,0.04,-4.88,-1.06,3.13,-0.02,-0.05,0.02,11827.84,191.0,77.89,0.0,74.0,66.0
1774642206193687370,99060,9.932,2.3,9.784,-78.4,2.01,-0.04,-4.88,-1.06,3.13,0.11,0.0,-0.03,11843.96,192.0,66.81,0.0,74.0,66.0
1774642206296076386,99180,9.964,1.8,9.816,-135.9,2.21,0.12,-4.88,-1.06,3.19,0.08,-0.03,-0.09,153.66,192.0,53.58,0.0,74.0,66.0
1774642206394410766,99280,9.8,3.0,11.04,-184.3,3.55,-0.21,-4.88,-1.12,3.19,-0.09,-0.1,-0.14,167.73,189.0,49.12,0.0,74.0,66.0
1774642206492721084,99380,9.64,3.6,11.028,-268.9,3.81,0.1,-4.88,-1.12,3.19,0.01,-0.14,-0.13,159.5,189.0,51.61,0.0,74.0,66.0
1774642206615648613,99480,10.428,-0.3,10.988,-282.6,3.71,0.02,-4.88,-1.19,3.19,-0.11,-0.11,-0.21,11853.57,185.0,55.98,0.0,74.0,66.0
1774642206742675939,99603,9.872,3.9,10.596,-255.1,5.39,-0.16,-4.88,-1.19,3.19,0.16,-0.01,-0.07,11855.11,186.0,55.91,0.0,74.0,66.0
1774642206865609396,99730,11.064,3.8,10.98,-225.6,3.65,-0.04,-4.88,-1.06,3.25,0.07,-0.15,-0.09,11840.87,182.0,64.47,0.0,74.0,66.0
1774642206984406620,99850,11.072,2.9,11.052,-159.1,1.82,-0.16,-4.88,-0.94,3.25,0.16,-0.09,-0.07,11827.33,193.0,77.19,0.0,74.0,66.0
1774642207107325681,99971,9.888,2.5,11.08,-97.1,1.25,-0.04,-4.88,-0.88,3.31,0.06,-0.15,-0.08,11835.56,183.0,72.37,0.0,74.0,66.0
1774642207222025387,100093,9.36,1.4,11.056,-115.1,2.34,-0.1,-4.88,-0.88,3.31,0.01,-0.08,-0.12,11856.31,183.0,59.31,0.0,74.0,66.0
1774642207320370634,100206,10.892,2.5,10.86,-176.3,3.03,0.02,-4.88,-0.88,3.31,0.15,0.03,0.0,162.07,187.0,47.88,0.0,74.0,66.0
1774642207418651344,100306,10.62,0.0,10.76,-259.2,3.59,-0.04,-4.88,-1.0,3.31,-0.17,-0.17,-0.18,164.13,187.0,48.75,0.0,74.0,66.0
1774642207541573451,100405,10.552,-0.6,11.02,-286.0,4.24,0.08,-4.88,-1.06,3.31,0.06,0.0,-0.07,11853.74,191.0,55.49,0.0,74.0,66.0
1774642207664508005,100528,10.476,1.1,11.0,-305.8,4.79,0.08,-4.88,-1.06,3.38,-0.08,-0.07,0.0,11852.19,189.0,57.04,0.0,74.0,66.0
1774642207793370255,100648,9.488,0.3,10.536,-252.7,3.48,-0.18,-4.88,-0.94,3.5,-0.15,-0.47,-0.29,11847.56,183.0,60.05,0.0,74.0,66.0
1774642207906293626,100770,11.076,4.1,11.032,-198.9,2.54,-0.06,-4.88,-0.75,3.5,-0.02,-0.04,0.06,11832.13,190.0,72.98,0.0,74.0,66.0
1774642208020968903,100890,10.18,1.4,9.812,-83.2,1.17,0.02,-4.88,-0.63,3.5,0.05,-0.11,-0.08,11831.1,190.0,78.35,0.0,76.0,66.0
1774642208143857591,101006,9.892,1.4,11.056,-94.3,1.93,-0.08,-4.88,-0.63,3.5,0.01,0.02,-0.11,11846.7,187.0,65.96,0.0,76.0,66.0
1774642208262686267,101128,10.972,0.1,10.212,-162.7,2.97,-0.08,-4.88,-0.69,3.5,0.27,-0.06,-0.14,11861.28,190.0,51.07,0.0,76.0,66.0
1774642208381467911,101248,11.08,1.4,10.268,-237.6,4.12,-0.14,-4.88,-0.75,3.5,-0.13,-0.12,-0.2,11863.86,187.0,47.72,0.0,76.0,66.0
1774642208496164073,101367,10.976,-0.7,10.28,-264.3,4.49,0.1,-4.88,-0.81,3.5,-0.01,-0.06,0.0,11856.82,187.0,53.65,0.0,76.0,66.0
1774642208619093254,101481,9.28,1.7,10.812,-309.3,4.02,0.0,-4.88,-0.88,3.56,-0.12,-0.06,-0.18,11855.45,190.0,55.43,0.0,76.0,66.0
1774642208742019398,101605,10.66,1.9,10.952,-254.8,4.0,0.12,-4.88,-0.69,3.63,0.31,0.09,-0.05,11854.59,190.0,54.13,0.0,76.0,66.0
1774642208860789057,101727,10.512,2.2,9.604,-293.1,3.22,0.08,-4.88,-0.63,3.69,0.04,-0.04,0.0,11838.3,189.0,65.26,0.0,76.0,66.0
1774642208983748265,101847,9.404,0.5,11.044,-138.9,2.15,-0.02,-4.88,-0.37,3.69,0.18,0.16,-0.02,11826.98,191.0,78.64,0.0,76.0,66.0
1774642209102563781,101967,9.936,2.4,11.08,-97.4,1.13,0.0,-4.88,-0.31,3.69,0.06,-0.09,-0.01,11842.25,191.0,71.65,0.0,76.0,66.0
1774642209200889147,102085,11.072,2.6,11.072,-112.5,1.84,-0.08,-4.88,-0.37,3.69,0.04,-0.06,-0.07,168.41,187.0,58.64,0.0,76.0,66.0
1774642209323763601,102185,9.92,0.6,11.028,-178.9,3.24,-0.04,-4.88,-0.37,3.69,-0.27,-0.16,-0.09,11861.63,187.0,51.02,0.0,76.0,66.0
1774642209438470882,102305,10.404,0.9,10.988,-228.9,3.77,-0.12,-4.88,-0.44,3.75,0.03,-0.07,-0.16,11861.97,187.0,51.42,0.0,76.0,66.0
1774642209557325915,102421,10.808,4.6,10.216,-269.3,5.0,-0.08,-4.88,-0.5,3.75,0.11,0.01,0.02,11858.71,189.0,53.33,0.0,76.0,66.0
1774642209688424688,102541,9.672,1.2,10.484,-286.9,4.88,0.08,-4.88,-0.44,3.81,-0.07,-0.11,0.01,11857.0,188.0,55.43,0.0,76.0,66.0
1774642209807235246,102672,9.432,1.4,10.964,-356.0,5.08,-0.06,-4.88,-0.06,4.0,0.18,0.3,-0.38,11850.14,188.0,56.35,0.0,76.0,66.0
1774642209930150396,102792,10.648,2.1,10.992,-255.2,2.85,0.08,-4.88,0.31,4.19,0.25,-0.11,-0.07,11829.04,186.0,70.98,0.0,76.0,66.0
1774642210044902180,102913,9.528,2.6,10.196,-96.4,1.89,0.02,-4.88,0.44,4.19,0.1,-0.03,-0.15,11827.15,186.0,77.61,0.0,78.0,66.0
1774642210143125096,103027,11.088,3.5,9.888,-117.8,1.46,-0.02,-4.88,0.44,4.19,0.05,0.0,-0.04,173.04,185.0,67.69,0.0,78.0,66.0
1774642210261994309,103128,10.384,1.1,9.652,-175.1,3.01,0.12,-4.88,0.44,4.19,0.05,0.0,-0.11,11860.77,188.0,53.99,0.0,78.0,66.0
1774642210376732113,103246,10.892,2.6,10.996,-234.7,4.2,0.06,-4.88,0.37,4.19,0.02,0.02,-0.16,11861.11,188.0,47.79,0.0,78.0,66.0
1774642210495486777,103359,10.648,2.5,10.508,-304.6,4.34,-0.04,-4.88,0.37,4.19,0.0,0.02,-0.11,11858.37,184.0,52.63,0.0,78.0,66.0
1774642210614319369,103477,9.456,1.5,10.96,-276.1,4.84,-0.08,-4.81,0.44,4.25,0.0,0.16,-0.23,11854.59,177.0,55.66,0.0,78.0,66.0
1774642210733149553,103599,9.752,1.6,11.0,-340.6,4.06,0.0,-4.56,0.88,4.44,0.35,0.26,-0.13,11853.74,183.0,54.98,0.0,78.0,66.0
1774642210847873040,103716,10.428,1.1,9.652,-348.6,4.06,-0.06,-4.25,1.12,4.63,0.03,-0.18,-0.21,11849.96,183.0,57.89,0.0,78.0,66.0
1774642210966671715,103830,9.52,1.9,10.848,-221.5,3.4,-0.08,-4.25,1.25,4.69,-0.06,-0.16,-0.13,11831.96,176.0,70.76,0.0,78.0,66.0
1774642211085494903,103949,10.328,3.1,10.252,-156.7,1.5,-0.1,-4.25,1.37,4.69,0.09,-0.08,-0.03,11829.21,184.0,75.08,0.0,78.0,66.0
1774642211208398346,104069,9.976,1.5,11.048,-135.6,2.75,0.08,-4.25,1.37,4.69,0.15,-0.03,-0.1,11849.79,183.0,61.05,0.0,78.0,66.0
1774642211323146791,104192,9.332,1.6,10.416,-196.0,3.36,0.0,-4.25,1.37,4.75,0.11,0.05,-0.09,11860.77,183.0,50.09,0.0,78.0,66.0
1774642211445972418,104305,10.172,0.9,10.788,-272.6,5.43,-0.12,-4.25,1.37,4.75,0.18,0.08,0.11,11857.68,181.0,50.8,0.0,78.0,66.0
1774642211564787396,104426,9.24,-0.2,10.972,-289.4,5.41,-0.02,-4.19,1.44,4.75,0.13,0.21,-0.11,11854.08,182.0,55.43,0.0,78.0,66.0
1774642211691859159,104547,10.24,1.3,10.52,-326.7,4.38,0.02,-3.94,1.75,4.88,0.34,-0.08,-0.07,11852.37,176.0,56.6,0.0,78.0,66.0
1774642211810642388,104672,9.628,0.5,11.004,-278.4,4.55,0.02,-3.44,1.88,5.06,-0.1,-0.17,-0.32,11849.45,178.0,57.51,0.0,78.0,66.0
1774642211925361381,104792,9.828,0.4,10.768,-316.9,4.67,-0.14,-3.44,1.94,5.13,-0.13,-0.25,-0.04,11838.99,178.0,64.43,0.0,78.0,66.0
1774642212044168278,104905,9.708,2.6,11.044,-197.7,2.29,0.0,-3.44,2.06,5.13,0.07,0.03,0.0,11831.27,178.0,75.01,0.0,80.0,66.0
1774642212167070803,105025,10.664,4.3,11.016,-159.8,2.75,0.06,-3.44,2.13,5.13,0.41,-0.11,-0.09,11845.68,182.0,63.15,0.0,80.0,66.0
1774642212275432651,105148,11.008,1.3,10.54,-196.8,3.67,-0.02,-3.44,2.13,5.13,0.24,0.03,-0.14,8926.92,182.0,54.49,0.0,80.0,66.0
1774642212388309363,105248,11.06,-0.4,11.012,-293.5,4.2,0.06,-3.44,2.13,5.13,0.03,-0.08,-0.17,11858.71,179.0,51.61,0.0,80.0,66.0
1774642212490677492,105370,9.256,6.7,10.944,-275.7,4.38,-0.04,-3.44,2.13,5.13,0.64,-0.31,0.06,168.41,180.0,51.82,0.0,80.0,66.0
1774642212613632715,105470,11.016,1.2,10.56,-294.4,3.96,0.02,-3.31,2.31,5.25,-0.28,0.08,0.0,11850.48,178.0,56.47,0.0,80.0,66.0
1774642212711963434,105592,9.432,5.1,10.888,-297.3,4.65,-0.1,-2.81,2.56,5.38,0.59,-0.1,-0.09,151.43,178.0,57.41,0.0,80.0,66.0
1774642215476944506,105692,9.252,4.7,10.412,-294.0,4.26,-0.02,-2.38,2.56,5.44,-0.32,-0.02,-0.05,11848.76,178.0,59.18,0.0,80.0,66.0
1774642215479745167,105810,10.228,4.0,10.456,-289.5,3.32,-0.04,-2.38,2.69,5.5,0.0,0.03,0.0,168.58,178.0,64.07,0.0,80.0,66.0
1774642215482830951,105910,10.22,1.8,10.792,-208.2,2.54,0.0,-2.38,2.81,5.5,0.01,-0.04,-0.18,11830.24,179.0,73.43,0.0,80.0,66.0
1774642215484729066,106030,9.592,3.5,10.804,-162.5,2.83,0.04,-2.38,2.81,5.5,0.27,-0.02,-0.04,176.47,178.0,70.73,0.0,80.0,66.0
1774642215489021264,106130,10.608,1.0,10.78,-212.9,3.75,0.0,-2.38,2.88,5.5,0.28,-0.11,0.02,173.04,178.0,69.87,0.0,80.0,66.0
1774642215490483201,106230,10.492,3.5,10.868,-359.4,4.16,-0.12,-2.38,2.88,5.5,1.27,0.59,-0.17,156.75,175.0,60.6,0.0,80.0,66.0
1774642215501767327,106331,10.448,1.8,10.316,-457.6,5.88,-0.08,-2.38,3.0,5.63,-0.09,-0.02,0.08,158.47,176.0,51.36,0.0,80.0,66.0
1774642215575662488,106431,10.28,3.4,10.924,-478.8,7.11,-0.14,-2.25,3.25,5.69,0.68,0.39,-0.2,11865.06,177.0,46.84,0.0,80.0,66.0
1774642215588056228,106551,9.64,0.1,10.372,-472.3,6.46,0.04,-1.81,3.38,5.75,0.07,0.3,-0.13,192.42,177.0,44.91,0.0,80.0,66.0
1774642215600273092,106650,10.484,-1.0,10.536,-384.2,5.72,0.02,-1.5,3.44,5.75,0.17,0.22,-0.31,158.64,172.0,46.07,0.0,80.0,66.0
1774642215673977578,106749,9.408,2.8,10.804,-482.8,5.82,-0.02,-1.31,3.44,5.69,0.4,-0.06,-0.11,158.81,172.0,43.0,0.0,80.0,66.0
1774642215686324418,106849,10.248,4.4,10.952,-440.2,6.07,-0.04,-1.25,3.44,5.75,0.81,0.11,-0.48,152.46,173.0,48.12,0.0,80.0,66.0
1774642215698508701,106949,9.808,3.4,10.944,-294.3,4.0,0.0,-1.25,3.63,5.75,0.38,0.12,-0.31,160.87,174.0,57.53,0.0,80.0,66.0
1774642215820949762,107049,9.756,2.2,10.156,-285.9,2.99,0.08,-1.25,3.63,5.75,-0.27,-0.11,0.03,160.87,174.0,65.39,0.0,82.0,66.0
1774642215862500623,107149,10.98,4.1,11.008,-249.8,3.87,-0.08,-1.25,3.69,5.75,0.02,0.18,-0.23,164.98,168.0,67.52,0.0,82.0,66.0
1774642215875189303,107249,9.504,2.4,10.988,-234.3,3.91,-0.06,-1.25,3.69,5.75,-0.6,0.0,0.18,169.27,170.0,67.53,0.0,82.0,66.0
1774642215899308347,107350,9.212,2.1,10.952,-302.7,4.45,-0.04,-1.25,3.75,5.81,0.57,0.01,0.19,146.12,170.0,60.41,0.0,82.0,66.0
1774642215911071086,107450,9.512,1.9,11.0,-309.4,4.71,-0.02,-1.12,3.94,5.94,0.63,0.19,0.0,146.8,175.0,58.78,0.0,82.0,66.0
1774642215922800502,107550,10.672,-1.1,10.62,-376.4,4.18,0.0,-0.81,4.19,6.06,-0.02,-0.25,-0.07,156.41,175.0,56.73,0.0,82.0,66.0
1774642215935376155,107651,9.432,-0.8,10.984,-322.9,4.94,0.06,-0.31,4.25,6.0,-0.27,-0.14,-0.18,138.4,174.0,57.74,0.0,82.0,66.0
1774642215997635477,107751,10.088,-0.3,10.992,-345.6,5.08,-0.04,0.0,4.25,6.0,-0.23,-0.29,0.0,147.32,166.0,51.5,0.0,82.0,66.0
1774642216010014759,107851,10.42,4.4,10.536,-316.3,4.28,0.06,0.0,4.38,6.0,-0.35,-0.02,-0.24,149.72,166.0,55.84,0.0,82.0,66.0
1774642216022026899,107952,11.032,4.2,11.032,-221.4,3.69,-0.02,0.0,4.44,6.0,0.07,0.08,0.0,142.35,169.0,66.73,0.0,82.0,66.0
1774642216034322141,108052,10.304,1.6,10.404,-210.0,2.89,0.02,0.0,4.5,6.0,0.47,0.2,-0.24,148.18,168.0,68.36,0.0,82.0,66.0
1774642216100060295,108152,11.1,3.2,10.664,-203.9,3.42,0.04,0.0,4.5,6.0,0.04,0.03,-0.13,143.37,168.0,70.77,0.0,82.0,66.0
1774642216112160159,108252,9.368,1.0,10.996,-237.8,4.0,0.02,0.0,4.5,6.06,0.16,-0.05,-0.2,142.69,163.0,69.63,0.0,82.0,66.0
1774642216124478740,108352,9.208,5.5,9.856,-358.0,4.24,0.0,0.06,4.75,6.19,0.36,-0.19,0.33,142.0,168.0,57.26,0.0,82.0,66.0
1774642216136681145,108452,10.956,1.9,10.728,-416.6,4.1,-0.12,0.19,5.0,6.31,-0.13,-0.26,-0.41,145.26,168.0,56.44,0.0,82.0,66.0
1774642216198372460,108553,9.208,2.8,10.548,-311.4,5.37,0.04,0.56,5.19,6.38,-0.41,-0.38,0.21,159.84,165.0,42.1,0.0,82.0,66.0
1774642216210575088,108653,10.252,-0.4,10.948,-435.0,5.1,-0.21,0.94,5.19,6.38,0.46,0.2,-0.22,192.42,165.0,56.73,0.0,82.0,66.0
1774642216222957257,108752,9.472,4.4,10.936,-386.2,4.57,-0.06,1.44,5.13,6.25,-0.31,-0.07,-0.03,11835.39,160.0,70.73,0.0,82.0,66.0
1774642216236754641,108876,10.228,3.9,10.984,-209.5,2.77,0.0,1.5,5.25,6.25,0.4,0.25,0.27,166.87,163.0,78.19,0.0,82.0,66.0
1774642216296657895,108976,10.66,3.3,10.86,-295.2,3.36,-0.12,1.5,5.31,6.19,-0.29,-0.1,-0.24,157.95,163.0,86.92,0.0,84.0,66.0
1774642216300810316,109076,9.9,3.9,10.18,-271.2,2.75,-0.02,1.5,5.31,6.19,0.44,0.13,-0.26,145.95,163.0,95.22,0.79,84.0,66.0
1774642216304928487,109176,10.056,491.1,10.876,-408.7,3.59,3.11,1.25,4.88,6.38,-0.45,0.04,1.63,148.69,160.0,85.05,100.2,84.0,66.0
1774642216419532500,109276,9.252,347.3,10.92,-344.0,3.54,2.52,-0.37,3.44,5.94,-0.82,0.13,-0.8,11648.11,157.0,86.2,145.49,84.0,66.0
1774642216522001085,109399,10.568,423.6,10.88,-273.8,3.77,3.34,-1.88,2.69,5.63,-0.47,-0.19,0.19,7413.26,157.0,57.07,135.66,84.0,66.0
1774642216640835665,109499,10.84,3.4,10.996,-297.3,4.73,0.12,-2.81,2.81,5.63,0.74,-0.92,-0.25,11854.77,159.0,50.78,13.5,84.0,66.0
1774642216743250553,109619,9.404,3.4,11.008,-228.6,3.85,0.04,-2.63,2.94,5.88,-0.07,-0.08,-0.16,151.95,154.0,64.77,0.0,84.0,66.0
1774642216841564477,109719,9.488,1.6,11.016,-185.9,3.34,-0.04,-2.63,3.0,5.88,0.27,-0.18,-0.18,161.38,154.0,72.68,0.0,84.0,66.0
1774642216944008019,109819,9.26,2.4,11.0,-200.1,2.68,-0.08,-2.63,3.06,5.94,-0.23,0.49,-0.21,2020.96,153.0,71.25,0.0,84.0,66.0
1774642217042324355,109919,10.212,0.8,11.004,-146.5,2.42,0.04,-2.63,3.06,5.94,0.22,-0.15,-0.25,3686.39,159.0,65.83,0.0,84.0,66.0
1774642217165230066,110020,11.072,4.2,11.024,-205.1,2.64,0.04,-2.63,3.13,5.94,0.09,-0.23,-0.1,11853.39,156.0,58.6,0.0,84.0,66.0
1774642217263548203,110141,10.628,2.1,10.94,-214.4,3.83,-0.1,-2.63,3.19,5.94,0.04,-0.23,-0.25,181.79,156.0,50.16,0.0,84.0,66.0
1774642217365944870,110241,9.2,0.5,10.968,-290.3,4.77,-0.14,-2.63,3.19,5.94,0.26,0.18,-0.49,3406.68,156.0,49.57,0.0,84.0,66.0
1774642217464253690,110341,9.404,2.6,10.94,-321.3,5.45,0.0,-2.63,3.31,6.0,0.37,0.19,-0.12,138.23,156.0,51.65,0.0,84.0,66.0
1774642217566709870,110441,10.508,5.3,10.84,-357.0,5.68,-0.14,-2.56,3.5,6.0,0.04,-0.31,-0.15,153.32,157.0,51.94,0.0,84.0,66.0
1774642217665040029,110541,9.132,2.9,10.912,-358.7,5.21,0.06,-2.56,3.56,6.06,-0.55,-0.31,-0.13,2436.16,157.0,51.94,0.0,84.0,66.0
1774642217767459052,110642,10.156,1.4,10.504,-253.7,4.1,-0.23,-2.56,3.63,6.0,0.61,-0.05,-0.21,154.86,154.0,61.57,0.0,84.0,66.0
1774642217865777856,110742,11.024,3.3,10.292,-271.7,2.54,0.0,-2.56,3.63,6.0,-0.2,-0.07,-0.03,184.71,155.0,75.87,0.0,86.0,66.0
1774642218101037691,110842,11.012,2.1,10.976,-177.3,3.13,0.0,-2.56,3.63,6.06,0.18,-0.19,-0.12,137.03,155.0,77.04,0.0,86.0,66.0
1774642218168951346,110943,9.532,2.3,10.588,-141.6,2.81,-0.12,-2.56,3.69,6.06,0.3,-0.22,-0.23,142.35,158.0,69.11,0.0,86.0,66.0
1774642218181091626,111043,9.524,4.6,10.984,-251.0,4.28,-0.04,-2.56,3.75,6.13,-0.19,0.53,-0.04,142.35,154.0,57.53,0.0,86.0,66.0
1774642218267264036,111143,9.244,5.5,10.96,-327.1,5.14,-0.16,-2.56,3.81,6.13,0.3,-0.11,-0.13,8299.4,154.0,46.08,0.0,86.0,66.0
1774642218381983759,111244,9.452,1.0,10.932,-279.4,4.65,0.12,-2.56,3.94,6.19,0.29,-0.07,-0.14,11507.82,154.0,47.69,0.0,86.0,66.0
1774642218480244883,111357,10.76,0.8,10.904,-476.8,6.09,-0.1,-2.38,4.19,6.25,0.19,-0.33,0.11,204.94,152.0,47.88,0.0,86.0,66.0
1774642218582714394,111457,10.008,4.8,10.248,-434.6,5.53,-0.02,-2.19,4.31,6.19,0.92,0.4,-0.76,179.39,152.0,52.3,0.0,86.0,66.0
1774642218701439961,111557,9.08,1.1,10.568,-350.0,6.0,-0.08,-2.19,4.31,6.19,-0.13,-0.14,-0.16,11843.1,156.0,61.11,0.0,86.0,66.0
1774642218803944295,111678,10.572,2.1,10.912,-235.6,3.36,0.08,-2.19,4.38,6.19,0.0,-0.19,-0.2,1935.03,157.0,73.51,0.0,86.0,66.0
1774642218902248336,111778,10.752,-0.1,9.812,-269.3,2.7,-0.06,-2.19,4.44,6.25,0.54,0.29,-0.02,2352.47,157.0,72.05,0.0,86.0,66.0
1774642219024947581,111878,9.232,5.7,10.988,-195.3,3.26,-0.1,-2.19,4.44,6.25,0.23,-0.33,-0.04,149.03,155.0,64.07,0.0,86.0,66.0
1774642219102999447,111978,9.192,2.2,10.996,-186.8,3.46,-0.12,-2.19,4.5,6.31,-0.28,0.02,-0.09,163.44,157.0,55.86,0.0,86.0,66.0
1774642219205415821,112078,9.432,5.1,10.904,-274.7,4.32,-0.06,-2.19,4.63,6.31,-0.01,-0.17,-0.29,3526.9,157.0,52.44,0.0,86.0,66.0
1774642219324192688,112178,10.828,3.9,10.932,-326.0,4.9,0.04,-2.13,4.81,6.44,-0.17,0.23,-0.37,11857.17,155.0,52.7,0.0,86.0,66.0
1774642219426596078,112300,10.452,4.4,10.64,-395.5,5.49,0.12,-1.81,5.13,6.5,-0.12,-0.02,-0.14,142.52,154.0,51.82,0.0,86.0,66.0
1774642219524971640,112400,9.38,1.0,10.896,-454.7,6.95,-0.1,-1.44,5.13,6.44,0.01,0.16,-0.12,134.11,154.0,51.96,0.0,86.0,66.0
1774642219627388681,112499,9.444,1.3,10.936,-406.2,6.27,0.02,-1.12,5.13,6.31,-0.24,-0.29,0.02,140.29,153.0,56.4,0.0,86.0,66.0
1774642219748944201,112600,9.444,2.5,10.948,-398.1,4.38,-0.04,-1.06,5.13,6.31,0.55,0.0,-0.17,136.17,155.0,63.15,0.0,86.0,66.0
1774642219823977919,112700,9.772,2.1,10.532,-263.8,4.51,-0.14,-1.06,5.31,6.31,0.68,0.2,-0.37,134.11,155.0,69.87,0.0,86.0,66.0
1774642219926443174,112799,10.792,1.4,9.972,-291.7,3.11,-0.12,-1.06,5.38,6.38,0.25,-0.09,-0.08,134.97,152.0,71.49,0.0,88.0,66.0
1774642220024762605,112899,9.232,0.3,10.804,-289.3,3.34,0.06,-1.06,5.38,6.38,-0.26,0.04,-0.23,137.71,152.0,64.98,0.0,88.0,66.0
1774642220127192846,112999,9.9,0.1,10.316,-338.4,5.51,0.0,-1.06,5.44,6.38,0.53,0.28,-0.13,138.57,154.0,51.63,0.0,88.0,66.0
1774642220225538491,113099,10.996,1.8,10.912,-339.7,5.2,-0.08,-1.06,5.56,6.44,-0.49,0.07,-0.17,128.8,152.0,48.84,0.0,88.0,66.0
1774642220327935725,113200,9.38,2.8,10.524,-417.2,6.13,-0.18,-0.94,5.88,6.5,0.38,-0.3,0.23,133.77,152.0,51.41,0.0,88.0,66.0
1774642220426236563,113300,10.044,2.0,10.472,-407.2,4.92,-0.08,-0.56,6.06,6.56,-0.12,-0.23,0.15,138.06,155.0,59.58,0.0,88.0,66.0
1774642220528617090,113400,10.44,-0.3,10.916,-398.2,5.02,0.08,-0.12,6.06,6.44,0.23,-0.05,-0.16,146.63,149.0,60.63,0.0,88.0,66.0
1774642220626969884,113500,9.376,3.4,10.936,-407.5,5.04,-0.1,0.25,6.06,6.38,0.64,-0.04,-0.36,145.95,149.0,58.85,0.0,88.0,66.0
1774642220725268760,113600,9.208,0.3,10.836,-323.9,4.43,-0.06,0.31,6.06,6.31,0.3,-0.25,0.23,144.4,153.0,59.81,0.0,88.0,66.0
1774642220827710188,113700,10.484,774.6,10.804,-293.6,3.24,3.71,0.19,5.56,6.31,-2.74,-0.83,0.57,140.46,153.0,67.36,78.31,88.0,66.0
1774642220926038810,113800,10.648,391.9,10.912,-197.2,2.64,3.03,-1.44,4.0,5.81,0.41,-0.51,0.4,152.46,153.0,76.96,143.06,88.0,66.0
1774642221028454227,113899,10.18,444.2,10.38,-248.3,3.03,3.34,-2.94,3.38,5.38,0.71,0.39,-0.72,1428.25,153.0,73.13,141.08,88.0,66.0
1774642221126782372,113999,10.18,1.2,10.996,-253.5,4.28,0.64,-3.88,3.25,5.19,0.74,-2.16,0.29,151.26,153.0,58.07,52.26,88.0,66.0
1774642221229200593,114100,10.036,5.8,10.948,-323.5,4.96,-0.12,-3.81,3.38,5.31,0.34,-0.04,0.0,147.15,156.0,46.87,0.0,88.0,66.0
1774642221327520811,114200,9.232,1.9,10.948,-329.7,5.76,-0.08,-3.81,3.44,5.31,0.01,-0.08,-0.13,143.03,161.0,49.19,0.0,88.0,66.0
1774642221429885651,114300,9.184,2.2,10.856,-408.4,4.94,0.0,-3.75,3.5,5.31,0.14,-0.08,-0.19,142.35,161.0,54.64,0.0,88.0,66.0
1774642221528210795,114401,9.988,1.3,10.676,-369.7,4.9,0.08,-3.63,3.81,5.44,-0.08,-0.01,-0.2,138.23,161.0,59.34,0.0,88.0,66.0
1774642221630661950,114501,9.172,2.5,10.716,-358.2,5.04,-0.12,-3.38,4.06,5.63,-0.08,-0.92,0.0,137.71,160.0,58.36,0.0,88.0,66.0
1774642221729047550,114601,9.148,1.9,10.992,-262.6,3.65,-0.08,-3.44,4.13,5.75,-0.27,-0.14,-0.15,144.23,160.0,63.82,0.0,88.0,66.0
1774642222060982339,114701,9.168,1.0,11.008,-202.7,3.13,0.02,-3.44,4.25,5.69,-0.14,-0.19,-0.09,145.95,157.0,73.78,0.0,88.0,66.0
1774642222130488430,114801,9.196,2.5,10.636,-246.7,2.64,-0.08,-3.44,4.25,5.75,0.11,-0.26,-0.14,137.03,159.0,75.87,0.0,90.0,66.0
1774642222142615924,114902,9.208,2.4,10.82,-236.3,3.55,-0.21,-3.44,4.25,5.75,0.05,0.0,-0.18,133.43,159.0,72.56,0.0,90.0,66.0
1774642222153862445,115002,10.244,1.7,9.944,-393.0,4.43,-2.15,-3.38,4.31,5.75,0.1,-0.25,-0.04,138.57,158.0,61.17,2.38,90.0,66.0
1774642222228788932,115102,9.428,-45.5,10.624,-297.6,4.88,2.3,-3.25,4.63,5.75,-0.07,1.55,2.48,146.63,164.0,52.52,108.38,90.0,66.0
1774642222331209109,115203,9.976,-1.1,9.892,-294.9,5.06,-0.12,-1.81,5.81,6.13,0.04,-0.51,-0.08,5219.77,164.0,50.52,8.76,90.0,66.0
1774642222433618265,115304,9.108,2.3,10.9,-325.8,4.51,-0.18,-1.56,5.81,6.06,-0.08,0.08,-0.29,148.0,153.0,47.02,0.0,90.0,66.0
1774642222531932381,115404,9.832,3.7,10.872,-310.9,5.02,-0.16,-1.37,5.81,6.0,0.01,0.01,-0.15,152.98,153.0,49.27,0.0,90.0,66.0
1774642222654839627,115505,10.904,2.4,10.948,-404.5,4.67,-0.1,-1.06,5.81,5.94,0.08,-0.02,-0.26,11848.25,158.0,57.41,0.0,90.0,66.0
1774642222884938205,115625,11.02,3.6,10.824,-297.2,3.3,-0.02,-1.06,6.06,5.94,0.29,0.06,-0.25,11831.61,156.0,72.28,0.0,90.0,66.0
1774642222896345703,115745,11.052,3.3,10.932,-167.1,3.3,-0.14,-1.06,6.19,5.94,0.27,-0.06,-0.18,6559.19,157.0,76.64,0.0,90.0,66.0
1774642222974368493,115846,9.48,-0.1,10.232,-249.2,2.85,-0.08,-1.06,6.25,6.0,0.29,-0.16,-0.15,2889.26,157.0,72.51,0.0,90.0,66.0
1774642223105477000,115947,9.42,4.7,10.672,-252.4,4.9,-0.08,-1.06,6.38,6.06,-0.19,0.18,-0.1,11867.46,155.0,52.63,0.0,90.0,66.0
1774642223207886896,116077,11.008,2.3,10.896,-295.7,4.94,-0.1,-0.88,6.75,6.19,0.02,-0.11,-0.03,141.32,160.0,40.03,0.0,90.0,66.0
1774642223306257525,116177,9.504,2.4,10.876,-324.4,5.7,-0.12,-0.63,7.06,6.25,-0.09,0.07,-0.04,163.44,160.0,51.06,0.0,90.0,66.0
1774642223408603631,116278,9.548,-1.6,10.892,-350.1,5.35,-0.08,-0.31,7.06,6.19,-0.21,-0.01,-0.21,158.98,159.0,61.96,0.0,90.0,66.0
1774642223523324312,116378,10.316,-0.9,10.776,-381.9,5.49,0.06,0.06,7.0,6.0,0.59,-0.07,-0.08,10697.83,152.0,60.44,0.0,90.0,66.0
1774642223621663212,116494,10.136,2.7,10.86,-317.8,4.61,0.02,0.44,6.94,5.88,0.02,0.0,-0.22,4759.64,152.0,58.38,1.12,90.0,66.0
1774642223724074978,116593,9.224,648.4,10.28,-283.6,4.41,4.71,0.5,7.06,5.88,5.09,0.52,-2.27,5566.03,164.0,65.24,113.03,90.0,68.0
1774642223848958823,116694,10.276,411.8,10.604,-228.1,2.93,2.79,-0.81,5.06,5.5,-0.67,-0.17,-0.2,4988.76,158.0,76.31,142.97,92.0,68.0
1774642223924812754,116795,9.216,420.6,10.112,-191.0,3.48,3.3,-1.94,4.88,5.56,0.12,-0.02,-0.59,152.46,158.0,70.17,144.17,92.0,68.0
1774642224027236342,116895,9.532,1.5,9.824,-216.2,3.32,-2.56,-2.56,4.75,5.38,0.54,-0.08,-0.14,138.57,161.0,64.53,93.65,92.0,68.0
1774642224125561210,116996,9.156,3.8,10.532,-279.8,4.36,-0.04,-2.5,4.81,5.44,0.35,-0.17,-0.17,143.37,167.0,51.36,0.84,92.0,68.0
1774642224227967483,117096,9.424,0.4,10.948,-347.0,5.33,0.0,-2.5,4.88,5.44,0.36,-0.06,0.04,141.83,167.0,47.48,0.0,92.0,68.0
1774642224326311540,117196,9.436,2.1,10.956,-384.8,5.35,0.06,-2.31,4.94,5.44,0.11,-0.08,-0.09,159.15,155.0,55.09,0.0,92.0,68.0
1774642224428668211,117297,9.42,4.6,10.872,-461.1,4.73,-0.08,-2.06,5.0,5.44,0.35,0.07,-0.06,2472.69,163.0,59.09,0.0,92.0,68.0
1774642224527008805,117397,9.376,1.8,10.652,-416.6,4.8,-0.04,-1.81,5.06,5.44,-0.02,-0.2,0.21,149.55,163.0,55.79,0.0,92.0,68.0
1774642224625349269,117496,10.992,-0.2,10.88,-338.0,4.9,0.12,-1.63,5.19,5.44,0.13,-0.15,-0.27,162.07,153.0,55.61,0.0,92.0,68.0
1774642224727759339,117596,9.408,2.8,10.964,-314.8,3.34,0.18,-1.63,5.31,5.5,0.08,0.08,-0.25,158.47,153.0,66.1,0.0,92.0,68.0
1774642224826071538,117696,9.46,3.1,10.784,-217.2,2.91,-0.02,-1.63,5.44,5.56,0.1,-0.03,-0.16,152.63,169.0,77.91,0.0,92.0,68.0
1774642224934452186,117796,11.024,1.3,10.796,-218.7,3.24,0.04,-1.63,5.5,5.56,0.15,-0.13,-0.22,160.87,161.0,75.78,0.0,92.0,68.0
1774642225026802687,117896,9.188,3.0,10.624,-240.8,3.93,-0.06,-1.63,5.5,5.56,0.06,0.04,-0.04,158.12,161.0,62.71,0.0,92.0,68.0
1774642225125127775,117995,9.256,-1.1,10.32,-340.2,5.23,0.08,-1.63,5.63,5.63,0.16,-0.13,0.02,155.55,163.0,46.07,0.0,92.0,68.0
1774642225223443602,118094,10.748,4.2,10.736,-343.6,5.7,-0.1,-1.5,5.88,5.75,0.31,0.05,-0.19,147.49,157.0,44.68,0.0,92.0,68.0
1774642225325849686,118194,9.392,3.8,10.948,-377.8,6.09,-0.14,-1.31,6.13,5.81,-0.66,-0.47,0.35,150.75,157.0,51.61,0.0,92.0,68.0
1774642225444635117,118294,10.908,-0.1,10.908,-357.0,6.35,-0.02,-0.94,6.19,5.81,0.22,-0.03,-0.1,11848.25,161.0,58.22,0.0,92.0,68.0
1774642225547080597,118414,10.212,4.9,10.232,-390.1,5.55,-0.06,-0.56,6.19,5.69,-0.31,-0.29,-0.36,154.52,167.0,58.78,0.0,92.0,68.0
1774642225645398684,118514,9.176,3.9,10.908,-358.2,4.43,0.0,-0.37,6.25,5.75,-0.11,-0.18,-0.22,157.27,167.0,59.39,0.0,92.0,68.0
1774642225747807213,118615,9.688,2.0,10.988,-280.3,3.01,0.06,-0.37,6.38,5.75,-0.15,-0.02,-0.17,145.09,156.0,69.11,0.0,92.0,68.0
1774642225846138061,118715,9.488,-0.4,10.988,-249.3,3.09,-0.12,-0.37,6.44,5.75,0.14,0.0,-0.16,166.53,156.0,74.35,0.0,94.0,68.0
1774642225972946514,118815,9.908,1.9,9.804,-201.7,3.07,0.04,-0.37,6.44,5.75,-0.05,0.06,-0.16,160.87,163.0,69.91,0.0,94.0,68.0
1774642226100950113,118916,9.576,0.9,10.148,-238.0,3.95,-0.04,-0.37,6.56,5.81,0.14,0.21,-0.27,11864.88,167.0,52.69,0.0,94.0,68.0
1774642226169769659,119037,9.86,650.2,10.796,-372.2,6.46,-6.33,-0.37,6.81,5.88,-0.56,0.47,0.12,134.11,156.0,40.42,62.31,94.0,68.0
1774642226268138871,119137,10.004,3.1,10.912,-260.5,4.45,2.3,0.37,7.88,5.94,1.14,1.06,-0.07,155.55,156.0,50.7,75.15,94.0,68.0
1774642226370509897,119237,9.472,3.5,10.812,-404.8,4.75,0.02,0.75,7.69,5.75,0.11,-0.05,-0.21,151.95,159.0,61.38,3.93,94.0,68.0
1774642226468797112,119337,8.948,472.5,10.556,-433.2,4.57,3.71,1.12,7.56,5.56,4.73,0.5,-2.51,8335.76,165.0,65.56,109.64,94.0,68.0
1774642226571261692,119438,9.088,428.6,10.844,-286.1,4.0,2.97,0.0,5.5,5.13,0.02,0.09,-0.31,146.8,165.0,65.9,146.44,94.0,68.0
1774642226669536979,119538,10.056,464.5,10.88,-211.7,3.75,3.44,-1.19,5.25,5.0,-0.16,-0.4,-0.33,150.23,170.0,68.32,141.4,94.0,68.0
1774642226771964367,119639,9.896,420.0,10.896,-229.3,2.95,3.57,-1.88,5.44,4.88,0.27,0.02,-0.11,155.72,170.0,71.66,142.43,94.0,68.0
1774642226870282032,119739,10.484,2.1,10.984,-230.5,2.95,-0.61,-2.19,5.56,4.75,0.91,-0.41,-0.34,142.17,176.0,67.52,84.2,94.0,68.0
1774642226972701919,119839,9.94,0.8,10.896,-217.3,4.34,-0.14,-2.06,5.56,4.75,-0.01,-0.25,-0.19,136.51,172.0,60.03,0.83,94.0,68.0
1774642227096977921,119940,9.42,1.7,10.992,-249.5,4.45,-0.08,-2.06,5.56,4.75,0.15,0.02,-0.11,137.89,172.0,55.54,0.0,94.0,68.0
1774642227173452090,120039,10.236,1.6,10.988,-283.4,4.73,-0.18,-2.06,5.63,4.75,0.25,0.18,-0.11,142.0,171.0,50.84,0.0,94.0,68.0
1774642227271748485,120139,9.548,5.4,10.948,-365.9,4.98,-0.16,-2.0,5.69,4.75,0.4,-0.02,-0.28,146.29,174.0,49.68,0.0,94.0,68.0
1774642227370031712,120240,10.936,5.0,10.732,-520.7,7.73,-0.27,-1.81,5.63,4.75,0.12,-0.21,-0.09,149.03,174.0,45.69,0.0,94.0,68.0
1774642227472538255,120339,10.672,5.7,10.916,-455.5,6.07,-0.04,-1.69,5.69,4.75,0.25,0.06,-0.17,150.41,180.0,47.66,0.0,94.0,68.0
1774642227570748820,120439,9.612,2.7,10.036,-527.8,6.21,-0.14,-1.44,5.75,4.75,0.21,-0.06,0.0,145.26,173.0,49.68,0.0,94.0,68.0
1774642227673232415,120540,9.204,3.9,10.332,-519.3,7.25,0.0,-1.37,5.75,4.81,0.25,0.32,-0.28,147.32,173.0,54.64,0.0,94.0,68.0
1774642227796947761,120640,10.56,0.6,10.116,-377.6,4.45,-0.27,-1.37,5.88,4.81,0.24,0.14,-0.09,145.26,177.0,67.68,0.0,94.0,68.0
1774642227873976787,120740,11.06,0.1,10.992,-276.3,2.99,-0.08,-1.37,5.94,4.81,0.09,-0.23,0.27,148.35,177.0,80.62,0.0,96.0,68.0
1774642227982284665,120841,11.032,3.8,9.78,-231.1,2.87,0.02,-1.37,5.94,4.81,0.04,-0.06,-0.25,140.12,175.0,85.79,0.0,96.0,68.0
1774642228074746626,120941,9.4,0.2,10.96,-310.9,4.06,-0.08,-1.37,6.06,4.88,0.19,0.02,-0.07,152.46,176.0,65.86,0.0,96.0,68.0
1774642228172945523,121041,9.136,5.1,10.92,-327.8,5.92,-0.14,-1.37,6.31,5.0,0.2,-0.04,-0.24,148.0,176.0,46.58,0.0,96.0,68.0
1774642228275416356,121142,9.392,4.7,10.34,-327.4,4.67,-0.23,-1.19,6.56,5.06,0.27,-0.22,-0.12,143.2,174.0,46.51,0.0,96.0,68.0
1774642228377870927,121242,9.164,3.0,9.52,-424.7,5.96,0.08,-0.88,6.69,5.06,0.18,0.02,-0.19,135.49,172.0,55.02,0.0,96.0,68.0
1774642228476126649,121342,10.344,-0.8,10.828,-466.5,6.8,-0.08,-0.5,6.75,5.06,0.37,-0.33,-0.22,140.63,172.0,59.39,0.0,96.0,68.0
1774642228574399874,121442,10.344,1.3,10.5,-409.6,5.63,0.12,-0.25,6.75,5.0,0.34,-0.26,-0.54,140.97,181.0,60.95,0.0,96.0,68.0
1774642228676937552,121542,10.588,4.2,10.952,-323.0,3.81,0.12,-0.25,6.88,5.0,-0.35,0.23,-0.52,147.15,181.0,66.66,0.0,96.0,68.0
1774642228775136023,121643,10.592,1.8,10.372,-234.1,4.18,0.02,-0.25,6.88,5.0,0.63,-0.13,-0.01,138.4,175.0,70.57,0.0,96.0,68.0
1774642228877617414,121743,9.424,0.1,10.648,-263.0,3.22,0.04,-0.25,6.88,5.0,-0.15,-0.23,-0.3,146.63,172.0,69.2,0.0,96.0,68.0
1774642229000935892,121843,9.512,1.1,10.984,-274.1,5.25,-0.1,-0.25,6.88,5.0,0.18,-0.01,-0.48,156.41,172.0,61.16,0.0,96.0,68.0
1774642229078328884,121944,9.552,2.2,10.948,-321.4,5.61,0.0,-0.25,7.06,5.06,-0.04,-0.01,-0.02,138.57,181.0,50.52,0.0,96.0,68.0
1774642229176620860,122044,10.236,44.7,10.736,-449.1,6.84,3.89,-0.12,7.31,5.19,-0.32,-0.21,0.15,137.89,178.0,40.45,4.13,96.0,68.0
1774642229279173417,122144,10.52,-2.7,10.892,-453.4,5.12,0.04,-0.06,7.0,5.25,0.17,-0.37,0.34,133.26,178.0,53.75,12.54,96.0,68.0
1774642229377320777,122245,9.296,-3.1,10.864,-504.2,7.15,0.06,0.19,7.13,5.25,0.71,-0.19,-0.46,138.57,176.0,62.55,0.0,96.0,68.0
1774642229479766224,122345,10.52,5.5,10.832,-553.6,5.68,0.06,0.56,7.13,5.19,-0.35,-0.4,0.08,141.83,179.0,59.44,0.0,96.0,68.0
1774642229578060774,122445,9.532,792.5,10.724,-466.4,4.94,4.69,0.88,6.94,5.13,0.29,0.65,-1.02,145.09,179.0,58.23,60.02,96.0,70.0
1774642229680520001,122546,10.312,499.6,10.78,-349.3,4.88,4.14,-0.12,6.0,4.81,-0.16,-0.23,-0.01,146.8,175.0,65.14,139.81,96.0,70.0
1774642229778790141,122646,10.744,617.4,10.852,-277.5,3.52,4.75,-0.75,5.94,4.63,0.44,0.3,-0.09,150.06,175.0,72.53,136.73,98.0,70.0
1774642229920947474,122746,10.3,1.7,10.952,-356.9,5.47,0.45,-1.31,6.13,4.38,0.34,-1.53,-0.08,151.78,175.0,66.29,63.6,98.0,70.0
1774642229989623637,122847,9.928,0.2,9.776,-323.0,5.18,-0.06,-1.12,6.19,4.44,-0.53,-0.25,-0.13,141.14,178.0,58.78,0.0,98.0,70.0
1774642230081977863,122947,9.312,1.4,10.924,-386.9,5.27,0.06,-1.06,6.19,4.44,0.11,-0.07,-0.05,145.26,178.0,50.52,0.0,98.0,70.0
1774642230180286708,123046,10.748,468.2,10.192,-399.8,5.57,-6.58,-0.94,6.19,4.44,-0.04,-0.42,-0.05,149.55,172.0,51.63,24.63,98.0,70.0
1774642230282728613,123146,10.932,0.5,10.512,-287.9,5.08,-0.63,-0.31,6.94,4.63,-0.15,1.96,-3.37,155.04,171.0,66.34,58.69,98.0,70.0
1774642230381037773,123246,9.404,4.2,10.84,-498.6,5.08,-0.08,0.19,7.0,4.25,0.23,0.07,-0.3,147.15,171.0,65.59,0.89,98.0,70.0
1774642230479276625,123346,9.06,3.4,10.456,-377.0,4.98,-0.04,0.5,7.06,4.19,-0.41,-0.21,-0.13,6872.52,173.0,57.1,5.19,98.0,70.0
1774642230598158053,123446,10.144,454.2,10.468,-358.9,5.7,4.24,0.69,7.13,4.19,-0.2,-0.14,-0.15,10157.77,177.0,58.24,131.92,98.0,70.0
1774642230706516031,123563,9.452,474.1,10.8,-295.0,3.52,3.38,0.06,6.25,4.06,1.39,0.15,0.4,153.49,177.0,68.42,136.83,98.0,70.0
1774642230798897579,123663,9.296,568.6,10.796,-322.5,4.43,4.3,-0.69,6.44,3.88,-0.2,-0.5,-0.06,197.22,177.0,72.4,136.93,98.0,70.0
1774642230897191940,123763,10.532,473.2,10.736,-283.8,4.0,4.49,-0.88,6.44,3.69,0.42,-0.22,-0.41,2160.56,176.0,63.91,139.84,98.0,70.0
1774642230999678093,123863,10.82,0.1,10.92,-351.4,4.55,0.47,-0.81,6.25,3.56,0.38,-0.55,0.54,137.03,176.0,56.14,58.22,98.0,70.0
1774642231097909883,123963,10.96,2.2,10.9,-345.2,5.53,-0.1,-0.63,6.19,3.56,0.14,-0.06,-0.17,139.6,184.0,50.84,0.79,98.0,70.0
1774642231220948271,124063,9.7,-1.2,10.652,-370.0,5.33,-0.06,-0.5,6.25,3.56,0.21,-0.21,-0.08,156.07,174.0,52.52,0.0,98.0,70.0
1774642231298733834,124164,10.78,5.0,10.728,-427.2,6.17,-0.23,-0.31,6.25,3.5,1.98,0.3,-0.09,184.36,174.0,58.23,0.0,98.0,70.0
1774642231401067485,124264,10.72,4.6,10.488,-392.9,6.23,0.0,0.0,6.25,3.44,0.18,-0.19,-0.18,148.35,172.0,59.81,0.0,98.0,70.0
1774642231499356866,124364,10.132,1.2,10.396,-426.8,6.37,-0.08,0.31,6.25,3.38,0.12,0.08,-0.13,184.71,172.0,59.12,0.0,98.0,70.0
1774642231609981216,124465,9.216,903.6,10.772,-367.4,3.89,5.29,0.37,5.94,3.44,-1.88,0.81,0.99,9790.76,182.0,63.79,85.74,98.0,72.0
1774642231708289545,124573,9.272,634.1,10.58,-261.7,4.06,5.47,0.06,6.0,3.19,0.02,-0.12,-0.21,3994.75,170.0,71.52,131.5,100.0,72.0
1774642231832974990,124674,10.056,697.3,9.424,0.0,3.89,3.93,-0.5,6.25,3.0,0.18,-0.35,-0.18,2953.4,170.0,66.23,130.56,100.0,72.0
1774642231909008258,124774,10.82,454.7,10.504,-330.4,5.0,3.79,-0.37,6.19,2.88,-0.39,-0.05,-0.16,130.85,169.0,59.33,140.66,100.0,72.0
1774642232011442376,124874,9.604,-83.9,10.668,-340.9,4.96,-3.55,-0.19,5.94,2.81,0.33,0.08,-0.03,146.98,163.0,55.86,105.05,100.0,72.0
1774642232109742008,124975,9.396,3.4,10.6,-443.9,4.98,0.7,0.19,5.75,2.75,-0.82,-0.48,0.17,144.06,163.0,53.75,5.37,100.0,72.0
1774642232212182500,125075,9.944,2.2,10.448,-369.0,6.43,0.02,0.44,5.69,2.69,-0.2,0.0,-0.23,153.49,168.0,55.87,0.0,100.0,72.0
1774642232310493782,125175,10.36,872.0,10.544,-341.6,5.31,7.75,0.69,5.69,2.69,1.58,2.26,-2.24,150.41,167.0,60.03,51.69,100.0,72.0
1774642232412902509,125276,9.164,613.5,10.304,0.0,3.98,4.75,0.5,5.31,2.44,-0.95,0.17,-0.12,184.36,167.0,71.66,128.99,100.0,72.0
1774642232511174915,125376,10.232,767.1,10.752,-278.7,3.59,6.25,-0.25,5.56,2.5,0.39,-0.43,-0.59,6487.84,169.0,67.36,125.44,100.0,72.0
1774642232613632224,125475,10.66,629.9,10.432,-264.2,4.26,4.86,-0.5,5.56,2.38,0.14,0.13,-0.47,4197.98,172.0,62.15,137.33,100.0,72.0
1774642232711939098,125575,10.988,3.0,10.908,-270.7,4.79,-0.41,-0.56,5.44,2.25,0.03,-0.18,0.52,139.77,172.0,56.14,59.8,100.0,72.0
1774642232810194001,125674,9.468,4.0,9.812,-300.2,4.98,-0.04,-0.12,5.44,2.13,0.07,0.08,-0.11,183.5,174.0,57.2,1.59,100.0,72.0
1774642232929073635,125774,10.976,2.7,9.956,-294.1,4.43,0.2,0.06,5.5,2.06,0.09,0.09,-0.2,11847.39,172.0,59.44,0.0,100.0,72.0
1774642233031474526,125893,10.968,4.1,10.444,-351.6,4.88,0.0,0.31,5.5,2.06,-0.06,-0.13,-0.14,1493.59,172.0,56.14,0.0,100.0,72.0
1774642233129801567,125993,10.94,40.2,10.716,-326.1,4.63,-0.61,0.44,5.38,2.06,0.51,0.06,1.29,194.48,171.0,54.73,55.58,100.0,72.0
1774642233232207514,126093,9.188,-15.0,9.688,-383.9,4.51,1.91,0.63,5.13,2.0,-0.56,-0.47,0.25,165.33,171.0,59.49,79.63,100.0,72.0
1774642233330545075,126193,9.74,602.7,10.28,-505.6,6.39,3.91,1.19,5.38,1.75,0.15,-0.21,0.93,174.07,174.0,49.25,81.03,100.0,72.0
1774642233428803846,126292,9.392,549.4,10.788,-324.7,4.36,3.59,1.19,4.81,1.56,-0.61,0.4,-0.14,160.87,173.0,63.79,141.19,100.0,74.0
1774642233531220388,126392,9.276,689.0,10.624,-326.3,3.63,6.21,0.69,4.88,1.56,0.09,0.54,-0.58,141.32,173.0,70.77,128.99,100.0,74.0
1774642233629550892,126491,10.284,646.2,10.08,-274.9,4.71,4.98,0.12,5.06,1.44,0.12,-0.26,-0.11,128.63,175.0,66.89,126.7,100.0,74.0
1774642233731993289,126592,10.572,568.2,10.612,-323.9,5.66,3.69,-0.06,5.38,1.63,0.43,-0.22,-0.07,3223.17,162.0,57.09,134.87,102.0,74.0
1774642233830274434,126693,9.476,456.8,10.512,-296.8,3.65,3.36,0.19,5.25,1.44,0.0,-0.28,-0.24,125.54,162.0,57.96,141.07,102.0,74.0
1774642233932707719,126793,10.94,0.0,10.932,-290.8,4.34,0.04,0.63,5.25,1.19,0.53,0.06,-0.16,153.15,164.0,62.76,77.06,102.0,74.0
1774642234208942585,126894,9.088,1202.8,9.944,-308.6,4.84,9.14,1.19,5.06,1.12,-0.61,0.82,0.27,145.09,162.0,62.31,47.15,102.0,74.0
1774642234231748851,126994,10.12,0.0,10.8,-313.6,3.85,4.34,1.12,5.06,1.06,0.65,0.02,-0.11,135.14,162.0,65.59,132.07,102.0,74.0
1774642234243902418,127094,10.704,453.5,10.712,-283.6,5.64,7.3,0.75,4.94,1.19,0.62,-1.25,-0.11,3001.42,154.0,62.3,77.36,102.0,74.0
1774642234334150562,127194,10.224,643.8,10.816,-341.7,5.06,4.1,0.75,4.63,1.06,0.63,-0.31,0.26,6067.67,149.0,57.8,132.73,102.0,74.0
1774642234452931344,127294,8.968,0.0,10.348,-261.1,4.22,3.55,0.63,4.31,0.94,0.09,-0.28,0.39,11693.04,161.0,53.41,138.25,102.0,76.0
1774642234551242367,127414,9.232,627.3,10.768,-252.1,4.0,4.38,0.63,4.38,0.69,0.75,-0.06,-0.41,143.37,161.0,57.33,127.2,102.0,76.0
1774642234653745038,127514,9.056,635.8,10.692,-268.1,4.73,4.9,0.56,4.5,0.63,0.03,-0.09,0.03,144.23,155.0,58.54,131.52,102.0,76.0
1774642234751985958,127614,9.156,515.2,10.764,-379.4,5.39,3.61,0.56,4.31,0.56,0.74,-0.59,-0.1,125.54,155.0,52.3,136.5,102.0,76.0
1774642234850270828,127713,9.084,430.7,10.704,-325.7,3.98,3.32,1.06,4.25,0.44,-0.21,0.16,-0.37,130.85,160.0,55.06,146.55,102.0,76.0
1774642234952708971,127813,9.452,670.5,10.788,-281.0,4.04,3.96,1.56,4.25,0.12,-0.03,0.7,0.06,129.48,160.0,62.71,136.16,102.0,76.0
1774642235076944739,127913,9.144,625.5,10.412,-303.5,3.98,5.68,1.69,4.25,0.0,0.32,0.22,-0.71,6537.75,162.0,64.32,132.15,102.0,76.0
1774642235153471817,128013,9.028,556.4,10.744,-308.7,4.75,4.69,1.69,3.88,0.12,0.25,-0.12,0.03,122.11,166.0,57.09,135.58,102.0,76.0
1774642235251745696,128113,10.28,384.5,10.796,-328.5,4.22,4.04,1.69,3.31,0.12,-0.23,-0.47,0.02,134.11,166.0,56.43,139.76,102.0,76.0
1774642235354194258,128214,10.148,536.6,10.828,-303.7,3.75,3.67,2.0,3.19,0.0,0.07,0.05,0.32,132.4,171.0,60.95,144.35,102.0,78.0
1774642235452449283,128314,9.348,550.0,10.688,-294.8,3.87,4.18,2.0,3.31,-0.19,0.33,0.02,-0.27,138.74,175.0,66.7,133.39,102.0,78.0
1774642235554867841,128414,8.904,678.7,10.664,-303.6,3.42,4.38,2.0,3.31,-0.19,0.24,-0.18,-0.26,129.48,175.0,62.93,132.95,102.0,78.0
1774642235657335277,128515,9.176,0.0,10.856,-257.0,4.77,3.69,2.13,2.94,-0.25,0.19,-0.48,-0.4,8721.46,181.0,58.13,145.05,104.0,78.0
1774642235755614805,128616,10.768,463.8,10.748,-244.0,4.65,2.75,2.56,2.94,-0.5,0.22,0.17,-0.57,160.35,170.0,59.26,140.34,104.0,78.0
1774642235886721147,128716,9.924,582.9,9.736,-256.7,4.14,5.64,2.81,3.13,-0.75,-0.13,0.32,-0.3,11677.09,182.0,64.77,137.02,104.0,78.0
1774642236012962343,128848,9.436,523.6,10.472,-295.2,4.2,3.44,3.06,3.0,-0.69,0.36,-0.11,-0.22,152.29,182.0,64.66,138.34,104.0,78.0
1774642236087437518,128948,10.528,398.5,10.236,-307.3,4.43,2.5,3.31,2.31,-0.63,0.22,-0.21,-0.42,186.25,184.0,52.93,149.96,104.0,78.0
1774642236189837555,129048,9.384,491.3,10.824,-251.6,4.24,3.75,3.75,2.06,-0.75,0.24,0.2,0.2,197.22,184.0,56.43,144.1,104.0,80.0
1774642236312738358,129147,10.448,625.1,10.808,-270.9,2.62,4.0,3.81,2.19,-1.0,0.1,0.38,-0.27,11671.95,182.0,69.52,135.61,104.0,80.0
1774642236411016068,129272,9.548,533.6,10.648,-284.7,3.87,3.69,3.81,2.19,-0.88,0.51,0.16,-0.17,202.03,184.0,64.66,139.84,104.0,80.0
1774642236513444645,129372,9.18,0.0,10.812,-310.0,4.84,2.03,4.13,1.75,-0.81,-0.04,-0.69,0.15,184.36,184.0,53.18,148.02,104.0,80.0
1774642236611754138,129472,9.776,419.4,10.176,-296.3,4.02,3.57,4.56,1.69,-1.0,-0.89,-0.26,0.17,4934.4,175.0,57.81,148.93,104.0,80.0
1774642236710065778,129571,9.592,522.9,10.78,-307.5,3.3,5.23,4.81,2.06,-1.31,0.75,0.46,-0.18,176.13,186.0,66.41,134.02,104.0,80.0
1774642236832974675,129671,9.0,487.4,10.704,-322.9,4.88,3.38,5.06,2.19,-1.37,0.13,-0.28,-0.06,11668.17,179.0,62.02,144.21,104.0,80.0
1774642236956941790,129793,9.368,355.0,10.832,-341.9,5.2,1.66,5.69,1.63,-1.37,-0.24,-0.66,-0.5,191.91,179.0,53.09,151.93,104.0,80.0
1774642237033702201,129893,10.096,0.0,9.668,-268.4,4.49,3.54,6.5,1.5,-1.44,0.36,0.46,-0.15,178.87,173.0,57.74,153.97,104.0,82.0
1774642237132013938,129992,10.352,489.4,9.924,-215.8,3.55,3.67,6.94,1.5,-1.56,0.4,0.1,-0.24,168.93,173.0,65.59,135.61,104.0,82.0
1774642237234482063,130092,10.2,551.9,10.524,-249.2,2.87,3.63,7.06,1.25,-1.31,0.08,-0.08,-0.23,185.05,171.0,69.77,137.94,104.0,82.0
1774642237332763611,130192,10.656,0.0,10.668,0.0,3.79,2.54,7.19,0.75,-1.25,0.11,-0.2,-0.25,155.55,173.0,60.39,145.44,104.0,82.0
1774642237455591773,130292,10.26,384.6,10.376,-250.9,4.73,2.89,7.5,0.56,-1.12,-0.01,-0.31,0.08,11670.23,172.0,55.48,149.09,104.0,82.0
1774642237553930847,130413,10.184,0.0,10.82,-211.8,2.71,5.21,7.94,0.63,-1.31,0.62,0.07,-0.01,161.04,172.0,64.91,136.83,104.0,82.0
1774642237652252604,130513,8.972,0.0,10.476,-252.9,3.61,4.3,7.94,0.75,-1.19,0.15,-0.22,-0.29,171.16,188.0,62.55,137.13,106.0,82.0
1774642237776943256,130613,9.464,410.6,10.632,-283.6,3.85,3.46,8.19,0.44,-1.25,0.33,-0.42,-0.01,197.4,188.0,52.17,144.61,106.0,82.0
1774642237852974736,130713,9.236,327.8,10.864,-262.0,3.79,2.54,8.88,0.31,-1.44,0.27,0.13,0.03,167.04,180.0,52.73,151.1,106.0,84.0
1774642237955395967,130813,9.052,0.0,10.348,-269.0,2.6,4.41,9.56,0.31,-1.56,0.03,0.79,-0.42,176.13,189.0,63.15,141.46,106.0,84.0
1774642238053709160,130913,9.228,545.9,10.784,-269.6,3.22,4.69,9.81,0.12,-1.37,0.29,0.37,-0.27,140.8,189.0,67.0,136.72,106.0,84.0
1774642238156112345,131013,9.328,507.9,10.836,-285.6,3.16,3.89,9.88,-0.5,-1.19,0.69,-0.47,0.05,166.36,191.0,61.38,140.08,106.0,84.0
1774642238254470800,131113,10.728,0.0,10.836,-228.5,4.08,3.59,10.06,-0.81,-1.25,0.58,-0.13,0.0,168.24,191.0,57.61,149.8,106.0,84.0
1774642238356839295,131213,10.712,567.9,10.444,-175.1,3.28,4.26,10.19,-1.0,-1.25,-0.05,0.26,-0.1,158.81,189.0,60.95,140.34,106.0,84.0
1774642238455119259,131313,8.856,677.4,10.82,-203.3,3.14,5.51,10.25,-0.94,-1.19,-0.53,0.23,0.07,160.52,197.0,62.53,133.39,106.0,84.0
1774642238553477752,131412,9.596,656.2,10.804,-202.7,4.04,3.75,10.31,-1.25,-1.25,0.25,-0.16,-0.1,160.35,197.0,61.16,136.5,106.0,84.0
1774642238661825968,131512,8.972,426.3,10.576,-286.1,4.41,2.87,10.44,-1.44,-1.31,-0.17,-0.03,0.07,156.92,209.0,58.3,148.17,106.0,86.0
1774642238754190627,131612,10.548,506.1,10.54,-219.3,3.69,4.59,10.69,-1.56,-1.44,0.13,0.27,-0.2,171.84,204.0,58.36,143.4,106.0,86.0
1774642238856595905,131713,9.132,0.0,9.828,-239.5,2.68,5.66,11.0,-1.63,-1.37,0.73,0.28,-0.3,178.7,204.0,62.93,134.73,106.0,86.0
1774642238980948717,131813,9.3,665.8,10.664,-245.9,3.91,4.36,11.06,-1.88,-1.37,0.08,-0.16,-0.15,187.79,204.0,62.76,132.66,106.0,86.0
1774642239057323934,131913,10.768,561.6,10.844,-214.4,3.96,4.51,10.88,-2.38,-1.37,-0.09,0.04,0.28,4928.57,201.0,57.44,137.73,106.0,86.0
1774642239155634751,132014,10.668,615.2,10.16,-190.0,3.61,4.96,10.75,-2.81,-1.37,0.28,0.18,-0.17,2112.02,201.0,57.22,134.94,106.0,86.0
1774642239258085182,132114,9.432,642.4,10.32,-216.5,2.73,5.72,10.75,-3.06,-1.31,-1.05,0.55,0.01,3080.83,208.0,63.72,126.69,106.0,86.0
1774642239356336639,132213,10.348,698.6,10.824,-186.9,3.18,4.63,10.13,-3.0,-1.37,0.49,-0.1,-0.24,1621.19,197.0,63.85,129.55,106.0,86.0
1774642239458747787,132314,8.92,0.0,10.808,0.0,3.38,4.08,9.44,-3.13,-1.56,0.54,-0.08,-0.02,4577.68,197.0,59.61,133.39,106.0,86.0
1774642239557159358,132415,9.476,685.6,10.808,-174.8,3.79,4.06,9.25,-3.38,-1.69,-0.27,0.0,0.38,1916.86,194.0,58.94,133.79,106.0,88.0
1774642239659484588,132515,10.704,0.0,10.788,-221.5,2.91,4.53,9.25,-3.5,-1.69,0.2,0.16,0.26,201.68,194.0,60.71,130.22,108.0,88.0
1774642239784944493,132616,10.06,590.4,9.756,-194.0,2.52,5.7,8.81,-3.44,-1.81,0.44,0.03,-0.29,11684.98,195.0,63.88,129.21,108.0,88.0
1774642239905268177,132742,10.732,636.2,10.268,-180.8,2.93,4.24,7.44,-3.31,-2.0,0.38,0.0,-0.07,11673.66,201.0,62.98,136.92,108.0,88.0
1774642240003581604,132861,9.608,650.6,10.82,-188.0,2.77,5.27,6.63,-3.81,-2.13,-0.14,0.18,-0.11,2272.72,192.0,60.52,130.25,108.0,88.0
1774642240111939171,132961,10.4,712.3,10.744,-181.4,2.07,6.39,5.69,-4.06,-2.25,0.21,0.19,0.12,179.22,192.0,61.61,126.31,108.0,88.0
1774642240204310282,133061,9.604,756.6,10.816,-159.0,2.03,4.59,4.56,-3.94,-2.63,0.29,0.12,-0.27,194.31,197.0,64.96,128.31,108.0,88.0
1774642240302593024,133161,10.068,658.9,9.852,-150.5,2.73,4.65,3.0,-3.69,-2.88,0.75,0.12,0.02,182.48,197.0,64.03,132.45,108.0,88.0
1774642240421374773,133261,8.98,0.0,10.808,-144.1,3.4,4.75,1.81,-3.75,-3.0,0.11,0.33,-0.23,11688.75,209.0,61.33,135.31,108.0,90.0
1774642240523802096,133380,9.968,660.3,10.716,-143.9,2.17,4.24,0.56,-3.88,-3.06,0.24,-0.13,0.03,187.96,209.0,59.44,133.74,108.0,90.0
1774642240622091338,133480,8.952,617.2,10.788,-130.5,2.7,6.15,-0.5,-3.63,-3.19,-0.47,-0.03,0.13,191.91,209.0,62.05,132.07,108.0,90.0
1774642240724545590,133580,9.248,634.2,10.796,-153.7,2.42,4.39,-1.94,-3.25,-3.38,0.46,0.22,0.03,182.48,229.0,58.78,134.25,108.0,90.0
1774642240822879783,133680,10.796,1.6,10.944,-212.3,2.85,0.76,-3.19,-2.94,-3.25,1.14,-1.45,-0.09,183.5,227.0,56.99,54.44,108.0,90.0
1774642240925270823,133780,10.972,1.8,10.924,-249.7,4.0,-0.08,-2.81,-3.0,-3.06,-0.05,0.37,0.14,184.02,227.0,51.96,0.0,108.0,90.0
1774642241023574884,133880,10.328,3.8,10.96,-229.1,5.16,-0.12,-2.69,-3.06,-3.06,0.05,0.02,-0.08,171.5,231.0,48.79,0.0,108.0,90.0
1774642241121825705,133980,9.432,4.0,10.228,-288.7,4.41,0.04,-2.69,-3.06,-3.06,0.18,0.03,-0.2,209.74,228.0,51.88,0.0,108.0,90.0
1774642241244791346,134080,9.172,2.3,10.9,-339.5,4.71,-0.2,-2.63,-3.06,-3.06,0.04,0.0,-0.14,11844.13,236.0,58.14,0.0,108.0,90.0
1774642241359460225,134201,10.66,-0.4,10.932,-302.3,3.93,-0.08,-2.56,-3.0,-3.06,0.11,-0.08,-0.26,11847.39,236.0,59.09,0.0,108.0,90.0
1774642241478213773,134315,10.964,1.4,10.6,-260.6,3.5,-0.02,-2.56,-2.94,-3.06,0.13,0.0,-0.07,11838.99,229.0,63.5,0.0,108.0,90.0
1774642241580677445,134435,9.432,3.5,9.968,-165.0,2.07,-0.16,-2.56,-2.69,-3.06,0.16,0.04,-0.04,207.86,229.0,73.22,0.0,108.0,90.0
1774642241678987995,134536,11.02,2.7,9.628,-110.8,1.58,-0.06,-2.56,-2.56,-3.0,0.08,-0.12,-0.06,215.4,228.0,77.85,0.0,110.0,90.0
1774642241801880461,134636,9.512,1.1,11.012,-99.4,1.41,-0.06,-2.56,-2.56,-3.0,0.1,-0.13,-0.09,11839.67,234.0,68.76,0.0,110.0,90.0
1774642242125019628,134756,11.008,0.7,10.976,-101.2,2.68,0.02,-2.56,-2.56,-3.0,0.07,-0.02,-0.05,11848.42,237.0,56.14,1.4,110.0,90.0
1774642242136423421,134878,11.012,2.4,10.916,-140.1,3.36,-0.18,-2.56,-2.5,-3.0,0.03,-0.04,-0.09,11856.31,236.0,50.8,0.0,110.0,90.0
1774642242158254561,134999,9.98,1.6,10.076,-174.1,3.42,-0.08,-2.56,-2.5,-3.0,0.14,-0.04,-0.11,11862.66,236.0,46.46,0.0,110.0,90.0
1774642242277041664,135113,9.184,3.3,10.632,-213.7,3.75,0.1,-2.56,-2.44,-3.0,0.09,0.08,-0.04,11854.59,231.0,50.95,0.0,110.0,90.0
1774642242395875125,135231,10.5,2.1,10.0,-296.7,3.42,0.02,-2.56,-2.44,-3.0,0.0,-0.33,-0.22,11840.7,230.0,64.77,0.0,110.0,90.0
1774642242514562773,135351,9.244,2.1,10.956,-184.1,2.09,0.02,-2.56,-2.38,-3.0,0.33,0.0,-0.2,11824.92,227.0,77.25,0.0,110.0,90.0
1774642242617040223,135472,11.032,1.5,11.024,-105.0,1.41,-0.06,-2.56,-2.31,-3.0,0.21,-0.09,-0.13,211.97,227.0,76.88,0.0,110.0,90.0
1774642242772945836,135572,9.224,3.2,11.036,-83.7,1.17,-0.14,-2.56,-2.31,-3.0,0.05,0.0,-0.13,11844.3,231.0,69.29,0.0,110.0,90.0
1774642242858741183,135692,10.984,1.1,10.984,-83.1,2.03,0.04,-2.56,-2.31,-2.94,0.11,-0.08,-0.09,11851.51,228.0,56.84,0.0,110.0,90.0
1774642242981631610,135813,9.804,-0.2,10.948,-193.2,3.16,0.0,-2.56,-2.31,-2.94,0.06,-0.04,-0.08,11862.31,225.0,48.02,0.0,110.0,90.0
1774642243096322541,135936,9.896,0.4,10.668,-199.2,3.38,0.06,-2.56,-2.31,-2.94,0.18,-0.11,-0.08,11858.71,225.0,51.1,0.0,110.0,90.0
1774642243215090645,136049,10.928,4.5,10.56,-262.2,4.14,-0.06,-2.56,-2.31,-2.94,0.05,0.05,-0.04,11854.42,231.0,54.28,0.0,110.0,90.0
1774642243338010489,136171,10.164,3.5,10.812,-263.8,4.55,0.1,-2.56,-2.31,-2.94,-0.02,-0.12,-0.23,11853.91,228.0,54.28,0.0,110.0,90.0
1774642243460903033,136293,10.132,1.3,10.952,-255.5,3.22,0.02,-2.56,-2.31,-2.94,0.08,-0.02,-0.07,11834.01,220.0,67.64,0.0,110.0,90.0
1774642243559209487,136414,9.54,1.5,10.604,-85.5,1.23,-0.04,-2.56,-2.19,-2.94,0.07,-0.2,-0.03,207.34,220.0,80.54,0.0,112.0,90.0
1774642243682094160,136514,11.04,3.4,11.028,-71.7,1.33,0.02,-2.56,-2.19,-2.94,0.11,-0.18,-0.03,11838.99,227.0,72.66,0.0,112.0,90.0
1774642243892935245,136635,9.356,2.2,10.14,-72.5,1.72,-0.12,-2.56,-2.19,-2.94,0.15,0.04,-0.04,11850.99,233.0,57.06,0.0,112.0,90.0
1774642243927879768,136756,9.272,4.4,11.012,-136.5,2.36,0.04,-2.56,-2.13,-2.94,0.08,-0.04,-0.09,11863.0,242.0,45.93,0.0,112.0,90.0
1774642244046658944,136882,9.388,2.0,10.836,-192.2,4.43,-0.06,-2.56,-2.13,-2.94,0.09,-0.02,0.02,11864.88,242.0,44.21,0.0,112.0,90.0
1774642244165460856,136999,10.448,-0.7,9.748,-269.3,4.0,-0.04,-2.56,-2.25,-2.94,0.06,-0.13,-0.06,11847.22,233.0,60.24,0.0,112.0,90.0
1774642244284239932,137119,9.472,3.2,10.652,-301.6,4.53,0.1,-2.56,-2.19,-2.94,0.16,0.07,-0.07,11848.25,244.0,61.56,0.0,112.0,90.0
1774642244407107468,137239,11.016,5.0,9.884,-232.0,4.16,0.06,-2.56,-2.19,-2.94,-0.05,0.0,-0.13,11836.41,231.0,66.66,0.0,112.0,90.0
1774642244505406076,137360,11.028,1.1,11.036,-125.9,1.8,-0.14,-2.56,-2.13,-2.88,0.14,-0.03,-0.13,217.63,231.0,76.88,0.0,112.0,90.0
1774642244607853112,137460,9.568,2.4,9.864,-74.9,1.46,-0.04,-2.56,-2.13,-2.88,0.01,0.0,-0.09,206.66,233.0,78.7,0.0,112.0,90.0
1774642244726659876,137561,9.44,2.1,9.968,-81.2,0.68,0.04,-2.56,-2.06,-2.88,0.11,-0.01,-0.11,11840.02,225.0,68.26,0.0,112.0,90.0
1774642244849548119,137680,9.468,2.0,10.92,-95.9,2.6,-0.02,-2.56,-2.06,-2.88,0.05,-0.08,-0.13,11861.45,229.0,51.22,0.0,112.0,90.0
1774642244968318953,137801,10.32,5.0,10.744,-232.3,3.96,-0.02,-2.56,-2.06,-2.88,0.22,0.06,0.0,11869.0,229.0,42.1,0.0,112.0,90.0
1774642245176944903,137919,10.972,1.3,10.984,-290.0,4.67,-0.1,-2.56,-2.06,-2.88,0.01,-0.07,-0.05,11860.08,228.0,50.52,0.0,112.0,90.0
1774642245210021080,138041,10.728,5.6,10.908,-300.4,4.96,-0.02,-2.56,-2.19,-2.88,-0.06,-0.14,-0.2,11853.39,236.0,54.53,0.0,112.0,90.0
1774642245328842621,138162,10.788,0.1,10.948,-254.9,3.77,0.04,-2.56,-2.19,-2.88,0.06,0.0,-0.07,11849.79,233.0,58.46,0.0,112.0,90.0
1774642245443482706,138283,10.54,1.7,11.02,-168.8,2.34,-0.04,-2.56,-2.13,-2.88,0.09,-0.02,-0.13,11833.33,233.0,69.56,0.0,112.0,90.0
1774642245545914164,138397,11.036,2.3,10.132,-105.4,0.78,-0.08,-2.56,-2.06,-2.88,0.14,-0.06,-0.11,210.77,233.0,75.95,0.0,114.0,90.0
1774642245664705238,138498,9.58,2.9,11.052,-65.1,0.82,0.1,-2.56,-2.06,-2.88,0.12,-0.03,-0.13,11838.13,234.0,70.67,0.0,114.0,90.0
1774642245783495109,138616,9.584,2.0,11.024,-85.4,1.09,-0.14,-2.56,-2.06,-2.88,0.04,-0.04,-0.07,11851.34,231.0,58.94,0.0,114.0,90.0
1774642245916953327,138734,11.056,2.6,9.884,-160.4,3.2,-0.02,-2.56,-2.06,-2.88,-0.22,0.08,-0.09,11863.86,231.0,46.61,0.0,114.0,90.0
1774642245996528731,138849,10.66,1.5,10.244,-259.1,4.16,0.0,-2.56,-2.06,-2.88,0.19,0.02,-0.07,145.95,220.0,42.1,0.0,114.0,90.0
1774642246115299638,138949,9.18,2.0,10.544,-295.7,4.51,0.02,-2.56,-2.13,-2.88,0.04,-0.14,-0.17,11856.14,228.0,46.84,2.99,114.0,90.0
1774642246229988894,139069,9.792,-79.4,10.812,-331.8,3.87,4.59,-2.56,-2.13,-2.75,-0.15,-0.21,0.05,11847.56,228.0,55.4,28.81,114.0,90.0
1774642246352926427,139183,10.996,-1.0,10.484,-334.4,4.79,-0.08,-2.44,-1.56,-2.25,0.33,0.2,-0.03,11853.05,229.0,55.67,0.0,114.0,90.0
1774642246475738355,139302,10.776,2.0,10.988,-216.7,3.71,0.1,-2.44,-1.37,-2.19,0.26,0.29,-0.07,11833.33,236.0,69.71,0.0,114.0,90.0
1774642246574077218,139427,11.048,3.1,10.944,-98.9,1.19,0.0,-2.44,-1.31,-2.38,-0.09,-0.3,0.06,195.34,236.0,82.45,0.0,114.0,90.0
1774642246692885445,139527,9.476,1.8,11.048,-64.0,1.02,0.02,-2.44,-1.25,-2.38,0.12,-0.03,-0.06,11835.04,222.0,75.06,0.0,114.0,90.0
1774642246791164339,139645,10.84,3.0,9.608,-112.9,1.56,0.0,-2.44,-1.25,-2.38,0.06,-0.04,-0.08,238.9,228.0,57.79,0.0,114.0,90.0
1774642246927070553,139744,9.252,1.7,10.696,-154.9,2.75,0.02,-2.44,-1.25,-2.38,-0.06,-0.14,-0.15,11864.2,218.0,47.17,0.0,114.0,90.0
1774642247041046849,139874,11.02,5.3,10.528,-259.9,4.84,-0.02,-2.44,-1.31,-2.38,-0.1,0.12,0.0,11861.63,225.0,45.39,0.0,114.0,90.0
1774642247143463855,139994,10.432,1.7,10.64,-257.9,4.04,0.04,-2.44,-1.37,-2.44,0.18,0.17,0.03,191.22,225.0,48.65,0.0,114.0,90.0
1774642247262259461,140094,10.588,1.8,10.896,-351.9,5.04,0.08,-2.38,-1.25,-2.38,0.06,-0.23,-0.1,11849.96,229.0,54.85,0.0,114.0,90.0
1774642247381003987,140214,11.02,4.3,10.42,-216.8,2.3,0.06,-2.31,-1.12,-2.31,0.24,0.92,0.3,11822.18,227.0,76.49,0.0,114.0,90.0
1774642247483446959,140334,10.884,2.0,9.884,-87.8,0.76,0.04,0.06,0.69,-2.5,0.38,-0.78,0.11,266.34,227.0,84.2,0.0,114.0,90.0
1774642247602240935,140433,10.44,2.1,9.756,-53.0,0.68,-0.02,2.94,1.5,-3.63,0.28,0.18,0.0,11785.82,235.0,76.46,21.29,116.0,90.0
1774642247704647291,140554,9.38,279.0,9.656,-30.6,0.33,2.25,7.63,1.31,-3.44,-0.38,0.26,-0.14,255.88,235.0,64.07,146.44,116.0,90.0
1774642247848959853,140653,9.6,202.6,9.852,-16.1,1.02,1.19,11.38,1.37,-1.56,0.01,-0.24,-0.54,216.6,267.0,63.74,166.05,116.0,90.0
1774642247901280242,140752,9.536,93.2,9.752,-42.2,0.68,0.86,14.5,2.25,0.0,-0.03,-0.19,-0.26,210.43,234.0,66.34,171.81,116.0,90.0
1774642248009613912,140852,9.5,146.8,11.044,-23.9,0.51,0.94,16.31,2.19,0.88,-0.05,0.11,-0.48,245.42,234.0,67.0,172.03,116.0,90.0
1774642248101979538,140952,9.344,144.9,9.888,-32.2,0.31,0.76,16.56,1.75,1.06,-0.39,0.42,-0.19,220.55,222.0,63.74,169.2,116.0,92.0
1774642248224914995,141052,9.856,147.5,11.016,-17.3,1.27,1.05,15.5,1.44,1.25,0.3,0.33,-0.05,11640.05,214.0,60.29,172.4,116.0,92.0
1774642248323208403,141174,11.016,138.8,11.024,-46.1,0.51,1.05,13.56,1.06,1.69,0.13,0.34,-0.13,237.01,214.0,59.12,168.41,116.0,92.0
1774642248446049221,141275,9.352,177.8,10.26,-27.8,0.41,1.0,12.75,1.19,1.75,0.1,0.23,-0.05,11637.82,214.0,61.11,171.3,116.0,92.0
1774642248568954657,141396,9.532,99.7,10.048,-27.5,0.43,1.41,12.63,1.63,1.88,-0.15,0.01,0.02,11637.48,220.0,61.94,172.58,116.0,92.0
1774642248667248361,141517,9.352,92.7,10.44,-33.1,0.53,0.7,12.81,1.63,1.63,-0.84,-0.08,-0.05,257.25,223.0,59.91,171.65,116.0,92.0
1774642248765519045,141617,9.56,160.2,11.036,-26.6,0.39,1.15,12.75,1.56,1.31,-0.17,0.15,-0.11,207.69,223.0,60.91,171.1,116.0,94.0
1774642248867991089,141717,10.62,103.8,9.772,-25.2,0.94,0.47,12.69,1.63,1.12,0.28,-0.09,-0.25,219.86,215.0,60.6,170.77,116.0,94.0
1774642248966291386,141817,11.04,157.5,10.912,-20.4,0.7,0.51,12.56,1.81,0.94,0.03,0.1,-0.25,1534.75,220.0,60.03,173.09,116.0,94.0
1774642249089172509,141917,10.992,127.6,9.76,-23.1,1.19,1.05,12.13,1.88,1.06,0.15,0.05,-0.03,11640.56,221.0,61.05,171.57,116.0,94.0
1774642249203862889,142039,9.388,102.1,11.032,-28.0,0.35,0.82,11.0,1.75,1.44,-0.68,-0.03,0.0,11641.59,221.0,60.04,172.07,116.0,94.0
1774642249326754479,142153,11.052,86.4,9.928,-35.2,0.7,0.47,9.13,2.0,1.81,-0.23,0.17,-0.22,11642.96,219.0,59.64,173.32,116.0,94.0
1774642249449613141,142277,11.024,96.8,10.192,-17.4,1.09,1.11,7.0,2.19,2.25,-0.05,0.01,-0.05,11642.62,232.0,60.63,172.45,118.0,96.0
1774642249552054015,142399,11.016,107.5,11.008,-50.4,0.63,1.21,5.31,2.13,2.38,-0.25,-0.13,0.04,208.89,232.0,58.58,168.41,118.0,96.0
1774642249670827342,142499,9.536,89.1,11.044,-37.2,0.7,0.61,4.13,2.44,2.25,0.19,-0.04,-0.01,11638.85,213.0,60.76,171.76,118.0,96.0
1774642249769147322,142619,9.432,93.9,11.048,-42.4,0.25,1.56,2.75,2.44,2.19,0.05,0.01,-0.27,204.08,234.0,60.37,171.59,118.0,96.0
1774642249871553045,142720,9.824,194.9,9.996,-34.5,0.39,1.05,1.31,2.25,2.38,0.37,-0.07,-0.22,212.32,234.0,60.66,169.31,118.0,96.0
1774642249969878212,142820,9.452,107.9,11.048,-39.0,0.49,1.39,0.0,2.13,2.5,-0.21,-0.17,-0.11,198.25,233.0,59.58,171.59,118.0,96.0
1774642250204947648,142920,9.58,149.9,11.02,-33.9,0.63,0.61,-1.63,2.31,2.25,0.42,-0.15,-0.2,211.8,233.0,60.03,170.08,118.0,96.0
1774642250273022191,143021,10.036,157.0,9.74,-22.9,0.76,1.56,-3.69,2.13,2.13,0.06,0.09,-0.29,207.69,233.0,60.27,167.52,118.0,98.0
1774642250281401076,143121,9.568,164.2,11.04,-33.2,0.33,1.13,-5.88,1.94,2.38,0.04,-0.04,-0.21,201.0,246.0,59.02,166.05,118.0,98.0
1774642250371303761,143221,10.96,-145.4,9.956,-49.9,0.55,-8.01,-7.63,1.69,2.44,-0.2,-0.22,-0.27,207.17,246.0,60.02,137.06,118.0,98.0
1774642250494164011,143322,9.468,2.7,9.964,-23.7,0.84,-0.1,-8.81,1.69,2.25,0.26,-0.15,-0.28,11847.39,241.0,60.49,2.9,118.0,98.0
1774642250612978202,143442,9.824,1.6,11.096,-14.0,0.57,-0.16,-9.31,1.25,2.13,0.14,-0.22,-0.35,11844.48,226.0,60.85,0.0,118.0,98.0
1774642250731710423,143559,10.06,2.0,11.088,-24.7,0.12,-0.08,-9.25,0.94,2.13,-0.22,-0.06,0.1,11843.96,216.0,60.45,0.0,118.0,98.0
1774642250860606371,143682,10.144,2.1,11.048,-63.5,1.5,0.04,-8.88,1.69,2.5,0.9,0.41,0.38,11851.85,212.0,53.65,0.0,118.0,98.0
1774642250952977162,143801,9.812,2.2,9.896,-63.8,1.39,-0.06,-8.06,2.5,3.5,0.28,0.17,-0.17,163.27,212.0,50.12,0.0,118.0,98.0
1774642251076981009,143900,10.38,1.1,10.952,-73.3,1.35,-0.16,-7.06,2.44,4.63,0.14,-0.14,-0.05,149.55,197.0,53.22,0.0,118.0,98.0
1774642251153690348,144001,10.412,2.3,9.944,-82.8,1.97,-0.04,-6.0,2.25,5.25,-0.39,-0.67,-0.13,140.29,197.0,55.54,0.0,118.0,98.0
1774642251252076748,144101,10.22,0.7,10.968,-130.1,2.23,0.02,-5.75,2.19,5.0,-0.12,0.15,-0.05,145.6,188.0,57.2,0.0,118.0,98.0
1774642251354378164,144201,10.172,2.0,10.928,-108.3,1.5,-0.12,-5.56,2.38,4.88,-0.17,-0.13,-0.08,139.43,188.0,56.69,0.0,118.0,98.0
1774642251452664704,144302,11.056,1.2,10.796,-104.7,1.82,0.1,-5.25,2.81,4.75,0.4,-0.03,-0.12,140.97,188.0,56.44,0.0,118.0,98.0
1774642251555122097,144402,9.544,1.0,10.752,-126.4,2.38,-0.08,-4.44,3.06,4.44,-0.08,-0.11,0.02,149.89,182.0,53.51,0.0,120.0,98.0
1774642251653414359,144502,10.656,1.0,9.916,-147.0,2.73,0.0,-4.0,3.25,4.25,-0.1,-0.02,-0.07,150.41,182.0,52.85,0.0,120.0,98.0
1774642251755819580,144603,9.88,4.2,10.996,-173.1,2.73,-0.08,-3.81,3.5,4.25,0.24,0.03,-0.09,148.52,184.0,52.93,0.0,120.0,98.0
1774642251854080043,144703,9.396,2.6,9.74,-163.8,3.14,0.12,-3.81,3.63,4.25,0.07,0.13,-0.05,147.83,189.0,54.49,0.0,120.0,98.0
1774642252000944536,144803,10.896,1.0,10.412,-180.6,3.4,-0.08,-3.81,3.81,4.25,0.02,-0.01,-0.02,144.92,189.0,56.44,0.0,120.0,98.0
1774642252054806196,144904,10.472,1.7,9.972,-176.5,3.75,-0.02,-3.88,4.06,4.31,0.19,0.05,-0.08,145.95,190.0,56.4,0.0,120.0,98.0
1774642252157257030,145004,9.344,2.6,10.096,-171.3,3.83,-0.06,-3.88,4.25,4.31,0.07,-0.07,-0.24,140.29,189.0,57.53,0.0,120.0,98.0
1774642252265631034,145104,10.756,2.8,10.572,-211.0,2.68,0.06,-3.81,4.44,4.31,0.18,0.0,-0.08,138.74,189.0,59.12,0.0,120.0,98.0
1774642252357943318,145205,9.464,0.7,10.556,-230.3,2.46,0.02,-3.81,4.56,4.31,-0.12,-0.13,-0.2,138.23,185.0,60.37,0.0,120.0,98.0
1774642252460363668,145305,10.036,3.1,9.788,-196.3,2.95,0.02,-3.44,4.81,4.25,0.11,-0.18,-0.19,141.32,185.0,60.03,0.0,120.0,98.0
1774642252558676331,145405,10.936,2.3,10.872,-155.4,3.05,0.04,-2.94,5.0,4.06,-0.02,0.0,-0.23,146.12,185.0,60.91,0.0,120.0,98.0
1774642252656997439,145504,9.444,3.7,10.976,-189.7,2.32,0.04,-2.75,5.06,4.0,0.09,0.02,-0.03,147.49,190.0,62.55,0.0,120.0,98.0
1774642252765341681,145604,9.184,2.6,10.976,-150.5,2.56,-0.1,-2.75,5.06,4.0,0.15,-0.03,-0.16,138.57,175.0,63.36,0.0,120.0,98.0
1774642252857703339,145704,9.304,2.1,11.016,-148.9,2.6,0.0,-2.75,5.06,4.06,0.08,-0.05,-0.17,134.28,175.0,62.71,0.0,120.0,98.0
1774642252955973702,145804,10.852,0.6,10.476,-191.5,2.83,0.02,-2.75,5.13,4.06,0.15,0.11,-0.05,133.77,186.0,58.54,0.0,120.0,98.0
1774642253058467500,145904,10.364,3.7,11.008,-202.1,2.93,0.02,-2.75,5.13,4.06,0.07,0.09,-0.04,140.63,186.0,53.18,0.0,120.0,98.0
1774642253156716951,146004,9.812,3.9,11.0,-202.1,2.6,0.0,-2.75,5.25,4.06,-0.15,-0.13,-0.17,145.43,188.0,55.61,0.0,120.0,98.0
1774642253259234848,146104,10.712,0.6,10.756,-137.8,2.03,-0.02,-2.75,5.25,4.06,0.42,0.06,-0.02,145.43,182.0,67.88,0.0,120.0,98.0
1774642253357390495,146204,10.568,2.4,9.932,-78.9,0.55,-0.1,-3.19,4.94,4.63,-0.09,0.18,1.2,141.83,182.0,78.0,0.0,120.0,98.0
1774642253459833258,146305,9.64,1.2,9.952,-30.7,0.92,-0.14,-5.0,4.94,6.5,-0.26,-0.33,0.24,144.06,178.0,78.64,0.0,122.0,98.0
1774642253558142380,146405,11.068,1.4,9.964,-27.4,0.94,-0.12,-7.88,5.19,8.0,-0.18,-0.38,-0.42,170.99,189.0,69.89,0.0,122.0,98.0
1774642253660604366,146505,9.428,2.6,9.932,-37.3,0.47,0.0,-11.56,5.06,7.5,-0.13,-0.32,-0.21,228.27,189.0,63.82,0.0,122.0,98.0
1774642253789385292,146606,9.472,2.4,9.98,-25.7,0.39,0.04,-15.0,4.31,5.81,-0.06,0.22,-0.46,11843.96,210.0,62.55,0.0,122.0,98.0
1774642253902222224,146727,11.072,1.8,10.428,-27.7,0.96,-0.16,-18.25,3.88,4.31,0.29,0.12,-0.51,11843.45,246.0,62.47,0.0,122.0,98.0
1774642254025099853,146848,9.472,2.8,11.084,-21.3,0.61,-0.02,-20.5,4.13,4.31,0.12,-0.07,-0.45,11844.48,257.0,61.24,0.0,122.0,98.0
1774642254143891230,146969,10.116,2.5,10.812,-45.7,0.33,-0.12,-22.06,4.56,5.13,-0.02,-0.47,-0.12,11845.5,284.0,60.15,0.0,122.0,98.0
1774642254262748963,147090,9.456,3.0,9.976,-40.7,0.66,-0.04,-23.5,4.69,5.5,0.09,-0.21,-0.03,11842.76,284.0,60.77,0.0,122.0,98.0
1774642254381433591,147207,9.516,1.9,11.08,-30.3,0.31,-0.06,-25.19,4.63,5.38,-0.06,-0.08,-0.1,11844.65,256.0,61.61,0.0,122.0,98.0
1774642254632941640,147326,10.532,2.9,11.088,-35.5,0.57,-0.04,-27.25,4.63,5.25,0.06,-0.07,-0.22,11846.19,260.0,60.54,0.0,122.0,98.0
1774642254645703346,147445,9.972,1.9,11.096,-32.6,0.88,0.14,-29.62,4.38,4.94,0.12,-0.18,-0.08,11844.65,291.0,60.98,0.0,122.0,98.0
1774642254721458392,147565,10.876,1.6,9.976,-20.7,0.64,0.02,-32.19,4.13,4.81,0.02,-0.09,-0.04,162.75,291.0,58.58,0.0,122.0,98.0
1774642254844332245,147665,11.064,1.7,9.992,-33.0,0.51,-0.02,-34.13,4.13,4.75,0.07,-0.12,-0.31,11844.99,269.0,61.24,0.0,122.0,98.0
1774642254963136678,147788,11.092,2.4,10.012,-27.9,0.84,-0.16,-36.19,4.31,4.81,-0.02,-0.18,-0.07,11842.25,288.0,62.98,0.0,122.0,98.0
1774642255081915919,147908,11.076,1.7,11.1,-47.0,0.8,-0.04,-37.81,4.19,4.63,-0.53,-0.22,-0.34,11845.33,249.0,59.44,0.0,122.0,98.0
1774642255204970940,148028,11.068,2.6,10.544,-41.9,0.68,-0.1,-39.31,3.63,4.0,-0.32,0.0,-0.16,11846.02,249.0,59.09,0.0,122.0,98.0
1774642255327684992,148150,11.084,1.5,11.1,-33.7,0.35,-0.04,-41.0,3.63,3.81,0.13,-0.07,-0.19,11843.45,261.0,61.18,0.0,124.0,98.0
1774642255425961156,148273,11.084,1.5,9.92,-31.8,0.66,0.16,-42.5,3.88,4.31,0.08,-0.26,-0.09,231.01,271.0,60.81,0.0,124.0,98.0
1774642255548904817,148373,11.096,1.9,10.0,-57.8,0.7,-0.02,-43.88,4.06,4.56,0.32,-0.11,-0.14,11845.33,295.0,60.15,0.0,124.0,98.0
1774642255647189241,148493,11.072,1.5,10.82,-25.3,0.66,-0.02,-45.63,4.06,4.75,-0.03,-0.1,-0.04,200.14,295.0,57.33,0.0,124.0,98.0
1774642255772944977,148593,9.688,2.0,11.1,-37.9,0.59,0.04,-47.0,3.94,5.06,0.05,-0.06,-0.3,181.28,299.0,60.6,0.0,124.0,98.0
1774642255847916447,148694,11.096,1.7,11.104,-31.0,0.33,-0.14,-48.06,3.63,5.44,-0.14,-0.19,-0.12,203.74,299.0,62.05,0.0,124.0,98.0
1774642255950304039,148794,11.088,1.4,10.032,-50.1,0.57,-0.02,-49.13,3.56,5.56,0.31,-0.02,-0.21,202.03,264.0,63.35,0.0,124.0,98.0
1774642256048573902,148894,9.644,1.9,11.08,-54.1,1.0,-0.06,-50.13,3.31,5.56,-0.9,-0.33,-0.07,220.55,264.0,58.5,0.0,124.0,98.0
1774642256151026738,148995,10.124,2.3,11.096,-36.5,0.78,0.08,-50.88,3.19,5.63,0.09,0.0,-0.01,207.86,270.0,57.99,0.0,124.0,98.0
1774642256253466296,149095,10.044,1.8,11.088,-41.8,0.59,0.1,-51.38,3.0,5.63,-0.19,-0.1,-0.06,195.34,277.0,59.19,0.0,124.0,98.0
1774642256351724543,149195,11.088,1.6,10.804,-34.6,0.92,-0.08,-51.44,3.19,5.5,0.15,-0.2,-0.19,191.74,277.0,61.16,0.0,124.0,98.0
1774642256449976049,149296,9.648,0.6,11.096,-44.0,0.74,-0.14,-51.19,3.38,5.31,0.02,-0.1,-0.15,188.82,279.0,61.75,0.0,124.0,98.0
1774642256552435757,149396,9.548,1.7,11.104,-30.9,0.66,-0.1,-50.63,3.44,5.0,-0.03,-0.09,-0.16,198.43,282.0,60.03,0.0,124.0,98.0
1774642256650747397,149496,9.508,1.4,10.016,-25.1,0.27,-0.18,-49.56,3.56,4.88,0.09,-0.19,0.0,202.54,282.0,59.76,0.0,124.0,98.0
1774642256753148952,149596,9.532,2.6,9.988,-45.7,0.57,-0.06,-47.81,3.69,5.25,0.17,-0.01,-0.12,171.67,291.0,60.15,0.0,124.0,98.0
1774642256851446646,149696,10.532,1.7,10.12,-25.6,0.84,-0.12,-45.13,3.81,5.94,0.1,-0.06,-0.08,204.43,304.0,59.19,0.0,124.0,98.0
1774642256974343354,149796,11.1,1.4,9.856,-20.0,0.68,-0.02,-41.31,4.19,6.31,0.26,-0.07,0.13,11845.68,243.0,60.79,0.0,124.0,98.0
1774642257089032533,149917,10.976,1.9,10.004,-28.4,1.11,-0.08,-35.56,4.69,6.31,0.35,-0.41,-0.54,11846.36,243.0,59.61,0.0,124.0,98.0
1774642257217864360,150034,9.568,2.3,11.104,-38.6,1.07,0.06,-30.0,5.25,6.19,0.01,-0.16,-0.13,11847.22,290.0,58.87,0.0,124.0,98.0
1774642257330717025,150154,9.696,3.0,9.972,-18.2,0.68,-0.04,-24.19,5.38,5.63,-0.06,-0.13,-0.16,11846.19,274.0,60.54,0.0,126.0,98.0
1774642257428992363,150274,11.108,2.0,9.88,-42.9,0.59,0.02,-19.19,5.5,4.63,0.07,0.03,0.22,286.41,274.0,59.88,0.0,126.0,98.0
1774642257547749479,150373,9.62,1.1,9.864,-29.8,0.88,-0.14,-15.75,5.56,3.94,0.13,-0.01,-0.52,11847.73,284.0,60.01,0.0,126.0,98.0
1774642257674774130,150493,11.08,2.1,11.108,-51.1,0.7,-0.1,-12.25,5.38,3.25,-0.07,0.02,-0.09,11844.82,312.0,61.94,0.0,126.0,98.0
1774642257783142161,150618,11.1,2.3,9.844,-50.8,1.11,-0.04,-9.31,5.5,2.81,0.01,-0.02,-0.13,273.03,314.0,60.81,0.0,126.0,98.0
1774642257875511974,150718,9.74,2.0,11.112,-36.9,0.64,0.0,-7.81,5.69,2.75,-0.18,0.2,-0.24,262.57,314.0,59.39,0.0,126.0,98.0
1774642258096972602,150818,9.684,1.7,9.852,-16.7,0.64,-0.12,-6.75,5.63,3.06,-0.04,0.09,-0.13,251.42,334.0,59.58,0.0,126.0,98.0
1774642258108355906,150919,9.616,2.3,11.092,-33.3,0.76,0.0,-5.81,5.56,3.5,-0.34,-0.21,-0.25,250.22,334.0,58.5,0.0,126.0,98.0
1774642258174602061,151018,11.08,2.0,10.408,-30.6,0.7,-0.1,-4.56,5.44,3.63,-0.13,0.3,-0.22,257.94,337.0,59.58,0.0,126.0,98.0
1774642258272825914,151117,11.088,1.4,10.496,-50.8,0.33,0.06,-3.13,5.19,3.69,-0.05,0.23,-0.17,256.05,307.0,59.79,0.0,126.0,98.0
1774642258375247204,151217,10.252,1.5,9.932,-34.1,0.74,0.04,-1.37,4.81,3.88,-0.15,0.13,-0.13,241.82,307.0,60.66,0.0,126.0,98.0
1774642258473490336,151316,10.464,0.7,9.96,-28.0,0.64,-0.02,0.37,4.5,4.06,-0.01,0.11,0.05,248.16,280.0,58.23,0.0,126.0,98.0
1774642258571809400,151416,9.492,2.4,9.944,-24.9,1.11,-0.14,1.63,4.25,4.13,0.07,0.16,-0.1,234.1,288.0,58.94,0.0,126.0,98.0
1774642258674229615,151516,9.136,747.5,10.92,-24.8,0.84,4.18,2.5,4.19,3.94,-0.04,0.05,-0.2,226.72,288.0,61.57,67.0,126.0,98.0
1774642258772537993,151615,9.572,107.6,9.888,-48.5,0.68,1.15,3.06,3.81,3.63,0.02,0.16,-0.21,236.84,284.0,60.37,166.82,126.0,98.0
1774642258880922535,151715,9.384,184.8,9.856,-27.8,0.74,0.98,3.44,4.0,3.31,-0.02,0.13,-0.17,236.84,284.0,60.66,168.41,126.0,98.0
1774642258973254010,151815,9.396,80.0,11.072,-41.9,0.31,0.63,3.69,4.13,3.31,0.02,0.04,-0.12,235.64,285.0,60.95,171.62,126.0,98.0
1774642259071528582,151915,11.008,94.3,11.068,-37.4,1.04,0.43,3.75,3.88,3.44,-0.74,0.18,0.05,241.64,289.0,59.19,171.74,126.0,98.0
1774642259173965995,152015,11.0,147.4,11.052,-36.3,0.72,1.15,3.69,3.88,3.56,0.09,0.02,0.01,239.93,289.0,59.12,169.31,126.0,100.0
1774642259272300917,152115,9.388,100.5,11.064,-18.6,1.04,0.96,3.56,3.81,3.63,0.1,-0.03,-0.17,242.84,292.0,59.91,171.65,126.0,100.0
1774642259374628898,152215,10.78,127.7,11.088,-23.3,0.98,0.64,3.44,3.75,3.63,-0.13,0.06,-0.06,241.64,283.0,60.63,174.3,128.0,100.0
1774642259472966227,152315,9.38,130.3,9.716,-39.1,0.55,0.61,3.19,3.69,3.63,-0.01,0.06,-0.01,231.01,283.0,59.39,171.07,128.0,100.0
1774642259571235625,152415,11.028,141.3,11.044,-18.4,0.76,0.86,2.19,3.5,3.5,-0.16,0.17,-0.21,231.52,288.0,60.95,170.82,128.0,100.0
1774642259673685429,152515,9.596,98.7,11.052,-50.2,0.29,0.33,0.75,3.69,3.5,0.23,0.3,-0.17,232.55,299.0,60.63,170.94,128.0,100.0
1774642259796973992,152615,9.552,101.0,11.076,-30.3,0.49,1.21,-0.44,3.69,3.75,-0.08,-0.02,-0.04,239.24,299.0,60.52,171.92,128.0,102.0
1774642259874396427,152715,11.016,110.2,9.676,-15.8,0.68,1.21,-1.69,3.63,3.81,-0.13,0.0,-0.21,257.25,292.0,61.53,172.46,128.0,102.0
1774642259972706976,152815,9.512,-133.9,11.108,-24.4,1.17,-8.5,-2.81,3.81,3.69,-0.11,0.04,-0.15,242.84,299.0,60.03,128.39,128.0,102.0
1774642260075121570,152915,11.084,1.1,9.736,-36.0,0.51,0.02,-4.25,4.38,3.63,0.24,-0.17,-0.29,250.05,299.0,57.33,4.48,128.0,102.0
1774642260312935473,153015,11.1,1.9,11.104,-46.4,0.7,-0.12,-5.75,4.25,3.56,-0.34,0.04,-0.1,254.16,311.0,57.99,0.0,128.0,102.0
1774642260374125893,153115,11.088,1.9,11.092,-21.2,0.78,0.12,-6.94,4.25,3.63,0.01,0.02,-0.09,257.76,311.0,59.39,0.0,128.0,102.0
1774642260382463511,153216,11.084,2.5,11.096,-44.1,0.47,-0.04,-7.44,4.25,3.69,0.0,-0.04,0.03,261.54,311.0,61.17,0.0,128.0,102.0
1774642260476509209,153316,9.432,2.4,11.096,-26.2,1.09,-0.02,-7.5,4.19,3.63,0.0,-0.1,-0.15,266.17,279.0,60.63,0.0,128.0,102.0
1774642260574822749,153416,11.1,2.2,9.92,-29.9,0.31,-0.08,-7.56,4.06,3.44,-0.12,0.0,0.0,254.33,279.0,62.05,0.0,128.0,102.0
1774642260677227140,153517,11.1,1.7,9.756,-40.6,0.57,-0.06,-7.69,4.06,3.38,0.03,0.0,0.07,250.05,291.0,62.76,0.0,128.0,102.0
1774642260775547218,153617,9.564,2.3,11.1,-41.5,0.59,-0.12,-7.81,4.06,3.5,0.08,0.0,-0.23,245.93,313.0,60.03,0.0,128.0,102.0
1774642260877946517,153717,11.096,1.5,9.712,-14.4,0.78,0.02,-8.06,4.13,3.5,-0.06,-0.11,0.0,243.02,313.0,60.02,0.0,128.0,102.0
1774642261004981129,153818,9.588,2.1,11.116,-41.4,0.76,0.0,-8.5,4.38,3.38,-0.07,0.04,-0.26,244.22,298.0,61.17,0.0,128.0,102.0
1774642261078656805,153918,11.096,2.2,9.888,-18.3,0.66,-0.04,-8.94,4.69,3.44,0.25,0.01,-0.28,262.22,300.0,60.03,0.0,128.0,102.0
1774642261201532937,154017,11.088,0.9,9.696,-34.1,0.7,-0.02,-8.94,4.63,3.56,-0.09,-0.1,-0.15,11849.11,295.0,59.29,0.0,128.0,102.0
1774642261316233907,154142,11.1,1.7,11.116,-37.4,0.57,0.06,-9.0,4.63,3.63,0.31,0.16,-0.24,11847.56,295.0,60.77,0.0,130.0,102.0
1774642261414501458,154256,11.092,2.1,9.692,-20.6,0.78,-0.02,-7.69,4.75,3.88,0.04,0.06,0.07,238.21,309.0,59.44,0.0,130.0,102.0
1774642261516924909,154356,9.396,2.2,11.108,-42.2,0.8,-0.08,-5.06,4.88,4.25,0.14,-0.04,-0.09,231.01,309.0,59.39,0.0,130.0,102.0
1774642261615181182,154457,10.944,1.2,10.356,-42.7,0.31,-0.14,-2.38,5.06,4.25,0.26,-0.02,-0.3,249.53,272.0,60.6,0.0,130.0,102.0
1774642261717640838,154557,9.364,2.0,11.1,-31.7,0.68,-0.1,-0.25,5.0,3.81,-0.17,0.09,0.01,249.02,275.0,60.03,0.0,130.0,102.0
1774642261815897296,154657,11.1,2.1,9.704,-36.6,0.41,0.02,1.88,4.63,3.38,-0.11,-0.04,-0.22,251.93,275.0,59.39,0.0,130.0,102.0
1774642261948957812,154758,11.088,1.3,9.892,-27.6,0.39,0.1,4.38,4.63,3.06,0.02,0.13,-0.1,250.05,299.0,60.15,0.0,130.0,102.0
1774642262041256506,154858,10.888,529.2,10.968,-20.5,0.86,3.44,7.06,4.75,3.06,0.13,-0.08,-0.11,11645.19,286.0,60.65,113.78,130.0,102.0
1774642262149587963,154981,9.52,102.5,11.06,-33.3,0.47,0.59,9.94,4.31,2.94,0.3,0.0,-0.35,290.35,286.0,58.3,168.41,130.0,102.0
1774642262262410326,155081,11.036,156.0,9.836,-26.1,0.66,1.17,11.94,3.94,2.69,-0.27,-0.01,-0.06,11643.99,291.0,61.46,170.83,130.0,102.0
1774642262364797078,155202,11.056,69.1,9.832,-28.4,0.72,0.8,13.94,4.25,2.69,0.02,-0.01,-0.19,333.74,298.0,59.44,168.41,130.0,102.0
1774642262463118594,155302,11.032,114.6,11.072,-14.4,0.98,1.0,15.31,4.44,2.75,0.22,0.21,-0.24,267.37,298.0,60.91,173.78,130.0,102.0
1774642262561470316,155403,9.304,91.3,9.824,-39.3,0.96,1.05,16.31,4.5,3.06,0.04,-0.02,-0.31,261.37,297.0,61.96,172.38,130.0,104.0
1774642262663867105,155502,11.032,0.0,11.044,-25.6,0.57,0.57,16.75,4.75,3.25,-0.25,-0.02,-0.07,264.62,287.0,61.47,168.41,130.0,104.0
1774642262762140601,155602,11.04,103.3,11.048,-46.3,0.68,0.98,17.06,4.75,3.25,-0.2,0.07,-0.08,257.08,287.0,59.12,171.99,130.0,104.0
1774642262892947218,155702,9.424,111.2,11.052,-16.5,0.27,0.8,17.5,4.69,3.31,0.2,0.04,-0.14,246.1,271.0,59.11,174.08,130.0,104.0
1774642262962861314,155802,11.012,121.1,9.904,-35.0,0.21,1.21,18.06,4.25,3.5,-0.13,0.05,-0.15,254.68,265.0,58.61,167.58,130.0,104.0
1774642263061147126,155901,9.62,86.8,11.048,-22.3,1.11,0.21,18.44,3.94,3.63,-0.05,0.03,-0.11,254.16,265.0,59.76,172.03,130.0,104.0
1774642263163591559,156001,11.056,118.0,9.844,-32.4,0.88,0.39,18.62,3.75,3.63,0.1,0.0,-0.21,252.45,261.0,60.95,173.22,130.0,104.0
1774642263261904115,156101,9.568,111.2,9.84,-47.5,0.31,1.46,18.56,3.69,3.63,0.29,0.08,-0.07,247.47,261.0,59.39,171.95,130.0,106.0
1774642263360111573,156201,11.028,113.4,11.056,-31.0,0.86,0.61,18.19,3.69,3.75,-0.05,-0.07,-0.07,239.93,257.0,60.15,169.21,132.0,106.0
1774642263462524541,156301,9.568,101.5,11.076,-13.9,0.63,0.72,17.94,3.63,3.75,0.11,-0.06,-0.01,244.56,246.0,59.79,172.62,132.0,106.0
1774642263560839338,156401,9.4,111.8,9.924,-29.0,0.27,0.8,17.87,3.56,3.5,0.12,-0.11,-0.18,253.48,246.0,59.64,171.92,132.0,106.0
1774642263663272511,156502,11.02,180.7,10.94,-25.8,0.21,1.54,17.87,3.56,3.38,-0.11,0.0,-0.13,241.3,266.0,60.95,170.82,132.0,106.0
1774642263761569159,156602,10.976,74.1,9.952,-44.6,0.53,0.47,17.81,3.56,3.5,0.02,0.15,-0.13,242.16,251.0,60.63,173.46,132.0,106.0
1774642263863992608,156702,9.552,87.4,11.076,-25.0,0.41,0.94,17.62,3.56,3.56,-0.15,0.06,0.0,249.36,251.0,60.52,171.92,132.0,106.0
1774642263962263366,156803,9.62,117.2,9.824,-33.2,0.45,0.74,17.56,3.63,3.5,0.2,0.03,-0.06,268.4,257.0,60.95,174.02,132.0,108.0
1774642264064696375,156903,11.044,83.5,9.82,-37.5,0.37,1.02,17.56,3.63,3.5,0.1,0.18,-0.13,262.22,245.0,58.36,167.58,132.0,108.0
1774642264162961288,157003,9.456,101.0,11.004,-36.3,0.64,1.04,17.56,3.56,3.69,0.18,-0.08,-0.12,250.05,245.0,63.82,174.61,132.0,108.0
1774642264265425699,157103,11.064,0.0,11.072,-19.3,0.9,0.14,17.44,3.56,3.63,-0.19,-0.01,-0.06,262.05,237.0,63.15,176.51,132.0,108.0
1774642264363725781,157203,9.552,152.4,11.068,-22.3,0.94,1.07,17.25,3.5,3.38,-0.01,0.02,-0.16,255.36,237.0,57.33,168.41,132.0,108.0
1774642264472027195,157303,9.464,114.2,9.92,-17.7,0.04,1.05,17.12,3.38,3.25,-0.1,-0.09,-0.2,238.73,252.0,55.09,170.77,132.0,108.0
1774642264564402880,157402,9.584,89.0,11.076,-24.5,0.59,0.51,17.0,3.38,3.19,-0.08,-0.05,0.07,233.93,257.0,62.94,174.36,132.0,110.0
1774642264662719981,157502,11.04,134.2,11.06,-41.5,0.31,1.7,16.94,3.44,3.19,0.22,0.05,-0.17,250.73,257.0,62.71,171.99,132.0,110.0
1774642264765120278,157602,11.04,111.1,9.708,-25.2,0.41,0.68,16.87,3.38,3.31,0.15,0.07,-0.18,244.04,247.0,58.54,169.21,132.0,110.0
1774642264863417822,157703,9.472,80.7,11.076,-23.4,0.35,0.88,16.87,3.25,3.38,-0.1,-0.03,0.04,243.02,235.0,56.42,174.3,132.0,110.0
1774642264965826231,157803,9.516,70.6,9.936,-24.0,0.7,0.61,16.87,3.31,3.31,-0.01,0.11,-0.04,238.73,235.0,58.23,173.78,132.0,110.0
1774642265224943916,157903,11.016,170.3,11.052,-53.2,0.66,1.25,16.87,3.31,3.31,-0.21,0.03,-0.08,248.16,240.0,59.26,168.41,132.0,110.0
1774642265264945054,158003,11.06,64.1,9.96,-26.8,0.76,1.0,16.75,3.25,3.25,0.17,0.1,-0.1,244.73,243.0,60.39,174.36,132.0,110.0
1774642265273248859,158102,9.624,80.3,9.852,-28.5,0.43,0.96,16.81,3.25,3.19,0.08,0.03,-0.2,243.7,243.0,61.57,174.75,134.0,112.0
1774642265363150605,158202,9.412,171.9,11.06,-30.8,0.76,1.74,17.0,3.38,3.06,-0.08,-0.03,-0.04,260.17,251.0,60.37,170.0,134.0,112.0
1774642265465523902,158302,9.412,117.5,11.072,-32.1,0.29,1.0,17.06,3.31,3.06,0.01,0.02,-0.01,243.87,251.0,59.12,167.51,134.0,112.0
1774642265563834606,158402,11.052,138.3,11.076,-19.6,0.43,0.63,17.12,3.13,3.0,0.02,-0.05,-0.15,246.45,246.0,59.58,173.97,134.0,112.0
1774642265684940757,158502,11.048,135.9,9.848,-28.3,0.51,0.82,17.0,3.19,2.94,0.07,-0.08,-0.04,251.76,235.0,60.03,173.41,134.0,112.0
1774642265764541960,158602,9.552,186.4,9.808,-34.7,0.41,1.23,16.5,3.19,2.88,0.02,0.04,-0.08,239.24,235.0,60.91,169.31,134.0,112.0
1774642265866965351,158702,10.576,154.0,11.064,-17.3,0.64,0.72,15.31,3.13,2.81,-0.09,-0.02,-0.2,239.24,251.0,59.34,173.22,134.0,112.0
1774642265965287649,158802,9.444,122.4,11.08,-29.6,0.72,0.57,13.19,3.56,2.69,0.16,0.0,-0.04,252.62,237.0,59.19,173.41,134.0,114.0
1774642266083995189,158903,9.452,201.1,11.072,-36.4,0.72,1.27,10.0,4.25,2.44,0.48,-0.04,-0.24,11635.93,249.0,59.64,171.92,134.0,114.0
1774642266206922413,159023,11.032,109.9,9.956,-27.0,0.76,0.63,6.13,3.88,2.56,-0.22,0.26,-0.12,11635.07,261.0,59.15,173.98,134.0,114.0
1774642266305216798,159143,9.448,91.9,10.476,-17.2,0.82,0.39,3.56,3.75,2.94,0.05,-0.15,-0.09,251.08,261.0,60.41,172.07,134.0,114.0
1774642266428098391,159243,11.016,147.5,9.952,-21.6,0.84,1.93,2.25,4.0,3.0,-0.08,0.01,-0.15,11646.05,273.0,59.87,170.36,134.0,114.0
1774642266530515880,159366,11.048,136.5,11.064,-20.4,0.63,0.55,1.0,3.75,2.94,-0.15,0.0,-0.17,221.92,273.0,58.43,168.41,134.0,114.0
1774642266628816247,159466,9.604,63.4,10.388,-28.0,0.45,1.05,0.63,3.56,3.0,-0.04,-0.04,-0.09,162.41,269.0,60.37,172.38,134.0,114.0
1774642266751698433,159566,11.04,85.3,9.968,-24.4,0.59,1.15,0.69,3.44,2.94,0.25,-0.21,-0.23,11639.19,247.0,60.29,172.89,134.0,116.0
1774642266850007559,159686,10.632,0.0,9.632,-38.4,0.55,0.86,0.63,3.31,2.63,0.13,-0.01,-0.34,214.72,247.0,56.75,164.75,134.0,116.0
1774642266977005533,159785,9.52,97.0,11.072,-28.3,0.45,1.0,0.31,3.0,2.38,0.06,-0.15,-0.09,204.43,264.0,60.95,173.22,134.0,116.0
1774642267046589552,159885,11.04,83.7,9.848,-20.7,0.96,0.88,0.06,2.69,2.25,0.12,-0.02,0.22,202.54,264.0,61.24,173.51,134.0,116.0
1774642267149022031,159984,11.004,169.5,9.836,-25.3,0.7,1.56,0.12,2.56,2.31,-0.16,-0.03,0.4,202.03,264.0,61.16,167.52,134.0,116.0
1774642267247403642,160084,11.044,110.3,11.088,-39.3,0.37,0.53,0.12,3.38,2.5,0.22,-0.21,-0.1,217.29,273.0,60.15,173.22,136.0,116.0
1774642267345560467,160184,10.788,142.8,9.852,-21.9,1.04,0.47,-1.69,4.38,2.38,-0.27,0.03,0.43,214.89,273.0,59.39,172.84,136.0,118.0
1774642267448007447,160283,9.572,171.6,10.788,-17.9,0.31,1.19,-6.31,5.25,2.31,-0.43,0.5,0.42,240.79,269.0,60.37,170.79,136.0,118.0
1774642267570907129,160384,11.092,2.0,9.92,-29.7,0.72,-0.63,-13.19,5.69,2.88,-0.55,0.23,-0.13,11842.08,286.0,61.29,40.86,136.0,118.0
1774642267689632734,160505,10.428,1.5,10.628,-39.0,0.51,-0.06,-22.69,5.56,3.31,-0.37,-0.06,-0.55,11844.13,278.0,60.05,0.0,136.0,118.0
1774642267822583103,160627,11.096,2.1,11.096,-38.8,0.61,-0.04,-32.0,5.63,2.63,-0.35,-0.07,-0.64,11847.91,380.0,60.15,0.0,136.0,118.0
1774642267914983193,160750,9.572,1.9,10.564,-37.3,0.25,-0.04,-41.06,6.69,1.63,0.32,0.14,-0.41,287.61,380.0,60.15,0.0,136.0,118.0
1774642268037003688,160849,10.308,2.2,9.876,-35.4,0.8,0.1,-47.69,5.94,1.56,-0.06,0.0,0.0,11849.45,406.0,60.49,0.0,136.0,118.0
1774642268136160000,160969,10.956,320.7,10.956,-34.5,0.57,7.11,-55.38,5.25,2.13,-0.22,-0.05,0.19,265.48,406.0,59.88,28.07,136.0,118.0
1774642268234479631,161070,11.088,1.6,9.904,-29.3,0.06,-2.4,-62.06,4.88,3.13,-0.32,-0.51,-0.12,268.74,281.0,58.78,73.08,136.0,118.0
1774642268353209654,161170,9.332,2.1,11.088,-25.5,0.21,-0.1,-67.75,6.0,4.0,-0.09,-0.33,0.16,11846.19,291.0,60.29,0.0,136.0,118.0
1774642268455603719,161290,10.868,1.7,9.92,-25.6,0.0,0.02,-72.56,6.38,3.88,-0.1,-0.58,-0.66,291.55,329.0,61.53,0.0,136.0,118.0
1774642268574380170,161390,11.104,1.9,11.1,-44.2,0.57,-0.1,-75.25,6.81,3.31,-0.6,-0.58,-0.32,11844.3,328.0,61.29,0.0,136.0,118.0
1774642268676795643,161511,10.648,1.9,9.708,-28.3,0.45,-0.1,-78.12,8.13,2.63,-0.48,-1.26,-0.65,145.95,328.0,59.88,0.0,136.0,118.0
1774642268795623244,161611,9.336,2.6,10.252,-22.2,0.9,0.02,-81.56,8.31,1.06,-0.72,-1.15,0.12,11846.02,313.0,58.99,0.0,136.0,118.0
1774642268897976067,161731,11.136,1.3,9.904,-25.7,0.66,-0.06,-86.37,8.13,-1.44,-0.12,-0.95,-0.73,320.7,313.0,61.24,0.0,136.0,118.0
1774642268996286586,161831,9.524,1.3,11.092,-33.9,0.51,0.02,-88.62,7.5,-2.63,-0.22,-1.23,-0.3,297.21,371.0,59.58,0.0,136.0,118.0
1774642269119163515,161931,9.592,1.7,11.096,-32.0,0.7,-0.1,-90.69,6.0,-2.88,-0.49,-1.63,-0.27,11769.53,478.0,59.14,31.08,136.0,118.0
1774642269320934422,162052,9.32,2.6,11.04,-42.9,0.47,-2.46,-96.75,6.0,-3.38,-3.71,0.61,-0.87,11839.33,335.0,60.74,22.09,138.0,118.0
1774642269336294565,162173,9.316,2.9,11.112,-23.0,0.7,0.0,-104.06,7.5,-2.75,-0.33,-0.73,-0.02,256.05,335.0,58.58,0.0,138.0,118.0
1774642269438650405,162272,10.948,1.9,9.964,-35.6,0.18,0.16,-109.31,7.19,-1.5,-0.33,-0.75,0.49,265.14,318.0,60.72,0.0,138.0,118.0
1774642269536987526,162371,9.1,442.4,10.972,-36.0,0.37,3.59,-114.62,6.69,-0.75,0.64,-0.45,-0.54,262.74,318.0,60.02,67.18,138.0,118.0
1774642269635293035,162470,9.324,1.6,11.12,-27.1,0.33,-1.66,-119.19,6.31,-0.06,-0.6,-0.4,-0.23,252.45,272.0,59.34,83.4,138.0,118.0
1774642269754075538,162570,9.556,2.0,9.764,-44.1,0.88,-0.04,-121.94,6.19,0.44,0.15,0.06,1.88,11850.31,222.0,56.98,1.01,138.0,118.0
1774642269964935900,162690,9.324,3.0,11.092,-37.3,0.47,-0.1,-123.12,6.31,1.44,-0.6,0.09,-0.66,11848.59,219.0,56.14,0.0,138.0,118.0
1774642269977778417,162809,11.096,2.6,9.768,-65.6,1.15,0.12,-123.75,6.31,4.38,-0.33,-2.42,0.66,179.9,219.0,54.27,0.0,138.0,118.0
1774642270073532127,162909,10.76,1.0,9.912,-95.5,2.17,0.0,-123.0,6.69,5.06,-0.59,-0.74,-0.24,191.57,175.0,52.13,0.0,138.0,118.0
1774642270175964805,163009,9.38,1.0,11.044,-129.2,2.4,-0.2,-121.87,7.69,4.94,0.2,-0.43,-0.16,174.76,175.0,45.69,0.0,138.0,118.0
1774642270274285511,163108,9.304,0.1,9.916,-150.2,2.54,0.18,-120.87,8.13,4.88,-0.65,-0.51,-0.19,171.5,169.0,44.86,0.0,138.0,118.0
1774642270372549418,163208,9.512,0.0,9.844,-187.2,2.85,0.04,-119.69,8.25,5.19,-0.33,-0.41,-0.04,169.79,169.0,51.88,0.0,138.0,118.0
1774642270474936668,163308,10.064,1.9,11.0,-205.6,2.93,0.0,-118.19,8.69,5.25,-0.23,-0.28,-0.17,172.36,169.0,54.95,0.0,138.0,118.0
1774642270593721579,163407,11.008,2.4,10.816,-95.7,2.21,0.0,-116.75,8.94,5.56,0.09,-0.57,-0.18,11853.74,181.0,54.37,0.0,138.0,118.0
1774642270696156794,163529,9.564,6.5,9.936,-216.0,3.73,-0.1,-115.31,9.13,5.75,-0.17,-0.27,-0.17,163.44,195.0,54.49,0.0,138.0,118.0
1774642270804507651,163630,10.324,-0.1,10.636,-241.2,4.0,-0.1,-114.44,9.19,6.0,-0.09,-0.37,-0.2,154.69,195.0,55.54,0.0,138.0,118.0
1774642270896860157,163730,9.376,5.2,10.504,-208.1,4.18,0.06,-113.62,9.25,6.38,-0.25,-0.26,-0.18,162.93,183.0,55.87,0.0,138.0,118.0
1774642271005206472,163830,11.0,1.0,10.584,-174.9,2.44,-0.14,-113.0,9.25,6.69,-0.54,-0.37,-0.09,155.55,183.0,61.47,0.0,138.0,118.0
1774642271097571192,163931,9.592,1.6,11.088,-99.7,0.51,-0.06,-112.44,8.88,6.56,0.29,-0.4,0.42,144.23,183.0,76.14,0.0,138.0,118.0
1774642271195856190,164030,11.096,1.9,9.948,-51.1,0.72,0.1,-112.31,7.44,6.0,-1.05,-0.41,1.81,168.07,189.0,83.41,0.0,138.0,118.0
1774642271298278428,164130,9.672,1.8,10.748,-26.2,0.8,0.12,-114.37,7.69,5.75,-0.31,0.11,-0.23,194.82,190.0,74.94,0.0,140.0,118.0
1774642271396522813,164231,9.544,2.6,11.096,-21.3,0.88,0.1,-118.87,7.69,5.88,-0.36,-0.08,0.32,221.58,190.0,64.5,0.0,140.0,118.0
1774642271544942322,164331,9.504,2.3,11.128,-38.7,0.27,0.02,-125.62,7.06,6.06,0.03,-0.11,0.15,250.9,241.0,61.38,0.0,140.0,118.0
1774642271597283440,164431,10.464,2.4,11.108,-42.8,0.53,0.04,-133.81,5.56,5.5,-0.46,0.0,-0.16,300.81,303.0,63.15,0.0,140.0,118.0
1774642271699648917,164531,10.504,1.3,9.856,-27.9,0.47,0.0,-142.31,4.38,4.69,-0.08,0.09,-0.39,167.38,303.0,63.38,0.0,140.0,118.0
1774642271904942129,164631,9.684,2.8,10.032,-49.0,0.25,-0.1,-150.63,3.63,3.94,-0.39,-0.08,-0.65,11842.59,373.0,61.59,0.0,140.0,118.0
1774642271920859145,164753,9.812,1.8,11.1,-37.5,0.45,-0.12,-159.63,3.13,3.13,-0.52,-0.32,-0.86,404.57,458.0,59.52,0.0,140.0,118.0
1774642272039606870,164853,11.108,1.6,9.864,-36.4,0.7,-0.04,-166.44,3.06,2.75,-0.4,-0.28,-0.47,11797.48,458.0,60.36,21.3,140.0,118.0
1774642272142007172,164973,10.764,231.5,10.992,-33.2,0.53,1.78,-172.56,2.5,2.44,-1.13,-0.31,-0.41,361.18,458.0,57.33,146.91,140.0,118.0
1774642272264896309,165073,11.16,-240.4,9.764,-5.1,0.59,-4.65,-175.19,1.37,2.25,-0.43,-0.36,-0.77,11760.1,393.0,60.15,113.56,140.0,118.0
1774642272387755112,165198,10.928,48.4,10.748,-24.1,1.02,0.96,-176.13,1.44,2.13,-0.16,-0.57,-0.56,11765.76,477.0,61.61,68.46,140.0,118.0
1774642272486093815,165318,9.448,15.5,11.08,-24.2,0.51,0.39,-176.63,1.63,2.06,-0.36,-0.68,0.23,401.48,477.0,62.24,54.92,140.0,118.0
1774642272584404999,165417,9.468,16.0,11.104,-27.3,0.51,0.41,-177.38,2.0,2.31,0.25,-0.77,0.16,375.24,486.0,60.95,49.72,140.0,118.0
1774642272692761659,165517,9.592,21.1,11.1,-21.4,0.72,0.57,-178.5,2.38,2.88,0.21,-0.49,-0.05,155.04,486.0,58.85,44.37,140.0,118.0
1774642272785115521,165617,9.452,34.7,9.944,-32.6,0.76,0.78,-179.69,2.31,3.38,-0.35,-0.15,0.29,350.89,433.0,58.48,49.12,140.0,118.0
1774642272907989750,165718,9.44,39.3,9.92,-43.2,1.0,0.82,179.63,2.13,4.69,-0.3,-0.17,-0.56,11769.7,515.0,60.65,57.64,140.0,120.0
1774642273128941985,165839,9.444,47.1,9.944,-30.3,0.86,1.0,179.38,1.56,5.94,-0.65,-0.03,0.19,11769.19,390.0,59.85,61.24,140.0,120.0
1774642273140916769,165959,11.076,50.6,9.9,-54.5,0.7,1.25,179.25,1.31,5.94,-0.48,0.13,0.0,340.26,390.0,59.12,55.54,140.0,120.0
1774642273247950689,166060,9.564,60.0,9.756,-24.4,0.16,1.19,179.13,1.56,5.75,0.03,0.26,-0.06,11775.7,375.0,60.01,57.1,142.0,120.0
1774642273346164818,166180,11.06,69.6,10.372,-22.0,0.76,1.19,179.0,2.13,6.13,0.38,-0.06,-0.31,345.92,420.0,60.37,63.55,142.0,120.0
1774642273448615542,166280,9.46,59.1,9.92,-30.7,0.18,0.43,179.0,1.88,6.13,0.5,-0.18,-0.2,353.12,420.0,60.66,60.66,142.0,120.0
1774642273546905618,166380,9.6,28.9,11.056,-33.5,0.53,0.41,179.13,1.5,5.56,0.2,0.04,-0.17,328.25,397.0,59.02,60.6,142.0,120.0
1774642273649348804,166480,11.08,22.1,9.74,-37.0,0.45,0.84,179.44,1.5,5.19,0.06,0.15,-0.18,333.91,372.0,60.63,60.63,142.0,120.0
1774642273768935468,166580,11.084,25.2,9.936,-30.8,0.86,0.68,179.69,1.44,5.56,-0.31,-0.13,-0.04,334.94,372.0,59.12,59.12,142.0,120.0
1774642273850034491,166680,9.444,26.7,11.096,-19.2,0.7,0.41,179.81,1.31,6.06,-0.11,-0.25,-0.08,327.74,465.0,59.58,57.2,142.0,120.0
1774642273948366623,166780,11.004,35.1,11.084,-23.1,0.68,0.84,179.69,1.12,5.94,0.04,-0.03,-0.15,342.49,465.0,60.91,53.75,142.0,120.0
1774642274046671320,166879,9.436,37.8,11.096,-24.4,0.55,0.39,179.75,1.0,5.38,-0.06,0.07,-0.04,334.25,401.0,61.31,53.96,142.0,120.0
1774642274169667361,166979,9.36,49.1,11.1,-31.7,0.47,1.0,-179.88,0.75,5.06,-0.06,-0.04,-0.06,11782.91,399.0,60.0,53.45,142.0,120.0
1774642274284177768,167099,11.1,43.9,11.108,-23.4,0.9,0.72,-179.31,0.69,5.19,-0.01,-0.08,0.03,11789.08,402.0,58.46,48.71,142.0,120.0
1774642274386604711,167217,10.776,42.1,9.756,-24.4,0.49,1.52,-178.81,0.69,5.44,0.14,0.01,-0.31,354.66,402.0,57.41,47.84,142.0,120.0
1774642274484895108,167317,9.568,36.9,9.756,-21.8,0.25,0.43,-178.5,0.5,5.5,-0.17,-0.07,-0.12,347.97,367.0,61.17,48.46,142.0,120.0
1774642274607808592,167417,9.432,24.7,11.092,-17.8,0.18,0.47,-178.44,0.25,5.31,-0.04,0.13,0.01,11785.82,352.0,61.29,48.33,142.0,120.0
1774642274706113045,167538,9.456,25.2,11.092,-20.7,0.74,0.45,-178.63,0.12,5.19,0.08,0.09,-0.18,405.43,352.0,59.12,46.58,142.0,120.0
1774642274828989454,167639,9.56,23.1,10.232,-28.3,0.55,0.66,-178.56,0.31,5.06,-0.09,0.02,0.06,11783.25,358.0,60.01,48.39,142.0,120.0
1774642275032969862,167758,9.396,19.3,11.08,-20.8,0.76,0.18,-178.06,0.5,4.94,-0.09,-0.2,-0.1,11783.25,387.0,60.35,51.22,142.0,120.0
1774642275050196693,167879,10.436,45.5,9.916,-20.5,0.55,0.92,-177.69,0.81,4.56,-0.04,-0.05,-0.13,351.4,430.0,60.37,47.66,142.0,122.0
1774642275148468063,167980,9.416,31.9,9.904,-35.0,0.47,0.86,-177.44,0.94,4.38,0.1,0.07,-0.16,335.63,430.0,60.02,46.58,142.0,122.0
1774642275250897582,168080,11.104,7.3,9.76,-25.4,0.39,0.61,-177.0,0.88,4.56,0.05,0.0,-0.01,343.51,357.0,60.95,39.3,144.0,122.0
1774642275349144155,168180,9.66,34.3,11.108,-51.5,0.78,1.46,-176.5,0.94,4.88,0.04,-0.01,-0.16,357.58,357.0,58.77,36.84,144.0,122.0
1774642275472005724,168280,9.608,34.1,9.704,-18.7,0.61,1.45,-176.19,1.12,5.0,-0.17,-0.01,-0.02,11803.14,332.0,60.49,33.88,144.0,122.0
1774642275580417451,168403,9.596,39.8,11.084,-42.4,0.53,1.04,-175.94,0.94,5.06,0.02,0.15,-0.23,171.5,362.0,61.96,31.78,144.0,122.0
1774642275672751040,168503,11.064,36.6,9.7,-47.7,0.31,0.86,-175.69,0.69,5.19,-0.21,-0.06,-0.2,150.75,362.0,60.66,31.69,144.0,122.0
1774642275791539944,168602,9.356,26.1,11.072,-23.3,0.53,0.9,-175.31,0.19,5.13,-0.07,-0.08,-0.16,11806.4,357.0,59.66,32.24,144.0,122.0
1774642275914428051,168723,11.068,25.1,9.912,-20.7,0.29,0.39,-174.81,0.19,4.81,0.08,0.04,0.07,11806.57,348.0,59.64,32.98,144.0,122.0
1774642276016806385,168846,11.108,19.7,11.104,-26.3,0.49,0.27,-173.88,0.63,4.44,0.22,0.46,0.06,319.85,350.0,58.18,33.68,144.0,122.0
1774642276135599426,168946,9.608,10.4,11.108,-27.6,0.86,0.74,-173.31,1.31,4.19,0.23,0.39,-0.48,11806.57,376.0,59.79,30.89,144.0,122.0
1774642276258484550,169066,9.352,7.0,9.892,-21.5,0.74,0.27,-174.06,1.56,3.88,-0.05,0.55,-0.01,11814.46,376.0,60.57,25.11,144.0,122.0
1774642276356810046,169186,9.608,13.0,9.684,-43.2,0.64,0.45,-175.19,1.88,3.88,-0.23,0.54,-0.54,316.93,396.0,60.57,22.16,144.0,122.0
1774642276459123697,169286,9.552,24.8,11.096,-26.3,0.33,0.39,-175.81,3.31,4.31,-0.62,0.05,-0.5,292.06,396.0,59.39,30.14,144.0,122.0
1774642276557473193,169387,11.068,24.6,11.076,-26.1,0.31,0.82,-176.13,5.88,4.63,-0.28,-0.01,-1.38,322.93,383.0,61.17,41.31,144.0,122.0
1774642276659904680,169487,9.38,22.5,11.1,-18.8,0.86,0.51,-175.81,7.5,4.56,-0.16,-0.48,-0.87,156.41,333.0,60.39,44.23,144.0,122.0
1774642276778668053,169587,9.368,25.3,11.108,-40.0,0.53,0.47,-175.81,7.38,3.75,-0.59,-0.95,0.12,11802.46,345.0,59.44,39.63,144.0,122.0
1774642276897469483,169708,11.148,21.0,9.896,-28.5,0.41,0.51,-176.06,7.94,1.75,-0.13,-0.68,0.0,11805.54,307.0,60.35,32.98,144.0,122.0
1774642277012135693,169828,9.4,20.5,11.068,-66.5,1.48,0.78,-176.63,7.0,0.81,-0.3,-0.17,1.86,11814.98,307.0,52.72,35.15,144.0,122.0
1774642277130913670,169939,10.432,34.3,10.596,-99.2,1.78,0.86,-176.75,5.63,1.44,1.11,-0.34,-0.58,11824.41,255.0,45.67,34.25,144.0,122.0
1774642277233342091,170060,10.54,80.0,10.548,-103.0,1.8,2.01,-174.63,3.44,1.37,-0.36,0.33,0.0,231.87,255.0,48.65,35.55,144.0,122.0
1774642277352093698,170161,11.016,101.8,10.548,-108.7,2.6,2.48,-172.63,1.12,1.44,0.28,-0.19,0.0,11823.04,244.0,55.33,30.31,146.0,122.0
1774642277450371765,170280,11.004,71.0,10.712,-171.0,2.36,2.87,-170.5,0.56,1.81,-0.2,-0.44,-0.1,216.78,217.0,55.06,6.48,146.0,122.0
1774642277558754165,170380,10.924,63.5,11.004,-177.9,3.14,3.14,-168.88,0.75,1.88,0.05,-0.16,-0.1,215.58,217.0,53.42,3.62,146.0,122.0
1774642277671576997,170479,10.536,22.9,10.932,-156.2,2.7,1.7,-167.5,0.75,1.88,0.07,-0.01,-0.05,11852.54,207.0,53.41,0.0,146.0,122.0
1774642277769867694,170600,11.024,28.3,10.36,-205.3,2.81,1.95,-165.81,0.75,1.94,0.0,-0.1,-0.06,216.26,202.0,55.06,0.0,146.0,122.0
1774642278140941987,170700,10.652,26.7,10.928,-189.1,2.6,1.76,-164.44,0.81,2.0,0.09,-0.07,-0.06,215.75,202.0,54.64,0.0,146.0,122.0
1774642278158967741,170800,11.052,4.2,11.024,-171.7,3.4,0.47,-163.0,0.94,2.06,0.04,-0.16,-0.09,203.74,228.0,57.99,0.79,146.0,122.0
1774642278171692261,170900,9.264,4.9,10.82,-185.9,2.79,0.35,-161.56,1.12,2.13,0.03,-0.02,-0.04,194.14,216.0,56.69,0.0,146.0,122.0
1774642278195870374,171000,10.044,6.4,10.62,-233.8,3.54,0.47,-160.19,1.25,2.25,-0.15,-0.11,-0.18,11850.14,218.0,55.31,0.0,146.0,122.0
1774642278314617496,171124,9.632,1.8,10.548,-229.0,2.87,0.23,-158.5,1.44,2.31,0.02,-0.07,-0.16,11844.3,213.0,58.67,0.0,146.0,122.0
1774642278417003020,171244,11.048,4.0,10.856,-268.0,2.95,0.0,-157.0,1.69,2.31,0.07,0.01,-0.22,212.66,213.0,60.41,0.0,146.0,122.0
1774642278515334719,171344,9.5,0.3,10.84,-208.4,3.93,-0.02,-155.63,1.94,2.31,0.16,-0.1,-0.05,202.54,227.0,61.75,0.0,146.0,122.0
1774642278617717354,171444,9.308,2.1,10.616,-224.7,3.28,0.1,-154.5,2.0,2.25,0.05,-0.14,-0.07,225.18,227.0,60.02,0.0,146.0,122.0
1774642278716041665,171544,10.796,1.9,11.0,-247.7,3.65,-0.02,-152.81,2.25,2.0,0.18,0.16,-0.15,192.25,211.0,58.23,0.0,146.0,122.0
1774642278814359753,171644,10.98,1.3,10.984,-276.7,4.16,0.02,-151.0,2.25,1.81,-0.1,-0.13,-0.09,150.23,211.0,58.23,0.0,146.0,122.0
1774642278947060415,171744,9.468,1.4,10.984,-207.8,3.48,0.14,-149.31,2.19,1.69,0.07,0.03,-0.21,11844.82,228.0,59.66,0.0,146.0,122.0
1774642279035511549,171865,10.828,2.3,10.236,-201.8,3.85,0.02,-147.25,2.19,1.63,0.17,0.06,0.0,197.74,222.0,61.09,0.0,146.0,122.0
1774642279137930551,171965,10.8,1.5,11.012,-209.0,3.79,0.04,-145.63,2.25,1.63,0.0,-0.06,-0.2,218.49,222.0,60.02,0.0,146.0,122.0
1774642279256704470,172065,9.512,4.4,10.784,-250.4,3.55,0.0,-144.13,2.31,1.75,-0.09,-0.01,-0.13,11847.56,219.0,58.56,0.0,146.0,122.0
1774642279375434480,172183,10.476,1.8,10.32,-249.7,3.77,0.12,-142.5,2.44,1.94,-0.19,0.06,-0.05,11845.5,209.0,59.15,0.0,148.0,122.0
1774642279502451756,172304,9.452,3.7,10.64,-217.7,4.14,0.04,-140.75,2.69,2.13,-0.29,0.05,-0.16,11846.7,199.0,59.15,0.0,148.0,122.0
1774642279621248324,172429,10.848,3.6,10.988,-227.9,4.32,-0.14,-139.19,2.94,2.31,0.07,0.0,-0.1,11846.19,193.0,58.87,0.0,148.0,122.0
1774642279723645622,172549,9.572,4.5,10.776,-223.5,4.06,0.06,-137.81,3.0,2.44,-0.23,0.12,-0.1,217.46,193.0,59.88,0.0,148.0,122.0
1774642279821945141,172649,9.216,3.5,11.012,-260.2,3.34,-0.08,-136.75,3.06,2.63,0.08,0.02,-0.04,155.72,183.0,58.78,0.0,148.0,122.0
1774642279944944063,172749,10.768,1.4,11.016,-250.3,3.16,0.0,-135.44,3.13,2.81,-0.04,-0.04,-0.05,221.58,183.0,58.5,0.0,148.0,122.0
1774642280022629930,172850,10.004,1.7,10.764,-208.9,3.65,0.02,-134.06,3.06,3.0,-0.05,0.13,-0.17,191.91,178.0,61.17,0.0,148.0,122.0
1774642280125039302,172950,9.208,0.2,10.992,-250.5,4.02,-0.06,-132.69,3.13,3.13,0.04,0.01,-0.12,192.94,185.0,60.03,0.0,148.0,122.0
1774642280223394644,173050,9.504,2.2,10.924,-222.9,3.54,-0.16,-131.31,3.19,3.19,0.0,0.08,-0.05,185.39,185.0,58.23,0.0,148.0,122.0
1774642280325735275,173151,9.264,2.2,10.876,-232.2,3.05,-0.06,-130.06,3.31,3.31,-0.26,-0.11,-0.15,219.35,171.0,58.78,0.0,148.0,122.0
1774642280424003893,173251,10.14,4.8,10.504,-283.9,3.26,-0.06,-129.0,3.44,3.31,0.06,0.3,-0.32,216.78,174.0,59.19,0.0,148.0,122.0
1774642280546883088,173351,10.968,1.3,10.936,-252.2,3.28,0.0,-128.06,3.69,3.5,0.2,0.08,0.04,11844.99,174.0,59.79,0.0,148.0,122.0
1774642280667553663,173472,10.84,0.7,11.028,-260.9,4.04,0.1,-127.06,3.88,3.56,0.27,0.09,-0.12,11848.93,174.0,59.09,0.0,148.0,122.0
1774642280759903821,173586,11.032,1.1,10.988,-252.2,3.83,-0.04,-125.81,4.0,3.56,-0.1,0.08,-0.13,140.63,174.0,57.79,0.0,148.0,122.0
1774642280858210940,173685,9.44,0.6,10.288,-305.4,4.12,0.06,-124.62,4.0,3.69,0.2,0.08,-0.02,150.23,174.0,58.23,0.0,148.0,122.0
1774642280976957807,173786,9.624,2.0,10.288,-243.0,4.41,-0.12,-123.44,4.0,3.69,0.03,0.06,-0.2,11841.9,168.0,61.94,0.0,148.0,122.0
1774642281184940781,173905,9.944,2.3,10.132,-263.0,3.65,0.0,-122.06,4.0,3.75,0.0,0.07,-0.22,11843.1,170.0,61.75,0.0,148.0,122.0
1774642281218651754,174025,9.924,1.6,10.416,-237.3,4.22,0.08,-120.87,4.13,3.75,0.0,0.11,-0.13,11844.65,177.0,60.85,0.0,148.0,122.0
1774642281341490689,174145,9.492,2.7,11.012,-214.3,3.79,-0.02,-119.87,4.19,3.81,-0.13,-0.04,-0.07,11841.22,188.0,64.02,0.0,150.0,122.0
1774642281456168466,174268,10.9,3.8,10.536,-209.1,3.59,0.0,-119.75,4.38,3.94,-0.07,0.13,-0.2,11837.79,188.0,66.93,0.0,150.0,122.0
1774642281558595045,174383,10.312,2.6,11.0,-174.4,3.11,0.06,-119.75,4.56,4.06,0.0,0.16,-0.09,162.75,185.0,64.39,0.0,150.0,122.0
1774642281691534601,174483,9.368,2.6,11.012,-199.3,3.83,0.04,-119.69,4.75,4.19,0.06,0.23,-0.17,11850.65,180.0,58.45,0.0,150.0,122.0
1774642281804353879,174609,9.648,-0.3,10.452,-265.1,3.81,-0.08,-118.81,4.94,4.31,-0.28,-0.01,0.0,11852.02,188.0,53.46,0.0,150.0,122.0
1774642281923140680,174729,9.224,0.7,10.656,-228.7,3.98,-0.04,-117.62,4.88,4.31,-0.03,0.06,-0.16,11850.48,188.0,58.35,0.0,150.0,122.0
1774642282041918102,174849,9.488,4.5,10.684,-314.6,4.04,0.06,-116.44,4.81,4.19,-0.07,0.19,-0.18,11846.19,191.0,60.15,0.0,150.0,122.0
1774642282164791985,174968,10.544,0.4,10.036,-285.9,3.96,0.04,-115.25,4.81,4.06,0.1,0.11,0.0,11845.68,197.0,59.64,0.0,150.0,122.0
1774642282283574834,175089,9.736,2.2,10.972,-242.2,3.65,-0.02,-114.37,4.88,4.0,-0.26,-0.08,-0.2,11839.33,189.0,63.68,0.0,150.0,122.0
1774642282402328869,175209,10.796,3.0,10.82,-180.4,3.3,-0.04,-114.0,5.0,4.06,0.06,0.25,-0.05,11837.62,189.0,66.63,0.0,150.0,122.0
1774642282521139792,175327,11.068,2.7,10.672,-184.6,2.48,-0.1,-114.0,5.19,4.19,0.0,0.04,-0.15,11840.36,185.0,65.72,0.0,150.0,122.0
1774642282644017083,175447,11.048,2.6,10.708,-156.3,2.77,0.1,-114.0,5.38,4.31,0.04,0.14,-0.17,11844.13,199.0,61.61,0.0,150.0,122.0
1774642282742327263,175568,9.744,0.0,10.992,-237.1,3.55,0.1,-113.94,5.56,4.38,0.23,0.32,-0.07,200.14,199.0,53.09,0.0,150.0,122.0
1774642282865157165,175668,9.26,3.0,9.98,-291.3,4.24,-0.16,-113.25,5.88,4.5,0.03,-0.05,0.0,11848.08,184.0,53.72,0.0,150.0,122.0
1774642282967594287,175792,10.644,2.1,10.036,-295.1,3.61,-0.04,-112.19,5.88,4.5,0.22,0.01,-0.14,183.5,205.0,57.7,0.0,150.0,122.0
1774642283204945085,175892,9.836,3.0,10.716,-272.7,3.14,-0.04,-111.37,5.81,4.38,-0.1,0.07,-0.14,151.95,205.0,60.66,0.0,150.0,122.0
1774642283217501017,175992,9.476,2.9,10.972,-261.9,3.18,-0.14,-110.75,5.88,4.38,-0.1,0.11,-0.19,11844.99,186.0,60.42,0.0,150.0,122.0
1774642283287080643,176112,10.624,3.6,10.42,-191.0,3.83,0.0,-110.37,5.88,4.31,-0.33,-0.04,0.0,163.78,195.0,66.04,0.0,152.0,122.0
1774642283385325637,176212,10.42,1.4,9.96,-169.3,2.38,-0.02,-110.37,6.06,4.44,0.0,0.0,-0.1,150.06,195.0,68.98,0.0,152.0,122.0
1774642283487733212,176312,9.82,0.3,10.868,-173.7,2.05,0.02,-110.37,6.13,4.5,-0.07,0.01,-0.12,180.76,190.0,65.93,0.0,152.0,122.0
1774642283586025168,176412,11.048,0.9,10.056,-158.9,2.21,0.0,-110.37,6.19,4.5,0.0,0.06,-0.21,167.56,185.0,60.86,0.0,152.0,122.0
1774642283688473744,176513,10.444,4.4,11.052,-218.9,3.34,0.04,-110.31,6.38,4.56,0.05,0.17,-0.08,154.01,185.0,57.33,0.0,152.0,122.0
1774642283786733756,176613,10.184,0.6,10.92,-233.5,3.69,0.0,-110.0,6.56,4.75,0.07,-0.23,-0.01,137.89,188.0,50.37,0.0,152.0,122.0
1774642283889160609,176713,9.488,1.4,11.004,-258.0,4.02,0.04,-109.5,6.56,4.69,0.25,-0.03,-0.21,150.23,178.0,52.21,0.0,152.0,122.0
1774642284028954340,176814,9.932,3.1,10.892,-259.2,4.32,-0.1,-108.94,6.56,4.63,0.08,0.08,-0.01,11843.45,194.0,58.79,0.0,152.0,122.0
1774642284110357648,176935,10.216,-0.3,10.816,-269.5,3.38,-0.08,-108.44,6.56,4.63,0.1,0.0,-0.02,150.41,194.0,59.88,0.0,152.0,122.0
1774642284212740884,177036,10.448,0.1,10.444,-236.2,3.16,0.0,-108.0,6.63,4.56,-0.06,0.14,-0.26,156.75,193.0,60.37,0.0,152.0,122.0
1774642284311053712,177136,10.556,0.7,10.88,-176.1,3.07,-0.18,-107.87,6.75,4.63,0.1,0.06,-0.09,187.28,193.0,64.91,0.0,152.0,122.0
1774642284413417151,177236,10.964,2.3,10.584,-181.3,2.68,1.07,-107.87,6.81,4.69,0.05,0.02,-0.1,172.19,189.0,69.11,0.0,152.0,122.0
1774642284511719664,177336,9.48,2.2,10.712,-146.7,2.95,0.02,-107.87,6.81,4.69,0.05,-0.1,-0.03,192.59,179.0,67.36,0.0,152.0,122.0
1774642284620113001,177436,9.58,1.1,10.192,-171.6,2.13,-0.02,-107.87,6.88,4.69,-0.18,0.41,-0.31,145.43,179.0,62.47,0.0,152.0,122.0
1774642284712441450,177536,10.552,2.1,10.836,-251.5,3.81,0.02,-107.75,7.13,4.88,0.11,0.14,-0.06,142.17,186.0,54.53,0.0,152.0,122.0
1774642284820791953,177636,9.164,-1.1,10.836,-241.7,4.45,-0.14,-107.5,7.25,5.0,0.32,0.07,-0.09,156.75,186.0,47.48,0.0,152.0,122.0
1774642284933614643,177736,10.656,2.5,11.0,-300.3,4.28,0.02,-107.12,7.31,4.94,-0.25,-0.05,-0.14,11851.16,186.0,53.58,0.0,152.0,122.0
1774642285031918780,177856,10.06,2.0,10.396,-304.5,3.61,-0.18,-106.56,7.25,4.88,0.19,-0.08,-0.21,143.03,183.0,58.78,0.0,152.0,122.0
1774642285134348938,177956,9.452,-0.1,10.996,-305.4,3.95,-0.12,-106.19,7.19,4.81,-0.19,-0.12,-0.09,164.98,183.0,60.02,0.0,152.0,122.0
1774642285253051935,178056,10.292,1.6,9.976,-270.2,3.26,0.0,-105.81,7.25,4.75,-0.15,0.0,-0.28,11838.99,174.0,63.03,0.0,154.0,122.0
1774642285355501408,178179,11.1,1.9,11.016,-212.9,2.29,-0.04,-105.75,7.38,4.88,0.23,0.0,-0.11,150.75,189.0,68.32,0.0,154.0,122.0
1774642285457881251,178279,9.836,3.0,10.672,-170.8,2.6,-0.08,-105.75,7.38,4.88,-0.23,0.16,-0.1,148.18,189.0,68.98,0.0,154.0,122.0
1774642285556151065,178379,9.364,1.9,11.028,-140.8,2.5,-0.02,-105.75,7.44,4.94,0.36,0.07,-0.21,142.17,180.0,63.15,0.0,154.0,122.0
1774642285654471916,178479,10.348,2.8,11.016,-163.2,2.5,-0.02,-105.75,7.56,5.0,-0.15,0.14,-0.26,135.83,178.0,59.29,0.0,154.0,122.0
1774642285756903241,178578,9.452,0.3,10.912,-247.0,3.81,-0.02,-105.62,7.81,5.19,-0.76,-0.35,0.1,148.0,178.0,51.06,0.0,154.0,122.0
1774642285875659941,178678,9.484,4.1,10.98,-243.6,4.71,0.06,-105.31,7.88,5.25,0.0,-0.07,-0.2,11625.47,173.0,50.42,0.0,154.0,122.0
1774642285998543135,178797,10.828,2.0,10.96,-262.0,3.81,0.08,-104.75,7.94,5.19,0.29,0.06,-0.23,11849.11,175.0,56.14,0.0,154.0,122.0
1774642286096844804,178920,10.352,-0.6,10.952,-261.9,3.96,0.06,-104.12,7.88,5.06,-0.42,-0.09,-0.23,179.22,173.0,56.14,0.0,154.0,122.0
1774642286219764589,179020,10.86,2.3,10.144,-297.7,3.93,0.06,-103.75,7.88,5.06,-0.02,-0.12,-0.32,11840.53,173.0,59.79,0.0,154.0,122.0
1774642286322126154,179143,10.728,1.5,10.584,-238.7,3.69,-0.06,-103.62,7.94,5.06,0.11,0.04,-0.22,166.18,173.0,65.9,0.0,154.0,122.0
1774642286420384826,179243,9.944,1.9,10.36,-222.2,2.46,0.1,-103.62,7.94,5.06,0.09,0.08,-0.12,3922.2,166.0,69.73,0.0,154.0,122.0
1774642286518659314,179343,9.36,2.1,10.348,-207.8,2.64,-0.1,-103.62,8.0,5.06,-0.03,-0.01,-0.02,146.29,166.0,67.36,0.0,154.0,122.0
1774642286641584562,179443,9.564,1.5,11.044,-155.2,2.77,-0.12,-103.56,8.13,5.19,0.22,0.09,-0.22,11851.51,171.0,59.18,0.0,154.0,122.0
1774642286739895383,179563,10.068,5.0,10.928,-274.5,4.73,-0.04,-103.44,8.38,5.38,0.13,-0.05,0.31,150.23,174.0,48.34,0.0,154.0,122.0
1774642286842299225,179663,9.54,0.5,10.968,-257.8,3.96,0.08,-103.12,8.44,5.44,0.36,-0.36,-0.25,156.92,174.0,50.16,0.0,154.0,122.0
1774642287164948456,179763,9.28,-0.5,10.944,-348.2,5.2,-0.1,-102.69,8.44,5.44,0.03,-0.09,-0.02,11847.39,174.0,57.1,0.0,154.0,122.0
1774642287180442459,179884,10.912,3.9,9.608,-303.7,4.59,-0.1,-102.06,8.38,5.31,-0.14,-0.02,-0.28,141.83,178.0,60.37,0.0,154.0,122.0
1774642287192267855,179984,10.048,1.5,10.516,-286.7,3.98,0.0,-101.62,8.44,5.25,0.13,0.05,-0.17,1835.74,178.0,59.68,0.0,154.0,122.0
1774642287260040678,180084,9.26,1.7,10.508,-282.8,3.3,-0.1,-101.37,8.44,5.19,-0.35,-0.27,-0.27,154.35,175.0,62.5,0.0,154.0,122.0
1774642287362467597,180184,10.696,2.2,10.032,-260.8,3.07,-0.14,-101.31,8.44,5.25,0.4,0.01,-0.25,171.5,160.0,69.6,0.0,156.0,122.0
1774642287460728576,180284,10.964,3.5,10.0,-226.0,2.83,-0.08,-101.31,8.44,5.25,0.14,0.0,-0.18,175.27,160.0,70.62,0.0,156.0,122.0
1774642287563127180,180383,9.236,4.8,11.012,-200.3,2.34,0.02,-101.31,8.56,5.31,0.17,0.11,-0.31,161.55,167.0,65.93,0.0,156.0,122.0
1774642287661470140,180484,9.492,-0.3,11.024,-263.8,4.16,0.14,-101.25,8.81,5.44,0.04,0.26,0.07,179.05,164.0,57.26,0.0,156.0,122.0
1774642287864942980,180584,9.456,5.3,10.764,-251.7,4.24,0.02,-101.0,9.0,5.63,0.43,0.02,-0.48,11858.02,160.0,49.04,0.0,156.0,122.0
1774642287886762329,180707,9.224,2.3,10.444,-332.4,4.63,0.04,-100.5,9.06,5.63,0.64,0.19,-0.38,150.23,160.0,53.75,0.0,156.0,122.0
1774642288005517269,180807,9.428,2.3,10.96,-267.3,4.98,-0.12,-100.06,9.06,5.56,-0.17,0.09,-0.07,11856.82,162.0,51.97,0.0,156.0,122.0
1774642288103826130,180926,10.796,1.3,10.968,-257.2,4.16,-0.06,-99.5,9.0,5.44,-0.04,-0.09,-0.18,144.92,162.0,47.84,0.0,156.0,122.0
1774642288206212888,181026,9.168,1.3,9.988,-261.2,4.14,0.08,-99.19,9.0,5.38,0.21,-0.18,-0.13,132.4,154.0,51.15,0.0,156.0,122.0
1774642288304525453,181126,10.256,1.8,10.388,-241.0,4.24,-0.06,-99.06,9.0,5.38,0.08,0.12,-0.46,132.74,162.0,59.54,0.0,156.0,122.0
1774642288406872248,181226,9.26,3.6,11.004,-246.9,3.11,0.0,-99.06,9.13,5.44,0.35,0.0,-0.29,136.34,162.0,68.98,0.0,156.0,122.0
1774642288505203109,181326,9.816,2.5,10.9,-232.2,3.22,0.04,-99.06,9.19,5.44,-1.01,-0.12,0.26,140.8,160.0,66.89,1.57,156.0,122.0
1774642288628085589,181425,11.056,1.8,10.88,-226.7,2.58,0.33,-99.06,9.25,5.5,0.28,0.02,0.09,11847.22,166.0,61.15,0.0,156.0,122.0
1774642288726372432,181549,11.024,-0.3,10.584,-257.4,4.39,0.04,-98.94,9.44,5.63,0.27,-0.12,-0.08,129.48,166.0,52.63,0.0,156.0,122.0
1774642288844946683,181649,9.528,-0.9,10.96,-306.0,4.47,0.08,-98.62,9.69,5.75,1.07,0.54,0.71,128.63,155.0,47.66,0.0,156.0,122.0
1774642288947554032,181749,10.9,3.0,9.892,-338.3,4.12,-0.04,-98.25,9.75,5.81,-0.2,-0.04,-0.3,11854.77,151.0,53.0,0.0,156.0,122.0
1774642289049963736,181869,9.204,-0.2,9.832,-407.5,5.63,-0.06,-97.69,9.75,5.69,-0.32,-0.26,0.03,139.77,151.0,56.14,0.0,156.0,122.0
1774642289148253779,181968,9.644,-0.6,10.724,-298.8,4.57,0.12,-97.19,9.81,5.63,-0.11,0.03,-0.31,142.35,154.0,58.54,0.0,156.0,122.0
1774642289246572193,182068,10.716,1.5,10.904,-425.4,4.73,-0.08,-96.87,9.81,5.56,-0.13,0.05,-0.2,143.2,155.0,56.99,0.0,156.0,122.0
1774642289348952107,182168,9.288,2.6,10.608,-256.4,3.69,-0.02,-96.69,9.88,5.56,-0.05,0.21,-0.12,1941.55,155.0,61.96,0.0,158.0,122.0
1774642289447218058,182268,9.492,3.1,11.016,-278.5,3.09,0.1,-96.69,9.94,5.63,-0.46,0.18,-0.14,164.13,162.0,70.17,0.0,158.0,122.0
1774642289545521249,182368,10.328,2.0,10.104,-200.4,3.57,0.0,-96.69,9.94,5.63,-0.42,-0.02,-0.11,145.43,156.0,69.75,0.0,158.0,122.0
1774642289648000200,182468,9.712,5.4,11.012,-238.4,3.55,-0.14,-96.69,10.06,5.69,-0.04,0.23,-0.3,147.32,156.0,62.93,0.0,158.0,122.0
1774642289771058188,182567,11.044,1.4,10.988,-305.8,4.8,-0.1,-96.62,10.19,5.81,-0.08,-0.03,-0.24,11863.86,157.0,50.52,0.0,158.0,122.0
1774642289869112307,182689,10.2,5.7,10.904,-439.4,6.84,0.02,-96.19,10.5,5.94,0.06,0.06,-0.08,4504.28,150.0,39.37,0.0,158.0,122.0
1774642289967421295,182789,10.536,1.1,10.584,-404.7,6.19,0.1,-95.81,10.56,5.94,-0.68,-0.83,0.02,144.23,150.0,45.15,0.0,158.0,122.0
1774642290069817542,182889,9.152,0.7,10.88,-447.2,5.86,0.06,-95.44,10.63,5.88,-0.16,-0.02,0.25,157.27,152.0,51.15,0.0,158.0,122.0
1774642290168119881,182989,9.76,0.5,10.696,-497.5,6.7,-0.06,-94.87,10.63,5.75,-0.4,-0.03,-0.48,5483.71,151.0,58.05,0.0,158.0,122.0
1774642290270515769,183089,9.372,3.1,10.676,-491.7,5.31,0.08,-94.31,10.56,5.63,0.19,-0.01,-0.22,172.19,151.0,59.76,0.0,158.0,122.0
1774642290368781627,183189,10.932,3.4,10.436,-441.4,5.29,-0.14,-94.19,10.69,5.69,0.85,-0.07,-0.73,2624.81,161.0,64.72,0.0,158.0,122.0
1774642290467072280,183289,9.468,-0.1,10.94,-260.1,4.16,0.04,-94.19,10.75,5.69,0.28,0.0,-0.32,2991.3,154.0,75.03,0.0,158.0,122.0
1774642290569497687,183389,9.208,2.0,9.712,-291.7,3.83,-0.14,-94.19,10.75,5.75,0.3,0.13,-0.21,7759.52,154.0,70.4,0.0,158.0,122.0
1774642290667796007,183489,10.144,-0.4,10.976,-287.9,4.45,-0.16,-94.19,10.81,5.75,0.6,-0.14,-0.3,146.8,152.0,59.76,0.0,158.0,122.0
1774642290766048142,183588,10.664,-0.7,10.86,-318.4,3.75,0.0,-94.12,11.0,5.88,0.57,0.23,-0.67,140.63,152.0,58.23,0.0,158.0,122.0
1774642290868514678,183688,9.344,5.5,10.94,-405.0,5.82,-0.14,-93.81,11.25,6.06,-0.7,-0.22,-0.18,145.43,150.0,53.66,0.0,158.0,122.0
1774642290995054639,183788,10.208,2.5,10.956,-310.4,5.61,-0.04,-93.31,11.44,6.13,0.24,-0.08,-0.17,11848.76,162.0,57.46,0.0,158.0,122.0
1774642291089686492,183908,9.892,2.8,10.916,-370.9,4.79,0.12,-92.69,11.44,5.94,0.02,-0.25,-0.19,147.49,162.0,59.33,0.0,158.0,122.0
1774642291187971574,184008,10.72,5.3,10.928,-344.3,5.57,-0.1,-92.25,11.44,5.81,-0.01,0.24,-0.37,6254.43,168.0,58.88,0.0,158.0,122.0
1774642291290387845,184109,10.308,1.2,10.344,-334.4,4.77,-0.2,-91.94,11.44,5.81,-0.02,-0.1,-0.37,145.43,162.0,60.52,0.0,158.0,122.0
1774642291388643353,184209,9.308,3.8,10.724,-311.2,3.73,-0.08,-91.87,11.56,5.81,-0.19,-0.13,-0.15,1593.06,162.0,67.2,0.0,160.0,122.0
1774642291491027958,184309,10.024,1.2,10.996,-258.0,2.89,-0.06,-91.87,11.63,5.81,-0.19,0.11,-0.17,146.46,164.0,72.92,0.0,160.0,122.0
1774642291589339077,184410,10.076,2.5,10.588,-239.0,3.52,-0.1,-91.87,11.63,5.88,-0.14,-0.29,-0.11,128.97,155.0,70.73,0.0,160.0,122.0
1774642291691763459,184510,9.396,2.3,10.352,-204.7,3.98,0.02,-91.87,11.75,5.94,0.24,0.4,-0.2,4083.41,155.0,62.8,0.0,160.0,122.0
1774642291790182910,184609,9.316,1.7,10.884,-366.5,5.98,-0.16,-91.81,11.94,6.13,0.38,0.1,0.02,130.68,158.0,49.29,0.0,160.0,122.0
1774642291892466516,184710,10.496,2.1,10.852,-378.4,5.72,-0.12,-91.56,12.13,6.19,-0.39,-0.13,-0.39,123.99,158.0,44.79,0.0,160.0,122.0
1774642292016939966,184809,10.524,1.4,10.816,-432.0,5.53,-0.06,-91.25,12.25,6.19,-0.45,-0.34,0.22,121.94,152.0,50.37,0.0,160.0,122.0
1774642292089114078,184909,9.148,3.2,10.712,-374.7,4.96,-0.1,-90.87,12.25,6.06,-0.18,0.01,-0.38,113.53,162.0,59.54,0.0,160.0,122.0
1774642292191430644,185009,10.624,-1.0,10.912,-465.1,4.75,-0.04,-90.5,12.25,6.0,0.14,0.0,-0.19,117.82,162.0,61.81,0.0,160.0,122.0
1774642292289755526,185109,9.48,2.9,10.912,-296.4,4.84,-0.04,-90.37,12.31,5.94,0.58,0.15,-0.49,117.65,158.0,62.17,0.0,160.0,122.0
1774642292387975539,185209,10.556,1.2,10.672,-311.2,4.3,0.06,-90.37,12.44,6.0,0.32,0.08,-0.15,116.28,164.0,58.94,0.0,160.0,122.0
1774642292490413327,185309,9.42,0.3,9.916,-253.7,4.53,0.08,-90.37,12.31,6.06,-2.62,-0.94,1.33,116.45,164.0,63.6,6.27,160.0,122.0
1774642292592817096,185409,10.748,4.7,10.98,-241.8,4.26,-0.12,-90.31,12.31,6.06,0.15,0.02,-0.22,115.76,158.0,67.52,0.0,160.0,122.0
1774642292691150219,185509,9.236,0.2,10.436,-295.7,3.13,-0.06,-90.31,12.44,6.06,0.53,0.36,-0.24,115.08,160.0,67.36,0.0,160.0,122.0
1774642292789447601,185609,9.164,3.2,10.7,-347.0,4.39,-0.04,-90.31,12.63,6.19,-0.85,-0.02,0.12,1521.2,160.0,55.31,0.0,160.0,122.0
1774642292891842741,185709,10.22,1.7,9.664,-372.5,4.55,-0.12,-90.19,12.81,6.31,0.14,-0.07,-0.62,117.48,162.0,48.98,0.0,160.0,122.0
1774642292990203789,185809,10.46,-0.3,10.564,-327.0,5.29,-0.14,-89.94,12.94,6.31,-0.11,-0.17,0.11,119.36,162.0,54.07,0.0,160.0,122.0
1774642293092532097,185909,9.148,4.7,10.744,-356.7,4.96,-0.1,-89.62,13.0,6.19,-0.3,-0.05,-0.2,118.51,160.0,59.34,0.0,160.0,122.0
1774642293190839079,186009,10.012,4.6,10.844,-435.9,4.8,-0.06,-89.37,13.06,6.19,0.08,-0.4,0.1,117.48,158.0,61.69,0.0,160.0,122.0
1774642293289088450,186109,10.292,1.9,10.98,-391.7,4.12,-0.02,-89.19,13.13,6.13,-0.25,0.01,0.08,118.33,158.0,60.91,0.0,160.0,122.0
1774642293391530683,186209,9.896,2.2,10.672,-229.6,3.89,-0.06,-89.12,13.19,6.19,0.78,-0.43,-0.46,115.25,160.0,66.56,0.0,162.0,122.0
1774642293493894749,186309,10.78,1.0,10.484,-241.4,3.61,0.0,-89.12,13.25,6.19,-0.07,0.0,-0.28,117.99,162.0,72.53,0.0,162.0,122.0
1774642293592223842,186409,10.996,1.1,10.616,-227.8,3.87,-0.04,-89.06,13.25,6.19,0.04,0.07,-0.14,120.39,162.0,68.98,0.0,162.0,122.0
1774642293690553638,186509,9.432,-0.2,10.02,-266.3,3.77,0.04,-89.06,13.38,6.19,0.12,-0.36,-0.2,120.91,163.0,59.91,0.0,162.0,122.0
1774642293792947093,186609,9.176,-0.8,10.652,-401.2,6.8,-0.18,-89.0,13.56,6.31,-0.06,-0.31,-0.56,121.76,159.0,44.19,0.0,162.0,122.0
1774642293891230168,186710,10.212,6.3,10.812,-420.3,6.86,-0.02,-88.87,13.63,6.38,-0.01,0.13,-0.26,118.68,159.0,41.65,0.0,162.0,122.0
1774642294128952681,186809,10.06,3.5,10.448,-483.0,6.31,-0.06,-88.75,13.69,6.38,0.81,0.23,-0.78,120.05,166.0,46.51,0.0,162.0,122.0
1774642294194330646,186909,9.492,1.1,10.88,-456.9,5.18,0.06,-88.5,13.69,6.25,0.26,0.06,-0.07,133.08,166.0,55.84,0.0,162.0,122.0
1774642294206018813,187010,10.42,2.0,10.32,-555.3,7.46,-0.04,-88.31,13.75,6.19,-0.24,-0.09,0.1,127.6,161.0,57.2,0.0,162.0,122.0
1774642294292606527,187110,9.388,8.3,10.952,-547.2,5.2,-0.08,-88.06,13.75,6.13,-0.39,0.13,-0.33,124.85,156.0,60.63,0.0,162.0,122.0
1774642294394978800,187210,9.272,3.3,9.916,-349.7,3.85,-0.02,-87.87,13.75,6.06,0.3,-0.12,-0.27,128.63,156.0,73.57,0.0,162.0,122.0
1774642294493272217,187311,9.436,4.0,10.504,-321.7,4.0,0.0,-87.87,13.81,6.06,-0.24,0.16,0.06,125.37,166.0,74.67,0.0,162.0,122.0
1774642294595700619,187411,9.316,2.4,11.012,-255.5,4.49,-0.08,-87.87,13.81,6.06,0.07,-0.01,-0.26,118.68,162.0,67.53,0.0,162.0,122.0
1774642294694008852,187511,10.372,1.8,10.896,-289.1,4.86,-0.16,-87.87,13.88,6.13,0.14,-0.06,-0.25,122.11,162.0,59.12,0.0,162.0,122.0
1774642294796402180,187612,10.964,2.7,10.36,-420.9,6.0,0.06,-87.81,14.06,6.25,0.05,-0.05,-0.24,118.16,155.0,51.63,0.0,162.0,122.0
1774642294916936204,187712,9.668,6.5,10.204,-434.5,6.33,-0.14,-87.69,14.19,6.25,0.31,0.26,-0.39,122.97,161.0,45.02,0.0,162.0,122.0
1774642294997102092,187812,9.924,-0.3,10.412,-475.7,6.93,-0.04,-87.5,14.25,6.25,0.0,0.03,-0.18,6860.86,161.0,51.53,0.0,162.0,122.0
1774642295095347591,187913,10.024,0.7,10.452,-473.2,6.21,0.06,-87.25,14.31,6.06,-0.16,0.01,-0.18,126.91,162.0,54.86,0.0,162.0,122.0
1774642295197782887,188013,9.872,1.3,10.088,-411.8,5.12,0.02,-87.0,14.25,5.94,-0.23,-0.16,0.01,1687.39,161.0,58.94,0.0,162.0,122.0
1774642295296058465,188113,10.972,0.9,10.736,-498.9,4.94,0.1,-86.75,14.25,5.88,-0.08,-0.02,-0.08,128.8,161.0,60.43,0.0,162.0,122.0
1774642295398431910,188214,9.492,-1.4,10.908,-358.0,5.55,-0.08,-86.62,14.38,5.88,0.6,-0.17,-0.14,143.03,164.0,66.73,0.0,164.0,122.0
1774642295496762339,188314,10.232,4.4,10.18,-281.8,4.59,-0.08,-86.62,14.38,5.94,0.0,0.25,-0.32,2843.81,163.0,72.59,0.0,164.0,122.0
1774642295624941360,188413,9.22,1.0,10.928,-258.7,3.81,0.04,-86.62,14.44,5.94,0.21,0.26,-0.65,861.1,163.0,71.88,0.0,164.0,122.0
1774642295697472158,188513,10.124,0.0,10.96,-252.2,4.8,-0.1,-86.62,14.5,6.0,0.93,0.19,-0.04,130.17,166.0,66.87,0.0,164.0,122.0
1774642295795724625,188613,10.136,1.4,10.384,-408.6,5.98,0.12,-86.56,14.75,6.13,0.73,-0.18,-0.25,128.11,166.0,53.18,0.0,164.0,122.0
1774642295898168624,188713,9.8,6.2,10.924,-334.0,5.63,0.02,-86.44,14.88,6.19,-0.04,0.09,-0.5,127.08,157.0,46.87,0.0,164.0,122.0
1774642295996469758,188813,10.576,1.6,10.352,-394.9,5.74,-0.04,-86.31,14.88,6.13,0.09,-0.06,-0.03,118.51,155.0,53.58,0.0,164.0,122.0
1774642296098862409,188913,9.176,1.1,10.1,-503.0,5.31,-0.08,-86.12,14.81,6.0,-0.55,0.06,0.03,138.4,155.0,59.39,0.0,164.0,122.0
1774642296197155538,189014,9.2,3.7,10.868,-376.4,5.72,0.1,-85.87,14.75,5.88,0.3,0.41,-0.01,135.31,164.0,59.58,0.0,164.0,122.0
1774642296299551787,189114,11.008,5.8,10.632,-416.4,4.8,-0.02,-85.69,14.75,5.75,0.2,0.3,-0.57,189.68,158.0,61.69,0.0,164.0,122.0
1774642296397875434,189214,9.412,2.2,11.0,-320.8,3.54,-0.06,-85.56,14.75,5.75,-0.43,-0.17,0.04,141.32,158.0,69.14,0.0,164.0,122.0
1774642296500210814,189315,11.0,1.5,10.776,-279.5,3.81,0.04,-85.56,14.75,5.75,-1.4,0.07,-0.02,132.23,156.0,72.98,0.0,164.0,122.0
1774642296598547035,189415,9.672,2.1,10.976,-312.3,3.87,-0.16,-85.56,14.75,5.81,-0.08,0.14,-0.07,122.79,156.0,68.08,3.58,164.0,122.0
1774642296700952377,189515,10.752,4.6,11.012,-244.9,4.2,-0.08,-85.56,14.94,5.88,-0.15,0.07,-0.26,162.24,154.0,59.81,0.0,164.0,122.0
1774642296828942239,189615,9.172,4.6,10.776,-401.3,6.17,-0.18,-85.44,15.19,5.94,0.38,0.21,-0.08,126.22,162.0,50.52,0.0,164.0,122.0
1774642296922106746,189715,10.464,-1.4,10.432,-353.9,5.96,-0.14,-85.31,15.31,5.94,0.21,0.95,0.13,11856.14,155.0,49.53,0.0,164.0,122.0
1774642297020405042,189836,10.12,1.7,10.856,-455.8,6.02,0.02,-85.12,15.31,5.88,0.75,-0.03,-0.52,2228.13,155.0,52.63,0.0,164.0,122.0
1774642297122817876,189936,10.768,1.7,9.564,-390.4,6.29,0.02,-84.87,15.31,5.75,-0.33,-0.09,-0.45,1307.86,154.0,56.69,0.0,164.0,122.0
1774642297221107300,190036,10.9,5.7,10.576,-447.0,5.04,-0.08,-84.62,15.25,5.63,-0.16,-0.59,0.07,138.23,154.0,56.46,0.0,164.0,122.0
1774642297319426112,190136,9.924,3.0,10.516,-330.1,5.04,-0.16,-84.37,15.25,5.5,0.21,-0.05,0.12,5048.27,153.0,64.58,0.0,166.0,122.0
1774642297421769521,190235,10.988,-0.8,9.64,-289.0,3.77,0.02,-84.37,15.31,5.5,0.55,0.05,-0.42,142.35,151.0,69.97,0.0,166.0,122.0
1774642297520096647,190336,10.928,2.1,10.468,-308.4,3.67,0.0,-84.37,15.31,5.56,-0.11,-0.23,0.01,137.03,151.0,70.77,0.0,166.0,122.0
1774642297622504610,190436,10.244,1.4,10.176,-225.6,4.18,-0.08,-84.31,15.38,5.56,0.37,0.46,-0.45,129.14,153.0,67.52,0.0,166.0,122.0
1774642297780944175,190536,10.264,2.2,10.936,-295.8,4.26,-0.02,-84.31,15.56,5.69,0.2,0.05,-0.21,1637.14,154.0,58.18,0.0,166.0,122.0
1774642297819096272,190636,9.816,-0.9,10.88,-322.5,5.94,0.16,-84.19,15.75,5.75,-0.35,-0.08,-0.08,2470.29,154.0,48.61,0.0,166.0,122.0
1774642297921468810,190736,10.448,3.9,10.46,-443.5,6.86,-0.12,-84.12,15.81,5.75,0.37,0.12,-0.33,148.86,142.0,46.18,0.0,166.0,122.0
1774642298019741730,190836,10.436,-2.0,10.884,-416.2,6.68,-0.1,-83.94,15.81,5.69,-0.36,0.02,-0.21,5036.95,145.0,55.92,0.0,166.0,122.0
1774642298122171262,190937,9.34,7.3,10.688,-466.6,6.76,-0.06,-83.69,15.75,5.56,0.08,0.25,-0.68,2450.56,145.0,61.24,0.0,166.0,122.0
1774642298224627682,191038,9.556,-1.4,10.68,-458.7,5.41,-0.06,-83.44,15.69,5.38,-0.78,0.42,-0.3,141.83,142.0,58.5,0.0,166.0,122.0
1774642298322851348,191137,9.748,-1.9,10.492,-376.9,5.06,0.14,-83.19,15.63,5.31,0.15,0.01,-0.2,3435.32,152.0,65.65,0.0,166.0,122.0
1774642298421152531,191237,10.728,3.5,10.256,-341.1,3.59,0.02,-83.19,15.75,5.31,-0.17,-0.13,-0.22,145.95,152.0,73.96,0.0,166.0,122.0
1774642298523557507,191336,10.984,1.4,10.976,-276.7,4.2,-0.06,-83.19,15.75,5.38,0.21,-0.17,-0.25,142.0,154.0,75.55,0.0,166.0,122.0
1774642298621875690,191436,9.48,3.4,10.372,-284.1,3.22,-0.08,-83.12,15.81,5.44,-0.03,-0.07,-0.21,144.75,154.0,67.91,0.0,166.0,122.0
1774642298724264389,191537,10.728,-0.9,10.968,-301.9,5.06,-0.04,-83.06,16.06,5.56,-0.02,0.0,-0.36,2181.82,145.0,57.32,0.0,166.0,122.0
1774642298822549036,191637,9.472,1.0,10.928,-316.6,4.75,-0.02,-82.94,16.19,5.63,0.73,0.16,-0.42,2057.83,142.0,51.03,0.0,166.0,122.0
1774642298924953845,191738,9.388,5.4,10.812,-356.1,5.86,-0.16,-82.81,16.25,5.56,0.21,-0.18,-0.41,6874.06,151.0,54.83,0.0,166.0,122.0
1774642299068963184,191838,10.984,-1.3,10.932,-394.5,6.41,-0.16,-82.56,16.25,5.5,0.16,-0.06,-0.36,1187.64,151.0,57.54,0.0,166.0,122.0
1774642299131594614,191938,10.872,0.9,10.52,-457.1,5.59,-0.12,-82.37,16.25,5.38,-0.01,0.19,-0.55,3810.56,146.0,55.91,0.0,166.0,122.0
1774642299223944903,192037,10.336,-2.0,10.836,-484.1,7.81,-0.06,-82.12,16.19,5.25,-1.1,-0.08,-0.32,1321.75,146.0,51.58,0.0,166.0,122.0
1774642299322283144,192137,10.572,3.1,10.992,-293.3,3.4,0.18,-81.94,16.12,5.13,0.54,-0.26,-0.04,3380.61,140.0,66.36,0.0,168.0,122.0
1774642299424606211,192237,9.372,2.4,9.772,-292.0,3.65,-0.04,-81.94,16.19,5.19,1.01,-0.11,0.19,146.63,140.0,76.35,0.0,168.0,122.0
1774642299522930286,192337,9.132,2.6,10.636,-240.8,3.3,0.0,-81.94,16.25,5.19,0.2,-0.17,-0.25,166.7,142.0,74.67,0.0,168.0,122.0
1774642299625327888,192437,9.324,-0.3,10.344,-233.6,3.36,-0.1,-81.87,16.37,5.25,-0.67,-0.07,-0.04,137.89,139.0,63.15,0.0,168.0,122.0
1774642299744100047,192537,9.392,2.1,10.916,-355.1,4.28,0.02,-81.87,16.56,5.38,0.39,0.4,-0.3,11857.17,140.0,50.82,0.0,168.0,122.0
1774642299846512724,192659,9.596,1.7,10.924,-391.9,5.98,-0.14,-81.69,16.87,5.44,0.28,-0.17,-0.18,1109.43,140.0,46.96,0.0,168.0,122.0
1774642299948895364,192759,10.668,-2.1,10.94,-353.1,5.9,-0.08,-81.56,16.87,5.38,-0.69,-0.26,0.32,8666.75,144.0,55.21,0.0,168.0,122.0
1774642300047189711,192861,10.392,2.1,10.588,-455.9,4.98,-0.04,-81.31,16.81,5.25,0.52,0.04,-0.24,134.97,144.0,59.88,0.0,168.0,122.0
1774642300145466255,192961,9.092,2.0,10.496,-443.9,6.45,0.7,-81.06,16.75,5.13,0.23,-0.02,-0.52,3808.5,139.0,56.57,7.24,168.0,122.0
1774642300247905208,193060,10.164,2.0,10.848,-433.9,5.18,-0.29,-80.94,16.12,5.0,-0.29,0.25,-0.07,134.28,140.0,51.4,26.25,168.0,122.0
1774642300346161937,193160,9.812,-0.8,10.596,-317.1,5.04,-0.12,-80.87,16.0,4.94,0.23,0.2,-0.23,117.82,140.0,64.29,0.91,168.0,122.0
1774642300448534762,193260,10.94,2.6,10.648,-376.4,3.5,-0.06,-80.87,16.06,4.94,0.25,-0.01,-0.12,116.28,136.0,74.07,0.0,168.0,122.0
1774642300546870842,193360,10.776,1.8,10.928,-256.3,4.26,0.04,-80.87,16.12,5.0,0.33,0.22,-0.59,942.05,144.0,72.18,0.0,168.0,122.0
1774642300645141867,193460,11.0,1.5,10.916,-255.1,3.14,0.06,-80.87,16.31,5.06,-0.26,0.1,0.03,117.48,144.0,65.82,0.0,168.0,122.0
1774642300747584412,193560,10.832,4.3,10.516,-282.3,4.51,0.0,-80.81,16.56,5.19,0.51,-0.06,-0.41,3323.33,137.0,55.24,0.0,168.0,122.0
1774642300845867956,193659,9.564,3.3,10.24,-364.4,5.55,0.21,-80.75,16.69,5.25,0.66,0.3,-0.3,106.33,134.0,45.74,0.0,168.0,122.0
1774642300944107297,193759,10.5,-1.2,10.588,-440.2,6.23,-0.23,-80.62,16.69,5.25,0.48,0.42,-0.18,106.33,134.0,48.89,0.0,168.0,122.0
1774642301188948383,193859,10.328,5.6,10.76,-492.6,5.31,-0.08,-80.37,16.62,5.13,0.6,0.36,-0.54,107.02,132.0,56.4,0.0,168.0,122.0
1774642301247294214,193959,10.768,5.7,10.472,-490.4,5.51,-0.12,-80.12,16.69,5.0,-0.17,0.84,-0.97,111.65,132.0,55.84,0.0,168.0,122.0
1774642301255628131,194060,10.984,6.3,10.548,-433.8,4.55,-0.04,-79.81,16.56,4.81,0.32,-0.24,0.0,121.25,138.0,63.35,0.0,168.0,122.0
1774642301345489952,194160,10.608,3.8,10.952,-318.1,5.0,-0.1,-79.69,16.62,4.81,0.19,-0.19,-0.55,1426.19,134.0,71.19,0.0,170.0,122.0
1774642301447910166,194259,10.468,1.6,10.712,-334.2,5.1,0.02,-79.69,16.69,4.88,0.37,0.12,-0.21,1166.03,134.0,75.97,0.0,170.0,122.0
1774642301546258197,194359,10.376,2.3,11.004,-287.4,2.97,0.0,-79.69,16.75,4.94,0.13,0.17,-0.39,113.88,130.0,73.03,0.0,170.0,122.0
1774642301648639857,194459,9.908,-0.1,10.996,-256.0,4.53,-0.02,-79.62,16.87,5.06,0.06,-0.05,-0.21,3350.6,133.0,64.56,0.0,170.0,122.0
1774642301746957611,194560,10.972,1.9,10.784,-356.5,5.27,-0.04,-79.5,17.25,5.19,-0.04,-0.01,-0.14,121.25,133.0,53.89,0.0,170.0,122.0
1774642301849341974,194660,10.528,1.3,10.384,-366.0,5.59,0.04,-79.44,17.44,5.25,-0.4,-0.35,-0.37,7228.72,135.0,52.91,0.0,170.0,122.0
1774642301951736170,194760,10.924,2.2,10.832,-344.9,5.59,-0.08,-79.25,17.44,5.19,0.18,0.48,-0.52,8297.17,132.0,55.87,0.0,170.0,122.0
