timestamp_ns,time_ms,voltage_left,current_left_ma,voltage_right,current_right_ma,motor_current_left,motor_current_right,euler_x,euler_y,euler_z,acc_lin_x,acc_lin_y,acc_lin_z,sonar_mm,tof_mm,rpm_left,rpm_right,rotations_left,rotations_right
1774554000658352415,177292,9.344,1.9,10.824,-1.0,0.1,-0.12,0.0,0.0,0.0,0.0,0.0,,,,,,,
1774554001523512802,9668,9.172,1.3,10.828,-0.9,0.14,-0.1,-0.06,5.94,7.75,-0.06,0.03,-0.37,173.04,182.0,0.0,0.0,0.0,
1774554001625899034,10603,10.728,161.9,9.3,-1.1,2.34,2.44,-1.63,0.37,9.56,-0.05,-0.03,-0.26,158.98,183.0,0.27,47.19,0.0,0.0
1774554001724182090,10703,10.02,0.0,10.448,-333.9,2.29,2.64,-1.5,0.37,9.5,-0.6,0.0,0.56,165.15,200.0,109.47,55.58,0.0,0.0
1774554001847182616,10803,9.764,0.0,10.196,-345.4,3.11,2.42,-0.19,1.5,9.06,0.77,0.04,-0.04,173.22,189.0,134.04,50.69,0.0,0.0
1774554001949471174,10903,9.156,173.5,10.536,0.0,2.46,3.3,1.88,1.31,8.63,-0.35,0.38,-0.17,11746.72,175.0,133.24,42.6,0.0,0.0
1774554002047822138,11027,10.516,178.4,10.188,0.0,2.99,2.66,4.63,1.69,8.56,0.19,0.11,-0.5,166.53,175.0,128.88,39.52,0.0,0.0
1774554002146084487,11127,10.48,197.9,10.052,-429.6,2.95,2.71,7.06,1.63,8.69,-0.02,-0.26,-0.59,154.01,166.0,130.28,38.13,0.0,0.0
1774554002268998545,11227,10.28,183.6,10.116,0.0,3.24,3.16,8.69,1.63,8.88,-0.38,0.01,-0.62,11759.58,165.0,129.77,33.68,0.0,0.0
1774554002371340325,11348,9.428,178.2,10.38,0.0,3.67,4.41,9.81,2.06,9.0,0.22,0.11,-1.02,181.45,165.0,127.24,29.94,0.0,0.0
1774554002469703125,11448,9.896,0.0,10.18,-394.9,3.52,3.71,10.13,2.69,8.88,-0.06,0.46,-0.55,176.13,165.0,131.52,29.67,0.0,0.0
1774554002572097464,11548,10.472,142.8,10.548,-405.1,3.48,3.05,10.31,3.25,8.75,-0.08,0.0,0.18,153.49,165.0,129.41,30.14,2.0,0.0
1774554002670434041,11649,9.508,146.9,10.232,-365.9,2.81,2.83,10.13,3.38,8.81,-0.28,-0.02,-0.61,183.85,167.0,131.07,31.78,2.0,0.0
1774554002831153275,11749,9.148,138.0,10.436,-400.2,5.06,2.85,9.75,3.63,8.75,-0.04,0.07,-0.41,11763.7,179.0,127.05,33.88,2.0,0.0
1774554002891602021,11869,9.98,172.3,9.68,-466.0,3.03,3.28,9.38,4.19,8.56,0.08,0.3,-0.27,193.97,169.0,127.1,34.95,2.0,0.0
1774554003014471609,11969,9.588,152.9,9.888,-421.4,4.02,3.24,9.38,4.69,8.5,0.45,0.29,-0.41,11761.47,152.0,127.05,32.88,2.0,0.0
1774554003135163738,12091,10.016,0.0,10.396,-489.1,3.77,3.91,9.38,4.75,8.5,-0.09,0.19,-0.51,11765.24,152.0,124.83,33.98,2.0,0.0
1774554003227463176,12205,9.912,150.8,10.228,0.0,4.0,3.2,9.31,4.75,8.44,-0.45,0.55,0.26,7327.85,164.0,125.85,31.69,2.0,0.0
1774554003350378810,12304,10.316,0.0,10.464,-434.2,3.63,3.18,9.0,5.0,8.44,-0.25,-0.25,-0.56,11759.24,168.0,131.94,27.85,2.0,0.0
1774554003469092896,12428,10.02,190.2,10.412,-272.6,1.99,4.14,8.69,5.44,8.31,-0.03,0.04,-0.15,11754.61,169.0,134.86,30.12,4.0,0.0
1774554003583805707,12548,10.5,231.2,10.46,-458.3,3.85,4.47,8.38,5.56,8.19,-0.09,0.05,-0.08,11761.13,169.0,127.78,29.55,4.0,0.0
1774554003686238119,12662,9.916,173.1,10.332,0.0,3.52,3.32,8.06,5.69,8.25,-0.05,0.45,-0.37,7899.12,169.0,123.33,28.92,4.0,0.0
1774554003784540321,12762,9.952,183.9,10.38,-419.8,4.34,4.16,7.88,5.88,8.31,-0.38,-0.38,0.22,187.96,169.0,121.04,35.09,4.0,2.0
1774554003892923975,12862,10.36,183.8,10.54,-349.7,2.87,3.79,7.75,6.44,8.25,0.27,0.18,-0.25,195.17,172.0,130.64,27.54,4.0,2.0
1774554003985254118,12962,10.288,153.4,10.324,-412.8,3.89,3.38,7.56,6.69,8.19,-0.49,0.53,-0.22,173.73,173.0,131.84,42.53,4.0,2.0
1774554004083584054,13062,10.404,133.0,9.892,-475.0,3.61,3.05,7.5,6.88,8.25,0.78,0.5,-1.13,169.79,173.0,122.65,38.44,4.0,2.0
1774554004185981237,13162,9.684,146.9,9.968,-457.4,3.55,3.38,7.38,7.19,8.38,-0.3,-0.25,-0.31,158.81,163.0,121.54,34.95,4.0,2.0
1774554004284332126,13262,10.132,178.9,9.868,-346.9,2.4,4.38,7.31,7.56,8.44,-0.57,-0.22,-0.65,162.41,163.0,126.31,33.14,4.0,2.0
1774554004386711789,13363,10.44,178.5,10.36,-311.0,2.38,3.65,6.94,7.63,8.25,-0.12,0.36,-0.66,165.67,159.0,138.5,36.2,4.0,2.0
1774554004484950263,13463,9.892,161.5,10.228,-411.8,3.67,2.99,6.69,7.56,8.13,0.2,0.79,-0.64,158.12,171.0,128.83,35.37,6.0,2.0
1774554004587392356,13563,10.112,0.0,9.868,-499.3,3.87,2.79,6.63,7.56,8.19,-0.41,0.12,1.57,155.38,171.0,120.93,35.83,6.0,2.0
1774554004843174957,13664,10.08,0.0,10.272,-494.8,4.69,2.58,6.38,7.88,8.31,-0.03,-0.52,0.49,166.87,166.0,122.34,40.51,6.0,2.0
1774554004886449555,13763,9.564,217.4,9.496,-370.0,3.28,4.02,6.13,8.19,8.31,0.05,0.01,-0.22,164.98,158.0,129.68,32.0,6.0,2.0
1774554004899995108,13863,10.472,196.8,9.152,-418.7,3.93,4.0,5.94,8.19,8.19,-0.56,0.28,-0.45,164.81,158.0,131.68,34.94,6.0,2.0
1774554004988829904,13964,10.032,160.5,9.88,-479.3,4.67,2.95,5.81,8.06,8.19,0.13,0.0,-0.55,172.53,178.0,123.92,34.95,6.0,2.0
1774554005087132668,14064,9.892,185.2,10.368,-534.8,4.34,3.71,5.69,8.06,8.31,-0.47,-0.25,-0.24,163.78,178.0,117.89,32.8,6.0,2.0
1774554005185408717,14163,10.32,215.3,10.048,-474.6,3.91,3.89,5.5,8.31,8.56,-0.36,-0.31,-0.52,164.81,177.0,121.54,33.36,6.0,2.0
1774554005287844529,14263,10.036,236.2,10.18,-294.7,2.21,4.69,5.31,8.5,8.56,0.36,0.17,-0.8,169.27,184.0,135.24,22.96,6.0,2.0
1774554005386143173,14363,9.952,244.0,10.512,-376.6,3.05,5.57,5.19,8.5,8.44,-0.23,0.33,-0.46,160.52,184.0,131.18,21.27,8.0,2.0
1774554005484399980,14462,9.412,273.4,10.408,-477.8,4.67,4.79,5.13,8.44,8.44,-0.05,0.58,-0.49,161.38,176.0,119.16,25.42,8.0,2.0
1774554005586815272,14562,10.328,245.1,10.1,-516.9,5.41,5.23,5.06,8.5,8.5,-0.26,-0.11,-0.65,153.32,161.0,116.32,27.78,8.0,2.0
1774554005685161160,14662,10.528,199.6,9.68,-345.5,3.54,3.96,4.94,8.94,8.63,-0.04,0.06,-0.45,156.41,161.0,122.32,30.14,8.0,2.0
1774554005823182210,14763,10.12,212.6,10.568,-255.9,1.97,4.26,4.81,9.13,8.5,0.2,0.19,0.09,154.18,169.0,135.84,28.6,8.0,2.0
1774554005885876040,14863,9.444,235.2,9.88,-427.5,3.73,3.91,4.69,9.13,8.44,0.18,1.24,-0.66,163.27,166.0,124.69,32.39,8.0,2.0
1774554005988230957,14963,9.58,171.9,10.296,-586.0,4.1,3.96,4.63,9.31,8.63,-0.26,0.22,-0.45,146.12,166.0,119.37,40.71,8.0,2.0
1774554006086592743,15063,10.352,153.2,10.364,-572.8,6.02,3.07,4.69,9.88,8.94,-0.09,-0.17,-1.26,150.41,167.0,113.6,52.43,8.0,2.0
1774554006188983568,15163,10.272,169.2,10.172,-374.4,2.83,3.83,4.88,10.13,8.94,-0.73,-0.69,1.23,159.5,167.0,123.33,37.42,8.0,2.0
1774554006287295897,15263,8.904,195.6,10.176,-387.0,3.01,3.57,4.63,10.19,8.81,0.24,0.45,-0.7,4402.75,167.0,129.11,36.49,8.0,2.0
1774554006385566056,15363,9.772,158.3,9.996,-583.0,4.98,3.3,4.56,10.13,8.75,-0.23,0.41,-1.09,137.71,171.0,122.67,39.5,10.0,2.0
1774554006487967400,15462,10.384,163.9,10.356,-534.2,5.7,3.07,4.56,10.31,8.94,-0.06,0.34,-0.27,158.81,171.0,115.89,40.74,10.0,2.0
1774554006586308046,15562,9.62,149.4,9.52,-545.0,6.05,3.07,4.75,10.44,9.06,-0.86,-1.21,-0.37,5752.11,167.0,112.47,40.3,10.0,2.0
1774554006684619782,15662,9.98,161.2,10.396,-481.4,4.18,3.24,4.63,10.56,8.94,-0.36,-0.08,-0.69,5658.64,165.0,124.18,34.87,10.0,2.0
1774554006787022293,15761,9.868,179.1,10.196,-382.6,3.83,3.3,4.38,10.63,8.81,0.0,0.36,-0.69,170.99,165.0,129.11,37.89,10.0,2.0
1774554006885330622,15861,9.612,210.1,10.396,-450.0,4.82,2.87,4.25,10.63,8.75,-0.41,0.44,0.28,175.62,168.0,123.13,38.13,10.0,2.0
1774554007019172306,15961,9.964,180.7,10.124,-533.7,5.33,3.61,4.31,10.63,8.94,-0.21,-0.39,-0.48,166.53,169.0,114.82,39.98,10.0,2.0
1774554007086048157,16061,10.056,0.0,10.132,-619.9,4.57,4.26,4.56,10.75,8.94,-0.12,1.11,-1.1,2071.38,169.0,111.21,38.92,10.0,2.0
1774554007194361725,16161,9.528,280.0,10.084,-452.4,3.67,5.12,4.56,10.88,9.0,-0.29,-0.14,0.13,5631.72,167.0,124.33,26.31,10.0,4.0
1774554007286752531,16262,9.316,342.6,10.2,-361.0,3.5,5.72,4.38,10.94,8.94,-0.1,0.1,-1.04,154.35,166.0,132.5,23.53,10.0,4.0
1774554007409558598,16362,9.468,231.8,9.688,-533.7,5.72,4.61,4.31,10.88,8.88,0.4,0.3,-1.77,11791.83,156.0,115.41,23.78,12.0,4.0
1774554007512006554,16486,10.252,0.0,9.976,-745.1,5.02,4.84,4.38,10.94,9.06,-0.39,-0.54,-0.08,161.72,156.0,105.26,33.33,12.0,4.0
1774554007610312142,16586,8.744,221.2,10.212,-547.0,5.76,4.79,4.63,11.13,9.13,-0.87,0.13,-0.28,180.42,154.0,108.04,28.6,12.0,4.0
1774554007712747559,16687,8.684,250.1,10.032,0.0,3.03,4.73,4.5,11.31,9.13,0.13,-0.31,-0.37,173.39,154.0,124.98,32.8,12.0,4.0
1774554007811055832,16787,9.94,206.3,9.452,-390.1,3.79,4.1,4.44,11.38,9.0,0.08,0.19,0.13,157.61,160.0,128.69,33.36,12.0,4.0
1774554007943172722,16887,8.664,209.0,10.388,-699.1,5.68,3.69,4.44,11.5,9.06,0.18,-0.01,0.39,2648.47,161.0,114.96,36.61,12.0,4.0
1774554008011785186,16987,8.824,207.0,10.04,-737.9,5.04,4.45,4.69,11.63,9.19,-0.72,-0.69,0.22,149.21,161.0,104.46,33.04,12.0,4.0
1774554008110096756,17087,8.976,195.7,10.236,-675.3,5.45,3.3,5.19,11.56,9.06,-0.63,0.34,-0.84,2547.12,154.0,109.26,39.67,12.0,4.0
1774554008212490539,17186,10.464,223.1,10.248,-427.9,4.0,4.88,5.31,11.75,9.0,-0.78,-0.18,0.37,4795.31,155.0,122.95,38.0,12.0,4.0
1774554008310787905,17286,9.376,173.3,10.308,-408.8,3.85,4.18,5.13,11.81,8.94,-0.68,0.17,0.44,170.13,155.0,126.31,30.62,12.0,4.0
1774554008409046267,17385,9.708,175.9,10.38,-657.1,4.32,2.99,4.94,11.81,8.88,-0.39,0.44,0.47,6314.97,163.0,115.63,43.29,14.0,4.0
1774554008511448403,17485,9.612,145.9,10.084,-598.4,5.68,3.73,5.25,11.63,8.94,0.22,-0.3,-0.36,5200.91,163.0,111.0,39.23,14.0,4.0
1774554008609761880,17586,10.424,154.5,10.28,-616.6,4.47,4.08,5.69,11.38,8.81,0.03,1.03,-0.69,211.63,156.0,111.9,34.35,14.0,4.0
1774554008712251596,17686,10.168,179.5,10.2,-527.5,4.41,3.83,5.88,11.5,8.69,-0.52,0.02,-0.28,1416.59,146.0,118.51,29.63,14.0,4.0
1774554008810496254,17786,9.092,205.8,9.792,-573.0,4.16,4.28,5.63,11.69,8.69,1.11,0.17,-0.73,2290.9,146.0,115.36,37.89,14.0,4.0
1774554008912884981,17886,9.86,191.5,10.032,-576.2,5.12,2.93,5.63,11.63,8.63,-0.03,0.72,-0.07,6890.53,145.0,119.03,35.45,14.0,4.0
1774554009011217828,17986,10.332,149.6,10.308,-501.2,5.06,3.44,5.88,11.38,8.69,-0.16,-0.05,0.15,1899.19,158.0,115.04,33.21,14.0,4.0
1774554009109517342,18085,9.84,232.5,10.172,-564.4,4.24,5.0,6.31,11.0,8.44,-0.86,0.41,0.6,1983.91,158.0,117.15,35.7,14.0,4.0
1774554009243167296,18185,10.092,210.6,9.684,-478.2,3.95,4.47,6.63,11.06,8.38,-0.06,-0.14,-0.46,2340.46,149.0,121.19,25.18,14.0,4.0
1774554009310240603,18285,9.548,231.5,10.516,-390.8,3.28,5.29,6.5,11.31,8.38,-0.01,0.24,-0.01,6694.85,153.0,131.94,21.88,16.0,4.0
1774554009412631552,18384,9.132,213.2,9.796,-525.8,4.88,3.98,6.31,11.31,8.38,0.25,0.43,0.05,150.58,153.0,120.07,24.95,16.0,4.0
1774554009510907139,18485,9.764,263.1,10.168,-608.7,4.98,5.0,6.44,11.13,8.44,-0.36,0.21,-0.37,1644.34,145.0,116.42,27.09,16.0,4.0
1774554009613327237,18585,9.036,188.7,9.772,-498.9,5.02,3.98,7.0,10.88,8.31,-0.7,0.73,-0.43,161.04,145.0,116.52,28.39,16.0,4.0
1774554009711655049,18685,9.984,218.7,9.668,-467.2,4.12,4.12,7.25,11.06,8.25,-0.09,-0.43,-0.32,2453.65,152.0,123.83,26.89,16.0,4.0
1774554009809962342,18785,10.168,251.4,9.304,-339.6,2.73,4.73,7.25,11.38,8.25,-0.08,0.08,-0.21,141.66,152.0,131.2,23.5,16.0,4.0
1774554009912358772,18885,10.296,210.0,10.36,-570.4,4.18,3.67,7.19,11.56,8.31,0.13,0.37,0.74,145.26,152.0,122.32,30.14,16.0,4.0
1774554010010655766,18985,10.016,202.9,10.012,-656.3,6.0,2.95,7.25,11.5,8.38,0.58,0.58,-0.03,160.01,152.0,116.77,38.13,16.0,4.0
1774554010113082048,19085,9.76,155.3,10.264,-631.6,4.32,3.09,7.56,11.38,8.25,1.03,-0.36,-2.2,144.06,152.0,113.18,37.12,16.0,4.0
1774554010211384953,19185,10.256,193.9,10.456,-432.0,3.22,3.75,7.81,11.44,8.13,-0.14,0.05,-0.01,171.67,156.0,123.13,33.36,16.0,4.0
1774554010313799346,19286,10.292,178.8,10.064,-379.8,3.42,3.48,7.69,11.63,8.0,0.06,-0.11,-0.18,131.2,147.0,129.22,33.35,18.0,4.0
1774554010412053247,19386,10.024,157.2,10.448,-559.7,4.94,3.55,7.38,11.75,8.0,0.31,0.35,-0.2,4527.43,158.0,122.66,34.48,18.0,4.0
1774554010514467141,19486,9.792,159.8,10.384,-695.6,6.0,3.44,7.44,11.5,7.94,0.03,-0.28,-0.33,146.46,158.0,108.08,31.42,18.0,4.0
1774554010612805918,19586,9.784,152.6,10.28,-754.6,5.04,3.2,7.94,11.19,7.75,-0.52,-0.14,-1.03,138.74,156.0,106.45,31.78,18.0,4.0
1774554010959179039,19686,9.804,213.7,9.972,-605.0,4.65,3.57,8.31,11.19,7.56,-0.46,-0.08,-0.05,164.98,156.0,116.8,30.78,18.0,4.0
1774554011014226786,19786,9.804,0.0,10.076,-441.0,3.46,3.57,8.13,11.38,7.56,-0.28,0.17,-0.05,2076.18,155.0,124.88,29.26,18.0,4.0
1774554011026937325,19886,10.128,188.7,9.988,-513.0,4.55,4.08,7.88,11.56,7.56,-0.04,0.61,-0.9,176.65,158.0,122.05,30.28,18.0,6.0
1774554011039410422,19986,10.144,144.6,10.14,-646.4,6.52,2.95,7.69,11.44,7.63,0.73,0.43,-0.85,1407.33,158.0,106.49,33.02,18.0,6.0
1774554011112470207,20086,10.136,157.6,10.348,-663.2,5.33,2.99,8.06,11.06,7.5,-0.94,-0.45,0.52,6038.86,157.0,107.46,33.3,18.0,6.0
1774554011214903564,20187,10.048,201.7,10.1,-522.0,3.61,4.06,8.44,10.94,7.38,0.5,-0.3,-0.63,1692.88,149.0,121.12,26.53,18.0,6.0
1774554011317344550,20287,10.236,225.3,9.94,-395.3,3.96,4.9,8.44,11.19,7.31,-0.18,0.29,-0.59,2009.47,149.0,122.4,19.97,18.0,6.0
1774554011415617881,20388,9.828,217.1,9.864,-423.8,4.71,4.96,8.25,11.44,7.38,0.79,0.79,-0.1,142.35,157.0,123.68,18.42,20.0,6.0
1774554011513909860,20488,10.196,259.0,9.504,-590.1,4.59,5.1,8.13,11.38,7.44,0.86,0.89,-0.78,164.98,157.0,115.89,28.07,20.0,6.0
1774554011616358773,20588,9.396,258.3,10.18,-626.4,5.86,5.06,8.5,11.0,7.38,-1.26,0.49,-1.2,6069.73,155.0,112.87,23.89,20.0,6.0
1774554011714661217,20687,10.24,227.1,9.76,-455.2,3.42,5.02,8.75,11.06,7.38,-0.51,-0.26,-0.02,186.94,163.0,118.65,21.69,20.0,6.0
1774554011817068386,20787,10.24,283.2,10.212,-468.8,3.55,4.92,8.75,11.31,7.31,-0.11,0.15,-0.14,1595.64,163.0,124.22,20.01,20.0,6.0
1774554011915376811,20887,10.076,232.7,9.752,-520.9,4.67,4.47,8.75,11.5,7.44,0.59,1.03,-0.48,150.58,166.0,123.73,17.18,20.0,6.0
1774554012013677099,20987,10.016,186.7,10.384,-571.2,5.7,3.61,8.63,11.56,7.44,-0.6,-0.05,-0.76,178.36,157.0,114.52,25.26,20.0,6.0
1774554012116060860,21087,10.384,156.7,10.256,-661.4,4.92,3.18,8.88,11.44,7.44,-1.18,0.18,-0.38,2290.21,157.0,110.42,29.39,20.0,6.0
1774554012214394826,21187,10.36,189.1,9.84,-432.3,3.87,3.79,9.19,11.5,7.31,-0.1,-0.03,-0.41,153.84,162.0,116.11,30.14,20.0,6.0
1774554012316806903,21287,10.044,220.1,9.948,-461.6,3.48,3.57,9.06,11.75,7.25,-0.78,0.65,0.13,149.89,153.0,123.33,27.22,20.0,6.0
1774554012415124312,21387,10.032,189.1,9.74,-368.7,4.06,3.42,9.0,11.94,7.25,-0.24,0.3,-0.76,137.2,153.0,126.76,26.26,22.0,6.0
1774554012513371957,21486,9.072,134.0,10.408,-659.8,4.55,3.18,8.81,12.0,7.31,-0.1,0.07,-0.42,150.75,156.0,117.57,34.16,22.0,6.0
1774554012615812296,21586,10.388,220.9,10.06,-733.8,4.9,4.28,9.0,11.81,7.25,-1.43,0.29,-0.37,141.32,156.0,110.18,30.46,22.0,6.0
1774554012714119352,21686,9.532,188.3,10.28,-569.6,5.06,4.63,9.19,11.75,7.19,0.14,-0.24,-1.33,142.86,153.0,114.68,29.67,22.0,6.0
1774554012816518484,21786,9.848,175.2,10.216,-533.2,3.67,3.36,9.13,11.88,7.0,0.44,0.09,-0.47,147.49,172.0,119.22,29.18,22.0,6.0
1774554012914797428,21886,10.368,179.3,9.168,-484.7,3.42,3.73,9.06,12.06,7.0,-0.55,-0.04,-0.8,136.69,172.0,125.41,43.89,22.0,6.0
1774554013175198363,21986,10.42,133.0,9.56,-524.8,4.3,3.07,8.81,12.13,7.06,0.58,0.99,-1.65,168.41,159.0,118.69,43.31,22.0,6.0
1774554013213854359,22086,9.988,140.4,9.288,-561.1,5.92,3.26,9.06,11.81,7.0,0.16,-0.23,-0.02,151.26,154.0,111.72,35.02,22.0,6.0
1774554013226325906,22185,10.012,176.1,10.04,-614.4,4.12,3.22,9.19,11.75,6.94,0.0,0.68,-1.21,151.26,154.0,111.97,40.31,22.0,6.0
1774554013312089265,22285,10.492,207.7,10.46,-427.6,4.38,4.2,9.06,11.88,6.81,-0.15,0.4,0.13,146.98,161.0,123.07,34.01,22.0,6.0
1774554013414548790,22385,10.248,0.0,9.888,-405.3,3.52,3.81,9.0,12.0,6.75,0.02,0.01,-0.99,136.86,152.0,124.62,23.58,24.0,6.0
1774554013516926940,22486,9.272,162.6,10.08,-680.7,5.76,3.65,8.81,12.0,6.81,0.54,1.13,-1.42,145.6,152.0,110.8,32.8,24.0,6.0
1774554013615284169,22586,9.444,191.5,10.328,-709.1,5.16,3.59,9.13,11.75,6.81,0.21,-0.46,-0.2,151.26,159.0,109.62,30.98,24.0,6.0
1774554013717677060,22686,9.58,206.4,9.98,-561.6,4.9,4.02,9.31,11.69,6.75,-0.83,-0.29,-0.24,139.43,159.0,109.91,28.36,24.0,6.0
1774554013815977489,22787,10.256,177.3,10.236,-479.9,4.53,3.79,9.19,11.88,6.75,0.5,0.02,0.32,138.23,149.0,123.13,27.01,24.0,6.0
1774554013918373436,22887,10.252,199.3,9.812,-481.4,3.93,4.36,9.06,12.0,6.75,-0.36,0.37,-0.92,136.17,161.0,122.56,22.51,24.0,6.0
1774554014051166573,22987,10.088,217.6,9.772,-593.9,6.35,4.06,9.0,12.06,6.81,0.01,0.44,-0.24,148.0,161.0,112.87,27.77,24.0,6.0
1774554014114984642,23087,9.884,197.5,9.072,-666.1,6.88,4.16,9.25,11.88,6.81,0.67,0.68,0.33,147.49,157.0,102.65,34.48,24.0,6.0
1774554014217405017,23187,9.992,143.3,10.2,-705.3,6.19,2.99,9.63,11.88,6.75,-1.04,0.02,0.1,155.72,157.0,104.21,31.68,24.0,6.0
1774554014315671725,23287,10.096,156.4,10.372,-450.6,4.84,3.52,9.75,12.06,6.69,-0.25,0.69,-0.41,155.21,157.0,117.35,37.62,24.0,6.0
1774554014418061098,23388,10.252,198.7,10.0,-497.3,4.53,4.3,9.81,12.31,6.63,0.33,0.41,-0.96,5259.56,160.0,121.08,27.66,26.0,6.0
1774554014516435201,23487,9.82,166.6,10.196,0.0,4.39,2.75,9.81,12.44,6.75,0.18,0.56,-0.19,4543.55,153.0,114.9,40.35,26.0,6.0
1774554014618808758,23587,10.072,140.3,9.936,-685.4,5.2,3.65,9.94,12.31,6.69,-0.67,-0.25,-1.31,171.84,153.0,108.97,32.2,26.0,6.0
1774554014717117950,23688,10.108,163.0,9.756,-578.7,5.9,3.01,10.31,12.13,6.63,-0.55,-0.16,-0.02,4444.94,151.0,111.63,31.9,26.0,6.0
1774554014819501285,23787,10.08,182.5,9.896,-499.8,5.08,3.57,10.38,12.19,6.56,-0.08,0.11,-0.16,1456.21,160.0,118.7,26.38,26.0,6.0
1774554014917828163,23887,10.252,178.9,10.428,-397.1,3.36,3.55,10.25,12.31,6.5,-0.08,0.4,-0.05,3572.0,160.0,124.72,26.21,26.0,8.0
1774554015016135828,23987,8.816,154.0,10.292,-709.0,4.69,4.06,10.13,12.5,6.5,-0.28,0.46,-0.01,5516.81,156.0,114.18,28.54,26.0,8.0
1774554015118591503,24087,8.768,148.8,10.312,-602.2,6.11,3.63,10.31,12.38,6.5,-0.01,0.25,-0.97,138.74,156.0,108.65,31.24,26.0,8.0
1774554015216844120,24187,9.824,133.1,10.228,-724.2,4.96,3.4,10.56,12.19,6.44,-0.18,0.28,-0.51,5254.59,149.0,110.02,34.42,26.0,8.0
1774554015319244291,24288,9.828,209.0,9.8,-616.9,4.88,4.61,10.63,12.19,6.38,0.24,0.04,0.23,142.86,152.0,118.37,25.63,26.0,8.0
1774554015417549338,24388,10.316,200.8,10.36,-446.7,4.69,3.55,10.44,12.25,6.31,0.33,0.29,-0.36,154.52,152.0,121.04,24.56,26.0,8.0
1774554015519951676,24488,10.404,0.0,10.364,-483.6,4.9,3.89,10.31,12.38,6.31,0.18,0.51,-0.99,148.18,150.0,122.7,24.86,28.0,8.0
1774554015618269760,24588,8.532,0.0,10.156,-668.1,6.45,3.63,10.5,12.25,6.38,-0.38,-0.05,-0.09,138.06,145.0,113.97,24.67,28.0,8.0
1774554015720686858,24688,10.068,204.1,10.112,-651.6,6.7,3.91,10.88,12.0,6.31,0.44,-0.24,-1.25,156.58,145.0,105.48,22.16,28.0,8.0
1774554015818991997,24788,10.404,178.6,9.876,-536.9,4.94,3.69,11.0,12.06,6.25,-0.27,0.07,-0.05,151.26,151.0,115.19,23.83,28.0,8.0
1774554015917259319,24888,10.16,193.7,10.4,-544.6,3.59,4.53,10.81,12.13,6.25,0.01,0.41,-0.56,145.43,145.0,121.15,20.62,28.0,8.0
1774554016019689631,24988,10.292,208.5,10.092,0.0,3.85,4.22,10.63,12.25,6.25,0.15,0.73,-0.56,138.06,145.0,120.55,18.61,28.0,8.0
1774554016117997885,25088,10.032,200.6,9.668,0.0,5.49,5.16,10.63,12.13,6.25,-0.17,0.05,-0.3,3277.36,147.0,111.37,27.16,28.0,8.0
1774554016363173622,25188,10.184,225.8,9.588,-757.4,6.45,4.34,11.06,11.94,6.19,-0.49,-0.28,-0.18,152.98,147.0,107.78,34.8,28.0,8.0
1774554016421106021,25288,9.3,221.1,10.288,-497.4,4.2,4.75,11.25,12.13,6.19,-0.56,-0.09,0.02,152.81,149.0,112.8,26.21,28.0,8.0
1774554016429512483,25389,10.04,218.2,10.208,-465.3,4.22,4.38,11.13,12.31,6.19,0.1,0.25,-0.76,176.65,151.0,124.22,21.68,28.0,8.0
1774554016519396904,25489,10.2,180.3,10.116,-535.9,3.75,3.91,10.94,12.5,6.19,0.29,0.82,-0.8,139.94,151.0,125.85,31.69,30.0,8.0
1774554016627774648,25588,9.472,155.2,9.836,-571.6,5.94,3.42,11.13,12.5,6.31,0.4,-0.2,-1.65,134.46,146.0,110.42,30.98,30.0,8.0
1774554016720125443,25689,10.12,135.9,10.324,-831.7,6.19,3.98,11.63,12.31,6.31,-1.21,-0.35,-0.06,137.37,144.0,107.78,32.0,30.0,8.0
1774554016818402417,25789,9.884,0.0,10.1,-595.8,6.13,4.79,12.06,12.19,6.19,0.22,-0.91,-0.56,155.21,144.0,107.5,29.56,30.0,8.0
1774554016926779310,25888,8.68,192.5,10.348,-549.7,4.1,3.83,12.06,12.38,6.13,0.61,0.06,-0.42,150.41,151.0,114.11,27.54,30.0,8.0
1774554017019136873,25988,9.976,231.8,9.724,-414.2,4.24,4.69,11.94,12.5,6.13,-0.6,0.3,-0.76,165.67,151.0,122.72,25.08,30.0,8.0
1774554017121508120,26088,10.236,121.9,10.328,-552.3,4.39,3.87,11.81,12.5,6.06,0.24,0.29,-0.65,160.18,161.0,114.11,36.99,30.0,8.0
1774554017219848806,26188,9.7,0.0,10.204,-648.5,4.92,2.99,12.19,12.19,6.0,0.38,-0.11,-0.44,152.98,153.0,110.31,38.73,30.0,8.0
1774554017318157194,26288,10.124,160.1,9.736,-704.3,5.39,3.93,12.56,12.0,5.88,-0.08,-0.08,-0.89,155.72,153.0,109.56,35.31,30.0,8.0
1774554017420563276,26387,10.056,170.0,9.96,-423.1,4.43,4.53,12.38,12.19,5.88,-0.12,0.19,-0.11,149.38,157.0,118.04,29.12,30.0,8.0
1774554017518819569,26487,10.4,196.7,10.48,-419.2,3.61,5.12,12.06,12.31,5.81,0.15,0.45,-0.52,132.74,164.0,128.43,30.62,32.0,8.0
1774554017617164181,26587,10.308,0.0,10.056,-612.0,6.58,2.48,11.88,12.25,5.75,0.74,1.54,-0.71,137.03,164.0,112.58,37.53,32.0,8.0
1774554017719575763,26686,9.488,169.1,10.148,-853.4,5.68,3.93,12.25,11.94,5.81,-0.95,-0.52,-1.17,146.46,154.0,102.48,34.16,32.0,8.0
1774554017817889392,26786,9.92,183.5,10.048,-773.3,6.29,3.44,12.69,11.75,5.69,-1.02,-0.63,0.14,140.8,175.0,101.22,28.07,32.0,8.0
1774554017916184409,26886,10.156,190.2,10.408,-464.4,3.89,3.63,12.75,11.88,5.69,-0.2,-0.04,-0.34,140.29,175.0,115.89,28.07,32.0,8.0
1774554018018587686,26985,10.3,190.6,9.792,-444.8,3.75,4.61,12.5,12.0,5.69,-0.04,0.15,-0.6,129.14,161.0,122.77,26.76,32.0,8.0
1774554018263177058,27085,9.952,187.9,9.864,-609.8,6.15,4.41,12.31,12.06,5.69,0.36,0.8,-0.52,128.63,167.0,119.08,24.67,32.0,8.0
1774554018317622056,27186,9.784,191.9,10.212,-633.8,6.74,3.71,12.56,11.75,5.75,-0.39,0.05,-0.49,133.94,167.0,104.81,28.67,32.0,8.0
1774554018326009193,27285,8.788,183.4,10.292,-653.9,6.17,3.85,13.13,11.5,5.69,0.04,0.06,-0.89,130.34,170.0,103.09,26.76,32.0,8.0
1774554018415895353,27384,9.332,173.1,9.208,-525.5,5.55,3.71,13.38,11.63,5.63,-0.39,0.31,-0.19,135.14,170.0,107.5,28.67,32.0,8.0
1774554018518267751,27485,9.192,195.3,10.412,-538.3,4.18,4.06,13.56,11.88,5.5,0.0,0.19,-0.28,130.34,173.0,121.54,23.83,32.0,8.0
1774554018616605849,27585,9.932,187.5,10.012,-507.9,3.89,4.63,13.5,12.13,5.56,-0.1,0.3,0.34,129.65,180.0,122.56,25.01,34.0,8.0
1774554018719035546,27685,10.084,136.3,10.144,-600.9,6.41,3.57,13.38,12.19,5.63,0.37,-0.21,-0.59,145.6,180.0,111.08,35.83,34.0,8.0
1774554018817353531,27786,9.48,220.7,10.172,-830.1,7.03,2.79,13.75,12.0,5.56,-0.08,0.22,-1.02,138.23,156.0,104.86,33.36,34.0,8.0
1774554018919738096,27886,10.244,161.3,10.172,-719.5,5.33,3.79,14.0,11.88,5.5,-0.39,0.19,-0.31,146.98,177.0,104.21,30.01,34.0,8.0
1774554019018035091,27986,9.808,193.5,10.304,-459.3,3.54,3.54,13.88,12.06,5.44,-0.2,-0.01,-0.27,137.2,177.0,120.93,28.67,34.0,8.0
1774554019151175504,28086,10.368,213.5,9.072,-431.5,3.11,3.63,13.56,12.19,5.38,-0.03,0.44,-0.4,2446.1,177.0,124.54,28.3,34.0,10.0
1774554019218714389,28187,10.064,141.4,9.58,-667.6,5.64,3.44,13.31,12.19,5.38,0.22,1.06,0.08,4856.88,175.0,113.49,37.34,34.0,10.0
1774554019321125328,28288,9.448,157.4,9.888,-748.6,5.1,3.95,13.75,11.88,5.44,-0.1,-0.2,-0.89,159.84,175.0,105.57,32.68,34.0,10.0
1774554019419474635,28387,9.82,178.8,9.816,-748.2,5.21,3.05,14.06,11.75,5.38,-0.78,-0.89,0.24,166.18,179.0,104.06,34.16,34.0,10.0
1774554019521816497,28487,10.396,167.0,10.412,0.0,4.49,4.45,14.0,11.88,5.25,-0.69,0.22,-0.32,1835.56,179.0,117.4,31.58,34.0,10.0
1774554019620168415,28587,9.82,175.1,9.932,-388.2,3.11,3.93,13.81,12.0,5.25,-0.2,0.09,-0.92,161.72,173.0,126.75,26.59,36.0,10.0
1774554019738947651,28687,9.416,173.3,9.98,-544.3,4.08,2.99,13.5,12.06,5.25,0.32,1.09,-1.14,11350.56,181.0,119.0,34.79,36.0,10.0
1774554019837263345,28805,10.268,167.7,10.176,-664.6,5.57,4.45,13.88,11.63,5.25,0.24,-0.23,-0.9,745.17,181.0,111.66,29.29,36.0,10.0
1774554019939665784,28905,10.372,0.0,10.16,-612.6,4.41,3.98,14.25,11.5,5.19,-0.28,-0.23,-0.58,3800.95,171.0,113.17,29.64,36.0,10.0
1774554020037965699,29005,10.46,175.2,9.948,-361.8,3.38,4.26,14.19,11.69,5.19,0.26,-0.13,0.15,168.93,182.0,123.64,25.58,36.0,10.0
1774554020140381679,29105,10.252,216.6,9.864,-325.9,3.11,4.04,14.0,11.81,5.25,-0.74,0.27,-0.61,146.46,182.0,128.99,24.19,36.0,10.0
1774554020238673599,29205,10.208,163.4,10.032,-567.6,5.18,4.1,13.81,11.88,5.25,0.12,0.6,-0.22,1800.06,169.0,119.05,29.76,36.0,10.0
1774554020341084560,29305,10.304,196.6,9.804,-530.3,5.41,5.31,14.31,11.56,5.31,0.2,0.02,0.6,167.04,182.0,111.96,26.83,36.0,10.0
1774554020439359183,29405,9.92,178.8,10.336,-494.5,5.06,4.18,14.75,11.56,5.25,-0.75,-0.3,-0.55,1013.05,182.0,114.82,29.77,36.0,10.0
1774554020537673567,29505,10.456,187.4,10.176,-413.4,3.52,4.3,14.75,11.88,5.25,0.19,0.15,-0.6,146.98,183.0,123.0,28.89,36.0,10.0
1774554020640110160,29605,9.532,212.9,10.14,-419.8,4.45,3.89,14.69,12.13,5.25,-0.4,0.23,-0.53,146.46,182.0,123.78,31.16,38.0,10.0
1774554020891177981,29705,10.18,140.9,10.12,-738.8,6.84,3.63,14.44,12.31,5.31,0.38,0.64,-0.45,11773.82,173.0,111.61,35.38,38.0,10.0
1774554020910431830,29835,10.052,189.5,10.344,0.0,4.98,3.73,15.0,12.06,5.31,-0.36,0.11,-0.41,1632.51,173.0,109.47,32.28,38.0,10.0
1774554020967766092,29935,10.168,215.0,10.372,-493.7,4.8,3.69,15.38,11.94,5.25,0.17,-0.58,-0.48,3648.66,189.0,114.63,31.13,38.0,10.0
1774554021070193408,30035,9.252,132.7,10.468,-378.4,3.89,3.03,15.19,12.06,5.25,-0.04,0.19,-0.71,1078.73,189.0,122.58,27.71,38.0,10.0
1774554021168494297,30135,9.752,185.7,10.34,-522.5,4.86,3.14,14.94,12.25,5.25,-0.09,0.48,-0.64,162.41,184.0,122.1,25.26,38.0,10.0
1774554021270894187,30235,9.984,120.0,10.352,-648.2,4.69,3.05,15.0,12.25,5.31,0.19,0.46,-1.53,150.41,180.0,110.88,29.18,38.0,10.0
1774554021369192446,30336,9.892,215.3,10.016,-677.0,4.82,3.77,15.56,11.94,5.31,-1.43,-0.27,-0.34,161.04,180.0,109.02,26.59,38.0,10.0
1774554021471571391,30436,9.8,168.9,10.304,-571.9,5.23,3.55,15.94,11.88,5.25,-0.52,0.13,-1.66,179.73,181.0,114.68,30.47,38.0,10.0
1774554021569917134,30536,10.476,139.4,9.9,-429.3,3.67,3.48,15.69,12.0,5.25,-0.2,0.24,-1.07,3243.58,193.0,121.71,22.64,38.0,10.0
1774554021719175084,30637,10.016,164.4,10.256,-393.0,3.96,3.52,15.63,12.06,5.25,-0.4,0.38,-0.63,3382.67,193.0,124.98,20.39,40.0,10.0
1774554021791124290,30737,10.1,125.0,9.244,-602.4,5.7,2.79,15.56,12.13,5.31,-0.14,-0.35,-0.74,11788.91,190.0,112.63,26.28,40.0,10.0
1774554021893505771,30858,9.708,163.2,10.048,-740.7,6.27,3.59,16.5,11.81,5.31,-0.55,-0.46,-0.44,158.64,187.0,110.11,21.05,40.0,10.0
1774554021991786307,30958,9.208,191.1,10.384,-458.0,3.91,4.08,17.0,11.69,5.25,-0.81,-0.53,-0.2,163.27,187.0,114.9,21.05,40.0,10.0
1774554022094210727,31058,10.2,174.9,10.088,-402.6,3.98,5.08,16.94,11.81,5.25,-0.15,0.26,0.04,147.66,183.0,126.31,19.07,40.0,10.0
1774554022192515567,31159,10.128,172.0,8.98,-489.4,3.54,5.08,16.81,11.94,5.25,-0.29,0.5,-0.55,170.13,183.0,126.31,16.47,40.0,10.0
1774554022294935666,31259,9.46,166.5,9.656,-615.6,4.63,4.69,16.94,11.94,5.38,-0.05,0.16,0.0,195.68,198.0,113.05,23.39,40.0,10.0
1774554022393172150,31360,10.092,0.0,10.34,-668.6,4.63,3.46,17.94,11.69,5.31,-3.45,-2.37,2.04,174.76,186.0,113.38,36.68,40.0,10.0
1774554022495590119,31460,10.004,0.0,10.4,-427.1,4.32,3.59,18.5,11.5,5.19,-3.52,-2.0,2.52,169.44,186.0,119.52,47.08,40.0,10.0
1774554022628574117,31560,10.216,190.1,10.212,-486.8,4.06,3.54,18.37,11.75,5.31,0.72,0.03,-0.57,11767.82,199.0,127.02,28.07,42.0,10.0
1774554022720920515,31685,10.252,0.0,10.152,-552.9,4.51,3.22,18.25,12.0,5.38,0.29,0.82,-0.32,179.9,189.0,113.83,31.19,42.0,10.0
1774554022819224559,31784,9.864,149.9,10.268,-638.3,4.88,3.81,18.69,12.0,5.56,0.46,-0.35,-0.89,164.98,189.0,112.87,16.12,42.0,10.0
1774554022955179730,31884,10.332,0.0,10.032,-644.4,5.78,3.5,19.81,11.88,5.56,-1.62,-0.43,0.58,168.93,213.0,112.54,20.24,42.0,10.0
1774554023019952859,31984,0.0,0.0,9.912,-543.1,4.57,2.99,20.19,11.94,5.5,-0.33,1.36,-2.22,193.45,186.0,117.55,30.85,42.0,10.0
1774554023118246242,32084,10.176,128.5,9.892,-416.1,4.26,3.2,20.19,12.13,5.5,-0.28,0.38,-1.07,145.09,186.0,124.98,25.7,42.0,10.0
1774554023220645937,32184,9.976,148.0,9.432,0.0,5.9,3.36,20.12,12.31,5.56,-0.08,0.83,-0.76,162.58,195.0,120.99,25.34,42.0,10.0
1774554023318952005,32284,9.884,155.2,9.768,-623.0,6.15,3.79,20.81,12.31,5.69,0.29,0.02,-0.41,187.28,193.0,108.97,21.46,42.0,12.0
1774554023449996731,32385,9.904,167.9,10.156,-664.5,5.92,4.41,21.94,12.19,5.63,0.09,-0.32,-0.25,11791.31,188.0,113.1,19.93,42.0,12.0
1774554023548289262,32514,10.348,166.7,9.168,0.0,3.71,3.75,22.37,12.25,5.63,0.08,0.12,-0.26,197.4,188.0,123.19,18.71,42.0,12.0
1774554023650737108,32614,9.98,157.2,9.932,-395.0,3.24,2.87,22.19,12.31,5.63,0.01,0.44,-0.67,141.14,198.0,124.72,18.27,44.0,12.0
1774554023769490102,32713,9.896,129.6,10.316,-628.3,5.31,3.11,22.19,12.44,5.75,-0.24,0.78,-0.38,11788.05,203.0,115.59,23.42,44.0,12.0
1774554023867815524,32833,9.664,0.0,9.956,-609.6,5.74,2.77,23.19,12.56,5.75,-0.37,-0.2,-0.41,6208.99,203.0,110.19,21.83,44.0,12.0
1774554023970225108,32932,9.768,137.2,9.88,-585.6,4.63,2.79,24.12,12.31,5.69,-0.3,-0.28,-0.65,166.7,197.0,111.87,27.67,44.0,12.0
1774554024068536792,33032,9.804,137.7,10.044,-543.0,3.65,4.2,24.31,12.38,5.69,-0.09,0.06,-0.47,183.5,197.0,118.24,18.81,44.0,12.0
1774554024191450078,33131,10.364,138.1,10.176,-477.3,4.53,2.7,24.06,12.31,5.69,-0.1,0.53,-0.53,11780.51,200.0,121.25,21.17,44.0,12.0
1774554024289731985,33254,9.876,116.1,10.34,-649.7,5.2,3.55,23.94,12.44,5.75,0.36,0.61,-0.36,154.86,200.0,110.62,24.77,44.0,12.0
1774554024392088331,33354,10.044,132.6,9.936,-659.0,4.39,3.3,24.87,12.5,6.06,-2.78,-1.78,0.83,134.46,200.0,110.52,22.81,44.0,12.0
1774554024490395128,33455,9.604,121.7,10.052,-513.5,5.43,2.91,26.12,12.06,6.0,0.18,1.76,-3.66,164.81,187.0,116.77,32.57,44.0,12.0
1774554024592832960,33555,9.316,123.5,10.376,-524.9,3.5,3.18,26.37,11.94,5.81,0.28,0.29,0.56,1722.55,196.0,120.18,33.68,44.0,12.0
1774554024691139146,33655,9.704,112.8,9.928,-429.3,3.48,2.68,26.31,12.13,5.88,-0.37,0.44,-0.62,146.12,196.0,121.85,21.79,46.0,12.0
1774554024793576348,33755,9.904,125.4,10.136,-588.3,5.78,2.85,26.37,12.19,5.88,-0.31,0.46,-1.01,178.36,192.0,115.19,22.24,46.0,12.0
1774554024891846588,33855,10.368,105.7,10.168,0.0,4.79,3.2,27.19,12.19,6.06,-0.19,0.05,-0.64,139.43,186.0,112.27,19.56,46.0,12.0
1774554025014742218,33955,10.26,139.2,10.216,-657.9,5.43,3.18,28.37,12.0,6.06,-0.29,-0.78,-0.62,11777.42,190.0,116.4,20.31,46.0,12.0
1774554025113042152,34076,10.264,136.7,9.74,-497.8,3.55,3.42,28.62,12.06,6.0,0.45,-0.01,-0.02,6427.48,190.0,125.3,13.03,46.0,12.0
1774554025215443598,34177,9.48,120.3,10.188,-413.3,3.28,4.02,28.44,12.19,6.06,0.16,0.45,0.33,137.37,188.0,126.31,14.86,46.0,12.0
1774554025313760459,34277,10.06,141.6,9.908,-706.1,4.75,3.54,28.44,12.25,6.25,1.06,0.92,-0.69,168.24,188.0,114.34,15.95,46.0,12.0
1774554025416113550,34377,9.392,173.6,10.292,-624.9,6.21,3.48,29.31,12.44,6.44,-0.45,-0.13,0.13,141.32,174.0,110.17,19.67,46.0,12.0
1774554025514427985,34478,10.264,162.6,10.312,-607.6,4.53,3.61,30.37,12.31,6.44,0.72,1.78,-4.64,1634.57,181.0,112.79,26.27,46.0,12.0
1774554025616864840,34579,9.708,111.0,10.068,-518.6,3.46,3.28,30.56,12.38,6.38,-5.17,-1.21,3.53,3773.86,181.0,121.63,30.41,46.0,12.0
1774554025715173590,34679,9.384,108.1,9.688,-397.3,4.26,3.09,30.44,12.38,6.38,-0.08,-0.97,0.93,5004.2,180.0,122.61,19.94,48.0,12.0
1774554026075179678,34779,10.36,116.3,9.856,-712.4,5.45,4.04,30.44,12.5,6.5,-0.15,0.39,-0.24,138.06,180.0,113.15,13.16,48.0,12.0
1774554026141162683,34879,10.328,165.8,10.344,-589.0,6.31,3.87,31.19,12.69,6.81,-0.86,-0.7,0.07,5517.84,187.0,110.25,24.84,48.0,12.0
1774554026154350280,34979,9.776,190.2,9.904,-594.0,5.7,3.32,32.31,12.56,6.81,-1.69,-2.28,3.11,11033.79,188.0,117.38,24.24,48.0,12.0
1774554026166866098,35102,10.004,151.4,10.148,-452.8,4.04,4.16,32.44,12.88,6.75,-0.79,1.15,-2.13,146.98,174.0,121.95,24.68,48.0,12.0
1774554026239472033,35203,9.104,122.4,9.632,-524.4,3.61,2.83,32.19,12.88,6.81,0.27,0.83,-0.97,140.8,174.0,125.85,25.35,48.0,12.0
1774554026341883392,35303,9.82,110.7,10.044,-708.8,4.92,2.44,32.31,13.06,7.0,0.13,0.72,-0.19,154.01,185.0,107.03,23.61,48.0,12.0
1774554026440147665,35403,10.444,105.8,10.332,-616.8,4.53,3.61,33.5,12.94,7.06,0.3,-0.27,-0.55,185.56,185.0,111.68,15.07,48.0,12.0
1774554026554934890,35504,10.028,118.4,9.852,-560.6,5.57,4.47,34.5,12.81,7.0,-0.25,0.06,-0.88,10164.63,172.0,117.18,13.7,48.0,12.0
1774554026657313247,35617,7.372,107.4,9.02,-382.4,3.16,3.14,34.69,13.06,7.0,-0.22,-0.04,0.5,137.37,174.0,127.1,27.01,48.0,12.0
1774554026755570742,35718,10.172,0.0,10.556,-95.6,1.78,2.93,34.5,13.19,7.06,-0.18,0.62,-0.65,137.54,174.0,123.2,13.3,50.0,12.0
1774554026857995917,35818,10.084,111.6,9.844,-569.8,5.21,2.83,34.75,13.31,7.25,-0.19,-0.28,0.32,156.92,181.0,108.04,14.3,50.0,12.0
1774554026956284617,35918,9.264,98.7,10.068,-646.4,5.2,3.73,35.88,13.13,7.25,-0.45,0.0,-0.39,1866.95,172.0,112.53,13.78,50.0,12.0
1774554027058693152,36019,9.844,112.4,10.268,-561.8,5.02,4.06,36.69,12.94,7.19,-0.84,-0.32,0.14,143.37,172.0,115.28,9.02,50.0,12.0
1774554027157056587,36118,10.484,97.4,9.644,-411.9,3.71,3.96,36.63,13.25,7.25,-0.33,-0.92,1.52,133.94,170.0,125.13,14.17,50.0,12.0
1774554027255294089,36218,10.336,87.6,10.224,-467.3,4.02,3.5,36.44,13.25,7.25,0.05,0.6,0.0,132.74,164.0,130.13,11.06,50.0,12.0
1774554027357705732,36318,10.268,88.2,9.684,-680.7,5.33,2.81,36.44,13.38,7.31,-0.06,0.53,-0.74,139.94,164.0,113.18,17.2,50.0,12.0
1774554027455966365,36418,9.66,116.9,10.208,-619.1,4.77,2.81,37.5,13.38,7.44,-0.19,-0.41,-0.63,137.37,166.0,109.39,11.8,50.0,12.0
1774554027558407398,36518,10.228,108.9,10.04,-519.5,4.94,3.54,38.5,13.19,7.25,-0.47,-0.14,-1.34,146.98,161.0,117.55,7.5,50.0,12.0
1774554027656716589,36618,10.224,126.1,10.036,-376.6,3.01,4.39,38.5,13.38,7.25,-0.01,0.37,-0.84,2232.76,161.0,124.75,0.0,50.0,12.0
1774554027765060546,36718,10.076,126.9,10.308,-352.7,3.83,4.51,38.5,13.56,7.38,-0.23,0.66,-0.71,7772.72,158.0,126.0,1.82,52.0,12.0
1774554027857428293,36818,10.06,81.3,10.204,-664.0,5.86,3.42,38.44,13.44,7.25,0.53,1.16,-1.47,133.77,158.0,111.66,9.15,52.0,12.0
1774554027955728447,36918,9.516,82.8,10.092,-696.6,6.66,2.54,39.13,13.13,6.56,-0.16,-1.98,-0.54,179.9,159.0,110.67,11.23,52.0,12.0
1774554028058144785,37018,9.696,137.4,10.068,-582.3,9.92,4.38,39.94,12.13,5.25,-0.39,0.21,-1.05,150.06,158.0,110.05,5.84,52.0,12.0
1774554028156435224,37118,9.956,104.8,10.268,-497.0,4.06,2.91,39.94,12.5,5.13,0.28,0.85,-0.34,146.8,158.0,121.83,4.48,52.0,12.0
1774554028258861115,37218,10.148,68.9,10.364,-412.5,4.3,2.7,39.81,12.56,5.19,0.1,-0.55,-0.44,7410.0,155.0,125.74,13.65,52.0,12.0
1774554028357114663,37318,10.192,59.4,10.54,-382.2,2.66,1.68,39.75,12.94,6.06,-0.01,-0.18,0.06,141.49,154.0,127.76,23.23,52.0,12.0
1774554028459537665,37419,9.612,29.5,10.14,-239.4,1.76,0.78,39.44,13.19,5.5,-0.78,-0.93,-0.26,162.24,154.0,142.43,26.87,52.0,12.0
1774554028557860846,37519,9.06,26.8,10.332,-178.6,1.72,0.66,37.06,13.25,4.0,-0.4,0.2,-0.71,179.22,156.0,151.73,29.39,52.0,12.0
1774554028680735002,37619,8.848,35.8,9.456,-132.9,1.0,0.63,32.44,12.63,4.44,-0.29,0.11,-0.46,11004.98,194.0,154.63,30.11,54.0,12.0
1774554028789112575,37741,10.612,27.0,10.612,-59.0,0.68,0.41,25.62,10.75,8.25,-0.8,-0.2,-1.0,167.04,194.0,151.26,32.75,54.0,12.0
1774554028901899652,37841,9.024,36.5,10.056,-122.5,0.78,1.17,20.37,9.56,10.81,-0.34,-0.25,-1.14,11718.77,216.0,156.45,36.36,54.0,12.0
1774554029267175605,37963,10.596,52.1,10.244,-103.3,1.31,1.15,14.69,9.06,11.0,-0.06,0.31,-0.12,11708.99,200.0,157.09,43.16,54.0,12.0
1774554029331990469,38082,10.556,75.5,10.644,-82.9,0.49,1.5,9.63,8.06,9.75,0.03,0.56,-0.4,11706.25,196.0,156.58,45.23,54.0,14.0
1774554029340295926,38203,9.124,53.3,10.644,-83.6,0.96,0.98,5.13,7.19,8.25,-0.22,0.29,0.17,257.25,196.0,157.43,47.59,54.0,14.0
1774554029364780681,38303,10.592,38.5,10.64,-128.4,1.05,0.45,2.44,7.19,6.69,-0.22,0.29,-0.76,11699.39,207.0,156.45,50.24,56.0,14.0
1774554029493563271,38425,9.884,43.8,9.736,-80.9,0.8,2.77,0.44,7.38,5.81,-0.13,0.44,-0.76,11654.8,275.0,157.8,78.54,56.0,14.0
1774554029585976636,38545,9.168,39.1,10.668,-84.1,1.04,0.31,-0.75,7.25,5.88,0.14,-0.1,-0.85,283.66,275.0,155.87,73.46,56.0,14.0
1774554029717055111,38645,8.788,0.0,9.484,-130.5,0.51,0.66,-1.63,7.69,6.06,0.26,-0.02,-1.27,11690.13,267.0,154.86,65.82,56.0,14.0
1774554029845870035,38777,9.432,63.3,9.4,-124.1,1.09,0.43,-2.25,8.38,6.13,0.24,-0.38,-0.51,11684.29,275.0,153.74,63.15,56.0,14.0
1774554030051170573,38897,9.936,56.8,10.624,-107.0,0.53,1.31,-2.5,8.75,6.25,-0.42,0.0,-0.95,11695.44,255.0,158.67,59.15,56.0,14.0
1774554030081641773,39020,10.568,77.6,10.648,-98.7,0.8,1.25,-2.56,9.63,6.06,-0.48,0.19,-0.16,11692.7,242.0,155.19,58.46,56.0,14.0
1774554030179904061,39140,8.848,65.2,9.852,-89.0,0.7,1.91,-3.19,10.13,5.63,0.39,0.09,0.12,167.9,242.0,159.26,60.41,58.0,14.0
1774554030302808788,39240,9.32,48.0,10.636,-104.4,1.0,0.84,-3.56,9.19,5.88,-0.23,-0.19,0.4,11683.95,213.0,155.49,62.2,58.0,14.0
1774554030405145039,39363,10.612,40.0,10.64,-104.0,0.76,1.05,-3.31,8.56,5.31,-0.81,0.47,-0.16,211.97,191.0,154.11,61.96,58.0,14.0
1774554030503467146,39463,8.78,57.6,10.608,-99.2,1.05,0.68,-3.31,9.06,4.25,-0.26,0.47,-1.06,182.3,191.0,155.11,62.05,58.0,14.0
1774554030601769344,39563,8.86,50.6,10.304,-107.8,0.9,1.29,-3.75,9.0,3.81,-0.07,0.41,-0.3,149.72,219.0,157.98,63.35,58.0,14.0
1774554030704234770,39663,9.048,61.9,10.644,-125.8,0.74,0.41,-4.38,8.13,3.94,-0.96,-0.19,0.13,186.59,225.0,154.24,63.36,58.0,14.0
1774554030802506911,39763,9.936,59.7,9.416,-104.6,1.02,0.96,-4.81,8.31,4.13,-0.53,0.2,-0.53,190.71,225.0,154.08,63.6,58.0,14.0
1774554030931178099,39863,9.004,83.0,9.552,0.0,1.37,1.29,-4.88,9.06,4.38,0.49,0.11,-0.28,166.53,194.0,153.17,61.75,58.0,14.0
1774554031003210067,39963,10.552,0.0,9.464,-113.1,0.84,1.62,-4.63,8.63,4.88,-0.32,0.04,-0.14,179.39,194.0,154.23,59.39,60.0,14.0
1774554031130204142,40064,9.232,60.4,10.624,-63.4,1.17,1.45,-4.19,8.31,4.94,-0.32,-0.16,-0.37,11689.95,191.0,156.45,60.76,60.0,16.0
1774554031253076790,40189,10.616,62.5,10.644,-100.1,0.59,0.66,-3.13,7.69,3.56,-0.73,0.07,-2.06,11683.61,196.0,155.51,64.51,60.0,16.0
1774554031371857828,40309,9.736,64.4,10.624,-115.9,0.96,1.0,-2.06,9.06,4.13,1.27,-0.12,-0.31,11705.39,186.0,150.01,60.85,60.0,16.0
1774554031470139979,40430,10.632,73.4,10.216,-254.1,1.84,1.66,0.0,0.0,0.0,0.0,0.0,0.0,182.3,186.0,137.29,53.09,60.0,16.0
1774554032229814679,40530,9.988,88.3,10.212,-374.2,2.68,1.56,0.0,0.0,0.0,0.0,0.0,0.0,0.0,169.0,134.79,44.41,62.0,16.0
1774554032322164799,41280,10.256,224.5,10.128,-364.7,3.2,3.91,0.0,0.0,0.0,0.0,0.0,0.0,136.34,158.0,127.87,29.63,62.0,16.0
1774554032424515919,41380,9.552,182.7,9.052,-352.8,3.28,3.65,0.0,0.0,0.0,0.0,0.0,0.0,136.34,158.0,131.68,35.83,62.0,16.0
1774554032555242820,41481,10.42,231.0,10.184,-356.4,2.48,3.48,0.0,0.0,0.0,0.0,0.0,0.0,136.86,169.0,132.66,41.31,62.0,16.0
1774554032625284281,41581,10.46,189.2,9.224,-358.7,2.62,2.91,0.0,0.0,0.0,0.0,0.0,0.0,128.97,169.0,131.36,46.31,62.0,16.0
1774554032723600240,41681,9.824,232.6,10.264,-477.3,3.03,3.54,0.0,0.0,0.0,0.0,0.0,0.0,131.71,169.0,128.52,49.64,64.0,16.0
1774554032891174507,41781,9.112,179.0,9.916,-449.4,3.98,4.41,0.0,0.0,0.0,0.0,0.0,0.0,151.09,174.0,123.5,39.3,64.0,16.0
1774554032924278949,41881,10.132,179.1,9.584,-425.4,3.71,3.65,0.0,0.0,0.0,0.0,0.0,0.0,140.8,180.0,124.22,39.18,64.0,16.0
1774554033022606362,41981,9.996,205.6,10.004,-448.4,3.22,3.13,0.0,0.0,0.0,0.0,0.0,0.0,147.49,180.0,126.31,39.41,64.0,16.0
1774554033124999159,42081,9.928,193.5,10.492,-418.0,3.87,2.79,0.0,0.0,0.0,0.0,0.0,0.0,169.44,182.0,126.71,40.9,64.0,16.0
1774554033223294090,42181,10.24,181.4,9.956,-387.8,2.95,3.59,0.0,0.0,0.0,0.0,0.0,0.0,6149.99,180.0,127.23,38.11,64.0,16.0
1774554033329817681,42280,8.88,151.7,10.216,-381.9,3.34,2.68,0.0,0.0,0.0,0.0,0.0,0.0,9808.26,180.0,124.48,43.93,64.0,16.0
1774554033428072128,42385,10.012,179.6,10.0,-541.8,4.77,2.79,0.0,0.0,0.0,0.0,0.0,0.0,4879.86,179.0,121.63,45.74,64.0,16.0
1774554033526389338,42485,9.388,177.2,10.228,-406.0,3.16,2.68,0.0,0.0,0.0,0.0,0.0,0.0,4806.29,183.0,123.78,50.52,64.0,16.0
1774554033628812433,42585,10.364,142.7,9.964,-502.7,3.54,3.63,0.0,0.0,0.0,0.0,0.0,0.0,151.78,183.0,123.07,45.34,66.0,16.0
1774554033727140810,42684,9.572,216.6,10.172,-510.0,4.9,3.07,0.0,0.0,0.0,0.0,0.0,0.0,158.29,189.0,121.54,39.72,66.0,18.0
1774554033825416962,42783,10.0,170.9,10.032,-472.6,3.73,3.42,0.0,0.0,0.0,0.0,0.0,0.0,158.29,189.0,117.35,43.89,66.0,18.0
1774554033927819889,42884,9.592,195.0,9.788,-572.9,3.63,2.83,0.0,0.0,0.0,0.0,0.0,0.0,167.9,183.0,117.89,40.1,66.0,18.0
1774554034026129255,42984,9.58,161.9,9.952,-528.3,4.32,3.96,0.0,0.0,0.0,0.0,0.0,0.0,2815.34,185.0,120.5,37.75,66.0,18.0
1774554034155173595,43084,10.3,167.7,10.428,-575.2,4.51,3.65,0.0,0.0,0.0,0.0,0.0,0.0,1141.68,185.0,115.91,37.64,66.0,18.0
1774554034226846652,43184,9.792,179.3,10.004,-565.8,4.06,2.38,0.0,0.0,0.0,0.0,0.0,0.0,172.7,191.0,117.38,41.68,66.0,18.0
1774554034329237235,43284,10.428,146.7,9.972,-504.5,4.86,3.2,0.0,0.0,0.0,0.0,0.0,0.0,155.89,192.0,116.72,43.35,66.0,18.0
1774554034427513083,43384,9.628,0.0,10.108,-549.0,4.63,3.38,0.0,0.0,0.0,0.0,0.0,0.0,2506.47,192.0,120.51,41.72,66.0,18.0
1774554034535897297,43484,10.352,0.0,9.504,-543.3,3.83,2.77,0.0,0.0,0.0,0.0,0.0,0.0,177.85,186.0,119.76,40.23,66.0,18.0
1774554034628253055,43584,10.356,173.1,10.164,-523.8,4.88,2.81,0.0,0.0,0.0,0.0,0.0,0.0,152.81,186.0,117.35,38.52,68.0,18.0
1774554034726563645,43684,10.236,0.0,9.672,-642.8,5.39,2.6,0.0,0.0,0.0,0.0,0.0,0.0,2172.05,197.0,113.46,40.68,68.0,18.0
1774554034828962766,43784,9.852,198.2,10.364,-571.6,5.94,2.7,0.0,0.0,0.0,0.0,0.0,0.0,160.18,197.0,111.0,43.06,68.0,18.0
1774554034927271690,43884,10.232,184.3,10.4,-531.7,5.12,2.66,0.0,0.0,0.0,0.0,0.0,0.0,2851.36,197.0,114.55,34.9,68.0,18.0
1774554035025622438,43983,9.876,187.2,9.86,-539.2,4.32,3.63,0.0,0.0,0.0,0.0,0.0,0.0,1645.71,197.0,118.93,40.8,68.0,18.0
1774554035127975566,44083,10.244,240.0,10.376,-518.3,4.28,4.45,0.0,0.0,0.0,0.0,0.0,0.0,168.58,192.0,117.52,34.24,68.0,18.0
1774554035226289408,44183,10.0,218.1,10.108,-657.0,4.39,3.57,0.0,0.0,0.0,0.0,0.0,0.0,2105.33,192.0,113.6,40.51,68.0,18.0
1774554035328684056,44283,10.188,182.3,9.672,-559.6,5.27,4.08,0.0,0.0,0.0,0.0,0.0,0.0,7587.5,190.0,113.28,41.19,68.0,18.0
1774554035426982601,44383,9.96,184.9,10.34,-610.0,4.59,4.45,0.0,0.0,0.0,0.0,0.0,0.0,1091.08,186.0,112.27,36.49,68.0,18.0
1774554035529392342,44483,10.156,183.0,10.18,-623.6,5.86,3.71,0.0,0.0,0.0,0.0,0.0,0.0,922.67,186.0,111.97,37.62,68.0,18.0
1774554035627745112,44583,10.1,175.3,10.404,-641.6,4.9,4.28,0.0,0.0,0.0,0.0,0.0,0.0,3356.43,198.0,109.74,37.96,70.0,18.0
1774554035755174902,44683,10.016,150.5,9.808,-666.0,5.8,3.79,0.0,0.0,0.0,0.0,0.0,0.0,146.29,198.0,113.04,42.68,70.0,18.0
1774554035828406878,44783,9.712,182.2,9.748,-704.2,5.49,3.59,0.0,0.0,0.0,0.0,0.0,0.0,4392.29,198.0,111.84,43.71,70.0,18.0
1774554035926707590,44883,10.12,179.0,10.0,0.0,5.14,3.65,0.0,0.0,0.0,0.0,0.0,0.0,2865.08,188.0,111.66,43.02,70.0,18.0
1774554036055175040,44983,10.428,189.7,10.332,-477.9,4.59,4.32,0.0,0.0,0.0,0.0,0.0,0.0,205.63,188.0,115.92,31.71,70.0,18.0
1774554036127411950,45083,9.988,176.5,10.12,-482.8,4.94,4.32,0.0,0.0,0.0,0.0,0.0,0.0,1962.82,205.0,117.31,32.39,70.0,18.0
1774554036225718358,45182,9.648,167.8,9.472,-627.2,4.1,3.46,0.0,0.0,0.0,0.0,0.0,0.0,975.49,193.0,113.77,23.29,70.0,18.0
1774554036328135591,45282,10.324,172.8,10.204,-535.4,5.7,3.38,0.0,0.0,0.0,0.0,0.0,0.0,3259.36,193.0,110.17,21.25,70.0,18.0
1774554036426356662,45383,10.208,161.5,10.328,-686.2,4.69,3.03,0.0,0.0,0.0,0.0,0.0,0.0,199.28,182.0,109.75,29.33,70.0,18.0
1774554036528806933,45484,10.152,167.5,10.332,-536.1,3.79,3.81,0.0,0.0,0.0,0.0,0.0,0.0,214.38,190.0,116.2,18.53,70.0,18.0
1774554036627186975,45583,9.864,229.6,10.368,-563.4,3.83,3.11,0.0,0.0,0.0,0.0,0.0,0.0,2465.31,190.0,119.29,4.68,70.0,18.0
1774554036729544056,45683,10.064,198.1,9.372,-523.7,4.24,3.36,0.0,0.0,0.0,0.0,0.0,0.0,174.24,193.0,118.98,21.97,72.0,18.0
1774554036863177517,45783,10.064,180.0,9.876,-634.4,4.43,3.32,0.0,0.0,0.0,0.0,0.0,0.0,11765.41,190.0,112.6,38.37,72.0,18.0
1774554036946611266,45904,10.148,0.0,9.936,-520.6,5.25,3.34,0.0,0.0,0.0,0.0,0.0,0.0,174.24,190.0,113.49,40.27,72.0,18.0
1774554037049019867,46003,8.996,226.7,9.916,-585.4,3.73,4.53,0.0,0.0,0.0,0.0,0.0,0.0,175.96,194.0,114.97,33.2,72.0,20.0
1774554037147343288,46102,9.276,222.3,10.34,0.0,3.93,3.44,0.0,0.0,0.0,0.0,0.0,0.0,157.95,194.0,116.45,36.73,72.0,20.0
1774554037255729874,46202,8.608,176.6,10.148,-526.9,5.08,2.95,0.0,0.0,0.0,0.0,0.0,0.0,163.1,178.0,118.36,39.72,72.0,20.0
1774554037348107026,46303,9.476,179.7,10.056,-512.8,4.18,3.24,0.0,0.0,0.0,0.0,0.0,0.0,163.1,176.0,114.82,40.83,72.0,20.0
1774554037450437653,46403,9.596,215.2,9.704,-613.4,5.7,3.11,0.0,0.0,0.0,0.0,0.0,0.0,161.04,176.0,111.4,39.47,72.0,20.0
1774554037573331466,46503,10.244,0.0,9.924,-616.0,5.21,4.06,0.0,0.0,0.0,0.0,0.0,0.0,11763.53,171.0,117.41,36.57,72.0,20.0
1774554037696215130,46627,9.932,0.0,9.976,-417.5,3.54,3.46,0.0,0.0,0.0,0.0,0.0,0.0,11759.41,176.0,120.58,39.07,74.0,20.0
1774554037794529384,46749,9.904,157.3,10.344,-494.6,5.31,2.99,0.0,0.0,0.0,0.0,0.0,0.0,142.17,171.0,114.97,40.48,74.0,20.0
1774554037896922458,46850,9.836,171.0,10.328,-509.6,5.51,3.71,0.0,0.0,0.0,0.0,0.0,0.0,167.04,171.0,112.87,43.89,74.0,20.0
1774554038027167527,46950,10.02,174.9,10.232,-550.4,5.63,3.61,0.0,0.0,0.0,0.0,0.0,0.0,154.18,176.0,110.96,35.41,74.0,20.0
1774554038097632911,47050,9.98,207.4,9.908,-555.1,3.73,3.01,0.0,0.0,0.0,0.0,0.0,0.0,161.38,176.0,117.35,34.04,74.0,20.0
1774554038195926305,47151,10.228,183.8,9.6,-424.0,3.24,3.4,0.0,0.0,0.0,0.0,0.0,0.0,173.04,172.0,122.34,39.72,74.0,20.0
1774554038298374893,47251,9.696,165.3,10.072,-483.7,3.91,3.32,0.0,0.0,0.0,0.0,0.0,0.0,7293.89,175.0,120.46,45.03,74.0,20.0
1774554038396617229,47351,10.32,182.0,10.032,-523.9,5.25,4.22,0.0,0.0,0.0,0.0,0.0,0.0,155.89,175.0,112.27,37.97,74.0,20.0
1774554038499032889,47451,9.38,226.3,9.468,-676.7,5.94,3.4,0.0,0.0,0.0,0.0,0.0,0.0,156.58,171.0,112.27,37.69,74.0,20.0
1774554038597341710,47551,10.232,252.7,9.68,-496.8,4.08,3.85,0.0,0.0,0.0,0.0,0.0,0.0,7620.6,157.0,120.54,30.57,74.0,20.0
1774554038699783093,47651,10.08,198.0,9.224,-395.7,2.64,4.32,0.0,0.0,0.0,0.0,0.0,0.0,170.64,157.0,127.99,33.68,74.0,20.0
1774554038818511546,47752,9.788,209.4,10.432,-435.9,4.57,3.22,0.0,0.0,0.0,0.0,0.0,0.0,11763.36,169.0,122.22,36.57,76.0,20.0
1774554038959169820,47874,10.388,0.0,9.5,-533.9,5.45,3.36,0.0,0.0,0.0,0.0,0.0,0.0,11766.62,170.0,111.34,40.36,76.0,20.0
1774554039039671440,47995,10.284,174.2,10.072,-609.8,5.51,2.97,0.0,0.0,0.0,0.0,0.0,0.0,158.47,170.0,109.29,37.62,76.0,20.0
1774554039162599553,48095,9.656,182.8,10.164,-453.8,3.28,3.73,0.0,0.0,0.0,0.0,0.0,0.0,11752.55,164.0,125.1,34.64,76.0,20.0
1774554039265010427,48217,10.02,197.0,10.144,0.0,4.0,3.52,0.0,0.0,0.0,0.0,0.0,0.0,137.37,158.0,126.31,37.24,76.0,20.0
1774554039363319538,48317,9.848,137.4,10.14,-491.3,5.2,3.14,0.0,0.0,0.0,0.0,0.0,0.0,173.73,158.0,119.14,43.0,76.0,20.0
1774554039461546015,48417,10.26,168.3,9.896,-718.2,4.82,2.81,0.0,0.0,0.0,0.0,0.0,0.0,159.84,158.0,110.17,34.63,76.0,20.0
1774554039564007114,48517,9.828,214.8,10.18,-521.6,4.9,3.79,0.0,0.0,0.0,0.0,0.0,0.0,178.53,164.0,113.12,45.08,76.0,20.0
1774554039662300391,48617,10.308,210.1,10.412,-491.8,3.59,3.13,0.0,0.0,0.0,0.0,0.0,0.0,3091.29,164.0,120.29,38.34,76.0,20.0
1774554039764726283,48717,9.808,172.0,9.928,-418.8,3.32,3.11,0.0,0.0,0.0,0.0,0.0,0.0,4053.4,166.0,124.41,37.93,78.0,20.0
1774554039863016782,48817,10.1,152.8,9.532,-617.1,5.66,2.64,0.0,0.0,0.0,0.0,0.0,0.0,150.58,165.0,112.64,44.84,78.0,20.0
1774554039994097918,48917,9.992,184.8,9.924,-597.7,6.05,4.51,0.0,0.0,0.0,0.0,0.0,0.0,11787.37,158.0,109.96,30.21,78.0,20.0
1774554040092413065,49045,10.272,233.9,9.832,-429.5,3.57,4.24,0.0,0.0,0.0,0.0,0.0,0.0,1990.6,158.0,117.1,31.58,78.0,20.0
1774554040190706280,49145,10.28,278.2,10.096,-374.4,3.61,5.47,0.0,0.0,0.0,0.0,0.0,0.0,153.84,165.0,125.86,28.36,78.0,20.0
1774554040293170074,49245,10.096,197.2,9.948,-419.7,4.53,3.87,0.0,0.0,0.0,0.0,0.0,0.0,141.83,165.0,125.85,33.5,78.0,22.0
1774554040391400194,49344,9.972,202.2,10.016,-573.1,5.76,4.14,0.0,0.0,0.0,0.0,0.0,0.0,169.96,155.0,112.8,40.51,78.0,22.0
1774554040489681724,49444,10.084,0.0,9.736,-591.0,5.0,3.14,0.0,0.0,0.0,0.0,0.0,0.0,1662.18,160.0,112.27,39.76,78.0,22.0
1774554040612614228,49544,9.76,187.9,10.376,-487.4,4.59,3.95,0.0,0.0,0.0,0.0,0.0,0.0,11753.58,159.0,119.77,36.09,78.0,22.0
1774554040714980480,49666,10.424,212.3,9.98,-391.0,3.28,3.22,0.0,0.0,0.0,0.0,0.0,0.0,166.53,159.0,129.97,34.78,78.0,22.0
1774554040813289863,49765,9.432,186.1,10.152,-582.3,3.81,3.18,0.0,0.0,0.0,0.0,0.0,0.0,2320.05,161.0,121.71,39.63,80.0,22.0
1774554040925782919,49865,10.308,157.8,10.12,-569.0,5.59,3.24,0.0,0.0,0.0,0.0,0.0,0.0,9024.33,161.0,112.47,44.51,80.0,22.0
1774554041018123237,49970,9.832,164.3,9.776,-579.1,5.88,3.61,0.0,0.0,0.0,0.0,0.0,0.0,157.95,161.0,106.66,41.17,80.0,22.0
1774554041116403465,50070,8.724,189.2,10.092,-524.1,4.2,3.67,0.0,0.0,0.0,0.0,0.0,0.0,1156.42,165.0,116.99,39.49,80.0,22.0
1774554041367165905,50170,10.416,0.0,10.256,-397.1,3.28,3.71,0.0,0.0,0.0,0.0,0.0,0.0,151.26,165.0,123.44,37.32,80.0,22.0
1774554041382653896,50271,10.124,345.1,9.928,-517.3,4.67,3.93,0.0,0.0,0.0,0.0,0.0,0.0,138.06,171.0,122.7,40.1,80.0,22.0
1774554041419506983,50371,10.424,0.0,10.364,-639.4,4.88,3.09,0.0,0.0,0.0,0.0,0.0,0.0,7766.55,170.0,112.27,41.82,80.0,22.0
1774554041517785285,50471,10.28,346.8,10.016,-561.3,6.17,3.34,0.0,0.0,0.0,0.0,0.0,0.0,2746.4,170.0,109.2,39.47,80.0,22.0
1774554041620249702,50572,10.124,219.0,9.56,-487.2,3.65,4.57,0.0,0.0,0.0,0.0,0.0,0.0,146.98,176.0,116.95,29.94,80.0,22.0
1774554041728597595,50672,10.376,263.2,9.84,-444.8,3.16,4.67,0.0,0.0,0.0,0.0,0.0,0.0,138.06,176.0,124.55,27.19,80.0,22.0
1774554041820967752,50772,10.104,233.1,10.42,-567.9,4.2,4.8,0.0,0.0,0.0,0.0,0.0,0.0,153.32,166.0,123.13,31.78,82.0,22.0
1774554041919226701,50872,9.668,167.9,9.856,-607.1,5.88,3.83,0.0,0.0,0.0,0.0,0.0,0.0,167.21,179.0,109.72,38.27,82.0,22.0
1774554042021659127,50972,10.032,177.6,9.576,-549.8,3.85,2.48,0.0,0.0,0.0,0.0,0.0,0.0,134.11,179.0,112.57,39.0,82.0,22.0
1774554042155171767,51072,8.884,70.0,10.44,-175.9,1.66,0.92,0.0,0.0,0.0,0.0,0.0,0.0,150.92,184.0,138.74,54.53,82.0,22.0
1774554042222373609,51172,9.388,61.6,10.148,-113.0,1.25,0.68,0.0,0.0,0.0,0.0,0.0,0.0,222.44,185.0,150.25,59.44,82.0,22.0
1774554042345212817,51272,10.644,48.6,10.552,-107.8,0.57,1.05,0.0,0.0,0.0,0.0,0.0,0.0,11689.27,234.0,156.38,61.65,82.0,22.0
1774554042459912551,51395,9.16,59.8,10.632,-105.3,0.78,0.7,0.0,0.0,0.0,0.0,0.0,0.0,11689.44,234.0,155.34,61.7,82.0,22.0
1774554042582812910,51511,9.064,46.5,10.604,-91.8,1.23,0.76,0.0,0.0,0.0,0.0,0.0,0.0,11688.24,260.0,155.3,62.12,84.0,22.0
1774554042713892153,51633,8.904,68.7,9.628,-119.2,0.92,0.63,0.0,0.0,0.0,0.0,0.0,0.0,11690.47,298.0,155.99,59.36,84.0,22.0
1774554042836778233,51764,9.008,73.0,10.648,-91.2,0.96,1.48,0.0,0.0,0.0,0.0,0.0,0.0,11692.87,335.0,155.65,58.05,84.0,24.0
1774554042955532148,51886,10.668,83.4,9.924,-129.8,0.82,1.11,0.0,0.0,0.0,0.0,0.0,0.0,11693.38,530.0,155.99,58.67,84.0,24.0
1774554043074341775,52007,10.628,51.5,10.652,-76.9,0.68,0.82,0.0,0.0,0.0,0.0,0.0,0.0,11685.32,530.0,156.07,61.7,84.0,24.0
1774554043172635308,52124,9.768,56.2,9.224,-89.5,0.86,0.35,0.0,0.0,0.0,0.0,0.0,0.0,399.25,469.0,154.38,62.37,84.0,24.0
1774554043275023596,52225,8.808,60.7,10.656,-129.5,0.43,0.74,0.0,0.0,0.0,0.0,0.0,0.0,424.12,469.0,156.0,61.16,84.0,24.0
1774554043373326352,52325,10.64,56.8,9.364,-61.1,0.96,0.68,0.0,0.0,0.0,0.0,0.0,0.0,443.33,561.0,155.82,61.38,86.0,24.0
1774554043475755198,52425,10.624,50.0,10.644,-128.6,1.0,0.61,0.0,0.0,0.0,0.0,0.0,0.0,440.93,531.0,156.62,62.31,86.0,24.0
1774554043574070158,52525,9.056,57.1,9.916,-114.3,1.04,0.8,0.0,0.0,0.0,0.0,0.0,0.0,438.53,531.0,155.73,62.47,86.0,24.0
1774554043676466372,52625,10.292,42.5,9.984,-93.2,0.76,0.92,0.0,0.0,0.0,0.0,0.0,0.0,432.69,455.0,153.46,59.81,86.0,24.0
1774554043774785221,52725,9.048,56.0,9.364,-90.2,0.61,1.0,0.0,0.0,0.0,0.0,0.0,0.0,160.87,455.0,154.68,58.58,86.0,24.0
1774554043877176342,52826,9.024,89.5,10.508,-116.8,0.9,1.17,0.0,0.0,0.0,0.0,0.0,0.0,428.58,470.0,158.18,58.23,86.0,24.0
1774554044219193907,52926,9.364,43.1,9.364,-84.1,0.51,0.86,0.0,0.0,0.0,0.0,0.0,0.0,11685.67,525.0,156.38,61.15,86.0,24.0
1774554044231775459,53048,10.192,47.4,10.66,-132.5,4.55,0.06,0.0,0.0,0.0,0.0,0.0,0.0,468.54,480.0,153.1,64.3,86.0,24.0
1774554044299082583,53148,10.664,53.5,10.664,-113.7,4.69,0.76,0.0,0.0,0.0,0.0,0.0,0.0,470.25,480.0,156.89,63.82,88.0,24.0
1774554044305252937,53248,8.816,49.8,10.644,-57.8,4.49,0.68,0.0,0.0,0.0,0.0,0.0,0.0,464.59,522.0,157.18,62.55,88.0,24.0
1774554044397330998,53348,9.128,34.6,9.78,-98.1,4.53,1.0,0.0,0.0,0.0,0.0,0.0,0.0,434.92,522.0,156.64,62.47,88.0,24.0
1774554044499783968,53447,9.212,49.0,10.352,-76.5,4.75,0.76,0.0,0.0,0.0,0.0,0.0,0.0,446.93,550.0,155.03,63.74,88.0,24.0
1774554044598089960,53548,8.844,47.2,10.656,-116.3,4.51,1.33,0.0,0.0,0.0,0.0,0.0,0.0,441.1,816.0,156.62,61.47,88.0,24.0
1774554044700546856,53648,10.624,53.5,9.268,-115.0,4.61,1.11,0.0,0.0,0.0,0.0,0.0,0.0,441.44,816.0,157.66,60.02,88.0,24.0
1774554044798788548,53748,9.508,81.9,9.284,-97.8,4.75,1.19,0.0,0.0,0.0,0.0,0.0,0.0,434.24,525.0,152.67,58.23,88.0,24.0
1774554044897095948,53848,8.856,53.0,9.412,-118.7,4.73,1.19,0.0,0.0,0.0,0.0,0.0,0.0,446.07,393.0,155.52,59.29,90.0,26.0
1774554045039172392,53948,9.076,44.6,10.028,-100.0,4.69,0.76,0.0,0.0,0.0,0.0,0.0,0.0,432.18,393.0,155.87,61.81,90.0,26.0
1774554045097802682,54048,10.416,40.9,9.92,-102.3,4.71,0.64,0.0,0.0,0.0,0.0,0.0,0.0,510.21,560.0,156.71,63.93,90.0,26.0
1774554045200206885,54148,10.5,41.4,9.46,-91.9,4.79,1.04,0.0,0.0,0.0,0.0,0.0,0.0,431.49,625.0,156.38,61.01,90.0,26.0
1774554045298514520,54248,10.488,35.0,10.644,-76.2,4.77,0.55,0.0,0.0,0.0,0.0,0.0,0.0,440.41,625.0,156.89,62.05,90.0,26.0
1774554045396731022,54348,8.912,33.7,10.66,-102.7,1.0,0.98,0.0,0.0,0.0,0.0,0.0,0.0,433.89,623.0,155.03,62.17,90.0,26.0
1774554045499180356,54448,9.456,56.9,10.684,-116.0,1.21,0.8,0.0,0.0,0.0,0.0,0.0,0.0,437.5,580.0,155.65,62.94,90.0,26.0
1774554045622064929,54548,10.46,41.9,10.668,-131.9,4.77,0.82,0.0,0.0,0.0,0.0,0.0,0.0,11692.36,622.0,155.3,61.01,92.0,26.0
1774554045720399492,54670,8.92,66.0,9.516,-99.4,4.98,1.29,0.0,0.0,0.0,0.0,0.0,0.0,139.94,622.0,152.28,55.54,92.0,26.0
1774554045843262749,54770,8.956,64.3,9.504,-106.3,4.67,1.04,0.0,0.0,0.0,0.0,0.0,0.0,11687.72,464.0,157.82,59.66,92.0,26.0
1774554045971173099,54892,10.636,55.3,10.5,-78.7,0.84,0.88,0.0,0.0,0.0,0.0,0.0,0.0,424.98,464.0,151.22,60.15,92.0,26.0
1774554046044009979,54992,9.148,50.9,10.688,-110.4,0.66,0.49,0.0,0.0,0.0,0.0,0.0,0.0,428.41,433.0,156.6,63.74,92.0,26.0
1774554046142274998,55092,10.58,52.3,9.46,-117.6,0.96,0.47,0.0,0.0,0.0,0.0,0.0,0.0,480.54,472.0,157.35,62.94,92.0,26.0
1774554046244707900,55192,9.116,65.6,9.356,-112.8,0.78,0.74,0.0,0.0,0.0,0.0,0.0,0.0,408.68,472.0,156.0,61.16,92.0,26.0
1774554046367554475,55292,8.976,61.3,10.588,-130.2,0.92,0.86,0.0,0.0,0.0,0.0,0.0,0.0,11681.89,621.0,157.7,63.28,94.0,26.0
1774554046469953671,55417,10.636,55.4,10.66,-102.9,0.61,0.57,0.0,0.0,0.0,0.0,0.0,0.0,141.32,667.0,153.37,61.65,94.0,26.0
1774554046603175887,55517,9.092,47.8,10.636,-102.8,0.96,1.37,0.0,0.0,0.0,0.0,0.0,0.0,442.64,667.0,156.89,61.16,94.0,26.0
1774554046670710372,55617,8.928,86.7,10.32,-93.0,1.43,1.52,0.0,0.0,0.0,0.0,0.0,0.0,465.97,608.0,157.29,57.99,94.0,26.0
1774554046768993003,55717,10.428,75.1,9.472,-147.5,0.96,1.43,0.0,0.0,0.0,0.0,0.0,0.0,445.73,589.0,154.94,56.42,94.0,28.0
1774554046867309524,55817,10.612,54.5,10.644,-73.2,0.68,1.02,0.0,0.0,0.0,0.0,0.0,0.0,438.87,589.0,157.54,57.95,94.0,28.0
1774554046969681904,55916,10.656,45.7,10.64,-90.4,0.53,1.13,0.0,0.0,0.0,0.0,0.0,0.0,414.86,477.0,155.03,60.6,94.0,28.0
1774554047068000176,56016,9.5,67.9,10.072,-100.6,1.21,0.57,0.0,0.0,0.0,0.0,0.0,0.0,428.24,477.0,156.76,62.71,94.0,28.0
1774554047166285007,56116,8.992,50.6,10.66,-92.8,0.84,0.76,0.0,0.0,0.0,0.0,0.0,0.0,423.26,573.0,156.38,60.95,96.0,28.0
1774554047268713033,56216,10.676,35.9,10.072,-111.0,1.02,0.78,0.0,0.0,0.0,0.0,0.0,0.0,417.77,558.0,156.62,62.31,96.0,28.0
1774554047367020606,56316,10.624,29.0,9.26,-94.6,1.0,0.37,0.0,0.0,0.0,0.0,0.0,0.0,463.05,558.0,156.76,62.71,96.0,28.0
1774554047489857370,56416,9.156,32.2,9.224,-82.8,1.04,0.57,0.0,0.0,0.0,0.0,0.0,0.0,11686.18,553.0,154.29,62.79,96.0,28.0
1774554047588177758,56538,10.628,61.8,10.608,-91.2,1.11,1.23,0.0,0.0,0.0,0.0,0.0,0.0,140.8,647.0,155.45,58.3,96.0,28.0
1774554047690602228,56638,9.08,72.1,10.192,-60.0,0.94,1.11,0.0,0.0,0.0,0.0,0.0,0.0,405.25,647.0,156.13,57.01,96.0,28.0
1774554047788911746,56738,8.96,53.7,10.176,-91.2,0.68,1.46,0.0,0.0,0.0,0.0,0.0,0.0,439.21,563.0,155.93,56.92,96.0,28.0
1774554047891313474,56838,10.236,55.5,10.68,-134.4,0.68,1.13,0.0,0.0,0.0,0.0,0.0,0.0,430.29,428.0,157.24,60.15,96.0,28.0
1774554047989612546,56938,9.088,49.5,10.692,-89.6,0.37,0.61,0.0,0.0,0.0,0.0,0.0,0.0,144.06,428.0,156.64,61.57,98.0,28.0
1774554048092024905,57038,10.664,42.5,9.652,-78.3,0.57,0.8,0.0,0.0,0.0,0.0,0.0,0.0,427.21,572.0,157.49,62.37,98.0,28.0
1774554048214892473,57138,10.516,42.0,10.68,-111.3,1.0,1.0,0.0,0.0,0.0,0.0,0.0,0.0,11685.32,539.0,156.81,61.51,98.0,28.0
1774554048337780930,57263,10.632,48.4,10.66,-93.3,1.0,0.82,0.0,0.0,0.0,0.0,0.0,0.0,11684.81,633.0,155.61,62.65,98.0,28.0
1774554048460634015,57384,8.804,33.6,10.676,-113.8,0.68,0.88,0.0,0.0,0.0,0.0,0.0,0.0,11686.01,528.0,157.37,61.43,98.0,28.0
1774554048558959104,57506,8.756,43.4,10.688,-115.5,0.82,0.84,0.0,0.0,0.0,0.0,0.0,0.0,409.37,528.0,154.38,57.89,98.0,28.0
1774554048667380386,57606,8.744,56.7,10.644,-127.6,1.25,0.86,0.0,0.0,0.0,0.0,0.0,0.0,415.89,545.0,155.7,57.99,98.0,28.0
1774554048759675285,57706,8.76,80.6,10.684,-107.6,0.72,1.5,0.0,0.0,0.0,0.0,0.0,0.0,149.38,545.0,157.43,56.75,100.0,30.0
1774554048857983410,57806,9.124,38.4,10.692,-103.0,1.05,0.7,0.0,0.0,0.0,0.0,0.0,0.0,424.29,599.0,143.46,60.03,100.0,30.0
1774554048960377985,57906,10.608,26.0,10.46,-139.8,0.76,0.78,0.0,0.0,0.0,0.0,0.0,0.0,421.89,548.0,156.5,63.79,100.0,30.0
1774554049079126070,58006,9.044,48.2,9.66,-99.9,0.98,0.7,0.0,0.0,0.0,0.0,0.0,0.0,11680.52,534.0,157.38,62.65,100.0,30.0
1774554049207969678,58128,9.084,67.4,10.696,-131.9,0.43,0.61,0.0,0.0,0.0,0.0,0.0,0.0,11684.12,534.0,156.79,61.7,100.0,30.0
1774554049300411047,58247,9.24,43.0,10.692,-73.3,0.9,0.78,0.0,0.0,0.0,0.0,0.0,0.0,433.55,514.0,156.59,62.05,100.0,30.0
1774554049398568718,58347,10.516,19.2,9.644,-118.1,0.8,0.51,0.0,0.0,0.0,0.0,0.0,0.0,404.91,514.0,155.11,62.93,100.0,30.0
1774554049501056755,58447,8.848,48.2,9.476,-66.4,0.74,0.66,0.0,0.0,0.0,0.0,0.0,0.0,422.4,566.0,157.29,61.17,102.0,30.0
1774554049599366433,58547,8.896,105.0,10.668,-65.3,0.7,1.7,0.0,0.0,0.0,0.0,0.0,0.0,421.2,518.0,158.2,56.99,102.0,30.0
1774554049726341270,58647,10.02,62.2,10.184,-188.0,1.27,1.07,0.0,0.0,0.0,0.0,0.0,0.0,11688.93,509.0,156.38,57.14,102.0,30.0
1774554050091168926,58772,9.78,80.2,10.664,-73.3,0.82,1.25,0.0,0.0,0.0,0.0,0.0,0.0,442.3,509.0,150.93,57.2,102.0,30.0
1774554050135941090,58872,8.94,34.7,9.38,-125.7,1.02,0.59,0.0,0.0,0.0,0.0,0.0,0.0,447.1,598.0,159.59,62.55,102.0,30.0
1774554050149012986,58972,10.656,37.0,9.54,-103.1,0.59,0.96,0.0,0.0,0.0,0.0,0.0,0.0,11682.24,532.0,157.38,61.65,102.0,30.0
1774554050172834652,59094,9.148,50.8,10.672,-90.8,1.0,1.07,0.0,0.0,0.0,0.0,0.0,0.0,11683.78,496.0,156.68,61.43,104.0,30.0
1774554050271084343,59218,9.176,50.7,10.684,-107.5,0.57,0.64,0.0,0.0,0.0,0.0,0.0,0.0,149.72,496.0,158.1,61.86,104.0,30.0
1774554050373501447,59318,8.976,33.2,9.96,-96.9,1.35,0.63,0.0,0.0,0.0,0.0,0.0,0.0,395.14,496.0,156.62,61.47,104.0,30.0
1774554050471781065,59418,9.144,53.3,9.444,-113.6,0.45,0.49,0.0,0.0,0.0,0.0,0.0,0.0,395.82,464.0,155.03,60.6,104.0,30.0
1774554050570062497,59518,9.112,105.9,9.512,-161.0,1.15,1.17,0.0,0.0,0.0,0.0,0.0,0.0,405.77,955.0,154.94,56.42,104.0,30.0
1774554050672572902,59618,9.888,82.0,9.932,-85.5,0.41,1.25,0.0,0.0,0.0,0.0,0.0,0.0,156.58,955.0,155.6,53.09,104.0,30.0
1774554050795413628,59718,10.644,67.5,9.54,-89.6,0.47,1.15,0.0,0.0,0.0,0.0,0.0,0.0,11683.61,469.0,157.41,57.89,104.0,32.0
1774554050893704672,59840,10.648,31.4,9.432,-77.7,1.05,0.47,0.0,0.0,0.0,0.0,0.0,0.0,407.48,491.0,153.1,62.77,104.0,32.0
1774554050996124368,59941,9.284,40.2,10.692,-98.8,0.64,0.47,0.0,0.0,0.0,0.0,0.0,0.0,409.88,491.0,158.56,63.6,106.0,32.0
1774554051123163812,60042,9.036,63.7,9.408,-94.2,1.15,0.68,0.0,0.0,0.0,0.0,0.0,0.0,11687.38,627.0,157.82,61.59,106.0,32.0
1774554051221404352,60167,9.604,66.5,10.28,-96.1,0.9,0.61,0.0,0.0,0.0,0.0,0.0,0.0,445.9,542.0,159.39,61.65,106.0,32.0
1774554051319640743,60267,9.18,56.5,9.5,-92.0,0.94,0.21,0.0,0.0,0.0,0.0,0.0,0.0,398.39,542.0,153.34,61.16,106.0,32.0
1774554051422064732,60366,10.264,63.1,10.688,-77.4,0.7,0.51,0.0,0.0,0.0,0.0,0.0,0.0,148.35,571.0,156.26,61.53,106.0,32.0
1774554051520418925,60466,9.168,69.6,10.676,-98.5,0.51,0.78,0.0,0.0,0.0,0.0,0.0,0.0,384.16,526.0,157.46,58.94,106.0,32.0
1774554051622846026,60566,9.136,74.0,9.452,-110.5,1.07,1.23,0.0,0.0,0.0,0.0,0.0,0.0,410.23,526.0,154.38,54.38,106.0,32.0
1774554051721117437,60666,10.544,74.9,10.648,-138.1,1.02,1.31,0.0,0.0,0.0,0.0,0.0,0.0,411.43,548.0,158.79,55.33,106.0,32.0
1774554051819413794,60766,10.416,81.9,9.46,-123.0,0.47,0.96,0.0,0.0,0.0,0.0,0.0,0.0,384.33,511.0,157.35,57.84,108.0,32.0
1774554051921806504,60866,9.124,37.9,10.684,-106.5,0.1,0.76,0.0,0.0,0.0,0.0,0.0,0.0,406.11,511.0,156.0,61.16,108.0,32.0
1774554052020128688,60965,8.972,50.4,10.68,-107.0,0.64,0.29,0.0,0.0,0.0,0.0,0.0,0.0,391.71,467.0,157.29,63.55,108.0,32.0
1774554052122527506,61065,9.156,55.5,10.68,-117.7,0.78,0.51,0.0,0.0,0.0,0.0,0.0,0.0,399.77,540.0,158.1,61.86,108.0,32.0
1774554052241312506,61165,9.092,46.3,9.972,-83.0,1.15,0.45,0.0,0.0,0.0,0.0,0.0,0.0,11683.09,603.0,157.38,62.65,108.0,32.0
1774554052355972302,61286,9.864,51.2,9.872,-103.3,0.84,0.31,0.0,0.0,0.0,0.0,0.0,0.0,11683.61,603.0,155.23,62.97,108.0,32.0
1774554052478852005,61400,9.888,54.4,10.52,-137.2,1.7,0.78,0.0,0.0,0.0,0.0,0.0,0.0,11687.9,989.0,153.8,60.54,110.0,32.0
1774554052577190547,61523,9.092,80.9,10.68,-122.4,0.47,1.23,0.0,0.0,0.0,0.0,0.0,0.0,449.33,989.0,154.94,55.58,110.0,32.0
1774554052679595884,61623,10.64,73.4,10.648,-80.1,0.55,1.09,0.0,0.0,0.0,0.0,0.0,0.0,455.33,630.0,158.69,56.68,110.0,34.0
1774554052802469068,61723,8.884,56.3,10.68,-103.4,0.82,1.07,0.0,0.0,0.0,0.0,0.0,0.0,11684.29,266.0,156.88,60.65,110.0,34.0
1774554052900785609,61845,9.672,28.6,10.712,-112.6,0.55,0.37,0.0,0.0,0.0,0.0,0.0,0.0,157.44,266.0,154.08,62.71,110.0,34.0
1774554052999127892,61945,9.044,41.6,10.676,-113.6,0.86,0.9,0.0,0.0,0.0,0.0,0.0,0.0,460.82,729.0,156.82,62.57,110.0,34.0
1774554053101484706,62045,9.6,51.9,10.34,-87.5,1.13,0.88,0.0,0.0,0.0,0.0,0.0,0.0,472.48,614.0,158.96,61.86,110.0,34.0
1774554053199793671,62145,10.636,56.7,10.676,-91.8,1.04,0.94,0.0,0.0,0.0,0.0,0.0,0.0,485.35,614.0,154.38,61.4,110.0,34.0
1774554053298057727,62244,8.86,48.9,10.66,-79.6,1.21,0.0,0.0,0.0,0.0,0.0,0.0,0.0,510.38,402.0,157.18,63.35,112.0,34.0
1774554053400457874,62344,10.708,50.3,10.684,-77.2,0.39,-4.69,0.0,0.0,0.0,0.0,0.0,0.0,501.47,903.0,156.5,62.09,112.0,34.0
1774554053523349048,62444,8.804,56.7,10.596,-132.0,0.63,1.15,0.0,0.0,0.0,0.0,0.0,0.0,11685.84,748.0,156.38,59.14,112.0,34.0
1774554053621684310,62566,10.14,84.2,10.632,-105.8,1.31,1.09,0.0,0.0,0.0,0.0,0.0,0.0,572.47,748.0,152.94,54.99,112.0,34.0
1774554054031171847,62666,10.648,72.1,10.608,-102.9,0.59,1.0,0.0,0.0,0.0,0.0,0.0,0.0,575.38,1339.0,157.29,57.2,112.0,34.0
1774554054046029227,62766,8.788,56.4,10.692,-113.2,0.82,0.21,0.0,0.0,0.0,0.0,0.0,0.0,599.56,1339.0,156.76,60.91,112.0,34.0
1774554054057926161,62866,9.288,44.3,10.676,-114.6,0.86,0.55,0.0,0.0,0.0,0.0,0.0,0.0,613.8,764.0,155.82,63.74,112.0,34.0
1774554054121416842,62966,10.636,45.0,10.324,-74.3,0.51,0.96,0.0,0.0,0.0,0.0,0.0,0.0,613.97,780.0,158.3,62.31,114.0,34.0
1774554054133285090,63066,10.74,40.2,9.64,-126.9,1.13,0.82,0.0,0.0,0.0,0.0,0.0,0.0,632.32,780.0,158.45,63.38,114.0,34.0
1774554054223791615,63166,8.872,40.4,9.472,-99.4,0.47,0.61,0.0,0.0,0.0,0.0,0.0,0.0,652.56,581.0,156.49,62.76,114.0,34.0
1774554054322120802,63266,9.056,40.2,9.3,-103.8,1.23,0.59,0.0,0.0,0.0,0.0,0.0,0.0,672.28,530.0,155.9,63.36,114.0,34.0
1774554054424479574,63366,9.988,60.9,10.504,-98.4,0.55,0.94,0.0,0.0,0.0,0.0,0.0,0.0,781.7,530.0,154.97,61.81,114.0,34.0
1774554054522803575,63466,10.352,97.0,10.484,-105.0,0.86,1.78,0.0,0.0,0.0,0.0,0.0,0.0,663.19,882.0,157.18,56.14,114.0,34.0
1774554054621123298,63566,9.584,71.9,10.672,-81.2,0.29,1.13,0.0,0.0,0.0,0.0,0.0,0.0,649.13,882.0,156.89,54.95,114.0,36.0
1774554054723524368,63665,8.868,53.1,10.432,-77.4,0.82,0.92,0.0,0.0,0.0,0.0,0.0,0.0,671.59,972.0,157.07,58.3,114.0,36.0
1774554054821831443,63765,10.668,54.0,10.612,-83.3,0.25,0.61,0.0,0.0,0.0,0.0,0.0,0.0,154.01,654.0,155.52,61.86,116.0,36.0
1774554054947192826,63865,10.68,31.4,9.5,-91.3,0.63,0.68,0.0,0.0,0.0,0.0,0.0,0.0,676.22,654.0,159.73,63.37,116.0,36.0
1774554055022547914,63965,8.956,52.8,10.092,-106.2,0.9,1.19,0.0,0.0,0.0,0.0,0.0,0.0,674.68,718.0,157.18,60.95,116.0,36.0
1774554055124938573,64065,10.696,43.4,10.68,-131.0,0.78,0.8,0.0,0.0,0.0,0.0,0.0,0.0,682.91,1270.0,156.74,60.86,116.0,36.0
1774554055239586530,64165,10.672,48.8,10.688,-114.0,0.94,0.57,0.0,0.0,0.0,0.0,0.0,0.0,11678.98,1222.0,157.32,62.02,116.0,36.0
1774554055358391077,64284,8.928,50.4,10.676,-100.1,0.64,0.57,0.0,0.0,0.0,0.0,0.0,0.0,11683.78,1222.0,158.55,62.21,116.0,36.0
1774554055456712317,64400,9.18,59.1,10.664,-124.7,0.9,0.92,0.0,0.0,0.0,0.0,0.0,0.0,678.45,931.0,152.16,57.61,116.0,36.0
1774554055559138460,64500,9.112,81.0,9.392,-86.0,0.98,1.48,0.0,0.0,0.0,0.0,0.0,0.0,139.26,931.0,156.25,54.27,118.0,36.0
1774554055657402791,64601,8.996,99.8,10.66,-82.3,0.63,1.48,0.0,0.0,0.0,0.0,0.0,0.0,674.0,2628.0,156.93,54.35,118.0,36.0
1774554055759816007,64701,10.644,46.9,9.872,-118.4,0.88,1.21,0.0,0.0,0.0,0.0,0.0,0.0,696.98,691.0,157.57,59.19,118.0,36.0
1774554055882699696,64801,9.184,36.9,10.688,-116.4,1.02,0.18,0.0,0.0,0.0,0.0,0.0,0.0,11671.6,961.0,158.26,66.96,118.0,36.0
1774554056001464056,64923,9.02,57.5,10.684,-107.7,0.74,0.47,0.0,0.0,0.0,0.0,0.0,0.0,11677.61,905.0,159.36,57.76,118.0,36.0
1774554056103893086,65045,9.004,31.1,9.576,-120.0,0.64,0.76,0.0,0.0,0.0,0.0,0.0,0.0,736.59,905.0,155.2,59.44,118.0,36.0
1774554056202198121,65145,10.692,31.3,9.544,-112.2,0.47,0.92,0.0,0.0,0.0,0.0,0.0,0.0,680.17,700.0,157.29,62.76,118.0,36.0
1774554056304584000,65245,10.356,56.0,9.428,-116.6,0.47,0.78,0.0,0.0,0.0,0.0,0.0,0.0,689.26,700.0,156.64,63.38,120.0,36.0
1774554056402879757,65344,9.02,43.0,10.7,-96.6,1.07,0.68,0.0,0.0,0.0,0.0,0.0,0.0,675.88,781.0,156.49,60.37,120.0,36.0
1774554056501204626,65443,9.132,87.4,9.396,-70.7,0.39,2.03,0.0,0.0,0.0,0.0,0.0,0.0,670.57,781.0,158.45,56.14,120.0,36.0
1774554056603600321,65544,8.976,102.0,10.676,-84.0,0.37,2.19,0.0,0.0,0.0,0.0,0.0,0.0,676.22,770.0,157.29,54.81,120.0,38.0
1774554056706054685,65645,9.196,57.9,9.396,-86.2,0.18,1.23,0.0,0.0,0.0,0.0,0.0,0.0,670.22,1257.0,156.74,55.86,120.0,38.0
1774554056804323070,65745,10.092,45.4,10.704,-117.2,0.37,0.12,0.0,0.0,0.0,0.0,0.0,0.0,677.42,1257.0,157.77,61.16,120.0,38.0
1774554057047172283,65845,9.176,45.2,9.352,-78.8,0.98,0.37,0.0,0.0,0.0,0.0,0.0,0.0,692.86,897.0,157.98,64.16,120.0,38.0
1774554057103330186,65945,8.964,66.0,10.696,-86.0,1.17,0.59,0.0,0.0,0.0,0.0,0.0,0.0,670.74,1507.0,155.07,60.86,120.0,38.0
1774554057116322672,66045,10.688,56.4,10.696,-65.4,1.02,0.59,0.0,0.0,0.0,0.0,0.0,0.0,160.7,1507.0,158.34,61.32,122.0,38.0
1774554057201630165,66144,10.688,38.5,9.836,-91.1,0.7,0.53,0.0,0.0,0.0,0.0,0.0,0.0,683.94,783.0,159.67,63.55,122.0,38.0
1774554057303995652,66244,8.968,54.0,10.512,-101.2,0.72,0.57,0.0,0.0,0.0,0.0,0.0,0.0,678.63,1140.0,154.24,61.69,122.0,38.0
1774554057426899043,66344,10.672,65.0,10.556,-134.7,0.84,0.68,0.0,0.0,0.0,0.0,0.0,0.0,11689.61,1246.0,155.3,58.49,122.0,38.0
1774554057525194392,66467,8.964,86.0,10.612,-69.5,0.82,1.25,0.0,0.0,0.0,0.0,0.0,0.0,671.59,1246.0,156.62,53.89,122.0,38.0
1774554057627605400,66568,9.4,77.3,10.18,-71.5,0.68,1.02,0.0,0.0,0.0,0.0,0.0,0.0,649.98,701.0,157.29,54.81,122.0,38.0
1774554057725874730,66668,8.908,62.6,10.68,-116.0,0.78,1.25,0.0,0.0,0.0,0.0,0.0,0.0,654.96,701.0,156.0,59.39,122.0,38.0
1774554057855163748,66768,10.656,33.6,9.52,-104.2,0.78,0.51,0.0,0.0,0.0,0.0,0.0,0.0,657.7,1246.0,158.08,62.76,124.0,38.0
1774554057926655979,66868,8.96,40.1,10.684,-80.2,0.57,1.09,0.0,0.0,0.0,0.0,0.0,0.0,653.24,1246.0,157.54,62.47,124.0,38.0
1774554058029055402,66968,10.212,55.6,9.268,-121.3,0.45,0.53,0.0,0.0,0.0,0.0,0.0,0.0,642.95,1134.0,158.18,61.38,124.0,38.0
1774554058127326657,67068,10.132,46.3,10.696,-135.2,0.8,0.92,0.0,0.0,0.0,0.0,0.0,0.0,642.78,841.0,155.78,61.47,124.0,38.0
1774554058229730422,67168,9.092,55.2,10.684,-82.9,0.9,0.64,0.0,0.0,0.0,0.0,0.0,0.0,653.07,841.0,157.54,62.47,124.0,38.0
1774554058327996214,67268,9.132,50.1,10.676,-100.2,0.76,0.63,0.0,0.0,0.0,0.0,0.0,0.0,663.88,2037.0,156.6,61.38,124.0,38.0
1774554058446763956,67368,10.62,90.6,10.68,-124.1,0.41,1.23,0.0,0.0,0.0,0.0,0.0,0.0,11695.1,294.0,156.31,56.47,124.0,38.0
1774554058549222483,67488,10.396,102.4,9.22,-95.8,1.15,1.7,0.0,0.0,0.0,0.0,0.0,0.0,679.14,294.0,155.87,53.75,124.0,38.0
1774554058647532240,67589,9.628,75.9,10.376,-110.8,0.63,1.17,0.0,0.0,0.0,0.0,0.0,0.0,688.57,841.0,157.29,54.02,126.0,40.0
1774554058770379119,67689,10.56,40.1,10.708,-7.0,-1.19,0.23,0.0,0.0,0.0,0.0,0.0,0.0,11700.42,881.0,149.64,62.39,126.0,40.0
1774554058897384269,67810,9.112,44.8,10.668,-127.3,0.78,0.35,0.0,0.0,0.0,0.0,0.0,0.0,11685.67,703.0,155.3,62.81,126.0,40.0
1774554058995698766,67936,10.652,50.7,10.676,-73.5,0.82,0.59,0.0,0.0,0.0,0.0,0.0,0.0,140.97,703.0,156.62,60.63,126.0,40.0
1774554059127174486,68036,10.68,51.2,10.7,-95.0,0.47,0.31,0.0,0.0,0.0,0.0,0.0,0.0,754.77,1364.0,157.69,62.01,126.0,40.0
1774554059196412623,68136,10.7,27.9,10.688,-99.0,1.11,0.82,0.0,0.0,0.0,0.0,0.0,0.0,714.3,613.0,156.62,62.31,126.0,40.0
1774554059294712842,68236,10.292,28.8,10.56,-180.9,1.11,0.76,0.0,0.0,0.0,0.0,0.0,0.0,736.76,613.0,141.25,63.38,126.0,40.0
1774554059397059862,68336,10.632,53.7,9.316,-67.3,1.04,1.02,0.0,0.0,0.0,0.0,0.0,0.0,141.32,1257.0,153.03,59.91,128.0,40.0
1774554059519978865,68436,9.188,96.5,9.448,-84.3,0.86,1.6,0.0,0.0,0.0,0.0,0.0,0.0,11693.56,1331.0,158.44,52.32,128.0,40.0
1774554059648826656,68558,9.04,84.4,10.664,-91.4,0.86,1.25,0.0,0.0,0.0,0.0,0.0,0.0,11687.21,908.0,155.99,55.22,128.0,40.0
1774554059741175753,68680,8.932,74.9,10.7,-63.5,0.57,0.68,0.0,0.0,0.0,0.0,0.0,0.0,149.03,908.0,155.87,57.33,128.0,40.0
1774554059879163950,68780,10.028,37.2,9.768,-83.7,0.45,0.7,0.0,0.0,0.0,0.0,0.0,0.0,674.68,939.0,157.49,62.37,128.0,40.0
1774554059941882625,68880,8.856,105.0,9.936,-97.0,0.84,1.04,0.0,0.0,0.0,0.0,0.0,0.0,669.02,939.0,158.56,61.81,128.0,40.0
1774554060040188293,68980,8.936,54.3,10.696,-75.8,0.84,0.68,0.0,0.0,0.0,0.0,0.0,0.0,668.16,874.0,155.82,58.23,128.0,40.0
1774554060138454271,69080,9.1,66.9,10.696,-106.0,0.47,0.49,0.0,0.0,0.0,0.0,0.0,0.0,678.63,2105.0,158.2,58.69,130.0,40.0
1774554060240877645,69180,9.344,57.7,10.728,-80.8,1.17,0.66,0.0,0.0,0.0,0.0,0.0,0.0,669.71,2105.0,157.54,60.66,130.0,40.0
1774554060339117732,69280,8.92,76.8,10.028,-95.3,0.74,0.98,0.0,0.0,0.0,0.0,0.0,0.0,678.97,1440.0,153.6,58.48,130.0,40.0
1774554060441591442,69380,9.124,95.4,10.676,-113.0,1.05,1.17,0.0,0.0,0.0,0.0,0.0,0.0,680.51,1440.0,155.73,56.14,130.0,40.0
1774554060539877735,69480,10.628,84.5,9.54,-83.1,0.96,1.37,0.0,0.0,0.0,0.0,0.0,0.0,146.98,823.0,153.84,51.01,130.0,40.0
1774554060642307758,69580,9.872,72.8,10.684,-87.9,1.02,1.09,0.0,0.0,0.0,0.0,0.0,0.0,747.74,755.0,158.6,53.14,130.0,42.0
1774554060740602162,69680,8.936,58.6,10.668,-137.8,0.88,0.57,0.0,0.0,0.0,0.0,0.0,0.0,662.16,755.0,156.64,58.85,130.0,42.0
1774554060843010869,69780,10.692,41.8,10.704,-107.3,0.41,0.8,0.0,0.0,0.0,0.0,0.0,0.0,666.45,1067.0,155.03,62.96,132.0,42.0
1774554060941312385,69880,10.688,34.7,10.7,-67.9,0.82,0.64,0.0,0.0,0.0,0.0,0.0,0.0,683.26,1242.0,159.99,63.15,132.0,42.0
1774554061039608276,69980,9.216,45.0,10.72,-107.0,0.8,0.9,0.0,0.0,0.0,0.0,0.0,0.0,668.68,1242.0,159.35,62.47,132.0,42.0
1774554061142023205,70079,9.512,42.8,10.7,-106.2,1.17,1.15,0.0,0.0,0.0,0.0,0.0,0.0,664.91,1279.0,156.49,61.96,132.0,42.0
1774554061240317869,70179,9.02,42.4,9.844,-72.2,0.88,0.94,0.0,0.0,0.0,0.0,0.0,0.0,679.83,2214.0,155.78,62.31,132.0,42.0
1774554061367148462,70279,10.728,57.9,9.572,-83.3,0.59,0.82,0.0,0.0,0.0,0.0,0.0,0.0,678.11,2214.0,158.45,60.66,132.0,42.0
1774554061440980590,70379,10.68,63.3,9.528,-123.5,0.51,1.58,0.0,0.0,0.0,0.0,0.0,0.0,678.8,829.0,155.82,55.87,132.0,42.0
1774554061539314052,70479,10.62,104.6,10.016,-183.4,1.11,1.62,0.0,0.0,0.0,0.0,0.0,0.0,700.23,880.0,143.99,38.73,132.0,42.0
1774554061641735944,70579,10.708,81.9,10.16,-78.5,0.51,1.86,0.0,0.0,0.0,0.0,0.0,0.0,144.92,880.0,155.31,22.45,134.0,42.0
1774554061740015033,70679,9.048,72.8,9.356,-124.2,0.8,0.82,0.0,0.0,0.0,0.0,0.0,0.0,723.56,2066.0,156.16,56.65,134.0,42.0
1774554061867175528,70779,10.708,45.3,10.68,-89.4,0.82,0.78,0.0,0.0,0.0,0.0,0.0,0.0,739.51,2066.0,157.77,65.59,134.0,42.0
1774554061940801148,70879,10.136,35.9,10.676,-106.7,0.61,0.68,0.0,0.0,0.0,0.0,0.0,0.0,769.35,2254.0,157.98,68.17,134.0,42.0
1774554062043125169,70979,9.108,39.7,10.68,-114.0,0.64,1.02,0.0,0.0,0.0,0.0,0.0,0.0,838.98,644.0,145.9,60.03,134.0,42.0
1774554062141445205,71079,10.74,51.2,10.012,-77.7,0.92,0.63,0.0,0.0,0.0,0.0,0.0,0.0,838.46,644.0,157.66,63.6,134.0,42.0
1774554062239737148,71179,10.66,38.9,9.636,-88.3,0.59,0.63,0.0,0.0,0.0,0.0,0.0,0.0,884.25,1120.0,155.58,56.14,134.0,42.0
1774554062342142817,71279,9.084,57.4,10.676,-98.6,1.27,0.9,0.0,0.0,0.0,0.0,0.0,0.0,942.91,1405.0,154.24,49.19,134.0,42.0
1774554062440418592,71379,8.968,61.8,9.46,-115.5,0.55,0.96,0.0,0.0,0.0,0.0,0.0,0.0,150.75,1405.0,154.38,53.33,136.0,42.0
1774554062542904615,71479,10.648,88.4,10.664,-113.5,1.07,1.64,0.0,0.0,0.0,0.0,0.0,0.0,948.39,1212.0,156.27,52.34,136.0,42.0
1774554062641154946,71579,10.604,77.5,10.688,-102.5,0.78,1.05,0.0,0.0,0.0,0.0,0.0,0.0,957.66,1497.0,157.35,54.44,136.0,42.0
1774554062743571799,71680,10.44,68.6,9.444,-128.4,1.0,0.78,0.0,0.0,0.0,0.0,0.0,0.0,970.52,1497.0,156.0,58.5,136.0,44.0
1774554062841865576,71780,10.68,47.1,10.704,-64.5,0.82,0.41,0.0,0.0,0.0,0.0,0.0,0.0,956.63,1001.0,157.29,61.96,136.0,44.0
1774554062979175406,71880,10.696,38.1,10.684,-89.4,0.76,0.61,0.0,0.0,0.0,0.0,0.0,0.0,961.77,1001.0,158.56,63.6,136.0,44.0
1774554063042569969,71981,8.876,44.0,10.708,-106.1,0.68,0.84,0.0,0.0,0.0,0.0,0.0,0.0,968.63,1643.0,158.08,60.37,136.0,44.0
1774554063144983341,72081,9.928,53.1,10.696,-80.4,0.55,0.9,0.0,0.0,0.0,0.0,0.0,0.0,971.2,1430.0,155.07,60.03,138.0,44.0
1774554063243292767,72181,9.08,36.8,10.696,-107.8,1.17,0.76,0.0,0.0,0.0,0.0,0.0,0.0,974.98,1430.0,156.0,62.05,138.0,44.0
1774554063345730769,72282,10.708,56.6,10.664,-64.7,0.76,0.78,0.0,0.0,0.0,0.0,0.0,0.0,966.57,2382.0,160.39,62.55,138.0,44.0
1774554063443912598,72382,10.632,76.5,10.544,-103.4,0.64,0.92,0.0,0.0,0.0,0.0,0.0,0.0,996.59,998.0,154.38,58.61,138.0,44.0
1774554063546353693,72482,9.548,85.4,10.676,-106.4,0.49,1.37,0.0,0.0,0.0,0.0,0.0,0.0,149.21,998.0,158.0,53.93,138.0,44.0
1774554063644665786,72583,8.852,75.0,10.712,-118.2,0.72,0.96,0.0,0.0,0.0,0.0,0.0,0.0,1005.33,826.0,158.46,54.35,138.0,44.0
1774554063747126030,72683,9.112,66.3,10.684,-109.8,0.86,0.8,0.0,0.0,0.0,0.0,0.0,0.0,1002.07,2612.0,156.03,57.79,138.0,44.0
1774554063845396399,72783,8.84,35.7,10.688,-105.4,0.98,0.37,0.0,0.0,0.0,0.0,0.0,0.0,1001.39,2612.0,156.76,62.71,138.0,44.0
1774554063947792141,72883,10.624,35.4,10.02,-73.7,0.78,0.47,0.0,0.0,0.0,0.0,0.0,0.0,141.32,1316.0,159.99,63.15,140.0,44.0
1774554064046078717,72983,9.124,63.7,10.7,-79.9,0.96,0.59,0.0,0.0,0.0,0.0,0.0,0.0,990.58,1003.0,156.49,60.37,140.0,44.0
1774554064148502108,73083,9.064,35.9,10.696,-81.3,0.92,0.72,0.0,0.0,0.0,0.0,0.0,0.0,1004.3,1003.0,158.56,60.91,140.0,44.0
1774554064246808813,73183,10.744,42.9,10.668,-100.2,0.8,0.76,0.0,0.0,0.0,0.0,0.0,0.0,1017.0,947.0,157.98,62.55,140.0,44.0
1774554064345034275,73283,8.832,68.0,10.696,-90.0,0.47,0.82,0.0,0.0,0.0,0.0,0.0,0.0,1003.45,947.0,156.89,60.27,140.0,44.0
1774554064447466221,73383,10.636,73.6,10.524,-95.6,0.35,0.76,0.0,0.0,0.0,0.0,0.0,0.0,995.04,708.0,159.59,59.34,140.0,44.0
1774554064545806761,73483,10.704,74.2,10.152,-89.3,0.49,1.43,0.0,0.0,0.0,0.0,0.0,0.0,1034.66,1855.0,155.9,55.02,140.0,44.0
1774554064791174536,73583,8.84,77.1,10.676,-105.3,0.55,1.37,0.0,0.0,0.0,0.0,0.0,0.0,1036.03,1855.0,156.0,54.07,142.0,44.0
1774554064848940377,73683,8.892,75.0,10.692,-82.0,0.59,0.86,0.0,0.0,0.0,0.0,0.0,0.0,1036.2,2060.0,159.59,57.74,142.0,46.0
1774554064862282473,73783,9.14,39.0,10.584,-86.4,0.55,0.31,0.0,0.0,0.0,0.0,0.0,0.0,1049.75,1163.0,157.46,61.47,142.0,46.0
1774554064947200006,73883,10.68,35.9,10.692,-99.5,0.45,1.04,0.0,0.0,0.0,0.0,0.0,0.0,1024.71,1163.0,157.66,61.81,142.0,46.0
1774554065049619065,73984,8.864,62.8,10.724,-81.9,1.07,0.9,0.0,0.0,0.0,0.0,0.0,0.0,149.21,1913.0,158.4,60.86,142.0,46.0
1774554065147927365,74084,10.636,42.7,10.708,-94.9,0.27,0.84,0.0,0.0,0.0,0.0,0.0,0.0,1005.16,1913.0,159.05,61.24,142.0,46.0
1774554065246223609,74184,10.68,53.8,10.716,-100.4,1.07,0.41,0.0,0.0,0.0,0.0,0.0,0.0,1009.79,2029.0,157.39,61.38,142.0,46.0
1774554065348644852,74284,8.884,49.8,10.684,-119.9,0.9,0.86,0.0,0.0,0.0,0.0,0.0,0.0,986.47,1355.0,157.35,61.24,142.0,46.0
1774554065446891260,74384,9.084,55.1,9.312,-116.9,0.55,0.98,0.0,0.0,0.0,0.0,0.0,0.0,985.78,1355.0,158.56,61.81,144.0,46.0
1774554065549305984,74484,10.684,82.5,10.7,-110.3,0.33,1.39,0.0,0.0,0.0,0.0,0.0,0.0,989.55,1239.0,155.82,51.94,144.0,46.0
1774554065647606191,74585,10.692,70.2,9.36,-93.7,0.76,0.94,0.0,0.0,0.0,0.0,0.0,0.0,996.24,1487.0,159.15,55.58,144.0,46.0
1774554065750048323,74685,9.356,80.0,10.708,-118.2,0.45,0.53,0.0,0.0,0.0,0.0,0.0,0.0,1001.9,1487.0,154.23,57.61,144.0,46.0
1774554065891169472,74785,9.168,48.6,10.692,-69.6,1.15,0.63,0.0,0.0,0.0,0.0,0.0,0.0,994.87,712.0,159.59,61.75,144.0,46.0
1774554065950761920,74885,8.956,35.6,10.7,-94.9,1.13,0.74,0.0,0.0,0.0,0.0,0.0,0.0,1028.14,1668.0,158.3,62.31,144.0,46.0
1774554066049056870,74985,9.524,55.4,10.688,-89.9,1.11,0.63,0.0,0.0,0.0,0.0,0.0,0.0,1018.88,1668.0,156.0,62.05,144.0,46.0
1774554066151454001,75085,9.872,60.8,10.156,-127.1,1.04,0.45,0.0,0.0,0.0,0.0,0.0,0.0,1006.36,2201.0,157.29,61.17,146.0,46.0
1774554066249755654,75185,9.248,54.6,10.696,-110.7,1.04,0.23,0.0,0.0,0.0,0.0,0.0,0.0,1028.83,1021.0,159.05,63.79,146.0,46.0
1774554066352133581,75285,8.972,35.5,10.684,-88.1,0.78,0.76,0.0,0.0,0.0,0.0,0.0,0.0,1025.74,1021.0,156.89,61.16,146.0,46.0
1774554066450430642,75385,10.692,70.5,10.68,-108.7,1.09,0.78,0.0,0.0,0.0,0.0,0.0,0.0,1032.43,1543.0,156.49,58.78,146.0,46.0
1774554066548780871,75485,9.252,80.8,10.688,-84.0,0.86,1.74,0.0,0.0,0.0,0.0,0.0,0.0,1062.44,1543.0,156.76,52.85,146.0,46.0
1774554066651203985,75585,9.152,54.7,10.684,-109.7,0.96,0.66,0.0,0.0,0.0,0.0,0.0,0.0,1037.92,2085.0,156.49,54.81,146.0,46.0
1774554066803193108,75685,9.14,51.0,10.716,-83.0,0.74,0.59,0.0,0.0,0.0,0.0,0.0,0.0,1025.06,2145.0,158.3,58.1,146.0,48.0
1774554066851877564,75785,9.064,39.1,10.716,-103.1,0.78,0.64,0.0,0.0,0.0,0.0,0.0,0.0,1017.17,2145.0,158.45,63.38,146.0,48.0
1774554066950175551,75885,9.084,42.6,9.46,-53.8,0.16,0.57,0.0,0.0,0.0,0.0,0.0,0.0,1044.95,2528.0,156.6,61.38,148.0,48.0
1774554067048441001,75985,9.152,45.9,9.428,-78.5,0.61,0.66,0.0,0.0,0.0,0.0,0.0,0.0,1022.31,1821.0,158.3,60.63,148.0,48.0
1774554067150882617,76085,9.056,62.0,9.508,-102.5,0.8,0.53,0.0,0.0,0.0,0.0,0.0,0.0,1045.12,1821.0,158.45,60.66,148.0,48.0
1774554067249190939,76185,10.684,38.4,10.716,-86.8,0.57,0.96,0.0,0.0,0.0,0.0,0.0,0.0,1024.37,1876.0,155.03,61.38,148.0,48.0
1774554067347448556,76284,9.184,47.9,10.696,-99.8,0.82,0.76,0.0,0.0,0.0,0.0,0.0,0.0,138.23,1876.0,156.93,61.24,148.0,48.0
1774554067449856262,76383,9.496,66.5,10.716,-70.4,0.45,0.76,0.0,0.0,0.0,0.0,0.0,0.0,1004.65,1466.0,158.37,57.94,148.0,48.0
1774554067548209735,76483,10.68,71.3,10.692,-125.5,0.94,1.58,0.0,0.0,0.0,0.0,0.0,0.0,1056.44,778.0,156.74,54.19,148.0,48.0
1774554067650601589,76583,9.048,65.0,10.696,-86.5,0.7,1.76,0.0,0.0,0.0,0.0,0.0,0.0,1024.03,778.0,155.87,54.64,148.0,48.0
1774554067748898429,76683,9.0,72.5,10.704,-110.4,0.88,0.84,0.0,0.0,0.0,0.0,0.0,0.0,1027.29,2104.0,158.08,57.99,150.0,48.0
1774554067857241222,76783,10.22,37.4,10.212,-98.2,0.45,0.61,0.0,0.0,0.0,0.0,0.0,0.0,1020.42,1428.0,158.3,62.31,150.0,48.0
1774554067949582124,76883,9.016,42.4,10.716,-83.3,1.04,0.47,0.0,0.0,0.0,0.0,0.0,0.0,1023.34,1428.0,157.66,62.71,150.0,48.0
1774554068079179969,76983,10.684,44.4,10.716,-76.1,0.35,0.92,0.0,0.0,0.0,0.0,0.0,0.0,1032.43,2332.0,158.08,61.17,150.0,48.0
1774554068150322917,77083,10.692,48.9,10.092,-110.5,1.23,0.51,0.0,0.0,0.0,0.0,0.0,0.0,1049.07,1494.0,157.46,61.47,150.0,48.0
1774554068248647168,77182,10.7,42.3,10.684,-88.1,0.92,0.49,0.0,0.0,0.0,0.0,0.0,0.0,1083.54,1494.0,157.54,61.57,150.0,48.0
1774554068346858193,77282,10.224,39.1,10.664,-98.9,0.61,0.78,0.0,0.0,0.0,0.0,0.0,0.0,1083.71,1494.0,155.7,61.17,150.0,48.0
1774554068449299624,77382,8.916,75.9,10.692,-133.5,0.76,1.11,0.0,0.0,0.0,0.0,0.0,0.0,1023.68,1291.0,155.78,59.79,152.0,48.0
1774554068547627691,77481,10.68,86.6,10.652,-118.5,0.9,1.54,0.0,0.0,0.0,0.0,0.0,0.0,1002.76,1291.0,157.54,53.42,152.0,48.0
1774554068655966352,77581,8.976,65.7,9.9,-76.7,0.92,1.15,0.0,0.0,0.0,0.0,0.0,0.0,1014.25,1644.0,157.29,56.4,152.0,48.0
1774554068748375391,77681,8.96,53.3,10.004,-73.1,0.92,1.52,0.0,0.0,0.0,0.0,0.0,0.0,1026.43,1644.0,157.66,62.71,152.0,50.0
1774554068856696663,77782,9.368,44.6,9.46,-58.4,0.78,0.51,0.0,0.0,0.0,0.0,0.0,0.0,1056.78,2158.0,158.08,63.55,152.0,50.0
1774554068949097683,77882,10.696,45.7,9.456,-86.8,1.09,0.96,0.0,0.0,0.0,0.0,0.0,0.0,1009.62,1969.0,156.74,61.69,152.0,50.0
1774554069079179317,77982,10.688,45.6,10.72,-117.1,0.88,1.0,0.0,0.0,0.0,0.0,0.0,0.0,1021.28,1969.0,157.77,60.27,152.0,50.0
1774554069149727291,78083,10.412,62.1,10.716,-112.5,0.9,0.41,0.0,0.0,0.0,0.0,0.0,0.0,1025.74,2451.0,157.98,61.75,152.0,50.0
1774554069252171835,78183,8.872,62.0,10.716,-105.5,0.92,0.53,0.0,0.0,0.0,0.0,0.0,0.0,149.72,1261.0,156.13,62.28,154.0,50.0
1774554069379173534,78283,9.136,65.6,10.372,-69.0,0.7,0.51,0.0,0.0,0.0,0.0,0.0,0.0,11683.61,1780.0,157.51,60.92,154.0,50.0
1774554069477420396,78412,10.168,73.3,9.348,-69.0,0.2,1.19,0.0,0.0,0.0,0.0,0.0,0.0,1012.54,1780.0,159.7,56.62,154.0,50.0
1774554069579835013,78512,9.808,69.5,9.4,-70.7,0.94,1.19,0.0,0.0,0.0,0.0,0.0,0.0,160.87,1127.0,155.78,53.05,154.0,50.0
1774554069678145470,78611,9.312,56.2,9.564,-84.0,1.11,1.11,0.0,0.0,0.0,0.0,0.0,0.0,1009.96,1127.0,157.35,57.84,154.0,50.0
1774554069776417167,78711,10.704,54.2,9.948,-106.6,0.41,0.66,0.0,0.0,0.0,0.0,0.0,0.0,1006.53,1491.0,158.88,60.37,154.0,50.0
1774554069878871118,78811,9.072,23.4,10.692,-85.4,0.8,0.72,0.0,0.0,0.0,0.0,0.0,0.0,1014.08,2336.0,157.35,62.94,154.0,50.0
1774554070011171150,78911,10.688,59.1,9.496,-112.0,0.82,0.96,0.0,0.0,0.0,0.0,0.0,0.0,11680.87,1205.0,158.65,61.61,156.0,50.0
1774554070100024303,79033,10.112,37.0,9.26,-100.5,0.7,0.57,0.0,0.0,0.0,0.0,0.0,0.0,989.55,1205.0,155.45,61.53,156.0,50.0
1774554070202431069,79133,10.736,56.9,10.688,-123.9,1.25,0.33,0.0,0.0,0.0,0.0,0.0,0.0,993.33,1954.0,157.39,61.38,156.0,50.0
1774554070300728362,79233,10.488,58.7,9.264,-134.6,1.23,0.74,0.0,0.0,0.0,0.0,0.0,0.0,993.16,1954.0,158.45,61.57,156.0,50.0
1774554070398979783,79333,10.624,198.8,10.564,-83.9,1.27,1.95,0.0,0.0,0.0,0.0,0.0,0.0,1008.76,688.0,155.82,62.96,156.0,50.0
1774554070501435403,79433,8.804,73.2,10.724,-87.7,0.72,1.29,0.0,0.0,0.0,0.0,0.0,0.0,1016.14,1432.0,157.46,55.58,156.0,50.0
1774554070599724678,79533,10.62,82.5,9.832,-97.3,0.92,1.8,0.0,0.0,0.0,0.0,0.0,0.0,999.5,1432.0,157.54,53.42,156.0,50.0
1774554070702147907,79633,10.708,66.5,9.308,-87.6,0.12,1.11,0.0,0.0,0.0,0.0,0.0,0.0,997.62,1894.0,157.39,56.66,158.0,52.0
1774554070800442904,79733,10.196,45.7,10.72,-111.4,0.84,0.74,0.0,0.0,0.0,0.0,0.0,0.0,995.9,1894.0,156.76,61.81,158.0,52.0
1774554070971170887,79833,10.656,40.5,9.356,-72.2,0.98,0.59,0.0,0.0,0.0,0.0,0.0,0.0,988.53,603.0,159.59,62.55,158.0,52.0
1774554071001160187,79933,10.688,54.0,10.724,-116.3,0.63,0.68,0.0,0.0,0.0,0.0,0.0,0.0,994.19,1701.0,156.74,60.03,158.0,52.0
1774554071099506338,80033,9.152,54.6,10.712,-106.7,0.47,0.53,0.0,0.0,0.0,0.0,0.0,0.0,1015.79,1701.0,157.77,61.16,158.0,52.0
1774554071201861252,80133,9.64,48.1,10.716,-72.1,0.88,1.13,0.0,0.0,0.0,0.0,0.0,0.0,1026.08,1430.0,158.69,62.34,158.0,52.0
1774554071300169808,80233,9.12,60.2,9.5,-101.0,0.98,0.21,0.0,0.0,0.0,0.0,0.0,0.0,1032.77,1365.0,155.9,61.69,158.0,52.0
1774554071402550409,80333,9.968,47.4,10.72,-163.7,1.07,0.49,0.0,0.0,0.0,0.0,0.0,0.0,1001.39,1365.0,156.76,63.6,158.0,52.0
1774554071500833205,80432,10.124,84.2,9.488,-87.9,0.68,1.45,0.0,0.0,0.0,0.0,0.0,0.0,1006.19,1923.0,157.88,55.06,160.0,52.0
1774554071599187467,80532,10.696,89.1,10.708,-60.8,0.98,1.25,0.0,0.0,0.0,0.0,0.0,0.0,1013.39,832.0,155.07,52.52,160.0,52.0
1774554071701601754,80632,10.48,54.4,10.14,-136.3,0.88,0.92,0.0,0.0,0.0,0.0,0.0,0.0,1013.91,832.0,158.56,57.33,160.0,52.0
1774554071799866086,80732,9.148,42.1,9.544,-142.1,1.31,0.78,0.0,0.0,0.0,0.0,0.0,0.0,1015.97,1764.0,158.79,60.95,160.0,52.0
1774554071902271262,80832,10.652,41.6,10.664,-89.3,0.84,0.86,0.0,0.0,0.0,0.0,0.0,0.0,1019.05,2805.0,157.57,61.69,160.0,52.0
1774554072000573077,80932,9.184,64.3,10.728,-108.2,0.78,0.72,0.0,0.0,0.0,0.0,0.0,0.0,1021.28,2805.0,158.56,60.91,160.0,52.0
1774554072102973200,81032,10.64,46.2,10.728,-96.3,0.35,1.07,0.0,0.0,0.0,0.0,0.0,0.0,1017.0,1513.0,157.98,62.55,160.0,52.0
1774554072201280334,81132,10.036,45.9,10.708,-116.0,1.15,0.78,0.0,0.0,0.0,0.0,0.0,0.0,1035.35,1513.0,155.25,61.4,162.0,52.0
1774554072299579431,81232,10.712,42.2,10.152,-108.2,0.86,0.82,0.0,0.0,0.0,0.0,0.0,0.0,1036.03,1334.0,157.29,61.96,162.0,52.0
1774554072401963959,81332,10.544,58.1,9.604,-119.9,0.84,1.25,0.0,0.0,0.0,0.0,0.0,0.0,1019.74,1199.0,159.82,63.58,162.0,52.0
1774554072500273853,81432,9.772,96.5,9.684,-90.1,0.55,1.48,0.0,0.0,0.0,0.0,0.0,0.0,1021.28,1199.0,155.11,53.18,162.0,52.0
1774554072602692123,81532,9.656,93.2,9.376,-111.7,0.76,1.43,0.0,0.0,0.0,0.0,0.0,0.0,162.24,1442.0,155.9,52.52,162.0,52.0
1774554072701010943,81632,9.208,64.4,10.72,-69.0,0.88,0.88,0.0,0.0,0.0,0.0,0.0,0.0,1026.6,1804.0,157.18,57.74,162.0,54.0
1774554072803410509,81732,10.74,40.0,10.384,-87.9,1.07,0.78,0.0,0.0,0.0,0.0,0.0,0.0,1027.8,1804.0,158.56,61.81,162.0,54.0
1774554073063170750,81832,9.316,33.3,10.72,-97.6,0.8,0.92,0.0,0.0,0.0,0.0,0.0,0.0,1027.97,1631.0,158.08,62.76,162.0,54.0
1774554073102412976,81932,9.196,54.0,10.724,-107.9,0.41,0.61,0.0,0.0,0.0,0.0,0.0,0.0,1061.93,1310.0,159.15,55.58,164.0,54.0
1774554073114218214,82032,10.72,33.2,10.724,-84.8,0.8,0.8,0.0,0.0,0.0,0.0,0.0,0.0,1043.23,1310.0,157.66,60.91,164.0,54.0
1774554073200690280,82132,9.032,38.1,10.152,-122.7,1.15,0.49,0.0,0.0,0.0,0.0,0.0,0.0,1118.52,1921.0,157.39,62.17,164.0,54.0
1774554073323598300,82232,10.688,31.7,9.48,-116.1,1.02,0.82,0.0,0.0,0.0,0.0,0.0,0.0,11682.24,1800.0,157.56,61.47,164.0,54.0
1774554073425973442,82355,9.132,53.5,10.712,-123.2,0.8,1.39,0.0,0.0,0.0,0.0,0.0,0.0,1031.4,1800.0,157.07,58.3,164.0,54.0
1774554073524276376,82455,10.732,57.7,10.008,-80.3,0.78,1.37,0.0,0.0,0.0,0.0,0.0,0.0,1038.43,995.0,156.6,54.3,164.0,54.0
1774554073632639094,82555,10.708,64.7,9.368,-104.1,0.84,1.48,0.0,0.0,0.0,0.0,0.0,0.0,1032.09,995.0,158.56,54.64,164.0,54.0
1774554073725006047,82655,10.728,54.7,10.572,-78.5,0.88,1.33,0.0,0.0,0.0,0.0,0.0,0.0,1021.28,1531.0,157.18,57.74,166.0,54.0
1774554073823330352,82755,9.108,52.2,9.308,-130.9,0.72,0.63,0.0,0.0,0.0,0.0,0.0,0.0,1155.91,2078.0,157.57,61.69,166.0,54.0
1774554073925706420,82854,10.732,49.5,10.496,-68.0,0.92,2.38,0.0,0.0,0.0,0.0,0.0,0.0,1004.13,2078.0,157.66,62.71,166.0,54.0
1774554074024021145,82954,9.076,23.0,10.728,-111.0,0.74,0.7,0.0,0.0,0.0,0.0,0.0,0.0,1037.4,1535.0,159.5,74.49,166.0,54.0
1774554074155174948,83054,8.896,40.3,9.296,-106.4,0.76,0.27,0.0,0.0,0.0,0.0,0.0,0.0,1033.46,1619.0,156.74,60.86,166.0,54.0
1774554074224719080,83154,8.948,52.0,10.712,-102.6,0.33,0.45,0.0,0.0,0.0,0.0,0.0,0.0,1065.02,1619.0,157.66,63.6,166.0,54.0
1774554074322985999,83254,10.712,76.5,10.716,-114.6,0.39,1.41,0.0,0.0,0.0,0.0,0.0,0.0,1024.54,2149.0,155.7,50.84,166.0,54.0
1774554074425384977,83354,10.168,97.1,10.684,-146.1,1.05,1.05,0.0,0.0,0.0,0.0,0.0,0.0,1024.37,1201.0,157.46,50.52,166.0,54.0
1774554074523702286,83454,8.912,96.8,9.748,-85.3,0.21,1.93,0.0,0.0,0.0,0.0,0.0,0.0,136.86,1201.0,156.11,52.98,168.0,54.0
1774554074626135581,83554,8.924,76.6,10.736,-107.9,0.66,0.66,0.0,0.0,0.0,0.0,0.0,0.0,1035.35,1001.0,157.79,56.9,168.0,54.0
1774554074724433279,83654,10.288,37.8,10.728,-87.3,1.05,1.09,0.0,0.0,0.0,0.0,0.0,0.0,1020.08,1396.0,158.3,63.15,168.0,56.0
1774554074826811627,83755,10.388,41.2,9.42,-85.8,1.15,2.54,0.0,0.0,0.0,0.0,0.0,0.0,1023.68,1396.0,157.66,65.39,168.0,56.0
1774554074925186142,83855,8.844,43.5,10.704,-78.0,-0.51,0.84,0.0,0.0,0.0,0.0,0.0,0.0,1045.12,1502.0,155.82,65.32,168.0,56.0
1774554075027559391,83955,9.044,43.0,10.532,-89.2,0.9,0.8,0.0,0.0,0.0,0.0,0.0,0.0,1033.29,1502.0,146.91,60.02,168.0,56.0
1774554075159172408,84056,8.888,43.7,10.728,-92.6,1.04,0.88,0.0,0.0,0.0,0.0,0.0,0.0,1039.12,306.0,156.49,49.25,168.0,56.0
1774554075228267890,84156,9.04,41.8,10.696,-146.7,1.27,1.09,0.0,0.0,0.0,0.0,0.0,0.0,1023.0,1815.0,154.24,28.35,170.0,56.0
1774554075326570147,84256,9.096,72.2,10.7,-76.0,0.29,0.61,0.0,0.0,0.0,0.0,0.0,0.0,1039.46,1815.0,156.76,19.71,170.0,56.0
1774554075428932813,84357,8.852,105.0,9.352,-98.8,0.7,1.29,0.0,0.0,0.0,0.0,0.0,0.0,1055.58,1339.0,158.88,19.07,170.0,56.0
1774554075527267423,84457,10.704,85.7,10.676,-66.9,1.07,1.5,0.0,0.0,0.0,0.0,0.0,0.0,1019.57,866.0,155.07,48.36,170.0,56.0
1774554075629677146,84557,8.828,65.1,9.448,-106.5,0.2,1.13,0.0,0.0,0.0,0.0,0.0,0.0,164.98,866.0,157.06,54.87,170.0,56.0
1774554075727908604,84658,9.144,44.9,9.436,-97.6,0.47,0.74,0.0,0.0,0.0,0.0,0.0,0.0,1015.97,1881.0,160.06,53.86,170.0,56.0
1774554075830368774,84758,10.796,51.1,9.284,-119.2,0.35,0.23,0.0,0.0,0.0,0.0,0.0,0.0,1013.91,1547.0,158.4,62.53,170.0,56.0
1774554075928656753,84858,10.72,52.2,10.696,-107.9,0.94,0.74,0.0,0.0,0.0,0.0,0.0,0.0,1021.45,1547.0,156.76,54.64,170.0,56.0
1774554076079174014,84957,8.916,68.5,10.72,-101.0,0.94,0.72,0.0,0.0,0.0,0.0,0.0,0.0,1014.25,1696.0,160.31,54.25,172.0,56.0
1774554076129409713,85057,8.932,51.0,9.66,-108.6,0.39,0.74,0.0,0.0,0.0,0.0,0.0,0.0,1017.17,1696.0,154.23,61.16,172.0,56.0
1774554076227655602,85157,9.18,35.7,9.584,-119.5,0.98,1.04,0.0,0.0,0.0,0.0,0.0,0.0,1028.66,1855.0,157.29,34.16,172.0,56.0
1774554076330095459,85257,8.856,67.7,10.624,-160.1,1.31,0.76,0.0,0.0,0.0,0.0,0.0,0.0,1019.05,3082.0,155.65,15.31,172.0,56.0
1774554076428388091,85357,8.98,78.3,10.136,-120.3,0.45,0.94,0.0,0.0,0.0,0.0,0.0,0.0,150.92,3082.0,155.31,1.87,172.0,56.0
1774554076530740797,85457,10.712,83.7,9.888,-123.6,0.74,1.31,0.0,0.0,0.0,0.0,0.0,0.0,1018.71,2332.0,157.79,0.0,172.0,56.0
1774554076629079764,85557,10.708,82.3,10.724,-111.9,0.88,0.88,0.0,0.0,0.0,0.0,0.0,0.0,1031.23,667.0,159.05,0.0,172.0,56.0
1774554076763191107,85657,9.152,31.2,10.704,-140.9,0.64,0.72,0.0,0.0,0.0,0.0,0.0,0.0,1013.74,667.0,154.23,0.0,172.0,56.0
1774554076829788345,85757,10.204,44.6,10.704,-86.1,0.72,0.35,0.0,0.0,0.0,0.0,0.0,0.0,1022.14,1745.0,159.67,0.0,174.0,56.0
1774554076928067865,85857,10.22,44.2,10.724,-117.7,0.82,0.74,0.0,0.0,0.0,0.0,0.0,0.0,1024.03,3006.0,156.74,3.33,174.0,56.0
1774554077036467040,85957,9.62,51.1,10.688,-102.3,0.63,0.84,0.0,0.0,0.0,0.0,0.0,0.0,1021.28,3006.0,158.45,0.0,174.0,56.0
1774554077128779851,86056,10.252,37.3,10.704,-83.2,0.7,0.7,0.0,0.0,0.0,0.0,0.0,0.0,1018.37,1821.0,157.18,0.0,174.0,56.0
1774554077227043616,86156,9.764,52.4,10.0,-105.2,0.37,0.78,0.0,0.0,0.0,0.0,0.0,0.0,1022.14,1821.0,158.45,0.0,174.0,56.0
1774554077329531960,86256,9.0,53.5,10.688,-110.5,0.37,0.68,0.0,0.0,0.0,0.0,0.0,0.0,1027.46,1386.0,158.18,0.0,174.0,56.0
1774554077427807800,86355,9.016,85.6,10.696,-114.2,0.43,1.7,0.0,0.0,0.0,0.0,0.0,0.0,1024.2,1011.0,156.5,22.96,174.0,56.0
1774554077526053176,86455,8.936,97.7,10.32,-82.9,0.39,1.31,0.0,0.0,0.0,0.0,0.0,0.0,1007.39,1011.0,156.64,48.89,176.0,56.0
1774554077628473887,86555,9.24,68.3,9.892,-58.9,1.15,1.02,0.0,0.0,0.0,0.0,0.0,0.0,1008.42,1359.0,157.39,45.64,176.0,56.0
1774554077730892766,86656,9.132,42.2,9.816,-112.2,0.78,1.0,0.0,0.0,0.0,0.0,0.0,0.0,1006.88,2027.0,159.15,60.63,176.0,56.0
1774554077829214792,86756,9.952,53.7,9.452,-128.4,0.84,0.41,0.0,0.0,0.0,0.0,0.0,0.0,1011.34,2027.0,158.56,62.71,176.0,56.0
1774554077927463946,86856,9.116,60.3,10.708,-67.6,0.68,0.98,0.0,0.0,0.0,0.0,0.0,0.0,145.6,2602.0,156.85,54.49,176.0,56.0
1774554078059173938,86957,10.14,34.6,10.712,-86.7,0.63,1.09,0.0,0.0,0.0,0.0,0.0,0.0,1011.51,1984.0,159.59,60.95,176.0,56.0
1774554078132313792,87057,9.572,56.2,10.712,-158.6,1.07,0.51,0.0,0.0,0.0,0.0,0.0,0.0,1012.71,1984.0,155.11,57.61,176.0,58.0
1774554078230601508,87157,10.68,22.7,10.68,-139.0,1.43,0.66,0.0,0.0,0.0,0.0,0.0,0.0,1035.0,1609.0,157.29,52.43,176.0,58.0
1774554078328963597,87257,10.724,35.4,9.532,-108.1,0.98,0.98,0.0,0.0,0.0,0.0,0.0,0.0,1021.28,1609.0,156.64,50.7,178.0,58.0
1774554078431300810,87356,9.02,67.1,9.392,-107.9,0.45,1.35,0.0,0.0,0.0,0.0,0.0,0.0,1012.88,1897.0,158.08,57.2,178.0,58.0
1774554078529587414,87456,9.748,70.4,10.696,-89.0,0.57,1.37,0.0,0.0,0.0,0.0,0.0,0.0,1013.91,2671.0,156.62,55.58,178.0,58.0
1774554078632017630,87557,9.384,82.4,10.008,-87.5,1.04,1.5,0.0,0.0,0.0,0.0,0.0,0.0,1035.17,2671.0,156.76,56.44,178.0,58.0
1774554078730319884,87657,9.456,62.2,9.652,-116.4,0.8,0.7,0.0,0.0,0.0,0.0,0.0,0.0,1012.71,1606.0,158.18,59.81,178.0,58.0
1774554078828628748,87757,9.172,68.2,9.344,-76.4,0.45,0.51,0.0,0.0,0.0,0.0,0.0,0.0,1042.38,698.0,159.99,62.31,178.0,58.0
1774554078959216989,87857,8.988,40.5,10.728,-123.1,0.35,0.94,0.0,0.0,0.0,0.0,0.0,0.0,1064.67,698.0,157.54,61.57,178.0,58.0
1774554079029324728,87957,10.692,46.0,10.692,-75.9,0.82,1.17,0.0,0.0,0.0,0.0,0.0,0.0,144.92,1159.0,156.03,54.49,180.0,58.0
1774554079131727298,88057,10.66,47.0,10.724,-82.9,0.39,0.74,0.0,0.0,0.0,0.0,0.0,0.0,1023.0,2555.0,159.59,61.75,180.0,58.0
1774554079229991649,88158,9.168,32.3,9.616,-112.7,0.78,0.94,0.0,0.0,0.0,0.0,0.0,0.0,1015.45,2555.0,155.87,64.5,180.0,58.0
1774554079352887019,88258,10.648,40.3,10.684,-111.1,0.9,0.76,0.0,0.0,0.0,0.0,0.0,0.0,11688.07,1166.0,157.51,28.23,180.0,58.0
1774554079455276997,88380,10.696,87.9,10.704,-104.8,1.04,1.46,0.0,0.0,0.0,0.0,0.0,0.0,141.32,1916.0,151.26,49.9,180.0,58.0
1774554079553582237,88480,10.684,67.3,10.716,-115.2,0.68,1.29,0.0,0.0,0.0,0.0,0.0,0.0,1044.61,1916.0,159.9,50.18,180.0,58.0
1774554079656040606,88581,10.712,51.3,9.444,-90.2,1.02,1.04,0.0,0.0,0.0,0.0,0.0,0.0,1024.03,784.0,157.29,57.2,180.0,58.0
1774554079754318679,88681,9.072,41.1,9.448,-97.4,0.68,0.68,0.0,0.0,0.0,0.0,0.0,0.0,1015.97,1829.0,159.24,60.03,182.0,58.0
1774554079862692406,88781,9.14,29.0,10.732,-126.8,0.7,0.78,0.0,0.0,0.0,0.0,0.0,0.0,1038.95,1829.0,159.45,62.71,182.0,58.0
1774554079955003564,88881,10.736,72.4,10.712,-100.6,0.72,1.05,0.0,0.0,0.0,0.0,0.0,0.0,1023.34,2017.0,158.79,60.15,182.0,58.0
1774554080053297493,88981,10.728,49.9,10.708,-109.9,0.47,1.0,0.0,0.0,0.0,0.0,0.0,0.0,1011.85,2017.0,156.0,60.27,182.0,58.0
1774554080155738532,89081,10.652,32.8,10.704,-104.8,0.8,0.53,0.0,0.0,0.0,0.0,0.0,0.0,1011.51,1145.0,157.29,61.17,182.0,58.0
1774554080254034426,89181,8.84,46.0,10.708,-82.3,0.8,0.68,0.0,0.0,0.0,0.0,0.0,0.0,1019.22,1924.0,159.9,62.09,182.0,60.0
1774554080356461798,89281,10.72,56.1,10.684,-160.4,1.05,0.68,0.0,0.0,0.0,0.0,0.0,0.0,1018.71,1924.0,155.11,58.5,182.0,60.0
1774554080454692616,89381,10.036,94.5,9.78,-87.7,1.09,2.07,0.0,0.0,0.0,0.0,0.0,0.0,1011.34,1130.0,157.29,54.02,182.0,60.0
1774554080557175212,89481,10.516,107.1,9.416,-81.9,0.51,1.23,0.0,0.0,0.0,0.0,0.0,0.0,994.53,1203.0,158.2,56.14,184.0,60.0
1774554080655460550,89581,8.792,63.1,10.668,-68.2,0.37,0.98,0.0,0.0,0.0,0.0,0.0,0.0,993.67,1203.0,155.11,55.84,184.0,60.0
1774554080753722424,89681,10.736,35.5,10.716,-116.2,0.63,0.53,0.0,0.0,0.0,0.0,0.0,0.0,1023.51,622.0,159.67,61.17,184.0,60.0
1774554080999185094,89781,8.868,52.0,9.52,-92.2,0.47,0.66,0.0,0.0,0.0,0.0,0.0,0.0,1007.39,1412.0,157.35,61.24,184.0,60.0
1774554081056865917,89881,8.84,75.9,10.708,-63.2,0.68,0.9,0.0,0.0,0.0,0.0,0.0,0.0,153.84,1412.0,157.18,58.94,184.0,60.0
1774554081069663121,89981,10.724,41.5,10.256,-63.1,1.02,0.72,0.0,0.0,0.0,0.0,0.0,0.0,1020.77,820.0,159.31,59.93,184.0,60.0
1774554081175563285,90081,8.888,64.6,10.684,-86.7,0.51,0.49,0.0,0.0,0.0,0.0,0.0,0.0,11703.16,1074.0,156.53,54.24,184.0,60.0
1774554081278041423,90203,9.104,43.0,10.184,-136.7,0.9,0.9,0.0,0.0,0.0,0.0,0.0,0.0,1001.05,1074.0,152.22,59.91,186.0,60.0
1774554081380454133,90303,9.964,62.6,10.308,-116.9,0.59,0.63,0.0,0.0,0.0,0.0,0.0,0.0,995.73,2129.0,156.6,58.23,186.0,60.0
1774554081478718457,90404,8.848,72.1,9.304,-66.9,0.51,1.04,0.0,0.0,0.0,0.0,0.0,0.0,1000.53,1855.0,157.57,53.36,186.0,60.0
1774554081581101962,90504,10.704,79.1,9.32,-106.7,0.92,1.54,0.0,0.0,0.0,0.0,0.0,0.0,1010.82,1855.0,158.45,53.42,186.0,60.0
1774554081679424437,90604,10.7,54.4,10.72,-98.1,0.63,1.02,0.0,0.0,0.0,0.0,0.0,0.0,1003.27,2543.0,155.82,56.66,186.0,60.0
1774554081777721337,90704,8.944,50.1,10.728,-94.0,0.49,0.57,0.0,0.0,0.0,0.0,0.0,0.0,1007.56,2543.0,157.66,60.02,186.0,60.0
1774554081880150603,90804,10.26,57.2,10.544,-112.3,0.78,0.86,0.0,0.0,0.0,0.0,0.0,0.0,1030.03,1563.0,159.59,62.55,186.0,60.0
1774554081978461262,90904,10.676,59.0,10.704,-115.0,0.82,0.86,0.0,0.0,0.0,0.0,0.0,0.0,1037.4,1855.0,155.9,58.36,186.0,60.0
1774554082080826354,91004,10.692,45.8,10.708,-89.5,0.25,0.98,0.0,0.0,0.0,0.0,0.0,0.0,145.26,1855.0,158.0,58.66,188.0,60.0
1774554082179164188,91104,9.048,71.2,10.636,-63.3,0.57,0.74,0.0,0.0,0.0,0.0,0.0,0.0,1040.83,1519.0,156.27,59.17,188.0,60.0
1774554082281563105,91205,9.132,49.5,10.696,-99.3,0.88,1.13,0.0,0.0,0.0,0.0,0.0,0.0,1048.21,2768.0,156.74,42.52,188.0,60.0
1774554082379871937,91305,9.864,45.0,9.516,-165.8,1.46,1.29,0.0,0.0,0.0,0.0,0.0,0.0,1016.65,2768.0,155.87,28.67,188.0,62.0
1774554082482222242,91405,10.668,84.3,10.696,-59.7,0.92,1.27,0.0,0.0,0.0,0.0,0.0,0.0,146.98,987.0,155.78,14.31,188.0,62.0
1774554082580539205,91505,9.18,95.9,10.716,-78.8,0.96,1.97,0.0,0.0,0.0,0.0,0.0,0.0,1031.92,1569.0,156.49,30.98,188.0,62.0
1774554082678870667,91604,10.596,85.7,10.692,-101.3,0.61,0.7,0.0,0.0,0.0,0.0,0.0,0.0,1039.98,1569.0,156.76,54.64,188.0,62.0
1774554082781270474,91704,10.684,59.3,10.712,-132.0,0.82,0.76,0.0,0.0,0.0,0.0,0.0,0.0,1043.06,1920.0,156.38,56.14,190.0,62.0
1774554082879627511,91804,8.992,42.7,10.72,-108.4,0.57,0.74,0.0,0.0,0.0,0.0,0.0,0.0,1025.74,1920.0,158.56,60.91,190.0,62.0
1774554082981971649,91904,10.12,51.4,9.452,-118.2,0.98,0.45,0.0,0.0,0.0,0.0,0.0,0.0,1056.1,1231.0,158.08,59.58,190.0,62.0
1774554083255175283,92005,9.172,53.2,9.468,-109.5,1.29,0.72,0.0,0.0,0.0,0.0,0.0,0.0,1039.98,1102.0,155.9,59.19,190.0,62.0
1774554083280983035,92105,10.692,32.9,10.708,-100.0,0.47,0.94,0.0,0.0,0.0,0.0,0.0,0.0,1054.72,1102.0,156.89,62.93,190.0,62.0
1774554083293950181,92206,9.596,26.8,9.56,-73.3,0.33,0.86,0.0,0.0,0.0,0.0,0.0,0.0,1035.17,2564.0,159.59,64.16,190.0,62.0
1774554083383361235,92306,10.668,51.9,9.552,-139.5,1.39,0.41,0.0,0.0,0.0,0.0,0.0,0.0,1058.5,2016.0,155.9,60.03,190.0,62.0
1774554083481695778,92406,8.996,71.1,10.652,-100.9,0.76,1.09,0.0,0.0,0.0,0.0,0.0,0.0,1054.21,2016.0,156.76,58.23,190.0,62.0
1774554083584058755,92506,10.692,83.6,9.432,-73.0,1.09,1.48,0.0,0.0,0.0,0.0,0.0,0.0,1029.34,2053.0,156.38,50.52,192.0,62.0
1774554083682396039,92606,9.016,67.2,10.68,-73.4,1.13,1.58,0.0,0.0,0.0,0.0,0.0,0.0,1055.07,1904.0,155.9,55.86,192.0,62.0
1774554083780670154,92706,9.872,34.1,10.184,-114.4,0.88,0.76,0.0,0.0,0.0,0.0,0.0,0.0,1082.51,1904.0,158.56,60.02,192.0,62.0
1774554083883116819,92806,9.192,35.4,9.388,-124.7,0.92,0.57,0.0,0.0,0.0,0.0,0.0,0.0,1061.58,1671.0,157.18,61.75,192.0,62.0
1774554083985496686,92906,10.664,51.1,10.692,-84.4,0.78,1.02,0.0,0.0,0.0,0.0,0.0,0.0,153.84,1671.0,158.0,58.66,192.0,62.0
1774554084083843687,93006,10.6,73.8,9.588,-102.9,0.47,0.59,0.0,0.0,0.0,0.0,0.0,0.0,1072.73,2094.0,156.49,58.87,192.0,62.0
1774554084182111179,93106,10.68,37.0,9.548,-107.8,1.35,1.04,0.0,0.0,0.0,0.0,0.0,0.0,1045.98,2184.0,158.96,49.84,192.0,62.0
1774554084284505700,93206,9.624,57.1,10.724,-143.1,1.02,0.61,0.0,0.0,0.0,0.0,0.0,0.0,1066.39,2184.0,155.11,55.84,194.0,62.0
1774554084382773007,93306,10.444,52.1,9.456,-81.7,1.02,1.17,0.0,0.0,0.0,0.0,0.0,0.0,1063.81,856.0,156.49,60.37,194.0,62.0
1774554084491128507,93406,9.32,76.1,10.708,-109.8,0.78,1.43,0.0,0.0,0.0,0.0,0.0,0.0,1048.89,2089.0,159.05,56.14,194.0,62.0
1774554084583512077,93506,10.672,89.1,9.436,-106.1,0.49,1.72,0.0,0.0,0.0,0.0,0.0,0.0,1073.76,2089.0,156.0,51.41,194.0,64.0
1774554084681825663,93605,9.092,104.7,10.52,-76.7,1.11,1.66,0.0,0.0,0.0,0.0,0.0,0.0,1044.95,2003.0,156.49,53.22,194.0,64.0
1774554084935175996,93705,8.904,55.5,10.716,-124.0,0.66,0.72,0.0,0.0,0.0,0.0,0.0,0.0,1051.98,2008.0,159.82,59.29,194.0,64.0
1774554084980802447,93805,8.98,49.4,10.72,-92.7,0.43,0.45,0.0,0.0,0.0,0.0,0.0,0.0,1052.67,2008.0,156.13,61.4,194.0,64.0
1774554084992615477,93905,9.18,36.1,10.708,-113.8,0.8,0.8,0.0,0.0,0.0,0.0,0.0,0.0,1085.08,1162.0,158.08,61.17,194.0,64.0
1774554085083213612,94005,8.908,52.0,10.692,-68.9,0.86,0.43,0.0,0.0,0.0,0.0,0.0,0.0,1043.41,1162.0,159.26,52.17,196.0,64.0
1774554085185626268,94105,10.696,38.8,10.588,-80.5,0.96,0.9,0.0,0.0,0.0,0.0,0.0,0.0,1049.41,1401.0,156.6,60.6,196.0,64.0
1774554085283929083,94206,10.724,48.5,9.916,-116.5,0.37,0.59,0.0,0.0,0.0,0.0,0.0,0.0,1061.93,1911.0,155.9,50.86,196.0,64.0
1774554085382202026,94306,10.684,31.4,10.32,-114.0,1.09,1.05,0.0,0.0,0.0,0.0,0.0,0.0,1049.75,1911.0,155.87,47.48,196.0,64.0
1774554085484603701,94406,10.296,88.3,10.264,-88.0,0.84,1.31,0.0,0.0,0.0,0.0,0.0,0.0,1054.55,1413.0,155.7,56.4,196.0,64.0
1774554085582939906,94505,8.836,81.3,10.688,-73.1,0.88,1.58,0.0,0.0,0.0,0.0,0.0,0.0,1076.85,1336.0,158.2,49.33,196.0,64.0
1774554085685330543,94605,9.084,102.0,9.632,-95.4,1.19,1.6,0.0,0.0,0.0,0.0,0.0,0.0,1076.16,1336.0,156.64,52.51,196.0,64.0
1774554085783644302,94705,9.64,57.1,10.708,-111.7,0.57,1.35,0.0,0.0,0.0,0.0,0.0,0.0,1083.71,984.0,155.15,33.53,196.0,64.0
1774554085881942895,94804,9.952,31.9,10.732,-98.8,0.63,0.63,0.0,0.0,0.0,0.0,0.0,0.0,1087.82,1312.0,159.05,34.87,198.0,64.0
1774554086015171156,94904,10.676,81.6,10.712,-79.4,0.49,0.88,0.0,0.0,0.0,0.0,0.0,0.0,1094.34,1312.0,158.45,7.24,198.0,64.0
1774554086082649343,95004,9.104,42.1,10.72,-112.5,0.74,0.86,0.0,0.0,0.0,0.0,0.0,0.0,1134.64,2966.0,157.39,51.94,198.0,64.0
1774554086180964758,95104,9.56,50.3,10.692,-93.4,0.92,1.09,0.0,0.0,0.0,0.0,0.0,0.0,1085.42,2966.0,157.54,44.37,198.0,64.0
1774554086283354715,95204,10.54,39.4,10.504,-125.1,0.68,0.7,0.0,0.0,0.0,0.0,0.0,0.0,1081.65,2129.0,157.39,44.86,198.0,64.0
1774554086381619351,95304,10.696,60.4,10.7,-106.6,1.27,0.57,0.0,0.0,0.0,0.0,0.0,0.0,1079.76,2559.0,158.3,41.26,198.0,64.0
1774554086484021401,95404,8.904,76.0,10.704,-101.9,0.9,1.23,0.0,0.0,0.0,0.0,0.0,0.0,1092.97,2559.0,157.54,19.01,198.0,64.0
1774554086582355521,95504,9.096,82.8,10.608,-90.8,0.74,1.13,0.0,0.0,0.0,0.0,0.0,0.0,1099.49,1279.0,155.03,41.71,200.0,64.0
1774554086680710381,95604,9.188,66.7,9.644,-97.1,0.96,1.64,0.0,0.0,0.0,0.0,0.0,0.0,1094.34,1927.0,159.9,55.29,200.0,64.0
1774554086783078579,95704,10.692,55.3,10.708,-72.1,0.86,0.35,0.0,0.0,0.0,0.0,0.0,0.0,1074.28,1927.0,158.45,61.57,200.0,64.0
1774554086881362160,95804,8.928,42.4,10.712,-87.8,0.86,0.7,0.0,0.0,0.0,0.0,0.0,0.0,1056.44,2243.0,156.6,53.51,200.0,64.0
1774554087011175194,95904,10.708,67.7,9.652,-82.9,1.09,0.7,0.0,0.0,0.0,0.0,0.0,0.0,1067.42,2204.0,159.15,35.37,200.0,64.0
1774554087092123933,96005,9.124,53.0,10.708,-65.0,0.61,1.58,0.0,0.0,0.0,0.0,0.0,0.0,1046.15,2204.0,157.66,12.54,200.0,64.0
1774554087184469677,96105,10.68,54.4,10.688,-115.8,0.37,0.64,0.0,0.0,0.0,0.0,0.0,0.0,1038.95,1825.0,158.18,22.03,200.0,66.0
1774554087282774377,96205,10.684,42.8,9.98,-147.2,1.15,0.47,0.0,0.0,0.0,0.0,0.0,0.0,1050.27,2299.0,156.62,18.53,200.0,66.0
1774554087385184638,96305,8.892,47.2,10.672,-73.8,0.76,0.84,0.0,0.0,0.0,0.0,0.0,0.0,141.32,2299.0,155.97,1.91,202.0,66.0
1774554087483445354,96405,10.672,79.7,10.708,-101.0,0.37,1.64,0.0,0.0,0.0,0.0,0.0,0.0,1040.32,1669.0,157.88,3.01,202.0,66.0
1774554087585904117,96505,10.116,89.8,9.364,-76.8,0.64,1.54,0.0,0.0,0.0,0.0,0.0,0.0,1057.47,1669.0,157.66,0.0,202.0,66.0
1774554087684184538,96605,10.636,89.2,10.692,-91.4,1.27,1.6,0.0,0.0,0.0,0.0,0.0,0.0,1048.55,1234.0,155.7,0.0,202.0,66.0
1774554087786583965,96705,10.212,57.6,10.712,-132.6,0.74,1.05,0.0,0.0,0.0,0.0,0.0,0.0,1050.78,1862.0,158.3,0.0,202.0,66.0
1774554087884892776,96805,10.696,49.2,9.396,-76.7,0.7,0.78,0.0,0.0,0.0,0.0,0.0,0.0,1048.55,1862.0,159.45,0.0,202.0,66.0
1774554087983187160,96905,9.008,40.8,10.744,-137.5,0.61,1.0,0.0,0.0,0.0,0.0,0.0,0.0,1049.07,758.0,157.98,0.0,202.0,66.0
1774554088085587156,97005,8.956,47.6,9.536,-80.7,0.16,1.31,0.0,0.0,0.0,0.0,0.0,0.0,1053.18,1311.0,156.74,0.0,204.0,66.0
1774554088183901901,97105,8.996,56.0,10.728,-107.0,1.02,0.72,0.0,0.0,0.0,0.0,0.0,0.0,1057.81,1311.0,156.89,0.0,204.0,66.0
1774554088286291241,97205,9.112,46.6,10.688,-111.5,1.02,0.63,0.0,0.0,0.0,0.0,0.0,0.0,1041.35,1061.0,157.88,16.19,204.0,66.0
1774554088384628116,97305,10.624,42.4,10.696,-120.4,0.51,1.23,0.0,0.0,0.0,0.0,0.0,0.0,1057.47,1061.0,154.38,14.03,204.0,66.0
1774554088482836191,97405,9.912,71.7,9.548,-68.7,0.96,0.84,0.0,0.0,0.0,0.0,0.0,0.0,157.95,1945.0,155.78,0.0,204.0,66.0
1774554088585277570,97505,9.056,93.4,10.7,-58.5,0.7,1.46,0.0,0.0,0.0,0.0,0.0,0.0,1043.23,1132.0,156.38,0.0,204.0,66.0
1774554088687698819,97605,9.548,70.9,9.548,-70.5,0.55,0.98,0.0,0.0,0.0,0.0,0.0,0.0,1047.52,1132.0,157.66,0.0,204.0,66.0
1774554088785995026,97705,9.048,50.3,10.7,-112.8,0.68,0.64,0.0,0.0,0.0,0.0,0.0,0.0,1053.35,1853.0,158.08,0.0,204.0,66.0
1774554088884264176,97806,10.656,49.9,10.724,-71.7,0.63,0.39,0.0,0.0,0.0,0.0,0.0,0.0,138.57,2407.0,158.56,0.0,206.0,66.0
1774554088986712778,97906,9.172,51.6,10.72,-80.5,0.31,0.86,0.0,0.0,0.0,0.0,0.0,0.0,1076.16,2407.0,155.9,0.0,206.0,66.0
1774554089089107353,98007,9.336,52.7,9.428,-80.8,0.88,0.96,0.0,0.0,0.0,0.0,0.0,0.0,1067.76,869.0,158.88,0.0,206.0,66.0
1774554089187414772,98107,9.488,56.1,9.832,-130.9,1.13,1.21,0.0,0.0,0.0,0.0,0.0,0.0,1055.24,1443.0,156.74,0.0,206.0,66.0
1774554089289783840,98208,10.688,36.5,10.712,-113.4,1.0,0.43,0.0,0.0,0.0,0.0,0.0,0.0,1067.42,1443.0,157.77,0.0,206.0,66.0
1774554089388128668,98309,9.044,66.2,10.712,-105.9,0.53,0.74,0.0,0.0,0.0,0.0,0.0,0.0,1057.3,1883.0,158.88,0.0,206.0,66.0
1774554089490505033,98409,10.676,63.5,10.568,-103.5,0.59,0.88,0.0,0.0,0.0,0.0,0.0,0.0,1053.18,2067.0,154.24,15.01,206.0,66.0
1774554089588778895,98509,9.616,118.8,9.364,-125.1,1.17,1.88,0.0,0.0,0.0,0.0,0.0,0.0,1067.93,2067.0,155.11,0.0,208.0,66.0
1774554089691216725,98609,9.184,64.4,10.7,-81.4,1.02,1.58,0.0,0.0,0.0,0.0,0.0,0.0,1077.71,2347.0,158.69,0.0,208.0,66.0
1774554089799585543,98710,10.708,50.2,10.708,-78.1,1.0,0.63,0.0,0.0,0.0,0.0,0.0,0.0,1051.81,2347.0,156.13,0.0,208.0,66.0
1774554089891922362,98810,10.696,34.2,9.364,-92.8,0.82,0.68,0.0,0.0,0.0,0.0,0.0,0.0,1054.9,751.0,158.88,0.0,208.0,66.0
1774554089990190946,98910,10.724,51.5,10.732,-95.6,1.19,0.9,0.0,0.0,0.0,0.0,0.0,0.0,166.36,1424.0,156.76,0.0,208.0,66.0
1774554090092625769,99010,10.668,69.0,10.704,-123.2,0.33,0.66,0.0,0.0,0.0,0.0,0.0,0.0,1059.01,1424.0,157.46,0.0,208.0,66.0
1774554090190922473,99110,10.752,48.5,10.6,-80.7,0.96,0.68,0.0,0.0,0.0,0.0,0.0,0.0,1046.66,577.0,158.08,0.0,208.0,66.0
1774554090299279296,99210,8.96,39.6,10.708,-105.8,0.47,0.61,0.0,0.0,0.0,0.0,0.0,0.0,1072.56,820.0,155.9,0.0,208.0,66.0
1774554090391630847,99310,10.728,48.1,10.724,-91.4,0.43,0.68,0.0,0.0,0.0,0.0,0.0,0.0,138.23,820.0,159.8,0.0,210.0,66.0
1774554090489935051,99409,9.156,61.7,10.688,-99.5,0.64,1.07,0.0,0.0,0.0,0.0,0.0,0.0,1049.24,1840.0,159.22,0.0,210.0,66.0
1774554090592309886,99509,9.928,76.3,10.308,-90.1,1.13,1.23,0.0,0.0,0.0,0.0,0.0,0.0,1065.53,1731.0,157.35,0.0,210.0,66.0
1774554090690644017,99609,10.324,92.2,10.676,-89.5,0.88,1.27,0.0,0.0,0.0,0.0,0.0,0.0,1056.27,1731.0,154.38,0.0,210.0,66.0
1774554090788926980,99709,8.988,42.8,10.732,-108.7,0.82,0.76,0.0,0.0,0.0,0.0,0.0,0.0,1045.98,1636.0,159.59,0.0,210.0,66.0
1774554090891345020,99809,10.692,40.9,9.304,-111.9,0.76,0.35,0.0,0.0,0.0,0.0,0.0,0.0,1061.41,1636.0,158.56,0.0,210.0,66.0
1774554090989647780,99909,10.704,44.5,10.696,-90.5,0.96,1.19,0.0,0.0,0.0,0.0,0.0,0.0,1037.06,2184.0,158.08,0.0,210.0,66.0
1774554091087928053,100008,9.104,66.0,10.728,-74.8,1.04,0.63,0.0,0.0,0.0,0.0,0.0,0.0,1051.47,1396.0,159.05,0.0,212.0,66.0
1774554091190355970,100108,9.164,52.6,10.692,-102.5,0.92,0.94,0.0,0.0,0.0,0.0,0.0,0.0,1051.81,1396.0,159.35,0.0,212.0,66.0
1774554091288665461,100208,10.708,35.8,10.672,-148.2,0.92,0.68,0.0,0.0,0.0,0.0,0.0,0.0,1047.69,2015.0,154.38,2.34,212.0,66.0
1774554091391122564,100307,10.716,50.3,10.716,-105.8,1.05,0.88,0.0,0.0,0.0,0.0,0.0,0.0,1038.26,1808.0,158.1,18.9,212.0,66.0
1774554091489326496,100407,10.656,49.9,10.708,-139.7,0.49,1.37,0.0,0.0,0.0,0.0,0.0,0.0,1044.09,1808.0,154.97,0.0,212.0,66.0
1774554091591734394,100507,8.848,107.7,9.852,-130.3,0.8,1.74,0.0,0.0,0.0,0.0,0.0,0.0,1047.18,1330.0,157.29,0.0,212.0,66.0
1774554091690066756,100608,10.696,76.8,10.396,-81.2,0.53,1.54,0.0,0.0,0.0,0.0,0.0,0.0,1063.64,1517.0,157.57,0.0,212.0,66.0
1774554091792471580,100708,10.684,73.0,9.184,-110.7,1.02,1.25,0.0,0.0,0.0,0.0,0.0,0.0,1046.49,1517.0,157.54,0.0,212.0,66.0
1774554091890772737,100808,10.728,42.5,10.716,-62.3,0.51,0.39,0.0,0.0,0.0,0.0,0.0,0.0,1041.18,2135.0,158.18,0.0,214.0,66.0
1774554092491169727,100908,8.884,41.6,10.712,-85.6,0.49,0.88,0.0,0.0,0.0,0.0,0.0,0.0,1044.43,2135.0,157.54,0.0,214.0,66.0
1774554092497197175,101008,10.704,55.2,10.704,-111.5,0.57,1.17,0.0,0.0,0.0,0.0,0.0,0.0,1043.75,2685.0,157.39,0.0,214.0,66.0
1774554092501097242,101108,10.712,34.4,10.732,-102.3,0.7,0.98,0.0,0.0,0.0,0.0,0.0,0.0,1039.46,1843.0,156.62,0.0,214.0,66.0
1774554092513934276,101208,9.116,62.2,10.728,-101.1,0.86,0.49,0.0,0.0,0.0,0.0,0.0,0.0,146.98,1843.0,158.84,0.0,214.0,66.0
1774554092525263595,101308,9.108,45.8,9.244,-80.6,0.74,1.05,0.0,0.0,0.0,0.0,0.0,0.0,1043.23,281.0,157.13,34.58,214.0,66.0
1774554092591199187,101408,8.876,52.7,9.432,-114.4,0.78,0.8,0.0,0.0,0.0,0.0,0.0,0.0,1041.35,1505.0,156.62,36.21,214.0,66.0
1774554092604244338,101508,10.664,72.4,10.688,-139.9,0.63,1.46,0.0,0.0,0.0,0.0,0.0,0.0,1038.09,1505.0,155.73,21.73,214.0,66.0
1774554092689469907,101608,10.34,87.3,10.7,-79.4,0.88,1.31,0.0,0.0,0.0,0.0,0.0,0.0,1045.12,1107.0,156.6,11.8,216.0,66.0
1774554092791858349,101708,10.716,49.0,9.828,-86.1,0.27,0.78,0.0,0.0,0.0,0.0,0.0,0.0,1038.95,2422.0,159.15,0.0,216.0,66.0
1774554092890191405,101808,10.736,33.5,9.484,-103.0,1.09,1.09,0.0,0.0,0.0,0.0,0.0,0.0,1043.92,2422.0,157.54,0.0,216.0,66.0
1774554092992590477,101908,8.86,40.0,9.496,-77.4,0.72,1.15,0.0,0.0,0.0,0.0,0.0,0.0,1032.43,2056.0,156.6,29.9,216.0,66.0
1774554093090903118,102008,9.024,42.9,10.704,-96.4,0.78,1.17,0.0,0.0,0.0,0.0,0.0,0.0,1029.86,2056.0,159.45,36.73,216.0,66.0
1774554093189188922,102108,10.584,52.7,10.704,-79.1,0.47,0.82,0.0,0.0,0.0,0.0,0.0,0.0,1040.32,1507.0,158.79,0.0,216.0,66.0
1774554093291603724,102208,8.868,32.2,9.472,-130.3,0.68,0.76,0.0,0.0,0.0,0.0,0.0,0.0,1038.09,1388.0,157.57,32.51,216.0,66.0
1774554093389916898,102308,9.112,45.3,10.744,-91.0,0.96,0.51,0.0,0.0,0.0,0.0,0.0,0.0,1033.8,1388.0,158.66,40.77,218.0,66.0
1774554093492268162,102408,9.08,77.1,9.48,-66.8,0.49,1.35,0.0,0.0,0.0,0.0,0.0,0.0,1036.55,1433.0,159.5,60.72,218.0,66.0
1774554093590584058,102508,10.748,88.2,10.1,-86.6,1.17,1.05,0.0,0.0,0.0,0.0,0.0,0.0,1041.52,2894.0,156.74,53.36,218.0,66.0
1774554093688873732,102608,9.208,87.7,10.696,-102.0,0.94,1.46,0.0,0.0,0.0,0.0,0.0,0.0,1043.75,2894.0,157.66,3.58,218.0,66.0
1774554093791317943,102708,9.644,49.9,10.688,-84.1,0.74,0.63,0.0,0.0,0.0,0.0,0.0,0.0,138.57,1876.0,159.9,0.0,218.0,66.0
1774554093893721745,102808,10.764,35.2,10.732,-98.0,1.17,0.59,0.0,0.0,0.0,0.0,0.0,0.0,1053.18,1291.0,156.6,0.0,218.0,66.0
1774554093992018160,102908,9.108,44.8,10.684,-97.3,0.8,0.72,0.0,0.0,0.0,0.0,0.0,0.0,1049.92,1291.0,157.77,0.0,218.0,66.0
1774554094090320495,103008,10.108,45.5,10.188,-84.3,0.94,0.9,0.0,0.0,0.0,0.0,0.0,0.0,1039.46,1759.0,157.18,28.87,218.0,66.0
1774554094192723231,103108,10.32,33.8,10.712,-105.0,1.04,0.7,0.0,0.0,0.0,0.0,0.0,0.0,1046.15,1030.0,159.15,20.21,220.0,66.0
1774554094455154296,103208,8.936,61.6,9.556,-70.2,0.66,1.09,0.0,0.0,0.0,0.0,0.0,0.0,1055.07,1030.0,158.56,0.0,220.0,66.0
1774554094491719610,103308,10.54,41.8,9.704,-93.2,1.09,0.82,0.0,0.0,0.0,0.0,0.0,0.0,1054.21,2029.0,156.49,20.65,220.0,66.0
1774554094500050756,103408,10.704,59.4,10.716,-123.6,1.21,0.78,0.0,0.0,0.0,0.0,0.0,0.0,1040.66,2029.0,155.87,16.12,220.0,66.0
1774554094589985718,103508,8.992,81.2,10.684,-114.6,0.82,1.39,0.0,0.0,0.0,0.0,0.0,0.0,1035.86,1256.0,157.29,44.49,220.0,66.0
1774554094692438418,103608,9.3,80.2,10.7,-110.8,0.78,1.21,0.0,0.0,0.0,0.0,0.0,0.0,1031.06,1443.0,157.46,46.31,220.0,66.0
1774554094790739916,103708,9.16,68.8,10.636,-84.4,0.76,0.8,0.0,0.0,0.0,0.0,0.0,0.0,1032.77,1443.0,156.76,57.33,220.0,66.0
1774554094893147059,103808,10.732,55.0,10.736,-58.2,0.68,0.39,0.0,0.0,0.0,0.0,0.0,0.0,144.92,2371.0,159.99,26.1,222.0,66.0
1774554095023174809,103908,10.728,65.2,9.568,-126.7,1.29,0.41,0.0,0.0,0.0,0.0,0.0,0.0,1036.72,1541.0,155.82,36.2,222.0,66.0
1774554095093851749,104008,9.048,49.2,10.72,-74.7,1.05,0.9,0.0,0.0,0.0,0.0,0.0,0.0,1034.49,1541.0,159.35,44.37,222.0,66.0
1774554095192141978,104109,9.356,42.9,9.68,-76.5,0.68,0.88,0.0,0.0,0.0,0.0,0.0,0.0,1056.1,1457.0,159.67,37.34,222.0,66.0
1774554095294544240,104209,9.188,57.8,9.508,-105.6,0.78,0.7,0.0,0.0,0.0,0.0,0.0,0.0,1048.38,1457.0,156.0,11.52,222.0,66.0
1774554095392861506,104309,9.18,52.6,9.552,-84.0,0.43,0.63,0.0,0.0,0.0,0.0,0.0,0.0,1042.38,1816.0,158.08,7.94,222.0,66.0
1774554095495201415,104409,9.2,65.4,9.66,-106.9,1.0,1.23,0.0,0.0,0.0,0.0,0.0,0.0,1041.86,830.0,158.2,0.85,222.0,66.0
1774554095593536997,104509,9.688,75.3,10.436,-127.6,0.8,1.05,0.0,0.0,0.0,0.0,0.0,0.0,1047.86,830.0,154.38,29.82,222.0,66.0
1774554095691804169,104609,10.668,90.3,10.692,-101.0,0.9,1.58,0.0,0.0,0.0,0.0,0.0,0.0,1055.41,1151.0,158.79,4.01,224.0,66.0
1774554095794247155,104709,9.064,66.4,9.672,-74.4,1.0,1.09,0.0,0.0,0.0,0.0,0.0,0.0,1055.93,712.0,159.05,1.7,224.0,66.0
1774554095892511864,104809,9.62,31.0,9.548,-120.0,0.72,1.25,0.0,0.0,0.0,0.0,0.0,0.0,1071.88,712.0,156.0,10.64,224.0,66.0
1774554095994963406,104909,9.04,47.6,10.696,-113.4,1.04,0.86,0.0,0.0,0.0,0.0,0.0,0.0,1052.5,1210.0,159.67,9.53,224.0,66.0
1774554096093250536,105009,10.704,45.9,10.712,-120.1,0.51,0.9,0.0,0.0,0.0,0.0,0.0,0.0,1060.21,1906.0,159.05,0.0,224.0,66.0
1774554096195668270,105110,10.716,60.5,9.532,-82.3,0.86,0.98,0.0,0.0,0.0,0.0,0.0,0.0,1053.01,1906.0,157.01,0.0,224.0,66.0
1774554096294006806,105210,9.156,43.8,10.636,-93.4,0.74,0.76,0.0,0.0,0.0,0.0,0.0,0.0,1060.56,1161.0,158.88,0.0,224.0,66.0
1774554096396350074,105310,10.72,34.7,10.732,-105.8,0.21,0.7,0.0,0.0,0.0,0.0,0.0,0.0,143.89,1479.0,159.45,0.0,226.0,66.0
1774554096494633590,105410,10.672,48.2,10.688,-88.5,0.61,0.59,0.0,0.0,0.0,0.0,0.0,0.0,1058.33,1479.0,156.62,0.0,226.0,66.0
1774554096597033471,105510,8.992,83.3,10.28,-110.2,0.86,1.45,0.0,0.0,0.0,0.0,0.0,0.0,1049.24,1101.0,159.67,0.79,226.0,66.0
1774554096695367785,105611,8.892,90.5,10.1,-102.9,0.41,1.64,0.0,0.0,0.0,0.0,0.0,0.0,1045.29,1101.0,156.76,3.58,226.0,66.0
1774554096797762055,105711,9.164,80.1,9.504,-83.4,0.08,0.8,0.0,0.0,0.0,0.0,0.0,0.0,1055.75,379.0,158.18,0.0,226.0,66.0
1774554097047175936,105811,10.728,30.4,10.732,-65.2,0.53,0.88,0.0,0.0,0.0,0.0,0.0,0.0,1047.52,1951.0,159.15,0.0,226.0,66.0
1774554097096781740,105911,8.924,39.0,10.704,-100.7,0.64,0.68,0.0,0.0,0.0,0.0,0.0,0.0,1053.18,1951.0,157.54,0.0,226.0,66.0
1774554097109691961,106011,10.348,59.3,10.668,-123.5,0.9,0.74,0.0,0.0,0.0,0.0,0.0,0.0,1048.38,2472.0,155.93,0.0,226.0,66.0
1774554097195052061,106110,10.304,49.0,10.708,-165.0,1.17,0.2,0.0,0.0,0.0,0.0,0.0,0.0,159.5,1305.0,154.83,0.0,228.0,66.0
1774554097297461655,106210,10.744,34.6,9.248,-85.9,0.94,0.92,0.0,0.0,0.0,0.0,0.0,0.0,1065.87,1305.0,155.65,0.0,228.0,66.0
1774554097395754014,106310,9.104,50.1,9.788,-112.9,1.29,1.17,0.0,0.0,0.0,0.0,0.0,0.0,1049.58,2779.0,156.49,37.34,228.0,66.0
1774554097494060132,106409,10.616,71.3,9.872,-171.3,1.17,0.63,0.0,0.0,0.0,0.0,0.0,0.0,1047.01,2779.0,154.83,10.87,228.0,66.0
1774554097596452689,106509,10.076,84.7,10.704,-128.4,0.57,1.23,0.0,0.0,0.0,0.0,0.0,0.0,1045.64,1847.0,155.7,1.59,228.0,66.0
1774554097727177392,106609,8.836,80.8,10.672,-109.8,0.68,1.43,0.0,0.0,0.0,0.0,0.0,0.0,1045.29,1710.0,158.4,0.0,228.0,66.0
1774554097793104705,106708,9.348,54.9,10.664,-104.9,0.39,0.92,0.0,0.0,0.0,0.0,0.0,0.0,1048.38,1710.0,158.34,0.0,228.0,66.0
1774554097895485297,106808,8.864,45.4,9.416,-70.3,0.27,0.8,0.0,0.0,0.0,0.0,0.0,0.0,157.95,1200.0,157.46,0.0,230.0,66.0
1774554097993793120,106908,9.256,34.7,9.412,-86.0,0.76,0.74,0.0,0.0,0.0,0.0,0.0,0.0,1048.55,1976.0,157.29,0.0,230.0,66.0
1774554098092059047,107008,10.704,49.0,9.464,-101.7,0.49,0.64,0.0,0.0,0.0,0.0,0.0,0.0,1044.09,1976.0,160.26,0.0,230.0,66.0
1774554098194501261,107108,9.148,36.7,10.476,-105.3,0.47,0.94,0.0,0.0,0.0,0.0,0.0,0.0,1044.61,2259.0,156.6,0.0,230.0,66.0
1774554098292739165,107208,8.836,61.9,9.436,-71.5,0.72,0.35,0.0,0.0,0.0,0.0,0.0,0.0,1056.1,2795.0,159.15,3.37,230.0,66.0
1774554098395175472,107309,10.188,73.9,9.472,-117.1,0.76,0.61,0.0,0.0,0.0,0.0,0.0,0.0,1048.38,2795.0,157.66,0.0,230.0,66.0
1774554098497559129,107409,8.848,51.0,9.44,-137.8,1.29,0.8,0.0,0.0,0.0,0.0,0.0,0.0,1044.78,1785.0,156.6,0.0,230.0,66.0
1774554098595881906,107509,8.792,90.0,10.16,-107.7,0.86,1.48,0.0,0.0,0.0,0.0,0.0,0.0,1050.27,839.0,155.9,15.84,230.0,66.0
1774554098694215628,107609,8.82,82.1,10.324,-86.0,0.84,1.66,0.0,0.0,0.0,0.0,0.0,0.0,139.6,839.0,157.76,32.91,232.0,66.0
1774554098796604174,107709,8.892,73.3,10.724,-80.8,0.8,0.92,0.0,0.0,0.0,0.0,0.0,0.0,1032.26,1414.0,157.88,54.13,232.0,66.0
1774554098894897080,107809,10.208,33.7,9.472,-125.2,1.02,0.86,0.0,0.0,0.0,0.0,0.0,0.0,1049.75,1414.0,158.56,62.71,232.0,66.0
1774554099023176632,107909,9.424,59.3,10.288,-119.0,1.19,0.31,0.0,0.0,0.0,0.0,0.0,0.0,1028.31,774.0,157.18,67.36,232.0,68.0
1774554099095611582,108009,10.676,42.6,10.704,-118.0,0.78,1.33,0.0,0.0,0.0,0.0,0.0,0.0,1033.46,820.0,157.57,58.36,232.0,68.0
1774554099193889608,108109,8.904,82.1,10.7,-91.0,0.57,0.64,0.0,0.0,0.0,0.0,0.0,0.0,1028.66,820.0,158.56,72.56,232.0,68.0
1774554099296321702,108209,10.72,25.4,9.34,-125.3,0.96,0.33,0.0,0.0,0.0,0.0,0.0,0.0,1051.98,1872.0,157.98,41.7,232.0,68.0
1774554099398710460,108309,8.996,64.6,9.52,-101.1,0.29,0.51,0.0,0.0,0.0,0.0,0.0,0.0,1035.35,1876.0,156.74,43.35,234.0,68.0
1774554099496988672,108410,10.692,58.6,9.328,-94.0,0.98,0.84,0.0,0.0,0.0,0.0,0.0,0.0,1024.88,1876.0,158.76,59.64,234.0,68.0
1774554099599393968,108510,9.172,74.3,10.688,-116.4,0.57,1.39,0.0,0.0,0.0,0.0,0.0,0.0,1022.83,1578.0,158.79,54.53,234.0,68.0
1774554099697735496,108610,10.696,75.6,10.68,-118.7,0.8,1.7,0.0,0.0,0.0,0.0,0.0,0.0,1028.31,1550.0,157.46,49.68,234.0,68.0
1774554099796020745,108709,9.028,56.9,9.956,-57.5,0.45,0.86,0.0,0.0,0.0,0.0,0.0,0.0,144.92,1550.0,155.97,55.5,234.0,68.0
1774554099898427856,108810,9.16,41.9,10.72,-92.0,0.82,0.61,0.0,0.0,0.0,0.0,0.0,0.0,1025.06,2499.0,160.06,62.21,234.0,68.0
1774554099996718902,108910,9.112,46.0,10.588,-98.9,0.66,0.57,0.0,0.0,0.0,0.0,0.0,0.0,1030.54,2499.0,156.89,61.16,234.0,68.0
1774554100105072254,109010,10.68,66.2,10.712,-79.3,0.7,0.82,0.0,0.0,0.0,0.0,0.0,0.0,1026.94,2250.0,158.08,14.3,234.0,68.0
1774554100197444210,109110,9.424,45.4,9.396,-97.6,1.02,0.8,0.0,0.0,0.0,0.0,0.0,0.0,145.43,1081.0,157.66,0.0,236.0,68.0
1774554100299815311,109210,9.172,38.6,10.708,-90.9,0.63,0.76,0.0,0.0,0.0,0.0,0.0,0.0,1029.86,1081.0,157.46,0.0,236.0,68.0
1774554100398134163,109310,9.412,56.5,10.68,-114.4,0.66,0.43,0.0,0.0,0.0,0.0,0.0,0.0,1033.97,1556.0,155.7,25.42,236.0,68.0
1774554100506428530,109410,9.924,54.9,9.764,-144.4,0.7,1.0,0.0,0.0,0.0,0.0,0.0,0.0,1045.46,2547.0,154.94,13.47,236.0,68.0
1774554100598851673,109510,10.704,79.3,10.672,-67.4,1.13,1.5,0.0,0.0,0.0,0.0,0.0,0.0,145.6,2547.0,158.0,28.38,236.0,68.0
1774554100843173215,109611,9.204,84.9,9.548,-114.1,0.23,1.13,0.0,0.0,0.0,0.0,0.0,0.0,1032.77,2305.0,157.79,0.0,236.0,68.0
1774554100901954283,109711,8.988,69.1,10.692,-122.3,1.09,0.47,0.0,0.0,0.0,0.0,0.0,0.0,1028.49,2201.0,156.74,0.0,236.0,68.0
1774554100914780380,109811,10.708,38.1,9.476,-120.8,0.49,0.51,0.0,0.0,0.0,0.0,0.0,0.0,1041.01,2201.0,158.56,0.0,238.0,68.0
1774554101000233079,109912,10.724,57.0,10.616,-91.1,0.59,0.51,0.0,0.0,0.0,0.0,0.0,0.0,1044.09,1352.0,157.39,0.0,238.0,68.0
1774554101102653359,110012,10.604,60.8,10.72,-91.7,0.96,0.53,0.0,0.0,0.0,0.0,0.0,0.0,1021.63,1811.0,158.3,5.05,238.0,68.0
1774554101200955018,110112,10.264,65.1,10.72,-118.2,0.25,0.76,0.0,0.0,0.0,0.0,0.0,0.0,1032.09,1811.0,156.89,0.0,238.0,68.0
1774554101299182767,110213,9.724,44.7,9.552,-102.8,0.92,0.63,0.0,0.0,0.0,0.0,0.0,0.0,1026.94,1103.0,158.79,0.0,238.0,68.0
1774554101401623508,110313,10.676,47.6,9.388,-73.7,0.82,0.35,0.0,0.0,0.0,0.0,0.0,0.0,1016.82,1103.0,156.0,0.0,238.0,68.0
1774554101499899592,110413,10.716,43.0,10.728,-79.0,0.74,0.9,0.0,0.0,0.0,0.0,0.0,0.0,1024.37,1143.0,159.67,0.0,238.0,68.0
1774554101602360390,110513,10.708,81.1,9.508,-88.4,0.27,1.23,0.0,0.0,0.0,0.0,0.0,0.0,1015.28,1813.0,157.35,17.01,238.0,68.0
1774554101700629900,110613,10.688,72.7,10.428,-68.4,0.64,1.13,0.0,0.0,0.0,0.0,0.0,0.0,149.72,1813.0,157.06,17.98,240.0,68.0
1774554101803058104,110713,9.18,69.2,9.412,-84.9,1.04,0.76,0.0,0.0,0.0,0.0,0.0,0.0,1022.14,1082.0,157.13,0.0,240.0,68.0
1774554101931173644,110813,9.364,34.3,10.716,-94.1,0.84,0.76,0.0,0.0,0.0,0.0,0.0,0.0,1018.71,1161.0,158.2,0.0,240.0,68.0
1774554102003765336,110913,9.796,52.2,9.476,-109.8,1.25,0.41,0.0,0.0,0.0,0.0,0.0,0.0,1009.96,1161.0,156.0,19.5,240.0,68.0
1774554102102067839,111013,9.176,54.4,10.724,-100.1,0.94,0.63,0.0,0.0,0.0,0.0,0.0,0.0,1021.28,1565.0,158.88,14.3,240.0,68.0
1774554102200368601,111113,9.052,47.8,10.728,-101.1,1.07,0.8,0.0,0.0,0.0,0.0,0.0,0.0,1009.62,1565.0,158.45,0.0,240.0,68.0
1774554102302797963,111213,9.996,50.6,10.316,-79.9,1.25,0.49,0.0,0.0,0.0,0.0,0.0,0.0,1016.48,1702.0,155.82,5.51,240.0,68.0
1774554102401032575,111313,9.636,42.8,10.728,-145.8,0.96,0.63,0.0,0.0,0.0,0.0,0.0,0.0,1018.71,1154.0,158.3,55.58,242.0,68.0
1774554102503446658,111413,10.716,58.1,9.512,-130.7,1.19,1.17,0.0,0.0,0.0,0.0,0.0,0.0,1029.0,1154.0,156.64,57.04,242.0,68.0
1774554102601774550,111513,9.104,102.4,9.32,-106.9,0.37,1.82,0.0,0.0,0.0,0.0,0.0,0.0,1012.19,1180.0,157.39,23.61,242.0,68.0
1774554102704193227,111613,10.628,93.3,10.7,-98.5,0.76,1.5,0.0,0.0,0.0,0.0,0.0,0.0,1021.45,1938.0,156.62,16.84,242.0,68.0
1774554102802489600,111713,9.064,59.9,10.66,-99.8,0.43,1.07,0.0,0.0,0.0,0.0,0.0,0.0,1034.15,1938.0,159.35,0.0,242.0,68.0
1774554102943175725,111813,10.704,42.9,9.252,-88.7,0.92,0.64,0.0,0.0,0.0,0.0,0.0,0.0,1010.31,1857.0,155.82,0.0,242.0,68.0
1774554103003227964,111913,9.1,32.6,10.716,-122.5,0.63,0.78,0.0,0.0,0.0,0.0,0.0,0.0,1015.79,1447.0,159.15,0.0,242.0,68.0
1774554103101432475,112013,10.68,54.8,9.412,-121.2,0.9,0.66,0.0,0.0,0.0,0.0,0.0,0.0,1029.69,1447.0,156.64,19.92,242.0,68.0
1774554103203886051,112113,10.688,64.2,10.46,-85.7,0.61,0.64,0.0,0.0,0.0,0.0,0.0,0.0,1000.02,1362.0,158.18,43.28,244.0,68.0
1774554103302233566,112212,10.7,43.0,10.716,-78.4,0.61,0.7,0.0,0.0,0.0,0.0,0.0,0.0,1010.14,2723.0,158.2,20.41,244.0,68.0
1774554103400507264,112312,9.364,29.4,9.22,-114.9,0.86,0.82,0.0,0.0,0.0,0.0,0.0,0.0,1000.36,2723.0,155.73,31.69,244.0,68.0
1774554103502854799,112412,9.084,50.9,9.992,-120.2,0.88,1.09,0.0,0.0,0.0,0.0,0.0,0.0,1006.7,1896.0,155.7,18.27,244.0,68.0
1774554103601168906,112512,9.116,87.7,10.032,-74.7,1.15,1.43,0.0,0.0,0.0,0.0,0.0,0.0,140.46,1896.0,156.11,40.68,244.0,68.0
1774554103709550576,112611,8.78,87.0,10.676,-106.3,0.33,1.45,0.0,0.0,0.0,0.0,0.0,0.0,1008.76,1230.0,156.38,49.62,244.0,68.0
1774554103801897920,112711,8.84,69.9,9.256,-117.4,0.76,0.74,0.0,0.0,0.0,0.0,0.0,0.0,995.39,2204.0,158.2,58.69,244.0,68.0
1774554103900213046,112811,10.208,38.9,9.28,-112.2,0.66,0.61,0.0,0.0,0.0,0.0,0.0,0.0,993.16,2204.0,156.64,60.66,244.0,70.0
1774554104002605064,112911,8.888,42.3,9.44,-64.4,0.27,0.45,0.0,0.0,0.0,0.0,0.0,0.0,989.73,2294.0,158.18,43.28,246.0,70.0
1774554104100908663,113012,10.336,39.5,10.708,-106.5,0.41,0.74,0.0,0.0,0.0,0.0,0.0,0.0,1001.39,689.0,159.99,5.89,246.0,70.0
1774554104203304451,113112,10.712,42.9,9.444,-126.4,0.74,1.23,0.0,0.0,0.0,0.0,0.0,0.0,985.1,689.0,157.66,10.75,246.0,70.0
1774554104301629902,113212,9.04,42.9,9.74,-101.2,0.92,0.45,0.0,0.0,0.0,0.0,0.0,0.0,1002.59,1859.0,157.29,61.96,246.0,70.0
1774554104399863073,113312,10.704,44.9,9.256,-114.8,0.94,0.88,0.0,0.0,0.0,0.0,0.0,0.0,1000.53,1859.0,156.89,21.27,246.0,70.0
1774554104502282676,113412,10.688,50.7,9.5,-120.1,0.92,0.51,0.0,0.0,0.0,0.0,0.0,0.0,1016.31,2396.0,157.98,0.0,246.0,70.0
1774554104604696409,113512,9.66,95.6,10.704,-124.4,0.74,1.64,0.0,0.0,0.0,0.0,0.0,0.0,1013.57,611.0,157.57,22.51,246.0,70.0
1774554104703056120,113612,9.14,89.1,9.272,-99.2,0.51,1.74,0.0,0.0,0.0,0.0,0.0,0.0,1003.79,611.0,156.76,50.16,248.0,70.0
1774554104801283550,113712,10.708,46.1,10.46,-91.4,0.63,0.9,0.0,0.0,0.0,0.0,0.0,0.0,1002.76,1053.0,157.98,52.13,248.0,70.0
1774554104971172329,113812,10.432,47.0,9.328,-67.5,0.94,0.45,0.0,0.0,0.0,0.0,0.0,0.0,1012.54,2702.0,158.4,1.67,248.0,70.0
1774554105002031216,113912,10.704,51.3,10.716,-114.6,0.33,0.35,0.0,0.0,0.0,0.0,0.0,0.0,1014.42,2702.0,156.76,23.29,248.0,70.0
1774554105171172300,114012,8.908,46.7,9.488,-77.6,0.7,0.66,0.0,0.0,0.0,0.0,0.0,0.0,1022.65,1241.0,159.5,26.72,248.0,70.0
1774554105202729549,114112,9.024,36.3,10.708,-87.0,0.14,1.05,0.0,0.0,0.0,0.0,0.0,0.0,1036.89,1458.0,156.03,4.13,248.0,70.0
1774554105300940286,114212,9.116,52.1,10.716,-92.0,0.53,0.55,0.0,0.0,0.0,0.0,0.0,0.0,1011.68,1458.0,158.56,0.0,248.0,70.0
1774554105403462514,114312,8.916,49.1,9.52,-130.7,0.7,1.17,0.0,0.0,0.0,0.0,0.0,0.0,1004.99,1013.0,157.18,0.0,248.0,70.0
1774554105505784032,114412,9.108,38.8,10.7,-92.8,0.53,0.64,0.0,0.0,0.0,0.0,0.0,0.0,1024.71,2900.0,157.57,0.0,250.0,70.0
1774554105604116624,114513,9.164,103.8,10.276,-70.2,0.94,1.88,0.0,0.0,0.0,0.0,0.0,0.0,1010.65,2900.0,157.77,0.0,250.0,70.0
1774554105706522811,114613,10.676,80.5,10.7,-75.5,0.78,1.37,0.0,0.0,0.0,0.0,0.0,0.0,1010.82,2006.0,158.79,6.42,250.0,70.0
1774554105835204138,114713,10.244,54.8,9.528,-94.0,0.25,1.0,0.0,0.0,0.0,0.0,0.0,0.0,1024.37,2006.0,156.0,0.0,250.0,70.0
1774554105903156550,114813,9.156,42.7,9.544,-114.2,0.49,0.63,0.0,0.0,0.0,0.0,0.0,0.0,1026.77,788.0,157.29,0.0,250.0,70.0
1774554106005527291,114913,10.7,42.0,10.372,-87.8,0.55,0.55,0.0,0.0,0.0,0.0,0.0,0.0,1008.76,1411.0,158.3,0.0,250.0,70.0
1774554106107930785,115014,9.84,62.0,10.716,-111.5,0.98,0.51,0.0,0.0,0.0,0.0,0.0,0.0,1002.59,1411.0,156.89,0.0,250.0,70.0
1774554106206231832,115115,10.692,56.3,10.74,-95.3,0.66,0.59,0.0,0.0,0.0,0.0,0.0,0.0,1031.57,214.0,159.67,0.0,252.0,70.0
1774554106308653530,115215,10.708,65.8,10.704,-114.4,0.45,0.47,0.0,0.0,0.0,0.0,0.0,0.0,1038.78,1795.0,157.57,0.0,252.0,70.0
1774554106406914002,115315,9.136,61.1,10.712,-140.0,0.74,0.78,0.0,0.0,0.0,0.0,0.0,0.0,1013.74,1795.0,156.76,3.58,252.0,70.0
1774554106509312959,115416,9.816,48.0,10.676,-120.1,1.45,0.74,0.0,0.0,0.0,0.0,0.0,0.0,1014.42,2513.0,156.49,38.92,252.0,70.0
1774554106617695025,115517,10.296,79.0,10.7,-116.1,1.02,1.46,0.0,0.0,0.0,0.0,0.0,0.0,1013.05,2241.0,155.2,52.83,252.0,70.0
1774554106710058834,115617,9.968,103.5,9.364,-103.6,0.43,1.78,0.0,0.0,0.0,0.0,0.0,0.0,1005.85,2241.0,156.89,50.52,252.0,70.0
1774554106839173158,115717,9.576,79.4,10.708,-108.4,1.19,1.0,0.0,0.0,0.0,0.0,0.0,0.0,1017.85,811.0,158.69,55.87,252.0,70.0
1774554106910745227,115817,9.84,36.7,10.224,-127.5,0.53,0.98,0.0,0.0,0.0,0.0,0.0,0.0,1015.45,811.0,155.11,48.75,252.0,70.0
1774554107009034809,115916,9.188,25.3,10.696,-79.3,1.17,0.66,0.0,0.0,0.0,0.0,0.0,0.0,1021.11,1971.0,159.59,0.0,254.0,70.0
1774554107107353720,116016,9.02,67.6,10.732,-99.8,1.19,0.31,0.0,0.0,0.0,0.0,0.0,0.0,1015.62,1154.0,157.35,40.83,254.0,70.0
1774554107209748428,116116,9.204,45.9,9.604,-80.3,0.98,0.53,0.0,0.0,0.0,0.0,0.0,0.0,987.5,1154.0,156.0,60.27,254.0,70.0
1774554107308046672,116216,9.62,56.6,10.72,-107.6,0.86,0.49,0.0,0.0,0.0,0.0,0.0,0.0,978.06,1156.0,157.29,61.96,254.0,70.0
1774554107410455639,116317,10.76,45.0,9.388,-84.3,1.11,0.49,0.0,0.0,0.0,0.0,0.0,0.0,991.61,2393.0,159.05,62.09,254.0,70.0
1774554107508724549,116417,9.024,38.5,9.488,-91.0,0.29,0.55,0.0,0.0,0.0,0.0,0.0,0.0,950.28,2393.0,156.13,59.64,254.0,70.0
1774554107607022071,116516,10.644,72.4,10.692,-95.6,0.49,1.45,0.0,0.0,0.0,0.0,0.0,0.0,947.37,1493.0,157.18,46.51,254.0,70.0
1774554107709455409,116616,10.636,84.8,10.668,-91.3,0.78,1.68,0.0,0.0,0.0,0.0,0.0,0.0,876.19,1298.0,157.35,53.58,256.0,70.0
1774554107807761394,116716,9.02,64.1,9.3,-107.9,0.74,0.7,0.0,0.0,0.0,0.0,0.0,0.0,822.34,1298.0,156.76,51.96,256.0,70.0
1774554107910162324,116816,9.116,62.6,9.336,-76.1,0.78,0.2,0.0,0.0,0.0,0.0,0.0,0.0,773.29,1685.0,158.79,60.15,256.0,70.0
1774554108008468048,116916,8.964,39.8,9.472,-87.2,1.33,0.45,0.0,0.0,0.0,0.0,0.0,0.0,701.09,1685.0,156.64,46.18,256.0,70.0
1774554108110862286,117016,9.14,63.8,10.696,-83.6,1.02,0.47,0.0,0.0,0.0,0.0,0.0,0.0,745.51,1678.0,157.39,48.0,256.0,72.0
1774554108209180579,117116,9.984,57.0,9.908,-116.9,1.11,1.15,0.0,0.0,0.0,0.0,0.0,0.0,574.7,700.0,157.35,44.23,256.0,72.0
1774554108307400481,117216,10.696,43.8,10.684,-90.3,1.05,0.59,0.0,0.0,0.0,0.0,0.0,0.0,543.83,700.0,158.45,54.33,256.0,72.0
1774554108409831941,117316,10.676,49.3,10.616,-93.8,1.27,0.61,0.0,0.0,0.0,0.0,0.0,0.0,519.99,674.0,155.82,23.61,256.0,72.0
1774554108508155068,117416,8.872,69.1,9.444,-108.9,0.64,0.63,0.0,0.0,0.0,0.0,0.0,0.0,141.32,820.0,157.24,6.01,258.0,72.0
1774554108610575361,117516,8.864,70.7,9.236,-68.0,1.0,1.52,0.0,0.0,0.0,0.0,0.0,0.0,479.17,820.0,157.77,27.48,258.0,72.0
1774554108729350449,117615,9.592,78.8,10.68,-83.2,0.59,1.43,0.0,0.0,0.0,0.0,0.0,0.0,11700.07,606.0,157.7,52.57,258.0,72.0
1774554108999174259,117736,8.868,75.0,9.892,-71.9,0.84,1.04,0.0,0.0,0.0,0.0,0.0,0.0,380.73,540.0,152.52,55.61,258.0,72.0
1774554109028333339,117836,10.2,38.1,10.708,-78.7,1.37,0.78,0.0,0.0,0.0,0.0,0.0,0.0,358.78,540.0,159.45,60.02,258.0,72.0
1774554109040321698,117937,9.244,61.2,10.712,-120.0,0.66,0.7,0.0,0.0,0.0,0.0,0.0,0.0,329.97,482.0,158.08,62.76,258.0,72.0
1774554109151227619,118037,9.116,40.5,10.684,-127.9,0.8,0.74,0.0,0.0,0.0,0.0,0.0,0.0,11684.29,430.0,158.38,61.15,260.0,72.0
1774554109249537461,118157,10.656,45.3,10.692,-93.1,0.35,0.61,0.0,0.0,0.0,0.0,0.0,0.0,295.67,430.0,155.6,60.41,260.0,72.0
1774554109351956969,118257,8.852,37.3,10.7,-100.2,0.63,0.53,0.0,0.0,0.0,0.0,0.0,0.0,275.6,357.0,157.29,62.76,260.0,72.0
1774554109450158160,118358,9.088,44.1,10.196,-126.0,0.66,1.04,0.0,0.0,0.0,0.0,0.0,0.0,259.65,340.0,156.62,62.31,260.0,72.0
1774554109552648744,118458,8.964,42.3,10.432,-100.9,0.86,1.17,0.0,0.0,0.0,0.0,0.0,0.0,250.9,340.0,156.0,59.39,260.0,72.0
1774554109650904992,118558,9.024,130.9,9.752,-86.6,0.7,2.03,0.0,0.0,0.0,0.0,0.0,0.0,148.35,268.0,154.78,52.13,260.0,72.0
1774554109783178913,118659,10.62,116.5,9.252,-145.7,1.0,2.07,0.0,0.0,0.0,0.0,0.0,0.0,263.94,261.0,152.72,50.36,260.0,72.0
1774554109861703113,118759,10.68,54.1,10.58,-165.8,1.07,1.37,0.0,0.0,0.0,0.0,0.0,0.0,282.98,261.0,152.28,56.44,260.0,72.0
1774554109954052276,118859,10.704,25.4,10.68,-168.1,1.05,0.53,0.0,0.0,0.0,0.0,0.0,0.0,220.38,237.0,151.1,60.6,260.0,72.0
1774554110052398625,118959,10.548,39.2,10.676,-114.7,1.29,0.31,0.0,0.0,0.0,0.0,0.0,0.0,154.01,237.0,155.6,64.07,262.0,72.0
1774554110154757328,119059,9.46,39.0,10.696,-79.4,0.41,1.04,0.0,0.0,0.0,0.0,0.0,0.0,207.52,270.0,155.03,60.6,262.0,72.0
1774554110253067127,119159,10.556,46.5,10.708,-101.8,0.98,0.45,0.0,0.0,0.0,0.0,0.0,0.0,237.01,243.0,156.62,61.47,262.0,72.0
1774554110351320517,119259,8.868,41.3,10.672,-127.8,0.84,0.47,0.0,0.0,0.0,0.0,0.0,0.0,242.33,243.0,155.73,61.57,262.0,74.0
1774554110453752666,119358,9.092,56.6,10.304,-87.1,0.82,0.82,0.0,0.0,0.0,0.0,0.0,0.0,251.25,237.0,155.82,61.38,262.0,74.0
1774554110576639952,119458,8.956,50.3,10.584,-61.0,0.59,1.11,0.0,0.0,0.0,0.0,0.0,0.0,11693.73,286.0,158.38,58.64,262.0,74.0
1774554110674983751,119581,10.64,68.0,10.676,-79.2,0.84,1.09,0.0,0.0,0.0,0.0,0.0,0.0,299.78,286.0,152.94,53.27,262.0,74.0
1774554110807164302,119682,10.704,80.3,10.636,-107.7,0.35,1.68,0.0,0.0,0.0,0.0,0.0,0.0,311.44,322.0,158.08,53.22,264.0,74.0
1774554110900214943,119782,10.684,66.0,9.428,-112.7,0.37,1.35,0.0,0.0,0.0,0.0,0.0,0.0,11684.12,377.0,157.95,60.29,264.0,74.0
1774554111023127131,119905,10.72,37.7,10.712,-102.2,0.76,0.21,0.0,0.0,0.0,0.0,0.0,0.0,11678.46,412.0,157.37,64.19,264.0,74.0
1774554111145965477,120027,9.228,33.1,9.464,-95.9,0.55,0.96,0.0,0.0,0.0,0.0,0.0,0.0,11682.92,450.0,158.75,61.43,264.0,74.0
1774554111260626126,120152,9.64,37.7,10.716,-103.1,0.43,0.84,0.0,0.0,0.0,0.0,0.0,0.0,11681.38,450.0,157.8,62.27,264.0,74.0
1774554111363065879,120267,9.58,33.2,10.708,-83.6,0.45,0.7,0.0,0.0,0.0,0.0,0.0,0.0,464.59,501.0,154.63,61.24,264.0,74.0
1774554111461350431,120367,10.536,72.5,10.704,-82.4,1.43,0.53,0.0,0.0,0.0,0.0,0.0,0.0,500.27,501.0,158.45,61.57,264.0,74.0
1774554111563783554,120467,9.192,42.7,10.68,-79.4,0.64,1.15,0.0,0.0,0.0,0.0,0.0,0.0,152.46,543.0,157.07,58.3,266.0,74.0
1774554111662072254,120567,9.188,79.9,9.952,-75.6,0.86,1.23,0.0,0.0,0.0,0.0,0.0,0.0,491.52,622.0,156.96,53.14,266.0,74.0
1774554111760357823,120667,9.576,95.8,10.7,-87.1,0.55,1.99,0.0,0.0,0.0,0.0,0.0,0.0,485.52,622.0,157.54,51.61,266.0,74.0
1774554111862776224,120767,9.7,59.0,10.572,-94.8,0.72,0.84,0.0,0.0,0.0,0.0,0.0,0.0,475.74,591.0,156.49,55.61,266.0,74.0
1774554111961066942,120867,10.7,37.7,9.424,-113.0,0.49,0.98,0.0,0.0,0.0,0.0,0.0,0.0,494.78,770.0,157.57,60.86,266.0,74.0
1774554112088043006,120967,10.68,33.9,10.152,-90.4,0.74,0.68,0.0,0.0,0.0,0.0,0.0,0.0,11683.44,689.0,158.83,63.53,266.0,74.0
1774554112186367182,121092,10.676,34.5,10.7,-115.1,1.21,0.53,0.0,0.0,0.0,0.0,0.0,0.0,492.72,689.0,156.85,59.44,266.0,74.0
1774554112288802910,121192,9.152,70.7,10.716,-80.0,0.43,0.8,0.0,0.0,0.0,0.0,0.0,0.0,480.37,2513.0,157.29,60.37,268.0,74.0
1774554112387027861,121292,9.152,33.7,10.696,-74.7,0.96,0.98,0.0,0.0,0.0,0.0,0.0,0.0,484.14,2513.0,156.0,61.16,268.0,76.0
1774554112489450014,121393,9.804,43.7,10.288,-130.9,1.15,1.02,0.0,0.0,0.0,0.0,0.0,0.0,478.48,783.0,157.29,61.17,268.0,76.0
1774554112587714818,121493,10.092,75.4,9.332,-158.2,0.74,0.59,0.0,0.0,0.0,0.0,0.0,0.0,495.63,631.0,155.07,58.36,268.0,76.0
1774554112847195995,121593,9.092,76.7,8.464,0.0,0.21,0.92,0.0,0.0,0.0,0.0,0.0,0.0,137.2,631.0,157.18,55.2,268.0,76.0
1774554112858698646,121694,9.556,60.2,10.312,-95.1,0.92,1.17,0.0,0.0,0.0,0.0,0.0,0.0,11688.58,827.0,158.89,57.09,268.0,76.0
1774554112919528030,121823,9.176,63.8,10.704,-83.3,0.68,0.37,0.0,0.0,0.0,0.0,0.0,0.0,482.43,558.0,155.99,60.74,268.0,76.0
1774554113017791534,121923,9.124,29.9,9.364,-73.7,0.57,0.72,0.0,0.0,0.0,0.0,0.0,0.0,481.74,558.0,155.25,61.4,270.0,76.0
1774554113120246644,122023,8.984,61.8,9.988,-111.2,0.66,0.68,0.0,0.0,0.0,0.0,0.0,0.0,479.0,750.0,158.08,61.96,270.0,76.0
1774554113218544166,122123,9.124,60.8,9.7,-88.1,0.47,0.61,0.0,0.0,0.0,0.0,0.0,0.0,470.6,546.0,159.9,61.24,270.0,76.0
1774554113341413840,122223,9.128,46.4,10.124,-77.4,1.09,0.33,0.0,0.0,0.0,0.0,0.0,0.0,11687.21,637.0,157.32,62.02,270.0,76.0
1774554113443785226,122345,9.46,57.5,10.72,-88.8,0.98,0.72,0.0,0.0,0.0,0.0,0.0,0.0,154.01,637.0,155.87,60.91,270.0,76.0
1774554113562550740,122445,10.728,65.3,10.736,-66.6,0.72,1.58,0.0,0.0,0.0,0.0,0.0,0.0,11671.6,394.0,156.99,67.08,270.0,76.0
1774554113665016369,122567,10.46,90.9,10.528,-117.0,0.68,1.23,0.0,0.0,0.0,0.0,0.0,0.0,490.32,394.0,152.94,54.99,270.0,76.0
1774554113763284612,122668,10.104,89.7,9.42,-64.7,0.66,1.21,0.0,0.0,0.0,0.0,0.0,0.0,479.17,544.0,158.79,55.33,272.0,76.0
1774554113895180020,122768,10.668,70.7,10.716,-134.8,0.66,3.18,0.0,0.0,0.0,0.0,0.0,0.0,485.0,612.0,157.46,61.47,272.0,76.0
1774554113988595915,122868,9.128,5.8,10.708,-78.0,0.92,0.35,0.0,0.0,0.0,0.0,0.0,0.0,11683.95,633.0,159.33,70.09,272.0,76.0
1774554114111468193,122990,10.076,34.5,10.208,-86.8,1.23,0.78,0.0,0.0,0.0,0.0,0.0,0.0,11685.67,467.0,156.77,60.93,272.0,76.0
1774554114209758635,123113,9.148,45.2,10.708,-83.3,0.8,0.55,0.0,0.0,0.0,0.0,0.0,0.0,469.4,467.0,157.88,61.4,272.0,76.0
1774554114307998983,123213,10.508,40.1,9.46,-95.5,0.76,0.37,0.0,0.0,0.0,0.0,0.0,0.0,490.83,574.0,156.71,61.59,272.0,78.0
1774554114430930481,123313,8.888,37.9,10.696,-119.4,0.8,1.27,0.0,0.0,0.0,0.0,0.0,0.0,11686.01,712.0,156.31,63.03,272.0,78.0
1774554114549722392,123435,8.844,64.1,10.684,-116.9,0.82,1.6,0.0,0.0,0.0,0.0,0.0,0.0,11695.79,712.0,156.79,54.44,274.0,78.0
1774554114648037760,123551,10.66,95.8,10.684,-84.3,0.51,1.5,0.0,0.0,0.0,0.0,0.0,0.0,473.0,784.0,156.16,50.52,274.0,78.0
1774554114799192092,123651,8.808,66.5,10.704,-81.1,0.55,0.88,0.0,0.0,0.0,0.0,0.0,0.0,473.51,784.0,158.45,54.33,274.0,78.0
1774554114848743860,123751,9.752,47.3,10.34,-89.7,0.35,0.8,0.0,0.0,0.0,0.0,0.0,0.0,481.57,703.0,155.03,59.02,274.0,78.0
1774554114947034950,123851,10.7,23.9,9.524,-75.4,0.63,0.8,0.0,0.0,0.0,0.0,0.0,0.0,138.23,589.0,158.96,62.72,274.0,78.0
1774554115049436986,123951,10.672,36.8,10.416,-89.1,0.29,0.84,0.0,0.0,0.0,0.0,0.0,0.0,550.0,589.0,158.66,62.93,274.0,78.0
1774554115147735182,124051,10.648,60.0,10.724,-74.4,0.92,0.39,0.0,0.0,0.0,0.0,0.0,0.0,497.52,611.0,156.6,60.6,274.0,78.0
1774554115250139185,124151,9.788,65.5,9.488,-83.7,1.02,0.8,0.0,0.0,0.0,0.0,0.0,0.0,484.66,1055.0,156.62,61.47,274.0,78.0
1774554115348417454,124251,9.156,34.2,10.716,-99.0,1.13,0.98,0.0,0.0,0.0,0.0,0.0,0.0,467.51,1055.0,158.45,63.38,276.0,78.0
1774554115450829236,124351,10.672,45.2,10.704,-117.5,0.78,1.13,0.0,0.0,0.0,0.0,0.0,0.0,488.26,665.0,157.39,61.38,276.0,78.0
1774554115549137173,124451,8.848,93.3,9.324,-72.7,0.51,1.07,0.0,0.0,0.0,0.0,0.0,0.0,481.57,665.0,155.87,58.23,276.0,78.0
1774554115651539565,124552,9.136,66.6,10.528,-121.3,0.51,1.84,0.0,0.0,0.0,0.0,0.0,0.0,486.2,675.0,157.29,56.4,276.0,78.0
1774554115749853613,124652,8.884,69.4,10.684,-83.4,0.84,0.86,0.0,0.0,0.0,0.0,0.0,0.0,479.17,927.0,157.57,57.53,276.0,78.0
1774554115848123549,124752,10.688,36.4,9.9,-114.0,0.92,0.37,0.0,0.0,0.0,0.0,0.0,0.0,479.34,927.0,157.66,60.91,276.0,78.0
1774554115950551201,124852,8.904,29.4,10.196,-88.1,1.04,0.68,0.0,0.0,0.0,0.0,0.0,0.0,477.97,784.0,157.98,64.16,276.0,78.0
1774554116079170814,124952,10.676,47.3,9.552,-62.6,0.25,0.82,0.0,0.0,0.0,0.0,0.0,0.0,149.55,597.0,157.35,62.09,278.0,78.0
1774554116151300792,125052,9.212,50.7,10.696,-120.2,0.55,0.51,0.0,0.0,0.0,0.0,0.0,0.0,528.56,597.0,157.88,62.28,278.0,78.0
1774554116249590779,125152,9.136,42.7,10.708,-62.7,0.45,0.55,0.0,0.0,0.0,0.0,0.0,0.0,482.26,595.0,158.79,61.75,278.0,80.0
1774554116351965961,125252,9.02,46.7,10.268,-86.3,1.15,0.9,0.0,0.0,0.0,0.0,0.0,0.0,472.83,703.0,155.9,62.53,278.0,80.0
1774554116450230002,125352,10.704,35.2,10.724,-103.9,0.92,0.94,0.0,0.0,0.0,0.0,0.0,0.0,154.01,703.0,158.45,60.66,278.0,80.0
1774554116552655704,125452,9.952,105.5,10.708,-76.2,1.07,1.52,0.0,0.0,0.0,0.0,0.0,0.0,473.85,733.0,158.88,56.4,278.0,80.0
1774554116650948709,125552,10.66,91.7,10.664,-84.0,0.53,1.54,0.0,0.0,0.0,0.0,0.0,0.0,477.8,733.0,156.89,53.18,278.0,80.0
1774554116749258400,125652,10.444,58.2,9.908,-105.9,0.82,0.94,0.0,0.0,0.0,0.0,0.0,0.0,471.8,551.0,157.18,56.14,278.0,80.0
1774554116851656360,125752,10.68,67.0,10.384,-120.1,1.13,0.9,0.0,0.0,0.0,0.0,0.0,0.0,475.23,607.0,158.3,59.79,280.0,80.0
1774554116949968644,125852,9.228,49.7,10.72,-97.3,1.07,0.2,0.0,0.0,0.0,0.0,0.0,0.0,484.49,607.0,156.0,62.93,280.0,80.0
1774554117079178000,125953,9.02,61.1,10.692,-95.3,0.8,0.55,0.0,0.0,0.0,0.0,0.0,0.0,473.85,509.0,158.88,61.96,280.0,80.0
1774554117150664926,126053,10.664,40.2,9.496,-106.7,0.9,1.04,0.0,0.0,0.0,0.0,0.0,0.0,466.31,569.0,156.74,60.86,280.0,80.0
1774554117253054417,126153,10.532,40.2,10.72,-116.8,0.8,0.72,0.0,0.0,0.0,0.0,0.0,0.0,461.51,569.0,157.66,61.81,280.0,80.0
1774554117351390233,126253,9.148,40.6,10.676,-108.1,0.61,1.17,0.0,0.0,0.0,0.0,0.0,0.0,457.05,526.0,159.59,63.35,280.0,80.0
1774554117453738724,126353,10.184,35.2,10.684,-69.1,0.74,0.76,0.0,0.0,0.0,0.0,0.0,0.0,464.42,462.0,154.24,59.19,280.0,80.0
1774554117552054391,126453,9.088,75.1,10.676,-113.1,0.35,1.66,0.0,0.0,0.0,0.0,0.0,0.0,461.85,462.0,155.87,56.44,282.0,80.0
1774554117654468661,126554,9.004,92.3,10.7,-90.8,0.84,1.86,0.0,0.0,0.0,0.0,0.0,0.0,470.42,618.0,157.98,52.93,282.0,80.0
1774554117752768754,126654,10.672,44.1,9.488,-81.9,1.02,1.15,0.0,0.0,0.0,0.0,0.0,0.0,461.51,734.0,156.03,56.14,282.0,80.0
1774554117855181468,126754,10.672,46.0,10.528,-78.5,0.9,0.0,0.0,0.0,0.0,0.0,0.0,0.0,472.48,734.0,157.66,62.71,282.0,80.0
1774554117995174635,126855,10.696,36.5,10.728,-68.7,0.94,0.59,0.0,0.0,0.0,0.0,0.0,0.0,476.26,577.0,159.59,64.96,282.0,80.0
1774554118055879373,126955,10.676,46.7,10.708,-84.8,0.43,0.49,0.0,0.0,0.0,0.0,0.0,0.0,463.91,577.0,155.25,60.52,282.0,80.0
1774554118154164072,127054,9.1,39.3,10.58,-108.6,0.47,0.53,0.0,0.0,0.0,0.0,0.0,0.0,502.67,767.0,158.79,61.75,282.0,80.0
1774554118252504032,127154,8.92,54.9,9.66,-115.4,0.76,0.49,0.0,0.0,0.0,0.0,0.0,0.0,486.03,770.0,156.5,61.24,282.0,82.0
1774554118354856201,127254,10.68,57.7,9.304,-121.9,1.07,0.63,0.0,0.0,0.0,0.0,0.0,0.0,156.75,770.0,156.64,62.47,284.0,82.0
1774554118453166771,127354,9.112,39.4,10.696,-86.3,0.53,1.02,0.0,0.0,0.0,0.0,0.0,0.0,471.45,1078.0,157.49,60.81,284.0,82.0
1774554118561527792,127454,9.596,70.1,10.688,-138.8,0.59,1.88,0.0,0.0,0.0,0.0,0.0,0.0,474.88,767.0,157.35,55.29,284.0,82.0
1774554118653889216,127554,9.344,117.2,9.996,-129.7,0.47,1.99,0.0,0.0,0.0,0.0,0.0,0.0,476.77,767.0,154.23,52.3,284.0,82.0
1774554118752192712,127654,10.268,46.7,9.248,-113.2,0.7,0.98,0.0,0.0,0.0,0.0,0.0,0.0,481.06,1045.0,159.67,57.2,284.0,82.0
1774554118854597475,127754,9.16,37.0,10.712,-83.8,0.47,0.92,0.0,0.0,0.0,0.0,0.0,0.0,492.2,1045.0,158.45,61.57,284.0,82.0
1774554118983177661,127854,8.88,38.5,10.724,-141.3,0.41,0.98,0.0,0.0,0.0,0.0,0.0,0.0,11689.95,532.0,158.25,62.91,284.0,82.0
1774554119075718535,127977,9.112,53.6,10.316,-69.9,0.21,0.57,0.0,0.0,0.0,0.0,0.0,0.0,527.88,628.0,156.38,60.15,286.0,82.0
1774554119178182887,128077,9.16,41.9,10.7,-80.4,0.43,0.63,0.0,0.0,0.0,0.0,0.0,0.0,497.69,628.0,159.45,61.81,286.0,82.0
1774554119276461063,128178,8.896,30.1,10.684,-132.1,1.33,0.66,0.0,0.0,0.0,0.0,0.0,0.0,509.7,659.0,155.7,61.96,286.0,82.0
1774554119378859061,128278,9.156,45.9,10.708,-136.7,0.88,0.96,0.0,0.0,0.0,0.0,0.0,0.0,489.98,782.0,155.07,61.69,286.0,82.0
1774554119477122700,128378,10.36,62.5,10.716,-107.3,0.45,0.92,0.0,0.0,0.0,0.0,0.0,0.0,484.32,782.0,155.87,60.02,286.0,82.0
1774554119579573033,128478,10.628,102.2,9.416,-90.4,0.74,1.25,0.0,0.0,0.0,0.0,0.0,0.0,495.29,608.0,158.79,54.53,286.0,82.0
1774554119677867320,128578,9.02,82.0,10.696,-89.9,0.63,1.5,0.0,0.0,0.0,0.0,0.0,0.0,486.55,485.0,155.07,53.36,286.0,82.0
1774554119780272634,128678,8.788,67.4,10.128,-92.1,1.17,0.78,0.0,0.0,0.0,0.0,0.0,0.0,489.8,485.0,157.66,58.23,286.0,82.0
1774554119899070291,128778,9.136,56.2,10.716,-78.6,0.82,0.43,0.0,0.0,0.0,0.0,0.0,0.0,11688.75,524.0,158.19,62.79,288.0,82.0
1774554119997354208,128898,9.672,45.2,10.748,-115.4,0.8,0.74,0.0,0.0,0.0,0.0,0.0,0.0,527.88,909.0,160.31,64.77,288.0,82.0
1774554120099755777,128998,9.124,56.1,10.704,-123.7,0.8,0.43,0.0,0.0,0.0,0.0,0.0,0.0,566.64,909.0,157.66,60.91,288.0,82.0
1774554120198047374,129098,10.72,40.2,9.592,-99.0,0.63,1.05,0.0,0.0,0.0,0.0,0.0,0.0,607.62,1119.0,157.49,60.81,288.0,84.0
1774554120300423182,129198,10.568,43.7,9.452,-105.4,1.07,0.21,0.0,0.0,0.0,0.0,0.0,0.0,653.59,696.0,158.96,61.86,288.0,84.0
1774554120398758058,129298,9.868,56.5,10.256,-104.0,1.41,0.7,0.0,0.0,0.0,0.0,0.0,0.0,681.54,696.0,156.89,61.16,288.0,84.0
1774554120497014581,129398,10.652,63.6,9.356,-116.4,0.51,1.5,0.0,0.0,0.0,0.0,0.0,0.0,700.58,1258.0,155.03,58.23,288.0,84.0
1774554120599456853,129498,10.684,94.1,10.416,-69.9,0.61,1.74,0.0,0.0,0.0,0.0,0.0,0.0,726.82,848.0,156.62,52.21,290.0,84.0
1774554120697738005,129598,9.04,99.5,10.692,-87.0,0.47,1.56,0.0,0.0,0.0,0.0,0.0,0.0,760.09,848.0,156.89,52.3,290.0,84.0
1774554120800246427,129698,9.364,62.2,10.712,-96.1,0.82,0.68,0.0,0.0,0.0,0.0,0.0,0.0,790.96,1117.0,158.88,59.58,290.0,84.0
1774554121047196274,129798,8.92,44.9,10.6,-102.3,0.47,0.84,0.0,0.0,0.0,0.0,0.0,0.0,820.8,1117.0,156.76,63.6,290.0,84.0
1774554121099184481,129898,10.676,51.4,9.38,-77.2,0.92,0.45,0.0,0.0,0.0,0.0,0.0,0.0,152.46,703.0,158.5,63.57,290.0,84.0
1774554121112003751,129998,8.924,38.3,10.712,-86.2,1.09,0.8,0.0,0.0,0.0,0.0,0.0,0.0,859.04,1228.0,157.88,52.63,290.0,84.0
1774554121201534634,130098,10.672,49.0,10.716,-77.5,1.31,0.35,0.0,0.0,0.0,0.0,0.0,0.0,866.25,1228.0,159.35,62.47,290.0,84.0
1774554121299873599,130198,10.644,30.4,10.5,-80.2,0.88,0.47,0.0,0.0,0.0,0.0,0.0,0.0,900.2,2656.0,156.6,62.96,292.0,84.0
1774554121398121062,130298,10.352,42.8,9.388,-133.9,0.96,0.86,0.0,0.0,0.0,0.0,0.0,0.0,887.86,1091.0,158.3,60.63,292.0,84.0
1774554121500541384,130398,9.976,54.6,10.028,-78.3,1.0,1.29,0.0,0.0,0.0,0.0,0.0,0.0,923.36,1091.0,157.66,58.23,292.0,84.0
1774554121598873978,130498,10.672,72.9,10.688,-105.9,1.11,1.46,0.0,0.0,0.0,0.0,0.0,0.0,936.22,1627.0,155.82,55.87,292.0,84.0
1774554121701288689,130598,9.132,70.7,9.536,-118.8,0.88,1.05,0.0,0.0,0.0,0.0,0.0,0.0,169.1,1627.0,157.06,52.98,292.0,84.0
1774554121831174983,130699,9.148,47.7,9.404,-105.7,0.98,0.64,0.0,0.0,0.0,0.0,0.0,0.0,994.7,1942.0,157.88,58.64,292.0,84.0
1774554121901988733,130799,10.708,26.4,10.708,-94.9,0.64,0.66,0.0,0.0,0.0,0.0,0.0,0.0,1070.5,1445.0,159.99,64.0,292.0,84.0
1774554122000289752,130898,9.148,41.0,9.768,-125.7,1.19,1.0,0.0,0.0,0.0,0.0,0.0,0.0,1029.0,1445.0,157.54,62.47,292.0,84.0
1774554122108653100,130998,9.636,40.5,10.72,-82.2,1.13,0.66,0.0,0.0,0.0,0.0,0.0,0.0,1028.31,1687.0,158.08,60.37,294.0,84.0
1774554122200979659,131098,10.688,56.7,10.716,-69.6,0.37,0.39,0.0,0.0,0.0,0.0,0.0,0.0,1010.31,2396.0,158.3,61.47,294.0,86.0
1774554122299304545,131198,10.58,34.5,10.684,-109.9,1.09,0.92,0.0,0.0,0.0,0.0,0.0,0.0,990.24,2396.0,155.87,62.71,294.0,86.0
1774554122401638656,131298,8.944,49.9,10.292,-161.4,1.13,0.45,0.0,0.0,0.0,0.0,0.0,0.0,1057.64,457.0,155.7,60.37,294.0,86.0
1774554122499947597,131398,9.512,65.0,9.544,-92.8,0.72,1.76,0.0,0.0,0.0,0.0,0.0,0.0,1000.19,654.0,156.62,57.26,294.0,86.0
1774554122598291484,131497,10.644,75.8,9.408,-96.7,0.63,1.43,0.0,0.0,0.0,0.0,0.0,0.0,998.3,654.0,157.54,54.33,294.0,86.0
1774554122700754691,131597,9.432,71.3,10.708,-126.5,1.0,1.52,0.0,0.0,0.0,0.0,0.0,0.0,1008.93,1392.0,157.29,54.81,294.0,86.0
1774554122798994742,131697,9.036,47.6,10.404,-124.1,0.47,1.09,0.0,0.0,0.0,0.0,0.0,0.0,999.16,1784.0,157.46,58.94,294.0,86.0
1774554122939178546,131796,9.172,27.4,9.452,-83.9,1.17,0.61,0.0,0.0,0.0,0.0,0.0,0.0,1002.59,1784.0,160.26,65.19,296.0,86.0
1774554122999705185,131896,8.996,50.2,10.728,-114.2,0.84,0.84,0.0,0.0,0.0,0.0,0.0,0.0,986.81,2186.0,156.49,61.96,296.0,86.0
1774554123097992752,131996,10.688,44.5,10.456,-73.7,0.57,0.63,0.0,0.0,0.0,0.0,0.0,0.0,1094.17,2186.0,156.89,62.93,296.0,86.0
1774554123200407712,132097,9.196,32.2,10.704,-98.7,0.45,0.86,0.0,0.0,0.0,0.0,0.0,0.0,1017.68,1545.0,158.79,61.75,296.0,86.0
1774554123298694427,132197,10.048,35.4,10.064,-95.8,0.86,0.76,0.0,0.0,0.0,0.0,0.0,0.0,1010.48,2306.0,157.57,61.69,296.0,86.0
1774554123401093609,132297,9.052,61.1,10.728,-115.2,0.72,0.53,0.0,0.0,0.0,0.0,0.0,0.0,1050.27,2306.0,156.0,59.39,296.0,86.0
1774554123499359175,132398,9.004,59.2,9.488,-90.4,0.78,0.92,0.0,0.0,0.0,0.0,0.0,0.0,1001.56,1262.0,157.98,57.74,296.0,86.0
1774554123601810247,132498,10.584,92.3,9.324,-96.6,0.82,1.52,0.0,0.0,0.0,0.0,0.0,0.0,1020.94,997.0,154.24,50.86,298.0,86.0
1774554123700105240,132598,9.588,95.1,10.696,-112.5,0.74,1.37,0.0,0.0,0.0,0.0,0.0,0.0,1037.4,997.0,159.45,53.75,298.0,86.0
1774554123802498051,132698,9.14,55.6,9.34,-71.4,0.98,1.04,0.0,0.0,0.0,0.0,0.0,0.0,1051.64,1968.0,158.79,60.15,298.0,86.0
1774554123900812841,132798,8.956,35.2,10.684,-100.3,1.41,0.57,0.0,0.0,0.0,0.0,0.0,0.0,1055.24,1850.0,155.9,62.53,298.0,86.0
1774554123999065573,132898,10.704,30.0,10.724,-96.9,0.25,0.68,0.0,0.0,0.0,0.0,0.0,0.0,1030.71,1850.0,159.45,62.71,298.0,86.0
1774554124101515642,132998,9.168,37.5,9.572,-104.0,0.72,1.31,0.0,0.0,0.0,0.0,0.0,0.0,1017.51,2217.0,157.98,60.15,298.0,86.0
1774554124203907874,133098,10.312,52.8,10.72,-92.9,1.15,0.66,0.0,0.0,0.0,0.0,0.0,0.0,1027.97,2217.0,156.13,59.64,298.0,88.0
1774554124302236123,133198,8.988,29.0,10.7,-92.2,0.68,0.8,0.0,0.0,0.0,0.0,0.0,0.0,1061.76,1822.0,159.59,61.75,298.0,88.0
1774554124400473185,133298,8.98,63.3,9.476,-76.8,0.63,0.66,0.0,0.0,0.0,0.0,0.0,0.0,1029.17,1659.0,159.05,59.54,300.0,88.0
1774554124502882437,133398,9.74,58.4,9.976,-111.2,1.27,0.82,0.0,0.0,0.0,0.0,0.0,0.0,1054.55,1659.0,156.89,57.61,300.0,88.0
1774554124601209982,133498,9.112,79.4,10.692,-113.1,0.72,2.09,0.0,0.0,0.0,0.0,0.0,0.0,1023.34,1102.0,158.08,52.43,300.0,88.0
1774554124703616381,133598,10.636,80.3,10.672,-101.8,0.37,1.23,0.0,0.0,0.0,0.0,0.0,0.0,1030.2,1471.0,158.2,52.73,300.0,88.0
1774554124801918130,133698,9.052,42.1,9.644,-138.6,0.74,0.61,0.0,0.0,0.0,0.0,0.0,0.0,1096.06,1471.0,156.13,62.28,300.0,88.0
1774554124900203193,133798,8.9,26.7,10.716,-83.1,0.55,0.45,0.0,0.0,0.0,0.0,0.0,0.0,1016.82,1272.0,160.39,64.16,300.0,88.0
1774554125159179513,133898,10.68,61.1,10.7,-107.2,0.49,0.59,0.0,0.0,0.0,0.0,0.0,0.0,1028.31,2413.0,157.35,61.24,300.0,88.0
1774554125203347307,133998,10.616,48.1,10.076,-90.0,0.7,0.72,0.0,0.0,0.0,0.0,0.0,0.0,1009.62,2413.0,156.89,59.39,302.0,88.0
1774554125215643183,134098,8.916,39.0,9.444,-95.3,0.74,1.0,0.0,0.0,0.0,0.0,0.0,0.0,1001.05,1588.0,158.08,60.37,302.0,88.0
1774554125301619089,134198,8.888,56.1,10.544,-147.9,1.37,0.25,0.0,0.0,0.0,0.0,0.0,0.0,1002.76,1588.0,155.87,60.91,302.0,88.0
1774554125428570456,134298,10.688,39.2,9.22,-150.5,0.66,1.33,0.0,0.0,0.0,0.0,0.0,0.0,11695.44,1994.0,156.52,60.43,302.0,88.0
1774554125536884950,134424,10.132,88.8,10.692,-85.4,0.74,1.7,0.0,0.0,0.0,0.0,0.0,0.0,153.84,1710.0,153.64,53.18,302.0,88.0
1774554125629292689,134524,9.072,99.4,9.212,-77.0,0.37,2.01,0.0,0.0,0.0,0.0,0.0,0.0,1033.63,1868.0,159.59,52.93,302.0,88.0
1774554125759177254,134624,10.388,76.7,9.448,-134.6,0.86,1.43,0.0,0.0,0.0,0.0,0.0,0.0,1079.94,1868.0,156.76,55.54,302.0,88.0
1774554125829986588,134724,10.676,69.7,10.676,-119.2,0.7,0.51,0.0,0.0,0.0,0.0,0.0,0.0,1049.92,1519.0,156.6,59.02,304.0,88.0
1774554125928310056,134823,10.752,29.5,10.544,-82.9,0.76,0.7,0.0,0.0,0.0,0.0,0.0,0.0,1169.97,1519.0,160.26,63.38,304.0,88.0
1774554126026607240,134923,10.756,49.3,10.704,-83.1,1.17,0.74,0.0,0.0,0.0,0.0,0.0,0.0,1028.31,1264.0,157.18,60.95,304.0,88.0
1774554126128987816,135023,9.072,63.6,10.696,-89.4,0.84,0.68,0.0,0.0,0.0,0.0,0.0,0.0,1052.67,2281.0,157.46,60.63,304.0,88.0
1774554126227306965,135123,8.888,39.0,9.32,-54.4,0.57,0.88,0.0,0.0,0.0,0.0,0.0,0.0,1062.79,2281.0,158.56,61.81,304.0,90.0
1774554126329714059,135223,10.712,37.8,10.732,-135.2,0.82,0.53,0.0,0.0,0.0,0.0,0.0,0.0,1023.85,1715.0,158.08,62.76,304.0,90.0
1774554126427997856,135323,8.86,48.1,10.692,-147.6,0.68,0.45,0.0,0.0,0.0,0.0,0.0,0.0,1037.75,1246.0,156.62,61.47,304.0,90.0
1774554126526315339,135422,9.056,62.1,9.528,-93.8,0.76,1.27,0.0,0.0,0.0,0.0,0.0,0.0,1036.72,1246.0,156.64,57.95,304.0,90.0
1774554126628707952,135522,10.416,95.6,10.716,-103.3,0.7,1.15,0.0,0.0,0.0,0.0,0.0,0.0,1038.26,2079.0,155.03,51.94,306.0,90.0
1774554126727016286,135622,10.556,48.5,10.684,-87.0,0.68,0.98,0.0,0.0,0.0,0.0,0.0,0.0,1023.34,2079.0,158.45,56.14,306.0,90.0
1774554126829430436,135723,10.72,42.9,10.38,-93.3,0.9,0.59,0.0,0.0,0.0,0.0,0.0,0.0,1023.34,2268.0,158.18,60.6,306.0,90.0
1774554126959177265,135823,9.908,29.6,10.712,-107.2,0.78,0.47,0.0,0.0,0.0,0.0,0.0,0.0,1035.17,1538.0,157.46,63.15,306.0,90.0
1774554127030135674,135923,10.732,54.4,10.724,-58.8,0.92,0.7,0.0,0.0,0.0,0.0,0.0,0.0,151.26,1538.0,158.0,63.39,306.0,90.0
1774554127128419838,136024,9.14,52.0,10.132,-79.4,0.64,0.9,0.0,0.0,0.0,0.0,0.0,0.0,1070.67,1688.0,159.31,61.45,306.0,90.0
1774554127230820354,136124,9.648,66.7,10.272,-109.1,1.35,0.43,0.0,0.0,0.0,0.0,0.0,0.0,1084.22,1940.0,156.74,59.19,306.0,90.0
1774554127329131444,136224,9.444,37.8,10.708,-134.9,0.88,0.7,0.0,0.0,0.0,0.0,0.0,0.0,1041.86,1940.0,157.66,61.81,306.0,90.0
1774554127431488070,136325,9.124,60.9,10.732,-108.7,0.82,0.9,0.0,0.0,0.0,0.0,0.0,0.0,1040.83,1509.0,158.88,61.17,308.0,90.0
1774554127529773216,136425,8.912,69.2,10.68,-76.4,0.64,0.94,0.0,0.0,0.0,0.0,0.0,0.0,1050.27,1857.0,157.57,56.69,308.0,90.0
1774554127632219511,136525,9.156,84.4,9.772,-83.9,1.02,1.66,0.0,0.0,0.0,0.0,0.0,0.0,1069.3,1857.0,157.77,55.84,308.0,90.0
1774554127730518638,136625,10.42,91.8,9.44,-86.2,0.23,1.19,0.0,0.0,0.0,0.0,0.0,0.0,1079.42,2113.0,158.79,56.14,308.0,90.0
1774554127832924099,136725,8.964,40.6,10.696,-114.6,1.02,0.68,0.0,0.0,0.0,0.0,0.0,0.0,1039.8,501.0,158.3,60.63,308.0,90.0
1774554127931231300,136825,10.728,45.6,10.24,-110.3,0.74,0.57,0.0,0.0,0.0,0.0,0.0,0.0,1076.16,501.0,158.56,63.6,308.0,90.0
1774554128054102656,136925,10.168,31.7,9.456,-79.5,0.63,0.7,0.0,0.0,0.0,0.0,0.0,0.0,11689.61,2105.0,158.44,61.78,310.0,90.0
1774554128152472727,137047,9.944,41.6,10.696,-90.9,1.15,0.39,0.0,0.0,0.0,0.0,0.0,0.0,140.12,1555.0,157.29,60.37,310.0,90.0
1774554128254803534,137147,9.016,52.2,10.696,-62.5,0.8,0.53,0.0,0.0,0.0,0.0,0.0,0.0,1077.53,1555.0,155.9,60.86,310.0,92.0
1774554128353074379,137247,10.696,42.6,10.708,-136.9,0.86,0.76,0.0,0.0,0.0,0.0,0.0,0.0,1100.17,1380.0,158.08,61.96,310.0,92.0
1774554128451336558,137347,9.0,45.1,10.512,-105.7,0.66,1.33,0.0,0.0,0.0,0.0,0.0,0.0,1069.82,1091.0,155.52,60.15,310.0,92.0
1774554128553803683,137447,9.4,87.6,10.708,-105.7,0.84,1.58,0.0,0.0,0.0,0.0,0.0,0.0,148.35,1091.0,157.06,53.93,310.0,92.0
1774554128652110085,137546,8.948,96.6,9.372,-85.8,0.59,1.39,0.0,0.0,0.0,0.0,0.0,0.0,1088.68,1483.0,157.13,50.37,310.0,92.0
1774554128754570821,137647,10.66,48.9,9.544,-103.2,0.98,0.94,0.0,0.0,0.0,0.0,0.0,0.0,1070.33,1483.0,157.54,55.23,310.0,92.0
1774554128852834870,137747,10.704,39.3,9.756,-76.3,0.49,0.68,0.0,0.0,0.0,0.0,0.0,0.0,1072.56,1617.0,157.39,59.81,312.0,92.0
1774554128955213271,137847,9.616,45.4,10.704,-103.8,1.17,0.63,0.0,0.0,0.0,0.0,0.0,0.0,1093.83,2076.0,159.15,63.15,312.0,92.0
1774554129084036319,137947,10.68,34.1,10.668,-76.7,1.02,0.8,0.0,0.0,0.0,0.0,0.0,0.0,11686.35,1237.0,158.14,61.61,312.0,92.0
1774554129331178070,138070,9.916,34.4,10.704,-123.6,0.76,0.78,0.0,0.0,0.0,0.0,0.0,0.0,11689.61,1237.0,156.89,60.45,312.0,92.0
1774554129393501673,138185,9.172,45.3,10.716,-77.7,0.7,0.68,0.0,0.0,0.0,0.0,0.0,0.0,135.83,1762.0,160.31,61.53,312.0,92.0
1774554129397685932,138285,9.568,42.4,9.664,-110.2,1.07,0.33,0.0,0.0,0.0,0.0,0.0,0.0,1065.7,3036.0,158.69,61.53,312.0,92.0
1774554129491755163,138385,10.668,49.5,10.692,-132.5,0.94,0.78,0.0,0.0,0.0,0.0,0.0,0.0,1061.24,3036.0,154.38,58.77,312.0,92.0
1774554129590051229,138484,10.464,87.4,10.324,-110.4,0.94,1.48,0.0,0.0,0.0,0.0,0.0,0.0,1077.71,1709.0,157.18,53.73,314.0,92.0
1774554129692490072,138584,10.656,82.1,9.6,-105.4,0.63,1.39,0.0,0.0,0.0,0.0,0.0,0.0,1213.19,1709.0,158.45,51.61,314.0,92.0
1774554129790793823,138684,10.692,73.9,10.456,-87.8,0.88,0.63,0.0,0.0,0.0,0.0,0.0,0.0,1076.16,813.0,158.08,57.2,314.0,92.0
1774554129893182738,138784,8.964,45.6,10.708,-79.2,0.88,0.14,0.0,0.0,0.0,0.0,0.0,0.0,1057.81,1931.0,158.3,63.15,314.0,92.0
1774554129991490286,138884,10.08,25.5,10.2,-67.3,1.19,0.53,0.0,0.0,0.0,0.0,0.0,0.0,1058.33,1931.0,157.66,64.5,314.0,92.0
1774554130099890332,138984,10.648,40.7,10.704,-126.9,1.05,0.66,0.0,0.0,0.0,0.0,0.0,0.0,1069.65,1143.0,156.6,61.38,314.0,92.0
1774554130192188801,139084,9.104,41.8,9.448,-103.9,0.18,1.02,0.0,0.0,0.0,0.0,0.0,0.0,1054.9,1354.0,159.05,61.24,314.0,92.0
1774554130290490123,139184,10.704,31.0,10.696,-75.5,1.05,0.49,0.0,0.0,0.0,0.0,0.0,0.0,1124.01,1354.0,157.66,61.81,314.0,94.0
1774554130392861183,139284,8.872,37.6,9.24,-58.5,0.76,0.55,0.0,0.0,0.0,0.0,0.0,0.0,143.55,1525.0,155.9,61.69,316.0,94.0
1774554130491158561,139384,8.924,46.5,9.224,-117.5,0.74,1.19,0.0,0.0,0.0,0.0,0.0,0.0,1075.82,1525.0,158.3,59.79,316.0,94.0
1774554130593592752,139484,10.688,84.1,10.316,-69.8,0.82,1.68,0.0,0.0,0.0,0.0,0.0,0.0,1047.01,1350.0,158.69,54.25,316.0,94.0
1774554130691893537,139585,10.448,86.3,9.228,-65.3,0.66,1.5,0.0,0.0,0.0,0.0,0.0,0.0,1070.33,1111.0,156.85,51.18,316.0,94.0
1774554130794293283,139685,9.652,59.5,10.684,-90.7,0.47,0.74,0.0,0.0,0.0,0.0,0.0,0.0,141.49,1111.0,159.89,56.77,316.0,94.0
1774554130892601124,139785,10.704,49.4,10.724,-100.5,0.72,0.59,0.0,0.0,0.0,0.0,0.0,0.0,1056.61,1217.0,157.79,61.45,316.0,94.0
1774554131167176480,139885,8.86,44.0,9.468,-83.9,0.9,0.35,0.0,0.0,0.0,0.0,0.0,0.0,1057.47,2550.0,156.62,63.15,316.0,94.0
1774554131191593677,139985,8.856,45.9,10.36,-98.4,0.9,0.64,0.0,0.0,0.0,0.0,0.0,0.0,1065.19,2550.0,157.66,60.02,316.0,94.0
1774554131203815405,140085,10.72,50.2,10.704,-78.6,0.96,0.41,0.0,0.0,0.0,0.0,0.0,0.0,1059.36,1089.0,158.79,60.95,318.0,94.0
1774554131293999123,140185,9.152,44.0,10.7,-75.7,0.8,0.94,0.0,0.0,0.0,0.0,0.0,0.0,1124.53,2870.0,156.03,60.26,318.0,94.0
1774554131392303739,140285,10.692,40.8,10.704,-97.8,0.35,1.0,0.0,0.0,0.0,0.0,0.0,0.0,1091.43,2870.0,156.64,61.57,318.0,94.0
1774554131494663407,140385,10.456,37.7,10.66,-145.7,0.98,0.78,0.0,0.0,0.0,0.0,0.0,0.0,1094.86,450.0,154.24,59.02,318.0,94.0
1774554131593040987,140485,10.424,82.3,10.672,-112.2,0.76,1.17,0.0,0.0,0.0,0.0,0.0,0.0,1096.4,1319.0,159.05,54.44,318.0,94.0
1774554131691310214,140584,9.068,75.7,9.28,-85.5,1.19,1.29,0.0,0.0,0.0,0.0,0.0,0.0,1067.07,1319.0,158.45,53.42,318.0,94.0
1774554131793709215,140683,10.532,56.0,9.376,-79.7,1.0,0.63,0.0,0.0,0.0,0.0,0.0,0.0,1062.27,1692.0,155.7,56.4,318.0,94.0
1774554131891988961,140783,10.724,36.1,9.852,-77.3,0.43,1.04,0.0,0.0,0.0,0.0,0.0,0.0,1053.18,1692.0,158.56,60.02,320.0,94.0
1774554131990319114,140883,8.94,34.6,10.692,-85.6,0.49,0.66,0.0,0.0,0.0,0.0,0.0,0.0,1054.55,1283.0,159.59,63.35,320.0,94.0
1774554132119177055,140983,10.696,47.5,9.956,-103.3,0.41,0.84,0.0,0.0,0.0,0.0,0.0,0.0,1047.01,1595.0,157.46,59.79,320.0,94.0
1774554132191022655,141083,8.884,42.6,9.656,-121.1,0.86,0.63,0.0,0.0,0.0,0.0,0.0,0.0,1056.27,1595.0,157.77,60.27,320.0,94.0
1774554132293411338,141184,8.96,42.6,9.552,-84.8,0.59,0.53,0.0,0.0,0.0,0.0,0.0,0.0,1045.64,1592.0,159.59,61.75,320.0,96.0
1774554132391700026,141284,9.976,45.1,9.408,-56.6,0.76,1.07,0.0,0.0,0.0,0.0,0.0,0.0,1056.44,1305.0,155.9,60.86,320.0,96.0
1774554132494078135,141384,9.068,52.9,10.716,-123.1,0.78,0.59,0.0,0.0,0.0,0.0,0.0,0.0,1063.99,1305.0,157.77,60.27,320.0,96.0
1774554132592365711,141485,9.332,97.1,9.4,-97.2,1.15,1.95,0.0,0.0,0.0,0.0,0.0,0.0,1051.98,2515.0,157.98,53.73,320.0,96.0
1774554132731183955,141585,9.744,87.3,10.7,-74.7,0.45,1.02,0.0,0.0,0.0,0.0,0.0,0.0,147.15,2515.0,157.06,57.71,322.0,96.0
1774554132793131269,141685,10.016,43.6,10.72,-110.3,1.02,0.88,0.0,0.0,0.0,0.0,0.0,0.0,1071.88,1335.0,157.23,57.38,322.0,96.0
1774554132895509563,141785,8.98,33.9,10.7,-111.6,0.51,0.59,0.0,0.0,0.0,0.0,0.0,0.0,1144.08,1462.0,158.2,62.94,322.0,96.0
1774554132993815695,141885,9.132,39.0,10.692,-119.5,0.94,0.57,0.0,0.0,0.0,0.0,0.0,0.0,1038.26,1462.0,155.87,62.71,322.0,96.0
1774554133102147059,141985,10.7,62.1,10.716,-89.9,1.05,0.76,0.0,0.0,0.0,0.0,0.0,0.0,1151.62,615.0,158.18,60.6,322.0,96.0
1774554133194540990,142085,9.888,47.4,10.7,-97.7,1.05,0.64,0.0,0.0,0.0,0.0,0.0,0.0,1148.54,1729.0,159.9,61.24,322.0,96.0
1774554133292755433,142185,10.356,36.0,10.696,-97.6,0.64,0.7,0.0,0.0,0.0,0.0,0.0,0.0,1047.69,1729.0,155.11,60.27,322.0,96.0
1774554133395236707,142285,9.64,49.1,9.556,-62.2,0.45,0.47,0.0,0.0,0.0,0.0,0.0,0.0,1227.08,1336.0,159.67,62.76,324.0,96.0
1774554133493478410,142385,8.996,45.4,10.712,-130.1,1.23,0.78,0.0,0.0,0.0,0.0,0.0,0.0,1048.38,1780.0,158.1,59.29,324.0,96.0
1774554133595905295,142485,10.684,109.3,10.696,-82.7,0.45,2.27,0.0,0.0,0.0,0.0,0.0,0.0,1096.06,1780.0,157.77,54.95,324.0,96.0
1774554133694231592,142585,9.184,88.1,10.676,-70.7,0.74,1.33,0.0,0.0,0.0,0.0,0.0,0.0,1090.4,1039.0,158.08,53.22,324.0,96.0
1774554133796608809,142685,10.688,64.3,10.724,-81.5,0.78,0.82,0.0,0.0,0.0,0.0,0.0,0.0,1073.42,1038.0,158.3,55.58,324.0,96.0
1774554133894905365,142785,9.224,48.7,10.736,-115.6,0.18,0.37,0.0,0.0,0.0,0.0,0.0,0.0,1080.28,1038.0,156.0,60.27,324.0,96.0
1774554134023179407,142885,10.684,30.5,10.724,-84.5,0.92,0.55,0.0,0.0,0.0,0.0,0.0,0.0,1046.32,1218.0,158.88,62.76,324.0,96.0
1774554134095643268,142985,10.604,45.7,10.276,-127.7,0.47,1.29,0.0,0.0,0.0,0.0,0.0,0.0,1064.84,1218.0,157.54,60.66,324.0,96.0
1774554134193927729,143085,10.644,47.5,10.704,-66.1,0.78,0.47,0.0,0.0,0.0,0.0,0.0,0.0,162.24,2506.0,157.57,60.86,326.0,96.0
1774554134296351222,143185,8.968,35.7,10.724,-93.3,0.92,0.59,0.0,0.0,0.0,0.0,0.0,0.0,1024.71,1858.0,157.18,61.75,326.0,98.0
1774554134394633664,143285,9.12,61.8,9.508,-128.2,1.0,0.63,0.0,0.0,0.0,0.0,0.0,0.0,1068.79,1858.0,156.76,62.71,326.0,98.0
1774554134502941170,143385,8.936,54.3,10.012,-109.9,0.96,0.57,0.0,0.0,0.0,0.0,0.0,0.0,1089.2,1860.0,155.03,59.02,326.0,98.0
1774554134595343173,143484,10.616,82.9,10.636,-94.0,1.19,1.58,0.0,0.0,0.0,0.0,0.0,0.0,1107.89,1638.0,158.2,53.58,326.0,98.0
1774554134693658913,143585,10.624,104.1,9.272,-109.7,0.74,1.19,0.0,0.0,0.0,0.0,0.0,0.0,1096.06,1638.0,158.45,53.42,326.0,98.0
1774554134796028608,143685,8.876,52.9,10.692,-123.8,0.72,0.94,0.0,0.0,0.0,0.0,0.0,0.0,1049.75,1270.0,157.39,57.45,326.0,98.0
1774554134894346366,143784,10.732,63.6,9.276,-84.8,1.09,0.57,0.0,0.0,0.0,0.0,0.0,0.0,1055.24,1729.0,159.05,60.39,328.0,98.0
1774554135027194773,143884,10.42,48.7,9.44,-104.3,1.23,0.25,0.0,0.0,0.0,0.0,0.0,0.0,1070.85,1729.0,158.45,63.38,328.0,98.0
1774554135095040615,143984,9.892,40.6,10.712,-93.8,0.92,0.86,0.0,0.0,0.0,0.0,0.0,0.0,1063.47,952.0,158.18,62.17,328.0,98.0
1774554135193316963,144084,9.144,42.7,10.672,-100.4,1.19,0.68,0.0,0.0,0.0,0.0,0.0,0.0,1051.3,952.0,157.77,60.27,328.0,98.0
1774554135295750805,144184,9.576,46.2,10.712,-57.3,0.74,1.05,0.0,0.0,0.0,0.0,0.0,0.0,150.58,1242.0,158.2,61.24,328.0,98.0
1774554135394087117,144284,9.952,57.4,10.72,-112.6,0.84,0.63,0.0,0.0,0.0,0.0,0.0,0.0,1042.55,2364.0,157.29,61.17,328.0,98.0
1774554135516916737,144384,8.852,52.0,10.016,-130.5,1.19,0.94,0.0,0.0,0.0,0.0,0.0,0.0,11689.78,2160.0,158.14,58.53,328.0,98.0
1774554135615184344,144506,8.956,112.6,10.668,-131.2,1.17,1.88,0.0,0.0,0.0,0.0,0.0,0.0,1043.41,2160.0,153.84,51.82,328.0,98.0
1774554135717626242,144606,8.888,83.8,9.536,-61.2,0.78,1.27,0.0,0.0,0.0,0.0,0.0,0.0,1110.81,2147.0,158.88,53.22,330.0,98.0
1774554135815897312,144706,10.56,40.4,9.264,-111.4,0.74,0.9,0.0,0.0,0.0,0.0,0.0,0.0,1103.77,2147.0,156.89,57.61,330.0,98.0
1774554135918332617,144806,10.68,35.9,10.7,-105.4,1.02,0.59,0.0,0.0,0.0,0.0,0.0,0.0,1050.09,1415.0,158.79,63.35,330.0,98.0
1774554136016633314,144906,9.46,37.7,10.72,-61.0,0.94,0.68,0.0,0.0,0.0,0.0,0.0,0.0,1072.39,1320.0,159.05,62.09,330.0,98.0
1774554136119031672,145006,8.804,56.9,10.56,-122.8,0.63,0.7,0.0,0.0,0.0,0.0,0.0,0.0,1140.99,1320.0,156.13,63.15,330.0,98.0
1774554136217334592,145106,9.124,47.6,10.504,-96.8,0.68,0.59,0.0,0.0,0.0,0.0,0.0,0.0,1088.17,2074.0,158.79,51.32,330.0,100.0
1774554136319740153,145206,9.056,60.8,10.716,-89.8,0.74,0.39,0.0,0.0,0.0,0.0,0.0,0.0,1038.26,2062.0,156.62,65.68,330.0,100.0
1774554136418043074,145307,9.052,57.3,10.696,-66.1,0.76,0.78,0.0,0.0,0.0,0.0,0.0,0.0,143.55,2062.0,157.18,60.81,332.0,100.0
1774554136520406005,145408,8.852,45.1,9.48,-121.7,1.04,1.21,0.0,0.0,0.0,0.0,0.0,0.0,1019.57,1336.0,159.31,59.17,332.0,100.0
1774554136618743389,145508,9.732,87.7,10.696,-88.2,1.15,1.48,0.0,0.0,0.0,0.0,0.0,0.0,1022.83,2562.0,157.57,52.52,332.0,100.0
1774554136717004717,145608,10.56,59.9,9.524,-65.8,0.9,1.19,0.0,0.0,0.0,0.0,0.0,0.0,1017.51,2562.0,158.56,54.64,332.0,100.0
1774554136819437445,145708,8.876,59.0,10.712,-101.0,0.64,0.74,0.0,0.0,0.0,0.0,0.0,0.0,154.01,1624.0,158.3,57.26,332.0,100.0
1774554136921838654,145808,9.744,28.5,9.74,-112.6,0.74,0.45,0.0,0.0,0.0,0.0,0.0,0.0,1022.14,1624.0,159.05,62.09,332.0,100.0
1774554137020183295,145908,8.908,32.2,9.46,-77.4,0.53,0.51,0.0,0.0,0.0,0.0,0.0,0.0,1032.94,1820.0,156.6,61.38,332.0,100.0
1774554137118445935,146008,8.912,44.0,10.704,-98.5,1.29,0.53,0.0,0.0,0.0,0.0,0.0,0.0,1058.33,1651.0,158.2,60.39,332.0,100.0
1774554137220856957,146108,10.704,54.3,10.688,-90.3,1.07,0.84,0.0,0.0,0.0,0.0,0.0,0.0,156.75,1651.0,158.0,60.55,334.0,100.0
1774554137319188155,146208,10.704,52.6,9.332,-83.4,0.8,0.8,0.0,0.0,0.0,0.0,0.0,0.0,1030.2,723.0,157.88,60.9,334.0,100.0
1774554137421515730,146308,10.692,41.0,9.6,-115.8,1.02,1.13,0.0,0.0,0.0,0.0,0.0,0.0,1038.78,2094.0,156.5,61.24,334.0,100.0
1774554137519794890,146408,9.584,75.5,9.896,-132.6,1.54,0.9,0.0,0.0,0.0,0.0,0.0,0.0,1042.03,2094.0,153.34,58.5,334.0,100.0
1774554137618134717,146508,10.672,84.5,10.208,-83.0,0.41,1.68,0.0,0.0,0.0,0.0,0.0,0.0,1047.52,742.0,157.29,54.02,334.0,100.0
1774554137720545609,146608,10.672,103.2,9.992,-95.0,0.63,1.62,0.0,0.0,0.0,0.0,0.0,0.0,1026.26,742.0,158.45,55.23,334.0,100.0
1774554138111175767,146708,8.924,58.5,10.7,-104.4,1.04,0.92,0.0,0.0,0.0,0.0,0.0,0.0,1021.45,1598.0,156.6,56.66,334.0,100.0
1774554138124205457,146808,9.128,44.0,10.728,-100.4,1.09,0.74,0.0,0.0,0.0,0.0,0.0,0.0,151.95,1385.0,157.77,59.39,336.0,100.0
1774554138136444186,146908,8.988,41.5,10.672,-75.0,0.86,0.61,0.0,0.0,0.0,0.0,0.0,0.0,1016.31,1385.0,158.2,60.39,336.0,100.0
1774554138149414171,147008,10.692,38.0,10.716,-104.8,0.96,0.51,0.0,0.0,0.0,0.0,0.0,0.0,994.87,1569.0,158.08,60.37,336.0,100.0
1774554138220241458,147108,10.696,45.1,10.712,-103.3,1.39,0.68,0.0,0.0,0.0,0.0,0.0,0.0,985.95,2658.0,157.46,61.47,336.0,100.0
1774554138318525172,147208,9.04,60.7,10.708,-87.2,0.84,0.21,0.0,0.0,0.0,0.0,0.0,0.0,999.67,2658.0,157.54,61.57,336.0,102.0
1774554138420916191,147308,10.676,62.1,10.14,-79.5,0.63,0.51,0.0,0.0,0.0,0.0,0.0,0.0,1018.71,1005.0,156.6,61.38,336.0,102.0
1774554138519247220,147407,9.528,39.9,10.696,-124.8,1.54,0.51,0.0,0.0,0.0,0.0,0.0,0.0,1047.01,1515.0,158.2,62.09,336.0,102.0
1774554138621653258,147507,10.664,68.0,9.692,-138.8,1.17,1.23,0.0,0.0,0.0,0.0,0.0,0.0,1048.72,1515.0,154.97,49.27,336.0,102.0
1774554138719965528,147607,10.548,55.5,9.568,-107.9,0.51,1.0,0.0,0.0,0.0,0.0,0.0,0.0,137.2,2071.0,157.57,53.36,338.0,102.0
1774554138818248760,147707,10.684,44.2,9.564,-105.7,0.78,0.92,0.0,0.0,0.0,0.0,0.0,0.0,1029.34,2623.0,157.98,57.74,338.0,102.0
1774554138920652632,147807,9.652,23.7,9.428,-99.5,0.84,0.51,0.0,0.0,0.0,0.0,0.0,0.0,1041.69,2623.0,158.45,62.47,338.0,102.0
1774554139018939824,147907,9.024,37.7,10.484,-90.1,0.63,0.53,0.0,0.0,0.0,0.0,0.0,0.0,1045.64,1821.0,155.82,62.17,338.0,102.0
1774554139121355619,148007,10.664,49.8,10.7,-107.3,0.76,0.45,0.0,0.0,0.0,0.0,0.0,0.0,1081.31,1821.0,159.45,60.91,338.0,102.0
1774554139219665851,148107,9.228,43.6,10.712,-76.2,0.74,1.19,0.0,0.0,0.0,0.0,0.0,0.0,1048.38,897.0,157.29,59.58,338.0,102.0
1774554139322060183,148207,10.668,33.5,10.476,-117.7,1.02,0.9,0.0,0.0,0.0,0.0,0.0,0.0,1050.44,1529.0,158.3,60.63,338.0,102.0
1774554139420334728,148306,10.684,59.7,10.552,-89.2,0.55,0.55,0.0,0.0,0.0,0.0,0.0,0.0,1035.35,1529.0,156.76,60.91,340.0,102.0
1774554139518630589,148406,9.364,47.5,10.684,-124.4,0.8,0.7,0.0,0.0,0.0,0.0,0.0,0.0,1026.6,1215.0,157.29,58.78,340.0,102.0
1774554139621067552,148506,9.984,99.1,9.94,-61.6,1.17,1.64,0.0,0.0,0.0,0.0,0.0,0.0,1010.48,1047.0,159.9,53.58,340.0,102.0
1774554139719391802,148606,9.136,100.1,10.108,-81.6,1.11,1.72,0.0,0.0,0.0,0.0,0.0,0.0,1022.31,1047.0,157.66,52.85,340.0,102.0
1774554139817598679,148706,10.588,60.7,10.132,-61.6,0.25,1.05,0.0,0.0,0.0,0.0,0.0,0.0,988.35,1283.0,157.29,54.81,340.0,102.0
1774554139920068698,148806,9.152,54.5,9.872,-87.5,1.07,0.92,0.0,0.0,0.0,0.0,0.0,0.0,1035.69,879.0,157.46,60.63,340.0,102.0
1774554140199174036,148905,9.12,48.1,10.704,-114.5,0.59,0.33,0.0,0.0,0.0,0.0,0.0,0.0,965.37,879.0,159.35,62.47,340.0,102.0
1774554140219083876,149005,10.7,56.0,10.692,-71.7,0.57,0.43,0.0,0.0,0.0,0.0,0.0,0.0,999.5,838.0,155.7,60.37,340.0,102.0
1774554140231554494,149105,9.116,29.5,10.024,-112.2,0.47,0.49,0.0,0.0,0.0,0.0,0.0,0.0,137.2,838.0,159.89,61.5,342.0,102.0
1774554140321459335,149206,8.916,30.1,10.708,-103.1,0.66,1.07,0.0,0.0,0.0,0.0,0.0,0.0,1030.37,1928.0,158.55,61.45,342.0,104.0
1774554140419728231,149306,9.1,36.6,9.3,-93.6,1.02,0.51,0.0,0.0,0.0,0.0,0.0,0.0,1043.75,1355.0,155.07,64.2,342.0,104.0
1774554140522157025,149406,9.092,52.5,10.688,-130.1,0.64,0.66,0.0,0.0,0.0,0.0,0.0,0.0,1037.92,1355.0,155.87,59.12,342.0,104.0
1774554140620540424,149507,8.772,107.2,9.256,-102.4,0.82,2.01,0.0,0.0,0.0,0.0,0.0,0.0,145.6,1912.0,157.57,54.19,342.0,104.0
1774554140722890457,149607,9.236,74.6,9.268,-102.3,1.04,1.37,0.0,0.0,0.0,0.0,0.0,0.0,1071.88,1736.0,158.08,51.63,342.0,104.0
1774554140821181150,149707,10.672,48.2,10.604,-75.8,0.72,1.68,0.0,0.0,0.0,0.0,0.0,0.0,982.18,1736.0,156.76,56.44,342.0,104.0
1774554140923586572,149808,10.7,53.0,9.296,-93.8,1.19,0.84,0.0,0.0,0.0,0.0,0.0,0.0,1027.97,1994.0,159.67,65.14,344.0,104.0
1774554141051178819,149908,9.076,42.9,10.708,-133.2,0.76,0.51,0.0,0.0,0.0,0.0,0.0,0.0,1017.68,1459.0,156.74,62.53,344.0,104.0
1774554141120140527,150008,10.684,34.8,10.696,-97.2,0.96,0.76,0.0,0.0,0.0,0.0,0.0,0.0,1041.18,1459.0,158.56,60.02,344.0,104.0
1774554141222627079,150108,10.68,48.4,9.5,-127.6,0.8,0.82,0.0,0.0,0.0,0.0,0.0,0.0,1000.87,1673.0,157.98,60.95,344.0,104.0
1774554141320846881,150208,10.68,36.7,10.72,-125.0,0.43,0.76,0.0,0.0,0.0,0.0,0.0,0.0,146.46,1673.0,157.06,61.5,344.0,104.0
1774554141423240098,150307,9.136,53.9,9.508,-111.8,0.66,0.51,0.0,0.0,0.0,0.0,0.0,0.0,1030.89,1363.0,157.79,59.17,344.0,104.0
1774554141521574476,150407,10.168,48.5,10.272,-109.1,0.84,0.8,0.0,0.0,0.0,0.0,0.0,0.0,1036.55,565.0,158.2,57.84,344.0,104.0
1774554141623978916,150507,8.864,75.1,10.696,-91.1,1.07,1.46,0.0,0.0,0.0,0.0,0.0,0.0,1055.07,565.0,154.38,54.38,344.0,104.0
1774554141722280738,150607,10.316,107.2,10.7,-73.1,0.78,1.45,0.0,0.0,0.0,0.0,0.0,0.0,149.72,2363.0,159.15,54.73,346.0,104.0
1774554141830591571,150707,9.136,63.1,10.112,-113.9,0.53,0.74,0.0,0.0,0.0,0.0,0.0,0.0,1085.59,2164.0,157.98,56.94,346.0,104.0
1774554141923005796,150808,9.172,30.6,10.432,-98.3,1.09,0.64,0.0,0.0,0.0,0.0,0.0,0.0,1051.64,2164.0,157.77,62.05,346.0,104.0
1774554142059162629,150908,8.904,30.0,9.544,-90.6,0.88,0.47,0.0,0.0,0.0,0.0,0.0,0.0,1071.36,1634.0,158.88,64.35,346.0,104.0
1774554142123689330,151008,10.72,36.8,9.388,-60.6,1.07,0.59,0.0,0.0,0.0,0.0,0.0,0.0,1045.12,1679.0,157.46,60.63,346.0,104.0
1774554142221953243,151108,9.04,40.3,10.72,-113.5,0.84,1.07,0.0,0.0,0.0,0.0,0.0,0.0,1138.25,1679.0,157.77,61.16,346.0,104.0
1774554142324384126,151208,9.152,45.5,9.688,-105.7,0.47,0.31,0.0,0.0,0.0,0.0,0.0,0.0,1031.4,883.0,158.79,61.75,346.0,106.0
1774554142422693558,151308,10.692,58.3,9.42,-99.4,0.72,0.64,0.0,0.0,0.0,0.0,0.0,0.0,1105.32,883.0,156.76,60.91,348.0,106.0
1774554142520929396,151408,10.668,45.3,10.692,-90.6,1.11,1.25,0.0,0.0,0.0,0.0,0.0,0.0,1062.27,2165.0,157.39,59.02,348.0,106.0
1774554142623391113,151507,9.076,77.8,10.676,-77.4,0.82,1.09,0.0,0.0,0.0,0.0,0.0,0.0,1008.93,1010.0,158.96,57.57,348.0,106.0
1774554142721679860,151607,10.664,65.4,9.552,-116.8,0.59,1.6,0.0,0.0,0.0,0.0,0.0,0.0,1006.53,1010.0,157.66,55.54,348.0,106.0
1774554142830041284,151707,9.748,87.0,10.716,-89.7,0.78,1.19,0.0,0.0,0.0,0.0,0.0,0.0,1015.28,582.0,158.88,56.4,348.0,106.0
1774554142971178198,151806,9.216,66.0,10.704,-102.5,0.7,0.55,0.0,0.0,0.0,0.0,0.0,0.0,1010.48,1228.0,157.35,60.39,348.0,106.0
1774554143020675770,151906,10.712,49.1,9.908,-69.3,0.74,0.33,0.0,0.0,0.0,0.0,0.0,0.0,1038.43,1228.0,158.56,62.71,348.0,106.0
1774554143123088188,152006,10.7,55.6,10.732,-98.0,1.31,0.68,0.0,0.0,0.0,0.0,0.0,0.0,1036.72,1581.0,156.6,60.6,348.0,106.0
1774554143221393323,152105,9.204,48.1,10.724,-75.7,0.37,0.63,0.0,0.0,0.0,0.0,0.0,0.0,1042.03,853.0,159.82,67.88,350.0,106.0
1774554143319678792,152205,9.548,56.6,10.732,-90.2,1.17,0.64,0.0,0.0,0.0,0.0,0.0,0.0,1013.57,853.0,157.54,61.57,350.0,106.0
1774554143422085210,152305,10.7,36.9,10.672,-95.0,1.09,0.8,0.0,0.0,0.0,0.0,0.0,0.0,1022.14,1019.0,155.82,59.02,350.0,106.0
1774554143520365548,152404,9.252,54.7,10.716,-106.3,1.35,0.66,0.0,0.0,0.0,0.0,0.0,0.0,993.33,1019.0,155.73,59.76,350.0,106.0
1774554143618688332,152504,9.604,76.2,9.5,-100.5,1.19,1.66,0.0,0.0,0.0,0.0,0.0,0.0,149.38,608.0,159.15,54.73,350.0,106.0
1774554143721105621,152604,9.056,72.3,10.712,-59.6,0.76,1.27,0.0,0.0,0.0,0.0,0.0,0.0,994.7,1805.0,157.29,52.43,350.0,106.0
1774554143819410312,152704,8.98,67.9,10.72,-130.9,1.15,0.74,0.0,0.0,0.0,0.0,0.0,0.0,1004.99,1805.0,158.45,57.04,350.0,106.0
1774554143921804396,152804,9.212,46.9,10.696,-138.7,1.0,0.64,0.0,0.0,0.0,0.0,0.0,0.0,1022.65,2480.0,156.6,59.81,352.0,106.0
1774554144020109158,152904,8.984,34.7,10.62,-89.6,0.74,0.92,0.0,0.0,0.0,0.0,0.0,0.0,1032.94,2120.0,158.4,63.36,352.0,106.0
1774554144151181455,153004,10.532,50.7,9.608,-118.8,1.07,0.68,0.0,0.0,0.0,0.0,0.0,0.0,1017.85,2120.0,160.17,62.24,352.0,106.0
1774554144220804765,153104,9.944,43.1,10.692,-82.0,0.86,0.57,0.0,0.0,0.0,0.0,0.0,0.0,1034.49,2842.0,156.6,60.6,352.0,106.0
1774554144319124752,153204,9.148,43.6,10.7,-113.8,0.82,0.66,0.0,0.0,0.0,0.0,0.0,0.0,1016.48,1002.0,157.46,61.47,352.0,108.0
1774554144421482519,153304,9.148,37.6,10.676,-97.5,0.64,0.78,0.0,0.0,0.0,0.0,0.0,0.0,1015.28,1002.0,157.54,61.57,352.0,108.0
1774554144519751357,153404,10.18,68.0,9.72,-113.2,0.7,0.72,0.0,0.0,0.0,0.0,0.0,0.0,1003.96,382.0,156.6,59.02,352.0,108.0
1774554144622214090,153504,9.14,96.6,9.256,-115.8,0.82,1.82,0.0,0.0,0.0,0.0,0.0,0.0,1011.34,382.0,156.89,54.95,352.0,108.0
1774554144720498928,153605,9.132,84.5,9.948,-74.0,0.55,1.62,0.0,0.0,0.0,0.0,0.0,0.0,1033.63,2286.0,159.59,52.13,354.0,108.0
1774554144822919401,153705,10.696,43.2,10.724,-77.4,0.72,1.05,0.0,0.0,0.0,0.0,0.0,0.0,1015.62,1447.0,157.57,55.02,354.0,108.0
1774554144983170754,153805,9.14,40.9,9.264,-114.8,0.82,0.37,0.0,0.0,0.0,0.0,0.0,0.0,1009.79,1447.0,158.56,60.91,354.0,108.0
1774554145023612504,153905,8.912,28.0,10.084,-78.1,0.7,0.98,0.0,0.0,0.0,0.0,0.0,0.0,1001.05,2167.0,157.98,63.35,354.0,108.0
1774554145121895638,154005,10.696,36.2,10.704,-84.1,0.98,0.78,0.0,0.0,0.0,0.0,0.0,0.0,148.35,2598.0,157.01,61.4,354.0,108.0
1774554145230248591,154105,8.908,45.2,10.692,-69.3,0.74,0.7,0.0,0.0,0.0,0.0,0.0,0.0,1020.25,2598.0,158.3,61.47,354.0,108.0
1774554145347212041,154205,9.136,27.7,10.696,-89.7,0.72,0.72,0.0,0.0,0.0,0.0,0.0,0.0,11684.29,1677.0,158.44,62.28,354.0,108.0
1774554145449593808,154331,9.084,44.5,10.708,-126.4,1.19,0.68,0.0,0.0,0.0,0.0,0.0,0.0,1026.77,760.0,155.99,63.5,356.0,108.0
1774554145547858349,154431,10.676,68.9,9.98,-86.9,0.86,0.68,0.0,0.0,0.0,0.0,0.0,0.0,1026.08,760.0,156.13,59.64,356.0,108.0
1774554145650267191,154531,9.008,78.4,9.388,-90.9,0.82,1.07,0.0,0.0,0.0,0.0,0.0,0.0,1074.28,2298.0,161.19,54.53,356.0,108.0
1774554145748596067,154631,10.336,75.8,10.64,-80.8,0.96,1.31,0.0,0.0,0.0,0.0,0.0,0.0,1039.98,2285.0,156.62,52.21,356.0,108.0
1774554145879185385,154731,8.872,55.1,10.208,-92.1,1.0,1.37,0.0,0.0,0.0,0.0,0.0,0.0,1028.49,2285.0,158.56,55.54,356.0,108.0
1774554145949296394,154831,9.14,45.5,9.456,-58.1,0.57,0.59,0.0,0.0,0.0,0.0,0.0,0.0,1047.69,2454.0,158.88,61.17,356.0,108.0
1774554146047587372,154931,8.876,46.4,10.696,-96.1,0.94,0.45,0.0,0.0,0.0,0.0,0.0,0.0,1013.57,1126.0,158.2,62.94,356.0,108.0
1774554146150010195,155031,9.1,46.3,10.692,-96.6,0.47,0.78,0.0,0.0,0.0,0.0,0.0,0.0,1031.06,1126.0,156.89,60.27,356.0,108.0
1774554146248297032,155130,10.76,46.5,10.7,-66.0,0.61,0.64,0.0,0.0,0.0,0.0,0.0,0.0,148.35,2042.0,159.99,62.31,358.0,110.0
1774554146346626167,155230,9.124,32.8,9.232,-83.2,0.72,0.63,0.0,0.0,0.0,0.0,0.0,0.0,1031.92,2042.0,158.2,62.09,358.0,110.0
1774554146448953339,155330,10.684,44.1,10.692,-85.1,1.07,0.27,0.0,0.0,0.0,0.0,0.0,0.0,1041.69,1484.0,157.29,61.96,358.0,110.0
1774554146547296363,155430,9.092,54.3,10.68,-132.1,0.82,0.61,0.0,0.0,0.0,0.0,0.0,0.0,1042.03,2123.0,156.62,58.94,358.0,110.0
1774554146649695667,155530,10.528,90.9,10.576,-83.7,1.0,1.46,0.0,0.0,0.0,0.0,0.0,0.0,1061.58,2123.0,158.56,52.85,358.0,110.0
1774554146748009394,155630,8.92,121.2,10.712,-104.0,0.41,1.95,0.0,0.0,0.0,0.0,0.0,0.0,1083.71,1943.0,158.18,51.15,358.0,110.0
1774554146846321917,155730,9.476,66.2,10.692,-82.3,0.29,1.21,0.0,0.0,0.0,0.0,0.0,0.0,1043.06,1252.0,158.2,56.14,358.0,110.0
1774554146948707109,155830,8.908,50.2,10.72,-115.0,0.76,0.64,0.0,0.0,0.0,0.0,0.0,0.0,1059.01,1252.0,159.35,59.76,360.0,110.0
1774554147047006846,155930,8.928,55.8,10.708,-105.9,0.68,0.12,0.0,0.0,0.0,0.0,0.0,0.0,1051.12,1216.0,157.39,62.17,360.0,110.0
1774554147179168015,156030,9.608,55.8,10.732,-76.7,1.02,0.51,0.0,0.0,0.0,0.0,0.0,0.0,1044.09,1466.0,159.15,61.47,360.0,110.0
1774554147247713709,156130,10.692,37.3,9.752,-101.2,1.09,0.8,0.0,0.0,0.0,0.0,0.0,0.0,1034.49,1466.0,158.45,62.47,360.0,110.0
1774554147350109271,156230,10.268,42.5,10.7,-97.8,1.13,0.64,0.0,0.0,0.0,0.0,0.0,0.0,146.46,1721.0,155.2,61.09,360.0,110.0
1774554147448345996,156331,10.688,48.4,10.7,-101.7,0.23,0.57,0.0,0.0,0.0,0.0,0.0,0.0,1068.44,1721.0,159.9,62.09,360.0,110.0
1774554147550771151,156431,10.692,60.8,9.364,-83.1,0.96,1.13,0.0,0.0,0.0,0.0,0.0,0.0,1087.48,2328.0,156.71,58.48,360.0,110.0
1774554147649107212,156531,9.532,83.4,10.708,-79.6,1.13,1.17,0.0,0.0,0.0,0.0,0.0,0.0,1160.88,772.0,158.3,55.58,360.0,110.0
1774554147751512626,156632,10.64,115.4,10.7,-82.6,0.7,1.5,0.0,0.0,0.0,0.0,0.0,0.0,137.2,772.0,155.97,50.71,362.0,110.0
1774554147849810612,156732,8.964,80.1,10.152,-94.5,0.96,1.39,0.0,0.0,0.0,0.0,0.0,0.0,1080.62,1585.0,158.64,55.64,362.0,110.0
1774554147952208192,156832,10.2,26.0,10.008,-65.1,0.74,0.57,0.0,0.0,0.0,0.0,0.0,0.0,1084.39,1226.0,159.15,61.47,362.0,110.0
1774554148083179638,156932,10.692,40.6,10.16,-98.9,0.84,0.45,0.0,0.0,0.0,0.0,0.0,0.0,1074.45,1226.0,158.45,63.38,362.0,110.0
1774554148152906101,157032,10.68,40.2,9.556,-65.4,0.59,0.72,0.0,0.0,0.0,0.0,0.0,0.0,1076.68,1974.0,158.18,61.38,362.0,110.0
1774554148251206217,157132,10.716,38.0,9.568,-116.8,0.74,0.66,0.0,0.0,0.0,0.0,0.0,0.0,1079.42,688.0,157.57,60.03,362.0,110.0
1774554148349472961,157232,10.668,54.3,10.192,-99.3,1.31,0.43,0.0,0.0,0.0,0.0,0.0,0.0,1088.34,688.0,158.45,61.57,362.0,112.0
1774554148451870134,157332,8.992,40.8,10.668,-91.2,1.11,1.05,0.0,0.0,0.0,0.0,0.0,0.0,1128.47,1442.0,157.29,61.17,364.0,112.0
1774554148550213083,157432,10.024,34.2,9.484,-101.4,0.74,0.72,0.0,0.0,0.0,0.0,0.0,0.0,1121.78,1391.0,156.74,59.19,364.0,112.0
1774554148652610848,157532,8.988,72.5,10.572,-73.4,0.47,1.19,0.0,0.0,0.0,0.0,0.0,0.0,1104.12,1391.0,160.26,57.04,364.0,112.0
1774554148750914464,157632,9.176,75.4,9.632,-121.5,1.09,1.58,0.0,0.0,0.0,0.0,0.0,0.0,1093.83,1976.0,156.49,52.43,364.0,112.0
1774554148853307340,157732,10.692,47.9,9.384,-81.1,0.55,1.35,0.0,0.0,0.0,0.0,0.0,0.0,144.92,1976.0,158.0,54.87,364.0,112.0
1774554148951620160,157833,10.708,43.2,10.724,-110.5,0.45,0.41,0.0,0.0,0.0,0.0,0.0,0.0,1056.61,1970.0,159.31,60.69,364.0,112.0
1774554149083175981,157933,9.184,47.6,10.296,-81.1,1.09,0.41,0.0,0.0,0.0,0.0,0.0,0.0,1032.26,1355.0,158.4,62.53,364.0,112.0
1774554149152332735,158033,10.632,31.8,10.712,-81.2,0.76,1.02,0.0,0.0,0.0,0.0,0.0,0.0,1048.38,1355.0,158.56,60.91,364.0,112.0
1774554149254710573,158133,9.072,28.5,10.716,-75.7,0.78,0.88,0.0,0.0,0.0,0.0,0.0,0.0,141.32,811.0,158.3,60.63,366.0,112.0
1774554149352985522,158233,9.152,32.7,10.716,-76.0,0.55,0.63,0.0,0.0,0.0,0.0,0.0,0.0,1051.98,1668.0,156.6,60.6,366.0,112.0
1774554149451284471,158333,10.732,56.7,10.704,-87.0,0.41,0.43,0.0,0.0,0.0,0.0,0.0,0.0,1074.1,1668.0,157.66,61.81,366.0,112.0
1774554149553727570,158433,10.656,68.2,10.484,-124.3,1.0,0.57,0.0,0.0,0.0,0.0,0.0,0.0,1080.79,2794.0,155.58,59.34,366.0,112.0
1774554149652028611,158533,9.456,83.0,10.664,-102.9,0.74,1.5,0.0,0.0,0.0,0.0,0.0,0.0,146.63,2794.0,157.06,53.93,366.0,112.0
1774554149754414413,158633,10.604,83.4,10.696,-115.4,1.0,1.62,0.0,0.0,0.0,0.0,0.0,0.0,1082.34,1354.0,160.06,51.58,366.0,112.0
1774554149852722529,158733,10.676,48.7,9.324,-96.5,1.15,1.35,0.0,0.0,0.0,0.0,0.0,0.0,1048.89,2702.0,156.62,54.73,366.0,112.0
1774554150007176014,158833,8.972,44.2,9.716,-74.2,0.76,0.72,0.0,0.0,0.0,0.0,0.0,0.0,1073.76,2702.0,156.89,58.5,368.0,112.0
1774554150053435159,158934,8.908,28.4,10.444,-110.5,0.47,0.53,0.0,0.0,0.0,0.0,0.0,0.0,1041.69,1690.0,159.67,61.96,368.0,112.0
1774554150155816627,159034,10.528,50.3,10.724,-97.0,0.51,0.61,0.0,0.0,0.0,0.0,0.0,0.0,1085.08,2587.0,158.4,60.86,368.0,112.0
1774554150254139114,159134,8.932,40.7,10.024,-109.8,0.57,0.94,0.0,0.0,0.0,0.0,0.0,0.0,1055.93,2587.0,158.45,61.57,368.0,112.0
1774554150356482284,159235,10.708,42.3,9.68,-89.2,0.94,0.31,0.0,0.0,0.0,0.0,0.0,0.0,1136.36,1362.0,157.39,61.38,368.0,114.0
1774554150454816438,159335,10.564,48.5,9.96,-83.6,0.78,0.63,0.0,0.0,0.0,0.0,0.0,0.0,1139.27,2883.0,158.3,62.31,368.0,114.0
1774554150557211202,159435,9.828,65.4,10.436,-84.3,0.78,0.61,0.0,0.0,0.0,0.0,0.0,0.0,1073.42,2883.0,156.89,62.93,368.0,114.0
1774554150655532208,159535,10.332,72.5,10.676,-110.9,0.9,1.05,0.0,0.0,0.0,0.0,0.0,0.0,1078.22,1369.0,157.98,58.54,368.0,114.0
1774554150757939546,159635,9.096,94.0,10.688,-71.1,0.49,2.07,0.0,0.0,0.0,0.0,0.0,0.0,162.93,1089.0,157.77,50.52,370.0,114.0
1774554150856225477,159735,10.672,63.6,9.54,-90.6,0.8,1.72,0.0,0.0,0.0,0.0,0.0,0.0,1020.08,1089.0,158.2,53.58,370.0,114.0
1774554150954480703,159835,8.868,46.9,10.708,-76.3,0.55,0.61,0.0,0.0,0.0,0.0,0.0,0.0,1094.86,982.0,158.79,59.34,370.0,114.0
1774554151056924384,159935,10.716,39.6,9.564,-73.2,1.33,0.7,0.0,0.0,0.0,0.0,0.0,0.0,1043.75,982.0,155.25,62.28,370.0,114.0
1774554151155265521,160035,10.716,52.2,10.312,-73.7,1.07,0.63,0.0,0.0,0.0,0.0,0.0,0.0,1057.13,2611.0,159.67,62.76,370.0,114.0
1774554151257639562,160135,10.704,57.8,10.708,-102.0,1.29,0.68,0.0,0.0,0.0,0.0,0.0,0.0,1036.72,857.0,159.05,60.39,370.0,114.0
1774554151355932215,160235,9.048,47.2,10.724,-137.0,0.61,0.57,0.0,0.0,0.0,0.0,0.0,0.0,1055.93,857.0,156.89,60.27,370.0,114.0
1774554151454210869,160334,9.48,54.2,10.724,-98.1,1.31,1.21,0.0,0.0,0.0,0.0,0.0,0.0,1051.98,2063.0,159.5,62.34,372.0,114.0
1774554151556586632,160434,9.028,53.9,10.708,-104.6,1.33,0.7,0.0,0.0,0.0,0.0,0.0,0.0,1071.7,954.0,159.05,59.54,372.0,114.0
1774554151654937417,160534,10.652,97.5,10.724,-116.8,0.92,1.64,0.0,0.0,0.0,0.0,0.0,0.0,1060.21,954.0,156.13,55.26,372.0,114.0
1774554151753219404,160634,9.1,83.5,9.896,-109.7,0.64,1.48,0.0,0.0,0.0,0.0,0.0,0.0,1032.09,802.0,159.59,52.93,372.0,114.0
1774554151855637316,160734,10.664,84.8,10.72,-83.7,0.33,0.9,0.0,0.0,0.0,0.0,0.0,0.0,156.58,802.0,157.88,53.58,372.0,114.0
1774554151953894580,160834,9.08,71.2,10.692,-73.1,0.84,0.66,0.0,0.0,0.0,0.0,0.0,0.0,1029.51,1546.0,158.64,58.64,372.0,114.0
1774554152056315575,160934,8.82,45.6,10.688,-101.2,0.43,0.16,0.0,0.0,0.0,0.0,0.0,0.0,1045.81,1591.0,159.15,63.15,372.0,114.0
1774554152154636027,161034,9.044,62.2,10.708,-65.0,0.63,0.51,0.0,0.0,0.0,0.0,0.0,0.0,1059.01,1591.0,158.45,61.57,372.0,114.0
1774554152411160815,161134,8.848,41.7,10.708,-88.7,0.82,1.04,0.0,0.0,0.0,0.0,0.0,0.0,1078.22,1141.0,157.39,61.38,374.0,114.0
1774554152457724708,161234,10.712,31.4,9.244,-83.2,0.84,0.53,0.0,0.0,0.0,0.0,0.0,0.0,1068.44,1398.0,159.15,64.84,374.0,116.0
1774554152461827910,161334,8.896,37.4,10.056,-110.5,0.68,0.76,0.0,0.0,0.0,0.0,0.0,0.0,1049.41,1398.0,156.64,62.47,374.0,116.0
1774554152556024881,161434,10.668,45.2,10.704,-154.7,0.68,0.94,0.0,0.0,0.0,0.0,0.0,0.0,1056.27,1723.0,155.82,59.02,374.0,116.0
1774554152654351611,161534,10.652,60.1,10.036,-114.1,0.35,1.13,0.0,0.0,0.0,0.0,0.0,0.0,145.09,1603.0,157.77,55.84,374.0,116.0
1774554152756743781,161634,8.884,73.4,10.7,-54.4,1.11,1.89,0.0,0.0,0.0,0.0,0.0,0.0,1070.67,1603.0,158.1,53.27,374.0,116.0
1774554152855045417,161734,9.068,67.2,10.692,-131.6,0.84,1.5,0.0,0.0,0.0,0.0,0.0,0.0,1046.49,1759.0,157.39,53.51,374.0,116.0
1774554152953327275,161833,10.7,73.8,10.716,-131.7,0.61,1.0,0.0,0.0,0.0,0.0,0.0,0.0,1075.65,1758.0,157.46,58.1,376.0,116.0
1774554153055742900,161933,9.78,37.3,10.712,-124.7,1.31,0.9,0.0,0.0,0.0,0.0,0.0,0.0,1036.55,1758.0,159.26,61.32,376.0,116.0
1774554153219177541,162033,9.612,42.6,9.344,-93.2,0.82,0.7,0.0,0.0,0.0,0.0,0.0,0.0,1056.1,1554.0,158.97,61.38,376.0,116.0
1774554153256453394,162132,10.704,40.3,10.676,-123.2,1.17,0.84,0.0,0.0,0.0,0.0,0.0,0.0,1036.37,1554.0,156.76,61.81,376.0,116.0
1774554153354746086,162232,8.94,42.2,10.72,-87.4,0.35,0.9,0.0,0.0,0.0,0.0,0.0,0.0,1050.09,1996.0,158.79,61.75,376.0,116.0
1774554153453010315,162332,10.696,44.6,10.684,-91.3,0.84,0.68,0.0,0.0,0.0,0.0,0.0,0.0,1072.56,2187.0,156.74,61.69,376.0,116.0
1774554153555426523,162432,10.384,63.8,10.676,-110.6,1.33,0.43,0.0,0.0,0.0,0.0,0.0,0.0,1055.41,2187.0,157.54,59.76,376.0,116.0
1774554153653747049,162531,9.124,80.8,10.172,-121.2,1.25,1.25,0.0,0.0,0.0,0.0,0.0,0.0,1092.63,2304.0,156.49,57.2,376.0,116.0
1774554153752051094,162631,9.072,77.4,9.516,-107.7,0.86,1.82,0.0,0.0,0.0,0.0,0.0,0.0,1093.14,1706.0,157.35,51.03,378.0,116.0
1774554153854455450,162731,8.94,96.0,10.684,-100.8,0.57,1.58,0.0,0.0,0.0,0.0,0.0,0.0,1056.1,1706.0,158.45,51.61,378.0,116.0
1774554153952748717,162831,10.496,66.8,10.688,-75.7,0.61,0.55,0.0,0.0,0.0,0.0,0.0,0.0,1056.61,2076.0,157.39,58.23,378.0,116.0
1774554154055171897,162931,10.68,47.5,10.684,-88.1,0.59,0.2,0.0,0.0,0.0,0.0,0.0,0.0,1037.4,1010.0,158.3,63.15,378.0,116.0
1774554154153451868,163031,9.388,32.8,9.528,-61.4,0.7,0.45,0.0,0.0,0.0,0.0,0.0,0.0,142.86,1010.0,157.88,63.15,378.0,116.0
1774554154255851447,163131,10.708,32.0,10.704,-72.5,0.7,0.82,0.0,0.0,0.0,0.0,0.0,0.0,1105.32,2216.0,157.23,61.1,378.0,116.0
1774554154354133066,163231,9.16,63.8,10.716,-119.1,1.29,0.55,0.0,0.0,0.0,0.0,0.0,0.0,1142.02,2216.0,158.56,60.91,378.0,118.0
1774554154452403944,163331,10.708,39.2,9.544,-134.7,0.76,0.37,0.0,0.0,0.0,0.0,0.0,0.0,1148.88,1549.0,158.79,61.75,380.0,118.0
1774554154554849987,163431,10.696,32.8,10.724,-117.9,0.43,0.92,0.0,0.0,0.0,0.0,0.0,0.0,1062.44,2450.0,156.62,60.63,380.0,118.0
1774554154895173886,163531,10.68,47.8,10.488,-81.4,0.84,1.13,0.0,0.0,0.0,0.0,0.0,0.0,11695.1,1567.0,159.17,56.99,380.0,118.0
1774554154908403484,163653,10.608,87.4,10.716,-121.9,0.94,1.5,0.0,0.0,0.0,0.0,0.0,0.0,1072.73,1567.0,154.11,52.43,380.0,118.0
1774554154976734772,163753,9.048,61.9,10.344,-104.3,0.9,1.04,0.0,0.0,0.0,0.0,0.0,0.0,1047.86,1292.0,159.67,54.81,380.0,118.0
1774554154989678292,163853,9.152,60.9,9.376,-86.1,0.96,0.49,0.0,0.0,0.0,0.0,0.0,0.0,1058.16,1292.0,157.54,59.76,380.0,118.0
1774554155075017231,163953,9.004,45.7,9.568,-102.1,0.74,0.39,0.0,0.0,0.0,0.0,0.0,0.0,1058.5,2101.0,157.39,62.96,380.0,118.0
1774554155177438995,164052,10.712,29.8,10.696,-89.5,0.96,0.84,0.0,0.0,0.0,0.0,0.0,0.0,1048.04,769.0,158.2,62.09,380.0,118.0
1774554155275737431,164152,9.308,38.5,10.648,-115.0,0.37,1.0,0.0,0.0,0.0,0.0,0.0,0.0,152.46,769.0,159.7,61.94,382.0,118.0
1774554155378139232,164252,9.156,45.1,10.708,-87.9,0.41,0.76,0.0,0.0,0.0,0.0,0.0,0.0,1039.8,1471.0,157.13,61.65,382.0,118.0
1774554155476407000,164353,10.692,37.0,10.66,-123.1,0.8,0.9,0.0,0.0,0.0,0.0,0.0,0.0,1042.38,750.0,157.46,65.68,382.0,118.0
1774554155578829727,164453,9.696,51.7,9.624,-150.0,1.37,0.8,0.0,0.0,0.0,0.0,0.0,0.0,1046.66,750.0,154.97,60.02,382.0,118.0
1774554155677138015,164553,10.68,60.8,10.7,-70.1,0.82,1.48,0.0,0.0,0.0,0.0,0.0,0.0,154.01,1404.0,156.03,57.79,382.0,118.0
1774554155775445042,164653,9.1,87.4,10.696,-105.0,0.66,1.58,0.0,0.0,0.0,0.0,0.0,0.0,1069.65,885.0,158.69,52.63,382.0,118.0
1774554155877835862,164753,9.948,47.0,9.484,-90.0,0.92,1.25,0.0,0.0,0.0,0.0,0.0,0.0,1118.35,885.0,156.89,54.95,382.0,118.0
1774554155976159613,164853,10.616,38.7,10.688,-115.4,0.96,1.07,0.0,0.0,0.0,0.0,0.0,0.0,1047.01,2230.0,156.6,57.45,384.0,118.0
1774554156107171883,164953,9.104,28.1,10.7,-130.6,0.68,0.72,0.0,0.0,0.0,0.0,0.0,0.0,1050.09,2230.0,159.35,62.47,384.0,118.0
1774554156176853744,165053,9.152,55.9,10.708,-66.6,0.59,1.13,0.0,0.0,0.0,0.0,0.0,0.0,1057.81,1010.0,158.18,61.38,384.0,118.0
1774554156279247731,165153,8.892,52.6,10.696,-111.1,1.11,0.82,0.0,0.0,0.0,0.0,0.0,0.0,1090.91,1883.0,159.9,61.24,384.0,118.0
1774554156377536019,165253,8.964,59.6,10.72,-67.0,0.57,0.31,0.0,0.0,0.0,0.0,0.0,0.0,1056.95,1883.0,158.45,57.04,384.0,120.0
1774554156479899617,165353,10.188,54.4,10.688,-62.2,1.13,0.68,0.0,0.0,0.0,0.0,0.0,0.0,1068.96,1465.0,155.93,61.59,384.0,120.0
1774554156578255165,165453,10.648,47.3,10.68,-159.5,0.96,1.02,0.0,0.0,0.0,0.0,0.0,0.0,1073.76,2271.0,158.3,64.0,384.0,120.0
1774554156676550231,165553,10.668,62.3,10.68,-104.6,1.39,1.43,0.0,0.0,0.0,0.0,0.0,0.0,1082.68,2271.0,158.34,60.41,384.0,120.0
1774554156778940718,165653,10.676,85.7,10.668,-112.8,0.39,1.48,0.0,0.0,0.0,0.0,0.0,0.0,1074.62,776.0,156.6,55.09,386.0,120.0
1774554156877251062,165753,9.412,61.2,9.196,-111.6,0.68,1.48,0.0,0.0,0.0,0.0,0.0,0.0,1073.08,1446.0,157.57,55.02,386.0,120.0
1774554157103170060,165853,10.704,40.0,10.5,-121.4,0.68,1.04,0.0,0.0,0.0,0.0,0.0,0.0,1094.34,1446.0,159.26,60.41,386.0,120.0
1774554157115354189,165953,10.648,49.4,10.684,-138.4,0.88,0.1,0.0,0.0,0.0,0.0,0.0,0.0,1083.54,1718.0,156.6,64.53,386.0,120.0
1774554157176254873,166053,8.848,33.2,10.704,-83.8,1.04,1.13,0.0,0.0,0.0,0.0,0.0,0.0,1104.29,1718.0,158.66,61.16,386.0,120.0
1774554157278617305,166153,10.688,54.7,9.38,-110.8,0.8,0.8,0.0,0.0,0.0,0.0,0.0,0.0,1062.96,2152.0,159.5,60.72,386.0,120.0
1774554157376959206,166253,10.676,47.0,10.7,-85.8,1.02,0.66,0.0,0.0,0.0,0.0,0.0,0.0,1079.25,2104.0,157.57,60.86,386.0,120.0
1774554157475174420,166352,8.836,29.3,10.672,-85.5,0.88,0.64,0.0,0.0,0.0,0.0,0.0,0.0,1062.61,2104.0,157.54,62.47,388.0,120.0
1774554157577636853,166452,9.124,63.9,10.68,-123.8,0.7,0.51,0.0,0.0,0.0,0.0,0.0,0.0,1042.72,2231.0,158.79,60.95,388.0,120.0
1774554157675930531,166552,8.884,73.5,10.7,-65.5,0.66,1.37,0.0,0.0,0.0,0.0,0.0,0.0,1068.62,719.0,156.74,58.36,388.0,120.0
1774554157778347482,166652,8.768,99.5,9.876,-118.1,0.7,1.56,0.0,0.0,0.0,0.0,0.0,0.0,1061.93,719.0,156.76,55.54,388.0,120.0
1774554157876649439,166752,8.964,74.4,10.68,-102.5,0.47,1.33,0.0,0.0,0.0,0.0,0.0,0.0,1103.09,2401.0,155.82,54.3,388.0,120.0
1774554157979051649,166852,8.812,60.5,10.688,-96.2,1.07,0.78,0.0,0.0,0.0,0.0,0.0,0.0,1067.24,1605.0,159.05,60.39,388.0,120.0
1774554158077391593,166952,8.896,27.9,9.46,-94.0,0.68,0.9,0.0,0.0,0.0,0.0,0.0,0.0,1084.91,1605.0,159.45,63.6,388.0,120.0
1774554158179747543,167052,8.872,67.4,9.612,-115.9,0.7,0.27,0.0,0.0,0.0,0.0,0.0,0.0,1119.04,1182.0,157.29,61.17,388.0,120.0
1774554158278057723,167152,9.064,44.1,10.724,-54.5,1.04,1.11,0.0,0.0,0.0,0.0,0.0,0.0,1068.96,1182.0,156.89,60.27,390.0,120.0
1774554158376290254,167252,10.168,45.3,9.284,-73.6,0.53,0.64,0.0,0.0,0.0,0.0,0.0,0.0,1212.51,1526.0,159.67,61.96,390.0,122.0
1774554158478706687,167352,10.716,46.5,10.732,-104.5,1.02,0.53,0.0,0.0,0.0,0.0,0.0,0.0,1072.22,1001.0,153.25,68.21,390.0,122.0
1774554158577051479,167452,9.716,63.2,10.676,-123.1,0.96,0.63,0.0,0.0,0.0,0.0,0.0,0.0,1048.72,1001.0,156.64,62.47,390.0,122.0
1774554158679540932,167553,9.796,81.7,10.3,-69.5,1.07,1.64,0.0,0.0,0.0,0.0,0.0,0.0,137.2,2750.0,156.74,57.53,390.0,122.0
1774554158787797535,167653,10.536,75.4,9.476,-72.2,1.0,1.25,0.0,0.0,0.0,0.0,0.0,0.0,1059.36,2101.0,156.6,52.73,390.0,122.0
1774554158880165062,167754,9.144,65.7,9.52,-112.3,1.0,1.13,0.0,0.0,0.0,0.0,0.0,0.0,1075.3,2101.0,158.56,57.33,390.0,122.0
1774554159131178169,167855,8.88,70.5,10.68,-123.8,0.45,0.64,0.0,0.0,0.0,0.0,0.0,0.0,1071.53,1944.0,158.08,60.37,392.0,122.0
1774554159179168602,167955,10.668,35.4,10.7,-110.6,0.66,0.59,0.0,0.0,0.0,0.0,0.0,0.0,1059.18,1718.0,157.57,63.36,392.0,122.0
1774554159191321227,168055,8.928,52.8,10.7,-73.6,0.94,0.64,0.0,0.0,0.0,0.0,0.0,0.0,1071.53,1718.0,157.77,61.16,392.0,122.0
1774554159281592888,168155,9.144,60.1,9.38,-111.2,0.61,0.78,0.0,0.0,0.0,0.0,0.0,0.0,1072.05,2671.0,158.69,61.53,392.0,122.0
1774554159379826772,168255,9.136,41.1,10.684,-84.5,1.11,1.17,0.0,0.0,0.0,0.0,0.0,0.0,1048.89,2671.0,156.89,61.16,392.0,122.0
1774554159482242817,168355,9.16,33.9,10.452,-108.1,1.0,1.13,0.0,0.0,0.0,0.0,0.0,0.0,1053.18,1586.0,158.08,61.96,392.0,122.0
1774554159580539295,168455,9.072,46.2,10.716,-68.3,0.94,0.64,0.0,0.0,0.0,0.0,0.0,0.0,1062.27,1662.0,158.2,61.24,392.0,122.0
1774554159682960915,168555,10.296,72.0,10.688,-115.1,1.21,1.21,0.0,0.0,0.0,0.0,0.0,0.0,1100.17,1662.0,156.0,57.61,392.0,122.0
1774554159781255022,168655,9.156,91.7,10.7,-63.0,1.07,1.52,0.0,0.0,0.0,0.0,0.0,0.0,170.64,1143.0,156.74,54.19,394.0,122.0
1774554159883685216,168755,9.128,68.0,10.692,-105.3,0.86,1.19,0.0,0.0,0.0,0.0,0.0,0.0,1058.84,1505.0,158.69,57.49,394.0,122.0
1774554159981959230,168855,8.988,45.2,10.716,-82.0,0.9,0.49,0.0,0.0,0.0,0.0,0.0,0.0,1073.25,1505.0,157.01,61.4,394.0,122.0
1774554160080254120,168955,10.72,30.9,10.728,-125.1,0.59,1.05,0.0,0.0,0.0,0.0,0.0,0.0,1068.1,777.0,157.98,63.35,394.0,122.0
1774554160182637740,169055,9.028,53.8,10.712,-60.8,0.68,0.7,0.0,0.0,0.0,0.0,0.0,0.0,136.51,1149.0,158.56,60.91,394.0,122.0
1774554160280936683,169155,9.208,64.8,10.412,-69.6,0.61,0.29,0.0,0.0,0.0,0.0,0.0,0.0,1028.14,1149.0,156.85,60.26,394.0,124.0
1774554160383326951,169255,9.104,47.7,10.696,-75.9,1.02,0.84,0.0,0.0,0.0,0.0,0.0,0.0,1019.57,1316.0,159.5,61.53,394.0,124.0
1774554160481626338,169355,10.36,27.4,10.696,-86.4,1.37,0.63,0.0,0.0,0.0,0.0,0.0,0.0,1042.21,1485.0,155.78,60.63,394.0,124.0
1774554160584057495,169455,9.908,71.5,10.676,-85.2,0.66,0.53,0.0,0.0,0.0,0.0,0.0,0.0,1050.78,1485.0,159.45,60.02,396.0,124.0
1774554160682359753,169555,9.472,59.0,9.568,-73.7,0.94,0.82,0.0,0.0,0.0,0.0,0.0,0.0,1044.09,1360.0,158.88,58.78,396.0,124.0
1774554160784840078,169655,9.048,80.0,10.08,-110.7,0.66,1.31,0.0,0.0,0.0,0.0,0.0,0.0,1043.75,1360.0,157.54,57.04,396.0,124.0
1774554161039178502,169755,9.012,54.1,10.716,-101.1,0.8,1.27,0.0,0.0,0.0,0.0,0.0,0.0,160.87,1911.0,156.85,57.79,396.0,124.0
1774554161083776698,169856,10.112,57.0,10.696,-72.1,0.74,0.39,0.0,0.0,0.0,0.0,0.0,0.0,1017.85,1613.0,158.79,61.75,396.0,124.0
1774554161096749035,169956,9.288,43.8,9.404,-115.6,1.04,0.74,0.0,0.0,0.0,0.0,0.0,0.0,1026.43,1613.0,157.77,63.82,396.0,124.0
1774554161182022216,170056,9.236,42.2,10.688,-97.9,0.88,0.82,0.0,0.0,0.0,0.0,0.0,0.0,1073.08,2756.0,158.08,60.37,396.0,124.0
1774554161284461485,170157,9.168,63.6,10.696,-98.5,0.57,0.55,0.0,0.0,0.0,0.0,0.0,0.0,146.46,1776.0,157.66,60.91,398.0,124.0
1774554161386951756,170257,10.64,45.8,10.704,-70.3,0.82,0.84,0.0,0.0,0.0,0.0,0.0,0.0,1044.78,1776.0,155.9,60.86,398.0,124.0
1774554161485126013,170357,8.98,60.8,10.684,-102.9,0.86,0.35,0.0,0.0,0.0,0.0,0.0,0.0,1036.03,1429.0,158.08,69.91,398.0,124.0
1774554161587531561,170458,10.696,52.6,10.256,-103.9,1.25,0.59,0.0,0.0,0.0,0.0,0.0,0.0,1065.02,1429.0,155.87,67.18,398.0,124.0
1774554161685867043,170558,10.624,111.9,10.7,-93.3,0.31,1.64,0.0,0.0,0.0,0.0,0.0,0.0,145.77,1562.0,155.2,53.66,398.0,124.0
1774554161784150617,170658,9.1,84.7,9.716,-103.8,0.76,1.62,0.0,0.0,0.0,0.0,0.0,0.0,1024.71,2317.0,159.59,52.93,398.0,124.0
1774554161886574849,170758,9.524,67.0,10.704,-107.5,1.25,0.8,0.0,0.0,0.0,0.0,0.0,0.0,1020.08,2317.0,157.54,58.85,398.0,124.0
1774554161984814959,170858,10.028,33.5,10.708,-87.6,0.94,0.98,0.0,0.0,0.0,0.0,0.0,0.0,1050.78,1152.0,157.39,61.38,398.0,124.0
1774554162087273679,170958,9.544,30.4,10.716,-103.2,1.37,0.68,0.0,0.0,0.0,0.0,0.0,0.0,1041.86,1271.0,159.15,63.15,400.0,124.0
1774554162219171935,171058,9.004,56.3,10.7,-90.6,0.63,0.61,0.0,0.0,0.0,0.0,0.0,0.0,1027.29,1271.0,158.45,65.19,400.0,124.0
1774554162287982340,171158,10.708,50.0,10.7,-66.4,0.82,0.59,0.0,0.0,0.0,0.0,0.0,0.0,1043.41,1910.0,156.6,60.6,400.0,126.0
1774554162386241879,171258,10.688,57.2,10.696,-77.6,1.25,0.72,0.0,0.0,0.0,0.0,0.0,0.0,1054.21,2329.0,158.3,61.47,400.0,126.0
1774554162484499084,171358,10.668,30.9,10.68,-104.2,0.66,0.45,0.0,0.0,0.0,0.0,0.0,0.0,1019.4,2329.0,155.87,61.81,400.0,126.0
1774554162586970189,171458,10.704,60.5,9.288,-81.8,0.43,0.66,0.0,0.0,0.0,0.0,0.0,0.0,1040.83,1881.0,158.08,61.17,400.0,126.0
1774554162685279506,171558,10.684,94.7,10.712,-80.5,0.49,1.66,0.0,0.0,0.0,0.0,0.0,0.0,1038.78,1265.0,157.46,57.26,400.0,126.0
1774554162827182421,171658,10.692,61.9,10.7,-87.1,0.53,1.07,0.0,0.0,0.0,0.0,0.0,0.0,140.8,1265.0,156.93,55.5,402.0,126.0
1774554162885954963,171758,10.58,68.8,10.708,-86.6,0.68,0.66,0.0,0.0,0.0,0.0,0.0,0.0,1065.53,1289.0,157.23,58.12,402.0,126.0
1774554162988338252,171858,8.96,32.2,9.44,-97.2,1.07,0.53,0.0,0.0,0.0,0.0,0.0,0.0,1047.52,1289.0,158.56,62.71,402.0,126.0
1774554163086662611,171958,10.736,33.5,10.728,-70.1,0.74,0.37,0.0,0.0,0.0,0.0,0.0,0.0,1029.51,1473.0,157.98,62.55,402.0,126.0
1774554163189070161,172058,9.128,56.8,9.656,-100.1,0.27,0.9,0.0,0.0,0.0,0.0,0.0,0.0,1047.52,1504.0,158.3,59.79,402.0,126.0
1774554163287365443,172158,10.74,42.5,9.24,-68.6,1.02,1.07,0.0,0.0,0.0,0.0,0.0,0.0,1028.66,1504.0,157.66,60.02,402.0,126.0
1774554163385678170,172258,8.836,33.3,10.712,-133.5,0.84,0.88,0.0,0.0,0.0,0.0,0.0,0.0,1049.58,1244.0,154.9,60.37,402.0,126.0
1774554163488027367,172358,9.12,54.0,9.436,-130.5,1.54,0.31,0.0,0.0,0.0,0.0,0.0,0.0,1026.94,1983.0,155.78,61.47,402.0,126.0
1774554163586356483,172457,8.932,63.1,9.852,-79.7,0.7,0.96,0.0,0.0,0.0,0.0,0.0,0.0,137.2,1983.0,155.97,60.28,404.0,126.0
1774554163684648690,172557,10.664,55.6,10.72,-94.0,0.84,1.33,0.0,0.0,0.0,0.0,0.0,0.0,1017.34,889.0,158.55,59.17,404.0,126.0
1774554163787072463,172657,10.676,94.2,10.7,-72.6,0.82,1.56,0.0,0.0,0.0,0.0,0.0,0.0,1036.2,889.0,157.66,60.02,404.0,126.0
