timestamp_ns,time_ms,voltage_left,current_left_ma,voltage_right,current_right_ma,motor_current_left,motor_current_right,euler_x,euler_y,euler_z,acc_lin_x,acc_lin_y,acc_lin_z,sonar_mm,tof_mm,rpm_left,rpm_right,rotations_left,rotations_right
1776795283294282425,212240,6.0,2.1,10.848,-0.9,-0.08,-0.06,-168.13,4.88,1.81,0.0,0.06,-0.14,0.19,0.06,0.0,203.06,202.0,0.0
1776795283297428064,242149,242048.0,10.836,2.1,10.848,-0.9,-0.08,-0.06,-168.13,4.88,1.81,0.0,0.06,-0.14,0.19,0.06,0.0,203.06,202.0
1776795283299382537,242149,,,,,,,,,,,,,,,,,,
1776795283302022422,1914,9.884,0.8,9.424,0.3,-0.06,-0.06,-0.19,4.69,0.88,-0.1,0.0,-0.39,-2.25,0.0,-0.06,116.28,111.0,0.0
1776795283305487248,2014,10.836,1.7,9.46,0.2,-0.1,-0.06,-0.12,4.69,1.12,-0.05,-0.41,-0.38,-1.63,0.31,-0.25,111.99,124.0,0.0
1776795283310136721,2114,10.84,1.5,9.452,0.2,-0.02,-0.06,-0.12,4.69,1.19,0.01,0.06,-0.44,-0.5,-0.31,-0.31,115.76,124.0,0.0
1776795283313886972,2213,10.832,1.4,9.468,0.2,-0.1,-0.16,-0.12,4.69,1.31,0.04,-0.14,-0.4,-1.06,-0.12,-0.19,111.99,120.0,0.0
1776795283318305578,2313,10.84,1.8,9.888,-1.1,0.04,-0.21,-0.12,4.75,1.37,-0.03,-0.1,-0.41,0.37,-0.31,-0.25,116.79,116.0,0.0
1776795283326280202,2414,9.072,2.4,10.856,-0.9,0.02,-0.14,-0.12,4.75,1.44,0.05,-0.12,-0.43,-1.5,-0.06,0.31,111.65,116.0,0.0
1776795283399807142,2513,9.08,2.6,10.856,0.0,0.0,0.02,-0.12,4.75,1.5,-0.07,-0.25,-0.42,4.44,-0.19,-0.63,110.96,129.0,0.0
1776795283408189735,2613,10.84,1.7,9.632,-0.2,0.1,-0.04,-0.06,4.81,1.06,0.25,0.63,-0.49,0.31,-1.0,0.56,111.99,110.0,0.0
1776795283412891119,2713,10.84,1.6,9.596,-0.3,0.0,-0.12,-0.12,4.75,1.5,-0.12,-0.28,-0.38,-6.31,0.94,0.56,114.22,110.0,0.0
1776795283416459914,2813,10.828,1.8,9.616,0.0,0.04,-0.04,-0.06,4.75,1.88,-0.14,-0.28,-0.41,1.06,-0.19,-0.63,110.96,119.0,0.0
1776795283421955495,2913,10.836,1.9,9.644,0.0,-0.14,-0.02,-0.06,4.69,1.75,0.16,-0.06,-0.41,0.88,0.25,0.19,116.28,119.0,0.0
1776795283426011838,3013,10.84,1.5,9.652,-0.2,0.02,-0.06,0.0,4.69,1.44,0.08,-0.29,-0.38,7.44,-0.19,-2.13,122.97,123.0,0.0
1776795283432600357,3112,9.248,2.1,10.848,-1.0,-0.06,-0.12,0.06,4.69,0.69,-0.27,0.44,-0.53,5.56,-0.56,0.25,11968.47,128.0,0.0
1776795283502218445,3212,9.3,2.3,10.856,-0.9,-0.08,-0.02,0.06,4.75,0.63,-0.13,0.25,-0.42,-3.44,0.06,0.06,124.17,128.0,0.0
1776795283506372795,3312,9.252,2.0,10.848,-0.9,0.02,0.0,0.06,4.75,1.19,-0.01,-0.2,-0.37,-5.0,0.44,0.31,122.97,123.0,0.0
1776795283510541479,3411,9.252,2.2,10.848,-0.8,-0.12,-0.08,0.06,4.75,1.56,0.07,-0.07,-0.39,-2.06,-0.56,0.12,123.99,127.0,0.0
1776795283514595915,3511,9.252,2.0,10.856,-0.8,0.1,-0.02,0.06,4.75,1.75,-0.17,-0.13,-0.38,-1.75,0.19,0.56,123.48,127.0,0.0
1776795283518701225,3611,9.248,2.0,10.852,-1.0,0.0,-0.1,0.06,4.75,1.81,-0.09,-0.15,-0.38,0.88,0.0,-0.25,110.96,131.0,0.0
1776795283526874434,3710,9.276,1.9,10.852,-1.1,0.1,-0.21,0.06,4.75,1.63,0.04,0.3,-0.47,0.5,-0.44,0.12,110.96,136.0,0.0
1776795283600524549,3810,9.296,2.0,10.852,-0.8,0.02,-0.12,0.06,4.75,1.75,0.03,-0.18,-0.43,-0.94,-0.19,0.0,115.59,136.0,0.0
1776795283608884307,3910,9.312,2.1,10.856,-0.9,-0.06,-0.06,0.06,4.81,1.75,0.01,0.03,-0.44,-0.31,-0.25,0.06,116.28,127.0,0.0
1776795283612785401,4011,9.308,2.1,10.856,-0.9,-0.12,0.02,0.06,4.81,1.75,-0.01,-0.03,-0.42,0.19,-0.06,0.0,115.25,127.0,0.0
1776795283617165709,4111,10.836,1.8,9.464,-0.1,0.02,-0.12,0.06,4.81,1.75,-0.03,0.0,-0.4,0.06,0.19,-0.19,115.25,130.0,0.0
1776795283620980501,4211,9.14,2.6,10.856,-1.1,-0.04,0.02,0.06,4.81,1.75,0.03,-0.31,-0.35,2.69,0.19,-0.25,121.08,130.0,0.0
1776795283625094255,4311,9.12,2.3,10.852,-0.8,0.04,-0.06,0.06,4.81,1.37,0.05,0.55,-0.5,4.38,-1.12,0.19,129.31,130.0,0.0
1776795283633328654,4412,9.136,2.4,10.852,-1.1,0.02,-0.02,0.06,4.88,1.37,-0.1,-0.17,-0.39,-1.81,0.5,0.19,125.19,129.0,0.0
1776795283702950575,4512,9.104,2.3,10.852,-0.8,0.06,-0.2,0.06,4.88,1.44,0.13,0.16,-0.42,0.0,-0.06,0.06,120.05,126.0,0.0
1776795283707022197,4613,9.064,2.5,10.856,-0.8,-0.06,-0.02,0.06,4.88,1.5,0.05,-0.07,-0.41,-1.19,-0.19,-0.06,128.97,126.0,0.0
1776795283711273312,4713,9.068,2.6,9.848,-0.4,0.0,-0.08,0.06,4.88,1.5,-0.01,0.03,-0.42,0.06,-0.37,0.06,212.49,127.0,0.0
1776795283715261374,4813,10.832,1.7,10.852,-0.9,0.0,-0.06,0.06,4.88,1.5,-0.07,-0.03,-0.4,0.06,0.0,-0.06,217.46,,11968.81
1776795283719506192,43626,9.204,2.5,10.844,-0.9,0.2,-0.08,2.31,14.19,-2.25,-0.05,-0.01,-0.28,7.81,4.56,-8.38,11968.81,1299.0,0.0
1776795283727485612,43626,9.204,2.5,10.844,-0.9,0.2,-0.08,2.31,14.19,-2.25,-0.05,-0.01,-0.28,7.81,4.56,-8.38,11968.81,1299.0,0.0
1776795283731560124,43726,9.208,2.2,10.848,-1.0,0.06,-0.06,3.06,13.31,-3.19,0.02,0.27,-0.65,6.31,13.5,-6.81,875.51,1299.0,0.0
1776795283735697713,43826,9.136,2.1,10.848,-1.0,-0.04,-0.08,3.13,12.0,-3.63,-0.17,0.02,-0.32,2.44,15.25,1.81,780.5,809.0,0.0
1776795283801246104,43927,9.136,2.3,10.848,-0.9,0.06,-0.1,2.94,10.69,-3.44,0.0,0.43,0.38,-4.44,13.38,0.44,757.17,809.0,0.0
1776795283809574453,44027,9.192,2.4,10.84,-0.8,-0.02,-0.02,3.0,9.56,-2.81,-0.05,-0.11,0.34,-6.38,8.44,0.69,808.79,1213.0,0.0
1776795283813506419,44128,9.184,2.1,10.844,-0.7,0.23,0.0,3.0,8.38,-2.38,-0.45,0.39,-0.59,-3.44,18.62,-0.06,837.43,1019.0,0.0
1776795283899518114,44227,9.144,2.5,10.844,-0.8,-0.08,-0.16,2.88,6.69,-1.81,-0.36,0.06,-1.24,-5.63,17.31,2.19,887.17,1019.0,0.0
1776795284001937175,44327,9.16,2.4,10.852,-0.8,0.08,-0.08,2.31,5.19,-1.19,-0.34,0.49,-1.5,-5.5,14.69,12.25,842.75,918.0,0.0
1776795284100257698,44427,9.136,2.6,10.844,-0.9,0.0,-0.06,1.12,3.88,-0.75,0.11,-0.06,-0.96,-1.37,12.25,11.44,824.23,583.0,0.0
1776795284202648525,44527,9.132,2.2,10.848,-0.8,0.06,-0.2,0.25,2.88,-1.0,-0.18,-0.38,-0.34,9.69,7.25,4.44,851.5,583.0,0.0
1776795284301108482,44627,9.14,2.3,10.84,-0.9,-0.2,-0.06,-0.25,2.25,-1.94,-0.4,-0.04,-0.61,11.25,3.31,4.5,11966.24,1949.0,0.0
1776795284403378598,44728,9.176,2.3,10.852,-1.0,0.04,0.0,-0.75,2.56,-2.75,-0.3,0.22,-0.4,6.75,-8.94,6.19,841.55,1949.0,0.0
1776795284501637005,44828,9.196,2.6,9.664,-0.1,0.02,-0.04,-1.37,3.31,-3.38,0.44,-0.3,0.84,7.63,0.37,6.38,871.91,806.0,0.0
1776795284606035844,44928,10.844,1.8,9.696,-0.3,0.02,-0.16,-2.0,2.44,-4.25,0.59,0.15,-0.28,10.31,18.81,7.31,11966.41,1550.0,0.0
1776795284702376153,45028,10.848,1.6,9.648,-0.4,0.06,-0.1,-2.94,0.88,-5.25,-0.13,0.08,-0.95,9.5,16.5,13.38,952.68,1550.0,0.0
1776795284800712157,45127,10.84,1.7,10.844,-0.8,0.0,-0.16,-4.81,0.56,-5.94,-0.36,-0.41,-0.83,7.69,-2.06,22.31,936.56,553.0,0.0
1776795284903088909,45227,9.324,2.0,10.844,-0.7,0.0,-0.04,-6.44,2.38,-6.63,0.17,-0.8,-0.27,6.81,-22.12,11.5,944.28,603.0,0.0
1776795285001398227,45327,9.32,2.0,10.848,-0.7,-0.14,-0.12,-7.31,3.56,-7.0,0.03,0.28,-0.37,2.19,-1.75,5.0,969.32,603.0,0.0
1776795285103796304,45428,9.324,2.2,10.84,-0.8,0.02,0.04,-7.13,3.75,-6.75,-0.43,-0.26,-0.35,-7.81,-5.5,-8.94,927.47,785.0,0.0
1776795285202108059,45529,9.352,2.1,10.84,-0.9,0.04,0.02,-5.81,4.25,-5.63,-0.01,-0.03,-0.23,-14.69,-3.94,-9.56,947.88,785.0,0.0
1776795285304494764,45629,9.388,2.0,10.848,-1.0,0.08,-0.1,-4.88,4.88,-4.0,-0.02,-0.9,-0.41,-15.19,-8.75,-7.31,1059.7,1434.0,0.0
1776795285402803112,45729,9.396,2.1,9.52,-0.1,0.04,-0.02,-4.69,4.88,-2.94,0.46,0.0,-0.51,-9.19,7.81,-1.31,955.08,665.0,0.0
1776795285513111705,45829,10.84,1.7,9.528,0.1,-0.06,-0.27,-4.81,3.44,-1.88,0.34,0.25,-0.38,-13.44,24.81,1.5,11966.58,756.0,0.0
1776795285603522777,45929,10.844,1.6,9.512,-0.2,-0.12,-0.02,-5.06,0.94,-0.31,-0.75,-0.51,-0.31,-15.63,19.37,-2.0,999.33,756.0,0.0
1776795285705924150,46029,10.84,1.7,9.496,0.0,-0.1,-0.2,-4.63,0.25,0.63,-0.88,-0.63,-0.68,-2.88,-8.56,-9.56,962.97,231.0,0.0
1776795285804228034,46129,10.84,1.8,9.48,0.0,0.1,0.0,-3.81,2.0,0.5,-0.18,-0.53,-0.18,7.31,-24.37,-7.06,923.36,231.0,0.0
1776795285906633019,46230,10.84,1.9,9.508,0.1,-0.02,-0.04,-3.75,3.44,-0.44,0.37,-0.06,-0.33,11.44,0.19,4.56,921.81,906.0,0.0
1776795286004962494,46329,9.152,2.2,10.856,-0.9,-0.06,-0.04,-4.69,2.44,-1.31,-0.03,0.14,-0.3,5.69,17.56,9.06,908.78,431.0,0.0
1776795286103221147,46429,9.148,2.4,10.852,-0.8,0.1,-0.08,-5.0,1.12,-1.31,-0.18,0.32,-0.4,-3.0,2.38,-1.56,906.38,431.0,0.0
1776795286205646808,46529,9.208,2.4,10.852,-0.9,-0.1,-0.02,-4.19,1.31,-0.63,0.12,-0.43,-0.14,-8.63,-2.94,-10.75,1039.98,2169.0,0.0
1776795286304063711,46628,9.132,2.4,10.852,-0.7,0.1,0.04,-3.69,1.06,0.06,-0.52,-0.16,-0.74,-6.88,-2.63,0.31,913.41,1421.0,0.0
1776795286406317455,46728,9.132,2.6,10.844,-0.8,0.0,0.06,-4.25,1.63,0.25,0.97,0.08,-0.17,0.69,-11.81,8.63,927.47,1421.0,0.0
1776795286504656890,46829,9.176,1.9,10.504,-0.8,0.06,-0.02,-5.19,2.06,0.5,-0.39,0.97,-0.16,-7.75,0.31,8.69,965.2,1134.0,0.0
1776795286602957564,46929,9.372,1.9,10.84,-0.7,-0.02,-0.02,-6.13,2.25,1.75,0.06,0.24,0.88,-15.56,-0.69,10.44,903.63,1134.0,0.0
1776795286705374299,47029,9.388,1.7,10.852,-0.7,-0.12,-0.1,-7.25,1.31,3.38,0.12,-0.38,1.38,-16.12,17.62,13.19,921.98,599.0,0.0
1776795286803667546,47129,9.4,1.9,10.844,-0.7,0.1,0.0,-8.13,-0.31,4.38,1.23,-0.93,0.1,0.69,11.5,6.75,965.03,1244.0,0.0
1776795286906109802,47229,9.388,2.1,10.856,-1.0,0.06,-0.16,-8.81,-2.13,2.88,0.87,-0.47,-1.58,28.44,16.12,7.81,170.64,1244.0,0.0
1776795287004390416,47329,9.332,2.2,10.856,-0.8,-0.1,0.08,-9.81,-3.81,-1.5,-0.33,-0.34,-0.48,54.06,17.31,15.81,1068.79,1521.0,0.0
1776795287112743940,47429,9.336,2.1,10.852,-0.8,-0.04,-0.21,-10.5,-2.94,-5.13,-0.53,0.97,-1.13,36.63,-16.75,3.88,1096.23,773.0,0.0
1776795287205117275,47528,9.332,2.0,10.856,-0.9,0.02,-0.04,-10.44,-0.06,-7.63,-0.68,-0.19,-0.76,11.88,-37.88,-1.94,11968.64,2529.0,0.0
1776795287303358069,47628,9.336,1.8,10.852,-0.6,0.04,-0.1,-10.38,3.5,-7.81,-0.48,0.27,-1.07,-9.81,-32.69,6.06,1129.84,2529.0,0.0
1776795287405762406,47728,9.392,2.1,10.848,-0.9,0.0,-0.1,-10.81,4.75,-6.19,0.2,-0.56,-0.99,-18.5,6.63,2.75,1173.75,2529.0,0.0
1776795287504119392,47827,9.32,2.1,10.856,-1.0,0.08,0.04,-9.94,2.94,-4.5,-0.41,-0.64,-0.55,-15.75,20.12,-18.69,1095.2,1159.0,0.0
1776795287612465601,47928,9.32,2.0,10.856,-0.9,0.16,-0.08,-7.81,1.31,-3.75,-0.62,-0.45,-0.13,1.94,9.31,-21.37,1123.5,1214.0,0.0
1776795287704812304,48028,9.324,2.1,10.848,-0.7,0.0,-0.02,-6.06,0.37,-4.75,0.14,-0.25,-0.27,21.0,4.38,-16.06,1115.95,1214.0,0.0
1776795287803073062,48128,9.32,2.0,10.86,-0.9,0.08,0.08,-4.94,-0.19,-7.25,0.25,0.52,-0.54,27.81,4.81,-4.0,1128.98,706.0,0.0
1776795287905526051,48229,9.332,2.1,10.852,-0.9,0.02,-0.14,-5.19,-0.44,-9.0,0.17,0.19,0.01,5.25,3.69,6.5,1167.23,1597.0,0.0
1776795288003837551,48328,9.388,1.9,10.852,-0.9,-0.1,-0.08,-6.0,-0.69,-9.19,-0.12,-0.38,-0.47,3.63,4.25,8.75,1168.26,1597.0,0.0
1776795288106239307,48429,9.36,1.9,10.856,-0.9,-0.08,-0.02,-6.94,-0.5,-9.69,0.12,0.09,-0.48,3.38,-3.19,10.0,153.49,362.0,0.0
1776795288204529192,48529,9.32,1.7,9.516,-0.2,0.23,0.08,-8.13,-0.31,-9.94,-0.05,-0.21,-0.3,4.38,4.38,12.69,1165.69,1619.0,0.0
1776795288306944319,48629,9.124,2.3,10.848,-0.3,-0.04,0.04,-9.19,-0.25,-10.19,-0.17,0.32,-0.51,0.5,-0.56,12.19,154.52,1619.0,0.0
1776795288409309832,48730,10.844,1.6,9.7,-0.3,-0.04,-0.12,-10.25,0.31,-10.31,0.27,-0.09,-0.17,2.56,-6.06,11.63,1202.04,2345.0,0.0
1776795288507649831,48831,10.844,1.6,9.696,-0.3,-0.02,0.06,-11.25,1.0,-10.56,0.25,0.01,-0.33,2.5,-2.63,8.94,157.61,673.0,0.0
1776795288605945475,48930,10.84,1.5,9.652,-0.4,-0.16,-0.14,-11.88,1.19,-10.94,0.14,-0.11,-0.32,3.0,-0.56,3.31,153.49,673.0,0.0
1776795288708369214,49030,10.852,1.8,9.64,-0.3,0.06,0.08,-11.94,1.31,-11.25,0.11,-0.09,-0.39,2.44,-1.06,-0.5,1198.96,1500.0,0.0
1776795288806657210,49131,10.84,1.8,9.692,-0.1,0.06,-0.14,-11.94,1.44,-11.31,0.05,-0.09,-0.39,-2.31,-1.0,0.37,1157.8,1500.0,0.0
1776795288909060114,49231,10.848,1.6,9.648,-0.2,-0.02,-0.2,-11.88,1.63,-11.0,0.19,0.04,-0.38,-3.38,-0.88,-1.06,1147.68,939.0,0.0
1776795289007364699,49331,10.852,1.9,9.692,0.0,0.0,0.08,-11.81,1.44,-10.81,0.08,0.03,0.01,1.31,4.0,-1.0,158.64,914.0,0.0
1776795289109771320,49432,10.836,1.7,9.652,-0.2,0.02,-0.04,-11.63,1.31,-11.06,-0.06,0.21,0.1,2.19,-1.19,-1.75,1175.63,914.0,0.0
1776795289208120223,49531,10.852,1.8,9.648,-0.3,-0.06,0.08,-11.56,1.56,-11.38,0.13,0.14,-0.13,2.31,-1.56,1.5,1152.31,2146.0,0.0
1776795289306342655,49631,10.848,1.6,9.7,0.0,0.0,0.0,-11.75,1.63,-11.5,0.05,-0.02,-0.16,0.31,1.56,2.06,1174.95,1246.0,0.0
1776795289408760351,49731,10.84,1.8,9.664,-0.1,0.14,0.02,-11.81,1.75,-11.31,0.06,-0.04,-0.04,-2.69,-1.5,0.12,1192.27,1246.0,0.0
1776795289507086956,49830,10.84,1.8,9.684,0.0,0.04,0.02,-11.81,1.81,-11.06,0.13,0.25,0.02,-3.81,0.94,0.25,1190.04,260.0,0.0
1776795289609498595,49931,10.844,1.6,10.86,-0.6,0.0,-0.02,-11.88,1.75,-10.81,0.03,0.0,0.02,-3.25,-0.25,0.81,1187.12,1339.0,0.0
1776795289707797440,50030,9.324,2.1,10.852,-0.8,0.06,0.08,-11.88,1.75,-10.5,0.09,0.05,-0.07,-4.13,-0.5,0.63,1176.32,1339.0,0.0
1776795289806093710,50130,9.38,2.2,10.852,-0.9,-0.02,-0.04,-11.88,2.0,-10.0,-0.02,0.12,-0.06,-7.13,-6.56,-0.19,1167.74,1693.0,0.0
1776795289908524906,50230,9.332,1.5,9.524,-0.2,-0.02,-0.18,-11.88,2.31,-9.69,0.15,0.15,-0.03,-2.56,-1.25,0.19,161.72,1693.0,0.0
1776795290006813358,50330,10.848,1.7,9.536,0.1,-0.04,-0.12,-11.75,2.44,-9.5,0.09,0.09,0.04,-0.75,-0.25,-1.31,157.61,1036.0,0.0
1776795290109221102,50429,9.192,2.5,10.848,-0.9,0.08,-0.16,-11.63,2.44,-9.44,0.08,0.05,0.07,-2.19,-0.25,-1.56,1183.52,1877.0,0.0
1776795290207517889,50530,9.204,2.3,10.852,-1.1,0.08,-0.14,-11.44,2.5,-9.19,-0.01,0.12,0.0,-3.38,-1.25,-1.25,1172.2,1877.0,0.0
1776795290305827657,50630,9.132,2.6,10.856,-0.9,-0.12,-0.1,-11.31,2.63,-8.88,-0.02,0.0,-0.03,-1.94,-1.31,-1.12,157.61,1733.0,0.0
1776795290408181973,50729,9.208,2.4,10.848,-0.9,0.0,-0.06,-11.25,2.75,-8.75,-0.06,-0.09,0.03,-1.63,-2.0,-0.81,157.61,608.0,0.0
1776795290506506279,50829,9.124,2.3,10.856,-1.1,0.0,-0.06,-11.13,2.88,-8.63,0.02,0.04,-0.03,-0.63,-1.94,-2.06,157.61,608.0,0.0
1776795290604778730,50929,9.208,2.7,10.856,-1.0,0.06,-0.1,-11.06,3.0,-8.5,0.08,0.0,-0.07,-2.0,0.44,0.88,157.61,1871.0,0.0
1776795290707239626,51028,9.208,2.7,10.848,-1.0,-0.06,0.06,-11.19,3.0,-8.31,0.03,-0.09,-0.01,-0.88,-0.69,1.19,153.49,1301.0,0.0
1776795290809659131,51129,9.356,2.2,10.848,-0.9,0.2,0.18,-11.25,3.06,-8.31,0.09,0.03,0.2,-0.12,-1.06,0.5,1189.35,1301.0,0.0
1776795290907950139,51230,9.384,2.1,10.852,-0.8,0.04,-0.21,-11.25,3.13,-8.38,0.08,0.23,-0.01,1.37,-1.81,-0.5,1155.22,1394.0,0.0
1776795291010356638,51330,10.848,1.6,9.524,-0.1,-0.06,-0.06,-11.31,3.25,-8.5,0.07,0.05,-0.01,1.19,-0.75,0.31,157.61,1394.0,0.0
1776795291108669034,51430,10.84,1.9,9.516,0.2,0.08,-0.12,-11.31,3.25,-8.56,0.13,0.0,-0.05,0.81,-0.31,0.63,157.61,1054.0,0.0
1776795291206975726,51529,10.848,1.5,9.512,0.1,0.04,0.02,-11.38,3.25,-8.63,-0.01,0.08,-0.05,0.63,-0.19,0.63,157.61,1956.0,0.0
1776795291309346483,51629,10.852,1.9,10.848,-0.9,-0.04,0.0,-11.38,3.38,-8.69,0.0,0.07,-0.04,0.56,0.31,0.44,158.64,1956.0,0.0
1776795291407637489,51730,9.14,2.6,10.856,-0.9,0.0,-0.04,-11.38,3.44,-8.69,0.05,0.03,-0.03,0.06,-1.0,0.75,153.49,930.0,0.0
1776795291510040174,51830,9.156,2.5,10.848,-0.8,0.0,0.0,-11.44,3.5,-8.69,0.1,0.04,0.02,0.5,-0.63,0.0,1149.39,1666.0,0.0
1776795291608350570,51931,9.192,2.1,9.656,-0.3,-0.14,-0.02,-11.44,3.5,-8.63,0.03,0.05,0.0,-1.63,0.44,-0.37,157.61,1666.0,0.0
1776795291710792886,52031,10.84,1.6,9.696,-0.1,-0.06,-0.06,-11.38,3.5,-8.44,0.04,0.15,-0.08,-2.63,-0.31,-0.88,149.21,1835.0,0.0
1776795291809122858,52131,10.848,1.8,9.648,-0.3,0.08,0.0,-11.31,3.5,-8.13,0.02,0.07,-0.04,-3.19,-0.12,-0.75,152.46,1413.0,0.0
1776795291911496133,52231,10.844,1.6,9.704,-0.1,-0.16,-0.1,-11.19,3.44,-7.88,0.01,0.09,-0.02,-2.19,-0.5,-1.0,157.61,1413.0,0.0
1776795292009793214,52331,10.84,1.8,9.644,-0.2,-0.1,-0.04,-11.13,3.44,-7.69,-0.01,-0.04,-0.05,-1.5,2.19,-0.06,157.61,442.0,0.0
1776795292108088848,52430,10.844,1.6,9.7,-0.4,0.04,-0.14,-11.13,3.31,-7.69,0.07,0.18,-0.37,3.56,3.63,-0.25,157.61,442.0,0.0
1776795292210500882,52530,9.38,1.8,10.86,-0.9,0.1,0.02,-11.13,3.06,-7.88,-0.06,-0.02,-0.03,-0.56,-1.12,-0.31,153.49,1604.0,0.0
1776795292308814944,52630,9.34,2.0,10.852,-0.9,-0.02,-0.04,-11.13,3.19,-7.69,0.17,-0.01,-0.04,-1.69,-0.37,0.31,153.32,1589.0,0.0
1776795292407057150,52730,9.32,2.2,10.844,-0.9,0.04,-0.16,-11.13,3.25,-7.63,0.06,-0.04,0.01,0.12,-1.56,-0.06,157.61,1589.0,0.0
1776795292509496315,52830,9.344,1.7,10.848,-1.0,-0.06,-0.04,-11.13,3.31,-7.75,-0.08,0.07,-0.09,1.69,0.44,0.31,157.61,1627.0,0.0
1776795292607783246,52931,9.356,2.1,10.848,-0.8,0.04,-0.08,-11.13,3.38,-7.88,0.08,-0.04,0.0,1.0,-1.31,0.75,166.01,1967.0,0.0
1776795292710303267,53030,9.392,2.2,10.856,-0.6,0.04,-0.06,-11.19,3.38,-8.0,0.0,-0.03,0.03,1.12,1.12,-0.12,166.7,1967.0,0.0
1776795292812639222,53131,9.352,1.8,10.852,-1.0,0.02,-0.02,-11.19,3.31,-8.13,-0.04,0.09,0.0,1.31,0.88,-0.06,161.72,2037.0,0.0
1776795292910931857,53232,9.376,2.1,10.856,-0.8,-0.02,0.02,-11.19,3.31,-8.25,0.07,0.03,-0.05,0.94,0.12,0.19,166.01,1075.0,0.0
1776795293009236358,53331,9.324,2.2,10.848,-1.0,-0.04,-0.18,-11.19,3.31,-8.31,0.01,0.01,-0.01,0.31,-0.69,-0.5,166.01,1075.0,0.0
1776795293111640482,53431,9.384,2.0,9.468,0.0,-0.08,-0.06,-11.19,3.38,-8.31,-0.03,0.18,-0.01,0.44,0.56,-0.44,1181.12,1160.0,0.0
1776795293209958025,53530,10.848,1.5,9.516,-0.7,0.04,-0.12,-11.13,3.38,-8.31,0.04,0.07,-0.1,-0.81,-0.19,-0.63,152.81,1160.0,0.0
1776795293308202879,53630,9.176,2.4,10.856,-0.9,0.04,0.02,-11.0,3.38,-8.19,0.09,0.11,0.0,-1.5,0.25,-1.19,1203.42,1382.0,0.0
1776795293410616892,53730,9.176,2.4,10.848,-0.8,0.02,-0.04,-10.88,3.31,-8.0,-0.01,0.16,-0.04,-2.75,0.88,-1.63,1133.96,1042.0,0.0
1776795293508970290,53830,9.136,2.6,10.844,-1.0,0.0,-0.2,-10.63,3.19,-7.75,0.04,0.11,-0.09,-2.56,0.94,-1.94,1143.56,1042.0,0.0
1776795293611364116,53929,9.124,2.4,10.848,-1.1,0.1,-0.08,-10.44,3.13,-7.5,0.0,0.03,-0.17,-2.56,0.63,-2.06,152.81,1567.0,0.0
1776795293709677511,54030,9.128,2.4,10.852,-0.9,0.0,-0.1,-10.13,3.0,-7.31,0.02,0.18,-0.1,-1.12,-0.31,-4.38,157.09,1462.0,0.0
1776795293820005040,54130,9.192,2.6,10.856,-0.9,-0.1,-0.04,-9.75,3.06,-7.31,-0.07,0.03,0.11,0.25,0.5,-2.56,11966.41,455.0,0.0
1776795293910379307,54231,9.124,2.3,10.852,-0.9,0.02,0.08,-9.63,3.0,-7.19,0.08,-0.05,-0.03,-0.06,2.44,0.5,1164.31,455.0,0.0
1776795294008646954,54331,9.212,2.2,10.852,-0.8,-0.1,-0.02,-9.81,2.81,-7.19,-0.27,0.18,-0.25,-1.94,0.25,1.37,1142.02,914.0,0.0
1776795294118991459,54430,9.196,2.4,10.84,-1.1,-0.02,0.02,-10.0,2.75,-6.88,0.14,-0.24,-0.14,-5.06,3.75,2.75,11966.41,715.0,0.0
1776795294209392621,54530,9.212,2.4,10.86,-1.1,-0.06,-0.18,-10.19,2.13,-6.5,-0.19,0.25,-0.02,-1.94,5.25,-0.44,1125.55,715.0,0.0
1776795294311762482,54630,9.188,2.4,10.848,-0.3,0.06,0.0,-10.06,2.0,-6.06,0.25,0.07,-0.06,-5.44,1.88,-1.37,165.5,715.0,0.0
1776795294410065822,54730,10.844,2.0,9.696,-0.3,0.1,0.02,-9.94,1.56,-5.75,-0.07,0.32,-0.03,-1.06,4.94,-1.81,161.21,1426.0,0.0
1776795294512513557,54831,10.848,1.8,9.7,-0.1,-0.08,-0.04,-9.81,1.25,-5.56,-0.63,-0.03,-0.18,-3.13,1.63,-1.63,1138.59,233.0,0.0
1776795294610801729,54932,10.848,1.9,9.7,-0.2,-0.16,0.06,-9.81,1.12,-5.06,-0.17,0.27,0.6,-7.25,3.06,3.69,1129.16,233.0,0.0
1776795294713220315,55032,10.848,1.8,9.696,-0.2,0.0,0.04,-9.88,0.75,-4.44,-0.05,0.25,0.64,-4.19,3.13,-2.0,166.01,1417.0,0.0
1776795294815608862,55133,9.532,560.8,10.6,-0.2,-0.04,2.32,-9.44,0.69,-3.75,0.4,-0.33,0.49,-10.63,17.5,-4.19,1083.19,915.0,0.0
1776795294913912980,55234,9.08,107.5,10.8,-0.5,0.0,0.92,-8.5,-0.25,-2.88,0.02,-1.66,0.11,-7.13,8.81,-12.56,1086.62,915.0,0.0
1776795295012210868,55333,9.048,101.1,10.808,-0.7,-0.04,0.96,-7.19,-0.69,-2.75,-0.12,-1.28,-0.44,3.13,-7.63,-17.12,1130.7,1459.0,0.0
1776795295114634102,55433,10.76,72.8,9.624,-0.8,-0.1,0.88,-6.25,0.5,-3.0,0.62,0.78,-0.96,-0.31,-21.0,-5.31,1139.62,1973.0,0.0
1776795295212935795,55532,9.58,152.1,10.8,-0.8,-0.04,1.45,-6.13,1.94,-2.25,0.01,0.93,0.19,-13.31,-11.63,0.75,1133.27,1973.0,0.0
1776795295311194949,55631,9.028,148.7,9.604,-0.5,0.16,1.02,-5.94,2.63,-0.44,-0.09,0.44,0.67,-21.75,0.31,-2.06,1124.01,1703.0,0.0
1776795295413607496,55732,9.08,135.7,10.8,-0.7,0.04,1.13,-5.19,2.13,1.31,0.48,0.11,0.37,-14.38,7.38,-11.13,1089.54,0.0,0.0
1776795295511943154,55831,9.056,142.9,9.596,0.2,0.12,1.25,-3.94,1.0,2.06,0.52,0.41,0.47,-1.44,8.88,-12.38,1195.7,0.0,0.0
1776795295610246162,55930,9.012,171.9,9.552,-0.5,0.02,1.82,-3.25,0.56,1.81,0.33,0.0,0.52,4.25,-5.44,-2.5,1133.1,775.0,0.0
1776795295720580050,56031,9.112,0.0,10.812,-0.8,0.04,0.61,-3.56,1.44,1.5,0.21,-0.48,0.06,5.44,-11.0,5.19,11761.13,1059.0,0.51
1776795295810964496,56131,9.232,78.2,10.812,-1.1,-0.04,0.61,-4.38,2.06,1.0,-0.32,-0.32,-0.39,7.56,-3.31,5.75,1203.24,1059.0,0.0
1776795295911188405,56230,10.78,132.1,9.568,-0.2,-0.04,1.05,-4.69,1.88,0.0,0.67,-0.57,-0.85,16.25,3.5,-0.69,11769.87,1230.0,0.0
1776795296019618272,56330,9.252,147.5,10.8,-0.9,0.04,1.0,-4.69,1.12,-1.5,0.89,0.14,-0.8,13.13,10.5,1.69,11768.33,949.0,0.0
1776795296109983889,56430,9.864,120.5,10.816,-0.7,-0.08,0.82,-5.13,0.37,-2.38,-0.29,-0.81,-0.48,5.25,6.25,5.19,1244.23,949.0,0.0
1776795296212372176,56529,10.784,128.2,9.896,-0.7,0.1,0.47,-5.63,0.19,-2.63,0.6,-0.28,-0.99,-0.88,0.31,6.56,1268.76,2055.0,0.0
1776795296310681169,56630,9.04,173.9,10.792,-0.9,-0.08,1.37,-6.13,0.37,-2.13,-0.31,-0.04,-0.7,-8.88,-4.56,2.88,1264.3,2055.0,0.0
1776795296413060196,56730,10.784,54.1,10.824,-0.9,0.04,1.11,-6.25,0.69,-1.06,0.13,0.5,-0.28,-14.44,-2.56,-0.31,1274.59,1999.0,0.0
1776795296511350873,56830,10.8,160.0,9.632,-0.1,0.14,0.31,-6.06,1.0,0.63,-0.34,0.49,0.15,-19.81,-4.0,-2.94,154.69,1999.0,0.0
1776795296619743522,56930,10.776,161.6,9.46,0.1,-0.12,0.64,-5.63,1.44,2.44,0.31,0.31,0.31,-16.94,-2.0,-5.5,154.86,1682.0,0.0
1776795296712101229,57030,10.756,150.5,9.428,-0.9,0.16,0.63,-4.88,1.37,3.63,-0.01,-0.04,0.37,-7.56,2.75,-7.88,150.58,1505.0,0.0
1776795296810391239,57129,9.1,114.5,10.82,-0.7,0.06,0.53,-4.06,1.19,3.88,0.17,0.12,0.16,0.81,0.25,-8.63,1178.2,1505.0,0.0
1776795296908708268,57229,10.752,115.4,10.804,-0.9,-0.14,0.82,-3.44,1.5,3.5,-0.55,0.03,0.31,5.31,-3.06,-3.88,1166.03,652.0,0.0
1776795297011145145,57328,9.072,112.7,10.808,-0.8,0.12,0.84,-3.25,2.06,3.0,0.26,0.38,-0.02,5.5,-5.5,-1.0,1203.07,300.0,0.0
1776795297109414287,57427,9.116,109.0,10.8,-0.6,0.06,0.64,-3.19,2.25,2.56,-0.3,0.07,0.09,3.19,1.69,-0.69,1158.65,300.0,0.0
1776795297207904126,57527,10.596,97.8,10.804,-0.8,0.08,0.47,-3.25,2.06,2.25,0.18,0.0,0.01,2.06,0.75,2.38,11768.33,1273.0,0.0
1776795297310094940,57627,9.052,145.8,10.804,-0.9,0.2,1.04,-3.63,1.75,2.13,0.15,0.1,-0.06,1.25,4.25,5.44,163.1,965.0,0.0
1776795297408374027,57726,10.764,129.2,9.58,0.0,0.02,1.15,-4.19,1.31,2.0,0.53,-0.36,0.12,0.94,9.75,8.63,150.58,965.0,0.0
1776795297506719339,57826,9.052,69.2,10.812,-0.8,-0.12,0.84,-5.13,0.56,2.0,-0.2,-0.08,-0.18,-0.88,5.0,9.94,156.24,663.0,0.0
1776795297609138462,57925,10.768,124.3,10.82,-1.2,0.0,0.76,-5.81,0.37,2.38,-0.02,0.14,0.22,-6.88,1.37,2.19,1283.16,663.0,0.0
1776795297707440198,58024,9.052,147.3,10.784,-0.1,-0.02,1.07,-5.5,0.5,3.13,-0.24,0.24,-0.11,-8.19,-3.88,-6.81,154.69,617.0,0.0
1776795297805740416,58124,10.784,129.0,9.412,0.2,0.02,1.0,-4.63,1.12,4.0,0.34,0.19,-0.02,-9.0,-7.25,-10.13,150.58,1315.0,0.0
1776795297908144501,58224,9.256,119.7,10.76,-0.3,-0.02,0.86,-3.75,1.75,4.81,-0.21,-0.01,-0.01,-8.63,-5.13,-8.0,1172.37,1315.0,0.0
1776795298006448996,58323,9.38,123.6,10.8,-0.9,-0.02,1.41,-3.25,2.25,5.44,0.47,0.16,-0.14,-4.81,-2.19,-2.56,156.24,780.0,0.0
1776795298104758144,58423,10.76,140.8,10.8,-0.6,0.1,1.15,-3.19,2.25,5.63,0.04,0.27,0.12,-0.06,4.75,1.06,154.69,1120.0,0.0
1776795298207163620,58523,10.78,123.6,10.816,-0.5,-0.08,0.66,-3.25,1.81,5.44,-0.02,0.04,0.02,2.75,3.94,1.19,1096.74,1120.0,0.0
1776795298305443804,58624,9.444,106.0,9.592,-0.3,-0.12,0.98,-3.25,1.5,5.13,0.1,0.06,-0.04,3.31,2.5,0.31,1131.39,82.0,0.0
1776795298407824982,58725,10.8,140.5,10.776,-0.7,-0.02,0.94,-3.25,1.56,4.75,-0.2,0.36,-0.08,4.56,-3.38,0.5,1105.66,1701.0,0.0
1776795298506160206,58824,9.048,130.0,10.804,-1.0,0.02,1.09,-3.25,2.0,4.25,0.1,0.14,-0.15,4.06,-5.13,0.5,1129.67,1701.0,0.0
1776795298608563441,58924,9.044,114.6,10.804,-0.9,0.04,1.0,-3.44,2.06,4.0,0.2,0.09,-0.12,1.37,3.0,1.63,1133.1,1380.0,0.0
1776795298706875330,59024,9.044,119.0,10.804,-0.9,-0.08,0.53,-3.5,1.63,3.94,-0.09,0.25,-0.11,-0.69,2.44,-1.12,1131.21,1380.0,0.0
1776795298805187959,59123,10.792,151.5,10.804,-0.7,-0.12,0.61,-3.38,1.44,4.0,0.14,0.14,-0.02,-2.06,2.81,-0.94,154.69,459.0,0.0
1776795298907576361,59224,9.248,136.8,10.796,-0.9,0.02,0.27,-3.13,1.12,4.25,0.0,0.17,-0.02,-3.19,4.44,-3.38,154.69,615.0,0.0
1776795299005884471,59324,9.224,166.5,10.804,-1.0,0.08,0.61,-2.69,0.94,4.38,-0.21,0.0,0.03,-1.25,0.5,-4.69,1102.06,615.0,0.0
1776795299108294302,59424,9.072,81.8,10.792,-0.9,-0.02,0.76,-2.31,0.94,4.44,-0.16,0.1,-0.15,0.81,0.31,-2.19,1112.52,1654.0,0.0
1776795299206606363,59524,9.72,100.3,9.608,-0.1,0.08,1.19,-2.25,1.12,4.25,0.15,0.07,-0.09,1.81,-1.88,0.12,1111.49,1588.0,0.0
1776795299309001823,59625,10.768,70.3,9.568,-0.4,-0.08,0.9,-2.25,1.25,4.06,0.08,0.05,0.12,2.06,-1.75,0.25,1136.36,1588.0,0.0
1776795299407260158,59724,10.176,130.0,10.796,-1.0,-0.08,1.0,-2.5,1.69,3.94,-0.1,0.04,-0.23,0.75,-5.25,2.13,156.24,925.0,0.0
1776795299509702602,59824,9.048,140.6,10.792,-1.1,-0.08,0.43,-2.31,2.0,3.56,0.26,0.05,-0.04,6.0,0.75,-4.63,1108.06,675.0,0.0
1776795299608011977,59925,9.0,115.0,10.804,-0.7,0.02,0.8,-1.88,1.63,2.94,-0.07,-0.03,-0.08,5.75,5.75,-3.5,143.55,675.0,0.0
1776795299710414512,60025,9.248,128.7,10.764,0.0,-0.1,0.76,-1.63,0.88,2.69,0.06,0.03,-0.12,-1.75,10.81,-2.25,147.83,521.0,0.0
1776795299808725887,60125,10.06,143.4,10.812,-0.9,0.0,0.55,-1.25,-0.44,3.06,0.01,0.16,-0.13,-5.69,15.44,-5.56,154.69,521.0,0.0
1776795299907024798,60225,9.224,129.4,10.8,-1.1,-0.04,1.29,-0.5,-1.19,3.44,-0.29,-0.31,0.0,-1.56,-4.44,-8.19,146.29,1892.0,0.0
1776795300005291615,60324,9.032,79.0,10.812,-0.9,-0.08,0.98,-0.06,0.0,3.5,-0.04,-0.1,-0.13,1.37,-19.94,-1.0,138.06,1686.0,0.0
1776795300107750749,60424,9.184,131.0,10.812,-0.8,0.02,0.76,-0.37,1.88,3.31,1.28,0.31,0.16,1.25,-16.0,5.06,150.58,1686.0,0.0
1776795300210135323,60525,9.004,131.6,10.812,-1.2,0.14,0.8,-0.5,2.31,3.13,-0.09,0.38,0.26,2.25,8.69,-4.69,154.86,1511.0,0.0
1776795300308432758,60625,10.776,167.4,9.74,-1.1,-0.02,1.35,0.25,1.12,3.06,0.08,0.14,0.16,-3.13,11.44,-10.25,138.06,773.0,0.84
1776795300410803462,60725,10.744,128.9,10.812,-0.6,-0.02,0.68,1.44,0.12,3.5,0.34,0.22,0.08,-10.75,13.0,-13.13,147.83,773.0,0.0
1776795300509115676,60825,9.196,119.2,9.392,0.1,-0.06,0.55,2.88,-0.88,4.63,-0.14,0.09,-0.03,-13.06,11.56,-15.06,147.83,869.0,0.0
1776795300607457299,60924,9.24,156.9,9.368,0.0,-0.06,0.96,4.38,-1.44,5.88,0.01,-0.3,-0.12,-10.88,2.25,-15.38,142.17,869.0,0.0
1776795300709868430,61024,10.784,121.0,10.808,-0.9,-0.06,0.94,5.69,-0.94,6.75,-0.51,-0.07,0.13,-4.75,-9.75,-12.13,143.72,721.0,1.6
1776795300808148272,61125,10.756,118.1,10.568,-0.7,-0.02,0.76,6.31,1.19,6.63,-0.08,-0.22,-0.07,5.25,-27.87,-4.0,151.61,1868.0,0.0
1776795300910561848,61225,9.22,154.5,10.8,-0.9,-0.1,0.8,6.0,3.81,5.94,0.1,0.42,-0.12,6.88,-23.06,6.31,154.86,1868.0,0.0
1776795301008925731,61325,9.24,194.3,10.792,-0.9,-0.08,0.94,5.06,5.31,5.44,-0.22,0.35,-0.12,5.19,-9.25,9.56,139.43,1029.0,0.0
1776795301107183819,61424,8.988,56.1,10.808,-0.3,0.1,0.53,4.25,5.94,4.94,0.08,0.09,-0.31,5.13,-5.19,7.25,139.43,1250.0,0.85
1776795301209612289,61523,9.336,124.8,10.244,0.0,-0.06,0.43,3.56,5.63,4.69,0.5,0.42,-0.19,0.94,6.25,6.69,154.69,1250.0,0.0
1776795301307837635,61623,9.188,82.7,10.792,-1.0,0.06,0.78,3.25,4.81,4.88,0.11,0.32,-0.06,-6.63,17.75,1.88,146.46,1958.0,0.0
1776795301410247992,61724,9.24,134.6,10.796,-1.1,0.02,0.92,3.13,3.0,5.94,0.05,0.17,-0.26,-12.5,15.31,2.0,1119.04,1399.0,0.0
1776795301508546064,61825,9.212,145.4,9.368,0.2,-0.08,0.94,3.38,2.0,6.81,-0.34,-0.18,-0.01,-6.88,2.94,-6.63,1106.35,1399.0,0.0
1776795301611043149,61926,9.904,136.6,9.4,0.0,0.08,0.55,3.81,2.5,6.94,0.32,0.0,0.06,5.31,-8.69,-1.12,1114.24,1068.0,0.0
1776795301709265383,62025,10.772,110.9,9.532,-0.1,0.04,1.35,3.56,3.19,5.88,0.55,-0.52,0.26,14.38,-5.5,4.5,1113.72,0.0,0.0
1776795301811686779,62125,10.772,125.1,10.824,-1.2,0.12,0.78,2.94,3.31,4.75,0.04,-0.72,0.46,14.69,4.25,8.0,148.86,0.0,0.0
1776795301909999721,62226,8.988,134.9,10.808,-0.7,0.04,0.86,2.25,2.81,3.63,0.13,0.04,-0.25,7.63,6.31,6.81,150.58,1115.0,0.0
1776795302008291978,62325,9.18,99.6,10.796,-0.7,0.14,0.78,1.69,2.38,3.13,-0.44,-0.1,-0.09,4.5,-1.19,6.0,146.46,1115.0,0.0
1776795302110704822,62425,8.98,111.9,10.808,-1.3,-0.08,0.84,1.31,2.69,2.94,0.06,0.04,-0.23,1.25,-1.88,1.19,144.75,1271.0,0.0
1776795302209007531,62526,10.768,129.5,10.812,-0.8,0.0,0.9,1.56,3.06,2.81,-0.02,0.11,-0.22,0.88,-5.19,-5.63,146.46,1161.0,0.0
1776795302311433728,62625,9.244,141.5,10.796,-1.0,0.04,1.05,2.19,3.5,2.88,-0.2,-0.14,0.08,-2.13,-5.31,-3.13,150.58,1161.0,0.0
1776795302409675564,62725,8.98,134.9,10.792,-1.0,0.0,1.33,2.5,3.81,3.13,0.0,0.2,-0.08,-2.63,2.88,-3.63,1125.04,998.0,0.0
1776795302512112613,62826,9.18,125.3,9.38,0.2,-0.06,0.74,2.81,3.06,3.25,0.05,-0.16,-0.29,0.06,9.69,-0.06,1135.84,1884.0,0.0
1776795302610424359,62925,10.76,105.9,10.8,-0.9,-0.1,0.61,2.75,2.63,3.19,0.0,0.0,-0.14,1.0,-1.31,0.94,1135.16,1884.0,0.0
1776795302708718864,63025,9.008,119.5,10.796,-0.7,-0.06,0.86,2.81,3.06,3.25,-0.14,0.3,-0.05,-2.56,-4.19,-1.88,1132.93,1383.0,0.0
1776795302811133487,63125,9.184,118.5,10.8,-0.6,-0.02,0.35,2.88,3.19,3.56,0.34,0.08,-0.13,-4.75,0.75,-0.25,1151.45,327.0,0.0
1776795302909441751,63225,9.352,108.5,9.596,-0.3,0.08,0.9,2.94,2.88,3.75,0.03,-0.13,-0.07,0.25,7.88,-1.12,1150.77,327.0,0.0
1776795303011838076,63326,10.784,121.1,9.512,-0.4,0.0,0.82,3.0,1.81,3.56,0.21,0.03,-0.04,3.56,12.38,0.37,154.69,290.0,0.0
1776795303120192950,63427,8.964,112.8,10.8,-0.9,-0.02,0.98,2.88,0.81,3.31,0.1,-0.07,0.13,1.5,8.63,4.25,153.32,290.0,0.0
1776795303212537180,63526,10.36,96.9,10.812,-0.9,-0.06,0.88,2.44,0.25,3.19,-0.1,0.16,-0.04,-0.06,3.06,4.63,1119.72,1774.0,0.0
1776795303310821840,63626,10.78,101.9,9.54,0.0,0.06,0.88,2.25,0.31,3.25,0.07,0.06,0.1,-0.94,-2.25,-1.0,1140.99,216.0,0.0
1776795303409096981,63726,10.752,126.2,10.812,-0.5,0.02,1.19,2.63,0.37,3.19,0.22,0.01,-0.05,1.19,-1.31,-7.06,154.69,216.0,0.0
1776795303511521185,63825,9.152,143.6,10.624,-1.0,-0.06,1.13,3.19,0.56,3.0,0.06,0.01,-0.14,1.0,-1.94,-5.19,1111.66,1402.0,0.0
1776795303609845032,63926,8.94,53.1,10.804,-1.1,0.06,0.66,3.5,0.69,2.88,-0.17,-0.31,-0.32,2.38,-2.0,-0.25,1128.98,1001.0,0.0
1776795303712260290,64026,10.764,160.3,10.032,-0.8,-0.14,0.7,3.38,0.94,2.56,0.48,-0.19,-0.22,4.31,-3.13,1.31,1136.87,1001.0,0.0
1776795303810531302,64126,8.952,135.2,10.8,-1.1,-0.04,0.78,3.25,1.06,2.06,0.05,-0.47,-0.16,7.31,-1.5,4.38,1127.44,1534.0,0.0
1776795303912972931,64227,10.48,136.4,10.78,-0.8,-0.04,0.82,2.56,1.31,1.37,-0.27,-0.07,-0.27,9.38,-4.5,7.31,1105.66,0.0,0.0
1776795304011269907,64326,8.94,92.6,10.34,0.0,0.04,0.14,1.75,2.13,0.19,-0.11,0.16,-0.39,15.38,-11.88,6.63,154.86,0.0,0.0
1776795304109560206,64425,9.004,116.7,10.78,-1.0,0.14,0.84,0.94,3.38,-1.31,0.28,0.32,-0.28,15.75,-10.25,11.13,154.86,227.0,0.0
1776795304211994879,64525,9.14,133.7,9.352,-0.1,0.0,1.0,-0.31,3.69,-2.44,0.51,0.56,-0.06,9.38,5.88,12.44,1070.67,1059.0,0.0
1776795304310293086,64625,10.76,74.7,9.376,0.0,-0.04,0.2,-1.25,2.5,-2.81,0.06,0.5,-0.21,1.5,15.75,6.06,1048.89,1059.0,0.0
1776795304412640625,64724,10.784,104.9,10.76,-1.1,-0.04,0.86,-1.5,1.19,-2.63,-0.38,0.46,-0.02,-7.88,13.56,1.19,1038.78,1000.0,0.0
1776795304510986983,64825,9.0,127.0,10.796,-0.9,-0.08,1.07,-1.37,0.69,-1.31,-0.17,0.15,0.39,-12.13,3.19,-3.0,1047.69,1000.0,0.0
1776795304613388247,64925,9.224,134.6,9.404,0.2,0.0,0.84,-0.88,0.69,0.12,-0.62,0.26,-0.15,-19.5,-5.88,-5.0,991.44,819.0,0.0
1776795304711700362,65026,10.764,85.2,10.796,0.0,0.04,0.84,-0.5,1.19,1.69,-0.09,-0.48,0.37,-12.25,-7.88,-4.19,986.13,1365.0,0.0
1776795304814106941,65127,9.944,104.1,10.352,-0.2,0.04,0.9,-0.06,1.63,2.19,-0.12,-0.33,0.57,-1.19,-2.19,-4.69,974.46,1365.0,0.0
1776795304912417223,65227,9.192,149.0,10.784,-0.9,0.1,0.57,0.19,1.56,1.88,0.21,0.27,0.19,5.19,1.69,-0.06,1010.82,2278.0,0.0
1776795305014808227,65328,9.192,113.1,10.812,-1.1,0.0,0.76,0.19,1.56,1.12,-0.54,0.0,0.48,10.06,-0.69,0.56,962.11,1891.0,0.0
1776795305113085312,65428,10.784,128.5,10.8,-0.7,0.04,0.45,-0.12,1.56,0.06,0.26,-0.13,0.19,11.19,0.69,4.63,980.29,1891.0,0.0
1776795305215527086,65527,10.752,125.5,10.588,0.0,0.04,0.57,-0.94,1.25,-0.88,-0.28,0.08,-0.1,10.81,4.19,12.5,1019.91,1167.0,0.0
1776795305313785615,65628,10.804,186.5,10.784,-0.9,-0.02,0.55,-2.56,0.88,-1.75,0.35,-0.26,-0.09,9.69,8.38,19.12,1085.25,1167.0,0.0
1776795305416175109,65728,10.788,87.0,9.54,-0.3,-0.14,0.27,-4.81,0.0,-2.63,-0.56,-0.14,0.1,7.94,8.06,28.0,1054.21,456.0,0.0
1776795305514532495,65828,10.76,70.6,9.576,-0.3,-0.06,0.96,-8.19,0.0,-3.25,-0.36,0.22,-0.02,4.56,-4.0,39.06,1165.51,580.0,0.0
1776795305616913080,65929,10.764,154.2,9.416,-0.1,0.08,0.47,-12.56,0.5,-3.56,-0.31,0.04,-0.03,0.44,-8.5,51.81,1043.75,580.0,0.0
1776795305715227649,66030,8.98,120.6,10.796,-1.0,0.0,0.64,-18.19,1.31,-3.44,-0.09,-0.14,-0.07,-0.31,-3.31,61.13,1036.72,1554.0,0.0
1776795305817636921,66129,9.14,99.0,9.324,0.1,0.04,0.74,-23.37,1.63,-3.38,-0.5,-0.38,0.09,3.0,0.75,57.88,1037.06,1706.0,0.0
1776795305915940434,66230,10.764,113.8,10.804,-0.9,0.02,0.82,-28.81,1.81,-3.5,-0.16,0.0,0.06,5.19,-2.0,52.13,1029.86,1706.0,0.0
1776795306018345309,66330,8.928,161.3,10.78,-1.2,-0.06,1.15,-32.94,2.31,-3.94,-0.16,-0.26,0.0,6.56,-3.38,31.81,1086.11,1520.0,0.0
1776795306116644887,66430,10.716,76.2,9.94,-0.4,0.02,0.23,-35.94,2.5,-4.44,0.16,-0.08,0.2,9.19,3.88,31.12,1080.62,1974.0,0.0
1776795306219054205,66530,10.288,145.2,10.796,-1.0,-0.1,0.41,-38.88,2.31,-5.06,0.17,-0.03,-0.68,4.94,1.37,25.31,1149.05,1974.0,0.0
1776795306317353968,66630,10.752,105.5,10.1,-1.1,-0.02,1.0,-41.06,2.44,-5.44,0.06,-0.06,0.0,4.31,-1.44,19.31,1072.22,1073.0,0.0
1776795306415603044,66729,10.764,161.7,9.376,0.0,-0.14,0.49,-42.94,3.06,-5.56,0.08,-0.23,-0.38,1.56,-5.0,21.19,1058.84,1216.0,0.0
1776795306518043586,66830,8.996,98.6,10.712,-1.0,0.02,0.37,-45.25,3.63,-5.56,0.54,-0.25,-0.09,4.0,-0.44,27.06,1045.46,1216.0,0.0
1776795306616362646,66930,10.768,115.6,9.372,0.4,0.06,0.88,-48.0,3.75,-5.75,-0.17,-0.3,-0.17,4.06,7.25,29.5,1097.77,1873.0,0.0
1776795306718778112,67030,10.784,142.4,9.616,-0.6,-0.1,1.23,-51.0,3.38,-5.81,0.02,-0.2,-0.07,0.06,7.19,31.37,151.95,1873.0,0.0
1776795306817072135,67130,10.76,131.6,9.4,0.2,0.06,0.51,-53.88,3.0,-5.31,-0.49,-0.19,-0.13,-6.31,4.31,27.31,1056.95,1536.0,0.0
1776795306919468804,67230,10.764,123.2,9.548,-0.1,-0.02,0.39,-56.44,2.69,-4.38,-0.17,-0.6,0.6,-7.63,5.63,26.12,1022.31,1311.0,0.0
1776795307017775597,67330,10.76,71.1,10.796,-0.6,-0.06,1.07,-58.69,2.31,-3.38,-0.42,-0.24,0.14,-5.94,5.06,20.56,146.46,1311.0,0.0
1776795307120170071,67431,10.74,144.6,9.572,-0.4,0.04,0.78,-60.25,2.38,-2.81,-0.42,-0.09,0.25,-3.44,0.25,14.63,1110.81,1344.0,0.0
1776795307218513996,67530,10.808,105.3,9.388,-0.4,0.1,0.96,-61.44,2.5,-2.63,-0.26,-0.24,0.0,0.44,-5.38,9.81,1103.43,2061.0,0.0
1776795307320824521,67631,8.968,134.4,9.652,-1.0,-0.14,1.05,-62.06,2.94,-2.75,-0.25,-0.21,-0.08,3.31,-2.63,4.06,1078.56,2061.0,0.0
1776795307419177724,67731,10.748,153.6,9.388,0.3,-0.06,1.29,-62.38,2.94,-2.94,-0.13,-0.07,-0.06,2.13,-0.06,1.69,1035.17,2836.0,0.0
1776795307517501666,67830,10.784,118.6,9.424,0.0,0.0,1.04,-62.44,3.0,-2.88,-0.08,-0.13,0.2,-2.25,-2.0,0.94,154.69,2836.0,0.0
1776795307619900529,67930,9.212,113.1,10.616,-0.9,-0.06,1.04,-62.56,3.13,-2.5,-0.26,0.03,-0.06,-5.94,-1.5,1.94,154.86,1857.0,0.0
1776795307718214027,68030,10.768,129.7,9.396,0.2,-0.04,0.55,-62.88,3.13,-1.94,-0.19,-0.27,0.04,-4.31,0.63,4.75,1014.42,2382.0,0.0
1776795307818419338,68130,8.964,188.0,9.532,0.0,-0.12,0.66,-63.44,3.0,-1.56,-0.22,-0.14,0.04,-0.06,-0.31,7.38,11768.33,2234.0,0.0
1776795307918907701,68230,9.148,66.6,10.808,-1.1,0.04,0.55,-64.31,2.81,-1.56,-0.4,-0.09,0.09,1.37,0.19,11.06,1052.5,2234.0,0.0
1776795308017264489,68330,10.784,128.9,10.784,-0.9,-0.08,0.43,-65.5,2.81,-1.63,-0.04,-0.1,-0.07,2.0,-0.31,12.38,1035.86,704.0,0.0
1776795308119615101,68430,9.324,134.7,9.416,-0.9,0.16,0.82,-66.75,2.81,-1.63,-0.61,-0.05,0.02,0.56,-0.44,15.94,1035.69,704.0,0.0
1776795308217926221,68530,10.78,118.6,9.44,0.1,0.06,0.88,-68.56,2.81,-1.56,-0.05,-0.32,0.11,1.06,-1.94,21.06,995.9,1465.0,0.0
1776795308316172134,68629,8.948,61.1,9.588,-0.9,-0.06,0.08,-70.69,3.13,-1.56,-0.15,-0.22,-0.19,3.56,-3.44,22.62,1006.36,160.0,0.0
1776795308414474586,68728,10.68,117.8,9.552,-0.1,0.02,0.82,-72.94,3.38,-1.75,-0.29,-0.22,0.04,2.69,-1.88,24.31,1021.8,160.0,0.0
1776795308516926721,68828,10.084,113.4,9.444,0.2,0.08,1.05,-75.25,3.56,-1.75,0.07,-0.03,-0.05,1.0,-1.0,22.81,1089.54,1555.0,0.0
1776795308615196042,68929,9.16,137.1,10.796,-0.7,0.1,0.49,-77.31,3.63,-1.63,-0.34,-0.18,-0.1,0.0,-0.19,20.06,1035.0,807.0,0.0
1776795308717647881,69028,8.952,131.0,10.788,-1.0,-0.02,0.41,-79.0,3.75,-1.56,0.06,-0.18,0.1,2.19,0.19,15.56,1026.77,807.0,0.0
1776795308815934574,69128,8.92,135.8,10.796,0.0,0.0,0.96,-80.19,3.63,-1.69,0.18,-0.03,-0.13,2.0,5.69,8.44,1091.25,497.0,0.0
1776795308914234897,69227,10.74,113.5,9.592,-0.1,0.04,0.39,-80.69,3.19,-1.75,0.41,0.0,-0.03,1.5,6.63,3.44,1080.45,497.0,0.0
1776795309022573955,69326,9.232,70.7,10.804,-1.1,0.04,0.78,-80.94,2.88,-1.88,-0.25,0.06,-0.18,1.0,-1.94,1.44,1070.85,1003.0,0.0
1776795309114959951,69426,9.304,129.3,9.424,0.3,-0.12,1.13,-81.06,3.38,-2.0,-0.36,-0.07,0.03,1.31,-9.63,3.56,1078.56,550.0,0.0
1776795309213229359,69526,9.192,143.7,10.28,-0.8,-0.14,0.96,-81.56,4.5,-2.13,0.02,0.17,-0.01,1.12,-14.19,5.5,1138.25,550.0,0.0
1776795309315617909,69626,10.772,121.9,9.544,-0.1,-0.02,1.19,-81.94,5.31,-2.13,0.2,0.02,0.13,0.12,-0.31,2.63,1155.57,1005.0,0.0
1776795309413928004,69726,10.76,88.1,9.56,0.0,0.02,0.47,-82.06,5.0,-2.0,0.07,0.09,0.18,-1.94,5.56,-0.75,1024.71,1465.0,0.0
1776795309512254340,69825,10.768,107.6,10.792,-0.9,0.08,0.37,-81.75,4.5,-1.81,-0.18,-0.01,-0.13,-2.0,4.94,-3.31,1025.74,1465.0,0.0
1776795309614664909,69924,8.96,156.9,10.148,-0.6,-0.14,1.46,-81.37,4.44,-1.75,0.1,0.13,0.0,-0.06,-0.25,-3.44,1034.83,554.0,0.0
1776795309712953096,70025,9.232,107.1,10.796,-0.9,0.06,0.76,-81.0,4.31,-1.75,0.07,0.02,-0.08,-0.44,1.06,-4.38,1067.07,554.0,0.0
1776795309815366906,70125,10.768,73.3,9.4,-0.1,-0.18,0.76,-80.5,4.31,-1.69,0.01,-0.02,-0.02,-1.81,0.12,-5.19,1074.45,1149.0,0.0
1776795309913673352,70225,9.016,151.7,10.788,-0.9,0.04,0.55,-79.94,4.38,-1.5,-0.34,0.07,0.17,-2.5,-0.69,-6.69,1170.66,1766.0,0.0
1776795310016081637,70325,10.784,153.0,9.58,-0.2,0.06,0.43,-79.19,4.5,-1.31,-0.42,-0.07,-0.02,-2.94,-0.5,-8.31,990.76,1766.0,0.0
1776795310114385690,70425,9.856,93.3,10.8,-0.7,-0.08,1.0,-78.44,4.44,-1.19,0.05,-0.16,-0.06,-0.81,1.0,-9.13,1004.99,812.0,0.0
1776795310212686649,70524,10.772,123.8,10.8,-0.9,-0.06,0.76,-77.44,4.19,-1.19,-0.29,-0.01,-0.05,0.44,1.63,-12.44,1044.61,1956.0,0.0
1776795310315113341,70625,8.932,139.7,9.792,-0.2,0.02,1.07,-76.06,4.0,-1.31,0.13,-0.05,-0.03,-0.69,1.25,-16.25,997.1,1956.0,0.0
1776795310413350168,70725,10.76,129.9,9.444,0.1,0.04,0.78,-74.25,4.0,-1.25,0.26,-0.21,0.05,-1.25,1.81,-22.69,1002.42,751.0,0.0
1776795310521723364,70824,8.992,154.7,10.804,-0.7,0.12,0.41,-71.62,3.88,-1.25,0.01,-0.24,-0.02,-0.12,2.0,-32.94,1013.22,1801.0,0.0
1776795310614102117,70924,10.764,66.0,9.636,0.0,-0.08,0.8,-68.0,3.75,-1.44,0.02,-0.1,-0.11,0.88,-0.88,-41.5,1015.79,1801.0,0.0
1776795310712413966,71024,10.772,97.3,10.3,-0.9,0.02,1.0,-63.31,4.13,-1.81,0.17,0.02,-0.11,0.0,-4.38,-52.5,1109.26,708.0,0.0
1776795310814811823,71123,10.788,122.1,9.452,0.2,0.0,0.51,-57.88,4.0,-2.19,-0.03,-0.12,-0.01,-1.37,1.75,-56.94,1022.48,965.0,0.0
1776795310913108523,71223,9.08,82.6,9.892,-1.1,-0.06,0.82,-52.31,3.75,-2.44,-0.07,-0.08,0.11,0.37,-1.06,-58.38,1093.83,965.0,0.0
1776795311011424350,71323,9.02,153.9,10.788,-0.9,0.06,1.31,-46.5,3.88,-2.94,-0.14,-0.04,-0.11,2.56,-7.69,-60.88,1037.57,954.0,0.0
1776795311119758573,71422,10.776,128.2,10.108,-0.1,-0.06,0.63,-40.56,4.38,-3.56,-0.05,0.06,-0.12,1.0,-9.13,-61.31,1088.34,954.0,0.0
1776795311212156138,71522,10.776,65.9,9.592,0.0,0.14,0.76,-35.5,4.44,-4.13,-0.77,0.38,-0.14,0.0,-8.56,-50.75,1198.27,158.0,0.0
1776795311310389793,71621,10.784,91.0,9.472,0.0,0.06,0.49,-31.87,4.94,-4.38,-1.16,0.27,0.16,-0.19,-10.69,-19.81,1048.72,1591.0,0.0
1776795311412795459,71721,10.628,196.7,10.796,-0.1,0.0,0.92,-31.5,4.75,-4.63,-0.92,-0.01,0.32,2.06,-5.75,17.25,1194.15,1591.0,0.0
1776795311511140027,71821,10.768,77.0,9.476,0.2,0.0,0.9,-34.69,4.31,-4.69,-0.62,0.23,-0.09,3.69,17.75,49.94,1046.32,852.0,0.0
1776795311619496862,71921,9.176,131.7,10.792,-0.7,0.12,0.76,-40.5,2.5,-4.69,-0.85,-0.42,-0.02,3.56,19.94,66.94,1070.67,1657.0,0.0
1776795311711855592,72022,9.016,124.1,10.78,-0.9,-0.02,0.96,-47.88,1.0,-4.88,-0.19,-0.27,0.2,4.69,17.19,80.31,1142.19,1657.0,0.0
1776795311814248165,72123,9.012,150.5,10.792,-0.7,-0.08,0.23,-56.38,0.31,-5.13,-0.19,-0.53,0.11,4.5,11.44,91.62,1048.55,1145.0,0.0
1776795311912547101,72222,9.248,85.0,10.804,-0.6,-0.16,0.35,-65.37,0.12,-5.5,0.49,-0.54,0.14,5.69,9.69,92.62,1092.28,1145.0,0.0
1776795312014926076,72322,10.764,93.3,10.368,-0.8,0.06,0.86,-74.25,0.12,-6.0,0.29,-0.62,-0.12,4.75,7.94,88.31,1029.17,2252.0,0.0
1776795312113247212,72423,9.212,154.4,10.784,-1.0,-0.1,1.52,-82.56,0.44,-6.0,0.04,-0.69,0.32,2.06,3.88,82.75,1097.6,1297.0,0.0
1776795312211555700,72522,9.18,92.3,10.796,-0.9,0.06,0.37,-90.25,1.0,-5.69,0.08,-0.55,-0.22,-0.25,0.88,75.81,1048.89,1297.0,0.0
1776795312313960323,72623,9.032,156.9,9.84,-0.3,0.16,0.76,-97.31,1.81,-5.06,0.35,-0.69,0.08,-0.81,3.0,72.0,1044.43,1878.0,0.0
1776795312412220734,72723,9.076,79.9,10.804,-0.8,-0.04,0.8,-103.94,2.38,-4.38,0.05,-0.39,-0.04,-1.12,2.38,64.69,1049.92,598.0,0.0
1776795312512479646,72822,9.072,88.5,10.8,0.5,-0.06,0.37,-109.87,2.38,-3.88,-0.19,-0.23,-0.12,0.31,5.06,59.06,11823.55,1203.0,0.0
1776795312612974235,72922,9.112,19.5,10.82,-0.9,0.06,0.41,-115.25,2.5,-3.56,-0.16,-0.31,0.03,-0.44,0.06,52.38,1030.2,1203.0,0.0
1776795312711247499,73022,10.808,43.6,9.604,-0.4,0.02,0.25,-120.06,2.81,-3.19,0.1,-0.18,-0.09,-1.56,0.69,46.94,1039.8,2088.0,0.0
1776795312813689272,73121,9.04,45.7,9.612,-0.1,-0.02,0.43,-124.12,2.81,-2.75,0.2,-0.11,-0.12,-1.37,5.19,37.0,1059.7,2088.0,0.0
1776795312911982407,73222,9.264,40.0,9.504,0.3,0.0,1.02,-127.06,2.69,-2.5,0.19,-0.06,-0.09,-1.44,-0.44,24.75,1061.07,1342.0,0.0
1776795313014387456,73322,9.032,50.9,10.0,-0.1,0.0,0.76,-128.94,2.88,-2.19,0.25,-0.17,0.1,-1.75,1.06,16.94,1032.26,1163.0,0.0
1776795313112674717,73421,9.032,68.5,10.804,-0.7,-0.08,0.92,-130.31,2.75,-1.94,0.0,0.09,-0.11,-1.88,3.38,14.81,1059.53,1163.0,0.0
1776795313215117225,73522,9.244,45.8,10.808,-1.6,0.04,0.59,-131.63,2.44,-1.69,-0.2,-0.14,0.03,-1.0,3.0,13.0,1023.68,1500.0,0.0
1776795313313357817,73623,9.224,64.6,10.788,-0.6,-0.1,0.63,-132.69,2.25,-1.56,0.0,0.0,-0.04,0.88,-1.37,8.0,1003.62,1500.0,0.0
1776795313411651004,73722,10.776,65.6,9.516,0.4,0.04,0.74,-133.31,2.44,-1.56,-0.05,-0.14,0.16,-0.69,-1.25,4.63,984.75,1303.0,0.0
1776795313514064678,73822,9.292,76.5,10.78,0.7,0.12,0.63,-133.75,2.5,-1.44,-0.28,0.1,0.02,-1.63,-2.69,3.13,1163.97,824.0,0.0
1776795313612395200,73921,9.156,89.8,10.808,-1.8,0.1,0.82,-133.88,2.63,-1.25,-0.19,-0.14,-0.01,-0.94,-1.88,0.0,1007.56,824.0,0.0
1776795313714810096,74021,10.772,112.1,10.788,-0.8,0.12,1.02,-133.75,2.63,-1.25,-0.08,0.04,-0.06,1.81,-1.63,-2.0,1019.91,1197.0,0.0
1776795313813130525,74122,10.812,95.9,9.492,0.5,-0.06,0.96,-133.69,2.56,-1.44,-0.72,0.0,0.17,1.81,1.19,-0.63,992.13,1876.0,0.0
1776795313915506974,74222,10.736,117.3,9.588,0.0,0.04,0.57,-133.56,2.38,-1.63,-0.32,0.0,-0.02,1.0,-0.19,-2.25,1012.54,1876.0,0.0
1776795314013817825,74322,9.012,131.7,9.888,-0.6,-0.1,0.9,-133.13,2.31,-1.75,-0.08,0.01,-0.12,1.56,0.88,-5.88,1011.34,2039.0,0.0
1776795314122166006,74423,9.244,158.8,10.784,-1.0,-0.02,0.96,-132.63,2.19,-1.88,-0.26,0.05,0.03,0.5,0.94,-3.81,1110.29,2039.0,0.0
1776795314214522715,74522,10.752,116.1,10.788,-0.8,0.06,0.76,-132.31,2.25,-1.88,0.22,0.04,-0.03,0.0,-3.0,-3.06,999.84,1100.0,0.0
1776795314312814288,74621,10.748,90.4,9.628,-0.2,0.0,0.94,-131.94,2.5,-1.94,-0.09,0.11,0.0,0.44,-2.44,-3.88,1036.03,2372.0,0.0
1776795314421310698,74722,10.096,125.2,10.792,-0.9,0.04,0.37,-131.5,2.69,-2.0,0.35,0.08,-0.08,0.31,-1.81,-6.25,11767.99,711.0,0.0
1776795314513531382,74822,9.204,110.7,9.516,0.5,-0.18,1.19,-130.81,2.69,-2.06,0.04,0.12,-0.22,-0.25,-0.56,-6.69,1039.29,711.0,0.0
1776795314611809454,74921,9.132,136.7,10.784,-0.7,-0.02,0.63,-130.19,2.63,-2.13,-0.05,0.04,-0.08,-0.19,0.94,-6.25,1012.02,967.0,0.0
1776795314714237679,75022,9.8,101.3,9.488,0.1,0.08,0.74,-129.63,2.5,-2.13,0.04,0.09,-0.13,-0.37,3.0,-6.31,1000.36,967.0,0.0
1776795314812552179,75122,9.04,129.0,9.6,-0.1,0.02,0.9,-128.94,2.31,-2.0,-0.18,0.09,-0.04,-1.75,1.06,-7.75,1048.55,1988.0,0.0
1776795314914957848,75223,9.2,86.5,9.464,0.0,-0.1,0.82,-128.0,2.25,-1.94,0.25,-0.08,-0.09,-0.94,1.37,-14.13,991.1,1410.0,0.0
1776795315013254694,75323,9.044,95.5,10.792,-1.0,-0.02,0.53,-126.12,2.25,-1.94,0.18,0.14,-0.02,-0.5,2.19,-25.5,1041.86,1410.0,0.0
1776795315115676415,75422,9.132,106.6,10.796,-1.1,-0.06,0.37,-123.31,2.13,-2.0,0.22,-0.01,-0.06,-4.19,1.88,-32.63,1008.42,1198.0,0.0
1776795315213966819,75522,9.248,177.1,10.776,-1.3,-0.14,0.66,-119.75,1.94,-1.75,0.47,-0.24,-0.13,-3.0,1.25,-40.88,1042.72,1678.0,0.0
1776795315316353612,75623,9.056,138.7,9.604,-0.6,-0.16,0.96,-115.44,2.0,-1.69,0.43,-0.17,0.04,-0.31,-2.88,-51.31,1015.11,1678.0,0.0
1776795315414646201,75722,10.82,61.9,9.536,0.2,-0.16,0.78,-109.87,2.19,-1.81,0.15,-0.17,0.12,-2.44,-3.38,-64.25,990.41,1322.0,0.0
1776795315512942272,75822,9.28,118.5,10.792,-1.1,0.04,1.33,-103.06,2.31,-1.69,0.35,-0.21,-0.13,-4.75,-2.06,-75.56,1005.85,1322.0,0.0
1776795315615365086,75922,9.076,89.0,9.6,-0.8,-0.08,0.88,-95.5,2.44,-1.5,0.03,-0.43,-0.12,-3.88,-4.25,-80.69,997.44,1374.0,0.0
1776795315713724752,76022,9.252,136.3,9.54,0.3,-0.04,1.13,-87.44,2.69,-1.5,-0.14,-0.48,-0.11,-0.88,-6.31,-84.87,1002.25,1342.0,0.0
1776795315816076766,76123,10.784,102.5,9.524,0.3,-0.06,0.92,-79.62,2.94,-1.69,-0.7,-0.32,0.07,-2.31,-4.81,-74.44,1003.96,1342.0,0.0
1776795315918473837,76224,9.1,105.2,10.776,-0.8,0.02,1.13,-73.37,3.38,-1.5,-0.87,-0.26,0.0,-7.13,-10.56,-55.06,1019.22,2542.0,0.0
1776795316016785940,76324,9.232,124.6,9.48,0.1,0.0,0.92,-69.12,3.38,-0.81,-0.34,0.05,-0.24,-10.0,-4.63,-36.13,1066.39,1397.0,0.0
1776795316119172230,76425,9.296,88.3,10.8,-0.5,-0.02,0.63,-66.25,2.69,-0.25,-0.5,0.1,-0.32,-7.13,6.31,-25.69,1083.88,1397.0,0.0
1776795316217514468,76525,10.752,104.9,10.804,-0.7,0.02,0.61,-64.12,1.88,0.06,-0.35,0.16,-0.07,-2.13,3.75,-18.87,996.07,2752.0,0.0
1776795316315747349,76624,10.768,145.7,9.62,-0.1,0.1,1.27,-62.75,1.5,0.06,-0.24,0.12,0.13,-0.94,1.31,-10.44,1009.28,1274.0,0.0
1776795316418148732,76725,9.252,132.6,10.796,-1.2,-0.04,0.94,-62.19,1.44,0.19,0.1,0.1,0.07,-1.88,3.75,-2.75,1010.99,1274.0,0.0
1776795316516492803,76825,9.292,86.3,10.8,0.0,-0.14,0.55,-62.13,1.12,0.31,0.06,0.22,0.1,0.0,4.06,-0.31,992.98,1029.0,0.0
1776795316618899076,76924,10.74,107.1,10.792,-1.1,0.04,0.82,-62.13,1.12,0.12,-0.03,0.3,-0.06,-1.88,0.5,1.31,991.78,1029.0,0.0
1776795316717195812,77025,9.096,74.2,10.796,-1.0,-0.02,0.49,-62.31,1.25,0.25,0.0,0.13,-0.07,-2.06,0.88,2.38,995.56,1417.0,0.0
1776795316819601602,77125,10.78,86.8,9.672,-0.5,-0.08,0.27,-62.5,1.12,0.31,0.11,0.15,-0.11,-0.94,3.13,0.94,1001.22,2670.0,0.0
1776795316917957804,77225,10.756,76.2,9.68,-0.2,-0.02,0.29,-62.5,1.06,0.37,0.06,0.25,0.0,-1.69,-0.25,-0.63,1044.43,2670.0,0.0
1776795317016200958,77325,10.448,136.5,9.608,-1.1,-0.08,0.76,-62.38,1.31,0.44,0.24,0.27,-0.13,-1.75,0.5,-0.75,1085.42,1961.0,0.0
1776795317118602154,77424,9.244,132.3,10.784,-1.0,0.02,0.61,-62.31,1.31,0.5,0.45,-0.03,0.0,0.25,5.25,-2.31,1024.54,2219.0,0.0
1776795317216938353,77523,10.444,107.1,9.62,0.1,0.02,0.49,-61.13,1.12,0.5,1.17,0.0,-0.27,-0.81,2.94,-30.62,1028.49,2219.0,0.9
1776795317315219142,77623,9.1,141.9,10.784,-0.7,0.14,0.39,-56.31,1.63,0.56,1.02,-0.19,-0.04,-1.0,-0.63,-70.0,1093.31,1974.0,0.0
1776795317417597041,77723,10.76,151.7,10.792,-1.2,-0.1,0.57,-48.56,2.25,0.44,0.68,-0.25,-0.12,-1.25,-10.31,-88.94,1041.86,1240.0,0.0
1776795317515941703,77824,9.164,68.5,10.8,-1.0,-0.1,0.76,-39.75,3.44,0.19,0.13,-0.1,-0.12,-3.31,-10.81,-92.25,1064.33,1240.0,0.0
1776795317620236835,77924,9.084,99.4,9.636,-1.0,-0.08,0.59,-30.69,4.56,0.0,0.47,0.07,-0.16,-5.81,-10.13,-93.19,11766.62,1675.0,0.0
1776795317716635337,78024,9.12,109.1,10.16,-0.8,-0.02,0.68,-21.94,5.38,0.0,-0.1,0.47,-0.04,-7.81,-7.94,-86.19,1018.2,1675.0,0.0
1776795317819028347,78124,9.516,105.5,9.544,0.5,-0.12,0.92,-14.25,6.31,0.0,0.0,0.56,0.13,-10.0,-9.31,-72.0,1080.79,1877.0,0.0
1776795317917333637,78225,9.104,118.1,10.796,-0.7,-0.16,0.23,-8.5,6.69,0.25,0.02,1.0,-0.39,-11.38,-0.81,-48.5,1032.77,894.0,0.0
1776795318019729770,78324,9.112,121.7,10.792,-0.9,-0.06,1.15,-5.13,6.25,0.37,-0.45,0.41,-0.11,-6.19,1.12,-29.62,1037.57,894.0,0.0
1776795318118027411,78425,9.104,179.9,10.792,-0.8,0.14,1.58,-2.63,5.63,0.0,-0.57,0.19,0.41,4.13,5.5,-21.5,1017.51,749.0,0.0
1776795318220471033,78526,9.176,104.4,10.8,-1.0,0.06,1.02,-1.37,5.19,-0.81,-0.41,0.38,0.87,7.88,5.63,-5.31,1045.81,1893.0,0.0
1776795318318734450,78625,10.764,85.8,9.584,0.5,0.02,0.94,-1.37,4.81,-1.31,-0.82,0.48,-0.03,3.88,-0.37,1.06,1078.05,1893.0,0.0
1776795318421100809,78726,9.248,118.8,10.788,-0.9,-0.08,1.04,-1.25,4.38,-1.94,-0.63,0.29,-0.34,3.31,1.5,-3.06,1078.22,994.0,0.0
1776795318519449638,78826,10.752,107.2,9.616,-0.2,-0.06,0.35,-0.56,3.81,-2.69,-0.48,0.52,-0.44,1.0,3.38,-10.0,1107.89,1781.0,0.0
1776795318621842035,78926,9.16,99.3,10.8,-0.8,0.0,0.98,0.37,3.31,-3.06,-0.64,0.83,-0.82,-2.0,-3.06,-7.81,1065.36,1781.0,0.0
1776795318720163862,79026,9.096,104.2,10.8,-0.9,0.02,0.51,1.31,4.31,-3.31,-0.27,0.39,-0.1,0.31,-21.44,-10.06,1076.68,1733.0,0.0
1776795318822559870,79127,9.248,161.5,10.424,0.3,-0.02,0.88,2.5,6.38,-3.56,0.4,0.63,0.21,2.19,-20.25,-13.44,1068.44,1733.0,0.0
1776795318920856771,79226,9.26,106.0,9.584,0.4,-0.16,0.43,3.69,7.25,-4.06,0.41,-0.14,0.9,6.38,1.56,-7.19,1053.52,1520.0,0.0
1776795319023261013,79327,10.788,87.7,10.8,-0.6,0.0,0.8,4.31,7.0,-4.19,0.24,-0.02,0.3,-3.5,2.88,-7.94,1144.25,1010.0,0.0
1776795319121550895,79427,9.308,71.5,10.784,-0.3,0.04,0.9,5.25,6.75,-3.94,0.47,-0.23,-0.26,-2.94,0.44,-9.69,1083.19,1010.0,0.0
1776795319224025312,79527,9.248,109.4,9.572,-0.3,0.02,0.9,6.0,6.81,-3.81,0.27,0.23,-0.56,-2.13,4.5,-0.06,1080.28,1755.0,0.0
1776795319322259858,79628,9.248,98.9,9.644,-0.7,-0.08,1.13,5.56,6.25,-3.5,0.53,0.36,-0.47,-2.44,6.81,8.88,998.82,1837.0,0.0
1776795319430603422,79728,10.652,102.3,9.58,0.7,0.02,0.86,4.5,5.63,-3.31,-0.04,-0.09,0.49,2.5,4.81,14.56,1178.55,1837.0,0.0
1776795319522980341,79827,9.168,124.2,9.616,-0.9,0.1,1.5,2.69,6.13,-3.69,-0.12,-0.55,0.69,11.44,-11.0,25.94,1051.47,1299.0,0.0
1776795319621281353,79927,10.756,77.6,9.572,0.4,0.08,0.82,-1.37,7.19,-4.38,-0.59,-0.23,0.18,11.56,-7.81,53.94,1064.16,885.0,0.0
1776795319723679137,80027,9.156,108.5,10.796,-0.9,-0.02,0.51,-7.94,7.94,-4.81,-0.93,-0.75,0.05,15.81,2.0,71.25,1079.76,885.0,0.0
1776795319821977964,80126,10.756,127.2,9.628,-0.1,0.0,0.74,-14.81,7.63,-5.38,-0.76,-0.72,-0.15,18.12,8.56,67.5,1115.26,487.0,0.0
1776795319920293662,80226,10.784,140.2,10.148,0.5,-0.1,1.19,-20.94,7.5,-6.19,-0.72,-0.34,-0.05,14.0,6.19,55.19,1080.96,487.0,0.0
1776795320022692217,80326,10.764,123.1,9.672,-0.1,0.06,0.78,-25.56,7.69,-6.56,0.21,-0.89,0.25,7.88,4.19,43.5,1064.5,1696.0,0.0
1776795320120990526,80425,9.152,116.7,9.652,-0.2,0.0,0.74,-29.94,7.38,-6.81,0.47,-0.86,0.2,8.5,10.69,44.06,1115.44,1553.0,0.0
1776795320219340689,80525,10.768,127.6,10.792,-1.2,0.04,1.33,-35.0,6.81,-6.5,-0.11,-0.76,0.18,8.94,14.19,57.56,1097.43,1553.0,0.0
1776795320321678081,80625,9.556,135.6,10.804,-1.1,-0.1,1.37,-41.13,6.44,-6.06,-0.11,-0.85,-0.32,6.44,9.75,63.56,1115.26,695.0,0.0
1776795320419998002,80726,10.372,89.4,10.792,-0.7,-0.06,0.49,-47.25,6.5,-5.13,0.42,-0.7,-0.24,4.38,5.44,60.94,1149.56,2244.0,0.0
1776795320522402564,80826,9.144,106.6,10.796,-0.8,0.12,0.86,-53.06,6.38,-4.44,-0.55,-0.67,0.05,5.69,12.38,73.0,1123.5,2244.0,0.0
1776795320620710132,80925,10.748,172.4,10.776,-0.9,-0.1,1.27,-60.5,6.13,-4.44,-0.41,-0.93,0.02,11.75,1.31,75.87,1122.81,787.0,0.0
1776795320719000033,81025,9.296,140.7,9.564,0.6,-0.04,0.88,-67.31,6.56,-4.38,-0.04,-0.36,0.13,12.88,-2.38,61.31,1101.54,2199.0,0.0
1776795320821402428,81125,9.324,111.5,9.616,0.3,0.08,0.63,-72.56,6.81,-4.31,-0.27,0.16,-0.21,-0.37,7.13,49.38,1056.27,2199.0,0.0
1776795320919715089,81224,9.14,85.2,10.804,-0.7,-0.1,0.92,-76.31,6.19,-3.31,0.2,0.05,-0.07,-8.13,12.0,29.31,1065.36,2023.0,0.0
1776795321018004282,81324,10.744,161.8,10.792,-0.9,0.0,0.88,-77.94,5.63,-2.44,-0.22,0.02,0.07,-5.88,1.44,7.31,1073.42,2023.0,0.0
1776795321120437400,81424,9.268,88.2,10.804,-1.0,-0.04,0.31,-78.12,5.88,-2.06,0.05,0.01,0.18,-3.75,-5.63,0.88,1216.45,197.0,0.0
1776795321218763211,81523,10.788,103.5,9.624,0.3,-0.08,0.92,-78.5,6.13,-2.0,-0.2,0.22,0.25,0.5,-0.5,7.38,1025.4,1597.0,0.0
1776795321321090917,81624,9.228,140.1,10.792,-0.9,-0.02,1.15,-79.69,6.0,-2.0,-0.8,-0.11,0.33,2.25,1.44,18.25,11766.27,1289.0,0.0
1776795321419397024,81724,9.292,104.1,10.788,-0.8,0.04,1.17,-82.62,5.75,-2.25,-0.78,-0.27,0.25,9.19,3.0,39.63,1053.7,1289.0,0.0
1776795321517703927,81823,10.18,92.5,10.792,-0.8,0.0,0.66,-87.06,5.06,-2.88,-0.79,-0.14,-0.11,15.25,1.44,48.56,1049.92,2023.0,0.0
1776795321620141675,81924,9.204,115.7,10.788,-0.9,-0.18,0.78,-92.44,4.94,-3.94,-0.27,0.12,-0.71,12.88,-0.06,60.75,1079.08,2023.0,0.0
1776795321722536606,82025,9.704,159.7,10.78,-1.0,0.04,1.09,-99.37,4.69,-4.88,0.2,-0.18,-0.27,14.75,4.38,74.44,1087.14,762.0,0.0
1776795321820861992,82124,10.784,107.7,9.66,0.0,-0.02,1.11,-106.44,4.69,-5.25,0.16,-0.15,-0.14,6.0,8.38,69.31,1083.37,450.0,0.0
1776795321923236274,82225,9.26,66.3,9.664,-0.2,-0.08,0.53,-112.37,4.56,-5.06,0.82,-0.06,-0.24,1.56,6.75,53.31,1118.52,450.0,0.0
1776795322021543578,82326,10.552,79.3,10.464,-1.3,0.0,0.88,-116.75,4.5,-4.63,0.33,0.07,-0.09,-4.44,5.81,38.63,1042.03,692.0,0.0
1776795322119938227,82425,9.684,120.2,9.588,-0.7,0.06,0.59,-119.94,4.69,-3.81,0.78,0.09,-0.04,-6.25,1.0,28.12,1024.71,692.0,0.0
1776795322222261674,82525,10.76,70.2,9.644,0.0,0.0,0.55,-121.94,5.13,-3.25,0.46,-0.2,0.04,-4.44,-0.12,18.44,1045.81,776.0,0.0
1776795322320561875,82624,9.356,127.4,10.8,-1.1,0.14,1.0,-123.19,5.38,-2.88,0.59,-0.03,0.0,0.06,-2.06,7.31,1038.78,2128.0,0.0
1776795322422929509,82724,10.656,126.9,9.572,0.5,0.14,1.05,-123.62,5.63,-2.81,0.39,0.08,-0.02,-2.56,3.63,2.75,1005.85,2128.0,0.0
1776795322521233247,82825,9.164,189.4,10.732,-0.4,0.0,1.31,-123.87,5.38,-2.38,0.31,-0.06,-0.12,-4.38,1.88,3.19,999.33,664.0,0.0
1776795322619550523,82925,10.752,85.1,9.648,-0.4,0.04,0.66,-124.19,5.31,-1.94,-0.11,-0.2,0.0,-2.94,0.75,3.25,1066.73,1692.0,0.0
1776795322722031939,83024,10.764,106.8,10.796,-0.9,-0.08,0.23,-124.56,5.13,-1.63,0.0,-0.12,-0.06,0.25,1.25,4.13,1008.93,1692.0,0.0
1776795322820277564,83125,9.848,77.6,10.788,-1.0,0.12,1.13,-124.81,5.13,-1.56,-0.43,-0.04,0.05,-0.31,-1.25,1.5,1000.19,3050.0,0.0
1776795322922673921,83224,9.316,117.7,10.748,-0.7,-0.14,0.41,-124.75,5.38,-1.37,-0.4,-0.3,-0.12,-2.81,-1.5,-1.75,1172.89,1416.0,0.0
1776795323022899420,83324,10.768,46.4,10.788,-1.1,0.14,0.86,-124.44,5.31,-1.12,0.0,-0.13,-0.12,-0.81,1.69,-3.38,11763.01,1821.0,0.0
1776795323119244503,83424,9.296,141.1,9.508,0.2,0.02,0.76,-124.12,4.94,-1.06,-0.21,0.02,-0.06,-0.37,1.75,-4.75,1028.49,1821.0,0.0
1776795323221699938,83524,10.344,191.4,10.736,-1.0,-0.04,0.68,-123.56,4.88,-1.06,-0.36,0.0,-0.02,-1.12,0.19,-6.75,1003.1,1821.0,0.0
1776795323319959492,83624,9.232,122.0,10.808,-0.4,0.02,1.17,-122.69,4.88,-0.94,0.22,0.12,-0.13,-3.06,0.81,-9.38,994.53,1707.0,0.0
1776795323422346868,83725,10.256,97.6,9.52,-0.2,-0.16,0.55,-121.75,4.75,-0.63,-0.06,0.02,0.04,-3.81,4.25,-9.25,1000.53,916.0,0.0
1776795323520687906,83825,10.752,127.2,10.8,-0.8,-0.2,1.11,-120.81,4.56,-0.25,-0.24,0.08,-0.35,-5.25,-0.75,-8.81,1007.39,916.0,0.0
1776795323623089598,83924,9.348,139.5,10.448,0.4,-0.1,0.7,-120.0,4.56,0.0,-0.26,0.18,0.14,-1.94,-0.44,-8.0,1008.59,2110.0,0.0
1776795323721397265,84024,9.256,79.8,9.556,0.2,-0.02,0.96,-119.5,4.5,0.0,-0.44,0.06,0.1,0.63,-1.19,-3.44,1018.02,1483.0,0.0
1776795323819698190,84124,9.324,91.4,10.66,0.0,0.06,0.82,-119.37,4.06,-0.31,-0.8,-0.02,0.19,4.5,-5.81,1.56,1012.02,1483.0,0.0
1776795323922105475,84225,10.192,158.9,10.792,-0.8,0.02,1.27,-120.25,4.25,-0.81,-0.96,0.06,0.05,6.81,-7.38,21.75,1019.22,1100.0,0.0
1776795324024502882,84326,9.212,85.8,9.6,-0.3,0.0,0.9,-123.75,4.5,-1.31,-0.45,-0.47,-0.02,9.63,2.38,49.38,1031.06,2290.0,0.0
1776795324124720854,84425,10.764,108.1,9.572,0.6,0.02,0.47,-128.88,4.31,-1.94,-0.53,-0.47,0.0,13.5,8.56,55.81,11763.53,1293.0,0.0
1776795324225222356,84525,9.216,121.5,10.804,-0.7,-0.02,0.98,-134.75,3.5,-3.0,-0.17,-0.77,0.13,17.25,10.81,65.62,1023.85,1293.0,0.0
1776795324323468671,84626,9.248,159.5,10.78,-0.7,0.02,1.15,-141.44,3.25,-3.88,0.4,-0.71,-0.03,16.37,2.56,68.19,1050.27,2148.0,0.0
1776795324421733098,84726,9.248,51.4,10.812,-0.9,-0.02,0.0,-148.13,4.0,-4.31,0.04,-1.13,-0.26,21.94,-5.38,69.44,1042.21,2148.0,0.0
1776795324526126301,84827,9.212,19.9,10.824,-0.7,-0.04,0.41,-155.0,5.0,-5.69,0.44,-0.03,-0.2,19.44,-4.63,65.87,11837.44,1384.0,0.0
1776795324622487425,84927,10.8,14.1,9.556,-0.9,-0.06,0.21,-160.94,5.69,-6.19,-0.22,0.17,-0.52,1.75,0.44,57.25,1112.01,1384.0,0.0
1776795324724933398,85026,10.824,31.9,9.628,0.0,0.04,0.59,-166.25,6.19,-5.44,0.87,0.26,-0.36,-5.69,4.13,52.13,1064.84,1333.0,0.0
1776795324823225734,85126,10.792,46.3,10.832,-0.6,-0.08,0.96,-171.0,6.0,-4.38,0.42,0.17,-0.2,-4.38,9.25,43.94,1093.14,1925.0,0.0
1776795324921547552,85225,10.764,46.7,9.692,-0.3,-0.12,0.84,-174.19,5.69,-3.75,0.61,0.14,0.0,-2.63,2.13,23.06,1054.04,1925.0,0.0
1776795325023954924,85325,9.356,34.7,10.82,-0.7,-0.08,0.49,-176.0,5.63,-3.31,0.43,-0.09,0.2,-1.63,2.31,17.06,1074.79,759.0,0.0
1776795325126336044,85426,10.8,27.9,9.668,0.0,0.02,0.61,-177.69,5.44,-3.25,0.27,-0.11,0.09,2.31,1.75,15.94,1053.7,1845.0,0.0
1776795325224663773,85527,10.784,25.7,10.82,-0.8,0.0,0.59,-178.69,5.56,-3.38,0.0,0.4,-0.59,-0.06,-5.63,5.19,1039.29,1845.0,0.0
1776795325322901110,85626,9.336,44.1,10.804,-0.9,0.06,0.49,-179.13,5.81,-3.06,0.14,0.29,-0.15,-4.94,-2.19,5.94,1068.44,1720.0,0.0
1776795325425317528,85727,10.752,35.9,10.812,-0.8,-0.08,0.61,-179.56,5.94,-2.38,0.27,0.03,-0.13,-8.69,-3.0,1.56,1123.67,1720.0,0.0
1776795325523620034,85827,9.332,62.3,10.816,-0.9,-0.14,0.41,-179.63,6.13,-1.69,0.18,-0.02,-0.08,-4.94,-0.12,1.56,1078.22,453.0,0.0
1776795325626048249,85927,10.196,81.1,10.82,-1.0,0.12,0.63,-179.88,6.13,-1.44,0.09,0.08,0.26,-0.44,1.94,1.25,1054.9,1530.0,0.0
1776795325724330494,86027,9.152,99.5,10.812,-1.1,0.12,0.82,179.81,6.0,-1.37,-0.34,0.11,-0.01,0.25,0.31,3.44,1055.24,1530.0,0.0
1776795325826744283,86127,10.78,85.3,10.6,-0.8,0.12,1.11,179.56,5.94,-1.25,-0.24,-0.1,0.0,-2.13,-0.31,3.13,1000.7,1598.0,0.0
1776795325925053196,86226,9.14,70.8,10.804,-0.6,0.04,1.31,179.5,6.0,-1.0,-0.01,-0.23,0.39,-1.88,0.06,1.0,1004.82,1386.0,0.0
1776795326027451624,86327,10.792,56.8,9.492,0.3,-0.08,0.7,179.5,6.0,-0.81,-0.19,0.01,-0.04,-1.12,-0.25,0.5,1117.32,1386.0,0.0
1776795326125761801,86427,9.888,55.9,10.796,-1.3,0.18,0.53,179.63,5.94,-0.75,-0.27,0.07,0.11,-1.19,1.88,-1.56,1083.37,1277.0,0.0
1776795326224068163,86526,10.768,38.0,9.496,-0.2,-0.02,0.98,179.69,5.75,-0.63,-0.01,0.0,-0.02,-2.75,0.37,0.25,1022.14,1303.0,0.0
1776795326326428563,86627,9.152,44.0,9.828,-0.4,0.14,1.0,179.63,5.63,-0.31,-0.14,0.02,-0.08,-2.38,-1.63,1.31,1003.1,1303.0,0.0
1776795326424739851,86726,9.304,98.1,10.808,-0.3,-0.1,0.88,179.5,5.75,-0.19,0.18,-0.07,-0.1,-0.06,-0.94,0.94,1019.22,1138.0,0.0
1776795326523056231,86825,9.132,109.1,9.632,-0.2,-0.02,1.15,179.44,5.81,-0.31,0.01,0.04,-0.08,1.37,0.44,-0.94,997.27,1887.0,0.0
1776795326625488579,86926,10.776,38.2,9.456,0.2,0.08,1.04,179.63,5.75,-0.31,0.04,0.26,-0.26,-1.94,-2.25,-2.81,1004.48,1887.0,0.0
1776795326723762587,87026,9.132,55.0,9.664,-0.1,-0.04,0.1,179.75,5.81,-0.12,-0.16,0.09,-0.06,-2.63,-0.06,0.75,1023.0,1521.0,0.0
1776795326826178304,87127,9.144,71.3,9.728,-1.2,0.04,0.61,179.69,5.81,0.0,-0.06,0.03,-0.09,-1.31,0.88,1.25,996.59,1521.0,0.0
1776795326928582799,87228,10.692,53.9,9.508,0.4,0.14,0.9,179.75,5.75,0.0,-0.01,0.01,-0.16,-0.19,0.56,-2.44,1008.59,1628.0,0.0
1776795327026878782,87328,10.44,53.1,10.808,-0.6,0.08,0.47,-179.75,5.69,0.0,0.0,-0.02,0.1,0.06,0.25,-6.13,1006.36,2504.0,0.0
1776795327129300410,87429,9.252,105.0,10.788,-0.5,-0.08,0.92,-179.06,5.75,0.0,-0.02,0.03,0.0,-2.75,-1.81,-8.0,986.13,2504.0,0.0
1776795327227535532,87530,10.768,77.8,10.804,-0.2,0.0,1.37,-178.31,5.88,0.31,0.16,0.17,-0.04,-5.0,-0.5,-7.06,981.67,674.0,0.0
1776795327330003403,87630,9.344,64.5,10.8,-0.7,0.0,0.51,-177.63,5.81,0.69,-0.09,-0.12,-0.01,-4.69,1.75,-6.25,1005.85,840.0,0.0
1776795327438317031,87731,10.776,61.9,10.812,-1.1,0.06,0.35,-176.75,5.81,1.0,-0.24,0.12,-0.12,-3.13,-2.31,-11.88,1012.88,840.0,0.0
1776795327530698266,87831,9.308,58.6,10.808,-1.5,0.1,0.61,-175.38,6.06,1.19,0.0,0.21,0.0,-5.38,-2.31,-15.94,1010.14,2310.0,0.0
1776795327633106948,87931,9.092,61.6,10.796,-0.9,0.02,0.51,-173.88,6.13,1.63,0.27,0.05,-0.06,-7.13,3.44,-14.13,1004.13,2112.0,0.0
1776795327731397703,88032,9.14,69.4,10.792,-1.6,0.06,1.02,-172.56,5.69,2.06,-0.05,-0.27,0.36,-3.94,4.0,-13.31,1041.18,2112.0,0.0
1776795327829702236,88132,10.76,115.3,9.804,0.5,-0.06,0.72,-171.13,5.88,2.13,-0.09,0.08,0.06,-1.37,-4.81,-15.63,963.14,724.0,0.0
1776795327932117678,88231,9.244,111.7,10.804,-0.2,0.0,0.7,-169.56,6.38,2.19,0.03,-0.07,-0.01,-2.25,-2.31,-15.13,968.46,724.0,0.0
1776795328030413350,88331,10.772,59.1,9.596,-0.3,0.08,0.76,-168.25,6.44,2.25,-0.15,-0.1,0.15,-2.0,1.75,-12.69,961.26,1477.0,0.0
1776795328132814499,88431,9.148,71.4,10.816,-0.2,-0.08,0.43,-167.06,6.25,2.31,-0.42,0.11,-0.16,-0.63,0.56,-11.69,1005.33,1433.0,0.0
1776795328231147778,88531,9.412,112.2,10.796,-1.3,-0.04,0.84,-166.06,6.13,2.25,-0.43,-0.11,0.0,-0.06,-2.19,-9.38,11823.04,1955.0,0.0
1776795328329386740,88631,9.044,141.0,9.592,-0.2,0.04,1.37,-165.5,6.25,2.19,-0.38,-0.18,0.04,1.94,-1.5,-2.69,11813.61,1955.0,0.0
1776795328431796074,88731,9.112,73.9,10.8,-0.5,-0.02,0.53,-165.56,6.13,2.0,-0.51,0.04,0.06,1.88,1.56,3.69,1011.16,1154.0,0.0
1776795328534191982,88832,9.296,85.0,10.816,-0.4,-0.1,0.82,-166.06,6.0,1.94,-0.2,0.18,-0.16,1.12,-3.88,5.81,1086.45,1154.0,0.0
1776795328634453562,88933,9.088,64.4,10.804,-0.6,0.1,0.8,-166.75,6.25,1.81,-0.28,0.24,-0.19,2.13,-2.25,9.19,11814.46,1421.0,0.0
1776795328740887672,89033,9.232,126.2,10.792,-0.6,0.02,0.78,-168.13,6.44,1.63,-0.15,0.11,-0.52,3.56,-3.0,14.75,990.58,344.0,0.0
1776795328835136008,89133,10.776,100.2,10.792,-0.4,0.1,0.76,-169.63,6.63,1.5,-0.46,0.23,-0.14,4.56,-1.5,19.81,11827.67,1503.0,0.0
1776795328931510300,89233,9.4,55.6,10.796,-1.2,-0.06,0.82,-171.94,6.31,1.12,-0.24,-0.26,0.08,8.5,5.31,27.37,1000.36,1503.0,0.0
1776795329033943293,89333,9.092,69.3,10.82,-0.4,0.1,0.63,-174.88,5.69,0.56,-0.49,0.05,-0.03,9.19,3.81,32.88,1027.63,1503.0,0.0
1776795329132222927,89433,9.264,69.3,9.432,0.6,-0.1,0.33,-178.25,5.44,0.12,-0.22,-0.11,-0.03,7.31,-2.0,35.06,984.41,765.0,0.0
1776795329234656693,89534,10.796,61.2,10.792,-0.1,-0.12,0.43,178.38,5.56,-0.06,0.18,-0.02,0.0,4.13,0.12,33.06,992.13,991.0,0.0
1776795329332944699,89634,10.76,58.2,9.764,-0.2,0.1,0.74,175.44,5.44,0.0,0.34,0.17,-0.36,-0.06,2.56,26.81,1065.19,991.0,0.0
1776795329435294720,89734,9.68,62.3,10.824,-0.6,-0.06,0.88,173.31,5.5,0.31,0.52,-0.05,-0.12,-1.19,2.13,18.81,961.94,2469.0,0.0
1776795329533614782,89835,9.12,47.8,10.82,-1.3,0.08,0.31,171.94,5.81,0.63,0.26,-0.1,-0.2,-1.25,1.19,9.38,975.83,2386.0,0.0
1776795329636055233,89934,9.244,47.1,10.812,-1.2,0.04,0.9,171.44,6.0,0.88,0.38,-0.08,-0.16,-2.19,0.5,2.69,1014.59,2386.0,0.0
1776795329734348017,90034,9.292,26.3,10.82,-0.7,-0.12,0.66,171.44,6.06,1.31,0.1,-0.01,0.08,-5.94,-0.5,-1.56,1036.72,1983.0,0.0
1776795329832630300,90134,10.788,35.9,10.804,-0.7,-0.08,0.57,171.94,6.25,1.94,0.03,0.0,-0.13,-5.81,-2.25,-7.38,984.92,2437.0,0.0
1776795329935052621,90233,10.84,34.3,10.816,-0.6,0.04,0.61,172.75,6.25,2.25,-0.2,-0.08,0.03,-2.94,1.37,-8.19,970.52,2437.0,0.0
1776795330035269361,90333,10.796,33.3,9.584,-0.2,0.04,0.64,173.63,6.19,2.38,0.12,-0.06,-0.05,-1.12,1.25,-9.56,11873.8,781.0,0.0
1776795330135768702,90433,9.064,95.6,10.788,-1.6,0.0,1.11,174.56,6.06,2.31,-0.02,-0.07,0.1,-0.19,1.56,-8.88,961.6,781.0,0.0
1776795330234084788,90533,9.072,93.7,10.128,-0.7,0.08,1.25,175.38,5.94,2.31,-0.16,0.04,-0.13,-2.19,1.5,-8.06,943.08,1544.0,0.0
1776795330336470075,90633,10.816,68.8,10.816,-1.0,-0.04,0.86,176.19,5.94,2.5,-0.11,-0.26,-0.17,-3.0,1.19,-10.69,951.14,1115.0,0.0
1776795330434732419,90734,10.8,49.2,10.512,-0.8,0.1,0.1,177.63,5.94,2.63,0.02,-0.02,-0.36,-1.06,2.56,-16.25,992.13,1115.0,0.0
1776795330537169745,90834,9.848,74.2,10.804,-0.5,-0.06,0.45,179.38,5.75,2.63,0.24,-0.02,-0.17,-1.88,1.31,-19.12,955.26,1619.0,0.0
1776795330635485054,90934,10.58,73.9,10.8,-0.5,0.25,0.94,-178.69,5.81,2.75,0.16,0.01,0.04,-5.81,1.5,-26.25,957.31,776.0,0.0
1776795330733782102,91033,10.84,76.8,10.804,-1.2,-0.08,1.05,-175.56,5.81,3.19,0.3,-0.04,0.02,-10.44,1.75,-39.25,1000.53,776.0,0.0
1776795330836182723,91133,10.328,101.9,9.424,-0.3,0.04,0.94,-170.94,6.13,3.88,0.58,-0.06,0.0,-12.94,1.63,-55.13,969.49,2215.0,0.0
1776795330934536997,91234,9.248,111.3,9.452,0.3,0.16,0.59,-165.06,6.38,4.44,0.21,0.13,-0.14,-11.5,3.44,-62.88,932.1,1255.0,0.0
1776795331032788812,91333,9.14,96.5,9.424,-0.3,0.02,1.31,-158.81,6.38,4.69,0.02,-0.24,0.9,-8.44,7.19,-63.94,943.08,1255.0,0.0
1776795331135181827,91432,10.772,122.6,9.768,-0.2,0.1,0.51,-152.44,6.31,4.5,0.22,-0.31,0.33,-2.75,4.0,-66.19,986.47,1844.0,0.0
1776795331233490346,91532,10.752,89.7,9.448,0.1,-0.02,0.29,-145.69,6.63,3.88,0.18,0.02,-0.16,-0.06,-1.12,-70.12,948.22,1844.0,0.0
1776795331335843766,91632,9.192,182.0,9.392,-0.1,0.06,0.9,-140.25,6.5,3.13,-0.75,-0.17,0.31,2.38,7.44,-42.81,953.37,1416.0,0.0
1776795331434158785,91732,10.8,107.1,9.396,0.1,0.0,0.31,-136.81,6.25,2.44,-0.72,-0.25,0.27,3.44,1.44,-30.94,965.89,1288.0,0.0
1776795331536650877,91833,10.788,131.1,10.792,-0.8,-0.04,0.74,-134.25,6.44,2.0,-0.45,-0.02,-0.24,-0.31,-4.38,-24.56,1046.49,1288.0,0.0
1776795331634897931,91933,10.732,112.1,9.948,-0.9,-0.1,0.88,-132.56,6.56,1.94,-0.94,-0.08,0.12,-1.75,3.31,-10.63,992.98,1462.0,0.0
1776795331737313742,92034,10.492,76.4,10.796,-0.2,0.04,0.53,-132.63,6.69,2.06,-1.19,-0.12,0.61,-0.31,2.19,9.56,976.01,1757.0,0.0
1776795331835606872,92134,9.02,60.3,10.8,-0.6,0.04,0.9,-135.0,6.88,2.13,-1.79,-0.02,-0.01,5.63,-4.38,36.38,967.77,1757.0,0.0
1776795331933910409,92233,10.784,114.3,9.572,-0.2,-0.12,0.9,-139.94,6.94,1.69,-1.13,-0.63,0.2,15.5,2.0,60.13,970.52,2898.0,0.0
1776795332036309784,92333,10.756,184.8,9.58,-0.2,0.0,0.7,-146.5,5.94,0.75,-0.62,-0.41,0.5,21.62,4.44,71.56,976.35,1478.0,0.0
1776795332134617309,92433,10.804,64.7,10.816,-1.0,-0.06,0.49,-153.63,5.63,-0.31,0.22,0.06,-0.34,14.5,0.37,71.62,1032.43,1478.0,0.0
1776795332237048535,92533,10.784,55.8,9.388,0.5,-0.02,0.37,-159.75,5.38,-0.63,0.38,-0.14,-0.29,7.19,7.06,67.75,990.24,1324.0,0.0
1776795332335269946,92633,9.244,17.0,10.832,-0.6,-0.16,0.2,-166.13,4.94,-0.56,0.69,-0.31,-0.2,5.25,3.94,59.25,982.01,1324.0,0.0
1776795332433578583,92733,10.804,39.5,9.612,0.0,0.16,0.31,-171.38,5.13,-0.44,0.39,-0.1,-0.32,5.69,0.12,48.44,986.98,1768.0,0.0
1776795332536024290,92832,10.808,36.4,9.38,-0.4,0.02,0.92,-175.81,5.69,-0.44,0.48,0.02,-0.02,1.75,-2.13,41.75,1092.97,1357.0,0.0
1776795332634329112,92932,9.22,36.8,10.204,-1.0,0.0,0.53,-179.56,6.06,-0.06,-0.08,0.03,-0.15,-1.12,-1.37,35.81,1002.07,1357.0,0.0
1776795332736738373,93033,9.22,25.0,10.82,-1.4,0.1,1.02,177.13,6.25,0.37,0.12,-0.05,-0.27,-1.12,-1.94,31.62,1053.35,1623.0,0.0
1776795332835035602,93133,9.256,29.7,10.816,-0.2,0.06,0.78,174.19,6.44,0.69,-0.24,0.14,0.05,1.31,-2.69,29.94,1073.25,1181.0,0.0
1776795332937431030,93234,9.044,24.4,10.812,0.0,-0.02,0.8,171.38,6.56,0.94,-0.01,0.03,-0.15,-0.44,-5.44,28.37,1048.21,1181.0,0.0
1776795333035731823,93334,10.812,13.8,9.576,-1.0,-0.06,0.49,168.5,6.63,1.25,-0.21,-0.01,-0.21,0.81,1.25,31.37,990.41,2109.0,0.0
1776795333138142035,93433,10.644,21.1,10.828,-1.1,-0.02,0.57,165.19,6.25,1.37,-0.16,-0.21,0.15,5.31,0.56,37.0,992.13,2164.0,0.0
1776795333236408585,93534,9.24,16.3,9.416,0.0,0.04,0.18,161.56,6.06,1.12,0.08,-0.26,0.0,8.88,-1.06,35.06,994.19,2164.0,0.0
1776795333334664394,93634,9.104,19.1,10.828,-0.5,-0.04,0.47,157.75,6.31,0.56,-0.63,-0.02,0.3,10.25,-1.63,45.31,1028.66,1465.0,0.0
1776795333437133145,93734,9.088,18.4,10.836,-1.6,0.04,0.7,152.94,6.38,0.37,-0.29,0.24,-0.49,5.0,-1.06,54.13,1017.34,1708.0,0.0
1776795333539552599,93835,9.084,19.2,10.836,-0.9,-0.02,0.64,147.63,6.13,0.44,-0.67,-0.1,0.16,6.44,4.13,53.56,989.04,1708.0,0.0
1776795333637856298,93935,9.044,15.1,10.828,-0.7,0.0,0.68,143.19,6.25,0.25,-0.43,0.17,-0.33,6.38,-6.13,37.63,992.98,1839.0,0.0
1776795333736153831,94034,9.1,19.4,10.836,-1.0,0.14,0.61,140.0,6.81,0.0,0.0,-0.43,0.18,9.75,-4.06,31.56,1009.11,1839.0,0.0
1776795333838565784,94134,9.228,14.7,10.824,-0.9,0.08,0.35,137.06,7.0,-0.5,-0.05,0.23,-0.03,4.5,-1.12,27.25,1006.53,1796.0,0.0
1776795333936857890,94234,9.264,15.5,10.836,-0.5,0.1,0.51,134.5,6.75,-0.31,-0.43,0.23,-0.04,-1.44,2.56,26.69,1017.51,535.0,0.0
1776795334039254110,94334,10.812,17.0,10.832,-0.5,0.02,0.7,131.88,6.56,0.06,-0.25,0.09,-0.16,-0.56,1.88,25.69,1038.6,535.0,0.0
1776795334137564354,94435,9.1,17.0,10.828,-0.9,0.06,0.23,129.63,6.5,0.12,0.07,0.16,-0.07,2.25,-1.56,20.12,1009.79,1640.0,0.0
1776795334235802041,94535,9.112,14.9,10.824,-0.5,0.02,0.29,128.19,6.44,0.19,0.1,0.4,-0.26,-1.0,2.63,11.44,1028.66,1727.0,0.0
1776795334338236316,94635,9.096,18.3,10.824,-0.6,0.06,0.55,127.12,6.31,0.44,0.0,-0.05,0.14,-1.94,3.81,13.44,1012.54,1727.0,0.0
1776795334440644145,94736,9.064,19.7,10.828,-0.8,0.06,0.21,125.75,6.06,0.69,-0.02,0.07,-0.1,0.12,-1.56,14.88,1034.83,554.0,0.0
1776795334538974224,94835,9.032,17.9,10.828,-1.0,0.23,0.59,124.56,6.06,0.69,-0.1,0.07,-0.04,2.25,0.69,10.06,992.64,554.0,0.0
1776795334637279561,94935,9.068,24.6,9.568,-0.1,-0.08,0.7,123.75,5.88,0.5,-0.05,0.03,-0.07,2.44,2.56,7.94,988.53,1267.0,0.0
1776795334739671705,95035,9.288,27.2,10.824,-0.8,-0.06,0.59,123.06,5.63,0.37,-0.17,0.21,-0.09,0.44,1.69,6.56,1003.45,1093.0,0.0
1776795334837988228,95135,9.288,15.0,10.828,-0.8,-0.04,0.43,122.56,5.38,0.5,-0.15,-0.07,0.01,-2.56,1.63,2.13,1068.79,1093.0,0.0
1776795334940397484,95235,9.288,24.7,10.828,-0.3,-0.02,0.88,122.5,5.25,0.75,-0.16,0.01,-0.1,-2.31,0.06,0.25,996.41,1003.0,0.0
1776795335038686532,95335,9.256,26.9,9.896,-0.7,0.08,0.61,122.5,5.19,0.94,-0.15,0.03,-0.15,-1.88,0.81,0.0,990.41,1179.0,0.0
1776795335136943264,95435,9.224,20.5,10.828,-0.2,0.08,1.09,122.62,5.0,1.12,-0.39,0.2,0.17,-1.75,1.0,-1.88,997.62,1179.0,0.0
1776795335239373306,95536,9.24,18.5,10.824,-1.2,-0.04,1.17,122.94,5.06,1.25,-0.06,-0.18,0.02,-1.56,-1.81,-2.5,1016.82,2103.0,0.0
1776795335341767753,95637,9.296,29.4,10.82,-1.5,0.0,0.88,123.25,5.0,1.31,-0.05,0.34,-0.06,-1.56,3.19,-4.69,1001.9,1068.0,0.0
1776795335441990524,95737,9.076,32.8,10.028,-0.1,0.06,0.64,124.37,4.75,1.37,0.34,-0.09,0.1,-2.81,2.0,-18.5,11942.06,1284.0,0.0
1776795335542493862,95838,10.8,21.4,9.628,0.5,-0.04,1.07,126.81,4.69,1.37,0.13,0.14,0.1,-1.44,3.56,-29.56,1031.06,1284.0,0.0
1776795335640764632,95939,9.096,27.5,10.828,0.1,0.06,0.9,130.06,4.5,1.25,0.14,0.09,-0.14,-2.88,6.06,-35.38,1062.1,291.0,0.0
1776795335743186062,96038,9.048,23.4,10.832,-0.8,-0.04,0.88,133.88,4.06,1.19,-0.01,-0.08,-0.06,-1.19,5.31,-43.19,976.35,291.0,0.0
1776795335841495907,96139,9.048,12.7,10.836,-1.5,-0.04,0.49,138.56,3.94,1.0,0.09,0.06,-0.32,-2.25,2.0,-53.31,1000.87,880.0,0.0
1776795335951744046,96238,9.096,18.9,10.836,-0.7,0.16,0.72,144.06,3.88,1.0,-0.02,-0.14,-0.17,-3.88,2.75,-58.56,11932.11,100.0,0.0
1776795336042214227,96338,10.796,16.6,9.62,-0.6,-0.04,0.41,149.81,3.69,1.06,-0.22,-0.16,-0.1,-4.88,4.25,-59.94,976.52,100.0,0.0
1776795336140496432,96438,9.228,27.4,10.82,-1.3,-0.14,0.37,155.56,3.5,1.19,-0.22,-0.11,0.13,-3.56,2.06,-58.19,1046.15,957.0,0.0
1776795336238783989,96537,10.788,47.0,10.816,-0.4,0.04,-0.72,161.25,3.38,1.19,-0.32,-0.09,-0.33,-1.56,-0.5,-57.31,979.95,957.0,0.0
1776795336341177277,96636,10.152,61.6,10.828,-0.3,-0.1,0.57,166.13,3.44,1.0,-0.36,-0.26,0.29,-2.0,6.19,-53.75,978.06,567.0,0.0
1776795336439489057,96736,9.196,53.1,9.408,0.1,-0.1,0.84,171.25,3.19,0.94,-0.16,-0.2,0.15,-1.63,0.75,-50.69,981.67,1015.0,0.0
1776795336537742002,96835,9.048,48.7,10.816,-0.8,0.02,0.9,176.0,3.13,0.94,-0.1,-0.15,-0.24,-3.75,1.31,-49.31,971.38,1015.0,0.0
1776795336640213590,96935,10.764,67.6,9.588,0.2,0.1,0.88,-179.13,3.06,1.0,-0.19,0.04,-0.08,-3.63,2.88,-49.56,1017.34,811.0,0.0
1776795336742597118,97036,10.772,115.1,10.796,-0.8,-0.1,1.48,-174.19,2.75,1.25,0.54,0.18,0.01,-8.06,2.19,-51.88,1036.2,811.0,0.0
1776795336840916603,97136,9.028,81.9,10.808,0.5,0.02,0.94,-169.31,2.5,1.94,-0.28,0.12,-0.02,-10.25,4.81,-49.44,1027.11,1086.0,0.0
1776795336939173862,97236,10.792,95.8,9.56,-0.6,0.0,1.05,-164.75,2.5,2.56,0.35,-0.06,0.4,-6.13,2.13,-43.69,1028.14,1572.0,0.0
1776795337041612290,97337,9.04,75.8,10.768,-0.4,-0.04,0.66,-160.81,2.63,2.69,0.21,0.12,0.12,-1.0,2.25,-38.94,1004.65,1572.0,0.0
1776795337139937913,97436,9.652,122.2,10.792,-1.0,0.06,1.02,-156.88,2.81,2.63,0.21,0.09,-0.03,-3.31,-1.56,-40.81,1045.64,882.0,0.0
1776795337242459640,97537,9.212,135.9,9.384,-0.8,0.16,0.98,-152.94,3.13,2.81,-0.17,0.13,-0.2,-5.44,-0.75,-42.38,1044.43,693.0,0.0
1776795337344696708,97638,10.776,63.5,9.372,-0.3,-0.02,0.57,-148.69,3.44,3.25,-0.09,0.32,-0.73,-8.38,-3.0,-45.88,945.31,693.0,0.0
1776795337443068556,97738,9.98,137.3,9.536,-0.3,-0.02,0.88,-144.06,3.69,3.63,-0.19,-0.13,0.15,-5.06,3.38,-49.19,1045.81,1380.0,0.0
1776795337545435258,97839,10.228,133.2,10.796,-0.8,-0.04,0.88,-139.38,3.69,3.63,-0.05,0.07,-0.13,-1.56,3.19,-46.44,964.52,1210.0,0.83
1776795337643734825,97940,10.728,157.7,9.524,0.1,0.1,1.17,-134.94,3.63,3.63,-0.49,0.0,0.6,-4.69,6.94,-46.63,962.8,1210.0,0.0
1776795337746131918,98039,10.776,145.2,9.836,-0.7,0.08,0.63,-130.44,3.69,3.88,-0.39,-0.07,0.01,-4.25,0.31,-45.31,996.76,1045.0,0.0
1776795337844436429,98140,10.732,74.5,10.804,-0.3,0.04,0.64,-126.12,3.94,4.0,-0.25,0.25,0.06,-5.69,-0.19,-43.75,986.81,1260.0,0.0
1776795337946830800,98241,9.972,150.8,10.776,-0.7,0.08,0.96,-122.31,3.94,4.38,-1.09,0.07,0.02,-7.06,2.44,-36.38,1069.82,1260.0,0.0
1776795338045121892,98341,9.168,90.9,10.808,-0.7,-0.04,0.96,-119.37,4.13,4.81,-0.92,0.27,-0.13,-6.19,1.12,-23.62,991.61,1063.0,0.0
1776795338147514660,98441,10.76,96.1,10.796,-1.0,-0.08,0.25,-118.25,4.19,5.06,-0.78,-0.02,0.39,-1.44,-0.5,-8.69,1017.17,1063.0,0.0
1776795338245832737,98542,8.964,126.5,10.804,-1.2,-0.08,0.47,-117.5,4.0,5.0,-0.48,0.46,-0.06,-0.44,-0.44,-7.19,958.34,3135.0,0.0
1776795338348214115,98642,10.752,177.7,9.336,0.1,-0.04,0.7,-116.94,3.69,4.88,-0.54,0.11,-0.34,-2.5,-0.25,-1.63,964.86,1896.0,0.0
1776795338446514043,98742,10.772,142.6,9.548,-0.2,-0.04,0.35,-117.0,3.63,5.06,-0.27,0.14,0.0,-1.19,1.81,4.5,950.62,1896.0,0.0
1776795338548956294,98842,8.928,100.0,10.812,-1.0,0.02,0.8,-117.25,3.56,5.0,0.19,0.25,-0.02,-1.06,-0.75,3.94,1050.95,2250.0,0.0
1776795338647228777,98942,10.744,127.8,10.796,-0.9,0.04,1.07,-117.62,3.56,5.13,-0.17,0.42,-0.1,-1.19,-0.56,2.13,1018.37,1373.0,0.0
1776795338749646101,99042,8.892,129.0,10.78,-0.4,0.04,1.05,-117.94,3.88,5.25,0.06,0.18,-0.08,-1.37,-5.0,3.81,935.36,1373.0,0.0
1776795338849884010,99142,8.94,106.9,10.816,-0.6,-0.18,0.94,-118.19,4.19,5.31,-0.01,0.23,-0.01,0.19,-4.0,1.12,11766.79,2379.0,0.0
1776795338950350613,99243,10.772,106.8,10.432,-0.1,0.06,0.57,-118.31,4.38,5.19,-0.11,0.48,-0.09,0.25,0.56,1.19,973.09,1905.0,0.0
1776795339048658270,99344,8.908,141.8,9.548,0.1,-0.1,1.05,-118.62,4.5,5.19,-0.04,0.03,-0.14,-2.19,-4.56,2.81,955.6,1905.0,0.0
1776795339146912892,99443,10.768,96.7,10.796,0.0,0.02,0.78,-119.06,4.81,5.38,0.25,0.58,-0.02,-2.0,-5.38,5.38,925.07,985.0,0.0
1776795339249335243,99543,10.792,108.0,9.524,0.0,-0.1,0.55,-119.62,5.13,5.5,-0.12,0.39,-0.15,-1.75,-3.38,7.63,943.59,985.0,0.0
1776795339347640145,99643,10.756,126.3,9.38,-0.2,0.06,0.88,-120.5,5.19,5.56,0.26,0.05,-0.21,-0.31,-0.44,10.44,937.93,1268.0,0.0
1776795339445902915,99742,10.732,144.1,10.784,-0.2,-0.06,1.33,-121.62,5.38,5.63,-0.16,-0.35,0.88,1.56,0.12,10.31,919.93,1017.0,0.0
1776795339548355694,99842,9.168,96.9,9.336,-0.7,-0.04,0.88,-122.37,5.81,5.56,-0.19,0.26,0.36,-0.19,-2.38,6.25,888.03,1017.0,0.0
1776795339650757601,99943,9.168,117.2,9.372,0.0,0.02,0.96,-122.81,5.88,5.88,0.2,0.25,-0.17,-4.44,2.69,3.69,875.51,1218.0,0.0
1776795339749131746,100043,10.744,96.0,9.556,-0.2,0.0,0.74,-123.06,5.56,6.44,-0.33,-0.6,-0.04,-7.5,3.94,2.06,163.61,1537.0,0.0
1776795339849274179,100143,10.76,125.9,10.788,-0.8,-0.06,0.61,-122.87,5.5,6.56,-0.42,-0.03,-0.17,2.25,-0.56,-2.44,11758.38,1425.0,0.0
1776795339957740220,100243,10.776,93.4,9.528,0.0,-0.08,0.88,-122.87,5.63,5.94,0.37,0.16,0.07,7.94,-0.56,2.31,11760.44,1425.0,0.0
1776795340048028698,100343,9.12,118.7,10.792,-0.8,-0.02,0.88,-123.62,5.44,5.25,-0.52,0.98,0.18,5.25,2.31,12.13,911.87,1019.0,0.0
1776795340158423670,100444,10.736,152.8,9.528,-0.2,-0.12,1.43,-125.37,5.75,5.25,-0.38,0.36,-0.73,-0.06,-10.88,18.56,11762.5,2440.0,0.0
1776795340252849864,100544,8.944,73.2,9.608,-0.2,0.06,0.86,-127.06,6.13,5.88,-0.07,-0.18,-0.51,-6.06,-8.44,16.69,11760.78,2440.0,0.0
1776795340351191685,100644,10.776,128.6,9.848,-0.1,0.04,0.68,-128.81,6.13,6.44,0.18,-0.15,0.18,-3.63,-0.56,19.19,879.79,1446.0,0.0
1776795340451372611,100744,10.728,98.8,10.8,-0.8,-0.06,0.68,-130.63,6.0,7.0,-0.02,0.06,0.09,-3.25,-0.25,17.87,11765.93,1437.0,0.0
1776795340559901625,100844,8.924,141.1,9.512,-0.9,0.06,1.23,-132.13,5.44,7.38,0.13,0.2,-0.89,-2.56,7.13,14.25,11759.93,1437.0,0.0
1776795340650190591,100943,9.88,62.1,10.796,-0.7,-0.02,1.05,-133.31,4.5,7.69,-0.12,0.39,-0.74,-0.63,9.38,11.31,884.77,1437.0,0.0
1776795340748481354,101043,10.756,133.0,9.416,0.2,0.02,0.94,-134.75,3.88,7.69,-0.15,0.11,-0.42,0.69,2.31,20.25,807.08,1477.0,0.0
1776795340850887659,101143,10.724,143.9,10.764,-0.3,-0.02,1.02,-136.69,3.69,7.69,0.66,0.17,-0.66,2.13,-3.94,21.87,798.33,1074.0,0.0
1776795340949211609,101243,9.316,88.4,9.58,0.0,0.08,0.9,-138.63,3.5,7.69,0.65,-0.27,1.0,-0.37,-2.0,16.25,770.89,1074.0,0.0
1776795341051618346,101343,10.78,93.6,10.388,-1.0,0.0,0.68,-139.81,3.44,8.0,-0.27,0.21,0.56,-4.38,0.19,6.69,795.59,767.0,0.0
1776795341149912898,101443,10.776,25.3,10.82,-1.1,0.06,-1.37,-139.88,3.81,8.63,-0.06,0.12,0.62,-7.31,-9.0,-2.81,803.48,1799.0,0.0
1776795341252294675,101543,9.428,642.5,9.508,2.9,0.12,-1.5,-139.19,4.94,9.25,-0.1,-0.09,-0.21,-7.19,-17.69,-10.38,756.49,1799.0,0.0
1776795341350587134,101644,10.376,790.9,10.612,-1.6,-0.18,3.83,-138.25,5.38,9.31,-0.07,-0.77,-0.22,3.19,10.06,-6.19,763.86,730.0,0.0
1776795341453044229,101744,9.06,194.7,9.568,-0.2,0.0,1.09,-137.56,4.56,8.5,-0.19,-0.38,0.45,8.94,6.25,-6.13,741.39,730.0,0.0
1776795341551346263,101844,9.372,61.8,9.98,-1.1,-0.08,0.9,-137.0,4.5,7.63,-0.5,0.15,-0.16,5.88,-0.63,-5.56,796.62,1003.0,0.0
1776795341653732170,101945,9.26,104.5,9.512,-0.9,-0.08,0.37,-136.38,4.69,7.31,0.44,0.18,-0.18,-0.25,-2.81,-7.31,799.36,929.0,0.0
1776795341752039148,102044,9.212,156.2,10.8,-1.1,0.0,0.88,-135.88,4.5,7.25,-0.26,0.15,-0.01,-0.81,6.13,-2.88,764.72,929.0,0.0
1776795341850314755,102144,9.244,122.6,10.784,0.2,0.08,0.76,-135.69,4.06,7.19,-0.1,-0.02,0.11,0.19,3.81,-0.63,785.98,914.0,0.0
1776795341958655604,102244,9.256,74.0,10.8,-1.1,-0.1,0.82,-135.69,4.13,7.13,-0.25,-0.21,-0.22,0.88,-4.63,1.25,792.16,738.0,0.0
1776795342051047185,102343,9.068,115.0,10.796,-1.1,-0.06,0.72,-135.69,4.31,6.94,0.0,0.14,0.0,3.81,0.31,-1.56,788.56,738.0,0.0
1776795342153417768,102444,9.236,125.8,9.524,0.2,-0.02,0.92,-135.56,4.19,6.44,-0.23,-0.04,0.3,4.88,1.19,-1.94,771.92,1099.0,0.0
1776795342251758444,102545,10.76,82.9,9.528,0.3,-0.14,0.8,-135.56,4.38,5.94,-0.14,0.28,-0.14,4.5,-0.69,1.63,811.2,958.0,0.0
1776795342354152269,102645,9.076,115.9,10.192,-0.2,0.08,0.82,-135.81,4.31,5.56,-0.12,0.09,-0.38,3.94,-0.69,4.06,776.72,958.0,0.0
1776795342452408775,102745,10.796,91.8,10.76,0.3,-0.04,1.33,-136.13,4.19,5.31,-0.15,0.14,0.0,3.31,0.88,1.69,770.89,1202.0,0.0
1776795342554825841,102845,10.732,81.6,9.544,0.6,0.04,0.57,-136.25,4.25,4.75,-0.26,0.18,0.4,7.13,-1.19,1.12,781.7,839.0,0.0
1776795342653131664,102945,9.112,165.0,10.792,-0.7,0.08,0.66,-136.38,4.31,4.0,-0.23,0.26,0.08,7.81,0.88,2.38,858.53,839.0,0.0
1776795342753372910,103045,10.768,77.6,10.8,-1.1,-0.1,0.61,-136.69,4.38,3.19,-0.04,-0.05,0.24,8.63,-0.94,3.63,11760.61,1274.0,0.0
1776795342853833997,103145,9.192,168.0,9.76,0.7,-0.06,1.11,-137.0,4.5,2.06,-0.48,-0.09,0.07,15.75,-2.94,1.06,908.78,1274.0,0.0
1776795342952159969,103244,10.76,93.9,9.608,-0.3,0.06,0.25,-137.31,4.94,0.63,0.13,0.48,0.38,17.19,-7.13,3.19,835.55,1044.0,0.0
1776795343050423668,103344,9.1,163.9,10.8,-1.1,0.14,0.55,-137.88,5.44,-0.88,0.59,0.41,0.05,15.38,-2.38,6.63,858.7,1188.0,0.0
1776795343152862468,103444,9.104,143.4,10.8,-0.7,0.0,1.0,-138.88,5.38,-2.13,0.01,-0.59,0.29,14.5,3.5,11.06,896.26,1188.0,0.0
1776795343251181895,103544,9.056,139.3,10.788,-0.5,0.06,0.8,-139.94,5.19,-3.88,-0.4,0.33,-0.09,24.87,0.88,9.63,896.95,1429.0,0.0
1776795343353524562,103644,9.036,101.2,10.804,-0.5,-0.04,0.76,-141.06,5.56,-6.5,-0.18,0.38,-0.24,28.75,-7.19,11.25,923.18,1147.0,0.0
1776795343451853879,103744,9.22,91.0,10.804,-0.7,0.08,0.53,-142.31,6.38,-9.0,-0.45,-0.39,-0.49,25.12,-7.13,13.88,979.78,1147.0,0.0
1776795343554274197,103844,9.208,153.2,10.788,-0.9,0.02,1.05,-143.75,7.19,-10.94,-0.21,-0.09,-0.33,19.44,-4.13,12.56,962.63,975.0,0.0
1776795343654555104,103945,9.24,126.5,10.784,-1.0,-0.06,1.07,-144.5,7.06,-12.38,-0.26,0.21,0.96,15.69,12.13,6.19,11759.75,2048.0,0.0
1776795343754972515,104045,9.248,93.8,10.796,-1.0,0.0,0.63,-145.5,7.44,-13.13,0.0,-0.04,-0.1,8.94,-2.56,11.63,1056.44,2048.0,0.0
1776795343853286924,104145,10.652,164.2,10.084,-0.9,-0.1,0.86,-146.75,7.88,-13.88,-0.21,0.05,-0.9,6.69,-8.06,15.25,1008.42,1308.0,0.0
1776795343955694038,104245,9.04,117.1,10.776,-1.2,0.14,0.76,-148.13,8.31,-14.5,0.3,1.86,-0.11,10.44,1.94,5.25,1007.22,1308.0,0.0
1776795344053992637,104346,9.236,53.1,9.392,0.3,0.08,0.94,-149.13,8.5,-15.69,-0.3,0.31,0.18,13.69,1.88,5.69,1056.95,2165.0,0.0
1776795344162330735,104445,10.78,95.7,9.412,-0.1,-0.06,0.45,-148.94,8.63,-16.44,0.02,0.07,-0.02,3.69,-3.31,-6.38,1010.65,885.0,0.0
1776795344254701664,104546,10.772,169.6,10.788,-1.2,-0.02,0.82,-148.13,8.75,-17.06,-0.28,0.21,-0.15,6.06,-7.19,-10.88,1056.27,885.0,0.0
1776795344352991659,104645,10.748,189.4,10.784,-0.5,-0.06,0.76,-146.75,9.69,-17.62,0.02,-0.18,-0.67,2.88,-12.0,-14.25,1224.68,2268.0,0.0
1776795344463250974,104745,10.648,94.6,9.396,0.3,-0.02,0.47,-145.0,10.0,-18.31,0.32,-0.1,-0.11,4.0,2.44,-18.44,11759.58,1246.0,0.0
1776795344553694685,104845,9.02,119.0,10.788,-0.9,0.0,1.23,-143.5,9.19,-18.75,-0.04,-0.49,0.32,3.0,9.44,-14.13,1088.34,1246.0,0.0
1776795344656093754,104946,9.228,147.0,10.784,-0.9,0.02,1.37,-142.44,8.44,-19.19,-0.12,-0.08,-0.24,1.88,-0.25,-5.19,1083.71,1437.0,0.0
1776795344764432611,105047,10.78,82.3,10.796,-0.7,0.12,0.84,-142.94,8.75,-18.81,-0.62,-0.32,0.67,-6.44,-1.81,15.31,1080.45,2023.0,0.0
1776795344856810096,105147,9.24,101.4,10.8,-0.9,-0.06,0.64,-145.75,10.0,-17.56,-0.67,-0.5,0.27,-6.81,1.75,43.56,1055.75,2023.0,0.0
1776795344955112295,105246,10.74,174.3,10.78,-1.0,-0.18,0.78,-150.69,10.75,-16.25,-0.54,-0.41,-0.35,-0.5,13.81,63.81,1027.29,2487.0,0.0
1776795345055326161,105346,9.18,84.0,9.86,-0.1,-0.1,0.78,-157.88,11.06,-15.13,-0.74,-0.62,0.65,6.31,25.37,79.06,11801.09,3001.0,0.0
1776795345155807283,105446,10.168,35.8,9.436,0.7,0.02,0.0,-166.38,10.63,-14.25,-0.63,-0.82,0.59,8.06,23.5,89.87,1073.08,3001.0,0.0
1776795345254120087,105545,10.84,-68.7,9.568,-0.1,-0.06,-1.04,-175.94,10.63,-13.56,-0.29,-0.89,0.35,13.63,24.81,96.44,1085.59,2136.0,0.0
1776795345362498345,105646,9.248,-5.7,10.836,-1.3,-0.02,-0.02,174.75,10.31,-13.19,0.14,-0.5,-0.23,14.0,23.25,83.75,11920.79,1099.0,0.0
1776795345454788396,105746,9.236,13.8,10.832,-1.0,0.12,0.61,167.13,10.0,-12.94,0.53,-0.45,0.11,12.25,17.37,63.0,993.16,1099.0,0.0
1776795345553173202,105845,9.228,13.1,10.828,-1.1,0.08,0.53,161.44,10.19,-12.88,0.25,-0.16,-0.36,12.0,8.75,47.63,1080.11,1969.0,0.0
1776795345655521781,105945,9.224,14.2,10.82,-1.3,-0.04,0.57,157.19,10.5,-13.06,0.24,-0.05,-0.17,8.94,4.63,37.38,994.19,1969.0,0.0
1776795345753830177,106045,9.1,14.0,10.824,-0.3,0.0,0.55,154.06,11.13,-13.19,0.37,-0.11,0.09,5.19,3.06,26.12,985.78,1540.0,0.0
1776795345854059846,106144,9.036,23.9,10.82,-0.2,-0.04,0.92,152.0,11.38,-13.06,0.15,-0.08,-0.24,2.94,4.31,14.75,11940.17,2189.0,0.0
1776795345954530357,106244,9.212,21.5,10.82,-0.2,0.02,0.64,151.13,11.44,-13.06,0.1,-0.01,-0.13,0.06,-1.31,3.31,1111.83,2189.0,0.0
1776795346052833612,106344,9.264,17.0,10.828,-1.4,-0.02,0.88,151.75,11.88,-12.94,0.24,0.01,-0.23,-5.0,-6.88,-12.25,1069.99,2730.0,0.0
1776795346155279372,106444,10.812,20.9,10.816,-0.4,0.02,0.55,153.75,12.13,-12.69,-0.03,-0.11,-0.11,-7.44,-6.31,-24.19,1037.57,2730.0,0.0
1776795346253630505,106544,9.104,4.1,10.84,-0.8,-0.12,2.11,156.5,12.13,-12.63,-0.25,0.01,-0.18,-6.75,-7.5,-34.88,11934.51,1728.0,0.0
1776795346351764409,106644,9.544,274.7,10.564,-1.0,-0.04,3.63,160.56,11.94,-12.81,0.0,0.27,0.03,-8.13,-5.56,-48.5,1055.24,1807.0,0.0
1776795346454217984,106743,9.272,62.3,10.824,-0.9,-0.16,0.88,166.19,11.25,-13.06,0.24,-0.43,0.02,-9.88,-7.5,-66.12,1045.81,1807.0,0.0
1776795346552547394,106844,9.0,110.9,10.808,-0.4,0.06,1.41,173.81,10.75,-13.31,0.53,-0.48,0.11,-12.63,-15.19,-88.5,1068.27,2391.0,0.0
1776795346656850480,106943,9.252,62.1,10.816,-0.7,-0.02,0.33,-176.69,10.13,-13.75,0.33,-0.97,0.01,-13.19,-18.31,-102.87,11841.22,2144.0,0.0
1776795346753261766,107043,9.024,87.0,9.552,-0.3,-0.12,0.57,-166.0,9.5,-14.25,0.27,-0.75,0.25,-13.63,-19.12,-109.75,1068.62,2144.0,0.0
1776795346855649673,107144,10.756,139.1,10.768,-0.4,0.0,0.68,-155.13,8.5,-14.44,-0.01,-0.92,1.0,-18.31,-23.0,-108.06,987.5,2010.0,0.0
1776795346953955360,107243,9.004,192.4,10.752,-0.9,0.08,1.19,-144.56,8.13,-14.19,-0.83,-0.81,0.03,-18.25,-20.44,-99.87,1020.08,885.0,0.0
1776795347052255442,107343,9.088,180.5,10.796,-1.2,-0.1,0.84,-135.38,7.94,-13.69,-0.81,-0.64,0.44,-17.62,-18.37,-82.19,972.92,885.0,0.0
1776795347154663121,107443,10.768,115.8,10.304,-0.7,0.04,0.92,-129.0,7.94,-13.0,-1.37,-0.7,0.41,-14.19,-11.19,-46.56,1032.09,1270.0,0.0
1776795347252993507,107542,9.056,60.2,9.608,-0.3,0.06,0.63,-125.87,7.38,-12.13,-1.06,-0.34,0.61,-7.69,-6.81,-18.31,994.7,1270.0,0.0
1776795347351213112,107642,9.076,174.7,10.776,-0.9,0.04,0.59,-125.25,6.63,-11.56,-0.86,0.01,0.04,-0.31,0.25,4.69,1084.39,1021.0,0.0
1776795347453628532,107742,10.776,151.8,10.792,-0.7,0.06,0.84,-126.87,6.06,-11.44,-0.95,-0.22,0.49,3.81,6.81,26.5,1017.68,1518.0,0.0
1776795347551971622,107842,9.108,114.8,10.784,-1.1,-0.08,0.33,-131.13,5.75,-11.5,-0.77,-0.53,0.35,9.19,12.69,57.94,1127.78,1518.0,0.0
1776795347660320956,107941,10.304,159.6,10.036,-0.2,-0.06,1.19,-137.94,4.88,-11.56,-0.95,-0.64,0.15,17.12,16.87,93.81,1007.56,873.0,0.0
1776795347754547900,108042,9.116,158.3,10.772,-0.8,-0.1,1.25,-148.5,5.0,-12.63,-0.59,-0.96,0.64,25.06,23.0,119.31,11779.31,1387.0,0.0
1776795347850953996,108142,10.812,-7.3,10.828,-0.3,-0.06,0.25,-161.0,5.19,-14.0,0.12,-1.0,0.48,25.31,31.31,128.88,1034.15,1387.0,0.0
1776795347953365823,108241,9.148,11.7,10.82,-0.5,-0.04,0.1,-174.06,5.25,-15.06,0.05,-1.22,0.36,22.81,36.56,128.25,1158.83,1621.0,0.0
1776795348051640678,108342,9.136,10.9,10.824,-0.8,-0.06,0.25,173.31,4.88,-15.88,0.58,-1.46,0.23,17.81,39.44,117.81,1059.87,1621.0,0.0
1776795348154075685,108442,9.152,14.9,10.812,-0.9,-0.06,0.39,162.5,4.44,-16.31,0.78,-1.25,0.34,11.13,32.63,94.19,1044.09,1708.0,0.0
1776795348252412289,108541,10.8,5.0,10.82,-0.7,-0.06,1.89,154.25,5.25,-15.06,0.79,-0.8,-0.01,1.37,20.12,68.44,1143.39,1419.0,0.0
1776795348354766923,108641,9.212,19.9,10.812,-0.3,0.08,0.61,148.5,6.13,-13.75,0.9,-0.4,-0.56,-3.38,8.44,47.94,1049.24,1419.0,0.0
1776795348453043487,108741,9.34,18.0,10.804,-0.8,-0.1,0.43,144.69,7.19,-12.56,0.38,-0.35,-0.05,-2.13,1.19,30.19,1003.96,1324.0,0.0
1776795348551384906,108840,9.26,14.4,9.552,0.8,-0.1,0.51,142.63,8.13,-12.0,0.27,0.06,-0.02,-3.06,-5.38,12.25,1005.5,1774.0,0.0
1776795348659720306,108940,9.22,19.1,10.812,-0.2,-0.02,0.72,142.5,8.81,-11.56,0.16,0.1,0.08,-6.19,-6.5,-5.19,1000.87,1774.0,0.0
1776795348752098182,109040,10.808,20.7,10.616,-1.1,-0.04,0.68,143.81,9.06,-11.25,-0.19,-0.52,0.41,-4.13,-4.19,-17.87,1036.37,648.0,0.0
1776795348850398970,109140,9.18,22.6,9.688,0.1,-0.16,0.86,146.0,8.88,-11.19,-0.52,-0.1,0.31,-1.19,-7.06,-28.69,1003.62,1640.0,0.0
1776795348952794050,109240,9.272,25.0,10.824,-0.8,-0.02,1.39,149.38,8.44,-11.31,-0.58,-0.24,0.13,-2.06,-9.94,-30.06,1050.95,1640.0,0.0
1776795349051100623,109341,10.672,24.9,10.812,-0.8,0.02,0.88,152.31,8.25,-11.31,-0.33,-0.23,-0.05,-2.69,-8.75,-27.06,1064.33,1274.0,0.0
1776795349161426807,109441,10.18,29.8,10.82,0.2,-0.08,0.76,154.94,8.0,-11.31,0.17,-0.41,-0.11,-5.44,0.0,-32.94,11942.23,1464.0,0.0
1776795349251858797,109541,9.14,3.6,9.656,-0.1,0.06,2.34,159.06,7.31,-11.19,0.04,-0.52,-0.06,-6.0,-3.63,-56.06,1020.6,1464.0,0.0
1776795349354160128,109641,9.32,9.5,10.816,-1.2,0.04,0.25,165.75,6.94,-11.25,0.18,-0.37,-0.24,-9.5,-11.0,-81.31,989.21,503.0,0.0
1776795349452496597,109742,9.256,58.9,10.812,-0.8,-0.08,0.68,174.19,6.81,-11.19,0.28,-0.49,0.15,-10.63,-15.69,-88.62,975.32,503.0,0.0
1776795349554910672,109842,9.1,59.2,10.792,-1.3,-0.04,1.21,-176.94,6.69,-11.13,-0.04,-0.59,0.12,-9.69,-15.0,-90.62,1083.19,273.0,0.0
1776795349653206659,109942,10.764,100.6,9.56,1.1,0.08,0.86,-167.88,6.31,-11.19,-0.04,-0.74,0.11,-6.75,-13.44,-94.94,991.61,656.0,0.0
1776795349755611215,110042,9.112,110.7,9.656,-0.8,0.08,0.88,-158.38,5.69,-11.38,-0.59,-0.44,0.77,-7.31,-11.0,-98.37,1034.66,656.0,0.0
1776795349853935333,110143,9.14,179.6,10.78,-1.2,-0.1,1.33,-148.88,5.25,-11.5,-0.94,-0.56,-0.09,-7.63,-20.62,-91.94,1037.57,605.0,0.0
1776795349956327370,110243,9.1,137.4,10.776,-0.7,0.0,0.66,-140.44,4.94,-11.38,-0.8,-0.93,0.63,-5.13,-14.94,-78.56,1060.04,1405.0,0.0
1776795350054576028,110344,9.168,108.3,10.792,-0.8,0.02,1.07,-133.56,4.75,-11.38,-0.79,-0.17,0.33,-7.38,-11.38,-62.25,1000.02,1405.0,0.0
1776795350157017266,110444,10.772,128.0,9.684,-0.1,0.08,1.07,-128.25,4.81,-11.0,-1.14,-0.13,0.54,-9.44,-13.38,-42.25,990.41,1235.0,0.0
1776795350255331675,110544,10.712,198.2,10.764,-0.8,-0.02,1.62,-125.25,4.75,-10.38,-0.86,-0.37,-0.17,-9.63,-11.56,-15.44,953.37,1235.0,0.0
1776795350357669909,110644,9.164,120.9,10.796,-0.8,0.04,0.45,-124.81,4.63,-9.75,-1.07,0.02,0.01,-4.88,0.37,7.56,964.34,565.0,0.0
1776795350456029060,110743,10.288,132.1,9.58,0.5,0.04,0.76,-126.56,4.06,-9.31,-0.61,-0.07,-0.77,-2.19,2.63,28.62,962.97,2048.0,0.0
1776795350554328895,110842,10.74,146.7,10.796,-0.9,-0.04,0.51,-130.38,3.38,-8.94,-0.66,-0.03,-0.46,1.31,8.44,48.06,965.37,2048.0,0.0
1776795350656720872,110943,9.092,211.4,10.776,-0.8,-0.14,1.21,-136.06,3.0,-8.5,-0.56,-0.28,-0.35,-1.19,10.69,66.81,949.77,1520.0,0.0
1776795350755092764,111043,10.752,123.0,10.796,-1.1,0.04,0.49,-143.44,2.63,-7.75,-0.51,-0.32,-0.24,-4.19,14.94,81.87,975.83,1229.0,0.0
1776795350857430461,111143,9.232,56.9,10.816,-1.3,-0.08,0.43,-151.75,2.19,-6.75,-0.2,-0.21,0.06,-6.06,17.69,85.94,900.55,1229.0,0.0
1776795350955737537,111243,9.332,28.3,10.82,-1.6,0.04,0.88,-160.38,1.75,-5.94,0.78,-0.67,0.1,-4.38,12.19,89.44,874.48,1193.0,0.0
1776795351054040527,111343,9.328,50.2,10.804,-0.9,0.02,0.47,-168.75,1.0,-5.38,0.99,0.06,0.01,-4.63,16.56,80.0,868.3,1019.0,0.0
1776795351156446758,111442,10.776,10.6,10.824,-1.0,-0.16,0.23,-175.19,-0.19,-4.44,1.55,0.71,-0.53,-12.38,18.19,51.0,892.14,1019.0,0.0
1776795351254714217,111542,10.808,3.7,9.74,0.2,-0.02,2.07,-178.31,-0.69,-3.44,1.57,0.37,-0.34,-12.0,12.06,18.81,879.62,1383.0,0.0
1776795351353021215,111641,9.324,22.5,10.828,-1.0,0.04,0.76,-179.38,-1.63,-2.56,1.44,0.22,0.16,-5.25,11.81,2.5,968.63,1492.0,0.0
1776795351455430891,111741,9.372,16.4,10.82,-0.8,0.12,0.61,-179.56,-2.5,-2.5,0.27,0.24,-0.25,-0.12,19.06,2.13,909.29,1492.0,0.0
1776795351553754778,111841,10.532,32.9,9.608,-0.1,-0.08,0.47,-179.56,-3.0,-2.69,0.06,-0.68,-0.44,7.81,3.94,-8.38,849.44,1130.0,0.0
1776795351652006107,111941,9.304,33.6,10.804,-0.8,0.04,0.41,-178.31,-3.0,-3.13,-0.45,-1.36,-0.84,12.63,-4.94,-19.37,809.31,1130.0,0.0
1776795351754454211,112040,10.2,54.5,10.8,-1.3,0.0,0.88,-175.63,-2.69,-3.44,-0.35,-1.04,-0.07,4.88,-6.44,-28.69,755.11,731.0,0.0
1776795351852749875,112141,10.784,67.3,10.784,-1.1,-0.04,0.61,-172.19,-2.81,-2.94,-0.85,-0.4,-0.2,-9.5,-4.69,-33.44,791.82,2268.0,0.0
1776795351951036075,112240,10.772,94.5,10.78,-1.3,0.02,1.21,-168.69,-2.25,-1.19,-0.57,-0.93,-0.56,-14.5,-11.5,-37.94,707.27,2268.0,0.0
1776795352053458926,112339,10.752,135.2,10.784,-0.5,-0.02,0.82,-164.81,-1.75,0.5,-0.84,-0.6,-0.55,-9.19,-10.75,-38.0,696.29,1281.0,0.0
1776795352153676634,112439,9.256,98.9,9.64,-0.5,-0.04,0.7,-161.69,-0.44,1.31,-0.77,-0.69,-0.49,-7.5,-9.56,-18.87,11807.95,704.0,0.0
1776795352254145054,112539,10.852,-68.6,9.724,0.1,-0.14,2.05,-160.88,-0.12,2.19,0.28,0.77,-0.21,-11.94,-13.38,7.69,543.83,704.0,0.0
1776795352352423843,112638,9.264,115.0,10.796,-1.6,-0.04,0.76,-163.38,1.06,3.44,0.34,-0.25,0.23,-9.5,-14.75,43.56,580.87,664.0,0.0
1776795352462716618,112739,9.284,87.6,10.796,-0.9,0.02,0.51,-168.5,2.5,4.06,0.61,-0.4,0.51,2.88,-19.62,59.56,11816.52,554.0,0.0
1776795352553174344,112839,9.248,54.1,10.792,-1.2,-0.02,0.82,-174.69,4.0,3.81,0.39,-0.07,1.24,10.19,-14.25,66.31,147.83,554.0,0.0
1776795352653392755,112939,9.356,29.2,10.82,-0.6,0.0,0.2,178.88,4.44,3.13,0.56,-0.21,0.69,13.0,-7.69,63.5,11880.49,452.0,0.0
1776795352753873435,113039,10.808,10.3,9.596,0.0,0.16,0.35,172.81,4.25,2.38,0.49,0.08,0.01,8.81,0.06,60.94,385.7,452.0,0.0
1776795352852196485,113139,9.248,15.4,10.832,-0.9,-0.12,0.21,167.19,3.94,2.0,0.41,-0.09,-0.44,7.81,2.56,51.06,402.51,461.0,0.0
1776795352956485147,113239,9.248,13.0,10.808,-0.7,-0.04,0.27,162.5,3.94,1.56,0.18,-0.22,0.05,7.75,1.56,42.81,11935.2,493.0,0.0
1776795353054793186,113339,10.804,14.4,10.816,-1.2,-0.06,0.53,158.56,3.94,1.19,0.1,-0.2,0.16,7.63,0.12,36.44,11924.74,408.0,0.0
1776795353157336210,113439,9.284,10.3,10.836,-0.9,-0.1,0.37,155.56,3.88,0.69,-0.21,-0.05,-0.26,6.5,-2.81,26.81,11935.37,408.0,0.0
1776795353253570038,113540,10.8,5.8,9.708,-0.1,-0.04,1.89,153.19,4.19,0.5,-0.14,0.49,-0.28,2.25,-3.75,23.31,369.07,425.0,0.0
1776795353361928093,113641,9.312,12.8,10.82,-0.6,-0.08,0.41,150.81,4.63,0.75,-0.03,0.24,0.29,-1.81,2.31,27.12,11937.26,354.0,0.0
1776795353456138241,113741,9.276,15.3,10.82,-0.1,-0.12,0.88,147.63,4.94,1.44,0.11,-0.06,-0.05,-4.56,-9.88,39.5,11936.4,354.0,0.0
1776795353558601299,113841,9.244,14.8,10.824,-1.0,-0.08,0.55,143.44,5.75,2.19,0.0,-0.05,-0.11,-2.25,-10.5,45.38,11937.43,385.0,0.0
1776795353656887364,113941,9.232,18.9,10.816,-1.2,0.06,0.76,138.75,6.81,2.56,-0.05,-0.24,0.32,6.19,-12.5,49.38,11936.91,327.0,0.0
1776795353759432073,114042,9.36,20.0,9.552,0.2,-0.06,0.78,134.0,7.69,2.13,0.27,-0.49,0.56,14.81,-8.56,49.13,11937.09,327.0,0.0
1776795353857607430,114142,9.392,22.4,10.828,-0.6,-0.06,1.07,129.44,7.69,1.25,-0.33,-0.14,0.0,13.69,-0.5,41.19,11937.09,433.0,0.0
1776795353960163677,114242,9.264,21.3,10.824,-0.5,-0.08,1.04,125.87,7.75,0.75,-0.31,-0.28,-0.28,6.81,-3.63,28.94,11942.23,433.0,0.0
1776795354064264926,114341,9.284,21.0,9.736,0.0,0.06,1.07,124.0,8.06,0.69,-0.26,-0.18,-0.16,2.31,-4.38,11.0,11941.89,346.0,0.0
1776795354154694667,114441,10.8,22.3,9.588,0.9,0.02,0.9,123.37,8.06,0.63,0.0,-0.02,-0.14,-0.12,3.25,3.88,322.08,346.0,0.0
1776795354257116257,114542,10.8,1.2,9.608,0.9,-0.08,2.52,123.25,7.44,0.75,-0.98,-0.04,-0.62,-1.31,6.13,-0.81,11942.92,362.0,0.0
1776795354355456709,114642,10.812,30.7,9.56,0.5,0.0,0.76,123.37,6.81,0.81,-0.56,-0.28,0.37,0.56,10.94,1.37,11942.06,358.0,0.0
1776795354457765481,114742,10.812,20.0,9.72,-0.5,0.02,0.78,123.31,6.13,0.75,-0.2,-0.21,0.12,1.12,4.81,1.37,325.51,358.0,0.0
1776795354558021832,114842,9.252,27.8,10.812,-1.5,0.04,0.84,123.25,5.69,0.69,-0.4,0.01,-0.2,-1.0,4.0,0.12,11941.72,382.0,0.0
1776795354658529635,114942,10.796,26.2,9.536,-0.1,0.08,1.02,123.25,5.25,0.88,0.05,-0.18,-0.04,-1.56,3.88,-0.44,153.32,382.0,0.0
1776795354756813178,115042,9.768,31.5,9.704,0.3,-0.04,0.86,123.31,4.88,1.0,-0.03,-0.07,0.12,-1.0,4.25,-0.88,157.61,343.0,0.0
1776795354857036176,115141,9.372,24.1,10.38,-0.2,0.1,0.49,123.31,4.75,1.12,-0.52,0.07,-0.05,-1.81,-0.19,2.38,11935.71,377.0,0.0
1776795354959424691,115241,10.816,14.2,9.616,0.6,-0.2,0.66,122.94,4.81,1.37,-0.2,-0.11,-0.56,-2.94,-6.38,4.56,11935.37,287.0,0.0
1776795355057826337,115341,10.808,13.9,10.688,-1.1,-0.1,0.49,122.44,5.38,1.69,-0.34,-0.08,-0.48,-1.63,-4.81,5.69,11936.57,287.0,0.0
1776795355154124163,115441,10.796,21.0,9.66,0.0,-0.02,0.49,121.81,5.5,1.69,0.18,-0.15,0.01,3.13,1.81,7.63,143.55,242.0,0.0
1776795355256689273,115540,10.82,1.2,10.808,-0.4,-0.02,2.85,121.12,5.31,1.31,-1.26,-0.09,-0.25,5.75,-0.06,5.88,11941.03,277.0,0.0
1776795355354772585,115641,9.24,24.4,10.812,-1.2,-0.02,0.49,120.31,6.31,0.63,0.01,-0.18,0.34,10.06,-12.38,10.75,11937.6,277.0,0.0
1776795355457197672,115741,9.22,15.4,10.82,-0.3,-0.04,0.51,118.94,7.13,-0.25,-0.03,0.1,-0.1,10.63,-11.25,15.13,301.33,309.0,0.0
1776795355567546211,115842,10.812,12.4,9.664,-0.2,0.02,0.41,117.5,7.5,-0.88,0.39,-0.15,0.6,7.06,3.25,13.81,11935.71,239.0,0.0
1776795355657960931,115942,9.324,13.4,10.82,-1.2,0.12,0.47,116.69,7.25,-1.44,-0.11,-0.02,-0.06,3.94,1.19,4.31,317.62,239.0,0.0
1776795355756238694,116041,9.32,18.5,10.82,-0.4,0.04,0.61,116.69,7.44,-1.56,-0.63,-0.04,-0.03,-0.56,-0.06,-2.69,143.55,239.0,0.0
1776795355864565887,116141,10.796,18.2,10.82,-1.3,0.02,0.63,117.19,7.75,-1.5,-0.19,-0.5,0.03,-1.69,0.19,-5.75,149.21,253.0,0.0
1776795355956920339,116241,9.336,16.9,10.824,-0.7,0.0,0.76,117.87,7.44,-1.63,-0.42,-0.07,-0.26,0.5,-0.63,-5.69,144.92,312.0,0.0
1776795356055261205,116340,9.268,15.9,10.812,-0.7,-0.06,0.63,118.37,7.25,-1.69,-0.23,0.06,-0.13,1.0,-3.38,-6.06,144.92,312.0,0.0
1776795356157658436,116440,9.328,18.8,10.824,-1.3,-0.04,0.68,118.69,7.38,-1.94,0.21,0.1,0.0,2.38,0.75,-0.25,144.92,271.0,0.0
1776795356255974512,116540,10.816,1.6,10.82,-0.8,-0.02,2.44,118.69,7.25,-2.06,-0.53,-0.13,0.1,-0.44,3.81,-1.81,146.12,263.0,0.0
1776795356354208049,116640,9.284,32.7,10.82,-1.3,0.08,1.13,118.81,7.06,-2.0,-0.02,-0.05,-0.37,-0.75,0.94,-2.19,145.09,263.0,0.0
1776795356456637893,116740,10.808,25.1,10.816,0.0,0.1,1.05,119.0,6.81,-2.0,-0.29,0.0,-0.32,-0.81,0.44,-2.06,146.12,232.0,0.0
1776795356565001823,116841,10.8,40.2,10.816,0.0,0.06,1.58,119.19,6.75,-2.06,-0.18,-0.13,0.08,1.5,-0.56,-3.13,149.21,253.0,0.0
1776795356657350960,116941,10.78,47.9,10.796,0.8,-0.04,2.56,119.5,6.69,-2.25,-0.12,-0.22,0.09,1.88,-1.63,-2.19,144.92,253.0,0.0
1776795356755614627,117041,10.804,47.8,9.532,-1.3,-0.02,2.25,119.75,6.75,-2.44,0.0,-0.31,-0.18,1.81,-2.5,-3.0,154.35,262.0,0.0
1776795356858057286,117142,10.788,60.6,9.784,-3.6,-0.04,2.7,119.94,6.75,-2.56,-0.23,0.54,-0.33,-0.37,2.0,-2.13,140.8,262.0,0.0
1776795356956361733,117241,9.168,74.5,10.74,-2.4,-0.04,3.13,120.06,6.5,-2.44,-0.02,0.26,0.1,-2.94,6.5,-1.81,144.92,270.0,0.0
1776795357066672771,117341,10.78,70.9,10.8,-3.6,0.08,3.01,120.19,5.94,-2.0,-0.16,-0.09,-0.01,-5.06,4.81,-0.75,11961.44,256.0,0.0
1776795357164974049,117441,10.788,75.6,10.796,-2.0,-0.02,3.01,120.25,5.31,-1.5,-0.11,-0.14,0.04,-4.31,6.44,0.25,11957.84,246.0,0.0
1776795357255276136,117541,10.864,7.1,9.648,-2.3,0.0,3.77,120.19,4.5,-1.19,-0.3,-0.04,-0.05,-3.13,6.25,0.94,149.21,246.0,0.0
1776795357357734126,117641,10.784,68.0,10.804,0.7,-0.08,2.99,120.12,3.75,-1.12,-0.33,-0.29,0.04,2.31,12.5,-1.12,166.53,252.0,0.0
1776795357456078738,117741,10.78,66.5,9.868,-0.7,-0.08,3.03,120.12,3.44,-1.25,-0.02,0.21,0.36,4.13,3.63,-0.69,166.53,252.0,0.0
1776795357564403015,117840,10.768,68.4,10.796,-2.9,0.0,2.97,120.12,3.13,-1.37,0.09,0.02,0.34,0.06,3.5,0.81,166.36,247.0,0.0
1776795357656781764,117940,10.796,48.2,10.804,-2.1,-0.02,2.54,120.5,2.06,-1.63,-1.86,1.06,-0.64,4.0,9.06,-14.06,149.21,234.0,0.0
1776795357755082449,118040,9.12,57.3,10.804,-2.1,-0.04,2.01,122.06,3.19,-1.19,-0.81,0.37,-0.7,-10.94,-25.31,-18.31,140.8,234.0,0.0
1776795357857487456,118139,9.28,43.6,10.812,-0.8,-0.14,1.23,123.31,5.56,0.12,1.03,-0.96,0.58,-13.19,-11.13,-0.37,149.03,224.0,0.0
1776795357955781326,118239,10.8,33.3,10.828,-1.5,0.02,1.48,123.31,5.94,0.56,0.3,-0.76,0.42,1.94,-2.81,-1.5,149.21,224.0,0.0
1776795358054024592,118339,9.124,45.5,10.816,-1.6,-0.2,1.64,123.31,6.31,0.06,0.14,0.15,-0.18,5.13,-4.0,-0.31,195.68,231.0,0.0
1776795358156489469,118439,10.728,53.4,10.78,-2.0,0.14,1.56,123.25,6.38,-0.12,0.01,0.11,-0.12,-1.37,0.19,0.37,194.65,206.0,0.0
1776795358258901659,118540,9.148,1.3,10.816,-1.0,0.02,3.44,123.25,6.38,0.0,-0.27,-0.36,-0.14,0.0,-0.75,0.25,206.83,206.0,0.0
1776795358357178971,118641,9.084,48.0,9.736,-2.5,0.02,2.25,123.31,6.44,-0.06,-0.77,0.09,-0.01,0.75,1.19,-0.75,191.57,220.0,0.0
1776795358457334068,118740,9.532,44.8,10.796,-0.8,0.0,1.82,123.31,6.5,-0.06,0.1,-0.27,0.12,1.81,0.19,-0.69,11958.69,227.0,0.0
1776795358565807236,118840,9.532,79.4,10.384,1.1,-0.02,3.44,123.37,6.56,-0.37,0.08,0.12,-0.08,0.88,-0.06,-0.06,11959.9,221.0,0.0
1776795358658203355,118940,10.736,81.2,10.76,-3.1,-0.18,3.34,123.37,6.5,-0.31,-0.18,-0.2,-0.01,-0.5,0.25,0.19,11962.47,221.0,0.0
1776795358766536758,119041,9.584,81.5,10.784,-3.9,0.02,3.26,123.37,6.44,-0.25,-0.05,-0.01,-0.05,-0.06,-0.06,0.06,11963.33,218.0,0.0
1776795358858811299,119141,10.74,71.7,9.456,1.2,0.0,3.4,123.37,6.38,-0.25,-0.09,-0.07,-0.05,0.19,-0.12,0.06,11961.95,238.0,0.0
1776795358967286818,119241,10.74,80.0,10.184,-1.8,-0.08,3.3,123.37,6.38,-0.25,-0.1,-0.07,-0.02,-0.12,-0.12,0.06,11961.1,238.0,0.0
1776795359069640308,119342,10.612,78.5,10.02,2.8,0.21,3.34,123.37,6.38,-0.19,-0.09,-0.06,-0.04,0.0,0.12,-0.12,11960.75,215.0,0.0
1776795359167922027,119442,10.48,74.9,10.736,-1.2,-0.18,3.13,123.37,6.38,-0.19,-0.1,-0.07,-0.06,0.19,-0.06,0.0,11960.92,220.0,0.0
1776795359258320062,119542,9.196,25.0,10.812,0.5,0.14,3.4,123.37,6.31,-0.19,-0.06,0.04,-0.02,0.0,-0.25,0.0,11954.75,220.0,0.0
1776795359366673222,119643,10.768,65.8,10.784,-2.3,0.02,3.09,123.31,6.19,-0.19,-0.29,-0.08,-0.17,-0.12,-0.12,-0.06,11962.3,230.0,0.0
1776795359471134977,119743,10.756,69.1,10.808,-0.3,0.08,2.89,123.37,6.19,-0.25,0.0,-0.03,-0.07,-1.06,0.25,0.37,11964.7,230.0,0.0
1776795359569317415,119843,10.78,72.6,10.816,1.3,-0.04,2.91,123.37,6.19,-0.19,-0.05,-0.04,-0.03,0.25,-0.25,-0.06,11963.15,218.0,0.0
1776795359661631143,119943,10.768,72.1,10.248,-4.0,-0.04,3.2,123.37,6.19,-0.19,-0.1,-0.06,-0.04,0.06,0.06,0.0,11963.67,206.0,0.0
1776795359770113640,120043,10.588,64.7,9.336,-1.4,0.0,3.22,123.37,6.13,-0.19,-0.1,-0.07,-0.03,-0.19,0.06,0.06,11965.04,206.0,0.0
1776795359862326809,120143,10.22,70.3,9.316,-3.0,-0.08,3.16,123.37,6.13,-0.19,-0.06,-0.03,-0.04,-0.12,0.06,-0.06,11962.64,249.0,0.0
1776795359960605232,120243,10.772,68.5,10.556,-0.3,-0.12,3.18,123.37,6.13,-0.19,-0.09,-0.04,-0.03,0.0,-0.06,0.0,11960.24,206.0,0.0
1776795360063119207,120343,10.772,70.1,9.608,1.2,-0.02,2.87,123.37,6.13,-0.19,-0.08,-0.04,-0.04,0.12,0.06,0.06,11960.58,206.0,0.0
1776795360161326405,120443,10.804,72.4,10.44,0.8,0.18,3.01,123.37,6.13,-0.19,-0.09,-0.06,-0.05,0.06,0.0,-0.06,11957.67,198.0,0.0
1776795360261798565,120543,10.788,28.5,10.796,1.8,0.04,3.52,123.37,6.13,-0.19,0.39,-0.02,-0.3,0.0,-0.31,0.06,11955.26,235.0,0.0
1776795360360070338,120643,10.588,86.9,10.796,2.2,-0.14,3.63,123.37,6.06,-0.19,0.3,-0.1,-0.17,-0.19,-0.75,-0.06,11961.61,235.0,0.0
1776795360464370586,120743,10.208,80.2,10.792,-1.7,0.06,3.48,123.37,6.06,-0.25,-0.14,-0.2,-0.01,-0.81,0.12,0.25,11959.21,206.0,0.0
1776795360562835440,120843,10.752,83.8,10.78,-0.3,-0.06,3.4,123.37,6.06,-0.25,-0.02,0.02,-0.06,0.06,-0.06,-0.12,11961.61,206.0,0.0
1776795360671090187,120943,10.768,74.9,10.78,-3.3,-0.14,3.59,123.37,6.06,-0.25,-0.1,-0.05,-0.04,0.0,0.12,0.0,11962.47,210.0,0.0
1776795360763428082,121043,9.836,77.5,9.888,-2.4,-0.02,3.57,123.37,6.06,-0.25,-0.08,-0.08,-0.06,-0.12,0.06,-0.06,11960.24,214.0,0.0
1776795360861661780,121143,10.812,78.1,9.452,-1.0,-0.06,3.55,123.37,6.06,-0.25,-0.08,-0.06,-0.07,0.0,0.0,0.19,11961.61,214.0,0.0
1776795360964135709,121243,10.78,82.2,10.216,-0.8,-0.06,3.54,123.37,6.06,-0.25,-0.07,-0.02,-0.05,0.06,-0.12,0.0,11961.78,210.0,0.0
1776795361062428972,121344,10.6,77.7,9.796,1.6,-0.08,3.55,123.37,6.06,-0.25,-0.08,-0.04,-0.04,-0.06,0.0,-0.06,11959.72,227.0,0.0
1776795361164952549,121444,10.768,72.6,10.784,-2.3,0.02,3.5,123.37,6.06,-0.25,-0.07,-0.06,-0.04,0.06,0.12,-0.06,11956.98,227.0,0.0
1776795361261311964,121544,9.396,61.9,9.724,-1.5,0.12,3.01,123.37,6.06,-0.25,0.4,-0.08,-0.35,-0.19,-0.44,0.12,11949.61,223.0,0.0
1776795361369566782,121645,10.76,59.5,9.656,0.7,0.04,2.73,123.37,6.06,-0.25,-0.32,-0.07,-0.08,0.19,-0.25,-0.19,11958.18,241.0,0.0
1776795361463798628,121745,9.08,78.7,9.94,-1.6,0.04,3.28,123.37,6.06,-0.25,-0.08,-0.11,0.0,-1.0,0.0,0.19,11958.69,241.0,0.0
1776795361566242203,121845,10.172,73.7,10.668,-3.9,0.06,3.13,123.37,6.06,-0.25,-0.03,-0.01,-0.06,0.31,-0.12,-0.06,11958.69,235.0,0.0
1776795361664547032,121945,10.056,72.9,10.46,-1.8,-0.08,2.99,123.37,6.06,-0.25,-0.09,-0.07,-0.07,-0.12,0.06,0.0,11958.52,237.0,0.0
1776795361767040497,122045,10.74,72.2,10.788,-1.3,-0.04,3.03,123.37,6.06,-0.25,-0.07,-0.08,-0.05,0.0,0.06,0.06,11958.35,237.0,0.0
1776795361863434024,122145,9.148,67.4,10.744,-0.9,-0.06,3.16,123.37,6.06,-0.25,-0.09,-0.06,-0.05,0.0,0.0,0.06,198.94,237.0,0.0
1776795361973672314,122245,10.456,78.1,10.768,-1.9,-0.08,3.28,123.37,6.06,-0.25,-0.07,-0.04,-0.06,0.06,-0.06,-0.06,11961.95,215.0,0.0
1776795362065962808,122345,10.748,67.2,10.756,-0.2,-0.2,3.24,123.37,6.06,-0.25,-0.08,-0.02,-0.05,0.06,-0.12,0.06,11962.12,233.0,0.0
1776795362164259952,122445,10.748,71.0,10.764,0.2,-0.04,3.11,123.37,6.06,-0.25,-0.09,-0.05,-0.03,-0.06,0.06,0.06,11960.07,211.0,0.0
1776795362264754074,122545,9.156,84.5,9.696,0.7,0.18,3.2,123.37,6.06,-0.25,0.76,-0.21,-0.83,-0.19,-0.56,0.19,11954.75,211.0,0.0
1776795362363133294,122645,10.768,55.5,10.072,-1.9,-0.04,2.6,123.37,6.06,-0.25,-0.09,-0.01,0.01,0.25,-0.88,-0.06,11962.12,238.0,0.0
1776795362467349684,122745,10.764,67.0,9.632,-3.0,0.0,3.01,123.31,6.06,-0.31,-0.06,-0.1,-0.02,-0.56,0.12,-0.12,11961.27,227.0,0.0
1776795362565765962,122845,10.004,67.8,10.776,-3.5,0.06,3.05,123.31,6.06,-0.31,-0.03,0.0,-0.08,0.25,0.0,0.0,11958.87,227.0,0.0
1776795362674052501,122945,10.78,71.0,9.648,-1.2,-0.04,3.05,123.31,6.06,-0.31,-0.08,-0.05,-0.05,0.19,-0.12,0.0,11955.09,232.0,0.0
1776795362766469215,123045,9.308,73.1,10.8,1.8,0.1,3.11,123.31,6.06,-0.31,-0.11,-0.08,-0.05,0.06,-0.12,0.06,11961.27,232.0,0.0
1776795362864670837,123144,10.776,70.3,10.448,1.1,0.02,3.01,123.31,6.06,-0.31,-0.09,-0.06,-0.05,0.0,0.31,0.06,11959.9,236.0,0.0
1776795362967074836,123244,9.72,77.1,9.472,1.1,-0.14,2.97,123.31,6.06,-0.31,-0.08,-0.04,-0.06,0.0,-0.06,-0.06,11959.21,237.0,0.0
1776795363065423544,123344,9.804,65.9,9.596,0.2,0.02,3.01,123.31,6.06,-0.31,-0.09,-0.05,-0.08,0.19,-0.06,0.0,11957.84,237.0,0.0
1776795363173786936,123444,10.776,67.9,9.588,-1.3,-0.14,3.01,123.31,6.06,-0.31,-0.08,-0.05,-0.05,0.06,-0.06,0.0,11955.61,214.0,0.0
1776795363264460465,123544,9.608,90.7,10.644,1.2,-0.02,2.93,123.31,6.06,-0.31,0.28,-0.02,-0.25,-0.25,-0.31,0.0,11952.18,206.0,0.0
1776795363368426198,123644,10.776,68.6,10.22,-0.5,-0.16,2.79,123.31,6.06,-0.31,0.09,-0.01,-0.24,1.0,-1.0,0.37,11959.04,206.0,0.0
1776795363472747257,123744,10.776,72.8,10.084,-2.5,-0.18,3.3,123.31,6.06,-0.31,-0.09,-0.11,-0.03,-0.88,0.25,0.37,11960.41,182.0,0.0
1776795363565083358,123844,10.188,74.8,9.572,1.2,-0.02,3.11,123.31,6.06,-0.31,-0.01,-0.01,-0.06,-0.06,-0.06,0.0,11958.69,202.0,0.0
1776795363663473227,123944,10.768,72.0,10.804,0.5,-0.06,2.99,123.31,6.06,-0.31,-0.05,-0.03,-0.06,0.19,0.0,-0.12,11958.69,202.0,0.0
1776795363765788778,124044,10.732,73.1,10.076,2.0,-0.02,3.26,123.31,6.06,-0.31,-0.11,-0.04,-0.07,0.19,-0.06,0.0,11957.84,230.0,0.0
1776795363874283118,124144,9.708,75.0,10.544,-0.8,-0.02,3.14,123.31,6.06,-0.31,-0.11,-0.07,-0.05,-0.06,0.19,-0.12,11959.04,230.0,0.0
1776795363966551254,124244,9.576,76.1,10.784,-1.4,-0.14,3.38,123.31,6.06,-0.31,-0.07,-0.05,-0.05,-0.06,0.06,0.06,11962.3,219.0,0.0
1776795364064801811,124344,10.54,68.5,9.68,-1.1,0.1,3.11,123.31,6.06,-0.31,-0.09,-0.04,-0.03,0.06,0.12,0.0,11960.58,222.0,0.0
1776795364167358295,124444,10.428,74.6,10.776,1.5,-0.02,3.07,123.31,6.06,-0.31,-0.09,-0.03,-0.03,0.0,0.06,-0.06,11959.04,222.0,0.0
1776795364263755490,124545,9.26,75.6,10.768,-2.4,-0.02,3.38,123.31,6.06,-0.31,0.29,0.02,-0.13,-0.31,-0.5,0.19,11955.44,241.0,0.0
1776795364365946980,124645,10.76,67.6,10.048,-1.5,0.0,2.95,123.31,6.0,-0.31,0.4,-0.12,-0.25,0.31,-0.69,0.19,11960.92,237.0,0.0
1776795364466168760,124745,10.632,65.2,10.064,1.1,0.02,3.09,123.31,6.0,-0.31,-0.17,-0.14,-0.04,-0.81,0.12,0.31,11960.24,237.0,0.0
1776795364568632907,124846,9.024,66.6,10.028,-1.6,-0.16,2.83,123.31,6.0,-0.31,-0.02,0.0,-0.06,0.12,0.06,-0.12,11960.41,233.0,0.0
1776795364666906272,124946,10.732,74.3,10.776,-2.3,0.06,2.97,123.31,6.0,-0.31,-0.09,-0.03,-0.06,0.37,-0.12,-0.12,11959.04,207.0,0.0
1776795364769403532,125046,10.736,66.9,10.784,-2.8,-0.08,2.83,123.31,6.0,-0.31,-0.09,-0.07,-0.04,0.0,-0.06,-0.12,11959.21,207.0,0.0
1776795364867591173,125147,10.732,63.5,10.764,-3.7,-0.06,2.89,123.31,6.0,-0.31,-0.1,-0.04,-0.04,-0.19,-0.19,0.12,11961.44,221.0,0.0
1776795364970104006,125247,10.768,66.2,10.792,2.1,0.08,2.77,123.31,6.0,-0.31,-0.08,-0.04,-0.06,-0.06,0.0,-0.12,11962.81,221.0,0.0
1776795365068284913,125347,10.764,68.0,10.8,1.6,0.02,3.01,123.31,6.0,-0.31,-0.08,-0.03,-0.05,0.12,0.06,0.06,11960.75,238.0,0.0
1776795365170732430,125447,9.824,61.9,10.116,-2.1,-0.04,2.79,123.31,6.0,-0.31,-0.09,-0.02,-0.06,-0.06,-0.06,-0.06,11955.61,211.0,0.0
1776795365267132311,125547,9.24,80.2,9.356,-2.3,0.06,2.93,123.31,6.0,-0.31,0.81,-0.17,-0.65,-0.12,-0.37,0.12,11956.98,211.0,0.0
1776795365375517645,125647,10.748,70.4,10.772,2.0,0.02,3.09,123.31,6.0,-0.31,0.3,-0.2,-0.03,-0.37,-1.31,0.0,11960.75,214.0,0.0
1776795365469680030,125747,10.732,65.5,10.78,-0.5,-0.06,3.14,123.37,6.0,-0.31,-0.18,-0.12,-0.01,-0.81,0.0,0.25,11959.38,199.0,0.0
1776795365568125050,125847,9.808,66.3,10.808,-3.0,0.12,2.99,123.37,6.0,-0.31,-0.03,0.01,-0.07,-0.12,0.0,-0.12,11960.24,199.0,0.0
1776795365676456549,125947,8.936,70.9,10.8,-2.0,0.04,3.09,123.37,6.0,-0.31,-0.07,-0.03,-0.05,0.25,0.06,-0.12,11958.87,224.0,0.0
1776795365768733874,126047,10.78,69.6,10.58,-1.7,0.06,2.99,123.37,6.0,-0.31,-0.1,-0.09,-0.06,0.06,-0.06,-0.06,11959.9,247.0,0.0
1776795365877176858,126147,10.78,69.6,9.452,-3.0,-0.1,2.95,123.37,6.0,-0.31,-0.08,-0.07,-0.04,0.0,0.12,-0.06,11961.78,247.0,0.0
1776795365969430830,126247,10.504,64.1,9.7,-0.1,0.06,2.79,123.37,6.0,-0.31,-0.07,-0.05,-0.04,-0.06,0.0,-0.12,11959.38,207.0,0.0
1776795366077845022,126347,10.824,70.2,9.656,1.4,-0.16,2.93,123.37,6.0,-0.31,-0.09,-0.04,-0.05,-0.12,0.06,0.0,11958.87,236.0,0.0
1776795366170274632,126447,10.768,64.8,10.776,-2.5,0.02,2.81,123.37,6.0,-0.31,-0.09,-0.04,-0.04,0.0,-0.06,-0.06,11956.12,236.0,0.0
1776795366266679737,126547,10.744,75.7,9.592,1.0,-0.12,1.72,123.37,6.0,-0.31,-1.91,-0.45,1.26,-0.37,0.12,0.19,11954.24,207.0,0.0
1776795366368902283,126647,9.012,63.5,10.588,-3.6,-0.1,3.03,123.37,5.94,-0.37,-0.57,0.03,0.01,1.0,-1.06,1.19,11960.07,207.0,0.0
1776795366469076433,126747,10.788,69.0,10.8,-1.8,-0.1,3.13,123.31,5.94,-0.37,-0.1,-0.14,0.0,-0.37,0.06,0.19,11960.58,205.0,0.0
1776795366571536117,126848,10.316,73.2,9.944,0.2,0.08,3.14,123.31,5.94,-0.37,0.06,-0.04,-0.08,-0.06,0.19,-0.31,11959.38,208.0,0.0
1776795366669876023,126948,10.804,73.1,10.276,1.2,-0.1,3.11,123.31,5.94,-0.37,0.0,-0.04,-0.07,0.19,-0.06,0.0,11959.72,208.0,0.0
1776795366772246352,127048,10.768,72.9,9.62,-0.9,-0.04,2.95,123.31,5.94,-0.37,-0.1,-0.02,-0.04,0.19,-0.12,0.0,11960.58,231.0,0.0
1776795366870539368,127148,10.764,72.8,10.804,2.6,-0.16,3.07,123.31,5.94,-0.37,-0.01,-0.07,-0.07,0.25,-0.06,0.0,11958.35,236.0,0.0
1776795366973056054,127248,10.772,70.1,10.132,0.7,0.04,3.11,123.31,5.94,-0.37,-0.12,-0.06,0.0,-0.37,0.0,0.0,11960.07,236.0,0.0
1776795367071245129,127348,10.784,74.2,10.616,2.4,-0.18,3.2,123.31,5.94,-0.37,-0.05,0.04,-0.05,0.31,-0.12,-0.06,11958.87,235.0,0.0
1776795367173786649,127448,10.172,78.0,10.072,-0.2,0.04,3.01,123.31,5.94,-0.37,-0.15,-0.04,-0.02,0.25,-0.06,0.0,11955.61,235.0,0.0
1776795367270185293,127548,10.612,75.6,10.808,0.5,-0.08,2.07,123.31,5.94,-0.37,0.33,-0.12,-0.19,-0.37,-0.37,0.0,11951.49,211.0,0.0
1776795367374265176,127648,9.648,57.4,10.78,-0.3,-0.04,1.66,123.25,5.94,-0.37,-0.14,-0.02,0.36,0.75,0.56,3.81,11945.15,205.0,0.0
1776795367470759933,127748,9.352,28.4,10.816,-1.5,-0.04,1.56,122.87,5.94,-0.44,0.27,-0.48,0.38,1.94,-0.37,5.19,153.32,205.0,0.0
1776795367569060321,127848,9.324,24.7,10.816,-0.3,-0.02,0.84,122.37,6.0,-1.12,0.22,0.06,0.67,11.81,0.63,2.75,153.32,216.0,0.0
1776795367671448077,127948,9.356,23.5,10.82,-0.5,0.04,0.74,122.31,6.38,-1.81,-0.06,-0.15,1.32,3.13,-3.5,2.19,165.84,216.0,0.0
1776795367769750261,128048,9.22,32.4,10.824,-0.6,-0.06,0.86,122.37,6.75,-2.25,-0.31,0.47,0.75,9.81,-4.25,-1.75,157.44,257.0,0.0
1776795367868095280,128148,9.244,24.7,10.824,-0.2,-0.06,0.96,122.31,7.5,-2.31,-0.3,0.51,-1.1,-3.19,-3.5,2.38,153.32,257.0,0.0
1776795367970454517,128247,9.208,26.0,10.812,-1.1,0.06,0.96,122.37,7.38,-1.75,-0.38,0.47,-2.18,-8.06,8.81,-0.12,160.87,275.0,0.0
1776795368068767171,128347,9.284,24.2,10.824,-0.2,0.04,1.07,122.69,6.38,-1.0,-0.97,0.07,-1.15,-5.19,13.94,-2.88,174.76,298.0,0.0
1776795368166985688,128447,9.228,21.5,10.824,-0.8,0.04,1.0,123.06,5.81,-0.63,-0.67,-0.14,-0.72,1.37,3.13,-3.56,144.92,298.0,0.0
1776795368269475929,128546,10.244,45.9,10.808,-1.8,0.04,1.48,123.37,6.31,-1.19,-0.61,0.12,0.22,8.63,-10.44,-2.5,164.98,363.0,0.0
1776795368367755114,128646,9.392,32.4,10.812,-0.6,0.08,0.74,123.5,7.19,-1.88,0.3,0.36,0.75,6.81,-5.88,-1.56,154.01,318.0,0.0
1776795368466003909,128746,9.24,17.4,9.732,-0.1,-0.02,1.13,123.5,7.31,-1.94,0.6,0.31,0.61,-5.0,5.31,1.19,152.46,318.0,0.0
1776795368568472094,128845,9.336,20.1,10.824,-1.6,0.08,1.02,123.31,6.5,-1.12,0.23,0.16,1.91,-10.81,6.44,3.88,150.92,314.0,0.0
1776795368670867185,128946,9.376,18.0,10.812,-0.6,0.1,0.66,123.0,6.38,-0.5,0.5,-0.22,2.79,-2.75,-2.75,1.94,175.44,427.0,0.0
1776795368769154222,129047,9.32,18.9,9.584,0.3,-0.04,0.7,122.75,6.56,-0.69,0.17,-0.11,1.77,3.94,0.06,2.13,171.16,427.0,0.0
1776795368867473519,129146,9.24,15.9,10.832,-0.4,0.06,0.7,122.75,5.69,-1.19,0.65,0.0,0.42,3.0,16.75,-5.63,162.93,539.0,0.0
1776795368969882369,129246,9.26,15.8,10.832,-1.1,0.04,0.66,124.31,3.38,-1.25,0.4,0.09,-0.31,-2.88,26.56,-28.12,162.93,589.0,0.0
1776795369068188303,129346,10.8,15.4,10.348,-0.3,-0.04,0.45,128.63,1.25,-0.69,0.83,0.11,-0.79,-7.69,16.62,-58.38,165.67,589.0,0.0
1776795369166465064,129445,9.344,14.1,10.832,-0.9,-0.02,0.64,135.31,0.69,-0.12,0.2,-0.37,-1.7,-2.81,-6.56,-75.25,165.67,578.0,0.0
1776795369268882545,129545,10.344,50.0,10.796,0.9,-0.2,1.23,142.75,2.25,-0.69,0.63,-0.81,-2.22,13.19,-23.37,-93.75,167.04,578.0,0.0
1776795369367138731,129645,9.244,19.7,10.828,-0.6,-0.02,0.53,152.63,3.44,-3.0,0.29,-1.03,-1.93,22.56,-4.56,-111.69,169.79,1166.0,0.0
1776795369477449789,129744,10.816,34.5,9.936,-1.3,-0.1,0.57,163.81,2.75,-5.63,0.35,-0.8,-1.01,16.12,-2.81,-119.31,11890.95,1753.0,0.0
1776795369567901808,129844,10.78,74.2,9.564,0.4,-0.04,0.74,175.38,2.06,-7.13,0.43,-0.33,-0.15,4.19,-6.5,-116.5,156.58,1753.0,0.0
1776795369670291418,129945,9.2,68.9,10.808,-0.4,0.0,1.07,-174.06,1.81,-7.5,0.48,-0.33,-0.13,-4.06,-18.5,-96.44,140.46,1281.0,0.0
1776795369768580549,130045,10.388,129.9,9.472,0.5,-0.02,1.46,-165.56,3.19,-7.13,0.96,-0.03,-0.55,-10.19,-26.0,-75.5,143.55,932.0,0.0
1776795369866879977,130145,9.312,152.1,10.772,-0.8,-0.04,0.88,-158.63,4.5,-6.38,0.42,-0.13,-1.17,-15.88,-11.94,-63.69,160.87,932.0,0.0
1776795369969294606,130245,9.26,110.8,10.792,-1.1,0.02,0.8,-153.06,4.75,-5.13,-0.43,-0.1,-1.14,-19.5,-4.88,-46.88,150.92,861.0,0.0
1776795370067607246,130345,10.752,147.9,9.508,0.2,0.04,0.7,-149.75,5.69,-3.69,-0.71,-0.48,0.12,-13.44,-20.87,-22.31,142.17,861.0,0.0
1776795370175955151,130445,9.276,107.3,10.78,-0.9,0.02,1.27,-148.44,7.19,-2.88,-1.22,-0.16,-0.43,-5.94,-13.44,-5.13,142.17,1088.0,0.0
1776795370268305398,130544,10.652,379.3,9.552,-1.3,-0.04,2.4,-148.44,7.06,-2.25,-1.81,0.32,-1.03,-6.31,11.69,4.94,155.21,716.0,0.0
1776795370366555215,130643,9.304,118.7,10.808,-1.1,-0.1,0.63,-149.38,5.5,-1.25,-2.1,0.42,-1.48,-11.25,22.12,13.06,608.14,716.0,0.0
