timestamp_ns,time_ms,voltage_left,current_left_ma,voltage_right,current_right_ma,motor_current_left,motor_current_right,euler_x,euler_y,euler_z,acc_lin_x,acc_lin_y,acc_lin_z,gyro_x,gyro_y,gyro_z,sonar_mm,tof_mm,rpm_left,rpm_right,rotations_left,rotations_right
1775763081704378604,129463,,166071.0,0.0,1.0,0.024,0.1,0.02,0.04,167.81,-7.69,-2.25,0.02,-0.21,0.06,7.06,8.44,-7.63,1346.28,1742.0,0.0,0.0
1775763083353562323,166071,0.0,1.0,0.024,0.1,-0.02,-0.04,-167.81,-2.25,-7.69,0.21,-0.02,-0.06,-7.06,-8.44,-7.63,1346.28,1742.0,0.0,0.0,0.0,
1775763083447569567,1913,0.0,1.0,0.036,0.4,-0.06,0.0,-0.5,-2.44,-9.94,0.05,0.01,0.0,-3.31,-0.0,-0.25,1325.69,2007.0,0.0,0.0,0.0,0.0
1775763083545909495,2013,0.0,1.0,0.032,0.6,-0.02,-0.08,-0.44,-2.31,-10.13,0.0,0.17,-0.12,-0.94,0.25,-0.06,1327.24,3127.0,0.0,0.0,0.0,0.0
1775763083644229647,2113,0.0,1.1,0.028,0.0,-0.1,-0.18,-0.5,-2.31,-10.13,-0.01,-0.0,-0.01,0.94,-0.12,-1.06,1427.74,3127.0,0.0,0.0,0.0,0.0
1775763083746611234,2212,0.0,0.7,0.024,0.2,-0.04,-0.06,-0.63,-2.19,-10.13,-0.03,0.1,0.02,-0.75,-1.0,-1.0,1361.2,1253.0,0.0,0.0,0.0,0.0
1775763083844896998,2313,0.0,1.0,0.024,0.4,0.04,-0.02,-0.63,-2.13,-10.19,0.06,0.1,-0.02,0.12,-0.37,-0.25,1351.76,2566.0,0.0,0.0,0.0,0.0
1775763083947301176,2413,0.0,0.9,0.028,0.3,0.08,-0.08,-0.69,-2.0,-10.13,-0.02,0.09,0.01,0.81,-0.81,-1.12,1357.94,2566.0,0.0,0.0,0.0,0.0
1775763084045601847,2512,0.0,1.0,0.008,0.2,-0.04,-0.14,-0.81,-1.94,-10.0,0.05,0.08,-0.06,1.19,-0.63,-0.81,1340.62,1554.0,0.0,0.0,0.0,0.0
1775763084143890732,2613,0.0,1.0,0.02,0.2,-0.1,-0.02,-0.88,-1.88,-9.88,-0.06,0.17,0.04,1.75,-0.06,-0.81,1337.7,1121.0,0.0,0.0,0.0,0.0
1775763084246292419,2712,0.0,0.9,0.072,0.4,-0.12,-0.12,-0.94,-1.81,-9.69,0.06,0.06,0.04,1.0,0.25,0.12,1350.22,1121.0,0.0,0.0,0.0,0.0
1775763084344577341,2812,0.0,0.5,0.052,0.5,-0.06,-0.04,-0.88,-1.75,-9.63,-0.13,0.15,-0.02,0.75,-1.56,0.69,1349.88,1955.0,0.0,0.0,0.0,0.0
1775763084446926512,2912,0.0,0.8,0.04,0.0,0.08,-0.12,-0.81,-1.63,-9.63,-0.05,0.16,-0.08,-0.12,-1.31,1.63,11961.61,2669.0,0.0,0.0,0.0,0.0
1775763084545259858,3012,0.0,0.7,0.028,0.0,0.0,0.0,-0.56,-1.56,-9.56,0.05,0.16,0.04,1.12,0.06,2.75,1342.67,2669.0,0.0,0.0,0.0,0.0
1775763084645483120,3112,0.0,0.7,0.028,0.5,0.0,-0.1,-0.31,-1.56,-9.44,-0.11,0.09,0.03,0.63,0.25,3.06,11961.78,1769.0,0.0,0.0,0.0,0.0
1775763084745973300,3212,0.0,1.5,0.016,0.3,-0.08,-0.16,-0.0,-1.63,-9.44,-0.05,0.06,0.06,-1.12,1.06,2.81,1337.19,1769.0,0.0,0.0,0.0,0.0
1775763084844253000,3312,0.0,1.2,0.0,1.2,-0.04,-0.18,0.25,-1.63,-9.56,-0.06,0.09,0.02,-2.13,-1.56,2.31,1433.4,584.0,0.0,0.0,0.0,0.0
1775763084944471318,3411,0.0,0.6,0.028,0.5,0.0,-0.08,0.5,-1.56,-9.75,-0.01,0.11,-0.03,-1.5,0.56,2.75,11963.33,1797.0,0.0,0.0,0.0,0.0
1775763085044955942,3511,0.0,1.0,0.02,0.2,-0.08,-0.1,0.75,-1.63,-9.81,0.0,0.05,-0.09,0.06,0.37,3.06,1383.15,1797.0,0.0,0.0,0.0,0.0
1775763085147345453,3612,0.0,0.9,0.032,0.5,0.06,-0.1,1.0,-1.75,-9.69,-0.03,0.01,-0.03,2.38,1.0,2.13,1372.69,1450.0,0.0,0.0,0.0,0.0
1775763085245648867,3712,0.0,1.0,0.064,0.2,0.0,0.02,1.12,-1.88,-9.44,-0.07,0.01,0.04,2.69,1.19,0.75,1338.04,1784.0,0.0,0.0,0.0,0.0
1775763085347982880,3813,0.0,0.9,0.052,0.1,-0.02,0.02,1.06,-1.94,-9.25,-0.02,0.01,0.06,0.5,0.25,-0.94,1333.24,1784.0,0.0,0.0,0.0,0.0
1775763085446285071,3912,0.0,1.0,0.044,0.3,0.06,0.02,0.94,-1.88,-9.25,-0.01,0.08,-0.03,-0.44,0.75,-1.31,1426.88,1979.0,0.0,0.0,0.0,0.0
1775763085548690675,4013,0.0,0.6,0.032,0.1,0.18,-0.12,0.81,-1.94,-9.25,-0.01,0.07,-0.02,-0.25,1.25,-1.25,1438.37,2039.0,0.0,0.0,0.0,0.0
1775763085648935020,4114,0.0,1.0,0.036,0.1,-0.04,-0.06,0.69,-2.06,-9.25,-0.03,0.04,-0.02,0.37,1.19,-2.25,11960.75,2547.0,0.0,0.0,0.0,0.0
1775763085749405136,4214,0.0,0.9,0.024,0.5,0.02,-0.04,0.44,-2.13,-9.25,0.01,0.02,0.0,-0.25,-0.06,-2.25,1323.81,2547.0,0.0,0.0,0.0,0.0
1775763085847707179,4314,0.0,0.6,0.02,0.5,-0.02,-0.06,0.19,-2.06,-9.31,-0.06,0.06,-0.01,-1.56,0.44,-3.38,1354.16,2547.0,0.0,0.0,0.0,0.0
1775763085958081598,4414,0.0,0.7,0.016,0.2,0.16,0.0,-0.12,-2.06,-9.5,0.04,0.05,-0.08,-1.94,-0.12,-2.81,11961.95,2074.0,0.0,0.0,0.0,0.0
1775763086048405890,4514,0.0,0.9,0.02,0.3,-0.04,-0.12,-0.37,-2.06,-9.63,0.0,0.08,-0.08,0.12,0.69,-2.81,1367.54,954.0,0.0,0.0,0.0,0.0
1775763086150801800,4615,0.0,1.1,0.044,0.2,-0.02,0.0,-0.63,-2.0,-9.56,0.06,0.03,-0.01,0.88,-0.19,-1.69,1343.7,954.0,0.0,0.0,0.0,0.0
1775763086249087891,4715,0.0,1.0,0.06,0.2,0.16,-0.04,-0.81,-2.0,-9.44,-0.03,0.12,-0.04,1.06,0.12,-1.44,1332.9,2125.0,0.0,0.0,0.0,0.0
1775763086347414555,4814,0.0,1.1,0.048,0.4,-0.12,-0.02,-0.88,-2.0,-9.38,0.02,0.06,-0.02,1.19,0.69,-0.44,1319.69,1398.0,0.0,0.0,0.0,0.0
1775763086449734745,4915,0.0,0.9,0.032,0.3,-0.1,-0.06,-0.88,-2.0,-9.31,-0.02,0.06,0.01,0.5,0.19,-0.06,1334.61,1398.0,0.0,0.0,0.0,0.0
1775763086548048817,5015,0.0,1.1,0.036,0.3,0.04,-0.02,-0.88,-2.0,-9.31,-0.02,0.08,0.02,-0.0,-0.31,0.5,1342.5,1803.0,0.0,0.0,0.0,0.0
1775763086658397541,5115,0.0,0.7,0.032,0.4,0.12,0.0,-0.81,-2.0,-9.31,0.0,0.04,-0.03,-0.63,0.37,0.25,11961.1,1784.0,0.0,0.0,0.0,0.0
1775763086748774483,5215,0.0,0.9,0.02,0.2,-0.1,-0.1,-0.88,-2.06,-9.31,-0.04,0.01,-0.02,-0.12,0.56,0.19,1333.93,1784.0,0.0,0.0,0.0,0.0
1775763086859058413,5315,0.0,1.0,0.032,0.2,0.1,-0.14,-0.88,-2.06,-9.31,0.03,0.05,-0.01,-0.06,-0.0,0.25,11961.95,2121.0,0.0,0.0,0.0,0.0
1775763086949456947,5415,0.0,0.9,0.02,0.5,-0.04,0.04,-0.88,-2.06,-9.31,-0.04,-0.0,0.0,-0.31,0.81,-0.37,1346.1,2121.0,0.0,0.0,0.0,0.0
1775763087047712750,5515,0.0,0.5,0.008,-0.1,-0.04,0.02,-0.88,-2.06,-9.38,0.02,0.04,0.0,-0.56,-0.12,0.31,1352.79,706.0,0.0,0.0,0.0,0.0
1775763087152044028,5615,0.0,0.9,0.036,0.5,-0.06,-0.04,-0.81,-2.13,-9.38,0.04,0.04,-0.01,0.5,0.37,0.0,11965.55,1658.0,0.0,0.0,0.0,0.0
1775763087248485066,5715,0.0,0.9,0.056,0.2,-0.02,-0.08,-0.81,-2.13,-9.38,-0.03,0.04,0.05,0.63,0.63,0.81,1375.77,1658.0,0.0,0.0,0.0,0.0
1775763087350851542,5815,0.0,0.9,0.044,0.6,-0.14,-0.08,-0.75,-2.25,-9.38,0.03,-0.0,-0.02,-0.88,1.25,1.06,11962.3,3012.0,0.0,0.0,0.0,0.0
1775763087449165051,5915,0.0,0.9,0.04,0.2,-0.02,-0.1,-0.75,-2.25,-9.38,0.05,-0.02,-0.02,0.63,-0.56,-1.06,11961.78,381.0,0.0,0.0,0.0,0.0
1775763087551491381,6016,0.0,0.7,0.032,0.3,-0.06,-0.02,-0.81,-2.19,-9.31,0.01,0.05,-0.06,0.88,-1.12,-1.25,1350.73,381.0,0.0,0.0,0.0,0.0
1775763087661826687,6117,0.0,0.8,0.028,0.1,0.02,-0.14,-0.94,-2.13,-9.19,-0.01,0.12,-0.07,1.0,0.31,-1.12,11961.1,345.0,0.0,0.0,0.0,0.0
1775763087754130852,6217,0.0,1.1,0.016,0.2,-0.04,0.04,-1.0,-2.13,-9.19,0.0,0.08,-0.01,0.25,-0.12,-0.88,11960.07,1361.0,0.0,0.0,0.0,0.0
1775763087850515188,6317,0.0,1.0,0.012,0.4,0.04,-0.04,-1.19,-2.06,-9.19,0.03,0.04,-0.07,0.06,0.5,-1.75,1323.47,1361.0,0.0,0.0,0.0,0.0
1775763087952902405,6417,0.0,1.1,0.016,-0.1,-0.08,0.02,-1.25,-2.06,-9.13,-0.01,0.09,-0.05,1.19,0.06,-0.56,1336.16,1893.0,0.0,0.0,0.0,0.0
1775763088051198525,6516,0.0,1.0,0.012,0.2,0.08,0.0,-1.25,-2.06,-9.06,0.01,0.06,-0.06,0.31,0.19,0.06,1336.67,1893.0,0.0,0.0,0.0,0.0
1775763088153592641,6617,0.0,0.9,0.028,0.1,0.08,-0.06,-1.31,-2.25,-8.94,0.0,0.05,0.02,2.25,3.13,-0.94,1322.09,1415.0,0.0,0.0,0.0,0.0
1775763088251885384,6718,0.0,0.9,0.064,0.2,0.04,-0.18,-1.31,-2.31,-8.88,-0.03,-0.04,0.0,0.06,-1.75,1.44,1320.38,2304.0,0.0,0.0,0.0,0.0
1775763088354293759,6817,0.0,0.9,0.048,0.6,0.04,-0.02,-1.19,-2.19,-8.88,-0.05,0.04,0.0,0.25,-0.81,-0.06,1341.82,2304.0,0.0,0.0,0.0,0.0
1775763088452569225,6917,0.0,0.7,0.036,0.1,0.02,0.02,-1.19,-2.19,-8.88,-0.01,0.06,-0.01,-0.56,-0.25,0.0,1325.69,2125.0,0.0,0.0,0.0,0.0
1775763088562862837,7018,0.0,1.0,0.032,0.5,-0.14,-0.06,-1.25,-2.25,-8.88,-0.05,0.04,-0.04,0.31,1.5,-0.81,11959.72,2700.0,0.0,0.0,0.0,0.0
1775763088653261991,7118,0.0,1.0,0.028,0.2,0.08,-0.14,-1.31,-2.38,-8.88,0.02,0.03,-0.01,1.12,2.13,-0.88,1401.5,2700.0,0.0,0.0,0.0,0.0
1775763088763566936,7218,0.0,1.1,0.02,0.5,-0.08,-0.12,-1.37,-2.5,-8.69,-0.06,0.05,0.0,1.25,-0.12,0.31,11961.61,1744.0,0.0,0.0,0.0,0.0
1775763088853947127,7318,0.0,1.0,0.02,0.3,0.08,-0.14,-1.44,-2.5,-8.69,-0.04,0.04,0.02,-0.44,0.69,-1.06,1402.7,2926.0,0.0,0.0,0.0,0.0
1775763088954172468,7418,0.0,0.9,0.028,0.5,0.1,0.04,-1.44,-2.44,-8.81,-0.02,0.14,-0.08,-1.56,-1.0,-0.25,11959.21,2241.0,0.0,0.0,0.0,0.0
1775763089062651779,7518,0.0,0.8,0.02,0.2,0.0,-0.08,-1.44,-2.44,-8.88,0.0,0.05,-0.09,-0.0,-0.0,0.12,11959.72,2241.0,0.0,0.0,0.0,0.0
1775763089152942802,7618,0.0,0.8,0.028,0.2,-0.06,-0.08,-1.44,-2.44,-8.88,0.0,0.04,-0.05,0.37,-0.25,0.37,1330.33,2241.0,0.0,0.0,0.0,0.0
1775763089255357761,7718,0.0,0.8,0.06,0.4,0.06,-0.08,-1.37,-2.44,-8.81,-0.06,0.09,0.03,0.5,-0.31,1.06,11960.92,498.0,0.0,0.0,0.0,0.0
1775763089353586870,7818,0.0,0.9,0.06,0.8,0.02,-0.04,-1.31,-2.44,-8.81,0.01,0.03,0.0,-0.56,-0.06,0.94,1319.01,1877.0,0.0,0.0,0.0,0.0
1775763089451859034,7918,0.0,1.3,0.04,0.5,0.02,-0.14,-1.25,-2.44,-8.81,-0.05,0.07,-0.08,-0.56,0.19,-0.12,1314.89,1877.0,0.0,0.0,0.0,0.0
1775763089554317862,8017,0.0,1.3,0.028,0.2,-0.02,-0.18,-1.25,-2.44,-8.88,0.0,0.04,-0.05,0.06,-0.5,-0.5,1358.45,589.0,0.0,0.0,0.0,0.0
1775763089652620690,8118,0.0,1.3,0.024,0.5,0.12,-0.08,-1.31,-2.38,-8.88,0.02,0.06,-0.04,-0.06,-0.06,-1.37,1336.67,2095.0,0.0,0.0,0.0,0.0
1775763089750891853,8217,0.0,1.1,0.02,0.3,-0.02,-0.16,-1.44,-2.38,-8.81,0.02,0.06,-0.04,1.5,-0.0,-1.0,1323.98,2095.0,0.0,0.0,0.0,0.0
1775763089853305387,8316,0.0,1.4,0.012,0.2,-0.18,-0.12,-1.5,-2.38,-8.69,0.0,0.09,-0.03,1.37,-0.25,-0.06,1332.04,2731.0,0.0,0.0,0.0,0.0
1775763089951598845,8416,0.0,1.0,0.02,0.2,-0.06,-0.02,-1.5,-2.38,-8.56,0.02,0.09,-0.04,1.06,-0.0,-0.56,1326.72,2373.0,0.0,0.0,0.0,0.0
1775763090049907681,8515,0.0,1.4,0.012,0.2,-0.02,0.04,-1.63,-2.38,-8.56,0.0,0.07,-0.02,-0.88,-0.31,-1.19,1311.46,2373.0,0.0,0.0,0.0,0.0
1775763090160227459,8614,0.0,1.4,0.028,0.4,-0.14,0.0,-1.75,-2.25,-8.69,0.05,0.04,-0.13,-0.75,-1.06,-1.56,11961.78,1949.0,0.0,0.0,0.0,0.0
1775763090250593586,8714,0.0,1.2,0.06,0.4,0.0,-0.18,-1.88,-2.13,-8.69,0.0,0.13,-0.05,0.06,-1.25,-1.63,1453.63,1949.0,0.0,0.0,0.0,0.0
1775763090348871669,8814,0.0,1.5,0.056,0.3,-0.04,-0.1,-2.0,-2.0,-8.63,0.0,0.11,-0.01,0.75,-0.94,-1.25,1330.15,2483.0,0.0,0.0,0.0,0.0
1775763090451244160,8913,0.0,1.1,0.028,0.3,0.0,-0.2,-2.0,-1.94,-8.63,0.0,0.13,0.03,-0.0,-0.5,0.56,1331.7,1690.0,0.0,0.0,0.0,0.0
1775763090549510780,9014,0.0,1.3,0.028,0.5,0.1,-0.04,-1.94,-1.94,-8.63,0.05,0.14,-0.07,-0.75,-0.44,1.94,1318.32,1690.0,0.0,0.0,0.0,0.0
1775763090651970174,9115,0.0,1.5,0.028,0.4,-0.1,0.0,-1.63,-2.0,-8.63,-0.01,0.09,-0.12,1.75,2.25,3.13,1333.76,2581.0,0.0,0.0,0.0,0.0
1775763090750254979,9214,0.0,1.4,0.028,0.3,-0.16,0.0,-1.44,-2.19,-8.5,-0.01,-0.0,-0.03,0.88,0.44,1.75,1319.69,1421.0,0.0,0.0,0.0,0.0
1775763090858587569,9314,0.0,0.6,0.02,0.7,0.02,-0.16,-1.25,-2.25,-8.44,-0.01,0.12,0.0,0.88,1.12,2.0,1333.07,1421.0,0.0,0.0,0.0,0.0
1775763090950959513,9414,0.0,0.9,0.02,0.3,-0.06,-0.02,-1.12,-2.31,-8.38,0.02,0.06,0.0,0.06,0.44,1.19,1414.36,778.0,0.0,0.0,0.0,0.0
1775763091049224159,9513,0.0,0.7,0.02,0.3,0.0,-0.06,-1.06,-2.44,-8.38,0.0,0.01,-0.01,0.56,1.06,-0.37,1350.56,1543.0,0.0,0.0,0.0,0.0
1775763091151636808,9614,0.0,0.7,0.024,0.4,-0.02,-0.06,-1.19,-2.44,-8.38,-0.01,-0.0,-0.05,0.25,0.25,-2.56,1459.46,1543.0,0.0,0.0,0.0,0.0
1775763091249935217,9713,0.0,0.9,0.052,0.6,-0.1,0.04,-1.44,-2.44,-8.31,0.01,0.11,-0.06,1.37,-0.5,-2.88,1326.21,1967.0,0.0,0.0,0.0,0.0
1775763091352317960,9814,0.0,1.0,0.052,0.3,0.0,-0.14,-1.75,-2.38,-8.19,-0.04,0.13,-0.01,1.31,0.69,-3.5,1321.06,1967.0,0.0,0.0,0.0,0.0
1775763091450585093,9914,0.0,1.2,0.04,0.6,-0.04,-0.14,-2.06,-2.38,-8.13,-0.04,0.16,-0.04,-0.06,0.25,-2.56,1319.86,1156.0,0.0,0.0,0.0,0.0
1775763091548916353,10013,0.0,1.2,0.032,0.2,0.08,-0.04,-2.25,-2.38,-8.19,-0.02,0.13,0.0,-0.88,0.06,-1.25,1316.26,1345.0,0.0,0.0,0.0,0.0
1775763091651328354,10113,0.0,1.1,0.028,0.3,-0.06,-0.16,-2.38,-2.31,-8.25,0.0,0.15,-0.07,-0.12,-0.25,-0.94,1342.84,1345.0,0.0,0.0,0.0,0.0
1775763091749613449,10213,0.0,0.8,0.02,0.3,0.02,-0.06,-2.38,-2.31,-8.19,0.02,0.14,0.0,1.31,0.06,-0.37,1328.1,1302.0,0.0,0.0,0.0,0.0
1775763091847974949,10312,0.0,0.9,0.024,0.3,0.04,0.14,-2.38,-2.31,-8.13,0.0,0.15,0.06,0.56,-0.25,0.31,1345.76,1496.0,0.0,0.0,0.0,0.0
1775763091950314619,10413,0.0,0.9,0.02,0.2,-0.06,-0.08,-2.31,-2.38,-8.0,-0.02,0.15,-0.04,0.88,0.75,1.12,1310.6,1496.0,0.0,0.0,0.0,0.0
1775763092048572556,10513,0.0,0.9,0.012,0.2,0.04,-0.02,-2.25,-2.38,-7.94,0.07,0.05,-0.02,1.06,-1.12,-0.25,1324.84,1029.0,0.0,0.0,0.0,0.0
1775763092151012475,10613,0.0,1.0,0.028,0.1,0.06,0.04,-2.25,-2.25,-7.81,-0.06,0.08,-0.04,1.5,-0.75,-0.06,1336.67,2129.0,0.0,0.0,0.0,0.0
1775763092249291639,10713,0.0,0.7,0.072,0.2,-0.06,-0.16,-2.19,-2.19,-7.75,0.05,0.12,0.09,0.12,-1.69,0.88,1321.24,2129.0,0.0,0.0,0.0,0.0
1775763092351689189,10814,0.0,0.9,0.052,0.0,0.1,-0.16,-2.06,-1.94,-7.75,-0.06,0.18,0.0,-0.69,-1.94,1.69,1325.01,1967.0,0.0,0.0,0.0,0.0
1775763092455963486,10913,0.0,1.0,0.04,0.3,-0.06,0.04,-1.88,-1.88,-7.81,0.01,0.03,-0.06,-0.44,-0.37,2.19,11961.1,2224.0,0.0,0.0,0.0,0.0
1775763092552352145,11013,0.0,0.9,0.036,0.2,0.02,-0.14,-1.81,-1.88,-7.75,0.05,0.04,-0.05,0.81,-0.0,-0.06,1324.67,2224.0,0.0,0.0,0.0,0.0
1775763092650685085,11113,0.0,0.7,0.028,0.3,-0.04,-0.02,-1.81,-1.88,-7.69,-0.02,0.11,0.04,1.0,0.25,-0.69,1404.76,1381.0,0.0,0.0,0.0,0.0
1775763092748962082,11213,0.0,1.4,0.02,0.7,-0.1,-0.12,-1.88,-1.94,-7.69,0.08,0.1,0.1,-0.81,1.63,-0.06,1362.57,1381.0,0.0,0.0,0.0,0.0
1775763092851363262,11313,0.0,1.3,0.0,1.0,-0.14,-0.08,-1.88,-2.06,-7.81,-0.06,0.06,0.0,-1.88,1.63,-0.37,1369.43,1759.0,0.0,0.0,0.0,0.0
1775763092959684373,11414,0.0,0.1,0.012,0.1,0.08,-0.16,-2.0,-2.13,-8.0,0.03,0.04,-0.04,-2.13,-0.0,-1.19,1407.67,726.0,0.0,0.0,0.0,0.0
1775763093052106752,11514,0.0,1.1,0.016,0.2,-0.1,-0.02,-2.0,-2.13,-8.06,-0.02,0.13,-0.08,-0.0,-0.5,-0.63,1403.56,726.0,0.0,0.0,0.0,0.0
1775763093160377728,11615,0.0,0.9,0.028,0.5,-0.02,-0.06,-2.06,-2.06,-8.06,0.04,0.05,-0.01,0.56,-0.25,-0.69,1330.67,1925.0,0.0,0.0,0.0,0.0
1775763093252750826,11714,0.0,1.0,0.06,0.3,0.1,-0.04,-2.13,-2.0,-8.06,0.18,0.23,-0.28,1.37,-0.81,-0.06,1313.52,2208.0,0.0,0.0,0.0,0.0
1775763093351008782,11814,0.0,1.1,0.048,0.2,0.0,0.0,-2.13,-1.88,-8.0,0.04,0.1,-0.06,1.06,-0.0,0.06,1325.52,2208.0,0.0,0.0,0.0,0.0
1775763093453391660,11915,0.0,0.9,0.036,0.3,0.0,0.04,-2.13,-1.88,-7.88,0.05,0.09,0.0,1.25,0.12,0.0,1327.41,1360.0,0.0,0.0,0.0,0.0
1775763093551736484,12014,0.0,0.7,0.04,0.4,0.04,-0.06,-2.13,-1.94,-7.75,-0.01,0.1,0.0,1.81,1.0,0.06,1326.72,1360.0,0.0,0.0,0.0,0.0
1775763093654167916,12114,0.0,1.0,0.028,0.3,-0.08,0.08,-2.13,-2.0,-7.56,-0.05,0.1,0.0,1.31,0.88,0.19,1308.2,298.0,0.0,0.0,0.0,0.0
1775763093752412650,12215,0.0,0.8,0.028,0.5,0.0,-0.1,-2.13,-2.13,-7.56,0.01,-0.0,-0.02,0.06,0.44,0.31,1327.58,1043.0,0.0,0.0,0.0,0.0
1775763093850718956,12314,0.0,1.2,0.012,0.1,-0.02,-0.02,-2.13,-2.13,-7.56,0.0,0.07,-0.01,0.56,0.81,-0.5,1323.12,1043.0,0.0,0.0,0.0,0.0
1775763093953109352,12413,0.0,1.2,0.02,0.3,0.16,-0.12,-2.19,-2.13,-7.38,0.01,0.04,0.0,1.0,-0.25,-1.44,1323.47,2223.0,0.0,0.0,0.0,0.0
1775763094051402185,12514,0.0,0.9,0.02,1.3,0.02,0.0,-2.38,-2.13,-7.31,-0.04,0.12,0.02,0.94,0.06,-2.19,1308.89,1557.0,0.0,0.0,0.0,0.0
1775763094149681487,12613,0.0,1.2,0.032,0.4,-0.1,-0.23,-2.56,-2.06,-7.25,-0.01,0.15,0.01,0.25,-0.56,-1.63,1332.21,1557.0,0.0,0.0,0.0,0.0
1775763094252086729,12713,0.0,1.3,0.048,0.3,-0.1,-0.04,-2.75,-2.06,-7.31,0.05,0.14,0.03,-0.12,-0.5,-1.37,1348.33,1558.0,0.0,0.0,0.0,0.0
1775763094350386253,12813,0.0,1.2,0.052,0.3,0.06,-0.06,-2.75,-2.0,-7.31,0.0,0.23,-0.01,-0.25,-0.31,-0.44,1326.38,868.0,0.0,0.0,0.0,0.0
1775763094448600984,12912,0.0,1.4,0.04,0.4,0.06,-0.14,-2.75,-1.94,-7.25,-0.03,0.06,-0.04,-0.31,0.31,-0.5,1329.13,868.0,0.0,0.0,0.0,0.0
1775763094551038299,13012,0.0,0.1,0.0,1.1,-0.06,0.06,-2.75,-1.94,-7.31,0.0,0.11,-0.02,-0.5,-0.12,-0.31,1354.51,1053.0,0.0,0.0,0.0,0.0
1775763094649324731,13112,0.0,0.9,0.024,0.4,-0.02,-0.02,-2.75,-1.88,-7.38,0.0,0.18,-0.09,-0.56,0.19,0.12,1341.82,1053.0,0.0,0.0,0.0,0.0
1775763094751771249,13213,0.0,0.9,0.036,0.2,-0.16,0.04,-2.69,-1.88,-7.38,0.09,0.05,-0.06,0.69,0.12,1.06,1317.12,843.0,0.0,0.0,0.0,0.0
1775763094854165325,13314,0.0,0.7,0.024,0.2,0.06,-0.02,-2.56,-1.88,-7.25,-0.04,0.1,-0.03,0.75,-0.31,1.63,1323.81,1268.0,0.0,0.0,0.0,0.0
1775763094952451997,13414,0.0,0.9,0.024,0.3,0.1,-0.1,-2.44,-1.88,-7.25,0.05,0.04,-0.01,-0.06,0.5,1.5,1323.29,1268.0,0.0,0.0,0.0,0.0
1775763095050757806,13513,0.0,0.7,0.024,0.2,0.02,-0.02,-2.31,-1.88,-7.25,0.01,0.03,-0.06,-0.19,0.63,1.12,1302.89,1323.0,0.0,0.0,0.0,0.0
1775763095153147433,13614,0.0,1.1,0.024,0.5,0.14,-0.02,-2.25,-1.94,-7.25,0.02,0.04,-0.01,0.75,0.63,0.31,1296.2,2047.0,0.0,0.0,0.0,0.0
1775763095255565984,13715,0.0,0.9,0.06,0.6,0.1,-0.08,-2.25,-2.0,-7.19,-0.01,0.03,-0.01,0.81,0.94,-0.63,1325.18,2047.0,0.0,0.0,0.0,0.0
1775763095353842189,13814,0.0,1.0,0.052,0.3,-0.02,-0.04,-2.38,-2.0,-7.13,0.04,0.01,-0.02,0.06,0.5,-1.06,1304.26,1311.0,0.0,0.0,0.0,0.0
1775763095452073859,13914,0.0,0.9,0.04,0.3,0.1,-0.1,-2.5,-2.0,-7.13,0.0,0.15,0.01,0.81,0.56,-1.25,1316.78,1618.0,0.0,0.0,0.0,0.0
1775763095554491985,14015,0.0,1.1,0.024,0.3,-0.02,-0.12,-2.56,-2.13,-7.06,0.0,0.06,0.02,0.37,1.69,-0.44,1365.83,1618.0,0.0,0.0,0.0,0.0
1775763095652822521,14114,0.0,0.9,0.028,0.3,0.0,-0.25,-2.56,-2.25,-7.13,-0.02,0.07,0.0,-0.94,1.06,-0.06,1352.62,1847.0,0.0,0.0,0.0,0.0
1775763095755211259,14214,0.0,0.8,0.024,0.5,-0.08,-0.06,-2.56,-2.31,-7.19,-0.09,0.1,-0.03,0.06,-1.25,0.12,1513.14,1086.0,0.0,0.0,0.0,0.0
1775763095853507815,14315,0.0,0.7,0.016,0.3,0.02,0.06,-2.63,-2.38,-7.31,0.06,0.19,0.01,-3.25,2.94,-1.37,1341.82,1086.0,0.0,0.0,0.0,0.0
1775763095951763522,14414,0.0,0.8,0.02,0.4,0.12,-0.02,-2.81,-2.63,-7.56,0.02,0.08,0.01,-1.12,2.63,-1.63,1309.57,1677.0,0.0,0.0,0.0,0.0
1775763096056106472,14515,0.0,0.3,0.0,1.5,-0.02,-0.04,-2.88,-2.81,-7.75,0.0,0.01,0.01,-2.81,0.44,0.56,11959.9,1940.0,0.0,0.0,0.0,0.0
1775763096152466505,14615,0.0,1.3,0.032,0.3,-0.12,-0.14,-2.81,-2.81,-8.0,0.0,0.04,-0.14,-3.06,-1.25,0.12,1408.53,1940.0,0.0,0.0,0.0,0.0
1775763096254893458,14715,0.0,1.4,0.06,0.3,-0.14,-0.12,-2.81,-2.75,-8.38,-0.06,0.1,-0.08,-3.13,2.13,-1.5,1423.96,1999.0,0.0,0.0,0.0,0.0
1775763096353183603,14815,0.0,1.2,0.048,0.3,0.14,-0.18,-2.88,-2.94,-8.56,0.13,-0.03,-0.17,-3.0,-0.06,0.5,1323.29,1999.0,0.0,0.0,0.0,0.0
1775763096461535612,14915,0.0,1.5,0.044,0.3,-0.02,-0.04,-2.88,-2.75,-9.0,-0.04,-0.05,0.06,-6.44,-3.31,-0.44,11960.75,1070.0,0.0,0.0,0.0,0.0
1775763096555742374,15015,0.0,1.1,0.028,0.3,0.06,0.06,-3.0,-2.5,-9.75,-0.14,-0.01,0.05,-8.5,-1.12,-2.06,11960.24,2098.0,0.0,0.0,0.0,0.0
1775763096658179919,15115,0.0,1.2,0.028,0.5,-0.04,0.0,-3.19,-2.31,-10.5,0.0,-0.01,-0.11,-5.94,-1.06,-2.38,11958.87,1883.0,0.0,0.0,0.0,0.0
1775763096756492212,15215,0.0,1.3,0.016,0.5,-0.1,-0.02,-3.19,-1.94,-10.94,0.19,0.1,-0.08,-3.88,-4.13,0.94,11960.07,1883.0,0.0,0.0,0.0,0.0
1775763096858865334,15315,0.0,1.3,0.016,0.1,0.06,-0.1,-3.25,-1.75,-11.19,0.02,0.24,-0.01,-1.06,0.25,-2.0,11957.84,2372.0,0.0,0.0,0.0,0.0
1775763096957159646,15415,0.0,1.2,0.012,0.3,-0.06,0.0,-3.38,-1.94,-11.31,0.06,0.07,-0.02,-1.25,2.19,-0.44,11956.64,990.0,0.0,0.0,0.0,0.0
1775763097053529826,15515,0.0,1.3,0.004,0.7,0.04,0.04,-3.31,-1.94,-11.5,0.13,-0.0,-0.21,-3.06,-2.56,0.94,1491.36,990.0,0.0,0.0,0.0,0.0
1775763097155941053,15616,0.0,1.2,0.032,0.6,0.1,-0.12,-3.25,-1.81,-11.69,-0.12,0.22,-0.07,-1.63,-0.5,-1.19,1483.47,990.0,0.0,0.0,0.0,0.0
1775763097258334540,15717,0.0,1.3,0.056,0.3,0.08,-0.08,-3.38,-1.94,-11.69,0.11,-0.02,-0.04,2.06,0.94,-1.63,1368.23,2568.0,0.0,0.0,0.0,0.0
1775763097356618423,15816,0.0,1.3,0.028,0.3,0.04,-0.06,-3.5,-1.81,-11.44,0.0,0.04,-0.03,3.44,-1.5,-1.19,1371.14,2644.0,0.0,0.0,0.0,0.0
1775763097454888288,15916,0.0,1.5,0.036,0.5,-0.16,0.0,-3.56,-1.69,-11.0,-0.06,0.02,-0.06,4.44,-2.44,0.69,1407.5,2644.0,0.0,0.0,0.0,0.0
1775763097557294497,16016,0.0,1.3,0.032,0.3,0.16,-0.02,-3.5,-1.44,-10.88,-0.14,0.13,0.0,-2.94,0.81,0.56,1425.17,916.0,0.0,0.0,0.0,0.0
1775763097655615545,16115,0.0,1.3,0.028,0.6,-0.12,-0.02,-3.38,-1.56,-11.13,-0.05,0.17,0.03,-2.31,0.88,1.81,1417.96,2987.0,0.0,0.0,0.0,0.0
1775763097758014365,16216,0.0,1.4,0.02,0.5,-0.1,-0.14,-3.25,-1.56,-11.38,0.0,0.09,-0.12,-2.38,-0.31,-0.31,1380.92,2987.0,0.0,0.0,0.0,0.0
1775763097856303655,16316,0.0,1.2,0.012,0.5,0.04,-0.1,-3.31,-1.63,-11.56,0.08,-0.0,-0.01,-1.19,2.19,-1.06,1411.44,1898.0,0.0,0.0,0.0,0.0
1775763097956516835,16416,0.0,1.1,0.02,0.2,0.06,-0.06,-3.44,-1.75,-11.69,-0.07,0.07,0.0,-0.31,1.25,-1.12,11957.49,1582.0,0.0,0.0,0.0,0.0
1775763098058905793,16516,0.0,1.2,0.016,0.4,-0.06,0.1,-3.5,-1.69,-11.63,0.08,0.05,-0.1,1.94,-1.56,-0.19,11956.81,2065.0,0.0,0.0,0.0,0.0
1775763098157292465,16616,0.0,1.1,0.028,0.5,0.18,-0.08,-3.5,-1.56,-11.44,0.08,-0.17,0.0,3.75,-3.0,0.88,11960.41,2065.0,0.0,0.0,0.0,0.0
1775763098257687246,16716,0.0,1.3,0.064,0.1,0.08,-0.16,-3.31,-1.31,-11.0,-0.03,0.29,-0.15,3.0,-1.25,2.5,1354.51,2065.0,0.0,0.0,0.0,0.0
1775763098355966588,16816,0.0,1.3,0.048,0.3,0.04,-0.08,-3.06,-1.44,-10.88,-0.09,0.07,-0.15,-0.81,3.94,5.5,1335.13,2353.0,0.0,0.0,0.0,0.0
1775763098458329054,16917,0.0,1.2,0.036,0.2,-0.14,-0.08,-2.56,-1.81,-10.88,0.1,-0.16,-0.04,0.88,1.0,3.31,1333.24,1990.0,0.0,0.0,0.0,0.0
1775763098556654821,17016,0.0,1.2,0.028,0.5,0.04,-0.02,-2.44,-1.94,-10.69,0.0,-0.29,0.0,2.25,-0.56,-0.31,1336.33,1990.0,0.0,0.0,0.0,0.0
1775763098654960607,17116,0.0,1.2,0.028,0.1,-0.02,-0.12,-2.5,-1.56,-10.69,0.0,0.04,0.15,-1.63,-6.31,-0.19,1349.88,1752.0,0.0,0.0,0.0,0.0
1775763098757357849,17216,0.0,1.1,0.008,0.5,0.1,-0.14,-2.38,-1.31,-10.88,-0.08,0.43,0.14,-0.81,1.12,1.81,1342.5,1308.0,0.0,0.0,0.0,0.0
1775763098855715466,17315,0.0,1.3,0.016,0.5,0.08,-0.16,-2.06,-1.63,-10.94,0.17,-0.06,-0.2,-1.37,3.13,4.94,1356.56,1308.0,0.0,0.0,0.0,0.0
1775763098965966095,17416,0.0,1.2,0.016,0.5,0.02,-0.14,-1.5,-2.13,-10.56,0.05,-0.06,-0.1,7.63,6.56,6.56,11958.52,897.0,0.0,0.0,0.0,0.0
1775763099056345064,17516,0.0,1.2,0.0,0.3,-0.02,-0.08,-1.25,-2.94,-9.44,0.0,-0.27,-0.26,13.44,6.06,0.37,1342.84,897.0,0.0,0.0,0.0,0.0
1775763099154656310,17615,0.0,1.2,0.04,0.3,-0.02,-0.08,-1.19,-3.0,-8.25,-0.19,0.05,-0.15,13.13,-6.5,2.63,1339.24,1960.0,0.0,0.0,0.0,0.0
1775763099257043289,17715,0.0,1.3,0.056,0.2,-0.08,-0.14,-1.0,-2.44,-7.25,-0.38,0.27,0.12,7.69,-3.19,-1.06,1338.39,513.0,0.0,0.0,0.0,0.0
1775763099355301037,17816,0.0,1.5,0.048,0.3,0.02,-0.12,-1.56,-2.5,-6.88,-0.18,-0.07,0.26,-4.88,7.88,-8.81,1319.52,513.0,0.0,0.0,0.0,0.0
1775763099457736255,17915,0.0,1.3,0.032,0.3,-0.12,0.0,-2.38,-2.94,-7.56,0.21,-0.12,0.09,-8.0,2.13,-5.25,1338.04,1927.0,0.0,0.0,0.0,0.0
1775763099556006447,18016,0.0,1.0,0.036,0.5,0.18,-0.06,-2.31,-2.75,-8.5,-0.22,0.31,-0.14,-12.25,-4.88,5.06,1368.91,2239.0,0.0,0.0,0.0,0.0
1775763099654278491,18115,0.0,1.2,0.0,1.1,-0.14,0.06,-1.69,-2.44,-9.75,-0.03,0.07,-0.02,-12.0,-2.69,6.69,1331.87,2239.0,0.0,0.0,0.0,0.0
1775763099756701247,18215,0.0,1.0,0.028,0.0,-0.1,-0.06,-1.0,-2.5,-10.69,0.15,0.09,-0.06,-7.88,2.94,5.38,1371.49,1823.0,0.0,0.0,0.0,0.0
1775763099854994234,18316,0.0,0.8,0.012,0.3,-0.12,-0.08,-0.94,-3.06,-11.31,0.37,-0.14,0.1,-1.69,8.38,-1.81,1371.49,1638.0,0.0,0.0,0.0,0.0
1775763099957388620,18415,0.0,0.9,0.02,0.3,-0.08,-0.02,-1.06,-3.63,-11.44,-0.04,-0.32,-0.28,0.56,-0.19,1.56,1390.69,1638.0,0.0,0.0,0.0,0.0
1775763100055685190,18515,0.0,0.9,0.024,0.3,0.0,-0.08,-0.75,-3.25,-11.38,0.01,-0.0,-0.17,1.69,-7.25,2.88,1369.77,1263.0,0.0,0.0,0.0,0.0
1775763100158081240,18616,0.0,0.9,0.032,0.3,0.06,0.06,-0.56,-2.88,-11.06,0.1,0.16,-0.02,4.19,0.5,0.69,1392.58,2240.0,0.0,0.0,0.0,0.0
1775763100256377335,18716,0.052,-0.1,0.056,0.3,0.12,0.0,-0.56,-3.0,-10.75,0.06,0.08,0.04,2.44,-1.06,2.56,1353.65,2240.0,0.0,0.0,0.0,0.0
1775763100358764978,18817,0.0,1.3,0.032,0.3,-0.21,0.0,-0.25,-3.0,-10.5,0.0,0.19,-0.06,4.0,0.37,2.56,1361.71,1228.0,0.0,0.0,0.0,0.0
1775763100461130732,18918,0.0,1.0,0.036,0.6,0.14,-0.14,0.06,-2.94,-10.13,-0.15,-0.04,0.01,0.37,-2.88,4.25,1364.11,1228.0,0.0,0.0,0.0,0.0
1775763100559422995,19018,0.0,1.3,0.024,0.2,-0.04,0.0,0.31,-2.75,-10.31,-0.05,0.08,0.14,-8.0,-0.25,-2.19,1367.37,2083.0,0.0,0.0,0.0,0.0
1775763100661907930,19119,0.0,1.3,0.012,0.5,-0.06,0.02,-0.0,-2.81,-11.19,0.38,0.06,0.12,-8.25,2.94,-2.63,1372.17,1023.0,0.0,0.0,0.0,0.0
1775763100760160120,19220,0.0,1.1,0.016,0.2,0.02,-0.14,-0.12,-3.13,-11.81,0.07,0.35,-0.15,-3.63,4.0,-0.06,1387.61,1023.0,0.0,0.0,0.0,0.0
1775763100862519263,19319,0.0,1.1,0.02,0.2,0.14,-0.04,-0.06,-3.31,-12.0,0.07,-0.2,-0.09,0.81,-1.94,3.0,1375.09,2525.0,0.0,0.0,0.0,0.0
1775763100960839191,19419,0.0,1.2,0.016,0.5,0.0,0.02,0.31,-3.06,-11.94,-0.16,0.14,0.11,-0.56,-4.13,2.88,1388.46,1430.0,0.0,0.0,0.0,0.0
1775763101059136685,19518,0.0,1.2,0.012,0.2,0.1,-0.21,0.37,-2.88,-12.13,-0.05,0.08,0.01,-4.25,0.25,-1.31,1373.71,1430.0,0.0,0.0,0.0,0.0
1775763101157419094,19617,0.0,1.3,0.036,0.2,0.04,-0.08,0.25,-2.88,-12.38,-0.11,-0.08,-0.18,-0.88,-1.5,-0.81,1362.57,1301.0,0.0,0.0,0.0,0.0
1775763101259821807,19718,0.0,1.4,0.056,0.3,0.0,-0.1,0.25,-2.63,-12.44,-0.07,0.07,-0.03,-0.37,-2.06,-0.5,1476.61,1102.0,0.0,0.0,0.0,0.0
1775763101362191632,19819,0.0,1.4,0.056,0.1,0.02,-0.04,0.12,-2.56,-12.44,0.22,-0.02,0.08,1.56,1.25,-1.63,1468.21,1102.0,0.0,0.0,0.0,0.0
1775763101460480707,19919,0.0,1.2,0.028,0.5,-0.16,-0.06,-0.06,-2.63,-12.19,-0.16,-0.07,-0.04,3.0,-0.25,-2.13,1385.38,1898.0,0.0,0.0,0.0,0.0
1775763101562878457,20019,0.0,1.4,0.024,0.3,0.08,-0.1,-0.31,-2.56,-12.0,-0.03,-0.0,-0.08,0.75,0.12,-3.19,1430.14,1898.0,0.0,0.0,0.0,0.0
1775763101669108985,20119,0.0,1.4,0.024,0.5,0.0,-0.16,-0.75,-2.38,-12.06,0.21,-0.02,-0.1,0.81,-1.94,-5.31,11961.78,1749.0,0.0,0.0,0.0,0.0
1775763101769585680,20219,0.0,1.4,0.008,0.3,-0.1,0.0,-1.12,-2.13,-11.81,0.09,0.15,0.12,5.44,-0.75,-2.31,1518.8,2531.0,0.0,0.0,0.0,0.0
1775763101869834790,20320,0.0,1.2,0.02,0.3,0.12,0.0,-1.25,-2.06,-11.44,-0.11,0.11,0.1,1.75,0.12,-0.44,11958.52,2276.0,0.0,0.0,0.0,0.0
1775763101964262200,20420,0.0,1.3,0.016,0.2,-0.1,-0.1,-1.25,-2.13,-11.38,0.04,0.11,0.03,-0.88,1.88,-0.37,11959.9,2276.0,0.0,0.0,0.0,0.0
1775763102062547412,20520,0.0,1.4,0.016,0.3,0.0,-0.02,-1.25,-2.31,-11.38,0.04,-0.0,-0.17,2.19,0.75,1.12,1370.29,856.0,0.0,0.0,0.0,0.0
1775763102160843985,20620,0.0,1.2,0.036,0.4,0.0,-0.04,-1.12,-2.25,-11.13,-0.24,0.03,-0.19,1.19,-1.94,2.25,1356.05,856.0,0.0,0.0,0.0,0.0
1775763102263276175,20720,0.0,1.2,0.068,0.5,-0.06,0.0,-0.88,-2.25,-11.0,0.16,0.12,0.03,1.37,0.37,1.88,1349.53,1946.0,0.0,0.0,0.0,0.0
1775763102361533602,20820,0.0,1.2,0.044,0.7,-0.14,-0.04,-0.63,-2.31,-10.88,0.0,-0.07,0.04,2.38,-0.0,3.81,1339.24,738.0,0.0,0.0,0.0,0.0
1775763102463928664,20921,0.0,1.1,0.032,0.4,0.0,0.02,-0.31,-2.31,-10.75,-0.15,-0.0,0.0,-0.37,-0.69,2.56,1420.02,738.0,0.0,0.0,0.0,0.0
1775763102566322226,21022,0.0,1.3,0.048,0.6,0.0,-0.08,-0.12,-2.44,-10.75,0.02,-0.05,0.01,0.12,1.12,1.56,1424.14,1971.0,0.0,0.0,0.0,0.0
1775763102664618095,21123,0.0,1.2,0.024,0.2,-0.02,-0.06,-0.06,-2.5,-10.75,0.01,-0.03,0.01,-0.44,-1.12,0.12,1399.61,1971.0,0.0,0.0,0.0,0.0
1775763102767019990,21224,0.0,1.2,0.028,0.3,0.0,-0.2,-0.06,-2.38,-10.75,-0.08,0.05,-0.08,-0.5,0.12,-1.0,1357.94,1004.0,0.0,0.0,0.0,0.0
1775763102865305490,21324,0.0,1.2,0.02,0.3,-0.08,-0.14,-0.25,-2.44,-10.81,0.13,-0.03,0.04,2.06,1.63,-1.81,1356.56,1811.0,0.0,0.0,0.0,0.0
1775763102967729791,21425,0.0,1.5,0.016,0.4,0.04,0.1,-0.37,-2.44,-10.56,-0.2,0.17,0.08,0.81,-0.94,-0.94,1333.24,1811.0,0.0,0.0,0.0,0.0
1775763103076069293,21525,0.0,1.2,0.012,0.3,0.06,-0.04,-0.56,-2.5,-10.63,0.09,-0.13,0.0,-2.69,3.06,-2.06,1335.3,2128.0,0.0,0.0,0.0,0.0
1775763103168414300,21625,0.0,1.2,0.044,0.3,-0.1,-0.06,-0.75,-2.56,-10.88,0.19,0.12,-0.01,0.12,-1.06,-3.31,1347.65,2088.0,0.0,0.0,0.0,0.0
1775763103270821137,21726,0.0,1.1,0.056,0.2,0.06,0.02,-1.12,-2.44,-10.69,-0.06,0.08,-0.04,1.94,0.56,-3.69,1430.48,2088.0,0.0,0.0,0.0,0.0
1775763103369088099,21826,0.0,1.4,0.048,0.2,-0.06,0.02,-1.37,-2.44,-10.69,-0.07,0.16,-0.01,-1.88,1.37,-1.69,1384.69,2767.0,0.0,0.0,0.0,0.0
1775763103471457733,21926,0.0,1.2,0.0,1.2,-0.14,0.06,-1.56,-2.56,-10.88,0.18,0.05,0.05,-0.19,1.75,-2.63,1384.35,1474.0,0.0,0.0,0.0,0.0
1775763103569793673,22027,0.0,1.0,0.032,0.6,0.18,-0.1,-1.94,-2.63,-11.06,-0.08,0.08,0.01,-4.31,1.0,-4.13,1335.98,1474.0,0.0,0.0,0.0,0.0
1775763103672219732,22128,0.0,0.7,0.032,0.6,0.06,-0.12,-2.13,-2.63,-11.44,0.01,0.07,-0.04,-2.44,-1.88,0.75,1388.29,1706.0,0.0,0.0,0.0,0.0
1775763103770489952,22228,0.0,1.2,0.024,0.1,0.02,-0.1,-1.88,-2.31,-11.75,0.17,0.17,-0.04,-4.31,-1.63,2.13,1425.17,1706.0,0.0,0.0,0.0,0.0
1775763103880831646,22328,0.0,1.3,0.016,0.3,-0.1,-0.1,-1.69,-2.38,-12.06,0.01,0.09,-0.03,-1.37,1.69,2.13,11959.9,2373.0,0.0,0.0,0.0,0.0
1775763103971156621,22428,0.0,1.3,0.016,0.2,-0.1,-0.02,-1.37,-2.63,-12.19,0.05,-0.07,0.04,-0.75,0.88,3.25,1384.18,915.0,0.0,0.0,0.0,0.0
1775763104081487004,22529,0.0,1.1,0.008,0.3,0.08,-0.06,-1.19,-2.75,-12.13,-0.1,-0.17,-0.07,-1.06,-0.56,1.88,11957.49,1186.0,0.0,0.0,0.0,0.0
1775763104171874792,22629,0.0,1.2,0.044,0.1,0.0,-0.23,-0.81,-2.63,-12.38,0.05,0.05,0.07,-3.88,-1.5,5.38,1408.53,1186.0,0.0,0.0,0.0,0.0
1775763104270119086,22728,0.0,1.3,0.06,0.6,0.08,-0.16,-0.37,-2.75,-12.81,-0.01,0.05,-0.22,-6.44,2.19,3.25,1409.22,2504.0,0.0,0.0,0.0,0.0
1775763104372506384,22829,0.0,1.4,0.056,0.5,-0.02,-0.1,-0.19,-2.94,-13.06,0.39,-0.12,-0.2,2.19,0.75,1.81,11957.49,1250.0,0.0,0.0,0.0,0.0
1775763104470787807,22929,0.0,1.4,0.036,0.1,-0.06,-0.25,0.19,-2.94,-12.69,-0.05,0.1,0.0,5.44,-2.81,5.0,1435.28,1250.0,0.0,0.0,0.0,0.0
1775763104573201308,23029,0.0,1.4,0.028,0.3,-0.02,-0.04,0.94,-2.81,-12.31,-0.06,0.11,0.17,3.13,-2.31,8.38,1442.66,1911.0,0.0,0.0,0.0,0.0
1775763104673446709,23130,0.0,1.5,0.0,1.0,0.0,-0.16,1.5,-2.88,-11.94,-0.1,-0.0,0.19,2.5,1.25,3.56,11960.75,1754.0,0.0,0.0,0.0,0.0
1775763104773938841,23230,0.0,0.9,0.02,0.3,-0.1,-0.12,1.75,-3.19,-11.69,-0.15,-0.05,-0.1,1.56,2.0,0.25,1361.71,1754.0,0.0,0.0,0.0,0.0
1775763104874133744,23329,0.0,1.6,0.02,0.3,0.04,-0.06,1.69,-3.19,-11.5,0.21,-0.02,-0.08,5.13,-1.81,-0.88,11960.75,1666.0,0.0,0.0,0.0,0.0
1775763104974618932,23429,0.0,1.2,0.012,0.5,-0.14,-0.08,1.75,-3.0,-10.69,-0.13,0.1,0.18,8.19,0.56,0.5,1340.96,1666.0,0.0,0.0,0.0,0.0
1775763105072909859,23530,0.0,0.9,0.016,0.4,0.08,-0.14,1.75,-3.13,-10.19,0.06,-0.03,0.05,3.81,-0.37,1.44,1328.78,1577.0,0.0,0.0,0.0,0.0
1775763105181272272,23629,0.0,1.1,0.044,0.1,0.16,-0.04,1.88,-3.13,-9.88,-0.11,0.07,0.0,2.63,1.06,1.12,1324.67,1577.0,0.0,0.0,0.0,0.0
1775763105273589225,23730,0.0,1.1,0.068,0.3,-0.08,-0.14,1.81,-3.25,-9.63,-0.03,-0.12,-0.04,2.5,1.19,-0.81,1339.93,1484.0,0.0,0.0,0.0,0.0
1775763105375952022,23830,0.0,0.7,0.052,0.3,-0.12,-0.12,1.75,-3.25,-9.5,-0.11,0.03,-0.01,0.56,-1.06,-1.12,1340.96,1883.0,0.0,0.0,0.0,0.0
1775763105474249258,23930,0.0,0.9,0.032,0.5,-0.04,0.02,1.5,-3.13,-9.5,0.08,0.03,-0.04,-0.19,0.44,-3.06,1331.35,1883.0,0.0,0.0,0.0,0.0
1775763105572558123,24030,0.0,1.2,0.028,0.6,0.04,-0.06,1.25,-3.19,-9.5,-0.05,0.03,-0.07,-0.31,1.12,-2.88,1349.36,1013.0,0.0,0.0,0.0,0.0
1775763105674993177,24130,0.0,1.2,0.028,0.2,0.0,0.0,0.94,-3.19,-9.56,0.01,-0.0,-0.02,-0.25,0.12,-2.81,1385.72,1013.0,0.0,0.0,0.0,0.0
1775763105773265729,24230,0.0,0.9,0.012,0.3,-0.08,-0.08,0.69,-3.13,-9.63,0.1,0.02,-0.09,-0.06,-1.88,-2.19,1427.39,1424.0,0.0,0.0,0.0,0.0
1775763105875680987,24331,0.0,0.9,0.016,0.3,0.0,-0.18,0.63,-2.88,-9.56,0.03,-0.0,-0.17,1.19,-2.94,1.75,1447.63,2115.0,0.0,0.0,0.0,0.0
1775763105973963575,24431,0.0,1.0,0.016,0.0,-0.08,-0.1,1.0,-2.75,-9.31,0.08,-0.26,-0.35,5.13,-0.75,4.63,1354.68,2115.0,0.0,0.0,0.0,0.0
1775763106076369190,24531,0.0,0.8,0.016,0.3,-0.08,-0.2,1.25,-2.94,-8.69,0.29,-0.21,-0.43,14.69,-2.19,0.37,1334.44,890.0,0.0,0.0,0.0,0.0
1775763106174657833,24631,0.0,1.0,0.052,0.1,-0.08,-0.06,1.19,-2.94,-7.13,0.28,-0.01,-0.14,23.44,2.0,-0.19,1330.33,1672.0,0.0,0.0,0.0,0.0
1775763106277054479,24731,0.0,1.0,0.06,0.4,0.04,-0.12,1.06,-3.44,-4.88,0.32,-0.17,-0.12,25.06,6.19,0.0,1267.56,1672.0,0.0,0.0,0.0,0.0
1775763106375361732,24830,0.0,1.3,0.048,0.1,-0.02,-0.06,0.63,-4.0,-2.56,0.0,-0.35,-0.18,28.37,3.88,-4.75,1259.32,2248.0,0.0,0.0,0.0,0.0
1775763106473599377,24930,0.0,1.3,0.044,0.3,0.08,-0.08,0.12,-4.06,0.37,-0.19,-0.07,-0.34,32.31,-2.0,-2.13,1258.12,1961.0,0.0,0.0,0.0,0.0
1775763106583916006,25029,0.0,0.9,0.024,0.3,-0.1,-0.06,0.12,-3.69,3.19,-0.42,0.65,0.03,23.56,-2.13,1.69,11958.69,1945.0,0.0,0.0,0.0,0.0
1775763106674323332,25129,0.0,1.2,0.02,0.6,0.04,0.1,-0.0,-3.88,4.69,-0.44,0.4,0.49,8.69,2.69,-1.69,1175.46,1945.0,0.0,0.0,0.0,0.0
1775763106772614159,25230,0.0,1.4,0.0,1.0,-0.1,-0.1,0.44,-3.63,5.0,-0.15,0.56,0.44,-2.63,-0.56,11.63,1179.06,2775.0,0.0,0.0,0.0,0.0
1775763106875030435,25329,0.0,1.0,0.024,0.5,0.06,-0.04,2.06,-3.5,4.5,-0.5,0.28,0.08,-9.5,5.19,16.75,1209.25,2775.0,0.0,0.0,0.0,0.0
1775763106973309207,25428,0.0,1.2,0.016,0.2,0.04,-0.04,3.38,-3.81,3.44,0.02,-0.48,0.0,-13.25,0.75,8.69,1220.57,1731.0,0.0,0.0,0.0,0.0
1775763107075714562,25529,0.0,0.6,0.028,0.4,0.02,0.06,4.31,-3.19,2.25,0.27,0.1,0.11,-11.88,-10.5,9.94,1191.58,1731.0,0.0,0.0,0.0,0.0
1775763107174003130,25629,0.0,1.1,0.036,0.4,-0.1,-0.12,5.06,-2.38,1.5,0.59,0.54,0.24,-4.63,-1.94,4.63,1213.71,801.0,0.0,0.0,0.0,0.0
1775763107276391165,25729,0.0,0.9,0.048,0.6,-0.02,-0.06,4.88,-2.31,0.63,0.13,0.22,-0.16,-5.5,5.56,-7.0,1240.63,1996.0,0.0,0.0,0.0,0.0
1775763107374663530,25830,0.0,1.0,0.048,0.3,-0.04,-0.04,3.75,-2.5,-0.56,0.15,0.34,-0.12,-15.31,0.88,-13.19,1254.52,1996.0,0.0,0.0,0.0,0.0
1775763107472956987,25929,0.0,1.0,0.04,0.2,-0.08,-0.04,2.44,-2.63,-2.19,1.05,0.81,-0.53,-18.94,3.31,-18.31,1294.31,1901.0,0.0,0.0,0.0,0.0
1775763107575377946,26030,0.0,1.0,0.032,0.9,-0.08,-0.06,0.69,-2.75,-4.06,1.34,0.67,-0.01,-7.56,8.94,-14.06,1259.15,1543.0,0.0,0.0,0.0,0.0
1775763107685702369,26131,0.0,1.2,0.024,0.1,0.0,-0.04,-0.5,-3.25,-5.31,0.41,0.45,0.55,-5.75,10.5,-12.56,11955.95,1271.0,0.0,0.0,0.0,0.0
1775763107776081455,26231,0.0,1.2,0.02,0.5,-0.04,-0.1,-2.0,-3.81,-6.06,-0.51,-0.11,0.84,-2.0,2.25,-13.13,1263.78,1271.0,0.0,0.0,0.0,0.0
1775763107886382508,26331,0.0,1.2,0.016,0.3,-0.14,-0.02,-2.75,-3.63,-5.44,-0.53,-0.24,0.16,10.5,-6.44,-9.5,11960.07,1150.0,0.0,0.0,0.0,0.0
1775763107976758818,26431,0.0,1.3,0.012,0.5,-0.06,0.04,-4.38,-2.38,-5.13,-1.51,-0.86,-0.8,-7.88,-11.75,-23.31,1336.5,1150.0,0.0,0.0,0.0,0.0
1775763108075059446,26530,0.0,1.5,0.024,0.5,-0.02,0.04,-5.94,-1.31,-6.88,-0.46,-0.7,0.1,-19.19,-2.13,-3.81,1298.77,2550.0,0.0,0.0,0.0,0.0
1775763108179361718,26630,0.0,1.5,0.048,0.1,0.1,-0.16,-5.44,-2.06,-7.25,0.12,-0.42,-0.2,4.81,7.25,4.5,11956.98,888.0,0.0,0.0,0.0,0.0
1775763108275843451,26730,0.0,1.4,0.052,0.2,-0.04,-0.14,-5.75,-1.94,-7.56,-0.46,-0.54,-0.58,-11.31,-6.5,-8.94,11956.98,656.0,0.0,0.0,0.0,0.0
1775763108374004987,26830,0.0,1.4,0.044,0.3,-0.02,-0.12,-5.94,-1.63,-8.56,0.28,-0.27,-0.55,-6.69,0.06,4.38,1345.59,656.0,0.0,0.0,0.0,0.0
1775763108476407409,26931,0.0,1.3,0.028,0.2,0.04,-0.06,-5.19,-1.94,-9.25,0.3,-0.41,-0.58,-3.19,-4.0,10.0,1332.55,656.0,0.0,0.0,0.0,0.0
1775763108584824406,27031,0.0,1.0,0.028,0.3,-0.04,-0.14,-3.63,-2.19,-9.94,0.41,-0.29,-0.4,-2.88,-4.81,15.81,1321.58,2392.0,0.0,0.0,0.0,0.0
1775763108677129639,27131,0.0,1.5,0.02,0.5,0.0,0.0,-2.88,-1.81,-9.88,1.12,-0.43,1.09,5.13,-8.19,0.94,1314.38,1533.0,0.0,0.0,0.0,0.0
1775763108779517673,27232,0.0,1.1,0.028,0.3,0.02,-0.06,-2.38,-1.19,-8.56,-0.8,-0.07,0.97,16.94,-3.63,9.06,1299.11,1533.0,0.0,0.0,0.0,0.0
1775763108877812593,27332,0.0,1.1,0.012,0.2,-0.08,0.04,-2.0,-1.19,-8.19,-1.07,-0.12,0.23,-9.69,-2.5,2.63,1357.59,1164.0,0.0,0.0,0.0,0.0
1775763108978017732,27431,0.0,1.3,0.012,0.3,0.0,-0.08,-0.88,-0.81,-9.38,-1.7,0.62,0.09,-9.56,-5.69,16.87,11958.52,1104.0,0.0,0.0,0.0,0.0
1775763109078507662,27531,0.0,1.3,0.016,0.2,-0.02,-0.12,0.31,-0.94,-9.31,-0.52,0.28,-0.49,7.13,1.63,5.75,1312.32,1104.0,0.0,0.0,0.0,0.0
1775763109178706894,27631,0.0,1.3,0.048,0.3,0.18,-0.08,0.56,-0.88,-8.69,-0.72,0.33,-0.32,-3.44,0.12,1.63,11957.49,1681.0,0.0,0.0,0.0,0.0
1775763109275081984,27731,0.0,1.3,0.056,0.5,-0.02,-0.04,0.37,-1.37,-8.94,-0.15,0.13,-0.23,-1.37,8.69,-6.75,1333.58,1681.0,0.0,0.0,0.0,0.0
1775763109377451943,27831,0.0,1.4,0.04,0.3,-0.02,-0.08,-1.12,-1.81,-9.63,-0.19,0.33,-0.29,-12.56,4.63,-20.87,1326.72,1725.0,0.0,0.0,0.0,0.0
1775763109475780436,27931,0.0,1.4,0.036,0.7,0.0,-0.06,-3.06,-1.37,-11.06,0.47,0.84,0.02,-14.31,0.06,-19.37,1369.94,1251.0,0.0,0.0,0.0,0.0
1775763109575983150,28030,0.0,1.0,0.032,0.2,-0.08,-0.02,-4.69,-1.69,-11.75,0.91,0.83,0.4,0.63,15.81,-14.19,11959.21,597.0,0.0,0.0,0.0,0.0
1775763109676474852,28130,0.0,1.1,0.032,0.5,-0.06,-0.14,-6.44,-2.56,-12.19,-0.51,-0.27,1.36,-1.88,7.06,-19.94,1325.18,597.0,0.0,0.0,0.0,0.0
1775763109774744606,28229,0.0,1.2,0.024,0.1,-0.08,0.04,-8.19,-2.19,-11.63,-1.92,-0.59,-0.48,10.0,-7.38,-14.31,1330.33,2424.0,0.0,0.0,0.0,0.0
1775763109877215266,28329,0.0,1.1,0.02,0.2,0.06,-0.02,-9.44,-1.0,-11.63,-0.54,-0.73,-0.09,-6.25,-7.69,-9.56,1406.3,2424.0,0.0,0.0,0.0,0.0
1775763109975466854,28429,0.0,1.0,0.016,0.3,-0.18,-0.1,-9.69,-0.75,-11.25,-0.52,-0.55,-0.48,12.5,0.81,1.5,1393.27,1327.0,0.0,0.0,0.0,0.0
1775763110073718411,28529,0.0,0.9,0.028,0.5,-0.08,-0.14,-9.94,-0.63,-10.25,-0.27,-0.47,-0.17,4.94,-5.13,-5.13,1327.07,2326.0,0.0,0.0,0.0,0.0
1775763110176133795,28630,0.0,1.0,0.056,0.5,-0.06,-0.04,-10.0,-0.19,-10.06,0.2,-0.18,-0.26,-1.19,-6.88,1.12,1317.29,2326.0,0.0,0.0,0.0,0.0
1775763110278543234,28731,0.0,1.0,0.064,0.2,-0.02,-0.04,-9.5,0.31,-10.38,0.5,-0.25,0.04,-0.88,-6.56,6.81,1308.54,2487.0,0.0,0.0,0.0,0.0
1775763110376805285,28831,0.0,1.1,0.044,0.2,-0.06,-0.08,-8.63,0.44,-11.13,0.53,-0.27,-0.29,-4.69,-4.06,9.56,1362.74,2487.0,0.0,0.0,0.0,0.0
1775763110479188226,28931,0.0,0.6,0.048,0.3,-0.02,-0.06,-7.94,0.06,-11.75,0.49,-0.57,0.02,2.88,2.69,0.94,1311.63,2586.0,0.0,0.0,0.0,0.0
1775763110579416698,29032,0.0,0.7,0.02,0.3,0.16,-0.12,-7.75,-0.25,-10.31,-0.92,-0.19,1.27,22.5,6.31,8.69,11956.98,2177.0,0.0,0.0,0.0,0.0
1775763110679950880,29132,0.0,0.7,0.024,0.6,-0.08,-0.1,-6.81,-1.06,-9.56,-2.15,0.28,0.69,-8.88,4.88,9.25,1305.63,2177.0,0.0,0.0,0.0,0.0
1775763110778214524,29232,0.0,0.9,0.02,0.1,0.0,-0.02,-5.94,-1.5,-10.25,-1.33,0.4,0.41,-3.94,4.0,7.63,1323.47,1202.0,0.0,0.0,0.0,0.0
1775763110880617334,29333,0.0,0.8,0.02,0.6,0.04,-0.04,-5.63,-1.88,-9.94,-1.06,0.1,-0.86,1.63,1.44,1.19,1340.44,2380.0,0.0,0.0,0.0,0.0
1775763110978876422,29432,0.0,1.0,0.032,0.6,-0.04,-0.12,-5.63,-1.81,-8.69,-1.0,0.14,-0.53,-0.81,0.56,-1.25,1396.35,2380.0,0.0,0.0,0.0,0.0
1775763111081310755,29532,0.0,0.8,0.012,0.3,0.04,-0.18,-6.19,-1.69,-7.81,0.08,0.34,-0.31,5.63,3.0,-8.56,1332.73,1788.0,0.0,0.0,0.0,0.0
1775763111179596769,29632,0.0,0.6,0.044,0.5,-0.04,-0.04,-7.06,-1.75,-7.75,0.37,0.51,-0.19,0.06,3.69,-7.19,1334.78,2040.0,0.0,0.0,0.0,0.0
1775763111277880024,29732,0.0,0.8,0.068,0.2,-0.02,-0.06,-8.0,-1.56,-7.94,0.43,0.55,0.18,2.88,3.81,-11.31,1399.1,2040.0,0.0,0.0,0.0,0.0
1775763111380246057,29833,0.0,0.7,0.052,0.3,0.04,-0.02,-9.19,-1.19,-8.31,0.4,0.17,0.65,1.75,2.25,-11.13,1279.73,2184.0,0.0,0.0,0.0,0.0
1775763111484596363,29932,0.0,1.1,0.04,0.8,0.02,0.1,-10.0,-0.94,-8.31,-0.42,0.24,0.54,-1.63,-7.69,-8.19,11959.9,819.0,0.0,0.0,0.0,0.0
1775763111581031656,30032,0.0,0.7,0.032,0.4,-0.16,-0.02,-10.63,0.56,-7.94,-1.01,-0.17,0.03,1.44,-23.5,-4.94,1339.42,819.0,0.0,0.0,0.0,0.0
1775763111679274560,30132,0.0,0.9,0.028,0.1,0.02,-0.08,-10.38,2.81,-8.44,-0.83,-0.77,0.09,-17.31,-17.69,11.63,1323.47,1985.0,0.0,0.0,0.0,0.0
1775763111777525668,30232,0.0,0.6,0.024,0.2,0.0,-0.27,-8.69,2.69,-9.19,-0.15,-0.86,-0.21,9.44,13.0,15.5,1324.15,1985.0,0.0,0.0,0.0,0.0
1775763111879949218,30332,0.0,0.8,0.036,0.2,0.06,0.0,-7.94,1.25,-8.13,-0.17,-0.83,-0.49,5.88,4.75,5.25,1311.12,1837.0,0.0,0.0,0.0,0.0
1775763111978216974,30433,0.0,0.7,0.016,0.2,-0.08,-0.18,-7.06,0.19,-7.94,0.0,-0.49,-0.47,-1.0,-0.75,8.75,1307.34,1159.0,0.0,0.0,0.0,0.0
1775763112082554007,30532,0.0,0.9,0.02,0.5,-0.06,-0.02,-6.75,0.06,-8.44,0.5,-0.32,-0.35,-5.06,-6.75,-1.63,11958.35,1067.0,0.0,0.0,0.0,0.0
1775763112178935414,30632,0.0,0.9,0.048,0.5,-0.2,-0.12,-6.31,0.88,-8.56,0.89,-0.21,0.18,6.63,-9.25,10.81,1317.12,1067.0,0.0,0.0,0.0,0.0
1775763112281333966,30733,0.0,0.9,0.064,0.6,0.0,-0.04,-5.25,1.31,-8.0,-0.15,-0.13,0.61,15.06,-1.37,9.69,1290.02,1972.0,0.0,0.0,0.0,0.0
1775763112379624184,30832,0.0,0.6,0.048,0.5,0.02,-0.16,-4.31,0.75,-6.5,-0.45,-0.21,0.28,11.81,7.44,8.81,1343.36,1972.0,0.0,0.0,0.0,0.0
1775763112477850109,30932,0.0,0.9,0.036,0.6,0.08,0.02,-3.38,0.19,-6.19,-1.07,0.17,0.49,-6.63,2.56,14.63,1323.81,1202.0,0.0,0.0,0.0,0.0
1775763112580302769,31032,0.0,0.9,0.02,0.5,-0.02,0.04,-2.06,-0.44,-6.75,-1.87,0.81,-0.08,-3.06,5.13,8.75,1309.92,1202.0,0.0,0.0,0.0,0.0
1775763112678610432,31131,0.0,0.7,0.024,0.5,0.06,-0.02,-1.75,-0.75,-6.94,-0.33,0.45,-0.1,0.5,3.31,3.06,1301.86,1236.0,0.0,0.0,0.0,0.0
1775763112776895243,31230,0.0,0.9,0.032,0.3,-0.1,-0.12,-1.0,-1.0,-6.5,-0.5,0.38,-0.34,0.88,4.13,9.81,1326.04,1497.0,0.0,0.0,0.0,0.0
1775763112879297239,31331,0.0,1.1,0.016,0.5,-0.08,0.06,-0.63,-1.12,-5.88,-0.07,0.28,-0.38,2.81,6.38,-1.5,1301.0,1497.0,0.0,0.0,0.0,0.0
1775763112977600272,31431,0.0,0.9,0.02,0.3,-0.08,-0.06,-1.19,-1.69,-5.63,0.46,0.29,-0.25,1.12,8.56,-6.5,1286.42,2017.0,0.0,0.0,0.0,0.0
1775763113079991236,31531,0.0,1.0,0.02,0.3,-0.02,0.0,-2.19,-2.19,-6.31,0.36,0.24,-0.08,-3.75,10.38,-16.44,1273.04,3069.0,0.0,0.0,0.0,0.0
1775763113178290715,31632,0.0,0.9,0.056,0.5,-0.02,-0.04,-4.13,-2.63,-7.25,0.51,0.52,0.31,-7.38,10.81,-21.31,1268.24,3069.0,0.0,0.0,0.0,0.0
1775763113280680416,31731,0.0,1.1,0.048,0.5,-0.1,-0.1,-6.63,-2.63,-8.94,0.06,0.11,1.01,-16.69,-0.63,-29.94,11959.72,1465.0,0.0,0.0,0.0,0.0
1775763113378957414,31832,0.0,1.0,0.048,0.6,0.12,0.1,-9.25,-2.19,-9.5,-1.32,-0.49,-0.07,11.75,1.31,-20.12,1332.9,799.0,0.0,0.0,0.0,0.0
1775763113481329837,31932,0.0,0.6,0.036,0.0,0.06,-0.04,-10.69,-1.88,-8.38,-0.56,-0.87,-0.12,5.88,-0.88,-10.63,1313.0,799.0,0.0,0.0,0.0,0.0
1775763113579667111,32031,0.0,0.9,0.024,0.3,-0.08,0.04,-11.38,-2.06,-7.88,-0.82,-0.69,0.0,4.88,4.31,-3.81,1316.43,2235.0,0.0,0.0,0.0,0.0
1775763113682056200,32132,0.0,1.1,0.024,0.1,-0.02,0.02,-11.75,-2.44,-7.94,-0.47,-0.64,-0.5,-5.25,2.44,-4.88,1302.71,2535.0,0.0,0.0,0.0,0.0
1775763113780352994,32232,0.0,0.9,0.016,0.2,0.06,0.0,-12.13,-2.44,-8.13,0.28,-0.38,-0.49,2.06,-1.12,0.88,1324.67,2535.0,0.0,0.0,0.0,0.0
1775763113878651195,32331,0.0,1.2,0.024,0.3,-0.08,0.0,-11.31,-2.88,-8.06,0.44,-0.31,-0.41,6.5,0.94,11.63,1305.97,1762.0,0.0,0.0,0.0,0.0
1775763113988961090,32432,0.0,0.9,0.02,0.3,0.0,-0.06,-10.06,-3.31,-8.06,0.29,-0.45,-0.16,-0.94,-5.44,13.63,11954.75,1593.0,0.0,0.0,0.0,0.0
1775763114079333750,32532,0.0,1.1,0.012,0.4,0.0,-0.08,-8.63,-2.88,-8.81,0.7,-0.02,0.77,-9.38,-9.75,12.94,1267.21,1593.0,0.0,0.0,0.0,0.0
1775763114181730988,32632,0.0,0.6,0.044,0.5,0.06,-0.18,-7.19,-2.44,-9.25,-0.85,0.01,1.45,1.31,-4.81,20.44,1297.91,1614.0,0.0,0.0,0.0,0.0
1775763114280002970,32733,0.0,1.2,0.052,0.2,0.04,-0.1,-4.69,-2.75,-8.44,-2.0,0.07,-0.22,2.38,-0.44,27.69,1282.31,1614.0,0.0,0.0,0.0,0.0
1775763114382372246,32833,0.0,0.6,0.044,0.3,0.08,-0.18,-2.38,-2.94,-8.69,-1.6,0.53,0.11,-7.31,-1.63,19.5,1307.34,1724.0,0.0,0.0,0.0,0.0
1775763114486718737,32932,0.0,1.0,0.036,0.4,0.06,-0.14,-1.0,-3.0,-8.38,-0.89,0.28,-0.69,5.63,-1.94,11.75,11956.29,2125.0,0.0,0.0,0.0,0.0
1775763114578968874,33032,0.0,0.9,0.032,0.3,0.0,-0.14,0.12,-2.75,-7.31,-0.87,0.59,-0.1,3.56,3.44,12.0,1352.79,2125.0,0.0,0.0,0.0,0.0
1775763114689363542,33132,0.0,1.1,0.02,0.2,0.08,-0.02,0.81,-2.81,-5.88,-0.11,0.22,-0.3,5.13,6.06,3.81,11956.64,525.0,0.0,0.0,0.0,0.0
1775763114779687147,33232,0.0,0.9,0.02,0.2,0.06,-0.1,1.06,-3.31,-5.56,0.15,0.28,0.0,3.25,6.75,3.19,1453.63,525.0,0.0,0.0,0.0,0.0
1775763114890022985,33333,0.0,0.1,0.0,1.4,0.04,0.0,1.0,-3.94,-5.56,0.22,0.25,-0.01,-1.94,9.06,-4.44,11960.58,2397.0,0.0,0.0,0.0,0.0
1775763114980394254,33433,0.0,1.4,0.012,0.2,0.1,-0.16,0.12,-4.19,-6.25,0.29,0.5,0.17,-4.56,4.69,-10.06,1344.9,1059.0,0.0,0.0,0.0,0.0
1775763115082777535,33532,0.0,1.1,0.012,0.1,-0.04,0.08,-1.0,-4.56,-6.5,-0.56,-0.32,0.49,3.0,4.25,-11.19,1255.04,1059.0,0.0,0.0,0.0,0.0
1775763115181095923,33632,0.0,1.1,0.06,0.3,-0.04,-0.1,-1.25,-4.25,-5.75,-0.69,-0.29,0.72,10.63,-2.25,4.81,1297.57,1972.0,0.0,0.0,0.0,0.0
1775763115279431330,33732,0.0,1.3,0.032,1.2,0.04,-0.04,-1.06,-4.38,-5.31,-1.46,-1.05,0.0,-6.38,2.94,-0.56,11957.32,771.0,0.0,0.0,0.0,0.0
1775763115381737055,33832,0.0,1.0,0.044,0.2,0.06,-0.2,-1.06,-4.69,-6.31,-0.49,-0.86,0.02,-8.0,0.56,1.44,1319.52,771.0,0.0,0.0,0.0,0.0
1775763115480022315,33932,0.0,1.3,0.04,0.6,0.1,-0.21,-0.75,-4.25,-7.0,-0.59,-0.61,-0.6,-8.31,-9.25,3.81,1307.0,1356.0,0.0,0.0,0.0,0.0
1775763115582426406,34031,0.0,1.3,0.024,0.2,-0.06,-0.12,-0.12,-4.38,-7.19,-0.22,-0.14,-0.38,-8.25,-5.81,5.25,1328.27,2193.0,0.0,0.0,0.0,0.0
1775763115680746239,34131,0.0,1.2,0.024,0.4,-0.2,-0.1,0.63,-4.13,-7.63,0.0,-0.47,-0.16,-6.13,-6.19,10.44,1338.9,2193.0,0.0,0.0,0.0,0.0
1775763115779042055,34231,0.0,1.5,0.016,0.3,-0.04,-0.1,2.38,-3.56,-8.0,-0.31,-0.35,0.09,-6.81,-16.12,19.75,1430.82,1427.0,0.0,0.0,0.0,0.0
1775763115881524976,34331,0.0,1.2,0.016,0.2,0.04,-0.06,4.5,-2.44,-8.5,-0.38,-0.13,0.09,-6.88,-12.31,22.44,1363.6,1427.0,0.0,0.0,0.0,0.0
1775763115979739850,34430,0.0,1.3,0.008,0.6,0.14,-0.02,6.94,-2.13,-8.69,-0.32,0.06,-0.06,-3.5,-4.19,22.5,1374.4,2176.0,0.0,0.0,0.0,0.0
1775763116090046583,34531,0.0,1.5,0.016,0.3,0.06,-0.12,8.75,-1.88,-8.88,-0.36,0.09,0.11,-5.88,-6.19,15.38,11957.67,1164.0,0.0,0.0,0.0,0.0
1775763116180401286,34631,0.0,1.2,0.04,0.2,-0.1,-0.2,10.25,-1.37,-9.31,-0.26,0.44,0.02,-7.75,-3.5,15.56,1427.05,1164.0,0.0,0.0,0.0,0.0
1775763116280629190,34731,0.0,1.2,0.06,0.3,-0.02,-0.18,11.44,-1.44,-9.75,-0.2,0.22,-0.09,-5.56,5.94,9.0,11957.67,1145.0,0.0,0.0,0.0,0.0
1775763116381096696,34831,0.0,1.6,0.0,1.0,-0.06,-0.04,12.06,-2.0,-10.13,-0.03,-0.13,-0.13,-3.19,2.63,4.81,1410.07,1782.0,0.0,0.0,0.0,0.0
1775763116485373340,34931,0.0,0.9,0.036,0.3,0.1,0.02,12.31,-2.0,-10.19,-0.09,-0.08,-0.1,1.75,-3.44,0.81,11957.32,1517.0,0.0,0.0,0.0,0.0
1775763116581769922,35032,0.0,0.8,0.02,0.4,0.1,0.0,12.19,-1.5,-9.94,-0.16,-0.0,0.06,2.19,-4.75,-4.13,1454.49,1517.0,0.0,0.0,0.0,0.0
1775763116682022529,35132,0.0,0.7,0.028,0.6,-0.14,0.0,11.75,-1.06,-9.75,-0.16,-0.01,0.25,0.06,-3.81,-3.69,11957.32,1929.0,0.0,0.0,0.0,0.0
1775763116790401503,35232,0.0,0.8,0.016,0.3,-0.06,-0.02,11.44,-0.69,-10.13,0.06,0.14,0.04,-6.81,-1.19,-5.44,11958.87,347.0,0.0,0.0,0.0,0.0
1775763116882784788,35332,0.0,0.9,0.016,0.1,-0.02,-0.2,10.69,-0.56,-10.63,0.14,-0.0,-0.19,-4.63,0.88,-9.31,11961.27,347.0,0.0,0.0,0.0,0.0
1775763116983177815,35432,0.0,1.1,0.02,0.5,0.02,-0.16,9.75,-0.5,-10.94,0.13,-0.03,-0.07,0.31,0.63,-9.81,1375.94,347.0,0.0,0.0,0.0,0.0
1775763117083385689,35532,0.0,0.7,0.008,0.4,0.12,0.02,8.94,-0.19,-10.81,0.05,0.05,-0.04,2.19,-4.25,-7.38,11960.75,2081.0,0.0,0.0,0.0,0.0
1775763117183859863,35632,0.0,0.9,0.052,0.3,-0.12,-0.06,8.19,0.25,-10.63,0.11,0.07,0.17,2.0,-1.94,-8.94,1390.35,1018.0,0.0,0.0,0.0,0.0
1775763117282176997,35732,0.0,0.8,0.06,0.4,-0.02,-0.16,7.31,0.44,-10.56,0.19,-0.0,0.02,-1.25,-0.19,-9.63,1400.81,1018.0,0.0,0.0,0.0,0.0
1775763117380489594,35832,0.0,1.4,0.048,0.2,-0.08,0.02,6.31,0.56,-10.75,0.18,0.04,-0.08,-0.06,2.31,-9.88,11961.95,1999.0,0.0,0.0,0.0,0.0
1775763117482810210,35932,0.0,1.2,0.036,0.4,0.14,-0.06,5.44,0.44,-10.63,0.11,-0.0,-0.13,3.56,4.88,-7.63,1383.83,1190.0,0.0,0.0,0.0,0.0
1775763117581123677,36031,0.0,1.3,0.036,0.3,-0.04,-0.16,4.69,0.12,-10.19,0.03,-0.09,-0.17,5.56,4.06,-7.0,1363.25,1190.0,0.0,0.0,0.0,0.0
1775763117683540271,36131,0.0,1.3,0.032,0.5,0.06,-0.1,4.13,-0.0,-9.56,0.13,0.07,0.07,7.13,1.81,-4.56,1375.43,1236.0,0.0,0.0,0.0,0.0
1775763117781835332,36232,0.0,1.3,0.02,0.5,0.06,-0.1,3.75,-0.06,-9.0,-0.11,-0.09,0.14,3.81,-0.44,-3.06,1376.46,1266.0,0.0,0.0,0.0,0.0
1775763117880125967,36331,0.0,1.2,0.024,0.5,0.08,0.04,3.63,0.19,-8.94,-0.04,0.12,0.06,-2.31,-3.38,-0.25,1358.11,1266.0,0.0,0.0,0.0,0.0
1775763117988477795,36430,0.0,1.5,0.024,0.6,-0.06,0.0,3.75,0.31,-9.25,0.09,0.05,-0.11,-2.81,-0.63,2.25,1355.19,1374.0,0.0,0.0,0.0,0.0
1775763118080828738,36530,0.0,1.4,0.008,0.4,-0.02,-0.14,4.06,0.37,-9.38,0.0,-0.01,-0.09,-0.25,-1.75,3.44,1360.85,1374.0,0.0,0.0,0.0,0.0
1775763118183215075,36631,0.0,1.2,0.052,0.3,-0.04,0.02,4.5,0.5,-9.44,0.03,0.03,0.0,-0.94,-1.12,3.88,1372.34,1457.0,0.0,0.0,0.0,0.0
1775763118281501473,36730,0.0,1.2,0.04,0.2,-0.1,0.12,4.81,0.44,-9.56,0.07,-0.0,0.01,-1.06,0.12,4.0,1380.92,2246.0,0.0,0.0,0.0,0.0
1775763118379770778,36830,0.0,1.1,0.044,0.2,0.04,0.1,5.13,0.37,-9.63,0.03,-0.12,-0.02,-0.88,0.37,3.13,11959.04,1072.0,0.0,0.0,0.0,0.0
1775763118482158689,36930,0.0,1.1,0.032,0.2,-0.06,0.12,5.25,0.37,-9.69,0.02,-0.02,0.05,-0.69,-0.12,-1.06,1368.57,1072.0,0.0,0.0,0.0,0.0
1775763118580504288,37029,0.0,1.1,0.032,0.5,0.04,-0.14,5.19,0.37,-9.75,0.0,-0.0,0.03,-1.81,-0.69,-0.81,1375.09,1755.0,0.0,0.0,0.0,0.0
1775763118682892588,37130,0.0,1.6,0.02,0.0,-0.02,0.0,5.06,0.37,-9.94,0.09,-0.0,-0.04,-2.0,0.56,-1.25,1379.72,1755.0,0.0,0.0,0.0,0.0
1775763118781181874,37231,0.0,1.4,0.012,0.4,0.18,-0.06,4.94,0.37,-10.06,0.06,-0.04,-0.06,-0.06,0.63,-1.88,1358.28,1661.0,0.0,0.0,0.0,0.0
1775763118879480993,37330,0.0,1.4,0.028,0.5,0.0,0.0,4.69,0.37,-10.0,0.14,-0.11,-0.01,1.63,0.5,-4.19,1357.25,1661.0,0.0,0.0,0.0,0.0
1775763118981867015,37430,0.0,1.2,0.016,0.2,0.04,0.08,4.13,0.56,-9.88,0.0,-0.1,0.0,1.56,-2.56,-7.13,1352.28,1436.0,0.0,0.0,0.0,0.0
1775763119080176547,37530,0.0,1.5,0.024,0.3,0.06,-0.12,3.5,0.88,-9.75,0.04,0.1,0.02,0.06,-1.19,-5.38,1356.22,2283.0,0.0,0.0,0.0,0.0
1775763119184471270,37629,0.0,1.1,0.056,0.4,0.14,-0.2,3.13,1.0,-9.75,0.07,0.05,0.02,-0.0,0.75,-2.5,11959.55,1334.0,0.0,0.0,0.0,0.0
1775763119280873267,37729,0.0,1.4,0.056,0.5,0.0,-0.08,2.94,0.94,-9.75,0.11,-0.04,-0.01,-0.37,0.5,-1.63,11960.75,1334.0,0.0,0.0,0.0,0.0
1775763119379095559,37829,0.0,1.3,0.044,0.4,0.04,-0.1,2.75,1.0,-9.69,0.12,0.06,-0.06,1.0,-0.19,-2.31,1403.73,1532.0,0.0,0.0,0.0,0.0
1775763119481512101,37929,0.0,1.3,0.032,0.3,0.06,-0.08,2.56,1.0,-9.5,0.03,0.01,-0.02,2.19,0.31,-1.06,1415.39,1532.0,0.0,0.0,0.0,0.0
1775763119579829129,38030,0.0,1.4,0.036,0.5,0.02,-0.37,2.56,1.0,-9.38,0.06,0.04,0.04,0.81,0.25,-0.06,1390.18,1178.0,0.0,0.0,0.0,0.0
1775763119682252652,38130,0.0,1.2,0.016,0.5,-0.1,-0.02,2.63,0.94,-9.38,0.05,0.03,0.0,0.88,1.12,1.12,1402.7,2170.0,0.0,0.0,0.0,0.0
1775763119780536238,38230,0.0,1.3,0.02,0.2,0.02,-0.02,2.75,0.81,-9.31,0.04,0.03,-0.09,0.5,0.44,1.5,1445.75,2170.0,0.0,0.0,0.0,0.0
1775763119890863837,38330,0.0,1.4,0.02,0.5,0.04,-0.16,2.88,0.81,-9.25,0.09,-0.0,-0.1,0.94,0.31,2.19,11961.78,1274.0,0.0,0.0,0.0,0.0
1775763119981219255,38430,0.0,1.4,0.012,0.6,-0.16,-0.1,3.13,0.75,-9.13,-0.01,-0.0,-0.02,1.56,0.12,1.94,1376.12,2337.0,0.0,0.0,0.0,0.0
1775763120083608989,38531,0.0,1.6,0.008,0.3,-0.12,-0.04,3.31,0.75,-9.0,0.02,-0.04,0.05,0.5,-0.12,1.75,1358.62,2337.0,0.0,0.0,0.0,0.0
1775763120193945256,38632,0.0,1.2,0.048,0.3,-0.1,-0.14,3.38,0.75,-9.0,0.03,0.01,-0.03,-0.63,-0.44,0.69,11958.52,1902.0,0.0,0.0,0.0,0.0
1775763120284298918,38732,0.0,1.1,0.04,0.0,0.0,-0.1,3.44,0.69,-9.06,0.07,-0.0,-0.07,-0.25,0.56,0.56,1363.08,1902.0,0.0,0.0,0.0,0.0
1775763120386642003,38833,0.0,1.1,0.044,0.5,-0.02,-0.12,3.56,0.69,-9.06,0.02,-0.0,-0.01,-0.06,-0.69,1.31,1367.54,1831.0,0.0,0.0,0.0,0.0
1775763120486797698,38933,0.0,1.4,0.032,0.2,-0.02,-0.14,3.69,0.69,-9.06,0.07,-0.03,0.04,-0.69,-0.25,0.88,11960.41,2250.0,0.0,0.0,0.0,0.0
1775763120583215272,39033,0.0,1.2,0.024,0.3,0.08,-0.08,3.81,0.75,-9.19,-0.08,0.07,0.14,-1.88,-1.88,1.44,1376.8,2250.0,0.0,0.0,0.0,0.0
1775763120685685962,39134,0.0,1.1,0.024,0.5,-0.08,0.04,3.75,0.69,-9.5,0.15,-0.03,-0.13,-3.31,1.06,-0.94,1382.98,2752.0,0.0,0.0,0.0,0.0
1775763120783980773,39233,0.0,1.3,0.02,0.4,-0.08,0.0,3.88,0.69,-9.63,0.11,0.1,-0.06,-0.12,-0.12,1.44,1370.63,1886.0,0.0,0.0,0.0,0.0
1775763120892325160,39332,0.0,1.0,0.024,0.3,0.1,-0.08,3.94,0.63,-9.56,0.05,-0.0,-0.04,1.44,1.31,0.06,1356.74,1886.0,0.0,0.0,0.0,0.0
1775763120984657666,39433,0.0,1.4,0.016,0.3,0.04,-0.06,3.94,0.63,-9.38,0.04,0.04,0.04,1.94,0.06,-0.75,1427.74,2283.0,0.0,0.0,0.0,0.0
1775763121082978499,39533,0.0,1.2,0.02,0.2,-0.08,0.0,3.88,0.63,-9.25,0.05,-0.0,0.05,0.69,0.25,-0.12,1425.17,2359.0,0.0,0.0,0.0,0.0
1775763121185351030,39632,0.0,1.4,0.044,0.3,-0.02,-0.21,3.88,0.63,-9.25,0.04,0.03,0.0,-0.31,0.25,0.0,1378.35,2359.0,0.0,0.0,0.0,0.0
1775763121283679286,39733,0.0,1.4,0.06,0.3,-0.04,-0.1,3.88,0.63,-9.25,0.04,-0.0,-0.03,-0.56,-0.44,0.5,1378.86,1979.0,0.0,0.0,0.0,0.0
1775763121386007319,39832,0.0,1.1,0.04,0.3,-0.02,-0.16,3.88,0.63,-9.25,0.06,0.02,-0.08,0.75,0.5,-0.37,1427.91,1979.0,0.0,0.0,0.0,0.0
1775763121484293799,39932,0.0,1.5,0.02,0.3,-0.06,0.0,3.88,0.63,-9.13,0.09,0.06,-0.02,1.12,-0.44,-0.06,1431.17,1444.0,0.0,0.0,0.0,0.0
1775763121586717735,40033,0.0,1.2,0.032,0.6,-0.23,0.04,3.88,0.56,-9.0,0.07,0.04,0.0,1.44,1.06,0.06,1375.94,2775.0,0.0,0.0,0.0,0.0
1775763121685100137,40133,0.0,1.2,0.024,0.2,0.08,0.06,3.88,0.56,-8.88,0.06,-0.0,0.02,0.94,0.12,0.25,1366.34,2775.0,0.0,0.0,0.0,0.0
1775763121783287567,40232,0.0,1.3,0.016,0.2,0.1,-0.06,3.88,0.56,-8.88,0.09,-0.0,0.01,-0.12,-0.31,-0.5,1349.36,1616.0,0.0,0.0,0.0,0.0
1775763121885777240,40333,0.0,1.3,0.004,0.3,0.18,-0.04,3.88,0.56,-8.88,0.09,-0.0,-0.02,0.44,0.06,-0.44,1356.05,1503.0,0.0,0.0,0.0,0.0
1775763121984000538,40433,0.0,1.3,0.02,0.5,-0.02,-0.12,3.81,0.56,-8.88,0.12,-0.0,-0.01,0.19,-0.12,-1.44,1355.36,1503.0,0.0,0.0,0.0,0.0
1775763122086401869,40534,0.0,1.5,0.02,0.3,-0.02,-0.14,3.63,0.5,-8.81,0.11,-0.01,-0.01,1.31,1.44,-1.94,1357.77,1741.0,0.0,0.0,0.0,0.0
1775763122188797383,40635,0.0,1.2,0.056,0.3,-0.08,0.0,3.38,0.44,-8.56,0.1,-0.09,0.0,2.25,0.56,-2.75,1347.82,1304.0,0.0,0.0,0.0,0.0
1775763122287132865,40735,0.0,1.4,0.056,0.2,0.0,-0.14,3.06,0.5,-8.44,0.09,-0.0,0.05,0.69,0.88,-3.94,1333.76,1304.0,0.0,0.0,0.0,0.0
1775763122389503732,40836,0.0,1.1,0.052,0.4,-0.06,-0.06,2.69,0.44,-8.44,0.2,-0.0,0.0,0.12,1.12,-2.81,1374.4,2190.0,0.0,0.0,0.0,0.0
1775763122487738126,40937,0.0,1.4,0.028,0.2,-0.18,0.04,2.38,0.31,-8.31,0.12,-0.08,-0.09,1.81,1.31,-3.81,1351.76,2190.0,0.0,0.0,0.0,0.0
1775763122590131862,41036,0.0,1.4,0.024,0.3,-0.12,-0.12,2.0,0.37,-8.19,0.16,-0.09,-0.08,3.5,-1.31,-3.56,1348.33,1382.0,0.0,0.0,0.0,0.0
1775763122690390707,41136,0.0,1.1,0.02,0.3,0.14,-0.02,1.69,0.37,-7.63,-0.02,-0.1,-0.19,6.25,1.31,-2.56,11956.81,1230.0,0.0,0.0,0.0,0.0
1775763122790861284,41236,0.0,1.5,0.012,0.3,0.08,-0.04,1.5,-0.0,-7.06,0.19,0.07,-0.19,7.31,7.81,-2.25,1360.34,1230.0,0.0,0.0,0.0,0.0
1775763122889199747,41336,0.0,1.3,0.02,0.2,-0.14,-0.08,1.25,-0.88,-6.19,0.24,-0.04,-0.35,10.63,9.75,-1.19,1344.39,1288.0,0.0,0.0,0.0,0.0
1775763122991547504,41436,0.0,1.4,0.012,0.5,0.1,-0.08,1.19,-1.63,-5.19,0.0,0.03,-0.21,14.19,7.31,1.12,1310.09,1935.0,0.0,0.0,0.0,0.0
1775763123089848067,41537,0.0,1.2,0.012,0.4,-0.14,-0.18,1.25,-2.75,-3.69,0.1,0.2,0.1,15.25,15.44,0.56,1270.3,1935.0,0.0,0.0,0.0,0.0
1775763123188123667,41636,0.0,1.2,0.06,0.3,-0.08,0.0,1.37,-3.81,-2.69,0.08,0.04,0.08,8.44,9.19,5.44,1288.31,1364.0,0.0,0.0,0.0,0.0
1775763123290535998,41736,0.0,1.1,0.06,0.2,-0.1,-0.04,2.0,-4.5,-2.0,0.03,0.12,0.05,4.56,4.56,7.06,1260.18,2026.0,0.0,0.0,0.0,0.0
1775763123388790376,41837,0.0,1.5,0.032,0.2,-0.1,-0.06,2.44,-4.69,-1.63,0.22,0.12,0.21,3.31,-1.69,2.88,11955.09,1681.0,0.0,0.0,0.0,0.0
1775763123491220355,41937,0.0,1.1,0.0,1.2,0.1,-0.06,2.75,-4.06,-1.56,0.52,0.37,0.39,4.06,-6.13,4.38,1260.01,1681.0,0.0,0.0,0.0,0.0
1775763123593628316,42038,0.0,1.0,0.028,0.3,0.06,-0.16,3.0,-3.31,-1.69,0.13,0.23,-0.04,-3.5,-6.25,0.56,1267.04,1681.0,0.0,0.0,0.0,0.0
1775763123691902990,42138,0.0,1.0,0.02,0.3,-0.04,-0.04,3.13,-2.56,-2.38,0.55,0.23,-0.22,-7.13,-3.94,1.63,1276.82,1294.0,0.0,0.0,0.0,0.0
1775763123792122044,42237,0.0,0.9,0.02,0.5,-0.1,-0.08,3.13,-2.56,-3.06,0.35,0.02,-0.23,-2.56,3.38,-3.06,11957.15,875.0,0.0,0.0,0.0,0.0
1775763123892600105,42337,0.0,0.6,0.016,0.2,-0.06,-0.08,2.25,-2.94,-3.94,0.57,0.12,-0.01,-9.38,4.88,-11.94,1282.13,875.0,0.0,0.0,0.0,0.0
1775763123990899241,42437,0.0,0.9,0.02,0.6,0.04,-0.04,0.81,-3.19,-5.25,0.74,0.35,0.08,-3.56,9.06,-16.25,1250.41,1044.0,0.0,0.0,0.0,0.0
1775763124089196790,42536,0.0,0.7,0.016,0.2,0.14,-0.06,-0.94,-3.25,-6.69,0.77,0.44,0.14,-2.06,5.75,-16.81,1297.74,2112.0,0.0,0.0,0.0,0.0
1775763124191579200,42637,0.0,1.2,0.064,0.3,0.02,-0.02,-2.44,-3.25,-7.19,-0.13,-0.03,0.14,3.38,4.69,-12.19,1367.71,2112.0,0.0,0.0,0.0,0.0
1775763124289902190,42737,0.0,0.6,0.06,0.2,-0.08,-0.04,-3.63,-3.25,-6.44,-0.56,-0.27,0.08,8.06,-3.63,-11.81,11957.49,1763.0,0.0,0.0,0.0,0.0
1775763124392247805,42838,0.0,1.1,0.044,0.6,-0.14,-0.18,-4.88,-2.25,-6.25,-1.85,-0.62,0.18,-3.94,-11.19,-11.69,1309.92,2055.0,0.0,0.0,0.0,0.0
1775763124490527853,42939,0.0,1.1,0.04,0.3,0.14,0.06,-5.19,-1.94,-6.06,-1.44,-0.78,0.05,-7.19,-2.13,-0.06,1309.57,2055.0,0.0,0.0,0.0,0.0
1775763124600882293,43038,0.0,1.0,0.028,0.1,0.04,-0.12,-5.19,-2.56,-6.06,-0.01,-1.06,-0.3,-0.81,8.13,-0.5,11956.64,1557.0,0.0,0.0,0.0,0.0
1775763124695381984,43139,0.0,0.6,0.016,0.6,-0.14,-0.14,-5.44,-3.75,-5.81,-0.24,-0.6,-0.33,4.56,2.0,-3.0,1263.44,833.0,0.0,0.0,0.0,0.0
1775763124801599601,43240,0.0,1.2,0.024,0.4,-0.02,0.0,-5.56,-4.0,-5.25,0.01,-0.17,-0.42,2.25,-0.44,-1.12,11959.21,1889.0,0.0,0.0,0.0,0.0
1775763124896045812,43340,0.0,0.9,0.024,0.5,-0.08,-0.06,-5.63,-4.06,-5.44,0.39,-0.14,-0.34,0.31,-2.5,1.88,1266.87,1889.0,0.0,0.0,0.0,0.0
1775763124994318416,43440,0.0,0.9,0.028,0.3,-0.1,0.0,-4.94,-3.63,-6.06,0.51,-0.03,-0.06,-1.44,-8.69,9.38,1326.9,1889.0,0.0,0.0,0.0,0.0
1775763125096722293,43541,0.0,1.1,0.016,0.3,0.0,-0.08,-4.19,-2.63,-6.44,0.54,-0.04,0.45,-1.12,-12.63,5.38,1282.82,1133.0,0.0,0.0,0.0,0.0
1775763125195036158,43641,0.0,0.8,0.068,0.3,-0.02,-0.04,-3.25,-2.06,-5.81,0.06,-0.21,0.86,14.63,-1.69,11.25,1301.34,2610.0,0.0,0.0,0.0,0.0
1775763125297447478,43741,0.0,1.2,0.056,0.3,-0.14,-0.08,-2.88,-1.69,-4.63,-0.65,-0.05,0.19,1.12,-9.69,-2.19,11956.64,2088.0,0.0,0.0,0.0,0.0
1775763125395668218,43841,0.0,0.6,0.04,0.2,0.04,-0.06,-2.44,-0.69,-5.75,-1.74,0.16,0.08,-19.81,-9.19,10.75,1334.1,2088.0,0.0,0.0,0.0,0.0
1775763125493972732,43941,0.0,1.1,0.032,0.2,0.12,-0.1,-1.63,-0.31,-7.75,-1.14,0.36,-0.14,-16.19,0.25,2.69,1370.29,1770.0,0.0,0.0,0.0,0.0
1775763125596472733,44041,0.0,0.8,0.028,1.3,-0.1,0.0,-1.81,-0.44,-7.88,-0.14,0.25,-0.65,7.06,-0.75,-3.88,1364.11,1770.0,0.0,0.0,0.0,0.0
1775763125694698658,44141,0.0,1.4,0.02,0.4,-0.16,-0.02,-1.94,-0.25,-7.69,-0.31,0.38,-0.46,-3.19,3.88,-0.19,1351.93,2559.0,0.0,0.0,0.0,0.0
1775763125792995228,44240,0.0,1.4,0.012,0.6,0.04,-0.04,-2.44,-0.63,-7.38,0.19,0.2,-0.59,8.81,6.88,-11.75,1346.45,2559.0,0.0,0.0,0.0,0.0
1775763125895394400,44340,0.0,1.6,0.0,1.2,0.0,-0.02,-4.06,-0.63,-7.0,0.19,0.64,-0.02,2.38,1.63,-18.69,1276.47,1756.0,0.0,0.0,0.0,0.0
1775763125993689229,44440,0.0,0.9,0.024,0.6,-0.02,-0.12,-5.75,-0.75,-6.88,0.18,0.77,0.49,1.5,6.38,-14.81,1255.55,1273.0,0.0,0.0,0.0,0.0
1775763126103999659,44540,0.0,1.1,0.032,0.2,-0.02,0.0,-7.13,-1.5,-7.44,0.51,0.29,0.69,-11.75,11.0,-17.31,11957.15,800.0,0.0,0.0,0.0,0.0
1775763126194373222,44640,0.0,0.9,0.064,0.2,0.1,-0.08,-9.06,-1.31,-8.44,-1.51,-0.25,1.0,-0.37,-2.06,-16.56,1289.51,800.0,0.0,0.0,0.0,0.0
1775763126292640261,44740,0.0,1.3,0.052,0.5,-0.1,-0.2,-9.75,-1.63,-7.75,-1.55,-0.8,-0.63,5.81,9.19,-3.75,1429.11,1395.0,0.0,0.0,0.0,0.0
1775763126395063695,44839,0.0,1.2,0.044,0.5,-0.08,0.0,-10.56,-2.25,-7.44,-0.58,-0.94,-0.06,7.19,3.94,-6.69,11957.15,1881.0,0.0,0.0,0.0,0.0
1775763126493320586,44939,0.0,1.0,0.032,0.3,-0.04,0.0,-10.81,-2.25,-6.5,-0.87,-0.34,-0.52,3.81,-6.13,-1.5,1294.82,1881.0,0.0,0.0,0.0,0.0
1775763126595727373,45039,0.0,1.5,0.032,0.3,0.04,-0.08,-10.94,-2.06,-6.25,0.05,-0.26,-0.19,2.5,1.19,0.19,1286.25,2511.0,0.0,0.0,0.0,0.0
1775763126694051465,45139,0.0,1.4,0.016,1.1,-0.04,-0.2,-10.56,-2.19,-6.25,0.05,-0.17,-0.34,-2.25,-2.88,6.75,1274.59,2511.0,0.0,0.0,0.0,0.0
1775763126796436512,45240,0.0,0.0,0.0,1.2,0.02,0.08,-9.69,-1.75,-6.75,0.42,-0.06,-0.33,-6.31,-7.94,9.38,1280.93,1620.0,0.0,0.0,0.0,0.0
1775763126894729920,45340,0.0,1.0,0.016,0.5,-0.04,-0.12,-8.63,-1.19,-7.44,0.83,-0.27,0.35,-4.5,-7.19,10.81,1325.52,845.0,0.0,0.0,0.0,0.0
1775763127003058211,45440,0.0,0.7,0.02,0.4,-0.08,-0.02,-7.63,-1.06,-8.31,0.16,-0.14,0.8,-0.0,-1.94,7.31,1293.11,845.0,0.0,0.0,0.0,0.0
1775763127103371259,45540,0.0,1.0,0.02,0.5,0.08,0.04,-6.88,-1.69,-7.63,-0.64,-0.24,0.36,10.31,11.0,8.75,11958.69,1826.0,0.0,0.0,0.0,0.0
1775763127193723810,45640,0.0,0.9,0.056,0.6,0.02,-0.08,-6.38,-2.56,-7.38,-1.45,0.06,0.09,-7.0,2.38,4.19,1388.81,1826.0,0.0,0.0,0.0,0.0
1775763127296102751,45740,0.0,0.9,0.048,1.3,0.06,-0.02,-5.13,-2.44,-7.25,-1.59,0.43,-0.24,-5.38,-1.31,17.12,1279.39,1352.0,0.0,0.0,0.0,0.0
1775763127394399978,45840,0.0,1.5,0.04,0.4,0.08,-0.12,-4.31,-2.31,-6.44,-0.37,0.08,-0.16,6.19,-1.94,0.81,1268.76,923.0,0.0,0.0,0.0,0.0
1775763127502786585,45939,0.0,1.3,0.028,0.4,-0.1,0.02,-4.13,-1.88,-6.0,-0.54,0.31,-0.2,-0.56,-6.38,3.13,11958.69,2344.0,0.0,0.0,0.0,0.0
1775763127595099182,46040,0.0,1.3,0.024,0.0,0.1,0.04,-4.06,-1.12,-5.5,0.02,0.37,-0.27,1.37,-0.06,-2.5,1360.51,2344.0,0.0,0.0,0.0,0.0
1775763127697485233,46141,0.0,1.3,0.012,0.2,-0.04,0.0,-4.38,-1.37,-5.5,0.73,0.25,-0.19,-0.12,5.94,-4.25,1283.85,1396.0,0.0,0.0,0.0,0.0
1775763127795783071,46241,0.0,1.2,0.016,0.3,-0.04,-0.04,-5.06,-1.69,-6.06,0.18,0.34,-0.13,-2.94,7.06,-11.56,1279.05,1396.0,0.0,0.0,0.0,0.0
1775763127906149482,46342,0.0,1.3,0.02,0.7,0.02,-0.06,-6.5,-1.94,-6.69,0.59,0.19,0.65,-7.63,0.75,-16.62,11957.67,1829.0,0.0,0.0,0.0,0.0
1775763127996471090,46442,0.0,1.4,0.016,0.4,-0.06,-0.12,-8.13,-1.44,-6.44,-0.97,-0.11,0.63,21.94,-8.38,-13.63,1251.95,2383.0,0.0,0.0,0.0,0.0
1775763128098866572,46541,0.0,1.5,0.008,0.3,0.0,0.04,-9.13,-0.12,-4.31,-0.84,-0.0,-0.14,9.5,-15.38,-11.19,1242.0,2383.0,0.0,0.0,0.0,0.0
1775763128199078832,46642,0.0,1.4,0.016,1.2,0.04,-0.1,-9.88,0.94,-4.44,-1.2,-0.82,0.1,-13.88,-2.5,1.06,11957.49,1443.0,0.0,0.0,0.0,0.0
1775763128299517139,46742,0.0,0.9,0.064,0.3,0.14,0.04,-9.5,0.19,-5.19,-0.35,-0.8,-0.23,-4.44,9.31,-0.56,1291.74,1443.0,0.0,0.0,0.0,0.0
1775763128397826518,46841,0.0,0.9,0.044,0.3,-0.02,-0.12,-10.06,-0.31,-5.13,0.2,-0.78,-0.4,2.63,1.81,-5.75,1297.05,1810.0,0.0,0.0,0.0,0.0
1775763128496116603,46942,0.0,1.0,0.04,0.5,-0.02,-0.18,-10.44,-0.88,-4.88,0.04,-0.29,-0.15,5.94,-1.75,-2.94,1267.9,2030.0,0.0,0.0,0.0,0.0
1775763128598510973,47042,0.0,0.7,0.028,0.0,-0.02,-0.12,-10.81,-0.69,-4.81,0.49,-0.0,-0.29,0.12,-3.31,-3.94,1325.69,2030.0,0.0,0.0,0.0,0.0
1775763128696795705,47142,0.0,1.0,0.032,0.3,-0.04,-0.1,-10.75,-0.12,-5.56,0.75,-0.13,-0.33,-7.75,-7.13,5.19,1292.94,1675.0,0.0,0.0,0.0,0.0
1775763128799224611,47243,0.0,0.7,0.024,0.5,-0.04,-0.1,-9.69,-0.0,-7.0,0.61,-0.06,0.34,-8.25,-1.81,10.88,1328.27,2503.0,0.0,0.0,0.0,0.0
1775763128897524899,47342,0.0,0.9,0.02,0.5,0.02,-0.04,-8.69,-0.12,-7.19,-0.42,-0.09,0.77,4.13,5.44,14.5,1321.24,2503.0,0.0,0.0,0.0,0.0
1775763128999923305,47442,0.0,0.7,0.016,0.5,0.0,-0.12,-7.13,-1.44,-6.25,-1.36,-0.06,0.23,8.25,12.06,13.06,1322.61,1617.0,0.0,0.0,0.0,0.0
1775763129100128682,47542,0.0,0.9,0.0,1.4,0.04,-0.02,-6.63,-2.06,-5.94,-1.75,0.41,0.04,-5.19,0.75,1.81,11956.81,2546.0,0.0,0.0,0.0,0.0
1775763129196505392,47642,0.0,1.2,0.052,0.1,-0.1,-0.02,-6.5,-1.63,-5.88,-0.33,0.42,-0.33,0.56,-3.25,2.75,1349.88,2546.0,0.0,0.0,0.0,0.0
1775763129298906340,47741,0.0,1.3,0.044,0.4,0.0,-0.06,-6.13,-1.56,-6.06,-0.31,0.29,-0.38,-5.69,0.69,1.19,11958.52,1740.0,0.0,0.0,0.0,0.0
1775763129397157876,47841,0.0,1.2,0.048,0.3,-0.06,-0.08,-6.44,-1.12,-5.94,-0.04,0.27,-0.69,4.0,-5.31,-4.75,11957.67,2315.0,0.0,0.0,0.0,0.0
1775763129499559843,47941,0.0,1.2,0.04,0.3,0.0,-0.04,-6.88,-0.63,-6.06,0.45,0.61,-0.13,-5.88,2.31,-7.31,11959.21,2315.0,0.0,0.0,0.0,0.0
1775763129597879820,48041,0.0,1.5,0.028,0.3,0.0,0.04,-8.0,-0.81,-7.06,0.27,0.44,0.3,-13.63,2.5,-14.31,1363.25,1967.0,0.0,0.0,0.0,0.0
1775763129696187001,48141,0.0,1.3,0.02,0.2,0.0,-0.16,-9.13,-0.81,-8.25,1.06,0.52,0.65,-9.5,1.94,-9.13,1355.19,1967.0,0.0,0.0,0.0,0.0
1775763129794439851,48240,0.0,1.3,0.016,0.2,0.04,-0.16,-10.31,-0.56,-8.69,-0.8,-0.05,1.07,5.0,-1.37,-11.25,1355.36,1967.0,0.0,0.0,0.0,0.0
1775763129896917259,48339,0.0,1.2,0.004,0.3,0.04,-0.21,-11.25,-0.5,-8.69,-1.65,-0.46,-0.3,-11.19,0.37,-14.69,1314.38,1273.0,0.0,0.0,0.0,0.0
1775763129995169887,48440,0.0,1.3,0.02,0.3,-0.02,0.0,-12.31,-0.56,-9.69,-0.45,-0.72,-0.19,-2.13,5.13,-2.88,1363.6,1273.0,0.0,0.0,0.0,0.0
1775763130097563360,48539,0.0,1.0,0.016,0.7,0.0,-0.04,-12.5,-1.06,-9.13,-0.36,-0.37,-0.38,6.31,2.94,-4.63,1481.59,2334.0,0.0,0.0,0.0,0.0
1775763130197803204,48640,0.0,1.1,0.06,0.1,-0.1,-0.08,-12.94,-1.75,-8.19,-0.27,-0.35,-0.36,4.06,2.5,-2.38,11959.72,1208.0,0.0,0.0,0.0,0.0
1775763130298269074,48740,0.0,0.9,0.052,0.3,0.06,-0.02,-13.0,-1.81,-8.06,0.3,-0.11,-0.28,0.12,-1.0,1.5,1371.83,1208.0,0.0,0.0,0.0,0.0
1775763130396536429,48840,0.0,0.9,0.04,0.3,0.02,-0.14,-12.5,-1.88,-8.63,0.52,-0.07,-0.37,1.25,-1.81,7.25,1385.38,1428.0,0.0,0.0,0.0,0.0
1775763130498925161,48941,0.0,0.9,0.036,0.5,0.0,-0.18,-11.56,-1.69,-8.94,0.54,-0.05,-0.12,3.19,-9.63,10.94,1334.27,1428.0,0.0,0.0,0.0,0.0
1775763130599092637,49041,0.0,0.9,0.028,0.6,-0.12,-0.14,-10.5,-0.44,-8.88,0.89,-0.13,0.44,-2.63,-17.75,9.75,11957.67,1409.0,0.0,0.0,0.0,0.0
1775763130699628449,49141,0.0,0.8,0.016,0.0,0.02,-0.16,-9.13,0.69,-10.0,-0.92,0.17,0.68,-8.13,-6.81,18.94,1434.6,1596.0,0.0,0.0,0.0,0.0
1775763130799815387,49242,0.0,1.0,0.02,0.1,0.0,-0.12,-6.75,-0.0,-9.88,-1.74,0.38,-0.51,3.38,9.63,21.62,11958.52,1910.0,0.0,0.0,0.0,0.0
1775763130900312090,49342,0.0,1.0,0.024,0.3,0.06,-0.2,-5.25,-1.12,-10.81,-0.82,0.58,0.76,-13.0,7.38,14.31,1360.34,1910.0,0.0,0.0,0.0,0.0
1775763131000512194,49442,0.0,0.9,0.012,0.4,-0.12,-0.16,-3.63,-1.63,-10.75,-1.15,0.43,-0.19,3.31,-2.0,18.69,11956.29,1757.0,0.0,0.0,0.0,0.0
1775763131101029438,49542,0.0,0.9,0.016,0.2,0.0,-0.06,-2.31,-1.5,-9.94,-0.43,0.2,0.04,-0.88,3.81,9.31,1396.35,1757.0,0.0,0.0,0.0,0.0
1775763131199294040,49643,0.0,0.9,0.06,0.2,0.08,-0.04,-1.94,-2.0,-9.81,-0.31,-0.0,-0.03,0.44,4.06,1.25,1417.79,1897.0,0.0,0.0,0.0,0.0
1775763131297712542,49742,0.0,0.9,0.06,0.2,0.08,-0.14,-2.38,-2.06,-10.25,-0.2,0.29,-0.51,-11.19,1.25,-10.19,11957.67,1560.0,0.0,0.0,0.0,0.0
1775763131399966747,49842,0.0,0.9,0.048,0.2,0.02,-0.06,-3.63,-2.0,-11.19,0.2,0.6,-0.26,-4.88,5.0,-17.44,1374.57,1560.0,0.0,0.0,0.0,0.0
1775763131504263641,49942,0.0,1.1,0.04,0.3,0.0,-0.08,-5.56,-1.31,-11.81,0.5,0.66,0.14,1.56,4.63,-17.87,11955.78,1759.0,0.0,0.0,0.0,0.0
1775763131608529036,50042,0.0,0.7,0.028,0.2,0.23,0.02,-7.31,-1.5,-11.0,-0.4,0.24,0.37,16.81,5.13,-15.94,11954.92,1488.0,0.0,0.0,0.0,0.0
1775763131698970979,50142,0.0,0.9,0.028,0.5,0.08,-0.06,-8.5,-1.75,-9.31,-0.91,-0.3,0.14,14.63,4.19,-9.5,1307.34,1488.0,0.0,0.0,0.0,0.0
1775763131797236766,50242,0.0,0.9,0.024,0.2,-0.02,-0.08,-9.81,-1.75,-8.31,-1.41,-0.84,0.21,7.06,-0.5,-15.5,1341.82,2165.0,0.0,0.0,0.0,0.0
1775763131901579065,50341,0.0,1.0,0.032,0.3,0.0,-0.06,-10.88,-2.63,-6.81,-0.58,-0.57,0.33,2.5,6.56,-6.81,11958.69,2232.0,0.0,0.0,0.0,0.0
1775763131997952731,50441,0.0,0.9,0.012,0.4,0.0,-0.14,-11.44,-3.31,-6.31,-0.58,-0.32,-0.25,5.44,7.31,-5.13,1339.93,2232.0,0.0,0.0,0.0,0.0
1775763132100345769,50541,0.0,0.9,0.016,0.3,-0.12,-0.1,-11.75,-3.94,-6.19,-0.36,-0.1,-0.26,-3.69,4.69,0.63,1501.31,1574.0,0.0,0.0,0.0,0.0
1775763132198645467,50641,0.0,0.7,0.06,0.1,0.0,-0.12,-11.13,-4.44,-5.94,-0.04,-0.01,-0.3,6.75,2.19,11.13,1357.94,1574.0,0.0,0.0,0.0,0.0
1775763132301001155,50742,0.0,0.9,0.056,0.5,0.0,0.08,-9.75,-4.31,-5.06,0.11,-0.1,0.03,7.13,-6.56,18.19,1341.82,1975.0,0.0,0.0,0.0,0.0
1775763132399344018,50841,0.0,0.7,0.044,0.5,0.12,0.02,-7.31,-3.88,-4.19,-0.59,-0.01,0.14,7.5,-5.06,28.87,1380.06,1975.0,0.0,0.0,0.0,0.0
1775763132497582052,50940,0.0,0.9,0.036,0.3,0.02,-0.06,-4.75,-4.06,-3.44,-0.32,-0.25,0.04,0.81,3.0,23.0,1361.71,2211.0,0.0,0.0,0.0,0.0
1775763132595862011,51040,0.0,1.4,0.028,0.3,-0.02,-0.12,-2.94,-4.38,-3.25,-0.15,-0.19,-0.03,-1.75,-2.94,16.5,1359.82,1979.0,0.0,0.0,0.0,0.0
1775763132706240773,51140,0.0,1.2,0.024,0.3,0.02,0.1,-1.5,-4.06,-3.19,-0.09,0.17,-0.05,-0.31,-2.88,13.06,11956.29,1429.0,0.0,0.0,0.0,0.0
1775763132798612527,51240,0.0,1.2,0.032,0.5,0.02,0.04,-0.44,-4.06,-3.13,0.05,0.04,-0.05,0.94,-0.19,8.5,11958.87,1429.0,0.0,0.0,0.0,0.0
1775763132899004578,51340,0.0,1.3,0.024,0.4,0.04,0.02,0.12,-4.0,-2.94,-0.15,0.15,-0.12,1.25,-0.25,5.06,1384.01,1772.0,0.0,0.0,0.0,0.0
1775763132997301740,51439,0.0,1.3,0.012,0.1,-0.04,-0.16,0.31,-4.0,-2.81,0.1,0.18,-0.04,0.94,1.37,-1.06,1299.11,1772.0,0.0,0.0,0.0,0.0
1775763133095591815,51539,0.0,1.3,0.024,0.2,0.02,-0.08,0.12,-3.88,-2.75,0.06,0.24,0.09,1.44,-1.88,-1.75,1295.51,1102.0,0.0,0.0,0.0,0.0
1775763133197992136,51639,0.0,1.3,0.064,0.3,-0.04,-0.1,-0.0,-3.56,-2.63,-0.14,0.26,0.14,0.37,-0.12,-1.06,1316.26,1749.0,0.0,0.0,0.0,0.0
1775763133296301451,51738,0.0,1.3,0.052,0.3,-0.12,-0.02,-0.12,-3.5,-2.69,-0.1,0.05,0.04,-2.44,-1.44,-1.12,11957.49,2201.0,0.0,0.0,0.0,0.0
1775763133394579064,51838,0.0,1.3,0.048,0.3,-0.04,0.0,-0.12,-3.06,-2.94,0.06,0.14,0.05,-2.94,-4.75,-0.12,11958.35,2201.0,0.0,0.0,0.0,0.0
1775763133502989343,51938,0.0,1.1,0.028,0.4,-0.06,-0.06,-0.25,-2.81,-3.38,-0.05,0.03,0.0,-4.44,-0.37,-2.5,11956.98,1802.0,0.0,0.0,0.0,0.0
1775763133595283292,52038,0.0,1.4,0.024,0.3,-0.08,0.04,-0.5,-2.63,-3.81,-0.01,0.11,-0.09,-5.0,-3.13,-3.06,1323.47,1802.0,0.0,0.0,0.0,0.0
1775763133693528980,52137,0.0,1.4,0.028,0.3,0.0,0.08,-0.69,-2.38,-4.25,0.04,0.13,-0.1,-2.69,-0.37,-0.88,1312.15,938.0,0.0,0.0,0.0,0.0
1775763133795965373,52237,0.0,1.3,0.024,0.1,-0.02,-0.02,-0.69,-2.31,-4.38,0.13,0.13,-0.05,-0.44,-0.75,0.12,1317.12,938.0,0.0,0.0,0.0,0.0
1775763133894364499,52337,0.0,1.6,0.016,0.1,-0.06,0.02,-0.63,-2.25,-4.44,0.14,0.08,0.01,0.75,0.12,0.94,1386.92,2040.0,0.0,0.0,0.0,0.0
1775763133996647973,52436,0.0,0.3,0.0,1.1,-0.08,-0.08,-0.56,-2.25,-4.31,0.01,0.09,0.0,1.31,0.37,0.81,1361.2,477.0,0.0,0.0,0.0,0.0
1775763134094943944,52537,0.0,0.9,0.02,0.2,-0.08,-0.02,-0.56,-2.31,-4.31,0.11,0.08,-0.03,0.5,1.44,0.0,1386.92,477.0,0.0,0.0,0.0,0.0
1775763134197346399,52637,0.0,1.1,0.0,1.4,0.0,-0.02,-0.56,-2.31,-4.25,0.13,0.07,-0.07,0.94,0.06,0.19,1344.05,1028.0,0.0,0.0,0.0,0.0
1775763134295636073,52737,0.0,1.3,0.056,0.4,-0.02,0.04,-0.56,-2.31,-4.13,0.04,0.09,-0.02,1.19,0.75,0.31,1372.0,1411.0,0.0,0.0,0.0,0.0
1775763134397989957,52838,0.0,1.3,0.048,0.4,-0.16,-0.02,-0.56,-2.44,-4.06,0.1,0.08,-0.07,-0.12,1.44,-0.06,1326.55,1411.0,0.0,0.0,0.0,0.0
1775763134496341499,52937,0.0,1.1,0.04,0.1,0.02,0.0,-0.56,-2.56,-4.13,0.24,0.13,-0.28,2.25,1.5,1.81,1342.33,1635.0,0.0,0.0,0.0,0.0
1775763134606631126,53038,0.0,1.2,0.024,0.5,0.06,-0.12,-0.19,-2.69,-3.88,0.28,0.16,-0.33,7.19,3.25,4.94,11958.01,1840.0,0.0,0.0,0.0,0.0
1775763134697009685,53138,0.0,1.2,0.02,0.6,-0.08,-0.08,0.25,-2.94,-2.88,0.16,-0.02,-0.31,14.56,2.38,6.25,1287.62,1840.0,0.0,0.0,0.0,0.0
1775763134795303822,53237,0.0,1.5,0.016,0.2,0.02,-0.06,1.19,-2.88,-1.31,0.4,0.08,-0.72,16.94,-3.5,11.69,1274.93,2410.0,0.0,0.0,0.0,0.0
1775763134897695982,53338,0.0,1.5,0.016,0.4,0.0,-0.1,1.63,-2.63,0.31,0.01,0.12,-1.05,17.31,-1.44,0.56,1266.36,2410.0,0.0,0.0,0.0,0.0
1775763135006048323,53439,0.0,1.2,0.016,0.3,-0.02,0.0,1.5,-2.56,1.37,-0.11,0.05,-0.94,7.19,0.06,-2.81,1252.46,1553.0,0.0,0.0,0.0,0.0
1775763135098438838,53539,0.0,1.3,0.016,0.4,0.04,-0.02,0.94,-2.88,1.81,0.19,0.15,-1.59,3.25,4.94,-8.31,1204.1,1561.0,0.0,0.0,0.0,0.0
1775763135198599954,53639,0.0,1.2,0.064,0.2,0.02,-0.1,0.19,-3.38,2.06,-0.26,0.08,-1.84,1.63,2.63,-6.19,11956.98,1265.0,0.0,0.0,0.0,0.0
1775763135299091000,53739,0.0,1.3,0.052,0.0,0.04,-0.04,-0.06,-3.56,2.19,-0.47,-0.11,-1.46,-0.94,-1.44,1.37,1045.81,1265.0,0.0,0.0,0.0,0.0
1775763135397316090,53838,0.0,1.5,0.044,0.3,-0.06,-0.12,0.12,-3.31,2.13,-0.99,-0.2,-1.05,-3.19,-9.94,2.13,981.15,1378.0,0.0,0.0,0.0,0.0
1775763135495601419,53938,0.0,1.3,0.04,0.2,-0.08,-0.06,0.44,-1.88,1.75,-0.62,-0.0,-0.97,-11.63,-20.19,3.88,862.82,1378.0,0.0,0.0,0.0,0.0
1775763135598052434,54038,0.0,1.3,0.036,0.3,0.04,-0.06,0.69,-0.5,0.25,-0.5,0.67,0.05,-18.5,-7.31,2.25,861.62,1908.0,0.0,0.0,0.0,0.0
1775763135696355762,54138,0.0,1.5,0.024,0.4,0.0,0.02,1.12,-0.44,-1.25,0.16,0.2,0.88,-14.19,6.38,5.81,734.36,1908.0,0.0,0.0,0.0,0.0
1775763135798782667,54238,0.0,1.4,0.02,0.3,0.0,-0.02,1.63,-1.37,-2.31,0.27,-0.63,0.88,-9.88,13.88,1.75,627.0,946.0,0.0,0.0,0.0,0.0
1775763135898972874,54339,0.0,1.3,0.004,0.6,0.06,-0.08,1.25,-2.19,-3.06,0.34,0.3,0.73,-5.38,7.31,-6.81,11957.32,1005.0,0.0,0.0,0.0,0.0
1775763136007351313,54439,0.0,1.4,0.028,0.3,0.04,-0.1,0.25,-2.69,-3.31,0.41,0.48,0.46,1.19,4.69,-10.56,11956.81,3147.0,0.0,0.0,0.0,0.0
1775763136097696314,54539,0.0,1.6,0.02,0.3,-0.04,0.02,-0.75,-3.31,-2.88,0.56,-0.39,0.43,9.19,8.13,-7.25,453.62,3147.0,0.0,0.0,0.0,0.0
1775763136208039616,54640,0.0,1.5,0.068,0.5,-0.06,0.04,-1.5,-3.63,-1.69,0.07,-0.66,0.88,12.81,0.25,-7.0,11956.98,561.0,0.0,0.0,0.0,0.0
1775763136298585738,54740,0.0,1.5,0.04,0.2,0.02,0.04,-2.25,-2.94,-0.81,-0.16,-0.42,1.09,7.44,-12.13,-9.38,11957.32,408.0,0.0,0.0,0.0,0.0
1775763136400816083,54840,0.0,1.4,0.04,0.3,-0.1,-0.1,-3.13,-1.63,-0.63,-0.18,0.12,0.02,-2.38,-14.06,-8.25,11958.35,408.0,0.0,0.0,0.0,0.0
1775763136505139447,54939,0.0,1.6,0.016,0.3,0.16,-0.16,-3.69,-1.19,-1.44,0.12,0.3,0.83,-13.0,3.25,-5.81,11956.81,351.0,0.0,0.0,0.0,0.0
1775763136609387019,55040,0.0,1.4,0.02,0.1,-0.06,-0.2,-4.06,-1.75,-2.69,0.56,-0.05,0.41,-10.0,10.56,-2.38,11955.61,307.0,0.0,0.0,0.0,0.0
1775763136701794688,55140,0.0,1.1,0.02,0.4,0.12,-0.14,-4.06,-2.31,-3.25,0.05,-0.25,0.34,-0.06,2.0,3.38,11956.64,307.0,0.0,0.0,0.0,0.0
1775763136810090339,55240,0.0,1.5,0.016,0.3,-0.04,-0.02,-3.5,-1.94,-2.69,0.1,-0.43,1.08,10.94,-11.56,5.31,11956.98,264.0,0.0,0.0,0.0,0.0
1775763136902393698,55341,0.0,1.3,0.0,1.0,0.0,-0.06,-3.31,-0.44,-1.88,0.06,0.71,0.07,6.19,-10.06,0.63,11956.98,252.0,0.0,0.0,0.0,0.0
1775763137010802028,55441,0.0,1.0,0.016,0.5,-0.02,-0.06,-3.38,-0.06,-1.0,0.5,-0.18,-0.2,13.44,0.37,-2.5,11957.15,252.0,0.0,0.0,0.0,0.0
1775763137103080100,55541,0.0,1.1,0.016,0.3,-0.08,-0.08,-3.44,0.31,0.69,0.01,-0.02,-0.04,21.94,-8.38,3.56,11957.84,230.0,0.0,0.0,0.0,0.0
1775763137201363553,55641,0.0,0.8,0.032,0.2,-0.04,0.02,-3.19,0.81,2.5,-1.31,0.33,0.21,2.69,-1.63,0.37,11958.52,230.0,0.0,0.0,0.0,0.0
1775763137301914757,55741,0.0,1.2,0.052,0.5,-0.18,-0.06,-3.13,0.88,2.25,0.47,-0.02,-0.17,-3.13,-1.19,0.56,11958.35,228.0,0.0,0.0,0.0,0.0
1775763137400205839,55841,0.0,1.0,0.044,0.3,0.04,-0.02,-3.13,0.94,2.31,-0.28,0.14,-0.05,0.44,-0.06,-0.06,11957.84,198.0,0.0,0.0,0.0,0.0
1775763137504493489,55941,0.0,0.9,0.032,0.3,0.0,-0.12,-3.13,0.94,2.25,0.05,0.08,0.0,0.5,-0.06,0.0,11957.32,198.0,0.0,0.0,0.0,0.0
1775763137602795663,56041,0.0,1.0,0.032,0.5,-0.1,-0.1,-3.13,1.0,2.25,0.08,0.06,-0.01,0.06,-0.0,-0.06,11958.35,198.0,0.0,0.0,0.0,0.0
1775763137705145288,56141,0.0,0.9,0.02,0.5,-0.02,0.0,-3.13,1.0,2.25,0.05,0.05,-0.03,-0.06,0.06,-0.06,11956.29,205.0,0.0,0.0,0.0,0.0
1775763137803526570,56241,0.0,1.0,0.02,0.0,-0.02,-0.12,-3.13,1.0,2.25,0.02,0.07,-0.03,-0.0,0.25,0.0,11955.95,205.0,0.0,0.0,0.0,0.0
1775763137911858317,56341,0.0,1.0,0.008,0.2,-0.14,-0.08,-3.13,1.0,2.25,0.01,0.06,-0.01,0.06,0.12,0.0,11956.46,209.0,0.0,0.0,0.0,0.0
1775763138004126463,56441,0.0,0.6,0.012,0.2,-0.06,-0.06,-3.13,1.0,2.25,0.01,0.05,0.0,0.06,0.06,0.0,11955.78,193.0,0.0,0.0,0.0,0.0
1775763138102472383,56541,0.0,0.9,0.02,0.2,-0.02,-0.16,-3.13,1.0,2.25,0.02,0.06,0.0,-0.0,-0.19,-0.25,11958.01,193.0,0.0,0.0,0.0,0.0
1775763138210835172,56641,0.0,1.1,0.056,0.1,0.0,-0.04,-3.13,1.0,2.25,0.0,0.06,-0.02,-0.0,-0.0,0.0,11957.84,198.0,0.0,0.0,0.0,0.0
1775763138301233705,56741,0.02,0.5,0.0,1.5,-0.06,-0.1,-3.13,1.06,2.25,0.0,0.07,0.0,-0.0,-0.06,-0.06,11958.18,198.0,0.0,0.0,0.0,0.0
1775763138403555022,56841,0.0,1.2,0.04,0.5,-0.04,-0.08,-3.13,1.06,2.25,0.02,0.05,-0.03,0.06,-0.06,-0.06,11958.69,195.0,0.0,0.0,0.0,0.0
1775763138503749101,56941,0.0,1.2,0.028,0.3,-0.06,0.0,-3.13,1.06,2.25,0.0,0.06,-0.02,-0.0,-0.06,0.06,11957.84,211.0,0.0,0.0,0.0,0.0
1775763138602175703,57041,0.0,1.2,0.028,0.6,-0.08,-0.14,-3.13,1.06,2.25,0.01,0.04,-0.02,-0.12,-0.06,-0.12,11957.32,211.0,0.0,0.0,0.0,0.0
1775763138710448088,57140,0.0,1.2,0.016,0.1,0.02,-0.06,-3.13,1.06,2.25,0.01,0.07,-0.02,-0.06,-0.06,0.0,11957.32,202.0,0.0,0.0,0.0,0.0
1775763138802789572,57240,0.0,0.7,0.012,0.4,0.04,0.0,-3.13,1.06,2.25,0.01,0.07,0.0,-0.0,0.06,-0.12,11957.49,190.0,0.0,0.0,0.0,0.0
1775763138901048533,57340,0.0,1.1,0.02,0.2,-0.04,-0.04,-3.13,1.06,2.25,0.02,0.04,-0.03,-0.0,0.06,0.0,11957.15,190.0,0.0,0.0,0.0,0.0
1775763139003474364,57440,0.0,0.7,0.02,0.3,-0.04,-0.08,-3.13,1.06,2.25,0.02,0.06,-0.03,0.06,-0.25,-0.06,11959.55,195.0,0.0,0.0,0.0,0.0
1775763139111859565,57540,0.0,1.1,0.016,0.1,-0.08,-0.08,-3.13,1.06,2.25,0.01,0.06,-0.05,-0.0,-0.0,0.0,11960.24,198.0,0.0,0.0,0.0,0.0
1775763139204243888,57640,0.0,1.2,0.06,0.5,-0.06,-0.04,-3.13,1.06,2.25,0.03,0.05,-0.04,-0.0,-0.0,0.06,11958.52,198.0,0.0,0.0,0.0,0.0
1775763139300613792,57740,0.0,0.7,0.06,0.1,0.0,0.0,-3.13,1.06,2.25,0.03,0.05,-0.02,0.06,0.06,-0.06,11958.01,207.0,0.0,0.0,0.0,0.0
1775763139402897618,57840,0.0,1.0,0.052,0.3,-0.02,-0.02,-3.13,1.06,2.25,0.01,0.06,-0.03,0.06,-0.0,0.12,11958.69,212.0,0.0,0.0,0.0,0.0
1775763139503213883,57940,0.0,0.9,0.028,0.2,-0.04,-0.12,-3.13,1.06,2.25,0.02,0.04,-0.03,0.06,-0.19,0.06,11961.44,212.0,0.0,0.0,0.0,0.0
1775763139611540198,58040,0.0,1.0,0.02,0.3,-0.02,-0.04,-3.13,1.06,2.25,0.01,0.08,-0.03,-0.06,-0.06,0.0,11960.75,209.0,0.0,0.0,0.0,0.0
1775763139703913762,58140,0.0,1.1,0.032,0.4,0.1,-0.08,-3.13,1.06,2.25,0.02,0.06,-0.04,0.06,-0.12,0.0,11959.04,209.0,0.0,0.0,0.0,0.0
1775763139812234022,58241,0.0,1.0,0.02,0.2,-0.12,-0.06,-3.13,1.06,2.25,0.01,0.06,-0.03,0.06,-0.12,0.06,11958.35,184.0,0.0,0.0,0.0,0.0
1775763139910545840,58341,0.0,0.7,0.028,0.2,0.08,-0.02,-3.13,1.06,2.25,0.03,0.06,-0.03,-0.06,0.19,0.06,11958.01,204.0,0.0,0.0,0.0,0.0
1775763140005004922,58441,0.0,0.8,0.016,0.6,0.12,-0.14,-3.13,1.06,2.25,0.02,0.06,-0.02,0.06,0.12,0.0,11958.01,204.0,0.0,0.0,0.0,0.0
1775763140111213078,58542,0.0,0.9,0.024,0.6,-0.02,-0.06,-3.13,1.06,2.25,0.01,0.06,-0.05,-0.06,-0.06,0.0,11956.81,199.0,0.0,0.0,0.0,0.0
1775763140213636979,58642,0.0,0.7,0.056,0.2,-0.04,-0.16,-3.13,1.06,2.25,0.03,0.05,-0.06,0.06,0.12,-0.06,11955.61,186.0,0.0,0.0,0.0,0.0
1775763140304015288,58742,0.0,0.7,0.052,0.3,0.02,-0.1,-3.13,1.06,2.25,0.0,0.07,-0.03,0.19,-0.12,0.06,11958.69,186.0,0.0,0.0,0.0,0.0
1775763140406345414,58843,0.0,0.9,0.0,1.4,-0.06,-0.08,-3.13,1.06,2.25,0.0,0.03,-0.04,-0.0,-0.0,0.06,11957.32,179.0,0.0,0.0,0.0,0.0
1775763140512520610,58943,0.0,1.4,0.036,0.0,-0.08,-0.12,-3.13,1.06,2.25,0.01,0.04,-0.04,0.06,-0.0,-0.06,11958.18,179.0,0.0,0.0,0.0,0.0
1775763140604910051,59043,0.0,1.2,0.02,0.6,-0.1,-0.04,-3.13,1.06,2.25,0.0,0.07,-0.04,-0.06,-0.06,0.06,11956.64,195.0,0.0,0.0,0.0,0.0
1775763140713310295,59143,0.0,1.2,0.02,0.6,-0.08,-0.02,-3.13,1.06,2.25,0.03,0.04,-0.05,-0.06,0.06,0.12,11960.07,194.0,0.0,0.0,0.0,0.0
1775763140805684256,59243,0.0,1.2,0.016,0.3,0.0,0.08,-3.13,1.06,2.25,0.02,0.05,-0.04,0.19,0.06,0.0,11960.92,194.0,0.0,0.0,0.0,0.0
1775763140913917952,59343,0.0,1.1,0.008,0.4,-0.14,-0.08,-3.13,1.06,2.25,0.02,0.06,-0.03,0.06,-0.0,0.0,11958.35,192.0,0.0,0.0,0.0,0.0
1775763141006286561,59443,0.0,1.2,0.012,0.2,-0.08,-0.06,-3.13,1.06,2.25,0.01,0.06,-0.03,-0.0,0.06,-0.06,11957.84,196.0,0.0,0.0,0.0,0.0
1775763141114658201,59543,0.0,1.1,0.02,0.3,0.1,0.0,-3.13,1.06,2.25,0.05,0.05,-0.01,0.12,0.06,-0.06,11958.52,196.0,0.0,0.0,0.0,0.0
1775763141206982432,59643,0.0,1.2,0.056,0.3,0.0,-0.02,-3.13,1.06,2.25,0.01,0.06,-0.03,0.19,-0.19,0.0,11959.04,187.0,0.0,0.0,0.0,0.0
1775763141307397392,59743,0.0,1.2,0.04,0.2,0.06,-0.08,-3.13,1.06,2.25,0.02,0.06,0.0,-0.06,-0.06,0.0,11958.87,204.0,0.0,0.0,0.0,0.0
1775763141405685466,59843,0.0,1.3,0.036,0.3,0.12,0.04,-3.13,1.06,2.25,0.01,0.06,0.0,-0.0,-0.0,0.0,11960.41,204.0,0.0,0.0,0.0,0.0
1775763141505834846,59943,0.0,1.3,0.028,1.3,-0.06,-0.06,-3.13,1.06,2.25,0.03,0.07,-0.01,-0.06,-0.12,-0.12,11957.49,211.0,0.0,0.0,0.0,0.0
1775763141608357211,60043,0.0,0.9,0.032,0.3,0.06,-0.06,-3.13,1.06,2.25,0.0,0.07,-0.02,-0.06,0.12,-0.06,11958.35,186.0,0.0,0.0,0.0,0.0
1775763141706671914,60143,0.0,1.2,0.02,0.3,0.02,-0.12,-3.13,1.06,2.25,0.01,0.05,-0.02,-0.06,-0.12,-0.06,11959.55,186.0,0.0,0.0,0.0,0.0
1775763141809029028,60243,0.0,1.1,0.024,0.2,-0.04,0.0,-3.13,1.06,2.25,0.03,0.05,-0.02,-0.0,0.06,0.0,11957.49,192.0,0.0,0.0,0.0,0.0
1775763141907404690,60343,0.0,0.9,0.016,0.2,0.06,-0.04,-3.13,1.06,2.25,0.0,0.06,-0.02,0.12,0.12,0.12,11957.84,192.0,0.0,0.0,0.0,0.0
1775763142005574399,60442,0.0,0.9,0.016,0.2,-0.08,-0.14,-3.13,1.06,2.25,0.03,0.04,0.0,-0.0,0.06,0.06,11959.38,203.0,0.0,0.0,0.0,0.0
1775763142114007247,60542,0.0,1.0,0.02,0.4,-0.02,0.0,-3.13,1.06,2.25,0.02,0.04,-0.02,0.06,-0.0,0.0,11956.81,200.0,0.0,0.0,0.0,0.0
1775763142212293236,60642,0.0,1.0,0.06,0.1,0.04,-0.1,-3.13,1.06,2.25,0.0,0.05,-0.02,0.06,-0.0,-0.06,11958.69,200.0,0.0,0.0,0.0,0.0
1775763142306763619,60742,0.0,1.0,0.04,0.4,-0.04,-0.02,-3.13,1.06,2.25,0.01,0.05,0.0,-0.06,-0.06,0.0,11959.72,193.0,0.0,0.0,0.0,0.0
1775763142405034757,60843,0.0,0.7,0.032,0.5,0.16,-0.18,-3.13,1.06,2.25,0.04,0.07,0.0,-0.06,-0.0,0.06,11957.84,196.0,0.0,0.0,0.0,0.0
1775763142515388649,60943,0.0,1.0,0.032,0.3,-0.02,-0.14,-3.13,1.06,2.25,0.01,0.06,-0.03,-0.12,-0.0,-0.12,11958.18,196.0,0.0,0.0,0.0,0.0
1775763142607674870,61043,0.0,0.7,0.016,0.3,0.02,-0.04,-3.13,1.06,2.25,0.04,0.05,-0.04,-0.06,-0.06,0.0,11959.21,199.0,0.0,0.0,0.0,0.0
1775763142716127532,61144,0.0,1.1,0.024,0.4,-0.02,-0.1,-3.13,1.06,2.25,0.0,0.06,-0.03,0.12,0.06,-0.12,11957.67,199.0,0.0,0.0,0.0,0.0
1775763142808360219,61244,0.0,0.9,0.016,0.5,-0.06,0.0,-3.13,1.06,2.25,0.01,0.08,0.0,-0.06,0.12,0.06,11957.32,201.0,0.0,0.0,0.0,0.0
1775763142916756254,61344,0.0,0.7,0.016,0.4,-0.1,0.0,-3.13,1.06,2.25,0.02,0.07,-0.01,0.06,-0.06,0.06,11958.87,230.0,0.0,0.0,0.0,0.0
1775763143009145064,61444,0.0,0.7,0.008,0.5,-0.16,-0.12,-3.13,1.06,2.25,0.02,0.06,0.0,-0.12,-0.06,-0.12,11960.92,230.0,0.0,0.0,0.0,0.0
1775763143107345472,61543,0.0,0.9,0.024,0.2,-0.14,-0.06,-3.13,1.06,2.25,0.01,0.08,-0.02,-0.06,0.31,0.0,11958.35,191.0,0.0,0.0,0.0,0.0
1775763143209746728,61643,0.0,0.9,0.056,0.2,0.14,-0.1,-3.13,1.06,2.25,0.02,0.06,-0.02,-0.0,0.06,-0.06,11957.67,205.0,0.0,0.0,0.0,0.0
1775763143306141514,61743,0.0,0.9,0.056,0.1,0.1,0.0,-3.13,1.06,2.25,0.01,0.06,-0.02,-0.0,-0.12,0.0,11959.72,205.0,0.0,0.0,0.0,0.0
1775763143408486976,61843,0.0,1.0,0.048,0.0,0.0,-0.18,-3.13,1.06,2.25,0.01,0.07,-0.01,0.12,-0.0,0.0,11959.38,186.0,0.0,0.0,0.0,0.0
1775763143508663481,61943,0.0,0.7,0.032,-0.1,-0.12,-0.04,-3.13,1.06,2.25,0.01,0.07,-0.03,0.06,-0.0,0.0,11958.35,208.0,0.0,0.0,0.0,0.0
1775763143607091749,62043,0.0,0.7,0.032,0.4,0.06,0.12,-3.13,1.06,2.25,0.01,0.07,0.0,0.06,-0.0,0.06,11957.84,208.0,0.0,0.0,0.0,0.0
1775763143715421719,62143,0.0,1.1,0.032,0.3,-0.04,0.1,-3.13,1.06,2.25,0.01,0.07,0.0,0.06,0.12,-0.06,11958.18,196.0,0.0,0.0,0.0,0.0
1775763143807708857,62243,0.0,0.3,0.0,1.6,0.04,-0.06,-3.13,1.06,2.25,0.0,0.07,-0.01,-0.0,-0.06,-0.06,11956.46,194.0,0.0,0.0,0.0,0.0
1775763143908173145,62343,0.0,1.4,0.016,0.2,0.04,-0.04,-3.13,1.06,2.25,0.01,0.06,-0.01,-0.06,-0.06,-0.06,11958.52,194.0,0.0,0.0,0.0,0.0
1775763144014405079,62443,0.0,1.5,0.004,0.2,-0.08,0.04,-3.13,1.06,2.25,0.0,0.05,-0.01,-0.06,0.12,0.06,11958.18,190.0,0.0,0.0,0.0,0.0
1775763144108868238,62543,0.0,1.3,0.0,0.2,-0.08,-0.04,-3.13,1.06,2.25,0.03,0.05,-0.01,0.06,0.12,0.0,11958.18,190.0,0.0,0.0,0.0,0.0
1775763144215062941,62644,0.0,1.3,0.056,0.1,0.0,-0.08,-3.13,1.06,2.25,0.03,0.05,-0.02,-0.0,-0.06,0.0,11957.15,197.0,0.0,0.0,0.0,0.0
1775763144309577006,62744,0.0,1.3,0.044,0.3,-0.02,0.02,-3.13,1.06,2.25,0.01,0.08,-0.02,-0.0,0.06,0.06,11956.81,200.0,0.0,0.0,0.0,0.0
1775763144407834215,62844,0.0,1.3,0.04,0.5,0.1,-0.02,-3.13,1.06,2.25,0.04,0.07,-0.03,-0.12,-0.12,-0.06,11957.32,200.0,0.0,0.0,0.0,0.0
1775763144518129363,62944,0.0,1.4,0.032,0.5,-0.1,0.0,-3.13,1.06,2.25,0.01,0.06,-0.02,-0.12,0.06,0.0,11958.52,211.0,0.0,0.0,0.0,0.0
1775763144610500561,63044,0.0,1.4,0.024,0.1,-0.02,-0.06,-3.13,1.06,2.25,0.01,0.04,-0.02,-0.06,0.12,0.0,11955.26,207.0,0.0,0.0,0.0,0.0
1775763144708842730,63144,0.0,1.1,0.012,0.5,0.0,0.18,-3.13,1.06,2.25,0.01,0.06,-0.02,-0.06,-0.0,-0.06,11955.78,207.0,0.0,0.0,0.0,0.0
1775763144807048776,63243,0.0,1.4,0.02,0.4,0.04,-0.04,-3.13,1.06,2.25,0.02,0.06,0.0,0.06,-0.0,0.0,11958.18,215.0,0.0,0.0,0.0,0.0
1775763144909540387,63343,0.0,1.3,0.016,0.5,0.0,-0.14,-3.13,1.06,2.25,0.02,0.06,-0.02,-0.0,-0.0,0.0,11956.81,215.0,0.0,0.0,0.0,0.0
1775763145007756358,63443,0.0,1.5,0.012,0.3,-0.04,-0.08,-3.13,1.06,2.25,0.03,0.06,-0.02,-0.06,-0.19,-0.06,11958.35,196.0,0.0,0.0,0.0,0.0
1775763145116136229,63543,0.0,1.2,0.02,0.3,0.1,0.1,-3.13,1.06,2.25,0.03,0.04,-0.02,-0.0,-0.12,0.06,11957.15,198.0,0.0,0.0,0.0,0.0
1775763145208591543,63643,0.0,1.4,0.052,0.6,-0.02,0.04,-3.13,1.06,2.25,0.0,0.05,-0.01,-0.0,0.12,0.06,11957.15,198.0,0.0,0.0,0.0,0.0
1775763145304894609,63742,0.0,1.2,0.056,0.3,0.02,-0.12,-3.13,1.06,2.25,-0.01,0.06,-0.03,0.06,-0.06,-0.06,11958.18,193.0,0.0,0.0,0.0,0.0
1775763145407167182,63842,0.0,1.0,0.04,0.0,-0.04,0.0,-3.13,1.06,2.25,0.01,0.07,-0.03,0.06,-0.0,0.06,11956.64,200.0,0.0,0.0,0.0,0.0
1775763145507439975,63942,0.0,1.3,0.028,0.5,0.02,-0.1,-3.13,1.06,2.25,0.03,0.06,-0.02,0.12,-0.12,0.06,11957.84,200.0,0.0,0.0,0.0,0.0
1775763145615835790,64043,0.0,1.3,0.016,0.2,0.12,-0.08,-3.13,1.06,2.25,0.01,0.06,-0.02,0.06,-0.0,0.0,11958.35,197.0,0.0,0.0,0.0,0.0
1775763145708113612,64143,0.0,1.1,0.02,0.2,-0.04,-0.04,-3.13,1.06,2.25,0.02,0.06,0.0,0.12,-0.06,0.0,11953.38,185.0,0.0,0.0,0.0,0.0
1775763145816553351,64243,0.0,1.4,0.016,0.3,0.0,-0.18,-3.13,1.06,2.25,0.02,0.07,-0.02,-0.19,-0.06,0.0,11957.84,185.0,0.0,0.0,0.0,0.0
1775763145918942382,64344,0.0,1.1,0.012,1.5,0.0,-0.14,-3.13,1.06,2.25,0.03,0.06,-0.01,-0.06,-0.12,0.0,11957.15,193.0,0.0,0.0,0.0,0.0
1775763146017192691,64444,0.0,0.3,0.0,0.6,0.04,-0.14,-3.13,1.06,2.25,0.02,0.05,-0.01,0.06,0.06,0.12,11957.32,211.0,0.0,0.0,0.0,0.0
1775763146109521983,64544,0.0,1.3,0.008,0.3,-0.06,-0.08,-3.13,1.06,2.25,0.04,0.04,-0.03,-0.12,0.06,0.0,11957.84,211.0,0.0,0.0,0.0,0.0
1775763146217887825,64645,0.0,0.2,0.0,0.9,0.04,-0.04,-3.13,1.06,2.25,0.0,0.04,0.0,-0.06,-0.06,-0.06,11956.64,186.0,0.0,0.0,0.0,0.0
1775763146308239243,64745,0.0,0.8,0.06,0.5,0.02,0.06,-3.13,1.06,2.25,0.0,0.06,0.0,0.06,-0.0,0.0,11957.67,186.0,0.0,0.0,0.0,0.0
1775763146410607561,64845,0.0,0.9,0.036,0.4,-0.04,-0.04,-3.13,1.06,2.25,0.0,0.05,-0.01,0.06,-0.06,0.0,11957.67,202.0,0.0,0.0,0.0,0.0
1775763146514898476,64945,0.0,0.6,0.036,0.3,0.1,-0.2,-3.13,1.06,2.25,0.03,0.06,0.0,-0.06,-0.06,0.06,11956.81,209.0,0.0,0.0,0.0,0.0
1775763146619287813,65045,0.0,0.7,0.0,0.5,0.0,-0.02,-3.13,1.06,2.25,0.01,0.06,-0.01,0.06,-0.0,-0.06,11957.67,209.0,0.0,0.0,0.0,0.0
1775763146711540719,65145,0.0,1.3,0.016,0.3,0.06,-0.08,-3.13,1.06,2.25,0.02,0.04,0.0,-0.0,-0.06,-0.06,11957.84,203.0,0.0,0.0,0.0,0.0
1775763146819954485,65245,0.0,1.3,0.012,0.2,-0.02,-0.04,-3.13,1.06,2.25,0.02,0.05,-0.03,-0.0,-0.0,0.0,11957.32,201.0,0.0,0.0,0.0,0.0
1775763146912310516,65345,0.0,1.1,0.012,0.3,0.02,-0.1,-3.13,1.06,2.25,0.02,0.09,0.0,-0.06,-0.0,0.0,11957.67,201.0,0.0,0.0,0.0,0.0
1775763147010521263,65445,0.0,1.5,0.008,0.5,-0.04,0.1,-3.13,1.06,2.25,0.02,0.07,-0.03,0.06,-0.06,-0.06,11956.64,213.0,0.0,0.0,0.0,0.0
1775763147112912791,65545,0.0,1.1,0.012,0.3,-0.02,0.12,-3.13,1.06,2.25,0.0,0.07,-0.02,-0.0,0.06,-0.06,11957.67,201.0,0.0,0.0,0.0,0.0
1775763147211241412,65645,0.0,1.4,0.04,0.6,0.12,0.16,-3.13,1.06,2.25,0.0,0.06,-0.01,0.12,-0.0,0.0,11958.87,201.0,0.0,0.0,0.0,0.0
1775763147311764154,65745,0.0,1.2,0.052,0.1,-0.12,-0.02,-3.13,1.06,2.25,0.02,0.08,-0.05,-0.0,0.06,0.0,11958.01,197.0,0.0,0.0,0.0,0.0
1775763147409959910,65845,0.0,1.3,0.036,0.4,-0.04,-0.1,-3.13,1.06,2.25,0.02,0.07,-0.02,0.06,0.06,0.0,11959.9,197.0,0.0,0.0,0.0,0.0
1775763147510134021,65944,0.0,1.3,0.032,0.1,0.02,-0.14,-3.13,1.06,2.25,0.03,0.05,-0.02,-0.0,-0.06,-0.06,11959.55,211.0,0.0,0.0,0.0,0.0
1775763147618572959,66044,0.0,1.2,0.012,0.4,0.0,-0.06,-3.13,1.06,2.25,0.0,0.06,-0.02,0.12,-0.0,0.06,11956.64,208.0,0.0,0.0,0.0,0.0
1775763147716918542,66144,0.0,0.9,0.032,0.2,0.02,0.0,-3.13,1.06,2.25,0.0,0.05,-0.02,-0.0,-0.0,0.0,11957.49,208.0,0.0,0.0,0.0,0.0
1775763147809182216,66243,0.0,1.1,0.02,0.4,0.08,0.0,-3.13,1.06,2.25,0.02,0.07,-0.02,0.06,-0.06,-0.06,11959.04,202.0,0.0,0.0,0.0,0.0
1775763147917596452,66343,0.0,0.0,0.0,1.6,-0.1,-0.06,-3.13,1.06,2.25,0.02,0.07,-0.03,-0.12,0.12,0.0,11960.41,192.0,0.0,0.0,0.0,0.0
1775763148009949696,66443,0.0,1.3,0.016,0.5,-0.04,-0.23,-3.13,1.06,2.25,0.0,0.06,0.0,-0.0,0.12,0.0,11959.9,192.0,0.0,0.0,0.0,0.0
1775763148118272239,66542,0.0,1.1,0.028,0.1,-0.06,-0.1,-3.13,1.06,2.25,0.03,0.07,0.0,-0.0,-0.06,0.06,11960.24,201.0,0.0,0.0,0.0,0.0
1775763148210555829,66642,0.0,1.4,0.052,0.2,0.02,-0.02,-3.13,1.06,2.25,0.04,0.06,-0.03,-0.0,-0.0,0.0,11958.35,200.0,0.0,0.0,0.0,0.0
1775763148306909715,66742,0.0,1.2,0.048,0.3,0.02,-0.1,-3.13,1.06,2.25,0.03,0.09,-0.04,0.19,-0.12,0.0,11959.55,200.0,0.0,0.0,0.0,0.0
1775763148409284400,66842,0.0,1.2,0.04,0.1,0.0,0.08,-3.13,1.06,2.25,0.0,0.05,-0.03,0.06,-0.06,-0.06,11957.15,194.0,0.0,0.0,0.0,0.0
1775763148513575350,66942,0.0,1.3,0.04,0.5,0.0,-0.08,-3.13,1.06,2.25,0.03,0.06,-0.02,0.06,-0.0,0.06,11957.84,194.0,0.0,0.0,0.0,0.0
1775763148611893091,67042,0.0,1.4,0.02,0.2,0.0,-0.16,-3.13,1.06,2.25,0.01,0.06,-0.05,-0.0,-0.0,0.12,11958.01,205.0,0.0,0.0,0.0,0.0
1775763148710227090,67142,0.0,1.4,0.012,0.2,0.02,0.0,-3.13,1.06,2.25,0.01,0.06,-0.03,0.06,-0.12,0.0,11957.15,204.0,0.0,0.0,0.0,0.0
1775763148818634908,67243,0.0,1.5,0.012,0.6,0.02,-0.06,-3.13,1.06,2.25,0.0,0.07,-0.01,-0.0,0.06,0.0,11958.69,204.0,0.0,0.0,0.0,0.0
1775763148910933682,67343,0.0,1.5,0.012,0.2,-0.12,0.04,-3.13,1.06,2.25,0.0,0.06,-0.03,-0.06,0.06,0.06,11961.61,205.0,0.0,0.0,0.0,0.0
1775763149009210517,67443,0.0,0.0,0.0,1.0,0.08,-0.08,-3.13,1.06,2.25,0.0,0.06,-0.02,-0.06,-0.06,0.0,11960.07,195.0,0.0,0.0,0.0,0.0
1775763149117701375,67543,0.0,1.0,0.016,0.3,-0.1,-0.1,-3.13,1.06,2.25,0.01,0.07,-0.03,0.06,-0.06,0.0,11961.1,195.0,0.0,0.0,0.0,0.0
1775763149220097679,67643,0.0,0.9,0.06,0.3,-0.08,-0.1,-3.13,1.06,2.25,0.0,0.05,-0.03,-0.0,-0.06,0.19,11958.52,188.0,0.0,0.0,0.0,0.0
1775763149310463903,67743,0.0,0.8,0.044,0.6,-0.1,-0.16,-3.13,1.06,2.25,0.01,0.07,-0.03,0.06,-0.06,0.0,11958.18,197.0,0.0,0.0,0.0,0.0
1775763149408630696,67843,0.0,0.6,0.044,0.1,-0.04,0.02,-3.13,1.06,2.25,0.02,0.06,-0.03,-0.06,0.12,-0.06,11958.01,197.0,0.0,0.0,0.0,0.0
1775763149518931398,67943,0.0,0.9,0.032,0.2,0.06,-0.04,-3.13,1.06,2.25,0.03,0.06,-0.03,-0.06,-0.0,0.0,11957.32,208.0,0.0,0.0,0.0,0.0
1775763149611388508,68043,0.0,1.0,0.028,0.3,-0.04,-0.08,-3.13,1.06,2.25,0.01,0.06,-0.05,-0.0,0.06,0.06,11958.18,208.0,0.0,0.0,0.0,0.0
1775763149719687264,68144,0.0,0.9,0.032,0.3,0.06,-0.14,-3.13,1.06,2.25,0.02,0.07,-0.01,-0.0,0.06,0.0,11958.18,198.0,0.0,0.0,0.0,0.0
1775763149812038601,68244,0.0,1.0,0.016,0.3,0.08,0.04,-3.13,1.06,2.25,0.03,0.07,-0.01,-0.19,0.06,0.06,11956.98,186.0,0.0,0.0,0.0,0.0
1775763149920443112,68344,0.0,1.0,0.02,0.5,-0.04,0.06,-3.13,1.06,2.25,0.0,0.03,-0.02,0.06,0.06,0.06,11958.01,186.0,0.0,0.0,0.0,0.0
1775763150012667861,68445,0.0,0.7,0.008,0.1,-0.04,-0.14,-3.13,1.06,2.25,0.01,0.07,-0.02,0.06,-0.19,0.0,11958.69,196.0,0.0,0.0,0.0,0.0
1775763150121044992,68545,0.0,0.9,0.012,0.6,-0.04,-0.1,-3.13,1.06,2.25,0.03,0.06,-0.03,-0.06,0.06,0.12,11958.18,204.0,0.0,0.0,0.0,0.0
1775763150213444299,68645,0.0,0.8,0.056,0.1,-0.06,0.08,-3.13,1.06,2.25,0.02,0.06,-0.02,0.06,-0.0,0.0,11958.18,204.0,0.0,0.0,0.0,0.0
1775763150309844497,68744,0.0,0.8,0.048,0.2,0.1,-0.2,-3.13,1.06,2.25,0.0,0.05,0.0,-0.0,-0.06,-0.06,11957.32,205.0,0.0,0.0,0.0,0.0
1775763150412082854,68844,0.0,1.4,0.0,0.9,0.04,-0.06,-3.13,1.06,2.25,0.01,0.05,-0.04,-0.0,-0.0,0.06,11957.32,197.0,0.0,0.0,0.0,0.0
1775763150516366043,68944,0.0,1.0,0.028,0.2,-0.04,-0.06,-3.13,1.06,2.25,0.01,0.07,-0.03,0.06,-0.0,0.0,11957.32,197.0,0.0,0.0,0.0,0.0
1775763150620641232,69044,0.0,1.1,0.024,0.4,0.0,-0.06,-3.13,1.06,2.25,0.0,0.04,-0.03,0.06,-0.06,0.06,11957.32,199.0,0.0,0.0,0.0,0.0
1775763150713122443,69144,0.0,1.3,0.016,0.3,-0.12,0.02,-3.13,1.06,2.25,0.01,0.07,-0.01,0.06,-0.0,-0.06,11959.38,199.0,0.0,0.0,0.0,0.0
1775763150815357670,69244,0.0,1.3,0.02,0.3,-0.12,0.08,-3.13,1.06,2.25,0.02,0.07,0.0,0.06,-0.25,-0.06,11957.84,198.0,0.0,0.0,0.0,0.0
1775763150913700297,69344,0.0,1.5,0.012,0.1,0.1,-0.1,-3.13,1.06,2.25,0.0,0.05,-0.02,-0.06,-0.19,0.12,11960.41,191.0,0.0,0.0,0.0,0.0
1775763151011960447,69444,0.0,1.2,0.012,0.3,0.0,-0.14,-3.13,1.06,2.25,0.02,0.05,-0.03,-0.06,-0.12,0.0,11960.41,191.0,0.0,0.0,0.0,0.0
1775763151114378378,69544,0.0,1.2,0.024,0.5,0.16,-0.06,-3.13,1.06,2.25,0.03,0.07,-0.02,0.06,-0.06,-0.06,11953.89,188.0,0.0,0.0,0.0,0.0
1775763151212676572,69644,0.0,1.3,0.06,0.5,-0.04,-0.12,-3.13,1.06,2.25,0.02,0.05,-0.01,0.06,-0.19,0.0,11956.46,204.0,0.0,0.0,0.0,0.0
1775763151313171980,69744,0.0,1.4,0.052,0.3,0.0,-0.16,-3.13,1.06,2.25,0.0,0.07,-0.03,-0.0,-0.0,0.0,11958.35,204.0,0.0,0.0,0.0,0.0
1775763151411448990,69844,0.004,0.1,0.0,1.2,-0.04,-0.1,-3.13,1.06,2.25,0.01,0.05,-0.02,-0.06,0.25,0.06,11956.98,186.0,0.0,0.0,0.0,0.0
1775763151515689523,69944,0.0,0.9,0.04,0.2,-0.02,0.06,-3.13,1.06,2.25,0.04,0.06,0.0,-0.0,0.06,0.0,11956.64,206.0,0.0,0.0,0.0,0.0
1775763151620095011,70044,0.0,0.9,0.02,0.5,-0.08,-0.04,-3.13,1.06,2.25,0.02,0.05,-0.01,0.06,-0.06,0.0,11957.15,206.0,0.0,0.0,0.0,0.0
1775763151712358130,70145,0.0,1.3,0.02,0.1,0.04,0.04,-3.13,1.06,2.25,0.0,0.05,-0.01,-0.12,0.06,0.12,11955.61,200.0,0.0,0.0,0.0,0.0
1775763151820781674,70245,0.0,1.3,0.02,0.5,0.0,-0.02,-3.13,1.06,2.25,0.01,0.06,-0.02,-0.12,-0.0,0.0,11955.61,200.0,0.0,0.0,0.0,0.0
1775763151923234789,70345,0.0,1.0,0.008,0.2,-0.1,-0.02,-3.13,1.06,2.25,0.02,0.08,-0.02,-0.0,-0.0,-0.06,11957.67,206.0,0.0,0.0,0.0,0.0
1775763152021428449,70446,0.0,1.4,0.016,0.5,-0.06,-0.1,-3.13,1.06,2.25,0.02,0.05,0.0,-0.06,-0.19,0.0,11956.98,199.0,0.0,0.0,0.0,0.0
1775763152115897681,70546,0.0,1.2,0.0,0.5,-0.04,-0.18,-3.13,1.06,2.25,0.05,0.05,-0.03,-0.0,-0.0,-0.06,11957.49,199.0,0.0,0.0,0.0,0.0
1775763152216136350,70646,0.0,1.4,0.064,0.6,-0.1,-0.14,-3.13,1.06,2.25,0.0,0.05,-0.02,-0.06,-0.0,0.0,11956.64,212.0,0.0,0.0,0.0,0.0
1775763152312590453,70746,0.02,0.2,0.0,1.0,-0.02,0.0,-3.13,1.06,2.25,0.01,0.06,-0.02,-0.0,-0.06,-0.06,11956.29,210.0,0.0,0.0,0.0,0.0
1775763152414899898,70846,0.0,1.0,0.048,0.3,0.08,-0.2,-3.13,1.06,2.25,0.02,0.05,-0.01,-0.0,0.12,0.06,11960.07,210.0,0.0,0.0,0.0,0.0
1775763152513246784,70946,0.0,1.1,0.032,0.0,0.02,0.0,-3.13,1.06,2.25,-0.01,0.07,-0.02,0.06,0.06,-0.06,11958.52,214.0,0.0,0.0,0.0,0.0
1775763152623431497,71046,0.0,0.7,0.028,0.3,-0.23,0.04,-3.13,1.06,2.25,0.0,0.06,0.0,0.06,0.06,-0.06,11957.15,209.0,0.0,0.0,0.0,0.0
1775763152715893376,71146,0.0,0.8,0.016,0.3,0.06,0.0,-3.13,1.06,2.25,0.01,0.04,-0.03,-0.06,-0.0,0.0,11958.52,209.0,0.0,0.0,0.0,0.0
1775763152814051827,71246,0.0,0.9,0.02,0.4,0.0,-0.12,-3.13,1.06,2.25,0.04,0.05,-0.02,-0.0,0.06,-0.06,11955.95,205.0,0.0,0.0,0.0,0.0
1775763152916483062,71346,0.0,1.2,0.016,0.4,0.08,0.06,-3.13,1.06,2.25,0.01,0.07,-0.03,0.19,-0.19,0.0,11957.84,196.0,0.0,0.0,0.0,0.0
1775763153014810467,71446,0.0,0.7,0.016,0.5,-0.04,-0.02,-3.13,1.06,2.25,0.01,0.06,-0.02,-0.12,-0.19,0.12,11959.04,196.0,0.0,0.0,0.0,0.0
1775763153117168585,71546,0.0,0.9,0.024,0.2,-0.04,-0.08,-3.13,1.06,2.25,0.02,0.04,-0.04,0.06,-0.19,0.12,11957.15,206.0,0.0,0.0,0.0,0.0
1775763153215530388,71646,0.0,0.5,0.056,0.2,0.14,-0.08,-3.13,1.06,2.25,0.02,0.05,-0.01,-0.0,-0.12,0.06,11959.9,206.0,0.0,0.0,0.0,0.0
1775763153315961687,71746,0.0,1.4,0.048,0.6,-0.16,-0.06,-3.13,1.06,2.25,0.06,0.06,-0.01,0.06,-0.06,0.06,11958.87,202.0,0.0,0.0,0.0,0.0
1775763153414222272,71846,0.0,1.2,0.036,0.2,0.02,-0.08,-3.13,1.06,2.25,0.02,0.07,-0.03,-0.0,-0.0,0.06,11958.52,204.0,0.0,0.0,0.0,0.0
1775763153516598056,71946,0.0,1.2,0.024,0.6,-0.12,-0.06,-3.13,1.06,2.25,0.01,0.08,0.0,-0.0,-0.0,0.0,11961.61,204.0,0.0,0.0,0.0,0.0
1775763153622860754,72046,0.0,1.4,0.028,0.6,0.08,-0.02,-3.13,1.06,2.25,0.01,0.08,-0.02,-0.0,0.19,0.06,11959.38,182.0,0.0,0.0,0.0,0.0
1775763153715142170,72146,0.0,1.1,0.02,0.4,0.04,-0.06,-3.13,1.06,2.25,0.03,0.06,-0.01,-0.0,-0.06,-0.06,11957.67,200.0,0.0,0.0,0.0,0.0
1775763153823591156,72246,0.0,0.4,0.0,1.4,0.2,0.02,-3.13,1.06,2.25,0.0,0.06,0.0,-0.0,0.06,0.0,11958.35,200.0,0.0,0.0,0.0,0.0
1775763153915837314,72346,0.0,1.1,0.008,1.4,-0.08,-0.16,-3.13,1.06,2.25,0.0,0.03,-0.03,-0.0,0.12,0.0,11957.67,189.0,0.0,0.0,0.0,0.0
1775763154014135414,72446,0.0,1.2,0.012,0.3,0.04,-0.04,-3.13,1.06,2.25,0.03,0.03,-0.02,-0.0,0.06,0.12,11958.35,189.0,0.0,0.0,0.0,0.0
1775763154116517393,72545,0.0,1.4,0.004,0.5,-0.1,0.06,-3.13,1.06,2.25,0.01,0.06,-0.02,-0.0,-0.0,0.0,11958.69,195.0,0.0,0.0,0.0,0.0
1775763154214817485,72645,0.0,1.3,0.056,1.3,0.02,-0.04,-3.13,1.06,2.25,0.0,0.05,-0.01,0.06,0.12,0.06,11958.01,216.0,0.0,0.0,0.0,0.0
1775763154315278941,72745,0.0,0.7,0.052,0.5,0.02,0.02,-3.13,1.06,2.25,0.02,0.06,0.0,0.06,0.12,-0.06,11957.49,216.0,0.0,0.0,0.0,0.0
1775763154413561108,72845,0.0,0.7,0.036,0.0,0.16,-0.02,-3.13,1.06,2.25,0.02,0.07,-0.03,0.19,-0.0,-0.06,11958.01,210.0,0.0,0.0,0.0,0.0
1775763154517842017,72945,0.0,0.8,0.0,1.3,-0.14,-0.02,-3.13,1.06,2.25,0.0,0.06,-0.01,0.06,-0.0,0.0,11957.32,199.0,0.0,0.0,0.0,0.0
1775763154622107279,73046,0.0,1.2,0.024,0.5,-0.12,0.02,-3.13,1.06,2.25,0.01,0.06,-0.03,-0.0,-0.06,0.0,11957.32,199.0,0.0,0.0,0.0,0.0
1775763154724614029,73146,0.0,1.5,0.02,0.5,0.04,-0.04,-3.13,1.06,2.25,0.01,0.05,-0.02,-0.06,-0.06,-0.06,11956.29,192.0,0.0,0.0,0.0,0.0
1775763154822874457,73246,0.0,1.3,0.016,0.4,0.08,0.0,-3.13,1.06,2.25,0.0,0.06,-0.02,0.06,-0.0,-0.06,11957.32,204.0,0.0,0.0,0.0,0.0
1775763154917420556,73347,0.0,1.2,0.012,0.6,-0.06,0.0,-3.13,1.06,2.25,0.04,0.06,-0.04,-0.0,0.06,0.0,11956.81,204.0,0.0,0.0,0.0,0.0
1775763155023544600,73447,0.0,1.5,0.02,0.4,-0.18,-0.06,-3.13,1.06,2.25,0.0,0.06,-0.02,0.06,-0.0,0.0,11955.95,202.0,0.0,0.0,0.0,0.0
1775763155115881293,73546,0.0,1.5,0.024,0.6,-0.12,-0.02,-3.13,1.06,2.25,0.02,0.06,-0.02,-0.06,0.12,0.06,11957.49,186.0,0.0,0.0,0.0,0.0
1775763155224340388,73646,0.0,1.0,0.06,0.6,0.08,-0.06,-3.13,1.06,2.25,0.0,0.07,0.0,0.12,-0.06,0.06,11959.72,186.0,0.0,0.0,0.0,0.0
1775763155314634990,73746,0.0,1.1,0.048,0.3,-0.12,-0.18,-3.13,1.06,2.25,0.01,0.05,-0.02,-0.06,-0.06,-0.06,11958.87,205.0,0.0,0.0,0.0,0.0
1775763155417049217,73846,0.0,0.9,0.044,1.4,-0.06,-0.14,-3.13,1.06,2.25,0.02,0.05,-0.02,0.12,-0.12,0.0,11958.18,205.0,0.0,0.0,0.0,0.0
1775763155523177605,73946,0.004,0.3,0.0,1.2,-0.04,-0.14,-3.13,1.06,2.25,0.02,0.06,-0.04,-0.06,-0.0,0.12,11958.69,198.0,0.0,0.0,0.0,0.0
1775763155625721437,74046,0.0,1.4,0.024,0.3,-0.02,-0.14,-3.13,1.06,2.25,0.04,0.06,-0.02,-0.12,-0.06,0.0,11958.18,209.0,0.0,0.0,0.0,0.0
1775763155718012391,74146,0.0,1.3,0.012,0.2,0.02,-0.14,-3.13,1.06,2.25,0.02,0.07,0.01,0.06,0.12,0.12,11959.04,209.0,0.0,0.0,0.0,0.0
1775763155816220757,74246,0.0,1.1,0.008,0.1,0.0,-0.12,-3.13,1.06,2.25,0.01,0.08,0.0,0.06,-0.06,-0.06,11958.35,197.0,0.0,0.0,0.0,0.0
1775763155924579283,74346,0.0,1.3,0.016,0.7,-0.02,-0.2,-3.13,1.06,2.25,0.01,0.06,-0.02,-0.06,-0.06,0.0,11957.49,197.0,0.0,0.0,0.0,0.0
1775763156016994693,74446,0.0,1.2,0.008,0.4,0.12,0.04,-3.13,1.06,2.25,0.02,0.05,-0.02,-0.0,-0.0,0.06,11958.35,197.0,0.0,0.0,0.0,0.0
1775763156119302638,74547,0.0,1.3,0.016,0.3,-0.14,0.02,-3.13,1.06,2.25,0.01,0.06,-0.01,-0.0,0.06,0.0,11956.98,190.0,0.0,0.0,0.0,0.0
1775763156217674006,74647,0.0,1.2,0.056,0.3,0.0,-0.06,-3.13,1.06,2.25,0.01,0.05,0.0,-0.06,0.06,0.06,11957.84,190.0,0.0,0.0,0.0,0.0
1775763156318082353,74747,0.0,1.4,0.052,0.6,-0.08,-0.18,-3.13,1.06,2.25,0.0,0.06,-0.02,0.06,-0.25,-0.06,11957.67,202.0,0.0,0.0,0.0,0.0
1775763156416427407,74847,0.0,1.2,0.036,0.1,-0.04,0.08,-3.13,1.06,2.25,0.01,0.06,-0.04,-0.0,-0.0,0.0,11956.64,201.0,0.0,0.0,0.0,0.0
1775763156518724390,74947,0.0,1.2,0.024,0.5,-0.06,-0.08,-3.13,1.06,2.25,0.02,0.07,-0.02,-0.06,0.06,0.0,11958.18,201.0,0.0,0.0,0.0,0.0
1775763156618926895,75047,0.0,1.0,0.016,0.6,-0.04,-0.1,-3.13,1.06,2.25,0.0,0.06,-0.03,0.06,-0.06,-0.06,11958.87,206.0,0.0,0.0,0.0,0.0
1775763156721362056,75147,0.0,1.2,0.02,0.3,-0.06,0.1,-3.13,1.06,2.25,0.01,0.07,-0.03,-0.0,0.12,0.12,11952.69,214.0,0.0,0.0,0.0,0.0
1775763156819746960,75247,0.0,1.2,0.028,0.5,-0.08,-0.06,-3.13,1.06,2.25,0.01,0.07,0.0,-0.06,-0.0,-0.06,11958.87,214.0,0.0,0.0,0.0,0.0
1775763156922049683,75347,0.0,1.1,0.012,0.3,-0.02,-0.1,-3.13,1.06,2.25,0.0,0.06,0.0,-0.0,0.06,0.06,11957.84,195.0,0.0,0.0,0.0,0.0
1775763157026324238,75447,0.0,1.0,0.02,0.3,0.12,0.0,-3.13,1.06,2.25,0.01,0.04,-0.01,-0.06,-0.0,-0.06,11956.64,209.0,0.0,0.0,0.0,0.0
1775763157118756058,75547,0.0,1.1,0.008,0.3,-0.06,0.0,-3.13,1.06,2.25,0.01,0.07,-0.01,-0.06,0.06,0.0,11957.15,209.0,0.0,0.0,0.0,0.0
1775763157227036143,75648,0.0,0.7,0.06,0.2,-0.02,0.0,-3.13,1.06,2.25,0.03,0.07,-0.02,-0.0,-0.19,0.06,11956.46,186.0,0.0,0.0,0.0,0.0
1775763157317432409,75748,0.0,1.1,0.04,0.5,-0.08,-0.18,-3.13,1.06,2.25,0.01,0.06,-0.05,0.12,-0.0,0.06,11957.67,194.0,0.0,0.0,0.0,0.0
1775763157419764066,75848,0.0,0.9,0.04,0.3,-0.06,-0.06,-3.13,1.06,2.25,0.01,0.04,-0.04,-0.0,0.06,0.06,11959.21,194.0,0.0,0.0,0.0,0.0
1775763157519977766,75949,0.0,1.0,0.016,0.2,-0.08,-0.1,-3.13,1.06,2.25,0.0,0.06,-0.02,0.12,0.12,0.06,11957.15,193.0,0.0,0.0,0.0,0.0
1775763157628414565,76049,0.0,1.0,0.02,0.3,0.0,-0.14,-3.13,1.06,2.25,0.0,0.06,-0.01,-0.06,0.12,0.0,11960.92,193.0,0.0,0.0,0.0,0.0
1775763157720705670,76149,0.0,0.7,0.02,0.2,-0.08,-0.06,-3.13,1.06,2.25,0.0,0.06,0.0,-0.06,-0.0,0.0,11960.92,200.0,0.0,0.0,0.0,0.0
1775763157829111026,76250,0.0,1.0,0.02,0.3,0.0,-0.1,-3.13,1.06,2.25,0.0,0.06,-0.03,-0.06,0.06,0.0,11957.84,209.0,0.0,0.0,0.0,0.0
1775763157921536291,76350,0.0,1.0,0.024,0.2,0.04,-0.08,-3.13,1.06,2.25,0.01,0.05,0.0,-0.06,0.06,-0.06,11957.67,209.0,0.0,0.0,0.0,0.0
1775763158029798948,76450,0.0,1.0,0.016,0.2,0.16,-0.1,-3.13,1.06,2.25,0.0,0.05,-0.03,0.12,-0.12,-0.06,11959.21,205.0,0.0,0.0,0.0,0.0
1775763158122097637,76550,0.0,0.8,0.016,0.4,-0.12,0.08,-3.13,1.06,2.25,0.01,0.05,-0.02,0.12,-0.0,0.0,11957.15,196.0,0.0,0.0,0.0,0.0
1775763158230603091,76650,0.0,1.1,0.064,0.5,0.06,-0.18,-3.13,1.06,2.25,0.0,0.06,-0.01,-0.06,0.12,-0.06,11960.92,196.0,0.0,0.0,0.0,0.0
1775763158320875244,76750,0.0,1.2,0.044,0.2,-0.1,-0.06,-3.13,1.06,2.25,0.03,0.05,-0.01,-0.0,-0.06,0.06,11959.38,200.0,0.0,0.0,0.0,0.0
1775763158419082621,76850,0.0,0.9,0.044,0.5,0.02,-0.02,-3.13,1.06,2.25,0.02,0.07,-0.03,-0.19,-0.06,0.0,11960.92,200.0,0.0,0.0,0.0,0.0
1775763158527536595,76950,0.0,1.0,0.044,0.5,-0.06,-0.14,-3.13,1.06,2.25,0.0,0.05,-0.02,-0.0,-0.12,-0.06,11961.1,197.0,0.0,0.0,0.0,0.0
1775763158621762657,77050,0.0,1.0,0.028,0.1,-0.02,-0.12,-3.13,1.06,2.25,0.0,0.06,-0.04,-0.12,0.06,-0.06,11956.64,167.0,0.0,0.0,0.0,0.0
1775763158724233003,77150,0.0,1.1,0.02,0.4,0.08,-0.06,-3.13,1.06,2.25,0.0,0.05,-0.03,-0.12,-0.12,-0.06,11956.12,167.0,0.0,0.0,0.0,0.0
1775763158822469897,77250,0.0,1.1,0.028,0.4,-0.08,-0.08,-3.13,1.06,2.25,0.01,0.05,-0.02,-0.0,-0.19,0.0,11957.49,192.0,0.0,0.0,0.0,0.0
1775763158924826247,77350,0.0,0.9,0.024,1.4,0.1,0.06,-3.13,1.06,2.25,0.01,0.07,-0.03,0.06,-0.12,0.0,11957.67,208.0,0.0,0.0,0.0,0.0
1775763159023263298,77450,0.0,1.3,0.016,0.1,0.02,0.0,-3.13,1.06,2.25,0.0,0.04,-0.03,0.06,-0.12,-0.12,11957.84,208.0,0.0,0.0,0.0,0.0
1775763159121367060,77549,0.0,1.2,0.004,0.4,-0.08,0.02,-3.13,1.06,2.25,0.02,0.04,-0.03,-0.0,-0.0,0.0,11960.24,204.0,0.0,0.0,0.0,0.0
1775763159223833990,77649,0.0,1.3,0.056,0.3,0.12,0.0,-3.13,1.06,2.25,0.01,0.05,-0.01,0.12,0.06,0.06,11958.35,207.0,0.0,0.0,0.0,0.0
1775763159320237813,77749,0.0,1.4,0.052,0.5,0.0,-0.12,-3.13,1.06,2.25,0.03,0.04,-0.03,-0.06,-0.0,0.0,11958.35,207.0,0.0,0.0,0.0,0.0
1775763159422593173,77849,0.0,1.3,0.048,0.4,0.06,-0.06,-3.13,1.06,2.25,0.01,0.07,-0.03,0.12,-0.0,0.0,11959.04,205.0,0.0,0.0,0.0,0.0
1775763159526974143,77949,0.0,1.4,0.032,1.2,0.02,-0.02,-3.13,1.06,2.25,0.0,0.06,-0.03,-0.12,0.19,0.12,11958.69,205.0,0.0,0.0,0.0,0.0
1775763159621180124,78049,0.0,1.0,0.012,0.2,-0.23,-0.1,-3.13,1.06,2.25,0.02,0.06,-0.05,0.12,0.06,0.0,11959.38,205.0,0.0,0.0,0.0,0.0
1775763159729509002,78149,0.0,0.7,0.016,0.2,-0.1,0.08,-3.13,1.06,2.25,0.0,0.05,-0.05,-0.06,0.12,0.0,11956.81,196.0,0.0,0.0,0.0,0.0
1775763159821868217,78249,0.0,1.0,0.016,0.6,0.02,-0.16,-3.13,1.06,2.25,0.0,0.05,-0.02,0.06,-0.06,0.06,11957.15,196.0,0.0,0.0,0.0,0.0
1775763159930174078,78349,0.0,1.0,0.02,0.0,-0.14,-0.02,-3.13,1.06,2.25,0.0,0.07,-0.02,0.06,-0.19,0.0,11956.46,218.0,0.0,0.0,0.0,0.0
1775763160022471536,78449,0.0,0.9,0.012,0.5,-0.02,-0.1,-3.13,1.06,2.25,0.04,0.07,-0.03,-0.0,-0.0,0.0,11954.75,210.0,0.0,0.0,0.0,0.0
1775763160130909734,78550,0.0,0.9,0.016,0.3,0.0,-0.06,-3.13,1.06,2.25,0.0,0.05,-0.01,0.06,-0.0,-0.12,11956.29,210.0,0.0,0.0,0.0,0.0
1775763160223159743,78650,0.0,0.9,0.064,0.2,0.1,-0.04,-3.13,1.06,2.25,0.02,0.06,-0.03,0.06,-0.0,0.0,11954.58,186.0,0.0,0.0,0.0,0.0
1775763160323647015,78750,0.0,1.0,0.052,0.1,-0.1,-0.02,-3.13,1.06,2.25,0.01,0.05,-0.03,-0.0,-0.06,0.06,11954.75,210.0,0.0,0.0,0.0,0.0
1775763160421958000,78850,0.0,1.0,0.036,0.4,-0.12,-0.08,-3.13,1.06,2.25,0.02,0.06,-0.02,0.06,-0.0,0.0,11958.18,210.0,0.0,0.0,0.0,0.0
1775763160530312220,78950,0.0,0.9,0.044,0.6,0.02,-0.16,-3.13,1.06,2.25,0.0,0.05,-0.02,-0.0,-0.0,0.0,11955.26,197.0,0.0,0.0,0.0,0.0
1775763160624496250,79050,0.0,1.0,0.024,0.5,-0.04,-0.08,-3.13,1.06,2.25,0.03,0.09,-0.02,-0.0,-0.0,0.0,11955.44,193.0,0.0,0.0,0.0,0.0
1775763160722899749,79150,0.0,1.0,0.024,0.3,0.16,-0.18,-3.13,1.06,2.25,0.03,0.06,-0.03,-0.0,-0.12,-0.06,11956.29,193.0,0.0,0.0,0.0,0.0
1775763160825223177,79250,0.0,0.9,0.024,0.2,0.02,0.06,-3.13,1.06,2.25,0.01,0.05,0.0,-0.0,0.06,0.12,11955.61,207.0,0.0,0.0,0.0,0.0
1775763160923555439,79350,0.0,0.7,0.02,0.1,0.18,0.04,-3.13,1.06,2.25,0.0,0.05,-0.03,-0.0,-0.12,0.06,11957.67,207.0,0.0,0.0,0.0,0.0
1775763161025912216,79451,0.0,0.9,0.016,0.2,-0.2,0.1,-3.13,1.06,2.25,0.02,0.07,0.0,0.06,-0.0,0.0,11956.98,218.0,0.0,0.0,0.0,0.0
1775763161124206379,79551,0.0,1.1,0.028,0.1,0.0,0.1,-3.13,1.06,2.25,0.0,0.07,0.0,-0.0,0.06,0.06,11958.01,193.0,0.0,0.0,0.0,0.0
1775763161226686679,79651,0.0,1.0,0.056,0.2,-0.08,-0.06,-3.13,1.06,2.25,0.01,0.06,-0.03,-0.06,-0.0,0.06,11956.98,193.0,0.0,0.0,0.0,0.0
1775763161323133021,79751,0.0,1.0,0.052,0.2,-0.06,-0.1,-3.13,1.06,2.25,0.03,0.06,-0.03,-0.0,-0.06,0.0,11957.67,207.0,0.0,0.0,0.0,0.0
1775763161425327372,79851,0.0,1.1,0.044,0.3,-0.04,0.1,-3.13,1.06,2.25,0.01,0.06,-0.02,0.06,0.12,-0.06,11955.44,187.0,0.0,0.0,0.0,0.0
1775763161523636812,79951,0.0,0.9,0.032,0.4,-0.06,-0.02,-3.13,1.06,2.25,0.01,0.07,-0.01,-0.06,0.06,0.0,11956.81,187.0,0.0,0.0,0.0,0.0
1775763161633983690,80051,0.0,0.7,0.032,0.2,0.06,0.04,-3.13,1.06,2.25,0.02,0.06,-0.01,0.06,-0.19,-0.06,11956.29,201.0,0.0,0.0,0.0,0.0
1775763161732306277,80151,0.0,0.8,0.012,0.1,0.08,-0.14,-3.13,1.06,2.25,0.01,0.05,-0.01,-0.0,0.06,-0.06,11957.32,218.0,0.0,0.0,0.0,0.0
1775763161834760172,80251,0.0,1.1,0.008,0.2,0.06,-0.02,-3.13,1.06,2.25,0.01,0.07,0.0,0.12,-0.0,0.0,11959.21,218.0,0.0,0.0,0.0,0.0
1775763161932965191,80352,0.0,0.9,0.028,0.6,-0.06,-0.08,-3.13,1.06,2.25,0.0,0.05,0.0,-0.19,-0.0,-0.12,11957.49,197.0,0.0,0.0,0.0,0.0
1775763162025340130,80452,0.0,0.9,0.004,0.4,-0.04,-0.23,-3.13,1.06,2.25,0.02,0.04,0.0,-0.12,-0.06,-0.06,11956.12,197.0,0.0,0.0,0.0,0.0
1775763162133663834,80551,0.0,0.8,0.016,0.5,0.04,-0.06,-3.13,1.06,2.25,0.0,0.05,-0.03,-0.12,0.12,0.0,11959.72,200.0,0.0,0.0,0.0,0.0
1775763162225943659,80651,0.0,1.2,0.052,0.0,-0.14,-0.06,-3.13,1.06,2.25,0.02,0.08,-0.02,-0.06,-0.12,0.06,11958.35,203.0,0.0,0.0,0.0,0.0
1775763162322358402,80751,0.0,1.1,0.04,0.4,0.0,-0.04,-3.13,1.06,2.25,0.01,0.06,0.0,-0.06,0.06,-0.12,11958.35,203.0,0.0,0.0,0.0,0.0
1775763162424673425,80850,0.0,1.2,0.0,1.1,0.08,-0.02,-3.13,1.06,2.25,0.0,0.05,-0.01,-0.0,0.06,0.06,11958.18,181.0,0.0,0.0,0.0,0.0
1775763162528930023,80950,0.0,1.0,0.024,0.3,0.08,-0.1,-3.13,1.06,2.25,0.01,0.06,-0.02,0.06,-0.0,0.0,11956.29,207.0,0.0,0.0,0.0,0.0
1775763162633310633,81050,0.0,0.7,0.02,0.1,0.14,-0.12,-3.13,1.06,2.25,0.03,0.06,0.0,0.06,-0.12,0.12,11957.32,207.0,0.0,0.0,0.0,0.0
1775763162725617736,81150,0.0,0.8,0.012,0.3,0.04,0.0,-3.13,1.06,2.25,0.01,0.06,0.0,-0.0,-0.12,0.0,11956.29,196.0,0.0,0.0,0.0,0.0
1775763162823910631,81250,0.0,1.0,0.008,0.2,-0.06,0.08,-3.13,1.06,2.25,0.01,0.06,-0.02,0.06,-0.0,0.12,11958.18,209.0,0.0,0.0,0.0,0.0
1775763162926393387,81350,0.0,1.0,0.024,0.2,0.04,0.0,-3.13,1.06,2.25,0.02,0.04,-0.02,-0.12,-0.0,0.0,11956.64,209.0,0.0,0.0,0.0,0.0
1775763163024622636,81451,0.0,1.0,0.016,0.2,0.04,-0.04,-3.13,1.06,2.25,0.02,0.05,0.0,0.06,-0.19,0.06,11956.98,213.0,0.0,0.0,0.0,0.0
1775763163127077200,81551,0.0,0.9,0.008,1.3,0.0,-0.04,-3.13,1.06,2.25,0.01,0.05,0.0,-0.06,0.06,0.06,11956.64,213.0,0.0,0.0,0.0,0.0
1775763163223497824,81651,0.036,0.1,0.0,1.2,-0.02,-0.14,-3.13,1.06,2.25,0.01,0.07,-0.02,-0.0,0.06,0.06,11957.49,202.0,0.0,0.0,0.0,0.0
1775763163325764599,81751,0.0,1.0,0.056,0.3,0.02,-0.12,-3.13,1.06,2.25,0.0,0.08,-0.03,0.06,-0.0,0.0,11955.95,222.0,0.0,0.0,0.0,0.0
1775763163431924989,81850,0.0,1.0,0.036,0.3,0.02,-0.02,-3.13,1.06,2.25,0.01,0.07,-0.02,-0.06,0.06,0.0,11957.32,222.0,0.0,0.0,0.0,0.0
1775763163534393570,81950,0.0,1.1,0.036,0.7,-0.02,-0.04,-3.13,1.06,2.25,0.0,0.06,-0.03,-0.06,-0.06,0.0,11957.15,211.0,0.0,0.0,0.0,0.0
1775763163632765454,82051,0.0,0.3,0.0,1.5,-0.02,-0.02,-3.13,1.06,2.25,0.0,0.05,-0.03,-0.06,0.19,0.06,11956.98,206.0,0.0,0.0,0.0,0.0
1775763163725042124,82151,0.0,0.3,0.0,1.4,0.06,0.06,-3.13,1.06,2.25,0.02,0.04,-0.01,-0.19,-0.0,0.12,11958.01,206.0,0.0,0.0,0.0,0.0
1775763163833348802,82251,0.0,1.2,0.016,0.3,0.08,-0.14,-3.13,1.06,2.25,0.01,0.07,0.0,-0.06,-0.12,0.06,11955.78,200.0,0.0,0.0,0.0,0.0
1775763163925686192,82351,0.0,1.0,0.012,0.3,-0.14,-0.12,-3.13,1.06,2.25,0.02,0.06,-0.01,0.06,0.12,0.0,11954.75,219.0,0.0,0.0,0.0,0.0
1775763164034090307,82451,0.0,1.2,0.012,0.5,0.08,-0.1,-3.13,1.06,2.25,0.01,0.05,-0.01,-0.0,-0.06,0.0,11957.32,219.0,0.0,0.0,0.0,0.0
1775763164126340638,82550,0.0,1.2,0.008,0.3,-0.16,-0.14,-3.13,1.06,2.25,0.0,0.07,-0.02,-0.12,0.06,0.0,11955.78,186.0,0.0,0.0,0.0,0.0
1775763164222735645,82650,0.0,1.5,0.052,0.5,-0.06,0.08,-3.13,1.06,2.25,0.03,0.06,0.0,0.06,-0.06,-0.06,11957.32,186.0,0.0,0.0,0.0,0.0
1775763164325082872,82750,0.0,1.4,0.052,0.3,0.04,-0.25,-3.13,1.06,2.25,0.01,0.06,0.0,0.06,-0.06,-0.12,11957.67,179.0,0.0,0.0,0.0,0.0
1775763164425268033,82850,0.0,1.5,0.04,0.6,-0.02,-0.04,-3.13,1.06,2.25,0.02,0.05,0.0,-0.0,0.12,0.0,11956.12,198.0,0.0,0.0,0.0,0.0
1775763164533739935,82950,0.0,1.2,0.032,0.3,0.02,-0.14,-3.13,1.06,2.25,0.04,0.06,-0.01,-0.0,0.06,0.06,11956.98,198.0,0.0,0.0,0.0,0.0
1775763164626012821,83050,0.0,1.1,0.028,0.2,-0.08,0.06,-3.13,1.06,2.25,0.02,0.06,-0.01,0.06,0.06,-0.06,11957.15,202.0,0.0,0.0,0.0,0.0
1775763164734411245,83150,0.0,1.4,0.012,0.3,-0.12,0.0,-3.13,1.06,2.25,0.0,0.07,-0.01,0.12,-0.12,-0.06,11955.09,198.0,0.0,0.0,0.0,0.0
1775763164832723717,83250,0.0,1.2,0.004,0.3,-0.02,0.12,-3.13,1.06,2.25,0.03,0.08,0.0,0.12,0.12,-0.06,11957.49,198.0,0.0,0.0,0.0,0.0
1775763164924995361,83350,0.0,1.4,0.012,0.6,0.02,-0.12,-3.13,1.06,2.25,0.01,0.07,-0.01,0.06,-0.06,0.0,11955.09,214.0,0.0,0.0,0.0,0.0
1775763165033392173,83450,0.0,1.5,0.024,0.5,-0.06,-0.02,-3.13,1.06,2.25,0.01,0.06,-0.02,0.06,-0.19,0.0,11955.26,218.0,0.0,0.0,0.0,0.0
1775763165131681046,83550,0.0,1.2,0.012,0.4,-0.14,-0.06,-3.13,1.06,2.25,0.0,0.06,0.0,-0.06,-0.06,0.0,11957.49,218.0,0.0,0.0,0.0,0.0
1775763165226162931,83650,0.0,1.1,0.06,0.3,0.02,-0.1,-3.13,1.06,2.25,0.01,0.06,0.0,-0.0,-0.0,0.06,11959.38,186.0,0.0,0.0,0.0,0.0
1775763165324408714,83750,0.0,1.4,0.048,0.3,-0.06,-0.16,-3.13,1.06,2.25,0.03,0.07,0.0,-0.19,0.19,0.12,11960.41,186.0,0.0,0.0,0.0,0.0
1775763165424631866,83850,0.0,0.9,0.036,0.3,0.06,0.12,-3.13,1.06,2.25,0.02,0.05,0.0,-0.06,0.06,-0.06,11960.41,198.0,0.0,0.0,0.0,0.0
1775763165533092260,83950,0.0,0.6,0.032,0.5,0.04,-0.06,-3.13,1.06,2.25,0.02,0.07,-0.03,-0.0,0.06,0.0,11959.21,202.0,0.0,0.0,0.0,0.0
1775763165625440505,84050,0.0,1.1,0.028,0.1,-0.06,-0.08,-3.13,1.06,2.25,0.01,0.08,0.0,0.06,0.12,0.0,11960.41,202.0,0.0,0.0,0.0,0.0
1775763165733767072,84150,0.0,1.1,0.032,0.5,0.08,0.02,-3.13,1.06,2.25,0.03,0.06,-0.03,-0.06,0.06,0.06,11961.1,206.0,0.0,0.0,0.0,0.0
1775763165826042080,84250,0.0,0.9,0.02,0.3,-0.02,0.0,-3.13,1.06,2.25,0.01,0.05,-0.03,0.12,0.06,-0.06,11959.72,192.0,0.0,0.0,0.0,0.0
1775763165924342952,84350,0.0,1.0,0.024,-0.1,-0.02,-0.02,-3.13,1.06,2.25,0.02,0.05,-0.02,0.06,-0.06,0.0,11960.41,192.0,0.0,0.0,0.0,0.0
1775763166026728243,84450,0.0,1.0,0.02,0.5,0.12,0.0,-3.13,1.06,2.25,0.02,0.06,-0.03,0.12,-0.19,0.06,11960.24,218.0,0.0,0.0,0.0,0.0
1775763166135122280,84550,0.0,0.7,0.02,0.5,0.0,0.18,-3.13,1.06,2.25,0.0,0.05,-0.03,0.06,-0.0,0.0,11954.92,198.0,0.0,0.0,0.0,0.0
1775763166225546572,84651,0.0,0.9,0.06,0.1,-0.1,-0.06,-3.13,1.06,2.25,0.01,0.04,-0.03,-0.0,-0.19,0.0,11958.35,198.0,0.0,0.0,0.0,0.0
1775763166323892157,84750,0.0,0.9,0.052,0.2,-0.1,-0.06,-3.13,1.06,2.25,0.01,0.05,0.0,0.19,-0.0,0.12,11957.32,197.0,0.0,0.0,0.0,0.0
1775763166428057190,84850,0.0,0.9,0.04,0.5,-0.02,-0.1,-3.13,1.06,2.25,0.0,0.05,0.0,-0.06,-0.12,0.0,11956.46,205.0,0.0,0.0,0.0,0.0
1775763166526428477,84951,0.0,0.9,0.04,0.3,0.04,-0.12,-3.13,1.06,2.25,0.02,0.07,-0.02,-0.06,-0.0,0.06,11957.67,205.0,0.0,0.0,0.0,0.0
1775763166628791706,85050,0.0,1.1,0.028,0.3,0.06,-0.1,-3.13,1.06,2.25,0.0,0.06,-0.01,-0.12,-0.0,-0.06,11959.9,189.0,0.0,0.0,0.0,0.0
1775763166727130162,85150,0.0,0.8,0.02,0.1,-0.02,-0.08,-3.13,1.06,2.25,0.01,0.07,0.0,-0.0,-0.0,0.0,11961.44,189.0,0.0,0.0,0.0,0.0
1775763166829468133,85251,0.0,0.7,0.016,0.5,0.02,-0.04,-3.13,1.06,2.25,0.02,0.08,0.0,-0.06,-0.0,0.0,11960.75,209.0,0.0,0.0,0.0,0.0
1775763166927792108,85351,0.0,1.2,0.016,0.4,-0.06,-0.06,-3.13,1.06,2.25,0.02,0.06,-0.02,-0.0,0.06,0.0,11959.04,194.0,0.0,0.0,0.0,0.0
1775763167030257220,85451,0.0,1.4,0.02,0.4,0.08,0.02,-3.13,1.06,2.25,0.03,0.04,-0.01,0.06,-0.06,-0.06,11959.9,194.0,0.0,0.0,0.0,0.0
1775763167128485062,85552,0.0,1.3,0.02,0.2,-0.08,-0.08,-3.13,1.06,2.25,0.0,0.06,-0.02,-0.12,0.06,0.0,11955.61,189.0,0.0,0.0,0.0,0.0
1775763167228908857,85652,0.0,1.2,0.056,0.7,0.0,-0.12,-3.13,1.06,2.25,0.0,0.07,-0.02,0.06,-0.06,0.0,11955.61,197.0,0.0,0.0,0.0,0.0
1775763167327209344,85752,0.0,0.7,0.048,0.2,0.06,-0.04,-3.13,1.06,2.25,0.0,0.06,-0.03,0.19,0.06,0.06,11955.78,197.0,0.0,0.0,0.0,0.0
1775763167437487024,85853,0.0,0.7,0.04,0.4,0.02,-0.21,-3.13,1.06,2.25,-0.01,0.06,-0.03,0.12,-0.06,0.06,11955.78,201.0,0.0,0.0,0.0,0.0
1775763167529956398,85953,0.0,1.2,0.024,0.5,0.12,-0.04,-3.13,1.06,2.25,0.01,0.05,-0.02,0.06,-0.06,0.0,11956.12,201.0,0.0,0.0,0.0,0.0
1775763167628136132,86053,0.0,0.9,0.016,0.3,0.02,-0.08,-3.13,1.06,2.25,0.02,0.06,-0.06,0.06,-0.12,-0.12,11959.04,204.0,0.0,0.0,0.0,0.0
1775763167736552178,86153,0.0,1.0,0.02,0.2,-0.04,-0.12,-3.13,1.06,2.25,0.01,0.06,-0.03,0.12,-0.12,-0.06,11959.38,210.0,0.0,0.0,0.0,0.0
1775763167830998533,86253,0.0,1.1,0.024,0.5,0.0,0.02,-3.13,1.06,2.25,0.01,0.07,-0.05,0.06,-0.12,-0.06,11959.55,210.0,0.0,0.0,0.0,0.0
1775763167937178999,86353,0.0,0.7,0.016,0.6,-0.06,-0.06,-3.13,1.06,2.25,0.01,0.07,-0.02,-0.0,-0.12,-0.06,11956.81,208.0,0.0,0.0,0.0,0.0
1775763168029517138,86453,0.0,0.9,0.004,0.5,0.0,-0.1,-3.13,1.06,2.25,0.01,0.07,0.0,-0.06,-0.0,-0.06,11959.72,195.0,0.0,0.0,0.0,0.0
1775763168137938880,86553,0.0,1.0,0.02,0.2,0.0,-0.12,-3.13,1.06,2.25,0.0,0.05,-0.02,0.12,-0.0,0.06,11957.15,195.0,0.0,0.0,0.0,0.0
1775763168228348566,86653,0.0,0.9,0.064,0.3,0.04,-0.04,-3.13,1.06,2.25,0.01,0.06,-0.02,0.12,-0.06,0.0,11958.69,189.0,0.0,0.0,0.0,0.0
1775763168336651407,86753,0.0,0.9,0.0,1.5,0.02,0.0,-3.13,1.06,2.25,0.01,0.07,-0.01,-0.06,-0.0,0.0,11960.24,197.0,0.0,0.0,0.0,0.0
1775763168430912411,86853,0.0,1.3,0.04,0.5,-0.16,0.06,-3.13,1.06,2.25,0.02,0.06,-0.01,0.06,-0.06,-0.12,11961.27,197.0,0.0,0.0,0.0,0.0
1775763168529178689,86953,0.0,1.3,0.0,1.3,-0.02,-0.23,-3.13,1.06,2.25,0.0,0.05,-0.03,-0.0,0.06,0.0,11960.58,193.0,0.0,0.0,0.0,0.0
1775763168631559679,87053,0.0,1.1,0.028,0.2,0.0,-0.06,-3.13,1.06,2.25,0.0,0.04,-0.03,-0.0,-0.12,-0.06,11959.21,208.0,0.0,0.0,0.0,0.0
1775763168729913731,87153,0.0,1.0,0.024,0.3,-0.08,0.0,-3.13,1.06,2.25,0.01,0.06,-0.03,0.06,0.19,0.06,11957.49,208.0,0.0,0.0,0.0,0.0
1775763168832300832,87252,0.0,0.9,0.02,0.1,0.0,-0.14,-3.13,1.06,2.25,0.0,0.05,-0.03,0.12,-0.0,0.06,11956.46,202.0,0.0,0.0,0.0,0.0
1775763168930639014,87352,0.0,1.0,0.012,0.1,0.06,-0.06,-3.13,1.06,2.25,0.01,0.07,-0.03,0.06,-0.06,-0.06,11958.01,202.0,0.0,0.0,0.0,0.0
1775763169038927409,87452,0.0,1.0,0.008,0.2,0.18,-0.14,-3.13,1.06,2.25,0.02,0.07,-0.05,0.12,-0.06,0.06,11958.52,215.0,0.0,0.0,0.0,0.0
1775763169131404584,87553,0.0,0.3,0.0,1.5,0.02,-0.04,-3.13,1.06,2.25,0.02,0.06,-0.03,0.06,-0.06,0.0,11956.46,193.0,0.0,0.0,0.0,0.0
1775763169231725887,87653,0.0,1.4,0.052,0.3,-0.02,-0.04,-3.13,1.06,2.25,0.0,0.06,-0.03,-0.0,-0.0,0.0,11958.18,193.0,0.0,0.0,0.0,0.0
1775763169330030952,87753,0.0,1.6,0.052,0.3,-0.08,-0.1,-3.13,1.06,2.25,0.0,0.08,-0.03,-0.0,0.06,-0.06,11958.35,192.0,0.0,0.0,0.0,0.0
1775763169430315775,87853,0.0,1.2,0.036,0.2,-0.08,-0.1,-3.13,1.06,2.25,0.04,0.06,-0.03,-0.19,-0.0,0.06,11957.32,201.0,0.0,0.0,0.0,0.0
1775763169530716852,87953,0.0,1.3,0.02,0.2,-0.06,-0.02,-3.13,1.06,2.25,0.0,0.06,-0.03,0.19,-0.06,0.06,11958.18,201.0,0.0,0.0,0.0,0.0
1775763169631046118,88053,0.0,1.0,0.032,0.3,-0.02,0.02,-3.13,1.06,2.25,-0.02,0.07,-0.03,0.06,0.06,0.0,11958.18,189.0,0.0,0.0,0.0,0.0
1775763169731386198,88153,0.0,0.9,0.02,0.2,0.04,0.0,-3.13,1.06,2.25,0.01,0.08,-0.01,-0.12,0.06,-0.06,11958.01,189.0,0.0,0.0,0.0,0.0
1775763169837656275,88253,0.0,1.0,0.02,0.3,0.0,0.0,-3.13,1.06,2.25,0.01,0.04,-0.01,0.06,-0.06,-0.12,11957.49,216.0,0.0,0.0,0.0,0.0
1775763169929915071,88353,0.0,0.9,0.0,1.6,-0.12,-0.06,-3.13,1.06,2.25,0.01,0.05,-0.01,0.06,-0.12,0.0,11956.81,182.0,0.0,0.0,0.0,0.0
1775763170038328914,88453,0.0,0.2,0.0,1.4,0.0,-0.12,-3.13,1.06,2.25,0.0,0.07,-0.02,0.06,0.12,0.12,11957.67,182.0,0.0,0.0,0.0,0.0
1775763170130641886,88552,0.0,1.4,0.02,0.2,0.14,-0.04,-3.13,1.06,2.25,0.03,0.06,-0.02,0.06,-0.0,-0.06,11958.87,198.0,0.0,0.0,0.0,0.0
1775763170231038826,88652,0.0,1.3,0.068,0.2,-0.04,-0.16,-3.13,1.06,2.25,0.02,0.04,-0.01,0.06,-0.12,-0.06,11956.81,190.0,0.0,0.0,0.0,0.0
1775763170329353625,88752,0.0,1.5,0.048,0.3,-0.04,-0.04,-3.13,1.06,2.25,0.02,0.07,-0.03,0.12,-0.0,0.06,11958.18,190.0,0.0,0.0,0.0,0.0
1775763170429574000,88852,0.0,1.3,0.04,0.7,-0.14,-0.04,-3.13,1.06,2.25,0.02,0.08,-0.02,-0.12,0.06,0.0,11958.35,203.0,0.0,0.0,0.0,0.0
1775763170531969160,88952,0.0,0.5,0.036,0.6,0.02,0.08,-3.13,1.06,2.25,0.01,0.06,-0.03,-0.06,-0.0,0.06,11957.32,217.0,0.0,0.0,0.0,0.0
1775763170630314735,89052,0.0,1.0,0.032,0.0,0.1,0.02,-3.13,1.06,2.25,0.0,0.05,0.0,-0.06,-0.0,0.06,11958.52,217.0,0.0,0.0,0.0,0.0
1775763170738624892,89151,0.0,0.9,0.032,0.2,-0.12,-0.16,-3.13,1.06,2.25,0.02,0.07,-0.04,-0.0,-0.06,0.0,11956.64,203.0,0.0,0.0,0.0,0.0
1775763170830963493,89251,0.0,1.0,0.024,0.2,-0.02,-0.08,-3.13,1.06,2.25,0.0,0.06,0.0,-0.0,-0.06,-0.12,11957.49,202.0,0.0,0.0,0.0,0.0
1775763170929329419,89351,0.0,0.9,0.0,0.1,-0.04,-0.02,-3.13,1.06,2.25,0.0,0.06,-0.03,-0.12,-0.06,0.0,11956.64,202.0,0.0,0.0,0.0,0.0
1775763171037658629,89451,0.0,1.2,0.016,0.6,0.04,-0.12,-3.13,1.06,2.25,0.0,0.06,-0.03,-0.06,-0.0,0.12,11957.15,201.0,0.0,0.0,0.0,0.0
1775763171130023518,89551,0.0,1.4,0.012,0.6,-0.06,-0.06,-3.13,1.06,2.25,0.01,0.06,0.0,-0.12,-0.06,0.12,11959.9,201.0,0.0,0.0,0.0,0.0
1775763171230398341,89652,0.0,1.1,0.0,0.9,-0.12,0.02,-3.13,1.06,2.25,0.03,0.06,-0.01,-0.06,0.06,-0.06,11958.18,192.0,0.0,0.0,0.0,0.0
1775763171334811602,89752,0.0,0.6,0.048,0.4,-0.1,-0.1,-3.13,1.06,2.25,0.03,0.07,-0.03,-0.06,0.06,0.0,11957.84,195.0,0.0,0.0,0.0,0.0
1775763171431117433,89852,0.004,0.9,0.04,1.2,-0.02,-0.08,-3.13,1.06,2.25,0.02,0.06,-0.04,-0.06,-0.0,-0.06,11959.55,195.0,0.0,0.0,0.0,0.0
1775763171537372033,89952,0.0,1.1,0.04,0.4,0.12,-0.04,-3.13,1.06,2.25,0.0,0.04,-0.03,-0.0,-0.0,0.0,11958.35,207.0,0.0,0.0,0.0,0.0
1775763171639779445,90052,0.0,0.9,0.024,0.7,0.06,-0.02,-3.13,1.06,2.25,0.0,0.06,-0.03,-0.12,-0.06,-0.12,11957.49,212.0,0.0,0.0,0.0,0.0
1775763171732137279,90152,0.0,0.9,0.016,0.3,-0.06,-0.2,-3.13,1.06,2.25,0.0,0.06,-0.01,-0.0,0.06,0.06,11958.87,212.0,0.0,0.0,0.0,0.0
1775763171830351853,90252,0.0,1.0,0.028,0.3,0.02,-0.08,-3.13,1.06,2.25,0.01,0.07,-0.02,-0.12,0.19,0.0,11957.32,206.0,0.0,0.0,0.0,0.0
1775763171938749906,90352,0.0,1.2,0.024,0.3,-0.1,0.04,-3.13,1.06,2.25,0.01,0.07,0.0,-0.0,0.06,0.06,11957.67,206.0,0.0,0.0,0.0,0.0
1775763172031022390,90452,0.0,1.2,0.024,0.3,0.14,-0.02,-3.13,1.06,2.25,0.0,0.06,-0.02,-0.12,-0.06,0.0,11957.67,213.0,0.0,0.0,0.0,0.0
1775763172139414103,90552,0.0,0.9,0.024,0.4,0.0,0.06,-3.13,1.06,2.25,0.01,0.04,-0.03,-0.06,0.12,-0.06,11956.81,175.0,0.0,0.0,0.0,0.0
1775763172229788858,90652,0.0,1.0,0.072,0.2,0.04,-0.1,-3.13,1.06,2.25,0.02,0.07,0.0,-0.0,-0.0,-0.12,11958.87,175.0,0.0,0.0,0.0,0.0
1775763172332142228,90753,0.0,0.9,0.056,0.5,0.06,-0.04,-3.13,1.06,2.25,0.03,0.07,-0.01,-0.0,-0.0,0.06,11955.61,198.0,0.0,0.0,0.0,0.0
1775763172433184494,90853,0.0,1.0,0.044,0.2,0.0,0.16,-3.13,1.06,2.25,0.02,0.08,0.0,-0.06,-0.0,0.06,11954.92,213.0,0.0,0.0,0.0,0.0
1775763172534893451,90953,0.0,1.0,0.032,0.8,-0.06,-0.1,-3.13,1.06,2.25,0.02,0.07,0.0,-0.06,-0.0,-0.06,11955.95,213.0,0.0,0.0,0.0,0.0
1775763172632984209,91054,0.0,1.1,0.028,0.7,0.12,-0.04,-3.13,1.06,2.25,0.02,0.05,-0.02,-0.12,0.06,-0.06,11955.95,202.0,0.0,0.0,0.0,0.0
1775763172735327376,91154,0.0,0.8,0.016,0.3,0.04,0.0,-3.13,1.06,2.25,0.04,0.05,-0.03,0.06,-0.0,0.12,11955.95,212.0,0.0,0.0,0.0,0.0
1775763172833670493,91254,0.0,1.0,0.02,0.2,0.1,-0.02,-3.13,1.06,2.25,0.0,0.06,-0.02,0.06,0.06,-0.06,11957.49,212.0,0.0,0.0,0.0,0.0
1775763172936022160,91355,0.0,1.0,0.016,0.5,-0.08,-0.14,-3.13,1.06,2.25,0.0,0.06,-0.02,-0.06,-0.06,-0.06,11956.29,198.0,0.0,0.0,0.0,0.0
1775763173034315001,91455,0.0,0.4,0.0,1.5,0.06,-0.06,-3.13,1.06,2.25,0.02,0.06,-0.01,0.06,0.06,0.0,11956.12,199.0,0.0,0.0,0.0,0.0
1775763173136786840,91555,0.0,1.4,0.032,0.5,-0.04,-0.1,-3.13,1.06,2.25,0.02,0.06,0.0,-0.12,-0.0,0.06,11958.52,199.0,0.0,0.0,0.0,0.0
1775763173233207504,91655,0.0,1.4,0.06,0.4,0.02,-0.21,-3.13,1.06,2.25,0.01,0.06,0.0,0.12,-0.06,0.06,11957.49,187.0,0.0,0.0,0.0,0.0
1775763173335519962,91755,0.0,1.2,0.04,0.3,0.02,-0.18,-3.13,1.06,2.25,0.01,0.07,0.01,-0.06,0.06,0.0,11959.04,187.0,0.0,0.0,0.0,0.0
1775763173435684541,91855,0.0,1.3,0.0,1.1,-0.06,-0.04,-3.13,1.06,2.25,0.01,0.04,-0.02,0.06,0.19,0.0,11958.35,208.0,0.0,0.0,0.0,0.0
1775763173533971765,91955,0.004,0.5,0.0,1.2,0.04,-0.08,-3.13,1.06,2.25,0.01,0.07,-0.01,-0.0,-0.19,0.0,11959.9,205.0,0.0,0.0,0.0,0.0
1775763173642473909,92055,0.0,0.6,0.028,0.1,-0.08,-0.08,-3.13,1.06,2.25,0.0,0.05,0.0,-0.0,-0.0,-0.06,11957.32,205.0,0.0,0.0,0.0,0.0
1775763173734663757,92155,0.0,1.1,0.028,0.4,0.02,-0.08,-3.13,1.06,2.25,0.03,0.06,-0.02,-0.0,-0.06,0.06,11957.84,197.0,0.0,0.0,0.0,0.0
1775763173843035982,92255,0.0,0.9,0.02,0.3,0.08,-0.08,-3.13,1.06,2.25,0.01,0.03,-0.02,-0.06,0.06,-0.06,11957.84,189.0,0.0,0.0,0.0,0.0
1775763173935439412,92355,0.0,0.9,0.012,0.3,0.04,0.0,-3.13,1.06,2.25,0.02,0.05,-0.01,-0.06,0.12,-0.06,11958.01,189.0,0.0,0.0,0.0,0.0
1775763174033662194,92455,0.0,0.6,0.0,1.4,0.06,0.02,-3.13,1.06,2.25,0.01,0.05,0.0,0.06,-0.0,0.06,11956.29,206.0,0.0,0.0,0.0,0.0
1775763174141993524,92555,0.0,1.5,0.016,0.0,0.0,-0.16,-3.13,1.06,2.25,0.0,0.06,0.0,-0.0,-0.0,-0.06,11958.87,191.0,0.0,0.0,0.0,0.0
1775763174232457467,92655,0.0,1.4,0.056,0.5,0.04,-0.02,-3.13,1.06,2.25,0.02,0.07,-0.03,-0.0,-0.06,-0.06,11956.81,191.0,0.0,0.0,0.0,0.0
1775763174340850091,92755,0.0,1.0,0.044,0.5,0.1,-0.14,-3.13,1.06,2.25,0.01,0.07,0.0,0.06,-0.12,-0.06,11958.18,183.0,0.0,0.0,0.0,0.0
1775763174435115703,92855,0.0,1.0,0.036,0.6,-0.06,-0.1,-3.13,1.06,2.25,0.01,0.07,-0.02,-0.06,-0.06,0.06,11960.41,183.0,0.0,0.0,0.0,0.0
1775763174543495902,92955,0.0,1.2,0.04,0.1,0.08,-0.1,-3.13,1.06,2.25,0.01,0.06,-0.03,0.06,0.19,0.06,11960.41,212.0,0.0,0.0,0.0,0.0
1775763174635825755,93056,0.0,0.7,0.02,0.2,0.02,-0.08,-3.13,1.06,2.25,0.03,0.05,-0.02,0.06,0.06,0.06,11958.35,186.0,0.0,0.0,0.0,0.0
1775763174744207991,93156,0.0,1.0,0.02,0.6,0.1,-0.2,-3.13,1.06,2.25,0.0,0.07,-0.02,-0.06,-0.19,0.06,11959.9,186.0,0.0,0.0,0.0,0.0
1775763174836506179,93256,0.0,1.0,0.012,0.3,0.04,-0.06,-3.13,1.06,2.25,0.02,0.06,-0.01,0.12,0.06,0.06,11955.95,209.0,0.0,0.0,0.0,0.0
1775763174944908154,93357,0.0,1.2,0.02,0.3,-0.16,-0.12,-3.13,1.06,2.25,0.03,0.06,-0.01,-0.06,0.06,-0.12,11955.44,213.0,0.0,0.0,0.0,0.0
1775763175037277468,93457,0.0,0.9,0.02,0.3,-0.06,-0.06,-3.13,1.06,2.25,0.04,0.05,-0.02,-0.0,-0.0,0.0,11956.98,213.0,0.0,0.0,0.0,0.0
1775763175145620309,93557,0.0,0.8,0.008,0.3,-0.06,-0.02,-3.13,1.06,2.25,0.02,0.05,-0.01,-0.0,0.06,0.06,11955.95,198.0,0.0,0.0,0.0,0.0
1775763175235942901,93657,0.0,1.0,0.068,0.2,0.08,-0.12,-3.13,1.06,2.25,-0.01,0.09,-0.01,0.12,0.06,0.06,11955.09,216.0,0.0,0.0,0.0,0.0
1775763175338378635,93757,0.0,0.6,0.056,0.6,-0.14,-0.04,-3.13,1.06,2.25,0.02,0.05,-0.02,-0.0,0.06,-0.12,11956.64,216.0,0.0,0.0,0.0,0.0
1775763175444529174,93856,0.0,0.7,0.036,0.5,-0.08,-0.08,-3.13,1.06,2.25,0.0,0.06,-0.03,-0.25,-0.06,-0.06,11956.64,186.0,0.0,0.0,0.0,0.0
1775763175536952073,93956,0.004,0.2,0.0,0.0,0.1,-0.02,-3.13,1.06,2.25,0.01,0.06,-0.01,0.06,0.12,0.06,11955.44,186.0,0.0,0.0,0.0,0.0
1775763175645262082,94056,0.0,0.9,0.02,0.6,-0.08,-0.02,-3.13,1.06,2.25,0.02,0.05,-0.02,-0.0,-0.0,0.12,11955.61,203.0,0.0,0.0,0.0,0.0
1775763175743556644,94156,0.0,1.1,0.024,0.3,-0.04,-0.06,-3.13,1.06,2.25,0.0,0.07,-0.03,0.06,-0.0,0.06,11956.12,196.0,0.0,0.0,0.0,0.0
1775763175835923008,94256,0.0,1.6,0.02,0.6,-0.06,0.0,-3.13,1.06,2.25,0.02,0.07,-0.03,0.06,-0.0,0.0,11955.78,196.0,0.0,0.0,0.0,0.0
1775763175944298867,94356,0.0,1.3,0.012,0.0,-0.04,-0.02,-3.13,1.06,2.25,0.0,0.05,0.0,-0.06,-0.0,0.06,11956.46,187.0,0.0,0.0,0.0,0.0
1775763176036604640,94456,0.0,1.4,0.012,0.3,0.06,-0.06,-3.13,1.06,2.25,0.03,0.07,-0.02,-0.0,0.06,0.06,11955.09,187.0,0.0,0.0,0.0,0.0
1775763176145001880,94556,0.0,1.2,0.02,0.3,0.04,-0.14,-3.13,1.06,2.25,0.02,0.06,-0.01,-0.12,0.12,0.0,11955.78,187.0,0.0,0.0,0.0,0.0
1775763176235331891,94655,0.0,1.2,0.068,0.3,-0.02,-0.14,-3.13,1.06,2.25,0.02,0.04,0.0,-0.0,-0.06,0.0,11954.75,217.0,0.0,0.0,0.0,0.0
1775763176333643205,94755,0.0,1.4,0.044,0.3,-0.06,-0.04,-3.13,1.06,2.25,0.02,0.07,-0.02,-0.12,-0.06,0.06,11955.26,207.0,0.0,0.0,0.0,0.0
1775763176438016544,94855,0.0,1.3,0.044,0.2,0.1,0.0,-3.13,1.06,2.25,0.01,0.06,-0.01,-0.0,-0.12,-0.06,11956.64,207.0,0.0,0.0,0.0,0.0
1775763176536205420,94955,0.0,1.1,0.028,0.6,-0.06,-0.06,-3.13,1.06,2.25,0.01,0.06,-0.03,-0.0,-0.06,0.0,11954.75,191.0,0.0,0.0,0.0,0.0
1775763176638698608,95055,0.0,1.2,0.024,0.1,0.02,-0.14,-3.13,1.06,2.25,0.0,0.06,-0.03,-0.0,0.06,0.0,11954.24,191.0,0.0,0.0,0.0,0.0
1775763176736892187,95155,0.0,1.3,0.016,0.1,-0.02,-0.1,-3.13,1.06,2.25,0.0,0.04,-0.03,-0.0,-0.12,-0.12,11954.24,191.0,0.0,0.0,0.0,0.0
1775763176839308990,95255,0.0,1.4,0.02,0.1,0.04,-0.23,-3.13,1.06,2.25,0.04,0.07,-0.02,-0.0,0.06,0.12,11954.24,200.0,0.0,0.0,0.0,0.0
1775763176937698727,95355,0.0,1.5,0.024,0.5,-0.04,-0.04,-3.13,1.06,2.25,0.02,0.06,-0.03,-0.0,0.06,0.06,11958.69,200.0,0.0,0.0,0.0,0.0
1775763177045977137,95455,0.0,1.4,0.016,0.4,0.18,-0.04,-3.13,1.06,2.25,0.02,0.04,-0.05,0.06,-0.06,0.0,11959.55,207.0,0.0,0.0,0.0,0.0
1775763177138265400,95555,0.0,1.5,0.028,0.3,-0.14,-0.16,-3.13,1.06,2.25,0.01,0.06,-0.03,-0.06,-0.12,0.0,11958.87,200.0,0.0,0.0,0.0,0.0
1775763177234651874,95655,0.0,1.6,0.056,0.3,-0.02,-0.08,-3.13,1.06,2.25,0.01,0.06,-0.02,0.06,-0.0,0.0,11959.72,200.0,0.0,0.0,0.0,0.0
1775763177338867548,95755,0.0,1.4,0.048,0.2,-0.1,0.02,-3.13,1.06,2.25,0.04,0.05,-0.02,0.19,-0.06,0.06,11957.32,201.0,0.0,0.0,0.0,0.0
1775763177437232409,95855,0.0,1.4,0.04,0.3,0.04,-0.02,-3.13,1.06,2.25,0.02,0.06,-0.03,0.12,-0.19,-0.06,11955.44,193.0,0.0,0.0,0.0,0.0
1775763177537724983,95955,0.0,1.4,0.024,0.5,-0.02,-0.1,-3.13,1.06,2.25,0.0,0.06,-0.03,-0.0,-0.0,0.0,11958.18,193.0,0.0,0.0,0.0,0.0
1775763177643967281,96055,0.0,1.4,0.016,0.3,-0.02,-0.02,-3.13,1.06,2.25,0.0,0.05,-0.04,0.06,-0.06,-0.06,11955.61,184.0,0.0,0.0,0.0,0.0
1775763177736326282,96155,0.0,1.2,0.024,0.2,0.0,-0.02,-3.13,1.06,2.25,0.03,0.06,-0.03,-0.12,0.06,-0.06,11956.46,184.0,0.0,0.0,0.0,0.0
1775763177844643647,96256,0.0,1.2,0.02,0.4,-0.08,-0.08,-3.13,1.06,2.25,0.01,0.08,-0.02,0.06,-0.06,0.0,11957.84,197.0,0.0,0.0,0.0,0.0
1775763177947050018,96356,0.0,1.0,0.012,0.2,-0.1,0.02,-3.13,1.06,2.25,0.02,0.05,-0.04,-0.0,0.19,0.12,11958.52,198.0,0.0,0.0,0.0,0.0
1775763178045307198,96456,0.0,1.2,0.016,0.5,0.1,-0.02,-3.13,1.06,2.25,0.02,0.07,-0.01,0.06,-0.0,-0.12,11957.84,198.0,0.0,0.0,0.0,0.0
1775763178147739562,96557,0.0,1.2,0.02,0.3,0.02,-0.04,-3.13,1.06,2.25,0.01,0.05,-0.03,0.06,-0.06,-0.19,11960.24,211.0,0.0,0.0,0.0,0.0
1775763178238094393,96657,0.0,1.6,0.06,0.3,-0.14,-0.08,-3.13,1.06,2.25,0.01,0.08,-0.03,0.12,0.06,0.12,11955.44,202.0,0.0,0.0,0.0,0.0
1775763178340448205,96757,0.0,1.2,0.0,1.2,0.02,-0.1,-3.13,1.06,2.25,0.01,0.06,-0.03,-0.06,-0.12,-0.12,11957.32,202.0,0.0,0.0,0.0,0.0
1775763178440666249,96858,0.0,0.9,0.028,0.3,0.1,-0.12,-3.13,1.06,2.25,0.0,0.07,-0.03,0.06,-0.0,0.06,11955.09,187.0,0.0,0.0,0.0,0.0
1775763178549120175,96958,0.0,1.3,0.02,0.5,-0.02,-0.14,-3.13,1.06,2.25,0.02,0.05,-0.01,-0.0,0.06,0.0,11954.41,195.0,0.0,0.0,0.0,0.0
1775763178641467356,97058,0.0,1.5,0.024,0.4,0.0,-0.02,-3.13,1.06,2.25,0.0,0.07,-0.02,-0.12,0.06,0.06,11955.61,195.0,0.0,0.0,0.0,0.0
1775763178749779215,97159,0.0,1.6,0.012,0.3,0.0,-0.02,-3.13,1.06,2.25,0.03,0.05,-0.02,0.06,-0.06,-0.06,11954.92,194.0,0.0,0.0,0.0,0.0
1775763178842153486,97259,0.0,1.2,0.016,0.3,0.08,-0.08,-3.13,1.06,2.25,0.01,0.05,-0.04,0.06,-0.0,0.0,11955.61,194.0,0.0,0.0,0.0,0.0
1775763178940372885,97359,0.0,0.6,0.008,0.5,-0.12,-0.08,-3.13,1.06,2.25,0.0,0.05,-0.02,0.06,-0.06,0.0,11955.95,192.0,0.0,0.0,0.0,0.0
1775763179042750621,97459,0.0,1.0,0.02,0.6,0.04,-0.04,-3.13,1.06,2.25,0.0,0.06,-0.05,-0.0,-0.0,-0.06,11954.75,190.0,0.0,0.0,0.0,0.0
1775763179141055010,97559,0.0,0.9,0.024,0.1,-0.04,0.06,-3.13,1.06,2.25,0.04,0.05,-0.03,-0.06,0.06,-0.06,11955.09,190.0,0.0,0.0,0.0,0.0
1775763179241572903,97659,0.0,0.9,0.06,0.2,-0.04,-0.08,-3.13,1.06,2.25,0.03,0.06,-0.01,-0.0,0.12,0.0,11956.81,194.0,0.0,0.0,0.0,0.0
1775763179339877570,97759,0.0,1.0,0.048,0.6,0.02,-0.04,-3.13,1.06,2.25,0.0,0.05,-0.03,-0.12,0.06,-0.06,11957.32,195.0,0.0,0.0,0.0,0.0
1775763179444194077,97859,0.0,1.0,0.044,0.3,-0.14,-0.06,-3.13,1.06,2.25,0.04,0.07,-0.03,-0.0,0.06,0.0,11954.41,195.0,0.0,0.0,0.0,0.0
1775763179542427358,97959,0.0,1.2,0.028,0.2,0.06,-0.18,-3.13,1.06,2.25,0.01,0.06,-0.02,-0.0,-0.06,-0.06,11954.92,201.0,0.0,0.0,0.0,0.0
1775763179650747728,98059,0.0,1.1,0.024,0.2,0.02,-0.06,-3.13,1.06,2.25,0.01,0.06,-0.02,0.12,-0.12,0.0,11953.55,192.0,0.0,0.0,0.0,0.0
1775763179743201435,98159,0.0,0.9,0.016,0.3,0.06,-0.04,-3.13,1.06,2.25,0.02,0.04,-0.03,0.06,0.06,-0.06,11956.81,192.0,0.0,0.0,0.0,0.0
1775763179841391626,98259,0.0,0.7,0.016,0.3,-0.02,-0.1,-3.13,1.06,2.25,0.03,0.05,-0.03,-0.0,-0.0,-0.06,11955.09,191.0,0.0,0.0,0.0,0.0
1775763179949809732,98359,0.0,0.8,0.0,1.4,-0.1,0.0,-3.13,1.06,2.25,0.01,0.06,-0.05,-0.0,-0.06,0.06,11957.15,212.0,0.0,0.0,0.0,0.0
1775763180042189442,98459,0.0,1.2,0.016,0.3,0.08,-0.14,-3.13,1.06,2.25,0.0,0.06,-0.03,-0.06,-0.06,0.06,11959.38,212.0,0.0,0.0,0.0,0.0
1775763180150484103,98560,0.0,1.2,0.024,0.6,-0.08,-0.08,-3.13,1.06,2.25,0.01,0.07,-0.03,0.06,0.06,0.06,11956.64,199.0,0.0,0.0,0.0,0.0
1775763180240933493,98660,0.0,1.3,0.06,0.4,0.06,0.0,-3.13,1.06,2.25,0.01,0.03,-0.03,-0.0,-0.06,-0.12,11958.01,199.0,0.0,0.0,0.0,0.0
1775763180349222711,98760,0.0,0.4,0.052,0.5,-0.04,0.0,-3.13,1.06,2.25,0.02,0.05,-0.04,-0.06,0.12,0.0,11959.9,212.0,0.0,0.0,0.0,0.0
1775763180443427735,98861,0.0,1.1,0.036,0.3,-0.18,-0.04,-3.13,1.06,2.25,0.0,0.05,-0.03,-0.0,-0.0,0.06,11958.87,187.0,0.0,0.0,0.0,0.0
1775763180551922165,98961,0.0,0.7,0.032,0.2,-0.08,-0.18,-3.13,1.06,2.25,0.01,0.07,-0.02,-0.0,-0.12,0.0,11958.35,187.0,0.0,0.0,0.0,0.0
1775763180654270779,99061,0.0,0.7,0.02,0.6,-0.04,-0.02,-3.13,1.06,2.25,0.0,0.05,-0.04,0.12,-0.06,0.06,11956.29,210.0,0.0,0.0,0.0,0.0
1775763180752557847,99162,0.0,1.0,0.024,0.2,-0.06,-0.08,-3.13,1.06,2.25,0.01,0.07,-0.05,-0.06,0.12,-0.06,11955.61,211.0,0.0,0.0,0.0,0.0
1775763180844931904,99262,0.0,1.0,0.008,0.4,0.04,-0.21,-3.13,1.06,2.25,0.0,0.08,-0.04,-0.06,-0.06,0.0,11956.46,211.0,0.0,0.0,0.0,0.0
1775763180953265897,99362,0.0,0.9,0.028,0.2,-0.04,-0.1,-3.13,1.06,2.25,0.0,0.05,-0.02,0.12,0.06,0.0,11957.49,182.0,0.0,0.0,0.0,0.0
1775763181045611547,99462,0.0,0.7,0.012,0.2,0.0,-0.04,-3.13,1.06,2.25,0.02,0.05,-0.04,0.12,-0.06,0.06,11960.24,182.0,0.0,0.0,0.0,0.0
1775763181145984065,99561,0.0,1.0,0.024,0.5,0.06,-0.18,-3.13,1.06,2.25,-0.01,0.05,-0.02,-0.0,-0.0,-0.06,11961.27,213.0,0.0,0.0,0.0,0.0
1775763181244380475,99661,0.0,1.1,0.056,0.1,0.1,0.02,-3.13,1.06,2.25,0.0,0.06,-0.03,-0.06,-0.06,-0.06,11954.75,199.0,0.0,0.0,0.0,0.0
1775763181348550661,99761,0.0,0.9,0.0,1.6,-0.2,-0.06,-3.13,1.06,2.25,0.03,0.06,0.0,-0.06,0.06,0.0,11959.21,199.0,0.0,0.0,0.0,0.0
1775763181446881093,99861,0.0,1.5,0.036,0.4,-0.04,0.0,-3.13,1.06,2.25,0.0,0.07,-0.01,-0.0,0.12,0.06,11959.38,206.0,0.0,0.0,0.0,0.0
1775763181545195673,99961,0.0,1.2,0.024,0.1,-0.02,-0.1,-3.13,1.06,2.25,0.0,0.04,-0.03,-0.0,-0.12,0.06,11956.12,222.0,0.0,0.0,0.0,0.0
1775763181647677293,100061,0.0,1.3,0.024,1.2,0.02,0.0,-3.13,1.06,2.25,0.0,0.06,0.0,0.06,-0.06,0.12,11959.55,222.0,0.0,0.0,0.0,0.0
1775763181745887507,100160,0.0,1.1,0.024,0.5,-0.08,-0.14,-3.13,1.06,2.25,0.01,0.05,-0.01,-0.0,-0.12,0.0,11957.49,211.0,0.0,0.0,0.0,0.0
1775763181844180051,100260,0.0,1.0,0.016,0.2,-0.04,-0.06,-3.13,1.06,2.25,0.01,0.06,-0.03,-0.0,-0.12,0.0,11957.67,209.0,0.0,0.0,0.0,0.0
1775763181944675156,100360,0.0,0.6,0.024,0.2,0.0,-0.16,-3.13,1.06,2.25,0.03,0.07,-0.04,0.06,0.12,0.0,11959.55,209.0,0.0,0.0,0.0,0.0
1775763182044871626,100460,0.0,1.0,0.012,0.4,-0.04,-0.04,-3.13,1.06,2.25,0.02,0.03,-0.03,0.12,-0.12,0.0,11957.49,197.0,0.0,0.0,0.0,0.0
1775763182143193441,100560,0.0,0.8,0.028,0.5,-0.02,0.04,-3.13,1.06,2.25,0.0,0.06,-0.01,-0.0,0.06,0.06,11956.81,204.0,0.0,0.0,0.0,0.0
1775763182243678281,100660,0.0,1.1,0.056,0.3,-0.06,-0.08,-3.13,1.06,2.25,0.02,0.06,-0.01,0.19,-0.06,0.0,11957.67,204.0,0.0,0.0,0.0,0.0
1775763182347913310,100760,0.0,0.9,0.044,0.3,-0.18,-0.14,-3.13,1.06,2.25,0.02,0.04,-0.04,-0.0,0.06,0.0,11956.64,208.0,0.0,0.0,0.0,0.0
1775763182452310350,100860,0.0,1.5,0.032,0.4,0.1,-0.02,-3.13,1.06,2.25,0.0,0.05,-0.03,0.06,-0.06,0.06,11956.81,208.0,0.0,0.0,0.0,0.0
1775763182544540144,100960,0.0,1.2,0.02,0.5,-0.08,-0.1,-3.13,1.06,2.25,0.02,0.05,-0.03,0.06,-0.12,0.0,11958.35,203.0,0.0,0.0,0.0,0.0
1775763182652940584,101060,0.0,1.4,0.024,0.3,0.18,-0.16,-3.13,1.06,2.25,0.02,0.06,-0.01,-0.06,0.12,0.0,11956.29,199.0,0.0,0.0,0.0,0.0
1775763182745312259,101160,0.0,1.2,0.016,1.2,-0.02,-0.06,-3.13,1.06,2.25,0.0,0.06,-0.02,-0.0,0.06,0.0,11958.01,199.0,0.0,0.0,0.0,0.0
1775763182843524301,101259,0.0,0.8,0.02,0.2,0.06,-0.12,-3.13,1.06,2.25,0.01,0.05,0.0,0.06,-0.0,-0.06,11957.32,199.0,0.0,0.0,0.0,0.0
1775763182945909568,101359,0.0,0.7,0.012,0.5,-0.06,-0.08,-3.13,1.06,2.25,0.01,0.07,0.0,-0.06,-0.0,0.0,11956.64,188.0,0.0,0.0,0.0,0.0
1775763183044309860,101459,0.0,1.0,0.016,0.2,0.06,-0.08,-3.13,1.06,2.25,0.01,0.07,-0.02,0.06,-0.0,0.0,11957.49,188.0,0.0,0.0,0.0,0.0
1775763183148159550,101559,0.0,1.2,0.024,0.2,-0.04,0.06,-3.13,1.06,2.25,0.0,0.06,-0.01,-0.06,0.19,0.0,11957.49,198.0,0.0,0.0,0.0,0.0
1775763183242992009,101659,0.0,0.9,0.056,0.6,0.16,-0.12,-3.13,1.06,2.25,0.0,0.06,0.0,-0.0,0.06,0.0,11956.81,198.0,0.0,0.0,0.0,0.0
1775763183347256771,101760,0.0,0.9,0.044,0.1,-0.04,-0.06,-3.13,1.06,2.25,0.01,0.06,-0.01,0.06,-0.06,0.0,11958.01,203.0,0.0,0.0,0.0,0.0
1775763183445551322,101860,0.0,1.2,0.044,0.7,-0.21,-0.1,-3.13,1.06,2.25,0.0,0.08,0.0,0.06,-0.0,0.0,11956.98,192.0,0.0,0.0,0.0,0.0
1775763183553920609,101960,0.0,1.0,0.032,0.3,0.0,-0.02,-3.13,1.06,2.25,0.0,0.06,-0.01,-0.0,-0.0,-0.06,11958.52,192.0,0.0,0.0,0.0,0.0
1775763183646251855,102061,0.0,1.3,0.024,0.5,-0.14,0.1,-3.13,1.06,2.25,0.0,0.08,-0.02,-0.06,-0.06,-0.06,11959.38,200.0,0.0,0.0,0.0,0.0
1775763183754654844,102161,0.0,1.6,0.016,0.3,-0.02,0.0,-3.13,1.06,2.25,0.0,0.06,-0.01,-0.0,-0.12,0.0,11958.52,193.0,0.0,0.0,0.0,0.0
1775763183847056476,102261,0.0,1.3,0.012,0.3,0.02,-0.08,-3.13,1.06,2.25,0.0,0.06,-0.01,0.06,-0.0,0.0,11960.75,193.0,0.0,0.0,0.0,0.0
1775763183955310379,102362,0.0,1.4,0.02,0.2,-0.02,-0.12,-3.13,1.06,2.25,0.01,0.06,-0.02,-0.0,0.06,0.0,11959.04,192.0,0.0,0.0,0.0,0.0
1775763184047653326,102462,0.0,1.1,0.004,0.4,-0.1,-0.08,-3.13,1.06,2.25,0.02,0.05,0.0,-0.0,-0.12,0.0,11958.35,196.0,0.0,0.0,0.0,0.0
1775763184150124466,102562,0.0,1.3,0.0,1.1,0.08,-0.1,-3.13,1.06,2.25,0.01,0.05,0.0,-0.25,-0.0,0.0,11958.69,196.0,0.0,0.0,0.0,0.0
1775763184246508326,102663,0.0,0.7,0.056,0.1,-0.04,-0.18,-3.13,1.06,2.25,0.0,0.06,-0.01,-0.0,-0.0,0.06,11958.69,207.0,0.0,0.0,0.0,0.0
1775763184350663051,102763,0.0,0.1,0.0,1.5,0.02,-0.04,-3.13,1.06,2.25,0.0,0.06,-0.02,0.06,-0.0,0.0,11954.41,200.0,0.0,0.0,0.0,0.0
1775763184449079646,102863,0.004,0.1,0.0,1.6,0.0,0.02,-3.13,1.06,2.25,0.0,0.07,0.0,-0.06,0.12,0.0,11956.81,200.0,0.0,0.0,0.0,0.0
1775763184557425113,102964,0.0,1.5,0.02,0.4,0.04,-0.1,-3.13,1.06,2.25,0.02,0.07,-0.04,-0.06,0.06,0.0,11955.61,201.0,0.0,0.0,0.0,0.0
1775763184649823462,103064,0.0,1.2,0.02,0.3,-0.06,-0.04,-3.13,1.06,2.25,0.01,0.07,-0.01,-0.0,0.06,0.0,11958.01,201.0,0.0,0.0,0.0,0.0
1775763184748010012,103164,0.0,1.4,0.02,0.2,-0.1,-0.08,-3.13,1.06,2.25,0.0,0.06,-0.02,-0.12,0.12,-0.06,11957.32,188.0,0.0,0.0,0.0,0.0
1775763184856445808,103264,0.0,1.4,0.008,0.5,0.02,0.1,-3.13,1.06,2.25,0.03,0.06,-0.01,-0.0,0.06,0.0,11956.46,209.0,0.0,0.0,0.0,0.0
1775763184948780049,103363,0.0,0.6,0.012,0.5,0.12,0.04,-3.13,1.06,2.25,0.0,0.08,-0.01,-0.0,0.06,0.06,11958.18,209.0,0.0,0.0,0.0,0.0
1775763185057046424,103463,0.0,0.7,0.016,0.3,0.0,-0.08,-3.13,1.06,2.25,0.03,0.06,-0.02,-0.12,-0.12,0.06,11959.38,195.0,0.0,0.0,0.0,0.0
1775763185149377993,103563,0.0,1.1,0.024,0.3,0.12,-0.14,-3.13,1.06,2.25,0.02,0.07,-0.01,-0.0,-0.0,0.12,11958.52,213.0,0.0,0.0,0.0,0.0
1775763185249849428,103663,0.0,1.1,0.056,0.2,0.04,-0.1,-3.13,1.06,2.25,0.0,0.05,0.0,0.06,-0.12,0.0,11959.38,213.0,0.0,0.0,0.0,0.0
1775763185354132511,103763,0.0,0.8,0.044,0.5,0.02,0.04,-3.13,1.06,2.25,0.0,0.08,-0.02,0.06,-0.0,0.0,11958.35,213.0,0.0,0.0,0.0,0.0
1775763185448351100,103863,0.0,1.1,0.04,0.5,0.1,-0.04,-3.13,1.06,2.25,0.01,0.04,-0.01,-0.0,0.06,0.12,11956.64,201.0,0.0,0.0,0.0,0.0
1775763185556717726,103963,0.0,0.7,0.04,0.5,-0.21,-0.14,-3.13,1.06,2.25,0.03,0.07,-0.01,-0.06,-0.06,-0.06,11957.67,201.0,0.0,0.0,0.0,0.0
1775763185649047203,104064,0.0,1.1,0.028,0.2,0.1,-0.12,-3.13,1.06,2.25,0.02,0.07,-0.02,0.06,-0.0,-0.06,11958.01,190.0,0.0,0.0,0.0,0.0
1775763185751554391,104164,0.0,1.0,0.012,0.2,0.04,-0.04,-3.13,1.06,2.25,0.01,0.07,-0.03,-0.12,-0.12,-0.06,11957.15,190.0,0.0,0.0,0.0,0.0
1775763185849739899,104263,0.0,0.7,0.012,0.2,0.06,0.0,-3.13,1.06,2.25,0.01,0.08,-0.01,-0.0,0.19,0.06,11958.01,200.0,0.0,0.0,0.0,0.0
1775763185958132765,104364,0.0,1.1,0.016,0.2,0.06,-0.04,-3.13,1.06,2.25,0.0,0.08,0.0,-0.0,-0.06,0.06,11959.21,200.0,0.0,0.0,0.0,0.0
1775763186050496256,104464,0.0,0.7,0.0,1.4,0.16,-0.18,-3.13,1.06,2.25,0.01,0.05,-0.03,-0.0,-0.06,0.12,11957.15,200.0,0.0,0.0,0.0,0.0
1775763186158823804,104564,0.0,1.2,0.032,0.2,0.1,-0.04,-3.13,1.06,2.25,0.0,0.08,-0.01,0.06,-0.12,0.12,11958.01,204.0,0.0,0.0,0.0,0.0
1775763186249232165,104665,0.0,1.3,0.052,0.2,-0.02,-0.12,-3.13,1.06,2.25,0.0,0.05,-0.03,-0.0,-0.0,0.0,11958.35,212.0,0.0,0.0,0.0,0.0
1775763186351557967,104765,0.0,1.3,0.044,0.4,0.04,-0.02,-3.13,1.06,2.25,0.0,0.06,-0.03,-0.0,-0.12,0.0,11957.32,212.0,0.0,0.0,0.0,0.0
1775763186451786463,104865,0.0,1.5,0.04,0.5,-0.16,-0.02,-3.13,1.06,2.25,0.03,0.06,-0.02,0.12,-0.12,0.0,11956.64,200.0,0.0,0.0,0.0,0.0
1775763186560214470,104965,0.0,0.4,0.0,1.0,0.02,-0.1,-3.13,1.06,2.25,0.0,0.05,-0.02,-0.0,-0.0,0.0,11957.32,203.0,0.0,0.0,0.0,0.0
1775763186658486005,105065,0.0,1.1,0.024,0.5,-0.16,-0.06,-3.13,1.06,2.25,0.01,0.06,-0.01,-0.06,-0.06,-0.19,11961.1,203.0,0.0,0.0,0.0,0.0
1775763186750780719,105165,0.0,0.7,0.02,0.3,-0.1,0.04,-3.13,1.06,2.25,0.01,0.05,-0.02,0.06,0.12,0.06,11959.55,198.0,0.0,0.0,0.0,0.0
1775763186851255648,105265,0.0,0.9,0.02,0.1,0.0,-0.1,-3.13,1.06,2.25,0.0,0.05,-0.04,0.06,-0.0,-0.06,11960.92,198.0,0.0,0.0,0.0,0.0
1775763186951469330,105365,0.0,1.0,0.008,0.3,-0.08,0.14,-3.13,1.06,2.25,0.01,0.07,-0.02,-0.12,-0.0,0.12,11961.95,191.0,0.0,0.0,0.0,0.0
1775763187059870908,105465,0.0,1.0,0.02,0.3,-0.02,0.0,-3.13,1.06,2.25,0.01,0.07,-0.02,0.19,-0.0,0.06,11958.52,204.0,0.0,0.0,0.0,0.0
1775763187152250576,105565,0.0,0.9,0.028,0.3,0.04,-0.1,-3.13,1.06,2.25,0.02,0.07,-0.02,-0.0,-0.06,0.06,11957.67,204.0,0.0,0.0,0.0,0.0
1775763187252601005,105665,0.0,0.9,0.056,0.2,0.1,-0.1,-3.13,1.06,2.25,0.0,0.07,0.0,-0.0,-0.0,0.06,11956.98,181.0,0.0,0.0,0.0,0.0
1775763187356923242,105765,0.0,1.1,0.04,0.4,0.06,-0.14,-3.13,1.06,2.25,0.0,0.06,0.0,-0.12,0.06,0.0,11959.04,193.0,0.0,0.0,0.0,0.0
1775763187461313531,105865,0.0,1.0,0.036,0.2,-0.08,-0.14,-3.13,1.06,2.25,0.02,0.04,-0.01,-0.06,-0.06,0.06,11959.21,193.0,0.0,0.0,0.0,0.0
1775763187553543169,105965,0.0,0.9,0.028,0.4,0.02,-0.14,-3.13,1.06,2.25,0.02,0.07,0.0,0.06,-0.0,0.0,11958.87,209.0,0.0,0.0,0.0,0.0
1775763187651825587,106065,0.0,0.8,0.02,0.3,-0.08,-0.1,-3.13,1.06,2.25,0.0,0.06,-0.02,-0.06,-0.06,0.0,11955.95,191.0,0.0,0.0,0.0,0.0
1775763187754316209,106165,0.0,0.3,0.0,1.5,0.02,-0.1,-3.13,1.06,2.25,0.01,0.07,-0.02,-0.06,-0.0,-0.06,11957.49,191.0,0.0,0.0,0.0,0.0
1775763187852517501,106265,0.0,1.4,0.012,0.2,-0.1,-0.06,-3.13,1.06,2.25,0.0,0.06,-0.04,-0.12,-0.06,0.0,11957.32,205.0,0.0,0.0,0.0,0.0
1775763187955024178,106365,0.0,1.3,0.004,0.3,0.04,0.04,-3.13,1.06,2.25,0.0,0.06,-0.02,-0.0,-0.12,0.0,11958.69,205.0,0.0,0.0,0.0,0.0
1775763188053239060,106465,0.0,1.3,0.0,0.3,-0.02,-0.02,-3.13,1.06,2.25,0.01,0.05,-0.01,-0.12,0.19,0.06,11957.15,203.0,0.0,0.0,0.0,0.0
1775763188155598627,106565,0.0,1.4,0.028,0.7,0.06,0.02,-3.13,1.06,2.25,0.01,0.07,-0.02,-0.0,0.06,-0.06,11956.64,209.0,0.0,0.0,0.0,0.0
1775763188251995687,106665,0.0,1.5,0.056,0.2,-0.06,-0.08,-3.13,1.06,2.25,0.01,0.05,0.0,-0.0,0.06,0.06,11957.84,209.0,0.0,0.0,0.0,0.0
1775763188350326043,106765,0.0,1.2,0.048,0.2,0.0,-0.12,-3.13,1.06,2.25,0.01,0.06,-0.03,-0.0,0.12,-0.06,11956.46,189.0,0.0,0.0,0.0,0.0
1775763188460533618,106865,0.0,1.4,0.032,0.2,-0.02,0.02,-3.13,1.06,2.25,0.0,0.06,-0.02,-0.0,-0.0,0.06,11956.29,208.0,0.0,0.0,0.0,0.0
1775763188552954112,106966,0.0,0.4,0.0,1.1,-0.06,-0.12,-3.13,1.06,2.25,0.0,0.05,-0.03,0.12,-0.0,0.06,11956.81,208.0,0.0,0.0,0.0,0.0
1775763188661257427,107065,0.0,0.9,0.02,0.3,-0.08,-0.16,-3.13,1.06,2.25,0.01,0.06,-0.02,-0.06,0.12,0.06,11955.78,204.0,0.0,0.0,0.0,0.0
1775763188759598930,107165,0.0,1.5,0.016,0.3,-0.2,-0.04,-3.13,1.06,2.25,0.01,0.05,-0.01,0.06,-0.0,-0.06,11955.95,186.0,0.0,0.0,0.0,0.0
1775763188851951835,107266,0.0,1.2,0.0,0.2,-0.12,0.0,-3.13,1.06,2.25,0.01,0.05,-0.03,-0.12,0.06,0.0,11958.18,186.0,0.0,0.0,0.0,0.0
1775763188960261650,107365,0.0,1.0,0.016,0.3,0.04,-0.16,-3.13,1.06,2.25,0.0,0.05,-0.01,-0.19,0.12,0.06,11959.38,213.0,0.0,0.0,0.0,0.0
1775763189052640275,107465,0.0,0.9,0.008,0.4,0.06,-0.12,-3.13,1.06,2.25,0.01,0.06,-0.02,-0.06,-0.06,0.06,11958.52,213.0,0.0,0.0,0.0,0.0
1775763189153035525,107566,0.0,1.0,0.024,0.3,0.04,0.0,-3.13,1.06,2.25,0.01,0.07,-0.03,-0.0,-0.0,-0.06,11957.67,204.0,0.0,0.0,0.0,0.0
1775763189251320173,107666,0.0,0.6,0.056,0.3,0.06,0.0,-3.13,1.06,2.25,0.0,0.05,-0.02,0.19,-0.12,-0.06,11956.64,201.0,0.0,0.0,0.0,0.0
1775763189355591142,107766,0.0,0.9,0.044,0.2,0.16,0.04,-3.13,1.06,2.25,0.0,0.06,0.0,0.12,-0.0,0.0,11957.67,201.0,0.0,0.0,0.0,0.0
1775763189463999558,107867,0.0,0.9,0.036,0.1,-0.2,-0.12,-3.13,1.06,2.25,0.02,0.06,0.0,0.06,0.12,-0.06,11956.29,193.0,0.0,0.0,0.0,0.0
1775763189562263022,107967,0.0,1.2,0.024,0.3,0.06,-0.16,-3.13,1.06,2.25,0.02,0.05,-0.02,-0.0,-0.12,0.0,11956.29,211.0,0.0,0.0,0.0,0.0
1775763189656813834,108067,0.0,0.7,0.024,0.4,-0.04,0.0,-3.13,1.06,2.25,-0.01,0.05,-0.01,0.06,-0.0,-0.06,11957.32,211.0,0.0,0.0,0.0,0.0
1775763189756998168,108168,0.0,1.1,0.008,0.5,-0.06,-0.2,-3.13,1.06,2.25,0.02,0.05,-0.03,0.06,-0.06,0.06,11956.98,179.0,0.0,0.0,0.0,0.0
1775763189855315759,108268,0.0,0.9,0.0,0.5,-0.06,-0.08,-3.13,1.06,2.25,0.0,0.06,-0.02,-0.0,-0.06,0.0,11955.61,203.0,0.0,0.0,0.0,0.0
1775763189957775464,108368,0.0,1.3,0.02,0.3,-0.02,-0.1,-3.13,1.06,2.25,0.01,0.08,-0.01,0.12,0.25,0.0,11956.81,203.0,0.0,0.0,0.0,0.0
1775763190055979319,108468,0.0,1.4,0.012,0.3,-0.1,0.06,-3.13,1.06,2.25,0.02,0.06,-0.02,-0.06,-0.0,0.12,11956.64,204.0,0.0,0.0,0.0,0.0
1775763190158458444,108568,0.0,1.5,0.028,0.2,-0.02,-0.04,-3.13,1.06,2.25,0.0,0.05,-0.03,0.06,-0.06,0.0,11956.46,204.0,0.0,0.0,0.0,0.0
1775763190254907936,108667,0.0,1.2,0.048,0.4,-0.08,-0.06,-3.13,1.06,2.25,0.0,0.05,0.0,0.06,0.06,0.06,11957.49,196.0,0.0,0.0,0.0,0.0
1775763190358950466,108767,0.0,1.2,0.04,0.3,-0.1,-0.1,-3.13,1.06,2.25,0.02,0.06,-0.04,-0.06,0.12,0.06,11956.12,209.0,0.0,0.0,0.0,0.0
1775763190457426637,108867,0.0,1.5,0.032,0.5,-0.04,0.0,-3.13,1.06,2.25,0.0,0.06,-0.07,-0.19,0.06,0.06,11958.87,209.0,0.0,0.0,0.0,0.0
1775763190555630581,108967,0.0,1.4,0.028,0.5,-0.1,0.14,-3.13,1.06,2.25,0.03,0.06,-0.05,-0.0,-0.0,-0.06,11959.21,182.0,0.0,0.0,0.0,0.0
1775763190664126042,109067,0.0,1.3,0.024,0.5,0.08,-0.08,-3.13,1.06,2.25,0.01,0.07,-0.03,0.06,-0.0,0.0,11956.64,214.0,0.0,0.0,0.0,0.0
1775763190756440087,109167,0.0,1.3,0.024,0.6,0.04,-0.04,-3.13,1.06,2.25,0.0,0.08,-0.04,-0.06,-0.06,0.0,11956.12,214.0,0.0,0.0,0.0,0.0
1775763190854654253,109266,0.0,1.0,0.024,0.3,-0.02,-0.2,-3.13,1.06,2.25,0.02,0.07,-0.03,0.06,0.12,-0.06,11956.12,204.0,0.0,0.0,0.0,0.0
1775763190963039016,109366,0.0,0.9,0.012,0.5,-0.04,0.02,-3.13,1.06,2.25,0.01,0.06,-0.04,0.06,0.06,0.06,11955.44,199.0,0.0,0.0,0.0,0.0
1775763191061313528,109466,0.0,0.9,0.012,0.5,-0.12,0.04,-3.13,1.06,2.25,0.0,0.06,-0.04,-0.0,-0.0,-0.06,11956.46,199.0,0.0,0.0,0.0,0.0
1775763191151794750,109566,0.0,0.7,0.032,-0.1,-0.04,0.0,-3.13,1.06,2.25,0.0,0.07,-0.03,-0.12,0.06,0.0,11955.44,207.0,0.0,0.0,0.0,0.0
1775763191254102489,109666,0.0,1.0,0.0,1.2,0.06,-0.25,-3.13,1.06,2.25,0.01,0.06,-0.04,0.06,-0.06,0.06,11955.44,208.0,0.0,0.0,0.0,0.0
1775763191352320927,109766,0.0,1.5,0.0,1.2,-0.12,-0.06,-3.13,1.06,2.25,0.0,0.06,-0.05,-0.06,0.06,0.06,11956.81,208.0,0.0,0.0,0.0,0.0
1775763191462650219,109867,0.008,0.2,0.0,1.1,0.02,-0.18,-3.13,1.06,2.25,0.01,0.06,-0.02,-0.12,-0.0,0.0,11955.09,203.0,0.0,0.0,0.0,0.0
1775763191555120715,109967,0.0,1.0,0.036,0.2,0.0,0.16,-3.13,1.06,2.25,0.0,0.06,-0.02,0.06,-0.0,0.06,11956.46,203.0,0.0,0.0,0.0,0.0
1775763191657393159,110067,0.0,1.0,0.024,0.4,-0.02,0.0,-3.13,1.06,2.25,0.01,0.05,-0.02,-0.06,-0.0,0.12,11957.15,194.0,0.0,0.0,0.0,0.0
1775763191765797397,110168,0.0,1.0,0.02,0.1,-0.06,-0.1,-3.13,1.06,2.25,0.02,0.07,-0.03,-0.06,-0.0,-0.06,11956.46,198.0,0.0,0.0,0.0,0.0
1775763191858158194,110268,0.0,0.9,0.016,0.4,0.02,-0.12,-3.13,1.06,2.25,0.02,0.05,-0.02,-0.0,0.06,0.06,11958.01,198.0,0.0,0.0,0.0,0.0
1775763191956399390,110368,0.0,0.9,0.016,0.2,0.12,-0.08,-3.13,1.06,2.25,0.0,0.07,-0.02,0.12,-0.0,-0.06,11957.84,205.0,0.0,0.0,0.0,0.0
1775763192058769735,110468,0.0,0.7,0.016,0.3,-0.02,-0.16,-3.13,1.06,2.25,0.0,0.03,-0.02,0.06,-0.06,-0.12,11954.75,194.0,0.0,0.0,0.0,0.0
1775763192157199361,110568,0.0,1.1,0.04,0.3,0.1,-0.06,-3.13,1.06,2.25,0.02,0.05,-0.03,-0.0,0.12,0.12,11956.29,194.0,0.0,0.0,0.0,0.0
1775763192257559930,110668,0.0,1.0,0.056,0.1,0.14,-0.1,-3.13,1.06,2.25,0.0,0.04,-0.03,0.12,-0.06,-0.06,11956.12,217.0,0.0,0.0,0.0,0.0
1775763192361769460,110768,0.0,0.7,0.048,0.1,0.21,-0.12,-3.13,1.06,2.25,0.0,0.06,-0.02,-0.06,-0.0,-0.06,11959.9,217.0,0.0,0.0,0.0,0.0
1775763192455959460,110867,0.0,0.9,0.028,0.2,0.0,-0.04,-3.13,1.06,2.25,0.01,0.07,0.0,-0.0,-0.12,0.0,11959.21,198.0,0.0,0.0,0.0,0.0
1775763192558440463,110967,0.0,1.1,0.028,0.2,-0.04,-0.2,-3.13,1.06,2.25,0.02,0.04,-0.02,0.25,-0.0,0.0,11959.72,187.0,0.0,0.0,0.0,0.0
1775763192656820351,111067,0.0,0.9,0.028,-0.1,-0.16,-0.14,-3.13,1.06,2.25,0.0,0.06,-0.03,0.06,0.06,0.0,11959.9,187.0,0.0,0.0,0.0,0.0
1775763192765136439,111167,0.0,0.9,0.024,0.2,-0.02,-0.08,-3.13,1.06,2.25,0.01,0.07,-0.03,0.06,0.12,-0.06,11958.01,198.0,0.0,0.0,0.0,0.0
1775763192863404037,111267,0.0,1.1,0.02,0.5,0.02,0.0,-3.13,1.06,2.25,0.02,0.07,0.0,0.06,-0.37,-0.12,11956.46,183.0,0.0,0.0,0.0,0.0
1775763192965901483,111367,0.0,0.7,0.016,0.2,0.08,-0.06,-3.13,1.06,2.25,0.01,0.05,-0.02,0.12,-0.06,0.0,11959.9,183.0,0.0,0.0,0.0,0.0
1775763193064123246,111467,0.0,0.9,0.012,0.4,0.14,-0.08,-3.13,1.06,2.25,0.01,0.05,-0.03,-0.06,-0.06,0.06,11959.04,193.0,0.0,0.0,0.0,0.0
1775763193156397039,111567,0.0,1.0,0.036,0.3,-0.08,-0.06,-3.13,1.06,2.25,0.02,0.07,-0.02,0.06,-0.06,-0.06,11958.18,213.0,0.0,0.0,0.0,0.0
1775763193256884837,111667,0.0,0.7,0.056,0.3,-0.04,0.06,-3.13,1.06,2.25,0.01,0.06,-0.01,-0.12,-0.0,0.06,11960.07,213.0,0.0,0.0,0.0,0.0
1775763193361122268,111767,0.0,0.9,0.04,0.6,0.08,-0.02,-3.13,1.06,2.25,0.02,0.06,0.0,-0.12,-0.06,0.0,11957.67,200.0,0.0,0.0,0.0,0.0
1775763193465432417,111867,0.0,0.9,0.028,0.3,0.02,0.06,-3.13,1.06,2.25,0.0,0.06,-0.03,-0.0,-0.19,0.06,11959.9,214.0,0.0,0.0,0.0,0.0
1775763193557867683,111967,0.0,0.3,0.0,1.4,0.06,-0.04,-3.13,1.06,2.25,0.01,0.05,0.01,0.06,0.06,0.06,11960.92,214.0,0.0,0.0,0.0,0.0
1775763193666173526,112067,0.0,1.6,0.028,0.5,0.02,-0.12,-3.13,1.06,2.25,0.02,0.07,-0.02,-0.0,-0.06,0.06,11959.72,203.0,0.0,0.0,0.0,0.0
1775763193758553573,112167,0.0,1.3,0.016,0.3,-0.06,-0.16,-3.13,1.06,2.25,0.02,0.09,-0.01,-0.06,0.06,0.06,11958.35,203.0,0.0,0.0,0.0,0.0
1775763193856759853,112266,0.0,0.3,0.0,1.3,-0.1,-0.14,-3.13,1.06,2.25,0.01,0.08,-0.02,0.12,-0.0,0.19,11959.38,193.0,0.0,0.0,0.0,0.0
1775763193959155781,112366,0.0,0.1,0.0,0.5,-0.04,-0.02,-3.13,1.06,2.25,0.01,0.06,-0.01,-0.0,-0.0,-0.06,11957.32,202.0,0.0,0.0,0.0,0.0
1775763194057540847,112466,0.0,0.7,0.02,0.2,-0.12,-0.08,-3.13,1.06,2.25,0.01,0.07,-0.01,-0.0,-0.12,0.0,11958.52,202.0,0.0,0.0,0.0,0.0
1775763194155730623,112566,0.0,0.4,0.0,1.6,-0.14,-0.14,-3.13,1.06,2.25,0.03,0.07,-0.01,-0.0,0.12,-0.06,11960.41,200.0,0.0,0.0,0.0,0.0
1775763194256280210,112666,0.0,1.2,0.056,0.6,0.0,-0.14,-3.13,1.06,2.25,0.01,0.06,-0.01,-0.06,-0.0,-0.06,11959.21,197.0,0.0,0.0,0.0,0.0
1775763194360449528,112766,0.0,0.9,0.04,1.3,-0.02,-0.08,-3.13,1.06,2.25,0.01,0.08,-0.01,-0.0,-0.12,0.0,11957.32,197.0,0.0,0.0,0.0,0.0
1775763194464806763,112866,0.0,1.1,0.036,0.3,-0.02,-0.1,-3.13,1.06,2.25,0.01,0.07,-0.03,0.06,0.06,0.0,11955.95,195.0,0.0,0.0,0.0,0.0
1775763194557198285,112966,0.0,1.4,0.036,0.3,-0.02,-0.06,-3.13,1.06,2.25,0.01,0.05,-0.03,-0.06,-0.0,-0.06,11955.44,195.0,0.0,0.0,0.0,0.0
1775763194655411487,113065,0.0,1.4,0.02,0.6,0.08,-0.16,-3.13,1.06,2.25,0.01,0.05,-0.02,-0.12,-0.0,-0.06,11956.29,196.0,0.0,0.0,0.0,0.0
1775763194763809598,113165,0.0,1.5,0.016,0.2,-0.1,-0.02,-3.13,1.06,2.25,0.0,0.1,0.0,-0.0,-0.06,0.06,11955.78,214.0,0.0,0.0,0.0,0.0
1775763194856186751,113265,0.0,1.3,0.0,1.2,0.02,-0.12,-3.13,1.06,2.25,0.02,0.06,0.0,-0.06,-0.0,-0.06,11955.78,214.0,0.0,0.0,0.0,0.0
1775763194964542383,113366,0.0,1.0,0.012,0.5,0.16,-0.08,-3.13,1.06,2.25,0.02,0.05,-0.01,-0.0,-0.0,0.0,11956.46,200.0,0.0,0.0,0.0,0.0
1775763195056782689,113466,0.0,1.0,0.016,0.1,0.06,-0.06,-3.13,1.06,2.25,0.0,0.06,-0.03,-0.0,0.06,0.06,11954.06,195.0,0.0,0.0,0.0,0.0
1775763195157244849,113566,0.0,1.1,0.032,0.1,-0.06,-0.12,-3.13,1.06,2.25,0.0,0.06,0.0,0.12,-0.19,-0.06,11956.98,195.0,0.0,0.0,0.0,0.0
1775763195255572244,113667,0.0,0.9,0.06,0.2,-0.02,0.0,-3.13,1.06,2.25,0.0,0.06,-0.02,-0.06,0.12,0.0,11954.75,194.0,0.0,0.0,0.0,0.0
1775763195363966257,113767,0.0,1.1,0.04,0.2,-0.02,0.02,-3.13,1.06,2.25,0.03,0.05,0.0,0.06,-0.06,0.0,11956.98,193.0,0.0,0.0,0.0,0.0
1775763195458239276,113867,0.0,1.0,0.032,0.5,-0.14,-0.2,-3.13,1.06,2.25,0.0,0.05,0.0,-0.06,-0.06,-0.06,11958.87,193.0,0.0,0.0,0.0,0.0
1775763195566592236,113968,0.0,0.9,0.028,0.3,0.1,-0.14,-3.13,1.06,2.25,0.01,0.07,0.0,-0.0,-0.06,0.0,11955.95,206.0,0.0,0.0,0.0,0.0
1775763195658844299,114068,0.0,0.8,0.028,0.6,-0.06,-0.12,-3.13,1.06,2.25,0.0,0.07,0.0,0.06,-0.0,0.06,11954.75,187.0,0.0,0.0,0.0,0.0
1775763195767270496,114168,0.0,0.9,0.012,0.2,0.0,0.12,-3.13,1.06,2.25,0.01,0.05,-0.02,0.06,-0.0,0.0,11956.12,187.0,0.0,0.0,0.0,0.0
1775763195859532817,114269,0.0,1.1,0.02,0.5,-0.08,-0.08,-3.13,1.06,2.25,0.02,0.06,-0.02,-0.19,0.12,0.0,11954.75,210.0,0.0,0.0,0.0,0.0
1775763195967942977,114369,0.0,0.9,0.012,0.5,-0.08,0.0,-3.13,1.06,2.25,0.01,0.06,-0.01,0.06,0.06,0.0,11956.12,210.0,0.0,0.0,0.0,0.0
1775763196060217258,114469,0.0,1.0,0.012,0.0,0.12,-0.12,-3.13,1.06,2.25,0.0,0.07,0.01,0.12,-0.12,-0.06,11956.64,187.0,0.0,0.0,0.0,0.0
1775763196168678282,114569,0.0,0.5,0.036,0.3,0.04,-0.16,-3.13,1.06,2.25,0.0,0.07,-0.01,-0.0,-0.0,0.0,11955.95,201.0,0.0,0.0,0.0,0.0
1775763196259087337,114669,0.0,1.1,0.056,0.0,0.02,-0.12,-3.13,1.06,2.25,0.01,0.07,-0.02,-0.06,-0.06,0.0,11955.61,201.0,0.0,0.0,0.0,0.0
1775763196357333472,114769,0.0,0.9,0.032,0.4,-0.1,-0.06,-3.13,1.06,2.25,0.01,0.06,-0.01,-0.06,0.12,-0.12,11955.44,202.0,0.0,0.0,0.0,0.0
1775763196467602500,114869,0.0,1.0,0.036,0.1,-0.14,-0.14,-3.13,1.06,2.25,0.0,0.07,0.0,0.06,-0.06,0.0,11957.67,213.0,0.0,0.0,0.0,0.0
1775763196559982348,114969,0.0,1.1,0.028,0.2,0.02,-0.12,-3.13,1.06,2.25,0.01,0.07,-0.02,0.19,-0.06,0.0,11959.21,213.0,0.0,0.0,0.0,0.0
1775763196668284768,115069,0.0,1.0,0.0,1.3,-0.02,-0.08,-3.13,1.06,2.25,-0.01,0.07,-0.01,-0.0,0.12,0.0,11956.46,195.0,0.0,0.0,0.0,0.0
1775763196766515885,115169,0.0,1.3,0.02,0.2,-0.12,-0.1,-3.13,1.06,2.25,0.01,0.06,-0.03,-0.0,0.06,0.0,11955.61,195.0,0.0,0.0,0.0,0.0
1775763196868983220,115268,0.0,1.3,0.008,0.4,-0.02,-0.16,-3.13,1.06,2.25,0.01,0.08,0.0,-0.0,0.06,0.0,11957.49,209.0,0.0,0.0,0.0,0.0
1775763196967274131,115368,0.0,1.3,0.0,0.3,0.02,-0.02,-3.13,1.06,2.25,0.01,0.05,0.0,-0.0,0.12,0.12,11956.29,194.0,0.0,0.0,0.0,0.0
1775763197059644106,115468,0.0,1.3,0.004,0.3,-0.08,-0.02,-3.13,1.06,2.25,0.0,0.07,-0.01,-0.0,0.06,0.0,11958.52,194.0,0.0,0.0,0.0,0.0
1775763197160021984,115568,0.0,1.4,0.04,0.3,0.1,0.06,-3.13,1.06,2.25,0.01,0.04,-0.01,-0.0,0.06,0.06,11959.38,205.0,0.0,0.0,0.0,0.0
1775763197258315686,115668,0.0,1.3,0.056,0.7,0.08,-0.16,-3.13,1.06,2.25,0.01,0.06,-0.01,-0.0,-0.19,-0.06,11955.95,169.0,0.0,0.0,0.0,0.0
1775763197362606279,115768,0.0,1.4,0.04,0.2,0.0,-0.06,-3.13,1.06,2.25,0.01,0.06,-0.02,0.19,-0.0,0.0,11955.95,169.0,0.0,0.0,0.0,0.0
1775763197460894759,115868,0.0,1.5,0.04,0.6,0.02,0.0,-3.13,1.06,2.25,0.01,0.08,-0.02,-0.0,-0.12,0.0,11956.81,204.0,0.0,0.0,0.0,0.0
1775763197569342667,115969,0.0,1.2,0.028,0.3,-0.12,0.08,-3.13,1.06,2.25,0.02,0.06,0.0,0.06,-0.0,0.0,11955.95,201.0,0.0,0.0,0.0,0.0
1775763197661714659,116069,0.0,1.2,0.028,0.2,-0.02,0.04,-3.13,1.06,2.25,-0.01,0.05,-0.03,-0.0,-0.06,0.06,11956.64,201.0,0.0,0.0,0.0,0.0
1775763197759933031,116169,0.0,1.3,0.024,0.3,0.0,0.06,-3.13,1.06,2.25,0.0,0.06,-0.01,0.06,0.06,0.06,11956.29,204.0,0.0,0.0,0.0,0.0
1775763197862320810,116269,0.0,1.4,0.024,0.3,-0.04,-0.14,-3.13,1.06,2.25,0.01,0.06,-0.02,-0.0,-0.0,0.0,11956.64,204.0,0.0,0.0,0.0,0.0
1775763197960620475,116369,0.0,1.1,0.016,0.5,0.1,-0.04,-3.13,1.06,2.25,0.02,0.06,-0.02,0.06,-0.06,0.0,11957.32,204.0,0.0,0.0,0.0,0.0
1775763198063005585,116469,0.0,1.2,0.02,0.1,-0.04,-0.08,-3.13,1.06,2.25,0.0,0.07,-0.01,0.12,-0.19,0.0,11955.26,202.0,0.0,0.0,0.0,0.0
1775763198161376389,116569,0.0,1.4,0.036,0.5,-0.1,0.0,-3.13,1.06,2.25,0.01,0.07,0.01,-0.0,-0.0,0.06,11957.84,202.0,0.0,0.0,0.0,0.0
1775763198261785002,116669,0.0,1.3,0.06,0.3,0.02,-0.12,-3.13,1.06,2.25,0.03,0.07,-0.03,0.06,0.06,0.0,11958.69,209.0,0.0,0.0,0.0,0.0
1775763198360129178,116769,0.0,1.4,0.036,0.1,-0.08,-0.08,-3.13,1.06,2.25,0.02,0.05,-0.03,-0.12,0.19,-0.06,11957.15,196.0,0.0,0.0,0.0,0.0
1775763198470355346,116869,0.0,1.3,0.036,0.3,0.02,-0.08,-3.13,1.06,2.25,0.02,0.04,-0.02,-0.0,-0.0,-0.06,11960.24,196.0,0.0,0.0,0.0,0.0
1775763198562683891,116969,0.0,1.3,0.02,0.2,0.02,0.02,-3.13,1.06,2.25,0.02,0.05,-0.01,-0.0,0.06,0.0,11956.64,199.0,0.0,0.0,0.0,0.0
1775763198665052407,117069,0.0,1.4,0.012,0.2,0.06,-0.16,-3.13,1.06,2.25,0.01,0.05,-0.02,-0.0,-0.0,0.0,11955.44,203.0,0.0,0.0,0.0,0.0
1775763198763445637,117169,0.0,0.8,0.028,0.1,-0.16,-0.08,-3.13,1.06,2.25,0.0,0.05,-0.01,-0.06,0.12,0.06,11955.61,203.0,0.0,0.0,0.0,0.0
1775763198861653950,117269,0.0,0.9,0.016,0.5,0.0,-0.06,-3.13,1.06,2.25,0.0,0.06,0.0,-0.0,-0.06,0.0,11956.81,204.0,0.0,0.0,0.0,0.0
1775763198970046855,117369,0.0,1.2,0.02,0.3,0.1,0.04,-3.13,1.06,2.25,0.01,0.05,-0.03,0.12,-0.06,0.0,11958.52,203.0,0.0,0.0,0.0,0.0
1775763199068330995,117469,0.0,1.4,0.024,0.3,0.04,-0.02,-3.13,1.06,2.25,0.01,0.06,-0.02,-0.0,-0.06,-0.06,11958.87,203.0,0.0,0.0,0.0,0.0
1775763199164096682,117569,0.0,1.4,0.028,0.2,-0.02,-0.08,-3.13,1.06,2.25,0.0,0.07,-0.02,0.06,-0.0,0.0,11959.04,205.0,0.0,0.0,0.0,0.0
1775763199261139992,117669,0.0,1.3,0.056,0.3,-0.06,-0.12,-3.13,1.06,2.25,0.02,0.09,-0.01,0.12,-0.0,-0.06,11960.92,205.0,0.0,0.0,0.0,0.0
1775763199365390060,117768,0.0,1.0,0.044,0.0,0.12,-0.04,-3.13,1.06,2.25,0.01,0.06,-0.02,0.06,0.06,0.0,11959.04,198.0,0.0,0.0,0.0,0.0
1775763199469705642,117868,0.0,1.0,0.032,0.4,-0.02,0.04,-3.13,1.06,2.25,0.0,0.05,-0.03,0.12,-0.0,-0.06,11958.01,199.0,0.0,0.0,0.0,0.0
1775763199562115828,117968,0.0,0.9,0.02,0.2,0.08,-0.14,-3.13,1.06,2.25,0.01,0.05,-0.03,0.06,-0.0,-0.06,11956.46,199.0,0.0,0.0,0.0,0.0
1775763199670407789,118068,0.0,1.1,0.0,1.5,0.0,-0.06,-3.13,1.06,2.25,0.0,0.06,-0.04,-0.25,0.12,0.0,11957.67,210.0,0.0,0.0,0.0,0.0
1775763199762701276,118168,0.0,1.5,0.0,1.2,0.0,-0.02,-3.13,1.06,2.25,-0.01,0.05,-0.03,-0.12,0.06,0.06,11955.44,197.0,0.0,0.0,0.0,0.0
1775763199861090594,118268,0.0,0.7,0.02,0.3,0.06,-0.04,-3.13,1.06,2.25,-0.01,0.06,-0.04,-0.0,-0.06,-0.06,11956.46,197.0,0.0,0.0,0.0,0.0
1775763199963381721,118368,0.0,0.9,0.028,0.1,0.0,-0.18,-3.13,1.06,2.25,0.02,0.05,-0.03,-0.0,-0.0,0.06,11955.26,211.0,0.0,0.0,0.0,0.0
1775763200061707041,118468,0.0,1.0,0.016,0.4,-0.14,-0.1,-3.13,1.06,2.25,0.0,0.07,-0.02,0.06,-0.12,0.0,11958.69,210.0,0.0,0.0,0.0,0.0
1775763200160961146,118568,0.0,1.1,0.036,0.5,0.04,-0.08,-3.13,1.06,2.25,-0.01,0.06,-0.05,-0.06,-0.12,0.06,11957.84,210.0,0.0,0.0,0.0,0.0
1775763200260482811,118668,0.0,1.1,0.056,0.5,-0.12,0.0,-3.13,1.06,2.25,0.04,0.05,-0.03,0.06,-0.06,-0.06,11956.98,187.0,0.0,0.0,0.0,0.0
1775763200362816282,118768,0.0,1.1,0.04,0.4,-0.06,-0.06,-3.13,1.06,2.25,0.01,0.07,-0.03,-0.0,0.06,0.06,11960.58,187.0,0.0,0.0,0.0,0.0
1775763200463080578,118868,0.0,0.8,0.032,0.3,-0.02,-0.1,-3.13,1.06,2.25,0.02,0.05,-0.05,-0.06,-0.06,0.0,11958.52,198.0,0.0,0.0,0.0,0.0
1775763200561352157,118968,0.0,0.9,0.028,0.5,-0.04,-0.12,-3.13,1.06,2.25,-0.01,0.06,-0.02,-0.06,-0.06,0.06,11954.75,215.0,0.0,0.0,0.0,0.0
1775763200669759367,119068,0.0,1.1,0.028,0.2,-0.02,-0.14,-3.13,1.06,2.25,0.01,0.06,-0.04,-0.0,0.06,0.06,11955.44,215.0,0.0,0.0,0.0,0.0
1775763200762047091,119169,0.0,1.1,0.02,0.5,0.0,0.0,-3.13,1.06,2.25,0.01,0.04,-0.02,-0.06,-0.12,0.06,11957.32,200.0,0.0,0.0,0.0,0.0
1775763200870391582,119269,0.0,0.9,0.024,0.3,-0.1,-0.1,-3.13,1.06,2.25,0.01,0.07,-0.02,-0.06,0.06,0.0,11956.64,192.0,0.0,0.0,0.0,0.0
1775763200962812874,119369,0.0,0.7,0.008,0.3,0.0,-0.08,-3.13,1.06,2.25,0.03,0.08,-0.04,0.06,-0.0,0.0,11960.07,192.0,0.0,0.0,0.0,0.0
1775763201071148457,119470,0.0,1.0,0.02,0.5,0.0,-0.18,-3.13,1.06,2.25,0.03,0.05,-0.02,-0.06,-0.0,0.06,11957.49,191.0,0.0,0.0,0.0,0.0
1775763201165560962,119570,0.0,0.9,0.032,0.2,-0.04,-0.1,-3.13,1.06,2.25,0.02,0.06,-0.05,0.06,-0.06,0.06,11955.78,192.0,0.0,0.0,0.0,0.0
1775763201263927606,119670,0.0,0.9,0.056,0.0,-0.02,-0.04,-3.13,1.06,2.25,0.03,0.05,-0.03,-0.0,-0.06,0.06,11958.52,192.0,0.0,0.0,0.0,0.0
1775763201368139128,119771,0.0,1.4,0.0,1.2,0.1,-0.08,-3.13,1.06,2.25,0.01,0.06,-0.03,0.06,0.19,0.0,11955.26,199.0,0.0,0.0,0.0,0.0
1775763201472509829,119871,0.0,1.0,0.028,0.3,0.08,-0.06,-3.13,1.06,2.25,0.0,0.06,-0.04,0.06,-0.0,0.0,11955.09,199.0,0.0,0.0,0.0,0.0
1775763201564780772,119971,0.0,1.1,0.024,0.2,0.0,0.02,-3.13,1.06,2.25,0.0,0.06,-0.03,-0.12,0.19,0.06,11957.15,192.0,0.0,0.0,0.0,0.0
1775763201673190977,120071,0.0,1.0,0.024,0.3,-0.02,-0.1,-3.13,1.06,2.25,0.01,0.05,-0.04,0.06,-0.0,0.0,11956.64,195.0,0.0,0.0,0.0,0.0
1775763201765574989,120171,0.0,0.9,0.024,0.1,0.02,-0.06,-3.13,1.06,2.25,0.0,0.06,-0.02,-0.12,-0.06,0.12,11955.95,195.0,0.0,0.0,0.0,0.0
1775763201863770049,120270,0.0,1.0,0.02,0.2,-0.02,-0.08,-3.13,1.06,2.25,-0.01,0.07,0.0,0.06,-0.0,-0.06,11956.81,204.0,0.0,0.0,0.0,0.0
1775763201972101832,120370,0.0,1.0,0.016,0.6,-0.04,-0.12,-3.13,1.06,2.25,0.02,0.03,-0.03,0.12,-0.12,-0.06,11954.41,195.0,0.0,0.0,0.0,0.0
1775763202064545524,120470,0.0,0.4,0.016,0.1,0.0,-0.1,-3.13,1.06,2.25,0.0,0.05,-0.02,-0.06,-0.06,0.06,11958.52,195.0,0.0,0.0,0.0,0.0
1775763202160898670,120569,0.0,1.0,0.036,0.3,-0.08,-0.1,-3.13,1.06,2.25,-0.01,0.07,-0.03,0.12,0.06,-0.12,11957.49,199.0,0.0,0.0,0.0,0.0
1775763202263263594,120669,0.0,1.4,0.056,0.5,0.04,-0.04,-3.13,1.06,2.25,0.02,0.07,0.0,-0.0,-0.19,0.0,11955.95,205.0,0.0,0.0,0.0,0.0
1775763202367466816,120769,0.0,1.2,0.044,0.6,0.1,-0.12,-3.13,1.06,2.25,0.01,0.08,0.0,0.12,-0.0,0.0,11956.98,205.0,0.0,0.0,0.0,0.0
1775763202465791069,120869,0.0,1.1,0.024,0.3,0.02,-0.12,-3.13,1.06,2.25,0.02,0.06,-0.03,-0.06,-0.0,0.0,11954.24,195.0,0.0,0.0,0.0,0.0
1775763202564220372,120969,0.0,1.2,0.032,0.3,-0.02,-0.08,-3.13,1.06,2.25,0.03,0.05,0.0,0.06,-0.06,-0.06,11960.75,195.0,0.0,0.0,0.0,0.0
1775763202672533763,121069,0.0,1.3,0.024,0.2,-0.06,-0.1,-3.13,1.06,2.25,0.01,0.06,-0.02,-0.0,-0.19,0.06,11960.41,207.0,0.0,0.0,0.0,0.0
1775763202764820312,121169,0.0,1.4,0.0,1.1,0.02,0.0,-3.13,1.06,2.25,0.02,0.06,-0.03,-0.06,-0.12,0.06,11958.69,204.0,0.0,0.0,0.0,0.0
1775763202863203747,121269,0.0,0.7,0.024,0.5,0.04,-0.12,-3.13,1.06,2.25,0.01,0.06,-0.01,0.12,-0.06,0.06,11956.98,204.0,0.0,0.0,0.0,0.0
1775763202971517027,121368,0.0,1.1,0.024,0.2,-0.02,-0.08,-3.13,1.06,2.25,0.0,0.05,-0.02,-0.12,0.06,0.0,11957.49,218.0,0.0,0.0,0.0,0.0
1775763203063799926,121468,0.0,0.9,0.016,0.5,0.04,-0.14,-3.13,1.06,2.25,-0.01,0.06,-0.01,0.06,-0.0,0.0,11956.98,212.0,0.0,0.0,0.0,0.0
1775763203160208380,121568,0.0,0.9,0.036,0.2,0.06,0.02,-3.13,1.06,2.25,0.01,0.05,-0.01,-0.12,-0.0,0.0,11956.64,212.0,0.0,0.0,0.0,0.0
1775763203262543172,121668,0.0,0.3,0.0,1.5,-0.04,-0.1,-3.13,1.06,2.25,0.0,0.06,0.0,0.06,-0.0,-0.06,11957.49,200.0,0.0,0.0,0.0,0.0
1775763203360914140,121768,0.0,1.1,0.04,0.5,-0.12,-0.12,-3.13,1.06,2.25,0.02,0.08,0.0,-0.0,-0.06,0.12,11956.29,210.0,0.0,0.0,0.0,0.0
1775763203471161116,121868,0.0,0.3,0.0,1.1,0.0,-0.02,-3.13,1.06,2.25,0.02,0.06,0.0,-0.12,0.12,0.0,11956.46,210.0,0.0,0.0,0.0,0.0
1775763203563477198,121968,0.0,0.2,0.0,0.2,-0.02,0.1,-3.13,1.06,2.25,0.01,0.07,-0.01,-0.12,-0.06,0.06,11956.12,213.0,0.0,0.0,0.0,0.0
1775763203661725709,122068,0.0,0.8,0.032,0.7,-0.04,0.06,-3.13,1.06,2.25,0.01,0.06,-0.01,0.12,0.12,0.0,11959.38,213.0,0.0,0.0,0.0,0.0
1775763203764158014,122167,0.0,0.9,0.016,0.5,0.02,0.02,-3.13,1.06,2.25,0.0,0.06,-0.02,0.06,-0.06,-0.06,11959.38,187.0,0.0,0.0,0.0,0.0
1775763203862455542,122267,0.0,0.9,0.016,0.6,-0.08,-0.02,-3.13,1.06,2.25,0.0,0.05,0.0,0.06,-0.06,-0.12,11957.84,214.0,0.0,0.0,0.0,0.0
1775763203964933197,122368,0.0,0.9,0.016,0.5,0.06,-0.18,-3.13,1.06,2.25,0.01,0.03,-0.03,0.06,-0.06,0.0,11958.69,214.0,0.0,0.0,0.0,0.0
1775763204063140819,122468,0.0,1.0,0.016,0.2,-0.02,-0.02,-3.13,1.06,2.25,0.0,0.07,-0.01,-0.0,0.19,-0.06,11958.87,194.0,0.0,0.0,0.0,0.0
1775763204163707601,122568,0.0,0.9,0.036,0.2,-0.06,0.04,-3.13,1.06,2.25,0.02,0.08,0.0,-0.0,0.06,0.0,11958.01,197.0,0.0,0.0,0.0,0.0
1775763204261914018,122668,0.0,0.9,0.056,0.6,0.0,-0.2,-3.13,1.06,2.25,0.01,0.07,-0.01,0.12,0.06,0.0,11958.35,197.0,0.0,0.0,0.0,0.0
1775763204366133193,122767,0.0,1.1,0.04,0.3,0.06,-0.02,-3.13,1.06,2.25,0.0,0.05,-0.01,-0.06,-0.0,-0.06,11956.12,215.0,0.0,0.0,0.0,0.0
1775763204470524250,122867,0.0,1.0,0.024,0.5,-0.1,-0.08,-3.13,1.06,2.25,0.0,0.04,0.0,-0.06,0.06,0.06,11955.61,210.0,0.0,0.0,0.0,0.0
1775763204562890621,122968,0.0,0.9,0.016,0.3,-0.08,-0.08,-3.13,1.06,2.25,0.02,0.06,-0.01,-0.06,0.06,0.12,11957.32,210.0,0.0,0.0,0.0,0.0
1775763204671214261,123068,0.0,1.0,0.024,0.2,0.16,-0.04,-3.13,1.06,2.25,0.0,0.07,0.0,0.06,-0.12,-0.06,11955.95,193.0,0.0,0.0,0.0,0.0
1775763204763584521,123168,0.0,1.1,0.02,0.2,0.0,-0.02,-3.13,1.06,2.25,0.01,0.06,-0.01,0.12,-0.12,0.0,11956.81,193.0,0.0,0.0,0.0,0.0
1775763204871896977,123269,0.0,0.9,0.024,0.5,-0.06,-0.14,-3.13,1.06,2.25,0.02,0.06,0.0,0.06,-0.06,-0.06,11957.49,189.0,0.0,0.0,0.0,0.0
1775763204964185297,123369,0.0,0.8,0.012,0.4,-0.04,-0.21,-3.13,1.06,2.25,0.0,0.06,-0.03,-0.19,-0.0,0.0,11956.64,203.0,0.0,0.0,0.0,0.0
1775763205072648909,123469,0.0,1.2,0.012,0.2,-0.12,-0.14,-3.13,1.06,2.25,0.01,0.04,-0.01,0.06,-0.12,-0.06,11956.81,203.0,0.0,0.0,0.0,0.0
1775763205162990061,123570,0.0,0.7,0.04,0.6,0.0,-0.06,-3.13,1.06,2.25,0.01,0.07,0.0,-0.06,-0.0,0.0,11956.98,193.0,0.0,0.0,0.0,0.0
1775763205265316641,123670,0.0,0.9,0.052,0.5,-0.02,0.04,-3.13,1.06,2.25,0.01,0.06,0.0,-0.0,-0.06,0.0,11954.58,201.0,0.0,0.0,0.0,0.0
1775763205363560904,123770,0.0,0.9,0.052,0.4,0.02,0.12,-3.13,1.06,2.25,0.0,0.06,-0.01,0.12,-0.06,0.0,11956.64,201.0,0.0,0.0,0.0,0.0
1775763205473957215,123871,0.0,0.9,0.044,0.1,-0.1,-0.04,-3.13,1.06,2.25,0.0,0.07,-0.02,0.12,-0.19,0.06,11957.32,196.0,0.0,0.0,0.0,0.0
1775763205576356495,123971,0.0,0.9,0.0,1.7,-0.04,-0.06,-3.13,1.06,2.25,0.02,0.06,0.0,-0.0,-0.0,0.0,11957.67,191.0,0.0,0.0,0.0,0.0
1775763205674630368,124071,0.0,1.5,0.02,0.6,-0.02,0.02,-3.13,1.06,2.25,0.01,0.05,0.0,-0.06,0.06,0.06,11959.72,191.0,0.0,0.0,0.0,0.0
1775763205766928368,124170,0.0,1.2,0.012,0.3,0.02,0.08,-3.13,1.06,2.25,0.02,0.06,-0.02,-0.06,0.06,0.06,11958.35,191.0,0.0,0.0,0.0,0.0
1775763205875440124,124270,0.0,1.1,0.016,0.3,-0.1,-0.1,-3.13,1.06,2.25,0.0,0.06,-0.01,0.06,0.12,0.0,11957.32,191.0,0.0,0.0,0.0,0.0
1775763205967620964,124370,0.0,1.4,0.012,0.5,0.06,-0.12,-3.13,1.06,2.25,0.0,0.05,-0.02,-0.0,0.12,-0.06,11956.98,197.0,0.0,0.0,0.0,0.0
1775763206065941683,124470,0.0,1.4,0.016,0.2,0.04,-0.14,-3.13,1.06,2.25,0.0,0.07,0.0,0.19,-0.06,0.0,11955.61,210.0,0.0,0.0,0.0,0.0
1775763206166433738,124570,0.0,1.3,0.048,0.3,-0.08,-0.12,-3.13,1.06,2.25,0.01,0.06,-0.03,0.06,-0.0,0.0,11958.52,210.0,0.0,0.0,0.0,0.0
1775763206264732291,124670,0.0,1.2,0.056,0.3,0.0,-0.14,-3.13,1.06,2.25,0.0,0.06,0.0,-0.12,-0.06,0.06,11958.01,207.0,0.0,0.0,0.0,0.0
1775763206368921256,124770,0.0,1.0,0.04,0.1,0.0,-0.08,-3.13,1.06,2.25,0.0,0.06,-0.02,-0.0,0.12,0.0,11959.72,193.0,0.0,0.0,0.0,0.0
1775763206467388467,124870,0.0,1.4,0.024,0.2,-0.14,-0.08,-3.13,1.06,2.25,0.01,0.09,-0.03,0.06,-0.06,0.0,11960.41,193.0,0.0,0.0,0.0,0.0
1775763206575694914,124971,0.0,1.1,0.024,0.4,-0.02,-0.2,-3.13,1.06,2.25,0.01,0.06,-0.02,-0.0,-0.0,0.06,11957.67,207.0,0.0,0.0,0.0,0.0
1775763206673974893,125071,0.0,1.2,0.02,0.3,-0.04,0.02,-3.13,1.06,2.25,-0.01,0.06,-0.01,0.06,0.12,0.06,11956.64,202.0,0.0,0.0,0.0,0.0
1775763206768457245,125171,0.0,1.4,0.028,0.3,0.02,-0.08,-3.13,1.06,2.25,0.01,0.07,-0.03,-0.0,-0.06,-0.06,11957.67,202.0,0.0,0.0,0.0,0.0
1775763206874649741,125271,0.0,1.2,0.016,0.2,-0.02,-0.12,-3.13,1.06,2.25,0.02,0.06,-0.04,-0.06,-0.0,0.0,11956.46,186.0,0.0,0.0,0.0,0.0
1775763206966962422,125371,0.0,1.3,0.012,0.3,0.0,-0.1,-3.13,1.06,2.25,0.02,0.08,0.0,0.06,-0.19,-0.06,11956.81,207.0,0.0,0.0,0.0,0.0
1775763207075384157,125471,0.0,1.4,0.016,0.3,-0.16,0.0,-3.13,1.06,2.25,0.01,0.06,0.0,0.12,-0.06,0.06,11959.55,207.0,0.0,0.0,0.0,0.0
1775763207169848691,125572,0.0,1.3,0.04,0.3,-0.02,0.08,-3.13,1.06,2.25,0.0,0.06,0.0,-0.12,-0.0,-0.06,11959.21,185.0,0.0,0.0,0.0,0.0
1775763207268128685,125672,0.0,1.2,0.052,0.5,0.02,0.0,-3.13,1.06,2.25,0.01,0.04,-0.03,0.06,-0.0,0.06,11957.84,185.0,0.0,0.0,0.0,0.0
1775763207372358311,125772,0.0,1.3,0.048,0.3,-0.02,-0.12,-3.13,1.06,2.25,0.02,0.07,-0.01,-0.0,0.06,0.06,11956.98,194.0,0.0,0.0,0.0,0.0
1775763207476689543,125872,0.0,0.9,0.028,0.4,-0.12,-0.02,-3.13,1.06,2.25,0.0,0.08,0.01,0.12,-0.0,-0.06,11956.98,201.0,0.0,0.0,0.0,0.0
1775763207569116529,125972,0.0,0.9,0.028,0.3,0.12,-0.08,-3.13,1.06,2.25,0.0,0.06,0.0,0.06,-0.0,0.0,11958.18,201.0,0.0,0.0,0.0,0.0
1775763207677419528,126072,0.0,1.1,0.02,0.6,0.1,-0.04,-3.13,1.06,2.25,0.0,0.07,-0.04,-0.06,0.06,0.06,11955.95,189.0,0.0,0.0,0.0,0.0
1775763207769720021,126172,0.0,1.1,0.016,0.0,-0.1,-0.02,-3.13,1.06,2.25,0.02,0.06,-0.02,0.06,0.06,0.0,11956.46,205.0,0.0,0.0,0.0,0.0
1775763207878307820,126272,0.0,1.1,0.02,0.3,0.04,0.04,-3.13,1.06,2.25,0.02,0.07,0.0,-0.12,0.19,-0.06,11956.81,205.0,0.0,0.0,0.0,0.0
1775763207970390954,126372,0.0,1.0,0.016,0.5,-0.12,-0.1,-3.13,1.06,2.25,0.0,0.04,-0.01,-0.06,0.06,0.12,11956.98,184.0,0.0,0.0,0.0,0.0
1775763208068729905,126472,0.0,0.9,0.02,0.4,-0.06,0.0,-3.13,1.06,2.25,0.0,0.06,-0.03,0.06,-0.0,-0.06,11958.69,184.0,0.0,0.0,0.0,0.0
1775763208170746136,126572,0.0,1.2,0.044,0.7,0.04,0.02,-3.13,1.06,2.25,0.02,0.07,-0.03,-0.06,-0.06,-0.12,11956.64,197.0,0.0,0.0,0.0,0.0
1775763208267578494,126672,0.0,1.3,0.052,0.3,0.04,0.0,-3.13,1.06,2.25,0.01,0.06,-0.02,0.06,-0.0,-0.12,11955.44,200.0,0.0,0.0,0.0,0.0
1775763208369822010,126772,0.0,1.3,0.036,0.6,-0.04,-0.1,-3.13,1.06,2.25,0.02,0.08,-0.03,-0.0,-0.06,-0.06,11956.46,200.0,0.0,0.0,0.0,0.0
1775763208470021146,126872,0.0,1.2,0.032,0.5,-0.04,-0.02,-3.13,1.06,2.25,0.03,0.05,-0.01,0.19,0.06,0.0,11956.64,192.0,0.0,0.0,0.0,0.0
1775763208572452227,126972,0.0,1.5,0.02,0.2,0.04,-0.1,-3.13,1.06,2.25,0.02,0.06,-0.03,0.12,0.06,-0.06,11959.04,211.0,0.0,0.0,0.0,0.0
1775763208670832693,127072,0.0,1.4,0.024,0.5,0.0,-0.08,-3.13,1.06,2.25,0.02,0.05,0.0,-0.0,0.12,0.06,11959.38,211.0,0.0,0.0,0.0,0.0
1775763208779139872,127172,0.0,1.1,0.02,0.6,-0.04,0.02,-3.13,1.06,2.25,0.0,0.05,-0.04,-0.06,0.06,0.0,11959.55,198.0,0.0,0.0,0.0,0.0
1775763208871445065,127272,0.0,1.2,0.012,0.3,0.02,-0.18,-3.13,1.06,2.25,0.01,0.05,-0.03,-0.19,-0.0,0.0,11957.32,209.0,0.0,0.0,0.0,0.0
1775763208969817477,127372,0.0,1.2,0.028,0.2,-0.06,-0.04,-3.13,1.06,2.25,0.0,0.06,-0.02,-0.06,-0.06,0.06,11959.38,209.0,0.0,0.0,0.0,0.0
1775763209078144985,127472,0.0,1.2,0.012,0.5,0.06,-0.14,-3.13,1.06,2.25,0.0,0.05,-0.02,0.06,-0.0,-0.06,11958.52,196.0,0.0,0.0,0.0,0.0
1775763209168528140,127572,0.0,1.4,0.036,0.5,0.14,-0.08,-3.13,1.06,2.25,0.01,0.07,-0.03,-0.06,0.06,-0.12,11959.38,187.0,0.0,0.0,0.0,0.0
1775763209270877536,127672,0.0,1.5,0.052,0.3,0.08,-0.1,-3.13,1.06,2.25,0.0,0.07,-0.01,-0.0,-0.06,0.12,11960.58,187.0,0.0,0.0,0.0,0.0
1775763209371010004,127772,0.0,1.1,0.04,0.1,-0.18,-0.16,-3.13,1.06,2.25,0.01,0.07,-0.02,-0.0,0.06,0.0,11957.67,199.0,0.0,0.0,0.0,0.0
1775763209479603387,127873,0.0,1.0,0.04,0.2,-0.12,-0.08,-3.13,1.06,2.25,0.0,0.08,-0.03,-0.0,-0.0,-0.06,11957.49,199.0,0.0,0.0,0.0,0.0
1775763209577776360,127973,0.0,0.2,0.0,0.9,-0.06,-0.1,-3.13,1.06,2.25,0.0,0.07,-0.04,0.06,0.06,0.06,11955.95,187.0,0.0,0.0,0.0,0.0
1775763209680196086,128073,0.0,1.3,0.024,0.1,0.02,0.08,-3.13,1.06,2.25,0.03,0.07,0.0,0.06,0.12,-0.06,11956.29,199.0,0.0,0.0,0.0,0.0
1775763209772569568,128174,0.0,1.4,0.016,0.2,-0.02,0.08,-3.13,1.06,2.25,0.02,0.07,-0.03,-0.0,-0.0,0.0,11957.32,199.0,0.0,0.0,0.0,0.0
1775763209880868410,128274,0.0,1.6,0.02,0.3,0.08,-0.04,-3.13,1.06,2.25,0.02,0.07,-0.03,-0.0,-0.0,-0.06,11957.15,200.0,0.0,0.0,0.0,0.0
1775763209973167341,128374,0.0,0.9,0.008,0.3,-0.12,-0.04,-3.13,1.06,2.25,0.0,0.06,-0.02,0.12,0.06,-0.12,11955.78,190.0,0.0,0.0,0.0,0.0
1775763210071550764,128474,0.0,1.0,0.012,0.3,-0.04,-0.08,-3.13,1.06,2.25,0.02,0.07,-0.03,-0.0,0.06,0.0,11956.12,190.0,0.0,0.0,0.0,0.0
1775763210173902081,128574,0.0,1.0,0.04,0.7,0.04,-0.14,-3.13,1.06,2.25,0.02,0.07,-0.03,-0.06,0.06,0.12,11955.61,194.0,0.0,0.0,0.0,0.0
1775763210270292213,128674,0.0,1.1,0.052,0.2,-0.06,-0.14,-3.13,1.06,2.25,0.0,0.05,-0.02,-0.0,-0.0,-0.06,11955.95,201.0,0.0,0.0,0.0,0.0
1775763210374563750,128774,0.0,1.1,0.048,0.4,0.06,0.1,-3.13,1.06,2.25,0.0,0.06,-0.03,-0.0,-0.06,0.06,11956.12,201.0,0.0,0.0,0.0,0.0
1775763210472854325,128874,0.0,0.4,0.0,1.6,-0.02,-0.12,-3.13,1.06,2.25,0.0,0.04,-0.01,-0.0,-0.12,0.0,11955.09,181.0,0.0,0.0,0.0,0.0
1775763210575315748,128974,0.0,1.4,0.024,0.6,0.06,-0.12,-3.13,1.06,2.25,0.0,0.07,-0.03,0.06,-0.06,0.0,11956.98,181.0,0.0,0.0,0.0,0.0
1775763210673546104,129074,0.0,0.9,0.024,0.6,0.02,-0.21,-3.13,1.06,2.25,0.0,0.06,-0.03,0.12,0.12,0.12,11955.95,194.0,0.0,0.0,0.0,0.0
1775763210775946512,129174,0.0,1.0,0.02,0.3,0.06,0.0,-3.13,1.06,2.25,0.02,0.08,-0.05,0.06,0.12,0.12,11954.06,209.0,0.0,0.0,0.0,0.0
1775763210874326341,129274,0.0,0.7,0.012,0.4,0.02,-0.08,-3.13,1.06,2.25,-0.01,0.06,-0.04,0.19,0.19,0.0,11955.09,209.0,0.0,0.0,0.0,0.0
1775763210972505754,129374,0.0,1.2,0.02,0.3,0.12,-0.04,-3.13,1.06,2.25,0.01,0.06,-0.03,-0.0,0.25,0.0,11955.09,190.0,0.0,0.0,0.0,0.0
1775763211074905141,129474,0.0,1.0,0.012,0.3,-0.14,-0.02,-3.13,1.06,2.25,0.0,0.06,-0.01,0.06,0.25,0.06,11955.78,192.0,0.0,0.0,0.0,0.0
1775763211171296880,129574,0.0,0.9,0.048,0.2,-0.02,-0.2,-3.13,1.06,2.25,0.03,0.06,-0.05,-0.06,-0.12,-0.06,11954.06,192.0,0.0,0.0,0.0,0.0
1775763211273661434,129674,0.0,1.3,0.056,0.4,-0.02,0.12,-3.13,1.06,2.25,0.0,0.03,-0.01,-0.12,0.06,-0.06,11955.78,199.0,0.0,0.0,0.0,0.0
1775763211377998076,129774,0.0,1.3,0.04,0.5,0.0,-0.06,-3.13,1.06,2.25,0.0,0.05,-0.04,0.06,-0.06,-0.06,11956.12,189.0,0.0,0.0,0.0,0.0
1775763211472240866,129874,0.0,0.9,0.024,0.5,-0.08,-0.23,-3.13,1.06,2.25,0.01,0.08,-0.03,-0.06,-0.0,0.06,11957.67,189.0,0.0,0.0,0.0,0.0
1775763211580610696,129974,0.0,0.2,0.0,1.0,0.04,-0.06,-3.13,1.06,2.25,0.01,0.09,-0.03,-0.12,-0.0,0.0,11954.92,199.0,0.0,0.0,0.0,0.0
1775763211672930489,130074,0.0,0.4,0.0,1.3,0.02,-0.14,-3.13,1.06,2.25,0.0,0.05,-0.03,0.06,-0.12,0.0,11955.95,199.0,0.0,0.0,0.0,0.0
1775763211781290505,130174,0.0,0.9,0.0,1.2,0.02,-0.1,-3.13,1.06,2.25,0.02,0.07,-0.03,0.06,0.19,0.06,11955.78,204.0,0.0,0.0,0.0,0.0
1775763211873571096,130274,0.0,1.3,0.012,0.5,-0.06,-0.04,-3.13,1.06,2.25,0.0,0.07,-0.03,0.06,-0.0,-0.06,11956.64,205.0,0.0,0.0,0.0,0.0
1775763211981975610,130374,0.0,1.4,0.016,0.4,-0.12,-0.2,-3.13,1.06,2.25,0.02,0.07,-0.06,-0.12,-0.06,0.12,11957.32,205.0,0.0,0.0,0.0,0.0
1775763212074244236,130475,0.0,1.2,0.016,0.1,-0.02,-0.12,-3.13,1.06,2.25,0.0,0.08,-0.05,0.19,-0.12,0.06,11955.61,199.0,0.0,0.0,0.0,0.0
1775763212174697418,130575,0.0,1.5,0.044,0.5,-0.02,-0.08,-3.13,1.06,2.25,0.0,0.07,-0.03,-0.0,0.12,0.0,11955.26,184.0,0.0,0.0,0.0,0.0
1775763212273000133,130675,0.0,1.4,0.056,1.0,-0.06,-0.08,-3.13,1.06,2.25,0.0,0.04,-0.02,0.12,-0.0,0.06,11955.61,184.0,0.0,0.0,0.0,0.0
1775763212381377718,130776,0.016,0.2,0.0,1.1,0.0,-0.14,-3.13,1.06,2.25,0.02,0.05,-0.03,-0.06,-0.0,0.06,11954.75,208.0,0.0,0.0,0.0,0.0
1775763212475573007,130876,0.0,1.0,0.036,0.3,-0.02,-0.14,-3.13,1.06,2.25,0.01,0.08,0.01,-0.12,0.06,0.06,11956.12,196.0,0.0,0.0,0.0,0.0
1775763212583978998,130976,0.0,0.9,0.032,0.6,-0.1,-0.06,-3.13,1.06,2.25,0.01,0.04,-0.04,-0.0,0.06,0.0,11956.64,196.0,0.0,0.0,0.0,0.0
1775763212676304065,131077,0.0,0.9,0.02,0.2,-0.04,-0.16,-3.13,1.06,2.25,0.01,0.07,-0.02,-0.0,-0.06,0.0,11955.44,187.0,0.0,0.0,0.0,0.0
1775763212778778277,131177,0.0,1.2,0.0,1.4,-0.16,-0.1,-3.13,1.06,2.25,0.01,0.05,-0.02,-0.0,0.06,0.0,11956.46,187.0,0.0,0.0,0.0,0.0
1775763212876985329,131276,0.0,0.3,0.0,1.3,-0.04,-0.14,-3.13,1.06,2.25,0.02,0.05,0.0,-0.0,-0.0,0.0,11956.81,200.0,0.0,0.0,0.0,0.0
1775763212975284155,131376,0.0,1.2,0.016,0.3,-0.18,0.02,-3.13,1.06,2.25,0.0,0.06,-0.01,0.06,-0.12,-0.06,11954.75,192.0,0.0,0.0,0.0,0.0
1775763213077760845,131476,0.0,1.1,0.012,0.6,-0.1,-0.1,-3.13,1.06,2.25,0.02,0.08,-0.01,-0.06,-0.0,0.06,11957.15,192.0,0.0,0.0,0.0,0.0
1775763213174162355,131576,0.0,1.2,0.044,0.2,0.02,0.12,-3.13,1.06,2.25,0.0,0.06,-0.03,-0.0,0.12,0.06,11955.95,192.0,0.0,0.0,0.0,0.0
1775763213276421851,131676,0.0,1.3,0.052,0.5,0.0,-0.06,-3.13,1.06,2.25,0.02,0.05,-0.01,-0.0,0.19,0.06,11956.12,206.0,0.0,0.0,0.0,0.0
1775763213374718655,131776,0.0,1.4,0.04,0.3,0.12,-0.08,-3.13,1.06,2.25,0.0,0.05,0.0,0.12,-0.12,0.0,11954.92,206.0,0.0,0.0,0.0,0.0
1775763213474956196,131876,0.0,1.5,0.028,0.2,-0.12,-0.16,-3.13,1.06,2.25,0.01,0.06,0.0,0.12,0.06,0.06,11953.55,199.0,0.0,0.0,0.0,0.0
1775763213583352888,131976,0.0,1.3,0.032,0.3,0.0,0.0,-3.13,1.06,2.25,0.0,0.07,0.0,0.06,-0.0,0.0,11955.26,188.0,0.0,0.0,0.0,0.0
1775763213675722097,132076,0.0,1.3,0.02,0.1,-0.04,-0.04,-3.13,1.06,2.25,0.02,0.04,-0.02,-0.06,-0.06,-0.06,11954.06,188.0,0.0,0.0,0.0,0.0
1775763213784038052,132176,0.0,1.2,0.0,1.1,0.04,0.02,-3.13,1.06,2.25,0.0,0.08,0.0,-0.0,-0.12,-0.06,11953.72,197.0,0.0,0.0,0.0,0.0
1775763213882349374,132276,0.0,0.2,0.0,1.3,-0.06,-0.16,-3.13,1.06,2.25,0.01,0.07,0.0,-0.0,0.06,-0.06,11954.06,197.0,0.0,0.0,0.0,0.0
1775763213984735216,132376,0.0,1.1,0.02,0.3,0.04,-0.18,-3.13,1.06,2.25,-0.01,0.07,-0.03,-0.06,-0.06,-0.06,11955.44,178.0,0.0,0.0,0.0,0.0
1775763214077013631,132476,0.0,1.0,0.012,0.4,-0.04,-0.02,-3.13,1.06,2.25,0.0,0.08,0.0,0.06,-0.0,0.0,11953.72,203.0,0.0,0.0,0.0,0.0
1775763214173345881,132576,0.0,1.0,0.052,0.3,0.06,-0.16,-3.13,1.06,2.25,-0.01,0.04,-0.02,0.06,0.06,0.06,11954.92,203.0,0.0,0.0,0.0,0.0
1775763214275769180,132676,0.0,1.1,0.056,0.3,0.08,-0.06,-3.13,1.06,2.25,0.01,0.07,-0.01,-0.06,-0.0,-0.06,11954.75,183.0,0.0,0.0,0.0,0.0
1775763214374185752,132776,0.0,1.0,0.04,0.3,0.06,-0.1,-3.13,1.06,2.25,0.0,0.05,-0.02,-0.0,0.12,0.0,11956.29,200.0,0.0,0.0,0.0,0.0
1775763214478474755,132876,0.0,1.2,0.032,0.7,0.04,-0.1,-3.13,1.06,2.25,0.0,0.06,0.0,0.06,-0.12,0.0,11958.18,200.0,0.0,0.0,0.0,0.0
1775763214576687004,132976,0.0,1.0,0.036,0.0,0.02,-0.08,-3.13,1.06,2.25,0.04,0.07,0.01,-0.0,-0.0,0.06,11956.81,193.0,0.0,0.0,0.0,0.0
1775763214679081249,133076,0.0,0.9,0.028,0.2,-0.06,0.0,-3.13,1.06,2.25,0.0,0.08,-0.01,-0.0,-0.0,0.12,11954.75,200.0,0.0,0.0,0.0,0.0
1775763214777493229,133176,0.0,1.1,0.016,0.6,-0.06,-0.1,-3.13,1.06,2.25,0.0,0.05,-0.04,0.12,0.12,0.12,11957.15,200.0,0.0,0.0,0.0,0.0
1775763214879765462,133276,0.0,0.3,0.0,0.3,0.0,-0.04,-3.13,1.06,2.25,0.01,0.07,0.0,0.12,-0.0,-0.19,11956.46,190.0,0.0,0.0,0.0,0.0
1775763214978153814,133377,0.0,0.2,0.0,0.1,0.0,-0.1,-3.13,1.06,2.25,0.0,0.06,-0.01,-0.0,-0.06,-0.06,11956.29,190.0,0.0,0.0,0.0,0.0
1775763215080453246,133477,0.0,0.9,0.016,0.2,-0.1,-0.06,-3.13,1.06,2.25,0.02,0.06,-0.03,0.12,-0.06,0.0,11958.01,198.0,0.0,0.0,0.0,0.0
1775763215176943151,133577,0.0,0.9,0.048,0.6,0.02,-0.02,-3.13,1.06,2.25,0.01,0.08,-0.02,-0.06,-0.12,-0.06,11954.75,205.0,0.0,0.0,0.0,0.0
1775763215279289673,133677,0.0,0.6,0.052,0.6,0.0,-0.1,-3.13,1.06,2.25,0.01,0.06,-0.04,0.19,0.06,-0.06,11955.78,205.0,0.0,0.0,0.0,0.0
1775763215383526823,133777,0.0,0.6,0.044,0.5,0.02,-0.2,-3.13,1.06,2.25,0.01,0.05,0.01,-0.0,0.12,0.0,11955.95,209.0,0.0,0.0,0.0,0.0
1775763215477700140,133877,0.0,0.7,0.02,0.3,-0.06,-0.1,-3.13,1.06,2.25,0.0,0.06,0.0,0.06,-0.0,0.0,11953.55,207.0,0.0,0.0,0.0,0.0
1775763215578194735,133977,0.0,0.1,0.0,0.3,0.18,-0.14,-3.13,1.06,2.25,0.01,0.06,0.0,-0.0,0.06,0.0,11956.29,207.0,0.0,0.0,0.0,0.0
1775763215678414900,134077,0.0,1.2,0.024,0.5,0.06,-0.04,-3.13,1.06,2.25,0.01,0.06,-0.02,0.06,-0.0,0.0,11954.24,204.0,0.0,0.0,0.0,0.0
1775763215786834508,134177,0.0,1.4,0.016,0.4,-0.14,0.0,-3.13,1.06,2.25,0.0,0.06,0.0,-0.0,-0.12,-0.06,11954.75,196.0,0.0,0.0,0.0,0.0
1775763215885109010,134277,0.0,1.3,0.012,0.5,0.02,-0.06,-3.13,1.06,2.25,0.01,0.07,0.0,-0.12,-0.0,-0.06,11957.84,196.0,0.0,0.0,0.0,0.0
1775763215987553971,134377,0.0,1.3,0.016,0.2,-0.08,0.0,-3.13,1.06,2.25,0.02,0.07,-0.02,-0.0,-0.0,0.0,11955.78,199.0,0.0,0.0,0.0,0.0
1775763216085820026,134477,0.0,1.3,0.012,0.3,0.02,-0.06,-3.13,1.06,2.25,0.01,0.05,-0.01,-0.0,-0.0,0.06,11957.32,199.0,0.0,0.0,0.0,0.0
1775763216176169104,134578,0.0,1.4,0.036,0.4,0.0,-0.1,-3.13,1.06,2.25,0.0,0.06,0.0,-0.0,-0.0,0.0,11954.92,216.0,0.0,0.0,0.0,0.0
1775763216278565916,134678,0.0,1.5,0.0,0.2,0.0,-0.18,-3.13,1.06,2.25,0.0,0.05,0.0,0.12,0.06,0.0,11953.55,192.0,0.0,0.0,0.0,0.0
1775763216380924989,134778,0.0,0.7,0.036,0.2,0.02,-0.14,-3.13,1.06,2.25,0.03,0.07,0.01,-0.06,0.06,-0.12,11955.26,192.0,0.0,0.0,0.0,0.0
1775763216481121744,134879,0.0,0.9,0.04,0.3,-0.08,-0.2,-3.13,1.06,2.25,0.01,0.05,-0.03,-0.0,-0.06,0.0,11955.78,194.0,0.0,0.0,0.0,0.0
1775763216589609308,134979,0.0,0.8,0.028,0.4,-0.04,0.0,-3.13,1.06,2.25,0.01,0.05,0.0,-0.0,0.06,0.06,11954.58,197.0,0.0,0.0,0.0,0.0
1775763216681939436,135079,0.0,1.0,0.032,0.7,-0.02,-0.1,-3.13,1.06,2.25,0.0,0.04,0.0,-0.0,-0.06,0.06,11953.55,197.0,0.0,0.0,0.0,0.0
1775763216780146697,135179,0.0,0.7,0.028,-0.1,-0.02,-0.04,-3.13,1.06,2.25,0.03,0.05,-0.03,0.12,-0.0,-0.06,11956.12,206.0,0.0,0.0,0.0,0.0
1775763216888529267,135279,0.0,0.9,0.024,0.5,0.02,-0.02,-3.13,1.06,2.25,0.01,0.07,-0.03,-0.06,0.12,0.06,11955.09,196.0,0.0,0.0,0.0,0.0
1775763216980925354,135379,0.0,1.2,0.016,0.1,0.08,-0.18,-3.13,1.06,2.25,0.01,0.07,-0.02,-0.06,-0.0,0.0,11954.41,196.0,0.0,0.0,0.0,0.0
1775763217089234276,135479,0.0,0.7,0.012,1.0,0.04,0.02,-3.13,1.06,2.25,0.01,0.05,-0.03,-0.0,-0.06,0.0,11953.89,190.0,0.0,0.0,0.0,0.0
1775763217179634645,135579,0.0,1.1,0.048,0.0,-0.08,-0.02,-3.13,1.06,2.25,0.0,0.06,-0.01,-0.06,0.06,0.06,11954.92,190.0,0.0,0.0,0.0,0.0
1775763217281995381,135680,0.0,1.4,0.052,0.1,0.06,-0.1,-3.13,1.06,2.25,0.01,0.05,-0.01,-0.0,-0.25,0.0,11954.58,209.0,0.0,0.0,0.0,0.0
1775763217386283892,135780,0.0,1.3,0.04,0.5,-0.02,0.08,-3.13,1.06,2.25,0.01,0.08,0.0,-0.0,0.06,0.0,11953.72,204.0,0.0,0.0,0.0,0.0
1775763217490699266,135880,0.0,1.4,0.028,0.3,0.1,-0.08,-3.13,1.06,2.25,0.0,0.05,-0.01,-0.0,-0.0,0.0,11955.26,204.0,0.0,0.0,0.0,0.0
1775763217582898712,135981,0.0,1.4,0.02,0.6,0.04,-0.12,-3.13,1.06,2.25,0.02,0.06,-0.03,0.12,-0.0,0.0,11953.55,238.0,0.0,0.0,0.0,0.0
1775763217691298518,136081,0.0,1.3,0.02,0.3,0.04,0.0,-3.13,1.06,2.25,0.01,0.07,-0.02,-0.12,-0.06,0.06,11953.72,240.0,0.0,0.0,0.0,0.0
1775763217789552348,136181,0.0,1.2,0.016,0.2,-0.02,-0.04,-3.13,1.06,2.25,0.02,0.05,-0.01,0.06,-0.12,0.0,11955.09,240.0,0.0,0.0,0.0,0.0
1775763217892063261,136282,0.0,0.9,0.024,0.5,0.02,-0.02,-3.13,1.06,2.25,0.0,0.06,-0.02,0.06,-0.06,-0.06,11953.38,201.0,0.0,0.0,0.0,0.0
1775763217984276058,136382,0.0,0.7,0.012,0.6,0.04,-0.06,-3.13,1.06,2.25,0.0,0.05,0.0,-0.0,-0.0,0.06,11952.35,208.0,0.0,0.0,0.0,0.0
1775763218084729757,136482,0.0,1.0,0.016,0.3,-0.1,0.0,-3.13,1.06,2.25,0.0,0.08,0.0,0.06,-0.19,-0.06,11954.06,208.0,0.0,0.0,0.0,0.0
1775763218183043784,136582,0.0,1.0,0.0,1.3,0.08,-0.21,-3.13,1.06,2.25,0.02,0.06,-0.01,0.06,-0.06,0.06,11954.06,207.0,0.0,0.0,0.0,0.0
1775763218285405961,136682,0.0,1.4,0.052,0.3,0.0,0.04,-3.13,1.06,2.25,0.0,0.05,0.0,0.06,0.06,0.06,11955.26,190.0,0.0,0.0,0.0,0.0
1775763218385636393,136782,0.0,1.4,0.036,0.2,0.14,-0.08,-3.13,1.06,2.25,-0.01,0.04,0.0,-0.0,-0.12,0.0,11954.24,190.0,0.0,0.0,0.0,0.0
1775763218483933550,136882,0.0,1.3,0.028,0.5,-0.02,-0.1,-3.13,1.06,2.25,0.0,0.06,-0.02,0.06,0.12,0.06,11956.46,208.0,0.0,0.0,0.0,0.0
1775763218592361221,136982,0.0,0.9,0.024,0.5,-0.06,-0.02,-3.13,1.06,2.25,0.0,0.06,0.0,-0.0,-0.12,-0.12,11956.81,208.0,0.0,0.0,0.0,0.0
1775763218684601699,137082,0.0,0.7,0.024,0.5,0.02,0.0,-3.13,1.06,2.25,0.0,0.09,-0.01,-0.0,-0.0,0.06,11957.32,189.0,0.0,0.0,0.0,0.0
1775763218793037166,137182,0.0,0.9,0.012,0.3,-0.04,-0.08,-3.13,1.06,2.25,0.01,0.05,0.0,-0.19,0.06,0.0,11956.12,183.0,0.0,0.0,0.0,0.0
1775763218885413711,137282,0.0,0.3,0.0,1.6,0.08,-0.04,-3.13,1.06,2.25,0.0,0.06,0.01,-0.06,-0.06,0.0,11955.61,183.0,0.0,0.0,0.0,0.0
1775763218993707537,137382,0.0,1.3,0.0,1.2,0.04,-0.16,-3.13,1.06,2.25,0.0,0.06,-0.01,-0.06,-0.06,0.06,11954.75,204.0,0.0,0.0,0.0,0.0
1775763219085996991,137482,0.0,1.0,0.008,0.3,-0.12,-0.04,-3.13,1.06,2.25,0.01,0.05,0.0,-0.06,-0.19,0.0,11952.86,194.0,0.0,0.0,0.0,0.0
1775763219182362409,137582,0.0,1.1,0.0,1.4,0.02,-0.12,-3.13,1.06,2.25,0.01,0.05,-0.01,-0.12,0.06,0.06,11953.55,194.0,0.0,0.0,0.0,0.0
1775763219284807374,137682,0.0,1.3,0.056,0.5,-0.02,-0.02,-3.13,1.06,2.25,0.0,0.06,-0.02,-0.0,-0.06,0.06,11952.69,214.0,0.0,0.0,0.0,0.0
1775763219383036384,137782,0.0,1.4,0.032,0.3,-0.12,-0.08,-3.13,1.06,2.25,0.01,0.07,-0.03,-0.0,-0.12,0.0,11953.38,214.0,0.0,0.0,0.0,0.0
1775763219493330681,137881,0.0,1.3,0.028,0.6,-0.14,-0.16,-3.13,1.06,2.25,0.0,0.06,-0.01,-0.06,-0.06,-0.06,11955.09,215.0,0.0,0.0,0.0,0.0
1775763219585678780,137981,0.0,1.4,0.024,0.3,-0.04,-0.1,-3.13,1.06,2.25,0.0,0.05,-0.03,0.06,-0.06,0.06,11953.21,235.0,0.0,0.0,0.0,0.0
1775763219683890105,138081,0.0,1.5,0.016,0.1,0.08,0.04,-3.13,1.06,2.25,0.0,0.04,0.01,0.06,-0.0,-0.19,11956.46,235.0,0.0,0.0,0.0,0.0
1775763219786361310,138181,0.0,1.3,0.024,0.6,-0.02,-0.02,-3.13,1.06,2.25,0.0,0.05,-0.01,-0.0,-0.0,0.0,11955.44,207.0,0.0,0.0,0.0,0.0
1775763219884652909,138281,0.0,1.4,0.012,0.3,-0.16,0.0,-3.13,1.06,2.25,0.01,0.04,-0.03,-0.06,-0.0,-0.12,11956.81,201.0,0.0,0.0,0.0,0.0
1775763219987131132,138382,0.0,1.2,0.016,0.4,0.0,-0.04,-3.13,1.06,2.25,0.0,0.05,0.0,-0.06,0.06,0.0,11955.95,201.0,0.0,0.0,0.0,0.0
1775763220085310456,138482,0.0,1.0,0.0,1.6,-0.04,-0.08,-3.13,1.06,2.25,0.0,0.06,-0.02,-0.12,-0.06,0.0,11955.44,187.0,0.0,0.0,0.0,0.0
1775763220185853810,138582,0.0,1.2,0.048,0.5,-0.06,-0.12,-3.13,1.06,2.25,0.0,0.05,-0.05,0.06,0.06,-0.12,11953.72,199.0,0.0,0.0,0.0,0.0
1775763220284094649,138682,0.0,1.2,0.052,0.3,-0.04,-0.04,-3.13,1.06,2.25,0.03,0.06,0.0,0.12,-0.0,-0.06,11955.78,199.0,0.0,0.0,0.0,0.0
1775763220382430039,138782,0.0,1.6,0.028,0.2,0.06,-0.02,-3.13,1.06,2.25,0.0,0.08,0.01,0.12,-0.19,0.0,11953.72,214.0,0.0,0.0,0.0,0.0
1775763220492683982,138882,0.0,1.4,0.032,0.5,0.14,-0.02,-3.13,1.06,2.25,0.02,0.05,0.0,-0.06,0.19,0.06,11954.92,193.0,0.0,0.0,0.0,0.0
1775763220585103389,138982,0.0,1.6,0.024,0.3,-0.08,-0.04,-3.13,1.06,2.25,0.01,0.04,-0.01,0.06,0.19,-0.06,11954.58,193.0,0.0,0.0,0.0,0.0
1775763220693413819,139081,0.0,1.3,0.008,0.6,0.02,-0.04,-3.13,1.06,2.25,0.02,0.06,-0.03,-0.12,-0.06,0.06,11954.75,207.0,0.0,0.0,0.0,0.0
1775763220785789617,139182,0.0,1.2,0.028,0.4,0.04,0.0,-3.13,1.06,2.25,0.01,0.05,-0.02,-0.06,0.06,0.0,11956.64,207.0,0.0,0.0,0.0,0.0
1775763220894104879,139282,0.0,1.4,0.016,0.3,0.0,0.06,-3.13,1.06,2.25,0.01,0.06,-0.02,-0.06,-0.0,-0.12,11957.84,192.0,0.0,0.0,0.0,0.0
1775763220986394311,139382,0.0,1.3,0.004,0.0,-0.06,-0.02,-3.13,1.06,2.25,0.0,0.07,-0.03,-0.0,0.06,0.0,11956.46,194.0,0.0,0.0,0.0,0.0
1775763221094846453,139482,0.0,1.5,0.0,0.5,0.12,-0.08,-3.13,1.06,2.25,0.02,0.05,-0.03,-0.06,0.12,0.12,11957.15,194.0,0.0,0.0,0.0,0.0
1775763221185179683,139582,0.0,0.9,0.048,0.5,-0.14,-0.18,-3.13,1.06,2.25,0.0,0.05,-0.02,-0.12,-0.06,0.06,11952.86,233.0,0.0,0.0,0.0,0.0
1775763221283542735,139682,0.0,1.2,0.06,0.5,0.02,-0.04,-3.13,1.06,2.25,0.0,0.04,-0.04,0.06,-0.19,-0.06,11952.18,209.0,0.0,0.0,0.0,0.0
1775763221385812796,139782,0.0,1.4,0.048,0.4,0.02,-0.1,-3.13,1.06,2.25,0.0,0.06,-0.03,-0.12,-0.0,0.0,11953.21,209.0,0.0,0.0,0.0,0.0
1775763221486059198,139882,0.0,1.3,0.032,0.3,-0.1,-0.02,-3.13,1.06,2.25,0.0,0.05,-0.03,0.06,-0.0,0.06,11953.38,185.0,0.0,0.0,0.0,0.0
1775763221588461901,139982,0.0,1.3,0.024,0.9,-0.06,-0.06,-3.13,1.06,2.25,0.0,0.05,-0.02,0.06,0.12,0.0,11953.04,207.0,0.0,0.0,0.0,0.0
1775763221686846414,140082,0.0,1.0,0.02,0.3,0.0,0.02,-3.13,1.06,2.25,0.0,0.04,-0.04,0.19,-0.0,0.0,11954.24,207.0,0.0,0.0,0.0,0.0
1775763221789135344,140182,0.0,0.9,0.02,0.3,-0.1,0.04,-3.13,1.06,2.25,0.0,0.08,-0.03,-0.0,0.06,0.06,11952.35,197.0,0.0,0.0,0.0,0.0
1775763221887515821,140282,0.0,0.7,0.02,0.4,0.0,-0.08,-3.13,1.06,2.25,0.02,0.03,-0.03,-0.0,-0.0,0.12,11956.12,197.0,0.0,0.0,0.0,0.0
1775763221995830321,140382,0.0,1.0,0.016,0.1,0.06,0.0,-3.13,1.06,2.25,-0.01,0.05,-0.03,0.06,-0.06,0.0,11955.61,198.0,0.0,0.0,0.0,0.0
1775763222088115563,140482,0.0,1.1,0.016,0.1,0.02,-0.12,-3.13,1.06,2.25,0.01,0.06,-0.02,-0.0,-0.0,0.06,11954.75,187.0,0.0,0.0,0.0,0.0
1775763222185217101,140582,0.0,0.9,0.044,0.6,-0.06,-0.12,-3.13,1.06,2.25,0.0,0.06,-0.02,-0.06,-0.0,-0.06,11954.06,187.0,0.0,0.0,0.0,0.0
1775763222286907835,140682,0.0,1.1,0.056,0.1,0.1,-0.1,-3.13,1.06,2.25,0.03,0.04,-0.03,0.06,-0.0,-0.06,11952.18,194.0,0.0,0.0,0.0,0.0
1775763222387016908,140782,0.0,1.0,0.04,0.1,-0.12,-0.08,-3.13,1.06,2.25,0.01,0.06,-0.01,-0.06,0.06,-0.12,11953.55,212.0,0.0,0.0,0.0,0.0
1775763222495557837,140882,0.0,0.9,0.04,0.5,-0.12,-0.12,-3.13,1.06,2.25,0.0,0.06,-0.02,0.06,0.06,0.0,11956.12,212.0,0.0,0.0,0.0,0.0
1775763222593784467,140982,0.0,0.9,0.02,0.2,0.0,-0.21,-3.13,1.06,2.25,0.01,0.07,-0.03,0.06,-0.12,-0.06,11955.78,192.0,0.0,0.0,0.0,0.0
1775763222686084874,141082,0.0,0.8,0.02,0.5,0.14,-0.16,-3.13,1.06,2.25,0.0,0.04,-0.05,0.06,-0.25,-0.06,11954.75,226.0,0.0,0.0,0.0,0.0
1775763222794481348,141182,0.0,0.6,0.016,0.1,0.14,-0.06,-3.13,1.06,2.25,0.01,0.07,-0.03,-0.06,-0.0,0.0,11955.78,226.0,0.0,0.0,0.0,0.0
1775763222886772089,141282,0.0,1.1,0.016,0.7,0.12,-0.12,-3.13,1.06,2.25,-0.01,0.06,-0.02,-0.0,0.25,0.0,11954.58,235.0,0.0,0.0,0.0,0.0
1775763222995224634,141382,0.0,0.7,0.02,0.3,-0.08,-0.02,-3.13,1.06,2.25,0.0,0.05,-0.05,-0.0,0.12,0.0,11953.21,235.0,0.0,0.0,0.0,0.0
1775763223087459560,141483,0.0,0.9,0.012,0.3,-0.08,0.0,-3.13,1.06,2.25,0.0,0.06,-0.04,-0.06,0.12,0.06,11953.04,176.0,0.0,0.0,0.0,0.0
1775763223187916483,141583,0.0,0.9,0.072,0.3,-0.06,-0.08,-3.13,1.06,2.25,0.01,0.07,-0.01,-0.0,-0.0,0.0,11952.18,212.0,0.0,0.0,0.0,0.0
1775763223286206680,141683,0.0,0.9,0.06,0.1,-0.12,-0.12,-3.13,1.06,2.25,0.0,0.07,-0.04,-0.0,-0.12,0.0,11954.06,212.0,0.0,0.0,0.0,0.0
1775763223390481542,141784,0.0,1.1,0.032,0.3,0.0,0.14,-3.13,1.06,2.25,0.01,0.08,-0.05,-0.06,-0.06,0.0,11952.69,214.0,0.0,0.0,0.0,0.0
1775763223488800108,141884,0.0,1.1,0.036,0.3,-0.08,-0.06,-3.13,1.06,2.25,0.0,0.07,-0.02,-0.0,0.12,0.06,11952.52,216.0,0.0,0.0,0.0,0.0
1775763223591305317,141984,0.0,1.0,0.024,0.2,-0.08,-0.18,-3.13,1.06,2.25,0.0,0.05,-0.02,-0.0,-0.12,-0.06,11952.69,216.0,0.0,0.0,0.0,0.0
1775763223689541888,142085,0.0,1.0,0.016,0.5,-0.02,-0.06,-3.13,1.06,2.25,0.0,0.07,0.0,0.06,-0.0,0.12,11955.09,188.0,0.0,0.0,0.0,0.0
1775763223791905327,142185,0.0,0.0,0.0,1.5,0.12,-0.02,-3.13,1.06,2.25,0.0,0.08,-0.01,-0.06,-0.0,0.06,11954.75,202.0,0.0,0.0,0.0,0.0
1775763223890380126,142285,0.0,1.3,0.012,0.0,0.16,-0.08,-3.13,1.06,2.25,0.0,0.06,0.0,-0.19,-0.0,0.06,11953.72,202.0,0.0,0.0,0.0,0.0
1775763223992604368,142386,0.0,1.3,0.02,0.3,-0.08,-0.18,-3.13,1.06,2.25,0.0,0.06,-0.02,-0.0,-0.06,0.0,11951.15,192.0,0.0,0.0,0.0,0.0
1775763224090923247,142486,0.0,1.3,0.02,0.6,-0.14,-0.02,-3.13,1.06,2.25,0.01,0.06,-0.02,0.06,0.12,-0.06,11951.66,192.0,0.0,0.0,0.0,0.0
1775763224191407794,142586,0.0,1.3,0.064,0.0,-0.04,0.0,-3.13,1.06,2.25,0.01,0.08,-0.02,-0.0,-0.12,0.0,11951.66,183.0,0.0,0.0,0.0,0.0
1775763224289734969,142686,0.0,1.5,0.052,0.2,-0.08,-0.14,-3.13,1.06,2.25,0.01,0.07,-0.02,-0.06,-0.0,0.06,11952.69,168.0,0.0,0.0,0.0,0.0
1775763224392031555,142786,0.0,1.4,0.04,0.3,0.06,-0.12,-3.13,1.06,2.25,0.0,0.06,-0.02,-0.25,0.31,0.06,11952.52,168.0,0.0,0.0,0.0,0.0
1775763224492276171,142886,0.0,1.3,0.032,0.3,-0.04,0.06,-3.13,1.06,2.25,0.01,0.09,0.0,-0.12,-0.06,0.12,11952.01,183.0,0.0,0.0,0.0,0.0
1775763224590566791,142986,0.0,0.6,0.028,0.5,0.02,0.1,-3.13,1.06,2.25,0.0,0.05,-0.01,-0.0,-0.0,-0.06,11952.35,210.0,0.0,0.0,0.0,0.0
1775763224693055572,143086,0.0,1.0,0.024,0.1,0.12,0.02,-3.13,1.06,2.25,0.0,0.06,-0.02,-0.12,-0.06,-0.06,11955.09,210.0,0.0,0.0,0.0,0.0
1775763224791281196,143186,0.0,0.9,0.02,0.3,-0.1,-0.16,-3.13,1.06,2.25,0.02,0.08,-0.01,0.12,0.12,0.0,11951.83,199.0,0.0,0.0,0.0,0.0
1775763224899672145,143286,0.0,0.7,0.024,0.2,0.02,-0.04,-3.13,1.06,2.25,0.0,0.05,-0.01,-0.0,0.06,0.0,11951.83,223.0,0.0,0.0,0.0,0.0
1775763224992018822,143386,0.0,0.8,0.016,0.6,0.02,-0.1,-3.13,1.06,2.25,0.0,0.08,-0.03,-0.06,0.06,0.0,11955.09,223.0,0.0,0.0,0.0,0.0
1775763225100294532,143486,0.0,0.7,0.02,0.5,-0.06,-0.14,-3.13,1.06,2.25,0.01,0.06,-0.03,-0.0,-0.0,0.06,11952.69,191.0,0.0,0.0,0.0,0.0
1775763225190725377,143586,0.0,0.7,0.06,0.6,0.14,-0.04,-3.13,1.06,2.25,0.03,0.09,-0.01,-0.0,0.25,0.0,11952.18,191.0,0.0,0.0,0.0,0.0
1775763225293093142,143686,0.0,1.1,0.056,0.1,0.0,0.08,-3.13,1.06,2.25,0.02,0.06,-0.02,-0.0,-0.0,0.0,11953.04,211.0,0.0,0.0,0.0,0.0
1775763225393284239,143785,0.0,1.0,0.04,0.3,0.02,0.0,-3.13,1.06,2.25,0.01,0.06,-0.02,0.06,-0.19,0.06,11950.46,191.0,0.0,0.0,0.0,0.0
1775763225491693202,143885,0.0,0.9,0.028,0.1,-0.1,-0.14,-3.13,1.06,2.25,0.0,0.06,-0.02,-0.0,-0.0,-0.06,11951.83,191.0,0.0,0.0,0.0,0.0
1775763225600010262,143985,0.0,0.9,0.028,0.5,-0.08,0.04,-3.13,1.06,2.25,0.01,0.06,-0.02,-0.0,0.06,-0.12,11952.86,191.0,0.0,0.0,0.0,0.0
1775763225692266719,144086,0.0,1.1,0.02,0.2,-0.04,-0.12,-3.13,1.06,2.25,0.01,0.07,0.0,-0.0,0.06,-0.12,11953.21,203.0,0.0,0.0,0.0,0.0
1775763225800692755,144186,0.0,0.3,0.0,0.2,0.02,0.06,-3.13,1.06,2.25,0.01,0.06,-0.01,0.12,-0.06,-0.12,11952.01,203.0,0.0,0.0,0.0,0.0
1775763225892978840,144286,0.0,1.4,0.012,0.4,0.16,-0.08,-3.13,1.06,2.25,-0.01,0.06,0.0,0.06,-0.06,0.06,11955.09,199.0,0.0,0.0,0.0,0.0
1775763226001374841,144386,0.0,1.5,0.008,0.7,0.08,-0.08,-3.13,1.06,2.25,0.0,0.04,0.0,-0.0,-0.0,-0.12,11953.38,200.0,0.0,0.0,0.0,0.0
1775763226093766936,144486,0.0,1.3,0.0,1.1,-0.14,0.08,-3.13,1.06,2.25,0.0,0.07,-0.02,-0.06,-0.0,-0.06,11954.75,200.0,0.0,0.0,0.0,0.0
1775763226190160498,144586,0.0,0.9,0.056,0.2,0.02,-0.12,-3.13,1.06,2.25,0.0,0.06,-0.02,0.06,-0.0,0.06,11954.75,201.0,0.0,0.0,0.0,0.0
1775763226292440709,144686,0.0,0.8,0.056,0.1,0.04,-0.06,-3.13,1.06,2.25,0.03,0.06,-0.02,-0.0,-0.0,0.06,11956.29,201.0,0.0,0.0,0.0,0.0
1775763226390802209,144785,0.0,0.7,0.044,0.3,-0.1,-0.04,-3.13,1.06,2.25,0.02,0.05,-0.01,-0.06,0.06,-0.12,11954.58,211.0,0.0,0.0,0.0,0.0
1775763226490945879,144885,0.0,1.0,0.028,0.4,0.08,0.0,-3.13,1.06,2.25,0.0,0.08,-0.02,-0.12,0.19,0.0,11954.58,185.0,0.0,0.0,0.0,0.0
1775763226599310989,144985,0.0,1.1,0.02,0.2,-0.02,-0.08,-3.13,1.06,2.25,0.01,0.07,-0.02,-0.06,-0.0,0.06,11955.78,185.0,0.0,0.0,0.0,0.0
1775763226691629514,145085,0.0,0.9,0.02,0.3,-0.08,0.04,-3.13,1.06,2.25,0.01,0.06,-0.04,-0.0,0.12,0.0,11955.09,211.0,0.0,0.0,0.0,0.0
1775763226799970347,145185,0.0,0.6,0.02,0.3,0.08,-0.1,-3.13,1.06,2.25,0.0,0.07,-0.01,-0.0,0.12,0.0,11953.55,226.0,0.0,0.0,0.0,0.0
1775763226898324940,145285,0.0,1.0,0.016,0.4,0.0,-0.1,-3.13,1.06,2.25,0.01,0.07,-0.01,-0.06,-0.0,-0.06,11951.32,226.0,0.0,0.0,0.0,0.0
1775763227000728423,145385,0.0,1.2,0.008,0.6,-0.1,0.02,-3.13,1.06,2.25,0.03,0.07,0.0,0.06,-0.06,0.0,11950.12,240.0,0.0,0.0,0.0,0.0
1775763227098998851,145485,0.0,1.4,0.008,0.5,0.04,-0.21,-3.13,1.06,2.25,0.01,0.05,-0.03,0.12,0.06,0.0,11950.29,198.0,0.0,0.0,0.0,0.0
1775763227193457266,145585,0.0,1.3,0.052,0.3,-0.08,-0.16,-3.13,1.06,2.25,0.02,0.07,-0.02,0.12,0.06,0.06,11950.98,198.0,0.0,0.0,0.0,0.0
1775763227291744063,145685,0.0,1.3,0.052,0.2,0.0,0.0,-3.13,1.06,2.25,0.0,0.04,0.0,0.06,0.06,-0.12,11949.09,212.0,0.0,0.0,0.0,0.0
1775763227390044508,145785,0.0,1.5,0.044,0.0,0.02,-0.12,-3.13,1.06,2.25,0.03,0.08,-0.03,-0.12,-0.0,-0.12,11954.06,212.0,0.0,0.0,0.0,0.0
1775763227500393182,145885,0.0,0.4,0.0,1.0,0.06,0.0,-3.13,1.06,2.25,0.0,0.08,0.0,0.06,-0.0,-0.12,11954.75,205.0,0.0,0.0,0.0,0.0
1775763227592678206,145985,0.0,1.0,0.028,0.2,0.04,0.06,-3.13,1.06,2.25,0.01,0.04,-0.01,-0.06,-0.06,-0.12,11954.58,225.0,0.0,0.0,0.0,0.0
1775763227690956059,146085,0.0,1.0,0.024,1.4,0.04,-0.04,-3.13,1.06,2.25,0.0,0.07,-0.02,-0.06,0.12,-0.06,11955.78,225.0,0.0,0.0,0.0,0.0
1775763227799339869,146185,0.0,1.2,0.024,0.4,-0.02,-0.2,-3.13,1.06,2.25,0.01,0.07,-0.03,0.06,-0.06,0.12,11956.64,218.0,0.0,0.0,0.0,0.0
1775763227891694704,146285,0.0,1.2,0.012,0.5,-0.08,-0.16,-3.13,1.06,2.25,0.01,0.08,-0.02,-0.06,-0.0,0.06,11954.58,212.0,0.0,0.0,0.0,0.0
1775763228000023831,146385,0.0,1.3,0.008,0.3,-0.08,-0.1,-3.13,1.06,2.25,0.0,0.06,-0.03,0.06,-0.0,-0.06,11957.32,212.0,0.0,0.0,0.0,0.0
1775763228092371609,146485,0.0,1.4,0.012,0.6,0.14,-0.18,-3.13,1.06,2.25,0.02,0.06,-0.01,0.06,-0.0,0.06,11955.78,216.0,0.0,0.0,0.0,0.0
1775763228192906365,146585,0.0,1.4,0.056,0.3,-0.08,0.0,-3.13,1.06,2.25,0.01,0.08,0.02,0.12,-0.06,0.06,11954.24,222.0,0.0,0.0,0.0,0.0
1775763228291101441,146685,0.0,1.6,0.052,0.6,0.0,-0.2,-3.13,1.06,2.25,-0.01,0.06,-0.01,-0.06,-0.25,0.12,11955.44,222.0,0.0,0.0,0.0,0.0
1775763228395366028,146785,0.028,0.0,0.04,0.6,-0.06,-0.04,-3.13,1.06,2.25,0.0,0.08,-0.02,-0.0,0.06,0.0,11955.44,200.0,0.0,0.0,0.0,0.0
1775763228499760072,146885,0.0,0.7,0.036,0.2,0.08,-0.06,-3.13,1.06,2.25,0.02,0.05,0.0,0.06,0.12,0.0,11956.98,200.0,0.0,0.0,0.0,0.0
1775763228592023409,146985,0.0,1.1,0.024,0.5,-0.08,-0.1,-3.13,1.06,2.25,0.0,0.06,-0.02,-0.19,0.06,0.12,11956.12,201.0,0.0,0.0,0.0,0.0
1775763228700417641,147085,0.0,0.9,0.02,0.5,0.1,-0.12,-3.13,1.06,2.25,0.0,0.04,-0.01,-0.06,0.06,-0.06,11954.24,234.0,0.0,0.0,0.0,0.0
1775763228792802287,147185,0.0,0.9,0.02,0.4,-0.06,0.08,-3.13,1.06,2.25,0.0,0.06,-0.01,-0.06,-0.06,-0.06,11956.29,234.0,0.0,0.0,0.0,0.0
1775763228901110635,147286,0.0,1.0,0.02,0.4,0.02,-0.06,-3.13,1.06,2.25,0.0,0.06,-0.01,0.06,-0.06,0.0,11953.38,223.0,0.0,0.0,0.0,0.0
1775763228993393526,147386,0.0,0.1,0.0,0.2,-0.02,-0.06,-3.13,1.06,2.25,0.01,0.07,-0.02,-0.0,-0.0,0.0,11950.63,204.0,0.0,0.0,0.0,0.0
1775763229101854956,147486,0.0,0.5,0.02,0.5,-0.12,-0.12,-3.13,1.06,2.25,0.0,0.07,-0.01,-0.0,-0.06,0.0,11953.21,204.0,0.0,0.0,0.0,0.0
1775763229192175314,147586,0.0,1.0,0.048,1.2,-0.06,-0.1,-3.13,1.06,2.25,0.0,0.08,0.0,0.06,-0.06,0.0,11950.98,188.0,0.0,0.0,0.0,0.0
1775763229294573603,147686,0.0,1.6,0.044,0.5,-0.06,-0.06,-3.13,1.06,2.25,0.01,0.04,-0.01,0.19,0.25,-0.06,11951.15,191.0,0.0,0.0,0.0,0.0
1775763229392825804,147786,0.0,1.4,0.036,0.2,0.16,-0.1,-3.13,1.06,2.25,0.0,0.08,-0.02,-0.0,-0.0,0.0,11953.21,191.0,0.0,0.0,0.0,0.0
1775763229503121141,147887,0.0,0.9,0.04,0.6,0.12,-0.08,-3.13,1.06,2.25,0.01,0.04,-0.03,0.12,-0.0,-0.06,11950.98,199.0,0.0,0.0,0.0,0.0
1775763229595535376,147987,0.0,1.0,0.028,0.5,-0.04,-0.02,-3.13,1.06,2.25,0.01,0.08,-0.04,0.06,0.06,-0.06,11951.15,199.0,0.0,0.0,0.0,0.0
1775763229693751893,148087,0.0,0.9,0.024,0.3,0.08,-0.04,-3.13,1.06,2.25,0.0,0.06,0.0,-0.0,0.25,0.06,11953.55,183.0,0.0,0.0,0.0,0.0
1775763229796144386,148187,0.0,0.7,0.02,0.5,-0.1,0.0,-3.13,1.06,2.25,0.01,0.05,-0.01,-0.12,-0.0,-0.06,11954.06,199.0,0.0,0.0,0.0,0.0
1775763229894502470,148287,0.0,0.9,0.016,0.2,0.12,-0.14,-3.13,1.06,2.25,0.02,0.06,-0.02,-0.06,-0.12,-0.06,11953.55,199.0,0.0,0.0,0.0,0.0
1775763229996830189,148387,0.0,0.9,0.016,0.5,-0.04,-0.06,-3.13,1.06,2.25,0.0,0.05,0.0,-0.06,-0.06,0.0,11955.26,204.0,0.0,0.0,0.0,0.0
1775763230095118626,148487,0.0,1.0,0.008,0.4,0.06,-0.14,-3.13,1.06,2.25,0.0,0.08,-0.03,-0.06,-0.12,0.06,11954.24,201.0,0.0,0.0,0.0,0.0
1775763230195616211,148587,0.0,1.5,0.052,0.3,-0.08,-0.02,-3.13,1.06,2.25,0.0,0.04,-0.03,-0.12,-0.0,0.0,11953.04,201.0,0.0,0.0,0.0,0.0
1775763230293985496,148687,0.0,1.2,0.056,0.3,0.08,0.02,-3.13,1.06,2.25,0.01,0.08,-0.01,0.06,0.12,0.0,11952.35,211.0,0.0,0.0,0.0,0.0
1775763230402246432,148787,0.0,1.2,0.04,0.3,0.0,-0.1,-3.13,1.06,2.25,0.01,0.06,-0.01,0.06,0.12,-0.06,11953.04,217.0,0.0,0.0,0.0,0.0
1775763230496512257,148887,0.0,1.2,0.028,0.5,-0.04,-0.08,-3.13,1.06,2.25,0.01,0.08,-0.02,0.06,-0.0,0.06,11955.44,217.0,0.0,0.0,0.0,0.0
1775763230598881396,148987,0.0,1.4,0.028,0.2,-0.02,-0.08,-3.13,1.06,2.25,-0.01,0.06,-0.02,0.06,-0.25,-0.06,11953.21,171.0,0.0,0.0,0.0,0.0
1775763230703207326,149087,0.0,0.9,0.028,0.3,-0.18,-0.16,-3.13,1.06,2.25,0.01,0.07,-0.03,-0.0,-0.06,0.0,11952.01,171.0,0.0,0.0,0.0,0.0
1775763230805586595,149187,0.0,0.9,0.016,0.1,0.08,-0.12,-3.13,1.06,2.25,0.0,0.07,-0.02,0.06,0.12,-0.06,11953.21,213.0,0.0,0.0,0.0,0.0
1775763230897864334,149287,0.0,1.0,0.02,0.5,-0.12,-0.02,-3.13,1.06,2.25,0.01,0.07,-0.03,-0.0,0.06,0.0,11952.01,208.0,0.0,0.0,0.0,0.0
1775763230996239174,149387,0.0,1.0,0.008,0.6,0.0,0.04,-3.13,1.06,2.25,0.01,0.09,0.0,0.12,-0.0,0.06,11954.58,208.0,0.0,0.0,0.0,0.0
1775763231104558567,149487,0.0,0.8,0.016,0.1,-0.04,-0.04,-3.13,1.06,2.25,0.0,0.09,-0.01,-0.12,0.06,0.0,11954.75,227.0,0.0,0.0,0.0,0.0
1775763231194918863,149587,0.0,0.8,0.048,0.6,-0.14,-0.06,-3.13,1.06,2.25,0.0,0.07,-0.03,0.06,-0.12,-0.06,11954.41,194.0,0.0,0.0,0.0,0.0
1775763231297295647,149687,0.0,1.0,0.056,0.5,0.0,-0.02,-3.13,1.06,2.25,0.0,0.06,-0.03,-0.0,-0.06,-0.06,11955.78,194.0,0.0,0.0,0.0,0.0
1775763231403446724,149787,0.0,0.9,0.044,-0.1,-0.06,0.06,-3.13,1.06,2.25,0.03,0.07,0.0,0.06,-0.0,-0.12,11952.35,192.0,0.0,0.0,0.0,0.0
1775763231505931614,149888,0.0,0.9,0.024,0.1,-0.08,-0.08,-3.13,1.06,2.25,0.01,0.07,0.01,0.06,-0.19,0.0,11952.86,193.0,0.0,0.0,0.0,0.0
1775763231598317974,149988,0.0,0.7,0.028,0.3,-0.08,-0.1,-3.13,1.06,2.25,0.01,0.07,-0.05,-0.06,0.12,0.0,11951.49,193.0,0.0,0.0,0.0,0.0
1775763231706622628,150088,0.0,1.0,0.024,0.3,-0.04,0.02,-3.13,1.06,2.25,0.01,0.07,-0.05,-0.12,0.06,0.06,11951.83,194.0,0.0,0.0,0.0,0.0
1775763231798946954,150189,0.0,1.1,0.008,0.5,0.04,-0.08,-3.13,1.06,2.25,0.0,0.05,-0.03,-0.0,-0.0,0.06,11952.18,187.0,0.0,0.0,0.0,0.0
1775763231897310866,150288,0.0,0.8,0.02,0.5,-0.12,-0.12,-3.13,1.06,2.25,0.01,0.07,-0.02,0.12,-0.0,0.0,11953.38,187.0,0.0,0.0,0.0,0.0
1775763231999607303,150388,0.0,1.1,0.012,0.5,0.02,-0.06,-3.13,1.06,2.25,0.01,0.06,0.0,0.06,-0.12,0.0,11953.04,195.0,0.0,0.0,0.0,0.0
1775763232097984656,150488,0.0,1.1,0.0,0.4,-0.12,0.1,-3.13,1.06,2.25,0.0,0.07,-0.04,-0.0,-0.0,0.0,11952.35,195.0,0.0,0.0,0.0,0.0
1775763232198391222,150588,0.0,1.1,0.052,0.2,-0.02,-0.06,-3.13,1.06,2.25,0.0,0.06,-0.02,0.06,-0.0,0.0,11951.32,193.0,0.0,0.0,0.0,0.0
1775763232296715466,150688,0.0,1.1,0.06,0.3,-0.06,-0.14,-3.13,1.06,2.25,0.01,0.07,-0.03,0.12,-0.06,0.12,11951.32,193.0,0.0,0.0,0.0,0.0
1775763232400969080,150788,0.0,0.8,0.052,0.3,0.0,-0.1,-3.13,1.06,2.25,0.0,0.07,-0.02,-0.06,-0.12,0.0,11952.86,193.0,0.0,0.0,0.0,0.0
1775763232499266067,150887,0.0,1.0,0.04,0.1,-0.12,0.0,-3.13,1.06,2.25,0.0,0.06,-0.01,0.06,0.06,0.0,11954.24,195.0,0.0,0.0,0.0,0.0
1775763232597563775,150987,0.0,0.9,0.028,0.3,-0.08,-0.14,-3.13,1.06,2.25,0.01,0.06,-0.01,-0.06,-0.0,-0.06,11952.52,193.0,0.0,0.0,0.0,0.0
1775763232695943332,151087,0.0,0.9,0.028,0.1,-0.06,-0.04,-3.13,1.06,2.25,0.01,0.07,-0.02,0.12,-0.06,0.12,11951.83,193.0,0.0,0.0,0.0,0.0
1775763232804263630,151187,0.0,1.2,0.02,0.2,0.08,-0.02,-3.13,1.06,2.25,0.02,0.06,-0.01,0.06,-0.06,-0.06,11953.38,191.0,0.0,0.0,0.0,0.0
1775763232896629915,151287,0.0,1.1,0.012,0.6,0.02,-0.12,-3.13,1.06,2.25,0.0,0.06,-0.02,-0.06,0.06,-0.06,11953.89,191.0,0.0,0.0,0.0,0.0
1775763233004945750,151387,0.0,1.1,0.028,0.5,-0.08,-0.04,-3.13,1.06,2.25,0.03,0.06,-0.04,-0.06,-0.0,0.12,11953.72,197.0,0.0,0.0,0.0,0.0
1775763233097231184,151487,0.0,0.3,0.0,0.3,0.0,-0.02,-3.13,1.06,2.25,0.01,0.04,-0.04,-0.0,0.12,0.0,11950.81,202.0,0.0,0.0,0.0,0.0
1775763233197723669,151587,0.0,1.4,0.052,0.5,0.08,-0.04,-3.13,1.06,2.25,-0.01,0.05,-0.03,0.06,0.19,-0.06,11952.69,202.0,0.0,0.0,0.0,0.0
1775763233296067596,151688,0.0,1.4,0.048,0.3,-0.08,-0.04,-3.13,1.06,2.25,0.01,0.06,-0.04,0.06,-0.0,0.0,11952.35,199.0,0.0,0.0,0.0,0.0
1775763233404384132,151788,0.0,1.2,0.036,0.3,0.0,-0.14,-3.13,1.06,2.25,0.0,0.06,-0.02,0.06,0.12,-0.06,11950.98,195.0,0.0,0.0,0.0,0.0
1775763233498706501,151888,0.0,1.3,0.024,0.5,0.1,-0.04,-3.13,1.06,2.25,0.01,0.08,0.0,0.06,-0.12,0.06,11952.18,195.0,0.0,0.0,0.0,0.0
1775763233607007408,151988,0.0,1.4,0.024,0.4,0.14,0.02,-3.13,1.06,2.25,0.01,0.07,-0.03,0.06,-0.06,-0.06,11950.63,194.0,0.0,0.0,0.0,0.0
1775763233699319156,152088,0.0,1.1,0.016,0.3,-0.16,-0.02,-3.13,1.06,2.25,0.01,0.05,-0.03,-0.06,0.19,0.06,11949.61,201.0,0.0,0.0,0.0,0.0
1775763233797625214,152188,0.0,1.1,0.012,0.3,-0.12,0.08,-3.13,1.06,2.25,0.0,0.06,-0.02,0.12,0.06,0.0,11953.04,201.0,0.0,0.0,0.0,0.0
1775763233900002696,152288,0.0,1.4,0.0,1.2,-0.04,-0.18,-3.13,1.06,2.25,0.03,0.07,-0.02,0.12,-0.0,0.06,11951.66,204.0,0.0,0.0,0.0,0.0
1775763233998282941,152388,0.0,0.9,0.024,0.1,0.08,-0.06,-3.13,1.06,2.25,0.01,0.05,-0.03,0.06,-0.0,-0.06,11950.29,194.0,0.0,0.0,0.0,0.0
1775763234100770101,152488,0.0,0.9,0.016,0.2,0.18,-0.02,-3.13,1.06,2.25,0.03,0.07,-0.02,0.06,-0.0,-0.06,11950.81,194.0,0.0,0.0,0.0,0.0
1775763234197157734,152587,0.0,0.8,0.044,0.3,-0.02,-0.23,-3.13,1.06,2.25,0.01,0.07,-0.02,0.06,-0.12,0.0,11951.32,192.0,0.0,0.0,0.0,0.0
1775763234295308037,152687,0.0,0.8,0.052,0.2,0.04,-0.04,-3.13,1.06,2.25,0.0,0.08,0.0,-0.19,-0.19,0.0,11954.75,192.0,0.0,0.0,0.0,0.0
1775763234403720881,152787,0.0,1.0,0.04,0.2,-0.08,0.0,-3.13,1.06,2.25,0.01,0.08,-0.01,-0.19,0.06,0.12,11954.58,202.0,0.0,0.0,0.0,0.0
1775763234497920087,152887,0.0,0.3,0.02,0.3,0.06,-0.06,-3.13,1.06,2.25,0.0,0.07,0.0,0.06,-0.0,0.06,11955.44,193.0,0.0,0.0,0.0,0.0
1775763234606376261,152987,0.0,1.2,0.024,0.2,-0.1,-0.08,-3.13,1.06,2.25,0.01,0.09,-0.03,-0.0,-0.0,0.06,11954.41,193.0,0.0,0.0,0.0,0.0
1775763234698630676,153088,0.0,1.4,0.028,0.3,0.1,-0.08,-3.13,1.06,2.25,0.01,0.09,-0.02,-0.0,-0.12,0.0,11953.38,207.0,0.0,0.0,0.0,0.0
1775763234807005540,153188,0.0,1.5,0.016,0.4,0.0,-0.08,-3.13,1.06,2.25,0.02,0.07,-0.02,-0.0,-0.0,0.06,11956.64,192.0,0.0,0.0,0.0,0.0
1775763234899405522,153288,0.0,1.4,0.02,0.2,-0.1,-0.18,-3.13,1.06,2.25,0.01,0.07,-0.02,0.06,0.06,0.0,11954.92,192.0,0.0,0.0,0.0,0.0
1775763235007700926,153389,0.0,1.2,0.012,0.2,-0.14,-0.02,-3.13,1.06,2.25,0.27,0.67,-1.27,0.44,0.19,0.44,11956.81,193.0,0.0,0.0,0.0,0.0
1775763235100091517,153489,0.0,1.4,0.0,0.2,-0.02,0.0,-3.13,1.19,2.38,-0.6,0.17,0.24,1.88,-1.56,0.37,11956.98,193.0,0.0,0.0,0.0,0.0
1775763235200491465,153589,0.0,1.5,0.04,0.2,0.0,-0.08,-3.13,1.19,2.31,0.15,-0.03,0.07,0.63,0.37,0.25,11953.55,198.0,0.0,0.0,0.0,0.0
1775763235298759464,153689,0.0,1.4,0.028,0.2,0.0,0.06,-3.13,1.19,2.31,-0.02,0.1,-0.06,-0.31,0.19,-0.06,11952.69,191.0,0.0,0.0,0.0,0.0
1775763235401145700,153789,0.0,1.3,0.024,0.3,0.1,0.06,-3.13,1.19,2.31,0.02,0.13,-0.01,-0.31,0.19,-0.19,11954.58,191.0,0.0,0.0,0.0,0.0
1775763235507402593,153889,0.0,1.2,0.016,0.3,0.06,-0.02,-3.13,1.19,2.31,0.03,0.13,-0.01,-0.0,-0.0,-0.06,11955.26,193.0,0.0,0.0,0.0,0.0
1775763235599683005,153989,0.0,1.5,0.008,0.3,0.0,-0.1,-3.13,1.19,2.31,0.03,0.1,0.0,0.06,-0.0,0.19,11953.38,195.0,0.0,0.0,0.0,0.0
1775763235708046292,154089,0.0,0.0,0.0,0.9,0.02,-0.23,-3.13,1.19,2.31,0.0,0.1,-0.02,0.06,-0.06,0.06,11953.38,195.0,0.0,0.0,0.0,0.0
1775763235800361683,154189,0.0,1.1,0.0,0.6,0.04,-0.08,-3.13,1.19,2.31,0.03,0.08,-0.01,-0.0,-0.12,0.06,11951.66,196.0,0.0,0.0,0.0,0.0
1775763235908800726,154289,0.0,0.9,0.004,0.3,0.1,-0.16,-3.13,1.19,2.31,0.01,0.07,-0.01,-0.06,-0.0,0.0,11953.38,191.0,0.0,0.0,0.0,0.0
1775763236001143727,154389,0.0,1.1,0.0,0.6,0.06,-0.12,-3.13,1.19,2.31,0.0,0.06,0.0,0.06,-0.06,0.0,11954.06,191.0,0.0,0.0,0.0,0.0
1775763236099359245,154488,0.0,1.0,0.0,0.2,-0.06,-0.08,-3.13,1.19,2.31,0.0,0.06,-0.03,0.06,-0.06,0.06,11953.55,191.0,0.0,0.0,0.0,0.0
1775763236199843130,154588,0.0,0.8,0.0,1.4,0.06,0.02,-3.13,1.19,2.31,0.0,0.06,-0.01,-0.06,-0.0,-0.12,11952.69,191.0,0.0,0.0,0.0,0.0
1775763236298121792,154688,0.0,1.3,0.04,0.5,-0.04,-0.12,-3.13,1.19,2.31,0.0,0.07,0.0,-0.0,0.06,0.06,11953.55,191.0,0.0,0.0,0.0,0.0
1775763236406501298,154788,0.0,1.3,0.02,0.1,-0.02,-0.06,-3.13,1.19,2.31,0.0,0.06,-0.02,-0.0,-0.0,0.0,11951.15,195.0,0.0,0.0,0.0,0.0
1775763236500803013,154888,0.0,1.4,0.004,0.3,-0.04,0.06,-3.13,1.19,2.31,0.03,0.05,-0.02,-0.0,0.19,0.06,11954.24,195.0,0.0,0.0,0.0,0.0
1775763236599016698,154987,0.0,1.5,0.004,0.5,-0.02,0.0,-3.13,1.19,2.31,0.0,0.06,-0.01,-0.06,-0.12,0.06,11956.98,193.0,0.0,0.0,0.0,0.0
1775763236707402611,155087,0.0,1.4,0.008,0.5,-0.04,-0.16,-3.13,1.19,2.31,0.01,0.06,0.0,-0.06,-0.0,0.0,11955.09,196.0,0.0,0.0,0.0,0.0
1775763236805738382,155187,0.0,1.3,0.0,0.4,-0.14,0.04,-3.13,1.19,2.31,0.0,0.07,-0.01,-0.0,-0.0,0.0,11953.89,196.0,0.0,0.0,0.0,0.0
1775763236898004643,155286,0.0,1.5,0.0,0.3,0.0,-0.04,-3.13,1.19,2.31,0.02,0.04,-0.03,0.06,-0.12,0.0,11954.24,189.0,0.0,0.0,0.0,0.0
1775763237006410629,155386,0.0,1.5,0.0,0.3,-0.25,-0.04,-3.13,1.19,2.31,-0.01,0.07,0.0,0.12,-0.06,0.0,11954.24,190.0,0.0,0.0,0.0,0.0
1775763237098779772,155486,0.0,1.3,0.0,1.1,0.02,-0.16,-3.13,1.19,2.31,0.0,0.05,-0.03,-0.0,0.06,0.0,11954.92,190.0,0.0,0.0,0.0,0.0
1775763237199141309,155586,0.0,0.7,0.044,0.5,0.06,-0.08,-3.13,1.19,2.31,0.01,0.05,-0.01,0.06,0.12,0.06,11952.01,186.0,0.0,0.0,0.0,0.0
1775763237297455968,155686,0.0,0.7,0.0,1.3,0.0,0.0,-3.13,1.19,2.31,0.0,0.07,0.0,-0.0,-0.12,0.12,11953.04,186.0,0.0,0.0,0.0,0.0
1775763237397625607,155786,0.0,0.2,0.0,0.8,-0.1,-0.04,-3.13,1.19,2.31,0.0,0.08,-0.02,0.06,-0.12,0.0,11953.04,192.0,0.0,0.0,0.0,0.0
1775763237506074643,155886,0.0,1.0,0.028,0.5,0.06,-0.08,-3.13,1.19,2.31,0.0,0.07,-0.01,-0.06,0.12,0.06,11952.35,192.0,0.0,0.0,0.0,0.0
1775763237598509950,155986,0.0,0.8,0.004,0.3,-0.1,0.04,-3.13,1.19,2.31,0.0,0.08,-0.02,-0.5,-0.12,0.06,11955.78,192.0,0.0,0.0,0.0,0.0
1775763237706775033,156086,0.0,1.2,0.0,0.5,-0.02,-0.16,-3.13,1.19,2.31,-0.02,0.06,-0.01,-0.0,-0.19,0.0,11954.06,191.0,0.0,0.0,0.0,0.0
1775763237799044644,156186,0.0,0.1,0.0,0.8,-0.12,-0.18,-3.13,1.19,2.31,-0.05,0.19,0.03,-0.19,-0.31,0.25,11955.44,188.0,0.0,0.0,0.0,0.0
1775763237897408745,156286,0.0,1.3,0.0,0.1,0.02,-0.18,-3.13,1.19,2.38,-0.18,0.35,0.11,0.69,0.12,0.31,11953.38,188.0,0.0,0.0,0.0,0.0
1775763238005749991,156386,0.0,1.4,0.0,0.4,-0.02,-0.1,-3.13,1.19,2.31,-0.01,0.26,0.0,0.5,-0.56,0.12,11952.69,194.0,0.0,0.0,0.0,0.0
1775763238108159477,156486,0.0,1.4,0.0,0.3,0.0,-0.21,-3.13,1.25,2.31,0.02,0.12,-0.02,0.25,-0.31,-0.12,11953.55,195.0,0.0,0.0,0.0,0.0
1775763238198521090,156587,0.0,1.1,0.036,0.4,0.04,-0.04,-3.13,1.25,2.31,0.02,0.08,-0.01,0.12,-0.31,0.06,11956.12,195.0,0.0,0.0,0.0,0.0
1775763238296783563,156687,0.0,1.4,0.036,0.2,0.0,-0.06,-3.13,1.25,2.31,0.02,0.06,0.0,-0.06,-0.06,0.06,11952.69,194.0,0.0,0.0,0.0,0.0
1775763238401048901,156787,0.0,1.4,0.024,0.6,-0.02,-0.12,-3.13,1.25,2.31,0.0,0.09,-0.02,-0.0,-0.0,0.0,11954.58,194.0,0.0,0.0,0.0,0.0
1775763238499407480,156887,0.0,1.5,0.004,0.2,0.06,-0.08,-3.13,1.25,2.31,0.01,0.06,-0.01,-0.0,0.12,-0.06,11953.89,192.0,0.0,0.0,0.0,0.0
1775763238607808387,156987,0.0,1.4,0.012,0.3,0.16,-0.02,-3.13,1.25,2.31,0.01,0.05,-0.02,0.25,-0.12,-0.06,11952.35,196.0,0.0,0.0,0.0,0.0
1775763238700187269,157087,0.0,1.4,0.0,0.3,0.0,-0.08,-3.13,1.25,2.31,0.0,0.07,0.0,0.06,0.06,0.06,11953.72,196.0,0.0,0.0,0.0,0.0
1775763238808492847,157188,0.0,1.2,0.0,0.5,0.18,0.08,-3.13,1.31,2.31,-0.01,0.07,0.0,-0.0,-0.12,-0.06,11953.72,198.0,0.0,0.0,0.0,0.0
1775763238900795436,157288,0.0,1.2,0.0,0.2,-0.04,-0.08,-3.13,1.31,2.31,0.02,0.06,-0.03,-0.0,-0.0,0.0,11952.18,194.0,0.0,0.0,0.0,0.0
1775763239009251192,157388,0.0,1.2,0.0,0.3,-0.02,0.06,-3.13,1.31,2.31,0.0,0.06,0.0,-0.06,-0.0,0.0,11952.52,194.0,0.0,0.0,0.0,0.0
1775763239101483689,157488,0.0,1.5,0.0,0.5,0.0,-0.18,-3.13,1.31,2.31,0.01,0.07,-0.01,-0.06,-0.19,0.0,11952.18,199.0,0.0,0.0,0.0,0.0
1775763239201939716,157588,0.0,0.1,0.0,1.1,-0.1,-0.2,-3.13,1.31,2.31,0.02,0.04,-0.01,0.06,-0.19,-0.12,11951.83,198.0,0.0,0.0,0.0,0.0
1775763239300204020,157688,0.0,0.6,0.0,1.6,0.0,0.06,-3.13,1.31,2.31,0.0,0.06,-0.03,0.06,0.12,0.12,11952.35,198.0,0.0,0.0,0.0,0.0
1775763239410491330,157789,0.0,1.2,0.024,0.3,0.02,-0.04,-3.13,1.31,2.31,0.0,0.05,0.0,0.06,0.19,-0.06,11951.66,204.0,0.0,0.0,0.0,0.0
1775763239502937798,157889,0.0,1.3,0.008,0.5,-0.08,-0.16,-3.13,1.31,2.31,0.01,0.06,-0.01,-0.0,0.12,0.0,11952.52,204.0,0.0,0.0,0.0,0.0
1775763239601127476,157989,0.0,0.3,0.012,0.3,-0.06,-0.08,-3.13,1.31,2.31,0.01,0.04,-0.02,-0.0,-0.06,0.06,11952.52,200.0,0.0,0.0,0.0,0.0
1775763239703538571,158089,0.0,0.7,0.008,0.2,-0.04,0.04,-3.13,1.31,2.31,0.0,0.03,-0.01,-0.06,-0.06,-0.06,11956.12,200.0,0.0,0.0,0.0,0.0
1775763239801834318,158189,0.0,1.1,0.0,0.3,-0.08,-0.02,-3.13,1.31,2.31,0.0,0.06,-0.02,-0.06,-0.0,0.0,11955.95,200.0,0.0,0.0,0.0,0.0
1775763239904253728,158289,0.0,0.9,0.0,0.4,-0.04,-0.04,-3.13,1.31,2.31,0.0,0.03,0.0,0.06,0.12,0.06,11953.72,201.0,0.0,0.0,0.0,0.0
1775763240002509422,158389,0.0,0.7,0.0,0.3,-0.04,0.02,-3.13,1.31,2.31,0.01,0.06,-0.02,0.06,0.06,0.06,11952.86,183.0,0.0,0.0,0.0,0.0
1775763240104995067,158489,0.0,1.0,0.0,1.2,-0.02,-0.1,-3.13,1.31,2.31,0.01,0.04,-0.02,0.06,-0.0,0.0,11952.69,183.0,0.0,0.0,0.0,0.0
1775763240201393129,158589,0.0,1.1,0.04,0.4,0.0,0.02,-3.13,1.31,2.31,0.0,0.04,-0.02,0.06,0.06,0.0,11954.75,198.0,0.0,0.0,0.0,0.0
1775763240303685450,158689,0.0,1.6,0.04,0.3,-0.14,-0.14,-3.13,1.31,2.31,-0.01,0.04,-0.02,-0.12,-0.12,0.12,11954.75,197.0,0.0,0.0,0.0,0.0
1775763240407965153,158789,0.0,1.4,0.02,0.3,0.0,0.02,-3.13,1.31,2.31,0.0,0.06,-0.03,0.06,0.06,-0.06,11956.81,197.0,0.0,0.0,0.0,0.0
1775763240502175011,158888,0.0,1.3,0.012,0.6,0.21,-0.1,-3.13,1.31,2.31,0.01,0.05,0.0,0.06,-0.12,0.12,11956.64,198.0,0.0,0.0,0.0,0.0
1775763240610596245,158988,0.0,1.1,0.0,1.1,-0.1,-0.04,-3.13,1.31,2.31,0.0,0.05,-0.01,-0.0,-0.12,0.0,11953.55,200.0,0.0,0.0,0.0,0.0
1775763240708903008,159088,0.0,0.9,0.0,0.4,0.0,0.0,-3.13,1.31,2.31,0.0,0.04,-0.03,-0.12,0.12,0.0,11955.09,200.0,0.0,0.0,0.0,0.0
1775763240801166816,159188,0.0,0.7,0.0,0.5,-0.08,0.02,-3.13,1.31,2.31,0.0,0.06,-0.03,-0.06,0.12,0.06,11954.41,198.0,0.0,0.0,0.0,0.0
1775763240909580792,159288,0.0,1.0,0.004,0.3,-0.2,-0.12,-3.13,1.31,2.31,0.02,0.06,0.0,-0.0,-0.0,-0.06,11955.09,198.0,0.0,0.0,0.0,0.0
1775763241001843933,159388,0.0,0.9,0.0,0.3,0.02,0.04,-3.13,1.31,2.31,0.0,0.06,0.0,0.12,-0.06,0.0,11954.75,199.0,0.0,0.0,0.0,0.0
1775763241110245592,159489,0.0,1.0,0.0,1.5,-0.04,-0.02,-3.13,1.31,2.31,0.01,0.05,0.0,-0.12,-0.0,0.0,11953.55,190.0,0.0,0.0,0.0,0.0
1775763241204752711,159589,0.0,1.2,0.036,0.5,0.0,-0.04,-3.13,1.31,2.31,0.01,0.05,0.0,0.19,-0.06,-0.06,11953.89,190.0,0.0,0.0,0.0,0.0
1775763241302974272,159689,0.0,0.2,0.0,0.8,-0.1,0.1,-3.13,1.31,2.31,0.0,0.05,-0.02,0.06,-0.06,0.0,11952.86,194.0,0.0,0.0,0.0,0.0
1775763241403182752,159790,0.0,1.1,0.02,0.1,-0.08,-0.12,-3.13,1.31,2.31,0.02,0.05,0.0,0.12,-0.06,-0.12,11954.24,200.0,0.0,0.0,0.0,0.0
1775763241511584577,159890,0.0,1.0,0.016,0.3,0.06,-0.16,-3.13,1.31,2.31,0.0,0.02,-0.03,-0.0,0.06,0.06,11955.95,200.0,0.0,0.0,0.0,0.0
1775763241603908806,159989,0.0,1.2,0.0,0.3,-0.06,-0.1,-3.13,1.31,2.31,0.0,0.03,-0.01,0.19,-0.0,0.12,11954.92,197.0,0.0,0.0,0.0,0.0
1775763241712303779,160089,0.0,0.6,0.0,1.5,0.0,0.02,-3.13,1.31,2.31,0.0,0.05,-0.04,0.06,-0.06,0.0,11953.38,197.0,0.0,0.0,0.0,0.0
1775763241804593714,160189,0.0,1.4,0.0,1.2,-0.14,-0.12,-3.13,1.31,2.31,0.01,0.03,-0.02,-0.0,-0.06,0.06,11953.04,197.0,0.0,0.0,0.0,0.0
1775763241902955175,160289,0.0,0.7,0.0,0.3,0.02,-0.04,-3.13,1.31,2.31,0.0,0.04,-0.03,-0.06,0.06,0.19,11952.18,195.0,0.0,0.0,0.0,0.0
1775763242005370136,160389,0.0,0.9,0.004,0.6,0.12,-0.1,-3.13,1.31,2.31,0.02,0.04,-0.02,-0.06,0.06,-0.12,11954.24,195.0,0.0,0.0,0.0,0.0
1775763242103569474,160488,0.0,0.9,0.0,0.2,-0.06,0.04,-3.13,1.31,2.31,-0.01,0.04,-0.05,-0.0,-0.06,0.12,11954.24,201.0,0.0,0.0,0.0,0.0
1775763242204040289,160588,0.0,1.1,0.044,0.2,0.12,-0.06,-3.13,1.31,2.31,0.02,0.04,-0.05,-0.12,0.12,-0.06,11952.35,199.0,0.0,0.0,0.0,0.0
1775763242302312494,160688,0.0,1.1,0.032,0.2,0.02,-0.04,-3.13,1.31,2.31,0.0,0.06,-0.04,-0.06,-0.0,0.06,11953.55,199.0,0.0,0.0,0.0,0.0
1775763242406580229,160788,0.0,1.1,0.024,0.6,-0.1,-0.06,-3.13,1.31,2.31,0.02,0.04,0.0,-0.0,-0.0,-0.06,11953.04,198.0,0.0,0.0,0.0,0.0
1775763242504965298,160888,0.0,1.1,0.008,0.2,-0.04,-0.16,-3.13,1.31,2.31,0.0,0.05,-0.02,0.06,-0.19,0.0,11953.21,187.0,0.0,0.0,0.0,0.0
1775763242609199331,160988,0.0,0.8,0.008,0.4,0.08,0.0,-3.13,1.31,2.31,-0.02,-0.0,0.09,0.12,0.25,0.06,11956.64,187.0,0.0,0.0,0.0,0.0
1775763242711642121,161088,0.0,1.0,0.0,0.4,0.02,-0.02,-3.13,1.31,2.31,0.0,0.15,0.0,-0.75,-0.37,0.12,11951.49,196.0,0.0,0.0,0.0,0.0
1775763242809906215,161188,0.0,1.0,0.0,0.4,0.0,-0.12,-3.13,1.31,2.31,0.13,0.04,0.0,0.06,0.56,0.19,11953.72,187.0,0.0,0.0,0.0,0.0
1775763242912415928,161288,0.0,1.0,0.016,0.5,-0.02,0.02,-3.13,1.31,2.31,-0.06,0.25,0.0,-0.31,-0.0,-0.12,11955.61,187.0,0.0,0.0,0.0,0.0
1775763243010602433,161388,0.0,0.9,0.0,0.3,-0.06,0.1,-3.13,1.31,2.31,-0.01,0.12,-0.04,0.12,-0.12,0.0,11952.86,198.0,0.0,0.0,0.0,0.0
1775763243103033171,161487,0.0,0.9,0.0,0.2,-0.08,-0.18,-3.13,1.31,2.31,-0.01,0.09,-0.01,0.12,-0.25,0.0,11956.29,198.0,0.0,0.0,0.0,0.0
1775763243199413950,161586,0.0,1.0,0.04,0.3,0.0,-0.08,-3.13,1.31,2.31,0.02,0.06,-0.03,0.25,-0.31,0.0,11956.98,194.0,0.0,0.0,0.0,0.0
1775763243301653026,161686,0.0,0.9,0.0,1.5,0.02,0.0,-3.13,1.37,2.31,-0.02,0.06,-0.01,0.25,-0.19,0.06,11952.52,196.0,0.0,0.0,0.0,0.0
1775763243401889537,161786,0.0,1.5,0.04,0.3,-0.1,-0.06,-3.13,1.37,2.31,0.03,0.12,0.02,0.31,0.12,-0.06,11953.21,196.0,0.0,0.0,0.0,0.0
1775763243504292290,161886,0.0,1.3,0.008,0.3,0.02,-0.16,-3.13,1.37,2.31,0.07,0.11,0.02,-0.19,0.25,0.19,11952.86,194.0,0.0,0.0,0.0,0.0
1775763243602587065,161986,0.0,1.2,0.02,0.5,-0.04,-0.02,-3.13,1.37,2.38,-0.1,0.11,0.01,-0.0,0.12,0.19,11952.01,196.0,0.0,0.0,0.0,0.0
1775763243700870563,162086,0.0,1.5,0.016,0.7,0.0,0.04,-3.13,1.37,2.38,-0.06,0.12,-0.14,0.19,-0.19,0.0,11953.04,196.0,0.0,0.0,0.0,0.0
1775763243809304529,162186,0.0,1.3,0.004,0.3,0.0,-0.02,-3.13,1.37,2.38,-0.01,0.08,0.0,0.06,-0.06,-0.12,11954.75,195.0,0.0,0.0,0.0,0.0
1775763243901670215,162286,0.0,0.3,0.0,1.1,0.0,0.1,-3.13,1.37,2.38,0.01,0.03,-0.03,-0.06,0.06,0.0,11954.24,195.0,0.0,0.0,0.0,0.0
1775763244009971059,162386,0.0,0.9,0.0,0.2,-0.04,-0.06,-3.13,1.37,2.38,0.02,0.02,-0.02,-0.0,-0.19,0.0,11952.52,196.0,0.0,0.0,0.0,0.0
1775763244108262610,162486,0.0,1.5,0.008,0.3,-0.02,-0.06,-3.13,1.37,2.38,0.0,0.04,-0.02,0.06,0.06,0.0,11952.35,198.0,0.0,0.0,0.0,0.0
1775763244202757797,162586,0.0,1.4,0.064,0.5,0.0,-0.2,-3.13,1.37,2.38,0.0,0.01,0.01,-0.0,-0.0,0.0,11954.92,198.0,0.0,0.0,0.0,0.0
1775763244300981703,162686,0.0,1.3,0.048,0.4,-0.12,-0.02,-3.13,1.37,2.38,0.01,0.03,0.0,0.19,-0.19,-0.06,11953.38,193.0,0.0,0.0,0.0,0.0
1775763244405288024,162786,0.0,1.3,0.04,0.5,0.04,-0.06,-3.13,1.37,2.38,0.0,0.03,0.01,-0.0,0.06,-0.06,11953.21,199.0,0.0,0.0,0.0,0.0
1775763244509660101,162886,0.0,1.4,0.032,0.6,-0.02,-0.04,-3.13,1.37,2.38,0.01,0.03,0.0,0.06,-0.06,-0.06,11957.15,199.0,0.0,0.0,0.0,0.0
1775763244612024372,162987,0.0,1.5,0.024,0.5,0.14,-0.04,-3.13,1.37,2.38,0.0,0.03,0.01,-0.0,-0.25,0.06,11953.04,194.0,0.0,0.0,0.0,0.0
1775763244710283499,163087,0.0,1.3,0.02,0.5,0.14,0.0,-3.13,1.37,2.38,0.01,0.06,-0.01,0.06,-0.12,0.0,11951.49,198.0,0.0,0.0,0.0,0.0
1775763244804807444,163187,0.0,1.4,0.02,0.5,0.12,-0.02,-3.13,1.37,2.38,0.01,0.05,-0.01,-0.12,-0.12,0.0,11953.72,198.0,0.0,0.0,0.0,0.0
1775763244905004214,163288,0.0,1.0,0.016,0.3,0.08,0.04,-3.13,1.37,2.38,0.01,0.06,-0.01,0.12,-0.06,0.0,11951.83,202.0,0.0,0.0,0.0,0.0
1775763245013438807,163388,0.0,1.4,0.02,0.3,0.18,-0.1,-3.13,1.37,2.38,0.02,0.05,0.0,-0.0,-0.06,0.0,11952.01,191.0,0.0,0.0,0.0,0.0
1775763245105773898,163488,0.0,1.6,0.012,0.3,0.0,-0.2,-3.13,1.37,2.38,0.0,0.04,0.0,0.06,0.06,0.0,11952.35,191.0,0.0,0.0,0.0,0.0
1775763245202148173,163589,0.0,1.3,0.064,0.5,-0.04,-0.02,-3.13,1.37,2.38,0.01,0.04,0.0,0.12,-0.0,0.0,11953.89,192.0,0.0,0.0,0.0,0.0
1775763245304463000,163689,0.0,1.3,0.028,0.2,0.08,-0.06,-3.13,1.37,2.38,0.01,0.04,-0.02,-0.0,-0.06,0.0,11954.58,192.0,0.0,0.0,0.0,0.0
1775763245404672156,163789,0.0,1.4,0.048,0.3,0.0,-0.02,-3.13,1.37,2.38,0.02,0.04,0.0,-0.0,-0.0,0.0,11953.89,194.0,0.0,0.0,0.0,0.0
1775763245507061034,163889,0.0,1.2,0.036,0.3,0.1,0.1,-3.13,1.37,2.38,0.0,0.05,0.0,-0.12,0.06,0.0,11954.24,193.0,0.0,0.0,0.0,0.0
1775763245605446819,163989,0.0,1.2,0.016,0.5,0.04,-0.02,-3.13,1.37,2.38,0.02,0.05,0.0,-0.06,-0.0,0.06,11950.98,193.0,0.0,0.0,0.0,0.0
1775763245707749647,164089,0.0,1.4,0.016,0.1,-0.06,-0.23,-3.13,1.37,2.38,0.02,0.03,-0.01,0.06,-0.0,0.0,11951.32,196.0,0.0,0.0,0.0,0.0
1775763245806065583,164189,0.0,0.5,0.0,1.1,0.04,-0.27,-3.13,1.37,2.38,0.01,0.04,-0.01,-0.06,0.06,0.0,11951.32,199.0,0.0,0.0,0.0,0.0
1775763245908523680,164289,0.0,0.7,0.02,0.3,0.02,-0.08,-3.13,1.37,2.38,0.0,0.04,-0.03,0.06,-0.06,0.0,11951.49,199.0,0.0,0.0,0.0,0.0
1775763246006747936,164388,0.0,0.8,0.008,1.6,0.02,-0.08,-3.13,1.37,2.38,0.01,0.05,0.0,-0.12,-0.06,-0.06,11951.66,196.0,0.0,0.0,0.0,0.0
1775763246105104535,164488,0.0,1.4,0.008,0.3,0.08,-0.04,-3.13,1.37,2.38,0.0,0.03,0.0,-0.12,-0.0,0.06,11952.69,196.0,0.0,0.0,0.0,0.0
1775763246205487143,164588,0.0,1.1,0.0,1.6,-0.06,-0.08,-3.13,1.37,2.38,0.04,0.03,-0.02,0.06,-0.0,-0.12,11953.21,196.0,0.0,0.0,0.0,0.0
1775763246303773208,164688,0.0,1.6,0.056,0.5,0.0,-0.06,-3.13,1.37,2.38,0.01,0.04,0.0,-0.0,-0.0,0.06,11952.01,189.0,0.0,0.0,0.0,0.0
1775763246406187935,164788,0.0,1.4,0.0,1.2,-0.04,-0.06,-3.13,1.37,2.38,0.01,0.06,-0.02,-0.0,0.06,0.12,11953.38,189.0,0.0,0.0,0.0,0.0
1775763246512454523,164888,0.0,1.0,0.024,0.4,-0.14,-0.14,-3.13,1.37,2.38,0.0,0.05,-0.01,-0.0,0.06,0.0,11954.41,192.0,0.0,0.0,0.0,0.0
1775763246604693728,164988,0.0,0.7,0.032,0.6,0.02,-0.2,-3.13,1.37,2.38,0.03,0.06,-0.01,-0.0,-0.0,0.0,11954.58,192.0,0.0,0.0,0.0,0.0
1775763246713163000,165088,0.0,0.7,0.02,0.2,-0.06,0.1,-3.13,1.37,2.38,0.02,0.06,-0.01,0.12,-0.0,0.0,11957.32,192.0,0.0,0.0,0.0,0.0
1775763246805395187,165188,0.0,1.0,0.012,0.2,0.0,0.04,-3.13,1.37,2.38,0.02,0.04,0.0,0.12,-0.06,-0.12,11956.81,196.0,0.0,0.0,0.0,0.0
1775763246903683308,165288,0.0,1.0,0.032,0.2,0.1,-0.08,-3.13,1.37,2.38,0.0,0.05,-0.01,0.06,-0.06,-0.12,11954.58,197.0,0.0,0.0,0.0,0.0
1775763247006151958,165388,0.0,1.0,0.012,0.1,0.18,-0.04,-3.13,1.37,2.38,0.02,0.07,0.0,-0.06,0.06,0.06,11953.72,197.0,0.0,0.0,0.0,0.0
1775763247114505382,165488,0.0,0.9,0.012,0.2,0.04,0.02,-3.13,1.37,2.38,0.02,0.03,-0.02,-0.0,-0.06,0.0,11952.35,192.0,0.0,0.0,0.0,0.0
1775763247204874550,165588,0.0,0.7,0.06,0.2,0.1,-0.18,-3.13,1.37,2.38,0.03,0.05,-0.01,-0.0,0.06,0.0,11953.21,196.0,0.0,0.0,0.0,0.0
1775763247303146244,165688,0.0,0.8,0.06,0.0,-0.02,0.04,-3.13,1.37,2.38,0.02,0.04,-0.03,-0.0,0.12,-0.06,11953.72,196.0,0.0,0.0,0.0,0.0
1775763247413358555,165787,0.0,0.6,0.048,0.3,-0.14,-0.08,-3.13,1.37,2.38,0.02,0.05,0.0,-0.12,-0.06,0.0,11952.86,201.0,0.0,0.0,0.0,0.0
1775763247505825006,165888,0.0,0.9,0.032,0.3,-0.02,-0.08,-3.13,1.37,2.38,0.0,0.05,0.0,-0.12,0.06,0.06,11953.38,201.0,0.0,0.0,0.0,0.0
1775763247614133321,165988,0.0,1.2,0.032,0.0,0.0,-0.08,-3.13,1.37,2.38,0.01,0.04,0.0,0.12,-0.0,-0.06,11952.69,202.0,0.0,0.0,0.0,0.0
1775763247706458779,166088,0.0,0.7,0.016,0.3,0.04,0.08,-3.13,1.37,2.38,0.0,0.05,-0.01,-0.0,-0.0,0.06,11951.83,190.0,0.0,0.0,0.0,0.0
1775763247814843905,166189,0.0,1.1,0.02,0.2,-0.02,-0.06,-3.13,1.37,2.38,0.02,0.06,0.0,0.12,-0.0,-0.12,11953.89,190.0,0.0,0.0,0.0,0.0
1775763247907160030,166289,0.0,1.0,0.012,0.1,0.08,-0.08,-3.13,1.37,2.38,0.02,0.06,-0.03,-0.0,-0.06,0.06,11952.01,203.0,0.0,0.0,0.0,0.0
1775763248005392614,166389,0.0,1.2,0.02,0.6,-0.21,-0.14,-3.13,1.37,2.38,0.01,0.05,-0.02,-0.06,-0.0,0.0,11952.35,196.0,0.0,0.0,0.0,0.0
1775763248113843180,166489,0.0,0.9,0.02,0.2,0.12,0.08,-3.13,1.37,2.38,0.01,0.04,0.0,-0.0,-0.0,0.0,11954.92,196.0,0.0,0.0,0.0,0.0
1775763248208301713,166589,0.0,1.0,0.06,0.3,0.16,0.0,-3.13,1.37,2.38,0.0,0.03,-0.01,-0.06,-0.06,0.06,11952.01,199.0,0.0,0.0,0.0,0.0
1775763248306548720,166689,0.0,0.7,0.052,0.1,-0.08,0.04,-3.13,1.37,2.38,0.03,0.03,-0.01,-0.0,-0.12,0.0,11953.04,199.0,0.0,0.0,0.0,0.0
1775763248410829812,166790,0.0,0.9,0.044,0.1,-0.08,-0.04,-3.13,1.37,2.38,0.01,0.04,0.0,-0.12,0.12,0.12,11952.35,200.0,0.0,0.0,0.0,0.0
1775763248515221119,166890,0.0,1.2,0.04,0.2,-0.02,-0.08,-3.13,1.37,2.38,0.03,0.06,-0.01,0.06,0.06,0.06,11950.63,203.0,0.0,0.0,0.0,0.0
1775763248609628766,166990,0.0,1.0,0.028,0.1,-0.04,0.04,-3.13,1.37,2.38,0.01,0.04,-0.01,-0.12,-0.0,0.0,11952.86,203.0,0.0,0.0,0.0,0.0
1775763248715872721,167091,0.0,0.9,0.024,0.5,0.0,-0.08,-3.13,1.37,2.38,0.02,0.06,0.0,-0.06,-0.0,0.0,11952.52,196.0,0.0,0.0,0.0,0.0
1775763248808164919,167191,0.0,1.1,0.024,0.6,-0.06,-0.08,-3.13,1.37,2.38,0.02,0.04,-0.03,-0.06,0.25,0.0,11953.89,201.0,0.0,0.0,0.0,0.0
1775763248916570727,167291,0.0,0.9,0.024,0.2,0.02,-0.16,-3.13,1.37,2.38,0.0,0.06,-0.03,-0.0,-0.0,0.06,11956.29,201.0,0.0,0.0,0.0,0.0
1775763249018955525,167392,0.0,1.3,0.012,0.5,-0.12,-0.1,-3.13,1.37,2.38,0.02,0.05,-0.01,0.19,-0.0,0.06,11953.04,196.0,0.0,0.0,0.0,0.0
1775763249117235492,167492,0.0,1.5,0.008,0.5,-0.02,-0.02,-3.13,1.37,2.38,0.0,0.03,0.0,-0.06,-0.12,0.0,11951.32,205.0,0.0,0.0,0.0,0.0
1775763249207636562,167592,0.0,1.1,0.06,1.1,-0.02,-0.04,-3.13,1.37,2.38,0.02,0.04,-0.01,0.06,-0.06,0.06,11955.61,205.0,0.0,0.0,0.0,0.0
1775763249309975490,167691,0.0,0.9,0.06,0.2,-0.08,-0.08,-3.13,1.37,2.38,0.04,0.04,-0.03,-0.0,-0.06,-0.12,11953.38,191.0,0.0,0.0,0.0,0.0
1775763249410185470,167791,0.0,0.7,0.04,0.3,0.18,-0.14,-3.13,1.37,2.38,0.03,0.05,0.0,-0.06,-0.06,0.06,11951.32,197.0,0.0,0.0,0.0,0.0
1775763249508659668,167891,0.0,1.0,0.032,0.6,-0.04,-0.21,-3.13,1.37,2.38,0.0,0.04,0.0,-0.0,0.06,0.12,11952.35,197.0,0.0,0.0,0.0,0.0
1775763249610911138,167991,0.0,0.7,0.0,1.7,0.0,-0.08,-3.13,1.37,2.38,0.05,-0.02,0.05,0.12,0.12,0.0,11952.18,191.0,0.0,0.0,0.0,0.0
1775763249709285656,168091,0.0,1.3,0.028,0.3,0.12,-0.06,-3.13,1.37,2.38,0.05,0.03,0.0,-0.06,-0.25,-0.06,11953.38,191.0,0.0,0.0,0.0,0.0
1775763249811653304,168190,0.0,1.5,0.0,0.5,0.04,-0.06,-3.13,1.37,2.38,0.04,-0.09,-0.04,0.75,-0.0,0.12,11954.41,191.0,0.0,0.0,0.0,0.0
1775763249909917680,168290,0.0,1.5,0.0,0.6,-0.14,-0.18,-3.13,1.37,2.38,0.02,-0.0,-0.02,-0.06,-0.19,-0.12,11948.75,194.0,0.0,0.0,0.0,0.0
1775763250008142001,168390,0.0,1.4,0.012,0.2,-0.06,-0.1,-3.13,1.37,2.38,0.07,-0.0,-0.03,-0.0,-0.06,0.06,11951.15,194.0,0.0,0.0,0.0,0.0
1775763250110592348,168489,0.0,1.6,0.02,0.6,0.06,-0.06,-3.13,1.37,2.38,0.04,0.04,-0.03,-0.0,0.12,0.0,11951.32,192.0,0.0,0.0,0.0,0.0
1775763250207064534,168590,0.0,1.4,0.072,0.3,0.02,-0.14,-3.13,1.37,2.38,0.03,0.04,-0.01,0.12,-0.12,-0.06,11950.12,199.0,0.0,0.0,0.0,0.0
1775763250309317483,168690,0.0,1.3,0.048,0.2,-0.06,0.0,-3.13,1.37,2.38,0.01,0.04,0.0,-0.0,-0.12,0.06,11953.72,199.0,0.0,0.0,0.0,0.0
1775763250409500111,168791,0.0,1.2,0.028,0.0,0.04,0.06,-3.13,1.37,2.38,0.01,0.05,-0.02,-0.06,0.06,0.0,11953.55,196.0,0.0,0.0,0.0,0.0
1775763250517934284,168891,0.0,1.2,0.0,1.0,-0.04,-0.02,-3.13,1.37,2.38,0.0,0.07,0.0,0.06,-0.0,0.06,11954.24,196.0,0.0,0.0,0.0,0.0
1775763250610244236,168991,0.0,0.8,0.028,0.4,-0.06,-0.06,-3.13,1.37,2.38,-0.01,0.05,-0.03,-0.06,-0.0,0.0,11954.92,198.0,0.0,0.0,0.0,0.0
1775763250718589413,169091,0.0,1.0,0.016,0.3,0.02,0.02,-3.13,1.37,2.38,0.01,0.04,-0.01,0.19,-0.06,0.12,11955.61,192.0,0.0,0.0,0.0,0.0
1775763250811026101,169191,0.0,1.0,0.02,0.3,-0.04,-0.04,-3.13,1.37,2.38,0.0,0.04,0.0,-0.0,0.06,0.0,11956.12,192.0,0.0,0.0,0.0,0.0
1775763250909223792,169291,0.0,1.3,0.016,0.2,0.0,-0.18,-3.13,1.37,2.38,0.02,0.07,-0.02,-0.0,0.19,0.0,11957.32,194.0,0.0,0.0,0.0,0.0
1775763251017625411,169391,0.0,1.5,0.016,0.2,0.02,-0.08,-3.13,1.37,2.38,0.04,0.04,-0.01,-0.06,-0.25,-0.06,11953.89,188.0,0.0,0.0,0.0,0.0
1775763251109997210,169491,0.0,1.3,0.008,0.4,-0.04,-0.16,-3.13,1.37,2.38,0.02,0.04,-0.02,0.12,-0.19,0.0,11956.12,188.0,0.0,0.0,0.0,0.0
1775763251210412639,169591,0.0,1.4,0.068,0.3,0.02,-0.02,-3.13,1.37,2.38,0.03,0.05,-0.01,0.12,0.12,0.06,11952.35,191.0,0.0,0.0,0.0,0.0
1775763251308661863,169691,0.0,1.1,0.0,1.5,0.02,-0.12,-3.13,1.37,2.38,0.02,0.04,-0.01,0.06,-0.0,0.06,11951.49,195.0,0.0,0.0,0.0,0.0
1775763251418976920,169791,0.0,1.5,0.04,0.3,-0.2,-0.16,-3.13,1.37,2.38,0.03,0.04,-0.01,-0.06,0.12,0.0,11953.38,195.0,0.0,0.0,0.0,0.0
1775763251511275945,169891,0.0,1.4,0.028,0.3,-0.02,-0.21,-3.13,1.37,2.38,0.02,0.05,-0.02,-0.0,0.06,-0.06,11954.75,190.0,0.0,0.0,0.0,0.0
1775763251619683950,169991,0.0,1.4,0.0,0.7,0.0,-0.08,-3.13,1.37,2.38,0.0,0.03,0.0,-0.0,-0.0,0.0,11956.64,217.0,0.0,0.0,0.0,0.0
1775763251712069397,170091,0.0,0.3,0.008,0.4,-0.02,-0.06,-3.13,1.37,2.38,0.01,0.05,-0.03,-0.0,0.06,0.06,11956.81,217.0,0.0,0.0,0.0,0.0
1775763251810269679,170191,0.0,1.2,0.012,0.5,-0.02,0.06,-3.13,1.37,2.38,0.0,0.05,0.0,-0.0,-0.19,0.0,11953.89,197.0,0.0,0.0,0.0,0.0
1775763251912767725,170291,0.0,1.3,0.028,0.3,-0.06,0.0,-3.13,1.37,2.38,0.02,0.04,-0.03,-0.06,-0.0,0.0,11955.61,197.0,0.0,0.0,0.0,0.0
1775763252010952785,170391,0.0,1.3,0.016,0.1,-0.16,-0.21,-3.13,1.37,2.38,0.02,0.04,-0.02,-0.06,-0.0,-0.06,11953.21,206.0,0.0,0.0,0.0,0.0
1775763252113344038,170491,0.0,1.1,0.012,0.5,-0.06,0.1,-3.13,1.37,2.38,0.01,0.04,-0.02,-0.06,0.12,0.0,11952.69,197.0,0.0,0.0,0.0,0.0
1775763252209788074,170591,0.0,1.3,0.056,0.3,-0.02,-0.2,-3.13,1.37,2.38,0.01,0.03,-0.05,-0.12,-0.0,0.0,11954.06,197.0,0.0,0.0,0.0,0.0
1775763252312075647,170691,0.0,1.0,0.044,0.6,-0.1,-0.14,-3.06,1.37,2.44,0.03,0.09,0.17,-0.19,0.88,0.25,11953.89,194.0,0.0,0.0,0.0,0.0
1775763252412279788,170791,0.0,0.7,0.016,0.4,0.06,-0.12,-3.06,1.37,2.44,0.21,0.26,-0.05,-0.69,-0.88,-0.25,11953.89,195.0,0.0,0.0,0.0,0.0
1775763252510717889,170891,0.0,1.0,0.012,0.3,-0.1,0.02,-3.06,1.37,2.44,-0.02,0.04,-0.07,0.25,0.25,0.12,11954.75,195.0,0.0,0.0,0.0,0.0
1775763252619024583,170991,0.0,0.9,0.016,0.2,0.1,0.02,-3.06,1.44,2.44,0.03,0.06,-0.19,-0.19,0.25,-0.12,11956.29,203.0,0.0,0.0,0.0,0.0
1775763252711398177,171091,0.0,1.0,0.036,0.6,-0.06,-0.06,-3.06,1.37,2.5,-0.7,-0.7,-0.25,5.88,2.25,1.81,11956.64,203.0,0.0,0.0,0.0,0.0
1775763252819717036,171191,0.0,1.0,0.028,0.2,-0.06,-0.14,-3.06,1.37,2.5,0.26,0.14,0.05,-1.25,-0.5,0.0,11956.46,195.0,0.0,0.0,0.0,0.0
1775763252918052957,171291,0.0,0.8,0.016,0.6,-0.06,-0.08,-3.06,1.44,2.5,-0.03,0.04,-0.13,-0.5,-0.19,0.06,11954.92,197.0,0.0,0.0,0.0,0.0
1775763253012487799,171392,0.0,1.0,0.016,0.4,-0.16,-0.1,-3.06,1.44,2.5,0.0,0.09,-0.06,-0.37,-0.0,0.0,11955.61,197.0,0.0,0.0,0.0,0.0
1775763253118633303,171492,0.0,0.8,0.016,0.2,0.08,-0.04,-3.06,1.44,2.5,0.03,0.06,-0.03,-0.19,0.12,0.0,11954.58,197.0,0.0,0.0,0.0,0.0
1775763253213141695,171592,0.032,0.3,0.0,1.4,0.02,-0.18,-3.06,1.44,2.5,0.0,0.01,-0.04,-0.12,-0.0,0.0,11953.04,184.0,0.0,0.0,0.0,0.0
1775763253311429339,171693,0.0,1.2,0.056,0.5,-0.02,0.0,-3.06,1.44,2.5,0.0,0.05,-0.03,-0.19,0.06,0.0,11954.41,184.0,0.0,0.0,0.0,0.0
1775763253421738873,171793,0.0,1.1,0.04,0.3,-0.08,-0.18,-3.06,1.44,2.5,0.0,0.04,-0.03,0.06,-0.06,0.0,11956.64,195.0,0.0,0.0,0.0,0.0
1775763253514066893,171893,0.0,1.6,0.032,0.2,-0.16,0.0,-3.06,1.44,2.5,0.0,0.02,-0.04,0.12,-0.0,0.12,11956.12,203.0,0.0,0.0,0.0,0.0
1775763253612467976,171993,0.0,1.2,0.02,0.4,-0.04,-0.08,-3.06,1.44,2.5,0.01,0.04,0.0,-0.0,0.12,-0.06,11956.46,203.0,0.0,0.0,0.0,0.0
1775763253714756121,172093,0.0,1.1,0.02,0.5,0.12,-0.1,-3.06,1.44,2.5,0.0,0.02,-0.02,0.12,-0.0,-0.12,11954.75,195.0,0.0,0.0,0.0,0.0
1775763253813097707,172193,0.0,1.2,0.02,0.1,-0.08,-0.12,-3.06,1.44,2.5,-0.01,0.04,-0.02,-0.0,0.12,0.0,11955.26,191.0,0.0,0.0,0.0,0.0
1775763253915567916,172293,0.0,1.5,0.028,0.2,0.18,-0.08,-3.06,1.44,2.5,0.01,0.02,-0.02,-0.0,0.19,0.0,11955.78,191.0,0.0,0.0,0.0,0.0
1775763254013754862,172392,0.0,1.2,0.016,0.4,-0.1,-0.21,-3.06,1.44,2.5,0.01,0.03,-0.01,-0.06,-0.06,0.06,11954.75,195.0,0.0,0.0,0.0,0.0
1775763254116199904,172492,0.0,1.4,0.016,0.1,0.06,-0.04,-3.06,1.44,2.5,0.03,0.04,0.0,0.06,-0.0,-0.06,11956.46,195.0,0.0,0.0,0.0,0.0
1775763254212620752,172593,0.0,1.4,0.06,0.4,-0.06,-0.14,-3.06,1.44,2.5,0.01,0.03,0.0,-0.0,-0.0,-0.06,11953.38,191.0,0.0,0.0,0.0,0.0
1775763254314921135,172693,0.0,1.4,0.056,0.3,-0.14,-0.08,-3.06,1.44,2.5,0.01,0.02,-0.01,0.19,-0.06,-0.06,11951.66,192.0,0.0,0.0,0.0,0.0
1775763254415186658,172793,0.0,1.4,0.048,0.3,0.0,-0.16,-3.06,1.44,2.5,0.01,0.04,0.0,-0.0,-0.06,0.19,11954.06,192.0,0.0,0.0,0.0,0.0
1775763254513368880,172893,0.0,1.3,0.024,0.3,-0.06,0.0,-3.06,1.44,2.5,0.01,0.02,0.0,-0.0,-0.06,0.0,11952.69,197.0,0.0,0.0,0.0,0.0
1775763254615803941,172993,0.0,1.3,0.032,0.6,0.12,-0.04,-3.06,1.44,2.5,0.0,0.03,0.0,0.06,-0.19,0.06,11951.83,197.0,0.0,0.0,0.0,0.0
1775763254714171116,173093,0.0,1.2,0.016,0.2,-0.14,0.0,-3.06,1.44,2.5,0.01,0.06,-0.03,-0.06,-0.12,-0.06,11953.72,197.0,0.0,0.0,0.0,0.0
1775763254822510952,173193,0.0,1.4,0.024,0.0,-0.1,-0.02,-3.06,1.44,2.5,0.01,0.04,-0.02,0.06,-0.19,-0.06,11951.32,191.0,0.0,0.0,0.0,0.0
1775763254914780270,173293,0.0,1.1,0.032,0.4,-0.1,0.02,-3.06,1.44,2.5,0.01,0.03,0.0,0.06,-0.06,0.06,11953.55,196.0,0.0,0.0,0.0,0.0
1775763255013133372,173393,0.0,1.2,0.016,0.4,0.08,-0.12,-3.06,1.44,2.5,0.0,0.02,0.0,-0.06,-0.06,0.0,11952.69,196.0,0.0,0.0,0.0,0.0
1775763255121464391,173493,0.0,0.9,0.0,1.6,-0.02,-0.04,-3.06,1.44,2.5,0.01,0.03,-0.01,-0.12,-0.06,0.0,11952.69,186.0,0.0,0.0,0.0,0.0
1775763255215966576,173593,0.036,0.4,0.0,1.5,-0.02,-0.14,-3.06,1.44,2.5,0.03,0.05,-0.01,-0.12,0.12,0.0,11953.55,186.0,0.0,0.0,0.0,0.0
1775763255314204552,173693,0.0,0.1,0.0,1.2,0.04,-0.12,-3.06,1.44,2.5,0.02,0.03,-0.01,-0.06,0.12,0.0,11954.41,197.0,0.0,0.0,0.0,0.0
1775763255414390781,173793,0.0,0.8,0.04,0.4,0.02,-0.08,-3.06,1.44,2.5,0.01,0.05,-0.02,-0.06,-0.0,0.06,11952.69,191.0,0.0,0.0,0.0,0.0
1775763255522845257,173893,0.0,0.9,0.036,0.5,0.04,-0.18,-3.06,1.44,2.5,0.0,0.04,-0.04,0.12,0.12,-0.06,11953.55,191.0,0.0,0.0,0.0,0.0
1775763255615113295,173993,0.0,1.1,0.032,0.3,-0.06,0.12,-3.06,1.44,2.5,0.0,0.01,0.0,-0.0,0.12,0.0,11953.72,196.0,0.0,0.0,0.0,0.0
1775763255723533014,174093,0.0,1.0,0.024,0.2,-0.04,-0.04,-3.06,1.44,2.5,0.0,0.02,-0.01,-0.06,-0.19,-0.12,11953.04,198.0,0.0,0.0,0.0,0.0
1775763255815900714,174193,0.0,1.1,0.02,0.3,0.02,-0.14,-3.06,1.44,2.5,0.0,0.06,-0.01,-0.0,-0.0,0.0,11955.44,198.0,0.0,0.0,0.0,0.0
1775763255914131043,174292,0.0,1.4,0.012,0.2,0.0,-0.02,-3.06,1.44,2.5,0.02,0.04,-0.01,0.06,-0.06,-0.06,11954.24,189.0,0.0,0.0,0.0,0.0
1775763256016508345,174392,0.0,1.4,0.016,0.2,-0.14,0.0,-3.06,1.44,2.5,0.01,0.03,-0.02,-0.06,-0.19,-0.12,11953.04,185.0,0.0,0.0,0.0,0.0
1775763256114887609,174492,0.0,1.4,0.016,1.1,0.02,-0.02,-3.06,1.44,2.5,0.01,0.03,-0.02,0.06,0.12,0.06,11954.41,185.0,0.0,0.0,0.0,0.0
1775763256215293992,174593,0.0,1.0,0.064,0.4,-0.04,-0.12,-3.06,1.44,2.5,0.01,0.03,0.0,-0.0,0.12,0.0,11954.06,197.0,0.0,0.0,0.0,0.0
1775763256313540743,174693,0.0,1.0,0.06,0.1,-0.06,-0.04,-3.06,1.44,2.5,0.0,0.04,-0.01,-0.06,-0.06,-0.06,11955.26,197.0,0.0,0.0,0.0,0.0
1775763256417851761,174793,0.0,1.1,0.052,0.2,0.0,-0.08,-3.06,1.44,2.5,0.0,0.04,0.0,0.06,-0.06,0.0,11956.64,189.0,0.0,0.0,0.0,0.0
1775763256522144354,174893,0.0,1.2,0.032,0.1,-0.1,-0.14,-3.06,1.44,2.5,0.0,0.02,-0.02,-0.06,-0.12,-0.06,11955.61,190.0,0.0,0.0,0.0,0.0
1775763256614563883,174993,0.0,1.0,0.036,-0.1,0.0,-0.12,-3.06,1.44,2.5,0.0,0.03,0.0,0.12,-0.0,0.12,11956.29,190.0,0.0,0.0,0.0,0.0
1775763256712782062,175092,0.0,1.1,0.02,0.3,-0.08,-0.08,-3.06,1.44,2.5,0.0,0.05,-0.01,-0.06,0.12,-0.06,11956.98,197.0,0.0,0.0,0.0,0.0
1775763256821173984,175192,0.0,1.0,0.024,0.3,-0.02,-0.1,-3.06,1.44,2.5,0.01,0.04,0.0,0.06,-0.06,0.0,11955.44,197.0,0.0,0.0,0.0,0.0
1775763256913533738,175292,0.0,1.0,0.012,0.2,0.02,-0.12,-3.06,1.44,2.5,-0.01,0.05,-0.02,-0.12,-0.0,0.0,11957.32,197.0,0.0,0.0,0.0,0.0
1775763257021873700,175392,0.0,1.2,0.028,0.3,-0.04,0.0,-3.06,1.44,2.5,0.0,0.04,-0.02,-0.12,-0.0,0.06,11956.29,189.0,0.0,0.0,0.0,0.0
1775763257114233341,175492,0.0,1.0,0.012,0.4,0.04,0.02,-3.06,1.44,2.5,0.01,0.02,0.0,-0.0,-0.0,0.0,11958.01,189.0,0.0,0.0,0.0,0.0
1775763257214614501,175591,0.0,1.3,0.06,0.3,0.08,-0.02,-3.06,1.44,2.5,0.02,0.04,0.0,-0.0,-0.0,0.0,11958.69,190.0,0.0,0.0,0.0,0.0
1775763257318875742,175691,0.0,1.5,0.04,0.1,0.0,-0.14,-3.06,1.44,2.5,0.01,0.01,0.01,-0.06,-0.06,-0.12,11955.09,194.0,0.0,0.0,0.0,0.0
1775763257413211653,175791,0.0,0.0,0.0,1.2,0.04,-0.08,-3.06,1.44,2.5,0.0,0.04,0.0,0.06,0.12,0.06,11954.92,194.0,0.0,0.0,0.0,0.0
1775763257521515541,175890,0.0,0.9,0.0,1.5,-0.04,-0.04,-3.06,1.44,2.5,0.01,0.04,-0.02,0.06,-0.06,0.06,11955.95,191.0,0.0,0.0,0.0,0.0
1775763257619821047,175990,0.0,1.2,0.02,0.2,0.02,-0.2,-3.06,1.44,2.5,0.0,0.03,-0.01,-0.06,-0.0,0.06,11956.29,198.0,0.0,0.0,0.0,0.0
1775763257712185410,176090,0.0,0.1,0.0,1.0,0.06,-0.08,-3.06,1.44,2.5,0.01,0.04,0.0,0.12,0.06,0.0,11955.95,198.0,0.0,0.0,0.0,0.0
1775763257820477557,176189,0.0,0.3,0.02,0.5,0.04,-0.08,-3.06,1.44,2.5,0.0,0.04,0.0,0.12,-0.12,0.0,11955.09,191.0,0.0,0.0,0.0,0.0
1775763257918759472,176289,0.0,1.4,0.008,0.2,-0.02,-0.12,-3.06,1.44,2.5,0.04,0.02,-0.01,0.06,-0.12,-0.06,11955.26,192.0,0.0,0.0,0.0,0.0
1775763258011200443,176389,0.0,1.2,0.016,0.4,0.0,-0.1,-3.06,1.44,2.5,-0.02,0.04,0.0,0.06,0.19,0.0,11956.64,192.0,0.0,0.0,0.0,0.0
1775763258119548548,176489,0.0,1.3,0.008,0.3,0.14,-0.08,-3.06,1.44,2.5,0.0,0.04,-0.01,-0.0,0.06,-0.06,11957.49,198.0,0.0,0.0,0.0,0.0
1775763258209952121,176589,0.0,1.3,0.06,0.1,-0.16,-0.04,-3.06,1.44,2.5,0.01,0.04,-0.01,-0.06,-0.0,0.0,11954.24,190.0,0.0,0.0,0.0,0.0
1775763258312217109,176689,0.0,1.2,0.056,0.2,0.14,-0.1,-3.06,1.44,2.5,0.0,0.03,0.0,0.06,-0.0,0.06,11953.89,190.0,0.0,0.0,0.0,0.0
1775763258412414388,176788,0.0,1.5,0.032,0.3,0.0,-0.08,-3.06,1.44,2.5,0.02,0.04,0.0,0.06,0.12,-0.12,11954.58,189.0,0.0,0.0,0.0,0.0
1775763258520942651,176888,0.0,1.1,0.032,0.2,0.04,-0.02,-3.06,1.44,2.5,0.02,0.04,-0.02,0.06,-0.0,-0.06,11954.75,189.0,0.0,0.0,0.0,0.0
1775763258613147669,176989,0.0,1.1,0.016,0.5,-0.04,0.02,-3.06,1.44,2.5,0.0,0.04,0.0,-0.0,0.06,-0.06,11955.26,201.0,0.0,0.0,0.0,0.0
1775763258721600343,177089,0.0,1.5,0.012,0.5,-0.02,-0.04,-3.06,1.44,2.5,0.0,0.04,-0.02,-0.0,-0.19,0.12,11953.38,189.0,0.0,0.0,0.0,0.0
1775763258813924744,177189,0.0,1.4,0.012,0.0,-0.08,0.06,-3.06,1.44,2.5,0.02,0.01,-0.04,0.06,-0.19,0.06,11954.92,189.0,0.0,0.0,0.0,0.0
1775763258912127420,177289,0.0,1.5,0.016,0.2,-0.1,-0.08,-3.06,1.44,2.5,0.01,0.03,-0.01,0.12,-0.0,0.06,11956.12,190.0,0.0,0.0,0.0,0.0
1775763259014527735,177389,0.0,1.5,0.0,1.0,0.0,0.0,-3.06,1.44,2.5,0.01,0.06,-0.03,-0.0,-0.0,0.0,11955.95,194.0,0.0,0.0,0.0,0.0
1775763259112858403,177489,0.0,0.9,0.008,0.1,0.08,-0.14,-3.06,1.44,2.5,0.01,0.05,-0.01,-0.06,0.06,0.0,11956.98,194.0,0.0,0.0,0.0,0.0
1775763259213335258,177589,0.0,0.9,0.068,0.5,0.0,-0.08,-3.06,1.44,2.5,0.01,0.04,-0.02,-0.06,-0.0,0.0,11955.78,194.0,0.0,0.0,0.0,0.0
1775763259311555395,177689,0.0,1.0,0.052,0.3,-0.04,-0.1,-3.06,1.44,2.5,-0.01,0.04,-0.03,0.06,-0.12,0.0,11956.98,194.0,0.0,0.0,0.0,0.0
1775763259415830983,177789,0.0,1.0,0.044,0.1,-0.06,-0.08,-3.06,1.44,2.5,0.08,0.24,-0.22,0.37,-0.31,0.12,11956.46,198.0,0.0,0.0,0.0,0.0
1775763259514185335,177889,0.0,0.9,0.036,0.5,-0.04,-0.16,-3.06,1.44,2.5,-0.45,0.32,0.1,0.44,-0.19,0.12,11950.63,189.0,0.0,0.0,0.0,0.0
1775763259612481394,177989,0.0,1.0,0.028,0.6,0.08,-0.12,-3.06,1.44,2.5,-0.19,0.42,0.0,0.37,-0.75,-0.37,11957.84,189.0,0.0,0.0,0.0,0.0
1775763259714875189,178089,0.0,0.9,0.0,0.5,0.02,-0.14,-3.06,1.44,2.5,-0.21,-0.31,-0.2,-0.0,0.25,0.44,11956.98,190.0,0.0,0.0,0.0,0.0
1775763259813181803,178189,0.0,1.1,0.0,0.3,0.27,0.04,-3.06,1.44,2.5,0.01,0.32,0.0,-0.31,-0.19,0.19,11957.15,197.0,0.0,0.0,0.0,0.0
1775763259913657436,178289,0.0,1.0,0.0,0.1,-0.12,0.12,-3.06,1.44,2.5,-0.1,0.05,0.0,0.56,-0.31,0.06,11958.01,197.0,0.0,0.0,0.0,0.0
1775763260019824224,178390,0.0,1.0,0.0,0.2,-0.04,-0.21,-3.06,1.44,2.5,0.05,-0.04,-0.01,0.25,-0.06,-0.12,11954.92,192.0,0.0,0.0,0.0,0.0
1775763260122257719,178490,0.0,0.6,0.0,0.1,-0.06,-0.08,-3.06,1.5,2.5,-0.07,0.07,0.08,-0.0,0.19,0.0,11952.35,193.0,0.0,0.0,0.0,0.0
1775763260212636067,178589,0.0,0.8,0.036,0.6,0.0,0.04,-3.06,1.5,2.5,0.08,0.03,-0.06,-0.31,0.06,0.0,11955.44,193.0,0.0,0.0,0.0,0.0
1775763260314987270,178690,0.0,0.9,0.032,0.2,0.08,0.0,-3.06,1.5,2.5,0.04,0.02,-0.01,-0.19,-0.0,0.0,11953.55,200.0,0.0,0.0,0.0,0.0
1775763260421156149,178790,0.0,0.9,0.024,0.2,0.0,-0.1,-3.06,1.5,2.5,0.01,0.06,-0.04,-0.06,-0.06,0.12,11954.06,194.0,0.0,0.0,0.0,0.0
1775763260513680425,178890,0.0,0.9,0.012,0.7,-0.02,-0.18,-3.06,1.5,2.5,-0.01,0.04,0.0,-0.0,-0.0,0.12,11954.06,194.0,0.0,0.0,0.0,0.0
1775763260621908144,178990,0.0,1.0,0.0,0.3,0.0,-0.06,-3.06,1.5,2.5,0.0,0.05,-0.02,-0.0,-0.06,0.0,11952.86,194.0,0.0,0.0,0.0,0.0
1775763260714309186,179090,0.0,0.9,0.004,0.3,-0.06,0.1,-3.06,1.5,2.5,0.02,0.02,-0.01,-0.06,-0.06,0.0,11955.44,194.0,0.0,0.0,0.0,0.0
1775763260822563218,179190,0.0,1.1,0.0,0.5,0.08,-0.06,-3.06,1.5,2.5,0.0,0.04,-0.03,-0.19,0.12,0.0,11958.52,187.0,0.0,0.0,0.0,0.0
1775763260914894245,179290,0.0,0.9,0.0,0.1,0.02,-0.31,-3.06,1.5,2.5,0.0,0.04,-0.05,-0.0,-0.06,0.06,11953.04,200.0,0.0,0.0,0.0,0.0
1775763261023309232,179390,0.0,0.9,0.0,0.5,-0.02,-0.08,-3.06,1.5,2.5,0.0,0.04,-0.01,-0.06,0.06,0.0,11952.86,200.0,0.0,0.0,0.0,0.0
1775763261115606166,179490,0.0,1.0,0.0,0.5,0.04,-0.08,-3.06,1.5,2.5,0.03,0.03,-0.03,-0.19,0.12,0.0,11954.41,191.0,0.0,0.0,0.0,0.0
1775763261212042390,179590,0.0,0.8,0.036,0.3,0.16,0.04,-3.06,1.5,2.5,0.0,0.03,-0.04,-0.06,0.12,0.06,11954.24,193.0,0.0,0.0,0.0,0.0
1775763261314360167,179690,0.0,0.9,0.016,0.7,0.08,-0.02,-3.06,1.5,2.5,0.0,0.01,-0.03,-0.12,0.19,0.0,11953.55,193.0,0.0,0.0,0.0,0.0
1775763261414576903,179790,0.0,0.9,0.004,0.4,0.08,0.1,-3.06,1.5,2.5,0.01,0.01,-0.05,-0.12,0.19,0.19,11953.38,190.0,0.0,0.0,0.0,0.0
1775763261517082873,179890,0.0,0.9,0.004,0.3,0.06,-0.18,-3.06,1.5,2.5,0.0,0.04,-0.03,0.06,-0.0,0.06,11954.75,190.0,0.0,0.0,0.0,0.0
1775763261615281989,179990,0.0,1.0,0.0,0.4,0.0,-0.1,-3.06,1.5,2.5,0.0,0.01,-0.02,0.06,-0.0,0.06,11955.61,194.0,0.0,0.0,0.0,0.0
1775763261717662115,180090,0.0,0.9,0.0,0.6,0.02,-0.02,-3.06,1.5,2.5,0.01,0.01,-0.03,-0.0,-0.06,0.06,11954.24,196.0,0.0,0.0,0.0,0.0
1775763261822030213,180190,0.0,0.9,0.0,0.3,0.04,0.02,-3.06,1.5,2.5,0.0,0.02,-0.06,-0.0,0.06,0.0,11953.72,196.0,0.0,0.0,0.0,0.0
1775763261924369229,180290,0.0,1.1,0.0,0.4,-0.02,-0.04,-3.06,1.5,2.5,0.02,0.05,-0.02,-0.0,-0.0,-0.06,11954.92,194.0,0.0,0.0,0.0,0.0
1775763262022649656,180390,0.0,0.9,0.0,0.3,-0.08,-0.02,-3.06,1.5,2.5,0.02,0.02,-0.03,0.12,-0.19,0.0,11953.72,190.0,0.0,0.0,0.0,0.0
1775763262114981846,180490,0.0,1.1,0.0,0.1,0.0,-0.1,-3.06,1.5,2.5,0.02,0.03,-0.05,-0.0,-0.0,0.06,11954.41,190.0,0.0,0.0,0.0,0.0
1775763262215418495,180590,0.0,0.6,0.036,0.2,-0.04,-0.04,-3.06,1.5,2.5,0.02,0.01,-0.02,-0.0,-0.0,0.0,11952.18,193.0,0.0,0.0,0.0,0.0
1775763262313718641,180690,0.0,0.9,0.032,0.2,0.02,-0.06,-3.06,1.5,2.5,0.01,0.05,-0.03,-0.0,-0.06,0.06,11952.01,197.0,0.0,0.0,0.0,0.0
1775763262413957892,180790,0.0,0.9,0.016,0.4,-0.06,-0.18,-3.06,1.5,2.5,0.03,0.03,-0.03,-0.0,0.06,0.06,11954.24,197.0,0.0,0.0,0.0,0.0
1775763262522240438,180890,0.0,0.7,0.004,0.2,0.18,-0.1,-3.06,1.5,2.5,0.02,0.06,-0.01,-0.0,0.06,0.06,11954.06,192.0,0.0,0.0,0.0,0.0
1775763262614600034,180990,0.0,0.9,0.0,0.5,-0.02,-0.06,-3.06,1.5,2.5,0.0,0.04,-0.02,-0.0,-0.0,0.06,11953.55,198.0,0.0,0.0,0.0,0.0
1775763262722979334,181090,0.0,1.0,0.0,0.5,0.06,-0.08,-3.06,1.5,2.5,0.0,0.02,0.0,-0.12,-0.06,0.06,11955.78,198.0,0.0,0.0,0.0,0.0
1775763262815286248,181190,0.0,1.0,0.0,0.2,-0.1,0.04,-3.06,1.5,2.5,0.03,0.03,0.0,-0.19,-0.0,-0.06,11953.38,194.0,0.0,0.0,0.0,0.0
1775763262917762404,181291,0.0,1.0,0.0,0.3,-0.04,-0.04,-3.06,1.5,2.5,0.01,0.02,-0.01,-0.0,-0.12,0.0,11954.92,194.0,0.0,0.0,0.0,0.0
1775763263015970647,181391,0.0,1.0,0.0,0.3,0.12,-0.06,-3.06,1.5,2.5,0.03,0.01,-0.02,-0.06,0.12,0.0,11954.41,189.0,0.0,0.0,0.0,0.0
1775763263118356917,181491,0.0,1.2,0.0,0.5,0.06,-0.04,-3.06,1.5,2.5,0.0,0.03,-0.01,-0.06,-0.12,0.06,11953.04,194.0,0.0,0.0,0.0,0.0
1775763263216740502,181591,0.0,0.9,0.04,0.2,-0.08,-0.02,-3.06,1.5,2.5,0.0,0.03,-0.05,0.12,-0.19,0.06,11955.26,194.0,0.0,0.0,0.0,0.0
1775763263317157038,181691,0.0,0.9,0.028,0.6,-0.12,-0.04,-3.06,1.5,2.5,0.0,0.03,-0.04,-0.06,-0.06,0.0,11955.61,190.0,0.0,0.0,0.0,0.0
1775763263415483774,181791,0.0,1.0,0.032,0.3,-0.08,-0.1,-3.06,1.5,2.5,0.01,0.04,-0.01,0.06,-0.06,-0.12,11953.04,192.0,0.0,0.0,0.0,0.0
1775763263515671656,181891,0.0,0.7,0.0,0.5,-0.06,-0.04,-3.06,1.5,2.5,0.03,0.1,-0.06,-0.0,0.06,0.0,11954.75,192.0,0.0,0.0,0.0,0.0
1775763263624061194,181990,0.0,1.0,0.012,0.4,-0.1,-0.1,-3.06,1.5,2.5,0.1,-0.0,-0.01,-0.25,0.12,0.0,11953.55,193.0,0.0,0.0,0.0,0.0
1775763263722425039,182090,0.0,0.6,0.0,0.2,0.1,0.06,-3.06,1.5,2.5,0.02,-0.08,-0.03,-0.0,0.12,0.06,11954.58,193.0,0.0,0.0,0.0,0.0
1775763263824727406,182191,0.0,0.9,0.012,0.4,-0.06,-0.16,-3.06,1.5,2.5,0.12,-0.09,-0.03,0.06,-0.0,-0.06,11955.26,195.0,0.0,0.0,0.0,0.0
1775763263917035855,182291,0.0,0.9,0.012,0.1,0.08,-0.06,-3.06,1.5,2.5,-0.06,-0.04,0.03,0.5,0.25,0.0,11956.12,190.0,0.0,0.0,0.0,0.0
1775763264017497001,182391,0.0,0.7,0.012,0.4,0.04,0.14,-3.06,1.5,2.5,0.04,-0.14,-0.01,0.25,-0.31,-0.06,11956.81,190.0,0.0,0.0,0.0,0.0
1775763264117707843,182491,0.0,1.1,0.02,0.2,-0.14,-0.06,-3.06,1.5,2.5,-0.07,-0.15,0.0,0.19,0.12,0.25,11955.26,200.0,0.0,0.0,0.0,0.0
1775763264218194745,182591,0.0,0.9,0.056,0.2,0.0,-0.14,-3.06,1.5,2.44,0.23,0.08,0.06,-0.69,-0.0,0.06,11949.43,193.0,0.0,0.0,0.0,0.0
1775763264316452760,182691,0.0,0.7,0.0,1.3,-0.02,0.02,-3.06,1.5,2.5,-0.07,0.07,-0.02,-0.37,-0.19,0.06,11955.78,193.0,0.0,0.0,0.0,0.0
1775763264426729608,182792,0.0,1.5,0.044,0.5,-0.02,-0.18,-3.06,1.5,2.5,-0.15,0.1,-0.05,0.19,-0.06,0.0,11954.41,188.0,0.0,0.0,0.0,0.0
1775763264525028973,182892,0.0,1.6,0.016,0.3,0.08,-0.02,-3.06,1.5,2.44,-0.02,-0.07,-0.01,0.81,0.44,-0.06,11955.09,194.0,0.0,0.0,0.0,0.0
1775763264617452637,182992,0.0,1.4,0.024,0.5,0.1,-0.08,-3.06,1.5,2.44,0.08,0.04,-0.01,-0.31,-0.12,-0.12,11958.01,194.0,0.0,0.0,0.0,0.0
1775763264725748049,183092,0.0,1.3,0.024,0.7,0.02,-0.06,-3.06,1.5,2.44,0.02,0.06,-0.03,-0.19,-0.31,-0.06,11957.15,194.0,0.0,0.0,0.0,0.0
1775763264828187833,183192,0.0,1.4,0.024,0.3,0.0,-0.02,-3.06,1.56,2.44,-0.03,-0.0,0.0,0.12,0.19,-0.06,11956.64,193.0,0.0,0.0,0.0,0.0
1775763264926408443,183292,0.0,1.4,0.0,1.1,0.0,-0.02,-3.06,1.56,2.44,0.0,0.04,-0.01,-0.0,0.12,0.06,11955.78,193.0,0.0,0.0,0.0,0.0
1775763265018744464,183392,0.0,0.3,0.02,0.5,0.12,-0.12,-3.06,1.56,2.44,-0.01,0.04,-0.01,-0.0,0.19,0.19,11954.75,193.0,0.0,0.0,0.0,0.0
1775763265127142442,183492,0.0,1.1,0.028,0.5,0.1,0.02,-3.06,1.56,2.44,0.01,0.04,0.0,0.12,-0.12,0.0,11954.41,193.0,0.0,0.0,0.0,0.0
1775763265217593150,183592,0.0,0.9,0.056,0.0,-0.1,-0.1,-3.06,1.56,2.44,0.01,0.05,0.01,-0.0,0.06,0.0,11955.61,196.0,0.0,0.0,0.0,0.0
1775763265321715384,183692,0.0,0.8,0.06,0.3,-0.04,-0.08,-3.06,1.56,2.44,-0.01,0.01,-0.01,-0.0,0.06,0.0,11954.92,193.0,0.0,0.0,0.0,0.0
1775763265420211515,183792,0.0,1.0,0.04,0.2,-0.14,-0.06,-3.06,1.56,2.44,0.01,0.03,-0.02,-0.0,0.12,0.0,11958.35,193.0,0.0,0.0,0.0,0.0
1775763265518391515,183892,0.0,0.9,0.036,0.5,-0.08,-0.1,-3.06,1.56,2.44,0.0,0.02,-0.01,0.06,-0.06,0.06,11958.35,192.0,0.0,0.0,0.0,0.0
1775763265620827779,183992,0.0,0.9,0.028,1.5,-0.06,-0.04,-3.06,1.56,2.44,0.01,0.01,-0.02,0.06,-0.06,-0.06,11956.46,194.0,0.0,0.0,0.0,0.0
1775763265719185880,184092,0.0,1.3,0.012,0.3,-0.02,-0.06,-3.06,1.56,2.44,-0.01,0.03,-0.01,0.06,-0.12,0.0,11956.12,194.0,0.0,0.0,0.0,0.0
1775763265821510335,184193,0.0,1.3,0.016,0.5,-0.1,-0.16,-3.06,1.56,2.44,0.01,0.03,0.0,0.06,-0.12,0.06,11954.92,189.0,0.0,0.0,0.0,0.0
1775763265919804310,184293,0.0,1.4,0.012,0.1,-0.14,-0.14,-3.06,1.56,2.44,0.0,0.02,0.01,-0.06,0.06,0.0,11954.92,189.0,0.0,0.0,0.0,0.0
1775763266022150412,184393,0.0,1.5,0.0,1.1,0.06,-0.06,-3.06,1.56,2.44,-0.01,0.02,-0.01,-0.0,-0.0,-0.06,11955.09,193.0,0.0,0.0,0.0,0.0
1775763266126481485,184493,0.0,0.9,0.012,0.6,-0.04,-0.04,-3.06,1.56,2.44,0.01,0.04,-0.03,0.06,-0.25,-0.06,11954.58,190.0,0.0,0.0,0.0,0.0
1775763266220965134,184593,0.0,0.4,0.0,1.5,0.02,0.02,-3.06,1.56,2.44,0.01,0.02,0.0,0.06,-0.0,0.0,11954.92,190.0,0.0,0.0,0.0,0.0
1775763266319222887,184693,0.036,0.1,0.0,1.4,0.02,-0.08,-3.06,1.56,2.44,0.0,0.02,-0.01,-0.06,0.12,-0.06,11955.44,193.0,0.0,0.0,0.0,0.0
1775763266419408505,184793,0.0,0.3,0.0,1.0,-0.02,-0.14,-3.06,1.56,2.44,0.0,0.04,0.0,-0.19,0.12,0.0,11955.09,194.0,0.0,0.0,0.0,0.0
1775763266527902421,184893,0.0,1.0,0.032,0.3,-0.04,0.02,-3.06,1.56,2.44,0.0,0.03,-0.01,-0.0,-0.12,-0.06,11955.78,194.0,0.0,0.0,0.0,0.0
1775763266620151888,184993,0.0,0.9,0.0,1.5,-0.08,-0.21,-3.06,1.56,2.44,0.02,-0.0,0.0,-0.06,0.12,0.0,11954.58,191.0,0.0,0.0,0.0,0.0
1775763266728550013,185093,0.0,1.2,0.004,1.2,0.08,-0.06,-3.06,1.56,2.44,0.0,0.04,-0.03,-0.0,-0.12,-0.12,11954.92,191.0,0.0,0.0,0.0,0.0
1775763266820926066,185193,0.0,1.0,0.02,0.2,-0.04,0.0,-3.06,1.56,2.44,0.01,0.02,0.01,-0.06,-0.06,-0.12,11955.26,191.0,0.0,0.0,0.0,0.0
1775763266929189846,185293,0.0,1.1,0.02,0.5,-0.02,-0.2,-3.06,1.56,2.44,-0.02,0.02,0.0,0.06,-0.06,-0.06,11954.41,184.0,0.0,0.0,0.0,0.0
1775763267021523549,185393,0.0,1.0,0.012,0.3,-0.06,0.04,-3.06,1.56,2.44,0.02,0.02,0.0,-0.0,-0.06,-0.12,11955.44,195.0,0.0,0.0,0.0,0.0
1775763267129987929,185493,0.0,0.8,0.016,0.0,-0.02,0.06,-3.06,1.56,2.44,0.0,0.04,0.0,0.06,0.12,0.06,11955.95,195.0,0.0,0.0,0.0,0.0
1775763267220287789,185593,0.048,0.4,0.064,0.2,-0.02,0.0,-3.06,1.56,2.44,0.0,0.04,0.0,-0.06,-0.0,-0.06,11954.41,202.0,0.0,0.0,0.0,0.0
1775763267318566132,185693,0.0,1.2,0.052,0.1,-0.08,-0.12,-3.06,1.56,2.44,0.01,0.02,-0.01,-0.06,-0.0,0.0,11955.44,202.0,0.0,0.0,0.0,0.0
1775763267428834161,185793,0.0,1.5,0.04,0.4,-0.04,-0.1,-3.06,1.56,2.44,0.02,0.03,-0.01,0.06,-0.0,-0.12,11955.61,200.0,0.0,0.0,0.0,0.0
1775763267521190917,185893,0.0,1.5,0.032,0.3,0.08,-0.04,-3.06,1.56,2.44,0.0,0.02,0.0,0.19,-0.0,-0.06,11954.24,196.0,0.0,0.0,0.0,0.0
1775763267621666981,185993,0.0,1.3,0.02,0.5,0.06,-0.16,-3.06,1.56,2.44,0.0,0.03,0.0,-0.0,-0.12,-0.19,11955.61,196.0,0.0,0.0,0.0,0.0
1775763267721886633,186093,0.0,1.6,0.024,0.3,-0.06,-0.14,-3.06,1.56,2.44,0.0,0.03,0.0,-0.0,-0.0,0.06,11955.78,198.0,0.0,0.0,0.0,0.0
1775763267820172179,186193,0.0,1.2,0.016,0.3,-0.08,-0.04,-3.06,1.56,2.44,0.01,0.01,-0.01,0.12,-0.06,-0.19,11953.55,189.0,0.0,0.0,0.0,0.0
1775763267920655428,186293,0.0,1.4,0.02,0.3,-0.02,-0.14,-3.06,1.56,2.44,0.0,0.01,-0.01,-0.12,-0.0,0.0,11955.09,189.0,0.0,0.0,0.0,0.0
1775763268026820739,186392,0.0,1.0,0.016,0.2,-0.04,-0.06,-3.06,1.56,2.44,0.01,0.02,0.01,-0.0,-0.0,-0.06,11954.41,188.0,0.0,0.0,0.0,0.0
1775763268119250416,186492,0.0,1.1,0.02,0.5,-0.06,-0.1,-3.06,1.56,2.44,0.01,0.03,-0.01,-0.0,0.06,0.0,11954.41,188.0,0.0,0.0,0.0,0.0
1775763268219626280,186592,0.0,0.5,0.072,0.2,-0.08,-0.08,-3.06,1.56,2.44,0.0,0.01,0.02,0.06,-0.0,0.0,11956.29,204.0,0.0,0.0,0.0,0.0
1775763268317889771,186692,0.0,1.6,0.048,0.4,-0.04,-0.23,-3.06,1.56,2.44,0.01,0.04,-0.01,-0.0,-0.0,-0.06,11956.29,190.0,0.0,0.0,0.0,0.0
1775763268428214498,186792,0.0,1.2,0.048,0.1,0.04,-0.02,-3.06,1.56,2.44,0.01,0.04,-0.02,0.06,-0.06,-0.06,11956.12,190.0,0.0,0.0,0.0,0.0
1775763268520538569,186892,0.0,1.2,0.028,0.4,-0.08,-0.16,-3.06,1.56,2.44,0.01,0.02,-0.02,0.12,-0.06,-0.06,11955.95,199.0,0.0,0.0,0.0,0.0
1775763268628923099,186992,0.0,1.4,0.028,0.3,0.0,-0.12,-3.06,1.56,2.44,0.01,0.02,0.0,0.06,-0.0,0.12,11954.06,191.0,0.0,0.0,0.0,0.0
1775763268721310482,187092,0.0,1.5,0.016,0.4,0.1,-0.16,-3.06,1.56,2.44,-0.01,0.03,-0.02,-0.0,0.06,0.0,11955.44,191.0,0.0,0.0,0.0,0.0
1775763268829585129,187192,0.0,1.2,0.02,0.3,-0.02,0.06,-3.06,1.56,2.44,-0.01,0.03,0.0,-0.0,-0.0,0.06,11956.12,192.0,0.0,0.0,0.0,0.0
1775763268921904811,187292,0.0,1.4,0.016,0.3,0.12,-0.16,-3.06,1.56,2.44,-0.01,0.01,-0.02,-0.12,-0.0,0.0,11953.89,188.0,0.0,0.0,0.0,0.0
1775763269020205189,187393,0.0,1.3,0.028,0.3,-0.14,-0.04,-3.06,1.56,2.44,0.0,0.02,-0.01,-0.06,-0.12,0.06,11954.75,188.0,0.0,0.0,0.0,0.0
1775763269122624762,187493,0.0,1.4,0.012,0.4,-0.08,-0.04,-3.06,1.56,2.44,0.01,0.03,-0.04,-0.0,0.12,0.0,11953.21,203.0,0.0,0.0,0.0,0.0
1775763269219077769,187593,0.0,1.2,0.068,0.3,0.1,-0.16,-3.06,1.56,2.44,0.0,0.02,0.0,0.06,0.12,0.12,11953.04,190.0,0.0,0.0,0.0,0.0
1775763269321358776,187693,0.0,1.2,0.052,0.5,0.12,-0.06,-3.06,1.56,2.44,-0.02,0.03,-0.03,-0.0,-0.0,0.0,11956.29,190.0,0.0,0.0,0.0,0.0
1775763269421515057,187793,0.0,1.4,0.036,0.2,-0.06,0.02,-3.06,1.56,2.44,0.0,0.03,-0.02,-0.0,0.06,0.06,11955.44,199.0,0.0,0.0,0.0,0.0
1775763269524011997,187893,0.0,1.4,0.036,0.4,0.08,-0.04,-3.06,1.56,2.44,0.01,0.03,-0.03,0.12,-0.0,-0.06,11955.09,199.0,0.0,0.0,0.0,0.0
1775763269622312539,187994,0.0,0.8,0.028,0.2,-0.1,0.02,-3.06,1.56,2.44,0.01,0.03,0.0,0.06,-0.06,-0.06,11955.44,194.0,0.0,0.0,0.0,0.0
1775763269724633340,188094,0.0,1.0,0.016,0.3,0.0,0.02,-3.06,1.56,2.44,0.0,0.03,-0.01,0.06,-0.0,-0.06,11954.75,200.0,0.0,0.0,0.0,0.0
1775763269827154223,188194,0.0,1.0,0.02,0.6,-0.08,-0.04,-3.06,1.56,2.44,0.01,0.03,-0.04,0.06,-0.0,-0.06,11955.44,200.0,0.0,0.0,0.0,0.0
1775763269925339864,188294,0.0,0.8,0.024,0.3,0.04,-0.02,-3.06,1.56,2.44,0.0,0.03,-0.02,-0.12,0.06,-0.12,11956.29,202.0,0.0,0.0,0.0,0.0
1775763270023626315,188394,0.0,1.1,0.016,0.5,0.0,-0.06,-3.06,1.56,2.44,0.0,0.01,-0.03,-0.0,0.12,0.0,11953.55,197.0,0.0,0.0,0.0,0.0
1775763270132117910,188494,0.0,0.9,0.028,0.4,0.02,-0.08,-3.06,1.56,2.44,0.0,0.03,0.0,-0.0,0.06,0.06,11955.95,197.0,0.0,0.0,0.0,0.0
1775763270222505781,188595,0.0,0.9,0.064,0.5,0.06,-0.02,-3.06,1.56,2.44,0.0,0.01,-0.03,0.06,-0.06,-0.06,11954.06,203.0,0.0,0.0,0.0,0.0
1775763270324793619,188695,0.0,0.9,0.052,0.5,0.02,0.0,-3.06,1.56,2.44,0.03,0.05,-0.01,-0.12,-0.06,0.0,11954.92,203.0,0.0,0.0,0.0,0.0
1775763270424947288,188795,0.0,0.7,0.04,0.6,0.02,-0.02,-3.06,1.56,2.44,0.0,0.02,-0.02,-0.0,-0.0,0.06,11955.61,203.0,0.0,0.0,0.0,0.0
1775763270523299012,188895,0.0,0.7,0.036,0.3,-0.08,-0.04,-3.06,1.56,2.44,0.0,0.03,-0.01,0.06,-0.19,0.0,11953.72,208.0,0.0,0.0,0.0,0.0
1775763270631761682,188995,0.0,0.7,0.016,0.3,-0.18,-0.02,-3.06,1.56,2.44,0.01,0.01,0.0,-0.0,0.12,0.06,11955.95,208.0,0.0,0.0,0.0,0.0
1775763270723990756,189094,0.0,1.1,0.02,0.1,-0.1,0.02,-3.06,1.56,2.44,0.01,0.02,-0.02,-0.06,-0.12,0.06,11954.75,198.0,0.0,0.0,0.0,0.0
1775763270832388782,189194,0.0,0.9,0.02,0.3,0.0,-0.12,-3.06,1.56,2.44,0.02,0.02,-0.01,-0.06,-0.06,-0.06,11954.58,192.0,0.0,0.0,0.0,0.0
1775763270924760477,189294,0.0,1.0,0.024,0.2,-0.12,-0.08,-3.06,1.56,2.44,0.01,0.04,-0.01,-0.0,-0.06,0.0,11956.29,192.0,0.0,0.0,0.0,0.0
1775763271022963320,189394,0.0,1.1,0.012,0.5,-0.1,-0.08,-3.06,1.56,2.44,0.01,0.01,-0.02,-0.06,-0.12,0.0,11955.26,196.0,0.0,0.0,0.0,0.0
1775763271125363095,189494,0.0,0.9,0.02,1.5,0.0,-0.02,-3.06,1.56,2.44,0.0,0.05,-0.05,-0.06,-0.12,-0.06,11955.26,197.0,0.0,0.0,0.0,0.0
1775763271221754936,189594,0.0,1.4,0.068,0.3,0.1,-0.02,-3.06,1.56,2.44,0.01,0.03,-0.04,-0.0,-0.0,0.0,11957.67,197.0,0.0,0.0,0.0,0.0
1775763271320056401,189693,0.0,1.5,0.06,0.2,-0.06,-0.02,-3.06,1.56,2.44,0.0,0.01,-0.02,-0.12,0.12,0.06,11953.89,194.0,0.0,0.0,0.0,0.0
1775763271424302341,189793,0.0,1.3,0.044,0.4,0.1,-0.02,-3.06,1.56,2.44,0.01,0.03,-0.02,-0.0,-0.06,0.0,11954.06,182.0,0.0,0.0,0.0,0.0
1775763271526820925,189893,0.0,1.3,0.032,0.2,0.0,-0.1,-3.06,1.56,2.44,0.01,0.02,-0.03,-0.06,-0.06,0.06,11956.12,182.0,0.0,0.0,0.0,0.0
1775763271625041932,189993,0.0,1.1,0.024,0.1,-0.1,0.0,-3.06,1.56,2.44,0.01,0.03,-0.04,-0.12,0.12,0.06,11954.92,208.0,0.0,0.0,0.0,0.0
1775763271723409135,190093,0.0,1.2,0.024,0.3,0.04,-0.18,-3.06,1.56,2.44,0.02,0.01,-0.02,-0.06,-0.25,0.0,11956.12,208.0,0.0,0.0,0.0,0.0
1775763271831730441,190193,0.0,1.5,0.016,0.5,-0.12,-0.27,-3.06,1.56,2.44,0.0,0.03,-0.04,-0.12,-0.06,0.0,11955.95,209.0,0.0,0.0,0.0,0.0
1775763271924062452,190294,0.0,1.2,0.012,0.2,0.04,-0.08,-3.06,1.56,2.44,0.0,0.03,-0.05,0.06,-0.06,-0.06,11955.09,186.0,0.0,0.0,0.0,0.0
1775763272032490568,190394,0.0,1.4,0.012,0.3,-0.14,-0.08,-3.06,1.56,2.44,0.0,0.05,-0.04,0.06,-0.06,-0.06,11957.49,186.0,0.0,0.0,0.0,0.0
1775763272130706240,190493,0.0,1.2,0.016,0.2,-0.14,-0.08,-3.06,1.56,2.44,0.01,0.01,-0.02,-0.06,-0.06,0.0,11958.87,207.0,0.0,0.0,0.0,0.0
1775763272221076591,190594,0.0,1.2,0.064,0.3,-0.08,-0.12,-3.06,1.56,2.44,0.01,0.02,-0.04,-0.06,-0.06,0.0,11954.58,197.0,0.0,0.0,0.0,0.0
1775763272323434218,190694,0.0,1.2,0.052,0.2,-0.02,-0.1,-3.06,1.56,2.44,0.0,0.02,-0.03,-0.0,-0.0,-0.06,11954.41,197.0,0.0,0.0,0.0,0.0
1775763272423640789,190794,0.0,1.4,0.036,0.3,-0.14,-0.1,-3.06,1.56,2.44,0.0,0.02,-0.03,-0.0,0.12,0.0,11953.38,203.0,0.0,0.0,0.0,0.0
1775763272532157102,190894,0.0,0.9,0.032,0.3,0.06,0.02,-3.06,1.56,2.44,0.0,0.02,-0.04,-0.0,0.12,-0.12,11954.92,203.0,0.0,0.0,0.0,0.0
1775763272624366711,190993,0.0,1.4,0.024,0.2,-0.2,-0.1,-3.06,1.56,2.44,0.0,0.04,-0.03,0.06,0.06,0.06,11955.78,200.0,0.0,0.0,0.0,0.0
1775763272722686304,191093,0.0,1.3,0.024,0.2,-0.12,-0.04,-3.06,1.56,2.44,0.0,0.01,-0.03,-0.19,-0.0,-0.06,11957.15,190.0,0.0,0.0,0.0,0.0
1775763272825142685,191193,0.0,1.3,0.02,0.2,-0.1,-0.06,-3.06,1.56,2.44,0.01,0.04,0.0,-0.06,-0.06,0.06,11955.26,190.0,0.0,0.0,0.0,0.0
1775763272923376561,191293,0.0,1.4,0.012,0.4,-0.02,0.0,-3.06,1.56,2.44,0.0,0.02,-0.04,-0.31,0.06,0.0,11954.58,194.0,0.0,0.0,0.0,0.0
1775763273025740484,191393,0.0,1.3,0.016,0.6,-0.04,0.12,-3.06,1.56,2.44,0.01,0.03,0.0,0.12,-0.0,0.0,11952.86,198.0,0.0,0.0,0.0,0.0
1775763273124145053,191493,0.0,1.5,0.012,0.3,-0.18,-0.12,-3.06,1.56,2.44,-0.01,0.03,0.0,0.06,-0.0,0.06,11958.18,198.0,0.0,0.0,0.0,0.0
1775763273220494078,191592,0.0,1.2,0.068,0.3,-0.06,-0.02,-3.06,1.56,2.44,0.0,0.03,-0.03,-0.0,-0.19,0.06,11956.29,205.0,0.0,0.0,0.0,0.0
1775763273328827251,191692,0.0,1.2,0.048,0.5,-0.08,-0.14,-3.06,1.56,2.44,0.01,0.03,-0.02,-0.06,-0.0,0.06,11956.64,196.0,0.0,0.0,0.0,0.0
1775763273423048293,191792,0.0,1.3,0.04,0.8,-0.04,0.04,-3.06,1.56,2.44,0.0,0.03,-0.01,0.12,-0.12,0.0,11956.98,196.0,0.0,0.0,0.0,0.0
1775763273531427649,191892,0.0,1.2,0.0,0.8,0.06,-0.14,-3.06,1.56,2.44,0.0,0.03,0.0,-0.0,-0.06,0.06,11955.26,187.0,0.0,0.0,0.0,0.0
1775763273629715557,191992,0.0,0.7,0.028,0.3,0.0,-0.08,-3.06,1.56,2.44,0.0,0.03,-0.02,-0.12,-0.06,0.0,11954.24,193.0,0.0,0.0,0.0,0.0
1775763273722094340,192092,0.0,0.9,0.016,0.2,-0.04,-0.12,-3.06,1.56,2.44,0.01,0.02,-0.04,-0.0,0.12,0.06,11955.26,193.0,0.0,0.0,0.0,0.0
1775763273830376794,192192,0.0,1.2,0.0,1.5,0.16,-0.02,-3.06,1.56,2.44,0.01,0.04,-0.01,0.19,-0.0,0.12,11952.86,191.0,0.0,0.0,0.0,0.0
1775763273922778428,192292,0.0,1.3,0.016,0.5,0.12,-0.2,-3.06,1.56,2.44,0.0,0.04,-0.02,0.06,-0.0,0.0,11953.89,191.0,0.0,0.0,0.0,0.0
1775763274031089991,192393,0.0,1.4,0.016,0.2,0.06,-0.06,-3.06,1.56,2.44,0.0,0.04,0.0,-0.0,-0.12,0.12,11956.98,186.0,0.0,0.0,0.0,0.0
1775763274133505927,192493,0.0,1.4,0.016,0.3,-0.14,-0.1,-3.06,1.56,2.44,0.0,0.03,0.0,0.06,0.06,0.0,11956.46,195.0,0.0,0.0,0.0,0.0
1775763274223890238,192593,0.0,1.5,0.056,0.6,-0.12,-0.2,-3.06,1.56,2.44,0.01,0.04,0.0,0.06,-0.06,-0.06,11957.49,195.0,0.0,0.0,0.0,0.0
1775763274322182977,192693,0.036,0.2,0.0,1.1,0.08,-0.08,-3.06,1.56,2.44,0.01,0.03,0.0,0.12,0.06,0.0,11956.81,190.0,0.0,0.0,0.0,0.0
1775763274432399960,192793,0.0,1.0,0.048,0.3,-0.08,-0.06,-3.06,1.56,2.44,-0.01,0.01,-0.03,-0.0,-0.0,-0.06,11955.26,191.0,0.0,0.0,0.0,0.0
1775763274524852850,192893,0.0,0.9,0.032,0.2,0.12,-0.08,-3.06,1.56,2.44,0.01,0.03,-0.02,-0.0,-0.06,0.12,11956.12,191.0,0.0,0.0,0.0,0.0
1775763274623036465,192993,0.0,1.0,0.036,0.3,-0.08,-0.12,-3.06,1.56,2.44,0.01,0.02,-0.02,-0.06,0.12,0.0,11955.44,190.0,0.0,0.0,0.0,0.0
1775763274725523917,193093,0.0,1.4,0.024,0.5,-0.02,-0.02,-3.06,1.56,2.44,0.01,0.03,-0.01,-0.06,-0.0,-0.12,11958.52,190.0,0.0,0.0,0.0,0.0
1775763274823733920,193192,0.0,1.2,0.02,0.3,-0.12,-0.16,-3.06,1.56,2.44,0.02,0.04,-0.01,0.12,-0.12,0.06,11956.98,187.0,0.0,0.0,0.0,0.0
1775763274926125173,193293,0.0,1.3,0.0,1.0,-0.02,0.04,-3.06,1.56,2.44,0.01,0.02,0.0,-0.12,-0.0,0.0,11956.12,194.0,0.0,0.0,0.0,0.0
1775763275024421486,193393,0.0,0.9,0.012,0.5,-0.04,-0.12,-3.06,1.56,2.44,0.01,0.04,0.0,0.06,-0.06,-0.06,11957.49,194.0,0.0,0.0,0.0,0.0
1775763275126815663,193492,0.0,1.3,0.016,0.4,-0.1,0.08,-3.06,1.56,2.44,0.01,0.01,0.0,0.06,-0.06,0.06,11956.98,198.0,0.0,0.0,0.0,0.0
1775763275223201592,193592,0.0,1.6,0.064,0.2,-0.12,-0.02,-3.06,1.56,2.44,0.0,0.03,0.0,0.06,-0.12,0.0,11955.95,187.0,0.0,0.0,0.0,0.0
1775763275321436833,193692,0.0,1.4,0.06,0.1,0.02,0.0,-3.06,1.56,2.44,0.0,0.03,0.0,0.12,-0.12,-0.06,11956.29,187.0,0.0,0.0,0.0,0.0
1775763275431764049,193793,0.0,1.2,0.036,0.3,-0.18,-0.02,-3.06,1.56,2.44,0.01,0.04,0.0,0.19,0.06,0.0,11954.24,191.0,0.0,0.0,0.0,0.0
1775763275524085185,193893,0.0,1.4,0.028,0.5,0.12,-0.02,-3.06,1.56,2.44,-0.01,0.04,-0.01,0.06,0.06,0.0,11953.55,195.0,0.0,0.0,0.0,0.0
1775763275632473223,193993,0.0,1.4,0.024,0.3,-0.1,-0.2,-3.06,1.56,2.44,0.0,0.04,-0.04,-0.06,0.06,-0.06,11955.78,195.0,0.0,0.0,0.0,0.0
1775763275724778619,194093,0.0,1.2,0.012,-0.1,-0.02,-0.16,-3.06,1.56,2.44,0.0,0.04,-0.01,0.06,0.06,0.06,11955.78,191.0,0.0,0.0,0.0,0.0
1775763275833223894,194193,0.0,1.0,0.02,0.2,0.06,-0.2,-3.06,1.56,2.44,0.01,0.03,-0.02,-0.12,-0.12,0.12,11954.58,192.0,0.0,0.0,0.0,0.0
1775763275925561603,194293,0.0,1.3,0.0,0.9,-0.06,-0.14,-3.06,1.56,2.44,0.01,0.04,-0.03,0.06,-0.12,0.0,11955.61,192.0,0.0,0.0,0.0,0.0
1775763276033870126,194394,0.0,1.2,0.016,0.0,0.02,-0.02,-3.06,1.56,2.44,0.0,-0.0,-0.01,-0.0,-0.0,-0.12,11956.29,195.0,0.0,0.0,0.0,0.0
1775763276126244740,194494,0.0,1.0,0.016,0.3,0.04,-0.12,-3.06,1.56,2.44,0.01,0.01,-0.01,-0.06,0.19,0.06,11959.21,195.0,0.0,0.0,0.0,0.0
1775763276226647424,194594,0.0,0.8,0.072,0.4,-0.02,-0.08,-3.06,1.56,2.44,0.0,0.01,-0.02,-0.06,-0.0,-0.06,11957.32,196.0,0.0,0.0,0.0,0.0
1775763276324883239,194694,0.0,1.0,0.064,0.3,-0.06,0.0,-3.06,1.56,2.44,0.01,0.05,0.01,0.06,-0.0,-0.06,11954.75,198.0,0.0,0.0,0.0,0.0
1775763276435277894,194794,0.0,1.0,0.048,0.3,-0.08,-0.06,-3.06,1.56,2.44,0.02,0.03,-0.02,-0.06,-0.06,0.0,11955.44,198.0,0.0,0.0,0.0,0.0
1775763276527539328,194894,0.0,1.1,0.024,0.2,-0.1,-0.16,-3.06,1.56,2.44,0.01,0.02,-0.01,-0.0,-0.0,0.06,11954.75,190.0,0.0,0.0,0.0,0.0
1775763276625821714,194994,0.0,1.3,0.024,0.2,-0.1,-0.02,-3.06,1.56,2.44,0.0,0.05,0.0,-0.0,0.06,0.0,11955.95,200.0,0.0,0.0,0.0,0.0
1775763276734178104,195094,0.0,1.0,0.02,0.6,0.12,-0.04,-3.06,1.56,2.44,0.0,0.03,-0.01,-0.06,-0.0,-0.06,11956.29,200.0,0.0,0.0,0.0,0.0
1775763276826515182,195194,0.0,0.8,0.028,0.4,-0.06,-0.08,-3.06,1.56,2.44,0.01,0.02,-0.01,-0.06,0.06,-0.06,11956.29,192.0,0.0,0.0,0.0,0.0
1775763276926987289,195294,0.0,1.2,0.024,0.3,0.02,-0.04,-3.06,1.56,2.44,0.01,0.02,-0.01,-0.12,-0.06,0.06,11958.01,192.0,0.0,0.0,0.0,0.0
1775763277027237334,195394,0.0,1.2,0.016,0.1,-0.02,-0.12,-3.06,1.56,2.44,0.01,0.04,-0.04,-0.19,0.12,0.06,11956.81,186.0,0.0,0.0,0.0,0.0
1775763277135600240,195494,0.0,0.9,0.024,0.3,0.0,0.04,-3.06,1.56,2.44,0.0,0.02,-0.01,0.06,-0.12,-0.06,11956.64,191.0,0.0,0.0,0.0,0.0
1775763277225962974,195594,0.0,1.0,0.06,0.2,-0.06,-0.06,-3.06,1.56,2.44,0.0,0.03,-0.01,-0.0,-0.12,-0.12,11959.38,191.0,0.0,0.0,0.0,0.0
1775763277330229034,195694,0.0,1.0,0.056,0.5,0.04,-0.06,-3.06,1.56,2.44,0.0,0.03,0.0,-0.0,-0.19,0.0,11958.35,194.0,0.0,0.0,0.0,0.0
1775763277434538999,195794,0.0,1.0,0.036,0.5,0.04,-0.1,-3.06,1.56,2.44,0.0,0.03,0.0,-0.06,0.19,0.12,11956.98,195.0,0.0,0.0,0.0,0.0
1775763277526955943,195894,0.0,0.9,0.028,0.1,0.18,-0.14,-3.06,1.56,2.44,0.03,0.03,-0.02,0.12,0.06,-0.12,11960.58,195.0,0.0,0.0,0.0,0.0
1775763277635293591,195994,0.0,1.0,0.024,0.5,-0.02,-0.06,-3.06,1.56,2.44,0.0,0.02,-0.02,0.06,0.19,0.0,11958.87,191.0,0.0,0.0,0.0,0.0
1775763277727560320,196094,0.0,0.9,0.024,0.4,0.06,-0.12,-3.06,1.56,2.44,0.01,-0.0,0.0,-0.0,0.12,0.0,11957.49,198.0,0.0,0.0,0.0,0.0
1775763277825966883,196194,0.0,0.2,0.0,1.4,0.02,0.06,-3.06,1.56,2.44,0.0,0.02,-0.03,-0.0,-0.0,0.0,11958.52,198.0,0.0,0.0,0.0,0.0
1775763277934294865,196294,0.0,1.4,0.02,0.3,-0.1,-0.14,-3.06,1.56,2.44,0.0,0.03,-0.02,0.12,-0.12,-0.06,11954.58,195.0,0.0,0.0,0.0,0.0
1775763278036666911,196395,0.0,1.5,0.016,0.5,-0.1,0.04,-3.06,1.56,2.44,0.01,0.03,0.0,-0.0,-0.0,0.12,11954.75,192.0,0.0,0.0,0.0,0.0
1775763278134894371,196495,0.0,1.2,0.008,0.6,0.12,-0.18,-3.06,1.56,2.44,0.01,0.02,-0.01,0.06,0.06,0.12,11957.15,192.0,0.0,0.0,0.0,0.0
1775763278229373430,196595,0.0,1.4,0.0,1.2,-0.02,0.02,-3.06,1.56,2.44,-0.01,0.03,0.0,-0.06,-0.12,-0.06,11956.12,195.0,0.0,0.0,0.0,0.0
1775763278327676386,196696,0.032,0.2,0.0,1.0,-0.16,-0.08,-3.06,1.56,2.44,0.01,0.03,0.0,0.06,-0.06,-0.06,11958.87,195.0,0.0,0.0,0.0,0.0
1775763278427905281,196795,0.0,0.7,0.04,0.6,-0.02,-0.1,-3.06,1.56,2.44,0.02,0.01,0.0,0.06,0.06,0.0,11959.72,187.0,0.0,0.0,0.0,0.0
1775763278530369728,196895,0.0,0.7,0.024,1.5,0.21,-0.1,-3.06,1.56,2.44,0.0,0.03,-0.02,-0.12,-0.0,0.0,11958.69,193.0,0.0,0.0,0.0,0.0
1775763278628706553,196995,0.008,1.5,0.024,0.3,-0.1,-0.2,-3.06,1.56,2.44,0.0,-0.0,-0.02,-0.0,-0.0,0.06,11958.52,193.0,0.0,0.0,0.0,0.0
1775763278736979518,197095,0.0,1.4,0.02,0.3,-0.04,0.1,-3.06,1.56,2.44,0.01,0.05,-0.03,0.06,0.06,-0.06,11955.61,192.0,0.0,0.0,0.0,0.0
1775763278829303483,197195,0.0,1.1,0.024,0.1,0.04,0.0,-3.06,1.56,2.44,0.0,0.01,-0.03,-0.06,0.12,-0.06,11955.26,197.0,0.0,0.0,0.0,0.0
1775763278937677110,197295,0.0,1.3,0.024,0.3,-0.08,-0.06,-3.06,1.56,2.44,0.01,0.03,-0.02,-0.06,0.06,-0.06,11960.24,197.0,0.0,0.0,0.0,0.0
1775763279029996409,197395,0.0,1.3,0.012,0.5,0.12,-0.14,-3.06,1.56,2.44,0.02,0.03,-0.02,-0.06,-0.19,-0.06,11955.61,185.0,0.0,0.0,0.0,0.0
1775763279138352368,197495,0.0,0.9,0.02,0.2,0.04,-0.12,-3.06,1.56,2.44,0.0,0.03,-0.03,-0.06,-0.0,-0.06,11956.64,185.0,0.0,0.0,0.0,0.0
1775763279228860648,197596,0.0,1.0,0.072,0.2,-0.02,-0.02,-3.06,1.56,2.44,0.01,0.02,-0.02,-0.12,-0.06,0.0,11953.89,192.0,0.0,0.0,0.0,0.0
1775763279327054904,197696,0.0,1.0,0.056,0.3,-0.14,0.0,-3.06,1.56,2.44,0.01,0.03,-0.03,0.06,0.12,0.0,11957.15,192.0,0.0,0.0,0.0,0.0
1775763279431459066,197796,0.0,0.9,0.036,0.3,-0.06,-0.1,-3.06,1.56,2.44,0.01,0.03,-0.01,-0.0,-0.0,0.0,11956.12,192.0,0.0,0.0,0.0,0.0
1775763279529641675,197896,0.0,1.0,0.036,0.1,0.12,-0.1,-3.06,1.56,2.44,0.01,0.02,0.0,0.12,-0.0,-0.06,11955.78,202.0,0.0,0.0,0.0,0.0
1775763279632048217,197996,0.0,1.4,0.028,0.6,0.0,-0.02,-3.06,1.56,2.44,0.02,0.05,-0.01,-0.0,0.06,0.06,11955.78,189.0,0.0,0.0,0.0,0.0
1775763279730395336,198096,0.0,1.3,0.016,0.3,-0.04,0.0,-3.06,1.56,2.44,0.0,0.04,-0.04,-0.06,-0.06,0.0,11958.69,189.0,0.0,0.0,0.0,0.0
1775763279828616313,198196,0.0,1.3,0.012,0.4,0.0,0.04,-3.06,1.56,2.44,0.0,0.03,-0.01,-0.0,-0.06,0.0,11956.98,199.0,0.0,0.0,0.0,0.0
1775763279937083971,198296,0.0,1.6,0.012,0.5,0.0,-0.08,-3.06,1.56,2.44,0.02,0.03,-0.03,0.12,-0.06,0.0,11959.21,201.0,0.0,0.0,0.0,0.0
1775763280029400732,198396,0.0,1.3,0.008,-0.1,0.14,-0.02,-3.06,1.56,2.44,0.0,0.02,0.0,0.06,-0.06,0.06,11960.07,201.0,0.0,0.0,0.0,0.0
1775763280137724747,198495,0.0,1.3,0.016,0.5,-0.08,-0.2,-3.06,1.56,2.44,0.01,0.02,-0.02,-0.06,-0.0,0.0,11956.29,198.0,0.0,0.0,0.0,0.0
1775763280228068089,198595,0.0,1.4,0.064,0.5,-0.08,-0.04,-3.06,1.56,2.44,0.0,0.04,0.0,-0.06,-0.06,-0.06,11957.15,198.0,0.0,0.0,0.0,0.0
1775763280326297343,198695,0.0,1.4,0.0,0.2,0.0,-0.1,-3.06,1.56,2.44,0.0,0.02,-0.01,0.06,-0.0,0.0,11959.21,198.0,0.0,0.0,0.0,0.0
1775763280430622322,198795,0.0,0.6,0.032,0.3,-0.06,-0.08,-3.06,1.56,2.44,0.0,0.02,0.0,-0.0,-0.12,0.06,11956.64,201.0,0.0,0.0,0.0,0.0
1775763280539151697,198895,0.0,1.0,0.032,0.2,0.02,-0.08,-3.06,1.56,2.44,0.01,0.03,-0.01,-0.0,-0.19,-0.06,11958.01,201.0,0.0,0.0,0.0,0.0
1775763280631358185,198995,0.0,0.9,0.032,0.5,0.16,0.0,-3.06,1.56,2.44,0.02,0.03,-0.03,0.06,-0.12,-0.06,11956.81,193.0,0.0,0.0,0.0,0.0
1775763280729668712,199095,0.0,1.0,0.02,0.5,-0.02,-0.16,-3.06,1.56,2.44,0.0,0.03,-0.04,0.06,-0.12,0.06,11956.12,199.0,0.0,0.0,0.0,0.0
1775763280832146878,199195,0.0,1.3,0.02,0.2,-0.04,-0.06,-3.06,1.56,2.44,0.02,0.02,-0.03,-0.0,-0.06,0.06,11956.98,199.0,0.0,0.0,0.0,0.0
1775763280930345652,199296,0.0,1.3,0.024,0.1,-0.16,-0.12,-3.06,1.56,2.44,0.01,0.02,-0.04,-0.0,-0.12,0.0,11956.64,196.0,0.0,0.0,0.0,0.0
1775763281032732045,199396,0.0,1.2,0.02,0.6,0.06,-0.04,-3.06,1.56,2.44,0.0,0.03,-0.05,0.06,0.12,0.06,11958.69,202.0,0.0,0.0,0.0,0.0
1775763281131102587,199496,0.0,1.4,0.016,0.1,-0.08,-0.04,-3.06,1.56,2.44,0.01,0.04,-0.04,-0.0,-0.06,0.0,11958.69,202.0,0.0,0.0,0.0,0.0
1775763281231533541,199597,0.0,1.3,0.06,0.3,-0.16,0.0,-3.06,1.56,2.44,0.01,0.05,-0.03,-0.06,0.06,0.06,11956.64,190.0,0.0,0.0,0.0,0.0
1775763281329861381,199697,0.0,1.4,0.056,0.2,-0.08,0.04,-3.06,1.56,2.44,0.01,0.02,-0.02,0.06,0.06,0.0,11955.09,200.0,0.0,0.0,0.0,0.0
1775763281434157046,199797,0.0,1.3,0.04,0.2,0.06,-0.2,-3.06,1.56,2.44,0.02,0.04,-0.02,0.12,-0.06,0.0,11958.35,200.0,0.0,0.0,0.0,0.0
1775763281532398631,199898,0.0,1.5,0.032,0.5,-0.06,-0.14,-3.06,1.56,2.44,-0.02,0.02,-0.03,-0.12,0.12,0.0,11955.44,190.0,0.0,0.0,0.0,0.0
1775763281634894869,199998,0.0,1.3,0.028,0.2,0.0,-0.08,-3.06,1.56,2.44,0.02,0.02,-0.02,-0.0,-0.0,0.06,11957.49,190.0,0.0,0.0,0.0,0.0
1775763281733097178,200098,0.0,1.4,0.02,0.3,0.06,0.04,-3.06,1.56,2.44,0.0,0.03,-0.03,0.06,0.12,-0.06,11957.67,198.0,0.0,0.0,0.0,0.0
1775763281841454376,200198,0.0,1.4,0.0,1.1,0.12,-0.16,-3.06,1.56,2.44,0.0,0.03,-0.03,-0.0,0.19,-0.06,11955.61,200.0,0.0,0.0,0.0,0.0
1775763281933869426,200298,0.0,0.2,0.012,0.3,0.02,-0.04,-3.06,1.56,2.44,0.01,0.02,0.0,-0.12,-0.0,0.0,11958.01,200.0,0.0,0.0,0.0,0.0
1775763282032074753,200398,0.0,1.0,0.02,0.2,0.06,0.04,-3.06,1.56,2.44,0.0,0.03,-0.01,-0.06,0.12,0.0,11956.64,208.0,0.0,0.0,0.0,0.0
1775763282140484391,200498,0.0,0.8,0.012,0.4,-0.08,-0.08,-3.06,1.56,2.44,0.01,0.02,-0.03,-0.0,0.06,-0.06,11956.81,195.0,0.0,0.0,0.0,0.0
1775763282230884062,200598,0.0,0.9,0.056,0.3,-0.02,-0.06,-3.06,1.56,2.44,0.0,0.02,-0.03,0.06,-0.0,0.0,11955.61,195.0,0.0,0.0,0.0,0.0
1775763282333200048,200697,0.0,0.7,0.052,0.2,0.1,-0.02,-3.06,1.56,2.44,0.01,-0.0,-0.02,-0.06,0.06,-0.12,11955.78,191.0,0.0,0.0,0.0,0.0
1775763282439385096,200797,0.0,1.0,0.04,0.2,-0.06,-0.08,-3.06,1.56,2.44,0.01,0.02,-0.04,-0.06,-0.0,0.12,11955.44,192.0,0.0,0.0,0.0,0.0
1775763282531832162,200897,0.0,0.9,0.028,0.3,-0.06,-0.14,-3.06,1.56,2.44,0.01,0.03,-0.02,-0.06,0.12,-0.06,11957.67,192.0,0.0,0.0,0.0,0.0
1775763282640138620,200996,0.0,0.9,0.024,0.6,-0.02,-0.02,-3.06,1.56,2.44,0.0,0.02,-0.02,-0.0,0.12,0.06,11957.15,195.0,0.0,0.0,0.0,0.0
1775763282732524522,201096,0.0,0.3,0.0,1.6,-0.1,-0.06,-3.06,1.56,2.44,0.02,0.03,-0.02,0.06,-0.06,0.0,11956.12,195.0,0.0,0.0,0.0,0.0
1775763282830778920,201196,0.0,1.3,0.012,0.4,-0.08,-0.06,-3.06,1.56,2.44,-0.01,0.02,-0.02,-0.12,0.06,0.0,11956.81,186.0,0.0,0.0,0.0,0.0
1775763282933125794,201296,0.0,1.1,0.02,0.4,-0.1,0.06,-3.06,1.56,2.44,0.0,0.04,-0.02,0.06,-0.0,-0.06,11955.61,204.0,0.0,0.0,0.0,0.0
1775763283031458707,201396,0.0,1.0,0.012,0.5,0.02,-0.06,-3.06,1.56,2.44,-0.02,0.03,0.0,-0.0,-0.0,-0.06,11958.01,204.0,0.0,0.0,0.0,0.0
1775763283133803561,201496,0.0,1.1,0.02,0.5,0.1,-0.06,-3.06,1.56,2.44,0.01,0.01,0.0,-0.0,0.06,0.06,11956.64,197.0,0.0,0.0,0.0,0.0
1775763283230286901,201596,0.0,0.9,0.068,0.3,-0.04,-0.18,-3.06,1.56,2.44,0.02,0.03,-0.02,-0.06,-0.06,0.0,11955.44,200.0,0.0,0.0,0.0,0.0
1775763283332552444,201696,0.0,1.0,0.056,0.6,-0.04,-0.12,-3.06,1.56,2.44,0.0,0.05,-0.01,-0.0,0.06,-0.06,11957.84,200.0,0.0,0.0,0.0,0.0
1775763283432788906,201796,0.0,0.9,0.048,0.3,0.06,-0.21,-3.06,1.56,2.44,0.01,0.02,0.0,-0.0,0.06,0.12,11956.98,194.0,0.0,0.0,0.0,0.0
1775763283535201220,201896,0.0,0.9,0.032,0.3,0.16,-0.06,-3.06,1.56,2.44,0.0,0.04,-0.01,-0.0,-0.0,0.06,11958.18,203.0,0.0,0.0,0.0,0.0
1775763283633594129,201996,0.0,1.0,0.024,0.3,0.02,-0.14,-3.06,1.56,2.44,0.02,0.03,-0.04,-0.0,0.12,0.0,11959.38,203.0,0.0,0.0,0.0,0.0
1775763283731755623,202096,0.0,0.3,0.0,0.4,0.02,-0.12,-3.06,1.56,2.44,0.01,0.02,-0.02,-0.06,-0.06,0.06,11958.69,200.0,0.0,0.0,0.0,0.0
1775763283840262162,202196,0.0,1.4,0.02,0.1,0.06,0.06,-3.06,1.56,2.44,0.0,0.03,-0.01,-0.06,0.19,0.12,11961.27,200.0,0.0,0.0,0.0,0.0
1775763283932512014,202296,0.0,0.1,0.0,1.1,-0.04,0.0,-3.06,1.56,2.44,0.0,-0.0,0.01,-0.0,0.06,0.12,11957.32,194.0,0.0,0.0,0.0,0.0
1775763284040852117,202396,0.0,0.3,0.012,0.1,0.1,0.08,-3.06,1.56,2.44,0.01,0.03,0.01,0.06,-0.19,-0.06,11956.29,192.0,0.0,0.0,0.0,0.0
1775763284133228869,202497,0.0,1.5,0.02,0.5,0.04,0.02,-3.06,1.56,2.44,0.01,0.04,0.0,-0.06,-0.12,0.0,11956.64,192.0,0.0,0.0,0.0,0.0
1775763284233642858,202597,0.0,1.4,0.064,0.5,-0.12,0.0,-3.06,1.56,2.44,0.02,0.03,-0.01,-0.12,0.19,-0.06,11956.46,202.0,0.0,0.0,0.0,0.0
1775763284337923946,202697,0.0,1.2,0.052,0.5,0.1,0.0,-3.06,1.56,2.44,0.0,0.04,-0.02,0.06,0.06,0.0,11958.01,202.0,0.0,0.0,0.0,0.0
1775763284442274807,202798,0.0,0.3,0.0,1.5,0.16,-0.08,-3.06,1.56,2.44,0.0,0.02,-0.01,-0.0,-0.0,0.0,11958.18,202.0,0.0,0.0,0.0,0.0
1775763284534518789,202898,0.012,0.2,0.024,0.2,-0.02,-0.14,-3.06,1.56,2.44,0.0,0.04,-0.03,0.06,-0.19,-0.06,11956.12,200.0,0.0,0.0,0.0,0.0
1775763284642924239,202998,0.0,1.2,0.032,0.2,0.08,-0.1,-3.06,1.56,2.44,0.01,0.02,-0.03,-0.12,-0.06,0.06,11958.87,186.0,0.0,0.0,0.0,0.0
1775763284735292158,203098,0.0,1.4,0.016,0.3,-0.02,-0.1,-3.06,1.56,2.44,0.01,0.02,-0.01,0.19,-0.06,0.12,11960.75,186.0,0.0,0.0,0.0,0.0
1775763284843613224,203198,0.0,1.1,0.012,0.3,-0.14,-0.02,-3.06,1.56,2.44,0.0,0.02,0.0,-0.06,0.06,0.0,11959.9,196.0,0.0,0.0,0.0,0.0
1775763284935980069,203298,0.0,1.2,0.016,0.6,0.0,-0.1,-3.06,1.56,2.44,0.0,0.01,0.01,-0.06,-0.06,0.12,11961.61,196.0,0.0,0.0,0.0,0.0
1775763285044289154,203399,0.0,1.2,0.012,0.4,-0.08,0.06,-3.06,1.56,2.44,0.0,0.03,0.0,-0.0,0.06,0.0,11961.44,186.0,0.0,0.0,0.0,0.0
1775763285136579224,203499,0.0,1.2,0.024,0.9,-0.02,0.02,-3.06,1.56,2.44,0.0,0.02,0.01,-0.06,-0.0,0.06,11960.41,192.0,0.0,0.0,0.0,0.0
1775763285232984603,203599,0.0,0.7,0.064,0.1,0.02,-0.14,-3.06,1.56,2.44,-0.01,0.03,0.0,0.06,-0.12,0.0,11960.07,192.0,0.0,0.0,0.0,0.0
1775763285341328184,203699,0.0,0.8,0.056,0.1,0.02,-0.16,-3.06,1.56,2.44,0.0,0.03,0.0,-0.06,0.06,0.0,11959.72,186.0,0.0,0.0,0.0,0.0
1775763285435517584,203799,0.02,0.4,0.0,1.7,0.02,-0.12,-3.06,1.56,2.44,0.0,0.01,0.0,0.12,-0.0,-0.06,11960.07,192.0,0.0,0.0,0.0,0.0
1775763285538040537,203899,0.0,1.4,0.028,0.3,0.04,-0.02,-3.06,1.56,2.44,0.02,0.03,0.0,-0.0,0.12,0.06,11959.21,192.0,0.0,0.0,0.0,0.0
1775763285636241120,203999,0.0,1.3,0.02,0.2,-0.02,-0.02,-3.06,1.56,2.44,0.02,0.02,0.03,-0.12,-0.0,0.06,11956.64,194.0,0.0,0.0,0.0,0.0
1775763285738636395,204099,0.0,1.3,0.016,0.3,0.06,-0.08,-3.06,1.56,2.44,0.0,0.02,0.0,-0.12,-0.0,0.0,11958.01,194.0,0.0,0.0,0.0,0.0
1775763285836959472,204199,0.0,1.2,0.016,0.1,0.08,-0.12,-3.06,1.56,2.44,0.01,0.02,0.0,-0.06,-0.06,-0.06,11957.15,194.0,0.0,0.0,0.0,0.0
1775763285945362773,204299,0.0,1.2,0.012,0.2,0.06,-0.1,-3.06,1.56,2.44,0.01,0.03,0.0,-0.06,-0.0,0.19,11957.49,195.0,0.0,0.0,0.0,0.0
1775763286037717839,204399,0.0,0.9,0.008,0.4,-0.08,-0.1,-3.06,1.56,2.44,0.0,0.02,0.0,0.12,-0.0,0.06,11962.3,195.0,0.0,0.0,0.0,0.0
1775763286135914125,204499,0.0,0.9,0.02,0.5,-0.16,-0.2,-3.06,1.56,2.44,0.01,0.03,0.0,-0.0,0.19,-0.06,11961.78,193.0,0.0,0.0,0.0,0.0
1775763286236408422,204599,0.0,1.2,0.072,0.2,-0.06,0.04,-3.06,1.56,2.44,0.02,0.03,0.0,-0.0,0.06,0.06,11958.01,192.0,0.0,0.0,0.0,0.0
1775763286334647724,204699,0.0,1.3,0.04,0.2,-0.06,-0.14,-3.06,1.56,2.44,0.0,0.01,-0.01,-0.19,0.06,0.0,11959.38,192.0,0.0,0.0,0.0,0.0
1775763286444957926,204800,0.0,0.6,0.0,1.4,-0.06,-0.06,-3.06,1.56,2.44,0.0,0.04,-0.01,-0.0,0.06,0.0,11958.52,194.0,0.0,0.0,0.0,0.0
1775763286537291123,204900,0.012,0.0,0.0,1.6,0.08,-0.12,-3.06,1.56,2.44,-0.01,0.03,0.0,-0.06,-0.0,0.0,11956.12,190.0,0.0,0.0,0.0,0.0
1775763286637775532,205000,0.0,0.2,0.0,1.3,0.08,-0.14,-3.06,1.56,2.44,0.0,0.01,0.0,-0.12,0.19,0.12,11956.98,190.0,0.0,0.0,0.0,0.0
1775763286737990862,205100,0.0,0.9,0.028,0.3,-0.04,-0.04,-3.06,1.56,2.44,0.01,0.03,-0.02,-0.0,-0.06,0.12,11956.29,198.0,0.0,0.0,0.0,0.0
1775763286846382218,205200,0.0,0.9,0.024,0.3,0.14,0.08,-3.06,1.56,2.44,0.0,0.03,0.01,-0.0,-0.0,0.06,11956.64,212.0,0.0,0.0,0.0,0.0
1775763286938772504,205300,0.0,0.9,0.016,0.3,-0.04,0.04,-3.06,1.56,2.44,0.0,0.04,0.0,-0.06,-0.06,0.0,11956.64,212.0,0.0,0.0,0.0,0.0
1775763287047091271,205401,0.0,0.8,0.012,0.1,0.06,-0.08,-3.06,1.56,2.44,0.0,0.03,-0.02,0.06,-0.0,0.0,11957.32,197.0,0.0,0.0,0.0,0.0
1775763287139439447,205501,0.0,1.6,0.032,0.5,0.0,-0.02,-3.06,1.56,2.44,0.02,0.02,0.0,-0.06,0.06,0.06,11959.38,197.0,0.0,0.0,0.0,0.0
1775763287235867433,205601,0.0,1.2,0.056,0.5,0.0,-0.14,-3.06,1.56,2.44,0.0,0.02,-0.02,-0.06,-0.12,0.0,11960.24,196.0,0.0,0.0,0.0,0.0
1775763287344149053,205701,0.0,1.2,0.06,0.2,0.04,-0.08,-3.06,1.56,2.44,0.01,0.03,0.0,-0.0,-0.0,0.06,11956.46,196.0,0.0,0.0,0.0,0.0
1775763287438380559,205801,0.0,1.2,0.032,0.6,0.16,-0.14,-3.06,1.56,2.44,0.01,0.03,-0.01,0.12,-0.0,0.0,11956.46,196.0,0.0,0.0,0.0,0.0
1775763287540726075,205901,0.004,0.4,0.028,0.3,-0.04,-0.2,-3.06,1.56,2.44,0.0,0.04,-0.02,-0.0,-0.19,-0.06,11958.52,207.0,0.0,0.0,0.0,0.0
1775763287639036298,206001,0.0,0.9,0.024,0.5,-0.02,-0.16,-3.06,1.56,2.44,0.0,0.04,-0.01,0.06,-0.0,-0.06,11958.35,196.0,0.0,0.0,0.0,0.0
1775763287747381433,206101,0.0,0.9,0.028,0.6,-0.14,-0.16,-3.06,1.56,2.44,0.0,0.02,-0.01,-0.0,-0.0,0.06,11958.35,196.0,0.0,0.0,0.0,0.0
1775763287839732220,206201,0.0,1.0,0.02,0.5,-0.06,-0.06,-3.06,1.56,2.44,0.0,0.04,-0.01,-0.0,-0.06,0.06,11957.84,199.0,0.0,0.0,0.0,0.0
1775763287938017648,206301,0.0,0.7,0.02,0.2,-0.04,-0.1,-3.06,1.56,2.44,0.0,0.03,-0.02,-0.06,-0.0,0.0,11957.15,191.0,0.0,0.0,0.0,0.0
1775763288046405484,206401,0.0,0.9,0.016,0.6,0.04,-0.2,-3.06,1.56,2.44,0.01,0.02,-0.02,0.12,-0.12,0.06,11958.35,191.0,0.0,0.0,0.0,0.0
1775763288138691218,206501,0.0,0.9,0.028,0.3,0.12,0.04,-3.06,1.56,2.44,0.01,0.03,-0.04,0.06,-0.06,0.12,11957.49,188.0,0.0,0.0,0.0,0.0
1775763288239154163,206601,0.0,1.0,0.068,0.3,0.08,-0.02,-3.06,1.56,2.44,0.01,0.03,-0.01,-0.06,-0.12,0.0,11959.21,188.0,0.0,0.0,0.0,0.0
1775763288343447949,206701,0.0,0.8,0.052,0.3,-0.08,0.12,-3.06,1.56,2.44,0.0,0.03,-0.01,-0.0,-0.0,-0.06,11958.18,193.0,0.0,0.0,0.0,0.0
1775763288447719236,206801,0.0,1.1,0.044,0.4,-0.06,-0.16,-3.06,1.56,2.44,0.0,0.02,0.0,-0.0,0.06,0.06,11956.64,182.0,0.0,0.0,0.0,0.0
1775763288546028254,206901,0.0,0.3,0.0,0.5,-0.02,-0.12,-3.06,1.56,2.44,0.02,0.02,0.0,-0.0,0.06,-0.06,11959.04,182.0,0.0,0.0,0.0,0.0
1775763288648465338,207001,0.0,1.4,0.024,0.2,0.06,-0.06,-3.06,1.56,2.44,0.0,0.02,0.0,0.06,-0.06,0.06,11957.67,191.0,0.0,0.0,0.0,0.0
1775763288746743377,207101,0.0,1.2,0.02,0.3,0.02,-0.04,-3.06,1.56,2.44,0.01,0.03,-0.01,0.12,-0.06,0.12,11955.78,195.0,0.0,0.0,0.0,0.0
1775763288839129346,207201,0.0,1.6,0.02,0.2,0.0,0.0,-3.06,1.56,2.44,0.01,0.03,-0.01,-0.0,-0.0,-0.12,11957.49,195.0,0.0,0.0,0.0,0.0
1775763288947448833,207301,0.0,1.3,0.012,0.8,0.0,-0.04,-3.06,1.56,2.44,0.01,0.02,0.0,0.06,-0.06,0.0,11954.92,198.0,0.0,0.0,0.0,0.0
1775763289039738326,207401,0.0,0.2,0.0,1.3,-0.02,-0.08,-3.06,1.56,2.44,0.0,0.04,-0.01,-0.06,-0.06,-0.06,11956.12,202.0,0.0,0.0,0.0,0.0
1775763289148122623,207501,0.0,1.0,0.0,1.4,-0.14,0.0,-3.06,1.56,2.44,0.01,0.03,-0.01,-0.0,0.06,0.06,11957.32,202.0,0.0,0.0,0.0,0.0
1775763289238522657,207600,0.0,1.4,0.064,0.3,0.08,0.0,-3.06,1.56,2.44,0.0,0.03,-0.04,-0.06,-0.0,0.06,11957.15,198.0,0.0,0.0,0.0,0.0
1775763289342759000,207700,0.0,1.4,0.052,0.1,0.02,0.12,-3.06,1.56,2.44,0.0,0.01,-0.02,-0.0,0.12,0.0,11957.32,198.0,0.0,0.0,0.0,0.0
1775763289441080442,207800,0.0,1.4,0.036,0.3,-0.06,-0.08,-3.06,1.56,2.44,0.0,0.05,-0.01,-0.06,-0.0,-0.06,11957.67,206.0,0.0,0.0,0.0,0.0
1775763289539404162,207900,0.0,1.5,0.028,0.3,0.08,-0.1,-3.06,1.56,2.44,0.01,0.02,-0.01,-0.0,-0.0,0.06,11956.81,200.0,0.0,0.0,0.0,0.0
1775763289647777534,208000,0.0,1.5,0.024,0.5,-0.04,0.06,-3.06,1.56,2.44,0.0,0.02,-0.01,-0.06,-0.0,0.0,11959.72,200.0,0.0,0.0,0.0,0.0
1775763289740090562,208100,0.0,1.5,0.016,0.2,-0.04,-0.06,-3.06,1.56,2.44,0.0,0.04,-0.02,-0.0,-0.06,-0.06,11957.67,196.0,0.0,0.0,0.0,0.0
1775763289838437225,208200,0.0,1.6,0.016,0.5,0.0,-0.12,-3.06,1.56,2.44,0.0,0.05,-0.03,-0.12,0.06,0.0,11956.98,190.0,0.0,0.0,0.0,0.0
1775763289946905722,208300,0.0,0.9,0.02,0.3,0.16,0.0,-3.06,1.56,2.44,0.0,0.05,0.0,-0.06,-0.06,-0.12,11958.35,190.0,0.0,0.0,0.0,0.0
1775763290039081053,208400,0.0,0.8,0.016,0.1,0.08,0.06,-3.06,1.56,2.44,0.01,0.03,-0.03,0.06,0.06,0.0,11957.84,194.0,0.0,0.0,0.0,0.0
1775763290147445887,208500,0.0,1.3,0.036,0.6,-0.02,-0.23,-3.06,1.56,2.44,0.0,0.02,-0.03,-0.19,0.12,0.06,11958.18,191.0,0.0,0.0,0.0,0.0
1775763290237859881,208600,0.0,0.9,0.068,0.4,-0.04,-0.14,-3.06,1.56,2.44,0.01,0.02,-0.02,0.06,0.06,0.06,11958.35,191.0,0.0,0.0,0.0,0.0
1775763290342059707,208700,0.0,1.0,0.0,1.5,0.06,0.02,-3.06,1.56,2.44,0.02,0.05,0.0,-0.0,-0.06,0.06,11956.64,198.0,0.0,0.0,0.0,0.0
1775763290446406969,208800,0.0,1.5,0.036,0.6,-0.06,-0.08,-3.06,1.56,2.44,0.0,0.04,-0.01,0.12,0.06,0.06,11958.01,198.0,0.0,0.0,0.0,0.0
1775763290548861846,208901,0.0,1.2,0.028,0.5,-0.14,-0.06,-3.06,1.56,2.44,0.01,0.02,0.0,0.06,-0.12,0.0,11958.01,192.0,0.0,0.0,0.0,0.0
1775763290647112754,209001,0.0,1.2,0.028,0.0,-0.14,-0.18,-3.06,1.56,2.44,0.0,0.04,-0.02,0.06,-0.0,0.06,11956.81,196.0,0.0,0.0,0.0,0.0
1775763290741622687,209101,0.0,1.0,0.02,0.0,-0.08,-0.1,-3.06,1.56,2.44,0.01,0.01,-0.01,0.06,0.06,-0.06,11958.87,196.0,0.0,0.0,0.0,0.0
1775763290841818551,209202,0.0,1.4,0.016,0.3,0.04,-0.06,-3.06,1.56,2.44,0.0,0.06,0.06,-0.0,-0.12,-0.06,11958.52,198.0,0.0,0.0,0.0,0.0
1775763290950221235,209302,0.0,1.3,0.016,0.3,0.06,-0.21,-3.06,1.56,2.5,-0.07,0.15,0.22,0.88,-0.12,0.06,11957.15,198.0,0.0,0.0,0.0,0.0
1775763291042587907,209402,0.0,1.3,0.008,0.4,0.0,0.04,-3.06,1.56,2.5,-0.01,-0.0,0.04,0.06,-0.12,0.06,11958.18,198.0,0.0,0.0,0.0,0.0
1775763291140811778,209502,0.0,1.1,0.024,0.3,0.14,-0.06,-3.06,1.56,2.5,0.01,0.03,0.0,-0.06,-0.0,-0.06,11956.64,198.0,0.0,0.0,0.0,0.0
1775763291241251962,209602,0.0,1.2,0.056,0.5,-0.14,-0.1,-3.06,1.56,2.5,0.0,0.05,-0.06,-0.0,-0.19,0.06,11955.78,187.0,0.0,0.0,0.0,0.0
1775763291345519616,209702,0.0,1.3,0.0,1.1,0.02,-0.16,-3.06,1.56,2.5,-0.02,0.03,-0.03,0.12,-0.12,0.0,11959.38,187.0,0.0,0.0,0.0,0.0
1775763291443846612,209802,0.0,1.1,0.044,0.4,0.08,-0.04,-3.06,1.56,2.5,-0.01,0.03,-0.02,-0.06,-0.12,-0.06,11956.29,202.0,0.0,0.0,0.0,0.0
1775763291542264269,209902,0.0,1.1,0.036,0.2,-0.04,-0.16,-3.06,1.56,2.5,0.0,0.03,-0.04,-0.06,-0.0,0.06,11958.52,202.0,0.0,0.0,0.0,0.0
1775763291644599596,210002,0.0,1.5,0.032,0.3,0.1,0.02,-3.06,1.56,2.5,0.0,0.05,-0.01,-0.0,-0.06,0.0,11957.67,192.0,0.0,0.0,0.0,0.0
1775763291742861669,210102,0.0,1.1,0.016,0.0,-0.08,-0.04,-3.06,1.56,2.5,0.01,0.05,-0.05,0.12,-0.06,0.0,11956.46,196.0,0.0,0.0,0.0,0.0
1775763291845336489,210202,0.0,1.3,0.028,0.3,0.02,-0.08,-3.06,1.56,2.5,0.0,0.04,-0.04,-0.06,0.06,-0.06,11957.84,196.0,0.0,0.0,0.0,0.0
1775763291943565934,210301,0.0,1.3,0.012,0.5,0.0,-0.08,-3.06,1.56,2.5,0.01,0.04,-0.03,0.12,0.06,-0.06,11957.84,195.0,0.0,0.0,0.0,0.0
1775763292041846728,210401,0.0,1.4,0.024,0.2,-0.06,-0.06,-3.06,1.56,2.5,0.02,0.06,-0.04,-0.0,-0.06,0.0,11955.61,199.0,0.0,0.0,0.0,0.0
1775763292142304373,210501,0.0,1.1,0.032,0.5,0.02,-0.02,-3.06,1.56,2.5,0.03,0.04,-0.03,-0.06,0.06,-0.06,11960.92,199.0,0.0,0.0,0.0,0.0
1775763292240643644,210601,0.0,1.0,0.064,0.2,0.12,-0.02,-3.06,1.56,2.5,0.01,0.06,-0.04,0.19,-0.06,0.0,11958.35,194.0,0.0,0.0,0.0,0.0
1775763292338881106,210701,0.0,1.3,0.0,0.7,0.14,-0.02,-3.06,1.56,2.5,0.02,0.01,-0.02,-0.12,0.19,-0.06,11958.52,194.0,0.0,0.0,0.0,0.0
1775763292449264223,210800,0.0,0.9,0.04,0.5,-0.02,-0.18,-3.06,1.56,2.5,-0.01,0.02,-0.03,-0.0,0.06,0.12,11957.32,200.0,0.0,0.0,0.0,0.0
1775763292541521066,210900,0.0,0.9,0.04,0.4,-0.06,-0.12,-3.06,1.56,2.5,0.02,0.03,-0.06,0.06,0.06,0.06,11955.78,193.0,0.0,0.0,0.0,0.0
1775763292639897040,211000,0.0,0.7,0.032,0.2,-0.06,-0.12,-3.06,1.56,2.5,0.02,0.03,-0.03,0.06,0.06,0.0,11958.01,193.0,0.0,0.0,0.0,0.0
1775763292742206830,211100,0.0,1.0,0.02,0.3,-0.12,-0.14,-3.06,1.56,2.5,0.0,0.04,-0.05,-0.06,-0.12,-0.06,11956.46,198.0,0.0,0.0,0.0,0.0
1775763292840490679,211201,0.0,0.9,0.016,0.1,-0.06,-0.08,-3.06,1.56,2.5,0.03,0.03,-0.02,-0.0,-0.06,-0.06,11956.64,197.0,0.0,0.0,0.0,0.0
1775763292942986126,211301,0.0,0.9,0.02,0.6,-0.04,0.06,-3.06,1.56,2.5,0.0,0.02,-0.01,-0.19,0.19,-0.06,11960.58,197.0,0.0,0.0,0.0,0.0
1775763293041180127,211401,0.0,1.0,0.016,0.2,-0.1,-0.02,-3.06,1.56,2.5,0.01,0.03,-0.02,-0.0,-0.12,0.0,11959.55,197.0,0.0,0.0,0.0,0.0
1775763293143570690,211501,0.0,1.1,0.032,0.3,-0.04,-0.18,-3.06,1.56,2.5,0.01,0.03,0.0,-0.06,0.06,0.06,11958.69,191.0,0.0,0.0,0.0,0.0
1775763293239953635,211601,0.0,1.1,0.064,0.1,0.08,-0.1,-3.06,1.56,2.5,0.02,0.03,-0.02,-0.0,-0.06,0.12,11959.72,191.0,0.0,0.0,0.0,0.0
1775763293348327021,211701,0.0,0.9,0.048,0.2,-0.14,-0.1,-3.06,1.56,2.5,0.0,0.05,0.0,0.06,-0.0,0.06,11958.52,198.0,0.0,0.0,0.0,0.0
1775763293442533504,211801,0.0,1.0,0.036,0.3,-0.08,-0.16,-3.06,1.56,2.5,0.02,0.03,-0.03,-0.06,0.06,-0.06,11959.04,194.0,0.0,0.0,0.0,0.0
1775763293545039524,211901,0.0,0.9,0.032,0.2,0.0,0.0,-3.06,1.56,2.5,-0.01,0.04,-0.01,-0.06,-0.0,-0.06,11960.41,194.0,0.0,0.0,0.0,0.0
1775763293643242468,212001,0.0,0.8,0.0,1.7,-0.06,0.1,-3.06,1.56,2.5,0.0,0.03,-0.02,0.06,-0.0,0.0,11960.41,202.0,0.0,0.0,0.0,0.0
1775763293741589349,212101,0.0,1.2,0.024,0.3,-0.02,-0.16,-3.06,1.56,2.5,0.0,0.03,-0.03,-0.0,-0.12,0.0,11958.69,202.0,0.0,0.0,0.0,0.0
1775763293843935007,212201,0.0,0.9,0.036,0.6,0.0,-0.08,-3.06,1.56,2.5,0.0,0.03,-0.02,0.06,-0.06,0.12,11956.81,188.0,0.0,0.0,0.0,0.0
1775763293942218243,212301,0.0,0.7,0.02,0.3,0.02,0.04,-3.06,1.56,2.5,0.0,0.02,0.0,-0.0,-0.0,-0.06,11955.95,189.0,0.0,0.0,0.0,0.0
1775763294042717459,212401,0.0,1.1,0.016,0.2,0.0,0.0,-3.06,1.56,2.5,0.0,0.03,-0.01,-0.0,-0.06,0.0,11957.15,189.0,0.0,0.0,0.0,0.0
1775763294148939491,212501,0.0,1.1,0.028,0.2,-0.04,-0.16,-3.06,1.56,2.5,0.0,0.04,-0.02,0.06,-0.0,0.0,11957.15,193.0,0.0,0.0,0.0,0.0
1775763294243374090,212601,0.0,1.0,0.06,0.2,0.08,0.02,-3.06,1.56,2.5,0.0,0.01,0.0,0.06,-0.12,-0.06,11957.84,184.0,0.0,0.0,0.0,0.0
1775763294343553321,212701,0.0,1.0,0.048,0.3,0.0,-0.08,-3.06,1.56,2.5,0.0,0.02,-0.04,-0.0,-0.0,0.0,11958.35,184.0,0.0,0.0,0.0,0.0
1775763294441880092,212801,0.0,0.9,0.04,0.3,-0.04,0.0,-3.06,1.56,2.5,0.01,0.01,-0.03,0.06,0.12,0.12,11958.52,193.0,0.0,0.0,0.0,0.0
1775763294550278253,212901,0.0,0.9,0.028,0.3,-0.02,-0.08,-3.06,1.56,2.5,0.0,0.05,-0.02,0.06,-0.06,0.0,11959.9,206.0,0.0,0.0,0.0,0.0
1775763294642665976,213001,0.0,0.9,0.028,0.3,0.02,-0.12,-3.06,1.56,2.5,0.01,0.02,-0.01,-0.0,-0.0,0.06,11962.81,206.0,0.0,0.0,0.0,0.0
1775763294751008214,213101,0.0,0.9,0.028,0.5,-0.08,-0.1,-3.06,1.56,2.5,0.0,0.01,0.02,0.06,-0.12,0.0,11961.61,210.0,0.0,0.0,0.0,0.0
1775763294843363624,213201,0.0,1.1,0.024,0.3,-0.04,-0.04,-3.06,1.56,2.5,0.0,0.01,0.0,0.12,-0.0,0.0,11962.47,210.0,0.0,0.0,0.0,0.0
1775763294951679159,213301,0.0,0.8,0.008,0.2,0.06,-0.21,-3.06,1.56,2.5,0.0,0.04,-0.02,0.12,-0.06,-0.06,11961.95,192.0,0.0,0.0,0.0,0.0
1775763295043950499,213401,0.0,1.1,0.012,0.4,0.08,-0.04,-3.06,1.56,2.5,0.0,0.04,0.0,0.12,-0.19,-0.12,11961.95,197.0,0.0,0.0,0.0,0.0
1775763295142289953,213501,0.0,1.4,0.024,0.4,0.08,-0.06,-3.06,1.56,2.5,0.0,0.03,0.0,0.06,-0.0,0.0,11962.47,197.0,0.0,0.0,0.0,0.0
1775763295242792333,213601,0.0,1.6,0.068,0.1,-0.08,-0.08,-3.06,1.56,2.5,0.02,0.02,0.0,-0.06,0.12,0.0,11961.1,190.0,0.0,0.0,0.0,0.0
1775763295341028607,213701,0.0,1.0,0.052,0.6,-0.06,-0.08,-3.06,1.56,2.5,-0.01,0.05,-0.01,-0.06,-0.0,0.06,11958.69,203.0,0.0,0.0,0.0,0.0
1775763295445383234,213801,0.0,1.1,0.048,0.3,-0.1,0.0,-3.06,1.56,2.5,0.0,0.02,-0.02,0.06,0.12,0.0,11959.04,203.0,0.0,0.0,0.0,0.0
1775763295543641414,213901,0.0,1.3,0.032,0.3,-0.08,-0.04,-3.06,1.56,2.5,0.0,0.03,0.0,0.06,-0.12,-0.06,11958.87,205.0,0.0,0.0,0.0,0.0
1775763295652087053,214001,0.0,1.4,0.02,0.3,0.04,0.02,-3.06,1.56,2.5,0.01,0.04,0.0,-0.06,-0.12,-0.06,11959.9,205.0,0.0,0.0,0.0,0.0
1775763295744416112,214102,0.0,1.4,0.028,0.6,0.02,0.2,-3.06,1.56,2.5,0.0,0.02,0.0,-0.0,-0.12,0.0,11960.75,205.0,0.0,0.0,0.0,0.0
1775763295846701271,214202,0.0,1.3,0.012,0.1,-0.04,0.04,-3.06,1.56,2.5,0.0,0.05,-0.01,-0.12,-0.0,-0.06,11958.87,198.0,0.0,0.0,0.0,0.0
1775763295945137886,214302,0.0,1.3,0.016,0.8,0.0,0.0,-3.06,1.56,2.5,0.0,0.05,-0.04,-0.12,-0.0,0.06,11959.21,198.0,0.0,0.0,0.0,0.0
1775763296053401775,214403,0.0,1.6,0.0,1.1,-0.08,-0.21,-3.06,1.56,2.5,0.01,0.04,-0.02,0.06,-0.06,0.0,11959.9,200.0,0.0,0.0,0.0,0.0
1775763296145685205,214503,0.0,0.7,0.028,0.5,-0.08,0.0,-3.06,1.56,2.5,0.0,0.03,0.0,-0.0,-0.06,0.0,11958.35,204.0,0.0,0.0,0.0,0.0
1775763296246253673,214603,0.0,1.1,0.068,0.3,-0.16,-0.06,-3.06,1.56,2.5,0.0,0.04,0.0,-0.06,0.12,0.06,11960.75,204.0,0.0,0.0,0.0,0.0
1775763296350362330,214704,0.0,1.2,0.052,0.3,-0.02,-0.04,-3.06,1.56,2.5,0.0,0.04,0.0,-0.0,-0.0,-0.12,11960.75,191.0,0.0,0.0,0.0,0.0
1775763296454700660,214804,0.0,1.4,0.032,0.2,0.14,-0.1,-3.06,1.56,2.5,0.0,0.03,-0.02,-0.06,0.06,0.0,11958.52,199.0,0.0,0.0,0.0,0.0
1775763296547146009,214904,0.0,0.3,0.0,1.5,-0.06,0.04,-3.06,1.56,2.5,0.0,0.04,0.0,-0.06,-0.06,-0.06,11959.9,199.0,0.0,0.0,0.0,0.0
1775763296655473745,215005,0.0,0.7,0.02,0.5,0.08,-0.14,-3.06,1.56,2.5,-0.01,0.03,0.01,0.12,0.12,-0.06,11960.58,201.0,0.0,0.0,0.0,0.0
1775763296747748935,215105,0.0,0.9,0.02,0.3,0.02,-0.08,-3.06,1.56,2.5,0.0,0.03,-0.01,-0.0,-0.06,-0.06,11959.04,199.0,0.0,0.0,0.0,0.0
1775763296846093332,215205,0.0,0.9,0.02,0.2,-0.06,-0.12,-3.06,1.56,2.5,0.0,0.01,-0.01,0.06,0.12,-0.06,11959.04,199.0,0.0,0.0,0.0,0.0
1775763296954438142,215305,0.0,1.5,0.012,0.3,0.04,0.0,-3.06,1.56,2.5,0.0,0.04,0.0,-0.0,0.06,0.06,11957.84,197.0,0.0,0.0,0.0,0.0
1775763297056923863,215405,0.0,1.1,0.016,0.4,0.14,-0.02,-3.06,1.56,2.5,0.01,0.05,-0.01,-0.0,0.06,0.12,11959.21,197.0,0.0,0.0,0.0,0.0
1775763297155101046,215505,0.0,1.2,0.04,0.3,0.16,0.02,-3.06,1.56,2.5,0.0,0.04,0.01,-0.0,0.12,0.0,11959.72,200.0,0.0,0.0,0.0,0.0
1775763297245569772,215605,0.0,1.4,0.06,0.5,0.06,-0.1,-3.06,1.56,2.5,0.0,0.02,-0.01,-0.0,-0.12,-0.06,11958.01,189.0,0.0,0.0,0.0,0.0
1775763297349774479,215705,0.0,1.4,0.056,0.5,0.08,-0.1,-3.06,1.56,2.5,0.02,0.01,-0.02,0.06,0.12,-0.06,11959.72,189.0,0.0,0.0,0.0,0.0
1775763297448108060,215804,0.0,1.1,0.036,0.5,-0.06,0.02,-3.06,1.56,2.5,-0.02,0.02,-0.03,-0.0,0.06,-0.06,11959.38,211.0,0.0,0.0,0.0,0.0
1775763297546390126,215904,0.0,1.2,0.028,0.6,0.1,-0.14,-3.06,1.56,2.5,0.0,0.01,0.0,-0.12,0.06,0.0,11959.55,208.0,0.0,0.0,0.0,0.0
1775763297648871495,216004,0.0,1.3,0.02,0.3,-0.08,0.06,-3.06,1.56,2.5,0.01,0.01,0.0,-0.06,0.12,0.0,11960.24,208.0,0.0,0.0,0.0,0.0
1775763297747079973,216104,0.0,1.4,0.024,0.5,-0.2,-0.27,-3.06,1.56,2.5,-0.02,0.04,-0.01,0.19,-0.0,0.0,11959.38,195.0,0.0,0.0,0.0,0.0
1775763297855487852,216204,0.0,1.4,0.016,0.3,-0.02,0.04,-3.06,1.56,2.5,0.0,0.04,-0.01,0.12,-0.0,0.0,11958.01,179.0,0.0,0.0,0.0,0.0
1775763297953745142,216304,0.0,1.4,0.016,0.5,-0.06,0.04,-3.06,1.56,2.5,0.01,0.02,-0.01,0.06,-0.0,-0.12,11959.72,179.0,0.0,0.0,0.0,0.0
1775763298056172420,216404,0.0,1.2,0.012,0.2,-0.08,-0.16,-3.06,1.56,2.5,0.01,0.03,-0.01,-0.0,-0.0,0.0,11961.61,189.0,0.0,0.0,0.0,0.0
1775763298154458670,216504,0.0,1.6,0.032,0.2,-0.04,-0.2,-3.06,1.56,2.5,0.01,0.03,0.0,-0.06,0.06,0.0,11963.33,189.0,0.0,0.0,0.0,0.0
1775763298244848956,216604,0.0,1.3,0.06,0.1,-0.1,-0.06,-3.06,1.56,2.5,0.02,0.03,-0.02,0.06,-0.0,-0.12,11962.12,195.0,0.0,0.0,0.0,0.0
1775763298353199689,216705,0.0,1.2,0.052,0.4,0.02,-0.02,-3.06,1.56,2.5,0.0,0.02,-0.02,-0.12,-0.06,-0.12,11957.67,190.0,0.0,0.0,0.0,0.0
1775763298449603887,216805,0.0,1.2,0.04,0.3,0.12,0.1,-3.06,1.56,2.5,0.01,0.02,-0.02,0.06,-0.06,-0.06,11956.81,190.0,0.0,0.0,0.0,0.0
1775763298555792898,216905,0.0,1.2,0.024,0.4,-0.02,0.0,-3.06,1.56,2.5,0.0,0.02,-0.02,0.12,-0.0,0.06,11959.72,198.0,0.0,0.0,0.0,0.0
1775763298658240898,217006,0.0,1.2,0.028,0.5,0.02,0.02,-3.06,1.56,2.5,0.0,0.03,-0.02,-0.0,-0.06,-0.06,11957.15,199.0,0.0,0.0,0.0,0.0
1775763298756546147,217106,0.0,1.2,0.032,0.1,0.08,-0.02,-3.06,1.56,2.5,0.01,0.02,-0.01,0.06,-0.06,0.0,11959.55,199.0,0.0,0.0,0.0,0.0
1775763298848807817,217205,0.0,1.3,0.016,0.2,-0.04,-0.18,-3.06,1.56,2.5,0.01,0.03,0.0,0.19,-0.06,-0.06,11959.38,180.0,0.0,0.0,0.0,0.0
1775763298957211029,217305,0.0,1.3,0.016,0.5,0.21,-0.08,-3.06,1.56,2.5,0.0,0.02,0.0,-0.0,0.06,-0.06,11959.38,190.0,0.0,0.0,0.0,0.0
1775763299049591434,217405,0.0,1.5,0.016,0.5,0.04,0.06,-3.06,1.56,2.5,-0.02,0.04,0.01,-0.12,0.06,-0.06,11959.21,190.0,0.0,0.0,0.0,0.0
1775763299157893187,217505,0.0,1.3,0.028,0.2,-0.06,0.02,-3.06,1.56,2.5,0.0,0.02,-0.01,-0.06,0.06,0.0,11958.87,198.0,0.0,0.0,0.0,0.0
1775763299248276713,217605,0.0,1.4,0.052,0.3,0.0,-0.14,-3.06,1.56,2.5,0.0,0.03,-0.03,-0.0,-0.06,0.0,11960.58,198.0,0.0,0.0,0.0,0.0
1775763299356653666,217705,0.0,1.2,0.052,0.1,0.14,0.02,-3.06,1.56,2.5,0.0,0.03,-0.01,-0.12,0.06,-0.06,11960.41,197.0,0.0,0.0,0.0,0.0
1775763299450868995,217805,0.0,1.6,0.04,0.6,-0.06,-0.21,-3.06,1.56,2.5,-0.01,0.02,-0.02,-0.06,-0.0,0.06,11959.21,207.0,0.0,0.0,0.0,0.0
1775763299549264238,217905,0.0,1.3,0.02,0.1,-0.12,-0.02,-3.06,1.56,2.5,0.01,0.03,-0.03,0.19,-0.06,0.0,11959.9,207.0,0.0,0.0,0.0,0.0
1775763299651560503,218005,0.0,1.4,0.028,0.3,0.04,0.02,-3.06,1.56,2.5,0.0,0.01,-0.04,-0.0,-0.06,0.12,11959.72,203.0,0.0,0.0,0.0,0.0
1775763299749851475,218105,0.0,1.2,0.012,0.3,-0.06,0.1,-3.06,1.56,2.5,0.01,0.02,0.0,-0.0,-0.0,0.0,11958.18,193.0,0.0,0.0,0.0,0.0
1775763299852377025,218205,0.0,1.4,0.024,0.3,0.1,-0.12,-3.06,1.56,2.5,0.02,0.05,-0.03,-0.0,-0.0,0.06,11959.04,193.0,0.0,0.0,0.0,0.0
1775763299950577630,218305,0.0,1.4,0.008,0.1,0.08,-0.14,-3.06,1.56,2.5,0.0,0.03,-0.01,-0.06,-0.12,0.0,11958.35,210.0,0.0,0.0,0.0,0.0
1775763300052925892,218405,0.0,1.1,0.016,0.2,-0.04,-0.04,-3.06,1.56,2.5,0.01,0.01,-0.01,-0.12,-0.06,0.06,11958.01,202.0,0.0,0.0,0.0,0.0
1775763300151327023,218505,0.0,1.5,0.028,0.6,0.0,0.08,-3.06,1.56,2.5,0.0,0.02,-0.03,-0.06,-0.06,0.12,11959.72,202.0,0.0,0.0,0.0,0.0
1775763300247675353,218605,0.0,1.3,0.068,0.5,-0.18,-0.02,-3.06,1.56,2.5,0.02,0.04,-0.03,0.06,-0.12,0.06,11959.38,181.0,0.0,0.0,0.0,0.0
1775763300351931535,218705,0.0,1.4,0.052,0.2,-0.02,0.08,-3.06,1.56,2.5,0.0,0.03,-0.02,0.06,0.06,0.06,11959.9,181.0,0.0,0.0,0.0,0.0
1775763300456173533,218805,0.0,1.4,0.036,-0.1,0.0,-0.06,-3.06,1.56,2.5,0.0,0.03,-0.02,0.12,-0.0,-0.06,11961.27,185.0,0.0,0.0,0.0,0.0
1775763300558635456,218905,0.0,1.3,0.028,0.2,-0.04,-0.06,-3.06,1.56,2.5,0.0,0.04,-0.02,0.12,-0.06,0.06,11959.38,193.0,0.0,0.0,0.0,0.0
1775763300656893446,219005,0.0,1.2,0.024,0.0,-0.04,-0.06,-3.06,1.56,2.5,0.0,0.03,0.0,0.19,-0.0,0.0,11960.07,193.0,0.0,0.0,0.0,0.0
1775763300749198168,219105,0.0,1.4,0.02,0.3,0.02,-0.1,-3.06,1.56,2.5,0.0,0.03,-0.03,0.12,-0.0,0.0,11959.72,188.0,0.0,0.0,0.0,0.0
1775763300857587453,219205,0.0,1.3,0.016,0.2,0.0,-0.08,-3.06,1.56,2.5,0.01,0.03,-0.02,-0.0,-0.0,0.0,11959.55,201.0,0.0,0.0,0.0,0.0
1775763300949965486,219305,0.0,1.5,0.016,0.2,0.14,-0.12,-3.06,1.56,2.5,0.01,0.03,-0.01,0.06,-0.12,0.0,11961.27,201.0,0.0,0.0,0.0,0.0
1775763301058276293,219405,0.0,1.3,0.024,0.6,0.0,-0.1,-3.06,1.56,2.5,0.0,0.02,-0.01,-0.06,-0.12,0.19,11959.55,181.0,0.0,0.0,0.0,0.0
1775763301150573756,219505,0.0,1.4,0.032,0.3,-0.06,-0.02,-3.06,1.56,2.5,0.0,0.04,-0.05,-0.12,-0.0,0.06,11959.04,192.0,0.0,0.0,0.0,0.0
1775763301251067593,219606,0.0,0.1,0.0,1.1,-0.02,-0.06,-3.06,1.56,2.5,0.0,0.01,-0.03,-0.0,0.12,-0.06,11960.24,192.0,0.0,0.0,0.0,0.0
1775763301355292702,219706,0.0,1.2,0.048,0.5,0.16,-0.12,-3.06,1.56,2.5,0.02,0.04,-0.01,-0.0,0.06,0.0,11957.84,192.0,0.0,0.0,0.0,0.0
1775763301459620788,219806,0.0,1.1,0.048,0.6,-0.14,-0.16,-3.06,1.56,2.5,0.0,0.02,-0.01,-0.12,-0.06,-0.06,11959.72,192.0,0.0,0.0,0.0,0.0
1775763301551942952,219907,0.0,1.0,0.028,0.2,-0.02,-0.06,-3.06,1.56,2.5,-0.01,0.03,-0.06,-0.0,-0.06,0.06,11960.07,198.0,0.0,0.0,0.0,0.0
1775763301660306849,220007,0.0,0.9,0.024,0.5,-0.06,-0.06,-3.06,1.56,2.5,0.01,0.02,-0.04,0.19,-0.06,0.06,11959.21,198.0,0.0,0.0,0.0,0.0
1775763301752717490,220107,0.0,0.9,0.016,0.3,0.04,0.06,-3.06,1.56,2.5,0.01,0.04,-0.03,0.06,-0.06,-0.06,11959.9,198.0,0.0,0.0,0.0,0.0
1775763301861021890,220207,0.0,0.9,0.016,0.2,-0.02,0.0,-3.06,1.56,2.5,0.01,0.03,-0.03,-0.12,0.25,0.0,11959.55,192.0,0.0,0.0,0.0,0.0
1775763301953335537,220307,0.0,0.9,0.02,0.2,-0.02,-0.21,-3.06,1.56,2.5,-0.01,0.03,-0.01,-0.0,-0.06,0.0,11958.35,205.0,0.0,0.0,0.0,0.0
1775763302061688137,220407,0.0,0.9,0.008,0.5,0.08,-0.04,-3.06,1.56,2.5,0.02,0.04,-0.01,0.06,0.19,-0.06,11959.04,205.0,0.0,0.0,0.0,0.0
1775763302153994209,220508,0.0,1.0,0.04,0.5,0.0,0.04,-3.06,1.56,2.5,0.01,0.03,-0.04,-0.0,0.19,0.0,11958.35,198.0,0.0,0.0,0.0,0.0
1775763302254492046,220608,0.0,0.9,0.06,0.5,0.04,-0.18,-3.06,1.56,2.5,0.01,0.04,-0.01,-0.06,-0.0,0.0,11958.18,193.0,0.0,0.0,0.0,0.0
1775763302352741905,220708,0.0,1.1,0.044,0.3,-0.04,-0.02,-3.06,1.56,2.5,0.02,0.01,-0.03,0.06,-0.0,0.0,11959.9,193.0,0.0,0.0,0.0,0.0
1775763302452898574,220808,0.0,1.0,0.052,0.4,0.1,-0.2,-3.06,1.56,2.5,0.02,0.02,-0.02,-0.06,-0.0,0.06,11958.35,184.0,0.0,0.0,0.0,0.0
1775763302555377142,220908,0.0,0.9,0.028,0.3,0.04,-0.06,-3.06,1.56,2.5,-0.02,0.04,-0.02,0.06,0.06,0.06,11957.15,194.0,0.0,0.0,0.0,0.0
1775763302653723404,221008,0.0,1.2,0.024,0.1,-0.14,-0.04,-3.06,1.56,2.5,0.01,0.03,-0.02,-0.06,0.06,0.06,11958.35,194.0,0.0,0.0,0.0,0.0
1775763302762070782,221108,0.0,0.7,0.02,0.2,-0.06,-0.21,-3.06,1.56,2.5,0.0,0.03,-0.03,0.12,-0.0,0.06,11958.69,191.0,0.0,0.0,0.0,0.0
1775763302854438814,221208,0.0,1.0,0.016,0.5,-0.02,-0.12,-3.06,1.56,2.5,0.0,0.01,-0.03,-0.0,0.06,0.0,11961.95,191.0,0.0,0.0,0.0,0.0
1775763302952663749,221308,0.0,0.6,0.02,0.3,-0.02,-0.12,-3.06,1.56,2.5,0.0,0.04,-0.03,-0.0,-0.12,0.0,11960.92,201.0,0.0,0.0,0.0,0.0
1775763303061049642,221408,0.0,1.0,0.024,0.3,0.16,-0.12,-3.06,1.56,2.5,0.0,0.02,-0.02,-0.0,-0.12,0.0,11959.38,194.0,0.0,0.0,0.0,0.0
1775763303151444386,221507,0.0,1.0,0.036,0.6,-0.04,-0.04,-3.06,1.56,2.5,0.01,0.02,-0.03,-0.06,-0.12,0.06,11962.64,194.0,0.0,0.0,0.0,0.0
1775763303253834125,221607,0.0,1.1,0.06,0.4,-0.04,-0.06,-3.06,1.56,2.5,0.0,0.03,-0.04,-0.06,-0.06,0.0,11957.84,190.0,0.0,0.0,0.0,0.0
1775763303358100100,221707,0.0,1.1,0.06,0.2,0.0,-0.06,-3.06,1.56,2.5,0.01,0.04,-0.02,-0.06,-0.0,0.06,11956.64,196.0,0.0,0.0,0.0,0.0
1775763303452405476,221807,0.0,1.5,0.036,0.3,-0.02,-0.06,-3.06,1.56,2.5,0.0,0.02,-0.02,-0.0,-0.0,0.0,11958.52,196.0,0.0,0.0,0.0,0.0
1775763303554721811,221907,0.0,1.5,0.028,0.7,-0.06,-0.04,-3.06,1.56,2.5,0.03,0.02,-0.01,-0.0,-0.06,0.06,11956.98,199.0,0.0,0.0,0.0,0.0
1775763303653112255,222007,0.0,1.3,0.028,0.6,-0.08,-0.16,-3.06,1.56,2.5,0.0,0.04,-0.02,-0.0,0.06,-0.06,11958.87,199.0,0.0,0.0,0.0,0.0
1775763303755391240,222107,0.0,1.1,0.028,0.2,-0.02,-0.02,-3.06,1.56,2.5,0.02,0.03,-0.03,0.06,-0.0,-0.06,11957.49,192.0,0.0,0.0,0.0,0.0
1775763303853754852,222208,0.0,1.4,0.024,0.2,0.02,-0.02,-3.06,1.56,2.5,0.01,0.01,0.0,-0.06,0.12,-0.06,11956.81,202.0,0.0,0.0,0.0,0.0
1775763303956168848,222308,0.0,1.4,0.02,0.0,0.08,-0.08,-3.06,1.56,2.5,0.0,0.03,-0.01,0.06,-0.0,0.0,11959.72,202.0,0.0,0.0,0.0,0.0
1775763304054393893,222407,0.0,1.2,0.016,0.5,-0.06,-0.04,-3.06,1.56,2.5,0.0,0.05,0.0,-0.0,-0.0,-0.06,11958.87,197.0,0.0,0.0,0.0,0.0
1775763304156777927,222508,0.0,1.0,0.02,1.2,-0.06,-0.14,-3.06,1.56,2.5,0.02,0.03,-0.01,-0.12,0.06,0.06,11957.67,205.0,0.0,0.0,0.0,0.0
1775763304253164825,222608,0.0,0.8,0.06,0.3,0.02,0.0,-3.06,1.56,2.5,0.0,0.05,0.0,-0.0,-0.12,0.06,11960.24,205.0,0.0,0.0,0.0,0.0
1775763304361559624,222708,0.0,1.1,0.0,1.3,-0.02,-0.1,-3.06,1.56,2.5,0.0,0.03,-0.01,-0.0,-0.06,-0.06,11957.84,203.0,0.0,0.0,0.0,0.0
1775763304455766282,222808,0.0,1.4,0.028,0.7,-0.04,-0.1,-3.06,1.56,2.5,0.01,-0.0,0.0,0.06,-0.12,-0.06,11958.01,195.0,0.0,0.0,0.0,0.0
1775763304553983938,222908,0.0,1.3,0.024,0.0,-0.04,0.02,-3.06,1.56,2.5,0.0,0.01,-0.03,0.12,-0.12,0.06,11958.69,195.0,0.0,0.0,0.0,0.0
1775763304656446542,223008,0.0,1.1,0.02,0.0,0.0,0.02,-3.06,1.56,2.5,0.01,0.04,0.0,0.06,-0.0,0.12,11957.32,198.0,0.0,0.0,0.0,0.0
1775763304754751341,223108,0.0,1.3,0.02,0.6,-0.08,-0.14,-3.06,1.56,2.5,0.01,0.04,0.0,-0.0,-0.12,0.0,11959.21,183.0,0.0,0.0,0.0,0.0
1775763304863144641,223208,0.0,1.5,0.016,0.5,-0.04,-0.14,-3.06,1.56,2.5,0.0,0.03,-0.01,-0.0,0.06,-0.06,11958.52,183.0,0.0,0.0,0.0,0.0
1775763304955443860,223308,0.0,1.3,0.012,0.2,0.08,-0.06,-3.06,1.56,2.5,0.0,0.03,-0.01,-0.0,0.06,0.19,11958.01,206.0,0.0,0.0,0.0,0.0
1775763305053784343,223408,0.0,1.5,0.004,0.4,-0.02,-0.12,-3.06,1.56,2.5,0.01,0.02,0.0,-0.06,-0.0,0.06,11957.84,206.0,0.0,0.0,0.0,0.0
1775763305154182237,223508,0.0,0.9,0.032,0.2,0.02,-0.02,-3.06,1.56,2.5,0.01,0.05,-0.02,0.06,-0.06,-0.06,11960.07,183.0,0.0,0.0,0.0,0.0
1775763305252556903,223608,0.0,1.0,0.06,0.3,-0.06,-0.14,-3.06,1.56,2.5,0.0,0.04,-0.05,0.06,-0.0,-0.12,11960.58,201.0,0.0,0.0,0.0,0.0
1775763305356765416,223708,0.0,0.7,0.052,1.5,0.14,-0.02,-3.06,1.56,2.5,0.0,0.04,-0.02,-0.06,0.19,0.06,11962.64,201.0,0.0,0.0,0.0,0.0
1775763305455053567,223808,0.0,1.3,0.036,0.2,-0.14,-0.12,-3.06,1.56,2.5,0.0,0.03,-0.01,0.06,0.12,0.0,11961.1,192.0,0.0,0.0,0.0,0.0
1775763305563502030,223908,0.0,1.1,0.028,0.2,-0.1,-0.08,-3.06,1.56,2.5,0.0,0.06,0.0,-0.06,0.12,-0.06,11960.58,196.0,0.0,0.0,0.0,0.0
1775763305655923112,224008,0.0,1.6,0.024,0.2,-0.16,-0.08,-3.06,1.56,2.5,0.0,0.05,-0.02,0.06,0.25,0.0,11959.38,196.0,0.0,0.0,0.0,0.0
1775763305754036754,224107,0.0,1.2,0.024,0.5,0.2,-0.14,-3.06,1.56,2.5,0.01,0.02,-0.01,-0.0,-0.25,-0.06,11958.87,189.0,0.0,0.0,0.0,0.0
1775763305856560039,224207,0.0,1.5,0.012,0.1,0.02,-0.1,-3.06,1.56,2.5,0.01,0.03,-0.01,0.06,-0.12,0.0,11959.21,189.0,0.0,0.0,0.0,0.0
1775763305954766269,224307,0.0,1.1,0.012,0.8,-0.06,-0.18,-3.06,1.56,2.5,0.0,0.04,0.01,0.12,-0.12,0.0,11958.35,208.0,0.0,0.0,0.0,0.0
1775763306057151950,224407,0.0,1.1,0.016,0.1,0.0,-0.02,-3.06,1.56,2.5,0.0,0.03,-0.01,-0.0,-0.0,-0.06,11958.18,202.0,0.0,0.0,0.0,0.0
1775763306155488838,224507,0.0,0.8,0.032,0.3,-0.06,-0.16,-3.06,1.56,2.5,0.02,0.04,0.0,0.06,0.12,-0.12,11958.18,202.0,0.0,0.0,0.0,0.0
1775763306251885605,224607,0.0,0.9,0.056,0.5,-0.02,-0.1,-3.06,1.56,2.5,0.01,0.03,-0.01,-0.19,-0.25,0.0,11958.35,197.0,0.0,0.0,0.0,0.0
1775763306360195147,224707,0.0,0.6,0.044,0.2,-0.02,-0.18,-3.06,1.56,2.5,0.02,0.02,-0.01,0.19,-0.06,-0.06,11959.9,186.0,0.0,0.0,0.0,0.0
1775763306454396989,224807,0.0,1.0,0.04,0.3,0.0,-0.02,-3.06,1.56,2.5,0.0,0.04,-0.02,0.06,-0.06,0.0,11960.75,186.0,0.0,0.0,0.0,0.0
1775763306562838580,224907,0.0,0.9,0.036,0.3,-0.02,0.06,-3.06,1.56,2.5,0.0,0.01,0.0,0.12,-0.12,-0.12,11960.07,197.0,0.0,0.0,0.0,0.0
1775763306655118706,225007,0.0,1.1,0.028,0.3,-0.02,-0.08,-3.06,1.56,2.5,0.02,0.03,-0.01,0.06,-0.06,0.06,11959.72,196.0,0.0,0.0,0.0,0.0
1775763306763570593,225107,0.0,1.2,0.024,0.3,-0.06,-0.02,-3.06,1.56,2.5,0.0,0.02,-0.02,-0.06,0.06,-0.06,11959.55,196.0,0.0,0.0,0.0,0.0
1775763306861801988,225207,0.0,0.2,0.0,1.6,-0.04,-0.12,-3.06,1.56,2.5,0.0,0.03,0.0,-0.0,0.25,-0.06,11960.07,200.0,0.0,0.0,0.0,0.0
1775763306964290496,225307,0.0,1.3,0.024,0.6,-0.04,-0.12,-3.06,1.56,2.5,0.0,0.04,-0.01,-0.0,-0.0,0.0,11960.24,200.0,0.0,0.0,0.0,0.0
1775763307062482836,225408,0.0,0.7,0.008,0.2,0.0,0.06,-3.06,1.56,2.5,0.01,0.04,0.0,0.12,0.19,-0.06,11960.24,178.0,0.0,0.0,0.0,0.0
1775763307157001994,225508,0.0,1.3,0.036,0.3,-0.16,-0.16,-3.06,1.56,2.5,0.0,0.03,0.0,-0.0,-0.0,0.0,11959.04,198.0,0.0,0.0,0.0,0.0
1775763307255275089,225608,0.0,1.3,0.06,0.1,-0.1,-0.18,-3.06,1.56,2.5,0.0,0.02,0.0,-0.0,0.06,0.0,11959.04,198.0,0.0,0.0,0.0,0.0
1775763307363653646,225709,0.0,1.3,0.052,0.3,0.04,-0.18,-3.06,1.56,2.5,0.0,0.05,0.0,0.06,-0.06,-0.06,11959.55,197.0,0.0,0.0,0.0,0.0
1775763307457847932,225809,0.0,1.5,0.032,0.4,0.16,-0.02,-3.06,1.56,2.5,0.02,0.03,0.0,0.06,-0.19,-0.06,11958.69,199.0,0.0,0.0,0.0,0.0
1775763307566337464,225909,0.0,1.4,0.028,0.2,-0.14,-0.06,-3.06,1.56,2.5,0.02,0.02,0.0,-0.0,0.06,0.06,11960.92,199.0,0.0,0.0,0.0,0.0
1775763307658552852,226010,0.0,1.4,0.024,0.3,0.0,-0.08,-3.06,1.56,2.5,0.01,0.03,0.02,-0.0,-0.12,-0.06,11961.44,198.0,0.0,0.0,0.0,0.0
1775763307766957759,226110,0.0,1.3,0.016,0.1,0.1,-0.12,-3.06,1.56,2.5,0.0,0.03,0.0,-0.0,0.12,0.0,11959.21,202.0,0.0,0.0,0.0,0.0
1775763307859329454,226210,0.0,1.3,0.02,0.3,-0.2,-0.02,-3.06,1.56,2.5,0.01,0.04,0.0,-0.0,0.06,0.0,11960.92,202.0,0.0,0.0,0.0,0.0
1775763307967642995,226310,0.0,1.6,0.012,0.3,-0.06,-0.02,-3.06,1.56,2.5,0.01,0.03,0.0,-0.06,0.12,0.0,11959.9,202.0,0.0,0.0,0.0,0.0
1775763308060016263,226410,0.0,1.4,0.008,0.0,0.06,0.02,-3.06,1.56,2.5,-0.02,0.03,-0.01,-0.12,-0.0,0.0,11960.24,202.0,0.0,0.0,0.0,0.0
1775763308158219287,226510,0.0,1.5,0.036,0.3,0.02,-0.04,-3.06,1.56,2.5,0.0,-0.0,-0.01,0.12,-0.06,0.06,11961.1,193.0,0.0,0.0,0.0,0.0
1775763308258698490,226610,0.0,1.4,0.06,0.3,0.0,-0.02,-3.06,1.56,2.5,0.02,0.02,0.0,-0.06,-0.19,-0.12,11958.01,188.0,0.0,0.0,0.0,0.0
1775763308357021192,226710,0.0,1.5,0.048,0.3,-0.16,-0.08,-3.06,1.56,2.5,0.0,0.01,-0.02,-0.12,-0.0,0.0,11960.92,188.0,0.0,0.0,0.0,0.0
1775763308457193874,226810,0.0,1.5,0.04,0.4,0.14,0.06,-3.06,1.56,2.5,0.02,0.05,-0.02,-0.12,0.06,-0.06,11958.35,187.0,0.0,0.0,0.0,0.0
1775763308565606520,226910,0.0,1.2,0.032,0.5,-0.04,-0.08,-3.06,1.56,2.5,0.01,-0.0,-0.01,-0.06,-0.0,0.0,11957.32,195.0,0.0,0.0,0.0,0.0
1775763308657981770,227009,0.0,1.4,0.028,0.5,-0.1,-0.14,-3.06,1.56,2.5,0.0,0.03,0.0,-0.06,-0.0,0.0,11959.21,195.0,0.0,0.0,0.0,0.0
1775763308766313476,227109,0.008,0.7,0.02,0.6,0.02,-0.06,-3.06,1.56,2.5,0.0,0.02,-0.01,-0.19,-0.06,0.0,11958.69,195.0,0.0,0.0,0.0,0.0
1775763308864595477,227209,0.0,1.1,0.028,0.2,0.14,-0.02,-3.06,1.56,2.5,0.0,0.04,-0.02,-0.0,0.12,-0.06,11958.35,204.0,0.0,0.0,0.0,0.0
1775763308959119875,227309,0.0,1.1,0.02,0.3,-0.04,-0.06,-3.06,1.56,2.5,0.01,0.02,0.0,-0.06,-0.0,0.06,11961.44,204.0,0.0,0.0,0.0,0.0
1775763309065242602,227409,0.0,1.0,0.016,0.4,0.02,-0.14,-3.06,1.56,2.5,0.01,0.05,0.0,-0.12,0.19,0.0,11960.41,190.0,0.0,0.0,0.0,0.0
1775763309155661006,227509,0.0,1.5,0.028,0.2,0.12,-0.02,-3.06,1.56,2.5,0.01,0.03,-0.01,0.06,-0.0,0.0,11961.27,198.0,0.0,0.0,0.0,0.0
1775763309258002575,227609,0.0,1.0,0.068,0.2,0.02,0.0,-3.06,1.56,2.5,0.0,0.02,0.0,0.12,-0.12,0.06,11961.44,198.0,0.0,0.0,0.0,0.0
1775763309362283286,227709,0.0,0.7,0.048,0.3,0.02,0.06,-3.06,1.56,2.5,0.02,0.03,-0.01,0.06,0.12,0.12,11960.92,192.0,0.0,0.0,0.0,0.0
1775763309466690730,227809,0.0,1.0,0.028,0.2,-0.08,0.02,-3.06,1.56,2.5,0.01,0.01,0.0,-0.06,-0.0,-0.06,11961.1,192.0,0.0,0.0,0.0,0.0
1775763309558933855,227909,0.0,0.9,0.028,0.2,0.0,0.02,-3.06,1.56,2.5,0.02,0.04,-0.02,0.06,0.06,0.06,11961.78,195.0,0.0,0.0,0.0,0.0
1775763309657301722,228009,0.0,0.9,0.032,0.3,0.12,-0.14,-3.06,1.56,2.5,0.02,0.01,0.0,0.12,-0.06,0.06,11959.21,192.0,0.0,0.0,0.0,0.0
1775763309759698603,228109,0.0,1.0,0.024,0.1,0.0,-0.14,-3.06,1.56,2.5,0.0,0.04,-0.02,-0.06,-0.0,0.0,11960.41,192.0,0.0,0.0,0.0,0.0
1775763309868024401,228209,0.0,1.0,0.008,0.6,0.02,-0.04,-3.06,1.56,2.5,0.0,0.02,-0.03,0.06,-0.06,0.06,11960.58,195.0,0.0,0.0,0.0,0.0
1775763309960319598,228310,0.0,1.1,0.028,0.2,-0.14,0.06,-3.06,1.56,2.5,0.0,0.03,-0.01,0.06,-0.06,-0.06,11961.61,200.0,0.0,0.0,0.0,0.0
1775763310058638078,228410,0.0,0.9,0.008,0.3,-0.16,0.0,-3.06,1.56,2.5,0.02,0.02,-0.02,-0.06,0.06,0.0,11961.61,200.0,0.0,0.0,0.0,0.0
1775763310160993701,228510,0.0,1.4,0.04,0.8,0.04,-0.04,-3.06,1.56,2.5,0.02,0.03,-0.02,0.06,-0.0,-0.06,11962.12,192.0,0.0,0.0,0.0,0.0
1775763310257392779,228610,0.0,1.2,0.06,0.2,-0.08,0.0,-3.06,1.56,2.5,0.02,0.02,-0.04,0.12,-0.0,0.0,11958.18,192.0,0.0,0.0,0.0,0.0
1775763310365748760,228710,0.0,1.3,0.04,1.2,0.0,-0.14,-3.06,1.56,2.5,0.01,0.01,-0.03,-0.12,-0.12,-0.06,11960.75,196.0,0.0,0.0,0.0,0.0
1775763310459980838,228810,0.0,0.8,0.032,0.5,-0.02,0.04,-3.06,1.56,2.5,0.0,0.03,-0.04,0.25,0.06,0.06,11960.41,205.0,0.0,0.0,0.0,0.0
1775763310568358911,228910,0.0,0.9,0.028,0.2,0.02,-0.12,-3.06,1.56,2.5,0.0,0.03,-0.02,0.06,0.06,0.0,11962.47,205.0,0.0,0.0,0.0,0.0
1775763310660682105,229010,0.0,1.0,0.02,0.3,-0.04,-0.1,-3.06,1.56,2.5,0.0,0.03,0.0,0.06,-0.06,0.0,11961.1,189.0,0.0,0.0,0.0,0.0
1775763310758948809,229110,0.0,0.7,0.024,0.2,0.02,-0.06,-3.06,1.56,2.5,0.0,0.03,-0.02,-0.06,0.06,-0.06,11962.3,190.0,0.0,0.0,0.0,0.0
1775763310867334659,229210,0.0,1.1,0.024,0.5,-0.06,-0.16,-3.06,1.56,2.5,0.0,0.03,0.01,-0.06,-0.06,-0.06,11961.27,190.0,0.0,0.0,0.0,0.0
1775763310959646447,229310,0.0,1.1,0.02,0.5,-0.02,-0.1,-3.06,1.56,2.5,0.0,0.03,0.0,-0.0,-0.06,0.0,11959.21,197.0,0.0,0.0,0.0,0.0
1775763311068015001,229410,0.0,1.0,0.016,0.3,0.1,-0.12,-3.06,1.56,2.5,0.01,0.04,-0.01,0.19,-0.12,-0.06,11960.41,211.0,0.0,0.0,0.0,0.0
1775763311158441941,229510,0.0,1.0,0.044,0.3,-0.02,-0.25,-3.06,1.56,2.5,0.01,0.03,0.0,0.06,-0.0,0.12,11963.84,211.0,0.0,0.0,0.0,0.0
1775763311260788546,229610,0.0,1.1,0.068,0.5,-0.1,-0.06,-3.06,1.56,2.5,0.02,0.05,-0.03,0.19,-0.0,0.06,11961.95,191.0,0.0,0.0,0.0,0.0
1775763311360937393,229710,0.024,0.0,0.0,1.6,-0.06,-0.04,-3.06,1.56,2.5,0.0,0.03,-0.02,-0.0,-0.12,0.06,11961.78,198.0,0.0,0.0,0.0,0.0
1775763311469458976,229810,0.0,1.3,0.04,0.7,-0.06,-0.06,-3.06,1.56,2.5,0.01,0.05,0.0,0.06,0.06,0.12,11964.01,198.0,0.0,0.0,0.0,0.0
1775763311567686458,229910,0.0,1.5,0.036,0.3,-0.04,-0.14,-3.06,1.56,2.5,0.0,0.01,0.0,-0.06,-0.0,0.0,11961.95,202.0,0.0,0.0,0.0,0.0
1775763311660087871,230009,0.0,1.6,0.02,0.0,-0.04,-0.14,-3.06,1.56,2.5,0.0,0.01,-0.02,-0.25,0.06,-0.12,11963.67,202.0,0.0,0.0,0.0,0.0
1775763311758289725,230108,0.0,1.4,0.024,0.2,0.1,0.08,-3.06,1.56,2.5,0.02,0.03,-0.02,0.06,-0.06,-0.06,11962.81,202.0,0.0,0.0,0.0,0.0
1775763311860686586,230208,0.0,0.9,0.02,0.3,-0.02,-0.04,-3.06,1.56,2.5,0.01,0.02,-0.03,-0.0,0.06,0.0,11961.61,193.0,0.0,0.0,0.0,0.0
1775763311959029323,230308,0.0,1.0,0.02,0.3,-0.1,-0.08,-3.06,1.56,2.5,0.0,0.02,0.0,-0.0,-0.06,0.0,11961.95,193.0,0.0,0.0,0.0,0.0
1775763312067383432,230408,0.0,1.0,0.008,0.3,-0.04,0.02,-3.06,1.56,2.5,0.0,0.03,-0.06,-0.12,-0.0,0.0,11960.92,190.0,0.0,0.0,0.0,0.0
1775763312159663832,230508,0.0,0.8,0.044,0.4,0.0,0.08,-3.06,1.56,2.5,0.01,0.03,-0.01,-0.06,-0.19,0.0,11960.58,193.0,0.0,0.0,0.0,0.0
1775763312256019206,230608,0.0,1.0,0.076,0.2,-0.04,0.06,-3.06,1.56,2.5,0.0,0.04,-0.02,-0.06,-0.12,0.0,11960.58,193.0,0.0,0.0,0.0,0.0
1775763312360271453,230708,0.0,1.1,0.048,0.4,-0.04,-0.02,-3.06,1.56,2.5,0.01,-0.0,-0.01,-0.12,0.12,0.06,11958.87,204.0,0.0,0.0,0.0,0.0
1775763312458707387,230808,0.0,0.7,0.04,0.2,-0.04,-0.1,-3.06,1.56,2.5,0.0,0.03,-0.04,-0.0,0.12,0.0,11958.35,204.0,0.0,0.0,0.0,0.0
1775763312567062441,230908,0.0,0.9,0.036,0.3,0.02,-0.18,-3.06,1.56,2.5,-0.01,0.05,-0.03,0.12,-0.0,0.0,11959.21,197.0,0.0,0.0,0.0,0.0
1775763312665333661,231008,0.0,1.1,0.016,0.1,0.08,0.0,-3.06,1.56,2.5,-0.01,0.02,-0.04,-0.0,0.12,0.06,11957.67,197.0,0.0,0.0,0.0,0.0
1775763312759831946,231108,0.0,1.0,0.02,0.3,-0.18,-0.1,-3.06,1.56,2.5,0.0,0.03,-0.05,-0.06,-0.0,0.0,11958.87,197.0,0.0,0.0,0.0,0.0
1775763312866005575,231208,0.0,0.9,0.02,0.6,-0.04,-0.12,-3.06,1.56,2.5,-0.01,0.03,-0.04,0.06,0.19,0.06,11958.69,202.0,0.0,0.0,0.0,0.0
1775763312958341657,231308,0.0,1.1,0.012,0.2,0.04,-0.1,-3.06,1.56,2.5,0.0,0.03,-0.02,-0.0,-0.0,0.0,11957.67,204.0,0.0,0.0,0.0,0.0
1775763313066718172,231408,0.0,0.9,0.024,0.1,0.06,-0.14,-3.06,1.56,2.5,0.0,0.04,-0.02,-0.0,-0.0,-0.06,11957.49,204.0,0.0,0.0,0.0,0.0
1775763313157174350,231507,0.0,0.9,0.036,0.3,-0.14,-0.1,-3.06,1.56,2.5,0.0,0.05,-0.01,-0.0,0.12,-0.06,11957.15,202.0,0.0,0.0,0.0,0.0
1775763313255489419,231607,0.0,1.1,0.064,0.6,-0.14,0.0,-3.06,1.56,2.5,0.01,0.03,-0.01,-0.06,-0.0,0.0,11957.84,202.0,0.0,0.0,0.0,0.0
1775763313357757045,231707,0.0,1.2,0.052,0.3,-0.02,0.08,-3.06,1.56,2.5,0.01,0.04,-0.01,-0.0,0.06,-0.06,11960.58,202.0,0.0,0.0,0.0,0.0
1775763313468107365,231808,0.0,1.3,0.036,0.4,0.02,0.0,-3.06,1.56,2.5,0.0,0.02,0.0,0.06,-0.06,0.0,11959.55,193.0,0.0,0.0,0.0,0.0
1775763313560391060,231908,0.0,0.9,0.024,0.2,0.1,-0.14,-3.06,1.56,2.5,0.01,0.02,-0.01,0.06,0.06,0.0,11959.9,206.0,0.0,0.0,0.0,0.0
1775763313668810628,232008,0.0,1.0,0.028,0.2,-0.02,-0.04,-3.06,1.56,2.5,0.01,0.04,-0.02,0.12,-0.06,0.0,11960.07,206.0,0.0,0.0,0.0,0.0
1775763313761104692,232109,0.0,1.1,0.02,0.3,0.0,-0.02,-3.06,1.56,2.5,-0.01,0.03,-0.02,0.06,-0.0,0.0,11957.49,197.0,0.0,0.0,0.0,0.0
1775763313869495799,232209,0.0,1.1,0.016,0.2,-0.06,-0.08,-3.06,1.56,2.5,0.0,0.03,0.0,-0.0,-0.0,-0.12,11958.87,197.0,0.0,0.0,0.0,0.0
1775763313961763902,232309,0.0,0.9,0.016,0.3,0.04,0.0,-3.06,1.56,2.5,0.02,0.03,-0.01,0.12,-0.0,0.06,11959.04,189.0,0.0,0.0,0.0,0.0
1775763314060059491,232409,0.0,1.0,0.024,0.2,-0.2,-0.08,-3.06,1.56,2.5,0.01,0.02,-0.01,0.06,-0.19,-0.06,11954.92,196.0,0.0,0.0,0.0,0.0
1775763314162528623,232509,0.0,1.3,0.044,0.3,0.08,0.14,-3.06,1.56,2.5,0.0,0.01,-0.01,-0.0,0.06,0.0,11956.98,196.0,0.0,0.0,0.0,0.0
1775763314258929846,232608,0.0,1.3,0.056,0.4,-0.12,-0.12,-3.06,1.56,2.5,0.0,0.05,0.0,-0.0,-0.06,0.0,11956.98,197.0,0.0,0.0,0.0,0.0
1775763314363098651,232708,0.0,1.3,0.044,0.3,-0.08,-0.21,-3.06,1.56,2.5,0.0,0.02,0.01,0.12,-0.06,0.06,11957.49,195.0,0.0,0.0,0.0,0.0
1775763314467409300,232808,0.0,1.3,0.036,0.3,0.12,-0.14,-3.06,1.56,2.5,0.02,0.02,0.01,-0.0,-0.06,0.06,11957.49,195.0,0.0,0.0,0.0,0.0
1775763314559752157,232908,0.0,1.3,0.028,0.4,-0.02,-0.29,-3.06,1.56,2.5,0.02,0.02,0.0,-0.06,0.12,0.06,11956.81,191.0,0.0,0.0,0.0,0.0
1775763314660200894,233008,0.0,1.3,0.024,1.0,-0.02,-0.04,-3.06,1.56,2.5,0.0,0.04,-0.01,-0.06,0.06,0.0,11959.9,191.0,0.0,0.0,0.0,0.0
1775763314766373651,233108,0.0,1.0,0.028,0.3,0.0,-0.12,-3.06,1.56,2.5,0.0,0.04,-0.02,0.06,0.06,-0.06,11961.44,193.0,0.0,0.0,0.0,0.0
1775763314858691732,233208,0.0,1.2,0.012,0.4,-0.08,0.0,-3.06,1.56,2.5,0.02,0.02,-0.01,-0.0,0.06,-0.06,11960.58,204.0,0.0,0.0,0.0,0.0
1775763314967033081,233308,0.0,1.1,0.02,0.2,-0.08,0.02,-3.06,1.56,2.5,0.02,0.03,-0.01,0.06,-0.12,0.0,11958.69,204.0,0.0,0.0,0.0,0.0
1775763315069500954,233408,0.0,1.3,0.02,0.2,0.02,-0.25,-3.06,1.56,2.5,0.0,0.03,-0.01,-0.0,0.06,0.0,11958.18,195.0,0.0,0.0,0.0,0.0
1775763315159879394,233508,0.0,1.3,0.036,0.3,-0.06,-0.08,-3.06,1.56,2.5,0.0,0.03,-0.02,0.06,-0.0,0.0,11958.18,193.0,0.0,0.0,0.0,0.0
1775763315258172685,233608,0.0,1.4,0.052,0.1,0.0,0.1,-3.06,1.56,2.5,0.0,0.01,0.0,0.06,-0.06,0.12,11959.21,193.0,0.0,0.0,0.0,0.0
1775763315366531810,233708,0.0,1.2,0.048,0.3,-0.08,-0.08,-3.06,1.56,2.5,0.0,0.04,-0.01,-0.0,-0.0,-0.06,11957.84,202.0,0.0,0.0,0.0,0.0
1775763315460723220,233808,0.0,1.2,0.036,0.3,-0.1,-0.14,-3.06,1.56,2.5,0.01,0.03,-0.01,-0.0,-0.19,0.06,11957.84,198.0,0.0,0.0,0.0,0.0
1775763315569129713,233908,0.0,1.3,0.024,0.4,-0.08,-0.06,-3.06,1.56,2.5,0.0,0.03,0.0,0.06,0.06,-0.06,11959.9,198.0,0.0,0.0,0.0,0.0
1775763315661456145,234008,0.0,1.4,0.016,0.3,0.02,0.02,-3.06,1.56,2.5,0.01,0.02,0.0,-0.06,-0.0,0.0,11959.38,195.0,0.0,0.0,0.0,0.0
1775763315763861095,234108,0.0,1.0,0.032,0.3,0.0,0.04,-3.06,1.56,2.5,0.0,0.05,0.0,0.06,-0.12,-0.12,11958.01,187.0,0.0,0.0,0.0,0.0
1775763315862235438,234208,0.0,1.0,0.016,0.2,-0.02,0.02,-3.06,1.56,2.5,0.0,0.02,0.02,-0.06,0.12,0.0,11960.41,187.0,0.0,0.0,0.0,0.0
1775763315960409254,234308,0.0,1.0,0.008,-0.1,0.02,-0.16,-3.06,1.56,2.5,0.01,0.04,0.0,-0.0,0.06,0.0,11958.69,195.0,0.0,0.0,0.0,0.0
1775763316062915680,234408,0.0,1.1,0.016,0.1,0.02,-0.04,-3.06,1.56,2.5,0.0,0.03,0.0,0.06,-0.0,0.0,11959.72,195.0,0.0,0.0,0.0,0.0
1775763316161123142,234508,0.0,1.0,0.036,0.5,-0.1,-0.08,-3.06,1.56,2.5,0.01,0.02,0.0,-0.0,0.06,-0.06,11960.41,195.0,0.0,0.0,0.0,0.0
1775763316261574674,234608,0.04,0.3,0.0,1.4,-0.04,0.04,-3.06,1.56,2.5,-0.01,0.04,0.0,-0.0,-0.06,-0.12,11960.58,200.0,0.0,0.0,0.0,0.0
1775763316359864002,234708,0.032,0.0,0.0,1.6,-0.12,-0.12,-3.06,1.56,2.5,0.0,0.03,-0.01,-0.06,0.25,0.12,11960.24,200.0,0.0,0.0,0.0,0.0
1775763316460065027,234807,0.0,1.2,0.04,0.1,-0.02,-0.1,-3.06,1.56,2.5,0.0,0.04,-0.03,-0.0,-0.0,-0.06,11960.24,191.0,0.0,0.0,0.0,0.0
1775763316568506629,234907,0.0,1.4,0.036,0.4,-0.04,-0.16,-3.06,1.56,2.5,0.01,0.03,0.0,-0.06,-0.06,0.0,11960.24,194.0,0.0,0.0,0.0,0.0
1775763316660862818,235008,0.0,1.6,0.028,0.3,-0.1,0.02,-3.06,1.56,2.5,0.01,0.04,-0.01,-0.0,0.12,0.0,11961.78,194.0,0.0,0.0,0.0,0.0
1775763316769194073,235108,0.0,1.5,0.016,0.2,0.0,0.0,-3.06,1.56,2.5,0.0,0.04,0.0,-0.12,-0.0,0.0,11958.69,194.0,0.0,0.0,0.0,0.0
1775763316861559651,235208,0.0,1.3,0.02,0.2,-0.02,-0.08,-3.06,1.56,2.5,0.01,0.02,-0.02,-0.06,-0.0,-0.06,11960.92,194.0,0.0,0.0,0.0,0.0
1775763316969865074,235309,0.0,1.3,0.016,0.5,-0.1,-0.02,-3.06,1.56,2.5,0.0,0.03,0.0,-0.12,-0.06,0.0,11960.07,198.0,0.0,0.0,0.0,0.0
1775763317062170025,235409,0.0,1.4,0.012,0.3,-0.1,-0.14,-3.06,1.56,2.5,0.0,0.05,0.0,0.06,-0.06,0.0,11959.21,188.0,0.0,0.0,0.0,0.0
1775763317162618852,235509,0.0,1.6,0.044,0.5,-0.02,-0.06,-3.06,1.56,2.5,0.0,0.03,0.0,0.19,-0.0,0.06,11961.27,188.0,0.0,0.0,0.0,0.0
1775763317260946510,235610,0.0,1.2,0.048,0.2,0.02,0.0,-3.06,1.56,2.5,0.01,0.04,0.03,-0.0,0.06,-0.06,11962.47,185.0,0.0,0.0,0.0,0.0
1775763317369362946,235710,0.0,1.2,0.048,0.1,-0.1,-0.06,-3.06,1.56,2.5,0.0,0.03,-0.02,0.12,-0.0,-0.06,11961.44,194.0,0.0,0.0,0.0,0.0
1775763317463605241,235810,0.0,1.1,0.032,0.3,-0.06,-0.18,-3.06,1.56,2.5,0.02,0.03,-0.01,0.06,0.06,-0.12,11962.81,194.0,0.0,0.0,0.0,0.0
1775763317571933458,235911,0.0,0.4,0.0,1.0,-0.08,-0.02,-3.06,1.56,2.5,0.0,0.04,0.0,-0.12,-0.06,0.06,11962.12,192.0,0.0,0.0,0.0,0.0
1775763317664224298,236011,0.012,0.2,0.0,1.1,0.1,0.04,-3.06,1.56,2.5,0.01,0.02,-0.02,-0.06,0.19,0.06,11962.81,201.0,0.0,0.0,0.0,0.0
1775763317766695003,236111,0.0,0.8,0.024,0.3,0.02,-0.02,-3.06,1.56,2.5,0.0,0.04,0.0,-0.0,-0.0,0.06,11960.58,201.0,0.0,0.0,0.0,0.0
1775763317864933203,236211,0.0,0.9,0.016,0.3,-0.1,-0.12,-3.06,1.56,2.5,0.0,0.02,-0.02,0.06,-0.06,0.12,11959.9,195.0,0.0,0.0,0.0,0.0
1775763317973304307,236311,0.0,1.2,0.016,0.3,-0.12,-0.02,-3.06,1.56,2.5,-0.02,0.05,0.0,0.06,0.06,-0.06,11960.24,205.0,0.0,0.0,0.0,0.0
1775763318065699271,236411,0.0,1.3,0.02,0.2,-0.1,-0.12,-3.06,1.56,2.5,0.02,0.03,-0.03,-0.06,-0.0,0.0,11962.47,205.0,0.0,0.0,0.0,0.0
1775763318168009169,236511,0.0,1.3,0.044,0.1,0.04,0.02,-3.06,1.56,2.5,0.02,0.05,-0.01,-0.0,-0.0,0.0,11964.01,196.0,0.0,0.0,0.0,0.0
1775763318264399408,236611,0.0,1.2,0.06,0.1,0.0,-0.04,-3.06,1.56,2.5,0.01,0.03,-0.02,-0.0,-0.12,-0.06,11964.7,196.0,0.0,0.0,0.0,0.0
1775763318368659482,236711,0.0,1.5,0.04,0.5,0.04,-0.12,-3.06,1.56,2.5,0.01,0.04,-0.03,-0.06,-0.0,0.0,11963.67,197.0,0.0,0.0,0.0,0.0
1775763318472960629,236811,0.0,1.3,0.032,0.5,-0.04,-0.04,-3.06,1.56,2.5,0.01,0.02,0.0,0.06,0.12,0.0,11962.81,198.0,0.0,0.0,0.0,0.0
1775763318571269343,236911,0.0,1.5,0.024,0.2,0.06,0.02,-3.06,1.56,2.5,-0.02,0.04,0.0,-0.06,-0.12,0.06,11965.38,198.0,0.0,0.0,0.0,0.0
1775763318673672958,237011,0.0,1.2,0.02,0.6,0.04,-0.08,-3.06,1.56,2.5,0.01,0.02,0.0,-0.12,0.06,0.0,11962.12,192.0,0.0,0.0,0.0,0.0
1775763318771963785,237111,0.0,0.0,0.0,1.2,-0.12,-0.08,-3.06,1.56,2.5,0.0,0.03,-0.01,0.06,0.12,0.0,11959.04,199.0,0.0,0.0,0.0,0.0
1775763318864325750,237211,0.0,0.7,0.02,0.6,-0.1,0.0,-3.06,1.56,2.5,0.02,0.02,-0.01,-0.0,0.06,-0.06,11961.44,199.0,0.0,0.0,0.0,0.0
1775763318972654430,237310,0.0,0.9,0.02,0.2,-0.02,0.08,-3.06,1.56,2.5,0.0,0.03,0.0,-0.0,-0.12,0.06,11960.75,194.0,0.0,0.0,0.0,0.0
1775763319065017802,237410,0.0,1.2,0.012,0.4,-0.04,-0.1,-3.06,1.56,2.5,0.0,0.05,0.0,-0.0,-0.0,0.0,11961.44,194.0,0.0,0.0,0.0,0.0
1775763319161381745,237510,0.0,0.9,0.048,0.2,-0.12,-0.06,-3.06,1.56,2.5,0.03,0.05,0.0,0.12,-0.12,0.0,11961.27,187.0,0.0,0.0,0.0,0.0
1775763319263683809,237611,0.0,1.2,0.06,0.2,-0.04,0.08,-3.06,1.56,2.5,0.01,0.02,0.0,-0.0,0.06,0.0,11960.92,192.0,0.0,0.0,0.0,0.0
1775763319367918273,237711,0.0,1.1,0.052,0.5,-0.04,-0.21,-3.06,1.56,2.5,0.01,0.04,-0.04,-0.06,-0.06,-0.06,11963.5,192.0,0.0,0.0,0.0,0.0
1775763319466262300,237811,0.0,0.7,0.04,0.3,-0.02,-0.04,-3.06,1.56,2.5,0.0,0.05,0.0,0.12,-0.0,0.12,11963.84,193.0,0.0,0.0,0.0,0.0
1775763319574705381,237912,0.0,0.9,0.04,0.3,-0.12,-0.12,-3.06,1.56,2.5,0.0,0.04,0.0,-0.06,-0.0,-0.19,11961.44,196.0,0.0,0.0,0.0,0.0
1775763319667072363,238012,0.0,1.0,0.024,0.5,-0.02,-0.18,-3.06,1.56,2.5,0.03,0.03,0.0,0.12,-0.0,-0.06,11961.61,196.0,0.0,0.0,0.0,0.0
1775763319775369470,238112,0.0,1.1,0.028,0.5,0.06,0.0,-3.06,1.56,2.5,0.02,0.04,-0.02,-0.0,0.12,0.12,11959.9,191.0,0.0,0.0,0.0,0.0
1775763319867810857,238212,0.0,0.8,0.02,0.2,0.16,-0.02,-3.06,1.56,2.5,0.02,0.04,-0.02,0.06,0.06,-0.19,11959.9,189.0,0.0,0.0,0.0,0.0
1775763319965997595,238312,0.0,1.1,0.02,0.2,0.06,-0.04,-3.06,1.56,2.5,0.0,0.03,-0.03,0.12,-0.19,-0.06,11961.61,189.0,0.0,0.0,0.0,0.0
1775763320068377080,238412,0.0,1.3,0.012,0.5,-0.18,-0.2,-3.06,1.56,2.5,0.0,0.02,-0.03,-0.0,-0.0,0.0,11961.44,192.0,0.0,0.0,0.0,0.0
1775763320166668850,238512,0.0,1.2,0.048,0.3,0.08,-0.04,-3.06,1.56,2.5,0.0,0.05,-0.02,-0.0,-0.0,-0.06,11959.21,191.0,0.0,0.0,0.0,0.0
1775763320267152710,238612,0.0,1.3,0.052,0.2,0.04,-0.08,-3.06,1.56,2.5,0.0,0.05,0.0,0.06,0.06,0.0,11960.58,191.0,0.0,0.0,0.0,0.0
1775763320365492385,238712,0.0,1.4,0.048,0.7,0.02,-0.08,-3.06,1.56,2.5,0.0,0.03,-0.01,0.06,-0.19,0.0,11958.35,196.0,0.0,0.0,0.0,0.0
1775763320465649206,238812,0.0,1.5,0.048,0.2,-0.02,-0.18,-3.06,1.56,2.5,0.02,0.04,-0.01,-0.06,0.12,0.0,11960.24,196.0,0.0,0.0,0.0,0.0
1775763320568048061,238912,0.0,1.2,0.024,0.1,-0.14,-0.14,-3.06,1.56,2.5,0.0,0.03,0.0,-0.06,0.06,-0.06,11959.21,197.0,0.0,0.0,0.0,0.0
1775763320666334164,239012,0.0,1.4,0.02,0.3,-0.06,-0.1,-3.06,1.56,2.5,0.02,0.05,-0.01,0.12,-0.12,0.0,11960.58,205.0,0.0,0.0,0.0,0.0
1775763320774727413,239112,0.0,1.7,0.024,0.1,0.14,-0.18,-3.06,1.56,2.5,-0.01,0.03,-0.03,0.06,-0.06,0.06,11961.61,205.0,0.0,0.0,0.0,0.0
1775763320867012307,239212,0.0,1.3,0.016,0.3,-0.04,-0.1,-3.06,1.56,2.5,0.0,0.04,-0.04,-0.0,0.06,0.06,11961.44,195.0,0.0,0.0,0.0,0.0
1775763320975462738,239312,0.0,0.3,0.0,1.1,-0.12,-0.1,-3.06,1.56,2.5,0.02,0.04,-0.02,-0.06,-0.12,0.06,11960.07,195.0,0.0,0.0,0.0,0.0
1775763321073672715,239412,0.0,1.1,0.0,1.6,-0.08,0.0,-3.06,1.56,2.5,0.01,0.03,-0.01,0.06,0.06,-0.06,11961.44,195.0,0.0,0.0,0.0,0.0
1775763321168189030,239512,0.0,1.4,0.0,1.2,0.25,-0.1,-3.06,1.56,2.5,0.01,0.03,-0.02,-0.12,0.25,-0.06,11960.58,191.0,0.0,0.0,0.0,0.0
1775763321266439487,239612,0.0,1.1,0.056,0.3,-0.1,-0.04,-3.06,1.56,2.5,0.0,0.04,-0.01,-0.0,0.06,0.0,11959.72,191.0,0.0,0.0,0.0,0.0
1775763321370699004,239712,0.0,0.9,0.052,0.3,0.02,-0.29,-3.06,1.56,2.5,0.0,0.04,-0.02,-0.0,-0.06,0.06,11960.41,197.0,0.0,0.0,0.0,0.0
1775763321475059886,239812,0.0,0.3,0.0,1.3,0.02,-0.06,-3.06,1.56,2.5,0.02,0.02,-0.01,0.12,-0.06,0.0,11959.38,194.0,0.0,0.0,0.0,0.0
1775763321567463292,239912,0.0,1.4,0.032,0.3,-0.04,-0.14,-3.06,1.56,2.5,0.0,0.04,0.0,0.06,-0.0,-0.06,11961.95,194.0,0.0,0.0,0.0,0.0
1775763321675777581,240012,0.0,1.5,0.024,0.0,0.06,0.02,-3.06,1.56,2.5,0.0,0.01,-0.04,0.06,-0.12,0.0,11961.1,196.0,0.0,0.0,0.0,0.0
1775763321768066770,240112,0.0,1.5,0.016,0.4,-0.04,-0.06,-3.06,1.56,2.5,0.0,0.03,-0.04,0.06,0.06,0.12,11957.84,193.0,0.0,0.0,0.0,0.0
1775763321866357780,240212,0.0,1.3,0.016,0.5,0.0,0.0,-3.06,1.56,2.5,0.0,0.03,-0.03,-0.0,-0.06,0.0,11962.12,193.0,0.0,0.0,0.0,0.0
1775763321968749042,240311,0.0,1.2,0.02,0.3,0.2,-0.16,-3.06,1.56,2.5,0.0,0.03,-0.02,-0.0,-0.0,0.06,11958.01,194.0,0.0,0.0,0.0,0.0
1775763322067059605,240411,0.0,1.4,0.012,0.6,0.18,-0.12,-3.06,1.56,2.5,0.0,0.05,-0.03,-0.06,-0.0,-0.06,11957.67,191.0,0.0,0.0,0.0,0.0
1775763322168609113,240512,0.0,1.6,0.048,0.2,0.08,-0.1,-3.06,1.56,2.5,0.02,0.03,-0.03,0.06,-0.0,0.0,11960.75,191.0,0.0,0.0,0.0,0.0
1775763322265880082,240612,0.0,1.1,0.064,0.5,-0.02,-0.14,-3.06,1.56,2.5,-0.02,0.03,-0.03,-0.0,-0.25,-0.06,11959.38,198.0,0.0,0.0,0.0,0.0
1775763322374146596,240712,0.0,1.3,0.048,0.3,-0.08,0.06,-3.06,1.56,2.5,-0.01,0.03,-0.02,0.12,0.12,0.0,11958.35,190.0,0.0,0.0,0.0,0.0
1775763322468521214,240812,0.0,1.2,0.032,0.5,-0.04,-0.08,-3.06,1.56,2.5,0.0,0.03,-0.04,-0.0,-0.12,0.0,11960.41,190.0,0.0,0.0,0.0,0.0
1775763322566712006,240912,0.0,1.2,0.032,0.5,-0.04,-0.04,-3.06,1.56,2.5,0.0,0.01,-0.03,0.06,-0.12,-0.06,11958.69,192.0,0.0,0.0,0.0,0.0
1775763322669213187,241012,0.0,1.4,0.036,0.5,0.02,-0.06,-3.06,1.56,2.5,0.0,0.03,-0.02,-0.19,-0.12,-0.06,11960.75,192.0,0.0,0.0,0.0,0.0
1775763322767396257,241112,0.0,1.6,0.024,0.6,-0.04,-0.06,-3.06,1.56,2.5,0.01,0.02,-0.04,-0.12,-0.06,0.0,11960.07,199.0,0.0,0.0,0.0,0.0
1775763322875796431,241212,0.0,1.3,0.02,0.3,0.04,-0.1,-3.06,1.56,2.5,0.0,0.04,-0.03,-0.12,-0.0,-0.06,11959.55,193.0,0.0,0.0,0.0,0.0
1775763322968179763,241312,0.0,1.4,0.036,0.5,-0.18,-0.04,-3.06,1.56,2.5,0.01,0.02,-0.05,0.06,-0.19,0.06,11961.1,193.0,0.0,0.0,0.0,0.0
1775763323076501106,241413,0.0,1.5,0.016,0.5,-0.04,-0.1,-3.06,1.56,2.5,0.0,0.03,-0.02,-0.0,-0.19,0.0,11960.24,186.0,0.0,0.0,0.0,0.0
1775763323166884448,241513,0.0,1.4,0.048,0.1,-0.1,-0.1,-3.06,1.56,2.5,0.0,0.02,-0.04,-0.0,-0.06,0.06,11962.3,200.0,0.0,0.0,0.0,0.0
1775763323269250043,241613,0.0,1.2,0.056,0.1,-0.02,0.04,-3.06,1.56,2.5,0.01,0.03,-0.04,-0.06,0.06,0.0,11963.67,200.0,0.0,0.0,0.0,0.0
1775763323373527817,241713,0.0,1.3,0.044,0.2,0.0,-0.02,-3.06,1.56,2.5,0.0,0.01,-0.01,-0.19,0.06,0.06,11962.64,200.0,0.0,0.0,0.0,0.0
1775763323477962175,241813,0.0,1.3,0.02,0.4,0.02,-0.06,-3.06,1.56,2.5,0.02,0.02,-0.03,0.06,-0.19,-0.06,11964.35,200.0,0.0,0.0,0.0,0.0
1775763323570142165,241913,0.0,1.5,0.028,0.2,0.02,-0.18,-3.06,1.56,2.5,0.0,0.02,-0.02,-0.0,0.06,-0.06,11962.64,194.0,0.0,0.0,0.0,0.0
1775763323668436322,242013,0.0,1.2,0.02,0.5,0.0,0.02,-3.06,1.56,2.5,0.0,0.04,-0.01,0.19,-0.19,0.06,11961.95,191.0,0.0,0.0,0.0,0.0
1775763323771034497,242113,0.0,1.3,0.02,0.2,0.0,-0.08,-3.06,1.56,2.5,-0.01,0.01,0.0,0.06,-0.0,0.0,11964.7,191.0,0.0,0.0,0.0,0.0
1775763323869234103,242213,0.0,1.2,0.012,0.5,0.1,-0.08,-3.06,1.56,2.5,0.01,0.03,0.0,-0.0,0.19,-0.12,11962.47,192.0,0.0,0.0,0.0,0.0
1775763323971515461,242313,0.0,1.2,0.016,0.1,0.02,-0.1,-3.06,1.56,2.5,0.01,0.03,-0.02,-0.12,0.31,0.0,11960.92,194.0,0.0,0.0,0.0,0.0
1775763324069904705,242413,0.0,1.2,0.016,0.3,0.04,-0.08,-3.06,1.56,2.5,0.0,0.05,-0.02,-0.12,0.06,-0.06,11960.92,194.0,0.0,0.0,0.0,0.0
1775763324170307178,242513,0.0,1.4,0.048,0.4,0.06,0.1,-3.06,1.56,2.5,0.02,0.03,-0.02,-0.06,0.25,0.0,11960.07,197.0,0.0,0.0,0.0,0.0
1775763324268664682,242613,0.0,1.2,0.06,0.3,0.12,-0.21,-3.06,1.56,2.5,0.0,0.02,0.01,0.06,-0.0,-0.06,11960.24,195.0,0.0,0.0,0.0,0.0
1775763324366807012,242713,0.0,0.9,0.044,0.7,0.1,-0.14,-3.06,1.56,2.5,0.0,0.03,-0.02,-0.0,0.06,0.06,11960.75,195.0,0.0,0.0,0.0,0.0
1775763324471149597,242812,0.0,1.1,0.036,0.2,0.02,-0.21,-3.06,1.56,2.5,0.01,0.02,-0.04,-0.12,0.06,0.06,11964.18,197.0,0.0,0.0,0.0,0.0
1775763324569480399,242912,0.0,0.9,0.032,0.3,0.06,-0.1,-3.06,1.56,2.5,0.0,0.01,-0.01,0.06,0.06,0.0,11962.3,189.0,0.0,0.0,0.0,0.0
1775763324667867235,243012,0.0,0.6,0.028,0.3,0.0,-0.06,-3.06,1.56,2.5,0.01,0.03,-0.02,-0.06,-0.0,0.12,11962.81,189.0,0.0,0.0,0.0,0.0
1775763324776194319,243111,0.0,1.0,0.024,0.1,-0.08,-0.14,-3.06,1.56,2.5,0.0,0.04,-0.02,0.06,-0.0,-0.06,11963.33,189.0,0.0,0.0,0.0,0.0
1775763324868558224,243211,0.0,1.1,0.016,0.2,-0.04,-0.04,-3.06,1.56,2.5,0.0,0.03,-0.02,-0.06,-0.06,0.0,11964.53,189.0,0.0,0.0,0.0,0.0
1775763324976865198,243311,0.0,0.9,0.028,0.1,0.06,-0.12,-3.06,1.56,2.5,0.0,0.02,-0.01,0.06,0.12,-0.06,11963.33,193.0,0.0,0.0,0.0,0.0
1775763325069153700,243411,0.0,1.1,0.012,0.4,-0.08,-0.1,-3.06,1.56,2.5,0.0,0.02,-0.02,-0.0,0.06,-0.06,11959.04,189.0,0.0,0.0,0.0,0.0
1775763325169614836,243511,0.0,1.0,0.056,0.5,0.0,-0.06,-3.06,1.56,2.5,0.0,0.03,-0.03,0.06,-0.0,-0.06,11963.67,189.0,0.0,0.0,0.0,0.0
1775763325267889640,243611,0.0,1.1,0.06,0.5,0.0,-0.18,-3.06,1.56,2.5,-0.02,0.05,-0.02,-0.0,-0.06,0.0,11963.67,185.0,0.0,0.0,0.0,0.0
1775763325376357049,243712,0.0,1.0,0.048,0.3,-0.1,-0.02,-3.06,1.56,2.5,0.0,0.03,-0.02,-0.0,0.06,-0.06,11963.67,199.0,0.0,0.0,0.0,0.0
1775763325470611042,243812,0.0,1.0,0.032,0.7,0.06,-0.08,-3.06,1.56,2.5,-0.02,0.03,-0.04,-0.06,-0.0,0.0,11965.04,199.0,0.0,0.0,0.0,0.0
1775763325578927921,243912,0.0,1.0,0.02,0.7,0.04,-0.06,-3.06,1.56,2.5,0.01,0.03,0.0,-0.0,0.06,0.06,11961.78,195.0,0.0,0.0,0.0,0.0
1775763325671303270,244013,0.0,0.8,0.02,0.7,-0.08,-0.08,-3.06,1.56,2.5,0.01,0.03,-0.01,0.06,-0.12,0.0,11961.44,195.0,0.0,0.0,0.0,0.0
1775763325779641926,244113,0.0,1.4,0.028,0.5,-0.06,0.02,-3.06,1.56,2.5,0.0,0.02,0.0,-0.06,-0.0,0.12,11961.78,190.0,0.0,0.0,0.0,0.0
1775763325871903503,244213,0.0,1.2,0.024,0.4,-0.14,-0.1,-3.06,1.56,2.5,0.0,0.02,0.0,0.06,0.06,0.06,11960.41,192.0,0.0,0.0,0.0,0.0
1775763325970293135,244313,0.0,1.4,0.02,0.3,-0.04,0.0,-3.06,1.56,2.5,0.02,0.01,0.0,0.06,-0.06,0.06,11960.75,192.0,0.0,0.0,0.0,0.0
1775763326072582769,244413,0.0,1.3,0.012,0.3,-0.04,-0.04,-3.06,1.56,2.5,0.0,0.04,-0.02,-0.12,-0.0,0.06,11963.15,196.0,0.0,0.0,0.0,0.0
1775763326169084479,244513,0.0,1.3,0.052,0.5,0.08,-0.14,-3.06,1.56,2.5,0.02,0.02,-0.02,-0.06,-0.06,0.0,11959.04,197.0,0.0,0.0,0.0,0.0
1775763326271402445,244613,0.0,1.6,0.056,0.3,-0.02,0.02,-3.06,1.56,2.5,0.0,-0.0,0.0,0.06,0.06,-0.06,11961.27,197.0,0.0,0.0,0.0,0.0
1775763326369722320,244713,0.0,1.2,0.048,0.1,-0.02,-0.08,-3.06,1.56,2.5,0.02,0.05,0.01,0.06,-0.06,0.0,11960.07,192.0,0.0,0.0,0.0,0.0
1775763326473923985,244813,0.0,1.4,0.0,0.9,-0.06,-0.06,-3.06,1.56,2.5,0.0,0.03,-0.02,-0.0,-0.25,0.06,11961.1,197.0,0.0,0.0,0.0,0.0
1775763326572368206,244913,0.0,1.0,0.044,0.3,0.08,-0.04,-3.06,1.56,2.5,0.0,0.03,-0.01,0.06,-0.0,0.0,11961.61,197.0,0.0,0.0,0.0,0.0
1775763326670547033,245013,0.0,0.1,0.0,1.4,0.08,0.02,-3.06,1.56,2.5,0.01,0.01,-0.02,-0.06,-0.06,0.0,11961.27,196.0,0.0,0.0,0.0,0.0
1775763326772937569,245113,0.0,1.3,0.016,0.2,0.0,0.08,-3.06,1.56,2.5,0.01,0.03,-0.03,0.12,-0.19,0.0,11961.44,204.0,0.0,0.0,0.0,0.0
1775763326877231674,245213,0.0,1.4,0.028,0.2,-0.08,-0.04,-3.06,1.56,2.5,0.0,0.02,-0.01,-0.0,-0.0,-0.06,11961.78,204.0,0.0,0.0,0.0,0.0
1775763326979657263,245313,0.036,0.3,0.016,0.1,-0.14,0.02,-3.06,1.56,2.5,0.0,0.04,-0.01,0.06,-0.06,0.06,11960.75,196.0,0.0,0.0,0.0,0.0
1775763327072003891,245413,0.0,0.1,0.0,1.6,0.1,-0.1,-3.06,1.56,2.5,0.0,0.05,0.0,0.12,0.12,0.0,11961.78,196.0,0.0,0.0,0.0,0.0
1775763327172413325,245513,0.0,1.5,0.044,0.3,-0.04,-0.12,-3.06,1.56,2.5,0.0,0.02,0.0,-0.0,-0.0,-0.06,11961.78,197.0,0.0,0.0,0.0,0.0
1775763327270688017,245613,0.0,1.3,0.052,0.4,-0.16,-0.21,-3.06,1.56,2.5,0.0,0.03,0.0,0.06,-0.19,0.06,11960.41,209.0,0.0,0.0,0.0,0.0
1775763327368964709,245713,0.0,1.1,0.04,0.5,0.06,-0.2,-3.06,1.56,2.5,0.02,0.04,-0.02,-0.06,0.06,0.0,11961.1,209.0,0.0,0.0,0.0,0.0
1775763327479302538,245813,0.0,1.4,0.036,0.3,-0.06,-0.08,-3.06,1.56,2.5,0.01,0.04,-0.02,-0.0,0.19,-0.06,11962.12,193.0,0.0,0.0,0.0,0.0
1775763327571602112,245913,0.0,1.2,0.028,0.6,0.04,-0.06,-3.06,1.56,2.5,0.01,0.04,-0.02,-0.06,-0.0,0.06,11961.44,204.0,0.0,0.0,0.0,0.0
1775763327679963932,246013,0.0,1.2,0.036,0.2,0.02,-0.06,-3.06,1.56,2.5,-0.01,0.01,0.0,-0.0,0.06,0.0,11961.61,204.0,0.0,0.0,0.0,0.0
1775763327772272617,246113,0.0,1.2,0.012,0.1,0.0,-0.06,-3.06,1.56,2.5,0.01,0.04,0.0,-0.06,0.12,0.0,11959.9,215.0,0.0,0.0,0.0,0.0
1775763327880725395,246213,0.0,1.5,0.02,0.8,-0.02,-0.02,-3.06,1.56,2.5,0.02,0.02,-0.02,0.06,-0.0,-0.06,11962.12,215.0,0.0,0.0,0.0,0.0
1775763327973016544,246313,0.0,0.9,0.016,0.1,-0.04,-0.2,-3.06,1.56,2.5,0.0,0.03,0.0,-0.0,0.06,0.12,11960.75,195.0,0.0,0.0,0.0,0.0
1775763328071289106,246413,0.0,1.0,0.004,0.3,-0.08,-0.08,-3.06,1.56,2.5,0.0,0.03,0.0,-0.19,-0.0,0.0,11960.75,219.0,0.0,0.0,0.0,0.0
1775763328172207124,246513,0.0,0.9,0.052,0.7,-0.06,-0.16,-3.06,1.56,2.5,0.02,0.04,-0.01,0.06,-0.0,0.06,11960.92,219.0,0.0,0.0,0.0,0.0
1775763328270028265,246614,0.0,1.0,0.052,0.5,-0.02,-0.02,-3.06,1.56,2.5,0.0,0.04,0.0,-0.06,-0.06,-0.06,11960.07,198.0,0.0,0.0,0.0,0.0
1775763328378405435,246714,0.0,0.7,0.044,0.3,-0.1,-0.08,-3.06,1.56,2.5,0.02,0.04,0.0,-0.06,-0.0,0.0,11961.1,207.0,0.0,0.0,0.0,0.0
1775763328472695943,246814,0.0,1.0,0.044,0.2,0.18,-0.08,-3.06,1.56,2.5,0.01,0.05,0.0,0.06,0.19,0.0,11963.15,207.0,0.0,0.0,0.0,0.0
1775763328581051559,246915,0.0,1.0,0.04,0.5,0.12,-0.08,-3.06,1.56,2.5,0.01,0.04,-0.01,-0.0,-0.12,0.0,11963.33,206.0,0.0,0.0,0.0,0.0
1775763328673330949,247015,0.0,1.2,0.02,0.4,-0.04,-0.02,-3.06,1.56,2.5,0.0,0.04,-0.03,-0.0,0.19,0.06,11961.78,186.0,0.0,0.0,0.0,0.0
1775763328781783060,247115,0.0,1.0,0.02,0.5,-0.14,-0.14,-3.06,1.56,2.5,0.0,0.04,-0.01,-0.0,0.06,-0.06,11962.47,186.0,0.0,0.0,0.0,0.0
1775763328873991509,247215,0.0,0.9,0.012,0.2,0.14,-0.12,-3.06,1.56,2.5,0.0,0.04,0.0,0.12,-0.06,-0.06,11960.41,204.0,0.0,0.0,0.0,0.0
1775763328982416343,247315,0.0,1.1,0.024,0.2,-0.04,-0.04,-3.06,1.56,2.5,0.0,0.03,-0.01,0.12,-0.0,0.06,11959.04,202.0,0.0,0.0,0.0,0.0
1775763329080647703,247415,0.0,1.2,0.02,0.5,0.08,0.0,-3.06,1.56,2.5,0.0,0.03,0.0,0.12,-0.06,-0.06,11959.9,202.0,0.0,0.0,0.0,0.0
1775763329175194642,247515,0.0,1.0,0.0,1.3,0.04,0.0,-3.06,1.56,2.5,0.0,0.04,0.0,-0.0,0.19,0.0,11959.38,212.0,0.0,0.0,0.0,0.0
1775763329273437983,247615,0.0,1.2,0.06,0.2,-0.1,-0.08,-3.06,1.56,2.5,-0.01,0.04,-0.01,0.06,0.06,-0.06,11959.21,212.0,0.0,0.0,0.0,0.0
1775763329377701198,247715,0.0,1.3,0.048,0.2,0.1,-0.08,-3.06,1.56,2.5,0.01,0.05,0.0,-0.06,-0.06,-0.06,11960.07,195.0,0.0,0.0,0.0,0.0
1775763329482080481,247815,0.0,1.4,0.036,0.4,-0.04,0.08,-3.06,1.56,2.5,0.01,0.04,-0.01,-0.06,-0.0,0.06,11959.55,207.0,0.0,0.0,0.0,0.0
1775763329574452829,247915,0.0,0.4,0.0,1.2,0.04,-0.02,-3.06,1.56,2.5,0.02,0.02,-0.04,0.19,-0.06,-0.06,11960.75,207.0,0.0,0.0,0.0,0.0
1775763329682759169,248015,0.004,0.2,0.0,1.1,0.0,0.0,-3.06,1.56,2.5,0.01,0.03,0.0,-0.0,-0.12,0.0,11961.61,179.0,0.0,0.0,0.0,0.0
1775763329775045928,248115,0.0,0.7,0.02,0.4,0.0,0.1,-3.06,1.56,2.5,0.03,0.03,-0.01,-0.0,-0.12,0.12,11962.81,229.0,0.0,0.0,0.0,0.0
1775763329883452633,248215,0.0,1.1,0.016,0.3,-0.14,-0.12,-3.06,1.56,2.5,0.0,0.03,0.0,0.06,-0.0,-0.12,11961.27,229.0,0.0,0.0,0.0,0.0
1775763329975733689,248314,0.0,0.9,0.024,0.7,0.0,-0.16,-3.06,1.56,2.5,-0.01,0.03,0.0,-0.12,-0.12,0.0,11961.44,230.0,0.0,0.0,0.0,0.0
1775763330074089579,248414,0.0,0.9,0.004,0.3,-0.12,-0.12,-3.06,1.56,2.5,0.0,0.03,-0.03,-0.06,-0.12,0.06,11961.27,230.0,0.0,0.0,0.0,0.0
1775763330176049320,248514,0.0,0.8,0.06,0.8,-0.04,-0.14,-3.06,1.56,2.5,0.0,0.02,-0.02,-0.06,-0.12,-0.06,11961.27,185.0,0.0,0.0,0.0,0.0
1775763330272892750,248614,0.0,1.3,0.052,0.2,0.08,0.02,-3.06,1.56,2.5,0.0,0.03,-0.01,-0.12,-0.0,-0.06,11959.55,216.0,0.0,0.0,0.0,0.0
1775763330377042434,248714,0.0,1.4,0.044,0.2,-0.12,-0.04,-3.06,1.56,2.5,0.0,0.01,-0.01,-0.0,-0.06,0.0,11963.67,216.0,0.0,0.0,0.0,0.0
1775763330475407694,248814,0.0,1.4,0.032,-0.1,0.0,-0.06,-3.06,1.56,2.5,0.01,0.03,-0.01,0.06,-0.31,-0.06,11964.87,195.0,0.0,0.0,0.0,0.0
1775763330573714623,248914,0.0,1.3,0.02,0.2,0.1,0.02,-3.06,1.56,2.5,0.0,0.02,0.0,-0.06,-0.0,0.06,11962.81,177.0,0.0,0.0,0.0,0.0
1775763330674184663,249014,0.0,1.2,0.016,0.2,0.21,-0.12,-3.06,1.56,2.5,0.01,0.04,0.0,0.06,0.06,0.0,11961.44,177.0,0.0,0.0,0.0,0.0
1775763330780379112,249113,0.0,1.4,0.02,0.5,-0.12,-0.02,-3.06,1.56,2.5,0.01,0.02,-0.02,-0.0,-0.06,0.06,11961.1,215.0,0.0,0.0,0.0,0.0
1775763330872705516,249213,0.0,0.7,0.024,0.3,0.04,-0.27,-3.06,1.56,2.5,0.0,0.03,-0.01,-0.0,-0.0,0.0,11959.9,179.0,0.0,0.0,0.0,0.0
1775763330981133720,249313,0.0,0.9,0.012,0.5,-0.2,-0.2,-3.06,1.56,2.5,0.03,-0.0,-0.01,-0.0,-0.06,-0.06,11962.47,179.0,0.0,0.0,0.0,0.0
1775763331073397331,249413,0.0,0.9,0.012,1.5,-0.04,-0.06,-3.06,1.56,2.5,0.0,0.04,0.0,0.06,0.06,0.0,11960.41,194.0,0.0,0.0,0.0,0.0
1775763331173899387,249513,0.0,1.3,0.048,0.5,-0.08,0.02,-3.06,1.56,2.5,0.0,0.03,-0.04,0.06,-0.12,-0.06,11964.53,215.0,0.0,0.0,0.0,0.0
1775763331272184576,249613,0.0,1.2,0.068,0.1,0.06,0.0,-3.06,1.56,2.5,-0.01,0.02,-0.02,0.06,-0.12,-0.06,11962.47,215.0,0.0,0.0,0.0,0.0
1775763331380536469,249713,0.0,1.3,0.048,0.3,0.04,0.16,-3.06,1.56,2.5,0.01,0.04,0.0,-0.0,-0.06,-0.06,11960.92,226.0,0.0,0.0,0.0,0.0
1775763331474848974,249814,0.0,1.3,0.04,0.5,-0.08,-0.04,-3.06,1.56,2.5,0.0,0.05,0.0,-0.0,-0.0,0.0,11962.64,226.0,0.0,0.0,0.0,0.0
1775763331583143221,249914,0.0,1.5,0.036,0.1,0.12,-0.04,-3.06,1.56,2.5,-0.01,0.03,-0.01,-0.0,0.06,0.06,11961.27,152.0,0.0,0.0,0.0,0.0
1775763331675452218,250014,0.0,1.4,0.016,0.4,0.04,-0.14,-3.06,1.56,2.5,0.03,0.03,-0.01,0.12,-0.0,-0.12,11961.27,202.0,0.0,0.0,0.0,0.0
1775763331773740982,250114,0.0,1.3,0.032,0.3,0.0,-0.12,-3.06,1.56,2.5,0.0,0.01,-0.04,0.06,-0.06,0.0,11962.64,202.0,0.0,0.0,0.0,0.0
1775763331876159772,250214,0.0,1.0,0.02,0.0,0.14,-0.1,-3.06,1.56,2.5,0.01,0.03,-0.03,-0.06,-0.0,0.06,11964.53,191.0,0.0,0.0,0.0,0.0
1775763331974419944,250314,0.0,0.9,0.024,0.5,-0.02,-0.02,-3.06,1.56,2.5,0.0,0.01,-0.02,0.06,-0.06,0.0,11964.01,208.0,0.0,0.0,0.0,0.0
1775763332076872307,250414,0.0,0.9,0.024,0.7,0.0,-0.08,-3.06,1.56,2.5,0.01,-0.0,-0.04,-0.06,0.12,0.0,11963.15,208.0,0.0,0.0,0.0,0.0
1775763332173316480,250514,0.0,1.5,0.056,0.5,-0.12,-0.04,-3.06,1.56,2.5,-0.01,0.03,-0.02,0.06,0.12,0.0,11963.15,228.0,0.0,0.0,0.0,0.0
1775763332275560390,250614,0.0,1.4,0.052,0.1,-0.12,-0.02,-3.06,1.56,2.5,0.01,0.03,-0.05,0.12,-0.06,-0.06,11962.12,228.0,0.0,0.0,0.0,0.0
1775763332373926778,250715,0.0,1.3,0.036,0.2,-0.04,-0.04,-3.06,1.56,2.5,0.0,0.04,-0.04,0.12,-0.0,-0.06,11961.44,192.0,0.0,0.0,0.0,0.0
1775763332478191325,250815,0.0,1.3,0.036,0.2,-0.02,0.02,-3.06,1.56,2.5,0.0,0.01,-0.03,-0.0,-0.06,0.0,11961.61,235.0,0.0,0.0,0.0,0.0
1775763332576558472,250915,0.0,1.5,0.02,0.3,-0.04,-0.21,-3.06,1.56,2.5,0.01,0.03,-0.04,0.06,-0.0,-0.06,11960.92,235.0,0.0,0.0,0.0,0.0
1775763332674779220,251015,0.0,1.5,0.02,0.4,-0.08,-0.02,-3.06,1.56,2.5,0.0,0.03,-0.04,-0.0,-0.0,0.06,11960.75,186.0,0.0,0.0,0.0,0.0
1775763332783226718,251115,0.0,1.0,0.032,0.3,-0.06,0.1,-3.06,1.56,2.5,0.01,0.02,-0.03,-0.0,-0.19,-0.06,11960.24,188.0,0.0,0.0,0.0,0.0
1775763332875542362,251215,0.0,0.5,0.024,0.3,0.04,-0.04,-3.06,1.56,2.5,0.02,0.02,-0.04,0.06,-0.12,0.0,11961.27,188.0,0.0,0.0,0.0,0.0
1775763332983836442,251315,0.0,0.8,0.012,0.3,0.04,-0.1,-3.06,1.56,2.5,-0.01,0.02,-0.03,0.06,0.06,0.06,11963.5,219.0,0.0,0.0,0.0,0.0
1775763333076142402,251415,0.0,1.0,0.016,0.3,-0.02,0.04,-3.06,1.56,2.5,0.0,0.04,-0.05,0.12,0.12,-0.06,11963.67,221.0,0.0,0.0,0.0,0.0
1775763333176639828,251515,0.0,0.7,0.06,0.2,-0.2,-0.02,-3.06,1.56,2.5,0.0,0.02,-0.04,0.06,-0.06,-0.06,11964.18,221.0,0.0,0.0,0.0,0.0
1775763333274889777,251615,0.0,0.9,0.056,0.3,0.0,0.06,-3.06,1.56,2.5,0.01,0.03,-0.03,-0.06,-0.06,0.12,11962.81,204.0,0.0,0.0,0.0,0.0
1775763333385170050,251715,0.032,0.1,0.0,0.3,0.08,0.04,-3.06,1.56,2.5,-0.01,0.04,-0.02,-0.06,0.06,0.06,11963.15,215.0,0.0,0.0,0.0,0.0
1775763333477607928,251815,0.0,1.5,0.036,0.2,-0.1,-0.02,-3.06,1.56,2.5,0.0,0.03,-0.03,-0.0,-0.0,0.0,11961.1,215.0,0.0,0.0,0.0,0.0
1775763333575808288,251915,0.0,1.3,0.024,0.4,0.02,-0.06,-3.06,1.56,2.5,-0.01,0.01,0.0,0.06,0.06,0.12,11961.27,233.0,0.0,0.0,0.0,0.0
1775763333678280093,252015,0.0,1.2,0.024,0.2,0.06,-0.02,-3.06,1.56,2.5,0.0,0.03,-0.04,-0.12,0.06,0.0,11961.27,233.0,0.0,0.0,0.0,0.0
1775763333776706663,252114,0.0,1.1,0.016,0.2,-0.04,-0.12,-3.06,1.56,2.5,0.01,0.03,-0.02,-0.06,0.12,0.06,11962.81,194.0,0.0,0.0,0.0,0.0
1775763333874739327,252214,0.0,1.5,0.016,0.4,0.0,-0.12,-3.06,1.56,2.5,0.0,0.03,0.0,-0.12,0.12,-0.06,11960.58,212.0,0.0,0.0,0.0,0.0
1775763333977271463,252314,0.0,1.4,0.012,1.1,-0.02,-0.2,-3.06,1.56,2.5,0.01,0.04,-0.03,0.06,-0.06,0.0,11962.47,212.0,0.0,0.0,0.0,0.0
1775763334075482636,252413,0.0,1.0,0.012,0.1,0.1,0.04,-3.06,1.56,2.5,0.0,0.03,-0.03,-0.0,0.12,0.0,11962.12,193.0,0.0,0.0,0.0,0.0
1775763334171927252,252513,0.0,0.6,0.052,0.2,-0.06,-0.04,-3.06,1.56,2.5,0.0,0.01,-0.01,0.12,0.12,0.0,11959.72,210.0,0.0,0.0,0.0,0.0
1775763334274234750,252613,0.0,0.8,0.052,0.2,-0.08,-0.08,-3.06,1.56,2.5,0.0,0.03,-0.01,0.06,-0.06,0.0,11962.98,210.0,0.0,0.0,0.0,0.0
1775763334372614674,252713,0.0,1.0,0.04,0.7,-0.04,-0.08,-3.06,1.56,2.5,0.02,0.03,0.0,-0.0,-0.0,0.0,11963.5,210.0,0.0,0.0,0.0,0.0
1775763334482935870,252813,0.0,0.8,0.044,0.2,0.08,-0.1,-3.06,1.56,2.5,0.01,0.02,-0.02,0.19,-0.06,0.06,11964.35,210.0,0.0,0.0,0.0,0.0
1775763334575152000,252913,0.0,0.2,0.0,1.4,0.0,-0.06,-3.06,1.56,2.5,-0.01,0.03,0.0,-0.0,0.06,0.12,11964.18,183.0,0.0,0.0,0.0,0.0
1775763334683548110,253014,0.0,1.7,0.032,0.5,-0.06,-0.14,-3.06,1.56,2.5,0.0,0.03,-0.01,-0.0,0.06,-0.06,11962.98,225.0,0.0,0.0,0.0,0.0
1775763334775925251,253113,0.0,1.3,0.028,0.3,0.0,-0.02,-3.06,1.56,2.5,0.01,0.03,-0.02,0.06,-0.12,0.0,11964.18,225.0,0.0,0.0,0.0,0.0
1775763334884230607,253213,0.0,1.2,0.02,0.5,-0.06,-0.1,-3.06,1.56,2.5,-0.01,0.03,-0.01,0.12,-0.19,-0.12,11961.61,215.0,0.0,0.0,0.0,0.0
1775763334976528270,253314,0.0,1.5,0.016,0.4,-0.18,-0.04,-3.06,1.56,2.5,0.0,0.01,-0.02,-0.0,-0.0,0.0,11960.24,206.0,0.0,0.0,0.0,0.0
1775763335085018820,253414,0.0,1.3,0.028,0.2,0.04,-0.02,-3.06,1.56,2.5,0.01,0.04,0.0,-0.0,-0.0,0.0,11963.67,206.0,0.0,0.0,0.0,0.0
1775763335175306642,253513,0.0,1.0,0.056,0.1,0.0,-0.1,-3.06,1.56,2.5,0.0,0.01,0.0,-0.0,-0.06,-0.06,11963.5,197.0,0.0,0.0,0.0,0.0
1775763335273638308,253613,0.0,1.4,0.064,0.2,0.02,0.08,-3.06,1.56,2.5,0.0,0.03,0.0,-0.0,-0.06,0.12,11962.12,175.0,0.0,0.0,0.0,0.0
1775763335377952332,253713,0.0,1.5,0.04,0.0,-0.02,0.02,-3.06,1.56,2.5,0.02,0.03,-0.01,0.06,0.06,0.0,11963.15,175.0,0.0,0.0,0.0,0.0
1775763335476192743,253813,0.0,1.4,0.036,0.1,0.02,-0.12,-3.06,1.56,2.5,0.01,0.04,-0.02,-0.06,0.06,0.0,11961.61,190.0,0.0,0.0,0.0,0.0
1775763335584565688,253913,0.0,1.2,0.028,0.2,-0.1,-0.12,-3.06,1.56,2.5,0.0,0.04,-0.03,-0.0,-0.0,0.06,11961.95,215.0,0.0,0.0,0.0,0.0
1775763335676966104,254013,0.0,1.5,0.02,0.3,-0.1,-0.08,-3.06,1.56,2.5,0.02,0.03,0.0,0.06,0.06,0.06,11963.5,215.0,0.0,0.0,0.0,0.0
1775763335779268677,254113,0.0,1.3,0.012,0.3,-0.02,-0.23,-3.06,1.56,2.5,0.0,0.03,-0.02,-0.12,-0.06,-0.06,11961.78,199.0,0.0,0.0,0.0,0.0
1775763335883541314,254213,0.0,1.4,0.012,0.4,0.0,-0.1,-3.06,1.56,2.5,0.0,0.05,-0.03,-0.0,-0.06,0.06,11960.92,199.0,0.0,0.0,0.0,0.0
1775763335975862753,254313,0.0,1.1,0.024,0.9,-0.16,-0.02,-3.06,1.56,2.5,0.0,0.05,-0.02,0.06,0.06,0.0,11960.24,192.0,0.0,0.0,0.0,0.0
1775763336084215772,254413,0.0,0.9,0.02,0.0,-0.08,-0.12,-3.06,1.56,2.5,0.01,0.03,0.0,0.06,-0.0,0.0,11960.92,213.0,0.0,0.0,0.0,0.0
1775763336174685140,254513,0.0,1.1,0.052,0.2,-0.02,-0.04,-3.06,1.56,2.5,0.0,0.03,0.0,0.12,0.12,0.12,11962.12,213.0,0.0,0.0,0.0,0.0
1775763336272903367,254612,0.0,1.0,0.056,0.3,0.06,-0.04,-3.06,1.56,2.5,0.0,0.04,-0.02,-0.0,-0.0,0.06,11961.61,210.0,0.0,0.0,0.0,0.0
1775763336381349011,254712,0.0,1.1,0.044,0.3,-0.08,-0.08,-3.06,1.56,2.5,0.0,0.04,-0.02,-0.06,-0.0,-0.06,11959.55,211.0,0.0,0.0,0.0,0.0
1775763336475582592,254812,0.0,1.1,0.0,1.6,0.0,-0.06,-3.06,1.56,2.5,0.01,0.03,-0.01,-0.06,-0.06,0.0,11960.92,211.0,0.0,0.0,0.0,0.0
1775763336583957443,254912,0.0,0.2,0.0,1.4,-0.06,-0.16,-3.06,1.56,2.5,0.0,0.01,0.0,-0.12,-0.06,0.0,11959.21,216.0,0.0,0.0,0.0,0.0
1775763336676314231,255012,0.004,0.4,0.016,0.3,-0.08,-0.08,-3.06,1.56,2.5,0.0,0.03,-0.01,0.12,0.06,0.0,11959.55,216.0,0.0,0.0,0.0,0.0
1775763336774495090,255111,0.0,0.7,0.016,0.5,-0.02,-0.12,-3.06,1.56,2.5,0.01,0.03,0.01,0.06,0.19,0.12,11960.24,213.0,0.0,0.0,0.0,0.0
1775763336882950178,255211,0.0,1.0,0.012,0.2,-0.06,-0.04,-3.06,1.56,2.5,0.02,0.03,-0.03,-0.0,-0.0,-0.06,11959.72,191.0,0.0,0.0,0.0,0.0
1775763336975294504,255311,0.0,1.0,0.024,0.3,0.1,-0.16,-3.06,1.56,2.5,0.0,0.02,-0.02,0.06,-0.12,-0.06,11961.61,191.0,0.0,0.0,0.0,0.0
1775763337083601525,255411,0.0,1.0,0.012,0.3,-0.1,0.0,-3.06,1.56,2.5,0.0,0.04,-0.02,-0.06,0.06,0.06,11962.81,198.0,0.0,0.0,0.0,0.0
1775763337173984100,255511,0.0,0.7,0.052,0.2,0.02,-0.06,-3.06,1.56,2.5,0.01,0.03,-0.01,-0.0,-0.06,0.0,11961.1,198.0,0.0,0.0,0.0,0.0
1775763337272273101,255611,0.0,0.9,0.056,0.5,0.06,0.04,-3.06,1.56,2.5,0.01,0.02,-0.01,-0.06,-0.06,0.06,11962.98,198.0,0.0,0.0,0.0,0.0
1775763337376477944,255710,0.0,1.5,0.044,0.3,0.04,-0.06,-3.06,1.56,2.5,0.01,0.04,-0.04,-0.0,0.19,0.0,11961.95,217.0,0.0,0.0,0.0,0.0
1775763337480890611,255810,0.012,0.2,0.032,0.1,-0.02,-0.02,-3.06,1.56,2.5,0.01,0.01,0.0,-0.06,0.12,0.0,11959.72,212.0,0.0,0.0,0.0,0.0
1775763337573252991,255910,0.0,1.0,0.028,0.3,0.0,-0.1,-3.06,1.56,2.5,0.01,0.03,-0.03,0.06,-0.25,-0.06,11961.1,212.0,0.0,0.0,0.0,0.0
1775763337681569604,256010,0.0,0.9,0.024,0.2,0.0,0.04,-3.06,1.56,2.5,0.01,0.04,0.0,-0.0,-0.0,0.06,11961.44,212.0,0.0,0.0,0.0,0.0
1775763337773940540,256110,0.0,0.3,0.0,1.5,-0.06,-0.08,-3.06,1.56,2.5,0.0,-0.0,0.0,0.19,-0.0,0.0,11962.47,212.0,0.0,0.0,0.0,0.0
1775763337882266522,256210,0.0,0.2,0.0,1.6,-0.08,-0.2,-3.06,1.56,2.5,0.02,0.01,0.0,-0.0,-0.0,0.06,11961.27,196.0,0.0,0.0,0.0,0.0
1775763337974540426,256310,0.0,1.2,0.016,0.1,0.04,0.14,-3.06,1.56,2.5,0.0,0.04,-0.01,0.06,-0.12,0.06,11960.41,201.0,0.0,0.0,0.0,0.0
1775763338082982439,256410,0.0,1.0,0.016,0.2,0.12,-0.12,-3.06,1.56,2.5,0.0,0.02,0.02,-0.06,0.06,0.06,11961.61,201.0,0.0,0.0,0.0,0.0
1775763338173334942,256510,0.0,1.0,0.056,0.6,-0.02,0.04,-3.06,1.56,2.5,0.0,0.03,0.0,0.12,-0.06,0.0,11961.61,203.0,0.0,0.0,0.0,0.0
1775763338271662884,256610,0.0,1.1,0.064,0.2,-0.06,-0.06,-3.06,1.56,2.5,0.0,0.01,-0.04,-0.06,-0.06,0.06,11960.75,209.0,0.0,0.0,0.0,0.0
1775763338373996398,256710,0.036,0.1,0.0,1.3,-0.06,0.04,-3.06,1.56,2.5,0.02,0.03,-0.03,-0.0,-0.0,0.06,11962.47,209.0,0.0,0.0,0.0,0.0
1775763338474193244,256809,0.0,1.5,0.048,0.3,-0.08,0.04,-3.06,1.56,2.5,0.01,0.02,-0.02,-0.06,-0.0,0.06,11962.81,204.0,0.0,0.0,0.0,0.0
1775763338572461412,256909,0.0,1.4,0.028,0.3,0.0,-0.14,-3.06,1.56,2.5,0.02,0.05,-0.01,-0.0,-0.19,0.06,11959.9,210.0,0.0,0.0,0.0,0.0
1775763338675028432,257009,0.0,1.3,0.024,0.2,0.12,0.02,-3.06,1.56,2.5,0.02,0.03,-0.03,-0.0,0.12,0.19,11962.47,210.0,0.0,0.0,0.0,0.0
1775763338773183791,257110,0.0,1.4,0.016,0.3,-0.02,-0.08,-3.06,1.56,2.5,0.01,0.03,0.0,0.06,-0.0,0.06,11963.15,208.0,0.0,0.0,0.0,0.0
1775763338875670112,257210,0.0,1.2,0.02,0.5,0.04,-0.06,-3.06,1.56,2.5,0.0,0.03,-0.01,-0.0,-0.0,0.06,11963.15,208.0,0.0,0.0,0.0,0.0
1775763338973886356,257310,0.0,1.4,0.012,0.3,-0.02,0.02,-3.06,1.56,2.5,0.02,0.04,-0.04,-0.0,0.06,0.0,11965.55,198.0,0.0,0.0,0.0,0.0
1775763339076270274,257410,0.0,1.5,0.012,0.3,0.0,-0.18,-3.06,1.56,2.5,0.0,0.03,-0.03,0.06,-0.06,0.0,11964.35,176.0,0.0,0.0,0.0,0.0
1775763339172640281,257510,0.0,1.5,0.052,0.2,0.0,-0.18,-3.06,1.56,2.5,0.0,0.03,-0.02,-0.0,0.06,0.0,11965.04,176.0,0.0,0.0,0.0,0.0
1775763339271001851,257609,0.0,1.1,0.06,0.3,-0.14,-0.04,-3.06,1.56,2.5,0.0,0.03,-0.01,0.12,0.06,0.0,11961.95,206.0,0.0,0.0,0.0,0.0
1775763339379357071,257709,0.0,1.3,0.048,-0.1,-0.02,0.08,-3.06,1.56,2.5,0.0,0.03,-0.01,-0.06,0.12,0.06,11961.44,211.0,0.0,0.0,0.0,0.0
1775763339473611779,257809,0.0,0.1,0.0,1.3,0.12,-0.16,-3.06,1.56,2.5,0.01,0.03,-0.03,0.06,0.06,-0.06,11960.24,211.0,0.0,0.0,0.0,0.0
1775763339581958112,257909,0.0,1.1,0.036,0.3,0.06,-0.1,-3.06,1.56,2.5,0.0,0.02,-0.02,0.12,-0.12,0.0,11962.64,215.0,0.0,0.0,0.0,0.0
1775763339674241347,258009,0.0,0.9,0.024,0.2,0.0,-0.18,-3.06,1.56,2.5,0.02,0.04,0.0,-0.06,-0.06,0.06,11962.98,199.0,0.0,0.0,0.0,0.0
1775763339782705988,258109,0.0,1.0,0.016,0.5,0.1,-0.16,-3.06,1.56,2.5,0.02,0.03,-0.02,-0.12,-0.06,0.0,11964.53,199.0,0.0,0.0,0.0,0.0
1775763339874930782,258209,0.0,1.0,0.024,0.5,-0.14,-0.06,-3.06,1.56,2.5,0.01,0.04,-0.02,0.06,0.06,0.06,11963.15,203.0,0.0,0.0,0.0,0.0
1775763339973306630,258309,0.0,0.9,0.012,0.3,0.02,0.02,-3.06,1.56,2.5,0.0,0.03,-0.01,0.19,-0.06,0.0,11963.33,203.0,0.0,0.0,0.0,0.0
1775763340075602866,258409,0.008,0.7,0.012,0.4,-0.02,-0.06,-3.06,1.56,2.5,0.0,0.01,-0.03,-0.12,-0.06,-0.06,11961.78,192.0,0.0,0.0,0.0,0.0
1775763340172087329,258509,0.0,1.3,0.06,0.3,-0.02,0.06,-3.06,1.56,2.5,0.02,0.04,-0.02,-0.0,-0.0,-0.06,11959.55,188.0,0.0,0.0,0.0,0.0
1775763340274355475,258609,0.0,1.2,0.056,0.2,0.1,-0.12,-3.06,1.56,2.5,0.0,0.05,-0.03,-0.0,-0.06,0.0,11959.04,188.0,0.0,0.0,0.0,0.0
1775763340372730321,258709,0.0,1.2,0.052,0.3,-0.04,-0.1,-3.06,1.56,2.5,0.0,0.02,-0.01,-0.12,-0.0,0.06,11963.67,191.0,0.0,0.0,0.0,0.0
1775763340476937182,258809,0.0,1.2,0.032,0.3,0.04,-0.16,-3.06,1.56,2.5,0.01,0.05,-0.05,0.06,0.25,0.12,11962.12,195.0,0.0,0.0,0.0,0.0
1775763340575364248,258909,0.0,1.6,0.028,0.3,0.1,0.06,-3.06,1.56,2.5,0.0,0.04,-0.06,-0.06,-0.0,-0.06,11961.61,195.0,0.0,0.0,0.0,0.0
1775763340673529753,259009,0.0,1.4,0.02,0.5,0.04,-0.14,-3.06,1.56,2.5,0.0,0.04,-0.03,0.06,-0.12,-0.12,11961.44,196.0,0.0,0.0,0.0,0.0
1775763340775963816,259109,0.0,1.4,0.016,0.5,0.12,0.21,-3.06,1.56,2.5,0.0,0.04,-0.03,-0.0,-0.06,0.06,11960.75,195.0,0.0,0.0,0.0,0.0
1775763340874344181,259209,0.0,1.4,0.016,0.5,0.02,0.02,-3.06,1.56,2.5,0.0,0.01,-0.03,0.12,-0.0,0.0,11961.78,195.0,0.0,0.0,0.0,0.0
1775763340982657644,259309,0.0,1.4,0.016,0.5,-0.02,-0.08,-3.06,1.56,2.5,0.01,0.02,-0.06,0.06,-0.19,-0.06,11962.98,181.0,0.0,0.0,0.0,0.0
1775763341075036948,259409,0.0,1.5,0.02,0.2,-0.04,-0.1,-3.06,1.56,2.5,0.0,0.03,-0.04,-0.06,-0.06,-0.06,11964.7,181.0,0.0,0.0,0.0,0.0
1775763341171330846,259508,0.0,1.3,0.048,0.3,0.04,0.02,-3.06,1.56,2.5,0.02,0.05,-0.03,-0.06,-0.06,0.0,11965.73,203.0,0.0,0.0,0.0,0.0
1775763341273686043,259608,0.0,1.1,0.056,0.6,0.12,-0.16,-3.06,1.56,2.5,0.0,0.02,-0.04,-0.0,0.06,0.06,11963.67,199.0,0.0,0.0,0.0,0.0
1775763341371983374,259708,0.0,1.0,0.044,0.3,0.12,-0.14,-3.06,1.56,2.5,0.02,0.04,-0.03,-0.06,0.06,0.0,11965.21,199.0,0.0,0.0,0.0,0.0
1775763341482381914,259808,0.0,1.0,0.044,0.1,0.06,-0.08,-3.06,1.56,2.5,0.01,0.02,-0.01,-0.06,-0.06,0.06,11965.55,202.0,0.0,0.0,0.0,0.0
1775763341574611930,259908,0.0,0.8,0.016,-0.1,0.0,0.0,-3.06,1.56,2.5,0.01,0.03,-0.05,-0.06,0.19,-0.06,11963.5,202.0,0.0,0.0,0.0,0.0
1775763341672968480,260008,0.0,1.0,0.032,0.1,-0.1,-0.1,-3.06,1.56,2.5,-0.01,0.03,-0.02,-0.06,0.19,0.12,11963.84,202.0,0.0,0.0,0.0,0.0
1775763341775314640,260108,0.0,0.3,0.0,1.6,-0.1,0.0,-3.06,1.56,2.5,0.0,0.02,0.0,-0.06,-0.06,0.06,11961.61,199.0,0.0,0.0,0.0,0.0
1775763341873590380,260208,0.0,1.2,0.02,0.4,-0.08,-0.06,-3.06,1.56,2.5,0.0,0.03,0.0,-0.06,0.19,0.06,11960.24,202.0,0.0,0.0,0.0,0.0
1775763341976081014,260308,0.0,1.0,0.02,0.2,-0.02,0.06,-3.06,1.56,2.5,0.02,0.02,-0.01,0.19,-0.06,0.0,11961.27,202.0,0.0,0.0,0.0,0.0
1775763342074363216,260408,0.0,0.8,0.02,0.3,0.04,-0.14,-3.06,1.56,2.5,0.04,0.04,0.0,-0.06,-0.0,0.0,11961.78,194.0,0.0,0.0,0.0,0.0
1775763342174779697,260508,0.0,1.0,0.056,0.3,0.06,0.02,-3.06,1.56,2.5,0.02,0.02,-0.01,-0.0,-0.06,-0.12,11960.75,194.0,0.0,0.0,0.0,0.0
1775763342273156691,260609,0.0,1.0,0.056,0.5,0.1,-0.08,-3.06,1.56,2.5,0.01,0.03,0.0,0.06,0.06,0.0,11962.81,188.0,0.0,0.0,0.0,0.0
1775763342381417489,260709,0.0,0.7,0.052,0.2,-0.12,0.0,-3.06,1.56,2.5,0.0,0.02,-0.02,-0.12,-0.0,0.06,11960.24,199.0,0.0,0.0,0.0,0.0
1775763342475711805,260809,0.0,0.9,0.044,0.6,-0.1,-0.04,-3.06,1.56,2.5,0.0,0.03,-0.02,0.19,-0.0,0.06,11961.61,199.0,0.0,0.0,0.0,0.0
1775763342578041594,260910,0.0,0.9,0.024,0.2,0.1,-0.06,-3.06,1.56,2.5,0.0,0.03,-0.01,0.06,-0.06,0.0,11961.78,209.0,0.0,0.0,0.0,0.0
1775763342676413459,261010,0.0,1.0,0.02,0.2,-0.04,-0.04,-3.06,1.56,2.5,0.0,0.03,-0.01,0.19,-0.12,-0.06,11961.61,202.0,0.0,0.0,0.0,0.0
1775763342778828651,261110,0.0,1.1,0.028,0.5,0.0,-0.18,-3.06,1.56,2.5,0.01,0.02,-0.02,-0.0,-0.0,0.0,11961.44,202.0,0.0,0.0,0.0,0.0
1775763342877083540,261211,0.0,0.8,0.02,0.3,-0.02,0.06,-3.06,1.56,2.5,0.0,0.02,-0.02,0.06,0.12,0.06,11966.07,181.0,0.0,0.0,0.0,0.0
1775763342979418293,261311,0.0,0.9,0.02,0.3,-0.04,0.04,-3.06,1.56,2.5,0.0,0.02,0.0,-0.0,0.06,-0.12,11960.75,195.0,0.0,0.0,0.0,0.0
1775763343077766158,261411,0.0,1.4,0.02,0.8,-0.04,0.04,-3.06,1.56,2.5,0.01,0.03,0.0,-0.06,-0.0,0.06,11961.95,195.0,0.0,0.0,0.0,0.0
1775763343178275226,261511,0.0,0.7,0.06,0.3,0.04,-0.1,-3.06,1.56,2.5,0.0,0.04,-0.02,0.06,-0.06,0.0,11961.78,195.0,0.0,0.0,0.0,0.0
1775763343276485487,261611,0.0,0.7,0.06,0.5,0.0,-0.16,-3.06,1.56,2.5,0.01,0.02,-0.02,0.06,-0.12,-0.12,11963.67,195.0,0.0,0.0,0.0,0.0
1775763343374830371,261711,0.0,1.2,0.048,0.4,0.02,-0.12,-3.06,1.56,2.5,0.0,0.03,-0.04,0.12,-0.06,0.12,11962.3,206.0,0.0,0.0,0.0,0.0
1775763343485110342,261811,0.0,1.3,0.0,0.2,-0.02,-0.1,-3.06,1.56,2.5,0.01,0.03,-0.01,-0.0,-0.0,0.06,11959.72,197.0,0.0,0.0,0.0,0.0
1775763343577489941,261911,0.0,1.0,0.0,0.2,-0.04,-0.23,-3.06,1.56,2.5,0.0,0.02,-0.02,0.12,-0.0,0.0,11962.12,197.0,0.0,0.0,0.0,0.0
1775763343675678907,262010,0.0,1.2,0.028,0.5,-0.06,-0.12,-3.06,1.56,2.5,0.0,0.04,-0.01,0.06,-0.19,0.0,11964.87,189.0,0.0,0.0,0.0,0.0
1775763343784194433,262110,0.0,1.4,0.02,0.1,-0.06,0.0,-3.06,1.56,2.5,0.0,0.03,0.0,-0.0,-0.12,0.06,11964.01,198.0,0.0,0.0,0.0,0.0
1775763343876550848,262210,0.0,1.3,0.024,0.3,0.0,-0.16,-3.06,1.56,2.5,0.0,0.02,-0.01,0.06,-0.0,-0.06,11965.55,198.0,0.0,0.0,0.0,0.0
1775763343978751199,262310,0.0,1.5,0.016,0.1,0.1,0.02,-3.06,1.56,2.5,0.01,0.04,-0.02,-0.0,-0.12,0.0,11964.35,207.0,0.0,0.0,0.0,0.0
1775763344077078769,262410,0.0,0.3,0.0,0.3,0.0,0.0,-3.06,1.56,2.5,0.0,0.04,0.0,-0.06,0.06,-0.06,11964.35,201.0,0.0,0.0,0.0,0.0
1775763344177542617,262510,0.0,1.0,0.064,0.3,0.02,0.0,-3.06,1.56,2.5,0.01,0.04,-0.02,0.06,-0.06,-0.12,11963.84,201.0,0.0,0.0,0.0,0.0
1775763344275919387,262610,0.0,1.0,0.052,0.2,0.06,-0.16,-3.06,1.56,2.5,0.0,0.01,-0.02,-0.19,0.06,0.0,11963.5,197.0,0.0,0.0,0.0,0.0
1775763344380054601,262710,0.0,1.0,0.044,0.5,0.06,-0.08,-3.06,1.56,2.5,0.02,0.04,-0.05,-0.0,-0.19,0.06,11963.15,213.0,0.0,0.0,0.0,0.0
1775763344478535848,262810,0.0,0.9,0.032,0.3,-0.06,-0.06,-3.06,1.56,2.5,0.01,0.01,0.0,0.06,-0.0,0.0,11964.53,213.0,0.0,0.0,0.0,0.0
1775763344580820676,262910,0.0,0.9,0.0,1.3,-0.06,-0.04,-3.06,1.56,2.5,0.0,0.04,-0.03,-0.0,0.06,0.0,11962.12,184.0,0.0,0.0,0.0,0.0
1775763344685106975,263010,0.0,1.3,0.02,0.5,0.04,-0.21,-3.06,1.56,2.5,0.03,0.04,-0.01,-0.06,-0.12,-0.06,11961.27,184.0,0.0,0.0,0.0,0.0
1775763344777412300,263109,0.008,0.1,0.0,1.2,0.02,-0.1,-3.06,1.56,2.5,0.0,0.05,-0.02,-0.0,-0.06,-0.06,11959.72,197.0,0.0,0.0,0.0,0.0
1775763344875706519,263209,0.0,0.9,0.02,0.2,-0.14,-0.04,-3.06,1.56,2.5,0.01,0.05,0.01,-0.12,0.06,-0.06,11959.21,199.0,0.0,0.0,0.0,0.0
1775763344976181700,263309,0.0,1.1,0.016,0.2,0.04,-0.14,-3.06,1.56,2.5,0.0,0.03,-0.01,-0.06,-0.12,-0.06,11964.87,199.0,0.0,0.0,0.0,0.0
1775763345076397097,263408,0.0,0.7,0.012,0.7,-0.02,-0.08,-3.06,1.56,2.5,0.02,0.03,-0.01,0.12,0.06,0.06,11962.12,215.0,0.0,0.0,0.0,0.0
1775763345172896038,263508,0.0,1.5,0.06,0.3,-0.08,-0.2,-3.06,1.56,2.5,0.0,0.03,-0.01,-0.06,0.12,-0.06,11962.3,200.0,0.0,0.0,0.0,0.0
1775763345275141442,263608,0.0,0.4,0.0,1.0,0.14,-0.1,-3.06,1.56,2.5,0.0,0.04,-0.01,-0.0,0.12,0.06,11962.64,200.0,0.0,0.0,0.0,0.0
1775763345373507639,263708,0.0,0.9,0.0,1.4,-0.04,-0.06,-3.06,1.56,2.5,-0.01,0.01,-0.02,-0.06,0.06,0.06,11962.3,190.0,0.0,0.0,0.0,0.0
1775763345483758407,263809,0.0,1.4,0.0,1.1,0.0,-0.08,-3.06,1.56,2.5,0.0,0.05,-0.01,0.19,-0.06,0.0,11963.84,190.0,0.0,0.0,0.0,0.0
1775763345576060509,263909,0.0,0.7,0.028,0.3,-0.08,-0.08,-3.06,1.56,2.5,0.01,0.05,-0.03,0.12,0.06,-0.06,11964.87,213.0,0.0,0.0,0.0,0.0
1775763345678454479,264009,0.0,1.0,0.02,0.3,-0.02,-0.16,-3.06,1.56,2.5,0.0,0.03,-0.02,-0.0,0.06,-0.12,11963.15,200.0,0.0,0.0,0.0,0.0
1775763345776839841,264109,0.0,0.5,0.028,0.4,0.04,-0.02,-3.06,1.56,2.5,0.02,0.01,-0.02,0.06,-0.19,-0.12,11963.84,200.0,0.0,0.0,0.0,0.0
1775763345885119915,264209,0.0,1.3,0.02,0.3,0.0,0.02,-3.06,1.56,2.5,0.02,0.01,-0.02,0.19,0.12,0.06,11965.55,209.0,0.0,0.0,0.0,0.0
1775763345977436516,264309,0.0,1.3,0.012,0.1,-0.02,-0.12,-3.06,1.56,2.5,0.0,0.04,-0.01,0.12,-0.0,0.06,11962.64,212.0,0.0,0.0,0.0,0.0
1775763346085921060,264409,0.0,1.2,0.02,0.2,0.0,-0.16,-3.06,1.56,2.5,0.01,0.03,-0.02,-0.12,0.06,0.0,11964.35,212.0,0.0,0.0,0.0,0.0
1775763346176221766,264509,0.0,1.2,0.052,0.2,0.08,0.0,-3.06,1.56,2.5,0.0,0.03,-0.01,-0.06,-0.06,0.0,11963.84,198.0,0.0,0.0,0.0,0.0
1775763346274585333,264609,0.0,1.5,0.052,0.2,0.0,-0.12,-3.06,1.56,2.5,0.01,0.02,0.0,0.06,-0.0,0.12,11962.64,173.0,0.0,0.0,0.0,0.0
1775763346376861530,264709,0.0,0.7,0.0,1.2,0.06,-0.04,-3.06,1.56,2.5,0.02,0.02,-0.03,0.19,-0.0,-0.06,11963.84,173.0,0.0,0.0,0.0,0.0
1775763346483019991,264809,0.0,1.1,0.04,0.4,0.04,-0.1,-3.06,1.56,2.5,0.01,0.05,-0.02,-0.06,-0.0,0.06,11963.33,203.0,0.0,0.0,0.0,0.0
1775763346585500085,264909,0.0,1.2,0.02,0.2,-0.04,-0.02,-3.06,1.56,2.5,0.0,0.02,0.0,-0.0,-0.06,0.06,11965.9,210.0,0.0,0.0,0.0,0.0
1775763346683803322,265009,0.0,1.0,0.016,0.5,-0.04,-0.12,-3.06,1.56,2.5,0.0,0.03,-0.01,0.06,-0.06,0.0,11964.87,210.0,0.0,0.0,0.0,0.0
1775763346786217068,265109,0.0,0.9,0.028,0.4,0.02,-0.06,-3.06,1.56,2.5,0.02,0.03,-0.01,0.06,-0.06,0.0,11963.67,197.0,0.0,0.0,0.0,0.0
1775763346884501824,265209,0.0,1.0,0.016,0.5,0.0,-0.08,-3.06,1.56,2.5,0.01,0.01,-0.03,0.12,0.06,0.0,11965.73,197.0,0.0,0.0,0.0,0.0
1775763346976791260,265309,0.0,0.9,0.012,0.4,-0.08,-0.14,-3.06,1.56,2.5,0.0,0.02,-0.01,-0.0,0.06,0.0,11966.07,196.0,0.0,0.0,0.0,0.0
1775763347085158680,265409,0.0,0.3,0.0,1.7,0.02,-0.06,-3.06,1.56,2.5,0.02,0.01,-0.01,-0.06,0.12,0.06,11964.18,198.0,0.0,0.0,0.0,0.0
1775763347175581249,265509,0.0,1.3,0.048,0.5,-0.21,0.08,-3.06,1.56,2.5,0.03,0.04,0.0,0.12,0.12,0.0,11966.41,198.0,0.0,0.0,0.0,0.0
1775763347277901315,265609,0.0,1.3,0.056,0.3,-0.04,-0.12,-3.06,1.56,2.5,0.0,0.03,-0.03,0.06,-0.0,-0.06,11966.41,194.0,0.0,0.0,0.0,0.0
1775763347382167669,265709,0.0,1.3,0.044,0.4,-0.14,-0.04,-3.06,1.56,2.5,0.02,0.03,-0.02,-0.06,0.12,0.12,11965.55,192.0,0.0,0.0,0.0,0.0
1775763347486528351,265809,0.0,1.1,0.04,0.5,-0.02,-0.02,-3.06,1.56,2.5,0.0,0.02,-0.02,0.12,-0.0,0.0,11966.24,192.0,0.0,0.0,0.0,0.0
1775763347578849655,265909,0.0,1.4,0.028,0.5,-0.06,-0.06,-3.06,1.56,2.5,-0.01,0.03,-0.03,0.12,0.06,0.06,11964.87,205.0,0.0,0.0,0.0,0.0
1775763347677133615,266009,0.0,1.2,0.02,0.5,0.04,-0.08,-3.06,1.56,2.5,0.01,0.02,-0.01,-0.06,-0.06,0.06,11966.58,205.0,0.0,0.0,0.0,0.0
1775763347779509863,266109,0.0,1.4,0.024,0.4,0.02,-0.12,-3.06,1.56,2.5,0.01,0.03,0.0,-0.19,0.12,0.12,11966.24,201.0,0.0,0.0,0.0,0.0
1775763347877893687,266209,0.0,1.3,0.008,0.3,-0.02,-0.02,-3.06,1.56,2.5,-0.01,0.05,-0.04,0.25,-0.0,-0.12,11961.1,209.0,0.0,0.0,0.0,0.0
1775763347980290026,266309,0.0,0.9,0.016,0.5,0.08,-0.1,-3.06,1.56,2.5,0.0,0.02,-0.04,-0.0,0.06,0.0,11961.78,209.0,0.0,0.0,0.0,0.0
1775763348078508692,266409,0.0,1.0,0.012,0.3,-0.06,0.0,-3.06,1.56,2.5,-0.01,0.03,-0.03,-0.06,-0.06,0.0,11962.64,206.0,0.0,0.0,0.0,0.0
1775763348178988593,266509,0.0,1.0,0.06,0.4,0.14,-0.2,-3.06,1.56,2.5,-0.02,0.03,0.0,-0.0,-0.12,0.0,11963.33,204.0,0.0,0.0,0.0,0.0
1775763348277264534,266609,0.0,1.2,0.06,0.0,0.1,-0.12,-3.06,1.56,2.5,0.0,0.03,0.0,-0.0,-0.12,0.0,11963.67,204.0,0.0,0.0,0.0,0.0
1775763348375624100,266708,0.0,1.4,0.04,1.1,0.06,-0.02,-3.06,1.56,2.5,0.0,0.02,-0.04,-0.0,-0.06,0.0,11963.84,197.0,0.0,0.0,0.0,0.0
1775763348485851664,266808,0.0,1.0,0.036,0.2,-0.08,0.0,-3.06,1.56,2.5,0.01,0.02,-0.01,-0.0,0.12,0.06,11965.21,198.0,0.0,0.0,0.0,0.0
1775763348584207971,266908,0.0,1.0,0.028,0.3,-0.14,0.0,-3.06,1.56,2.5,0.01,0.01,-0.02,0.06,0.06,0.0,11964.87,198.0,0.0,0.0,0.0,0.0
1775763348676472463,267008,0.0,1.0,0.024,0.3,0.08,-0.04,-3.06,1.56,2.5,0.02,0.02,-0.04,0.06,-0.0,0.0,11962.64,192.0,0.0,0.0,0.0,0.0
1775763348784865770,267108,0.0,1.0,0.024,0.5,0.04,-0.12,-3.06,1.56,2.5,0.0,0.04,-0.03,0.06,0.06,-0.12,11963.33,201.0,0.0,0.0,0.0,0.0
1775763348877249737,267208,0.0,0.7,0.0,1.4,0.08,-0.08,-3.06,1.56,2.5,0.0,0.05,-0.01,-0.0,0.12,-0.12,11964.35,201.0,0.0,0.0,0.0,0.0
1775763348985517236,267309,0.0,1.3,0.016,0.4,-0.1,-0.02,-3.06,1.56,2.5,0.02,0.01,-0.02,-0.06,0.06,-0.12,11964.53,203.0,0.0,0.0,0.0,0.0
1775763349077914628,267409,0.0,1.5,0.02,0.5,-0.06,-0.1,-3.06,1.56,2.5,0.0,0.04,-0.02,-0.06,-0.12,0.06,11963.15,203.0,0.0,0.0,0.0,0.0
1775763349178328254,267508,0.0,1.3,0.044,0.5,-0.02,-0.06,-3.06,1.56,2.5,0.0,0.03,0.0,0.12,-0.12,0.06,11964.7,205.0,0.0,0.0,0.0,0.0
1775763349276612342,267608,0.0,1.5,0.06,0.5,0.06,-0.02,-3.06,1.56,2.5,0.0,0.04,-0.04,0.12,0.06,-0.06,11964.7,198.0,0.0,0.0,0.0,0.0
1775763349376798443,267708,0.0,1.3,0.048,0.3,-0.08,-0.04,-3.06,1.56,2.5,0.01,0.01,-0.04,0.06,-0.0,0.12,11964.7,198.0,0.0,0.0,0.0,0.0
1775763349479226002,267808,0.0,1.4,0.044,0.4,0.06,-0.04,-3.06,1.56,2.5,0.0,0.02,-0.04,-0.0,0.25,0.06,11964.87,179.0,0.0,0.0,0.0,0.0
1775763349577520997,267908,0.0,1.4,0.024,0.2,-0.08,-0.14,-3.06,1.56,2.5,0.0,0.02,-0.02,-0.0,-0.12,0.0,11963.33,196.0,0.0,0.0,0.0,0.0
1775763349679962907,268008,0.0,1.5,0.02,0.2,-0.06,-0.12,-3.06,1.56,2.5,0.0,0.02,-0.05,-0.0,0.06,0.06,11965.04,196.0,0.0,0.0,0.0,0.0
1775763349778226311,268108,0.0,1.3,0.028,0.2,0.0,-0.02,-3.06,1.56,2.5,0.0,0.01,-0.01,-0.06,-0.12,-0.06,11964.01,196.0,0.0,0.0,0.0,0.0
1775763349880691868,268208,0.0,1.3,0.024,0.5,0.06,-0.16,-3.06,1.56,2.5,0.01,0.02,-0.04,-0.12,0.06,0.06,11964.01,196.0,0.0,0.0,0.0,0.0
1775763349978915534,268307,0.0,1.2,0.02,0.3,0.06,-0.04,-3.06,1.56,2.5,0.01,0.03,-0.03,-0.0,-0.06,0.06,11963.67,190.0,0.0,0.0,0.0,0.0
1775763350077176734,268407,0.0,1.5,0.012,0.4,0.04,-0.06,-3.06,1.56,2.5,0.0,0.03,-0.02,0.19,0.12,-0.06,11963.33,185.0,0.0,0.0,0.0,0.0
1775763350177639616,268507,0.0,1.2,0.048,0.6,0.06,-0.12,-3.06,1.56,2.5,0.01,0.04,-0.03,0.06,-0.06,0.0,11965.38,185.0,0.0,0.0,0.0,0.0
1775763350275992497,268607,0.032,0.5,0.0,0.5,0.02,0.08,-3.06,1.56,2.5,0.01,0.02,-0.01,0.19,-0.0,0.06,11964.7,194.0,0.0,0.0,0.0,0.0
1775763350380188834,268707,0.0,0.9,0.048,0.3,-0.16,-0.14,-3.06,1.56,2.5,0.03,0.01,-0.04,-0.0,-0.12,0.0,11962.47,192.0,0.0,0.0,0.0,0.0
1775763350484519091,268807,0.0,1.1,0.036,0.6,0.08,-0.02,-3.06,1.56,2.5,0.0,0.03,-0.03,0.06,-0.12,0.0,11963.33,192.0,0.0,0.0,0.0,0.0
1775763350576848486,268906,0.0,0.7,0.0,1.5,0.02,0.02,-3.06,1.56,2.5,0.0,0.03,-0.03,-0.06,-0.12,0.0,11965.21,209.0,0.0,0.0,0.0,0.0
1775763350685203905,269006,0.0,1.2,0.0,0.2,0.14,-0.21,-3.06,1.56,2.5,0.0,0.04,-0.05,-0.0,-0.12,-0.06,11964.18,191.0,0.0,0.0,0.0,0.0
1775763350777625259,269106,0.0,1.0,0.024,0.1,-0.12,-0.1,-3.06,1.56,2.5,0.02,0.02,-0.01,0.19,-0.12,0.0,11964.18,191.0,0.0,0.0,0.0,0.0
1775763350875785538,269206,0.0,0.6,0.02,0.3,-0.04,-0.04,-3.06,1.56,2.5,-0.01,0.03,-0.01,0.06,0.12,0.12,11964.87,196.0,0.0,0.0,0.0,0.0
1775763350978220578,269306,0.0,1.0,0.024,0.7,-0.02,0.02,-3.06,1.56,2.5,0.02,0.04,-0.01,0.06,-0.06,-0.06,11963.15,186.0,0.0,0.0,0.0,0.0
1775763351076558255,269406,0.0,1.1,0.012,0.3,-0.04,0.0,-3.06,1.56,2.5,0.02,0.03,-0.02,-0.0,0.06,-0.06,11964.01,186.0,0.0,0.0,0.0,0.0
1775763351177103781,269506,0.0,0.9,0.056,0.4,0.1,-0.02,-3.06,1.56,2.5,0.0,0.02,-0.05,0.06,-0.06,-0.06,11962.47,207.0,0.0,0.0,0.0,0.0
1775763351275262800,269606,0.0,1.0,0.064,0.3,-0.06,-0.16,-3.06,1.56,2.5,0.0,0.03,-0.02,-0.0,-0.0,0.06,11967.96,207.0,0.0,0.0,0.0,0.0
1775763351385550175,269706,0.0,1.0,0.052,0.3,-0.1,-0.12,-3.06,1.56,2.5,0.02,0.05,0.0,-0.0,0.06,0.0,11967.78,228.0,0.0,0.0,0.0,0.0
1775763351477886606,269806,0.0,0.9,0.032,0.5,0.0,-0.02,-3.06,1.56,2.5,0.0,0.01,-0.02,0.12,-0.0,0.12,11966.93,210.0,0.0,0.0,0.0,0.0
1775763351576226413,269906,0.0,0.9,0.032,0.5,0.18,-0.12,-3.06,1.56,2.5,-0.01,0.04,0.0,-0.0,-0.0,-0.06,11966.75,210.0,0.0,0.0,0.0,0.0
1775763351684596386,270006,0.0,1.0,0.036,0.3,-0.04,-0.02,-3.06,1.56,2.5,0.01,0.01,-0.02,0.06,-0.06,-0.06,11964.87,204.0,0.0,0.0,0.0,0.0
1775763351782828513,270105,0.0,1.3,0.016,0.1,0.0,-0.12,-3.06,1.56,2.5,0.01,0.03,-0.03,-0.0,-0.06,0.06,11964.18,182.0,0.0,0.0,0.0,0.0
1775763351875276902,270205,0.0,0.9,0.016,0.3,0.06,-0.08,-3.06,1.56,2.5,0.0,0.04,-0.02,0.12,-0.06,0.0,11964.53,182.0,0.0,0.0,0.0,0.0
1775763351983572972,270305,0.0,0.8,0.012,0.6,0.02,-0.12,-3.06,1.56,2.5,0.0,0.03,-0.01,0.12,-0.06,-0.06,11963.15,191.0,0.0,0.0,0.0,0.0
1775763352075936550,270405,0.0,1.1,0.024,0.5,-0.08,-0.04,-3.06,1.56,2.5,0.02,0.05,-0.01,-0.12,-0.0,0.06,11963.84,191.0,0.0,0.0,0.0,0.0
1775763352176337324,270504,0.0,1.0,0.056,0.3,-0.04,-0.06,-3.06,1.56,2.5,0.02,0.03,-0.01,-0.06,-0.0,0.12,11964.7,209.0,0.0,0.0,0.0,0.0
1775763352274619614,270604,0.0,1.0,0.056,0.3,-0.2,-0.12,-3.06,1.56,2.5,0.0,0.04,-0.01,0.06,-0.0,0.0,11962.47,186.0,0.0,0.0,0.0,0.0
1775763352378876189,270704,0.0,1.0,0.048,0.6,0.08,-0.1,-3.06,1.56,2.5,0.02,0.03,0.0,-0.06,0.06,0.0,11962.47,186.0,0.0,0.0,0.0,0.0
1775763352477205051,270804,0.0,1.0,0.036,0.1,0.0,-0.06,-3.06,1.56,2.5,0.0,0.02,0.0,-0.0,-0.0,-0.06,11962.47,199.0,0.0,0.0,0.0,0.0
1775763352575514803,270904,0.0,0.9,0.032,0.3,0.02,-0.04,-3.06,1.56,2.5,0.0,0.04,-0.01,-0.0,-0.06,0.0,11960.75,198.0,0.0,0.0,0.0,0.0
1775763352677998710,271004,0.0,0.7,0.028,0.5,-0.08,-0.06,-3.06,1.56,2.5,0.0,0.02,0.0,0.12,0.12,0.06,11961.27,198.0,0.0,0.0,0.0,0.0
1775763352776212782,271105,0.0,1.5,0.016,0.3,0.0,-0.12,-3.06,1.56,2.5,0.0,0.03,0.0,-0.0,0.06,0.12,11960.75,184.0,0.0,0.0,0.0,0.0
1775763352878604656,271205,0.0,1.4,0.012,0.3,0.1,-0.04,-3.06,1.56,2.5,0.0,0.02,0.0,-0.0,-0.06,0.0,11961.95,193.0,0.0,0.0,0.0,0.0
1775763352976882355,271305,0.0,1.3,0.016,0.3,-0.02,-0.06,-3.06,1.56,2.5,0.0,0.02,0.01,0.19,-0.0,0.0,11964.35,193.0,0.0,0.0,0.0,0.0
1775763353079262507,271406,0.0,1.3,0.016,0.5,0.02,-0.14,-3.06,1.56,2.5,0.01,0.02,0.0,0.06,0.06,0.0,11961.61,191.0,0.0,0.0,0.0,0.0
1775763353175778889,271506,0.0,1.1,0.056,0.2,0.0,-0.02,-3.06,1.56,2.5,0.0,0.01,-0.03,-0.06,-0.06,0.06,11961.27,190.0,0.0,0.0,0.0,0.0
1775763353278052806,271606,0.0,0.6,0.064,0.3,-0.12,-0.06,-3.06,1.56,2.5,0.0,0.02,-0.03,0.12,0.06,0.06,11963.84,190.0,0.0,0.0,0.0,0.0
1775763353378213499,271707,0.0,1.0,0.044,0.1,-0.06,-0.02,-3.06,1.56,2.5,0.01,0.05,-0.01,0.12,-0.0,0.19,11965.21,198.0,0.0,0.0,0.0,0.0
1775763353480746199,271807,0.0,1.0,0.032,0.6,0.08,-0.18,-3.06,1.56,2.5,0.03,0.04,0.0,0.12,-0.19,0.06,11962.98,198.0,0.0,0.0,0.0,0.0
1775763353578944994,271907,0.0,1.0,0.024,0.7,-0.04,0.0,-3.06,1.56,2.5,0.0,0.03,-0.02,-0.12,-0.19,0.06,11964.53,192.0,0.0,0.0,0.0,0.0
1775763353687355853,272007,0.0,1.0,0.016,0.3,0.08,-0.14,-3.06,1.56,2.5,0.02,0.04,-0.01,0.06,0.12,0.19,11965.55,196.0,0.0,0.0,0.0,0.0
1775763353779725727,272107,0.0,1.1,0.004,0.5,-0.02,0.0,-3.06,1.56,2.5,0.01,0.04,-0.01,-0.06,0.06,-0.06,11964.87,196.0,0.0,0.0,0.0,0.0
1775763353877947038,272207,0.0,1.1,0.024,0.4,-0.06,-0.18,-3.06,1.56,2.5,0.01,0.03,-0.02,0.12,-0.0,-0.06,11965.04,190.0,0.0,0.0,0.0,0.0
1775763353986337695,272307,0.0,1.2,0.012,0.4,0.12,0.0,-3.06,1.56,2.5,0.01,0.04,0.01,-0.0,0.12,0.0,11963.5,199.0,0.0,0.0,0.0,0.0
1775763354078730178,272407,0.0,0.9,0.02,0.3,0.02,-0.06,-3.06,1.56,2.5,0.03,0.03,-0.01,-0.06,-0.06,0.0,11965.21,199.0,0.0,0.0,0.0,0.0
1775763354179166727,272507,0.0,0.6,0.064,0.2,0.02,-0.1,-3.06,1.56,2.5,0.01,0.03,-0.01,0.06,-0.12,-0.12,11965.9,207.0,0.0,0.0,0.0,0.0
1775763354277366966,272607,0.0,1.2,0.06,0.5,-0.02,-0.12,-3.06,1.56,2.5,0.0,0.02,-0.03,-0.0,0.06,0.0,11964.53,207.0,0.0,0.0,0.0,0.0
1775763354385771843,272707,0.0,0.8,0.0,1.4,-0.06,0.0,-3.06,1.56,2.5,0.02,0.02,-0.01,0.12,0.06,0.06,11965.38,199.0,0.0,0.0,0.0,0.0
1775763354480007546,272807,0.0,1.5,0.036,0.3,0.08,-0.04,-3.06,1.56,2.5,0.02,0.04,-0.01,-0.06,-0.06,-0.12,11962.64,207.0,0.0,0.0,0.0,0.0
1775763354578379239,272907,0.0,1.3,0.024,0.2,0.02,-0.04,-3.06,1.56,2.5,0.0,0.04,-0.01,0.06,-0.12,0.0,11962.64,207.0,0.0,0.0,0.0,0.0
1775763354680688543,273007,0.0,1.3,0.028,0.3,-0.08,-0.1,-3.06,1.56,2.5,0.0,0.03,-0.01,-0.0,0.12,-0.12,11963.5,195.0,0.0,0.0,0.0,0.0
1775763354778984387,273107,0.0,1.2,0.02,0.2,-0.02,-0.02,-3.06,1.56,2.5,0.0,0.02,-0.01,-0.0,0.12,0.0,11961.95,176.0,0.0,0.0,0.0,0.0
1775763354887434652,273207,0.0,1.5,0.016,0.3,0.08,-0.1,-3.06,1.56,2.5,0.03,0.03,-0.02,-0.0,0.06,-0.19,11962.98,176.0,0.0,0.0,0.0,0.0
1775763354985648426,273307,0.0,1.3,0.012,0.2,0.1,0.0,-3.06,1.56,2.5,0.01,0.05,-0.05,-0.06,-0.0,0.0,11962.98,200.0,0.0,0.0,0.0,0.0
1775763355088104611,273408,0.0,1.3,0.016,0.5,-0.14,-0.14,-3.06,1.56,2.5,0.0,0.02,-0.01,-0.0,0.06,-0.06,11963.5,180.0,0.0,0.0,0.0,0.0
1775763355178543251,273508,0.0,1.0,0.064,0.3,-0.02,-0.08,-3.06,1.56,2.5,0.02,0.03,-0.01,0.06,-0.06,0.0,11964.18,180.0,0.0,0.0,0.0,0.0
1775763355280809667,273608,0.0,0.5,0.056,0.4,-0.02,0.02,-3.06,1.56,2.5,0.01,0.02,0.0,-0.0,0.06,0.0,11964.18,207.0,0.0,0.0,0.0,0.0
1775763355385115812,273709,0.0,1.1,0.044,0.3,0.08,-0.1,-3.06,1.56,2.5,0.02,0.03,-0.02,0.06,-0.06,-0.12,11963.15,196.0,0.0,0.0,0.0,0.0
1775763355489530007,273809,0.0,0.6,0.028,0.1,-0.14,0.04,-3.06,1.56,2.5,0.0,0.01,0.0,0.12,-0.0,0.06,11961.1,196.0,0.0,0.0,0.0,0.0
1775763355581731648,273909,0.0,1.1,0.024,0.3,-0.04,-0.08,-3.06,1.56,2.5,0.01,0.03,-0.03,-0.0,-0.06,-0.06,11965.73,191.0,0.0,0.0,0.0,0.0
1775763355682187158,274009,0.036,0.2,0.0,1.5,0.08,-0.1,-3.06,1.56,2.5,0.01,0.03,0.0,-0.06,0.06,0.06,11964.87,191.0,0.0,0.0,0.0,0.0
1775763355782426476,274109,0.0,1.4,0.02,0.2,0.06,-0.14,-3.06,1.56,2.5,0.0,0.03,-0.01,-0.06,-0.06,-0.06,11965.04,211.0,0.0,0.0,0.0,0.0
1775763355880752152,274209,0.0,1.6,0.012,0.5,0.0,0.04,-3.06,1.56,2.5,0.01,0.04,-0.01,-0.12,-0.0,0.0,11962.64,201.0,0.0,0.0,0.0,0.0
1775763355989173455,274309,0.0,1.1,0.024,0.1,0.12,-0.16,-3.06,1.56,2.5,0.01,0.02,-0.04,-0.12,0.12,0.0,11964.53,201.0,0.0,0.0,0.0,0.0
1775763356091516719,274409,0.0,0.9,0.02,0.3,-0.1,-0.04,-3.06,1.56,2.5,0.0,0.02,-0.02,-0.0,0.12,0.06,11966.41,199.0,0.0,0.0,0.0,0.0
1775763356181891046,274509,0.0,0.9,0.064,0.3,-0.08,-0.16,-3.06,1.56,2.5,0.0,0.02,-0.02,-0.0,-0.0,0.12,11964.35,206.0,0.0,0.0,0.0,0.0
1775763356280152559,274609,0.0,0.9,0.068,0.3,-0.04,-0.04,-3.06,1.56,2.5,0.02,0.02,-0.03,-0.06,0.06,0.0,11965.38,206.0,0.0,0.0,0.0,0.0
1775763356388542103,274709,0.0,0.9,0.044,0.3,0.08,0.02,-3.06,1.56,2.5,0.03,0.02,-0.03,-0.06,-0.06,0.06,11962.81,197.0,0.0,0.0,0.0,0.0
1775763356482853857,274809,0.0,1.0,0.032,0.3,-0.04,-0.06,-3.06,1.56,2.5,0.03,0.01,-0.02,0.06,-0.06,-0.06,11965.21,197.0,0.0,0.0,0.0,0.0
1775763356591207903,274910,0.0,1.2,0.028,0.6,-0.1,-0.21,-3.06,1.56,2.5,0.0,0.01,0.0,-0.06,-0.0,-0.12,11965.21,198.0,0.0,0.0,0.0,0.0
1775763356683459430,275010,0.0,0.9,0.028,0.5,0.14,-0.04,-3.06,1.56,2.5,-0.01,0.03,-0.01,-0.06,0.06,-0.06,11964.01,208.0,0.0,0.0,0.0,0.0
1775763356781760607,275110,0.0,0.9,0.024,0.6,0.0,-0.04,-3.06,1.56,2.5,0.02,0.02,-0.01,-0.0,-0.0,0.0,11964.18,208.0,0.0,0.0,0.0,0.0
1775763356884142165,275210,0.0,1.3,0.02,0.1,0.12,-0.04,-3.06,1.56,2.5,0.0,0.03,0.0,-0.0,-0.0,-0.06,11964.87,198.0,0.0,0.0,0.0,0.0
1775763356992551820,275310,0.0,1.3,0.016,0.5,-0.04,-0.02,-3.06,1.56,2.5,0.02,0.04,-0.02,-0.0,0.06,0.12,11962.3,219.0,0.0,0.0,0.0,0.0
1775763357084917507,275410,0.0,1.5,0.008,0.3,0.02,-0.06,-3.06,1.56,2.5,0.01,-0.0,-0.02,-0.0,-0.12,0.06,11964.01,219.0,0.0,0.0,0.0,0.0
1775763357181272099,275510,0.0,-0.1,0.0,1.0,0.08,-0.1,-3.06,1.56,2.5,0.0,0.04,-0.02,-0.0,-0.0,0.06,11963.5,206.0,0.0,0.0,0.0,0.0
1775763357283620140,275610,0.048,0.3,0.0,1.2,0.02,-0.08,-3.06,1.56,2.5,0.02,-0.0,-0.04,-0.0,-0.0,-0.06,11962.81,211.0,0.0,0.0,0.0,0.0
1775763357383779462,275710,0.0,1.1,0.048,0.5,-0.06,-0.08,-3.06,1.56,2.5,0.0,0.04,-0.01,-0.19,0.06,0.12,11965.73,211.0,0.0,0.0,0.0,0.0
1775763357486204888,275809,0.0,1.4,0.024,0.2,0.0,0.04,-3.06,1.56,2.5,0.0,0.02,-0.02,-0.12,-0.0,-0.06,11964.18,193.0,0.0,0.0,0.0,0.0
1775763357584503880,275909,0.0,1.3,0.0,1.2,-0.08,-0.08,-3.06,1.56,2.5,0.0,0.01,-0.01,-0.0,-0.0,0.12,11963.5,211.0,0.0,0.0,0.0,0.0
1775763357682799334,276009,0.0,1.1,0.016,0.4,-0.02,-0.1,-3.06,1.56,2.5,0.01,0.02,-0.01,-0.0,-0.0,0.0,11966.07,211.0,0.0,0.0,0.0,0.0
1775763357791292243,276109,0.0,1.1,0.02,0.2,0.0,0.06,-3.06,1.56,2.5,0.0,0.01,-0.01,-0.0,0.06,0.0,11965.04,209.0,0.0,0.0,0.0,0.0
1775763357883559528,276209,0.0,0.7,0.024,0.2,-0.08,-0.08,-3.06,1.56,2.5,0.0,-0.0,-0.03,0.06,-0.06,-0.06,11965.55,209.0,0.0,0.0,0.0,0.0
1775763357991961905,276310,0.0,1.0,0.02,0.3,-0.08,0.02,-3.06,1.56,2.5,0.0,0.03,-0.02,-0.0,0.19,0.12,11964.87,192.0,0.0,0.0,0.0,0.0
1775763358090122884,276410,0.0,0.9,0.02,0.5,0.02,-0.04,-3.06,1.56,2.5,0.0,0.03,-0.01,0.12,-0.12,0.12,11964.01,203.0,0.0,0.0,0.0,0.0
1775763358184619276,276510,0.0,0.7,0.056,0.3,0.02,-0.02,-3.06,1.56,2.5,0.0,0.02,-0.04,-0.0,0.06,0.06,11965.38,203.0,0.0,0.0,0.0,0.0
1775763358282978005,276610,0.0,1.1,0.068,0.4,-0.06,-0.02,-3.06,1.56,2.5,0.0,0.04,0.0,0.06,-0.0,0.0,11965.55,204.0,0.0,0.0,0.0,0.0
1775763358387142693,276710,0.028,0.2,0.048,0.5,-0.02,-0.1,-3.06,1.56,2.5,0.0,0.03,-0.02,-0.0,-0.0,-0.06,11964.01,194.0,0.0,0.0,0.0,0.0
1775763358491532536,276810,0.0,1.6,0.036,0.5,0.0,-0.18,-3.06,1.56,2.5,0.0,0.01,-0.01,0.06,-0.0,-0.06,11965.21,194.0,0.0,0.0,0.0,0.0
1775763358594013700,276911,0.0,1.3,0.016,0.3,-0.02,-0.16,-3.06,1.56,2.5,0.0,0.02,-0.02,0.06,-0.0,-0.12,11964.35,188.0,0.0,0.0,0.0,0.0
1775763358686225450,277011,0.0,1.5,0.024,0.2,0.04,-0.1,-3.06,1.56,2.5,0.03,0.03,-0.04,-0.19,-0.0,0.06,11962.64,192.0,0.0,0.0,0.0,0.0
1775763358784607233,277111,0.0,1.0,0.028,0.1,-0.04,-0.2,-3.06,1.56,2.5,0.0,0.02,-0.02,-0.06,0.06,0.06,11964.18,192.0,0.0,0.0,0.0,0.0
1775763358886913073,277211,0.0,0.8,0.02,0.3,-0.02,-0.06,-3.06,1.56,2.5,0.0,0.01,-0.01,-0.06,0.19,0.0,11964.53,190.0,0.0,0.0,0.0,0.0
1775763358985309374,277311,0.0,0.2,0.0,1.3,-0.06,-0.08,-3.06,1.56,2.5,0.0,0.03,-0.03,-0.12,-0.06,0.06,11965.04,190.0,0.0,0.0,0.0,0.0
1775763359087598288,277411,0.0,0.2,0.0,1.7,0.02,-0.08,-3.06,1.56,2.5,0.0,-0.0,-0.03,-0.12,0.06,0.0,11965.38,196.0,0.0,0.0,0.0,0.0
1775763359184105797,277511,0.044,0.4,0.048,0.4,-0.08,-0.1,-3.06,1.56,2.5,0.03,0.01,0.0,-0.0,-0.0,0.06,11963.33,200.0,0.0,0.0,0.0,0.0
1775763359286344399,277611,0.0,0.7,0.064,0.5,-0.06,-0.1,-3.06,1.56,2.5,0.01,0.02,-0.03,0.19,-0.0,0.06,11964.18,200.0,0.0,0.0,0.0,0.0
1775763359386535996,277711,0.0,1.5,0.048,0.2,-0.06,0.1,-3.06,1.56,2.5,0.0,0.03,-0.04,-0.0,-0.0,0.0,11964.87,194.0,0.0,0.0,0.0,0.0
1775763359494954648,277811,0.0,1.4,0.036,0.2,0.06,-0.02,-3.06,1.56,2.5,0.0,0.03,-0.05,0.12,0.19,0.06,11966.24,207.0,0.0,0.0,0.0,0.0
1775763359587359814,277911,0.0,1.3,0.024,0.5,0.1,-0.21,-3.06,1.56,2.5,0.0,0.03,-0.01,-0.06,0.06,0.06,11966.41,207.0,0.0,0.0,0.0,0.0
1775763359685518609,278011,0.0,1.2,0.028,0.3,0.04,-0.06,-3.06,1.56,2.5,0.01,0.03,-0.02,0.06,-0.0,0.0,11966.41,207.0,0.0,0.0,0.0,0.0
1775763359793956168,278111,0.0,1.3,0.028,0.5,-0.06,-0.02,-3.06,1.56,2.5,0.0,0.03,-0.02,-0.0,-0.0,-0.06,11967.27,204.0,0.0,0.0,0.0,0.0
1775763359886308781,278211,0.0,1.4,0.016,0.3,0.02,-0.08,-3.06,1.56,2.5,0.01,0.02,-0.03,-0.06,0.12,0.0,11968.81,204.0,0.0,0.0,0.0,0.0
1775763359988640897,278311,0.0,1.5,0.012,0.5,0.06,-0.12,-3.06,1.56,2.5,0.0,0.02,-0.02,-0.0,-0.0,-0.06,11967.78,201.0,0.0,0.0,0.0,0.0
1775763360092879469,278411,0.0,1.1,0.016,0.2,0.08,0.02,-3.06,1.56,2.5,0.0,0.05,0.0,-0.06,0.12,-0.06,11964.7,201.0,0.0,0.0,0.0,0.0
1775763360183332347,278510,0.0,1.1,0.06,0.1,0.02,-0.14,-3.06,1.56,2.5,0.04,0.04,-0.06,-0.12,-0.0,0.12,11967.96,198.0,0.0,0.0,0.0,0.0
1775763360285682442,278610,0.0,0.9,0.0,1.5,-0.14,0.02,-3.06,1.56,2.5,0.0,0.03,-0.04,-0.0,0.12,0.0,11966.07,200.0,0.0,0.0,0.0,0.0
1775763360383979637,278710,0.0,1.4,0.048,0.5,0.18,-0.12,-3.06,1.56,2.5,-0.01,0.04,-0.03,-0.06,0.12,0.0,11966.07,200.0,0.0,0.0,0.0,0.0
1775763360484214897,278809,0.0,1.4,0.036,0.5,-0.14,-0.04,-3.06,1.56,2.5,0.0,0.03,-0.01,0.12,-0.0,-0.06,11968.64,187.0,0.0,0.0,0.0,0.0
1775763360592544573,278909,0.0,1.5,0.032,0.3,-0.06,0.02,-3.06,1.56,2.5,0.01,0.02,-0.03,-0.06,0.06,0.06,11967.61,194.0,0.0,0.0,0.0,0.0
1775763360684982404,279009,0.0,1.3,0.008,0.3,0.08,-0.06,-3.06,1.56,2.5,-0.01,-0.0,0.0,-0.12,-0.12,-0.06,11967.44,194.0,0.0,0.0,0.0,0.0
1775763360793311412,279109,0.0,1.3,0.016,0.3,0.0,0.1,-3.06,1.56,2.5,0.03,0.02,-0.02,-0.12,-0.0,0.06,11966.75,180.0,0.0,0.0,0.0,0.0
1775763360885598103,279209,0.0,1.3,0.008,0.4,0.04,-0.02,-3.06,1.56,2.5,0.01,0.02,0.0,-0.06,-0.06,-0.06,11967.61,203.0,0.0,0.0,0.0,0.0
1775763360983869132,279309,0.0,1.4,0.016,0.3,0.0,-0.06,-3.06,1.56,2.5,0.01,0.01,-0.01,-0.06,-0.0,0.19,11966.24,203.0,0.0,0.0,0.0,0.0
1775763361086275113,279409,0.0,0.9,0.024,0.3,-0.1,-0.04,-3.06,1.56,2.5,0.01,0.03,-0.01,0.06,0.19,0.0,11965.55,221.0,0.0,0.0,0.0,0.0
1775763361182641574,279510,0.0,0.9,0.068,0.4,-0.12,-0.25,-3.06,1.56,2.5,0.01,0.02,-0.01,0.06,-0.12,0.06,11965.04,221.0,0.0,0.0,0.0,0.0
1775763361285123940,279610,0.0,0.9,0.056,0.5,0.0,-0.1,-3.06,1.56,2.5,0.02,0.02,0.0,-0.0,0.12,0.0,11964.35,209.0,0.0,0.0,0.0,0.0
1775763361389270887,279710,0.0,1.2,0.052,0.3,0.02,-0.08,-3.06,1.56,2.5,0.02,0.01,-0.01,-0.06,-0.06,0.0,11963.67,198.0,0.0,0.0,0.0,0.0
1775763361487702518,279810,0.0,1.1,0.04,0.3,-0.12,-0.04,-3.06,1.56,2.5,0.01,0.01,0.01,-0.06,0.06,0.0,11964.7,198.0,0.0,0.0,0.0,0.0
