timestamp_ns,time_ms,voltage_left,current_left_ma,voltage_right,current_right_ma,motor_current_left,motor_current_right,euler_x,euler_y,euler_z,acc_lin_x,acc_lin_y,acc_lin_z,sonar_mm,tof_mm,rpm_left,rpm_right,rotations_left,rotations_right
1770323953030843197,3385,9.836,4.6,11.844,0.0,-0.02,-0.1,-0.06,12.94,3.56,0.0,0.01,-0.03,223.98,216.0,0.0,0.0,0.0,
1770323953129105549,3559,9.888,4.7,11.852,0.0,-0.1,-0.08,-0.06,12.94,3.56,-0.01,0.02,0.0,220.72,216.0,0.0,0.0,0.0,
1770323953231506604,3659,9.824,4.1,10.412,0.7,0.04,-0.08,-0.06,12.94,3.56,-0.03,0.0,0.01,220.38,219.0,0.0,0.0,0.0,
1770323953329809030,3760,10.096,3.9,11.852,0.2,0.0,-0.14,-0.06,12.94,3.56,-0.02,0.0,-0.02,223.81,219.0,0.0,0.0,0.0,
1770323953432208512,3860,10.072,4.4,10.252,1.5,-0.16,-0.02,-0.06,12.94,3.56,-0.02,0.0,-0.02,224.84,219.0,0.0,0.0,0.0,
1770323953530501530,3960,9.904,5.0,11.848,-0.1,-0.16,-0.06,-0.06,12.94,3.56,0.0,0.0,-0.03,225.52,218.0,0.0,0.0,0.0,
1770323953628770234,4060,10.012,3.9,11.872,0.0,-0.04,-0.2,-0.06,12.94,3.56,-0.02,0.02,0.0,225.52,217.0,0.0,0.0,0.0,
1770323953731193178,4160,10.036,4.1,11.648,0.4,-0.04,-0.1,-0.06,12.94,3.56,0.01,0.01,0.0,224.32,217.0,0.0,0.0,0.0,
1770323953829484900,4260,9.856,5.0,11.844,0.5,0.06,-0.06,-0.06,12.94,3.56,-0.02,0.02,0.0,224.49,214.0,0.0,0.0,0.0,
1770323953931895789,4361,11.656,4.0,11.652,0.0,0.02,-0.06,-0.06,12.94,3.56,-0.01,0.0,-0.03,225.01,222.0,0.0,0.0,0.0,
1770323954030194770,4461,10.032,3.9,11.848,0.0,0.06,-0.08,-0.06,12.94,3.56,0.0,0.0,0.0,225.52,222.0,0.0,0.0,0.0,
1770323954132604289,4560,11.656,3.9,11.852,0.2,0.06,-0.08,-0.06,12.94,3.56,0.0,0.0,-0.02,225.52,220.0,0.0,0.0,0.0,
1770323954230887511,4660,9.832,4.9,11.888,0.3,-0.02,-0.1,-0.06,12.94,3.56,-0.01,0.0,0.0,220.21,222.0,0.0,0.0,0.0,
1770323954339222955,4760,9.888,4.9,11.044,0.7,0.04,-0.18,-0.06,12.94,3.56,-0.01,0.0,-0.02,225.35,222.0,0.0,0.0,0.0,
1770323954431591844,4860,10.028,3.6,11.864,0.1,-0.04,-0.06,-0.06,12.94,3.56,-0.02,0.0,-0.03,220.21,219.0,0.0,0.0,0.0,
1770323954529889307,4960,10.096,3.9,11.832,0.0,-0.02,-0.14,-0.06,12.94,3.56,0.0,0.0,-0.03,221.41,219.0,0.0,0.0,0.0,
1770323954632304177,5060,11.664,3.8,11.864,-0.1,-0.12,-0.08,-0.06,12.94,3.56,-0.02,0.0,-0.02,216.95,225.0,0.0,0.0,0.0,
1770323954730583751,5160,10.032,3.9,11.84,0.0,-0.16,-0.1,-0.06,12.94,3.56,0.0,0.0,-0.02,217.12,219.0,0.0,0.0,0.0,
1770323954828854103,5260,9.9,4.7,10.4,0.8,-0.18,-0.16,-0.06,12.94,3.56,-0.04,0.0,-0.03,217.12,219.0,0.0,0.0,0.0,
1770323954931292418,5359,11.648,4.9,11.84,0.1,-0.14,-0.08,-0.06,12.94,3.56,-0.01,0.0,0.0,217.12,221.0,0.0,0.0,0.0,
1770323955142007381,5459,9.836,4.9,11.88,0.1,-0.14,-0.08,-0.06,12.94,3.56,-0.02,0.02,0.0,216.95,218.0,0.0,0.0,0.0,
1770323955152591585,5559,9.836,4.9,11.824,0.3,-0.08,0.0,-0.06,12.94,3.56,-0.03,0.0,-0.01,216.09,218.0,0.0,0.0,0.0,
1770323955230287751,5658,9.844,4.5,11.848,-0.2,-0.16,-0.16,-0.06,12.94,3.56,0.0,0.0,0.0,220.21,217.0,0.0,0.0,0.0,
1770323955328585288,5758,9.824,5.0,11.84,0.1,0.02,-0.06,-0.06,12.94,3.56,-0.02,0.0,0.0,221.41,217.0,0.0,0.0,0.0,
1770323955430983677,5858,9.912,4.5,10.812,0.9,-0.04,-0.02,-0.06,12.94,3.56,0.0,0.01,0.0,215.92,221.0,0.0,0.0,0.0,
1770323955529274510,5958,11.668,4.1,11.88,0.1,-0.02,-0.06,-0.06,12.94,3.56,-0.01,0.0,0.0,221.41,220.0,0.0,0.0,0.0,
1770323955631721344,6059,9.828,4.7,11.852,-0.1,0.02,0.02,-0.06,12.94,3.56,-0.02,0.0,0.0,217.12,220.0,0.0,0.0,0.0,
1770323955729989381,6159,11.692,4.1,11.848,0.0,-0.1,-0.14,-0.06,12.94,3.56,-0.01,0.0,-0.03,221.24,220.0,0.0,0.0,0.0,
1770323955832376103,6259,10.096,3.9,11.832,0.2,0.06,-0.2,-0.06,12.94,3.56,-0.03,0.0,-0.01,221.24,216.0,0.0,0.0,0.0,
1770323955930671621,6360,10.044,3.8,11.916,-0.1,-0.02,-0.14,-0.06,12.94,3.56,-0.02,0.01,-0.01,221.41,216.0,0.0,0.0,0.0,
1770323956033073084,6460,10.4,3.9,11.488,-0.1,-0.08,-0.08,-0.06,12.94,3.56,-0.03,0.02,0.0,221.24,222.0,0.0,0.0,0.0,
1770323956146002251,6560,9.84,5.0,11.86,0.2,-0.02,-0.06,-0.06,12.94,3.56,0.0,0.0,-0.04,220.21,218.0,0.0,0.0,0.0,
1770323956233764491,6661,11.652,4.1,10.392,0.0,0.1,-0.08,-0.06,12.94,3.56,-0.02,0.02,0.0,217.12,218.0,0.0,0.0,0.0,
1770323956332075621,6761,10.02,3.8,11.912,-0.3,0.04,-0.02,-0.06,12.94,3.56,0.0,0.0,-0.01,224.84,216.0,0.0,0.0,0.0,
1770323956434464195,6861,11.692,4.2,11.648,0.7,-0.02,-0.1,-0.06,12.94,3.56,-0.01,0.0,-0.02,221.24,216.0,0.0,0.0,0.0,
1770323956532764047,6962,10.048,3.9,11.832,0.2,0.02,-0.2,-0.06,12.94,3.56,-0.01,0.01,-0.01,225.52,223.0,0.0,0.0,0.0,
1770323956635166380,7062,9.836,4.8,11.892,0.0,-0.04,0.1,-0.06,12.94,3.56,-0.01,0.0,-0.03,219.69,220.0,0.0,0.0,0.0,
1770323956733456917,7161,9.912,5.0,11.836,0.0,-0.02,-0.1,-0.06,12.94,3.56,-0.01,-0.01,-0.01,220.21,220.0,0.0,0.0,0.0,
1770323956835864676,7262,9.892,4.7,11.856,0.1,-0.08,-0.06,-0.06,12.94,3.56,-0.01,0.0,-0.01,220.21,220.0,0.0,0.0,0.0,
1770323956934159472,7362,9.908,4.6,11.848,0.0,0.04,-0.04,-0.06,12.94,3.56,0.0,0.0,-0.02,221.24,223.0,0.0,0.0,0.0,
1770323957032460991,7461,11.656,3.9,10.812,0.0,-0.1,-0.1,-0.06,12.94,3.56,-0.01,0.01,-0.01,216.95,223.0,0.0,0.0,0.0,
1770323957134855843,7562,10.028,4.0,11.908,0.1,-0.1,-0.08,-0.06,12.94,3.56,0.0,0.02,-0.01,216.95,221.0,0.0,0.0,0.0,
1770323957233159861,7662,10.032,3.7,11.912,-0.1,-0.04,-0.02,-0.06,12.94,3.56,-0.01,0.02,-0.01,217.12,221.0,0.0,0.0,0.0,
1770323957335568176,7762,9.924,13.1,11.588,0.2,0.0,1.07,-0.06,12.94,3.56,0.01,-0.02,-0.08,216.95,222.0,0.0,0.8,0.0,0.0
1770323957433856842,7862,9.76,15.3,11.808,-0.2,-0.04,0.9,-0.06,12.94,3.56,-0.01,0.0,-0.06,215.92,217.0,0.0,0.0,0.0,
1770323957532128565,7962,9.78,12.9,11.16,0.2,0.0,0.96,-0.06,12.94,3.56,-0.01,0.02,-0.02,216.09,217.0,0.0,0.0,0.0,
1770323957634555528,8061,11.016,15.2,11.572,0.2,-0.06,0.84,-0.06,12.94,3.56,-0.01,0.0,-0.03,217.12,223.0,0.0,0.0,0.0,
1770323957732851527,8161,11.628,14.3,11.792,0.4,0.04,1.02,-0.06,12.94,3.56,-0.03,0.0,-0.03,216.09,218.0,0.0,0.0,0.0,
1770323957835242361,8261,9.816,15.0,11.792,0.0,-0.04,1.05,-0.06,12.94,3.56,-0.02,0.0,-0.02,221.24,218.0,0.0,0.0,0.0,
1770323958078002120,8361,10.708,13.1,11.828,0.4,-0.08,0.94,-0.06,12.94,3.56,-0.03,-0.01,-0.03,216.95,222.0,0.0,0.0,0.0,
1770323958134258657,8461,10.736,13.7,11.776,-0.1,-0.16,1.09,-0.06,12.94,3.56,-0.01,-0.01,-0.04,217.12,223.0,0.0,0.0,0.0,
1770323958144738472,8561,9.844,14.5,11.8,0.1,-0.16,1.11,-0.06,12.94,3.56,-0.01,0.01,-0.05,217.12,223.0,0.0,0.0,0.0,
1770323958236645472,8662,9.928,14.5,11.748,-0.3,-0.12,0.96,-0.06,12.94,3.56,-0.01,0.0,-0.03,220.38,217.0,0.0,0.0,0.0,
1770323958334955990,8763,11.636,14.2,11.78,-0.2,-0.08,1.02,-0.06,12.94,3.56,-0.03,0.02,-0.05,216.95,221.0,0.0,0.0,0.0,
1770323958433238583,8862,10.324,14.3,11.836,0.4,0.16,0.88,-0.06,12.94,3.56,0.0,0.0,-0.03,221.41,221.0,0.0,0.0,0.0,
1770323958535636286,8963,9.928,15.0,10.396,-0.2,-0.08,0.88,-0.06,12.94,3.56,-0.01,0.0,-0.04,217.12,217.0,0.0,0.0,0.0,
1770323958633900490,9063,10.02,14.6,11.788,0.2,-0.02,1.0,-0.06,12.94,3.56,-0.01,0.0,-0.03,217.12,217.0,0.0,0.0,0.0,
1770323958736332694,9163,9.964,15.7,11.768,-0.1,-0.1,1.02,-0.06,12.94,3.56,-0.02,0.0,-0.05,217.12,218.0,0.0,0.0,0.0,
1770323958834668175,9264,10.072,13.9,11.816,0.9,0.0,1.07,-0.06,12.94,3.56,-0.01,0.01,-0.02,216.95,220.0,0.0,0.0,0.0,
1770323958937045156,9363,9.976,15.2,11.788,-0.4,-0.06,0.94,-0.06,12.94,3.56,-0.01,0.0,-0.03,217.12,220.0,0.0,0.0,0.0,
1770323959050000564,9463,9.892,15.1,10.896,-0.6,0.1,0.92,-0.06,12.94,3.56,-0.01,0.0,-0.06,217.12,218.0,0.0,0.0,0.0,
1770323959133597008,9563,9.996,14.6,11.284,0.7,-0.08,0.92,-0.06,12.94,3.56,0.0,0.0,-0.02,216.95,220.0,0.0,0.0,0.0,
1770323959236042990,9663,9.912,15.2,11.48,1.0,-0.12,0.98,-0.06,12.94,3.56,-0.01,0.01,0.0,217.12,220.0,0.0,0.0,0.0,
1770323959334332915,9763,9.964,15.5,11.796,0.1,0.1,0.98,-0.06,12.94,3.56,0.0,0.0,0.0,217.12,218.0,0.0,0.0,0.0,
1770323959432593693,9862,9.952,14.5,11.736,-0.1,-0.06,1.05,-0.06,12.94,3.56,-0.01,0.0,-0.02,217.12,218.0,0.0,0.0,0.0,
1770323959535032749,9962,9.976,15.2,11.836,0.1,0.02,0.98,-0.06,12.94,3.56,0.0,0.0,-0.02,217.12,218.0,0.0,0.0,0.0,
1770323959633312749,10062,9.984,13.5,11.808,0.0,-0.18,1.02,-0.06,12.94,3.56,-0.02,0.01,-0.02,221.41,220.0,0.0,0.0,0.0,
1770323959735726619,10162,9.996,13.7,11.116,0.1,-0.1,0.98,-0.06,12.94,3.56,0.0,0.0,0.0,221.24,220.0,0.0,0.0,0.0,
1770323959834044952,10261,11.008,13.9,11.792,0.7,-0.02,0.96,-0.06,12.94,3.56,-0.01,0.0,-0.01,217.12,218.0,0.0,0.0,0.0,
1770323959932331471,10361,10.62,13.7,11.768,-0.3,0.02,1.09,-0.06,12.94,3.56,-0.02,-0.01,0.0,217.12,220.0,0.0,0.0,0.0,
1770323960046003378,10461,11.172,15.3,10.68,0.1,0.04,1.07,-0.06,12.94,3.56,-0.01,0.0,0.0,217.12,220.0,0.0,0.0,0.0,
1770323960133018822,10561,9.84,14.2,11.808,-0.3,0.04,1.0,-0.06,12.94,3.56,-0.01,0.0,-0.03,217.12,221.0,0.0,0.0,0.0,
1770323960235420619,10661,9.92,14.8,11.828,0.1,0.04,0.9,-0.06,12.94,3.56,-0.02,0.0,-0.01,217.12,221.0,0.0,0.0,0.0,
1770323960333728137,10761,9.916,15.0,11.78,0.1,0.06,1.07,-0.06,12.94,3.56,0.0,0.0,-0.01,216.09,221.0,0.0,0.0,0.0,
1770323960436132174,10861,9.82,14.7,11.768,0.1,0.06,1.04,-0.06,12.94,3.56,-0.01,0.0,0.0,217.12,216.0,0.0,0.0,0.0,
1770323960534424785,10961,9.884,13.7,11.264,0.2,0.08,0.9,-0.06,12.94,3.56,-0.02,0.0,-0.04,217.12,216.0,0.0,0.0,0.0,
1770323960636828952,11062,9.792,13.3,11.792,-0.2,-0.1,1.04,-0.06,12.94,3.56,-0.02,0.01,0.01,217.12,224.0,0.0,0.0,0.0,
1770323960735117655,11162,9.78,15.4,11.792,0.7,-0.06,1.0,-0.06,12.94,3.56,-0.02,0.0,0.0,217.12,219.0,0.0,0.0,0.0,
1770323960833388729,11262,10.036,14.2,11.772,-0.1,-0.04,1.13,-0.06,12.94,3.56,0.0,0.0,0.0,217.12,219.0,0.0,0.0,0.0,
1770323960935828359,11362,9.784,15.1,11.796,-0.3,0.16,1.0,-0.06,12.94,3.56,-0.03,0.0,-0.01,217.12,220.0,0.0,0.0,0.0,
1770323961034121822,11461,9.888,15.5,11.804,-0.1,-0.02,1.02,-0.06,12.94,3.56,0.0,0.01,-0.04,221.24,221.0,0.0,0.0,0.0,
1770323961136530600,11561,9.768,14.6,11.796,0.2,-0.1,1.04,-0.06,12.94,3.56,0.0,0.01,-0.02,217.12,221.0,0.0,0.0,0.0,
1770323961234813525,11662,10.312,13.5,11.788,-0.2,-0.12,1.0,-0.06,12.94,3.56,-0.02,-0.01,-0.02,217.12,223.0,0.0,0.0,0.0,
1770323961337215081,11762,10.004,15.0,11.796,0.2,-0.02,1.09,-0.06,12.94,3.56,-0.01,0.01,-0.03,217.12,225.0,0.0,0.0,0.0,
1770323961435507877,11863,11.616,13.3,11.828,-0.1,-0.08,1.02,-0.06,12.94,3.56,-0.01,0.0,-0.02,217.12,225.0,0.0,0.0,0.0,
1770323961538011099,11963,9.8,15.0,10.136,1.7,0.0,0.94,-0.06,12.94,3.56,0.0,0.0,0.0,217.12,218.0,0.0,0.0,0.0,
1770323961636321377,12063,11.444,14.4,11.472,0.2,0.0,1.17,-0.06,12.94,3.56,-0.02,0.0,0.0,216.09,218.0,0.0,0.0,0.0,
1770323961738674692,12164,9.836,15.0,11.84,-0.3,-0.06,1.0,-0.06,12.94,3.56,0.0,0.01,-0.03,217.12,223.0,0.0,0.0,0.0,
1770323961836978821,12264,9.8,14.6,11.792,0.2,-0.1,0.9,-0.06,12.94,3.56,-0.02,0.01,-0.03,224.49,222.0,0.0,0.0,0.0,
1770323961939371784,12364,9.912,14.1,11.792,0.4,0.02,0.88,-0.06,12.94,3.56,-0.02,0.0,-0.02,224.49,222.0,0.0,0.0,0.0,
1770323962037679692,12465,9.944,15.3,11.796,-0.4,-0.14,1.0,-0.06,12.94,3.56,-0.01,0.01,-0.02,216.09,219.0,0.0,0.0,0.0,
1770323962140076488,12565,9.768,14.4,11.608,-0.1,0.0,1.07,-0.06,12.94,3.56,-0.02,0.0,-0.02,221.24,216.0,0.0,0.0,0.0,
1770323962354028451,12664,9.912,14.0,11.768,-0.4,-0.06,1.04,-0.06,12.94,3.56,0.0,0.0,-0.01,217.12,216.0,0.0,0.0,0.0,
1770323962357137506,12764,9.944,14.0,11.808,0.8,0.08,1.04,-0.06,12.94,3.56,-0.01,0.0,-0.01,217.12,219.0,0.0,0.0,0.0,
1770323962439036525,12864,9.892,15.3,11.792,0.8,-0.02,1.05,-0.06,12.94,3.56,-0.02,0.0,-0.01,217.12,220.0,0.0,0.0,0.0,
1770323962537353580,12964,11.148,15.2,11.78,-0.1,-0.12,0.88,-0.06,12.94,3.56,-0.01,0.01,-0.01,215.92,220.0,0.0,0.0,0.0,
1770323962639764617,13065,11.508,13.7,11.824,-0.4,-0.1,0.96,-0.06,12.94,3.56,-0.02,0.0,-0.02,216.09,218.0,0.0,0.0,0.0,
1770323962738011043,13165,11.608,14.3,11.792,0.7,-0.06,0.98,-0.06,12.94,3.56,0.0,0.0,-0.05,216.95,218.0,0.0,0.0,0.0,
1770323962840460413,13265,10.18,14.1,11.796,-0.7,-0.23,1.04,-0.06,12.94,3.56,-0.01,0.0,-0.01,217.12,225.0,0.0,0.0,0.0,
1770323962962053969,13365,9.94,13.6,11.224,-0.5,-0.39,0.84,-0.06,12.94,3.56,-0.03,0.01,-0.04,216.09,217.0,0.0,0.0,0.0,
1770323963041151858,13465,9.84,14.2,11.772,-0.4,-0.27,0.9,-0.06,12.94,3.56,-0.03,0.0,-0.02,217.12,217.0,0.0,0.0,0.0,
1770323963139459580,13564,9.556,14.8,11.74,-0.5,-0.41,1.0,-0.06,12.94,3.56,0.0,0.0,-0.02,217.12,220.0,0.0,0.0,0.0,
1770323963237762117,13664,11.124,14.5,11.656,-0.5,-0.31,1.07,-0.06,12.94,3.56,-0.02,0.01,-0.02,217.12,218.0,0.0,0.0,0.0,
1770323963340117209,13764,9.568,14.2,11.796,-0.1,-0.27,0.88,-0.06,12.94,3.56,0.0,0.0,-0.02,217.12,218.0,0.0,0.0,0.0,
1770323963438444580,13864,9.852,13.9,11.556,-0.5,-0.21,0.94,-0.06,12.94,3.56,-0.01,0.0,-0.03,216.09,219.0,0.0,0.0,0.0,
1770323963540862543,13964,9.68,14.4,11.796,-0.3,-0.33,1.07,-0.06,12.94,3.56,-0.01,0.01,-0.04,217.12,219.0,0.0,0.0,0.0,
1770323963639161617,14064,9.972,13.8,11.804,-0.1,-0.35,0.98,-0.06,12.94,3.56,-0.01,0.0,-0.02,217.12,221.0,0.0,0.0,0.0,
1770323963737457357,14163,9.752,14.4,11.772,-0.4,-0.29,1.09,-0.06,12.94,3.56,0.0,0.0,-0.04,217.12,219.0,0.0,0.0,0.0,
1770323963835746635,14263,10.188,14.4,11.772,-0.1,-0.18,1.02,-0.06,12.94,3.56,0.0,0.0,-0.01,216.09,219.0,0.0,0.0,0.0,
1770323963938152913,14362,10.992,16.0,11.36,-1.1,-0.45,1.11,-0.06,12.94,3.56,-0.02,0.0,-0.02,216.09,224.0,0.0,0.0,0.0,
1770323964036481172,14462,10.132,14.3,11.776,-0.7,-0.35,1.09,-0.06,12.94,3.56,-0.02,-0.01,-0.04,217.12,217.0,0.0,0.0,0.0,
1770323964138857227,14562,9.892,14.7,11.116,-1.0,-0.39,0.86,-0.06,12.94,3.56,-0.01,0.0,-0.02,217.12,217.0,0.0,0.0,0.0,
1770323964237118338,14662,10.056,14.4,11.556,0.0,-0.23,1.07,-0.06,12.94,3.56,0.0,0.0,-0.03,216.09,220.0,0.0,0.0,0.0,
1770323964339502227,14763,9.944,15.0,11.8,-0.2,-0.35,0.92,-0.06,12.94,3.56,-0.01,0.0,-0.03,217.12,217.0,0.0,0.0,0.0,
1770323964437854727,14863,11.38,14.3,11.772,-0.2,-0.33,0.88,-0.06,12.94,3.56,-0.02,0.0,-0.02,216.09,217.0,0.0,0.0,0.0,
1770323964540248375,14963,10.54,14.0,11.82,-0.1,-0.39,1.17,-0.06,12.94,3.56,-0.02,0.0,-0.04,217.12,218.0,0.0,0.0,0.0,
1770323964638571190,15064,11.584,16.1,11.616,-1.0,-0.31,1.0,-0.06,12.94,3.56,0.0,0.0,-0.04,215.23,220.0,0.0,0.0,0.0,
1770323964740940597,15164,10.428,15.1,11.256,-0.4,-0.25,1.05,-0.06,12.94,3.56,-0.01,0.0,-0.01,217.12,220.0,0.0,0.0,0.0,
1770323964839244116,15264,9.7,13.4,11.768,-0.6,-0.31,1.02,-0.06,12.94,3.56,-0.02,0.0,-0.03,216.09,220.0,0.0,0.0,0.0,
1770323964941629764,15365,9.608,15.9,11.692,-0.7,-0.29,0.96,-0.06,12.94,3.56,-0.02,0.02,-0.02,216.09,220.0,0.0,0.0,0.0,
1770323965190055967,15465,11.592,14.8,11.788,0.2,-0.25,1.09,-0.06,12.94,3.56,-0.01,0.0,-0.04,221.41,222.0,0.0,0.0,0.0,
1770323965240674338,15564,9.576,15.8,11.708,-0.9,-0.55,1.19,-0.06,12.94,3.56,-0.01,0.02,-0.05,216.09,217.0,0.0,0.0,0.0,
1770323965249015782,15665,9.616,13.8,11.628,-0.2,-0.39,1.0,-0.06,12.94,3.56,-0.02,-0.02,-0.03,215.92,217.0,0.0,0.0,0.0,
1770323965338879856,15765,9.976,16.6,11.784,0.2,-0.25,1.07,-0.06,12.94,3.56,0.0,0.01,-0.04,215.92,219.0,0.0,0.0,0.0,
1770323965441297652,15865,11.344,15.5,11.468,-0.3,-0.39,1.15,-0.06,12.94,3.56,-0.01,0.02,-0.03,216.95,222.0,0.0,0.0,0.0,
1770323965539702245,15965,9.924,14.5,11.74,0.6,0.02,0.94,-0.06,12.94,3.56,0.0,0.01,-0.05,217.12,222.0,0.0,0.0,0.0,
1770323965642035356,16065,10.036,14.5,11.716,-0.4,-0.08,1.07,-0.06,12.94,3.56,-0.02,0.01,-0.01,216.95,218.0,0.0,0.0,0.0,
1770323965740338856,16165,9.884,15.1,11.788,-0.5,0.04,0.98,-0.06,12.94,3.56,-0.02,0.0,-0.01,217.12,218.0,0.0,0.0,0.0,
1770323965842742837,16266,10.032,14.5,11.124,-1.2,0.39,0.92,-0.06,12.94,3.56,-0.01,0.0,-0.01,217.12,218.0,0.0,0.0,0.0,
1770323965941025504,16366,11.636,15.9,11.748,-2.3,0.64,1.04,-0.06,12.94,3.56,0.0,0.0,-0.01,216.95,217.0,0.0,0.0,0.0,
1770323966039319319,16466,9.812,15.2,11.76,-2.9,0.49,1.07,-0.06,12.94,3.56,-0.02,0.0,-0.01,216.95,217.0,3.58,0.0,0.0,0.0
1770323966141780208,16565,9.784,15.9,11.768,-8.8,0.92,1.04,-0.06,12.94,3.56,-0.06,0.01,-0.01,217.12,221.0,11.45,0.0,0.0,0.0
1770323966240040652,16665,10.472,14.4,11.728,-28.2,1.93,1.11,-0.06,12.94,3.56,-0.02,0.0,-0.01,217.12,218.0,17.68,0.0,0.0,0.0
1770323966342382041,16765,10.844,18.7,11.5,-71.2,3.2,1.66,0.06,13.13,3.63,0.05,0.16,0.07,225.87,218.0,14.18,0.0,0.0,0.0
1770323966440681207,16866,9.62,33.9,11.424,-60.1,3.16,2.46,0.5,13.06,3.88,0.03,-0.06,-0.17,208.72,222.0,13.5,0.0,0.0,0.0
1770323966543123744,16966,11.14,29.5,11.68,-76.0,2.93,1.39,1.0,12.94,4.0,-0.03,-0.01,0.02,225.01,211.0,14.17,2.5,0.0,0.0
1770323966641415467,17067,11.148,49.8,11.324,-107.2,2.36,3.11,1.56,12.81,4.06,0.18,0.06,-0.23,240.44,211.0,17.02,2.69,0.0,0.0
1770323966743872115,17167,10.508,48.3,11.624,-75.5,3.24,2.54,2.25,12.69,4.13,-0.01,0.0,-0.15,215.58,211.0,20.05,9.62,0.0,0.0
1770323966842106022,17267,10.028,101.1,10.552,-97.7,2.25,2.95,2.5,12.31,4.13,-0.11,0.13,0.18,219.35,211.0,20.39,23.05,0.0,0.0
1770323967142057133,17368,10.784,129.1,11.608,-71.3,2.79,2.23,2.38,12.0,4.19,-0.22,0.04,0.11,11974.3,216.0,20.57,39.71,0.0,0.0
1770323967161582226,17487,10.36,122.8,11.524,-68.3,2.87,2.97,1.44,11.88,4.31,-0.03,0.0,0.06,231.7,214.0,19.07,44.49,0.0,0.0
1770323967173294133,17587,10.592,130.9,10.2,-61.9,3.03,2.11,0.37,11.75,4.56,-0.1,-0.04,0.0,210.09,214.0,20.14,43.93,0.0,0.0
1770323967264000763,17687,9.624,140.2,11.192,-62.9,2.77,3.2,-0.75,11.75,4.69,-0.13,-0.07,0.16,205.8,211.0,21.45,42.9,0.0,0.0
1770323967386856485,17787,10.492,152.1,11.52,-94.6,1.91,2.42,-1.75,11.81,4.75,-0.04,0.02,0.11,11966.58,212.0,26.25,44.08,0.0,0.0
1770323967485166948,17911,10.788,169.9,11.484,-104.8,2.13,3.07,-2.88,12.0,4.88,0.04,-0.03,0.04,213.86,212.0,30.19,46.07,0.0,0.0
1770323967587580336,18011,10.688,138.1,11.604,-113.1,2.81,2.52,-3.75,12.06,5.0,0.1,-0.1,0.13,207.69,212.0,28.97,46.18,0.0,0.0
1770323967690038096,18111,10.792,198.5,11.412,-99.7,3.13,3.34,-4.75,12.13,5.13,0.04,-0.02,0.15,211.8,211.0,28.33,46.43,0.0,0.0
1770323967788272762,18211,11.312,165.0,11.604,-140.8,2.99,3.24,-5.63,12.19,5.19,0.15,-0.16,0.31,210.6,211.0,30.14,47.86,0.0,0.0
1770323967886553966,18312,10.148,189.3,10.096,-160.8,3.44,3.59,-6.13,12.13,5.31,-0.26,0.16,-0.07,214.2,210.0,32.88,43.31,0.0,0.0
1770323967998058984,18411,11.084,221.7,11.404,-147.8,3.59,3.5,-6.44,12.25,5.38,0.21,0.07,-0.11,224.66,208.0,38.35,40.85,0.0,0.0
1770323968087255058,18511,10.964,192.9,11.224,-124.2,2.77,3.67,-6.38,12.31,5.38,-0.08,0.33,-0.15,203.4,208.0,44.79,42.1,0.0,0.0
1770323968189646910,18612,10.668,126.9,11.412,-179.7,3.09,2.03,-6.44,12.5,5.5,0.18,-0.04,0.02,201.17,206.0,53.73,49.72,0.0,0.0
1770323968308368725,18712,10.436,122.9,11.412,-123.2,2.58,2.25,-6.38,12.56,5.56,0.12,0.02,-0.23,11914.28,201.0,61.55,50.72,0.0,0.0
1770323968410783132,18833,10.684,151.5,11.044,-120.0,2.44,2.91,-6.06,12.56,5.75,-0.17,0.01,-0.07,202.2,201.0,63.62,50.52,0.0,0.0
1770323968509122854,18933,9.792,150.9,10.792,-143.9,2.15,2.62,-5.81,12.56,5.88,0.08,0.02,-0.1,232.38,205.0,62.96,50.37,0.0,0.0
1770323968632014039,19034,11.1,100.9,11.176,-175.3,2.07,2.05,-5.56,12.56,5.94,-0.08,0.0,-0.19,11911.7,198.0,62.28,53.81,0.0,0.0
1770323968758964391,19154,9.368,134.8,11.56,-166.5,2.17,1.7,-5.38,12.63,6.0,-0.1,-0.01,0.02,11913.42,203.0,60.74,53.15,0.0,0.0
1770323968954054373,19281,10.992,123.8,11.032,-169.9,3.22,1.99,-5.13,12.69,6.25,-0.15,-0.2,0.03,11924.05,200.0,57.47,50.12,0.0,0.0
1770323968996533947,19402,10.496,170.9,10.492,-187.7,3.34,3.05,-4.81,12.81,6.44,0.02,-0.14,-0.07,11933.48,200.0,55.89,42.83,0.0,0.0
1770323969115333243,19519,10.196,186.3,11.152,-152.8,3.07,4.39,-4.13,12.88,6.75,-0.01,-0.02,0.0,11930.05,195.0,58.46,41.06,0.0,0.0
1770323969217727132,19639,11.292,179.0,10.188,-137.5,2.87,2.73,-3.5,12.75,7.0,0.08,0.05,0.23,193.8,195.0,59.88,44.91,0.0,0.0
1770323969315971132,19739,10.472,125.0,10.504,-169.5,2.44,2.54,-2.94,12.81,7.25,-0.17,0.21,0.12,188.99,204.0,61.96,50.05,2.0,2.0
1770323969414287409,19838,10.76,117.1,11.264,-115.9,2.89,2.3,-2.69,12.94,7.44,-0.13,-0.09,-0.13,193.45,199.0,64.0,56.42,2.0,2.0
1770323969533083817,19938,9.488,176.5,10.996,-149.5,2.09,2.46,-2.44,13.06,7.56,0.06,0.06,-0.14,11905.7,198.0,64.27,56.3,2.0,2.0
1770323969655911131,20057,11.12,175.3,11.332,-171.2,1.88,3.32,-2.13,13.13,7.81,0.08,0.02,-0.37,11905.36,205.0,62.98,58.02,2.0,2.0
1770323969770605131,20180,10.528,180.1,10.956,-129.1,2.87,2.25,-2.06,13.06,8.19,-0.16,-0.03,-0.17,11903.81,205.0,62.08,61.37,2.0,2.0
1770323969893521613,20295,10.216,133.7,11.456,-176.5,3.11,1.72,-2.31,13.19,8.63,-0.06,-0.08,-0.16,11902.27,197.0,61.75,62.45,2.0,2.0
1770323969991805187,20416,10.472,171.7,11.112,-173.4,2.29,3.5,-2.63,13.25,9.06,0.06,-0.13,0.08,209.06,197.0,63.62,58.01,2.0,2.0
1770323970094252933,20516,10.628,202.6,10.936,-189.1,2.46,3.77,-2.75,13.19,9.31,0.17,-0.06,-0.01,202.2,200.0,62.17,55.09,2.0,2.0
1770323970192574069,20616,10.24,198.2,10.712,-134.3,2.89,3.03,-2.63,13.06,9.56,-0.18,0.14,-0.3,186.94,193.0,62.94,54.44,2.0,2.0
1770323970315432488,20716,10.52,170.5,10.932,-157.7,2.21,3.22,-2.38,13.06,10.0,0.13,0.0,-0.3,11904.33,189.0,63.52,57.12,2.0,2.0
1770323970430198204,20838,10.108,158.0,11.192,-148.8,2.13,2.03,-2.25,13.31,10.31,-0.2,-0.09,0.35,11898.16,189.0,64.43,62.97,2.0,2.0
1770323970553085852,20953,9.536,177.1,11.256,-149.8,2.32,2.44,-2.5,13.63,10.5,0.07,-0.29,0.19,11898.67,186.0,62.81,62.81,2.0,2.0
1770323970675989801,21074,10.624,163.2,11.452,-128.1,1.99,3.34,-2.69,13.63,10.56,-0.03,0.0,0.11,11899.01,178.0,62.12,66.26,2.0,2.0
1770323970778423962,21199,10.268,140.8,11.548,-183.7,2.79,2.01,-3.06,13.63,10.63,0.01,-0.01,-0.18,196.2,178.0,59.64,66.66,2.0,2.0
1770323970897233038,21300,10.436,174.0,11.032,-198.3,3.65,2.68,-3.63,13.69,10.69,0.17,0.19,-0.73,11893.87,179.0,59.8,68.42,2.0,2.0
1770323971020114303,21421,10.512,247.4,11.552,-159.0,2.68,2.81,-4.0,13.69,10.81,0.21,-0.2,-0.34,11903.47,175.0,61.43,62.12,2.0,2.0
1770323971122567707,21543,9.592,205.1,10.924,-159.6,2.95,3.87,-4.38,13.63,11.0,0.15,-0.19,-0.29,177.67,176.0,59.91,56.68,2.0,2.0
1770323971330031964,21643,11.076,232.0,11.228,-164.3,2.48,2.91,-4.44,13.56,11.13,-0.12,-0.04,0.19,173.04,176.0,61.57,60.66,4.0,2.0
1770323971332647501,21743,10.56,121.8,11.336,-115.5,2.54,2.09,-4.44,13.69,11.19,-0.12,-0.01,-0.29,168.24,176.0,63.55,65.93,4.0,4.0
1770323971421637444,21843,10.964,180.1,11.188,-122.6,2.68,2.4,-4.75,13.94,11.25,-0.07,0.07,-0.02,199.97,176.0,64.5,66.29,4.0,4.0
1770323971544533402,21942,10.412,162.0,11.48,-145.2,3.11,3.44,-5.06,14.06,11.25,0.2,0.14,-0.01,11898.84,171.0,62.07,64.0,4.0,4.0
1770323971667427841,22066,11.136,183.4,11.496,-131.4,2.89,2.05,-5.31,14.06,11.19,0.29,0.17,-0.31,11904.33,170.0,60.63,64.67,4.0,4.0
1770323971765772415,22189,10.936,149.8,11.364,-179.6,3.52,2.5,-5.69,14.31,11.06,0.07,0.01,-0.17,180.59,167.0,54.02,63.55,4.0,4.0
1770323971888664279,22289,9.352,195.5,11.12,-169.9,2.6,2.25,-5.88,14.38,10.88,0.03,0.14,-0.17,11914.62,168.0,59.44,57.46,4.0,4.0
1770323972013421417,22411,10.928,184.2,11.112,-185.4,2.62,2.81,-5.81,14.38,10.88,-0.14,0.23,-0.29,11913.59,168.0,60.25,50.81,4.0,4.0
1770323972130377354,22526,10.852,234.4,11.04,-171.8,2.36,3.67,-5.56,14.31,10.88,-0.09,0.08,-0.11,11915.65,172.0,61.24,48.02,4.0,4.0
1770323972249206257,22650,10.412,169.6,11.436,-164.1,2.09,2.87,-5.25,14.25,10.88,0.15,-0.16,0.0,11907.93,171.0,61.8,52.97,4.0,4.0
1770323972351579313,22770,10.224,133.4,11.364,-124.8,2.7,2.42,-4.94,14.44,10.81,-0.26,0.07,-0.07,172.7,171.0,63.62,58.01,4.0,4.0
1770323972470405586,22871,10.616,168.1,11.108,-186.4,2.46,1.72,-4.75,14.69,10.81,0.2,0.11,-0.22,11907.59,170.0,62.2,55.98,4.0,4.0
1770323972597402092,22991,10.488,141.7,11.384,-163.3,2.23,2.62,-4.38,14.88,10.63,-0.05,0.17,0.01,11907.59,175.0,61.94,54.28,4.0,4.0
1770323972695732912,23117,11.24,150.0,11.26,-160.8,3.38,2.93,-3.88,15.0,10.38,-0.28,-0.01,0.22,188.31,175.0,57.89,54.38,4.0,4.0
1770323972828162257,23218,10.344,144.3,11.156,-242.9,4.04,2.17,-3.75,15.25,10.13,-0.04,0.04,-0.07,11909.82,179.0,57.41,58.37,4.0,4.0
1770323972916966063,23339,10.148,154.2,10.84,-172.5,2.05,2.89,-3.88,15.38,9.88,0.07,0.0,-0.07,214.72,178.0,63.15,55.06,4.0,4.0
1770323973043958970,23439,11.052,190.0,11.04,-139.9,2.4,3.24,-3.94,15.31,9.88,-0.1,0.01,-0.06,11906.73,179.0,63.9,54.49,4.0,4.0
1770323973162754054,23564,11.172,235.4,10.788,-154.3,2.17,4.02,-3.69,15.06,9.81,-0.08,-0.08,0.15,11911.53,182.0,62.47,48.89,6.0,4.0
1770323973265156604,23684,10.124,195.7,11.392,-167.3,2.91,2.95,-3.06,14.94,9.81,-0.21,0.0,-0.13,152.46,182.0,61.75,48.65,6.0,4.0
1770323973383931795,23784,10.848,152.7,11.38,-157.5,2.7,3.07,-2.56,14.94,9.81,-0.66,0.03,-0.08,11898.67,181.0,62.55,58.22,6.0,6.0
1770323973506871359,23905,10.5,136.3,11.52,-134.7,2.66,2.25,-2.44,15.19,9.88,0.22,-0.01,-0.16,11901.41,179.0,62.12,60.05,6.0,6.0
1770323973629820907,24029,10.7,229.8,10.632,-150.1,2.34,3.96,-2.38,15.25,9.81,-0.15,0.02,0.14,11897.98,170.0,61.3,61.3,6.0,6.0
1770323973732211529,24151,10.36,219.5,11.384,-144.1,2.73,2.56,-2.44,15.31,9.81,0.05,-0.19,-0.02,168.41,170.0,61.75,69.23,6.0,6.0
1770323973851009058,24251,10.284,157.6,11.064,-168.8,2.81,2.34,-2.81,15.38,9.81,0.38,0.0,-0.36,11890.95,171.0,62.2,66.02,6.0,6.0
1770323973973907059,24373,9.772,167.7,11.044,-159.7,2.07,2.11,-3.0,15.25,9.81,0.0,-0.11,-0.13,11899.7,165.0,64.19,59.36,6.0,6.0
1770323974109106586,24495,11.16,183.1,11.424,-147.1,3.05,2.71,-3.06,15.06,9.88,0.51,-0.02,-0.32,11910.67,163.0,60.93,53.4,6.0,6.0
1770323974207403736,24629,10.86,255.7,11.288,-148.6,3.05,3.67,-2.69,14.81,9.88,0.04,0.14,-0.17,142.0,163.0,60.15,51.12,6.0,6.0
1770323974330267986,24729,9.336,198.7,11.032,-170.2,2.93,3.36,-2.38,14.75,9.88,-0.1,0.01,-0.01,11904.16,159.0,59.33,55.02,6.0,6.0
1770323974453215826,24850,9.612,139.4,11.348,-176.4,2.3,1.88,-2.0,14.88,9.75,0.02,0.03,-0.15,11897.64,163.0,60.24,61.61,6.0,6.0
1770323974576109007,24972,10.612,193.0,10.84,-186.5,2.73,2.54,-1.75,15.0,9.63,-0.1,-0.16,0.01,11905.19,157.0,58.46,58.46,6.0,6.0
1770323974690811112,25097,10.492,170.5,10.74,-169.0,3.73,2.83,-1.81,15.13,9.5,0.06,-0.04,-0.13,11911.19,157.0,57.8,55.66,6.0,6.0
1770323974809612450,25209,10.904,204.8,10.368,-143.6,3.32,2.62,-1.56,15.19,9.31,-0.1,-0.08,-0.06,11904.5,161.0,60.35,58.24,6.0,6.0
1770323975106057463,25330,10.456,183.0,11.288,-197.9,2.71,2.54,-1.25,15.19,9.0,0.12,0.19,-0.02,11901.58,161.0,60.85,60.15,6.0,6.0
1770323975141426792,25451,10.708,176.1,11.16,-165.1,3.13,3.69,-1.5,15.0,8.94,-0.15,-0.02,-0.14,11899.53,161.0,61.94,58.46,8.0,6.0
1770323975170102135,25574,10.508,232.9,11.268,-136.5,3.16,2.68,-1.5,14.69,8.81,0.0,0.05,-0.02,11909.65,161.0,61.37,53.52,8.0,6.0
1770323975288931697,25689,10.464,221.3,11.272,-157.1,2.91,3.73,-1.19,14.44,8.69,-0.02,-0.07,0.11,11910.67,165.0,60.54,52.19,8.0,6.0
1770323975391308808,25809,10.792,183.5,11.292,-191.6,2.66,2.71,-0.63,14.5,8.44,-0.13,0.21,0.08,163.1,165.0,59.88,52.39,8.0,6.0
1770323975489646707,25910,10.58,171.0,10.948,-139.1,3.05,3.05,-0.19,14.63,8.31,-0.11,0.19,-0.08,194.48,164.0,62.76,60.37,8.0,8.0
1770323975592072771,26010,10.904,133.5,11.46,-176.9,3.52,1.91,-0.12,14.88,8.31,0.07,-0.07,0.05,187.62,168.0,60.26,60.26,8.0,8.0
1770323975690391334,26110,10.384,221.3,11.428,-219.2,3.09,2.58,-0.19,15.0,8.25,0.01,-0.03,0.02,184.02,168.0,58.23,60.02,8.0,8.0
1770323975792801210,26210,9.232,198.1,11.436,-152.7,3.38,2.56,-0.12,15.06,8.19,0.23,-0.14,-0.26,168.41,173.0,60.15,61.75,8.0,8.0
1770323975891125829,26310,11.188,158.8,11.12,-161.2,2.48,2.77,-0.12,15.13,8.13,0.05,0.08,0.15,189.16,179.0,61.09,62.74,8.0,8.0
1770323975998045260,26409,9.604,175.2,11.124,-177.1,2.4,3.44,-0.19,15.06,8.13,0.13,0.27,-0.18,166.7,179.0,62.47,63.38,8.0,8.0
1770323976091862015,26509,10.532,220.3,10.744,-162.2,2.25,2.46,-0.31,14.88,8.19,0.16,-0.13,-0.07,163.1,178.0,63.57,61.92,8.0,8.0
1770323976190170152,26609,10.388,194.8,11.4,-129.5,2.44,3.85,-0.31,14.69,8.19,-0.35,-0.15,0.22,146.29,178.0,63.82,59.39,8.0,8.0
1770323976288497145,26708,10.76,252.6,11.284,-153.1,3.2,4.04,-0.31,14.63,8.19,-0.28,-0.05,0.07,153.84,178.0,61.96,57.2,8.0,8.0
1770323976411316319,26808,9.692,184.4,10.488,-145.0,3.2,2.3,-0.25,14.69,8.06,-0.65,0.46,0.29,11891.81,176.0,62.28,65.77,8.0,8.0
1770323976513781752,26932,9.632,204.3,11.476,-156.9,1.88,2.07,-0.12,15.0,8.0,-0.05,-0.18,-0.07,191.91,177.0,65.14,66.73,8.0,8.0
1770323976612120654,27031,11.28,164.8,11.332,-202.2,2.85,3.34,-0.06,15.19,7.81,-0.03,-0.04,-0.07,177.85,177.0,60.27,63.82,8.0,8.0
1770323976718049118,27131,10.748,163.2,11.192,-175.6,2.44,3.36,-0.06,15.38,7.63,0.13,0.15,0.12,177.5,182.0,61.17,61.96,8.0,8.0
1770323976812853681,27231,11.26,197.1,10.96,-199.1,2.27,2.29,-0.12,15.38,7.5,0.14,0.05,-0.1,200.31,182.0,61.16,65.59,8.0,8.0
1770323976943898377,27331,9.808,173.9,11.276,-152.7,2.34,2.77,-0.06,15.31,7.5,-0.05,-0.06,-0.14,11900.56,181.0,65.33,62.91,8.0,8.0
1770323977046356679,27464,11.264,200.3,11.06,-140.6,2.66,3.54,-0.06,15.0,7.5,-0.16,-0.06,-0.09,217.12,180.0,64.16,58.81,10.0,8.0
1770323977144609305,27565,10.744,260.6,11.412,-142.1,1.88,4.28,0.0,14.75,7.56,-0.07,0.04,-0.29,188.31,180.0,66.48,55.84,10.0,8.0
1770323977267551607,27665,10.548,186.2,11.168,-180.3,2.56,3.46,0.12,14.69,7.56,-0.33,-0.24,-0.67,11904.33,180.0,63.63,59.8,10.0,8.0
1770323977369958355,27787,10.872,178.0,10.828,-180.1,2.87,2.38,0.25,14.75,7.5,0.04,0.05,0.38,220.72,177.0,61.53,64.77,10.0,10.0
1770323977468260674,27887,10.06,160.6,11.348,-170.0,2.13,2.52,0.37,14.88,7.44,-0.06,-0.13,0.0,184.88,177.0,63.82,65.59,10.0,10.0
1770323977566580737,27987,10.112,158.9,11.184,-178.1,2.29,3.4,0.5,15.0,7.38,0.01,0.02,-0.02,189.68,179.0,61.96,63.55,10.0,10.0
1770323977669032844,28087,10.54,158.4,11.5,-160.2,2.3,3.05,0.5,15.0,7.31,-0.07,0.11,-0.06,176.3,173.0,61.47,60.63,10.0,10.0
1770323977796024733,28187,10.716,180.7,11.312,-163.2,2.36,2.17,0.56,15.0,7.25,0.2,-0.04,0.28,11890.61,176.0,64.39,64.89,10.0,10.0
1770323977894307419,28313,10.476,148.7,11.256,-119.3,2.56,2.15,0.5,14.75,7.25,0.07,0.0,-0.17,200.48,176.0,63.58,65.3,10.0,10.0
1770323978017224167,28413,10.376,226.4,11.484,-110.8,2.32,2.7,0.37,14.5,7.31,0.04,0.09,-0.02,11898.5,173.0,66.13,61.37,10.0,10.0
1770323978135997741,28534,10.88,250.7,11.216,-148.6,1.93,4.34,0.44,14.25,7.31,-0.05,0.1,0.05,11902.96,170.0,64.02,58.46,10.0,10.0
1770323978238450999,28655,10.852,160.0,11.016,-182.5,2.54,3.3,0.63,14.19,7.38,0.23,0.08,0.16,184.19,170.0,61.75,59.88,10.0,10.0
1770323978361279325,28755,10.46,147.3,11.204,-169.6,1.99,1.99,0.81,14.25,7.31,-0.09,0.18,-0.23,11891.98,172.0,64.0,66.4,10.0,10.0
1770323978459646920,28879,11.336,199.5,11.232,-137.3,2.6,2.01,0.69,14.44,7.25,0.0,-0.1,-0.3,205.8,170.0,62.37,65.49,10.0,10.0
1770323978562061672,28979,10.336,205.4,11.132,-191.6,2.73,3.22,0.5,14.44,7.19,0.09,0.16,0.22,205.29,170.0,61.57,64.29,10.0,10.0
1770323978670405844,29079,10.576,215.7,10.856,-167.0,2.19,2.21,0.37,14.44,7.06,-0.13,-0.01,-0.04,184.71,171.0,61.38,62.96,10.0,10.0
1770323978787352813,29179,10.332,181.6,10.972,-150.8,3.09,2.07,0.19,14.38,7.0,-0.12,-0.15,0.45,11896.61,167.0,62.54,65.0,10.0,10.0
1770323978906150391,29303,10.796,176.2,10.984,-155.2,2.87,3.16,-0.19,14.19,7.06,-0.01,0.04,-0.12,11901.76,171.0,61.12,61.8,12.0,10.0
1770323979008561304,29424,10.712,271.4,11.112,-155.3,3.36,2.81,-0.5,13.94,7.06,-0.03,-0.01,-0.01,167.9,171.0,60.91,55.54,12.0,10.0
1770323979131449904,29524,11.04,206.0,10.82,-210.8,2.75,3.38,-0.44,13.81,7.06,-0.46,0.34,-0.69,11918.39,169.0,58.7,54.37,12.0,10.0
1770323979254374953,29646,10.864,192.9,11.156,-219.1,3.83,3.5,-0.19,13.94,7.06,-0.14,0.04,0.09,11903.99,172.0,58.19,60.24,12.0,12.0
1770323979356728189,29772,10.272,188.7,11.16,-196.6,2.7,2.29,-0.06,14.06,6.94,-0.01,0.13,-0.11,190.54,172.0,59.64,63.15,12.0,12.0
1770323979475557964,29873,10.092,202.1,10.976,-175.8,2.5,2.58,-0.19,14.19,6.88,-0.11,-0.24,0.19,11908.96,170.0,59.18,62.07,12.0,12.0
1770323979578000102,29993,9.368,210.8,11.348,-164.0,2.97,2.68,-0.44,14.25,6.75,-0.07,-0.07,-0.15,262.91,172.0,57.2,58.78,12.0,12.0
1770323979676314386,30093,10.74,152.7,11.34,-192.7,2.54,2.77,-0.63,14.25,6.63,0.07,0.05,-0.03,168.41,172.0,59.76,61.57,12.0,12.0
1770323979803288592,30192,11.284,190.5,10.584,-195.1,2.48,2.6,-0.81,14.19,6.5,-0.04,0.16,0.12,11904.67,172.0,60.28,61.24,12.0,12.0
1770323979926160412,30321,10.864,172.3,10.904,-160.7,3.52,3.28,-1.19,14.0,6.5,-0.3,-0.05,0.0,11905.87,170.0,59.48,60.81,12.0,12.0
1770323980024478261,30442,10.852,212.9,11.484,-141.9,3.2,3.13,-1.56,13.81,6.5,-0.03,-0.11,-0.17,192.42,171.0,57.2,55.61,12.0,12.0
1770323980147376272,30542,10.296,212.9,11.236,-168.8,3.65,3.73,-1.5,13.75,6.56,-0.15,0.06,0.03,11908.96,167.0,57.95,58.45,12.0,12.0
1770323980266156597,30663,11.22,198.0,10.912,-179.5,3.05,2.34,-1.37,13.94,6.63,0.01,0.09,0.16,11903.81,167.0,59.83,60.57,12.0,12.0
1770323980364454819,30781,10.852,187.2,11.132,-157.9,2.83,2.17,-1.37,14.19,6.63,0.12,0.0,-0.32,199.63,166.0,59.71,58.18,12.0,12.0
1770323980487374889,30881,10.68,180.9,10.984,-148.5,3.01,3.26,-1.37,14.25,6.5,-0.04,-0.26,-0.11,11912.9,167.0,58.79,56.8,12.0,12.0
1770323980585723099,31002,10.4,158.5,10.9,-199.4,2.36,2.25,-1.44,14.31,6.44,-0.05,0.01,-0.13,209.4,167.0,57.89,52.63,12.0,12.0
1770323980712673955,31102,10.776,123.9,11.148,-157.8,2.99,2.83,-1.37,14.38,6.31,-0.02,0.17,0.24,11910.67,169.0,59.66,55.82,12.0,12.0
1770323980831464967,31227,10.512,159.6,11.216,-194.3,3.05,2.6,-1.5,14.31,6.31,0.15,0.12,-0.18,11912.22,175.0,60.24,55.45,12.0,12.0
1770323980933926807,31348,10.672,186.4,11.32,-152.7,2.85,2.79,-1.63,14.13,6.31,-0.03,-0.04,-0.09,177.85,175.0,58.01,52.39,14.0,12.0
1770323981032202185,31449,9.716,157.5,11.284,-172.7,2.32,2.54,-1.69,13.94,6.31,-0.24,-0.05,-0.06,154.69,167.0,59.58,53.22,14.0,12.0
1770323981142048649,31549,9.828,183.0,11.308,-171.6,2.83,2.97,-1.69,13.88,6.38,-0.01,0.0,-0.23,160.01,166.0,57.53,50.02,14.0,12.0
1770323981232914045,31649,10.22,179.6,11.216,-197.7,3.59,2.66,-1.5,14.0,6.38,-0.39,-0.12,1.08,147.32,166.0,55.54,51.06,14.0,12.0
1770323981355770770,31749,10.48,128.5,10.832,-165.9,2.81,3.24,-1.31,14.06,6.38,0.1,-0.03,0.09,11914.62,164.0,56.93,55.02,14.0,14.0
1770323981474585166,31870,10.268,178.8,11.208,-194.1,2.66,2.15,-1.19,14.31,6.19,0.6,0.42,-2.42,11918.56,168.0,56.6,53.15,14.0,14.0
1770323981576986717,31992,11.116,144.9,10.784,-238.8,3.16,2.75,-1.12,14.63,5.88,-0.21,-0.05,-0.13,157.27,168.0,54.27,48.65,14.0,14.0
1770323981699903264,32093,11.004,156.7,11.12,-204.7,2.99,2.91,-1.06,14.63,5.69,-0.06,-0.05,-0.15,11921.82,169.0,55.18,49.95,14.0,14.0
1770323981798223203,32214,9.8,196.0,10.308,-217.9,3.24,2.91,-1.06,14.56,5.5,0.06,0.03,-0.14,163.78,168.0,56.14,51.18,14.0,14.0
1770323981900628421,32314,9.896,188.6,10.648,-166.1,3.54,2.42,-1.25,14.56,5.38,-0.17,-0.03,0.22,156.24,168.0,55.54,53.75,14.0,14.0
1770323981998937156,32414,9.56,140.2,10.672,-161.7,2.71,2.54,-1.5,14.38,5.31,0.1,0.13,-0.08,155.04,166.0,57.45,55.09,14.0,14.0
1770323982125917292,32515,10.632,161.4,11.236,-149.2,3.36,2.66,-1.75,14.19,5.19,-0.03,-0.12,0.12,11920.62,166.0,58.6,52.2,14.0,14.0
1770323982224237200,32640,10.408,198.9,10.88,-204.5,3.11,3.89,-1.81,14.0,4.94,-0.04,-0.14,0.07,166.53,166.0,57.33,46.58,14.0,14.0
1770323982347064092,32740,11.04,231.6,11.26,-209.2,3.13,4.1,-1.56,13.94,4.75,-0.15,-0.15,-0.06,11929.54,171.0,55.5,46.41,14.0,14.0
1770323982465922786,32861,10.804,187.8,10.968,-182.7,3.3,2.73,-1.25,14.0,4.56,-0.2,0.12,0.13,11919.42,172.0,54.98,51.5,14.0,14.0
1770323982596999496,32982,11.028,183.0,10.824,-201.9,3.3,2.87,-1.0,14.44,4.25,-0.08,0.13,0.11,11921.82,178.0,52.89,52.19,14.0,14.0
1770323982715793813,33112,10.516,185.8,10.984,-190.4,2.87,3.69,-0.69,14.88,4.0,0.09,0.09,0.32,11923.37,179.0,55.7,50.52,14.0,14.0
1770323982930052451,33232,10.156,183.7,10.316,-195.6,2.58,2.46,-0.56,14.88,3.94,0.13,0.01,0.02,11918.74,185.0,57.76,50.11,14.0,14.0
1770323982953455437,33353,11.228,173.9,11.348,-191.7,2.58,3.22,-0.56,14.81,3.94,0.08,0.1,-0.02,11916.51,185.0,57.61,53.92,16.0,14.0
1770323983084473493,33468,9.608,133.9,11.1,-186.8,2.7,2.91,-0.69,14.69,3.94,0.1,0.0,0.03,11912.56,185.0,59.36,55.22,16.0,14.0
1770323983207363917,33600,11.152,166.6,11.376,-148.5,3.03,2.21,-0.75,14.56,4.0,0.09,-0.09,-0.27,11914.96,187.0,59.7,53.41,16.0,14.0
1770323983330187759,33723,10.604,168.0,10.844,-205.5,2.79,2.77,-0.75,14.56,3.88,-0.1,-0.21,-0.11,11924.91,187.0,57.29,48.31,16.0,14.0
1770323983444928879,33846,10.592,208.4,11.088,-156.7,3.34,3.89,-0.37,14.44,3.63,-0.04,0.08,0.0,11927.48,187.0,55.89,45.73,16.0,14.0
1770323983543245803,33960,10.7,183.7,10.66,-237.5,4.34,3.46,0.0,14.38,3.56,-0.03,-0.29,-0.29,193.8,190.0,52.21,47.15,16.0,14.0
1770323983645666929,34060,10.916,171.6,11.18,-199.3,3.73,3.24,0.31,14.5,3.44,-0.14,0.3,0.08,199.8,190.0,48.89,47.99,16.0,14.0
1770323983743967223,34159,10.008,187.0,10.68,-181.8,3.71,2.93,0.44,14.69,3.38,-0.08,0.08,0.2,193.11,191.0,51.15,52.73,16.0,16.0
1770323983866848275,34259,10.628,179.8,11.22,-211.2,3.81,2.77,0.56,14.81,3.31,0.15,-0.04,-0.17,11921.99,194.0,54.98,51.51,16.0,16.0
1770323983965122732,34381,10.428,156.2,11.456,-165.5,2.71,2.54,0.69,14.81,3.25,-0.09,-0.13,0.56,180.59,194.0,56.75,47.59,16.0,16.0
1770323984067601089,34482,10.816,169.1,11.488,-162.7,3.13,2.79,0.63,14.63,3.31,0.0,0.06,0.06,184.19,195.0,57.99,51.63,16.0,16.0
1770323984170009542,34582,9.532,153.2,11.5,-143.1,3.03,2.54,0.63,14.5,3.31,-0.06,0.0,-0.01,200.66,195.0,59.19,55.02,16.0,16.0
1770323984288766629,34682,10.824,148.3,11.204,-175.4,2.3,2.05,0.69,14.44,3.31,0.01,-0.05,0.0,11911.36,197.0,60.57,56.14,16.0,16.0
1770323984403433950,34802,10.764,178.6,10.068,-140.5,3.11,2.83,0.69,14.44,3.31,0.01,0.0,-0.07,11914.96,197.0,59.93,55.38,16.0,16.0
1770323984501833795,34917,10.532,211.8,11.324,-150.8,3.26,2.6,0.94,14.25,3.19,-0.02,-0.1,-0.18,223.46,193.0,59.44,51.18,16.0,16.0
1770323984624662645,35017,11.064,217.8,11.452,-214.4,3.2,3.42,1.44,14.19,3.06,-0.03,0.01,-0.17,11921.48,196.0,56.96,50.03,16.0,16.0
1770323984722971295,35137,10.896,162.3,10.74,-197.8,3.61,2.48,1.88,14.38,2.88,-0.06,0.05,0.18,207.34,196.0,50.52,54.27,16.0,16.0
1770323984821262574,35237,11.036,154.2,11.276,-212.6,3.2,2.34,1.94,14.56,2.81,0.09,0.01,0.22,189.68,194.0,50.37,55.09,16.0,16.0
1770323984930048394,35337,11.26,146.9,11.072,-145.0,2.99,2.44,2.13,14.69,2.75,0.17,0.16,-0.05,183.68,189.0,56.42,54.73,16.0,16.0
1770323985046589345,35437,10.504,169.7,11.236,-116.5,2.95,2.5,2.25,14.63,2.75,0.09,-0.01,0.37,11908.62,194.0,61.92,54.49,18.0,16.0
1770323985161268907,35560,10.008,148.3,11.324,-160.7,2.73,3.11,2.31,14.38,2.75,-0.01,-0.06,-0.11,11907.59,194.0,62.24,56.38,18.0,16.0
1770323985259579956,35675,10.364,154.8,11.184,-140.2,1.66,2.68,2.5,14.19,2.69,-0.12,0.1,0.05,179.9,193.0,62.74,57.79,18.0,16.0
1770323985362034953,35775,10.796,130.2,10.984,-125.1,2.87,2.52,2.69,14.13,2.63,0.13,-0.19,-0.46,208.89,193.0,62.71,58.23,18.0,16.0
1770323985460267661,35875,10.484,154.5,10.96,-159.1,2.6,2.54,2.81,14.0,2.5,0.17,-0.05,-0.17,190.71,189.0,60.81,56.92,18.0,16.0
1770323985562716954,35975,10.976,147.1,10.964,-161.4,2.17,2.7,3.06,13.81,2.44,-0.14,0.05,-0.04,181.62,185.0,62.94,56.99,18.0,16.0
1770323985681505960,36075,11.088,237.4,10.788,-248.9,3.77,3.93,3.38,13.75,2.44,-0.04,-0.34,0.02,11934.0,179.0,52.01,50.03,18.0,16.0
1770323985796177447,36196,10.8,224.3,10.928,-238.2,3.75,3.63,3.63,13.81,2.44,0.03,0.16,0.18,11931.43,179.0,47.59,50.52,18.0,16.0
1770323985923175453,36312,9.496,193.4,11.16,-203.8,3.32,3.16,3.63,13.94,2.44,-0.11,0.11,0.04,11906.39,179.0,57.06,59.15,18.0,18.0
1770323986046057412,36434,10.684,186.5,11.52,-160.1,2.07,2.15,3.63,14.0,2.44,0.1,0.06,-0.15,11903.13,176.0,63.49,60.81,18.0,18.0
1770323986164834622,36557,10.412,163.0,11.052,-151.5,1.99,2.68,3.63,13.81,2.56,-0.03,0.02,-0.07,11899.7,172.0,63.5,60.74,18.0,18.0
1770323986267231563,36680,10.088,203.1,11.528,-101.2,2.4,2.56,3.75,13.5,2.75,-0.12,-0.06,-0.13,160.52,172.0,65.49,61.75,18.0,18.0
1770323986365559476,36780,9.928,127.4,11.444,-148.9,1.95,2.79,3.75,13.44,2.94,-0.19,-0.06,0.25,168.76,173.0,65.93,66.73,18.0,18.0
1770323986488443458,36880,10.82,211.3,11.424,-115.4,2.23,2.5,3.63,13.38,3.13,0.01,0.02,0.03,11896.27,171.0,63.28,64.27,18.0,18.0
1770323986599019737,37000,10.816,212.9,10.82,-134.3,1.82,3.16,3.63,13.19,3.44,-0.03,-0.13,-0.19,11912.05,171.0,58.3,58.3,18.0,18.0
1770323986701463737,37114,9.256,230.2,11.104,-241.1,3.91,3.87,3.81,13.13,3.75,-0.07,0.04,-0.1,214.72,173.0,52.63,56.14,18.0,18.0
1770323986994048190,37214,9.192,258.1,10.472,-196.3,3.16,3.4,3.94,13.19,3.81,-0.04,0.01,-0.06,11907.07,169.0,53.49,58.45,18.0,18.0
1770323987033447239,37336,9.92,192.3,11.348,-125.5,2.73,2.48,3.94,13.38,3.94,0.2,-0.03,-0.22,11896.61,169.0,58.67,64.88,18.0,18.0
1770323987057830786,37456,10.924,174.8,9.944,-137.2,2.03,2.95,3.63,13.31,4.0,0.12,-0.02,0.04,11896.61,169.0,59.83,67.22,20.0,18.0
1770323987176614097,37571,9.76,214.3,9.996,-158.5,2.25,2.46,3.13,13.06,4.06,-0.1,0.04,-0.17,11889.07,172.0,61.75,69.47,20.0,18.0
1770323987278986950,37690,10.088,223.8,11.056,-134.6,2.93,2.46,2.69,12.94,4.13,-0.08,-0.06,0.11,184.19,172.0,60.71,68.54,20.0,18.0
1770323987401877047,37790,10.844,214.6,11.236,-177.5,2.44,2.77,2.5,12.88,4.06,-0.12,-0.06,0.03,11890.44,180.0,61.24,70.33,20.0,18.0
1770323987520687971,37914,10.02,238.5,11.336,-178.9,2.25,3.67,2.13,12.81,3.88,0.19,0.0,-0.47,11894.21,186.0,59.76,69.94,20.0,18.0
1770323987639470745,38033,10.06,222.7,9.928,-141.0,2.23,4.1,2.0,12.69,3.75,-0.14,0.04,-0.04,11897.13,192.0,56.61,65.81,20.0,18.0
1770323987838053363,38154,9.932,272.6,11.18,-191.0,2.71,3.93,2.0,12.81,3.75,-0.02,-0.1,0.08,11900.04,196.0,55.67,66.11,20.0,20.0
1770323987881173859,38275,10.588,181.3,11.152,-187.0,3.07,3.81,1.94,13.06,3.75,0.01,-0.08,0.22,11896.78,196.0,57.11,65.9,20.0,20.0
1770323987999956077,38392,10.692,242.3,11.284,-148.3,2.54,3.71,1.81,13.0,3.69,0.16,0.12,0.04,11896.27,199.0,59.08,66.55,20.0,20.0
1770323988098284525,38512,9.98,198.0,11.272,-185.9,2.56,2.09,1.5,12.81,3.63,0.15,0.02,-0.06,210.6,207.0,59.91,68.01,20.0,20.0
1770323988206607902,38611,9.58,163.6,10.88,-123.5,2.6,2.07,1.0,12.69,3.44,0.1,0.01,-0.11,193.11,207.0,60.02,69.87,20.0,20.0
1770323988331708199,38711,11.248,211.7,11.064,-139.7,2.64,2.6,0.56,12.44,3.38,-0.12,0.0,0.04,11896.95,210.0,61.81,66.2,20.0,20.0
1770323988430038370,38843,10.636,239.4,10.352,-144.1,2.91,2.79,-0.06,12.25,3.25,0.0,-0.16,-0.2,218.32,210.0,58.4,63.83,20.0,20.0
1770323988552933402,38943,10.112,195.7,11.216,-146.4,3.36,3.26,-0.19,12.31,3.25,0.47,-0.08,0.05,11902.79,217.0,58.45,61.42,20.0,20.0
1770323988651254906,39064,9.452,221.4,11.172,-154.7,2.09,2.75,-0.63,12.56,3.0,-0.46,-0.04,0.35,235.64,217.0,61.4,59.64,20.0,20.0
1770323988749546445,39164,11.172,217.2,11.42,-177.1,2.81,2.52,-0.44,13.0,2.69,0.16,0.12,0.12,213.69,213.0,61.53,60.72,20.0,20.0
1770323988851964473,39264,10.064,174.7,11.08,-156.1,2.01,3.22,-0.5,13.38,2.69,-0.12,0.01,0.18,223.29,213.0,59.49,59.49,20.0,20.0
1770323988970746295,39364,10.828,168.3,10.824,-127.8,2.3,2.95,-0.69,13.44,2.56,0.1,0.04,0.2,11904.16,213.0,62.8,57.09,20.0,20.0
1770323989100152933,39484,10.052,163.2,11.22,-140.5,2.25,3.05,-0.94,13.44,2.5,0.08,-0.09,0.04,11901.07,217.0,62.98,60.85,22.0,20.0
1770323989191948314,39604,10.144,138.9,11.324,-156.6,2.05,3.24,-1.19,13.38,2.38,0.12,-0.04,0.05,229.98,217.0,61.75,58.01,22.0,20.0
1770323989290251245,39703,10.932,174.6,11.244,-115.9,2.46,3.32,-1.37,13.31,2.38,-0.28,0.0,0.1,225.52,219.0,63.74,59.02,22.0,20.0
1770323989413102508,39803,10.92,177.0,11.412,-152.0,2.38,2.62,-1.44,13.31,2.44,-0.05,-0.08,0.12,11909.65,216.0,61.42,57.46,22.0,20.0
1770323989521495936,39925,10.632,159.1,11.024,-129.9,2.6,2.7,-1.12,13.19,2.38,0.1,-0.15,0.04,217.12,217.0,59.91,53.44,22.0,20.0
1770323989613852691,40026,9.948,184.6,11.2,-148.4,3.22,3.01,-0.63,13.19,2.13,-0.28,0.15,-0.26,235.3,217.0,59.12,53.75,22.0,20.0
1770323989740831515,40125,9.552,131.4,11.288,-188.0,3.05,2.56,-0.37,13.44,2.0,-0.18,-0.12,-0.11,11913.25,218.0,54.54,58.37,22.0,22.0
1770323989839137983,40251,9.36,159.7,11.452,-187.7,2.54,2.83,-0.56,13.81,1.88,0.05,0.11,-0.42,213.17,220.0,56.14,57.7,22.0,22.0
1770323989937412319,40351,9.244,190.0,11.28,-160.9,2.58,2.36,-0.81,13.88,1.75,0.11,0.11,-0.03,219.69,220.0,60.02,58.23,22.0,22.0
1770323990060326116,40451,11.316,159.8,11.16,-149.7,2.11,2.73,-0.88,13.88,1.63,-0.03,0.06,0.03,11900.56,224.0,62.2,60.76,22.0,22.0
1770323990183207153,40570,11.312,139.0,10.964,-145.7,2.32,2.99,-1.06,13.81,1.56,0.11,-0.02,-0.07,11898.84,220.0,63.33,62.63,22.0,22.0
1770323990281517672,40694,10.028,169.4,11.148,-131.6,2.17,2.23,-1.31,13.69,1.69,0.33,0.11,0.21,210.6,220.0,62.71,60.91,22.0,22.0
1770323990404360891,40795,10.944,147.8,11.38,-129.2,2.48,2.4,-1.31,13.69,1.81,0.12,-0.01,-0.12,11907.76,221.0,63.03,60.15,22.0,22.0
1770323990502699394,40915,10.06,175.2,11.412,-123.3,2.83,3.22,-0.94,13.56,2.0,-0.05,-0.03,0.13,222.61,219.0,61.53,56.68,22.0,22.0
1770323990605118453,41015,11.264,171.8,11.024,-187.8,2.71,3.2,-0.5,13.56,2.06,0.01,0.0,0.16,230.5,219.0,58.85,59.76,22.0,22.0
1770323990727988786,41115,10.988,161.5,11.372,-160.8,2.62,2.15,-0.56,13.88,2.06,-0.09,-0.06,-0.28,11908.79,215.0,55.5,63.63,22.0,22.0
1770323990846742892,41239,9.952,132.0,11.412,-169.1,2.34,2.97,-1.12,14.25,2.19,0.11,-0.01,-0.13,11901.07,215.0,59.56,65.04,22.0,22.0
1770323990949186250,41360,11.148,158.2,11.384,-122.2,2.66,2.19,-1.69,14.25,2.38,-0.19,0.07,0.38,225.18,213.0,61.53,63.15,22.0,22.0
1770323991158053552,41460,10.748,129.3,10.072,-118.5,2.81,1.66,-2.06,14.13,2.63,-0.37,0.18,0.05,206.31,213.0,61.16,65.59,22.0,22.0
1770323991169240752,41561,10.22,153.2,11.368,-117.7,2.48,1.99,-2.38,14.0,2.94,-0.03,0.15,-0.27,209.4,207.0,63.35,68.97,24.0,22.0
1770323991248183457,41661,10.516,136.6,11.312,-120.9,2.34,2.21,-2.63,14.0,3.56,0.05,0.06,-0.24,213.17,207.0,62.74,63.57,24.0,22.0
1770323991371037225,41761,9.644,205.4,11.42,-121.2,3.01,2.58,-2.63,13.94,4.38,0.0,0.14,-0.17,11908.45,196.0,61.78,60.79,24.0,22.0
1770323991479468880,41882,11.168,180.7,11.38,-146.3,2.77,3.03,-2.19,13.88,6.0,0.02,0.16,-0.06,252.28,196.0,60.41,58.58,24.0,22.0
1770323991596417102,41982,10.292,158.0,11.072,-164.2,2.27,2.71,-2.06,14.0,7.88,-0.53,0.12,-0.01,11905.36,178.0,58.85,62.68,24.0,24.0
1770323991715137215,42107,11.012,170.3,11.464,-175.4,3.03,1.91,-2.38,14.38,10.31,-0.24,-1.13,-0.66,11911.02,159.0,54.33,63.15,24.0,24.0
1770323991833912129,42227,10.912,137.8,11.34,-171.3,2.66,3.34,-2.38,14.38,10.31,0.0,0.28,-0.04,11903.99,161.0,58.24,63.15,24.0,24.0
1770323992034046642,42347,11.1,168.9,11.292,-157.5,2.11,2.46,-2.63,14.31,10.38,-0.02,-0.06,0.02,11903.64,161.0,59.83,62.78,24.0,24.0
1770323992071519382,42462,10.636,195.3,11.24,-129.4,2.68,3.18,-2.81,14.25,10.44,0.08,-0.02,-0.11,11904.5,162.0,61.05,61.75,24.0,24.0
1770323992194416492,42584,11.256,208.2,11.3,-118.5,2.52,2.4,-2.94,14.0,10.44,-0.14,-0.06,0.13,11909.47,162.0,60.44,59.08,24.0,24.0
1770323992317266896,42705,9.128,250.9,11.14,-152.7,1.88,4.02,-2.88,13.88,10.44,0.16,-0.18,-0.07,11920.11,168.0,58.67,52.46,24.0,24.0
1770323992415558486,42826,10.88,244.8,10.616,-192.4,2.97,4.9,-2.25,13.88,10.31,-0.05,0.14,0.0,151.95,168.0,54.83,48.96,24.0,24.0
1770323992518008976,42927,10.928,265.9,11.336,-152.1,3.07,4.04,-1.75,13.88,10.19,-0.1,0.12,-0.12,164.47,173.0,56.4,50.05,24.0,24.0
1770323992640891881,43027,10.972,188.3,11.22,-145.7,2.27,2.81,-1.25,13.94,10.13,-0.36,0.06,0.04,11907.93,176.0,58.45,55.97,24.0,24.0
1770323992755553644,43150,10.484,211.2,11.32,-209.9,3.2,2.32,-1.0,14.31,10.06,0.18,0.04,0.01,11912.73,176.0,55.9,60.85,24.0,24.0
1770323992853899774,43265,10.812,257.1,11.372,-143.8,3.5,3.09,-0.75,14.5,9.94,-0.1,0.05,-0.07,161.55,170.0,55.58,60.63,24.0,24.0
1770323992970043755,43364,10.644,239.6,11.084,-196.7,2.38,2.58,-0.56,14.38,9.88,-0.16,-0.01,0.15,156.75,170.0,57.33,63.6,24.0,24.0
1770323993054603113,43464,11.164,228.3,11.284,-172.1,2.68,2.83,-0.5,14.25,9.88,-0.14,0.1,-0.06,154.69,171.0,55.87,68.47,24.0,24.0
1770323993152894259,43565,10.276,180.1,11.38,-183.6,2.34,2.48,-0.69,14.0,9.69,-0.07,0.29,-0.02,157.09,169.0,57.26,69.05,26.0,24.0
1770323993255309601,43664,10.732,186.5,10.964,-161.6,2.13,3.55,-1.25,13.63,9.56,0.02,-0.1,-0.17,155.21,169.0,59.12,68.08,26.0,24.0
1770323993353560967,43764,10.988,239.7,11.212,-184.8,3.16,3.14,-1.75,13.25,9.31,-0.24,-0.71,0.24,160.01,161.0,57.99,64.35,26.0,24.0
1770323993455976957,43865,10.76,206.5,10.872,-157.8,3.22,4.39,-1.94,13.0,9.0,-0.15,0.21,0.16,184.71,157.0,56.42,62.31,26.0,24.0
1770323993574820320,43965,10.468,193.6,10.724,-190.5,2.93,3.22,-2.0,13.19,9.0,-0.28,-0.07,0.24,11898.67,158.0,58.3,65.77,26.0,26.0
1770323993689482984,44085,10.788,200.1,11.224,-165.3,3.73,2.66,-2.0,13.69,8.75,0.2,0.1,-0.09,11906.22,158.0,54.66,65.0,26.0,26.0
1770323993808204044,44199,10.876,223.5,11.196,-181.1,2.6,2.95,-2.0,13.88,8.63,-0.03,0.08,0.25,11906.73,158.0,56.6,64.19,26.0,26.0
1770323993943412979,44320,10.056,161.7,11.412,-134.9,3.26,2.58,-2.06,13.88,8.38,0.05,-0.22,-0.03,11901.76,159.0,58.46,66.11,26.0,26.0
1770323994062174421,44451,10.396,182.5,11.292,-176.7,2.4,3.71,-2.31,13.69,8.0,-0.14,0.01,0.34,11906.22,160.0,58.49,62.99,26.0,26.0
1770323994181005345,44574,9.744,211.7,11.296,-148.1,2.75,2.83,-2.81,13.38,7.75,-0.36,0.05,0.19,11906.39,160.0,59.31,62.24,26.0,26.0
1770323994279317016,44690,10.78,253.9,9.668,-148.2,2.17,3.34,-3.06,13.06,7.63,0.0,-0.24,-0.36,142.69,163.0,55.06,56.68,26.0,26.0
1770323994402159134,44790,9.836,274.6,11.316,-152.2,3.05,3.11,-3.13,13.0,7.5,0.35,0.06,-0.71,11913.42,161.0,57.8,58.3,26.0,26.0
1770323994525074237,44911,10.58,220.0,11.336,-149.0,2.36,3.07,-3.19,13.13,7.31,0.05,0.04,-0.1,11904.67,168.0,58.46,62.63,26.0,26.0
1770323994639781202,45034,10.868,150.9,11.396,-146.3,2.17,3.09,-3.31,13.44,7.06,-0.1,0.16,0.43,11903.99,168.0,59.23,63.51,26.0,26.0
1770323994742179237,45150,9.664,182.8,10.584,-140.5,2.62,3.44,-3.44,13.56,6.81,-0.15,0.09,-0.06,173.39,172.0,59.44,62.74,26.0,26.0
1770323994950053748,45250,11.232,224.3,11.168,-184.6,2.79,3.11,-3.56,13.75,6.56,0.07,0.1,-0.15,11906.04,172.0,57.46,62.91,26.0,26.0
1770323994963370638,45371,10.04,150.1,11.16,-164.9,3.3,3.48,-3.81,13.88,6.25,-0.15,-0.05,0.07,174.24,172.0,56.75,62.24,26.0,26.0
1770323995082143371,45470,10.696,238.3,11.044,-137.6,2.93,2.99,-4.13,13.75,5.94,-0.01,0.15,-0.06,11912.39,181.0,57.89,60.76,26.0,26.0
1770323995184561697,45593,10.288,238.7,10.52,-157.8,3.4,2.36,-4.56,13.56,5.69,0.05,-0.15,0.22,160.87,181.0,54.92,58.58,28.0,26.0
1770323995282875561,45692,10.304,220.5,11.192,-194.3,2.68,3.79,-4.63,13.31,5.75,0.4,-0.35,-0.23,152.46,181.0,57.2,56.4,28.0,26.0
1770323995381129737,45792,10.992,219.7,10.94,-162.8,3.24,3.69,-4.63,13.13,5.69,-0.24,0.09,-0.36,195.85,181.0,56.14,54.44,28.0,26.0
1770323995504019561,45892,10.04,161.4,10.464,-145.4,3.2,3.13,-4.5,13.06,5.56,0.09,-0.01,0.49,11908.1,181.0,58.3,60.29,28.0,28.0
1770323995622825646,46012,10.464,150.8,11.428,-183.3,2.77,3.05,-4.5,13.31,5.56,0.03,0.19,0.1,11905.87,178.0,60.05,62.12,28.0,28.0
1770323995741618842,46133,10.208,216.1,11.328,-149.4,2.13,2.71,-4.69,13.38,5.5,-0.12,0.15,0.02,11913.42,178.0,58.07,60.25,28.0,28.0
1770323995839929890,46249,10.452,181.1,11.088,-191.1,3.14,3.54,-4.75,13.38,5.38,0.01,0.06,-0.27,169.27,175.0,57.79,59.44,28.0,28.0
1770323995962795825,46349,10.636,166.7,11.208,-142.3,2.89,3.13,-4.94,13.44,5.25,-0.05,0.0,0.1,11909.65,178.0,59.29,61.29,28.0,28.0
1770323996158047574,46470,10.784,179.4,11.18,-168.8,2.25,2.81,-5.13,13.38,5.25,-0.1,0.03,0.17,11908.96,178.0,60.77,59.31,28.0,28.0
1770323996200371618,46585,11.148,174.8,11.36,-173.6,2.42,3.48,-5.44,13.19,5.38,0.09,0.05,-0.08,11914.62,176.0,57.51,56.82,28.0,28.0
1770323996319126425,46707,10.568,204.0,11.368,-159.7,3.48,3.59,-5.5,12.94,5.44,0.11,0.0,-0.03,11919.25,173.0,57.54,54.73,28.0,28.0
1770323996427468802,46828,11.004,192.9,11.08,-206.0,3.34,3.22,-5.5,12.88,5.5,0.02,-0.06,-0.36,167.21,173.0,55.54,55.54,28.0,28.0
1770323996540288721,46928,10.796,161.9,10.932,-174.2,2.85,1.89,-5.5,13.06,5.44,0.01,0.02,-0.46,11904.16,171.0,59.33,62.68,28.0,28.0
1770323996663228315,47050,10.54,198.8,11.176,-187.4,2.64,3.42,-5.63,13.25,5.31,0.21,-0.3,0.24,11909.13,172.0,60.35,61.75,28.0,28.0
1770323996782031142,47170,11.112,200.9,11.232,-161.0,2.66,2.7,-5.81,13.31,5.25,-0.04,-0.01,-0.18,11912.39,168.0,56.84,58.94,28.0,28.0
1770323996913080743,47290,11.164,152.1,11.204,-153.6,3.11,3.26,-5.88,13.38,5.13,0.07,-0.12,-0.19,11910.85,172.0,58.24,59.64,28.0,28.0
1770323997011405228,47420,10.0,191.2,11.06,-132.3,2.77,3.09,-5.88,13.38,5.06,-0.03,0.0,-0.21,152.46,172.0,58.78,58.78,28.0,28.0
1770323997113802419,47520,10.664,186.1,10.696,-173.2,2.7,3.24,-5.88,13.25,5.06,0.08,0.04,-0.07,176.3,168.0,59.81,55.87,28.0,28.0
1770323997212098098,47621,10.704,204.0,11.144,-177.3,2.48,3.91,-5.94,13.06,5.06,0.0,0.13,-0.06,167.9,168.0,59.39,56.73,30.0,28.0
1770323997314585183,47721,11.108,209.5,11.42,-187.3,2.95,3.67,-5.88,12.88,5.06,0.04,0.22,-0.15,159.5,170.0,58.78,53.22,30.0,28.0
1770323997433258418,47821,10.204,212.8,11.164,-160.8,3.36,3.67,-5.81,12.88,5.06,-0.13,0.09,-0.05,11919.25,174.0,57.95,54.98,30.0,30.0
1770323997556155393,47942,10.144,142.1,10.94,-151.3,3.57,2.95,-5.69,13.0,5.0,0.05,0.0,0.19,11910.85,171.0,58.46,60.54,30.0,30.0
1770323997654498389,48063,10.096,137.2,11.236,-139.9,2.29,2.99,-5.63,13.19,4.88,-0.02,-0.01,-0.07,173.39,171.0,59.88,59.88,30.0,30.0
1770323997756888302,48163,10.372,152.2,10.94,-172.1,3.55,2.62,-5.69,13.31,4.75,0.09,-0.03,-0.12,157.44,172.0,57.2,57.99,30.0,30.0
1770323997855178388,48263,11.196,163.0,11.288,-206.2,3.16,2.79,-5.69,13.38,4.63,-0.13,0.06,0.06,167.21,172.0,57.33,55.54,30.0,30.0
1770323998162060765,48363,10.828,152.6,11.256,-150.3,3.2,2.62,-5.69,13.38,4.5,-0.06,0.04,0.1,149.72,167.0,57.99,57.2,30.0,30.0
1770323998174723042,48463,10.78,146.6,10.66,-177.5,2.89,3.3,-5.69,13.38,4.38,0.26,0.01,-0.21,155.38,171.0,58.94,57.26,30.0,30.0
1770323998186698495,48563,11.032,201.6,10.376,-171.9,2.34,3.46,-5.69,13.25,4.38,0.12,0.04,-0.2,11913.42,167.0,59.29,55.8,30.0,30.0
1770323998277053692,48684,11.08,211.1,10.792,-179.3,3.46,3.11,-5.81,13.0,4.38,-0.11,-0.02,0.21,156.75,167.0,57.33,53.75,30.0,30.0
1770323998375354418,48783,10.556,210.0,11.2,-185.7,3.24,3.75,-5.63,12.81,4.38,-0.11,-0.06,0.08,162.41,175.0,59.11,52.63,30.0,30.0
1770323998498247595,48883,10.952,216.8,11.424,-195.9,2.7,3.03,-5.38,12.75,4.25,-0.2,0.0,0.18,11917.02,172.0,57.3,55.8,30.0,30.0
1770323998617035011,49004,10.596,136.3,11.264,-170.3,3.3,2.97,-5.13,12.88,4.0,0.0,0.0,-0.14,11910.67,180.0,58.46,59.85,30.0,30.0
1770323998735813723,49125,10.864,141.6,10.704,-178.9,2.5,2.71,-4.94,13.06,3.88,-0.12,0.1,-0.06,11913.93,180.0,57.84,58.58,30.0,30.0
1770323998864643217,49243,10.936,202.8,11.404,-206.1,3.01,2.97,-4.88,13.25,3.69,-0.09,0.18,0.07,11917.71,178.0,57.93,56.59,30.0,30.0
1770323998977475223,49364,10.644,151.7,11.376,-154.1,2.66,3.22,-4.81,13.31,3.56,-0.02,-0.08,-0.02,11913.76,178.0,58.67,57.98,30.0,30.0
1770323999075761075,49485,10.72,163.8,11.42,-165.3,3.03,2.77,-4.75,13.31,3.44,0.06,0.16,-0.07,192.08,178.0,58.01,56.14,30.0,30.0
1770323999178198875,49585,10.976,169.2,11.212,-190.0,2.77,2.89,-4.75,13.19,3.44,0.0,0.1,0.08,184.36,188.0,59.58,54.81,30.0,30.0
1770323999296927596,49685,11.036,186.3,11.26,-167.0,2.44,2.99,-4.81,13.0,3.44,0.1,-0.07,0.08,11920.11,190.0,59.64,53.13,32.0,30.0
1770323999419828644,49806,10.444,250.6,11.048,-185.2,2.4,4.92,-4.56,12.75,3.5,0.06,-0.21,-0.16,11923.88,192.0,58.19,49.29,32.0,30.0
1770323999534507265,49928,10.38,205.3,10.344,-169.4,2.97,3.16,-4.19,12.63,3.25,-0.03,-0.03,0.13,11922.16,192.0,57.11,51.99,32.0,30.0
1770323999636981493,50043,11.008,214.0,10.704,-174.0,2.54,2.5,-3.75,12.63,2.88,-0.17,0.07,0.16,205.29,195.0,59.44,57.79,32.0,32.0
1770323999763901232,50143,10.34,199.2,11.244,-161.5,2.3,2.05,-3.44,12.75,2.81,-0.02,-0.02,0.0,11912.39,201.0,59.29,59.79,32.0,32.0
1770324000074050225,50270,10.408,225.1,11.292,-191.3,2.85,2.7,-3.31,12.94,2.75,-0.17,0.13,0.12,11910.67,206.0,58.09,60.05,32.0,32.0
1770324000091589708,50393,10.684,164.1,11.092,-170.2,2.58,2.93,-3.25,12.94,2.69,0.12,-0.16,-0.14,11905.19,206.0,58.8,61.7,32.0,32.0
1770324000124360683,50507,10.936,154.5,10.872,-154.0,2.99,3.09,-3.06,12.75,2.56,-0.01,0.15,-0.14,11908.79,213.0,59.36,62.12,32.0,32.0
1770324000247218527,50629,10.62,174.8,10.884,-179.0,2.32,3.4,-3.19,12.5,2.56,-0.05,-0.19,0.04,11908.62,212.0,60.35,61.05,32.0,32.0
1770324000349622339,50756,10.56,192.6,11.068,-168.2,2.56,2.73,-3.38,12.19,2.63,0.08,-0.04,-0.09,165.15,212.0,59.44,56.14,32.0,32.0
1770324000447911393,50856,10.72,236.4,10.58,-186.1,2.73,3.57,-3.38,12.0,2.63,-0.12,-0.04,-0.1,172.19,215.0,59.02,54.3,32.0,32.0
1770324000570840314,50956,10.58,206.3,11.42,-174.3,3.69,2.89,-3.31,11.88,2.63,-0.04,-0.17,0.17,11910.16,212.0,57.95,57.95,32.0,32.0
1770324000703765279,51078,9.592,191.4,11.036,-146.9,2.99,2.09,-3.31,12.0,2.63,0.03,0.05,0.1,11903.64,213.0,61.24,63.33,32.0,32.0
1770324000812488374,51203,9.968,190.3,10.484,-215.5,3.05,2.34,-3.19,12.13,2.5,0.17,-0.09,-0.18,11909.65,213.0,57.8,61.37,32.0,32.0
1770324000935367590,51317,10.728,244.5,10.98,-153.0,3.38,2.36,-3.13,12.19,2.38,0.01,-0.04,-0.09,11907.07,215.0,60.24,60.24,32.0,32.0
1770324001054223753,51440,11.104,151.8,11.2,-143.0,2.89,3.05,-2.94,12.13,2.19,0.02,-0.15,-0.21,11905.53,219.0,61.24,61.94,32.0,32.0
1770324001181138569,51561,9.8,189.0,10.88,-150.1,2.99,2.48,-2.69,11.88,1.88,-0.09,0.18,0.26,11904.84,218.0,60.74,62.81,32.0,32.0
1770324001299883888,51686,10.7,171.8,11.056,-185.0,2.79,2.36,-3.0,11.5,1.88,0.07,0.02,-0.12,11903.81,222.0,61.8,61.8,34.0,32.0
1770324001402287970,51807,10.732,179.3,11.392,-169.3,2.58,3.63,-3.19,11.19,1.94,-0.08,-0.07,0.12,169.27,222.0,63.15,57.41,34.0,32.0
1770324001521094012,51907,11.048,207.6,11.416,-160.5,2.29,3.95,-3.0,11.0,1.88,-0.12,-0.21,0.28,11907.07,214.0,61.72,57.89,34.0,32.0
1770324001648085294,52028,11.164,140.9,11.18,-123.7,2.77,2.68,-2.69,11.06,1.81,-0.24,0.06,0.04,11901.76,218.0,62.63,64.02,34.0,34.0
1770324001762768401,52153,11.02,172.7,10.76,-151.1,3.14,2.11,-2.75,11.31,1.69,-0.24,-0.11,0.0,11907.42,218.0,59.44,63.68,34.0,34.0
1770324001861073827,52268,10.22,166.5,10.772,-190.0,2.46,2.25,-2.88,11.44,1.5,-0.11,-0.03,-0.03,191.39,207.0,58.3,59.91,34.0,34.0
1770324001983947507,52368,11.244,190.8,11.34,-130.6,2.38,2.38,-2.88,11.44,1.44,-0.03,-0.02,0.07,11902.27,209.0,62.91,60.92,34.0,34.0
1770324002106836937,52490,10.3,150.6,10.676,-140.8,3.24,2.01,-2.88,11.31,1.31,0.03,0.2,0.0,11899.01,201.0,62.81,62.81,34.0,34.0
1770324002209225414,52614,10.54,162.6,11.128,-146.8,2.13,2.09,-3.06,11.19,1.44,0.17,0.1,0.08,188.99,201.0,63.15,61.4,34.0,34.0
1770324002307495354,52714,9.336,175.4,11.42,-175.4,2.73,2.54,-3.13,11.0,1.56,-0.14,0.06,0.23,192.59,198.0,63.55,60.37,34.0,34.0
1770324002409906758,52814,10.524,164.8,10.88,-162.8,2.38,2.4,-2.94,10.81,1.69,-0.23,-0.14,0.06,234.78,198.0,63.82,56.73,34.0,34.0
1770324002508236680,52915,11.248,174.8,11.296,-141.9,2.38,3.2,-2.5,10.75,1.69,-0.1,-0.13,-0.01,208.89,195.0,63.55,57.2,34.0,34.0
1770324002610637213,53015,11.06,148.0,11.388,-163.3,2.01,2.34,-2.13,10.81,1.63,-0.22,0.12,-0.07,204.6,198.0,64.2,60.03,34.0,34.0
1770324002737606653,53115,10.108,135.5,11.448,-169.1,2.97,2.87,-2.0,10.94,1.56,0.06,-0.03,-0.1,11906.39,196.0,61.29,62.78,34.0,34.0
1770324002856399056,53243,9.472,159.3,10.668,-150.2,3.26,2.87,-2.13,11.13,1.5,0.29,0.11,-0.06,11902.96,196.0,61.3,61.3,34.0,34.0
1770324002975186273,53360,10.504,177.9,10.668,-117.3,2.64,2.3,-2.19,11.06,1.5,0.28,0.2,0.31,11896.1,194.0,65.96,64.56,34.0,34.0
1770324003098068229,53481,10.8,133.7,11.304,-154.4,1.86,2.68,-2.31,11.0,1.63,0.12,0.04,-0.13,11896.61,195.0,64.72,62.63,36.0,34.0
1770324003200435911,53605,10.42,151.8,11.328,-162.7,2.09,2.34,-2.44,10.75,1.88,-0.03,-0.04,-0.05,236.33,195.0,66.66,61.4,36.0,34.0
1770324003319218060,53704,9.924,188.4,11.072,-156.1,2.44,3.63,-2.25,10.56,2.06,-0.06,0.13,-0.4,11909.13,195.0,66.4,56.3,36.0,34.0
1770324003437997654,53824,11.252,223.2,11.248,-156.3,2.64,3.95,-1.56,10.44,2.38,-0.09,0.0,0.23,11909.3,195.0,63.68,55.9,36.0,34.0
1770324003560920149,53944,10.1,142.9,11.244,-129.9,2.7,2.81,-0.88,10.38,2.5,-0.26,0.17,0.17,11899.7,195.0,65.96,60.35,36.0,36.0
1770324003679686538,54066,10.624,143.5,10.92,-164.0,3.44,2.85,-0.37,10.56,2.63,-0.02,0.08,-0.29,11910.33,197.0,58.87,59.56,36.0,36.0
1770324003782089665,54187,10.972,213.4,10.432,-178.0,2.27,2.62,-0.31,10.63,2.75,-0.04,0.18,-0.36,196.2,197.0,59.88,59.88,36.0,36.0
1770324003880360077,54287,10.252,208.8,10.272,-147.4,2.09,3.13,-0.31,10.44,2.94,0.17,-0.01,-0.33,180.59,200.0,64.96,60.95,36.0,36.0
1770324003982799668,54387,10.436,146.4,9.688,-148.6,1.84,2.89,-0.12,10.25,3.19,0.0,0.14,-0.06,185.56,200.0,66.66,60.52,36.0,36.0
1770324004081091386,54487,10.84,149.2,11.44,-115.9,2.48,3.13,0.0,9.88,3.56,0.05,-0.02,0.18,192.59,202.0,68.17,63.35,36.0,36.0
1770324004183487768,54587,10.596,204.0,11.448,-96.7,2.21,3.07,0.31,9.5,4.06,0.0,0.15,-0.14,179.22,197.0,68.21,60.63,36.0,36.0
1770324004302243734,54687,10.572,215.5,10.876,-141.9,1.46,4.0,0.81,8.94,4.94,0.23,-0.2,0.05,11905.02,190.0,69.34,56.96,36.0,36.0
1770324004416926105,54809,10.572,236.3,11.272,-151.8,1.93,3.28,2.06,8.38,5.75,0.26,-0.09,-0.02,11899.87,190.0,66.78,58.07,36.0,36.0
1770324004539837520,54922,11.048,254.5,11.2,-151.5,2.13,3.77,3.0,8.13,5.94,-0.66,0.24,-0.13,11900.38,191.0,62.27,65.1,36.0,36.0
1770324004662727156,55046,11.152,269.6,11.028,-177.0,3.03,3.87,3.69,8.31,6.25,0.22,-0.08,0.01,11897.13,189.0,58.61,70.06,36.0,36.0
1770324004765128056,55169,9.644,252.6,11.16,-148.1,2.58,2.89,4.19,8.25,6.25,0.29,0.2,0.25,201.68,189.0,59.88,69.23,36.0,36.0
1770324004863421435,55269,11.176,218.5,10.872,-101.1,2.01,3.18,4.56,7.88,6.44,0.1,0.25,-0.22,176.65,194.0,66.73,72.29,36.0,36.0
1770324004986305719,55369,9.532,258.2,10.644,-130.1,1.48,2.81,5.13,7.06,6.75,-0.11,-0.02,0.24,11879.98,190.0,67.36,72.81,38.0,36.0
1770324005510076913,55492,11.192,330.1,10.816,-136.3,1.82,3.65,5.38,6.56,6.75,-0.06,0.19,0.2,155.72,190.0,67.36,72.42,38.0,36.0
1770324005543372632,55591,9.948,317.3,11.396,-124.0,1.68,3.87,5.38,6.31,6.75,0.07,0.16,0.08,11888.55,186.0,68.42,71.77,38.0,36.0
1770324005547451868,55714,10.156,267.6,11.288,-114.4,2.19,4.59,5.56,6.0,6.69,0.17,0.2,-0.02,11878.26,191.0,66.95,75.92,38.0,38.0
1770324005558181444,55837,10.596,256.5,11.256,-96.9,2.17,2.89,5.88,5.75,6.63,-0.06,-0.09,0.09,11874.32,184.0,65.26,84.2,38.0,38.0
1770324005584319236,55958,10.552,250.9,11.004,-122.0,2.58,4.14,5.88,5.94,6.5,-0.2,0.05,-0.58,11873.63,191.0,66.26,82.13,38.0,38.0
1770324005707194251,56088,10.292,248.1,11.432,-105.5,2.05,2.68,5.94,5.81,6.31,0.29,-0.09,-0.17,11874.66,187.0,67.36,80.97,38.0,38.0
1770324005821864774,56210,10.976,345.8,10.5,-137.8,1.88,4.26,5.94,5.38,6.13,0.11,0.31,-0.28,11873.97,187.0,66.78,79.85,38.0,38.0
1770324005944156904,56326,10.908,293.3,10.988,-100.4,1.95,3.2,5.31,4.94,5.88,0.41,0.15,-0.52,11876.72,191.0,68.89,77.94,38.0,38.0
1770324006067638541,56446,11.088,366.7,10.888,-92.0,2.15,4.59,5.0,4.63,5.75,-0.2,0.16,-0.13,11874.66,192.0,68.33,77.3,38.0,38.0
1770324006165941756,56570,9.148,299.2,11.38,-115.9,1.68,3.77,4.81,4.75,5.5,0.15,0.13,0.18,202.2,192.0,69.05,82.52,38.0,38.0
1770324006288828331,56671,10.356,319.9,11.092,-87.0,1.74,3.05,4.56,4.94,5.38,0.12,0.1,0.08,11875.69,189.0,69.37,81.81,38.0,38.0
1770324006411656570,56794,10.44,278.7,10.796,-130.4,1.48,2.81,4.5,5.06,5.19,0.31,-0.28,0.0,11875.0,188.0,67.36,81.4,38.0,38.0
1770324006534544145,56914,10.348,275.7,11.184,-109.7,2.32,3.01,4.38,5.13,5.0,-0.12,0.16,0.1,11877.23,191.0,67.09,78.73,38.0,38.0
1770324006657446942,57039,10.316,321.9,10.784,-88.6,2.13,4.12,3.75,4.75,4.69,0.01,-0.09,0.19,11881.86,198.0,67.91,75.38,38.0,38.0
1770324006772203744,57160,10.78,261.6,11.26,-116.0,2.66,3.46,2.88,4.44,4.63,-0.07,-0.24,0.51,11880.83,198.0,67.95,76.08,40.0,38.0
1770324006895010095,57275,10.22,255.5,11.336,-90.3,1.7,2.79,2.56,4.19,4.5,-0.33,0.11,0.44,11874.49,203.0,69.83,78.73,40.0,40.0
1770324007006046675,57398,10.252,237.2,10.924,-96.4,1.95,2.81,2.19,4.56,4.5,0.21,0.15,-0.01,188.99,203.0,67.36,78.59,40.0,40.0
1770324007116264606,57498,10.896,291.1,11.344,-118.4,2.48,3.09,1.63,4.63,4.38,0.16,-0.1,-0.3,11874.83,204.0,70.25,79.39,40.0,40.0
1770324007239070658,57619,9.984,215.7,10.832,-127.1,2.32,3.42,1.06,4.56,4.13,-0.07,-0.04,0.32,11881.0,210.0,65.72,78.04,40.0,40.0
1770324007337367519,57742,10.408,280.5,11.256,-113.7,2.34,3.05,0.25,4.56,3.88,0.16,0.09,0.02,197.91,203.0,66.04,72.65,40.0,40.0
1770324007460292648,57842,10.632,303.9,10.98,-133.2,2.17,3.46,-0.25,4.44,3.94,0.18,0.02,0.2,11897.13,206.0,65.88,67.86,40.0,40.0
1770324007579050385,57963,10.576,240.8,11.164,-121.2,2.95,4.47,-0.75,4.31,4.0,0.04,0.11,0.11,11897.47,206.0,64.77,65.49,40.0,40.0
1770324007677365302,58082,10.804,246.5,10.196,-110.8,2.03,3.73,-1.06,4.19,4.0,-0.21,-0.06,0.15,201.0,200.0,66.16,69.17,40.0,40.0
1770324007790044862,58182,10.684,213.8,10.068,-132.6,1.66,3.46,-1.19,4.31,4.06,-0.12,0.11,0.28,241.13,200.0,68.25,69.14,40.0,40.0
1770324007902630625,58283,9.996,207.7,11.416,-127.3,2.79,2.52,-1.44,4.44,4.06,0.39,0.16,0.07,11886.49,195.0,68.72,71.62,40.0,40.0
1770324008025501154,58404,10.896,235.5,11.396,-131.2,2.34,2.99,-1.88,4.56,4.13,0.22,-0.08,-0.29,11886.49,189.0,66.11,70.98,40.0,40.0
1770324008148434181,58528,10.6,183.2,11.316,-160.5,2.01,2.4,-2.25,4.56,4.0,-0.28,0.14,0.37,11893.01,186.0,63.49,68.83,40.0,40.0
1770324008267159840,58650,9.816,237.9,10.972,-120.9,2.56,3.03,-2.5,4.69,4.0,0.05,-0.25,-0.56,11902.61,185.0,65.26,62.45,40.0,40.0
1770324008381806708,58771,10.696,350.4,11.0,-141.6,2.4,3.87,-2.5,4.69,4.13,0.1,-0.04,-0.15,11906.04,185.0,64.61,58.8,40.0,40.0
1770324008508785414,58887,10.508,275.8,10.456,-165.7,2.05,3.85,-2.56,4.56,4.31,-0.1,-0.07,-0.16,11898.67,179.0,65.57,62.81,42.0,40.0
1770324008635792510,59013,10.276,216.0,10.412,-148.8,2.11,2.54,-2.56,4.56,4.31,-0.21,0.0,0.1,11890.61,174.0,66.02,68.04,42.0,42.0
1770324008758668258,59140,10.444,201.2,10.972,-152.6,1.93,2.93,-2.81,4.81,4.31,0.23,0.14,-0.36,11891.47,173.0,65.78,68.42,42.0,42.0
1770324008856943256,59262,10.82,229.6,11.332,-155.3,2.38,3.34,-3.25,4.81,4.31,0.0,0.07,0.0,180.08,173.0,63.62,67.36,42.0,42.0
1770324008966049061,59362,10.596,201.5,11.252,-120.9,2.34,3.22,-3.44,4.81,4.31,-0.28,0.08,0.2,202.88,176.0,65.93,69.11,42.0,42.0
1770324009057676751,59462,10.428,215.3,10.532,-156.6,2.85,2.48,-3.75,4.94,4.31,-0.21,-0.23,0.13,198.77,176.0,62.93,68.25,42.0,42.0
1770324009180622188,59563,11.184,211.9,11.312,-179.9,2.52,3.75,-4.0,5.06,4.31,0.24,-0.07,-0.38,11906.9,174.0,64.0,62.07,42.0,42.0
1770324009278834775,59683,10.824,297.5,11.276,-116.6,2.48,3.96,-3.75,5.0,4.31,0.13,0.05,-0.14,193.45,175.0,64.77,53.44,42.0,42.0
1770324009401696636,59783,10.912,249.1,11.016,-131.6,2.99,3.61,-3.5,4.88,4.44,0.04,-0.03,0.0,11903.13,179.0,64.66,57.14,42.0,42.0
1770324009524661739,59904,9.576,238.0,10.636,-128.4,2.56,2.48,-3.44,4.81,4.38,-0.21,0.21,0.54,11894.21,179.0,64.72,65.42,42.0,42.0
1770324009622948754,60028,9.904,219.2,11.356,-130.8,2.38,2.79,-3.63,5.06,4.38,-0.06,0.03,-0.08,209.4,179.0,64.39,66.04,42.0,42.0
1770324009745778965,60128,10.184,230.7,11.384,-117.7,2.23,2.36,-3.88,5.25,4.38,0.19,-0.06,0.16,11894.9,178.0,65.44,65.92,42.0,42.0
1770324009848205526,60250,9.976,183.6,11.316,-171.5,1.95,3.48,-3.94,5.19,4.31,-0.15,-0.04,-0.04,192.08,178.0,64.5,64.5,42.0,42.0
1770324009946513652,60350,9.8,234.3,10.76,-138.4,2.87,3.28,-3.88,5.25,4.19,0.03,-0.12,-0.57,208.89,181.0,64.53,64.53,42.0,42.0
1770324010069376416,60450,10.388,185.1,11.18,-153.0,3.01,3.73,-3.81,5.44,4.0,0.03,-0.05,0.0,11904.16,183.0,63.15,61.15,42.0,42.0
1770324010167698308,60571,9.764,266.0,11.268,-166.2,2.23,4.14,-3.69,5.5,3.75,-0.12,0.01,0.17,189.68,183.0,61.75,54.27,42.0,42.0
1770324010270075220,60672,11.072,335.7,10.812,-141.2,2.71,5.35,-3.56,5.44,3.75,-0.1,-0.15,0.21,210.6,179.0,63.35,53.73,42.0,42.0
1770324010388810367,60772,9.404,268.4,11.24,-153.9,2.03,4.63,-3.44,5.25,3.88,0.03,0.05,-0.1,11905.87,179.0,64.39,55.48,44.0,42.0
1770324010511733167,60892,9.532,192.5,11.016,-109.9,2.6,3.4,-3.38,5.19,3.88,-0.2,0.01,0.07,11897.13,180.0,66.81,61.94,44.0,44.0
1770324010634614911,61016,11.08,258.4,10.792,-130.2,1.74,3.07,-3.13,5.5,3.88,0.0,-0.21,0.19,11892.67,179.0,67.77,64.35,44.0,44.0
1770324010749295944,61136,10.72,197.9,10.972,-164.7,2.03,3.73,-2.94,5.63,3.81,0.13,-0.02,-0.24,11895.75,179.0,67.36,63.7,44.0,44.0
1770324010868083147,61251,10.372,205.3,11.14,0.0,2.38,3.83,-2.63,5.69,3.69,0.01,-0.1,0.07,11896.95,184.0,65.42,64.02,44.0,44.0
1770324011000984080,61372,10.46,218.1,11.324,-154.2,2.32,3.16,-2.31,5.88,3.44,0.0,-0.02,0.13,11898.84,190.0,64.56,62.45,44.0,44.0
1770324011290033679,61495,9.648,277.9,11.112,-143.3,1.88,3.48,-2.25,5.75,3.19,0.0,0.04,0.01,11907.25,192.0,65.87,57.72,44.0,44.0
1770324011314539594,61615,10.652,293.0,11.084,-112.2,2.52,4.43,-2.06,5.56,3.06,0.08,0.02,0.0,11909.3,192.0,67.22,56.14,44.0,44.0
1770324011347279951,61729,10.628,284.8,11.024,-147.3,2.05,4.12,-1.63,5.25,3.0,0.0,0.12,0.24,11900.73,199.0,65.26,60.35,44.0,44.0
1770324011470140790,61850,10.304,222.8,11.1,-136.0,1.58,3.13,-1.19,5.19,3.0,-0.52,0.03,0.04,11891.81,195.0,67.36,68.77,44.0,44.0
1770324011597116183,61974,10.12,279.8,11.296,-107.0,2.03,3.63,-1.06,5.38,2.94,-0.02,0.07,0.24,11889.07,204.0,67.23,69.94,44.0,44.0
1770324011720035949,62101,10.8,278.3,11.268,-99.9,2.11,3.81,-1.12,5.38,2.81,-0.05,0.04,0.21,11889.58,202.0,68.29,69.62,44.0,44.0
1770324011918049247,62222,10.684,253.5,11.236,-129.3,1.89,3.55,-1.19,5.5,2.69,0.11,-0.02,-0.06,11888.38,202.0,66.63,70.29,44.0,44.0
1770324011957597872,62337,9.548,192.3,10.836,-127.4,2.19,3.36,-1.37,5.44,2.44,0.31,-0.03,0.06,11888.21,207.0,66.11,68.2,44.0,44.0
1770324012055895078,62460,10.78,276.5,10.628,-114.5,2.19,3.48,-1.63,4.81,1.88,0.13,-0.07,-0.14,217.29,207.0,65.68,62.31,44.0,44.0
1770324012178750374,62559,11.044,264.5,11.344,-170.7,2.05,4.8,-1.75,4.56,1.75,-0.09,0.19,-0.33,11900.73,203.0,63.51,60.63,46.0,44.0
1770324012281172831,62682,9.428,303.3,10.68,-114.5,1.95,3.14,-1.5,4.25,1.69,0.15,0.08,-0.42,205.11,211.0,66.39,61.53,46.0,44.0
1770324012379449738,62782,11.212,189.7,11.088,-100.9,1.93,2.38,-1.44,4.31,1.69,-0.07,0.0,-0.2,249.02,211.0,66.81,68.65,46.0,46.0
1770324012477713367,62882,10.408,191.5,10.772,-132.9,1.6,2.19,-1.63,4.5,1.63,0.25,0.01,-0.15,216.09,210.0,66.1,69.25,46.0,46.0
1770324012580183047,62982,9.64,216.6,11.404,-107.1,2.07,2.64,-2.0,4.63,1.5,0.17,-0.03,0.21,223.98,208.0,66.34,68.89,46.0,46.0
1770324012790041822,63082,10.624,199.0,10.864,-158.8,2.5,2.62,-2.31,4.69,1.44,-0.16,0.09,0.54,11888.21,204.0,65.49,68.94,46.0,46.0
1770324012821845553,63203,9.764,198.2,10.384,-149.6,1.7,2.38,-2.94,5.0,1.31,0.02,0.19,-0.34,11890.44,207.0,64.02,67.5,46.0,46.0
1770324012940620837,63324,11.072,234.4,10.672,-143.4,2.17,3.14,-3.75,5.13,1.37,-0.42,0.07,0.12,11899.53,207.0,63.88,63.88,46.0,46.0
1770324013063491969,63442,11.016,283.5,11.112,-163.5,2.15,3.42,-4.31,5.19,1.69,-0.08,-0.36,0.16,11902.27,203.0,63.15,59.76,46.0,46.0
1770324013182276778,63563,10.116,202.6,11.436,-151.2,1.74,3.52,-4.5,5.44,1.94,-0.37,-0.11,0.42,11894.55,200.0,65.42,61.94,46.0,46.0
1770324013305133817,63684,9.616,183.5,11.196,-112.9,2.6,3.3,-4.75,5.63,2.0,-0.48,-0.05,0.01,11892.84,204.0,65.26,63.86,46.0,46.0
1770324013419757636,63805,10.672,149.4,11.116,-131.3,2.44,2.83,-5.31,6.38,2.19,-0.03,-0.11,0.13,11898.16,204.0,62.24,63.7,46.0,46.0
1770324013522293007,63923,9.72,191.5,11.428,-152.2,1.93,2.75,-5.88,7.25,2.31,0.01,-0.22,-0.15,217.8,203.0,62.77,62.77,46.0,46.0
1770324013645120879,64023,10.348,193.8,11.332,-150.7,1.74,2.34,-6.13,7.88,2.19,0.35,0.11,0.17,11897.13,200.0,64.39,62.41,46.0,46.0
1770324013759806106,64145,10.552,207.3,10.872,-162.5,1.64,2.15,-6.38,8.31,2.19,-0.11,-0.08,0.39,11898.5,200.0,64.43,60.77,46.0,46.0
1770324013862227253,64261,10.296,197.4,10.272,-116.1,2.27,3.22,-6.69,8.5,2.38,-0.06,-0.03,-0.15,197.4,198.0,64.39,59.44,46.0,46.0
1770324013993236530,64361,9.396,214.4,11.292,-112.5,2.83,3.5,-6.63,8.5,2.63,0.16,-0.04,-0.1,11910.33,200.0,63.15,55.32,48.0,46.0
1770324014095692052,64496,10.232,190.4,11.392,-143.6,2.05,3.85,-6.13,8.38,2.94,0.11,-0.16,-0.15,201.0,200.0,63.88,55.17,48.0,46.0
1770324014194001947,64596,10.944,166.4,11.248,-139.5,1.72,2.62,-5.69,8.44,3.13,-0.39,0.12,-0.07,221.06,193.0,64.35,54.02,48.0,46.0
1770324014296455588,64696,10.668,147.2,10.376,-120.0,2.58,2.95,-5.25,8.75,3.31,-0.08,-0.05,0.07,207.17,185.0,63.79,57.84,48.0,48.0
1770324014394641797,64796,9.768,151.9,11.276,-159.6,2.17,2.89,-5.0,9.0,3.31,-0.04,-0.01,-0.14,236.67,185.0,62.05,57.61,48.0,48.0
1770324014497056548,64897,11.084,179.9,11.08,-152.0,1.84,3.26,-4.69,9.25,3.31,0.04,0.09,-0.15,215.58,185.0,62.17,58.23,48.0,48.0
1770324014595371203,64997,10.776,166.1,10.168,-186.8,2.25,3.05,-4.44,9.44,3.44,0.07,-0.03,-0.01,201.68,181.0,60.39,59.54,48.0,48.0
1770324014697775843,65097,10.604,160.4,11.036,-114.7,2.56,2.54,-4.31,9.5,3.5,-0.02,-0.1,0.02,197.74,181.0,61.16,58.5,48.0,48.0
1770324014796067368,65197,9.804,187.2,11.356,-163.4,1.7,2.34,-4.31,9.5,3.5,0.19,0.04,0.31,188.99,184.0,62.76,59.58,48.0,48.0
1770324014894354022,65297,9.904,198.2,11.26,-122.3,1.89,2.44,-4.44,9.44,3.63,0.01,-0.12,-0.27,200.66,184.0,63.38,59.76,48.0,48.0
1770324015190049237,65396,10.768,228.8,11.244,-153.0,2.38,3.38,-4.5,9.25,3.81,0.04,-0.11,-0.29,11918.56,182.0,61.72,54.54,48.0,48.0
1770324015205672728,65518,10.848,249.5,10.62,-189.3,2.75,3.16,-4.25,9.06,4.0,-0.06,0.0,0.35,189.68,182.0,58.3,50.2,48.0,48.0
1770324015238446398,65618,9.56,264.4,11.18,-162.4,2.56,3.44,-3.88,9.06,4.13,-0.11,0.01,-0.12,11909.99,181.0,60.08,54.66,48.0,48.0
1770324015336639109,65739,10.784,190.7,11.124,-129.9,1.78,2.4,-3.63,9.19,4.31,-0.07,0.02,0.02,216.78,181.0,61.75,61.75,48.0,48.0
1770324015459580752,65839,9.704,203.7,11.184,-138.8,2.4,2.95,-3.56,9.25,4.31,-0.01,0.11,-0.2,11908.45,183.0,60.28,59.8,48.0,48.0
1770324015582486875,65960,11.016,158.5,11.376,-179.4,2.38,2.83,-3.63,9.38,4.25,0.39,-0.01,0.09,11909.47,178.0,57.76,58.46,48.0,48.0
1770324015701274331,66081,9.76,206.9,11.384,-156.7,2.68,2.34,-3.75,9.44,4.25,-0.19,0.01,-0.26,11903.13,183.0,60.54,61.24,48.0,48.0
1770324015803666840,66203,10.424,163.5,11.336,-115.9,3.13,2.44,-4.0,9.38,4.13,0.06,0.08,-0.07,208.89,183.0,58.58,60.41,48.0,48.0
1770324015902010165,66304,10.996,189.7,11.128,-144.3,2.48,2.48,-4.31,9.31,4.19,0.14,-0.05,-0.18,212.66,185.0,60.37,58.78,48.0,48.0
1770324016014050152,66404,10.648,178.0,11.16,-126.7,2.91,2.93,-4.63,9.13,4.13,0.2,-0.09,-0.21,192.59,185.0,60.27,58.5,50.0,48.0
1770324016102719695,66503,10.832,313.4,11.3,-167.4,2.64,4.55,-4.81,8.88,4.19,-0.05,-0.14,0.28,201.34,182.0,57.45,48.79,50.0,48.0
1770324016205074154,66604,10.236,258.1,11.168,-168.6,2.4,4.51,-5.13,8.75,4.19,-0.24,-0.07,0.19,160.87,181.0,58.69,47.63,50.0,48.0
1770324016303384209,66704,10.528,202.7,10.996,-189.6,2.89,3.28,-5.5,8.94,4.13,0.1,0.2,0.26,188.99,181.0,57.61,49.64,50.0,48.0
1770324016405749464,66804,9.768,168.9,10.944,-134.5,2.5,2.52,-5.69,9.19,4.06,0.09,-0.03,-0.07,221.41,183.0,60.37,56.4,50.0,50.0
1770324016504034704,66905,10.896,198.6,10.68,-198.7,2.93,2.34,-5.88,9.75,3.88,-0.08,0.0,0.19,245.07,185.0,59.79,58.1,50.0,50.0
1770324016631044423,67005,10.492,173.1,11.1,-176.9,2.56,2.81,-6.19,10.06,3.63,-0.05,0.22,0.1,11914.62,188.0,58.6,55.64,50.0,50.0
1770324016745708447,67131,10.484,172.5,11.376,-159.8,2.01,3.4,-6.38,10.25,3.44,0.06,-0.05,-0.07,11910.16,188.0,62.08,54.95,50.0,50.0
1770324016843970687,67246,10.288,179.3,10.032,-119.8,2.71,3.16,-6.63,10.19,3.25,0.0,-0.04,-0.31,205.29,188.0,61.09,56.14,50.0,50.0
1770324016946433628,67346,10.34,197.8,11.216,-123.1,2.64,2.87,-7.25,9.88,3.0,-0.1,0.0,-0.05,191.05,188.0,62.47,54.33,50.0,50.0
1770324017073400910,67446,10.412,193.3,10.6,-138.3,2.56,3.5,-7.88,9.44,2.56,-0.27,0.18,0.03,11912.73,193.0,61.5,53.46,50.0,50.0
1770324017171702553,67572,10.692,179.2,10.612,-127.0,2.34,2.71,-8.31,9.38,2.44,0.53,-0.07,-0.26,160.87,193.0,59.71,52.05,50.0,50.0
1770324017282046156,67673,10.068,189.6,11.252,-155.9,3.07,4.14,-8.44,9.44,2.5,0.07,0.02,-0.06,226.89,193.0,58.77,50.0,50.0,50.0
1770324017372410426,67773,10.424,238.9,11.048,-176.7,2.87,3.83,-8.44,9.63,2.5,-0.2,0.1,-0.01,228.44,193.0,58.54,51.32,50.0,50.0
1770324017495262826,67873,10.624,176.8,11.284,-154.1,1.84,3.11,-8.63,10.0,2.44,-0.28,-0.04,0.2,11914.79,195.0,60.92,54.49,50.0,50.0
1770324017593594470,67994,9.608,175.1,11.444,-119.5,3.05,3.09,-9.13,10.75,2.31,0.04,-0.16,0.13,198.6,195.0,59.12,51.96,50.0,50.0
1770324017695980866,68094,10.48,180.6,11.44,-149.8,2.42,2.34,-9.81,11.13,2.19,0.24,-0.02,-0.11,180.59,196.0,60.95,52.93,50.0,50.0
1770324017814758977,68194,10.86,187.9,11.144,-148.4,2.52,2.62,-10.38,11.44,2.0,0.27,0.05,0.0,11912.9,196.0,62.65,52.63,50.0,50.0
1770324017933538958,68315,11.18,155.1,11.168,-112.6,2.6,3.03,-10.75,11.69,1.94,-0.04,0.17,0.0,11909.3,196.0,60.05,55.22,52.0,50.0
1770324018056419520,68433,11.088,116.4,10.24,-141.0,2.38,2.62,-11.13,11.94,1.94,0.06,0.0,-0.2,11910.16,199.0,60.66,54.95,52.0,50.0
1770324018158810876,68556,10.812,138.3,11.44,-131.8,2.89,2.01,-11.44,12.06,2.13,-0.12,-0.12,0.05,135.14,199.0,60.15,51.55,52.0,50.0
1770324018277573601,68657,10.52,156.4,11.272,-151.2,3.16,2.71,-11.63,12.31,2.31,0.02,-0.11,-0.08,11930.57,201.0,57.26,50.04,52.0,50.0
1770324018400422947,68777,10.792,199.4,11.22,-181.8,2.66,3.4,-11.63,12.56,2.63,-0.1,-0.1,0.07,11935.54,196.0,56.37,41.75,52.0,50.0
1770324018523346682,68898,11.272,152.4,10.44,-183.2,3.22,3.4,-11.31,13.0,2.69,-0.02,0.09,0.28,11949.95,197.0,51.5,36.88,52.0,50.0
1770324018631709291,69022,10.172,95.9,10.956,-228.1,3.96,2.46,-11.06,13.5,2.75,-0.18,-0.04,0.06,242.5,197.0,50.52,38.73,52.0,52.0
1770324018724036034,69123,10.984,102.4,11.156,-210.0,2.83,1.88,-10.94,13.81,2.81,-0.09,0.01,0.1,203.06,197.0,51.63,41.31,52.0,52.0
1770324018846925528,69223,10.864,104.5,11.072,-221.1,3.85,1.58,-10.94,14.06,2.81,0.03,0.03,0.06,11938.97,201.0,52.63,41.6,52.0,52.0
1770324019138048101,69345,10.456,92.7,11.356,-164.7,2.87,2.95,-11.06,14.31,2.94,0.07,-0.08,-0.12,11940.17,201.0,52.89,39.67,52.0,52.0
1770324019162260282,69463,10.824,127.0,11.352,-195.2,2.73,2.19,-11.0,14.31,2.94,0.22,-0.04,-0.14,192.59,201.0,52.87,39.16,52.0,52.0
1770324019173692273,69563,11.108,122.9,11.464,-146.6,2.4,2.19,-10.81,14.25,3.0,0.07,0.0,0.15,205.46,201.0,55.58,39.58,52.0,52.0
1770324019285214876,69663,10.372,100.2,10.568,-159.8,3.54,1.58,-10.56,14.31,3.0,0.01,0.1,-0.09,11934.0,199.0,55.33,41.38,52.0,52.0
1770324019403927295,69783,10.684,84.1,11.428,-163.4,2.75,1.88,-10.06,14.31,2.94,0.03,0.04,0.04,11938.12,196.0,53.58,41.75,52.0,52.0
1770324019526849110,69902,10.88,107.2,10.956,-215.6,3.32,2.13,-9.5,14.38,2.94,-0.03,0.1,0.01,11941.72,194.0,54.49,39.63,52.0,52.0
1770324019649729129,70026,10.848,109.7,11.456,-234.1,3.85,2.52,-8.5,14.69,2.88,0.07,-0.13,0.06,11947.55,185.0,50.25,38.03,52.0,52.0
1770324019768184749,70147,10.292,133.1,11.34,-247.2,4.55,2.58,-7.81,14.88,2.81,0.07,-0.06,-0.32,11952.18,185.0,47.27,33.24,52.0,52.0
1770324019883190111,70259,10.572,186.9,11.26,-232.7,4.45,3.85,-7.06,14.94,2.94,-0.02,-0.01,0.05,11952.35,189.0,47.81,32.11,52.0,52.0
1770324019981489296,70380,11.248,170.0,11.032,-235.1,3.54,3.63,-6.44,14.94,3.0,-0.2,0.09,0.13,218.49,185.0,50.2,34.01,52.0,52.0
1770324020079790660,70479,10.16,167.7,10.96,-202.3,3.73,3.79,-6.25,15.0,3.13,-0.16,0.27,0.3,207.52,185.0,51.06,39.41,52.0,52.0
1770324020182218284,70580,10.556,124.1,10.984,-146.8,3.36,1.89,-6.19,15.13,3.06,0.1,0.0,-0.26,193.8,183.0,56.14,52.13,54.0,52.0
1770324020280473608,70680,10.672,130.8,11.424,-164.0,2.17,2.77,-6.19,15.31,3.06,-0.08,-0.01,-0.07,174.24,183.0,57.01,55.26,54.0,52.0
1770324020382881880,70780,10.704,179.6,11.464,-168.3,2.09,2.93,-6.19,15.5,3.06,0.0,0.0,0.08,195.0,180.0,57.99,56.4,54.0,52.0
1770324020481154704,70880,11.032,185.5,11.112,-166.0,2.34,2.89,-6.25,15.56,3.13,0.25,-0.1,-0.1,211.97,179.0,58.1,54.73,54.0,52.0
1770324020583587680,70980,10.876,165.1,11.388,-143.0,3.03,1.93,-6.25,15.63,3.06,0.07,-0.02,-0.22,179.39,179.0,56.73,54.07,54.0,52.0
1770324020782047217,71080,10.976,130.4,11.252,-143.5,2.25,2.32,-6.06,15.75,2.88,-0.04,-0.05,-0.23,11917.36,175.0,56.46,54.06,54.0,52.0
1770324020825242756,71203,10.208,157.7,11.268,-160.7,3.63,2.62,-5.81,16.06,2.63,0.22,0.24,-0.9,11924.91,175.0,54.28,48.71,54.0,52.0
1770324020927651732,71324,10.464,210.2,11.148,-211.7,3.91,3.24,-5.63,16.19,2.5,0.16,-0.08,0.04,195.17,171.0,50.2,43.72,54.0,52.0
1770324021025939982,71425,10.616,201.4,10.856,-189.9,3.36,3.81,-5.13,16.12,2.38,0.1,0.09,0.0,179.22,171.0,52.3,39.0,54.0,52.0
1770324021128349691,71525,10.416,210.6,10.788,-150.5,2.7,4.14,-4.5,16.06,2.25,0.03,0.02,-0.28,172.87,174.0,54.3,38.56,54.0,52.0
1770324021251228071,71625,10.024,227.7,11.244,-207.6,3.38,3.2,-4.0,16.0,2.19,-0.05,0.22,-0.08,11931.08,173.0,54.31,41.35,54.0,52.0
1770324021374049951,71747,10.004,164.4,11.052,-182.0,3.11,2.42,-3.63,16.0,2.19,0.19,0.21,-0.37,11917.36,171.0,57.29,49.0,54.0,54.0
1770324021472357585,71870,10.432,107.4,11.456,-166.2,2.81,1.88,-3.38,16.19,2.13,-0.01,0.05,-0.15,170.13,171.0,56.75,51.25,54.0,54.0
1770324021574814053,71970,10.54,125.9,10.632,-165.4,2.87,2.09,-3.31,16.44,2.06,0.07,-0.08,0.07,175.1,174.0,54.81,52.43,54.0,54.0
1770324021693576229,72071,10.42,122.4,11.052,-167.6,3.13,2.56,-3.19,16.56,1.88,0.0,-0.04,-0.02,11920.11,174.0,56.14,50.23,54.0,54.0
1770324021816450942,72192,10.7,128.0,11.416,-183.5,2.32,2.17,-2.69,16.56,1.56,-0.07,0.0,0.09,11919.42,185.0,57.76,50.8,54.0,54.0
1770324021931139673,72314,9.616,119.7,11.44,-197.0,2.81,2.19,-2.13,16.75,1.37,-0.02,0.08,-0.09,11919.42,185.0,58.58,50.52,54.0,54.0
1770324022054049460,72429,9.608,131.0,11.324,-172.3,2.01,2.54,-1.5,16.69,1.06,-0.18,-0.13,0.3,11917.71,187.0,59.15,48.71,54.0,54.0
1770324022172790752,72550,10.816,138.7,10.904,-140.3,2.19,2.81,-1.19,16.75,0.69,0.22,0.03,0.08,11923.71,196.0,57.98,46.24,54.0,54.0
1770324022291577766,72671,10.812,201.6,11.316,-165.4,2.29,3.52,-0.69,16.69,0.37,0.2,0.02,-0.12,11927.31,196.0,56.38,45.4,56.0,54.0
1770324022410268909,72788,11.012,150.2,10.732,-194.8,2.46,2.85,0.19,16.5,0.12,0.1,0.04,-0.15,11919.76,204.0,57.04,48.21,56.0,54.0
1770324022533201052,72909,10.42,200.0,11.452,-137.4,3.09,3.05,1.0,16.31,0.0,-0.31,0.15,0.07,11916.51,210.0,55.67,52.89,56.0,54.0
1770324022631544277,73030,9.968,165.8,9.728,-202.0,3.55,2.44,1.56,16.31,-0.06,0.15,0.0,-0.22,196.71,210.0,52.39,58.01,56.0,54.0
1770324022754428160,73131,11.224,171.6,10.856,-169.0,2.48,1.93,1.69,16.31,-0.12,0.05,0.12,-0.22,11907.76,216.0,57.26,58.7,56.0,54.0
1770324022885485022,73251,9.616,205.2,11.012,-154.7,2.79,3.57,2.25,16.06,0.0,-0.14,0.07,0.18,11917.02,217.0,53.15,57.29,56.0,54.0
1770324023186049296,73381,11.016,181.1,11.412,-199.9,3.01,2.66,2.88,15.81,0.19,0.47,0.19,-0.5,11915.99,219.0,47.93,62.18,56.0,54.0
1770324023225485562,73502,10.476,159.2,10.728,-183.1,2.83,2.09,3.69,15.13,0.31,0.12,0.09,-0.35,11902.27,215.0,53.58,66.11,56.0,54.0
1770324023229485280,73624,10.464,226.9,11.18,-175.5,2.62,2.62,4.5,14.38,0.37,0.0,0.07,-0.26,207.69,215.0,53.09,62.24,56.0,54.0
1770324023352361874,73723,10.58,205.0,11.08,-130.8,2.97,3.79,4.88,13.81,0.56,-0.06,0.05,-0.07,11909.99,218.0,55.33,61.59,56.0,54.0
1770324023471158528,73847,9.348,212.2,11.364,-158.4,2.68,2.95,5.06,13.19,0.81,-0.11,-0.08,-0.2,11904.84,218.0,57.04,65.19,56.0,54.0
1770324023594065437,73968,9.268,237.4,11.332,-166.2,2.11,2.85,5.06,12.69,1.0,-0.39,0.0,0.4,11896.95,215.0,59.64,70.17,56.0,56.0
1770324023712877275,74089,10.764,214.3,10.792,-130.2,2.85,3.71,4.81,12.56,1.19,-0.01,-0.08,0.08,11894.21,208.0,58.46,70.29,56.0,56.0
1770324023831635447,74210,9.38,252.8,11.284,-113.2,2.23,2.66,4.56,12.31,1.31,0.1,-0.01,0.01,11895.41,208.0,60.04,69.56,56.0,56.0
1770324024030044108,74328,9.448,230.4,11.36,-130.6,2.95,2.66,4.5,11.94,1.44,0.36,-0.31,0.17,11902.1,205.0,55.68,69.94,56.0,56.0
1770324024073257123,74448,10.22,197.2,11.376,-167.2,2.62,2.56,4.25,11.63,1.31,-0.19,-0.01,0.08,11905.19,203.0,56.14,65.04,56.0,56.0
1770324024196164692,74571,11.18,241.3,11.328,-132.8,2.7,4.3,3.88,11.44,1.37,0.09,-0.03,-0.36,11908.1,202.0,57.29,61.43,56.0,56.0
1770324024314951303,74694,11.104,263.1,11.36,-114.3,2.25,4.45,3.88,11.19,1.5,-0.2,0.05,-0.01,11906.39,202.0,58.35,63.52,56.0,56.0
1770324024437781538,74812,10.38,255.2,11.356,-109.7,2.73,2.5,3.75,11.0,1.5,-0.14,0.17,0.32,11892.67,203.0,61.48,68.83,58.0,56.0
1770324024540189969,74935,10.352,227.3,10.564,-140.2,1.89,2.99,3.5,11.06,1.63,0.11,0.03,-0.32,215.06,203.0,60.41,69.56,58.0,56.0
1770324024659018210,75035,10.156,187.7,11.26,-143.1,1.52,3.28,3.06,11.06,1.75,-0.08,-0.19,-0.29,11893.7,206.0,61.72,70.33,58.0,56.0
1770324024781878797,75156,10.644,238.3,10.892,-140.5,1.82,3.13,2.63,11.06,1.81,0.25,0.11,0.0,11890.78,195.0,60.74,71.78,58.0,56.0
1770324024904740495,75278,9.144,180.4,11.32,-150.1,1.97,2.19,2.13,11.06,1.69,-0.18,-0.03,0.11,11896.78,199.0,59.36,71.78,58.0,56.0
1770324025027614446,75403,9.48,208.1,10.912,-173.0,2.81,2.79,1.44,11.19,1.56,-0.1,-0.08,-0.25,11910.33,197.0,54.08,66.41,58.0,56.0
1770324025146391649,75524,10.684,299.2,10.54,-196.7,3.38,3.69,1.06,11.31,1.5,0.12,-0.12,0.25,11915.13,199.0,53.58,61.24,58.0,56.0
1770324025261147138,75644,10.644,277.8,10.7,-141.7,2.62,3.26,1.06,11.38,1.5,-0.09,0.09,-0.12,11901.41,199.0,58.35,65.0,58.0,58.0
1770324025388099880,75759,10.068,209.8,9.788,-148.8,1.6,2.91,0.88,11.38,1.56,-0.1,0.1,0.01,11898.5,202.0,61.61,67.09,58.0,58.0
1770324025516862210,75884,9.444,184.5,10.92,-141.8,1.6,3.38,0.56,11.44,1.88,0.0,0.15,0.11,11897.98,200.0,63.15,65.87,58.0,58.0
1770324025609243224,76005,10.352,212.2,10.672,-102.8,1.74,2.17,0.44,11.25,2.38,-0.04,0.0,0.03,140.63,200.0,65.07,65.07,58.0,58.0
1770324025732181697,76105,9.836,208.1,11.328,-154.4,1.89,2.83,0.44,11.25,2.81,-0.22,0.13,0.13,11896.95,189.0,62.32,67.08,58.0,58.0
1770324025859084810,76226,11.168,216.8,11.416,-149.7,1.95,2.05,0.19,11.25,3.56,0.0,0.21,-0.04,11900.73,184.0,61.24,65.42,58.0,58.0
1770324025982004320,76356,10.752,160.7,11.34,-141.4,3.2,3.4,-0.06,11.0,5.13,-0.08,-0.59,0.14,11912.73,169.0,55.06,62.83,58.0,58.0
1770324026104845103,76478,10.98,211.1,11.008,-193.9,3.2,3.52,-0.25,11.0,5.94,-0.01,0.0,0.11,11917.19,163.0,53.15,57.29,58.0,58.0
1770324026219524059,76599,10.648,197.1,11.056,-162.9,2.79,3.69,-0.12,11.0,6.13,-0.32,0.21,-0.18,11905.19,163.0,57.84,62.24,58.0,58.0
1770324026338315283,76715,9.804,207.7,11.052,-141.5,1.89,2.44,-0.25,11.06,6.44,-0.06,-0.04,-0.07,11900.04,163.0,62.63,64.72,60.0,58.0
1770324026440679044,76835,10.692,175.2,10.676,-143.3,1.72,3.32,-0.5,10.94,6.69,-0.23,-0.15,0.05,179.9,163.0,62.24,64.07,60.0,58.0
1770324026559470453,76935,10.532,212.5,10.54,-100.6,2.09,2.42,-0.5,10.69,6.69,-0.16,0.03,-0.11,11898.84,159.0,64.0,65.44,60.0,58.0
1770324026682361408,77056,10.836,162.3,11.372,-136.9,1.8,1.91,-0.5,10.56,6.75,-0.01,-0.11,0.0,11901.93,168.0,61.94,65.42,60.0,58.0
1770324026801138335,77176,10.04,183.7,10.984,-148.3,1.78,3.57,-0.63,10.56,6.75,0.16,-0.11,-0.23,11908.45,162.0,60.54,61.94,60.0,58.0
1770324026924004253,77297,10.468,226.7,11.396,-157.1,2.17,2.73,-0.75,10.25,6.69,-0.11,-0.4,-0.51,11917.19,167.0,56.14,59.64,60.0,58.0
1770324027046891120,77421,10.396,276.8,10.86,-214.6,4.08,3.55,-0.81,9.94,6.56,-0.17,0.24,0.09,11919.94,165.0,51.87,58.61,60.0,58.0
1770324027165677868,77544,9.832,234.6,11.064,-161.7,3.34,3.79,-0.81,9.88,6.44,-0.18,0.26,0.06,11907.42,165.0,55.42,61.89,60.0,60.0
1770324027284427615,77661,10.316,211.6,11.256,-143.9,3.26,2.17,-0.81,10.0,6.44,0.09,0.0,-0.03,11900.38,165.0,58.46,66.11,60.0,60.0
1770324027407249796,77782,10.836,194.9,9.952,-115.2,2.42,3.42,-0.88,9.88,6.31,0.08,-0.1,-0.06,11899.53,171.0,61.24,66.81,60.0,60.0
1770324027530210607,77904,10.812,185.1,10.808,-104.9,2.27,3.54,-0.94,9.63,6.13,0.17,-0.35,-0.06,11890.27,175.0,62.47,69.27,60.0,60.0
1770324027628527578,78025,10.308,171.6,10.892,-112.3,2.62,3.24,-1.25,9.0,5.56,0.03,-0.12,0.08,202.54,175.0,61.75,67.36,60.0,60.0
1770324027751399018,78126,9.668,227.8,11.36,-134.3,2.05,3.26,-1.44,8.31,4.94,-0.22,0.25,-0.01,11903.64,179.0,61.72,64.11,60.0,60.0
1770324027874248699,78247,10.716,242.4,11.344,-163.7,1.99,2.99,-1.69,8.44,4.69,-0.18,-0.28,-0.38,11905.53,180.0,62.63,59.15,60.0,60.0
1770324027997145788,78371,10.572,286.7,9.668,-66.8,1.58,4.45,-2.19,9.19,4.56,0.09,-0.28,0.28,11905.53,181.0,68.59,52.97,60.0,60.0
1770324028111829321,78491,9.748,312.2,11.18,-94.9,1.25,3.13,-2.81,9.63,4.25,0.07,0.1,0.17,11897.98,181.0,68.23,58.8,60.0,60.0
1770324028234700787,78608,10.804,221.0,11.14,-65.6,1.45,3.77,-3.38,9.94,3.88,0.03,-0.07,0.1,11894.21,179.0,70.87,61.75,60.0,60.0
1770324028353464248,78729,10.248,221.0,10.616,-64.2,1.66,3.75,-4.13,10.13,3.63,0.25,0.09,-0.29,11894.55,184.0,68.2,63.33,62.0,60.0
1770324028480411830,78850,11.004,188.8,11.296,-90.4,1.7,3.38,-4.56,10.13,3.38,0.0,-0.23,-0.09,11894.04,185.0,67.5,64.02,62.0,60.0
1770324028595138526,78976,10.004,171.4,9.904,-146.8,1.95,2.75,-4.94,10.19,3.38,0.35,0.11,0.01,11908.27,185.0,58.24,65.96,62.0,60.0
1770324028713874893,79090,10.808,252.0,10.908,2.4,-1.21,3.81,-5.06,10.0,3.38,-0.72,-0.3,-0.16,12013.75,186.0,6.32,37.89,62.0,60.0
1770324029190061321,79211,11.044,18.5,10.1,-0.3,0.02,1.27,-5.5,9.94,3.31,-0.06,-0.03,-0.05,12048.9,184.0,4.14,0.0,62.0,60.0
1770324029201657534,79337,11.18,16.2,11.004,-0.9,-0.37,1.23,-5.5,9.94,3.31,0.0,-0.02,0.0,12052.85,188.0,0.66,0.0,62.0,60.0
1770324029213732286,79462,9.684,17.7,11.568,-0.5,-0.51,1.31,-5.5,9.94,3.31,-0.01,0.0,0.0,194.82,188.0,0.0,62.0,60.0,
1770324029279152407,79562,9.76,17.0,11.608,-1.1,-0.43,1.39,-5.5,9.94,3.31,0.0,-0.01,0.0,12056.79,187.0,0.0,62.0,60.0,
1770324029307798621,79683,10.984,16.3,11.628,-1.1,-0.55,1.23,-5.5,9.94,3.31,-0.02,-0.02,-0.01,12053.71,188.0,0.0,62.0,60.0,
1770324029410183854,79804,11.104,16.1,11.532,-0.8,-0.47,1.17,-5.5,9.94,3.31,-0.01,-0.01,-0.02,195.0,188.0,0.0,62.0,60.0,
1770324029508509213,79904,11.008,15.8,11.616,-1.1,-0.55,1.27,-5.5,9.94,3.31,-0.02,-0.02,-0.02,199.11,187.0,0.0,62.0,60.0,
1770324029610921261,80005,9.872,16.2,11.644,0.0,-0.45,1.31,-5.5,9.94,3.31,-0.03,-0.01,-0.02,194.82,187.0,0.0,62.0,60.0,
1770324029709219083,80105,11.324,16.9,11.192,-0.8,-0.35,1.37,-5.5,9.94,3.31,0.0,-0.02,-0.02,194.82,191.0,0.0,62.0,60.0,
1770324029811619798,80205,9.48,16.2,10.536,-0.7,-0.49,1.21,-5.5,9.94,3.31,-0.02,-0.01,-0.02,194.82,190.0,0.0,62.0,60.0,
1770324029950060193,80305,10.552,16.8,11.656,-0.8,-0.35,1.29,-5.5,9.94,3.31,0.0,0.0,-0.03,195.0,190.0,0.0,62.0,60.0,
1770324030012331871,80405,11.452,16.5,11.628,0.1,-0.55,1.45,-5.5,9.94,3.31,-0.01,-0.01,-0.02,195.0,187.0,0.0,62.0,60.0,
1770324030110621066,80505,9.692,16.1,11.604,-1.2,-0.27,1.17,-5.5,9.94,3.31,-0.02,-0.02,-0.03,194.82,188.0,0.0,62.0,60.0,
1770324030229395034,80605,10.02,16.6,11.536,-1.8,-0.39,1.29,-5.5,9.94,3.31,-0.01,-0.01,-0.03,12054.91,186.0,0.0,62.0,60.0,
1770324030348207577,80724,11.092,16.7,10.964,-0.3,-0.43,1.31,-5.5,9.94,3.31,0.0,0.0,-0.01,12056.28,186.0,0.0,62.0,60.0,
1770324030446446105,80842,11.06,17.4,11.036,-1.2,-0.31,1.35,-5.5,9.94,3.31,-0.01,-0.01,0.0,194.82,192.0,0.0,62.0,60.0,
1770324030569347187,80943,9.724,18.2,11.628,-0.5,-0.33,1.35,-5.5,9.94,3.31,-0.02,0.0,0.0,12055.25,188.0,0.0,62.0,60.0,
1770324030671774551,81063,11.084,18.0,11.62,-1.6,-0.35,1.31,-5.5,9.94,3.31,0.0,0.0,-0.01,215.4,188.0,0.0,62.0,60.0,
1770324030790543797,81164,9.808,16.7,11.22,-0.6,-0.53,1.15,-5.5,9.94,3.31,-0.01,0.0,-0.03,12056.28,190.0,0.0,62.0,60.0,
1770324030913406972,81285,9.576,18.2,11.612,-0.8,-0.33,1.29,-5.5,9.94,3.31,-0.02,0.0,0.0,12054.73,191.0,0.0,62.0,60.0,
1770324031032186152,81408,10.432,17.3,11.604,-0.9,-0.41,1.33,-5.5,9.94,3.31,0.0,-0.01,0.0,12051.3,185.0,0.0,62.0,60.0,
1770324031134582410,81527,9.44,15.8,11.592,-0.2,-0.49,1.27,-5.5,9.94,3.31,-0.01,-0.01,0.0,216.6,185.0,0.0,62.0,60.0,
1770324031232883925,81628,10.3,16.4,11.5,-0.4,-0.45,1.19,-5.5,9.94,3.31,-0.02,-0.03,0.05,215.4,187.0,0.0,62.0,60.0,
1770324031359821209,81728,10.52,17.2,11.692,-0.3,-0.31,1.19,-5.5,9.94,3.31,0.0,-0.01,0.0,12050.45,193.0,0.0,62.0,60.0,
1770324031458128354,81852,9.996,16.2,11.132,-1.1,-0.37,1.25,-5.5,9.94,3.31,-0.02,-0.01,-0.02,216.43,193.0,0.0,62.0,60.0,
1770324031576907172,81951,9.716,15.9,11.292,-0.8,-0.53,1.33,-5.5,9.94,3.31,0.0,-0.02,0.01,12054.73,190.0,0.0,62.0,60.0,
1770324031679333189,82072,9.68,16.1,11.592,-0.7,-0.43,1.21,-5.5,9.94,3.31,0.0,-0.02,-0.02,215.4,186.0,0.0,62.0,60.0,
1770324031802218231,82172,11.2,15.6,11.532,-1.3,-0.55,1.45,-5.5,9.94,3.31,0.0,-0.01,-0.02,12051.65,190.0,0.0,62.0,60.0,
1770324031900517968,82294,11.172,17.7,11.536,-1.4,-0.45,1.25,-5.5,9.94,3.31,-0.02,-0.03,-0.02,220.72,190.0,0.0,62.0,60.0,
1770324032019224727,82395,11.052,16.6,11.648,-1.3,-0.49,1.29,-5.5,9.94,3.31,-0.02,0.0,0.0,12053.36,191.0,0.0,62.0,60.0,
1770324032121694416,82514,9.84,17.2,11.364,-0.3,-0.41,1.21,-5.5,9.94,3.31,0.0,-0.02,0.0,194.48,191.0,0.0,62.0,60.0,
1770324032514037464,82615,9.584,17.2,11.628,-1.1,-0.47,1.21,-5.5,9.94,3.31,-0.02,-0.02,0.01,194.82,189.0,0.0,62.0,60.0,
1770324032523110320,82715,9.812,16.9,11.472,-0.9,-0.57,1.31,-5.5,9.94,3.31,-0.01,0.0,0.0,194.82,184.0,0.0,62.0,60.0,
1770324032531491895,82816,11.384,16.2,9.844,-0.9,-0.39,1.07,-5.5,9.94,3.31,0.0,0.0,0.0,194.82,184.0,0.0,62.0,60.0,
1770324032544345139,82916,11.484,17.0,11.668,-1.2,-0.45,1.25,-5.5,9.94,3.31,0.0,-0.02,0.0,194.82,191.0,0.0,62.0,60.0,
1770324032621362898,83016,10.708,16.2,10.944,-0.8,-0.39,1.31,-5.5,9.94,3.31,-0.02,0.0,-0.02,193.97,188.0,0.0,62.0,60.0,
1770324032723779994,83117,9.604,16.6,11.524,-1.0,-0.33,1.31,-5.5,9.94,3.31,0.0,-0.02,-0.02,199.11,188.0,0.0,62.0,60.0,
1770324032826240591,83217,9.516,16.2,11.412,-1.3,-0.35,1.31,-5.5,9.94,3.31,-0.01,-0.02,-0.01,194.82,188.0,0.0,62.0,60.0,
1770324032942046638,83317,9.768,16.9,11.176,-0.9,-0.45,1.25,-5.5,9.94,3.31,-0.01,0.0,0.0,193.97,186.0,0.0,62.0,60.0,
1770324033022737765,83418,11.12,16.8,11.244,-1.0,-0.45,1.37,-5.5,9.94,3.31,-0.03,-0.01,-0.02,194.82,186.0,0.0,62.0,60.0,
1770324033141531606,83518,10.092,17.1,11.316,-1.0,-0.37,1.27,-5.5,9.94,3.31,-0.02,0.0,0.0,12051.99,187.0,0.0,62.0,60.0,
1770324033243975748,83637,10.364,16.3,11.64,-1.0,-0.53,1.37,-5.5,9.94,3.31,-0.04,-0.02,-0.02,194.82,191.0,0.0,62.0,60.0,
1770324033346318018,83737,11.388,17.0,10.428,-1.0,-0.31,1.31,-5.5,9.94,3.31,-0.01,0.0,0.0,194.82,191.0,0.0,62.0,60.0,
1770324033444675531,83837,10.328,17.7,11.668,-1.2,-0.35,1.23,-5.5,9.94,3.31,-0.02,-0.01,-0.02,194.82,187.0,0.0,62.0,60.0,
1770324033542938988,83937,9.904,16.3,11.488,-0.9,-0.57,1.33,-5.5,9.94,3.31,-0.02,-0.02,-0.03,194.82,187.0,0.0,62.0,60.0,
1770324033645400649,84037,10.644,15.9,11.624,-1.0,-0.31,1.33,-5.5,9.94,3.31,0.0,-0.02,0.0,194.82,188.0,0.0,62.0,60.0,
1770324033743669217,84137,11.16,16.4,11.596,-1.0,-0.35,1.33,-5.5,9.94,3.31,-0.01,0.0,-0.03,194.82,187.0,0.0,62.0,60.0,
1770324033862428132,84237,10.008,16.7,11.056,-0.9,-0.49,1.35,-5.5,9.94,3.31,-0.01,-0.03,-0.04,12052.33,187.0,0.0,62.0,60.0,
1770324033964850347,84357,10.596,16.9,11.66,-0.8,-0.43,1.45,-5.5,9.94,3.31,-0.02,-0.01,0.0,193.8,187.0,0.0,62.0,60.0,
1770324034063134660,84457,11.572,17.3,11.608,-0.8,-0.37,1.23,-5.5,9.94,3.31,-0.01,0.0,-0.03,198.94,190.0,0.0,62.0,60.0,
1770324034171537187,84556,11.316,16.7,11.06,-0.9,-0.51,1.27,-5.5,9.94,3.31,-0.03,-0.02,-0.01,220.72,190.0,0.0,62.0,60.0,
1770324034263837871,84656,11.18,16.2,11.664,-0.9,-0.49,1.31,-5.5,9.94,3.31,0.1,0.0,-0.05,220.55,189.0,0.0,62.0,60.0,
1770324034362126987,84756,11.216,17.4,11.608,0.3,-0.49,1.25,-5.5,9.94,3.31,-0.02,0.03,0.0,220.72,187.0,0.0,62.0,60.0,
1770324034464500750,84856,10.84,16.0,11.572,-0.2,-0.31,1.19,-5.5,9.94,3.31,-0.05,0.0,0.11,194.82,187.0,0.0,62.0,60.0,
1770324034562770384,84957,10.264,16.6,11.276,-0.8,-0.27,1.11,-5.5,9.94,3.31,-0.03,-0.04,0.02,216.43,187.0,0.0,62.0,60.0,
1770324034689800745,85057,11.548,16.6,11.024,-0.1,-0.55,1.43,-5.63,10.06,3.19,-0.44,0.09,0.4,12046.67,186.0,0.0,1.49,62.0,60.0
1770324034982048916,85182,11.552,14.3,11.648,-1.1,-0.51,1.09,-8.06,12.38,2.38,0.37,1.28,1.49,12043.42,216.0,0.0,4.79,62.0,60.0
1770324035013381059,85302,11.492,12.2,11.664,-1.0,-0.49,1.0,-13.69,15.44,3.5,0.29,0.25,-0.18,12050.62,216.0,0.0,1.46,62.0,60.0
1770324035042048555,85416,10.0,16.1,11.62,-0.5,-0.39,1.27,-22.12,13.94,7.63,-0.36,-1.59,1.75,12052.16,257.0,0.0,62.0,60.0,
1770324035164934517,85535,9.86,15.6,11.128,-0.8,-0.35,1.09,-32.81,12.69,10.88,-1.02,-0.7,-0.03,12050.28,289.0,0.0,62.0,60.0,
1770324035267340365,85658,10.628,15.7,11.5,-0.7,-0.45,1.19,-46.5,12.44,11.56,-0.37,-0.82,-0.17,394.79,289.0,0.0,62.0,60.0,
1770324035365588493,85758,10.096,15.7,11.248,-0.9,-0.49,1.19,-57.44,12.69,9.63,-1.69,-0.51,0.32,448.82,351.0,0.0,62.0,60.0,
1770324035467975470,85858,10.912,16.1,11.512,-0.2,-0.43,1.23,-65.75,14.13,6.31,-0.85,1.08,-0.12,521.87,449.0,0.0,62.0,60.0,
1770324035566330210,85958,9.912,16.1,11.612,-0.8,-0.23,1.19,-71.81,14.44,3.44,-0.91,0.67,-0.47,578.98,449.0,0.0,62.0,60.0,
1770324035699249043,86059,11.14,15.4,11.464,0.5,-0.51,1.11,-76.75,13.75,2.06,-1.18,1.41,-2.12,12051.99,538.0,0.0,62.0,60.0,
1770324035812070411,86183,9.984,15.6,10.956,-1.0,-0.45,1.19,-80.06,13.19,0.56,-0.48,0.77,-1.65,12052.16,564.0,0.0,62.0,60.0,
1770324035930843172,86302,9.792,16.2,11.568,-1.2,-0.43,1.23,-81.0,14.69,2.31,-0.42,0.52,-2.47,12051.48,546.0,0.0,62.0,60.0,
1770324036029191060,86422,11.656,15.7,11.356,-1.0,-0.43,1.13,-83.5,13.44,4.44,-0.24,-0.59,-0.73,457.39,546.0,0.0,62.0,60.0,
1770324036138045443,86522,10.8,16.2,11.456,0.8,-0.35,1.19,-86.5,13.75,5.06,0.07,-1.48,0.65,391.88,456.0,0.0,62.0,60.0,
1770324036229882230,86622,10.892,16.1,10.8,-0.9,-0.51,1.19,-88.12,14.63,4.94,0.43,-0.72,0.75,333.22,456.0,0.0,62.0,60.0,
1770324036352712403,86722,10.888,16.8,11.536,-1.6,-0.41,1.19,-88.81,14.94,5.25,0.59,-1.02,1.37,12056.28,372.0,0.0,62.0,60.0,
1770324036471505896,86843,10.696,16.1,10.86,-1.0,-0.37,1.13,-89.87,14.63,5.06,-0.49,-0.48,0.27,12056.45,290.0,0.0,62.0,60.0,
1770324036569793131,86963,9.46,15.8,11.6,-0.6,-0.45,1.19,-92.06,13.31,5.25,-0.03,-0.94,0.09,242.67,265.0,0.0,62.0,60.0,
1770324036778045383,87063,11.696,16.5,11.6,-1.3,-0.35,1.25,-92.75,12.94,5.63,-0.31,-0.85,-0.24,12051.99,232.0,0.0,62.0,60.0,
1770324036803266360,87184,9.648,17.0,11.572,-0.3,-0.25,1.13,-92.31,12.5,5.88,0.01,-1.02,0.75,12054.91,232.0,0.0,62.0,60.0,
1770324036922052649,87294,9.724,15.9,11.42,-1.0,-0.43,1.23,-91.31,12.81,4.94,-0.06,0.01,0.33,12055.08,213.0,0.0,62.0,60.0,
1770324037040854283,87413,9.86,16.2,11.612,-0.6,-0.25,1.33,-90.62,13.75,6.13,-0.06,0.64,0.27,12055.42,204.0,0.0,62.0,60.0,
1770324037143234232,87533,11.16,17.5,11.488,-1.4,-0.41,1.11,-91.0,13.06,8.0,-0.34,-1.21,0.48,177.5,204.0,0.0,62.0,60.0,
1770324037241502316,87633,11.376,18.2,11.456,-0.6,-0.45,1.31,-91.12,12.75,8.25,-0.3,0.0,0.09,197.22,179.0,0.0,62.0,60.0,
1770324037339801067,87733,9.98,18.9,11.704,-0.6,-0.35,1.5,-91.12,12.88,8.31,0.0,-0.05,-0.2,205.11,179.0,0.0,62.0,60.0,
1770324037442194738,87833,11.508,18.6,11.028,-1.0,-0.39,1.39,-91.12,12.75,8.31,-0.15,-0.07,0.0,221.92,177.0,0.0,62.0,60.0,
1770324037540537118,87933,10.776,17.5,11.668,-0.8,-0.51,1.43,-91.12,12.69,8.38,-0.15,-0.06,-0.01,221.92,176.0,0.0,62.0,60.0,
1770324037642968012,88033,11.468,16.8,9.844,-0.5,-0.35,1.48,-91.12,12.69,8.38,-0.14,-0.07,0.0,226.21,176.0,0.0,62.0,60.0,
1770324037741223929,88133,10.912,18.9,11.512,-1.3,-0.41,1.41,-91.12,12.63,8.44,-0.13,-0.05,-0.03,217.8,172.0,0.0,62.0,60.0,
1770324037839484365,88233,10.776,18.6,11.688,-0.6,-0.51,1.31,-91.12,12.56,8.44,-0.13,-0.09,-0.04,230.32,176.0,0.0,62.0,60.0,
1770324037942017444,88333,10.756,17.2,11.728,-0.4,-0.51,1.39,-91.12,12.5,8.44,-0.15,-0.06,0.03,225.01,176.0,0.0,62.0,60.0,
1770324038044326596,88433,10.5,17.3,11.532,-1.0,-0.45,1.48,-91.12,12.5,8.5,-0.15,-0.05,0.0,233.41,174.0,0.0,62.0,60.0,
1770324038142632252,88534,10.776,17.5,11.728,-1.3,-0.39,1.33,-91.12,12.44,8.5,-0.12,-0.04,-0.02,221.92,174.0,0.0,62.0,60.0,
1770324038240930760,88633,11.528,18.0,10.284,0.0,-0.31,1.41,-91.12,12.44,8.5,-0.12,-0.04,-0.01,221.92,173.0,0.0,62.0,60.0,
1770324038343281762,88733,11.208,18.8,11.68,-0.5,-0.51,1.48,-91.12,12.38,8.5,-0.09,-0.04,-0.04,217.63,176.0,0.0,62.0,60.0,
1770324038441586752,88833,10.128,18.4,11.7,-1.6,-0.33,1.46,-91.12,12.38,8.5,-0.1,-0.04,-0.02,221.92,176.0,0.0,62.0,60.0,
1770324038544076014,88933,11.072,17.4,11.58,-0.3,-0.33,1.45,-91.12,12.38,8.5,-0.11,-0.03,-0.03,225.01,178.0,0.0,62.0,60.0,
1770324038662796622,89033,10.396,17.7,11.464,0.6,-0.41,1.33,-91.12,12.38,8.5,-0.11,-0.02,-0.01,12056.45,180.0,0.0,62.0,60.0,
1770324038761121889,89152,9.808,18.1,10.992,-1.1,-0.35,1.43,-91.12,12.38,8.5,-0.12,-0.04,-0.03,200.31,180.0,0.0,62.0,60.0,
1770324038870042763,89252,11.532,18.0,11.184,-1.0,-0.55,1.41,-91.12,12.38,8.5,-0.09,-0.04,0.0,200.31,178.0,0.0,62.0,60.0,
1770324038961805955,89352,10.32,18.6,11.68,-0.2,-0.43,1.29,-91.12,12.38,8.5,-0.12,-0.05,0.0,200.31,174.0,0.0,62.0,60.0,
1770324039074043974,89452,10.468,18.4,11.344,-0.6,-0.37,1.31,-91.12,12.38,8.5,-0.11,-0.05,0.0,200.31,174.0,0.0,62.0,60.0,
1770324039162500731,89552,10.316,18.7,11.232,-1.5,-0.31,1.39,-91.12,12.38,8.5,-0.1,-0.04,0.03,200.31,175.0,0.0,62.0,60.0,
1770324039281267039,89652,10.616,18.9,11.612,-0.2,-0.55,1.45,-91.12,12.38,8.5,-0.1,-0.05,0.01,12055.25,174.0,0.0,62.0,60.0,
1770324039379615176,89771,10.752,18.6,11.66,-1.2,-0.45,1.37,-91.12,12.38,8.5,-0.1,-0.05,0.03,230.5,174.0,0.0,62.0,60.0,
1770324039477824535,89870,10.964,19.2,11.048,-0.9,-0.31,1.43,-91.12,12.38,8.5,-0.09,-0.03,-0.03,196.2,175.0,0.0,62.0,60.0,
1770324039600749540,89970,10.716,18.4,11.736,-1.0,-0.45,1.43,-91.12,12.38,8.5,-0.1,-0.03,-0.01,12056.11,175.0,0.0,62.0,60.0,
1770324039699070047,90090,9.796,18.2,11.668,-0.8,-0.43,1.41,-91.12,12.38,8.5,-0.09,-0.03,-0.03,217.8,175.0,0.0,62.0,60.0,
1770324039807392250,90190,10.844,19.2,10.556,-0.8,-0.47,1.41,-91.12,12.38,8.5,-0.12,-0.05,0.0,221.92,179.0,0.0,62.0,60.0,
1770324039899757759,90290,10.64,18.7,11.512,-0.9,-0.51,1.39,-91.12,12.38,8.5,-0.1,-0.05,-0.02,220.89,176.0,0.0,62.0,60.0,
1770324040010047838,90390,10.132,18.7,11.432,-4.2,-0.74,1.41,-91.12,12.38,8.5,-0.12,-0.04,0.0,221.92,176.0,0.88,0.0,62.0,60.0
1770324040120930602,90490,10.216,17.2,11.688,-2.9,-0.33,1.39,-91.12,12.38,8.5,-0.14,-0.04,-0.01,12054.91,176.0,4.33,0.0,62.0,60.0
1770324040223303288,90612,11.156,18.0,11.328,-3.3,-0.57,1.33,-91.12,12.38,8.5,-0.11,-0.05,-0.03,226.21,173.0,0.0,62.0,60.0,
1770324040321575370,90713,10.7,5.2,11.436,-2.8,-0.68,0.0,-91.12,12.38,8.5,-0.09,-0.04,-0.03,221.92,173.0,0.0,62.0,60.0,
1770324040423987556,90813,10.6,16.6,10.836,-2.8,-0.64,1.39,-91.12,12.38,8.5,-0.11,-0.05,0.0,209.4,178.0,0.0,62.0,60.0,
1770324040522339157,90913,11.108,15.5,11.216,-2.9,-0.72,1.41,-91.12,12.38,8.5,-0.14,-0.06,0.0,220.89,178.0,0.0,62.0,60.0,
1770324040624741399,91014,9.844,15.0,11.392,-3.2,-0.53,1.13,-91.12,12.38,8.5,-0.11,-0.02,-0.01,233.58,178.0,0.0,62.0,60.0,
1770324040722985037,91114,9.56,19.1,11.728,0.8,-0.18,1.35,-91.12,12.38,8.5,-0.1,-0.04,-0.06,196.02,178.0,0.79,0.0,62.0,60.0
1770324040825413278,91214,11.076,18.3,11.464,0.1,-0.06,1.37,-91.12,12.38,8.5,-0.11,-0.03,-0.01,196.2,176.0,0.0,62.0,60.0,
1770324040923694194,91315,10.544,13.0,11.696,0.8,0.0,1.02,-91.12,12.38,8.5,-0.1,-0.05,0.0,216.6,176.0,0.0,62.0,60.0,
1770324041046588652,91415,9.772,13.7,11.7,0.1,0.06,1.11,-91.12,12.38,8.5,-0.1,-0.04,-0.01,12055.25,175.0,0.48,0.0,62.0,60.0
1770324041144900681,91535,9.548,15.8,11.56,-10.6,0.51,1.15,-91.12,12.38,8.5,-0.08,-0.01,0.0,196.02,179.0,8.42,0.0,62.0,60.0
1770324041247287460,91635,11.152,13.8,11.18,-33.2,1.46,1.07,-91.12,12.44,8.5,-0.38,0.41,-0.83,164.81,179.0,13.3,0.0,62.0,60.0
1770324041345587192,91735,10.484,14.3,11.632,-53.1,2.83,1.15,-91.0,12.88,8.5,0.3,-0.23,0.0,171.33,175.0,8.74,0.0,62.0,60.0
1770324041443858184,91835,9.792,33.0,11.528,-67.4,3.46,1.56,-90.94,12.94,8.5,0.15,-0.17,0.0,179.9,175.0,3.62,4.53,62.0,60.0
1770324041546287482,91934,10.592,64.1,11.044,-60.7,3.32,2.36,-91.0,12.94,8.56,-0.47,-0.02,0.38,185.91,176.0,2.36,14.17,62.0,60.0
1770324041644607548,92035,11.124,87.0,11.128,-61.6,2.73,2.03,-91.0,12.81,8.69,-0.1,-0.04,-0.07,182.82,175.0,3.37,24.42,62.0,60.0
1770324041746989957,92135,11.284,87.4,11.432,-84.9,2.73,2.42,-90.94,12.88,8.81,-0.21,0.07,0.0,163.44,175.0,10.64,26.59,62.0,60.0
1770324041845294356,92235,10.84,138.8,11.216,-85.9,3.59,3.09,-90.87,13.0,8.81,-0.06,0.0,-0.03,176.82,172.0,14.44,24.86,62.0,60.0
1770324041947684635,92336,10.608,154.0,11.212,-89.5,3.38,3.55,-90.81,13.13,8.81,0.13,0.1,-0.03,183.16,174.0,17.99,31.07,62.0,60.0
1770324042070592018,92436,10.492,196.1,11.264,-96.7,2.87,3.38,-90.87,13.0,8.81,-0.02,0.1,0.19,11964.87,170.0,20.93,45.84,62.0,62.0
1770324042195264538,92562,10.756,137.5,11.32,-83.5,3.09,1.8,-91.0,12.75,9.0,-0.09,-0.13,-0.01,11956.46,170.0,20.69,59.23,62.0,62.0
1770324042308142475,92677,10.74,147.5,10.904,-125.4,3.01,1.52,-90.81,12.63,9.06,-0.17,-0.03,-0.04,11957.67,167.0,22.27,57.76,62.0,62.0
1770324042439145603,92797,11.084,141.3,11.408,-130.7,4.14,2.6,-90.62,12.56,9.0,-0.05,-0.01,-0.03,11950.81,169.0,28.99,55.91,62.0,62.0
1770324042650049051,92926,10.516,167.1,11.496,-146.7,2.87,1.97,-90.37,12.56,8.81,0.06,-0.07,-0.31,179.9,169.0,33.36,55.61,62.0,62.0
1770324042661608338,93026,10.4,114.3,11.264,-129.1,2.77,2.05,-90.12,12.56,8.56,-0.08,0.1,0.01,161.72,167.0,34.82,62.34,62.0,62.0
1770324042758691422,93126,10.78,158.2,11.484,-127.7,2.64,1.66,-89.87,12.56,8.38,-0.06,0.05,-0.15,11925.94,169.0,37.92,66.48,62.0,62.0
1770324042877440002,93246,9.904,236.6,11.2,-121.4,2.52,3.07,-89.75,12.38,8.19,-0.41,0.14,0.23,11929.03,168.0,39.3,64.56,62.0,62.0
1770324042975731700,93366,11.012,300.0,11.236,-123.6,2.5,3.42,-90.44,11.94,8.13,-0.16,-0.02,0.03,201.34,168.0,39.3,67.36,62.0,62.0
1770324043186059676,93466,10.484,241.0,11.308,-136.2,3.42,2.25,-91.12,11.5,8.06,-0.06,-0.06,-0.28,11904.84,169.0,41.15,76.55,62.0,62.0
1770324043201025043,93589,10.464,167.4,10.824,-147.7,3.05,1.72,-91.75,11.19,7.88,-0.12,-0.1,0.07,187.45,167.0,43.72,80.97,62.0,62.0
1770324043299297764,93689,10.352,198.9,11.476,-134.3,2.23,1.97,-92.19,10.88,7.75,-0.27,-0.21,0.0,171.16,167.0,49.27,80.62,62.0,62.0
1770324043401749864,93790,9.956,169.3,11.424,-144.5,3.34,2.3,-92.37,10.69,7.5,-0.24,-0.05,0.14,166.53,168.0,55.61,78.64,62.0,62.0
1770324043499983065,93890,10.7,217.8,11.184,-146.2,2.97,2.46,-92.5,10.44,7.25,-0.01,-0.03,0.37,181.79,168.0,57.33,76.14,62.0,62.0
1770324043622052432,93990,10.728,231.4,11.124,-137.1,3.16,2.42,-92.69,10.0,6.94,-0.06,0.0,-0.31,174.07,170.0,59.02,73.19,62.0,62.0
1770324043721187783,94090,10.432,258.3,11.26,-225.6,3.77,3.32,-92.87,9.63,6.63,-0.15,-0.13,0.13,11907.07,174.0,54.49,71.33,62.0,62.0
1770324043844037799,94212,10.876,268.9,10.712,-204.2,3.4,3.34,-93.06,9.5,6.25,-0.27,0.19,-0.15,11894.21,176.0,56.82,71.88,62.0,64.0
1770324043958750871,94334,10.228,202.2,11.26,-126.1,2.7,2.29,-93.31,9.44,5.81,0.08,0.09,0.11,9830.89,176.0,61.8,74.93,62.0,64.0
1770324044073430841,94447,10.04,173.0,11.284,-122.7,1.84,2.54,-94.0,9.38,5.56,-0.27,0.36,-0.7,11890.27,176.0,62.8,74.21,64.0,64.0
1770324044171712807,94562,10.628,192.3,11.392,-133.9,1.91,2.46,-94.75,9.06,5.31,-0.02,-0.2,0.0,184.53,178.0,64.39,74.3,64.0,64.0
1770324044274143337,94662,9.5,222.1,11.46,-135.6,1.8,3.13,-95.25,8.75,5.13,-0.18,-0.04,0.15,168.24,178.0,63.82,72.68,64.0,64.0
1770324044372453062,94761,11.164,254.2,11.456,-141.6,1.7,3.01,-95.69,8.5,4.88,-0.1,-0.06,0.01,195.34,180.0,64.35,69.11,64.0,64.0
1770324044474799407,94862,10.66,182.7,11.46,-125.8,2.77,3.16,-96.12,8.31,4.69,-0.06,-0.07,0.14,193.97,184.0,62.09,66.34,64.0,64.0
1770324044573133206,94962,10.688,268.6,11.124,-143.1,2.4,3.3,-96.5,8.25,4.69,-0.23,-0.27,0.28,186.59,184.0,58.77,60.52,64.0,64.0
1770324044675532403,95063,10.472,213.7,11.004,-137.4,1.8,3.4,-96.81,8.38,4.56,-0.15,-0.02,0.21,190.36,182.0,61.75,57.74,64.0,64.0
1770324044794269004,95163,9.636,192.1,11.452,-135.0,2.21,2.66,-97.12,8.75,4.38,-0.03,-0.01,-0.27,11907.42,191.0,61.06,59.58,64.0,64.0
1770324044917183725,95285,10.648,170.6,11.036,-126.8,2.44,3.13,-97.75,9.38,4.25,0.15,0.0,0.04,11911.19,192.0,62.63,56.37,64.0,64.0
1770324045019585494,95406,10.792,180.1,11.528,-136.5,1.93,2.27,-98.06,9.44,4.25,0.01,-0.04,-0.19,189.68,192.0,63.62,52.39,64.0,64.0
1770324045140160547,95506,11.028,137.6,10.692,-111.7,2.23,2.19,-98.19,9.56,4.31,-0.08,0.11,0.04,11910.85,188.0,63.63,55.98,64.0,64.0
1770324045261240933,95627,10.264,129.3,11.172,-150.6,2.17,2.77,-98.37,9.63,4.38,-0.41,0.09,-0.03,11913.76,190.0,62.12,55.91,64.0,64.0
1770324045384065009,95748,10.988,122.0,11.172,-131.1,2.68,2.32,-98.56,9.94,4.44,0.04,0.02,0.16,11919.94,193.0,59.85,52.19,64.0,64.0
1770324045502834817,95872,11.044,152.4,11.04,-119.9,2.66,2.93,-98.81,10.19,4.5,-0.26,-0.07,0.16,11923.19,197.0,61.12,48.21,64.0,64.0
1770324045617553135,95992,10.612,214.9,10.06,-88.7,2.09,4.0,-99.12,10.75,4.5,0.14,-0.1,0.26,11930.4,197.0,65.0,39.89,64.0,64.0
1770324045740469803,96107,9.26,258.9,10.784,-103.4,2.6,3.91,-99.56,11.13,4.38,-0.35,-0.06,0.09,11930.91,195.0,63.86,37.89,64.0,64.0
1770324045867424664,96228,10.584,251.8,11.208,-119.5,1.68,3.69,-100.31,11.69,4.25,0.16,0.26,-0.13,11924.91,198.0,63.83,40.07,64.0,66.0
1770324046062043578,96354,11.056,150.9,11.496,-95.2,1.78,2.34,-100.62,12.25,4.13,-0.05,0.0,0.38,11928.34,197.0,64.35,41.08,66.0,66.0
1770324046100878502,96475,10.82,110.2,11.244,-126.1,1.93,2.68,-100.69,12.63,4.13,-0.03,0.03,-0.05,11933.48,197.0,61.7,37.75,66.0,66.0
1770324046223770062,96589,10.308,99.0,11.468,-114.0,2.97,2.25,-100.75,12.75,4.19,-0.18,0.04,0.11,11941.2,198.0,60.93,35.6,66.0,66.0
1770324046346622511,96712,9.312,100.0,11.108,-157.9,2.4,2.48,-100.62,12.88,4.31,-0.02,0.03,-0.26,11944.8,198.0,58.02,34.67,66.0,66.0
1770324046469518108,96836,10.728,112.2,10.832,-208.6,2.79,1.88,-100.19,12.94,4.31,0.02,0.0,-0.2,11941.89,198.0,56.59,34.36,66.0,66.0
1770324046584247265,96957,9.728,85.0,11.032,-185.7,3.01,2.13,-99.69,13.06,4.25,-0.04,-0.04,0.07,11944.8,198.0,56.38,35.15,66.0,66.0
1770324046686609213,97073,9.696,79.8,11.156,-167.4,2.4,1.88,-99.5,13.44,4.19,-0.07,-0.07,-0.06,179.39,196.0,56.14,36.32,66.0,66.0
1770324046784914598,97173,10.652,89.0,11.456,-154.8,2.81,2.36,-99.69,13.75,4.19,0.07,0.07,0.11,180.76,196.0,58.5,37.23,66.0,66.0
1770324046883188354,97272,10.212,121.7,11.34,-185.5,2.89,2.5,-99.62,13.94,4.19,-0.03,0.1,-0.07,182.99,194.0,58.78,41.31,66.0,66.0
1770324047010051847,97372,10.108,116.8,11.032,-177.1,2.15,2.56,-99.37,13.94,4.13,-0.02,0.0,-0.04,195.0,193.0,59.54,43.38,66.0,66.0
1770324047083906253,97472,10.332,127.3,11.272,-186.8,2.25,2.34,-99.0,13.88,4.06,0.07,0.11,-0.11,182.99,193.0,58.85,40.74,66.0,66.0
1770324047182212034,97571,11.324,156.8,11.244,-149.9,2.42,3.42,-98.44,13.81,3.94,0.04,-0.09,-0.07,182.3,191.0,56.66,36.99,66.0,66.0
1770324047284608396,97671,11.004,176.1,10.444,-154.9,2.66,2.77,-97.75,13.75,3.94,0.01,-0.01,0.0,144.92,191.0,54.92,35.7,66.0,66.0
1770324047403339787,97770,11.196,153.9,11.332,-196.4,3.48,2.66,-97.0,13.81,3.75,0.09,-0.07,-0.03,11936.06,193.0,54.06,40.19,66.0,66.0
1770324047505760446,97891,10.088,111.6,11.34,-180.4,3.14,2.34,-96.19,13.81,3.56,-0.16,0.0,0.01,181.28,191.0,56.68,46.96,66.0,66.0
1770324047604071857,97991,10.672,122.1,11.0,-194.2,3.44,2.17,-95.75,13.94,3.5,0.0,-0.11,-0.02,190.54,191.0,53.18,45.2,66.0,66.0
1770324047731047873,98092,10.2,104.3,11.216,-262.2,4.32,2.07,-95.62,14.06,3.5,-0.05,-0.05,0.02,11941.2,199.0,49.0,44.72,66.0,66.0
1770324047829344062,98217,10.216,132.9,11.06,-177.9,3.2,2.3,-95.37,14.13,3.44,-0.07,-0.12,0.0,230.15,203.0,53.02,43.66,66.0,66.0
1770324048026042733,98317,10.672,104.3,11.004,-167.6,3.61,2.52,-95.19,14.06,3.44,0.03,-0.02,0.13,11929.88,199.0,54.98,45.57,66.0,66.0
1770324048075090017,98439,10.864,115.0,11.368,-160.6,2.6,2.27,-95.06,13.88,3.5,0.14,0.12,0.03,11918.39,200.0,59.15,50.11,68.0,66.0
1770324048189767370,98561,10.904,88.5,11.18,-137.2,2.87,2.07,-95.0,13.69,3.56,0.15,-0.04,-0.3,11923.19,200.0,58.8,50.09,68.0,66.0
1770324048312672606,98678,10.832,108.8,11.156,-151.0,2.38,2.46,-94.69,13.44,3.63,-0.15,-0.12,-0.55,11929.71,203.0,60.05,47.62,68.0,66.0
1770324048410921191,98798,11.044,178.9,11.152,-139.8,2.21,3.11,-94.12,13.38,3.69,-0.13,-0.05,0.18,197.05,201.0,55.61,41.31,68.0,66.0
1770324048509198592,98898,10.344,154.2,11.224,-196.4,3.03,3.71,-93.5,13.25,3.69,0.26,-0.09,-0.05,185.22,201.0,54.95,39.89,68.0,66.0
1770324048636230742,98998,10.912,187.6,11.14,-178.5,2.46,3.03,-92.75,13.06,3.69,-0.23,0.12,-0.19,11938.12,204.0,53.54,42.83,68.0,66.0
1770324048734589841,99121,11.068,147.8,10.948,-247.6,4.45,3.11,-92.19,13.06,3.81,0.01,-0.05,0.12,200.48,202.0,45.93,45.93,68.0,66.0
1770324048863363631,99221,10.576,125.5,10.32,-225.5,3.42,2.25,-92.06,13.25,3.75,-0.04,0.03,-0.26,11922.34,205.0,50.03,53.99,68.0,68.0
1770324048972109223,99342,10.548,138.1,11.236,-188.8,3.01,3.01,-92.12,13.5,3.81,0.07,0.08,-0.07,11911.53,205.0,55.89,60.36,68.0,68.0
1770324049070468713,99457,10.72,158.3,11.436,-152.3,3.03,3.05,-92.19,13.5,3.81,0.1,0.12,0.13,197.74,205.0,59.44,62.74,68.0,68.0
1770324049193430466,99557,10.752,180.1,11.48,-132.5,2.68,2.07,-92.25,13.31,4.0,-0.07,-0.09,0.17,11900.04,205.0,60.08,63.52,68.0,68.0
1770324049316398575,99679,10.168,140.2,11.272,-134.5,2.56,2.23,-92.25,13.06,4.13,-0.22,0.0,-0.1,11903.13,202.0,62.63,64.72,68.0,68.0
1770324049431119331,99801,9.536,163.6,10.904,-127.0,2.17,3.01,-92.19,13.0,4.19,-0.09,-0.08,-0.09,11901.76,202.0,61.7,61.7,68.0,68.0
1770324049554110495,99916,9.544,234.9,11.216,-112.6,2.79,2.58,-92.06,13.0,4.13,0.2,-0.14,-0.15,11907.76,201.0,59.36,63.5,68.0,68.0
1770324049656623044,100041,10.292,205.5,11.368,-118.7,2.95,2.56,-91.69,12.88,4.19,-0.29,0.04,0.21,211.8,201.0,58.43,61.86,68.0,68.0
1770324049759084018,100142,11.084,187.5,11.156,-216.9,3.42,2.29,-91.44,12.94,4.25,-0.1,-0.1,-0.06,9329.94,201.0,55.61,64.61,68.0,68.0
1770324049867508492,100245,10.508,199.7,11.352,-211.7,3.36,2.42,-91.31,13.25,4.25,0.0,-0.06,-0.19,3886.19,206.0,51.46,63.15,68.0,68.0
1770324049980479343,100344,10.268,230.1,11.452,-194.8,2.91,3.16,-91.31,13.31,4.19,-0.11,-0.09,-0.31,11903.47,207.0,56.9,65.43,68.0,68.0
1770324050099285177,100464,10.492,217.9,11.26,-136.8,2.48,3.36,-91.06,13.06,4.38,0.06,-0.06,0.26,11898.84,207.0,59.09,68.69,70.0,68.0
1770324050222266515,100583,10.344,184.8,10.888,-142.2,2.46,2.52,-90.19,12.63,4.56,-0.18,0.13,-0.01,11897.13,205.0,59.48,70.17,70.0,68.0
1770324050341076337,100707,11.108,210.6,11.348,-115.1,2.7,2.75,-89.5,11.81,4.63,-0.07,0.09,-0.08,11894.73,204.0,61.94,69.59,70.0,68.0
1770324050443580222,100828,10.588,294.6,10.2,-106.4,1.62,3.98,-89.5,11.13,4.75,-0.15,-0.29,-0.01,142.0,204.0,62.24,65.9,70.0,68.0
1770324050570647365,100928,10.656,272.2,11.376,-133.5,2.15,3.54,-89.19,10.94,4.81,-0.23,-0.01,-0.33,11894.21,208.0,60.42,71.36,70.0,70.0
1770324050697711543,101053,10.128,190.0,10.936,-157.0,1.99,2.3,-89.06,10.75,4.88,0.15,-0.04,-0.3,11888.72,205.0,61.8,75.38,70.0,70.0
1770324050902063953,101181,10.26,237.2,11.264,-178.4,2.62,3.28,-89.0,10.69,4.94,0.09,-0.34,0.07,197.4,203.0,54.23,72.79,70.0,70.0
1770324050913236591,101281,10.744,209.1,11.048,-207.1,3.09,4.04,-89.0,10.5,5.0,-0.03,-0.28,-0.07,209.4,203.0,53.18,71.8,70.0,70.0
1770324051021499048,101382,10.428,239.4,10.808,-159.2,2.46,2.77,-88.69,10.19,5.13,0.25,-0.01,-0.33,11896.1,201.0,55.5,73.68,70.0,70.0
1770324051144480257,101508,11.192,235.5,11.052,-147.0,2.15,3.11,-87.81,9.31,5.13,-0.23,0.15,0.05,11897.3,200.0,59.08,69.94,70.0,70.0
1770324051242826997,101628,10.776,303.4,11.304,-114.3,2.32,3.59,-87.81,8.69,5.31,0.3,0.04,-0.35,177.85,200.0,59.88,69.23,70.0,70.0
1770324051365766917,101729,9.596,279.8,11.248,-149.7,2.05,3.55,-87.94,8.13,5.44,0.12,-0.13,0.41,11896.78,192.0,60.76,67.94,70.0,70.0
1770324051468269505,101850,9.74,303.9,11.224,-136.8,2.17,4.3,-87.94,7.81,5.69,-0.28,-0.12,0.31,150.58,190.0,61.09,67.69,70.0,70.0
1770324051566647748,101950,10.988,257.9,10.832,-113.7,2.3,2.71,-87.87,7.88,5.69,0.28,-0.07,-0.16,199.45,190.0,61.4,72.8,70.0,70.0
1770324051685510283,102050,10.856,213.2,11.172,-146.8,1.78,3.03,-87.94,7.69,5.69,0.29,0.14,0.12,11890.44,187.0,61.72,74.16,70.0,70.0
1770324051812170655,102170,10.008,219.1,10.584,-151.0,2.54,3.28,-87.75,7.38,5.75,-0.09,-0.38,-0.08,11895.07,185.0,55.9,77.13,70.0,70.0
1770324051931429596,102290,11.052,270.7,11.324,-143.2,3.09,3.34,-87.5,6.75,5.5,-0.55,0.13,0.19,11895.24,185.0,57.76,73.07,70.0,70.0
1770324052029761916,102415,10.736,311.8,10.952,-103.8,2.6,3.65,-87.87,6.25,5.38,0.25,0.03,0.06,181.45,185.0,59.12,69.87,70.0,70.0
1770324052152758379,102514,10.452,340.3,11.084,-127.4,3.05,3.87,-88.25,6.0,5.38,-0.14,-0.01,-0.08,11902.1,187.0,58.85,66.98,72.0,70.0
1770324052275726878,102636,9.416,257.8,11.4,-116.1,2.4,2.64,-88.69,5.69,5.38,-0.01,0.02,0.02,11892.5,182.0,60.54,73.07,72.0,72.0
1770324052374080896,102757,10.524,223.5,10.768,-123.1,1.64,2.66,-89.12,5.63,5.31,0.0,-0.02,-0.08,187.79,182.0,62.74,74.3,72.0,72.0
1770324052472438676,102856,11.044,213.8,11.136,-98.9,1.78,2.95,-89.75,5.56,5.13,0.08,0.01,-0.31,172.87,182.0,62.05,75.34,72.0,72.0
1770324052595422000,102957,9.956,212.3,11.448,-112.9,2.77,3.16,-90.44,5.5,5.0,-0.01,-0.08,-0.15,11886.49,179.0,60.28,77.98,72.0,72.0
1770324052718374321,103078,9.996,217.2,11.34,-166.2,2.05,2.44,-91.44,5.19,4.63,0.04,0.09,-0.05,11892.15,181.0,59.85,75.85,72.0,72.0
1770324052816776261,103199,10.736,196.8,11.104,-136.2,3.09,2.87,-91.94,4.81,4.19,0.02,-0.25,0.13,202.71,181.0,56.14,71.11,72.0,72.0
1770324052939665131,103300,9.216,283.4,11.4,-169.6,2.81,3.24,-92.31,4.69,4.0,-0.01,-0.05,-0.08,11911.7,185.0,54.71,66.6,72.0,72.0
1770324053062663037,103424,10.576,259.3,11.236,-159.3,2.89,4.41,-92.75,4.5,3.81,0.13,0.0,-0.1,11904.5,189.0,57.04,66.55,72.0,72.0
1770324053185616788,103544,9.992,184.2,11.428,-159.6,2.5,3.46,-93.25,4.38,3.5,-0.03,0.05,0.02,11891.12,189.0,61.94,70.98,72.0,72.0
1770324053304483431,103665,10.824,0.0,10.308,-153.5,1.82,2.36,-94.12,4.31,3.19,0.11,0.1,0.0,11893.18,197.0,63.15,71.57,72.0,72.0
1770324053427378848,103786,10.016,203.4,10.16,-119.4,2.01,2.68,-94.94,4.19,3.13,-0.1,0.02,-0.01,11890.61,197.0,63.33,69.59,72.0,72.0
1770324053546251551,103910,9.76,243.6,11.232,-134.4,2.42,3.13,-95.56,4.19,3.06,-0.18,0.0,-0.03,11901.93,197.0,61.05,65.96,72.0,72.0
1770324053673354506,104027,10.296,202.0,11.308,-140.5,2.13,3.2,-96.25,4.25,3.13,0.02,0.02,-0.08,11907.76,201.0,59.85,61.94,72.0,72.0
1770324053796301346,104156,10.58,217.2,11.088,-133.8,2.15,3.61,-96.75,4.31,3.31,-0.09,-0.19,-0.07,11923.02,211.0,58.09,54.18,72.0,72.0
1770324053904752571,104278,10.72,261.8,11.164,-214.8,3.22,4.39,-96.75,4.63,3.44,-0.09,-0.01,-0.03,214.2,211.0,53.09,47.59,72.0,72.0
1770324053997135810,104378,10.804,267.3,10.904,-141.9,2.71,4.2,-96.75,4.81,3.5,-0.11,-0.01,0.45,205.29,207.0,54.81,48.46,72.0,72.0
1770324054210053020,104478,11.072,198.2,11.4,-168.8,2.34,2.75,-96.75,5.06,3.56,-0.28,0.02,0.15,11912.05,206.0,59.93,54.98,74.0,74.0
1770324054221471116,104599,10.928,182.4,11.172,-146.3,1.72,3.44,-96.81,5.25,3.75,0.0,0.03,-0.06,208.03,206.0,62.24,54.92,74.0,74.0
1770324054316814941,104699,10.92,177.5,10.508,-117.4,1.93,2.34,-96.94,5.31,3.81,0.23,-0.16,-0.38,222.09,213.0,61.96,56.4,74.0,74.0
1770324054419251082,104799,10.38,153.3,11.068,-129.8,1.58,2.52,-96.94,5.25,3.94,-0.21,0.08,0.23,210.09,204.0,60.63,55.58,74.0,74.0
1770324054542258479,104899,10.408,175.4,11.216,-115.6,2.44,2.29,-96.94,5.31,4.0,-0.18,-0.08,0.02,11912.56,210.0,60.43,56.96,74.0,74.0
1770324054640593318,105022,9.56,183.6,11.128,-147.9,1.91,2.42,-97.0,5.44,4.06,-0.11,-0.08,0.09,223.81,210.0,57.33,55.54,74.0,74.0
1770324054750048007,105122,10.368,203.2,10.084,-154.8,1.76,3.28,-97.0,5.5,4.13,-0.07,-0.06,0.22,228.44,204.0,59.81,53.51,74.0,74.0
1770324054866025813,105222,10.46,160.1,11.22,-189.3,2.56,2.58,-96.87,5.63,4.31,-0.07,0.0,-0.15,11932.45,200.0,56.3,49.83,74.0,74.0
1770324054968486525,105348,10.068,260.9,11.016,-160.8,3.5,4.51,-96.62,5.81,4.5,-0.23,0.15,0.04,198.94,200.0,52.63,42.1,74.0,74.0
1770324055066832491,105448,10.544,270.1,11.136,-152.3,2.36,3.91,-96.37,5.88,4.63,-0.14,-0.05,0.0,202.88,196.0,53.51,40.92,74.0,74.0
1770324055189785164,105548,10.328,184.0,11.336,-162.9,2.44,3.85,-96.0,5.88,4.69,-0.04,0.0,0.0,11917.19,194.0,57.95,49.04,74.0,74.0
1770324055308615390,105669,9.724,143.2,10.752,-108.1,2.46,2.64,-95.94,5.94,4.75,0.0,-0.06,0.15,11917.71,194.0,60.77,54.92,74.0,74.0
1770324055437492600,105787,11.024,135.6,11.396,-99.4,2.46,2.79,-95.87,6.0,4.75,-0.15,-0.1,-0.08,11914.28,191.0,61.3,54.56,74.0,74.0
1770324055550438647,105909,10.644,156.2,11.444,-126.0,2.4,2.58,-96.0,6.13,4.75,0.0,-0.13,0.02,11915.82,186.0,60.74,54.53,74.0,74.0
1770324055673399529,106031,10.104,160.6,11.48,-115.1,2.58,3.03,-96.0,6.13,4.81,-0.06,0.01,0.09,11912.05,186.0,59.36,57.29,74.0,74.0
1770324055792247988,106152,10.28,194.3,11.088,-145.2,1.82,2.17,-96.19,6.25,4.81,-0.21,-0.09,0.1,11917.02,186.0,58.58,57.11,74.0,74.0
1770324055990069888,106270,9.66,150.7,11.312,-137.5,3.05,2.99,-96.31,6.63,4.81,0.09,0.03,0.36,11923.37,183.0,56.8,53.46,74.0,74.0
1770324056034049335,106393,10.452,185.9,10.808,-158.6,2.34,3.14,-96.31,6.81,5.0,0.05,-0.14,0.17,11925.25,176.0,57.54,51.22,74.0,74.0
1770324056157009335,106514,10.948,242.7,11.212,-136.9,2.29,3.81,-96.25,6.81,5.19,0.08,0.02,-0.12,11919.59,177.0,57.98,52.46,76.0,74.0
1770324056284035400,106637,10.736,210.1,11.224,-150.5,1.88,3.91,-96.12,6.81,5.31,0.11,0.0,-0.07,11907.76,175.0,60.05,57.98,76.0,76.0
1770324056398779867,106761,10.404,142.3,11.476,-115.1,1.72,2.48,-96.12,6.94,5.31,-0.13,0.12,-0.02,11904.5,175.0,62.08,63.51,76.0,76.0
1770324056525830465,106876,9.42,190.7,11.472,-128.6,1.56,2.64,-96.44,7.13,5.44,0.15,0.0,-0.01,11905.87,172.0,62.3,62.98,76.0,76.0
1770324056648869217,107005,10.84,203.8,11.244,-147.2,1.86,2.09,-96.87,7.31,5.63,0.01,-0.16,0.3,11900.56,174.0,62.32,63.65,76.0,76.0
1770324056747177521,107126,9.708,166.7,11.104,-104.4,2.29,2.83,-97.25,7.31,5.69,0.05,0.17,0.26,201.0,174.0,61.4,63.15,76.0,76.0
1770324056946048482,107227,10.812,200.1,10.956,-151.3,2.56,2.54,-97.62,7.56,5.94,0.21,0.11,0.0,11911.7,173.0,59.66,62.55,76.0,76.0
1770324056988989189,107345,10.524,179.3,11.428,-131.0,2.7,3.09,-98.31,7.88,6.31,-0.27,-0.26,0.07,11922.68,172.0,56.14,53.98,76.0,76.0
1770324057111917677,107466,10.64,252.5,10.536,-175.0,2.7,3.83,-98.56,7.94,6.38,-0.15,-0.16,0.29,11928.68,172.0,56.37,48.02,76.0,76.0
1770324057210292313,107588,10.044,238.6,11.224,-175.5,2.48,3.67,-98.31,7.81,6.38,-0.12,0.0,0.28,208.89,172.0,54.92,45.76,76.0,76.0
1770324057333246011,107688,10.432,174.8,11.044,-139.9,1.86,2.89,-98.25,7.88,6.38,0.29,-0.1,0.22,11913.59,171.0,59.8,51.19,76.0,76.0
1770324057435657443,107812,10.692,186.7,10.636,-141.9,2.05,2.34,-98.25,8.0,6.38,-0.12,0.24,0.09,211.29,166.0,60.81,56.14,76.0,76.0
1770324057554534025,107912,10.888,168.6,11.068,-107.0,2.3,2.19,-98.37,8.31,6.5,0.05,-0.21,-0.19,11908.1,168.0,61.78,57.3,76.0,76.0
1770324057669274160,108033,9.656,153.6,10.988,-130.6,2.19,2.42,-98.44,8.44,6.56,0.02,0.0,-0.08,11916.85,168.0,60.25,54.44,76.0,76.0
1770324057771760877,108148,10.608,134.0,11.044,-159.2,2.19,2.83,-98.44,8.56,6.5,-0.28,0.0,0.1,193.8,167.0,59.91,55.06,76.0,76.0
1770324057870115167,108248,10.748,181.3,11.416,-149.5,3.13,2.95,-98.56,8.88,6.31,0.22,0.04,0.11,189.85,167.0,58.23,54.64,76.0,76.0
1770324057993063955,108347,10.46,155.5,10.932,-147.6,1.99,2.87,-98.75,9.19,6.31,0.03,-0.01,-0.22,11922.68,172.0,58.37,51.67,76.0,76.0
1770324058116006175,108471,11.064,228.1,10.448,-160.9,2.36,2.85,-98.94,9.31,6.25,-0.02,-0.11,0.18,11934.68,171.0,57.76,45.23,76.0,76.0
1770324058238947243,108592,10.64,267.0,11.084,-162.7,2.68,4.61,-99.06,9.38,6.31,-0.09,-0.11,0.09,11939.49,167.0,56.14,39.02,78.0,76.0
1770324058361874339,108717,10.62,191.8,10.952,-166.2,3.18,4.41,-99.25,9.31,6.31,-0.29,0.43,0.08,11933.48,169.0,57.04,40.74,78.0,76.0
1770324058460213907,108837,11.16,200.3,11.292,-179.2,2.25,3.52,-99.31,9.38,6.38,-0.15,0.14,0.09,199.11,169.0,56.14,41.17,78.0,76.0
1770324058583182620,108938,10.808,134.5,10.696,-127.9,2.87,2.77,-99.31,9.56,6.5,0.06,-0.02,-0.12,11930.23,176.0,57.41,43.06,78.0,78.0
1770324058706145108,109059,10.08,129.0,10.868,-136.1,2.64,2.34,-99.31,9.94,6.5,0.08,-0.08,-0.26,11933.31,174.0,57.06,43.15,78.0,78.0
1770324059006054406,109182,10.992,150.8,11.308,-145.0,2.73,2.66,-99.5,10.69,6.56,-0.17,-0.1,-0.17,11932.8,179.0,57.04,40.74,78.0,78.0
1770324059034021856,109304,10.272,146.1,11.256,-148.3,2.99,2.46,-99.5,11.38,6.44,0.32,0.04,0.17,11941.37,179.0,57.35,38.47,78.0,78.0
1770324059066784697,109420,10.304,148.9,11.168,-147.3,3.3,2.89,-99.31,11.75,6.38,-0.07,0.02,-0.18,11941.37,173.0,57.06,37.58,78.0,78.0
1770324059165112576,109542,11.024,107.4,11.268,-170.8,2.6,2.95,-99.19,11.81,6.31,-0.12,-0.05,-0.14,204.94,179.0,57.79,37.97,78.0,78.0
1770324059288093956,109641,10.852,107.7,11.48,-160.8,3.07,3.07,-99.12,11.88,6.31,0.0,-0.08,0.07,11936.74,180.0,56.47,38.64,78.0,78.0
1770324059398670588,109763,10.92,114.2,11.316,-155.3,2.42,3.11,-99.06,11.88,6.25,0.07,0.09,-0.12,11938.29,180.0,55.17,39.2,78.0,78.0
1770324059529857084,109876,9.952,141.8,11.232,-198.2,3.11,2.71,-99.0,11.81,6.25,0.02,0.09,0.01,11938.12,185.0,55.9,39.63,78.0,78.0
1770324059648683894,110004,10.36,116.3,10.524,-183.6,2.95,2.97,-99.0,11.75,6.19,0.08,-0.1,-0.09,11942.06,189.0,54.6,40.79,78.0,78.0
1770324059858053314,110126,10.344,163.1,11.112,-219.0,3.28,2.95,-99.0,11.75,6.19,0.0,0.03,-0.18,11948.75,193.0,51.07,36.58,78.0,78.0
1770324059874126655,110249,10.932,164.8,10.832,-183.7,2.7,2.91,-99.12,11.81,6.19,-0.39,-0.14,-0.25,207.34,193.0,52.63,35.09,78.0,78.0
1770324059972486607,110348,10.9,153.8,10.396,-176.6,3.14,4.1,-99.12,12.25,6.19,-0.01,0.09,-0.33,214.55,188.0,55.06,34.82,78.0,78.0
1770324060074941897,110448,9.936,155.7,11.344,-220.9,3.4,2.58,-99.0,12.56,6.19,0.05,0.18,-0.14,205.8,188.0,53.18,36.34,78.0,78.0
1770324060197871930,110548,10.844,153.7,10.984,-188.7,3.09,2.6,-98.81,12.88,6.06,0.02,0.11,0.15,11937.77,192.0,55.5,38.75,78.0,78.0
1770324060316735041,110672,11.048,113.7,11.316,-170.7,2.46,2.85,-98.62,13.19,6.0,-0.08,-0.01,0.05,11932.8,193.0,57.04,40.74,80.0,78.0
1770324060419146475,110792,10.196,100.2,10.916,-148.7,2.66,2.01,-98.62,13.25,5.88,-0.14,0.03,0.14,204.6,193.0,55.58,40.42,80.0,78.0
1770324060538035563,110893,10.756,126.9,10.636,-175.5,2.58,2.17,-98.62,13.19,5.75,-0.04,0.07,-0.13,11933.48,195.0,56.47,42.1,80.0,78.0
1770324060640470065,111013,11.14,102.9,11.204,-164.4,2.6,2.68,-98.62,13.06,5.56,-0.08,0.1,-0.09,220.72,195.0,58.01,43.04,80.0,78.0
1770324060759312776,111113,10.56,115.0,10.94,-212.8,3.48,1.97,-98.62,13.06,5.44,0.17,-0.13,0.08,11934.86,197.0,55.02,44.49,80.0,78.0
1770324060861771847,111235,10.084,98.8,10.608,-169.6,3.03,2.05,-98.69,12.94,5.19,0.0,0.01,0.08,227.58,197.0,52.39,44.91,80.0,78.0
1770324060980612020,111334,10.272,111.6,11.344,-198.6,2.68,2.48,-98.69,12.69,4.94,-0.04,-0.03,0.1,11937.43,200.0,54.37,42.34,80.0,78.0
1770324061107672111,111456,10.464,127.4,11.12,-193.4,3.59,3.01,-98.56,12.69,4.63,-0.13,-0.01,0.0,11950.12,202.0,49.69,37.96,80.0,78.0
1770324061206009178,111581,11.012,156.4,11.052,-244.0,4.57,3.71,-98.25,12.81,4.56,-0.06,0.1,-0.05,231.18,202.0,46.4,34.37,80.0,78.0
1770324061308444587,111681,10.364,178.7,11.072,-206.3,3.98,4.14,-98.0,12.81,4.5,0.12,0.17,0.01,231.35,198.0,48.46,33.36,80.0,78.0
1770324061427240905,111781,9.6,185.1,10.94,-232.9,3.69,3.3,-97.69,12.81,4.44,-0.01,0.0,-0.12,11950.12,202.0,51.21,33.98,80.0,78.0
1770324061550235138,111902,10.06,141.9,10.64,-228.7,3.95,2.75,-97.31,12.88,4.44,-0.13,0.04,0.12,11935.2,195.0,52.63,42.8,80.0,80.0
1770324061652711939,112024,10.408,129.7,11.324,-179.0,3.89,2.25,-97.06,12.94,4.44,-0.01,0.0,0.01,227.24,195.0,53.09,49.42,80.0,80.0
1770324061777472350,112124,10.204,125.6,11.016,-170.0,3.11,2.21,-97.12,13.13,4.44,-0.1,-0.1,-0.05,11932.11,196.0,54.06,49.28,80.0,80.0
1770324061869897982,112242,10.184,112.0,11.2,-203.6,2.73,2.62,-97.12,13.31,4.5,-0.12,-0.23,-0.29,221.75,192.0,53.89,45.47,80.0,80.0
1770324061992819991,112343,10.676,133.9,10.888,-187.0,3.57,2.97,-97.06,13.31,4.44,0.0,-0.08,0.08,11931.6,192.0,53.81,46.34,80.0,80.0
1770324062091192309,112464,11.26,103.0,10.96,-155.6,3.07,1.95,-96.81,13.31,4.38,-0.09,0.01,-0.02,206.14,192.0,54.92,45.76,80.0,80.0
1770324062193646551,112564,10.692,124.1,10.148,-199.1,3.42,2.32,-96.69,13.5,4.31,0.12,0.03,-0.34,206.66,189.0,51.63,47.66,80.0,80.0
1770324062291993374,112664,11.084,131.3,11.344,-228.0,3.77,2.66,-96.5,13.69,4.25,0.02,0.0,0.14,226.04,189.0,51.75,48.24,80.0,80.0
1770324062390296933,112764,10.104,124.1,11.044,-200.8,3.32,3.16,-96.31,13.75,4.19,-0.08,-0.09,0.01,187.28,188.0,53.73,45.71,80.0,80.0
1770324062492743653,112864,10.588,175.6,11.276,-192.8,2.6,3.22,-96.06,13.69,4.31,-0.11,-0.08,0.13,195.51,184.0,55.85,41.24,80.0,80.0
1770324062591133330,112964,10.072,191.9,11.264,-199.7,2.87,3.16,-95.75,13.56,4.31,-0.23,-0.05,0.26,208.03,184.0,54.38,37.72,82.0,80.0
1770324062714124356,113064,11.16,184.3,11.356,-200.5,2.95,3.24,-95.31,13.44,4.38,0.0,0.13,-0.02,11940.34,183.0,54.68,38.23,82.0,80.0
1770324062812431102,113185,10.716,158.7,10.988,-216.8,3.55,3.61,-94.69,13.38,4.44,-0.09,0.27,0.0,192.94,180.0,53.44,37.24,82.0,80.0
1770324062910762638,113285,10.792,135.6,11.136,-162.6,3.87,2.44,-94.19,13.44,4.38,-0.9,-0.12,-0.54,219.86,180.0,55.83,44.85,82.0,80.0
1770324063126062886,113385,9.984,124.4,11.408,-151.4,2.95,2.34,-94.0,13.63,4.38,-0.01,0.03,0.05,11920.62,182.0,56.46,53.58,82.0,80.0
1770324063137430794,113505,10.296,150.1,11.432,-151.7,3.07,2.19,-93.87,13.75,4.31,0.08,0.03,-0.06,192.59,182.0,56.14,51.18,82.0,80.0
1770324063234523519,113605,11.004,182.6,10.896,-205.7,4.12,3.26,-93.69,13.88,4.31,-0.1,-0.13,-0.03,237.87,182.0,54.07,51.41,82.0,80.0
1770324063332863151,113705,10.604,137.0,11.308,-199.9,2.68,2.64,-93.69,13.94,4.31,0.14,0.19,0.0,191.91,182.0,54.02,54.02,82.0,80.0
1770324063435279519,113805,9.568,130.8,11.276,-185.8,2.97,1.97,-93.69,14.0,4.31,-0.16,0.12,-0.04,187.11,182.0,57.57,56.71,82.0,80.0
1770324063533628785,113905,11.22,120.2,11.192,-131.8,2.71,2.46,-93.87,14.0,4.31,0.21,0.04,0.03,177.5,182.0,58.77,57.89,82.0,80.0
1770324063632038247,114004,10.792,161.5,11.444,-177.7,2.7,2.17,-94.06,13.88,4.5,-0.14,-0.05,0.19,180.59,180.0,60.95,56.94,82.0,80.0
1770324063734460730,114104,10.656,144.2,11.236,-175.8,2.15,2.6,-93.94,13.63,4.63,0.0,-0.03,-0.25,171.5,180.0,60.66,52.51,82.0,80.0
1770324063832858149,114204,11.172,191.2,11.236,-162.4,2.46,3.55,-93.56,13.5,4.81,0.13,0.0,-0.44,169.79,176.0,60.37,46.87,82.0,80.0
1770324064038045165,114305,11.184,191.5,10.916,-146.8,3.05,3.2,-92.94,13.44,5.0,-0.03,0.04,-0.13,178.36,173.0,59.79,45.47,82.0,80.0
1770324064049537576,114404,9.924,140.3,10.484,-182.8,2.19,2.95,-92.37,13.5,5.19,-0.15,0.02,0.21,175.79,173.0,60.02,48.37,82.0,82.0
1770324064131956220,114503,11.072,114.2,11.096,-148.8,2.07,2.42,-92.12,13.63,5.25,-0.13,0.14,-0.09,180.76,177.0,59.58,57.2,82.0,82.0
1770324064258988604,114604,10.216,184.6,10.88,-152.6,3.61,2.79,-92.12,13.81,5.38,-0.07,-0.09,0.0,11913.08,175.0,57.95,58.45,82.0,82.0
1770324064357338984,114727,10.712,200.1,10.928,-158.2,3.69,3.42,-92.25,14.0,5.44,0.23,0.04,-0.34,192.59,175.0,56.14,63.15,82.0,82.0
1770324064476137332,114827,10.472,216.6,10.88,-153.8,2.17,2.75,-92.62,14.0,5.5,-0.14,0.2,0.25,11889.24,170.0,61.94,72.11,82.0,82.0
1770324064578612196,114948,10.308,149.4,11.456,-173.8,2.17,2.25,-93.44,13.94,5.75,-0.1,0.12,0.14,183.5,171.0,62.74,74.3,82.0,82.0
1770324064701548943,115048,10.548,219.7,11.428,-150.8,2.27,2.75,-94.06,13.81,5.94,0.08,0.07,-0.17,11890.78,170.0,62.41,70.83,84.0,82.0
1770324064820350329,115172,9.516,268.7,10.832,-148.1,2.11,3.3,-94.19,13.63,6.13,0.19,-0.12,-0.05,11902.61,165.0,62.47,60.44,84.0,82.0
1770324064948161188,115293,10.464,207.3,11.024,-134.9,2.23,3.05,-93.87,13.56,6.13,0.06,0.11,0.09,11901.76,165.0,62.08,59.94,84.0,82.0
1770324065037622020,115409,9.512,185.1,11.364,-175.0,2.25,1.99,-93.69,13.81,6.13,-0.05,0.25,0.15,178.36,169.0,62.74,62.74,84.0,82.0
1770324065164593348,115509,11.24,172.5,10.844,-137.2,2.75,2.36,-93.69,13.94,6.06,-0.02,-0.04,-0.11,11907.07,168.0,60.43,59.44,84.0,82.0
1770324065283452582,115634,10.492,157.8,11.088,-188.0,3.3,2.38,-93.62,14.06,6.06,0.0,-0.09,-0.12,11913.42,174.0,57.72,55.68,84.0,82.0
1770324065398154292,115753,9.404,143.0,11.4,-152.5,3.24,2.34,-93.44,14.13,5.94,-0.21,0.06,0.31,11910.16,174.0,59.09,56.88,84.0,82.0
1770324065496500991,115867,10.188,140.1,11.192,-145.7,3.09,2.3,-93.25,14.19,5.88,0.15,0.04,-0.23,187.79,178.0,60.63,55.58,84.0,82.0
1770324065623581056,115968,10.212,149.9,10.912,-163.5,2.85,2.3,-93.19,14.13,5.94,0.28,-0.05,-0.34,11914.1,179.0,60.92,55.97,84.0,82.0
1770324065746499857,116091,10.8,161.4,10.824,-142.8,3.16,2.56,-93.19,13.94,5.94,0.23,0.14,-0.21,11917.88,178.0,61.48,51.46,84.0,82.0
1770324065861252593,116214,11.028,216.0,11.156,-182.3,3.01,4.18,-92.87,13.81,6.0,-0.08,0.04,-0.17,11921.99,178.0,60.04,48.33,84.0,82.0
1770324065984203742,116331,10.464,235.5,10.408,-206.2,2.73,3.67,-92.56,13.81,5.94,0.03,0.04,0.17,11914.96,182.0,59.15,52.89,84.0,84.0
1770324066107106820,116452,10.66,151.1,11.208,-182.3,2.19,2.01,-92.19,13.94,5.81,-0.47,0.05,-0.01,11905.53,183.0,62.12,57.29,84.0,84.0
1770324066230043333,116577,10.676,145.7,10.924,-175.5,2.58,2.62,-91.87,14.38,5.5,0.11,-0.22,0.0,11914.96,186.0,57.04,56.36,84.0,84.0
1770324066344792613,116698,9.56,161.7,11.292,-154.3,2.99,3.2,-91.44,15.06,5.0,0.05,0.18,-0.34,11915.13,186.0,58.3,54.7,84.0,84.0
1770324066467669469,116814,10.612,151.8,11.364,-147.0,3.13,2.62,-91.19,15.13,4.75,-0.1,-0.13,-0.01,11909.99,189.0,60.54,57.06,84.0,84.0
1770324066566105995,116935,11.08,158.0,10.596,-119.4,2.71,2.34,-90.56,15.06,4.5,0.0,0.15,-0.12,233.41,189.0,62.24,56.75,84.0,84.0
1770324066688991318,117036,10.316,178.1,10.632,-123.1,2.25,2.85,-90.37,14.88,4.31,0.0,0.11,0.07,11907.42,192.0,63.15,56.46,86.0,84.0
1770324066882051207,117156,10.92,225.7,11.2,-124.0,2.62,2.58,-90.37,14.56,4.19,-0.1,0.24,-0.35,11911.53,198.0,63.33,53.58,86.0,84.0
1770324066910280670,117277,10.544,210.6,11.184,-138.2,3.18,3.28,-90.0,14.38,4.13,-0.08,-0.07,0.13,190.88,196.0,61.09,54.49,86.0,84.0
1770324067008624929,117378,10.412,186.7,10.872,-211.8,2.56,3.42,-89.75,14.38,3.88,0.0,-0.01,0.03,201.68,196.0,59.12,57.33,86.0,84.0
1770324067118052239,117478,9.796,217.3,11.092,-164.8,2.17,2.3,-89.5,14.44,3.75,-0.25,0.0,0.14,202.2,194.0,60.6,62.96,86.0,84.0
1770324067209406989,117578,10.796,168.8,11.276,-187.9,3.75,2.15,-89.44,14.63,3.75,0.32,-0.14,0.04,230.5,194.0,59.12,70.77,86.0,84.0
1770324067332286228,117679,10.92,199.2,11.208,-190.1,2.83,2.68,-89.56,14.75,3.69,-0.14,0.09,-0.01,11896.1,197.0,59.8,66.5,86.0,84.0
1770324067430670571,117799,11.196,183.1,11.228,-138.0,2.3,2.54,-89.56,14.75,3.56,0.13,-0.14,0.02,217.29,200.0,64.39,66.04,86.0,84.0
1770324067553587031,117899,10.932,166.2,10.752,-118.5,2.66,2.36,-89.56,14.63,3.38,0.09,0.17,-0.29,11892.67,198.0,65.16,67.16,86.0,84.0
1770324067676532856,118023,10.312,222.4,10.972,-159.2,1.8,2.77,-89.87,14.25,3.06,-0.03,0.04,-0.04,11892.15,200.0,65.19,65.87,86.0,84.0
1770324067791292248,118144,10.896,204.6,10.988,-131.9,2.68,3.67,-90.06,13.81,2.94,-0.23,-0.03,-0.02,11906.04,200.0,63.15,58.8,86.0,84.0
1770324067928357231,118258,10.236,247.9,10.88,-131.7,2.89,3.14,-89.81,13.44,2.88,-0.33,-0.2,0.28,11906.39,203.0,62.12,60.74,86.0,84.0
1770324068045329161,118388,10.392,154.8,10.632,-144.5,2.64,2.7,-89.44,13.44,2.81,0.61,0.0,0.02,11897.47,203.0,62.99,66.3,86.0,86.0
1770324068168265464,118512,10.996,175.4,11.38,-194.7,2.81,2.23,-89.62,13.5,2.81,-0.1,-0.08,0.22,11902.96,204.0,58.14,66.16,86.0,86.0
1770324068291192263,118635,9.496,201.2,10.888,-170.5,2.83,2.56,-90.12,13.63,2.69,0.08,-0.02,0.37,11897.13,204.0,60.93,65.04,86.0,86.0
1770324068405887149,118757,9.964,155.7,11.08,-171.5,2.23,3.14,-90.5,13.56,2.56,0.0,0.01,-0.14,11891.64,204.0,62.97,66.63,86.0,86.0
1770324068528835050,118873,10.22,173.8,11.448,-162.1,2.19,2.56,-91.06,13.5,2.5,0.07,0.0,-0.01,11898.5,200.0,62.12,64.88,88.0,86.0
1770324068651798476,118998,11.232,143.9,11.348,-156.5,2.13,2.85,-91.37,13.25,2.56,0.13,-0.1,-0.05,11901.58,206.0,61.8,62.47,88.0,86.0
1770324068774725312,119118,10.836,209.6,11.204,-132.3,2.7,3.52,-91.62,13.0,2.69,0.09,0.02,-0.63,11906.56,198.0,61.61,56.82,88.0,86.0
1770324068889449712,119240,10.696,188.7,11.092,-136.5,2.79,3.38,-91.25,13.0,2.81,-0.04,0.09,0.24,11904.5,198.0,62.24,59.31,88.0,86.0
1770324069012384655,119356,10.7,140.7,11.428,-127.3,2.3,1.99,-90.94,13.19,2.81,-0.1,-0.01,0.1,11899.36,204.0,62.63,64.72,88.0,86.0
1770324069218050086,119481,10.504,162.2,11.216,-177.5,2.85,1.99,-91.31,13.5,2.88,0.0,0.04,0.08,11907.07,204.0,58.14,64.16,88.0,86.0
1770324069258238974,119603,10.3,163.6,11.196,-153.5,3.18,2.25,-91.81,13.88,3.0,-0.05,-0.04,-0.2,11900.73,201.0,59.85,62.63,88.0,86.0
1770324069373002954,119725,10.692,136.1,10.244,-128.7,2.56,1.82,-92.19,14.0,3.13,0.26,0.07,0.2,11900.04,201.0,61.7,63.88,88.0,86.0
1770324069499958218,119840,10.468,136.4,11.232,-161.1,2.19,2.29,-92.75,14.19,3.5,-0.08,0.21,-0.01,11910.16,200.0,60.74,60.74,88.0,86.0
1770324069598350263,119965,10.288,138.5,10.848,-192.2,2.87,2.13,-93.25,14.5,4.44,0.02,0.03,-0.13,193.11,192.0,59.26,59.26,88.0,86.0
1770324069700798907,120066,11.076,206.5,11.024,-194.7,3.03,3.34,-93.5,14.88,5.44,0.41,-0.67,-0.25,174.93,192.0,58.23,54.64,88.0,86.0
1770324069799133187,120166,10.96,158.1,10.732,-154.7,3.24,2.5,-93.37,14.81,5.56,-0.19,0.08,0.5,182.65,181.0,57.2,51.63,88.0,86.0
1770324069901573215,120266,10.604,152.1,10.856,-144.8,2.79,2.62,-93.0,14.81,5.5,0.06,0.07,-0.26,161.55,181.0,57.61,51.41,88.0,86.0
1770324069999910330,120366,11.18,140.0,11.264,-139.4,3.22,1.74,-92.94,15.06,5.5,-0.03,-0.1,0.08,165.15,177.0,59.58,58.78,88.0,88.0
1770324070102352059,120466,10.512,123.3,11.368,-199.9,3.22,2.5,-93.25,15.31,5.56,-0.18,-0.14,-0.14,167.38,178.0,57.53,58.36,88.0,88.0
1770324070221190240,120566,10.52,151.0,10.928,-212.9,2.83,2.03,-93.37,15.69,5.44,0.07,0.04,-0.27,11915.99,178.0,55.97,56.47,88.0,88.0
1770324070344077102,120687,11.132,155.4,10.512,-188.1,2.46,2.68,-93.31,15.94,5.38,0.03,-0.05,-0.17,11912.05,175.0,59.15,57.76,88.0,88.0
1770324070462908280,120810,10.504,153.2,11.12,-158.2,2.52,1.78,-93.31,16.06,5.44,-0.07,0.04,0.08,11912.22,175.0,57.35,57.35,90.0,88.0
1770324070561265797,120928,10.58,131.3,11.124,-161.6,2.89,2.36,-93.56,16.0,5.69,-0.05,-0.05,0.11,182.99,176.0,59.26,54.58,90.0,88.0
1770324070684197177,121028,10.72,148.9,11.184,-180.3,2.27,2.7,-93.62,15.94,5.81,0.04,0.0,0.0,11916.85,175.0,60.29,54.31,90.0,88.0
1770324070782548357,121149,10.064,181.0,11.152,-139.4,3.01,3.11,-93.5,15.88,5.88,0.07,-0.21,0.08,194.48,175.0,58.58,45.76,90.0,88.0
1770324070909570916,121249,10.716,214.9,10.78,-189.1,3.13,3.03,-93.31,15.88,5.88,0.05,-0.11,0.03,11922.51,180.0,57.56,49.95,90.0,88.0
1770324071198046601,121373,10.956,139.4,10.752,-211.2,3.14,2.19,-93.0,16.0,5.69,-0.29,0.15,-0.21,11910.5,183.0,59.36,55.91,90.0,88.0
1770324071237346690,121494,10.796,124.1,11.452,-211.2,3.07,2.25,-92.75,16.44,5.38,-0.19,-0.46,-0.01,11920.79,186.0,53.84,57.29,90.0,88.0
1770324071266065786,121616,10.86,161.2,10.86,-219.6,3.75,3.07,-92.56,17.5,4.63,0.24,0.43,-0.21,11919.42,186.0,54.18,55.65,90.0,88.0
1770324071388934493,121731,10.552,198.7,11.088,-183.8,3.3,2.4,-92.37,17.56,4.5,0.05,-0.12,0.03,11911.36,187.0,57.51,58.19,90.0,88.0
1770324071511864615,121856,10.768,150.6,11.136,-170.2,2.27,2.6,-92.12,17.5,4.44,-0.1,0.05,-0.07,11903.3,188.0,60.24,63.67,90.0,88.0
1770324071640783537,121976,10.48,149.1,11.14,-133.6,2.68,2.29,-91.94,17.37,4.31,0.29,0.2,-0.08,11901.93,194.0,60.74,64.19,90.0,88.0
1770324071745445280,122097,10.372,198.7,11.42,-144.7,2.23,2.38,-91.94,17.0,4.25,-0.09,-0.13,0.23,11908.62,194.0,62.78,59.83,90.0,88.0
1770324071872494308,122210,10.132,209.0,11.256,-142.5,3.24,3.87,-91.81,16.81,4.13,0.05,-0.11,-0.01,11909.82,197.0,58.24,59.64,90.0,88.0
1770324071991320862,122335,9.076,207.2,11.212,-154.8,2.77,2.48,-91.75,16.87,3.75,-0.12,0.22,0.02,11902.96,201.0,57.04,65.87,90.0,90.0
1770324072089640530,122456,11.116,195.7,11.216,-132.5,3.2,2.68,-91.69,17.06,3.63,0.08,-0.11,-0.03,165.15,201.0,58.58,67.73,90.0,90.0
1770324072212519542,122555,11.0,154.6,10.952,-144.6,3.01,2.58,-91.5,17.12,3.5,-0.06,-0.06,-0.31,11902.61,199.0,58.37,67.94,90.0,90.0
1770324072335536202,122679,10.892,207.1,11.06,-191.3,2.4,2.17,-91.12,17.12,3.31,0.28,0.06,-0.52,11901.41,212.0,59.15,67.5,90.0,90.0
1770324072462485968,122800,11.028,123.7,10.952,-147.4,2.81,2.23,-90.5,16.81,3.19,-0.05,-0.15,0.41,11897.64,215.0,58.19,69.83,90.0,90.0
1770324072581360161,122925,10.776,167.5,11.084,-181.2,2.19,2.73,-89.81,16.0,3.0,-0.1,0.26,0.14,11895.75,217.0,59.76,69.27,92.0,90.0
1770324072704285081,123045,10.768,266.3,11.276,-125.6,2.62,2.73,-89.56,15.5,3.0,0.12,0.01,-0.03,11892.67,213.0,61.24,68.2,92.0,90.0
1770324072819008619,123167,10.488,216.0,11.364,-141.9,2.91,3.98,-89.31,15.13,3.06,-0.06,0.08,0.03,11892.67,213.0,61.31,70.91,92.0,90.0
1770324072946065224,123282,10.272,203.1,11.18,-165.2,2.5,2.36,-89.37,15.0,3.06,0.03,0.11,-0.01,11885.81,220.0,61.24,77.94,92.0,90.0
1770324073064872269,123406,10.232,154.2,10.884,-138.2,2.38,2.64,-89.56,15.0,3.0,0.01,0.11,0.02,11880.15,226.0,62.65,76.79,92.0,90.0
1770324073183669405,123527,10.824,183.8,10.776,-167.4,2.13,2.62,-89.62,14.69,2.94,-0.49,-0.1,0.09,11891.81,221.0,58.46,77.25,92.0,90.0
1770324073302531010,123649,9.876,211.4,11.276,-209.9,3.16,3.22,-89.62,14.38,2.81,-0.15,0.21,-0.08,11891.98,221.0,58.07,76.22,92.0,90.0
1770324073425420126,123763,9.98,247.0,11.404,-130.4,2.38,2.87,-89.87,14.0,2.63,-0.02,0.04,-0.02,11894.38,219.0,62.12,73.16,92.0,90.0
1770324073548331214,123889,10.156,261.3,11.316,-146.9,2.13,3.38,-89.94,13.63,2.69,0.3,-0.2,0.55,11889.92,220.0,62.47,73.34,92.0,90.0
1770324073667193098,124011,10.344,234.2,11.308,-152.5,2.03,3.75,-90.06,13.31,2.75,-0.01,0.19,0.28,11878.78,215.0,63.5,79.37,92.0,92.0
1770324073781907832,124130,10.408,273.9,11.256,-115.5,2.66,2.68,-90.44,13.31,2.75,0.0,0.03,0.01,11879.29,215.0,64.26,81.25,92.0,92.0
1770324073920161644,124247,10.256,212.3,10.64,-134.6,1.8,3.42,-91.12,13.25,2.81,-0.1,-0.14,-0.43,11877.4,214.0,64.72,82.12,92.0,92.0
1770324074041906777,124377,10.512,248.2,11.42,-153.5,1.89,2.97,-91.75,13.19,2.69,0.21,0.13,0.04,11875.35,213.0,63.48,82.91,92.0,92.0
1770324074154844553,124496,10.768,196.5,11.184,-160.7,2.19,2.66,-92.62,12.94,2.44,-0.13,0.05,0.06,11889.41,215.0,58.46,77.25,92.0,92.0
1770324074269512151,124615,10.248,212.9,10.936,-168.1,2.93,2.71,-93.31,12.88,2.44,0.11,-0.03,-0.16,11901.93,215.0,57.89,72.18,92.0,92.0
1770324074392410760,124730,10.352,247.5,10.364,-165.8,2.54,3.34,-93.25,12.81,2.5,-0.47,0.08,0.76,11890.44,221.0,60.74,72.47,92.0,92.0
1770324074511224746,124854,11.032,164.1,11.04,-133.4,1.97,3.05,-93.5,12.94,2.63,0.07,-0.03,0.2,11887.01,227.0,62.3,72.57,94.0,92.0
1770324074609548165,124974,10.5,189.9,10.74,-121.2,2.62,2.77,-94.0,13.0,2.81,0.23,0.01,-0.44,241.47,227.0,64.07,76.88,94.0,92.0
1770324074732525729,125074,10.424,226.9,10.996,-132.9,1.84,3.34,-94.44,12.88,3.0,0.06,-0.03,-0.2,11885.98,224.0,65.33,72.59,94.0,92.0
1770324074863637991,125196,9.82,207.3,11.228,-122.0,2.11,2.97,-94.75,12.75,3.25,-0.04,-0.01,-0.05,11888.21,225.0,65.42,72.37,94.0,92.0
1770324074986527151,125327,10.364,189.6,11.34,-118.7,2.21,2.19,-95.19,12.75,3.44,-0.08,0.02,-0.09,11893.87,227.0,64.1,69.75,94.0,92.0
1770324075088988212,125450,10.788,243.0,11.056,-124.4,3.2,3.01,-95.5,12.56,3.81,-0.31,-0.06,0.21,217.98,227.0,61.75,65.49,94.0,92.0
1770324075187396304,125549,11.188,240.5,11.32,-208.1,2.95,2.93,-95.25,12.56,4.31,-0.06,-0.19,0.56,228.95,223.0,54.81,61.96,94.0,92.0
1770324075285665401,125649,9.44,216.4,11.336,-144.0,3.07,3.18,-95.19,12.56,4.75,-0.35,0.0,0.29,236.5,213.0,56.42,64.0,94.0,94.0
1770324075388173826,125749,11.104,220.1,9.992,-124.0,2.34,2.42,-95.5,12.69,5.06,0.27,0.09,0.04,220.89,213.0,60.66,69.72,94.0,94.0
1770324075486393108,125849,10.86,169.8,11.072,-129.9,1.62,1.93,-95.87,12.56,5.44,0.05,0.02,-0.28,201.68,206.0,63.55,69.11,94.0,94.0
1770324075609359731,125949,10.504,198.3,11.444,-101.4,2.03,1.78,-96.19,12.13,6.13,0.25,0.34,-0.22,11889.92,200.0,64.89,70.83,94.0,94.0
1770324075707700874,126070,10.784,157.8,11.444,-115.3,1.99,2.03,-96.31,11.63,7.38,0.01,0.05,-0.08,194.48,200.0,64.07,67.73,94.0,94.0
1770324075834715809,126171,9.224,144.8,10.784,-102.1,2.29,2.7,-96.5,11.13,8.38,-0.05,-0.28,-0.22,11895.24,188.0,63.51,66.4,94.0,94.0
1770324075933053951,126295,10.0,201.6,11.36,-108.8,2.52,2.3,-96.69,10.69,9.0,0.01,-0.02,-0.05,181.96,172.0,61.65,64.66,94.0,94.0
1770324076035494145,126395,10.14,215.5,10.884,-135.2,2.13,3.73,-96.56,10.63,9.19,-0.3,0.0,-0.1,210.6,172.0,61.16,59.39,94.0,94.0
1770324076246053152,126495,10.22,230.1,11.344,-182.6,3.01,3.65,-96.44,10.75,9.25,-0.37,0.4,-0.21,11915.13,169.0,52.81,57.56,94.0,94.0
1770324076281321457,126618,10.54,167.3,11.432,-155.6,2.99,3.01,-96.44,10.88,9.44,-0.08,-0.04,-0.08,11905.7,165.0,57.54,63.86,94.0,94.0
1770324076404233881,126742,10.508,230.1,11.372,-126.0,2.46,2.75,-96.75,10.88,9.56,0.0,0.09,-0.02,11896.95,161.0,63.15,64.51,96.0,94.0
1770324076523025410,126864,9.648,219.3,10.444,-103.1,2.25,2.4,-97.06,10.56,9.69,0.21,-0.02,0.04,11891.98,162.0,64.19,65.57,96.0,94.0
1770324076646017770,126985,11.228,190.6,11.232,-128.4,1.78,2.83,-97.37,10.25,9.75,-0.29,-0.07,0.17,11891.29,162.0,65.17,68.1,96.0,94.0
1770324076768900090,127107,9.712,205.0,11.216,-98.2,2.52,2.38,-97.56,10.0,9.81,0.14,-0.25,0.31,11900.56,160.0,63.15,63.15,96.0,94.0
1770324076867241719,127230,10.052,206.3,10.416,-145.1,2.01,3.55,-97.62,9.88,9.88,0.24,-0.11,-0.43,138.4,160.0,62.77,62.77,96.0,94.0
1770324076969685421,127330,9.396,269.0,11.012,-151.6,2.09,3.2,-97.56,9.69,9.88,0.08,-0.13,0.2,178.87,160.0,61.07,58.3,96.0,94.0
1770324077067999128,127429,10.472,235.1,10.924,-187.7,2.93,3.44,-97.44,9.69,9.88,-0.23,-0.23,-0.32,176.82,155.0,52.73,51.15,96.0,94.0
1770324077195030247,127529,10.936,195.8,11.196,-218.5,2.97,2.85,-97.37,9.75,9.88,-0.26,0.06,0.57,11918.56,156.0,52.01,53.0,96.0,96.0
1770324077313829170,127653,11.236,174.4,10.624,-138.5,3.07,2.79,-97.37,9.94,9.88,0.22,0.01,-0.07,11910.67,154.0,57.72,56.36,96.0,96.0
1770324077416245210,127775,10.832,203.6,11.352,-174.3,2.56,3.07,-97.44,9.88,9.81,0.0,-0.01,-0.33,179.9,154.0,58.01,58.01,96.0,96.0
1770324077535097856,127875,9.928,216.2,10.272,-136.4,2.19,3.48,-97.56,9.63,9.69,-0.12,0.09,-0.26,11907.76,152.0,60.28,57.41,96.0,96.0
1770324077662117693,127996,11.012,206.3,11.388,-149.8,2.05,2.36,-97.75,9.44,9.56,0.04,-0.12,-0.17,11906.39,153.0,61.24,59.15,96.0,96.0
1770324077760463763,128120,9.64,204.4,11.244,-127.0,2.71,2.75,-98.06,8.94,9.13,-0.15,-0.06,0.14,173.39,153.0,59.64,56.14,96.0,96.0
1770324077889327694,128220,9.396,203.4,11.128,-126.8,2.17,2.99,-98.31,8.44,8.63,0.04,0.23,0.33,11917.36,158.0,58.37,53.58,96.0,96.0
1770324077981692786,128340,10.156,228.5,10.952,-173.2,2.93,2.71,-98.19,8.31,8.5,-0.08,-0.14,-0.25,141.14,157.0,56.68,51.82,96.0,96.0
1770324078182056552,128440,10.932,214.7,11.02,-210.4,3.83,3.16,-97.81,8.31,8.44,-0.48,0.05,-0.13,11938.12,152.0,51.63,44.61,96.0,96.0
1770324078219350004,128561,10.696,285.3,11.052,-176.0,3.18,3.93,-97.31,8.44,8.31,-0.12,-0.09,0.04,11938.46,152.0,50.81,42.83,96.0,96.0
1770324078342268285,128679,10.16,208.8,11.356,-189.1,3.4,3.61,-97.06,8.56,8.19,0.22,-0.1,0.25,11918.74,158.0,55.0,50.93,96.0,96.0
1770324078461039251,128800,11.004,175.2,11.224,-166.2,3.32,2.46,-97.06,8.63,8.06,0.05,0.06,-0.06,11915.31,155.0,58.46,53.58,98.0,96.0
1770324078583977187,128921,9.248,202.4,11.436,-149.3,2.13,3.67,-97.31,8.5,7.94,-0.24,-0.05,0.14,11913.93,157.0,61.05,54.03,98.0,96.0
1770324078706921607,129042,10.596,181.9,10.628,-129.4,2.21,3.2,-97.31,8.31,7.63,-0.02,-0.02,-0.02,11913.59,155.0,59.85,52.89,98.0,96.0
1770324078821643162,129166,10.004,162.7,11.44,-167.6,2.62,2.3,-97.31,8.13,7.31,-0.03,0.13,0.12,11916.85,155.0,58.52,52.81,98.0,96.0
1770324078924085144,129282,10.744,165.6,11.112,-148.7,2.15,2.81,-97.25,8.06,7.06,0.0,0.01,-0.03,151.09,160.0,56.14,51.18,98.0,96.0
1770324079034053095,129381,10.368,213.6,11.224,-151.7,2.46,2.68,-97.19,8.06,6.94,0.03,-0.11,0.02,159.5,160.0,56.44,50.16,98.0,96.0
1770324079145357714,129481,10.196,175.2,10.848,-135.4,3.2,2.97,-97.19,8.06,6.75,-0.11,-0.07,0.02,11924.39,160.0,56.46,48.8,98.0,96.0
1770324079268244090,129605,10.3,242.1,11.016,-185.4,3.71,3.65,-97.19,8.06,6.56,0.0,-0.06,-0.04,11937.43,163.0,52.29,43.46,98.0,96.0
1770324079391125373,129727,10.928,297.6,11.188,-156.2,2.5,4.41,-97.19,8.06,6.31,-0.06,0.05,-0.13,11936.74,160.0,53.84,40.72,98.0,96.0
1770324079509935974,129849,10.92,258.8,10.864,-169.8,2.75,3.71,-97.31,8.31,6.13,-0.04,-0.04,0.18,11919.76,166.0,58.46,48.02,98.0,98.0
1770324079636946105,129970,10.624,214.3,11.26,-141.9,2.46,3.2,-97.56,8.63,5.94,0.18,0.0,-0.17,11907.59,166.0,59.73,55.42,98.0,98.0
1770324079759907988,130098,10.412,202.3,11.384,-100.0,2.66,3.13,-97.81,8.81,5.69,0.03,-0.03,-0.03,11905.7,166.0,60.6,61.24,98.0,98.0
1770324079878703936,130217,10.896,189.8,11.112,-122.4,2.6,2.7,-98.06,8.81,5.5,-0.06,-0.16,-0.04,11909.82,171.0,58.67,60.05,98.0,98.0
1770324080001655242,130338,10.412,206.3,11.108,-163.0,2.25,3.48,-98.37,8.75,5.13,0.06,0.13,-0.02,11908.79,169.0,56.84,58.94,98.0,98.0
1770324080100002889,130459,11.204,221.9,11.18,-118.0,1.56,3.18,-98.87,8.63,4.81,-0.44,-0.37,0.33,155.04,169.0,62.24,53.09,98.0,98.0
1770324080222896646,130558,10.48,227.3,10.712,-98.4,1.39,3.54,-99.69,8.5,4.56,0.18,-0.08,-0.11,11911.36,176.0,66.02,50.71,98.0,98.0
1770324080345821284,130681,11.128,207.4,9.692,-64.6,1.6,3.09,-100.81,8.5,4.0,0.09,0.12,-0.22,11916.33,182.0,67.09,47.24,98.0,98.0
1770324080468692516,130804,10.588,263.1,10.46,-51.0,1.58,3.54,-101.62,8.38,3.63,-0.21,0.05,0.03,11914.96,187.0,69.47,44.91,100.0,98.0
1770324080583458740,130925,9.476,239.3,11.212,-55.2,1.25,3.65,-102.69,8.38,3.31,-0.02,0.09,0.04,11912.05,187.0,69.69,47.18,100.0,98.0
1770324080790048112,131042,10.188,186.9,11.404,-87.7,0.57,3.14,-103.69,8.5,3.13,0.13,-0.1,0.06,11905.02,190.0,70.29,51.5,100.0,98.0
1770324080829282989,131166,9.308,226.9,11.172,-84.4,1.66,3.91,-105.12,8.5,2.75,-0.1,0.14,-0.04,11893.87,192.0,67.36,63.32,100.0,98.0
1770324080952213740,131288,10.672,263.5,11.28,-83.6,1.31,3.24,-106.75,8.63,2.31,-0.21,-0.04,-0.13,11881.0,192.0,67.09,70.51,100.0,98.0
1770324081075111043,131410,10.5,210.9,11.468,-70.4,1.23,2.97,-108.87,8.75,2.06,-0.18,0.04,0.0,11877.23,191.0,68.33,75.23,100.0,98.0
1770324081193929998,131532,9.816,228.6,11.304,-107.2,1.37,2.6,-111.19,8.81,1.69,-0.22,0.21,0.0,11887.87,191.0,65.9,72.49,100.0,98.0
1770324081312724019,131650,9.364,291.0,11.0,-8.3,0.39,3.26,-113.94,8.81,1.37,-0.11,0.1,-0.46,11946.18,196.0,30.56,67.91,100.0,98.0
1770324081435627893,131771,9.26,273.8,11.112,-14.6,1.54,2.91,-116.69,9.06,1.31,-0.04,-0.12,0.16,11959.9,207.0,9.66,68.33,100.0,100.0
1770324081558553236,131894,9.312,216.3,11.184,-145.9,2.42,2.27,-119.0,9.31,1.44,-0.35,-0.12,0.41,11901.41,213.0,59.56,62.3,100.0,100.0
1770324081677410166,132016,10.888,170.0,11.336,-122.0,1.82,2.58,-121.31,9.94,1.81,0.25,-0.15,0.04,11913.42,213.0,60.98,56.62,100.0,100.0
1770324081775712684,132134,9.624,155.2,10.86,-150.9,1.93,2.38,-123.06,10.56,2.13,0.15,-0.01,0.03,263.08,213.0,60.15,55.64,100.0,100.0
1770324081902748862,132234,10.464,179.9,10.908,-138.8,2.23,2.91,-124.19,10.69,2.19,-0.06,0.16,-0.01,11911.02,216.0,58.3,57.8,100.0,100.0
1770324082021563192,132358,10.072,144.8,11.404,-143.7,2.42,2.6,-125.0,11.0,2.25,0.0,-0.18,-0.12,11912.39,215.0,55.91,60.74,100.0,100.0
1770324082140387655,132480,10.844,196.4,11.0,-153.0,2.07,2.66,-125.62,10.94,2.0,-0.23,-0.01,0.19,11911.87,215.0,55.89,62.43,100.0,100.0
1770324082263272424,132598,10.472,191.9,11.06,-148.7,3.42,3.34,-126.12,10.81,1.75,-0.31,0.06,0.1,11915.13,217.0,51.46,64.16,100.0,100.0
1770324082386175476,132721,10.612,277.2,10.94,-185.6,2.81,4.77,-126.75,11.06,1.75,0.0,-0.18,0.16,11924.74,223.0,50.8,56.37,100.0,100.0
1770324082509076713,132843,10.212,206.5,11.06,-193.3,3.09,2.83,-127.19,11.44,1.75,0.26,-0.09,-0.22,11916.33,226.0,53.15,57.29,100.0,100.0
1770324082607444150,132965,10.344,171.3,11.048,-162.5,3.2,2.23,-127.56,11.81,1.56,0.06,0.05,-0.32,248.68,226.0,54.92,54.92,102.0,100.0
1770324082730360874,133065,10.416,131.2,11.416,-162.3,2.46,2.13,-127.81,12.06,1.44,-0.11,-0.04,0.09,11917.19,224.0,56.3,57.26,102.0,100.0
1770324082849187337,133186,10.676,158.5,10.924,-158.1,2.13,2.23,-128.0,12.06,1.31,-0.27,-0.12,0.57,11918.05,219.0,56.6,54.53,102.0,100.0
1770324082972144721,133305,11.176,182.4,11.352,-194.7,2.83,2.32,-128.13,12.13,1.44,-0.12,-0.17,-0.39,11915.99,223.0,56.84,56.84,102.0,100.0
1770324083086818675,133428,9.66,149.6,11.324,-177.8,2.46,2.52,-128.31,12.19,1.5,-0.1,0.0,-0.05,11919.42,223.0,55.65,55.65,102.0,100.0
1770324083185133758,133543,10.384,185.5,10.852,-133.9,3.48,3.03,-128.5,12.25,1.63,-0.03,-0.01,-0.01,247.47,220.0,55.12,53.58,102.0,100.0
1770324083287552243,133643,11.004,151.3,10.952,-207.5,4.06,2.34,-128.56,12.31,1.81,-0.04,-0.25,-0.2,243.36,220.0,54.59,53.67,102.0,100.0
1770324083389993216,133743,11.192,179.2,10.872,-185.0,3.34,3.4,-128.63,12.5,2.0,-0.26,-0.02,0.0,235.3,220.0,49.58,51.94,102.0,100.0
1770324083488362983,133843,10.772,184.1,11.124,-223.1,3.89,2.7,-128.63,12.56,2.25,-0.3,-0.05,0.2,229.47,224.0,49.68,48.84,102.0,100.0
1770324083586675251,133943,10.416,148.3,11.128,-185.2,3.38,2.95,-128.56,12.63,2.31,0.0,0.11,0.15,239.93,224.0,51.61,50.7,102.0,102.0
1770324083709579308,134043,10.872,126.6,11.036,-177.3,3.32,1.99,-128.56,12.69,2.44,-0.14,0.09,0.52,11919.94,224.0,55.5,53.11,102.0,102.0
1770324084026048187,134164,9.588,137.9,10.408,-176.7,3.14,2.23,-128.75,12.81,2.5,0.13,-0.02,-0.11,11920.11,227.0,55.67,54.28,102.0,102.0
1770324084037398092,134286,11.004,107.4,11.112,-187.5,2.99,2.5,-128.94,12.81,2.75,0.0,0.04,-0.12,232.9,227.0,54.92,53.09,102.0,102.0
1770324084048573594,134386,9.836,118.2,11.34,-169.5,2.85,2.52,-129.13,12.88,3.06,0.0,-0.12,0.1,247.99,229.0,55.87,51.15,102.0,102.0
1770324084152055034,134487,10.568,125.8,11.296,-194.9,2.93,2.23,-129.25,12.94,3.31,-0.1,0.1,-0.37,11922.34,225.0,56.47,53.49,102.0,102.0
1770324084254492736,134608,10.944,100.1,10.608,-158.0,3.07,1.6,-129.5,13.06,3.63,-0.04,0.07,-0.19,248.85,225.0,54.92,53.09,102.0,102.0
1770324084352764843,134709,11.016,116.6,11.124,-206.8,3.91,1.95,-129.81,13.25,3.94,-0.05,0.25,0.26,243.19,225.0,54.02,53.22,102.0,102.0
1770324084475690568,134809,10.564,158.5,10.904,-240.9,3.32,3.07,-130.0,13.44,4.56,0.0,-0.11,0.01,11945.49,228.0,47.55,46.56,102.0,102.0
1770324084578148943,134931,10.056,218.3,11.22,-206.9,3.55,3.36,-130.19,13.81,5.31,0.11,0.05,-0.03,237.18,228.0,45.76,42.1,102.0,102.0
1770324084696981223,135031,10.816,182.3,11.156,-208.6,3.11,3.24,-130.19,14.0,5.88,-0.02,-0.16,-0.12,11940.17,215.0,49.95,43.77,102.0,102.0
1770324084894050298,135152,10.976,110.4,10.388,-175.9,3.59,2.52,-129.88,14.25,6.38,-0.16,0.25,0.05,11919.76,213.0,55.43,54.03,104.0,102.0
1770324084942802496,135277,11.156,124.0,11.404,-185.2,2.36,1.8,-130.06,14.5,6.88,-0.15,0.09,-0.1,11920.11,209.0,56.36,55.68,104.0,102.0
1770324085065708955,135398,10.252,95.1,11.048,-191.2,2.85,1.95,-130.25,14.81,7.63,0.14,0.04,-0.09,11919.76,205.0,56.6,52.46,104.0,102.0
1770324085188627643,135519,11.176,123.8,11.396,-163.0,2.54,2.34,-130.13,14.88,8.19,0.01,0.01,-0.21,11925.25,201.0,57.29,49.0,104.0,102.0
1770324085286962697,135642,10.04,104.4,11.144,-181.6,3.14,1.78,-129.75,14.88,8.31,0.07,0.14,0.06,145.43,201.0,56.14,48.65,104.0,102.0
1770324085389345209,135741,10.872,99.9,11.416,-150.1,3.38,1.86,-129.5,14.94,8.56,-0.02,-0.01,-0.06,164.47,199.0,54.3,48.79,104.0,102.0
1770324085508151624,135842,9.776,120.5,11.428,-200.7,2.81,1.88,-129.13,15.0,8.75,0.07,0.13,0.03,11936.4,191.0,53.99,47.55,104.0,102.0
1770324085627021427,135963,10.5,157.9,11.128,-170.8,3.34,2.93,-128.81,15.13,9.0,0.03,0.01,0.09,11943.77,191.0,51.54,42.83,104.0,102.0
1770324085725369614,136080,11.128,160.0,10.988,-207.5,2.91,3.96,-128.31,15.19,9.19,0.12,0.0,0.06,199.45,190.0,51.82,37.24,104.0,102.0
1770324085852323942,136180,10.356,160.8,10.908,-161.7,2.79,4.32,-127.62,15.19,9.44,-0.1,0.17,-0.24,11943.09,191.0,53.49,37.64,104.0,102.0
1770324085971151696,136305,10.732,188.9,9.952,-192.2,2.42,2.89,-126.62,15.13,9.88,-0.17,0.2,0.24,11932.28,187.0,57.04,40.74,104.0,102.0
1770324086089998977,136426,10.776,93.6,10.18,-172.4,2.71,1.54,-125.62,15.13,10.38,-0.04,-0.02,-0.19,11920.96,187.0,58.8,47.91,104.0,104.0
1770324086208783237,136542,10.64,104.3,10.636,-144.6,2.25,2.05,-124.94,15.25,10.69,-0.53,0.06,0.04,11927.48,185.0,59.36,46.93,104.0,104.0
1770324086335812014,136664,11.048,111.5,11.3,-131.9,2.95,2.19,-124.25,15.44,10.88,0.16,-0.05,-0.31,11928.17,185.0,58.67,46.24,104.0,104.0
1770324086434079868,136788,10.752,118.5,11.24,-176.3,1.99,3.07,-123.37,15.5,11.13,0.14,0.06,-0.09,161.21,185.0,57.89,43.86,104.0,104.0
1770324086532385881,136887,9.8,116.3,11.276,-129.9,2.23,2.25,-122.69,15.44,11.31,-0.39,0.06,-0.16,163.1,184.0,58.54,45.71,104.0,104.0
1770324086634874809,136987,10.224,132.7,11.1,-167.2,2.6,2.48,-122.06,15.56,11.5,0.0,0.02,0.01,172.36,184.0,55.84,46.09,104.0,104.0
1770324086733225298,137088,11.14,126.5,11.092,-171.6,2.52,2.03,-121.37,15.63,11.75,-0.11,0.01,0.12,183.16,181.0,56.4,45.28,104.0,104.0
1770324086835632888,137188,9.34,115.6,11.128,-180.7,2.3,2.68,-120.81,15.63,11.94,-0.05,0.04,-0.06,179.39,179.0,57.26,43.79,104.0,104.0
1770324086933935696,137288,9.98,147.2,11.312,-185.0,2.52,2.38,-120.31,15.56,12.19,0.01,0.02,0.14,196.37,179.0,57.01,40.35,106.0,104.0
1770324087226052629,137389,10.884,134.9,11.152,-136.8,2.29,2.91,-119.75,15.44,12.31,0.34,-0.01,-0.16,11935.71,177.0,59.8,39.23,106.0,104.0
1770324087282220196,137511,10.884,155.9,11.38,-152.7,2.19,3.65,-118.81,15.25,12.44,0.0,-0.06,0.01,11939.49,171.0,59.36,36.58,106.0,104.0
1770324087290626929,137635,10.112,146.1,11.06,-157.3,3.03,3.05,-117.81,15.25,12.44,0.07,-0.16,-0.11,156.75,170.0,57.7,37.42,106.0,104.0
1770324087380459400,137735,11.076,158.3,10.944,-189.6,2.21,2.68,-117.0,15.44,12.31,0.04,0.04,-0.17,138.4,170.0,57.04,38.93,106.0,104.0
1770324087503411661,137835,10.984,113.9,11.44,-176.9,3.05,2.05,-116.31,15.5,12.19,-0.14,0.11,0.02,11927.14,172.0,57.89,47.37,106.0,104.0
1770324087626354531,137956,10.972,119.1,11.304,-225.5,3.89,2.52,-116.0,15.69,12.19,0.18,-0.09,-0.12,11942.92,167.0,48.71,47.32,106.0,104.0
1770324087749261465,138081,10.444,116.7,11.176,-219.2,3.26,1.84,-115.69,15.88,12.13,0.05,-0.06,-0.07,11934.17,167.0,51.46,44.78,106.0,104.0
1770324087872171177,138203,10.692,131.4,11.332,-178.6,2.91,2.34,-115.25,15.94,12.0,0.11,0.01,-0.23,11932.97,173.0,55.67,43.15,106.0,104.0
1770324087990990971,138324,9.988,111.6,11.112,-183.9,3.13,2.17,-114.81,15.81,11.94,-0.19,0.12,0.02,11929.37,173.0,56.37,45.67,106.0,104.0
1770324088113897126,138441,10.872,98.7,11.212,-160.1,2.15,2.13,-114.69,15.63,11.94,-0.04,0.15,0.04,11929.2,174.0,58.94,47.01,106.0,104.0
1770324088240894271,138566,10.712,123.1,10.436,-135.4,2.83,2.09,-114.5,15.38,11.88,-0.05,0.02,-0.04,11930.57,174.0,59.76,44.14,106.0,104.0
1770324088339239716,138693,10.256,147.2,10.52,-138.3,2.91,2.23,-114.56,15.13,11.88,-0.22,-0.14,-0.03,150.41,174.0,57.2,38.13,106.0,104.0
1770324088437477909,138792,10.736,153.8,11.164,-154.2,3.57,2.71,-114.25,15.13,11.69,0.13,-0.04,-0.04,154.01,176.0,56.14,36.89,106.0,104.0
1770324088539943125,138892,10.964,170.7,11.268,-198.3,2.7,2.64,-113.81,15.06,11.44,0.02,-0.04,0.1,134.97,179.0,54.44,34.02,106.0,104.0
1770324088642404506,138992,11.024,140.4,11.2,-220.3,4.22,3.22,-113.37,15.13,11.25,-0.3,-0.11,0.07,160.35,179.0,51.41,34.57,106.0,104.0
1770324088761175835,139092,9.488,137.8,11.0,-230.4,4.34,3.34,-112.87,15.38,10.88,-0.15,0.12,-0.07,11961.1,180.0,43.77,34.73,106.0,104.0
1770324088884123302,139215,10.724,120.7,10.788,-223.3,4.12,2.25,-112.44,15.75,10.56,0.0,0.48,0.08,11937.94,184.0,48.71,44.54,106.0,106.0
1770324089178068365,139336,11.272,83.4,10.604,-176.3,4.04,1.33,-112.19,15.88,10.44,0.07,-0.12,0.04,11933.66,184.0,54.28,45.23,106.0,106.0
1770324089199595866,139461,10.656,96.8,11.368,-145.4,2.23,2.09,-111.87,15.75,10.5,-0.06,0.03,0.14,181.1,184.0,56.71,44.68,108.0,106.0
1770324089232378054,139561,11.1,104.4,10.98,-136.9,3.26,1.95,-111.69,15.44,10.5,-0.14,0.06,-0.05,11925.94,181.0,59.8,44.02,108.0,106.0
1770324089330693256,139682,9.52,105.6,11.352,-135.1,2.56,1.74,-111.37,15.19,10.44,0.0,0.0,-0.14,168.76,181.0,58.58,40.27,108.0,106.0
1770324089457665658,139783,10.824,80.1,11.22,-135.5,3.38,1.86,-111.31,15.0,10.38,0.03,0.0,-0.05,11930.05,180.0,58.22,43.31,108.0,106.0
1770324089555998162,139908,10.428,88.6,9.952,-189.4,3.05,2.19,-111.31,14.69,10.13,0.14,0.06,-0.02,139.77,177.0,57.61,42.84,108.0,106.0
1770324089658463361,140008,11.132,90.7,11.252,-174.2,2.32,2.38,-111.06,14.44,10.0,-0.12,0.02,0.05,160.35,177.0,58.23,42.1,108.0,106.0
1770324089781357545,140108,10.42,110.0,11.216,-173.5,3.65,2.64,-110.94,14.25,9.88,0.01,0.0,-0.1,11937.6,177.0,55.66,39.49,108.0,106.0
1770324089879693290,140231,10.764,122.2,11.144,-229.4,4.39,3.18,-110.44,14.25,9.75,-0.02,-0.16,0.14,180.93,173.0,48.58,34.01,108.0,106.0
1770324090006052880,140332,9.496,135.9,11.296,-269.6,4.82,3.57,-110.06,14.25,9.63,0.2,-0.03,-0.02,169.61,173.0,48.89,31.69,108.0,106.0
1770324090080451683,140432,9.652,157.7,11.212,0.0,3.14,3.55,-109.56,14.13,9.5,0.02,0.06,-0.06,177.33,170.0,50.05,29.39,108.0,106.0
1770324090203344269,140532,9.928,143.4,11.036,-196.2,2.6,3.46,-109.06,13.94,9.44,-0.04,0.11,0.0,11949.78,174.0,54.98,28.73,108.0,106.0
1770324090330360654,140653,10.18,133.4,10.96,-170.6,3.07,3.24,-108.62,13.75,9.44,0.06,0.09,0.1,11946.69,177.0,55.68,31.24,108.0,106.0
1770324090449114049,140779,10.444,120.6,10.828,-187.2,2.97,1.97,-108.19,13.63,9.44,-0.03,-0.23,-0.36,11934.17,169.0,56.36,40.07,108.0,106.0
1770324090547439354,140900,9.672,106.4,10.66,-163.9,3.54,1.56,-108.12,13.69,9.44,-0.05,-0.08,-0.14,176.13,169.0,54.27,41.17,108.0,106.0
1770324090670426836,141000,10.176,104.2,11.288,-201.0,3.07,2.44,-107.94,13.75,9.44,0.0,-0.01,-0.15,11932.11,168.0,56.78,41.38,108.0,106.0
1770324090772836707,141121,10.008,89.8,11.32,-154.7,2.91,2.03,-107.44,13.63,9.25,-0.19,-0.03,0.14,165.84,168.0,56.75,40.27,108.0,106.0
1770324090871146175,141221,10.576,85.1,10.968,-207.8,4.34,2.29,-107.12,13.63,9.13,0.16,0.07,-0.16,168.24,173.0,51.15,40.13,108.0,106.0
1770324090974051249,141321,9.472,88.2,10.996,-254.2,4.65,2.13,-106.94,13.63,8.94,-0.15,0.03,0.08,181.96,174.0,48.0,42.1,108.0,106.0
1770324091071893687,141421,11.064,101.3,11.436,-217.2,4.02,1.48,-106.81,13.56,8.81,-0.05,0.18,-0.04,188.82,174.0,51.41,43.43,108.0,106.0
1770324091170221888,141521,9.88,107.2,11.136,-155.6,3.13,2.52,-106.81,13.44,8.69,0.05,0.01,-0.1,197.74,175.0,54.81,43.69,108.0,106.0
1770324091297217132,141621,10.88,91.5,11.072,0.0,2.91,2.29,-106.62,13.31,8.63,-0.14,0.04,-0.11,11935.54,178.0,56.3,40.36,110.0,106.0
1770324091420088638,141749,9.684,141.3,11.196,-189.4,2.44,3.52,-106.25,13.13,8.69,0.07,0.03,0.01,11938.29,181.0,55.69,35.8,110.0,106.0
1770324091548988849,141870,9.868,135.5,10.8,-203.8,2.71,3.22,-105.69,13.0,8.63,-0.1,-0.09,0.0,11946.18,184.0,54.98,31.32,110.0,106.0
1770324091641341080,141991,10.064,193.2,10.524,-222.9,3.54,3.26,-104.94,12.94,8.5,0.05,-0.08,0.17,185.39,184.0,52.39,29.94,110.0,106.0
1770324091764259190,142092,10.784,146.8,10.632,-204.8,3.09,2.99,-104.25,12.88,8.31,0.07,-0.07,0.05,11949.43,185.0,53.11,29.66,110.0,106.0
1770324091958053362,142216,10.896,144.4,10.336,-182.0,3.65,3.34,-103.44,12.81,8.19,-0.26,-0.11,0.16,11953.38,185.0,51.05,30.5,110.0,106.0
1770324092010087278,142339,10.42,115.0,10.92,-283.6,4.77,2.87,-102.69,12.94,8.06,-0.17,0.16,0.07,11944.63,186.0,45.23,39.67,110.0,108.0
1770324092128894047,142460,9.832,103.7,10.912,-241.0,3.46,1.84,-102.44,13.19,8.0,-0.02,0.12,-0.16,11936.4,186.0,50.09,44.28,110.0,108.0
1770324092251822050,142576,11.052,110.1,11.12,-221.8,3.69,2.23,-102.31,13.38,7.94,0.07,0.16,-0.09,11932.28,186.0,54.53,44.17,110.0,108.0
1770324092374676368,142702,10.908,103.9,10.884,-150.8,3.36,2.83,-102.06,13.38,7.88,0.14,0.07,-0.08,11930.05,182.0,57.72,42.1,110.0,108.0
1770324092497579069,142823,11.024,125.0,11.404,-186.0,3.09,2.93,-101.69,13.25,7.94,0.06,0.15,-0.06,11929.2,185.0,58.87,43.13,110.0,108.0
1770324092595927780,142946,9.892,114.7,11.38,-140.7,3.01,2.34,-101.25,13.13,7.88,0.01,0.14,0.07,193.97,185.0,58.01,46.78,110.0,108.0
1770324092722939989,143046,10.932,78.8,11.144,-130.9,3.16,1.31,-101.0,13.13,7.81,-0.04,0.0,-0.13,11920.79,186.0,60.42,48.52,110.0,108.0
1770324092922047533,143171,10.904,93.0,10.784,-143.6,3.09,1.82,-100.75,13.13,7.81,0.25,0.1,-0.1,11920.96,189.0,58.4,46.18,110.0,108.0
1770324092944188715,143292,10.672,116.6,11.136,-152.5,2.29,2.75,-100.06,13.0,7.69,0.01,0.0,0.0,139.26,189.0,58.58,42.1,110.0,108.0
1770324093062982586,143392,9.7,175.2,11.364,-236.6,3.75,2.7,-99.44,13.0,7.56,-0.27,-0.25,0.0,11950.46,188.0,53.41,37.05,110.0,108.0
1770324093195901149,143513,9.772,195.8,10.9,-224.2,4.38,4.71,-98.62,13.06,7.5,0.16,0.14,0.0,11953.55,187.0,48.71,31.32,110.0,108.0
1770324093312904761,143637,9.252,159.1,11.12,-209.2,3.73,4.0,-97.75,13.06,7.44,0.08,0.03,-0.31,11947.55,190.0,49.45,31.41,110.0,108.0
1770324093411166806,143760,10.8,172.0,10.96,-233.3,4.14,3.89,-96.87,13.0,7.38,0.06,0.2,0.11,191.91,190.0,53.09,32.95,110.0,108.0
1770324093534080272,143860,10.128,83.8,11.392,-175.1,2.89,1.39,-96.37,12.94,7.44,0.02,0.0,0.25,11905.19,193.0,58.7,46.67,112.0,108.0
1770324093632496373,143981,9.804,107.3,11.228,-133.7,2.95,1.82,-96.06,13.0,7.5,0.08,0.03,-0.19,182.3,192.0,59.26,51.46,112.0,108.0
1770324093755351751,144081,10.3,135.1,10.636,-127.5,2.97,2.83,-95.81,13.06,7.56,-0.18,0.12,0.14,11909.82,190.0,60.43,54.49,112.0,108.0
1770324093870069267,144202,10.524,141.4,10.532,-160.1,2.32,1.95,-95.62,13.06,7.56,0.18,0.18,0.13,11907.93,190.0,61.31,56.14,112.0,108.0
1770324093968356504,144318,10.208,129.4,9.948,-135.8,2.19,1.89,-95.44,13.0,7.5,0.11,0.13,-0.07,151.43,185.0,59.44,54.49,112.0,108.0
1770324094070818265,144418,11.172,117.5,10.448,-181.7,2.95,1.68,-95.25,13.0,7.44,0.28,-0.04,0.05,192.59,185.0,60.27,55.84,112.0,108.0
1770324094193713455,144519,10.592,114.6,11.024,-163.5,3.73,2.15,-95.25,13.06,7.5,-0.02,-0.02,-0.35,11920.62,184.0,55.98,51.19,112.0,108.0
1770324094312529759,144641,10.652,156.6,11.108,-198.4,2.95,2.77,-94.81,13.06,7.44,0.17,-0.02,-0.1,11930.4,186.0,55.67,43.15,112.0,108.0
1770324094435381234,144761,10.412,182.0,11.308,-182.3,3.4,3.42,-94.31,12.94,7.38,-0.15,-0.14,0.05,11931.77,189.0,55.91,40.72,112.0,108.0
1770324094558298818,144883,9.96,192.9,10.784,-167.1,3.54,3.95,-93.87,12.81,7.44,-0.15,-0.15,-0.19,11929.03,183.0,57.54,41.4,112.0,108.0
1770324094673037516,145007,9.996,141.1,11.112,-185.5,3.2,2.19,-93.44,12.75,7.5,-0.02,0.06,0.11,11915.65,183.0,58.52,50.67,112.0,110.0
1770324094775472469,145122,11.272,116.9,11.072,-168.1,2.34,2.5,-93.25,12.81,7.56,-0.04,0.07,0.11,182.3,195.0,58.3,51.82,112.0,110.0
1770324094873784786,145222,9.836,128.4,11.036,-163.4,2.54,1.89,-93.12,13.0,7.5,-0.01,-0.02,0.03,160.87,195.0,58.77,54.38,112.0,110.0
1770324094976204643,145323,11.008,141.6,11.12,-185.0,2.42,2.32,-93.0,13.0,7.5,0.03,0.01,-0.26,150.41,193.0,59.11,54.25,112.0,110.0
1770324095074535636,145423,9.428,117.1,11.28,-188.8,3.14,2.05,-92.81,12.94,7.44,0.0,0.1,-0.01,158.98,196.0,60.26,52.83,112.0,110.0
1770324095176957397,145523,10.696,118.7,10.832,-191.1,2.85,1.84,-92.81,13.0,7.38,-0.1,-0.05,0.35,171.5,196.0,56.14,54.33,112.0,110.0
1770324095295744962,145624,10.252,129.2,11.224,-203.1,3.07,2.32,-92.87,13.06,7.25,-0.07,0.12,-0.16,11908.96,195.0,57.09,57.09,112.0,110.0
1770324095422703112,145744,10.856,164.6,11.136,-174.9,3.24,3.05,-93.0,13.0,7.19,-0.15,-0.1,0.52,11916.85,201.0,59.56,52.03,112.0,110.0
1770324095545658674,145868,10.324,206.7,10.816,-214.8,3.34,4.02,-92.94,12.75,7.19,-0.14,0.0,0.06,11932.11,196.0,56.37,44.54,114.0,110.0
1770324095643994772,145992,10.808,183.0,11.248,-178.4,3.71,3.14,-92.75,12.56,7.25,-0.09,0.16,-0.06,172.87,196.0,56.14,42.1,114.0,110.0
1770324095772161409,146093,10.16,168.9,11.36,-197.2,3.89,3.52,-92.25,12.44,7.25,-0.15,0.06,-0.27,11929.03,194.0,56.14,42.82,114.0,110.0
1770324095865218713,146213,9.832,157.5,11.064,-192.1,3.13,2.64,-91.81,12.56,7.19,0.02,0.05,-0.3,160.01,196.0,56.14,51.18,114.0,110.0
1770324095992213741,146313,10.708,109.1,10.764,-176.7,2.52,1.52,-91.56,12.75,7.13,0.1,0.05,0.01,11913.76,201.0,57.95,53.49,114.0,110.0
1770324096090554215,146438,10.376,163.9,11.348,-141.7,3.32,2.7,-91.31,12.81,7.06,-0.12,-0.05,0.06,176.47,201.0,57.89,49.12,114.0,110.0
1770324096209339399,146538,9.264,194.0,10.948,-174.1,2.71,2.79,-91.12,12.94,7.0,0.27,0.08,-0.04,11918.56,194.0,55.02,52.15,114.0,110.0
1770324096332267479,146657,10.74,120.3,11.152,-207.5,3.34,2.11,-91.06,12.94,7.0,-0.06,0.11,0.01,11910.67,195.0,56.61,57.32,114.0,110.0
1770324096450981517,146778,10.36,150.1,10.736,-196.3,2.68,1.72,-91.25,13.0,7.0,0.0,0.13,0.16,11907.76,191.0,59.15,57.76,114.0,110.0
1770324096559401669,146899,10.888,122.5,10.66,-175.1,3.13,2.64,-91.44,12.94,7.0,0.08,0.13,-0.08,190.71,191.0,58.58,54.92,114.0,110.0
1770324096651798692,146998,10.924,143.4,11.068,-177.8,2.71,2.52,-91.5,12.81,7.13,-0.05,-0.09,-0.08,173.56,191.0,59.34,52.93,114.0,110.0
1770324096750119207,147098,10.54,170.9,11.092,-194.0,2.54,3.14,-91.37,12.63,7.25,-0.08,-0.29,-0.07,184.71,191.0,58.5,46.98,114.0,110.0
1770324096852559725,147198,10.376,202.4,11.236,-177.0,3.5,3.85,-91.06,12.56,7.25,-0.02,-0.09,-0.03,177.67,190.0,57.99,43.69,114.0,110.0
1770324097050046211,147299,10.628,185.7,10.932,-191.1,2.87,3.26,-90.69,12.69,7.19,-0.09,0.21,0.03,11917.54,188.0,57.46,50.03,114.0,112.0
1770324097073791135,147421,9.656,141.0,10.664,-156.3,2.19,2.27,-90.44,12.88,7.06,0.02,0.17,0.17,133.6,188.0,58.58,54.92,114.0,112.0
1770324097196675472,147520,11.252,128.9,11.4,-176.6,2.48,2.52,-90.19,13.0,7.0,-0.09,0.03,0.06,11920.28,184.0,58.37,54.54,114.0,112.0
1770324097299121314,147644,10.548,172.2,11.044,-165.8,3.3,2.42,-90.06,13.25,6.88,0.0,-0.04,-0.07,184.71,186.0,56.14,54.49,114.0,112.0
1770324097417859346,147744,9.728,169.3,11.004,-161.9,3.22,2.79,-89.81,13.31,6.75,0.19,0.07,0.05,11909.99,184.0,57.95,57.46,114.0,112.0
1770324097520277979,147865,11.112,141.2,9.896,-130.0,3.09,2.48,-89.62,13.31,6.63,0.0,0.09,-0.06,184.71,184.0,59.64,57.89,114.0,112.0
1770324097643245186,147965,10.644,157.6,11.204,-154.7,1.82,2.32,-89.69,13.19,6.63,0.01,0.17,0.15,11899.87,188.0,64.11,60.28,116.0,112.0
1770324097762048139,148087,9.772,164.6,11.188,-109.6,2.38,3.13,-89.69,12.94,6.75,-0.06,-0.13,0.07,11907.59,185.0,65.42,55.67,116.0,112.0
1770324097864457770,148209,10.612,250.4,11.288,-158.8,1.95,3.75,-89.44,12.81,6.75,0.04,-0.16,-0.13,188.82,185.0,64.07,53.09,116.0,112.0
1770324098062046745,148310,10.384,216.9,10.656,-167.3,2.66,3.5,-89.12,12.88,6.69,0.04,-0.11,-0.5,11906.39,185.0,61.72,57.89,116.0,112.0
1770324098085697264,148431,9.864,141.1,11.116,-148.1,1.97,2.29,-88.81,12.94,6.56,-0.03,0.05,-0.15,150.41,183.0,63.15,64.77,116.0,112.0
1770324098208568215,148530,9.756,168.6,11.28,-208.3,3.18,3.13,-88.56,13.19,6.5,0.11,-0.03,0.0,11910.33,184.0,58.79,64.27,116.0,112.0
1770324098310995021,148656,10.78,196.7,10.344,-227.7,3.34,3.44,-88.56,13.44,6.38,-0.02,0.05,-0.05,198.43,184.0,53.27,60.15,116.0,112.0
1770324098409250405,148756,10.34,186.0,10.976,-143.8,3.01,2.58,-88.56,13.44,6.25,-0.03,0.0,0.0,192.77,178.0,57.45,59.81,116.0,112.0
1770324098532197780,148856,9.228,212.8,11.12,-185.2,2.62,2.7,-88.37,13.44,6.06,-0.08,0.04,0.23,11898.5,178.0,63.4,62.91,116.0,112.0
1770324098655126780,148978,10.584,189.8,11.3,-147.6,1.95,2.3,-88.31,13.19,6.0,-0.06,0.04,-0.09,11896.44,178.0,65.96,63.15,116.0,112.0
1770324098765730114,149099,10.348,182.5,10.76,-154.0,2.36,3.05,-88.06,12.94,5.94,-0.02,-0.18,0.12,11907.93,178.0,64.61,57.35,116.0,112.0
1770324098864067202,149211,10.504,224.9,11.324,-130.9,2.85,3.38,-87.56,12.81,5.81,-0.03,-0.05,-0.17,126.91,180.0,62.71,53.75,116.0,112.0
1770324098966489822,149311,10.628,231.1,11.328,-171.5,3.42,3.3,-87.06,12.81,5.56,-0.13,0.19,0.31,192.59,180.0,60.91,56.44,116.0,112.0
1770324099089388733,149411,10.628,186.9,11.056,-169.3,2.83,2.05,-86.69,12.94,5.38,-0.11,0.16,0.02,11903.3,184.0,60.89,62.8,116.0,114.0
1770324099282045798,149532,10.732,201.0,11.176,-235.7,3.55,2.19,-86.56,13.19,5.31,0.11,-0.02,-0.02,11908.27,192.0,57.76,62.63,116.0,114.0
1770324099335195639,149657,10.744,186.9,11.112,-180.9,2.15,3.13,-86.56,13.31,5.31,0.11,0.06,-0.33,11899.53,189.0,62.15,62.82,116.0,114.0
1770324099458049164,149780,10.084,151.2,11.24,-146.1,2.27,2.97,-86.5,13.13,5.31,0.12,-0.24,0.02,11894.04,197.0,63.67,65.04,118.0,114.0
1770324099556364673,149903,10.524,166.9,11.336,-142.4,2.62,2.85,-86.56,12.94,5.44,0.11,0.0,-0.02,198.77,197.0,60.41,64.07,118.0,114.0
1770324099687512476,150003,10.48,164.8,11.316,-111.1,2.38,2.97,-86.75,12.63,5.63,0.09,-0.03,-0.14,11893.87,195.0,64.96,64.96,118.0,114.0
1770324099818046627,150133,10.336,220.8,11.056,-152.7,2.3,3.98,-86.69,12.25,5.69,-0.27,-0.21,0.01,11906.04,194.0,62.68,58.25,118.0,114.0
1770324099912843781,150256,11.064,265.2,10.656,-161.4,2.48,2.99,-86.37,12.19,5.63,-0.05,-0.03,0.18,192.59,194.0,60.41,58.58,118.0,114.0
1770324100011154530,150355,10.048,198.1,11.256,-177.2,2.71,2.15,-86.12,12.25,5.56,-0.14,0.18,-0.07,132.23,197.0,62.55,65.76,118.0,114.0
1770324100109475868,150455,10.424,213.7,10.916,-158.1,2.6,2.48,-86.06,12.31,5.56,0.0,0.04,-0.16,200.14,193.0,61.86,66.16,118.0,114.0
1770324100211901948,150555,10.048,160.4,11.416,-188.5,2.66,2.93,-86.0,12.44,5.56,0.1,0.0,0.19,193.28,193.0,55.84,63.82,118.0,114.0
1770324100310212283,150656,10.62,207.8,10.824,-174.2,3.46,3.18,-85.94,12.44,5.5,-0.05,0.12,-0.19,199.28,193.0,57.2,64.35,118.0,114.0
1770324100433078222,150756,10.596,200.4,11.148,-187.7,2.46,2.13,-85.62,12.19,5.5,-0.05,-0.14,-0.13,11893.35,192.0,59.09,67.46,118.0,114.0
1770324100531397893,150877,10.42,227.1,10.964,-146.7,2.44,2.48,-85.25,11.63,5.31,-0.04,0.21,-0.09,179.9,192.0,62.71,66.29,118.0,114.0
1770324100633857776,150977,10.356,243.8,10.876,-140.1,2.62,4.06,-85.37,11.31,5.38,-0.14,0.19,-0.06,184.71,189.0,61.75,62.55,118.0,114.0
1770324100732229977,151077,10.484,258.2,10.964,-182.0,3.16,4.45,-85.37,11.06,5.38,0.23,0.24,-0.03,193.97,190.0,61.69,59.19,118.0,114.0
1770324100930044106,151177,9.828,279.6,11.236,-145.4,2.99,3.55,-85.31,10.94,5.38,0.11,-0.12,-0.95,11897.3,188.0,60.15,64.66,118.0,116.0
1770324100953404343,151299,10.368,215.9,10.932,-123.7,2.44,2.89,-85.31,11.06,5.31,-0.19,-0.03,-0.12,214.38,188.0,62.24,78.71,118.0,116.0
1770324101055826199,151398,10.24,193.2,11.232,-152.7,2.38,2.75,-85.44,11.13,5.31,0.74,0.0,-1.09,171.5,191.0,63.55,76.26,118.0,116.0
1770324101154140525,151498,10.028,213.1,11.14,-171.9,2.29,2.71,-85.69,11.13,5.25,0.03,-0.16,-0.15,179.9,191.0,63.38,76.96,118.0,116.0
1770324101256550000,151599,10.564,260.3,10.672,-137.1,2.97,2.87,-85.81,11.25,5.13,-0.06,-0.06,-0.05,185.73,189.0,60.37,75.47,118.0,116.0
1770324101354877866,151699,9.756,254.1,11.368,-129.2,2.36,3.69,-85.87,11.06,4.94,-0.11,0.11,-0.05,193.8,189.0,60.52,75.43,118.0,116.0
1770324101457257167,151799,10.696,287.7,11.136,-115.2,2.36,3.52,-86.0,10.75,4.88,-0.13,0.0,0.0,189.51,193.0,63.55,72.29,120.0,116.0
1770324101555594794,151899,11.016,271.5,10.848,-138.6,1.88,3.16,-86.25,10.5,4.94,0.02,-0.04,0.33,163.61,197.0,66.34,71.45,120.0,116.0
1770324101653948795,151999,11.08,310.0,11.352,-154.0,2.54,3.87,-86.25,10.25,4.94,0.0,0.23,0.1,202.2,197.0,64.7,70.91,120.0,116.0
1770324101756353157,152098,10.82,175.6,11.232,-118.0,2.23,2.87,-86.37,10.38,4.94,-0.16,0.05,0.22,176.99,196.0,65.32,75.55,120.0,116.0
1770324101879256419,152198,11.084,222.0,10.756,-143.5,1.76,2.99,-86.75,10.63,4.94,0.53,-0.53,-0.41,11875.69,196.0,65.77,79.22,120.0,116.0
1770324101977599639,152322,10.144,191.0,11.188,-112.0,2.42,2.62,-87.37,10.44,4.75,-0.25,0.12,0.07,197.57,196.0,65.49,76.72,120.0,116.0
1770324102096383837,152422,10.876,246.4,11.064,-155.1,2.23,2.77,-87.75,10.56,4.75,0.16,-0.31,0.21,11882.38,199.0,64.11,77.51,120.0,116.0
1770324102198810468,152541,10.684,259.0,10.648,-107.8,2.75,3.89,-88.44,10.5,4.63,-0.2,-0.1,0.16,205.11,200.0,63.15,74.49,120.0,116.0
1770324102297119794,152641,11.164,274.5,11.092,-144.2,2.23,3.54,-88.94,10.38,4.69,0.0,-0.06,-0.01,209.4,200.0,62.93,72.68,120.0,116.0
1770324102428163771,152740,10.824,194.3,11.264,-134.0,2.13,2.56,-89.37,10.19,4.75,0.39,-0.13,-0.85,11880.32,208.0,64.48,74.1,120.0,118.0
1770324102526496509,152870,9.492,174.8,11.212,-137.0,1.91,2.23,-89.81,10.19,4.88,-0.01,-0.09,-0.08,195.68,199.0,65.0,76.82,120.0,118.0
1770324102628945422,152970,11.092,196.8,10.924,-117.1,2.58,2.7,-90.25,10.31,4.94,-0.11,0.16,0.13,197.05,199.0,65.19,74.24,120.0,118.0
1770324102727276141,153070,10.808,166.6,11.096,-126.8,3.05,2.21,-90.94,10.44,5.19,0.07,-0.05,0.46,177.16,207.0,62.96,72.4,120.0,118.0
1770324102825573928,153170,10.616,162.9,10.828,-135.5,2.29,1.76,-91.56,10.38,5.44,0.07,-0.05,0.0,129.31,199.0,62.53,70.87,120.0,118.0
1770324102977170827,153270,9.26,188.4,11.164,-160.9,2.64,1.97,-92.0,10.38,5.56,-0.02,0.03,0.07,11901.07,193.0,60.92,67.36,120.0,118.0
1770324103124621713,153420,9.796,173.7,11.236,-185.6,2.91,3.44,-92.69,10.56,6.19,-0.35,-0.18,0.1,11915.31,191.0,56.88,58.55,120.0,118.0
1770324103268009461,153569,10.908,228.0,10.576,-181.4,2.54,3.52,-92.75,10.56,6.44,-0.1,-0.05,-0.41,11915.48,185.0,58.21,54.25,120.0,118.0
1770324103390898136,153710,9.68,175.6,10.92,-187.0,2.44,2.81,-92.69,10.5,6.75,-0.25,-0.03,0.2,11901.24,187.0,60.32,59.72,122.0,118.0
1770324103505591835,153833,10.668,128.5,11.064,-125.8,2.6,2.17,-92.87,10.63,6.94,0.14,-0.06,-0.32,11902.96,187.0,61.51,64.43,122.0,118.0
1770324103628546413,153949,10.812,129.1,10.704,-175.7,2.09,2.71,-93.31,10.69,7.06,-0.04,0.04,0.15,11903.81,183.0,60.74,62.12,122.0,118.0
1770324103926047004,154071,10.516,128.5,9.976,-169.0,1.99,2.58,-93.62,10.75,7.19,0.1,-0.11,0.02,11903.99,184.0,61.24,61.94,122.0,118.0
1770324103964633536,154194,9.516,156.7,10.788,-175.6,2.23,1.6,-93.75,10.75,7.19,-0.31,0.0,-0.26,11901.24,179.0,60.44,62.47,122.0,118.0
1770324103989003496,154315,10.948,123.6,11.004,-137.4,3.03,2.44,-94.0,10.81,7.25,0.13,-0.09,-0.21,11911.19,179.0,58.3,59.02,122.0,118.0
1770324104091465740,154433,10.448,189.5,11.244,-175.2,2.64,2.81,-93.94,10.88,7.38,-0.36,-0.05,0.19,207.34,181.0,55.06,53.44,122.0,118.0
1770324104189797220,154533,9.788,267.1,11.192,-177.3,2.85,4.02,-93.81,10.94,7.5,0.13,-0.08,0.11,193.28,181.0,53.18,50.52,122.0,118.0
1770324104292207393,154633,10.424,251.5,11.244,-196.3,3.07,4.16,-93.5,10.94,7.5,-0.21,0.18,-0.03,175.96,174.0,56.94,49.72,122.0,118.0
1770324104390537373,154733,10.576,156.2,11.076,-184.3,2.17,2.07,-93.37,10.94,7.56,-0.18,0.03,0.22,160.01,170.0,58.36,55.02,122.0,120.0
1770324104488754350,154833,10.624,136.1,10.928,-159.1,2.23,2.91,-93.37,11.0,7.63,-0.08,0.1,-0.12,156.07,170.0,60.91,61.81,122.0,120.0
1770324104591222515,154933,11.172,159.5,11.324,-152.7,2.54,1.89,-93.5,11.13,7.69,-0.1,-0.12,0.1,181.45,169.0,62.76,63.55,122.0,120.0
1770324104699598102,155033,10.236,142.4,10.856,-165.7,2.09,2.64,-93.69,11.25,7.69,0.28,-0.07,-0.02,185.56,168.0,62.53,63.36,122.0,120.0
1770324104890046155,155133,10.776,136.4,11.396,-155.6,2.32,2.46,-93.75,11.25,7.69,0.0,0.18,-0.05,11900.9,168.0,62.41,62.91,122.0,120.0
1770324104914894156,155256,9.984,135.2,10.368,-153.7,1.8,2.07,-93.69,11.25,7.5,-0.14,0.07,0.05,155.55,168.0,62.24,60.41,122.0,120.0
1770324105037782074,155356,9.212,177.6,11.312,-142.6,2.56,2.44,-93.5,11.38,7.31,0.12,-0.15,-0.14,11914.28,164.0,59.18,57.74,122.0,120.0
1770324105160663131,155480,11.116,254.4,11.08,-216.6,2.83,4.22,-93.12,11.56,7.06,0.24,-0.16,-0.19,11925.42,169.0,55.0,49.57,122.0,120.0
1770324105259016801,155601,10.316,273.5,11.136,-176.0,3.05,4.14,-92.69,11.56,6.88,0.0,0.01,0.01,203.57,169.0,58.01,46.78,122.0,120.0
1770324105361399898,155702,10.424,201.3,10.956,-158.7,2.36,3.36,-92.19,11.44,6.81,-0.07,0.05,-0.14,211.46,170.0,59.58,50.05,124.0,120.0
1770324105484314405,155802,9.892,160.9,11.26,-133.8,2.85,2.73,-92.0,11.31,6.88,0.42,0.39,0.73,11899.36,166.0,61.55,59.09,124.0,120.0
1770324105586726637,155926,10.008,153.0,11.436,-152.4,2.17,2.56,-91.94,11.44,6.88,-0.07,0.04,0.07,155.89,166.0,61.4,61.4,124.0,120.0
1770324105705552466,156026,10.316,159.5,10.74,-117.9,2.68,2.23,-92.0,11.63,6.88,0.17,-0.16,0.23,11902.1,164.0,62.68,62.68,124.0,120.0
1770324105807987073,156147,10.388,152.7,10.864,-163.9,1.93,2.85,-92.19,11.56,6.75,0.03,0.02,-0.01,146.29,165.0,62.74,62.74,124.0,120.0
1770324105906284010,156248,9.844,188.6,11.36,-145.6,1.74,2.15,-92.06,11.56,6.69,-0.13,-0.12,0.08,149.89,165.0,62.93,62.93,124.0,120.0
1770324106029176364,156348,10.676,187.0,10.892,-205.2,3.05,3.05,-92.0,11.69,6.63,-0.16,-0.03,0.04,11913.59,164.0,56.3,58.7,124.0,120.0
1770324106147963699,156469,10.316,278.5,10.704,-173.0,2.89,3.32,-91.87,11.69,6.5,-0.04,-0.1,-0.33,11922.68,165.0,54.53,51.77,124.0,120.0
1770324106270880059,156591,10.596,285.2,11.296,-183.9,2.68,4.94,-91.5,11.63,6.38,0.0,-0.06,-0.01,11920.45,169.0,56.37,50.11,124.0,120.0
1770324106393752336,156711,11.152,263.7,10.936,-168.2,2.42,4.47,-91.12,11.5,6.25,-0.05,0.33,-0.13,11909.3,173.0,57.98,55.91,124.0,122.0
1770324106512534004,156832,10.856,239.5,10.848,-140.8,1.76,2.46,-91.12,11.38,6.25,0.06,-0.12,-0.05,11898.16,173.0,62.05,64.26,124.0,122.0
1770324106635482314,156953,11.192,251.7,11.256,-109.8,2.64,2.81,-91.06,11.44,6.25,0.03,0.02,0.22,11896.27,166.0,61.66,64.98,124.0,122.0
1770324106754286930,157075,10.188,195.7,11.424,-164.5,1.74,3.22,-91.0,11.5,6.13,0.09,-0.1,-0.07,11898.33,173.0,61.24,64.02,124.0,122.0
1770324106877186268,157196,10.912,193.2,11.116,-150.9,2.83,2.56,-90.81,11.44,5.88,0.19,-0.15,-0.09,11901.93,176.0,57.98,65.57,124.0,122.0
1770324106996161898,157318,9.148,214.9,11.276,-175.6,2.56,2.77,-90.12,11.19,5.5,0.04,-0.06,-0.35,11911.53,176.0,55.65,61.51,124.0,122.0
1770324107118893312,157435,10.6,270.5,10.86,-207.9,2.83,3.11,-89.87,10.94,5.13,0.12,-0.16,-0.07,11917.36,178.0,53.89,57.26,124.0,122.0
1770324107237685638,157557,10.688,265.3,11.212,-155.8,3.32,3.77,-89.56,10.81,4.94,-0.07,0.08,-0.07,11921.14,179.0,52.89,55.67,124.0,122.0
1770324107356493226,157678,10.52,253.8,11.244,-162.3,3.61,4.26,-89.44,10.63,4.94,-0.04,0.29,-0.16,11908.45,180.0,54.98,61.24,126.0,122.0
1770324107454738092,157797,10.276,250.7,11.068,-155.6,2.23,3.52,-89.56,10.5,4.88,-0.14,0.07,-0.05,152.46,180.0,59.33,66.98,126.0,122.0
1770324107585894445,157896,10.404,236.7,10.904,-126.5,1.78,3.11,-89.75,10.63,4.88,0.07,-0.18,-0.06,11885.98,182.0,61.72,72.24,126.0,122.0
1770324107704713831,158024,9.904,237.0,10.928,-151.4,2.13,3.26,-90.37,10.5,4.69,-0.05,-0.07,0.13,11886.84,176.0,62.65,72.08,126.0,122.0
1770324107827645873,158145,10.676,211.8,10.444,-121.3,2.58,2.48,-90.69,10.5,4.44,0.03,0.02,0.09,11887.87,174.0,60.74,71.09,126.0,122.0
1770324107934051520,158267,10.744,218.4,11.356,-129.1,2.29,2.68,-91.0,10.19,4.0,-0.01,0.0,-0.02,161.21,174.0,59.88,67.36,126.0,122.0
1770324108048828490,158366,11.16,285.9,10.936,-137.6,2.93,3.05,-91.37,9.88,3.69,-0.18,0.28,0.07,11902.44,176.0,58.37,66.02,126.0,122.0
1770324108147139253,158487,10.712,250.0,10.828,-142.1,2.87,4.12,-91.37,10.0,3.63,0.2,-0.14,0.0,178.7,176.0,54.92,56.75,126.0,122.0
1770324108270038999,158586,10.648,263.1,10.772,-171.3,3.44,4.39,-91.19,10.0,3.56,0.03,0.13,-0.09,11901.41,171.0,56.78,61.59,126.0,124.0
1770324108388789338,158707,10.708,225.0,11.168,-155.5,2.03,2.56,-91.19,10.06,3.5,-0.45,0.1,0.01,11897.98,172.0,61.75,68.07,126.0,124.0
1770324108491215484,158829,10.56,221.3,11.396,-115.1,2.46,2.3,-91.56,10.25,3.56,0.08,0.06,-0.22,137.71,169.0,60.37,65.14,126.0,124.0
1770324108610046800,158929,10.788,186.2,10.98,-136.6,1.74,3.13,-91.87,10.13,3.56,0.07,-0.05,0.02,11893.87,173.0,64.39,66.87,126.0,124.0
1770324108724698703,159050,11.148,205.8,11.208,-140.2,1.89,2.4,-92.12,10.19,3.56,-0.11,0.05,-0.08,11896.44,173.0,63.52,67.22,126.0,124.0
1770324108827174099,159166,10.728,183.1,11.38,-121.6,2.83,3.42,-92.31,10.25,3.56,0.03,0.09,-0.1,136.0,176.0,60.81,63.93,126.0,124.0
1770324108934052374,159266,9.612,249.6,10.704,-134.1,2.32,3.07,-92.31,10.19,3.56,-0.22,-0.01,0.11,170.81,176.0,62.05,63.82,126.0,124.0
1770324109027923953,159367,10.468,235.5,10.836,-143.6,2.34,3.59,-92.25,10.19,3.5,0.1,-0.18,0.11,183.5,179.0,60.37,61.17,126.0,124.0
1770324109136290196,159467,10.896,245.0,10.7,-197.3,3.16,4.36,-92.0,10.31,3.44,-0.18,-0.13,0.0,188.65,181.0,53.05,56.42,126.0,124.0
1770324109253218092,159567,10.536,223.8,11.204,-197.9,3.09,3.2,-91.87,10.31,3.31,-0.2,0.2,0.04,11905.19,178.0,55.31,60.79,126.0,124.0
1770324109376120618,159692,10.208,182.0,11.144,-146.4,1.88,3.13,-91.75,10.5,3.25,0.2,0.06,-0.25,11899.7,179.0,59.95,64.0,128.0,124.0
1770324109474409789,159814,9.868,181.5,11.236,-136.0,1.86,2.42,-92.12,10.5,3.31,0.15,-0.03,0.04,175.79,179.0,62.24,65.9,128.0,124.0
1770324109597329818,159913,10.532,175.0,11.168,-118.2,1.52,3.18,-92.31,10.31,3.38,0.05,0.03,-0.1,11896.78,186.0,64.11,65.55,128.0,124.0
1770324109720266443,160034,10.056,171.0,11.28,-139.6,2.03,2.99,-92.31,10.31,3.44,-0.16,-0.17,-0.05,11899.87,183.0,62.63,64.02,128.0,124.0
1770324109822663427,160159,10.552,164.5,11.12,-144.7,2.23,3.36,-92.56,10.31,3.38,-0.01,0.0,-0.04,143.55,183.0,62.71,62.71,128.0,124.0
1770324109941440692,160260,9.716,165.4,11.44,-137.7,1.91,2.71,-92.62,10.25,3.19,0.01,-0.07,-0.01,11909.82,189.0,60.76,61.72,128.0,124.0
1770324110064372030,160380,10.772,216.2,11.18,-173.6,3.65,3.93,-92.5,10.19,3.06,-0.02,-0.18,0.46,11927.31,188.0,51.07,53.84,128.0,124.0
1770324110162666494,160501,10.14,218.1,10.568,-192.6,2.87,3.28,-92.31,10.38,2.88,-0.24,0.28,0.1,228.78,188.0,50.52,54.27,128.0,126.0
1770324110285548622,160602,9.82,164.7,11.1,-135.4,2.79,2.95,-92.37,10.44,2.81,-0.27,0.07,0.37,11905.87,190.0,58.7,60.63,128.0,126.0
1770324110404310522,160722,10.06,199.0,10.908,-145.2,2.11,2.3,-92.44,10.5,2.81,0.08,0.03,0.1,11900.04,191.0,62.81,63.5,128.0,126.0
1770324110535408918,160844,9.34,192.6,11.332,-127.9,1.91,2.21,-92.62,10.25,2.88,0.14,-0.12,-0.09,11897.13,193.0,64.72,64.72,128.0,126.0
1770324110658342352,160973,10.224,191.8,11.368,-97.7,2.5,2.38,-92.5,10.0,3.0,0.02,-0.58,0.81,11897.13,191.0,63.64,64.92,128.0,126.0
1770324110777140480,161095,9.96,154.4,11.364,-128.6,1.6,2.89,-92.56,9.94,3.0,0.09,0.0,0.06,11904.16,191.0,62.24,63.7,128.0,126.0
1770324110900033092,161216,10.996,154.0,10.872,-111.9,2.62,3.07,-92.62,9.75,3.13,0.04,-0.09,0.06,11905.7,200.0,61.48,62.15,128.0,126.0
1770324111098044073,161338,10.82,272.8,10.988,-207.5,3.28,3.11,-92.56,9.44,3.19,-0.04,-0.52,0.57,11922.85,203.0,51.77,56.6,128.0,126.0
1770324111141749564,161460,10.4,247.2,10.3,-201.0,2.71,3.2,-92.5,9.44,3.25,-0.12,0.01,0.06,11915.31,203.0,54.28,57.76,128.0,126.0
1770324111274676502,161581,10.872,206.0,11.104,-182.9,2.91,2.19,-92.62,9.63,3.31,0.17,0.17,-0.29,11903.3,201.0,58.46,62.63,128.0,126.0
1770324111367057257,161704,10.08,196.7,11.332,-144.8,2.5,2.05,-92.94,9.56,3.31,0.02,0.09,0.17,207.86,201.0,60.15,61.86,130.0,126.0
1770324111485810729,161804,10.324,192.2,11.032,-147.4,2.17,2.34,-93.25,9.38,3.38,0.19,0.0,-0.17,11896.95,207.0,62.43,66.3,130.0,126.0
1770324111608751615,161925,10.224,134.4,11.344,-139.5,1.72,2.4,-93.5,9.06,3.38,-0.02,-0.02,-0.16,11898.16,206.0,62.81,66.26,130.0,126.0
1770324111707073922,162046,10.56,169.4,10.796,-143.6,1.89,2.93,-93.56,8.81,3.5,0.09,-0.04,0.07,225.87,206.0,61.75,63.62,130.0,126.0
1770324111814045067,162145,10.04,146.6,11.224,-120.8,2.62,3.14,-93.56,8.63,3.56,0.27,-0.06,-0.02,130.85,208.0,61.75,63.35,130.0,126.0
1770324111907803229,162245,10.136,227.7,10.852,-124.7,2.52,2.89,-93.69,8.31,3.56,-0.06,-0.19,0.01,139.26,208.0,60.27,62.05,130.0,126.0
1770324112006123646,162345,10.476,225.6,11.2,-191.3,2.83,3.22,-93.37,8.06,3.63,-0.04,-0.07,-0.39,208.89,203.0,54.81,57.2,130.0,126.0
1770324112108527036,162445,10.508,197.4,11.24,-185.7,3.11,2.75,-93.31,8.19,3.69,-0.24,0.12,-0.07,217.46,208.0,53.89,58.1,130.0,128.0
1770324112206817037,162545,10.772,166.4,10.664,-134.2,2.99,3.32,-93.44,8.38,3.69,0.01,-0.06,0.3,234.61,208.0,56.14,63.15,130.0,128.0
1770324112329723380,162646,9.964,148.1,11.06,-131.2,2.34,2.93,-93.81,8.44,3.69,0.0,0.25,-0.5,11901.76,203.0,59.8,64.11,130.0,128.0
1770324112452613664,162768,9.816,146.8,11.376,-143.2,1.7,2.73,-94.37,8.38,3.88,-0.2,-0.01,0.1,11897.47,200.0,62.63,65.42,130.0,128.0
1770324112575475387,162890,9.54,184.5,11.352,-132.6,1.62,2.93,-94.62,8.19,4.0,-0.21,0.02,0.3,11899.87,201.0,64.02,64.72,130.0,128.0
1770324112677993556,163014,10.704,162.6,10.988,-116.5,2.64,3.01,-95.06,8.13,4.25,-0.14,-0.08,0.21,187.45,201.0,60.15,58.43,130.0,128.0
1770324112776252070,163115,10.708,145.4,10.644,-128.4,2.4,2.27,-95.19,8.13,4.5,0.08,0.0,0.06,192.59,198.0,61.17,59.58,130.0,128.0
1770324112878702246,163215,9.324,202.6,10.74,-154.3,2.27,3.79,-95.31,8.06,4.63,0.04,-0.22,-0.04,136.51,198.0,60.66,58.85,130.0,128.0
1770324113078053559,163315,11.16,230.2,11.072,-184.0,3.34,3.36,-95.06,8.0,4.69,-0.03,0.0,-0.03,11927.65,194.0,56.46,53.58,130.0,128.0
1770324113099894661,163438,10.596,180.8,10.852,-154.1,3.03,2.48,-94.94,8.25,4.75,-0.07,0.07,0.13,233.24,191.0,53.58,55.12,130.0,128.0
1770324113218672430,163538,10.968,167.1,11.396,-160.8,2.81,2.19,-95.06,8.5,4.75,0.07,-0.02,-0.23,11907.25,184.0,59.29,60.29,130.0,128.0
1770324113349794091,163657,11.152,174.0,10.44,-142.2,2.62,2.46,-95.37,8.69,4.88,0.28,0.01,-0.07,11906.39,180.0,62.27,60.15,132.0,128.0
1770324113476759423,163785,10.616,142.3,11.2,-116.3,2.81,2.46,-95.75,8.56,5.06,0.06,0.01,-0.23,11904.67,179.0,62.66,60.05,132.0,128.0
1770324113591487084,163911,9.712,183.9,10.872,-97.0,2.32,2.07,-95.87,8.44,5.19,-0.26,0.03,-0.15,11906.73,179.0,62.98,59.44,132.0,128.0
1770324113710275521,164026,10.388,177.3,10.544,-149.5,2.19,2.38,-96.12,8.56,5.38,-0.04,-0.19,0.04,11912.39,181.0,62.63,57.76,132.0,128.0
1770324113812693981,164148,10.48,186.5,11.044,-123.3,1.93,3.28,-96.19,8.63,5.5,-0.18,-0.01,0.21,130.85,181.0,62.71,57.33,132.0,128.0
1770324113911017585,164248,10.736,203.3,11.152,-169.3,2.23,3.87,-96.19,8.69,5.69,-0.05,-0.08,-0.03,144.92,178.0,59.02,51.94,132.0,128.0
1770324114042116664,164348,10.936,219.8,11.28,-194.5,2.95,3.77,-96.12,8.88,5.81,-0.12,-0.18,0.05,11934.0,175.0,51.02,50.03,132.0,130.0
1770324114160897984,164476,11.172,206.1,10.752,-168.2,3.54,3.38,-96.06,9.13,5.81,-0.08,0.05,0.5,11916.33,177.0,54.37,53.71,132.0,130.0
1770324114283807284,164598,9.736,176.2,10.988,-156.4,2.68,2.29,-96.12,9.44,5.81,0.17,-0.03,0.01,11914.1,177.0,59.64,56.84,132.0,130.0
1770324114398501798,164719,10.24,131.4,10.652,-170.7,2.73,2.81,-96.44,9.5,5.69,0.08,0.02,-0.2,11910.85,177.0,60.04,57.11,132.0,130.0
1770324114496827934,164834,10.6,139.5,10.752,-131.2,3.01,2.07,-96.69,9.38,5.69,0.22,0.14,-0.01,176.65,182.0,58.3,55.06,132.0,130.0
1770324114619712804,164934,11.064,128.9,10.824,-160.3,2.77,2.91,-96.94,9.31,5.69,-0.28,-0.04,-0.11,11909.82,182.0,61.42,57.46,132.0,130.0
1770324114742605360,165056,10.788,135.3,11.432,-167.8,2.87,2.73,-97.31,9.38,5.75,0.0,-0.05,0.17,11915.48,187.0,58.87,56.14,132.0,130.0
1770324114845038918,165179,10.184,145.0,11.04,-142.5,2.93,3.09,-97.87,9.44,5.81,-0.03,-0.11,0.01,138.91,187.0,58.01,52.39,132.0,130.0
1770324114974047691,165279,10.232,158.0,11.34,-172.8,2.25,3.13,-98.37,9.5,5.88,-0.04,0.0,-0.11,156.24,187.0,57.53,51.69,132.0,130.0
1770324115066234533,165380,10.42,203.1,9.688,-236.5,3.36,3.3,-98.69,9.69,5.88,-0.02,-0.2,-0.06,11943.6,185.0,52.15,45.45,132.0,130.0
1770324115164566636,165500,10.424,187.0,10.856,-242.2,4.18,3.36,-98.69,9.88,5.81,-0.15,-0.01,0.01,216.95,189.0,47.66,41.31,132.0,130.0
1770324115262843897,165600,10.84,208.7,10.896,-215.4,3.98,2.91,-98.69,10.06,5.81,0.01,0.18,0.22,218.66,189.0,49.8,45.27,132.0,130.0
1770324115393922152,165700,10.764,148.7,10.952,-172.5,3.61,2.71,-98.69,10.25,5.88,0.11,0.05,-0.12,11922.85,186.0,55.5,52.63,134.0,130.0
1770324115512744428,165827,10.952,132.4,10.92,-174.3,2.79,2.03,-98.81,10.5,5.94,-0.06,-0.02,-0.2,11918.56,188.0,58.81,52.79,134.0,130.0
1770324115611147617,165948,10.716,159.5,10.636,-172.1,2.6,2.46,-98.87,10.63,5.94,-0.08,-0.09,0.11,185.56,192.0,58.3,51.82,134.0,130.0
1770324115713501857,166048,10.728,123.3,11.208,-158.4,2.48,2.79,-99.0,10.63,5.94,-0.23,-0.01,-0.01,179.39,192.0,59.76,52.51,134.0,130.0
1770324115815928868,166149,10.328,147.7,11.236,-145.0,2.17,2.56,-99.19,10.75,5.94,-0.05,0.0,0.04,183.33,194.0,58.78,54.81,134.0,130.0
1770324115934043510,166249,11.092,121.3,10.916,-147.5,2.54,2.36,-99.25,10.88,5.94,-0.08,-0.11,-0.06,139.26,194.0,57.89,52.63,134.0,130.0
1770324116012527155,166349,10.82,195.2,11.076,-155.4,2.03,2.77,-99.25,11.06,5.88,-0.06,-0.11,-0.01,157.09,193.0,57.99,48.46,134.0,130.0
1770324116114941998,166449,9.952,190.3,11.392,-166.3,2.4,3.61,-99.0,11.38,5.56,0.03,0.04,-0.09,181.45,195.0,58.43,48.12,134.0,130.0
1770324116213299949,166549,10.948,173.7,11.06,-244.2,4.0,3.09,-98.81,11.56,5.44,-0.04,-0.23,0.24,193.11,195.0,51.06,44.79,134.0,130.0
1770324116336167463,166649,10.328,220.0,11.128,-179.5,3.14,3.93,-98.56,11.63,5.44,-0.16,0.11,-0.1,11946.18,200.0,50.43,38.53,134.0,130.0
1770324116454923003,166770,10.048,227.9,11.264,-188.3,3.13,3.65,-98.31,11.63,5.38,-0.05,0.28,-0.24,11938.8,197.0,55.22,41.41,134.0,132.0
1770324116577851267,166891,10.008,161.4,10.616,-134.1,3.13,2.23,-98.19,11.69,5.5,-0.09,-0.08,0.08,11926.97,194.0,58.24,46.31,134.0,132.0
1770324116700742341,167012,9.96,130.0,11.22,-170.1,2.48,2.83,-98.06,11.75,5.5,0.03,0.02,0.0,11925.42,192.0,57.98,47.62,134.0,132.0
1770324116910041781,167136,10.448,110.9,11.352,-189.8,2.85,2.09,-98.06,11.88,5.44,0.27,0.1,0.0,11927.65,196.0,56.82,46.55,134.0,132.0
1770324116938349972,167258,10.764,141.9,10.716,-144.2,2.87,2.4,-98.0,11.88,5.38,-0.11,0.03,-0.22,11927.65,196.0,56.38,47.59,134.0,132.0
1770324117061235557,167372,10.312,122.2,10.868,-152.5,3.05,2.13,-97.81,11.88,5.25,-0.25,-0.02,-0.15,11924.91,190.0,57.04,47.53,134.0,132.0
1770324117184128404,167495,10.144,154.6,11.036,-166.2,3.65,2.91,-97.5,11.94,5.0,0.13,0.07,-0.11,11930.4,196.0,54.03,48.42,134.0,132.0
1770324117307060442,167619,10.716,143.9,10.448,-189.5,2.85,2.6,-97.31,11.94,4.81,-0.08,0.11,-0.15,11934.51,191.0,57.04,44.14,134.0,132.0
1770324117421723878,167741,10.392,210.9,11.4,-151.8,2.85,3.83,-96.87,11.88,4.69,0.01,0.0,0.04,11941.03,191.0,56.62,37.75,134.0,132.0
1770324117544589609,167857,10.42,185.6,10.284,-188.8,3.14,4.02,-96.25,11.81,4.5,-0.08,0.08,-0.07,11943.95,195.0,56.37,36.88,136.0,132.0
1770324117642984511,167977,10.448,200.7,11.06,-144.7,2.79,2.93,-95.62,11.69,4.38,-0.11,-0.04,0.0,130.85,195.0,54.92,38.44,136.0,132.0
1770324117858047609,168077,10.72,208.2,10.76,-175.3,3.2,2.81,-95.12,11.56,4.31,-0.08,0.07,-0.06,11931.43,188.0,56.14,43.55,136.0,132.0
1770324117884634681,168198,10.864,109.5,10.78,-187.8,2.89,1.8,-94.62,11.63,4.19,-0.1,0.19,-0.21,11916.68,197.0,57.29,54.53,136.0,132.0
1770324118007531417,168318,9.628,136.7,11.084,-182.4,2.73,2.05,-94.37,11.81,4.06,-0.01,0.09,-0.03,11912.05,201.0,58.46,59.15,136.0,132.0
1770324118105878189,168440,10.704,128.1,10.728,-130.4,2.68,2.87,-94.44,11.88,3.94,0.22,0.09,-0.18,164.98,201.0,59.88,61.75,136.0,132.0
1770324118228687936,168541,10.256,171.9,10.816,-144.8,2.42,1.91,-94.62,11.94,3.88,-0.07,-0.07,0.04,11910.85,206.0,58.37,60.28,136.0,132.0
1770324118351619794,168665,10.508,144.9,11.372,-163.9,2.34,2.54,-94.75,12.0,3.81,0.43,0.0,0.09,11908.79,207.0,59.76,59.76,136.0,132.0
1770324118474481159,168785,10.188,147.3,10.74,-149.8,2.66,2.13,-95.06,12.0,3.81,0.25,0.06,-0.01,11915.99,210.0,60.93,55.45,136.0,132.0
1770324118597387513,168908,10.64,194.7,10.724,-119.4,2.73,3.03,-95.0,11.88,3.88,-0.7,-0.2,0.02,11922.68,211.0,58.67,49.69,136.0,132.0
1770324118695741527,169029,10.16,154.7,11.176,-184.7,2.54,2.95,-94.69,11.63,4.0,0.05,-0.01,0.05,137.54,211.0,56.75,45.76,136.0,132.0
1770324118818646214,169129,10.248,155.6,11.164,-140.5,3.52,3.01,-94.19,11.44,4.06,0.03,0.01,-0.05,11930.57,212.0,57.41,46.41,136.0,134.0
1770324118941529898,169252,10.596,111.4,10.88,-136.6,3.24,1.74,-93.69,11.5,4.06,0.29,0.02,0.79,11917.36,210.0,56.82,54.77,136.0,134.0
1770324119039852351,169374,9.556,104.3,11.144,-157.6,2.6,1.7,-93.5,11.75,4.06,0.28,-0.01,-0.28,196.88,210.0,58.01,54.27,136.0,134.0
1770324119142273689,169474,10.504,126.0,11.172,-163.1,2.23,1.97,-93.44,11.88,4.06,-0.22,0.0,-0.06,158.29,212.0,59.58,54.02,136.0,134.0
1770324119265209950,169574,9.664,129.7,10.6,-181.5,2.66,2.73,-93.37,12.0,4.13,0.05,-0.15,0.0,11925.08,210.0,55.48,53.0,136.0,134.0
1770324119383939400,169697,10.704,120.5,10.884,-186.1,2.73,2.75,-93.37,12.06,4.13,0.3,-0.04,0.0,11916.68,208.0,57.98,53.84,136.0,134.0
1770324119506811633,169818,11.172,119.3,11.436,-158.5,2.09,2.05,-93.44,12.06,4.19,-0.06,0.02,0.26,11913.25,209.0,59.85,54.98,138.0,134.0
1770324119605149011,169939,10.412,122.4,10.444,-162.3,2.38,1.66,-93.56,12.0,4.38,0.3,-0.01,-0.3,208.37,209.0,58.58,53.09,138.0,134.0
1770324119707581924,170039,10.456,176.0,10.864,-158.2,2.81,2.66,-93.5,11.88,4.56,0.02,0.02,-0.08,148.86,209.0,59.54,50.18,138.0,134.0
1770324119922046186,170139,10.328,165.1,11.232,-158.7,3.2,2.71,-93.25,11.69,4.63,0.02,-0.07,0.04,11933.66,206.0,57.89,44.97,138.0,134.0
1770324119949277677,170261,9.984,173.4,11.084,-152.4,3.22,4.14,-92.69,11.63,4.75,-0.05,-0.2,-0.01,11937.09,204.0,56.6,42.79,138.0,134.0
1770324120051683357,170383,10.1,206.9,11.248,-205.6,3.38,3.4,-91.94,11.63,4.75,-0.09,0.26,0.31,192.08,200.0,55.06,43.72,138.0,134.0
1770324120149996494,170483,10.076,107.4,11.284,-140.7,2.23,2.42,-91.44,11.69,4.69,-0.24,0.02,0.26,202.71,200.0,59.39,51.41,138.0,134.0
1770324120268789837,170583,10.916,161.7,10.788,-176.3,3.55,2.52,-91.19,11.88,4.63,-0.05,0.0,-0.09,11928.68,199.0,54.85,52.93,138.0,134.0
1770324120391651870,170702,9.664,133.7,10.344,-228.0,3.48,2.58,-91.12,12.13,4.63,-0.22,0.13,-0.01,11925.77,199.0,56.37,49.41,138.0,134.0
1770324120514542573,170825,10.8,161.5,11.34,-165.2,2.5,2.77,-91.12,12.19,4.56,0.08,0.08,-0.02,11916.85,200.0,60.54,52.89,138.0,134.0
1770324120637471412,170948,9.36,137.8,11.144,-147.0,2.07,2.25,-91.12,12.0,4.69,0.02,0.0,-0.18,11909.13,200.0,61.43,57.98,138.0,134.0
1770324120735796106,171069,10.348,132.1,10.968,-121.9,2.75,2.05,-91.19,11.88,4.69,0.07,0.01,-0.32,154.69,200.0,61.75,59.88,138.0,134.0
1770324120858685402,171169,9.9,122.3,11.348,-139.6,1.76,3.05,-91.19,11.69,4.81,-0.15,0.0,-0.41,11912.56,198.0,63.39,54.87,138.0,134.0
1770324120961103159,171291,10.86,177.1,11.208,-118.8,2.29,3.71,-90.75,11.69,4.94,-0.05,-0.12,0.29,190.36,198.0,63.62,50.52,138.0,134.0
1770324121059408413,171392,11.012,193.8,10.8,-145.8,2.52,2.95,-90.19,11.63,5.06,0.05,-0.04,-0.15,171.5,196.0,61.17,47.66,138.0,134.0
1770324121161830765,171492,10.716,211.5,11.22,-127.3,2.89,3.3,-89.69,11.56,5.06,-0.18,0.16,-0.11,170.99,193.0,59.79,47.15,138.0,134.0
1770324121280627945,171592,10.38,154.6,11.092,-180.9,3.13,1.88,-89.25,11.63,5.13,0.82,-0.37,0.29,11921.14,192.0,54.17,54.17,138.0,136.0
1770324121399394825,171714,10.568,147.5,11.184,-220.0,3.42,2.11,-89.25,12.0,5.13,0.14,0.12,0.03,11917.71,192.0,55.89,54.44,138.0,136.0
1770324121522280763,171832,10.724,149.8,10.484,-177.5,3.03,1.95,-89.37,12.06,5.25,0.0,-0.12,-0.03,11916.85,189.0,59.95,53.22,138.0,136.0
1770324121645211466,171955,10.64,148.9,11.26,-146.4,2.19,2.32,-89.31,12.0,5.31,0.04,0.07,-0.19,11911.02,184.0,62.12,54.53,140.0,136.0
1770324121768092255,172077,10.6,111.7,10.944,-119.3,2.6,1.88,-89.37,11.81,5.38,0.07,0.1,0.15,11908.45,185.0,62.12,57.29,140.0,136.0
1770324121892814837,172198,10.12,111.2,10.672,-113.0,2.58,1.64,-89.44,11.75,5.56,0.03,-0.03,-0.05,11911.53,185.0,61.7,55.89,140.0,136.0
1770324122078046571,172316,10.78,159.4,10.1,-146.5,1.93,3.14,-89.37,11.75,5.69,-0.09,-0.14,0.0,11912.9,182.0,61.8,54.33,140.0,136.0
1770324122116307433,172447,10.42,184.1,11.356,-176.4,2.95,2.97,-89.19,11.69,5.81,-0.03,-0.14,0.07,189.68,178.0,59.36,48.31,140.0,136.0
1770324122235079954,172547,10.628,212.9,11.404,-176.6,3.48,4.04,-88.94,11.69,5.94,-0.18,-0.15,0.15,11932.45,178.0,54.81,45.84,140.0,136.0
1770324122357957578,172668,11.012,192.1,10.812,-196.6,3.87,3.32,-88.56,12.0,6.0,-0.08,0.11,0.26,11918.39,179.0,52.03,52.03,140.0,136.0
1770324122476734711,172791,10.604,133.6,10.308,-208.8,2.62,2.3,-88.62,12.38,6.06,-0.19,0.01,0.19,11915.99,179.0,55.65,54.92,140.0,136.0
1770324122599640636,172909,9.596,127.8,10.208,-167.8,3.24,2.83,-88.87,12.69,6.13,0.12,0.12,0.11,11914.79,178.0,58.14,56.14,140.0,136.0
1770324122722552840,173032,10.856,170.3,11.036,-129.1,2.64,3.09,-89.37,12.75,6.25,-0.02,-0.17,-0.11,11914.96,177.0,59.56,54.77,140.0,136.0
1770324122845470229,173155,11.216,108.0,11.228,-133.4,2.79,2.36,-89.62,12.75,6.31,-0.02,-0.08,-0.52,11910.67,179.0,60.54,57.76,140.0,136.0
1770324123074045013,173277,10.068,145.6,11.304,-160.8,2.95,1.89,-90.06,12.81,6.44,0.03,-0.08,0.0,11914.1,179.0,59.52,57.35,140.0,136.0
1770324123085625191,173394,10.468,135.5,11.42,-172.2,3.13,2.48,-90.31,12.81,6.5,0.13,-0.11,-0.25,180.76,179.0,57.7,54.58,140.0,136.0
1770324123160876167,173494,10.944,135.7,11.236,-147.2,3.32,2.05,-90.5,12.81,6.56,-0.12,-0.07,-0.13,216.6,179.0,57.95,55.23,140.0,136.0
1770324123263289263,173593,10.06,173.8,11.004,-205.1,2.85,3.14,-90.62,12.94,6.63,-0.15,-0.35,-0.41,171.5,184.0,56.4,49.25,140.0,136.0
1770324123386157619,173693,10.428,228.5,10.7,-200.1,3.42,3.38,-90.25,13.19,6.56,0.08,-0.01,0.2,11941.89,184.0,50.52,44.58,140.0,138.0
1770324123488576272,173817,10.788,176.0,10.676,-196.9,4.06,2.29,-90.0,13.5,6.56,-0.1,0.05,0.21,177.5,184.0,52.21,48.84,140.0,138.0
1770324123586913741,173918,9.524,122.9,11.368,-170.2,3.69,2.83,-90.12,13.75,6.5,0.11,0.04,-0.04,186.59,180.0,54.53,52.13,140.0,138.0
1770324123695308852,174018,11.044,129.3,11.208,-167.1,2.73,2.36,-90.5,14.0,6.5,0.04,-0.07,0.02,171.33,183.0,55.58,52.21,142.0,138.0
1770324123812226160,174118,10.648,128.1,11.268,-166.3,2.34,2.25,-90.87,13.94,6.5,0.03,0.06,-0.13,11922.85,178.0,58.79,50.82,142.0,138.0
1770324123930044007,174242,10.928,118.3,11.18,-162.7,2.62,2.46,-91.0,13.81,6.5,0.04,-0.01,-0.17,11919.08,178.0,60.85,52.36,142.0,138.0
1770324124029349301,174359,10.896,129.0,11.088,-162.5,2.46,2.4,-91.19,13.88,6.56,-0.1,0.0,0.28,201.0,181.0,56.68,51.82,142.0,138.0
1770324124127651850,174459,10.552,115.7,11.208,-187.8,2.5,2.54,-91.31,13.94,6.56,-0.12,0.0,0.2,189.34,181.0,58.23,51.96,142.0,138.0
1770324124230072265,174560,10.696,169.6,11.404,-185.2,2.91,2.97,-91.5,14.0,6.63,-0.13,-0.18,0.0,207.0,177.0,57.99,50.84,142.0,138.0
1770324124348849091,174660,9.292,167.0,10.924,-176.9,2.32,2.3,-91.69,14.06,6.56,-0.34,0.04,0.03,11929.03,179.0,56.96,49.04,142.0,138.0
1770324124471706649,174781,10.5,168.6,10.704,-235.9,3.98,4.18,-91.75,14.69,6.5,0.2,-0.29,0.03,11936.57,175.0,53.58,41.06,142.0,138.0
1770324124590518629,174902,9.812,183.1,11.108,-188.0,3.63,3.98,-92.25,15.06,6.44,0.05,0.14,-0.1,11932.45,171.0,55.67,40.36,142.0,138.0
1770324124709345537,175023,11.072,138.8,11.284,-200.1,2.93,2.44,-92.94,15.44,6.25,-0.11,0.31,0.47,11922.34,171.0,57.84,49.79,142.0,138.0
1770324124906035128,175140,11.16,137.5,11.208,-152.0,2.29,2.03,-93.25,15.63,6.31,-0.08,0.07,-0.11,11919.08,177.0,58.81,51.46,142.0,138.0
1770324124938759527,175268,11.132,120.1,10.848,-127.3,2.7,2.38,-93.37,15.75,6.44,-0.03,0.03,-0.34,179.39,181.0,59.94,51.38,142.0,138.0
1770324125057539477,175368,10.5,141.9,10.712,-156.0,2.19,1.66,-93.37,15.81,6.5,0.14,0.07,0.0,11923.02,178.0,59.86,49.2,142.0,138.0
1770324125159953067,175489,10.336,95.9,11.144,-167.6,3.34,2.17,-93.31,16.0,6.63,-0.14,0.12,0.02,187.79,178.0,55.54,44.79,142.0,138.0
1770324125258271839,175588,11.02,111.7,11.056,-190.4,2.87,1.68,-93.31,16.19,6.63,-0.33,-0.13,-0.1,184.53,177.0,55.87,44.53,142.0,138.0
1770324125356568145,175688,10.796,83.7,11.156,-163.0,3.69,2.05,-93.37,16.5,6.63,-0.23,0.0,-0.05,167.56,177.0,54.64,43.89,142.0,138.0
1770324125479452196,175788,10.52,81.7,11.372,-200.6,3.71,1.89,-93.37,16.81,6.63,-0.08,-0.09,0.42,11941.03,182.0,53.58,41.62,142.0,138.0
1770324125577790582,175909,9.676,135.7,10.692,-167.9,2.81,2.46,-93.06,16.94,6.56,-0.01,0.07,0.02,205.46,184.0,52.83,36.32,142.0,138.0
1770324125700705600,176009,10.668,129.8,11.188,-224.7,3.63,3.52,-92.75,17.0,6.5,0.01,-0.04,-0.09,11948.92,182.0,53.99,32.69,144.0,138.0
1770324125898045835,176131,10.252,194.2,11.34,-215.2,3.77,3.87,-92.19,16.94,6.44,-0.2,-0.04,0.0,11952.18,182.0,53.72,29.04,144.0,138.0
1770324125917804992,176246,10.12,141.4,11.152,-169.8,3.89,2.7,-91.56,16.87,6.31,0.09,0.17,-0.15,173.04,186.0,53.44,32.39,144.0,138.0
1770324126016183346,176346,10.592,161.9,11.348,-226.9,3.98,2.83,-90.87,16.81,6.25,-0.1,0.01,-0.23,190.36,186.0,53.09,31.12,144.0,138.0
1770324126118525293,176446,10.812,144.0,10.852,-192.0,3.55,3.46,-90.25,16.94,6.19,0.0,0.07,0.09,176.3,184.0,53.51,33.05,144.0,140.0
1770324126216854738,176546,10.696,99.5,11.436,-155.7,3.61,2.05,-89.87,17.19,6.06,-0.1,-0.03,-0.02,173.56,186.0,54.73,48.0,144.0,140.0
1770324126315103078,176646,10.684,115.4,11.36,-204.9,3.54,2.32,-89.69,17.37,5.94,0.09,0.1,-0.15,174.42,186.0,56.44,56.44,144.0,140.0
1770324126417564561,176746,9.596,122.9,11.224,-170.5,2.6,1.91,-89.81,17.56,5.81,-0.03,-0.12,-0.01,162.41,185.0,56.4,56.4,144.0,140.0
1770324126540420993,176846,10.308,168.8,10.616,-223.6,3.71,2.79,-89.87,17.75,5.75,-0.03,-0.01,0.09,11924.57,187.0,53.18,55.15,144.0,140.0
1770324126663350713,176970,9.888,112.2,10.256,-142.6,3.16,2.27,-89.94,17.94,5.5,-0.07,-0.05,0.28,11917.36,185.0,56.82,55.45,144.0,140.0
1770324126761632392,177092,9.908,125.2,11.168,-144.9,3.07,1.91,-90.06,18.12,5.38,0.02,0.03,0.1,192.59,185.0,54.92,51.25,144.0,140.0
1770324126884543220,177192,9.972,139.4,11.184,-154.3,3.46,2.03,-90.06,18.12,5.31,-0.09,0.03,0.08,11929.71,186.0,57.89,49.76,144.0,140.0
1770324126982870238,177313,10.744,175.8,11.312,-154.4,3.18,2.46,-89.94,18.0,5.31,0.19,-0.07,-0.22,163.1,186.0,56.14,46.78,144.0,140.0
1770324127085303994,177413,10.636,164.0,11.36,-161.6,2.81,2.73,-89.69,17.87,5.25,-0.24,-0.14,-0.22,173.9,177.0,56.4,45.28,144.0,140.0
1770324127204050476,177513,10.128,172.3,10.688,-160.8,2.68,2.97,-89.25,17.87,5.25,-0.03,0.0,-0.18,11935.89,180.0,55.48,43.09,144.0,140.0
1770324127326944583,177635,10.076,176.9,10.156,-168.7,2.95,2.52,-88.56,18.0,5.13,-0.07,0.06,-0.07,11920.11,177.0,56.37,50.8,144.0,140.0
1770324127425188970,177756,10.84,125.8,10.928,-155.9,2.42,2.38,-88.0,18.12,4.94,-0.21,0.06,-0.07,166.7,177.0,56.14,54.27,144.0,140.0
1770324127527695832,177856,10.092,105.6,11.18,-178.6,3.71,1.91,-87.87,18.37,4.88,-0.19,0.18,-0.3,188.65,172.0,55.09,54.3,144.0,140.0
1770324127654698763,177956,10.692,131.5,11.18,-213.0,3.69,2.7,-87.94,18.56,4.81,0.0,0.09,-0.05,11919.94,171.0,53.49,55.48,144.0,140.0
1770324127777568682,178083,10.648,123.0,11.068,-140.6,2.58,2.73,-88.12,18.56,4.81,-0.23,0.11,-0.06,11905.7,169.0,57.89,61.18,144.0,140.0
1770324127910502613,178205,10.924,141.8,10.628,-129.2,2.91,2.7,-88.5,18.56,4.88,-0.01,0.12,-0.2,11895.75,168.0,61.43,66.26,146.0,140.0
1770324128202047530,178331,10.352,162.0,11.036,-138.3,2.58,2.77,-89.06,18.5,5.0,-0.18,0.0,-0.22,11897.13,168.0,62.27,64.39,146.0,140.0
1770324128240469373,178447,9.744,173.2,11.348,-148.0,2.95,3.13,-89.37,18.37,5.13,0.01,-0.27,0.66,11918.56,165.0,58.67,53.84,146.0,140.0
1770324128251923501,178569,10.668,233.1,11.224,-192.0,3.36,3.98,-89.25,18.31,5.19,-0.1,0.14,-0.19,162.24,165.0,57.33,51.96,146.0,140.0
1770324128338729370,178668,11.008,214.8,10.108,-156.2,3.01,3.5,-89.0,18.37,5.19,-0.24,0.12,0.08,188.31,164.0,55.09,52.73,146.0,142.0
1770324128441161582,178768,10.528,133.6,11.06,-148.0,2.75,2.46,-88.87,18.62,5.13,0.27,0.11,-0.09,162.41,165.0,57.26,58.94,146.0,142.0
1770324128564057977,178868,11.044,127.7,11.12,-189.8,2.71,2.75,-88.94,18.69,5.06,-0.55,-0.18,0.1,11913.93,165.0,55.8,57.8,146.0,142.0
1770324128682819201,178992,10.528,138.8,10.656,-205.8,2.68,2.68,-89.19,18.94,5.0,0.28,-0.05,-0.26,11913.93,165.0,53.58,55.67,146.0,142.0
1770324128805761065,179112,10.796,172.9,11.328,-166.6,2.73,1.89,-89.5,19.0,4.88,-0.25,-0.02,-0.09,11908.62,165.0,56.86,58.3,146.0,142.0
1770324128904111260,179232,10.44,124.2,11.104,-156.2,2.23,2.23,-89.81,19.0,4.75,0.09,0.0,-0.12,214.2,172.0,57.61,57.61,146.0,142.0
1770324129110052297,179332,9.664,160.7,10.988,-165.8,2.66,2.01,-90.12,18.94,4.81,0.07,-0.01,-0.08,172.01,172.0,57.66,57.66,146.0,142.0
1770324129121578138,179432,10.732,153.3,11.408,-203.7,3.16,1.97,-90.25,18.81,4.81,0.06,0.07,-0.04,140.12,174.0,57.2,54.02,146.0,142.0
1770324129227694598,179532,10.644,194.5,11.288,-188.4,2.81,2.99,-90.37,18.62,4.88,-0.06,-0.05,-0.3,11925.25,176.0,55.48,48.54,146.0,142.0
1770324129330114563,179656,10.788,159.8,10.768,-173.3,2.85,3.03,-90.19,18.62,4.88,-0.16,-0.03,-0.11,154.01,176.0,54.38,45.61,146.0,142.0
1770324129448862604,179756,10.952,168.7,11.024,-210.8,3.18,3.26,-89.94,18.69,4.88,-0.22,0.04,0.0,11915.82,175.0,53.89,50.52,146.0,142.0
1770324129557253795,179877,10.9,144.7,11.192,-194.0,2.66,2.62,-89.81,18.87,4.88,-0.04,0.07,-0.02,177.33,176.0,57.2,55.61,146.0,142.0
1770324129649683440,179977,10.652,124.6,11.1,-204.1,3.22,2.62,-89.87,19.06,4.88,-0.06,-0.11,-0.04,160.18,176.0,55.83,54.92,146.0,142.0
1770324129747907990,180077,9.548,127.8,10.748,-236.2,3.89,2.66,-90.12,19.19,4.81,0.03,-0.15,0.1,169.27,179.0,48.46,54.02,146.0,142.0
1770324129870839963,180177,10.956,126.9,11.296,-219.7,3.3,2.03,-90.44,19.25,4.69,-0.14,-0.07,0.04,11915.82,177.0,51.02,54.49,146.0,142.0
1770324130070044768,180298,10.704,127.0,10.816,-157.8,3.38,2.25,-90.81,19.31,4.44,0.07,0.2,0.01,11910.16,182.0,56.14,56.84,148.0,142.0
1770324130112522854,180419,9.764,149.2,11.348,-172.3,2.97,2.21,-91.19,19.25,4.44,-0.21,-0.15,0.03,11913.59,185.0,55.91,54.53,148.0,142.0
1770324130235418141,180541,11.188,160.8,11.124,-189.4,2.64,2.6,-91.75,19.12,4.38,-0.05,0.06,-0.02,11915.99,185.0,56.38,52.72,148.0,142.0
1770324130333708022,180661,10.788,144.3,11.024,-213.3,3.38,2.97,-92.0,19.0,4.5,-0.02,-0.1,0.03,235.98,187.0,56.14,47.27,148.0,142.0
1770324130436099003,180761,11.016,143.5,11.344,-198.7,3.03,2.5,-91.94,19.0,4.56,0.19,-0.07,0.18,165.15,187.0,55.54,46.58,148.0,142.0
1770324130554906767,180861,10.792,158.8,10.916,-178.7,3.46,2.3,-91.75,19.25,4.69,0.09,0.04,-0.04,11913.42,187.0,54.54,52.15,148.0,144.0
1770324130653249174,180982,10.18,138.8,11.408,-191.7,2.29,1.74,-91.69,19.5,4.69,-0.15,0.09,-0.08,216.09,185.0,57.79,57.79,148.0,144.0
1770324130850049763,181082,10.36,104.9,10.844,-219.5,3.71,1.45,-91.75,19.75,4.63,0.01,-0.1,-0.25,11925.6,192.0,52.5,53.49,148.0,144.0
1770324130899033692,181202,10.836,140.2,10.896,-259.2,4.39,2.34,-91.81,20.25,4.44,0.07,-0.01,-0.08,11932.28,191.0,46.63,50.11,148.0,144.0
1770324130997344280,181324,10.556,126.5,10.42,-188.9,3.01,2.56,-91.94,20.44,4.31,0.07,0.09,0.0,177.5,191.0,47.59,49.42,148.0,144.0
1770324131130303941,181425,11.196,111.1,11.144,-147.7,3.57,1.93,-92.0,20.5,4.19,-0.09,0.13,-0.11,11916.51,189.0,55.02,54.06,148.0,144.0
1770324131243128070,181549,9.14,114.5,11.296,-168.2,2.38,1.82,-92.12,20.44,4.25,-0.3,0.04,0.22,11913.76,191.0,57.04,54.33,148.0,144.0
1770324131366027387,181669,9.292,124.3,10.604,-162.2,3.28,1.78,-92.12,20.31,4.25,0.14,0.03,-0.09,11916.85,184.0,57.06,50.8,148.0,144.0
1770324131464326153,181791,10.508,203.0,11.236,-194.0,3.11,3.4,-92.0,20.12,4.31,-0.16,-0.09,0.01,187.96,184.0,55.54,44.79,148.0,144.0
1770324131587203041,181891,10.6,167.8,10.988,-163.9,2.75,3.59,-91.62,20.12,4.25,-0.23,-0.03,0.06,11925.6,181.0,54.2,46.94,148.0,144.0
1770324131710127416,182016,11.144,169.9,9.668,-158.7,3.2,3.11,-91.19,20.12,4.13,-0.13,-0.08,0.18,11917.36,185.0,54.33,52.29,148.0,144.0
1770324131833005323,182136,9.544,130.7,11.364,-157.2,3.34,2.11,-90.81,20.31,3.94,-0.31,0.0,-0.14,11923.54,188.0,52.29,52.97,148.0,144.0
1770324131952163817,182259,10.744,143.1,11.292,-234.0,4.02,2.66,-90.62,20.75,3.81,0.12,-0.02,-0.15,11939.14,188.0,44.67,50.52,148.0,144.0
1770324132074711736,182376,10.74,130.4,11.004,-227.7,3.98,2.17,-90.62,21.0,3.69,0.12,0.01,-0.07,11933.48,190.0,47.24,47.24,148.0,144.0
1770324132172986016,182501,10.832,173.6,11.016,-229.0,2.97,2.95,-90.69,21.06,3.5,0.04,0.13,0.05,180.59,190.0,51.55,48.12,148.0,144.0
1770324132275423222,182601,9.772,120.8,11.204,-167.7,2.91,2.11,-90.69,21.06,3.44,0.0,0.07,-0.04,175.62,193.0,54.3,50.37,150.0,144.0
1770324132377829166,182702,10.356,127.9,11.024,-145.8,3.01,2.66,-90.75,20.94,3.44,-0.02,0.0,0.08,163.78,193.0,56.42,53.05,150.0,144.0
1770324132476125467,182802,9.256,111.0,10.76,-158.8,2.29,1.7,-90.81,20.75,3.5,-0.09,-0.02,-0.14,160.18,193.0,58.23,52.85,150.0,144.0
1770324132599022541,182902,11.04,134.4,10.972,-171.8,2.54,2.46,-90.75,20.56,3.44,-0.08,0.15,0.02,11916.33,196.0,57.24,51.09,150.0,144.0
1770324132721923394,183025,10.668,154.2,10.9,-193.9,2.5,3.63,-90.44,20.5,3.38,-0.08,-0.19,-0.09,11924.74,205.0,55.43,48.42,150.0,144.0
1770324132820252921,183147,10.564,139.9,11.244,-202.0,2.97,2.17,-89.81,20.5,3.13,0.0,0.04,0.06,169.61,211.0,54.02,47.66,150.0,144.0
1770324132948164051,183247,11.248,136.4,11.2,-203.0,2.6,1.78,-89.37,20.5,2.94,-0.13,0.16,-0.09,11918.39,214.0,53.18,54.66,150.0,146.0
1770324133061920504,183373,10.64,96.8,11.2,-216.8,3.77,1.72,-89.44,20.87,2.88,0.22,-0.09,-0.22,11927.83,214.0,47.5,54.7,150.0,146.0
1770324133180721966,183488,9.192,128.2,11.38,-249.9,3.89,2.6,-89.62,21.06,2.81,0.22,-0.01,-0.17,11928.51,223.0,48.02,52.19,150.0,146.0
1770324133303627786,183607,11.076,156.4,11.016,-204.4,3.28,2.48,-89.94,21.12,2.75,0.2,0.12,-0.26,11920.79,231.0,53.33,51.93,150.0,146.0
1770324133434643291,183729,10.156,112.9,11.392,-198.0,2.77,1.6,-89.87,21.12,2.75,-0.12,0.12,0.03,11917.71,239.0,56.37,54.28,150.0,146.0
1770324133549362973,183859,9.304,110.3,11.192,-181.9,3.13,2.21,-90.0,20.94,2.81,0.11,0.0,-0.03,11916.51,239.0,57.26,53.89,150.0,146.0
1770324133668182512,183973,10.784,109.4,10.368,-174.8,2.79,2.13,-90.0,20.75,2.81,0.0,-0.2,-0.1,11919.08,243.0,57.98,51.07,150.0,146.0
1770324133866047154,184094,10.488,175.6,11.096,-176.6,3.14,2.62,-89.75,20.62,2.81,-0.08,-0.14,0.29,11930.23,245.0,55.9,46.7,150.0,146.0
1770324133914011451,184215,10.024,175.1,11.34,-162.6,3.26,2.91,-89.25,20.62,2.69,-0.11,-0.06,0.11,11930.05,246.0,53.84,48.31,150.0,146.0
1770324134022356858,184339,9.832,126.4,11.104,-151.9,3.81,2.34,-88.69,20.62,2.5,-0.25,0.06,-0.08,213.0,246.0,53.75,50.16,150.0,146.0
1770324134114699122,184439,11.224,122.4,10.908,-244.7,3.26,2.17,-88.37,20.69,2.44,0.0,-0.06,-0.18,191.39,255.0,51.15,52.73,150.0,146.0
1770324134233441945,184539,10.3,129.9,11.032,-218.2,3.63,2.17,-88.31,21.0,2.38,0.04,0.0,-0.25,11932.28,251.0,47.33,51.82,150.0,146.0
1770324134368673573,184660,10.96,159.3,10.74,-188.4,4.08,2.15,-88.25,21.06,2.38,0.08,0.06,-0.25,11928.85,242.0,49.69,49.69,150.0,146.0
1770324134483325768,184793,10.548,167.3,10.756,-156.4,3.73,2.99,-88.12,21.0,2.38,0.09,0.02,-0.21,11919.76,242.0,54.8,50.79,152.0,146.0
1770324134606268547,184907,11.132,126.2,10.58,-134.8,3.2,1.74,-87.94,20.81,2.38,-0.19,0.02,0.23,11912.73,254.0,57.29,55.91,152.0,146.0
1770324134729150411,185029,9.54,123.0,11.24,-147.3,2.01,2.15,-87.94,20.56,2.44,-0.01,-0.01,-0.12,11909.99,245.0,60.05,56.6,152.0,146.0
1770324134847950426,185152,10.82,105.2,11.24,-124.4,2.77,2.15,-87.87,20.31,2.5,-0.07,0.04,-0.01,11914.79,251.0,59.85,55.67,152.0,146.0
1770324134970831679,185274,10.336,174.6,10.328,-195.2,2.44,2.36,-87.69,20.19,2.5,0.04,-0.09,-0.29,11921.48,251.0,55.42,51.82,152.0,146.0
1770324135089668078,185394,10.124,183.0,11.396,-180.2,2.68,3.05,-87.31,20.06,2.38,0.17,0.11,0.09,11916.68,240.0,55.68,55.68,152.0,148.0
1770324135212520769,185515,11.0,151.3,11.392,-194.8,3.77,1.78,-87.06,20.06,2.25,-0.1,-0.07,0.03,11925.6,246.0,49.57,58.4,152.0,148.0
1770324135335415465,185637,10.916,141.4,11.24,-204.7,3.98,2.34,-87.0,20.37,2.31,0.08,-0.03,0.01,11926.62,240.0,45.55,57.98,152.0,148.0
1770324135462349591,185760,10.396,186.5,11.288,-222.3,3.16,2.56,-86.87,20.37,2.19,0.04,-0.05,0.25,11921.48,246.0,49.0,57.29,152.0,148.0
1770324135577084786,185885,10.72,190.6,11.252,-211.8,3.16,1.86,-86.56,20.19,2.19,0.19,-0.03,-0.14,11908.27,246.0,54.7,62.61,152.0,148.0
1770324135695905084,186000,10.56,135.8,11.296,-144.1,3.09,2.07,-85.69,19.75,2.13,0.06,0.17,-0.2,11905.7,242.0,55.91,63.5,152.0,148.0
1770324135826049704,186119,9.872,121.3,10.764,-155.1,2.17,2.52,-85.37,18.87,2.06,0.06,0.02,0.09,191.39,242.0,58.75,64.62,152.0,148.0
1770324135921196580,186219,10.436,138.6,11.412,-158.9,2.09,2.85,-85.44,18.31,2.25,-0.18,-0.09,0.0,11908.45,242.0,60.28,60.76,152.0,148.0
1770324136118043155,186344,10.64,215.0,10.404,-188.2,2.85,2.48,-85.19,17.94,2.44,-0.14,0.12,0.05,11909.47,236.0,56.8,60.15,152.0,148.0
1770324136162857308,186466,10.968,188.1,11.228,-142.2,2.52,2.6,-84.94,17.94,2.38,0.08,0.17,-0.26,11898.67,239.0,58.46,66.11,152.0,148.0
1770324136294001619,186588,10.88,137.6,10.78,-155.1,2.25,2.01,-84.75,17.94,2.44,-0.07,-0.1,-0.16,11907.59,231.0,53.15,66.26,152.0,148.0
1770324136416822345,186718,10.892,196.6,11.032,-165.1,3.13,2.36,-84.62,17.69,2.69,-0.07,0.04,0.02,11907.25,229.0,51.82,66.07,152.0,148.0
1770324136531496952,186842,10.16,150.4,11.232,-161.2,3.61,2.5,-84.06,17.37,2.75,0.25,-0.08,0.11,11901.41,229.0,52.81,69.22,152.0,148.0
1770324136654441546,186956,11.04,124.5,10.928,-173.8,2.7,1.72,-82.94,16.62,2.94,-0.01,0.11,0.0,11899.87,225.0,57.06,68.89,154.0,148.0
1770324136777326409,187078,10.436,165.5,9.884,-171.4,2.29,3.05,-81.69,15.63,3.13,-0.03,0.26,-0.17,11900.21,219.0,59.36,66.26,154.0,148.0
1770324136904322577,187201,11.06,242.0,11.06,-121.3,1.93,3.28,-81.0,14.63,3.69,0.15,0.06,-0.58,11894.04,210.0,59.56,69.14,154.0,148.0
1770324137098045559,187326,10.292,234.9,11.144,-114.9,1.7,3.46,-80.25,13.63,4.5,-0.32,0.1,-0.12,11891.81,210.0,61.56,69.34,154.0,150.0
1770324137141915853,187443,10.716,197.6,11.108,-150.5,1.97,2.07,-79.81,13.13,5.25,0.12,-0.18,-0.19,11893.18,201.0,60.93,71.88,154.0,150.0
1770324137264808651,187565,10.94,243.0,11.152,-104.5,2.25,2.68,-79.62,12.75,5.94,0.08,0.08,-0.2,11893.87,194.0,62.63,70.98,154.0,150.0
1770324137387686614,187686,10.784,241.5,10.636,-144.2,2.29,2.71,-79.31,12.0,6.63,0.27,-0.25,-0.13,11899.36,185.0,56.6,71.09,154.0,150.0
1770324137510579634,187810,10.46,216.1,11.132,-199.5,3.77,3.48,-78.25,10.75,7.75,-0.22,0.0,-0.17,11900.9,173.0,57.72,67.91,154.0,150.0
1770324137625261278,187932,9.42,291.5,10.36,-132.7,2.21,2.99,-77.69,9.94,8.5,0.0,-0.24,-0.12,11902.79,173.0,62.97,64.43,154.0,150.0
1770324137748170763,188048,9.508,327.7,11.172,-157.0,2.48,3.89,-77.62,9.56,8.75,0.1,0.02,-0.2,11901.93,168.0,61.61,62.3,154.0,150.0
1770324137846505334,188170,11.084,276.2,10.876,-105.6,2.7,3.28,-77.37,9.25,8.94,0.27,-0.06,-0.05,158.29,168.0,63.62,67.36,154.0,150.0
1770324137969437229,188270,10.008,237.9,10.864,-141.9,1.6,3.03,-77.31,9.19,9.0,-0.12,-0.04,0.18,11887.52,165.0,64.59,71.29,154.0,150.0
1770324138088161265,188391,10.608,257.8,11.184,-140.9,1.66,2.58,-77.19,9.38,8.94,-0.16,0.19,-0.1,11887.01,161.0,64.19,73.85,154.0,150.0
1770324138190581873,188512,10.32,271.9,10.512,-110.3,2.21,3.93,-77.44,9.38,8.81,-0.08,0.0,-0.02,169.61,159.0,62.74,74.3,154.0,150.0
1770324138288900225,188612,11.208,191.1,11.26,-156.0,2.17,2.52,-77.62,9.25,8.56,-0.11,0.06,-0.24,158.29,159.0,61.16,74.45,154.0,150.0
1770324138411736102,188712,9.532,248.2,10.76,-219.4,3.65,2.89,-77.62,9.25,8.38,-0.18,-0.18,0.05,11905.19,161.0,54.54,73.68,154.0,150.0
1770324138514201846,188835,10.304,340.5,10.964,-215.3,3.91,4.59,-78.0,9.0,7.94,0.07,-0.08,0.02,171.16,156.0,51.82,66.39,154.0,150.0
1770324138612502048,188935,10.796,379.2,11.052,-188.4,2.36,4.04,-78.25,8.69,7.69,0.37,0.08,-0.03,179.9,156.0,54.33,68.81,154.0,150.0
1770324138735390561,189035,9.872,278.7,9.996,-166.4,3.16,3.44,-78.44,8.31,7.44,-0.02,0.21,-0.11,11889.58,160.0,56.78,75.06,156.0,152.0
1770324138837802742,189159,11.024,250.2,11.164,-117.6,2.77,3.55,-78.75,8.31,7.44,0.28,0.43,0.0,203.4,160.0,57.14,78.19,156.0,152.0
1770324138936115834,189259,10.212,263.9,10.896,-89.4,2.21,3.46,-78.94,8.06,7.44,-0.16,-0.08,-0.27,205.46,160.0,65.39,78.83,156.0,152.0
1770324139142056463,189360,10.344,275.9,11.072,-123.1,1.89,2.52,-79.06,7.88,7.31,-0.08,-0.42,0.13,154.69,158.0,63.55,77.06,156.0,152.0
1770324139153485722,189459,10.104,241.6,11.192,-190.2,2.87,2.91,-79.12,7.75,7.0,0.4,-0.09,-0.4,187.11,159.0,56.69,80.04,156.0,152.0
1770324139263820377,189559,11.14,277.8,11.18,-140.4,2.89,2.56,-79.25,7.19,6.38,-0.25,0.0,-0.03,11888.55,158.0,55.97,77.77,156.0,152.0
1770324139362104957,189685,10.848,257.5,10.876,-170.0,2.93,3.34,-79.44,7.25,5.88,0.19,0.11,0.02,186.08,158.0,52.63,77.19,156.0,152.0
1770324139464524737,189786,10.712,263.9,11.02,-275.4,4.65,3.75,-79.69,7.44,5.69,-0.29,0.14,-0.33,181.79,156.0,47.66,75.47,156.0,152.0
1770324139562827412,189886,10.636,204.1,11.136,-249.7,3.26,2.5,-80.0,7.63,5.5,0.04,-0.08,0.41,173.9,156.0,47.48,77.93,156.0,152.0
1770324139665266176,189986,10.428,269.5,10.92,-180.3,2.4,2.36,-80.25,7.69,5.25,0.15,0.19,-0.19,196.88,160.0,53.02,77.97,156.0,152.0
1770324139786035878,190086,11.036,201.6,11.216,-170.1,2.77,3.11,-80.37,7.63,5.06,0.13,0.1,0.25,202.2,164.0,59.54,81.65,156.0,152.0
1770324139886440472,190186,10.328,185.4,10.992,-124.0,3.07,2.95,-80.5,7.5,4.94,0.29,0.02,-0.29,11880.15,161.0,59.79,83.71,156.0,152.0
1770324139984796486,190307,10.928,205.1,10.4,-170.0,2.19,3.18,-80.5,7.13,4.88,-0.27,0.04,0.19,197.4,161.0,59.12,80.62,156.0,152.0
1770324140087190777,190407,11.192,233.6,10.544,-125.1,2.77,2.34,-80.81,6.81,4.75,-0.16,-0.05,0.16,169.44,160.0,58.23,81.84,156.0,152.0
1770324140210072810,190508,10.616,261.7,10.272,-155.6,2.32,2.36,-81.75,6.63,4.56,0.06,0.11,-0.08,11877.06,164.0,56.96,86.19,156.0,154.0
1770324140324784336,190630,11.024,196.4,11.116,-125.0,1.97,3.05,-82.56,6.69,4.69,-0.16,-0.15,0.02,11871.4,164.0,61.7,89.29,156.0,154.0
1770324140447615733,190746,10.896,235.0,11.368,-142.9,1.62,3.11,-82.87,6.81,4.81,0.16,0.05,-0.05,11863.86,163.0,65.42,89.77,156.0,154.0
1770324140574615514,190868,9.288,189.2,10.192,-87.0,1.7,3.4,-83.06,6.88,4.81,-0.05,0.12,-0.16,11861.63,166.0,68.46,90.37,156.0,154.0
1770324140693445139,190995,10.48,304.7,11.348,-66.4,1.99,2.71,-83.69,6.88,4.75,0.0,0.02,-0.08,11861.8,169.0,70.06,88.25,158.0,154.0
1770324140808085508,191116,10.388,255.6,10.416,-74.0,1.43,3.44,-84.87,6.75,4.5,-0.14,0.21,-0.39,11863.0,169.0,68.23,87.11,158.0,154.0
1770324140910563545,191232,9.42,250.6,10.768,-138.3,2.09,2.4,-86.25,6.75,4.5,0.24,-0.12,0.18,188.82,170.0,66.73,90.56,158.0,154.0
1770324141018048569,191332,9.752,219.9,10.78,-115.4,2.34,2.3,-86.69,6.75,4.69,0.14,-0.04,-0.05,133.6,170.0,64.5,91.37,158.0,154.0
1770324141111267048,191432,10.672,252.1,10.868,-151.0,1.95,2.32,-86.69,6.75,4.81,-0.14,-0.04,0.04,176.65,166.0,62.17,91.29,158.0,154.0
1770324141213682015,191533,10.128,202.5,11.184,-141.4,2.07,2.36,-86.69,6.75,4.88,-0.1,-0.02,-0.42,167.56,169.0,60.03,90.04,158.0,154.0
1770324141311965293,191633,10.028,301.0,11.22,-123.1,2.64,2.7,-87.0,6.75,4.88,-0.28,-0.08,0.08,166.18,169.0,65.9,88.78,158.0,154.0
1770324141410308485,191733,10.688,336.0,10.496,-136.1,1.46,2.89,-87.87,6.63,4.69,0.02,0.33,0.09,179.9,169.0,63.55,86.59,158.0,154.0
1770324141533190600,191833,10.668,273.3,10.76,-127.3,1.39,3.71,-89.31,6.56,4.5,-0.17,0.26,-0.71,11867.29,172.0,65.27,87.69,158.0,156.0
1770324141651993587,191952,10.636,262.6,11.336,-98.6,1.97,2.34,-90.5,6.56,4.69,-0.11,-0.28,0.53,11862.31,178.0,66.81,90.47,158.0,156.0
1770324141750317221,192072,11.1,184.4,10.744,-123.9,1.27,2.32,-90.87,6.56,4.88,-0.08,0.01,0.05,175.1,178.0,66.98,91.86,158.0,156.0
1770324141852712612,192173,10.448,251.7,11.192,-76.0,2.29,2.95,-90.94,6.56,4.94,0.11,-0.03,-0.16,184.36,175.0,67.52,91.35,158.0,156.0
1770324141970044519,192273,10.84,232.6,10.344,-114.3,1.23,3.2,-91.12,6.5,4.88,0.0,0.07,0.09,191.91,175.0,66.48,89.52,158.0,156.0
1770324142073899228,192373,10.472,246.5,11.288,-115.5,1.89,3.26,-91.94,6.38,4.75,-0.11,0.05,-0.23,11878.6,173.0,65.65,84.2,158.0,156.0
1770324142176320787,192496,10.188,249.7,10.988,-111.2,1.41,3.52,-93.56,6.19,4.44,-0.08,0.24,-0.29,158.29,177.0,64.77,79.35,158.0,156.0
1770324142274628107,192596,9.74,244.8,11.192,-88.2,2.19,2.48,-95.12,6.0,4.31,0.03,-0.14,0.45,198.08,177.0,67.18,84.2,158.0,156.0
1770324142377053499,192696,9.436,-0.2,11.176,-122.3,2.07,-1.74,-96.19,5.94,4.31,0.01,0.0,0.02,173.56,180.0,65.14,73.88,158.0,156.0
1770324142475314869,192796,11.096,11.1,11.412,-4.3,-0.59,0.98,-96.62,5.94,4.31,0.28,0.39,0.35,179.22,180.0,21.68,4.17,158.0,156.0
1770324142577749133,192897,11.424,17.2,11.396,0.1,-0.12,1.31,-96.62,5.94,4.31,0.01,-0.02,-0.08,179.22,180.0,4.48,0.0,158.0,156.0
1770324142676071510,192997,10.836,16.5,10.908,-2.8,-0.68,1.33,-96.62,5.94,4.31,0.0,-0.01,0.01,179.22,180.0,1.57,0.0,158.0,156.0
1770324142778472307,193097,10.08,15.9,10.98,-2.3,-0.61,1.21,-96.62,5.94,4.31,-0.02,0.01,0.03,179.22,178.0,0.0,158.0,156.0,
1770324142876794610,193197,10.8,16.1,11.556,-2.2,-0.76,1.23,-96.62,5.94,4.31,0.0,-0.03,0.03,179.22,178.0,0.0,158.0,156.0,
1770324142975070019,193297,11.028,16.5,11.536,-2.1,-0.74,1.23,-96.62,5.94,4.31,-0.01,0.0,0.01,179.22,181.0,0.0,158.0,156.0,
1770324143077528709,193397,11.04,15.7,11.056,-1.7,-0.72,1.27,-96.62,5.94,4.31,0.0,-0.01,0.0,179.22,181.0,0.0,158.0,156.0,
1770324143179928396,193498,10.668,19.1,11.552,-1.9,-0.66,1.31,-96.62,5.94,4.31,-0.01,-0.01,0.0,179.22,179.0,0.0,158.0,156.0,
1770324143278255465,193598,11.448,18.0,11.536,-1.3,-0.72,1.35,-96.62,5.94,4.31,-0.01,0.0,-0.01,179.22,181.0,0.0,158.0,156.0,
1770324143380653133,193698,10.484,18.9,11.348,-1.8,-0.72,1.31,-96.62,5.94,4.31,-0.01,-0.01,0.03,179.22,181.0,0.0,158.0,156.0,
1770324143478920473,193799,10.904,17.0,10.028,-1.4,-0.64,1.33,-96.62,5.94,4.31,0.0,-0.02,0.0,179.22,179.0,0.0,158.0,156.0,
1770324143577236152,193898,10.072,19.1,11.348,-2.9,-0.61,1.33,-96.62,5.94,4.31,-0.01,-0.02,-0.05,179.22,181.0,0.0,158.0,156.0,
1770324143679671528,193998,11.36,18.4,10.72,-2.1,-0.61,1.31,-96.62,5.94,4.31,-0.01,-0.01,0.02,179.22,181.0,0.0,158.0,156.0,
1770324143778005820,194099,9.936,17.6,10.02,-0.4,-0.57,1.46,-96.62,5.94,4.31,0.0,0.0,-0.01,179.22,179.0,0.0,158.0,156.0,
1770324143880391098,194198,10.628,17.8,11.06,-2.2,-0.55,1.33,-96.62,5.94,4.31,0.0,-0.02,0.02,179.22,180.0,0.0,158.0,156.0,
1770324143978707091,194298,10.732,18.1,11.524,-1.7,-0.61,1.46,-96.62,5.94,4.31,0.0,0.0,-0.03,179.22,180.0,0.0,158.0,156.0,
1770324144202044419,194399,10.996,19.1,11.124,-1.1,-0.63,1.45,-96.62,5.94,4.31,-0.01,0.0,0.0,179.22,177.0,0.0,158.0,156.0,
1770324144213076922,194499,10.428,18.3,10.256,-2.2,-0.61,1.33,-96.62,5.94,4.31,-0.02,-0.01,0.0,179.22,176.0,0.0,158.0,156.0,
1770324144281840211,194599,10.46,18.3,10.836,-1.3,-0.66,1.48,-96.62,5.94,4.31,0.0,-0.04,0.0,178.19,176.0,0.0,158.0,156.0,
1770324144380147916,194700,10.952,19.8,11.536,-1.2,-0.68,1.35,-96.62,5.94,4.31,0.0,-0.02,0.01,179.22,178.0,0.0,158.0,156.0,
1770324144482512660,194800,11.12,17.5,11.144,-1.5,-0.68,1.39,-96.62,5.94,4.31,0.0,-0.02,0.01,179.22,178.0,0.0,158.0,156.0,
1770324144580849183,194900,10.776,17.9,10.948,-1.9,-0.63,1.33,-96.62,5.94,4.31,-0.01,-0.02,-0.02,179.22,177.0,0.0,158.0,156.0,
1770324144679188484,195000,9.872,17.8,11.556,-1.4,-0.49,1.37,-96.62,5.94,4.31,0.01,0.0,-0.02,179.22,181.0,0.0,158.0,156.0,
1770324144781585287,195100,11.176,19.7,11.38,-2.2,-0.66,1.39,-96.62,5.94,4.31,0.0,-0.01,0.0,179.22,181.0,0.0,158.0,156.0,
1770324144890063600,195201,10.672,18.3,11.492,-1.7,-0.63,1.33,-96.62,5.94,4.31,0.01,-0.02,0.0,179.22,176.0,0.0,158.0,156.0,
1770324144982309612,195300,10.076,18.1,11.412,-1.8,-0.51,1.15,-96.62,5.94,4.31,0.0,-0.01,-0.02,178.19,180.0,0.0,158.0,156.0,
1770324145080615582,195400,10.888,17.4,11.428,-2.0,-0.47,1.39,-96.62,5.94,4.31,-0.02,-0.01,0.0,179.22,180.0,0.0,158.0,156.0,
1770324145183017468,195501,11.244,18.6,11.136,-2.4,-0.49,1.27,-96.62,5.94,4.31,0.0,0.0,-0.03,179.22,176.0,0.0,158.0,156.0,
1770324145281363393,195601,10.984,18.3,11.596,-1.2,-0.64,1.27,-96.62,5.94,4.31,0.0,-0.01,-0.01,179.39,176.0,0.0,158.0,156.0,
1770324145383698419,195700,10.596,19.2,11.46,-1.6,-0.68,1.27,-96.62,5.94,4.31,0.0,-0.01,0.06,179.22,181.0,0.0,158.0,156.0,
1770324145482015600,195801,10.532,17.5,11.56,-2.1,-0.59,1.23,-96.62,5.94,4.31,0.0,-0.01,0.0,179.39,183.0,0.0,158.0,156.0,
1770324145580326466,195901,11.112,15.7,10.824,-1.6,-0.68,1.39,-96.62,5.94,4.31,0.0,0.0,0.03,179.22,183.0,0.0,158.0,156.0,
1770324145682771856,196001,10.872,19.2,11.276,-2.5,-0.66,1.23,-96.62,5.94,4.31,0.0,0.02,0.0,179.22,175.0,0.0,158.0,156.0,
1770324145791135399,196102,10.66,17.8,10.964,-2.4,-0.72,1.37,-96.62,5.94,4.31,-0.01,-0.01,0.0,179.39,177.0,0.0,158.0,156.0,
1770324145883503850,196202,10.576,16.7,11.488,-2.9,-0.68,1.31,-96.62,5.94,4.31,0.0,-0.01,0.01,179.22,177.0,0.0,158.0,156.0,
1770324145981803289,196302,9.716,18.6,11.416,-2.2,-0.68,1.31,-96.62,5.94,4.31,0.0,-0.01,0.0,179.22,178.0,0.0,158.0,156.0,
1770324146084216766,196402,10.288,18.7,11.54,-2.1,-0.72,1.23,-96.62,5.94,4.31,-0.01,0.0,0.03,179.22,173.0,0.0,158.0,156.0,
1770324146182577023,196502,11.08,18.4,11.26,-1.9,-0.72,1.21,-96.62,5.94,4.31,0.0,-0.01,0.02,179.22,173.0,0.0,158.0,156.0,
1770324146284931136,196602,11.48,17.5,10.468,-0.7,-0.61,1.43,-96.62,5.94,4.31,0.01,-0.01,0.01,179.22,177.0,0.0,158.0,156.0,
1770324146383243610,196702,10.8,17.9,10.284,-2.1,-0.61,1.35,-96.62,5.94,4.31,0.0,0.0,0.03,183.33,179.0,0.0,158.0,156.0,
1770324146485620374,196802,10.92,18.1,11.252,-1.8,-0.78,1.23,-96.62,5.94,4.31,0.01,0.0,0.03,179.22,179.0,0.0,158.0,156.0,
1770324146583959425,196902,11.448,18.3,10.776,-2.7,-0.68,1.46,-96.62,5.94,4.31,-0.02,-0.02,0.01,183.5,177.0,0.0,158.0,156.0,
1770324146682243470,197002,9.92,17.0,11.02,-0.6,-0.53,1.33,-96.62,5.94,4.31,-0.01,-0.02,0.03,178.53,177.0,0.0,158.0,156.0,
1770324146784735858,197102,9.736,18.5,11.504,-2.1,-0.59,1.33,-96.62,5.94,4.31,0.0,-0.02,0.0,179.22,177.0,0.0,158.0,156.0,
1770324146894048031,197201,10.952,16.9,11.344,-2.0,-0.53,1.35,-96.62,5.94,4.31,-0.01,0.0,0.02,179.22,176.0,0.0,158.0,156.0,
1770324147014042398,197301,10.152,18.4,11.252,-1.7,-0.57,1.5,-96.62,5.94,4.31,-0.02,0.0,0.03,179.22,176.0,0.0,158.0,156.0,
1770324147083715958,197401,9.76,18.0,11.556,-1.5,-0.68,1.48,-96.62,5.94,4.31,0.0,-0.02,0.03,179.22,178.0,0.0,158.0,156.0,
1770324147182024339,197501,10.424,18.4,11.412,-0.2,-0.63,1.27,-96.62,5.94,4.31,0.0,0.01,0.0,179.22,177.0,0.0,158.0,156.0,
1770324147284424342,197601,9.452,18.6,11.292,-2.8,-0.68,1.23,-96.62,5.94,4.31,0.0,-0.02,0.02,179.22,177.0,0.0,158.0,156.0,
1770324147382797915,197701,10.328,15.2,11.012,-1.7,-0.63,1.15,-96.62,5.94,4.31,-0.01,0.0,0.0,178.19,181.0,0.0,158.0,156.0,
1770324147481008822,197801,10.136,17.1,10.476,-1.6,-0.7,1.13,-96.62,5.94,4.31,0.0,0.0,0.01,179.22,181.0,0.0,158.0,156.0,
1770324147583432365,197900,10.344,16.4,11.396,-1.3,-0.8,1.23,-96.62,5.94,4.31,-0.09,0.09,0.0,179.22,176.0,0.0,158.0,156.0,
1770324147681795437,198000,10.412,16.7,11.344,-2.1,-0.63,1.21,-96.62,5.94,4.31,-0.02,0.0,0.01,178.19,175.0,0.0,158.0,156.0,
1770324147784184772,198100,10.536,16.4,11.148,-2.3,-0.66,1.25,-96.62,5.94,4.31,0.0,0.0,0.02,179.22,175.0,0.0,158.0,156.0,
1770324147882493134,198200,10.024,16.0,11.54,-2.3,-0.84,1.31,-96.62,5.94,4.31,0.0,-0.01,0.0,179.22,176.0,0.0,158.0,156.0,
1770324147984894879,198300,11.232,15.5,11.568,-1.5,-0.7,1.11,-96.62,5.94,4.31,-0.02,0.0,0.0,179.05,177.0,0.0,158.0,156.0,
1770324148083207911,198401,10.348,16.1,10.716,-1.8,-0.68,1.19,-96.62,5.94,4.31,0.01,0.0,0.02,179.22,177.0,0.0,158.0,156.0,
1770324148185630083,198501,9.72,15.9,10.9,-1.6,-0.57,1.13,-96.62,5.94,4.31,0.0,-0.02,0.02,179.22,180.0,0.0,158.0,156.0,
1770324148283921742,198601,10.44,16.6,11.328,-1.6,-0.66,1.31,-96.62,5.94,4.31,-0.02,-0.01,0.0,179.22,176.0,0.0,158.0,156.0,
1770324148382221161,198702,9.86,17.1,11.488,-2.4,-0.68,1.23,-96.62,5.94,4.31,0.0,-0.04,0.05,179.05,176.0,0.0,158.0,156.0,
1770324148484603828,198801,10.82,16.2,11.048,-1.8,-0.66,1.33,-96.62,5.94,4.31,0.0,-0.03,0.01,179.22,174.0,0.0,158.0,156.0,
1770324148582908452,198901,11.224,17.5,11.556,-1.8,-0.64,1.29,-96.62,5.94,4.31,0.0,0.0,0.02,179.22,174.0,0.0,158.0,156.0,
1770324148685364924,199002,10.72,16.0,11.248,-2.3,-0.61,1.21,-96.62,5.94,4.31,-0.01,0.02,0.02,183.5,176.0,0.0,158.0,156.0,
1770324148783679067,199102,10.584,16.4,11.36,-1.9,-0.8,1.17,-96.62,5.94,4.31,-0.01,-0.01,0.01,179.22,177.0,0.0,158.0,156.0,
1770324148894047561,199202,11.428,16.4,11.184,-2.3,-0.63,1.11,-96.62,5.94,4.31,-0.02,-0.03,0.08,183.33,177.0,0.0,158.0,156.0,
1770324148984397416,199302,10.088,15.9,11.484,-1.5,-0.76,1.19,-96.62,5.94,4.31,0.0,0.0,0.01,179.22,177.0,0.0,158.0,156.0,
1770324149102058687,199402,10.72,15.2,11.556,-1.6,-0.8,1.27,-96.62,5.94,4.31,0.03,0.03,0.08,179.22,178.0,0.0,158.0,156.0,
1770324149185126516,199502,9.776,17.4,11.524,-1.5,-0.47,1.13,-96.56,5.81,4.25,-0.28,-0.14,1.39,179.22,178.0,0.0,158.0,156.0,
1770324149287528687,199603,9.988,15.4,11.472,-2.1,-0.45,1.29,-96.25,5.69,4.0,-0.07,-0.03,1.16,179.22,174.0,0.0,158.0,156.0,
1770324149385789126,199703,10.348,17.3,11.456,-1.7,-0.59,1.17,-96.19,5.19,3.94,0.17,-0.02,0.19,183.33,178.0,0.0,158.0,156.0,
1770324149488220097,199803,10.516,17.4,10.848,-1.2,-0.64,1.31,-96.37,5.5,4.0,-0.09,0.06,0.25,179.22,178.0,0.0,158.0,156.0,
1770324149586548728,199904,10.012,16.6,11.452,-2.1,-0.59,1.21,-96.37,5.5,4.0,0.02,-0.02,0.0,179.22,179.0,0.0,158.0,156.0,
1770324149688975383,200005,9.796,17.3,10.532,-1.5,-0.7,1.13,-96.37,5.5,4.0,0.02,-0.09,0.04,179.22,179.0,0.0,158.0,156.0,
1770324149787278605,200105,10.944,16.7,11.308,-1.8,-0.51,1.15,-96.37,5.5,4.0,-0.02,0.01,0.1,179.22,179.0,0.0,158.0,156.0,
1770324149894052903,200205,10.536,15.7,8.464,0.0,-0.74,1.13,-96.62,5.81,4.19,0.36,-0.61,-2.26,179.22,177.0,0.0,158.0,156.0,
1770324149987997647,200305,10.604,16.8,11.276,-2.3,-0.63,1.15,-96.5,5.81,4.13,-0.13,0.17,0.59,179.22,177.0,0.0,158.0,156.0,
1770324150116822081,200406,10.744,17.8,11.396,-1.0,-0.55,1.35,-96.44,6.81,4.69,0.11,0.69,1.24,12053.71,179.0,0.0,158.0,156.0,
1770324150229686636,200525,10.776,18.1,11.452,-2.1,-0.63,1.37,-96.0,9.31,7.19,0.35,-0.23,0.0,12053.71,174.0,0.0,158.0,156.0,
1770324150352514089,200645,10.656,18.1,10.848,-2.1,-0.66,1.41,-95.37,10.25,8.5,0.48,0.0,1.23,12051.65,188.0,0.0,158.0,156.0,
1770324150475411846,200770,10.544,18.0,10.752,-1.8,-0.78,1.46,-94.37,10.25,8.19,0.29,0.53,1.18,12052.68,234.0,0.0,158.0,156.0,
1770324150586051473,200890,11.08,16.7,10.764,-2.2,-0.72,1.45,-92.62,10.56,7.19,0.48,0.92,0.08,12052.5,234.0,0.0,158.0,156.0,
1770324150708935506,201004,10.184,19.1,11.444,-1.5,-0.72,1.37,-91.06,11.19,5.94,0.43,0.63,-0.12,12053.36,305.0,0.0,158.0,156.0,
1770324150831829225,201125,11.044,17.6,11.036,-1.1,-0.59,1.31,-91.0,9.19,4.75,-0.6,0.07,-1.3,12053.19,394.0,0.0,158.0,156.0,
1770324151026045961,201247,11.132,19.9,11.136,-2.1,-0.64,1.37,-92.5,5.69,3.25,-1.36,0.07,-2.8,12051.82,445.0,0.0,158.0,156.0,
1770324151053048080,201369,10.432,18.3,11.444,-1.7,-0.47,1.39,-93.5,5.19,0.94,-1.02,0.37,-2.19,451.9,445.0,0.0,158.0,156.0,
1770324151151344431,201468,10.296,17.8,11.18,-2.1,-0.64,1.35,-92.75,6.5,-0.75,-0.72,0.04,-1.56,427.21,447.0,0.0,158.0,156.0,
1770324151274208526,201568,10.536,18.2,10.904,-2.2,-0.57,1.35,-90.87,8.25,-1.81,0.32,-0.84,1.31,12049.76,397.0,0.0,158.0,156.0,
1770324151376601282,201692,10.388,18.6,11.064,-2.0,-0.8,1.39,-90.31,8.81,-2.0,0.17,-1.0,0.74,390.51,397.0,0.0,158.0,156.0,
1770324151495388178,201792,11.028,18.2,11.212,-1.4,-0.53,1.43,-91.25,9.0,-1.37,0.16,-0.98,-0.5,12049.93,343.0,0.0,158.0,156.0,
1770324151618309558,201912,9.764,18.3,11.296,-1.7,-0.66,1.27,-92.12,9.56,-0.5,0.25,-0.94,0.34,12051.13,299.0,0.0,158.0,156.0,
1770324151810043458,202034,10.992,19.4,11.048,-1.8,-0.7,1.45,-91.75,9.25,-0.5,-0.11,-0.71,0.19,12051.13,256.0,0.0,158.0,156.0,
1770324151860010036,202157,9.592,16.5,10.532,-1.3,-0.53,1.37,-90.69,9.81,-0.06,1.46,-0.18,0.55,12049.59,220.0,0.0,158.0,156.0,
1770324151974644540,202277,10.58,17.4,11.44,-1.8,-0.63,1.45,-89.56,7.81,1.75,0.34,0.84,0.59,12051.82,220.0,0.0,158.0,156.0,
1770324152097596071,202392,11.26,16.3,11.112,-1.9,-0.63,1.19,-89.12,6.44,2.94,-0.51,-0.47,0.25,12050.1,196.0,0.0,158.0,156.0,
1770324152216380871,202512,11.132,15.8,11.46,-1.3,-0.64,1.33,-89.12,7.25,3.25,-0.02,1.39,-0.95,12049.25,188.0,0.0,158.0,156.0,
1770324152339255591,202632,10.04,17.6,11.38,-2.4,-0.64,1.45,-89.12,6.44,3.06,-0.03,0.04,-0.18,12050.79,191.0,0.0,158.0,156.0,
1770324152458016500,202755,10.996,17.5,11.424,-1.8,-0.7,1.45,-89.12,6.44,3.06,-0.08,0.04,0.27,12051.48,191.0,0.0,158.0,156.0,
1770324152576844934,202872,11.156,17.6,11.296,-1.9,-0.66,1.21,-89.12,6.44,3.0,-0.13,0.05,-0.04,12051.13,188.0,0.0,158.0,156.0,
1770324152699731341,202992,11.352,19.2,10.692,-1.6,-0.63,1.45,-89.12,6.44,3.0,-0.02,-0.19,-0.08,12050.79,186.0,0.0,158.0,156.0,
1770324152826051041,203113,11.196,17.8,11.496,-2.4,-0.7,1.27,-89.12,6.25,2.94,-0.41,0.33,0.28,12049.76,190.0,0.0,158.0,156.0,
1770324152937315739,203237,10.804,18.7,11.516,-1.8,-0.61,1.39,-89.12,6.19,2.94,-0.24,-0.1,0.09,12051.82,190.0,0.0,158.0,156.0,
1770324153056108903,203351,10.868,16.4,11.024,-2.4,-0.45,1.43,-89.44,5.88,2.69,-0.06,-0.16,-0.41,12049.59,192.0,0.0,1.42,158.0,156.0
1770324153174888166,203471,10.236,9.4,10.976,-2.0,-0.61,0.49,-90.37,5.38,2.44,-0.01,-0.11,0.13,12047.7,196.0,0.0,3.48,158.0,156.0
1770324153301899045,203591,9.784,17.2,11.392,-1.5,-0.53,1.46,-91.81,4.5,2.44,-0.15,0.23,-0.24,12046.67,199.0,0.0,2.12,158.0,156.0
1770324153404259913,203715,11.164,17.5,11.332,-1.7,-0.53,1.21,-93.0,3.69,2.63,-0.19,-0.09,-0.13,9836.21,199.0,0.0,158.0,156.0,
1770324153533085244,203819,11.124,15.1,11.372,-0.5,-0.64,1.15,-92.81,3.38,2.75,-2.68,-0.75,3.89,12049.25,200.0,0.0,158.0,156.0,
1770324153646013810,203939,10.844,15.3,10.712,-1.6,-0.51,1.41,-92.75,3.44,3.06,-1.77,0.02,-0.49,12049.42,195.0,0.0,158.0,156.0,
1770324153748402051,204061,11.028,15.8,11.424,-1.7,-0.63,1.15,-92.75,4.06,2.94,0.38,0.48,0.03,259.14,195.0,0.0,158.0,156.0,
1770324153854048824,204162,9.948,15.6,8.464,0.0,-0.64,1.17,-92.75,4.44,3.06,-0.21,0.14,0.28,224.84,194.0,0.0,158.0,156.0,
1770324153965536700,204262,10.704,15.8,32.764,0.0,-0.64,1.21,-92.75,4.56,3.06,-0.3,0.14,0.19,12049.93,196.0,0.0,158.0,156.0,
1770324154080193187,204379,10.56,16.7,8.464,0.0,-0.45,1.23,-92.69,4.81,3.06,-0.06,0.04,-0.02,12050.28,193.0,0.0,158.0,156.0,
1770324154190753881,204494,10.34,17.7,8.464,0.0,-0.57,1.25,-92.69,4.75,3.06,-0.09,0.02,0.02,12050.79,193.0,0.0,158.0,156.0,
1770324154313685974,204607,10.64,15.9,8.464,0.0,-0.53,1.41,-92.69,4.75,3.06,-0.08,0.01,0.04,12051.3,192.0,0.0,158.0,156.0,
1770324154432419530,204727,11.452,17.0,8.464,0.0,-0.64,1.43,-92.69,4.75,3.06,-0.07,0.02,0.03,12053.88,193.0,0.0,158.0,156.0,
1770324154551262302,204846,11.208,17.3,8.464,0.0,-0.72,1.35,-92.69,4.75,3.06,-0.05,0.04,0.01,12053.36,196.0,0.0,158.0,156.0,
1770324154661853351,204963,10.812,17.2,8.464,0.0,-0.51,1.25,-92.69,4.75,3.06,-0.05,0.03,0.04,12053.88,196.0,0.0,158.0,156.0,
1770324154780643358,205075,11.58,17.5,8.464,0.0,-0.68,1.33,-92.69,4.75,3.06,-0.05,0.02,0.04,12054.56,195.0,0.0,158.0,156.0,
1770324154899447070,205195,10.404,17.4,8.464,0.0,-0.57,1.33,-92.69,4.69,3.06,-0.05,0.02,0.02,12052.68,193.0,0.0,158.0,156.0,
1770324155014143491,205313,11.28,17.8,8.464,0.0,-0.47,1.41,-92.69,4.69,3.06,-0.06,0.03,0.02,12054.22,195.0,0.0,158.0,156.0,
1770324155124722809,205428,9.88,16.7,8.464,0.0,-0.7,1.29,-92.69,4.69,3.06,-0.03,0.03,0.03,12054.22,195.0,0.0,158.0,156.0,
1770324155239433913,205538,11.336,16.0,8.464,0.0,-0.53,1.33,-92.69,4.69,3.06,-0.06,0.02,0.02,12054.22,198.0,0.0,158.0,156.0,
1770324155362279721,205655,11.168,17.0,8.464,0.0,-0.7,1.19,-92.69,4.69,3.06,-0.05,0.04,-0.01,12053.36,195.0,0.0,158.0,156.0,
1770324155489261686,205777,10.992,18.3,8.464,0.0,-0.64,1.21,-92.69,4.69,3.06,-0.04,0.03,0.04,12054.91,192.0,0.0,158.0,156.0,
1770324155599942496,205903,11.056,18.0,8.464,0.0,-0.49,1.39,-92.69,4.69,3.06,-0.02,0.01,0.02,12055.08,192.0,0.0,158.0,156.0,
1770324155790042616,206014,10.068,16.9,8.464,0.0,-0.57,1.35,-92.69,4.69,3.06,-0.04,0.01,0.03,12054.56,195.0,0.0,158.0,156.0,
1770324155837488203,206132,11.3,16.4,8.464,0.0,-0.63,1.25,-92.69,4.69,3.06,-0.03,0.03,0.02,12053.02,193.0,0.0,158.0,156.0,
1770324155952186101,206253,10.492,16.2,8.464,0.0,-0.47,1.39,-92.69,4.69,3.06,-0.04,0.03,0.03,12054.73,193.0,0.0,158.0,156.0,
1770324156142057379,206364,10.796,16.3,8.464,0.0,-0.63,1.23,-92.69,4.69,3.06,-0.05,0.01,0.0,12053.88,195.0,0.0,158.0,156.0,
1770324156189776238,206482,11.54,16.2,8.464,0.0,-0.57,1.23,-92.69,4.69,3.06,-0.05,0.01,0.02,12053.88,192.0,0.0,158.0,156.0,
1770324156308584039,206601,10.884,17.3,8.464,0.0,-0.55,1.29,-92.69,4.69,3.06,-0.05,0.01,0.0,12053.88,192.0,0.0,158.0,156.0,
1770324156427332463,206723,9.78,16.5,8.464,0.0,-0.7,1.31,-92.69,4.69,3.06,-0.07,0.03,0.03,12054.22,193.0,0.0,158.0,156.0,
1770324156533840223,206839,10.224,17.4,8.464,0.0,-0.57,1.25,-92.69,4.69,3.06,-0.05,0.01,0.02,12053.02,193.0,0.0,158.0,156.0,
1770324156652667415,206948,11.24,17.2,8.464,0.0,-0.68,1.23,-92.69,4.69,3.06,-0.06,0.03,0.01,12053.19,190.0,0.0,158.0,156.0,
1770324156771437508,207066,10.192,17.7,8.464,0.0,-0.61,1.31,-92.69,4.69,3.06,-0.04,0.02,0.03,12052.5,195.0,0.0,158.0,156.0,
1770324156898044028,207182,11.308,17.6,8.464,0.0,-0.63,1.37,-92.69,4.69,3.06,-0.06,0.04,0.02,12052.5,195.0,0.0,158.0,156.0,
1770324157000840717,207296,10.568,16.2,8.464,0.0,-0.55,1.37,-92.69,4.69,3.06,-0.05,0.03,0.02,12053.19,192.0,0.0,158.0,156.0,
1770324157115532491,207414,10.664,17.7,8.464,0.0,-0.31,1.27,-92.69,4.69,3.06,-0.06,0.04,0.01,12051.99,194.0,0.0,158.0,156.0,
1770324157234347915,207528,11.42,16.9,8.464,0.0,-0.53,1.19,-92.69,4.69,3.06,-0.05,0.03,0.03,12055.76,195.0,0.0,158.0,156.0,
1770324157344961378,207645,11.212,17.2,8.464,0.0,-0.49,1.27,-92.69,4.69,3.06,-0.04,0.0,0.06,12053.02,195.0,0.0,158.0,156.0,
1770324157469624592,207757,11.02,20.4,8.464,0.0,-0.47,1.46,-92.69,4.69,3.06,-0.04,0.02,0.02,12054.91,192.0,0.0,158.0,156.0,
1770324157582509106,207875,10.86,19.1,8.464,0.0,-0.41,1.41,-92.69,4.69,3.06,-0.04,0.01,0.03,12051.65,193.0,0.0,158.0,156.0,
1770324157701311305,207993,11.564,16.1,8.464,0.0,-0.31,1.19,-92.69,4.69,3.06,-0.04,0.02,0.01,12052.33,195.0,0.0,158.0,156.0,
1770324157816161763,208113,10.396,16.1,8.464,0.0,-0.14,1.29,-92.69,4.69,3.06,-0.03,0.01,0.0,12054.22,195.0,0.0,158.0,156.0,
1770324157930700911,208224,10.832,16.2,8.464,0.0,0.04,1.39,-92.69,4.69,3.06,-0.04,0.03,0.02,12053.53,194.0,0.0,158.0,156.0,
1770324158049550205,208345,9.896,16.3,8.464,0.0,0.14,1.35,-92.69,4.69,3.06,-0.05,0.03,0.02,12050.79,194.0,0.7,0.0,158.0,156.0
1770324158164166358,208461,9.748,17.4,8.464,0.0,1.48,1.35,-92.69,4.69,3.06,-0.05,0.03,0.03,12044.62,194.0,4.95,0.0,158.0,156.0
1770324158278872206,208578,11.596,16.6,8.464,0.0,1.54,1.17,-92.69,4.69,3.06,-0.02,0.02,0.06,12034.16,194.0,15.31,0.0,158.0,156.0
1770324158409948329,208692,10.572,16.7,11.428,-828.8,2.48,1.19,-92.69,5.19,3.0,-0.07,0.15,0.34,12036.04,194.0,14.61,0.0,158.0,156.0
1770324158532820813,208822,10.5,10.3,11.456,-102.2,2.71,1.25,-92.62,6.13,3.06,-0.11,0.09,0.02,12019.92,191.0,23.14,0.0,160.0,156.0
1770324158651697478,208944,11.084,15.3,11.476,-91.9,2.7,1.13,-92.62,6.69,3.06,-0.1,0.03,0.13,12007.23,191.0,36.19,0.0,160.0,156.0
1770324158766314428,209064,9.728,21.7,11.3,-93.2,2.79,1.89,-92.56,7.19,3.06,0.03,0.06,-0.02,12005.0,191.0,37.75,0.73,160.0,156.0
1770324158893315595,209180,10.628,80.3,11.028,-92.2,2.58,2.95,-92.56,7.25,3.06,-0.08,0.77,-0.38,11968.3,191.0,41.06,24.36,160.0,156.0
1770324158991645686,209304,9.948,136.7,11.5,-144.0,2.7,2.44,-93.44,7.44,3.31,0.06,0.02,0.03,264.8,191.0,39.52,37.81,160.0,156.0
1770324159089921566,209404,10.22,138.8,11.408,-133.6,2.91,2.5,-94.25,7.63,3.44,-0.06,0.02,0.14,198.94,192.0,41.7,40.9,160.0,156.0
1770324159192351030,209504,10.776,107.1,11.036,-163.2,3.52,2.52,-94.62,7.81,3.5,0.1,0.05,-0.03,216.26,191.0,44.23,43.38,160.0,156.0
1770324159315253901,209604,11.02,100.3,10.9,-150.6,2.83,2.25,-94.94,8.0,3.5,0.03,0.08,0.14,11942.92,190.0,47.06,41.11,160.0,156.0
1770324159417634897,209728,10.884,149.8,11.268,-118.5,3.07,2.48,-95.31,8.31,3.5,-0.07,-0.02,-0.17,200.48,190.0,50.52,38.73,160.0,156.0
1770324159515921901,209828,10.576,168.1,10.688,-131.3,2.38,2.71,-95.87,8.63,3.5,0.06,-0.01,0.09,201.34,192.0,55.09,36.2,160.0,156.0
1770324159624299213,209928,9.4,164.4,11.02,-160.8,1.97,3.65,-96.94,8.88,3.5,-0.11,0.11,0.31,194.31,192.0,57.95,34.41,160.0,156.0
1770324159716672298,210028,10.124,182.2,10.556,-119.1,3.01,4.55,-98.25,9.19,3.44,0.13,-0.01,0.05,206.31,194.0,60.6,29.9,160.0,156.0
1770324159814986082,210128,11.396,176.0,10.86,-140.3,1.82,4.02,-99.31,9.5,3.5,0.31,-0.05,-0.19,212.15,195.0,64.0,26.1,160.0,156.0
1770324159917397860,210228,10.728,161.3,11.3,-134.1,1.8,3.87,-100.25,9.69,3.56,-0.1,-0.03,0.21,225.01,195.0,64.29,26.26,160.0,156.0
1770324160015662411,210328,10.74,143.8,11.256,-177.7,2.48,3.5,-101.06,9.81,3.69,0.06,0.0,-0.15,209.57,199.0,61.17,27.01,160.0,156.0
1770324160218053793,210428,10.348,119.4,11.204,-167.8,3.11,3.44,-101.62,10.0,3.75,0.17,0.13,-0.49,11964.53,193.0,56.96,18.82,160.0,158.0
1770324160241005976,210550,10.416,179.9,11.368,-130.0,2.71,3.83,-101.81,10.13,3.94,-0.44,0.18,0.43,218.15,193.0,60.41,23.8,160.0,158.0
1770324160339270527,210651,10.916,160.3,11.272,-154.3,1.74,3.54,-102.69,10.44,4.06,-0.19,-0.03,0.02,200.83,194.0,64.96,35.29,160.0,158.0
1770324160441673591,210751,10.704,201.0,11.144,-119.8,1.93,2.73,-103.81,11.0,4.13,0.08,-0.05,-0.06,217.12,192.0,66.04,47.06,160.0,158.0
1770324160560483784,210851,10.08,213.7,10.832,-134.2,2.25,2.46,-105.19,11.44,4.19,0.08,-0.07,-0.07,11895.58,188.0,65.38,59.93,160.0,158.0
1770324160662915370,210973,10.76,143.4,11.264,-98.5,2.27,2.83,-107.06,11.75,4.25,0.18,-0.11,-0.02,188.31,188.0,65.49,61.75,160.0,158.0
1770324160761220536,211073,11.256,150.4,11.344,-122.7,2.17,2.7,-108.44,12.0,4.25,0.19,-0.07,-0.24,192.59,193.0,65.93,59.58,162.0,158.0
1770324160958048058,211173,10.784,134.8,11.432,-104.6,2.23,2.58,-109.5,12.0,4.25,-0.05,0.12,0.0,11902.96,196.0,67.76,54.31,162.0,158.0
1770324160998807881,211292,10.652,157.2,11.412,-108.2,2.01,2.75,-110.94,12.0,4.31,-0.04,-0.04,0.0,11918.05,196.0,67.36,43.2,162.0,158.0
1770324161097117639,211408,11.396,131.5,11.496,-76.9,2.01,2.56,-112.5,12.0,4.38,-0.14,0.14,0.1,196.88,201.0,67.69,36.32,162.0,158.0
1770324161199523049,211508,10.932,126.4,11.448,-93.7,2.15,2.54,-113.75,12.44,4.69,0.01,0.0,-0.04,210.26,201.0,65.39,32.25,162.0,158.0
1770324161297836305,211608,10.856,107.2,10.944,-143.8,1.84,2.85,-114.62,12.81,5.0,0.0,-0.12,-0.09,194.31,200.0,62.96,23.61,162.0,158.0
1770324161396137263,211708,10.836,144.4,11.1,-111.6,1.52,3.2,-115.19,13.06,5.13,0.15,0.14,-0.17,185.56,203.0,65.49,15.31,162.0,158.0
1770324161498511948,211808,11.072,100.0,11.188,-117.0,1.78,3.91,-115.62,13.25,5.25,-0.29,-0.06,-0.17,238.56,203.0,63.82,14.18,162.0,158.0
1770324161596858725,211908,9.888,124.6,11.116,-138.2,1.7,2.99,-116.12,13.5,5.44,-0.06,0.03,-0.07,191.05,197.0,62.96,14.17,162.0,158.0
1770324161719749369,212008,10.508,84.2,11.236,-42.2,1.13,3.22,-116.56,13.88,5.63,-0.08,0.06,0.19,11996.6,201.0,49.53,9.91,162.0,158.0
1770324161842631920,212130,10.256,72.6,11.508,2.3,0.29,2.58,-116.94,14.19,5.88,0.5,-0.14,-0.31,12044.96,199.0,2.09,4.18,162.0,158.0
1770324161940948102,212251,9.88,21.2,11.56,0.6,0.0,1.52,-117.06,14.25,5.94,-0.03,-0.04,-0.11,253.31,199.0,0.0,162.0,158.0,
1770324162063825709,212352,9.748,19.8,11.272,0.2,-0.04,1.45,-117.06,14.25,5.94,-0.05,0.03,-0.08,12048.22,198.0,1.44,0.0,162.0,158.0
1770324162182595404,212472,10.68,17.6,11.372,-74.5,2.42,1.46,-117.06,14.25,5.94,-0.05,-0.08,-0.07,12006.37,197.0,31.06,0.0,162.0,158.0
1770324162305496273,212594,10.528,21.2,11.4,-131.7,2.11,1.5,-117.06,14.25,5.94,-0.06,0.02,-0.01,11971.39,202.0,62.45,0.0,162.0,158.0
1770324162428370492,212714,11.224,21.4,11.556,-89.1,1.86,1.43,-117.06,14.25,5.94,-0.04,0.03,0.0,11966.93,197.0,65.42,0.0,162.0,158.0
1770324162526635204,212839,10.48,23.0,11.3,-92.1,2.27,1.56,-117.12,14.44,5.94,-0.03,0.04,-0.1,209.06,197.0,64.5,0.0,162.0,158.0
1770324162629113894,212938,10.876,20.9,11.008,-121.6,2.3,1.41,-117.06,14.56,6.06,-0.03,-0.03,0.07,199.45,197.0,65.03,0.0,162.0,158.0
1770324162727431519,213038,11.044,19.4,11.152,-85.5,1.7,1.64,-117.12,14.69,6.06,-0.18,0.05,-0.05,177.67,198.0,65.76,0.0,162.0,158.0
1770324162835822710,213138,11.268,17.9,11.468,-109.0,2.5,1.41,-117.12,14.81,6.13,-0.07,-0.01,0.04,193.45,198.0,63.15,0.0,162.0,158.0
1770324162928143047,213237,10.848,112.7,11.28,-101.6,2.23,3.96,-117.12,14.94,6.19,0.0,-0.02,0.05,185.56,198.0,63.6,1.79,162.0,158.0
1770324163026456005,213338,10.28,192.1,10.056,-135.6,1.5,4.28,-117.56,15.06,6.25,-0.58,0.25,0.16,181.28,195.0,65.93,24.63,164.0,158.0
1770324163149346766,213437,11.068,208.5,11.312,-131.6,2.13,3.11,-118.62,15.5,6.5,-0.05,0.17,0.08,11901.76,194.0,64.27,53.31,164.0,158.0
1770324163272194319,213559,11.336,124.9,11.072,-157.3,1.99,2.25,-119.62,16.69,7.0,0.47,-0.02,-0.06,11904.67,191.0,59.76,61.8,164.0,158.0
1770324163399198250,213683,11.104,127.8,10.792,-154.3,2.11,2.56,-120.06,17.0,6.94,-0.27,0.12,-0.22,11907.25,188.0,60.54,57.06,164.0,158.0
1770324163513909270,213807,10.404,107.2,11.296,-175.3,2.19,1.91,-120.44,17.25,6.81,-0.14,-0.05,0.08,11915.48,188.0,57.32,54.49,164.0,158.0
1770324163636798901,213922,10.124,124.0,10.992,-182.6,2.79,2.03,-120.5,17.31,6.63,-0.02,-0.16,0.17,11919.42,181.0,57.04,50.25,164.0,158.0
1770324163942049228,214046,10.668,104.8,10.816,-174.1,3.54,2.03,-120.44,17.19,6.38,0.17,-0.22,0.09,11938.63,180.0,51.5,43.84,164.0,158.0
1770324163960410263,214168,9.692,120.1,11.008,-225.3,4.12,2.91,-120.19,17.19,6.25,-0.13,-0.1,-0.04,163.61,180.0,44.79,37.62,164.0,158.0
1770324163971584378,214268,9.748,138.2,11.116,-184.5,3.38,2.85,-119.94,17.12,6.06,-0.09,0.04,0.05,165.15,180.0,48.46,38.92,164.0,158.0
1770324164079177258,214368,10.54,129.5,11.32,-220.9,4.12,3.67,-119.56,17.06,5.88,0.0,-0.05,0.02,11943.09,179.0,50.52,37.64,164.0,158.0
1770324164202079823,214490,9.304,95.0,11.332,-216.1,3.05,2.95,-119.19,16.94,5.69,-0.23,0.11,0.05,11933.14,178.0,52.19,42.45,164.0,160.0
1770324164300402042,214610,9.464,86.4,11.132,-228.6,3.28,1.48,-118.87,16.94,5.56,-0.05,0.19,-0.26,171.84,178.0,52.39,46.78,164.0,160.0
1770324164402748346,214710,11.328,104.4,11.248,-220.4,3.36,1.86,-118.75,17.06,5.5,-0.03,0.0,-0.08,162.93,177.0,53.22,48.46,164.0,160.0
1770324164531599779,214810,9.468,70.3,10.604,-165.0,2.7,1.58,-118.75,17.12,5.5,-0.07,-0.05,0.1,11936.06,174.0,53.0,45.07,164.0,160.0
1770324164623990779,214933,10.648,67.6,11.324,-232.1,3.69,1.86,-118.56,17.19,5.5,0.15,0.05,0.0,176.65,174.0,49.42,42.1,164.0,160.0
1770324164750973694,215033,10.82,90.3,11.352,-206.5,3.85,1.66,-118.25,17.12,5.38,0.08,0.19,0.0,11941.2,171.0,50.62,40.21,164.0,160.0
1770324164849302395,215158,9.78,78.4,11.112,-246.1,4.02,1.72,-117.81,17.0,5.25,-0.2,-0.09,0.03,156.58,171.0,49.25,41.31,164.0,160.0
1770324164958049259,215259,10.608,61.7,10.672,-204.3,3.77,1.6,-117.62,17.06,5.13,0.01,0.06,-0.03,152.63,171.0,44.79,41.21,164.0,160.0
1770324165050039106,215359,10.332,72.6,11.112,-205.7,3.18,1.74,-117.37,17.12,5.0,-0.14,0.15,-0.13,158.12,171.0,46.0,39.76,164.0,160.0
1770324165152415895,215459,10.24,77.6,11.26,-192.6,3.91,2.21,-117.06,17.12,4.88,-0.03,-0.16,-0.07,151.95,171.0,51.61,38.93,164.0,160.0
1770324165271206711,215560,10.128,86.9,10.968,-204.2,3.91,2.54,-116.75,17.0,4.81,0.07,-0.01,-0.04,11949.43,169.0,51.19,35.88,166.0,160.0
1770324165373566091,215681,10.444,130.1,10.868,-178.9,2.91,2.17,-116.25,16.81,4.69,-0.09,0.07,-0.05,161.21,170.0,48.58,32.39,166.0,160.0
1770324165471883757,215781,10.048,110.7,11.376,-221.8,4.2,2.54,-116.0,16.69,4.56,-0.09,-0.01,-0.09,163.95,170.0,49.27,31.35,166.0,160.0
1770324165570230611,215880,10.572,123.8,11.088,-231.9,3.89,2.48,-115.5,16.5,4.56,-0.02,0.0,-0.15,165.5,170.0,48.79,28.33,166.0,160.0
1770324165693118980,215980,10.668,133.5,11.228,-200.7,3.5,3.4,-115.0,16.44,4.5,0.02,0.0,-0.13,11962.3,169.0,48.05,29.22,166.0,160.0
1770324165890053100,216102,10.432,139.4,10.892,-230.2,4.49,2.68,-114.31,16.5,4.31,-0.14,-0.11,-0.11,11959.9,171.0,46.63,30.62,166.0,160.0
1770324165938889864,216224,10.696,98.4,11.288,-230.6,3.48,1.64,-113.69,16.5,4.06,-0.04,0.13,0.02,11952.86,175.0,47.62,35.2,166.0,160.0
1770324166057684046,216346,9.852,66.0,10.88,-230.4,4.39,2.32,-113.06,16.62,3.94,-0.19,-0.06,-0.03,11954.92,175.0,45.4,35.15,166.0,160.0
1770324166156011180,216464,9.644,69.4,11.252,-271.7,4.69,2.19,-112.62,16.81,3.75,0.09,-0.03,0.05,178.36,176.0,42.1,34.31,166.0,160.0
1770324166254271679,216564,10.42,80.5,11.344,-235.7,4.28,2.3,-112.37,17.0,3.56,0.01,0.11,0.06,167.21,176.0,43.89,32.25,166.0,160.0
1770324166356692549,216665,11.276,86.4,11.348,-233.0,3.67,2.23,-112.25,17.06,3.56,0.08,0.12,0.22,202.88,180.0,46.78,30.41,166.0,160.0
1770324166483653013,216765,10.46,62.3,10.812,-241.7,4.02,1.82,-112.12,17.0,3.5,-0.1,0.01,-0.15,11962.3,183.0,47.06,28.23,166.0,160.0
1770324166610682354,216891,10.948,75.8,11.116,-201.6,3.93,2.44,-112.0,16.94,3.44,-0.02,0.0,0.3,11960.07,187.0,46.86,28.52,166.0,160.0
1770324166733565029,217018,10.416,54.7,11.16,-232.9,4.28,2.34,-111.94,16.81,3.38,-0.01,0.19,0.03,11958.52,193.0,45.99,31.09,166.0,160.0
1770324166850043372,217141,10.304,101.8,11.244,-174.9,3.11,1.48,-111.69,16.75,3.25,-0.02,0.13,-0.03,167.56,193.0,47.59,36.61,166.0,160.0
1770324166958853239,217241,9.788,86.7,11.416,-187.6,3.61,1.7,-111.56,16.75,3.25,0.03,-0.05,-0.22,11954.58,194.0,49.28,35.88,166.0,160.0
1770324167081747991,217366,10.26,64.8,10.968,-211.1,2.95,1.91,-111.25,16.69,3.13,-0.04,0.03,-0.01,11955.09,195.0,46.86,33.27,166.0,160.0
1770324167200535408,217488,10.5,76.1,11.424,-228.3,4.18,1.45,-110.87,16.62,2.94,-0.08,0.11,0.09,11959.04,201.0,46.63,32.71,166.0,160.0
1770324167315253946,217609,10.72,105.0,11.236,-204.5,4.16,2.19,-110.62,16.56,2.88,-0.09,-0.04,0.06,11966.58,201.0,45.73,26.86,166.0,160.0
1770324167438081202,217724,10.88,100.6,11.108,-208.1,3.57,2.93,-110.44,16.62,2.81,0.06,-0.15,-0.05,11977.73,205.0,41.75,24.36,166.0,160.0
1770324167556877009,217845,11.384,136.4,10.724,-257.4,5.02,3.79,-110.0,16.75,2.5,-0.12,0.21,0.01,11975.33,200.0,41.08,22.59,166.0,160.0
1770324167679795830,217964,10.372,137.4,10.8,-270.4,4.38,2.95,-109.81,16.87,2.38,0.05,0.07,-0.15,11972.76,206.0,41.74,22.31,166.0,160.0
1770324167794497570,218085,10.836,120.5,11.36,-266.6,3.91,2.85,-109.5,16.87,2.31,-0.06,0.04,0.08,11970.53,206.0,43.55,22.5,168.0,162.0
1770324167892767298,218202,11.092,79.7,11.336,-195.1,3.14,2.6,-109.19,16.87,2.13,-0.09,0.21,-0.2,171.5,207.0,45.34,27.53,168.0,162.0
1770324167995232603,218302,10.532,94.5,11.336,-174.0,3.22,1.68,-109.0,16.87,2.19,-0.12,-0.03,0.16,170.3,207.0,48.37,30.46,168.0,162.0
1770324168118117605,218401,10.764,92.9,11.064,0.0,3.52,2.03,-108.69,16.87,2.13,0.03,0.2,-0.23,11954.41,211.0,48.52,31.4,168.0,162.0
1770324168236900575,218523,10.376,68.3,11.224,-200.2,3.67,1.91,-108.44,16.94,2.0,0.04,-0.05,-0.06,11954.92,208.0,49.12,33.68,168.0,162.0
1770324168359790982,218645,10.0,94.7,10.784,-234.6,4.0,1.54,-108.12,17.0,1.88,0.1,0.01,0.0,11959.55,216.0,46.93,32.44,168.0,162.0
1770324168482618679,218766,11.208,101.3,10.9,-190.8,3.22,2.79,-107.62,17.06,1.56,-0.04,0.0,0.08,11959.21,224.0,47.32,29.92,168.0,162.0
1770324168605549311,218891,10.5,104.9,11.08,-187.3,3.95,2.19,-107.0,17.06,1.25,0.01,-0.04,-0.07,11958.69,221.0,48.89,27.84,168.0,162.0
1770324168720249181,219012,10.98,93.1,10.972,-175.0,3.07,2.58,-106.62,17.12,1.06,0.15,0.05,-0.09,11957.32,221.0,48.64,29.76,168.0,162.0
1770324168843170868,219127,9.544,97.1,11.112,-165.3,2.89,1.8,-106.75,17.06,1.06,0.07,0.17,-0.01,11955.44,222.0,49.98,30.12,168.0,162.0
1770324168970102297,219249,11.004,120.2,11.368,-206.7,3.73,2.23,-106.75,17.0,1.06,-0.15,0.15,0.04,11955.78,223.0,51.5,28.53,168.0,162.0
1770324169170066560,219375,10.364,108.9,11.02,-207.7,2.79,2.42,-107.0,17.0,1.19,0.05,0.04,0.0,11956.46,225.0,51.87,26.95,168.0,162.0
1770324169207703886,219497,11.28,109.0,9.772,-142.5,2.77,3.11,-107.19,17.06,1.25,0.03,0.07,-0.07,11954.92,225.0,51.82,26.63,168.0,162.0
1770324169326437073,219614,10.312,123.3,10.856,-198.9,3.44,3.09,-107.25,17.12,1.25,0.15,0.06,-0.22,11959.9,218.0,50.11,28.53,168.0,162.0
1770324169453440227,219735,10.124,90.8,10.732,-210.7,3.73,2.32,-107.12,17.19,1.19,0.09,-0.1,-0.19,11965.21,223.0,47.62,24.85,168.0,162.0
1770324169551761533,219859,10.384,140.6,10.936,-209.3,3.81,3.44,-106.75,17.12,1.06,0.11,-0.04,-0.01,196.71,223.0,46.4,22.34,168.0,162.0
1770324169678768613,219959,10.1,145.0,11.24,-173.3,2.85,3.61,-106.5,17.0,0.94,-0.03,0.01,0.13,11964.18,216.0,48.12,22.61,168.0,162.0
1770324169801652517,220087,9.448,114.3,11.192,-203.3,3.38,2.71,-106.31,17.0,0.88,-0.09,0.0,-0.22,11962.3,223.0,51.31,23.68,168.0,162.0
1770324169924502380,220209,11.316,112.6,11.224,-189.2,2.7,2.66,-106.37,17.12,0.88,-0.1,0.05,0.07,11968.13,220.0,49.0,22.78,168.0,162.0
1770324170047459906,220333,10.86,109.2,11.232,-228.3,4.12,2.54,-106.56,17.31,0.88,0.13,0.02,-0.07,11963.33,224.0,46.18,27.16,168.0,162.0
1770324170162133148,220454,9.612,86.4,11.344,-182.9,3.44,2.36,-106.37,17.44,0.88,0.01,0.09,-0.05,11962.64,224.0,48.75,28.07,168.0,162.0
1770324170264542340,220569,10.928,120.6,10.732,-175.2,2.87,2.91,-106.31,17.5,0.88,-0.02,0.12,-0.18,172.87,223.0,49.9,26.51,170.0,162.0
1770324170362831839,220669,10.208,128.5,11.024,-130.5,3.48,3.03,-106.37,17.62,1.0,0.01,0.06,0.2,187.79,223.0,53.75,27.77,170.0,162.0
1770324170485690406,220768,10.744,130.2,11.26,-168.4,2.46,3.05,-106.56,17.75,1.06,0.06,0.05,0.35,11951.66,217.0,53.89,29.83,170.0,162.0
1770324170608624204,220892,10.376,113.0,11.308,-122.9,2.6,2.34,-106.69,17.87,1.12,0.09,0.04,-0.57,11954.58,218.0,54.08,28.07,170.0,162.0
1770324170731497810,221015,10.636,104.7,11.352,-190.2,2.54,2.34,-106.69,17.87,1.12,0.35,0.12,-0.09,11956.81,217.0,51.77,28.3,170.0,162.0
1770324170858041028,221136,9.924,91.1,11.244,-214.3,3.16,2.56,-106.62,17.81,1.06,0.01,-0.06,-0.25,11956.29,223.0,47.62,31.06,170.0,162.0
1770324170977287933,221260,10.532,82.9,11.116,-238.0,3.93,2.36,-106.44,17.69,1.0,-0.03,-0.12,0.06,11951.83,218.0,48.89,33.95,170.0,162.0
1770324171091975733,221382,10.536,59.0,10.964,-185.5,3.55,1.91,-106.19,17.56,0.94,0.01,0.13,0.02,11947.03,218.0,51.25,35.88,170.0,162.0
1770324171214874621,221498,10.772,78.3,11.376,-150.1,2.85,1.48,-106.06,17.44,0.88,-0.01,0.02,-0.06,11949.61,217.0,50.38,35.89,170.0,162.0
1770324171313194653,221619,10.26,84.9,11.128,-157.9,2.81,2.5,-105.62,17.37,0.81,-0.01,0.01,-0.26,215.75,217.0,51.25,32.95,170.0,162.0
1770324171411477997,221718,10.348,99.7,10.272,-145.1,2.66,2.66,-105.37,17.31,0.88,-0.05,0.03,-0.17,171.67,220.0,53.22,30.98,170.0,162.0
1770324171513864771,221818,9.476,125.2,10.668,-151.7,2.91,3.16,-105.31,17.31,1.0,0.12,0.0,-0.23,194.82,220.0,52.52,25.84,170.0,162.0
1770324171632671433,221918,10.988,155.1,11.148,-151.2,3.16,3.73,-105.31,17.37,1.19,-0.31,-0.09,-0.03,11955.26,213.0,53.63,22.55,170.0,162.0
1770324171759669436,222040,10.428,226.7,11.028,-168.9,3.16,4.0,-105.37,17.44,1.31,0.05,-0.08,0.71,11932.11,216.0,52.71,45.87,170.0,162.0
1770324171874351648,222166,10.912,248.3,10.632,-163.0,2.87,4.28,-105.37,17.44,1.37,-0.1,0.09,0.37,11922.68,216.0,48.52,54.95,170.0,164.0
1770324172007277329,222281,11.188,159.1,11.272,-213.1,4.14,2.21,-105.44,17.5,1.44,-0.08,0.11,0.21,11915.13,216.0,46.18,66.55,170.0,164.0
1770324172120129983,222404,10.644,148.2,11.284,-241.1,4.16,1.88,-105.37,17.5,1.37,0.03,-0.17,0.06,11912.39,213.0,47.01,69.47,170.0,164.0
1770324172247110023,222526,10.208,151.4,11.076,-209.2,3.91,2.3,-105.19,17.5,1.37,0.05,-0.05,0.07,11905.7,212.0,47.24,71.2,170.0,164.0
1770324172361832393,222651,10.672,165.2,11.328,-175.3,2.99,1.23,-104.81,17.56,1.31,0.04,0.04,0.14,11900.73,212.0,48.52,74.21,170.0,164.0
1770324172460042113,222767,10.736,98.3,11.32,-166.2,3.16,1.45,-104.5,17.37,1.19,0.09,0.13,-0.14,180.76,211.0,47.88,74.3,170.0,164.0
1770324172562499573,222867,10.524,173.9,10.904,-172.5,3.01,2.44,-104.06,17.37,1.06,-0.01,0.08,0.0,164.47,211.0,48.37,71.66,170.0,164.0
1770324172693614210,222967,10.58,133.6,11.204,-178.5,2.91,1.72,-103.5,17.31,1.0,-0.3,-0.01,-0.17,11899.7,212.0,50.43,72.79,172.0,164.0
1770324172796016646,223099,10.348,115.6,10.692,-195.9,3.44,1.64,-103.12,17.31,1.06,-0.16,0.13,0.22,154.69,211.0,51.31,77.63,172.0,164.0
1770324172894329969,223199,10.656,142.9,10.94,-196.3,2.85,1.99,-103.12,17.31,1.25,-0.05,0.14,0.27,166.7,211.0,51.06,79.73,172.0,164.0
1770324173002688769,223299,10.692,195.4,10.832,-183.1,2.89,2.19,-103.12,17.25,1.37,-0.28,-0.1,1.31,188.48,207.0,52.43,78.64,172.0,164.0
1770324173095047800,223399,11.164,128.7,11.332,-154.0,3.3,1.99,-103.19,17.31,1.37,-0.25,-0.02,-1.04,232.9,208.0,51.69,77.53,172.0,164.0
1770324173318082744,223499,11.008,143.4,11.032,-169.5,3.09,2.11,-103.19,17.25,1.44,-0.06,-0.03,0.18,11898.5,209.0,48.19,80.65,172.0,164.0
1770324173320351793,223623,10.244,179.5,10.456,-198.5,3.07,2.3,-102.81,17.31,1.37,0.03,0.12,-0.2,175.1,209.0,43.86,71.92,172.0,164.0
1770324173418607496,223723,9.784,180.2,11.08,-235.1,3.65,2.4,-102.44,17.25,1.25,-0.17,0.15,0.26,179.39,210.0,46.43,75.55,172.0,164.0
1770324173516888813,223823,10.468,93.1,10.28,-205.9,3.46,1.8,-102.44,17.25,1.31,-0.03,0.16,-0.17,175.1,210.0,46.49,82.45,172.0,166.0
1770324173619374399,223923,11.06,158.2,11.116,-201.8,3.38,1.86,-102.37,17.25,1.31,-0.02,0.04,-0.13,172.36,203.0,44.91,83.4,172.0,166.0
1770324173717661179,224023,10.66,165.1,10.484,-211.5,3.61,2.01,-102.25,17.25,1.25,-0.06,0.07,0.0,171.67,204.0,46.78,81.65,172.0,166.0
1770324173820084259,224123,11.052,180.0,10.716,-154.9,2.75,2.25,-102.0,17.25,1.25,0.24,0.0,0.11,179.9,204.0,48.75,78.89,172.0,166.0
1770324173938841854,224224,10.592,93.0,10.812,-171.3,3.57,1.6,-101.56,17.19,1.19,0.07,0.05,0.02,11888.72,207.0,52.15,83.25,172.0,166.0
1770324174041284806,224345,10.348,143.2,11.02,-184.2,2.68,1.66,-101.31,17.19,1.37,0.13,-0.07,-0.51,168.76,202.0,51.18,77.6,172.0,166.0
1770324174139567436,224445,10.664,22.8,10.172,-179.6,2.75,2.23,-101.25,17.25,1.44,0.56,0.11,-0.18,197.57,202.0,52.85,37.62,172.0,166.0
1770324174241996383,224545,11.128,15.3,11.368,-81.6,0.7,1.17,-101.25,17.31,1.5,-0.11,-0.03,0.08,214.38,201.0,48.79,0.0,172.0,166.0
1770324174340280716,224646,9.784,17.9,11.52,1.0,0.45,1.25,-101.25,17.31,1.5,0.15,-0.09,-0.62,211.12,201.0,11.79,0.0,172.0,166.0
1770324174442675900,224746,10.824,17.1,11.416,-3.4,-1.0,1.27,-101.25,17.31,1.5,0.0,0.02,-0.04,206.83,201.0,3.58,0.0,172.0,166.0
1770324174540981550,224846,11.104,18.4,11.416,-2.9,-0.64,1.45,-101.25,17.31,1.5,-0.03,0.0,-0.05,206.83,197.0,0.0,172.0,166.0,
1770324174643436130,224946,10.376,17.7,11.284,-2.3,-0.64,1.41,-101.25,17.31,1.5,0.0,0.02,-0.05,207.0,197.0,0.0,172.0,166.0,
1770324174741737390,225046,11.168,16.8,11.34,-2.7,-0.8,1.27,-101.25,17.31,1.5,-0.02,0.01,-0.04,210.94,200.0,0.0,172.0,166.0,
1770324174844146965,225146,10.684,16.8,10.96,-2.5,-0.86,1.41,-101.25,17.31,1.5,-0.02,0.01,-0.03,205.97,205.0,0.0,172.0,166.0,
1770324174942451855,225246,10.872,19.1,10.984,-2.6,-0.72,1.37,-101.25,17.31,1.5,-0.02,0.02,-0.07,206.83,205.0,0.0,172.0,166.0,
1770324175040717872,225346,10.356,18.3,11.036,-2.0,-0.59,1.21,-101.25,17.31,1.5,-0.01,0.02,-0.04,211.12,200.0,0.0,172.0,166.0,
1770324175143183135,225446,10.932,17.9,11.42,-1.9,-0.82,1.31,-101.25,17.31,1.5,0.0,0.0,-0.04,206.83,198.0,0.0,172.0,166.0,
1770324175241483561,225546,10.908,17.1,11.396,-1.8,-0.55,1.43,-101.25,17.31,1.5,0.0,0.01,-0.03,205.97,198.0,0.0,172.0,166.0,
1770324175339732333,225645,11.184,16.3,11.228,-1.9,-0.7,1.27,-101.25,17.31,1.5,0.0,0.01,-0.07,206.83,200.0,0.0,172.0,166.0,
1770324175442146573,225745,10.596,17.2,11.376,-2.4,-0.66,1.27,-101.25,17.31,1.5,-0.03,0.01,-0.03,211.12,201.0,0.0,172.0,166.0,
1770324175540474835,225844,11.044,17.1,11.264,-1.8,-0.88,1.27,-101.25,17.31,1.5,-0.02,-0.01,-0.04,206.83,201.0,0.0,172.0,166.0,
1770324175638803560,225943,10.248,17.5,11.356,-1.6,-0.72,1.31,-101.25,17.31,1.5,-0.03,0.01,0.0,206.83,198.0,0.0,172.0,166.0,
1770324175741215873,226043,10.764,19.4,11.392,-2.0,-0.53,1.48,-101.25,17.31,1.5,-0.01,0.02,-0.02,211.12,198.0,0.0,172.0,166.0,
1770324175942049401,226143,10.9,17.2,11.28,-1.7,-0.59,1.33,-101.25,17.31,1.5,0.0,0.0,0.0,206.83,203.0,0.0,172.0,166.0,
1770324175953129871,226243,11.02,17.8,11.396,-2.1,-0.55,1.46,-101.25,17.31,1.5,-0.02,0.0,-0.04,211.12,203.0,0.0,172.0,166.0,
1770324176040251892,226343,10.052,17.2,11.304,-2.3,-0.68,1.29,-101.25,17.31,1.5,0.0,0.01,-0.07,207.0,203.0,0.0,172.0,166.0,
1770324176142677002,226444,10.732,18.3,10.728,-1.8,-0.66,1.23,-101.25,17.31,1.5,0.0,0.01,-0.06,207.0,199.0,0.0,172.0,166.0,
1770324176240958241,226544,10.756,17.2,10.792,-3.2,-0.78,1.21,-101.25,17.31,1.5,0.12,0.07,-0.64,202.71,203.0,0.0,172.0,166.0,
1770324176339260741,226643,10.488,18.1,11.304,-1.8,-0.66,1.35,-101.25,17.31,1.5,0.0,0.02,-0.09,207.0,203.0,0.0,172.0,166.0,
1770324176441647550,226743,11.368,15.8,11.224,-2.0,-0.63,1.11,-101.25,17.31,1.5,-0.01,0.0,0.01,206.83,202.0,0.0,172.0,166.0,
1770324176539981239,226843,11.04,15.4,11.276,-2.3,-0.76,1.29,-101.25,17.31,1.5,-0.04,0.0,0.0,205.8,203.0,0.0,172.0,166.0,
1770324176642396995,226944,11.128,17.7,11.364,-3.1,-0.7,1.27,-101.25,17.31,1.5,-0.02,0.02,-0.01,206.83,203.0,0.0,172.0,166.0,
1770324176740694051,227044,10.912,17.4,11.424,-2.2,-0.74,1.27,-101.25,17.31,1.5,-0.05,-0.07,0.0,220.03,202.0,0.0,172.0,166.0,
1770324176843102640,227144,11.304,15.1,11.376,-2.3,-0.68,1.27,-101.25,17.31,1.44,0.0,0.02,-0.07,203.4,202.0,0.0,172.0,166.0,
1770324176941404974,227245,11.264,16.1,11.34,-2.3,-0.78,1.27,-101.19,17.37,1.37,0.17,-0.47,0.97,213.69,202.0,0.0,172.0,166.0,
1770324177046052314,227345,11.152,16.8,11.392,-1.9,-0.57,1.25,-100.69,17.69,0.69,0.62,0.83,1.35,243.02,204.0,0.0,172.0,166.0,
1770324177162610707,227445,10.896,17.4,11.332,-2.6,-0.88,1.41,-100.31,18.06,0.81,1.37,0.82,1.53,12053.19,232.0,0.0,172.0,166.0,
1770324177281309151,227564,11.316,16.6,10.68,-3.2,-0.7,1.11,-98.56,18.81,1.69,0.89,0.25,0.91,12053.02,313.0,0.0,172.0,166.0,
1770324177383785821,227686,11.008,17.1,11.168,-1.2,-0.72,1.33,-95.75,19.25,2.13,1.01,1.1,-2.11,364.61,313.0,0.0,172.0,166.0,
1770324177506690066,227786,10.712,17.1,11.196,-3.0,-0.8,1.37,-92.94,18.44,2.75,0.92,1.15,-4.0,12052.68,380.0,0.0,172.0,166.0,
1770324177625492094,227909,10.768,17.1,11.272,-2.2,-0.74,1.37,-90.56,14.38,3.19,-0.69,1.01,-1.82,12052.68,393.0,0.0,172.0,166.0,
1770324177744298827,228029,10.988,15.5,11.348,-1.9,-0.66,1.09,-91.25,11.31,2.38,-0.88,-0.07,-0.33,12053.02,393.0,0.0,172.0,166.0,
1770324177870052338,228145,10.36,17.4,11.416,-1.7,-0.74,1.33,-94.75,10.38,0.25,-1.21,-0.16,0.66,341.29,375.0,0.0,172.0,166.0,
1770324177944994990,228245,11.16,17.4,8.464,0.0,-0.7,1.39,-98.87,11.81,-1.63,-0.7,-0.52,0.08,335.11,375.0,0.0,172.0,166.0,
1770324178063771967,228345,11.212,17.1,11.256,-3.1,-0.72,1.15,-100.87,12.06,-4.06,-0.5,-1.14,0.35,12054.91,337.0,0.0,172.0,166.0,
1770324178182576676,228466,9.856,15.5,8.464,-1.5,-0.76,1.15,-99.94,12.56,-6.75,-1.58,-1.03,0.85,12053.71,318.0,0.0,172.0,166.0,
1770324178305463969,228585,11.324,16.2,11.348,-2.6,-0.7,1.21,-98.75,14.0,-7.63,2.01,1.19,1.19,12053.02,320.0,0.0,172.0,166.0,
1770324178424213210,228707,9.816,16.0,11.2,-2.6,-0.76,1.17,-99.69,14.38,-3.13,-0.11,-0.51,0.05,12052.85,276.0,0.0,172.0,166.0,
1770324178551194236,228827,10.472,15.8,10.828,-3.2,-0.66,1.13,-99.44,15.06,1.75,-0.58,-0.32,-0.29,12052.5,216.0,0.0,172.0,166.0,
1770324178665938937,228954,10.872,17.4,11.172,-2.0,-0.72,1.33,-99.44,16.19,5.44,0.31,0.47,-0.03,12053.53,216.0,0.0,172.0,166.0,
1770324178784691789,229067,11.236,16.1,10.8,-2.4,-0.68,1.21,-99.56,17.19,8.44,0.9,-0.39,-0.36,12052.68,186.0,0.0,172.0,166.0,
1770324178903566727,229186,10.472,17.0,8.464,0.0,-0.72,1.33,-99.62,17.44,9.63,-0.18,-0.19,0.03,12051.3,165.0,0.0,172.0,166.0,
1770324179026394805,229304,10.336,16.3,10.784,-1.7,-0.64,1.19,-99.69,17.37,9.63,-0.03,0.02,-0.04,12051.82,168.0,0.0,172.0,166.0,
1770324179136934281,229427,10.532,16.9,11.408,-1.6,-0.63,1.27,-99.69,17.37,9.63,-0.03,0.06,-0.01,12053.02,168.0,0.0,172.0,166.0,
1770324179259890927,229540,10.932,16.2,11.312,-1.2,-0.66,1.25,-99.69,17.37,9.63,-0.04,0.06,-0.07,12052.5,170.0,0.0,172.0,166.0,
1770324179378650424,229660,9.872,18.4,11.264,-1.5,-0.61,1.17,-99.69,17.37,9.63,-0.04,0.08,-0.02,12052.16,168.0,0.0,172.0,166.0,
1770324179501531674,229780,10.952,16.4,11.272,-2.4,-0.7,1.19,-99.69,17.37,9.56,-0.04,0.08,-0.04,12051.65,172.0,0.0,172.0,166.0,
1770324179616253038,229903,10.952,16.2,11.4,-2.1,-0.61,1.27,-99.69,17.31,9.56,-0.04,0.05,-0.03,12053.36,172.0,0.0,172.0,166.0,
1770324179735055447,230017,10.668,17.5,11.388,-1.9,-0.49,1.41,-99.69,17.31,9.56,-0.04,0.06,-0.01,12052.16,168.0,0.0,172.0,166.0,
1770324179942070686,230135,11.44,17.3,10.276,-2.3,-0.53,1.25,-99.69,17.31,9.56,-0.02,0.11,0.0,12051.82,164.0,0.0,172.0,166.0,
1770324179986773500,230256,11.12,17.8,11.452,-1.8,-0.7,1.23,-99.69,17.31,9.56,-0.04,0.06,-0.03,12051.99,169.0,0.0,172.0,166.0,
1770324180104162726,230380,11.188,17.5,11.356,-2.0,-0.68,1.31,-99.69,17.31,9.56,-0.04,0.07,-0.02,12050.96,169.0,0.0,172.0,166.0,
1770324180214302258,230496,11.144,16.3,10.992,-2.6,-0.76,1.29,-99.69,17.31,9.56,-0.04,0.06,-0.08,12052.33,170.0,0.0,172.0,166.0,
1770324180337193042,230616,11.244,16.6,11.256,-2.2,-0.64,1.21,-99.69,17.31,9.56,-0.04,0.05,-0.02,12051.3,165.0,0.7,0.0,172.0,166.0
1770324180455935795,230736,9.648,15.5,10.336,0.7,0.02,1.19,-99.69,17.31,9.56,-0.07,0.05,0.01,12051.3,168.0,0.0,172.0,166.0,
1770324180574698846,230856,11.048,10.0,11.52,-14.3,1.91,0.98,-99.69,17.31,9.56,-0.05,0.07,-0.01,12035.36,168.0,10.34,0.0,172.0,166.0
1770324180697652137,230977,10.004,16.6,10.624,-112.2,3.18,1.17,-99.62,17.31,9.5,0.13,0.33,-0.26,12026.95,168.0,18.04,0.0,172.0,166.0
1770324180820564719,231098,10.34,12.4,10.78,-133.1,3.87,1.25,-99.0,17.37,9.56,-0.13,0.08,0.16,12010.83,166.0,33.82,0.0,172.0,166.0
1770324180956153733,231220,10.268,15.8,11.42,-150.9,3.13,1.11,-97.69,17.5,9.56,0.07,0.08,0.08,11992.48,170.0,46.63,0.0,172.0,166.0
1770324181074516319,231350,11.136,16.7,11.092,-168.5,2.89,1.23,-95.75,17.56,9.38,-0.11,0.06,-0.04,11986.82,169.0,53.35,0.0,172.0,166.0
1770324181195203731,231475,10.672,20.2,10.996,-169.4,3.5,1.89,-93.62,17.62,9.13,0.06,-0.09,0.22,11980.48,169.0,52.09,5.71,172.0,166.0
1770324181308018585,231587,10.328,207.6,10.668,-209.4,2.64,4.06,-92.06,17.62,8.81,-0.5,0.25,0.19,11929.03,170.0,51.65,42.46,172.0,166.0
1770324181430857529,231708,10.144,348.3,10.388,-232.8,3.5,4.45,-90.31,17.56,8.44,0.06,0.14,0.25,11873.8,175.0,51.93,86.31,174.0,166.0
1770324181553774573,231830,10.46,274.4,11.356,-177.5,3.24,3.11,-89.06,17.44,8.13,-0.17,0.21,0.12,11857.51,173.0,56.37,100.91,174.0,166.0
1770324181678481837,231954,9.24,295.8,11.344,-140.6,2.38,3.13,-88.75,17.31,8.06,-0.05,0.11,-0.16,11860.94,173.0,56.14,101.75,174.0,166.0
1770324181862060172,232071,10.42,197.7,10.748,-173.3,3.63,2.46,-88.94,16.81,8.0,0.06,-0.17,0.1,11862.48,174.0,55.22,102.15,174.0,166.0
1770324181914278722,232193,10.616,178.8,11.188,-169.2,3.16,2.17,-89.5,16.19,7.63,-0.16,0.0,0.08,11863.51,178.0,54.28,100.21,174.0,166.0
1770324182041202883,232313,9.548,249.2,11.248,-235.2,3.63,2.95,-89.62,16.06,7.31,0.17,0.13,0.11,11857.0,190.0,53.4,103.37,174.0,168.0
1770324182155912042,232439,10.5,220.8,11.208,-183.7,3.59,1.76,-88.87,15.94,7.06,0.14,0.09,-0.14,11860.25,190.0,54.95,105.61,174.0,168.0
1770324182278799137,232555,10.336,135.4,11.352,-164.3,2.91,1.21,-88.37,16.0,6.75,-0.11,-0.26,-0.54,11855.97,193.0,54.77,108.17,174.0,168.0
1770324182401689677,232678,10.52,158.1,10.344,-240.7,3.71,1.27,-87.75,15.94,6.56,0.13,0.16,-0.29,11862.66,189.0,50.25,110.01,174.0,168.0
1770324182524528954,232802,10.78,174.1,11.132,-257.8,4.49,1.88,-86.69,15.81,6.25,-0.12,0.16,-0.06,11860.94,192.0,48.31,109.05,174.0,168.0
1770324182647467276,232926,11.048,115.2,11.34,-217.2,3.61,1.05,-85.62,15.75,6.06,0.0,-0.01,0.24,11846.02,192.0,55.68,115.44,174.0,168.0
1770324182762149618,233046,10.956,90.1,11.4,-184.8,2.48,1.33,-84.81,15.5,5.88,-0.44,0.03,-0.17,11851.51,192.0,57.11,112.76,174.0,168.0
1770324182885042436,233161,10.828,113.2,11.412,-200.1,2.99,0.96,-84.19,15.44,5.81,0.23,-0.25,0.13,11845.85,190.0,54.77,113.64,174.0,168.0
1770324183007915881,233283,10.004,178.6,11.404,-184.0,3.52,1.33,-83.37,15.31,5.69,-0.12,-0.15,0.24,11850.14,186.0,55.67,112.04,174.0,168.0
1770324183130820349,233408,11.236,147.6,11.144,-170.6,2.85,0.8,-83.12,15.38,5.63,0.16,0.11,-0.11,11850.14,190.0,54.08,115.01,174.0,170.0
1770324183251480537,233529,10.044,114.5,10.628,-31.2,0.88,1.35,-82.94,15.38,5.63,0.07,0.06,0.06,11917.88,190.0,10.98,109.1,174.0,170.0
1770324183364295377,233643,9.728,60.9,10.14,0.7,0.49,0.96,-82.94,15.38,5.63,0.69,-0.15,0.25,11949.61,189.0,4.21,82.1,174.0,170.0
1770324183487144154,233763,10.644,206.5,10.604,-218.5,3.46,2.23,-82.94,15.38,5.63,-0.06,-0.15,-0.07,11863.0,193.0,40.0,105.26,174.0,170.0
1770324183610058771,233887,10.44,124.1,10.912,-151.4,2.38,1.5,-82.87,15.44,5.56,-0.13,0.04,-0.25,11850.14,188.0,56.36,113.38,174.0,170.0
1770324183814050694,234011,11.136,89.4,11.028,-195.1,3.13,1.19,-82.75,15.56,5.63,0.11,-0.08,-0.2,11853.05,188.0,51.7,116.7,174.0,170.0
1770324183930067605,234124,10.172,56.9,10.928,-211.6,3.07,1.04,-82.31,15.63,5.56,0.1,-0.05,0.19,11853.22,191.0,51.93,114.38,176.0,170.0
1770324183978769487,234246,11.276,117.6,10.004,-204.6,2.73,1.72,-81.69,15.63,5.5,0.07,0.02,0.22,11845.33,185.0,56.6,113.19,176.0,170.0
1770324184097517790,234377,10.556,188.4,10.44,-172.6,2.42,1.86,-80.94,15.63,5.56,-0.12,-0.38,0.22,11849.96,188.0,59.59,109.47,176.0,170.0
1770324184220421425,234499,11.28,-19.8,11.16,-184.7,2.09,-1.5,-80.81,15.69,5.75,-0.06,0.05,0.02,11969.16,186.0,44.86,52.46,176.0,172.0
1770324184335098161,234619,10.852,17.8,10.652,-1.3,-0.27,1.23,-80.81,15.69,5.81,0.4,0.31,-0.07,12044.96,186.0,6.65,2.95,176.0,172.0
1770324184457953866,234734,9.884,19.2,11.476,-1.8,-0.61,1.37,-80.87,15.75,5.88,-0.01,0.0,-0.17,12055.08,183.0,0.69,0.0,176.0,172.0
1770324184580871762,234858,9.928,19.5,11.52,-2.3,-0.63,1.35,-80.87,15.75,5.81,0.0,0.05,-0.08,12054.22,181.0,0.0,176.0,172.0,
1770324184699678579,234978,9.876,19.4,11.464,-1.7,-0.59,1.58,-80.87,15.75,5.81,0.0,0.04,-0.05,12053.53,186.0,0.0,176.0,172.0,
1770324184814388207,235098,9.812,18.6,11.512,-2.8,-0.55,1.43,-80.87,15.75,5.81,0.01,0.05,-0.03,12055.08,186.0,0.0,176.0,172.0,
1770324184933157614,235212,11.024,18.6,11.512,-2.4,-0.68,1.54,-80.87,15.75,5.81,0.01,0.04,-0.05,12053.36,183.0,0.0,176.0,172.0,
1770324185056047701,235331,11.552,18.7,11.5,-3.3,-0.78,1.5,-80.87,15.75,5.81,0.02,0.05,-0.03,12053.36,183.0,0.0,176.0,172.0,
1770324185174787071,235455,9.816,20.2,11.508,-2.2,-0.68,1.52,-80.87,15.75,5.81,0.02,0.03,-0.05,12053.88,180.0,0.0,176.0,172.0,
1770324185289497853,235576,10.712,18.2,11.528,-2.2,-0.72,1.62,-80.87,15.75,5.81,0.06,-0.01,-0.06,12053.36,180.0,0.0,176.0,172.0,
1770324185412374173,235689,10.5,19.1,11.228,-2.0,-0.63,1.5,-80.87,15.75,5.81,0.01,0.04,-0.06,12053.88,186.0,0.0,176.0,172.0,
1770324185541198774,235809,9.7,20.6,9.832,-0.6,-0.7,1.46,-80.87,15.75,5.81,0.02,0.03,-0.03,12053.36,185.0,0.0,176.0,172.0,
1770324185654157193,235932,11.452,19.0,11.512,-2.3,-0.8,1.41,-80.87,15.75,5.81,0.0,0.03,-0.05,12053.71,188.0,0.0,176.0,172.0,
1770324185764657536,236051,9.476,18.3,11.504,-2.8,-0.66,1.58,-80.87,15.75,5.81,0.02,0.03,-0.03,12054.22,188.0,0.0,176.0,172.0,
1770324185887591787,236165,9.48,19.1,11.144,-2.1,-0.68,1.37,-80.87,15.75,5.81,0.02,0.05,-0.08,12054.22,188.0,0.0,176.0,172.0,
1770324186110048633,236284,9.52,18.3,11.5,-1.5,-0.55,1.39,-80.87,15.75,5.81,0.03,0.18,-0.18,12053.19,183.0,0.0,176.0,172.0,
1770324186129271820,236406,9.468,19.1,11.512,-3.3,-0.82,1.35,-80.87,15.75,5.81,0.03,0.02,-0.15,12054.56,186.0,0.0,176.0,172.0,
1770324186239838972,236526,9.524,18.4,11.512,-2.2,-0.74,1.43,-80.87,15.81,5.81,0.0,0.04,0.13,12055.08,186.0,0.0,176.0,172.0,
1770324186362752910,236640,9.532,19.7,11.52,-1.4,-0.55,1.27,-80.81,15.88,5.81,-0.04,0.17,0.01,12053.36,183.0,0.0,1.38,176.0,172.0
1770324186485582526,236762,11.612,8.2,11.62,-2.0,-0.72,0.29,-82.0,17.25,5.5,0.2,0.74,0.63,12048.9,189.0,0.0,3.45,176.0,172.0
1770324186608483814,236884,11.124,15.2,11.524,-2.0,-0.55,1.15,-84.44,18.94,5.5,0.94,0.09,0.0,12054.56,201.0,0.0,176.0,172.0,
1770324186723220085,237006,9.616,17.1,11.24,-2.2,-0.53,1.13,-88.75,18.94,6.25,0.23,0.22,-1.42,12054.73,201.0,0.0,176.0,172.0,
1770324186850044026,237121,9.86,16.3,11.52,-2.1,-0.57,1.02,-93.5,19.94,5.25,0.34,0.44,-0.21,12055.59,216.0,0.0,176.0,172.0,
1770324186968979659,237241,9.968,16.2,11.444,-1.9,-0.57,1.15,-96.06,21.94,1.75,0.68,0.49,-1.02,12055.25,257.0,0.0,176.0,172.0,
1770324187067247532,237367,10.2,16.9,11.004,-2.5,-0.66,1.31,-98.0,20.69,-0.94,-0.11,-0.22,0.09,291.21,257.0,0.0,176.0,172.0,
1770324187190154159,237467,10.6,10.6,11.56,-1.5,-0.59,0.59,-99.31,19.56,-1.69,-1.43,-0.46,1.07,12045.65,278.0,0.0,4.33,176.0,172.0
1770324187292593917,237589,10.776,9.7,11.444,-2.1,-0.7,0.43,-98.94,20.19,-1.81,-0.92,0.07,-0.1,280.4,276.0,0.0,4.86,176.0,172.0
1770324187390850354,237689,11.58,13.4,11.536,-2.2,-0.74,0.74,-99.19,18.31,0.31,-0.56,-0.19,-0.43,259.31,276.0,0.0,5.37,176.0,172.0
1770324187513771056,237790,9.932,12.6,11.46,-2.7,-0.66,0.7,-100.5,16.12,3.19,0.75,-0.75,0.01,12045.65,246.0,0.0,6.26,176.0,172.0
1770324187616214889,237913,10.836,14.1,11.492,-2.0,-0.59,0.37,-100.94,13.81,5.19,-0.62,-0.07,-0.18,243.02,227.0,0.0,6.01,176.0,172.0
1770324187714520515,238013,9.528,15.6,10.416,-2.8,-0.63,0.63,-101.0,12.88,6.06,-0.44,-0.65,0.02,231.01,227.0,0.0,5.43,176.0,172.0
1770324187822045177,238112,10.5,16.6,11.5,-2.6,-0.68,1.23,-100.94,13.13,5.75,0.05,0.31,0.0,229.12,219.0,0.0,0.79,176.0,172.0
1770324187915218358,238212,11.24,15.5,11.044,-2.4,-0.64,1.23,-100.94,13.38,5.5,0.01,0.1,-0.08,229.12,218.0,0.0,176.0,172.0,
1770324188013529280,238312,10.956,17.7,11.436,-2.5,-0.7,1.46,-100.94,13.38,5.5,-0.04,0.0,-0.05,229.12,218.0,0.0,176.0,172.0,
1770324188115925175,238412,10.9,19.3,10.832,-1.6,-0.59,1.5,-100.94,13.38,5.5,-0.03,-0.02,-0.01,227.92,221.0,0.0,176.0,172.0,
1770324188214238943,238513,10.112,18.6,11.296,-1.8,-0.72,1.41,-100.94,13.38,5.5,-0.08,-0.03,-0.01,226.89,221.0,0.0,176.0,172.0,
1770324188316664063,238612,10.336,19.1,10.632,-2.3,-0.72,1.45,-100.94,13.38,5.5,-0.04,-0.03,-0.04,229.12,221.0,0.0,176.0,172.0,
1770324188414925660,238711,10.996,18.7,10.716,-2.6,-0.68,1.35,-100.94,13.38,5.5,-0.06,-0.03,-0.06,229.12,220.0,0.0,176.0,172.0,
1770324188513219518,238811,9.864,15.7,11.512,-1.6,-0.53,1.0,-100.94,13.38,5.5,-0.06,-0.03,0.02,228.1,220.0,0.0,176.0,172.0,
1770324188615668122,238911,9.852,17.0,11.388,-1.1,-0.41,1.19,-100.94,13.38,5.5,-0.03,-0.02,-0.02,228.1,221.0,0.0,176.0,172.0,
1770324188714000225,239011,11.612,16.4,11.084,-0.4,-0.27,1.21,-100.94,13.38,5.5,-0.04,-0.02,-0.03,228.1,215.0,0.0,176.0,172.0,
1770324188812266507,239111,10.412,17.6,11.488,-0.2,-0.33,1.17,-100.94,13.38,5.56,-0.04,0.0,-0.02,229.12,215.0,0.0,176.0,172.0,
1770324188918045744,239211,10.676,17.5,10.96,-0.5,-0.37,1.35,-100.94,13.31,5.56,-0.03,-0.02,-0.02,228.1,220.0,0.0,176.0,172.0,
1770324189012996727,239311,10.492,17.2,10.868,0.1,-0.04,1.29,-100.94,13.31,5.56,-0.02,-0.02,-0.01,229.12,212.0,0.0,176.0,172.0,
1770324189115413062,239411,9.724,15.4,11.004,0.6,0.04,1.25,-100.94,13.31,5.56,-0.05,-0.01,-0.01,229.12,212.0,0.0,176.0,172.0,
1770324189213700877,239511,9.4,14.1,11.528,-10.0,0.59,1.27,-100.94,13.31,5.56,-0.09,-0.01,0.0,229.12,220.0,7.15,0.0,176.0,172.0
1770324189316088857,239611,9.992,17.4,11.576,-11.4,0.2,1.13,-100.94,13.31,5.56,-0.04,-0.02,-0.04,229.12,222.0,17.51,0.0,176.0,172.0
1770324189414393544,239711,9.412,14.0,11.568,-30.4,2.01,1.19,-100.87,13.38,5.5,-0.14,0.15,0.4,227.58,222.0,18.11,0.0,176.0,172.0
1770324189516806304,239811,10.18,14.0,11.04,-95.2,2.99,1.09,-100.56,13.88,5.44,0.03,-0.15,-0.02,232.21,221.0,18.89,0.0,176.0,172.0
1770324189615150198,239911,10.536,19.1,11.46,-132.7,2.42,1.04,-100.0,14.44,5.06,0.14,-0.02,-0.15,237.01,221.0,29.56,0.0,176.0,172.0
1770324189713466016,240011,10.968,11.9,10.944,-126.6,2.71,0.98,-99.06,14.75,4.5,-0.54,0.28,0.16,308.36,216.0,38.49,3.21,176.0,172.0
1770324189832254044,240111,10.412,16.9,11.0,-177.4,3.05,1.33,-97.75,14.75,4.0,0.0,0.02,-0.05,11987.16,219.0,47.83,3.99,176.0,172.0
1770324189958048609,240230,11.064,55.0,11.256,-179.9,3.05,1.31,-95.87,14.63,3.5,-0.26,0.16,-0.03,239.59,219.0,48.65,11.23,176.0,172.0
1770324190057538928,240330,10.532,144.8,10.888,-173.8,3.01,2.17,-93.81,14.06,3.25,-0.31,0.15,-0.05,11929.37,212.0,54.37,35.13,176.0,172.0
1770324190155858926,240452,9.204,230.6,10.636,-165.4,2.29,3.61,-91.06,13.31,3.38,-0.53,0.06,-0.1,237.53,211.0,55.61,58.78,176.0,172.0
1770324190254123549,240552,9.668,251.1,11.328,-132.5,1.91,2.42,-90.06,13.38,3.69,0.65,-0.08,-0.09,216.09,211.0,58.23,77.93,176.0,172.0
1770324190356578881,240652,10.512,252.9,11.212,-95.9,1.74,2.85,-91.37,13.81,3.69,-0.3,0.23,0.34,205.29,201.0,52.13,97.04,176.0,172.0
1770324190454800315,240752,10.444,311.1,11.028,-121.9,1.68,3.01,-93.87,13.56,4.06,0.14,-0.07,-0.05,206.66,201.0,52.52,96.71,176.0,172.0
1770324190581853721,240852,10.14,304.8,11.252,-100.7,2.85,3.4,-95.81,13.5,4.88,-0.32,-0.18,-0.18,11863.51,201.0,54.49,97.08,176.0,172.0
1770324190704736236,240976,11.268,284.2,10.896,-122.2,2.38,2.21,-97.44,13.75,5.56,-0.19,0.28,0.34,11858.02,199.0,60.81,96.23,176.0,172.0
1770324190803055790,241099,9.436,238.0,11.108,-179.5,1.93,2.75,-99.62,14.25,6.56,0.25,-0.14,-0.65,210.09,199.0,60.91,96.75,176.0,172.0
1770324190925932952,241199,10.044,223.6,10.744,-126.1,2.83,2.79,-101.31,14.38,7.56,0.13,0.03,-0.32,11859.4,195.0,63.03,95.75,176.0,172.0
1770324191058872913,241323,11.136,196.3,9.784,-148.7,2.73,2.36,-103.44,14.5,8.69,-0.08,-0.11,-0.23,11869.0,191.0,57.98,91.8,176.0,172.0
1770324191151229077,241446,10.832,225.4,10.324,-167.1,3.69,3.38,-105.25,14.63,10.0,0.03,-0.56,0.02,167.38,191.0,54.38,85.96,176.0,172.0
1770324191270031291,241547,10.908,248.3,10.924,-191.3,3.24,3.09,-106.12,14.63,10.44,-0.11,0.06,-0.17,11886.15,183.0,55.02,83.25,178.0,174.0
1770324191392855939,241666,11.124,238.6,11.304,-130.5,2.93,3.38,-106.94,14.81,10.88,0.11,0.06,-0.41,11883.06,178.0,58.73,79.96,178.0,174.0
1770324191515762667,241787,10.968,172.3,11.316,-146.2,2.27,2.62,-107.87,14.75,11.25,-0.12,-0.02,0.22,11884.95,175.0,59.36,78.68,178.0,174.0
1770324191640516043,241912,10.616,195.0,11.048,-119.8,1.95,2.89,-108.87,14.44,11.5,-0.32,-0.15,0.19,11888.04,175.0,59.23,77.78,178.0,174.0
1770324191732901876,242028,10.772,208.7,11.36,-178.6,2.44,3.26,-109.44,14.31,11.63,-0.14,-0.04,-0.15,186.59,171.0,56.68,69.63,178.0,174.0
1770324191831209702,242128,10.252,215.9,11.04,-159.4,2.66,3.65,-109.69,14.25,11.63,0.02,0.0,0.16,160.01,171.0,57.89,66.66,178.0,174.0
1770324191934042803,242228,10.752,178.3,11.204,-147.7,2.79,3.77,-109.81,14.19,11.56,0.0,-0.13,-0.05,167.9,168.0,58.86,67.04,178.0,174.0
1770324192122041787,242328,10.22,207.3,10.536,-164.8,2.38,3.71,-109.81,14.19,11.56,-0.24,0.09,0.22,11903.3,172.0,58.94,64.39,178.0,174.0
1770324192175238865,242449,9.496,187.6,10.992,-159.5,2.85,3.38,-109.75,14.44,11.5,0.2,0.02,-0.01,11911.02,169.0,52.97,63.83,178.0,174.0
1770324192298142417,242572,11.016,174.9,11.144,-215.0,2.93,2.97,-109.69,14.63,11.44,-0.03,-0.01,-0.21,11913.42,169.0,53.15,60.74,178.0,174.0
1770324192400547882,242695,9.904,174.7,11.312,-180.2,2.6,2.95,-109.62,14.56,11.38,-0.03,0.07,-0.02,156.24,169.0,56.75,58.58,178.0,174.0
1770324192523433137,242795,10.86,139.7,11.204,-172.3,2.91,2.77,-109.75,14.38,11.44,0.06,0.0,-0.3,11903.3,167.0,57.56,61.37,178.0,174.0
1770324192646341060,242918,10.696,160.8,11.212,-140.4,2.91,2.91,-109.94,14.19,11.5,-0.02,-0.01,-0.29,11901.24,163.0,60.05,62.12,178.0,174.0
1770324192765128875,243040,10.304,150.4,11.26,-179.3,2.73,2.64,-110.19,14.06,11.44,0.03,-0.3,-0.16,11908.96,163.0,59.15,59.15,178.0,174.0
1770324192883924969,243161,10.152,175.2,11.008,-206.0,3.11,2.97,-110.31,13.94,11.31,0.13,-0.17,0.11,11924.91,163.0,54.44,50.81,178.0,174.0
1770324193086047901,243278,9.74,217.4,11.044,-214.0,3.69,3.85,-110.12,13.81,11.06,0.06,0.04,-0.12,11922.68,162.0,54.33,51.61,178.0,176.0
1770324193129698877,243400,10.572,168.1,11.356,-154.6,2.58,2.6,-110.25,13.75,10.75,0.0,-0.05,-0.23,11909.82,166.0,56.37,58.46,178.0,176.0
1770324193248493074,243522,10.736,157.7,10.204,-226.4,3.77,2.66,-109.94,14.25,10.56,-0.02,0.07,-0.01,11911.36,165.0,52.03,60.93,180.0,176.0
1770324193375434681,243644,10.908,180.6,11.076,-166.0,2.75,2.07,-109.69,14.56,10.31,0.23,0.18,-0.16,11917.71,164.0,54.98,55.67,180.0,176.0
1770324193490145774,243769,10.5,137.2,11.116,-183.2,3.42,2.34,-109.69,14.44,10.13,-0.02,-0.05,-0.14,11927.65,164.0,55.43,46.31,180.0,176.0
1770324193592573182,243886,10.68,142.9,10.796,-196.2,2.89,2.7,-109.69,14.31,10.06,0.0,0.05,-0.05,160.18,166.0,53.44,45.34,180.0,176.0
1770324193786047318,243986,9.912,144.5,10.752,-190.8,2.4,1.8,-109.75,14.13,9.81,-0.07,0.02,0.22,11924.22,170.0,57.46,46.06,180.0,176.0
1770324193813775692,244108,11.136,141.0,11.088,-192.2,3.01,2.99,-109.69,13.88,9.44,-0.08,0.03,-0.07,156.07,170.0,54.92,43.93,180.0,176.0
1770324193936655123,244208,10.748,128.4,10.852,-193.7,3.13,2.38,-109.56,13.75,9.19,-0.14,-0.01,-0.21,11934.68,169.0,55.98,43.06,180.0,176.0
1770324194055441553,244330,10.312,132.4,10.964,-214.7,3.01,2.42,-109.12,13.63,8.88,0.04,-0.08,-0.01,11944.63,173.0,53.15,35.2,180.0,176.0
1770324194174173201,244449,10.476,170.6,11.184,-181.0,3.52,3.77,-108.56,13.69,8.75,-0.11,-0.13,-0.08,11948.41,173.0,52.36,32.55,180.0,176.0
1770324194276660814,244571,9.876,184.0,11.02,-230.3,3.52,2.71,-108.06,13.75,8.56,0.21,0.07,-0.45,201.68,173.0,47.59,36.61,180.0,176.0
1770324194399521995,244672,10.424,0.0,10.404,-234.4,4.71,3.52,-107.69,13.81,8.5,-0.39,0.06,0.11,11939.49,171.0,46.15,42.34,180.0,176.0
1770324194522393936,244793,11.072,113.4,11.116,-211.3,4.2,2.23,-107.37,13.88,8.38,-0.14,0.03,-0.07,11929.37,169.0,51.5,48.71,180.0,176.0
1770324194641245780,244915,11.324,148.5,11.112,-179.9,2.42,2.77,-107.19,13.94,8.19,0.02,0.04,-0.03,11924.57,172.0,53.84,47.62,180.0,176.0
1770324194743614587,245036,10.74,112.1,11.132,-164.0,2.99,2.44,-107.19,13.94,8.13,-0.01,0.03,-0.16,5740.28,172.0,53.98,49.66,180.0,176.0
1770324194862403258,245136,9.8,131.1,10.936,-153.9,2.87,2.42,-107.25,13.81,8.13,-0.05,0.11,0.09,11921.48,177.0,55.35,50.64,180.0,176.0
1770324194988157214,245258,10.816,99.1,10.988,-210.1,3.2,2.3,-107.31,13.75,8.0,-0.16,-0.1,0.44,11924.74,179.0,54.98,48.71,180.0,176.0
1770324195099979766,245377,9.988,136.7,10.932,-182.5,2.99,2.75,-107.06,13.69,7.69,-0.04,0.05,0.04,11930.4,179.0,53.45,46.86,180.0,176.0
1770324195231055908,245492,10.932,149.3,11.128,-189.4,2.62,2.52,-106.94,13.5,7.5,-0.04,0.2,0.07,11930.74,175.0,53.33,47.01,180.0,176.0
1770324195333486088,245625,11.092,138.0,11.244,-176.7,2.58,2.62,-106.81,13.44,7.31,0.01,-0.07,-0.09,173.22,175.0,53.11,45.34,180.0,176.0
1770324195431751807,245725,10.284,140.2,10.584,-190.7,3.42,2.34,-106.62,13.44,7.13,0.03,-0.03,-0.07,175.96,175.0,48.89,43.46,180.0,176.0
1770324195530024230,245825,11.092,125.8,10.936,-236.8,3.98,3.3,-106.44,13.38,7.06,0.04,-0.19,0.05,169.61,177.0,44.91,40.1,180.0,176.0
1770324195632541751,245925,10.316,143.9,11.256,-269.2,4.41,2.3,-106.12,13.19,6.94,-0.01,0.01,0.05,165.84,176.0,46.31,38.73,182.0,178.0
1770324195730794024,246025,11.24,109.8,10.96,-227.6,4.08,2.17,-105.87,13.19,6.88,-0.16,0.24,0.13,158.81,176.0,48.89,41.65,182.0,178.0
1770324195846082195,246125,10.184,118.2,11.144,-211.5,2.89,2.38,-105.75,13.19,6.88,-0.12,0.09,-0.18,155.89,178.0,51.94,45.64,182.0,178.0
1770324195931553466,246225,11.068,127.5,10.788,-222.6,3.87,2.07,-105.69,13.19,6.94,0.11,0.05,-0.27,168.76,178.0,51.41,45.2,182.0,178.0
1770324196033931419,246326,10.308,120.9,11.408,-199.2,3.42,1.95,-105.62,13.19,6.94,-0.05,-0.11,-0.38,215.06,180.0,55.61,47.66,182.0,178.0
1770324196152639183,246426,11.064,92.5,11.2,-188.1,3.57,1.66,-105.56,13.13,6.94,0.11,0.06,-0.22,11927.14,177.0,53.99,47.06,182.0,178.0
1770324196275624862,246548,10.652,95.0,11.132,-200.0,3.5,1.82,-105.44,13.06,6.81,0.12,0.19,-0.06,11930.74,179.0,53.15,46.24,182.0,178.0
1770324196398448786,246669,10.04,116.6,11.136,-223.3,3.71,2.4,-105.12,13.06,6.69,0.04,-0.02,0.0,11931.25,180.0,53.58,45.93,182.0,178.0
1770324196517248837,246791,10.38,131.6,11.364,-163.8,3.18,2.34,-104.81,13.06,6.5,-0.01,0.01,0.06,11933.66,180.0,52.72,43.93,182.0,178.0
1770324196636066425,246908,10.608,114.4,11.012,-228.7,3.89,2.95,-104.5,13.13,6.25,-0.14,0.07,-0.02,11939.14,179.0,50.93,42.1,182.0,178.0
1770324196830046691,247029,10.52,139.9,11.036,-192.2,3.11,2.89,-104.25,13.0,6.13,-0.11,0.22,-0.15,11942.4,180.0,50.66,39.71,182.0,178.0
1770324196861375384,247152,10.116,141.8,11.1,-191.8,3.61,3.2,-103.81,12.81,6.06,-0.29,0.24,0.04,205.8,180.0,51.25,36.61,182.0,178.0
1770324196959673920,247252,10.48,162.9,11.012,-215.3,2.79,2.44,-103.44,12.63,6.13,0.14,0.0,-0.39,213.86,182.0,51.15,38.56,182.0,178.0
1770324197057952250,247352,10.872,106.0,10.524,-217.8,3.26,1.74,-103.06,12.5,6.13,-0.03,0.06,0.03,195.51,182.0,53.05,42.1,182.0,178.0
1770324197160384408,247452,9.764,83.4,10.936,-158.4,3.22,1.43,-102.75,12.5,6.19,-0.11,-0.27,-0.28,201.17,182.0,54.07,46.98,182.0,178.0
1770324197258695055,247552,10.52,91.5,10.928,-190.1,3.05,1.86,-102.62,12.69,6.19,-0.07,-0.4,-0.25,236.5,184.0,55.33,47.31,182.0,178.0
1770324197361104415,247652,10.44,88.6,10.088,-195.3,3.96,1.97,-102.5,12.75,6.13,-0.02,-0.1,0.22,208.72,184.0,52.85,46.58,182.0,178.0
1770324197459360632,247751,10.08,114.5,11.312,-217.0,3.42,2.38,-102.25,12.69,6.06,0.08,0.1,0.04,209.4,179.0,52.93,45.71,182.0,178.0
1770324197567782115,247852,10.496,87.9,10.904,-178.3,3.22,1.78,-101.87,12.63,6.0,-0.18,-0.04,-0.05,207.17,183.0,55.29,45.93,182.0,178.0
1770324197680600485,247952,10.916,91.8,11.132,-169.9,3.98,2.44,-101.5,12.63,5.88,-0.2,-0.07,-0.04,11932.8,185.0,51.51,46.56,182.0,178.0
1770324197807585289,248071,10.528,83.1,11.396,-164.3,2.99,1.76,-101.31,12.75,5.75,0.02,0.06,0.0,11926.8,187.0,53.78,45.29,184.0,178.0
1770324197926382020,248200,10.8,130.2,11.28,-189.5,2.79,2.77,-101.06,12.63,5.69,-0.05,-0.11,-0.28,11929.37,187.0,55.68,42.78,184.0,178.0
1770324198049267308,248318,10.188,132.4,11.324,-128.8,2.87,2.38,-100.56,12.44,5.63,0.1,0.13,0.16,11937.43,187.0,55.68,38.71,184.0,178.0
1770324198147578604,248440,10.784,185.7,11.012,-200.0,2.87,3.22,-100.0,12.25,5.56,0.19,0.0,-0.09,252.79,188.0,53.02,35.86,184.0,178.0
1770324198270444911,248540,10.084,153.9,11.1,-155.7,3.38,4.02,-99.12,12.0,5.56,-0.02,0.21,0.28,11938.29,186.0,53.95,34.79,184.0,178.0
1770324198389257343,248662,10.32,172.9,10.768,-159.0,2.87,2.73,-98.31,11.94,5.56,0.05,0.01,-0.01,11938.29,186.0,53.52,37.11,184.0,180.0
1770324198512104834,248781,10.384,109.0,10.748,-155.1,3.54,1.97,-97.56,11.94,5.56,0.04,0.03,0.07,11921.65,191.0,55.0,48.89,184.0,180.0
1770324198635030313,248902,10.824,110.9,10.824,-181.8,2.87,1.45,-97.19,12.0,5.44,-0.07,0.04,0.0,11916.68,194.0,55.91,53.15,184.0,180.0
1770324198763858274,249025,11.224,126.6,10.96,-207.4,3.26,2.48,-97.0,12.06,5.44,-0.11,-0.07,0.01,11911.36,190.0,53.15,58.67,184.0,180.0
1770324198876691958,249148,11.196,132.1,11.06,-186.5,2.38,2.15,-97.12,12.06,5.44,-0.09,0.15,-0.12,11899.36,190.0,58.8,60.25,184.0,180.0
1770324198999573488,249267,10.628,126.9,10.5,-167.8,2.68,1.27,-97.56,12.06,5.5,-0.06,-0.14,0.01,11905.53,190.0,57.68,59.67,184.0,180.0
1770324199118385307,249390,10.88,108.7,11.044,-159.0,2.15,2.4,-97.81,11.94,5.56,-0.14,0.02,0.2,11909.13,192.0,58.46,57.06,184.0,180.0
1770324199241313227,249509,11.076,104.6,11.264,-115.8,2.64,1.74,-98.0,11.69,5.75,-0.02,-0.08,0.04,11912.56,196.0,59.15,53.58,184.0,180.0
1770324199364117043,249632,11.064,187.0,10.552,-116.2,1.78,3.09,-97.81,11.5,5.88,0.18,-0.2,0.0,11921.14,195.0,60.05,46.24,184.0,180.0
1770324199478788497,249756,10.736,160.8,11.148,-135.8,2.93,2.79,-97.19,11.44,6.0,-0.04,0.04,-0.21,11923.02,195.0,56.86,47.5,184.0,180.0
1770324199611770022,249872,10.52,144.3,11.256,-175.6,2.42,2.13,-96.62,11.5,6.0,-0.09,-0.13,0.0,11910.5,195.0,57.72,55.0,184.0,180.0
1770324199806045353,249995,10.812,128.1,11.0,-161.7,2.09,2.54,-96.5,11.63,6.0,-0.11,-0.05,-0.08,11908.96,194.0,58.46,57.06,184.0,180.0
1770324199910046685,250117,10.68,144.5,11.16,-196.9,3.48,1.58,-96.56,11.81,6.0,0.1,-0.05,0.05,243.7,194.0,53.75,55.54,184.0,180.0
1770324199955845298,250217,10.436,134.5,11.02,-177.0,2.68,2.32,-96.87,11.81,6.06,0.08,-0.04,-0.13,11910.33,198.0,57.74,57.26,186.0,180.0
1770324200068685950,250339,10.6,90.5,10.836,-179.5,2.5,2.44,-97.06,11.75,6.13,-0.13,0.01,0.19,11910.67,196.0,58.67,57.29,186.0,180.0
1770324200171107830,250461,9.912,103.8,11.452,-152.7,2.03,1.91,-97.44,11.69,6.5,0.1,-0.09,-0.28,234.78,196.0,56.75,56.75,186.0,180.0
1770324200269410108,250561,10.356,139.0,11.072,-145.0,3.11,2.34,-97.69,11.56,6.75,-0.11,-0.08,-0.23,251.76,194.0,59.81,55.87,186.0,180.0
1770324200392252277,250661,10.276,116.9,11.432,-160.9,2.3,2.19,-97.75,11.44,6.94,-0.09,-0.04,-0.12,11919.42,195.0,59.93,52.5,186.0,180.0
1770324200515144376,250783,10.768,217.5,11.404,-148.4,2.36,3.57,-97.5,11.5,7.19,0.0,0.02,-0.02,11923.37,194.0,57.54,47.72,186.0,182.0
1770324200633961803,250904,10.984,193.7,10.952,-129.2,2.79,3.34,-96.81,11.5,7.25,-0.04,0.25,-0.2,11915.65,201.0,57.98,51.77,186.0,182.0
1770324200752766284,251026,9.816,93.6,11.256,-155.8,2.56,2.25,-96.56,11.75,7.44,-0.16,-0.08,-0.04,11910.67,201.0,58.58,57.84,186.0,182.0
1770324200855175700,251144,10.904,109.4,10.78,-181.0,2.73,2.21,-96.69,12.06,7.56,0.0,0.1,-0.05,218.49,199.0,55.12,55.12,186.0,182.0
1770324200953471941,251244,10.436,142.0,11.136,-132.9,3.13,2.73,-97.06,12.31,7.69,0.18,-0.24,-0.09,217.8,199.0,55.84,56.73,186.0,182.0
1770324201076360934,251343,10.98,142.9,10.984,-129.6,2.58,2.27,-97.25,12.38,7.75,0.12,0.03,-0.13,11902.61,203.0,60.15,57.74,186.0,182.0
1770324201886063302,251465,10.008,151.8,10.944,-127.8,1.88,1.48,-97.5,12.38,7.94,0.0,0.06,-0.07,0.0,202.0,59.47,54.75,186.0,182.0
1770324201948837902,252218,10.028,122.0,11.056,0.0,3.18,1.91,-97.62,13.94,9.06,0.05,0.03,0.0,11914.28,198.0,56.36,56.36,188.0,182.0
1770324202067639783,252338,10.588,150.0,10.456,-163.6,2.29,1.82,-98.12,14.88,9.19,0.26,0.17,0.0,11913.59,194.0,58.24,56.14,188.0,182.0
1770324202186437428,252456,9.7,110.0,11.048,-164.0,2.29,2.09,-98.69,15.44,9.63,0.0,-0.05,-0.04,11910.33,196.0,58.24,56.14,188.0,182.0
1770324202288834401,252577,10.992,137.0,11.396,-159.8,2.05,1.45,-99.19,15.88,10.06,0.04,0.2,-0.55,189.16,196.0,56.14,58.01,188.0,182.0
1770324202387117904,252677,10.348,146.8,10.908,-157.1,2.19,1.97,-99.56,16.12,10.56,0.04,0.0,-0.05,175.1,190.0,58.78,55.61,188.0,182.0
1770324202505871174,252777,11.324,106.6,11.236,-121.1,2.71,2.25,-99.75,16.44,10.94,-0.13,-0.08,-0.16,11912.39,190.0,59.44,55.48,188.0,182.0
1770324202608342302,252898,10.596,165.6,11.276,-134.6,3.18,3.07,-99.69,16.87,11.25,0.17,0.0,-0.04,187.96,190.0,56.14,50.52,188.0,182.0
1770324202810067573,252997,10.632,190.5,11.396,-153.9,2.54,3.3,-99.12,17.37,11.63,-0.04,0.07,-0.12,11924.05,181.0,55.98,48.8,188.0,184.0
1770324202854149512,253119,10.236,139.1,11.256,-125.1,3.13,2.32,-98.5,18.25,12.0,-0.03,0.09,-0.1,11911.7,179.0,57.54,55.43,188.0,184.0
1770324202972830925,253243,10.536,129.3,11.364,-158.4,3.57,1.46,-98.62,19.56,12.75,-0.29,0.03,-0.21,11918.56,174.0,53.65,57.72,188.0,184.0
1770324203095804790,253365,10.976,115.1,11.288,-183.4,3.26,1.45,-99.31,20.81,13.69,0.11,-0.06,-0.3,11915.82,168.0,52.89,59.15,188.0,184.0
1770324203194073387,253486,11.02,114.1,10.968,-164.2,2.48,1.88,-99.81,21.75,14.44,0.2,-0.02,-0.25,168.07,168.0,53.09,58.58,188.0,184.0
1770324203321088802,253586,10.08,108.2,11.312,-182.8,2.46,1.97,-99.94,21.75,14.5,-0.11,0.05,-0.17,11912.39,169.0,55.82,58.7,188.0,184.0
1770324203449865909,253710,10.584,84.4,10.948,-166.9,2.54,1.91,-100.06,21.69,14.63,0.18,0.06,-0.17,11913.25,166.0,57.26,55.91,188.0,184.0
1770324203542312906,253832,10.636,93.5,10.84,-175.9,2.89,1.88,-100.25,21.5,14.63,-0.07,-0.08,-0.13,178.19,166.0,56.75,51.25,188.0,184.0
1770324203644709844,253932,10.716,107.5,11.256,-145.3,3.57,2.15,-100.31,21.37,14.5,-0.07,-0.1,0.01,164.13,171.0,54.81,50.84,188.0,184.0
1770324203743002832,254032,10.144,152.5,10.98,-170.0,3.14,3.28,-99.94,21.31,14.38,0.07,0.0,-0.11,159.15,171.0,52.85,45.69,188.0,184.0
1770324203846046160,254132,10.356,139.4,11.144,-171.5,3.07,2.99,-99.62,21.25,14.25,-0.17,0.05,0.1,155.21,173.0,52.93,46.51,188.0,184.0
1770324203943709481,254232,10.52,101.2,10.74,-218.9,3.46,1.56,-99.5,21.25,14.06,-0.41,0.09,0.11,155.38,179.0,50.86,50.02,188.0,184.0
1770324204042001617,254332,10.592,96.2,11.008,-172.6,3.22,1.46,-99.56,21.56,14.0,-0.14,0.08,-0.05,197.57,179.0,50.16,54.64,188.0,184.0
1770324204168997178,254433,10.932,105.8,11.228,-189.1,3.95,2.32,-99.75,21.75,13.94,0.07,0.01,-0.18,11930.4,179.0,47.57,52.33,190.0,184.0
1770324204295990239,254558,11.132,122.6,11.388,-187.4,3.57,2.09,-99.81,21.87,13.75,0.11,0.0,-0.13,11928.68,185.0,50.93,52.29,190.0,184.0
1770324204418826975,254685,10.084,113.1,10.58,-231.9,3.67,2.17,-100.0,21.81,13.75,-0.01,0.14,0.0,11926.28,186.0,51.31,52.63,190.0,184.0
1770324204517175009,254807,10.32,102.9,11.244,-184.8,2.38,1.74,-100.19,21.75,13.75,-0.05,0.11,-0.12,163.1,186.0,51.25,51.25,190.0,184.0
1770324204650115420,254906,10.748,75.7,11.416,-185.8,3.16,1.72,-100.31,21.56,13.81,-0.18,-0.04,0.07,11931.43,187.0,54.85,48.6,190.0,184.0
1770324204742480729,255031,11.052,84.4,11.04,-167.8,3.61,1.41,-100.44,21.44,13.63,0.01,0.0,-0.3,151.95,193.0,51.46,43.66,190.0,184.0
1770324204865361933,255131,10.804,105.1,10.636,-200.1,3.24,1.6,-100.25,21.44,13.31,-0.06,-0.05,-0.01,11951.49,196.0,50.23,35.95,190.0,184.0
1770324204984144835,255253,10.504,84.3,11.384,-213.7,3.87,2.17,-99.56,21.62,12.88,-0.1,-0.01,-0.04,11959.9,201.0,50.11,25.05,190.0,184.0
1770324205102931501,255374,10.98,93.6,11.288,0.0,3.54,2.93,-98.94,21.87,12.19,-0.18,0.09,0.0,11962.98,201.0,49.06,24.9,190.0,186.0
1770324205225825798,255492,10.5,98.5,10.928,-281.3,5.02,2.56,-98.69,22.12,11.75,-0.27,-0.12,0.13,11970.01,207.0,42.78,24.45,190.0,186.0
1770324205344589125,255612,11.2,104.5,10.968,-282.5,4.82,3.11,-98.25,22.37,11.56,-0.08,0.09,-0.12,11949.61,218.0,42.1,37.96,190.0,186.0
1770324205467457920,255734,10.728,105.4,11.012,-245.4,3.98,2.17,-97.94,22.5,11.31,0.04,0.16,-0.11,11928.68,216.0,47.62,50.38,190.0,186.0
1770324205586283272,255855,9.284,127.4,10.732,-213.7,3.42,1.99,-97.94,22.69,11.31,0.0,0.11,-0.04,11924.57,216.0,52.44,53.92,190.0,186.0
1770324205684594139,255974,10.072,104.1,10.996,-193.3,3.55,1.93,-97.87,22.62,11.31,-0.17,0.14,-0.08,175.1,218.0,50.23,50.23,190.0,186.0
1770324205874048769,256074,10.472,88.0,11.056,-144.0,3.48,1.64,-97.94,22.56,11.31,0.0,-0.39,-0.18,11917.71,214.0,54.49,53.99,190.0,186.0
1770324205909899437,256197,10.992,83.6,11.152,-178.4,3.44,1.13,-97.94,22.44,11.31,0.12,-0.02,-0.19,168.07,214.0,53.09,51.25,190.0,186.0
1770324206008195376,256296,10.328,81.2,11.04,-214.2,3.36,1.54,-98.12,22.31,11.31,-0.12,-0.21,0.13,167.38,204.0,52.93,50.52,190.0,186.0
1770324206106487153,256396,10.116,110.9,11.144,-198.0,3.87,2.05,-98.19,22.19,11.13,0.0,0.02,-0.16,159.5,204.0,49.8,47.99,190.0,186.0
1770324206229404694,256496,10.468,100.2,11.084,-184.8,2.87,2.44,-98.06,22.06,10.88,0.07,0.15,-0.09,11930.05,206.0,50.24,49.28,190.0,186.0
1770324206352246210,256617,10.704,106.7,11.396,-214.7,4.06,2.75,-98.06,21.62,10.56,-0.04,-0.06,0.07,11941.89,203.0,47.24,45.87,190.0,186.0
1770324206475087910,256741,10.68,140.6,11.108,-227.9,3.75,2.36,-97.81,21.62,10.25,-0.03,0.17,0.0,11944.63,204.0,42.1,45.55,192.0,186.0
1770324206598052789,256865,10.72,140.7,10.812,-226.5,4.63,2.42,-97.81,21.81,10.19,-0.05,-0.09,-0.06,11933.48,199.0,44.14,50.25,192.0,186.0
1770324206712747394,256987,10.224,120.6,10.844,-247.8,3.55,1.8,-97.87,21.94,10.0,0.14,0.23,0.13,11926.28,199.0,49.06,53.45,192.0,186.0
1770324206835631858,257101,10.308,98.1,10.496,-217.5,3.77,1.52,-97.87,21.75,10.0,-0.01,0.11,0.1,11923.19,203.0,51.07,53.84,192.0,186.0
1770324206938093015,257223,11.344,120.5,11.296,-190.1,3.61,1.46,-98.06,21.37,10.06,-0.16,0.16,0.0,158.29,193.0,52.43,54.02,192.0,186.0
1770324207036362494,257324,9.628,93.1,11.388,-179.9,3.18,1.82,-98.06,21.12,10.13,0.04,-0.09,-0.32,175.1,193.0,54.07,54.95,192.0,186.0
1770324207159225735,257424,10.656,104.6,11.288,-156.2,3.03,1.84,-98.06,20.81,10.13,-0.27,-0.11,0.39,11920.96,196.0,55.02,54.06,192.0,186.0
1770324207290321299,257548,11.124,99.4,11.112,-154.8,3.26,2.25,-98.12,20.62,10.0,0.03,0.03,-0.09,11928.0,195.0,52.89,51.5,192.0,186.0
1770324207417234409,257677,9.98,146.3,11.272,-149.1,2.66,2.85,-97.87,20.44,9.81,0.1,-0.08,-0.18,11935.54,195.0,52.07,44.35,192.0,186.0
1770324207536050966,257803,10.972,155.0,11.252,-233.5,3.89,3.18,-97.37,20.25,9.5,-0.51,-0.14,0.26,11940.17,196.0,47.15,44.46,192.0,186.0
1770324207650806728,257924,11.04,182.4,10.912,-205.9,3.77,3.11,-97.0,20.31,9.38,0.03,0.07,0.2,11946.0,196.0,42.47,44.67,192.0,188.0
1770324207769560076,258036,10.448,111.0,11.148,-261.0,4.18,2.09,-96.81,20.56,9.31,-0.05,0.25,0.02,11933.48,197.0,45.29,50.95,192.0,188.0
1770324207888343223,258158,11.084,125.2,10.68,-223.9,4.12,2.15,-96.62,20.75,9.25,-0.12,0.09,0.09,11928.85,199.0,49.41,52.19,192.0,188.0
1770324208015333358,258277,10.312,120.3,11.248,-166.9,3.28,2.03,-96.44,20.69,9.19,0.0,0.24,-0.08,11925.08,202.0,51.65,52.36,192.0,188.0
1770324208130051564,258401,9.9,100.2,11.368,-151.9,3.52,1.56,-96.37,20.44,9.19,-0.04,0.07,-0.16,11921.48,202.0,53.52,52.81,192.0,188.0
1770324208248809952,258516,9.412,96.8,10.576,-168.1,2.81,1.62,-96.19,20.31,9.19,-0.17,-0.09,-0.17,11921.31,198.0,54.98,54.28,192.0,188.0
1770324208351229707,258637,10.472,88.0,11.38,-163.4,3.09,1.46,-96.06,20.12,9.13,-0.19,-0.03,0.17,218.32,198.0,53.09,53.09,192.0,188.0
1770324208474073596,258738,10.212,130.5,10.8,-168.2,3.24,2.38,-95.94,20.06,8.94,0.09,-0.06,-0.01,11930.05,195.0,53.11,50.71,192.0,188.0
1770324208596995640,258863,10.308,129.1,10.94,-171.2,2.99,2.3,-95.5,20.0,8.69,0.0,-0.03,-0.02,11931.94,201.0,52.97,47.53,192.0,188.0
1770324208719889274,258983,9.58,169.0,11.176,-187.0,3.85,2.29,-94.81,19.94,8.44,0.17,0.21,-0.82,11940.34,198.0,46.93,46.24,192.0,188.0
1770324208838676109,259105,11.068,144.3,10.508,-280.1,4.63,2.42,-94.44,20.06,8.31,-0.1,-0.06,0.1,11944.8,202.0,43.84,46.63,194.0,188.0
1770324208971649095,259226,9.844,111.2,11.316,-212.9,3.3,2.6,-94.31,20.25,8.25,-0.05,-0.03,-0.05,11936.74,202.0,46.63,49.41,194.0,188.0
1770324209080347827,259350,10.72,114.4,11.296,-227.1,3.93,2.62,-94.12,20.44,8.13,0.08,0.17,-0.17,11929.71,202.0,50.52,51.93,194.0,188.0
1770324209203242075,259468,10.388,102.4,11.264,-184.2,2.87,2.03,-93.81,20.25,8.13,0.0,0.11,-0.12,11926.28,203.0,52.19,53.58,194.0,188.0
1770324209322007929,259589,9.588,84.4,11.24,-200.7,3.01,1.58,-93.75,19.87,8.25,0.02,-0.02,-0.37,11921.65,199.0,53.15,54.53,194.0,188.0
1770324209448972972,259710,10.152,91.7,11.084,-173.6,2.89,1.76,-93.56,19.56,8.31,-0.03,0.0,0.05,11919.94,199.0,54.98,54.28,194.0,188.0
1770324209563699460,259834,9.904,107.9,10.836,-181.2,3.01,2.05,-93.44,19.19,8.25,-0.11,-0.23,0.0,11923.88,199.0,54.49,51.65,194.0,188.0
1770324209686591967,259951,10.416,130.5,11.26,-192.3,2.68,2.54,-93.25,18.94,8.13,0.12,0.15,-0.02,11922.51,201.0,53.15,50.38,194.0,188.0
1770324209809478010,260073,10.612,135.9,11.24,-195.4,3.54,2.6,-93.0,18.75,8.06,-0.04,0.21,-0.11,11923.71,200.0,52.46,50.38,194.0,188.0
1770324209932382185,260194,9.824,100.8,11.22,-228.6,3.96,1.89,-92.75,18.5,8.0,-0.02,0.07,-0.31,11933.83,201.0,45.55,51.07,194.0,190.0
1770324210047060461,260319,10.868,99.4,10.844,-227.2,3.87,1.7,-92.62,18.56,8.0,-0.18,-0.03,0.15,11933.14,201.0,45.34,51.1,194.0,190.0
1770324210169946841,260433,10.444,147.4,11.04,-239.0,4.08,2.44,-92.44,18.75,7.94,0.05,0.06,-0.05,11926.28,202.0,46.93,53.84,194.0,190.0
1770324210296929332,260554,9.996,122.8,11.088,-231.3,3.81,2.3,-92.06,18.62,7.94,0.1,0.09,-0.1,11918.39,203.0,51.93,56.14,194.0,190.0
1770324210419774356,260681,10.988,88.8,11.392,-150.5,2.81,2.11,-91.69,18.25,8.0,0.0,-0.08,-0.18,11916.33,196.0,53.71,55.69,194.0,190.0
1770324210542666458,260805,10.3,74.4,11.38,-162.7,3.73,1.7,-91.44,17.56,8.19,0.22,0.01,-0.24,11914.79,196.0,54.33,57.04,194.0,190.0
1770324210657392043,260927,10.692,134.8,11.368,-135.2,3.18,2.38,-91.06,16.5,8.25,-0.32,-0.35,0.26,11920.79,196.0,55.65,53.45,194.0,190.0
1770324210780275625,261042,9.736,115.7,11.34,-185.9,3.4,1.88,-90.56,16.0,8.25,-0.03,0.23,0.05,11918.22,196.0,52.97,53.65,194.0,190.0
1770324211346049716,261166,10.476,139.1,11.396,-137.4,2.91,2.62,-90.31,15.88,8.19,0.02,-0.07,-0.19,11914.28,198.0,55.45,53.4,194.0,190.0
1770324211415166048,261292,10.288,155.7,10.8,-154.3,3.28,2.46,-89.75,15.63,8.06,-0.15,0.1,-0.08,209.4,198.0,53.27,49.84,194.0,190.0
1770324211419239139,261392,11.064,129.8,11.2,-194.5,3.18,2.19,-89.5,15.63,8.06,0.03,0.01,0.04,216.43,199.0,48.46,52.43,194.0,190.0
1770324211430732442,261492,10.408,124.1,11.42,-211.5,3.95,2.4,-89.19,15.63,8.0,-0.29,0.0,0.01,11917.54,199.0,48.05,57.95,196.0,190.0
1770324211447895974,261614,10.916,141.3,11.352,-173.7,2.68,2.58,-89.12,15.5,8.06,0.02,-0.05,-0.13,209.06,199.0,49.42,58.58,196.0,190.0
1770324211459001781,261714,10.4,114.6,11.3,-141.0,2.77,2.36,-88.81,15.19,8.13,-0.11,0.2,-0.02,11903.13,205.0,55.98,61.72,196.0,190.0
1770324211550345396,261835,10.936,159.3,11.152,-121.2,2.42,1.7,-88.62,14.38,8.38,0.05,-0.07,-0.05,175.62,198.0,59.44,66.04,196.0,190.0
1770324211673247928,261936,10.564,130.9,11.188,-165.2,2.68,1.41,-88.69,13.56,8.44,-0.02,0.0,-0.16,11898.5,195.0,57.12,66.48,196.0,190.0
1770324211771561920,262057,10.624,134.4,11.384,-132.4,2.91,2.7,-89.12,12.75,8.5,-0.43,0.06,0.22,186.25,195.0,56.14,67.36,196.0,190.0
1770324211878047966,262157,10.044,132.6,11.036,-171.9,2.46,3.28,-89.37,12.44,8.5,0.07,-0.02,-0.32,200.31,195.0,56.14,66.56,196.0,190.0
1770324211972289756,262257,10.712,238.2,11.1,-173.9,3.01,2.68,-89.5,12.19,8.5,-0.02,0.12,-0.05,201.0,195.0,53.51,61.4,196.0,190.0
1770324212070555236,262358,10.296,163.4,11.208,-168.4,2.23,2.58,-89.5,12.0,8.38,-0.28,-0.05,-0.02,193.45,193.0,55.61,64.35,196.0,192.0
1770324212197564439,262458,9.584,139.6,11.328,-152.2,2.17,2.11,-89.62,12.0,8.25,-0.13,0.04,-0.08,11902.61,198.0,55.97,66.87,196.0,192.0
1770324212299999866,262583,11.272,191.6,11.04,-175.3,2.5,1.97,-90.19,12.06,8.0,-0.16,0.02,0.26,193.11,198.0,54.38,64.91,196.0,192.0
1770324212418744582,262683,9.684,179.0,11.212,-125.7,2.5,2.09,-90.75,11.88,7.88,0.07,0.01,-0.06,11899.53,197.0,56.46,65.55,196.0,192.0
1770324212517021873,262804,11.008,169.6,11.06,-157.8,2.29,2.07,-91.31,11.69,7.81,-0.1,0.09,0.38,201.68,200.0,54.02,63.55,196.0,192.0
1770324212639952875,262903,9.684,175.2,11.36,-140.1,2.4,2.09,-91.87,11.56,7.94,0.08,0.02,0.0,11896.95,195.0,58.3,64.77,196.0,192.0
1770324212762844021,263025,9.336,195.1,11.324,-147.5,2.32,1.99,-92.37,11.31,8.0,0.0,0.0,-0.14,11898.67,196.0,59.64,63.86,196.0,192.0
1770324212962047536,263149,9.968,185.9,10.204,-161.2,2.23,3.46,-92.69,11.13,8.13,-0.02,0.04,-0.26,11914.62,196.0,56.61,56.61,196.0,192.0
1770324212979955148,263265,11.104,201.9,10.924,-185.2,2.58,3.38,-92.56,11.13,8.19,0.16,-0.11,0.33,209.92,192.0,55.61,54.02,196.0,192.0
1770324213088280903,263365,11.264,132.4,11.092,-149.9,1.95,2.79,-92.37,11.25,8.13,-0.3,0.24,-0.3,188.31,192.0,56.73,59.39,196.0,192.0
1770324213205235563,263465,11.352,131.6,11.048,-165.3,2.23,2.71,-92.44,11.38,8.13,0.0,-0.1,0.01,11909.47,195.0,57.74,59.66,196.0,192.0
1770324213303568589,263590,11.208,150.2,11.188,-147.9,2.03,2.54,-92.69,11.63,8.19,-0.05,0.04,-0.28,167.9,190.0,54.58,57.7,196.0,192.0
1770324213405921311,263690,10.56,170.4,10.856,-122.1,2.62,2.27,-92.94,11.63,8.25,-0.08,0.0,-0.33,184.71,190.0,56.14,57.04,198.0,192.0
1770324213528839149,263790,11.12,135.5,10.844,-148.3,2.15,2.34,-93.06,11.56,8.25,-0.01,0.08,-0.23,11910.5,187.0,58.04,56.61,198.0,192.0
1770324213627187195,263912,10.24,118.3,10.868,-169.5,2.42,2.77,-93.44,11.5,8.44,0.04,-0.08,-0.29,197.4,180.0,56.68,56.68,198.0,192.0
1770324213729552974,264012,10.868,134.2,11.036,-126.3,2.56,2.5,-93.56,11.31,8.63,-0.13,-0.1,-0.05,163.1,180.0,57.61,54.95,198.0,192.0
1770324213827864201,264112,11.06,114.0,11.352,-128.6,2.83,2.58,-93.56,11.25,8.75,-0.05,0.0,-0.06,175.1,180.0,58.54,52.13,198.0,192.0
1770324213926157354,264212,10.676,206.5,10.74,-149.7,2.93,3.2,-93.37,11.25,8.94,-0.21,-0.17,-0.1,182.3,176.0,55.86,44.19,198.0,192.0
1770324214028575266,264312,10.26,225.6,10.74,-141.1,2.89,4.02,-92.87,11.31,9.0,-0.07,0.09,0.05,180.25,176.0,54.33,41.65,198.0,192.0
1770324214126885316,264412,10.548,171.5,10.316,-143.6,2.56,3.01,-92.31,11.38,9.06,-0.06,0.25,-0.16,195.68,174.0,54.81,42.9,198.0,194.0
1770324214229285568,264512,10.536,113.2,11.236,-158.9,2.38,2.56,-92.0,11.44,9.0,-0.05,0.0,-0.2,169.44,177.0,55.58,50.52,198.0,194.0
1770324214327569245,264612,10.464,115.4,10.828,-203.4,3.26,2.01,-91.94,11.75,9.0,-0.03,-0.02,0.01,170.81,177.0,53.75,51.96,198.0,194.0
1770324214430000685,264713,10.98,153.8,11.08,-204.4,3.28,2.54,-92.0,11.88,9.0,-0.06,0.02,0.18,164.47,176.0,53.02,51.46,198.0,194.0
1770324214528277009,264813,10.532,141.6,11.388,-156.4,2.27,2.6,-92.06,11.94,9.0,0.03,-0.02,-0.02,181.28,173.0,55.31,49.53,198.0,194.0
1770324214626605116,264913,9.324,115.2,11.276,-180.3,3.07,1.88,-92.06,11.88,9.0,0.15,0.1,-0.23,170.13,173.0,55.83,51.25,198.0,194.0
1770324214729035538,265012,9.996,136.2,11.228,-165.6,2.42,2.17,-92.19,11.75,9.0,-0.04,0.0,0.13,150.41,178.0,55.87,52.63,198.0,194.0
1770324214851912673,265112,11.04,118.2,11.016,-175.9,2.19,2.32,-92.12,11.56,9.0,-0.09,0.03,0.05,11921.65,175.0,56.96,51.51,198.0,194.0
1770324215050036174,265236,11.232,149.8,11.216,-131.3,3.09,2.93,-92.0,11.5,9.0,-0.09,-0.12,0.14,11924.57,175.0,57.47,46.78,198.0,194.0
1770324215073087090,265359,10.42,148.8,10.976,-151.5,2.23,3.69,-91.37,11.5,8.94,0.02,0.0,-0.1,196.88,175.0,54.27,43.04,198.0,194.0
1770324215195985918,265459,10.416,236.2,10.892,-194.8,3.09,3.48,-90.75,11.44,8.81,0.01,0.08,0.11,11937.77,172.0,53.89,39.94,198.0,194.0
1770324215323013932,265580,10.428,214.4,10.968,-146.7,3.13,3.2,-90.0,11.44,8.63,-0.38,0.05,0.45,11936.06,174.0,52.46,42.79,198.0,194.0
1770324215441685342,265705,11.244,170.4,11.008,-206.3,3.13,3.46,-89.37,11.63,8.5,-0.32,0.07,0.09,11931.25,172.0,48.5,48.5,200.0,194.0
1770324215560537972,265827,10.9,118.8,10.86,-170.6,2.75,2.44,-89.0,11.88,8.44,0.01,-0.04,-0.31,11928.68,172.0,52.26,47.91,200.0,194.0
1770324215683446300,265943,9.488,169.5,11.372,-179.8,3.42,3.22,-88.94,12.0,8.44,0.05,-0.11,0.03,11924.74,174.0,54.08,49.98,200.0,194.0
1770324215810400734,266065,10.736,169.5,10.712,-162.6,3.13,2.89,-89.0,11.94,8.44,-0.09,0.02,-0.05,11918.39,172.0,54.28,52.89,200.0,194.0
1770324215912829681,266195,10.132,119.6,11.0,-130.4,2.97,2.44,-89.19,11.81,8.44,-0.43,-0.08,-0.01,176.82,172.0,55.64,54.13,200.0,194.0
1770324216035691020,266295,9.956,169.1,11.148,-152.3,2.23,2.91,-89.25,11.81,8.31,-0.04,-0.03,0.0,11921.82,173.0,57.1,52.26,200.0,194.0
1770324216134026922,266417,10.652,190.4,11.368,-136.6,3.03,3.46,-89.12,11.81,8.13,-0.08,0.09,-0.09,175.44,171.0,55.06,48.58,200.0,194.0
1770324216232328653,266516,10.736,164.0,11.224,-194.5,3.09,2.71,-89.12,11.81,8.0,-0.07,-0.05,-0.07,173.9,171.0,55.23,49.8,200.0,194.0
1770324216359264146,266616,10.136,240.8,10.02,-152.9,2.95,3.83,-88.94,11.81,7.88,0.06,-0.11,-0.32,11934.34,171.0,54.06,44.97,200.0,194.0
1770324216482159238,266742,10.596,214.9,10.796,-203.1,3.03,3.91,-88.5,11.94,7.69,-0.16,0.0,-0.11,11939.14,169.0,48.68,44.73,200.0,196.0
1770324216600984872,266864,10.408,237.4,11.24,-254.7,4.12,4.18,-88.19,12.19,7.5,-0.15,0.15,0.06,11932.97,170.0,47.01,49.12,200.0,196.0
1770324216723868222,266985,10.728,153.2,10.856,-199.5,3.79,2.32,-88.0,12.38,7.38,-0.18,-0.09,0.2,11924.57,174.0,50.8,52.89,200.0,196.0
1770324216822197271,267106,9.884,129.8,11.32,-163.5,2.77,1.88,-87.69,12.56,7.31,-0.05,0.11,0.02,192.77,174.0,54.27,56.14,200.0,196.0
1770324216945070176,267206,9.932,126.3,10.928,-125.9,2.93,3.18,-87.69,12.5,7.31,-0.18,0.01,0.2,11915.82,177.0,55.66,55.66,200.0,196.0
1770324217043417519,267327,10.256,175.2,11.164,-164.0,2.71,3.3,-87.69,12.5,7.25,-0.14,-0.1,-0.07,178.7,177.0,56.14,56.14,200.0,196.0
1770324217166267502,267427,10.696,137.8,10.896,-139.3,3.16,2.64,-87.69,12.5,7.13,-0.08,-0.04,0.05,11911.36,173.0,57.56,59.47,200.0,196.0
1770324217274584152,267549,10.688,195.0,9.936,-196.8,3.16,2.44,-87.62,12.5,6.94,-0.03,0.17,-0.06,181.28,171.0,56.14,56.14,200.0,196.0
1770324217387357312,267650,10.82,177.1,10.388,-155.1,2.34,2.27,-87.75,12.44,6.69,0.02,0.06,-0.03,11914.62,177.0,55.15,56.63,200.0,196.0
1770324217489829890,267771,9.764,184.2,11.204,-126.8,2.79,3.09,-87.69,12.25,6.38,-0.18,-0.12,-0.03,188.48,177.0,56.75,54.92,200.0,196.0
1770324217588171281,267870,11.04,217.2,10.988,-178.6,2.95,3.55,-87.44,12.19,6.25,0.26,0.04,0.4,174.76,175.0,54.53,52.93,200.0,196.0
1770324217710048367,267970,10.872,187.5,11.192,-189.6,3.46,3.69,-87.37,12.19,6.13,-0.21,-0.06,0.37,167.73,179.0,48.84,53.05,202.0,196.0
1770324217788905484,268070,10.072,148.6,10.312,-169.9,3.61,2.73,-87.31,12.31,6.13,0.03,-0.13,0.06,182.99,179.0,51.41,54.07,202.0,196.0
1770324217907676471,268170,10.504,158.7,10.588,-182.0,2.34,2.97,-87.06,12.31,6.06,0.19,0.05,-0.21,11908.79,174.0,55.32,55.32,202.0,196.0
1770324218026466161,268291,10.54,150.0,11.036,-175.4,2.21,2.93,-87.19,12.19,6.0,0.02,-0.1,-0.09,11913.59,180.0,57.06,56.37,202.0,196.0
1770324218128889465,268409,10.112,158.4,11.272,-161.4,1.97,3.09,-87.37,12.0,5.88,0.03,-0.02,-0.23,181.62,180.0,58.75,56.79,202.0,196.0
1770324218227185214,268510,10.62,163.1,11.168,-176.9,2.23,2.81,-87.56,11.81,5.69,-0.02,-0.15,-0.06,179.39,179.0,58.78,56.4,202.0,196.0
1770324218329585016,268610,10.992,175.8,11.092,-146.1,2.34,2.91,-87.75,11.5,5.31,0.01,0.17,-0.1,185.22,182.0,56.69,55.86,202.0,196.0
1770324218448333896,268710,10.456,138.6,10.328,-139.2,3.24,3.01,-87.87,11.31,5.06,-0.08,-0.07,-0.1,11916.68,186.0,55.15,56.14,202.0,196.0
1770324218550767516,268832,10.74,175.4,10.968,-185.1,2.52,2.89,-87.87,11.06,4.88,-0.02,0.16,0.11,222.61,186.0,53.09,54.92,202.0,196.0
1770324218649073561,268933,10.312,182.9,10.76,-154.4,2.58,2.73,-87.75,10.94,4.88,0.11,-0.05,-0.24,226.89,183.0,54.81,53.22,202.0,198.0
1770324218771973166,269033,10.372,146.9,11.0,-161.8,2.83,2.48,-87.56,11.0,4.81,-0.15,0.26,-0.07,11919.94,181.0,52.5,54.98,202.0,198.0
1770324218966057894,269155,10.832,178.3,10.276,-149.8,3.42,3.26,-87.56,11.19,4.69,0.11,0.0,-0.1,11915.13,181.0,55.65,58.58,202.0,198.0
1770324219013646728,269270,9.564,160.0,11.352,-176.5,3.05,2.05,-87.81,11.25,4.63,-0.01,0.01,-0.13,11909.3,182.0,56.82,59.56,202.0,198.0
1770324219111962302,269395,10.596,146.6,11.012,-169.3,2.19,2.13,-88.19,11.19,4.56,0.06,0.0,-0.08,179.39,182.0,58.43,60.15,202.0,198.0
1770324219214390096,269495,9.932,154.1,10.548,-155.7,2.09,1.8,-88.37,11.0,4.5,0.1,0.13,0.01,176.65,186.0,59.91,60.72,202.0,198.0
1770324219312655573,269595,9.904,138.8,11.396,-157.5,2.77,2.29,-88.69,11.0,4.44,-0.11,-0.08,0.03,181.45,188.0,58.36,60.86,202.0,198.0
1770324219415053161,269696,9.596,173.7,11.184,-187.6,2.97,2.75,-89.0,10.94,4.44,0.02,0.04,-0.23,176.65,188.0,57.89,57.01,202.0,198.0
1770324219513348456,269796,9.496,178.8,10.876,-188.3,2.77,2.52,-89.12,10.94,4.38,0.11,0.0,0.17,177.16,193.0,56.68,56.68,202.0,198.0
1770324219615812346,269896,10.408,219.4,10.932,-153.9,2.58,3.61,-89.19,10.88,4.38,-0.18,-0.07,0.05,200.31,198.0,55.02,51.69,202.0,198.0
1770324219714108307,269997,11.212,191.4,10.816,-191.3,3.5,3.52,-88.94,10.88,4.38,-0.07,0.12,-0.19,179.9,198.0,55.54,48.37,202.0,198.0
1770324219816531657,270097,11.072,171.6,10.988,-202.5,3.38,3.03,-88.81,11.06,4.44,-0.11,-0.01,0.32,201.0,198.0,50.05,51.63,202.0,198.0
1770324219942046973,270197,10.936,173.1,11.352,-159.7,3.14,2.62,-88.87,11.31,4.44,-0.25,0.15,0.21,188.31,194.0,51.69,55.86,204.0,198.0
1770324220017231892,270297,11.064,150.2,11.06,-177.2,2.3,2.42,-88.94,11.44,4.44,0.03,0.09,-0.11,188.48,194.0,55.54,56.44,204.0,198.0
1770324220115534919,270397,10.684,110.5,11.376,-168.0,2.81,2.36,-89.25,11.44,4.5,-0.18,0.06,0.1,167.21,206.0,55.61,57.99,204.0,198.0
1770324220238413999,270497,10.408,139.0,11.244,-169.3,2.54,1.82,-89.44,11.38,4.5,0.07,-0.03,-0.04,11909.3,203.0,57.46,58.94,204.0,198.0
1770324220361268224,270618,11.064,129.5,10.892,-150.3,2.29,2.17,-89.69,11.25,4.56,-0.08,-0.06,-0.16,11909.82,214.0,57.76,59.15,204.0,198.0
1770324220484151082,270742,10.904,114.3,11.1,-161.5,2.83,1.82,-89.87,11.38,4.69,-0.04,0.0,-0.12,11911.87,210.0,57.47,56.8,204.0,198.0
1770324220602978614,270865,10.312,134.7,11.208,-181.1,2.99,2.7,-89.94,11.38,4.69,0.04,-0.1,-0.13,11916.51,210.0,56.14,54.7,204.0,198.0
1770324220721772105,270982,10.892,224.2,11.092,-152.6,3.01,4.06,-89.75,11.38,4.69,0.13,-0.03,-0.19,11931.6,215.0,53.58,47.32,204.0,200.0
1770324220914052532,271102,11.024,174.2,10.828,-229.9,4.02,3.09,-89.44,11.5,4.69,-0.01,0.1,-0.38,11930.74,216.0,48.71,49.41,204.0,200.0
1770324220967534524,271226,10.488,159.8,10.908,-220.7,3.69,3.01,-89.31,11.69,4.63,-0.44,-0.13,0.84,11919.25,220.0,52.13,55.47,204.0,200.0
1770324221086324990,271349,9.5,171.7,11.088,-154.6,3.11,3.16,-89.31,11.94,4.63,0.15,0.07,0.0,11918.39,220.0,55.89,56.62,204.0,200.0
1770324221184644806,271466,10.692,118.4,11.264,-163.5,2.52,2.29,-89.56,11.94,4.69,0.25,-0.05,-0.55,188.31,217.0,55.06,55.06,204.0,200.0
1770324221311605462,271566,10.632,147.0,10.216,-140.7,3.07,2.34,-89.81,11.88,4.69,-0.06,-0.18,0.17,11915.13,214.0,57.95,56.47,204.0,200.0
1770324221438557969,271690,10.812,128.7,11.392,-121.2,2.95,2.19,-89.94,11.75,4.75,-0.17,0.07,0.0,11911.53,215.0,58.81,56.8,204.0,200.0
1770324221557404214,271820,10.148,118.3,10.892,-124.0,2.95,2.83,-90.06,11.81,4.81,0.04,-0.03,-0.21,11917.71,215.0,58.46,54.28,204.0,200.0
1770324221676199824,271936,10.6,129.7,10.932,-164.4,2.97,2.36,-90.0,11.81,4.81,-0.01,0.1,0.02,11918.05,209.0,57.98,51.77,204.0,200.0
1770324221870046255,272058,9.928,160.9,11.1,-170.8,2.13,3.61,-89.69,11.69,4.81,-0.11,-0.17,-0.04,11931.6,208.0,55.22,45.55,204.0,200.0
1770324221921943831,272183,10.688,208.3,10.912,-262.8,4.63,3.36,-89.19,11.75,4.81,-0.02,-0.22,0.11,11940.52,203.0,47.53,43.46,204.0,200.0
1770324222040737772,272304,11.02,179.5,11.116,-233.7,3.44,2.99,-88.81,11.88,4.81,-0.08,0.23,0.05,11929.03,203.0,50.95,48.12,206.0,200.0
1770324222163626183,272421,11.076,117.1,11.252,-209.0,3.32,2.13,-88.69,12.06,4.75,0.05,0.0,-0.03,11922.16,202.0,56.37,50.8,206.0,200.0
1770324222261946582,272543,10.648,112.6,10.38,-172.6,2.62,1.88,-88.75,12.06,4.75,-0.14,-0.01,0.18,193.97,202.0,56.14,52.39,206.0,200.0
1770324222384792249,272644,9.94,108.4,11.064,-172.6,2.66,1.97,-88.87,12.0,4.81,0.33,-0.02,-0.05,11912.9,207.0,58.37,55.02,206.0,200.0
1770324222507686271,272764,10.44,115.9,10.9,-119.5,2.56,1.88,-88.87,11.81,4.88,-0.22,0.0,-0.07,11911.36,198.0,59.36,55.22,206.0,200.0
1770324222626498595,272885,11.048,101.5,10.916,-128.9,2.79,2.23,-88.87,11.88,4.94,-0.13,-0.15,0.34,11913.25,202.0,58.94,55.43,206.0,200.0
1770324222759432580,273007,10.664,113.6,11.188,-165.1,2.81,1.89,-88.75,11.81,4.94,0.14,-0.04,-0.08,11916.85,198.0,58.46,52.19,206.0,200.0
1770324222872272045,273131,10.98,169.6,11.264,-131.6,3.07,2.91,-88.5,11.69,4.94,-0.21,-0.16,0.06,11924.57,199.0,56.59,47.83,206.0,200.0
1770324222997013465,273252,10.804,199.5,10.948,-176.6,4.24,2.73,-88.06,11.75,5.0,0.1,-0.08,-0.14,11940.86,199.0,50.09,42.1,206.0,200.0
1770324223109852811,273369,10.564,213.2,10.84,-251.2,4.28,3.93,-87.56,11.75,5.06,-0.18,-0.17,0.28,11938.29,196.0,50.38,43.48,206.0,202.0
1770324223212259289,273490,10.824,181.9,10.904,-153.8,2.56,2.79,-87.19,11.81,5.06,-0.23,0.24,0.08,213.0,196.0,54.92,49.42,206.0,202.0
1770324223331017969,273590,11.196,140.3,11.328,-173.8,2.83,2.42,-87.06,11.81,5.06,0.11,0.1,-0.41,11911.36,197.0,59.66,55.33,206.0,202.0
1770324223433416910,273712,10.852,95.0,11.2,-134.5,2.71,1.62,-87.0,11.81,5.19,0.05,0.0,-0.25,196.88,200.0,59.91,55.06,206.0,202.0
1770324223531752876,273812,10.408,123.7,10.8,-147.6,1.86,2.21,-86.87,11.69,5.31,-0.18,-0.16,-0.04,192.94,200.0,61.81,56.44,206.0,202.0
1770324223640162031,273912,10.728,101.7,10.16,-124.9,2.6,2.3,-86.75,11.63,5.38,0.0,-0.12,-0.17,209.06,197.0,60.6,57.45,206.0,202.0
1770324223926050565,274012,10.576,129.3,11.396,-158.7,2.01,2.21,-86.69,11.63,5.38,0.12,0.06,0.03,11905.19,197.0,59.93,59.93,206.0,202.0
1770324223966011453,274135,9.956,161.6,11.064,-146.6,2.79,1.93,-86.56,11.56,5.44,-0.08,0.09,-0.15,11908.96,195.0,60.05,57.98,206.0,202.0
1770324223998745562,274255,9.552,170.0,11.372,-175.9,2.11,2.68,-86.44,11.5,5.81,0.01,0.0,0.09,11912.73,192.0,57.06,57.06,206.0,202.0
1770324224117519937,274377,11.072,265.6,11.004,-192.9,3.71,4.12,-86.31,11.44,6.13,0.22,-0.22,0.22,11921.99,192.0,54.18,50.52,208.0,202.0
1770324224236318055,274496,10.976,207.3,11.008,-155.6,2.38,3.3,-86.19,11.38,6.31,0.0,0.02,-0.39,11912.39,192.0,57.72,54.33,208.0,202.0
1770324224338726025,274617,10.852,120.9,10.912,-112.9,2.93,2.05,-86.06,11.31,6.56,0.04,0.04,-0.06,180.42,192.0,60.37,61.96,208.0,202.0
1770324224436983070,274717,11.188,150.6,11.224,-163.1,2.75,2.62,-86.19,11.25,6.81,0.21,-0.06,0.18,193.11,192.0,60.27,62.05,208.0,202.0
1770324224539398948,274818,9.524,119.3,11.38,-138.0,2.89,2.66,-86.5,11.19,7.0,-0.24,-0.12,0.15,202.88,188.0,59.58,61.96,208.0,202.0
1770324224637732314,274918,10.992,107.8,11.12,-159.4,2.01,2.17,-86.87,11.25,7.06,0.12,-0.05,-0.04,205.11,188.0,58.5,62.05,208.0,202.0
1770324224740166213,275018,10.736,137.5,11.236,-155.8,2.32,1.82,-87.31,11.19,7.19,0.0,0.07,0.19,196.71,184.0,58.78,63.55,208.0,202.0
1770324224838447500,275119,10.092,126.7,11.356,-171.6,2.85,2.46,-87.81,11.25,7.25,-0.2,-0.04,0.02,193.97,186.0,57.53,62.53,208.0,202.0
1770324224940865489,275219,10.736,138.1,10.488,-143.4,3.14,2.81,-88.25,11.31,7.31,-0.03,-0.2,0.12,213.69,186.0,57.04,60.66,208.0,202.0
1770324225068159970,275318,11.34,154.1,10.856,-177.5,2.71,2.71,-88.81,11.38,7.44,-0.12,-0.05,-0.09,11922.68,181.0,54.54,55.5,208.0,202.0
1770324225186635551,275443,10.984,201.3,10.924,-176.1,3.22,2.97,-89.06,11.5,7.5,0.31,0.0,0.23,11925.25,185.0,52.97,49.57,208.0,204.0
1770324225289048625,275566,10.768,164.7,11.008,-178.6,3.63,2.75,-89.12,11.63,7.5,-0.2,0.14,0.02,216.09,186.0,52.43,52.43,208.0,204.0
1770324225387348925,275666,10.584,162.9,11.208,-139.1,3.26,2.07,-89.37,11.69,7.63,0.0,0.0,-0.37,192.59,186.0,56.44,59.12,208.0,204.0
1770324225514302631,275766,10.632,143.9,11.12,-184.8,2.29,1.84,-89.81,11.75,7.63,0.21,-0.02,0.08,11905.36,183.0,57.89,59.33,208.0,204.0
1770324225612631988,275892,11.052,131.9,10.988,-169.0,3.16,1.86,-90.37,11.63,7.63,-0.04,0.08,-0.06,200.31,186.0,59.26,59.26,208.0,204.0
1770324225715050322,275992,11.084,120.2,11.396,-167.1,2.95,2.21,-90.81,11.56,7.63,-0.32,-0.16,-0.1,191.91,186.0,57.29,57.29,208.0,204.0
1770324225813407774,276091,10.16,103.7,10.848,-149.7,3.03,2.05,-91.25,11.56,7.56,0.23,-0.08,-0.04,195.51,189.0,55.06,57.49,208.0,204.0
1770324225911661663,276191,10.204,119.8,11.032,-198.5,3.24,2.11,-91.75,11.31,7.38,0.22,-0.13,-0.04,188.82,192.0,55.29,58.69,208.0,204.0
1770324226034544355,276291,10.472,125.3,11.004,-141.6,3.48,1.99,-92.37,10.81,6.81,-0.33,0.6,0.04,11909.99,200.0,55.15,56.63,208.0,204.0
1770324226149211642,276414,10.34,136.7,11.052,-193.7,3.71,2.38,-92.75,11.06,6.75,0.2,-0.24,-0.08,11927.14,200.0,50.09,50.81,210.0,204.0
1770324226272064992,276530,10.896,179.9,10.78,-170.2,2.97,2.81,-93.0,11.25,6.75,0.16,0.02,-0.01,11925.42,197.0,52.71,47.24,210.0,204.0
1770324226399109084,276652,10.88,180.7,10.76,-172.7,3.83,2.87,-93.12,11.25,6.69,0.0,0.37,0.05,11914.96,200.0,54.28,54.28,210.0,204.0
1770324226497383115,276775,10.996,145.7,11.084,-157.8,2.87,1.93,-93.62,11.31,6.69,-0.16,0.33,0.0,228.61,200.0,54.99,54.99,210.0,204.0
1770324226595733874,276874,10.876,141.6,11.04,-149.2,3.18,1.95,-94.12,11.5,6.88,0.1,0.01,-0.02,193.28,206.0,56.14,57.74,210.0,204.0
1770324226718612411,276974,10.34,121.2,11.236,-182.5,2.4,2.11,-94.62,11.63,7.13,0.04,-0.09,0.0,11906.56,205.0,57.64,58.14,210.0,204.0
1770324226816911796,277096,9.4,131.1,11.268,-185.9,3.16,2.01,-95.06,11.81,7.25,-0.08,-0.08,0.17,228.27,205.0,57.33,57.33,210.0,204.0
1770324226947991711,277196,10.312,151.1,10.98,-162.7,3.42,2.62,-95.44,11.94,7.31,0.07,-0.1,-0.02,11914.28,199.0,55.18,54.71,210.0,204.0
1770324227070873505,277326,10.368,115.6,11.256,-190.3,2.38,2.46,-96.0,12.0,7.31,-0.08,0.0,-0.02,11915.65,203.0,55.7,53.76,210.0,204.0
1770324227173295675,277449,10.268,116.2,11.108,-215.9,3.03,2.38,-96.31,12.25,7.13,-0.19,0.23,-0.12,201.51,201.0,54.02,55.61,210.0,204.0
1770324227271602109,277550,10.684,181.5,10.68,-207.7,2.79,3.65,-96.31,12.5,7.13,0.15,-0.31,0.07,198.25,201.0,53.18,48.75,210.0,204.0
1770324227374016982,277650,10.748,213.2,10.756,-150.2,3.05,3.75,-95.94,12.63,6.94,-0.07,0.14,-0.05,214.55,198.0,55.09,44.07,210.0,206.0
1770324227472262466,277750,10.932,136.6,11.204,-181.7,3.09,2.13,-95.69,12.81,6.81,-0.01,0.33,-0.55,181.28,198.0,56.14,47.08,210.0,206.0
1770324227595197757,277851,10.444,135.7,11.24,-127.5,3.36,1.84,-95.62,13.0,6.88,-0.09,0.06,0.0,11914.96,200.0,57.56,52.33,210.0,206.0
1770324227697604574,277974,9.84,88.5,11.404,-135.3,3.13,1.72,-95.69,13.19,6.94,0.18,0.13,0.3,197.57,199.0,59.44,49.53,210.0,206.0
1770324227795915027,278074,10.336,135.7,11.256,-171.6,2.34,2.11,-95.62,13.25,6.94,-0.04,-0.11,-0.21,214.38,199.0,59.64,49.12,210.0,206.0
1770324227994045114,278173,10.928,87.0,11.18,-178.0,2.93,1.48,-95.5,13.25,6.88,0.1,0.0,0.06,222.78,196.0,57.49,47.77,210.0,206.0
1770324228017108043,278274,10.648,94.6,11.28,-170.6,2.38,1.74,-95.25,13.31,6.81,-0.06,-0.1,-0.1,11918.91,194.0,57.95,47.55,210.0,206.0
1770324228139988507,278395,10.98,91.8,11.264,-137.5,2.05,1.84,-94.75,13.38,6.69,-0.13,0.09,-0.21,11929.2,198.0,55.45,45.87,210.0,206.0
1770324228272921522,278518,10.048,117.5,10.672,-170.5,3.48,2.46,-94.37,13.5,6.63,-0.27,0.01,0.01,11931.77,192.0,56.84,44.21,212.0,206.0
1770324228385759842,278642,11.1,129.1,11.048,-146.7,3.07,2.93,-93.81,13.56,6.63,0.0,-0.1,0.03,11934.17,190.0,55.91,38.4,212.0,206.0
1770324228484046396,278763,10.832,189.4,10.812,-161.9,2.52,2.75,-93.12,13.5,6.56,-0.14,0.03,0.04,216.95,190.0,56.14,37.42,212.0,206.0
1770324228586448131,278863,10.852,201.2,11.164,-139.3,2.46,3.34,-92.56,13.44,6.56,-0.21,0.01,0.04,172.87,190.0,55.86,33.35,212.0,206.0
1770324228684743019,278963,10.496,176.3,11.308,-146.0,2.99,3.81,-91.81,13.38,6.56,-0.05,0.08,0.02,188.99,189.0,57.2,36.54,212.0,206.0
1770324228787189943,279063,10.504,139.0,10.664,-155.0,3.36,3.24,-91.25,13.38,6.63,-0.3,-0.01,-0.19,236.67,188.0,55.31,38.8,212.0,206.0
1770324228910109410,279163,10.408,97.3,11.192,-187.8,3.32,1.86,-90.81,13.5,6.63,-0.09,0.06,0.05,11920.62,184.0,56.96,48.05,212.0,206.0
1770324229032955461,279286,10.396,138.4,11.268,-184.4,3.18,2.34,-90.5,13.75,6.56,-0.1,0.13,-0.12,11918.91,181.0,57.06,53.58,212.0,206.0
1770324229151746645,279408,11.044,135.9,10.94,-139.5,2.42,2.07,-90.44,13.88,6.5,0.04,0.04,-0.28,11913.76,181.0,62.97,53.45,212.0,206.0
1770324229250075029,279527,10.38,114.7,10.872,-153.3,3.67,2.21,-90.19,14.06,6.5,0.5,-0.07,0.12,199.63,186.0,53.58,56.65,212.0,206.0
1770324229352425642,279627,9.604,138.8,11.328,-170.4,3.46,2.52,-90.37,14.19,6.5,-0.26,0.01,-0.13,195.17,186.0,55.26,56.14,212.0,206.0
1770324229450750952,279728,9.86,145.7,11.144,-180.5,3.26,2.56,-90.44,14.19,6.44,0.0,-0.01,-0.05,189.68,187.0,56.14,54.53,212.0,206.0
1770324229553159495,279828,10.104,171.1,11.4,-143.3,3.14,3.03,-90.44,14.19,6.44,0.3,0.03,-0.38,188.99,184.0,57.53,51.69,212.0,206.0
1770324229651491620,279928,10.732,182.0,11.216,-166.2,2.44,2.79,-90.37,14.06,6.56,0.09,-0.21,-0.04,179.9,184.0,58.23,46.58,212.0,206.0
1770324229749765685,280028,10.332,153.9,10.332,-146.7,2.7,2.87,-90.25,13.88,6.5,0.01,-0.22,-0.06,208.37,187.0,56.94,44.11,212.0,206.0
1770324229874043110,280128,10.916,203.2,11.096,-161.8,3.75,3.73,-89.87,13.81,6.56,-0.2,0.21,0.0,11939.14,184.0,54.81,39.86,212.0,208.0
1770324229981023872,280249,11.04,173.0,10.324,-187.0,2.71,3.01,-89.37,13.94,6.63,-0.03,0.01,0.06,196.71,184.0,53.09,38.44,212.0,208.0
1770324230073414455,280349,9.988,141.3,10.8,-165.4,2.64,1.78,-89.0,14.06,6.63,0.12,-0.17,0.25,188.99,183.0,52.24,46.0,212.0,208.0
1770324230171669586,280450,10.048,95.0,11.232,-175.9,2.62,2.34,-88.81,14.25,6.63,0.1,0.15,0.14,188.99,183.0,54.92,52.17,212.0,208.0
1770324230274109810,280550,10.596,116.7,10.96,-155.2,2.99,2.07,-88.81,14.38,6.56,-0.14,-0.09,0.08,193.97,183.0,54.02,51.63,212.0,208.0
1770324230376524995,280650,11.128,105.4,11.092,-212.4,3.75,1.82,-88.87,14.56,6.5,0.15,0.03,0.15,201.51,181.0,48.71,50.36,212.0,208.0
1770324230474784237,280751,10.44,144.8,11.0,-175.1,2.81,2.5,-88.94,14.56,6.44,0.14,-0.02,0.06,184.71,181.0,52.85,50.16,214.0,208.0
1770324230573126727,280850,10.376,97.8,11.368,-161.4,3.26,2.13,-89.0,14.56,6.44,-0.07,0.16,-0.12,177.16,182.0,55.61,52.43,214.0,208.0
1770324230696018527,280950,11.088,122.9,11.092,-143.8,2.52,1.62,-89.19,14.56,6.44,0.02,0.0,-0.07,11921.48,188.0,55.97,53.49,214.0,208.0
1770324230794332477,281071,10.532,142.3,11.028,-174.4,2.29,2.34,-89.44,14.38,6.5,0.15,-0.02,-0.29,207.34,188.0,56.14,52.39,214.0,208.0
1770324230892601146,281171,9.908,119.5,10.58,-135.1,2.97,1.91,-89.44,14.31,6.56,-0.02,0.01,-0.07,199.63,187.0,57.2,50.05,214.0,208.0
1770324231015498464,281271,10.996,138.3,10.704,-189.4,3.46,2.62,-89.44,14.25,6.56,-0.15,-0.06,-0.01,11933.14,188.0,54.98,47.06,214.0,208.0
1770324231113868617,281391,9.304,186.9,11.2,-183.5,2.73,3.14,-89.19,14.31,6.63,-0.01,0.0,0.0,219.35,188.0,52.87,43.08,214.0,208.0
1770324231216250422,281490,10.556,136.8,11.1,-231.1,3.67,2.05,-89.0,14.5,6.69,0.23,0.0,-0.06,196.2,192.0,51.63,45.28,214.0,208.0
1770324231339103228,281590,10.312,98.7,10.68,-191.5,3.5,1.97,-88.94,14.75,6.69,-0.11,0.0,0.0,11925.6,189.0,53.63,51.63,214.0,208.0
1770324231461991908,281714,10.644,113.8,11.008,-196.8,3.34,2.54,-89.06,15.13,6.75,0.06,0.0,-0.04,11933.31,189.0,47.45,49.45,214.0,208.0
1770324231584910257,281837,10.508,124.2,10.752,-235.6,3.87,2.5,-89.37,15.44,6.75,0.09,0.03,-0.23,11928.17,191.0,51.77,50.38,214.0,208.0
1770324231703750948,281959,10.572,144.3,11.38,-169.3,2.93,2.56,-89.56,15.56,6.75,-0.13,0.09,-0.03,11921.48,190.0,55.22,50.38,214.0,208.0
1770324231822470628,282081,9.264,130.8,11.34,-147.7,2.93,2.36,-89.75,15.56,6.75,-0.03,0.17,-0.2,11926.8,190.0,54.92,51.25,214.0,208.0
1770324231945360049,282199,10.584,98.6,10.956,-149.3,2.56,1.97,-90.06,15.69,6.88,0.04,0.05,-0.01,11927.48,184.0,54.33,50.25,214.0,208.0
1770324232043670048,282319,10.836,116.3,11.232,-140.6,2.7,2.13,-90.31,15.63,6.94,-0.25,-0.05,0.06,172.36,184.0,55.54,48.37,214.0,208.0
1770324232146085072,282420,10.84,112.1,11.164,-138.5,2.95,2.09,-90.5,15.75,7.13,0.06,0.1,-0.1,4529.83,184.0,54.86,48.48,214.0,208.0
1770324232268958706,282519,10.72,186.9,10.576,-176.7,3.55,3.4,-90.56,15.88,7.19,0.16,0.07,0.04,11938.12,180.0,52.04,44.44,214.0,210.0
1770324232391864713,282645,11.204,153.0,10.592,-175.1,4.18,2.97,-90.5,16.12,7.25,-0.06,-0.15,-0.13,11931.6,179.0,50.25,48.21,214.0,210.0
1770324232514655950,282766,10.92,106.6,11.112,-208.0,4.04,1.95,-90.56,16.62,7.31,-0.01,0.07,0.01,11931.43,175.0,48.71,50.11,214.0,210.0
1770324232633514172,282892,10.832,135.6,11.176,-235.9,4.22,1.93,-90.62,17.12,7.31,-0.03,0.01,-0.1,11932.45,175.0,48.02,49.41,216.0,210.0
1770324232756388584,283009,10.6,125.2,11.304,-242.7,3.95,2.42,-90.69,17.44,7.25,0.3,-0.07,-0.26,11930.23,177.0,49.69,49.0,216.0,210.0
1770324232879299943,283132,10.748,115.9,11.372,-183.5,3.36,1.68,-90.75,17.5,7.19,-0.02,0.04,0.07,11929.71,174.0,53.89,49.85,216.0,210.0
1770324233178046844,283255,10.92,125.0,11.132,-159.8,3.34,1.64,-90.87,17.5,7.19,0.02,-0.04,-0.27,11925.94,176.0,52.89,50.11,216.0,210.0
1770324233215317699,283376,11.228,106.0,11.06,-188.5,2.4,1.8,-91.06,17.5,7.25,0.02,0.3,0.06,11921.99,172.0,54.77,51.34,216.0,210.0
1770324233243859728,283500,9.448,119.7,11.256,-188.4,2.44,2.09,-91.25,17.37,7.31,0.09,0.04,-0.12,11927.65,172.0,54.7,49.66,216.0,210.0
1770324233366708001,283620,9.516,110.7,11.156,-186.8,3.32,1.82,-91.31,17.37,7.25,0.03,-0.12,-0.02,11930.05,176.0,52.79,48.79,216.0,210.0
1770324233489588609,283743,11.124,165.6,10.964,-205.7,3.85,2.64,-91.25,17.37,7.13,-0.12,-0.17,-0.02,11932.11,174.0,51.07,46.93,216.0,210.0
1770324233612488293,283865,10.264,139.0,11.18,-187.7,3.22,1.93,-91.06,17.44,7.06,-0.31,0.07,0.05,11927.65,177.0,51.77,48.31,216.0,210.0
1770324233731311708,283986,11.196,91.0,11.14,-183.0,2.97,1.56,-90.75,17.81,6.88,0.05,0.1,-0.31,11934.68,177.0,49.06,49.79,216.0,210.0
1770324233829615231,284104,9.956,149.6,11.04,-248.3,4.55,2.99,-90.56,18.19,6.69,0.02,-0.15,0.1,162.41,176.0,43.61,48.12,216.0,210.0
1770324233932022248,284205,11.0,139.6,10.972,-192.9,3.03,2.85,-90.56,18.37,6.63,0.06,0.19,-0.05,162.41,176.0,45.69,46.58,216.0,210.0
1770324234030323253,284305,10.988,131.6,10.748,-225.9,3.75,2.44,-90.62,18.37,6.56,0.04,0.06,-0.08,164.64,178.0,49.58,48.0,216.0,210.0
1770324234128630901,284405,9.904,154.4,10.976,-184.7,2.91,2.62,-90.75,18.31,6.56,-0.06,0.0,-0.07,164.13,176.0,52.21,48.0,216.0,210.0
1770324234231038207,284505,9.932,116.9,10.952,-182.7,2.7,2.07,-90.87,18.31,6.63,-0.07,0.21,-0.03,167.38,176.0,51.25,49.42,216.0,210.0
1770324234353886602,284605,10.604,100.1,11.164,-185.8,2.7,1.68,-90.94,18.25,6.63,0.09,0.05,-0.1,11924.22,177.0,54.37,51.49,216.0,210.0
1770324234472656265,284726,11.364,131.4,11.264,-181.4,3.3,2.34,-91.06,18.25,6.63,-0.1,-0.02,-0.06,11926.11,178.0,53.4,49.29,216.0,210.0
1770324234599682103,284849,10.92,135.0,10.476,-163.7,2.81,2.5,-91.12,18.25,6.5,-0.05,0.05,-0.14,11930.57,175.0,51.34,49.29,216.0,210.0
1770324234722592928,284975,9.5,153.3,11.148,-176.1,3.2,1.82,-91.0,18.25,6.25,-0.01,0.1,-0.15,11934.34,171.0,51.61,46.86,216.0,212.0
1770324234840162491,285095,10.676,109.5,11.24,-179.8,3.3,2.36,-90.81,18.5,5.88,-0.11,-0.01,-0.25,11933.31,171.0,48.64,48.64,216.0,212.0
1770324234960158312,285211,10.076,131.8,10.992,-224.4,3.91,2.58,-90.56,18.87,5.56,-0.05,0.19,-0.09,11937.6,175.0,45.55,50.38,218.0,212.0
1770324235058413453,285334,11.316,110.4,11.004,-226.0,3.44,1.99,-90.56,19.19,5.44,-0.01,-0.02,-0.08,173.22,178.0,46.78,48.34,218.0,212.0
1770324235160898853,285434,10.904,113.4,10.852,-210.2,3.22,1.88,-90.56,19.19,5.44,0.15,0.08,0.07,174.76,178.0,49.27,49.27,218.0,212.0
1770324235279673398,285534,10.72,120.1,10.74,-149.9,3.16,2.13,-90.56,19.06,5.44,0.13,-0.04,0.11,11927.31,178.0,53.72,49.36,218.0,212.0
1770324235377927795,285652,10.184,87.7,11.18,-171.7,2.54,1.74,-90.62,18.87,5.44,0.11,0.09,0.26,168.07,175.0,53.27,51.55,218.0,212.0
1770324235480348486,285752,10.78,108.7,11.32,-142.2,1.99,2.5,-90.56,18.75,5.5,0.13,0.17,-0.03,166.01,175.0,55.23,52.51,218.0,212.0
1770324235578673815,285852,10.976,100.6,11.308,-174.5,2.3,1.78,-90.56,18.69,5.5,-0.27,-0.14,-0.09,205.46,178.0,55.09,51.94,218.0,212.0
1770324235701551519,285953,11.112,143.9,11.068,-197.7,2.73,2.15,-90.56,18.69,5.5,-0.09,-0.27,-0.07,11929.37,173.0,53.99,49.53,218.0,212.0
1770324235830038065,286073,9.78,203.6,10.816,-190.4,3.48,2.95,-90.44,18.62,5.31,0.06,0.06,-0.06,191.57,173.0,52.39,44.91,218.0,212.0
1770324235902306336,286174,10.404,199.4,10.556,-226.0,3.22,2.91,-90.06,18.5,5.19,-0.37,-0.03,-0.02,206.49,176.0,52.43,40.51,218.0,212.0
1770324236025161741,286274,10.832,186.0,9.676,-188.5,4.16,3.09,-89.69,18.56,5.0,0.11,0.1,1.23,11947.38,171.0,46.56,42.6,218.0,212.0
1770324236148053385,286398,10.856,124.9,11.284,-287.2,4.57,2.62,-89.44,18.69,4.81,-0.27,0.21,0.06,11932.97,175.0,44.82,50.93,218.0,212.0
1770324236246381986,286520,10.26,117.4,9.872,-200.6,3.24,2.07,-89.44,18.94,4.75,0.0,0.0,-0.14,168.76,175.0,46.78,50.52,218.0,212.0
1770324236344626339,286619,10.356,139.7,11.156,-196.4,3.28,2.54,-89.44,18.87,4.75,0.22,0.03,-0.13,181.45,175.0,49.58,49.58,218.0,212.0
1770324236447073212,286720,9.68,142.9,11.028,-172.2,3.09,2.4,-89.37,18.75,4.81,0.2,-0.1,0.0,176.99,175.0,54.64,50.16,218.0,212.0
1770324236545333789,286820,10.436,90.9,10.988,-150.0,3.2,1.88,-89.5,18.5,4.88,-0.04,-0.05,-0.21,167.56,177.0,55.33,52.93,218.0,212.0
1770324236668267732,286920,9.764,91.8,11.032,-191.5,2.68,1.41,-89.56,18.37,4.88,-0.01,0.16,0.01,11917.88,170.0,55.64,53.67,218.0,212.0
1770324236791149486,287041,10.288,111.4,10.828,-157.9,3.55,2.09,-89.56,18.25,4.88,-0.02,0.34,0.21,11923.19,175.0,54.98,52.19,218.0,212.0
1770324236922047190,287163,9.892,111.8,11.224,-151.2,2.34,1.76,-89.62,18.12,4.88,-0.11,-0.09,-0.04,174.07,175.0,52.39,50.52,218.0,212.0
1770324236991874418,287263,10.072,138.0,10.984,-139.4,2.79,2.52,-89.56,18.0,4.75,-0.05,0.04,-0.02,213.0,171.0,52.24,49.12,218.0,212.0
1770324237090181402,287364,10.16,151.3,10.996,-129.9,2.7,3.5,-89.31,17.87,4.69,-0.35,-0.29,0.14,183.5,171.0,54.64,46.58,218.0,212.0
1770324237192610490,287464,10.056,191.4,10.992,-255.6,4.32,2.77,-89.0,17.81,4.56,-0.1,-0.07,0.24,197.57,174.0,47.22,44.86,218.0,214.0
1770324237290914028,287564,10.804,150.2,10.364,-207.0,3.57,2.42,-88.87,17.94,4.56,0.02,0.03,-0.24,225.69,179.0,42.94,47.15,220.0,214.0
1770324237389165506,287664,10.904,98.3,10.876,-244.5,3.85,1.64,-88.81,18.06,4.5,-0.02,-0.08,-0.11,177.85,179.0,46.58,51.06,220.0,214.0
1770324237512090775,287763,11.068,0.0,11.108,-141.3,2.68,2.27,-88.81,18.12,4.5,0.03,0.02,-0.14,11924.05,181.0,52.15,50.24,220.0,214.0
1770324237610409222,287884,10.576,131.2,11.016,0.0,3.09,2.46,-88.87,18.06,4.5,0.05,0.02,0.07,172.19,183.0,53.89,50.52,220.0,214.0
1770324237712823438,287984,9.56,116.8,11.22,-144.7,3.11,2.44,-89.06,17.94,4.56,-0.09,0.08,-0.09,169.44,183.0,52.3,53.18,220.0,214.0
1770324237811138996,288084,10.448,102.1,10.796,-156.6,3.05,1.82,-89.19,17.75,4.63,-0.08,0.08,-0.03,194.48,180.0,54.81,54.02,220.0,214.0
1770324237922049906,288183,10.348,142.3,11.2,-185.8,3.22,1.64,-89.25,17.69,4.63,-0.09,0.01,-0.02,172.01,180.0,54.69,52.95,220.0,214.0
1770324238007682419,288282,10.552,100.2,10.884,-183.6,2.66,1.54,-89.19,17.69,4.56,0.09,0.13,-0.11,195.85,180.0,52.85,51.06,220.0,214.0
1770324238142902749,288381,11.216,156.3,10.892,-205.7,3.52,3.05,-89.12,17.56,4.5,-0.02,0.02,0.07,11926.8,183.0,52.45,49.56,220.0,214.0
1770324238241244267,288515,10.808,107.8,10.684,-168.4,2.79,2.11,-89.0,17.31,4.31,-0.08,0.12,-0.09,176.65,183.0,51.61,51.61,220.0,214.0
1770324238343607325,288615,10.84,129.8,11.036,-234.2,4.04,2.09,-88.69,17.31,4.25,-0.13,-0.14,0.22,170.81,183.0,49.27,45.69,220.0,214.0
1770324238441875633,288715,10.54,132.9,11.252,-256.9,4.67,2.42,-88.5,17.37,4.19,0.06,-0.18,0.01,175.62,187.0,43.28,44.07,220.0,214.0
1770324238544322847,288816,10.204,159.3,11.044,-201.4,3.18,1.82,-88.37,17.5,4.13,-0.1,-0.03,0.02,164.47,188.0,44.19,48.36,220.0,214.0
1770324238667184863,288916,10.856,135.3,11.284,-159.7,3.22,2.62,-88.37,17.62,4.13,0.19,0.02,-0.13,11927.83,187.0,51.02,50.52,220.0,214.0
1770324238785999170,289041,11.132,111.2,11.148,-155.3,2.71,2.58,-88.56,17.62,4.19,0.04,0.11,0.14,11924.57,187.0,51.65,50.95,220.0,214.0
1770324238884388044,289157,10.676,104.8,10.904,-143.4,3.05,2.15,-88.75,17.5,4.25,-0.04,-0.04,0.15,183.5,187.0,52.43,50.84,220.0,214.0
1770324239082045749,289257,10.648,99.6,11.304,-141.8,3.3,1.66,-88.87,17.37,4.31,-0.3,0.0,-0.06,11917.54,188.0,55.8,53.81,220.0,214.0
1770324239130076327,289378,9.548,98.8,11.156,-205.4,3.18,2.11,-88.94,17.37,4.31,0.12,0.23,-0.03,11918.91,190.0,53.84,54.53,220.0,214.0
1770324239244735354,289504,10.78,126.9,11.356,-152.1,2.42,2.62,-88.94,17.37,4.31,0.0,0.12,0.07,11926.62,190.0,53.52,49.95,220.0,214.0
1770324239347175154,289618,10.932,114.1,10.928,-180.0,3.22,2.27,-88.75,17.25,4.25,0.02,0.04,-0.03,241.3,192.0,51.82,48.58,220.0,214.0
1770324239470030831,289718,11.056,117.2,11.232,-146.5,2.62,2.15,-88.62,17.19,4.25,-0.11,-0.03,0.0,11935.89,190.0,50.72,48.26,220.0,216.0
1770324239568350805,289841,10.404,129.7,11.272,-244.7,4.12,2.38,-88.31,17.19,4.13,-0.06,0.11,-0.05,196.88,190.0,43.0,46.58,220.0,216.0
1770324239691249263,289941,10.848,127.7,10.76,-237.7,3.79,2.01,-88.19,17.31,4.06,-0.16,0.1,0.17,11935.03,195.0,44.49,48.32,222.0,216.0
1770324239798046261,290064,11.068,154.9,11.276,-204.7,3.46,2.36,-88.12,17.5,4.0,0.07,0.0,-0.12,187.79,199.0,49.25,47.66,222.0,216.0
1770324239912446693,290164,10.412,119.1,10.844,-144.0,3.13,1.95,-88.12,17.56,4.0,0.13,0.07,-0.02,11925.25,196.0,53.63,51.63,222.0,216.0
1770324240014874732,290285,9.928,118.7,10.672,-184.3,2.52,2.13,-88.31,17.44,4.06,-0.16,0.01,0.18,192.77,196.0,53.75,51.96,222.0,216.0
1770324240113186034,290385,10.832,87.1,11.252,-157.1,2.5,1.62,-88.44,17.31,4.13,0.09,0.04,-0.07,181.79,198.0,54.81,54.81,222.0,216.0
1770324240211458888,290485,11.336,104.2,11.324,-130.0,2.25,1.72,-88.5,17.25,4.13,-0.19,0.0,-0.03,189.34,198.0,57.33,53.75,222.0,216.0
1770324240313903647,290584,10.224,90.8,10.2,-175.9,2.89,1.89,-88.5,17.25,4.19,0.3,-0.07,0.06,200.31,201.0,55.33,55.33,222.0,216.0
1770324240436741501,290684,10.768,159.5,11.384,-158.8,3.03,2.7,-88.5,17.19,4.19,-0.02,0.02,0.1,11920.79,199.0,55.31,51.82,222.0,216.0
1770324240555545740,290806,10.312,133.1,11.236,-141.5,2.7,2.58,-88.31,17.06,4.13,-0.13,-0.03,-0.07,11918.22,198.0,54.53,53.15,222.0,216.0
1770324240670264933,290928,11.156,147.1,11.052,-187.0,3.05,1.97,-88.19,17.0,4.06,-0.16,-0.13,0.02,11936.57,198.0,46.13,48.33,222.0,216.0
1770324240793140364,291041,10.764,169.6,11.16,-211.8,3.75,2.97,-88.06,17.12,4.06,-0.08,0.05,0.04,11939.66,196.0,43.51,49.12,222.0,216.0
1770324241002049718,291164,10.7,113.8,9.996,-193.4,3.38,2.05,-88.06,17.37,4.06,0.02,-0.06,-0.26,11926.28,196.0,49.98,49.98,222.0,216.0
1770324241018434700,291289,10.592,128.4,11.044,-151.7,2.25,2.56,-88.0,17.5,4.06,0.01,0.07,0.01,204.6,196.0,56.14,49.12,222.0,216.0
1770324241116748849,291389,10.016,93.7,11.3,-176.7,2.64,2.09,-88.06,17.37,4.06,0.01,0.1,0.03,192.08,200.0,56.4,52.43,222.0,216.0
1770324241219168415,291489,10.396,110.4,11.168,-129.7,2.64,1.6,-88.06,17.19,4.19,-0.09,-0.02,0.03,197.74,201.0,56.42,53.89,222.0,216.0
1770324241321563424,291590,9.628,90.8,11.164,-113.3,2.19,1.66,-88.06,17.06,4.25,-0.2,0.1,-0.01,191.39,201.0,57.33,54.64,222.0,216.0
1770324241419867109,291690,10.72,111.5,10.9,-120.3,2.01,1.76,-88.06,17.06,4.31,-0.12,0.05,0.06,195.51,199.0,56.92,53.8,222.0,216.0
1770324241518135551,291790,10.86,119.8,11.172,-184.9,2.44,2.44,-88.06,17.06,4.25,0.02,0.03,-0.04,201.86,199.0,55.54,53.75,222.0,216.0
1770324241620597695,291890,10.56,150.9,11.168,-151.9,2.11,2.34,-87.87,17.0,4.31,-0.22,0.02,-0.07,203.57,199.0,55.33,52.13,222.0,216.0
1770324241718885471,291990,9.764,104.6,11.24,-132.9,3.01,1.91,-87.69,16.94,4.31,-0.25,0.18,0.0,211.97,200.0,53.89,49.68,222.0,216.0
1770324241841778546,292090,11.144,143.5,11.096,-236.8,4.32,2.75,-87.44,16.94,4.44,0.02,-0.04,-0.09,11940.34,198.0,46.78,47.27,224.0,218.0
1770324241950178094,292212,11.292,130.9,11.104,-184.4,3.3,2.34,-87.19,17.0,4.5,-0.2,-0.04,0.24,215.75,198.0,43.0,44.79,224.0,218.0
1770324242042490554,292313,11.136,136.6,10.856,-149.1,3.38,2.38,-87.19,17.12,4.56,-0.08,0.07,-0.12,192.59,198.0,50.84,50.84,224.0,218.0
1770324242140765603,292413,9.66,124.2,10.916,-180.4,3.07,1.89,-87.12,17.12,4.63,0.0,0.08,-0.04,191.91,198.0,55.54,56.44,224.0,218.0
1770324242243200592,292513,11.152,120.3,10.9,-128.4,3.05,2.62,-87.25,17.0,4.75,0.07,0.27,0.07,207.69,199.0,55.87,58.23,224.0,218.0
1770324242366051639,292613,10.236,102.8,11.028,0.0,1.68,1.99,-87.44,16.75,5.06,-0.15,-0.01,-0.03,11907.76,192.0,58.45,61.42,224.0,218.0
1770324242484829754,292736,9.54,0.0,11.128,-143.5,1.99,1.97,-87.5,16.5,5.5,-0.36,-0.1,-0.09,11903.99,194.0,57.76,61.94,224.0,218.0
1770324242607752029,292854,10.484,105.9,11.216,-131.4,2.68,2.89,-87.62,16.5,5.75,0.07,-0.02,0.02,11910.5,191.0,56.84,61.75,224.0,218.0
1770324242726553183,292977,9.976,203.3,11.252,-172.6,3.26,2.46,-87.75,16.37,6.06,-0.05,-0.02,-0.15,11912.73,191.0,55.89,60.98,224.0,218.0
1770324242842051467,293097,10.696,175.1,11.044,-179.7,2.95,2.77,-87.81,16.25,6.5,0.21,-0.1,-0.12,200.48,192.0,53.58,58.18,224.0,218.0
1770324242927304650,293197,10.112,160.8,11.188,-225.9,3.95,2.62,-87.81,16.25,6.69,-0.02,0.09,-0.05,179.9,192.0,50.0,59.64,224.0,218.0
1770324243050151621,293297,11.152,163.7,10.852,-230.3,3.95,2.79,-88.06,16.37,6.88,-0.23,0.06,0.23,11916.85,193.0,48.39,60.98,224.0,218.0
1770324243148475003,293419,11.064,162.6,11.308,-187.7,3.5,3.01,-88.44,16.56,7.06,0.06,0.13,-0.05,192.59,190.0,51.82,61.53,224.0,218.0
1770324243250880077,293519,10.6,175.4,10.212,-139.5,3.34,1.68,-88.87,16.44,7.19,0.14,-0.01,-0.26,172.36,190.0,54.38,62.28,224.0,218.0
1770324243349155584,293619,9.86,168.9,11.188,-135.7,2.68,2.48,-89.44,16.25,7.31,-0.09,0.0,0.22,183.5,187.0,56.4,64.35,224.0,218.0
1770324243451566585,293720,10.484,121.0,10.856,-150.1,2.29,2.44,-89.94,16.12,7.5,-0.13,0.0,-0.24,193.97,190.0,57.84,64.64,224.0,218.0
1770324243549853797,293820,10.824,159.8,10.948,-112.5,3.03,2.05,-90.25,16.0,7.63,-0.16,-0.07,-0.07,200.31,190.0,57.33,62.71,224.0,218.0
1770324243746048837,293920,9.84,170.2,11.292,-164.4,2.19,2.95,-90.56,15.94,7.69,-0.12,-0.05,-0.02,11916.33,190.0,54.71,57.56,224.0,218.0
1770324243836631202,294042,10.76,150.4,10.944,-185.1,3.42,1.84,-90.94,15.81,7.75,-0.02,-0.02,0.07,11919.08,189.0,54.03,56.84,224.0,220.0
1770324243959528118,294205,10.5,156.7,11.228,-208.0,3.79,3.11,-91.0,15.75,7.81,-0.33,0.06,0.09,11927.31,186.0,49.8,54.94,224.0,220.0
1770324244061915320,294329,11.032,123.4,11.044,-172.8,3.3,1.74,-91.12,16.06,7.81,-0.1,-0.09,-0.07,164.47,185.0,47.46,53.58,224.0,220.0
1770324244160223919,294429,10.968,118.9,10.616,-173.4,2.71,2.38,-91.31,16.25,7.81,0.02,-0.02,0.07,164.47,185.0,50.0,53.51,226.0,220.0
1770324244268576893,294530,10.34,138.3,10.46,-145.0,2.48,1.88,-91.62,16.37,7.81,-0.02,-0.01,-0.04,170.99,189.0,53.73,56.14,226.0,220.0
1770324244385465543,294630,11.248,142.8,10.752,-138.7,3.14,1.45,-91.94,16.31,7.88,-0.01,-0.02,-0.13,11914.45,184.0,55.97,56.96,226.0,220.0
1770324244508377158,294753,10.508,143.2,11.068,-141.2,2.75,1.68,-92.31,16.25,7.94,-0.06,-0.05,0.19,11915.65,186.0,55.22,56.6,226.0,220.0
1770324244623083107,294877,9.9,122.6,10.968,-144.0,2.71,1.95,-92.75,16.19,8.06,-0.12,-0.05,-0.14,11921.31,186.0,55.66,55.66,226.0,220.0
1770324244734045429,294992,9.644,121.3,10.928,-137.6,2.95,2.48,-93.0,16.12,8.19,-0.07,-0.1,-0.11,211.8,181.0,57.2,54.02,226.0,220.0
1770324244844278208,295092,10.568,132.7,11.0,-171.3,2.87,2.6,-93.12,16.12,8.25,0.05,0.07,-0.04,11931.43,175.0,53.63,50.12,226.0,220.0
1770324244946760766,295214,10.18,232.8,11.256,-142.7,3.34,3.32,-93.0,16.12,8.31,-0.01,0.06,-0.14,190.19,175.0,50.52,44.91,226.0,220.0
1770324245044995599,295314,11.284,179.7,10.908,-173.1,3.01,2.75,-92.69,16.12,8.25,-0.01,-0.07,0.02,177.16,174.0,52.24,44.44,226.0,220.0
1770324245147409406,295414,11.064,183.6,10.824,-222.4,3.11,2.75,-92.56,16.37,8.19,-0.46,0.12,-0.01,168.07,174.0,46.18,48.89,226.0,220.0
1770324245245709481,295515,10.616,111.9,10.724,-224.8,3.4,1.56,-92.56,16.69,8.13,0.02,0.04,-0.04,172.19,175.0,47.66,51.63,226.0,220.0
1770324245348091193,295615,10.108,140.1,11.344,-173.3,2.66,2.85,-92.62,16.81,8.06,-0.11,0.1,-0.06,179.9,172.0,49.19,49.19,226.0,220.0
1770324245466879459,295715,10.776,123.2,11.116,-145.2,2.4,2.52,-92.75,16.81,8.06,0.04,0.13,0.08,11919.59,170.0,53.99,50.52,226.0,220.0
1770324245595712120,295836,10.176,98.6,11.34,-170.9,2.89,1.54,-93.0,16.75,8.13,0.05,0.02,-0.06,11916.51,166.0,55.43,51.93,226.0,220.0
1770324245726051147,295956,10.788,95.3,11.308,-126.7,2.46,2.38,-93.12,16.62,8.13,-0.12,-0.02,-0.12,212.32,166.0,56.14,52.39,226.0,220.0
1770324245786406684,296056,10.596,128.8,10.944,-175.7,2.77,2.68,-93.25,16.62,8.19,0.02,-0.15,-0.07,229.3,168.0,55.61,51.63,226.0,220.0
1770324245888832066,296156,10.612,109.1,10.832,-142.0,3.28,1.91,-93.25,16.56,8.19,-0.27,0.17,0.08,227.58,168.0,54.64,50.16,226.0,220.0
1770324245987115214,296256,10.916,114.3,11.304,-147.0,2.66,1.72,-93.19,16.56,8.19,0.01,0.03,-0.04,353.98,165.0,53.02,48.34,226.0,220.0
1770324246089525999,296356,10.448,134.0,11.124,-169.4,2.44,3.03,-93.0,16.5,8.13,0.04,-0.05,0.0,189.16,165.0,52.85,47.48,226.0,220.0
1770324246187836719,296456,11.056,191.1,10.84,-188.2,2.58,3.26,-92.62,16.44,8.0,-0.04,0.17,0.18,168.07,169.0,52.93,42.5,226.0,222.0
1770324246290201666,296556,9.9,143.8,11.176,-239.0,4.28,2.89,-92.31,16.56,7.94,-0.28,0.05,-0.11,168.76,166.0,45.85,40.85,226.0,222.0
1770324246388574187,296656,9.912,109.6,10.808,-231.4,4.04,2.27,-92.12,16.69,7.81,-0.33,0.29,0.33,172.87,166.0,43.43,46.09,228.0,222.0
1770324246486825198,296756,11.18,151.6,11.108,-230.7,3.89,2.44,-92.06,16.87,7.81,0.04,-0.02,-0.02,174.42,166.0,46.96,50.2,228.0,222.0
1770324246589232482,296856,10.584,139.3,11.296,-152.8,3.09,2.81,-92.12,16.94,7.75,0.08,0.08,-0.05,163.1,167.0,50.52,48.84,228.0,222.0
1770324246687568464,296955,10.024,122.3,11.004,0.0,3.03,2.23,-92.31,16.94,7.81,0.07,-0.07,0.4,163.1,167.0,52.85,51.96,228.0,222.0
1770324246806345298,297055,10.936,115.0,11.184,-163.4,2.34,1.64,-92.5,16.75,7.88,0.22,0.1,-0.14,11917.19,167.0,55.17,53.72,228.0,222.0
1770324246908766491,297176,10.728,131.1,11.24,-125.7,2.13,2.17,-92.62,16.62,7.88,-0.03,0.04,-0.17,183.16,166.0,57.79,54.49,228.0,222.0
1770324247007082526,297276,9.832,113.2,11.248,-170.1,2.77,1.66,-92.62,16.62,7.88,0.08,0.05,-0.08,159.5,166.0,55.54,52.85,228.0,222.0
1770324247109479787,297376,10.972,111.7,10.684,-127.4,2.44,1.97,-92.56,16.62,7.88,-0.01,-0.01,-0.04,171.33,167.0,55.09,50.37,228.0,222.0
1770324247207791317,297476,11.076,133.8,11.008,-129.5,2.66,2.3,-92.31,16.62,7.75,-0.01,0.02,-0.04,174.76,167.0,54.33,48.89,228.0,222.0
1770324247310199579,297576,10.584,136.0,10.86,-169.0,2.56,2.79,-91.94,16.62,7.63,-0.2,-0.04,-0.05,169.96,166.0,54.81,47.66,228.0,222.0
1770324247408471199,297676,10.864,173.8,11.28,-238.8,4.32,3.42,-91.44,16.69,7.5,0.08,0.0,-0.14,176.13,173.0,50.52,43.79,228.0,222.0
1770324247506780026,297776,11.18,209.7,10.788,-211.0,3.59,3.54,-91.06,16.81,7.38,-0.08,0.04,-0.01,179.22,173.0,44.37,43.46,228.0,222.0
1770324247609215456,297875,10.604,166.3,11.032,-237.8,3.89,2.79,-90.94,16.94,7.25,-0.13,0.22,-0.15,177.5,169.0,44.07,47.22,228.0,222.0
1770324247707520950,297975,10.568,120.4,10.916,-190.6,3.5,1.84,-90.75,17.06,7.19,-0.05,0.08,-0.02,177.5,172.0,49.68,50.52,228.0,222.0
1770324247818036128,298075,9.264,154.3,11.188,-167.4,2.07,2.89,-90.75,17.0,7.19,0.01,0.12,-0.02,172.7,172.0,53.42,49.8,228.0,222.0
1770324247908246446,298175,10.544,147.8,10.864,-156.4,2.01,2.66,-90.87,16.81,7.19,0.14,0.11,-0.04,169.27,171.0,54.81,50.84,228.0,222.0
1770324248046045453,298275,11.028,131.8,11.296,-142.6,2.32,2.19,-90.87,16.69,7.19,-0.02,0.0,-0.03,173.56,168.0,56.69,52.52,228.0,222.0
1770324248108962494,298375,10.988,106.4,11.268,-117.0,2.17,1.64,-90.87,16.62,7.19,-0.17,0.0,-0.21,164.47,168.0,57.04,54.33,228.0,222.0
1770324248207257353,298475,9.76,140.6,10.96,-178.7,2.36,2.32,-90.81,16.69,7.19,0.08,0.04,-0.1,173.39,176.0,55.87,53.51,228.0,222.0
1770324248309670907,298575,10.816,139.3,10.98,-148.3,2.27,2.54,-90.62,16.62,7.06,0.01,0.06,-0.1,172.7,176.0,55.58,52.21,228.0,222.0
1770324248407972100,298675,10.192,129.9,11.112,-150.0,2.25,2.48,-90.19,16.5,6.94,0.03,-0.06,0.17,168.41,176.0,55.54,50.16,228.0,222.0
1770324248506216159,298775,10.112,118.8,11.112,-168.8,2.62,2.23,-89.94,16.5,6.81,-0.02,-0.08,0.01,183.16,176.0,53.51,49.58,228.0,222.0
1770324248608691051,298875,10.592,155.8,10.676,-260.6,4.28,3.16,-89.56,16.56,6.69,-0.09,-0.05,-0.05,178.87,176.0,46.58,48.37,230.0,224.0
1770324248706995430,298975,10.572,185.4,11.028,-249.5,4.22,2.83,-89.44,16.69,6.69,0.01,0.13,0.1,213.17,173.0,44.49,48.46,230.0,224.0
1770324248906049520,299075,10.272,184.6,10.988,-165.4,2.62,3.13,-89.31,16.75,6.63,0.02,0.09,-0.07,11922.85,178.0,50.82,51.32,230.0,224.0
1770324248936393290,299203,10.548,173.4,11.072,-165.5,2.32,3.13,-89.19,16.75,6.63,-0.07,0.03,-0.12,174.59,178.0,52.26,49.36,230.0,224.0
1770324249038790417,299303,11.224,121.9,11.168,-128.1,2.79,2.07,-89.25,16.56,6.69,0.16,-0.14,-0.02,159.67,178.0,55.23,54.33,230.0,224.0
1770324249137095069,299404,10.544,139.2,10.644,-121.9,2.79,2.4,-89.25,16.37,6.75,0.01,0.14,-0.12,162.41,180.0,57.2,55.61,230.0,224.0
1770324249245456245,299504,10.52,110.4,11.04,-142.3,2.03,2.25,-89.31,16.31,6.75,-0.1,0.0,-0.16,165.33,180.0,57.61,55.84,230.0,224.0
1770324249337825774,299604,9.876,134.6,11.008,-129.4,2.89,1.78,-89.31,16.31,6.75,-0.14,-0.04,0.08,166.7,177.0,56.66,55.87,230.0,224.0
1770324249436052920,299704,10.764,141.5,11.016,-171.9,2.13,2.42,-89.25,16.19,6.69,0.11,-0.02,-0.11,209.4,175.0,55.29,54.44,230.0,224.0
1770324249558993921,299804,11.064,146.0,11.328,-126.2,3.2,2.34,-89.06,16.0,6.56,0.02,0.1,-0.07,11918.05,175.0,54.98,52.01,230.0,224.0
1770324249677834803,299925,10.02,164.2,11.336,-169.6,2.95,3.57,-88.87,15.94,6.5,0.01,-0.07,-0.07,11931.08,175.0,47.18,51.54,230.0,224.0
1770324249780215647,300045,9.98,201.9,11.216,-203.3,3.3,3.32,-88.62,15.94,6.38,-0.05,0.0,-0.08,177.67,176.0,43.66,49.9,230.0,224.0
1770324249878511595,300145,10.092,141.1,11.28,-227.6,3.71,2.77,-88.5,16.06,6.31,-0.03,0.03,-0.14,180.59,176.0,45.61,51.75,230.0,224.0
1770324249980918830,300246,9.768,166.5,10.692,-135.8,2.4,2.52,-88.37,16.19,6.25,-0.05,0.1,-0.19,170.13,175.0,52.93,53.73,230.0,224.0
1770324250094051511,300346,10.848,169.9,11.18,-178.7,2.13,2.58,-88.37,16.12,6.25,0.03,0.04,-0.2,178.53,173.0,54.73,53.05,230.0,224.0
1770324250202108621,300446,10.364,156.1,11.244,-173.2,2.64,2.75,-88.44,15.94,6.25,0.08,-0.03,0.0,11907.76,172.0,57.12,56.14,230.0,224.0
1770324250300416640,300568,10.972,163.6,10.588,-155.2,1.89,2.81,-88.56,15.75,6.25,-0.07,0.04,0.08,186.42,172.0,56.14,56.14,230.0,224.0
1770324250402758848,300667,9.896,134.1,11.188,-125.5,2.23,2.79,-88.5,15.75,6.31,-0.05,-0.24,0.02,169.27,171.0,58.54,58.54,230.0,224.0
1770324250501120724,300767,10.716,142.4,10.844,-157.7,2.05,2.7,-88.5,15.69,6.25,0.04,0.09,-0.05,188.99,171.0,56.75,58.58,230.0,224.0
1770324250624040812,300867,10.052,209.2,10.78,-161.4,2.79,2.46,-88.5,15.56,6.19,-0.01,-0.01,-0.12,11910.16,164.0,56.46,57.41,230.0,224.0
1770324250722323681,300988,11.024,184.8,11.244,-136.9,2.54,3.5,-88.44,15.44,6.19,-0.12,-0.09,0.14,229.47,167.0,53.44,56.68,230.0,224.0
1770324250820587253,301088,10.752,209.4,10.964,-213.2,3.89,2.91,-88.37,15.44,6.13,-0.09,-0.05,-0.06,227.24,167.0,48.89,57.04,232.0,226.0
1770324250923025209,301189,10.712,184.9,11.296,-211.1,3.11,3.07,-88.44,15.63,6.06,0.08,0.08,0.06,168.76,162.0,46.87,57.99,232.0,226.0
1770324251034046768,301289,9.932,197.3,10.908,-164.0,2.48,3.55,-88.44,15.75,6.0,0.23,-0.03,-0.25,163.95,164.0,49.19,58.36,232.0,226.0
1770324251123765217,301389,10.312,169.7,11.26,-154.1,2.93,3.16,-88.44,15.81,6.0,0.19,0.09,-0.49,169.79,164.0,53.18,57.61,232.0,226.0
1770324251222053473,301490,9.52,169.5,10.768,-152.7,2.17,3.07,-88.56,15.69,6.0,-0.01,0.05,-0.17,176.65,160.0,55.61,60.37,232.0,226.0
1770324251324474350,301590,10.812,185.0,10.96,-126.7,1.91,2.68,-88.75,15.5,6.06,-0.05,0.08,-0.11,177.5,165.0,57.53,62.53,232.0,226.0
1770324251447320223,301690,10.836,196.3,11.208,-147.4,2.11,2.83,-88.94,15.44,6.13,-0.14,-0.13,-0.16,11909.47,170.0,58.6,62.54,232.0,226.0
1770324251570259549,301813,10.532,192.8,11.168,-122.2,3.2,3.03,-89.0,15.31,6.13,-0.27,-0.09,0.11,11914.96,170.0,54.92,60.77,232.0,226.0
1770324251693120091,301936,10.54,237.1,11.28,-185.8,3.03,2.6,-89.12,15.19,6.0,0.0,0.05,0.1,11916.16,172.0,52.63,59.86,232.0,226.0
1770324251791439534,302057,10.252,235.6,11.248,-151.6,2.32,4.24,-88.94,15.06,5.81,-0.43,0.01,0.19,160.35,175.0,51.82,53.44,232.0,226.0
1770324251893841169,302157,10.88,201.7,10.952,-186.5,3.44,2.77,-88.75,15.19,5.75,-0.31,-0.18,0.61,154.69,175.0,51.41,56.73,232.0,226.0
1770324252006048398,302258,10.856,169.6,10.84,-160.7,2.89,3.26,-88.75,15.38,5.75,0.0,0.01,-0.06,161.72,180.0,49.72,60.95,232.0,226.0
1770324252094553873,302358,10.472,215.2,10.892,-161.6,2.58,2.54,-88.87,15.56,5.63,0.04,-0.01,0.08,172.01,180.0,50.02,63.36,232.0,226.0
1770324252213307365,302458,10.78,193.6,10.856,-179.8,3.03,2.7,-88.87,15.5,5.5,0.12,0.19,-0.04,11905.7,184.0,53.67,63.03,232.0,226.0
1770324252332101508,302580,9.612,184.7,11.02,-136.9,2.34,2.66,-89.25,15.44,5.44,0.1,0.05,0.04,11908.79,184.0,53.92,65.0,232.0,226.0
1770324252434495880,302698,10.908,145.9,11.176,-174.2,2.73,2.95,-89.69,15.25,5.38,-0.04,0.09,-0.05,175.27,183.0,54.66,62.05,232.0,226.0
1770324252532811041,302798,10.476,168.3,11.172,-116.9,2.64,3.44,-90.06,15.0,5.31,-0.15,-0.1,0.1,170.3,183.0,56.44,62.71,232.0,226.0
1770324252635245064,302899,10.0,245.1,11.028,-132.7,2.99,2.99,-90.37,14.81,5.19,0.08,0.04,-0.29,167.56,189.0,55.61,60.37,232.0,226.0
1770324252786047593,302999,11.248,243.0,10.88,-182.4,3.2,3.42,-90.31,14.75,5.19,0.19,0.0,-0.06,166.18,187.0,51.69,55.02,232.0,228.0
1770324252835963228,303099,11.012,253.9,11.032,-175.5,2.42,2.73,-90.37,14.75,5.19,0.0,-0.17,0.49,165.5,187.0,51.06,56.44,232.0,228.0
1770324252934268241,303199,10.496,171.5,11.08,-146.3,3.16,3.26,-90.44,14.75,5.19,-0.08,0.01,0.19,195.51,188.0,53.22,57.99,232.0,228.0
1770324253032584551,303299,10.728,147.8,10.748,-214.5,3.46,2.87,-90.69,15.0,5.06,0.16,-0.06,0.01,181.62,188.0,52.51,60.66,232.0,228.0
1770324253173720085,303399,10.452,208.1,11.312,-207.3,3.32,3.26,-90.94,15.06,4.94,0.08,0.0,0.14,11916.51,191.0,51.97,59.66,234.0,228.0
1770324253266065988,303531,11.208,214.2,11.288,-153.6,2.77,2.87,-91.0,15.0,4.81,-0.04,-0.01,0.0,178.7,194.0,55.22,59.36,234.0,228.0
1770324253364338273,303631,10.436,193.0,10.62,-138.6,2.25,2.54,-91.06,15.0,4.81,-0.1,0.19,0.12,171.67,200.0,55.58,61.47,234.0,228.0
1770324253466738549,303731,10.98,148.4,11.3,-164.3,3.22,3.07,-91.31,14.88,4.81,0.06,-0.06,0.11,179.39,200.0,54.95,60.27,234.0,228.0
1770324253589691349,303831,10.064,169.5,11.06,-157.1,2.23,2.27,-91.56,14.63,4.88,0.09,-0.07,-0.14,11913.59,199.0,57.41,59.33,234.0,228.0
1770324253712540048,303954,10.484,221.8,11.028,-189.6,3.22,3.61,-91.81,14.38,4.88,0.29,0.2,-0.21,11922.34,202.0,53.22,54.56,234.0,228.0
1770324253914045308,304077,10.444,241.5,11.32,-155.1,3.11,3.98,-91.81,14.31,4.75,-0.07,0.13,0.2,11923.88,205.0,51.5,54.98,234.0,228.0
1770324253958314934,304198,11.132,161.1,11.176,-164.9,2.38,3.28,-91.81,14.38,4.69,-0.36,0.03,-0.15,11907.42,211.0,54.77,61.61,234.0,228.0
1770324254077104517,304322,10.228,158.2,11.332,-147.8,3.22,2.38,-92.25,14.75,4.56,-0.12,0.16,-0.15,11912.05,211.0,53.98,63.33,234.0,228.0
1770324254179514679,304442,11.296,157.8,11.28,-148.8,3.38,2.6,-92.62,14.88,4.31,0.06,0.0,-0.03,177.85,216.0,54.58,60.81,234.0,228.0
1770324254302401841,304542,10.948,177.6,11.116,-143.3,3.38,2.95,-92.75,14.88,4.25,-0.08,-0.02,0.08,11913.76,224.0,54.2,59.52,234.0,228.0
1770324254425250518,304665,10.796,186.0,11.316,-147.9,2.27,2.32,-92.81,14.88,4.19,-0.02,0.03,0.07,11912.05,228.0,55.67,59.15,234.0,228.0
1770324254523552061,304788,10.36,147.2,10.8,-147.4,2.91,3.07,-93.0,14.69,4.25,-0.1,0.06,0.13,154.52,228.0,54.92,56.75,234.0,228.0
1770324254646470576,304888,10.52,139.4,10.704,-127.6,2.64,3.22,-93.12,14.5,4.31,0.12,-0.06,-0.38,11917.02,229.0,56.14,57.09,234.0,228.0
1770324254775290879,305010,10.488,191.3,11.084,-165.8,2.75,2.64,-93.12,14.25,4.44,-0.16,-0.08,-0.2,11920.11,228.0,54.03,54.73,234.0,230.0
1770324254884059663,305131,10.864,180.4,10.272,-172.9,2.52,2.6,-93.0,14.25,4.38,-0.09,0.04,0.03,11918.39,228.0,52.99,56.62,234.0,230.0
1770324255006941750,305247,9.848,161.4,11.268,-156.4,2.6,2.3,-92.94,14.38,4.25,0.16,0.18,-0.12,11914.28,232.0,55.67,59.85,234.0,230.0
1770324255109349909,305371,10.736,166.8,11.228,-163.2,2.29,1.88,-93.12,14.56,4.13,0.15,0.0,0.1,183.5,233.0,55.64,60.15,234.0,230.0
1770324255207662246,305471,10.38,131.1,10.972,-180.8,2.52,2.89,-93.37,14.69,4.0,-0.06,-0.06,0.15,179.22,233.0,53.75,60.91,234.0,230.0
1770324255330537310,305571,9.58,174.5,10.548,-174.0,3.16,3.26,-93.44,14.69,3.88,-0.06,-0.12,0.1,11915.31,239.0,53.76,58.99,236.0,230.0
1770324255457478638,305694,10.932,183.1,10.952,-178.1,2.71,2.44,-93.37,14.69,3.81,0.04,0.14,0.16,11912.39,236.0,55.67,59.15,236.0,230.0
1770324255576306940,305819,10.912,159.1,10.728,-123.0,2.85,2.77,-93.44,14.63,3.88,-0.12,-0.21,0.19,11912.56,236.0,56.59,56.59,236.0,230.0
1770324255699198672,305941,10.688,180.8,11.232,-130.1,2.17,2.71,-93.62,14.44,3.94,0.06,-0.15,-0.06,11919.59,237.0,56.37,52.19,236.0,230.0
1770324255813880629,306062,9.848,240.7,10.456,-175.7,2.95,3.2,-93.44,14.13,4.0,-0.4,-0.29,0.95,11916.85,237.0,54.7,53.26,236.0,230.0
1770324256114049665,306179,10.772,160.0,11.288,-175.8,2.66,2.7,-93.31,14.13,4.0,-0.17,0.03,0.04,11917.88,242.0,55.22,57.29,236.0,230.0
1770324256149777800,306300,10.768,129.3,10.152,-143.7,1.97,2.85,-93.31,14.38,3.88,-0.01,0.05,0.21,11911.7,237.0,55.91,57.98,236.0,230.0
1770324256182554134,306425,10.22,169.0,10.78,-113.6,2.75,3.09,-93.19,14.44,3.81,-0.03,-0.11,0.09,11910.5,236.0,57.72,59.08,236.0,230.0
1770324256297234143,306546,10.2,146.4,10.848,-182.2,2.93,2.68,-93.19,14.44,3.81,-0.01,-0.16,-0.19,11914.28,236.0,56.14,59.83,236.0,230.0
1770324256420071775,306661,10.428,160.4,11.036,-132.7,3.3,2.01,-93.19,14.44,3.75,-0.02,0.1,0.04,11912.05,241.0,54.77,58.19,236.0,230.0
1770324256547086568,306784,10.112,179.9,10.96,-119.1,2.58,2.3,-93.06,14.44,3.75,-0.12,-0.01,0.19,11914.62,238.0,56.6,55.91,236.0,230.0
1770324256750044929,306909,10.58,143.1,11.276,-154.5,1.95,2.5,-93.06,14.19,3.75,0.29,0.1,-0.1,11914.1,239.0,58.4,54.33,236.0,230.0
1770324256788794223,307030,9.72,236.1,11.088,-144.7,2.77,3.4,-92.94,13.88,3.94,0.24,-0.02,-0.2,11918.56,234.0,58.46,50.11,236.0,232.0
1770324256903476862,307150,10.288,215.9,10.392,-156.3,2.62,3.93,-92.44,13.56,4.13,-0.29,0.24,0.11,11921.14,234.0,57.11,51.25,236.0,232.0
1770324257026366089,307266,9.748,177.4,11.072,-186.0,2.3,2.66,-92.0,13.56,4.25,-0.12,0.21,0.11,11911.36,230.0,55.67,55.67,236.0,232.0
1770324257128766094,307390,9.608,144.9,10.32,-179.8,2.71,2.5,-91.69,13.69,4.25,0.21,-0.01,0.03,227.41,230.0,54.99,56.71,236.0,232.0
1770324257227089500,307490,10.352,141.6,10.712,-123.8,2.54,3.05,-91.37,13.69,4.25,0.04,0.02,-0.22,184.19,221.0,57.45,55.87,236.0,232.0
1770324257329489412,307590,10.324,185.3,11.124,-166.4,2.29,2.48,-91.0,13.56,4.44,0.08,-0.12,0.04,200.31,224.0,57.26,55.58,236.0,232.0
1770324257452327096,307690,10.516,159.8,11.204,-186.6,2.62,1.93,-90.62,13.44,4.56,0.09,-0.16,0.1,11912.56,218.0,53.99,58.45,238.0,232.0
1770324257567035289,307815,10.492,130.1,10.608,-182.7,3.3,2.58,-89.12,12.81,4.94,0.02,0.11,0.08,11912.05,218.0,54.95,57.8,238.0,232.0
1770324257689942552,307931,10.2,203.5,11.176,-175.1,2.99,2.3,-87.25,12.06,5.25,-0.03,0.33,0.09,11910.33,213.0,58.19,55.45,238.0,232.0
1770324257792358447,308054,10.296,197.7,11.244,-165.0,2.4,3.57,-85.75,11.06,6.06,0.11,0.15,-0.06,170.81,198.0,59.91,55.06,238.0,232.0
1770324257890695725,308154,10.392,224.1,10.64,-111.7,1.72,3.2,-84.37,9.94,7.31,0.65,0.0,-0.55,181.96,198.0,61.16,51.41,238.0,232.0
1770324258013545317,308254,10.008,249.2,11.008,-119.4,2.07,3.5,-82.56,8.44,9.19,0.17,0.33,0.05,11913.25,178.0,60.76,52.63,238.0,232.0
1770324258136434297,308377,10.4,303.3,11.004,-115.4,1.35,3.54,-81.19,6.06,11.63,-1.72,-1.4,0.23,11903.47,157.0,62.81,55.91,238.0,232.0
1770324258259317240,308499,10.892,249.0,9.828,-118.1,1.6,2.81,-80.37,6.63,11.5,0.02,0.35,-0.11,11899.01,146.0,61.43,60.05,238.0,232.0
1770324258382174588,308620,10.12,188.1,11.296,-142.8,1.86,4.02,-79.94,7.0,11.25,-0.02,0.06,0.01,11899.7,138.0,59.15,64.72,238.0,232.0
1770324258496863832,308745,11.148,202.1,11.12,-159.4,2.27,2.75,-79.75,7.13,11.0,-0.12,-0.18,-0.26,11896.44,138.0,58.02,66.51,238.0,232.0
1770324258599306985,308860,11.056,235.0,11.02,-130.0,2.19,3.09,-79.37,7.19,10.63,-0.36,0.01,0.09,137.03,140.0,56.68,66.39,238.0,232.0
1770324258697623000,308960,11.0,214.7,11.088,-150.7,2.85,3.83,-79.37,7.13,10.25,-0.04,0.01,-0.22,137.89,140.0,57.33,64.5,238.0,232.0
1770324258800020890,309060,10.432,240.4,10.972,-165.1,2.09,3.52,-79.5,7.0,9.88,-0.25,-0.01,0.01,152.46,142.0,56.66,66.1,238.0,232.0
1770324258898327311,309160,11.088,239.1,10.82,0.0,2.68,3.95,-79.62,7.0,9.5,0.15,-0.06,0.44,142.86,142.0,55.86,64.2,238.0,234.0
1770324259102058390,309260,9.824,254.4,10.86,-173.3,3.03,3.26,-79.62,7.0,9.25,-0.29,0.08,0.0,142.69,142.0,55.83,66.81,238.0,234.0
1770324259119540266,309360,10.252,245.0,11.264,-136.1,2.95,3.52,-79.62,7.13,8.88,-0.03,-0.12,-0.21,11894.21,143.0,56.3,72.66,238.0,234.0
1770324259246501100,309482,10.964,194.0,10.408,-160.8,2.91,2.66,-79.75,7.25,8.5,0.01,-0.02,0.25,11888.89,141.0,57.29,73.85,238.0,234.0
1770324259344788683,309607,11.16,239.4,11.24,-180.4,2.68,3.03,-79.62,7.19,8.13,0.0,-0.48,0.15,163.1,141.0,53.27,75.61,238.0,234.0
1770324259467664215,309706,9.812,203.2,10.844,-200.0,3.55,2.75,-79.62,7.13,7.75,0.0,-0.04,-0.04,11889.92,142.0,50.43,78.5,240.0,234.0
1770324259596508668,309829,10.796,212.8,11.156,-159.4,2.87,2.71,-79.75,6.94,7.19,0.04,0.0,0.0,11893.35,142.0,51.93,76.49,240.0,234.0
1770324259709365312,309950,10.912,255.3,11.18,-220.2,3.01,3.95,-79.87,6.75,6.63,-0.01,0.02,-0.18,11898.16,147.0,49.69,73.85,240.0,234.0
1770324259836357704,310072,10.98,189.9,10.824,-197.9,3.18,2.32,-80.31,6.31,6.31,-0.17,-0.03,0.45,11886.66,146.0,52.46,77.99,240.0,234.0
1770324259955151156,310196,10.936,208.6,11.324,-187.7,2.66,2.52,-80.69,6.25,6.0,0.06,-0.07,-0.04,11885.81,152.0,54.33,79.45,240.0,234.0
1770324260073929236,310318,10.424,199.7,11.212,-167.3,2.46,3.01,-80.75,6.19,5.63,-0.02,0.07,0.16,11888.04,152.0,54.95,77.78,240.0,234.0
1770324260200878639,310435,10.432,157.7,10.768,-220.7,3.4,2.11,-80.69,6.06,5.31,-0.01,-0.08,-0.13,11886.66,154.0,53.58,80.73,240.0,234.0
1770324260327915883,310564,10.22,193.9,11.16,-139.5,3.18,2.56,-81.06,5.88,5.0,-0.45,0.05,-0.08,11882.03,156.0,58.94,80.32,240.0,234.0
1770324260430256819,310689,10.852,181.6,11.416,-92.2,2.32,2.38,-82.06,6.25,5.13,0.19,0.06,0.03,162.41,156.0,63.15,80.7,240.0,236.0
1770324260544958669,310790,11.212,178.0,8.464,0.0,1.33,2.6,-82.87,6.44,5.19,0.76,0.21,-0.25,11875.52,154.0,64.36,79.85,240.0,236.0
1770324260647412799,310907,10.72,159.1,11.096,-135.9,2.01,2.32,-83.06,6.56,5.56,-0.13,-0.12,0.28,161.21,151.0,61.09,82.55,240.0,236.0
1770324260770336572,311007,10.844,168.3,11.076,-129.9,2.19,2.11,-83.0,6.56,5.75,-0.02,-0.02,0.08,11878.78,149.0,62.91,81.73,240.0,236.0
1770324261070047160,311132,10.384,229.3,11.02,-119.4,1.56,2.97,-83.12,6.5,5.88,-0.01,-0.13,0.21,11876.72,148.0,62.98,79.41,240.0,236.0
1770324261093869395,311250,9.796,189.4,11.032,-164.1,2.11,3.18,-83.25,6.5,5.88,0.0,-0.02,0.19,11888.38,148.0,58.35,77.56,240.0,236.0
1770324261122557219,311365,10.34,211.9,11.052,-172.4,3.01,2.3,-83.75,6.38,5.63,-0.2,0.07,0.14,11888.04,150.0,55.9,80.67,240.0,236.0
1770324261245439745,311485,10.828,207.7,11.164,-159.6,2.85,2.85,-84.56,6.19,5.38,0.06,0.05,-0.49,11883.41,152.0,54.03,82.1,240.0,236.0
1770324261368323864,311608,10.648,190.8,10.856,-146.8,2.27,2.34,-85.06,6.13,5.44,-0.2,-0.21,-0.17,11870.03,149.0,60.63,87.57,240.0,236.0
1770324261482957150,311731,10.888,164.1,11.352,-81.9,1.7,2.71,-85.06,6.13,5.63,0.11,-0.04,0.21,11870.37,149.0,62.8,85.63,242.0,236.0
1770324261605900403,311845,11.216,182.0,11.14,-89.6,1.64,1.72,-85.0,6.13,5.75,0.0,-0.07,0.39,11874.49,148.0,65.1,83.5,242.0,236.0
1770324261728789707,311967,9.48,168.8,10.716,-109.0,1.17,2.75,-85.12,6.13,5.75,0.02,0.03,-0.06,11876.37,149.0,68.07,78.59,242.0,236.0
1770324261922045181,312089,11.1,261.9,11.048,-93.4,0.94,2.85,-85.44,6.06,5.69,-0.01,0.16,0.39,11888.38,146.0,66.95,68.33,242.0,238.0
1770324261962285889,312210,10.364,323.7,10.84,-114.6,1.35,3.95,-86.19,6.06,5.63,-0.03,0.89,-1.64,11890.44,146.0,64.43,68.83,242.0,238.0
1770324262085163450,312323,10.848,257.8,11.244,-164.5,2.36,2.77,-86.62,6.06,5.69,0.35,0.01,0.65,11894.38,149.0,54.73,74.38,242.0,238.0
1770324262208047306,312444,9.22,173.3,10.676,-207.8,3.91,2.03,-86.5,5.88,5.94,-0.36,-0.05,-0.11,11895.93,150.0,52.19,76.55,242.0,238.0
1770324262330910568,312568,10.396,-27.2,11.212,-172.7,2.71,-3.13,-86.5,5.75,6.06,-0.26,-0.23,-0.33,11972.76,147.0,59.67,19.23,242.0,238.0
1770324262445565371,312691,11.484,17.4,11.416,-33.7,-0.55,1.27,-86.56,5.75,6.06,0.07,-0.07,-0.01,12041.01,147.0,27.09,0.0,242.0,238.0
1770324262568513251,312807,10.284,17.0,10.724,0.0,0.04,1.33,-86.56,5.75,6.06,0.02,0.0,0.03,12046.33,146.0,4.83,0.0,242.0,238.0
1770324262691395774,312929,9.504,16.3,11.368,-0.5,-0.55,1.33,-86.56,5.75,6.06,0.0,0.0,-0.01,12051.82,144.0,1.39,0.0,242.0,238.0
1770324262810172290,313053,10.996,16.3,10.912,-2.3,-0.64,1.23,-86.56,5.75,6.06,0.0,0.0,0.0,12050.62,144.0,0.0,242.0,238.0,
1770324262934928468,313171,10.4,16.2,10.416,-1.5,-0.64,1.27,-86.56,5.75,6.06,0.0,0.01,0.01,12052.85,144.0,0.0,242.0,238.0,
1770324263047747748,313287,10.832,17.5,11.26,-1.7,-0.66,1.31,-86.56,5.75,6.06,0.01,0.0,0.03,12052.85,145.0,0.0,242.0,238.0,
1770324263166553023,313407,10.76,17.0,10.84,-2.1,-0.7,1.31,-86.56,5.75,6.06,0.0,0.01,0.01,12052.68,143.0,0.0,242.0,238.0,
1770324263297635074,313528,11.28,16.2,10.688,-2.4,-0.64,1.21,-86.56,5.75,6.06,0.0,0.02,0.0,12050.96,147.0,0.0,242.0,238.0,
1770324263416381955,313658,10.78,16.4,10.904,-2.2,-0.76,1.35,-86.56,5.75,6.06,0.02,0.01,-0.05,12050.62,148.0,0.0,242.0,238.0,
1770324263531081648,313777,11.064,17.2,10.62,-2.4,-0.59,1.23,-86.56,5.75,6.06,0.0,0.01,0.0,12052.5,148.0,0.0,242.0,238.0,
1770324263649885460,313890,11.004,16.5,11.376,-2.5,-0.76,1.21,-86.56,5.75,6.06,0.0,0.02,0.0,12050.96,145.0,0.0,242.0,238.0,
1770324263950048361,314011,11.46,16.4,11.312,-2.7,-0.78,1.35,-86.56,5.75,6.06,0.0,-0.01,0.02,12048.56,140.0,0.0,242.0,238.0,
1770324263981674427,314132,11.028,16.8,11.16,-1.8,-0.78,1.29,-86.56,5.75,6.06,0.0,0.03,0.0,12048.39,149.0,0.0,242.0,238.0,
1770324264010384251,314253,10.796,17.0,10.168,-2.2,-0.74,1.31,-86.56,5.75,6.06,0.0,0.0,0.0,12048.39,149.0,0.0,242.0,238.0,
1770324264129162262,314369,11.236,16.5,10.884,-2.9,-0.66,1.27,-86.56,5.75,6.06,0.0,-0.01,0.01,12049.59,144.0,0.0,242.0,238.0,
1770324264252031629,314487,10.632,16.5,10.64,-1.9,-0.72,1.25,-86.56,5.75,6.06,0.0,0.02,0.0,12048.22,145.0,0.0,242.0,238.0,
1770324264370816640,314610,10.068,17.0,11.116,-1.9,-0.57,1.45,-86.56,5.75,6.06,-0.01,0.02,0.0,12049.25,145.0,0.0,242.0,238.0,
1770324264481391656,314729,11.468,16.8,11.272,-1.7,-0.61,1.17,-86.56,5.75,6.06,0.0,0.0,0.04,12050.62,145.0,0.0,242.0,238.0,
1770324264600203724,314841,10.244,17.9,11.408,-2.4,-0.78,1.29,-86.56,5.75,6.06,0.01,0.02,0.01,12048.9,146.0,0.0,242.0,238.0,
1770324264719013311,314959,10.804,17.5,11.104,-2.1,-0.64,1.45,-86.56,5.75,6.06,0.01,0.03,0.03,12038.96,146.0,0.0,242.0,238.0,
1770324264918054529,315078,11.112,16.2,10.78,-1.8,-0.68,1.35,-86.56,5.75,6.06,0.01,0.03,0.01,12050.62,146.0,0.0,242.0,238.0,
1770324264956596871,315202,10.684,17.0,11.4,-1.9,-0.7,1.39,-86.56,5.75,6.06,0.0,0.02,0.01,12049.76,146.0,0.0,242.0,238.0,
1770324265075385936,315314,11.368,15.7,10.98,-1.7,-0.72,1.31,-86.56,5.75,6.06,0.0,0.01,-0.01,12049.08,145.0,0.0,242.0,238.0,
1770324265194171519,315433,9.916,17.5,11.324,-2.4,-0.7,1.37,-86.56,5.75,6.06,0.01,0.02,0.02,12048.9,145.0,0.0,242.0,238.0,
1770324265317062034,315552,9.68,16.3,11.352,-2.3,-0.84,1.31,-86.56,5.75,6.06,0.0,0.0,0.0,12049.59,147.0,0.0,242.0,238.0,
1770324265431709162,315676,10.924,15.8,11.208,-2.1,-0.76,1.23,-86.56,5.75,6.06,0.02,0.0,0.02,12049.25,147.0,0.0,242.0,238.0,
1770324265550511486,315791,10.328,15.2,10.924,-2.1,-0.7,1.39,-86.56,5.75,6.06,0.0,0.0,-0.01,12049.25,145.0,0.0,242.0,238.0,
1770324265669330905,315910,10.496,17.1,11.22,-1.6,-0.74,1.33,-86.56,5.75,6.06,0.01,0.0,0.0,12048.05,143.0,0.0,242.0,238.0,
1770324265796184174,316029,11.208,16.6,11.4,-2.7,-0.66,1.29,-86.56,5.75,6.06,0.0,0.01,0.02,12048.05,143.0,0.0,242.0,238.0,
1770324265906906625,316152,10.608,17.5,11.32,-2.2,-0.74,1.17,-86.56,5.75,6.06,0.0,0.02,0.02,12050.28,143.0,0.0,242.0,238.0,
1770324266025689762,316265,11.34,16.1,11.42,-2.3,-0.64,1.37,-86.56,5.75,6.06,0.0,-0.01,0.0,12049.42,144.0,0.0,242.0,238.0,
1770324266144552478,316385,11.284,17.2,11.276,-2.4,-0.66,1.29,-86.56,5.75,6.06,0.0,0.02,0.01,12047.19,146.0,0.0,242.0,238.0,
1770324266267370558,316504,11.268,17.5,11.384,-2.4,-0.64,1.33,-86.56,5.75,6.06,0.0,0.0,-0.01,12047.02,147.0,0.0,242.0,238.0,
1770324266390199195,316624,10.336,15.8,10.584,-2.5,-0.63,1.25,-86.56,5.75,6.06,0.0,0.03,-0.01,12048.39,147.0,0.0,242.0,238.0,
1770324266513108857,316750,10.688,17.4,11.176,-0.9,-0.61,1.25,-86.56,5.75,6.06,-0.01,0.01,-0.01,12048.73,145.0,0.0,242.0,238.0,
1770324266631941960,316870,10.916,17.5,10.824,-1.5,-0.72,1.27,-86.56,5.75,6.06,-0.01,0.0,0.0,12047.7,148.0,0.0,242.0,238.0,
1770324266830046572,316990,10.956,8.6,11.072,-2.3,-0.68,0.66,-86.56,5.75,6.06,-0.02,0.01,0.14,12046.16,146.0,0.0,0.71,242.0,238.0
1770324266869520231,317111,11.108,4.7,11.336,-2.1,-0.8,-0.02,-86.56,5.75,6.06,0.01,-0.05,0.19,12049.59,146.0,0.0,242.0,238.0,
1770324266988281808,317227,11.336,4.4,11.328,-2.4,-0.72,0.0,-86.56,5.75,6.06,-0.01,0.04,0.0,12048.56,147.0,0.0,242.0,238.0,
1770324267111162540,317348,9.708,4.0,10.676,-2.0,-0.74,-0.04,-86.5,5.69,6.06,-0.01,0.02,0.0,12048.39,146.0,0.0,242.0,238.0,
1770324267234076959,317469,10.628,4.8,11.344,-2.4,-0.59,-0.1,-86.5,5.69,6.06,-0.03,0.13,-0.16,12049.25,146.0,0.0,242.0,238.0,
1770324267348795866,317591,11.38,4.6,11.3,-2.2,-0.68,0.0,-86.5,5.69,6.06,-0.11,-0.02,0.16,12052.85,146.0,0.0,242.0,238.0,
1770324267471614463,317708,10.3,4.6,11.34,-2.1,-0.72,-0.04,-86.44,6.0,6.06,-0.21,0.0,0.15,12053.02,144.0,0.0,242.0,238.0,
1770324267586357872,317829,9.7,4.4,8.464,0.0,-0.59,-0.1,-86.0,8.13,5.56,0.07,-0.26,0.9,12053.53,150.0,0.0,242.0,238.0,
1770324267705137226,317943,10.624,4.5,11.328,-0.9,-0.82,-0.12,-86.0,11.25,4.25,0.69,0.46,0.3,12052.16,177.0,0.0,242.0,238.0,
1770324267823935619,318062,11.168,4.4,11.064,-2.3,-0.57,0.04,-86.94,10.5,3.63,0.49,1.07,1.13,12051.82,217.0,0.0,242.0,238.0,
1770324267954043282,318182,9.716,3.5,10.456,-2.7,-0.72,0.04,-88.62,10.44,4.44,0.25,0.76,0.37,12053.71,217.0,0.0,242.0,238.0,
1770324268061504458,318298,10.064,4.5,11.336,-2.4,-0.66,-0.02,-89.25,8.31,5.0,0.22,0.63,-2.37,12052.33,268.0,0.0,242.0,238.0,
1770324268180302052,318417,10.812,4.2,10.524,-2.7,-0.66,-0.02,-88.87,4.38,5.38,-1.25,0.68,-1.74,12051.99,307.0,0.0,242.0,238.0,
1770324268295052145,318536,10.436,4.4,11.036,-2.2,-0.76,-0.12,-88.0,4.06,5.75,-0.37,0.49,-0.49,12052.16,307.0,0.0,242.0,238.0,
1770324268413740582,318652,9.344,4.4,11.068,-1.3,-0.57,-0.08,-88.62,4.69,4.63,-1.38,-1.48,1.0,12051.65,292.0,0.0,242.0,238.0,
1770324268532543677,318772,10.492,4.6,8.464,0.0,-0.63,-0.02,-90.12,5.69,2.63,0.76,-0.59,1.41,12052.85,269.0,0.0,242.0,238.0,
1770324268651351735,318891,10.116,4.8,10.956,-1.9,-0.72,-0.1,-90.19,5.69,-0.37,0.75,-0.95,-0.39,12051.13,273.0,0.0,242.0,238.0,
1770324268850043110,319009,10.38,3.9,10.412,-1.8,-0.64,-0.08,-89.56,5.88,-2.38,-0.75,-0.72,0.79,12051.3,259.0,0.0,242.0,238.0,
1770324268884846121,319129,11.212,4.9,10.952,-2.2,-0.66,-0.16,-89.25,8.38,-0.56,-0.71,-0.86,-0.05,12052.16,259.0,0.0,242.0,238.0,
1770324268987264878,319243,11.144,5.2,10.736,-2.0,-0.66,-0.14,-89.5,12.38,0.0,-0.21,0.21,-0.33,235.98,233.0,0.0,242.0,238.0,
1770324269085560125,319342,10.56,4.9,11.42,-2.1,-0.55,-0.1,-89.62,15.25,1.0,1.84,0.67,-0.17,236.33,233.0,0.0,242.0,238.0,
1770324269183878189,319442,11.104,5.1,8.464,0.0,-0.63,0.06,-89.69,15.13,2.38,-0.05,-0.39,-0.26,228.61,227.0,0.0,242.0,238.0,
1770324269286246662,319542,9.656,4.4,10.984,-2.2,-0.59,-0.12,-89.75,15.06,3.0,0.26,-0.32,-0.21,220.03,227.0,0.0,242.0,238.0,
1770324269384541149,319642,11.124,4.0,8.464,0.0,-0.57,-0.16,-89.75,15.06,2.75,0.1,0.29,-0.04,216.43,211.0,0.0,242.0,238.0,
1770324269486938366,319742,10.984,4.8,8.464,0.0,-0.61,-0.02,-89.75,15.06,2.81,0.02,0.0,-0.04,223.81,212.0,0.0,242.0,238.0,
1770324269585334899,319842,10.836,5.0,8.464,0.0,-0.76,0.06,-89.75,15.06,2.81,0.0,-0.02,-0.03,224.84,212.0,0.0,242.0,238.0,
1770324269693658272,319942,10.128,5.6,8.464,0.0,-0.8,0.12,-89.75,15.06,2.81,0.0,0.0,-0.06,225.01,215.0,0.0,242.0,238.0,
1770324269786009119,320043,10.104,5.3,8.464,0.0,-0.57,0.08,-89.75,15.06,2.81,0.0,0.0,-0.05,224.84,209.0,0.0,242.0,238.0,
1770324269894366903,320143,10.676,4.7,8.464,0.0,-0.68,0.08,-89.75,15.06,2.81,0.0,0.02,-0.04,224.84,209.0,0.0,242.0,238.0,
1770324269986728529,320243,9.528,11.5,8.464,0.0,-0.64,0.94,-89.75,15.06,2.81,-0.01,0.01,-0.06,225.01,210.0,0.0,0.79,242.0,238.0
1770324270085026293,320343,10.52,12.9,8.464,0.0,-0.57,1.05,-89.75,15.06,2.81,0.0,0.0,-0.04,225.01,208.0,0.0,242.0,238.0,
1770324270187473382,320443,9.8,13.8,8.464,0.0,-0.63,1.17,-89.75,15.06,2.81,0.01,0.01,-0.07,224.84,208.0,0.0,242.0,238.0,
1770324270285743050,320543,10.668,13.2,8.464,0.0,-0.51,1.17,-89.75,15.06,2.81,0.0,0.02,-0.07,225.01,212.0,0.0,242.0,238.0,
1770324270388147598,320643,10.812,13.1,8.464,0.0,-0.57,1.11,-89.75,15.06,2.81,0.0,-0.01,-0.07,224.84,212.0,0.0,242.0,238.0,
1770324270486406322,320742,10.912,14.2,8.464,0.0,-0.72,1.17,-89.75,15.06,2.81,0.02,0.0,-0.04,225.01,212.0,0.0,242.0,238.0,
1770324270584734496,320842,9.844,12.7,8.464,0.0,-0.63,1.02,-89.75,15.06,2.81,0.0,0.01,-0.05,224.84,209.0,0.0,242.0,238.0,
1770324270687177991,320943,10.864,13.6,8.464,0.0,-0.64,1.15,-89.75,15.06,2.81,0.01,0.01,-0.03,225.01,209.0,0.0,242.0,238.0,
1770324270785414213,321043,10.532,14.2,8.464,0.0,-0.63,0.98,-89.75,15.06,2.81,0.01,0.02,-0.03,223.81,210.0,0.0,242.0,238.0,
1770324270887891841,321143,11.108,13.1,8.464,0.0,-0.57,1.07,-89.75,15.06,2.81,0.0,0.0,-0.02,225.01,211.0,0.0,242.0,238.0,
1770324270986194198,321243,10.38,13.0,8.464,0.0,-0.66,1.09,-89.75,15.06,2.81,0.02,0.0,-0.04,220.72,211.0,0.0,242.0,238.0,
1770324271088575002,321343,11.16,12.9,8.464,0.0,-0.72,1.0,-89.75,15.06,2.81,0.0,0.01,0.0,225.01,209.0,0.0,242.0,238.0,
1770324271186913008,321443,10.736,14.4,8.464,0.0,-0.64,1.07,-89.75,15.06,2.81,0.0,-0.01,-0.06,224.84,209.0,0.0,242.0,238.0,
1770324271289333148,321544,10.864,14.3,8.464,0.0,-0.61,0.9,-89.75,15.06,2.81,0.0,0.01,-0.03,223.98,212.0,0.0,242.0,238.0,
1770324271387587980,321644,9.732,13.7,8.464,0.0,-0.68,1.05,-89.75,15.06,2.81,0.0,0.0,-0.01,224.84,211.0,0.0,242.0,238.0,
1770324271490048142,321744,10.932,13.1,8.464,0.0,-0.51,1.15,-89.75,15.06,2.81,0.0,0.02,-0.04,224.84,211.0,0.0,242.0,238.0,
1770324271686050913,321845,10.976,13.7,8.464,0.0,-0.68,1.07,-89.75,15.06,2.81,0.0,0.0,-0.05,224.84,212.0,0.0,242.0,238.0,
1770324271696933036,321945,10.852,13.4,8.464,0.0,-0.53,1.05,-89.75,15.06,2.81,0.0,0.01,-0.04,224.84,210.0,0.0,242.0,238.0,
1770324271789049138,322045,10.872,13.0,8.464,0.0,-0.76,1.02,-89.75,15.06,2.81,0.0,0.02,-0.01,225.01,210.0,0.0,242.0,238.0,
1770324271891465537,322146,11.128,13.0,8.464,0.0,-0.66,1.04,-89.75,15.06,2.81,-0.01,0.01,0.0,216.43,213.0,0.0,242.0,238.0,
1770324271989754058,322246,9.98,14.6,8.464,0.0,-0.64,0.94,-89.75,15.06,2.81,0.0,0.01,-0.02,224.84,212.0,0.0,242.0,238.0,
1770324272092175789,322347,10.456,13.4,8.464,0.0,-0.63,0.92,-89.75,15.06,2.81,0.0,0.0,-0.03,225.01,212.0,0.0,242.0,238.0,
1770324272200526047,322448,10.488,13.6,8.464,0.0,-0.74,1.13,-89.75,15.06,2.81,0.0,0.01,-0.05,220.72,210.0,0.0,242.0,238.0,
1770324272292951229,322548,9.896,10.7,8.464,1715.2,-0.1,0.55,-89.75,15.06,2.81,0.01,0.01,-0.05,223.81,207.0,0.0,1.67,242.0,238.0
1770324272395286601,322649,10.352,12.8,8.464,0.0,-0.16,1.02,-89.75,15.06,2.81,0.02,-0.01,-0.02,215.4,207.0,0.0,242.0,238.0,
1770324272493562526,322749,9.756,13.5,8.464,0.0,0.04,0.94,-89.75,15.06,2.81,0.0,-0.01,-0.07,220.72,212.0,0.0,242.0,238.0,
1770324272601914859,322849,9.892,11.9,8.464,0.0,-0.04,1.0,-89.75,15.06,2.81,0.0,0.02,-0.03,216.43,212.0,0.0,242.0,238.0,
1770324272694315687,322949,9.836,11.6,8.464,0.0,-0.18,0.82,-89.75,15.06,2.81,0.01,0.0,-0.03,220.55,209.0,0.0,242.0,238.0,
1770324272792613688,323048,9.82,12.1,8.464,0.0,0.06,0.86,-89.75,15.06,2.81,0.0,0.0,-0.02,223.81,216.0,0.0,242.0,238.0,
1770324273014047559,323148,9.812,12.6,8.464,0.0,-0.08,1.0,-89.75,15.06,2.81,0.0,0.0,-0.04,219.52,216.0,0.0,242.0,238.0,
1770324273025237447,323249,11.152,13.6,8.464,0.0,0.1,1.04,-89.75,15.06,2.81,0.0,0.0,-0.02,219.52,213.0,0.0,242.0,238.0,
1770324273095757334,323349,9.98,12.0,8.464,0.0,0.02,0.96,-89.75,15.06,2.81,0.0,-0.01,-0.04,216.43,209.0,0.0,242.0,238.0,
1770324273194040499,323449,9.784,12.3,8.464,0.0,0.08,0.9,-89.75,15.06,2.81,-0.01,0.01,-0.05,215.4,209.0,0.0,242.0,238.0,
1770324273296450968,323550,9.508,12.1,8.464,0.0,-0.08,0.88,-89.75,15.06,2.81,0.0,0.0,-0.02,216.43,215.0,0.0,242.0,238.0,
1770324273394765709,323650,9.812,13.7,8.464,0.0,-0.1,0.98,-89.75,15.06,2.81,0.01,0.02,-0.04,215.4,215.0,0.0,242.0,238.0,
1770324273497175827,323750,9.732,12.5,8.464,0.0,0.04,0.96,-89.75,15.06,2.81,0.0,0.0,-0.03,223.81,211.0,0.0,242.0,238.0,
1770324273595459880,323850,9.784,12.8,8.464,0.0,-0.04,0.92,-89.75,15.06,2.81,0.0,0.0,-0.02,215.4,208.0,0.0,242.0,238.0,
1770324273693815588,323950,10.432,13.5,8.464,0.0,-0.2,0.94,-89.75,15.06,2.81,0.0,0.0,-0.02,215.4,208.0,0.0,242.0,238.0,
1770324273792071973,324049,9.508,12.4,8.464,0.0,-0.04,0.92,-89.75,15.06,2.81,0.0,0.0,-0.04,216.6,212.0,0.0,242.0,238.0,
1770324273902051438,324149,9.44,14.2,8.464,0.0,0.0,0.9,-89.75,15.06,2.81,0.0,0.02,-0.03,216.6,210.0,0.0,242.0,238.0,
1770324273992750846,324249,9.728,13.6,8.464,0.0,-0.12,0.82,-89.75,15.06,2.81,0.0,0.0,-0.04,216.43,210.0,0.0,242.0,238.0,
1770324274095208428,324349,11.588,12.6,8.464,0.0,-0.14,0.76,-89.75,15.06,2.81,0.0,0.0,-0.02,215.4,211.0,0.0,242.0,238.0,
1770324274193500314,324449,9.5,12.8,8.464,0.0,-0.12,0.9,-89.75,15.06,2.81,0.0,0.01,-0.04,215.58,208.0,0.0,242.0,238.0,
1770324274295908096,324549,9.488,12.5,8.464,0.0,0.08,0.86,-89.75,15.06,2.81,0.0,0.0,-0.03,215.4,208.0,0.0,242.0,238.0,
1770324274394231818,324649,9.576,14.4,8.464,0.0,0.0,1.0,-89.75,15.06,2.81,0.01,0.0,-0.03,216.43,213.0,0.0,242.0,238.0,
1770324274492487886,324748,11.24,13.1,8.464,0.0,-0.08,0.88,-89.75,15.06,2.81,-0.01,0.0,-0.05,216.6,213.0,0.0,242.0,238.0,
1770324274594900057,324848,11.464,11.2,8.464,0.0,-0.08,0.86,-89.75,15.06,2.81,0.0,0.0,-0.04,216.43,210.0,0.0,242.0,238.0,
1770324274693237669,324948,9.608,13.5,8.464,0.0,0.04,0.98,-89.75,15.06,2.81,0.01,0.03,-0.05,216.43,211.0,0.0,242.0,238.0,
1770324274795642803,325048,10.068,11.3,8.464,0.0,-0.1,0.84,-89.75,15.06,2.81,0.01,0.0,-0.03,216.6,211.0,0.0,242.0,238.0,
1770324274893958672,325148,9.82,13.3,8.464,0.0,0.0,1.0,-89.75,15.06,2.81,0.0,0.01,-0.02,216.43,210.0,0.0,242.0,238.0,
1770324274996368325,325249,11.636,13.1,8.464,0.0,0.04,1.05,-89.75,15.06,2.81,0.0,0.02,-0.03,215.4,212.0,0.0,242.0,238.0,
1770324275094664728,325349,11.204,12.4,8.464,0.0,0.0,0.96,-89.75,15.06,2.81,0.0,0.01,-0.02,216.43,212.0,0.0,242.0,238.0,
1770324275197086787,325449,10.892,12.2,8.464,0.0,-0.16,0.94,-89.75,15.06,2.81,-0.01,0.01,-0.01,216.43,211.0,0.0,242.0,238.0,
1770324275295391469,325550,9.88,14.3,8.464,0.0,-0.08,1.11,-89.75,15.06,2.81,0.01,0.02,-0.03,215.4,209.0,0.0,242.0,238.0,
1770324275397790304,325650,11.192,13.6,8.464,0.0,-0.33,1.13,-89.75,15.06,2.81,0.0,0.01,-0.04,215.4,209.0,0.0,242.0,238.0,
1770324275496070873,325749,11.34,12.2,8.464,0.0,-0.33,1.0,-89.75,15.06,2.81,0.0,0.0,-0.05,216.43,212.0,0.0,242.0,238.0,
1770324275594408150,325849,9.94,11.5,8.464,0.0,-0.31,0.86,-89.75,15.06,2.81,0.0,0.0,-0.05,216.43,212.0,0.0,242.0,238.0,
1770324275696820708,325949,11.064,13.5,8.464,0.0,-0.25,1.0,-89.75,15.06,2.81,0.0,0.02,-0.04,216.43,215.0,0.0,242.0,238.0,
1770324275795129335,326049,10.784,13.4,8.464,0.0,-0.27,1.04,-89.75,15.06,2.81,0.01,0.0,0.0,216.6,213.0,0.0,242.0,238.0,
1770324276002045180,326149,11.12,13.2,8.464,0.0,-0.29,1.04,-89.75,15.06,2.81,-0.01,0.0,-0.05,220.55,213.0,0.0,242.0,238.0,
1770324276013138726,326248,9.52,13.1,8.464,0.0,-0.14,1.05,-89.75,15.06,2.81,0.0,0.0,-0.05,216.43,210.0,0.0,242.0,238.0,
1770324276094156219,326348,9.552,13.2,8.464,0.0,-0.06,0.96,-89.75,15.06,2.81,0.01,0.0,-0.04,216.43,209.0,0.0,242.0,238.0,
1770324276196555293,326449,11.328,13.0,8.464,0.0,0.04,1.02,-89.75,15.06,2.81,0.01,0.0,-0.04,216.43,209.0,0.0,242.0,238.0,
1770324276294864529,326549,9.568,12.4,8.464,0.0,-0.02,0.84,-89.75,15.06,2.81,0.01,0.03,-0.02,216.43,212.0,0.0,242.0,238.0,
1770324276397278216,326649,9.624,12.2,8.464,0.0,0.04,1.17,-89.75,15.06,2.81,0.01,0.0,-0.05,216.43,212.0,0.0,242.0,238.0,
1770324276495532706,326750,10.08,26.6,8.464,0.0,0.04,1.66,-89.75,15.06,2.81,0.02,0.0,-0.04,216.43,212.0,0.0,3.55,242.0,238.0
1770324276597943707,326850,11.368,76.0,11.336,1.3,0.57,3.03,-89.75,15.0,2.81,-0.39,0.17,0.29,216.43,208.0,0.0,13.25,242.0,238.0
1770324276716761435,326950,10.772,93.1,8.464,0.0,0.92,2.05,-90.12,15.13,2.94,0.33,0.34,-0.17,12005.34,210.0,0.5,30.89,242.0,238.0
1770324276835558161,327070,10.5,111.2,8.464,0.0,1.56,2.5,-91.44,15.25,3.56,-0.06,0.05,-0.03,12002.26,212.0,0.0,40.3,242.0,238.0
1770324276950243269,327189,10.636,135.7,8.464,0.0,2.36,2.66,-93.12,15.38,4.44,-0.06,-0.01,-0.15,12003.11,212.0,0.75,40.98,242.0,238.0
1770324277073126813,327304,11.068,135.7,10.796,-42.2,3.03,2.3,-94.75,15.44,5.25,0.11,-0.15,0.0,12002.77,208.0,2.72,39.39,242.0,238.0
1770324277171406453,327426,10.612,125.2,11.12,-45.3,2.58,2.15,-96.44,15.5,5.88,0.03,-0.18,-0.14,206.83,208.0,5.49,38.44,242.0,238.0
1770324277294296718,327526,10.384,152.1,10.788,-80.7,2.97,2.77,-97.37,15.63,6.19,-0.21,0.01,-0.34,11992.14,204.0,13.87,34.45,242.0,238.0
1770324277417175354,327648,10.696,155.1,11.332,-95.0,3.61,3.93,-98.0,15.81,6.5,0.08,0.02,-0.18,11982.36,202.0,24.36,29.92,242.0,238.0
1770324277519604188,327772,10.164,161.7,11.044,-151.2,3.83,2.79,-98.19,15.88,6.75,-0.06,-0.01,0.2,249.19,204.0,33.68,29.09,242.0,238.0
1770324277642510066,327872,11.216,136.7,11.056,-151.7,2.79,3.44,-97.81,15.94,6.81,0.12,0.0,-0.11,11953.04,198.0,46.56,30.71,242.0,238.0
1770324277757193043,327993,9.628,117.1,10.584,-121.5,2.48,2.13,-96.94,15.94,6.88,-0.12,0.16,-0.04,11934.68,198.0,52.72,41.0,242.0,238.0
1770324277855508204,328109,10.788,111.0,10.44,-158.7,2.13,2.32,-96.5,15.94,6.94,-0.03,-0.08,-0.26,188.31,195.0,54.02,46.07,242.0,238.0
1770324277957915944,328209,9.604,105.4,10.964,-153.8,2.7,2.17,-96.12,16.0,7.06,-0.08,0.06,-0.2,238.9,195.0,54.07,49.64,242.0,238.0
1770324278056252217,328309,10.488,135.9,11.224,-133.3,1.95,1.62,-96.06,15.88,7.31,0.1,0.0,-0.44,203.91,193.0,55.09,54.3,242.0,238.0
1770324278158627249,328409,9.752,127.9,11.064,-101.9,1.86,1.68,-96.06,15.75,7.63,-0.1,-0.12,-0.01,193.8,186.0,55.29,55.29,242.0,238.0
1770324278281467268,328509,9.552,113.6,11.356,-150.9,3.26,1.45,-96.06,15.63,7.81,0.04,-0.02,-0.26,11918.91,184.0,52.5,56.47,242.0,238.0
1770324278383890249,328636,11.08,134.6,10.96,-113.7,2.66,1.39,-96.12,15.5,8.0,0.08,0.09,0.15,187.11,184.0,52.63,54.38,242.0,238.0
1770324278506032933,328736,11.188,146.4,10.708,-199.0,3.13,2.42,-96.44,15.38,8.31,-0.07,0.02,0.05,177.16,180.0,50.37,53.51,242.0,238.0
1770324278584623648,328837,9.748,143.6,11.344,-217.7,3.59,2.44,-97.0,15.31,8.69,0.0,-0.19,-0.07,223.12,180.0,46.09,52.3,244.0,238.0
1770324278682929140,328936,10.864,191.3,11.264,-161.4,2.83,3.77,-97.75,15.19,9.06,0.1,-0.28,0.18,173.73,176.0,46.07,47.66,244.0,240.0
1770324278805756195,329036,11.008,181.1,10.72,-167.8,3.96,3.4,-98.19,15.13,9.38,0.03,-0.06,0.16,11946.52,168.0,46.84,41.85,244.0,240.0
1770324278928703223,329160,10.3,211.9,11.388,-189.9,3.44,3.2,-98.19,15.13,9.5,-0.15,0.2,-0.01,11929.54,166.0,49.98,46.55,244.0,240.0
1770324279038046553,329281,10.844,150.6,11.256,-162.6,3.22,2.48,-98.44,15.06,9.75,-0.12,-0.05,-0.17,173.73,166.0,51.25,49.42,244.0,240.0
1770324279125283759,329380,10.852,126.1,11.404,-116.3,2.01,2.42,-98.75,15.06,9.88,-0.01,-0.02,-0.05,178.7,165.0,51.94,52.73,244.0,240.0
1770324279227739685,329480,9.34,109.4,11.38,-159.6,2.44,1.93,-99.06,15.06,9.94,-0.15,-0.08,0.08,174.42,165.0,53.42,53.42,244.0,240.0
1770324279326043842,329579,9.828,103.3,11.188,-156.8,2.77,2.42,-99.44,15.0,9.94,0.0,-0.07,-0.3,188.48,164.0,51.15,51.94,244.0,240.0
1770324279428434374,329679,9.308,127.1,11.244,-180.3,2.46,2.11,-99.81,14.94,9.94,-0.03,-0.05,0.22,185.05,166.0,50.52,53.89,244.0,240.0
1770324279526718733,329779,11.108,146.8,10.924,-140.3,2.66,2.15,-100.06,14.81,9.81,0.18,-0.14,-0.25,180.59,166.0,49.42,52.17,244.0,240.0
1770324279625011112,329878,11.272,125.6,11.34,-162.8,2.95,2.07,-100.25,14.56,9.44,-0.15,0.09,0.08,202.71,168.0,48.92,48.92,244.0,240.0
1770324279747937840,329978,10.88,136.2,10.828,-141.1,2.79,2.27,-100.31,14.5,9.25,0.08,-0.08,0.0,11940.69,168.0,48.05,46.06,244.0,240.0
1770324279870828751,330099,11.1,178.2,10.84,-221.7,4.1,3.14,-100.31,14.56,9.19,-0.06,-0.04,0.1,11952.35,168.0,44.21,39.3,244.0,240.0
1770324280162047082,330221,9.864,167.1,11.172,-227.5,4.3,3.89,-100.06,14.63,9.13,0.13,-0.02,-0.17,11952.35,169.0,43.84,36.88,244.0,240.0
1770324280198525317,330348,11.112,181.9,10.832,-201.5,3.89,2.93,-99.87,14.69,9.06,-0.11,0.04,0.0,170.81,169.0,42.9,36.54,244.0,240.0
1770324280209907887,330448,9.128,210.5,11.14,-162.4,3.07,3.69,-99.81,14.69,9.06,-0.32,-0.09,0.5,185.05,170.0,46.43,43.28,244.0,240.0
1770324280317325814,330548,10.864,129.0,11.04,-150.5,2.36,2.62,-99.94,14.69,9.06,-0.11,-0.17,-0.13,11916.51,171.0,52.63,58.14,244.0,240.0
1770324280419740680,330670,10.68,155.7,11.376,-112.1,2.73,1.66,-100.31,14.69,9.0,-0.11,-0.11,0.02,206.49,171.0,55.54,59.12,244.0,240.0
1770324280518033001,330770,10.076,113.9,11.168,-127.7,3.05,2.36,-100.75,14.63,8.88,0.0,0.01,-0.19,205.11,174.0,54.3,59.02,244.0,240.0
1770324280640889463,330870,10.112,111.2,11.024,-167.7,2.36,2.42,-101.12,14.63,8.69,0.1,-0.12,0.08,11916.85,175.0,52.2,58.11,244.0,240.0
1770324280743325052,330994,10.8,129.4,11.392,-182.1,2.66,2.25,-101.69,14.56,8.31,-0.03,-0.11,-0.08,192.77,175.0,53.09,56.75,244.0,240.0
1770324280882047898,331095,10.648,129.7,11.284,-169.0,3.09,1.93,-102.19,14.38,7.94,-0.17,-0.04,0.07,182.82,173.0,52.73,51.94,244.0,240.0
1770324280944042130,331195,10.568,125.3,11.304,-202.7,3.44,1.84,-102.62,14.31,7.69,-0.02,0.09,-0.32,186.08,173.0,50.16,50.16,246.0,240.0
1770324281066931371,331295,10.664,214.6,11.316,-182.0,3.24,3.2,-103.06,14.56,7.63,0.09,-0.15,-0.13,11949.26,182.0,46.15,43.29,246.0,242.0
1770324281165189355,331418,10.272,266.9,10.684,-189.6,3.83,3.65,-103.25,14.69,7.63,-0.19,0.07,-0.42,178.36,179.0,46.96,37.24,246.0,242.0
1770324281267637185,331518,10.496,178.2,11.22,-194.0,3.73,3.01,-103.19,14.81,7.63,0.15,0.12,-0.13,177.85,179.0,47.48,36.73,246.0,242.0
1770324281390477014,331617,10.624,191.7,11.276,-160.4,3.34,3.2,-103.19,15.0,7.69,-0.11,0.03,-0.28,11948.41,174.0,48.39,35.33,246.0,242.0
1770324281513372125,331742,10.18,123.6,11.316,-157.3,2.62,2.5,-102.94,15.19,7.75,0.05,-0.13,-0.03,11936.91,175.0,50.93,42.78,246.0,242.0
1770324281611722006,331863,10.528,109.5,11.304,-137.4,3.14,2.62,-102.94,15.25,7.81,-0.19,-0.06,-0.13,218.66,175.0,53.09,42.1,246.0,242.0
1770324281734602727,331963,9.524,118.5,11.008,-149.2,3.44,2.01,-102.94,15.38,7.81,0.03,0.13,-0.01,11936.57,175.0,52.45,43.79,246.0,242.0
1770324281842046488,332084,10.64,84.6,11.408,-176.3,2.93,2.4,-102.94,15.56,7.81,-0.04,-0.03,0.07,187.79,177.0,50.2,43.72,246.0,242.0
1770324281935329006,332184,10.488,129.2,10.464,-177.2,3.26,2.46,-102.81,15.69,7.75,-0.11,-0.1,-0.08,178.02,177.0,50.52,42.55,246.0,242.0
1770324282033631346,332284,10.9,102.1,10.744,-157.6,2.27,1.72,-102.69,15.88,7.69,-0.2,-0.04,-0.04,185.05,176.0,52.43,42.9,246.0,242.0
1770324282131922331,332384,10.248,84.5,11.328,-194.2,3.54,2.15,-102.62,16.25,7.63,0.08,0.05,-0.02,185.56,173.0,51.36,42.1,246.0,242.0
1770324282234333879,332484,10.996,113.2,11.328,-157.7,3.13,2.42,-102.62,16.44,7.63,0.12,-0.03,0.07,168.07,173.0,49.64,39.89,246.0,242.0
1770324282332642626,332584,10.4,135.6,11.128,-129.1,3.01,1.99,-102.44,16.5,7.56,0.24,-0.14,0.09,364.44,173.0,52.73,38.56,246.0,242.0
1770324282435014226,332684,10.168,111.4,10.516,-141.4,2.5,2.52,-102.06,16.56,7.5,-0.1,0.13,-0.15,207.86,172.0,52.41,35.23,246.0,242.0
1770324282563854641,332784,10.292,153.0,10.928,-173.2,3.44,2.68,-101.69,16.62,7.44,-0.08,0.06,-0.06,11953.55,172.0,51.32,31.89,246.0,242.0
1770324282680818187,332906,11.128,136.9,10.668,-176.7,3.14,2.87,-101.12,16.62,7.25,0.02,-0.02,0.05,11956.12,172.0,50.67,29.26,246.0,242.0
1770324282779085448,333031,10.444,127.3,11.28,-154.8,2.66,3.36,-100.44,16.69,7.13,-0.12,0.08,-0.15,169.79,173.0,49.12,29.47,246.0,242.0
1770324282881535370,333131,10.376,128.1,11.144,-193.9,3.4,2.83,-99.87,16.81,7.0,-0.03,-0.03,0.02,185.73,173.0,50.16,30.46,246.0,242.0
1770324282979823225,333232,9.944,137.2,10.972,-201.7,3.89,2.07,-99.31,17.0,6.88,-0.11,-0.01,0.12,178.19,172.0,49.72,33.68,246.0,242.0
1770324283115012349,333332,10.88,113.6,11.08,-169.1,3.05,2.38,-98.81,17.12,6.75,0.13,0.06,-0.02,11937.26,171.0,52.01,41.61,246.0,242.0
1770324283237897956,333463,10.224,120.7,10.528,-205.1,3.57,2.38,-98.06,17.44,6.5,-0.04,-0.02,0.0,11943.26,179.0,48.12,43.69,246.0,242.0
1770324283356663871,333586,10.716,94.8,10.772,-221.3,4.22,2.42,-97.69,17.69,6.38,0.01,0.03,-0.25,11945.83,176.0,45.55,42.1,248.0,242.0
1770324283471342542,333707,10.944,99.2,10.852,-222.8,3.85,2.77,-97.31,17.81,6.19,-0.05,-0.1,-0.1,11943.6,176.0,47.59,41.74,248.0,242.0
1770324283590167962,333820,10.824,116.6,10.784,-190.0,2.83,1.7,-96.75,17.87,6.06,0.14,0.02,-0.1,11936.74,177.0,50.95,43.16,248.0,242.0
1770324283717147796,333941,10.32,132.3,11.208,-131.0,2.11,2.25,-96.0,17.87,5.81,-0.06,0.06,-0.23,11933.83,180.0,54.73,44.21,248.0,242.0
1770324283840028996,334065,11.12,141.0,10.756,-147.7,3.24,2.62,-95.44,17.75,5.56,0.0,0.04,0.25,11931.25,182.0,54.13,44.11,248.0,242.0
1770324283958827543,334188,11.048,110.7,11.148,-162.5,2.03,2.48,-94.94,17.56,5.44,0.0,-0.03,-0.17,11930.05,182.0,54.98,43.84,248.0,242.0
1770324284174044493,334309,10.436,124.3,10.732,-158.4,3.36,2.01,-94.44,17.56,5.31,-0.1,0.14,-0.22,11945.32,182.0,52.09,39.96,248.0,244.0
1770324284200522345,334426,10.636,145.9,11.164,-151.0,2.66,2.75,-93.75,17.56,5.13,0.07,-0.12,0.14,11947.03,187.0,50.11,37.58,248.0,244.0
1770324284319300501,334550,11.204,148.9,8.464,0.0,3.22,2.75,-92.94,17.5,4.88,0.02,0.16,0.0,11945.83,185.0,49.41,41.06,248.0,244.0
1770324284438041801,334668,10.936,95.4,8.464,0.0,3.54,2.66,-92.37,17.5,4.75,0.0,0.07,0.01,11943.6,188.0,42.82,44.24,248.0,244.0
1770324284552749158,334787,10.016,112.2,11.268,-211.2,3.98,1.95,-92.19,17.75,4.69,0.0,0.06,-0.31,11945.15,188.0,43.93,43.93,248.0,244.0
1770324284675612391,334902,10.416,127.7,10.036,-160.8,3.16,1.56,-92.19,17.94,4.69,0.03,0.06,-0.07,11939.83,188.0,47.24,44.5,248.0,244.0
1770324284798530759,335027,9.468,93.0,11.14,-146.5,2.81,1.35,-92.19,17.87,4.63,0.06,0.09,0.02,11935.71,185.0,51.2,45.13,248.0,244.0
1770324284921428810,335150,10.124,93.7,10.968,-194.1,3.54,1.25,-92.12,17.69,4.63,-0.02,0.12,-0.11,11934.51,184.0,51.5,45.93,248.0,244.0
1770324285038042546,335270,9.5,65.7,11.252,-185.0,3.01,1.52,-92.12,17.44,4.63,0.07,0.04,-0.01,11934.51,184.0,51.54,45.73,248.0,244.0
1770324285159003325,335386,9.916,67.2,11.144,-176.0,2.81,2.15,-92.12,17.25,4.63,0.02,0.03,-0.11,11937.26,186.0,54.03,42.1,248.0,244.0
1770324285281892152,335510,9.856,1.1,10.384,-35.8,0.61,0.04,-92.0,17.12,4.63,-0.09,-0.06,-0.25,12037.76,185.0,24.73,10.02,248.0,244.0
1770324285404737160,335632,11.348,17.6,8.464,0.0,-0.74,1.19,-91.75,17.06,4.63,-0.27,0.11,0.01,12046.85,183.0,2.81,0.0,248.0,244.0
1770324285523523852,335752,9.844,16.7,11.536,0.3,-0.31,1.23,-91.75,17.06,4.63,-0.01,0.05,-0.04,12051.99,184.0,0.69,0.0,248.0,244.0
1770324285650586727,335874,9.692,16.8,11.52,0.2,-0.14,1.13,-91.75,17.06,4.63,0.01,0.01,-0.08,12055.94,184.0,0.0,248.0,244.0,
1770324285773440995,336001,10.72,15.7,11.5,0.0,-0.14,1.29,-91.75,17.06,4.63,-0.01,0.01,-0.06,12055.25,185.0,0.0,248.0,244.0,
1770324285892240262,336120,10.16,15.8,11.536,-0.5,-0.2,1.15,-91.75,17.06,4.63,0.02,0.01,-0.07,12053.19,181.0,0.0,248.0,244.0,
1770324286011040307,336240,9.788,17.2,11.524,-0.2,-0.08,1.29,-91.75,17.06,4.63,0.0,0.02,-0.05,12035.36,181.0,0.0,248.0,244.0,
1770324286125713140,336359,9.836,16.4,11.012,0.5,-0.1,1.17,-91.75,17.06,4.63,0.0,0.0,-0.02,12034.84,181.0,0.0,248.0,244.0,
1770324286248605003,336473,10.772,16.0,11.32,0.1,0.02,1.35,-91.75,17.12,4.63,0.0,0.03,-0.06,12049.93,184.0,0.0,248.0,244.0,
1770324286363283780,336595,10.336,17.7,11.568,0.6,0.0,1.15,-91.75,17.12,4.63,0.0,0.01,-0.05,12049.42,184.0,0.0,248.0,244.0,
1770324286482040802,336713,9.66,16.9,11.56,-0.3,-0.12,1.11,-91.75,17.12,4.63,0.0,0.02,-0.06,12048.39,179.0,0.0,248.0,244.0,
1770324286596781955,336832,11.488,15.0,11.496,0.0,0.0,1.33,-91.75,17.12,4.63,-0.01,0.01,-0.07,12050.1,179.0,0.0,248.0,244.0,
1770324286719657686,336945,9.54,16.8,11.556,0.5,-0.16,1.17,-91.75,17.12,4.63,0.0,0.01,-0.06,12050.45,180.0,0.0,248.0,244.0,
1770324286838440784,337067,9.776,15.8,10.808,-0.4,-0.14,1.19,-91.75,17.12,4.63,0.0,0.02,-0.06,12049.42,185.0,0.0,248.0,244.0,
1770324286957253847,337186,9.528,17.0,11.536,-0.7,0.04,1.21,-91.75,17.12,4.63,0.0,0.01,-0.06,12048.56,183.0,0.0,248.0,244.0,
1770324287071926735,337306,9.472,17.3,11.556,0.7,0.06,1.23,-91.75,17.12,4.63,0.0,0.0,-0.03,12050.28,183.0,0.0,248.0,244.0,
1770324287194816874,337420,9.516,16.9,11.588,-0.3,-0.16,1.17,-91.75,17.12,4.63,0.0,0.02,-0.02,12049.93,183.0,0.0,248.0,244.0,
1770324287313614249,337543,9.708,16.0,11.532,0.5,-0.08,1.27,-91.75,17.12,4.63,0.0,0.02,-0.06,12049.59,186.0,0.0,248.0,244.0,
1770324287432352879,337660,9.444,16.6,11.536,0.1,-0.02,1.13,-91.75,17.12,4.63,0.01,0.01,-0.03,12049.42,183.0,0.0,248.0,244.0,
1770324287547090864,337778,9.744,16.7,11.564,0.0,0.16,1.15,-91.75,17.12,4.63,0.0,0.01,-0.04,12050.28,183.0,0.0,248.0,244.0,
1770324287665876813,337893,10.256,16.0,11.556,0.3,-0.02,1.17,-91.75,17.12,4.63,0.01,0.0,-0.06,12050.28,182.0,0.0,248.0,244.0,
1770324287784673632,338014,9.736,16.8,11.568,-0.4,-0.1,1.23,-91.75,17.12,4.63,0.0,0.0,-0.05,12050.1,183.0,0.0,248.0,244.0,
1770324288006049193,338134,9.732,15.9,11.468,-0.5,0.0,1.15,-91.75,17.12,4.63,0.0,0.0,-0.06,12049.59,183.0,0.0,248.0,244.0,
1770324288022249733,338253,9.68,15.6,11.564,0.0,0.04,1.21,-91.75,17.12,4.63,0.0,0.02,-0.06,12051.99,183.0,0.0,248.0,244.0,
1770324288141035125,338369,9.76,16.7,11.564,0.0,0.08,1.15,-91.75,17.12,4.63,0.0,0.03,-0.05,12050.1,183.0,0.0,248.0,244.0,
1770324288263925559,338488,11.504,16.0,11.568,0.7,0.06,1.21,-91.75,17.12,4.63,0.0,0.02,-0.08,12050.45,180.0,0.0,248.0,244.0,
1770324288382705376,338611,9.716,15.7,11.568,-0.2,0.06,1.27,-91.75,17.12,4.63,0.01,0.0,-0.04,12049.42,180.0,0.0,248.0,244.0,
1770324288497375076,338729,9.78,16.4,11.54,-0.6,0.04,1.31,-91.75,17.12,4.63,0.0,0.01,-0.06,12050.28,180.0,0.0,248.0,244.0,
1770324288612108874,338843,9.54,15.8,11.564,0.5,0.1,1.13,-91.75,17.12,4.63,0.01,0.01,-0.07,12049.76,181.0,0.0,248.0,244.0,
1770324288743158444,338960,9.756,14.8,11.564,-0.4,0.0,1.09,-91.75,17.12,4.63,0.0,0.02,-0.06,12049.25,177.0,0.0,248.0,244.0,
1770324288866070472,339092,9.54,16.5,11.596,0.4,-0.04,1.11,-91.75,17.12,4.63,0.0,0.02,-0.03,12049.76,185.0,0.0,248.0,244.0,
1770324288980772453,339212,9.788,16.3,11.532,0.5,-0.04,1.15,-91.75,17.12,4.63,0.0,0.01,-0.05,12050.79,185.0,0.0,248.0,244.0,
1770324289099556566,339326,9.808,16.7,11.548,0.2,-0.06,1.11,-91.75,17.12,4.63,0.0,0.01,-0.05,12050.62,181.0,0.0,248.0,244.0,
1770324289222431256,339446,10.552,15.3,11.532,0.3,-0.02,1.13,-91.75,17.12,4.63,0.02,0.01,-0.06,12048.56,180.0,0.0,248.0,244.0,
1770324289341199775,339568,9.7,17.3,11.376,0.2,0.0,1.19,-91.75,17.12,4.63,0.0,0.02,-0.06,12048.05,181.0,0.0,248.0,244.0,
1770324289451772729,339687,9.868,14.9,11.308,-0.2,-0.08,1.25,-91.75,17.12,4.63,0.01,0.01,-0.03,12053.88,181.0,0.0,248.0,244.0,
1770324289570594955,339800,9.724,16.1,11.54,0.1,-0.12,1.17,-91.75,17.12,4.63,0.0,0.0,-0.05,12053.53,184.0,0.0,248.0,244.0,
1770324289689402107,339918,9.732,17.2,11.572,-0.5,0.0,1.19,-91.75,17.12,4.63,0.0,0.02,-0.03,12052.68,183.0,0.0,248.0,244.0,
1770324289886046660,340037,9.692,15.6,11.548,-0.1,0.02,1.25,-91.75,17.12,4.63,-0.01,0.02,-0.04,12052.5,185.0,0.0,248.0,244.0,
1770324289926972332,340161,10.916,15.9,11.592,-0.2,0.12,1.23,-91.75,17.12,4.63,0.01,0.02,-0.05,12053.71,185.0,0.0,248.0,244.0,
1770324290045760130,340274,9.868,16.9,11.6,0.3,-0.1,1.21,-91.75,17.12,4.63,0.02,0.03,-0.04,12053.36,182.0,0.0,248.0,244.0,
1770324290164556612,340392,9.884,16.3,10.472,-0.2,-0.1,1.19,-91.75,17.12,4.63,0.0,0.0,-0.03,12051.82,183.0,0.0,248.0,244.0,
1770324290287418671,340511,9.76,16.3,11.492,-0.4,0.1,1.27,-91.75,17.12,4.63,0.01,0.02,-0.08,12051.65,183.0,0.0,248.0,244.0,
1770324290402106426,340634,10.332,16.6,11.6,0.1,-0.1,1.21,-91.75,17.12,4.63,-0.01,0.0,-0.04,12055.42,183.0,0.0,248.0,244.0,
1770324290520889000,340747,11.588,16.5,11.032,1.0,-0.02,1.15,-91.75,17.12,4.63,0.01,0.01,-0.05,12053.36,184.0,0.0,248.0,244.0,
1770324290639708781,340866,9.824,17.3,11.532,-0.1,-0.06,1.05,-91.75,17.12,4.63,0.02,0.01,-0.04,12053.36,183.0,0.0,248.0,244.0,
1770324290758496392,340984,9.808,17.0,11.6,0.5,0.1,1.29,-91.75,17.12,4.63,0.0,0.02,-0.06,12052.68,185.0,0.0,248.0,244.0,
1770324290873203464,341106,9.812,15.7,11.56,0.6,0.0,1.13,-91.75,17.12,4.63,0.02,0.01,-0.05,12052.68,185.0,0.0,248.0,244.0,
1770324290991982927,341220,9.92,15.3,11.592,0.2,-0.04,1.15,-91.75,17.12,4.63,0.0,0.01,-0.05,12054.22,184.0,0.0,248.0,244.0,
1770324291120156515,341339,9.916,14.8,11.56,-0.4,-0.1,1.13,-91.75,17.12,4.63,0.01,0.02,-0.02,12054.22,180.0,0.0,248.0,244.0,
1770324291233661190,341458,11.364,15.3,11.56,0.1,0.0,1.21,-91.75,17.12,4.63,0.0,0.0,-0.03,12052.5,184.0,0.0,248.0,244.0,
1770324291348350092,341578,9.916,15.7,11.564,0.3,0.1,1.15,-91.75,17.12,4.63,0.02,0.01,-0.07,12056.45,184.0,0.0,248.0,244.0,
1770324291467133924,341695,9.744,15.4,11.228,1.4,-0.02,1.23,-91.75,17.12,4.63,0.0,0.01,-0.05,12053.71,185.0,0.0,248.0,244.0,
1770324291590052153,341814,9.72,16.7,11.592,-0.4,-0.1,1.39,-91.75,17.12,4.63,0.0,0.03,-0.05,12053.71,183.0,0.0,248.0,244.0,
1770324291708831503,341935,11.148,15.2,11.588,0.5,0.0,1.17,-91.75,17.12,4.63,0.0,0.0,-0.04,12052.85,181.0,0.0,248.0,244.0,
1770324291831712525,342052,11.592,17.7,10.452,-0.3,-0.08,1.25,-91.75,17.12,4.63,0.01,0.01,-0.04,12054.05,181.0,0.0,248.0,244.0,
1770324291950501451,342177,9.876,16.7,11.28,0.9,-0.06,1.15,-91.75,17.12,4.63,0.0,0.02,-0.05,12054.91,180.0,0.0,248.0,244.0,
1770324292069282023,342297,9.856,16.1,10.212,0.3,-0.06,1.05,-91.75,17.12,4.63,-0.02,0.0,-0.03,12054.39,183.0,0.0,248.0,244.0,
1770324292192171119,342415,9.66,16.9,10.84,0.0,0.06,1.02,-91.75,17.12,4.63,-0.01,0.0,-0.06,12053.36,182.0,0.0,248.0,244.0,
1770324292310954857,342536,9.84,17.3,11.572,-0.6,0.1,1.15,-91.75,17.12,4.63,0.0,0.01,-0.04,12052.68,182.0,0.0,248.0,244.0,
1770324292429707834,342658,10.204,14.4,11.34,1.1,-0.08,1.21,-91.75,17.12,4.63,-0.01,0.01,-0.06,12053.71,182.0,0.0,248.0,244.0,
1770324292548513260,342773,9.868,15.5,11.604,0.1,0.02,1.07,-91.75,17.12,4.63,0.0,0.01,-0.07,12054.39,184.0,0.0,248.0,244.0,
1770324292667322315,342893,9.64,15.6,11.608,0.7,-0.02,1.15,-91.75,17.12,4.63,0.0,0.01,-0.03,12053.36,186.0,0.0,248.0,244.0,
1770324292790219226,343014,10.404,14.7,11.6,0.5,-0.04,1.31,-91.75,17.12,4.63,0.0,0.01,-0.05,12054.73,184.0,0.0,248.0,244.0,
1770324292904845307,343134,9.788,15.1,10.824,0.5,-0.04,1.09,-91.75,17.12,4.63,0.01,0.02,-0.07,12051.82,184.0,0.0,248.0,244.0,
1770324293142048290,343251,11.504,14.4,11.56,0.4,0.06,1.05,-91.75,17.12,4.63,0.01,0.01,-0.03,12054.05,185.0,0.0,248.0,244.0,
1770324293153313071,343371,10.216,14.8,11.548,-0.1,0.02,1.21,-91.75,17.12,4.63,0.0,0.0,-0.04,12052.33,182.0,0.0,248.0,244.0,
1770324293265376699,343490,10.16,15.0,11.588,0.1,-0.1,1.29,-91.75,17.12,4.63,0.0,0.01,-0.04,12052.16,183.0,0.0,248.0,244.0,
1770324293380031596,343610,9.54,15.3,10.08,0.6,0.06,1.23,-91.75,17.12,4.63,0.0,0.01,-0.04,12054.73,183.0,0.0,248.0,244.0,
1770324293502913967,343727,11.572,16.1,10.932,0.3,-0.06,1.15,-91.75,17.12,4.63,0.01,0.01,-0.03,12052.16,181.0,0.0,248.0,244.0,
1770324293625860752,343847,9.504,16.8,11.616,0.5,-0.12,1.21,-91.75,17.12,4.63,0.02,0.0,-0.03,12051.82,183.0,0.0,248.0,244.0,
1770324293744641656,343969,10.604,17.0,11.568,-0.4,0.12,1.15,-91.75,17.12,4.63,0.0,0.01,-0.05,12053.71,181.0,0.0,248.0,244.0,
1770324293863438598,344090,11.496,15.5,11.576,0.1,-0.25,1.19,-91.75,17.12,4.63,0.01,0.02,-0.06,12054.91,181.0,0.0,248.0,244.0,
1770324293994042643,344209,10.18,16.3,10.524,0.1,-0.1,1.13,-91.75,17.12,4.63,0.0,0.01,-0.03,12054.22,181.0,0.0,248.0,244.0,
1770324294111023657,344329,9.476,15.3,11.548,-0.9,-0.04,1.33,-91.75,17.12,4.63,-0.01,0.0,-0.03,12052.5,178.0,0.0,248.0,244.0,
1770324294223894092,344448,10.632,15.7,9.896,-0.2,-0.02,1.19,-91.75,17.12,4.63,0.0,0.01,-0.03,12053.88,182.0,0.0,248.0,244.0,
1770324294338600566,344567,10.476,15.9,11.544,0.3,-0.16,1.02,-91.75,17.12,4.63,0.0,0.01,-0.05,12054.73,182.0,0.0,248.0,244.0,
1770324294457276164,344682,10.744,16.4,10.696,0.7,0.1,1.23,-91.75,17.12,4.63,0.0,0.01,-0.07,12052.85,184.0,0.0,248.0,244.0,
1770324294580223318,344804,9.8,15.5,11.348,-0.6,0.16,1.19,-91.75,17.12,4.63,0.02,0.01,-0.04,12046.16,183.0,3.45,0.0,248.0,244.0
1770324294699045261,344925,10.012,16.4,10.452,-41.4,3.16,1.33,-91.75,17.12,4.63,-0.53,-0.17,0.32,12047.19,179.0,5.57,0.0,248.0,244.0
1770324294821923890,345044,10.888,14.1,11.384,-106.8,3.95,1.23,-91.62,17.12,4.56,0.01,0.1,0.03,12025.07,179.0,20.5,0.0,248.0,244.0
1770324294954857553,345167,11.072,15.7,11.18,-183.4,4.32,1.13,-90.87,17.06,4.31,0.09,0.05,-0.01,12001.74,185.0,39.47,0.0,248.0,244.0
1770324295067650165,345291,10.664,14.1,11.428,-210.6,4.45,1.31,-89.37,16.87,3.75,0.13,0.15,0.03,11990.77,186.0,52.13,0.0,248.0,244.0
1770324295190596688,345413,10.816,46.0,11.02,-244.8,3.77,2.48,-87.56,16.69,3.31,0.04,0.0,-0.02,11972.59,192.0,53.58,8.35,250.0,244.0
1770324295313483262,345536,10.94,101.7,10.992,-222.7,3.22,1.99,-85.75,16.56,2.88,-0.32,0.06,-0.03,11943.09,194.0,51.5,35.49,250.0,244.0
1770324295432210382,345657,10.188,189.4,11.168,-213.1,4.53,2.56,-84.75,16.37,2.75,0.11,0.13,-0.13,11917.88,194.0,51.54,56.62,250.0,244.0
1770324295530570822,345775,9.732,285.4,11.052,-222.4,3.55,3.44,-84.62,16.25,2.81,0.27,0.01,-0.12,264.28,199.0,54.58,67.05,250.0,244.0
1770324295632977245,345875,10.616,186.3,10.632,-164.8,3.13,2.99,-84.87,16.12,3.06,-0.19,-0.09,0.12,184.36,199.0,57.04,77.87,250.0,244.0
1770324295751758462,345974,10.72,167.5,11.16,-158.0,2.87,1.58,-85.44,16.25,3.31,0.08,-0.01,-0.17,11877.4,194.0,60.42,83.25,250.0,244.0
1770324295854174959,346096,9.46,189.5,11.024,-166.0,2.23,1.8,-86.5,16.31,3.63,-0.22,-0.03,-0.21,178.19,198.0,61.53,82.59,250.0,244.0
1770324296062050186,346196,10.396,186.8,11.06,-169.7,2.58,2.48,-87.37,16.31,3.88,-0.08,-0.23,0.07,193.8,198.0,62.93,81.55,250.0,244.0
1770324296073402029,346295,10.416,174.1,11.292,-182.6,2.44,2.32,-88.0,16.37,3.88,0.09,-0.09,-0.06,11885.29,201.0,61.81,78.85,250.0,244.0
1770324296194147277,346417,10.416,252.6,10.608,-138.2,2.5,3.01,-88.5,16.31,3.75,-0.13,0.13,-0.03,11889.75,199.0,59.85,74.46,250.0,246.0
1770324296317009496,346537,10.708,234.2,11.052,-226.5,3.89,2.52,-88.62,16.44,3.63,0.42,-0.24,0.26,11900.38,201.0,53.84,70.4,250.0,246.0
1770324296439862528,346661,10.608,183.2,11.26,-213.5,2.89,2.97,-88.62,16.62,3.56,-0.13,0.19,0.0,11892.15,198.0,56.8,72.84,250.0,246.0
1770324296562777159,346785,11.212,193.2,10.908,-157.4,2.44,2.85,-88.75,16.81,3.56,-0.09,0.14,-0.64,11890.95,194.0,61.24,71.68,250.0,246.0
1770324296665230232,346906,10.104,178.2,11.328,-151.6,2.44,2.73,-89.25,16.69,3.69,-0.09,-0.08,-0.16,186.42,194.0,60.91,71.66,250.0,246.0
1770324296763531353,347006,9.96,158.7,11.4,-144.4,1.93,1.99,-89.69,16.5,3.81,0.0,-0.04,-0.13,175.96,194.0,64.84,73.26,250.0,246.0
1770324296874050832,347106,9.288,200.3,11.32,-157.8,1.7,3.03,-89.94,16.37,3.88,-0.17,-0.01,0.0,170.3,191.0,65.14,73.08,250.0,246.0
1770324296964250711,347206,10.516,236.4,10.48,-145.8,2.44,3.11,-90.12,16.31,3.94,0.34,0.03,-0.51,170.3,193.0,63.36,70.87,250.0,246.0
1770324297062535885,347307,10.76,236.3,11.048,-130.8,2.95,3.89,-90.25,16.12,3.88,0.16,-0.05,-0.25,174.59,193.0,61.81,67.18,250.0,246.0
1770324297164947676,347407,10.908,238.8,10.932,-170.6,2.38,3.73,-90.12,15.88,3.81,0.01,0.0,0.32,183.5,201.0,62.17,65.32,250.0,246.0
1770324297287847916,347507,10.484,183.1,10.772,-205.6,2.44,2.15,-90.25,15.94,3.69,-0.19,0.14,-0.33,11894.9,206.0,59.29,73.24,252.0,246.0
1770324297410678057,347630,10.264,182.0,11.056,-168.8,3.16,1.82,-90.56,16.31,3.63,0.03,0.0,0.0,11890.61,205.0,59.56,73.94,252.0,246.0
1770324297533610299,347754,11.124,195.3,11.168,-172.1,2.46,2.99,-91.06,16.25,3.56,0.15,0.08,-0.03,11886.66,215.0,62.81,73.16,252.0,246.0
1770324297656509909,347875,10.272,179.4,10.872,-150.9,2.36,2.64,-91.69,16.12,3.69,0.03,0.18,0.15,11884.61,215.0,63.88,74.77,252.0,246.0
1770324297779380849,348001,10.628,147.9,11.42,-114.6,2.21,1.91,-92.19,15.88,3.81,0.23,-0.15,-0.55,11891.64,209.0,65.42,69.95,252.0,246.0
1770324297877728510,348122,10.796,202.1,11.232,-116.4,2.5,2.62,-92.31,15.63,3.88,-0.14,0.19,-0.2,189.51,214.0,63.93,63.93,252.0,248.0
1770324298000579986,348222,10.628,229.0,11.38,-169.6,1.97,2.46,-92.37,15.5,3.88,-0.11,-0.2,0.42,11890.44,209.0,64.04,69.08,252.0,248.0
1770324298194048206,348343,11.064,166.4,10.732,-133.0,2.66,2.09,-92.37,15.5,3.75,-0.21,0.16,-0.01,11887.35,209.0,63.88,71.14,252.0,248.0
1770324298217683746,348459,10.964,193.9,11.428,-176.1,2.07,2.62,-92.69,15.81,3.63,0.01,0.13,0.08,217.8,207.0,62.74,72.65,252.0,248.0
1770324298315989551,348559,10.324,155.7,11.376,-179.9,2.34,1.78,-93.12,15.88,3.5,0.17,0.08,0.07,178.36,207.0,61.81,72.56,252.0,248.0
1770324298434684720,348659,10.464,144.9,10.86,-151.7,2.34,2.3,-93.5,15.81,3.5,0.04,0.22,0.08,11887.01,209.0,64.11,72.24,252.0,248.0
1770324298567642917,348779,9.264,182.1,11.124,-123.8,2.44,2.81,-94.0,15.75,3.63,0.04,-0.03,0.04,11887.01,209.0,65.57,72.47,252.0,248.0
1770324298660067033,348902,10.22,153.4,11.008,-130.4,1.91,2.5,-94.56,15.5,3.88,0.01,-0.14,-0.07,199.8,209.0,65.9,69.56,252.0,248.0
1770324298758362300,349002,10.64,219.3,10.992,-132.7,1.95,3.93,-94.56,15.31,4.0,0.09,-0.37,0.48,208.72,207.0,65.32,65.32,252.0,248.0
1770324298881245222,349102,10.944,183.7,10.84,-124.8,2.77,2.87,-94.44,15.31,4.06,-0.28,-0.02,0.53,11889.24,207.0,65.77,70.25,252.0,248.0
1770324299004141923,349223,10.26,178.8,10.596,-115.6,2.7,2.48,-94.31,15.44,4.06,0.05,-0.01,-0.17,11884.61,216.0,65.72,71.88,252.0,248.0
1770324299131124293,349346,10.868,206.4,11.02,-151.2,3.14,2.64,-94.31,15.5,4.13,0.11,0.02,0.1,11894.55,213.0,60.24,69.83,254.0,248.0
1770324299245805927,349471,11.0,181.5,11.124,-151.7,3.28,2.11,-94.5,15.5,4.13,0.08,-0.04,-0.01,11891.12,213.0,62.61,69.81,254.0,248.0
1770324299368667958,349587,10.588,131.9,11.044,-170.6,2.56,2.75,-94.56,15.38,4.19,-0.14,-0.09,-0.23,11888.04,217.0,65.19,69.94,254.0,248.0
1770324299491545323,349711,9.656,166.3,10.832,-130.8,2.68,2.56,-94.69,15.13,4.38,0.1,0.05,-0.15,11889.92,217.0,66.81,68.2,254.0,248.0
1770324299614476786,349832,10.656,223.4,11.324,-121.3,2.38,3.63,-94.75,14.63,4.69,0.24,-0.15,0.12,11893.7,214.0,66.95,63.5,254.0,250.0
1770324299737368485,349957,9.34,230.8,10.888,-155.7,1.62,2.68,-94.31,13.88,4.88,-0.27,-0.02,0.25,11893.18,214.0,66.55,65.19,254.0,250.0
1770324299847952449,350077,9.628,193.6,11.032,-157.8,2.21,2.66,-94.06,13.88,4.88,0.3,0.09,-0.09,11889.24,214.0,64.61,69.69,254.0,250.0
1770324299970826203,350191,10.604,151.8,11.164,-151.8,2.11,3.01,-93.87,13.94,4.94,0.13,0.06,-0.21,11892.15,207.0,64.56,69.47,254.0,250.0
1770324300093727569,350314,11.0,171.5,11.332,-201.3,2.52,2.25,-93.69,13.81,4.94,-0.14,0.0,-0.13,11895.75,207.0,59.15,69.59,254.0,250.0
1770324300196130562,350436,9.972,127.2,10.708,-185.9,2.83,2.07,-93.44,13.56,4.88,-0.12,0.15,0.01,191.91,207.0,57.89,68.42,254.0,250.0
1770324300318996166,350536,10.7,156.1,11.116,-129.9,2.34,2.23,-93.12,13.13,4.81,-0.1,0.2,-0.02,11891.12,206.0,65.07,68.89,254.0,250.0
1770324300417286449,350659,11.1,205.9,11.22,-147.5,1.99,2.4,-93.12,12.56,4.94,-0.08,0.03,0.37,213.0,199.0,65.14,65.14,254.0,250.0
1770324300548368452,350759,10.744,198.6,11.248,-108.6,2.6,4.0,-92.87,12.0,5.13,0.16,-0.09,-0.01,11894.9,199.0,66.37,64.39,254.0,250.0
1770324300671349473,350892,9.6,202.3,11.4,-142.9,2.68,2.85,-92.62,11.69,5.38,-0.32,0.0,0.31,11886.66,196.0,64.92,70.71,254.0,250.0
1770324300769569676,351012,10.144,168.9,11.328,-154.4,2.17,2.91,-92.69,11.81,5.44,0.4,0.0,-0.22,206.49,196.0,64.07,71.39,254.0,250.0
1770324300872015376,351113,11.024,197.9,10.724,-118.4,2.36,2.77,-92.5,11.63,5.56,-0.2,0.24,-0.12,219.35,196.0,66.52,72.42,254.0,250.0
1770324301074065466,351213,9.804,192.5,10.824,-156.4,3.11,2.36,-92.31,11.25,5.88,-0.08,-0.27,-0.02,11887.52,196.0,62.8,71.84,256.0,250.0
1770324301097292028,351338,9.484,181.6,10.572,-151.2,2.52,3.44,-91.75,10.63,6.13,-0.02,-0.1,0.09,197.4,189.0,62.77,68.89,256.0,250.0
1770324301195613091,351437,10.888,232.0,11.232,-130.9,1.78,3.48,-92.0,10.25,5.94,0.13,0.1,-0.38,395.31,189.0,67.18,70.77,256.0,250.0
1770324301298010786,351538,10.672,267.6,11.264,-114.3,2.48,3.5,-92.37,9.75,6.06,-0.11,0.01,0.03,188.48,188.0,68.01,68.01,256.0,250.0
1770324301396294234,351638,11.112,279.8,10.252,-111.6,2.68,2.62,-92.69,9.38,6.25,0.02,0.04,0.11,191.91,188.0,64.39,64.39,256.0,252.0
1770324301498708745,351738,10.404,245.9,11.304,-140.2,2.21,3.18,-92.87,9.06,6.38,-0.51,0.22,-0.21,195.51,188.0,65.39,67.18,256.0,252.0
1770324301597014436,351839,9.96,213.1,9.828,-158.4,2.42,2.42,-92.94,9.25,6.44,0.31,0.18,-0.11,197.91,186.0,65.93,70.7,256.0,252.0
1770324301699446356,351939,10.392,193.4,10.832,-115.5,2.58,2.83,-93.12,9.31,6.38,-0.04,0.09,-0.06,205.63,188.0,65.68,72.42,256.0,252.0
1770324301818176063,352039,10.084,196.8,11.26,-140.0,3.11,2.15,-93.5,9.25,6.31,0.04,0.07,0.01,11886.84,188.0,64.02,71.4,256.0,252.0
1770324302018046010,352160,10.188,166.1,11.18,-163.6,3.03,2.48,-94.12,9.19,6.19,-0.07,-0.12,-0.18,11888.72,188.0,62.24,72.49,256.0,252.0
1770324302059899272,352280,10.708,163.1,11.148,-176.3,2.38,3.52,-94.94,8.94,6.0,0.0,-0.02,0.17,11891.47,186.0,63.83,69.27,256.0,252.0
1770324302162319987,352401,11.056,275.0,11.268,-149.4,2.66,2.89,-95.5,8.75,5.88,-0.02,0.03,-0.01,201.51,190.0,59.71,59.71,256.0,252.0
1770324302260614954,352501,10.18,275.6,11.288,-192.3,2.13,2.81,-95.81,8.5,5.94,0.18,0.27,-0.09,175.1,190.0,63.82,62.93,256.0,252.0
1770324302358875252,352601,10.756,251.9,10.124,-136.1,3.07,2.97,-96.0,8.38,6.0,0.0,-0.02,-0.24,191.39,185.0,63.96,64.77,256.0,252.0
1770324302481767838,352701,10.48,210.9,10.636,-159.1,2.7,2.13,-96.06,8.56,6.06,-0.18,0.07,-0.19,11884.26,178.0,65.77,68.76,256.0,252.0
1770324302604694371,352823,9.904,180.9,10.764,-124.5,2.6,2.64,-96.37,8.88,6.0,0.24,-0.17,0.02,11882.72,174.0,65.72,69.83,256.0,252.0
1770324302707125476,352947,11.112,189.1,10.84,-157.9,1.91,2.81,-96.75,8.94,5.88,-0.11,-0.08,-0.12,182.48,174.0,65.49,67.36,256.0,252.0
1770324302815425341,353047,10.344,206.4,11.008,-144.6,2.68,2.87,-96.94,9.0,5.75,-0.19,-0.08,0.02,178.7,173.0,63.74,67.68,258.0,252.0
1770324302907859696,353147,10.072,159.8,11.204,-160.5,2.34,2.93,-96.94,9.25,5.56,0.12,0.21,0.05,192.25,173.0,64.7,66.48,258.0,252.0
1770324303030693944,353248,11.112,167.3,11.02,-130.6,2.46,3.38,-97.0,9.44,5.56,0.21,-0.03,0.03,11902.44,170.0,64.59,60.76,258.0,254.0
1770324303129024821,353369,10.728,202.1,11.052,-190.2,2.27,3.63,-97.06,9.38,5.75,-0.12,-0.12,0.0,179.39,166.0,63.55,57.2,258.0,254.0
1770324303231416440,353469,10.58,234.6,11.156,-140.8,2.87,2.5,-96.87,9.25,5.81,-0.07,-0.08,0.06,182.99,166.0,63.6,58.23,258.0,254.0
1770324303329724074,353569,11.048,185.8,11.172,-145.9,2.21,3.32,-96.62,9.31,5.88,-0.11,-0.1,0.42,187.11,162.0,64.53,59.81,258.0,254.0
1770324303427983816,353669,9.972,188.0,11.388,-150.0,2.58,1.93,-96.44,9.69,5.88,0.11,-0.2,-0.25,179.56,162.0,66.16,61.01,258.0,254.0
1770324303530391473,353769,11.168,144.9,10.9,-194.5,2.25,2.4,-96.44,9.94,5.88,0.13,-0.07,-0.01,178.02,162.0,63.82,60.27,258.0,254.0
1770324303653340970,353869,10.608,140.2,11.004,-160.5,3.18,2.83,-96.44,10.06,5.88,0.06,0.09,0.05,11904.33,163.0,62.91,59.52,258.0,254.0
1770324303772102938,353993,10.74,136.8,11.112,-200.4,2.42,2.36,-96.5,10.31,5.75,0.05,0.0,0.03,11907.25,166.0,60.93,59.56,258.0,254.0
1770324304082048281,354113,10.632,159.0,11.156,-174.9,2.4,2.4,-96.5,10.5,5.69,0.22,0.05,0.34,11905.87,169.0,61.43,57.29,258.0,254.0
1770324304095718148,354235,10.488,142.6,10.936,-142.0,3.09,2.09,-96.56,10.5,5.56,-0.17,0.03,0.1,186.42,169.0,62.24,54.92,258.0,254.0
1770324304107026190,354335,11.096,205.7,10.616,-189.8,3.24,3.4,-96.56,10.44,5.5,0.02,0.0,0.06,191.39,172.0,60.03,49.12,258.0,254.0
1770324304194033116,354435,9.552,248.4,10.848,-149.1,3.13,3.61,-96.31,10.31,5.5,0.01,0.02,-0.12,178.36,172.0,61.07,49.04,258.0,254.0
1770324304296396732,354534,10.892,202.9,10.972,-162.2,2.93,2.89,-95.87,10.25,5.63,-0.1,-0.05,-0.16,190.88,177.0,60.37,48.46,258.0,254.0
1770324304394727330,354634,9.596,178.2,10.244,-171.5,2.32,3.28,-95.44,10.38,5.63,-0.29,0.02,0.15,186.25,175.0,60.63,50.52,258.0,254.0
1770324304497094169,354735,9.356,183.0,10.876,-149.7,3.14,3.28,-95.19,10.63,5.56,-0.28,0.09,-0.05,176.3,175.0,60.91,54.64,258.0,254.0
1770324304595438361,354835,10.616,172.3,10.972,-187.9,2.25,2.36,-95.06,10.88,5.5,-0.02,-0.11,0.09,372.33,173.0,62.17,55.09,258.0,254.0
1770324304693705899,354935,9.992,137.2,11.112,-148.1,3.36,2.48,-94.94,11.06,5.31,0.0,-0.1,-0.08,177.5,176.0,60.63,54.73,260.0,254.0
1770324304796160281,355035,10.076,163.3,11.084,-180.1,2.5,2.46,-94.81,11.25,5.13,0.01,-0.08,-0.12,174.76,176.0,59.12,54.64,260.0,254.0
1770324304894461637,355134,11.0,144.4,10.908,-188.0,2.52,2.5,-94.87,11.31,4.94,0.17,-0.04,0.03,374.73,172.0,60.03,54.58,260.0,254.0
1770324305021437483,355234,9.548,192.1,10.596,-150.1,3.38,2.68,-94.87,11.31,4.69,0.1,0.18,0.11,11909.99,178.0,61.78,53.31,260.0,254.0
1770324305119760692,355360,10.66,170.3,11.02,-132.9,3.05,3.16,-95.12,11.19,4.56,0.05,0.0,-0.07,183.5,178.0,61.4,50.87,260.0,254.0
1770324305222162218,355460,10.564,170.5,8.464,0.0,2.6,3.71,-95.37,11.06,4.44,-0.14,-0.02,0.36,182.99,175.0,61.92,52.01,260.0,254.0
1770324305340918868,355560,10.12,252.7,10.724,-192.1,2.64,3.69,-95.37,11.0,4.5,-0.14,-0.04,0.09,11923.19,175.0,59.24,46.51,260.0,256.0
1770324305443336895,355681,10.784,169.2,10.832,-186.1,3.61,2.83,-95.25,11.13,4.5,-0.05,0.03,-0.01,190.71,175.0,55.54,44.79,260.0,256.0
1770324305541617230,355781,10.9,156.8,11.088,-189.5,2.34,2.09,-95.25,11.31,4.56,0.0,-0.02,-0.21,175.62,175.0,57.99,50.05,260.0,256.0
1770324305664547317,355881,10.788,132.8,11.344,-163.6,2.6,2.81,-95.0,11.63,4.5,-0.05,-0.07,-0.07,11917.36,173.0,58.6,51.7,260.0,256.0
1770324305787409472,356004,9.3,151.9,11.332,-224.4,3.55,2.87,-94.75,12.13,4.44,0.21,-0.02,-0.13,11921.14,176.0,55.91,51.07,260.0,256.0
1770324305885719050,356126,10.1,157.8,10.908,-179.4,2.44,2.62,-94.81,12.31,4.25,0.01,0.09,-0.04,182.3,176.0,59.88,50.52,260.0,256.0
1770324305988164098,356227,10.836,142.3,11.284,-148.9,3.05,2.75,-94.75,12.31,4.19,-0.07,-0.04,0.04,177.5,177.0,61.17,50.84,260.0,256.0
1770324306294049472,356327,11.176,0.0,11.212,-148.8,3.07,2.23,-94.81,12.31,4.19,-0.01,-0.13,-0.07,11917.71,179.0,61.06,51.7,260.0,256.0
1770324306332233079,356449,10.436,151.6,10.892,-171.4,3.11,2.83,-94.69,12.25,4.13,0.07,0.01,-0.03,11915.82,185.0,61.24,49.41,260.0,256.0
1770324306340663200,356570,10.176,172.2,11.016,-150.8,2.81,2.73,-94.62,12.19,4.19,-0.08,-0.04,-0.16,166.01,185.0,59.88,46.78,260.0,256.0
1770324306450949948,356670,10.884,163.3,10.884,-157.8,3.52,3.01,-94.5,12.19,4.19,0.18,-0.18,-0.18,11930.74,183.0,58.52,45.19,260.0,256.0
1770324306573868459,356791,10.824,206.0,11.024,-193.9,2.73,4.14,-94.0,12.19,4.06,-0.03,0.02,0.08,11929.37,182.0,57.06,40.36,260.0,256.0
1770324306676314951,356913,10.688,198.9,11.036,-265.2,4.02,3.75,-93.37,12.44,3.81,-0.02,0.05,-0.18,198.25,182.0,51.25,42.1,260.0,256.0
1770324306799184717,357013,9.864,180.7,10.944,-208.4,3.38,2.36,-93.06,12.69,3.75,0.03,0.08,0.03,11932.97,184.0,51.19,45.45,262.0,256.0
1770324306917998594,357137,9.32,169.0,11.008,-222.2,4.24,2.99,-92.87,12.88,3.69,0.2,0.06,-0.15,11924.39,185.0,55.45,47.92,262.0,256.0
1770324307118047197,357258,9.988,177.1,10.836,-213.3,3.4,2.6,-92.87,12.94,3.69,0.12,0.15,-0.04,11919.76,184.0,57.98,48.31,262.0,256.0
1770324307139161547,357379,9.692,172.3,11.208,-151.2,3.3,3.22,-92.81,12.88,3.5,-0.01,0.02,-0.1,169.79,184.0,58.01,46.78,262.0,256.0
1770324307241592666,357479,10.46,135.2,11.38,-174.1,2.93,2.3,-92.69,12.69,3.38,-0.04,0.07,-0.02,156.41,184.0,58.78,49.25,262.0,256.0
1770324307339858443,357579,10.416,152.8,11.076,-164.6,2.95,2.42,-92.62,12.56,3.25,0.07,-0.02,-0.14,190.71,184.0,60.91,50.16,262.0,256.0
1770324307462733042,357680,9.748,102.7,11.172,-195.5,2.64,1.82,-92.44,12.5,3.06,0.0,0.04,0.02,11920.79,183.0,57.89,49.28,262.0,256.0
1770324307581554900,357800,10.064,119.8,10.852,-176.5,3.63,2.52,-92.19,12.31,2.75,0.0,0.0,-0.05,11457.23,185.0,57.8,47.1,262.0,256.0
1770324307679942835,357918,10.136,167.2,11.172,-188.0,2.87,2.6,-91.81,12.13,2.5,0.04,0.07,-0.14,171.5,194.0,57.2,46.07,262.0,256.0
1770324307802746855,358018,10.424,155.6,11.212,-247.1,3.93,3.63,-91.44,12.13,2.31,0.04,-0.09,-0.06,11937.94,189.0,53.49,44.08,262.0,258.0
1770324307917449651,358141,10.248,205.4,11.124,-262.7,4.55,2.97,-91.06,12.19,2.25,-0.1,-0.01,-0.23,11935.37,189.0,50.52,43.2,262.0,258.0
1770324308118042835,358256,10.308,123.6,11.248,-190.0,3.85,2.09,-90.81,12.19,2.13,-0.18,0.3,0.08,11919.08,193.0,54.98,48.71,262.0,258.0
1770324308159058397,358378,11.112,120.7,10.98,-150.8,3.14,1.91,-90.69,12.25,2.13,-0.07,0.13,-0.27,11914.1,195.0,58.46,50.8,262.0,258.0
1770324308286105580,358499,9.448,138.3,11.292,-149.8,2.83,2.13,-90.62,12.31,2.06,0.14,0.06,0.1,11909.47,194.0,57.98,51.07,262.0,258.0
1770324308392637499,358623,9.952,105.1,10.128,-156.8,2.48,1.68,-90.69,12.25,2.13,0.1,0.01,0.03,10340.08,194.0,59.17,52.34,262.0,258.0
1770324308515454019,358730,10.324,120.5,11.356,-145.6,3.22,1.7,-90.69,12.25,2.06,0.04,-0.08,0.1,11911.02,195.0,58.94,53.33,262.0,258.0
1770324308634286285,358852,10.708,134.5,11.04,-206.9,2.77,2.7,-90.56,12.25,2.0,-0.06,0.03,-0.04,11914.1,196.0,57.76,50.8,262.0,258.0
1770324308761263184,358973,10.812,137.4,10.94,-161.3,2.95,2.75,-90.25,12.25,1.81,0.02,0.02,-0.03,11920.62,201.0,55.91,49.0,264.0,258.0
1770324308880059799,359097,10.644,168.1,10.736,-256.8,4.06,3.09,-90.0,12.31,1.69,0.13,-0.01,0.11,11925.6,201.0,53.52,46.38,264.0,258.0
1770324309082044318,359219,11.068,170.3,11.064,-195.0,3.07,2.68,-89.56,12.31,1.56,0.0,-0.19,-0.04,11932.11,199.0,54.83,41.78,264.0,258.0
1770324309125836331,359342,10.856,152.9,10.956,-171.7,2.66,2.81,-89.0,12.19,1.44,0.07,0.01,0.1,11929.03,204.0,54.98,43.15,264.0,258.0
1770324309224141313,359462,11.18,164.9,11.072,0.0,3.03,2.46,-88.69,12.13,1.44,-0.26,0.14,-0.13,5948.65,199.0,55.81,48.96,264.0,258.0
1770324309342895368,359562,10.196,125.1,11.248,-155.0,3.32,2.68,-88.56,12.19,1.44,0.1,-0.01,0.25,11916.16,199.0,58.3,51.82,264.0,258.0
1770324309461662832,359678,10.712,143.2,11.348,-192.9,3.03,2.42,-88.37,12.31,1.44,0.01,-0.05,0.05,11915.82,202.0,57.98,50.38,264.0,258.0
1770324309584585989,359800,10.032,110.8,11.128,-152.8,2.89,1.99,-88.31,12.38,1.37,0.05,0.09,-0.02,11913.93,202.0,57.98,51.77,264.0,258.0
1770324309711576259,359922,10.7,109.1,9.912,-146.9,2.83,1.8,-88.25,12.38,1.37,0.12,0.08,0.18,11914.28,204.0,58.67,51.77,264.0,258.0
1770324309830299219,360048,10.16,111.3,10.872,-201.8,3.24,2.52,-88.0,12.31,1.19,-0.08,-0.05,0.0,11915.31,205.0,56.36,51.61,264.0,258.0
1770324310034046586,360169,10.728,159.4,11.276,-183.4,3.54,2.21,-87.75,12.44,1.06,0.11,0.2,-0.87,11923.02,205.0,53.72,47.18,264.0,258.0
1770324310067958897,360284,10.392,121.7,11.284,-240.3,3.11,2.42,-87.5,12.38,1.0,0.09,0.0,-0.15,11930.05,207.0,54.73,42.8,264.0,258.0
1770324310190835328,360403,10.508,172.1,11.016,-197.9,2.95,4.08,-87.12,12.25,0.94,0.08,0.07,0.03,11930.74,209.0,55.43,38.59,264.0,260.0
1770324310313727945,360526,10.664,172.8,10.548,-204.2,2.83,3.28,-86.69,12.06,0.94,0.23,0.02,-0.15,11932.63,212.0,55.91,40.42,264.0,260.0
1770324310412003776,360649,10.996,159.1,10.76,-189.4,2.58,2.48,-86.37,11.88,1.0,-0.06,-0.14,-0.1,225.69,212.0,56.75,40.27,264.0,260.0
1770324310510269625,360749,10.24,125.9,11.052,-208.7,2.46,1.97,-86.06,11.81,1.06,-0.73,0.11,-0.1,201.17,211.0,56.94,46.51,264.0,260.0
1770324310637321622,360849,10.44,98.7,11.38,-193.2,2.34,1.52,-85.87,12.0,1.06,0.06,-0.05,-0.11,11915.82,210.0,56.8,52.81,264.0,260.0
1770324310735634642,360973,10.104,155.1,10.828,-166.8,2.6,2.6,-85.69,12.06,1.06,0.19,0.0,-0.15,235.98,210.0,57.26,52.21,264.0,260.0
1770324310838053925,361073,10.656,146.7,11.264,-181.0,2.34,2.6,-85.56,12.06,1.0,-0.07,0.07,0.06,211.8,211.0,57.7,50.68,264.0,260.0
1770324310936345073,361174,10.328,147.4,11.312,-194.6,3.09,2.21,-85.25,12.06,0.94,0.12,0.0,0.03,203.4,211.0,58.23,50.16,266.0,260.0
1770324311038749003,361273,10.716,155.3,10.912,-202.6,3.03,2.73,-84.94,12.06,0.88,-0.05,-0.12,0.32,211.29,213.0,56.94,51.32,266.0,260.0
1770324311157516410,361373,10.648,134.3,11.02,-138.5,2.64,2.64,-84.75,12.0,0.75,0.2,0.13,0.0,11912.56,217.0,59.14,52.63,266.0,260.0
1770324311280382061,361495,10.84,148.6,11.392,-143.1,2.17,2.71,-84.69,11.88,0.69,0.09,-0.04,0.0,11916.16,212.0,59.76,51.61,266.0,260.0
1770324311399171451,361618,10.944,182.5,10.684,-182.1,2.32,3.05,-84.56,11.56,0.81,0.16,0.0,-0.12,11924.05,212.0,58.58,47.59,266.0,260.0
1770324311522067679,361734,10.64,257.0,10.84,-150.3,2.71,3.83,-84.12,11.25,1.0,-0.05,-0.01,-0.01,11923.02,211.0,58.46,46.63,266.0,260.0
1770324311644981205,361859,10.3,197.9,11.004,-175.5,3.11,2.89,-83.62,11.25,1.12,-0.07,-0.05,0.03,11910.5,213.0,57.47,53.46,266.0,260.0
1770324311767878211,361980,10.744,121.0,10.744,-169.1,2.46,2.87,-83.31,11.38,1.12,0.04,-0.03,0.28,11905.7,207.0,60.24,59.56,266.0,260.0
1770324312074069843,362103,11.192,160.9,11.18,-185.1,2.58,2.58,-83.25,11.5,1.06,0.03,-0.11,-0.22,11910.16,210.0,57.51,57.51,266.0,260.0
1770324312107848308,362233,10.82,190.2,11.016,-175.0,3.52,2.27,-83.37,11.63,1.12,0.29,0.07,0.13,11904.84,210.0,58.19,60.24,266.0,260.0
1770324312140626840,362353,10.932,112.8,10.772,-149.0,2.81,2.46,-83.56,11.63,1.12,0.2,0.13,-0.09,11897.81,202.0,60.81,63.49,266.0,260.0
1770324312259407525,362476,9.72,152.0,10.844,-170.5,2.15,1.95,-83.94,11.63,1.25,0.22,0.02,-0.17,11900.04,207.0,60.05,62.12,266.0,260.0
1770324312357730100,362595,11.12,178.4,11.288,-202.4,2.77,2.44,-84.44,11.56,1.5,0.17,-0.11,-0.04,216.6,207.0,59.88,59.88,266.0,260.0
1770324312480572156,362694,9.256,218.8,11.336,-144.7,2.64,2.79,-84.5,11.31,1.75,0.04,-0.08,0.09,11916.68,205.0,59.66,55.82,266.0,262.0
1770324312578885601,362815,9.952,171.0,11.1,-152.2,2.48,3.11,-84.31,11.25,2.13,-0.02,-0.2,0.17,205.29,206.0,57.26,50.52,266.0,262.0
1770324312701816423,362915,9.84,168.8,11.236,-174.2,2.42,2.81,-84.0,11.38,2.25,-0.27,0.01,0.1,11907.76,203.0,59.29,55.31,266.0,262.0
1770324312816496641,363036,9.792,166.5,10.928,-169.2,2.89,2.5,-83.87,11.56,2.25,0.04,0.05,0.0,11908.1,203.0,61.51,59.31,266.0,262.0
1770324312918904015,363152,9.616,155.0,9.64,-195.2,2.7,1.74,-84.06,11.81,2.44,-0.12,0.01,-0.07,215.4,203.0,56.14,57.7,266.0,262.0
1770324313017207459,363252,10.428,128.4,11.048,-212.4,3.34,1.64,-84.44,12.13,2.75,0.06,-0.1,-0.14,214.55,203.0,57.33,58.23,268.0,262.0
1770324313119619333,363353,10.548,159.2,11.324,-181.4,2.68,2.01,-84.75,12.31,3.0,0.03,0.03,-0.02,215.58,203.0,59.58,57.99,268.0,262.0
1770324313242046910,363453,10.984,148.7,11.108,-152.4,3.07,1.89,-85.06,12.5,3.38,0.06,0.15,-0.21,229.98,199.0,60.26,57.79,268.0,262.0
1770324313316192402,363553,9.688,2.2,10.768,-126.9,1.41,0.2,-85.56,12.63,3.88,-0.08,0.11,-0.25,205.63,199.0,56.44,43.89,268.0,262.0
1770324313443196208,363653,11.28,14.4,11.536,1.6,0.53,1.09,-85.31,13.13,5.13,0.19,-1.63,0.03,12045.13,195.0,10.1,0.48,268.0,262.0
1770324313566097602,363779,9.996,15.2,11.484,-0.1,-0.43,1.17,-85.37,13.13,5.13,0.07,-0.14,-0.06,12051.3,187.0,0.68,0.0,268.0,262.0
1770324313684893973,363899,10.744,14.2,11.164,0.0,-0.39,1.21,-85.37,13.13,5.13,0.02,-0.02,-0.02,12050.28,184.0,0.0,268.0,262.0,
1770324313886044159,364019,9.784,16.1,11.304,0.0,-0.27,1.07,-85.37,13.13,5.13,0.02,0.0,-0.03,12051.3,187.0,0.0,268.0,262.0,
1770324313930666443,364140,11.392,14.8,11.356,-0.7,-0.23,1.09,-85.37,13.13,5.13,0.02,-0.02,-0.01,12051.99,187.0,0.0,268.0,262.0,
1770324314049444257,364266,11.176,14.5,11.424,-0.3,-0.49,1.11,-85.37,13.13,5.13,0.02,0.0,-0.03,12051.13,185.0,0.0,268.0,262.0,
1770324314168231367,364385,9.856,16.6,11.492,-0.2,-0.29,1.21,-85.37,13.13,5.13,0.02,0.0,-0.04,12050.96,187.0,0.0,268.0,262.0,
1770324314291116259,364505,11.176,16.3,11.492,-0.4,-0.45,1.19,-85.37,13.13,5.13,0.01,-0.02,-0.06,12049.59,187.0,0.0,268.0,262.0,
1770324314413993558,364624,9.796,15.4,11.42,-0.6,-0.27,1.11,-85.37,13.13,5.13,0.01,-0.01,-0.05,12051.82,189.0,0.0,268.0,262.0,
1770324314528677701,364748,10.408,16.8,10.924,-0.8,-0.27,1.15,-85.37,13.13,5.13,0.01,0.0,-0.01,12050.96,189.0,0.0,268.0,262.0,
1770324314655682117,364862,10.904,13.3,11.516,-0.9,-0.31,1.15,-85.37,13.13,5.13,0.01,0.0,-0.03,12052.16,190.0,0.0,268.0,262.0,
1770324314774533862,364990,11.504,16.1,11.308,-0.4,-0.39,1.13,-85.37,13.13,5.13,0.02,0.0,-0.03,12051.82,188.0,0.0,268.0,262.0,
1770324314893221483,365109,10.364,14.9,11.5,-0.7,-0.43,1.19,-85.37,13.13,5.13,0.02,0.0,-0.02,12049.25,189.0,0.0,268.0,262.0,
1770324315012026854,365230,9.792,14.9,11.408,-0.5,-0.33,1.04,-85.37,13.13,5.13,0.02,-0.02,-0.03,12051.13,189.0,0.0,268.0,262.0,
1770324315136160626,365347,11.424,15.0,11.56,-0.1,-0.29,1.19,-85.37,13.13,5.13,0.02,0.0,-0.03,12051.13,189.0,0.0,268.0,262.0,
1770324315253671390,365468,9.792,15.8,10.812,-0.7,-0.33,1.15,-85.37,13.13,5.13,0.01,0.0,-0.03,12049.76,181.0,0.0,268.0,262.0,
1770324315376666920,365590,11.248,13.2,11.532,-0.5,-0.59,1.21,-85.37,13.13,5.13,0.04,0.0,0.01,12049.93,190.0,0.0,268.0,262.0,
1770324315491233923,365709,10.536,16.6,11.456,-0.1,-0.37,1.13,-85.37,13.13,5.13,0.03,0.0,-0.04,12051.82,190.0,0.0,268.0,262.0,
1770324315614198654,365827,11.22,15.2,11.504,0.0,-0.33,1.19,-85.37,13.13,5.13,0.02,0.0,-0.03,12050.96,184.0,0.0,268.0,262.0,
1770324315732980226,365946,11.308,16.5,11.504,0.4,-0.35,1.21,-85.37,13.13,5.13,0.0,-0.01,0.0,12048.9,186.0,0.0,268.0,262.0,
1770324315851773281,366066,10.96,14.8,10.568,0.2,-0.43,1.13,-85.37,13.13,5.13,0.04,-0.02,-0.04,12038.44,187.0,0.0,268.0,262.0,
1770324315970568984,366187,11.4,16.5,11.244,-0.7,-0.35,1.25,-85.37,13.13,5.13,0.01,0.0,-0.04,12050.96,187.0,0.0,268.0,262.0,
1770324316093453801,366305,11.432,14.2,10.616,-0.3,-0.37,1.13,-85.37,13.13,5.13,0.0,0.02,-0.03,12052.5,187.0,0.0,268.0,262.0,
1770324316212213871,366426,9.724,16.8,11.492,0.1,-0.41,1.21,-85.37,13.13,5.13,0.0,0.0,-0.05,12053.19,186.0,0.0,268.0,262.0,
1770324316335119838,366547,11.328,14.6,11.484,-0.4,-0.39,1.27,-85.37,13.13,5.13,0.03,0.01,0.01,12052.5,188.0,0.0,268.0,262.0,
1770324316453868222,366666,11.548,15.6,11.48,-0.5,-0.43,1.07,-85.37,13.13,5.13,0.02,0.0,-0.02,12051.13,184.0,0.0,268.0,262.0,
1770324316572688871,366787,9.78,16.3,10.676,0.1,-0.43,1.35,-85.37,13.13,5.13,0.0,0.0,-0.05,12052.85,184.0,0.0,268.0,262.0,
1770324316691486925,366907,9.5,14.3,11.52,-0.5,-0.21,1.17,-85.37,13.13,5.13,0.08,0.01,-0.03,12053.19,188.0,0.0,268.0,262.0,
1770324316814382483,367026,10.984,14.8,10.364,0.0,-0.39,1.19,-85.37,13.13,5.13,-0.02,-0.02,-0.04,12050.96,188.0,0.0,268.0,262.0,
1770324316929073089,367145,9.94,15.4,10.996,0.2,-0.39,1.33,-85.37,13.13,5.13,-0.01,-0.03,-0.21,12052.85,188.0,0.0,268.0,262.0,
1770324317052163459,367260,9.632,17.3,11.368,0.2,-0.29,1.23,-85.37,13.13,5.13,0.06,0.05,-0.09,12053.19,188.0,0.0,268.0,262.0,
1770324317170737588,367382,9.8,15.5,10.352,-1.1,-0.31,1.13,-85.37,13.13,5.13,-0.13,-0.06,0.12,12052.5,188.0,0.0,268.0,262.0,
1770324317269107590,367503,11.416,15.5,11.156,-0.4,-0.18,1.23,-85.94,13.31,5.25,1.15,1.13,0.77,223.64,188.0,0.0,268.0,262.0,
1770324317387792357,367603,10.084,16.2,11.212,-0.5,-0.39,1.29,-89.25,14.63,5.75,1.57,0.65,1.32,12052.5,188.0,0.0,268.0,262.0,
1770324317510697175,367722,10.708,16.3,11.4,-0.4,-0.33,1.23,-96.0,15.63,4.38,2.11,0.43,1.84,12052.5,208.0,0.0,268.0,262.0,
1770324317637737055,367845,11.58,14.5,11.272,0.4,-0.35,1.25,-103.94,17.31,-0.06,1.65,0.09,1.51,12051.65,306.0,0.0,268.0,262.0,
1770324317756430490,367972,11.072,18.2,11.284,-0.7,-0.33,1.27,-111.44,19.56,-5.19,-0.31,0.78,-2.23,12051.65,514.0,0.0,268.0,262.0,
1770324317858908719,368091,9.276,14.5,11.26,-0.4,-0.35,1.31,-120.44,20.25,-7.31,-1.23,0.58,-2.8,644.5,514.0,0.0,268.0,262.0,
1770324318058044810,368191,11.148,15.2,10.776,-0.3,-0.35,1.15,-128.44,21.81,-7.19,-1.1,0.42,-3.13,12052.33,638.0,0.0,268.0,262.0,
1770324318084190091,368315,9.896,17.5,11.248,-0.1,-0.29,1.43,-137.44,23.62,-4.5,-1.37,0.55,-2.28,552.4,629.0,0.0,268.0,262.0,
1770324318202979848,368415,9.288,15.1,11.38,-0.3,-0.31,1.27,-145.06,23.31,-0.06,-1.61,0.53,-0.38,12048.9,526.0,0.0,268.0,262.0,
1770324318317684972,368535,11.26,15.8,10.952,0.7,-0.33,1.27,-153.44,22.06,5.75,-1.49,0.19,0.65,12050.79,526.0,0.0,268.0,262.0,
1770324318436422780,368651,10.292,14.6,11.488,-0.5,-0.31,1.05,-158.25,19.75,9.38,-1.94,0.15,1.32,12050.45,412.0,0.0,268.0,262.0,
1770324318559355655,368770,11.108,15.7,11.284,-0.3,-0.47,1.35,-161.06,18.5,9.19,-1.67,0.3,0.94,12049.76,332.0,0.0,268.0,262.0,
1770324318678154746,368892,10.78,17.6,11.44,-0.7,-0.35,1.23,-163.63,18.5,6.5,-1.03,-0.02,0.79,12049.42,291.0,0.0,268.0,262.0,
1770324318792831497,369011,11.184,15.5,11.196,-0.3,-0.41,1.17,-165.19,17.44,4.19,-0.79,-0.52,0.97,12049.93,291.0,0.0,268.0,262.0,
1770324318891099769,369125,10.272,14.4,11.376,-0.4,-0.27,1.17,-166.81,15.75,3.19,-0.54,-0.24,0.69,256.22,255.0,0.0,268.0,262.0,
1770324319014045497,369225,10.836,15.7,11.44,0.0,-0.2,1.17,-167.88,14.94,3.31,-0.1,-0.47,0.9,12049.76,239.0,0.0,268.0,262.0,
1770324319128726804,369346,10.94,14.3,10.736,-0.3,-0.41,1.07,-168.5,14.06,4.0,0.01,-0.11,-0.85,12051.3,239.0,0.0,268.0,262.0,
1770324319243346143,369460,10.704,14.8,10.844,-0.5,-0.2,1.19,-168.56,14.5,4.56,0.63,-0.1,-0.6,12050.45,231.0,0.0,268.0,262.0,
1770324319366273165,369577,11.048,15.1,11.436,-1.0,-0.23,1.13,-168.81,13.94,6.0,0.68,0.19,-0.03,12049.42,210.0,0.0,268.0,262.0,
1770324319464580847,369697,10.484,16.0,11.116,-0.4,-0.2,1.37,-169.56,13.31,7.69,-0.29,-0.25,0.02,221.92,210.0,0.0,268.0,262.0,
1770324319587493646,369798,10.3,14.5,10.804,-0.7,-0.39,1.07,-169.5,13.88,9.0,-0.14,-0.35,0.16,12047.7,196.0,0.0,1.44,268.0,262.0
1770324319706286662,369920,9.836,9.3,11.568,1.1,-0.23,0.86,-169.44,14.63,9.56,0.56,-0.36,-0.11,12051.99,186.0,0.0,1.38,268.0,262.0
1770324319829170218,370038,9.716,15.8,10.924,-0.4,-0.35,1.17,-169.5,14.69,9.69,-0.07,0.06,-0.02,12049.42,182.0,0.0,268.0,262.0,
1770324319947947584,370159,11.304,14.0,11.264,-0.6,-0.25,1.23,-169.5,14.69,9.69,0.01,0.04,-0.06,12050.28,181.0,0.0,268.0,262.0,
1770324320062620131,370281,10.88,14.5,11.464,-0.4,-0.18,1.19,-169.44,14.69,9.69,0.0,0.03,-0.05,12049.76,181.0,0.0,268.0,262.0,
1770324320362045119,370396,10.804,16.6,10.092,0.0,-0.25,1.37,-169.44,14.69,9.69,0.03,0.02,-0.07,12051.13,182.0,0.0,268.0,262.0,
1770324320390339818,370513,9.896,15.3,11.464,-0.4,-0.23,1.35,-169.44,14.69,9.69,0.03,0.02,-0.06,12049.93,182.0,0.0,268.0,262.0,
1770324320418979526,370633,9.524,14.4,10.836,-0.2,-0.21,1.29,-169.44,14.69,9.69,0.02,0.01,-0.03,12050.1,179.0,0.0,268.0,262.0,
1770324320546001867,370752,10.248,16.6,11.504,-0.3,-0.27,1.17,-169.44,14.69,9.69,0.01,0.02,-0.05,12051.13,179.0,0.0,268.0,262.0,
1770324320664756156,370877,10.856,16.4,11.372,-0.2,-0.21,1.27,-169.44,14.69,9.69,0.01,0.02,-0.05,12050.96,180.0,0.0,268.0,262.0,
1770324320787677808,370998,10.88,16.5,10.772,-0.5,-0.33,1.41,-169.44,14.69,9.69,0.02,0.01,-0.04,12049.42,181.0,0.0,268.0,262.0,
1770324320912160958,371119,10.848,16.5,11.34,-0.8,-0.23,1.15,-169.44,14.69,9.69,0.0,0.02,-0.04,12050.45,181.0,0.0,268.0,262.0,
1770324321025258949,371239,9.716,16.8,11.476,-0.1,-0.29,1.43,-169.44,14.69,9.69,0.02,0.03,-0.03,12050.1,181.0,0.0,268.0,262.0,
1770324321148142189,371357,10.812,16.4,11.18,0.2,-0.25,1.05,-169.44,14.69,9.69,0.02,0.0,-0.03,12049.93,179.0,0.0,268.0,262.0,
1770324321271043856,371478,10.872,15.6,11.428,-0.4,-0.33,1.35,-169.44,14.69,9.69,0.02,0.03,-0.07,12050.45,181.0,0.0,268.0,262.0,
1770324321389776329,371600,11.484,15.7,11.392,-0.1,-0.29,1.27,-169.44,14.69,9.69,0.02,0.02,-0.04,12049.25,183.0,0.0,268.0,262.0,
1770324321516797243,371722,10.512,16.0,10.98,-0.7,-0.25,1.25,-169.44,14.69,9.69,0.02,0.01,-0.06,12049.76,184.0,0.0,268.0,262.0,
1770324321627408325,371847,10.252,15.9,11.268,-0.5,-0.31,1.25,-169.44,14.69,9.69,0.02,0.01,-0.05,12051.13,184.0,0.0,268.0,262.0,
1770324321750284564,371960,11.128,18.8,10.912,-0.1,-0.41,1.58,-169.44,14.69,9.69,0.02,0.0,-0.05,12051.82,180.0,0.0,268.0,262.0,
1770324321872162277,372079,10.44,15.2,11.404,-1.0,-0.37,1.15,-169.44,14.69,9.69,0.03,0.0,-0.05,12048.73,182.0,0.0,268.0,262.0,
1770324321991960523,372199,10.44,15.0,11.22,-0.5,-0.29,1.37,-169.44,14.69,9.69,0.0,0.03,-0.03,12050.45,183.0,0.0,268.0,262.0,
1770324322102539528,372322,11.22,9.3,11.092,-0.1,0.08,0.72,-169.44,14.69,9.69,0.01,0.0,-0.08,12050.28,183.0,0.0,268.0,262.0,
1770324322225445270,372434,11.296,13.9,10.624,-0.7,-0.2,1.31,-169.44,14.69,9.69,0.0,0.02,-0.04,12049.08,183.0,0.0,268.0,262.0,
1770324322344210263,372555,9.66,17.0,11.064,0.8,-0.02,1.43,-169.44,14.69,9.69,0.01,0.01,-0.06,12051.13,182.0,0.0,268.0,262.0,
1770324322462978072,372675,10.876,15.3,11.22,0.4,0.02,1.21,-169.44,14.69,9.69,0.01,0.02,-0.07,12048.73,179.0,0.0,268.0,262.0,
1770324322585906500,372795,11.18,16.1,11.496,-3.7,0.76,1.41,-169.44,14.69,9.69,0.02,0.01,-0.03,12048.56,179.0,0.75,0.0,268.0,262.0
1770324322704706070,372915,11.444,18.0,11.476,-7.1,0.88,1.46,-169.44,14.69,9.69,0.01,-0.01,-0.06,12028.15,183.0,6.63,9.28,268.0,262.0
1770324322836146033,373036,10.316,73.8,10.716,-23.4,2.15,2.38,-169.56,14.69,9.75,-0.4,0.47,-0.2,12024.55,179.0,2.78,17.4,268.0,262.0
1770324322925889990,373157,11.052,114.5,10.964,-56.3,3.32,2.75,-170.5,14.56,10.13,0.48,0.08,0.14,195.68,179.0,5.49,29.29,268.0,262.0
1770324323052879012,373258,10.4,136.3,10.952,-62.3,2.7,2.3,-171.69,14.81,10.44,-0.05,0.07,-0.2,11996.77,174.0,9.62,33.2,268.0,262.0
1770324323171657951,373382,10.768,108.2,11.236,-89.4,2.66,3.42,-172.69,15.06,10.75,-0.02,0.03,-0.02,11988.02,173.0,18.33,30.56,268.0,262.0
1770324323270003171,373502,10.116,149.5,10.784,-137.5,2.48,2.93,-172.94,15.5,11.06,0.17,0.0,0.0,234.1,173.0,27.46,32.95,268.0,262.0
1770324323372338868,373602,10.96,150.9,10.98,-131.1,2.64,2.48,-173.0,15.75,11.19,-0.17,0.08,-0.15,199.97,172.0,34.01,34.82,268.0,262.0
1770324323495229386,373702,10.892,123.1,11.22,-120.1,2.6,2.77,-172.81,15.94,11.19,-0.05,0.0,0.2,11945.15,170.0,41.36,40.38,268.0,262.0
1770324323626338580,373826,10.692,124.6,11.292,-127.6,2.46,1.78,-172.81,16.37,11.25,-0.02,-0.03,-0.01,11935.89,169.0,45.5,48.21,268.0,262.0
1770324323758044656,373956,10.816,108.7,10.94,-164.2,3.55,1.52,-173.13,16.56,11.38,0.1,-0.06,-0.16,190.19,169.0,45.93,48.99,268.0,262.0
1770324323822961274,374055,10.86,90.5,11.336,-172.0,3.26,1.33,-173.38,16.5,11.38,-0.1,-0.05,0.0,190.36,167.0,50.52,51.32,268.0,262.0
1770324323949940295,374155,10.492,112.7,11.204,-207.9,3.42,2.4,-173.31,16.56,11.38,0.21,-0.06,0.1,11928.85,166.0,51.32,49.83,268.0,262.0
1770324324048234548,374280,10.828,115.0,10.928,-169.1,2.7,1.97,-173.25,16.69,11.31,0.0,0.1,-0.01,213.69,166.0,49.84,48.12,268.0,262.0
1770324324150664864,374380,10.748,123.5,10.668,-189.0,3.2,2.11,-173.25,16.69,11.31,0.05,0.0,-0.13,178.02,164.0,50.05,49.25,268.0,262.0
1770324324248962006,374480,10.48,97.6,11.328,-174.2,2.75,1.93,-173.19,16.62,11.25,-0.03,0.21,-0.03,185.91,162.0,51.69,47.52,268.0,262.0
1770324324371836651,374580,10.272,124.8,10.992,-162.0,3.18,2.93,-173.13,16.56,11.38,0.04,-0.06,0.09,11934.51,163.0,52.13,43.1,268.0,262.0
1770324324486508233,374702,10.108,172.1,11.32,-164.7,3.63,2.83,-172.88,16.44,11.44,0.33,0.0,-0.2,11941.37,163.0,48.94,40.3,268.0,264.0
1770324324588956106,374816,9.684,129.7,11.224,-190.4,3.34,3.36,-172.56,16.31,11.44,0.22,0.21,0.0,185.39,161.0,49.53,39.63,268.0,264.0
1770324324707773658,374917,10.88,157.2,10.612,-180.3,2.62,2.81,-172.25,16.37,11.44,-0.33,-0.06,0.08,11937.77,163.0,49.04,42.6,268.0,264.0
1770324324806054392,375037,10.02,121.8,10.944,-153.7,3.38,2.34,-172.0,16.62,11.38,-0.12,-0.05,-0.14,199.45,163.0,48.37,50.16,268.0,264.0
1770324324908465613,375137,9.94,110.1,11.284,-193.6,3.54,1.72,-172.0,16.81,11.31,0.1,0.24,-0.18,205.11,163.0,50.36,53.66,268.0,264.0
1770324325038044699,375237,10.684,110.9,11.28,-162.6,2.46,2.7,-172.06,16.94,11.38,-0.05,-0.13,-0.1,11918.22,168.0,51.21,55.64,268.0,264.0
1770324325150132030,375357,10.708,175.4,11.28,-159.4,2.87,2.11,-172.25,17.0,11.25,0.25,-0.1,-0.1,11917.54,167.0,48.82,60.15,270.0,264.0
1770324325264794778,375478,11.012,175.7,11.232,-213.1,3.77,2.42,-172.63,17.06,11.13,0.14,0.0,-0.2,11917.71,167.0,49.66,59.73,270.0,264.0
1770324325387665941,375595,9.904,126.4,11.28,-148.9,2.4,2.7,-172.88,17.12,11.06,0.13,-0.04,0.07,11917.88,175.0,53.65,57.72,270.0,264.0
1770324325510548365,375716,10.796,164.8,9.892,-130.3,3.13,2.09,-173.31,17.06,10.94,0.16,0.0,-0.07,11918.74,179.0,52.19,55.67,270.0,264.0
1770324325629392789,375838,10.256,148.6,10.596,-190.4,3.13,3.07,-173.69,17.0,10.94,0.04,-0.16,-0.04,11931.6,184.0,50.52,49.82,270.0,264.0
1770324325748179357,375959,9.484,207.6,11.204,-195.7,3.32,3.59,-173.69,16.81,11.0,0.1,-0.03,-0.21,11928.68,184.0,49.79,50.52,270.0,264.0
1770324325866931256,376076,9.312,177.4,10.968,-193.8,2.81,3.11,-173.63,16.81,11.06,-0.21,-0.06,0.02,11925.25,183.0,51.34,52.03,270.0,264.0
1770324325998044783,376197,10.952,151.2,10.996,-143.8,2.46,2.97,-173.63,17.0,11.13,0.12,0.25,0.04,11923.19,182.0,52.03,53.4,270.0,264.0
1770324326116822942,376320,10.784,108.3,11.336,-186.9,3.16,2.83,-173.75,17.12,11.13,0.1,0.16,-0.17,11919.42,178.0,52.71,54.77,270.0,264.0
1770324326239722607,376443,11.06,108.0,11.38,-132.9,2.58,1.5,-174.0,17.12,11.06,0.05,-0.07,0.19,11922.16,180.0,52.46,53.15,270.0,264.0
1770324326354395059,376568,10.064,151.1,10.248,-230.1,3.98,1.72,-174.19,17.31,10.94,0.0,0.12,-0.26,11929.54,180.0,48.12,52.36,270.0,264.0
1770324326481298683,376685,10.924,108.9,10.872,-175.8,3.36,2.03,-174.31,17.44,10.88,0.1,0.06,-0.11,11930.74,176.0,49.41,50.8,270.0,264.0
1770324326583774094,376811,11.208,118.9,11.092,-198.5,3.42,2.32,-174.38,17.37,10.69,0.03,-0.02,-0.24,180.25,176.0,47.66,46.07,270.0,264.0
1770324326682101201,376911,10.356,109.9,11.264,-154.6,3.34,2.11,-174.44,17.25,10.63,-0.02,-0.05,0.0,183.33,175.0,50.2,45.34,270.0,264.0
1770324326780360710,377011,9.996,156.1,11.124,-192.5,3.52,2.99,-174.69,17.06,10.56,-0.02,0.05,-0.06,172.7,171.0,49.33,43.38,270.0,266.0
1770324326882815268,377111,10.944,153.6,11.088,-192.8,3.03,3.75,-174.69,16.87,10.56,-0.11,0.05,-0.18,157.78,171.0,48.37,38.52,270.0,266.0
1770324326981119280,377211,11.08,140.2,11.236,-193.0,3.01,3.67,-174.63,16.81,10.5,0.0,0.1,-0.17,165.15,169.0,48.0,37.77,270.0,266.0
1770324327089461914,377310,10.036,160.9,11.036,-185.9,4.06,2.83,-174.5,16.87,10.5,-0.08,0.13,-0.1,215.75,170.0,48.0,39.58,270.0,266.0
1770324327212324743,377410,10.992,84.7,10.732,-225.7,3.67,2.58,-174.31,17.0,10.44,-0.04,-0.12,0.19,11933.66,167.0,49.04,46.56,270.0,266.0
1770324327321088337,377533,10.164,99.7,10.844,-219.4,3.48,2.38,-174.19,17.19,10.38,0.09,0.05,-0.11,11935.54,167.0,49.36,45.01,270.0,266.0
1770324327443955148,377649,10.324,96.0,10.796,-169.8,2.99,1.74,-174.19,17.25,10.31,0.14,0.0,-0.21,11940.69,164.0,47.24,45.18,272.0,266.0
1770324327542260512,377772,9.744,97.9,10.728,-197.1,3.34,1.99,-174.38,17.31,10.13,-0.02,0.06,-0.11,144.57,156.0,46.07,42.9,272.0,266.0
1770324327644721662,377872,10.984,115.5,11.22,-211.8,3.54,2.17,-174.44,17.37,10.0,-0.06,-0.06,-0.13,148.86,156.0,46.09,42.55,272.0,266.0
1770324327742994801,377972,10.1,102.5,11.376,-199.8,2.99,1.64,-174.5,17.31,9.81,-0.06,0.1,-0.18,148.86,151.0,47.66,44.49,272.0,266.0
1770324328042050827,378073,10.992,111.5,9.988,-203.5,3.95,2.19,-174.5,17.25,9.69,0.06,-0.04,0.01,11938.8,147.0,50.03,42.1,272.0,266.0
1770324328078898432,378195,11.216,91.8,11.272,-204.8,3.55,2.15,-174.69,17.12,9.63,0.14,-0.07,-0.18,11943.6,146.0,48.02,38.97,272.0,266.0
1770324328107579476,378319,9.988,114.3,11.104,-190.0,3.38,2.54,-175.06,16.94,9.63,-0.05,0.0,-0.06,11945.32,146.0,49.24,38.53,272.0,266.0
1770324328230449119,378435,9.54,120.7,10.82,-204.5,3.63,2.62,-175.13,16.81,9.5,-0.2,0.0,0.14,11953.21,148.0,47.92,33.54,272.0,266.0
1770324328353348673,378558,10.88,117.3,10.704,-234.6,4.34,2.3,-175.0,16.69,9.38,-0.05,-0.32,-0.09,11957.15,150.0,45.93,32.01,272.0,266.0
1770324328451618293,378679,10.692,113.8,10.988,-212.5,3.5,2.68,-174.69,16.69,9.06,-0.08,-0.04,-0.01,142.52,150.0,44.79,32.25,272.0,266.0
1770324328549909285,378779,11.02,99.3,10.912,-193.8,3.16,2.03,-174.31,16.75,8.81,0.12,0.13,0.18,155.72,155.0,44.86,33.84,272.0,266.0
1770324328672839897,378880,10.636,82.0,10.584,-249.5,4.14,1.95,-174.06,16.87,8.69,-0.13,0.0,0.0,11950.81,158.0,44.84,37.87,272.0,266.0
1770324328795730579,379001,10.528,96.1,10.788,-273.3,4.51,1.84,-174.06,17.19,8.5,0.0,0.01,-0.04,11954.06,164.0,41.41,36.58,272.0,266.0
1770324328914527258,379122,10.832,109.9,10.656,-228.5,4.49,1.78,-174.13,17.5,8.31,0.16,-0.07,-0.03,11951.83,164.0,44.28,37.75,272.0,266.0
1770324329016931200,379242,10.104,104.1,10.908,-216.6,3.48,1.95,-174.19,17.62,8.13,-0.1,0.05,0.23,173.22,161.0,44.32,35.45,272.0,266.0
1770324329210046695,379342,9.512,105.2,10.992,-178.7,3.09,2.05,-174.19,17.69,8.06,-0.05,0.03,-0.47,11950.98,163.0,47.33,34.38,272.0,266.0
1770324329234036075,379462,10.676,106.1,11.064,-170.4,3.34,1.8,-174.13,17.69,7.94,-0.11,0.07,-0.24,153.32,163.0,50.12,36.09,272.0,266.0
1770324329356883328,379563,10.76,74.8,10.956,-205.3,3.95,1.89,-174.25,17.69,7.81,-0.16,0.17,-0.43,11944.97,166.0,49.95,38.06,272.0,266.0
1770324329455186821,379683,10.196,70.0,10.06,-182.5,2.91,1.64,-174.38,17.69,7.81,0.05,0.06,-0.22,152.98,172.0,51.18,39.63,272.0,266.0
1770324329557596707,379783,10.248,94.2,10.684,-195.3,3.93,1.52,-174.5,17.62,7.81,0.01,-0.08,-0.06,141.83,172.0,51.25,38.44,272.0,266.0
1770324329655945778,379883,10.336,104.6,11.284,-223.3,3.81,1.86,-174.63,17.62,7.69,0.07,-0.09,-0.13,151.43,169.0,48.79,36.99,272.0,266.0
1770324329754246641,379983,11.228,95.3,10.476,-222.7,4.04,1.66,-174.63,17.62,7.5,-0.02,0.03,-0.17,157.61,169.0,47.52,36.68,272.0,266.0
1770324329881219788,380082,11.144,130.8,11.016,-239.9,4.0,3.28,-174.69,17.62,7.38,0.0,0.04,0.01,11953.72,171.0,47.55,30.21,272.0,268.0
1770324329979498853,380208,10.604,125.6,10.788,-224.7,3.77,2.81,-174.75,17.81,7.19,-0.14,-0.03,-0.11,182.3,171.0,45.61,24.56,274.0,268.0
1770324330102411370,380308,10.532,151.2,11.328,-225.4,4.2,3.73,-174.81,18.0,7.13,0.18,0.05,-0.32,11967.27,172.0,44.97,23.44,274.0,268.0
1770324330225305367,380429,10.56,153.8,11.324,-257.5,4.9,3.83,-174.81,18.19,7.0,-0.01,0.02,0.14,11963.5,170.0,44.54,22.96,274.0,268.0
1770324330348188140,380551,10.032,150.8,11.232,-249.3,4.28,3.59,-174.63,18.25,6.81,-0.08,0.04,-0.22,11952.18,174.0,48.71,25.75,274.0,268.0
1770324330462839607,380675,9.988,113.1,11.256,-164.3,3.83,3.07,-174.38,18.37,6.69,-0.04,0.18,-0.06,11943.26,174.0,53.07,30.43,274.0,268.0
1770324330561142248,380790,10.856,133.8,10.952,-172.0,2.7,2.48,-174.31,18.56,6.63,-0.09,0.09,-0.12,193.62,174.0,55.06,35.63,274.0,268.0
1770324330684119455,380890,9.664,119.8,11.248,-175.1,2.3,2.13,-174.56,18.81,6.63,0.06,0.04,0.02,11932.8,172.0,55.31,37.87,274.0,268.0
1770324330786486153,381011,10.632,101.0,11.112,-191.0,3.07,1.64,-174.88,19.0,6.56,-0.26,-0.08,0.03,183.5,172.0,51.96,37.62,274.0,268.0
1770324330884813518,381111,10.78,118.8,8.464,0.0,2.62,2.15,-175.13,19.12,6.44,0.08,0.16,-0.35,161.72,169.0,53.96,36.79,274.0,268.0
1770324330983045949,381211,10.988,81.5,8.464,0.0,3.11,2.62,-175.25,19.19,6.31,0.02,0.02,-0.06,162.24,169.0,51.41,35.45,274.0,268.0
1770324331210047267,381310,10.352,104.2,8.464,0.0,3.14,2.48,-175.44,19.25,6.19,-0.04,0.05,0.0,171.16,174.0,49.39,37.24,274.0,268.0
1770324331269817275,381410,10.444,96.7,8.464,0.0,4.28,2.4,-175.5,19.37,5.94,0.01,0.01,-0.18,171.84,174.0,48.98,36.95,274.0,268.0
1770324331302605491,381510,10.22,110.6,8.464,0.0,3.44,2.73,-175.5,19.56,5.81,-0.06,0.15,-0.1,11949.09,174.0,47.55,34.67,274.0,268.0
1770324331417254790,381629,11.204,98.8,8.464,0.0,3.46,2.03,-175.44,19.75,5.63,0.1,0.03,0.0,11951.83,174.0,46.95,32.04,274.0,268.0
1770324331536050783,381742,10.884,124.9,8.464,0.0,3.42,2.7,-175.13,19.87,5.31,0.12,0.01,-0.28,11951.49,180.0,46.7,31.84,274.0,268.0
1770324331654834201,381860,10.272,136.2,8.464,0.0,3.28,3.46,-174.69,19.94,5.0,0.12,-0.01,0.11,11955.26,183.0,47.72,29.47,274.0,268.0
1770324331773591227,381982,10.216,141.4,8.464,0.0,4.43,3.75,-174.31,19.94,4.63,0.01,0.25,-0.09,11960.07,192.0,45.23,27.14,274.0,268.0
1770324331888391910,382101,9.42,118.1,8.464,0.0,3.54,2.77,-174.06,19.94,4.44,-0.04,0.0,-0.3,11957.15,192.0,45.8,28.07,274.0,268.0
1770324332007148232,382216,11.088,113.0,8.464,0.0,3.22,3.05,-174.06,19.94,4.44,-0.1,0.01,0.19,11955.95,199.0,46.7,29.72,274.0,268.0
1770324332134129305,382333,10.424,90.3,8.464,0.0,4.55,2.42,-174.06,19.94,4.31,-0.1,-0.04,0.13,11945.66,203.0,46.7,35.38,274.0,268.0
1770324332236546617,382460,9.636,51.6,8.464,0.0,4.38,0.74,-173.88,20.12,4.06,0.03,0.09,-0.11,174.07,203.0,45.47,42.1,274.0,268.0
1770324332334849183,382561,11.12,53.2,8.464,0.0,4.57,1.43,-173.63,20.25,3.81,-0.03,0.17,0.0,189.34,214.0,46.87,43.69,274.0,268.0
1770324332433092208,382660,10.872,50.9,8.464,0.0,3.52,1.37,-173.44,20.44,3.69,-0.01,-0.19,-0.11,190.02,214.0,45.2,42.55,274.0,268.0
1770324332535520002,382760,10.072,64.6,11.348,-257.2,4.69,1.25,-173.13,20.62,3.38,0.01,0.02,0.03,216.09,217.0,45.22,42.1,276.0,268.0
1770324332658440889,382860,9.996,60.8,11.192,-222.0,4.39,1.74,-172.94,20.62,3.25,0.1,0.09,-0.18,11949.26,224.0,42.1,39.1,276.0,268.0
1770324332777227584,382984,10.928,92.2,10.744,-222.9,3.65,1.11,-172.75,20.44,3.13,0.05,0.06,-0.33,11945.66,222.0,44.14,39.39,276.0,268.0
1770324332896000853,383102,10.796,56.1,11.076,-242.4,4.36,1.7,-172.38,19.94,3.0,-0.02,0.23,-0.29,11940.86,222.0,47.01,39.3,276.0,268.0
1770324333010710620,383222,11.272,77.6,8.464,0.0,3.24,1.8,-172.19,19.56,2.88,0.11,0.06,-0.04,11937.26,222.0,48.55,41.72,276.0,268.0
1770324333129499389,383335,10.048,65.7,8.464,0.0,4.02,1.52,-172.19,19.25,2.88,0.14,0.02,0.05,11938.29,226.0,49.24,39.96,276.0,268.0
1770324333248286010,383455,10.532,94.5,10.74,-165.3,3.77,2.7,-172.19,19.0,2.94,0.01,0.12,-0.19,11944.46,222.0,51.77,35.2,276.0,268.0
1770324333367014515,383575,10.836,143.7,11.128,-216.7,3.79,2.32,-172.25,18.87,2.94,-0.15,0.01,-0.03,11948.06,226.0,49.82,31.58,276.0,270.0
1770324333489928605,383694,10.2,120.5,11.328,-223.1,3.98,2.52,-172.19,18.87,2.94,0.0,-0.02,0.0,11947.03,227.0,49.12,31.58,276.0,270.0
1770324333608774212,383815,10.736,108.2,10.444,-212.2,3.69,3.07,-171.81,18.81,2.69,0.1,0.03,-0.03,11945.83,227.0,49.06,35.15,276.0,270.0
1770324333731637076,383934,9.628,88.9,10.924,-188.7,3.54,2.42,-171.44,18.94,2.56,-0.13,-0.05,-0.18,11935.89,233.0,46.11,43.44,276.0,270.0
1770324333854530812,384057,10.312,51.4,11.02,-306.4,4.59,1.13,-171.13,19.12,2.31,0.09,-0.02,0.12,11943.09,234.0,40.72,46.24,276.0,270.0
1770324333983344258,384179,10.88,71.5,11.132,-278.1,4.67,1.39,-170.94,19.19,2.19,-0.08,0.01,-0.06,11936.74,237.0,43.48,44.17,276.0,270.0
1770324334092093571,384301,9.964,88.3,10.96,-255.4,4.36,1.25,-170.69,19.0,2.13,-0.08,0.1,-0.05,11934.0,237.0,47.59,44.67,276.0,270.0
1770324334214989604,384418,10.296,119.8,8.464,0.0,2.7,2.01,-170.44,18.75,2.06,0.01,0.14,-0.11,11919.94,236.0,51.61,50.25,276.0,270.0
1770324334333792874,384539,11.22,122.3,8.464,0.0,3.42,1.45,-170.25,18.31,2.06,0.03,0.13,-0.03,11908.96,233.0,53.07,60.85,276.0,270.0
1770324334452520749,384657,10.3,151.6,8.464,0.0,3.75,2.27,-170.25,17.75,2.13,0.0,0.19,-0.15,11905.53,236.0,54.7,61.89,276.0,270.0
1770324334563138235,384775,10.508,160.2,8.464,0.0,2.48,2.23,-170.31,17.5,2.19,-0.17,-0.07,0.01,11908.62,236.0,53.92,59.83,276.0,270.0
1770324334686059881,384889,10.28,176.7,11.136,-156.6,3.71,2.44,-170.38,17.44,2.25,0.04,-0.17,0.0,11918.39,230.0,53.84,54.53,276.0,270.0
1770324334804847038,385011,10.272,125.2,9.884,-138.2,2.64,2.36,-170.13,17.37,2.13,0.12,-0.02,-0.34,11909.13,225.0,54.98,58.46,276.0,270.0
1770324334907259683,385130,10.82,141.8,8.464,0.0,4.04,1.93,-169.94,17.56,2.06,-0.11,0.1,0.0,205.11,225.0,49.29,59.56,278.0,270.0
1770324335005566730,385230,10.512,132.5,8.464,0.0,4.39,2.25,-169.88,17.75,2.06,0.0,0.01,-0.08,199.8,221.0,46.87,59.58,278.0,270.0
1770324335103819181,385330,10.84,153.8,10.948,-189.6,2.93,1.84,-169.75,17.75,2.0,0.14,0.07,0.0,201.17,221.0,49.12,60.52,278.0,270.0
1770324335226754475,385430,10.16,141.0,8.464,0.0,3.3,2.68,-169.69,17.62,1.94,0.13,0.07,-0.12,11903.99,220.0,55.17,61.46,278.0,270.0
1770324335325033687,385550,9.364,142.3,8.464,0.0,2.09,2.07,-169.5,17.37,1.94,-0.01,0.12,0.1,205.29,215.0,57.79,64.39,278.0,270.0
1770324335447907755,385650,10.608,167.8,8.464,0.0,1.99,2.15,-169.69,17.06,2.0,-0.07,0.08,-0.11,11895.24,216.0,58.94,66.37,278.0,270.0
1770324335546233007,385771,10.796,180.8,8.464,0.0,2.05,2.64,-169.81,16.62,2.25,0.12,0.13,-0.68,199.11,216.0,60.71,64.62,278.0,270.0
1770324335654609568,385871,10.928,207.5,8.464,0.0,2.23,3.32,-169.69,16.31,2.44,0.2,-0.03,0.11,211.29,206.0,60.6,65.32,278.0,272.0
1770324335746970793,385971,10.732,149.8,8.464,0.0,3.05,2.05,-169.63,16.12,2.5,-0.05,-0.06,0.09,198.77,206.0,58.85,66.1,278.0,272.0
1770324335849387381,386071,9.112,141.0,8.464,0.0,2.87,2.32,-169.63,16.25,2.5,0.21,0.06,-0.24,202.54,203.0,57.7,67.83,278.0,272.0
1770324336238051047,386171,11.132,145.8,8.464,0.0,2.15,1.82,-169.5,16.19,2.69,-0.15,0.1,0.22,197.05,202.0,58.69,68.04,278.0,272.0
1770324336250056923,386271,10.32,166.2,8.464,0.0,3.11,2.66,-169.5,15.94,3.06,0.19,-0.17,-0.04,205.97,202.0,53.42,67.0,278.0,272.0
1770324336262040575,386371,10.424,134.6,8.464,0.0,2.97,2.09,-169.56,15.75,3.31,0.07,-0.12,0.41,196.2,201.0,55.87,69.25,278.0,272.0
1770324336274029635,386471,10.46,190.8,10.872,-116.9,2.48,2.97,-169.25,15.38,3.63,0.15,0.07,0.15,187.28,195.0,59.68,70.31,278.0,272.0
1770324336349134515,386571,10.708,168.7,11.164,-104.8,2.58,3.07,-169.31,14.81,3.88,0.14,0.19,0.05,192.59,195.0,60.41,69.56,278.0,272.0
1770324336467875538,386671,9.772,228.0,11.248,-111.7,2.3,3.46,-169.56,14.31,4.31,0.14,0.05,-0.43,11899.53,190.0,61.24,66.98,278.0,272.0
1770324336576210225,386792,10.56,209.5,10.984,-107.4,1.84,2.87,-169.31,13.38,5.31,-0.1,0.12,-0.21,172.7,193.0,59.91,63.15,278.0,272.0
1770324336668621231,386891,10.572,239.2,10.656,-117.8,1.68,2.95,-169.13,12.56,6.38,-0.18,0.08,-0.28,180.59,193.0,61.81,65.39,278.0,272.0
1770324336791498855,386992,10.676,188.1,11.216,-138.7,1.89,2.42,-169.0,12.06,7.31,-0.15,-0.64,0.0,11896.95,182.0,60.28,67.94,278.0,272.0
1770324336889807439,387113,10.716,200.8,11.188,-137.9,1.84,2.68,-169.06,11.81,7.56,-0.29,0.01,-0.01,191.39,179.0,59.91,68.01,278.0,272.0
1770324337012689544,387213,10.204,209.4,10.848,-150.2,2.29,2.11,-169.13,11.81,7.44,-0.06,-0.36,0.16,11894.21,183.0,59.44,71.33,280.0,272.0
1770324337135581279,387336,10.272,209.1,11.04,-123.1,2.56,3.32,-169.19,11.88,7.25,0.04,0.12,-0.1,11891.98,188.0,59.15,73.07,280.0,272.0
1770324337250244411,387457,9.436,234.8,10.416,-141.6,2.7,3.5,-169.5,11.63,7.06,0.0,0.06,-0.16,11892.67,188.0,59.52,68.23,280.0,272.0
1770324337373133183,387575,10.532,246.2,10.536,-168.0,2.54,3.26,-170.06,11.38,7.13,0.19,0.04,-0.2,11901.93,190.0,59.76,63.15,280.0,274.0
1770324337496001657,387696,10.252,298.2,11.0,-157.0,2.62,3.46,-170.25,10.94,7.25,0.19,0.11,0.34,11893.7,190.0,60.05,65.57,280.0,274.0
1770324337598477343,387819,10.984,200.6,10.976,-131.3,1.82,2.87,-170.44,10.81,7.38,-0.14,-0.08,0.02,201.51,190.0,59.64,63.15,280.0,274.0
1770324337721329816,387919,10.204,189.5,11.12,-116.7,3.05,2.95,-170.63,10.81,7.38,-0.06,-0.09,0.23,11893.52,190.0,60.28,68.42,280.0,274.0
1770324337852400001,388044,9.996,162.7,11.292,-145.8,1.91,2.23,-171.13,10.69,7.38,0.02,-0.11,-0.08,11891.47,189.0,61.12,69.27,280.0,274.0
1770324337950771664,388174,10.5,186.9,11.136,-129.3,2.64,3.26,-171.69,10.31,7.19,-0.02,-0.2,-0.4,222.61,189.0,57.7,67.05,280.0,274.0
1770324338073595134,388274,10.46,212.6,11.324,-192.4,3.13,2.97,-172.19,9.88,6.75,-0.02,0.14,-0.36,11905.19,189.0,56.3,66.88,280.0,274.0
1770324338171904922,388396,10.404,262.3,8.464,0.0,2.6,3.59,-172.38,9.56,6.44,0.15,-0.26,0.1,199.45,186.0,57.26,60.63,280.0,274.0
1770324338274323881,388496,10.784,224.5,11.004,-165.1,1.86,3.57,-172.38,9.38,6.44,0.13,0.0,0.41,196.2,186.0,58.77,57.89,280.0,274.0
1770324338372682580,388596,9.608,268.7,11.2,-159.4,1.86,3.28,-172.38,9.25,6.5,0.0,-0.32,0.34,213.0,191.0,58.78,56.4,280.0,274.0
1770324338475002734,388697,10.436,181.6,8.464,0.0,2.09,3.34,-172.31,9.13,6.44,-0.46,0.22,0.39,198.6,190.0,60.63,61.47,280.0,274.0
1770324338573307632,388797,10.556,190.6,8.464,0.0,2.13,2.6,-172.5,9.13,6.38,-0.12,0.0,-0.29,234.27,190.0,62.24,65.9,280.0,274.0
1770324338675747000,388897,10.972,150.6,8.464,0.0,2.27,2.64,-172.94,9.19,6.19,-0.19,-0.01,0.03,207.17,189.0,61.38,63.74,280.0,274.0
1770324338774052251,388998,11.144,134.6,8.464,0.0,3.07,2.05,-173.31,9.25,6.13,0.3,0.04,-0.24,263.77,193.0,62.31,64.84,280.0,274.0
1770324338876455763,389098,10.916,148.2,8.464,0.0,1.95,2.25,-173.63,9.25,6.06,-0.1,-0.07,-0.19,218.66,193.0,61.81,63.6,280.0,274.0
1770324338991115729,389198,11.016,169.1,8.464,0.0,2.17,1.8,-174.25,9.44,5.94,-0.2,-0.08,0.2,11905.7,202.0,58.52,63.27,282.0,274.0
1770324339093551893,389315,10.152,201.2,8.464,0.0,2.85,2.32,-174.69,9.63,5.88,0.14,0.08,-0.02,198.94,206.0,57.33,59.12,282.0,274.0
1770324339191858569,389415,10.864,181.2,8.464,0.0,2.87,3.59,-175.0,9.75,6.06,0.08,-0.06,-0.45,208.37,206.0,58.23,56.44,282.0,276.0
1770324339310660467,389516,11.044,226.8,8.464,0.0,2.81,3.36,-175.0,9.81,6.25,0.0,-0.05,-0.17,11918.39,203.0,58.85,52.15,282.0,276.0
1770324339810059790,389634,10.168,178.3,8.464,0.0,2.09,2.52,-175.0,9.88,6.44,-0.38,-0.07,-0.03,11908.1,202.0,59.15,56.37,282.0,276.0
1770324339855455486,389752,10.236,142.5,8.464,0.0,2.46,1.91,-174.94,10.0,6.5,0.1,0.01,-0.12,185.39,202.0,59.56,57.51,282.0,276.0
1770324339867039401,389852,10.228,100.3,8.464,0.0,2.46,2.54,-175.13,10.31,6.69,0.0,-0.03,-0.03,11906.39,201.0,60.15,57.74,282.0,276.0
1770324339884112231,389968,11.248,134.0,8.464,0.0,2.66,1.86,-175.44,10.63,6.94,0.18,-0.04,-0.04,11911.7,199.0,59.02,58.3,282.0,276.0
1770324339895210477,390088,10.736,161.1,8.464,0.0,2.48,2.52,-175.5,10.69,6.94,-0.21,-0.07,-0.07,11912.9,200.0,59.64,56.84,282.0,276.0
1770324339986533097,390207,10.764,121.6,8.464,0.0,2.95,2.91,-175.5,10.94,6.94,-0.04,-0.05,0.07,260.68,200.0,57.51,55.45,282.0,276.0
1770324340108165617,390307,10.932,122.3,11.364,-120.0,2.56,1.7,-175.56,11.25,7.0,0.1,-0.02,0.13,11918.39,199.0,57.86,52.69,282.0,276.0
1770324340228177133,390426,10.096,180.1,10.292,-155.5,2.58,2.73,-175.56,11.31,7.13,-0.01,0.03,0.12,11923.71,198.0,59.15,48.71,282.0,276.0
1770324340346962215,390549,11.092,164.1,11.048,-161.1,2.21,3.54,-175.38,11.25,7.25,0.15,0.0,-0.29,11927.31,192.0,58.46,43.84,282.0,276.0
1770324340473928358,390669,10.648,140.4,10.98,-115.1,2.11,3.32,-174.88,11.13,7.5,0.05,0.03,0.0,11924.91,188.0,59.15,45.23,282.0,276.0
1770324340592729497,390794,11.18,165.7,11.004,-118.3,2.81,2.6,-174.13,11.19,8.0,-0.12,0.0,-0.12,11914.1,188.0,59.23,50.67,282.0,276.0
1770324340715659160,390914,10.88,109.0,11.12,-146.4,1.74,2.58,-173.75,11.38,8.31,-0.2,-0.08,0.18,11918.56,184.0,58.81,52.79,282.0,276.0
1770324340834416906,391035,10.36,108.7,11.296,-148.7,2.6,2.23,-173.56,11.63,8.5,0.07,0.0,-0.03,11918.39,184.0,58.67,52.46,282.0,276.0
1770324341042044923,391157,9.568,143.5,11.256,-124.5,3.03,2.38,-173.44,11.63,8.63,-0.15,-0.19,-0.04,11922.51,184.0,56.37,51.5,284.0,276.0
1770324341080166446,391281,10.48,112.2,10.4,-195.9,3.13,1.88,-173.31,11.75,8.69,-0.27,-0.07,-0.18,11919.25,181.0,55.68,54.33,284.0,276.0
1770324341199000846,391403,9.616,126.0,11.372,-165.3,2.58,2.27,-173.31,11.75,8.75,0.08,0.0,0.1,11918.56,181.0,55.89,52.99,284.0,276.0
1770324341317776094,391519,10.084,124.1,11.312,-129.7,2.62,2.13,-173.44,11.69,8.81,0.08,0.01,-0.2,11921.99,185.0,56.37,51.5,284.0,276.0
1770324341420146270,391640,11.164,154.6,11.228,-124.8,3.24,2.71,-173.63,11.63,8.94,0.02,0.01,-0.07,185.91,185.0,55.54,48.37,284.0,276.0
1770324341518558677,391739,10.632,215.7,11.228,-182.3,2.46,4.2,-173.63,11.56,9.13,0.2,0.42,-0.67,190.19,190.0,55.87,43.28,284.0,278.0
1770324341641387202,391839,9.676,195.4,10.88,-157.2,3.46,3.63,-173.5,11.5,9.25,0.06,-0.19,0.17,11937.6,193.0,54.98,41.11,284.0,278.0
1770324341764262138,391963,10.852,186.0,11.096,-194.0,3.16,3.67,-173.19,11.63,9.31,-0.17,-0.1,-0.58,11927.65,194.0,54.73,47.72,284.0,278.0
1770324341887154076,392084,11.044,105.7,10.98,-165.1,2.46,2.11,-173.0,11.88,9.31,-0.05,-0.31,-0.06,11915.99,199.0,56.82,54.08,284.0,278.0
1770324342008158433,392207,11.036,164.5,11.224,-148.6,2.27,2.05,-172.81,12.13,9.25,0.0,-0.03,-0.14,11920.79,199.0,56.62,53.72,284.0,278.0
1770324342124735444,392325,10.324,131.2,10.88,-188.8,2.81,2.6,-172.63,12.38,9.13,-0.1,0.08,-0.2,11918.91,200.0,54.33,54.33,284.0,278.0
1770324342247622011,392446,9.972,177.8,10.952,-151.0,3.26,1.82,-172.5,12.63,8.94,0.07,0.16,0.09,11911.02,205.0,55.45,56.14,284.0,278.0
1770324342370473889,392568,10.136,128.1,10.844,-183.6,2.64,2.66,-172.38,12.69,8.88,0.15,-0.06,0.06,11908.96,213.0,56.6,57.29,284.0,278.0
1770324342468776750,392690,10.556,118.1,11.276,-152.3,2.75,2.5,-172.44,12.56,8.94,0.11,0.01,-0.07,232.38,213.0,58.01,58.01,284.0,278.0
1770324342591699579,392791,9.612,128.7,10.82,-116.9,1.97,2.42,-172.44,12.44,8.94,0.05,0.06,-0.42,11911.87,215.0,60.28,54.54,284.0,278.0
1770324342714605517,392912,10.552,203.7,10.944,-124.3,2.03,3.81,-172.38,12.25,8.88,0.0,0.2,-0.32,11919.94,215.0,57.98,49.0,284.0,278.0
1770324342812895302,393034,10.312,178.4,11.108,-154.8,2.83,3.5,-172.25,12.31,8.88,0.08,0.05,0.24,196.71,215.0,58.01,50.52,284.0,278.0
1770324342915307241,393135,11.176,133.9,11.1,-123.7,2.85,2.79,-172.13,12.5,8.75,0.1,-0.06,0.01,192.59,212.0,56.66,55.87,284.0,278.0
1770324343038176473,393235,10.616,135.5,10.78,-133.9,2.19,2.09,-171.88,12.69,8.44,0.07,0.0,-0.25,11908.96,215.0,57.95,61.42,286.0,278.0
1770324343156980093,393357,10.944,159.9,11.092,-226.0,3.54,2.07,-171.88,13.19,8.0,-0.04,0.21,0.09,11914.28,214.0,52.19,59.85,286.0,278.0
1770324343279875253,393478,10.792,180.7,11.156,-145.3,2.23,2.27,-172.13,13.19,7.75,-0.04,0.07,0.16,11907.25,208.0,58.67,59.36,286.0,278.0
1770324343378125516,393600,10.524,147.1,11.316,-108.1,2.32,3.05,-172.19,13.13,7.56,-0.19,0.0,-0.07,194.82,208.0,61.75,59.88,286.0,278.0
1770324343515162005,393700,10.564,168.6,10.688,-112.3,2.64,2.07,-172.44,13.06,7.31,0.03,0.12,-0.07,11905.7,206.0,60.76,59.33,286.0,278.0
1770324343607552472,393827,10.152,169.5,10.876,-100.6,2.07,2.27,-172.63,12.88,7.19,0.16,0.13,-0.25,193.8,206.0,61.53,58.3,286.0,278.0
1770324343726308828,393927,10.896,191.5,10.732,-95.1,2.34,2.73,-172.5,12.69,7.31,0.27,-0.04,-0.24,11914.79,201.0,62.55,53.41,286.0,280.0
1770324344034046000,394048,10.56,214.2,10.996,-151.1,2.83,2.4,-172.13,12.63,7.44,-0.11,-0.05,0.39,11916.51,194.0,59.08,53.65,286.0,280.0
1770324344062194629,394175,9.608,156.1,11.172,-167.6,2.7,2.44,-171.69,12.75,7.44,0.14,0.26,-0.36,11908.1,190.0,59.08,59.76,286.0,280.0
1770324344095004957,394296,10.736,161.6,10.476,-113.0,2.81,1.99,-171.69,12.88,7.5,-0.18,0.01,-0.09,11918.91,188.0,54.28,57.76,286.0,280.0
1770324344209699460,394416,9.456,129.3,11.132,-193.6,2.54,1.64,-172.0,13.06,7.56,0.04,-0.02,0.07,11916.85,188.0,54.18,56.38,286.0,280.0
1770324344308011673,394529,10.4,127.1,11.28,-172.1,2.58,2.27,-172.19,13.06,7.63,0.0,0.04,0.05,205.46,186.0,61.86,58.43,286.0,280.0
1770324344410409518,394629,10.48,122.5,11.076,-163.0,2.29,1.97,-172.44,13.0,7.75,0.11,-0.06,0.25,183.16,186.0,59.76,58.85,286.0,280.0
1770324344508689487,394729,10.096,161.1,10.832,-114.2,2.46,2.71,-172.63,12.88,7.94,-0.13,0.05,0.07,189.68,183.0,59.02,58.23,286.0,280.0
1770324344611139743,394829,10.536,152.3,10.952,-146.0,1.78,2.07,-172.75,12.63,8.13,-0.01,0.06,-0.12,164.3,178.0,59.19,56.69,286.0,280.0
1770324344734037274,394929,9.788,155.0,11.248,-140.5,2.09,2.66,-172.69,12.5,8.38,0.22,-0.07,-0.18,11920.96,179.0,60.79,51.82,286.0,280.0
1770324344836429896,395054,10.316,168.5,11.252,-168.8,2.5,3.01,-172.19,12.44,8.81,0.0,-0.13,-0.08,158.81,179.0,57.89,47.37,286.0,280.0
1770324344955214513,395154,10.376,198.8,11.02,-154.6,2.64,3.79,-171.75,12.5,9.0,-0.05,0.0,-0.16,11917.71,176.0,56.14,51.38,286.0,280.0
1770324345078098672,395276,9.184,115.0,11.32,-181.0,2.68,1.74,-171.5,12.63,9.06,-0.01,0.18,0.02,11916.68,176.0,54.28,57.06,288.0,280.0
1770324345200971663,395397,10.58,149.4,10.916,-199.8,3.89,2.56,-171.69,12.88,9.25,0.14,-0.12,-0.12,11922.34,174.0,50.38,55.22,288.0,280.0
1770324345303427494,395522,10.66,126.8,10.64,-177.1,2.85,2.48,-172.0,12.94,9.31,-0.05,-0.09,0.02,153.66,174.0,55.58,55.58,288.0,280.0
1770324345401645050,395621,10.636,132.0,10.928,-120.8,2.77,1.78,-172.13,12.81,9.38,0.04,0.05,-0.16,144.57,175.0,55.87,55.87,288.0,280.0
1770324345504054192,395721,9.324,133.6,11.164,-132.6,2.21,2.11,-172.31,12.75,9.44,-0.06,-0.12,0.25,149.72,175.0,56.14,57.04,288.0,280.0
1770324345602371497,395822,10.264,136.8,10.764,-137.7,2.77,2.34,-172.69,12.63,9.5,0.02,0.01,0.18,134.28,174.0,54.53,56.94,288.0,280.0
1770324345704814568,395922,10.736,133.3,11.164,-119.6,2.15,3.03,-173.0,12.44,9.56,-0.08,-0.17,-0.07,139.26,172.0,55.02,55.86,288.0,280.0
1770324345830049660,396022,10.412,158.8,11.152,-179.7,2.99,2.6,-173.13,12.25,9.63,0.01,0.09,-0.49,159.5,172.0,54.64,51.06,288.0,282.0
1770324345905561757,396123,10.256,235.7,11.236,-206.9,3.32,3.98,-173.13,12.19,9.44,0.06,-0.09,-0.11,142.69,176.0,52.93,46.51,288.0,282.0
1770324346003831985,396223,10.652,211.7,11.164,-146.2,3.38,3.85,-172.94,12.13,9.25,-0.06,0.13,0.06,148.35,176.0,51.41,46.98,288.0,282.0
1770324346112184523,396323,10.668,195.4,11.068,-179.8,3.46,3.13,-172.75,12.19,9.13,-0.18,0.25,-0.13,183.16,174.0,51.15,49.58,288.0,282.0
1770324346204521021,396423,10.144,180.5,11.184,-202.3,3.55,2.64,-172.69,12.38,9.06,-0.19,-0.04,0.04,165.67,176.0,51.88,55.29,288.0,282.0
1770324346327445775,396523,9.568,143.0,11.232,-170.7,3.24,3.03,-172.81,12.63,9.06,0.04,0.13,0.0,11929.03,174.0,47.55,53.99,288.0,282.0
1770324346446175185,396645,10.856,169.2,10.712,-173.7,2.87,2.48,-173.19,12.75,9.13,0.21,0.14,-0.1,11925.6,172.0,51.5,52.89,288.0,282.0
1770324346569073363,396766,11.024,168.8,10.864,-172.4,2.66,2.89,-173.38,12.75,9.06,-0.03,-0.03,-0.09,11921.65,172.0,52.26,53.72,288.0,282.0
1770324346687850276,396887,9.828,127.6,11.236,-179.0,3.5,2.66,-173.69,12.69,9.0,-0.08,-0.03,-0.16,11924.22,169.0,52.38,53.04,288.0,282.0
1770324346810781179,397008,10.844,173.6,11.276,-196.2,3.28,2.03,-174.0,12.5,8.94,0.2,0.12,-0.02,11919.76,170.0,54.28,52.89,288.0,282.0
1770324346913197914,397129,10.008,176.3,10.888,-147.3,2.93,2.42,-174.44,12.31,8.94,0.13,-0.2,-0.11,160.35,170.0,53.09,51.25,288.0,282.0
1770324347046117249,397230,10.712,206.2,10.88,-144.9,3.26,4.12,-174.63,12.19,8.81,-0.09,0.03,0.0,11936.74,167.0,53.11,46.41,288.0,282.0
1770324347138479657,397357,10.976,190.8,10.86,-207.6,3.36,3.09,-174.63,12.25,8.56,0.21,0.15,0.12,137.54,169.0,49.62,46.61,288.0,282.0
1770324347236717196,397457,10.804,186.2,10.64,-198.9,3.05,3.18,-174.63,12.13,8.44,-0.11,0.08,0.07,149.72,169.0,50.16,47.48,288.0,282.0
1770324347359642931,397557,11.02,151.2,11.368,-207.9,3.44,2.34,-174.44,12.19,8.25,-0.08,0.01,0.05,11929.71,172.0,50.24,52.63,290.0,282.0
1770324347486619593,397678,10.508,152.8,11.208,-237.7,3.44,2.68,-174.13,12.63,7.94,0.19,0.12,-0.07,11936.74,175.0,44.5,51.34,290.0,282.0
1770324347605421637,397803,10.316,154.2,10.54,-173.0,3.18,2.66,-173.88,12.88,7.56,-0.03,0.03,-0.22,11929.03,176.0,48.21,50.25,290.0,282.0
1770324347707849262,397925,10.168,175.8,11.276,-218.0,3.5,2.87,-173.63,12.88,7.44,0.07,-0.1,0.07,169.96,176.0,47.59,49.42,290.0,282.0
1770324347830743069,398025,9.852,137.3,11.08,-167.8,3.26,2.5,-173.5,12.63,7.38,-0.01,0.05,-0.22,11926.97,179.0,50.71,52.15,290.0,282.0
1770324347953625041,398147,10.184,189.6,10.668,-150.7,3.34,3.14,-173.69,12.0,7.13,0.0,0.0,-0.28,11925.6,176.0,52.19,52.89,290.0,282.0
1770324348178048028,398271,10.264,169.8,10.812,-202.1,3.3,2.01,-173.88,11.69,6.94,-0.07,0.01,-0.16,11915.31,179.0,52.97,57.72,290.0,284.0
1770324348195288742,398392,11.004,153.4,11.12,-191.9,2.56,2.95,-174.13,11.44,6.75,0.13,-0.19,-0.12,11921.14,182.0,51.77,55.91,290.0,284.0
1770324348310003617,398514,10.44,151.0,11.012,-182.4,2.62,2.87,-174.19,11.38,6.56,-0.15,0.16,0.26,11926.45,182.0,50.09,55.17,290.0,284.0
1770324348436945035,398629,10.84,165.9,10.636,-160.8,2.6,2.85,-174.13,11.44,6.31,-0.05,-0.01,-0.05,11923.88,184.0,52.19,55.67,290.0,284.0
1770324348555713224,398753,10.184,179.0,11.336,-138.7,3.26,2.79,-174.0,11.63,6.0,-0.16,0.0,-0.04,11929.37,182.0,49.85,53.22,290.0,284.0
1770324348678647942,398875,10.872,206.3,11.076,-159.8,2.87,2.44,-174.25,11.94,5.88,0.0,0.05,0.0,11924.74,186.0,50.52,54.03,290.0,284.0
1770324348786994275,398996,11.18,202.8,10.368,-169.5,2.62,3.2,-174.31,12.0,5.69,0.19,-0.01,-0.27,172.01,186.0,52.39,52.39,290.0,284.0
1770324348879356257,399096,10.812,217.0,11.0,-157.4,2.56,3.61,-174.25,12.0,5.44,0.14,0.06,-0.22,175.27,184.0,52.73,51.94,290.0,284.0
1770324349074047429,399196,9.804,190.4,11.236,-179.2,3.03,2.99,-174.25,12.0,5.25,-0.02,0.0,0.11,11924.74,184.0,52.5,52.5,290.0,284.0
1770324349129281488,399318,10.896,149.8,10.656,-199.8,3.38,2.62,-174.5,11.81,5.06,-0.16,-0.01,0.21,11923.54,183.0,52.19,52.89,290.0,284.0
1770324349227529899,399446,10.288,136.1,10.94,-133.2,2.93,2.89,-174.75,11.63,5.06,-0.02,0.05,-0.24,167.21,183.0,53.02,53.02,290.0,284.0
1770324349329944670,399546,10.796,176.0,11.172,-147.7,3.48,3.26,-174.75,11.44,5.06,0.13,-0.02,-1.03,174.24,180.0,53.22,50.05,290.0,284.0
1770324349452783564,399646,10.0,180.2,10.608,-172.1,2.66,2.75,-174.63,11.38,4.94,0.01,-0.06,-0.06,11931.94,182.0,51.51,50.03,290.0,284.0
1770324349567513033,399768,11.084,140.9,10.204,-142.1,2.3,2.4,-174.38,11.38,4.69,-0.14,0.17,-0.02,11919.76,182.0,54.44,53.72,290.0,284.0
1770324349686300465,399884,11.104,153.8,11.136,-165.8,2.75,2.89,-174.25,11.69,4.56,0.1,-0.07,-0.03,11922.34,182.0,54.03,52.63,292.0,284.0
1770324349809163677,400004,10.304,124.9,10.792,-167.4,3.5,2.42,-174.13,11.94,4.38,0.18,0.0,-0.07,11924.39,186.0,52.63,51.93,292.0,284.0
1770324350006046566,400128,11.148,122.7,11.132,-191.6,3.2,1.86,-174.13,12.0,4.25,0.12,0.13,-0.04,11921.31,187.0,55.24,51.2,292.0,284.0
1770324350050864917,400249,11.2,141.0,11.32,-150.8,2.56,2.85,-174.06,11.94,4.19,-0.12,0.01,0.15,11920.11,187.0,56.86,53.26,292.0,284.0
1770324350173744704,400367,10.048,128.2,11.216,-162.0,2.17,1.88,-174.06,11.88,4.19,-0.02,0.01,0.14,11918.39,186.0,55.91,53.84,292.0,284.0
1770324350296627935,400489,9.936,141.6,11.232,-165.8,2.54,2.83,-174.06,11.69,4.19,0.0,-0.21,-0.15,11921.31,189.0,58.46,51.5,292.0,284.0
1770324350419547096,400613,10.076,155.2,11.088,-138.8,3.05,2.32,-173.88,11.5,4.25,-0.06,0.1,-0.24,11930.4,192.0,55.69,46.41,292.0,286.0
1770324350542367914,400736,10.04,202.8,10.916,-195.3,3.24,3.75,-173.56,11.44,4.19,0.03,-0.14,-0.13,11934.34,195.0,52.89,44.54,292.0,286.0
1770324350742043829,400858,10.908,211.9,11.164,-215.9,3.09,3.32,-173.13,11.44,4.0,-0.01,0.08,-0.16,11925.77,195.0,53.98,47.5,292.0,286.0
1770324350784083007,400974,9.504,142.4,11.252,-152.6,3.44,2.42,-172.69,11.5,3.88,0.0,-0.12,0.06,11930.57,198.0,52.46,52.46,292.0,286.0
1770324350906969184,401099,10.172,166.5,11.132,-229.4,3.59,2.68,-172.5,11.75,3.81,0.09,0.14,-0.14,11929.37,201.0,50.79,50.79,292.0,286.0
1770324351025762986,401221,10.756,172.6,11.216,-141.0,3.09,3.03,-172.5,11.81,3.75,0.05,-0.01,0.04,11919.94,205.0,55.67,50.8,292.0,286.0
1770324351144542973,401344,10.772,165.9,11.02,-127.7,3.22,2.83,-172.38,11.63,3.75,-0.03,0.0,-0.03,11918.74,205.0,56.38,53.45,292.0,286.0
1770324351267426000,401459,10.868,163.8,11.016,-166.3,2.36,2.95,-172.31,11.44,3.75,0.24,0.02,-0.27,11915.48,208.0,56.82,54.77,292.0,286.0
1770324351390317140,401585,9.552,120.3,11.084,-145.6,2.48,1.99,-172.38,11.19,3.88,0.05,0.02,0.04,11917.54,207.0,57.93,53.22,292.0,286.0
1770324351509071772,401707,10.316,119.5,11.2,-126.4,2.7,2.19,-172.38,10.88,3.88,-0.14,-0.07,0.0,11920.45,206.0,57.29,51.77,292.0,286.0
1770324351623886266,401826,10.076,188.4,10.98,-138.8,2.89,2.89,-172.25,10.81,3.88,0.1,-0.14,0.01,11926.62,206.0,55.14,46.2,292.0,286.0
1770324351756740780,401941,10.28,168.7,11.244,-157.7,2.27,2.42,-171.69,10.63,3.81,0.08,0.24,0.03,11919.42,207.0,54.98,49.41,292.0,286.0
1770324351869572500,402065,11.012,109.5,9.96,-181.6,2.48,1.89,-171.25,10.56,3.75,0.71,0.15,0.32,11924.22,207.0,51.2,51.2,294.0,286.0
1770324351971986012,402186,10.38,135.7,11.268,-171.1,3.81,2.73,-171.06,10.81,3.75,-0.01,0.01,0.11,238.9,207.0,47.59,49.42,294.0,286.0
1770324352070284555,402286,10.604,162.5,11.292,-186.8,3.79,2.87,-171.06,10.94,3.75,0.01,0.0,-0.08,298.41,209.0,51.15,51.94,294.0,286.0
1770324352168597304,402386,9.852,130.4,11.336,-157.3,2.23,2.93,-171.0,10.88,3.75,0.02,0.17,0.18,239.76,210.0,56.14,54.44,294.0,286.0
1770324352291479072,402486,10.624,162.6,10.892,-151.4,2.27,2.3,-171.0,10.69,3.81,-0.24,-0.16,0.37,11905.53,207.0,58.49,56.98,294.0,286.0
1770324352389759836,402607,10.384,163.2,10.944,-140.1,1.89,2.32,-171.0,10.44,4.0,-0.01,-0.04,0.05,213.17,207.0,56.75,58.58,294.0,286.0
1770324352492183756,402707,10.084,140.9,10.744,-129.0,2.25,3.09,-170.94,10.19,4.06,-0.01,0.1,0.18,146.8,207.0,58.78,58.78,294.0,286.0
1770324352590496560,402806,10.564,164.7,11.344,-112.7,2.3,2.89,-170.94,10.0,4.25,-0.11,-0.19,0.09,231.87,207.0,60.91,58.23,294.0,286.0
1770324352692915720,402907,10.008,173.0,11.316,-153.7,1.89,3.13,-170.94,9.88,4.25,0.06,-0.11,0.05,214.89,203.0,59.58,58.78,294.0,288.0
1770324352791243784,403007,11.212,190.2,11.26,-167.9,2.19,2.25,-170.69,9.75,4.25,-0.03,0.2,-0.13,221.41,202.0,57.53,58.36,294.0,288.0
1770324353010046456,403107,9.216,208.3,11.204,-145.7,2.58,2.11,-170.44,9.69,4.19,-0.19,-0.09,0.0,215.23,202.0,58.23,60.02,294.0,288.0
1770324353021501897,403208,11.032,212.2,11.22,-197.4,3.87,2.75,-170.31,9.88,4.25,0.19,-0.06,-0.16,11911.19,198.0,53.11,62.2,294.0,288.0
1770324353114825124,403330,10.648,151.2,10.98,-187.4,2.79,2.85,-170.38,10.0,4.31,-0.04,0.04,-0.15,202.2,193.0,55.06,63.15,294.0,288.0
1770324353237705781,403430,10.612,173.3,11.156,-136.1,1.76,3.73,-170.38,9.81,4.38,-0.06,-0.01,0.04,11892.15,190.0,60.43,65.38,294.0,288.0
1770324353336008362,403552,10.028,171.2,11.084,-103.1,2.34,3.4,-170.38,9.5,4.63,-0.03,-0.04,0.0,208.72,190.0,60.41,67.73,294.0,288.0
1770324353438373443,403652,10.612,227.0,10.78,-133.2,1.52,3.28,-170.44,9.19,4.69,0.16,0.09,-0.17,225.01,188.0,61.38,68.47,294.0,288.0
1770324353561299085,403752,11.024,220.4,10.34,-90.3,1.8,3.69,-170.5,8.81,5.0,-0.18,0.02,-0.16,11892.5,184.0,62.91,66.37,294.0,288.0
1770324353684184649,403877,10.308,241.0,10.688,-84.4,1.89,3.71,-170.5,8.5,5.31,-0.01,-0.17,-0.17,11896.95,177.0,60.44,63.83,294.0,288.0
1770324353882048470,403998,10.504,181.0,10.528,-122.9,1.88,2.4,-170.38,8.38,5.38,0.08,0.08,-0.3,11892.84,177.0,60.25,68.96,294.0,288.0
1770324353921766272,404115,10.424,247.6,11.316,-102.2,2.54,2.91,-170.38,8.44,5.56,-0.37,0.11,-0.08,11897.64,179.0,59.36,68.33,296.0,288.0
1770324354054695514,404237,10.004,235.7,11.016,-135.8,2.99,2.66,-170.69,8.56,5.69,0.09,-0.02,0.12,11892.15,173.0,56.6,70.4,296.0,288.0
1770324354147059477,404362,9.448,258.7,11.32,-133.7,1.7,2.68,-171.44,8.44,5.75,-0.04,-0.17,0.14,180.08,173.0,59.64,73.68,296.0,288.0
1770324354269945856,404462,10.972,174.9,10.664,-109.0,2.32,2.71,-172.25,8.31,5.88,0.04,0.13,-0.37,11888.89,172.0,60.28,73.68,296.0,288.0
1770324354388704840,404583,9.304,216.5,11.28,-110.9,2.29,2.6,-173.31,8.13,6.06,0.11,0.11,0.08,11890.44,172.0,59.36,67.64,296.0,290.0
1770324354491116629,404704,10.344,156.9,11.272,-116.2,2.73,2.87,-174.06,7.88,6.19,0.43,-0.2,-0.38,148.18,172.0,59.88,61.75,296.0,290.0
1770324354589419024,404803,9.496,180.7,10.76,-157.9,2.73,2.87,-174.25,7.75,6.31,-0.22,-0.06,0.28,170.64,166.0,57.2,55.61,296.0,290.0
1770324354687768868,404903,10.536,209.7,9.928,-140.7,3.09,3.63,-174.19,7.88,6.38,0.02,0.01,-0.16,179.22,166.0,55.58,53.05,296.0,290.0
1770324354790164378,405003,10.912,174.2,11.388,-121.6,2.17,2.11,-174.19,8.0,6.38,-0.24,-0.09,0.26,174.42,166.0,57.95,56.14,296.0,290.0
1770324354888466347,405103,9.536,172.2,11.064,-120.9,2.62,2.7,-174.19,8.06,6.44,-0.17,-0.14,0.3,177.33,166.0,58.23,55.87,296.0,290.0
1770324354986733592,405203,9.98,164.6,10.888,-146.7,2.42,2.25,-174.44,8.13,6.38,0.02,-0.17,-0.24,170.99,166.0,54.64,55.54,296.0,290.0
1770324355119705707,405303,10.672,112.2,10.88,-137.4,2.03,2.68,-174.63,8.19,6.38,-0.16,0.03,-0.4,11914.28,169.0,55.98,53.11,296.0,290.0
1770324355232539112,405426,9.996,120.5,11.284,-127.8,2.3,2.73,-174.81,8.13,6.38,-0.06,-0.03,0.01,11915.82,171.0,55.91,51.07,296.0,290.0
1770324355359540255,405548,10.636,121.6,11.116,-156.1,1.91,2.36,-175.0,8.06,6.38,0.26,0.02,-0.05,11920.45,169.0,55.91,49.0,296.0,290.0
1770324355478281515,405671,10.208,118.7,10.88,-164.3,2.21,2.21,-175.25,7.94,6.44,-0.13,-0.09,0.47,11917.02,169.0,57.04,48.21,296.0,290.0
1770324355601204453,405793,10.224,121.0,11.128,-114.9,2.83,2.7,-175.25,7.75,6.44,-0.45,-0.11,0.1,11928.68,176.0,55.67,43.15,296.0,290.0
1770324355715896918,405914,10.332,213.8,11.256,-169.8,2.23,3.34,-175.19,7.75,6.63,-0.2,-0.01,-0.24,11944.97,176.0,52.44,36.19,296.0,290.0
1770324355838794501,406029,10.78,165.3,11.248,-147.9,2.81,4.2,-174.94,7.81,6.75,0.23,0.07,-0.14,11942.06,175.0,50.38,34.51,296.0,290.0
1770324355961676139,406153,10.944,142.2,9.92,-170.6,2.85,3.87,-174.63,7.88,6.81,-0.12,-0.1,0.23,11933.14,173.0,52.29,38.71,296.0,290.0
1770324356178048684,406275,10.352,126.0,11.16,-141.8,2.64,2.32,-174.44,8.25,6.81,-0.2,-0.1,0.02,11938.29,175.0,49.69,42.1,298.0,290.0
1770324356199263261,406396,10.576,141.3,11.224,-163.4,2.99,2.62,-174.13,8.81,6.75,0.08,-0.05,-0.09,11932.97,175.0,50.23,43.58,298.0,290.0
1770324356297572139,406511,9.248,125.4,10.372,-185.2,2.89,2.83,-174.13,9.19,6.69,0.2,0.06,0.15,169.79,181.0,48.99,42.87,298.0,290.0
1770324356395902758,406611,10.84,162.8,11.116,-153.3,2.17,3.22,-174.19,9.25,6.63,0.09,0.0,0.0,165.67,181.0,53.42,44.37,298.0,290.0
1770324356494079995,406710,10.716,157.9,11.264,-179.6,2.66,3.3,-174.31,9.19,6.56,-0.24,-0.12,0.12,160.7,179.0,53.14,43.33,298.0,290.0
1770324356596561826,406809,10.74,140.7,11.304,-175.3,3.22,2.58,-174.56,9.19,6.5,0.01,0.12,-0.05,171.67,180.0,53.89,44.63,298.0,290.0
1770324356694895743,406908,10.26,169.2,10.832,-158.2,2.32,3.01,-174.69,9.13,6.44,0.04,0.0,0.0,196.02,180.0,55.54,44.79,298.0,290.0
1770324356793195638,407008,10.76,116.5,11.32,-170.0,2.5,2.54,-174.81,9.06,6.38,0.04,0.03,-0.03,184.71,177.0,56.14,44.91,298.0,290.0
1770324356895606945,407108,10.492,125.7,11.32,-190.8,2.7,2.29,-174.75,9.06,6.25,0.04,0.08,-0.11,171.84,176.0,54.19,42.52,298.0,290.0
1770324356993920822,407208,10.532,191.7,11.032,-169.7,3.22,2.95,-174.56,9.06,6.19,0.14,-0.1,-0.05,175.96,176.0,52.85,40.31,298.0,292.0
1770324357102045969,407308,10.56,233.1,11.232,-185.6,2.27,3.5,-174.31,9.19,6.13,-0.18,0.06,-0.46,175.96,180.0,51.32,34.48,298.0,292.0
1770324357194623134,407408,10.336,178.9,10.972,-169.4,2.48,4.92,-174.0,9.44,6.0,0.18,0.0,-0.13,184.36,180.0,51.41,31.91,298.0,292.0
1770324357297026181,407508,10.008,209.9,11.264,-182.9,3.44,3.28,-173.94,9.63,5.88,-0.02,-0.09,0.21,187.11,179.0,46.87,31.78,298.0,292.0
1770324357395349930,407608,9.32,203.7,10.988,-187.3,3.28,4.88,-173.88,9.88,5.81,-0.08,0.14,0.01,202.71,177.0,44.68,30.93,298.0,292.0
1770324357518188805,407708,10.8,197.7,11.008,-186.9,3.16,3.4,-173.56,9.94,5.75,0.02,0.16,-0.06,11941.89,181.0,49.04,37.64,298.0,292.0
1770324357641125632,407829,10.492,135.0,11.112,-171.9,2.56,2.64,-173.31,10.13,5.75,0.0,0.02,-0.19,11936.74,181.0,53.45,41.0,298.0,292.0
1770324357763996324,407955,9.392,131.1,10.852,-165.5,2.52,2.81,-173.31,10.38,5.75,-0.01,0.03,-0.12,11931.08,181.0,55.28,43.07,298.0,292.0
1770324357862306757,408076,10.708,162.4,9.616,-151.8,2.29,2.89,-173.25,10.5,5.75,0.05,-0.15,-0.11,177.16,179.0,55.61,44.49,298.0,292.0
1770324358058039938,408176,10.52,146.9,11.216,-137.1,2.4,2.36,-173.13,10.5,5.69,0.03,0.01,-0.04,11927.65,178.0,53.67,45.8,298.0,292.0
1770324358112166739,408299,10.76,113.7,11.292,-187.2,3.07,1.82,-173.13,10.5,5.56,0.0,0.0,-0.04,11928.0,182.0,52.19,48.02,298.0,292.0
1770324358226862241,408423,11.164,145.4,10.744,-182.7,3.32,2.71,-172.88,10.56,5.31,0.05,-0.01,0.05,11929.71,182.0,52.09,46.38,298.0,292.0
1770324358349779085,408539,10.228,134.9,11.224,-197.5,3.26,2.42,-172.69,10.75,5.06,-0.07,0.02,-0.04,11936.4,181.0,50.66,43.13,300.0,292.0
1770324358468472212,408662,10.7,160.6,11.172,-165.4,3.32,2.58,-172.5,10.81,4.81,0.04,0.08,-0.14,11936.23,183.0,49.0,42.79,300.0,292.0
1770324358570914762,408782,9.996,172.8,10.248,-188.1,3.4,3.34,-172.19,10.88,4.63,0.07,0.05,0.12,227.41,183.0,48.37,41.21,300.0,292.0
1770324358693823179,408882,10.16,225.8,11.184,-177.3,2.85,3.61,-171.81,10.81,4.5,-0.01,0.05,0.0,11939.32,188.0,50.33,40.65,300.0,292.0
1770324358792136075,409005,9.332,189.3,10.748,-138.8,2.56,2.99,-171.38,10.81,4.38,0.01,0.07,0.01,205.8,189.0,51.18,44.58,300.0,292.0
1770324358986049940,409105,10.76,124.0,10.96,-157.7,2.27,2.11,-171.25,10.94,4.19,0.4,-0.06,0.33,11914.28,195.0,54.98,53.0,300.0,292.0
1770324359013335812,409226,10.28,170.2,11.22,-107.8,2.5,3.05,-171.06,11.19,4.06,0.1,0.0,-0.14,180.59,195.0,53.75,55.54,300.0,292.0
1770324359136223098,409326,10.628,123.6,10.624,-112.0,2.52,2.32,-171.13,11.25,4.06,0.1,-0.06,-0.02,11911.36,195.0,56.46,58.85,300.0,292.0
1770324359238629145,409449,11.12,155.1,10.632,-157.7,2.7,2.4,-171.31,11.31,4.0,0.13,-0.1,0.2,225.87,195.0,55.54,60.91,300.0,292.0
1770324359336932929,409549,11.124,199.7,11.092,-120.2,2.93,2.17,-171.31,11.31,3.88,-0.05,0.05,0.0,241.47,200.0,56.66,61.38,300.0,292.0
1770324359435202969,409649,10.02,206.8,11.208,-190.9,3.07,2.93,-171.13,11.25,3.75,-0.1,-0.04,0.02,200.31,200.0,56.14,60.39,300.0,292.0
1770324359558114239,409749,10.52,210.0,11.168,-135.6,3.2,2.68,-171.19,11.25,3.56,0.21,-0.04,0.04,11919.76,206.0,52.5,55.97,300.0,294.0
1770324359660534454,409871,9.74,207.7,10.388,-182.8,3.16,3.28,-171.19,11.13,3.5,-0.03,-0.06,0.19,243.87,206.0,50.52,48.65,300.0,294.0
1770324359758842738,409971,10.176,222.3,11.08,-137.8,2.32,3.55,-171.0,11.0,3.44,-0.08,0.06,0.0,207.52,206.0,51.15,48.0,300.0,294.0
1770324359861255378,410072,10.408,247.0,11.304,-162.4,3.24,2.91,-170.88,10.88,3.31,0.09,0.21,0.05,215.92,206.0,54.38,52.63,300.0,294.0
1770324359970044023,410172,10.176,147.1,11.04,-152.2,2.27,2.91,-170.94,10.88,3.31,0.04,0.03,-0.33,199.45,207.0,57.23,59.68,300.0,294.0
1770324360061961356,410272,10.576,162.0,10.308,-137.1,1.97,3.2,-171.06,10.75,3.44,-0.04,-0.09,-0.15,193.11,215.0,58.36,60.86,300.0,294.0
1770324360180772492,410373,10.076,159.7,10.844,-112.7,2.5,2.54,-171.25,10.69,3.44,-0.18,-0.06,-0.33,11906.56,214.0,58.94,61.92,300.0,294.0
1770324360283149944,410493,10.82,180.1,10.548,-147.7,1.89,2.52,-171.56,10.69,3.5,0.05,-0.15,0.08,197.4,214.0,57.33,60.91,300.0,294.0
1770324360401910983,410593,9.624,147.4,10.964,-115.0,2.58,2.95,-171.75,10.63,3.44,0.23,0.05,0.12,11903.13,213.0,58.41,62.3,300.0,294.0
1770324360528885457,410714,9.42,185.1,11.12,-143.4,2.79,2.75,-171.88,10.5,3.44,-0.14,0.15,0.11,11915.65,211.0,54.98,57.76,302.0,294.0
1770324360651786855,410842,9.584,184.6,11.068,-195.9,3.44,2.23,-172.06,10.5,3.5,0.09,-0.06,-0.02,11920.79,210.0,51.57,56.14,302.0,294.0
1770324360750121438,410963,10.872,189.2,11.26,-145.4,2.32,3.28,-172.13,10.5,3.63,0.04,-0.18,0.39,207.0,210.0,51.25,49.42,302.0,294.0
1770324360852553320,411062,10.944,236.1,11.216,-159.2,2.75,4.04,-172.06,10.38,3.75,0.0,-0.1,0.06,216.09,211.0,54.53,52.13,302.0,294.0
1770324360950835898,411162,10.156,173.1,11.172,-155.5,1.99,3.18,-172.0,10.38,3.88,0.01,0.11,0.17,201.51,211.0,55.84,54.95,302.0,294.0
1770324361049114569,411262,10.168,143.9,11.1,-104.7,2.21,2.09,-172.06,10.38,3.94,-0.01,0.05,-0.05,201.0,210.0,59.58,60.37,302.0,294.0
1770324361151546469,411362,11.028,164.9,11.096,-101.3,2.58,2.87,-172.25,10.31,4.0,-0.04,0.17,-0.66,213.52,210.0,59.12,60.91,302.0,294.0
1770324361278520480,411462,9.168,130.7,11.304,-118.4,1.93,2.4,-172.44,10.25,4.19,0.1,-0.04,-0.03,11903.47,208.0,59.33,60.28,302.0,294.0
1770324361397251146,411588,9.888,163.0,11.332,-157.2,2.71,1.78,-172.56,10.19,4.25,-0.01,0.08,0.22,11905.36,203.0,59.08,61.12,302.0,294.0
1770324361520168601,411710,9.492,183.3,11.276,-125.2,2.6,2.99,-172.69,10.19,4.31,-0.03,0.12,-0.22,11910.85,203.0,57.98,58.67,302.0,294.0
1770324361643107206,411831,10.36,169.2,10.124,-131.1,3.03,2.01,-172.81,10.19,4.56,-0.16,0.12,0.01,11913.93,201.0,55.67,57.76,302.0,296.0
1770324361842050724,411953,10.5,205.0,11.024,-197.2,2.58,3.59,-173.0,10.25,4.94,0.12,-0.16,0.19,11921.31,203.0,52.19,52.89,302.0,296.0
1770324361880668417,412077,10.2,170.5,11.288,-168.6,2.73,2.87,-172.88,10.19,5.25,-0.09,-0.03,0.15,11919.94,203.0,53.78,51.65,302.0,296.0
1770324362003545424,412192,10.12,191.4,10.428,-122.9,2.17,2.25,-172.81,10.19,5.44,0.05,0.2,-0.32,11908.27,204.0,57.29,57.98,302.0,296.0
1770324362126440988,412314,10.548,150.0,10.72,-137.0,2.54,2.01,-173.0,10.25,5.69,0.01,0.1,0.02,11905.36,203.0,59.15,59.85,302.0,296.0
1770324362224755328,412436,9.848,133.4,11.184,-137.0,1.82,2.05,-173.25,10.19,6.0,-0.31,-0.23,-0.11,206.49,203.0,58.58,58.58,302.0,296.0
1770324362347608166,412536,10.408,135.0,11.308,-144.7,1.99,2.07,-173.38,10.19,6.25,-0.01,-0.12,0.04,11904.5,204.0,59.94,58.52,302.0,296.0
1770324362470483266,412658,9.288,122.7,11.204,-143.6,1.72,2.85,-173.5,10.13,6.44,-0.24,0.07,-0.21,11904.5,201.0,59.64,61.75,302.0,296.0
1770324362589315347,412779,10.404,127.6,11.292,-122.9,2.68,2.44,-173.81,10.19,6.94,0.15,0.04,-0.04,11911.53,204.0,56.6,57.98,304.0,296.0
1770324362712171834,412900,10.812,190.3,10.78,-153.4,2.73,2.21,-174.06,10.25,7.63,0.03,-0.34,0.02,11924.74,195.0,52.89,52.89,304.0,296.0
1770324362830978247,413024,10.652,239.6,10.824,-192.4,2.75,3.81,-174.0,10.31,8.0,0.35,-0.06,0.37,11931.94,195.0,50.95,46.7,304.0,296.0
1770324362929292550,413140,10.36,232.2,11.224,-179.1,2.42,4.06,-173.75,10.31,8.13,0.04,0.03,-0.12,186.94,192.0,51.82,48.58,304.0,296.0
1770324363037641956,413240,10.164,187.6,11.188,-177.0,2.25,3.42,-173.63,10.31,8.25,0.09,0.21,-0.22,186.08,192.0,54.0,50.34,304.0,296.0
1770324363154580734,413340,10.544,152.5,10.748,-127.1,2.85,2.46,-173.75,10.38,8.44,0.15,-0.01,-0.21,11910.67,189.0,57.89,57.89,304.0,296.0
1770324363252900463,413464,10.412,127.2,11.212,-118.9,2.79,2.11,-174.0,10.38,8.56,-0.09,-0.03,-0.08,229.81,188.0,57.14,55.64,304.0,296.0
1770324363375734429,413564,10.428,116.9,11.004,-130.4,2.05,1.84,-174.06,10.31,8.56,0.29,-0.09,-0.16,11910.16,182.0,59.44,56.96,304.0,296.0
1770324363502727959,413686,10.112,141.7,10.376,-160.7,2.7,1.78,-174.19,10.31,8.63,0.21,0.04,-0.08,11910.67,177.0,57.29,57.98,304.0,296.0
1770324363625649525,413813,10.144,174.5,10.32,-124.1,2.93,1.86,-174.38,10.25,8.63,-0.01,-0.09,-0.04,11913.42,177.0,57.29,57.29,304.0,296.0
1770324363744414861,413934,9.464,176.0,10.868,-179.4,2.54,3.4,-174.5,10.25,8.69,0.07,0.04,-0.04,11925.94,179.0,52.13,53.46,304.0,298.0
1770324363846855632,414056,9.528,222.1,10.6,-185.6,4.0,3.34,-174.56,10.25,8.63,0.23,-0.13,-0.05,196.37,179.0,49.42,47.59,304.0,298.0
1770324363945146359,414156,9.816,209.4,10.38,-158.9,2.71,3.32,-174.25,10.19,8.63,0.09,0.03,-0.12,169.96,178.0,49.72,45.71,304.0,298.0
1770324364178047668,414256,10.716,189.3,11.144,-132.0,2.38,3.11,-174.06,10.19,8.63,-0.15,0.02,0.18,163.61,177.0,53.36,47.52,304.0,298.0
1770324364244152120,414356,10.928,165.4,11.204,-132.6,2.7,2.29,-174.06,10.13,8.63,-0.42,0.0,-0.13,172.01,177.0,55.83,53.09,304.0,298.0
1770324364255586319,414456,9.452,161.3,10.292,-164.2,2.58,1.82,-174.25,10.25,8.69,0.07,0.1,-0.25,165.5,178.0,59.02,58.23,304.0,298.0
1770324364346583409,414556,10.896,166.2,11.272,-126.3,1.93,1.91,-174.44,10.31,8.69,0.0,0.04,0.2,179.05,175.0,59.54,58.69,304.0,298.0
1770324364444805649,414656,10.276,167.1,10.988,-124.9,2.68,2.23,-174.75,10.31,8.69,0.1,-0.34,0.09,170.81,175.0,59.12,58.23,304.0,298.0
1770324364547241716,414756,10.308,144.7,11.308,-121.0,2.5,1.82,-174.94,10.31,8.63,0.12,0.19,0.02,175.62,175.0,58.23,58.23,304.0,298.0
1770324364645595800,414856,10.688,109.1,10.312,-141.4,2.17,1.84,-175.06,10.31,8.5,-0.13,0.13,0.07,172.01,175.0,57.33,59.12,304.0,298.0
1770324364748001698,414956,9.768,128.1,11.344,-183.8,2.52,2.6,-175.25,10.19,8.31,0.28,0.05,0.07,173.56,173.0,56.66,58.23,306.0,298.0
1770324364846314519,415056,10.364,161.4,11.06,-151.6,3.34,2.91,-175.31,10.19,8.25,0.15,0.06,0.03,178.19,178.0,53.05,54.73,306.0,298.0
1770324365054046370,415156,9.748,180.9,11.224,-176.5,3.36,3.44,-175.19,10.19,8.19,0.17,0.01,-0.02,171.33,178.0,52.17,48.51,306.0,298.0
1770324365066129790,415256,9.516,242.0,11.136,-147.1,3.24,3.85,-174.94,10.13,8.13,0.03,0.06,-0.08,182.99,178.0,52.73,44.07,306.0,298.0
1770324365169905245,415356,10.464,211.1,11.296,-164.7,2.79,4.26,-174.75,10.06,8.06,0.02,-0.01,-0.01,11918.91,180.0,55.48,48.54,306.0,298.0
1770324365268214177,415477,9.916,121.0,11.36,-141.7,1.88,1.68,-174.63,10.13,8.06,-0.23,0.15,-0.53,185.56,180.0,57.89,56.14,306.0,298.0
1770324365370636650,415578,9.428,117.9,10.912,-112.8,2.56,2.83,-174.56,10.25,8.06,0.15,-0.08,-0.04,176.3,184.0,59.34,57.74,306.0,298.0
1770324365493480524,415678,10.948,106.5,11.332,-149.6,2.09,2.19,-174.63,10.25,8.06,0.26,0.04,0.0,11909.13,188.0,58.94,56.47,306.0,298.0
1770324365591805957,415801,11.16,154.8,10.9,-154.0,2.05,1.8,-174.63,10.19,7.94,-0.02,0.16,0.06,225.69,189.0,56.14,54.58,306.0,298.0
1770324365694235302,415901,10.748,110.5,11.356,-116.2,1.68,1.7,-174.5,10.13,7.94,-0.11,0.01,-0.08,177.85,189.0,59.12,55.54,306.0,298.0
1770324365792526436,416002,10.596,133.9,11.34,-153.9,2.68,2.27,-174.5,10.13,7.88,-0.09,0.06,0.11,174.59,191.0,59.58,55.61,306.0,298.0
1770324365894942631,416102,10.836,136.0,11.256,-142.1,2.4,2.25,-174.56,10.19,7.88,-0.04,-0.01,-0.09,195.0,191.0,54.95,53.18,306.0,298.0
1770324366017824749,416202,10.24,173.6,11.06,-137.9,2.85,3.55,-174.5,10.13,7.88,0.15,-0.1,0.11,11925.08,191.0,55.66,48.05,306.0,300.0
1770324366116134903,416326,9.712,230.8,10.644,-152.3,2.99,3.87,-174.31,10.0,7.81,-0.02,0.01,-0.02,200.14,195.0,54.49,44.58,306.0,300.0
1770324366238975314,416425,10.68,172.2,11.06,-188.3,2.99,4.39,-174.0,9.88,7.94,-0.04,0.1,-0.24,11923.19,195.0,54.98,45.57,306.0,300.0
1770324366361872341,416549,9.304,149.1,11.352,-169.3,2.89,2.27,-173.63,9.75,8.0,-0.02,0.17,0.37,11908.1,206.0,56.36,54.33,306.0,300.0
1770324366464281776,416671,10.544,139.8,10.632,-113.5,2.6,2.19,-173.56,9.88,8.06,-0.09,0.19,0.06,220.21,206.0,56.75,56.75,306.0,300.0
1770324366583080559,416772,9.544,148.1,11.108,-139.2,2.07,2.64,-173.69,10.06,8.13,0.19,-0.19,-0.17,11908.79,202.0,57.89,55.98,306.0,300.0
1770324366710072866,416893,11.244,161.2,11.348,-157.8,2.07,2.64,-173.75,10.06,8.19,0.16,-0.08,0.23,11908.96,202.0,58.46,56.37,306.0,300.0
1770324366828860481,417017,11.056,149.4,11.332,-130.6,1.97,2.21,-173.75,10.0,8.19,-0.37,0.0,0.46,11908.62,204.0,57.04,59.08,308.0,300.0
1770324366958043154,417138,10.616,150.4,10.344,-141.3,2.93,2.01,-173.88,10.13,8.19,-0.04,-0.09,0.0,11913.93,204.0,54.18,58.58,308.0,300.0
1770324367066450083,417254,10.144,202.0,11.124,-172.5,2.99,2.48,-174.06,10.13,8.19,0.0,0.05,0.07,11916.68,200.0,54.77,53.4,308.0,300.0
1770324367199350005,417374,10.228,185.9,10.88,-156.7,1.89,3.11,-174.0,10.06,8.25,0.15,-0.04,-0.2,11918.74,199.0,55.43,50.52,308.0,300.0
1770324367312210818,417500,10.312,247.4,10.84,-152.9,2.79,4.22,-173.88,9.94,8.38,0.15,-0.1,-0.62,11913.59,193.0,55.68,51.61,308.0,300.0
1770324367410493544,417620,10.064,183.1,10.228,-116.7,2.81,3.03,-173.75,9.81,8.44,-0.19,0.15,0.02,160.18,193.0,54.92,53.09,308.0,300.0
1770324367512915999,417720,10.164,143.8,11.276,-141.6,1.8,3.03,-173.75,9.88,8.44,-0.17,0.05,0.21,221.41,191.0,59.34,61.75,308.0,300.0
1770324367635815822,417820,10.6,193.2,10.908,-97.9,2.3,2.23,-173.94,10.13,8.44,0.12,-0.19,-0.12,11897.98,189.0,59.44,64.89,308.0,300.0
1770324367738222720,417945,10.908,187.1,11.348,-97.4,2.68,2.6,-174.31,10.13,8.44,0.16,-0.13,-0.04,181.96,189.0,58.43,63.58,308.0,300.0
1770324367836529429,418045,10.964,172.3,10.824,-93.2,2.07,2.09,-174.44,10.13,8.38,-0.14,0.22,-0.43,214.2,182.0,60.37,63.55,308.0,300.0
1770324367959412028,418145,10.624,163.8,10.8,-159.1,2.77,1.97,-174.63,10.25,8.38,0.08,-0.01,0.17,11905.19,179.0,56.96,62.91,308.0,300.0
1770324368078201088,418267,10.848,134.6,10.344,-162.0,2.73,2.7,-174.88,10.25,8.31,-0.04,0.0,0.3,11915.82,179.0,55.89,55.89,308.0,300.0
1770324368196974127,418384,11.16,198.4,10.784,-154.0,2.34,3.4,-174.75,10.25,8.31,0.01,0.03,-0.17,11920.28,175.0,57.04,49.57,308.0,302.0
1770324368319853244,418506,10.66,219.8,10.932,-128.4,2.15,3.59,-174.44,10.06,8.38,-0.17,0.0,-0.23,11915.65,170.0,56.37,51.5,308.0,302.0
1770324368442731066,418628,11.232,174.6,11.332,-131.1,2.44,3.07,-174.25,9.94,8.38,-0.15,0.17,-0.18,11903.47,171.0,59.15,57.76,308.0,302.0
1770324368565634259,418749,10.364,147.0,10.676,-100.4,2.6,2.66,-174.19,10.06,8.38,-0.05,0.16,-0.04,11905.53,170.0,58.67,57.98,308.0,302.0
1770324368684440412,418873,10.288,132.6,10.788,-161.4,2.38,2.7,-174.19,10.25,8.31,-0.01,0.11,0.02,11906.9,170.0,58.02,58.02,308.0,302.0
1770324368803226712,418990,10.444,171.2,11.252,-133.6,2.58,2.38,-174.19,10.25,8.19,0.15,-0.06,0.13,11904.16,173.0,57.98,57.98,308.0,302.0
1770324368926125294,419111,10.732,169.3,11.084,-160.1,2.15,2.68,-174.19,10.19,8.13,-0.26,-0.11,0.06,11908.27,177.0,55.91,58.67,310.0,302.0
1770324369034482014,419233,10.804,144.9,11.136,-179.1,2.83,2.62,-174.19,10.31,8.06,0.05,0.01,-0.32,221.92,177.0,56.14,58.01,310.0,302.0
1770324369126845254,419334,10.888,164.2,10.804,-162.6,3.11,3.3,-174.19,10.31,8.06,0.12,0.0,0.05,207.69,178.0,56.66,55.87,310.0,302.0
1770324369238048393,419434,10.332,175.8,11.228,-145.5,2.68,3.3,-174.13,10.19,8.13,0.0,-0.03,0.0,224.84,182.0,56.69,52.52,310.0,302.0
1770324369348018949,419534,10.44,245.5,10.876,-149.5,2.46,3.93,-173.88,10.06,8.13,0.26,0.01,-0.03,11916.85,184.0,56.47,49.53,310.0,302.0
1770324369466829103,419656,10.972,172.2,11.16,-120.4,3.18,3.09,-173.63,9.88,8.25,0.06,-0.04,-0.07,11908.62,184.0,58.35,55.4,310.0,302.0
1770324369569202609,419774,10.484,138.6,11.372,-112.8,2.27,2.83,-173.56,9.81,8.25,-0.07,0.04,-0.05,210.26,187.0,57.61,60.57,310.0,302.0
1770324369667574675,419874,11.052,161.0,10.804,-144.6,2.09,3.4,-173.56,10.0,8.25,-0.03,-0.02,-0.24,180.42,187.0,58.5,63.82,310.0,302.0
1770324369790425457,419974,10.268,184.1,10.928,-156.0,1.86,2.42,-173.75,10.06,8.25,0.25,-0.1,-0.06,11894.21,191.0,60.15,66.4,310.0,302.0
1770324369888721684,420096,10.432,162.5,10.4,-147.8,2.44,2.21,-173.94,10.0,8.19,-0.26,0.15,-0.01,192.42,194.0,60.63,67.36,310.0,302.0
1770324369991133916,420196,9.26,178.8,10.888,-125.8,2.83,2.44,-173.88,10.0,8.19,0.02,-0.16,-0.07,190.02,194.0,58.23,64.5,310.0,302.0
1770324370089436643,420296,10.8,170.5,10.876,-175.8,2.64,3.54,-173.88,10.0,8.13,0.18,0.03,-0.27,198.6,192.0,55.61,61.96,310.0,302.0
1770324370198046513,420397,10.14,239.2,10.796,-138.6,3.16,3.03,-173.94,10.0,8.06,0.24,-0.17,0.0,181.96,190.0,55.58,58.1,310.0,304.0
1770324370314724269,420497,10.512,303.6,10.028,-161.3,2.68,3.63,-173.81,9.88,8.06,0.09,0.1,0.0,11918.74,186.0,57.46,51.51,310.0,304.0
1770324370429369580,420621,10.792,231.9,10.888,-176.6,2.66,3.14,-173.69,9.69,8.13,0.06,0.16,-0.15,11909.47,186.0,58.94,56.84,310.0,304.0
1770324370531793183,420738,10.876,169.2,11.256,-139.6,2.01,2.64,-173.63,9.5,8.25,-0.01,-0.07,0.23,187.79,180.0,59.91,61.53,310.0,304.0
1770324370630101929,420838,11.044,163.6,11.236,-109.3,2.75,3.07,-173.56,9.63,8.31,-0.09,-0.21,-0.01,209.4,180.0,60.91,62.71,310.0,304.0
1770324370732533514,420938,10.564,169.2,10.896,-104.0,2.66,3.07,-173.63,9.75,8.31,0.07,-0.06,-0.06,191.22,174.0,61.17,62.76,310.0,304.0
1770324370830800238,421039,10.544,135.5,11.288,-128.1,2.19,2.66,-173.69,9.63,8.31,0.09,0.11,-0.27,181.1,172.0,61.47,64.0,310.0,304.0
1770324370933246899,421139,10.368,197.5,11.188,-136.8,1.86,1.99,-173.63,9.5,8.31,-0.22,-0.1,0.09,176.65,172.0,62.05,63.82,310.0,304.0
1770324371031563757,421239,10.664,189.9,10.84,-205.3,3.79,2.56,-173.63,9.5,8.25,0.07,-0.07,0.01,169.1,169.0,54.02,63.55,312.0,304.0
1770324371133964024,421339,10.948,240.1,10.668,-160.7,3.52,2.7,-173.69,9.38,8.19,0.02,-0.02,0.06,163.61,165.0,54.73,60.63,312.0,304.0
1770324371232269215,421439,9.744,240.0,10.948,-132.7,2.5,3.67,-173.69,9.19,8.13,-0.03,0.02,0.0,192.08,165.0,55.84,54.95,312.0,304.0
1770324371330545458,421539,10.208,291.0,10.832,-142.0,1.84,3.26,-173.5,9.06,8.13,0.09,-0.11,-0.09,195.0,161.0,59.81,51.94,312.0,304.0
1770324371442062845,421639,11.14,180.3,10.92,-140.4,2.91,3.28,-173.44,8.88,8.13,0.03,0.06,0.17,151.61,157.0,59.54,56.99,312.0,304.0
1770324371531360740,421739,9.404,200.7,11.3,-139.4,2.01,2.03,-173.38,8.88,8.06,0.05,-0.24,-0.17,142.0,157.0,60.27,62.05,312.0,304.0
1770324371633696168,421839,10.368,157.7,11.148,-125.3,2.81,2.89,-173.44,9.0,8.06,0.05,0.03,0.04,152.12,161.0,61.96,63.55,312.0,304.0
1770324371732008526,421939,9.6,178.6,11.248,-130.0,2.46,2.46,-173.69,9.13,7.94,0.12,0.22,0.04,144.4,161.0,60.91,63.6,312.0,304.0
1770324371863100707,422039,10.788,172.0,10.804,-156.5,2.01,3.11,-173.81,9.0,7.81,0.17,-0.07,0.0,11902.61,159.0,60.01,64.36,312.0,304.0
1770324371961431881,422167,10.44,167.8,10.58,-164.6,3.34,3.28,-174.0,8.88,7.5,0.07,-0.07,-0.16,182.3,162.0,56.62,62.43,312.0,304.0
1770324372074047970,422267,11.068,174.8,10.932,-179.8,3.01,3.4,-174.13,8.69,7.06,-0.21,0.0,0.01,169.27,162.0,54.95,62.93,312.0,304.0
1770324372162107577,422367,10.732,224.3,10.58,-194.3,2.7,4.28,-174.25,8.5,6.69,0.36,-0.03,0.19,176.13,162.0,56.14,60.15,312.0,306.0
1770324372280887061,422467,10.62,293.3,10.356,-190.7,3.18,4.73,-174.19,8.38,6.5,0.0,0.02,0.23,11920.62,172.0,54.31,54.81,312.0,306.0
1770324372403753251,422587,10.164,225.5,10.86,-169.8,2.52,4.65,-174.13,8.19,6.38,0.11,0.15,-0.04,11915.99,168.0,55.45,56.82,312.0,306.0
1770324372530729094,422710,10.24,164.6,11.24,-152.1,2.15,3.44,-173.94,8.13,6.31,0.15,0.14,0.01,11897.98,170.0,59.36,64.19,312.0,306.0
1770324372649582232,422835,10.872,164.1,11.28,-152.5,1.95,2.13,-174.06,8.13,6.19,0.18,0.04,-0.01,11894.55,177.0,61.8,65.19,312.0,306.0
1770324372764179002,422957,10.704,207.8,11.004,-140.0,2.52,2.6,-174.25,8.06,6.06,0.07,0.06,-0.03,11900.04,177.0,61.51,63.7,312.0,306.0
1770324372887137422,423071,10.556,177.8,11.208,-115.8,3.01,3.42,-174.31,8.06,5.75,-0.1,0.04,-0.15,11900.56,180.0,60.54,64.02,312.0,306.0
1770324373094045889,423192,9.936,210.9,11.204,-169.8,2.6,2.64,-174.63,7.94,5.5,-0.17,-0.05,-0.02,11909.99,187.0,57.51,62.3,314.0,306.0
1770324373132901619,423318,10.604,179.4,11.044,-176.0,3.52,2.81,-175.13,7.94,5.19,-0.01,0.06,-0.49,11908.62,188.0,55.68,60.44,314.0,306.0
1770324373247594545,423439,10.512,233.1,10.616,-204.6,3.05,3.52,-175.69,7.94,5.0,0.28,-0.06,0.24,11922.68,188.0,54.92,53.45,314.0,306.0
1770324373370488830,423554,10.348,314.4,10.408,-189.7,2.56,4.38,-175.75,7.94,5.0,-0.04,0.06,0.18,11920.62,194.0,55.45,52.71,314.0,306.0
1770324373505626529,423677,9.184,194.9,10.696,-174.5,2.85,3.57,-175.94,7.94,5.0,0.21,0.07,0.24,11908.62,192.0,59.15,57.06,314.0,306.0
1770324373603955628,423809,10.568,204.9,10.892,-160.4,1.99,2.15,-175.94,8.13,5.06,-0.09,0.09,0.08,176.3,192.0,59.09,56.14,314.0,306.0
1770324373726855006,423909,10.216,174.4,10.968,-116.0,2.44,3.01,-176.13,8.19,5.06,0.05,-0.13,-0.15,11906.22,195.0,60.76,58.37,314.0,306.0
1770324373825130527,424032,11.048,199.4,11.088,-153.7,2.25,2.13,-176.38,8.25,5.0,0.15,-0.1,-0.06,199.45,195.0,59.91,56.68,314.0,306.0
1770324373927568705,424132,10.216,193.6,10.976,-157.3,2.48,2.25,-176.5,8.31,5.0,-0.2,-0.2,0.17,203.91,195.0,59.12,57.33,314.0,306.0
1770324374054536881,424232,11.12,183.6,10.864,-173.4,2.87,3.03,-176.63,8.56,4.94,0.02,0.04,0.07,11917.02,195.0,58.37,54.54,314.0,306.0
1770324374152834125,424358,9.944,202.5,11.116,-135.1,2.81,3.3,-176.69,8.88,4.94,-0.42,0.08,0.67,202.2,196.0,56.14,50.23,314.0,306.0
1770324374275734226,424458,11.012,214.6,10.18,-160.4,3.07,3.4,-176.69,9.0,4.94,0.09,0.01,-0.01,11931.25,194.0,55.13,45.11,314.0,308.0
1770324374374056121,424579,10.168,215.6,11.14,-209.7,3.28,4.67,-176.5,9.0,5.0,0.29,-0.15,-0.37,185.56,194.0,54.92,42.1,314.0,308.0
1770324374476395272,424678,10.5,179.2,10.812,-206.1,3.24,4.2,-176.38,8.88,5.0,0.0,0.21,0.03,197.05,194.0,55.61,43.69,314.0,308.0
1770324374603429582,424778,9.476,159.6,10.84,0.0,2.54,2.58,-176.31,8.81,5.0,0.0,0.03,-0.59,11917.88,194.0,58.3,49.83,314.0,308.0
1770324374701742755,424906,9.52,134.0,10.232,-132.9,2.58,2.05,-176.13,9.06,5.0,0.01,0.17,-0.07,192.59,194.0,56.65,50.52,314.0,308.0
1770324374810082269,425006,9.888,178.8,10.932,-134.5,2.68,3.13,-176.19,9.31,5.0,0.2,0.01,-0.1,204.08,194.0,58.54,53.73,314.0,308.0
1770324374998046772,425106,10.748,135.7,10.864,-165.6,2.32,2.64,-176.31,9.38,4.94,0.06,-0.09,0.23,11918.74,189.0,57.8,52.81,314.0,308.0
1770324375049919072,425232,10.236,135.1,11.176,-128.9,2.05,2.62,-176.44,9.44,4.75,-0.16,-0.17,0.04,11917.36,192.0,58.61,51.2,316.0,308.0
1770324375148249931,425354,10.176,175.8,10.608,-188.1,3.07,2.75,-176.19,10.06,4.31,0.29,0.17,0.0,208.2,192.0,56.75,49.42,316.0,308.0
1770324375250636215,425454,10.616,191.1,11.272,-125.6,1.89,2.68,-176.25,10.31,4.19,0.24,-0.11,0.0,189.51,194.0,60.37,49.25,316.0,308.0
1770324375373485626,425554,9.16,209.1,11.228,-120.3,1.6,3.54,-176.5,10.38,4.06,0.25,0.18,-0.08,11914.1,190.0,63.9,48.54,316.0,308.0
1770324375496362428,425678,10.444,218.0,10.664,-137.6,2.32,3.83,-176.56,10.31,3.94,0.09,-0.12,-0.33,11919.76,190.0,62.65,45.13,316.0,308.0
1770324375611107988,425800,10.984,220.1,11.152,-122.2,2.64,3.38,-176.44,10.19,3.81,-0.23,0.04,0.33,11919.76,190.0,62.05,45.8,316.0,308.0
1770324375713535146,425915,9.672,204.8,11.264,-156.1,2.42,3.61,-176.13,10.19,3.75,-0.07,-0.02,-0.15,178.36,193.0,56.65,45.93,316.0,308.0
1770324375836350647,426015,11.208,164.8,11.2,-152.4,2.38,2.77,-175.88,10.31,3.69,-0.12,0.22,0.33,11912.22,190.0,58.45,54.49,316.0,308.0
1770324375955169337,426142,10.272,128.0,11.196,-129.4,2.27,2.27,-175.75,10.63,3.63,0.11,-0.18,-0.24,11913.93,190.0,60.15,55.19,316.0,308.0
1770324376078065974,426259,10.872,144.3,10.704,-166.1,3.3,2.71,-175.56,10.88,3.56,0.09,-0.01,-0.1,11922.85,198.0,56.37,53.58,316.0,308.0
1770324376274046098,426380,10.308,144.5,11.032,-160.7,2.19,2.46,-175.63,11.06,3.5,-0.02,0.08,0.22,11913.59,193.0,58.87,52.03,316.0,308.0
1770324376323829430,426503,9.468,124.8,10.98,-154.8,2.21,2.4,-175.63,11.13,3.38,0.16,0.15,-0.03,11909.65,200.0,60.05,54.53,316.0,308.0
1770324376446685268,426628,10.544,141.6,11.12,-154.3,2.56,2.05,-175.75,11.13,3.38,0.14,0.07,-0.25,11910.33,200.0,61.8,55.0,316.0,308.0
1770324376561433938,426748,10.62,116.9,11.0,-170.8,2.36,1.97,-175.81,10.94,3.63,0.01,0.05,-0.31,11916.16,200.0,59.52,52.26,316.0,310.0
1770324376659655547,426864,10.884,161.0,10.844,-174.2,2.79,2.71,-175.56,10.81,4.0,-0.18,-0.01,-0.1,191.91,202.0,59.91,46.96,316.0,310.0
1770324376762125543,426964,9.996,188.4,11.2,-143.1,3.09,3.2,-174.88,10.88,4.5,0.0,-0.05,0.09,189.68,202.0,59.12,42.1,316.0,310.0
1770324376878044698,427064,9.584,208.3,11.264,-150.1,2.75,3.59,-174.13,10.88,4.81,0.11,-0.04,0.26,171.5,196.0,57.74,44.91,316.0,310.0
1770324376962834278,427164,10.644,138.0,10.74,-129.2,2.15,1.97,-173.5,10.94,4.94,-0.08,0.06,-0.66,189.68,192.0,58.36,49.19,316.0,310.0
1770324377081631503,427265,10.94,140.5,11.016,-160.4,3.73,2.42,-173.25,11.13,5.13,-0.02,0.03,-0.17,11925.42,192.0,54.81,53.81,318.0,310.0
1770324377200410913,427385,9.572,186.6,11.304,-198.9,3.42,3.03,-173.31,11.5,5.19,0.06,0.01,-0.04,11914.96,192.0,53.98,55.42,318.0,310.0
1770324377298729548,427503,11.144,169.3,11.232,-144.8,2.64,2.4,-173.5,11.63,5.19,0.21,0.0,-0.01,191.57,190.0,54.02,54.02,318.0,310.0
1770324377421621814,427603,10.08,168.0,11.168,-182.5,2.32,1.68,-173.69,11.56,5.31,-0.16,0.11,-0.43,11910.5,194.0,57.8,57.8,318.0,310.0
1770324377548563431,427724,10.404,154.8,11.208,-137.9,3.4,2.09,-174.06,11.56,5.5,-0.07,0.01,-0.15,11910.67,193.0,57.29,57.29,318.0,310.0
1770324377677444764,427852,10.544,154.4,11.044,-161.4,2.54,2.83,-174.38,11.44,5.56,-0.05,-0.13,-0.02,11911.53,193.0,60.74,55.91,318.0,310.0
1770324377794369521,427972,9.968,184.3,10.768,-154.0,1.89,2.36,-174.25,11.5,5.63,0.28,-0.11,-0.1,11927.14,192.0,59.01,47.08,318.0,310.0
1770324377916163437,428095,10.428,207.2,10.888,-143.2,3.42,3.95,-173.88,11.5,5.69,0.02,-0.13,-0.17,11932.63,190.0,56.6,41.41,318.0,310.0
1770324378036048827,428218,10.676,183.2,10.32,-197.6,3.13,3.59,-173.31,11.44,5.63,0.02,0.06,-0.09,11931.94,193.0,55.22,44.17,318.0,310.0
1770324378134328107,428339,10.46,128.2,11.048,-225.0,3.13,2.21,-172.88,11.63,5.5,0.06,0.14,-0.22,182.48,193.0,50.52,48.65,318.0,310.0
1770324378236751172,428438,11.012,144.3,10.88,-175.8,2.97,2.32,-172.56,11.88,5.44,0.03,0.05,0.09,176.99,193.0,48.79,48.0,318.0,310.0
1770324378335077160,428538,10.72,145.2,11.216,-226.5,3.34,2.32,-172.38,12.13,5.38,0.13,-0.05,-0.03,178.36,193.0,51.06,48.37,318.0,310.0
1770324378457905958,428639,10.756,185.9,11.236,-156.3,2.52,3.01,-172.13,12.19,5.25,-0.04,0.21,-0.08,11922.51,198.0,55.5,49.28,318.0,310.0
1770324378584932026,428762,9.764,157.2,10.564,-179.0,3.28,2.81,-172.0,12.06,5.31,-0.1,0.03,0.01,11912.22,191.0,57.98,55.22,318.0,310.0
1770324378703700546,428887,10.108,120.2,11.308,-125.1,2.46,2.48,-172.0,11.94,5.31,0.17,0.04,0.04,11912.05,191.0,59.76,55.0,318.0,310.0
1770324378826603368,429007,10.824,140.5,11.148,-145.8,2.19,1.76,-171.81,11.88,5.31,-0.19,-0.13,-0.07,11913.59,190.0,60.05,52.46,318.0,310.0
1770324378941294904,429129,11.164,158.8,10.948,-155.4,2.03,2.91,-171.63,11.88,5.25,-0.07,0.07,-0.13,11917.54,190.0,58.58,51.99,318.0,312.0
1770324379043708469,429245,9.492,146.2,10.364,-120.9,2.95,2.68,-171.31,11.94,5.0,0.06,-0.15,-0.1,206.83,185.0,57.2,47.66,318.0,312.0
1770324379176645042,429345,10.424,163.3,10.888,-208.7,2.97,2.23,-170.81,12.0,4.69,-0.25,0.16,0.01,11931.08,188.0,52.2,50.72,320.0,312.0
1770324379289478296,429470,10.472,183.9,11.148,-233.3,3.79,2.34,-170.63,12.38,4.5,-0.04,0.03,0.3,11933.83,188.0,45.18,52.71,320.0,312.0
1770324379404153905,429592,10.056,171.6,11.272,-205.4,3.03,3.11,-170.5,12.56,4.5,0.11,-0.12,0.02,11927.14,188.0,50.09,50.81,320.0,312.0
1770324379527019872,429707,9.932,190.3,11.16,-167.8,2.54,3.03,-170.38,12.56,4.44,0.07,-0.06,-0.07,11925.6,187.0,56.14,49.29,320.0,312.0
1770324379654039440,429831,10.796,136.6,11.152,-161.2,2.13,2.42,-170.0,12.31,4.44,0.08,0.04,-0.18,11917.71,184.0,61.24,49.41,320.0,312.0
1770324379752350630,429955,10.612,180.9,10.684,-138.2,1.82,3.01,-169.38,11.88,4.56,-0.06,-0.13,-0.18,184.19,184.0,60.15,48.12,320.0,312.0
1770324379850647708,430054,10.52,115.4,10.5,-118.6,2.21,2.07,-168.88,11.75,4.38,-0.18,0.19,-0.19,174.42,185.0,60.37,50.84,320.0,312.0
1770324379953055846,430154,9.464,127.9,11.3,-148.5,2.13,2.4,-168.44,11.56,4.31,-0.03,-0.03,-0.1,176.65,192.0,60.39,51.88,320.0,312.0
1770324380051368370,430255,10.388,164.5,10.984,-156.5,2.4,3.3,-168.13,11.44,4.25,0.27,0.05,0.11,189.68,192.0,57.61,52.3,320.0,312.0
1770324380258060059,430354,10.344,244.3,11.176,-170.8,2.15,3.01,-167.69,11.19,4.31,0.0,0.0,0.08,207.0,193.0,58.23,53.51,320.0,312.0
1770324380276670718,430454,10.192,317.6,10.34,-219.4,3.63,3.16,-167.31,11.0,4.38,-0.22,0.13,0.11,11912.9,192.0,52.5,62.41,320.0,312.0
1770324380374929571,430577,9.392,215.9,11.176,-184.1,2.85,2.93,-167.25,11.0,4.38,-0.01,0.18,0.0,177.5,192.0,49.42,71.39,320.0,312.0
1770324380477348506,430678,9.788,219.4,10.632,-174.8,2.5,2.38,-167.69,11.19,4.31,0.12,0.13,-0.11,198.6,197.0,55.61,77.06,320.0,312.0
1770324380575624286,430778,9.696,244.7,11.216,-151.2,1.62,2.79,-168.5,11.25,4.25,0.34,0.09,-0.25,173.04,197.0,58.5,77.11,320.0,312.0
1770324380678089206,430878,10.276,203.6,10.408,-127.3,1.52,3.09,-169.44,11.06,4.25,0.0,-0.04,0.0,185.56,197.0,61.38,77.91,320.0,312.0
1770324380776421768,430979,10.448,224.7,11.144,-130.2,1.89,2.64,-170.31,10.94,4.31,-0.17,-0.12,-0.1,191.39,193.0,62.31,79.99,320.0,312.0
1770324380878808127,431079,10.144,217.5,11.216,-101.4,2.46,2.89,-171.31,10.69,4.44,-0.27,-0.1,0.29,172.19,193.0,63.6,76.14,320.0,312.0
1770324380977119187,431179,10.304,248.0,10.956,-139.4,2.03,3.46,-172.0,10.63,4.63,-0.13,-0.06,-0.21,178.7,196.0,62.96,70.04,320.0,314.0
1770324381082050755,431279,10.36,209.1,11.024,-102.2,2.71,2.87,-172.0,10.5,4.88,-0.16,-0.04,-0.17,181.1,193.0,61.47,64.0,320.0,314.0
1770324381177822810,431379,10.42,205.0,10.972,-110.8,2.19,2.15,-171.88,10.5,5.0,-0.22,0.19,0.0,176.3,193.0,62.71,66.29,320.0,314.0
1770324381276103424,431479,9.744,165.8,11.268,-120.6,3.03,2.07,-171.88,10.69,5.13,0.0,0.06,0.12,179.56,195.0,59.34,64.96,322.0,314.0
1770324381378532138,431579,10.696,178.5,10.772,-215.2,3.3,2.19,-172.31,11.0,5.38,-0.04,-0.02,0.02,178.36,189.0,54.13,65.3,322.0,314.0
1770324381476788545,431679,10.716,206.0,11.06,-152.7,2.15,2.29,-172.75,11.06,5.5,0.49,-0.38,0.18,176.3,189.0,56.73,63.82,322.0,314.0
1770324381579239465,431779,9.776,134.6,11.04,-143.8,2.7,2.79,-172.94,10.94,5.56,-0.18,0.15,-0.16,173.56,186.0,59.58,63.55,322.0,314.0
1770324381677560359,431880,10.488,169.8,11.276,-133.1,2.7,3.46,-173.25,10.88,5.75,-0.16,-0.05,0.06,177.67,186.0,59.12,63.6,322.0,314.0
1770324381800439290,431980,10.088,155.4,10.972,-136.1,1.46,2.89,-173.56,10.63,5.81,-0.15,-0.01,0.18,11902.79,185.0,60.76,62.68,322.0,314.0
1770324382006049780,432101,10.136,157.0,11.112,-147.1,1.93,3.13,-173.75,10.56,6.0,0.13,0.09,-0.09,11909.82,183.0,59.36,57.29,322.0,314.0
1770324382042138282,432220,10.704,201.5,10.716,-140.7,2.29,3.4,-173.56,10.56,6.13,0.15,-0.08,0.15,11914.62,180.0,58.94,53.33,322.0,314.0
1770324382164999101,432342,10.66,198.1,11.296,-139.6,2.77,3.14,-173.06,10.63,6.13,-0.04,0.35,-0.29,11913.59,183.0,59.36,55.22,322.0,314.0
1770324382279755735,432464,10.688,143.5,10.88,-141.9,2.46,2.36,-172.63,10.75,6.13,0.06,0.15,0.07,11926.62,183.0,54.18,53.45,322.0,314.0
1770324382382093034,432580,10.48,152.8,10.392,-218.5,3.75,2.75,-172.63,10.94,6.13,0.0,0.13,-0.29,203.06,181.0,49.9,51.46,322.0,314.0
1770324382480381037,432680,9.88,183.0,10.688,-180.4,2.95,3.28,-172.69,10.94,6.06,0.0,0.19,-0.37,199.45,181.0,53.18,52.3,322.0,314.0
1770324382607388733,432780,10.776,144.4,10.832,-168.0,2.83,2.21,-172.69,10.88,6.06,-0.03,0.0,0.11,11915.65,184.0,57.1,55.17,322.0,314.0
1770324382705701720,432907,9.936,143.0,11.212,-128.5,3.2,2.83,-172.88,10.81,6.13,0.0,-0.06,-0.19,194.14,187.0,55.12,55.12,322.0,314.0
1770324382808132229,433007,10.28,198.1,11.152,-171.3,2.03,2.09,-173.06,10.63,6.13,0.1,0.15,-0.22,186.25,190.0,56.14,56.14,322.0,314.0
1770324382926900101,433107,10.036,197.4,11.204,-160.3,2.21,2.52,-173.25,10.44,6.13,0.01,-0.05,-0.03,11913.25,189.0,58.3,56.8,322.0,316.0
1770324383029303923,433228,10.992,219.2,10.832,-192.5,2.71,3.3,-173.56,10.25,6.06,0.04,-0.1,0.12,202.37,189.0,53.75,53.75,322.0,316.0
1770324383127573369,433329,9.32,163.4,10.968,-201.5,3.5,2.56,-173.69,10.19,6.0,0.14,0.05,-0.07,188.31,193.0,54.02,51.63,322.0,316.0
1770324383250479247,433429,10.756,164.2,10.56,-167.2,2.75,2.46,-173.69,10.19,5.94,-0.28,0.03,0.09,11915.99,192.0,55.97,53.49,322.0,316.0
1770324383369284899,433552,10.072,146.1,10.468,-189.4,2.83,2.95,-173.56,10.5,5.81,0.11,-0.05,-0.24,11921.65,192.0,51.82,55.42,324.0,316.0
1770324383467562271,433669,9.648,129.9,10.68,-156.5,3.2,2.85,-173.81,10.75,5.56,-0.02,0.11,0.0,215.4,195.0,50.2,53.44,324.0,316.0
1770324383594572375,433769,10.748,137.6,11.028,-164.4,2.48,2.21,-174.06,10.81,5.38,0.21,0.0,-0.02,11918.56,199.0,55.31,53.81,324.0,316.0
1770324383696993922,433895,10.68,170.4,10.872,-123.6,2.44,2.34,-173.88,10.75,5.25,0.05,0.26,0.0,199.45,199.0,57.79,54.49,324.0,316.0
1770324383795314094,433995,10.824,162.9,10.832,-134.0,2.36,2.93,-174.06,10.69,5.25,-0.06,0.03,-0.21,213.35,203.0,58.23,55.87,324.0,316.0
1770324383930054629,434095,10.304,181.2,10.848,-118.0,2.87,2.25,-174.38,10.63,5.31,-0.14,0.01,-0.13,201.86,203.0,58.23,55.54,324.0,316.0
1770324384034048972,434195,9.412,204.5,10.62,-150.0,2.01,2.64,-174.5,10.44,5.31,-0.1,-0.1,0.04,212.66,206.0,58.23,53.51,324.0,316.0
1770324384094309350,434295,10.588,163.5,10.936,-166.8,2.68,2.75,-174.5,10.38,5.31,0.04,-0.02,-0.26,207.0,205.0,58.1,52.21,324.0,316.0
1770324384196723580,434395,10.004,205.5,11.22,-181.5,3.28,3.89,-174.31,10.38,5.25,0.1,-0.06,0.0,201.17,205.0,54.33,47.08,324.0,316.0
1770324384295022251,434494,9.488,181.2,11.152,-186.1,2.97,3.36,-174.0,10.31,5.06,0.02,0.13,-0.05,204.26,204.0,54.02,47.66,324.0,316.0
1770324384393353368,434594,9.532,152.9,10.988,-164.1,2.3,2.5,-173.56,10.44,4.88,0.26,0.18,0.42,203.06,203.0,55.29,51.88,324.0,316.0
1770324384495696001,434694,10.344,144.3,10.64,-160.5,3.57,2.91,-173.44,10.75,4.81,-0.13,0.0,-0.23,207.69,203.0,50.7,52.51,324.0,316.0
1770324384594031878,434794,10.7,157.4,11.0,-162.7,3.67,2.48,-173.5,10.94,4.81,0.11,0.06,0.11,216.09,206.0,50.84,51.63,324.0,316.0
1770324384741474642,434893,10.936,143.1,10.836,-170.2,2.07,2.44,-173.63,10.94,4.88,0.06,0.09,-0.33,11918.22,202.0,55.48,51.02,324.0,316.0
1770324384843915431,435043,10.488,185.6,11.22,-120.6,2.99,2.27,-173.75,10.81,4.88,-0.24,-0.07,-0.29,234.96,202.0,56.9,53.48,324.0,316.0
1770324384950049764,435143,10.656,129.5,10.876,-157.4,2.52,1.76,-173.81,10.69,4.94,0.02,-0.1,0.02,223.98,207.0,57.45,53.51,324.0,316.0
1770324385065097125,435244,10.492,158.0,9.924,-131.8,1.8,2.62,-173.81,10.56,5.0,0.04,0.0,-0.08,11921.48,205.0,57.46,52.5,324.0,316.0
1770324385187989298,435364,10.216,199.8,10.752,-117.4,2.87,2.6,-173.75,10.56,5.06,0.03,0.0,0.0,11920.79,206.0,56.37,50.8,324.0,318.0
1770324385290439976,435487,10.716,192.9,11.18,-154.1,2.27,3.38,-173.5,10.56,5.19,0.08,0.05,-0.12,242.84,206.0,53.09,47.59,324.0,318.0
1770324385409168418,435588,9.424,214.4,11.172,-140.7,2.62,3.67,-173.19,10.5,5.31,-0.04,-0.06,0.0,11930.4,203.0,54.54,46.41,326.0,318.0
1770324385532039404,435709,10.364,227.7,11.2,-191.6,3.24,3.42,-172.81,10.63,5.44,0.05,0.07,-0.02,11933.31,204.0,46.93,49.69,326.0,318.0
1770324385630326333,435831,10.156,159.1,10.912,-209.4,3.83,3.13,-172.81,10.88,5.44,0.08,0.0,0.08,217.8,204.0,47.59,51.25,326.0,318.0
1770324385732798438,435931,10.592,144.2,11.252,-174.4,3.44,2.3,-172.94,11.06,5.38,-0.2,0.1,-0.37,216.78,201.0,49.72,52.93,326.0,318.0
1770324385838056718,436031,11.16,159.9,10.9,-173.1,2.19,2.95,-173.19,11.06,5.31,0.29,0.04,-0.45,220.89,202.0,53.36,52.52,326.0,318.0
1770324385933481689,436131,9.956,178.9,10.872,-170.2,2.91,3.09,-173.38,11.0,5.31,0.14,0.15,0.11,210.6,202.0,55.54,53.75,326.0,318.0
1770324386052292249,436231,10.428,187.6,10.884,-151.8,2.73,2.27,-173.5,10.88,5.38,0.26,0.08,-0.63,11913.59,203.0,57.26,56.78,326.0,318.0
1770324386154708702,436353,10.624,125.7,11.332,-123.3,3.13,2.73,-173.75,10.75,5.44,-0.22,0.0,-0.08,210.43,206.0,57.2,55.61,326.0,318.0
1770324386252987685,436453,10.988,148.7,10.792,-157.3,2.15,2.6,-174.0,10.75,5.63,0.06,0.07,0.01,204.6,206.0,57.33,55.54,326.0,318.0
1770324386375792277,436553,11.076,182.8,10.908,-130.4,2.32,3.11,-174.0,10.75,5.75,0.04,-0.06,0.11,11922.16,207.0,56.46,54.06,326.0,318.0
1770324386498691098,436676,10.624,224.9,10.664,-119.1,3.14,2.93,-173.75,10.69,6.06,0.08,0.02,-0.22,11918.91,204.0,56.14,51.34,326.0,318.0
1770324386601185391,436799,10.52,172.2,10.644,-161.4,2.71,3.05,-173.38,10.81,6.38,-0.04,0.15,-0.03,235.3,198.0,50.84,50.84,326.0,318.0
1770324386724056692,436899,11.064,149.1,10.996,-219.8,3.5,1.72,-173.44,11.13,6.75,-0.15,0.07,0.19,11921.65,198.0,49.53,56.96,326.0,318.0
1770324386838783638,437021,10.924,171.7,10.256,-190.2,2.62,2.85,-174.0,11.5,7.31,-0.09,0.08,-0.11,11917.36,198.0,52.72,58.58,326.0,318.0
1770324386967561424,437137,10.696,116.4,10.776,-174.1,3.07,2.6,-174.63,11.75,8.13,0.01,-0.02,-0.06,11913.93,189.0,55.67,57.76,326.0,318.0
1770324387059963925,437258,10.568,175.8,10.944,-150.1,2.7,1.8,-174.94,11.81,8.88,-0.03,-0.08,0.12,167.9,189.0,56.75,56.75,326.0,318.0
1770324387158239852,437358,9.912,125.0,10.764,-153.9,2.15,2.44,-175.06,11.69,9.31,0.16,-0.04,-0.55,194.48,180.0,57.2,58.78,326.0,318.0
1770324387260670492,437458,9.528,186.9,10.428,-130.2,1.91,2.23,-175.13,11.56,9.5,-0.12,0.0,0.23,158.98,179.0,58.94,56.42,326.0,318.0
1770324387358971681,437558,10.164,178.0,10.416,-150.3,2.13,2.05,-175.13,11.5,9.69,-0.24,-0.17,-0.13,152.63,179.0,58.85,55.23,326.0,318.0
1770324387461357168,437658,9.752,182.2,10.988,-160.1,2.44,2.97,-175.06,11.5,9.69,0.15,-0.15,-0.21,166.01,179.0,57.45,54.3,326.0,320.0
1770324387559673229,437758,10.516,199.4,10.84,-130.9,2.19,3.01,-174.69,11.44,9.69,-0.13,0.09,0.05,209.06,175.0,56.69,48.36,326.0,320.0
1770324387662133130,437858,11.08,198.0,10.904,-184.4,2.81,3.54,-174.31,11.44,9.69,0.02,0.0,0.14,173.56,175.0,54.33,48.89,328.0,320.0
1770324387760403668,437958,10.824,197.5,11.04,-194.8,3.46,2.46,-173.88,11.63,9.63,-0.2,0.08,0.16,174.59,170.0,45.64,48.79,328.0,320.0
1770324387868724422,438059,10.116,158.0,11.12,-230.0,3.55,2.64,-173.56,11.88,9.56,0.05,-0.05,-0.31,156.75,169.0,48.0,52.21,328.0,320.0
1770324387961111217,438159,10.784,154.1,11.188,-153.9,3.34,2.73,-173.31,12.13,9.56,-0.02,0.13,0.0,158.81,169.0,47.99,52.51,328.0,320.0
1770324388174051456,438259,10.608,208.7,11.056,-161.2,3.16,2.54,-173.25,12.13,9.56,0.06,0.13,-0.04,173.39,167.0,53.51,51.94,328.0,320.0
1770324388185396018,438359,10.384,183.8,11.336,-132.8,2.3,2.71,-173.25,12.0,9.69,0.06,-0.04,-0.09,156.75,167.0,56.44,51.96,328.0,320.0
1770324388270211747,438459,10.036,157.2,11.312,-158.9,2.25,2.5,-173.25,11.88,9.69,0.01,0.01,0.0,178.7,166.0,56.39,54.85,328.0,320.0
1770324388362546020,438559,10.204,173.8,11.072,-147.5,1.99,2.25,-173.13,11.94,9.69,-0.02,-0.05,-0.21,178.19,162.0,59.29,54.13,328.0,320.0
1770324388460811576,438659,11.012,228.0,10.964,-113.0,2.58,3.24,-173.0,12.0,9.63,0.03,-0.16,0.03,141.32,162.0,57.95,51.61,328.0,320.0
1770324388583731510,438759,10.372,144.4,11.12,-150.3,2.32,2.6,-172.75,12.06,9.5,0.04,-0.06,0.0,11923.54,160.0,55.02,52.63,328.0,320.0
1770324388682054182,438880,10.724,189.9,11.2,-163.2,3.01,3.03,-172.25,12.13,9.06,0.22,-0.05,-0.04,161.04,160.0,52.83,47.88,328.0,320.0
1770324388780339185,438979,11.16,188.2,10.92,-172.1,3.24,3.2,-172.0,12.31,8.69,-0.21,0.13,0.17,217.29,160.0,52.85,49.27,328.0,320.0
1770324388903251989,439079,10.74,209.6,11.212,-176.6,3.42,2.46,-171.56,12.56,8.44,0.07,0.11,-0.18,11934.0,160.0,45.71,51.49,328.0,320.0
1770324389098079258,439200,10.576,177.0,10.112,-175.4,2.89,3.01,-171.06,12.75,8.38,-0.08,0.18,-0.05,11926.62,162.0,48.42,56.14,328.0,320.0
1770324389144923163,439321,10.612,199.6,10.856,-202.0,3.42,2.93,-170.81,12.88,8.31,0.12,0.04,0.08,11916.33,165.0,52.46,59.36,328.0,320.0
1770324389267741829,439443,10.236,190.7,11.18,-134.8,2.21,3.28,-170.5,12.69,8.19,-0.15,-0.15,-0.06,11899.87,163.0,55.67,68.89,328.0,320.0
1770324389390686377,439567,10.3,210.3,10.624,-135.0,2.56,3.26,-170.25,12.5,7.88,0.17,0.05,-0.07,11896.61,159.0,57.04,71.3,328.0,320.0
1770324389493049066,439688,10.168,248.5,10.908,-115.0,2.5,3.54,-170.13,12.0,7.44,-0.06,0.0,-0.07,156.07,159.0,57.33,68.08,328.0,320.0
1770324389591380554,439788,10.348,213.6,10.52,-137.4,2.46,3.07,-170.06,11.81,7.19,-0.08,0.01,-0.27,150.92,159.0,55.58,74.94,328.0,322.0
1770324389714256262,439888,10.916,224.4,11.048,-193.3,3.24,3.73,-169.75,11.81,6.88,-0.17,0.24,-0.16,11900.38,167.0,53.11,73.68,328.0,322.0
1770324389822618314,440012,10.308,220.1,11.16,-156.4,2.93,3.03,-169.19,11.63,6.63,-0.16,0.1,-0.05,201.68,173.0,54.58,76.41,328.0,322.0
1770324389914995072,440112,10.744,250.4,10.892,-130.5,2.83,2.89,-168.75,11.56,6.56,-0.05,0.04,-0.21,199.45,173.0,54.92,77.8,330.0,322.0
1770324390022049573,440212,9.596,215.9,10.484,-140.6,2.5,3.01,-168.44,11.75,6.38,-0.09,0.13,-0.19,183.16,172.0,53.51,77.12,330.0,322.0
1770324390115703973,440312,9.564,151.7,11.188,-189.0,2.85,2.21,-168.25,11.81,6.19,0.12,-0.03,-0.01,194.82,175.0,53.89,79.99,330.0,322.0
1770324390214048943,440412,10.816,180.1,10.648,-210.0,3.71,1.8,-167.75,11.69,6.0,0.25,0.03,-0.22,173.04,175.0,50.7,86.92,330.0,322.0
1770324390316439468,440512,9.624,201.3,11.192,-210.4,3.14,2.64,-166.94,11.5,5.88,-0.13,-0.19,0.36,179.39,177.0,51.94,82.63,330.0,322.0
1770324390414723248,440612,10.124,218.1,9.988,-162.4,2.91,2.91,-166.31,11.31,5.88,-0.06,0.15,-0.08,175.79,177.0,51.36,81.68,330.0,322.0
1770324390517101716,440712,9.5,148.5,10.944,-179.9,2.7,1.7,-165.88,11.06,5.81,0.17,0.09,-0.04,178.36,177.0,51.06,86.0,330.0,322.0
1770324390635888681,440812,9.68,197.3,10.44,-134.0,2.7,2.81,-165.56,10.69,5.75,-0.22,-0.02,-0.59,11875.52,179.0,54.06,89.95,330.0,322.0
1770324390738339618,440934,10.672,182.8,11.196,-163.0,3.28,3.09,-165.38,10.75,5.56,0.07,-0.12,-0.15,163.61,178.0,52.43,85.79,330.0,322.0
1770324390836687959,441034,10.88,185.3,10.64,-194.0,3.48,2.4,-165.19,10.81,5.31,0.33,0.09,-0.31,174.59,178.0,51.96,92.27,330.0,322.0
1770324390954052252,441135,10.664,250.1,11.2,-170.4,2.7,2.68,-164.88,10.63,5.0,0.06,0.0,-0.17,170.99,177.0,52.13,91.42,330.0,322.0
1770324391037362579,441235,9.964,211.2,11.208,-196.7,3.95,1.95,-164.81,10.5,4.69,-0.21,0.19,-0.1,175.27,183.0,49.53,89.98,330.0,324.0
1770324391156136098,441334,10.968,301.4,8.464,0.0,3.69,3.55,-165.44,10.44,4.63,0.02,0.1,-0.32,11898.16,176.0,38.55,89.28,330.0,324.0
1770324391258549403,441453,10.452,241.0,10.584,-75.4,2.29,3.26,-166.06,10.31,4.56,0.01,-0.48,-0.12,178.36,176.0,14.03,87.71,330.0,324.0
1770324391356830331,441553,10.124,193.4,10.908,-215.1,4.45,3.24,-166.25,10.31,4.63,0.09,0.29,0.14,169.96,181.0,11.23,89.82,330.0,324.0
1770324391459227430,441653,10.692,232.2,11.024,-153.7,3.36,2.27,-165.94,10.13,4.5,0.15,0.06,0.29,171.33,181.0,52.17,94.27,330.0,324.0
1770324391557580827,441753,11.0,198.8,11.024,-195.7,2.75,2.05,-165.5,9.88,4.31,-0.03,0.13,0.01,203.4,180.0,55.09,97.58,330.0,324.0
1770324391680456368,441853,9.384,287.1,10.916,-172.2,2.25,3.03,-165.25,9.69,4.0,-0.32,0.09,-0.23,11876.55,181.0,55.48,92.63,330.0,324.0
1770324391778770132,441975,10.204,339.5,11.188,-160.4,3.14,3.42,-166.0,9.31,3.75,0.29,-0.4,0.46,190.36,181.0,54.27,89.82,330.0,324.0
1770324391881176381,442076,9.872,257.3,8.464,0.0,2.79,3.28,-166.44,9.19,3.5,0.02,0.03,-0.44,167.38,186.0,59.11,91.49,330.0,324.0
1770324391979481088,442176,10.652,336.4,8.464,0.0,2.4,3.67,-166.94,9.06,3.19,-0.16,0.0,-0.07,163.61,190.0,61.09,89.98,330.0,324.0
1770324392081864649,442276,10.728,332.3,8.464,0.0,2.44,3.11,-167.56,9.0,2.88,0.49,-0.18,-0.26,187.62,190.0,62.71,92.27,330.0,324.0
1770324392200669653,442377,10.164,269.3,8.464,0.0,2.56,2.79,-168.19,8.94,2.44,0.0,0.09,-0.17,11868.66,193.0,59.33,91.38,332.0,324.0
1770324392323560770,442497,10.456,323.7,8.464,0.0,2.64,4.0,-168.56,8.63,2.06,-0.05,-0.08,0.42,11876.37,199.0,58.02,87.04,332.0,326.0
1770324392421825863,442618,9.912,338.8,8.464,0.0,2.52,4.63,-168.94,8.63,1.69,0.07,0.0,-0.04,193.8,199.0,57.33,86.0,332.0,326.0
1770324392524280837,442719,10.984,329.5,10.996,-120.0,2.56,4.08,-169.31,8.69,1.31,-0.12,0.18,0.32,193.11,198.0,60.03,88.1,332.0,326.0
1770324392622547560,442819,10.04,340.5,11.12,-139.7,1.54,2.93,-170.25,8.88,0.81,0.27,-0.11,-0.03,196.71,201.0,63.36,90.04,332.0,326.0
1770324392749554812,442919,9.928,316.2,11.088,-141.8,2.5,2.87,-171.25,9.06,0.44,-0.22,0.0,0.26,11865.4,207.0,63.4,89.16,332.0,326.0
1770324392864246847,443044,10.524,296.9,11.004,-141.6,1.78,2.7,-172.25,9.25,0.12,0.11,0.05,-0.23,11872.77,207.0,62.61,84.92,332.0,326.0
1770324392962569908,443159,10.276,276.5,10.62,-108.1,2.66,3.75,-173.0,9.0,0.0,-0.07,-0.12,0.1,193.8,208.0,59.71,78.08,332.0,326.0
1770324393064977212,443259,10.896,294.2,10.924,-114.8,2.48,3.91,-173.63,8.94,0.0,0.02,0.07,-0.19,214.38,208.0,60.66,77.87,332.0,326.0
1770324393366044155,443359,10.012,211.6,10.868,-175.5,2.56,3.3,-173.88,9.06,0.06,0.0,-0.27,0.22,11891.12,207.0,60.35,72.52,332.0,326.0
1770324393388653198,443483,10.608,255.1,11.16,-119.4,1.97,4.08,-174.13,9.38,-0.19,-0.13,0.03,-0.16,198.6,212.0,63.15,72.18,332.0,326.0
1770324393396896876,443583,9.948,274.0,10.992,-113.4,2.15,3.2,-174.56,9.88,-0.25,0.25,-0.04,-0.08,193.8,212.0,62.05,70.02,332.0,326.0
1770324393486833155,443683,11.116,256.1,10.84,-137.8,1.72,3.89,-175.13,10.19,-0.31,0.18,-0.1,0.06,213.69,216.0,61.38,70.04,332.0,326.0
1770324393605665142,443783,10.348,240.3,8.464,0.0,2.21,3.36,-175.75,10.44,-0.37,0.24,-0.02,0.02,11894.38,223.0,60.07,70.86,332.0,326.0
1770324393732640780,443901,10.616,285.0,8.464,0.0,2.36,3.95,-176.44,10.5,-0.31,0.16,0.16,-0.04,11895.58,234.0,60.15,67.93,332.0,328.0
1770324393840982608,444027,10.204,248.0,8.464,0.0,2.62,3.34,-177.0,10.5,0.0,-0.08,0.04,0.0,201.68,234.0,59.91,66.39,332.0,328.0
1770324393953842586,444128,10.408,258.5,8.464,0.0,2.38,3.73,-177.13,10.44,0.37,0.19,0.0,-0.08,11902.1,235.0,58.85,64.11,332.0,328.0
1770324394052157702,444248,10.64,222.2,8.464,0.0,2.5,3.36,-177.19,10.56,0.63,0.05,0.09,0.19,216.6,244.0,57.89,63.15,332.0,328.0
1770324394154562746,444347,10.56,161.4,8.464,0.0,3.01,2.32,-177.56,10.81,0.81,0.15,0.0,-0.38,220.89,244.0,58.23,67.18,332.0,328.0
1770324394252868954,444447,10.704,173.9,8.464,0.0,2.21,2.42,-178.06,11.0,0.69,0.0,0.11,0.33,211.97,239.0,58.78,66.73,334.0,328.0
1770324394351166290,444547,11.1,182.1,8.464,0.0,2.4,2.75,-178.63,11.19,0.75,0.14,-0.02,-0.09,229.3,239.0,57.33,66.29,334.0,328.0
1770324394453534517,444647,9.456,191.1,8.464,0.0,1.97,3.18,-179.19,11.38,0.94,-0.1,-0.07,-0.2,228.78,244.0,59.58,67.52,334.0,328.0
1770324394551849410,444747,9.4,192.4,8.464,0.0,2.91,2.77,-179.94,11.5,1.12,0.25,0.03,-0.15,215.4,238.0,58.36,65.03,334.0,328.0
1770324394654284772,444848,9.376,207.8,11.164,-165.8,2.91,2.73,178.94,11.63,1.5,0.11,0.04,-0.32,214.38,238.0,58.77,65.78,334.0,328.0
1770324394773073015,444948,9.9,199.5,10.944,-148.6,3.38,2.75,178.44,11.63,2.13,0.17,-0.04,-0.05,11911.7,222.0,56.93,60.28,334.0,328.0
1770324394895959390,445067,10.08,210.5,10.92,-172.9,2.48,3.42,178.19,11.63,3.0,-0.42,-0.09,0.14,11912.73,207.0,58.02,57.32,334.0,328.0
1770324395014732132,445189,11.06,204.8,11.236,-128.1,2.52,2.6,178.19,11.94,3.94,-0.2,0.03,0.09,11899.01,205.0,58.67,62.12,334.0,328.0
1770324395218051450,445310,10.816,126.0,11.0,-185.5,2.83,2.23,177.81,12.44,4.88,0.0,-0.15,0.19,11903.64,191.0,57.98,62.81,334.0,328.0
1770324395252342693,445431,9.504,185.5,9.54,-159.2,2.73,2.15,177.31,12.56,5.44,0.08,-0.27,-0.09,11904.67,191.0,58.35,62.78,334.0,328.0
1770324395375217550,445547,9.716,141.8,10.86,-144.1,2.52,3.11,177.13,12.63,5.63,-0.1,-0.2,0.0,11908.45,191.0,55.45,61.61,334.0,328.0
1770324395502153295,445669,10.564,181.9,10.84,-157.7,2.4,3.13,177.06,12.63,5.63,0.0,0.04,0.06,11906.9,194.0,56.14,61.61,334.0,328.0
1770324395600513877,445795,10.368,146.8,11.132,-182.7,3.18,2.85,176.69,12.63,5.81,-0.1,-0.07,-0.18,189.68,194.0,56.14,57.89,334.0,328.0
1770324395798043220,445895,10.592,216.3,11.224,-150.3,3.42,2.66,176.5,12.56,6.13,-0.29,-0.26,0.49,11914.62,194.0,56.93,56.46,334.0,330.0
1770324395846271738,446017,10.424,261.2,10.492,-135.5,2.71,3.16,176.69,12.25,6.38,0.02,-0.09,-0.2,11914.96,194.0,58.46,53.58,334.0,330.0
1770324395944593429,446138,10.296,231.9,11.06,-126.6,2.7,3.69,177.0,12.19,6.44,-0.21,-0.14,-0.04,173.56,193.0,58.3,53.44,334.0,330.0
1770324396067471359,446238,10.88,140.9,11.06,-140.3,2.17,2.64,177.06,12.31,6.38,-0.04,-0.03,-0.2,11903.99,194.0,58.94,59.93,334.0,330.0
1770324396178074892,446359,9.78,163.2,10.976,-142.5,3.01,2.34,177.06,12.5,6.25,0.0,0.02,-0.23,11902.96,194.0,59.31,60.77,334.0,330.0
1770324396280478825,446473,10.54,128.4,11.096,-176.9,2.13,2.77,177.25,12.56,6.19,-0.2,0.0,-0.12,211.12,200.0,57.26,58.94,336.0,330.0
1770324396403313085,446573,11.088,189.5,10.312,-219.1,3.4,2.68,177.25,12.69,6.06,0.0,-0.24,-0.1,11916.33,207.0,52.81,59.29,336.0,330.0
1770324396526208202,446695,10.964,193.2,10.236,-240.5,3.95,2.27,177.5,12.81,5.75,0.12,0.11,0.0,11910.85,207.0,53.52,59.94,336.0,330.0
1770324396649130895,446819,10.804,172.4,10.64,-150.7,2.32,2.66,177.63,12.63,5.5,0.06,0.09,-0.01,11913.25,204.0,57.44,56.79,336.0,330.0
1770324396747452789,446941,10.892,165.8,10.768,-133.7,3.07,2.5,177.5,12.0,5.5,0.37,0.06,-0.24,180.59,201.0,58.78,54.02,336.0,330.0
1770324396874420926,447041,10.532,216.7,10.728,-180.3,2.01,3.59,177.63,11.31,5.56,-0.01,-0.06,-0.37,11916.68,198.0,58.6,51.7,336.0,330.0
1770324397074048811,447168,10.6,197.1,11.288,-182.2,2.73,3.18,178.25,10.94,5.56,-0.12,-0.12,-0.05,11914.79,199.0,57.72,53.65,336.0,330.0
1770324397095626233,447289,10.328,173.7,11.108,-191.1,2.62,2.19,178.44,11.0,5.5,0.05,-0.11,-0.18,204.6,199.0,56.75,58.58,336.0,330.0
1770324397203978821,447389,10.412,120.5,10.508,-123.9,2.25,2.34,178.38,11.0,5.38,0.24,0.2,-0.13,187.79,199.0,59.19,60.03,336.0,330.0
1770324397296343207,447489,11.18,152.6,11.032,-138.7,2.83,2.15,178.44,10.75,5.38,-0.17,-0.16,0.2,203.57,200.0,61.75,59.34,336.0,330.0
1770324397415047591,447589,10.716,143.1,10.916,-168.5,3.48,2.62,178.5,10.63,5.38,0.09,0.09,0.03,11909.99,202.0,56.3,58.79,336.0,330.0
1770324397537997101,447710,10.468,147.8,11.072,-197.0,3.03,2.56,178.44,10.31,5.25,0.19,0.15,-0.12,11907.42,199.0,57.29,57.29,336.0,330.0
1770324397656792177,447832,9.516,186.2,10.792,-129.3,2.46,3.28,178.31,9.81,5.25,0.08,-0.03,-0.32,11908.1,205.0,61.24,54.98,336.0,330.0
1770324397775574753,447950,10.004,170.3,10.484,-142.9,1.99,2.95,178.31,9.06,5.5,-0.04,-0.04,-0.05,11917.02,205.0,61.31,51.7,336.0,332.0
1770324397898466962,448066,9.896,201.7,11.032,-130.3,2.11,3.07,178.63,8.19,5.81,0.21,-0.23,-0.22,11923.88,201.0,59.85,49.41,336.0,332.0
1770324398020160110,448191,10.692,240.3,11.256,-182.1,2.75,3.09,179.06,7.63,5.88,-0.23,0.0,0.28,11917.71,200.0,57.72,52.97,336.0,332.0
1770324398140141321,448310,10.904,187.6,11.156,-129.6,1.95,2.81,179.13,7.31,6.0,-0.24,-0.01,0.26,11909.99,197.0,59.64,57.54,336.0,332.0
1770324398258916932,448432,10.972,161.2,10.62,-123.2,1.93,2.77,179.19,7.25,6.0,0.13,-0.07,0.04,11908.1,200.0,60.05,58.67,338.0,332.0
1770324398381823569,448552,10.836,166.3,11.22,-151.1,2.64,2.23,179.31,7.25,6.0,0.13,-0.02,-0.5,11913.08,200.0,57.58,59.02,338.0,332.0
1770324398504663977,448673,9.952,186.5,10.512,-113.3,2.58,2.21,179.31,7.13,6.0,-0.16,-0.07,0.21,11910.67,203.0,60.81,60.81,338.0,332.0
1770324398623486797,448796,10.268,196.3,11.212,-146.5,1.8,2.79,179.25,6.88,5.88,-0.22,0.0,-0.02,11899.53,205.0,63.15,65.26,338.0,332.0
1770324398746369783,448917,10.672,205.7,10.776,-119.7,2.21,3.36,179.13,6.5,5.88,0.12,-0.1,-0.08,11900.38,211.0,61.8,63.83,338.0,332.0
1770324398865173212,449040,10.536,192.6,10.664,-110.6,2.64,3.46,178.88,6.06,5.94,0.11,-0.14,0.0,11905.87,211.0,62.97,60.04,338.0,332.0
1770324398967582275,449159,10.592,207.6,11.24,-155.8,1.84,3.89,178.94,5.69,6.0,-0.22,0.16,0.38,224.66,214.0,61.65,60.15,338.0,332.0
1770324399090443796,449259,9.76,211.5,11.052,-126.8,2.25,2.44,178.88,5.69,6.0,-0.27,0.06,0.07,11897.98,215.0,61.92,64.89,338.0,332.0
1770324399188744114,449382,9.228,191.3,10.616,-148.9,1.72,2.05,178.75,5.88,5.94,-0.02,-0.05,0.05,251.59,215.0,63.15,64.91,338.0,332.0
1770324399294070658,449482,9.916,161.4,11.24,-149.0,1.89,2.68,178.69,5.88,5.81,0.06,0.0,-0.08,219.01,219.0,63.55,68.32,338.0,332.0
1770324399414017810,449582,10.428,163.6,10.968,-124.4,2.71,2.36,178.38,5.88,5.75,0.18,0.12,-0.13,11893.7,216.0,61.42,66.37,338.0,332.0
1770324399541009486,449704,11.06,156.2,11.26,-107.1,2.15,3.03,178.13,5.75,5.56,0.25,0.09,0.08,11894.55,219.0,64.72,66.81,338.0,332.0
1770324399655705670,449832,10.644,205.2,10.848,-146.5,1.62,2.44,177.69,5.69,5.56,-0.04,-0.05,-0.1,11892.5,219.0,64.35,67.09,338.0,334.0
1770324399782721477,449949,10.828,162.8,10.432,-134.3,1.99,2.32,177.31,5.5,5.81,0.13,-0.25,-0.29,11897.3,213.0,64.72,65.42,338.0,334.0
1770324399905605519,450073,11.14,232.0,10.696,-100.2,2.03,3.79,177.19,5.25,5.94,-0.35,-0.24,-0.2,11901.24,208.0,64.67,61.97,338.0,334.0
1770324400024385076,450196,10.624,196.5,10.752,-126.3,1.46,3.59,177.44,5.44,6.13,0.13,-0.1,0.47,11892.5,207.0,64.88,64.88,338.0,334.0
1770324400147233874,450318,9.828,229.7,10.996,-112.7,1.82,3.13,177.56,5.63,6.19,0.13,0.01,0.29,11895.75,200.0,65.04,64.35,338.0,334.0
1770324400270171216,450441,9.992,213.9,10.356,-130.9,2.13,3.01,177.63,5.63,6.31,-0.06,0.12,-0.13,11898.84,200.0,62.61,64.77,340.0,334.0
1770324400368436106,450562,9.8,235.9,10.968,-130.5,1.62,2.75,177.5,5.63,6.56,0.13,0.19,-0.06,218.32,200.0,63.15,63.15,340.0,334.0
1770324400491323907,450662,11.068,244.9,11.352,-125.9,1.72,2.71,177.5,5.5,7.0,-0.04,-0.1,0.12,11897.13,199.0,65.27,63.28,340.0,334.0
1770324400610149523,450783,10.348,243.9,11.244,-125.6,1.62,3.22,177.44,5.25,7.56,0.04,0.14,0.13,11897.64,199.0,66.36,62.08,340.0,334.0
1770324400708461490,450899,11.136,275.4,10.352,-115.6,1.78,4.69,177.56,4.81,8.25,0.32,-0.26,0.19,208.03,190.0,67.69,61.09,340.0,334.0
1770324401002052355,450999,10.44,120.7,10.468,-119.4,-2.99,2.15,178.0,4.5,8.81,0.44,-1.53,-0.55,12047.36,182.0,29.57,15.04,340.0,334.0
1770324401036178252,451120,10.116,23.4,10.376,0.7,-0.14,2.01,178.31,4.56,9.06,-0.15,-0.01,0.09,12050.28,178.0,2.78,0.0,340.0,334.0
1770324401060675079,451239,11.348,21.0,11.264,-0.9,-0.16,1.72,178.31,4.5,9.06,0.01,-0.02,0.01,12053.88,178.0,0.0,340.0,334.0,
1770324401183623163,451354,11.068,23.9,11.256,0.0,-0.35,1.82,178.31,4.5,9.06,0.01,0.01,0.0,12053.36,180.0,0.0,340.0,334.0,
1770324401302370884,451473,11.244,23.9,11.128,0.1,-0.29,1.82,178.31,4.5,9.06,0.0,-0.01,0.01,12052.16,178.0,0.0,340.0,334.0,
1770324401425258796,451595,10.304,23.2,10.82,-0.7,-0.31,1.76,178.31,4.5,9.06,0.0,-0.01,0.0,12052.5,178.0,0.0,340.0,334.0,
1770324401535846494,451715,10.748,22.6,11.104,-1.0,-0.27,1.82,178.31,4.5,9.06,-0.01,0.0,0.01,12052.5,178.0,0.0,340.0,334.0,
1770324401658771669,451828,10.8,23.6,11.108,-0.1,-0.31,1.86,178.31,4.5,9.06,0.0,0.0,0.01,12053.19,178.0,0.0,340.0,334.0,
1770324401850048423,451948,9.628,23.2,10.58,0.0,-0.25,1.72,178.31,4.5,9.06,0.0,0.02,0.02,12052.16,176.0,0.0,340.0,334.0,
1770324401906408314,452070,11.06,22.5,10.852,0.7,-0.37,1.82,178.31,4.5,9.06,0.01,0.0,0.03,12052.85,177.0,0.0,340.0,334.0,
1770324402011047060,452189,9.804,22.3,11.244,0.0,-0.31,1.74,178.31,4.5,9.06,0.0,0.0,0.0,12053.02,177.0,0.0,340.0,334.0,
1770324402133925657,452302,11.308,21.9,10.024,-0.1,-0.39,1.84,178.31,4.5,9.06,0.01,0.01,0.0,12054.39,177.0,0.0,340.0,334.0,
1770324402252675303,452422,11.2,22.4,10.48,0.9,-0.31,1.88,178.31,4.5,9.06,0.0,0.0,0.0,12052.5,179.0,0.0,340.0,334.0,
1770324402375591088,452545,10.996,22.6,11.156,-0.7,-0.39,1.91,178.31,4.5,9.06,0.01,0.02,-0.02,12052.16,176.0,0.0,340.0,334.0,
1770324402494345106,452665,9.524,4.7,11.456,0.1,-0.02,0.39,178.31,4.5,9.06,-0.01,-0.01,0.0,12046.5,176.0,0.0,3.73,340.0,334.0
1770324402613148312,452784,9.496,5.0,11.432,0.0,-0.02,-0.1,178.31,4.5,9.06,0.0,0.05,0.27,12052.68,176.0,0.0,340.0,334.0,
1770324402731981465,452902,9.556,4.8,11.44,0.2,-0.04,0.02,178.31,4.5,9.06,0.0,0.02,-0.05,12051.82,177.0,0.0,340.0,334.0,
1770324402867147368,453022,9.564,4.7,11.424,-0.1,-0.06,-0.12,178.31,4.5,9.06,-0.02,-0.01,0.01,12051.99,177.0,0.0,340.0,334.0,
1770324402981817216,453156,9.508,4.6,11.32,-0.1,0.12,-0.1,178.31,4.5,9.06,0.0,0.0,0.0,12051.99,176.0,0.0,340.0,334.0,
1770324403096533994,453273,10.332,4.1,11.432,0.0,-0.06,-0.14,178.31,4.5,9.06,0.0,0.0,0.0,12053.88,176.0,0.0,340.0,334.0,
1770324403215330812,453387,9.576,4.7,11.4,0.1,-0.02,-0.18,178.31,4.5,9.06,0.01,0.0,0.0,12050.62,176.0,0.0,340.0,334.0,
1770324403338214687,453505,9.556,4.8,11.436,0.2,-0.08,-0.1,178.31,4.5,9.06,0.0,0.0,-0.02,12051.82,175.0,0.0,340.0,334.0,
1770324403452864681,453628,9.504,4.7,11.452,-0.2,0.04,-0.08,178.31,4.5,9.06,0.0,0.01,0.03,12052.85,175.0,0.0,340.0,334.0,
1770324403571661535,453743,9.532,4.9,11.348,0.0,-0.02,-0.02,178.31,4.5,9.06,-0.01,-0.01,0.01,12053.53,179.0,0.0,340.0,334.0,
1770324403690472372,453862,9.732,3.9,11.464,-0.1,0.0,-0.04,178.31,4.5,9.06,0.0,-0.01,0.0,12052.68,179.0,0.0,340.0,334.0,
1770324403813371322,453982,11.384,4.3,11.392,0.5,0.0,-0.2,178.31,4.5,9.06,0.01,0.0,0.0,12051.3,178.0,0.0,340.0,334.0,
1770324403936262753,454102,9.716,4.0,9.94,0.8,0.02,-0.04,178.31,4.5,9.06,0.0,0.0,0.0,12052.68,177.0,0.0,340.0,334.0,
1770324404230052468,454225,9.708,4.1,11.448,0.0,-0.2,-0.1,178.31,4.5,9.06,0.0,0.01,0.01,12052.16,177.0,0.0,340.0,334.0,
1770324404255758247,454339,10.88,5.0,11.448,-0.1,-0.06,-0.02,178.31,4.5,9.06,0.01,0.01,0.01,12053.36,178.0,0.0,340.0,334.0,
1770324404288527643,454458,9.528,5.1,11.452,0.2,-0.04,-0.21,178.31,4.5,9.06,0.01,0.02,-0.01,12052.33,178.0,0.0,340.0,334.0,
1770324404403177823,454578,9.516,4.9,11.448,0.1,0.08,-0.18,178.31,4.5,9.06,-0.02,0.01,0.0,12052.68,178.0,0.0,340.0,334.0,
1770324404526067254,454694,9.592,4.9,11.24,1.0,-0.02,0.02,178.31,4.5,9.06,0.03,0.0,0.0,12053.19,178.0,0.0,340.0,334.0,
1770324404648994244,454815,9.764,4.1,11.44,0.0,0.1,-0.16,178.31,4.5,9.06,0.0,0.02,0.01,12052.85,180.0,0.0,340.0,334.0,
1770324404767826841,454936,9.724,3.6,11.444,0.0,0.0,-0.06,178.31,4.5,9.06,0.0,0.01,0.0,12052.16,178.0,0.0,340.0,334.0,
1770324404890676232,455055,9.724,4.0,11.452,0.0,0.06,-0.16,178.31,4.5,9.06,0.02,-0.02,0.0,12052.16,177.0,0.0,340.0,334.0,
1770324405090046873,455178,11.3,4.4,11.388,0.3,0.04,-0.1,178.31,4.5,9.06,0.0,-0.01,-0.02,12053.19,177.0,0.0,340.0,334.0,
1770324405124148361,455293,9.572,5.1,11.444,0.1,0.04,-0.08,178.31,4.5,9.06,0.0,0.0,0.01,12053.36,180.0,0.0,340.0,334.0,
1770324405242929158,455413,9.532,4.6,11.456,0.0,0.04,-0.08,178.31,4.5,9.06,0.01,0.0,0.0,12054.05,176.0,0.0,340.0,334.0,
1770324405365794865,455533,9.524,4.0,11.336,0.1,-0.14,-0.18,178.31,4.5,9.06,0.01,0.0,0.0,12047.87,179.0,0.0,340.0,334.0,
1770324405492778799,455654,9.748,4.0,11.472,0.1,-0.08,-0.14,178.31,4.5,9.06,0.0,0.01,0.01,12049.59,179.0,0.0,340.0,334.0,
1770324405611594099,455781,11.164,4.1,11.492,0.2,-0.02,0.04,178.31,4.5,9.06,0.01,-0.02,-0.01,12052.68,179.0,0.0,340.0,334.0,
1770324405730399564,455901,9.524,4.9,11.476,0.1,-0.04,-0.1,178.31,4.5,9.06,0.0,-0.02,0.02,12050.79,176.0,0.0,340.0,334.0,
1770324405849154822,456019,9.564,4.4,11.472,-0.1,0.02,-0.16,178.31,4.5,9.06,0.0,0.0,0.0,12050.79,178.0,0.0,340.0,334.0,
1770324406046044574,456139,9.708,3.7,11.456,-0.1,0.02,-0.02,178.31,4.5,9.06,0.0,0.0,0.03,12053.36,178.0,0.0,340.0,334.0,
1770324406090860424,456256,9.508,4.8,11.452,0.1,-0.06,-0.04,178.31,4.5,9.06,0.01,0.0,0.02,12051.13,177.0,0.0,340.0,334.0,
1770324406209634998,456378,9.5,4.5,11.336,0.1,0.04,0.02,178.31,4.5,9.06,0.01,0.02,0.0,12051.48,173.0,0.0,340.0,334.0,
1770324406328419832,456499,9.728,4.2,11.46,-0.1,-0.04,-0.12,178.31,4.5,9.06,0.0,0.01,0.02,12050.45,178.0,0.0,340.0,334.0,
1770324406443077772,456619,9.756,4.0,11.496,0.2,0.04,-0.14,178.31,4.5,9.06,0.0,0.01,0.02,12051.48,178.0,0.0,340.0,334.0,
1770324406565953091,456732,9.772,4.4,9.96,1.4,-0.06,-0.14,178.31,4.5,9.06,0.0,0.0,-0.01,12051.65,177.0,0.0,340.0,334.0,
1770324406688884118,456856,9.512,4.8,11.488,0.1,-0.12,-0.1,178.31,4.5,9.06,0.01,0.0,0.01,12050.28,182.0,0.0,340.0,334.0,
