timestamp_ns,time_ms,voltage_left,current_left_ma,voltage_right,current_right_ma,motor_current_left,motor_current_right,euler_x,euler_y,euler_z,acc_lin_x,acc_lin_y,acc_lin_z,sonar_mm,tof_mm,rpm_left,rpm_right,rotations_left,rotations_right
1777659048416042087,3741,9.28,1.8,9.432,0.0,0.08,-0.14,0.0,6.25,5.25,-0.05,0.05,-0.44,-0.06,-0.12,0.06,187.11,186.0,0.0
1777659048518395754,3841,10.488,1.7,9.392,-0.2,0.12,-0.2,0.0,6.25,5.25,-0.05,0.01,-0.45,-0.06,0.06,-0.06,187.11,187.0,0.0
1777659048616698142,3941,10.484,1.8,9.556,-1.2,0.16,-0.06,0.0,6.25,5.25,-0.06,0.01,-0.46,0.0,-0.12,0.0,182.99,185.0,0.0
1777659048715006587,4040,9.028,2.2,10.496,-0.7,0.12,-0.16,0.0,6.25,5.25,-0.04,0.02,-0.41,-0.06,0.0,-0.12,182.99,185.0,0.0
1777659048817373327,4141,9.04,2.3,10.492,-0.7,0.02,-0.08,0.0,6.25,5.25,-0.07,0.03,-0.45,-0.06,0.12,0.12,182.99,187.0,0.0
1777659048915679105,4242,9.016,2.1,10.496,-0.8,0.14,0.0,0.0,6.25,5.25,-0.06,0.03,-0.46,0.12,-0.06,-0.12,178.7,186.0,0.0
1777659049018090272,4341,9.036,2.3,10.5,-0.8,-0.02,-0.08,0.0,6.25,5.25,-0.05,0.04,-0.42,-0.12,0.0,0.0,174.59,186.0,0.0
1777659049116381068,4441,9.108,1.9,9.52,-0.4,0.14,-0.18,0.0,6.25,5.25,-0.06,0.03,-0.43,0.06,0.06,0.0,174.59,182.0,0.0
1777659049218801512,4541,10.492,1.6,9.584,-0.1,0.2,-0.21,0.0,6.25,5.25,-0.04,0.04,-0.44,-0.12,0.0,-0.06,200.31,182.0,0.0
1777659049317098586,4641,10.48,1.7,9.536,-0.2,0.18,-0.08,0.0,6.25,5.25,-0.05,0.04,-0.45,-0.06,0.12,-0.06,200.31,186.0,0.0
1777659049419470920,4741,10.488,2.0,9.532,-0.2,0.08,-0.21,0.0,6.25,5.25,-0.05,0.03,-0.43,0.06,0.0,0.0,200.31,184.0,0.0
1777659049517784864,4841,10.48,1.8,9.576,-0.2,0.12,0.04,0.0,6.25,5.25,-0.03,0.02,-0.42,0.0,0.19,0.06,204.43,184.0,0.0
1777659049616125623,4940,10.484,1.6,9.54,-0.9,0.14,0.0,0.0,6.25,5.25,-0.05,0.01,-0.42,0.25,-0.12,0.12,178.7,183.0,0.0
1777659049718455105,5040,9.204,1.8,10.5,-1.0,0.21,-0.1,0.0,6.25,5.25,-0.04,0.03,-0.43,0.12,0.0,0.0,200.31,185.0,0.0
1777659049816779512,5140,9.268,1.9,10.488,-0.9,0.08,-0.1,0.0,6.25,5.25,-0.07,0.05,-0.4,0.0,-0.12,-0.12,200.31,185.0,0.0
1777659049915075049,5239,9.268,2.1,10.492,-0.9,0.16,-0.08,0.0,6.25,5.25,-0.06,0.02,-0.44,0.06,-0.06,0.0,191.91,185.0,0.0
1777659050017466567,5339,9.284,1.9,10.492,-0.9,0.18,-0.14,0.0,6.25,5.25,-0.05,0.01,-0.42,-0.06,-0.12,-0.06,187.79,182.0,0.0
1777659050115776012,5440,9.248,2.1,10.504,-0.8,0.21,-0.08,0.0,6.25,5.25,-0.07,0.01,-0.38,0.0,0.06,0.06,187.79,182.0,0.0
1777659050218214493,5540,9.208,1.9,10.496,-0.9,0.14,-0.14,0.0,6.25,5.25,-0.04,0.03,-0.46,-0.06,-0.19,0.0,187.28,186.0,0.0
1777659050316481882,5641,9.196,1.8,9.376,-0.2,0.1,-0.25,0.0,6.25,5.25,-0.05,0.03,-0.44,0.06,0.0,0.0,191.91,183.0,0.0
1777659050418863438,5741,10.476,1.5,10.504,-0.8,0.08,0.1,0.0,6.25,5.25,-0.04,0.01,-0.44,0.06,-0.06,0.0,192.08,183.0,0.0
1777659050517164049,5840,9.104,2.0,10.496,-0.9,0.2,-0.08,0.0,6.25,5.25,-0.05,0.03,-0.43,-0.06,0.12,0.0,191.91,186.0,0.0
1777659050615456882,5940,9.1,2.3,10.492,-0.9,0.14,-0.1,0.0,6.25,5.25,-0.05,0.05,-0.42,0.0,-0.06,0.0,174.59,186.0,0.0
1777659050717857604,6040,9.108,2.2,10.492,-1.0,0.23,-0.1,0.0,6.25,5.25,-0.05,0.04,-0.43,0.06,-0.25,0.06,178.87,186.0,0.0
1777659050816175660,6140,9.136,2.0,10.496,-0.8,0.0,-0.06,0.0,6.25,5.25,-0.06,0.02,-0.43,0.0,-0.25,0.12,196.2,185.0,0.0
1777659050918552752,6241,9.02,2.1,10.492,-0.8,0.27,-0.1,0.0,6.25,5.25,-0.06,0.02,-0.42,0.12,-0.06,-0.06,199.28,185.0,0.0
1777659051026901345,6342,9.08,2.1,10.492,-0.8,0.2,-0.14,0.0,6.25,5.25,-0.05,0.02,-0.42,0.06,0.19,0.12,204.6,186.0,0.0
1777659051119275641,6441,9.028,2.0,10.484,-0.9,0.12,-0.06,0.0,6.25,5.25,-0.04,0.02,-0.41,0.0,-0.06,0.06,174.59,185.0,0.0
1777659051217577696,6541,9.084,2.1,10.488,-0.8,0.27,-0.06,0.0,6.25,5.25,-0.05,0.04,-0.42,-0.12,0.12,0.0,174.59,185.0,0.0
1777659051319963622,6642,9.128,2.2,10.496,-0.7,0.12,-0.04,0.0,6.25,5.25,-0.06,0.03,-0.43,-0.06,-0.06,0.0,178.87,183.0,0.0
1777659051418266919,6742,9.1,2.2,10.496,-1.1,0.04,-0.08,0.0,6.25,5.25,-0.05,0.04,-0.43,0.12,-0.06,0.0,174.59,183.0,0.0
1777659051516529493,6842,9.012,2.3,10.496,-0.7,0.14,-0.14,0.0,6.25,5.25,-0.05,0.01,-0.42,0.0,-0.12,0.0,200.48,185.0,0.0
1777659051618947363,6941,9.096,2.3,10.488,-1.0,0.21,-0.1,0.0,6.25,5.25,-0.05,0.02,-0.41,0.0,-0.12,0.12,178.87,184.0,0.0
1777659051717243918,7042,9.044,2.1,10.496,-0.6,0.21,-0.14,0.0,6.25,5.25,-0.06,0.02,-0.41,-0.06,0.19,-0.12,174.76,184.0,0.0
1777659051819662937,7142,9.092,2.2,10.496,-0.8,0.14,-0.08,0.0,6.25,5.25,-0.04,0.01,-0.41,-0.06,0.0,-0.06,174.59,183.0,0.0
1777659051917967659,7242,9.116,2.1,10.484,-0.9,0.18,-0.14,0.0,6.25,5.25,-0.06,0.02,-0.39,0.0,0.06,0.0,174.59,182.0,0.0
1777659052020359029,7342,9.1,2.1,10.492,-0.7,0.14,-0.2,0.0,6.25,5.25,-0.06,0.01,-0.42,0.12,-0.19,0.12,178.87,182.0,0.0
1777659052118642381,7442,9.024,2.3,10.496,-0.9,0.04,-0.04,0.0,6.25,5.25,-0.04,0.02,-0.42,0.0,-0.06,0.12,178.87,185.0,0.0
1777659052216919159,7541,9.112,2.2,10.496,-1.0,-0.04,-0.08,0.0,6.25,5.25,-0.06,0.03,-0.42,0.0,0.0,0.06,174.59,187.0,0.0
1777659052319367899,7641,9.14,2.1,10.488,-0.9,0.12,-0.02,0.0,6.25,5.25,-0.07,0.04,-0.45,0.0,0.06,-0.06,174.59,187.0,0.0
1777659052417643214,7741,9.024,2.4,10.496,-1.0,0.06,-0.1,0.0,6.25,5.25,-0.04,0.01,-0.4,-0.06,0.06,-0.06,174.76,184.0,0.0
1777659052515945659,7840,9.108,2.2,10.492,-0.9,0.1,-0.04,0.0,6.25,5.25,-0.07,0.01,-0.43,-0.06,0.12,0.0,174.59,185.0,0.0
1777659052618361566,7940,9.048,2.0,10.496,-0.7,0.18,-0.12,0.0,6.25,5.25,-0.03,0.03,-0.43,-0.25,0.0,-0.06,178.87,185.0,0.0
1777659052716648529,8040,9.108,2.3,10.5,-0.8,-0.02,0.0,0.0,6.25,5.25,-0.06,0.02,-0.43,0.0,0.0,0.06,174.59,186.0,0.0
1777659052814909714,8139,9.056,2.2,10.488,-0.7,0.06,-0.08,0.0,6.25,5.25,-0.02,0.02,-0.44,0.0,0.0,-0.06,200.31,186.0,0.0
1777659052917352584,8239,9.028,2.3,10.488,-1.1,0.1,-0.12,0.0,6.25,5.25,-0.04,0.03,-0.44,-0.06,0.06,-0.06,200.31,185.0,0.0
1777659053015639325,8339,9.096,2.0,10.5,-0.8,0.12,-0.14,0.0,6.25,5.25,-0.06,0.02,-0.38,0.0,0.12,0.06,200.31,184.0,0.0
1777659053118030177,8438,9.032,1.9,10.504,-1.0,0.16,-0.2,0.0,6.25,5.25,-0.04,0.02,-0.42,0.0,0.0,0.12,178.87,184.0,0.0
1777659053216351195,8538,9.024,2.1,10.488,-0.9,0.2,-0.04,0.0,6.25,5.25,-0.06,0.02,-0.4,0.0,-0.12,-0.06,178.7,187.0,0.0
1777659053314656566,8638,9.032,2.1,10.496,-0.9,0.02,-0.02,0.0,6.25,5.25,-0.05,0.03,-0.42,-0.06,0.0,0.0,199.28,185.0,0.0
1777659053417034658,8738,9.096,2.3,10.492,-0.8,0.2,-0.14,0.0,6.25,5.25,-0.06,0.0,-0.43,0.0,0.0,0.0,178.87,185.0,0.0
1777659053515366695,8838,9.132,2.4,10.492,-0.7,0.16,-0.14,0.0,6.25,5.25,-0.05,0.03,-0.42,0.06,-0.06,0.06,178.7,182.0,0.0
1777659053617741065,8938,9.064,2.1,10.496,-0.6,0.08,-0.12,0.0,6.25,5.25,-0.06,0.05,-0.42,0.06,0.0,0.06,178.7,182.0,0.0
1777659053716041936,9037,9.22,1.8,10.492,-1.0,0.2,-0.21,0.0,6.25,5.25,-0.06,0.01,-0.44,-0.06,-0.06,0.0,178.87,186.0,0.0
1777659053814340824,9137,9.272,2.0,10.488,-0.9,0.31,-0.14,0.0,6.25,5.25,-0.05,0.02,-0.42,0.0,-0.06,-0.06,178.87,187.0,0.0
1777659053916752306,9238,9.284,2.0,10.492,-0.9,0.27,-0.16,0.0,6.25,5.25,-0.07,0.04,-0.44,0.0,0.06,-0.06,178.87,187.0,0.0
1777659054015026139,9337,9.268,1.9,10.496,-1.0,0.02,-0.14,0.0,6.25,5.25,-0.05,0.02,-0.41,0.06,0.0,-0.12,182.99,185.0,0.0
1777659054117441750,9437,9.196,1.8,10.492,-0.8,0.08,-0.16,0.0,6.25,5.25,-0.06,0.02,-0.44,-0.06,0.06,-0.06,182.99,188.0,0.0
1777659054215771435,9538,9.212,1.8,10.496,-0.9,0.25,-0.16,0.0,6.25,5.25,-0.04,0.02,-0.42,0.0,0.0,0.0,177.67,188.0,0.0
1777659054318126861,9638,9.212,2.0,10.492,-0.8,0.18,-0.2,0.0,6.25,5.25,-0.06,0.01,-0.44,0.0,0.0,0.12,182.99,185.0,0.0
1777659054416442750,9738,9.22,2.2,10.492,-0.9,0.16,0.04,0.0,6.25,5.25,-0.07,0.02,-0.41,0.0,0.0,0.12,182.99,185.0,0.0
1777659054518814639,9839,9.28,1.9,10.492,-1.1,0.14,-0.04,0.0,6.25,5.25,-0.06,0.02,-0.44,0.12,0.0,0.06,182.82,185.0,0.0
1777659054617120805,9938,9.296,1.9,10.5,-0.9,0.06,-0.02,0.0,6.25,5.25,-0.06,0.05,-0.45,0.0,0.0,0.06,187.28,186.0,0.0
1777659054719588194,10038,9.2,1.9,10.484,-0.8,0.1,-0.08,0.0,6.25,5.25,-0.05,0.03,-0.43,0.0,0.12,-0.06,181.79,186.0,0.0
1777659054817857639,10139,9.196,1.9,10.488,-0.7,0.04,-0.14,0.0,6.25,5.25,-0.07,0.01,-0.41,0.0,0.06,0.0,187.11,182.0,0.0
1777659054916125046,10238,9.308,1.9,10.484,-0.8,0.16,-0.18,0.0,6.25,5.25,-0.05,0.03,-0.43,0.0,-0.06,0.0,187.28,185.0,0.0
1777659055018530065,10338,9.248,1.8,10.496,-0.8,0.2,-0.1,0.0,6.25,5.25,-0.06,0.02,-0.43,0.06,-0.06,-0.06,187.11,185.0,0.0
1777659055116817027,10438,9.204,1.7,10.496,-1.1,0.21,-0.21,0.0,6.25,5.25,-0.04,0.03,-0.43,0.0,-0.12,0.12,187.11,185.0,0.0
1777659055219230398,10539,9.308,2.0,10.492,-0.6,0.14,-0.2,0.0,6.25,5.25,-0.03,0.03,-0.43,-0.06,0.0,0.0,187.11,184.0,0.0
1777659055317575175,10639,9.216,1.9,10.496,-0.9,0.18,-0.2,0.0,6.25,5.25,-0.04,0.0,-0.4,0.06,0.0,0.0,191.39,184.0,0.0
1777659055425839990,10739,9.204,1.8,10.488,-0.7,0.16,-0.16,0.0,6.25,5.25,-0.06,0.02,-0.43,-0.06,0.06,0.0,187.28,186.0,0.0
1777659055518209064,10839,9.308,1.9,9.436,-0.3,-0.08,-0.16,0.0,6.25,5.25,-0.05,0.04,-0.45,0.06,0.0,0.06,187.11,188.0,0.0
1777659055620596342,10939,10.488,1.5,9.372,-0.4,-0.02,-0.1,0.0,6.25,5.25,-0.05,0.02,-0.43,-0.06,0.06,-0.06,187.11,188.0,0.0
1777659055718907786,11039,10.48,1.5,9.396,0.1,0.18,-0.16,0.0,6.25,5.25,-0.05,0.0,-0.43,-0.19,0.06,0.0,187.28,183.0,0.0
1777659055821305990,11140,10.484,1.5,9.38,-0.1,0.04,0.04,0.0,6.25,5.25,-0.05,0.02,-0.45,-0.06,0.06,0.0,182.99,183.0,0.0
1777659055919612175,11241,10.484,2.1,10.492,-1.1,0.12,-0.04,0.0,6.25,5.25,-0.06,0.04,-0.45,0.0,0.12,0.0,182.99,186.0,0.0
1777659056017886157,11340,9.112,2.0,10.496,-0.8,0.2,-0.2,0.0,6.25,5.25,-0.03,0.02,-0.42,0.06,0.12,-0.12,178.7,185.0,0.0
1777659056120307212,11440,9.036,2.1,10.492,-0.5,0.2,-0.12,0.0,6.25,5.25,-0.07,0.05,-0.46,-0.12,-0.06,0.0,178.7,185.0,0.0
1777659056218603397,11540,9.028,2.0,10.488,-0.8,0.14,-0.14,0.0,6.25,5.25,-0.05,0.03,-0.44,-0.06,0.19,0.0,182.99,187.0,0.0
1777659056320998323,11640,9.096,2.3,10.492,-0.9,0.16,-0.02,0.0,6.25,5.25,-0.04,0.02,-0.45,-0.06,-0.12,0.0,182.99,186.0,0.0
1777659056419303656,11740,9.128,2.0,10.492,-1.1,0.04,-0.18,0.0,6.25,5.25,-0.06,0.0,-0.44,0.06,0.06,0.06,182.99,186.0,0.0
1777659056521695212,11841,9.104,2.0,10.496,-0.9,0.1,-0.18,0.0,6.25,5.25,-0.03,0.03,-0.42,0.0,-0.06,-0.06,178.7,184.0,0.0
1777659056619991786,11940,9.1,1.9,10.496,-1.0,0.2,-0.02,0.0,6.25,5.25,-0.03,0.03,-0.44,0.06,-0.06,0.06,187.28,183.0,0.0
1777659056722396841,12041,9.04,2.4,10.496,-0.4,0.08,-0.02,0.0,6.25,5.25,-0.06,0.01,-0.44,-0.12,0.06,0.12,191.39,183.0,0.0
1777659056820699063,12141,10.48,1.6,9.576,-0.3,0.14,-0.1,0.0,6.25,5.25,-0.06,0.02,-0.45,-0.06,0.12,0.0,187.28,185.0,0.0
1777659056923085860,12241,10.484,1.6,10.496,-0.8,0.2,-0.08,0.0,6.25,5.25,-0.06,0.01,-0.42,0.0,0.0,-0.06,187.28,188.0,0.0
1777659057021396341,12342,9.264,1.9,10.488,-0.8,0.06,-0.12,0.0,6.25,5.25,-0.06,0.04,-0.42,-0.12,0.19,-0.06,187.28,188.0,0.0
1777659057123797063,12442,9.244,2.1,10.504,-0.7,0.25,-0.1,0.0,6.25,5.25,-0.05,0.03,-0.42,-0.06,0.12,0.12,187.28,186.0,0.0
1777659057222090193,12541,9.264,1.9,10.492,-0.8,0.25,-0.06,0.0,6.25,5.25,-0.05,0.02,-0.44,-0.12,-0.12,0.0,187.11,186.0,0.0
1777659057320385730,12641,9.208,1.8,10.492,-1.0,0.18,-0.08,0.0,6.25,5.25,-0.04,0.03,-0.45,-0.06,0.19,0.06,187.11,186.0,0.0
1777659057428714100,12741,9.264,1.8,10.492,-0.8,0.1,-0.18,0.0,6.25,5.25,-0.05,0.03,-0.45,0.0,0.0,-0.06,187.11,186.0,0.0
1777659057521105859,12840,9.292,2.0,10.496,-0.7,0.16,-0.08,0.0,6.25,5.25,-0.04,0.02,-0.47,0.0,0.12,-0.06,187.11,186.0,0.0
1777659057619365785,12940,9.232,1.9,10.488,-0.6,0.08,-0.2,0.0,6.25,5.25,-0.06,0.03,-0.44,-0.06,0.06,0.0,187.11,185.0,0.0
1777659057721784989,13040,9.296,2.0,10.492,-1.0,0.04,-0.04,0.0,6.25,5.25,-0.06,0.02,-0.42,0.06,-0.19,0.0,191.39,184.0,0.0
1777659057820080748,13139,9.208,1.9,10.496,-0.8,0.08,-0.2,0.0,6.25,5.25,-0.06,0.01,-0.45,0.06,0.0,0.06,191.39,184.0,0.0
1777659057928410544,13239,10.476,1.6,9.388,-0.4,0.23,-0.23,0.0,6.25,5.25,-0.04,0.02,-0.42,-0.12,0.06,0.0,187.11,183.0,0.0
1777659058020784174,13340,10.476,1.9,9.424,0.0,0.18,0.04,0.0,6.25,5.25,-0.04,0.02,-0.44,0.0,0.0,-0.06,191.39,183.0,0.0
1777659058123172692,13440,10.484,2.0,9.456,-0.1,0.1,-0.1,0.0,6.25,5.25,-0.05,0.03,-0.43,-0.06,0.0,0.06,191.39,182.0,0.0
1777659058221475896,13541,10.484,1.7,9.44,-0.1,0.02,0.04,0.0,6.25,5.25,-0.04,0.01,-0.42,0.12,-0.06,0.0,191.39,183.0,0.0
1777659058319784711,13640,10.488,1.8,9.388,0.0,0.08,-0.14,0.0,6.25,5.25,-0.04,0.02,-0.41,-0.06,0.0,0.06,187.11,183.0,0.0
1777659058422166766,13741,10.472,1.7,9.424,-0.2,0.06,-0.16,0.0,6.25,5.25,-0.05,0.02,-0.43,-0.06,0.12,0.0,191.39,183.0,0.0
1777659058520476414,13841,10.488,1.6,9.384,-0.2,0.21,-0.12,0.0,6.25,5.25,-0.04,0.06,-0.43,-0.06,-0.12,0.06,191.39,183.0,0.0
1777659058622889525,13940,10.476,1.7,9.448,0.1,0.2,-0.14,0.0,6.25,5.25,-0.06,0.0,-0.44,0.0,0.06,-0.06,191.39,183.0,0.0
1777659058721173525,14041,10.48,1.9,9.436,-0.1,0.12,-0.16,0.0,6.25,5.25,-0.03,0.03,-0.41,0.0,-0.12,-0.06,187.11,187.0,0.0
1777659058823570877,14142,9.056,2.1,10.488,-1.0,0.12,-0.1,0.0,6.25,5.25,-0.05,0.02,-0.43,0.12,-0.12,-0.06,187.11,184.0,0.0
1777659058921876396,14241,9.044,2.0,10.492,-0.7,0.14,-0.21,0.0,6.25,5.25,-0.06,0.02,-0.41,0.12,-0.06,0.12,187.11,184.0,0.0
1777659059030189081,14341,9.06,2.2,10.492,-0.8,0.12,-0.12,0.0,6.25,5.25,-0.06,0.01,-0.44,-0.06,-0.19,0.0,187.11,184.0,0.0
1777659059122577766,14441,9.036,2.1,10.488,-0.6,0.14,-0.08,0.0,6.25,5.25,-0.05,0.01,-0.43,0.06,-0.06,-0.06,187.28,184.0,0.0
1777659059220879581,14541,9.156,2.1,10.488,-0.8,0.06,-0.12,0.0,6.25,5.25,-0.06,0.03,-0.41,-0.12,0.0,0.0,182.99,184.0,0.0
1777659059323258006,14641,9.076,2.2,10.488,-0.8,0.04,-0.12,0.0,6.25,5.25,-0.05,0.02,-0.43,-0.06,0.06,0.0,187.11,186.0,0.0
1777659059421574173,14742,9.112,2.2,9.564,-0.2,0.16,-0.14,0.0,6.25,5.25,-0.05,0.03,-0.39,0.12,0.0,0.0,182.99,186.0,0.0
1777659059523965228,14841,10.484,1.9,9.588,-0.3,0.04,-0.06,0.0,6.25,5.25,-0.05,0.01,-0.44,-0.06,0.0,0.0,182.99,184.0,0.0
1777659059626358877,14942,10.476,1.8,9.592,-0.1,0.2,-0.2,0.0,6.25,5.25,-0.05,0.03,-0.42,0.0,-0.12,-0.06,178.87,186.0,0.0
1777659059724672136,15043,10.484,1.7,9.58,-0.3,0.06,-0.08,0.0,6.25,5.25,-0.04,0.03,-0.43,0.12,0.12,0.0,182.99,186.0,0.0
1777659059822915562,15143,10.488,1.5,9.556,-0.4,0.14,-0.14,0.0,6.25,5.25,-0.04,0.05,-0.44,0.12,0.06,-0.06,187.11,181.0,0.0
1777659059925354265,15243,10.488,1.6,9.56,-0.4,0.27,-0.14,0.0,6.25,5.25,-0.04,0.02,-0.39,0.0,0.0,0.0,187.28,186.0,0.0
1777659060023654413,15344,10.488,1.7,9.552,-0.5,0.18,-0.08,0.0,6.25,5.25,-0.05,0.04,-0.42,0.0,-0.19,0.06,187.28,186.0,0.0
1777659060126046543,15443,10.484,1.7,9.556,-0.5,0.18,-0.08,0.0,6.25,5.25,-0.04,0.04,-0.44,0.0,-0.06,0.0,187.11,189.0,0.0
1777659060224349302,15543,10.48,1.5,9.612,-0.2,0.16,-0.06,0.0,6.25,5.25,-0.04,0.03,-0.43,-0.06,0.25,0.0,187.28,189.0,0.0
1777659060326756784,15643,10.48,1.9,10.496,-0.9,0.14,-0.06,0.0,6.25,5.25,-0.05,0.03,-0.41,0.0,0.12,-0.06,191.39,182.0,0.0
1777659060425054006,15744,9.308,1.8,10.488,-0.9,0.12,-0.08,0.0,6.25,5.25,-0.05,0.04,-0.43,0.0,0.06,-0.06,191.39,185.0,0.0
1777659060527444302,15844,9.256,1.9,10.496,-0.7,0.04,-0.25,0.0,6.25,5.25,-0.07,0.03,-0.42,-0.06,0.12,-0.06,191.39,185.0,0.0
1777659060625721043,15945,9.276,1.9,10.496,-0.9,0.1,-0.18,0.0,6.25,5.25,-0.05,0.01,-0.41,0.0,0.31,0.0,173.9,185.0,0.0
1777659060728149394,16046,9.344,2.1,10.496,-0.9,0.23,-0.23,0.0,6.25,5.25,-0.05,0.0,-0.4,-0.06,0.06,0.0,191.39,183.0,0.0
1777659060830536950,16146,9.352,2.0,10.492,-0.8,0.18,-0.08,0.0,6.25,5.25,-0.04,0.01,-0.41,0.0,0.0,-0.12,173.9,183.0,0.0
1777659060928845265,16246,9.352,2.1,10.488,-1.0,0.12,-0.18,0.0,6.25,5.25,-0.05,0.01,-0.42,0.0,0.0,0.0,191.39,183.0,0.0
1777659061031237728,16347,9.32,2.2,10.496,-0.9,0.12,-0.12,0.0,6.25,5.25,-0.06,0.02,-0.42,0.12,0.12,0.0,187.11,181.0,0.0
1777659061129535913,16447,9.304,1.9,10.496,-0.8,0.23,-0.18,0.0,6.25,5.25,-0.06,0.03,-0.41,0.0,0.0,-0.12,187.11,181.0,0.0
1777659061227843302,16546,9.252,1.9,10.496,-0.9,-0.06,-0.25,0.0,6.25,5.25,-0.06,0.02,-0.42,0.0,0.12,0.0,182.99,182.0,0.0
1777659061330239357,16646,9.264,1.9,10.492,-0.5,0.08,-0.06,0.0,6.25,5.25,-0.05,0.02,-0.41,0.0,-0.06,0.0,182.99,182.0,0.0
1777659061428540487,16746,9.244,1.7,10.488,-0.8,0.06,-0.06,0.0,6.25,5.25,-0.04,0.04,-0.41,-0.06,-0.12,-0.06,182.99,185.0,0.0
1777659061526833894,16845,9.252,1.9,10.488,-1.0,0.06,-0.25,0.0,6.25,5.25,-0.06,0.03,-0.44,-0.06,0.12,-0.12,182.99,181.0,0.0
1777659061629239024,16946,9.26,1.7,10.492,-1.1,0.12,-0.2,0.0,6.25,5.25,-0.05,0.03,-0.41,-0.12,0.12,-0.12,182.99,181.0,0.0
1777659061727535079,17046,9.352,2.1,10.492,-0.8,0.14,-0.21,0.0,6.25,5.25,-0.05,0.01,-0.43,0.06,0.0,0.06,186.08,185.0,0.0
1777659061829927764,17146,9.328,1.8,10.496,-1.0,0.12,-0.06,0.0,6.25,5.25,-0.06,0.02,-0.42,-0.06,-0.06,-0.06,182.99,185.0,0.0
1777659061928242023,17246,9.268,2.1,10.492,-0.7,0.0,-0.23,0.0,6.25,5.25,-0.05,0.03,-0.43,-0.06,-0.12,0.12,181.79,185.0,0.0
1777659062030630542,17347,9.356,1.9,10.492,-0.9,0.16,-0.23,0.0,6.25,5.25,-0.04,0.05,-0.4,0.06,0.0,0.0,182.99,180.0,0.0
1777659062128924820,17446,9.344,2.1,10.496,-1.0,0.1,-0.04,0.0,6.25,5.25,-0.04,0.01,-0.43,-0.06,0.06,0.06,182.99,186.0,0.0
1777659062227191875,17546,9.256,2.0,10.496,-0.9,0.14,-0.08,0.0,6.25,5.25,-0.05,0.0,-0.4,0.0,0.19,-0.06,187.11,186.0,0.0
1777659062329622523,17646,9.36,2.0,10.5,-1.0,0.18,-0.08,0.0,6.25,5.25,-0.06,0.02,-0.43,0.06,0.06,0.06,182.99,187.0,0.0
1777659062427953338,17745,9.324,1.7,9.424,-0.3,0.04,-0.21,0.0,6.25,5.25,-0.04,0.05,-0.41,0.0,0.0,-0.06,187.11,187.0,0.0
1777659062536239319,17845,10.476,1.8,9.524,-0.4,0.14,-0.12,0.0,6.25,5.25,-0.06,0.03,-0.43,0.0,-0.12,0.0,187.11,186.0,0.0
1777659062628615171,17945,10.488,1.8,9.444,-0.3,0.25,-0.1,0.0,6.25,5.25,-0.03,0.03,-0.4,0.06,0.06,0.0,187.11,187.0,0.0
1777659062726908690,18045,10.484,1.8,9.508,-0.1,0.2,-0.08,0.0,6.25,5.25,-0.06,0.03,-0.44,0.12,0.0,0.06,187.11,187.0,0.0
1777659062829322745,18145,10.492,1.7,9.464,-0.1,0.18,-0.04,0.0,6.25,5.25,-0.07,0.04,-0.41,0.06,-0.12,0.0,187.11,183.0,0.0
1777659062927611449,18245,10.484,1.6,9.428,-0.3,0.12,0.0,0.0,6.25,5.25,-0.04,0.0,-0.42,0.12,-0.06,0.0,186.08,186.0,0.0
1777659063030038430,18345,10.492,1.8,9.448,0.2,0.02,-0.1,0.0,6.25,5.25,-0.04,0.02,-0.44,-0.12,0.0,0.06,187.28,186.0,0.0
1777659063128317689,18445,10.492,1.7,9.444,-0.1,0.16,-0.16,0.0,6.25,5.25,-0.05,0.01,-0.43,0.06,0.0,0.0,187.11,182.0,0.0
1777659063236633171,18545,10.476,1.8,9.472,-0.1,0.14,-0.21,0.0,6.25,5.25,-0.06,0.02,-0.4,0.06,0.0,0.0,182.99,187.0,0.0
1777659063329083004,18646,10.496,1.6,9.444,-0.2,0.12,-0.14,0.0,6.25,5.25,-0.05,0.04,-0.42,0.12,-0.12,-0.06,178.7,187.0,0.0
1777659063427300411,18746,10.484,1.8,9.432,0.1,0.06,-0.18,0.0,6.25,5.25,-0.04,0.01,-0.39,0.06,0.19,0.0,178.87,186.0,0.0
1777659063529716059,18845,10.484,1.6,9.468,0.1,0.14,-0.12,0.0,6.25,5.25,-0.06,0.02,-0.39,0.0,0.12,-0.06,178.7,186.0,0.0
1777659063628010041,18945,10.484,1.7,9.44,-0.5,0.14,-0.08,0.0,6.25,5.25,-0.06,0.02,-0.45,0.0,0.12,0.06,178.7,185.0,0.0
1777659063730412059,19045,10.492,1.7,9.484,-0.1,0.08,-0.2,0.0,6.25,5.25,-0.03,0.0,-0.43,0.0,0.12,-0.12,178.7,186.0,0.0
1777659063828704115,19145,10.488,1.8,9.508,-0.3,0.23,-0.02,0.0,6.25,5.25,-0.05,0.03,-0.43,0.0,0.06,-0.06,178.87,186.0,0.0
1777659063937017763,19245,10.48,1.5,9.52,-0.3,0.18,-0.14,0.0,6.25,5.25,-0.06,0.04,-0.47,0.12,-0.06,-0.06,178.87,184.0,0.0
1777659064029412244,19345,10.48,1.4,9.476,-0.1,0.23,-0.23,0.0,6.25,5.25,-0.04,0.01,-0.41,0.06,0.0,-0.06,178.7,184.0,0.0
1777659064127706244,19445,10.484,1.8,9.5,-0.1,0.08,-0.08,0.0,6.25,5.25,-0.06,0.01,-0.41,0.0,-0.06,0.06,178.7,184.0,0.0
1777659064230105911,19545,10.488,1.7,9.468,-0.2,0.16,-0.08,0.0,6.25,5.25,-0.05,0.03,-0.45,0.0,0.0,0.0,178.7,186.0,0.0
1777659064328378800,19646,10.48,1.9,9.512,-0.2,0.12,-0.06,0.0,6.25,5.25,-0.04,0.03,-0.44,-0.12,-0.12,0.0,182.82,186.0,0.0
1777659064430788114,19746,10.484,1.5,9.508,-0.1,0.1,-0.12,0.0,6.25,5.25,-0.06,0.01,-0.45,-0.12,0.06,-0.06,187.11,186.0,0.0
1777659064529091374,19846,10.484,1.5,9.544,-0.1,0.29,-0.1,0.0,6.25,5.25,-0.05,0.02,-0.44,0.19,-0.06,-0.06,182.99,185.0,0.0
1777659064631500818,19946,10.488,1.7,9.46,-0.2,0.16,-0.18,0.0,6.25,5.25,-0.06,0.01,-0.4,-0.12,0.12,-0.06,182.99,185.0,0.0
1777659064729794688,20045,10.48,2.0,10.496,-0.8,0.2,-0.14,0.0,6.25,5.25,-0.05,0.0,-0.42,-0.06,0.06,-0.06,178.87,186.0,0.0
1777659064828094114,20145,9.22,2.0,10.488,-0.8,0.04,-0.18,0.0,6.25,5.25,-0.06,0.02,-0.43,0.06,0.12,-0.06,178.7,185.0,0.0
1777659064930504133,20245,9.156,2.4,10.492,-0.7,0.23,-0.29,0.0,6.25,5.25,-0.04,0.01,-0.45,-0.06,0.0,-0.12,177.67,185.0,0.0
1777659065028779318,20346,9.164,2.4,10.488,-0.8,0.2,-0.06,0.0,6.25,5.25,-0.03,0.05,-0.42,-0.06,0.0,0.0,178.7,184.0,0.0
1777659065131194225,20446,9.276,2.1,10.492,-0.9,0.12,-0.18,0.0,6.25,5.25,-0.05,0.02,-0.42,0.0,-0.12,0.0,178.7,184.0,0.0
1777659065229493577,20546,9.22,2.1,9.668,-0.4,0.14,-0.04,0.0,6.25,5.25,-0.04,0.05,-0.44,-0.12,-0.12,0.06,182.99,184.0,0.0
1777659065331876818,20645,10.484,2.0,9.668,-0.5,0.2,0.02,0.0,6.25,5.25,-0.05,0.02,-0.43,-0.19,0.0,0.0,178.7,182.0,0.0
1777659065430212021,20746,10.488,1.6,9.628,-0.4,0.12,-0.14,0.0,6.25,5.25,-0.04,0.03,-0.42,0.06,-0.06,0.06,177.67,184.0,0.0
1777659065532582262,20847,10.488,1.7,9.62,-0.3,0.08,-0.18,0.0,6.25,5.25,-0.06,0.0,-0.43,0.12,0.0,0.06,178.87,184.0,0.0
1777659065630894317,20946,10.48,1.6,9.672,-0.3,0.1,-0.08,0.0,6.25,5.25,-0.05,0.04,-0.43,0.0,0.06,0.0,178.7,182.0,0.0
1777659065729180151,21046,10.484,1.7,9.68,-0.3,0.1,-0.12,0.0,6.25,5.25,-0.05,0.03,-0.45,0.06,-0.19,0.06,178.87,182.0,0.0
1777659065831583928,21146,10.488,1.6,10.492,-1.1,0.12,-0.18,0.0,6.25,5.25,-0.05,0.05,-0.44,-0.06,-0.12,0.0,178.7,187.0,0.0
1777659065929870484,21246,9.34,2.0,10.488,-0.8,0.04,-0.23,0.0,6.25,5.25,-0.02,0.01,-0.43,0.06,0.06,0.0,178.7,188.0,0.0
1777659066032279354,21347,9.44,1.8,10.484,-1.0,0.2,-0.16,0.0,6.25,5.25,-0.05,0.03,-0.45,0.06,0.0,-0.06,178.7,188.0,0.0
1777659066130588650,21447,9.328,1.8,10.492,-0.9,0.14,-0.14,0.0,6.25,5.25,-0.05,0.02,-0.43,0.0,-0.06,0.06,178.7,185.0,0.0
1777659066232977873,21547,9.396,1.6,10.496,-0.9,0.1,-0.04,0.0,6.25,5.25,-0.04,0.05,-0.42,0.0,-0.12,0.0,182.82,183.0,0.0
1777659066331272391,21647,9.448,1.8,10.492,-0.9,0.1,-0.1,0.0,6.25,5.25,-0.06,0.02,-0.46,0.06,-0.06,0.0,182.99,183.0,0.0
1777659066433674873,21747,9.364,2.1,10.492,-0.9,-0.02,-0.12,0.0,6.25,5.25,-0.05,0.02,-0.45,-0.06,-0.06,0.0,182.99,184.0,0.0
1777659066531968076,21848,9.428,2.0,10.496,-0.8,0.02,-0.14,0.0,6.25,5.25,-0.06,0.01,-0.44,0.0,0.12,-0.06,187.11,184.0,0.0
1777659066634366891,21948,9.472,1.7,10.492,-0.8,0.25,-0.08,0.0,6.25,5.25,-0.05,0.04,-0.44,0.0,0.06,0.06,182.99,184.0,0.0
1777659066732678613,22048,9.436,1.9,10.496,-0.9,0.2,-0.08,0.0,6.25,5.25,-0.06,0.02,-0.44,0.0,0.06,0.0,182.99,183.0,0.0
1777659066835072817,22148,9.468,2.0,10.488,-0.8,0.23,-0.2,0.0,6.25,5.25,-0.06,0.0,-0.45,0.12,-0.06,0.06,182.99,183.0,0.0
1777659066933368798,22248,9.36,2.0,10.492,-0.7,0.02,-0.18,0.0,6.25,5.25,-0.06,0.02,-0.44,-0.06,0.06,0.0,182.99,183.0,0.0
1777659067031626780,22348,9.436,2.0,10.488,-1.0,0.1,-0.16,0.0,6.25,5.25,-0.06,0.06,-0.43,0.0,0.12,0.06,182.99,184.0,0.0
1777659067134059928,22448,9.684,1.6,9.572,-0.4,0.2,-0.08,0.0,6.25,5.25,-0.05,0.0,-0.43,-0.06,0.12,-0.06,187.11,184.0,0.0
1777659067232369650,22548,10.488,1.7,9.48,-0.2,0.0,-0.06,0.0,6.25,5.25,-0.06,0.05,-0.45,0.06,0.06,0.06,187.11,187.0,0.0
1777659067334830613,22647,10.492,1.6,9.476,-0.2,0.12,-0.1,0.0,6.25,5.25,-0.04,0.02,-0.44,-0.06,0.0,0.06,187.11,186.0,0.0
1777659067433128909,22748,10.48,1.8,9.536,-0.1,0.14,-0.14,0.0,6.25,5.25,-0.05,0.03,-0.43,0.0,0.06,-0.12,182.99,186.0,0.0
1777659067535519353,22849,10.484,1.9,9.52,-0.2,0.23,-0.21,0.0,6.25,5.25,-0.05,0.04,-0.45,0.06,0.06,0.0,187.11,184.0,0.0
1777659067633837001,22948,10.484,1.5,9.48,0.0,0.2,-0.12,0.0,6.25,5.25,-0.05,0.02,-0.44,0.12,-0.06,-0.19,182.99,185.0,0.0
1777659067732079650,23048,10.488,1.6,9.516,-0.1,0.0,-0.25,0.0,6.25,5.25,-0.06,0.02,-0.41,-0.12,-0.06,-0.06,187.11,185.0,0.0
1777659067834476020,23148,10.388,1.9,10.488,-1.0,0.12,-0.1,0.0,6.25,5.25,-0.06,0.0,-0.44,-0.12,0.06,0.0,191.39,184.0,0.0
1777659067932785686,23248,9.156,2.3,10.488,-0.9,0.16,-0.2,0.0,6.25,5.25,-0.05,0.01,-0.45,0.06,0.0,0.0,187.11,184.0,0.0
1777659068035244131,23349,9.288,2.0,10.496,-0.8,0.04,-0.18,0.0,6.25,5.25,-0.05,0.02,-0.43,-0.12,0.06,-0.06,191.39,183.0,0.0
1777659068133519390,23449,9.308,1.8,9.708,-0.5,0.18,-0.27,0.0,6.25,5.25,-0.05,0.04,-0.42,0.0,0.06,-0.12,187.28,184.0,0.0
1777659068231754668,23548,10.48,1.4,9.684,-0.4,0.04,-0.29,0.0,6.25,5.25,-0.05,0.03,-0.42,0.0,0.12,-0.06,190.19,184.0,0.0
1777659068334220723,23648,10.488,1.9,9.644,-0.3,0.14,-0.08,0.0,6.25,5.25,-0.06,0.0,-0.43,-0.06,0.12,-0.12,191.39,186.0,0.0
1777659068442568223,23748,10.48,1.6,10.496,-0.9,0.0,-0.08,0.0,6.25,5.25,-0.05,0.03,-0.43,-0.06,0.06,-0.06,191.39,185.0,0.0
1777659068534916556,23848,9.368,2.1,10.492,-0.8,0.12,-0.14,0.0,6.25,5.25,-0.04,0.02,-0.41,0.06,0.06,-0.12,187.11,185.0,0.0
1777659068637313260,23949,9.42,1.8,9.788,-0.3,0.16,-0.12,0.0,6.25,5.25,-0.05,0.02,-0.45,0.06,-0.12,0.0,187.11,182.0,0.0
1777659068735578630,24050,10.48,1.8,9.52,-0.3,0.1,-0.21,0.0,6.25,5.25,-0.04,0.04,-0.45,0.06,0.06,-0.06,187.11,184.0,0.0
1777659068837973630,24150,10.488,1.7,9.564,-0.9,0.08,-0.18,0.0,6.25,5.25,-0.06,0.01,-0.41,-0.06,0.12,-0.06,187.11,184.0,0.0
1777659068936324445,24251,9.236,2.4,10.492,-0.8,-0.08,-0.08,0.0,6.25,5.25,-0.05,0.04,-0.44,0.06,0.0,0.06,187.28,184.0,0.0
1777659069038717223,24350,9.316,2.1,10.484,-0.5,0.04,-0.08,0.0,6.25,5.25,-0.05,0.02,-0.43,0.0,-0.06,0.0,182.99,184.0,0.0
1777659069137009056,24451,9.268,2.2,10.492,-0.7,0.16,-0.2,0.0,6.25,5.25,-0.07,0.05,-0.41,0.06,-0.06,-0.12,182.99,183.0,0.0
1777659069235272408,24551,9.396,2.1,10.496,-0.9,0.14,-0.04,0.0,6.25,5.25,-0.04,0.01,-0.43,-0.06,0.19,-0.12,178.7,186.0,0.0
1777659069337693334,24650,9.38,2.2,10.496,-0.4,0.23,-0.08,0.0,6.25,5.25,-0.05,0.03,-0.42,-0.06,0.06,0.06,182.99,186.0,0.0
1777659069436019741,24750,10.484,1.5,9.74,-0.2,0.14,0.02,0.0,6.25,5.25,-0.04,0.02,-0.42,0.0,0.06,-0.06,186.08,183.0,0.0
1777659069538392982,24851,10.484,1.6,9.608,-0.3,0.18,-0.21,0.0,6.25,5.25,-0.05,0.01,-0.41,0.0,0.12,0.06,182.99,189.0,0.0
1777659069636705093,24950,10.484,1.9,9.668,-0.5,0.23,-0.14,0.0,6.25,5.25,-0.05,0.04,-0.4,-0.06,0.06,0.06,182.99,189.0,0.0
1777659069739090519,25050,10.484,1.9,9.612,-0.1,0.18,-0.18,0.0,6.25,5.25,-0.07,0.03,-0.42,-0.06,0.06,0.06,182.99,184.0,0.0
1777659069837348445,25151,10.488,1.6,9.628,-0.3,0.08,-0.14,0.0,6.25,5.25,-0.05,0.0,-0.4,-0.06,-0.06,0.06,182.99,185.0,0.0
1777659069939787537,25251,10.488,1.6,9.608,-0.2,0.21,-0.16,0.0,6.25,5.25,-0.04,0.04,-0.43,0.0,0.0,0.06,182.99,185.0,0.0
1777659070038105889,25351,10.48,1.8,9.632,-0.5,0.04,-0.12,0.0,6.25,5.25,-0.06,0.02,-0.41,0.06,-0.06,0.06,182.99,184.0,0.0
1777659070136391778,25451,10.484,1.6,9.612,-0.4,0.12,-0.12,0.0,6.25,5.25,-0.06,0.03,-0.43,0.06,0.0,-0.06,182.99,184.0,0.0
1777659070238822222,25550,10.484,1.8,9.596,-0.2,0.08,-0.16,0.0,6.25,5.25,-0.04,0.04,-0.42,0.06,0.12,0.06,187.11,185.0,0.0
1777659070337154129,25651,9.392,2.0,10.492,-0.8,0.2,-0.04,0.0,6.25,5.25,-0.06,0.03,-0.4,-0.06,0.0,0.0,187.11,189.0,0.0
1777659070439491944,25751,9.388,1.8,10.492,-0.9,0.27,-0.23,0.0,6.25,5.25,-0.05,0.03,-0.41,-0.12,0.19,0.06,182.99,189.0,0.0
1777659070537780796,25850,9.304,1.9,10.492,-0.8,0.12,-0.12,0.0,6.25,5.25,-0.04,0.03,-0.41,0.06,0.06,0.0,187.11,187.0,0.0
1777659070636051129,25950,9.316,1.9,10.492,-1.1,0.14,-0.29,0.0,6.25,5.25,-0.03,0.02,-0.41,0.0,-0.06,0.06,182.99,184.0,0.0
1777659070738459166,26050,9.316,1.9,10.496,-0.8,0.06,-0.02,0.0,6.25,5.25,-0.05,0.02,-0.39,0.06,0.06,-0.06,182.99,184.0,0.0
1777659070836749203,26150,9.42,1.6,9.524,-0.5,0.04,0.0,0.0,6.25,5.25,-0.05,0.03,-0.44,-0.19,0.0,0.0,182.99,186.0,0.0
1777659070939234074,26250,10.488,1.7,9.496,-1.0,0.06,-0.12,0.0,6.25,5.25,-0.05,0.06,-0.43,-0.06,0.12,0.0,181.96,186.0,0.0
1777659071037485055,26350,9.276,2.3,10.492,-0.8,0.14,-0.18,0.0,6.25,5.25,-0.04,0.02,-0.43,0.06,0.12,0.06,187.11,186.0,0.0
1777659071135768388,26449,9.192,2.1,10.504,-1.0,0.08,-0.08,0.0,6.25,5.25,-0.05,0.02,-0.41,0.06,0.12,0.0,182.99,187.0,0.0
1777659071238170333,26550,9.304,2.0,10.492,-1.1,0.16,-0.14,0.0,6.25,5.25,-0.02,0.0,-0.4,-0.06,0.19,0.06,178.7,187.0,0.0
1777659071346519388,26651,9.192,2.3,10.496,-0.9,0.04,-0.16,0.0,6.25,5.25,-0.07,0.04,-0.42,-0.06,-0.06,0.0,182.99,186.0,0.0
1777659071439033184,26750,9.196,2.2,10.496,-1.1,0.18,-0.18,0.0,6.25,5.25,-0.04,0.02,-0.42,0.0,0.0,-0.06,182.99,187.0,0.0
1777659071537149888,26850,10.488,1.6,9.672,-0.1,0.14,-0.08,0.0,6.25,5.25,-0.06,0.03,-0.42,0.06,-0.06,0.0,181.96,187.0,0.0
1777659071639581055,26950,10.496,1.5,10.492,-0.8,0.04,0.0,0.0,6.25,5.25,-0.06,0.02,-0.44,-0.06,0.0,0.06,178.7,184.0,0.0
1777659071737830203,27049,9.508,1.7,10.496,-0.9,0.27,-0.21,0.0,6.25,5.25,-0.06,0.04,-0.46,-0.06,-0.12,0.06,182.99,181.0,0.0
1777659071840235203,27150,9.508,1.8,10.488,-1.0,0.12,-0.14,0.0,6.25,5.25,-0.04,0.02,-0.43,0.06,-0.12,0.12,187.11,181.0,0.0
1777659071938565369,27250,9.436,2.1,9.616,-0.2,0.16,-0.16,0.0,6.25,5.25,-0.05,0.02,-0.43,0.19,0.0,0.12,178.7,184.0,0.0
1777659072036875906,27350,9.392,2.1,10.496,-1.1,0.08,-0.1,0.0,6.25,5.25,-0.07,0.03,-0.41,0.0,-0.06,-0.12,182.99,183.0,0.0
1777659072139279462,27450,9.272,2.0,10.492,-1.1,0.14,-0.2,0.0,6.25,5.25,-0.05,0.01,-0.41,0.06,0.0,0.0,178.7,183.0,0.0
1777659072239533036,27550,9.416,2.2,10.488,-1.0,0.16,-0.08,0.0,6.25,5.25,-0.07,0.03,-0.41,0.0,0.19,-0.06,11981.68,185.0,0.0
1777659072339959443,27651,9.328,2.0,10.5,-1.0,0.06,-0.23,0.0,6.25,5.25,-0.07,0.02,-0.41,0.0,0.0,0.0,182.82,185.0,0.0
1777659072438256943,27751,9.324,2.1,10.496,-0.9,0.04,-0.1,0.0,6.25,5.25,-0.07,0.03,-0.41,-0.06,0.06,0.0,178.7,185.0,0.0
1777659072540657554,27850,9.416,1.7,9.708,-0.5,0.12,-0.16,0.0,6.25,5.25,-0.05,0.01,-0.42,-0.06,0.0,-0.12,181.96,185.0,0.0
1777659072639068795,27951,10.492,1.7,10.488,-0.9,0.0,-0.08,0.0,6.25,5.25,-0.05,0.03,-0.42,0.0,0.0,-0.06,178.7,185.0,0.0
1777659072737210350,28051,9.492,2.0,10.496,-0.9,0.31,-0.14,0.0,6.25,5.25,-0.05,0.01,-0.42,0.0,0.06,-0.06,178.7,185.0,0.0
1777659072839627350,28150,9.44,2.0,10.496,-0.8,0.18,-0.27,0.0,6.25,5.25,-0.03,0.01,-0.45,0.06,-0.06,0.0,178.87,186.0,0.0
1777659072937959035,28250,9.424,1.9,10.496,-0.8,0.06,-0.21,0.0,6.25,5.25,-0.05,0.01,-0.44,-0.06,0.0,-0.12,182.99,186.0,0.0
1777659073040345091,28350,9.388,1.7,10.488,-0.9,0.1,-0.25,0.0,6.25,5.25,-0.04,0.02,-0.4,-0.06,0.06,0.0,182.99,184.0,0.0
1777659073138657609,28449,9.312,2.2,10.488,-0.9,0.04,-0.25,0.0,6.25,5.25,-0.07,0.01,-0.44,-0.06,0.06,0.06,182.99,185.0,0.0
1777659073236941054,28549,9.296,1.9,10.492,-0.8,0.14,-0.02,0.0,6.25,5.25,-0.06,0.02,-0.43,0.06,0.12,-0.06,187.11,185.0,0.0
1777659073339354980,28650,9.388,1.6,10.492,-1.0,0.18,-0.21,0.0,6.25,5.25,-0.05,0.02,-0.41,0.0,0.06,0.06,182.99,188.0,0.0
1777659073437652387,28749,9.352,1.8,10.488,-0.8,0.18,-0.16,0.0,6.25,5.25,-0.04,0.03,-0.41,0.06,0.06,0.0,187.11,188.0,0.0
1777659073540044831,28850,9.448,1.6,9.52,-0.1,0.0,-0.16,0.0,6.25,5.25,-0.06,0.03,-0.43,-0.12,-0.06,-0.12,187.11,186.0,0.0
1777659073638375165,28951,10.48,1.5,9.512,-0.2,0.08,-0.06,0.0,6.25,5.25,-0.05,0.02,-0.43,0.0,0.0,-0.06,187.11,182.0,0.0
1777659073740708146,29050,10.488,1.8,9.464,-0.2,0.08,-0.14,0.0,6.25,5.25,-0.05,0.02,-0.43,0.0,0.06,0.0,187.28,182.0,0.0
1777659073839062831,29150,10.488,1.5,9.472,-0.2,0.2,-0.1,0.0,6.25,5.25,-0.05,0.0,-0.44,0.0,0.06,0.0,182.99,183.0,0.0
1777659073937340257,29250,10.488,1.8,9.548,-0.1,0.16,-0.08,0.0,6.25,5.25,-0.06,0.04,-0.43,-0.06,0.12,0.0,182.82,182.0,0.0
1777659074039747905,29349,10.476,1.4,9.556,-0.2,0.0,-0.1,0.0,6.25,5.25,-0.06,0.03,-0.45,-0.12,-0.19,-0.12,182.82,182.0,0.0
1777659074138010498,29450,10.492,1.7,9.568,-0.2,0.1,-0.16,0.0,6.25,5.25,-0.04,0.04,-0.44,-0.06,0.06,0.0,182.99,183.0,0.0
1777659074240446146,29550,10.488,1.8,9.56,-0.3,0.12,-0.21,0.0,6.25,5.25,-0.04,0.04,-0.43,-0.06,-0.12,-0.06,182.82,181.0,0.0
1777659074338741738,29649,9.196,2.2,10.492,-1.0,0.1,-0.06,0.0,6.25,5.25,-0.06,0.04,-0.42,0.06,-0.12,0.0,187.11,181.0,0.0
1777659074437028831,29749,9.176,2.1,10.496,-0.9,0.1,-0.18,0.0,6.25,5.25,-0.05,0.03,-0.44,0.0,-0.06,0.0,182.99,185.0,0.0
1777659074539440701,29849,9.312,2.2,10.48,-0.8,0.2,-0.2,0.0,6.25,5.25,-0.04,0.02,-0.4,-0.06,-0.06,0.12,187.11,185.0,0.0
1777659074637838608,29948,9.232,2.3,10.496,-0.9,0.02,-0.12,0.0,6.25,5.25,-0.06,0.03,-0.44,0.0,0.12,-0.06,182.99,184.0,0.0
1777659074746122793,30049,9.216,1.8,9.664,-0.3,0.14,-0.08,0.0,6.25,5.25,-0.06,0.04,-0.43,0.0,0.06,-0.06,11985.79,187.0,0.0
1777659074838392608,30149,10.488,1.9,10.488,-0.9,0.18,-0.08,0.0,6.25,5.25,-0.04,0.03,-0.45,-0.06,-0.12,0.06,177.85,187.0,0.0
1777659074936717275,30248,9.332,2.0,10.508,-0.8,0.1,-0.14,0.0,6.25,5.25,-0.03,0.02,-0.43,0.06,-0.12,0.0,174.59,185.0,0.0
1777659075039169182,30348,9.312,1.6,9.504,-0.1,0.12,-0.12,0.0,6.25,5.25,-0.04,0.03,-0.44,0.0,0.12,0.06,178.87,185.0,0.0
1777659075137411201,30449,10.476,1.8,9.496,-0.2,0.16,-0.16,0.0,6.25,5.25,-0.04,0.02,-0.46,0.06,-0.12,0.0,182.99,185.0,0.0
1777659075239875034,30550,10.484,1.7,9.52,-0.4,0.16,-0.12,0.0,6.25,5.25,-0.05,0.0,-0.44,0.0,0.0,-0.12,178.7,181.0,0.0
1777659075338082682,30650,10.488,1.6,10.412,-0.8,0.08,-0.16,0.0,6.25,5.25,-0.05,0.03,-0.44,0.0,0.0,0.06,182.99,181.0,0.0
1777659075440556256,30750,9.192,2.0,10.492,-1.0,0.2,0.04,0.0,6.25,5.25,-0.05,0.03,-0.47,0.0,-0.12,0.0,178.87,183.0,0.0
1777659075542923849,30851,9.292,2.1,10.492,-0.7,0.2,-0.1,0.0,6.25,5.25,-0.04,0.02,-0.42,0.12,0.0,-0.06,182.99,186.0,0.0
1777659075641232478,30951,9.308,2.2,9.692,-0.2,0.27,-0.08,0.0,6.25,5.25,-0.05,0.03,-0.43,0.06,0.06,0.0,182.82,186.0,0.0
1777659075739544034,31051,10.484,1.9,9.7,-1.1,0.14,-0.08,0.0,6.25,5.25,-0.04,0.03,-0.43,0.0,0.12,-0.06,182.99,183.0,0.0
1777659075841950460,31151,9.4,1.7,10.492,-1.2,0.0,-0.18,0.0,6.25,5.25,-0.05,0.03,-0.48,0.0,0.0,0.19,182.99,186.0,0.0
1777659075940216848,31251,9.384,1.7,10.488,-0.7,0.2,-0.08,0.0,6.25,5.25,-0.04,0.01,-0.44,0.0,-0.06,0.0,178.87,186.0,0.0
1777659076042615978,31351,9.384,1.7,10.492,-0.8,0.06,-0.12,0.0,6.25,5.25,-0.05,0.04,-0.46,-0.12,0.06,0.06,178.7,186.0,0.0
1777659076140886404,31452,9.528,1.6,10.488,-0.8,0.12,-0.04,0.0,6.25,5.25,-0.06,0.02,-0.45,-0.19,0.12,0.0,178.87,185.0,0.0
1777659076251253015,31552,9.492,1.6,10.496,-0.7,0.16,-0.23,0.0,6.25,5.25,-0.05,0.02,-0.44,0.06,-0.06,0.06,11985.28,185.0,0.0
1777659076341634570,31652,9.588,1.9,9.56,-0.1,0.27,-0.08,0.0,6.25,5.25,-0.04,0.0,-0.42,-0.06,0.0,0.0,178.7,185.0,0.0
1777659076444023755,31752,10.484,1.7,9.5,-0.2,0.16,-0.16,0.0,6.25,5.25,-0.04,0.04,-0.44,0.0,0.06,-0.06,178.87,186.0,0.0
1777659076542313496,31852,9.444,2.0,10.488,-0.8,0.21,-0.12,0.0,6.25,5.25,-0.05,0.05,-0.41,0.06,0.06,-0.06,178.7,186.0,0.0
1777659076644733274,31952,10.208,1.8,10.492,-0.8,0.08,-0.1,0.0,6.25,5.25,-0.06,0.02,-0.43,0.12,0.12,-0.06,178.7,184.0,0.0
1777659076743039089,32052,9.312,2.0,10.492,-1.1,0.06,-0.02,0.0,6.25,5.25,-0.05,0.05,-0.44,0.0,0.06,0.06,182.99,184.0,0.0
1777659076841273866,32152,9.376,2.0,9.496,-0.2,0.16,-0.16,0.0,6.25,5.25,-0.05,0.0,-0.43,0.0,0.0,0.0,178.87,183.0,0.0
1777659076949668181,32251,10.488,1.7,9.5,0.0,0.04,0.0,0.0,6.25,5.25,-0.06,0.03,-0.43,0.12,0.06,0.06,178.7,186.0,0.0
1777659077042006588,32351,10.484,1.7,9.452,-0.4,0.08,-0.08,0.0,6.25,5.25,-0.06,0.02,-0.42,-0.12,0.06,-0.06,178.87,186.0,0.0
1777659077144407162,32452,10.476,1.8,9.512,0.0,0.1,-0.16,0.0,6.25,5.25,-0.06,0.02,-0.42,0.06,0.06,0.06,178.7,180.0,0.0
1777659077242704459,32552,10.484,1.9,9.524,-0.3,0.12,-0.08,0.0,6.25,5.25,-0.05,0.04,-0.41,0.0,0.0,-0.12,178.7,183.0,0.0
1777659077345156255,32652,10.488,2.0,10.5,-0.9,0.08,-0.18,0.0,6.25,5.25,-0.05,0.03,-0.45,0.0,0.0,-0.06,178.7,183.0,0.0
1777659077443426551,32752,9.212,2.3,9.6,-0.4,0.18,0.02,0.0,6.25,5.25,-0.04,0.0,-0.41,0.0,-0.25,-0.12,178.87,184.0,0.0
1777659077541705773,32851,10.484,1.6,10.496,-0.9,0.16,-0.16,0.0,6.25,5.25,-0.06,0.01,-0.41,-0.06,0.19,0.0,178.7,184.0,0.0
1777659077644105903,32951,9.304,1.8,10.488,-1.0,0.2,-0.12,0.0,6.25,5.25,-0.06,0.03,-0.41,0.06,-0.06,-0.06,178.87,185.0,0.0
1777659077742368218,33052,9.328,1.7,10.488,-0.7,0.14,-0.04,0.0,6.25,5.25,-0.06,0.01,-0.42,-0.06,0.06,-0.19,178.7,184.0,0.0
1777659077844750847,33153,9.292,1.9,10.496,-1.0,0.04,-0.14,0.0,6.25,5.25,-0.06,0.03,-0.43,0.0,0.0,0.0,204.6,184.0,0.0
1777659077943103199,33253,9.284,2.0,9.524,-0.4,0.06,-0.1,0.0,6.25,5.25,-0.05,0.02,-0.42,0.12,0.0,0.0,178.87,186.0,0.0
1777659078041383810,33352,10.488,1.5,9.48,-0.2,0.12,-0.18,0.0,6.25,5.25,-0.04,0.01,-0.41,0.06,-0.12,0.0,178.7,186.0,0.0
1777659078151644180,33452,10.48,1.4,9.508,-0.1,0.1,-0.2,0.0,6.25,5.25,-0.04,0.04,-0.43,0.12,-0.06,-0.06,11981.5,185.0,0.0
1777659078246194569,33552,10.484,1.9,9.476,0.3,0.2,-0.08,0.0,6.25,5.25,-0.04,0.03,-0.42,-0.12,-0.12,0.0,191.91,185.0,0.0
1777659078344485143,33653,10.484,1.7,9.464,-0.1,0.1,-0.12,0.0,6.25,5.25,-0.06,0.04,-0.4,-0.12,-0.12,0.0,191.91,185.0,0.0
1777659078442757328,33753,10.484,1.7,9.512,-0.4,-0.02,-0.08,0.0,6.25,5.25,-0.03,0.02,-0.42,-0.06,-0.12,0.06,200.31,185.0,0.0
1777659078545203365,33853,10.36,1.8,10.488,-1.0,0.14,-0.1,0.0,6.25,5.25,-0.06,0.02,-0.43,-0.06,0.06,0.0,178.87,183.0,0.0
1777659078643476476,33953,9.196,2.0,10.492,-0.8,0.2,-0.16,0.0,6.25,5.25,-0.06,0.03,-0.42,0.0,0.06,0.06,200.31,184.0,0.0
1777659078745852347,34053,9.196,1.5,9.712,-0.4,0.08,-0.16,0.0,6.25,5.25,-0.05,0.03,-0.44,-0.06,-0.12,0.0,199.28,184.0,0.0
1777659078844152328,34153,10.484,1.6,9.648,-0.4,0.21,0.0,0.0,6.25,5.25,-0.05,0.03,-0.43,0.06,-0.06,0.06,178.87,187.0,0.0
1777659078942448939,34253,9.352,1.8,10.492,-1.1,0.21,-0.25,0.0,6.25,5.25,-0.04,0.04,-0.41,-0.06,-0.19,0.0,177.67,187.0,0.0
1777659079044881828,34353,9.424,1.7,10.5,-0.8,0.1,-0.14,0.0,6.25,5.25,-0.07,0.01,-0.42,0.0,0.0,-0.06,174.76,185.0,0.0
1777659079143191420,34453,9.388,1.8,10.5,-1.0,0.14,-0.08,0.0,6.25,5.25,-0.05,0.03,-0.44,0.0,0.06,0.0,200.31,185.0,0.0
1777659079245576624,34552,9.464,1.8,10.488,-0.8,0.04,-0.1,0.0,6.25,5.25,-0.06,0.04,-0.41,-0.06,0.06,0.06,178.7,185.0,0.0
1777659079343837717,34653,9.596,1.8,10.496,-1.0,0.06,-0.12,0.0,6.25,5.25,-0.04,0.03,-0.42,-0.19,-0.06,0.0,178.87,183.0,0.0
1777659079446291550,34754,9.548,1.8,10.488,-0.7,-0.02,-0.18,0.0,6.25,5.25,-0.04,0.04,-0.42,-0.06,0.0,0.0,178.87,184.0,0.0
1777659079544569346,34853,10.476,1.8,9.588,-0.3,0.08,-0.18,0.0,6.25,5.25,-0.06,0.01,-0.41,0.06,-0.06,0.0,200.31,184.0,0.0
1777659079646997198,34953,10.492,1.9,9.636,-0.2,0.02,-0.2,0.0,6.25,5.25,-0.04,0.01,-0.44,0.25,-0.19,0.0,196.2,185.0,0.0
1777659079745240605,35054,10.484,1.6,9.612,-0.5,0.16,-0.1,0.0,6.25,5.25,-0.06,0.03,-0.41,0.0,-0.12,0.12,199.28,185.0,0.0
1777659079853563309,35153,10.488,1.4,9.592,0.0,0.02,-0.18,0.0,6.25,5.25,-0.06,0.04,-0.43,0.0,-0.06,-0.06,200.31,183.0,0.0
1777659079945966550,35254,10.492,1.6,9.564,-0.2,0.12,-0.08,0.0,6.25,5.25,-0.06,0.04,-0.43,-0.19,0.06,0.0,191.91,184.0,0.0
1777659080044236772,35354,10.484,1.6,9.632,-0.4,0.27,-0.21,0.0,6.25,5.25,-0.05,0.04,-0.42,0.06,0.0,0.0,191.91,184.0,0.0
1777659080146665790,35453,10.488,1.8,9.6,-0.4,0.23,-0.18,0.0,6.25,5.25,-0.05,0.02,-0.41,0.06,-0.06,0.06,187.79,184.0,0.0
1777659080255038068,35554,10.484,1.9,9.552,-0.5,0.18,0.0,0.0,6.25,5.25,-0.06,0.03,-0.43,0.0,0.19,0.0,191.91,182.0,0.0
1777659080347364049,35654,10.488,1.7,9.58,-0.3,0.08,-0.16,0.0,6.25,5.25,-0.05,0.02,-0.43,-0.12,-0.06,0.06,187.79,182.0,0.0
1777659080445667920,35753,10.488,1.6,9.664,-0.3,-0.04,-0.18,0.0,6.25,5.25,-0.04,0.05,-0.41,0.0,0.12,0.06,187.79,183.0,0.0
1777659080548058975,35853,10.484,1.6,9.708,-0.3,0.12,-0.06,0.0,6.25,5.25,-0.06,0.01,-0.4,0.0,0.19,-0.12,192.08,185.0,0.0
1777659080646371827,35953,10.376,65.2,9.692,0.1,0.14,1.0,0.0,6.25,5.25,0.39,-0.01,-0.22,0.06,0.19,0.06,11883.41,183.0,0.0
1777659080744595031,36054,9.796,815.3,10.168,-0.8,0.06,6.23,-1.31,3.38,4.63,-0.61,3.24,-3.22,-14.38,3.06,14.56,11810.35,183.0,2.6
1777659080854941345,36154,8.788,0.0,9.34,-0.1,-0.02,3.3,-4.44,2.5,4.56,2.12,1.94,-2.66,0.25,-5.56,35.19,11817.89,171.0,0.0
1777659080947273586,36254,10.092,517.2,10.252,-0.8,0.1,3.22,-8.88,1.37,4.75,-0.49,0.22,-1.17,-0.31,7.19,44.31,11821.32,161.0,0.0
1777659081055764179,36354,8.736,497.0,10.256,-0.5,0.1,3.01,-12.56,0.5,4.75,-0.46,-0.07,-0.31,1.44,-1.0,30.56,11824.58,161.0,0.0
1777659081147967845,36454,10.2,422.7,9.396,-0.6,0.08,3.07,-15.38,0.31,4.56,0.0,-0.17,-1.21,3.88,-1.12,29.31,11824.07,164.0,0.0
1777659081256375327,36554,10.168,550.2,10.276,-1.5,-0.04,4.69,-18.06,-0.12,4.06,-0.22,0.01,0.04,4.63,2.75,26.25,11828.01,164.0,0.0
1777659081346729753,36655,8.62,487.2,10.3,0.8,0.02,3.01,-20.62,-0.37,3.56,0.3,-0.44,-0.22,5.81,2.13,29.0,244.73,175.0,0.0
1777659081449141252,36755,10.128,442.0,9.184,-1.1,-0.02,4.26,-23.62,-0.88,3.0,-0.57,-0.25,-0.22,4.88,5.44,32.94,244.9,175.0,0.9
1777659081547434030,36854,9.224,596.7,9.044,-0.5,0.0,3.69,-26.56,-1.31,2.75,0.45,0.09,-0.43,-0.69,3.5,29.12,242.33,195.0,0.0
1777659081649847623,36954,9.668,508.7,10.252,-0.3,-0.02,3.28,-29.31,-1.81,2.81,-0.14,0.79,-0.26,-0.37,5.56,30.12,208.89,208.0,0.85
1777659081748127234,37055,8.72,552.4,10.26,-0.5,0.06,4.0,-32.25,-2.44,2.88,-0.41,-0.22,-0.23,-1.19,5.56,30.56,11830.41,213.0,0.0
1777659081848435493,37155,8.72,481.4,10.248,-0.3,0.08,4.63,-35.06,-3.19,2.81,-0.8,-0.7,-0.27,-1.25,9.06,27.87,11831.79,213.0,0.0
1777659081956712308,37254,10.068,558.7,10.096,-0.3,-0.02,3.77,-37.5,-3.81,2.88,-0.33,-0.71,0.42,-3.5,8.25,30.69,11834.01,219.0,0.0
1777659082049046585,37354,9.64,581.0,10.244,-1.2,0.0,5.21,-40.5,-4.25,2.94,-0.38,-0.33,-0.59,-3.56,-1.94,33.94,11827.67,216.0,1.68
1777659082145401104,37454,9.62,408.9,10.264,-0.7,0.12,4.0,-43.94,-4.63,2.94,0.2,0.35,-1.49,-5.13,6.06,35.75,229.81,216.0,3.12
1777659082249874382,37554,10.148,486.3,9.244,-0.9,0.25,3.38,-47.06,-5.5,3.13,0.14,0.26,-0.58,-3.81,3.06,28.19,11827.5,209.0,0.0
1777659082358113845,37654,10.18,423.4,10.16,-1.4,0.08,3.05,-49.56,-6.25,3.19,-0.21,-0.18,0.82,-5.38,0.75,21.56,11825.44,198.0,0.0
1777659082448543826,37754,9.44,440.7,10.044,-1.1,0.1,3.75,-51.63,-6.81,3.38,-0.57,-0.6,0.9,-2.06,-0.37,21.75,252.28,198.0,0.0
1777659082558817752,37855,10.172,388.4,9.552,-0.1,0.08,2.97,-54.31,-6.88,3.06,0.0,-0.89,0.48,-0.12,-4.0,33.38,11823.21,186.0,1.44
1777659082649203122,37956,10.16,460.6,9.656,-0.8,0.2,3.5,-57.69,-7.19,2.75,0.07,0.41,-0.03,-3.5,1.56,33.44,11828.87,186.0,0.0
1777659082757724733,38056,10.132,493.3,10.12,-0.6,0.08,3.98,-61.19,-7.88,2.63,-0.42,-0.01,0.22,-2.75,3.69,38.38,11830.24,166.0,0.0
1777659082849950307,38156,9.716,531.2,10.208,-0.7,0.04,3.44,-65.06,-8.5,2.44,-0.11,0.28,-1.68,-4.25,6.81,37.88,212.32,166.0,0.0
1777659082958334196,38256,9.1,486.9,10.208,-0.2,0.18,4.57,-68.44,-8.81,2.31,-0.75,0.21,-0.21,-4.25,-0.12,32.44,177.33,151.0,1.6
1777659083050665659,38356,10.092,467.1,10.136,-1.3,0.08,4.65,-71.56,-8.94,2.25,0.29,-0.66,0.22,-3.31,0.94,32.25,177.16,146.0,0.84
1777659083160933937,38456,9.392,692.7,10.204,0.5,0.1,4.57,-74.25,-9.31,1.94,-0.1,-0.74,-0.83,0.5,0.88,20.81,11836.41,153.0,0.5
1777659083253400288,38556,9.988,528.3,9.184,-0.1,0.21,4.61,-76.12,-9.63,1.44,-0.94,-0.45,0.33,3.44,5.06,18.12,11840.36,153.0,0.0
1777659083361633455,38657,10.048,705.2,9.672,-0.3,0.16,5.02,-77.69,-9.81,0.75,-0.23,0.2,-0.43,2.69,-1.12,17.12,11835.21,158.0,0.0
1777659083454107085,38757,10.056,657.1,10.172,-0.5,-0.02,4.63,-79.5,-9.81,0.37,0.49,0.29,-0.26,-1.5,1.12,18.12,11838.13,158.0,0.0
1777659083552255899,38857,10.084,507.7,9.108,-1.7,0.08,4.26,-81.31,-10.13,0.25,0.34,0.35,-0.63,-2.0,2.31,18.81,11838.3,167.0,0.0
1777659083652743047,38957,8.948,607.4,10.1,-0.8,0.02,3.81,-83.44,-10.5,0.0,0.27,-0.18,-0.02,-1.63,3.19,22.56,11835.9,165.0,0.0
1777659083751095677,39057,9.3,548.3,9.232,-0.7,0.08,4.9,-85.62,-10.88,-0.25,-0.13,-0.11,-0.52,-2.5,3.44,22.0,11836.93,165.0,0.0
1777659083859351066,39157,8.688,648.4,10.212,-0.1,0.08,5.02,-87.94,-11.31,-0.37,0.52,-0.12,1.31,-3.56,4.94,25.62,208.2,173.0,0.0
1777659083951715436,39257,8.992,711.7,10.172,-0.2,0.2,5.33,-90.5,-11.56,-0.44,-0.69,-0.34,-0.58,-5.94,3.0,27.56,193.28,173.0,2.69
1777659084049957306,39358,9.716,524.4,9.012,0.5,0.08,4.34,-93.75,-11.94,-0.56,0.04,-0.34,-0.27,-6.38,3.94,35.25,236.84,180.0,0.79
1777659084154349399,39457,9.988,476.9,10.2,-1.2,0.08,4.65,-96.75,-12.25,-0.63,-0.13,-0.44,-0.45,-5.5,3.94,29.56,11854.25,187.0,0.0
1777659084250720288,39557,10.1,546.1,10.2,1.6,0.18,5.02,-99.5,-12.88,-0.63,-0.34,0.31,-0.14,-3.5,7.13,26.12,192.94,187.0,0.0
1777659084355047880,39657,9.68,562.4,9.08,1.5,0.14,4.12,-101.69,-13.25,-0.75,-0.03,-0.01,0.19,-4.19,5.44,21.56,11865.4,191.0,0.0
1777659084453347714,39757,10.008,581.3,9.868,0.7,0.04,5.14,-103.56,-13.38,-1.06,-0.07,-0.59,-0.27,0.56,0.56,19.94,11868.83,191.0,0.0
1777659084561686251,39857,10.104,514.6,9.012,-0.4,0.08,5.27,-105.56,-13.25,-1.63,-0.64,-0.19,-0.44,0.94,-1.31,22.0,11862.83,197.0,0.85
1777659084652121528,39957,9.06,565.0,10.2,-2.3,0.06,4.63,-108.06,-13.19,-2.31,-0.41,-0.35,-0.4,0.81,2.69,27.62,237.01,197.0,0.0
1777659084756359473,40056,9.64,485.2,10.228,-0.9,0.06,4.04,-110.69,-13.19,-2.81,0.38,-0.09,-0.13,-2.94,2.88,26.94,11874.66,199.0,0.48
1777659084854801380,40157,10.048,418.6,9.16,4.6,0.04,5.21,-113.5,-13.38,-3.31,-0.7,-0.08,0.21,-1.25,3.75,29.25,11881.86,199.0,0.0
1777659084951121750,40257,10.156,507.9,10.236,-5.7,0.0,5.78,-116.06,-13.5,-3.63,-0.6,0.25,0.43,-4.38,4.13,21.69,228.1,199.0,0.0
1777659085053495695,40357,9.968,491.1,10.232,1.7,0.02,5.43,-118.06,-13.69,-3.75,-0.54,0.35,-0.43,-2.88,2.25,17.19,227.92,199.0,0.0
1777659085153701287,40457,10.148,551.8,9.056,0.9,0.23,4.92,-119.81,-13.75,-3.94,-0.51,-0.36,0.47,-1.19,1.5,18.62,11895.93,200.0,0.0
1777659085262122065,40557,10.08,527.6,10.104,-1.3,0.21,4.39,-121.56,-13.88,-4.19,-0.69,-0.04,-0.03,-1.63,-0.56,18.87,11893.52,200.0,0.0
1777659085352490732,40657,9.988,466.7,10.212,-2.5,0.16,5.12,-123.5,-13.88,-4.44,-0.13,-0.04,-0.08,-2.13,1.06,18.56,208.72,200.0,0.0
1777659085454897546,40758,9.156,416.5,10.068,-0.2,0.16,4.67,-125.12,-14.0,-4.69,-0.41,0.41,-0.23,-1.75,1.5,15.19,212.15,201.0,0.0
1777659085553189231,40859,10.144,539.3,9.8,-2.1,0.02,5.14,-126.56,-14.13,-4.88,-0.11,0.04,0.56,-0.94,0.81,14.0,229.12,201.0,0.0
1777659085655608917,40960,8.584,529.5,9.132,1.6,-0.06,5.53,-128.13,-14.13,-5.19,-0.55,-0.54,0.79,-0.75,1.69,16.62,208.03,202.0,0.0
1777659085757972861,41061,10.088,440.8,10.236,4.3,0.21,5.23,-129.81,-14.0,-5.5,-0.17,0.26,-0.26,-2.13,0.63,17.94,205.46,200.0,0.0
1777659085858166157,41160,9.38,577.9,10.208,0.9,0.18,4.55,-131.69,-13.94,-5.75,-0.72,-0.21,0.66,-0.37,1.69,19.69,11893.7,198.0,0.0
1777659085954585583,41260,10.084,499.1,9.148,-1.5,0.1,4.69,-133.69,-13.63,-6.19,-0.37,0.15,0.1,-1.31,-2.31,21.75,227.24,198.0,0.0
1777659086056985583,41360,8.872,444.3,9.672,5.2,-0.02,4.34,-135.75,-13.38,-6.56,-0.37,-0.36,0.42,0.56,-2.63,21.44,251.08,201.0,0.0
1777659086157209898,41459,10.128,437.1,9.26,-6.6,-0.02,4.02,-137.69,-13.13,-7.13,-0.14,-0.21,0.12,1.0,-0.56,17.25,11896.1,207.0,0.0
1777659086255613953,41559,10.12,431.0,10.232,-4.2,0.21,4.28,-139.0,-13.06,-7.44,-0.14,0.0,-0.18,1.81,-0.31,13.44,11896.27,207.0,0.0
1777659086363877212,41659,9.544,402.8,10.212,-6.9,-0.02,4.38,-140.19,-13.06,-7.81,-0.23,0.47,-0.37,-1.88,0.69,12.06,11892.32,213.0,0.0
1777659086454286342,41759,8.48,424.4,10.212,-3.1,0.14,3.96,-141.56,-13.06,-8.0,0.11,0.51,0.64,-3.63,1.25,13.13,229.3,213.0,0.0
1777659086564569823,41859,8.856,0.0,9.736,-1.2,0.08,5.21,-142.88,-13.13,-7.94,-0.11,0.16,0.49,-4.44,2.13,14.25,11887.69,219.0,0.96
1777659086655179749,41959,9.816,486.1,10.16,0.6,0.1,4.45,-144.38,-13.06,-7.94,-0.59,-0.44,0.69,-1.44,-0.44,15.88,11884.09,219.0,0.0
1777659086753229009,42059,9.936,515.7,9.964,-2.1,0.08,5.14,-146.0,-12.69,-8.13,-0.48,-0.28,-0.43,-0.19,0.0,19.62,256.05,219.0,0.0
1777659086857589971,42160,9.812,533.9,10.184,2.7,0.1,4.36,-148.06,-12.19,-8.56,-0.45,0.14,0.05,-1.06,-1.56,23.19,11884.26,222.0,0.48
1777659086959983749,42260,10.096,537.1,8.972,-0.6,0.02,4.16,-150.38,-11.75,-8.88,-0.31,0.46,-0.03,-1.31,-0.81,24.25,11885.29,228.0,0.0
1777659087058424379,42360,10.088,540.2,8.952,4.7,0.04,4.39,-152.56,-11.31,-9.19,-0.23,0.12,0.19,-0.69,-1.25,21.75,11891.81,228.0,0.0
1777659087156565990,42460,10.12,448.2,9.116,4.2,-0.04,4.94,-154.63,-10.94,-9.38,-0.17,0.0,0.09,-3.94,-1.06,20.87,11892.15,229.0,0.0
1777659087258982064,42560,10.152,453.7,9.224,-1.5,-0.04,4.86,-156.69,-10.69,-9.31,-0.33,0.19,0.12,-5.5,0.31,19.81,11894.04,227.0,0.0
1777659087355368230,42660,8.756,381.2,9.5,-0.4,0.08,3.67,-158.56,-10.38,-9.19,-0.4,0.23,-0.15,-4.31,-1.56,18.69,271.14,227.0,0.0
1777659087465696823,42760,10.128,371.4,10.256,-5.1,0.08,3.67,-160.38,-9.94,-9.19,-0.48,0.08,0.19,-4.0,-3.38,20.5,11900.21,224.0,0.0
1777659087557976304,42860,10.076,460.4,9.192,-3.4,0.0,4.3,-162.63,-9.19,-9.13,-0.37,0.0,0.0,-4.69,-5.5,25.44,11897.47,232.0,0.0
1777659087658484489,42960,10.124,446.0,9.184,-2.3,0.08,4.59,-165.13,-8.44,-8.88,-0.08,-0.19,0.42,-8.25,-2.69,25.19,250.9,232.0,0.0
1777659087756726026,43060,10.188,397.7,10.036,-3.1,-0.16,4.59,-167.44,-8.0,-8.31,-0.5,-0.31,0.82,-8.0,1.44,22.81,283.83,232.0,0.0
1777659087867029693,43160,10.136,314.3,10.252,3.4,0.18,4.82,-169.19,-7.75,-8.0,-0.3,0.01,0.03,-2.19,-0.69,19.0,11900.21,238.0,0.48
1777659087959383915,43260,10.092,340.4,10.228,-0.4,0.12,5.02,-171.13,-7.5,-8.0,-0.26,0.49,-0.36,-2.44,-1.25,17.12,11908.96,238.0,0.0
1777659088057676434,43360,8.784,351.3,10.08,-2.2,0.12,4.8,-172.75,-7.25,-8.0,-0.32,0.37,-0.26,-3.19,-0.25,18.94,11902.1,238.0,0.0
1777659088158150656,43460,9.86,333.1,9.244,-1.6,0.18,4.49,-174.63,-7.0,-7.81,0.19,-0.06,-0.4,-6.56,-0.19,19.0,256.74,238.0,0.0
1777659088258382137,43560,10.184,430.8,9.452,4.5,0.0,4.0,-176.31,-6.75,-7.5,-0.34,0.21,-0.65,-3.44,-0.75,16.12,11904.67,229.0,0.0
1777659088358873248,43660,10.18,365.7,9.056,-0.1,-0.06,3.77,-178.0,-6.38,-7.31,-0.51,-0.19,0.57,-4.0,-3.69,17.69,240.1,229.0,0.0
1777659088459064563,43761,9.988,360.5,10.032,-0.3,0.08,4.67,-179.88,-5.94,-7.13,-0.32,0.16,0.5,-4.13,-3.31,21.5,11904.5,220.0,0.0
1777659088559592822,43862,10.156,347.2,10.236,-3.4,0.06,4.79,178.0,-5.44,-6.88,0.17,0.49,-0.53,-5.88,-3.38,22.12,238.38,220.0,0.0
1777659088657871211,43962,8.884,392.9,10.268,-0.7,0.21,3.61,175.88,-5.06,-6.38,-0.11,-0.2,0.79,-6.63,1.12,21.12,240.79,216.0,0.0
1777659088756119507,44061,10.2,372.6,10.26,-4.8,0.16,5.35,173.94,-4.81,-6.06,-0.18,-0.45,-0.28,-3.56,-1.25,17.81,275.09,209.0,0.0
1777659088866452359,44161,10.196,324.8,9.236,0.9,0.18,4.36,172.31,-4.69,-5.94,-0.24,0.23,-0.33,-1.75,2.38,17.69,11919.25,210.0,0.0
1777659088958768563,44261,9.288,396.7,10.244,-2.4,0.02,3.91,170.5,-4.44,-5.81,-0.15,0.01,0.47,-2.0,-0.37,19.25,11912.73,211.0,0.0
1777659089067235229,44361,9.96,400.1,10.16,-0.2,0.02,3.63,168.56,-4.13,-5.75,-0.28,0.7,-0.89,-2.88,-0.75,21.12,11912.05,211.0,0.0
1777659089159460322,44462,9.028,284.4,9.588,-1.0,0.23,3.75,166.56,-3.81,-5.56,-0.35,-0.27,-0.07,-3.19,-1.94,19.87,11913.25,215.0,0.0
1777659089267907729,44562,10.176,292.4,10.272,-1.6,-0.06,4.24,164.75,-3.5,-5.44,-0.33,0.39,0.01,-1.37,-2.0,18.31,11915.65,215.0,0.0
1777659089360180748,44662,9.232,291.7,9.628,2.1,0.12,3.5,162.94,-3.13,-5.38,-0.28,-0.34,0.23,-1.19,-3.88,18.69,11919.59,215.0,0.0
1777659089468631377,44762,8.756,318.2,9.244,2.4,0.0,3.89,161.19,-2.63,-5.38,-0.32,0.01,-0.4,-1.25,-4.06,17.31,11914.62,213.0,0.0
1777659089561020970,44862,10.208,282.8,10.28,-1.6,0.08,4.32,159.5,-2.25,-5.31,-0.2,-0.08,0.93,-1.44,-0.12,16.94,11917.71,213.0,0.0
1777659089661345173,44962,9.108,278.0,9.272,-0.4,0.04,3.59,157.81,-2.06,-5.19,-0.25,-0.27,0.32,-1.69,-0.69,18.5,11916.33,211.0,0.0
1777659089759605062,45062,10.16,303.0,10.276,0.5,0.14,3.42,156.06,-1.88,-5.0,0.22,0.38,-0.1,-4.5,1.56,16.25,204.94,211.0,0.0
1777659089869929414,45163,10.2,304.1,9.296,3.1,0.06,4.43,154.69,-2.06,-4.75,-0.2,-0.25,1.01,-1.19,5.5,13.13,11919.42,206.0,0.0
1777659089962251970,45263,10.176,395.3,10.26,-0.7,0.12,5.29,153.63,-2.31,-4.63,0.01,-0.27,0.39,-1.44,4.19,9.5,11918.22,201.0,0.0
1777659090062721766,45363,10.192,336.5,9.676,-0.2,0.08,4.98,153.0,-2.63,-4.56,-0.29,0.0,-0.13,-0.69,3.56,5.19,210.94,201.0,0.0
1777659090162940099,45463,10.16,290.9,9.132,-0.5,0.04,4.24,152.38,-2.81,-4.56,-0.21,-0.25,0.19,-1.0,1.94,8.69,11908.79,202.0,0.0
1777659090259331192,45563,10.144,314.1,9.112,-4.6,0.12,4.41,151.31,-2.88,-4.5,-0.16,-0.13,0.62,-1.06,0.06,12.5,199.63,202.0,0.0
1777659090369645025,45663,9.816,363.2,10.26,-3.3,0.06,4.73,150.06,-2.81,-4.5,-0.42,-0.19,0.44,-1.12,-2.38,13.75,11912.9,198.0,0.0
1777659090461961932,45763,8.92,380.7,9.076,-2.7,0.02,3.95,148.63,-2.5,-4.5,-0.22,-0.12,0.03,-0.69,-3.31,14.94,11914.62,208.0,0.0
1777659090570345784,45863,10.132,296.8,10.26,0.0,0.12,4.39,147.19,-2.31,-4.5,0.06,-0.08,-0.02,-0.75,1.0,13.56,11919.42,213.0,0.0
1777659090660715580,45963,10.216,345.1,9.204,-1.8,0.2,4.63,146.0,-2.38,-4.44,-0.21,-0.16,0.09,-1.06,1.88,11.25,198.43,213.0,0.0
1777659090759048247,46063,10.188,254.9,10.288,-3.0,0.25,3.52,144.88,-2.31,-4.44,-0.03,-0.28,0.0,-0.31,1.31,10.94,194.48,213.0,0.0
1777659090861418321,46162,10.204,286.7,10.276,-2.4,0.12,3.91,143.88,-2.31,-4.44,0.0,-0.09,-0.01,-0.5,0.56,10.25,209.06,215.0,0.0
1777659090959712488,46262,10.196,315.8,9.256,-0.5,0.06,4.57,142.88,-2.31,-4.44,-0.32,-0.21,0.29,-0.37,1.5,10.0,212.66,219.0,0.84
1777659091062117747,46362,10.22,317.9,10.276,-3.2,0.08,4.1,142.0,-2.44,-4.38,-0.17,-0.34,0.03,0.19,1.88,7.75,213.52,219.0,0.0
1777659091160436987,46462,10.224,294.3,10.312,0.1,0.18,4.16,141.25,-2.56,-4.38,-0.26,-0.24,-0.15,-0.25,1.69,7.69,202.88,215.0,0.0
1777659091262814858,46563,10.22,251.8,9.304,1.3,0.16,3.61,140.88,-2.81,-4.25,-0.14,0.02,-0.14,-1.63,3.69,-0.56,191.91,216.0,0.0
1777659091361164802,46664,10.24,257.1,10.304,-0.3,0.1,3.95,140.88,-3.13,-4.19,-0.3,-0.38,0.29,-0.44,2.44,-0.12,198.43,216.0,0.0
1777659091463537969,46764,10.236,237.4,10.284,-4.0,0.16,3.36,140.88,-3.31,-4.06,0.02,-0.01,0.3,-0.44,1.75,0.44,193.62,212.0,0.0
1777659091561826506,46864,10.228,247.6,9.248,-2.8,0.14,3.75,140.88,-3.38,-4.0,-0.11,0.22,0.16,-1.06,0.75,0.12,195.85,208.0,0.0
1777659091660113691,46963,10.192,265.9,9.148,-2.9,-0.02,4.67,140.69,-3.56,-3.88,-0.08,-0.43,0.38,-1.69,3.38,4.0,194.65,208.0,0.0
1777659091762499135,47063,8.936,348.4,10.116,-2.5,0.18,4.2,140.0,-3.75,-3.69,-0.05,-0.26,0.17,-2.31,2.06,8.19,180.76,209.0,0.0
1777659091860765802,47163,10.212,299.3,10.272,-1.4,0.14,4.45,139.19,-3.88,-3.56,-0.15,-0.43,-0.02,-1.37,0.94,8.19,179.73,204.0,0.0
1777659091959103950,47262,8.896,294.4,9.156,0.1,0.0,3.95,138.38,-3.94,-3.56,-0.09,-0.13,-0.25,-0.81,-0.12,8.94,179.22,204.0,0.0
1777659092061509931,47362,10.2,264.6,10.292,2.3,0.06,4.61,137.5,-4.06,-3.56,-0.09,0.07,0.03,-0.69,-0.25,9.06,180.59,199.0,0.0
1777659092163911098,47463,8.912,256.8,10.3,0.7,0.12,4.43,136.69,-4.0,-3.56,-0.21,-0.17,0.27,-0.5,1.25,8.75,184.19,199.0,0.0
1777659092262188746,47563,10.22,247.4,10.304,-0.4,-0.1,4.28,135.94,-4.06,-3.63,0.06,-0.24,0.18,-0.44,1.37,6.69,174.24,195.0,0.0
1777659092360510079,47663,9.504,271.5,10.292,0.9,0.16,3.95,135.31,-4.13,-3.63,-0.1,0.0,-0.16,-0.63,-0.5,4.56,179.9,192.0,0.0
1777659092462898098,47763,10.204,276.1,9.124,-3.6,0.1,3.83,134.81,-4.25,-3.63,-0.13,0.13,0.01,0.0,3.06,5.25,184.02,192.0,0.0
1777659092561210338,47862,8.908,305.8,10.296,3.2,0.14,4.3,134.38,-4.31,-3.63,-0.31,-0.28,0.28,-0.19,2.44,4.56,182.65,190.0,0.0
1777659092663619042,47963,10.252,233.7,9.564,-4.0,0.02,4.24,133.88,-4.38,-3.56,-0.26,-0.24,0.59,-0.63,0.94,5.0,179.39,189.0,0.0
1777659092761874672,48063,8.792,216.4,9.316,3.1,0.18,3.93,133.5,-4.5,-3.63,-0.32,0.1,0.53,0.44,2.31,5.19,183.5,189.0,0.0
1777659092860155375,48162,10.268,200.0,10.324,-2.8,0.02,3.85,133.06,-4.5,-3.56,-0.15,0.18,-0.68,-1.31,0.75,4.0,190.54,186.0,0.0
1777659092962592820,48262,10.04,224.2,10.308,1.0,0.12,4.04,132.69,-4.63,-3.56,-0.21,-0.49,0.53,-0.19,1.44,3.88,221.24,186.0,0.0
1777659093062806227,48362,10.244,248.8,9.132,0.9,0.04,4.51,132.31,-4.69,-3.5,-0.14,-0.23,-0.1,-0.12,0.06,3.44,11949.78,185.0,0.0
1777659093161108208,48462,10.248,220.5,9.276,-5.1,0.1,4.32,131.94,-4.69,-3.56,-0.22,0.05,-0.37,-0.06,1.31,4.81,11949.26,182.0,0.0
1777659093269534338,48562,10.22,231.1,10.324,-3.9,0.12,4.04,131.44,-4.69,-3.5,0.0,-0.04,-0.2,-0.88,-0.5,4.63,11952.69,180.0,0.0
1777659093359886208,48662,9.748,245.0,10.328,0.8,-0.06,4.43,130.88,-4.75,-3.5,-0.33,-0.17,0.49,-0.88,1.0,6.19,208.72,180.0,0.0
1777659093462290116,48761,10.232,237.6,10.308,3.5,0.1,5.1,130.44,-4.75,-3.44,-0.35,-0.1,-0.41,-1.25,-0.12,4.94,202.54,179.0,0.0
1777659093560605097,48862,10.256,213.8,9.548,-0.7,0.16,4.38,129.94,-4.75,-3.38,0.0,0.3,0.02,-0.81,-0.06,4.44,202.03,179.0,0.0
1777659093662970560,48962,10.2,221.9,9.284,-6.2,0.2,4.06,129.44,-4.75,-3.31,-0.25,0.18,-0.17,-0.69,1.19,5.19,198.6,180.0,0.0
1777659093761277486,49061,10.212,205.1,10.328,-5.1,0.1,5.2,129.0,-4.75,-3.25,-0.05,0.0,-0.03,-1.25,0.63,5.0,189.51,180.0,0.0
1777659093859547690,49161,10.24,225.6,10.328,-3.9,0.1,4.8,128.56,-4.81,-3.13,-0.24,-0.37,-0.15,-1.0,0.63,4.19,184.71,177.0,0.0
1777659093961979615,49261,10.244,228.1,9.044,-3.8,0.16,3.85,128.13,-4.88,-3.06,-0.18,-0.06,0.15,-0.88,0.56,4.06,184.88,174.0,0.0
1777659094060283208,49360,10.256,202.9,10.312,-0.7,0.06,4.2,127.75,-4.94,-2.94,-0.13,0.11,0.09,-0.69,0.94,3.19,184.71,174.0,0.0
1777659094162687893,49461,9.224,204.8,10.332,4.1,-0.02,5.39,127.37,-5.0,-2.88,-0.17,-0.11,0.06,-0.69,0.44,3.5,187.62,175.0,0.0
1777659094260960541,49562,10.26,193.1,9.252,1.1,0.12,5.08,127.0,-5.06,-2.88,-0.18,-0.32,0.3,-0.37,1.37,4.13,195.85,174.0,0.0
1777659094359268504,49661,10.26,192.4,10.108,-1.2,0.1,4.02,126.69,-5.13,-2.81,-0.08,-0.2,0.16,-0.75,1.25,3.81,214.03,174.0,0.0
1777659094463638208,49761,8.9,182.1,10.328,-1.5,-0.06,4.94,126.37,-5.19,-2.81,-0.1,-0.05,0.03,-0.5,0.31,2.94,11965.04,173.0,0.0
1777659094561900059,49861,10.292,222.4,10.328,-2.1,-0.02,4.39,126.0,-5.19,-2.69,-0.07,0.06,0.17,-0.69,0.56,3.69,11965.21,173.0,0.0
1777659094662444671,49961,10.144,193.4,10.344,-3.1,0.18,4.0,125.75,-5.25,-2.69,-0.08,-0.11,0.42,-0.44,0.63,2.81,11965.38,173.0,0.0
1777659094760626245,50061,9.52,186.0,10.352,-5.6,0.12,5.2,125.44,-5.31,-2.69,-0.23,-0.1,0.28,-0.12,2.13,3.25,11967.96,173.0,0.0
1777659094870985633,50161,10.288,176.7,9.58,2.6,0.16,5.23,125.19,-5.31,-2.69,0.0,-0.04,-0.17,-0.37,0.5,2.5,11969.16,173.0,0.0
1777659094961378559,50262,10.248,205.3,9.328,3.6,0.02,4.08,125.0,-5.38,-2.63,-0.16,-0.06,0.26,-0.25,0.44,2.31,212.66,173.0,0.0
1777659095063773022,50362,8.856,171.8,9.064,-3.7,0.14,5.12,124.75,-5.38,-2.69,-0.07,0.05,-0.03,-0.19,0.19,2.38,225.18,171.0,0.0
1777659095163984615,50461,8.908,207.0,9.76,-2.3,0.08,3.95,124.44,-5.44,-2.69,-0.1,-0.35,0.39,-0.25,0.69,3.13,11969.5,171.0,0.0
1777659095262423133,50561,10.276,157.4,9.08,-0.3,0.0,4.49,124.19,-5.44,-2.69,-0.07,-0.07,0.04,0.06,1.25,2.75,11974.64,171.0,0.0
1777659095362760707,50661,10.252,177.3,9.8,-1.5,0.02,4.43,123.94,-5.5,-2.69,0.1,0.03,-0.22,-0.12,0.44,2.56,250.56,175.0,0.0
1777659095461104318,50761,10.28,182.6,10.336,-5.4,0.02,5.23,123.75,-5.56,-2.69,-0.22,-0.24,0.45,-0.19,0.88,2.75,208.03,175.0,0.0
1777659095563456633,50861,9.836,180.0,10.348,-5.0,0.04,5.37,123.56,-5.63,-2.69,-0.23,-1.01,1.26,-0.31,-2.44,-1.06,216.43,174.0,0.0
1777659095661789318,50962,10.228,243.3,9.244,-4.4,0.08,5.88,123.44,-5.63,-2.69,-0.02,-0.47,0.61,-0.19,-1.56,0.5,211.63,176.0,0.0
1777659095764117096,51062,10.264,221.5,10.32,0.6,0.2,5.92,123.37,-5.56,-2.69,-0.28,0.03,0.0,-0.19,0.12,1.56,215.92,176.0,0.0
1777659095862420985,51162,8.936,229.7,10.248,-0.3,0.08,6.0,123.31,-5.63,-2.69,-0.04,-0.3,0.37,-0.19,-2.63,-1.31,229.12,174.0,0.0
1777659095964860133,51263,10.204,223.3,10.124,-6.9,0.02,5.84,123.37,-5.56,-2.69,-0.1,-0.2,0.47,0.06,-0.69,-0.25,232.04,174.0,0.0
1777659096063153762,51362,10.228,229.0,9.096,-0.6,0.18,6.02,123.37,-5.56,-2.69,-0.02,-0.04,-0.14,0.0,0.5,0.19,211.8,173.0,0.0
1777659096165552966,51463,10.212,218.5,10.156,-1.9,0.08,5.9,123.37,-5.63,-2.63,-0.06,-0.12,0.14,-0.12,0.37,0.0,220.72,173.0,0.0
1777659096263863133,51564,10.224,232.4,10.284,-7.8,0.18,6.15,123.37,-5.63,-2.63,-0.05,-0.09,0.08,-0.12,-0.12,-0.06,207.69,173.0,0.0
1777659096362154707,51663,10.032,233.5,9.024,-4.3,-0.02,6.21,123.37,-5.63,-2.63,-0.05,-0.09,0.08,0.06,0.06,0.0,214.89,173.0,0.0
1777659096464552299,51763,10.208,232.6,9.208,-4.7,-0.06,6.21,123.37,-5.63,-2.56,-0.05,-0.09,0.08,-0.06,0.19,-0.06,211.63,174.0,0.0
1777660582092506993,51864,10.22,233.3,10.308,1.5,0.2,6.17,123.37,-5.63,-2.56,-0.05,-0.05,0.09,-0.06,0.06,-0.12,210.6,174.0,0.0
1777660582194931881,51963,10.228,233.9,9.216,1.8,0.14,5.92,123.37,-5.63,-2.56,-0.07,-0.07,0.07,0.0,-0.19,0.0,233.24,174.0,0.0
1777660582293148141,52064,10.216,224.5,9.1,-1.0,0.14,5.96,123.37,-5.63,-2.56,-0.05,-0.08,0.09,0.0,0.12,0.0,226.89,172.0,0.0
1777660582395616770,52164,10.236,218.3,9.24,1.8,0.18,6.11,123.37,-5.63,-2.56,-0.05,-0.07,0.08,0.06,-0.06,0.0,233.24,172.0,0.0
1777660582493924789,52263,10.232,235.4,9.764,0.3,0.12,5.98,123.37,-5.63,-2.56,-0.03,-0.07,0.09,-0.12,0.19,0.06,211.8,174.0,0.0
1777660582596311863,52363,8.856,243.0,9.048,5.3,0.08,6.17,123.37,-5.63,-2.56,-0.04,-0.06,0.08,0.06,0.0,-0.06,211.8,174.0,0.0
1777660582694673548,52463,10.232,217.0,9.236,1.9,0.06,6.21,123.37,-5.63,-2.56,-0.04,-0.07,0.09,0.12,0.0,0.12,211.8,173.0,0.0
1777660582792923881,52562,10.204,236.0,10.292,2.2,0.16,6.13,123.37,-5.63,-2.56,-0.05,-0.07,0.08,0.0,0.19,-0.06,211.63,172.0,0.0
1777660582891178344,52662,10.196,236.0,9.432,-0.4,-0.02,5.84,123.37,-5.63,-2.56,-0.04,-0.07,0.03,0.0,0.12,0.06,215.92,172.0,0.0
1777660582993619251,52762,9.044,225.6,10.312,1.8,0.14,5.8,123.37,-5.63,-2.56,-0.04,-0.08,0.08,-0.12,0.12,0.0,211.63,175.0,0.0
1777660583101977825,52862,10.232,226.2,10.2,-1.9,-0.02,6.09,123.37,-5.63,-2.56,-0.04,-0.09,0.07,0.0,-0.12,0.06,224.84,175.0,0.0
1777660583194331436,52963,10.236,223.8,9.796,-1.1,0.02,5.66,123.37,-5.63,-2.56,-0.06,-0.08,0.08,-0.06,0.12,-0.19,219.52,175.0,0.0
1777660583292551177,53063,9.376,222.5,9.108,3.8,0.1,5.8,123.37,-5.63,-2.56,-0.06,-0.07,0.1,0.0,-0.12,0.0,216.43,173.0,0.0
1777660583395008640,53163,10.208,230.4,10.324,1.1,0.31,6.09,123.37,-5.63,-2.56,-0.04,-0.06,0.06,0.0,0.12,0.06,224.84,173.0,0.0
1777660583497413436,53264,9.812,230.6,9.376,-2.4,-0.04,5.9,123.37,-5.63,-2.56,-0.05,-0.06,0.07,-0.06,0.12,0.0,216.6,173.0,0.0
1777660583595713269,53364,9.276,241.7,9.096,3.5,0.1,6.04,123.37,-5.63,-2.56,-0.05,-0.05,0.1,0.0,0.0,0.06,220.72,173.0,0.0
1777660583693956788,53464,10.244,242.7,9.092,3.2,-0.12,5.84,123.37,-5.63,-2.56,-0.05,-0.06,0.08,0.06,0.12,0.06,212.32,173.0,0.0
1777660583796410806,53564,10.212,234.9,9.824,0.9,0.1,5.94,123.37,-5.63,-2.56,-0.05,-0.11,0.09,0.06,0.12,-0.06,212.32,176.0,0.0
1777660583894703269,53663,10.228,215.8,10.292,4.4,0.14,5.8,123.37,-5.63,-2.56,-0.03,-0.06,0.08,0.19,-0.19,0.06,215.4,175.0,0.0
1777660583997101065,53764,10.228,214.9,9.244,0.2,0.1,5.96,123.37,-5.63,-2.56,-0.06,-0.08,0.07,0.06,-0.06,0.06,216.43,175.0,0.0
1777660584095407473,53864,10.232,222.2,9.228,-0.3,0.14,5.86,123.37,-5.63,-2.56,-0.06,-0.07,0.09,-0.19,-0.12,0.06,216.43,173.0,0.0
1777660584193662565,53963,10.208,236.6,9.44,1.3,0.2,6.05,123.37,-5.63,-2.56,-0.07,-0.07,0.1,-0.12,-0.06,0.0,212.32,174.0,0.0
1777660584296059065,54063,10.232,217.0,10.256,2.9,0.25,6.19,123.37,-5.63,-2.56,-0.04,-0.06,0.08,-0.06,0.12,-0.12,212.32,174.0,0.0
1777660584394401602,54164,10.244,234.2,9.248,-0.2,-0.12,5.92,123.37,-5.63,-2.56,-0.03,-0.08,0.05,0.06,0.0,-0.06,211.29,172.0,0.0
1777660584496798639,54263,10.216,231.3,10.324,-2.8,0.08,5.68,123.37,-5.63,-2.56,-0.04,-0.07,0.08,0.0,-0.06,0.0,212.32,172.0,0.0
1777660584595101713,54363,10.236,229.8,9.104,-5.6,0.27,6.0,123.37,-5.63,-2.56,-0.05,-0.09,0.11,0.06,0.19,0.0,212.32,175.0,0.0
1777660584693372398,54463,10.216,235.5,9.588,-3.0,0.0,6.05,123.37,-5.63,-2.56,-0.04,-0.07,0.1,0.0,0.25,0.0,212.15,175.0,0.0
1777660584801759972,54562,10.2,213.8,10.312,-2.4,0.08,5.94,123.37,-5.63,-2.56,-0.05,-0.11,0.11,-0.06,0.06,0.0,215.4,175.0,0.0
1777660584894101324,54662,10.14,234.8,9.112,-3.3,0.1,6.02,123.37,-5.63,-2.56,-0.04,-0.08,0.1,0.12,0.06,0.0,212.15,173.0,0.0
1777660584992386287,54762,10.244,233.1,10.328,1.4,-0.04,5.76,123.37,-5.63,-2.56,-0.05,-0.09,0.08,0.0,0.06,-0.06,216.43,175.0,0.0
1777660585094793917,54862,10.22,239.0,9.432,-0.9,0.08,5.86,123.37,-5.63,-2.56,-0.05,-0.08,0.08,0.0,-0.25,-0.06,219.69,175.0,0.0
1777660585193089213,54962,10.216,231.9,9.284,-2.1,0.2,6.09,123.37,-5.63,-2.56,-0.05,-0.08,0.09,0.0,0.0,-0.06,212.15,174.0,0.0
1777660585295500861,55062,10.228,233.2,10.296,-5.1,0.08,5.76,123.37,-5.63,-2.56,-0.04,-0.09,0.12,0.06,0.0,0.06,220.72,173.0,0.0
1777660585393745324,55161,10.224,221.1,10.308,-2.4,-0.14,5.64,123.37,-5.63,-2.56,-0.04,-0.06,0.08,-0.06,0.0,0.0,220.72,173.0,0.0
1777660585492065342,55261,10.228,238.0,10.224,-2.5,0.02,5.72,123.37,-5.63,-2.56,-0.05,-0.09,0.06,-0.06,0.19,0.06,228.95,174.0,0.0
1777660585594480565,55361,10.236,228.3,9.148,-1.7,0.02,6.04,123.37,-5.63,-2.56,-0.04,-0.06,0.06,0.0,-0.12,0.0,227.92,173.0,0.0
1777660585692782620,55461,10.236,230.7,9.12,0.6,0.14,5.84,123.37,-5.63,-2.56,-0.05,-0.09,0.06,0.0,0.06,0.06,224.84,173.0,0.0
1777660585795171379,55561,10.224,216.9,9.288,1.9,0.02,5.76,123.37,-5.63,-2.56,-0.04,-0.08,0.06,-0.12,0.0,0.06,224.84,175.0,0.0
1777660585893487768,55662,10.22,218.9,9.56,-5.7,-0.04,5.96,123.37,-5.63,-2.56,-0.05,-0.05,0.07,0.06,0.06,-0.06,223.81,175.0,0.0
1777660586001841083,55761,9.7,212.7,10.312,-1.0,0.08,6.02,123.37,-5.63,-2.56,-0.06,-0.09,0.11,0.0,0.12,-0.06,233.24,176.0,0.0
1777660586094178657,55861,10.216,227.5,10.3,-2.2,0.29,5.82,123.37,-5.63,-2.56,-0.03,-0.08,0.08,0.06,0.0,0.06,224.84,174.0,0.0
1777660586196586120,55962,10.248,218.6,9.3,-2.0,0.06,5.96,123.37,-5.63,-2.56,-0.05,-0.07,0.09,-0.06,-0.06,0.0,232.21,174.0,0.0
1777660586294832249,56061,9.012,220.1,9.18,-1.6,0.16,5.9,123.37,-5.63,-2.56,-0.04,-0.05,0.08,0.12,-0.12,-0.06,232.21,173.0,0.0
1777660586393157934,56161,10.22,231.7,9.408,0.6,0.04,6.04,123.37,-5.63,-2.56,-0.05,-0.07,0.09,0.06,0.0,0.0,211.63,173.0,0.0
1777660586501534101,56261,10.228,227.4,10.276,-5.3,0.08,6.0,123.37,-5.63,-2.56,-0.04,-0.07,0.06,0.0,0.06,0.0,228.95,173.0,0.0
1777660586593874453,56360,10.216,219.3,9.352,5.1,0.08,5.45,123.37,-5.63,-2.56,-0.03,-0.09,0.06,0.06,0.06,0.06,219.52,176.0,0.0
1777660586692145897,56460,10.22,232.4,10.28,5.0,0.18,5.76,123.37,-5.63,-2.56,-0.05,-0.06,0.08,-0.19,-0.06,-0.12,220.72,176.0,0.0
1777660586794567193,56560,10.236,225.5,10.048,-2.1,0.23,6.02,123.37,-5.63,-2.56,-0.05,-0.08,0.07,-0.06,-0.12,0.0,224.84,175.0,0.0
1777660586892897471,56659,10.244,214.8,10.116,-0.4,0.0,5.72,123.37,-5.63,-2.56,-0.04,-0.05,0.05,0.0,-0.12,0.12,224.84,174.0,0.0
1777660586991160453,56759,10.236,230.5,10.136,0.0,0.02,5.8,123.37,-5.63,-2.56,-0.06,-0.07,0.05,0.0,0.0,-0.06,224.84,174.0,0.0
1777660587093566545,56859,9.612,225.2,9.608,-0.5,0.2,5.9,123.37,-5.63,-2.56,-0.05,-0.09,0.08,-0.06,-0.25,0.0,220.72,171.0,0.0
1777660587191866323,56960,10.212,212.5,10.164,-1.5,0.12,5.66,123.37,-5.63,-2.56,-0.04,-0.08,0.11,0.12,-0.06,0.06,223.81,172.0,0.0
1777660587294327952,57060,10.22,227.0,10.228,0.5,0.06,5.72,123.37,-5.63,-2.56,-0.05,-0.09,0.06,0.0,-0.06,0.12,224.84,172.0,0.0
1777660587392536360,57160,9.88,241.2,9.24,-4.1,0.12,5.9,123.37,-5.63,-2.56,-0.02,-0.07,0.07,0.0,-0.06,0.12,220.72,174.0,0.0
1777660587494963545,57261,9.804,227.8,10.324,1.4,0.18,6.05,123.37,-5.63,-2.56,-0.04,-0.08,0.1,0.12,-0.12,0.12,224.84,174.0,0.0
1777660587593228230,57361,10.244,212.7,9.328,-2.0,0.1,5.74,123.37,-5.63,-2.56,-0.05,-0.07,0.08,-0.12,0.06,0.06,228.1,174.0,0.0
1777660587695663378,57461,9.496,214.8,9.104,-0.3,0.2,5.94,123.37,-5.63,-2.56,-0.06,-0.09,0.08,0.0,-0.06,-0.06,220.72,175.0,0.0
1777660587793920359,57562,10.14,234.7,9.132,-8.2,-0.1,5.72,123.37,-5.63,-2.56,-0.04,-0.06,0.09,-0.12,0.19,-0.06,228.1,173.0,0.0
1777660587896415730,57662,10.24,222.2,10.32,0.7,0.0,5.66,123.37,-5.63,-2.56,-0.05,-0.06,0.06,-0.12,0.06,0.0,227.92,173.0,0.0
1777660587994668489,57762,10.22,211.8,9.356,1.8,0.18,5.94,123.37,-5.63,-2.56,-0.05,-0.08,0.06,0.0,-0.06,0.0,219.52,173.0,0.0
1777660588097053433,57862,10.244,211.0,9.92,-7.8,0.08,5.94,123.37,-5.63,-2.56,-0.04,-0.07,0.08,0.12,-0.06,0.12,233.24,173.0,0.0
1777660588195348193,57962,10.252,222.9,10.284,-2.6,0.1,5.9,123.37,-5.63,-2.56,-0.06,-0.07,0.07,0.0,0.19,-0.06,224.84,173.0,0.0
1777660588297703100,58062,10.22,231.1,9.288,-1.5,0.06,5.96,123.37,-5.63,-2.56,-0.03,-0.07,0.06,0.06,0.19,-0.12,219.52,174.0,0.0
1777660588396014970,58162,10.236,214.9,9.248,0.6,-0.12,5.74,123.37,-5.63,-2.56,-0.04,-0.07,0.06,0.06,-0.12,0.0,233.24,174.0,0.0
1777660588498501989,58263,10.232,211.5,9.26,3.0,-0.04,5.7,123.37,-5.63,-2.56,-0.05,-0.08,0.06,-0.06,-0.06,0.0,228.95,175.0,0.0
1777660588596749340,58363,10.212,225.7,9.26,-1.8,0.04,5.92,123.37,-5.63,-2.56,-0.05,-0.09,0.08,0.06,-0.06,-0.06,215.92,172.0,0.0
1777660588699139137,58463,10.156,229.5,10.308,0.7,-0.06,5.72,123.37,-5.63,-2.56,-0.05,-0.1,0.07,0.06,0.06,0.0,227.92,172.0,0.0
1777660588797438581,58563,10.244,225.2,9.632,3.8,0.1,5.96,123.37,-5.63,-2.56,-0.05,-0.07,0.05,-0.12,-0.06,0.12,232.21,171.0,0.0
1777660588895743026,58662,10.224,221.3,9.184,0.6,0.21,5.78,123.37,-5.63,-2.56,-0.06,-0.08,0.05,-0.06,0.12,-0.06,232.04,171.0,0.0
1777660588998147229,58762,10.244,217.0,10.32,1.9,0.25,5.98,123.37,-5.63,-2.56,-0.04,-0.09,0.06,0.06,0.0,0.06,240.44,174.0,0.0
1777660589096444914,58862,10.224,235.3,9.256,-2.6,0.14,5.74,123.37,-5.63,-2.56,-0.03,-0.08,0.08,0.0,0.12,0.06,215.92,175.0,0.0
1777660589194733377,58961,10.252,221.2,10.24,-0.6,0.04,5.68,123.37,-5.63,-2.56,-0.03,-0.06,0.08,0.06,0.12,-0.19,211.63,175.0,0.0
1777660589297095173,59062,9.628,218.1,9.696,-5.8,0.23,5.96,123.37,-5.63,-2.56,-0.04,-0.06,0.03,-0.06,-0.12,0.06,210.6,173.0,0.0
1777660589395400896,59162,10.256,232.1,9.24,-0.7,0.29,5.96,123.37,-5.63,-2.56,-0.04,-0.09,0.07,-0.06,-0.06,0.12,211.63,173.0,0.0
1777660589493717358,59261,9.172,213.6,9.496,-4.9,0.02,5.76,123.37,-5.63,-2.56,-0.05,-0.08,0.07,-0.06,-0.06,0.06,210.6,173.0,0.0
1777660589596146655,59361,10.216,209.0,10.096,-5.8,-0.1,5.49,123.37,-5.63,-2.56,-0.05,-0.09,0.07,-0.12,0.0,-0.19,211.8,174.0,0.0
1777660589694420451,59461,10.244,216.1,9.304,-1.1,0.08,5.63,123.37,-5.63,-2.56,-0.06,-0.06,0.06,0.06,0.0,-0.06,211.8,176.0,0.0
1777660589796835395,59561,10.248,234.8,9.216,-2.7,0.06,6.02,123.37,-5.63,-2.56,-0.06,-0.08,0.1,-0.06,0.06,0.0,211.8,176.0,0.0
1777660589895103321,59662,10.232,216.9,10.312,-2.5,0.21,5.86,123.37,-5.63,-2.56,-0.05,-0.09,0.07,0.0,0.0,-0.12,211.8,174.0,0.0
1777660589997528821,59762,10.244,228.4,10.236,6.1,-0.06,5.64,123.37,-5.63,-2.56,-0.04,-0.11,0.05,0.06,0.0,0.06,223.12,174.0,0.0
1777660590095806395,59862,10.204,213.2,9.28,-2.4,0.12,5.66,123.37,-5.63,-2.56,-0.05,-0.09,0.04,0.06,0.0,-0.06,211.63,172.0,0.0
1777660590198207006,59962,9.632,211.3,9.056,5.2,0.06,5.64,123.37,-5.63,-2.56,-0.05,-0.08,0.07,0.0,-0.12,0.0,211.63,174.0,0.0
1777660590296504617,60062,10.212,215.1,9.24,3.0,0.16,5.64,123.37,-5.63,-2.56,-0.04,-0.08,0.07,0.06,-0.19,-0.12,211.63,174.0,0.0
1777660590398912599,60162,10.232,228.8,9.084,4.1,0.0,5.61,123.37,-5.63,-2.56,-0.05,-0.07,0.07,0.06,0.0,0.0,211.63,171.0,0.0
1777660590497224506,60263,10.256,211.5,9.028,-5.4,0.06,5.57,123.37,-5.63,-2.56,-0.05,-0.1,0.07,0.12,-0.12,-0.06,211.63,173.0,0.0
1777660590599612265,60363,10.224,222.8,9.928,-0.1,0.04,5.76,123.37,-5.63,-2.56,-0.05,-0.07,0.09,-0.06,0.0,0.0,210.6,173.0,0.0
1777660590697927469,60463,10.228,216.1,9.016,1.0,0.12,5.63,123.37,-5.63,-2.56,-0.07,-0.09,0.07,-0.06,0.12,0.0,211.63,173.0,0.0
1777660590800315654,60564,10.224,227.2,9.012,-1.2,-0.06,5.78,123.37,-5.63,-2.56,-0.05,-0.07,0.07,0.0,0.0,-0.12,211.46,173.0,0.0
1777660590898607543,60663,10.232,212.2,10.288,-8.1,0.08,5.66,123.37,-5.63,-2.56,-0.05,-0.07,0.09,0.06,-0.06,0.06,207.34,173.0,0.0
1777660591001004765,60764,10.228,224.3,9.036,-2.5,0.02,5.66,123.37,-5.63,-2.56,-0.04,-0.08,0.1,0.19,0.06,-0.06,236.33,176.0,0.0
1777660591099317006,60864,10.204,219.8,9.244,0.1,0.08,5.59,123.37,-5.63,-2.56,-0.05,-0.07,0.08,-0.06,-0.12,0.0,233.24,176.0,0.0
1777660591197629783,60963,10.244,216.0,10.072,2.4,0.0,5.45,123.37,-5.63,-2.56,-0.05,-0.06,0.05,0.0,-0.06,0.0,240.44,175.0,0.0
1777660591299969654,61063,9.184,266.2,9.528,6.2,0.23,6.64,123.37,-5.63,-2.56,-0.05,-0.1,0.08,-0.06,0.06,0.0,211.63,174.0,0.0
1777660591398300691,61163,9.656,239.6,10.3,-2.3,0.18,6.23,123.31,-5.63,-2.56,-0.17,-0.32,0.73,0.19,0.88,0.56,215.75,174.0,0.0
1777660591500704357,61263,10.236,241.8,9.224,3.1,0.02,5.9,123.31,-5.63,-2.56,-0.06,-0.15,0.57,0.31,1.25,0.37,211.8,173.0,0.0
1777660591599002246,61363,10.236,223.8,10.316,-2.7,0.18,6.23,123.31,-5.63,-2.56,-0.02,-0.01,-0.07,0.06,-0.56,-0.19,211.63,175.0,0.0
1777660591697269135,61464,10.236,238.7,10.3,-6.9,0.1,6.27,123.31,-5.63,-2.56,-0.06,-0.08,0.14,0.06,0.12,0.06,211.63,175.0,0.0
1777660591799704172,61563,10.116,155.4,10.332,3.7,-0.02,5.27,123.31,-5.63,-2.56,-0.09,0.27,0.05,0.06,0.25,0.12,224.32,173.0,0.0
1777660591897986561,61663,10.224,222.5,10.308,3.1,-0.02,5.86,123.25,-5.56,-2.63,-0.31,-0.48,1.07,0.56,3.31,1.56,211.63,173.0,0.0
1777660592002311468,61764,8.948,218.4,10.328,-1.4,0.16,4.65,123.25,-5.56,-2.63,-0.1,-0.32,0.22,0.12,1.56,2.25,11981.33,175.0,0.0
1777660592100623061,61864,9.936,234.8,9.524,6.1,-0.04,5.74,123.12,-5.63,-2.56,-0.26,-0.38,0.42,0.19,0.12,1.31,11981.68,175.0,0.0
1777660592201139172,61964,8.82,200.1,10.328,-3.0,0.12,5.9,123.06,-5.63,-2.56,-0.15,0.38,-0.36,0.06,0.69,2.0,11982.02,175.0,0.0
1777660592305300153,62064,10.296,169.5,10.332,4.5,0.12,4.45,123.0,-5.63,-2.56,0.12,0.2,-0.45,-0.19,-0.63,-0.37,11979.62,174.0,0.0
1777660592409765264,62164,10.284,181.7,10.336,1.4,0.18,5.49,122.94,-5.63,-2.63,-0.1,0.24,0.27,0.37,1.44,0.25,11982.53,174.0,0.0
1777660592502012394,62264,9.756,212.6,9.864,1.1,0.0,4.71,122.81,-5.63,-2.63,-0.08,-0.08,-0.28,-0.31,-1.06,-0.44,11984.08,175.0,0.0
1777660592604502894,62364,10.264,227.0,10.32,-1.7,0.04,5.8,122.81,-5.63,-2.63,-0.07,-0.14,0.03,0.0,0.12,0.06,11985.11,175.0,0.0
1777660592702708449,62465,10.252,229.6,10.328,-2.2,-0.1,5.74,122.81,-5.63,-2.63,-0.05,-0.08,0.15,0.19,0.0,0.12,11985.62,177.0,0.0
1777660592805104042,62565,10.264,224.0,10.244,-1.9,0.18,5.96,122.81,-5.63,-2.56,-0.05,-0.07,0.04,0.0,-0.12,-0.06,11985.11,174.0,0.0
1777660592903444005,62665,10.2,218.3,9.216,-2.6,0.0,6.0,122.81,-5.63,-2.56,-0.05,-0.08,0.12,0.06,0.12,0.0,11985.28,174.0,0.0
1777660593005845764,62766,10.244,241.2,9.08,-0.3,0.08,6.02,122.81,-5.63,-2.56,-0.04,-0.06,0.12,0.06,-0.12,0.0,11985.45,175.0,0.0
1777660593104125042,62866,10.212,235.3,10.324,-1.2,0.12,6.15,122.81,-5.63,-2.56,-0.05,-0.09,0.08,0.12,-0.12,0.0,11983.39,175.0,0.0
1777660593204587578,62966,9.46,233.6,9.724,-8.2,0.08,6.04,122.81,-5.69,-2.5,-0.06,-0.06,0.08,0.12,-0.12,0.0,11985.28,175.0,0.0
1777660593302858430,63066,10.24,235.1,10.296,-6.9,0.04,6.05,122.81,-5.69,-2.5,-0.04,-0.07,0.05,0.06,-0.12,0.0,11973.79,174.0,0.0
1777660593411256375,63166,10.112,220.6,9.904,-2.9,0.04,4.49,122.69,-5.69,-2.5,0.28,0.38,-1.22,-0.63,-2.19,0.06,210.6,174.0,0.0
1777660593503592134,63266,10.276,211.0,9.124,0.7,0.2,5.25,122.56,-5.69,-2.5,-0.24,0.03,-0.01,0.06,-1.69,0.56,227.24,174.0,0.0
1777660593601865263,63366,9.54,187.0,9.628,6.1,0.02,5.55,122.44,-5.69,-2.56,-0.1,0.21,-0.3,0.63,0.06,0.75,223.12,174.0,0.0
1777660593704272300,63466,10.264,161.1,9.216,4.2,-0.02,4.49,122.37,-5.69,-2.56,-0.07,0.24,-0.36,-0.19,-1.56,-1.06,214.72,175.0,0.0
1777660593802567745,63566,10.216,191.6,10.312,-2.2,0.02,4.2,122.31,-5.69,-2.56,0.04,-0.53,0.36,0.12,0.31,1.06,210.43,175.0,0.0
1777660593912928171,63666,8.956,165.8,9.244,-3.9,0.16,4.43,122.12,-5.69,-2.56,-0.24,-0.14,0.62,0.12,0.75,1.88,11978.59,177.0,0.0
1777660594011138430,63766,9.232,171.9,10.344,4.5,0.23,4.49,122.06,-5.75,-2.56,0.0,-0.24,0.14,0.5,1.63,1.19,11979.45,177.0,0.0
1777660594103491319,63866,9.236,187.0,9.952,3.6,0.14,5.66,121.94,-5.69,-2.56,-0.14,0.0,-0.01,0.0,-3.25,-1.0,11978.25,177.0,0.0
1777660594211891300,63966,10.096,185.9,10.096,-1.2,-0.1,3.98,121.87,-5.75,-2.56,0.05,-0.07,-0.37,0.37,0.31,1.06,11975.16,175.0,0.0
1777660594304260096,64066,10.28,162.9,9.344,1.0,0.08,4.24,121.69,-5.75,-2.56,-0.2,0.41,-0.28,0.19,1.06,1.69,11975.33,175.0,0.0
1777660594404681596,64166,9.784,185.1,10.032,3.9,0.16,3.98,121.62,-5.75,-2.63,-0.06,0.11,-0.55,0.56,0.88,0.75,11974.13,175.0,0.0
1777660594502929948,64266,8.992,171.8,10.34,1.1,0.08,4.2,121.44,-5.75,-2.63,-0.29,-0.01,0.53,0.56,0.44,1.12,11973.96,174.0,0.0
1777660594601223707,64366,9.02,157.9,10.028,2.3,0.12,5.31,121.31,-5.75,-2.63,-0.1,-0.63,1.34,-0.19,-1.06,0.56,202.88,174.0,0.0
1777660594703659726,64465,10.2,179.2,9.252,-7.0,0.16,4.71,121.19,-5.75,-2.63,-0.19,0.63,-0.3,-0.06,-1.44,-0.12,203.91,174.0,0.0
1777660594801952189,64565,9.588,160.4,10.336,-0.9,-0.08,4.63,121.12,-5.75,-2.63,-0.3,0.21,-0.12,0.25,0.81,0.75,199.63,174.0,0.0
1777660594904416244,64666,10.044,199.9,10.332,-6.1,0.04,5.59,121.12,-5.75,-2.63,0.0,-0.03,0.0,0.0,-0.63,-0.12,194.31,175.0,0.0
1777660595002662874,64765,10.188,204.8,10.332,1.9,0.08,5.63,121.06,-5.75,-2.63,0.0,-0.03,-0.21,-0.06,-0.37,-0.06,195.51,175.0,0.0
1777660595100917874,64865,10.288,170.7,9.552,-1.6,0.04,5.55,121.06,-5.81,-2.63,-0.05,-0.36,0.55,0.12,1.25,1.94,199.8,174.0,0.0
1777660595203383337,64965,8.772,187.0,9.844,-4.5,-0.02,5.63,121.0,-5.81,-2.63,-0.09,-0.13,0.31,0.12,-0.19,0.25,199.8,176.0,0.0
1777660595301614003,65064,10.224,202.6,10.328,-2.2,0.12,5.78,121.0,-5.81,-2.63,-0.02,-0.06,-0.04,0.0,-0.44,0.0,195.51,176.0,0.0
1777660595404043040,65164,10.24,180.5,9.376,-0.8,-0.08,5.14,121.0,-5.81,-2.63,-0.03,-0.01,0.12,-0.06,-1.06,0.31,194.48,179.0,0.0
1777660595502356336,65265,9.604,191.5,10.32,-6.6,0.14,4.18,120.94,-5.81,-2.56,-0.17,-0.27,0.66,-0.06,0.69,1.69,203.91,179.0,0.0
1777660595600623114,65364,10.304,161.0,10.344,5.3,-0.04,5.25,120.81,-5.81,-2.56,-0.19,0.32,0.6,-0.06,-3.56,-1.25,203.57,177.0,0.0
1777660595703051577,65465,9.328,148.2,9.908,-5.9,0.21,4.14,120.75,-5.81,-2.56,0.17,-0.37,-0.67,0.12,1.37,2.75,207.69,177.0,0.0
1777660595801346781,65565,9.324,158.1,10.348,-2.2,0.02,3.98,120.62,-5.81,-2.56,0.0,-0.29,0.2,0.06,0.12,0.12,207.17,177.0,0.0
1777660595903744984,65665,9.364,191.5,9.116,6.0,-0.1,5.7,120.62,-5.81,-2.56,0.03,-0.08,-0.27,-0.12,-0.94,-0.81,216.6,178.0,0.0
1777660596002046429,65766,10.204,181.7,9.032,4.2,0.02,5.55,120.62,-5.81,-2.56,-0.01,-0.09,-0.14,0.19,0.75,-0.06,216.43,177.0,0.0
1777660596104435632,65865,10.188,184.4,9.248,-1.4,0.29,5.51,120.62,-5.81,-2.56,-0.03,-0.1,0.1,0.0,0.0,0.12,211.12,177.0,0.0
1777660596202746540,65965,10.2,193.2,10.328,0.8,0.1,5.66,120.62,-5.81,-2.56,-0.01,-0.04,0.02,-0.06,0.0,0.0,216.43,175.0,0.0
1777660596305100188,66066,10.24,197.3,10.228,-2.9,0.23,5.72,120.62,-5.81,-2.56,-0.04,-0.08,0.09,0.06,-0.06,-0.06,216.43,179.0,0.0
1777660596403430336,66165,9.012,194.1,10.316,-2.0,-0.06,5.43,120.62,-5.88,-2.56,-0.04,-0.07,0.06,0.06,0.0,0.0,220.72,179.0,0.0
1777660596505840817,66266,10.232,183.5,10.34,-7.5,0.0,5.45,120.62,-5.88,-2.5,-0.03,-0.03,0.09,-0.06,0.06,0.0,203.4,176.0,0.0
1777660596604142873,66367,8.728,188.4,9.348,-2.9,0.06,5.35,120.62,-5.88,-2.5,-0.04,-0.05,0.07,0.0,-0.25,0.0,203.23,176.0,0.0
1777660596712517447,66466,9.32,183.7,9.032,4.9,0.06,5.68,120.62,-5.88,-2.5,-0.02,-0.06,0.09,0.19,-0.12,0.0,207.52,175.0,0.0
1777660596804834336,66566,9.944,195.2,10.3,-3.3,0.1,5.74,120.62,-5.88,-2.5,-0.03,-0.05,0.08,0.06,0.12,0.06,195.0,177.0,0.0
1777660596903116743,66666,10.208,187.4,10.328,0.0,0.12,5.55,120.62,-5.88,-2.5,-0.04,-0.05,0.09,0.12,-0.06,0.0,216.43,177.0,0.0
1777660597005524928,66766,9.248,201.8,9.832,4.6,0.16,5.66,120.62,-5.88,-2.5,-0.02,-0.05,0.08,-0.06,0.06,0.0,203.4,176.0,0.0
1777660597103784576,66867,8.94,185.3,10.328,-7.0,0.06,5.37,120.62,-5.88,-2.5,-0.02,-0.06,0.09,0.0,0.0,0.0,215.4,177.0,0.0
1777660597206237706,66967,9.192,187.1,9.316,2.2,0.1,5.63,120.62,-5.88,-2.5,-0.04,-0.05,0.08,-0.06,0.0,-0.12,212.15,177.0,0.0
1777660597304517020,67066,10.224,179.9,10.312,-7.4,0.08,5.63,120.62,-5.88,-2.5,-0.05,-0.03,0.07,-0.06,-0.06,0.0,216.43,177.0,0.0
1777660597406890502,67167,10.204,191.9,10.32,1.6,0.0,5.29,120.62,-5.88,-2.5,-0.05,-0.04,0.08,0.06,-0.06,0.0,198.08,177.0,0.0
1777660597505223298,67268,10.216,185.6,9.036,3.0,0.0,5.47,120.62,-5.88,-2.5,-0.04,-0.04,0.09,0.0,0.19,-0.06,198.6,177.0,0.0
1777660597607621724,67367,10.236,195.8,9.328,-2.3,0.08,5.55,120.62,-5.88,-2.5,-0.04,-0.04,0.11,-0.06,0.19,0.06,198.08,177.0,0.0
1777660597705924094,67467,10.14,186.2,10.308,-2.9,0.04,5.53,120.62,-5.88,-2.5,-0.06,-0.04,0.08,-0.06,0.0,0.0,212.32,177.0,0.0
1777660597808314465,67568,10.184,194.8,10.316,4.6,0.16,5.74,120.62,-5.88,-2.5,-0.02,-0.05,0.09,0.0,0.06,0.0,215.75,174.0,0.0
1777660597906614631,67668,9.196,190.0,9.532,-3.9,-0.08,5.49,120.62,-5.88,-2.5,-0.04,-0.04,0.08,0.0,-0.12,-0.06,216.43,177.0,0.0
1777660598009012668,67768,10.196,180.0,10.32,-6.3,0.08,5.66,120.62,-5.88,-2.5,-0.03,-0.03,0.07,-0.06,0.12,-0.06,215.4,177.0,0.0
1777660598107311261,67868,9.008,1.9,10.42,-0.9,0.04,0.64,120.62,-5.88,-2.5,-0.42,-0.18,-0.02,0.12,-0.12,0.0,198.08,177.0,0.0
1777660598209727650,67969,8.98,2.0,10.412,-1.0,0.06,-0.21,120.62,-5.88,-2.5,0.0,0.02,-0.18,0.19,-0.44,-0.25,199.11,179.0,0.0
1777660598307968890,68069,8.944,2.0,10.424,-0.9,-0.02,-0.14,120.62,-5.88,-2.44,-0.03,-0.03,0.08,0.06,-0.12,0.06,199.11,179.0,0.0
1777660598410387131,68169,8.984,2.3,10.432,-1.1,0.2,-0.14,120.62,-5.88,-2.44,-0.02,-0.04,0.09,-0.19,-0.31,-0.06,195.0,177.0,0.0
1777660598508708298,68270,9.024,1.8,10.424,-0.8,0.1,-0.02,120.62,-5.88,-2.44,-0.03,-0.04,0.05,0.06,0.0,-0.12,193.97,175.0,0.0
1777660598611107835,68370,8.836,2.3,10.416,-0.8,0.14,0.04,120.62,-5.88,-2.44,-0.04,-0.04,0.08,0.0,0.0,0.06,199.11,175.0,0.0
1777660598709404483,68470,8.816,2.3,10.428,-0.6,-0.02,-0.1,120.62,-5.88,-2.44,-0.04,-0.03,0.08,-0.12,0.06,0.0,199.11,178.0,0.0
1777660598811802834,68571,8.84,2.1,10.416,-0.9,0.16,-0.14,120.62,-5.88,-2.44,-0.01,-0.04,0.09,0.0,0.0,-0.06,199.11,178.0,0.0
1777660598910094723,68672,8.748,2.1,10.424,-0.7,0.12,0.02,120.62,-5.88,-2.44,-0.02,-0.02,0.08,-0.06,0.0,0.0,202.2,175.0,0.0
1777660599018599408,68771,8.748,2.6,10.428,-0.9,-0.08,0.02,120.62,-5.88,-2.44,-0.02,-0.03,0.07,-0.12,-0.12,0.0,202.2,180.0,0.0
1777660599110796816,68871,8.844,2.4,10.428,-0.9,0.1,-0.06,120.62,-5.88,-2.44,-0.03,-0.04,0.07,0.0,-0.12,-0.12,203.4,180.0,0.0
1777660599213197093,68972,8.752,2.4,10.44,-1.0,0.08,-0.08,120.62,-5.88,-2.44,-0.04,-0.06,0.09,-0.19,0.0,0.0,195.0,176.0,0.0
1777660599311476334,69071,8.808,2.3,10.42,-1.0,0.14,-0.06,120.62,-5.88,-2.44,-0.03,-0.04,0.02,0.0,0.0,0.0,199.11,175.0,0.0
1777660599413860593,69172,8.748,2.1,10.428,-0.9,0.02,0.04,120.62,-5.88,-2.44,-0.03,-0.04,0.06,-0.12,0.12,0.06,203.4,175.0,0.0
1777660599512197890,69272,8.832,2.3,10.44,-0.9,0.14,-0.12,120.62,-5.88,-2.44,-0.02,-0.05,0.07,-0.06,0.19,0.06,203.4,176.0,0.0
1777660599610490686,69371,8.76,2.3,10.432,-0.8,0.18,-0.02,120.62,-5.88,-2.44,-0.04,-0.04,0.06,0.06,-0.06,0.0,199.11,179.0,0.0
1777660599712908723,69472,8.752,2.6,10.428,-1.0,0.12,-0.02,120.62,-5.88,-2.44,-0.03,-0.03,0.09,0.06,0.12,-0.06,195.0,179.0,0.0
1777660599811190315,69572,8.836,2.2,10.436,-1.0,0.21,-0.1,120.62,-5.88,-2.44,-0.03,-0.05,0.03,-0.06,0.0,0.0,198.08,177.0,0.0
1777660599913593112,69672,8.8,2.2,10.428,-0.9,0.14,-0.12,120.62,-5.88,-2.44,-0.02,-0.02,0.05,-0.12,0.0,0.06,198.08,177.0,0.0
1777660600011894926,69772,8.756,2.4,10.432,-0.9,0.08,-0.04,120.62,-5.88,-2.44,-0.04,-0.05,0.07,0.0,0.06,-0.06,199.11,177.0,0.0
1777660600114288334,69872,8.756,2.3,10.428,-0.9,0.2,0.0,120.62,-5.88,-2.44,-0.03,-0.05,0.04,-0.06,0.0,-0.12,199.11,175.0,0.0
1777660600212552852,69972,8.752,2.2,10.436,-0.7,0.16,0.0,120.62,-5.88,-2.44,-0.03,-0.03,0.07,0.0,0.06,-0.06,199.11,175.0,0.0
1777660600314967445,70073,8.836,2.2,10.432,-0.8,0.1,-0.06,120.62,-5.88,-2.44,-0.03,-0.04,0.07,0.06,0.06,0.0,195.0,177.0,0.0
1777660600413279204,70173,8.756,2.5,10.436,-0.8,0.18,-0.21,120.62,-5.88,-2.44,-0.03,-0.04,0.05,-0.06,0.0,-0.06,199.11,175.0,0.0
1777660600515690889,70273,8.772,2.4,10.432,-1.0,0.08,0.06,120.62,-5.88,-2.44,0.0,-0.04,0.1,-0.12,0.06,-0.06,199.28,175.0,0.0
1777660600613982204,70374,8.796,2.4,10.432,-1.1,0.16,-0.06,120.62,-5.88,-2.44,-0.04,-0.05,0.04,-0.06,-0.12,0.06,198.08,178.0,0.0
1777660600716372796,70474,8.744,2.2,10.436,-0.8,0.08,-0.06,120.62,-5.88,-2.44,-0.02,-0.01,0.05,0.06,0.12,0.0,199.11,176.0,0.0
1777660600814678074,70574,8.764,2.3,10.432,-0.8,0.12,-0.02,120.62,-5.88,-2.44,-0.04,-0.04,0.08,-0.06,-0.06,-0.06,202.37,176.0,0.0
1777660600912974278,70674,8.84,2.3,10.44,-0.9,0.16,0.0,120.62,-5.88,-2.44,-0.03,-0.03,0.08,0.06,-0.12,0.0,202.37,177.0,0.0
1777660601015382481,70773,8.756,2.3,10.44,-0.6,0.1,-0.16,120.62,-5.88,-2.44,-0.03,-0.04,0.09,-0.06,-0.06,0.0,199.11,177.0,0.0
1777660601113685518,70874,8.844,2.3,10.436,-0.8,0.21,0.08,120.62,-5.88,-2.44,-0.04,-0.03,0.09,-0.06,0.0,-0.12,199.11,176.0,0.0
1777660601216066370,70974,8.804,2.2,10.444,-0.9,0.06,-0.04,120.62,-5.88,-2.44,-0.02,-0.02,0.06,0.06,-0.12,0.0,198.08,179.0,0.0
1777660601314333426,71074,8.76,2.2,10.436,-0.8,0.2,-0.08,120.62,-5.88,-2.44,-0.03,-0.03,0.08,-0.06,0.0,0.0,199.11,179.0,0.0
1777660601416742907,71174,8.836,2.0,9.312,-0.3,0.21,-0.16,120.62,-5.88,-2.44,-0.03,-0.04,0.06,0.0,-0.06,0.0,193.97,178.0,0.0
1777660601515064481,71274,10.436,1.6,10.436,-0.8,0.04,-0.12,120.62,-5.88,-2.44,-0.02,-0.03,0.04,0.0,0.06,-0.06,199.28,179.0,0.0
1777660601613373870,71373,8.96,1.9,10.428,-0.5,0.06,0.08,120.62,-5.88,-2.44,-0.02,-0.06,0.08,0.0,0.0,-0.06,194.82,179.0,0.0
1777660601715769444,71473,10.428,2.3,10.44,-0.8,0.16,-0.18,120.62,-5.88,-2.44,-0.02,-0.03,0.08,0.0,0.12,0.0,199.11,176.0,0.0
1777660601814060518,71573,8.812,2.5,10.436,-0.9,0.18,-0.18,120.62,-5.88,-2.44,-0.03,-0.03,0.08,-0.06,0.0,-0.06,199.11,175.0,0.0
1777660601912415758,71672,8.844,2.3,10.436,-0.7,0.16,-0.04,120.62,-5.88,-2.44,-0.01,-0.02,0.1,0.0,-0.12,0.0,199.28,175.0,0.0
1777660602014760944,71772,8.848,2.3,10.444,-0.9,0.02,-0.04,120.62,-5.88,-2.44,-0.02,-0.04,0.06,0.0,0.0,0.06,195.0,172.0,0.0
1777660602113071610,71872,8.816,2.5,10.436,-0.8,0.06,-0.02,120.62,-5.88,-2.44,-0.03,-0.01,0.08,0.0,-0.06,-0.06,203.4,172.0,0.0
1777660602211363240,71971,8.86,2.3,10.432,-0.9,0.18,0.0,120.62,-5.88,-2.44,-0.03,-0.04,0.09,-0.06,0.06,-0.06,203.4,176.0,0.0
1777660602313751184,72071,8.808,2.4,10.444,-0.8,0.0,0.08,120.62,-5.88,-2.44,-0.02,-0.02,0.07,-0.12,-0.06,-0.06,203.4,174.0,0.0
1777660602412019629,72172,8.772,2.4,10.44,-1.0,0.12,0.0,120.62,-5.88,-2.44,-0.02,-0.05,0.08,0.0,0.0,0.06,199.11,174.0,0.0
1777660602514511628,72271,8.832,2.4,10.444,-1.0,0.12,0.04,120.62,-5.88,-2.44,-0.02,-0.02,0.07,0.12,0.0,0.06,199.11,181.0,0.0
1777660602612685758,72372,8.772,2.4,10.44,-1.1,0.06,-0.06,120.62,-5.88,-2.44,-0.03,-0.03,0.08,0.0,-0.06,-0.06,199.11,174.0,0.0
1777660602715186332,72473,8.788,1.7,9.372,-0.4,0.12,-0.02,120.62,-5.88,-2.44,-0.05,-0.03,0.08,0.12,-0.12,0.12,199.11,174.0,0.0
1777660602813454128,72572,10.432,1.7,9.328,-0.4,0.08,0.0,120.62,-5.88,-2.44,-0.04,-0.04,0.09,-0.06,-0.19,0.0,199.11,176.0,0.0
1777660602915848813,72672,10.436,1.8,9.324,-0.2,0.18,-0.02,120.62,-5.88,-2.44,-0.03,-0.01,0.12,0.0,-0.12,0.0,199.28,172.0,0.0
1777660603014153702,72773,10.436,1.8,9.328,-0.3,0.1,-0.06,120.62,-5.88,-2.44,-0.02,-0.02,0.09,0.0,-0.06,0.12,199.11,172.0,0.0
1777660603112403591,72872,10.432,1.7,9.38,-0.2,0.04,-0.06,120.62,-5.88,-2.44,-0.03,-0.04,0.08,0.0,0.0,0.06,199.11,178.0,0.0
1777660603214857573,72972,10.436,1.6,9.376,-0.5,0.04,0.0,120.62,-5.88,-2.44,-0.02,-0.03,0.04,0.0,0.06,0.12,199.11,178.0,0.0
1777660603313143887,73072,10.428,1.7,9.34,-0.3,0.12,-0.04,120.62,-5.88,-2.44,-0.02,-0.02,0.11,0.06,-0.06,0.06,199.28,175.0,0.0
1777660603421452498,73171,9.072,2.0,10.436,-1.0,0.14,-0.14,120.62,-5.88,-2.44,-0.03,-0.05,0.09,-0.06,0.06,-0.06,199.11,177.0,0.0
1777660603513836480,73272,8.96,2.1,10.448,-1.0,0.14,-0.02,120.62,-5.88,-2.44,-0.02,-0.05,0.08,0.06,-0.06,0.0,199.11,177.0,0.0
1777660603616241165,73372,8.964,1.9,10.444,-0.8,0.1,0.02,120.62,-5.88,-2.44,-0.02,-0.02,0.07,-0.12,0.12,-0.12,199.11,177.0,0.0
1777660603714550146,73473,8.968,1.9,10.44,-0.8,0.0,-0.18,120.62,-5.88,-2.44,-0.02,-0.03,0.08,0.0,0.0,0.0,195.0,173.0,0.0
1777660603816969980,73573,9.036,1.8,10.448,-0.8,0.25,-0.08,120.62,-5.88,-2.44,-0.03,-0.02,0.12,0.0,0.06,0.0,199.11,173.0,0.0
1777660603915234350,73673,8.98,2.2,10.448,-1.0,0.18,0.0,120.62,-5.88,-2.44,-0.01,-0.04,0.1,0.06,-0.12,0.0,216.43,173.0,0.0
1777660604017619776,73774,9.044,2.0,9.14,-0.3,0.21,-0.08,120.62,-5.88,-2.44,-0.02,-0.02,0.08,0.0,0.06,-0.06,214.38,177.0,0.0
1777660604115941831,73874,10.44,1.6,9.192,-0.1,0.1,-0.06,120.62,-5.88,-2.44,-0.02,-0.04,0.06,-0.06,0.25,0.0,216.6,177.0,0.0
1777660604218335220,73974,8.772,2.5,10.444,-0.8,0.18,-0.02,120.62,-5.88,-2.44,-0.03,-0.05,0.1,0.0,0.0,0.0,216.43,173.0,0.0
1777660604316601683,74074,8.768,2.3,10.444,-0.8,0.1,-0.12,120.62,-5.88,-2.44,-0.01,-0.03,0.11,-0.06,0.06,0.06,203.23,173.0,0.0
1777660604414900090,74174,8.76,2.3,10.44,-0.9,0.08,0.0,120.62,-5.88,-2.44,-0.03,-0.05,0.1,0.0,0.19,0.06,199.11,176.0,0.0
1777660604517321424,74273,8.76,2.3,10.448,-1.1,0.04,0.02,120.62,-5.88,-2.44,-0.03,-0.02,0.08,0.06,0.06,0.0,195.0,175.0,0.0
1777660604615635849,74373,8.844,2.5,10.44,-1.0,-0.02,-0.08,120.62,-5.88,-2.44,-0.03,-0.04,0.08,0.06,-0.12,0.12,199.11,175.0,0.0
1777660604713924701,74473,8.772,2.4,10.448,-1.0,0.12,-0.06,120.62,-5.88,-2.44,-0.01,-0.02,0.08,0.0,0.0,0.0,199.11,178.0,0.0
1777660604816337349,74572,8.792,2.4,10.452,-1.0,0.02,-0.08,120.62,-5.88,-2.44,-0.03,-0.03,0.07,0.19,0.06,0.0,203.4,173.0,0.0
1777660604914628312,74672,8.844,2.4,10.444,-0.8,0.21,-0.02,120.62,-5.88,-2.44,-0.03,-0.03,0.09,0.12,-0.06,0.0,203.4,173.0,0.0
1777660605012916386,74772,8.764,2.4,10.452,-0.9,0.12,0.08,120.62,-5.88,-2.44,-0.04,-0.03,0.08,0.12,-0.25,-0.06,199.11,176.0,0.0
1777660605115307868,74871,8.816,2.2,10.46,-0.8,0.14,-0.12,120.62,-5.88,-2.44,-0.03,-0.03,0.08,-0.12,0.12,-0.12,199.28,176.0,0.0
1777660605213631257,74971,8.844,2.3,10.436,-0.7,0.0,-0.08,120.62,-5.88,-2.44,-0.04,-0.04,0.09,0.0,0.0,-0.06,199.28,176.0,0.0
1777660605311856979,75071,8.76,2.3,10.448,-1.1,0.18,-0.1,120.62,-5.88,-2.44,-0.03,-0.03,0.09,0.0,0.12,-0.06,199.11,178.0,0.0
1777660605414286312,75170,8.856,2.2,10.452,-0.8,0.1,-0.12,120.62,-5.88,-2.44,-0.02,-0.04,0.09,0.06,0.0,-0.12,195.0,178.0,0.0
1777660605512615497,75270,8.788,2.1,10.464,-1.0,0.02,-0.04,120.62,-5.88,-2.44,0.0,-0.04,0.08,0.0,0.12,0.0,199.28,175.0,0.0
1777660605620974034,75370,8.832,2.2,10.452,-0.9,0.06,-0.04,120.62,-5.88,-2.44,-0.04,-0.04,0.1,-0.06,-0.19,0.0,199.28,179.0,0.0
1777660605713317312,75469,8.844,2.3,9.312,-0.1,0.08,0.14,120.62,-5.88,-2.44,-0.02,-0.02,0.06,-0.06,0.0,0.0,199.11,179.0,0.0
1777660605811578182,75569,10.44,1.7,9.328,-0.3,0.2,-0.04,120.62,-5.88,-2.44,-0.01,-0.04,0.08,-0.06,-0.19,-0.12,199.11,174.0,0.0
1777660605914015886,75670,10.436,1.6,10.452,-1.0,0.12,-0.04,120.62,-5.88,-2.44,-0.03,-0.04,0.09,0.06,-0.06,-0.06,203.4,179.0,0.0
1777660606012281386,75770,8.964,2.1,9.14,0.0,0.1,0.02,120.62,-5.88,-2.44,-0.04,-0.03,0.09,0.06,0.0,0.0,202.37,179.0,0.0
1777660606114716534,75870,10.44,1.7,9.2,-0.1,0.1,-0.12,120.62,-5.88,-2.44,-0.02,-0.06,0.08,-0.06,0.06,0.06,203.4,175.0,0.0
1777660606212998497,75971,10.44,1.8,9.192,0.2,0.06,-0.08,120.62,-5.88,-2.44,-0.03,-0.03,0.1,0.0,0.12,-0.12,195.0,175.0,0.0
1777660606315385404,76071,10.436,1.7,9.208,0.0,0.12,0.02,120.62,-5.88,-2.44,-0.03,-0.05,0.09,0.0,-0.06,0.0,199.11,180.0,0.0
1777660606413637163,76171,10.44,1.9,10.44,-0.9,0.1,-0.06,120.62,-5.88,-2.44,-0.03,-0.03,0.08,-0.06,-0.19,0.06,199.11,175.0,0.0
1777660606516104867,76272,8.88,2.4,10.448,-1.1,0.06,-0.04,120.62,-5.88,-2.44,-0.02,-0.01,0.09,0.06,0.12,0.0,203.4,175.0,0.0
1777660606614399182,76371,8.836,2.3,10.448,-0.7,0.18,-0.06,120.62,-5.88,-2.44,-0.02,-0.02,0.07,-0.12,-0.12,0.0,199.11,178.0,0.0
1777660606716786404,76471,8.848,2.3,10.448,-0.9,0.06,-0.04,120.62,-5.88,-2.44,-0.04,-0.05,0.08,-0.06,0.06,0.06,199.11,176.0,0.0
1777660606815107181,76571,8.764,2.2,10.456,-0.9,-0.02,0.1,120.62,-5.88,-2.44,-0.02,-0.05,0.08,-0.19,0.06,0.06,195.0,176.0,0.0
1777660606917459385,76672,8.844,2.3,10.456,-1.0,0.21,0.0,120.62,-5.88,-2.44,-0.04,-0.01,0.09,0.0,0.19,-0.06,198.08,176.0,0.0
1777660607015800552,76772,8.84,2.2,10.456,-0.9,0.1,0.06,120.62,-5.88,-2.44,-0.01,-0.05,0.07,-0.12,-0.12,0.0,199.28,177.0,0.0
1777660607114151237,76871,8.848,2.4,10.452,-1.1,0.1,-0.04,120.62,-5.88,-2.44,0.0,-0.03,0.07,0.06,-0.19,-0.19,199.11,177.0,0.0
1777660607216498848,76971,8.772,2.3,10.452,-1.2,0.14,-0.1,120.62,-5.88,-2.44,-0.04,-0.02,0.07,0.06,0.0,0.0,195.0,176.0,0.0
1777660607314758274,77071,8.776,2.3,10.452,-0.9,0.12,-0.02,120.62,-5.88,-2.44,-0.02,-0.06,0.07,-0.06,-0.06,0.06,198.08,175.0,0.0
1777660607413086774,77170,8.768,1.7,9.324,-0.3,0.2,-0.08,120.62,-5.88,-2.44,-0.03,-0.03,0.09,0.0,-0.06,0.0,203.4,175.0,0.0
1777660607515479607,77270,10.44,1.5,9.384,-0.5,0.12,0.0,120.62,-5.88,-2.44,-0.04,-0.01,0.08,0.0,-0.19,0.06,203.23,178.0,0.0
1777660607617890885,77371,10.44,1.6,10.456,-1.1,0.16,0.0,120.62,-5.88,-2.44,-0.01,-0.02,0.06,0.0,0.0,-0.06,199.11,178.0,0.0
1777660607716245588,77471,8.968,2.0,10.46,-1.0,0.06,-0.1,120.62,-5.88,-2.44,-0.03,-0.04,0.08,0.0,0.12,0.0,199.11,177.0,0.0
1777660607818551496,77572,8.968,2.2,10.456,-0.7,-0.12,-0.04,120.62,-5.88,-2.44,-0.04,-0.05,0.06,0.06,-0.06,-0.06,199.11,178.0,0.0
1777660607916917033,77673,10.356,76.4,10.3,-3.8,0.04,2.89,120.62,-5.88,-2.44,-0.04,-0.11,-0.01,-0.06,-0.37,0.06,194.82,178.0,0.0
1777660608015128922,77772,8.912,68.2,10.024,-2.8,0.1,3.18,120.62,-5.88,-2.44,-0.06,0.0,0.0,-0.06,0.12,0.12,199.11,177.0,0.0
1777660608117571051,77873,9.744,65.3,10.392,-1.3,0.06,2.79,120.62,-5.88,-2.44,0.0,-0.02,0.0,0.0,-0.25,-0.12,198.77,176.0,0.0
1777660608219978458,77974,9.308,67.0,9.852,-2.3,0.16,2.89,120.62,-5.88,-2.44,-0.05,-0.06,0.13,0.0,0.0,0.06,199.11,176.0,0.0
1777660608318289440,78074,10.436,69.0,10.42,1.9,0.23,2.89,120.62,-5.88,-2.44,-0.04,-0.07,0.08,0.0,-0.06,-0.06,199.11,178.0,0.0
1777660608420681847,78174,10.188,72.0,9.488,-0.3,0.02,3.16,120.62,-5.88,-2.44,-0.02,-0.04,0.07,-0.12,0.06,0.0,195.0,178.0,0.0
1777660608518989403,78275,10.36,71.9,9.488,-2.7,0.12,3.32,120.62,-5.88,-2.44,-0.02,-0.03,0.06,-0.06,0.0,0.0,199.11,180.0,0.0
1777660608621375884,78375,10.348,78.6,9.836,-3.6,0.02,3.18,120.62,-5.88,-2.44,-0.03,-0.04,0.08,0.06,-0.06,0.0,198.08,177.0,0.0
1777660608719669162,78475,10.352,71.7,10.42,0.9,0.06,3.18,120.62,-5.88,-2.44,-0.03,-0.06,0.06,-0.06,0.06,0.0,216.6,177.0,0.0
1777660608817967051,78575,10.348,72.2,10.396,-0.9,0.12,3.44,120.62,-5.88,-2.44,-0.01,-0.02,0.05,0.06,-0.06,0.0,198.08,177.0,0.0
1777660608920429365,78674,10.344,75.9,9.364,-2.3,0.12,3.14,120.62,-5.88,-2.44,-0.03,-0.03,0.1,-0.06,0.0,0.0,199.11,178.0,0.0
1777660609022800662,78775,10.364,68.8,10.408,-0.6,0.06,3.32,120.62,-5.88,-2.44,-0.02,-0.05,0.07,0.0,0.0,0.0,199.11,178.0,0.0
1777660609121072550,78876,10.336,76.1,9.34,-2.4,0.1,3.22,120.62,-5.88,-2.44,-0.02,-0.04,0.07,0.19,-0.12,0.0,199.11,177.0,0.0
1777660609223458106,78977,10.356,70.6,10.396,-3.8,0.12,3.11,120.62,-5.88,-2.44,-0.02,-0.04,0.06,0.0,0.0,0.06,199.11,178.0,0.0
1777660609321741458,79077,10.36,67.7,10.412,-1.1,0.14,3.16,120.62,-5.88,-2.44,-0.03,-0.04,0.07,-0.12,0.06,-0.06,212.32,178.0,0.0
1777660609424123773,79178,9.892,74.1,10.388,-1.3,0.2,3.26,120.62,-5.88,-2.44,-0.03,-0.05,0.05,-0.06,-0.12,0.0,220.72,177.0,0.0
1777660609522506754,79278,10.34,71.7,10.428,0.3,0.04,3.03,120.62,-5.88,-2.44,-0.03,-0.01,0.06,-0.12,0.06,0.0,212.32,177.0,0.0
1777660609624862606,79379,10.34,75.5,10.416,-0.3,0.0,2.99,120.62,-5.88,-2.44,-0.03,-0.04,0.07,-0.12,0.19,-0.06,199.11,177.0,0.0
1777660609727249235,79480,10.344,125.5,10.392,0.0,0.02,4.18,120.62,-5.88,-2.44,0.39,-0.35,0.73,0.25,0.19,0.06,198.08,176.0,0.0
1777660609825550476,79581,10.32,131.1,10.396,-1.5,0.12,3.81,120.62,-5.94,-2.44,-0.03,0.39,0.0,-0.19,1.25,2.31,203.23,176.0,0.0
1777660609927950031,79682,10.3,164.8,10.376,3.9,0.06,4.53,120.44,-5.94,-2.44,0.01,0.19,-0.41,-0.75,-0.56,3.0,203.4,176.0,0.0
1777660610026251513,79781,9.1,178.8,10.36,-5.4,0.21,4.61,120.19,-5.94,-2.5,-0.1,0.06,-0.16,-0.44,-1.19,4.06,198.6,177.0,0.0
1777660610128752365,79881,10.288,207.7,10.352,-4.4,0.04,4.06,119.69,-5.94,-2.56,-0.3,-0.17,0.15,-0.19,1.25,5.81,189.51,177.0,0.0
1777660610226903772,79981,10.272,246.6,9.336,1.1,0.1,4.28,119.12,-5.88,-2.56,0.17,0.06,0.21,-0.37,0.63,6.0,184.02,179.0,0.0
1777660610325242568,80080,8.896,291.1,10.296,-2.6,0.08,4.51,118.5,-5.88,-2.56,-0.09,-0.1,-0.21,-1.06,-0.69,7.44,189.51,178.0,0.0
1777660610435587624,80180,8.984,342.7,10.228,2.5,0.02,4.43,117.81,-5.75,-2.63,-0.24,0.03,0.63,0.19,-1.31,8.25,11943.26,178.0,0.0
1777660610525959902,80280,10.216,316.8,10.324,0.9,0.39,4.34,116.87,-5.56,-2.75,-0.04,-0.55,0.34,0.44,-0.69,10.0,192.08,178.0,0.0
1777660610626176050,80379,10.244,236.0,10.312,1.1,0.08,4.43,116.0,-5.44,-2.75,-0.07,-0.38,0.61,-0.31,-1.69,8.13,11944.97,182.0,0.0
1777660610726696846,80479,8.8,268.3,10.32,-2.8,0.25,3.96,115.19,-5.31,-2.88,-0.05,0.06,0.09,0.94,-0.75,8.31,216.95,182.0,0.0
1777660610824946698,80579,8.92,252.5,9.488,2.6,0.14,4.43,114.31,-5.25,-3.0,-0.08,-0.05,0.09,0.75,-0.19,8.75,236.5,182.0,0.0
1777660610929252068,80679,10.244,253.8,9.312,2.4,0.1,4.18,113.5,-5.19,-3.19,-0.13,0.05,0.28,1.31,-0.37,9.13,11940.17,188.0,0.0
1777660611025617123,80779,9.288,207.0,9.3,1.1,0.04,3.67,112.5,-5.06,-3.38,0.17,-0.53,0.3,1.06,-1.44,10.44,197.91,188.0,0.0
1777660611123899364,80879,10.272,237.2,9.12,-0.2,0.12,4.82,111.69,-5.0,-3.56,-0.03,-0.3,-0.15,0.81,-0.75,8.44,202.2,192.0,0.0
1777660611226344364,80979,10.272,205.7,9.26,2.9,0.2,4.12,110.87,-4.94,-3.69,-0.19,0.14,0.08,1.25,-0.12,8.5,11950.12,193.0,0.0
1777660611324603290,81079,10.276,211.3,9.284,-0.9,0.06,4.36,109.94,-4.81,-3.81,0.05,0.03,0.23,0.19,0.25,8.94,11958.35,193.0,0.0
1777660611434935901,81179,10.268,236.7,10.34,-1.0,0.23,4.49,109.25,-4.81,-3.88,-0.03,-0.08,-0.07,0.44,-0.37,6.63,11960.24,193.0,0.0
1777660611527237493,81280,8.736,213.2,10.328,3.2,-0.06,4.61,108.62,-4.75,-3.88,-0.2,0.05,0.1,0.5,-0.63,5.75,11958.52,197.0,0.0
1777660611635760364,81380,9.484,204.0,10.348,0.2,0.2,4.8,108.06,-4.69,-3.88,0.0,-0.14,0.08,0.25,-0.25,5.63,11960.41,197.0,0.0
1777660611727935160,81480,10.252,208.6,9.232,1.6,0.02,4.14,107.5,-4.63,-3.94,-0.02,0.23,-0.16,0.06,-0.63,5.63,11960.75,194.0,0.0
1777660611826246716,81580,10.308,163.8,10.352,3.6,0.18,4.55,106.94,-4.56,-4.0,0.0,0.4,0.01,-0.06,-0.12,5.25,11957.67,194.0,0.0
1777660611934660808,81680,10.204,165.5,9.252,-0.3,0.08,3.93,106.37,-4.56,-4.0,-0.03,-0.14,0.0,-0.37,0.31,6.0,11960.24,194.0,0.0
1777660612026968956,81780,9.172,187.6,10.336,-0.3,0.14,4.12,105.81,-4.56,-4.06,-0.13,-0.15,0.15,-0.12,-0.25,5.44,11962.64,195.0,0.0
1777660612135319012,81880,10.324,169.3,10.36,-5.6,0.23,3.52,105.31,-4.5,-4.06,0.03,0.11,-0.32,-0.19,-0.69,4.5,11963.84,195.0,0.0
1777660612225732697,81980,8.8,166.2,9.816,-1.6,0.1,4.04,104.87,-4.5,-4.06,0.04,-0.14,-0.1,-0.12,-1.06,4.69,263.42,198.0,0.0
1777660612334146049,82080,8.936,182.7,9.552,2.3,0.08,4.0,104.44,-4.44,-4.06,0.01,-0.33,0.29,-0.19,-0.31,3.75,11968.64,194.0,0.0
1777660612428458974,82180,10.304,170.9,10.356,-6.3,0.08,4.0,104.06,-4.38,-4.13,0.03,-0.28,-0.36,-0.25,-0.94,3.38,11972.59,194.0,0.0
1777660612536743660,82280,8.9,170.2,10.368,-0.1,0.08,3.83,103.69,-4.31,-4.13,-0.01,0.22,0.26,0.19,-0.69,3.31,11969.16,198.0,0.0
1777660612629063400,82380,10.068,163.5,10.368,1.6,0.0,3.5,103.31,-4.25,-4.19,-0.05,-0.2,-0.15,-0.19,-0.25,3.94,11972.41,199.0,0.0
1777660612727471271,82480,9.828,141.4,9.056,1.5,0.16,4.08,103.0,-4.19,-4.19,0.01,-0.65,0.42,-0.12,0.31,4.56,11974.3,199.0,0.0
1777660612835715122,82580,10.084,182.6,10.36,-0.2,0.25,3.98,102.62,-4.13,-4.19,-0.09,0.04,0.25,0.37,-0.19,3.0,11973.62,201.0,0.0
1777660612928011696,82680,8.672,143.8,9.092,-4.0,0.08,4.73,102.31,-4.06,-4.25,-0.13,0.21,-0.1,0.25,-1.06,3.0,11973.62,197.0,0.0
1777660613036544344,82780,10.268,172.9,10.012,-4.3,0.08,3.67,102.0,-4.0,-4.25,0.07,0.01,-0.41,0.0,0.63,3.69,11977.04,197.0,0.0
1777660613128737678,82880,8.664,148.4,10.0,-0.6,0.0,3.96,101.75,-3.94,-4.25,-0.04,-0.13,0.51,0.0,-1.56,2.56,11977.22,201.0,0.0
1777660613229230770,82980,9.676,174.4,10.352,-5.5,0.1,4.28,101.44,-3.88,-4.31,0.15,-0.01,-0.39,-0.25,-1.88,2.38,11976.36,199.0,0.0
1777660613327467400,83080,10.256,174.9,10.352,-2.4,0.1,4.82,101.19,-3.81,-4.31,-0.01,-0.36,1.24,0.31,2.06,2.81,11975.33,199.0,0.0
1777660613427665381,83180,10.288,156.3,10.24,4.8,0.23,4.96,101.0,-3.75,-4.31,0.02,-0.46,1.35,0.44,2.44,4.0,11973.1,202.0,0.0
1777660613536116622,83280,10.312,153.7,9.98,3.8,0.1,4.92,100.75,-3.75,-4.31,0.11,-0.84,1.4,0.5,2.88,4.31,11977.56,202.0,0.0
1777660613628417418,83380,10.228,156.9,10.356,-0.6,0.18,4.06,100.5,-3.69,-4.38,0.03,-0.61,1.03,0.63,1.75,3.75,11978.59,202.0,0.0
1777660613736825659,83480,10.272,179.8,9.156,-2.4,0.2,4.14,100.37,-3.63,-4.38,0.22,-0.44,0.6,-0.06,0.06,2.31,11978.42,202.0,0.0
1777660613829251622,83580,10.26,161.5,10.356,-0.1,-0.04,5.31,100.25,-3.56,-4.38,-0.26,0.22,-0.78,0.56,-0.69,0.31,11981.5,202.0,0.0
1777660613937526788,83680,10.308,133.8,9.136,3.4,0.06,3.71,100.12,-3.56,-4.38,0.12,-0.13,0.19,0.0,1.06,1.25,11979.62,202.0,0.0
1777660614029813936,83780,9.092,162.4,10.168,4.9,0.06,4.47,100.0,-3.56,-4.44,0.0,0.23,-0.07,0.31,1.56,1.25,11976.53,206.0,0.0
1777660614136285325,83880,10.308,118.7,10.368,-2.1,0.16,3.67,99.81,-3.5,-4.44,-0.25,0.36,-0.47,0.5,1.12,2.88,228.78,206.0,0.0
1777660614228635177,83981,9.084,149.3,10.348,-5.2,0.12,3.77,99.62,-3.5,-4.44,-0.22,0.62,-1.04,0.19,-0.5,1.63,225.01,206.0,0.0
1777660614326841418,84081,8.936,146.2,10.348,1.1,0.12,3.52,99.37,-3.5,-4.44,-0.19,0.04,0.34,0.37,2.81,3.81,230.15,206.0,0.0
1777660614429259918,84180,9.22,153.1,9.196,4.4,-0.06,5.23,99.19,-3.44,-4.44,0.11,-0.4,0.02,0.63,2.13,2.06,247.65,207.0,0.0
1777660614527597195,84280,9.72,165.6,9.228,0.9,0.2,5.21,99.12,-3.44,-4.44,0.0,-0.13,0.21,0.0,-0.69,1.31,243.53,207.0,0.0
1777660614631900325,84380,10.324,120.8,10.296,-2.2,0.1,4.26,99.06,-3.44,-4.44,0.04,-0.18,-0.02,-0.44,-2.13,-0.19,11989.39,204.0,0.0
1777660614736205769,84480,10.296,153.6,10.364,-4.6,0.14,4.86,99.06,-3.44,-4.44,-0.13,-0.19,0.37,0.31,1.69,0.56,11987.68,206.0,0.0
1777660614828500751,84580,10.152,353.3,10.312,5.7,0.04,3.75,99.06,-3.44,-4.44,-0.08,-0.07,0.2,0.0,0.88,0.25,11980.13,204.0,0.0
1777660614936925973,84680,9.708,124.4,9.2,-1.1,0.18,4.2,98.87,-3.44,-4.44,0.2,0.34,-1.17,0.19,1.63,2.19,11974.64,204.0,0.0
1777660615039315991,84781,10.264,162.1,9.188,2.1,0.14,3.98,98.81,-3.5,-4.44,-0.04,-0.45,0.88,0.25,3.0,2.81,11982.88,208.0,0.0
1777660615137605121,84881,9.892,109.5,10.376,-2.2,0.14,3.85,98.69,-3.44,-4.5,-0.01,0.1,0.08,0.06,-2.31,-0.31,11988.71,209.0,0.0
1777660615227951176,84981,10.192,161.8,9.316,-0.9,0.1,5.2,98.62,-3.44,-4.44,-0.11,-0.06,0.1,0.0,0.81,-0.06,11989.56,209.0,0.0
1777660615330344658,85082,9.224,171.5,10.376,-5.4,0.16,5.27,98.62,-3.5,-4.44,-0.03,-0.08,-0.02,0.0,0.69,0.31,11984.93,208.0,0.0
1777660615440676584,85182,10.3,161.2,9.916,-2.8,0.2,5.12,98.62,-3.5,-4.44,-0.04,-0.04,0.06,0.0,0.12,0.0,11984.08,208.0,0.0
1777660615538960269,85282,9.916,165.5,10.356,-1.1,0.16,5.25,98.62,-3.5,-4.44,-0.03,-0.09,0.11,0.0,0.06,-0.19,11986.48,208.0,0.0
1777660615631283713,85382,9.004,176.3,10.34,-2.8,0.16,5.14,98.62,-3.5,-4.44,-0.05,-0.04,0.05,0.12,-0.12,-0.06,11984.59,207.0,0.0
1777660615739750269,85482,10.32,164.0,10.352,2.1,0.2,5.25,98.62,-3.5,-4.44,-0.06,-0.04,0.06,0.0,0.0,0.12,11984.25,207.0,0.0
1777660615832014658,85582,10.224,162.7,10.036,-0.3,0.12,5.35,98.62,-3.5,-4.44,-0.05,-0.04,0.09,0.0,0.06,-0.06,11985.11,207.0,0.0
1777660615940402139,85682,9.0,178.1,9.264,-4.9,0.0,5.43,98.62,-3.5,-4.44,-0.05,-0.04,0.07,0.0,0.12,0.06,11983.91,208.0,0.0
1777660616032775046,85782,9.0,174.3,10.356,0.3,0.1,5.25,98.62,-3.5,-4.44,-0.03,-0.05,0.07,0.0,0.0,-0.06,11985.11,208.0,0.0
1777660616131005806,85882,10.032,159.5,10.36,-0.5,0.04,5.41,98.62,-3.5,-4.44,-0.06,-0.03,0.07,-0.12,0.06,-0.12,11988.19,210.0,0.0
1777660616231428213,85982,9.004,178.0,10.348,-4.8,0.12,5.14,98.62,-3.5,-4.44,-0.05,-0.06,0.06,-0.06,0.0,0.0,11986.48,208.0,0.0
1777660616335706028,86082,9.208,162.5,10.352,-2.7,0.18,5.25,98.62,-3.5,-4.44,-0.06,-0.05,0.06,-0.06,0.12,0.06,11988.88,208.0,0.0
1777660616434183231,86182,9.012,167.3,10.34,-2.6,0.08,5.35,98.62,-3.5,-4.44,-0.07,-0.08,0.07,-0.06,-0.12,0.0,11987.16,208.0,0.0
1777660616532417157,86282,8.86,176.3,10.344,6.2,0.1,5.57,98.62,-3.5,-4.44,-0.07,-0.04,0.09,-0.06,-0.06,0.0,11986.13,208.0,0.0
1777660616634780435,86382,9.08,176.0,9.96,5.2,0.08,5.53,98.62,-3.5,-4.44,-0.06,-0.04,0.08,0.0,-0.06,-0.12,11989.56,203.0,0.0
1777660616733068879,86482,8.888,178.8,9.356,4.9,0.25,5.47,98.62,-3.5,-4.44,-0.06,-0.05,0.07,0.06,-0.19,-0.12,11987.68,211.0,0.0
1777660616835562676,86582,9.724,174.6,10.344,2.0,0.08,5.1,98.62,-3.5,-4.44,-0.06,-0.06,0.06,0.06,-0.12,-0.06,11989.74,211.0,0.0
1777660616933827046,86682,10.3,171.2,10.348,-2.9,0.02,5.14,98.62,-3.5,-4.44,-0.05,-0.08,0.08,0.12,-0.12,0.0,11988.88,207.0,0.0
1777660617032047953,86782,8.868,178.3,10.352,0.1,0.08,5.39,98.62,-3.5,-4.44,-0.06,-0.05,0.08,-0.12,0.06,-0.06,11985.62,207.0,0.0
1777660617134571731,86882,10.332,118.9,9.352,3.5,0.16,3.46,98.56,-3.5,-4.44,0.1,0.01,0.39,-0.37,-2.81,0.19,11984.25,207.0,0.0
1777660617230996249,86982,8.964,132.3,10.364,-5.5,0.12,4.41,98.56,-3.5,-4.44,-0.37,0.2,-0.17,0.06,0.0,0.19,11985.96,212.0,0.0
1777660617333204046,87083,10.208,172.0,9.552,5.1,0.14,4.98,98.5,-3.5,-4.44,-0.01,-0.13,0.13,0.06,0.37,0.25,11984.76,207.0,0.0
1777660617433657860,87183,9.836,168.1,10.348,-2.9,0.02,5.14,98.5,-3.5,-4.44,-0.08,-0.25,0.48,0.06,0.63,0.63,11982.53,207.0,0.0
1777660617541877620,87283,9.144,144.8,10.364,1.1,0.0,4.67,98.44,-3.5,-4.44,0.09,-0.11,0.17,-0.44,-0.56,1.37,11988.02,210.0,0.0
1777660617634166953,87384,8.896,152.8,10.128,-2.6,0.1,4.71,98.5,-3.5,-4.44,0.0,0.07,-0.27,-0.44,-2.25,-0.69,11989.05,208.0,0.0
1777660617742628675,87484,8.96,145.9,10.164,1.5,-0.02,4.9,98.5,-3.5,-4.44,-0.03,-0.05,0.01,0.0,-0.19,-0.06,11987.33,208.0,0.0
1777660617834850360,87584,10.308,164.1,10.348,0.6,0.0,5.08,98.5,-3.5,-4.44,-0.04,-0.03,0.07,-0.06,0.19,0.0,11986.48,209.0,0.0
1777660617943350193,87684,10.26,152.3,10.0,-0.5,0.16,5.06,98.5,-3.5,-4.44,-0.07,-0.05,0.14,0.06,-0.06,0.12,11989.39,209.0,0.0
1777660618035560453,87784,9.5,159.4,10.364,5.2,0.2,5.14,98.5,-3.5,-4.44,-0.03,-0.02,0.05,-0.06,-0.06,0.12,11989.05,210.0,0.0
1777660618133879119,87884,9.668,161.6,10.352,-2.6,0.04,5.23,98.5,-3.5,-4.44,-0.05,-0.05,0.06,0.12,-0.06,-0.06,11988.71,209.0,0.0
1777660618234422989,87984,10.036,149.9,9.544,0.0,0.1,5.14,98.5,-3.5,-4.44,-0.04,-0.03,0.05,0.0,0.0,0.19,11988.36,209.0,0.0
1777660618332725989,88084,10.308,160.6,9.112,-1.8,0.18,5.1,98.5,-3.5,-4.44,-0.04,-0.03,0.08,0.12,-0.06,0.06,11988.71,208.0,0.0
1777660618436956212,88184,10.348,169.3,9.388,-1.9,0.16,5.29,98.5,-3.56,-4.38,-0.03,-0.05,0.08,0.0,-0.06,0.06,11987.33,207.0,0.0
1777660618535333063,88284,9.664,160.1,9.6,4.5,0.14,4.86,98.5,-3.56,-4.38,-0.04,-0.04,0.05,0.12,0.0,-0.12,11987.16,207.0,0.0
1777660618637668378,88384,8.812,151.9,10.344,5.3,0.16,5.25,98.5,-3.56,-4.38,-0.03,-0.02,0.06,-0.12,-0.06,-0.06,11986.82,207.0,0.0
1777660618736028915,88484,9.66,164.8,9.752,2.1,-0.06,5.14,98.5,-3.56,-4.38,-0.05,-0.03,0.05,0.0,0.0,0.0,11984.76,207.0,0.0
1777660618838372785,88584,10.264,156.4,10.352,-5.2,0.12,5.25,98.5,-3.56,-4.38,-0.03,-0.05,0.05,0.12,0.0,-0.06,11984.08,211.0,0.0
1777660618936641915,88684,10.264,156.4,10.352,0.2,0.12,4.8,98.5,-3.56,-4.38,-0.03,-0.05,0.06,-0.06,0.0,0.06,11983.22,206.0,0.0
1777660619039111137,88784,10.16,151.8,10.34,-1.6,0.2,5.29,98.5,-3.56,-4.38,-0.05,-0.04,0.05,0.06,-0.06,0.0,11984.25,206.0,0.0
1777660619137351285,88884,9.448,160.7,9.576,1.6,0.08,5.16,98.5,-3.56,-4.38,-0.03,-0.03,0.04,0.0,-0.06,0.06,11983.22,208.0,0.0
1777660619233806785,88984,10.292,164.1,10.356,-6.4,0.12,5.25,98.5,-3.56,-4.38,-0.04,-0.07,0.06,-0.06,0.12,0.06,11982.19,208.0,0.0
1777660619336082470,89084,10.232,172.0,9.224,2.2,-0.04,5.0,98.5,-3.56,-4.38,-0.04,-0.03,0.08,-0.06,0.19,0.06,11983.91,208.0,0.0
1777660619436286933,89184,9.012,151.1,9.86,-0.7,0.0,5.25,98.5,-3.56,-4.38,-0.06,-0.06,0.03,0.0,0.06,-0.06,11982.19,207.0,0.0
1777660619544745989,89284,10.3,154.1,10.176,2.5,0.0,4.94,98.5,-3.56,-4.38,-0.04,-0.03,0.03,0.06,0.12,0.0,11983.39,202.0,0.0
1777660619637103396,89384,10.116,164.0,10.136,-1.9,0.2,5.12,98.5,-3.56,-4.38,-0.06,-0.05,0.04,0.0,0.06,0.06,11986.13,202.0,0.0
1777660619735329581,89483,10.304,166.7,9.456,-2.9,-0.02,5.18,98.5,-3.56,-4.38,-0.04,-0.04,0.05,0.0,0.06,0.12,11987.85,208.0,0.0
1777660619843721803,89583,10.212,169.3,10.368,1.4,0.02,5.06,98.5,-3.56,-4.38,-0.02,-0.03,0.02,-0.06,0.0,-0.06,11988.02,208.0,0.0
1777660619936097359,89683,10.048,151.1,9.824,-2.8,0.08,5.14,98.5,-3.56,-4.38,-0.05,-0.02,0.04,-0.06,-0.12,0.0,11989.56,205.0,0.0
1777660620034348248,89783,9.796,151.7,10.356,0.7,0.14,5.23,98.5,-3.56,-4.38,-0.01,-0.02,0.03,-0.12,0.0,-0.06,11986.65,210.0,0.0
1777660620136772507,89883,9.496,167.3,9.248,-1.4,0.08,5.35,98.5,-3.56,-4.38,-0.05,-0.03,0.06,0.0,-0.06,0.0,11988.02,210.0,0.0
1777660620233252488,89984,8.664,161.2,9.82,-0.5,0.0,5.21,98.5,-3.56,-4.38,-0.05,-0.07,0.1,-0.06,0.0,-0.06,11985.96,210.0,0.0
1777660620341458914,90084,9.996,127.9,10.372,-3.4,0.14,4.04,98.5,-3.56,-4.38,-0.06,0.3,0.01,0.12,0.25,0.63,11987.33,209.0,0.0
1777660620445763099,90184,8.892,144.7,9.3,-6.4,0.04,4.73,98.44,-3.56,-4.38,0.01,-0.08,-0.12,0.19,0.5,0.44,11989.39,209.0,0.0
1777660620538097433,90285,10.28,139.7,10.328,-3.8,0.02,4.59,98.44,-3.5,-4.38,-0.1,-0.09,0.23,-0.12,-0.31,0.12,11989.05,208.0,0.0
1777660620646512025,90385,9.196,140.8,9.108,-1.0,0.08,4.84,98.44,-3.5,-4.38,-0.04,-0.06,0.14,-0.12,0.06,-0.12,11988.71,209.0,0.0
1777660620738906692,90485,9.44,156.3,10.272,2.6,0.16,4.79,98.44,-3.5,-4.38,-0.03,-0.06,0.09,0.0,-0.19,0.0,11988.36,209.0,0.0
1777660620837072432,90586,9.42,154.0,10.308,-1.2,0.06,4.67,98.44,-3.5,-4.38,-0.03,-0.04,0.08,0.0,-0.06,0.12,11985.96,207.0,0.0
1777660620939613136,90686,9.144,147.0,10.348,-1.9,0.02,4.65,98.44,-3.5,-4.38,-0.04,-0.03,0.05,-0.19,-0.12,0.0,11988.36,207.0,0.0
1777660621041913636,90786,9.348,157.8,9.836,-6.2,0.1,4.73,98.44,-3.5,-4.38,-0.04,-0.03,0.05,-0.12,-0.12,0.0,11989.22,210.0,0.0
1777660621140265895,90886,9.644,140.0,10.344,-6.6,0.0,4.63,98.44,-3.5,-4.38,-0.04,-0.03,0.09,0.0,-0.06,0.0,11986.82,207.0,0.0
1777660621236613858,90986,9.564,157.2,10.348,3.3,-0.02,4.9,98.44,-3.5,-4.38,-0.03,-0.03,0.05,-0.06,0.0,0.06,11988.19,207.0,0.0
1777660621339005432,91086,9.296,186.5,9.204,3.1,0.1,5.0,98.44,-3.5,-4.38,-0.04,-0.02,0.07,-0.06,0.0,0.0,11988.54,209.0,0.0
1777660621439159302,91186,9.22,154.9,9.22,-3.1,0.12,4.65,98.44,-3.5,-4.38,-0.04,-0.05,0.06,0.12,0.0,0.06,11986.82,208.0,0.0
1777660621547702562,91286,10.252,151.3,10.032,5.1,0.06,4.65,98.44,-3.5,-4.38,-0.03,-0.04,0.09,0.0,0.06,0.0,11988.19,208.0,0.0
1777660621645820802,91386,8.908,147.6,9.752,-2.6,0.08,4.86,98.44,-3.5,-4.38,-0.04,-0.03,0.09,-0.12,0.19,0.06,11987.51,208.0,0.0
1777660621738220136,91486,10.028,151.8,10.352,0.3,0.02,4.63,98.44,-3.5,-4.38,-0.03,-0.05,0.1,0.0,-0.06,0.06,11988.19,213.0,0.0
1777660621846631413,91586,10.128,139.8,9.344,-4.5,-0.04,4.47,98.44,-3.5,-4.38,-0.03,-0.02,0.03,-0.12,0.06,0.0,11988.71,213.0,0.0
1777660621938909302,91686,9.284,155.1,10.176,-1.3,0.12,4.69,98.44,-3.5,-4.38,-0.03,-0.03,0.07,-0.06,-0.06,0.0,11987.68,209.0,0.0
1777660622047358061,91786,9.048,157.0,10.352,0.1,0.06,4.53,98.44,-3.5,-4.38,-0.05,-0.04,0.08,-0.06,0.0,0.06,11988.02,209.0,0.0
1777660622139603265,91886,9.176,148.7,9.16,4.1,0.12,4.79,98.44,-3.5,-4.38,-0.04,-0.02,0.03,-0.06,-0.12,0.0,11988.02,210.0,0.0
1777660622240049191,91986,9.296,158.4,10.34,-5.2,0.08,4.49,98.44,-3.5,-4.38,-0.04,-0.03,0.05,0.0,-0.06,-0.06,11988.02,206.0,0.0
1777660622338333061,92086,9.852,156.4,10.348,-5.7,0.18,5.0,98.44,-3.5,-4.38,-0.02,-0.01,0.07,0.0,0.19,0.06,11988.36,206.0,0.0
1777660622448681024,92186,10.048,154.2,10.032,1.0,0.06,4.49,98.44,-3.5,-4.38,-0.04,-0.02,0.06,0.06,0.19,-0.06,11988.19,209.0,0.0
1777660622540988580,92286,9.4,139.2,10.36,-4.5,0.08,4.61,98.44,-3.5,-4.38,-0.03,-0.04,0.08,-0.06,0.25,0.06,11988.02,208.0,0.0
1777660622639302154,92386,9.728,156.1,9.724,1.5,0.1,4.79,98.44,-3.5,-4.38,-0.05,-0.04,0.1,-0.12,-0.19,0.0,11988.36,208.0,0.0
1777660622741697635,92486,8.956,137.9,10.348,0.7,0.06,4.82,98.44,-3.5,-4.38,-0.04,-0.04,0.08,0.06,0.12,-0.06,11988.19,209.0,0.0
1777660622840019005,92587,9.04,140.4,9.68,-1.4,0.08,4.59,98.44,-3.5,-4.38,-0.05,-0.04,0.06,0.12,0.0,0.0,11986.65,209.0,0.0
1777660622942535931,92687,10.14,150.0,9.7,-6.1,0.16,4.57,98.44,-3.5,-4.38,-0.06,-0.04,0.08,-0.12,0.06,0.0,11986.31,209.0,0.0
1777660623040660913,92787,9.984,156.8,9.372,-1.8,0.1,4.94,98.44,-3.5,-4.38,-0.04,-0.05,0.09,0.0,0.0,0.06,11985.28,211.0,0.0
1777660623143181635,92887,10.26,152.1,10.352,2.7,0.1,4.67,98.44,-3.5,-4.38,-0.04,-0.04,0.08,0.0,-0.06,0.0,11986.31,211.0,0.0
1777660623239593468,92987,10.252,153.9,10.344,2.1,0.31,4.69,98.44,-3.5,-4.38,-0.06,-0.05,0.05,0.0,0.06,0.0,11985.79,208.0,0.0
1777660623337813301,93087,9.08,137.9,9.536,0.5,0.12,4.71,98.44,-3.5,-4.38,-0.04,-0.02,0.05,0.0,-0.06,-0.06,11984.59,207.0,0.0
1777660623448123079,93187,8.644,143.5,10.356,1.4,0.1,4.59,98.44,-3.5,-4.38,-0.04,-0.04,0.07,0.0,-0.06,-0.06,11983.22,207.0,0.0
1777660623540392486,93287,8.76,153.7,9.316,4.9,0.18,4.79,98.44,-3.5,-4.38,-0.06,-0.05,0.1,0.06,0.0,-0.06,11983.22,208.0,0.0
1777660623648795838,93387,9.928,154.0,10.284,1.4,-0.02,4.65,98.44,-3.5,-4.38,-0.04,-0.03,0.06,0.0,0.19,-0.06,11982.53,210.0,0.0
1777660623741164097,93487,9.376,139.7,10.352,-3.0,0.18,4.9,98.44,-3.5,-4.38,-0.05,-0.05,0.07,-0.06,0.19,0.0,11983.56,210.0,0.0
1777660623849495912,93587,9.428,149.6,10.152,0.2,-0.02,4.51,98.44,-3.5,-4.38,-0.03,-0.01,0.09,-0.06,0.06,0.0,11981.85,206.0,0.0
1777660623941783653,93687,9.076,141.8,10.344,1.5,-0.02,4.69,98.44,-3.5,-4.38,-0.04,-0.03,0.07,-0.06,0.12,0.06,11975.33,206.0,0.0
1777660624040176375,93787,9.16,115.1,10.344,-3.6,0.02,3.63,98.31,-3.5,-4.38,-0.07,-0.94,1.98,-1.0,-2.5,-1.37,11983.73,206.0,0.0
1777660624142470004,93887,9.224,145.7,10.224,1.7,-0.02,4.65,98.37,-3.44,-4.38,-0.15,0.06,0.0,0.19,1.06,0.19,11982.36,212.0,0.0
1777660624238820023,93987,8.788,147.1,10.36,1.3,-0.04,4.82,98.37,-3.44,-4.38,-0.1,-0.1,0.33,0.06,-0.06,0.12,11982.7,212.0,0.0
1777660624341203745,94087,8.96,156.5,9.348,-4.3,0.12,5.0,98.37,-3.44,-4.38,-0.04,0.0,0.07,-0.19,0.06,-0.06,11983.91,208.0,0.0
1777660624441476449,94187,9.92,163.8,9.872,1.5,0.27,4.88,98.37,-3.44,-4.38,-0.05,-0.06,0.08,-0.06,-0.19,-0.06,11982.19,207.0,0.0
1777660624539749189,94287,8.92,154.7,10.368,2.5,0.1,4.82,98.37,-3.44,-4.38,-0.06,-0.03,0.06,-0.06,-0.06,0.06,11983.56,207.0,0.0
1777660624648187430,94386,10.3,163.4,9.428,4.6,0.08,5.02,98.37,-3.44,-4.38,-0.07,-0.03,0.07,0.06,0.0,0.06,11982.53,210.0,0.0
1777660624740467597,94486,9.08,155.9,10.368,-6.2,0.14,4.79,98.37,-3.44,-4.38,-0.07,-0.01,0.08,0.06,0.0,0.06,11983.22,209.0,0.0
1777660624838806263,94586,9.68,142.7,10.352,-2.6,0.04,4.53,98.37,-3.44,-4.38,-0.07,-0.01,0.05,-0.06,-0.12,-0.19,11987.33,209.0,0.0
1777660624947174948,94685,9.016,154.0,10.368,-2.6,0.1,4.59,98.37,-3.44,-4.38,-0.06,-0.03,0.1,0.0,0.12,0.0,11981.68,204.0,0.0
1777660625039557356,94785,10.3,137.0,10.196,-2.6,0.0,4.59,98.37,-3.44,-4.38,-0.09,-0.03,0.08,-0.25,0.19,0.0,11984.76,204.0,0.0
1777660625147885152,94885,8.828,159.3,10.364,-6.3,0.2,4.94,98.37,-3.44,-4.38,-0.07,-0.03,0.08,-0.06,0.06,-0.06,11985.62,207.0,0.0
1777660625238249504,94985,10.292,164.6,10.088,1.3,0.16,5.08,98.37,-3.44,-4.38,-0.04,-0.02,0.07,-0.06,0.06,0.0,11983.73,208.0,0.0
1777660625340637059,95085,8.84,160.7,10.372,5.2,0.12,4.86,98.37,-3.44,-4.38,-0.05,-0.02,0.05,-0.12,-0.12,0.0,11986.82,208.0,0.0
1777660625440861707,95185,8.74,153.1,10.336,-2.8,0.1,5.16,98.37,-3.44,-4.38,-0.04,-0.04,0.05,0.06,0.0,0.12,11985.45,209.0,0.0
1777660625539152726,95285,9.392,199.2,9.368,0.0,0.0,5.25,98.37,-3.44,-4.38,-0.06,-0.04,0.08,0.0,0.0,-0.06,11983.22,209.0,0.0
1777660625641646078,95385,9.584,156.5,9.844,0.8,-0.04,5.23,98.37,-3.44,-4.38,-0.08,-0.22,0.35,0.06,0.63,0.19,11984.25,209.0,0.0
1777660625739834337,95485,9.52,167.6,10.168,-0.8,0.02,5.14,98.37,-3.44,-4.38,-0.07,-0.05,0.15,-0.12,-0.25,-0.12,11983.91,208.0,0.0
1777660625842265374,95585,8.94,161.0,10.344,-6.5,-0.04,4.98,98.37,-3.44,-4.38,-0.05,0.0,0.0,-0.06,-0.12,0.0,11983.22,207.0,0.0
1777660625940606966,95685,8.74,156.4,10.36,4.1,0.21,5.16,98.37,-3.44,-4.38,-0.07,-0.03,0.07,0.0,-0.06,0.0,11985.28,207.0,0.0
1777660626042988300,95785,9.336,168.0,10.348,0.7,0.1,5.1,98.37,-3.44,-4.38,-0.06,-0.02,0.05,-0.06,0.12,0.0,11984.08,209.0,0.0
1777660626141251022,95885,10.3,166.5,9.916,0.1,-0.16,5.02,98.37,-3.44,-4.38,-0.06,-0.02,0.06,0.06,0.19,0.06,11985.28,210.0,0.0
1777660626241743818,95985,10.312,156.3,10.344,-6.9,0.14,5.2,98.37,-3.44,-4.38,-0.06,-0.02,0.04,0.0,0.12,0.06,11984.08,210.0,0.0
1777660626340076522,96086,10.004,167.1,10.344,0.6,0.12,5.08,98.37,-3.44,-4.38,-0.04,-0.02,0.05,-0.12,-0.06,-0.06,11984.93,209.0,0.0
1777660626444418281,96186,10.188,164.5,9.4,-5.7,0.06,5.02,98.37,-3.44,-4.38,-0.07,-0.01,0.08,0.0,0.0,0.0,11985.62,209.0,0.0
1777660626542608725,96286,8.848,162.3,10.344,-0.3,0.04,4.96,98.37,-3.44,-4.38,-0.07,-0.03,0.08,0.0,0.06,0.0,11986.65,207.0,0.0
1777660626640941022,96386,8.944,149.3,10.356,3.8,0.18,4.98,98.37,-3.44,-4.38,-0.06,-0.04,0.05,-0.12,0.0,-0.12,11986.48,209.0,0.0
1777660626749360799,96486,8.9,154.5,9.696,1.2,-0.08,5.33,98.37,-3.44,-4.38,-0.05,-0.04,0.05,-0.19,0.12,-0.06,11987.51,209.0,0.0
1777660626841634244,96586,9.1,161.0,10.152,0.8,0.18,5.29,98.37,-3.44,-4.38,-0.07,-0.01,0.02,0.06,0.0,0.12,11986.65,208.0,0.0
1777660626950016707,96686,9.908,165.2,10.348,-1.6,0.08,5.02,98.37,-3.44,-4.38,-0.06,-0.03,0.08,0.0,0.19,-0.19,11985.45,209.0,0.0
1777660627042418818,96786,8.976,169.7,10.356,1.5,0.2,5.31,98.37,-3.44,-4.38,-0.07,-0.03,0.05,0.12,-0.12,-0.06,11989.91,209.0,0.0
1777660627140597929,96886,8.828,154.9,9.316,3.8,0.0,5.45,98.37,-3.44,-4.38,-0.06,-0.02,0.03,0.06,-0.19,0.06,11989.56,209.0,0.0
1777660627241143577,96986,8.76,157.7,10.356,4.5,0.06,4.96,98.37,-3.44,-4.38,-0.07,-0.04,0.06,-0.06,0.0,0.06,11989.74,209.0,0.0
1777660627343465669,97086,8.796,165.9,10.352,-1.0,0.02,5.12,98.37,-3.44,-4.38,-0.04,-0.04,0.07,0.06,0.0,0.12,11990.77,209.0,0.0
1777660627443677595,97186,9.376,164.6,10.356,5.3,0.08,5.41,98.37,-3.44,-4.38,-0.06,-0.05,0.05,0.0,0.0,0.0,11989.05,207.0,0.0
1777660627542101280,97286,9.324,151.0,10.356,1.3,0.1,5.21,98.37,-3.44,-4.38,-0.07,-0.04,0.07,0.0,0.06,0.06,11989.56,207.0,0.0
1777660627644426984,97386,9.828,162.7,10.248,0.4,-0.1,4.9,98.37,-3.44,-4.38,-0.03,-0.03,0.04,0.0,-0.06,0.0,11990.08,212.0,0.0
1777660627742720336,97486,9.536,159.7,10.352,-2.7,0.08,5.2,98.37,-3.44,-4.38,-0.07,-0.02,0.02,0.19,0.12,0.0,11989.22,210.0,0.0
1777660627845237391,97586,10.112,169.6,10.044,2.3,0.1,5.27,98.37,-3.44,-4.38,-0.07,-0.04,0.05,0.06,0.19,-0.12,11989.74,210.0,0.0
1777660627943425873,97686,9.884,171.3,9.324,1.2,0.14,5.25,98.37,-3.44,-4.38,-0.05,-0.05,0.07,0.06,0.0,0.12,11987.51,209.0,0.0
1777660628045822187,97786,9.752,162.0,10.36,1.0,0.2,5.39,98.37,-3.44,-4.38,-0.05,-0.02,0.09,-0.19,0.06,0.0,11989.39,207.0,0.0
1777660628144189780,97886,9.736,168.0,9.24,-0.7,0.08,5.43,98.37,-3.44,-4.38,-0.03,0.0,0.03,-0.06,0.06,0.0,11990.59,207.0,0.0
1777660628240623669,97985,8.992,156.5,10.04,3.8,0.1,4.96,98.37,-3.44,-4.38,-0.08,-0.03,0.06,0.06,-0.12,-0.06,11988.71,209.0,0.0
1777660628338845039,98085,8.776,171.0,10.328,3.0,0.1,5.31,98.37,-3.44,-4.38,-0.08,-0.02,0.01,-0.19,0.06,0.0,11987.33,210.0,0.0
1777660628449129539,98185,10.3,164.6,10.34,-0.4,0.16,5.31,98.37,-3.44,-4.38,-0.07,-0.04,0.08,-0.12,-0.06,0.0,11988.88,210.0,0.0
1777660628541417650,98285,10.296,150.1,10.364,1.3,0.2,5.23,98.37,-3.44,-4.38,-0.06,-0.04,0.04,0.0,0.0,0.0,11989.91,209.0,0.0
1777660628649891391,98385,8.892,162.3,10.292,1.5,0.18,4.98,98.37,-3.44,-4.38,-0.06,-0.02,0.04,0.12,0.0,0.12,11989.56,209.0,0.0
1777660628742074317,98485,10.012,158.5,10.352,1.7,0.16,5.25,98.37,-3.44,-4.38,-0.05,-0.06,0.05,0.12,0.06,-0.06,11989.39,211.0,0.0
1777660628850527076,98585,10.272,153.2,9.916,1.2,0.02,5.06,98.37,-3.44,-4.38,-0.03,-0.04,0.06,-0.12,-0.06,0.0,11988.88,207.0,0.0
1777660628942898094,98685,9.832,165.9,10.128,-2.1,0.21,5.23,98.37,-3.44,-4.38,-0.07,-0.03,0.04,-0.12,0.0,-0.12,11990.77,207.0,0.0
1777660629041115428,98785,9.796,165.9,10.344,0.3,0.18,5.27,98.37,-3.44,-4.38,-0.04,-0.02,0.04,0.06,0.0,0.12,11990.25,209.0,0.0
1777660629143516539,98885,8.848,164.5,10.332,-2.2,0.08,5.12,98.37,-3.44,-4.38,-0.04,-0.02,0.06,0.0,0.12,0.06,11989.22,210.0,0.0
1777660629239899687,98985,8.856,169.9,10.34,1.5,0.18,5.23,98.37,-3.44,-4.38,-0.07,-0.03,0.07,-0.12,0.06,0.06,11989.56,210.0,0.0
1777660629342290205,99085,9.416,157.4,9.508,-2.5,0.16,4.92,98.37,-3.44,-4.38,-0.06,-0.05,0.08,-0.06,0.0,0.12,11988.54,208.0,0.0
1777660629442491649,99185,10.296,163.6,9.176,1.2,0.08,5.08,98.37,-3.44,-4.38,-0.06,-0.05,0.1,0.06,-0.06,0.0,11989.74,208.0,0.0
1777660629544920557,99286,10.304,166.7,9.288,-0.2,0.08,5.23,98.37,-3.44,-4.38,-0.04,-0.02,0.05,0.0,0.0,0.0,11990.08,208.0,0.0
1777660629643196686,99386,9.172,153.6,9.72,-0.9,0.18,5.14,98.37,-3.44,-4.38,-0.06,0.0,0.03,0.06,0.0,0.0,11988.36,207.0,0.0
1777660629745692131,99486,8.888,167.4,9.284,-4.8,0.18,5.16,98.37,-3.44,-4.38,-0.06,-0.04,0.05,0.06,0.12,-0.06,11988.19,207.0,0.0
1777660629843895723,99587,10.208,164.8,9.104,-0.5,0.06,5.12,98.37,-3.44,-4.38,-0.07,-0.03,0.08,-0.06,0.06,0.0,11989.91,208.0,0.0
1777660629946287316,99687,8.896,169.8,10.348,5.0,0.02,5.04,98.37,-3.44,-4.38,-0.05,-0.02,0.07,0.06,0.06,0.0,11988.54,209.0,0.0
1777660630044502824,99787,10.26,165.8,10.352,-0.2,0.27,5.02,98.37,-3.44,-4.38,-0.06,-0.06,0.12,0.12,-0.12,0.06,11990.77,209.0,0.0
1777660630146759290,99888,8.976,169.2,10.328,-3.0,0.08,5.47,98.37,-3.44,-4.38,-0.06,-0.02,0.03,-0.06,-0.06,0.0,11989.74,212.0,0.0
1777660630247050315,99989,9.184,175.8,9.744,4.8,0.04,5.02,98.37,-3.44,-4.38,-0.07,-0.06,0.09,0.0,-0.19,0.0,11988.88,206.0,0.0
1777660630351114354,100089,8.924,177.8,9.312,-1.9,0.18,5.33,98.37,-3.44,-4.38,-0.07,-0.04,0.06,-0.06,-0.25,0.06,11990.08,206.0,0.0
1777660630445231388,100189,8.944,177.6,10.348,-2.0,0.21,5.23,98.37,-3.44,-4.38,-0.07,-0.04,0.07,0.0,0.06,0.06,11988.19,210.0,0.0
1777660630547494768,100289,8.8,176.4,10.348,-4.6,0.14,5.39,98.37,-3.44,-4.38,-0.09,-0.06,0.04,-0.06,0.06,0.06,11990.08,207.0,0.0
1777660630649812355,100389,10.004,159.6,10.356,5.4,0.2,5.27,98.37,-3.44,-4.38,-0.07,-0.03,0.02,0.0,-0.06,-0.06,11990.94,207.0,0.0
1777660630753858886,100489,8.792,164.2,10.34,-6.2,0.12,5.21,98.37,-3.44,-4.38,-0.1,-0.05,0.09,0.0,0.06,0.0,11987.85,209.0,0.0
1777660630846086334,100589,8.896,166.8,10.12,4.9,0.08,5.39,98.37,-3.44,-4.38,-0.07,-0.03,0.08,0.06,-0.31,0.0,11989.05,209.0,0.0
1777660630954223186,100689,9.404,158.3,10.344,5.1,0.02,5.39,98.37,-3.44,-4.38,-0.04,-0.03,0.04,0.12,0.0,0.0,11991.11,212.0,0.0
1777660631044439839,100789,8.828,180.7,10.348,4.2,0.04,5.45,98.37,-3.44,-4.38,-0.06,-0.03,0.08,0.0,0.0,0.0,11988.19,209.0,0.0
1777660631146707082,100889,9.0,179.4,9.228,-6.3,0.04,5.2,98.37,-3.44,-4.38,-0.05,-0.03,0.07,-0.06,0.0,-0.06,11990.77,209.0,0.0
1777660631244811043,100989,9.292,161.3,10.348,-1.2,0.25,5.53,98.37,-3.44,-4.38,-0.05,-0.08,0.05,-0.06,-0.12,-0.06,11989.56,205.0,0.0
1777660631348912653,101089,10.184,169.5,10.2,-2.6,0.12,5.45,98.37,-3.44,-4.38,-0.05,0.0,0.04,-0.19,0.0,0.06,11988.36,208.0,0.0
1777660631453090644,101189,8.868,160.6,10.344,-1.1,0.02,5.16,98.37,-3.44,-4.38,-0.04,-0.01,0.04,0.0,-0.19,-0.06,11990.94,208.0,0.0
1777660631545296044,101288,8.856,179.6,9.932,-2.5,0.08,5.14,98.37,-3.44,-4.38,-0.04,-0.07,0.04,0.12,0.06,0.12,11988.88,212.0,0.0
1777660631643456122,101388,8.936,170.3,9.936,3.1,0.04,5.08,98.37,-3.44,-4.38,-0.03,-0.04,0.08,0.12,-0.06,-0.06,11989.22,212.0,0.0
1777660631745654175,101488,9.848,172.4,10.336,-4.8,0.06,5.29,98.37,-3.44,-4.38,-0.05,-0.02,0.09,-0.06,0.06,0.06,11990.77,209.0,0.0
1777660631843838567,101588,10.28,159.4,10.344,5.0,-0.02,5.2,98.37,-3.44,-4.38,-0.04,-0.04,0.05,0.06,0.06,-0.12,11989.22,208.0,0.0
1777660631946121581,101688,9.032,174.7,10.352,-2.1,0.1,5.31,98.37,-3.44,-4.38,-0.09,0.41,-0.05,0.06,0.63,0.31,11990.59,208.0,0.0
1777660632044210272,101787,9.12,178.2,10.34,4.6,0.25,5.39,98.37,-3.44,-4.38,0.14,0.24,0.03,-0.25,-0.88,-0.25,11989.91,209.0,0.0
1777660632142334334,101888,10.248,161.1,10.332,-7.2,0.12,5.1,98.37,-3.44,-4.38,-0.02,0.03,0.17,0.25,0.37,-0.69,11989.05,210.0,0.0
1777660632242710333,101988,9.044,13.1,10.408,-0.8,0.1,-0.2,98.37,-3.44,-4.38,0.01,0.04,0.0,-0.12,-0.25,-0.25,11983.56,210.0,0.0
1777660632346812323,102088,9.156,168.7,9.444,1.0,0.2,4.38,98.44,-3.38,-4.38,0.19,-0.45,-0.04,-0.12,-2.25,0.12,11985.45,211.0,0.0
1777660632451044068,102189,8.864,147.9,10.34,0.9,-0.08,4.53,98.44,-3.31,-4.31,-0.26,0.07,0.27,-0.31,-0.94,-2.56,11971.21,210.0,0.0
1777660632543301706,102289,8.98,75.3,10.388,-3.4,0.21,2.23,98.25,-3.19,-4.38,-0.14,0.28,0.02,0.69,-1.44,4.75,11958.87,210.0,0.0
1777660632643498005,102389,10.376,42.3,10.4,-2.3,0.29,1.25,97.56,-2.69,-4.19,0.13,0.17,0.15,-7.38,-8.81,6.63,219.52,210.0,0.0
1777660632741654667,102489,10.4,31.6,10.4,-1.5,0.21,1.04,97.12,-2.13,-2.94,0.04,-0.06,0.53,-17.81,-5.56,1.63,226.55,208.0,0.0
1777660632843896020,102590,8.992,40.3,10.408,-0.4,0.2,1.17,97.44,-1.12,-1.12,0.27,-0.5,0.38,-13.25,-8.75,-1.69,257.76,209.0,0.0
1777660632943980481,102689,9.088,40.8,10.42,-0.7,0.21,1.09,97.62,-0.37,-0.56,0.01,-0.61,1.0,6.13,-1.56,-0.94,11953.38,215.0,0.0
1777660633044311458,102789,9.004,44.7,9.368,-1.4,0.33,1.21,97.75,-0.25,-1.94,-0.28,0.03,0.72,17.75,2.13,1.0,312.3,215.0,0.0
1777660633142480066,102889,8.92,42.4,10.416,-0.6,0.27,1.46,97.56,0.19,-3.06,-0.17,-0.18,0.62,2.5,-11.63,3.44,284.86,245.0,0.0
1777660633240652372,102988,9.096,43.7,10.412,0.5,0.25,1.19,97.06,1.31,-2.88,0.31,-0.29,0.0,-5.38,-8.88,7.13,330.82,245.0,0.0
1777660633342863526,103088,9.028,35.0,10.404,-0.2,0.27,1.37,96.25,1.56,-2.44,-0.13,-0.06,-0.59,-1.81,-1.37,9.19,11962.64,278.0,0.0
1777660633448986127,103188,9.092,47.2,10.416,-0.7,0.23,1.54,95.31,1.69,-2.31,-0.12,0.39,-0.43,-2.25,-0.63,9.5,11961.78,304.0,0.0
1777660633539228223,103288,9.112,38.0,10.42,-1.9,0.25,0.94,94.5,1.94,-2.13,-0.04,0.03,-0.58,-3.75,-2.25,7.06,352.78,304.0,0.0
1777660633641492471,103388,9.064,32.5,10.404,-0.7,0.02,1.25,94.06,2.19,-1.88,-0.02,0.04,-0.29,-0.69,-1.69,3.06,358.95,329.0,0.0
1777660633741559205,103488,9.02,20.8,10.412,-0.5,0.33,0.98,93.75,2.19,-2.0,-0.06,0.16,0.07,2.38,-0.56,4.06,11963.5,337.0,0.0
1777660633849830202,103588,10.404,24.7,9.316,-0.3,0.23,1.04,93.19,2.25,-2.31,-0.24,-0.04,0.02,4.0,-3.63,9.13,11964.18,337.0,0.0
1777660633947984052,103688,9.1,24.8,9.46,-0.1,0.21,0.88,91.69,2.81,-2.56,-0.25,-0.04,-0.23,2.94,-9.13,21.0,11967.61,334.0,0.0
1777660634042343996,103788,9.072,31.5,10.42,-1.3,0.25,0.98,89.0,3.69,-2.63,0.13,-0.12,0.17,2.63,-5.0,32.31,348.32,334.0,0.0
1777660634148357929,103888,8.944,34.2,10.408,-2.0,0.18,1.19,85.56,3.94,-2.56,-0.02,-0.11,-0.1,0.94,1.81,37.88,11959.21,335.0,0.0
1777660634238744488,103988,9.088,22.4,10.424,0.2,0.1,0.76,82.12,3.69,-2.31,-0.14,-0.09,-0.02,-1.25,5.31,30.94,11964.01,338.0,0.0
1777660634340920508,104088,9.024,27.0,10.404,-0.7,0.21,0.86,79.81,3.44,-1.88,0.0,-0.23,-0.02,-2.69,3.06,17.56,372.16,338.0,0.0
1777660634440988230,104187,10.448,17.8,9.384,-0.2,0.35,0.78,78.94,3.06,-1.37,0.04,-0.17,0.07,-4.63,5.31,2.25,11964.18,333.0,0.0
1777660634549316475,104287,9.044,20.6,10.424,-1.6,0.2,0.82,79.37,2.69,-0.94,0.08,-0.15,0.04,-4.44,2.63,-9.13,11960.75,316.0,0.0
1777660634641486303,104387,9.048,19.1,10.424,-0.7,0.2,0.8,80.06,2.56,-0.63,-0.03,-0.08,0.09,-1.56,-1.81,-3.75,11960.75,315.0,0.0
1777660634739694927,104487,9.04,17.9,10.424,-0.8,0.18,0.68,80.31,2.69,-0.5,0.07,-0.07,0.04,-1.06,0.31,-3.38,11961.95,315.0,0.0
1777660634841876533,104587,10.412,16.0,10.42,-0.6,0.06,0.64,80.94,2.69,-0.44,0.18,-0.11,0.0,-1.06,2.88,-8.31,11961.27,311.0,0.0
1777660634940146671,104687,8.968,22.7,10.404,-1.1,0.21,0.49,81.81,2.44,-0.44,0.03,-0.08,-0.05,1.56,1.12,-10.31,11962.64,311.0,0.0
1777660635042317069,104787,10.388,19.5,9.432,-0.7,0.16,0.76,82.87,2.38,-0.69,-0.01,-0.13,0.11,2.88,1.06,-11.25,11961.78,305.0,0.0
1777660635140538556,104887,8.928,117.0,9.488,0.2,0.18,4.26,83.87,2.19,-0.94,-0.14,-0.18,-0.04,3.25,1.56,-8.63,11888.21,315.0,0.0
1777660635240961859,104988,9.032,-20.3,10.44,-1.1,0.12,-0.33,84.44,1.88,-1.06,-0.36,0.01,0.18,-1.12,-1.12,-5.5,11960.58,315.0,0.0
1777660635339190541,105089,9.112,25.7,9.288,0.1,0.16,1.07,85.19,2.25,-0.88,0.14,-0.11,-0.21,-2.25,-2.63,-10.06,11954.06,310.0,0.0
1777660635443245721,105189,9.032,21.2,10.432,0.2,0.18,0.78,86.25,2.0,-0.88,-0.26,-0.12,0.07,0.5,4.19,-10.69,11961.95,311.0,0.0
1777660635539554617,105289,9.04,26.2,10.412,0.0,0.29,0.76,87.25,1.81,-1.0,-0.2,-0.02,-0.07,1.06,-0.06,-8.94,319.5,311.0,0.0
1777660635641824998,105389,9.0,28.9,10.416,0.1,0.08,1.02,87.81,2.0,-1.0,0.12,-0.08,-0.06,0.19,-4.38,-3.5,298.07,316.0,0.0
1777660635740044450,105490,10.4,31.9,9.248,-0.4,0.12,1.0,87.94,2.19,-1.0,0.11,-0.1,0.03,0.06,-1.06,-1.19,320.02,316.0,0.0
1777660635844164700,105590,10.412,27.6,10.424,-1.0,0.33,1.04,88.25,2.19,-1.0,0.0,0.02,-0.01,0.19,2.81,-4.0,11966.24,323.0,0.0
1777660635942361383,105690,8.924,36.5,10.408,-1.0,0.14,0.86,88.75,2.0,-1.0,-0.04,-0.07,0.06,0.25,0.12,-6.0,11963.15,317.0,0.0
1777660636050711606,105790,10.404,27.5,10.432,-1.3,0.23,1.04,89.37,2.06,-1.12,-0.09,-0.03,0.03,1.12,-1.25,-6.06,11962.98,317.0,0.0
1777660636142832129,105890,8.976,31.5,10.432,-1.0,0.06,1.09,89.81,2.19,-1.25,0.12,-0.02,0.12,1.12,-0.88,-2.25,11960.58,316.0,0.0
1777660636239235234,105990,8.916,22.5,10.424,0.0,0.29,0.66,89.5,2.31,-1.25,-0.03,0.05,-0.13,-0.25,-1.0,7.69,11961.95,316.0,0.0
1777660636341418366,106090,8.952,25.8,10.42,-1.4,0.21,1.0,88.25,2.31,-1.12,-0.09,-0.07,0.08,-1.56,1.31,16.75,341.63,316.0,0.0
1777660636439573941,106189,9.04,21.8,10.42,-1.0,0.08,0.7,86.37,2.31,-0.88,-0.16,-0.06,0.04,-1.88,0.63,21.06,295.67,320.0,0.0
1777660636539684759,106289,9.088,23.0,10.424,-1.2,0.1,0.82,84.56,2.31,-0.75,0.0,-0.1,-0.07,0.5,-0.12,17.87,11960.92,320.0,0.0
1777660636642110654,106389,9.028,28.4,10.432,-1.1,0.14,0.59,83.19,2.31,-0.75,-0.1,-0.03,-0.02,0.69,0.0,11.69,11962.47,320.0,0.0
1777660636740150305,106489,8.924,24.5,10.432,-1.1,0.14,0.78,82.0,2.38,-0.75,-0.05,0.05,0.05,-0.5,-0.75,12.81,11957.67,302.0,0.0
1777660636842419783,106590,8.944,20.2,10.436,-1.1,0.18,0.9,80.56,2.38,-0.56,-0.02,-0.01,-0.05,-1.75,-0.12,17.37,11960.75,299.0,0.0
1777660636940649775,106690,10.42,17.0,9.408,-0.4,0.21,0.55,78.75,2.25,-0.31,-0.04,0.01,0.0,-1.37,1.63,19.06,11959.21,299.0,0.0
1777660637042887634,106790,9.048,17.2,10.432,-1.1,0.25,0.57,77.25,2.19,-0.06,0.06,0.18,0.84,-2.38,0.31,10.25,11957.32,299.0,0.0
1777660637141171789,106890,9.12,20.3,10.428,-1.0,0.2,0.74,76.44,2.25,0.06,-0.16,0.39,1.07,-2.38,-2.5,9.19,11959.04,299.0,0.0
1777660637241567639,106990,8.98,20.6,10.432,-0.6,0.14,0.51,75.31,2.44,-0.12,-0.33,0.52,1.02,-1.37,-7.94,15.75,11958.01,311.0,0.0
1777660637339776872,107090,8.992,20.6,10.436,-0.6,0.18,0.7,73.62,2.88,-0.5,-0.51,0.16,0.73,0.19,-15.06,18.31,11958.35,370.0,0.0
1777660637443989747,107191,8.996,16.4,10.424,-0.5,0.27,0.8,71.75,4.0,-0.69,0.54,-1.02,-1.2,7.88,-1.31,22.12,11958.35,370.0,0.0
1777660637542073780,107291,8.944,16.8,10.436,-1.2,0.16,0.64,69.19,2.69,-2.13,0.54,-1.57,-0.11,21.94,30.44,29.37,11958.01,423.0,0.0
1777660637644357303,107392,8.968,20.7,10.424,-0.1,0.04,0.51,65.75,-0.31,-4.88,-0.54,-2.29,1.87,33.31,22.94,37.25,11959.72,472.0,0.0
1777660637742526191,107492,8.98,17.7,10.432,-1.0,0.08,0.59,62.13,-0.56,-8.19,0.01,-0.05,-0.54,29.06,-9.13,39.06,11960.92,472.0,0.0
1777660637842916269,107592,8.928,19.9,10.436,-1.1,-0.02,0.49,57.75,-0.06,-9.75,-0.5,-0.6,-2.34,3.38,3.56,44.56,613.97,590.0,0.0
1777660637943054928,107692,8.9,23.7,10.428,-1.4,0.1,0.88,53.63,-0.12,-9.44,-1.06,-0.87,-1.58,-6.06,4.06,38.44,11962.47,590.0,0.0
1777660638045484552,107792,9.06,27.3,10.424,-0.9,0.02,1.25,49.94,0.44,-8.38,-0.17,-0.62,-1.0,-11.44,-5.44,39.56,11963.5,590.0,0.0
1777660638141633351,107892,8.908,21.3,10.428,-0.9,0.0,1.05,45.44,1.19,-7.0,0.35,-0.75,-0.78,-14.44,2.44,51.75,618.09,590.0,0.0
1777660638243939813,107993,8.956,22.1,10.428,0.3,0.04,0.72,39.94,1.56,-5.25,0.2,-0.67,-0.15,-17.69,1.75,60.69,539.2,592.0,0.0
1777660638342082286,108093,9.104,23.9,10.424,-2.3,0.02,0.68,34.0,2.44,-3.38,0.32,-0.42,0.74,-17.0,-8.88,61.88,516.39,539.0,0.0
1777660638442200285,108193,10.408,27.8,10.444,-0.4,-0.1,1.45,28.31,3.63,-1.31,0.27,0.09,0.82,-18.06,-6.38,57.94,11968.13,523.0,0.0
1777660638550509823,108293,10.392,35.6,10.432,-1.5,0.14,1.25,23.37,4.13,0.56,0.38,-0.01,0.46,-14.19,-0.5,44.0,11969.67,523.0,0.0
1777660638640825599,108392,10.42,25.0,10.436,-0.1,0.02,1.27,20.06,3.63,1.75,0.01,0.05,-0.14,-6.63,7.88,26.0,485.86,509.0,0.0
1777660638740921361,108491,9.028,36.8,10.424,-0.5,-0.06,1.23,18.56,3.0,1.94,-0.55,-0.52,-0.35,4.75,1.37,10.38,11967.61,506.0,0.0
1777660638841333994,108591,9.088,36.9,10.424,-1.6,0.0,1.13,17.87,3.0,1.69,-0.34,-0.71,-0.21,18.06,-9.19,1.69,494.26,506.0,0.0
1777660638939528046,108691,9.112,29.0,10.42,-0.6,0.02,1.27,17.81,3.75,0.06,-0.18,-0.38,-0.09,19.87,-6.56,-0.56,495.81,506.0,0.0
1777660639041827396,108791,9.044,28.5,10.436,-0.4,0.02,0.94,17.81,4.0,-1.25,-0.24,-0.25,0.36,9.69,-1.06,-0.5,493.58,505.0,0.0
1777660639140033499,108891,8.98,23.2,10.428,-0.7,0.02,1.09,17.94,3.94,-1.69,-0.26,-0.19,0.64,-0.19,-0.31,-3.69,484.66,472.0,0.0
1777660639238217567,108991,8.916,20.8,10.428,-0.4,0.08,0.78,18.5,3.69,-1.37,-0.19,-0.22,0.5,-4.06,1.75,-5.81,485.17,472.0,0.0
1777660639340504735,109091,8.912,22.7,10.42,-0.6,-0.04,0.55,18.75,3.5,-1.12,-0.29,-0.32,-0.17,-0.75,0.56,-0.56,499.58,481.0,0.0
1777660639438740329,109191,9.024,28.4,10.432,-1.6,0.08,0.98,18.5,3.38,-1.19,-0.3,-0.18,-0.14,4.5,-0.31,6.88,506.1,502.0,0.0
1777660639548997822,109291,8.98,25.4,9.372,0.2,0.06,0.98,17.06,3.19,-1.56,-0.53,0.01,-0.1,4.38,-4.19,22.69,11964.35,507.0,0.0
1777660639639270751,109391,9.116,18.0,9.24,0.7,-0.04,0.68,13.69,3.63,-1.69,-0.16,0.04,-0.09,2.06,-6.06,44.31,502.15,507.0,0.0
1777660639749479456,109491,8.948,22.3,10.444,-0.7,0.18,0.96,8.5,3.81,-1.63,-0.36,0.0,0.61,3.25,1.56,58.5,11961.95,524.0,0.0
1777660639841695211,109591,8.988,25.8,9.36,0.5,-0.02,0.94,2.94,3.5,-1.75,-0.33,0.29,0.91,5.19,6.19,54.38,11961.78,539.0,0.0
1777660639948029049,109691,9.12,20.4,10.44,-0.9,-0.06,0.96,-1.81,3.88,-1.5,-1.01,1.1,-0.05,-5.75,-17.19,44.94,549.83,539.0,0.0
1777660640048190159,109791,8.948,15.5,10.428,-1.0,0.08,0.61,-5.31,6.31,-0.12,-0.16,0.1,0.51,-11.06,-19.5,29.75,11959.55,563.0,0.0
1777660640140411115,109891,8.976,17.7,10.424,-1.8,-0.02,0.37,-8.19,8.0,0.88,-0.44,-0.28,-0.31,-2.19,-16.12,33.88,11961.27,559.0,0.0
1777660640240806977,109991,8.968,21.4,10.432,-1.7,0.14,0.76,-12.25,9.19,0.88,-0.7,-0.94,-1.09,13.81,-15.81,50.75,11916.16,559.0,0.0
1777660640345058892,110090,9.164,397.0,9.216,-0.2,0.0,2.4,-17.87,10.44,-0.25,-0.39,-1.13,-0.5,33.38,-7.0,73.62,11796.46,589.0,0.0
1777660640437249614,110190,8.852,140.8,10.368,-0.8,0.0,1.31,-26.19,10.56,-2.44,-0.07,-1.07,-0.16,38.31,9.56,91.12,540.05,589.0,0.0
1777660640547456848,110289,10.32,134.1,9.944,-1.0,-0.02,0.76,-35.38,10.25,-3.94,-0.87,-0.87,0.99,25.62,4.06,88.06,11794.4,583.0,0.0
1777660640637768631,110389,9.04,123.6,9.556,-0.2,-0.06,1.0,-43.38,10.81,-4.25,-0.34,-0.69,-0.32,13.0,-1.88,72.5,581.56,583.0,0.0
1777660640735960355,110489,10.38,107.8,9.616,-0.1,0.0,0.72,-48.88,10.94,-3.69,-0.17,-0.83,0.09,-0.63,6.31,39.25,523.59,585.0,0.0
1777660640838286556,110588,8.916,155.0,10.376,-1.2,0.02,1.46,-50.31,10.75,-3.19,-0.62,-0.59,0.14,-3.75,-0.94,-1.69,524.96,586.0,0.0
1777660640936559229,110689,8.868,113.2,10.376,-1.0,0.06,1.29,-48.44,10.25,-2.75,-0.31,-0.65,-0.6,-6.19,-1.37,-33.63,511.58,586.0,0.0
1777660641038800757,110789,10.384,119.5,9.212,0.5,-0.02,0.39,-43.81,9.81,-3.06,-0.18,-0.78,-0.08,-3.5,4.69,-58.69,598.19,585.0,0.78
1777660641136993990,110889,10.352,128.8,9.352,-0.3,0.04,1.09,-36.94,8.88,-3.5,-0.03,-0.45,-0.01,-8.69,5.19,-79.5,531.31,585.0,0.0
1777660641235217457,110989,8.816,167.4,10.372,-0.9,-0.1,1.13,-28.69,7.94,-3.56,-0.22,-0.72,-0.32,-8.94,2.94,-86.37,528.73,583.0,0.0
1777660641337524983,111088,8.98,152.4,10.38,-0.7,-0.1,1.41,-20.81,7.25,-3.75,-0.4,-0.25,-0.22,-7.69,-1.5,-76.44,11791.48,565.0,0.0
1777660641435774873,111188,8.828,122.8,10.384,-0.9,0.04,0.76,-14.0,7.13,-3.63,-0.36,0.0,0.35,-13.0,-3.88,-64.12,516.9,565.0,0.0
1777660641538145884,111288,10.34,148.8,9.196,0.1,-0.04,0.82,-8.69,7.19,-2.81,-0.12,0.07,0.31,-21.94,-3.5,-57.25,512.1,581.0,0.0
1777660641638227558,111388,10.328,196.2,10.384,-0.8,0.08,1.07,-3.44,7.0,-1.31,-0.16,-0.09,0.05,-21.5,4.81,-46.44,11788.22,584.0,0.51
1777660641738633283,111489,8.864,122.2,10.384,-1.0,-0.04,1.0,0.69,6.31,-0.06,-0.49,-0.32,0.11,-9.94,5.94,-35.44,517.07,584.0,0.0
1777660641836841633,111589,10.452,-33.4,10.444,-1.3,-0.06,-0.92,3.5,5.5,0.12,-0.3,-0.09,0.27,3.94,2.75,-22.19,509.87,558.0,0.0
1777660641947060596,111688,9.08,13.1,10.432,-0.2,-0.02,0.35,5.25,5.31,-0.5,-0.14,-0.02,0.04,7.0,-2.75,-14.75,11959.72,552.0,0.0
1777660642037393435,111789,8.888,19.4,10.428,-1.1,-0.08,0.59,6.44,5.38,-1.12,-0.01,0.12,0.14,3.25,0.06,-11.88,606.25,552.0,0.0
1777660642135609678,111889,8.956,14.7,10.432,-0.9,0.16,0.61,7.31,5.19,-1.37,-0.2,-0.05,-0.2,0.63,-0.12,-6.69,520.16,563.0,0.0
1777660642233793556,111988,8.884,22.7,10.42,-0.8,-0.04,0.51,7.75,5.0,-1.5,-0.36,0.03,-0.07,1.0,0.63,-2.81,523.42,563.0,0.0
1777660642336119046,112088,8.98,19.1,10.432,-0.8,0.08,0.7,7.94,4.94,-1.56,-0.11,0.01,-0.27,0.63,0.69,-2.0,525.48,575.0,0.0
1777660642438463226,112189,8.9,18.8,10.428,-0.2,0.1,0.51,8.19,4.94,-1.69,-0.06,0.02,0.07,2.06,-1.88,-3.63,523.76,572.0,0.0
1777660642536696307,112288,8.948,17.9,10.428,-1.1,0.14,1.02,8.69,5.0,-1.88,0.04,0.0,0.03,0.88,0.37,-5.06,515.19,572.0,0.0
1777660642634920137,112388,10.416,18.3,9.744,-0.7,0.18,0.96,9.13,4.88,-1.94,-0.21,-0.02,0.16,0.37,1.25,-3.38,522.39,557.0,0.0
1777660642737249272,112488,8.884,20.7,10.428,-1.8,0.06,1.0,9.06,4.94,-1.94,-0.04,0.05,0.08,-0.94,-2.25,4.5,513.64,559.0,0.0
1777660642835471658,112588,8.896,32.0,10.428,-1.1,0.1,0.88,7.88,5.0,-1.75,-0.4,-0.41,0.21,3.56,-3.25,20.81,521.19,559.0,0.0
1777660642937777367,112688,8.948,27.2,10.428,-0.1,0.04,1.31,4.25,5.44,-2.13,0.01,-0.1,0.08,10.5,-2.0,49.38,552.57,574.0,0.0
1777660643036009396,112789,8.88,22.7,10.432,-0.7,-0.02,1.31,-0.94,5.38,-2.5,0.21,0.34,-0.05,5.31,6.69,52.13,506.27,574.0,0.0
1777660643134207422,112888,9.072,31.8,10.436,-2.2,0.0,0.74,-5.56,4.69,-2.31,-0.22,0.1,-0.06,-0.75,8.88,44.56,525.82,551.0,0.0
1777660643236584879,112988,10.416,33.1,10.044,-0.5,0.04,1.11,-9.88,4.31,-2.0,-0.33,-0.14,-0.18,1.88,-0.37,44.75,11966.41,534.0,0.0
1777660643334858444,113088,9.016,31.4,10.428,-0.3,0.0,0.9,-13.94,4.69,-2.0,-0.06,-0.22,-0.03,9.25,-4.63,49.31,11925.42,550.0,0.84
1777660643439024156,113188,10.144,512.6,10.168,-0.4,0.06,3.09,-18.75,5.0,-2.63,0.28,-0.1,0.2,10.38,4.81,47.38,11790.8,556.0,2.5
1777660643535339995,113288,9.052,0.0,10.384,-1.1,0.14,1.15,-22.87,4.63,-2.88,-0.05,-0.18,-0.1,0.44,5.75,34.31,498.38,556.0,0.0
1777660643639573954,113389,9.512,131.5,10.376,-0.9,0.1,1.02,-25.69,4.38,-2.38,0.11,-0.34,-0.16,-3.5,2.81,21.75,11771.42,537.0,7.26
1777660643737903201,113489,10.34,0.0,10.368,-0.8,0.12,1.13,-27.0,4.19,-1.81,0.42,-0.34,0.2,-0.06,4.25,4.06,11790.8,537.0,2.63
1777660643840122142,113589,8.904,0.0,10.368,-0.8,-0.04,1.05,-26.75,3.69,-1.94,-0.12,-0.29,0.47,4.69,5.5,-9.13,11793.37,537.0,4.81
1777660643938361972,113689,10.388,149.2,9.132,0.2,0.16,1.23,-25.81,3.38,-2.38,0.02,-0.33,0.06,4.94,-1.81,-10.75,11793.88,539.0,0.84
1777660644040825670,113789,8.772,151.8,9.76,-0.4,0.12,0.33,-25.0,3.56,-2.75,-0.02,0.1,0.05,3.56,-3.94,-5.75,11797.31,539.0,0.0
1777660644138901865,113889,8.732,151.5,9.104,0.0,0.02,1.52,-24.56,3.88,-2.88,0.0,0.15,-0.03,-3.06,-0.06,-3.88,11789.25,536.0,2.38
1777660644239393141,113989,8.98,140.8,10.38,-0.5,-0.02,0.94,-24.06,3.75,-2.44,-0.07,-0.08,0.13,-5.38,1.19,-5.31,11776.91,535.0,5.89
1777660644343615873,114089,8.852,56.0,9.38,0.0,0.16,0.39,-23.56,3.69,-2.13,-0.17,-0.05,-0.21,-0.94,-1.56,-5.06,11778.79,535.0,4.39
1777660644437681966,114189,10.352,138.6,9.484,0.4,0.2,0.61,-22.87,3.81,-2.13,0.08,-0.2,-0.04,0.75,-1.44,-8.81,11786.17,537.0,5.78
1777660644538130197,114289,8.684,190.5,10.364,-0.9,-0.12,1.25,-22.19,3.75,-2.25,-0.33,0.08,-0.05,-0.56,0.0,-6.81,515.19,537.0,2.9
1777660644638269321,114390,10.368,154.7,9.316,-0.2,0.04,0.94,-21.44,3.81,-2.06,0.0,-0.06,-0.15,-3.0,-1.0,-6.88,11776.05,546.0,2.94
1777660644746575976,114490,10.368,133.5,10.384,0.1,0.16,0.72,-20.5,3.69,-1.81,0.04,-0.31,-0.11,-3.0,3.63,-13.31,11785.48,539.0,5.05
1777660644838818406,114590,9.02,173.3,10.364,-0.5,0.08,1.02,-18.56,3.38,-1.81,-0.07,-0.32,-0.43,0.5,-1.06,-25.37,11793.03,539.0,2.63
1777660644947304625,114691,10.344,142.5,9.244,-0.7,0.02,0.92,-15.63,3.31,-1.88,-0.12,0.03,-0.18,-2.25,0.31,-34.56,11795.25,544.0,2.43
1777660645037492510,114791,9.084,141.9,10.392,-0.9,0.02,0.64,-11.88,3.06,-1.81,-0.19,-0.34,0.29,-1.44,1.19,-39.5,491.86,544.0,0.0
1777660645147739086,114890,10.384,92.7,9.308,0.3,0.23,1.15,-8.06,3.0,-1.81,-0.05,0.01,0.2,-1.81,-2.88,-37.75,11790.45,563.0,1.94
1777660645238036228,114990,8.904,112.4,10.364,-0.9,-0.02,1.04,-4.94,3.25,-1.75,-0.1,0.23,-0.09,-2.38,-4.25,-27.44,491.0,563.0,0.0
1777660645336263986,115090,10.368,142.8,10.368,-0.6,-0.06,1.17,-2.69,3.31,-1.5,0.0,0.0,-0.07,-7.06,2.0,-20.19,497.69,560.0,3.93
1777660645434487117,115189,10.412,-27.5,9.424,-0.4,0.04,-0.88,-0.94,3.06,-0.94,-0.18,0.12,0.01,-7.69,-4.06,-19.5,502.67,558.0,0.0
1777660645536872442,115289,9.068,15.1,10.428,-1.9,0.06,0.51,0.81,3.44,-0.5,-0.04,-0.18,0.0,-2.94,-1.31,-16.62,547.6,558.0,0.0
1777660645639213109,115390,9.024,17.8,10.424,-0.8,0.08,0.72,2.5,3.31,-0.5,-0.07,0.3,-0.19,1.06,4.06,-17.06,562.01,550.0,0.0
1777660645737411719,115490,9.044,15.5,10.428,-0.8,-0.02,0.57,4.0,2.94,-0.69,-0.21,0.09,-0.35,-0.06,1.12,-12.44,515.87,545.0,0.0
1777660645847645710,115591,9.044,16.8,10.428,-1.4,0.2,0.25,4.88,2.94,-0.81,0.04,0.12,-0.3,0.81,-3.06,-6.69,11959.55,552.0,0.0
1777660645938026541,115691,8.932,19.1,10.432,-1.2,0.02,0.94,5.31,3.13,-1.0,0.0,0.06,0.3,2.19,-3.13,0.06,532.51,552.0,0.0
1777660646048214278,115790,8.812,18.0,10.428,-0.6,0.04,0.74,4.75,3.56,-1.25,0.29,0.18,0.05,2.0,-5.06,13.88,11959.55,548.0,0.0
1777660646138585063,115890,9.04,17.0,9.28,-0.7,0.0,0.59,2.44,3.69,-1.31,-0.05,0.14,0.09,2.81,3.81,35.0,508.5,548.0,0.0
1777660646240908494,115991,8.992,21.5,10.432,-1.6,0.06,0.68,-1.75,3.25,-1.5,-0.49,0.58,0.96,5.06,3.75,45.25,507.98,542.0,0.0
1777660646339279444,116091,10.008,21.5,10.424,-1.4,0.02,0.84,-5.88,3.31,-1.56,-0.37,0.72,0.25,1.37,0.37,40.81,11964.35,578.0,0.0
1777660646437392399,116191,10.404,23.0,9.384,-0.8,0.04,1.05,-9.88,3.19,-1.5,-0.44,0.47,0.02,1.12,1.56,42.56,552.57,578.0,0.0
1777660646539764838,116291,10.408,24.3,9.256,0.3,0.12,0.74,-14.0,3.06,-1.81,-0.51,0.0,-0.25,4.63,-5.63,40.94,554.46,583.0,0.0
1777660646637998128,116390,8.656,492.2,10.272,-1.2,0.0,2.58,-17.62,4.19,-2.38,-0.63,-0.3,-0.27,12.13,-12.38,36.13,566.64,583.0,0.0
1777660646736286979,116490,8.9,116.7,10.36,-1.2,0.1,1.04,-21.56,5.88,-3.25,0.1,-0.41,-0.18,15.0,-14.06,42.88,669.36,605.0,0.81
1777660646838534381,116589,8.776,84.2,10.384,-0.7,0.1,0.7,-26.19,6.81,-4.31,0.08,-0.5,-0.18,16.44,-2.0,49.75,570.92,629.0,0.0
1777660646936815125,116689,10.364,0.0,10.38,-0.9,0.06,1.11,-31.25,7.0,-4.63,-0.13,-0.42,-0.14,11.69,4.44,51.19,577.96,629.0,3.55
1777660647039123922,116790,8.964,121.3,10.368,-0.8,-0.04,1.21,-36.31,7.06,-4.44,0.13,-0.35,0.12,5.44,2.94,51.56,568.18,631.0,1.6
1777660647137363615,116890,9.024,140.0,10.368,0.2,0.0,1.11,-41.44,6.94,-4.06,0.12,-0.36,-0.46,2.88,7.38,54.06,663.19,625.0,0.0
1777660647239705665,116990,8.856,0.0,9.38,-0.1,0.0,1.07,-46.13,6.69,-3.56,-0.06,-0.03,0.6,-2.19,3.13,50.06,571.09,625.0,1.79
1777660647343940835,117091,9.028,0.0,10.348,-0.8,-0.06,1.33,-50.56,7.06,-2.56,0.25,0.11,-0.08,-7.5,-1.12,42.81,11790.97,624.0,2.94
1777660647446256567,117191,8.936,185.8,9.184,0.1,0.04,1.25,-54.44,7.0,-1.31,0.22,0.11,-0.18,-8.13,8.75,38.25,585.16,624.0,0.0
1777660647538584180,117291,8.96,99.1,10.372,-1.0,0.0,0.47,-58.0,6.19,-0.56,-0.48,-0.07,-0.38,3.63,5.25,38.69,654.96,623.0,1.59
1777660647638701740,117391,9.028,123.6,10.392,-0.8,-0.14,1.05,-62.44,6.25,-0.94,-0.23,-0.12,-0.23,15.44,-3.69,55.44,11787.37,624.0,2.0
1777660647741023303,117491,8.9,194.2,10.376,-0.6,0.12,1.43,-68.75,6.63,-2.13,0.04,-0.33,0.88,26.0,1.88,70.62,11796.28,658.0,0.0
1777660647837382240,117591,10.34,157.1,9.228,0.1,0.06,1.33,-75.94,6.25,-4.13,-0.88,-0.66,-0.02,30.56,9.63,72.31,617.91,658.0,3.24
1777660647941600955,117691,9.012,151.9,10.38,-0.6,0.2,1.11,-83.12,5.75,-6.13,-0.79,-0.53,-0.42,28.56,10.69,73.62,11778.96,680.0,2.43
1777660648037967312,117791,8.86,0.0,10.392,-0.9,0.2,1.25,-90.62,5.25,-7.75,-0.99,-0.77,-0.46,17.62,12.69,77.37,629.23,680.0,2.9
1777660648140299337,117891,8.772,147.2,10.36,-0.8,0.18,0.86,-97.69,5.81,-8.13,-0.88,-0.83,0.68,13.88,-7.19,65.81,704.01,707.0,7.22
1777660648238572634,117992,8.936,153.0,10.384,-0.8,-0.08,1.41,-103.25,7.5,-8.38,-0.28,-0.11,-0.61,9.5,-9.5,53.38,708.12,730.0,0.83
1777660648340895497,118092,10.344,114.2,9.272,-0.3,-0.02,1.41,-108.62,8.13,-8.13,-0.74,-0.16,-0.31,2.0,6.13,58.0,715.84,730.0,0.0
1777660648439164167,118192,10.368,121.3,9.112,0.1,-0.06,0.59,-114.5,7.88,-7.25,-0.66,0.0,0.11,-2.31,9.75,62.38,691.49,701.0,0.0
1777660648543412735,118292,8.748,195.1,10.352,-1.1,0.1,1.19,-120.75,7.56,-6.25,-0.36,-0.54,0.63,-0.56,5.88,63.94,11796.97,687.0,0.5
1777660648639755053,118393,8.892,140.9,10.384,-0.9,0.06,1.15,-126.62,7.63,-5.63,-0.06,-0.13,-0.09,6.38,3.69,58.44,611.74,687.0,0.0
1777660648742103606,118494,10.356,70.7,10.376,-0.8,0.1,0.51,-132.38,7.94,-5.75,-0.18,-0.39,0.32,11.69,0.75,61.0,597.51,714.0,3.18
1777660648840342588,118594,10.348,93.8,10.392,-0.7,0.08,1.05,-138.56,8.75,-6.13,-0.02,0.38,0.22,13.0,-3.19,63.19,599.22,714.0,0.88
1777660648944600335,118693,8.892,208.1,10.368,-0.6,0.1,1.21,-144.94,8.88,-6.06,-0.55,0.05,-0.6,6.31,8.25,66.69,11794.91,671.0,0.49
1777660649040915763,118795,9.024,105.6,10.384,-1.0,0.02,0.84,-151.38,8.94,-5.44,-0.59,-0.37,0.44,1.94,3.88,61.44,582.41,666.0,0.0
1777660649143333215,118895,10.384,114.1,10.396,-1.2,0.04,0.8,-156.81,9.56,-5.0,-0.33,-0.52,-0.01,7.06,-3.25,53.88,590.13,666.0,0.88
1777660649241759831,118995,10.412,-5.0,10.424,-1.4,0.06,0.25,-162.0,10.25,-4.88,-0.24,-0.09,-0.06,9.94,-2.81,51.75,11828.01,687.0,1.49
1777660649349859093,119095,10.356,147.4,9.344,1.0,-0.08,1.21,-167.38,10.44,-4.69,-0.45,0.31,-0.84,7.44,6.63,59.69,11837.79,681.0,0.0
1777660649442119079,119195,9.02,97.6,10.404,-0.6,0.08,0.86,-173.75,10.75,-4.31,-1.34,-0.97,1.29,11.88,-7.5,65.56,588.42,681.0,0.0
1777660649552408349,119296,9.016,59.9,10.4,-1.4,-0.08,0.53,-179.94,12.06,-4.94,-0.08,-0.72,0.26,25.0,7.19,59.81,11872.94,647.0,0.0
1777660649642732481,119396,9.024,18.7,10.42,-1.4,0.12,0.55,174.13,11.63,-6.56,-1.17,-0.9,0.3,30.87,5.5,52.19,616.2,647.0,0.0
1777660649745132848,119496,9.016,43.8,10.412,-0.4,0.12,0.94,169.19,12.13,-8.38,-0.5,-0.79,-0.08,25.87,4.13,48.13,639.7,649.0,0.0
1777660649843294260,119597,8.952,49.9,10.416,-0.4,0.02,1.31,164.06,12.56,-9.44,-1.16,-0.83,0.69,19.37,-1.19,50.38,678.8,696.0,0.0
1777660649945694165,119698,8.996,55.5,10.416,-1.5,0.14,1.37,159.19,13.56,-9.81,-0.79,-0.09,-0.36,10.69,1.12,47.69,710.01,696.0,0.0
1777660650045847631,119797,8.912,43.2,10.42,0.7,0.18,1.46,154.56,13.38,-9.44,-0.73,0.02,-0.13,5.31,7.13,45.75,11962.47,727.0,0.0
1777660650146293376,119897,8.98,24.8,10.42,-1.2,0.16,0.96,150.56,12.63,-8.81,-1.02,0.12,-0.15,-4.5,5.75,37.06,683.94,713.0,0.0
1777660650244544899,119998,10.424,15.5,9.308,-0.5,0.02,0.94,147.69,12.69,-7.44,-0.65,-0.34,0.55,-7.94,6.06,22.44,766.09,713.0,0.0
1777660650346916024,120097,9.072,24.2,10.424,-0.4,0.0,0.53,146.81,12.69,-6.56,-0.2,-0.11,-0.36,-6.56,-2.56,0.94,674.51,728.0,0.0
1777660650445150814,120198,9.036,21.7,10.428,-0.4,0.0,0.61,147.75,12.38,-6.13,-0.35,-0.38,0.31,-4.19,3.38,-22.69,667.99,701.0,0.0
1777660650547503115,120299,10.4,35.4,10.42,-1.1,0.16,1.19,151.19,11.56,-6.19,-0.28,-0.2,0.14,-5.06,-1.75,-51.13,668.85,701.0,0.0
1777660650647657437,120398,9.004,64.9,10.408,-1.2,0.14,0.92,156.94,11.13,-6.5,0.05,-0.36,0.3,-9.69,-7.75,-65.31,11882.03,712.0,0.0
1777660650748104884,120498,10.316,167.0,10.368,0.2,0.06,1.41,163.94,10.88,-6.94,0.06,-0.5,-0.15,-5.94,-3.5,-76.31,657.7,713.0,2.63
1777660650846359961,120598,9.072,162.3,9.34,-0.1,0.1,0.84,171.19,10.13,-7.81,-0.39,-0.06,-0.07,-3.94,-0.06,-69.19,637.98,713.0,1.75
1777660650946528388,120697,8.9,209.5,10.36,-1.1,-0.08,1.48,177.38,9.69,-8.44,-0.13,0.04,0.14,-4.69,-5.19,-57.19,11794.23,688.0,1.49
1777660651052940180,120797,8.968,139.2,10.364,-0.4,0.14,0.63,-178.06,9.13,-8.81,-0.75,0.42,-0.39,-3.13,0.75,-36.13,663.36,688.0,9.36
1777660651145232960,120897,9.032,75.0,10.384,-0.8,0.1,1.21,-177.06,8.63,-8.75,-0.84,0.17,0.06,-4.06,0.63,17.0,638.32,690.0,0.0
1777660651243451891,120996,8.896,107.6,10.384,-0.9,0.04,0.98,178.5,8.88,-7.69,-0.96,0.2,0.54,-7.06,-1.63,66.81,651.36,693.0,0.0
1777660651341663085,121096,8.992,142.9,9.212,0.2,0.0,1.64,171.88,9.56,-5.94,-0.19,-0.37,0.05,-4.81,3.75,67.69,631.81,693.0,0.0
1777660651444077741,121196,8.88,92.3,10.368,-0.9,-0.06,0.64,165.94,9.69,-5.0,0.13,-0.11,-0.77,6.19,6.56,57.06,645.35,670.0,1.57
1777660651544279936,121296,10.392,16.6,9.388,-1.0,0.08,0.59,160.31,9.56,-5.13,-0.59,-0.62,0.4,14.38,4.31,57.38,11839.5,666.0,0.0
1777660651652612987,121396,8.976,82.7,10.404,-1.8,-0.02,0.57,154.56,9.69,-5.69,-0.92,-0.3,-0.15,15.94,2.56,58.5,11855.79,671.0,0.0
1777660651742966356,121496,10.376,108.7,9.268,0.5,0.04,1.29,148.88,10.06,-6.25,-0.31,-0.36,0.54,14.88,1.94,53.69,634.38,671.0,0.0
1777660651841189082,121595,8.996,94.0,10.38,0.4,0.0,0.84,144.56,9.94,-6.5,-0.85,0.12,0.18,7.19,9.19,42.44,675.71,671.0,0.0
1777660651943581284,121695,8.9,65.5,10.408,-2.2,-0.02,0.86,140.63,10.06,-6.06,-0.14,-0.07,-0.49,-1.75,1.75,39.88,666.79,679.0,0.0
1777660652041842017,121795,10.12,46.1,9.252,0.7,0.04,0.68,136.56,9.88,-5.0,-0.47,-0.18,-0.01,-5.06,6.81,42.69,631.81,700.0,0.0
1777660652140092376,121894,9.024,56.6,10.42,-1.1,0.0,0.61,132.69,9.38,-3.94,-0.48,-0.29,0.51,-2.44,5.19,37.56,614.14,700.0,0.0
1777660652242466712,121994,8.944,9.4,10.424,-1.1,0.08,0.41,129.5,8.88,-3.31,-0.52,-0.35,0.14,1.88,8.81,27.5,598.53,662.0,0.0
1777660652340678513,122094,8.944,63.2,10.408,0.2,-0.02,0.84,126.75,8.13,-3.19,-0.61,-0.35,0.12,6.31,4.88,29.06,613.11,638.0,0.0
1777660652443044167,122193,8.992,39.2,10.42,-0.6,0.02,0.96,123.75,7.88,-3.25,-0.4,-0.28,0.03,7.31,-1.94,32.75,587.39,638.0,0.0
1777660652541325644,122293,9.032,71.5,9.264,-0.1,0.08,0.86,120.56,8.31,-3.19,-0.2,-0.31,0.42,2.06,-0.75,31.81,613.97,659.0,0.0
1777660652641466153,122393,8.968,56.9,9.336,0.3,-0.12,1.13,118.0,8.56,-2.69,-0.28,-0.22,0.0,-2.75,-1.44,20.56,11930.57,637.0,0.0
1777660652749825867,122493,9.024,70.2,9.288,-1.9,0.02,0.92,116.06,8.56,-2.31,-0.17,-0.37,-0.42,3.44,3.06,21.87,11926.45,625.0,0.0
1777660652840224022,122593,8.896,47.6,9.368,0.3,0.04,0.82,113.12,8.13,-2.38,-0.54,-0.01,0.0,6.75,4.69,36.88,619.11,625.0,0.0
1777660652942523888,122693,10.408,56.6,9.384,-0.1,-0.04,1.19,109.12,8.0,-2.19,-0.58,0.1,0.53,0.12,-4.44,41.31,614.83,625.0,0.0
1777660653040797143,122793,9.084,24.3,10.416,-0.6,-0.04,0.8,105.19,8.75,-1.37,0.07,-0.12,-0.07,-2.88,-6.69,41.13,600.59,626.0,0.0
1777660653143182300,122894,8.936,17.6,10.428,-1.0,0.04,0.55,101.75,8.69,-0.75,-0.36,-0.3,0.11,3.31,6.5,35.44,579.16,642.0,0.0
1777660653241463535,122994,9.16,11.2,9.368,-0.1,0.02,0.12,98.62,7.94,-0.88,-0.59,-0.14,-0.11,11.06,3.44,29.06,578.64,642.0,0.0
1777660653349824928,123094,9.02,13.7,10.428,-0.7,0.1,0.33,96.0,7.81,-1.63,-0.34,-0.22,0.08,12.94,-1.5,21.06,11960.75,627.0,0.0
1777660653442038018,123194,9.112,20.1,10.432,-1.4,0.02,0.49,93.87,7.88,-2.5,-0.48,0.02,-0.11,10.94,0.44,23.75,601.62,642.0,0.0
1777660653542240643,123293,8.988,16.5,10.428,-0.8,0.06,0.59,91.31,8.06,-3.0,-0.28,-0.02,-0.01,6.5,-0.56,28.31,11964.18,659.0,0.0
1777660653644731556,123393,9.08,18.4,9.308,0.1,0.14,0.59,88.62,7.88,-3.25,-0.39,-0.17,0.15,7.44,1.19,24.0,11963.5,659.0,0.0
1777660653742861109,123493,8.936,22.3,10.428,-0.4,0.16,0.45,86.62,7.88,-3.56,0.08,-0.15,-0.1,6.56,0.37,15.44,11962.12,627.0,0.0
1777660653839177675,123593,10.416,17.6,9.4,-0.1,-0.02,0.82,85.81,7.63,-3.88,-0.18,-0.18,0.14,3.19,0.88,2.81,628.03,627.0,0.0
1777660653941583287,123693,9.02,19.3,10.432,-0.9,0.1,0.68,85.81,7.5,-3.88,-0.15,-0.26,0.09,-0.19,0.12,-1.31,615.51,636.0,0.0
1777660654041708160,123793,8.924,16.1,10.284,-1.0,0.06,0.82,85.87,7.31,-3.81,-0.13,-0.14,0.15,0.69,2.06,0.56,11960.58,639.0,0.0
1777660654144103756,123893,9.016,15.5,10.448,-1.3,-0.06,0.76,85.62,7.19,-3.81,-0.25,-0.04,-0.19,-0.06,-2.13,2.75,11962.81,639.0,0.0
1777660654240482600,123993,9.024,17.7,9.244,-0.1,0.08,0.7,85.69,7.19,-3.81,-0.14,-0.09,-0.01,-1.06,1.56,-4.31,11962.81,639.0,0.0
1777660654344616065,124093,8.932,30.4,9.62,-0.7,0.18,0.7,86.44,6.94,-3.75,-0.15,-0.11,0.04,-0.81,-0.5,-8.63,11963.15,615.0,0.0
1777660654443112997,124193,10.416,23.2,9.296,0.5,-0.06,1.11,87.37,7.0,-3.81,0.04,-0.16,-0.03,1.37,-2.56,-11.81,11966.93,615.0,0.0
1777660654543443116,124294,8.94,34.5,10.44,-2.1,0.1,1.43,89.0,7.0,-4.13,0.29,-0.1,-0.18,1.63,1.0,-22.81,648.44,618.0,0.0
1777660654643626861,124395,8.984,33.5,10.424,-1.6,0.04,1.21,92.62,6.56,-4.38,0.18,-0.21,-0.05,-4.06,5.94,-50.5,11966.24,627.0,0.0
1777660654744066331,124495,9.068,29.6,10.432,-0.3,0.06,1.45,98.75,5.88,-4.38,-0.34,0.0,0.02,-8.25,-3.81,-71.06,629.58,627.0,0.0
1777660654842292692,124595,8.976,39.8,10.424,0.7,-0.14,1.52,105.81,6.06,-4.13,-0.44,-0.01,0.03,-11.38,-11.06,-71.62,581.56,611.0,0.0
1777660654944738196,124696,8.928,89.7,10.412,0.1,-0.02,1.43,112.69,6.31,-3.5,-0.32,-0.11,0.16,-15.75,-2.56,-65.75,587.73,611.0,0.0
1777660655042966408,124795,8.944,86.0,10.4,0.0,0.04,0.88,118.81,6.19,-2.75,-0.29,-0.08,0.16,-12.81,-1.94,-61.88,582.93,631.0,0.0
1777660655145319847,124896,10.396,86.1,9.872,-0.7,0.1,0.64,124.81,6.06,-2.31,-0.12,0.21,-0.33,-9.25,-5.94,-58.94,665.93,631.0,0.0
1777660655243613663,124997,8.884,144.5,10.388,0.0,0.04,1.6,129.75,6.25,-2.19,-0.15,-0.05,0.22,-5.88,-1.31,-43.81,572.3,653.0,0.0
1777660655352022028,125096,10.276,95.6,10.404,-1.2,-0.04,0.39,133.31,5.88,-2.31,-0.29,0.3,0.13,-2.75,1.19,-29.75,11849.96,647.0,1.01
1777660655444219266,125196,10.388,96.6,10.4,-1.9,0.06,1.05,135.13,5.63,-2.56,-0.33,0.17,-0.11,-0.5,-7.38,-12.0,578.64,647.0,0.0
1777660655542438236,125296,8.848,147.8,10.144,-0.3,-0.02,1.33,135.69,6.19,-2.88,0.18,0.46,0.03,2.19,-5.31,3.38,580.87,670.0,0.79
1777660655644852618,125396,8.876,141.8,10.384,-0.9,-0.14,1.46,134.81,6.56,-3.25,0.21,0.5,0.24,0.63,-0.94,15.38,580.53,671.0,0.0
1777660655743083566,125496,8.856,99.1,10.412,-0.8,0.06,0.88,133.31,6.75,-2.94,-0.15,0.44,0.06,-5.31,-1.25,17.06,584.64,671.0,0.89
1777660655845468087,125596,8.992,44.2,10.42,-1.3,0.08,0.61,131.38,6.94,-2.56,-0.09,0.13,-0.04,5.69,0.5,24.75,586.19,685.0,0.0
1777660655943763514,125696,8.924,67.6,9.32,-0.1,0.04,0.84,128.31,6.75,-3.38,-0.17,0.17,-0.04,19.06,7.31,39.88,590.99,685.0,0.0
1777660656041953807,125796,8.904,99.5,10.412,-1.8,-0.08,0.72,123.56,6.25,-4.88,-0.42,0.04,-0.63,21.94,7.81,55.88,627.69,652.0,0.0
1777660656144385427,125895,9.044,88.3,9.184,0.5,-0.08,1.17,117.19,6.25,-6.19,-0.71,-0.13,-0.34,18.75,1.44,69.62,655.82,646.0,0.0
1777660656246764953,125996,9.08,4.7,10.432,-0.8,0.0,0.14,110.37,6.88,-6.94,0.06,-0.3,-0.23,15.63,2.31,67.0,647.24,646.0,0.0
1777660656345013516,126096,8.88,29.0,10.44,-0.9,-0.04,0.82,104.37,6.88,-7.38,-0.31,-0.2,0.23,10.0,11.19,54.75,683.94,678.0,0.0
1777660656443293385,126196,8.944,17.7,10.428,-0.9,-0.04,0.53,99.62,6.25,-7.25,0.0,-0.18,0.16,1.0,16.19,44.38,600.59,692.0,0.0
1777660656553582443,126296,9.48,17.7,9.236,0.0,0.08,0.94,95.69,5.63,-6.75,0.15,-0.34,0.07,-0.44,6.69,36.38,11965.38,637.0,0.0
1777660656645981817,126396,8.944,16.9,10.432,-0.8,0.02,0.27,92.31,5.44,-6.25,0.06,-0.46,-0.21,4.06,4.94,33.31,11962.12,637.0,0.0
1777660656744105827,126496,9.04,24.0,10.436,-0.8,0.1,0.78,89.0,5.31,-6.38,0.01,-0.22,0.06,6.19,4.88,32.63,11959.72,640.0,0.0
1777660656852479793,126596,8.996,16.9,10.432,-1.4,0.06,0.86,85.94,5.31,-6.5,-0.01,-0.24,0.06,3.19,1.81,28.75,11959.55,628.0,0.0
1777660656944864672,126696,9.012,11.3,10.44,-1.2,-0.02,0.68,83.69,5.44,-6.25,0.0,-0.53,-0.15,-0.94,1.69,18.12,11959.72,628.0,0.0
1777660657053120031,126795,9.0,15.2,10.44,0.1,0.0,0.41,82.12,5.5,-5.94,-0.07,-0.23,0.13,1.75,1.25,19.56,11958.69,654.0,0.0
1777660657145383603,126895,9.08,11.0,10.432,-1.0,-0.1,0.64,79.87,5.5,-5.75,-0.16,-0.25,-0.07,-0.12,3.38,28.12,11959.04,625.0,0.0
1777660657245904020,126995,9.076,13.6,10.436,-0.7,0.1,0.29,76.81,5.44,-5.38,-0.4,-0.17,0.13,-0.69,-1.06,33.44,634.38,625.0,0.0
1777660657350046608,127095,9.008,13.3,10.444,-1.2,-0.16,0.84,73.69,6.06,-4.75,-0.11,-0.4,0.1,0.0,-8.69,34.31,11962.98,607.0,0.0
1777660657444300881,127195,9.056,18.4,10.44,-0.4,0.12,0.51,70.12,6.75,-4.56,0.19,-0.05,-0.02,3.06,5.69,37.0,11965.38,607.0,0.0
1777660657544745005,127295,9.008,16.2,10.424,-0.1,0.0,0.35,66.94,6.31,-4.38,-0.36,-0.22,0.04,2.0,4.13,27.12,599.56,634.0,0.0
1777660657644942997,127395,10.412,17.9,9.264,0.0,-0.08,0.55,64.56,6.31,-4.31,0.03,-0.05,-0.39,3.63,-0.81,22.5,11961.27,586.0,0.0
1777660657745377069,127495,8.968,19.2,10.432,-0.8,-0.08,0.76,63.19,6.25,-4.31,0.07,-0.35,0.01,0.75,3.94,4.13,605.05,586.0,0.0
1777660657845563101,127595,8.888,14.6,9.54,-0.9,0.04,0.53,63.5,5.69,-4.44,-0.09,-0.14,-0.08,3.44,4.25,-7.69,11964.7,609.0,0.0
1777660657941895030,127695,9.044,26.9,10.436,-1.3,0.0,0.47,64.56,5.56,-4.81,-0.03,-0.26,0.29,1.12,-4.0,-16.87,651.53,609.0,0.0
1777660658046217668,127795,8.888,22.4,10.42,-1.9,-0.04,0.55,66.5,5.63,-4.88,0.0,-0.45,-0.06,-2.63,3.44,-21.5,11964.35,627.0,0.0
1777660658142572579,127895,8.956,19.9,10.416,-0.4,0.1,0.61,68.56,5.31,-4.69,0.08,-0.36,0.12,-3.19,0.63,-22.37,612.26,627.0,0.0
1777660658244985694,127995,9.008,32.9,10.428,-0.8,-0.02,-0.74,71.5,5.31,-4.63,-0.22,-0.31,0.1,-1.88,-8.31,-40.5,620.32,605.0,0.0
1777660658349160700,128095,8.892,32.7,10.428,-1.5,0.08,0.92,77.06,5.69,-5.0,-0.17,0.12,-0.42,0.19,-11.13,-68.0,11968.81,635.0,0.0
1777660658453507381,128195,8.872,27.0,10.428,-1.1,-0.1,1.13,84.0,5.94,-5.56,0.12,0.08,0.01,-3.5,-7.19,-69.12,11969.33,634.0,0.0
1777660658543862832,128295,8.988,24.2,10.436,-1.9,-0.14,1.35,90.0,5.88,-5.63,-0.04,0.27,-0.01,-7.5,-3.31,-51.63,607.45,634.0,0.0
1777660658654143473,128396,8.876,47.7,10.416,-0.8,0.1,1.37,93.56,5.88,-5.31,-0.2,0.22,0.16,-8.75,-2.5,-29.5,11947.38,636.0,0.0
1777660658744505960,128496,10.404,62.7,10.408,-1.1,0.08,1.05,96.06,6.0,-4.69,-0.18,0.22,0.0,-9.38,-4.38,-17.19,588.07,636.0,0.0
1777660658842726604,128595,8.904,38.1,10.432,-1.1,0.04,1.0,97.25,6.25,-4.13,0.06,0.09,0.11,-6.56,-2.5,-9.69,571.95,624.0,0.0
1777660658945135128,128696,9.056,45.9,9.468,0.5,0.04,0.84,97.94,6.25,-3.81,-0.15,0.23,-0.09,-2.81,1.06,-4.38,582.93,622.0,0.0
1777660659043412124,128795,8.928,33.9,10.42,0.1,-0.08,0.78,98.31,6.19,-3.75,0.01,0.18,-0.18,-2.19,-0.81,-2.5,582.07,622.0,0.0
1777660659141693886,128894,10.412,31.5,10.432,-1.3,0.08,0.51,98.37,6.19,-3.69,0.04,0.1,-0.13,-0.63,1.81,0.12,584.47,614.0,0.0
1777660659244104133,128994,10.36,31.8,9.332,0.0,0.1,-1.13,98.12,6.0,-3.81,0.0,0.24,0.11,2.25,0.19,5.38,573.15,614.0,0.0
1777660659342305323,129094,9.056,18.0,10.432,-0.5,0.14,0.47,97.19,6.5,-4.06,-0.14,0.46,0.14,-0.06,-15.13,13.88,560.46,633.0,0.0
1777660659444696371,129193,9.06,28.6,10.428,-1.2,-0.04,0.74,95.62,8.13,-3.81,0.7,0.22,-0.52,-0.31,-9.56,17.0,573.15,608.0,0.0
1777660659543043265,129294,9.016,12.4,9.256,0.6,0.08,0.47,94.25,8.25,-3.75,0.4,-0.01,0.64,3.13,4.0,9.88,612.94,608.0,0.0
1777660659653281663,129394,8.888,17.8,10.44,-0.3,-0.02,0.76,93.62,7.81,-4.19,0.1,0.05,-0.05,8.31,4.94,4.69,11964.53,608.0,0.0
1777660659743614972,129495,8.892,19.5,10.436,-0.7,-0.08,1.02,92.75,7.13,-5.25,-0.06,0.07,0.57,13.88,9.81,11.69,653.93,638.0,0.0
1777660659853929980,129596,8.952,19.9,10.42,-1.0,0.06,0.66,91.12,6.0,-6.56,0.07,-0.3,-0.06,16.62,20.69,18.19,11961.27,675.0,0.0
1777660659944267084,129696,8.928,17.5,10.444,-1.5,0.06,0.64,88.69,4.5,-8.0,-0.67,-0.03,0.25,16.94,11.19,26.44,688.23,675.0,0.0
1777660660046642768,129796,8.896,15.4,10.428,-0.7,0.0,0.59,85.75,5.56,-9.0,-0.82,-1.05,-0.15,8.88,-18.06,24.37,698.69,692.0,0.0
1777660660146830845,129896,8.964,21.0,10.428,-0.6,0.04,0.7,84.06,7.0,-9.81,0.11,-0.38,-0.97,5.31,-21.69,15.75,11960.24,711.0,0.0
1777660660247280675,129996,8.96,-2.9,10.448,-0.7,-0.12,-1.13,83.81,7.44,-9.94,0.17,-0.86,-1.29,-1.88,14.44,-9.25,11957.67,711.0,0.0
1777660660351580492,130097,8.952,25.0,10.428,-1.7,-0.04,0.57,85.12,5.25,-9.56,0.0,0.0,-1.85,-9.38,15.44,-17.69,11963.84,709.0,0.0
1777660660455869052,130197,8.892,23.6,9.352,-1.5,0.21,0.53,86.56,3.0,-8.5,0.01,-0.09,-1.18,-13.44,27.25,-14.5,11964.35,659.0,0.0
1777660660548264438,130297,9.004,22.8,10.436,-0.8,0.0,0.74,88.06,1.19,-7.25,0.41,0.12,0.15,-13.06,10.13,-18.37,11967.96,659.0,0.0
1777660660654518806,130397,8.864,20.8,10.432,-1.1,-0.02,1.39,90.19,0.31,-6.06,0.34,-0.17,-0.38,-10.94,9.0,-23.5,548.11,659.0,0.0
1777660660754768276,130497,8.98,23.9,10.432,-0.7,0.0,1.52,92.12,-0.56,-5.63,-0.06,-0.21,-0.01,1.44,3.69,-21.56,11970.53,538.0,0.0
1777660660847071017,130597,8.864,32.9,10.428,-0.4,0.1,1.13,93.75,-0.63,-6.38,-0.07,-0.05,0.2,14.13,0.06,-10.38,11967.1,467.0,0.0
1777660660955444952,130697,8.98,30.2,9.192,-0.4,0.21,1.54,94.44,-0.12,-7.75,-0.15,0.0,0.61,12.81,-12.06,-4.38,11963.15,404.0,0.0
1777660661047859430,130797,10.292,43.0,9.244,-0.7,0.02,1.52,94.87,0.81,-8.5,-0.27,0.13,1.16,0.56,-14.69,-1.88,11964.53,404.0,0.0
1777660661156115567,130897,8.9,35.5,10.416,1.0,0.2,0.76,95.19,1.75,-8.19,0.24,0.05,0.73,-7.63,-2.5,-5.19,11963.15,337.0,0.0
1777660661246482752,130997,9.008,-6.4,10.428,-1.0,0.02,-0.43,95.69,1.5,-7.25,0.55,-0.14,0.1,-11.88,9.25,-4.44,11953.21,283.0,0.0
1777660661350692314,131097,8.872,19.7,10.436,0.1,-0.04,0.68,96.06,0.31,-6.25,-0.25,0.08,0.3,-8.56,8.69,-4.5,11957.15,283.0,0.0
1777660661454934425,131197,9.032,32.8,10.428,-0.8,0.06,0.78,96.25,0.0,-5.69,0.0,-0.37,0.68,-2.5,-0.56,-0.25,11954.41,247.0,0.0
1777660661547418913,131297,9.048,31.7,10.432,0.0,0.1,1.09,96.25,0.37,-5.75,-0.1,-0.02,0.24,3.38,-4.94,0.37,11958.18,247.0,0.0
1777660661655647594,131397,8.988,25.3,10.436,-0.5,0.04,0.66,96.44,1.12,-5.44,0.0,0.07,-0.05,-11.31,-9.56,-2.44,11956.81,231.0,0.0
1777660661747942587,131497,8.98,28.9,10.432,-1.1,-0.02,0.68,96.56,1.75,-3.94,-0.01,-0.18,0.31,-14.75,-2.69,0.06,11954.41,211.0,0.0
1777660661856430117,131597,8.988,24.7,10.432,-0.7,0.02,0.86,96.5,1.56,-3.44,-0.02,-0.15,0.24,0.06,2.25,1.94,11955.09,211.0,0.0
1777660661948587030,131697,8.892,17.5,10.436,-0.5,-0.04,0.7,96.56,1.5,-3.5,0.15,-0.08,-0.34,1.0,1.63,-1.56,11956.29,203.0,0.0
1777660662057021376,131798,9.044,16.8,10.424,-2.0,0.14,1.52,96.69,1.06,-3.5,-0.08,0.03,0.09,-0.88,5.38,-1.5,11947.03,200.0,0.0
1777660662149378705,131898,8.856,31.6,10.436,-0.5,0.14,0.66,96.75,0.63,-3.38,0.01,-0.26,0.51,-1.5,3.63,0.44,11961.78,200.0,0.0
1777660662245812900,131997,8.856,63.5,10.42,-1.7,-0.16,2.15,96.69,0.5,-3.25,0.18,0.01,0.36,-1.31,2.31,0.12,11958.87,195.0,0.0
1777660662353997014,132097,9.012,46.0,10.432,-0.7,0.16,1.31,96.69,0.31,-3.06,0.0,-0.03,-0.03,-1.12,2.81,-0.06,11961.1,194.0,0.0
1777660662448312543,132197,9.028,42.5,9.236,-0.1,-0.04,1.37,96.69,0.12,-3.0,0.0,-0.08,0.07,-1.12,1.81,0.69,11961.61,194.0,0.0
1777660662556559125,132297,8.856,48.7,10.42,-0.6,0.1,1.17,96.62,0.0,-2.88,-0.08,-0.02,-0.05,-0.69,1.25,0.25,11962.64,192.0,0.0
1777660662648867409,132397,8.96,38.3,10.428,-1.6,-0.02,1.56,96.62,0.0,-2.88,0.05,-0.08,0.29,0.37,0.63,0.31,11962.81,189.0,0.0
1777660662757245686,132497,8.884,41.4,10.428,-1.0,0.0,1.52,96.62,-0.06,-2.88,-0.12,-0.11,-0.1,-0.31,0.19,0.25,11964.87,189.0,0.0
1777660662849489483,132597,8.968,47.8,10.432,-1.4,0.06,1.19,96.62,-0.06,-2.81,0.0,-0.06,0.07,-0.06,1.06,-0.06,11963.84,190.0,0.0
1777660662947860474,132697,8.976,45.5,10.432,-2.1,-0.02,1.39,96.62,-0.12,-2.81,0.05,-0.11,0.09,-0.06,0.75,-0.06,11962.98,190.0,0.0
1777660663050137923,132797,8.836,52.9,10.26,-1.3,0.1,1.35,96.62,-0.19,-2.81,0.0,-0.14,-0.04,-0.12,0.75,0.0,11964.18,188.0,0.0
1777660663148417169,132897,8.892,56.6,10.432,0.1,-0.04,1.54,96.62,-0.19,-2.81,-0.12,0.0,0.02,-0.06,0.31,-0.25,11967.78,190.0,0.0
1777660663248917700,132997,9.02,46.2,10.42,-2.0,0.08,3.11,96.62,-0.19,-2.81,-0.18,-0.1,0.1,-0.37,0.25,-0.12,11966.93,190.0,0.0
1777660663347261026,133097,9.02,47.8,10.428,-1.5,0.21,1.21,96.62,-0.25,-2.81,0.05,-0.13,0.17,0.0,0.75,0.12,11962.47,189.0,0.0
1777660663451456791,133197,8.824,39.4,10.424,0.7,0.08,1.58,96.62,-0.25,-2.81,0.07,-0.05,-0.11,-0.12,0.19,-0.12,11962.3,192.0,0.0
1777660663549831574,133298,10.36,49.8,10.424,-1.3,0.02,1.45,96.62,-0.31,-2.81,0.05,0.03,0.03,0.06,0.81,-0.37,11962.81,192.0,0.0
1777660663652107755,133398,8.888,47.3,10.408,-0.3,0.02,1.64,96.62,-0.37,-2.81,-0.03,-0.06,0.0,-0.31,0.56,-0.5,11960.58,188.0,0.0
1777660663750360747,133498,10.028,45.1,10.428,-1.1,0.1,1.5,96.62,-0.44,-2.81,0.0,-0.11,0.13,0.06,0.56,-0.19,11959.72,189.0,0.0
1777660663852917595,133599,8.952,37.4,10.424,-2.6,0.1,1.09,96.62,-0.44,-2.81,-0.01,-0.02,0.15,0.12,0.5,0.0,11959.04,189.0,0.0
1777660663951070663,133699,8.812,37.2,9.572,-0.5,0.04,1.29,96.62,-0.44,-2.81,0.0,-0.12,0.07,0.0,0.12,-0.06,11960.58,188.0,0.0
1777660664053562518,133799,8.956,34.4,10.432,-1.5,0.0,1.45,96.62,-0.44,-2.81,-0.1,-0.01,0.07,0.12,0.37,-0.06,11960.41,188.0,0.0
1777660664151697520,133899,8.896,34.3,10.428,0.7,0.1,1.09,96.62,-0.44,-2.81,-0.03,-0.08,0.09,0.19,0.06,0.06,11966.07,187.0,0.0
1777660664248131669,133999,9.008,76.6,9.168,1.1,-0.02,2.7,96.62,-0.44,-2.81,-0.06,-0.2,0.06,-0.06,-0.19,0.25,11943.77,188.0,0.0
1777660664352402167,134099,8.916,19.1,10.428,-1.2,0.02,0.7,96.62,-0.44,-2.75,0.06,0.11,-0.43,-0.25,-0.63,-0.81,11958.35,188.0,0.0
1777660664450642891,134199,9.028,42.0,10.432,-0.5,0.04,1.19,96.62,-0.5,-2.75,-0.03,-0.11,0.1,0.0,0.06,0.0,11958.18,188.0,0.0
1777660664559040552,134299,8.82,39.3,10.42,-0.8,0.0,1.15,96.62,-0.56,-2.75,-0.07,0.11,-0.05,0.31,0.94,0.12,11962.12,187.0,0.0
1777660664651442835,134400,8.856,56.6,10.424,-1.6,0.04,2.48,96.69,-0.69,-2.69,-0.97,-0.2,-0.23,-1.37,2.81,-1.81,11972.76,187.0,0.0
1777660664759683063,134499,8.972,86.7,10.224,0.2,0.14,2.13,96.75,-0.44,-2.69,-0.09,-0.15,0.34,0.75,-5.06,-1.31,11971.21,187.0,0.0
1777660664851962424,134599,8.996,75.0,10.412,0.6,0.04,3.14,96.75,0.0,-2.75,0.35,-0.11,0.1,-0.44,-2.63,0.94,11977.04,186.0,0.0
1777660664960436442,134700,8.956,89.2,10.396,-1.2,-0.04,3.36,96.62,0.0,-2.69,-0.22,-0.16,0.28,-0.81,0.19,0.75,11976.7,186.0,0.0
1777660665052616494,134800,8.972,86.3,10.408,1.8,0.06,2.95,96.56,-0.06,-2.56,-0.02,0.54,-0.87,-0.94,-1.37,0.44,11978.25,183.0,0.0
1777660665161027590,134900,10.396,80.4,10.42,2.1,0.08,2.93,96.5,-0.06,-2.5,0.41,-0.59,1.18,0.37,6.75,5.19,11980.82,183.0,0.0
1777660665251460559,135001,8.912,125.8,10.384,-5.0,0.1,3.2,96.44,-0.12,-2.44,-0.57,-2.0,3.11,0.94,5.25,2.81,11976.7,181.0,0.0
1777660665355569734,135101,8.816,86.0,10.38,-0.6,0.16,3.14,96.37,-0.12,-2.44,-0.16,0.0,-0.5,-1.25,-0.25,1.0,11978.42,179.0,0.0
1777660665454067139,135201,10.376,88.9,9.588,-2.3,-0.04,3.63,96.31,-0.19,-2.38,-0.17,0.62,-0.42,0.0,0.31,-0.44,11983.22,179.0,0.0
1777660665562271086,135302,8.936,108.4,10.38,-1.6,0.14,3.05,96.25,-0.25,-2.38,-0.29,-0.11,0.54,-0.37,-0.19,0.69,11982.02,178.0,0.0
1777660665654619538,135402,10.348,111.6,10.396,0.0,0.02,2.36,96.25,-0.31,-2.38,0.19,-0.41,0.42,-0.44,-0.88,-0.63,11980.48,180.0,0.0
1777660665757119399,135502,8.764,83.9,9.292,0.8,0.04,3.01,96.19,-0.31,-2.38,0.06,0.28,-0.36,-0.44,1.37,1.75,11981.85,180.0,0.0
1777660665855274104,135602,9.148,106.8,10.416,1.0,0.02,3.18,96.19,-0.31,-2.38,-0.16,0.13,-0.52,-0.56,-1.0,0.37,11983.91,178.0,0.0
1777660665957633804,135702,9.084,105.0,10.24,0.9,0.06,3.03,96.12,-0.37,-2.38,0.01,-0.4,0.46,-0.25,-0.37,0.25,11982.36,179.0,0.0
1777660666056034206,135802,10.292,107.1,10.12,-4.0,0.16,2.99,96.06,-0.37,-2.31,0.08,-0.17,-0.14,0.06,-0.37,0.69,11982.36,179.0,0.0
1777660666152484085,135902,9.26,119.7,9.26,-0.5,0.1,3.63,96.0,-0.37,-2.31,0.05,-0.31,0.18,-0.06,0.12,1.12,11978.93,176.0,0.0
1777660666254644666,136002,8.708,121.9,10.36,-2.4,0.1,2.64,95.94,-0.37,-2.25,0.41,0.41,-0.94,0.12,-2.31,-0.25,11979.79,176.0,0.0
1777660666353074315,136102,8.872,105.6,9.756,-2.7,-0.04,2.7,95.87,-0.31,-2.25,0.05,0.15,-0.02,0.25,-1.19,0.69,11982.36,181.0,0.0
1777660666457263178,136202,8.868,104.4,9.06,-2.0,0.0,3.59,95.81,-0.31,-2.25,-0.15,0.43,-0.14,0.5,0.44,0.5,11983.56,179.0,0.0
1777660666555614877,136302,8.708,111.9,10.388,-0.9,0.08,4.32,95.69,-0.31,-2.19,0.05,-0.16,0.46,0.25,2.5,2.25,11987.68,179.0,0.0
1777660666653831598,136402,9.496,124.0,9.92,-3.2,0.04,4.12,95.69,-0.31,-2.19,0.0,0.0,-0.12,0.12,-0.5,-0.56,11989.39,178.0,0.0
1777660666762206096,136502,10.332,116.8,10.06,-4.7,-0.02,4.39,95.69,-0.31,-2.19,-0.04,-0.07,0.03,0.19,-0.25,-0.12,11990.42,176.0,0.0
1777660666854599467,136602,8.66,115.8,10.384,0.9,0.1,4.47,95.69,-0.31,-2.19,-0.01,-0.04,-0.01,0.12,-0.12,0.06,11991.97,176.0,0.0
1777660666962882646,136702,8.864,109.9,9.856,-0.1,-0.02,4.3,95.69,-0.31,-2.19,-0.03,-0.06,0.07,0.12,0.19,0.12,11990.59,179.0,0.0
1777660667055170136,136802,8.86,124.3,10.384,1.6,-0.12,4.18,95.69,-0.31,-2.13,-0.04,-0.06,0.06,0.12,0.06,0.0,11991.28,178.0,0.0
1777660667163568379,136902,8.824,115.7,9.664,-0.2,-0.02,4.32,95.69,-0.31,-2.13,-0.02,-0.07,0.0,-0.06,-0.12,-0.06,11993.17,178.0,0.0
1777660667254013539,137003,10.328,121.9,10.388,-0.6,0.02,4.24,95.69,-0.31,-2.13,-0.02,-0.05,0.01,0.06,0.0,0.0,11988.71,179.0,0.0
1777660667358265597,137103,8.852,97.4,10.368,-4.6,0.12,3.28,95.69,-0.37,-2.13,-0.11,0.28,-0.05,-0.06,0.06,0.0,11988.19,179.0,0.0
1777660667456490018,137202,10.38,79.1,10.048,0.5,0.08,3.48,95.62,-0.31,-2.13,-0.16,0.34,0.02,0.0,0.88,1.63,11992.48,174.0,0.0
1777660667554776355,137302,10.292,111.2,9.212,-0.4,0.06,4.02,95.62,-0.31,-2.13,0.04,-0.06,-0.42,0.25,1.0,0.25,11990.42,180.0,0.0
1777660667657256016,137402,10.316,111.5,10.368,2.7,0.08,3.73,95.62,-0.31,-2.13,-0.06,-0.15,0.3,0.06,0.75,0.25,11991.45,180.0,0.0
1777660667755446701,137502,8.908,115.4,10.08,1.0,-0.04,4.06,95.62,-0.31,-2.13,-0.04,-0.09,0.15,0.19,0.12,0.06,11991.62,177.0,0.0
1777660667857819805,137602,10.128,102.0,10.252,-5.5,0.1,4.14,95.62,-0.31,-2.13,0.0,-0.02,-0.02,0.25,-0.25,-0.06,11990.77,179.0,0.0
1777660667956149080,137702,10.344,109.4,9.24,0.8,0.02,3.85,95.62,-0.31,-2.13,-0.02,-0.06,0.04,0.06,0.12,0.06,11992.65,179.0,0.0
1777660668054360955,137801,10.296,106.4,9.656,0.2,-0.06,3.89,95.62,-0.31,-2.13,-0.01,-0.06,0.03,0.06,0.12,-0.06,11990.77,173.0,0.0
1777660668154838340,137901,10.324,112.3,9.972,-2.3,-0.08,3.89,95.62,-0.31,-2.13,-0.04,-0.06,0.04,-0.12,0.12,0.0,11989.39,173.0,0.0
1777660668253125204,138001,10.308,114.9,10.372,-2.5,0.04,3.87,95.62,-0.31,-2.13,-0.02,-0.05,0.04,0.0,0.12,-0.06,11983.56,177.0,0.0
1777660668351561492,138101,10.344,111.8,10.392,-3.3,0.08,3.16,95.56,-0.31,-2.06,0.05,0.03,0.0,0.12,-1.25,0.56,11986.48,180.0,0.0
1777660668461800947,138201,10.3,112.9,9.896,-0.5,-0.21,4.34,95.56,-0.31,-2.06,-0.05,-0.13,-0.12,-0.19,-0.94,-0.12,11989.91,180.0,0.0
1777660668554020696,138301,9.516,116.1,9.416,-4.6,0.06,4.49,95.56,-0.31,-2.06,0.01,-0.01,0.09,0.25,0.5,0.06,11988.71,178.0,0.0
1777660668662384956,138401,9.608,118.8,9.256,0.6,0.0,4.28,95.56,-0.31,-2.06,-0.03,-0.05,0.06,0.12,-0.06,0.12,11987.51,178.0,0.0
1777660668754775866,138501,10.168,112.5,9.5,0.4,-0.02,4.36,95.56,-0.31,-2.06,-0.04,-0.04,0.04,0.12,0.19,-0.06,11988.54,178.0,0.0
1777660668863051916,138601,9.792,117.8,10.368,-3.7,-0.02,4.53,95.56,-0.31,-2.06,-0.03,-0.08,0.03,0.06,0.06,-0.06,11988.02,178.0,0.0
1777660668955368466,138701,9.944,121.6,9.148,-2.1,0.0,4.49,95.56,-0.31,-2.06,-0.04,-0.06,0.05,0.12,-0.12,-0.06,11992.14,176.0,0.0
1777660669063806426,138801,10.316,119.3,9.88,-1.2,0.02,4.38,95.56,-0.31,-2.0,-0.01,-0.04,0.05,0.12,0.06,0.0,11989.74,176.0,0.0
1777660669156016739,138901,9.296,120.0,9.172,-1.7,0.0,4.18,95.56,-0.31,-2.0,-0.03,-0.03,0.04,0.06,0.0,-0.06,11986.65,178.0,0.0
1777660669252449062,139001,10.308,120.8,9.612,4.1,0.08,4.43,95.56,-0.31,-2.0,-0.01,-0.01,0.03,0.06,-0.19,-0.06,11986.99,177.0,0.0
1777660669354741360,139101,9.608,115.7,9.688,-4.4,-0.02,4.26,95.56,-0.31,-2.0,-0.02,-0.05,0.01,0.06,0.06,0.0,11984.93,177.0,0.0
1777660669455006522,139201,8.976,96.1,9.336,-2.9,0.04,3.69,95.56,-0.31,-2.0,-0.13,-0.03,0.07,-0.12,0.5,1.19,11987.33,181.0,0.0
1777660669557463372,139301,10.344,102.3,10.4,-0.4,0.2,3.75,95.5,-0.31,-2.0,-0.01,-0.07,0.12,0.0,-0.44,-0.12,11990.77,181.0,0.0
1777660669655693380,139401,9.3,106.1,9.236,-0.6,-0.04,3.65,95.5,-0.31,-2.0,0.01,0.0,-0.02,0.12,-0.37,0.0,11990.25,175.0,0.0
1777660669753935090,139501,8.948,93.3,10.384,0.2,-0.02,3.42,95.5,-0.31,-2.0,-0.01,-0.05,0.04,0.0,0.0,0.06,11989.56,176.0,0.0
1777660669856412974,139601,8.948,94.4,10.396,-3.7,0.12,3.59,95.5,-0.31,-2.0,-0.02,-0.02,0.01,0.06,0.12,0.06,11989.91,176.0,0.0
1777660669954607968,139701,8.824,93.6,10.388,-2.2,-0.31,3.54,95.5,-0.31,-2.0,-0.03,-0.05,0.05,0.12,-0.19,0.12,11990.94,175.0,0.0
1777660670063028933,139801,10.352,102.2,10.392,2.8,0.02,3.77,95.5,-0.31,-2.0,-0.03,-0.05,0.02,0.0,-0.19,-0.06,11989.22,178.0,0.0
1777660670153382954,139901,8.9,105.1,9.86,3.6,0.08,3.55,95.5,-0.31,-2.0,0.0,-0.05,0.03,0.0,0.12,0.06,11988.19,178.0,0.0
1777660670255740821,140001,9.372,101.4,10.396,2.9,0.21,3.75,95.5,-0.31,-2.0,0.0,-0.06,0.04,0.25,-0.12,0.0,11987.51,175.0,0.0
1777660670354011275,140101,9.808,101.8,10.388,0.7,0.2,3.87,95.5,-0.31,-2.0,-0.01,-0.02,0.03,-0.12,-0.06,0.0,11988.36,175.0,0.0
1777660670454242613,140201,8.964,105.1,10.388,-1.2,-0.02,3.44,95.5,-0.31,-2.0,-0.02,-0.02,0.03,-0.12,0.0,0.0,11988.36,178.0,0.0
1777660670556600202,140301,9.164,106.6,10.392,0.4,-0.16,3.42,95.5,-0.31,-2.0,-0.01,-0.04,0.0,-0.06,-0.25,0.06,11985.96,176.0,0.0
1777660670654949739,140401,9.364,102.4,10.36,-2.1,0.04,3.57,95.5,-0.31,-2.0,-0.01,-0.05,0.06,0.0,0.12,-0.06,11988.71,176.0,0.0
1777660670757295163,140502,8.96,98.1,9.904,1.0,0.1,3.57,95.5,-0.31,-2.0,-0.02,-0.02,0.01,0.0,0.06,0.06,11988.54,178.0,0.0
1777660670865682700,140602,10.344,97.6,10.396,-2.9,0.06,3.67,95.5,-0.31,-2.0,-0.01,-0.03,0.01,-0.12,0.06,0.0,11988.88,176.0,0.0
1777660670958081798,140702,9.816,102.8,9.568,3.5,0.1,3.71,95.5,-0.31,-2.0,-0.01,-0.02,0.02,0.0,0.12,-0.06,11991.28,176.0,0.0
1777660671066337336,140803,9.152,100.1,9.3,-1.5,0.08,3.85,95.5,-0.31,-2.0,0.0,-0.04,0.03,0.0,0.0,0.06,11990.25,176.0,0.0
1777660671158611951,140903,10.408,93.5,9.776,0.5,0.04,3.61,95.5,-0.31,-2.0,0.0,-0.01,0.02,-0.06,-0.19,0.06,11988.88,178.0,0.0
1777660671259054790,141003,10.336,98.9,10.092,3.3,0.23,3.81,95.5,-0.31,-2.0,-0.02,-0.02,0.03,-0.06,-0.06,0.0,11989.91,178.0,0.0
1777660671363340492,141104,8.82,98.1,10.368,-1.0,0.16,3.83,95.5,-0.31,-2.0,0.0,-0.04,0.05,0.06,0.0,0.0,11989.22,177.0,0.0
1777660671457608187,141204,9.116,114.2,10.38,1.4,0.04,4.04,95.5,-0.31,-2.0,-0.01,-0.03,0.03,0.0,-0.06,0.06,11989.39,176.0,0.0
1777660671560087509,141304,10.18,109.0,10.388,-2.0,0.04,3.98,95.5,-0.31,-2.0,-0.03,-0.05,0.0,0.06,0.0,0.06,11990.59,176.0,0.0
1777660671658277410,141405,8.892,103.2,10.372,-2.0,-0.04,3.77,95.5,-0.31,-2.0,-0.03,-0.04,0.02,0.06,0.0,0.0,11989.22,176.0,0.0
1777660671766644891,141505,10.208,108.9,10.388,-4.9,-0.02,4.06,95.5,-0.31,-2.0,-0.02,-0.02,0.03,0.0,0.06,-0.12,11989.74,176.0,0.0
1777660671858937152,141605,9.132,113.4,10.384,3.9,0.02,3.91,95.5,-0.31,-2.0,-0.03,-0.03,0.05,0.0,0.06,0.0,11990.42,177.0,0.0
1777660671967345925,141705,8.972,107.8,9.188,1.4,0.04,4.0,95.5,-0.31,-2.0,-0.03,-0.06,0.06,-0.06,0.12,0.0,11990.42,178.0,0.0
1777660672059751475,141805,8.76,107.9,10.172,-1.1,0.08,3.98,95.5,-0.31,-2.0,-0.02,-0.03,0.04,0.06,0.0,0.12,11991.62,178.0,0.0
1777660672160107303,141905,10.328,141.9,9.228,-0.5,0.2,4.45,95.5,-0.31,-2.0,-0.01,-0.03,0.0,0.12,-0.19,0.19,11983.56,178.0,0.0
1777660672258359770,142005,10.196,77.8,10.396,-1.7,0.08,3.57,95.37,-0.31,-2.0,0.07,-0.45,0.65,0.63,-0.5,3.0,11987.68,177.0,0.0
1777660672362617815,142105,10.292,111.3,9.508,-3.6,-0.02,4.57,95.31,-0.25,-2.0,0.23,0.06,-0.39,0.12,0.31,0.06,11991.45,177.0,0.0
1777660672460964846,142205,8.78,120.9,9.62,-0.3,0.06,4.55,95.31,-0.25,-2.0,0.03,-0.07,-0.22,-0.06,0.12,-0.12,11986.48,179.0,0.0
1777660672559350095,142305,10.344,120.9,9.836,4.2,0.14,4.45,95.31,-0.25,-2.0,-0.02,-0.04,0.02,-0.06,0.06,0.06,11987.51,179.0,0.0
1777660672667631401,142405,9.76,110.6,9.96,-1.9,0.04,4.53,95.31,-0.25,-2.0,-0.02,-0.03,0.04,-0.06,-0.19,-0.12,11988.36,178.0,0.0
1777660672759940264,142505,10.296,110.2,9.56,3.7,0.06,4.3,95.31,-0.25,-2.0,-0.01,-0.03,0.01,-0.06,0.06,0.0,11987.16,175.0,0.0
1777660672868301913,142605,10.34,120.9,10.328,-4.3,-0.1,4.39,95.31,-0.25,-2.0,-0.01,-0.04,0.04,-0.12,0.25,0.06,11989.91,175.0,0.0
1777660672960606054,142705,8.82,119.4,10.364,-2.6,-0.02,4.57,95.31,-0.25,-2.0,-0.01,-0.04,0.03,-0.06,0.25,0.0,11990.25,178.0,0.0
1777660673063019064,142806,10.192,120.1,9.064,-3.3,-0.04,4.47,95.31,-0.25,-2.0,0.0,-0.02,0.04,0.0,0.06,0.0,11987.68,175.0,0.0
1777660673161352644,142906,8.656,106.9,9.232,2.0,0.16,3.73,95.31,-0.25,-2.0,-0.04,0.0,0.05,0.12,0.0,0.0,11982.7,175.0,0.0
1777660673261720495,143006,8.624,80.5,10.388,-2.6,0.08,3.4,95.12,-0.25,-2.0,0.4,-0.06,-0.05,0.69,1.19,3.06,11988.54,178.0,0.0
1777660673360103626,143106,9.532,111.4,9.956,-3.3,0.2,4.04,95.06,-0.19,-2.0,0.0,-0.26,0.74,0.06,0.56,-0.06,11990.25,175.0,0.0
1777660673460193524,143206,10.256,108.9,10.368,0.4,-0.08,4.22,95.06,-0.19,-2.0,0.05,0.03,-0.15,0.0,0.0,-0.31,11993.85,175.0,0.0
1777660673562622625,143306,9.308,112.2,10.216,0.7,0.06,4.32,95.06,-0.25,-2.0,-0.04,-0.03,0.04,0.0,-0.06,-0.06,11991.28,178.0,0.0
1777660673660930615,143406,10.348,113.0,10.252,-0.6,0.02,4.22,95.06,-0.25,-2.0,-0.02,-0.06,0.06,-0.12,-0.06,0.0,11990.94,175.0,0.0
1777660673763413248,143506,10.304,111.4,10.032,0.9,0.0,4.08,95.06,-0.25,-2.0,-0.01,-0.05,0.06,-0.12,0.0,-0.12,11992.82,175.0,0.0
1777660673861705110,143606,10.328,106.8,10.368,0.5,0.06,4.36,95.06,-0.25,-2.0,-0.01,-0.02,0.04,0.0,-0.06,0.06,11990.42,176.0,0.0
1777660673970044841,143706,9.812,118.5,10.204,3.4,0.02,4.2,95.06,-0.25,-2.0,-0.01,-0.03,0.03,-0.19,-0.19,-0.06,11991.11,176.0,0.0
1777660674062272238,143806,10.092,117.9,9.124,0.3,0.0,4.18,95.06,-0.25,-2.0,0.0,-0.02,0.02,0.0,0.31,0.0,11986.48,177.0,0.0
1777660674158766927,143906,8.972,121.0,10.324,3.3,0.14,3.24,95.06,-0.25,-2.0,-0.23,0.19,-0.1,-0.06,0.19,0.75,11979.27,179.0,0.0
1777660674260994098,144006,10.38,87.7,10.156,0.1,0.06,3.34,94.87,-0.19,-2.06,-0.27,0.35,-0.46,0.31,-2.63,0.44,11983.22,179.0,0.0
1777660674365296772,144106,8.944,72.4,10.392,-0.9,0.1,2.85,94.75,-0.19,-2.06,0.27,0.13,-0.15,0.44,-2.25,-0.31,11990.59,178.0,0.0
1777660674469634313,144206,9.256,99.8,10.36,-3.9,-0.14,3.93,94.75,-0.19,-2.06,-0.11,-0.3,0.29,0.12,1.12,0.81,11991.79,179.0,0.0
1777660674562007068,144306,9.996,111.8,9.936,1.3,0.0,4.3,94.75,-0.19,-2.06,0.01,0.01,-0.13,-0.06,0.0,-0.25,11993.0,179.0,0.0
1777660674670326483,144406,9.38,101.6,10.364,-0.5,-0.1,4.14,94.75,-0.19,-2.06,0.01,-0.02,0.04,0.0,-0.12,0.06,11988.88,177.0,0.0
1777660674762680110,144506,10.128,111.7,10.12,-4.0,0.02,4.28,94.75,-0.19,-2.0,0.0,-0.03,0.11,-0.06,0.37,0.12,11989.05,177.0,0.0
1777660674860918001,144606,9.684,101.0,10.372,0.7,0.06,4.12,94.75,-0.19,-2.0,0.0,-0.04,0.04,-0.06,-0.06,0.06,11990.94,179.0,0.0
1777660674963261939,144706,9.88,103.8,9.28,1.3,0.06,3.87,94.75,-0.19,-2.0,0.0,-0.03,-0.03,0.0,0.0,0.06,11988.54,179.0,0.0
1777660675061546539,144806,9.648,107.1,10.336,0.6,0.02,4.16,94.75,-0.19,-2.0,0.0,-0.02,0.0,0.06,0.12,0.0,11986.31,179.0,0.0
1777660675163953442,144906,8.74,111.9,10.38,-1.8,0.06,3.2,94.75,-0.19,-2.0,-0.28,0.23,-0.07,0.0,0.06,1.12,11983.22,177.0,0.0
1777660675260416256,145006,10.236,91.7,9.492,-2.3,0.21,3.55,94.62,-0.19,-2.0,0.18,-0.29,0.15,-0.19,0.37,2.06,11986.13,179.0,0.0
1777660675362732760,145106,8.828,102.1,10.38,0.7,0.06,3.95,94.56,-0.19,-2.0,-0.12,0.07,0.08,-0.25,-1.75,-0.88,11988.88,179.0,0.0
1777660675462924846,145206,10.348,94.0,9.272,-0.6,-0.02,3.98,94.56,-0.12,-2.0,0.04,-0.02,-0.09,-0.06,0.0,-0.06,11988.54,175.0,0.0
1777660675565305123,145306,8.876,106.5,10.3,0.9,0.04,4.04,94.56,-0.12,-2.0,0.0,0.0,-0.05,0.0,-0.12,-0.19,11989.56,176.0,0.0
1777660675663684929,145406,8.7,104.6,10.384,1.3,0.14,3.89,94.56,-0.12,-2.0,0.01,-0.02,-0.03,-0.06,-0.19,0.06,11988.71,176.0,0.0
1777660675761900491,145506,10.344,98.3,10.368,1.6,0.14,3.98,94.56,-0.12,-2.0,0.0,-0.02,0.0,0.0,0.06,0.0,11990.94,175.0,0.0
1777660675870325829,145606,8.86,100.2,10.38,2.7,-0.04,4.04,94.56,-0.12,-2.0,0.0,-0.04,0.06,-0.12,0.31,-0.06,11991.62,175.0,0.0
1777660675962569804,145707,8.688,94.6,10.392,3.4,0.12,4.06,94.56,-0.12,-2.0,0.0,-0.01,-0.03,0.0,-0.12,0.0,11992.65,176.0,0.0
1777660676071038452,145807,8.852,94.1,10.372,-0.5,0.18,4.0,94.56,-0.12,-2.0,0.0,-0.02,0.05,0.0,0.0,0.0,11990.25,177.0,0.0
1777660676161332302,145907,10.352,96.2,9.06,1.5,0.08,3.89,94.56,-0.12,-2.0,0.0,-0.02,0.03,0.0,0.0,-0.12,11991.97,177.0,0.0
1777660676263676569,146008,10.352,101.5,10.38,-0.1,0.0,4.2,94.56,-0.12,-2.0,0.0,-0.03,0.0,0.06,0.12,-0.06,11989.74,177.0,0.0
1777660676367964801,146108,10.356,135.5,9.972,-0.6,0.12,4.73,94.56,-0.12,-2.0,0.0,-0.01,0.03,0.06,0.06,0.0,11988.36,179.0,0.0
1777660676472306177,146208,8.644,103.6,10.392,1.9,-0.06,4.12,94.56,-0.12,-2.0,-0.02,-0.04,0.03,0.0,0.0,0.06,11989.56,179.0,0.0
1777660676564579191,146309,10.364,106.9,9.692,-2.6,0.02,3.96,94.56,-0.12,-2.0,0.0,-0.01,0.0,-0.06,0.0,0.0,11989.05,177.0,0.0
1777660676673065436,146409,10.352,101.1,10.388,3.8,0.06,4.12,94.56,-0.12,-2.0,0.0,0.0,0.03,0.0,0.12,-0.06,11988.36,177.0,0.0
1777660676765377558,146509,10.264,109.5,10.356,-1.2,-0.14,3.98,94.56,-0.12,-2.0,0.0,-0.03,0.03,-0.12,0.12,0.12,11989.05,177.0,0.0
1777660676873679282,146610,8.612,109.7,10.38,2.0,0.1,4.06,94.56,-0.12,-2.0,0.0,0.0,0.0,-0.12,0.12,0.0,11988.54,177.0,0.0
1777660676966117486,146710,9.516,95.0,10.36,-0.3,0.1,3.87,94.56,-0.12,-2.0,0.0,-0.03,0.04,-0.06,0.12,0.0,11993.85,177.0,0.0
1777660677074303086,146809,9.304,106.5,10.368,-1.7,0.02,3.91,94.56,-0.12,-2.0,0.0,-0.03,0.01,-0.12,0.06,0.0,11990.77,178.0,0.0
1777660677166646438,146909,9.248,107.3,9.048,2.4,0.08,2.64,94.56,-0.12,-2.0,0.0,-0.34,0.07,0.0,0.31,1.25,11984.42,176.0,0.0
1777660677267083125,147009,10.344,94.7,10.368,-2.4,0.08,3.77,94.44,-0.06,-2.0,0.21,-0.15,-0.08,-0.31,-0.19,1.37,11988.36,176.0,0.0
1777660677371329970,147109,8.848,73.9,10.392,-2.2,0.06,3.16,94.44,-0.06,-2.0,-0.12,-0.04,-0.08,-0.25,0.19,0.81,11989.22,179.0,0.0
1777660677465631943,147209,9.088,91.7,10.356,1.4,0.0,3.63,94.44,-0.06,-2.0,-0.03,-0.17,0.28,-0.25,-0.06,0.06,11989.56,176.0,0.0
1777660677568089784,147309,10.228,96.8,10.036,1.0,0.06,3.63,94.44,-0.12,-2.0,0.04,-0.03,-0.03,-0.12,-0.06,0.12,11989.91,176.0,0.0
1777660677666292149,147409,9.192,86.1,10.368,1.4,0.04,3.61,94.44,-0.12,-2.0,0.01,-0.02,0.0,0.0,-0.06,0.0,11990.77,178.0,0.0
1777660677768694772,147509,10.344,93.3,10.064,-0.7,0.06,3.24,94.44,-0.12,-2.0,0.0,-0.03,0.01,0.0,0.12,-0.06,11992.82,179.0,0.0
1777660677867078012,147609,9.864,82.7,9.928,0.6,0.0,3.52,94.44,-0.12,-2.0,0.0,-0.02,0.04,0.06,0.25,0.12,11992.65,179.0,0.0
1777660677969387846,147709,9.36,87.3,9.952,-0.5,0.02,3.5,94.44,-0.12,-2.0,0.03,0.0,0.06,-0.06,0.06,0.06,11991.79,177.0,0.0
1777660678067763102,147809,9.876,92.4,9.6,-1.3,-0.02,3.57,94.44,-0.12,-2.0,0.03,-0.02,0.01,0.0,0.12,-0.12,11993.0,177.0,0.0
1777660678164088690,147909,10.296,123.3,9.212,3.5,-0.16,4.0,94.44,-0.12,-2.0,0.01,-0.03,0.03,-0.06,0.0,0.06,11989.39,178.0,0.0
1777660678266388424,148009,10.36,90.2,10.384,-2.0,0.12,3.59,94.44,-0.12,-2.0,0.0,-0.01,0.05,0.06,0.0,0.0,11991.62,178.0,0.0
1777660678366718250,148109,9.464,96.4,9.908,0.7,0.04,3.5,94.44,-0.12,-2.0,0.0,-0.01,0.03,-0.06,-0.06,0.0,11993.17,178.0,0.0
1777660678475057847,148209,9.216,89.8,9.904,3.0,-0.06,3.54,94.44,-0.12,-2.0,0.0,-0.03,0.01,-0.12,-0.06,-0.06,11993.34,175.0,0.0
1777660678567326702,148310,10.36,88.8,9.524,-1.5,-0.04,3.46,94.44,-0.12,-2.0,0.0,-0.02,0.01,0.12,0.12,0.06,11991.79,180.0,0.0
1777660678665663362,148409,10.344,89.6,10.392,-1.2,-0.14,3.71,94.44,-0.12,-2.0,0.0,0.0,0.05,-0.19,0.12,0.0,11993.34,180.0,0.0
1777660678767981964,148508,8.912,95.0,10.38,-2.1,-0.02,3.5,94.44,-0.12,-2.0,0.0,-0.03,0.04,-0.12,-0.25,-0.06,11991.45,179.0,0.0
1777660678866296145,148609,8.936,94.8,10.384,0.5,-0.02,3.55,94.44,-0.12,-2.0,0.01,0.0,0.03,-0.06,0.12,0.0,11991.28,178.0,0.0
1777660678968785364,148709,10.364,98.9,10.396,-1.7,0.04,3.67,94.44,-0.12,-2.0,-0.01,0.0,0.04,0.0,0.06,0.06,11992.65,178.0,0.0
1777660679066975937,148809,10.36,89.9,10.388,-2.2,-0.06,3.57,94.44,-0.12,-2.0,0.0,0.0,0.03,0.0,-0.12,-0.06,11991.79,177.0,0.0
1777660679169469117,148909,8.716,110.6,10.368,2.9,-0.12,3.93,94.44,-0.12,-2.0,-0.01,-0.02,0.03,0.0,0.0,0.0,11992.82,177.0,0.0
1777660679265834227,149009,9.284,96.3,10.376,2.6,0.08,3.52,94.44,-0.12,-2.0,0.0,0.0,0.06,0.0,0.12,-0.06,11993.34,177.0,0.0
1777660679364045152,149109,8.824,95.4,9.328,1.4,-0.02,3.61,94.44,-0.12,-2.0,0.02,-0.02,0.03,-0.06,-0.12,0.12,11990.94,177.0,0.0
1777660679468434663,149209,8.936,96.6,9.196,0.9,0.06,3.59,94.44,-0.12,-2.0,0.0,-0.01,0.03,0.06,0.06,-0.06,11991.97,177.0,0.0
1777660679566641032,149308,10.34,94.3,9.256,1.9,-0.04,3.59,94.44,-0.12,-2.0,0.0,-0.03,0.04,0.0,0.0,0.0,11990.77,178.0,0.0
1777660679664928304,149408,10.296,94.7,9.584,2.6,0.1,3.46,94.44,-0.12,-2.0,0.0,-0.01,-0.01,0.0,-0.12,-0.06,11990.59,178.0,0.0
1777660679773331773,149508,10.356,96.4,10.388,1.9,-0.04,3.65,94.44,-0.12,-2.0,-0.01,-0.04,0.02,-0.06,-0.12,-0.12,11992.65,178.0,0.0
1777660679865614281,149607,9.256,86.5,10.388,1.0,0.08,3.65,94.44,-0.12,-2.0,0.0,0.01,0.04,-0.06,0.0,-0.06,11989.56,178.0,0.0
1777660679963900830,149707,9.312,97.3,10.384,-0.5,-0.08,3.54,94.44,-0.12,-2.0,0.01,-0.05,0.04,0.06,-0.12,0.0,11990.59,177.0,0.0
1777660680066385096,149807,10.364,91.9,10.364,-4.5,-0.04,3.75,94.44,-0.12,-2.0,0.01,-0.02,0.04,0.0,-0.06,0.06,11992.48,177.0,0.0
1777660680162766739,149907,10.24,110.7,10.368,-2.4,0.04,4.18,94.44,-0.12,-2.0,0.0,-0.04,0.02,0.06,-0.12,-0.12,11990.08,177.0,0.0
1777660680265034531,150007,9.0,98.8,9.196,-0.3,0.04,3.63,94.44,-0.12,-2.0,0.0,-0.01,0.03,0.06,0.06,0.0,11990.94,177.0,0.0
1777660680365249218,150108,8.88,99.1,10.384,-2.3,0.1,3.55,94.44,-0.12,-2.0,-0.01,-0.01,0.03,0.0,0.19,0.0,11991.45,173.0,0.0
1777660680467646002,150208,10.36,94.1,10.376,0.9,0.14,3.54,94.44,-0.12,-2.0,0.0,0.0,0.03,-0.06,0.06,0.0,11990.59,176.0,0.0
1777660680565940815,150308,8.992,95.0,10.38,-2.1,0.0,3.57,94.44,-0.12,-2.0,0.02,-0.01,0.02,0.0,-0.06,0.06,11987.68,176.0,0.0
1777660680668345599,150408,9.616,93.9,9.728,-0.6,0.02,3.34,94.44,-0.12,-2.0,0.0,-0.04,0.04,-0.06,0.25,0.0,11989.91,174.0,0.0
1777660680766635950,150508,8.884,89.1,10.04,-0.2,0.29,3.59,94.44,-0.12,-2.0,0.0,0.0,0.03,0.0,0.0,0.12,11987.51,178.0,0.0
1777660680875059171,150608,10.22,95.0,10.384,-2.1,0.08,3.55,94.44,-0.12,-2.0,0.0,-0.02,0.03,0.06,-0.25,0.0,11989.05,178.0,0.0
1777660680973371335,150708,9.708,95.2,10.384,0.9,0.12,3.65,94.44,-0.12,-2.0,0.0,0.0,-0.02,0.06,-0.19,0.0,11988.02,176.0,0.0
1777660681065737899,150808,8.948,85.6,10.38,-0.9,0.1,3.5,94.44,-0.12,-2.0,0.0,-0.02,0.02,-0.06,0.0,0.12,11989.91,176.0,0.0
1777660681174016963,150907,8.76,117.9,10.356,0.8,0.1,4.3,94.44,-0.12,-2.0,0.01,0.0,0.01,0.06,-0.06,0.0,11987.68,179.0,0.0
1777660681264385706,151007,8.76,80.9,10.364,-1.7,0.12,3.42,94.44,-0.12,-2.0,0.0,-0.04,0.08,-0.12,0.0,0.12,11988.36,176.0,0.0
1777660681366734044,151107,8.844,91.5,10.396,-0.7,-0.02,3.59,94.44,-0.12,-2.0,0.0,0.0,0.03,0.06,0.0,0.06,11988.54,176.0,0.0
1777660681467011843,151207,10.14,86.4,10.392,1.2,0.06,3.4,94.44,-0.12,-2.0,0.0,-0.01,0.02,-0.06,-0.12,-0.06,11988.71,179.0,0.0
1777660681565294524,151307,8.756,91.8,9.512,3.1,0.04,3.5,94.44,-0.12,-2.0,0.0,0.01,-0.01,-0.06,-0.31,-0.19,11986.82,176.0,0.0
1777660681673660861,151407,9.98,83.0,9.244,-1.1,0.16,3.52,94.44,-0.12,-2.0,0.0,0.0,0.03,0.0,0.31,0.0,11988.71,176.0,0.0
1777660681765965077,151507,10.096,93.8,10.376,-3.7,0.08,3.4,94.44,-0.12,-2.0,0.0,-0.01,0.06,-0.12,0.0,0.06,11986.99,181.0,0.0
1777660681874327488,151607,9.812,84.1,9.616,0.3,-0.04,3.65,94.44,-0.12,-2.0,0.0,-0.01,-0.01,-0.12,-0.19,-0.12,11989.22,178.0,0.0
1777660681966740068,151707,10.368,83.7,9.26,1.3,0.06,3.38,94.44,-0.12,-2.0,0.0,0.0,0.02,-0.06,-0.06,0.12,11989.39,178.0,0.0
1777660682075014607,151808,8.744,90.0,10.392,-2.4,0.1,3.59,94.44,-0.12,-2.0,0.0,-0.02,0.06,-0.06,0.12,-0.06,11990.59,179.0,0.0
1777660682165530245,151908,10.092,118.5,9.96,-2.4,0.12,3.96,94.44,-0.12,-2.0,0.0,0.0,0.01,0.0,-0.12,0.0,11989.91,178.0,0.0
1777660682267801704,152008,9.704,86.1,10.388,-2.0,0.08,3.48,94.44,-0.12,-2.0,0.0,-0.01,-0.02,-0.12,0.12,-0.06,11992.65,178.0,0.0
1777660682367958859,152109,10.372,84.5,9.212,-0.3,0.04,3.46,94.44,-0.12,-2.0,0.01,-0.04,0.0,0.0,0.12,0.06,11988.02,178.0,0.0
1777660682470505117,152209,8.82,90.0,10.384,0.6,0.23,3.55,94.44,-0.12,-2.0,0.0,-0.01,0.02,0.0,-0.12,0.12,11988.54,178.0,0.0
1777660682568695163,152309,9.868,86.3,10.396,3.1,0.08,3.48,94.44,-0.12,-2.0,0.01,-0.02,0.03,0.06,-0.19,-0.06,11990.77,176.0,0.0
1777660682671087819,152409,10.084,89.9,9.716,-0.2,-0.08,3.32,94.44,-0.12,-2.0,0.01,-0.04,0.0,-0.25,-0.06,-0.12,11988.54,176.0,0.0
1777660682769406469,152509,10.352,92.3,9.84,3.5,0.08,3.48,94.44,-0.12,-2.0,0.0,-0.02,0.01,-0.06,0.06,0.06,11989.56,176.0,0.0
1777660682871802754,152609,8.632,85.5,10.384,1.6,-0.06,3.71,94.44,-0.12,-2.0,0.0,-0.05,0.07,-0.06,0.0,0.12,11988.71,179.0,0.0
1777660682970090628,152709,8.624,85.9,9.032,-0.4,0.12,3.34,94.44,-0.12,-2.0,0.0,-0.01,0.0,-0.06,-0.06,0.06,11986.31,178.0,0.0
1777660683068432454,152809,8.84,91.3,10.396,0.0,-0.02,3.63,94.44,-0.12,-2.0,0.01,-0.01,0.03,-0.19,-0.25,0.06,11989.56,178.0,0.0
1777660683170755039,152909,8.668,122.1,9.04,1.0,0.0,4.18,94.44,-0.12,-2.0,-0.01,-0.03,0.0,-0.19,0.12,0.06,11989.56,177.0,0.0
1777660683267161963,153009,8.668,85.8,9.024,-0.5,-0.02,3.26,94.44,-0.12,-2.0,0.0,-0.02,0.01,0.06,0.12,-0.06,11990.25,177.0,0.0
1777660683371419257,153108,8.656,87.9,10.356,2.1,-0.06,3.46,94.44,-0.12,-2.0,0.0,-0.01,0.03,0.12,0.12,0.12,11990.77,176.0,0.0
1777660683475725401,153208,8.668,87.8,9.424,0.8,0.06,3.52,94.44,-0.12,-2.0,0.0,-0.02,0.03,-0.06,0.0,0.0,11990.59,178.0,0.0
1777660683568121654,153308,8.892,92.6,10.248,1.2,0.04,3.55,94.44,-0.12,-2.0,0.01,-0.01,0.02,-0.06,0.0,-0.06,11992.31,178.0,0.0
1777660683676398416,153408,9.44,87.1,9.072,-0.4,-0.02,3.54,94.44,-0.12,-2.0,0.0,0.0,0.0,0.0,0.0,0.06,11992.48,176.0,0.0
1777660683768714820,153508,8.632,92.2,10.396,0.6,0.18,3.59,94.44,-0.12,-2.0,0.0,-0.02,0.03,0.0,-0.06,0.06,11992.82,175.0,0.0
1777660683877116779,153608,10.196,95.0,10.376,-3.7,0.04,3.38,94.44,-0.12,-2.0,0.02,-0.01,0.0,0.06,0.12,0.06,11992.82,175.0,0.0
1777660683969407649,153708,10.364,90.5,9.392,0.9,0.06,3.44,94.44,-0.12,-2.0,-0.01,-0.03,0.05,0.06,-0.06,0.06,11992.31,179.0,0.0
1777660684067679924,153808,9.204,86.5,10.38,-2.5,0.1,3.34,94.44,-0.12,-2.0,0.0,0.01,-0.04,0.0,-0.19,0.0,11991.11,178.0,0.0
1777660684168149838,153908,9.44,141.3,10.072,-2.4,0.14,4.41,94.44,-0.12,-2.0,-0.01,-0.04,0.04,0.0,-0.31,-0.06,11985.11,178.0,0.0
1777660684266589837,154008,10.212,69.7,9.284,2.1,0.14,2.44,94.37,-0.06,-2.0,0.25,-0.01,0.04,0.25,-2.06,-0.25,11990.08,178.0,0.0
1777660684374774656,154108,10.348,95.6,9.06,1.0,0.04,3.75,94.37,-0.06,-2.0,-0.09,-0.02,0.21,0.19,0.81,0.06,11986.82,178.0,0.0
1777660684469120251,154208,10.34,90.2,10.396,-0.1,0.06,3.89,94.37,-0.06,-2.0,-0.04,-0.03,0.03,-0.12,0.12,0.0,11989.22,178.0,0.0
1777660684571457738,154308,8.864,97.7,10.388,0.5,0.04,3.69,94.37,-0.06,-2.0,0.01,0.01,0.0,-0.06,-0.25,-0.06,11986.99,177.0,0.0
1777660684669852535,154408,8.88,95.9,10.38,-0.1,0.04,3.57,94.37,-0.06,-2.0,0.0,-0.02,0.04,-0.06,0.44,0.06,11988.88,177.0,0.0
1777660684768057176,154508,8.824,89.6,10.396,-0.9,0.04,3.65,94.37,-0.06,-2.0,0.02,0.0,0.0,-0.06,0.06,-0.12,11988.19,177.0,0.0
1777660684876449761,154608,8.636,93.4,9.252,0.3,0.16,3.46,94.37,-0.06,-2.0,-0.01,-0.01,0.0,0.0,-0.37,-0.06,11986.82,176.0,0.0
1777660684968833624,154708,8.648,94.0,10.384,-2.2,0.06,3.63,94.37,-0.06,-2.0,0.0,-0.03,0.08,-0.12,0.25,0.06,11989.22,176.0,0.0
1777660685077179187,154808,8.86,97.2,10.384,3.2,0.06,3.83,94.37,-0.06,-2.0,-0.01,-0.05,0.02,0.0,-0.12,-0.12,11990.77,174.0,0.0
1777660685169430515,154908,8.872,94.5,10.384,0.7,-0.06,3.5,94.37,-0.06,-2.0,0.0,-0.03,-0.01,0.0,-0.37,0.06,11989.05,178.0,0.0
1777660685269875842,155009,8.728,96.7,10.388,3.2,0.06,3.57,94.37,-0.06,-2.0,-0.01,-0.02,0.01,0.0,0.06,0.0,11992.31,178.0,0.0
1777660685374177301,155108,8.64,90.0,10.38,-0.2,-0.14,3.75,94.37,-0.06,-2.0,0.0,-0.01,0.04,-0.12,0.0,0.0,11990.77,176.0,0.0
1777660685468469365,155208,8.712,96.7,10.376,-4.4,-0.02,3.59,94.37,-0.06,-2.0,-0.01,0.0,0.02,0.06,0.06,0.06,11991.79,176.0,0.0
1777660685570808195,155309,10.348,96.5,10.388,1.3,-0.12,3.85,94.37,-0.06,-2.0,0.01,0.0,0.01,-0.06,-0.12,0.0,11990.25,176.0,0.0
1777660685669097588,155409,8.664,100.7,10.34,0.8,0.04,3.77,94.37,-0.06,-2.0,0.0,-0.03,0.03,-0.06,-0.56,0.0,11989.56,179.0,0.0
1777660685771567485,155509,8.648,97.7,10.38,-0.6,0.1,3.73,94.37,-0.06,-2.0,0.0,0.0,-0.01,0.0,-0.19,-0.06,11992.31,179.0,0.0
1777660685869782104,155609,8.7,99.3,10.376,-2.3,0.16,3.79,94.37,-0.06,-2.0,0.0,-0.03,0.05,-0.06,0.0,-0.06,11992.48,177.0,0.0
1777660685972174134,155710,8.844,96.5,10.388,-1.8,-0.02,3.59,94.37,-0.06,-2.0,0.0,-0.02,0.03,0.0,0.0,0.0,11989.22,176.0,0.0
1777660686070486147,155810,8.848,87.4,10.392,0.8,-0.04,3.69,94.37,-0.06,-2.0,-0.01,0.01,0.0,-0.06,-0.12,0.06,11980.48,176.0,0.0
1777660686171026102,155910,9.5,655.7,10.12,2.6,0.16,-3.4,94.31,-0.06,-2.0,1.32,-0.3,0.75,0.25,2.25,3.63,11940.69,179.0,0.0
1777660686269330250,156010,8.964,39.0,10.404,-1.9,-0.06,2.95,93.87,0.0,-2.06,0.44,-0.49,-0.08,0.37,-5.38,4.31,11982.7,177.0,0.0
1777660686371597776,156110,10.312,98.1,10.352,-0.3,0.0,3.89,93.62,0.0,-2.06,0.06,0.19,-0.57,-0.37,-2.38,0.94,11990.59,177.0,0.0
1777660686471859466,156210,9.24,77.8,10.368,-2.2,0.02,3.46,93.62,0.0,-2.06,0.0,-0.02,-0.12,-0.25,-1.25,-0.56,11989.91,177.0,0.0
1777660686574250080,156310,10.34,81.6,9.564,-0.7,0.04,3.52,93.62,0.0,-2.06,-0.01,-0.03,0.11,0.0,0.63,0.25,11989.56,177.0,0.0
1777660686672623224,156410,10.316,96.2,9.24,-1.6,0.0,3.77,93.62,0.0,-2.06,-0.02,-0.01,0.0,0.06,0.31,0.0,11992.48,177.0,0.0
1777660686770826691,156509,9.716,102.2,10.368,-0.1,0.04,3.98,93.62,0.0,-2.06,0.0,-0.01,0.01,0.06,0.12,-0.06,11990.25,179.0,0.0
1777660686871302594,156609,9.744,98.0,9.336,-3.3,0.06,3.96,93.62,0.0,-2.06,0.0,-0.01,0.02,-0.06,-0.19,0.0,11994.54,179.0,0.0
1777660686971517730,156709,10.192,97.9,9.74,2.9,-0.04,3.91,93.62,0.0,-2.06,-0.02,-0.05,0.06,0.0,0.19,0.0,11994.71,175.0,0.0
1777660687069803689,156809,9.34,87.1,10.184,3.4,0.0,3.77,93.62,0.0,-2.06,0.0,-0.01,0.03,-0.12,0.19,0.0,11979.79,179.0,0.0
1777660687175968356,156909,9.292,709.0,8.9,-7.2,0.06,-3.3,93.56,0.0,-2.06,-0.51,-0.04,0.66,-0.37,-1.44,1.94,11966.93,179.0,0.0
1777660687268729362,157009,8.956,82.4,9.52,-0.5,0.14,3.59,93.25,0.12,-2.13,0.53,0.17,-0.85,-0.25,-2.19,1.12,11991.28,176.0,0.0
1777660687372786562,157109,9.248,101.4,9.804,-2.3,0.08,3.89,93.19,0.12,-2.13,-0.02,-0.32,0.1,0.06,0.06,0.12,11993.85,178.0,0.0
1777660687471285513,157209,8.96,86.4,10.06,2.9,-0.02,3.59,93.19,0.12,-2.13,0.06,0.02,-0.14,0.25,1.63,0.12,11994.2,178.0,0.0
1777660687579553851,157309,8.964,87.8,10.364,-1.8,-0.06,4.86,93.19,0.06,-2.13,0.0,-0.01,0.08,0.12,0.31,0.19,11975.5,176.0,0.0
1777660687671983167,157409,9.272,96.1,10.36,-1.7,0.08,4.1,93.06,0.12,-2.13,0.44,-0.19,-0.14,0.12,-0.69,-0.37,11992.65,176.0,0.0
1777660687770138355,157509,9.86,98.1,9.704,2.8,0.02,4.16,93.06,0.12,-2.13,-0.1,-0.04,-0.05,0.0,0.5,0.0,11994.02,178.0,0.0
1777660687872557919,157609,9.12,83.1,9.82,-1.7,0.06,4.02,93.06,0.12,-2.13,0.0,-0.01,0.03,-0.06,0.5,0.12,11992.65,177.0,0.0
1777660687970784233,157709,9.712,93.1,9.148,-0.4,0.0,3.89,93.06,0.12,-2.13,0.01,0.0,0.0,-0.19,-0.37,0.0,11993.85,177.0,0.0
1777660688073255926,157809,10.308,95.2,10.364,0.8,0.12,3.93,93.06,0.12,-2.13,0.0,0.0,0.03,-0.19,0.12,0.0,11980.3,178.0,0.0
1777660688169666161,157910,8.824,1.8,9.292,0.1,0.16,0.06,93.06,0.06,-2.13,-0.33,-0.31,0.54,0.12,1.31,3.75,11962.47,176.0,0.0
1777660688272027718,158010,10.304,76.8,10.364,1.5,0.0,3.55,92.56,0.31,-2.19,0.2,0.12,-1.56,0.5,-9.81,1.12,11989.56,176.0,0.0
1777660688372184010,158110,8.816,81.6,10.288,-1.0,-0.08,3.18,92.5,0.31,-2.19,0.04,-0.12,-0.01,0.12,0.25,1.0,11991.62,177.0,0.0
1777660688480651271,158210,10.36,76.0,10.388,-1.1,0.06,3.24,92.5,0.31,-2.19,-0.02,-0.06,0.06,0.19,1.94,0.12,11990.08,176.0,0.0
1777660688573028776,158310,9.356,77.7,10.388,-2.0,0.08,3.44,92.5,0.31,-2.19,0.0,0.0,0.03,-0.12,0.56,0.12,11992.65,176.0,0.0
1777660688671216793,158409,9.22,70.3,10.4,0.2,-0.02,3.3,92.5,0.31,-2.19,-0.01,-0.03,0.04,0.0,-0.19,0.0,11989.91,177.0,0.0
1777660688779716109,158509,8.972,72.9,10.4,0.6,0.12,3.26,92.5,0.31,-2.19,-0.02,-0.04,0.07,-0.06,0.31,0.06,11993.0,177.0,0.0
1777660688871976655,158609,8.896,70.5,9.676,0.2,-0.02,3.24,92.5,0.31,-2.19,0.0,-0.05,0.05,-0.06,0.06,-0.06,11992.14,178.0,0.0
1777660688970243650,158709,9.116,76.0,10.388,-1.6,0.14,3.32,92.5,0.31,-2.19,0.0,-0.02,0.0,-0.06,-0.06,0.12,11990.25,176.0,0.0
1777660689072717203,158809,8.9,74.3,9.692,0.5,-0.1,3.36,92.5,0.31,-2.19,0.0,-0.02,0.02,0.0,0.25,0.12,11982.36,176.0,0.0
1777660689170894832,158908,8.444,665.4,9.18,-0.4,0.21,-0.78,92.5,0.31,-2.19,1.03,-0.08,0.32,0.19,0.88,1.44,11967.96,178.0,0.0
1777660689267407244,159008,8.744,56.3,10.404,-0.8,-0.06,2.36,92.0,0.44,-2.25,1.6,-0.14,0.33,-2.88,-4.5,3.06,11989.05,177.0,0.0
1777660689369630501,159108,10.372,77.3,10.4,-0.8,0.08,3.46,92.0,0.5,-2.25,0.12,-0.07,-0.09,-0.06,-1.56,0.25,11990.08,177.0,0.0
1777660689480000941,159208,10.364,77.7,10.392,-1.4,0.08,3.32,92.0,0.5,-2.25,0.03,0.07,-0.23,0.06,0.56,0.0,11990.25,176.0,0.0
1777660689572282120,159308,10.368,79.9,10.396,-2.8,0.0,3.36,92.0,0.5,-2.25,0.0,0.03,-0.13,0.12,-0.06,-0.12,11988.71,178.0,0.0
1777660689670673629,159408,10.432,76.6,9.904,-3.4,-0.06,3.24,92.0,0.5,-2.25,0.0,-0.06,0.05,0.12,-0.06,0.19,11991.45,178.0,0.0
1777660689768868257,159507,8.7,82.2,9.908,-2.1,0.06,3.22,92.0,0.5,-2.25,-0.01,-0.04,0.03,0.12,0.31,-0.06,11988.88,176.0,0.0
1777660689877269139,159607,8.92,74.5,10.38,-2.2,0.02,3.38,92.0,0.5,-2.25,0.0,-0.03,0.06,0.06,-0.19,-0.06,11988.88,176.0,0.0
1777660689979665094,159708,10.116,78.1,10.376,0.1,0.12,3.18,92.0,0.5,-2.25,0.0,-0.02,0.0,-0.12,0.12,0.06,11992.14,178.0,0.0
1777660690071978568,159808,8.668,74.4,10.088,1.8,0.1,3.36,92.0,0.5,-2.25,0.0,-0.01,0.03,0.06,0.19,-0.06,11981.5,175.0,0.0
1777660690168294857,159908,10.076,709.7,8.968,-0.6,0.06,-1.54,92.0,0.44,-2.25,-0.93,-0.16,0.9,-0.31,1.69,4.69,219.01,175.0,0.0
1777660690270689307,160008,8.7,41.1,9.924,0.7,0.04,1.5,91.19,0.63,-2.31,-0.13,-0.88,0.66,-1.31,-7.31,11.94,220.55,176.0,0.0
1777660690370917313,160108,10.256,82.3,10.328,0.6,0.02,3.48,90.87,0.69,-2.31,-0.02,0.12,-0.37,-0.5,-2.5,-1.31,11992.48,176.0,0.0
1777660690479297575,160208,10.228,85.6,10.36,2.6,0.0,3.61,90.87,0.75,-2.31,0.03,-0.08,-0.09,0.0,-1.88,0.12,11992.82,176.0,0.0
1777660690571643927,160308,10.096,78.3,10.36,0.0,-0.06,3.52,90.87,0.75,-2.31,0.04,0.02,-0.17,-0.06,-0.5,-0.19,11991.97,179.0,0.0
1777660690679971561,160408,8.952,82.4,10.384,-0.8,-0.08,3.75,90.87,0.75,-2.31,0.0,-0.04,-0.05,0.25,0.88,0.25,11990.08,177.0,0.0
1777660690772417613,160508,8.884,81.7,10.216,-1.0,-0.04,3.73,90.87,0.75,-2.31,-0.01,-0.01,0.0,0.0,0.19,0.19,11991.62,177.0,0.0
1777660690870594541,160608,9.92,82.4,10.38,0.0,0.08,3.61,90.87,0.75,-2.31,-0.02,-0.03,0.03,-0.06,-0.25,0.0,11990.42,178.0,0.0
1777660690973121338,160708,8.68,82.6,10.368,0.4,0.18,5.31,90.87,0.75,-2.31,0.01,-0.03,-0.03,0.0,-0.19,-0.06,11972.24,178.0,0.0
1777660691075364741,160807,10.412,82.0,10.384,0.5,0.02,3.81,90.75,0.75,-2.31,0.29,-0.71,0.04,0.0,-4.38,0.94,11991.11,175.0,0.0
1777660691173701413,160908,10.368,90.6,10.384,-0.4,0.12,3.87,90.69,0.75,-2.31,0.03,0.01,0.01,-0.12,-0.81,0.25,11989.56,176.0,0.0
1777660691270083592,161008,8.932,90.6,10.376,0.6,0.08,3.83,90.69,0.75,-2.31,0.01,-0.03,0.19,-0.06,1.44,0.06,11990.42,176.0,0.0
1777660691378449644,161108,8.908,87.3,9.492,0.5,-0.08,3.91,90.69,0.75,-2.31,0.01,-0.04,0.05,0.0,0.25,0.06,11992.48,178.0,0.0
1777660691472693226,161208,8.94,81.6,10.376,-4.1,0.14,3.83,90.69,0.75,-2.31,0.01,-0.03,-0.03,0.0,-0.37,-0.12,11990.25,176.0,0.0
1777660691581182940,161308,10.364,84.5,10.3,-4.7,0.14,3.93,90.69,0.75,-2.31,0.0,-0.03,-0.01,0.0,0.25,0.06,11990.42,176.0,0.0
1777660691673386459,161409,10.356,91.6,9.628,-1.2,0.04,3.85,90.69,0.75,-2.31,-0.01,-0.05,0.03,0.12,0.19,0.0,11991.11,176.0,0.0
1777660691781774639,161509,8.932,83.6,10.36,-2.0,0.16,3.67,90.69,0.75,-2.31,-0.01,-0.04,0.01,0.0,0.31,-0.06,11990.94,177.0,0.0
1777660691880052406,161609,9.284,90.5,10.4,3.0,-0.08,3.71,90.69,0.75,-2.31,0.0,-0.02,-0.01,0.0,-0.06,-0.06,11991.11,177.0,0.0
1777660691982476482,161710,10.36,81.3,10.396,-1.7,0.02,3.71,90.69,0.75,-2.31,0.01,-0.01,0.02,-0.12,0.12,-0.06,11988.36,176.0,0.0
1777660692080740753,161810,8.884,84.8,9.164,1.9,-0.06,3.75,90.69,0.75,-2.31,0.0,-0.02,0.02,0.06,0.0,-0.12,11973.79,176.0,0.0
1777660692171275990,161910,10.376,84.0,9.592,-4.8,0.2,-4.16,90.62,0.69,-2.38,-0.45,-0.25,0.05,0.0,0.06,6.31,11878.95,178.0,0.0
1777660692273527020,162010,9.896,137.3,10.356,0.7,0.06,3.18,90.69,0.63,-2.31,2.11,6.3,3.72,-14.13,1.5,-16.25,190.71,178.0,0.0
1777660692371783189,162110,8.844,12.3,10.412,-1.2,0.0,0.63,90.87,0.44,-2.0,0.66,-0.51,1.14,-0.88,-0.75,-0.56,210.77,173.0,0.0
1777660692474254194,162210,8.832,40.1,9.224,1.0,0.04,1.84,90.75,0.37,-2.0,-0.03,-0.45,-0.06,-0.06,-1.94,1.19,220.03,175.0,0.0
1777660692576639090,162311,8.896,54.3,9.388,-0.2,0.21,2.4,90.75,0.44,-2.0,0.3,0.02,-0.08,0.0,-2.44,0.56,214.89,175.0,0.0
1777660692676842460,162412,10.372,83.1,10.392,-1.3,0.1,3.61,90.69,0.44,-2.0,0.14,-0.2,0.15,-0.06,1.5,0.37,11992.48,173.0,0.0
1777660692773138115,162512,9.004,85.9,10.376,3.1,0.12,3.61,90.69,0.44,-2.0,0.0,-0.04,0.17,0.06,1.12,0.06,223.29,173.0,0.0
1777660692875639193,162612,8.948,76.3,9.964,-1.4,-0.04,3.57,90.69,0.44,-2.0,0.01,-0.01,-0.05,-0.06,-0.5,-0.06,224.32,172.0,0.0
1777660692975817952,162712,9.004,77.8,9.668,-0.7,0.04,3.59,90.69,0.44,-2.0,0.0,-0.01,0.03,0.0,0.5,0.0,11988.71,174.0,0.0
1777660693076323948,162812,8.944,78.6,10.4,1.8,-0.02,3.65,90.69,0.37,-2.0,0.01,-0.02,0.04,0.0,0.37,-0.06,232.73,174.0,0.0
1777660693176492472,162912,10.352,-19.2,10.288,-0.8,0.04,1.48,90.62,0.37,-2.0,0.97,-0.04,-0.09,0.12,-2.0,4.25,11965.38,173.0,0.0
1777660693276971468,163013,8.9,74.4,10.396,-0.8,0.1,3.67,90.06,0.69,-2.13,0.52,-0.84,-0.25,-0.25,0.25,2.56,202.2,173.0,0.0
1777660693381187340,163113,10.372,80.9,10.384,0.0,0.06,3.4,90.06,0.63,-2.06,-0.08,-0.2,0.61,0.31,1.88,0.0,11988.02,170.0,0.0
1777660693477684653,163213,10.368,73.2,10.388,-0.2,0.0,3.42,90.0,0.63,-2.06,0.06,0.06,-0.11,0.0,0.5,0.0,198.08,170.0,0.0
1777660693575985822,163313,8.864,83.5,10.376,-4.0,0.04,3.46,90.0,0.63,-2.06,0.02,-0.01,-0.01,-0.06,-0.56,-0.12,193.8,170.0,0.0
1777660693678391226,163414,10.364,73.8,10.38,-4.3,0.1,3.38,90.0,0.63,-2.06,0.0,0.0,0.0,-0.12,0.12,0.0,193.8,170.0,0.0
1777660693782682745,163515,9.048,81.4,10.396,-4.4,-0.1,3.28,90.0,0.63,-2.06,0.0,-0.01,0.04,-0.12,0.31,-0.06,11988.88,172.0,0.0
1777660693880962068,163615,8.84,75.2,10.232,-0.4,-0.04,3.46,90.0,0.63,-2.06,0.0,-0.03,0.0,0.06,0.06,-0.06,11986.13,174.0,0.0
1777660693981462972,163715,9.036,81.9,10.392,-0.8,0.23,3.36,90.0,0.63,-2.06,0.01,-0.02,-0.01,0.0,0.37,0.06,197.91,174.0,0.0
1777660694081703805,163816,8.968,81.4,10.388,-4.2,0.16,3.46,90.0,0.63,-2.06,0.0,0.0,0.02,-0.06,0.31,0.0,11972.76,174.0,0.0
1777660694178076627,163916,9.892,968.2,9.452,5.3,-0.02,8.63,89.87,0.63,-2.13,-0.44,-0.52,0.71,0.06,-1.56,4.94,192.42,174.0,0.0
1777660694280628718,164016,8.924,46.7,9.356,-0.9,0.04,1.97,88.44,1.19,-2.31,1.26,-0.28,-0.22,2.19,-7.06,7.88,11991.28,172.0,0.0
1777660694380760075,164116,9.752,70.0,10.372,-3.7,0.04,3.26,88.37,1.12,-2.31,-0.04,0.0,0.03,0.12,-0.69,0.37,11992.65,171.0,0.0
1777660694483192132,164216,8.968,79.1,10.376,-1.9,-0.02,3.28,88.37,1.12,-2.31,-0.01,0.12,-0.42,-0.37,-0.88,-0.5,11991.62,170.0,0.0
1777660694581583131,164316,10.36,75.5,9.34,2.8,-0.06,3.32,88.37,1.12,-2.31,0.0,-0.11,0.12,0.0,0.75,0.12,11992.14,170.0,0.0
1777660694689968430,164416,8.968,82.6,10.372,-3.7,-0.02,3.5,88.37,1.12,-2.31,0.03,0.0,-0.06,0.0,-0.5,-0.06,11991.28,172.0,0.0
1777660694782279929,164516,10.356,79.6,10.376,-4.3,-0.06,3.44,88.37,1.12,-2.31,0.0,0.0,-0.03,-0.06,-0.12,-0.12,11991.28,173.0,0.0
1777660694880697750,164616,9.02,74.4,10.388,-1.7,0.16,3.42,88.37,1.12,-2.31,0.0,-0.03,-0.04,0.06,0.19,-0.06,11990.59,173.0,0.0
1777660694989136583,164716,8.864,83.8,9.292,0.5,0.04,3.65,88.37,1.12,-2.31,0.0,-0.03,0.01,0.12,0.0,0.0,11990.25,173.0,0.0
1777660695081363479,164816,8.892,79.9,9.332,-3.0,-0.02,3.36,88.37,1.12,-2.31,0.0,-0.05,-0.01,-0.06,-0.06,-0.06,11974.13,171.0,0.0
1777660695181935325,164916,9.012,94.9,10.372,1.3,0.16,6.64,88.31,1.12,-2.31,-1.43,2.52,-1.13,0.12,-2.38,3.31,214.89,171.0,0.0
1777660695280217380,165016,8.812,54.1,10.384,0.4,0.14,3.03,87.56,1.44,-2.44,0.71,0.11,-1.04,-0.69,-0.44,2.75,189.68,171.0,0.0
1777660695382592995,165115,8.88,81.4,10.376,-2.2,0.12,3.38,87.56,1.37,-2.44,0.06,0.02,-0.42,-0.63,-0.75,-0.81,189.68,170.0,0.0
1777660695480957925,165216,10.312,78.5,10.032,-2.4,0.1,3.3,87.56,1.37,-2.44,-0.03,0.1,-0.04,0.19,1.0,0.63,188.65,168.0,0.0
1777660695583350452,165317,9.016,72.9,10.392,-1.4,0.08,3.22,87.56,1.37,-2.44,0.0,-0.05,0.04,0.12,0.0,0.12,189.68,168.0,0.0
1777660695681694413,165416,8.98,78.6,9.132,0.2,0.08,3.26,87.56,1.37,-2.44,0.0,-0.04,-0.01,-0.06,0.06,-0.06,189.68,169.0,0.0
1777660695780034743,165516,8.936,73.6,10.4,0.7,0.02,3.3,87.56,1.37,-2.44,0.0,-0.02,0.03,-0.06,0.12,-0.19,188.65,169.0,0.0
1777660695882460520,165615,8.924,73.6,10.392,-0.6,0.06,3.18,87.56,1.37,-2.44,0.01,-0.02,0.01,0.06,-0.06,0.0,189.68,169.0,0.0
1777660695980781512,165715,8.928,77.1,10.392,0.5,0.0,3.4,87.56,1.37,-2.44,0.0,-0.05,0.03,0.0,0.31,0.0,189.68,169.0,0.0
1777660696079093867,165815,10.364,70.9,10.392,1.8,0.14,3.34,87.56,1.37,-2.44,0.01,-0.03,0.0,0.0,-0.19,-0.06,189.68,169.0,0.0
1777660696181530690,165915,8.996,75.7,10.0,-3.1,-0.1,3.36,87.56,1.37,-2.44,0.0,-0.02,-0.01,-0.06,-0.12,0.0,189.68,168.0,0.0
1777660696279834491,166014,8.832,73.4,9.296,-1.8,0.2,3.14,87.56,1.37,-2.44,0.0,-0.05,0.01,0.06,0.06,0.0,189.68,169.0,0.0
1777660696382244658,166114,10.376,79.0,10.412,-2.3,0.12,3.22,87.56,1.37,-2.44,0.0,-0.02,0.02,-0.06,0.0,0.06,185.56,169.0,0.0
1777660696480614792,166215,8.916,80.2,10.392,-0.2,0.14,3.42,87.56,1.37,-2.44,0.0,-0.03,0.02,-0.06,-0.06,0.0,189.34,169.0,0.0
1777660696583033257,166316,10.344,74.0,9.284,-0.1,-0.02,3.18,87.56,1.37,-2.44,-0.01,-0.05,0.0,0.06,-0.06,0.12,189.68,169.0,0.0
1777660696681364807,166416,10.176,70.9,10.4,-3.9,0.02,3.3,87.56,1.37,-2.44,0.0,-0.02,0.01,-0.06,0.06,0.06,189.68,169.0,0.0
1777660696783781254,166516,8.892,69.0,10.384,-0.9,0.06,3.18,87.56,1.37,-2.44,0.0,-0.02,0.0,-0.12,0.0,0.0,198.08,170.0,0.0
1777660696882122991,166616,10.356,70.2,10.4,2.1,-0.04,3.18,87.56,1.37,-2.44,0.01,-0.04,0.0,0.0,0.12,0.06,196.88,170.0,0.0
1777660696984555201,166716,8.912,69.1,10.276,-0.2,0.04,3.24,87.56,1.37,-2.44,-0.01,-0.04,0.01,-0.06,0.19,0.06,193.8,170.0,0.0
1777660697082863608,166816,8.98,73.6,9.108,0.2,0.04,3.42,87.56,1.37,-2.44,0.0,-0.03,-0.02,-0.12,0.06,0.0,189.68,172.0,0.0
1777660697181170637,166916,8.9,75.1,10.392,0.1,-0.02,3.18,87.56,1.37,-2.44,0.01,-0.02,0.04,-0.06,0.0,-0.06,189.68,172.0,0.0
1777660697283580297,167016,10.248,80.1,10.388,-0.3,0.08,3.24,87.56,1.37,-2.44,0.0,-0.05,0.02,0.19,0.06,-0.06,185.56,168.0,0.0
1777660697381903367,167115,10.364,77.1,10.26,0.5,0.06,3.13,87.56,1.37,-2.44,0.02,-0.03,-0.02,0.12,-0.06,-0.12,189.68,170.0,0.0
1777660697484357260,167216,8.716,78.4,10.392,-2.3,0.2,3.3,87.56,1.37,-2.44,0.0,-0.01,-0.03,-0.12,0.0,0.0,189.68,170.0,0.0
1777660697582675181,167317,10.032,72.2,10.408,-1.7,-0.08,3.44,87.56,1.37,-2.44,0.0,-0.03,0.0,0.0,-0.06,0.0,189.68,171.0,0.0
1777660697680974485,167416,8.72,77.7,10.388,-3.8,0.06,3.26,87.56,1.37,-2.44,0.01,-0.02,0.02,0.0,0.0,0.06,193.97,167.0,0.0
1777660697783437529,167516,8.736,72.4,10.384,-2.0,0.1,3.24,87.56,1.37,-2.44,0.0,-0.01,0.0,0.0,0.19,-0.06,184.36,167.0,0.0
1777660697881765989,167616,9.12,71.3,10.404,-0.9,0.04,3.18,87.56,1.37,-2.44,0.0,-0.03,0.0,0.0,-0.12,-0.12,189.68,169.0,0.0
1777660697984184503,167716,8.736,72.6,10.396,-3.0,0.0,3.34,87.56,1.37,-2.44,-0.01,0.0,0.0,-0.19,0.19,0.06,185.56,168.0,0.0
1777660698082485405,167817,10.372,75.3,10.396,-1.7,0.16,3.18,87.56,1.37,-2.44,0.01,-0.05,0.03,-0.12,0.31,0.0,189.68,168.0,0.0
1777660698184956893,167917,8.716,97.2,10.368,3.6,0.02,3.61,87.56,1.37,-2.44,0.01,-0.04,0.0,-0.06,0.12,0.06,189.68,167.0,0.0
1777660698283210398,168017,9.856,78.2,10.392,-1.0,0.1,3.34,87.56,1.37,-2.44,0.0,-0.04,0.0,0.0,0.06,-0.06,197.05,167.0,0.0
1777660698385657009,168117,10.328,70.7,9.156,2.8,-0.16,3.46,87.56,1.37,-2.44,0.03,-0.05,0.03,0.06,-0.06,0.0,189.68,168.0,0.0
1777660698484000814,168217,10.18,79.3,9.752,1.7,0.0,3.32,87.56,1.37,-2.44,0.0,-0.04,0.01,0.06,0.0,-0.19,189.68,170.0,0.0
1777660698582312148,168316,10.344,71.4,9.256,-1.3,0.06,3.34,87.56,1.37,-2.44,0.0,-0.04,0.03,-0.06,0.0,0.06,202.2,170.0,0.0
1777660698684745293,168417,10.344,79.9,9.26,0.1,-0.02,3.54,87.56,1.37,-2.44,0.0,-0.04,0.02,0.19,-0.06,0.0,202.2,170.0,0.0
1777660698783074132,168517,8.78,73.5,10.376,0.5,0.14,3.32,87.56,1.37,-2.44,0.0,-0.04,0.03,0.12,-0.19,0.0,198.08,171.0,0.0
1777660698885486438,168616,10.332,79.2,10.284,1.8,0.0,3.38,87.56,1.37,-2.44,0.0,-0.04,-0.04,0.12,-0.12,0.0,202.2,171.0,0.0
1777660698994206621,168717,9.952,75.9,10.084,-0.2,-0.04,3.16,87.56,1.37,-2.44,0.0,-0.02,-0.02,0.06,0.12,0.06,198.08,168.0,0.0
1777660699086233332,168818,10.164,72.9,9.564,-1.2,0.02,3.11,87.56,1.37,-2.44,-0.01,-0.08,0.02,-0.12,-0.06,0.06,189.68,168.0,0.0
1777660699188672461,168918,10.144,100.4,9.256,2.5,0.02,3.98,87.56,1.37,-2.44,-0.01,-0.02,0.0,-0.06,0.0,-0.12,189.68,169.0,0.0
1777660699286989456,169019,10.26,74.3,9.304,-0.2,0.06,3.22,87.56,1.37,-2.44,0.0,-0.02,0.04,0.0,0.12,0.06,185.56,170.0,0.0
1777660699385243658,169119,9.812,82.1,9.584,1.3,0.0,3.26,87.56,1.37,-2.44,0.01,-0.03,0.0,0.06,0.12,0.12,185.39,170.0,0.0
1777660699487733633,169219,10.348,76.3,9.292,0.9,-0.02,3.38,87.56,1.37,-2.44,0.0,-0.05,0.0,-0.06,-0.06,-0.06,185.39,172.0,0.0
1777660699586027271,169320,9.696,70.3,10.364,-3.8,-0.02,3.13,87.56,1.37,-2.44,0.01,-0.02,0.02,0.0,-0.12,-0.06,185.39,169.0,0.0
1777660699688477495,169419,9.192,79.2,10.372,-0.9,0.08,3.32,87.56,1.37,-2.44,0.0,-0.04,-0.01,0.0,-0.19,0.0,185.39,169.0,0.0
1777660699786792249,169519,8.944,72.6,9.224,-1.4,0.04,3.38,87.56,1.37,-2.44,0.0,-0.06,0.07,0.12,0.0,0.0,184.53,169.0,0.0
1777660699889223117,169619,10.016,74.2,10.32,-2.4,0.0,3.34,87.56,1.37,-2.44,0.0,-0.02,0.0,-0.12,0.06,-0.06,184.36,170.0,0.0
1777660699987554449,169719,9.66,74.3,10.336,-3.3,0.04,3.4,87.56,1.37,-2.44,0.0,-0.03,-0.02,0.0,0.06,0.06,185.56,170.0,0.0
1777660700089957443,169819,9.072,79.3,9.328,-2.1,0.06,3.3,87.56,1.37,-2.44,0.0,-0.04,0.04,-0.06,-0.06,0.0,185.56,172.0,0.0
1777660700188262097,169920,9.344,80.1,10.368,0.6,0.02,3.4,87.56,1.37,-2.44,0.01,-0.03,0.03,-0.06,-0.06,0.19,189.68,168.0,0.0
1777660700290668668,170020,10.324,76.0,10.38,0.6,0.08,3.34,87.56,1.37,-2.44,-0.01,-0.08,0.06,0.0,0.37,0.12,189.68,168.0,0.0
1777660700389001310,170121,10.336,71.5,10.1,-0.4,0.12,3.36,87.56,1.37,-2.44,0.0,-0.07,0.03,-0.06,-0.25,0.0,193.8,170.0,0.0
1777660700491452836,170222,10.128,79.2,10.388,0.6,-0.06,3.3,87.56,1.37,-2.44,0.0,-0.05,0.02,0.0,0.0,0.0,193.97,170.0,0.0
1777660700589775050,170321,10.34,76.3,9.212,-2.7,0.14,3.4,87.56,1.37,-2.44,0.01,0.0,0.0,-0.06,0.06,0.12,189.16,169.0,0.0
1777660700692195828,170422,9.108,81.8,10.364,-0.9,0.08,3.32,87.56,1.37,-2.44,0.0,-0.06,0.0,0.06,0.12,-0.06,198.08,167.0,0.0
1777660700790464214,170523,9.112,77.5,9.124,0.9,0.16,3.36,87.56,1.37,-2.44,0.0,-0.07,0.02,-0.12,0.12,0.06,193.97,167.0,0.0
1777660700892955249,170624,9.556,72.1,9.268,-3.7,-0.04,3.4,87.56,1.37,-2.44,0.0,-0.02,0.03,-0.12,0.0,0.12,185.56,172.0,0.0
1777660700995369896,170725,10.332,77.7,10.384,1.6,-0.04,3.4,87.56,1.37,-2.44,0.0,-0.01,-0.03,0.0,0.0,-0.06,185.56,170.0,0.0
1777660701093686455,170825,9.864,77.7,10.36,-3.9,0.0,3.26,87.56,1.37,-2.44,0.0,-0.02,0.0,-0.06,-0.06,0.06,193.97,170.0,0.0
1777660701196087181,170925,10.308,111.5,10.368,-0.4,0.04,3.93,87.56,1.37,-2.44,0.01,-0.06,0.0,0.06,0.0,0.0,185.56,169.0,0.0
1777660701294435212,171025,10.296,77.0,10.064,0.7,-0.06,3.48,87.56,1.37,-2.44,0.0,-0.05,0.01,0.0,-0.12,0.0,185.39,168.0,0.0
1777660701392716840,171124,9.704,78.6,9.096,-3.6,0.12,3.46,87.56,1.37,-2.44,0.02,0.01,0.01,-0.06,-0.19,0.06,185.56,168.0,0.0
1777660701495168021,171224,10.328,80.3,10.38,1.3,0.14,3.36,87.56,1.37,-2.44,0.0,-0.04,-0.02,-0.12,-0.12,-0.12,185.56,167.0,0.0
1777660701593458521,171325,10.316,71.8,9.936,-1.9,0.06,3.54,87.56,1.37,-2.44,0.01,-0.03,0.02,-0.12,-0.12,-0.06,185.56,167.0,0.0
1777660701695921558,171425,10.34,74.1,9.284,0.3,0.04,3.4,87.56,1.37,-2.44,0.0,-0.04,0.04,0.12,0.0,-0.06,189.68,171.0,0.0
1777660701794240360,171525,10.068,78.3,9.128,-1.1,0.02,3.34,87.56,1.37,-2.44,0.0,-0.03,0.0,0.06,0.06,-0.06,185.56,169.0,0.0
1777660701902677589,171625,10.348,77.4,10.376,-0.8,0.04,3.42,87.56,1.37,-2.44,0.0,-0.05,0.04,0.12,-0.06,-0.06,185.56,169.0,0.0
1777660701994989822,171724,9.232,72.9,9.04,1.2,-0.06,3.18,87.56,1.37,-2.44,0.0,-0.05,0.01,-0.06,0.06,0.0,185.39,171.0,0.0
1777660702097409002,171825,9.764,73.9,9.84,-1.0,0.12,3.38,87.56,1.37,-2.44,0.0,-0.03,0.03,0.06,0.0,0.0,189.68,167.0,0.0
1777660702195719004,171926,10.244,78.3,10.372,-2.8,0.16,3.3,87.56,1.37,-2.44,0.0,-0.04,0.0,-0.12,0.06,0.06,185.39,167.0,0.0
1777660702294002372,172025,10.312,74.5,10.38,1.9,0.23,3.38,87.56,1.37,-2.44,0.01,0.0,0.0,-0.12,0.06,-0.12,193.8,169.0,0.0
1777660702396421778,172125,10.172,77.1,9.068,-2.9,0.0,3.38,87.56,1.37,-2.44,0.0,-0.03,0.02,0.0,0.0,0.12,185.39,168.0,0.0
1777660702494792276,172226,10.32,73.7,9.22,0.2,0.06,3.42,87.56,1.37,-2.44,0.0,-0.03,0.0,-0.06,0.0,0.0,189.85,168.0,0.0
1777660702597203718,172325,10.336,75.5,10.388,-0.3,0.12,3.26,87.56,1.37,-2.44,0.0,-0.02,-0.03,0.0,0.06,-0.06,184.36,169.0,0.0
1777660702695527983,172425,8.704,77.1,10.284,-3.1,-0.08,3.26,87.56,1.37,-2.44,0.0,-0.02,0.0,-0.06,0.0,0.0,198.08,169.0,0.0
1777660702793776120,172525,10.336,72.6,10.384,-4.1,0.02,3.28,87.56,1.37,-2.44,0.0,-0.03,-0.01,-0.12,0.12,0.06,198.08,168.0,0.0
1777660702896286325,172624,9.496,78.5,10.384,-0.1,-0.04,3.36,87.56,1.37,-2.44,0.0,-0.02,0.01,0.0,-0.06,0.06,185.56,170.0,0.0
1777660702994590937,172725,8.916,79.2,10.376,-0.2,0.04,3.3,87.56,1.37,-2.44,0.01,-0.03,0.01,-0.06,-0.12,-0.12,185.56,170.0,0.0
1777660703097014813,172825,8.7,80.0,10.38,-0.7,-0.04,3.42,87.56,1.37,-2.44,0.0,-0.05,0.01,0.0,-0.06,-0.06,189.68,166.0,0.0
1777660703195309460,172924,9.9,68.6,9.372,-2.1,-0.08,3.38,87.56,1.37,-2.44,0.0,-0.02,0.0,0.0,-0.06,-0.06,189.68,170.0,0.0
1777660703297718041,173024,8.92,70.3,9.204,-0.7,0.02,3.44,87.56,1.37,-2.44,0.0,-0.04,0.03,0.0,-0.12,-0.12,189.68,170.0,0.0
1777660703396077702,173125,10.212,76.6,10.388,-0.9,0.1,3.26,87.56,1.37,-2.44,0.0,-0.04,0.0,-0.06,0.0,0.0,185.39,169.0,0.0
1777660703494386667,173224,10.344,76.4,9.096,-0.4,0.1,3.11,87.56,1.37,-2.44,0.01,-0.04,0.01,0.12,-0.06,0.0,188.65,169.0,0.0
1777660703596791822,173324,10.328,76.0,10.384,-0.1,0.08,3.44,87.56,1.37,-2.44,0.0,0.0,0.0,0.06,0.0,-0.12,189.68,170.0,0.0
1777660703695136073,173424,10.324,77.1,9.1,-1.9,0.18,3.14,87.56,1.37,-2.44,0.0,-0.05,0.01,0.06,0.19,-0.06,193.8,169.0,0.0
1777660703793418569,173524,9.884,77.9,10.372,-0.4,0.0,3.18,87.56,1.37,-2.44,0.01,-0.04,0.0,0.0,0.06,-0.12,198.08,169.0,0.0
1777660703895843876,173624,10.344,72.4,9.048,-1.4,0.04,3.34,87.56,1.37,-2.44,0.0,-0.02,0.0,0.06,0.06,-0.06,198.08,169.0,0.0
1777660703994208353,173723,10.332,72.2,10.392,1.9,0.08,3.28,87.56,1.37,-2.44,0.0,-0.02,0.0,-0.06,0.06,0.0,193.8,171.0,0.0
1777660704092511420,173822,10.324,79.1,9.088,-0.1,0.04,3.28,87.56,1.37,-2.44,0.0,-0.03,-0.01,-0.12,0.06,-0.12,193.97,171.0,0.0
1777660704194951669,173922,10.264,79.6,9.604,2.9,0.02,3.52,87.56,1.37,-2.44,0.0,-0.05,-0.02,-0.19,0.12,-0.06,189.68,169.0,0.0
1777660704293216697,174022,10.352,78.5,10.38,-2.4,0.1,3.28,87.56,1.37,-2.44,0.0,-0.02,0.0,0.0,-0.06,0.06,189.68,171.0,0.0
1777660704391501582,174121,9.952,82.9,10.16,-3.1,0.18,3.52,87.56,1.37,-2.44,0.01,-0.05,0.0,-0.12,0.0,0.0,189.68,171.0,0.0
1777660704493997917,174221,9.696,73.9,10.2,-2.0,-0.12,3.28,87.56,1.37,-2.44,0.0,-0.02,0.0,0.12,0.06,-0.12,193.8,170.0,0.0
1777660704592278448,174322,10.2,77.3,10.384,0.3,0.12,3.28,87.56,1.37,-2.44,0.01,-0.04,-0.03,0.06,-0.12,-0.06,202.37,170.0,0.0
1777660704694734590,174422,9.9,81.9,10.024,-3.9,0.16,3.44,87.56,1.37,-2.44,0.0,-0.02,-0.01,0.0,0.0,-0.12,189.68,170.0,0.0
1777660704793059446,174522,8.84,75.9,10.372,-1.0,0.16,3.46,87.56,1.37,-2.44,0.02,-0.07,0.0,0.0,0.06,0.12,189.68,168.0,0.0
1777660704895482339,174621,9.548,80.9,10.176,0.6,-0.12,3.57,87.56,1.37,-2.44,0.01,-0.03,0.01,-0.06,0.0,0.0,189.68,168.0,0.0
1777660704993804120,174722,10.344,72.3,10.16,2.8,0.04,3.48,87.56,1.37,-2.44,0.02,-0.02,0.0,0.0,0.0,-0.06,189.68,168.0,0.0
1777660705096211388,174823,10.332,79.9,10.168,0.8,0.04,3.46,87.56,1.37,-2.44,0.0,-0.03,0.01,-0.12,-0.06,0.0,189.68,168.0,0.0
1777660705194556284,174922,10.18,79.1,9.352,0.9,0.12,3.32,87.56,1.37,-2.44,0.0,-0.06,0.0,0.0,0.12,-0.06,185.56,168.0,0.0
1777660705296958371,175022,8.9,53.6,10.408,1.4,0.14,1.82,87.56,1.31,-2.44,-0.54,-0.7,0.69,0.31,3.44,1.88,189.68,165.0,0.0
1777660705395229232,175123,10.344,77.5,10.396,1.7,-0.04,3.13,87.5,1.37,-2.44,-0.13,0.07,-0.24,0.0,-1.06,-0.56,189.68,169.0,0.0
1777660705493598670,175222,9.008,68.2,10.376,-3.3,0.02,3.18,87.5,1.37,-2.44,0.0,-0.03,-0.1,-0.12,-1.81,-0.19,193.8,169.0,0.0
1777660705596012093,175322,10.312,69.2,9.188,1.6,0.0,3.36,87.5,1.37,-2.44,0.04,0.02,-0.17,-0.06,-0.56,-0.12,189.68,169.0,0.0
1777660705694334354,175422,9.44,73.5,10.376,0.5,0.0,3.36,87.5,1.37,-2.44,0.0,-0.05,0.1,-0.06,0.5,-0.12,189.68,169.0,0.0
1777660705792612736,175521,9.98,80.9,10.384,-3.0,0.02,3.42,87.5,1.31,-2.44,0.0,-0.04,0.01,-0.06,0.06,-0.06,188.65,169.0,0.0
1777660705895076632,175622,9.32,82.1,10.308,-0.5,-0.16,3.57,87.5,1.31,-2.44,0.02,-0.03,-0.01,-0.06,-0.19,-0.06,188.65,171.0,0.0
1777660705993400430,175722,10.328,79.8,10.38,-2.8,0.08,3.42,87.5,1.31,-2.44,0.0,-0.03,0.03,0.0,0.06,-0.06,188.65,171.0,0.0
1777660706095818432,175821,10.324,71.5,10.384,2.4,0.02,3.28,87.5,1.31,-2.44,0.0,-0.04,0.03,-0.06,-0.12,-0.12,189.68,169.0,0.0
1777660706194137116,175921,10.36,81.2,10.396,-0.5,0.1,3.3,87.5,1.31,-2.44,0.01,-0.02,-0.01,0.06,0.0,0.0,189.68,170.0,0.0
1777660706296502207,176022,8.916,48.8,9.764,-0.4,0.06,3.01,87.56,1.31,-2.44,0.73,1.39,0.16,0.5,2.13,1.25,202.2,170.0,0.0
1777660706394834301,176121,8.928,74.8,10.388,-1.5,0.0,3.13,87.5,1.37,-2.44,0.13,-0.16,0.26,0.06,0.75,0.69,198.08,169.0,0.0
1777660706493121664,176221,8.744,70.1,9.612,-0.6,-0.02,3.14,87.5,1.37,-2.44,0.0,-0.11,-0.07,-0.06,-1.44,-0.19,189.68,169.0,0.0
1777660706595605446,176321,8.732,73.3,10.4,-1.4,-0.02,2.97,87.5,1.37,-2.44,-0.02,-0.02,0.03,0.06,0.19,0.12,189.68,169.0,0.0
1777660706693919684,176420,10.404,73.7,10.4,2.5,-0.14,3.05,87.5,1.37,-2.44,-0.01,-0.05,0.12,-0.06,-0.56,0.0,198.08,166.0,0.0
1777660706796333730,176521,8.94,76.8,10.396,-3.4,0.08,3.2,87.5,1.37,-2.44,-0.01,-0.02,0.0,0.0,0.0,0.0,202.37,166.0,0.0
1777660706894662360,176621,8.884,69.9,10.392,-2.6,0.1,3.13,87.5,1.37,-2.44,0.01,-0.02,-0.01,-0.06,0.0,0.0,189.68,171.0,0.0
1777660706997088093,176721,8.908,72.4,10.388,0.4,0.18,3.09,87.5,1.37,-2.44,-0.01,-0.03,0.05,0.19,0.12,-0.06,202.37,170.0,0.0
1777660707095424209,176822,10.04,69.5,10.4,2.6,0.08,3.14,87.5,1.37,-2.44,0.0,-0.03,0.05,0.0,0.19,0.06,205.46,170.0,0.0
1777660707193693582,176922,8.9,71.2,9.62,0.3,0.14,3.07,87.5,1.37,-2.44,0.0,-0.02,0.0,0.0,-0.06,-0.06,205.46,169.0,0.0
1777660707296095395,177021,10.38,57.9,9.648,1.1,0.02,2.36,87.5,1.31,-2.44,-0.08,0.19,0.56,0.37,1.63,0.94,189.68,169.0,0.0
1777660707394393886,177122,8.896,72.6,10.392,-1.5,0.1,3.18,87.44,1.37,-2.44,-0.01,-0.09,-0.36,-0.06,0.12,0.19,189.68,169.0,0.0
1777660707496866009,177222,8.752,74.4,10.384,-1.1,0.12,2.97,87.44,1.37,-2.44,0.0,-0.04,0.05,-0.06,-0.75,-0.19,189.68,169.0,0.0
1777660707595196173,177321,8.724,74.2,10.388,-0.1,-0.06,3.22,87.44,1.37,-2.44,0.04,-0.04,-0.1,-0.06,-0.31,0.0,189.68,170.0,0.0
1777660707697634141,177421,8.868,75.9,10.4,0.6,0.06,3.2,87.44,1.37,-2.44,0.0,-0.03,0.11,0.06,0.37,0.06,189.68,170.0,0.0
1777660707795919221,177521,8.688,72.4,10.404,-0.5,-0.04,2.95,87.44,1.37,-2.44,0.01,-0.03,0.04,0.06,0.19,0.06,189.68,169.0,0.0
1777660707894241439,177620,8.74,72.6,10.392,-2.0,0.02,3.03,87.44,1.37,-2.44,0.0,-0.02,-0.03,0.0,-0.19,0.06,189.85,169.0,0.0
1777660707996732807,177720,8.872,66.5,10.4,-3.3,0.14,3.05,87.44,1.37,-2.38,0.0,-0.03,0.04,-0.12,-0.12,-0.06,189.68,169.0,0.0
1777660708094976341,177821,8.872,73.8,10.384,-1.6,0.12,3.3,87.44,1.37,-2.38,0.01,-0.02,0.01,0.06,-0.06,0.0,189.68,169.0,0.0
1777660708197401983,177921,8.872,67.9,10.4,1.4,0.16,3.03,87.44,1.37,-2.38,0.0,-0.04,0.04,-0.12,0.19,0.0,189.68,169.0,0.0
1777660708295681630,178021,10.172,62.7,10.392,-0.6,0.08,1.82,87.44,1.31,-2.38,-0.2,0.53,0.74,0.25,0.81,0.06,189.68,168.0,0.0
1777660708398089676,178121,8.664,70.3,10.4,-1.3,0.1,3.16,87.44,1.37,-2.38,0.02,-0.18,0.0,0.0,0.5,0.19,189.68,168.0,0.0
1777660708496453617,178222,9.36,77.1,10.388,-1.4,0.02,3.4,87.44,1.37,-2.38,0.05,0.15,-0.26,0.0,-1.06,0.0,189.85,168.0,0.0
1777660708598926287,178322,8.74,70.4,10.388,-1.9,0.0,3.5,87.44,1.37,-2.38,0.01,-0.05,0.0,-0.19,-0.25,0.0,189.68,171.0,0.0
1777660708697188375,178422,8.732,78.1,10.376,0.8,0.04,3.24,87.44,1.37,-2.38,0.0,-0.02,0.08,0.12,0.37,-0.06,193.97,171.0,0.0
1777660708795474876,178522,8.88,82.1,10.372,-1.7,-0.04,3.44,87.44,1.37,-2.38,0.0,-0.04,0.02,0.12,0.06,-0.12,193.97,171.0,0.0
1777660708897923837,178622,8.712,82.3,9.52,1.4,0.02,3.22,87.44,1.37,-2.38,0.0,0.0,0.0,0.0,0.12,-0.12,193.97,168.0,0.0
1777660708996236472,178721,8.648,75.1,10.38,-0.5,-0.06,3.28,87.44,1.37,-2.38,0.0,-0.04,0.02,0.06,-0.12,0.0,193.97,168.0,0.0
1777660709094521067,178821,8.728,73.4,10.396,0.0,0.21,3.22,87.44,1.37,-2.38,0.0,-0.03,0.02,-0.06,-0.12,0.06,193.97,170.0,0.0
1777660709196972462,178921,8.64,79.4,10.388,0.3,0.12,3.38,87.44,1.37,-2.38,0.0,-0.01,0.0,0.0,-0.06,0.0,192.94,170.0,0.0
1777660709295276808,179020,9.992,47.1,10.424,-0.2,0.2,2.05,87.44,1.31,-2.38,0.56,-0.3,-0.4,-0.06,0.12,-0.25,202.37,170.0,0.0
1777660709397661154,179120,8.704,85.7,10.392,-3.7,-0.02,3.61,87.44,1.37,-2.38,-0.1,-0.21,0.07,0.0,0.19,0.12,202.37,168.0,0.0
1777660709496020936,179220,10.384,83.1,10.392,1.8,0.08,3.52,87.44,1.37,-2.38,-0.01,-0.12,0.0,-0.06,0.12,0.0,189.85,169.0,0.0
1777660709594342230,179319,8.908,82.4,10.376,-2.2,0.18,3.57,87.44,1.31,-2.38,0.03,0.01,-0.03,0.19,0.5,0.0,189.68,169.0,0.0
1777660709696755211,179419,8.676,77.3,9.256,-0.1,0.02,3.57,87.44,1.31,-2.38,0.01,-0.03,0.04,0.0,0.06,0.0,189.68,165.0,0.0
1777660709795074727,179519,10.388,76.7,10.376,-2.2,0.02,3.44,87.44,1.31,-2.38,0.0,-0.03,0.02,0.12,-0.06,0.0,188.48,169.0,0.0
1777660709893374443,179619,10.336,82.0,10.372,-1.8,0.16,3.59,87.44,1.31,-2.38,0.03,0.0,0.0,0.0,-0.31,0.06,189.68,169.0,0.0
1777660709995802815,179719,8.828,85.7,10.388,2.9,0.02,3.73,87.44,1.31,-2.38,0.0,-0.02,0.0,-0.06,0.06,-0.06,193.97,168.0,0.0
1777660710094131434,179819,8.696,79.9,10.396,-0.4,0.18,3.52,87.44,1.31,-2.38,0.0,-0.02,0.04,-0.06,-0.06,0.06,189.68,168.0,0.0
1777660710196563868,179919,10.36,81.7,10.38,3.2,0.18,3.48,87.44,1.31,-2.38,0.0,0.0,0.03,0.0,0.25,0.12,189.68,168.0,0.0
1777660710294821730,180020,9.04,77.0,10.392,2.9,0.16,3.46,87.44,1.31,-2.38,0.02,0.02,-0.05,0.06,0.75,0.44,193.97,167.0,0.0
1777660710397261369,180120,9.152,85.4,9.204,-2.4,0.04,3.5,87.44,1.31,-2.38,0.0,-0.02,-0.08,0.0,-0.5,-0.12,189.68,167.0,0.0
1777660710495596153,180219,8.832,81.4,10.144,0.9,-0.04,3.42,87.44,1.31,-2.38,0.0,0.0,-0.05,0.0,0.06,0.0,193.97,170.0,0.0
1777660710593878965,180319,8.62,77.4,10.396,-0.5,0.06,3.48,87.44,1.31,-2.38,0.0,-0.05,0.04,0.06,0.06,0.12,193.97,170.0,0.0
1777660710696320233,180419,8.664,86.8,10.384,-2.3,0.02,3.57,87.44,1.31,-2.38,0.0,-0.02,-0.03,0.06,0.0,0.12,198.08,170.0,0.0
1777660710794647664,180518,8.816,80.0,10.392,0.0,0.12,3.42,87.44,1.31,-2.38,0.0,-0.03,0.01,-0.12,-0.06,0.0,193.8,169.0,0.0
1777660710902972090,180618,8.828,82.0,10.384,-2.9,-0.08,3.44,87.44,1.31,-2.38,0.02,-0.02,-0.01,0.0,-0.12,0.0,193.8,166.0,0.0
1777660710995376652,180718,8.64,77.6,10.392,0.9,0.04,3.38,87.44,1.31,-2.38,0.0,-0.02,-0.01,0.12,0.06,-0.06,202.37,166.0,0.0
1777660711093744168,180817,8.604,84.0,10.38,-3.1,0.08,3.38,87.44,1.31,-2.38,-0.01,-0.02,0.0,0.06,0.0,-0.06,202.37,169.0,0.0
1777660711196137763,180917,8.824,81.8,10.384,-2.3,0.04,3.65,87.44,1.31,-2.38,0.0,-0.03,-0.01,0.06,-0.06,0.06,202.37,169.0,0.0
1777660711294404519,181017,10.328,55.0,9.272,-0.2,0.0,2.34,87.25,1.44,-2.38,0.52,0.53,-1.03,0.06,-1.5,0.56,205.29,169.0,0.0
1777660711392670460,181117,10.032,66.1,10.404,0.2,-0.12,3.01,87.25,1.44,-2.38,0.09,-0.12,-0.02,0.12,1.25,1.12,198.08,169.0,0.0
1777660711495132067,181218,8.844,72.3,10.392,0.7,0.0,3.03,87.25,1.44,-2.38,-0.04,0.0,-0.05,0.0,1.12,0.0,202.2,169.0,0.0
1777660711597578134,181319,9.288,69.3,10.388,-4.0,0.04,2.99,87.25,1.44,-2.38,0.05,0.0,-0.08,0.0,-0.37,0.12,202.2,169.0,0.0
1777660711695922552,181419,8.92,73.5,10.08,0.9,0.02,2.99,87.25,1.44,-2.38,0.0,-0.06,0.02,0.0,-0.31,0.0,202.2,168.0,0.0
1777660711798321852,181519,8.696,72.1,10.4,-3.6,0.06,3.07,87.25,1.44,-2.38,0.02,-0.02,0.02,0.0,0.31,0.0,223.81,168.0,0.0
1777660711896595424,181619,10.372,68.8,10.396,0.8,0.0,3.26,87.25,1.44,-2.38,0.0,-0.02,-0.01,0.0,-0.19,-0.12,232.21,170.0,0.0
1777660711999042639,181720,10.34,67.0,10.396,2.4,-0.02,3.2,87.25,1.44,-2.38,0.0,-0.03,-0.01,0.06,0.19,0.0,226.89,170.0,0.0
1777660712097340918,181820,8.72,74.2,10.392,0.1,-0.04,3.14,87.25,1.44,-2.38,-0.01,-0.03,0.02,0.0,0.25,-0.12,206.49,171.0,0.0
1777660712195639770,181919,8.884,76.9,10.392,2.5,0.1,3.11,87.25,1.44,-2.38,0.0,0.0,0.0,0.06,0.0,0.0,201.34,170.0,0.0
1777660712298081854,182020,8.656,70.6,10.38,-4.1,0.06,3.55,87.0,1.56,-2.38,0.45,-0.17,-0.19,1.0,-5.81,3.75,11992.14,169.0,0.0
1777660712398314224,182120,8.876,82.6,10.38,-1.3,0.06,3.52,86.94,1.56,-2.38,0.13,-0.2,-0.01,0.0,-0.69,0.44,11991.62,170.0,0.0
1777660712506743743,182220,8.908,73.6,10.388,-2.4,0.12,3.5,86.94,1.5,-2.38,-0.04,-0.02,0.08,-0.06,1.63,-0.06,11992.82,170.0,0.0
1777660712609190123,182321,10.348,79.2,10.38,-3.7,0.08,3.36,86.94,1.5,-2.38,0.04,-0.07,0.02,0.19,-0.37,0.19,11992.14,166.0,0.0
1777660712707448228,182421,8.752,74.2,10.392,2.8,0.06,3.46,86.94,1.5,-2.38,0.02,-0.03,-0.1,0.0,-0.81,-0.06,11993.34,166.0,0.0
1777660712799792113,182521,8.74,74.5,10.396,0.6,0.18,3.59,86.94,1.5,-2.38,0.01,0.0,-0.06,0.0,0.06,-0.12,11993.34,171.0,0.0
1777660712908230541,182621,10.34,81.8,10.02,-0.7,0.12,3.55,86.94,1.5,-2.38,-0.01,-0.03,0.1,0.0,0.31,0.0,11990.94,167.0,0.0
1777660713000655644,182721,8.736,83.4,10.392,2.4,-0.04,3.44,86.94,1.5,-2.38,0.0,-0.05,-0.04,-0.12,-0.12,0.12,11993.51,167.0,0.0
1777660713108965389,182821,8.856,79.5,10.392,-2.2,0.04,3.36,86.94,1.5,-2.38,0.0,0.01,-0.01,0.06,0.31,0.0,11993.17,169.0,0.0
1777660713199418570,182921,8.944,74.8,9.288,-3.8,0.08,3.38,86.94,1.5,-2.38,0.01,-0.02,-0.02,0.0,-0.12,0.0,11979.79,170.0,0.0
1777660713301709529,183021,8.956,59.2,10.392,-0.1,0.04,2.66,86.69,1.63,-2.38,0.23,0.11,-0.37,0.19,-2.88,0.81,11996.42,170.0,0.0
1777660713406005787,183121,10.328,74.0,10.224,-0.2,0.14,3.11,86.69,1.63,-2.38,0.15,0.39,-0.6,-0.06,0.75,0.69,11996.6,168.0,0.0
1777660713500275496,183221,10.332,74.2,9.792,3.0,0.04,3.26,86.62,1.63,-2.38,-0.04,-0.12,0.21,0.06,1.37,0.0,11995.74,168.0,0.0
1777660713602715536,183321,10.148,77.1,9.7,0.4,0.06,3.26,86.62,1.56,-2.38,0.04,-0.04,0.1,0.0,0.19,0.19,11997.8,169.0,0.0
1777660713701002418,183421,10.328,71.7,9.308,0.3,0.06,3.2,86.62,1.56,-2.38,0.0,-0.03,0.03,-0.31,-0.25,-0.06,11995.05,168.0,0.0
1777660713803512117,183521,9.008,77.9,10.376,-3.1,0.14,3.4,86.62,1.56,-2.38,0.01,-0.03,0.0,-0.19,0.12,-0.12,11997.45,168.0,0.0
1777660713901740600,183621,9.092,70.7,10.376,-1.2,0.04,3.28,86.62,1.56,-2.38,0.03,0.01,-0.03,-0.06,-0.25,-0.06,11996.08,169.0,0.0
1777660714004153599,183721,9.76,75.8,10.384,-2.4,0.0,3.34,86.62,1.56,-2.38,0.0,-0.02,0.03,0.0,-0.12,0.0,11992.31,168.0,0.0
1777660714102585681,183821,10.328,72.0,9.596,2.4,-0.06,3.09,86.62,1.56,-2.38,0.01,0.0,-0.01,-0.06,0.31,-0.06,11993.85,168.0,0.0
1777660714199015545,183921,9.412,78.2,10.388,0.0,0.12,3.3,86.62,1.56,-2.38,0.0,-0.04,0.01,-0.12,0.0,0.06,11977.04,168.0,0.0
1777660714301245355,184022,9.036,61.5,9.516,1.1,0.06,2.93,86.37,1.69,-2.38,0.42,-0.33,-0.2,0.69,-5.19,3.5,11991.79,169.0,0.0
1777660714401562612,184122,10.356,80.9,9.208,0.1,0.12,3.38,86.31,1.69,-2.44,0.14,-0.08,0.63,0.37,3.38,1.81,11996.6,169.0,0.0
1777660714509942944,184222,9.036,76.4,9.436,-4.1,0.04,3.24,86.31,1.69,-2.44,0.15,0.14,-0.21,-0.12,0.88,-0.5,11997.11,168.0,0.0
1777660714602234948,184323,10.372,74.2,10.372,-1.3,0.06,3.03,86.31,1.69,-2.38,-0.2,-0.27,0.27,0.06,0.25,0.75,11996.6,168.0,0.0
1777660714710681772,184423,10.352,72.3,10.396,-3.4,0.0,3.3,86.31,1.69,-2.38,0.03,-0.07,-0.17,-0.06,-0.69,-0.63,11997.28,168.0,0.0
1777660714803043305,184522,10.164,80.7,10.388,-2.1,0.04,3.44,86.31,1.69,-2.38,0.08,-0.13,0.13,-0.19,-0.25,0.12,11995.05,168.0,0.0
1777660714901318285,184622,10.372,74.0,10.404,-1.6,0.16,3.48,86.31,1.69,-2.38,0.02,0.02,-0.03,-0.12,-0.06,0.06,11997.45,168.0,0.0
1777660715003707102,184721,9.664,79.4,10.388,-0.9,0.0,3.48,86.31,1.69,-2.38,0.05,-0.2,0.0,0.0,-0.06,-0.75,11996.25,170.0,0.0
1777660715102003796,184821,9.16,76.0,10.376,-0.6,-0.08,3.28,86.31,1.75,-2.31,0.01,-0.06,0.06,-1.44,-0.06,0.19,11994.2,168.0,0.0
1777660715198368159,184921,10.316,73.5,10.392,-2.1,0.1,3.24,86.31,1.75,-2.25,0.01,0.07,-0.15,0.19,0.31,-0.12,11983.22,168.0,0.0
1777660715300833103,185021,10.348,74.2,9.336,-1.2,-0.02,3.4,86.12,1.81,-2.25,0.39,-0.15,0.26,0.56,-4.69,2.69,11994.88,170.0,0.0
1777660715399164464,185121,9.928,76.2,10.14,-1.1,0.04,3.34,86.06,1.81,-2.25,0.18,-0.07,-0.27,-0.12,-0.12,0.37,11996.25,168.0,0.0
1777660715509497567,185221,10.348,77.4,9.184,-2.5,0.12,3.46,86.19,1.81,-2.25,-0.02,-0.27,0.39,0.31,2.13,-0.37,11996.6,168.0,0.0
1777660715601794506,185320,9.784,74.7,10.384,0.8,0.12,3.24,86.5,1.94,-2.25,0.05,0.05,0.0,0.75,-2.5,-1.5,11982.36,169.0,0.0
1777660715708271699,185420,8.884,31.2,10.412,-1.1,0.18,0.9,86.19,2.13,-2.5,-0.31,0.04,0.55,5.13,-5.75,7.63,207.17,169.0,0.0
1777660715808514901,185521,8.932,19.4,10.424,-1.2,0.06,0.84,85.25,2.19,-2.44,0.27,-0.46,0.93,-4.88,0.81,8.56,11969.67,175.0,0.0
1777660715898855862,185621,8.932,20.5,10.424,-0.9,-0.04,0.57,84.19,1.56,-1.37,0.01,-0.5,0.16,-9.44,7.75,10.94,257.42,175.0,0.0
1777660716009253330,185720,8.992,19.1,10.428,-1.2,-0.04,0.76,83.19,1.0,-0.88,0.19,-0.36,-0.28,-0.5,7.38,11.0,11972.93,191.0,0.0
1777660716101569421,185820,8.98,23.1,10.428,-1.0,0.16,0.51,82.25,0.81,-0.88,0.12,-0.4,0.08,4.63,0.0,9.69,11971.21,213.0,0.0
1777660716202091636,185920,8.988,19.1,10.424,-0.9,-0.06,0.76,81.5,0.69,-1.44,0.05,-0.14,-0.06,7.5,2.13,4.31,11951.83,230.0,0.0
1777660716300380542,186020,8.864,15.4,10.42,-0.8,0.06,0.35,81.06,0.31,-1.94,0.06,-0.2,0.94,5.25,5.56,1.69,11971.9,230.0,0.0
1777660716410655954,186120,8.864,15.7,10.028,-1.1,0.12,0.68,81.06,0.19,-2.19,0.06,0.2,0.16,-0.06,0.88,1.81,11970.7,266.0,0.0
1777660716509006907,186220,10.412,19.6,9.188,0.0,0.02,1.0,81.0,0.12,-2.25,0.14,0.21,-0.8,0.31,2.63,0.69,11974.3,290.0,0.0
1777660716599437705,186320,8.984,21.5,10.428,-0.7,0.04,0.88,80.75,-0.5,-2.31,0.01,0.33,-0.43,-0.19,7.25,3.5,307.67,290.0,0.0
1777660716701848194,186420,10.388,27.0,10.428,-0.8,0.0,1.02,80.44,-0.88,-2.31,-0.04,0.42,0.09,-1.69,0.88,2.31,369.58,290.0,0.0
1777660716800147991,186521,10.408,21.8,10.42,-0.6,0.08,1.27,80.37,-0.56,-2.38,0.43,0.33,0.03,-5.44,-1.63,-1.56,353.29,295.0,0.0
1777660716900372364,186620,8.904,19.9,9.776,-0.6,0.04,1.13,80.81,-0.88,-1.63,0.04,-0.23,0.05,-9.06,6.63,-3.94,11974.13,301.0,0.0
1777660717008804237,186720,9.052,28.0,10.42,-1.3,0.02,1.48,81.62,-1.25,-1.0,-0.28,0.05,0.36,-3.75,1.0,-7.44,11974.99,294.0,0.0
1777660717099120817,186820,8.82,32.8,10.416,-0.5,0.08,1.45,82.06,-1.12,-0.88,-0.13,-0.44,-0.08,2.13,-1.44,-2.13,329.97,294.0,0.0
1777660717201594271,186920,8.9,38.6,10.432,0.1,0.02,1.19,82.06,-1.06,-1.37,-0.06,-0.28,-0.03,10.19,1.31,1.0,11976.53,297.0,0.0
1777660717299963105,187020,8.972,27.8,10.42,-1.0,-0.1,1.07,81.94,-1.12,-2.25,0.0,-0.22,0.09,8.25,-1.69,2.5,11974.99,309.0,0.0
1777660717404278652,187120,9.004,34.9,10.416,-0.3,0.06,1.0,81.62,-0.88,-2.75,0.14,-0.13,-0.21,4.0,-3.56,3.44,11977.39,309.0,0.0
1777660717502582272,187219,10.412,24.9,10.416,-1.3,-0.08,1.25,81.31,-0.69,-2.69,-0.01,-0.13,0.06,-3.56,-0.56,2.63,11972.41,318.0,0.0
1777660717598938079,187319,10.38,28.9,10.42,-0.3,0.0,1.31,81.12,-0.56,-2.13,0.15,-0.17,0.18,-7.13,-2.31,1.31,354.49,318.0,0.0
1777660717701392883,187419,10.376,33.9,10.416,-1.3,0.02,0.96,81.0,-0.44,-1.37,-0.12,0.25,0.49,-6.81,0.06,2.19,325.51,321.0,0.0
1777660717801597698,187518,10.412,18.9,9.168,0.3,0.1,1.09,80.5,0.0,-0.75,-0.26,0.22,-0.3,-7.06,-11.0,9.0,11970.01,308.0,0.0
1777660717899950918,187618,10.408,18.8,9.204,0.2,-0.04,0.84,79.56,1.06,-0.25,0.37,0.09,0.0,-2.94,-5.63,12.5,11970.36,308.0,0.0
1777660718002330481,187718,10.408,25.9,9.348,-0.5,-0.04,1.13,78.06,1.19,0.0,0.04,-0.08,0.16,-2.81,2.25,22.5,11971.21,316.0,0.0
1777660718110760299,187819,8.968,19.0,10.412,-0.9,-0.06,0.72,75.06,1.0,0.44,-0.06,-0.27,-0.04,-4.31,-1.12,39.19,11967.96,321.0,0.0
1777660718201171183,187919,9.036,17.6,10.432,-1.1,-0.02,0.9,70.87,1.12,0.94,-0.14,-0.39,0.2,-0.88,-1.56,45.0,11968.64,321.0,0.0
1777660718299545297,188019,8.908,28.1,10.416,-1.8,-0.12,0.63,66.44,1.31,1.0,-0.03,-0.42,-0.03,6.0,-4.56,46.63,11969.84,315.0,0.0
1777660718403736064,188119,10.392,22.5,9.972,-0.6,-0.06,0.86,62.19,1.19,0.44,0.06,0.01,0.07,7.31,5.81,39.38,11966.93,329.0,0.0
1777660718502127440,188219,8.84,13.2,9.336,0.3,-0.02,0.57,59.06,0.25,0.0,-0.28,0.0,-0.15,3.06,11.0,26.75,11968.64,329.0,0.0
1777660718598483849,188318,8.984,18.3,10.424,-0.4,-0.02,0.8,57.06,-0.63,-0.06,-0.3,-0.22,0.02,2.5,2.25,16.62,372.16,329.0,0.0
1777660718700920413,188419,9.056,13.6,10.424,-0.1,-0.1,0.25,56.19,-0.31,0.0,0.33,-0.18,0.27,-3.31,-4.5,0.56,362.89,337.0,0.0
1777660718799231221,188519,8.98,20.3,10.428,-1.3,-0.02,0.59,57.06,-0.12,0.5,0.25,-0.11,0.03,-6.0,1.69,-14.63,362.21,343.0,0.0
1777660718901648931,188618,9.036,16.6,9.156,-0.3,-0.04,0.55,58.75,-0.37,1.06,-0.01,-0.09,-0.04,-4.31,1.56,-19.31,339.4,343.0,0.0
1777660718999987891,188718,8.848,12.9,10.42,-0.9,-0.25,0.31,60.81,-0.44,1.31,0.17,-0.11,0.07,-1.37,3.13,-24.87,339.91,339.0,0.0
1777660719110239822,188819,8.912,20.9,10.424,-1.7,0.02,0.59,63.88,-0.81,1.5,-0.03,-0.16,-0.23,0.37,4.94,-35.81,11972.41,339.0,0.0
1777660719200762412,188919,8.916,20.2,10.432,-1.1,-0.06,0.72,67.5,-0.81,1.5,0.04,0.3,0.1,-1.31,0.12,-37.5,11971.39,318.0,0.0
1777660719303068752,189019,8.84,16.9,10.42,-1.3,0.06,0.41,71.25,-0.75,2.0,0.03,0.09,-0.1,-6.44,0.63,-39.13,11970.87,318.0,0.0
1777660719407396180,189119,8.884,13.7,10.428,-1.1,0.04,0.35,74.5,-0.56,2.56,-0.06,-0.31,0.11,-2.63,1.81,-36.25,11969.5,309.0,0.0
1777660719501592909,189219,8.852,16.1,9.312,-0.1,-0.12,0.57,77.87,-0.56,2.44,-0.08,0.37,0.06,4.5,0.88,-32.25,11971.21,303.0,0.0
1777660719602137329,189319,9.02,22.8,10.432,-1.5,-0.1,0.66,80.62,-0.37,2.13,0.16,0.14,-0.11,1.81,-0.88,-24.19,329.45,303.0,0.0
1777660719700454226,189419,8.964,16.9,10.424,-0.6,0.08,0.88,82.5,-0.56,2.19,-0.21,0.2,-0.02,-4.81,1.0,-13.44,309.9,303.0,0.0
1777660719802859747,189518,8.864,16.8,10.424,-1.5,-0.08,0.9,83.31,-0.37,2.69,-0.1,0.0,0.05,-4.63,-2.88,-3.88,311.62,305.0,0.0
1777660719901174032,189618,10.372,26.0,9.308,-0.1,0.0,0.78,83.56,0.19,3.0,-0.1,0.02,-0.26,-0.56,-11.0,-2.5,304.07,297.0,0.0
1777660719999490631,189718,8.968,21.0,10.42,-1.4,-0.02,0.68,84.0,0.94,3.0,0.11,0.37,-0.02,-0.88,-1.88,-8.44,300.64,297.0,0.0
1777660720107868468,189817,8.888,25.3,10.424,-1.2,-0.06,0.9,84.94,0.75,3.0,0.11,-0.21,0.24,-0.88,7.5,-10.5,305.1,296.0,0.0
1777660720200255853,189917,9.008,26.6,10.428,0.0,-0.1,1.46,85.94,0.0,3.0,-0.2,0.08,0.08,-0.19,7.06,-8.0,298.41,289.0,0.0
1777660720302600079,190017,10.404,34.5,10.428,-0.5,-0.08,1.35,86.44,-0.06,3.06,-0.01,0.04,0.19,-1.5,-0.19,-2.88,11975.16,286.0,0.0
1777660720402940710,190117,8.904,28.6,10.408,-1.2,0.08,1.27,86.75,-0.06,3.25,0.19,-0.01,0.04,-2.56,1.25,-5.0,11974.3,286.0,0.0
1777660720499238366,190217,10.4,23.1,9.3,-0.9,0.0,1.09,87.19,-0.31,3.5,-0.12,0.09,0.03,-1.31,-0.37,-2.69,309.39,286.0,0.0
1777660720601672827,190318,10.424,22.6,9.312,0.5,0.08,1.29,87.37,0.0,3.44,0.1,0.0,-0.02,1.25,-3.88,-2.69,342.49,284.0,0.0
1777660720699985969,190417,8.96,24.4,10.428,-0.9,-0.02,1.41,87.81,0.31,3.31,0.22,-0.07,-0.09,2.25,0.63,-4.88,325.51,278.0,0.0
1777660720810307462,190517,10.396,37.6,10.38,1.0,-0.08,0.98,88.25,0.12,2.81,-0.03,0.01,0.09,9.13,5.19,-3.63,11973.1,288.0,0.0
1777660720902817401,190617,8.868,28.7,10.416,-0.1,0.04,0.92,88.44,-0.37,2.0,-0.49,0.4,-0.07,4.75,0.69,1.31,11971.9,288.0,0.0
1777660721000936035,190717,8.972,23.3,10.424,-0.9,0.1,1.05,87.75,-0.12,1.81,-0.04,0.04,0.13,-3.44,-8.25,15.38,11974.64,291.0,0.0
1777660721101399210,190817,10.412,22.1,9.152,0.9,0.08,1.11,85.25,0.19,2.31,-0.11,-0.14,-0.13,-6.75,-4.38,40.69,303.9,291.0,0.0
1777660721199861963,190917,8.956,23.0,10.424,-0.7,-0.02,0.94,80.19,0.37,3.0,-0.23,-0.21,0.09,-5.13,-5.56,63.0,11975.84,291.0,0.0
1777660721302224454,191017,8.956,27.8,10.436,-1.3,-0.08,0.82,73.81,0.37,3.44,0.0,-0.08,0.32,-2.5,-1.31,65.75,11971.73,296.0,0.0
1777660721400433451,191117,9.008,20.2,10.416,-1.0,-0.04,0.68,67.62,-0.31,3.56,-0.16,0.02,0.09,0.37,7.25,61.38,333.91,296.0,0.0
1777660721498733626,191217,10.412,25.1,9.184,0.7,-0.06,1.25,61.81,-1.06,3.31,-0.13,-0.03,-0.01,3.81,-2.19,60.0,322.59,299.0,0.0
1777660721601191464,191316,8.948,23.0,10.44,-1.5,0.02,0.72,56.25,-0.63,2.5,0.2,-0.11,0.0,10.56,-9.19,52.38,331.0,323.0,0.0
1777660721701414569,191417,8.948,20.7,10.432,-0.3,0.04,0.9,51.56,-0.25,1.06,-0.04,-0.05,0.34,16.44,-3.63,45.94,11969.5,344.0,0.0
1777660721801938382,191517,8.948,16.2,10.432,-0.9,0.0,0.63,46.94,0.0,-0.19,0.13,0.22,0.0,9.25,0.12,50.19,328.42,344.0,0.0
1777660721900235428,191617,9.016,21.6,10.432,-1.0,0.02,0.55,42.13,0.0,-0.37,-0.37,-0.09,0.26,-1.88,-4.81,46.81,359.64,344.0,0.0
1777660722002646703,191717,8.96,15.9,10.436,-1.1,-0.02,0.88,38.5,1.5,0.0,0.19,-0.42,-0.16,-5.25,-18.06,29.56,369.75,346.0,0.0
1777660722101022730,191817,9.028,21.1,10.428,-0.6,0.08,0.57,36.44,2.63,0.56,0.37,-0.59,-0.53,1.37,-1.75,16.31,336.14,343.0,0.0
1777660722203332487,191917,8.968,16.1,10.424,-0.8,-0.06,0.61,34.88,2.0,0.37,-0.18,-0.49,0.14,7.88,10.13,19.06,327.22,343.0,0.0
1777660722301627763,192017,9.028,21.6,10.432,-1.0,-0.02,0.63,32.69,1.25,-0.12,-0.18,-0.12,0.4,4.63,6.56,28.44,11968.13,333.0,0.0
1777660722401861687,192117,9.048,21.0,10.436,-0.9,-0.23,0.92,29.5,1.12,-0.25,-0.1,-0.36,-0.02,1.19,-4.44,33.44,11969.16,331.0,0.0
1777660722510344231,192217,9.004,15.8,10.432,-1.0,0.12,0.51,26.87,1.94,-0.25,0.0,-0.32,0.25,2.63,-8.56,28.31,11966.93,331.0,0.0
1777660722600690150,192317,9.004,19.8,10.428,-0.2,0.14,0.63,24.25,2.31,-0.37,-0.77,0.14,-0.01,0.25,-3.63,25.5,352.43,331.0,0.0
1777660722711048148,192417,8.968,16.9,10.44,-0.7,0.1,0.57,21.5,2.88,0.12,-0.49,0.09,-0.15,-11.31,-12.44,32.75,11966.93,340.0,0.0
1777660722803335048,192517,9.004,18.2,10.428,-0.8,0.0,0.57,18.44,3.5,1.56,-0.39,-0.19,0.05,-14.0,-5.19,30.06,11966.58,334.0,0.0
1777660722911845355,192617,8.98,21.0,10.444,-1.2,0.02,0.94,16.06,3.75,2.75,-0.02,-0.11,-0.12,-5.69,-2.56,19.69,11968.98,334.0,0.0
1777660723004045792,192717,9.028,27.1,10.424,-1.0,0.02,0.64,15.06,3.25,2.88,0.08,-0.23,-0.63,4.19,12.13,2.19,11969.16,334.0,0.0
1777660723100444525,192817,10.42,21.3,10.436,-1.5,-0.02,1.09,15.81,1.25,2.0,-0.49,-0.5,-0.07,10.63,22.94,-15.63,368.73,334.0,0.0
1777660723202881027,192917,8.908,18.3,10.428,0.2,0.0,0.92,18.75,-0.19,1.12,-0.08,-0.51,0.45,8.25,10.63,-42.94,11972.76,323.0,0.0
1777660723301231088,193017,9.04,26.7,10.412,-1.4,-0.04,0.86,24.0,-0.37,1.06,-0.17,-0.41,0.25,1.56,-2.13,-59.25,11970.36,325.0,0.0
1777660723405475677,193117,8.968,21.1,10.428,-0.7,0.02,1.37,29.81,0.0,1.19,-0.33,-0.12,-0.1,-0.44,-2.13,-59.81,11973.27,325.0,0.0
1777660723501916656,193217,8.88,25.4,9.296,0.0,-0.12,1.13,35.69,0.31,1.63,-0.13,0.26,0.54,-9.5,-1.5,-63.5,333.4,333.0,0.0
1777660723602148203,193317,8.988,41.2,9.14,-1.0,-0.08,1.0,42.44,0.63,2.69,-0.32,-0.32,-0.15,-10.75,-4.81,-73.37,11971.04,322.0,0.0
1777660723702654250,193417,9.0,29.7,9.296,1.1,0.0,0.92,48.63,1.56,3.63,-0.61,0.58,0.27,-12.81,-10.38,-50.25,325.68,322.0,0.0
1777660723812971482,193517,8.948,27.6,10.424,-2.5,0.1,1.41,50.75,3.44,4.81,-0.3,0.6,0.04,-12.94,-19.75,1.5,11971.56,328.0,0.0
1777660723911292558,193617,8.976,28.3,10.416,-0.8,-0.06,0.98,48.19,5.06,5.81,0.38,0.64,0.32,-5.19,-11.38,44.94,11970.53,325.0,0.0
1777660724001641039,193717,8.876,30.3,10.42,-2.2,-0.06,1.56,42.75,4.19,6.69,0.2,0.39,-0.37,-5.44,13.06,81.75,339.23,325.0,0.0
1777660724111956892,193818,8.944,30.0,10.432,-0.4,-0.12,1.46,33.19,1.81,7.31,-0.24,-0.15,0.18,3.63,6.5,96.5,11971.39,325.0,0.0
1777660724202375713,193918,8.86,22.1,10.148,-0.4,0.1,0.96,24.25,0.94,6.44,0.0,-0.39,-0.09,18.69,-7.25,88.31,11973.96,325.0,0.0
1777660724304848624,194018,8.792,18.9,10.428,-1.5,-0.06,0.82,16.12,1.25,4.13,0.29,-0.16,0.08,30.5,-10.31,79.0,11970.36,337.0,0.0
1777660724403085163,194118,8.944,28.3,10.428,-1.5,0.0,0.8,9.56,1.12,1.37,-0.36,-0.23,-0.1,33.75,1.5,73.31,362.89,337.0,0.0
1777660724503337254,194217,10.42,22.8,10.424,-1.6,0.12,1.04,2.63,0.81,-1.31,-0.54,0.44,0.37,21.0,5.13,65.56,11970.36,356.0,0.0
1777660724611761644,194317,10.408,22.3,9.128,-0.1,0.02,1.07,-3.5,0.94,-2.19,-0.2,0.43,0.05,-0.63,2.5,60.06,11969.16,366.0,0.0
1777660724704054537,194417,8.996,21.2,9.18,0.7,0.02,0.63,-8.44,0.56,-1.19,-0.78,-0.3,-0.12,-14.19,4.31,42.19,11970.36,345.0,0.0
1777660724812456480,194518,8.972,17.8,10.428,-1.1,0.02,0.64,-11.19,0.44,-0.19,-0.55,-0.39,-0.45,-3.06,-4.94,17.62,11922.16,345.0,0.0
1777660724904774598,194618,10.196,411.9,9.088,0.1,0.08,2.46,-12.56,0.37,-0.19,0.01,-0.28,-0.09,0.12,4.0,14.69,11800.57,351.0,0.0
1777660725013257682,194718,8.768,133.4,10.368,-1.1,0.0,0.92,-14.44,0.19,0.31,0.07,-0.51,0.49,-9.0,0.69,22.94,11796.11,345.0,0.84
1777660725105651255,194818,8.732,165.2,10.376,-0.9,0.02,1.58,-16.19,0.12,1.37,-0.33,-0.34,0.43,-7.88,-1.19,12.88,11805.2,345.0,0.0
1777660725205974017,194918,10.128,160.4,9.084,-0.3,0.06,0.94,-16.31,0.75,1.81,-0.68,-0.36,-0.34,-1.37,-5.31,-9.94,11794.74,346.0,1.57
1777660725304292863,195018,8.7,131.6,10.38,-0.9,-0.02,0.41,-14.25,1.12,1.75,-0.44,0.06,-0.05,1.63,-0.5,-29.94,11796.11,346.0,0.0
1777660725412755247,195119,10.344,148.3,9.112,-0.1,-0.06,0.7,-10.25,1.44,1.69,-0.27,-0.06,-0.27,-2.19,-2.31,-51.44,11801.77,354.0,0.0
1777660725506912428,195219,8.74,166.2,10.36,-1.1,-0.06,1.46,-4.56,1.12,2.0,-0.67,-0.34,-0.1,-2.5,1.44,-63.13,11799.89,356.0,0.0
1777660725615465027,195319,9.608,110.0,9.092,0.0,-0.1,1.25,2.06,1.19,1.81,-0.32,-0.34,-0.04,4.69,-1.31,-72.56,11842.42,356.0,0.9
1777660725707651389,195420,8.784,-18.0,9.296,0.3,-0.06,-0.61,9.38,1.94,1.37,-0.46,0.76,0.53,-1.56,-9.56,-76.31,11959.72,354.0,0.0
1777660725816056822,195520,8.932,11.8,10.428,-0.8,0.06,0.63,16.87,2.75,2.0,0.64,0.53,-0.16,-16.44,1.44,-79.12,11962.12,349.0,0.0
1777660725908543684,195620,8.956,15.6,9.112,0.5,-0.08,0.61,24.75,1.63,3.38,0.0,-0.28,0.31,-14.5,21.62,-81.12,11963.84,349.0,0.0
1777660726008900338,195720,8.768,12.8,10.428,-1.1,0.08,0.33,32.38,0.56,3.88,-0.26,0.12,-0.16,-1.5,8.13,-74.94,359.46,349.0,0.0
1777660726107211583,195820,8.792,18.8,10.424,-1.0,0.06,0.63,39.06,0.81,3.56,-0.16,0.21,-0.08,5.13,-0.44,-64.5,362.89,345.0,0.0
1777660726205618227,195919,8.816,36.1,10.424,-2.0,0.04,0.55,45.13,1.0,2.56,-0.4,0.32,0.18,10.56,4.88,-60.31,11956.98,334.0,0.0
1777660726307929679,196019,8.84,14.4,10.436,-1.0,0.18,0.43,50.25,0.44,1.5,-0.23,0.5,-0.06,5.75,3.19,-58.25,11964.87,354.0,0.0
1777660726406198493,196119,8.808,24.7,10.424,-1.6,-0.04,0.96,55.69,0.44,0.81,0.13,0.34,0.16,2.69,-3.44,-54.25,367.01,354.0,0.0
1777660726504538629,196218,8.848,20.9,9.272,-0.4,0.04,0.37,60.69,0.75,0.63,0.55,0.4,0.15,1.44,-0.44,-47.81,351.4,357.0,0.0
1777660726606974504,196319,8.988,25.4,9.756,0.1,0.0,0.7,64.87,0.63,0.31,0.12,0.0,-0.11,-2.63,12.0,-37.5,351.4,357.0,0.0
1777660726707174033,196419,8.76,26.3,9.316,0.5,0.06,0.98,68.12,-0.63,0.25,-0.33,0.02,-0.22,3.88,13.75,-28.37,11959.04,340.0,0.0
1777660726809601499,196519,9.0,15.9,10.424,-1.1,0.04,0.8,70.56,-1.75,-0.25,0.12,0.29,0.84,6.75,7.13,-20.87,11973.62,338.0,0.0
1777660726907910224,196619,8.832,26.0,10.42,-2.0,0.06,1.29,72.12,-2.75,-0.69,-0.3,0.48,0.04,0.56,10.81,-11.25,11970.19,342.0,0.0
1777660727008403807,196719,8.916,24.8,9.144,0.0,0.06,1.02,72.94,-3.44,-0.56,-0.21,0.48,-0.17,-7.0,-1.69,-6.63,355.35,342.0,0.0
1777660727108618611,196819,8.904,33.5,10.42,-2.1,0.0,0.92,73.5,-3.44,0.06,-0.08,0.01,0.0,-8.69,0.94,-8.25,11970.19,326.0,0.0
1777660727209243130,196920,8.828,28.2,10.416,-2.3,0.0,0.68,74.37,-4.0,0.69,-0.34,-0.29,0.05,-3.13,9.44,-9.94,11972.07,313.0,0.0
1777660727307405487,197020,10.4,21.7,9.152,-0.2,-0.02,1.66,75.06,-4.19,0.81,-0.32,0.0,0.12,0.25,-5.63,-5.81,11970.7,313.0,0.0
1777660727411643990,197120,8.932,21.8,10.428,-0.7,0.04,0.49,75.56,-3.5,0.63,-0.14,0.4,0.02,-1.19,-11.75,-5.56,11968.98,317.0,0.0
1777660727508151744,197220,8.992,24.5,10.424,-0.5,-0.08,1.07,76.19,-2.38,1.0,0.26,-0.15,-0.2,-6.88,-8.25,-7.31,358.95,317.0,0.0
1777660727608324006,197320,8.74,24.0,10.424,-0.2,0.0,0.94,77.25,-1.63,1.56,0.05,-0.5,0.34,-2.56,-9.56,-17.37,11970.19,301.0,0.0
1777660727716752061,197420,8.988,23.8,9.572,-1.5,-0.1,0.68,79.44,-1.0,1.5,0.01,-0.33,-0.36,2.69,-4.19,-25.69,11969.33,292.0,0.0
1777660727809247580,197520,8.984,23.6,10.424,-0.9,-0.04,0.66,82.0,-0.94,1.19,-0.32,0.42,0.4,1.5,3.25,-23.44,11970.53,292.0,0.0
1777660727909600178,197620,8.796,27.5,10.424,-1.2,0.0,0.66,83.87,-0.12,1.75,-0.29,0.58,-0.15,-10.63,-16.44,-16.81,277.66,270.0,0.0
1777660728009835190,197720,8.988,18.4,10.432,-0.9,0.04,0.68,85.44,1.81,3.06,0.2,0.72,-0.11,-16.75,-20.31,-18.37,11966.07,246.0,0.0
1777660728118356237,197820,9.004,21.0,10.424,-1.3,0.08,0.66,87.0,3.19,4.06,0.44,0.36,0.91,-4.0,-3.19,-17.62,11967.61,246.0,0.0
1777660728208637117,197920,8.936,18.8,10.428,-1.2,0.08,0.51,88.56,2.75,4.0,-0.29,0.8,-0.04,1.88,8.81,-10.19,11964.01,235.0,0.0
1777660728306875252,198020,8.996,14.2,10.44,-0.6,0.02,0.55,89.19,2.19,3.75,-0.48,0.4,-0.25,4.38,0.0,-1.63,11963.84,235.0,0.0
1777660728409313725,198120,8.968,17.2,10.428,-0.6,0.1,0.45,88.94,2.31,2.81,0.21,0.24,0.38,7.0,-6.56,6.88,279.37,241.0,0.0
1777660728509606394,198220,8.928,19.8,9.16,-0.5,-0.02,0.47,88.19,2.56,2.06,0.0,0.06,0.08,8.56,-0.37,6.38,11968.3,254.0,0.0
1777660728610084510,198320,8.748,15.6,10.432,-1.3,0.04,0.53,87.62,2.25,1.25,-0.06,0.03,0.3,7.38,5.06,4.25,288.63,254.0,0.0
1777660728708394968,198420,8.756,18.9,10.436,-0.9,-0.16,0.18,87.5,1.88,0.75,-0.04,0.12,-0.51,1.69,2.5,-3.0,280.06,256.0,0.0
1777660728806697759,198519,8.784,15.0,9.276,-0.6,0.08,0.82,88.12,1.94,0.88,-0.13,0.05,-0.67,-4.5,-5.75,-10.38,278.0,256.0,0.0
1777660728909100672,198620,10.42,22.5,10.424,-1.2,0.06,0.51,89.25,2.75,1.12,0.45,0.0,-0.24,-0.37,-6.19,-10.88,249.7,255.0,0.0
1777660729007407500,198720,8.988,16.0,10.432,-0.3,0.0,0.41,90.19,2.63,0.94,0.01,0.09,0.17,2.63,4.06,-8.06,265.82,255.0,0.0
1777660729107629729,198819,8.924,12.1,10.432,-0.6,-0.1,0.78,90.37,2.5,0.75,0.05,0.08,0.06,-1.94,-0.94,3.56,11968.98,249.0,0.0
1777660729208134138,198919,8.924,18.7,10.432,-0.9,0.04,0.78,89.69,2.94,1.12,0.11,0.15,-0.03,-3.88,-7.31,7.81,260.34,238.0,0.0
1777660729306562164,199019,8.932,16.6,9.144,0.5,-0.02,0.41,89.06,3.38,1.37,0.26,0.1,-0.13,-1.81,-0.31,4.44,11966.75,229.0,0.0
1777660729410780123,199119,10.404,26.8,10.428,-0.8,0.02,0.51,88.81,2.88,1.31,0.03,0.1,0.05,2.88,14.69,0.81,11967.44,229.0,0.0
1777660729509103304,199219,8.772,26.2,10.432,-1.7,0.04,0.47,88.75,1.69,0.88,-0.36,0.1,0.39,6.38,7.25,3.88,11970.53,222.0,0.0
1777660729617491012,199319,10.416,21.3,9.384,-1.1,-0.12,0.61,88.12,1.75,0.37,-0.4,0.08,-0.27,1.63,-10.0,6.81,11969.33,222.0,0.0
1777660729709932102,199419,10.416,25.8,9.084,-0.1,-0.16,1.19,87.62,2.75,0.37,0.32,-0.11,-0.04,-0.31,-7.56,3.44,11971.04,222.0,0.0
1777660729808094690,199518,8.916,26.3,10.424,-1.2,-0.1,1.15,87.69,2.94,0.25,0.14,0.01,0.09,4.75,4.13,-5.31,11970.87,219.0,0.0
1777660729910652035,199618,8.756,26.4,10.428,-0.7,-0.06,1.09,88.31,2.75,-0.37,-0.26,0.27,-0.08,7.75,-0.5,-5.44,11972.59,219.0,0.0
1777660730008827634,199718,10.42,31.1,10.428,-0.4,-0.06,0.98,88.56,2.94,-1.12,-0.15,0.17,0.35,4.56,-2.38,0.88,11973.44,221.0,0.0
1777660730111260184,199818,10.404,27.8,9.252,-0.7,0.02,1.15,88.25,3.13,-1.25,-0.04,0.16,-0.77,-2.69,-1.25,4.0,11969.16,213.0,0.0
1777660730207606709,199919,8.964,28.7,10.42,-1.0,0.14,1.19,87.81,2.75,-1.06,-0.88,0.1,0.52,3.19,3.75,5.69,11975.84,213.0,0.0
1777660730310064484,200019,8.972,38.4,10.428,-1.3,-0.04,1.37,87.31,3.19,-1.0,-0.29,0.43,-0.12,-6.69,-5.13,6.31,11980.48,204.0,0.0
1777660730408343371,200119,8.78,47.7,10.416,-0.4,-0.14,1.6,86.25,3.88,-0.19,0.03,0.5,-0.24,-13.88,-10.75,15.06,195.17,204.0,0.0
1777660730510748844,200219,9.3,52.2,10.416,0.7,-0.08,1.27,84.94,5.06,1.44,0.87,-0.75,0.3,-16.37,-14.38,11.44,179.39,186.0,0.0
1777660730609075643,200320,10.38,55.2,9.284,0.8,-0.04,2.99,84.56,5.25,1.75,-0.39,0.15,-0.13,2.25,5.5,1.63,179.56,172.0,0.0
1777660730711483394,200421,8.744,70.9,10.396,-1.2,0.04,2.93,84.44,5.25,1.75,0.06,0.77,-0.92,-0.12,1.19,1.31,183.16,172.0,0.0
1777660730809830455,200521,10.356,81.4,10.396,2.9,0.06,3.63,84.37,5.25,1.75,0.07,-0.16,0.34,-0.25,0.69,0.69,174.07,170.0,0.0
1777660730912188923,200622,10.348,75.4,10.404,-0.2,-0.12,3.26,84.31,5.19,1.75,-0.05,-0.28,0.45,-0.19,1.5,1.69,174.07,170.0,0.0
1777660731010514739,200722,8.708,77.8,10.408,0.0,-0.2,3.07,84.31,5.25,1.75,-0.03,0.01,0.29,0.12,0.44,0.12,174.07,170.0,0.0
1777660731112914680,200821,8.924,75.6,10.388,-1.6,-0.06,3.38,84.31,5.25,1.75,0.06,0.08,-0.14,0.06,-0.69,-0.19,174.07,169.0,0.0
1777660731211302223,200922,10.344,67.4,10.396,-1.0,0.04,3.05,84.31,5.25,1.75,0.02,0.04,-0.05,0.06,-0.06,0.0,174.07,169.0,0.0
1777660731313574131,201022,8.676,79.9,9.268,-1.0,0.04,3.32,84.31,5.25,1.75,0.01,-0.01,-0.01,-0.06,-0.12,-0.06,173.9,168.0,0.0
1777660731411904576,201122,8.884,75.5,10.392,0.0,0.06,3.2,84.31,5.25,1.75,0.0,0.02,-0.06,0.0,-0.31,0.12,174.07,171.0,0.0
1777660731514328575,201222,10.264,69.5,10.396,1.9,-0.04,3.3,84.31,5.25,1.75,0.0,0.03,-0.02,0.19,-0.06,0.0,174.07,171.0,0.0
1777660731612669891,201322,8.664,80.0,10.396,-3.9,-0.04,3.2,84.31,5.25,1.75,0.0,0.02,-0.01,-0.06,-0.06,0.12,174.07,171.0,0.0
1777660731711006040,201421,8.936,68.0,10.408,1.8,-0.06,3.14,84.31,5.25,1.75,0.0,0.01,-0.02,0.12,-0.12,-0.06,174.07,171.0,0.0
1777660731813377829,201521,8.7,73.1,10.404,-1.8,0.0,3.42,84.31,5.25,1.75,0.02,0.03,-0.03,0.0,0.06,0.0,169.96,171.0,0.0
1777660731911703274,201621,8.756,68.3,10.396,-2.2,0.0,3.34,84.31,5.25,1.75,0.0,0.02,-0.03,0.12,-0.06,-0.06,174.07,172.0,0.0
1777660732010027754,201720,8.868,72.3,10.392,-1.0,0.08,3.24,84.31,5.25,1.75,0.01,0.03,-0.01,0.0,-0.06,0.0,174.07,172.0,0.0
1777660732112407317,201821,8.728,76.9,10.392,0.9,0.06,3.26,84.31,5.25,1.75,0.01,0.01,-0.03,-0.06,0.12,0.0,174.07,172.0,0.0
1777660732210726542,201921,8.88,78.6,10.4,-4.0,-0.02,3.22,84.31,5.25,1.75,0.01,0.03,-0.06,-0.06,-0.06,0.0,174.07,168.0,0.0
1777660732308933034,202020,8.864,66.2,9.224,-0.4,-0.1,3.22,84.31,5.25,1.75,0.01,0.02,0.0,0.0,0.0,-0.06,174.07,168.0,0.0
1777660732411399309,202120,8.868,70.2,10.4,-2.2,-0.04,3.11,84.31,5.25,1.75,0.0,0.03,-0.02,-0.06,0.12,0.06,174.07,170.0,0.0
1777660732509749964,202220,8.688,72.6,9.216,-1.2,0.08,3.13,84.31,5.25,1.75,0.0,0.03,-0.02,-0.06,0.12,-0.06,178.36,169.0,0.0
1777660732608031389,202319,8.896,67.2,10.392,1.6,-0.06,3.16,84.31,5.25,1.75,0.01,0.04,0.0,0.06,-0.06,-0.12,174.07,169.0,0.0
1777660732710459901,202419,8.864,76.5,9.984,-2.7,-0.02,3.09,84.31,5.25,1.75,0.0,0.02,-0.04,0.06,0.12,0.0,178.36,167.0,0.0
1777660732808725566,202520,8.716,69.3,10.18,1.8,-0.04,3.05,84.31,5.25,1.75,0.01,0.04,0.0,0.0,-0.12,0.06,178.36,167.0,0.0
1777660732911173691,202619,8.932,72.6,9.016,-1.0,-0.1,3.18,84.31,5.25,1.75,0.02,0.02,-0.01,0.0,0.06,0.06,178.36,168.0,0.0
1777660733013593968,202720,8.692,71.4,10.404,-1.0,-0.08,3.34,84.31,5.25,1.75,0.0,0.02,-0.05,0.06,0.12,0.0,178.36,169.0,0.0
1777660733111898389,202821,8.668,72.8,10.396,-3.6,0.0,3.13,84.31,5.25,1.75,0.01,0.01,-0.03,0.06,0.06,0.06,174.24,169.0,0.0
1777660733214282750,202921,8.74,75.5,9.224,-0.5,0.04,3.07,84.31,5.25,1.75,0.0,0.02,-0.01,-0.12,0.06,0.0,174.07,170.0,0.0
1777660733312590838,203021,8.668,69.2,10.404,-4.1,0.06,3.28,84.31,5.25,1.75,0.0,0.04,-0.03,-0.19,0.12,-0.12,174.24,172.0,0.0
1777660733411025977,203121,8.748,75.5,10.408,-2.0,-0.08,3.26,84.31,5.25,1.75,0.01,0.05,0.0,0.0,0.25,-0.12,174.07,172.0,0.0
1777660733513335738,203220,8.872,75.0,10.404,0.3,0.06,3.26,84.31,5.25,1.75,0.0,0.0,-0.03,0.06,-0.25,0.0,178.36,170.0,0.0
1777660733611664550,203320,8.94,77.4,10.392,0.6,0.12,3.4,84.31,5.25,1.75,0.0,0.04,-0.04,-0.06,-0.19,0.0,178.36,172.0,0.0
1777660733710045257,203420,8.72,73.9,10.384,-3.6,-0.02,3.22,84.31,5.25,1.75,0.0,0.01,-0.02,0.06,-0.06,0.06,174.24,172.0,0.0
1777660733812367426,203520,10.348,73.6,10.4,-2.0,-0.02,3.11,84.31,5.25,1.75,0.0,0.04,-0.04,0.0,0.06,-0.06,178.36,170.0,0.0
1777660733910669162,203620,8.884,66.7,10.404,-1.2,-0.2,3.2,84.31,5.25,1.75,0.01,0.02,-0.03,0.0,-0.19,0.06,178.36,167.0,0.0
1777660734008993974,203719,8.84,70.8,10.396,2.6,-0.04,3.16,84.31,5.25,1.75,0.01,0.04,-0.02,0.0,0.0,0.06,174.07,167.0,0.0
1777660734111415812,203819,8.728,77.2,10.392,-3.6,0.04,3.24,84.31,5.25,1.75,0.02,0.01,0.0,0.0,-0.06,0.0,174.24,172.0,0.0
1777660734209735012,203919,8.66,74.8,10.388,-2.3,0.0,3.11,84.31,5.25,1.75,0.0,0.03,-0.03,0.0,0.12,-0.06,178.36,172.0,0.0
1777660734312070749,204019,8.724,78.3,10.4,-1.8,-0.04,3.24,84.31,5.25,1.75,0.0,0.02,-0.01,-0.12,0.06,0.06,178.36,170.0,0.0
1777660734414504810,204120,8.86,73.5,10.392,-3.4,0.12,3.13,84.31,5.25,1.75,0.0,0.02,-0.02,-0.06,0.06,0.06,174.07,170.0,0.0
1777660734512827529,204221,9.156,74.4,10.4,2.3,0.1,3.2,84.31,5.25,1.75,0.0,0.02,-0.03,-0.06,0.0,-0.12,174.07,170.0,0.0
1777660734621186801,204321,8.648,67.6,10.4,2.6,-0.02,3.24,84.31,5.25,1.75,0.0,0.01,-0.01,0.19,-0.12,-0.06,174.24,170.0,0.0
1777660734713548436,204421,8.896,75.1,10.396,-3.0,-0.02,3.38,84.31,5.25,1.75,-0.01,0.01,-0.01,0.06,0.06,0.12,174.24,169.0,0.0
1777660734821904096,204521,8.848,78.2,10.392,-0.2,-0.18,3.14,84.31,5.25,1.75,0.0,0.01,-0.02,0.06,0.19,0.06,174.24,169.0,0.0
1777660734914263861,204621,8.888,77.8,10.396,0.1,-0.1,3.22,84.31,5.25,1.75,0.0,0.02,-0.03,0.0,0.19,0.0,174.07,171.0,0.0
1777660735012546293,204721,8.836,66.5,9.532,1.7,-0.04,3.16,84.31,5.25,1.75,0.0,0.02,-0.02,0.12,0.0,-0.06,178.36,171.0,0.0
1777660735114976833,204822,8.736,78.1,10.388,-3.9,0.12,3.14,84.31,5.25,1.75,0.01,0.04,-0.01,0.25,0.0,0.0,174.07,170.0,0.0
1777660735213298208,204921,8.704,72.7,10.108,-2.4,-0.21,3.07,84.31,5.25,1.75,0.01,0.01,-0.01,0.12,0.0,0.06,174.59,169.0,0.0
1777660735315684411,205022,8.648,75.7,10.392,0.5,0.1,3.09,84.31,5.25,1.75,0.02,0.03,0.0,0.0,0.06,-0.06,174.24,169.0,0.0
1777660735413977227,205122,8.692,76.2,10.4,-4.1,0.08,3.2,84.31,5.25,1.75,0.0,0.04,-0.03,0.12,0.06,-0.06,174.07,168.0,0.0
1777660735522345429,205221,8.888,77.2,10.396,2.6,0.04,3.13,84.31,5.25,1.75,0.0,0.04,-0.06,0.06,0.19,-0.06,178.36,169.0,0.0
1777660735614722809,205322,8.924,78.3,10.384,-0.9,-0.06,3.28,84.31,5.25,1.75,0.0,0.03,-0.02,0.06,0.0,0.12,178.36,169.0,0.0
1777660735717122569,205423,8.84,69.6,10.404,-2.4,-0.08,3.32,84.31,5.25,1.75,0.0,0.02,-0.02,-0.06,0.12,0.06,178.36,171.0,0.0
1777660735815440869,205522,10.344,71.3,9.208,0.1,0.02,3.03,84.31,5.25,1.75,0.0,0.03,0.0,-0.06,-0.06,0.0,178.36,167.0,0.0
1777660735913746761,205622,8.908,78.2,10.396,-1.5,-0.1,3.3,84.31,5.25,1.75,0.01,0.04,-0.04,0.0,0.19,0.06,178.36,167.0,0.0
1777660736016155230,205722,8.832,72.2,10.384,-2.1,0.04,3.24,84.31,5.25,1.75,0.01,0.01,-0.04,0.12,0.0,-0.12,178.36,172.0,0.0
1777660736114459432,205822,8.828,68.5,9.044,-2.0,-0.04,3.09,84.31,5.25,1.75,0.0,0.03,-0.03,-0.12,0.06,0.0,178.36,169.0,0.0
1777660736216896960,205923,8.712,70.5,10.316,-4.5,-0.04,3.38,84.31,5.25,1.75,0.0,0.03,-0.01,-0.06,0.12,0.0,181.45,169.0,0.0
1777660736315127655,206023,8.876,70.7,10.396,0.1,-0.08,3.44,84.31,5.25,1.75,0.01,0.04,-0.05,0.06,-0.06,-0.06,178.36,171.0,0.0
1777660736417591408,206124,8.64,73.6,9.224,-2.6,-0.04,3.13,84.31,5.25,1.75,0.02,0.0,-0.04,-0.12,0.0,0.06,182.48,171.0,0.0
1777660736515870033,206224,8.868,75.0,10.396,-1.6,-0.12,3.22,84.31,5.25,1.75,0.01,0.02,-0.05,-0.06,0.06,0.0,182.48,169.0,0.0
1777660736618296579,206324,8.648,78.6,9.276,-1.7,0.2,3.24,84.31,5.25,1.75,0.01,0.03,-0.03,0.0,-0.12,0.0,182.48,173.0,0.0
1777660736726631511,206425,8.912,75.3,10.396,2.4,0.02,3.09,84.31,5.25,1.75,0.01,0.04,-0.05,-0.06,0.0,0.06,174.07,173.0,0.0
1777660736819012380,206525,8.916,77.6,10.388,1.2,0.18,3.22,84.31,5.25,1.75,0.0,0.0,-0.04,0.0,0.12,-0.12,174.07,169.0,0.0
1777660736917305359,206625,8.628,71.5,10.396,-2.3,-0.02,3.2,84.31,5.25,1.75,-0.01,0.0,-0.02,0.0,0.12,0.0,174.07,171.0,0.0
1777660737019751127,206726,8.9,75.3,10.404,0.5,-0.08,3.26,84.31,5.25,1.75,0.0,0.02,-0.01,0.06,0.19,0.0,178.19,171.0,0.0
1777660737118036162,206826,8.884,65.7,10.4,0.3,-0.1,3.11,84.31,5.25,1.75,-0.01,0.0,-0.03,-0.06,-0.06,0.0,174.07,168.0,0.0
1777660737220451867,206925,8.876,68.9,10.396,-1.0,0.08,3.18,84.31,5.25,1.75,0.01,0.01,-0.03,-0.12,0.0,0.0,174.07,168.0,0.0
1777660737318754404,207025,8.612,70.9,9.608,1.3,0.06,3.05,84.31,5.25,1.75,0.01,0.0,0.0,-0.12,-0.06,-0.06,178.36,167.0,0.0
1777660737417031012,207125,10.364,76.5,10.404,0.5,0.0,3.18,84.31,5.25,1.75,0.01,0.02,-0.03,0.06,-0.12,-0.06,182.48,171.0,0.0
1777660737519495703,207225,8.612,69.7,10.392,0.1,-0.14,3.14,84.31,5.25,1.75,0.01,0.02,-0.02,0.06,0.0,-0.06,173.56,171.0,0.0
1777660737617744976,207325,8.692,78.3,10.404,2.6,-0.06,3.14,84.31,5.25,1.75,0.01,0.04,-0.06,0.06,-0.12,0.0,182.65,172.0,0.0
1777660737720211686,207425,8.704,72.7,10.396,-1.9,0.02,3.2,84.31,5.25,1.75,0.0,0.01,-0.05,-0.06,-0.06,0.0,182.65,171.0,0.0
1777660737818504555,207524,8.844,74.2,9.048,-2.2,-0.02,3.2,84.31,5.25,1.75,0.0,0.01,-0.03,0.0,-0.12,-0.06,178.36,171.0,0.0
1777660737920981136,207624,10.376,72.6,10.396,-2.0,-0.02,3.13,84.31,5.25,1.75,0.02,0.06,-0.07,0.12,-0.06,0.06,178.36,170.0,0.0
1777660738019208906,207725,8.7,71.3,10.396,1.9,-0.14,3.26,84.31,5.25,1.75,0.0,0.0,-0.06,-0.12,0.0,-0.06,182.65,170.0,0.0
1777660738117520842,207824,8.664,72.0,10.392,-0.9,0.1,3.28,84.31,5.25,1.75,0.01,0.01,-0.03,0.12,-0.06,0.0,178.19,170.0,0.0
1777660738219908433,207924,8.848,69.6,10.396,-2.2,-0.04,3.05,84.31,5.25,1.75,0.02,0.04,-0.06,-0.06,0.12,0.0,178.36,170.0,0.0
1777660738318201792,208025,8.86,68.3,10.388,-4.2,0.14,3.11,84.31,5.25,1.75,0.01,0.02,-0.03,0.06,0.06,0.0,182.65,170.0,0.0
1777660738420610459,208124,8.908,76.1,10.392,0.0,-0.04,3.2,84.31,5.25,1.75,0.0,0.01,-0.02,0.06,0.0,-0.06,178.36,170.0,0.0
1777660738518950934,208225,8.904,72.4,10.4,-2.0,0.06,3.28,84.31,5.25,1.75,0.0,0.01,-0.03,-0.19,-0.19,0.06,174.24,169.0,0.0
1777660738621359286,208325,8.888,78.5,10.4,0.3,-0.08,3.22,84.31,5.25,1.75,0.01,0.01,-0.04,-0.12,-0.19,-0.06,174.24,169.0,0.0
1777660738719674018,208424,8.596,74.5,10.404,-0.5,0.06,3.16,84.31,5.25,1.75,0.01,0.02,-0.03,-0.12,-0.12,0.06,178.36,171.0,0.0
1777660738817991398,208524,8.888,74.2,10.4,-1.8,-0.06,3.22,84.31,5.25,1.75,0.0,0.01,-0.07,-0.06,-0.25,0.0,174.07,171.0,0.0
1777660738920381693,208624,8.88,75.0,9.056,-1.5,0.18,3.26,84.31,5.25,1.75,0.01,0.03,0.0,0.12,0.12,-0.06,174.07,171.0,0.0
1777660739018692722,208723,8.612,71.0,10.392,-1.8,0.08,3.2,84.31,5.25,1.75,0.0,0.0,-0.06,0.0,-0.06,0.0,178.36,172.0,0.0
1777660739116962668,208823,8.828,77.1,10.392,-2.1,-0.1,3.24,84.31,5.25,1.75,0.0,0.03,-0.02,0.12,0.0,-0.06,178.36,171.0,0.0
1777660739219414901,208924,8.708,69.3,10.396,-0.4,0.0,3.03,84.31,5.25,1.75,-0.01,0.02,-0.03,0.0,0.06,-0.06,174.07,171.0,0.0
1777660739317711145,209024,8.692,71.9,10.392,-4.0,0.02,3.46,84.31,5.25,1.75,0.01,0.02,-0.02,0.12,0.06,0.0,182.48,169.0,0.0
1777660739420085705,209124,8.6,77.8,10.396,-2.6,0.1,3.2,84.31,5.25,1.75,0.0,0.01,-0.01,-0.06,0.06,-0.06,182.48,169.0,0.0
1777660739518436195,209224,8.696,73.7,10.392,-1.7,-0.04,3.22,84.31,5.25,1.75,0.0,0.03,-0.02,-0.12,-0.06,0.06,182.48,169.0,0.0
1777660739620832534,209324,8.656,71.2,10.276,-0.6,-0.08,3.22,84.31,5.25,1.75,0.02,0.03,-0.04,-0.12,-0.06,0.0,173.56,168.0,0.0
1777660739719103684,209425,8.644,78.5,10.404,-1.6,0.1,3.16,84.31,5.25,1.75,0.01,0.0,-0.03,-0.06,0.0,-0.06,182.65,168.0,0.0
1777660739821554768,209525,8.688,78.9,10.404,-4.0,0.02,3.32,84.31,5.25,1.75,-0.01,0.0,-0.04,-0.06,0.12,0.0,182.48,171.0,0.0
1777660739929883480,209626,10.176,76.8,10.392,0.3,0.02,3.18,84.31,5.25,1.75,0.0,0.03,-0.02,-0.19,0.12,-0.06,174.07,167.0,0.0
1777660740022266256,209726,8.848,72.7,9.5,-3.8,-0.04,3.09,84.31,5.25,1.75,0.0,0.01,-0.03,-0.12,-0.06,-0.06,174.07,167.0,0.0
1777660740120580041,209825,8.836,78.6,10.404,-2.1,0.06,3.14,84.31,5.25,1.75,0.0,0.02,-0.03,0.0,0.12,0.0,174.07,169.0,0.0
1777660740222951891,209925,8.888,72.8,10.384,-1.5,-0.06,3.2,84.31,5.25,1.75,-0.01,0.03,0.0,0.0,0.06,-0.06,174.24,168.0,0.0
1777660740321264694,210026,8.836,76.3,10.384,-1.8,-0.02,3.07,84.31,5.25,1.75,0.0,0.03,-0.01,-0.06,0.06,0.0,174.24,168.0,0.0
1777660740419551199,210125,8.872,74.0,9.096,0.8,-0.1,3.38,84.31,5.25,1.75,0.0,0.0,0.01,0.0,-0.06,-0.06,174.07,170.0,0.0
1777660740522008815,210226,8.624,79.1,10.4,0.4,0.04,3.16,84.31,5.25,1.75,0.02,0.03,0.02,0.0,0.0,0.0,174.07,172.0,0.0
1777660740620281504,210327,8.892,67.8,10.06,-1.5,-0.06,3.07,84.31,5.25,1.75,0.01,0.03,-0.03,0.12,-0.06,0.0,174.07,172.0,0.0
1777660740722723989,210426,8.88,69.1,9.028,-3.8,-0.06,3.16,84.31,5.25,1.75,0.0,0.02,-0.01,0.06,0.06,0.0,174.07,171.0,0.0
1777660740825128916,210527,8.868,76.7,10.404,-0.6,-0.02,3.14,84.31,5.25,1.75,0.02,0.04,-0.03,0.12,0.12,0.06,174.24,171.0,0.0
1777660740923440701,210627,8.7,77.5,10.392,-3.8,-0.14,3.3,84.31,5.25,1.75,0.0,0.04,-0.01,0.06,-0.06,-0.06,174.07,168.0,0.0
1777660741021782244,210726,9.792,73.5,9.084,1.1,0.02,3.28,84.31,5.25,1.75,-0.03,0.04,-0.04,0.0,0.0,0.06,178.19,169.0,0.0
1777660741124165632,210827,8.696,76.4,10.396,0.2,-0.18,3.14,84.31,5.25,1.75,0.0,0.0,-0.03,0.0,0.06,0.06,178.36,169.0,0.0
1777660741222467034,210928,8.62,73.6,10.396,-2.0,0.0,3.22,84.31,5.25,1.75,0.01,0.01,-0.02,0.0,0.19,0.0,178.36,171.0,0.0
1777660741324823124,211027,8.852,73.4,10.384,-2.0,-0.04,3.4,84.31,5.25,1.75,0.0,0.02,0.0,0.06,0.06,0.0,174.07,171.0,0.0
1777660741423146528,211127,8.884,68.6,9.208,2.4,0.14,3.24,84.31,5.25,1.75,0.0,0.02,-0.01,0.06,0.12,0.06,178.36,171.0,0.0
1777660741525578179,211228,8.896,75.4,10.396,0.7,0.0,3.24,84.31,5.25,1.75,0.0,0.03,-0.01,0.0,-0.25,-0.12,182.48,169.0,0.0
1777660741623924197,211328,9.484,75.1,10.384,-1.7,-0.14,3.24,84.31,5.25,1.75,-0.03,0.01,0.0,0.0,-0.06,-0.06,182.48,169.0,0.0
1777660741722157149,211428,8.62,74.2,10.4,-2.1,0.04,3.2,84.31,5.25,1.75,0.01,0.01,-0.03,-0.06,0.0,-0.12,173.56,172.0,0.0
1777660741824597912,211527,8.828,73.9,10.384,-1.8,0.04,3.2,84.31,5.25,1.75,0.01,0.02,0.0,0.12,-0.06,0.0,182.65,169.0,0.0
1777660741926991097,211628,10.428,80.0,10.388,2.5,-0.04,3.32,84.31,5.25,1.75,0.0,0.04,-0.02,0.06,0.12,0.0,178.36,169.0,0.0
1777660742025319225,211729,9.66,73.5,10.384,-0.7,0.0,3.36,84.31,5.25,1.75,0.01,0.03,-0.06,0.0,0.06,-0.06,178.19,171.0,0.0
1777660742123626289,211828,8.616,74.3,10.4,-4.2,-0.16,3.18,84.31,5.25,1.75,0.0,0.03,-0.01,0.0,0.31,-0.25,182.48,171.0,0.0
1777660742226028259,211928,8.88,69.1,10.4,-0.4,-0.04,3.18,84.31,5.25,1.75,0.0,0.04,-0.03,0.0,-0.12,0.06,178.19,171.0,0.0
1777660742324298171,212028,8.884,72.5,10.396,0.3,0.14,3.28,84.31,5.25,1.75,0.0,0.02,-0.03,0.06,0.0,0.06,182.3,170.0,0.0
1777660742426744034,212128,8.836,80.4,9.64,2.8,0.02,3.32,84.31,5.25,1.75,0.02,0.01,-0.01,0.0,-0.12,0.0,182.48,167.0,0.0
1777660742525037226,212228,9.66,71.4,10.392,0.2,-0.02,3.34,84.31,5.25,1.75,0.0,0.04,-0.01,-0.06,-0.06,0.0,178.36,167.0,0.0
1777660742623336790,212328,8.596,81.7,10.396,0.3,0.04,3.32,84.31,5.25,1.75,0.01,0.06,-0.06,0.06,-0.06,0.0,178.19,171.0,0.0
1777660742725764169,212427,9.356,79.2,10.4,2.8,0.04,3.01,84.31,5.25,1.75,0.01,0.03,0.0,0.06,0.25,0.12,178.36,168.0,0.0
1777660742824076622,212527,8.652,75.7,10.392,2.8,0.06,3.52,84.31,5.25,1.75,0.02,0.03,-0.01,0.12,-0.25,0.0,182.65,168.0,0.0
1777660742922366055,212627,8.596,71.1,10.392,-3.0,-0.08,3.34,84.31,5.25,1.75,0.02,0.0,-0.02,0.06,0.0,-0.12,178.36,170.0,0.0
1777660743024791206,212726,8.636,74.8,10.396,2.5,0.02,3.48,84.31,5.25,1.75,0.01,0.0,-0.03,-0.06,0.06,-0.06,178.36,170.0,0.0
1777660743123105067,212826,8.648,75.3,10.384,1.2,0.02,3.4,84.31,5.25,1.75,0.01,0.02,-0.04,0.06,-0.19,0.0,178.36,170.0,0.0
1777660743225473342,212927,8.82,75.8,10.4,-0.7,-0.1,3.24,84.31,5.25,1.75,-0.01,0.04,-0.06,0.12,-0.12,0.0,178.36,172.0,0.0
1777660743323768664,213026,8.6,77.5,10.404,-0.2,-0.04,3.22,84.31,5.25,1.75,0.01,0.02,-0.03,0.06,0.0,0.0,178.36,172.0,0.0
1777660743426208463,213126,8.848,78.5,10.392,-0.1,0.0,3.4,84.31,5.25,1.75,0.0,0.04,-0.05,-0.06,0.0,0.19,178.36,172.0,0.0
1777660743524531343,213227,10.364,82.7,10.384,-3.9,-0.1,3.36,84.31,5.25,1.75,0.01,0.03,-0.04,-0.06,0.0,0.06,181.45,169.0,0.0
1777660743622821906,213327,8.82,76.8,10.388,-0.8,0.18,3.38,84.31,5.25,1.75,0.0,0.03,-0.03,0.06,0.0,-0.12,182.48,169.0,0.0
1777660743725268020,213427,8.872,74.2,10.392,0.5,0.14,3.52,84.31,5.25,1.75,0.0,0.02,-0.21,-0.19,-0.37,0.06,182.48,171.0,0.0
1777660743827651092,213528,8.816,81.2,10.416,2.9,-0.12,3.22,84.37,5.25,1.75,0.0,0.0,-0.08,0.06,-0.06,-0.25,182.65,171.0,0.0
1777660743925957341,213628,8.864,76.7,10.276,-0.1,0.02,3.61,84.37,5.25,1.75,0.0,-0.04,0.01,0.06,0.25,0.56,182.48,169.0,0.0
1777660744028378239,213729,8.808,79.4,9.616,2.4,0.06,3.52,84.31,5.25,1.75,-0.03,0.06,-0.14,0.25,0.06,-0.12,178.36,169.0,0.0
1777660744126666770,213829,10.416,23.2,10.412,-1.3,0.02,1.17,84.25,5.0,1.44,-0.23,-0.64,1.45,7.63,6.44,1.75,180.08,169.0,0.0
1777660744224963375,213928,8.848,19.2,10.42,-0.5,-0.08,0.72,84.44,3.88,0.37,-1.41,-0.19,1.44,11.75,10.19,-6.69,192.08,170.0,0.0
1777660744333410295,214028,8.908,20.4,10.42,-0.6,0.08,0.68,85.19,3.38,0.0,-1.37,0.38,0.09,-6.31,1.19,-8.25,11972.24,199.0,0.0
1777660744427558412,214128,8.94,26.1,10.416,-0.6,0.0,0.8,85.94,2.0,1.0,-0.91,0.0,-0.49,-18.12,4.25,-3.25,11969.33,242.0,0.0
1777660744525902891,214228,8.864,20.5,9.184,-0.7,-0.02,0.66,85.19,1.37,2.5,-0.68,0.21,-1.06,-9.75,6.0,23.12,11971.9,242.0,0.0
1777660744628300667,214328,8.644,22.3,10.42,-1.6,0.0,0.66,81.62,0.5,2.94,-0.02,-0.05,-0.12,-0.94,3.0,53.81,11970.87,266.0,0.0
1777660744726577030,214428,8.628,18.2,9.332,-0.2,-0.1,0.72,75.69,0.44,2.88,0.88,0.0,-0.06,1.69,-7.31,65.69,11971.9,287.0,0.0
1777660744827103874,214528,8.872,13.0,9.148,0.3,-0.08,0.53,70.19,1.19,2.81,1.08,-0.12,-0.43,3.0,-2.63,40.94,258.97,287.0,0.0
1777660744925421685,214628,8.936,14.3,10.436,-1.8,-0.08,0.64,67.5,1.69,2.69,0.71,-0.08,-0.84,1.88,-3.81,13.75,308.36,261.0,0.0
1777660745029710455,214728,8.864,20.8,10.42,-1.1,-0.04,0.64,67.44,2.44,2.81,0.94,-0.27,-0.25,-1.37,11.5,-11.25,11970.53,251.0,0.0
1777660745128038388,214829,8.872,16.7,10.424,-0.3,0.02,0.84,69.25,1.81,3.06,0.5,-0.52,0.05,1.75,12.94,-26.12,11971.56,251.0,0.0
1777660745228551034,214929,8.856,20.9,10.416,-0.6,-0.04,0.61,72.81,1.5,2.63,0.28,-0.24,-0.23,8.63,1.25,-44.0,266.51,251.0,0.0
1777660745326960344,215028,8.892,11.1,10.436,-0.8,0.08,0.64,77.69,2.0,1.63,0.06,-0.04,0.03,7.38,-3.44,-54.06,11970.53,244.0,0.0
1777660745425070278,215128,8.856,15.2,10.428,-0.7,-0.04,0.47,82.94,2.19,1.06,-0.19,-0.17,0.22,0.81,1.25,-51.75,232.04,230.0,0.0
1777660745529467069,215228,10.42,15.1,9.076,-0.1,0.0,0.76,87.25,2.38,0.94,0.02,-0.18,0.27,2.44,-4.5,-37.94,11971.9,218.0,0.0
1777660745625864402,215328,10.392,21.3,9.068,0.0,0.12,0.7,89.69,2.56,0.56,0.24,-0.39,-0.04,7.0,3.19,-14.19,257.94,218.0,0.0
1777660745728266719,215429,8.648,22.3,10.428,-1.6,0.06,0.55,89.75,2.13,0.0,0.14,-0.17,1.01,6.13,4.38,7.44,249.02,215.0,0.0
1777660745836633201,215530,8.716,19.6,10.424,-0.4,0.12,1.02,88.19,2.0,0.0,0.08,0.0,-0.74,-4.38,-1.88,21.75,238.21,215.0,0.0
1777660745930894176,215629,8.652,16.7,10.436,-1.3,0.0,0.53,86.56,2.31,0.75,0.0,0.31,-0.65,-10.44,-1.37,9.19,11974.82,216.0,0.0
1777660746027275020,215729,8.704,27.3,10.428,-0.9,-0.04,0.74,86.94,1.81,1.63,-0.62,0.07,0.1,-6.69,6.44,-10.13,238.9,216.0,0.0
1777660746137628343,215830,8.928,35.3,9.132,0.5,0.02,1.09,87.81,2.06,2.19,0.7,0.06,0.75,-9.63,-3.19,-3.0,11979.1,201.0,0.0
1777660746228095615,215930,8.92,32.5,10.412,-0.4,-0.18,1.99,87.37,1.81,2.81,-0.4,-0.31,0.15,-2.19,7.69,4.81,11988.02,186.0,0.0
1777660746336435909,216030,9.632,55.6,10.396,-2.9,0.0,1.64,87.25,1.5,3.06,0.36,-0.32,0.92,-3.5,0.0,4.75,11987.68,181.0,0.0
1777660746430717797,216130,8.848,59.4,10.404,-0.9,0.04,2.13,87.0,1.37,3.19,-0.09,0.67,-1.1,0.44,-1.06,0.81,11990.94,181.0,0.0
1777660746539056424,216230,10.32,80.7,9.392,-1.5,-0.02,3.44,86.81,1.37,3.19,-0.11,0.0,0.08,-0.25,0.06,0.56,11993.85,179.0,0.0
1777660746631337616,216330,8.72,79.1,9.268,-2.4,0.0,3.28,86.81,1.31,3.19,-0.14,0.11,0.02,0.06,0.37,0.0,11992.48,181.0,0.0
1777660746739751879,216430,8.7,80.1,9.812,1.0,0.04,3.4,86.81,1.31,3.19,-0.11,0.01,0.06,-0.06,-0.12,0.12,11993.51,181.0,0.0
1777660746832062852,216530,8.68,80.4,9.408,-3.9,-0.14,3.38,86.81,1.25,3.13,-0.1,0.07,0.0,-0.06,-0.12,-0.19,11992.48,180.0,0.0
1777660746930351797,216630,9.06,71.5,10.028,-1.9,0.04,3.18,86.81,1.25,3.13,-0.13,0.05,-0.02,0.06,0.06,-0.12,11991.79,178.0,0.0
1777660747032860060,216730,9.244,79.1,10.168,-1.9,-0.1,3.3,86.81,1.19,3.13,-0.11,0.1,-0.02,0.0,-0.12,-0.12,11992.31,178.0,0.0
1777660747131072779,216830,10.348,83.3,9.056,-0.6,-0.06,3.57,86.81,1.19,3.06,-0.11,0.04,0.0,-0.06,-0.06,-0.06,11992.31,179.0,0.0
1777660747231599380,216930,9.032,77.0,10.38,3.0,-0.04,3.14,86.81,1.12,3.06,0.0,0.09,0.05,-0.06,-0.37,0.0,11991.79,179.0,0.0
1777660747329926051,217030,8.848,74.9,9.856,-1.3,-0.1,3.44,86.81,1.12,3.06,-0.11,0.05,0.01,-0.06,-0.12,0.12,11992.48,180.0,0.0
1777660747434139956,217131,9.304,78.5,9.132,-2.0,-0.04,3.44,86.81,1.06,3.06,-0.1,0.05,-0.02,0.06,0.06,-0.06,11992.82,177.0,0.0
1777660747532551504,217231,10.388,76.0,9.228,-0.2,0.0,3.52,86.81,1.06,3.06,-0.09,0.03,0.0,0.0,0.06,-0.06,11992.31,177.0,0.0
1777660747630764889,217331,10.196,78.5,10.392,2.8,0.0,3.26,86.81,1.06,3.0,-0.09,0.04,-0.01,-0.06,0.19,-0.06,11992.31,179.0,0.0
1777660747739196825,217431,9.228,79.9,10.396,-1.0,0.04,3.46,86.81,1.06,3.0,-0.07,0.04,0.0,-0.06,0.12,-0.06,11991.97,180.0,0.0
1777660747831581943,217531,10.344,79.9,10.396,2.8,0.0,3.4,86.81,1.06,3.0,-0.09,0.05,0.03,-0.06,0.06,0.0,11993.85,180.0,0.0
1777660747929823089,217630,9.344,80.1,9.284,0.2,0.2,3.36,86.81,1.06,3.0,-0.09,0.04,-0.01,0.0,0.12,0.0,11989.74,178.0,0.0
1777660748038204738,217730,9.436,78.2,10.384,-0.5,0.02,3.42,86.81,1.06,3.0,-0.08,0.02,0.0,0.0,0.12,-0.06,11990.25,179.0,0.0
1777660748140737068,217830,8.772,73.1,10.388,2.8,0.02,3.32,86.81,1.06,3.0,-0.07,0.04,0.0,-0.19,0.12,0.06,11991.62,179.0,0.0
1777660748231033209,217930,9.96,78.8,10.392,2.3,0.06,3.42,86.81,1.06,3.0,-0.09,0.05,0.0,0.12,-0.06,0.19,11994.2,181.0,0.0
1777660748335238111,218030,10.352,81.9,10.208,3.0,0.02,3.2,86.81,1.06,3.0,-0.09,0.05,-0.02,0.12,0.0,0.06,11995.4,181.0,0.0
1777660748433624996,218130,10.34,71.8,9.34,0.1,0.1,3.42,86.81,1.06,3.0,-0.09,0.03,0.03,-0.06,0.06,-0.06,11992.31,178.0,0.0
1777660748531960415,218230,9.96,72.1,9.148,-0.3,0.04,3.36,86.81,1.06,3.0,-0.07,0.04,-0.01,0.0,0.12,0.06,11990.59,177.0,0.0
1777660748634457594,218330,10.34,74.4,10.384,0.1,-0.06,3.44,86.81,1.06,3.0,-0.08,0.04,0.0,-0.12,0.19,-0.06,11991.79,177.0,0.0
1777660748732670300,218430,10.348,75.6,10.384,0.1,-0.02,3.48,86.81,1.06,3.0,-0.09,0.04,0.0,0.0,0.25,-0.06,11992.31,179.0,0.0
1777660748835071879,218530,10.34,80.7,10.4,-0.1,0.08,3.44,86.81,1.06,3.0,-0.08,0.06,0.04,0.12,-0.06,-0.19,11991.45,178.0,0.0
1777660748933462191,218630,8.996,78.8,10.4,2.6,0.08,3.24,86.81,1.06,3.0,-0.09,0.05,0.01,0.06,-0.12,-0.06,11992.31,178.0,0.0
1777660749031697462,218730,10.344,79.8,9.508,-0.3,0.12,3.26,86.81,1.06,3.0,-0.1,0.04,0.03,0.06,0.06,0.06,11990.77,180.0,0.0
1777660749134195868,218830,10.32,72.1,10.224,-0.7,0.08,3.28,86.81,1.06,3.0,-0.08,0.04,0.03,0.12,0.0,0.06,11991.62,180.0,0.0
1777660749230501016,218930,10.336,75.9,10.388,0.1,0.0,3.22,86.81,1.06,3.0,-0.07,0.05,0.01,-0.06,0.06,0.0,11995.05,176.0,0.0
1777660749332851429,219030,9.568,76.2,9.796,-1.7,0.02,4.14,86.81,1.06,3.0,-0.08,0.03,0.01,0.0,0.06,0.0,11991.62,176.0,0.0
1777660749433194378,219130,8.9,72.2,10.38,0.5,0.0,3.13,86.75,1.0,3.06,0.04,0.11,-0.85,-0.31,0.69,0.0,11994.02,176.0,0.0
1777660749541542721,219230,8.944,72.1,9.212,2.1,-0.08,3.36,86.75,1.0,3.06,-0.14,-0.04,0.17,0.12,0.12,-0.12,11994.71,178.0,0.0
1777660749639815978,219330,8.824,80.1,10.408,-2.1,0.06,3.36,86.75,1.0,3.06,-0.1,0.04,0.06,-0.06,0.25,0.19,11994.71,178.0,0.0
1777660749732233688,219430,8.844,79.4,10.388,-4.3,-0.02,3.22,86.75,1.0,3.06,-0.1,0.04,0.07,0.0,0.0,-0.12,11995.05,178.0,0.0
1777660749840559899,219529,8.804,80.9,10.38,-0.2,0.02,3.18,86.75,1.0,3.06,-0.06,0.08,-0.03,0.0,0.12,0.0,11993.68,178.0,0.0
1777660749932916549,219629,8.92,68.6,10.4,1.5,-0.08,3.4,86.75,1.0,3.06,-0.06,0.05,-0.02,-0.06,0.31,-0.06,11993.34,176.0,0.0
1777660750031182575,219729,8.86,74.0,10.4,-1.3,-0.06,3.32,86.75,1.0,3.06,-0.07,0.04,0.04,-0.06,-0.06,-0.12,11994.54,176.0,0.0
1777660750133585223,219829,8.86,80.2,10.4,-1.6,0.08,3.11,86.75,1.0,3.06,-0.07,0.07,0.03,0.12,-0.19,0.06,11993.68,180.0,0.0
1777660750230060253,219929,8.992,77.7,10.392,-4.0,0.04,3.28,86.75,1.0,3.06,-0.08,0.05,0.02,-0.06,-0.19,0.06,11993.85,178.0,0.0
1777660750332321058,220029,8.848,80.5,10.392,2.3,-0.1,3.38,86.75,1.0,3.06,-0.08,0.05,0.03,0.12,-0.12,0.0,11994.88,178.0,0.0
1777660750432556363,220129,8.908,67.9,9.188,0.9,0.02,3.24,86.75,1.0,3.06,-0.09,0.06,0.0,0.0,-0.06,0.0,11993.85,176.0,0.0
1777660750535076761,220229,8.984,77.4,10.384,-1.9,0.12,3.13,86.75,1.0,3.06,-0.07,0.03,0.01,0.0,-0.06,0.0,11992.14,176.0,0.0
1777660750633291881,220329,9.0,73.2,10.396,0.5,-0.16,3.42,86.75,1.0,3.06,-0.07,0.04,0.03,0.0,0.12,0.0,11990.94,181.0,0.0
1777660750731629454,220429,8.98,80.3,10.388,-2.3,-0.02,3.28,86.75,1.0,3.06,-0.09,0.04,0.03,0.06,0.25,0.0,11989.91,182.0,0.0
1777660750840008911,220529,8.852,78.5,10.396,-0.3,0.1,3.32,86.75,1.0,3.06,-0.08,0.03,0.03,-0.06,-0.06,0.06,11992.31,182.0,0.0
1777660750932340989,220630,8.776,74.2,10.388,-0.3,-0.06,3.52,86.75,1.0,3.06,-0.08,0.04,0.06,0.0,0.06,0.06,11990.77,176.0,0.0
1777660751040737575,220730,8.912,68.7,10.4,-1.9,0.12,3.16,86.75,1.0,3.06,-0.08,0.03,0.02,0.0,0.06,0.06,11991.97,180.0,0.0
1777660751133152444,220830,8.916,71.0,10.4,2.0,-0.02,3.28,86.75,1.0,3.06,-0.08,0.07,0.01,0.0,-0.12,0.0,11991.79,180.0,0.0
1777660751233532850,220931,8.924,79.4,10.392,-4.2,0.02,3.36,86.75,1.0,3.06,-0.08,0.05,0.0,0.0,-0.06,0.0,11990.42,179.0,0.0
1777660751331770361,221031,10.348,86.0,10.4,-1.1,0.06,3.13,86.75,1.0,3.06,-0.08,0.06,0.01,0.0,0.06,0.0,11988.19,179.0,0.0
1777660751442050979,221131,10.34,64.8,10.396,2.4,0.12,3.14,86.75,1.0,3.06,-0.19,-0.2,-0.58,-0.81,-2.44,0.0,11991.28,178.0,0.0
1777660751534479812,221231,8.88,73.8,9.756,0.3,-0.14,3.26,86.75,1.0,3.06,-0.15,-0.03,0.53,0.19,0.81,0.5,11990.59,178.0,0.0
1777660751642871757,221331,8.816,76.7,10.396,-3.0,-0.04,3.13,86.75,0.94,3.06,-0.08,0.12,-0.08,0.0,0.12,-0.19,11991.11,178.0,0.0
1777660751735179064,221431,8.892,79.1,10.384,-1.1,-0.06,3.36,86.75,0.94,3.06,-0.07,0.04,0.0,-0.25,0.0,0.0,11991.79,177.0,0.0
1777660751843575768,221531,10.356,74.2,9.856,-4.1,-0.14,3.24,86.75,0.94,3.06,-0.07,0.06,0.02,-0.06,-0.12,0.0,11990.08,177.0,0.0
1777660751935985971,221631,9.592,76.2,10.388,0.2,0.0,3.3,86.75,0.94,3.06,-0.1,0.03,0.07,0.12,-0.06,0.06,11991.62,177.0,0.0
1777660752034167874,221731,10.344,73.3,9.296,-0.6,0.1,3.42,86.75,0.94,3.06,-0.08,0.07,0.0,-0.06,0.12,-0.06,11993.68,179.0,0.0
1777660752136604167,221831,10.34,68.5,10.384,-1.9,0.04,2.95,86.75,0.94,3.06,-0.1,0.05,0.0,0.0,-0.06,0.0,11992.48,180.0,0.0
1777660752233116209,221931,10.328,74.2,10.156,-0.4,-0.12,3.38,86.75,0.94,3.06,-0.07,0.05,0.0,-0.06,0.06,-0.12,11994.37,180.0,0.0
1777660752331475103,222030,10.34,84.8,10.104,0.8,-0.14,3.18,86.75,0.94,3.06,-0.09,0.04,0.06,0.06,0.25,0.06,11991.97,179.0,0.0
1777660752441602014,222130,9.084,75.5,10.372,-1.1,0.02,2.95,86.75,0.94,3.06,-0.07,0.06,0.0,-0.12,-0.12,-0.12,11991.62,180.0,0.0
1777660752533998079,222230,10.348,76.5,10.392,-1.0,-0.04,3.42,86.75,0.94,3.06,-0.08,0.04,0.03,0.06,-0.06,-0.06,11994.88,180.0,0.0
1777660752642281971,222330,10.34,73.9,10.384,0.8,-0.1,3.3,86.75,0.94,3.06,-0.08,0.04,0.05,-0.06,0.19,0.0,11994.54,177.0,0.0
1777660752734703427,222430,10.34,73.8,10.396,0.6,0.02,3.26,86.75,0.94,3.06,-0.08,0.03,0.01,-0.06,-0.06,-0.06,11996.6,177.0,0.0
1777660752832921052,222529,10.348,73.7,9.748,-2.7,-0.08,3.24,86.75,0.94,3.06,-0.1,0.04,0.0,-0.06,0.0,0.12,11993.85,177.0,0.0
1777660752941285690,222629,9.056,77.0,10.34,-3.4,0.02,3.3,86.75,0.94,3.06,-0.08,0.02,0.0,0.06,0.06,0.0,11993.51,177.0,0.0
1777660753033727341,222729,10.36,77.6,10.396,2.3,0.21,3.09,86.75,0.94,3.06,-0.08,0.03,0.0,0.0,0.06,0.06,11994.88,177.0,0.0
1777660753142037601,222829,10.36,76.3,10.388,2.4,-0.06,3.54,86.75,0.94,3.06,-0.08,0.05,0.0,0.0,0.0,-0.06,11996.6,177.0,0.0
1777660753232614686,222929,9.252,69.8,10.38,-0.3,-0.04,3.18,86.75,0.94,3.06,-0.09,0.06,0.03,-0.19,0.12,-0.06,11993.17,181.0,0.0
1777660753334791353,223029,10.352,60.7,10.4,0.1,-0.02,2.13,86.75,0.94,3.06,-0.12,0.04,0.04,0.0,0.0,0.06,11997.11,181.0,0.0
1777660753435000513,223129,9.004,66.7,10.38,0.1,-0.08,2.83,86.69,0.94,3.06,-0.14,-0.09,0.05,-0.19,0.69,0.06,11994.37,177.0,0.0
1777660753533295467,223229,8.86,75.9,10.38,-4.0,-0.02,3.16,86.69,0.88,3.06,-0.1,0.0,0.14,0.12,0.56,0.12,11995.22,177.0,0.0
1777660753635756228,223329,8.848,74.9,10.388,-1.5,-0.02,3.14,86.69,0.88,3.06,-0.07,0.04,0.09,0.12,0.63,0.12,11996.77,179.0,0.0
1777660753734017013,223429,8.888,71.2,10.388,-0.8,0.0,3.18,86.69,0.88,3.06,-0.05,0.03,0.0,0.0,0.0,-0.06,11996.25,177.0,0.0
1777660753836559576,223529,8.892,69.0,10.396,1.4,0.18,3.07,86.69,0.88,3.06,-0.08,0.04,0.0,0.0,0.06,0.06,11996.94,177.0,0.0
1777660753934767616,223629,8.96,71.2,10.392,1.1,-0.08,3.22,86.69,0.88,3.06,-0.08,0.06,0.0,0.06,0.0,-0.06,11993.17,175.0,0.0
1777660754043217513,223729,8.956,69.9,9.204,-1.0,-0.02,3.14,86.69,0.88,3.06,-0.08,0.04,0.0,-0.06,0.0,0.0,11992.14,179.0,0.0
1777660754135583074,223830,8.908,78.1,10.4,-0.4,0.06,3.07,86.69,0.88,3.06,-0.07,0.05,0.02,-0.12,0.06,-0.06,11992.31,179.0,0.0
1777660754235982128,223930,8.908,75.0,10.384,-0.2,-0.06,3.13,86.69,0.88,3.06,-0.08,0.02,0.03,0.0,0.12,0.0,11991.97,179.0,0.0
1777660754340191237,224030,9.02,71.7,10.384,-1.7,0.04,3.16,86.69,0.88,3.06,-0.07,0.02,0.0,0.19,-0.12,0.0,11992.31,179.0,0.0
1777660754434586585,224130,8.996,75.4,10.396,2.5,-0.08,3.07,86.69,0.88,3.06,-0.09,0.03,0.02,-0.12,0.0,-0.06,11993.68,179.0,0.0
1777660754543013890,224230,8.904,78.3,10.392,-3.8,0.02,3.3,86.69,0.88,3.06,-0.07,0.03,0.0,0.0,-0.06,-0.06,11993.51,178.0,0.0
1777660754635297853,224330,8.96,71.6,10.388,-0.1,-0.06,3.22,86.69,0.88,3.06,-0.08,0.05,0.01,0.0,0.06,0.0,11993.34,178.0,0.0
1777660754743628299,224431,8.84,72.9,10.392,0.1,-0.06,3.26,86.69,0.88,3.06,-0.08,0.04,0.0,0.0,0.12,0.0,11995.22,179.0,0.0
1777660754835933486,224531,9.028,69.9,10.388,-0.5,0.0,2.95,86.69,0.88,3.06,-0.08,0.02,0.03,0.06,-0.06,0.0,11996.08,182.0,0.0
1777660754944305398,224631,8.968,74.3,10.384,-1.8,0.02,3.38,86.69,0.88,3.06,-0.06,0.04,-0.01,-0.06,0.0,0.06,11995.91,182.0,0.0
1777660755036641816,224732,8.948,71.0,9.2,2.9,-0.02,3.28,86.69,0.88,3.06,-0.09,0.06,0.0,-0.06,0.25,0.0,11992.65,179.0,0.0
1777660755139051147,224832,9.024,68.8,10.396,-0.3,0.1,2.99,86.69,0.88,3.06,-0.08,0.04,0.02,-0.06,0.0,0.0,11991.97,179.0,0.0
1777660755235411351,224932,8.98,75.5,10.4,-3.4,-0.08,3.14,86.69,0.88,3.06,-0.09,0.05,0.01,0.0,-0.06,0.0,11994.37,179.0,0.0
1777660755333771336,225031,8.988,66.6,10.4,0.2,-0.04,3.07,86.69,0.88,3.06,-0.08,0.07,-0.01,0.0,0.0,-0.06,11992.82,177.0,0.0
1777660755438003456,225131,8.828,74.4,10.388,-0.5,0.0,3.2,86.69,0.88,3.06,-0.1,0.05,0.0,0.06,0.0,-0.06,11993.34,181.0,0.0
1777660755540550778,225231,8.856,78.0,10.384,-2.1,-0.04,3.13,86.69,0.88,3.06,-0.06,0.04,0.02,0.06,0.12,-0.06,11993.85,181.0,0.0
1777660755638754735,225331,9.012,71.5,9.488,0.5,0.02,3.2,86.69,0.88,3.06,-0.1,0.02,0.01,-0.12,-0.19,-0.06,11993.17,179.0,0.0
1777660755741251350,225431,8.952,71.1,10.404,2.6,-0.14,3.07,86.69,0.88,3.06,-0.07,0.06,-0.04,0.06,-0.06,-0.12,11993.0,179.0,0.0
1777660755839465733,225531,8.856,76.8,10.392,-0.6,0.08,3.34,86.69,0.88,3.06,-0.08,0.03,0.03,0.06,0.0,-0.06,11995.74,178.0,0.0
1777660755937788846,225632,8.832,76.4,10.392,-1.6,0.08,3.26,86.69,0.88,3.06,-0.08,0.02,0.01,0.0,0.06,0.0,11992.31,177.0,0.0
1777660756040292336,225732,8.932,72.8,10.4,-3.4,0.04,3.2,86.69,0.88,3.06,-0.07,0.03,0.0,-0.06,0.12,-0.06,11994.37,177.0,0.0
1777660756138470440,225832,10.356,68.9,9.188,0.8,-0.08,3.01,86.69,0.88,3.06,-0.08,0.03,0.0,0.0,-0.19,-0.06,11994.02,178.0,0.0
1777660756239010996,225932,8.94,72.4,10.396,2.3,-0.16,2.97,86.69,0.88,3.06,-0.09,0.02,-0.02,-0.12,-0.06,0.0,11991.79,175.0,0.0
1777660756337244140,226032,8.804,72.8,10.388,-2.3,-0.1,3.11,86.69,0.88,3.06,-0.09,0.06,0.01,0.06,0.06,-0.12,11993.17,175.0,0.0
1777660756437484473,226132,8.808,69.5,10.384,1.2,-0.04,3.18,86.69,0.88,3.06,-0.09,0.03,0.02,0.12,-0.12,0.0,11993.0,177.0,0.0
1777660756545921235,226232,8.916,75.0,10.388,0.1,-0.18,3.07,86.69,0.88,3.06,-0.09,0.06,0.0,0.0,0.0,0.0,11993.0,178.0,0.0
1777660756638300734,226332,8.932,78.6,10.4,-2.4,0.12,3.13,86.69,0.88,3.06,-0.08,0.04,-0.03,0.06,-0.12,-0.12,11992.82,178.0,0.0
1777660756746595561,226433,8.996,69.6,10.38,-2.4,0.2,3.24,86.69,0.88,3.06,-0.07,0.04,0.02,0.0,0.12,0.0,11992.48,180.0,0.0
1777660756838930613,226533,8.824,74.4,10.392,-1.6,0.02,3.24,86.69,0.88,3.06,-0.09,0.04,0.02,0.19,0.0,0.06,11993.68,177.0,0.0
1777660756941428187,226633,8.864,78.1,10.396,0.3,0.0,3.4,86.69,0.88,3.06,-0.07,0.05,0.02,0.0,-0.06,0.0,11993.51,177.0,0.0
1777660757049755344,226734,8.88,76.6,10.396,-0.2,0.0,3.22,86.69,0.88,3.06,-0.07,0.05,-0.03,-0.06,0.0,-0.06,11991.97,179.0,0.0
1777660757142161596,226834,8.872,74.0,10.404,-1.8,-0.02,3.09,86.69,0.88,3.06,-0.09,0.05,0.01,0.12,-0.06,0.0,11994.02,179.0,0.0
1777660757238499029,226934,8.916,77.6,10.4,0.3,0.04,3.16,86.69,0.88,3.06,-0.08,0.03,0.02,-0.12,0.06,-0.06,11995.22,179.0,0.0
1777660757340795108,227034,8.972,78.8,10.176,0.8,-0.1,3.36,86.69,0.88,3.06,-0.06,0.05,0.0,-0.06,0.12,0.06,11992.14,178.0,0.0
1777660757441154506,227134,8.812,72.1,9.292,-0.5,-0.04,3.09,86.69,0.88,3.06,-0.07,0.04,0.02,-0.12,0.0,-0.06,11995.91,178.0,0.0
1777660757543489255,227234,8.8,71.5,10.396,2.0,0.08,3.24,86.69,0.88,3.06,-0.07,0.02,0.01,-0.12,0.12,0.0,11994.2,177.0,0.0
1777660757641762276,227334,8.868,70.7,10.368,-2.2,-0.1,3.24,86.69,0.88,3.06,-0.08,0.04,0.01,0.06,-0.12,0.0,11993.68,178.0,0.0
1777660757744262924,227434,8.804,76.0,10.392,1.1,0.04,3.44,86.69,0.88,3.06,-0.07,0.03,0.02,-0.06,0.06,0.06,11994.54,178.0,0.0
1777660757842449404,227534,8.868,74.1,10.392,0.1,0.06,3.16,86.69,0.88,3.06,-0.08,0.06,0.01,-0.12,0.12,-0.06,11994.54,180.0,0.0
1777660757950811524,227635,8.98,71.2,10.388,0.0,0.0,3.14,86.69,0.88,3.06,-0.06,0.04,0.0,-0.06,0.06,0.0,11993.68,180.0,0.0
