timestamp_ns,time_ms,voltage_left,current_left_ma,voltage_right,current_right_ma,motor_current_left,motor_current_right,euler_x,euler_y,euler_z,acc_lin_x,acc_lin_y,acc_lin_z,gyro_x,gyro_y,gyro_z,sonar_mm,tof_mm,rpm_left,rpm_right,rotations_left,rotations_right
1776452571515505884,201156,0.36,0.12,0.06,0.06,166.87,205.0,-0.0,-0.0,0.0,,-0.0,,,,,,,,,,
1776452572417035807,419153,0.0,,,,,,,,,,,,,,,,,,,,
1776452572421223271,419053,0.088,0.1,0.0,0.5,0.04,0.0,-19.69,-0.88,2.75,-0.05,0.13,-0.36,-0.12,-0.06,0.06,166.87,205.0,0.0,0.0,0.0,0.0
1776452574329647469,419153,,,,,,,,,,,,,,,,,,,,,
1776452574429699228,1903,0.0,0.7,0.056,0.3,0.2,0.0,-0.0,-0.06,3.0,0.0,-0.01,-0.34,-0.12,-0.0,0.06,166.87,200.0,0.0,0.0,0.0,0.0
1776452574522031964,2002,0.0,0.9,0.064,0.4,-0.02,0.0,-0.0,-0.06,3.0,0.01,-0.0,-0.3,-0.06,-0.06,-0.12,166.87,198.0,0.0,0.0,0.0,0.0
1776452574624437169,2103,0.0,0.9,0.0,1.1,0.06,-0.02,-0.0,-0.06,3.0,0.0,-0.02,-0.33,0.06,0.12,0.06,167.9,198.0,0.0,0.0,0.0,0.0
1776452574722732815,2204,0.0,0.8,0.0,1.5,0.2,0.08,-0.0,-0.06,3.0,0.0,-0.0,-0.34,0.06,-0.06,0.06,166.18,189.0,0.0,0.0,0.0,0.0
1776452574825128298,2304,0.088,0.2,0.0,1.1,0.08,-0.12,-0.0,-0.06,3.0,0.0,-0.0,-0.35,-0.06,-0.12,0.0,166.87,202.0,0.0,0.0,0.0,0.0
1776452574923431758,2405,0.092,0.1,0.0,1.2,0.12,-0.06,-0.0,-0.06,3.0,0.0,-0.0,-0.33,0.06,-0.12,0.0,166.87,202.0,0.0,0.0,0.0,0.0
1776452575025806649,2505,0.096,0.0,0.0,1.1,0.14,-0.18,-0.0,-0.06,3.0,-0.01,-0.0,-0.32,0.06,-0.0,0.12,166.36,212.0,0.0,0.0,0.0,0.0
1776452575124108034,2605,0.088,0.5,0.0,1.1,0.04,-0.1,-0.0,-0.06,3.0,0.0,-0.0,-0.29,-0.06,0.06,0.0,166.36,215.0,0.0,0.0,0.0,0.0
1776452575226488052,2705,0.0,1.0,0.0,1.3,0.06,-0.02,-0.0,-0.06,3.0,0.0,-0.0,-0.34,-0.0,0.06,-0.06,166.18,215.0,0.0,0.0,0.0,0.0
1776452575324792011,2805,0.1,0.3,0.0,1.6,-0.04,-0.04,-0.0,-0.06,3.0,-0.01,-0.0,-0.3,-0.06,-0.06,-0.06,166.18,196.0,0.0,0.0,0.0,0.0
1776452575427178919,2906,0.092,0.2,0.0,1.4,0.04,-0.12,-0.0,-0.06,3.0,0.0,0.01,-0.34,-0.0,0.06,0.06,166.18,182.0,0.0,0.0,0.0,0.0
1776452575525480100,3007,0.092,-0.2,0.068,0.3,0.1,-0.04,-0.0,-0.06,3.0,0.0,-0.0,-0.34,-0.0,0.06,-0.06,166.36,182.0,0.0,0.0,0.0,0.0
1776452575627911024,3107,0.0,1.3,0.0,1.2,0.04,-0.04,-0.0,-0.06,3.0,0.0,-0.01,-0.35,0.06,0.19,0.0,166.18,205.0,0.0,0.0,0.0,0.0
1776452575726154133,3208,0.084,0.2,0.0,1.1,0.04,0.0,-0.0,-0.06,3.0,0.01,-0.0,-0.31,-0.0,0.06,-0.06,170.3,205.0,0.0,0.0,0.0,0.0
1776452575828547985,3308,0.096,0.3,0.06,0.5,0.18,-0.1,-0.0,-0.06,3.0,0.01,-0.02,-0.32,0.12,0.06,-0.12,166.18,180.0,0.0,0.0,0.0,0.0
1776452575926884572,3408,0.0,0.3,0.0,1.5,0.04,-0.2,-0.0,-0.06,3.0,0.0,0.01,-0.33,-0.0,-0.06,0.12,166.36,201.0,0.0,0.0,0.0,0.0
1776452576029273387,3508,0.088,0.0,0.0,1.5,0.1,-0.16,-0.0,-0.06,3.0,-0.01,-0.0,-0.34,-0.06,-0.19,0.06,166.18,201.0,0.0,0.0,0.0,0.0
1776452576127562752,3608,0.092,1.4,0.072,0.2,0.1,-0.25,-0.0,-0.06,3.0,-0.01,-0.01,-0.32,-0.0,0.06,0.06,166.36,198.0,0.0,0.0,0.0,0.0
1776452576225821618,3707,0.0,0.5,0.0,1.6,0.08,-0.12,-0.0,-0.06,3.0,0.0,-0.01,-0.35,0.06,-0.06,-0.06,166.36,194.0,0.0,0.0,0.0,0.0
1776452576328225949,3808,0.092,0.3,0.0,1.5,0.0,-0.04,-0.0,-0.06,3.0,0.0,-0.0,-0.31,-0.0,0.06,0.06,166.18,194.0,0.0,0.0,0.0,0.0
1776452576430613485,3909,0.088,0.2,0.0,1.6,0.04,-0.1,-0.0,-0.06,3.0,-0.01,-0.0,-0.33,0.06,0.12,0.0,166.18,190.0,0.0,0.0,0.0,0.0
1776452576528946867,4008,0.1,0.1,0.0,1.3,0.0,0.0,-0.0,-0.06,3.0,0.0,-0.0,-0.33,0.06,-0.0,0.12,167.21,193.0,0.0,0.0,0.0,0.0
1776452576631349976,4109,0.0,0.2,0.0,0.4,0.08,-0.16,-0.0,-0.06,3.0,0.02,0.01,-0.32,-0.06,0.06,0.0,166.36,193.0,0.0,0.0,0.0,0.0
1776452576729706099,4210,0.0,0.0,0.0,1.5,0.04,-0.12,-0.0,-0.06,3.0,0.0,-0.02,-0.31,0.06,-0.12,0.0,166.18,217.0,0.0,0.0,0.0,0.0
1776452576832039617,4311,0.088,0.1,0.068,0.2,0.14,-0.1,-0.0,-0.06,3.0,0.01,-0.0,-0.32,0.06,-0.06,0.06,166.87,217.0,0.0,0.0,0.0,0.0
1776452576930321871,4411,0.0,1.3,0.0,1.2,0.08,-0.04,-0.0,-0.06,3.0,-0.02,0.01,-0.33,-0.0,-0.0,-0.06,166.36,212.0,0.0,0.0,0.0,0.0
1776452577028607829,4510,0.088,0.4,0.0,1.1,0.04,0.08,-0.0,-0.06,3.0,0.02,-0.01,-0.34,-0.0,-0.06,-0.06,166.18,203.0,0.0,0.0,0.0,0.0
1776452577130985623,4610,0.096,0.0,0.0,1.0,-0.04,-0.14,-0.0,-0.06,3.0,0.01,-0.0,-0.35,-0.06,0.06,0.0,166.18,203.0,0.0,0.0,0.0,0.0
1776452577229299523,4710,0.088,0.3,0.0,1.6,0.0,0.02,-0.0,-0.06,3.0,0.0,0.01,-0.31,-0.0,-0.06,-0.06,167.21,209.0,0.0,0.0,0.0,0.0
1776452577331675279,4810,0.0,1.2,0.0,1.2,0.12,-0.04,-0.0,-0.06,3.0,0.0,-0.0,-0.34,0.06,-0.06,-0.06,166.18,202.0,0.0,0.0,0.0,0.0
1776452577429950143,4911,0.0,0.9,0.0,0.6,-0.06,-0.06,-0.0,-0.06,3.0,0.0,0.01,-0.34,-0.06,-0.06,0.06,166.18,202.0,0.0,0.0,0.0,0.0
1776452577532394194,5011,0.092,0.7,0.0,1.6,-0.02,-0.12,-0.0,-0.06,3.0,0.0,-0.0,-0.33,0.06,-0.0,0.06,166.18,181.0,0.0,0.0,0.0,0.0
1776452577630703187,5110,0.096,0.4,0.076,0.4,0.2,-0.12,-0.0,-0.06,3.0,0.0,-0.0,-0.33,-0.06,-0.12,0.12,166.36,213.0,0.0,0.0,0.0,0.0
1776452577728981458,5210,0.0,1.4,0.06,0.3,0.08,0.02,-0.0,-0.06,3.0,0.01,0.01,-0.34,0.06,-0.0,0.12,166.18,213.0,0.0,0.0,0.0,0.0
1776452577831384658,5310,0.0,0.1,0.0,1.0,0.1,-0.06,-0.0,-0.06,3.0,0.0,-0.01,-0.34,-0.06,-0.06,-0.12,166.18,195.0,0.0,0.0,0.0,0.0
1776452577929698595,5409,0.092,0.1,0.0,0.2,0.02,0.14,-0.0,-0.06,3.0,0.0,-0.0,-0.32,-0.06,-0.0,-0.12,166.36,195.0,0.0,0.0,0.0,0.0
1776452578032095443,5509,0.096,0.3,0.0,1.4,0.0,-0.16,-0.0,-0.06,3.0,0.01,-0.0,-0.33,-0.0,-0.0,0.06,166.18,196.0,0.0,0.0,0.0,0.0
1776452578130420897,5609,0.088,0.2,0.0,1.4,0.14,-0.1,-0.0,-0.06,3.0,0.0,-0.0,-0.35,-0.0,-0.06,0.06,166.18,194.0,0.0,0.0,0.0,0.0
1776452578232795504,5709,0.088,0.0,0.0,1.3,-0.02,-0.06,-0.0,-0.06,3.0,0.01,-0.0,-0.33,0.06,-0.12,-0.06,167.38,194.0,0.0,0.0,0.0,0.0
1776452578331039312,5810,0.092,0.4,0.0,1.5,0.08,-0.1,-0.0,-0.06,3.0,0.0,-0.0,-0.35,0.12,0.12,0.0,166.36,179.0,0.0,0.0,0.0,0.0
1776452578433434233,5911,0.096,0.0,0.0,1.4,0.0,-0.12,-0.0,-0.06,3.0,0.0,-0.0,-0.35,-0.12,-0.0,0.0,166.18,209.0,0.0,0.0,0.0,0.0
1776452578531766890,6010,0.092,0.3,0.0,1.5,-0.08,-0.08,-0.0,-0.06,3.0,0.0,-0.0,-0.32,0.06,0.06,0.0,166.36,209.0,0.0,0.0,0.0,0.0
1776452578640142960,6110,0.088,0.1,0.0,0.3,0.02,-0.08,-0.0,-0.06,3.0,-0.01,-0.0,-0.34,-0.0,-0.0,0.06,166.18,209.0,0.0,0.0,0.0,0.0
1776452578732483950,6210,0.0,0.2,0.068,0.6,0.1,-0.04,-0.0,-0.06,3.0,0.0,-0.01,-0.3,-0.0,-0.12,0.06,166.18,200.0,0.0,0.0,0.0,0.0
1776452578830762239,6310,0.0,0.1,0.0,1.5,0.06,0.0,-0.0,-0.06,3.0,-0.01,0.02,-0.35,0.12,-0.19,0.0,166.36,200.0,0.0,0.0,0.0,0.0
1776452578933147086,6410,0.096,0.0,0.0,0.3,-0.12,0.12,-0.0,-0.06,3.0,0.0,0.01,-0.32,-0.0,-0.0,0.06,166.18,199.0,0.0,0.0,0.0,0.0
1776452579031427245,6510,0.0,0.2,0.0,1.0,0.08,0.06,-0.0,-0.06,3.0,0.01,-0.0,-0.35,-0.0,-0.19,0.06,166.18,199.0,0.0,0.0,0.0,0.0
1776452579129736549,6609,0.0,0.9,0.064,0.4,0.14,-0.1,-0.0,-0.06,3.0,0.0,-0.01,-0.33,0.06,0.06,0.0,166.18,201.0,0.0,0.0,0.0,0.0
1776452579232118432,6709,0.0,0.6,0.0,1.4,0.08,-0.08,-0.0,-0.06,3.0,0.0,-0.0,-0.34,-0.06,-0.12,0.06,166.18,209.0,0.0,0.0,0.0,0.0
1776452579330417718,6809,0.0,0.3,0.056,0.3,-0.02,0.1,-0.0,-0.06,3.0,0.01,-0.01,-0.34,-0.06,0.12,0.06,166.18,209.0,0.0,0.0,0.0,0.0
1776452579428708672,6908,0.0,0.4,0.0,1.7,0.0,0.0,-0.0,-0.06,3.0,0.0,-0.01,-0.34,0.12,-0.12,0.06,166.18,201.0,0.0,0.0,0.0,0.0
1776452579531115017,7008,0.088,0.3,0.0,1.7,0.12,-0.14,-0.0,-0.06,3.0,0.0,0.01,-0.34,0.06,0.12,0.0,166.36,179.0,0.0,0.0,0.0,0.0
1776452579629416377,7109,0.088,1.4,0.0,1.1,0.12,-0.06,-0.0,-0.06,3.0,0.0,-0.0,-0.33,-0.06,0.25,0.19,166.18,179.0,0.0,0.0,0.0,0.0
1776452579731812389,7208,0.084,0.3,0.0,1.1,0.08,-0.12,-0.0,-0.06,3.0,0.0,-0.0,-0.32,-0.06,0.12,-0.06,166.18,180.0,0.0,0.0,0.0,0.0
1776452579830110194,7308,0.0,0.3,0.0,1.6,0.06,-0.04,-0.0,-0.06,3.0,0.01,0.01,-0.35,-0.0,0.06,-0.06,170.3,210.0,0.0,0.0,0.0,0.0
1776452579928405444,7408,0.092,0.5,0.068,0.3,-0.04,0.0,-0.0,-0.06,3.0,0.0,0.01,-0.32,-0.0,-0.06,0.0,169.79,210.0,0.0,0.0,0.0,0.0
1776452580030808104,7507,0.0,1.3,0.072,0.4,-0.1,-0.04,-0.0,-0.06,3.0,0.0,-0.0,-0.34,0.06,-0.06,-0.06,166.18,211.0,0.0,0.0,0.0,0.0
1776452580129103889,7607,0.0,1.4,0.0,0.0,0.1,-0.02,-0.0,-0.06,3.0,0.01,-0.0,-0.33,-0.0,0.12,0.0,166.36,218.0,0.0,0.0,0.0,0.0
1776452580231494307,7707,0.0,0.3,0.0,1.3,-0.04,-0.04,-0.0,-0.06,3.0,0.0,-0.0,-0.32,-0.12,-0.06,-0.06,162.07,218.0,0.0,0.0,0.0,0.0
1776452580329763444,7806,0.096,0.1,0.0,1.5,0.04,0.08,-0.0,-0.06,3.0,0.0,-0.0,-0.32,0.06,-0.06,0.0,166.18,197.0,0.0,0.0,0.0,0.0
1776452580432170343,7907,0.0,1.4,0.072,0.2,0.1,-0.12,-0.0,-0.06,3.0,0.02,-0.0,-0.32,0.06,-0.12,0.06,166.36,197.0,0.0,0.0,0.0,0.0
1776452580530482258,8008,0.0,1.4,0.0,0.9,0.08,0.02,-0.0,-0.06,3.0,0.02,-0.0,-0.33,-0.12,-0.06,0.06,166.18,210.0,0.0,0.0,0.0,0.0
1776452580632865194,8108,0.092,-0.1,0.0,1.1,-0.02,-0.1,-0.0,-0.06,3.0,0.01,-0.0,-0.34,0.25,-0.06,0.0,166.36,198.0,0.0,0.0,0.0,0.0
1776452580731166053,8209,0.088,0.4,0.064,0.5,0.16,-0.14,-0.0,-0.06,3.0,0.02,-0.01,-0.33,0.19,0.12,-0.06,166.7,198.0,0.0,0.0,0.0,0.0
1776452580833581471,8309,0.0,1.0,0.068,0.5,-0.08,-0.08,-0.0,-0.06,3.0,0.01,-0.0,-0.34,0.06,-0.0,0.0,166.87,216.0,0.0,0.0,0.0,0.0
1776452580931864330,8409,0.0,0.9,0.064,0.4,0.1,-0.08,-0.0,-0.06,3.0,0.0,-0.01,-0.33,-0.12,-0.0,-0.06,166.87,200.0,0.0,0.0,0.0,0.0
1776452581034254267,8509,0.0,1.0,0.0,0.3,0.06,-0.23,-0.0,-0.06,3.0,0.01,0.01,-0.35,-0.06,-0.06,0.06,166.87,200.0,0.0,0.0,0.0,0.0
1776452581132563883,8609,0.0,1.3,0.072,0.2,-0.08,-0.12,-0.0,-0.06,3.0,0.0,-0.0,-0.32,0.12,0.06,0.06,166.87,197.0,0.0,0.0,0.0,0.0
1776452581234963114,8709,0.0,1.4,0.068,0.3,0.06,-0.18,-0.0,-0.06,3.0,0.0,-0.01,-0.34,0.06,0.06,0.06,165.67,198.0,0.0,0.0,0.0,0.0
1776452581333206640,8809,0.084,0.2,0.06,0.6,-0.1,-0.02,-0.0,-0.06,3.0,0.0,-0.0,-0.32,-0.0,-0.0,0.12,167.9,198.0,0.0,0.0,0.0,0.0
1776452581431532423,8909,0.0,0.9,0.0,1.5,-0.04,0.06,-0.0,-0.06,3.0,0.0,-0.0,-0.31,-0.06,0.06,0.0,166.87,181.0,0.0,0.0,0.0,0.0
1776452581533942913,9009,0.088,0.2,0.0,1.7,-0.06,-0.1,-0.0,-0.06,3.0,0.0,-0.0,-0.31,0.06,-0.19,-0.06,166.87,181.0,0.0,0.0,0.0,0.0
1776452581632255140,9109,0.092,0.1,0.0,1.6,-0.02,-0.06,-0.0,-0.06,3.0,0.0,-0.01,-0.34,-0.0,0.06,0.0,166.87,193.0,0.0,0.0,0.0,0.0
1776452581730483871,9208,0.092,0.3,0.0,1.6,0.02,-0.12,-0.0,-0.06,3.0,0.0,-0.0,-0.34,0.12,-0.06,-0.19,166.87,189.0,0.0,0.0,0.0,0.0
1776452581832932193,9309,0.092,0.1,0.0,1.7,-0.02,-0.04,-0.0,-0.06,3.0,0.0,-0.01,-0.33,-0.06,-0.0,0.0,166.87,189.0,0.0,0.0,0.0,0.0
1776452581935321035,9410,0.088,0.1,0.064,0.2,0.0,-0.1,-0.0,-0.06,3.0,-0.01,-0.0,-0.36,-0.0,0.06,-0.12,166.87,187.0,0.0,0.0,0.0,0.0
1776452582033617985,9509,0.0,1.3,0.056,0.3,-0.06,-0.06,-0.0,-0.06,3.0,0.01,-0.01,-0.34,0.06,0.12,0.12,166.87,205.0,0.0,0.0,0.0,0.0
1776452582136012363,9610,0.0,1.2,0.06,0.2,0.16,0.06,-0.0,-0.06,3.0,0.0,-0.0,-0.31,-0.12,0.25,0.06,166.87,205.0,0.0,0.0,0.0,0.0
1776452582234311349,9711,0.0,0.7,0.068,1.2,0.1,-0.18,-0.0,-0.06,3.0,0.0,-0.0,-0.33,-0.0,0.06,0.0,166.87,194.0,0.0,0.0,0.0,0.0
1776452582332531745,9810,0.096,0.1,0.0,1.5,0.18,-0.14,-0.0,-0.06,3.0,0.0,-0.01,-0.34,-0.06,-0.19,0.0,166.87,189.0,0.0,0.0,0.0,0.0
1776452582434982250,9910,0.0,1.4,0.064,0.5,0.1,-0.1,-0.0,-0.06,3.0,0.01,-0.0,-0.34,0.06,-0.12,-0.06,167.9,189.0,0.0,0.0,0.0,0.0
1776452582537403442,10011,0.0,1.2,0.072,0.0,0.06,-0.18,-0.0,-0.06,3.0,0.01,-0.0,-0.32,-0.0,-0.12,0.0,166.7,187.0,0.0,0.0,0.0,0.0
1776452582635695076,10112,0.0,1.3,0.0,0.9,0.0,-0.12,-0.0,-0.06,3.0,0.0,-0.01,-0.34,-0.0,-0.0,0.0,166.87,191.0,0.0,0.0,0.0,0.0
1776452582738090640,10212,0.088,0.2,0.0,1.1,0.1,-0.02,-0.0,-0.06,3.0,0.0,-0.0,-0.35,-0.06,-0.06,0.0,166.87,191.0,0.0,0.0,0.0,0.0
1776452582836385274,10312,0.084,0.2,0.0,1.1,-0.02,-0.12,-0.0,-0.06,3.0,0.01,-0.0,-0.34,0.12,-0.12,-0.06,166.87,201.0,0.0,0.0,0.0,0.0
1776452582944722024,10412,0.088,0.3,0.06,0.3,0.02,0.0,-0.0,-0.06,3.0,0.01,-0.0,-0.34,-0.06,0.19,0.06,166.87,201.0,0.0,0.0,0.0,0.0
1776452583037085877,10512,0.0,1.0,0.06,0.2,0.18,-0.02,-0.0,-0.06,3.0,0.02,-0.0,-0.34,-0.0,-0.0,0.0,166.87,202.0,0.0,0.0,0.0,0.0
1776452583135378510,10611,0.0,0.7,0.064,0.2,0.04,-0.12,-0.0,-0.06,3.0,0.0,0.01,-0.32,-0.12,-0.0,0.0,166.18,182.0,0.0,0.0,0.0,0.0
1776452583237740462,10711,0.0,0.2,0.0,1.5,-0.08,0.02,-0.0,-0.06,3.0,0.0,-0.0,-0.35,-0.0,-0.06,0.06,166.7,182.0,0.0,0.0,0.0,0.0
1776452583336058927,10811,0.092,-0.1,0.068,0.4,0.14,-0.08,-0.0,-0.06,3.0,0.02,-0.01,-0.34,-0.06,0.06,0.0,166.7,188.0,0.0,0.0,0.0,0.0
1776452583434372707,10911,0.0,0.4,0.06,0.2,0.14,-0.06,-0.0,-0.06,3.0,0.02,-0.0,-0.34,-0.12,0.06,0.0,166.87,193.0,0.0,0.0,0.0,0.0
1776452583536775287,11011,0.0,0.1,0.0,1.6,0.16,0.02,-0.0,-0.06,3.0,0.0,0.02,-0.33,-0.0,-0.0,0.06,166.87,193.0,0.0,0.0,0.0,0.0
1776452583635056272,11111,0.088,1.0,0.0,1.1,0.02,-0.02,-0.0,-0.06,3.0,0.0,-0.0,-0.33,0.06,-0.0,-0.06,166.87,209.0,0.0,0.0,0.0,0.0
1776452583737449482,11211,0.08,0.2,0.068,1.6,0.08,-0.08,-0.0,-0.06,3.0,0.0,-0.01,-0.33,-0.12,0.12,-0.12,166.87,209.0,0.0,0.0,0.0,0.0
1776452583835746911,11311,0.088,0.1,0.0,1.4,0.04,0.02,-0.0,-0.06,3.0,0.0,-0.0,-0.35,0.06,0.06,-0.12,166.87,193.0,0.0,0.0,0.0,0.0
1776452583938136898,11411,0.088,0.2,0.0,1.6,0.14,-0.02,-0.0,-0.06,3.0,0.01,-0.01,-0.34,-0.06,-0.0,-0.12,166.87,213.0,0.0,0.0,0.0,0.0
1776452584036435253,11511,0.088,0.1,0.0,1.5,0.14,-0.16,-0.0,-0.06,3.0,0.0,-0.01,-0.37,0.12,-0.0,0.0,166.87,213.0,0.0,0.0,0.0,0.0
1776452584138837961,11611,0.092,0.5,0.0,1.6,0.14,-0.18,-0.0,-0.06,3.0,0.0,-0.0,-0.35,-0.0,-0.12,0.0,166.87,197.0,0.0,0.0,0.0,0.0
1776452584237093704,11711,0.096,0.1,0.0,1.4,0.04,0.06,-0.0,-0.06,3.0,0.0,-0.0,-0.35,-0.06,-0.06,-0.06,166.87,205.0,0.0,0.0,0.0,0.0
1776452584335384854,11810,0.092,0.2,0.0,1.3,0.08,0.04,-0.0,-0.06,3.0,0.0,-0.03,-0.38,-0.06,-0.06,-0.12,166.87,205.0,0.0,0.0,0.0,0.0
1776452584437801599,11911,0.08,0.2,0.0,1.4,0.08,0.0,-0.0,-0.06,3.0,-0.01,-0.02,-0.35,-0.0,0.06,0.0,166.87,204.0,0.0,0.0,0.0,0.0
1776452584536138729,12011,0.084,0.1,0.0,1.6,0.1,0.0,-0.0,-0.06,3.0,0.0,-0.0,-0.34,0.06,0.06,0.0,166.87,202.0,0.0,0.0,0.0,0.0
1776452584638530548,12111,0.088,0.3,0.0,0.3,0.04,0.1,-0.0,-0.06,3.0,0.0,-0.0,-0.35,0.06,0.06,0.06,166.87,202.0,0.0,0.0,0.0,0.0
1776452584736805643,12211,0.0,1.2,0.072,0.3,-0.12,-0.04,-0.0,-0.06,3.0,0.02,-0.0,-0.34,-0.0,-0.12,0.12,170.99,185.0,0.0,0.0,0.0,0.0
1776452584835066090,12311,0.0,0.1,0.0,1.2,0.0,0.04,-0.0,-0.06,3.0,0.0,0.01,-0.34,0.06,0.12,-0.12,166.87,200.0,0.0,0.0,0.0,0.0
1776452584937495408,12411,0.088,0.2,0.0,1.5,0.1,0.0,-0.0,-0.06,3.0,0.01,-0.01,-0.35,0.06,-0.06,-0.12,166.7,200.0,0.0,0.0,0.0,0.0
1776452585035750911,12511,0.088,0.2,0.0,0.1,0.1,-0.14,-0.0,-0.06,3.0,0.0,-0.03,-0.34,-0.12,-0.0,0.06,166.87,196.0,0.0,0.0,0.0,0.0
1776452585138226042,12611,0.0,1.2,0.068,0.0,-0.04,-0.04,-0.0,-0.06,3.0,0.0,-0.0,-0.33,-0.06,-0.06,-0.06,166.7,196.0,0.0,0.0,0.0,0.0
1776452585236495728,12710,0.0,1.3,0.06,0.2,0.02,0.0,-0.0,-0.06,3.0,0.02,-0.0,-0.36,-0.0,0.12,0.12,166.87,195.0,0.0,0.0,0.0,0.0
1776452585338830159,12810,0.0,0.9,0.072,0.2,-0.04,-0.08,-0.0,-0.06,3.0,0.01,-0.01,-0.35,-0.0,0.06,-0.06,166.87,204.0,0.0,0.0,0.0,0.0
1776452585437138362,12910,0.0,1.3,0.072,0.4,0.04,-0.14,-0.0,-0.06,3.0,0.0,-0.0,-0.35,-0.0,-0.06,0.06,166.87,204.0,0.0,0.0,0.0,0.0
1776452585535467917,13009,0.0,1.4,0.068,0.0,0.1,-0.06,-0.0,-0.06,3.0,0.0,-0.0,-0.34,0.06,-0.06,0.06,166.87,209.0,0.0,0.0,0.0,0.0
1776452585637869438,13109,0.0,-0.1,0.0,1.2,0.08,-0.16,-0.0,-0.06,3.0,0.0,-0.0,-0.35,-0.06,-0.0,0.12,167.38,184.0,0.0,0.0,0.0,0.0
1776452585736167938,13209,0.0,0.8,0.0,0.3,0.23,-0.06,-0.0,-0.06,3.0,0.01,0.01,-0.33,-0.12,0.06,0.0,171.5,184.0,0.0,0.0,0.0,0.0
1776452585834459827,13308,0.092,0.6,0.0,1.2,0.08,-0.18,-0.0,-0.06,3.0,0.0,-0.0,-0.35,-0.06,0.12,0.0,171.5,194.0,0.0,0.0,0.0,0.0
1776452585936854293,13409,0.092,0.2,0.0,1.3,0.21,-0.04,-0.0,-0.06,3.0,0.01,-0.0,-0.31,-0.0,-0.0,0.06,171.5,194.0,0.0,0.0,0.0,0.0
1776452586035149238,13509,0.092,0.3,0.0,1.0,0.02,0.0,-0.0,-0.06,3.0,0.0,-0.0,-0.34,-0.12,0.06,-0.06,167.38,198.0,0.0,0.0,0.0,0.0
1776452586137591201,13609,0.092,0.2,0.06,0.3,0.2,0.02,-0.0,-0.06,3.0,0.02,-0.0,-0.38,-0.44,0.5,0.06,167.38,195.0,0.0,0.0,0.0,0.0
1776452586235817999,13709,0.0,0.6,0.064,0.2,0.16,0.04,-0.0,-0.06,3.0,-0.07,0.03,-0.34,-0.06,0.12,0.12,167.38,195.0,0.0,0.0,0.0,0.0
1776452586338186742,13809,0.0,0.9,0.056,0.3,0.23,-0.16,0.12,-0.12,2.94,0.27,0.04,-0.47,-2.44,1.63,4.69,172.19,209.0,0.0,0.0,0.0,0.0
1776452586436495203,13910,0.08,0.0,0.0,1.4,0.02,-0.14,0.5,-0.12,3.0,-0.38,-0.13,-0.33,0.19,-0.12,0.06,172.19,196.0,0.0,0.0,0.0,0.0
1776452586538930241,14010,0.0,1.5,0.052,0.2,0.08,-0.08,0.69,-0.12,2.81,0.58,0.31,-0.28,-2.06,0.81,7.38,168.58,196.0,0.0,0.0,0.0,0.0
1776452586637226906,14110,0.0,1.0,0.072,0.3,-0.14,-0.02,2.19,-0.12,2.69,0.15,-0.12,-0.47,-0.31,0.63,22.5,168.07,199.0,0.0,0.0,0.0,0.0
1776452586739619778,14211,0.0,0.2,0.0,1.5,0.2,-0.1,4.0,-0.06,2.75,-0.49,-0.13,-0.32,-0.12,-0.12,11.69,168.07,190.0,0.0,0.0,0.0,0.0
1776452586837915407,14311,0.08,0.2,0.0,0.2,0.21,-0.04,4.69,-0.06,2.81,-0.1,-0.05,-0.42,-0.31,0.63,2.31,168.07,190.0,0.0,0.0,0.0,0.0
1776452586940311723,14412,0.0,1.3,0.0,1.3,0.27,-0.04,5.31,-0.06,2.63,0.76,0.24,-0.38,-2.88,-0.0,17.12,172.19,202.0,0.0,0.0,0.0,0.0
1776452587042695151,14513,0.088,0.2,0.0,1.1,-0.08,0.06,7.5,-0.06,2.56,-0.15,-0.17,-0.29,0.25,1.0,25.69,167.38,211.0,0.0,0.0,0.0,0.0
1776452587141002500,14614,0.08,0.1,0.0,0.5,0.1,-0.04,9.88,-0.0,2.44,0.01,0.07,-0.34,-2.13,0.75,22.94,171.5,211.0,0.0,0.0,0.0,0.0
1776452587239315867,14713,0.0,0.7,0.0,1.6,0.06,0.02,12.13,-0.0,2.19,0.27,-0.02,-0.35,-1.69,0.81,24.25,166.87,185.0,0.0,0.0,0.0,0.0
1776452587341665498,14813,0.08,0.0,0.0,1.3,0.0,-0.02,14.5,0.06,2.0,0.04,-0.03,-0.27,-1.44,0.12,23.56,167.9,185.0,0.0,0.0,0.0,0.0
1776452587439946904,14914,0.088,1.1,0.072,0.4,0.1,0.12,16.62,0.12,1.75,0.21,-0.01,-0.33,-1.44,0.06,19.44,166.36,205.0,0.0,0.0,0.0,0.0
1776452587542387828,15013,0.0,1.4,0.0,1.3,0.1,0.0,18.31,0.19,1.63,0.08,-0.06,-0.32,-1.94,-0.5,16.19,167.21,188.0,0.0,0.0,0.0,0.0
1776452587640666252,15114,0.076,0.3,0.0,1.1,0.0,-0.04,19.75,0.25,1.44,0.06,-0.04,-0.34,-0.37,-1.25,12.94,166.18,188.0,0.0,0.0,0.0,0.0
1776452587743074604,15214,0.084,0.2,0.0,0.6,0.08,-0.08,20.81,0.44,1.37,-0.08,-0.0,-0.33,-0.81,-1.25,8.38,166.18,204.0,0.0,0.0,0.0,0.0
1776452587841363824,15314,0.0,0.6,0.0,1.4,0.08,-0.16,21.5,0.56,1.37,-0.09,0.01,-0.28,-1.94,-0.88,5.81,166.18,194.0,0.0,0.0,0.0,0.0
1776452587943770897,15414,0.088,0.1,0.0,1.5,0.0,-0.12,22.06,0.63,1.25,0.14,0.01,-0.34,-0.75,-1.06,5.38,166.18,194.0,0.0,0.0,0.0,0.0
1776452588042060914,15514,0.08,0.3,0.0,1.4,0.1,-0.04,22.56,0.75,1.31,-0.16,0.02,-0.34,1.37,-1.25,5.69,165.67,198.0,0.0,0.0,0.0,0.0
1776452588140347762,15613,0.084,1.3,0.0,0.3,-0.06,-0.02,23.19,0.88,1.37,-0.07,0.06,-0.35,-0.5,-0.75,7.06,166.18,193.0,0.0,0.0,0.0,0.0
1776452588242762038,15714,0.0,0.0,0.068,0.2,0.06,-0.18,23.87,0.94,1.5,-0.2,-0.01,-0.31,1.63,-0.94,6.38,166.18,193.0,0.0,0.0,0.0,0.0
1776452588341008887,15814,0.0,0.1,0.0,1.3,0.02,-0.08,24.37,1.0,1.63,-0.08,-0.01,-0.29,-0.37,-0.25,4.38,166.18,199.0,0.0,0.0,0.0,0.0
1776452588443449625,15913,0.0,1.1,0.052,0.5,-0.04,-0.06,24.75,1.0,1.69,0.0,0.01,-0.42,2.5,-0.44,3.56,170.3,199.0,0.0,0.0,0.0,0.0
1776452588541752029,16014,0.0,0.7,0.0,1.5,0.02,-0.04,25.06,1.0,2.0,-0.2,-0.06,-0.28,1.25,-0.31,3.13,170.3,179.0,0.0,0.0,0.0,0.0
1776452588644142453,16114,0.0,1.2,0.0,1.2,0.02,0.0,25.31,1.0,2.06,0.11,0.02,-0.32,-0.25,-0.37,2.19,170.47,217.0,0.0,0.0,0.0,0.0
1776452588742433264,16215,0.08,0.4,0.0,1.2,0.08,-0.04,25.5,1.06,2.31,-0.25,-0.0,-0.34,4.81,-0.63,1.69,170.3,217.0,0.0,0.0,0.0,0.0
1776452588844823986,16315,0.084,0.1,0.0,0.3,0.0,-0.2,25.62,1.12,2.81,-0.26,-0.0,-0.33,0.56,-0.19,1.06,166.18,194.0,0.0,0.0,0.0,0.0
1776452588943145907,16415,0.0,0.9,0.064,0.3,0.0,0.0,25.69,1.12,2.94,-0.08,0.03,-0.34,0.94,0.31,0.37,169.79,201.0,0.0,0.0,0.0,0.0
1776452589045523609,16515,0.0,0.7,0.06,0.3,0.04,-0.14,25.69,1.12,2.88,0.2,-0.0,-0.4,0.06,0.12,0.06,170.3,201.0,0.0,0.0,0.0,0.0
1776452589143808715,16615,0.0,0.6,0.06,0.3,0.04,-0.1,25.69,1.12,3.19,-0.13,-0.01,-0.28,2.38,0.56,-0.44,165.67,204.0,0.0,0.0,0.0,0.0
1776452589242119395,16714,0.0,0.1,0.06,0.3,0.14,0.04,25.69,1.12,3.25,0.09,-0.02,-0.31,-0.5,-0.31,-0.25,169.27,200.0,0.0,0.0,0.0,0.0
1776452589344480727,16815,0.0,1.5,0.052,0.5,0.06,-0.21,25.69,1.12,3.31,0.05,0.02,-0.34,1.63,0.44,-0.06,164.98,200.0,0.0,0.0,0.0,0.0
1776452589442755277,16915,0.0,0.2,0.0,1.1,0.14,-0.02,25.75,1.12,3.44,-0.09,0.02,-0.38,1.81,0.44,0.81,164.98,189.0,0.0,0.0,0.0,0.0
1776452589545211366,17015,0.084,0.2,0.0,1.1,0.04,-0.08,25.81,1.12,3.63,-0.11,-0.04,-0.42,-0.0,-0.19,0.81,169.1,197.0,0.0,0.0,0.0,0.0
1776452589643494250,17115,0.08,0.2,0.0,1.1,0.02,0.06,25.87,1.12,3.81,-0.15,-0.02,-0.26,-0.81,-0.06,0.56,169.1,197.0,0.0,0.0,0.0,0.0
1776452589745891636,17215,0.084,0.3,0.0,0.1,0.2,-0.08,25.94,1.12,3.69,0.11,0.02,-0.35,0.06,-0.63,0.31,169.1,194.0,0.0,0.0,0.0,0.0
1776452589844220778,17314,0.0,0.3,0.0,1.5,0.0,0.04,25.94,1.12,3.69,-0.15,0.02,-0.29,0.63,0.69,0.06,169.27,194.0,0.0,0.0,0.0,0.0
1776452589942478014,17414,0.084,0.3,0.072,0.1,-0.1,-0.1,25.94,1.12,3.75,-0.03,-0.02,-0.34,-0.75,0.37,0.12,169.1,191.0,0.0,0.0,0.0,0.0
1776452590044885196,17514,0.0,1.5,0.076,0.3,0.16,0.06,25.94,1.12,3.69,-0.06,0.02,-0.29,-0.25,0.5,0.81,169.1,181.0,0.0,0.0,0.0,0.0
1776452590143174949,17613,0.0,1.1,0.0,1.2,0.06,0.02,26.0,1.06,3.56,0.34,-0.05,-0.31,-2.75,-0.12,1.37,169.1,181.0,0.0,0.0,0.0,0.0
1776452590241432073,17713,0.08,0.3,0.0,1.2,0.06,-0.14,26.12,1.06,3.44,-0.21,0.02,-0.33,1.88,1.06,0.81,164.98,223.0,0.0,0.0,0.0,0.0
1776452590343835161,17813,0.076,0.2,0.072,0.5,0.08,0.02,26.19,0.94,3.44,0.06,-0.1,-0.31,-3.25,0.12,1.63,169.1,213.0,0.0,0.0,0.0,0.0
1776452590442126784,17912,0.0,0.7,0.0,1.4,0.08,0.06,26.44,1.0,3.25,0.05,-0.02,-0.38,0.12,0.06,2.06,169.1,213.0,0.0,0.0,0.0,0.0
1776452590540429592,18012,0.096,0.2,0.0,1.4,0.18,-0.1,26.56,0.94,3.31,-0.38,-0.04,-0.25,-0.44,1.0,1.06,164.98,211.0,0.0,0.0,0.0,0.0
1776452590642844051,18112,0.096,0.0,0.076,0.2,0.1,-0.1,26.69,0.88,3.25,0.12,-0.02,-0.35,-2.31,-0.31,1.63,164.98,211.0,0.0,0.0,0.0,0.0
1776452590741147988,18211,0.0,1.4,0.064,0.2,-0.02,-0.04,26.87,0.88,3.19,-0.23,-0.0,-0.32,-0.12,0.81,1.44,169.1,191.0,0.0,0.0,0.0,0.0
1776452590839429815,18311,0.0,1.2,0.064,0.3,0.12,-0.1,27.0,0.88,3.25,-0.09,-0.02,-0.34,-1.25,0.37,1.94,169.61,190.0,0.0,0.0,0.0,0.0
1776452590941879309,18411,0.0,0.3,0.0,1.1,0.08,-0.04,27.19,0.88,3.13,0.1,-0.06,-0.34,-1.25,-0.0,2.0,165.67,190.0,0.0,0.0,0.0,0.0
1776452591040144581,18510,0.0,0.7,0.068,0.2,0.04,0.0,27.37,0.88,3.06,0.02,-0.05,-0.32,-1.44,0.44,1.5,165.67,202.0,0.0,0.0,0.0,0.0
1776452591142533354,18610,0.0,0.9,0.064,0.3,0.02,-0.1,27.5,0.88,3.0,-0.09,-0.0,-0.32,-0.06,0.5,1.56,169.79,198.0,0.0,0.0,0.0,0.0
1776452591240812476,18711,0.0,0.8,0.064,0.2,0.06,-0.08,27.62,0.81,2.94,0.0,-0.13,-0.32,-1.06,0.31,1.31,169.61,198.0,0.0,0.0,0.0,0.0
1776452591339097709,18810,0.0,0.1,0.0,0.3,0.02,0.06,27.75,0.81,2.81,0.28,-0.06,-0.31,-1.94,-0.31,0.88,169.79,201.0,0.0,0.0,0.0,0.0
1776452591441513018,18910,0.0,1.2,0.064,0.5,0.02,-0.16,27.81,0.81,2.5,0.26,-0.01,-0.33,-0.69,0.31,0.75,165.67,194.0,0.0,0.0,0.0,0.0
1776452591539809621,19011,0.0,1.3,0.068,0.2,0.04,-0.12,27.87,0.81,2.38,0.01,-0.03,-0.31,-0.31,0.94,0.5,165.5,194.0,0.0,0.0,0.0,0.0
1776452591642213059,19110,0.0,1.3,0.072,0.3,0.02,-0.12,27.87,0.69,2.31,-0.06,-0.04,-0.35,-0.0,1.06,0.44,165.67,195.0,0.0,0.0,0.0,0.0
1776452591740503792,19210,0.0,1.5,0.06,0.5,0.08,-0.08,27.94,0.63,2.19,0.26,-0.1,-0.34,-2.44,0.06,0.94,166.18,185.0,0.0,0.0,0.0,0.0
1776452591842882936,19311,0.0,0.4,0.0,1.0,0.1,-0.1,28.06,0.63,2.06,0.11,-0.03,-0.33,-1.19,0.88,0.94,162.07,185.0,0.0,0.0,0.0,0.0
1776452591941195242,19410,0.0,0.5,0.0,1.6,-0.02,-0.18,28.12,0.56,2.0,-0.08,0.01,-0.37,0.19,0.88,1.25,166.18,192.0,0.0,0.0,0.0,0.0
1776452592043597810,19511,0.088,0.2,0.0,1.6,-0.1,-0.12,28.25,0.44,2.0,-0.08,-0.11,-0.35,-1.88,0.56,1.44,166.18,192.0,0.0,0.0,0.0,0.0
1776452592141898634,19611,0.092,0.2,0.0,0.3,0.18,0.02,28.37,0.44,1.94,-0.08,-0.06,-0.36,-0.56,0.31,1.25,166.18,212.0,0.0,0.0,0.0,0.0
1776452592240174588,19710,0.0,0.5,0.0,1.1,0.06,0.12,28.5,0.37,1.88,0.03,-0.06,-0.34,-1.06,-0.31,0.88,166.18,205.0,0.0,0.0,0.0,0.0
1776452592342540582,19811,0.084,0.0,0.0,1.1,0.21,-0.2,28.5,0.37,1.88,-0.12,-0.05,-0.36,-0.19,0.31,0.12,166.18,205.0,0.0,0.0,0.0,0.0
1776452592440841221,19911,0.08,0.3,0.0,1.0,0.18,-0.27,28.5,0.31,2.0,-0.21,-0.1,-0.28,-0.94,1.19,-0.12,166.18,208.0,0.0,0.0,0.0,0.0
1776452592543271547,20012,0.0,1.1,0.056,0.3,0.12,-0.06,28.56,0.31,1.88,0.32,-0.0,-0.34,-0.5,-0.88,0.75,166.18,189.0,0.0,0.0,0.0,0.0
1776452592645670262,20112,0.0,0.4,0.0,0.3,0.12,-0.2,28.56,0.25,1.81,-0.06,-0.0,-0.33,0.37,1.56,0.88,166.18,189.0,0.0,0.0,0.0,0.0
1776452592744001548,20213,0.0,0.3,0.0,1.1,0.02,-0.02,28.75,0.19,1.69,0.29,-0.11,-0.34,-1.69,0.06,2.13,166.18,185.0,0.0,0.0,0.0,0.0
1776452592846352116,20313,0.084,0.0,0.0,1.1,0.02,-0.1,28.94,0.12,1.63,0.03,-0.0,-0.34,-0.12,0.94,1.75,161.04,194.0,0.0,0.0,0.0,0.0
1776452592944664921,20413,0.088,0.4,0.0,1.1,0.14,-0.04,29.06,0.06,1.69,-0.16,-0.01,-0.32,1.06,1.06,0.88,166.18,194.0,0.0,0.0,0.0,0.0
1776452593042919431,20513,0.076,0.3,0.0,1.4,0.12,-0.1,29.06,-0.0,1.69,0.04,-0.14,-0.34,-1.25,0.19,0.56,166.18,208.0,0.0,0.0,0.0,0.0
1776452593145357126,20613,0.08,0.1,0.0,0.6,0.16,0.06,29.06,-0.0,1.63,0.11,-0.01,-0.34,-0.5,0.25,-0.31,166.18,208.0,0.0,0.0,0.0,0.0
1776452593243657670,20713,0.0,0.9,0.068,0.3,0.14,-0.14,29.06,-0.0,1.56,0.13,-0.02,-0.31,0.12,0.63,-0.19,166.18,193.0,0.0,0.0,0.0,0.0
1776452593346010571,20813,0.0,0.9,0.0,1.4,0.04,-0.06,29.06,-0.12,1.56,0.04,-0.03,-0.35,0.94,0.69,0.06,166.18,193.0,0.0,0.0,0.0,0.0
1776452593444490999,20913,0.0,0.6,0.068,0.4,0.04,-0.12,29.06,-0.19,1.75,-0.17,-0.09,-0.31,0.44,0.75,-0.25,166.18,193.0,0.0,0.0,0.0,0.0
1776452593546727051,21014,0.0,0.1,0.0,1.5,0.1,-0.1,29.06,-0.25,1.69,0.11,-0.06,-0.34,-0.88,-0.31,-0.31,166.18,192.0,0.0,0.0,0.0,0.0
1776452593645040855,21113,0.092,0.1,0.0,1.5,0.1,-0.06,29.06,-0.25,1.69,0.01,-0.02,-0.35,0.5,0.37,-0.5,166.18,185.0,0.0,0.0,0.0,0.0
1776452593747432754,21214,0.096,0.1,0.0,1.5,0.08,0.04,29.06,-0.25,1.69,0.07,-0.09,-0.3,-0.56,0.12,-0.37,166.18,185.0,0.0,0.0,0.0,0.0
1776452593845716318,21314,0.088,0.6,0.064,0.5,0.04,-0.04,29.06,-0.25,1.44,0.23,-0.0,-0.36,0.12,-0.25,-0.81,166.18,193.0,0.0,0.0,0.0,0.0
1776452593948117365,21414,0.0,1.2,0.06,0.5,0.12,-0.12,28.94,-0.31,1.44,0.06,-0.03,-0.3,-0.12,0.12,-1.81,166.18,181.0,0.0,0.0,0.0,0.0
1776452594046416298,21514,0.0,1.2,0.0,0.9,0.1,-0.06,28.75,-0.31,1.5,-0.18,-0.04,-0.28,1.56,0.44,-1.06,167.21,181.0,0.0,0.0,0.0,0.0
1776452594148802030,21615,0.088,0.2,0.0,1.3,0.1,-0.12,28.69,-0.31,1.56,-0.02,-0.06,-0.33,-0.31,0.31,-0.75,166.18,203.0,0.0,0.0,0.0,0.0
1776452594247107795,21714,0.08,0.2,0.0,1.2,0.1,-0.02,28.62,-0.31,1.44,0.18,-0.04,-0.33,-0.75,-0.06,-0.37,167.21,203.0,0.0,0.0,0.0,0.0
1776452594349497323,21815,0.08,0.3,0.0,1.1,-0.04,-0.04,28.62,-0.31,1.44,0.03,-0.07,-0.36,0.31,0.19,-0.06,169.79,202.0,0.0,0.0,0.0,0.0
1776452594447767756,21915,0.084,0.2,0.0,1.3,-0.04,-0.14,28.62,-0.37,1.37,0.09,-0.07,-0.32,-1.5,-0.25,0.0,169.79,195.0,0.0,0.0,0.0,0.0
1776452594550187580,22016,0.084,0.3,0.0,1.5,0.14,0.02,28.62,-0.37,1.31,0.01,-0.03,-0.32,0.19,-0.5,0.12,165.67,195.0,0.0,0.0,0.0,0.0
1776452594648480382,22116,0.084,0.0,0.0,1.6,0.14,-0.08,28.62,-0.37,1.31,0.04,-0.02,-0.34,-0.69,-0.56,0.06,167.21,213.0,0.0,0.0,0.0,0.0
1776452594750874669,22217,0.0,1.1,0.0,1.0,0.14,-0.02,28.62,-0.37,1.31,-0.11,-0.04,-0.34,0.5,-0.06,0.37,162.07,187.0,0.0,0.0,0.0,0.0
1776452594849188694,22317,0.088,0.7,0.064,0.2,0.16,0.06,28.69,-0.37,1.25,0.07,-0.03,-0.31,-1.0,-0.12,1.0,166.18,187.0,0.0,0.0,0.0,0.0
1776452594951572203,22418,0.0,0.5,0.068,0.2,0.02,0.08,28.81,-0.37,1.25,0.01,-0.0,-0.36,-0.12,-0.12,1.37,166.18,190.0,0.0,0.0,0.0,0.0
1776452595049864450,22517,0.0,1.0,0.0,1.5,0.21,-0.02,28.94,-0.37,1.31,-0.18,-0.05,-0.27,-0.31,0.06,1.44,166.18,193.0,0.0,0.0,0.0,0.0
1776452595152245236,22618,0.084,1.1,0.0,1.2,0.08,0.02,29.12,-0.37,1.12,0.22,-0.0,-0.37,-1.19,-0.44,2.19,166.87,193.0,0.0,0.0,0.0,0.0
1776452595250549630,22718,0.08,0.5,0.084,0.9,-0.1,-0.14,29.31,-0.37,1.25,-0.37,-0.05,-0.31,1.5,-0.06,1.56,170.3,208.0,0.0,0.0,0.0,0.0
1776452595348823839,22817,0.08,0.3,0.0,0.8,0.0,0.08,29.37,-0.37,1.37,-0.04,-0.03,-0.31,-0.69,-0.06,0.81,166.7,208.0,0.0,0.0,0.0,0.0
1776452595451238217,22917,0.0,0.9,0.0,0.8,0.06,0.04,29.44,-0.37,1.37,-0.12,-0.03,-0.28,-0.25,-0.19,0.63,170.99,200.0,0.0,0.0,0.0,0.0
1776452595549571665,23017,0.0,0.2,0.0,1.1,-0.04,-0.04,29.44,-0.37,1.37,0.15,-0.01,-0.31,-2.25,-0.25,0.56,167.38,184.0,0.0,0.0,0.0,0.0
1776452595651928100,23117,0.084,0.7,0.068,0.5,0.0,-0.14,29.56,-0.37,1.25,0.11,-0.04,-0.36,0.31,0.06,1.06,166.18,184.0,0.0,0.0,0.0,0.0
1776452595760297385,23218,0.0,0.7,0.064,0.3,0.1,-0.2,29.69,-0.44,1.19,0.16,-0.02,-0.34,-1.06,-0.12,1.5,166.87,195.0,0.0,0.0,0.0,0.0
1776452595852630483,23319,0.0,0.6,0.0,1.5,0.06,-0.1,29.81,-0.44,1.12,0.0,-0.03,-0.37,0.56,-0.06,1.88,166.7,196.0,0.0,0.0,0.0,0.0
1776452595950935470,23418,0.084,0.2,0.0,1.4,0.06,0.02,30.0,-0.44,1.12,0.01,-0.03,-0.33,-0.81,-0.12,1.12,166.18,196.0,0.0,0.0,0.0,0.0
1776452596053317810,23518,0.0,0.4,0.0,1.0,0.1,-0.04,30.12,-0.37,1.0,0.38,0.01,-0.4,-0.19,-0.37,1.0,166.18,193.0,0.0,0.0,0.0,0.0
1776452596151613259,23618,0.084,0.0,0.0,1.1,0.18,-0.14,30.12,-0.37,0.94,0.02,-0.01,-0.33,-0.37,-0.63,0.0,166.18,192.0,0.0,0.0,0.0,0.0
1776452596254028524,23718,0.08,0.3,0.0,1.6,0.14,-0.08,30.12,-0.31,0.75,0.49,0.01,-0.33,-1.12,-0.56,0.44,166.7,192.0,0.0,0.0,0.0,0.0
1776452596352262918,23818,0.076,0.3,0.0,1.5,0.04,-0.16,30.12,-0.31,0.75,-0.26,-0.0,-0.26,3.19,0.44,-0.19,166.18,197.0,0.0,0.0,0.0,0.0
1776452596450566663,23918,0.076,1.2,0.072,0.2,0.02,-0.12,30.19,-0.31,0.69,0.13,0.03,-0.34,-0.31,-0.31,1.25,166.18,192.0,0.0,0.0,0.0,0.0
1776452596553001335,24017,0.0,1.3,0.072,0.1,0.14,-0.02,30.25,-0.31,0.75,-0.12,-0.01,-0.27,0.12,-0.06,0.69,166.18,192.0,0.0,0.0,0.0,0.0
1776452596651294246,24118,0.0,1.4,0.076,0.2,0.08,-0.06,30.31,-0.31,0.75,0.0,-0.06,-0.38,-0.06,-0.25,0.37,166.7,197.0,0.0,0.0,0.0,0.0
1776452596753680179,24218,0.0,1.2,0.068,0.3,-0.12,-0.02,30.31,-0.31,0.81,-0.2,-0.0,-0.37,1.94,0.19,-0.69,166.87,197.0,0.0,0.0,0.0,0.0
1776452596851982182,24317,0.0,1.3,0.0,1.2,0.12,-0.12,30.19,-0.37,1.06,-0.14,-0.08,-0.4,-1.25,0.25,-0.63,170.3,212.0,0.0,0.0,0.0,0.0
1776452596950285371,24417,0.084,0.4,0.064,0.5,0.16,-0.1,30.19,-0.37,1.0,0.09,0.01,-0.28,-0.88,-0.19,-0.25,166.87,199.0,0.0,0.0,0.0,0.0
1776452597052682192,24517,0.0,0.2,0.052,0.5,0.14,-0.12,30.19,-0.37,1.0,0.11,-0.0,-0.4,-0.5,0.63,-0.31,166.87,199.0,0.0,0.0,0.0,0.0
1776452597150968232,24616,0.088,0.2,0.0,0.2,0.12,0.02,30.19,-0.37,0.88,0.22,-0.01,-0.29,-0.44,0.81,0.5,166.7,193.0,0.0,0.0,0.0,0.0
1776452597253411754,24717,0.0,0.8,0.068,0.6,0.16,-0.18,30.25,-0.44,0.94,-0.04,0.04,-0.33,2.44,1.06,0.25,166.87,186.0,0.0,0.0,0.0,0.0
1776452597351650184,24817,0.0,0.7,0.0,1.4,0.12,0.04,30.25,-0.56,1.0,0.01,-0.15,-0.33,-0.0,0.88,0.69,166.7,186.0,0.0,0.0,0.0,0.0
1776452597449948465,24916,0.08,0.3,0.068,0.2,-0.04,0.06,30.31,-0.69,1.06,0.0,-0.06,-0.28,1.69,1.63,0.5,166.87,210.0,0.0,0.0,0.0,0.0
1776452597552367765,25016,0.0,1.2,0.0,1.0,0.0,-0.02,30.31,-0.81,1.19,0.05,-0.01,-0.3,0.31,1.31,0.19,165.67,197.0,0.0,0.0,0.0,0.0
1776452597650659676,25116,0.08,0.2,0.0,1.0,-0.08,0.0,30.31,-0.94,1.31,-0.06,-0.03,-0.48,0.37,0.12,0.69,170.99,197.0,0.0,0.0,0.0,0.0
1776452597748919272,25216,0.084,0.2,0.0,1.2,0.06,0.04,30.37,-0.94,1.37,-0.13,-0.13,-0.19,0.19,-1.0,1.12,167.38,189.0,0.0,0.0,0.0,0.0
1776452597851351776,25316,0.0,1.0,0.0,1.6,0.12,-0.12,30.5,-0.81,1.31,0.06,0.02,-0.42,-0.31,-0.88,0.5,167.38,189.0,0.0,0.0,0.0,0.0
1776452597959697226,25417,0.084,0.1,0.0,1.5,0.02,-0.02,30.5,-0.81,1.37,-0.06,-0.02,-0.32,0.31,-0.31,0.06,172.01,207.0,0.0,0.0,0.0,0.0
1776452598052048783,25517,0.0,1.1,0.0,1.3,-0.08,0.0,30.5,-0.81,1.37,0.05,-0.0,-0.36,-0.0,-0.5,-0.06,168.07,181.0,0.0,0.0,0.0,0.0
1776452598154438601,25618,0.084,0.1,0.0,1.3,0.0,-0.1,30.5,-0.81,1.44,-0.03,-0.0,-0.36,0.81,-0.0,-0.31,172.19,181.0,0.0,0.0,0.0,0.0
1776452598252736344,25718,0.076,0.1,0.0,1.2,-0.08,-0.02,30.5,-0.81,1.44,0.12,-0.0,-0.34,0.12,-0.19,-0.56,172.19,205.0,0.0,0.0,0.0,0.0
1776452598355076571,25818,0.0,0.7,0.064,0.2,-0.02,-0.1,30.44,-0.81,1.56,-0.05,-0.0,-0.32,2.25,0.44,-0.37,172.19,205.0,0.0,0.0,0.0,0.0
1776452598453370961,25919,0.0,0.2,0.0,1.3,0.04,0.02,30.44,-0.81,1.69,-0.05,-0.02,-0.25,1.12,0.88,0.06,172.19,205.0,0.0,0.0,0.0,0.0
1776452598555809353,26019,0.0,1.2,0.0,0.3,0.02,0.02,30.5,-0.88,1.69,0.19,-0.01,-0.35,0.31,0.25,1.0,172.19,191.0,0.0,0.0,0.0,0.0
1776452598654121854,26119,0.0,0.7,0.0,1.5,0.16,-0.12,30.56,-0.88,1.81,0.1,-0.02,-0.38,2.25,0.81,0.69,171.5,177.0,0.0,0.0,0.0,0.0
1776452598752404411,26219,0.084,0.3,0.0,1.4,0.23,-0.06,30.56,-1.0,2.0,0.1,-0.03,-0.39,2.25,0.94,-0.44,171.5,177.0,0.0,0.0,0.0,0.0
1776452598854806044,26318,0.0,1.1,0.072,0.3,0.08,-0.02,30.5,-1.12,2.38,-0.12,-0.0,-0.35,4.5,1.37,-1.37,170.99,202.0,0.0,0.0,0.0,0.0
1776452598953095416,26418,0.0,0.4,0.0,1.0,0.04,-0.04,30.31,-1.25,2.69,-0.03,-0.08,-0.33,0.75,1.12,-2.25,169.79,205.0,0.0,0.0,0.0,0.0
1776452599051337326,26518,0.084,0.2,0.0,1.4,-0.02,-0.08,30.12,-1.31,2.69,0.32,-0.02,-0.39,-0.25,-0.0,-2.06,166.18,205.0,0.0,0.0,0.0,0.0
1776452599153793660,26617,0.0,1.1,0.064,0.5,0.12,-0.2,29.94,-1.31,2.56,0.23,0.06,-0.46,2.44,1.19,-1.81,169.79,195.0,0.0,0.0,0.0,0.0
1776452599252046569,26717,0.0,0.9,0.068,0.5,-0.08,-0.1,29.81,-1.56,2.94,-0.32,0.01,-0.35,3.94,3.69,-1.37,169.1,195.0,0.0,0.0,0.0,0.0
1776452599354440738,26817,0.0,0.2,0.0,1.4,0.02,0.02,29.69,-1.94,3.13,-0.13,-0.14,-0.41,-1.88,2.06,-0.88,164.98,182.0,0.0,0.0,0.0,0.0
1776452599452756663,26917,0.084,1.2,0.068,0.2,0.14,-0.2,29.69,-2.13,3.19,-0.28,-0.1,-0.35,0.88,0.88,-0.5,164.98,192.0,0.0,0.0,0.0,0.0
1776452599555168721,27017,0.0,1.0,0.0,0.9,0.12,-0.08,29.56,-2.19,3.38,-0.21,-0.03,-0.34,0.12,0.19,-1.06,165.15,192.0,0.0,0.0,0.0,0.0
1776452599653469036,27117,0.088,0.2,0.0,1.0,0.0,-0.1,29.5,-2.25,3.38,0.0,-0.08,-0.38,-0.69,-0.06,-0.88,168.58,207.0,0.0,0.0,0.0,0.0
1776452599751751277,27217,0.076,0.1,0.0,1.0,0.12,-0.08,29.37,-2.25,3.31,-0.12,0.04,-0.4,1.06,-0.06,-0.81,164.47,197.0,0.0,0.0,0.0,0.0
1776452599854159038,27317,0.084,0.2,0.0,1.2,0.04,-0.08,29.31,-2.25,3.25,0.34,-0.04,-0.45,-1.88,-0.19,-0.37,165.5,197.0,0.0,0.0,0.0,0.0
1776452599952441539,27418,0.084,0.1,0.0,1.1,0.04,0.06,29.25,-2.25,3.19,0.18,-0.0,-0.36,-0.88,-0.44,-0.94,164.47,183.0,0.0,0.0,0.0,0.0
1776452600054831411,27517,0.084,0.5,0.064,0.3,0.08,0.02,29.19,-2.25,3.19,-0.08,0.02,-0.3,-0.81,0.25,-0.63,168.58,183.0,0.0,0.0,0.0,0.0
1776452600153150631,27618,0.0,0.9,0.056,0.1,0.06,0.04,29.19,-2.31,3.06,0.11,-0.09,-0.36,-1.0,0.06,-0.31,168.76,187.0,0.0,0.0,0.0,0.0
1776452600255549521,27718,0.0,0.7,0.064,0.7,0.04,-0.18,29.19,-2.31,2.94,0.27,-0.0,-0.32,-1.5,-0.37,-0.06,170.13,191.0,0.0,0.0,0.0,0.0
1776452600357914912,27819,0.0,0.2,0.0,1.3,0.04,-0.1,29.19,-2.25,2.75,-0.13,0.05,-0.37,1.5,0.56,-0.12,169.1,191.0,0.0,0.0,0.0,0.0
1776452600456238762,27919,0.084,0.1,0.0,0.2,0.21,-0.12,29.25,-2.31,2.69,0.06,-0.07,-0.33,-2.0,-0.12,1.06,169.1,208.0,0.0,0.0,0.0,0.0
1776452600558649485,28020,0.0,1.5,0.06,0.1,0.12,-0.04,29.44,-2.31,2.56,0.08,0.03,-0.38,0.31,-0.31,2.25,169.27,194.0,0.0,0.0,0.0,0.0
1776452600656889949,28120,0.0,0.3,0.0,1.3,0.21,0.0,29.62,-2.31,2.5,-0.08,-0.07,-0.32,-1.19,-0.0,2.25,169.27,194.0,0.0,0.0,0.0,0.0
1776452600755240742,28220,0.088,0.2,0.0,1.2,-0.08,0.04,29.87,-2.25,2.38,0.07,-0.03,-0.39,-0.81,-0.56,2.56,169.27,193.0,0.0,0.0,0.0,0.0
1776452600857628410,28319,0.0,0.7,0.0,1.3,0.08,-0.06,30.06,-2.25,2.38,-0.02,-0.05,-0.38,-1.69,-0.25,1.69,165.67,198.0,0.0,0.0,0.0,0.0
1776452600955921020,28419,0.084,0.1,0.0,1.5,0.18,-0.04,30.19,-2.25,2.25,-0.08,-0.01,-0.38,-0.88,-0.31,1.5,165.67,198.0,0.0,0.0,0.0,0.0
1776452601064286557,28519,0.088,0.1,0.0,1.4,0.1,-0.16,30.31,-2.25,2.13,-0.03,-0.0,-0.37,-1.19,-0.63,1.44,165.5,192.0,0.0,0.0,0.0,0.0
1776452601156603852,28619,0.0,1.2,0.08,0.2,-0.02,-0.16,30.44,-2.19,2.06,0.01,-0.0,-0.37,-1.06,-0.75,0.69,165.67,175.0,0.0,0.0,0.0,0.0
1776452601254900738,28719,0.0,1.1,0.0,1.0,0.06,-0.02,30.44,-2.19,1.94,0.19,0.01,-0.4,-1.88,-0.63,0.31,165.67,175.0,0.0,0.0,0.0,0.0
1776452601357246110,28819,0.084,0.1,0.0,1.4,0.12,0.02,30.44,-2.19,1.88,-0.07,0.04,-0.38,-0.25,-0.12,-0.12,169.27,209.0,0.0,0.0,0.0,0.0
1776452601455583866,28918,0.088,0.3,0.0,1.1,-0.04,-0.12,30.44,-2.19,1.81,-0.07,-0.01,-0.36,-0.94,-0.37,-0.25,166.01,209.0,0.0,0.0,0.0,0.0
1776452601557980662,29019,0.0,0.2,0.064,0.0,0.0,-0.12,30.44,-2.19,1.81,-0.15,-0.0,-0.36,-0.25,-0.25,-0.81,169.1,196.0,0.0,0.0,0.0,0.0
1776452601656276048,29119,0.0,0.6,0.064,0.5,-0.04,-0.12,30.31,-2.13,1.75,-0.08,0.05,-0.35,-0.0,-0.31,-1.19,169.1,200.0,0.0,0.0,0.0,0.0
1776452601754580916,29218,0.0,1.4,0.064,0.0,0.12,-0.16,30.19,-2.13,1.63,0.39,-0.03,-0.34,-2.56,-0.88,-1.37,169.1,200.0,0.0,0.0,0.0,0.0
1776452601856986323,29318,0.0,0.6,0.0,0.6,0.1,-0.04,30.06,-2.06,1.5,0.07,0.12,-0.35,0.25,-0.25,-1.31,169.79,195.0,0.0,0.0,0.0,0.0
1776452601955265692,29419,0.0,0.7,0.0,1.4,0.0,-0.23,30.0,-2.06,1.31,0.46,-0.0,-0.34,-2.38,-0.75,0.69,169.27,193.0,0.0,0.0,0.0,0.0
1776452602057658265,29518,0.084,0.2,0.0,1.2,0.04,-0.06,30.12,-2.0,1.19,-0.04,0.03,-0.31,0.37,0.5,0.81,169.1,193.0,0.0,0.0,0.0,0.0
1776452602155953299,29619,0.084,0.3,0.0,1.3,-0.02,0.0,30.25,-2.0,1.12,0.02,0.01,-0.3,-1.44,-0.19,2.13,164.98,189.0,0.0,0.0,0.0,0.0
1776452602258357167,29719,0.0,1.1,0.068,0.2,0.08,-0.1,30.5,-2.0,1.0,-0.16,-0.0,-0.33,0.75,0.37,2.06,164.98,202.0,0.0,0.0,0.0,0.0
1776452602356607091,29818,0.0,0.3,0.0,0.1,0.14,-0.04,30.62,-2.0,1.06,-0.14,-0.0,-0.29,-0.88,0.44,1.12,164.98,202.0,0.0,0.0,0.0,0.0
1776452602454896791,29918,0.0,0.9,0.064,0.2,0.16,-0.02,30.75,-2.0,0.94,0.0,0.06,-0.39,0.37,0.06,1.63,164.98,202.0,0.0,0.0,0.0,0.0
1776452602557331103,30018,0.0,0.2,0.0,1.3,0.1,0.04,30.87,-2.06,1.06,-0.32,-0.08,-0.29,-1.44,0.31,1.12,164.98,202.0,0.0,0.0,0.0,0.0
1776452602655634229,30117,0.092,0.2,0.0,1.6,0.12,-0.12,31.06,-2.0,0.81,0.52,0.06,-0.39,-1.06,-0.56,2.0,169.1,194.0,0.0,0.0,0.0,0.0
1776452602758030024,30218,0.0,1.3,0.068,0.5,0.06,0.04,31.19,-2.0,0.88,-0.2,-0.03,-0.28,0.56,-0.06,1.19,164.98,181.0,0.0,0.0,0.0,0.0
1776452602856328132,30318,0.0,1.2,0.0,1.1,0.04,0.1,31.37,-2.0,0.75,0.05,0.02,-0.39,-0.25,-0.37,1.56,164.98,181.0,0.0,0.0,0.0,0.0
1776452602954605721,30418,0.084,0.3,0.0,1.2,0.04,-0.12,31.5,-2.0,0.81,0.0,-0.02,-0.36,-1.5,-0.5,1.12,165.5,197.0,0.0,0.0,0.0,0.0
1776452603057013941,30518,0.084,0.2,0.0,1.0,0.04,-0.14,31.5,-2.0,0.75,0.04,0.01,-0.32,-0.5,-0.19,0.44,161.55,193.0,0.0,0.0,0.0,0.0
1776452603155319825,30618,0.076,0.3,0.0,0.2,0.16,0.0,31.5,-2.0,0.75,-0.25,0.01,-0.33,1.19,0.06,0.06,165.5,193.0,0.0,0.0,0.0,0.0
1776452603257707433,30717,0.0,0.8,0.0,1.4,0.1,-0.08,31.5,-2.0,0.81,0.03,-0.01,-0.33,-1.69,-0.5,-0.12,166.7,200.0,0.0,0.0,0.0,0.0
1776452603355971430,30818,0.0,1.3,0.06,0.6,0.08,0.02,31.5,-2.0,0.63,0.11,0.05,-0.34,0.44,-0.06,-0.25,165.67,199.0,0.0,0.0,0.0,0.0
1776452603458415685,30918,0.0,1.4,0.056,0.4,0.14,-0.06,31.5,-1.94,0.63,0.01,-0.0,-0.35,-0.44,-0.31,0.37,166.7,199.0,0.0,0.0,0.0,0.0
1776452603556695625,31019,0.0,1.3,0.068,0.4,0.16,0.04,31.56,-1.94,0.63,0.02,0.01,-0.32,-0.69,-0.19,0.56,161.55,191.0,0.0,0.0,0.0,0.0
1776452603659085493,31119,0.0,1.3,0.0,1.0,0.1,-0.08,31.62,-1.94,0.56,0.18,-0.0,-0.36,-0.94,-0.44,0.56,165.5,191.0,0.0,0.0,0.0,0.0
1776452603757390043,31219,0.088,0.1,0.0,1.0,0.02,-0.1,31.69,-1.94,0.5,0.06,0.01,-0.29,-0.56,-0.31,0.31,165.5,199.0,0.0,0.0,0.0,0.0
1776452603859780800,31319,0.084,0.3,0.0,1.1,0.18,-0.1,31.69,-1.94,0.37,0.23,0.03,-0.34,-0.56,-0.5,0.0,166.18,202.0,0.0,0.0,0.0,0.0
1776452603958083924,31419,0.0,0.6,0.0,1.5,0.18,-0.14,31.69,-1.94,0.31,0.15,0.05,-0.31,-1.06,-0.44,0.56,162.07,202.0,0.0,0.0,0.0,0.0
1776452604056380438,31519,0.0,1.4,0.068,0.3,0.25,0.02,31.75,-1.88,0.25,-0.04,0.07,-0.34,0.5,-0.06,1.69,166.18,191.0,0.0,0.0,0.0,0.0
1776452604158764897,31619,0.0,1.1,0.06,0.5,0.02,0.04,32.0,-1.88,0.25,-0.17,0.01,-0.33,-0.19,-0.12,2.31,166.18,195.0,0.0,0.0,0.0,0.0
1776452604261178263,31720,0.0,0.1,0.0,1.2,0.02,-0.18,32.19,-1.88,0.31,-0.22,0.01,-0.32,0.5,-0.06,1.44,166.18,195.0,0.0,0.0,0.0,0.0
1776452604359418777,31820,0.084,0.2,0.0,1.1,0.02,0.0,32.25,-1.88,0.5,-0.24,-0.02,-0.29,-0.44,0.19,0.06,166.18,217.0,0.0,0.0,0.0,0.0
1776452604457738252,31920,0.0,0.6,0.064,0.3,0.04,-0.04,32.25,-1.88,0.44,0.07,0.04,-0.38,0.69,-0.56,-0.5,166.18,196.0,0.0,0.0,0.0,0.0
1776452604560155210,32020,0.0,0.9,0.0,1.3,0.21,-0.18,32.13,-1.81,0.37,0.29,0.02,-0.38,-2.75,-1.0,-1.06,162.07,196.0,0.0,0.0,0.0,0.0
1776452604658445223,32120,0.092,0.0,0.0,1.6,0.1,-0.21,32.0,-1.75,0.31,0.09,0.04,-0.28,-0.12,-0.31,-1.37,166.18,198.0,0.0,0.0,0.0,0.0
1776452604760850867,32220,0.084,0.1,0.0,1.3,0.0,-0.04,31.94,-1.75,0.25,0.21,0.09,-0.4,-0.63,-0.56,-0.56,161.9,198.0,0.0,0.0,0.0,0.0
1776452604859147638,32320,0.096,-0.1,0.068,-0.1,0.08,-0.04,31.87,-1.75,0.06,0.1,0.07,-0.38,2.38,1.25,-1.06,166.18,194.0,0.0,0.0,0.0,0.0
1776452604961533949,32420,0.08,0.5,0.06,0.5,0.06,-0.12,31.81,-1.88,0.37,-0.39,-0.01,-0.34,1.06,0.88,0.31,166.18,209.0,0.0,0.0,0.0,0.0
1776452605059836831,32520,0.0,0.6,0.056,0.3,0.02,-0.02,31.94,-1.88,0.37,-0.01,-0.0,-0.35,-0.88,-0.56,1.25,166.18,209.0,0.0,0.0,0.0,0.0
1776452605158124825,32620,0.0,1.3,0.064,0.5,0.27,-0.04,32.0,-1.88,0.37,0.01,0.05,-0.36,0.12,0.19,0.81,166.18,200.0,0.0,0.0,0.0,0.0
1776452605260474839,32719,0.0,1.1,0.072,0.2,0.12,-0.08,32.06,-1.88,0.44,-0.15,-0.01,-0.28,0.44,0.25,0.81,162.07,190.0,0.0,0.0,0.0,0.0
1776452605358805312,32819,0.0,1.3,0.068,0.2,0.12,-0.12,32.13,-1.88,0.44,-0.1,0.04,-0.4,1.06,-0.0,0.63,162.07,190.0,0.0,0.0,0.0,0.0
1776452605467181806,32919,0.0,1.3,0.072,0.3,0.02,0.06,32.19,-1.88,0.56,0.04,-0.02,-0.32,-1.06,-0.12,-0.19,162.07,204.0,0.0,0.0,0.0,0.0
1776452605559554206,33018,0.0,1.0,0.0,0.5,0.1,-0.06,32.19,-1.88,0.31,0.16,0.08,-0.37,0.63,-0.44,-0.44,162.07,194.0,0.0,0.0,0.0,0.0
1776452605657815070,33118,0.0,0.8,0.0,0.3,0.08,0.0,32.13,-1.88,0.44,-0.07,-0.0,-0.32,0.25,0.5,-0.75,162.07,194.0,0.0,0.0,0.0,0.0
1776452605766222100,33218,0.0,1.1,0.072,0.6,0.08,0.02,32.06,-1.88,0.44,0.12,0.03,-0.32,-0.44,-0.25,-0.44,166.18,196.0,0.0,0.0,0.0,0.0
1776452605858482503,33317,0.0,0.9,0.0,1.1,0.23,-0.04,32.06,-1.88,0.31,0.37,-0.02,-0.34,-1.0,-0.44,-0.69,162.58,214.0,0.0,0.0,0.0,0.0
1776452605960882886,33418,0.088,0.4,0.0,0.7,0.04,-0.06,31.94,-1.88,0.0,0.27,0.09,-0.34,0.5,-0.0,-1.94,162.58,214.0,0.0,0.0,0.0,0.0
1776452606059194230,33518,0.092,1.2,0.068,0.1,0.04,-0.1,31.69,-1.81,0.06,-0.05,-0.02,-0.32,3.19,0.5,-2.25,166.7,206.0,0.0,0.0,0.0,0.0
1776452606157495240,33617,0.0,0.4,0.0,0.6,0.02,-0.08,31.5,-1.88,0.37,-0.19,-0.07,-0.34,1.31,0.06,-1.56,166.7,206.0,0.0,0.0,0.0,0.0
1776452606259887493,33717,0.0,0.3,0.0,1.2,0.0,-0.12,31.37,-1.88,0.5,-0.11,0.04,-0.45,1.06,-0.31,-1.12,166.7,190.0,0.0,0.0,0.0,0.0
1776452606358142597,33817,0.088,1.1,0.068,0.5,0.0,-0.02,31.31,-1.88,0.56,0.09,0.02,-0.35,-0.94,-0.12,-0.69,166.7,200.0,0.0,0.0,0.0,0.0
1776452606456462551,33916,0.0,1.2,0.0,0.2,0.12,-0.23,31.31,-1.88,0.69,-0.02,-0.01,-0.36,2.25,0.88,-0.12,166.7,200.0,0.0,0.0,0.0,0.0
1776452606558865729,34016,0.0,0.6,0.0,1.7,-0.08,-0.08,31.31,-1.94,0.94,-0.12,0.01,-0.39,2.0,0.44,0.12,166.18,205.0,0.0,0.0,0.0,0.0
1776452606657175757,34117,0.092,0.3,0.0,1.5,0.08,-0.08,31.31,-2.0,1.12,-0.1,-0.06,-0.34,0.94,0.31,0.06,166.18,202.0,0.0,0.0,0.0,0.0
1776452606765570008,34216,0.088,0.3,0.0,1.6,0.1,-0.16,31.31,-2.0,1.19,0.11,-0.0,-0.38,-0.06,0.19,0.12,166.18,202.0,0.0,0.0,0.0,0.0
1776452606857857798,34317,0.0,1.2,0.0,1.2,0.1,-0.06,31.25,-2.0,1.31,-0.02,-0.01,-0.33,2.44,1.06,0.0,166.18,183.0,0.0,0.0,0.0,0.0
1776452606960260180,34417,0.088,0.2,0.056,0.2,0.02,0.02,31.25,-2.13,1.5,0.04,-0.04,-0.33,1.06,0.63,0.37,165.5,183.0,0.0,0.0,0.0,0.0
1776452607058549264,34516,0.0,0.9,0.06,0.0,0.06,-0.08,31.25,-2.13,1.63,0.0,-0.0,-0.36,2.63,0.63,0.0,165.67,218.0,0.0,0.0,0.0,0.0
1776452607156869013,34616,0.0,0.6,0.068,0.7,0.08,0.0,31.25,-2.19,1.81,-0.01,-0.0,-0.37,2.31,0.81,-0.81,165.5,195.0,0.0,0.0,0.0,0.0
1776452607255095321,34716,0.0,0.6,0.072,0.3,0.1,-0.08,31.19,-2.31,2.13,-0.31,-0.0,-0.34,2.69,1.88,-0.44,165.67,195.0,0.0,0.0,0.0,0.0
1776452607357488961,34816,0.0,-0.2,0.0,1.4,0.2,-0.08,31.19,-2.5,2.38,-0.08,-0.12,-0.32,-0.31,0.37,-0.06,165.67,191.0,0.0,0.0,0.0,0.0
1776452607459935082,34917,0.0,1.1,0.064,0.5,0.12,-0.16,31.19,-2.5,2.38,0.1,0.01,-0.38,0.06,0.25,-0.81,165.5,192.0,0.0,0.0,0.0,0.0
1776452607558218554,35016,0.0,0.3,0.0,1.2,-0.08,-0.02,31.06,-2.56,2.44,-0.08,-0.0,-0.41,2.13,1.19,-1.31,165.5,192.0,0.0,0.0,0.0,0.0
1776452607660640305,35117,0.084,0.3,0.0,1.4,0.08,-0.02,30.87,-2.69,2.63,0.05,-0.13,-0.31,-2.06,-0.19,-1.69,166.7,201.0,0.0,0.0,0.0,0.0
1776452607758927499,35218,0.088,0.2,0.064,0.2,0.14,-0.04,30.69,-2.69,2.5,0.08,0.08,-0.38,1.37,-0.0,-2.63,165.67,196.0,0.0,0.0,0.0,0.0
1776452607857209434,35317,0.0,1.0,0.076,0.2,-0.02,-0.06,30.44,-2.75,2.56,0.03,-0.06,-0.35,-1.12,0.31,-1.94,165.5,196.0,0.0,0.0,0.0,0.0
1776452607959604371,35417,0.088,0.3,0.0,1.1,0.0,-0.12,30.31,-2.75,2.56,0.02,0.02,-0.34,0.12,0.31,-1.0,165.5,216.0,0.0,0.0,0.0,0.0
1776452608057899139,35517,0.0,1.0,0.0,1.5,0.04,-0.02,30.25,-2.75,2.5,0.08,-0.0,-0.37,0.06,0.06,-0.5,165.67,190.0,0.0,0.0,0.0,0.0
1776452608156186610,35616,0.088,0.3,0.0,1.5,0.1,-0.1,30.25,-2.81,2.56,-0.11,-0.02,-0.33,0.69,0.75,0.19,165.67,190.0,0.0,0.0,0.0,0.0
1776452608258576360,35716,0.0,1.4,0.068,0.3,0.06,-0.25,30.25,-2.81,2.5,0.14,-0.04,-0.36,-0.69,-0.19,0.5,165.67,195.0,0.0,0.0,0.0,0.0
1776452608356840314,35817,0.0,1.3,0.0,1.0,0.12,-0.02,30.25,-2.81,2.5,-0.08,-0.0,-0.34,0.44,0.37,0.37,162.07,195.0,0.0,0.0,0.0,0.0
1776452608459274859,35916,0.084,0.1,0.0,1.1,0.1,-0.04,30.25,-2.81,2.44,0.03,-0.02,-0.34,-0.12,0.06,0.69,162.07,200.0,0.0,0.0,0.0,0.0
1776452608557610440,36016,0.088,1.2,0.064,0.3,0.1,-0.12,30.31,-2.81,2.44,0.18,-0.03,-0.36,-0.69,-0.37,0.75,162.07,201.0,0.0,0.0,0.0,0.0
1776452608666011151,36116,0.0,1.3,0.068,0.4,0.08,0.16,30.37,-2.81,2.38,0.02,0.02,-0.3,-0.31,0.31,0.56,166.18,201.0,0.0,0.0,0.0,0.0
1776452608758290957,36215,0.0,0.2,0.0,1.0,0.08,-0.14,30.44,-2.81,2.38,-0.08,-0.03,-0.35,0.69,0.25,0.88,166.18,194.0,0.0,0.0,0.0,0.0
1776452608860681856,36316,0.084,0.4,0.0,1.2,0.16,-0.04,30.5,-2.81,2.38,-0.21,0.01,-0.36,0.88,0.19,1.19,166.18,197.0,0.0,0.0,0.0,0.0
1776452608958963920,36416,0.0,0.1,0.0,1.1,0.08,-0.16,30.62,-2.88,2.44,0.17,-0.09,-0.33,-1.88,-0.44,1.0,166.87,197.0,0.0,0.0,0.0,0.0
1776452609057201336,36516,0.0,0.6,0.0,1.5,0.16,-0.04,30.75,-2.81,2.25,0.26,0.08,-0.35,0.88,-0.31,0.81,166.7,182.0,0.0,0.0,0.0,0.0
1776452609159676583,36617,0.084,1.3,0.0,1.1,0.0,-0.12,30.81,-2.81,2.31,0.23,-0.09,-0.38,-1.81,-0.19,1.06,167.9,199.0,0.0,0.0,0.0,0.0
1776452609262057314,36718,0.0,0.6,0.06,0.5,0.0,-0.08,30.94,-2.81,2.13,0.14,0.01,-0.38,0.88,0.31,2.0,166.7,199.0,0.0,0.0,0.0,0.0
1776452609360320062,36817,0.0,0.7,0.06,0.4,0.16,-0.12,31.12,-2.81,2.19,0.04,-0.08,-0.4,-1.31,-0.19,1.12,166.18,220.0,0.0,0.0,0.0,0.0
1776452609462735626,36918,0.0,1.3,0.068,0.5,0.0,-0.14,31.19,-2.81,2.19,-0.18,-0.05,-0.41,1.12,0.56,0.56,166.18,220.0,0.0,0.0,0.0,0.0
1776452609561036780,37018,0.0,1.2,0.0,1.2,0.08,-0.1,31.19,-2.88,2.25,-0.05,-0.08,-0.34,-0.81,-0.19,-0.81,162.07,186.0,0.0,0.0,0.0,0.0
1776452609663442825,37118,0.0,0.9,0.064,0.5,0.04,0.02,31.06,-2.88,2.19,0.02,-0.0,-0.39,1.12,-0.0,-1.12,162.07,207.0,0.0,0.0,0.0,0.0
1776452609761738980,37219,0.088,0.4,0.0,1.5,0.0,-0.1,30.94,-2.94,2.31,-0.13,-0.06,-0.32,-0.31,-0.06,-1.0,166.18,207.0,0.0,0.0,0.0,0.0
1776452609870159189,37319,0.092,0.1,0.0,1.5,0.02,0.02,30.81,-2.94,2.25,0.1,-0.0,-0.38,0.12,-0.37,-1.25,165.67,206.0,0.0,0.0,0.0,0.0
1776452609962430162,37419,0.092,0.0,0.0,1.6,0.02,-0.16,30.75,-2.94,2.31,-0.16,-0.04,-0.35,0.37,0.12,-1.12,165.67,199.0,0.0,0.0,0.0,0.0
1776452610070852759,37519,0.088,0.1,0.0,1.8,0.14,-0.06,30.62,-3.0,2.44,-0.15,-0.02,-0.36,0.19,-0.12,-0.63,165.5,199.0,0.0,0.0,0.0,0.0
1776452610163124804,37619,0.084,0.2,0.0,1.5,0.1,-0.1,30.62,-3.0,2.44,0.08,-0.02,-0.42,-0.94,-0.5,-0.69,161.9,198.0,0.0,0.0,0.0,0.0
1776452610265603216,37720,0.088,0.3,0.0,1.6,0.12,0.0,30.56,-3.0,2.44,0.07,-0.03,-0.32,-0.44,-0.06,-0.88,161.55,199.0,0.0,0.0,0.0,0.0
1776452610363768707,37820,0.088,0.3,0.06,0.1,-0.02,-0.06,30.44,-3.0,2.38,0.24,-0.01,-0.35,-0.81,-0.19,-1.31,161.38,199.0,0.0,0.0,0.0,0.0
1776452610462065546,37920,0.0,0.2,0.0,0.2,0.06,-0.08,30.31,-3.0,2.13,0.32,0.02,-0.35,-0.19,-0.25,-2.19,161.38,202.0,0.0,0.0,0.0,0.0
1776452610564498330,38020,0.0,0.1,0.0,1.5,0.02,-0.16,30.06,-3.0,2.0,0.03,0.02,-0.35,0.56,-0.37,-2.31,161.38,193.0,0.0,0.0,0.0,0.0
1776452610662739504,38120,0.092,0.1,0.068,0.2,0.06,0.04,29.81,-3.0,1.88,0.27,-0.01,-0.37,-0.75,-0.63,-2.44,161.38,193.0,0.0,0.0,0.0,0.0
1776452610765191454,38220,0.084,0.2,0.0,1.1,0.16,-0.1,29.62,-3.0,1.94,-0.14,0.04,-0.31,0.31,-0.19,-2.13,165.5,197.0,0.0,0.0,0.0,0.0
1776452610863513495,38320,0.088,0.0,0.0,0.2,0.14,-0.04,29.44,-3.0,1.88,0.03,-0.0,-0.36,-0.31,-0.25,-1.37,165.67,197.0,0.0,0.0,0.0,0.0
1776452610961741966,38420,0.0,1.3,0.06,0.1,0.1,0.08,29.31,-3.0,1.88,-0.2,-0.0,-0.35,0.25,0.06,-1.37,161.55,186.0,0.0,0.0,0.0,0.0
1776452611064177101,38519,0.0,1.3,0.06,0.3,0.08,0.0,29.19,-3.0,1.88,0.07,-0.0,-0.37,-1.19,-0.44,-1.37,161.55,195.0,0.0,0.0,0.0,0.0
1776452611162484475,38619,0.0,0.6,0.0,1.0,0.06,-0.04,29.06,-3.0,1.88,-0.11,0.03,-0.32,-0.37,-0.12,-1.12,161.38,195.0,0.0,0.0,0.0,0.0
1776452611264861945,38719,0.088,0.2,0.0,1.1,-0.02,-0.08,29.0,-3.0,1.81,-0.01,0.01,-0.4,-0.19,-0.31,-0.5,161.55,176.0,0.0,0.0,0.0,0.0
1776452611363173337,38819,0.084,0.1,0.0,1.0,0.14,-0.14,29.0,-3.0,1.81,-0.06,-0.01,-0.36,-0.37,-0.25,-0.63,161.38,192.0,0.0,0.0,0.0,0.0
1776452611471485270,38919,0.0,0.9,0.068,0.4,0.0,-0.04,29.0,-3.0,1.81,0.12,0.02,-0.34,-1.31,-0.31,-0.37,161.38,192.0,0.0,0.0,0.0,0.0
1776452611563860681,39019,0.0,0.1,0.0,0.6,0.23,-0.06,29.0,-3.0,1.31,0.59,0.06,-0.41,-0.69,-0.63,0.06,161.38,193.0,0.0,0.0,0.0,0.0
1776452611662145241,39118,0.0,1.2,0.072,0.3,-0.02,-0.08,28.94,-2.94,1.19,-0.4,-0.0,-0.29,-0.25,0.56,0.06,161.38,193.0,0.0,0.0,0.0,0.0
1776452611764549136,39218,0.0,0.5,0.0,1.1,0.25,-0.14,29.0,-2.94,1.0,0.32,0.04,-0.34,-0.81,-0.44,1.19,161.38,198.0,0.0,0.0,0.0,0.0
1776452611862847918,39318,0.072,0.1,0.0,0.3,0.1,0.1,29.12,-2.94,1.0,-0.18,0.01,-0.35,-0.75,0.31,0.69,165.5,194.0,0.0,0.0,0.0,0.0
1776452611961141071,39417,0.0,0.0,0.0,1.6,0.02,0.02,29.25,-2.94,0.88,-0.01,0.05,-0.36,0.12,-0.12,1.44,165.5,194.0,0.0,0.0,0.0,0.0
1776452612063541891,39517,0.076,0.1,0.0,1.6,0.29,0.04,29.37,-2.94,0.88,-0.03,-0.03,-0.36,-1.69,-0.12,1.19,165.5,198.0,0.0,0.0,0.0,0.0
1776452612161828654,39618,0.1,0.5,0.072,0.4,-0.06,-0.14,29.5,-2.94,0.75,0.02,0.02,-0.36,-0.81,-0.25,1.25,165.5,182.0,0.0,0.0,0.0,0.0
1776452612264197789,39718,0.0,0.2,0.0,1.1,0.14,-0.21,29.62,-2.94,0.69,0.05,0.04,-0.35,-1.06,-0.44,1.0,165.5,182.0,0.0,0.0,0.0,0.0
1776452612362484403,39818,0.0,0.6,0.0,1.5,0.14,-0.12,29.69,-2.94,0.69,0.0,0.03,-0.36,-1.12,-0.06,0.94,161.38,183.0,0.0,0.0,0.0,0.0
1776452612460780184,39918,0.0,1.3,0.0,0.4,-0.1,-0.21,29.81,-2.94,0.63,-0.18,0.01,-0.36,-0.0,-0.12,0.88,161.55,202.0,0.0,0.0,0.0,0.0
1776452612563227373,40017,0.0,0.9,0.06,0.2,0.1,-0.06,29.87,-2.94,0.69,-0.13,0.02,-0.36,-0.37,-0.06,0.88,166.7,202.0,0.0,0.0,0.0,0.0
1776452612671601357,40118,0.0,1.5,0.0,0.5,0.06,-0.06,30.0,-2.94,0.63,-0.03,0.01,-0.36,-0.81,-0.44,0.94,165.67,184.0,0.0,0.0,0.0,0.0
1776452612763904289,40218,0.0,0.4,0.0,1.6,0.08,0.0,30.0,-2.94,0.69,-0.09,0.04,-0.36,-0.69,-0.12,0.56,165.67,210.0,0.0,0.0,0.0,0.0
1776452612862199866,40318,0.088,0.2,0.0,1.4,0.1,0.0,30.0,-2.94,0.63,0.05,-0.0,-0.35,-0.56,-0.31,0.25,164.98,210.0,0.0,0.0,0.0,0.0
1776452612964597093,40418,0.084,0.1,0.064,0.2,-0.08,-0.04,30.0,-2.94,0.5,0.19,0.06,-0.36,-0.75,-0.69,-0.19,162.41,185.0,0.0,0.0,0.0,0.0
1776452613062892447,40519,0.088,0.1,0.0,1.2,-0.04,-0.08,30.0,-2.88,0.5,-0.13,0.03,-0.35,0.19,-0.06,0.0,165.67,185.0,0.0,0.0,0.0,0.0
1776452613165298580,40619,0.084,0.2,0.0,0.8,-0.12,-0.18,30.0,-2.88,0.44,0.16,0.07,-0.36,0.19,-0.69,0.19,162.58,190.0,0.0,0.0,0.0,0.0
1776452613263545732,40720,0.0,1.0,0.0,1.2,0.06,-0.12,30.0,-2.88,0.5,-0.19,0.02,-0.39,-0.25,0.31,0.25,165.5,219.0,0.0,0.0,0.0,0.0
1776452613365971105,40819,0.084,0.0,0.0,1.5,0.02,-0.12,30.06,-2.88,0.56,-0.12,0.03,-0.36,-0.56,-0.12,0.63,165.5,219.0,0.0,0.0,0.0,0.0
1776452613464221609,40920,0.0,1.3,0.0,1.3,-0.02,-0.04,30.06,-2.88,0.63,-0.12,0.04,-0.38,-0.25,-0.0,0.37,164.98,199.0,0.0,0.0,0.0,0.0
1776452613566673722,41020,0.092,0.3,0.0,1.1,0.2,-0.1,30.06,-2.88,0.63,-0.02,-0.0,-0.36,-0.63,-0.12,-0.44,164.98,199.0,0.0,0.0,0.0,0.0
1776452613664979223,41120,0.084,0.1,0.0,1.5,0.04,0.0,30.06,-2.88,0.5,0.17,0.04,-0.36,-0.63,-0.37,-0.56,164.98,199.0,0.0,0.0,0.0,0.0
1776452613767373227,41220,0.088,1.2,0.064,0.3,0.14,0.0,30.0,-2.81,0.44,0.22,0.04,-0.38,-0.69,-0.25,-0.69,164.98,187.0,0.0,0.0,0.0,0.0
1776452613865660581,41320,0.0,1.2,0.0,0.8,0.04,-0.08,30.0,-2.81,0.37,0.04,0.03,-0.39,-0.69,-0.0,-0.31,163.78,200.0,0.0,0.0,0.0,0.0
1776452613963911844,41419,0.0,0.3,0.0,1.5,0.14,-0.18,30.0,-2.81,0.37,0.07,0.01,-0.37,-0.75,-0.06,-0.88,164.98,200.0,0.0,0.0,0.0,0.0
1776452614066336679,41520,0.08,0.2,0.0,1.4,0.06,-0.14,29.87,-2.81,0.31,-0.02,0.02,-0.36,-0.12,0.31,-1.37,164.98,204.0,0.0,0.0,0.0,0.0
1776452614164659605,41620,0.084,0.3,0.0,1.5,0.0,-0.06,29.75,-2.81,0.25,0.11,-0.0,-0.39,-0.12,0.06,-1.31,160.87,204.0,0.0,0.0,0.0,0.0
1776452614267053034,41719,0.088,0.1,0.0,1.7,0.04,-0.02,29.62,-2.81,0.25,0.03,0.04,-0.32,-0.69,-0.0,-1.25,160.7,195.0,0.0,0.0,0.0,0.0
1776452614365298685,41819,0.092,0.3,0.0,1.1,0.14,-0.18,29.5,-2.81,0.19,0.03,0.02,-0.37,-0.19,0.25,-1.0,160.87,189.0,0.0,0.0,0.0,0.0
1776452614467691502,41920,0.084,0.3,0.0,1.2,0.04,-0.06,29.37,-2.81,0.19,-0.01,-0.02,-0.36,0.75,-0.06,-0.75,164.81,189.0,0.0,0.0,0.0,0.0
1776452614566018169,42019,0.088,0.3,0.0,0.3,0.04,-0.1,29.31,-2.81,0.19,-0.04,-0.0,-0.32,-0.44,-0.19,-1.06,166.18,173.0,0.0,0.0,0.0,0.0
1776452614668429448,42120,0.0,0.6,0.072,0.6,0.16,0.08,29.19,-2.81,0.19,-0.03,0.03,-0.35,0.06,-0.31,-1.06,164.98,186.0,0.0,0.0,0.0,0.0
1776452614766722523,42221,0.0,1.1,0.0,1.3,0.04,-0.1,29.12,-2.81,0.12,-0.02,0.01,-0.37,0.37,-0.31,-0.88,164.98,186.0,0.0,0.0,0.0,0.0
1776452614869106119,42320,0.092,0.0,0.0,1.7,0.06,0.02,29.06,-2.81,0.19,-0.06,0.01,-0.34,-0.31,-0.19,-0.44,164.98,203.0,0.0,0.0,0.0,0.0
1776452614967408546,42421,0.088,0.9,0.0,0.3,-0.02,-0.08,29.06,-2.81,0.19,-0.01,0.01,-0.33,-0.31,-0.31,-0.56,164.98,179.0,0.0,0.0,0.0,0.0
1776452615069808492,42522,0.0,0.3,0.072,0.1,0.12,-0.04,29.0,-2.81,0.12,0.07,0.05,-0.36,0.19,-0.69,-0.81,165.67,179.0,0.0,0.0,0.0,0.0
1776452615168106306,42621,0.0,1.2,0.068,0.2,0.04,-0.04,28.87,-2.75,0.12,-0.01,0.04,-0.31,0.25,-0.5,-0.88,165.67,202.0,0.0,0.0,0.0,0.0
1776452615270487549,42721,0.0,1.4,0.0,0.3,-0.06,-0.12,28.81,-2.75,0.12,0.0,0.02,-0.36,0.81,-0.5,-0.69,164.64,206.0,0.0,0.0,0.0,0.0
1776452615368749883,42821,0.0,0.9,0.052,0.3,0.12,-0.12,28.75,-2.69,0.19,0.07,0.03,-0.38,-0.75,-0.63,-0.56,164.98,206.0,0.0,0.0,0.0,0.0
1776452615467080974,42921,0.0,0.3,0.0,1.4,0.06,-0.1,28.69,-2.69,0.19,-0.04,0.02,-0.34,0.31,-0.31,-0.75,164.98,191.0,0.0,0.0,0.0,0.0
1776452615569477457,43021,0.088,0.4,0.06,0.2,0.06,-0.2,28.62,-2.69,0.19,-0.13,0.03,-0.33,0.31,-0.25,-0.44,164.98,191.0,0.0,0.0,0.0,0.0
1776452615667788290,43122,0.0,0.4,0.0,1.6,-0.02,-0.06,28.62,-2.69,0.25,-0.07,0.04,-0.38,0.88,-0.37,-0.44,164.98,199.0,0.0,0.0,0.0,0.0
1776452615770173180,43222,0.0,0.3,0.0,1.4,0.02,-0.06,28.62,-2.69,0.37,-0.2,0.01,-0.32,-0.25,-0.25,-0.37,164.98,195.0,0.0,0.0,0.0,0.0
1776452615868474384,43322,0.092,0.4,0.0,1.7,0.08,-0.1,28.62,-2.69,0.25,0.38,0.07,-0.37,-1.0,-0.44,-0.69,164.98,195.0,0.0,0.0,0.0,0.0
1776452615970861941,43422,0.088,0.1,0.0,0.1,0.02,-0.12,28.56,-2.63,0.12,0.13,0.06,-0.32,-0.12,-0.12,-0.06,164.98,192.0,0.0,0.0,0.0,0.0
1776452616069170088,43522,0.0,1.4,0.0,1.0,0.14,0.1,28.56,-2.63,0.0,0.4,0.05,-0.33,-1.12,-0.37,0.56,164.98,201.0,0.0,0.0,0.0,0.0
1776452616171558329,43622,0.08,0.3,0.0,1.4,0.12,-0.1,28.62,-2.56,-0.19,0.04,0.04,-0.4,2.88,-0.37,0.75,166.01,201.0,0.0,0.0,0.0,0.0
1776452616269851976,43723,0.092,-0.1,0.0,1.0,0.1,0.0,28.69,-2.56,0.0,-0.12,0.05,-0.33,0.25,-0.44,0.94,164.98,188.0,0.0,0.0,0.0,0.0
1776452616372200404,43823,0.084,0.5,0.0,1.2,0.04,-0.1,28.75,-2.5,-0.06,0.2,0.08,-0.36,0.12,-0.5,0.88,164.98,188.0,0.0,0.0,0.0,0.0
1776452616470540031,43923,0.088,0.0,0.0,0.3,0.06,-0.06,28.87,-2.5,0.06,0.0,0.07,-0.32,1.81,-0.37,1.63,166.01,205.0,0.0,0.0,0.0,0.0
1776452616578918529,44023,0.0,0.9,0.072,0.5,0.02,-0.08,29.0,-2.5,0.19,-0.08,0.07,-0.38,2.44,-0.31,0.88,169.27,211.0,0.0,0.0,0.0,0.0
1776452616671232585,44123,0.0,0.2,0.0,0.7,0.04,-0.18,29.0,-2.44,0.31,0.31,-0.0,-0.32,-2.19,-1.19,-0.31,164.98,211.0,0.0,0.0,0.0,0.0
1776452616769530250,44223,0.0,1.6,0.0,0.9,0.16,-0.04,28.94,-2.38,0.25,0.2,0.11,-0.38,3.06,-0.37,-1.81,164.98,192.0,0.0,0.0,0.0,0.0
1776452616867830842,44322,0.088,0.3,0.0,1.1,0.06,-0.04,28.75,-2.38,0.56,-0.19,0.11,-0.3,3.25,1.25,-1.31,164.98,197.0,0.0,0.0,0.0,0.0
1776452616970229045,44422,0.0,0.3,0.0,1.6,0.02,0.02,28.69,-2.44,0.81,-0.19,0.06,-0.35,1.88,1.31,0.25,166.01,197.0,0.0,0.0,0.0,0.0
1776452617072619526,44523,0.092,0.7,0.076,0.2,0.04,-0.06,28.75,-2.56,1.0,-0.04,0.07,-0.37,1.31,0.88,1.0,164.98,222.0,0.0,0.0,0.0,0.0
1776452617170921265,44623,0.0,1.4,0.0,1.1,0.08,-0.1,28.87,-2.69,1.25,-0.15,0.03,-0.35,1.88,1.56,1.0,164.3,178.0,0.0,0.0,0.0,0.0
1776452617273275821,44723,0.088,0.3,0.0,1.0,0.14,-0.06,28.94,-2.81,1.56,-0.26,-0.0,-0.27,1.44,1.44,0.25,164.47,178.0,0.0,0.0,0.0,0.0
1776452617371557652,44823,0.0,1.0,0.056,0.3,0.12,-0.23,28.94,-2.88,1.63,0.0,0.04,-0.33,0.31,0.44,-0.75,168.58,189.0,0.0,0.0,0.0,0.0
1776452617469903593,44922,0.0,0.7,0.072,0.3,0.06,-0.02,28.81,-2.94,1.75,-0.07,0.04,-0.35,0.69,1.37,-1.37,168.58,202.0,0.0,0.0,0.0,0.0
1776452617572284611,45022,0.0,0.9,0.068,0.5,0.08,-0.08,28.75,-3.0,1.81,-0.18,0.04,-0.4,1.63,1.25,0.06,164.98,202.0,0.0,0.0,0.0,0.0
1776452617670601089,45123,0.0,0.8,0.072,0.2,0.12,-0.04,28.81,-3.13,2.0,-0.13,-0.02,-0.36,-0.31,0.37,1.5,164.98,197.0,0.0,0.0,0.0,0.0
1776452617772984774,45222,0.0,0.9,0.0,1.6,0.16,-0.16,28.94,-3.13,2.13,-0.11,-0.01,-0.33,-0.0,0.44,1.19,166.01,197.0,0.0,0.0,0.0,0.0
1776452617871285975,45323,0.088,0.3,0.0,1.5,0.0,0.0,29.06,-3.13,2.19,-0.25,-0.0,-0.34,0.37,0.69,0.88,169.1,202.0,0.0,0.0,0.0,0.0
1776452617973686437,45423,0.0,0.9,0.0,1.3,0.06,-0.16,29.12,-3.19,2.25,-0.14,-0.03,-0.36,0.63,0.25,0.44,169.1,213.0,0.0,0.0,0.0,0.0
1776452618071976841,45523,0.084,0.0,0.0,1.2,0.1,0.0,29.12,-3.19,2.19,0.16,0.01,-0.3,-0.5,-0.81,-0.19,164.98,213.0,0.0,0.0,0.0,0.0
1776452618174370339,45623,0.084,0.1,0.056,0.3,0.1,-0.04,29.12,-3.13,2.19,0.12,0.04,-0.34,-0.5,0.06,-0.63,164.98,207.0,0.0,0.0,0.0,0.0
1776452618272667077,45723,0.088,0.1,0.06,0.5,0.04,0.0,29.06,-3.13,1.94,0.36,0.07,-0.34,-0.88,-0.88,-1.0,164.98,183.0,0.0,0.0,0.0,0.0
1776452618370963406,45822,0.0,0.5,0.0,1.2,0.08,-0.04,28.94,-3.06,1.81,0.17,0.01,-0.33,-0.69,0.44,-1.37,164.98,183.0,0.0,0.0,0.0,0.0
1776452618473328053,45923,0.084,0.9,0.064,0.6,0.0,0.0,28.81,-3.06,1.75,0.01,0.1,-0.36,0.63,0.37,-1.25,164.98,193.0,0.0,0.0,0.0,0.0
1776452618571656734,46022,0.0,1.0,0.072,0.6,0.18,0.04,28.69,-3.19,1.88,-0.13,-0.11,-0.31,-0.12,1.19,-0.5,163.95,195.0,0.0,0.0,0.0,0.0
1776452618669938842,46121,0.0,0.7,0.068,0.3,0.04,-0.04,28.69,-3.19,1.88,-0.2,0.06,-0.4,1.81,0.5,-0.44,164.98,195.0,0.0,0.0,0.0,0.0
1776452618772345618,46221,0.084,0.1,0.068,1.2,0.08,0.0,28.69,-3.38,2.06,-0.22,-0.18,-0.34,-0.37,0.75,0.63,164.98,200.0,0.0,0.0,0.0,0.0
1776452618870644485,46321,0.088,0.0,0.064,0.5,0.04,-0.08,28.75,-3.38,2.0,-0.03,0.07,-0.35,0.37,-0.37,0.37,164.98,200.0,0.0,0.0,0.0,0.0
1776452618968933259,46420,0.0,0.6,0.0,1.6,-0.04,0.02,28.75,-3.38,2.0,0.03,-0.0,-0.35,-0.06,0.19,0.31,164.98,191.0,0.0,0.0,0.0,0.0
1776452619071338238,46521,0.088,-0.1,0.0,0.3,-0.02,-0.14,28.75,-3.38,2.0,-0.02,-0.0,-0.35,0.19,0.06,-0.31,164.98,176.0,0.0,0.0,0.0,0.0
1776452619169631641,46621,0.0,1.2,0.068,0.2,0.06,-0.08,28.75,-3.38,1.94,0.13,0.02,-0.32,-0.0,-0.31,-0.94,164.98,176.0,0.0,0.0,0.0,0.0
1776452619271989398,46721,0.0,1.2,0.072,0.3,0.08,-0.12,28.62,-3.38,1.88,0.13,0.08,-0.36,0.06,0.19,-1.5,164.98,206.0,0.0,0.0,0.0,0.0
1776452619370280264,46822,0.0,1.1,0.068,0.4,0.04,-0.06,28.5,-3.38,1.88,0.0,-0.0,-0.36,-0.06,0.37,-0.94,164.98,177.0,0.0,0.0,0.0,0.0
1776452619472722481,46922,0.0,0.9,0.064,0.2,0.14,0.06,28.44,-3.38,1.88,0.11,-0.0,-0.36,-0.37,-0.31,-0.88,164.98,177.0,0.0,0.0,0.0,0.0
1776452619575146829,47023,0.0,0.7,0.064,0.2,0.12,-0.1,28.37,-3.38,1.75,0.05,0.04,-0.36,0.25,0.5,-0.88,164.98,192.0,0.0,0.0,0.0,0.0
1776452619673411751,47124,0.0,0.2,0.0,1.5,-0.02,0.04,28.25,-3.38,1.75,0.06,-0.0,-0.35,0.06,0.19,-1.25,168.58,208.0,0.0,0.0,0.0,0.0
1776452619771711951,47223,0.088,0.6,0.064,0.2,-0.04,0.02,28.12,-3.38,1.69,0.14,-0.0,-0.34,-0.63,-0.12,-1.12,164.98,208.0,0.0,0.0,0.0,0.0
1776452619874076578,47323,0.0,1.4,0.076,0.3,0.02,-0.14,28.0,-3.38,1.63,0.04,-0.0,-0.35,-0.25,0.19,-1.0,164.98,205.0,0.0,0.0,0.0,0.0
1776452619982447851,47423,0.0,1.3,0.064,0.3,0.1,-0.04,28.0,-3.38,1.63,-0.07,0.05,-0.35,0.69,0.5,0.0,166.18,205.0,0.0,0.0,0.0,0.0
1776452620074793328,47524,0.0,0.0,0.0,1.2,0.04,0.0,28.0,-3.44,1.56,0.2,-0.08,-0.35,-2.38,-0.75,-0.37,164.98,166.0,0.0,0.0,0.0,0.0
1776452620173088397,47624,0.088,0.9,0.056,0.3,0.31,0.06,27.87,-3.38,1.5,0.04,0.02,-0.37,0.44,0.12,-1.75,164.98,196.0,0.0,0.0,0.0,0.0
1776452620275450690,47724,0.0,0.9,0.052,0.2,0.08,0.08,27.75,-3.38,1.44,0.03,-0.0,-0.33,-0.0,0.06,-1.25,164.98,196.0,0.0,0.0,0.0,0.0
1776452620373731796,47823,0.0,0.7,0.072,0.5,0.0,-0.16,27.69,-3.38,1.44,-0.04,-0.0,-0.33,-0.06,0.12,0.12,160.87,211.0,0.0,0.0,0.0,0.0
1776452620476132754,47923,0.0,0.2,0.0,1.4,0.04,-0.12,27.69,-3.38,1.31,0.3,0.07,-0.39,-0.56,-0.69,0.81,160.87,196.0,0.0,0.0,0.0,0.0
1776452620574473358,48023,0.0,1.1,0.0,0.5,0.1,-0.16,27.81,-3.38,1.37,-0.12,-0.01,-0.32,0.06,0.63,2.63,160.87,196.0,0.0,0.0,0.0,0.0
1776452620672765501,48122,0.0,0.1,0.0,1.5,0.12,0.08,28.25,-3.38,1.37,0.07,-0.05,-0.39,-0.88,-0.44,4.75,160.7,198.0,0.0,0.0,0.0,0.0
1776452620771028219,48222,0.088,0.0,0.0,1.6,0.14,-0.1,28.69,-3.38,1.44,-0.12,-0.03,-0.34,0.12,-0.0,4.44,161.38,212.0,0.0,0.0,0.0,0.0
1776452620873450436,48322,0.084,0.0,0.0,1.7,-0.1,-0.1,29.06,-3.38,1.37,0.03,-0.0,-0.39,0.75,-0.56,4.06,161.38,212.0,0.0,0.0,0.0,0.0
1776452620971753819,48421,0.092,0.2,0.064,0.4,-0.06,-0.06,29.44,-3.31,1.44,-0.08,-0.01,-0.37,0.25,-0.75,3.38,165.5,202.0,0.0,0.0,0.0,0.0
1776452621074142203,48521,0.0,1.0,0.0,1.4,0.06,0.02,29.75,-3.31,1.44,0.07,-0.04,-0.35,-0.94,-0.94,2.38,165.5,202.0,0.0,0.0,0.0,0.0
1776452621172450696,48621,0.088,0.1,0.068,0.4,0.1,-0.14,29.87,-3.19,1.44,-0.03,-0.03,-0.32,1.06,-1.06,1.19,161.38,195.0,0.0,0.0,0.0,0.0
1776452621270700913,48720,0.096,0.2,0.0,1.3,0.08,0.06,30.0,-3.06,1.5,-0.02,-0.03,-0.37,1.0,-0.81,0.69,161.38,179.0,0.0,0.0,0.0,0.0
1776452621373134277,48820,0.08,0.1,0.0,1.3,0.02,0.04,30.06,-3.0,1.56,0.11,-0.0,-0.31,-1.0,-1.19,0.69,161.38,179.0,0.0,0.0,0.0,0.0
1776452621471432270,48920,0.096,0.3,0.0,1.7,-0.06,-0.2,30.06,-2.88,1.44,0.18,-0.02,-0.4,1.69,-1.06,0.69,165.67,198.0,0.0,0.0,0.0,0.0
1776452621569729967,49019,0.088,0.2,0.0,0.5,0.08,-0.06,30.19,-2.75,1.56,0.17,0.03,-0.32,0.44,-1.25,1.25,161.38,199.0,0.0,0.0,0.0,0.0
1776452621672126313,49119,0.0,1.3,0.068,0.3,0.14,-0.1,30.31,-2.63,1.69,-0.17,-0.03,-0.31,4.63,-1.12,1.88,161.38,199.0,0.0,0.0,0.0,0.0
1776452621770414752,49219,0.0,0.3,0.0,1.3,0.14,0.08,30.44,-2.5,2.0,-0.14,0.01,-0.37,2.5,-1.19,0.81,165.67,185.0,0.0,0.0,0.0,0.0
1776452621868704893,49318,0.084,0.1,0.0,1.2,0.06,-0.04,30.44,-2.44,2.31,-0.2,-0.04,-0.35,0.25,-0.94,-0.63,161.55,204.0,0.0,0.0,0.0,0.0
1776452621971114776,49419,0.08,0.0,0.0,1.1,0.0,-0.18,30.37,-2.38,2.5,-0.15,-0.02,-0.42,1.25,-0.56,-0.94,161.38,204.0,0.0,0.0,0.0,0.0
1776452622069431361,49519,0.084,0.2,0.052,0.2,0.04,-0.04,30.31,-2.38,2.56,0.01,-0.02,-0.36,-0.44,-0.75,-0.94,161.38,190.0,0.0,0.0,0.0,0.0
1776452622171814096,49619,0.0,1.1,0.068,0.1,0.06,-0.14,30.19,-2.38,2.63,0.2,-0.0,-0.31,-2.0,-0.88,-0.81,160.35,204.0,0.0,0.0,0.0,0.0
1776452622274184479,49720,0.0,1.0,0.068,0.4,0.04,0.1,30.12,-2.31,2.5,0.16,0.02,-0.39,2.25,-0.56,-0.63,161.38,204.0,0.0,0.0,0.0,0.0
1776452622372460287,49820,0.0,0.9,0.064,0.3,0.02,0.06,30.06,-2.31,2.63,-0.02,-0.0,-0.37,0.19,-0.69,-0.56,165.5,194.0,0.0,0.0,0.0,0.0
1776452622474850391,49921,0.0,0.2,0.0,1.7,-0.04,-0.04,30.0,-2.25,2.75,-0.16,-0.01,-0.32,0.81,-0.31,-0.75,162.07,194.0,0.0,0.0,0.0,0.0
1776452622573182920,50022,0.0,1.3,0.056,0.2,-0.12,0.1,29.94,-2.25,2.88,-0.11,-0.04,-0.23,-0.94,-0.63,-0.81,162.07,191.0,0.0,0.0,0.0,0.0
1776452622671489671,50121,0.0,0.0,0.0,1.0,0.08,0.06,29.81,-2.19,2.75,0.11,0.08,-0.41,2.5,-0.56,-1.69,161.9,190.0,0.0,0.0,0.0,0.0
1776452622773883442,50222,0.08,0.1,0.0,1.2,0.0,-0.1,29.62,-2.19,2.88,0.07,-0.03,-0.35,-0.56,-0.37,-2.38,166.18,190.0,0.0,0.0,0.0,0.0
1776452622876270769,50322,0.0,0.7,0.0,1.4,-0.02,0.0,29.44,-2.19,2.81,0.12,0.06,-0.35,0.12,-0.06,-1.88,162.07,198.0,0.0,0.0,0.0,0.0
1776452622974572169,50422,0.0,1.1,0.0,1.2,0.06,-0.08,29.25,-2.19,2.94,-0.12,0.04,-0.35,1.19,0.69,-1.19,166.18,179.0,0.0,0.0,0.0,0.0
1776452623076956069,50523,0.088,0.2,0.0,1.0,0.04,0.02,29.19,-2.25,3.0,0.0,-0.04,-0.36,-0.69,-0.06,-0.88,166.18,179.0,0.0,0.0,0.0,0.0
1776452623175270097,50623,0.0,0.6,0.0,1.4,0.18,-0.08,29.06,-2.25,2.94,-0.02,0.01,-0.3,-0.06,-0.0,-1.69,161.9,198.0,0.0,0.0,0.0,0.0
1776452623273531645,50722,0.084,0.3,0.0,1.5,0.18,-0.02,28.87,-2.31,3.0,-0.03,0.02,-0.33,0.56,0.31,-1.63,162.07,205.0,0.0,0.0,0.0,0.0
1776452623375914175,50822,0.088,0.0,0.068,0.1,0.14,0.0,28.75,-2.31,3.0,0.03,-0.0,-0.37,0.25,0.25,-1.25,166.87,205.0,0.0,0.0,0.0,0.0
1776452623474247813,50922,0.0,1.4,0.0,1.1,-0.08,-0.12,28.62,-2.31,3.0,0.0,-0.03,-0.39,0.06,0.44,-0.94,166.87,194.0,0.0,0.0,0.0,0.0
1776452623572598840,51021,0.0,0.9,0.0,1.6,-0.04,-0.04,28.62,-2.31,3.0,-0.02,-0.0,-0.33,-0.06,0.06,-0.31,166.87,194.0,0.0,0.0,0.0,0.0
1776452623674930853,51121,0.084,0.2,0.0,1.3,0.14,-0.04,28.62,-2.31,3.0,-0.05,-0.04,-0.32,0.06,0.44,-0.44,166.7,202.0,0.0,0.0,0.0,0.0
1776452623773232714,51221,0.092,0.2,0.0,1.6,0.1,-0.02,28.62,-2.31,2.94,0.23,-0.04,-0.33,-0.88,-0.44,-0.31,162.07,202.0,0.0,0.0,0.0,0.0
1776452623871514687,51320,0.088,0.1,0.0,1.6,0.14,-0.14,28.62,-2.31,2.81,0.1,0.03,-0.31,0.31,0.56,0.0,162.07,202.0,0.0,0.0,0.0,0.0
1776452623973920531,51421,0.0,1.2,0.0,0.3,-0.08,-0.04,28.69,-2.31,2.63,0.26,0.03,-0.37,0.69,0.31,1.37,162.07,205.0,0.0,0.0,0.0,0.0
1776452624072181060,51521,0.0,0.7,0.056,0.1,0.02,0.0,28.75,-2.44,2.75,-0.17,-0.02,-0.31,0.94,1.88,1.19,162.58,187.0,0.0,0.0,0.0,0.0
1776452624174671123,51621,0.0,0.7,0.052,0.2,0.08,-0.1,28.94,-2.56,2.69,0.35,-0.03,-0.38,-1.5,-0.25,1.88,162.07,187.0,0.0,0.0,0.0,0.0
1776452624277016115,51721,0.0,0.9,0.068,0.0,0.0,-0.14,29.06,-2.56,2.75,-0.09,0.02,-0.36,2.38,1.69,1.0,166.18,180.0,0.0,0.0,0.0,0.0
1776452624375258107,51822,0.0,1.0,0.0,1.7,0.12,-0.06,29.19,-2.75,2.88,-0.11,-0.07,-0.39,0.06,0.75,1.31,166.18,201.0,0.0,0.0,0.0,0.0
1776452624473567245,51921,0.088,0.9,0.064,0.4,0.12,-0.14,29.25,-2.75,2.94,-0.09,-0.06,-0.39,-0.06,0.06,0.5,161.38,201.0,0.0,0.0,0.0,0.0
1776452624575997273,52021,0.0,1.4,0.0,0.2,0.12,-0.04,29.25,-2.75,3.0,0.01,-0.01,-0.35,-0.88,0.06,0.12,162.07,183.0,0.0,0.0,0.0,0.0
1776452624674294744,52121,0.0,0.7,0.064,0.4,0.0,0.0,29.25,-2.75,3.0,-0.07,-0.0,-0.35,0.75,0.37,-0.19,161.38,183.0,0.0,0.0,0.0,0.0
1776452624772595549,52220,0.0,0.0,0.0,1.5,0.12,0.02,29.25,-2.75,3.0,0.11,-0.05,-0.39,-0.94,-0.12,-0.5,161.38,204.0,0.0,0.0,0.0,0.0
1776452624874989467,52320,0.088,0.1,0.076,0.3,0.02,-0.02,29.25,-2.75,3.0,-0.04,-0.0,-0.32,1.0,0.25,-0.63,161.38,204.0,0.0,0.0,0.0,0.0
1776452624973278476,52420,0.0,1.3,0.0,1.2,0.08,0.04,29.19,-2.81,2.94,0.13,-0.03,-0.38,-0.25,-0.25,-0.69,161.38,204.0,0.0,0.0,0.0,0.0
1776452625075689225,52520,0.088,0.3,0.056,0.4,0.02,-0.08,29.12,-2.81,3.0,-0.01,0.01,-0.37,0.19,0.44,-0.63,161.38,195.0,0.0,0.0,0.0,0.0
1776452625173964308,52620,0.0,0.9,0.072,0.1,0.06,-0.2,29.06,-2.81,3.0,0.05,-0.04,-0.39,-0.56,-0.12,-0.44,161.38,200.0,0.0,0.0,0.0,0.0
1776452625272268315,52720,0.0,0.1,0.0,1.3,-0.02,0.02,29.06,-2.81,2.94,0.06,-0.01,-0.39,0.12,-0.19,-0.63,165.67,200.0,0.0,0.0,0.0,0.0
1776452625374640362,52819,0.088,0.3,0.064,0.5,0.08,0.02,29.0,-2.81,3.0,-0.02,-0.05,-0.34,-0.19,-0.19,-0.81,165.5,204.0,0.0,0.0,0.0,0.0
1776452625472963017,52919,0.0,1.3,0.064,0.6,0.1,0.0,28.87,-2.81,2.94,-0.05,-0.02,-0.38,0.37,-0.19,-0.69,161.38,194.0,0.0,0.0,0.0,0.0
1776452625571218211,53019,0.0,1.3,0.0,1.2,0.1,-0.08,28.81,-2.81,2.94,0.1,0.01,-0.39,-0.75,-0.25,-0.69,162.07,194.0,0.0,0.0,0.0,0.0
1776452625673648719,53118,0.088,0.2,0.048,0.6,0.04,-0.1,28.81,-2.81,2.94,-0.01,-0.0,-0.33,-0.19,-0.19,-0.19,161.9,178.0,0.0,0.0,0.0,0.0
1776452625771957763,53218,0.0,0.8,0.06,0.4,0.0,-0.08,28.81,-2.81,2.94,-0.02,-0.03,-0.34,-0.19,-0.19,-0.56,162.07,178.0,0.0,0.0,0.0,0.0
1776452625874355216,53319,0.092,0.0,0.0,1.7,0.02,-0.1,28.81,-2.81,2.88,0.12,0.02,-0.39,-0.56,-0.5,-0.5,162.07,196.0,0.0,0.0,0.0,0.0
1776452625972632502,53419,0.084,1.1,0.06,0.3,0.16,-0.08,28.75,-2.81,2.88,0.13,0.01,-0.38,-0.37,-0.63,-1.12,161.9,205.0,0.0,0.0,0.0,0.0
1776452626075036140,53519,0.0,1.5,0.056,0.7,0.0,0.06,28.62,-2.75,2.88,0.16,0.05,-0.37,-0.31,-0.75,-1.19,162.07,205.0,0.0,0.0,0.0,0.0
1776452626173331128,53619,0.0,1.4,0.0,1.1,-0.08,-0.2,28.5,-2.75,2.88,0.05,0.02,-0.38,0.31,-0.25,-1.0,166.18,205.0,0.0,0.0,0.0,0.0
1776452626275734339,53719,0.0,-0.1,0.0,1.7,0.06,-0.02,28.5,-2.75,3.0,-0.24,-0.0,-0.38,1.75,-0.06,-0.19,166.18,201.0,0.0,0.0,0.0,0.0
1776452626373999662,53820,0.0,1.1,0.0,1.2,0.08,0.08,28.5,-2.75,3.13,-0.05,-0.03,-0.38,-0.25,-0.25,-0.44,166.18,201.0,0.0,0.0,0.0,0.0
1776452626476410187,53920,0.0,0.3,0.0,1.2,0.2,-0.08,28.5,-2.81,3.19,-0.12,-0.0,-0.38,0.63,-0.5,-0.63,163.1,205.0,0.0,0.0,0.0,0.0
1776452626574710435,54021,0.0,1.1,0.052,0.3,0.08,-0.14,28.37,-2.81,3.25,0.04,0.02,-0.36,0.12,-0.5,-1.31,166.18,194.0,0.0,0.0,0.0,0.0
1776452626677105591,54121,0.0,0.2,0.0,1.3,0.02,-0.1,28.25,-2.81,3.25,0.1,0.02,-0.36,-0.75,-0.44,-1.75,163.1,194.0,0.0,0.0,0.0,0.0
1776452626775398523,54222,0.08,0.1,0.0,1.2,-0.02,0.0,28.06,-2.75,3.19,0.1,0.03,-0.36,0.25,-0.69,-2.0,161.9,205.0,0.0,0.0,0.0,0.0
1776452626877795624,54322,0.0,0.9,0.0,0.7,0.06,0.08,27.87,-2.75,3.13,0.22,0.06,-0.37,-0.12,-0.44,-1.63,162.07,205.0,0.0,0.0,0.0,0.0
1776452626976082483,54423,0.0,1.3,0.064,0.4,0.0,-0.16,27.69,-2.75,3.13,0.15,0.04,-0.37,0.37,-0.56,-1.37,161.9,192.0,0.0,0.0,0.0,0.0
1776452627078482878,54522,0.0,0.0,0.072,0.3,0.25,-0.12,27.62,-2.63,3.06,0.12,0.1,-0.38,0.69,-0.81,-1.25,162.07,199.0,0.0,0.0,0.0,0.0
1776452627176736645,54623,0.0,1.0,0.072,0.3,0.14,-0.06,27.5,-2.63,3.19,-0.11,0.03,-0.36,1.63,-0.37,-1.0,161.9,199.0,0.0,0.0,0.0,0.0
1776452627279162502,54723,0.0,0.9,0.0,0.3,0.0,-0.04,27.37,-2.63,3.25,-0.02,0.01,-0.36,-0.12,-0.37,-0.75,161.9,204.0,0.0,0.0,0.0,0.0
1776452627377439453,54823,0.0,1.1,0.056,0.1,0.08,-0.02,27.37,-2.63,3.25,-0.08,0.02,-0.33,1.31,-0.12,-0.69,165.5,201.0,0.0,0.0,0.0,0.0
1776452627479866329,54923,0.0,1.2,0.072,0.6,0.14,-0.14,27.25,-2.63,3.31,-0.05,0.03,-0.34,-0.06,-0.37,-1.0,165.5,201.0,0.0,0.0,0.0,0.0
1776452627578161872,55023,0.0,1.3,0.072,0.4,0.08,-0.06,27.19,-2.63,3.31,0.03,0.02,-0.38,-0.63,-0.31,-1.19,161.38,187.0,0.0,0.0,0.0,0.0
1776452627680571711,55123,0.0,0.4,0.0,1.4,-0.08,-0.1,27.06,-2.63,3.31,-0.03,0.07,-0.41,0.06,-0.25,-0.88,162.41,198.0,0.0,0.0,0.0,0.0
1776452627778828126,55224,0.08,0.3,0.0,0.7,0.14,-0.06,27.06,-2.63,3.38,-0.1,0.07,-0.34,-0.37,-0.56,0.19,161.38,198.0,0.0,0.0,0.0,0.0
1776452627881264002,55325,0.0,-0.1,0.0,1.6,0.08,0.02,27.06,-2.63,3.31,0.03,0.07,-0.33,0.63,-0.19,0.19,169.61,186.0,0.0,0.0,0.0,0.0
1776452627979551656,55425,0.088,0.3,0.0,1.5,-0.02,-0.06,27.06,-2.63,3.31,0.07,0.09,-0.36,0.12,-0.31,0.31,165.5,186.0,0.0,0.0,0.0,0.0
1776452628081947310,55525,0.0,1.3,0.0,1.1,-0.02,0.02,27.06,-2.63,3.31,0.12,0.06,-0.39,-1.0,-0.44,0.19,161.38,198.0,0.0,0.0,0.0,0.0
1776452628180256259,55625,0.084,0.3,0.068,0.3,0.06,-0.2,27.06,-2.63,3.25,-0.06,0.1,-0.38,0.31,-0.0,-0.12,164.98,195.0,0.0,0.0,0.0,0.0
1776452628282638376,55726,0.0,0.6,0.0,1.3,-0.06,-0.1,27.06,-2.63,3.25,-0.08,0.03,-0.34,-0.69,-0.0,-0.06,164.98,195.0,0.0,0.0,0.0,0.0
1776452628380899770,55826,0.084,0.4,0.0,1.5,0.18,-0.2,27.06,-2.63,3.19,0.07,0.03,-0.4,-0.94,-0.56,-0.12,164.98,198.0,0.0,0.0,0.0,0.0
1776452628483326386,55926,0.088,0.1,0.0,1.3,0.21,0.12,27.06,-2.63,3.19,0.18,0.04,-0.39,-0.63,-0.31,0.25,164.98,183.0,0.0,0.0,0.0,0.0
1776452628581623150,56026,0.088,1.0,0.072,0.5,-0.04,-0.06,27.12,-2.56,3.0,0.5,0.09,-0.39,-2.19,-0.69,1.81,161.38,183.0,0.0,0.0,0.0,0.0
1776452628684034081,56126,0.0,1.3,0.072,0.4,0.04,-0.02,27.31,-2.5,2.81,-0.22,0.05,-0.32,1.12,0.56,1.44,164.98,204.0,0.0,0.0,0.0,0.0
1776452628782315605,56226,0.0,1.1,0.052,0.5,0.02,-0.16,27.5,-2.44,2.63,0.39,0.07,-0.36,-2.38,-1.19,2.75,161.38,201.0,0.0,0.0,0.0,0.0
1776452628890657479,56326,0.0,1.2,0.0,1.3,0.0,-0.04,27.75,-2.38,2.44,0.0,0.1,-0.35,0.31,0.19,2.13,165.67,201.0,0.0,0.0,0.0,0.0
1776452628983006782,56426,0.0,1.0,0.0,1.5,0.08,-0.04,27.87,-2.31,2.38,0.07,0.05,-0.3,-1.69,-0.69,1.63,161.38,202.0,0.0,0.0,0.0,0.0
1776452629081303379,56525,0.0,0.3,0.0,1.2,0.1,-0.1,28.0,-2.31,2.31,-0.12,0.03,-0.33,-0.69,-0.12,0.69,161.38,168.0,0.0,0.0,0.0,0.0
1776452629183713457,56626,0.084,0.3,0.0,0.6,0.0,0.0,28.12,-2.25,2.19,-0.15,0.04,-0.33,-0.63,-0.63,1.19,165.5,168.0,0.0,0.0,0.0,0.0
1776452629281956740,56726,0.0,0.7,0.048,0.5,0.02,-0.04,28.25,-2.25,2.25,-0.14,0.04,-0.34,-1.5,-0.12,1.69,162.07,208.0,0.0,0.0,0.0,0.0
1776452629384355541,56826,0.0,0.2,0.0,1.4,0.02,-0.06,28.44,-2.19,2.13,0.0,0.05,-0.33,-1.0,-0.19,2.31,166.18,208.0,0.0,0.0,0.0,0.0
1776452629482680229,56926,0.0,1.3,0.0,1.1,0.1,-0.04,28.62,-2.19,2.06,0.03,-0.0,-0.34,-1.81,-0.37,1.31,161.9,213.0,0.0,0.0,0.0,0.0
1776452629580993158,57026,0.0,0.4,0.0,1.6,0.12,-0.1,28.75,-2.13,1.88,0.13,0.08,-0.38,-0.37,-0.37,0.75,166.7,177.0,0.0,0.0,0.0,0.0
1776452629683379256,57125,0.088,0.3,0.0,1.5,-0.02,-0.02,28.75,-2.13,1.94,-0.29,0.02,-0.37,-0.06,0.5,-0.12,166.7,177.0,0.0,0.0,0.0,0.0
1776452629781654019,57226,0.096,0.1,0.0,1.7,0.06,-0.02,28.75,-2.13,2.0,0.0,0.04,-0.39,-1.69,-0.31,0.63,166.87,188.0,0.0,0.0,0.0,0.0
1776452629884076912,57326,0.092,0.3,0.072,0.6,0.16,-0.02,28.75,-2.13,2.0,-0.29,0.08,-0.37,1.0,1.06,0.31,166.7,207.0,0.0,0.0,0.0,0.0
1776452629982353935,57425,0.0,1.2,0.06,0.4,0.04,0.02,28.81,-2.19,2.19,-0.19,-0.02,-0.4,-0.56,0.25,0.94,166.7,207.0,0.0,0.0,0.0,0.0
1776452630084764623,57525,0.0,0.8,0.06,0.1,-0.02,0.04,28.87,-2.19,2.25,0.0,0.01,-0.34,-0.81,-0.12,0.12,166.87,187.0,0.0,0.0,0.0,0.0
1776452630183071737,57626,0.0,0.9,0.0,0.3,0.12,-0.06,28.87,-2.19,2.19,0.03,0.03,-0.29,-0.88,-0.37,-0.56,166.87,195.0,0.0,0.0,0.0,0.0
1776452630281385905,57725,0.0,1.3,0.076,0.5,0.1,-0.02,28.75,-2.19,2.0,0.34,0.03,-0.37,-1.25,-0.81,-1.5,166.18,195.0,0.0,0.0,0.0,0.0
1776452630383705708,57825,0.0,1.1,0.0,1.1,-0.02,-0.16,28.56,-2.13,1.88,0.25,-0.0,-0.28,-1.56,-0.25,-2.19,162.07,203.0,0.0,0.0,0.0,0.0
1776452630482029710,57926,0.0,0.1,0.08,0.4,0.02,-0.12,28.37,-2.06,1.44,0.24,0.14,-0.35,0.63,-0.19,-1.69,161.9,203.0,0.0,0.0,0.0,0.0
1776452630584451046,58025,0.028,0.3,0.0,0.1,-0.1,-0.14,28.31,-2.06,1.44,-0.09,0.03,-0.38,0.37,0.25,-0.31,161.9,190.0,0.0,0.0,0.0,0.0
1776452630682734919,58126,0.0,0.7,0.0,0.5,0.12,-0.08,28.31,-2.06,1.5,0.01,-0.07,-0.36,-2.06,-0.25,0.63,165.5,195.0,0.0,0.0,0.0,0.0
1776452630785126145,58226,0.088,0.4,0.0,1.4,0.14,-0.14,28.37,-2.0,1.44,0.02,0.07,-0.38,0.25,0.19,0.31,161.38,195.0,0.0,0.0,0.0,0.0
1776452630883426870,58327,0.088,0.1,0.0,0.5,0.2,-0.16,28.37,-2.06,1.44,-0.01,0.05,-0.34,0.19,0.63,0.31,161.38,207.0,0.0,0.0,0.0,0.0
1776452630985815781,58427,0.0,0.2,0.0,1.7,-0.08,-0.1,28.37,-2.13,1.37,0.03,-0.04,-0.31,-1.44,-0.0,0.37,161.38,187.0,0.0,0.0,0.0,0.0
1776452631084123172,58527,0.0,1.5,0.0,1.3,0.04,-0.12,28.37,-2.19,1.44,-0.21,-0.07,-0.34,0.19,1.37,-0.63,164.98,187.0,0.0,0.0,0.0,0.0
1776452631186526600,58627,0.08,0.1,0.064,0.3,0.16,0.0,28.37,-2.25,1.5,-0.25,-0.0,-0.41,0.63,0.5,-0.31,160.87,196.0,0.0,0.0,0.0,0.0
1776452631284783955,58728,0.0,0.2,0.068,0.3,0.14,-0.1,28.37,-2.25,1.5,-0.11,-0.07,-0.39,-0.44,0.44,0.0,164.98,219.0,0.0,0.0,0.0,0.0
1776452631383028643,58827,0.0,1.2,0.068,0.3,0.04,-0.14,28.44,-2.25,1.37,0.25,0.03,-0.32,-1.63,0.31,1.31,161.38,219.0,0.0,0.0,0.0,0.0
1776452631485512273,58927,0.0,1.3,0.064,0.3,0.04,-0.14,28.56,-2.25,1.44,-0.25,0.02,-0.31,1.5,0.69,2.19,161.38,183.0,0.0,0.0,0.0,0.0
1776452631583781960,59027,0.0,1.2,0.06,0.5,0.02,-0.18,28.87,-2.31,1.5,0.06,-0.0,-0.34,-2.38,-0.56,3.38,165.5,191.0,0.0,0.0,0.0,0.0
1776452631686191722,59127,0.0,1.1,0.072,0.3,0.02,-0.08,29.19,-2.31,1.31,0.11,0.03,-0.32,-0.63,-0.06,3.5,162.07,191.0,0.0,0.0,0.0,0.0
1776452631784532833,59227,0.0,0.6,0.0,1.5,0.1,-0.16,29.5,-2.31,1.31,0.01,-0.01,-0.34,-0.63,0.06,2.81,161.9,197.0,0.0,0.0,0.0,0.0
1776452631886879411,59327,0.096,0.1,0.068,0.5,-0.04,-0.04,29.75,-2.25,1.25,0.04,-0.01,-0.33,-1.5,-0.69,2.13,166.18,197.0,0.0,0.0,0.0,0.0
1776452631985185320,59428,0.0,1.2,0.0,1.1,-0.14,0.0,29.94,-2.19,1.19,0.08,-0.04,-0.33,-1.37,-1.19,0.94,166.7,191.0,0.0,0.0,0.0,0.0
1776452632087570915,59528,0.0,0.7,0.064,0.3,0.1,-0.1,29.94,-2.06,1.19,-0.08,-0.04,-0.3,0.44,-1.44,0.19,166.7,200.0,0.0,0.0,0.0,0.0
1776452632185884008,59628,0.0,0.9,0.056,0.5,0.04,-0.2,29.87,-1.94,1.0,0.29,-0.0,-0.37,-0.25,-1.37,-1.0,166.87,200.0,0.0,0.0,0.0,0.0
1776452632284083623,59727,0.0,0.9,0.0,1.6,-0.02,-0.02,29.81,-1.81,1.06,-0.03,0.01,-0.31,1.0,-1.5,-0.81,170.99,192.0,0.0,0.0,0.0,0.0
1776452632386569362,59827,0.092,0.1,0.068,0.2,0.21,-0.08,29.75,-1.75,1.06,0.0,0.02,-0.35,0.44,-0.69,-0.5,171.5,208.0,0.0,0.0,0.0,0.0
1776452632484860715,59927,0.0,0.2,0.0,1.1,0.2,-0.04,29.69,-1.63,1.06,0.07,-0.02,-0.33,0.12,-0.81,-1.37,166.7,208.0,0.0,0.0,0.0,0.0
1776452632587224718,60027,0.088,0.3,0.0,1.3,0.06,-0.12,29.44,-1.63,1.12,0.11,-0.0,-0.4,1.44,-0.56,-3.19,166.7,195.0,0.0,0.0,0.0,0.0
1776452632685536014,60127,0.088,-0.1,0.0,1.2,-0.06,-0.2,29.06,-1.56,1.12,0.35,-0.04,-0.37,-1.5,-1.0,-4.19,166.7,195.0,0.0,0.0,0.0,0.0
1776452632793895717,60227,0.088,0.2,0.0,1.0,0.04,-0.02,28.62,-1.56,1.31,0.01,-0.0,-0.32,5.25,0.69,-4.88,166.18,195.0,0.0,0.0,0.0,0.0
1776452632886236202,60326,0.0,1.1,0.076,0.3,0.0,-0.02,28.19,-1.69,1.63,-0.04,0.01,-0.32,2.5,1.12,-3.56,166.18,195.0,0.0,0.0,0.0,0.0
1776452632988685849,60427,0.0,0.6,0.064,0.1,0.0,-0.06,28.0,-1.81,1.81,0.03,0.01,-0.31,1.75,1.56,-1.06,166.18,195.0,0.0,0.0,0.0,0.0
1776452633086934481,60527,0.096,0.0,0.0,1.5,0.04,0.02,28.0,-1.94,1.94,0.0,0.06,-0.4,2.63,1.56,0.81,165.67,182.0,0.0,0.0,0.0,0.0
1776452633185210629,60627,0.088,0.2,0.0,1.2,0.06,-0.02,28.06,-2.13,2.31,-0.29,-0.02,-0.33,2.19,2.69,0.75,165.5,203.0,0.0,0.0,0.0,0.0
1776452633287573020,60727,0.084,0.3,0.0,1.1,0.1,-0.02,28.12,-2.31,2.44,-0.05,-0.02,-0.37,0.19,0.75,0.25,165.5,203.0,0.0,0.0,0.0,0.0
1776452633385913352,60828,0.088,0.3,0.064,0.3,0.06,-0.08,28.06,-2.44,2.56,-0.05,-0.09,-0.33,-0.88,0.75,-1.63,165.5,191.0,0.0,0.0,0.0,0.0
1776452633488316519,60928,0.0,0.0,0.0,1.4,0.08,-0.08,27.94,-2.44,2.56,0.01,-0.0,-0.33,0.12,0.25,-0.81,161.38,187.0,0.0,0.0,0.0,0.0
1776452633590737166,61029,0.092,0.3,0.0,1.4,-0.08,-0.14,27.94,-2.44,2.44,0.39,-0.0,-0.36,-2.19,-0.94,-0.12,165.5,187.0,0.0,0.0,0.0,0.0
1776452633689009426,61129,0.088,0.5,0.0,1.1,0.06,-0.18,27.94,-2.44,2.38,-0.1,-0.0,-0.34,0.5,1.25,-0.06,165.5,191.0,0.0,0.0,0.0,0.0
1776452633791402871,61229,0.088,0.2,0.068,0.5,0.18,-0.08,27.94,-2.56,2.38,-0.03,-0.07,-0.33,-1.0,0.12,0.25,165.5,203.0,0.0,0.0,0.0,0.0
1776452633889679650,61330,0.084,0.2,0.0,1.1,0.1,0.0,27.94,-2.56,2.31,0.06,-0.01,-0.34,-0.37,-0.25,-0.25,165.67,203.0,0.0,0.0,0.0,0.0
1776452633998054314,61430,0.088,0.1,0.072,0.1,0.04,-0.12,27.94,-2.56,2.31,-0.06,0.01,-0.35,-0.5,-0.31,0.63,165.67,202.0,0.0,0.0,0.0,0.0
1776452634090376723,61530,0.0,0.3,0.0,1.5,-0.02,0.02,28.12,-2.5,2.25,0.18,-0.02,-0.26,-3.31,-0.94,2.44,161.38,202.0,0.0,0.0,0.0,0.0
1776452634188689555,61630,0.092,0.3,0.0,1.5,0.02,-0.2,28.44,-2.44,2.06,-0.04,-0.0,-0.39,2.19,-0.19,3.75,164.98,191.0,0.0,0.0,0.0,0.0
1776452634286967295,61729,0.088,0.2,0.0,0.3,0.08,-0.06,28.75,-2.38,2.25,-0.3,-0.01,-0.35,-1.37,-0.88,3.19,165.67,188.0,0.0,0.0,0.0,0.0
1776452634389324407,61829,0.0,0.1,0.0,0.1,0.04,-0.04,29.12,-2.31,2.13,0.15,-0.0,-0.37,-1.56,-0.63,4.13,162.41,188.0,0.0,0.0,0.0,0.0
1776452634497713162,61930,0.0,0.3,0.0,1.4,0.06,0.02,29.5,-2.25,2.06,0.06,0.02,-0.35,-0.0,-0.88,3.0,161.38,197.0,0.0,0.0,0.0,0.0
1776452634590067107,62029,0.084,0.2,0.0,1.6,0.02,-0.08,29.75,-2.19,2.06,-0.06,0.01,-0.35,0.19,-0.69,2.63,161.38,190.0,0.0,0.0,0.0,0.0
1776452634692452644,62130,0.084,1.2,0.076,0.1,0.21,-0.1,30.0,-2.13,2.13,-0.14,0.01,-0.29,-0.5,-0.88,2.75,161.38,190.0,0.0,0.0,0.0,0.0
1776452634790753847,62230,0.0,1.5,0.056,0.5,0.0,-0.04,30.31,-2.0,2.06,0.11,0.02,-0.34,-0.37,-0.63,3.38,161.38,189.0,0.0,0.0,0.0,0.0
1776452634889053660,62329,0.0,1.6,0.068,0.3,0.14,-0.14,30.62,-2.0,2.06,-0.08,0.01,-0.31,0.44,-0.75,2.75,161.38,194.0,0.0,0.0,0.0,0.0
1776452634991443141,62430,0.0,1.3,0.06,0.4,0.04,0.14,30.81,-1.94,2.13,-0.1,0.01,-0.35,0.25,-0.37,1.88,161.38,194.0,0.0,0.0,0.0,0.0
1776452635089745065,62530,0.0,0.2,0.06,0.3,0.06,-0.1,30.94,-1.94,2.13,0.1,0.04,-0.36,-0.69,-0.44,1.0,161.38,222.0,0.0,0.0,0.0,0.0
1776452635192101417,62630,0.0,0.9,0.064,0.2,0.12,0.02,31.0,-1.94,2.19,-0.08,-0.02,-0.41,1.19,0.12,0.31,161.38,222.0,0.0,0.0,0.0,0.0
1776452635290395656,62730,0.0,0.8,0.0,1.4,0.23,-0.04,31.0,-1.94,2.25,-0.08,0.01,-0.33,-0.56,-0.31,0.12,161.38,205.0,0.0,0.0,0.0,0.0
1776452635388651636,62830,0.096,0.1,0.0,1.4,0.14,0.0,31.0,-1.94,2.31,-0.1,-0.01,-0.36,0.88,-0.19,0.37,164.98,192.0,0.0,0.0,0.0,0.0
1776452635491123336,62929,0.088,0.3,0.0,0.4,0.14,0.04,31.0,-1.94,2.31,-0.08,0.02,-0.35,-0.19,-0.44,0.12,164.98,192.0,0.0,0.0,0.0,0.0
1776452635589464018,63029,0.0,0.6,0.06,0.4,0.12,-0.04,31.0,-1.94,2.31,0.01,0.02,-0.34,-0.0,-0.37,0.06,164.98,189.0,0.0,0.0,0.0,0.0
1776452635697765645,63129,0.0,0.7,0.06,0.5,0.12,-0.27,31.0,-1.88,2.25,0.32,0.03,-0.32,-1.5,-0.88,-0.06,165.5,183.0,0.0,0.0,0.0,0.0
1776452635790119090,63228,0.0,0.9,0.0,1.5,0.0,0.08,31.0,-1.81,1.88,0.21,0.02,-0.31,1.25,-0.56,-0.56,164.98,183.0,0.0,0.0,0.0,0.0
1776452635892508848,63329,0.088,-0.2,0.0,1.5,0.1,-0.04,30.94,-1.75,1.88,0.22,0.01,-0.29,-0.69,-1.0,-0.5,164.81,202.0,0.0,0.0,0.0,0.0
1776452635990806827,63429,0.0,0.4,0.0,1.2,0.04,-0.06,30.94,-1.63,1.69,0.2,0.07,-0.32,1.31,-1.0,-0.63,160.87,198.0,0.0,0.0,0.0,0.0
1776452636089102232,63529,0.0,0.8,0.068,0.5,0.02,-0.04,30.87,-1.56,1.69,0.12,0.06,-0.31,1.25,-0.37,-0.19,160.87,198.0,0.0,0.0,0.0,0.0
1776452636191495229,63629,0.0,0.5,0.0,1.5,0.16,-0.2,31.0,-1.56,1.81,-0.03,0.07,-0.33,1.37,0.88,1.81,161.9,197.0,0.0,0.0,0.0,0.0
1776452636289773116,63730,0.088,0.4,0.0,1.0,-0.04,-0.12,31.19,-1.63,1.94,-0.12,0.02,-0.38,0.88,0.63,2.5,160.7,208.0,0.0,0.0,0.0,0.0
1776452636392147151,63830,0.0,0.6,0.0,1.6,0.18,0.0,31.44,-1.63,2.13,-0.23,-0.01,-0.35,0.25,0.31,2.19,166.01,208.0,0.0,0.0,0.0,0.0
1776452636490448592,63931,0.092,0.9,0.076,0.2,0.12,-0.04,31.62,-1.63,2.19,-0.02,0.01,-0.37,-0.88,-0.06,1.63,161.38,195.0,0.0,0.0,0.0,0.0
1776452636592868608,64030,0.0,1.4,0.06,0.3,0.04,-0.14,31.75,-1.63,2.25,-0.23,0.03,-0.33,0.81,0.5,1.06,161.38,195.0,0.0,0.0,0.0,0.0
1776452636691136346,64131,0.0,1.2,0.0,1.0,0.08,0.06,31.87,-1.63,2.25,-0.09,0.03,-0.34,-0.44,-0.56,1.06,161.38,202.0,0.0,0.0,0.0,0.0
1776452636793575398,64231,0.0,0.9,0.064,0.2,0.02,-0.14,31.87,-1.63,2.31,-0.11,-0.03,-0.32,-0.19,-0.37,0.12,162.41,198.0,0.0,0.0,0.0,0.0
1776452636891865081,64331,0.0,0.9,0.064,0.5,0.02,-0.02,31.81,-1.63,2.31,0.01,-0.0,-0.32,0.12,-0.25,-1.31,161.38,198.0,0.0,0.0,0.0,0.0
1776452636994252412,64431,0.0,0.7,0.0,1.7,0.14,0.02,31.69,-1.63,2.31,0.0,0.03,-0.32,0.31,0.06,-1.12,161.38,212.0,0.0,0.0,0.0,0.0
1776452637092555611,64532,0.092,0.0,0.0,1.3,0.14,-0.06,31.62,-1.63,2.25,0.13,0.07,-0.38,0.25,0.37,0.5,166.18,194.0,0.0,0.0,0.0,0.0
1776452637194947664,64631,0.088,0.3,0.0,0.2,-0.06,-0.12,31.75,-1.69,2.44,-0.06,-0.01,-0.22,-0.88,0.75,1.56,165.5,194.0,0.0,0.0,0.0,0.0
1776452637293196198,64732,0.0,-0.1,0.0,1.4,-0.02,0.0,32.0,-1.69,2.44,-0.01,0.1,-0.3,2.0,1.0,2.38,165.5,201.0,0.0,0.0,0.0,0.0
1776452637395601639,64832,0.092,0.4,0.072,0.5,0.14,-0.04,32.25,-1.75,2.31,0.26,0.05,-0.33,-0.69,-0.0,3.44,165.5,201.0,0.0,0.0,0.0,0.0
1776452637493925708,64933,0.0,0.4,0.0,1.1,-0.08,0.02,32.56,-1.69,2.0,0.49,0.05,-0.33,-1.81,0.12,3.81,161.9,185.0,0.0,0.0,0.0,0.0
1776452637596335723,65033,0.0,0.6,0.06,0.3,0.06,0.1,32.94,-1.69,1.69,0.14,0.1,-0.41,1.75,2.19,3.25,165.5,185.0,0.0,0.0,0.0,0.0
1776452637694608905,65134,0.0,0.3,0.0,1.3,0.1,-0.06,33.31,-1.94,1.94,-0.27,0.02,-0.32,0.88,2.81,4.5,161.38,185.0,0.0,0.0,0.0,0.0
1776452637797026919,65233,0.088,0.2,0.0,1.3,0.06,-0.14,33.75,-2.06,1.94,-0.03,-0.0,-0.41,-1.19,0.37,4.25,161.38,187.0,0.0,0.0,0.0,0.0
1776452637895314971,65334,0.088,0.8,0.0,1.1,-0.02,0.0,34.06,-2.13,1.94,-0.16,-0.05,-0.36,-0.63,0.56,2.38,161.38,191.0,0.0,0.0,0.0,0.0
1776452637997729189,65434,0.08,0.1,0.0,1.1,0.16,-0.1,34.19,-2.19,2.31,-0.39,-0.05,-0.38,-1.56,0.31,0.31,161.38,191.0,0.0,0.0,0.0,0.0
1776452638096007593,65534,0.084,0.2,0.052,0.4,0.12,-0.18,34.19,-2.25,2.44,-0.28,-0.08,-0.36,-1.37,0.31,-0.63,165.5,208.0,0.0,0.0,0.0,0.0
1776452638198407366,65634,0.0,1.0,0.064,0.4,0.18,0.04,34.06,-2.25,2.44,-0.15,-0.06,-0.38,-1.31,-0.31,-1.12,166.7,181.0,0.0,0.0,0.0,0.0
1776452638296709509,65735,0.0,0.7,0.068,0.4,0.12,0.0,34.0,-2.31,2.5,-0.29,-0.03,-0.35,-0.44,0.19,-0.81,165.5,181.0,0.0,0.0,0.0,0.0
1776452638399069376,65835,0.0,0.1,0.0,1.6,0.02,-0.02,34.0,-2.25,2.38,0.25,-0.0,-0.35,-2.31,-0.88,-0.25,164.98,183.0,0.0,0.0,0.0,0.0
1776452638497371019,65936,0.088,0.2,0.0,1.6,0.23,0.0,33.94,-2.25,2.25,0.16,-0.05,-0.31,-2.19,-0.31,-1.5,164.98,209.0,0.0,0.0,0.0,0.0
1776452638599797069,66035,0.08,0.0,0.064,0.3,0.02,-0.12,33.75,-2.19,1.94,0.22,0.05,-0.32,0.37,-0.37,-2.44,164.98,209.0,0.0,0.0,0.0,0.0
1776452638698069584,66136,0.0,1.3,0.0,1.2,0.1,-0.06,33.5,-2.19,1.81,0.16,-0.0,-0.35,-1.12,-0.37,-1.75,164.98,193.0,0.0,0.0,0.0,0.0
1776452638800486116,66236,0.0,0.7,0.064,0.3,-0.02,-0.08,33.44,-2.19,1.69,-0.02,0.07,-0.34,-0.75,-0.12,-0.06,164.47,186.0,0.0,0.0,0.0,0.0
1776452638898765704,66335,0.0,0.6,0.06,0.2,0.06,0.0,33.44,-2.19,1.75,-0.15,-0.02,-0.29,-1.56,-0.0,1.0,161.38,186.0,0.0,0.0,0.0,0.0
1776452639001167866,66435,0.0,0.1,0.0,1.4,-0.08,-0.12,33.63,-2.13,1.56,0.04,-0.0,-0.34,-1.0,-0.31,1.88,161.38,200.0,0.0,0.0,0.0,0.0
1776452639099470749,66536,0.088,0.3,0.0,1.2,0.02,-0.1,33.75,-2.13,1.5,-0.03,-0.02,-0.33,-1.12,-0.44,1.12,165.5,200.0,0.0,0.0,0.0,0.0
1776452639201857855,66636,0.0,0.4,0.072,0.2,0.06,-0.02,33.81,-2.13,1.44,-0.12,0.02,-0.38,0.19,-0.06,0.06,164.98,185.0,0.0,0.0,0.0,0.0
1776452639300108369,66737,0.0,0.9,0.0,1.3,0.12,-0.06,33.81,-2.13,1.44,0.04,-0.01,-0.36,-1.0,-0.69,-0.37,165.67,200.0,0.0,0.0,0.0,0.0
1776452639408463324,66837,0.088,0.3,0.0,1.5,0.12,-0.12,33.81,-2.06,1.31,0.2,0.04,-0.36,-0.75,-0.56,0.0,165.5,200.0,0.0,0.0,0.0,0.0
1776452639500835191,66936,0.088,0.0,0.0,1.5,0.27,0.02,33.81,-2.06,1.19,0.26,0.05,-0.33,-1.0,-0.37,1.19,161.38,217.0,0.0,0.0,0.0,0.0
1776452639599133833,67036,0.088,0.1,0.0,1.0,0.12,-0.2,34.0,-2.0,0.88,0.21,0.09,-0.39,1.19,0.5,1.94,161.38,182.0,0.0,0.0,0.0,0.0
1776452639701535957,67136,0.08,0.0,0.0,1.1,0.04,-0.08,34.19,-2.13,1.19,-0.42,-0.06,-0.27,0.75,1.69,2.38,162.41,182.0,0.0,0.0,0.0,0.0
1776452639799830655,67236,0.088,0.1,0.0,1.4,-0.02,-0.12,34.56,-2.13,1.06,0.34,0.1,-0.32,-0.75,-0.88,5.38,161.38,185.0,0.0,0.0,0.0,0.0
1776452639902225316,67336,0.0,0.2,0.0,1.2,-0.12,-0.04,35.06,-2.06,0.94,0.18,0.07,-0.32,1.69,1.44,4.44,164.98,185.0,0.0,0.0,0.0,0.0
1776452640000521366,67436,0.092,0.3,0.0,0.6,0.04,-0.23,35.5,-2.19,1.06,0.1,0.07,-0.35,2.63,1.44,5.56,160.7,195.0,0.0,0.0,0.0,0.0
1776452640108881653,67536,0.0,0.5,0.0,1.1,0.0,-0.08,36.06,-2.38,1.31,-0.02,0.01,-0.37,3.63,1.81,5.25,164.81,194.0,0.0,0.0,0.0,0.0
1776452640201214261,67637,0.088,0.3,0.0,1.2,0.06,-0.21,36.5,-2.5,1.63,0.04,-0.08,-0.37,0.31,0.88,3.44,164.3,194.0,0.0,0.0,0.0,0.0
1776452640303600181,67737,0.088,0.1,0.0,1.1,0.06,-0.14,36.75,-2.56,1.75,0.06,0.06,-0.32,1.81,1.44,1.56,164.3,192.0,0.0,0.0,0.0,0.0
1776452640401860175,67837,0.0,0.9,0.0,1.4,0.1,-0.1,36.94,-2.69,2.0,-0.13,0.01,-0.36,4.31,1.63,1.63,168.58,176.0,0.0,0.0,0.0,0.0
1776452640510284479,67937,0.088,0.2,0.0,1.4,0.1,-0.02,37.19,-2.81,2.31,-0.26,-0.06,-0.38,0.5,0.31,4.0,163.78,176.0,0.0,0.0,0.0,0.0
1776452640602596346,68037,0.088,0.3,0.0,1.5,0.1,-0.06,37.63,-2.81,2.56,-0.14,-0.01,-0.35,-0.56,-0.31,5.19,163.78,200.0,0.0,0.0,0.0,0.0
1776452640700883858,68137,0.0,1.2,0.072,0.5,0.2,-0.08,38.06,-2.81,2.63,-0.05,-0.0,-0.37,-0.19,-0.19,2.94,167.9,192.0,0.0,0.0,0.0,0.0
1776452640803288759,68237,0.0,1.3,0.072,0.3,-0.02,-0.08,38.25,-2.75,2.63,-0.08,-0.03,-0.33,0.06,-0.63,0.88,167.9,192.0,0.0,0.0,0.0,0.0
1776452640901577401,68337,0.0,1.3,0.0,1.2,0.21,-0.02,38.25,-2.69,2.63,-0.08,0.03,-0.34,0.31,-0.56,-0.06,167.9,190.0,0.0,0.0,0.0,0.0
1776452641003966821,68438,0.084,0.1,0.064,0.6,0.04,-0.02,38.25,-2.69,2.63,0.08,0.04,-0.34,-0.19,-0.5,1.0,167.9,176.0,0.0,0.0,0.0,0.0
1776452641106361647,68539,0.0,0.7,0.056,0.2,0.14,0.0,38.38,-2.63,2.5,0.31,0.05,-0.35,-1.88,-0.69,1.69,168.58,176.0,0.0,0.0,0.0,0.0
1776452641204679305,68639,0.0,1.2,0.06,0.3,0.1,0.02,38.56,-2.56,2.38,0.05,0.03,-0.36,1.44,-0.31,1.63,167.9,189.0,0.0,0.0,0.0,0.0
1776452641302953594,68739,0.0,0.6,0.06,0.0,-0.02,-0.23,38.69,-2.5,2.38,0.07,0.04,-0.37,-0.75,-1.19,1.25,164.47,189.0,0.0,0.0,0.0,0.0
1776452641405315162,68839,0.0,0.6,0.0,1.5,0.02,-0.08,38.75,-2.44,2.5,-0.15,-0.02,-0.29,0.81,-0.88,0.19,168.41,188.0,0.0,0.0,0.0,0.0
1776452641503653857,68938,0.092,0.3,0.0,1.7,0.14,-0.08,38.75,-2.25,2.38,0.25,0.08,-0.4,-0.06,-1.56,-0.37,168.58,195.0,0.0,0.0,0.0,0.0
1776452641601951072,69038,0.084,0.2,0.0,1.3,0.02,-0.1,38.81,-2.13,2.5,-0.02,0.01,-0.31,-0.25,-1.31,2.31,164.98,195.0,0.0,0.0,0.0,0.0
1776452641704316751,69139,0.088,0.3,0.0,1.3,0.27,-0.14,39.19,-2.0,2.56,-0.12,-0.08,-0.35,0.94,-0.81,4.69,164.98,186.0,0.0,0.0,0.0,0.0
1776452641802673426,69238,0.084,1.4,0.072,0.1,0.1,0.0,39.69,-1.88,2.56,-0.05,-0.0,-0.33,0.19,-1.37,5.0,164.98,195.0,0.0,0.0,0.0,0.0
1776452641905040254,69339,0.0,0.4,0.068,0.3,-0.06,-0.02,40.06,-1.75,2.63,-0.01,0.01,-0.33,0.37,-1.0,3.13,168.58,195.0,0.0,0.0,0.0,0.0
1776452642003333505,69439,0.0,0.8,0.0,1.6,0.08,0.02,40.31,-1.63,2.63,-0.08,-0.01,-0.37,1.25,-0.81,2.13,166.01,192.0,0.0,0.0,0.0,0.0
1776452642105723923,69539,0.084,0.1,0.0,1.7,0.06,0.02,40.5,-1.56,2.75,-0.23,0.01,-0.33,0.69,-1.0,1.94,160.87,189.0,0.0,0.0,0.0,0.0
1776452642204023970,69639,0.076,0.2,0.0,1.4,0.04,-0.12,40.69,-1.44,2.94,-0.23,-0.0,-0.39,-0.63,-0.94,2.81,164.98,189.0,0.0,0.0,0.0,0.0
1776452642306374352,69740,0.08,0.1,0.0,0.6,0.12,0.0,41.0,-1.44,3.06,-0.12,-0.0,-0.3,-1.37,-0.37,3.69,164.81,190.0,0.0,0.0,0.0,0.0
1776452642404733416,69839,0.0,1.3,0.068,0.3,0.18,-0.02,41.5,-1.37,2.94,0.0,0.03,-0.37,1.0,0.19,5.38,164.98,190.0,0.0,0.0,0.0,0.0
1776452642507121223,69940,0.0,1.3,0.076,0.5,-0.08,-0.1,42.0,-1.31,3.0,0.05,0.01,-0.36,-1.37,-0.37,5.5,164.98,196.0,0.0,0.0,0.0,0.0
1776452642605408733,70040,0.0,1.3,0.072,0.3,0.04,-0.04,42.56,-1.31,2.88,0.14,-0.0,-0.35,-0.69,-0.25,5.94,164.98,195.0,0.0,0.0,0.0,0.0
1776452642707812336,70140,0.0,1.2,0.072,0.3,0.02,-0.06,43.06,-1.25,2.75,0.25,0.02,-0.34,-1.56,-0.63,4.44,164.81,195.0,0.0,0.0,0.0,0.0
1776452642806093939,70240,0.0,1.2,0.0,1.4,0.04,-0.04,43.38,-1.25,2.69,0.24,-0.0,-0.33,-1.75,-0.44,3.25,164.98,199.0,0.0,0.0,0.0,0.0
1776452642904359413,70340,0.088,0.4,0.0,0.4,0.1,-0.16,43.69,-1.19,2.44,0.19,0.01,-0.35,-0.06,-0.37,2.69,164.98,207.0,0.0,0.0,0.0,0.0
1776452643006812366,70439,0.0,0.5,0.0,0.2,-0.02,0.08,43.94,-1.12,2.38,0.1,0.04,-0.33,-0.25,-0.37,2.13,164.98,207.0,0.0,0.0,0.0,0.0
1776452643105080228,70539,0.0,1.2,0.072,0.5,0.02,-0.14,44.13,-1.12,2.38,-0.05,0.04,-0.34,-0.37,-0.44,2.88,164.98,178.0,0.0,0.0,0.0,0.0
1776452643203335646,70639,0.0,1.2,0.068,0.6,0.0,0.0,44.44,-1.12,2.38,0.0,0.02,-0.34,-1.75,-0.31,3.19,164.98,185.0,0.0,0.0,0.0,0.0
1776452643305804079,70738,0.0,1.3,0.064,0.5,0.06,-0.08,44.75,-1.06,2.06,0.32,0.09,-0.36,-0.44,-0.37,3.63,164.81,185.0,0.0,0.0,0.0,0.0
1776452643404029868,70838,0.0,0.3,0.0,0.4,0.06,0.02,45.06,-1.06,2.13,-0.16,0.03,-0.32,-0.37,-0.12,2.88,164.98,197.0,0.0,0.0,0.0,0.0
1776452643506474691,70938,0.0,0.1,0.0,1.5,0.08,-0.16,45.38,-1.0,1.94,0.16,0.04,-0.39,-1.19,-0.63,4.06,164.98,200.0,0.0,0.0,0.0,0.0
1776452643604782292,71037,0.088,0.1,0.0,1.3,0.2,-0.08,45.81,-1.0,1.94,-0.22,0.02,-0.3,-1.56,-0.5,4.31,161.55,200.0,0.0,0.0,0.0,0.0
1776452643703027581,71137,0.0,1.3,0.072,0.6,0.06,-0.04,46.31,-0.94,1.81,0.12,0.06,-0.35,-0.5,-0.44,5.69,164.98,202.0,0.0,0.0,0.0,0.0
1776452643805468996,71238,0.0,1.0,0.068,0.3,0.16,-0.08,46.88,-0.88,1.75,0.05,0.05,-0.35,-0.75,-0.37,6.5,166.53,202.0,0.0,0.0,0.0,0.0
1776452643907910430,71339,0.0,1.1,0.068,0.2,0.0,-0.02,47.56,-0.81,1.69,0.0,0.05,-0.35,0.12,-0.94,7.13,161.38,206.0,0.0,0.0,0.0,0.0
1776452644006150904,71439,0.0,1.3,0.0,1.3,0.18,-0.16,48.19,-0.69,1.69,-0.2,-0.01,-0.37,0.56,-0.81,5.81,165.5,208.0,0.0,0.0,0.0,0.0
1776452644104461393,71539,0.088,-0.1,0.0,0.9,-0.12,0.0,48.63,-0.63,1.88,-0.33,0.04,-0.39,0.37,-0.37,3.69,165.5,208.0,0.0,0.0,0.0,0.0
1776452644206841199,71640,0.084,0.7,0.052,0.6,0.06,-0.14,48.94,-0.56,2.31,-0.31,0.01,-0.34,-0.56,0.19,2.69,162.07,189.0,0.0,0.0,0.0,0.0
1776452644305100523,71740,0.0,0.2,0.0,1.4,0.14,-0.16,49.25,-0.5,2.38,-0.05,0.02,-0.33,-1.0,0.06,3.38,166.18,199.0,0.0,0.0,0.0,0.0
1776452644407480847,71839,0.092,-0.1,0.0,1.5,0.02,-0.12,49.69,-0.5,2.19,0.22,0.16,-0.33,-0.06,0.37,5.75,166.18,199.0,0.0,0.0,0.0,0.0
1776452644505808484,71939,0.088,0.0,0.0,1.7,0.18,-0.08,50.31,-0.56,2.13,0.17,0.01,-0.33,-1.0,1.19,7.44,166.01,201.0,0.0,0.0,0.0,0.0
1776452644608241491,72039,0.0,1.3,0.072,0.5,0.02,-0.08,51.19,-0.63,2.06,0.24,0.02,-0.3,-1.69,1.0,9.0,166.18,201.0,0.0,0.0,0.0,0.0
1776452644706521592,72139,0.0,0.2,0.0,0.4,0.25,0.02,52.06,-0.63,1.75,0.33,0.02,-0.31,-1.0,1.12,9.38,166.18,187.0,0.0,0.0,0.0,0.0
1776452644804791379,72239,0.0,0.7,0.0,1.5,0.0,0.0,53.0,-0.69,1.56,0.06,0.09,-0.34,2.25,2.19,8.13,166.18,204.0,0.0,0.0,0.0,0.0
1776452644907212461,72339,0.088,0.1,0.0,1.4,0.1,-0.12,53.75,-0.88,1.63,0.02,-0.01,-0.4,0.25,1.5,7.81,166.01,204.0,0.0,0.0,0.0,0.0
1776452645005577726,72439,0.0,1.6,0.06,0.5,0.0,0.0,54.38,-1.0,1.69,-0.08,-0.0,-0.36,-0.12,1.69,6.31,165.5,201.0,0.0,0.0,0.0,0.0
1776452645107917754,72539,0.0,1.3,0.076,0.5,-0.02,-0.08,54.94,-1.12,1.69,-0.01,-0.0,-0.34,0.44,1.63,6.31,165.5,186.0,0.0,0.0,0.0,0.0
1776452645206165004,72639,0.0,1.2,0.0,1.0,-0.04,0.0,55.63,-1.31,1.69,0.0,0.05,-0.36,0.31,1.88,7.38,165.5,186.0,0.0,0.0,0.0,0.0
1776452645308545290,72739,0.084,0.1,0.0,1.1,0.04,0.02,56.38,-1.44,1.75,0.14,0.02,-0.41,-0.25,1.75,8.44,164.98,187.0,0.0,0.0,0.0,0.0
1776452645406870852,72839,0.084,0.2,0.0,1.2,0.0,-0.1,57.19,-1.56,1.75,0.09,0.07,-0.37,1.12,1.69,7.88,164.98,195.0,0.0,0.0,0.0,0.0
1776452645515239041,72939,0.084,0.1,0.0,1.1,0.08,-0.04,57.94,-1.69,1.75,0.16,0.02,-0.45,0.75,1.0,7.13,164.98,195.0,0.0,0.0,0.0,0.0
1776452645607598551,73039,0.084,0.1,0.0,1.3,0.04,0.18,58.63,-1.81,1.88,0.09,-0.02,-0.32,-1.63,1.06,7.5,164.98,189.0,0.0,0.0,0.0,0.0
1776452645709975244,73140,0.088,0.4,0.0,1.0,0.12,-0.02,59.38,-1.88,1.88,0.0,0.18,-0.39,1.31,2.5,8.38,164.98,186.0,0.0,0.0,0.0,0.0
1776452645808284362,73240,0.08,0.2,0.0,1.0,-0.02,-0.04,60.25,-2.13,2.06,-0.31,0.02,-0.38,1.69,3.25,10.0,164.81,186.0,0.0,0.0,0.0,0.0
1776452645906571592,73339,0.08,0.2,0.0,1.0,0.04,-0.1,61.31,-2.31,2.31,-0.2,-0.02,-0.36,-0.88,1.19,10.88,164.98,189.0,0.0,0.0,0.0,0.0
1776452646008981970,73439,0.0,0.6,0.0,1.5,0.02,-0.08,62.31,-2.38,2.38,-0.23,0.03,-0.36,0.88,1.31,9.56,164.98,189.0,0.0,0.0,0.0,0.0
1776452646107263755,73539,0.08,0.2,0.0,1.7,0.02,-0.04,63.19,-2.56,2.94,-0.51,-0.03,-0.36,0.75,2.0,8.19,164.81,191.0,0.0,0.0,0.0,0.0
1776452646205535725,73639,0.08,0.1,0.0,0.5,0.0,0.02,63.94,-2.75,3.5,-0.44,-0.08,-0.36,0.31,1.0,7.81,164.98,185.0,0.0,0.0,0.0,0.0
1776452646307940102,73739,0.0,0.0,0.0,1.7,0.14,-0.04,64.69,-2.75,3.69,-0.17,-0.02,-0.34,-0.5,0.25,7.56,165.5,185.0,0.0,0.0,0.0,0.0
1776452646406205239,73839,0.08,0.2,0.0,1.4,0.06,0.08,65.5,-2.69,3.69,0.12,0.04,-0.34,-1.37,0.06,8.44,161.38,192.0,0.0,0.0,0.0,0.0
1776452646508600616,73938,0.08,0.2,0.0,1.2,0.16,-0.18,66.44,-2.69,3.56,0.22,0.05,-0.29,-1.12,1.06,11.0,165.5,192.0,0.0,0.0,0.0,0.0
1776452646606914677,74039,0.088,-0.1,0.0,1.4,0.0,-0.16,67.87,-2.56,3.25,0.73,0.22,-0.32,-3.56,0.31,19.44,166.18,192.0,0.0,0.0,0.0,0.0
1776452646709334887,74140,0.08,0.2,0.0,0.5,0.06,-0.02,70.12,-2.5,3.13,0.05,-0.01,-0.35,2.56,2.75,23.0,165.5,187.0,0.0,0.0,0.0,0.0
1776452646807614061,74240,0.0,1.4,0.068,0.2,0.12,-0.14,72.19,-2.56,3.25,-0.06,-0.14,-0.4,-1.63,0.25,21.0,165.5,191.0,0.0,0.0,0.0,0.0
1776452646910014586,74340,0.0,1.3,0.0,1.1,0.18,0.0,74.06,-2.5,3.25,0.03,-0.04,-0.38,-1.56,0.37,18.31,165.67,191.0,0.0,0.0,0.0,0.0
1776452647008309833,74440,0.08,0.1,0.0,1.3,0.02,-0.06,75.62,-2.5,3.38,-0.25,-0.16,-0.32,0.19,1.37,13.25,164.98,192.0,0.0,0.0,0.0,0.0
1776452647110708728,74540,0.088,0.1,0.0,1.1,0.0,-0.12,76.87,-2.5,3.31,0.2,0.01,-0.38,-2.0,-0.25,13.0,164.98,192.0,0.0,0.0,0.0,0.0
1776452647209023492,74640,0.084,0.2,0.0,0.3,0.0,-0.04,78.19,-2.44,3.19,0.07,0.05,-0.37,0.25,0.88,13.81,164.98,191.0,0.0,0.0,0.0,0.0
1776452647307256407,74740,0.0,0.9,0.064,0.7,0.2,-0.04,79.56,-2.44,3.13,0.11,-0.0,-0.44,-0.88,0.5,14.81,161.38,193.0,0.0,0.0,0.0,0.0
1776452647409655043,74840,0.0,0.9,0.056,0.2,0.0,-0.04,80.94,-2.5,3.25,-0.07,-0.03,-0.28,-2.5,1.19,13.75,165.5,193.0,0.0,0.0,0.0,0.0
1776452647518072358,74941,0.0,1.4,0.064,0.3,0.08,-0.02,82.69,-2.38,3.0,0.33,0.2,-0.37,-1.31,0.75,21.69,165.5,188.0,0.0,0.0,0.0,0.0
1776452647610422848,75040,0.0,0.9,0.06,0.4,0.12,-0.02,84.81,-2.44,3.06,-0.35,-0.13,-0.35,1.44,2.06,20.19,164.98,189.0,0.0,0.0,0.0,0.0
1776452647708650967,75140,0.0,0.8,0.076,0.0,0.0,-0.12,86.5,-2.56,3.5,-0.52,-0.15,-0.34,-0.19,0.88,13.81,164.98,189.0,0.0,0.0,0.0,0.0
1776452647811083249,75240,0.0,0.5,0.0,1.6,0.18,-0.02,87.56,-2.69,3.88,-0.28,-0.08,-0.35,-0.94,0.25,9.13,164.98,187.0,0.0,0.0,0.0,0.0
1776452647909382422,75339,0.0,1.4,0.06,0.5,0.02,-0.08,88.19,-2.69,3.94,-0.16,-0.1,-0.38,-0.25,0.63,5.5,160.87,181.0,0.0,0.0,0.0,0.0
1776452648007677575,75439,0.0,1.3,0.084,0.5,0.02,0.0,88.5,-2.75,4.13,-0.23,-0.19,-0.31,0.31,0.37,-0.06,164.98,181.0,0.0,0.0,0.0,0.0
1776452648110063007,75539,0.0,0.9,0.068,0.6,0.16,-0.2,88.5,-2.75,4.06,0.24,0.17,-0.31,-0.12,-0.25,0.12,165.5,190.0,0.0,0.0,0.0,0.0
1776452648208410658,75639,0.0,0.9,0.0,1.4,0.14,-0.08,88.62,-2.75,3.94,0.39,0.07,-0.35,-1.69,0.88,3.94,161.38,190.0,0.0,0.0,0.0,0.0
1776452648310729295,75739,0.092,0.0,0.0,1.5,0.12,-0.12,89.37,-2.69,3.63,0.25,0.09,-0.27,-0.06,1.0,10.5,161.38,194.0,0.0,0.0,0.0,0.0
1776452648409022133,75839,0.0,1.3,0.068,0.3,0.1,-0.08,91.12,-2.56,3.25,0.55,0.17,-0.38,-1.5,0.56,24.69,161.38,187.0,0.0,0.0,0.0,0.0
1776452648507307009,75939,0.0,1.3,0.072,0.4,0.14,-0.18,93.5,-2.56,3.31,-0.1,-0.09,-0.29,-1.69,1.25,23.62,164.98,187.0,0.0,0.0,0.0,0.0
1776452648609760697,76039,0.0,1.2,0.064,0.2,0.02,-0.16,96.0,-2.44,3.13,0.11,0.06,-0.33,-1.19,0.5,25.75,164.98,184.0,0.0,0.0,0.0,0.0
1776452648708043684,76139,0.0,1.4,0.072,0.2,0.04,0.04,98.31,-2.38,3.13,0.05,-0.04,-0.34,-2.81,0.31,23.0,164.98,190.0,0.0,0.0,0.0,0.0
1776452648810467873,76239,0.0,0.1,0.0,1.3,0.12,-0.08,100.62,-2.25,2.88,0.23,-0.0,-0.34,-1.75,-0.19,24.31,164.98,190.0,0.0,0.0,0.0,0.0
1776452648908729823,76339,0.088,0.2,0.0,0.2,0.04,-0.08,102.87,-2.13,2.69,0.15,-0.05,-0.35,-3.13,-0.81,22.31,164.98,185.0,0.0,0.0,0.0,0.0
1776452649011128254,76440,0.0,1.3,0.0,1.1,-0.04,-0.12,104.81,-2.0,2.63,-0.09,-0.03,-0.33,-1.31,-0.0,17.87,164.98,195.0,0.0,0.0,0.0,0.0
1776452649109406851,76539,0.092,0.3,0.0,1.7,-0.02,-0.06,106.44,-1.94,2.5,0.09,0.04,-0.36,-1.94,-0.56,16.62,164.98,195.0,0.0,0.0,0.0,0.0
1776452649211782004,76639,0.092,0.3,0.0,1.7,0.1,-0.08,108.0,-1.88,2.5,-0.28,-0.01,-0.23,-0.81,0.63,14.81,164.98,181.0,0.0,0.0,0.0,0.0
1776452649310074027,76740,0.092,0.2,0.0,1.4,0.0,-0.08,109.56,-1.75,2.38,0.11,0.1,-0.36,-1.63,-0.75,17.94,164.98,181.0,0.0,0.0,0.0,0.0
1776452649408339180,76839,0.0,1.3,0.072,0.4,0.1,-0.16,111.37,-1.69,2.25,0.18,0.04,-0.34,-2.69,-0.19,19.06,161.38,190.0,0.0,0.0,0.0,0.0
1776452649510802756,76940,0.088,0.3,0.0,0.8,0.16,-0.14,113.12,-1.63,2.25,-0.26,-0.02,-0.37,1.56,0.5,16.5,160.87,189.0,0.0,0.0,0.0,0.0
1776452649609114074,77040,0.0,0.9,0.052,0.3,0.04,0.08,114.62,-1.56,2.56,-0.27,-0.01,-0.34,-0.63,-0.44,14.56,165.5,189.0,0.0,0.0,0.0,0.0
1776452649711477024,77139,0.0,0.8,0.064,0.2,-0.02,-0.06,116.0,-1.5,2.56,-0.06,0.06,-0.39,-1.0,-0.12,14.25,161.9,189.0,0.0,0.0,0.0,0.0
1776452649809773787,77240,0.0,1.0,0.0,1.4,0.06,-0.04,117.31,-1.44,2.69,-0.21,-0.0,-0.33,1.5,0.75,12.75,161.38,187.0,0.0,0.0,0.0,0.0
1776452649912201845,77340,0.084,0.3,0.0,1.6,0.04,-0.2,118.44,-1.5,2.94,-0.3,-0.02,-0.39,0.44,0.63,10.38,165.5,187.0,0.0,0.0,0.0,0.0
1776452650010484127,77440,0.096,0.0,0.0,1.5,0.1,0.04,119.31,-1.5,3.38,-0.33,-0.02,-0.27,-0.44,0.69,8.94,161.38,183.0,0.0,0.0,0.0,0.0
1776452650108772260,77540,0.088,0.3,0.0,1.7,0.0,-0.12,120.37,-1.44,3.19,0.23,0.13,-0.35,-1.94,-0.44,11.88,161.38,191.0,0.0,0.0,0.0,0.0
1776452650211187782,77639,0.092,1.0,0.072,0.1,-0.04,-0.12,121.37,-1.44,3.19,-0.02,0.03,-0.34,-0.06,1.44,11.56,161.38,191.0,0.0,0.0,0.0,0.0
1776452650313627450,77740,0.0,1.2,0.068,0.6,0.0,-0.06,122.5,-1.44,3.13,0.16,0.04,-0.33,-2.31,0.37,12.19,161.9,186.0,0.0,0.0,0.0,0.0
1776452650411861066,77840,0.0,1.3,0.06,0.3,0.06,-0.06,123.75,-1.44,3.06,-0.06,0.04,-0.32,1.19,1.19,10.38,162.07,188.0,0.0,0.0,0.0,0.0
1776452650510157440,77939,0.0,1.2,0.0,1.1,0.1,-0.04,124.69,-1.44,3.0,0.15,0.03,-0.38,-1.63,-0.25,11.19,162.07,188.0,0.0,0.0,0.0,0.0
1776452650612559906,78040,0.0,0.6,0.08,0.4,0.04,0.02,125.69,-1.44,3.13,-0.25,0.01,-0.3,0.44,1.12,8.06,162.07,186.0,0.0,0.0,0.0,0.0
1776452650710855909,78140,0.0,-0.1,0.028,0.4,0.06,-0.02,126.31,-1.44,3.13,-0.07,0.01,-0.35,-0.5,0.25,5.63,162.07,186.0,0.0,0.0,0.0,0.0
1776452650813253208,78240,0.0,1.6,0.06,0.3,0.18,-0.14,126.75,-1.5,3.25,-0.21,-0.06,-0.34,0.5,0.56,3.56,166.18,186.0,0.0,0.0,0.0,0.0
1776452650911548767,78340,0.0,1.3,0.076,0.3,-0.02,-0.08,127.12,-1.5,3.38,-0.17,-0.0,-0.32,-0.19,-0.06,3.0,162.07,186.0,0.0,0.0,0.0,0.0
1776452651013949288,78441,0.0,1.3,0.08,0.0,0.16,-0.12,127.37,-1.5,3.31,0.05,-0.02,-0.3,-1.37,-0.25,3.06,161.9,186.0,0.0,0.0,0.0,0.0
1776452651112241198,78541,0.0,1.2,0.072,0.1,0.02,-0.04,127.69,-1.5,3.31,-0.19,0.03,-0.36,3.44,0.81,2.19,165.67,191.0,0.0,0.0,0.0,0.0
1776452651214636682,78641,0.0,1.4,0.072,0.3,0.1,-0.14,127.87,-1.56,3.44,-0.07,0.02,-0.38,-1.12,-0.25,2.06,161.38,187.0,0.0,0.0,0.0,0.0
1776452651312891334,78741,0.0,1.4,0.072,0.3,-0.04,-0.1,128.13,-1.5,3.44,0.06,0.04,-0.35,-1.44,0.31,2.69,161.38,187.0,0.0,0.0,0.0,0.0
1776452651411177151,78840,0.0,0.6,0.068,0.2,0.2,-0.1,128.38,-1.56,3.44,-0.21,0.03,-0.36,2.25,1.37,2.75,161.38,190.0,0.0,0.0,0.0,0.0
1776452651513630559,78940,0.0,1.0,0.0,0.2,0.14,0.0,128.75,-1.69,3.56,0.0,-0.0,-0.3,-1.81,0.81,5.38,161.38,186.0,0.0,0.0,0.0,0.0
1776452651611920228,79041,0.0,0.3,0.0,1.4,0.08,-0.02,129.44,-1.63,3.44,0.03,0.03,-0.36,-0.06,0.56,7.63,166.18,186.0,0.0,0.0,0.0,0.0
1776452651710169269,79140,0.056,0.5,0.064,0.3,0.08,-0.1,130.13,-1.69,3.63,-0.27,-0.04,-0.36,0.75,0.63,6.0,161.38,190.0,0.0,0.0,0.0,0.0
1776452651812612400,79240,0.0,0.0,0.0,1.4,0.16,-0.14,130.63,-1.69,3.81,-0.15,-0.01,-0.36,-1.25,-0.25,4.31,161.38,190.0,0.0,0.0,0.0,0.0
1776452651910906495,79340,0.06,0.2,0.0,1.7,-0.04,-0.1,131.0,-1.69,3.69,0.02,0.02,-0.33,-1.31,-0.0,3.63,165.5,194.0,0.0,0.0,0.0,0.0
1776452652013306256,79439,0.0,1.4,0.076,0.7,0.0,-0.08,131.44,-1.63,3.56,0.25,0.07,-0.36,-1.94,-0.12,5.44,161.38,182.0,0.0,0.0,0.0,0.0
1776452652111579925,79539,0.0,1.2,0.06,0.3,0.04,-0.08,132.0,-1.69,3.63,-0.23,-0.0,-0.28,0.81,1.75,5.75,161.38,182.0,0.0,0.0,0.0,0.0
1776452652209867501,79639,0.0,1.2,0.084,0.3,-0.06,-0.12,132.69,-1.69,3.56,0.0,0.01,-0.33,-0.88,0.5,8.19,161.38,190.0,0.0,0.0,0.0,0.0
1776452652312266169,79739,0.0,1.3,0.0,1.0,-0.08,0.0,133.56,-1.69,3.56,0.05,0.01,-0.28,-0.5,1.5,10.25,161.38,194.0,0.0,0.0,0.0,0.0
1776452652420609760,79839,0.088,0.4,0.0,1.4,0.08,-0.16,134.69,-1.69,3.31,0.35,-0.0,-0.34,-1.56,0.06,11.56,162.41,194.0,0.0,0.0,0.0,0.0
1776452652512976689,79940,0.092,0.2,0.0,1.3,0.08,-0.1,135.69,-1.63,3.19,0.12,-0.05,-0.32,0.12,0.88,9.19,164.98,191.0,0.0,0.0,0.0,0.0
1776452652611293172,80039,0.0,0.9,0.072,0.3,0.21,-0.12,136.5,-1.63,3.06,0.17,-0.04,-0.39,-0.06,-0.44,7.5,164.98,186.0,0.0,0.0,0.0,0.0
1776452652713674988,80140,0.0,0.9,0.068,0.3,0.08,-0.2,137.06,-1.63,3.13,-0.01,-0.08,-0.33,-0.88,-0.19,4.94,164.98,186.0,0.0,0.0,0.0,0.0
1776452652811963897,80240,0.0,1.1,0.072,0.2,0.0,-0.16,137.5,-1.63,3.06,-0.04,-0.0,-0.33,-0.44,-0.12,3.81,164.98,193.0,0.0,0.0,0.0,0.0
1776452652910231678,80339,0.0,0.6,0.068,0.5,-0.08,-0.02,137.75,-1.56,3.0,-0.03,-0.0,-0.35,0.12,0.25,2.44,164.81,193.0,0.0,0.0,0.0,0.0
1776452653012662048,80439,0.0,0.6,0.06,0.5,0.12,0.02,138.0,-1.56,3.0,-0.05,-0.04,-0.31,-1.0,-0.81,2.31,164.98,193.0,0.0,0.0,0.0,0.0
1776452653110953438,80540,0.0,0.8,0.06,0.3,0.12,-0.1,138.19,-1.5,2.94,-0.05,0.04,-0.29,-0.19,0.06,1.75,164.3,191.0,0.0,0.0,0.0,0.0
1776452653213363346,80640,0.0,0.9,0.0,1.4,0.02,-0.1,138.31,-1.5,2.81,0.0,-0.01,-0.39,0.5,-0.0,0.56,164.3,191.0,0.0,0.0,0.0,0.0
1776452653315688978,80741,0.08,0.1,0.0,1.7,0.06,-0.06,138.31,-1.56,2.75,0.08,0.02,-0.42,-2.44,-0.25,-0.44,164.47,185.0,0.0,0.0,0.0,0.0
1776452653413990608,80840,0.0,1.3,0.06,0.3,0.04,-0.04,138.31,-1.56,2.69,-0.06,-0.01,-0.33,-1.88,-0.12,1.5,164.3,186.0,0.0,0.0,0.0,0.0
1776452653516429033,80941,0.0,1.6,0.068,0.2,0.04,-0.1,138.56,-1.56,2.5,-0.12,0.02,-0.47,-0.19,-0.25,3.56,164.3,186.0,0.0,0.0,0.0,0.0
1776452653614769255,81042,0.0,1.4,0.08,0.4,0.1,0.0,138.94,-1.56,2.63,-0.33,-0.03,-0.27,-3.38,-0.69,4.69,164.47,185.0,0.0,0.0,0.0,0.0
1776452653713037145,81141,0.0,1.4,0.072,0.4,0.04,-0.02,139.44,-1.44,2.38,-0.11,0.06,-0.4,0.56,-0.44,4.56,164.98,195.0,0.0,0.0,0.0,0.0
1776452653815420572,81241,0.0,1.3,0.072,0.2,0.08,0.06,139.81,-1.44,2.75,-0.5,-0.02,-0.26,0.12,-0.19,3.31,164.81,195.0,0.0,0.0,0.0,0.0
1776452653913716202,81341,0.0,1.2,0.08,0.5,0.08,0.04,140.13,-1.37,2.94,-0.22,0.07,-0.37,-0.63,-0.44,3.38,164.98,181.0,0.0,0.0,0.0,0.0
1776452654016114592,81441,0.0,1.3,0.076,0.2,0.0,-0.08,140.44,-1.31,3.13,-0.15,-0.02,-0.32,-1.69,-0.81,2.81,164.81,181.0,0.0,0.0,0.0,0.0
1776452654114401184,81541,0.0,1.3,0.076,0.4,0.18,0.02,140.69,-1.25,3.0,0.03,-0.0,-0.34,-0.75,-0.63,2.81,164.98,190.0,0.0,0.0,0.0,0.0
1776452654216788444,81641,0.0,1.4,0.06,0.0,0.1,-0.16,141.0,-1.19,2.88,0.21,0.03,-0.38,-1.06,-0.81,4.13,164.98,194.0,0.0,0.0,0.0,0.0
1776452654315083777,81741,0.0,1.1,0.068,0.3,0.23,-0.02,141.5,-1.12,2.69,0.28,-0.0,-0.32,-1.94,-0.75,5.31,161.38,194.0,0.0,0.0,0.0,0.0
1776452654417457796,81841,0.0,1.2,0.072,0.7,0.06,-0.18,142.13,-1.06,2.31,0.28,0.09,-0.37,0.12,-0.12,7.81,161.38,196.0,0.0,0.0,0.0,0.0
1776452654515788350,81941,0.0,1.2,0.0,1.1,0.02,-0.16,143.0,-1.0,2.25,0.1,-0.02,-0.28,-0.88,-0.19,10.69,165.5,193.0,0.0,0.0,0.0,0.0
1776452654614122126,82041,0.084,0.5,0.0,1.6,0.06,0.0,144.25,-0.94,1.94,0.45,0.03,-0.35,-1.81,-0.63,13.69,165.15,193.0,0.0,0.0,0.0,0.0
1776452654716500090,82141,0.092,0.2,0.0,1.5,0.1,-0.08,145.56,-0.81,1.81,0.18,-0.02,-0.36,2.69,-0.75,13.06,165.5,191.0,0.0,0.0,0.0,0.0
1776452654814777016,82241,0.088,0.1,0.0,1.5,0.14,-0.04,146.63,-0.69,2.13,0.03,-0.02,-0.3,1.94,-1.5,9.5,164.98,184.0,0.0,0.0,0.0,0.0
1776452654913058553,82340,0.0,1.2,0.072,0.3,0.12,-0.08,147.31,-0.5,2.19,0.26,0.04,-0.36,1.19,-1.06,5.0,164.98,184.0,0.0,0.0,0.0,0.0
1776452655015472053,82440,0.0,0.1,0.0,1.2,0.0,-0.1,147.63,-0.37,2.38,0.02,-0.0,-0.41,6.75,-1.19,1.12,164.98,186.0,0.0,0.0,0.0,0.0
1776452655113745034,82541,0.084,0.3,0.0,1.2,-0.06,-0.1,147.63,-0.19,3.06,-0.55,0.07,-0.27,5.19,-1.63,0.63,160.87,184.0,0.0,0.0,0.0,0.0
1776452655216209605,82640,0.088,0.3,0.0,1.2,0.18,-0.08,147.81,-0.06,3.56,-0.12,0.1,-0.36,-1.81,-0.06,3.38,164.98,184.0,0.0,0.0,0.0,0.0
1776452655314451439,82740,0.0,1.0,0.072,0.3,-0.08,-0.16,148.25,-0.06,3.75,-0.39,-0.0,-0.39,1.94,0.5,4.25,164.98,197.0,0.0,0.0,0.0,0.0
1776452655412736808,82840,0.0,1.2,0.08,0.5,0.14,-0.25,148.69,-0.06,4.13,-0.23,-0.06,-0.32,-0.63,-0.06,5.44,164.98,197.0,0.0,0.0,0.0,0.0
1776452655515140659,82939,0.0,0.8,0.072,0.3,0.1,-0.02,149.19,-0.0,4.19,-0.09,-0.0,-0.33,0.75,0.31,3.94,164.98,196.0,0.0,0.0,0.0,0.0
1776452655613450472,83039,0.0,0.6,0.072,0.2,0.0,-0.12,149.44,-0.0,4.19,0.27,-0.07,-0.34,-2.19,-0.31,1.44,164.98,199.0,0.0,0.0,0.0,0.0
1776452655715824453,83140,0.0,1.0,0.068,0.6,0.08,-0.06,149.5,-0.0,3.88,0.08,-0.0,-0.34,1.31,0.69,-0.63,164.98,199.0,0.0,0.0,0.0,0.0
1776452655814141767,83239,0.0,1.0,0.06,0.4,0.1,-0.1,149.38,-0.12,4.0,0.02,-0.17,-0.28,-1.12,0.37,-1.75,164.98,187.0,0.0,0.0,0.0,0.0
1776452655916523377,83339,0.0,0.7,0.068,0.2,0.12,-0.08,149.13,-0.19,3.88,0.07,-0.08,-0.35,1.12,-0.12,-3.13,160.87,196.0,0.0,0.0,0.0,0.0
1776452656014830338,83439,0.0,0.0,0.0,1.5,0.1,-0.08,148.75,-0.19,3.88,0.08,-0.0,-0.41,-0.25,0.19,-4.25,164.98,196.0,0.0,0.0,0.0,0.0
1776452656113117078,83538,0.08,0.2,0.0,1.5,0.08,-0.12,148.38,-0.25,3.94,-0.16,-0.0,-0.37,-0.19,1.12,-3.0,164.98,188.0,0.0,0.0,0.0,0.0
1776452656215525890,83638,0.0,0.2,0.0,1.1,0.12,-0.1,148.25,-0.37,4.13,-0.35,0.03,-0.31,0.94,1.12,0.06,164.98,188.0,0.0,0.0,0.0,0.0
1776452656313785908,83738,0.068,0.3,0.0,1.0,0.14,0.0,148.38,-0.44,4.31,-0.21,-0.02,-0.35,-0.63,0.75,2.06,164.98,189.0,0.0,0.0,0.0,0.0
1776452656412077147,83837,0.068,0.3,0.0,0.3,0.12,-0.04,148.63,-0.5,4.38,-0.21,-0.06,-0.37,-0.5,0.19,2.75,161.38,183.0,0.0,0.0,0.0,0.0
1776452656514510237,83937,0.0,0.6,0.076,0.3,0.06,-0.12,148.88,-0.5,4.44,-0.04,-0.08,-0.36,-1.88,-0.25,1.69,162.58,183.0,0.0,0.0,0.0,0.0
1776452656612792661,84038,0.0,0.7,0.0,-0.1,-0.04,-0.14,149.06,-0.44,4.25,0.29,-0.0,-0.35,-0.88,-0.06,2.0,162.41,186.0,0.0,0.0,0.0,0.0
1776452656715196363,84139,0.0,0.4,0.0,1.0,-0.2,0.0,149.25,-0.44,4.13,0.11,-0.0,-0.34,-0.0,0.56,1.88,166.01,192.0,0.0,0.0,0.0,0.0
1776452656817617082,84240,0.08,0.2,0.0,0.9,0.14,-0.14,149.5,-0.44,4.0,0.3,-0.06,-0.32,-2.25,-0.31,4.0,164.98,192.0,0.0,0.0,0.0,0.0
1776452656915872063,84341,0.084,0.1,0.0,1.1,0.02,-0.04,150.06,-0.37,3.25,0.69,0.04,-0.36,-2.31,-0.5,7.44,161.38,191.0,0.0,0.0,0.0,0.0
1776452657018284561,84442,0.092,0.2,0.0,1.1,0.0,0.1,150.94,-0.31,2.94,0.08,-0.03,-0.36,1.19,0.88,9.44,165.5,185.0,0.0,0.0,0.0,0.0
1776452657120673003,84543,0.08,0.1,0.0,1.1,0.04,-0.06,151.94,-0.31,2.88,0.07,-0.02,-0.34,-1.56,-0.12,11.38,161.38,185.0,0.0,0.0,0.0,0.0
1776452657219016036,84642,0.0,1.0,0.068,0.1,0.06,-0.02,153.06,-0.25,2.81,0.0,-0.03,-0.39,0.81,0.06,11.13,161.38,203.0,0.0,0.0,0.0,0.0
1776452657317218240,84742,0.0,1.0,0.0,1.6,-0.08,-0.16,154.0,-0.19,2.88,-0.14,-0.02,-0.38,-0.5,-0.56,8.25,164.98,197.0,0.0,0.0,0.0,0.0
1776452657419630866,84842,0.084,1.2,0.068,0.1,0.1,-0.04,154.63,-0.06,2.88,-0.01,-0.0,-0.36,0.63,-0.94,4.81,164.98,197.0,0.0,0.0,0.0,0.0
1776452657517954196,84942,0.0,1.3,0.0,1.3,0.06,-0.14,155.0,-0.0,3.06,-0.18,-0.06,-0.37,1.5,-0.88,2.75,164.98,194.0,0.0,0.0,0.0,0.0
1776452657620347823,85042,0.072,0.2,0.068,0.3,-0.02,-0.14,155.19,0.06,3.19,-0.07,-0.0,-0.33,-0.75,-1.56,2.19,163.95,204.0,0.0,0.0,0.0,0.0
1776452657718657209,85142,0.0,1.0,0.064,0.6,0.0,0.08,155.44,0.19,3.19,0.04,0.07,-0.4,1.94,-0.37,2.5,165.5,204.0,0.0,0.0,0.0,0.0
1776452657816951040,85241,0.0,1.0,0.08,0.5,-0.12,-0.06,155.75,0.19,3.63,-0.29,-0.0,-0.32,2.63,0.06,4.25,165.5,188.0,0.0,0.0,0.0,0.0
1776452657919360018,85341,0.0,0.7,0.088,0.3,0.25,-0.08,156.25,0.25,3.94,-0.22,-0.01,-0.34,1.69,0.31,6.38,165.67,188.0,0.0,0.0,0.0,0.0
1776452658017638497,85441,0.0,1.0,0.0,1.4,0.04,-0.08,156.94,0.31,4.19,-0.13,-0.01,-0.39,1.69,-0.37,6.69,165.67,190.0,0.0,0.0,0.0,0.0
1776452658115942105,85540,0.072,0.4,0.0,1.4,0.02,-0.21,157.44,0.31,4.38,-0.11,-0.02,-0.34,1.06,-0.44,3.13,165.5,188.0,0.0,0.0,0.0,0.0
1776452658218332564,85641,0.08,0.3,0.0,0.3,0.04,-0.2,157.5,0.31,4.5,-0.14,-0.03,-0.31,1.56,-0.56,-1.88,164.98,188.0,0.0,0.0,0.0,0.0
1776452658316611247,85741,0.0,1.2,0.084,0.3,0.0,-0.04,157.13,0.37,4.56,0.04,-0.06,-0.38,1.06,-0.81,-4.31,164.98,197.0,0.0,0.0,0.0,0.0
1776452658418986670,85840,0.0,1.5,0.08,0.3,0.1,-0.1,156.75,0.44,4.63,0.18,-0.04,-0.33,0.06,-0.94,-3.5,165.67,198.0,0.0,0.0,0.0,0.0
1776452658517324220,85940,0.0,1.3,0.068,0.2,0.06,0.0,156.56,0.44,4.63,0.23,0.02,-0.37,1.5,-0.44,-1.06,164.98,198.0,0.0,0.0,0.0,0.0
1776452658615578237,86040,0.0,0.8,0.0,0.1,0.1,-0.1,156.56,0.44,4.75,-0.02,0.01,-0.34,2.75,-0.0,1.31,164.98,212.0,0.0,0.0,0.0,0.0
1776452658718000547,86140,0.0,1.0,0.0,1.2,-0.06,-0.12,156.75,0.44,5.13,-0.51,-0.0,-0.3,2.13,0.37,3.06,164.98,212.0,0.0,0.0,0.0,0.0
1776452658816300248,86240,0.0,0.6,0.072,0.4,0.02,-0.25,157.19,0.5,5.44,-0.13,-0.04,-0.37,-0.94,-0.37,5.81,164.98,182.0,0.0,0.0,0.0,0.0
1776452658918693559,86340,0.0,1.0,0.064,0.3,0.12,-0.1,157.81,0.5,5.56,-0.23,-0.04,-0.3,-0.44,-0.37,5.69,168.58,169.0,0.0,0.0,0.0,0.0
1776452659017007518,86440,0.0,0.1,0.0,1.5,-0.04,0.0,158.25,0.56,5.69,-0.28,-0.0,-0.34,0.88,-0.25,2.94,164.3,169.0,0.0,0.0,0.0,0.0
1776452659119395365,86540,0.076,0.2,0.0,1.6,0.14,0.02,158.44,0.56,5.81,-0.1,-0.02,-0.32,-0.81,-0.63,2.19,167.9,203.0,0.0,0.0,0.0,0.0
1776452659217698787,86640,0.08,0.1,0.0,0.4,-0.02,0.0,158.63,0.69,5.81,-0.01,-0.0,-0.27,-0.94,-0.81,0.94,168.07,184.0,0.0,0.0,0.0,0.0
1776452659315974598,86739,0.06,0.4,0.0,0.4,0.18,-0.12,158.63,0.69,5.75,0.11,-0.0,-0.29,-0.06,-0.63,-0.37,168.58,184.0,0.0,0.0,0.0,0.0
1776452659418347539,86839,0.0,0.9,0.0,1.4,-0.06,0.04,158.56,0.75,5.5,0.36,-0.0,-0.32,-1.12,-0.63,-0.75,168.58,189.0,0.0,0.0,0.0,0.0
1776452659516687663,86939,0.0,0.4,0.072,0.0,0.14,0.06,158.44,0.75,5.31,0.3,0.01,-0.32,-0.75,-0.69,-1.12,168.58,199.0,0.0,0.0,0.0,0.0
1776452659614990529,87038,0.088,0.2,0.0,0.6,0.08,0.02,158.44,0.81,5.25,0.25,-0.0,-0.26,-1.44,-0.31,0.5,168.07,199.0,0.0,0.0,0.0,0.0
1776452659717368581,87138,0.0,1.4,0.064,0.3,0.0,-0.12,158.63,0.81,4.81,0.4,0.03,-0.36,-0.81,-0.25,3.5,164.47,204.0,0.0,0.0,0.0,0.0
1776452659815718427,87239,0.0,1.2,0.08,0.4,0.2,-0.08,159.13,0.88,4.75,0.02,-0.02,-0.27,-0.69,-0.56,5.56,163.27,202.0,0.0,0.0,0.0,0.0
1776452659918047258,87339,0.0,1.4,0.076,0.8,0.08,0.0,159.75,1.0,4.63,-0.08,-0.01,-0.32,0.5,-0.44,6.31,168.58,202.0,0.0,0.0,0.0,0.0
1776452660016349013,87439,0.0,1.4,0.088,0.6,0.2,-0.12,160.25,1.12,4.69,-0.17,0.02,-0.32,-1.94,-0.75,4.94,168.58,205.0,0.0,0.0,0.0,0.0
1776452660124715651,87539,0.0,0.6,0.088,0.2,0.06,0.02,160.69,1.19,4.56,-0.07,-0.0,-0.3,-1.44,-0.81,4.81,164.98,205.0,0.0,0.0,0.0,0.0
1776452660217050243,87639,0.0,0.3,0.0,1.5,-0.04,-0.1,161.19,1.31,4.44,0.07,0.01,-0.35,-1.88,-0.69,5.0,165.67,202.0,0.0,0.0,0.0,0.0
1776452660319395832,87740,0.088,0.4,0.0,1.5,-0.04,0.02,161.63,1.44,4.44,-0.23,-0.01,-0.3,1.12,-0.75,4.0,164.98,196.0,0.0,0.0,0.0,0.0
1776452660417757658,87839,0.0,1.4,0.0,1.4,-0.1,-0.14,162.0,1.56,4.5,-0.02,-0.0,-0.33,-1.31,-0.37,4.69,164.98,196.0,0.0,0.0,0.0,0.0
1776452660515989544,87939,0.084,0.4,0.0,1.1,-0.02,-0.18,162.44,1.56,4.38,0.07,-0.0,-0.3,-0.19,-0.25,3.5,164.98,200.0,0.0,0.0,0.0,0.0
1776452660618446000,88039,0.068,0.2,0.0,1.0,0.14,0.06,162.75,1.63,4.44,-0.27,0.07,-0.31,1.06,-0.19,2.94,168.58,199.0,0.0,0.0,0.0,0.0
1776452660716710274,88138,0.0,1.0,0.068,0.5,0.18,0.08,163.0,1.69,4.56,0.1,-0.06,-0.32,-3.13,-0.37,2.31,168.58,199.0,0.0,0.0,0.0,0.0
1776452660819160267,88239,0.0,0.2,0.0,1.5,0.02,-0.04,163.19,1.75,4.5,-0.11,0.03,-0.31,1.81,-0.0,1.81,164.47,215.0,0.0,0.0,0.0,0.0
1776452660927471167,88340,0.084,0.0,0.0,1.6,-0.02,-0.14,163.44,1.75,4.38,0.17,0.03,-0.32,0.63,-0.69,2.44,164.47,215.0,0.0,0.0,0.0,0.0
1776452661019852905,88440,0.064,0.3,0.068,0.0,0.06,-0.08,163.69,1.81,4.38,0.06,0.02,-0.29,-1.81,-0.19,3.0,168.58,197.0,0.0,0.0,0.0,0.0
1776452661118112345,88540,0.0,1.2,0.0,1.2,0.14,-0.14,163.94,1.81,4.38,-0.23,0.06,-0.25,0.81,-0.06,2.0,168.58,187.0,0.0,0.0,0.0,0.0
1776452661220507894,88640,0.084,-0.1,0.0,1.3,0.04,-0.06,164.13,1.88,4.25,0.24,0.01,-0.31,-2.5,-0.75,1.75,168.58,187.0,0.0,0.0,0.0,0.0
1776452661318753446,88741,0.088,0.1,0.056,0.3,0.06,-0.1,164.25,1.94,4.06,0.14,0.07,-0.3,-0.06,0.56,1.63,164.98,198.0,0.0,0.0,0.0,0.0
1776452661421155736,88841,0.0,0.7,0.068,0.3,0.08,-0.12,164.5,1.88,4.06,-0.09,-0.0,-0.26,0.25,0.75,3.06,168.58,202.0,0.0,0.0,0.0,0.0
1776452661519490562,88941,0.0,0.9,0.072,0.0,0.0,-0.14,164.81,1.88,3.94,-0.03,-0.05,-0.29,-1.31,0.19,4.06,168.58,202.0,0.0,0.0,0.0,0.0
1776452661617776390,89040,0.0,0.9,0.0,1.5,0.1,-0.04,165.19,1.94,3.88,0.0,0.03,-0.31,-0.88,0.12,3.0,164.3,205.0,0.0,0.0,0.0,0.0
1776452661720180236,89140,0.088,0.1,0.0,1.5,0.04,-0.04,165.38,1.94,3.75,0.07,-0.02,-0.33,-1.63,0.44,1.12,164.3,177.0,0.0,0.0,0.0,0.0
1776452661818481934,89240,0.08,0.1,0.076,0.3,0.27,-0.1,165.38,1.88,3.69,-0.02,0.02,-0.3,-0.44,0.94,-0.81,164.3,177.0,0.0,0.0,0.0,0.0
1776452661920858243,89339,0.0,1.3,0.088,0.2,0.08,-0.02,165.38,1.81,3.75,-0.13,-0.09,-0.33,-1.25,0.37,-0.12,164.3,194.0,0.0,0.0,0.0,0.0
1776452665484578775,89440,0.0,1.1,0.06,0.1,0.06,0.0,165.31,1.88,3.56,0.08,-0.0,-0.32,-1.12,-0.56,-0.81,164.3,193.0,0.0,0.0,0.0,0.0
1776452665490276280,89540,0.0,1.2,0.0,1.1,-0.12,-0.08,165.25,1.88,3.38,0.22,-0.0,-0.3,-2.13,-0.12,-0.69,168.58,193.0,0.0,0.0,0.0,0.0
1776452665494843764,89640,0.088,0.2,0.0,1.3,0.12,-0.16,165.25,1.88,3.31,-0.11,0.02,-0.29,-0.88,0.94,-0.19,164.3,181.0,0.0,0.0,0.0,0.0
1776452665500244889,89740,0.0,0.7,0.0,1.2,0.08,-0.1,165.31,1.75,3.13,0.22,-0.05,-0.3,-2.0,0.31,1.19,168.58,181.0,0.0,0.0,0.0,0.0
1776452665504523068,89840,0.088,0.2,0.0,1.2,-0.02,-0.14,165.44,1.75,2.88,0.15,-0.03,-0.32,-0.94,0.56,1.75,168.58,210.0,0.0,0.0,0.0,0.0
1776452665521034026,89939,0.088,-0.1,0.0,1.6,0.2,-0.06,165.69,1.75,2.75,0.12,-0.04,-0.3,-2.44,0.19,3.06,168.58,216.0,0.0,0.0,0.0,0.0
1776452665529320189,90039,0.084,0.3,0.06,0.5,0.18,-0.12,166.0,1.75,2.5,0.08,-0.05,-0.34,-1.0,-0.0,3.69,165.67,216.0,0.0,0.0,0.0,0.0
1776452665542839056,90140,0.0,1.3,0.08,0.5,0.16,-0.14,166.31,1.81,2.44,-0.1,-0.07,-0.26,-1.75,-0.5,1.94,164.98,208.0,0.0,0.0,0.0,0.0
1776452665554793769,90240,0.0,1.4,0.0,1.2,0.29,-0.04,166.38,1.81,2.25,-0.01,-0.02,-0.31,-1.0,-0.25,0.69,168.58,187.0,0.0,0.0,0.0,0.0
1776452665623414461,90341,0.064,0.1,0.0,1.1,0.0,-0.04,166.44,1.81,2.13,-0.01,-0.02,-0.32,-1.69,-0.37,0.37,164.98,187.0,0.0,0.0,0.0,0.0
1776452665635868029,90441,0.088,0.1,0.0,1.6,0.02,-0.23,166.44,1.81,2.0,0.16,-0.03,-0.28,-2.0,-0.12,0.56,164.98,198.0,0.0,0.0,0.0,0.0
1776452665649427117,90541,0.0,1.3,0.064,0.0,-0.06,0.0,166.44,1.81,1.94,-0.05,-0.02,-0.27,-0.12,-0.56,0.31,164.98,180.0,0.0,0.0,0.0,0.0
1776452666331854048,90641,0.0,1.2,0.08,0.4,0.12,0.0,166.44,1.81,1.88,-0.03,-0.02,-0.32,-0.56,-0.37,0.12,164.98,180.0,0.0,0.0,0.0,0.0
1776452666334659144,90741,0.0,0.3,0.06,0.2,0.0,-0.08,166.5,1.81,1.81,0.27,-0.01,-0.33,-2.31,-0.63,0.94,164.98,195.0,0.0,0.0,0.0,0.0
1776452666347542087,90841,0.0,0.9,0.064,0.1,0.02,-0.12,166.63,1.88,1.56,0.18,-0.06,-0.34,-0.31,-0.88,2.38,165.15,195.0,0.0,0.0,0.0,0.0
1776452666360826665,90941,0.0,0.1,0.0,1.7,0.18,0.06,166.88,1.94,1.5,-0.01,-0.0,-0.26,-0.25,-0.94,2.75,164.98,202.0,0.0,0.0,0.0,0.0
1776452666426172368,91040,0.076,0.1,0.0,1.5,0.04,-0.04,167.13,2.0,1.44,0.08,-0.0,-0.36,-0.19,-0.69,2.13,161.55,178.0,0.0,0.0,0.0,0.0
1776452666439225139,91141,0.0,1.1,0.0,1.3,0.0,-0.06,167.38,2.13,1.37,0.0,-0.04,-0.32,-0.94,-0.88,3.63,165.67,178.0,0.0,0.0,0.0,0.0
1776452666451140168,91241,0.08,0.1,0.0,0.2,0.02,-0.04,167.75,2.19,1.31,-0.08,-0.03,-0.32,-0.25,-1.06,3.19,161.38,200.0,0.0,0.0,0.0,0.0
1776452666524480599,91340,0.0,0.1,0.0,1.4,0.18,0.02,167.94,2.31,1.19,0.19,-0.03,-0.33,-2.56,-1.5,-0.06,166.18,210.0,0.0,0.0,0.0,0.0
1776452666536952777,91440,0.08,0.0,0.0,1.4,0.02,-0.14,167.75,2.38,1.31,-0.23,-0.0,-0.24,1.44,0.31,-2.19,166.18,210.0,0.0,0.0,0.0,0.0
1776452666549931310,91541,0.084,0.0,0.0,1.4,0.02,-0.14,167.56,2.38,1.06,0.46,0.03,-0.35,-1.37,-0.5,-2.0,166.18,197.0,0.0,0.0,0.0,0.0
1776452666562931212,91640,0.088,1.2,0.088,0.6,0.12,-0.1,167.31,2.31,1.19,-0.19,0.17,-0.27,3.31,3.13,-2.88,166.18,189.0,0.0,0.0,0.0,0.0
1776452666626865830,91741,0.0,0.3,0.0,0.4,0.08,0.0,167.25,2.06,1.12,0.5,-0.03,-0.35,-3.44,0.5,0.94,166.18,189.0,0.0,0.0,0.0,0.0
1776452666640100632,91841,0.0,0.6,0.088,0.2,0.16,-0.14,167.31,1.88,1.31,-0.24,0.21,-0.31,5.56,5.0,0.44,166.01,203.0,0.0,0.0,0.0,0.0
1776452666652467943,91940,0.0,1.1,0.0,1.3,0.06,-0.18,167.38,1.25,1.81,-0.25,-0.15,-0.34,1.31,5.25,1.63,166.18,203.0,0.0,0.0,0.0,0.0
1776452667361355880,92041,0.092,0.1,0.0,1.6,0.06,-0.23,167.63,0.88,2.06,-0.23,-0.08,-0.32,2.13,3.0,2.13,166.18,203.0,0.0,0.0,0.0,0.0
1776452667425649617,92141,0.084,0.3,0.0,0.9,-0.04,-0.02,167.69,0.56,2.25,-0.13,-0.03,-0.36,1.81,2.69,-0.81,165.5,197.0,0.0,0.0,0.0,0.0
1776452667438438396,92241,0.0,1.4,0.064,0.2,0.04,-0.1,167.5,0.31,2.38,0.13,-0.07,-0.33,-0.81,1.94,-2.69,165.67,197.0,0.0,0.0,0.0,0.0
1776452667451672512,92341,0.0,1.2,0.072,0.4,0.02,0.08,167.25,0.06,2.5,-0.16,0.04,-0.33,2.25,3.0,-2.0,161.38,183.0,0.0,0.0,0.0,0.0
1776452667464182893,92442,0.0,1.2,0.0,1.1,0.08,0.12,167.19,-0.19,2.63,0.18,-0.26,-0.25,-2.25,0.94,-0.37,161.38,201.0,0.0,0.0,0.0,0.0
1776452667527926221,92541,0.0,0.9,0.08,0.3,0.04,-0.21,167.19,-0.12,2.31,0.38,0.08,-0.43,2.06,0.81,-1.06,161.38,201.0,0.0,0.0,0.0,0.0
1776452667539649423,92641,0.0,0.9,0.0,1.1,0.21,-0.1,167.06,-0.37,2.63,-0.31,-0.0,-0.22,2.75,3.19,-1.37,165.67,197.0,0.0,0.0,0.0,0.0
1776452667552879558,92741,0.08,0.4,0.0,1.4,0.0,-0.06,167.0,-0.5,2.56,0.22,-0.16,-0.31,-1.12,-0.06,0.0,161.38,193.0,0.0,0.0,0.0,0.0
1776452667626228210,92840,0.0,1.1,0.0,1.4,-0.06,0.06,166.94,-0.56,2.56,0.0,0.1,-0.39,3.69,0.25,-1.31,166.18,193.0,0.0,0.0,0.0,0.0
1776452667639518307,92940,0.072,-0.1,0.0,1.3,0.14,-0.08,166.81,-0.69,2.81,-0.15,-0.13,-0.33,-1.31,0.44,-1.56,166.18,201.0,0.0,0.0,0.0,0.0
1776452667651715086,93040,0.076,0.0,0.0,1.2,0.12,-0.02,166.63,-0.69,2.69,0.17,-0.05,-0.37,0.06,-1.12,-2.25,166.18,201.0,0.0,0.0,0.0,0.0
1776452667663320884,93140,0.0,0.3,0.0,1.7,0.1,0.06,166.38,-0.56,2.75,-0.01,0.01,-0.34,0.69,-0.88,-2.25,166.18,198.0,0.0,0.0,0.0,0.0
1776452667724513626,93241,0.06,0.4,0.076,0.6,0.06,-0.08,166.31,-0.56,2.81,0.07,-0.07,-0.33,-1.19,-0.75,-0.19,165.5,201.0,0.0,0.0,0.0,0.0
1776452667737856147,93342,0.0,1.0,0.072,0.5,0.0,-0.08,166.25,-0.5,2.81,-0.01,-0.07,-0.31,1.19,-0.75,-1.56,161.38,201.0,0.0,0.0,0.0,0.0
1776452667867408404,93442,0.0,1.1,0.072,0.5,0.1,0.02,165.94,-0.44,2.63,0.29,-0.0,-0.36,-0.06,-0.69,-3.88,161.38,186.0,0.0,0.0,0.0,0.0
1776452667925243604,93543,0.0,1.2,0.072,0.4,0.0,-0.14,165.5,-0.44,2.63,0.03,0.02,-0.35,2.38,0.12,-4.44,164.98,196.0,0.0,0.0,0.0,0.0
1776452667937368682,93642,0.0,1.1,0.0,1.1,0.0,-0.2,165.19,-0.44,2.75,-0.01,-0.01,-0.34,-0.63,-0.25,-1.94,164.98,196.0,0.0,0.0,0.0,0.0
1776452667949361894,93742,0.072,0.4,0.0,0.9,0.02,-0.02,165.13,-0.44,2.81,-0.27,-0.05,-0.34,0.19,-0.0,-1.5,164.3,199.0,0.0,0.0,0.0,0.0
1776452667962141525,93842,0.0,0.7,0.076,0.6,0.0,-0.14,164.88,-0.44,2.88,-0.22,-0.05,-0.33,0.06,-0.25,-2.5,168.41,183.0,0.0,0.0,0.0,0.0
1776452668027651815,93942,0.0,1.1,0.072,0.5,0.18,-0.04,164.63,-0.44,2.94,-0.05,-0.03,-0.38,-0.63,-0.69,-2.56,164.3,183.0,0.0,0.0,0.0,0.0
1776452668039907926,94042,0.088,1.4,0.084,0.6,0.04,-0.08,164.38,-0.44,2.94,-0.18,-0.0,-0.28,-0.88,-0.69,-3.06,168.41,204.0,0.0,0.0,0.0,0.0
1776452668051667478,94142,0.0,1.1,0.06,0.0,-0.02,-0.1,164.06,-0.37,2.88,0.0,0.03,-0.41,-0.0,-0.56,-3.56,164.98,187.0,0.0,0.0,0.0,0.0
1776452668125933027,94241,0.0,1.1,0.068,0.4,0.2,0.04,163.69,-0.37,2.81,0.25,-0.08,-0.33,-3.63,-1.0,-3.94,164.98,187.0,0.0,0.0,0.0,0.0
1776452668138518238,94342,0.0,1.4,0.076,0.5,0.1,-0.04,163.25,-0.37,2.63,0.29,-0.04,-0.35,-0.75,-0.56,-4.13,164.98,218.0,0.0,0.0,0.0,0.0
1776452668151143819,94442,0.0,1.1,0.068,0.5,-0.08,-0.06,162.88,-0.31,2.5,0.06,0.01,-0.35,0.81,-0.56,-3.31,164.98,218.0,0.0,0.0,0.0,0.0
1776452668163809287,94541,0.0,1.2,0.068,0.1,-0.02,-0.21,162.63,-0.31,2.31,0.46,0.05,-0.44,-1.94,-0.69,-2.25,165.67,201.0,0.0,0.0,0.0,0.0
1776452668224207091,94641,0.0,1.3,0.0,1.0,-0.02,-0.1,162.38,-0.31,2.25,0.15,0.05,-0.35,-0.0,0.06,-2.56,165.5,195.0,0.0,0.0,0.0,0.0
1776452668232531493,94742,0.084,0.3,0.0,1.2,0.1,-0.12,162.19,-0.31,2.44,-0.09,-0.0,-0.36,2.56,-0.0,-1.37,165.67,195.0,0.0,0.0,0.0,0.0
1776452668236587679,94841,0.0,0.8,0.072,0.2,0.14,0.02,162.13,-0.31,2.63,-0.16,-0.01,-0.38,1.63,-0.5,0.12,166.7,204.0,0.0,0.0,0.0,0.0
1776452668240921282,94942,0.0,0.7,0.092,0.0,0.08,-0.14,162.13,-0.25,2.94,-0.2,0.01,-0.32,2.19,-0.69,-0.12,166.7,186.0,0.0,0.0,0.0,0.0
1776452668244722439,95043,0.0,0.8,0.08,0.3,0.02,-0.02,162.13,-0.19,3.13,-0.15,-0.01,-0.36,2.69,-0.56,-0.19,164.98,186.0,0.0,0.0,0.0,0.0
1776452668252921179,95142,0.0,0.8,0.08,0.3,-0.02,-0.08,162.13,-0.12,3.44,-0.11,-0.02,-0.31,1.81,-0.69,0.19,164.98,179.0,0.0,0.0,0.0,0.0
1776452668326606598,95243,0.0,0.5,0.0,1.3,0.1,0.0,162.06,-0.12,3.5,0.14,-0.0,-0.37,0.56,-0.44,-1.37,164.98,192.0,0.0,0.0,0.0,0.0
1776452668330725467,95343,0.08,0.1,0.0,1.6,0.04,-0.12,161.94,-0.12,3.69,0.07,0.04,-0.35,2.31,-0.25,-0.94,168.58,192.0,0.0,0.0,0.0,0.0
1776452668344534843,95442,0.08,0.1,0.0,1.5,0.23,-0.14,161.94,-0.12,3.94,0.11,0.03,-0.25,0.75,-0.12,0.94,168.58,192.0,0.0,0.0,0.0,0.0
1776452668357103685,95542,0.088,0.1,0.0,1.6,0.18,-0.06,162.06,-0.06,3.81,0.39,0.16,-0.37,1.25,0.63,1.44,164.81,192.0,0.0,0.0,0.0,0.0
1776452668424879495,95642,0.08,0.3,0.068,0.0,0.06,0.0,162.19,-0.19,3.81,0.08,0.06,-0.29,2.88,2.25,1.12,164.47,191.0,0.0,0.0,0.0,0.0
1776452668436979462,95741,0.0,1.2,0.076,0.2,0.14,-0.1,162.38,-0.31,3.81,0.32,-0.06,-0.31,-0.5,0.69,1.88,169.44,196.0,0.0,0.0,0.0,0.0
1776452668449715262,95842,0.0,1.1,0.076,0.3,0.08,-0.12,162.5,-0.44,3.75,0.14,0.05,-0.37,0.75,0.75,1.12,164.3,196.0,0.0,0.0,0.0,0.0
1776452668527261410,95942,0.0,1.1,0.084,0.1,0.06,-0.06,162.63,-0.5,3.88,-0.27,-0.04,-0.32,-0.63,0.19,0.44,164.3,213.0,0.0,0.0,0.0,0.0
1776452668625589750,96043,0.0,1.4,0.084,0.4,0.08,-0.02,162.44,-0.5,3.88,-0.08,-0.01,-0.31,-2.0,-0.31,-2.06,164.98,190.0,0.0,0.0,0.0,0.0
1776452668728093994,96143,0.0,1.2,0.0,1.0,0.04,-0.12,162.31,-0.5,3.81,-0.08,-0.01,-0.35,-0.37,-0.06,-1.06,164.98,190.0,0.0,0.0,0.0,0.0
1776452668826380928,96243,0.0,0.9,0.0,1.6,0.18,-0.1,162.13,-0.56,3.75,-0.16,-0.0,-0.32,-0.44,0.63,-2.75,164.98,192.0,0.0,0.0,0.0,0.0
1776452668928665049,96343,0.0,1.2,0.088,0.2,0.14,-0.14,161.81,-0.56,3.75,-0.18,-0.04,-0.3,-0.75,-0.19,-3.06,164.98,199.0,0.0,0.0,0.0,0.0
1776452669026995185,96443,0.0,1.1,0.084,0.4,0.14,-0.02,161.5,-0.56,3.69,-0.02,-0.0,-0.37,-0.56,-1.06,-3.19,164.98,199.0,0.0,0.0,0.0,0.0
1776452669125220361,96543,0.0,1.3,0.088,0.1,0.1,0.04,161.19,-0.56,3.81,-0.37,-0.03,-0.32,-0.69,-0.44,-4.13,164.98,181.0,0.0,0.0,0.0,0.0
1776452669227663125,96643,0.0,1.1,0.084,0.3,0.04,-0.08,160.81,-0.5,3.81,-0.05,0.04,-0.31,-0.37,-0.63,-2.81,164.81,181.0,0.0,0.0,0.0,0.0
1776452669330033299,96744,0.0,1.2,0.076,0.3,0.21,-0.02,160.56,-0.5,3.69,0.18,0.01,-0.33,-0.88,-0.81,-2.25,164.98,206.0,0.0,0.0,0.0,0.0
1776452669428330972,96844,0.0,0.1,0.0,1.0,0.2,0.0,160.31,-0.44,3.63,-0.02,-0.0,-0.29,-0.5,-0.37,-2.75,164.98,194.0,0.0,0.0,0.0,0.0
1776452669530717368,96945,0.084,0.0,0.0,1.0,0.1,-0.1,160.06,-0.44,3.44,0.28,-0.0,-0.34,-1.0,-0.75,-3.88,164.98,194.0,0.0,0.0,0.0,0.0
1776452669629028837,97045,0.06,0.1,0.0,1.2,0.08,-0.16,159.63,-0.44,3.38,0.16,-0.02,-0.25,-2.25,-0.31,-5.25,164.98,178.0,0.0,0.0,0.0,0.0
1776452669727265550,97144,0.08,0.0,0.076,0.1,-0.06,-0.14,159.06,-0.44,3.19,0.03,0.02,-0.3,0.12,0.37,-5.19,169.61,205.0,0.0,0.0,0.0,0.0
1776452669829730554,97245,0.0,0.9,0.0,1.4,-0.06,-0.02,158.63,-0.5,3.0,0.23,0.04,-0.28,-1.37,-0.0,-4.5,164.98,205.0,0.0,0.0,0.0,0.0
1776452669932116320,97345,0.092,0.0,0.0,1.1,0.0,-0.1,158.19,-0.5,2.5,0.31,0.13,-0.33,-0.12,0.56,-3.63,164.98,191.0,0.0,0.0,0.0,0.0
1776452670030406197,97445,0.088,0.3,0.0,1.6,0.08,0.08,157.81,-0.63,2.38,0.08,0.04,-0.32,-1.37,0.81,-3.75,164.98,202.0,0.0,0.0,0.0,0.0
1776452670132788906,97546,0.092,0.5,0.0,1.5,0.06,0.14,157.56,-0.69,2.31,-0.2,0.02,-0.24,-1.12,1.25,-1.56,164.98,202.0,0.0,0.0,0.0,0.0
1776452670231071394,97646,0.0,1.4,0.096,0.2,0.02,-0.02,157.44,-0.75,2.25,-0.29,0.02,-0.36,-0.56,1.12,-0.81,164.98,201.0,0.0,0.0,0.0,0.0
1776452670329375641,97745,0.072,-0.1,0.0,1.2,0.04,0.0,157.31,-0.88,2.38,-0.33,-0.0,-0.39,-0.5,0.69,-1.06,164.98,201.0,0.0,0.0,0.0,0.0
1776452670431791313,97845,0.088,0.3,0.0,1.4,-0.02,0.04,157.31,-0.88,2.44,-0.02,-0.02,-0.32,-2.13,0.12,0.25,161.38,195.0,0.0,0.0,0.0,0.0
1776452670530094782,97945,0.092,0.4,0.084,0.6,0.04,-0.04,157.31,-0.94,2.38,-0.2,-0.02,-0.36,0.5,0.37,-0.19,161.38,177.0,0.0,0.0,0.0,0.0
1776452670632502342,98045,0.0,-0.1,0.0,1.4,0.1,0.0,157.31,-0.94,2.5,-0.16,-0.04,-0.34,-1.12,-0.31,-0.69,165.5,177.0,0.0,0.0,0.0,0.0
1776452670730776386,98146,0.08,0.2,0.0,1.1,0.08,0.06,157.19,-0.94,2.31,0.26,-0.01,-0.33,-0.31,-0.44,-2.06,161.38,206.0,0.0,0.0,0.0,0.0
1776452670833171299,98247,0.08,0.1,0.072,1.1,0.0,-0.1,156.94,-0.94,2.13,0.86,-0.04,-0.59,-2.13,0.06,-2.38,165.67,194.0,0.0,0.0,0.0,0.0
1776452670931482082,98347,0.088,0.1,0.0,1.4,-0.04,-0.02,156.75,-0.94,2.13,0.1,0.02,-0.25,-1.5,-0.12,-1.37,162.07,194.0,0.0,0.0,0.0,0.0
1776452671033864607,98447,0.084,0.4,0.0,1.4,-0.18,-0.23,156.69,-0.94,1.94,0.3,0.13,-0.37,-0.5,0.63,0.19,166.18,192.0,0.0,0.0,0.0,0.0
1776452671132169001,98547,0.0,1.1,0.0,1.5,0.1,0.0,156.75,-1.0,2.0,0.01,-0.02,-0.34,1.19,0.94,1.0,166.18,187.0,0.0,0.0,0.0,0.0
1776452671234555765,98648,0.0,1.0,0.0,1.2,0.04,-0.08,156.88,-1.06,1.94,0.21,-0.02,-0.33,0.88,0.63,1.69,166.18,187.0,0.0,0.0,0.0,0.0
1776452671332815975,98748,0.0,1.4,0.0,1.3,0.02,-0.12,157.06,-1.06,1.69,0.53,0.04,-0.43,-0.88,-0.0,2.44,166.18,184.0,0.0,0.0,0.0,0.0
1776452671435242146,98848,0.08,0.3,0.0,1.2,0.16,-0.1,157.19,-1.12,1.75,0.06,-0.08,-0.35,4.38,1.0,0.31,165.67,184.0,0.0,0.0,0.0,0.0
1776452671533586168,98949,0.08,0.0,0.06,0.5,0.14,0.02,157.06,-1.19,2.06,0.13,-0.03,-0.36,3.69,-0.31,-1.56,165.67,184.0,0.0,0.0,0.0,0.0
1776452671635958359,99049,0.0,0.8,0.064,0.2,0.12,-0.08,156.94,-1.19,2.44,0.06,-0.03,-0.46,5.94,-0.44,-1.75,165.5,193.0,0.0,0.0,0.0,0.0
1776452671734244031,99149,0.0,0.9,0.088,0.5,0.1,0.02,156.75,-1.19,3.06,-0.16,-0.02,-0.35,4.56,-0.56,-1.44,161.38,193.0,0.0,0.0,0.0,0.0
1776452671836629796,99249,0.0,0.8,0.08,0.5,-0.06,0.04,156.63,-1.12,3.44,-0.04,0.02,-0.34,3.13,-0.69,-1.12,161.55,189.0,0.0,0.0,0.0,0.0
1776452671934922042,99349,0.0,0.7,0.084,0.5,-0.04,-0.04,156.44,-1.12,3.81,-0.24,-0.0,-0.4,4.19,-0.56,-2.44,165.5,205.0,0.0,0.0,0.0,0.0
1776452672037351379,99449,0.0,0.9,0.084,0.4,0.2,-0.08,156.19,-1.12,4.31,-0.32,-0.02,-0.36,0.75,-1.44,-2.44,165.5,205.0,0.0,0.0,0.0,0.0
1776452672135608681,99549,0.0,0.1,0.0,1.5,0.2,0.0,156.13,-1.0,4.44,-0.21,-0.0,-0.37,0.37,-1.19,-0.19,165.67,177.0,0.0,0.0,0.0,0.0
1776452672233872742,99649,0.084,0.1,0.0,1.6,0.02,-0.02,156.13,-0.81,4.75,-0.34,0.01,-0.35,1.06,-1.31,0.94,166.7,195.0,0.0,0.0,0.0,0.0
1776452672336267284,99749,0.08,0.3,0.0,1.4,0.1,-0.06,156.19,-0.69,4.81,-0.05,0.06,-0.37,-0.06,-1.44,0.31,165.67,195.0,0.0,0.0,0.0,0.0
1776452672434596324,99849,0.0,1.3,0.076,-0.1,0.1,-0.04,156.06,-0.56,5.13,-0.25,-0.0,-0.22,0.19,-1.19,-2.13,165.67,204.0,0.0,0.0,0.0,0.0
1776452672537020661,99949,0.0,1.4,0.076,0.3,0.29,-0.08,155.88,-0.5,5.0,0.23,-0.01,-0.39,1.06,-0.75,-2.44,165.5,191.0,0.0,0.0,0.0,0.0
1776452672635310684,100048,0.0,1.0,0.088,0.3,0.18,-0.21,155.56,-0.44,4.94,0.18,-0.0,-0.35,-1.69,-1.44,-2.38,164.98,191.0,0.0,0.0,0.0,0.0
1776452672737711447,100148,0.0,1.1,0.0,1.1,-0.02,-0.2,155.44,-0.31,5.0,-0.16,-0.0,-0.3,0.69,-0.94,-1.25,164.98,210.0,0.0,0.0,0.0,0.0
1776452672835996415,100249,0.088,0.1,0.0,1.3,0.02,-0.02,155.31,-0.25,4.81,0.27,-0.0,-0.35,-0.81,-1.25,-0.69,164.98,210.0,0.0,0.0,0.0,0.0
1776452672934294105,100348,0.068,0.2,0.0,1.0,0.12,-0.1,155.25,-0.19,4.81,0.04,0.02,-0.34,-1.63,-0.69,-1.06,164.98,212.0,0.0,0.0,0.0,0.0
1776452673036679183,100448,0.076,0.4,0.0,0.5,0.08,-0.06,155.19,-0.19,4.75,0.0,0.04,-0.34,-1.0,-0.37,-0.63,164.98,194.0,0.0,0.0,0.0,0.0
1776452673134985391,100548,0.0,1.3,0.076,0.4,-0.02,-0.02,155.19,-0.19,4.63,0.06,0.03,-0.33,-1.12,-0.06,-0.37,165.5,194.0,0.0,0.0,0.0,0.0
1776452673237370098,100648,0.0,1.3,0.0,0.2,0.23,-0.1,155.19,-0.19,4.44,0.35,-0.02,-0.32,-2.0,-0.37,0.31,161.55,197.0,0.0,0.0,0.0,0.0
1776452673335628437,100748,0.0,0.9,0.084,0.1,0.06,0.06,155.19,-0.19,4.06,0.18,0.01,-0.36,-0.06,-0.31,-0.31,161.38,175.0,0.0,0.0,0.0,0.0
1776452673433960403,100848,0.0,1.0,0.0,1.5,0.12,-0.04,155.13,-0.19,4.0,-0.04,-0.0,-0.32,-1.31,-0.31,-0.06,161.38,175.0,0.0,0.0,0.0,0.0
1776452673536357610,100947,0.084,0.1,0.088,0.3,0.0,-0.02,155.19,-0.12,3.88,0.05,0.03,-0.35,-0.69,-0.06,1.0,161.38,199.0,0.0,0.0,0.0,0.0
1776452673634663910,101047,0.0,1.2,0.08,0.1,0.12,-0.18,155.25,-0.12,3.81,0.09,0.02,-0.3,-1.44,-0.19,0.81,165.5,185.0,0.0,0.0,0.0,0.0
1776452673732946599,101147,0.0,1.4,0.092,0.5,0.02,-0.06,155.31,-0.12,3.69,0.18,0.02,-0.32,-1.31,-0.19,0.12,166.18,185.0,0.0,0.0,0.0,0.0
1776452673835351380,101246,0.0,1.1,0.08,0.2,0.04,-0.1,155.31,-0.12,3.56,0.04,-0.02,-0.34,0.06,-0.19,-0.06,166.18,191.0,0.0,0.0,0.0,0.0
1776452673933639421,101347,0.0,1.0,0.0,1.1,0.14,0.12,155.25,-0.12,3.5,0.04,0.02,-0.32,-1.19,-0.44,-0.81,162.07,191.0,0.0,0.0,0.0,0.0
1776452674036044794,101447,0.0,0.6,0.076,0.4,0.16,-0.08,155.19,-0.12,3.44,-0.03,0.03,-0.37,0.37,-0.56,-1.25,162.07,189.0,0.0,0.0,0.0,0.0
1776452674134341742,101548,0.0,0.7,0.08,0.5,0.04,-0.12,155.0,-0.12,3.44,-0.07,-0.0,-0.3,-0.88,-0.69,-2.13,166.18,201.0,0.0,0.0,0.0,0.0
1776452674236722375,101648,0.0,1.0,0.0,1.4,0.02,-0.16,154.81,-0.0,3.44,-0.1,0.04,-0.3,-0.12,-0.88,-1.94,166.18,201.0,0.0,0.0,0.0,0.0
1776452674334992601,101748,0.084,0.0,0.08,0.3,0.18,-0.06,154.63,-0.0,3.5,-0.24,0.05,-0.28,0.56,-0.25,-1.0,166.18,219.0,0.0,0.0,0.0,0.0
1776452674437382845,101848,0.0,1.2,0.092,0.1,0.14,-0.1,154.63,-0.0,3.56,-0.02,0.03,-0.31,-0.75,-0.56,-0.37,167.21,197.0,0.0,0.0,0.0,0.0
1776452674539809143,101949,0.0,1.5,0.076,0.1,0.25,0.0,154.56,-0.0,3.44,0.22,0.07,-0.34,-0.69,-0.63,-0.75,166.18,197.0,0.0,0.0,0.0,0.0
1776452674638111479,102049,0.0,1.5,0.084,0.5,0.2,-0.04,154.5,-0.0,3.38,0.16,0.03,-0.31,-1.0,-0.44,-1.37,162.07,214.0,0.0,0.0,0.0,0.0
1776452674736409612,102149,0.0,0.2,0.0,1.1,0.1,-0.08,154.31,0.06,3.13,0.41,0.05,-0.35,-0.56,-0.5,-1.75,166.18,208.0,0.0,0.0,0.0,0.0
1776452674838808429,102250,0.072,0.4,0.0,1.4,0.1,-0.18,154.13,0.06,3.0,0.09,0.07,-0.29,0.94,-0.44,-2.75,166.18,208.0,0.0,0.0,0.0,0.0
1776452674937109192,102349,0.0,1.4,0.0,1.2,0.06,-0.12,153.88,0.06,2.94,0.21,0.04,-0.34,-0.94,-0.37,-2.94,165.5,182.0,0.0,0.0,0.0,0.0
1776452675039482158,102449,0.0,0.5,0.0,1.6,0.18,-0.1,153.56,0.06,2.75,0.29,0.08,-0.3,-0.12,-0.56,-2.75,161.55,182.0,0.0,0.0,0.0,0.0
1776452675137790160,102549,0.064,0.4,0.0,1.4,-0.02,0.12,153.31,0.12,2.69,0.22,0.07,-0.3,0.06,0.31,-1.94,166.01,197.0,0.0,0.0,0.0,0.0
1776452675236071848,102649,0.064,0.0,0.0,1.4,-0.04,-0.02,153.19,0.12,2.75,-0.04,0.01,-0.31,1.12,0.37,-0.88,165.67,193.0,0.0,0.0,0.0,0.0
1776452675338440147,102749,0.068,0.3,0.0,1.6,0.16,-0.21,153.19,0.12,2.75,0.0,0.03,-0.33,-0.69,-0.31,-0.06,165.5,193.0,0.0,0.0,0.0,0.0
1776452675436763816,102849,0.076,0.4,0.0,1.4,0.16,-0.14,153.19,0.12,2.75,-0.1,0.04,-0.34,0.81,-0.0,-0.81,164.98,219.0,0.0,0.0,0.0,0.0
1776452675535057578,102948,0.084,0.1,0.0,1.6,0.08,-0.2,153.0,0.12,2.81,-0.18,0.05,-0.33,-0.0,0.37,-2.44,164.98,203.0,0.0,0.0,0.0,0.0
1776452675637506818,103048,0.084,0.1,0.0,1.6,0.02,-0.12,152.81,0.12,2.75,0.17,-0.0,-0.33,-1.94,0.19,-1.69,165.67,203.0,0.0,0.0,0.0,0.0
1776452675735775989,103148,0.088,0.3,0.0,1.5,0.1,-0.02,152.75,0.12,2.5,0.19,0.1,-0.38,-0.63,0.69,-0.12,161.38,185.0,0.0,0.0,0.0,0.0
1776452675844117820,103247,0.092,0.4,0.092,0.1,0.14,-0.18,152.75,-0.0,2.5,-0.06,-0.0,-0.27,-1.56,1.88,1.19,161.38,206.0,0.0,0.0,0.0,0.0
1776452675936441012,103347,0.0,1.4,0.0,1.1,0.1,-0.12,153.0,-0.0,2.25,0.19,0.07,-0.37,-1.0,0.56,3.81,161.38,206.0,0.0,0.0,0.0,0.0
1776452676034759440,103447,0.088,0.3,0.0,1.3,0.12,-0.2,153.25,-0.19,2.19,0.11,-0.0,-0.25,-1.69,2.06,1.31,165.67,207.0,0.0,0.0,0.0,0.0
1776452676133010555,103546,0.064,0.0,0.0,1.2,-0.06,-0.08,153.38,-0.31,2.0,0.1,0.05,-0.26,-0.88,1.5,1.5,165.5,196.0,0.0,0.0,0.0,0.0
1776452676235457406,103646,0.08,0.0,0.064,1.0,0.27,0.1,153.56,-0.37,1.75,0.19,0.04,-0.36,-0.37,0.88,2.06,165.67,196.0,0.0,0.0,0.0,0.0
1776452676333697595,103746,0.072,1.0,0.076,0.3,-0.02,-0.06,153.69,-0.56,1.69,0.03,0.02,-0.34,-1.12,1.88,0.37,161.55,189.0,0.0,0.0,0.0,0.0
1776452676442107534,103845,0.0,1.4,0.084,0.3,0.04,-0.04,153.69,-0.75,1.75,-0.32,0.01,-0.32,0.88,2.31,0.56,165.5,189.0,0.0,0.0,0.0,0.0
1776452676534431060,103945,0.0,0.3,0.0,1.0,0.1,-0.02,153.69,-0.94,1.94,-0.18,-0.04,-0.34,-0.69,0.69,0.19,161.55,201.0,0.0,0.0,0.0,0.0
1776452676632731617,104045,0.084,0.1,0.0,0.2,0.12,-0.18,153.63,-0.94,2.06,-0.21,-0.02,-0.34,0.75,0.5,-1.56,161.38,183.0,0.0,0.0,0.0,0.0
1776452676735134044,104144,0.0,0.8,0.072,0.2,0.06,0.0,153.44,-1.0,2.25,-0.23,-0.04,-0.34,0.94,0.31,-2.69,161.38,183.0,0.0,0.0,0.0,0.0
1776452676833415805,104245,0.0,0.2,0.0,1.4,0.06,-0.06,153.13,-1.0,2.25,0.16,-0.0,-0.38,-1.12,-0.5,-2.94,161.38,190.0,0.0,0.0,0.0,0.0
1776452676935823714,104345,0.096,1.1,0.088,0.3,0.14,-0.14,152.81,-1.06,2.38,0.02,0.01,-0.23,0.81,0.37,-3.75,161.38,181.0,0.0,0.0,0.0,0.0
1776452677034141455,104445,0.0,1.3,0.08,0.3,0.14,-0.14,152.56,-1.12,2.31,0.19,0.03,-0.3,2.19,-0.0,-2.25,161.38,181.0,0.0,0.0,0.0,0.0
1776452677136572529,104545,0.0,0.1,0.052,0.2,0.06,-0.12,152.38,-1.12,2.13,0.39,0.01,-0.39,1.94,0.06,-1.19,161.38,207.0,0.0,0.0,0.0,0.0
1776452677234787125,104645,0.0,1.0,0.0,0.1,0.12,-0.06,152.25,-1.12,2.56,-0.14,-0.03,-0.34,7.63,0.75,-0.88,166.7,207.0,0.0,0.0,0.0,0.0
1776452677337155849,104745,0.0,1.6,0.084,0.4,0.2,-0.27,152.19,-1.19,3.13,-0.15,-0.0,-0.33,4.06,0.31,-0.44,165.5,211.0,0.0,0.0,0.0,0.0
1776452677435483330,104845,0.06,0.4,0.0,1.0,0.08,-0.04,152.19,-1.19,3.63,-0.14,-0.03,-0.33,5.19,-0.12,0.31,164.98,206.0,0.0,0.0,0.0,0.0
1776452677533781572,104945,0.064,-0.2,0.0,1.1,0.08,-0.06,152.19,-1.19,4.0,-0.73,0.45,-0.31,6.06,1.31,1.12,164.98,206.0,0.0,0.0,0.0,0.0
1776452677642224566,105044,0.0,0.8,0.068,0.3,-0.08,-0.1,152.19,-1.19,4.38,-0.54,0.02,-0.3,1.5,0.06,0.5,164.98,209.0,0.0,0.0,0.0,0.0
1776452677734474833,105144,0.0,0.7,0.068,0.4,0.04,-0.06,152.31,-1.12,4.81,-0.18,-0.02,-0.33,0.06,-1.63,1.63,170.13,197.0,0.0,0.0,0.0,0.0
1776452677836868574,105245,0.0,1.1,0.0,1.4,-0.06,-0.08,152.44,-1.0,5.13,-0.31,-0.03,-0.36,2.88,-1.25,1.06,164.98,197.0,0.0,0.0,0.0,0.0
1776452677935178075,105345,0.0,1.2,0.0,0.5,0.0,-0.04,152.44,-0.88,5.56,-0.3,0.06,-0.23,-0.37,-1.06,0.06,164.98,197.0,0.0,0.0,0.0,0.0
1776452678037591019,105446,0.0,0.9,0.08,0.3,-0.14,0.02,152.44,-0.81,5.5,0.06,0.03,-0.28,-0.12,-0.5,0.37,164.98,206.0,0.0,0.0,0.0,0.0
1776452678135875872,105545,0.0,0.3,0.0,1.5,0.0,-0.14,152.5,-0.75,5.44,0.22,-0.0,-0.26,-0.94,-0.44,0.94,164.98,206.0,0.0,0.0,0.0,0.0
1776452678238315667,105645,0.056,0.2,0.0,1.5,0.04,-0.1,152.69,-0.75,5.0,0.34,0.04,-0.35,0.06,-0.56,2.0,164.98,198.0,0.0,0.0,0.0,0.0
1776452678336525726,105746,0.092,0.3,0.0,1.3,0.06,-0.14,152.88,-0.69,5.13,-0.16,-0.02,-0.23,0.69,-1.19,1.94,164.98,200.0,0.0,0.0,0.0,0.0
1776452678434821541,105845,0.0,1.3,0.0,1.1,0.08,-0.12,153.13,-0.56,5.0,0.32,0.08,-0.29,-1.31,-0.63,3.19,169.27,200.0,0.0,0.0,0.0,0.0
1776452678537246281,105945,0.08,0.1,0.0,1.2,0.04,-0.04,153.44,-0.5,4.38,0.51,0.03,-0.36,-0.81,-0.56,3.38,164.98,206.0,0.0,0.0,0.0,0.0
1776452678635545281,106045,0.072,0.2,0.0,1.1,0.06,0.14,153.75,-0.37,4.31,-0.12,-0.0,-0.28,1.69,-1.44,3.5,168.58,206.0,0.0,0.0,0.0,0.0
1776452678737943262,106145,0.076,0.1,0.0,1.3,0.18,-0.12,154.0,-0.25,4.38,-0.16,-0.0,-0.32,-2.5,-0.88,2.13,168.58,214.0,0.0,0.0,0.0,0.0
1776452678836246855,106246,0.088,0.4,0.0,1.3,0.14,-0.04,154.25,-0.12,4.13,0.08,-0.01,-0.35,-3.0,-0.88,1.81,164.47,206.0,0.0,0.0,0.0,0.0
1776452678934487043,106346,0.0,0.9,0.088,0.3,-0.04,-0.16,154.38,-0.0,3.94,0.12,-0.0,-0.35,-1.37,-1.69,2.0,168.58,206.0,0.0,0.0,0.0,0.0
1776452679036929263,106445,0.0,1.4,0.072,0.3,0.06,0.04,154.56,0.12,3.81,-0.08,-0.02,-0.32,-1.12,-1.75,1.81,164.3,201.0,0.0,0.0,0.0,0.0
1776452679135224245,106545,0.0,1.2,0.084,0.4,-0.02,0.02,154.69,0.31,3.75,-0.14,-0.03,-0.35,-0.81,-1.69,0.44,164.98,187.0,0.0,0.0,0.0,0.0
1776452679237591467,106645,0.0,1.1,0.08,0.5,0.0,-0.1,154.69,0.44,3.75,-0.14,0.01,-0.36,-0.69,-1.63,-0.12,166.01,187.0,0.0,0.0,0.0,0.0
1776452679335910762,106746,0.0,0.6,0.072,0.4,0.25,-0.12,154.69,0.56,3.94,-0.26,0.04,-0.33,-0.56,-1.19,-0.25,161.38,208.0,0.0,0.0,0.0,0.0
1776452679438302743,106846,0.0,1.1,0.076,0.4,0.1,-0.04,154.69,0.69,3.88,-0.02,0.02,-0.36,-0.69,-1.25,0.63,165.5,198.0,0.0,0.0,0.0,0.0
1776452679536546133,106947,0.0,0.2,0.0,0.6,-0.06,-0.14,154.69,0.81,3.94,-0.17,-0.01,-0.31,-1.25,-0.69,0.56,165.67,198.0,0.0,0.0,0.0,0.0
1776452679638995612,107046,0.0,1.2,0.068,0.3,-0.12,0.06,154.69,0.88,3.88,0.01,0.02,-0.28,-2.19,-0.94,0.5,166.18,210.0,0.0,0.0,0.0,0.0
1776452679737308315,107146,0.0,1.6,0.076,0.3,0.1,0.02,154.69,1.0,3.75,-0.11,-0.02,-0.3,1.69,-0.69,-0.31,162.24,210.0,0.0,0.0,0.0,0.0
1776452679839694111,107247,0.0,0.3,0.0,1.1,0.2,-0.12,154.63,1.06,3.63,0.3,-0.0,-0.32,-1.88,-1.25,-1.37,166.18,182.0,0.0,0.0,0.0,0.0
1776452679938005555,107346,0.0,0.2,0.072,0.4,0.12,-0.12,154.44,1.12,3.63,-0.03,0.02,-0.29,0.06,-0.5,-1.56,165.5,177.0,0.0,0.0,0.0,0.0
1776452680040401998,107447,0.0,0.3,0.0,1.3,-0.04,0.0,154.31,1.19,3.44,0.37,-0.0,-0.37,-2.44,-0.88,-1.5,166.18,177.0,0.0,0.0,0.0,0.0
1776452680138677572,107547,0.0,0.1,0.072,0.3,0.18,0.0,154.19,1.19,3.19,0.23,0.03,-0.34,-0.06,0.12,-0.81,162.07,206.0,0.0,0.0,0.0,0.0
1776452680236991256,107646,0.0,1.0,0.084,0.5,0.18,-0.04,154.25,1.19,3.19,0.07,-0.03,-0.31,-0.19,0.31,2.06,162.07,195.0,0.0,0.0,0.0,0.0
1776452680339327719,107746,0.0,0.9,0.088,0.3,0.08,-0.23,154.5,1.19,3.25,-0.08,-0.03,-0.31,0.12,0.63,3.38,165.67,195.0,0.0,0.0,0.0,0.0
1776452680437639014,107847,0.0,1.0,0.08,0.1,0.18,-0.2,154.88,1.19,3.19,-0.04,-0.04,-0.33,-0.19,0.06,3.69,165.67,200.0,0.0,0.0,0.0,0.0
1776452680540061197,107947,0.0,0.8,0.084,0.3,0.04,-0.04,155.13,1.25,3.19,-0.09,-0.02,-0.31,0.25,-0.19,1.63,166.7,180.0,0.0,0.0,0.0,0.0
1776452680642482750,108048,0.0,1.2,0.084,0.3,0.1,0.0,155.25,1.25,3.25,-0.21,-0.0,-0.29,1.0,-0.12,1.0,165.5,180.0,0.0,0.0,0.0,0.0
1776452680740756416,108148,0.0,1.1,0.0,1.2,0.04,-0.02,155.38,1.25,3.44,-0.18,-0.0,-0.19,-1.31,0.37,2.06,161.38,195.0,0.0,0.0,0.0,0.0
1776452680843139452,108248,0.072,0.4,0.08,0.3,0.0,-0.06,155.69,1.31,3.19,0.31,0.12,-0.42,1.25,-0.06,4.69,161.38,202.0,0.0,0.0,0.0,0.0
1776452680941431896,108349,0.0,0.0,0.0,1.6,0.16,-0.06,156.06,1.19,3.44,-0.35,-0.07,-0.11,-2.25,1.12,3.44,165.5,202.0,0.0,0.0,0.0,0.0
1776452681039687952,108449,0.084,0.1,0.0,0.5,-0.06,-0.02,156.56,1.19,3.13,0.09,0.11,-0.31,-0.06,0.44,5.44,161.55,204.0,0.0,0.0,0.0,0.0
1776452681142129337,108549,0.0,1.3,0.084,0.3,0.14,-0.06,157.06,1.19,3.0,0.21,-0.01,-0.28,-1.63,0.75,6.13,161.38,204.0,0.0,0.0,0.0,0.0
1776452681240408540,108649,0.0,1.2,0.084,0.6,0.0,-0.12,157.75,1.19,2.75,0.23,-0.05,-0.33,-0.63,0.25,7.0,162.58,202.0,0.0,0.0,0.0,0.0
1776452681342780390,108749,0.088,0.1,0.0,0.9,0.08,-0.12,158.25,1.19,2.69,-0.08,-0.04,-0.25,-1.25,0.63,3.63,161.55,192.0,0.0,0.0,0.0,0.0
1776452681445210016,108850,0.076,0.1,0.08,0.4,-0.14,0.0,158.56,1.12,2.63,-0.01,-0.02,-0.29,-0.37,1.12,2.5,161.55,192.0,0.0,0.0,0.0,0.0
1776452681543501959,108950,0.0,0.8,0.084,0.2,0.08,0.02,158.88,1.12,2.5,-0.08,-0.05,-0.34,-0.31,0.56,4.13,161.38,188.0,0.0,0.0,0.0,0.0
1776452681641816069,109049,0.0,1.0,0.092,0.5,0.1,0.06,159.25,1.12,2.56,-0.18,-0.04,-0.28,-0.94,0.25,4.13,161.38,202.0,0.0,0.0,0.0,0.0
1776452681744201159,109149,0.0,0.8,0.0,0.8,-0.06,-0.06,159.69,1.12,2.5,-0.12,-0.07,-0.36,-1.06,0.12,4.38,161.55,202.0,0.0,0.0,0.0,0.0
1776452681842489010,109249,0.0,0.9,0.0,1.3,0.14,0.0,160.06,1.12,2.38,-0.05,-0.07,-0.34,-1.69,-0.63,3.69,161.55,194.0,0.0,0.0,0.0,0.0
1776452681940791879,109348,0.0,0.6,0.088,0.5,0.12,-0.14,160.31,1.19,2.25,0.05,-0.02,-0.33,-1.31,-0.75,2.13,165.67,194.0,0.0,0.0,0.0,0.0
1776452682043233856,109448,0.0,1.0,0.064,0.2,-0.06,-0.1,160.5,1.19,2.13,0.06,-0.02,-0.31,-0.81,-0.31,1.06,165.67,183.0,0.0,0.0,0.0,0.0
1776452682141494503,109548,0.0,0.2,0.0,1.0,-0.02,0.0,160.56,1.19,1.94,0.39,-0.02,-0.31,-3.0,-0.56,1.37,162.07,181.0,0.0,0.0,0.0,0.0
1776452682239795649,109647,0.088,0.1,0.0,1.1,0.1,-0.16,160.81,1.25,1.69,0.23,-0.02,-0.35,0.88,0.25,3.0,166.18,181.0,0.0,0.0,0.0,0.0
1776452682342140704,109747,0.088,0.4,0.092,0.3,0.16,-0.08,161.19,1.25,1.56,0.23,-0.05,-0.38,0.75,-0.44,5.0,166.18,197.0,0.0,0.0,0.0,0.0
1776452682440438461,109848,0.0,1.0,0.0,0.2,0.04,-0.1,161.75,1.25,1.75,-0.01,-0.0,-0.28,2.0,-0.63,5.31,167.21,184.0,0.0,0.0,0.0,0.0
1776452682542868864,109948,0.0,0.3,0.072,0.3,0.18,-0.04,162.19,1.25,1.81,0.21,-0.02,-0.41,2.13,-0.44,4.5,166.18,184.0,0.0,0.0,0.0,0.0
1776452682641156992,110048,0.0,1.0,0.076,0.3,-0.02,-0.02,162.56,1.31,2.38,-0.3,-0.0,-0.3,6.13,-0.0,2.94,166.18,188.0,0.0,0.0,0.0,0.0
1776452682743565840,110149,0.0,0.9,0.084,0.6,0.0,-0.1,162.88,1.31,2.75,-0.18,0.05,-0.42,1.94,-0.56,3.38,166.18,202.0,0.0,0.0,0.0,0.0
1776452682841856431,110248,0.1,-0.2,0.088,0.5,0.21,-0.02,163.19,1.37,3.25,-0.32,-0.02,-0.34,2.38,0.63,3.13,167.38,202.0,0.0,0.0,0.0,0.0
1776452682944239373,110349,0.0,1.6,0.0,0.5,0.21,-0.18,163.44,1.37,3.63,-0.21,-0.0,-0.33,0.63,0.31,2.44,166.18,190.0,0.0,0.0,0.0,0.0
1776452683042542259,110449,0.0,0.9,0.084,0.6,0.27,-0.14,163.63,1.37,3.81,-0.17,-0.0,-0.36,2.25,0.31,1.31,166.18,205.0,0.0,0.0,0.0,0.0
1776452683140821053,110548,0.0,0.7,0.088,0.4,-0.04,-0.08,163.69,1.31,4.06,-0.19,-0.02,-0.32,-0.19,0.44,0.19,166.18,205.0,0.0,0.0,0.0,0.0
1776452683243244067,110649,0.0,0.9,0.092,0.1,0.0,-0.04,163.69,1.31,4.13,-0.08,-0.02,-0.35,0.69,0.56,-0.25,166.18,203.0,0.0,0.0,0.0,0.0
1776452683341499066,110749,0.0,0.9,0.088,0.4,0.27,0.0,163.69,1.25,4.19,-0.04,-0.01,-0.31,-0.25,0.75,0.25,166.18,203.0,0.0,0.0,0.0,0.0
1776452683443909839,110849,0.0,1.0,0.084,0.5,0.1,-0.12,163.81,1.19,4.13,0.18,-0.04,-0.31,-0.75,0.81,1.88,166.18,192.0,0.0,0.0,0.0,0.0
1776452683542219355,110949,0.0,0.6,0.084,0.3,0.16,-0.06,164.0,1.12,4.06,0.22,-0.05,-0.31,-0.81,0.69,2.13,170.3,183.0,0.0,0.0,0.0,0.0
1776452683644630721,111048,0.0,0.9,0.084,0.2,0.06,-0.14,164.25,1.12,3.94,0.16,-0.03,-0.32,0.31,1.06,3.75,166.18,183.0,0.0,0.0,0.0,0.0
1776452683742923385,111149,0.0,0.8,0.08,0.3,0.04,-0.12,164.69,1.0,3.94,0.0,-0.0,-0.33,1.5,1.75,4.81,166.87,196.0,0.0,0.0,0.0,0.0
1776452683845321696,111249,0.0,0.2,0.0,0.9,0.04,-0.16,165.19,0.88,4.0,0.04,-0.04,-0.3,-0.44,1.5,5.75,166.87,196.0,0.0,0.0,0.0,0.0
1776452683943602638,111349,0.0,0.2,0.0,1.2,0.06,-0.14,165.75,0.81,4.0,0.05,-0.0,-0.34,0.19,1.25,5.75,166.18,196.0,0.0,0.0,0.0,0.0
1776452684046001301,111449,0.084,0.0,0.0,1.2,-0.08,-0.06,166.38,0.69,4.0,0.14,-0.07,-0.33,-0.56,1.12,6.19,166.18,209.0,0.0,0.0,0.0,0.0
1776452684144311964,111549,0.092,0.2,0.0,1.4,0.1,0.08,166.94,0.63,3.88,0.17,0.02,-0.29,-1.06,0.81,4.88,166.18,192.0,0.0,0.0,0.0,0.0
1776452684242608646,111648,0.088,0.2,0.0,1.2,0.18,0.02,167.31,0.5,3.88,-0.12,-0.0,-0.34,1.0,2.19,3.5,166.18,192.0,0.0,0.0,0.0,0.0
1776452684344961050,111748,0.0,1.0,0.084,0.7,0.1,-0.06,167.81,0.37,3.81,0.09,-0.04,-0.35,-1.44,0.5,6.56,166.18,183.0,0.0,0.0,0.0,0.0
1776452684443245195,111848,0.0,1.0,0.0,1.4,-0.02,-0.08,168.56,0.37,3.69,0.04,0.06,-0.31,-1.69,1.0,9.44,166.18,183.0,0.0,0.0,0.0,0.0
1776452684541584691,111947,0.08,0.3,0.0,1.4,-0.02,0.02,169.75,0.44,3.38,0.23,0.09,-0.37,-1.06,0.31,13.5,166.18,191.0,0.0,0.0,0.0,0.0
1776452684643991075,112048,0.0,1.1,0.0,1.1,-0.02,-0.08,171.06,0.37,3.31,0.11,-0.01,-0.33,-3.56,1.19,14.44,166.18,193.0,0.0,0.0,0.0,0.0
1776452684742276609,112148,0.08,0.1,0.0,1.3,0.18,-0.1,172.63,0.37,3.13,-0.24,-0.02,-0.36,-0.69,1.06,17.56,166.87,193.0,0.0,0.0,0.0,0.0
1776452684850688727,112247,0.0,1.0,0.096,0.3,-0.1,-0.06,174.25,0.44,3.13,-0.46,-0.04,-0.38,-2.31,0.19,16.31,166.18,206.0,0.0,0.0,0.0,0.0
1776452684942979971,112348,0.0,1.0,0.084,0.2,0.14,-0.12,175.75,0.44,3.5,-0.58,-0.04,-0.38,-1.88,0.19,14.25,166.18,195.0,0.0,0.0,0.0,0.0
1776452685045358856,112449,0.0,1.0,0.088,0.4,-0.02,-0.12,176.94,0.5,3.88,-0.52,-0.0,-0.36,-1.31,0.19,10.13,166.18,195.0,0.0,0.0,0.0,0.0
1776452685143653741,112548,0.0,1.1,0.0,1.6,0.12,0.02,177.81,0.56,3.94,-0.31,-0.06,-0.37,-0.06,0.5,7.63,166.18,191.0,0.0,0.0,0.0,0.0
1776452685246027533,112649,0.0,1.1,0.088,0.6,-0.02,0.0,178.31,0.56,4.06,0.0,-0.07,-0.35,-1.31,0.12,3.88,166.87,191.0,0.0,0.0,0.0,0.0
1776452685344304585,112749,0.0,1.5,0.092,0.3,0.06,-0.08,178.69,0.56,3.94,0.32,-0.02,-0.32,-0.88,0.56,4.38,166.7,191.0,0.0,0.0,0.0,0.0
1776452685442640302,112848,0.0,1.1,0.084,0.5,0.06,-0.23,179.38,0.63,3.56,0.43,0.04,-0.28,-0.81,0.75,10.13,166.7,201.0,0.0,0.0,0.0,0.0
1776452685545033112,112948,0.0,1.2,0.0,1.2,-0.02,-0.04,-179.06,0.63,2.94,0.5,0.05,-0.33,-1.69,0.69,21.12,167.21,201.0,0.0,0.0,0.0,0.0
1776452685643340404,113049,0.092,0.2,0.08,0.3,0.06,0.0,-176.81,0.63,2.69,0.08,-0.08,-0.3,-2.19,1.25,23.94,166.7,199.0,0.0,0.0,0.0,0.0
1776452685751772095,113148,0.0,1.0,0.072,0.6,0.04,0.02,-174.31,0.69,2.38,0.08,-0.04,-0.3,-1.0,1.06,25.44,166.18,198.0,0.0,0.0,0.0,0.0
1776452685844043190,113248,0.0,0.3,0.0,1.7,0.08,-0.2,-172.19,0.69,2.19,0.11,-0.03,-0.32,-2.56,0.69,24.56,162.07,198.0,0.0,0.0,0.0,0.0
1776452685942311354,113348,0.076,0.3,0.0,1.5,0.04,-0.04,-169.88,0.63,1.94,-0.11,-0.13,-0.36,-1.12,1.06,21.87,165.67,194.0,0.0,0.0,0.0,0.0
1776452686044729311,113447,0.076,0.2,0.0,1.4,0.02,-0.14,-168.0,0.56,1.94,-0.12,-0.11,-0.38,-2.38,0.63,16.31,166.7,199.0,0.0,0.0,0.0,0.0
1776452686142977882,113548,0.0,1.0,0.0,1.2,0.0,-0.04,-166.56,0.56,1.81,-0.14,-0.04,-0.34,-1.5,0.88,13.81,165.67,199.0,0.0,0.0,0.0,0.0
1776452686245398894,113648,0.0,0.9,0.072,0.3,0.14,-0.08,-165.19,0.5,1.69,-0.15,-0.02,-0.33,-0.69,0.75,13.63,165.67,189.0,0.0,0.0,0.0,0.0
1776452686343702204,113748,0.0,0.4,0.0,1.8,0.0,-0.04,-163.81,0.5,1.5,0.27,0.05,-0.33,-2.38,0.63,16.75,162.07,190.0,0.0,0.0,0.0,0.0
1776452686446098309,113849,0.088,-0.2,0.0,1.5,0.04,-0.08,-162.0,0.44,1.19,0.3,-0.0,-0.32,-2.56,1.25,21.94,162.07,190.0,0.0,0.0,0.0,0.0
1776452686544380657,113949,0.064,0.2,0.072,0.3,0.02,-0.02,-159.63,0.37,0.81,0.01,-0.0,-0.32,-1.44,0.88,26.81,166.18,205.0,0.0,0.0,0.0,0.0
1776452686646797039,114050,0.0,1.2,0.08,0.5,-0.02,-0.06,-157.0,0.31,0.56,-0.09,-0.05,-0.36,-1.88,0.81,27.75,165.67,205.0,0.0,0.0,0.0,0.0
1776452686745084480,114150,0.0,0.2,0.0,1.3,0.02,-0.04,-154.38,0.25,0.44,-0.07,0.02,-0.31,-4.13,0.31,26.81,166.18,201.0,0.0,0.0,0.0,0.0
1776452686847484603,114249,0.08,0.2,0.084,0.3,-0.12,-0.08,-151.81,0.25,0.25,-0.34,-0.02,-0.28,-0.94,1.06,24.0,161.55,180.0,0.0,0.0,0.0,0.0
1776452686945792580,114349,0.0,1.0,0.0,0.3,0.08,0.0,-149.69,0.12,0.19,-0.33,-0.04,-0.31,-1.31,0.69,20.5,161.55,180.0,0.0,0.0,0.0,0.0
1776452687044048280,114449,0.0,1.2,0.072,0.5,0.0,0.0,-147.75,0.06,0.19,-0.28,-0.04,-0.35,-1.19,0.25,19.25,166.7,194.0,0.0,0.0,0.0,0.0
1776452687146434015,114549,0.0,1.2,0.08,0.3,0.06,0.0,-146.0,0.06,0.37,-0.32,-0.06,-0.33,-1.63,0.12,16.12,165.67,204.0,0.0,0.0,0.0,0.0
1776452687248817638,114650,0.0,1.3,0.0,1.0,0.1,-0.02,-144.56,-0.0,0.5,-0.13,-0.01,-0.36,-1.69,0.44,14.38,165.67,204.0,0.0,0.0,0.0,0.0
1776452687347111559,114750,0.092,0.2,0.0,1.2,0.08,0.02,-143.13,-0.0,0.31,0.06,-0.0,-0.3,-1.5,0.56,16.25,170.47,193.0,0.0,0.0,0.0,0.0
1776452687445439664,114849,0.088,0.1,0.068,0.4,0.02,-0.12,-141.19,-0.0,0.0,0.5,0.09,-0.35,-3.06,0.44,24.75,166.87,197.0,0.0,0.0,0.0,0.0
1776452687547863305,114949,0.0,0.9,0.0,1.2,0.0,-0.16,-138.69,-0.0,-0.06,-0.3,-0.17,-0.3,-0.25,1.37,24.0,166.36,197.0,0.0,0.0,0.0,0.0
1776452687646167651,115049,0.0,0.6,0.0,1.1,0.06,-0.02,-136.25,-0.0,-0.25,0.03,0.04,-0.33,-1.75,0.19,26.56,170.81,187.0,0.0,0.0,0.0,0.0
1776452687744386593,115149,0.068,0.1,0.0,1.1,0.1,-0.06,-133.94,-0.12,-0.25,-0.42,-0.14,-0.35,-1.25,0.44,20.87,166.18,199.0,0.0,0.0,0.0,0.0
1776452687846902027,115249,0.0,0.7,0.08,0.3,0.1,-0.06,-132.19,-0.19,-0.19,-0.27,-0.04,-0.31,-1.0,0.06,15.88,166.18,199.0,0.0,0.0,0.0,0.0
1776452687945136764,115349,0.0,0.9,0.1,0.3,0.02,-0.04,-131.0,-0.19,0.0,-0.25,-0.06,-0.32,-0.81,0.31,10.75,166.18,201.0,0.0,0.0,0.0,0.0
1776452688043383631,115448,0.0,0.3,0.0,0.3,0.02,-0.08,-130.0,-0.25,-0.06,-0.03,-0.02,-0.31,-1.0,0.19,10.13,166.87,201.0,0.0,0.0,0.0,0.0
1776452688145810178,115548,0.0,1.3,0.072,0.3,0.04,-0.12,-128.88,-0.25,-0.19,0.08,-0.01,-0.32,-1.0,0.25,13.13,166.7,205.0,0.0,0.0,0.0,0.0
1776452688248268558,115649,0.0,1.5,0.088,0.1,0.1,-0.06,-127.37,-0.25,-0.31,0.25,0.1,-0.31,-2.38,0.56,18.69,170.99,191.0,0.0,0.0,0.0,0.0
1776452688346489592,115748,0.0,1.3,0.08,1.3,0.08,-0.06,-124.94,-0.25,-0.63,0.34,0.08,-0.24,-1.81,1.31,30.5,170.99,191.0,0.0,0.0,0.0,0.0
1776452688444820233,115848,0.08,0.3,0.0,1.2,0.23,-0.12,-121.87,-0.31,-0.94,-0.08,-0.0,-0.29,0.44,1.44,34.75,166.18,205.0,0.0,0.0,0.0,0.0
1776452688547220911,115948,0.084,0.1,0.0,1.1,0.06,-0.02,-118.56,-0.44,-1.12,0.44,0.07,-0.41,-4.06,0.19,35.19,166.7,201.0,0.0,0.0,0.0,0.0
1776452688645524090,116047,0.0,0.6,0.0,1.4,0.0,-0.06,-115.44,-0.56,-1.19,-0.37,-0.09,-0.29,1.69,1.0,26.75,166.18,201.0,0.0,0.0,0.0,0.0
1776452688743783974,116147,0.088,0.2,0.084,0.2,0.02,-0.06,-113.19,-0.69,-1.06,-0.2,-0.01,-0.27,-1.31,0.37,19.31,166.18,211.0,0.0,0.0,0.0,0.0
1776452688846185652,116247,0.0,0.4,0.0,1.3,0.1,0.02,-111.44,-0.75,-1.06,-0.14,0.01,-0.39,0.25,0.63,18.0,166.18,211.0,0.0,0.0,0.0,0.0
1776452688944496572,116346,0.0,0.7,0.088,0.4,0.16,-0.2,-109.69,-0.81,-0.63,-0.5,-0.01,-0.31,1.5,0.81,17.19,166.18,199.0,0.0,0.0,0.0,0.0
1776452689046887991,116447,0.0,0.7,0.0,1.3,0.23,0.1,-108.06,-0.94,-0.25,-0.21,0.05,-0.34,-1.06,1.12,17.0,166.18,181.0,0.0,0.0,0.0,0.0
1776452689145198632,116547,0.092,0.1,0.08,0.1,0.12,-0.08,-106.25,-1.06,-0.31,0.12,0.09,-0.26,-1.06,1.25,20.44,170.99,181.0,0.0,0.0,0.0,0.0
1776452689243462219,116646,0.0,1.1,0.068,0.2,-0.04,0.02,-103.87,-1.12,-0.63,0.53,0.11,-0.32,-2.0,0.88,27.31,166.18,194.0,0.0,0.0,0.0,0.0
1776452689345841175,116747,0.0,1.4,0.088,0.3,0.04,-0.14,-101.12,-1.12,-0.5,-0.28,-0.08,-0.35,5.5,-0.06,27.37,165.5,203.0,0.0,0.0,0.0,0.0
1776452689444168167,116847,0.0,1.4,0.0,0.5,-0.02,-0.08,-98.81,-1.12,-0.31,-0.09,0.02,-0.21,-3.88,-0.69,22.0,166.18,203.0,0.0,0.0,0.0,0.0
1776452689546572548,116946,0.0,0.7,0.088,0.3,0.1,0.0,-96.81,-1.12,-0.37,-0.07,-0.13,-0.44,3.38,-0.31,18.44,165.5,203.0,0.0,0.0,0.0,0.0
1776452689644873375,117047,0.0,1.1,0.1,0.5,0.18,0.02,-95.31,-1.06,-0.06,-0.74,-0.04,-0.22,0.88,-0.69,13.13,164.98,197.0,0.0,0.0,0.0,0.0
1776452689743093501,117147,0.0,0.8,0.076,0.2,-0.02,-0.14,-94.25,-1.06,0.06,-0.11,0.11,-0.31,-1.88,-0.63,9.38,164.98,197.0,0.0,0.0,0.0,0.0
1776452689845583768,117246,0.0,1.0,0.08,0.3,0.14,0.06,-93.44,-1.0,0.06,-0.17,-0.04,-0.36,0.12,-0.94,7.75,164.98,194.0,0.0,0.0,0.0,0.0
1776452689953932829,117346,0.0,0.9,0.068,0.5,0.08,0.0,-92.81,-0.94,0.0,0.13,-0.0,-0.34,-2.13,-1.31,6.06,169.27,194.0,0.0,0.0,0.0,0.0
1776452690046250384,117447,0.0,0.8,0.0,1.6,0.14,-0.08,-92.19,-0.81,0.0,0.01,-0.0,-0.34,0.69,-1.37,5.81,164.98,194.0,0.0,0.0,0.0,0.0
1776452690148649135,117547,0.0,1.3,0.092,0.3,-0.1,-0.02,-91.62,-0.69,0.0,-0.11,0.04,-0.41,0.44,-1.31,7.0,164.98,191.0,0.0,0.0,0.0,0.0
1776452690246957683,117648,0.0,1.3,0.0,1.1,0.04,0.0,-90.81,-0.56,0.0,-0.02,0.01,-0.39,-0.63,-1.0,8.81,165.5,191.0,0.0,0.0,0.0,0.0
1776452690349300861,117748,0.096,0.1,0.092,0.2,-0.04,-0.12,-89.94,-0.44,0.25,-0.43,0.05,-0.22,2.0,-1.31,9.31,165.67,192.0,0.0,0.0,0.0,0.0
1776452690447608187,117849,0.0,0.7,0.088,0.2,0.1,-0.08,-89.12,-0.31,0.56,-0.29,-0.05,-0.34,1.12,-1.06,7.38,161.55,196.0,0.0,0.0,0.0,0.0
1776452690550013975,117949,0.0,1.0,0.088,0.3,0.1,-0.1,-88.44,-0.19,0.63,-0.04,-0.0,-0.38,-1.25,-1.12,7.63,161.38,196.0,0.0,0.0,0.0,0.0
1776452690648315171,118049,0.0,0.7,0.092,0.3,0.1,-0.02,-87.69,-0.06,0.81,-0.27,-0.1,-0.37,2.63,-2.25,7.81,161.38,189.0,0.0,0.0,0.0,0.0
1776452690746558129,118149,0.088,1.3,0.068,0.3,0.08,-0.23,-86.94,0.12,0.94,-0.05,0.01,-0.34,-0.19,-2.25,7.63,165.67,191.0,0.0,0.0,0.0,0.0
1776452690849012544,118249,0.088,0.2,0.084,0.5,0.0,0.0,-86.25,0.31,0.94,-0.01,0.01,-0.35,0.5,-2.31,6.75,165.5,191.0,0.0,0.0,0.0,0.0
1776452690947310056,118349,0.0,0.2,0.076,0.3,0.1,0.04,-85.56,0.56,0.94,0.22,0.05,-0.3,-0.12,-2.0,8.0,166.18,190.0,0.0,0.0,0.0,0.0
1776452691049703695,118449,0.0,1.3,0.068,0.1,0.1,-0.04,-84.62,0.75,0.81,0.18,0.05,-0.33,0.75,-1.31,10.88,166.7,190.0,0.0,0.0,0.0,0.0
1776452691148004836,118550,0.0,1.2,0.0,1.0,0.18,-0.08,-83.5,0.94,1.12,-0.69,0.05,-0.25,4.75,-1.75,11.19,165.67,189.0,0.0,0.0,0.0,0.0
1776452691250418697,118649,0.08,0.3,0.0,0.9,0.16,-0.06,-82.5,1.12,1.44,-0.22,0.04,-0.29,-2.75,-1.06,10.25,166.18,189.0,0.0,0.0,0.0,0.0
1776452691348665690,118749,0.084,0.1,0.072,0.5,0.14,-0.08,-81.56,1.19,1.31,-0.25,0.03,-0.39,1.37,-0.19,10.5,166.18,189.0,0.0,0.0,0.0,0.0
1776452691446941850,118849,0.0,0.9,0.092,0.2,0.2,-0.2,-80.69,1.19,1.56,-0.35,-0.02,-0.29,-1.25,-0.88,7.0,166.18,188.0,0.0,0.0,0.0,0.0
1776452691549376414,118949,0.0,0.9,0.092,0.3,-0.02,-0.08,-80.12,1.31,1.56,-0.07,-0.01,-0.33,-0.19,-0.5,5.0,166.18,189.0,0.0,0.0,0.0,0.0
1776452691647669240,119049,0.0,0.9,0.072,0.5,0.16,0.02,-79.69,1.37,1.56,-0.13,-0.01,-0.3,-0.25,-1.0,4.25,166.18,189.0,0.0,0.0,0.0,0.0
1776452691750085323,119149,0.0,1.1,0.08,0.5,0.29,0.12,-79.25,1.5,1.5,0.13,0.01,-0.33,-1.31,-1.19,4.5,166.18,191.0,0.0,0.0,0.0,0.0
1776452691848357297,119249,0.092,0.5,0.056,0.5,0.02,0.0,-78.81,1.63,1.37,0.11,-0.0,-0.26,-1.19,-1.0,4.81,166.18,190.0,0.0,0.0,0.0,0.0
1776452691950748603,119349,0.0,1.0,0.0,1.4,0.02,-0.16,-78.44,1.75,1.06,0.29,-0.0,-0.35,-0.19,-0.94,3.44,166.18,190.0,0.0,0.0,0.0,0.0
1776452692049060076,119449,0.088,0.1,0.0,1.3,0.12,-0.12,-78.25,1.75,1.0,0.16,-0.0,-0.35,0.31,-0.06,0.06,166.87,190.0,0.0,0.0,0.0,0.0
1776452692147375974,119548,0.092,0.1,0.0,1.6,0.06,-0.14,-78.25,1.69,1.25,-0.24,-0.02,-0.3,1.75,1.69,-0.37,166.18,197.0,0.0,0.0,0.0,0.0
1776452692249774632,119649,0.092,0.1,0.0,1.5,0.06,0.1,-78.19,1.56,1.25,0.08,-0.0,-0.32,-0.75,0.69,1.69,166.18,197.0,0.0,0.0,0.0,0.0
1776452692348005773,119749,0.092,0.3,0.0,1.4,0.04,0.14,-78.0,1.44,1.25,-0.04,0.1,-0.26,1.81,1.75,1.5,166.36,190.0,0.0,0.0,0.0,0.0
1776452692450412393,119849,0.088,0.2,0.0,1.6,0.04,0.1,-77.94,1.31,1.37,-0.06,-0.01,-0.35,1.37,1.75,0.25,162.07,190.0,0.0,0.0,0.0,0.0
1776452692548679478,119949,0.0,1.2,0.096,0.3,0.04,0.06,-78.0,1.19,1.63,-0.24,-0.03,-0.33,1.75,1.19,-0.56,166.18,191.0,0.0,0.0,0.0,0.0
1776452692651131393,120050,0.0,1.2,0.08,0.2,0.06,0.0,-77.87,1.12,1.81,-0.12,0.02,-0.37,1.06,0.31,1.63,165.67,190.0,0.0,0.0,0.0,0.0
1776452692749442291,120150,0.092,-0.1,0.096,0.1,0.0,-0.21,-77.69,1.12,2.25,-0.37,-0.02,-0.25,2.25,-0.25,1.63,165.67,190.0,0.0,0.0,0.0,0.0
1776452692851808412,120250,0.0,0.9,0.076,0.2,0.14,-0.04,-77.62,1.19,2.31,-0.03,-0.03,-0.45,0.5,-0.94,0.63,164.98,195.0,0.0,0.0,0.0,0.0
1776452692950116663,120350,0.0,0.3,0.0,1.7,0.02,-0.21,-77.62,1.25,2.5,-0.06,-0.02,-0.27,0.31,-0.75,0.31,165.15,189.0,0.0,0.0,0.0,0.0
1776452693052504727,120450,0.088,0.3,0.0,1.6,-0.02,-0.14,-77.56,1.31,2.44,0.11,-0.0,-0.29,-0.06,-0.37,1.06,165.67,189.0,0.0,0.0,0.0,0.0
1776452693150774256,120550,0.0,1.4,0.092,0.3,0.18,-0.08,-77.44,1.31,2.44,0.05,0.02,-0.29,0.06,-0.06,0.69,165.5,199.0,0.0,0.0,0.0,0.0
1776452693249073525,120649,0.0,1.3,0.096,0.2,0.2,-0.08,-77.44,1.31,2.31,0.25,-0.03,-0.35,0.94,-0.25,0.63,165.67,192.0,0.0,0.0,0.0,0.0
1776452693351477978,120749,0.0,1.0,0.084,0.6,0.21,-0.02,-77.37,1.37,2.25,0.3,-0.03,-0.31,-0.69,-1.63,0.31,161.38,192.0,0.0,0.0,0.0,0.0
1776452693449801190,120849,0.0,1.4,0.084,0.6,0.1,-0.16,-77.44,1.5,2.25,-0.06,0.01,-0.36,2.0,-0.75,-0.94,165.67,182.0,0.0,0.0,0.0,0.0
1776452693548081385,120948,0.0,1.5,0.084,0.4,0.02,0.02,-77.44,1.56,2.5,-0.33,-0.05,-0.28,-1.19,-0.19,0.5,166.7,182.0,0.0,0.0,0.0,0.0
1776452693650552873,121049,0.0,1.4,0.084,0.4,0.06,-0.04,-77.31,1.56,2.44,-0.28,0.03,-0.34,0.56,-0.44,1.12,165.5,191.0,0.0,0.0,0.0,0.0
1776452693748791403,121149,0.0,1.2,0.092,0.5,0.04,0.0,-77.19,1.63,2.69,-0.37,-0.01,-0.31,-0.31,-1.19,1.56,165.67,198.0,0.0,0.0,0.0,0.0
1776452693851180152,121248,0.0,1.3,0.092,0.2,0.16,-0.08,-77.12,1.75,2.94,-0.28,-0.04,-0.29,-1.75,-0.75,0.69,165.5,198.0,0.0,0.0,0.0,0.0
1776452693949473810,121348,0.0,1.5,0.084,0.7,0.0,-0.18,-77.12,1.75,3.06,-0.44,-0.0,-0.34,-0.94,0.19,0.0,165.67,191.0,0.0,0.0,0.0,0.0
1776452694057821609,121448,0.0,0.3,0.0,1.1,0.18,-0.06,-77.12,1.75,3.31,-0.31,-0.03,-0.3,-1.75,-0.75,-1.37,165.67,189.0,0.0,0.0,0.0,0.0
1776452694150164364,121548,0.0,1.0,0.0,1.4,-0.02,-0.1,-77.31,1.75,3.25,-0.05,-0.0,-0.33,-0.56,-0.44,-1.75,165.5,189.0,0.0,0.0,0.0,0.0
1776452694252589463,121649,0.0,1.3,0.088,0.1,0.08,-0.14,-77.5,1.75,3.13,0.24,-0.04,-0.31,-1.94,-0.75,-2.56,161.55,189.0,0.0,0.0,0.0,0.0
1776452694350825456,121750,0.0,0.1,0.0,1.2,0.2,-0.16,-77.81,1.81,2.81,0.39,0.02,-0.28,-1.81,-0.94,-3.06,165.5,196.0,0.0,0.0,0.0,0.0
1776452694449109076,121849,0.088,0.3,0.0,0.9,0.1,-0.12,-78.19,1.88,2.63,0.01,-0.03,-0.3,-0.81,-0.88,-5.0,165.67,196.0,0.0,0.0,0.0,0.0
1776452694551538731,121949,0.0,0.9,0.084,0.3,-0.02,-0.12,-78.62,1.94,2.44,0.2,-0.04,-0.31,-1.81,-1.12,-5.0,165.67,200.0,0.0,0.0,0.0,0.0
1776452694649842740,122049,0.0,0.1,0.0,0.9,-0.06,-0.18,-79.06,2.0,2.25,-0.1,0.05,-0.3,0.06,-1.06,-2.69,165.67,190.0,0.0,0.0,0.0,0.0
1776452694752236951,122149,0.0,0.1,0.0,1.1,0.14,-0.12,-79.25,2.13,2.19,0.09,0.03,-0.29,-3.56,-0.75,-1.75,161.38,190.0,0.0,0.0,0.0,0.0
1776452694850542608,122249,0.092,0.5,0.0,1.0,0.1,-0.21,-79.44,2.13,2.0,0.12,0.01,-0.31,-1.63,-0.25,-1.69,165.5,195.0,0.0,0.0,0.0,0.0
1776452694958887148,122349,0.088,0.2,0.0,1.3,-0.02,-0.1,-79.62,2.13,1.75,0.09,-0.0,-0.31,0.81,-0.19,-2.63,165.67,195.0,0.0,0.0,0.0,0.0
1776452695051218032,122448,0.0,0.7,0.06,0.5,0.0,-0.08,-79.94,2.13,1.69,0.15,0.02,-0.35,-2.31,-0.44,-2.88,165.67,192.0,0.0,0.0,0.0,0.0
1776452695153626428,122549,0.0,0.6,0.072,0.2,-0.06,-0.06,-80.19,2.13,1.5,0.12,0.03,-0.33,-1.88,0.12,-3.13,161.55,187.0,0.0,0.0,0.0,0.0
1776452695251869142,122649,0.0,0.9,0.084,0.2,0.14,-0.02,-80.44,2.13,1.37,0.02,-0.0,-0.35,-0.31,0.5,-1.81,165.67,187.0,0.0,0.0,0.0,0.0
1776452695350183427,122749,0.0,0.7,0.076,0.5,-0.06,-0.18,-80.62,2.13,1.25,0.14,0.01,-0.33,-1.63,-0.12,-1.88,161.38,191.0,0.0,0.0,0.0,0.0
1776452695452608193,122849,0.0,0.7,0.096,0.3,-0.08,0.0,-80.81,2.13,1.19,-0.11,0.07,-0.28,-0.12,0.31,-2.13,165.67,190.0,0.0,0.0,0.0,0.0
1776452695550900090,122949,0.0,0.7,0.084,0.1,0.1,-0.1,-81.0,2.13,1.12,0.01,-0.03,-0.29,-1.12,0.12,-1.94,165.67,190.0,0.0,0.0,0.0,0.0
1776452695649128934,123048,0.0,0.6,0.08,0.5,0.04,-0.14,-81.19,2.13,1.06,-0.05,-0.04,-0.31,-0.37,-0.37,-1.81,166.18,189.0,0.0,0.0,0.0,0.0
1776452695751600290,123148,0.0,0.9,0.08,0.2,-0.14,-0.02,-81.44,2.19,0.94,0.2,-0.0,-0.31,-2.06,-0.69,-2.44,162.07,189.0,0.0,0.0,0.0,0.0
1776452695849868837,123248,0.0,0.8,0.064,0.6,0.06,-0.06,-81.69,2.19,0.63,0.37,-0.04,-0.32,-1.75,0.25,-2.69,166.18,192.0,0.0,0.0,0.0,0.0
1776452695952276306,123348,0.088,0.4,0.0,1.4,0.1,0.12,-81.87,2.25,0.25,0.43,-0.01,-0.25,-1.75,0.25,-1.75,166.18,187.0,0.0,0.0,0.0,0.0
1776452696050588610,123448,0.0,1.0,0.096,0.2,0.21,-0.02,-82.06,2.19,-0.31,0.39,-0.01,-0.4,0.63,0.81,-1.94,166.18,187.0,0.0,0.0,0.0,0.0
1776452696152981061,123548,0.0,1.3,0.08,0.2,0.1,0.08,-82.25,2.19,-0.31,0.16,-0.08,-0.23,-0.37,0.37,-1.81,166.7,189.0,0.0,0.0,0.0,0.0
1776452696251280143,123649,0.0,1.3,0.076,0.0,0.02,-0.02,-82.44,2.13,-0.37,0.15,-0.06,-0.33,1.19,-0.44,-2.06,166.87,194.0,0.0,0.0,0.0,0.0
1776452696353695242,123749,0.0,1.3,0.092,0.5,0.06,-0.1,-82.62,2.13,-0.19,0.04,-0.0,-0.33,2.25,-0.44,-1.94,166.18,194.0,0.0,0.0,0.0,0.0
1776452696451936307,123849,0.0,0.9,0.084,1.4,0.2,-0.18,-82.69,2.13,0.19,-0.13,-0.0,-0.34,4.75,-0.37,0.5,166.18,193.0,0.0,0.0,0.0,0.0
1776452696554367312,123950,0.096,0.3,0.0,1.7,0.06,-0.06,-82.56,2.25,0.63,-0.29,-0.0,-0.28,4.88,-0.94,1.81,166.18,190.0,0.0,0.0,0.0,0.0
1776452696652658487,124050,0.0,1.2,0.1,0.5,0.14,-0.21,-82.5,2.31,1.19,-0.28,-0.08,-0.26,4.44,-0.75,-1.69,165.67,190.0,0.0,0.0,0.0,0.0
1776452696755047493,124150,0.0,1.2,0.068,0.5,-0.02,-0.08,-82.87,2.44,1.25,0.56,-0.07,-0.38,-2.19,-1.63,-5.44,166.18,194.0,0.0,0.0,0.0,0.0
1776452696863395699,124251,0.0,1.3,0.084,0.6,0.02,-0.12,-83.37,2.5,1.75,-0.13,-0.07,-0.29,10.25,-1.0,-4.69,166.36,196.0,0.0,0.0,0.0,0.0
1776452696955741563,124352,0.0,0.7,0.0,1.2,0.02,0.0,-83.69,2.56,2.25,0.06,-0.0,-0.32,-0.63,-0.88,-2.19,166.18,196.0,0.0,0.0,0.0,0.0
1776452697058121644,124452,0.088,0.1,0.0,1.5,0.08,0.02,-83.75,2.63,2.44,-0.2,0.06,-0.38,5.25,0.44,-0.37,166.18,197.0,0.0,0.0,0.0,0.0
1776452697156451909,124553,0.08,0.2,0.0,1.5,0.12,-0.14,-83.75,2.56,2.69,-0.24,-0.0,-0.34,-1.44,0.12,0.81,166.18,197.0,0.0,0.0,0.0,0.0
1776452697258825916,124653,0.0,1.2,0.0,1.3,0.04,-0.06,-83.62,2.56,2.69,-0.04,-0.05,-0.29,-0.69,0.31,0.75,166.18,189.0,0.0,0.0,0.0,0.0
1776452697357111664,124753,0.092,0.2,0.0,1.1,0.08,-0.14,-83.62,2.56,2.56,0.16,0.01,-0.4,1.25,-0.31,-0.19,166.18,188.0,0.0,0.0,0.0,0.0
1776452697455367469,124853,0.092,0.2,0.0,1.3,-0.02,0.0,-83.62,2.56,2.69,-0.19,-0.02,-0.28,-1.5,-0.0,0.25,162.07,188.0,0.0,0.0,0.0,0.0
1776452697557784104,124953,0.0,0.7,0.084,0.2,0.1,0.0,-83.69,2.56,2.63,-0.08,-0.02,-0.32,-0.37,-0.06,-0.81,166.18,190.0,0.0,0.0,0.0,0.0
1776452697656107092,125052,0.0,0.9,0.08,0.3,0.08,0.0,-83.81,2.56,2.56,0.06,-0.05,-0.3,-2.56,-0.37,-1.25,166.18,195.0,0.0,0.0,0.0,0.0
1776452697758525412,125152,0.0,0.8,0.076,0.3,0.02,-0.12,-83.87,2.63,2.31,0.21,-0.0,-0.4,-1.69,-0.69,-0.69,166.7,195.0,0.0,0.0,0.0,0.0
1776452697856802049,125252,0.0,1.0,0.076,0.2,0.18,-0.04,-83.87,2.63,2.25,0.0,0.03,-0.31,-1.31,0.37,-0.44,166.87,194.0,0.0,0.0,0.0,0.0
1776452697955080224,125351,0.0,0.3,0.0,1.5,0.12,-0.18,-83.87,2.63,2.06,0.08,0.02,-0.3,-1.75,0.37,0.37,166.7,188.0,0.0,0.0,0.0,0.0
1776452698057491006,125452,0.096,0.5,0.096,0.1,0.06,-0.1,-83.87,2.63,1.88,0.12,-0.01,-0.3,-0.75,0.25,1.19,166.87,188.0,0.0,0.0,0.0,0.0
1776452698155790902,125552,0.0,1.3,0.088,0.3,0.0,-0.04,-83.69,2.63,1.88,-0.18,-0.06,-0.28,-0.19,-0.25,1.12,166.7,190.0,0.0,0.0,0.0,0.0
1776452698258163334,125652,0.0,1.4,0.088,0.2,0.06,-0.2,-83.69,2.63,2.13,-0.45,-0.01,-0.34,1.75,0.5,-0.88,166.87,190.0,0.0,0.0,0.0,0.0
1776452698356434915,125752,0.0,1.4,0.088,0.3,-0.06,-0.12,-83.81,2.63,2.75,-0.52,-0.07,-0.32,0.63,0.5,-1.12,166.36,191.0,0.0,0.0,0.0,0.0
1776452698454750662,125851,0.084,0.1,0.0,1.2,-0.06,0.0,-83.87,2.56,3.13,-0.25,-0.07,-0.32,-1.25,-0.31,-0.37,166.18,196.0,0.0,0.0,0.0,0.0
1776452698557164352,125952,0.0,1.1,0.092,0.5,0.14,-0.06,-83.94,2.56,3.38,-0.59,-0.03,-0.26,1.19,-0.19,-1.37,166.18,196.0,0.0,0.0,0.0,0.0
1776452698655409101,126053,0.0,0.9,0.092,0.2,0.06,-0.1,-84.06,2.56,3.25,0.16,0.04,-0.3,0.56,-0.44,-1.06,166.18,193.0,0.0,0.0,0.0,0.0
1776452698757862086,126152,0.0,0.3,0.06,0.0,0.02,-0.04,-84.19,2.56,3.13,0.77,-0.04,-0.3,-3.44,-0.44,-0.94,166.87,191.0,0.0,0.0,0.0,0.0
1776452698866241807,126253,0.0,1.3,0.0,1.3,0.04,0.04,-84.19,2.56,2.75,0.84,0.11,-0.3,0.06,0.19,0.44,166.18,191.0,0.0,0.0,0.0,0.0
1776452698958538395,126353,0.1,1.0,0.092,0.5,0.04,-0.14,-84.06,2.56,2.63,0.26,0.02,-0.31,-0.0,1.0,2.0,166.18,191.0,0.0,0.0,0.0,0.0
1776452699056854141,126452,0.0,1.3,0.092,0.5,-0.04,0.06,-83.87,2.44,2.44,0.35,-0.03,-0.35,-1.81,0.69,2.94,166.18,184.0,0.0,0.0,0.0,0.0
1776452699159238665,126553,0.0,1.2,0.096,0.0,0.14,-0.1,-83.56,2.38,2.25,0.07,-0.0,-0.33,0.31,0.81,2.38,167.21,184.0,0.0,0.0,0.0,0.0
1776452699257529023,126654,0.0,1.2,0.096,0.3,0.14,0.0,-83.37,2.31,2.25,-0.16,-0.03,-0.33,0.37,0.5,1.75,166.18,189.0,0.0,0.0,0.0,0.0
1776452699359897973,126753,0.0,1.0,0.084,0.5,0.16,-0.12,-83.19,2.31,2.25,0.07,-0.07,-0.32,-2.19,0.19,2.13,167.38,199.0,0.0,0.0,0.0,0.0
1776452699458217737,126854,0.0,1.4,0.08,0.1,0.14,-0.1,-83.0,2.25,2.19,-0.23,-0.03,-0.26,-0.0,0.69,2.25,166.18,199.0,0.0,0.0,0.0,0.0
1776452699560611687,126954,0.0,1.2,0.08,0.3,0.02,-0.04,-82.81,2.25,2.25,-0.09,-0.06,-0.29,-1.37,-0.25,1.81,166.36,192.0,0.0,0.0,0.0,0.0
1776452699658923044,127054,0.0,1.3,0.088,0.3,0.12,-0.06,-82.56,2.31,2.0,0.43,-0.0,-0.3,-0.94,-0.75,2.38,166.87,192.0,0.0,0.0,0.0,0.0
1776452699761293401,127154,0.096,0.2,0.0,1.0,0.12,-0.2,-82.37,2.31,1.94,0.0,-0.04,-0.27,-0.0,-0.06,1.5,166.18,192.0,0.0,0.0,0.0,0.0
1776452699859625369,127254,0.088,0.1,0.0,0.5,0.0,-0.08,-82.19,2.38,1.69,0.44,-0.03,-0.33,-1.81,-0.75,2.31,166.7,193.0,0.0,0.0,0.0,0.0
1776452699957867969,127354,0.0,0.2,0.0,1.4,-0.12,-0.06,-82.0,2.38,1.25,0.5,-0.04,-0.27,-2.19,-0.56,2.06,166.7,193.0,0.0,0.0,0.0,0.0
1776452700060295714,127454,0.088,-0.1,0.0,0.3,0.02,-0.04,-81.75,2.38,0.81,0.32,-0.02,-0.3,-0.69,-0.19,2.63,166.87,195.0,0.0,0.0,0.0,0.0
1776452700162689329,127555,0.0,0.9,0.08,0.4,0.0,-0.14,-81.56,2.38,0.69,0.1,-0.06,-0.25,-0.5,-0.19,1.44,166.87,196.0,0.0,0.0,0.0,0.0
1776452700261012167,127654,0.0,1.1,0.064,0.6,0.12,-0.02,-81.37,2.38,0.44,0.24,-0.04,-0.34,-1.56,-0.63,1.5,166.87,196.0,0.0,0.0,0.0,0.0
1776452700359258655,127754,0.0,0.8,0.084,0.3,0.12,-0.16,-81.37,2.38,0.37,-0.03,-0.02,-0.28,-0.31,0.19,-0.12,166.87,193.0,0.0,0.0,0.0,0.0
1776452700461680196,127854,0.0,0.9,0.084,0.3,0.08,0.0,-81.44,2.31,0.37,-0.19,-0.09,-0.33,-1.0,0.63,-2.38,166.18,193.0,0.0,0.0,0.0,0.0
1776452700559970609,127953,0.0,0.9,0.08,0.3,0.18,-0.12,-81.69,2.31,0.31,0.05,0.02,-0.34,-1.44,-0.25,-2.25,166.18,197.0,0.0,0.0,0.0,0.0
1776452700662381909,128054,0.0,0.9,0.088,0.3,0.12,-0.04,-81.87,2.31,0.25,0.0,-0.0,-0.31,-0.88,0.63,-1.44,166.18,194.0,0.0,0.0,0.0,0.0
1776452700760669007,128155,0.0,1.4,0.088,1.0,-0.02,-0.06,-82.0,2.31,0.25,0.07,0.01,-0.33,-1.0,0.5,-0.5,166.18,194.0,0.0,0.0,0.0,0.0
1776452700868998599,128254,0.096,0.4,0.088,0.3,-0.02,0.04,-81.94,2.25,0.19,-0.07,0.05,-0.34,1.0,1.44,0.69,166.18,188.0,0.0,0.0,0.0,0.0
1776452700961380997,128355,0.0,0.9,0.0,1.7,0.12,-0.08,-81.87,2.13,0.25,-0.1,-0.05,-0.3,-1.0,1.63,0.56,166.18,189.0,0.0,0.0,0.0,0.0
1776452701059633097,128455,0.096,-0.1,0.092,0.4,0.2,-0.14,-81.94,1.94,0.37,-0.39,-0.03,-0.43,1.19,1.31,-1.37,166.18,189.0,0.0,0.0,0.0,0.0
1776452701162060395,128555,0.0,1.2,0.072,1.0,0.1,0.0,-82.12,1.75,0.56,0.16,-0.25,-0.32,-5.81,-0.94,-1.81,166.87,189.0,0.0,0.0,0.0,0.0
1776452701260374770,128655,0.096,0.0,0.0,1.0,0.14,-0.06,-82.37,1.81,0.56,-0.26,0.09,-0.38,2.06,1.44,-3.06,166.18,195.0,0.0,0.0,0.0,0.0
1776452701362748608,128755,0.08,0.3,0.0,1.3,0.08,-0.14,-82.56,1.69,0.5,0.11,-0.12,-0.36,-1.44,-0.19,-1.37,166.87,195.0,0.0,0.0,0.0,0.0
1776452701461038705,128855,0.088,0.3,0.0,1.1,0.1,-0.04,-82.69,1.69,0.25,0.44,0.01,-0.32,-1.37,-0.19,-0.88,167.21,192.0,0.0,0.0,0.0,0.0
1776452701563443690,128956,0.084,0.1,0.0,1.1,0.1,-0.1,-82.75,1.69,-0.19,0.41,-0.0,-0.31,-0.88,1.19,-0.69,166.87,187.0,0.0,0.0,0.0,0.0
1776452701661729010,129055,0.084,0.5,0.0,1.2,0.14,-0.1,-82.81,1.56,-0.75,0.67,-0.08,-0.34,-2.88,0.94,-0.5,167.38,187.0,0.0,0.0,0.0,0.0
1776452701764127939,129155,0.076,0.6,0.0,0.1,0.04,-0.06,-82.87,1.44,-1.56,0.51,0.07,-0.35,1.37,2.13,-0.75,167.38,192.0,0.0,0.0,0.0,0.0
1776452701862479202,129255,0.0,1.2,0.068,0.3,0.02,-0.06,-82.81,1.19,-1.44,0.05,-0.05,-0.31,2.38,2.5,1.37,167.38,192.0,0.0,0.0,0.0,0.0
1776452701964813578,129356,0.0,1.1,0.0,1.4,0.02,0.08,-82.62,0.94,-1.12,-0.12,-0.03,-0.39,3.56,2.5,2.38,167.38,193.0,0.0,0.0,0.0,0.0
1776452702063125137,129456,0.0,0.2,0.08,0.1,0.18,-0.12,-82.37,0.63,-0.56,-0.72,-0.08,-0.35,5.69,2.63,1.5,166.87,195.0,0.0,0.0,0.0,0.0
1776452702165507085,129557,0.0,1.4,0.084,0.2,0.04,0.0,-82.31,0.37,0.25,-0.45,-0.14,-0.32,-0.88,0.88,0.94,171.5,195.0,0.0,0.0,0.0,0.0
1776452702263795830,129656,0.0,1.3,0.084,0.1,0.04,-0.12,-82.25,0.31,0.56,-0.45,-0.0,-0.38,4.25,1.31,-0.31,166.87,198.0,0.0,0.0,0.0,0.0
1776452702362058891,129756,0.0,1.2,0.08,0.2,-0.02,-0.02,-82.31,0.19,1.06,-0.3,-0.07,-0.35,-0.0,0.5,-0.25,166.7,186.0,0.0,0.0,0.0,0.0
1776452702464538595,129856,0.0,0.2,0.0,1.2,0.16,-0.04,-82.25,0.12,1.25,-0.21,-0.0,-0.36,0.06,0.31,1.31,166.87,186.0,0.0,0.0,0.0,0.0
1776452702562792546,129955,0.0,0.4,0.0,1.5,0.21,0.02,-82.06,0.12,1.25,0.1,-0.04,-0.35,-1.31,0.19,2.13,166.87,194.0,0.0,0.0,0.0,0.0
1776452702661051607,130055,0.0,1.4,0.08,0.2,0.02,0.0,-81.87,0.12,1.37,-0.31,-0.04,-0.34,2.25,0.63,1.5,166.87,193.0,0.0,0.0,0.0,0.0
1776452702763484127,130155,0.0,1.4,0.0,1.2,-0.06,0.06,-81.75,0.12,1.44,0.16,-0.08,-0.35,-2.44,-0.69,0.81,166.87,193.0,0.0,0.0,0.0,0.0
1776452702861776798,130254,0.076,0.1,0.088,0.3,0.02,-0.12,-81.75,0.12,1.44,-0.26,0.02,-0.35,2.31,0.56,0.0,166.18,192.0,0.0,0.0,0.0,0.0
1776452702970166257,130354,0.0,0.4,0.0,0.3,-0.08,-0.06,-81.75,0.06,1.5,0.11,-0.14,-0.35,-2.31,-0.56,-0.31,166.18,192.0,0.0,0.0,0.0,0.0
1776452703062493082,130454,0.0,1.1,0.084,0.3,0.08,-0.06,-81.75,0.12,1.37,0.06,-0.01,-0.34,-0.19,-0.37,-0.88,166.18,188.0,0.0,0.0,0.0,0.0
1776452703160737402,130553,0.0,1.2,0.0,1.3,-0.04,-0.08,-81.81,0.12,1.37,0.12,-0.02,-0.29,-0.75,-0.44,-0.88,166.18,185.0,0.0,0.0,0.0,0.0
1776452703263130812,130653,0.088,0.3,0.0,1.2,0.18,-0.16,-81.94,0.06,1.25,0.17,-0.0,-0.3,-0.19,-0.5,-1.63,162.07,185.0,0.0,0.0,0.0,0.0
1776452703361414409,130754,0.0,0.9,0.056,0.6,0.12,-0.08,-82.12,0.06,1.0,0.47,-0.05,-0.34,-2.06,-0.5,-2.75,162.07,192.0,0.0,0.0,0.0,0.0
1776452703459753448,130853,0.0,0.0,0.0,1.8,0.02,0.04,-82.44,0.06,0.63,0.2,0.01,-0.32,0.88,-0.19,-3.56,166.18,202.0,0.0,0.0,0.0,0.0
1776452703562152654,130953,0.088,0.2,0.0,1.7,0.16,-0.06,-82.87,0.06,0.5,0.34,-0.06,-0.33,-1.75,-0.44,-4.38,166.36,202.0,0.0,0.0,0.0,0.0
1776452703660423659,131054,0.088,0.0,0.0,1.4,0.04,-0.1,-83.25,0.06,0.31,0.19,0.01,-0.31,-0.19,-0.31,-4.19,166.18,195.0,0.0,0.0,0.0,0.0
1776452703762831791,131153,0.088,0.2,0.0,1.5,0.06,-0.1,-83.69,0.06,0.12,0.27,-0.05,-0.36,-1.19,-1.31,-4.06,166.18,197.0,0.0,0.0,0.0,0.0
1776452703861084796,131254,0.096,0.5,0.0,1.4,0.04,-0.1,-84.06,0.19,0.25,-0.45,0.03,-0.25,1.31,-0.56,-4.13,162.07,197.0,0.0,0.0,0.0,0.0
1776452703963525482,131354,0.0,1.2,0.0,1.0,-0.06,0.06,-84.5,0.25,0.12,0.21,-0.01,-0.39,-3.63,-1.19,-4.81,166.18,195.0,0.0,0.0,0.0,0.0
1776452704061836837,131453,0.096,0.3,0.0,0.2,0.04,-0.25,-85.06,0.25,0.06,-0.17,-0.08,-0.29,-0.75,-0.63,-6.0,166.18,195.0,0.0,0.0,0.0,0.0
1776452704160090693,131553,0.0,0.8,0.0,1.2,-0.06,-0.06,-85.62,0.37,0.06,-0.24,0.03,-0.38,1.63,-1.06,-4.81,166.36,194.0,0.0,0.0,0.0,0.0
1776452704262521657,131653,0.0,1.2,0.088,0.5,-0.04,-0.06,-85.94,0.37,0.25,-0.25,0.01,-0.25,-1.63,-0.69,-2.0,166.87,187.0,0.0,0.0,0.0,0.0
1776452704360771828,131753,0.0,0.0,0.0,1.1,0.06,0.0,-86.0,0.5,0.12,-0.11,0.06,-0.47,1.88,-0.81,-0.5,166.87,187.0,0.0,0.0,0.0,0.0
1776452704463191477,131853,0.088,0.5,0.0,1.8,0.08,-0.12,-86.06,0.5,0.31,-0.12,-0.0,-0.32,-2.13,-1.19,-0.5,166.7,188.0,0.0,0.0,0.0,0.0
1776452704561512739,131954,0.084,0.4,0.0,1.5,0.04,-0.06,-86.06,0.56,0.31,-0.23,0.04,-0.31,1.37,-0.25,0.12,166.87,197.0,0.0,0.0,0.0,0.0
1776452704663899889,132054,0.08,0.2,0.0,1.7,0.08,0.14,-86.06,0.63,0.37,-0.13,0.02,-0.29,0.31,-0.31,0.25,166.87,197.0,0.0,0.0,0.0,0.0
1776452704762203300,132154,0.0,0.2,0.0,0.1,0.04,-0.1,-86.06,0.63,0.31,0.16,-0.01,-0.34,-0.5,-0.31,0.06,166.87,194.0,0.0,0.0,0.0,0.0
1776452704864584820,132254,0.0,0.2,0.0,1.5,0.1,-0.02,-86.12,0.63,0.06,0.5,-0.05,-0.29,-1.94,-1.06,-1.37,171.5,191.0,0.0,0.0,0.0,0.0
1776452704962886842,132354,0.084,0.2,0.0,1.3,0.1,0.0,-86.31,0.69,-0.37,0.41,0.05,-0.36,0.75,-0.44,-2.44,171.67,191.0,0.0,0.0,0.0,0.0
1776452705061148568,132454,0.092,0.0,0.0,0.2,-0.12,-0.2,-86.56,0.75,-0.37,0.21,-0.0,-0.32,1.94,-0.0,-3.19,171.67,189.0,0.0,0.0,0.0,0.0
1776452705163588605,132553,0.0,1.2,0.076,0.3,0.21,-0.16,-86.87,0.75,-0.25,0.2,0.03,-0.28,1.25,0.12,-2.44,167.38,189.0,0.0,0.0,0.0,0.0
1776452705261838239,132653,0.0,0.1,0.0,0.2,0.14,-0.18,-87.0,0.75,-0.25,0.14,0.11,-0.45,2.88,0.81,-0.75,167.56,189.0,0.0,0.0,0.0,0.0
1776452705364230296,132754,0.0,1.1,0.08,0.4,0.0,-0.18,-87.0,0.63,0.0,-0.29,-0.02,-0.26,1.69,1.12,0.31,166.87,196.0,0.0,0.0,0.0,0.0
1776452705462569186,132853,0.0,0.6,0.0,0.2,-0.14,-0.02,-87.0,0.56,0.12,-0.18,-0.0,-0.34,0.06,-0.31,0.69,166.87,196.0,0.0,0.0,0.0,0.0
1776452705570903627,132953,0.0,0.6,0.068,0.2,0.12,-0.02,-87.0,0.56,0.19,-0.26,-0.01,-0.35,0.94,-0.31,-0.06,166.87,183.0,0.0,0.0,0.0,0.0
1776452705663284282,133053,0.0,0.6,0.084,0.0,0.14,-0.02,-87.06,0.56,0.69,-0.56,-0.01,-0.35,0.5,0.25,-1.12,166.87,185.0,0.0,0.0,0.0,0.0
1776452705761570877,133153,0.0,0.7,0.084,0.5,0.04,-0.06,-87.12,0.56,1.0,-0.3,0.02,-0.33,-0.31,0.25,-0.37,166.87,185.0,0.0,0.0,0.0,0.0
1776452705863955360,133253,0.0,0.9,0.084,0.5,0.02,-0.14,-87.12,0.56,1.19,-0.36,-0.0,-0.33,0.56,0.06,0.12,166.87,184.0,0.0,0.0,0.0,0.0
1776452705962178514,133354,0.0,0.7,0.076,0.3,0.06,0.06,-87.12,0.56,1.37,-0.09,-0.04,-0.34,-1.63,-0.56,-0.94,166.87,196.0,0.0,0.0,0.0,0.0
1776452706064652568,133454,0.0,0.2,0.0,1.4,0.0,-0.1,-87.31,0.56,1.25,0.18,-0.01,-0.35,0.12,-0.25,-2.13,166.7,196.0,0.0,0.0,0.0,0.0
1776452706162995698,133554,0.088,0.2,0.0,1.6,0.12,-0.14,-87.56,0.63,1.25,0.15,-0.02,-0.27,-0.69,-0.88,-3.63,166.87,192.0,0.0,0.0,0.0,0.0
1776452706265337180,133654,0.084,0.3,0.0,1.2,0.12,-0.04,-88.06,0.69,1.0,0.41,-0.06,-0.33,-0.5,-0.88,-5.69,166.87,192.0,0.0,0.0,0.0,0.0
1776452706363601333,133754,0.084,0.3,0.0,0.5,0.06,-0.16,-88.69,0.69,0.69,0.43,-0.05,-0.36,-0.94,-0.75,-7.44,166.18,197.0,0.0,0.0,0.0,0.0
1776452706466039813,133854,0.0,1.3,0.064,0.2,-0.21,-0.08,-89.44,0.75,0.69,-0.04,0.01,-0.32,1.56,-0.94,-7.44,166.18,194.0,0.0,0.0,0.0,0.0
1776452706564317650,133955,0.0,1.0,0.0,1.3,-0.06,-0.1,-90.06,0.81,0.69,0.0,-0.0,-0.25,-1.31,-0.56,-4.94,162.07,194.0,0.0,0.0,0.0,0.0
1776452706666723779,134054,0.084,0.2,0.0,1.1,-0.04,-0.12,-90.44,0.81,0.69,-0.04,-0.0,-0.34,0.75,-0.44,-3.13,166.18,197.0,0.0,0.0,0.0,0.0
1776452706765031856,134155,0.084,0.3,0.0,1.2,0.14,-0.1,-90.75,0.88,0.63,0.09,-0.0,-0.31,-0.94,-1.06,-3.56,166.18,193.0,0.0,0.0,0.0,0.0
1776452706863273695,134255,0.0,0.8,0.0,1.5,-0.02,-0.18,-91.12,1.0,0.63,0.13,-0.01,-0.25,-0.56,-1.44,-3.94,162.07,193.0,0.0,0.0,0.0,0.0
1776452706965697545,134354,0.092,0.1,0.0,1.8,0.14,-0.06,-91.5,1.12,0.37,0.28,0.05,-0.35,0.31,-1.63,-4.06,166.36,199.0,0.0,0.0,0.0,0.0
1776452707063973315,134454,0.088,0.2,0.0,1.5,0.02,-0.14,-91.87,1.25,0.5,0.0,0.05,-0.34,1.56,-1.0,-2.75,166.18,194.0,0.0,0.0,0.0,0.0
1776452707166391675,134554,0.092,0.1,0.0,0.7,-0.04,-0.1,-92.0,1.37,0.63,-0.03,-0.0,-0.28,-0.44,-0.69,-1.37,166.18,194.0,0.0,0.0,0.0,0.0
1776452707264696622,134654,0.0,1.2,0.0,0.2,0.02,0.0,-92.19,1.37,0.69,-0.12,0.11,-0.36,3.13,-0.06,-2.44,166.36,198.0,0.0,0.0,0.0,0.0
1776452707367071575,134754,0.0,1.0,0.084,0.2,0.08,-0.1,-92.44,1.37,1.06,-0.25,-0.05,-0.3,1.44,0.56,-2.63,166.18,198.0,0.0,0.0,0.0,0.0
1776452707465376300,134855,0.0,0.8,0.08,0.5,0.06,-0.06,-92.75,1.31,1.19,-0.06,-0.0,-0.33,0.44,-0.19,-3.5,166.18,191.0,0.0,0.0,0.0,0.0
1776452707567782086,134955,0.0,0.2,0.0,1.4,0.02,-0.18,-93.12,1.31,1.31,-0.13,0.04,-0.28,0.12,0.81,-3.44,166.87,192.0,0.0,0.0,0.0,0.0
1776452707666056144,135056,0.0,1.2,0.084,0.0,0.02,-0.18,-93.31,1.25,1.31,-0.04,-0.03,-0.35,0.5,0.81,-1.19,166.18,192.0,0.0,0.0,0.0,0.0
1776452707768482023,135156,0.0,1.4,0.084,0.4,-0.1,-0.12,-93.37,1.19,1.44,-0.13,-0.06,-0.31,-0.06,-0.31,0.19,166.18,197.0,0.0,0.0,0.0,0.0
1776452707866742174,135257,0.0,1.4,0.072,0.2,0.04,-0.04,-93.37,1.19,1.37,0.07,-0.0,-0.33,-0.56,-0.44,-0.06,166.87,198.0,0.0,0.0,0.0,0.0
1776452707969195015,135357,0.0,1.2,0.08,0.3,0.12,0.1,-93.44,1.19,1.31,0.1,0.01,-0.26,-0.69,-0.31,-1.44,166.87,198.0,0.0,0.0,0.0,0.0
1776452708067487270,135457,0.0,1.3,0.064,0.3,0.06,-0.1,-93.62,1.19,1.06,0.7,-0.01,-0.28,-3.06,-0.63,-2.06,167.38,189.0,0.0,0.0,0.0,0.0
1776452708169893433,135557,0.0,1.2,0.076,0.9,0.02,-0.08,-93.81,1.25,0.63,0.16,0.05,-0.33,1.75,0.06,-2.38,166.87,191.0,0.0,0.0,0.0,0.0
1776452708268215980,135657,0.076,0.3,0.0,1.0,-0.02,-0.08,-94.0,1.19,0.69,0.12,-0.07,-0.27,-0.75,0.44,-1.75,167.9,191.0,0.0,0.0,0.0,0.0
1776452708370538106,135758,0.084,0.0,0.0,1.0,0.1,0.02,-94.12,1.19,0.56,0.23,0.04,-0.29,-0.19,-0.19,-0.69,167.38,197.0,0.0,0.0,0.0,0.0
1776452708468852856,135858,0.0,1.0,0.0,1.7,0.04,0.0,-94.12,1.12,0.69,-0.26,0.08,-0.33,2.75,1.81,0.06,167.9,199.0,0.0,0.0,0.0,0.0
1776452708571292204,135959,0.092,0.0,0.0,1.5,0.06,-0.18,-94.06,0.94,1.0,-0.37,-0.02,-0.35,1.0,2.06,1.19,171.5,199.0,0.0,0.0,0.0,0.0
1776452708669574399,136058,0.084,0.2,0.092,0.3,0.02,-0.06,-93.94,0.75,1.25,-0.16,-0.04,-0.31,-0.81,2.06,1.56,167.38,186.0,0.0,0.0,0.0,0.0
1776452708771974506,136159,0.0,1.3,0.084,0.0,0.1,-0.08,-93.81,0.56,1.5,-0.48,-0.01,-0.33,1.63,2.69,0.31,167.38,186.0,0.0,0.0,0.0,0.0
1776452708870336609,136259,0.0,1.2,0.096,0.3,0.02,-0.1,-93.81,0.31,1.88,-0.25,-0.09,-0.32,-1.06,1.25,0.56,167.38,193.0,0.0,0.0,0.0,0.0
1776452708978605964,136358,0.0,1.1,0.084,0.2,0.06,-0.06,-93.81,0.19,2.0,-0.3,-0.03,-0.32,0.81,1.5,0.25,166.87,193.0,0.0,0.0,0.0,0.0
1776452709070966089,136459,0.0,1.5,0.084,0.3,0.12,-0.02,-93.81,0.12,2.06,-0.05,-0.1,-0.31,-0.94,0.44,-0.06,167.21,193.0,0.0,0.0,0.0,0.0
1776452709173377295,136560,0.0,1.2,0.0,0.5,-0.02,-0.06,-93.87,0.06,1.88,0.34,-0.01,-0.27,-1.44,-0.5,-1.19,166.87,198.0,0.0,0.0,0.0,0.0
1776452709271627997,136659,0.0,1.0,0.064,0.7,0.08,-0.18,-94.12,0.12,1.37,0.53,0.08,-0.28,-0.75,-0.44,-3.81,166.87,190.0,0.0,0.0,0.0,0.0
1776452709374016425,136759,0.0,0.3,0.0,0.7,0.08,0.06,-94.56,0.12,1.12,0.31,-0.04,-0.29,-0.56,0.69,-5.13,166.87,190.0,0.0,0.0,0.0,0.0
1776452709472408590,136859,0.0,1.4,0.0,1.1,-0.12,-0.02,-95.06,0.06,0.88,0.07,0.15,-0.3,1.63,1.44,-4.13,166.18,192.0,0.0,0.0,0.0,0.0
1776452709580712674,136960,0.084,0.3,0.0,0.5,0.1,0.0,-95.25,-0.06,0.94,0.17,-0.13,-0.33,-3.06,0.81,-0.75,162.58,189.0,0.0,0.0,0.0,0.0
1776452709673074610,137060,0.0,0.7,0.064,0.7,0.02,0.04,-95.31,-0.06,0.75,0.02,0.04,-0.37,0.56,1.31,-1.12,166.87,189.0,0.0,0.0,0.0,0.0
1776452709771338126,137161,0.0,1.0,0.088,0.3,0.06,-0.02,-95.44,-0.19,0.75,0.08,-0.11,-0.35,-2.06,0.06,-2.88,162.75,200.0,0.0,0.0,0.0,0.0
1776452709873758703,137261,0.08,1.2,0.068,0.3,0.02,-0.06,-95.87,-0.19,0.56,0.1,-0.05,-0.34,-0.56,0.12,-5.19,162.75,200.0,0.0,0.0,0.0,0.0
1776452709972008553,137361,0.0,0.3,0.0,1.2,-0.08,-0.12,-96.44,-0.25,0.44,0.18,-0.06,-0.25,-1.88,-0.25,-7.19,166.87,199.0,0.0,0.0,0.0,0.0
1776452710074577955,137461,0.084,0.3,0.0,1.0,0.02,-0.21,-97.19,-0.25,0.06,0.23,0.02,-0.41,1.31,0.19,-8.13,166.87,201.0,0.0,0.0,0.0,0.0
1776452710176881371,137562,0.096,0.4,0.0,1.3,-0.12,0.0,-97.81,-0.31,0.25,-0.16,-0.03,-0.3,-2.63,-0.0,-4.06,167.38,201.0,0.0,0.0,0.0,0.0
1776452710275195691,137662,0.092,0.1,0.076,0.3,0.02,-0.06,-98.12,-0.31,0.12,-0.31,-0.08,-0.46,1.69,-0.0,-2.94,166.87,190.0,0.0,0.0,0.0,0.0
1776452710377673108,137762,0.0,0.1,0.0,1.3,0.04,-0.21,-98.44,-0.31,0.44,-0.3,-0.0,-0.33,-0.94,-0.25,-3.13,166.87,185.0,0.0,0.0,0.0,0.0
1776452710475919483,137863,0.088,0.3,0.088,0.2,0.1,-0.06,-98.69,-0.31,0.37,-0.05,-0.03,-0.37,0.37,0.06,-0.25,166.7,185.0,0.0,0.0,0.0,0.0
1776452710574152451,137963,0.0,1.1,0.084,0.1,0.16,-0.06,-98.62,-0.31,0.44,-0.03,-0.01,-0.3,-1.0,-0.06,0.5,166.87,188.0,0.0,0.0,0.0,0.0
1776452710676593497,138062,0.0,0.5,0.0,0.8,0.16,-0.06,-98.62,-0.31,0.25,0.24,-0.0,-0.32,-1.19,-0.37,0.19,166.87,191.0,0.0,0.0,0.0,0.0
1776452710774841336,138162,0.084,-0.1,0.0,1.2,0.18,-0.02,-98.62,-0.31,0.0,0.42,0.05,-0.33,-1.0,-0.5,1.12,167.38,191.0,0.0,0.0,0.0,0.0
1776452710877290863,138262,0.08,0.2,0.0,1.1,0.02,-0.1,-98.44,-0.25,-0.31,0.33,0.05,-0.32,-0.94,0.06,2.31,167.56,199.0,0.0,0.0,0.0,0.0
1776452710975538813,138362,0.0,-0.2,0.0,1.6,0.16,0.02,-98.25,-0.25,-0.69,0.37,0.06,-0.33,0.12,-0.06,2.06,168.58,201.0,0.0,0.0,0.0,0.0
1776452711077941850,138463,0.088,0.3,0.0,0.4,-0.06,0.06,-98.12,-0.25,-0.75,-0.16,-0.01,-0.38,1.44,-0.25,0.5,167.38,201.0,0.0,0.0,0.0,0.0
1776452711176230770,138564,0.0,1.1,0.064,0.4,0.12,-0.08,-98.12,-0.25,-0.63,-0.23,-0.01,-0.31,-1.12,-0.56,-0.12,172.19,198.0,0.0,0.0,0.0,0.0
1776452711278682267,138663,0.0,1.2,0.068,0.2,0.04,0.06,-98.12,-0.25,-0.69,-0.01,-0.0,-0.38,1.25,0.37,-0.88,168.07,198.0,0.0,0.0,0.0,0.0
1776452711376946798,138763,0.0,1.4,0.084,0.5,0.1,-0.14,-98.25,-0.25,-0.25,-0.48,-0.03,-0.33,2.06,0.44,-1.44,172.7,198.0,0.0,0.0,0.0,0.0
1776452711479329776,138864,0.0,1.4,0.076,0.1,0.02,-0.1,-98.37,-0.31,0.0,-0.19,-0.0,-0.31,-0.25,-0.19,-1.19,172.7,202.0,0.0,0.0,0.0,0.0
1776452711577636177,138964,0.0,1.5,0.072,0.5,-0.1,-0.04,-98.44,-0.31,0.12,-0.23,0.03,-0.35,1.31,0.31,-0.25,168.58,202.0,0.0,0.0,0.0,0.0
1776452711675942967,139064,0.0,1.6,0.076,0.4,-0.02,-0.02,-98.44,-0.31,0.5,-0.38,0.02,-0.35,2.31,1.12,-0.12,172.19,190.0,0.0,0.0,0.0,0.0
1776452711778323557,139163,0.0,1.3,0.0,1.1,0.08,-0.2,-98.44,-0.44,0.81,-0.08,-0.03,-0.34,-0.31,0.63,0.56,172.19,196.0,0.0,0.0,0.0,0.0
1776452711876626958,139264,0.088,0.3,0.0,0.4,0.04,-0.16,-98.37,-0.44,0.88,-0.07,-0.0,-0.41,2.44,0.69,0.81,171.5,196.0,0.0,0.0,0.0,0.0
1776452711979032751,139364,0.0,0.5,0.0,0.5,-0.04,0.0,-98.37,-0.5,1.12,-0.08,-0.06,-0.34,0.19,0.31,-0.5,172.19,201.0,0.0,0.0,0.0,0.0
1776452712077333051,139463,0.0,1.1,0.0,1.2,0.0,-0.02,-98.44,-0.5,1.0,0.31,0.02,-0.32,-0.31,-0.06,-0.19,172.19,201.0,0.0,0.0,0.0,0.0
1776452712179737851,139564,0.0,0.8,0.056,0.3,0.12,-0.1,-98.37,-0.5,0.75,0.42,-0.02,-0.29,0.12,-0.12,0.88,171.5,200.0,0.0,0.0,0.0,0.0
1776452712278029315,139664,0.0,0.9,0.068,0.3,-0.02,-0.06,-98.37,-0.5,0.44,0.44,-0.0,-0.35,1.5,-0.19,0.0,167.38,200.0,0.0,0.0,0.0,0.0
1776452712376366427,139763,0.0,0.5,0.072,0.3,0.12,0.0,-98.44,-0.5,0.31,0.45,-0.0,-0.28,2.06,-0.25,-2.13,166.87,200.0,0.0,0.0,0.0,0.0
1776452712478755690,139863,0.0,0.8,0.08,0.4,-0.14,-0.04,-98.75,-0.5,0.19,0.34,0.03,-0.44,5.19,-0.37,-3.69,166.87,186.0,0.0,0.0,0.0,0.0
1776452712577028542,139964,0.0,1.1,0.092,0.3,0.06,0.08,-99.06,-0.5,0.81,-0.1,-0.03,-0.24,5.69,0.12,-2.25,166.36,202.0,0.0,0.0,0.0,0.0
1776452712679450157,140063,0.0,1.0,0.0,0.3,0.16,-0.16,-99.25,-0.44,0.94,0.12,0.01,-0.38,1.19,-1.06,-1.31,166.18,202.0,0.0,0.0,0.0,0.0
1776452712777726250,140164,0.0,1.2,0.072,0.4,0.02,0.0,-99.44,-0.44,1.19,-0.12,-0.08,-0.33,2.94,0.31,-3.44,166.18,189.0,0.0,0.0,0.0,0.0
1776452712880143754,140264,0.0,1.3,0.0,0.3,0.16,-0.18,-99.87,-0.37,1.5,-0.32,-0.07,-0.26,-0.12,-1.69,-3.69,166.36,186.0,0.0,0.0,0.0,0.0
1776452712978514384,140363,0.0,0.2,0.0,1.5,0.02,-0.06,-100.12,-0.25,1.63,-0.3,-0.01,-0.34,-0.31,-1.5,-2.69,166.7,186.0,0.0,0.0,0.0,0.0
1776452713076729192,140463,0.0,1.2,0.0,1.1,0.08,-0.1,-100.44,-0.12,1.88,-0.35,-0.1,-0.32,-1.12,-0.56,-5.19,162.58,187.0,0.0,0.0,0.0,0.0
1776452713179118406,140563,0.084,0.1,0.068,0.2,0.06,-0.04,-101.06,-0.0,1.75,0.11,-0.06,-0.38,-0.5,-2.19,-6.81,163.78,192.0,0.0,0.0,0.0,0.0
1776452713277468839,140663,0.0,0.9,0.08,0.7,0.14,0.0,-101.75,0.06,1.75,-0.24,0.01,-0.35,-0.56,-1.06,-7.44,166.53,192.0,0.0,0.0,0.0,0.0
1776452713380181406,140764,0.092,0.1,0.0,0.3,0.08,-0.08,-102.44,0.12,1.81,-0.18,0.02,-0.36,-0.63,-1.06,-5.75,167.38,196.0,0.0,0.0,0.0,0.0
1776452713478083950,140865,0.0,1.1,0.088,0.3,-0.06,-0.04,-102.87,0.19,2.0,-0.29,-0.0,-0.34,-0.56,-0.19,-3.31,166.18,196.0,0.0,0.0,0.0,0.0
1776452713580499794,140964,0.0,1.3,0.092,0.2,0.06,-0.04,-103.06,0.19,1.94,-0.21,0.04,-0.31,0.56,-0.56,0.81,166.18,196.0,0.0,0.0,0.0,0.0
1776452713678764209,141064,0.0,1.2,0.084,0.3,0.25,-0.06,-102.87,0.19,2.19,-0.42,-0.0,-0.32,-0.56,-0.44,2.88,166.87,195.0,0.0,0.0,0.0,0.0
1776452713781165608,141164,0.0,1.2,0.088,0.5,0.12,-0.25,-102.56,0.25,2.25,-0.26,0.07,-0.36,1.06,0.31,3.0,166.87,195.0,0.0,0.0,0.0,0.0
1776452713879447061,141264,0.0,0.8,0.072,0.3,0.1,-0.18,-102.31,0.31,2.44,0.07,-0.07,-0.34,-3.13,-0.37,3.0,166.87,201.0,0.0,0.0,0.0,0.0
1776452713981853664,141364,0.088,0.2,0.0,1.4,0.1,-0.06,-102.06,0.37,2.25,0.09,0.03,-0.31,-0.31,-0.19,1.06,166.87,191.0,0.0,0.0,0.0,0.0
1776452714080164590,141465,0.088,0.4,0.0,1.7,0.2,-0.04,-102.0,0.44,2.06,0.44,-0.03,-0.31,-1.56,-1.19,0.56,166.87,191.0,0.0,0.0,0.0,0.0
1776452714178439401,141564,0.088,0.0,0.0,0.3,0.0,-0.04,-102.0,0.5,1.44,0.54,0.07,-0.57,0.31,-0.69,0.56,162.75,189.0,0.0,0.0,0.0,0.0
1776452714280839270,141664,0.0,0.5,0.068,0.2,0.12,0.12,-101.87,0.56,1.5,0.2,-0.0,-0.61,-2.13,-0.75,2.63,166.87,202.0,0.0,0.0,0.0,0.0
1776452714379141340,141764,0.0,1.1,0.064,0.5,-0.04,0.02,-101.5,0.56,1.56,0.18,-0.09,-0.46,-3.75,-0.63,4.63,167.38,202.0,0.0,0.0,0.0,0.0
1776452714481536080,141864,0.0,0.6,0.064,0.3,0.12,-0.04,-101.06,0.63,1.44,0.6,-0.06,-0.39,-4.13,-0.44,4.56,167.38,193.0,0.0,0.0,0.0,0.0
1776452714579846317,141964,0.0,0.9,0.08,0.3,0.1,-0.08,-100.62,0.69,1.56,-0.12,0.01,-0.27,5.19,0.44,4.13,166.87,193.0,0.0,0.0,0.0,0.0
1776452714682251834,142064,0.0,0.7,0.064,0.6,0.06,-0.08,-100.19,0.69,1.69,-0.17,-0.02,-0.37,1.25,0.37,4.06,166.87,188.0,0.0,0.0,0.0,0.0
1776452714780538664,142164,0.084,0.2,0.0,1.1,0.04,0.04,-99.94,0.69,1.69,0.22,-0.01,-0.33,-1.5,-0.37,2.06,162.75,190.0,0.0,0.0,0.0,0.0
1776452714882929644,142265,0.084,0.1,0.0,1.0,0.16,-0.14,-99.81,0.69,1.63,0.05,-0.0,-0.34,1.31,0.19,0.69,166.87,190.0,0.0,0.0,0.0,0.0
1776452714981229862,142366,0.088,0.4,0.0,1.1,0.02,-0.1,-99.81,0.69,1.69,0.16,0.01,-0.37,-0.5,-0.25,-0.19,166.7,189.0,0.0,0.0,0.0,0.0
1776452715083631963,142467,0.076,0.3,0.0,1.1,-0.02,-0.08,-99.81,0.69,1.75,0.0,-0.04,-0.17,0.56,-0.63,-1.25,166.36,187.0,0.0,0.0,0.0,0.0
1776452715181880911,142568,0.092,0.2,0.06,0.3,0.12,0.12,-100.06,0.75,1.56,0.38,0.01,-0.37,0.5,-0.5,-2.94,166.18,187.0,0.0,0.0,0.0,0.0
1776452715284432306,142667,0.0,0.7,0.068,0.4,0.02,-0.02,-100.37,0.75,1.44,0.28,-0.04,-0.35,0.56,-0.56,-3.5,166.36,197.0,0.0,0.0,0.0,0.0
1776452715382628568,142767,0.0,1.0,0.064,0.4,0.08,-0.06,-100.75,0.81,1.5,0.14,0.01,-0.29,1.44,-0.31,-3.5,166.36,195.0,0.0,0.0,0.0,0.0
1776452715485056166,142867,0.0,1.0,0.0,0.3,-0.06,-0.08,-101.0,0.88,1.44,0.28,-0.02,-0.43,0.31,-1.0,-1.44,166.36,195.0,0.0,0.0,0.0,0.0
1776452715583397281,142967,0.104,0.4,0.0,1.2,0.08,-0.12,-101.0,0.94,1.5,0.13,0.05,-0.34,1.25,-0.12,0.5,162.75,194.0,0.0,0.0,0.0,0.0
1776452715685791490,143067,0.084,0.3,0.0,1.2,0.06,-0.06,-100.94,0.94,1.63,-0.07,0.04,-0.31,1.69,0.94,0.75,166.36,195.0,0.0,0.0,0.0,0.0
1776452715784092938,143168,0.0,0.7,0.068,0.7,0.06,-0.06,-100.94,0.81,1.63,0.08,-0.01,-0.37,-0.31,1.06,0.12,166.18,195.0,0.0,0.0,0.0,0.0
1776452715886449962,143267,0.0,0.5,0.06,0.3,-0.04,-0.16,-100.94,0.75,1.69,0.0,-0.03,-0.27,0.19,0.81,-0.5,166.87,195.0,0.0,0.0,0.0,0.0
1776452715984798429,143368,0.0,0.6,0.0,1.5,0.02,-0.14,-101.0,0.63,1.69,0.01,0.01,-0.34,-0.81,0.88,-1.37,166.87,195.0,0.0,0.0,0.0,0.0
1776452716087183314,143468,0.084,0.3,0.0,0.3,0.12,-0.18,-101.12,0.56,1.63,0.0,-0.06,-0.36,-0.0,0.56,-0.63,166.87,196.0,0.0,0.0,0.0,0.0
1776452716185495269,143568,0.0,1.2,0.064,0.3,0.1,-0.1,-101.12,0.56,1.63,-0.17,0.03,-0.33,-1.37,0.69,-1.0,166.87,191.0,0.0,0.0,0.0,0.0
1776452716283757761,143668,0.0,1.3,0.0,1.0,0.12,-0.14,-101.25,0.44,1.56,-0.13,-0.04,-0.37,-1.12,1.19,-1.19,166.87,191.0,0.0,0.0,0.0,0.0
1776452716386144236,143768,0.096,0.0,0.0,1.1,0.2,-0.18,-101.31,0.31,1.63,-0.36,-0.08,-0.32,0.06,0.75,-0.06,166.87,194.0,0.0,0.0,0.0,0.0
1776452716484489266,143868,0.0,0.0,0.0,1.6,0.14,-0.12,-101.31,0.31,1.63,-0.22,-0.01,-0.37,-1.44,-1.44,0.31,166.87,195.0,0.0,0.0,0.0,0.0
1776452716586878778,143968,0.092,0.2,0.0,1.4,0.12,-0.2,-101.31,0.37,1.75,-0.33,-0.0,-0.32,-1.06,-0.81,-0.31,166.7,195.0,0.0,0.0,0.0,0.0
1776452716685180141,144068,0.096,0.0,0.0,0.7,0.08,-0.1,-101.37,0.44,1.81,-0.23,-0.0,-0.37,-0.5,-0.12,-1.37,166.18,201.0,0.0,0.0,0.0,0.0
1776452716783478522,144167,0.0,1.1,0.0,1.1,0.16,-0.04,-101.5,0.44,1.94,-0.27,-0.03,-0.37,-0.94,0.12,-1.31,166.18,201.0,0.0,0.0,0.0,0.0
1776452716885886553,144267,0.084,0.9,0.068,0.4,0.2,-0.16,-101.62,0.37,1.94,0.0,-0.0,-0.35,-1.5,-0.31,-0.75,166.87,193.0,0.0,0.0,0.0,0.0
1776452716984180156,144367,0.0,0.3,0.0,1.5,0.14,0.08,-101.62,0.37,1.94,-0.15,-0.01,-0.3,-0.31,-0.37,-0.63,166.18,191.0,0.0,0.0,0.0,0.0
1776452717092542697,144466,0.0,1.4,0.064,0.6,-0.1,0.0,-101.69,0.37,1.88,0.12,-0.02,-0.34,-2.06,-0.44,-0.56,167.9,191.0,0.0,0.0,0.0,0.0
1776452717184897011,144567,0.0,0.8,0.0,1.3,-0.04,-0.12,-101.69,0.44,1.75,0.06,0.02,-0.34,-0.0,0.06,-0.5,166.18,189.0,0.0,0.0,0.0,0.0
1776452717287259918,144667,0.096,0.3,0.0,1.1,0.0,-0.1,-101.69,0.44,1.69,0.28,0.01,-0.34,-1.06,-0.37,0.19,166.87,191.0,0.0,0.0,0.0,0.0
1776452717385534548,144768,0.088,0.1,0.0,0.9,0.18,-0.12,-101.62,0.44,1.44,0.33,0.03,-0.32,-0.31,0.06,1.12,166.87,191.0,0.0,0.0,0.0,0.0
1776452717483850159,144868,0.0,0.7,0.068,0.5,0.1,-0.06,-101.44,0.5,1.19,0.42,0.02,-0.35,-1.94,-0.06,2.88,166.87,198.0,0.0,0.0,0.0,0.0
1776452717586262418,144967,0.0,0.5,0.0,0.5,-0.18,-0.12,-101.12,0.5,0.88,0.21,0.01,-0.32,0.19,0.25,3.75,166.87,205.0,0.0,0.0,0.0,0.0
1776452717684616307,145067,0.0,0.4,0.0,1.6,0.1,-0.18,-100.75,0.5,0.75,0.22,-0.04,-0.35,-0.25,-0.37,4.06,166.87,205.0,0.0,0.0,0.0,0.0
1776452717782831084,145167,0.0,1.2,0.0,0.5,0.06,0.02,-100.37,0.5,0.56,0.2,-0.02,-0.35,-0.94,-0.5,2.63,166.87,193.0,0.0,0.0,0.0,0.0
1776452717885272233,145266,0.0,0.7,0.06,0.0,0.16,-0.21,-100.19,0.56,0.56,-0.05,-0.04,-0.29,-0.12,-0.94,1.63,166.87,191.0,0.0,0.0,0.0,0.0
1776452717987661270,145367,0.0,1.1,0.056,0.1,0.02,-0.08,-100.06,0.69,0.56,-0.12,-0.0,-0.33,0.44,-1.06,1.88,167.38,191.0,0.0,0.0,0.0,0.0
1776452718085966038,145467,0.0,0.9,0.0,1.6,0.02,-0.02,-99.81,0.81,0.69,-0.26,-0.0,-0.3,-0.5,-1.12,2.44,168.58,196.0,0.0,0.0,0.0,0.0
1776452718184250971,145567,0.088,0.4,0.068,0.2,-0.04,-0.12,-99.62,0.88,0.63,0.06,-0.0,-0.32,-2.06,-0.69,1.69,166.87,196.0,0.0,0.0,0.0,0.0
1776452718286696979,145667,0.0,1.2,0.056,0.3,0.04,-0.04,-99.5,0.94,0.5,0.11,-0.03,-0.4,-0.81,-1.0,1.12,166.87,196.0,0.0,0.0,0.0,0.0
1776452718384927819,145767,0.0,1.2,0.0,1.1,0.02,-0.08,-99.44,1.06,0.56,-0.12,-0.03,-0.25,-0.0,-1.25,-0.06,166.87,197.0,0.0,0.0,0.0,0.0
1776452718483229807,145866,0.088,0.4,0.064,0.6,-0.06,0.04,-99.44,1.19,0.44,0.26,-0.0,-0.36,-0.88,-1.06,-0.37,166.87,197.0,0.0,0.0,0.0,0.0
1776452718585651704,145966,0.0,0.7,0.0,1.5,0.27,-0.06,-99.44,1.31,0.31,0.23,-0.04,-0.29,-0.5,-1.88,0.06,166.87,197.0,0.0,0.0,0.0,0.0
1776452718683960877,146066,0.088,0.1,0.0,1.5,0.12,-0.08,-99.44,1.44,0.19,0.23,0.01,-0.33,0.37,-1.81,-0.56,166.87,192.0,0.0,0.0,0.0,0.0
1776452718786358718,146165,0.084,0.2,0.0,1.5,0.12,0.02,-99.56,1.63,0.12,0.37,-0.02,-0.3,-1.44,-1.12,-1.12,166.36,192.0,0.0,0.0,0.0,0.0
1776452718884668095,146266,0.088,0.3,0.0,1.0,0.06,-0.02,-99.62,1.75,-0.12,0.34,-0.03,-0.33,1.75,-1.31,-1.19,166.36,189.0,0.0,0.0,0.0,0.0
1776452718987058103,146367,0.0,0.7,0.0,1.7,0.14,0.02,-99.75,1.81,0.06,0.03,0.16,-0.34,2.94,0.75,-2.13,162.07,189.0,0.0,0.0,0.0,0.0
1776452719085359137,146466,0.088,0.1,0.0,1.5,-0.1,-0.16,-100.0,1.63,0.44,-0.24,0.01,-0.33,2.88,2.69,-1.56,166.36,189.0,0.0,0.0,0.0,0.0
1776452719183613689,146566,0.0,0.0,0.0,1.0,0.08,-0.04,-100.0,1.44,0.81,-0.38,-0.02,-0.3,2.31,2.13,1.25,166.18,189.0,0.0,0.0,0.0,0.0
1776452719286008796,146666,0.0,0.8,0.068,0.3,0.18,-0.06,-99.87,1.25,1.12,-0.29,-0.08,-0.33,0.37,0.63,1.5,165.67,189.0,0.0,0.0,0.0,0.0
1776452719384308903,146765,0.0,1.0,0.06,0.4,0.23,-0.04,-99.81,1.19,1.19,-0.07,-0.03,-0.26,-1.81,-0.37,-0.25,165.67,196.0,0.0,0.0,0.0,0.0
1776452719486751787,146865,0.092,0.1,0.0,1.6,0.06,-0.12,-99.81,1.19,1.12,0.03,0.06,-0.35,0.19,0.12,0.88,165.67,193.0,0.0,0.0,0.0,0.0
1776452719585065765,146966,0.064,1.4,0.06,0.3,0.04,-0.04,-99.62,1.12,1.19,0.01,-0.01,-0.34,-1.06,0.88,2.5,165.67,193.0,0.0,0.0,0.0,0.0
1776452719693441890,147065,0.0,1.4,0.072,0.3,0.0,-0.12,-99.25,1.06,1.25,-0.12,0.06,-0.35,3.0,1.81,4.63,165.67,186.0,0.0,0.0,0.0,0.0
1776452719785736478,147166,0.0,1.5,0.068,0.2,-0.1,-0.2,-98.81,0.88,1.75,-0.43,-0.06,-0.27,1.69,2.69,4.38,165.67,193.0,0.0,0.0,0.0,0.0
1776452719884038011,147266,0.0,1.6,0.08,0.1,-0.06,-0.18,-98.37,0.69,2.0,-0.44,-0.01,-0.36,0.81,1.19,5.25,165.67,193.0,0.0,0.0,0.0,0.0
1776452719986444933,147365,0.0,1.3,0.076,0.7,0.06,-0.18,-97.87,0.63,2.19,-0.14,-0.02,-0.31,-1.63,0.37,5.31,165.67,190.0,0.0,0.0,0.0,0.0
1776452720084708901,147466,0.08,-0.2,0.0,1.1,0.16,0.12,-97.31,0.63,2.06,-0.03,0.03,-0.32,0.12,1.0,5.94,165.67,191.0,0.0,0.0,0.0,0.0
1776452720187144904,147566,0.0,1.0,0.068,0.4,0.2,-0.12,-96.69,0.63,2.0,0.1,-0.07,-0.37,-1.31,0.37,6.19,169.79,191.0,0.0,0.0,0.0,0.0
1776452720285433574,147665,0.0,0.9,0.0,1.5,0.0,-0.12,-96.19,0.63,1.94,0.1,-0.05,-0.31,-0.81,0.5,4.75,165.67,192.0,0.0,0.0,0.0,0.0
1776452720383686170,147765,0.088,0.2,0.0,0.2,-0.02,-0.2,-95.75,0.63,1.69,0.24,-0.0,-0.32,-0.37,-0.12,4.44,166.18,192.0,0.0,0.0,0.0,0.0
1776452720486133284,147865,0.0,0.0,0.0,0.1,0.16,-0.1,-95.37,0.63,1.56,0.24,-0.0,-0.33,-1.31,-0.12,3.69,165.67,189.0,0.0,0.0,0.0,0.0
1776452720584424343,147964,0.0,0.7,0.064,0.3,0.2,-0.12,-95.0,0.63,1.44,0.28,-0.03,-0.21,-2.0,-0.19,3.88,165.67,195.0,0.0,0.0,0.0,0.0
1776452720686831827,148064,0.0,0.0,0.0,1.6,-0.04,-0.02,-94.69,0.63,1.19,-0.03,-0.05,-0.2,2.31,0.37,3.5,166.7,195.0,0.0,0.0,0.0,0.0
1776452720785122682,148165,0.088,0.4,0.0,1.5,0.08,-0.06,-94.37,0.63,1.19,0.0,-0.04,-0.41,0.69,0.12,2.44,166.36,183.0,0.0,0.0,0.0,0.0
1776452720883455148,148264,0.088,0.2,0.0,1.5,0.04,-0.04,-94.12,0.63,1.25,-0.07,-0.07,-0.27,-2.0,-0.5,2.06,166.18,193.0,0.0,0.0,0.0,0.0
1776452720985822392,148364,0.096,0.2,0.0,1.3,0.02,-0.04,-93.94,0.63,1.19,-0.01,0.01,-0.38,0.69,-0.19,2.25,166.36,193.0,0.0,0.0,0.0,0.0
1776452721084133516,148464,0.08,0.1,0.0,1.5,0.02,-0.14,-93.69,0.63,1.19,-0.17,-0.07,-0.23,-0.19,-0.19,2.75,166.18,192.0,0.0,0.0,0.0,0.0
1776452721186536100,148564,0.092,0.0,0.0,1.4,0.06,0.14,-93.44,0.69,1.06,0.08,-0.0,-0.44,0.25,-0.81,2.19,166.36,195.0,0.0,0.0,0.0,0.0
1776452721284797036,148664,0.084,0.1,0.064,0.4,0.04,-0.2,-93.31,0.69,1.25,-0.5,-0.01,-0.24,0.81,-0.44,1.06,166.18,195.0,0.0,0.0,0.0,0.0
1776452721387193842,148765,0.0,1.4,0.0,1.1,0.0,-0.1,-93.25,0.69,1.75,-0.8,-0.0,-0.41,4.63,-0.12,0.44,166.36,195.0,0.0,0.0,0.0,0.0
1776452721485516964,148865,0.088,-0.1,0.0,1.2,0.16,-0.14,-93.25,0.69,1.69,0.5,-0.0,-0.36,-0.88,-0.44,0.06,168.07,195.0,0.0,0.0,0.0,0.0
1776452721583786197,148965,0.088,0.3,0.06,0.3,0.08,-0.04,-93.25,0.69,2.0,-0.19,-0.04,-0.31,3.75,0.25,0.44,168.07,194.0,0.0,0.0,0.0,0.0
1776452721686222744,149064,0.088,0.1,0.0,1.4,-0.02,-0.06,-93.25,0.69,2.0,0.21,-0.01,-0.29,-0.81,-0.31,0.0,168.76,196.0,0.0,0.0,0.0,0.0
1776452721784508532,149164,0.0,1.5,0.076,0.2,0.08,-0.1,-93.25,0.69,2.06,-0.06,-0.0,-0.29,0.75,0.25,0.12,168.07,196.0,0.0,0.0,0.0,0.0
1776452721886920468,149265,0.0,1.4,0.084,0.5,-0.02,-0.02,-93.25,0.69,2.06,0.16,0.01,-0.31,0.06,-0.12,0.06,168.58,197.0,0.0,0.0,0.0,0.0
1776452721985242738,149364,0.0,1.3,0.08,0.3,-0.02,0.0,-93.25,0.69,2.0,0.02,-0.01,-0.31,0.19,0.06,-0.06,172.19,194.0,0.0,0.0,0.0,0.0
1776452722093620033,149464,0.0,1.3,0.0,1.3,0.1,0.04,-93.25,0.69,2.0,0.06,0.02,-0.28,0.25,-0.12,0.0,172.19,194.0,0.0,0.0,0.0,0.0
1776452722185912998,149564,0.084,0.6,0.0,1.3,0.0,-0.08,-93.25,0.69,2.0,0.07,-0.02,-0.32,0.19,-0.12,0.0,172.7,187.0,0.0,0.0,0.0,0.0
1776452722284275071,149664,0.08,0.3,0.0,1.1,0.06,-0.08,-93.25,0.69,2.0,0.08,0.02,-0.31,-0.06,-0.19,0.0,172.87,191.0,0.0,0.0,0.0,0.0
1776452722386588070,149764,0.08,0.2,0.0,1.3,0.08,-0.1,-93.25,0.69,2.0,0.04,-0.02,-0.34,0.19,-0.0,0.0,172.7,191.0,0.0,0.0,0.0,0.0
1776452722484905310,149865,0.08,0.7,0.076,0.5,0.04,-0.04,-93.25,0.69,2.0,0.05,-0.01,-0.32,-0.0,-0.06,-0.12,168.58,194.0,0.0,0.0,0.0,0.0
1776452722587335123,149964,0.0,1.0,0.068,0.4,0.16,-0.18,-93.25,0.69,2.0,0.06,-0.0,-0.34,-0.06,-0.0,-0.06,168.58,194.0,0.0,0.0,0.0,0.0
1776452722685621993,150065,0.0,0.7,0.08,0.3,0.08,-0.08,-93.25,0.69,2.0,0.05,-0.01,-0.31,-0.12,-0.0,0.19,168.76,190.0,0.0,0.0,0.0,0.0
1776452722788016269,150165,0.0,0.9,0.072,0.4,0.0,0.0,-93.25,0.69,2.0,0.03,0.02,-0.29,-0.0,0.12,0.06,168.76,188.0,0.0,0.0,0.0,0.0
1776452722886370695,150265,0.0,0.4,0.0,1.5,0.14,-0.16,-93.25,0.69,2.0,0.02,0.02,-0.31,0.12,-0.0,0.0,168.58,188.0,0.0,0.0,0.0,0.0
1776452722988708267,150365,0.088,0.1,0.072,0.1,0.08,0.02,-93.25,0.69,2.0,0.05,-0.0,-0.32,0.06,0.19,0.06,172.7,190.0,0.0,0.0,0.0,0.0
1776452723087005240,150466,0.0,1.4,0.076,0.2,0.1,-0.12,-93.25,0.69,2.0,0.05,-0.0,-0.33,-0.19,0.12,0.06,168.58,191.0,0.0,0.0,0.0,0.0
1776452723189384782,150565,0.0,1.4,0.08,0.4,0.08,0.0,-93.25,0.69,2.0,0.03,-0.01,-0.31,-0.12,0.06,0.06,168.58,191.0,0.0,0.0,0.0,0.0
1776452723287663938,150666,0.0,1.4,0.0,1.2,-0.02,-0.14,-93.25,0.69,2.0,0.05,-0.01,-0.31,-0.0,-0.12,0.0,168.58,195.0,0.0,0.0,0.0,0.0
1776452723390080462,150766,0.0,0.9,0.0,1.4,-0.06,-0.1,-93.25,0.69,2.0,0.06,-0.0,-0.32,-0.12,0.06,0.06,168.76,191.0,0.0,0.0,0.0,0.0
1776452723488465024,150866,0.0,1.3,0.084,0.3,0.14,-0.08,-93.25,0.69,2.0,0.07,0.01,-0.32,-0.12,0.12,0.06,168.58,191.0,0.0,0.0,0.0,0.0
1776452723590802382,150966,0.0,1.2,0.08,0.3,0.21,-0.06,-93.25,0.69,2.0,0.03,-0.0,-0.31,0.06,-0.0,0.06,168.76,185.0,0.0,0.0,0.0,0.0
1776452723689091759,151066,0.0,1.2,0.076,0.3,0.0,-0.16,-93.25,0.69,2.0,0.05,-0.0,-0.33,0.06,0.06,0.0,168.58,185.0,0.0,0.0,0.0,0.0
1776452723787395507,151165,0.0,1.1,0.072,0.5,-0.04,0.06,-93.25,0.69,2.0,0.05,-0.0,-0.29,0.06,0.06,0.06,172.87,200.0,0.0,0.0,0.0,0.0
1776452723889799254,151266,0.0,1.2,0.076,0.3,-0.02,-0.18,-93.25,0.69,2.0,0.04,-0.0,-0.34,-0.06,-0.0,0.0,172.87,201.0,0.0,0.0,0.0,0.0
1776452723988094539,151366,0.0,1.3,0.076,0.3,0.1,0.0,-93.25,0.69,2.0,0.05,-0.0,-0.32,-0.0,-0.06,0.12,168.76,201.0,0.0,0.0,0.0,0.0
1776452724086373426,151465,0.0,1.2,0.084,0.3,0.0,-0.14,-93.25,0.69,2.0,0.06,-0.02,-0.36,-0.06,-0.25,0.06,172.87,193.0,0.0,0.0,0.0,0.0
1776452724188796234,151565,0.0,1.4,0.072,0.3,-0.04,-0.02,-93.25,0.69,2.0,0.06,-0.01,-0.32,-0.06,-0.19,0.0,168.58,203.0,0.0,0.0,0.0,0.0
1776452724287045249,151666,0.0,0.3,0.0,0.4,0.14,0.02,-93.25,0.69,2.0,0.03,-0.0,-0.34,-0.0,-0.12,-0.06,172.87,203.0,0.0,0.0,0.0,0.0
1776452724389455836,151766,0.0,0.6,0.072,0.5,0.04,0.1,-93.25,0.69,2.0,0.04,-0.0,-0.31,-0.06,-0.06,0.06,168.76,194.0,0.0,0.0,0.0,0.0
1776452724487711536,151867,0.0,1.0,0.0,0.9,-0.04,-0.1,-93.25,0.69,2.0,0.03,-0.02,-0.3,-0.0,0.06,0.12,168.76,195.0,0.0,0.0,0.0,0.0
1776452724590195697,151966,0.0,0.5,0.0,1.1,0.04,-0.1,-93.25,0.69,2.0,0.03,-0.0,-0.33,-0.06,0.12,0.0,172.87,195.0,0.0,0.0,0.0,0.0
1776452724688489823,152066,0.08,0.1,0.0,1.4,0.04,-0.06,-93.25,0.69,2.0,0.05,-0.0,-0.34,-0.12,0.12,-0.12,172.7,196.0,0.0,0.0,0.0,0.0
1776452724790877131,152166,0.084,0.2,0.0,0.6,0.16,-0.1,-93.25,0.69,2.0,0.05,-0.0,-0.32,-0.25,0.19,0.0,172.87,195.0,0.0,0.0,0.0,0.0
1776452724889175239,152266,0.0,0.7,0.068,0.4,0.18,-0.08,-93.25,0.69,2.0,0.04,0.02,-0.33,0.06,0.12,0.06,172.87,195.0,0.0,0.0,0.0,0.0
1776452724991580344,152366,0.0,0.1,0.0,0.2,0.1,-0.1,-93.25,0.69,2.0,0.05,0.01,-0.33,-0.06,0.12,0.12,172.87,194.0,0.0,0.0,0.0,0.0
1776452725089878683,152466,0.0,1.3,0.0,1.2,0.16,-0.21,-93.25,0.69,2.0,0.07,-0.0,-0.34,-0.0,-0.12,-0.12,172.87,194.0,0.0,0.0,0.0,0.0
1776452725192283147,152567,0.084,0.0,0.0,1.2,-0.02,0.06,-93.25,0.69,2.0,0.03,-0.0,-0.32,0.06,-0.06,0.0,172.7,192.0,0.0,0.0,0.0,0.0
1776452725290572651,152667,0.088,0.4,0.0,1.2,0.1,0.06,-93.25,0.69,2.0,0.04,-0.01,-0.35,0.12,-0.06,0.06,168.58,196.0,0.0,0.0,0.0,0.0
1776452725388837063,152767,0.08,0.4,0.0,1.4,0.0,-0.12,-93.25,0.69,2.0,0.04,-0.0,-0.33,-0.0,-0.06,0.12,172.7,196.0,0.0,0.0,0.0,0.0
1776452725491265101,152866,0.084,0.1,0.0,1.7,0.16,-0.2,-93.25,0.69,2.0,0.02,0.01,-0.32,-0.0,0.06,0.0,172.87,194.0,0.0,0.0,0.0,0.0
1776452725589647513,152966,0.08,0.1,0.0,1.7,0.06,-0.04,-93.25,0.69,2.0,0.04,-0.0,-0.34,-0.06,0.06,-0.06,172.87,191.0,0.0,0.0,0.0,0.0
1776452725691957551,153067,0.0,0.3,0.0,1.2,0.1,-0.08,-93.25,0.69,2.0,0.05,-0.0,-0.32,0.06,0.12,0.0,172.87,191.0,0.0,0.0,0.0,0.0
1776452725790274610,153166,0.088,0.1,0.0,1.3,0.08,-0.04,-93.25,0.69,2.0,0.06,-0.0,-0.31,-0.0,0.06,-0.06,172.87,191.0,0.0,0.0,0.0,0.0
1776452725888554466,153266,0.0,0.6,0.0,1.6,0.0,-0.04,-93.25,0.69,2.0,0.04,0.01,-0.35,-0.0,0.12,0.06,168.76,191.0,0.0,0.0,0.0,0.0
1776452725990962745,153366,0.088,0.1,0.0,1.4,0.04,-0.12,-93.25,0.69,2.0,0.05,-0.0,-0.37,-0.12,0.25,0.0,168.58,192.0,0.0,0.0,0.0,0.0
1776452726089271795,153465,0.088,0.1,0.0,1.3,0.12,0.08,-93.25,0.69,2.0,0.03,-0.0,-0.33,0.12,-0.06,0.06,168.76,198.0,0.0,0.0,0.0,0.0
1776452726191683582,153565,0.088,-0.1,0.0,1.3,-0.04,-0.08,-93.25,0.69,2.0,0.03,-0.01,-0.31,0.12,-0.0,0.0,169.61,198.0,0.0,0.0,0.0,0.0
1776452726289929445,153666,0.088,0.3,0.0,1.6,0.08,-0.12,-93.25,0.69,2.0,0.04,-0.0,-0.33,-0.12,-0.0,0.0,172.87,196.0,0.0,0.0,0.0,0.0
1776452726392329102,153766,0.088,0.7,0.08,0.2,0.12,-0.12,-93.25,0.69,2.0,0.06,0.01,-0.32,-0.12,0.06,0.0,172.87,197.0,0.0,0.0,0.0,0.0
1776452726490666873,153866,0.0,0.4,0.0,0.5,0.1,-0.1,-93.25,0.69,2.0,0.03,-0.0,-0.32,-0.06,0.06,0.0,173.73,197.0,0.0,0.0,0.0,0.0
1776452726593058807,153967,0.0,0.1,0.0,1.6,0.04,-0.1,-93.25,0.69,2.0,0.02,-0.0,-0.33,0.12,0.06,-0.12,169.27,196.0,0.0,0.0,0.0,0.0
1776452726691353115,154066,0.08,0.3,0.0,1.4,0.1,-0.06,-93.25,0.69,2.0,0.05,-0.0,-0.34,-0.0,-0.06,0.06,173.39,193.0,0.0,0.0,0.0,0.0
1776452726793753272,154167,0.0,1.3,0.084,0.2,0.1,-0.02,-93.25,0.69,2.0,0.03,-0.0,-0.32,0.06,-0.12,0.0,173.39,193.0,0.0,0.0,0.0,0.0
1776452726892052320,154267,0.0,1.5,0.064,0.3,0.12,-0.1,-93.25,0.69,2.0,0.04,0.01,-0.33,-0.0,-0.0,0.0,172.7,199.0,0.0,0.0,0.0,0.0
1776452726990356795,154366,0.0,1.3,0.076,0.3,0.08,-0.02,-93.25,0.69,2.0,0.06,-0.01,-0.33,-0.06,-0.12,0.06,172.87,196.0,0.0,0.0,0.0,0.0
1776452727092750757,154466,0.0,1.3,0.0,1.3,0.18,0.08,-93.25,0.69,2.0,0.02,-0.01,-0.32,0.06,-0.06,0.06,172.87,196.0,0.0,0.0,0.0,0.0
1776452727191062369,154566,0.084,0.2,0.0,1.0,-0.04,-0.02,-93.25,0.69,2.0,0.08,-0.0,-0.33,-0.0,0.06,0.12,172.87,196.0,0.0,0.0,0.0,0.0
1776452727293412311,154667,0.084,0.1,0.0,1.1,-0.04,-0.04,-93.25,0.69,2.0,0.04,-0.0,-0.33,0.06,0.12,0.12,172.87,196.0,0.0,0.0,0.0,0.0
1776452727391739182,154767,0.0,0.8,0.076,0.4,0.16,-0.04,-93.25,0.69,2.0,0.03,0.01,-0.32,0.06,-0.0,-0.06,168.58,195.0,0.0,0.0,0.0,0.0
1776452727494144494,154867,0.0,1.0,0.076,0.1,0.12,-0.08,-93.25,0.69,2.0,0.03,-0.01,-0.31,-0.06,0.06,0.0,168.76,195.0,0.0,0.0,0.0,0.0
1776452727592425439,154968,0.0,1.0,0.076,0.3,0.06,-0.08,-93.25,0.69,2.0,0.05,-0.0,-0.34,-0.0,-0.12,-0.06,169.61,195.0,0.0,0.0,0.0,0.0
1776452727694847344,155069,0.0,0.2,0.0,1.7,-0.02,-0.04,-93.25,0.69,2.0,0.02,-0.0,-0.32,-0.0,0.06,0.06,172.7,195.0,0.0,0.0,0.0,0.0
1776452727793146048,155168,0.0,1.5,0.0,1.2,0.12,-0.08,-93.25,0.69,2.0,0.03,-0.02,-0.36,0.12,-0.0,-0.06,168.58,195.0,0.0,0.0,0.0,0.0
1776452727895535027,155268,0.088,0.2,0.0,1.2,0.08,-0.35,-93.25,0.69,2.0,0.03,-0.0,-0.33,-0.19,0.12,0.06,172.87,195.0,0.0,0.0,0.0,0.0
1776452727993837824,155369,0.0,1.0,0.0,0.5,-0.14,-0.14,-93.25,0.69,2.0,0.04,-0.01,-0.33,0.06,-0.06,0.0,172.19,198.0,0.0,0.0,0.0,0.0
1776452728096247201,155469,0.0,1.3,0.084,0.1,0.08,-0.12,-93.25,0.69,2.0,0.03,0.01,-0.34,-0.06,-0.06,-0.06,172.87,198.0,0.0,0.0,0.0,0.0
1776452728194517654,155569,0.0,1.1,0.076,0.3,-0.02,-0.08,-93.25,0.69,2.0,0.04,-0.02,-0.35,0.06,-0.12,0.0,172.19,198.0,0.0,0.0,0.0,0.0
1776452728296898677,155669,0.0,1.1,0.0,1.2,0.1,-0.06,-93.25,0.69,2.0,0.05,-0.0,-0.34,-0.06,-0.12,-0.06,172.19,190.0,0.0,0.0,0.0,0.0
1776452728395202148,155769,0.092,0.1,0.0,1.0,0.08,-0.2,-93.25,0.69,2.0,0.03,-0.0,-0.32,0.06,-0.06,0.06,172.19,190.0,0.0,0.0,0.0,0.0
1776452728497634394,155869,0.088,0.2,0.0,0.3,0.02,0.02,-93.25,0.69,2.0,0.05,0.01,-0.33,-0.06,-0.19,-0.12,172.19,198.0,0.0,0.0,0.0,0.0
1776452728595947569,155970,0.0,0.7,0.068,0.0,-0.08,-0.06,-93.25,0.69,2.0,0.04,-0.0,-0.34,-0.19,-0.0,0.12,172.19,195.0,0.0,0.0,0.0,0.0
1776452728694236004,156069,0.0,0.7,0.076,0.6,-0.04,-0.14,-93.25,0.69,2.0,0.02,-0.02,-0.32,-0.0,0.12,0.12,172.19,195.0,0.0,0.0,0.0,0.0
1776452728796619619,156169,0.0,0.7,0.084,0.3,0.14,0.04,-93.25,0.69,2.0,0.02,-0.0,-0.34,0.12,0.12,0.19,168.58,193.0,0.0,0.0,0.0,0.0
1776452728894926165,156270,0.0,0.8,0.076,0.3,-0.02,-0.12,-93.25,0.69,2.0,0.02,0.01,-0.32,0.06,-0.0,0.0,168.58,197.0,0.0,0.0,0.0,0.0
1776452728997332540,156369,0.0,0.9,0.08,0.5,-0.02,-0.06,-93.25,0.69,2.0,0.02,-0.0,-0.35,0.06,-0.06,0.0,172.19,197.0,0.0,0.0,0.0,0.0
1776452729095640002,156469,0.0,0.9,0.076,0.4,0.12,-0.1,-93.25,0.69,2.0,0.04,-0.0,-0.33,-0.19,0.19,-0.06,172.19,192.0,0.0,0.0,0.0,0.0
1776452729193924870,156569,0.0,0.7,0.08,0.2,0.04,0.04,-93.25,0.69,2.0,0.03,0.01,-0.32,-0.06,0.06,0.0,168.76,198.0,0.0,0.0,0.0,0.0
1776452729296284549,156668,0.0,0.7,0.0,1.6,0.0,-0.21,-93.25,0.69,2.0,0.03,-0.0,-0.35,-0.0,0.12,0.0,172.19,198.0,0.0,0.0,0.0,0.0
1776452729394578343,156768,0.08,0.3,0.0,1.4,0.12,-0.08,-93.25,0.69,2.0,0.06,-0.01,-0.33,-0.12,0.06,0.06,168.07,195.0,0.0,0.0,0.0,0.0
1776452729502963292,156868,0.096,0.2,0.0,0.4,0.02,-0.18,-93.25,0.69,2.0,0.03,-0.01,-0.35,-0.0,-0.0,0.06,172.87,195.0,0.0,0.0,0.0,0.0
1776452729595340834,156968,0.0,0.7,0.06,0.3,0.21,-0.14,-93.25,0.69,2.0,0.06,-0.02,-0.35,0.06,0.06,0.0,168.76,195.0,0.0,0.0,0.0,0.0
1776452729693615925,157068,0.0,0.0,0.0,1.6,0.08,0.0,-93.25,0.69,2.0,0.02,-0.0,-0.32,0.12,0.12,0.06,168.58,195.0,0.0,0.0,0.0,0.0
1776452729796025196,157168,0.076,0.2,0.0,1.3,0.08,0.02,-93.25,0.69,2.0,0.03,-0.01,-0.31,0.12,-0.12,0.0,168.58,195.0,0.0,0.0,0.0,0.0
1776452729894379324,157267,0.0,1.3,0.0,1.1,0.06,-0.12,-93.25,0.69,2.0,0.02,-0.0,-0.33,0.06,-0.06,0.0,168.58,187.0,0.0,0.0,0.0,0.0
1776452729992545248,157367,0.0,0.6,0.076,0.6,0.02,-0.02,-93.25,0.69,2.0,0.02,-0.0,-0.32,0.06,0.12,0.0,168.76,195.0,0.0,0.0,0.0,0.0
1776452730095045824,157467,0.076,0.2,0.0,0.3,0.04,-0.18,-93.25,0.69,2.0,0.04,-0.0,-0.33,0.19,-0.12,0.06,168.76,195.0,0.0,0.0,0.0,0.0
1776452730193314496,157566,0.0,0.7,0.0,1.1,0.25,-0.1,-93.25,0.69,2.0,0.04,-0.0,-0.33,-0.06,-0.06,0.06,168.76,197.0,0.0,0.0,0.0,0.0
1776452730295701941,157667,0.08,0.3,0.0,1.1,-0.08,-0.12,-93.25,0.69,2.0,0.04,-0.0,-0.32,0.12,-0.0,0.0,173.73,194.0,0.0,0.0,0.0,0.0
1776452730393971688,157767,0.088,0.2,0.0,1.1,0.02,-0.08,-93.25,0.69,2.0,0.05,-0.01,-0.3,-0.06,-0.06,0.12,172.19,194.0,0.0,0.0,0.0,0.0
1776452730496471522,157867,0.084,0.0,0.0,0.2,0.12,0.04,-93.25,0.69,2.0,0.02,-0.0,-0.32,-0.06,-0.12,-0.06,172.87,192.0,0.0,0.0,0.0,0.0
1776452730594711158,157967,0.0,0.7,0.068,0.3,0.1,0.18,-93.25,0.69,2.0,0.02,-0.01,-0.31,-0.12,-0.06,0.0,172.36,192.0,0.0,0.0,0.0,0.0
1776452730693002201,158067,0.0,0.1,0.0,1.4,0.16,-0.1,-93.25,0.69,2.0,0.04,-0.0,-0.33,-0.0,0.06,0.0,172.19,192.0,0.0,0.0,0.0,0.0
1776452730795405016,158167,0.08,0.3,0.0,0.4,0.14,-0.06,-93.25,0.69,2.0,0.04,0.02,-0.34,-0.12,-0.0,0.0,172.19,191.0,0.0,0.0,0.0,0.0
1776452730893706966,158267,0.0,1.4,0.0,1.1,0.12,-0.08,-93.25,0.69,2.0,0.02,-0.0,-0.34,0.12,0.12,0.06,172.19,191.0,0.0,0.0,0.0,0.0
1776452730996103875,158367,0.0,0.1,0.0,0.3,0.14,0.0,-93.25,0.69,2.0,0.03,-0.0,-0.3,-0.12,-0.0,0.0,172.19,196.0,0.0,0.0,0.0,0.0
1776452731094407537,158467,0.0,1.3,0.072,0.4,0.0,-0.06,-93.25,0.69,2.0,0.03,0.02,-0.31,-0.06,-0.0,0.0,172.87,201.0,0.0,0.0,0.0,0.0
1776452731196781564,158567,0.0,1.3,0.068,0.1,-0.02,0.08,-93.25,0.69,2.0,0.02,-0.01,-0.33,0.12,-0.0,-0.06,172.19,201.0,0.0,0.0,0.0,0.0
1776452731295056282,158667,0.0,1.2,0.072,0.2,0.1,0.04,-93.25,0.69,2.0,0.03,0.01,-0.32,-0.06,0.06,0.06,172.19,192.0,0.0,0.0,0.0,0.0
1776452731397480864,158767,0.0,1.4,0.08,0.1,0.1,-0.04,-93.25,0.69,2.0,0.02,-0.0,-0.32,-0.12,0.12,-0.12,172.19,192.0,0.0,0.0,0.0,0.0
1776452731495795118,158868,0.0,1.3,0.08,0.4,0.0,-0.08,-93.25,0.69,2.0,0.04,0.01,-0.33,-0.12,-0.06,0.0,172.19,192.0,0.0,0.0,0.0,0.0
1776452731598236904,158968,0.0,1.4,0.08,0.1,0.2,-0.2,-93.25,0.69,2.0,0.03,-0.02,-0.31,-0.0,0.06,0.12,172.19,197.0,0.0,0.0,0.0,0.0
1776452731696482640,159069,0.0,1.6,0.0,1.2,0.16,-0.04,-93.25,0.69,2.0,0.02,0.02,-0.31,-0.0,-0.0,0.06,172.19,197.0,0.0,0.0,0.0,0.0
1776452731804855603,159169,0.084,0.3,0.08,0.3,0.04,0.04,-93.25,0.69,2.0,0.06,-0.0,-0.32,-0.0,0.19,0.06,168.07,197.0,0.0,0.0,0.0,0.0
1776452731897194458,159268,0.0,0.2,0.0,1.4,0.14,0.1,-93.25,0.69,2.0,0.05,-0.0,-0.34,-0.0,-0.0,-0.06,172.19,191.0,0.0,0.0,0.0,0.0
1776452731995451213,159368,0.08,0.1,0.0,1.5,0.08,-0.12,-93.25,0.69,2.0,0.04,-0.0,-0.31,0.06,0.12,0.0,168.58,191.0,0.0,0.0,0.0,0.0
1776452732097899360,159468,0.08,0.0,0.0,1.5,0.02,-0.1,-93.25,0.69,2.0,0.03,-0.0,-0.33,0.06,-0.0,0.06,168.93,201.0,0.0,0.0,0.0,0.0
1776452732196189122,159568,0.08,0.3,0.0,1.4,-0.06,0.0,-93.25,0.69,2.0,0.02,-0.0,-0.32,-0.0,-0.0,0.06,168.58,198.0,0.0,0.0,0.0,0.0
1776452732298550453,159668,0.0,1.3,0.084,0.2,-0.04,-0.04,-93.25,0.69,2.0,0.05,-0.01,-0.31,-0.06,-0.0,0.0,168.07,198.0,0.0,0.0,0.0,0.0
1776452732396860141,159768,0.0,1.4,0.076,0.5,0.02,-0.16,-93.25,0.69,2.0,0.03,0.01,-0.34,-0.19,-0.0,-0.12,168.07,196.0,0.0,0.0,0.0,0.0
1776452732495136570,159867,0.0,1.2,0.068,0.1,0.1,-0.12,-93.25,0.69,2.0,0.04,-0.0,-0.33,-0.0,-0.0,0.06,168.07,193.0,0.0,0.0,0.0,0.0
1776452732597613178,159968,0.0,1.3,0.072,0.5,0.1,-0.04,-93.25,0.69,2.0,0.02,-0.0,-0.31,0.06,-0.06,0.06,168.07,193.0,0.0,0.0,0.0,0.0
1776452732695887089,160068,0.0,1.2,0.084,0.3,0.1,0.06,-93.25,0.69,2.0,0.05,-0.0,-0.32,0.06,0.12,-0.12,172.19,194.0,0.0,0.0,0.0,0.0
1776452732804243892,160167,0.0,1.2,0.08,0.0,0.08,-0.18,-93.25,0.69,2.0,0.02,0.01,-0.32,-0.12,0.19,0.0,172.19,194.0,0.0,0.0,0.0,0.0
1776452732896571108,160267,0.0,0.2,0.0,1.2,0.06,-0.14,-93.25,0.69,2.0,0.03,-0.0,-0.32,-0.0,-0.06,0.06,172.87,197.0,0.0,0.0,0.0,0.0
1776452732994850278,160367,0.0,0.7,0.072,0.5,0.04,-0.08,-93.25,0.69,2.0,0.04,-0.0,-0.31,0.06,-0.12,0.12,168.76,189.0,0.0,0.0,0.0,0.0
1776452733097270636,160466,0.0,0.6,0.072,0.5,0.14,-0.16,-93.25,0.69,2.0,0.04,-0.0,-0.31,-0.12,-0.0,0.0,168.58,189.0,0.0,0.0,0.0,0.0
1776452733195598980,160566,0.0,0.1,0.068,0.3,0.04,-0.02,-93.25,0.69,2.0,0.03,0.01,-0.32,-0.06,0.12,-0.06,172.87,201.0,0.0,0.0,0.0,0.0
1776452733297910244,160666,0.0,1.4,0.076,0.4,0.0,-0.12,-93.25,0.69,2.0,0.03,0.02,-0.31,-0.0,-0.0,-0.06,168.58,203.0,0.0,0.0,0.0,0.0
1776452733396227144,160766,0.08,0.3,0.0,1.1,0.1,-0.12,-93.25,0.69,2.0,0.02,-0.0,-0.33,-0.0,-0.12,0.0,168.58,203.0,0.0,0.0,0.0,0.0
1776452733504642787,160866,0.084,0.0,0.0,1.1,0.12,-0.16,-93.25,0.69,2.0,0.03,-0.0,-0.32,0.06,-0.0,0.0,172.53,195.0,0.0,0.0,0.0,0.0
1776452733596969327,160967,0.084,0.2,0.0,1.2,-0.02,-0.14,-93.25,0.69,2.0,0.06,-0.0,-0.31,-0.0,0.19,-0.06,168.58,193.0,0.0,0.0,0.0,0.0
1776452733699351850,161067,0.08,0.4,0.0,1.2,0.08,-0.04,-93.25,0.69,2.0,0.02,0.01,-0.31,0.06,-0.06,0.06,172.19,193.0,0.0,0.0,0.0,0.0
1776452733797667380,161168,0.084,0.4,0.0,1.6,0.12,0.1,-93.25,0.69,2.0,0.03,-0.0,-0.33,-0.0,0.12,-0.06,172.7,194.0,0.0,0.0,0.0,0.0
1776452733895961539,161267,0.08,0.2,0.076,0.5,0.1,0.0,-93.25,0.69,2.0,0.05,0.01,-0.33,-0.06,-0.0,0.12,172.19,195.0,0.0,0.0,0.0,0.0
1776452733998355340,161368,0.0,1.2,0.076,0.5,0.18,-0.12,-93.25,0.69,2.0,0.04,0.01,-0.32,0.06,-0.06,-0.12,168.07,195.0,0.0,0.0,0.0,0.0
1776452734096636490,161468,0.0,0.3,0.0,1.2,0.0,-0.16,-93.25,0.69,2.0,0.04,0.01,-0.34,-0.0,0.12,0.0,168.07,200.0,0.0,0.0,0.0,0.0
1776452734199046446,161568,0.0,0.4,0.076,0.4,0.16,0.06,-93.25,0.69,2.0,0.03,-0.0,-0.31,-0.0,-0.0,0.06,168.07,200.0,0.0,0.0,0.0,0.0
1776452734297313799,161668,0.0,0.8,0.084,0.2,0.04,-0.14,-93.25,0.69,2.0,0.04,-0.0,-0.31,0.06,0.06,0.0,168.07,195.0,0.0,0.0,0.0,0.0
1776452734399718552,161768,0.0,0.2,0.0,1.6,0.08,-0.2,-93.25,0.69,2.0,0.03,-0.0,-0.32,0.12,-0.0,0.0,172.19,195.0,0.0,0.0,0.0,0.0
1776452734498060071,161867,0.08,0.1,0.0,0.5,0.25,-0.16,-93.25,0.69,2.0,0.04,-0.02,-0.31,-0.0,0.06,0.12,168.07,195.0,0.0,0.0,0.0,0.0
1776452734596339516,161967,0.0,0.1,0.0,1.2,0.1,0.06,-93.25,0.69,2.0,0.04,-0.0,-0.31,0.06,0.06,0.06,168.07,204.0,0.0,0.0,0.0,0.0
1776452734698751473,162067,0.0,0.4,0.068,0.4,0.04,-0.14,-93.25,0.69,2.0,0.02,-0.01,-0.33,0.12,-0.06,0.0,168.58,197.0,0.0,0.0,0.0,0.0
1776452734797082437,162166,0.0,0.7,0.072,0.3,0.06,-0.06,-93.25,0.69,2.0,0.06,-0.0,-0.34,0.12,-0.25,0.06,172.87,197.0,0.0,0.0,0.0,0.0
1776452734899456115,162267,0.0,0.1,0.0,1.3,0.0,-0.14,-93.25,0.69,2.0,0.02,-0.0,-0.31,-0.0,-0.0,0.0,168.76,194.0,0.0,0.0,0.0,0.0
1776452734997746524,162367,0.084,0.3,0.0,1.4,0.06,-0.08,-93.25,0.69,2.0,0.04,-0.0,-0.32,0.19,-0.12,-0.12,171.67,200.0,0.0,0.0,0.0,0.0
1776452735096034348,162466,0.0,1.2,0.0,1.3,0.08,0.04,-93.25,0.69,2.0,0.03,0.01,-0.32,0.12,-0.0,0.0,172.87,200.0,0.0,0.0,0.0,0.0
1776452735198440090,162567,0.084,-0.1,0.0,1.1,0.1,-0.02,-93.25,0.69,2.0,0.03,0.01,-0.36,-0.12,-0.12,-0.06,172.7,191.0,0.0,0.0,0.0,0.0
1776452735296726636,162667,0.08,0.1,0.0,1.0,0.02,0.02,-93.25,0.69,2.0,0.02,0.01,-0.31,-0.12,0.12,0.12,172.7,191.0,0.0,0.0,0.0,0.0
1776452735405063238,162766,0.08,0.1,0.0,0.3,-0.06,-0.1,-93.25,0.69,2.0,0.02,-0.0,-0.31,-0.0,-0.12,0.0,168.58,196.0,0.0,0.0,0.0,0.0
1776452735497448572,162866,0.0,0.8,0.0,1.6,0.12,-0.14,-93.25,0.69,2.0,0.01,-0.02,-0.35,-0.0,-0.0,0.0,168.58,195.0,0.0,0.0,0.0,0.0
1776452735599845277,162967,0.0,1.4,0.072,0.5,0.06,-0.06,-93.25,0.69,2.0,0.03,-0.01,-0.32,-0.0,0.12,0.0,168.58,195.0,0.0,0.0,0.0,0.0
1776452735698110841,163066,0.0,0.3,0.068,0.2,0.1,0.02,-93.25,0.69,2.0,0.02,-0.0,-0.33,-0.0,-0.0,-0.06,169.61,195.0,0.0,0.0,0.0,0.0
1776452735800537046,163167,0.06,0.3,0.0,1.4,0.0,0.08,-93.25,0.69,2.0,0.04,-0.0,-0.32,-0.12,0.06,0.0,168.76,199.0,0.0,0.0,0.0,0.0
1776452735898826629,163267,0.0,1.4,0.064,0.5,0.25,-0.21,-93.25,0.69,2.0,0.03,0.01,-0.31,-0.06,0.06,0.0,172.87,199.0,0.0,0.0,0.0,0.0
1776452735997099323,163367,0.0,1.2,0.08,0.0,0.04,-0.12,-93.25,0.69,2.0,0.02,-0.0,-0.32,-0.19,0.06,0.06,168.58,196.0,0.0,0.0,0.0,0.0
1776452736099530277,163467,0.0,0.2,0.0,0.9,0.02,-0.08,-93.25,0.69,2.0,0.02,0.02,-0.33,-0.19,0.06,-0.06,168.76,196.0,0.0,0.0,0.0,0.0
1776452736197833387,163568,0.084,0.0,0.0,1.2,0.0,-0.06,-93.25,0.69,2.0,0.01,-0.0,-0.31,-0.0,0.06,0.0,168.58,196.0,0.0,0.0,0.0,0.0
1776452736300185915,163667,0.076,0.1,0.0,1.1,0.02,0.0,-93.25,0.69,2.0,0.02,-0.0,-0.29,-0.06,-0.0,0.06,168.58,194.0,0.0,0.0,0.0,0.0
1776452736398541339,163767,0.08,0.2,0.0,1.2,-0.02,0.06,-93.25,0.69,2.0,0.05,-0.0,-0.32,-0.06,-0.06,-0.06,168.58,194.0,0.0,0.0,0.0,0.0
1776452736500934551,163867,0.084,0.0,0.064,0.6,-0.1,0.0,-93.25,0.69,2.0,0.02,-0.0,-0.32,-0.0,-0.06,0.0,172.7,191.0,0.0,0.0,0.0,0.0
1776452736599234513,163968,0.0,0.6,0.0,1.6,0.06,-0.08,-93.25,0.69,2.0,0.05,0.01,-0.34,-0.06,0.06,0.0,168.76,198.0,0.0,0.0,0.0,0.0
1776452736701631929,164069,0.084,1.2,0.088,0.2,0.14,0.04,-93.25,0.69,2.0,0.06,-0.01,-0.32,-0.19,-0.0,0.0,168.58,198.0,0.0,0.0,0.0,0.0
1776452736799916261,164169,0.0,1.6,0.08,-0.1,-0.08,-0.08,-93.25,0.69,2.0,0.02,-0.0,-0.3,-0.0,0.06,0.0,172.7,198.0,0.0,0.0,0.0,0.0
1776452736902384844,164270,0.0,1.3,0.076,0.2,0.1,0.02,-93.25,0.69,2.0,0.05,-0.0,-0.31,-0.0,0.12,0.0,168.58,191.0,0.0,0.0,0.0,0.0
1776452737004713631,164370,0.0,0.1,0.0,1.3,0.21,0.1,-93.25,0.69,2.0,0.03,-0.0,-0.31,0.12,-0.06,0.06,168.58,191.0,0.0,0.0,0.0,0.0
1776452737103016322,164470,0.08,0.2,0.0,1.1,0.02,-0.14,-93.25,0.69,2.0,0.03,-0.0,-0.33,-0.0,-0.0,0.06,172.87,203.0,0.0,0.0,0.0,0.0
1776452737201256348,164570,0.084,0.3,0.016,0.4,0.12,-0.02,-93.25,0.69,2.0,0.01,-0.01,-0.32,-0.06,-0.0,0.0,168.76,197.0,0.0,0.0,0.0,0.0
1776452737303669198,164671,0.0,0.4,0.0,1.4,0.2,-0.1,-93.25,0.69,2.0,0.03,-0.0,-0.33,-0.0,-0.06,0.0,172.87,197.0,0.0,0.0,0.0,0.0
1776452737412039462,164771,0.088,0.1,0.076,0.2,0.06,-0.12,-93.25,0.69,2.0,0.03,-0.0,-0.33,-0.19,0.06,-0.06,172.87,202.0,0.0,0.0,0.0,0.0
1776452737504477721,164872,0.0,1.1,0.068,0.5,0.08,-0.08,-93.25,0.69,2.0,0.04,-0.0,-0.33,0.12,-0.0,-0.06,168.58,202.0,0.0,0.0,0.0,0.0
1776452737606859145,164972,0.0,1.3,0.068,0.4,0.21,-0.06,-93.25,0.69,2.0,0.03,-0.0,-0.33,-0.0,-0.0,-0.06,168.58,192.0,0.0,0.0,0.0,0.0
1776452737705106948,165072,0.0,1.3,0.072,0.2,0.06,-0.14,-93.25,0.69,2.0,0.0,-0.0,-0.33,-0.0,-0.06,0.0,168.58,194.0,0.0,0.0,0.0,0.0
1776452737803388751,165172,0.0,1.3,0.08,0.6,0.02,-0.08,-93.25,0.69,2.0,0.02,-0.0,-0.33,-0.0,0.12,0.0,168.76,194.0,0.0,0.0,0.0,0.0
1776452737905772453,165272,0.0,1.1,0.076,0.4,0.18,-0.06,-93.25,0.69,2.0,0.04,-0.0,-0.33,-0.06,0.12,0.0,168.58,195.0,0.0,0.0,0.0,0.0
1776452738004102274,165371,0.0,1.4,0.068,0.6,0.14,-0.08,-93.25,0.69,2.0,0.02,-0.0,-0.32,-0.0,-0.0,0.0,168.58,191.0,0.0,0.0,0.0,0.0
1776452738106558724,165472,0.0,1.3,0.084,0.5,-0.04,0.02,-93.25,0.69,2.0,0.04,-0.0,-0.35,-0.06,-0.0,0.06,172.7,191.0,0.0,0.0,0.0,0.0
1776452738204805868,165572,0.0,1.2,0.0,1.1,0.08,-0.04,-93.25,0.69,2.0,0.03,0.01,-0.32,-0.12,0.06,0.12,172.87,203.0,0.0,0.0,0.0,0.0
1776452738307164004,165672,0.08,0.1,0.08,0.1,-0.02,-0.06,-93.25,0.69,2.0,0.03,-0.01,-0.33,0.12,0.19,-0.06,168.58,202.0,0.0,0.0,0.0,0.0
1776452738405450852,165773,0.0,0.7,0.068,0.1,0.12,-0.1,-93.25,0.69,2.0,0.03,-0.0,-0.33,-0.06,0.12,0.0,168.58,202.0,0.0,0.0,0.0,0.0
1776452738513864827,165873,0.0,0.8,0.0,1.5,-0.06,-0.06,-93.25,0.69,2.0,0.04,-0.02,-0.31,-0.06,0.06,0.12,168.58,197.0,0.0,0.0,0.0,0.0
1776452738606194799,165972,0.08,0.1,0.0,1.5,0.21,-0.04,-93.25,0.69,2.0,0.03,0.01,-0.31,-0.0,-0.0,-0.06,172.87,192.0,0.0,0.0,0.0,0.0
1776452738704485665,166072,0.084,0.2,0.0,1.6,0.08,-0.04,-93.25,0.69,2.0,0.03,-0.0,-0.31,0.06,-0.06,0.06,172.87,192.0,0.0,0.0,0.0,0.0
1776452738806891079,166172,0.0,0.2,0.0,1.4,0.14,-0.06,-93.25,0.69,2.0,0.03,0.01,-0.34,0.06,0.06,0.0,172.7,193.0,0.0,0.0,0.0,0.0
1776452738905149853,166273,0.0,0.7,0.0,1.5,0.1,0.06,-93.25,0.69,2.0,0.03,-0.0,-0.35,0.12,0.12,0.06,172.7,193.0,0.0,0.0,0.0,0.0
1776452739007591173,166374,0.08,0.3,0.0,1.6,-0.08,-0.08,-93.25,0.69,2.0,0.05,-0.0,-0.31,0.06,-0.0,0.06,168.58,195.0,0.0,0.0,0.0,0.0
1776452739105885048,166473,0.088,0.4,0.0,1.0,0.12,-0.06,-93.25,0.69,2.0,0.02,-0.04,-0.34,0.06,-0.0,-0.06,168.58,193.0,0.0,0.0,0.0,0.0
1776452739208293062,166573,0.0,1.5,0.084,0.5,-0.04,-0.1,-93.25,0.69,2.0,0.03,0.01,-0.35,0.12,-0.12,0.06,168.58,193.0,0.0,0.0,0.0,0.0
1776452739306548251,166673,0.0,1.2,0.068,0.2,0.12,-0.23,-93.25,0.69,2.0,0.03,0.01,-0.3,0.12,-0.06,0.0,168.58,193.0,0.0,0.0,0.0,0.0
1776452739404829108,166773,0.0,1.5,0.076,0.5,0.14,-0.08,-93.25,0.69,2.0,0.02,-0.0,-0.33,0.12,-0.0,0.06,168.58,190.0,0.0,0.0,0.0,0.0
1776452739507278047,166873,0.0,1.4,0.08,0.2,0.12,0.02,-93.25,0.69,2.0,0.03,-0.0,-0.32,0.06,-0.0,0.19,168.58,190.0,0.0,0.0,0.0,0.0
1776452739605583626,166973,0.0,1.4,0.072,0.3,-0.12,-0.1,-93.25,0.69,2.0,0.03,-0.01,-0.31,0.06,-0.0,0.06,168.58,195.0,0.0,0.0,0.0,0.0
1776452739707979547,167072,0.0,1.3,0.0,0.9,-0.02,0.0,-93.25,0.69,2.0,0.02,0.01,-0.31,-0.0,-0.0,0.0,168.58,195.0,0.0,0.0,0.0,0.0
1776452739806281773,167172,0.088,0.9,0.068,0.5,0.08,-0.04,-93.25,0.69,2.0,0.01,-0.0,-0.32,-0.0,-0.06,0.06,168.58,198.0,0.0,0.0,0.0,0.0
1776452739914635293,167273,0.0,0.7,0.068,0.5,0.08,0.06,-93.25,0.69,2.0,0.04,-0.0,-0.33,-0.0,-0.06,0.0,168.58,195.0,0.0,0.0,0.0,0.0
1776452740006977421,167372,0.0,0.5,0.072,0.3,0.06,-0.1,-93.25,0.69,2.0,0.03,-0.0,-0.34,0.06,-0.06,0.0,168.76,195.0,0.0,0.0,0.0,0.0
1776452740109379017,167473,0.0,1.0,0.0,1.7,-0.06,-0.16,-93.25,0.69,2.0,0.02,-0.0,-0.34,-0.0,0.12,0.06,168.58,196.0,0.0,0.0,0.0,0.0
1776452740207673863,167573,0.084,0.2,0.072,0.1,0.08,-0.06,-93.25,0.69,2.0,0.03,-0.0,-0.33,-0.0,-0.0,0.06,168.76,193.0,0.0,0.0,0.0,0.0
1776452740305965524,167672,0.0,1.5,0.08,0.1,-0.04,-0.06,-93.25,0.69,2.0,0.01,0.01,-0.33,-0.0,-0.0,0.12,168.58,193.0,0.0,0.0,0.0,0.0
1776452740408327342,167772,0.0,1.4,0.08,0.4,0.06,-0.04,-93.25,0.69,2.0,0.03,-0.0,-0.34,-0.0,-0.0,0.06,168.58,196.0,0.0,0.0,0.0,0.0
1776452740506655632,167872,0.0,1.3,0.08,0.7,0.23,-0.16,-93.25,0.69,2.0,0.03,0.02,-0.32,-0.0,0.12,-0.06,168.58,201.0,0.0,0.0,0.0,0.0
1776452740604963719,167971,0.0,1.3,0.0,1.1,-0.04,0.04,-93.25,0.69,2.0,0.02,-0.0,-0.34,0.12,-0.12,0.0,168.76,201.0,0.0,0.0,0.0,0.0
1776452740707363092,168071,0.08,0.3,0.0,0.1,0.06,-0.04,-93.25,0.69,2.0,0.02,-0.0,-0.32,-0.0,0.12,0.06,172.7,194.0,0.0,0.0,0.0,0.0
1776452740805673457,168171,0.0,0.7,0.072,0.3,-0.06,-0.12,-93.25,0.69,2.0,0.03,-0.0,-0.37,0.06,-0.0,0.0,168.58,198.0,0.0,0.0,0.0,0.0
1776452740903953877,168270,0.0,0.9,0.0,0.5,0.1,-0.06,-93.25,0.69,2.0,0.03,-0.01,-0.32,-0.0,0.12,0.12,168.58,198.0,0.0,0.0,0.0,0.0
1776452741006371269,168371,0.0,0.1,0.0,1.2,0.1,-0.08,-93.25,0.69,2.0,0.03,-0.0,-0.33,0.12,-0.12,0.06,168.58,192.0,0.0,0.0,0.0,0.0
1776452741104631623,168471,0.0,0.6,0.08,0.3,0.04,0.02,-93.25,0.69,2.0,0.02,-0.0,-0.33,-0.06,-0.0,-0.06,169.61,192.0,0.0,0.0,0.0,0.0
1776452741207062449,168571,0.084,0.1,0.0,1.6,0.23,-0.06,-93.25,0.69,2.0,0.02,0.01,-0.36,0.06,-0.12,-0.06,168.58,196.0,0.0,0.0,0.0,0.0
1776452741305297507,168671,0.076,0.4,0.0,1.7,0.08,-0.06,-93.25,0.69,2.0,0.04,-0.0,-0.35,0.06,-0.0,0.0,168.76,192.0,0.0,0.0,0.0,0.0
1776452741407741536,168771,0.0,1.4,0.076,0.2,0.0,-0.06,-93.25,0.69,2.0,0.02,0.01,-0.32,0.06,0.12,0.06,168.76,192.0,0.0,0.0,0.0,0.0
1776452741506057261,168870,0.0,1.2,0.072,0.3,0.14,-0.12,-93.25,0.69,2.0,0.03,-0.0,-0.34,-0.0,-0.06,0.0,168.58,191.0,0.0,0.0,0.0,0.0
1776452741608452790,168971,0.0,1.3,0.072,0.5,0.16,-0.08,-93.25,0.69,2.0,0.03,-0.0,-0.32,-0.06,-0.0,0.0,168.58,196.0,0.0,0.0,0.0,0.0
1776452741706757348,169071,0.0,1.1,0.076,0.3,0.12,-0.06,-93.25,0.69,2.0,0.02,-0.0,-0.34,0.06,0.06,0.0,168.76,196.0,0.0,0.0,0.0,0.0
1776452741805083684,169170,0.0,1.2,0.0,1.2,-0.12,0.0,-93.25,0.69,2.0,0.03,-0.0,-0.34,0.06,-0.12,0.0,168.76,186.0,0.0,0.0,0.0,0.0
1776452741907456677,169270,0.08,0.3,0.0,1.3,0.06,-0.08,-93.25,0.69,2.0,0.04,-0.0,-0.36,0.06,-0.0,0.06,168.58,186.0,0.0,0.0,0.0,0.0
1776452742005749346,169370,0.0,0.2,0.068,0.3,-0.02,-0.06,-93.25,0.69,2.0,0.05,-0.01,-0.33,0.06,0.06,0.0,168.76,197.0,0.0,0.0,0.0,0.0
1776452742104022819,169469,0.0,0.9,0.072,0.5,0.06,0.0,-93.25,0.69,2.0,0.03,-0.0,-0.33,0.06,0.12,0.0,168.58,190.0,0.0,0.0,0.0,0.0
1776452742206443190,169570,0.0,0.9,0.08,0.3,0.2,-0.04,-93.25,0.69,2.0,0.02,-0.0,-0.35,0.12,-0.0,0.0,168.58,190.0,0.0,0.0,0.0,0.0
1776452742304753090,169670,0.0,0.9,0.072,0.6,-0.04,-0.14,-93.25,0.69,2.0,0.02,-0.0,-0.34,-0.0,-0.0,0.0,168.76,195.0,0.0,0.0,0.0,0.0
1776452742407130609,169771,0.0,0.6,0.0,0.3,0.14,-0.02,-93.25,0.69,2.0,0.03,-0.0,-0.33,-0.0,-0.06,-0.06,172.87,197.0,0.0,0.0,0.0,0.0
1776452742509572794,169871,0.0,1.4,0.068,0.6,0.25,0.08,-93.25,0.69,2.0,0.03,-0.0,-0.35,0.06,0.12,0.06,168.76,197.0,0.0,0.0,0.0,0.0
1776452742607835823,169972,0.0,1.2,0.0,1.2,0.1,0.0,-93.25,0.69,2.0,0.03,-0.0,-0.35,0.12,-0.0,0.0,172.87,199.0,0.0,0.0,0.0,0.0
1776452742710231583,170072,0.084,0.2,0.0,1.2,0.21,-0.12,-93.25,0.69,2.0,0.02,-0.0,-0.34,0.19,-0.0,-0.06,168.58,193.0,0.0,0.0,0.0,0.0
1776452742808535594,170172,0.084,0.2,0.0,1.1,0.16,-0.04,-93.25,0.69,2.0,0.02,0.01,-0.35,-0.06,-0.06,0.06,168.58,193.0,0.0,0.0,0.0,0.0
1776452742906794197,170272,0.08,0.2,0.0,1.4,0.04,0.02,-93.25,0.69,2.0,0.02,-0.0,-0.34,0.06,-0.12,-0.06,168.58,197.0,0.0,0.0,0.0,0.0
1776452743009255735,170373,0.088,0.2,0.08,0.2,0.02,-0.04,-93.25,0.69,2.0,0.03,-0.0,-0.35,-0.06,-0.12,0.0,168.58,194.0,0.0,0.0,0.0,0.0
1776452743111636262,170473,0.0,0.5,0.076,0.5,0.06,-0.06,-93.25,0.69,2.0,0.06,-0.0,-0.33,-0.06,-0.0,0.06,168.58,194.0,0.0,0.0,0.0,0.0
1776452743209919725,170574,0.0,1.2,0.072,0.3,0.0,0.02,-93.25,0.69,2.0,0.02,-0.0,-0.34,0.06,-0.0,0.06,168.58,196.0,0.0,0.0,0.0,0.0
1776452743312274308,170674,0.0,0.9,0.076,0.6,-0.04,-0.02,-93.25,0.69,2.0,0.03,-0.0,-0.32,0.12,0.06,0.0,168.58,196.0,0.0,0.0,0.0,0.0
1776452743410590382,170775,0.0,0.6,0.08,0.2,0.14,-0.14,-93.25,0.69,2.0,0.01,0.01,-0.35,-0.06,-0.06,0.12,168.58,194.0,0.0,0.0,0.0,0.0
1776452743513021724,170874,0.0,0.6,0.076,0.2,0.14,-0.08,-93.25,0.69,2.0,0.03,0.01,-0.32,-0.0,0.06,0.0,168.58,195.0,0.0,0.0,0.0,0.0
1776452743611382187,170975,0.0,0.7,0.076,0.1,0.16,0.02,-93.25,0.69,2.0,0.02,-0.0,-0.34,-0.0,0.12,0.06,168.58,195.0,0.0,0.0,0.0,0.0
1776452743709612596,171075,0.0,0.9,0.08,0.3,0.16,-0.12,-93.25,0.69,2.0,0.03,-0.0,-0.34,0.12,-0.06,0.0,168.58,190.0,0.0,0.0,0.0,0.0
1776452743812021585,171174,0.0,0.1,0.0,1.8,-0.02,-0.16,-93.25,0.69,2.0,0.02,-0.0,-0.35,0.06,0.06,-0.06,168.58,188.0,0.0,0.0,0.0,0.0
1776452743910384012,171274,0.084,0.1,0.0,1.7,0.02,-0.16,-93.25,0.69,2.0,0.03,-0.01,-0.35,-0.06,0.06,0.06,168.58,188.0,0.0,0.0,0.0,0.0
1776452744012710427,171374,0.0,0.7,0.08,0.3,-0.02,-0.1,-93.25,0.69,2.0,0.02,-0.01,-0.34,-0.0,-0.19,-0.06,168.58,192.0,0.0,0.0,0.0,0.0
1776452744111025732,171474,0.0,0.7,0.084,0.1,0.1,0.0,-93.25,0.69,2.0,0.01,0.03,-0.34,0.19,-0.0,0.0,172.87,199.0,0.0,0.0,0.0,0.0
1776452744213426471,171575,0.0,1.1,0.08,0.3,0.08,-0.06,-93.25,0.69,2.0,0.03,-0.0,-0.31,-0.0,0.06,0.06,172.19,199.0,0.0,0.0,0.0,0.0
1776452744311676258,171675,0.0,0.6,0.076,0.2,0.29,0.0,-93.25,0.69,2.0,0.03,-0.0,-0.31,-0.0,0.12,0.06,172.19,197.0,0.0,0.0,0.0,0.0
1776452744409941971,171774,0.0,0.8,0.0,1.6,-0.02,-0.12,-93.25,0.69,2.0,0.01,-0.02,-0.34,0.12,-0.06,0.0,168.58,197.0,0.0,0.0,0.0,0.0
1776452744512473357,171874,0.076,0.1,0.0,1.3,0.06,-0.02,-93.25,0.69,2.0,0.02,-0.0,-0.31,0.06,-0.0,0.06,172.87,193.0,0.0,0.0,0.0,0.0
1776452744610703644,171973,0.0,1.2,0.08,0.3,0.0,0.0,-93.25,0.69,2.0,0.03,-0.0,-0.34,0.06,-0.0,0.0,168.58,195.0,0.0,0.0,0.0,0.0
1776452744709015135,172072,0.0,1.3,0.08,0.3,0.1,0.0,-93.25,0.69,2.0,0.03,-0.0,-0.33,0.06,-0.0,0.0,172.87,195.0,0.0,0.0,0.0,0.0
1776452744811371873,172172,0.0,1.2,0.076,0.3,0.08,-0.12,-93.25,0.69,2.0,0.03,-0.0,-0.33,0.12,0.06,0.0,168.76,194.0,0.0,0.0,0.0,0.0
1776452744909707845,172272,0.0,1.4,0.0,0.3,-0.02,0.1,-93.25,0.69,2.0,0.0,-0.0,-0.3,0.06,-0.0,0.0,168.58,192.0,0.0,0.0,0.0,0.0
1776452745008008206,172371,0.0,1.0,0.072,0.2,0.1,-0.12,-93.25,0.69,2.0,0.04,0.01,-0.32,-0.0,-0.06,-0.12,168.76,192.0,0.0,0.0,0.0,0.0
1776452745110406545,172471,0.0,0.9,0.084,0.4,0.02,0.02,-93.25,0.69,2.0,0.02,0.01,-0.29,0.12,-0.06,0.0,168.76,197.0,0.0,0.0,0.0,0.0
1776452745208668341,172572,0.0,0.3,0.0,0.5,0.14,-0.08,-93.25,0.69,2.0,0.02,-0.0,-0.32,0.12,-0.0,0.12,168.58,194.0,0.0,0.0,0.0,0.0
1776452745311055698,172672,0.0,0.5,0.0,0.5,0.08,-0.1,-93.25,0.69,2.0,0.02,-0.0,-0.3,-0.0,-0.12,-0.06,168.58,194.0,0.0,0.0,0.0,0.0
1776452745409388438,172773,0.0,0.8,0.0,1.5,0.0,0.0,-93.25,0.69,2.0,0.03,0.01,-0.33,-0.06,0.06,-0.06,168.58,194.0,0.0,0.0,0.0,0.0
1776452745511781351,172872,0.0,1.4,0.076,0.3,0.06,-0.08,-93.25,0.69,2.0,0.02,0.02,-0.33,-0.06,-0.19,0.0,168.58,195.0,0.0,0.0,0.0,0.0
1776452745610059850,172973,0.0,1.2,0.0,1.3,0.1,0.08,-93.25,0.69,2.0,0.04,-0.0,-0.33,-0.12,-0.0,0.06,168.58,195.0,0.0,0.0,0.0,0.0
1776452745712504967,173074,0.0,0.9,0.072,0.3,0.23,-0.2,-93.25,0.69,2.0,0.02,-0.01,-0.33,0.12,-0.06,0.0,168.76,197.0,0.0,0.0,0.0,0.0
1776452745810789652,173173,0.0,0.2,0.0,1.4,0.12,-0.08,-93.25,0.69,2.0,0.03,0.01,-0.3,0.06,-0.0,0.06,172.87,197.0,0.0,0.0,0.0,0.0
1776452745913188120,173273,0.08,0.7,0.08,0.6,-0.02,-0.18,-93.25,0.69,2.0,0.02,-0.0,-0.34,-0.06,0.06,0.0,168.76,199.0,0.0,0.0,0.0,0.0
1776452746011482397,173373,0.0,0.2,0.0,0.3,0.0,0.12,-93.25,0.69,2.0,0.01,0.01,-0.33,0.06,-0.06,0.0,172.87,194.0,0.0,0.0,0.0,0.0
1776452746109783497,173472,0.0,0.7,0.076,0.5,-0.18,-0.08,-93.25,0.69,2.0,0.04,-0.01,-0.31,-0.0,-0.0,0.06,168.76,194.0,0.0,0.0,0.0,0.0
1776452746212179400,173572,0.0,0.1,0.0,1.5,0.04,-0.04,-93.25,0.69,2.0,0.02,-0.0,-0.32,0.06,-0.0,0.06,168.58,206.0,0.0,0.0,0.0,0.0
1776452746310479130,173672,0.088,0.2,0.072,0.0,0.02,-0.04,-93.25,0.69,2.0,0.02,0.02,-0.31,-0.0,-0.12,0.0,168.58,194.0,0.0,0.0,0.0,0.0
1776452746412836181,173772,0.0,1.5,0.076,0.2,0.14,-0.12,-93.25,0.69,2.0,0.02,-0.02,-0.33,-0.06,-0.0,0.0,168.76,194.0,0.0,0.0,0.0,0.0
1776452746511178929,173872,0.0,1.4,0.0,1.4,0.02,-0.14,-93.25,0.69,2.0,0.02,-0.0,-0.3,0.12,0.12,0.06,168.58,194.0,0.0,0.0,0.0,0.0
1776452746609481529,173972,0.084,0.2,0.076,0.6,0.06,-0.02,-93.25,0.69,2.0,0.03,0.01,-0.31,-0.0,0.06,0.0,168.58,194.0,0.0,0.0,0.0,0.0
1776452746711865747,174071,0.0,0.9,0.068,0.2,0.2,-0.1,-93.25,0.69,2.0,0.02,0.01,-0.32,0.12,0.06,0.0,168.76,191.0,0.0,0.0,0.0,0.0
1776452746810149088,174172,0.0,0.9,0.08,0.4,0.04,-0.02,-93.25,0.69,2.0,0.03,0.01,-0.32,0.12,0.06,0.0,168.76,194.0,0.0,0.0,0.0,0.0
1776452746918523510,174272,0.0,1.1,0.064,0.1,0.08,-0.08,-93.25,0.69,2.0,0.02,0.01,-0.33,0.06,-0.19,-0.06,172.19,194.0,0.0,0.0,0.0,0.0
1776452747010872720,174371,0.0,0.9,0.08,0.3,0.16,0.0,-93.25,0.69,2.0,0.02,-0.0,-0.32,-0.0,0.06,0.0,168.76,192.0,0.0,0.0,0.0,0.0
1776452747109105977,174471,0.0,0.3,0.0,1.6,0.16,0.0,-93.25,0.69,2.0,0.02,-0.0,-0.29,0.12,0.12,0.06,168.58,195.0,0.0,0.0,0.0,0.0
1776452747211583684,174571,0.092,0.1,0.0,1.9,0.1,0.02,-93.25,0.69,2.0,0.03,-0.0,-0.34,0.12,-0.19,-0.06,168.76,195.0,0.0,0.0,0.0,0.0
1776452747309829589,174670,0.0,1.0,0.0,0.5,0.25,-0.08,-93.25,0.69,2.0,0.02,0.01,-0.34,-0.0,-0.12,-0.06,168.58,194.0,0.0,0.0,0.0,0.0
1776452747412236371,174771,0.0,1.1,0.08,0.4,0.08,0.0,-93.25,0.69,2.0,0.03,0.02,-0.3,0.12,-0.06,0.0,168.58,193.0,0.0,0.0,0.0,0.0
1776452747510574127,174871,0.0,1.5,0.08,0.3,-0.08,-0.02,-93.25,0.69,2.0,0.02,-0.0,-0.32,0.12,-0.06,0.0,168.58,193.0,0.0,0.0,0.0,0.0
1776452747608910958,174970,0.0,1.3,0.076,0.0,0.21,0.0,-93.25,0.69,2.0,0.0,-0.0,-0.3,-0.06,-0.0,0.0,168.58,193.0,0.0,0.0,0.0,0.0
1776452747711234795,175070,0.0,1.3,0.08,0.3,0.08,-0.12,-93.25,0.69,2.0,0.02,-0.0,-0.28,-0.12,-0.0,-0.06,168.76,188.0,0.0,0.0,0.0,0.0
1776452747809593218,175170,0.0,-0.1,0.0,1.1,-0.06,0.0,-93.25,0.69,2.0,0.03,-0.0,-0.33,-0.06,-0.06,0.0,168.76,188.0,0.0,0.0,0.0,0.0
1776452747907858364,175269,0.0,0.9,0.068,0.3,0.1,-0.04,-93.25,0.69,2.0,0.02,0.01,-0.31,-0.12,-0.0,0.06,168.76,195.0,0.0,0.0,0.0,0.0
1776452748010268108,175369,0.0,0.9,0.068,0.2,0.12,-0.12,-93.25,0.69,2.0,0.02,-0.0,-0.32,-0.06,0.06,0.0,168.58,195.0,0.0,0.0,0.0,0.0
1776452748108560837,175469,0.0,1.3,0.0,1.0,0.12,0.04,-93.25,0.69,2.0,0.02,0.01,-0.3,-0.06,-0.0,0.0,168.58,193.0,0.0,0.0,0.0,0.0
1776452748211003626,175569,0.0,1.2,0.076,0.4,0.04,-0.04,-93.25,0.69,2.0,0.02,-0.0,-0.3,-0.12,-0.06,-0.12,168.76,193.0,0.0,0.0,0.0,0.0
1776452748309244929,175670,0.0,0.9,0.076,0.3,0.16,-0.12,-93.25,0.69,2.0,0.03,-0.0,-0.32,0.06,0.12,0.06,168.58,193.0,0.0,0.0,0.0,0.0
1776452748411608941,175770,0.0,0.7,0.0,1.6,0.02,-0.23,-93.25,0.69,2.0,0.03,-0.0,-0.3,-0.12,0.06,0.0,168.76,197.0,0.0,0.0,0.0,0.0
1776452748509943706,175869,0.076,0.2,0.0,1.4,-0.02,-0.04,-93.25,0.69,2.0,0.02,-0.0,-0.33,0.12,0.19,-0.06,172.87,194.0,0.0,0.0,0.0,0.0
1776452748608277934,175969,0.088,0.5,0.0,0.5,0.0,0.04,-93.25,0.69,2.0,0.03,-0.0,-0.32,-0.06,-0.0,0.0,172.87,194.0,0.0,0.0,0.0,0.0
1776452748710646668,176069,0.0,1.5,0.08,0.5,0.18,-0.04,-93.25,0.69,2.0,0.02,-0.0,-0.3,0.06,-0.12,-0.12,168.58,189.0,0.0,0.0,0.0,0.0
1776452748808957989,176168,0.0,1.4,0.072,0.7,-0.14,-0.06,-93.25,0.69,2.0,0.03,-0.0,-0.33,0.06,0.12,0.12,168.76,189.0,0.0,0.0,0.0,0.0
1776452748917308574,176268,0.0,0.3,0.0,1.1,0.04,-0.16,-93.25,0.69,2.0,0.02,-0.0,-0.33,-0.06,0.06,0.12,168.58,194.0,0.0,0.0,0.0,0.0
1776452749009666692,176368,0.076,0.0,0.0,1.2,-0.02,-0.06,-93.25,0.69,2.0,0.02,-0.0,-0.32,0.12,0.06,0.0,168.58,196.0,0.0,0.0,0.0,0.0
1776452749107954447,176468,0.084,0.9,0.08,0.6,0.18,0.04,-93.25,0.69,2.0,0.04,-0.0,-0.3,-0.0,0.06,0.12,168.58,196.0,0.0,0.0,0.0,0.0
1776452749210310449,176568,0.0,0.7,0.076,0.3,0.1,-0.1,-93.25,0.69,2.0,0.02,-0.0,-0.33,0.06,-0.0,0.06,172.36,193.0,0.0,0.0,0.0,0.0
1776452749308616519,176669,0.0,0.8,0.068,0.3,0.02,-0.08,-93.25,0.69,2.0,0.02,-0.0,-0.34,-0.12,0.19,0.19,168.58,194.0,0.0,0.0,0.0,0.0
1776452749411022354,176769,0.0,1.0,0.072,0.5,0.0,-0.02,-93.25,0.69,2.0,0.02,-0.0,-0.31,-0.0,-0.0,0.0,172.7,194.0,0.0,0.0,0.0,0.0
1776452749509334146,176870,0.0,0.9,0.068,0.3,0.04,0.06,-93.25,0.69,2.0,0.03,-0.0,-0.34,-0.0,0.12,0.12,168.76,195.0,0.0,0.0,0.0,0.0
1776452749611791814,176969,0.0,0.6,0.068,0.3,0.14,0.08,-93.25,0.69,2.0,0.02,-0.0,-0.31,-0.0,-0.12,0.06,168.76,195.0,0.0,0.0,0.0,0.0
1776452749710031070,177070,0.0,1.0,0.0,1.6,0.0,0.02,-93.25,0.69,2.0,0.02,-0.01,-0.31,-0.0,-0.19,0.06,168.76,195.0,0.0,0.0,0.0,0.0
1776452749812444312,177170,0.0,1.2,0.076,0.6,0.1,0.06,-93.25,0.69,2.0,0.01,0.01,-0.33,-0.12,-0.0,0.0,168.58,191.0,0.0,0.0,0.0,0.0
1776452749910742086,177270,0.0,1.4,0.0,1.3,0.12,-0.1,-93.25,0.69,2.0,0.02,-0.0,-0.32,-0.0,-0.12,-0.06,168.76,195.0,0.0,0.0,0.0,0.0
1776452750013139235,177370,0.088,0.3,0.0,1.3,0.0,-0.1,-93.25,0.69,2.0,0.02,0.01,-0.31,-0.12,0.06,0.06,168.58,195.0,0.0,0.0,0.0,0.0
1776452750111421333,177470,0.076,0.2,0.064,0.2,0.08,-0.06,-93.25,0.69,2.0,0.02,0.01,-0.32,-0.06,0.06,-0.06,172.36,193.0,0.0,0.0,0.0,0.0
1776452750209729412,177569,0.092,0.7,0.076,0.6,0.06,-0.1,-93.25,0.69,2.0,0.04,-0.0,-0.34,-0.0,-0.0,0.12,168.76,193.0,0.0,0.0,0.0,0.0
1776452750312122384,177669,0.0,0.4,0.0,0.7,0.16,0.02,-93.25,0.69,2.0,0.01,-0.0,-0.32,0.06,-0.25,0.06,168.76,192.0,0.0,0.0,0.0,0.0
1776452750410392796,177769,0.0,0.7,0.0,1.5,0.1,-0.02,-93.25,0.69,2.0,0.02,-0.0,-0.32,-0.06,0.06,0.06,168.58,197.0,0.0,0.0,0.0,0.0
1776452750508730227,177868,0.084,0.5,0.076,0.5,-0.02,-0.18,-93.25,0.69,2.0,0.02,-0.0,-0.32,-0.06,-0.12,-0.06,168.76,197.0,0.0,0.0,0.0,0.0
1776452750611115237,177968,0.0,0.9,0.072,0.5,0.04,0.04,-93.25,0.69,2.0,0.02,-0.0,-0.32,0.19,-0.0,0.12,168.58,198.0,0.0,0.0,0.0,0.0
