timestamp_ns,time_ms,voltage_left,current_left_ma,voltage_right,current_right_ma,motor_current_left,motor_current_right,euler_x,euler_y,euler_z,acc_lin_x,acc_lin_y,acc_lin_z,gyro_x,gyro_y,gyro_z,sonar_mm,tof_mm,rpm_left,rpm_right,rotations_left,rotations_right
1776356753142169917,1904,0.0,1.3,0.016,0.3,-0.18,-0.06,0.06,-4.94,0.75,0.01,0.02,-0.39,-0.0,-0.0,-0.12,206.14,192.0,0.0,0.0,0.0,0.0
1776356753240421618,2003,0.0,0.4,0.06,0.2,-0.02,-0.1,0.06,-4.94,0.75,0.02,0.01,-0.36,-0.0,-0.12,-0.06,204.94,200.0,0.0,0.0,0.0,0.0
1776356753342822851,2104,0.0,0.7,0.04,0.0,0.02,0.02,0.06,-4.94,0.75,0.0,0.03,-0.39,0.06,0.06,-0.06,201.86,200.0,0.0,0.0,0.0,0.0
1776356753451185416,2204,0.0,0.2,0.0,1.3,-0.08,-0.12,0.06,-4.94,0.75,0.0,0.02,-0.38,-0.06,0.12,-0.06,205.8,192.0,0.0,0.0,0.0,0.0
1776356753543558117,2305,0.0,1.2,0.024,0.4,-0.04,-0.12,0.06,-4.94,0.75,0.01,0.02,-0.38,0.19,0.12,0.06,219.18,201.0,0.0,0.0,0.0,0.0
1776356753645953183,2406,0.0,1.4,0.024,0.3,-0.02,-0.02,0.06,-4.94,0.75,0.0,0.01,-0.4,0.06,0.06,0.06,219.18,201.0,0.0,0.0,0.0,0.0
1776356753744243105,2506,0.0,1.1,0.02,0.3,0.0,-0.21,0.06,-4.94,0.75,0.01,0.02,-0.4,-0.0,-0.06,0.0,206.14,195.0,0.0,0.0,0.0,0.0
1776356753846643505,2606,0.0,0.1,0.0,1.2,-0.02,-0.02,0.06,-4.94,0.75,0.01,0.03,-0.38,0.06,-0.12,-0.06,206.14,192.0,0.0,0.0,0.0,0.0
1776356753944956334,2706,0.0,-0.1,0.0,1.0,-0.04,0.02,0.06,-4.94,0.75,0.01,0.02,-0.38,0.12,-0.06,0.0,202.03,192.0,0.0,0.0,0.0,0.0
1776356754047344285,2806,0.0,0.4,0.0,1.1,0.04,-0.02,0.06,-4.94,0.75,0.0,0.03,-0.38,-0.0,-0.0,0.0,200.83,194.0,0.0,0.0,0.0,0.0
1776356754145643345,2907,0.0,0.2,0.016,0.3,0.06,-0.12,0.06,-4.94,0.75,0.01,0.04,-0.37,-0.12,-0.0,0.0,213.86,194.0,0.0,0.0,0.0,0.0
1776356754243899887,3007,0.0,0.3,0.0,1.3,-0.1,-0.02,0.06,-4.94,0.75,0.01,0.01,-0.37,-0.0,-0.0,0.06,215.06,194.0,0.0,0.0,0.0,0.0
1776356754346289498,3106,0.0,0.3,0.0,1.3,-0.06,0.02,0.06,-4.94,0.75,0.0,0.05,-0.39,0.19,-0.12,0.06,231.18,196.0,0.0,0.0,0.0,0.0
1776356754448721165,3207,0.0,1.0,0.032,0.4,-0.1,-0.06,0.06,-4.94,0.75,0.0,0.02,-0.38,-0.0,-0.0,0.0,236.5,196.0,0.0,0.0,0.0,0.0
1776356754548946502,3308,0.0,0.9,0.024,0.5,-0.12,0.1,0.06,-4.94,0.75,0.01,0.02,-0.38,-0.0,-0.12,-0.06,11937.09,176.0,0.0,0.0,0.0,0.0
1776356754649420780,3408,0.0,1.0,0.024,0.3,0.12,-0.04,0.06,-4.94,0.75,0.0,0.03,-0.35,-0.06,0.06,0.06,215.06,184.0,0.0,0.0,0.0,0.0
1776356754747725821,3508,0.0,0.3,0.0,0.3,-0.1,0.02,0.06,-4.94,0.75,-0.01,0.03,-0.39,-0.0,-0.06,0.06,213.86,184.0,0.0,0.0,0.0,0.0
1776356754845995307,3608,0.0,1.3,0.016,0.2,0.02,-0.06,0.06,-4.94,0.75,0.0,0.04,-0.38,-0.12,0.06,-0.12,214.03,184.0,0.0,0.0,0.0,0.0
1776356755228579075,3708,0.0,1.4,0.016,0.3,0.08,-0.04,0.06,-4.94,0.75,-0.01,0.02,-0.34,-0.12,-0.06,-0.06,11935.89,194.0,0.0,0.0,0.0,0.0
1776356755239294426,3808,0.0,0.4,0.0,1.2,0.06,-0.14,0.06,-4.94,0.75,0.03,0.02,-0.4,0.06,-0.0,0.0,11936.06,186.0,0.0,0.0,0.0,0.0
1776356755247491862,3908,0.0,0.7,0.016,0.2,-0.1,-0.14,0.06,-4.94,0.75,0.0,0.03,-0.41,-0.0,0.12,-0.12,11936.57,186.0,0.0,0.0,0.0,0.0
1776356755255745038,4007,0.0,0.7,0.06,0.0,-0.14,0.0,0.06,-4.94,0.75,0.02,0.03,-0.4,0.06,0.06,0.0,11936.74,185.0,0.0,0.0,0.0,0.0
1776356755351633189,4107,0.0,0.6,0.052,0.5,0.04,-0.12,0.06,-4.94,0.75,0.03,-0.0,-0.4,-0.0,-0.0,0.0,11934.86,194.0,0.0,0.0,0.0,0.0
1776356755456052251,4207,0.0,0.7,0.036,0.4,-0.16,0.02,0.06,-4.94,0.75,0.0,0.03,-0.39,-0.12,-0.12,0.06,11937.77,194.0,0.0,0.0,0.0,0.0
1776356755548318804,4307,0.0,1.0,0.024,0.1,-0.1,-0.21,0.06,-4.94,0.75,0.01,0.02,-0.37,-0.06,-0.0,-0.12,11936.4,184.0,0.0,0.0,0.0,0.0
1776356755656761826,4407,0.0,1.0,0.0,1.2,-0.1,0.0,0.06,-4.94,0.75,0.0,0.02,-0.38,-0.12,-0.0,-0.06,11936.57,184.0,0.0,0.0,0.0,0.0
1776356755755054005,4507,0.0,0.2,0.0,1.2,0.06,0.0,0.06,-4.94,0.75,0.0,0.03,-0.41,-0.0,0.06,0.12,11938.29,184.0,0.0,0.0,0.0,0.0
1776356755857448365,4608,0.0,1.0,0.016,0.5,-0.06,0.0,0.06,-4.94,0.75,0.02,0.04,-0.4,0.12,-0.37,0.12,11935.37,189.0,0.0,0.0,0.0,0.0
1776356755955739822,4707,0.0,1.1,0.0,1.1,-0.08,-0.06,0.06,-4.94,0.75,0.0,0.04,-0.39,0.12,0.06,0.0,11938.46,189.0,0.0,0.0,0.0,0.0
1776356756046095500,4807,0.0,0.9,0.012,0.6,0.06,-0.08,0.06,-4.94,0.75,0.02,0.03,-0.38,0.06,-0.12,0.0,219.18,193.0,0.0,0.0,0.0,0.0
1776356756148554737,4907,0.0,0.6,0.02,0.4,-0.04,-0.14,0.06,-4.94,0.75,0.0,0.03,-0.38,-0.06,0.12,-0.12,215.06,193.0,0.0,0.0,0.0,0.0
1776356756246744074,5008,0.0,0.2,0.0,1.2,-0.02,-0.06,0.06,-4.94,0.75,0.01,0.03,-0.38,0.12,-0.0,0.0,200.83,190.0,0.0,0.0,0.0,0.0
1776356756349173738,5108,0.0,0.2,0.0,1.3,-0.1,0.04,0.06,-4.94,0.75,0.0,0.02,-0.38,0.06,-0.0,0.06,215.06,183.0,0.0,0.0,0.0,0.0
1776356756447487462,5208,0.0,0.3,0.0,1.3,0.0,-0.1,0.06,-4.94,0.75,0.01,0.03,-0.38,-0.06,0.06,0.06,206.14,183.0,0.0,0.0,0.0,0.0
1776356756549823016,5309,0.0,1.3,0.028,0.2,0.0,-0.04,0.06,-4.94,0.75,0.0,0.04,-0.35,-0.0,-0.12,0.0,206.14,189.0,0.0,0.0,0.0,0.0
1776356756648139406,5408,0.0,1.5,0.032,0.3,0.08,-0.1,0.06,-4.94,0.75,0.0,0.02,-0.37,0.12,0.06,-0.06,201.86,189.0,0.0,0.0,0.0,0.0
1776356756758489732,5509,0.0,0.7,0.02,0.3,0.0,0.08,0.06,-4.94,0.75,0.0,0.04,-0.39,-0.0,-0.0,0.06,11939.14,207.0,0.0,0.0,0.0,0.0
1776356756850800423,5609,0.0,1.0,0.016,0.2,0.0,-0.04,0.06,-4.94,0.75,0.0,0.03,-0.39,-0.0,0.12,0.12,11937.94,198.0,0.0,0.0,0.0,0.0
1776356756959179269,5709,0.0,0.7,0.02,0.4,-0.12,0.08,0.06,-4.94,0.75,0.0,0.04,-0.4,0.06,0.06,0.06,11934.51,197.0,0.0,0.0,0.0,0.0
1776356757051633748,5809,0.0,0.8,0.004,0.6,0.04,-0.21,0.06,-4.94,0.75,0.0,0.02,-0.37,-0.0,-0.19,-0.12,11935.54,197.0,0.0,0.0,0.0,0.0
1776356757159879863,5909,0.0,0.7,0.024,0.2,0.0,-0.02,0.06,-4.94,0.75,0.01,0.03,-0.4,-0.0,-0.0,0.0,11935.37,192.0,0.0,0.0,0.0,0.0
1776356757252176563,6009,0.0,0.7,0.056,0.2,0.02,0.04,0.06,-4.94,0.75,-0.01,0.02,-0.38,-0.0,-0.06,0.0,11934.17,197.0,0.0,0.0,0.0,0.0
1776356757350543590,6109,0.0,0.9,0.04,0.3,-0.08,-0.1,0.06,-4.94,0.75,0.0,0.03,-0.39,-0.0,-0.0,0.0,11935.71,197.0,0.0,0.0,0.0,0.0
1776356757450957467,6209,0.0,1.4,0.032,0.5,0.16,0.0,0.06,-4.94,0.75,0.0,0.02,-0.38,0.06,0.06,0.0,11935.37,195.0,0.0,0.0,0.0,0.0
1776356757549301513,6309,0.0,1.3,0.0,1.0,0.0,-0.12,0.06,-4.94,0.75,0.0,0.02,-0.38,0.12,-0.0,-0.06,11937.26,184.0,0.0,0.0,0.0,0.0
1776356757651600446,6409,0.0,0.3,0.0,1.1,0.06,-0.12,0.06,-4.94,0.75,0.01,0.03,-0.4,0.12,-0.06,0.12,231.35,184.0,0.0,0.0,0.0,0.0
1776356757757815934,6509,0.0,0.2,0.0,1.0,0.1,-0.06,0.06,-4.94,0.75,0.0,0.04,-0.38,-0.0,-0.19,0.0,11937.26,193.0,0.0,0.0,0.0,0.0
1776356757860290530,6609,0.0,0.2,0.0,1.1,0.02,-0.1,0.06,-4.94,0.75,0.0,0.02,-0.4,0.06,-0.0,-0.19,11938.12,206.0,0.0,0.0,0.0,0.0
1776356757950627990,6709,0.0,0.3,0.0,1.1,0.04,-0.06,0.06,-4.94,0.75,0.01,0.03,-0.36,0.06,0.12,0.06,232.38,206.0,0.0,0.0,0.0,0.0
1776356758048924164,6809,0.0,0.3,0.012,0.4,0.0,0.0,0.06,-4.94,0.75,0.01,0.03,-0.4,0.06,0.12,0.0,227.07,206.0,0.0,0.0,0.0,0.0
1776356758159252190,6908,0.0,0.0,0.0,0.5,-0.06,-0.02,0.06,-4.94,0.75,0.0,0.01,-0.37,-0.06,-0.06,0.0,11936.06,184.0,0.0,0.0,0.0,0.0
1776356758249635658,7008,0.0,1.2,0.064,0.5,0.02,0.08,0.06,-4.94,0.75,0.0,0.02,-0.37,0.06,-0.12,-0.06,218.66,202.0,0.0,0.0,0.0,0.0
1776356758357948983,7108,0.0,1.5,0.048,0.3,-0.08,-0.08,0.06,-4.94,0.75,0.0,0.03,-0.39,-0.06,0.06,0.0,228.1,202.0,0.0,0.0,0.0,0.0
1776356758450310079,7208,0.0,1.2,0.0,1.0,0.04,-0.14,0.06,-4.94,0.75,0.0,0.03,-0.38,0.12,-0.12,-0.06,232.38,199.0,0.0,0.0,0.0,0.0
1776356758552649612,7309,0.0,0.4,0.0,1.1,-0.04,-0.02,0.06,-4.94,0.75,0.0,0.03,-0.4,0.06,-0.19,0.0,215.06,194.0,0.0,0.0,0.0,0.0
1776356758650988704,7410,0.0,0.3,0.0,1.0,-0.02,-0.18,0.06,-4.94,0.75,-0.02,0.01,-0.39,-0.0,-0.19,0.0,210.77,194.0,0.0,0.0,0.0,0.0
1776356758761334619,7510,0.0,0.3,0.0,1.2,-0.08,0.0,0.06,-4.94,0.75,0.0,0.03,-0.38,0.06,-0.12,0.06,11934.17,191.0,0.0,0.0,0.0,0.0
1776356758851714291,7610,0.0,1.0,0.008,0.3,0.02,0.02,0.06,-4.94,0.75,0.01,-0.0,-0.39,0.06,0.06,0.0,226.89,191.0,0.0,0.0,0.0,0.0
1776356758954101267,7710,0.0,0.6,0.012,0.1,-0.08,-0.1,0.06,-4.94,0.75,0.01,0.01,-0.4,-0.0,-0.06,0.0,209.74,197.0,0.0,0.0,0.0,0.0
1776356759252559210,7811,0.0,0.8,0.012,0.4,0.06,-0.04,0.06,-4.94,0.75,0.02,0.03,-0.37,-0.0,-0.0,-0.06,214.03,194.0,0.0,0.0,0.0,0.0
1776356759265188723,7912,0.0,1.1,0.024,0.3,-0.08,-0.04,0.06,-4.94,0.75,0.0,0.04,-0.36,-0.0,-0.0,0.06,219.18,194.0,0.0,0.0,0.0,0.0
1776356759278954158,8012,0.0,0.4,0.0,1.5,-0.04,-0.1,0.06,-4.94,0.75,0.0,0.01,-0.39,-0.0,-0.0,0.0,206.14,181.0,0.0,0.0,0.0,0.0
1776356759355440204,8112,0.0,1.3,0.028,0.6,0.06,-0.18,0.06,-4.94,0.75,0.0,0.06,-0.38,-0.0,-0.12,0.06,206.14,194.0,0.0,0.0,0.0,0.0
1776356759453792119,8212,0.0,0.2,0.0,1.3,0.12,-0.06,0.06,-4.94,0.75,0.01,0.03,-0.39,-0.0,-0.06,0.06,206.14,194.0,0.0,0.0,0.0,0.0
1776356759556138474,8312,0.0,0.8,0.032,0.5,0.0,-0.04,0.06,-4.94,0.75,0.01,0.01,-0.36,0.06,-0.06,0.0,206.14,190.0,0.0,0.0,0.0,0.0
1776356759654459649,8412,0.0,0.7,0.02,0.5,-0.04,-0.06,0.06,-4.94,0.75,0.01,0.02,-0.37,0.06,0.12,-0.06,206.14,196.0,0.0,0.0,0.0,0.0
1776356759752831156,8512,0.0,0.8,0.0,1.3,0.0,-0.02,0.06,-4.94,0.75,0.0,0.02,-0.39,-0.12,-0.12,0.0,222.26,196.0,0.0,0.0,0.0,0.0
1776356759857075882,8611,0.0,0.0,0.0,1.4,-0.04,-0.04,0.06,-4.94,0.75,0.0,0.03,-0.4,-0.0,0.06,0.0,11938.29,186.0,0.0,0.0,0.0,0.0
1776356759953464984,8711,0.0,0.3,0.0,1.5,0.1,-0.12,0.06,-4.94,0.75,0.0,0.04,-0.38,-0.06,0.06,-0.06,219.18,186.0,0.0,0.0,0.0,0.0
1776356760055865481,8811,0.0,0.5,0.0,0.9,-0.06,0.06,0.06,-4.94,0.75,0.0,0.03,-0.37,-0.06,0.12,0.06,204.94,188.0,0.0,0.0,0.0,0.0
1776356760154147795,8911,0.0,0.3,0.0,0.1,0.04,-0.06,0.06,-4.94,0.75,0.0,0.03,-0.4,0.19,-0.06,0.06,219.18,198.0,0.0,0.0,0.0,0.0
1776356760256559676,9011,0.0,0.7,0.06,0.3,-0.04,-0.04,0.06,-4.94,0.75,0.0,0.03,-0.4,-0.0,-0.0,0.0,219.18,198.0,0.0,0.0,0.0,0.0
1776356760354902137,9112,0.0,0.9,0.04,0.3,0.0,-0.14,0.06,-4.94,0.75,0.01,0.04,-0.38,-0.0,-0.06,0.06,218.15,200.0,0.0,0.0,0.0,0.0
1776356760457197316,9212,0.0,0.9,0.036,0.7,0.0,-0.06,0.06,-4.94,0.75,0.01,0.01,-0.39,0.12,-0.06,-0.06,219.18,191.0,0.0,0.0,0.0,0.0
1776356760555501352,9312,0.0,1.0,0.0,1.0,0.0,0.02,0.06,-4.94,0.75,0.0,0.02,-0.38,-0.06,-0.06,-0.12,219.18,191.0,0.0,0.0,0.0,0.0
1776356760657941954,9413,0.0,0.1,0.0,1.0,0.04,-0.12,0.06,-4.94,0.75,0.0,0.03,-0.41,-0.06,-0.0,0.12,219.18,188.0,0.0,0.0,0.0,0.0
1776356760756228861,9512,0.0,0.7,0.02,0.2,-0.08,-0.06,0.06,-4.94,0.75,0.01,0.04,-0.39,-0.06,-0.0,0.0,205.11,188.0,0.0,0.0,0.0,0.0
1776356760868559140,9613,0.0,0.7,0.02,0.3,-0.04,-0.02,0.06,-4.94,0.75,0.0,0.03,-0.37,-0.12,0.12,0.0,206.14,188.0,0.0,0.0,0.0,0.0
1776356760957019831,9714,0.0,0.9,0.008,0.2,-0.16,-0.1,0.06,-4.94,0.75,0.01,0.03,-0.42,-0.12,0.25,0.06,223.29,186.0,0.0,0.0,0.0,0.0
1776356761059315080,9814,0.0,0.3,0.0,1.4,-0.12,0.04,0.06,-4.94,0.75,0.0,0.03,-0.38,-0.0,0.06,0.06,214.89,191.0,0.0,0.0,0.0,0.0
1776356761157629494,9914,0.0,0.2,0.0,1.3,-0.06,0.02,0.06,-4.94,0.75,0.02,0.04,-0.41,-0.0,0.12,0.06,206.14,191.0,0.0,0.0,0.0,0.0
1776356761255906132,10014,0.0,0.2,0.0,1.1,-0.04,-0.08,0.06,-4.94,0.75,0.0,0.03,-0.41,-0.12,0.06,0.0,206.14,188.0,0.0,0.0,0.0,0.0
1776356761358331928,10114,0.0,0.7,0.048,0.3,0.0,-0.18,0.06,-4.94,0.75,0.01,0.02,-0.39,0.06,-0.12,-0.06,222.26,188.0,0.0,0.0,0.0,0.0
1776356761456612454,10214,0.0,0.9,0.0,1.2,0.16,-0.1,0.06,-4.94,0.75,0.01,0.02,-0.37,-0.0,0.06,0.0,205.97,197.0,0.0,0.0,0.0,0.0
1776356761559014251,10313,0.0,0.3,0.0,1.3,-0.04,-0.16,0.06,-4.94,0.75,0.01,0.04,-0.42,-0.19,-0.19,0.0,205.29,191.0,0.0,0.0,0.0,0.0
1776356761657321703,10414,0.0,1.3,0.02,0.5,-0.04,-0.08,0.06,-4.94,0.75,0.01,0.03,-0.4,-0.06,-0.0,0.06,205.97,191.0,0.0,0.0,0.0,0.0
1776356761759708315,10514,0.0,1.3,0.02,0.1,0.06,0.0,0.06,-4.94,0.75,0.0,0.04,-0.38,-0.06,-0.0,0.06,222.26,190.0,0.0,0.0,0.0,0.0
1776356761858005433,10614,0.0,1.2,0.008,0.6,0.0,-0.1,0.06,-4.94,0.75,0.02,0.01,-0.38,-0.0,-0.12,-0.06,232.21,198.0,0.0,0.0,0.0,0.0
1776356761968373184,10714,0.0,1.3,0.016,0.2,-0.04,-0.08,0.06,-4.94,0.75,0.02,0.01,-0.39,-0.06,-0.25,-0.06,11934.68,185.0,0.0,0.0,0.0,0.0
1776356762066666797,10814,0.0,0.2,0.0,1.0,-0.18,-0.06,0.06,-4.94,0.75,0.0,0.01,-0.39,-0.0,-0.06,0.0,11934.34,185.0,0.0,0.0,0.0,0.0
1776356762156990193,10914,0.0,0.6,0.0,0.9,-0.08,-0.06,0.06,-4.94,0.75,0.02,0.04,-0.38,-0.06,0.06,0.0,215.06,185.0,0.0,0.0,0.0,0.0
1776356762267369303,11015,0.0,0.7,0.064,0.5,-0.06,-0.12,0.06,-4.94,0.75,0.02,0.02,-0.39,-0.0,-0.12,0.0,11938.46,194.0,0.0,0.0,0.0,0.0
1776356762357706717,11114,0.0,0.6,0.04,0.5,0.02,-0.1,0.06,-4.94,0.75,0.0,0.02,-0.37,-0.06,-0.0,-0.06,11938.29,194.0,0.0,0.0,0.0,0.0
1776356762456044251,11214,0.0,0.7,0.032,0.2,-0.04,-0.08,0.06,-4.94,0.75,0.0,0.05,-0.42,-0.0,-0.12,0.0,11937.26,196.0,0.0,0.0,0.0,0.0
1776356762558334225,11314,0.0,0.6,0.032,0.1,-0.1,-0.06,0.06,-4.94,0.75,0.0,0.04,-0.39,0.12,-0.0,0.0,11937.77,196.0,0.0,0.0,0.0,0.0
1776356762668692039,11414,0.0,1.0,0.016,0.3,-0.08,-0.16,0.06,-4.94,0.75,0.0,0.01,-0.41,-0.0,0.06,0.06,11935.37,197.0,0.0,0.0,0.0,0.0
1776356762760992896,11514,0.0,0.9,0.008,0.3,0.06,-0.12,0.06,-4.94,0.75,0.01,0.02,-0.39,-0.0,-0.06,0.0,11934.17,195.0,0.0,0.0,0.0,0.0
1776356762859378003,11614,0.0,1.1,0.008,0.2,-0.14,-0.14,0.06,-4.94,0.75,0.0,0.01,-0.41,-0.0,-0.12,-0.06,11936.06,195.0,0.0,0.0,0.0,0.0
1776356762961727902,11714,0.0,0.4,0.012,0.3,0.14,0.0,0.06,-4.94,0.75,0.01,0.04,-0.4,-0.06,0.06,0.0,11934.51,201.0,0.0,0.0,0.0,0.0
1776356763092562135,11814,0.0,0.9,0.0,0.3,0.21,-0.14,0.06,-4.94,0.75,0.01,0.07,-0.41,0.12,-0.0,0.12,11935.89,203.0,0.0,0.0,0.0,0.0
1776356763162477762,11914,0.0,0.7,0.02,0.1,-0.02,0.02,0.06,-4.94,0.75,0.0,0.02,-0.42,-0.0,-0.0,0.0,11937.94,203.0,0.0,0.0,0.0,0.0
1776356763260667956,12014,0.0,0.9,0.064,0.1,-0.08,0.0,0.06,-4.94,0.75,0.0,0.02,-0.4,0.12,-0.0,0.0,11935.89,204.0,0.0,0.0,0.0,0.0
1776356763363155675,12114,0.0,0.9,0.04,0.2,0.06,0.06,0.06,-4.94,0.75,0.02,0.03,-0.38,-0.0,-0.0,0.06,11936.91,204.0,0.0,0.0,0.0,0.0
1776356763459453981,12214,0.0,0.9,0.028,0.5,-0.16,0.0,0.06,-4.94,0.75,0.02,0.02,-0.38,-0.0,-0.06,0.19,228.1,196.0,0.0,0.0,0.0,0.0
1776356763563715720,12314,0.0,0.6,0.032,0.2,-0.06,-0.06,0.06,-4.94,0.75,0.0,0.02,-0.4,-0.06,0.06,0.12,11934.51,196.0,0.0,0.0,0.0,0.0
1776356763856556169,12414,0.0,0.2,0.0,1.2,-0.02,0.02,0.06,-4.94,0.75,0.0,0.05,-0.41,0.06,-0.06,-0.12,11935.71,196.0,0.0,0.0,0.0,0.0
1776356763869255786,12514,0.0,0.3,0.0,1.3,-0.06,-0.06,0.06,-4.94,0.75,0.0,0.03,-0.39,-0.0,-0.06,0.06,11936.4,190.0,0.0,0.0,0.0,0.0
1776356763881648484,12613,0.0,0.9,0.016,0.3,0.02,0.0,0.06,-4.94,0.75,0.01,0.03,-0.41,-0.0,0.12,-0.06,11936.06,191.0,0.0,0.0,0.0,0.0
1776356763959149812,12713,0.0,0.8,0.004,0.2,-0.04,-0.06,0.06,-4.94,0.75,0.0,0.03,-0.42,-0.0,-0.06,0.0,214.89,191.0,0.0,0.0,0.0,0.0
1776356764057436073,12813,0.0,0.9,0.012,0.3,-0.14,0.0,0.06,-4.94,0.75,0.01,0.02,-0.38,0.06,-0.0,-0.06,205.97,191.0,0.0,0.0,0.0,0.0
1776356764159830710,12913,0.0,0.7,0.04,0.5,-0.18,-0.06,0.06,-4.94,0.75,0.0,0.03,-0.42,0.06,-0.0,0.06,205.11,197.0,0.0,0.0,0.0,0.0
1776356764258065634,13014,0.0,0.7,0.056,0.6,-0.08,0.06,0.06,-4.94,0.75,0.0,0.02,-0.39,-0.12,-0.06,0.0,201.86,180.0,0.0,0.0,0.0,0.0
1776356764360558139,13114,0.0,0.5,0.04,0.5,0.02,0.1,0.06,-4.94,0.75,0.01,0.04,-0.4,-0.0,-0.0,0.0,214.89,180.0,0.0,0.0,0.0,0.0
1776356764458788470,13214,0.0,0.8,0.0,1.3,-0.04,-0.1,0.06,-4.94,0.75,0.0,0.02,-0.4,-0.0,0.06,0.0,11935.54,190.0,0.0,0.0,0.0,0.0
1776356764561183052,13315,0.0,0.2,0.0,1.3,-0.2,0.08,0.06,-4.94,0.75,0.0,0.04,-0.4,0.06,-0.06,0.0,215.06,202.0,0.0,0.0,0.0,0.0
1776356764676547170,13416,0.0,0.4,0.0,0.3,-0.1,-0.02,0.06,-4.94,0.75,0.01,0.03,-0.42,-0.12,-0.12,0.0,215.06,202.0,0.0,0.0,0.0,0.0
1776356764763832924,13516,0.0,1.1,0.0,0.9,0.02,-0.04,0.06,-4.94,0.75,-0.01,0.02,-0.39,0.12,0.06,-0.12,11938.12,196.0,0.0,0.0,0.0,0.0
1776356764862131347,13616,0.0,0.0,0.0,1.3,-0.08,0.0,0.06,-4.94,0.75,-0.01,0.05,-0.4,0.06,-0.0,0.06,11937.77,204.0,0.0,0.0,0.0,0.0
1776356764970539419,13716,0.0,0.2,0.0,1.0,-0.1,-0.2,0.06,-4.94,0.75,0.0,0.03,-0.42,-0.0,0.06,0.06,11936.91,199.0,0.0,0.0,0.0,0.0
1776356765062903010,13816,0.0,0.5,0.008,0.4,-0.06,-0.2,0.06,-4.94,0.75,0.0,0.04,-0.39,-0.12,0.12,0.0,11936.91,199.0,0.0,0.0,0.0,0.0
1776356765163294733,13917,0.0,0.9,0.032,0.4,-0.12,-0.16,0.06,-4.94,0.75,0.0,0.02,-0.43,0.12,-0.06,0.06,232.38,192.0,0.0,0.0,0.0,0.0
1776356765273620830,14017,0.0,0.0,0.0,0.4,0.08,-0.06,0.06,-4.94,0.75,-0.01,0.02,-0.41,0.12,-0.06,0.12,11935.2,196.0,0.0,0.0,0.0,0.0
1776356765363957107,14117,0.0,1.2,0.052,0.5,-0.14,-0.04,0.06,-4.94,0.75,0.0,0.04,-0.4,0.06,-0.0,0.0,11937.6,196.0,0.0,0.0,0.0,0.0
1776356765462280168,14217,0.0,1.4,0.04,0.3,-0.1,-0.14,0.06,-4.94,0.75,0.0,0.03,-0.4,-0.06,0.06,0.0,11934.68,192.0,0.0,0.0,0.0,0.0
1776356765566635885,14317,0.0,1.4,0.032,0.6,0.02,-0.1,0.06,-4.94,0.75,0.0,0.04,-0.4,-0.0,0.06,0.12,11938.97,192.0,0.0,0.0,0.0,0.0
1776356765662993707,14417,0.0,0.2,0.0,1.0,0.04,-0.06,0.06,-4.94,0.75,0.0,0.03,-0.4,-0.12,-0.0,0.0,213.86,189.0,0.0,0.0,0.0,0.0
1776356765856548891,14517,0.0,0.0,0.0,0.3,-0.12,0.0,0.06,-4.94,0.75,0.0,0.02,-0.38,-0.0,-0.0,0.06,11935.37,199.0,0.0,0.0,0.0,0.0
1776356765870125211,14617,0.0,0.9,0.016,0.5,0.0,-0.06,0.06,-4.94,0.75,-0.01,0.02,-0.39,0.06,-0.12,0.0,11936.91,199.0,0.0,0.0,0.0,0.0
1776356765966073097,14717,0.0,1.1,0.012,0.1,-0.08,-0.08,0.06,-4.94,0.75,0.0,0.03,-0.39,-0.0,0.06,0.06,214.89,190.0,0.0,0.0,0.0,0.0
1776356766064369504,14818,0.0,0.7,0.004,0.5,0.06,0.06,0.06,-4.94,0.75,0.0,0.02,-0.4,-0.0,-0.0,0.06,215.06,190.0,0.0,0.0,0.0,0.0
1776356766166762880,14918,0.0,0.7,0.036,0.3,-0.02,0.02,0.06,-4.94,0.75,0.01,0.02,-0.42,-0.0,0.12,-0.06,210.77,206.0,0.0,0.0,0.0,0.0
1776356766265060284,15019,0.0,0.9,0.064,0.3,-0.06,-0.02,0.06,-4.94,0.75,0.02,0.02,-0.41,0.12,-0.06,-0.12,201.86,206.0,0.0,0.0,0.0,0.0
1776356766367463771,15119,0.0,0.6,0.044,0.5,-0.04,-0.06,0.06,-4.94,0.75,-0.01,0.03,-0.39,-0.12,-0.06,-0.12,214.03,189.0,0.0,0.0,0.0,0.0
1776356766465750379,15219,0.0,0.8,0.032,0.4,-0.12,-0.12,0.06,-4.94,0.75,0.02,0.02,-0.38,0.06,-0.12,-0.06,210.94,194.0,0.0,0.0,0.0,0.0
1776356766568144533,15320,0.0,0.7,0.028,0.6,-0.12,-0.16,0.06,-4.94,0.75,0.02,0.03,-0.4,-0.12,0.06,0.0,214.89,194.0,0.0,0.0,0.0,0.0
1776356766666435307,15421,0.0,0.9,0.02,0.1,-0.08,-0.02,0.06,-4.94,0.75,0.01,0.03,-0.37,-0.0,0.19,-0.06,215.06,196.0,0.0,0.0,0.0,0.0
1776356766772556960,15520,0.0,0.3,0.0,1.3,-0.02,-0.06,0.06,-4.94,0.75,0.0,0.03,-0.36,-0.0,-0.0,0.0,201.51,181.0,0.0,0.0,0.0,0.0
1776356766867112291,15621,0.0,0.3,0.024,0.3,0.04,-0.02,0.06,-4.94,0.75,0.0,0.04,-0.4,-0.0,-0.0,0.0,201.86,181.0,0.0,0.0,0.0,0.0
1776356766969580721,15721,0.0,0.9,0.008,0.3,-0.06,0.04,0.06,-4.94,0.75,0.03,0.03,-0.38,0.06,-0.06,-0.06,206.14,190.0,0.0,0.0,0.0,0.0
1776356767067832917,15820,0.0,0.6,0.008,0.1,0.06,0.08,0.06,-4.94,0.75,0.02,0.03,-0.4,0.06,0.06,-0.12,202.03,198.0,0.0,0.0,0.0,0.0
1776356767166127052,15920,0.0,0.7,0.04,0.5,0.0,-0.18,0.06,-4.94,0.75,0.0,0.03,-0.4,-0.0,0.06,0.06,236.5,198.0,0.0,0.0,0.0,0.0
1776356767268543510,16020,0.0,0.2,0.0,1.6,0.06,-0.02,0.06,-4.94,0.75,-0.01,0.03,-0.42,-0.0,0.19,0.06,215.06,196.0,0.0,0.0,0.0,0.0
1776356767366794239,16119,0.0,0.0,0.0,1.2,-0.02,-0.12,0.06,-4.94,0.75,0.01,0.04,-0.4,0.06,0.06,0.06,215.06,205.0,0.0,0.0,0.0,0.0
1776356767469179957,16220,0.0,0.2,0.04,0.1,0.14,-0.02,0.06,-4.94,0.75,0.02,0.01,-0.37,-0.0,0.19,0.0,215.06,205.0,0.0,0.0,0.0,0.0
1776356767567482500,16320,0.0,0.6,0.0,1.1,-0.08,-0.18,0.06,-4.94,0.75,0.0,0.03,-0.42,-0.06,0.19,-0.06,213.86,200.0,0.0,0.0,0.0,0.0
1776356767665819467,16419,0.0,0.3,0.0,1.4,-0.02,-0.04,0.06,-4.94,0.75,0.0,0.03,-0.39,-0.06,-0.06,0.0,205.97,200.0,0.0,0.0,0.0,0.0
1776356767768207630,16520,0.0,0.1,0.0,1.1,-0.04,0.02,0.06,-4.94,0.75,-0.01,0.03,-0.38,-0.06,0.19,0.0,197.74,198.0,0.0,0.0,0.0,0.0
1776356767866509469,16620,0.0,1.4,0.016,0.5,-0.12,-0.08,0.06,-4.94,0.75,0.02,0.02,-0.36,-0.0,0.06,0.0,197.74,185.0,0.0,0.0,0.0,0.0
1776356767964749956,16719,0.0,1.2,0.012,0.3,0.1,-0.2,0.06,-4.94,0.75,0.01,0.04,-0.39,-0.0,0.12,0.0,201.86,185.0,0.0,0.0,0.0,0.0
1776356768067209779,16819,0.0,1.2,0.016,0.2,-0.02,-0.08,0.06,-4.94,0.75,-0.01,0.01,-0.4,-0.0,-0.12,0.06,215.06,189.0,0.0,0.0,0.0,0.0
1776356768165489071,16919,0.0,1.3,0.044,0.5,-0.14,0.0,0.06,-4.94,0.75,-0.01,0.01,-0.4,0.06,0.19,0.0,193.62,194.0,0.0,0.0,0.0,0.0
1776356768267895947,17018,0.0,1.3,0.06,0.5,-0.12,-0.1,0.06,-4.94,0.75,0.03,0.02,-0.36,-0.06,-0.0,-0.06,197.74,194.0,0.0,0.0,0.0,0.0
1776356768366203424,17118,0.0,1.3,0.048,0.4,0.0,-0.14,0.06,-4.94,0.75,0.0,0.04,-0.38,0.19,-0.06,0.06,197.74,197.0,0.0,0.0,0.0,0.0
1776356768468574725,17218,0.0,0.3,0.0,0.2,-0.14,-0.18,0.06,-4.94,0.75,0.0,0.03,-0.37,-0.06,-0.12,0.0,202.03,197.0,0.0,0.0,0.0,0.0
1776356768566891017,17318,0.0,0.7,0.02,0.3,-0.02,-0.04,0.06,-4.94,0.75,0.01,0.03,-0.36,0.06,-0.0,0.06,192.94,196.0,0.0,0.0,0.0,0.0
1776356768665174365,17418,0.0,0.7,0.02,0.6,0.1,0.08,0.06,-4.94,0.75,0.01,0.04,-0.39,-0.06,0.06,0.0,205.97,191.0,0.0,0.0,0.0,0.0
1776356768792560953,17518,0.0,1.0,0.016,0.2,0.04,0.02,0.06,-4.94,0.75,0.0,0.01,-0.37,0.06,-0.0,0.12,205.97,191.0,0.0,0.0,0.0,0.0
1776356768865867885,17617,0.0,0.9,0.012,0.3,-0.1,0.06,0.06,-4.94,0.75,0.0,0.03,-0.36,-0.0,0.12,0.06,205.97,179.0,0.0,0.0,0.0,0.0
1776356768968270982,17718,0.0,1.0,0.0,0.2,0.02,-0.14,0.06,-4.94,0.75,0.0,0.02,-0.38,-0.06,0.06,0.06,201.86,196.0,0.0,0.0,0.0,0.0
1776356769088573410,17818,0.0,1.1,0.016,0.4,-0.08,-0.04,0.06,-4.94,0.75,0.03,0.02,-0.39,-0.06,-0.0,-0.06,218.66,196.0,0.0,0.0,0.0,0.0
1776356769164844811,17917,0.0,1.3,0.032,0.2,-0.27,0.02,0.06,-4.94,0.75,0.02,0.04,-0.38,-0.0,0.06,0.06,213.86,190.0,0.0,0.0,0.0,0.0
1776356769267236917,18018,0.0,1.3,0.052,0.6,0.06,-0.16,0.06,-4.94,0.75,0.01,0.01,-0.37,0.06,-0.06,-0.06,214.03,187.0,0.0,0.0,0.0,0.0
1776356769369657838,18119,0.0,1.1,0.044,0.1,-0.06,0.1,0.06,-4.94,0.75,0.01,0.03,-0.37,0.12,0.06,0.0,201.86,187.0,0.0,0.0,0.0,0.0
1776356769467932732,18219,0.0,1.4,0.036,0.1,0.08,-0.1,0.06,-4.94,0.75,0.01,0.01,-0.4,0.12,0.06,0.06,215.06,198.0,0.0,0.0,0.0,0.0
1776356769566190757,18319,0.0,1.6,0.032,0.6,0.06,-0.14,0.06,-4.94,0.75,0.01,0.04,-0.39,-0.06,0.06,0.12,201.86,182.0,0.0,0.0,0.0,0.0
1776356769668658880,18419,0.0,1.2,0.02,0.5,0.04,-0.02,0.06,-4.94,0.75,0.0,0.04,-0.38,-0.0,-0.06,0.0,222.26,182.0,0.0,0.0,0.0,0.0
1776356769766889035,18519,0.0,1.2,0.012,0.2,-0.08,-0.12,0.06,-4.94,0.75,0.0,0.04,-0.38,-0.06,0.06,0.0,204.94,193.0,0.0,0.0,0.0,0.0
1776356769869345455,18620,0.0,0.3,0.0,1.5,-0.06,-0.06,0.06,-4.94,0.75,0.02,0.01,-0.37,0.06,-0.19,-0.12,204.94,193.0,0.0,0.0,0.0,0.0
1776356769996557275,18721,0.0,0.3,0.0,1.2,0.02,-0.12,0.06,-4.94,0.75,0.0,0.04,-0.34,0.06,0.06,0.0,205.29,191.0,0.0,0.0,0.0,0.0
1776356770069985969,18822,0.0,0.2,0.0,1.2,0.06,-0.23,0.06,-4.94,0.75,0.0,0.02,-0.39,0.12,-0.06,0.0,206.14,201.0,0.0,0.0,0.0,0.0
1776356770172437305,18923,0.0,0.3,0.0,1.3,0.02,0.04,0.06,-4.94,0.75,0.0,0.03,-0.42,0.06,-0.0,0.0,205.97,201.0,0.0,0.0,0.0,0.0
1776356770270732987,19022,0.0,1.4,0.06,0.6,0.06,0.02,0.06,-4.94,0.75,0.0,0.05,-0.39,0.06,-0.0,0.0,204.94,198.0,0.0,0.0,0.0,0.0
1776356770373154972,19123,0.0,1.1,0.052,0.3,0.1,-0.02,0.06,-4.94,0.75,0.0,0.03,-0.36,-0.0,-0.0,0.06,192.94,191.0,0.0,0.0,0.0,0.0
1776356770471364284,19224,0.0,1.2,0.032,0.5,0.04,-0.08,0.06,-4.94,0.75,0.01,0.02,-0.37,0.12,-0.0,-0.06,201.86,191.0,0.0,0.0,0.0,0.0
1776356770573772529,19323,0.0,1.4,0.028,0.5,-0.04,-0.06,0.06,-4.94,0.75,0.0,0.04,-0.36,-0.0,-0.06,-0.06,201.86,187.0,0.0,0.0,0.0,0.0
1776356770672089006,19423,0.0,1.0,0.0,1.0,0.04,-0.1,0.06,-4.94,0.75,0.0,0.02,-0.37,-0.06,-0.0,0.06,201.86,193.0,0.0,0.0,0.0,0.0
1776356770796650091,19524,0.0,0.7,0.02,0.3,0.1,-0.12,0.06,-4.94,0.75,0.0,0.03,-0.37,-0.0,0.19,-0.06,201.86,193.0,0.0,0.0,0.0,0.0
1776356770872811820,19623,0.0,0.9,0.008,0.4,0.02,-0.14,0.06,-4.94,0.75,0.02,0.02,-0.37,0.06,-0.06,0.06,201.86,193.0,0.0,0.0,0.0,0.0
1776356770975234695,19723,0.0,0.9,0.012,0.5,-0.02,-0.06,0.06,-4.94,0.75,0.01,0.03,-0.37,-0.06,-0.06,0.06,201.86,193.0,0.0,0.0,0.0,0.0
1776356771073505463,19823,0.0,0.7,0.016,0.5,-0.02,0.06,0.06,-4.94,0.75,0.0,0.02,-0.38,-0.0,-0.06,0.0,200.83,206.0,0.0,0.0,0.0,0.0
1776356771171785839,19923,0.0,0.8,0.044,0.5,0.12,0.02,0.06,-4.94,0.75,0.01,0.05,-0.4,-0.06,-0.0,0.06,201.86,195.0,0.0,0.0,0.0,0.0
1776356771274218962,20023,0.0,0.9,0.0,1.4,-0.06,-0.06,0.06,-4.94,0.75,0.01,0.03,-0.35,-0.0,-0.06,0.06,202.03,195.0,0.0,0.0,0.0,0.0
1776356771372580559,20123,0.0,0.1,0.0,1.4,-0.06,-0.14,0.06,-4.94,0.75,0.0,0.03,-0.36,-0.06,-0.06,0.0,197.57,192.0,0.0,0.0,0.0,0.0
1776356771470741697,20222,0.0,0.4,0.036,0.6,-0.16,0.04,0.06,-4.94,0.75,0.0,0.04,-0.39,-0.19,-0.12,0.0,197.74,178.0,0.0,0.0,0.0,0.0
1776356771573150950,20323,0.0,1.3,0.028,0.5,-0.06,0.0,0.06,-4.94,0.75,0.02,0.03,-0.39,-0.0,-0.12,0.06,201.86,178.0,0.0,0.0,0.0,0.0
1776356771675581796,20423,0.0,1.2,0.02,0.3,0.0,-0.02,0.06,-4.94,0.75,0.0,0.03,-0.37,-0.19,-0.06,0.0,200.66,197.0,0.0,0.0,0.0,0.0
1776356771773881301,20524,0.0,1.2,0.008,0.4,0.0,-0.04,0.06,-4.94,0.75,0.0,0.02,-0.41,-0.06,-0.0,0.12,192.77,203.0,0.0,0.0,0.0,0.0
1776356771876360146,20624,0.0,1.1,0.016,0.1,0.0,0.04,0.06,-4.94,0.75,0.0,0.03,-0.36,-0.06,0.06,0.0,201.86,203.0,0.0,0.0,0.0,0.0
1776356771974586431,20724,0.0,1.1,0.012,0.3,-0.1,-0.04,0.06,-4.94,0.75,0.0,0.03,-0.39,-0.0,0.06,-0.06,201.86,193.0,0.0,0.0,0.0,0.0
1776356772076979938,20825,0.0,1.3,0.0,1.1,-0.08,-0.06,0.06,-4.94,0.75,0.0,0.01,-0.37,-0.06,-0.19,0.06,200.83,185.0,0.0,0.0,0.0,0.0
1776356772185295318,20926,0.0,0.7,0.044,0.6,-0.02,-0.18,0.06,-4.94,0.75,0.01,0.03,-0.37,0.12,-0.0,-0.06,201.86,185.0,0.0,0.0,0.0,0.0
1776356772277663216,21026,0.0,0.2,0.0,1.1,-0.23,-0.02,0.06,-4.94,0.75,0.01,0.03,-0.37,-0.12,-0.0,0.06,201.86,191.0,0.0,0.0,0.0,0.0
1776356772375933027,21126,0.0,0.4,0.0,1.6,-0.06,-0.08,0.06,-4.94,0.75,-0.01,0.01,-0.38,-0.0,-0.0,0.12,201.86,191.0,0.0,0.0,0.0,0.0
1776356772478392826,21226,0.0,1.2,0.032,0.6,-0.02,0.02,0.06,-4.94,0.75,0.0,0.03,-0.35,-0.06,0.12,0.0,206.49,192.0,0.0,0.0,0.0,0.0
1776356772576621768,21325,0.0,0.7,0.0,0.7,-0.1,-0.1,0.06,-4.94,0.75,0.0,0.04,-0.38,0.06,-0.0,-0.19,202.54,199.0,0.0,0.0,0.0,0.0
1776356772674918542,21425,0.0,1.0,0.016,0.2,-0.04,0.04,0.06,-4.94,0.75,0.01,0.04,-0.38,-0.06,-0.0,-0.06,209.74,199.0,0.0,0.0,0.0,0.0
1776356772777347490,21525,0.0,0.9,0.012,0.6,-0.02,-0.16,0.06,-4.94,0.75,0.01,0.03,-0.39,-0.0,-0.06,-0.12,201.86,190.0,0.0,0.0,0.0,0.0
1776356772984593057,21624,0.0,1.0,0.012,0.3,-0.04,-0.16,0.06,-4.94,0.75,0.0,0.04,-0.36,-0.0,-0.12,0.06,197.74,189.0,0.0,0.0,0.0,0.0
1776356772997818357,21724,0.0,0.9,0.012,0.3,-0.06,-0.08,0.06,-4.94,0.75,0.02,0.02,-0.38,-0.06,0.12,0.06,193.45,189.0,0.0,0.0,0.0,0.0
1776356773076353795,21825,0.0,0.9,0.0,0.2,0.06,-0.04,0.06,-4.94,0.75,0.01,0.03,-0.38,-0.0,0.06,-0.06,201.86,199.0,0.0,0.0,0.0,0.0
1776356773174610301,21924,0.0,1.0,0.044,0.3,-0.04,-0.04,0.06,-4.94,0.75,-0.01,0.03,-0.38,-0.0,-0.0,-0.06,200.83,199.0,0.0,0.0,0.0,0.0
1776356773277026851,22024,0.0,0.7,0.056,0.3,-0.12,-0.1,0.06,-4.94,0.75,0.0,0.04,-0.38,0.06,-0.0,0.0,197.74,192.0,0.0,0.0,0.0,0.0
1776356773375302579,22124,0.0,0.9,0.036,0.3,0.02,-0.02,0.06,-4.94,0.75,0.02,0.02,-0.36,0.12,-0.06,0.0,205.97,181.0,0.0,0.0,0.0,0.0
1776356773473588122,22223,0.0,0.9,0.0,1.4,-0.08,0.0,0.06,-4.94,0.75,0.0,0.02,-0.39,-0.0,0.12,-0.06,206.14,181.0,0.0,0.0,0.0,0.0
1776356773575995765,22324,0.0,1.2,0.024,0.3,0.0,-0.1,0.06,-4.94,0.75,0.0,0.03,-0.37,0.06,0.06,0.12,201.86,185.0,0.0,0.0,0.0,0.0
1776356773674282474,22424,0.0,1.2,0.02,0.2,0.02,0.0,0.06,-4.94,0.75,0.0,0.04,-0.38,-0.06,0.06,0.0,192.94,193.0,0.0,0.0,0.0,0.0
1776356773808578452,22524,0.0,1.2,0.016,0.3,0.06,-0.04,0.06,-4.94,0.75,0.0,0.04,-0.4,0.12,-0.06,-0.06,197.57,193.0,0.0,0.0,0.0,0.0
1776356773875004122,22624,0.0,1.4,0.012,0.1,-0.14,0.02,0.06,-4.94,0.75,0.01,0.03,-0.38,-0.0,0.06,0.0,201.86,189.0,0.0,0.0,0.0,0.0
1776356773977419524,22724,0.0,1.2,0.02,0.3,-0.14,0.02,0.06,-4.94,0.75,0.01,0.04,-0.38,0.06,0.06,0.06,192.94,190.0,0.0,0.0,0.0,0.0
1776356774075724578,22824,0.0,1.2,0.004,0.5,0.0,-0.06,0.06,-4.94,0.75,0.0,0.01,-0.37,0.06,-0.0,0.0,192.94,190.0,0.0,0.0,0.0,0.0
1776356774178109582,22924,0.0,1.2,0.0,1.4,-0.1,-0.04,0.06,-4.94,0.75,0.01,0.04,-0.36,-0.0,0.06,0.0,201.86,193.0,0.0,0.0,0.0,0.0
1776356774276403357,23024,0.0,0.7,0.056,0.1,-0.06,-0.12,0.06,-4.94,0.75,0.0,0.03,-0.37,-0.06,-0.0,0.06,191.91,185.0,0.0,0.0,0.0,0.0
1776356774374708243,23124,0.0,0.2,0.0,1.3,-0.04,-0.08,0.06,-4.94,0.75,0.0,0.03,-0.37,0.12,-0.0,0.06,204.94,185.0,0.0,0.0,0.0,0.0
1776356774477064562,23224,0.0,0.2,0.0,1.6,-0.02,-0.04,0.06,-4.94,0.75,0.0,0.02,-0.4,-0.19,-0.06,0.12,192.94,195.0,0.0,0.0,0.0,0.0
1776356774575354096,23324,0.0,0.3,0.0,1.3,-0.1,-0.08,0.06,-4.94,0.75,0.0,0.03,-0.4,-0.06,-0.12,0.06,192.94,195.0,0.0,0.0,0.0,0.0
1776356774677796006,23425,0.0,0.3,0.0,1.6,-0.21,0.1,0.06,-4.94,0.75,0.01,0.03,-0.39,-0.0,0.06,0.06,197.05,182.0,0.0,0.0,0.0,0.0
1776356774776078355,23525,0.0,1.2,0.012,0.5,-0.04,-0.12,0.06,-4.94,0.75,0.0,0.03,-0.39,0.06,-0.19,0.0,196.02,194.0,0.0,0.0,0.0,0.0
1776356774878485303,23625,0.0,0.2,0.0,1.0,0.04,-0.14,0.06,-4.94,0.75,0.0,0.03,-0.38,-0.0,-0.12,0.0,192.94,194.0,0.0,0.0,0.0,0.0
1776356774976793707,23725,0.0,0.4,0.0,1.0,0.16,0.04,0.06,-4.94,0.75,0.0,0.03,-0.37,-0.0,-0.06,-0.12,197.05,179.0,0.0,0.0,0.0,0.0
1776356775079177778,23825,0.0,0.3,0.0,1.4,0.02,-0.06,0.06,-4.94,0.75,0.0,0.03,-0.4,0.06,-0.19,0.0,192.94,198.0,0.0,0.0,0.0,0.0
1776356775177467878,23924,0.0,0.2,0.0,1.4,0.04,0.04,0.06,-4.94,0.75,0.01,0.03,-0.4,-0.12,0.06,0.12,192.94,198.0,0.0,0.0,0.0,0.0
1776356775275759996,24024,0.004,0.1,0.06,0.6,0.21,-0.16,0.06,-4.94,0.75,0.0,0.04,-0.39,-0.12,-0.06,-0.06,197.05,193.0,0.0,0.0,0.0,0.0
1776356775378171397,24125,0.0,1.3,0.04,0.3,0.0,-0.08,0.06,-4.94,0.75,0.0,0.05,-0.37,-0.0,-0.0,0.06,188.14,193.0,0.0,0.0,0.0,0.0
1776356775476370758,24225,0.0,1.3,0.028,0.5,-0.04,-0.08,0.06,-4.94,0.75,0.0,0.02,-0.37,-0.0,-0.06,0.0,188.31,195.0,0.0,0.0,0.0,0.0
1776356775578823843,24326,0.0,1.4,0.028,0.4,-0.06,-0.04,0.06,-4.94,0.75,-0.01,0.02,-0.39,-0.0,0.12,0.06,197.05,193.0,0.0,0.0,0.0,0.0
1776356775677172904,24426,0.0,1.1,0.028,0.6,0.06,0.0,0.06,-4.94,0.75,0.01,0.03,-0.39,-0.0,-0.0,0.0,192.77,193.0,0.0,0.0,0.0,0.0
1776356775779561843,24525,0.0,1.1,0.012,0.2,0.06,-0.1,0.06,-4.94,0.75,0.0,0.03,-0.37,-0.19,-0.0,-0.06,192.94,198.0,0.0,0.0,0.0,0.0
1776356775877839425,24626,0.0,1.1,0.012,0.4,-0.08,-0.04,0.06,-4.94,0.75,0.0,0.04,-0.38,-0.0,0.06,-0.12,197.57,190.0,0.0,0.0,0.0,0.0
1776356775980246734,24727,0.0,1.2,0.0,1.0,0.02,-0.1,0.06,-4.94,0.75,0.0,0.03,-0.4,-0.06,-0.06,-0.06,197.74,190.0,0.0,0.0,0.0,0.0
1776356776078538660,24826,0.0,0.6,0.012,0.2,0.08,-0.18,0.06,-4.94,0.75,0.01,0.04,-0.38,-0.06,-0.06,-0.06,210.77,196.0,0.0,0.0,0.0,0.0
1776356776180940090,24926,0.0,0.7,0.056,0.3,-0.04,0.02,0.06,-4.94,0.75,0.01,0.03,-0.41,-0.0,-0.06,0.12,197.74,190.0,0.0,0.0,0.0,0.0
1776356776279245476,25026,0.0,0.2,0.0,1.2,0.0,0.0,0.06,-4.94,0.75,0.0,0.01,-0.39,-0.06,-0.19,-0.06,223.98,190.0,0.0,0.0,0.0,0.0
1776356776377538826,25125,0.0,0.2,0.0,1.0,-0.04,-0.04,0.06,-4.94,0.75,0.01,0.04,-0.41,0.06,0.19,0.0,210.77,186.0,0.0,0.0,0.0,0.0
1776356776479913997,25225,0.0,0.2,0.0,1.1,0.14,-0.06,0.06,-4.94,0.75,0.01,0.03,-0.38,0.06,0.25,0.19,228.1,195.0,0.0,0.0,0.0,0.0
1776356776578190254,25325,0.0,0.0,0.0,0.9,0.06,-0.08,0.06,-4.94,0.75,0.0,0.03,-0.37,0.06,0.06,-0.12,206.66,195.0,0.0,0.0,0.0,0.0
1776356776676515900,25424,0.0,0.1,0.0,0.9,-0.02,0.02,0.06,-4.94,0.75,0.02,0.05,-0.4,0.06,-0.06,0.0,197.74,183.0,0.0,0.0,0.0,0.0
1776356776778956106,25524,0.0,0.3,0.0,1.5,0.06,-0.12,0.06,-4.94,0.75,-0.01,0.04,-0.4,0.06,-0.0,0.12,210.77,183.0,0.0,0.0,0.0,0.0
1776356777068549391,25624,0.0,0.3,0.0,1.3,-0.06,0.02,0.06,-4.94,0.75,0.01,0.03,-0.41,-0.06,-0.0,0.06,210.77,201.0,0.0,0.0,0.0,0.0
1776356777081128606,25724,0.0,1.1,0.012,0.4,0.04,-0.08,0.06,-4.94,0.75,0.01,0.04,-0.38,0.06,0.12,0.0,205.97,194.0,0.0,0.0,0.0,0.0
1776356777093768893,25824,0.0,1.2,0.004,0.3,-0.04,-0.08,0.06,-4.94,0.75,0.0,0.04,-0.42,-0.0,-0.0,0.06,210.77,194.0,0.0,0.0,0.0,0.0
1776356777188202020,25924,0.0,0.1,0.0,1.1,0.06,-0.06,0.06,-4.94,0.75,0.0,0.02,-0.41,-0.06,0.06,-0.19,11932.11,181.0,0.0,0.0,0.0,0.0
1776356777280520487,26024,0.0,0.2,0.052,0.5,0.04,-0.08,0.06,-4.94,0.75,-0.02,0.03,-0.39,-0.06,0.06,-0.06,11932.11,195.0,0.0,0.0,0.0,0.0
1776356777376981627,26124,0.0,0.6,0.0,1.2,-0.02,0.06,0.06,-4.94,0.75,0.01,0.02,-0.39,0.06,-0.0,0.06,11932.97,192.0,0.0,0.0,0.0,0.0
1776356777479255031,26224,0.0,1.3,0.04,0.5,-0.08,0.04,0.06,-4.94,0.75,0.0,0.03,-0.4,-0.06,-0.06,0.0,11932.63,192.0,0.0,0.0,0.0,0.0
1776356777577560242,26324,0.0,1.3,0.024,0.3,-0.04,0.0,0.06,-4.94,0.75,0.0,0.03,-0.4,-0.06,0.12,0.0,206.66,192.0,0.0,0.0,0.0,0.0
1776356777681911251,26424,0.0,0.3,0.0,1.3,0.02,-0.04,0.06,-4.94,0.75,0.0,0.01,-0.39,-0.06,-0.0,0.0,11934.68,193.0,0.0,0.0,0.0,0.0
1776356777780204518,26524,0.0,0.2,0.0,1.1,-0.02,-0.04,0.06,-4.94,0.75,-0.01,0.04,-0.38,-0.0,-0.0,0.06,11933.83,199.0,0.0,0.0,0.0,0.0
1776356777882625642,26625,0.0,0.2,0.0,1.0,-0.06,-0.08,0.06,-4.94,0.75,0.01,0.02,-0.44,-0.0,0.12,0.0,11931.08,199.0,0.0,0.0,0.0,0.0
1776356777980986870,26725,0.0,0.2,0.0,0.9,0.08,-0.06,0.06,-4.94,0.75,0.01,0.04,-0.41,-0.0,-0.19,0.0,11932.45,199.0,0.0,0.0,0.0,0.0
1776356778081381956,26825,0.0,0.7,0.004,0.2,-0.02,-0.08,0.06,-4.94,0.75,0.0,0.03,-0.4,-0.0,-0.19,0.06,218.66,194.0,0.0,0.0,0.0,0.0
1776356778181610303,26926,0.0,0.7,0.0,1.4,0.0,-0.12,0.06,-4.94,0.75,0.0,0.01,-0.39,-0.12,-0.12,-0.19,11931.94,186.0,0.0,0.0,0.0,0.0
1776356778282142477,27026,0.0,0.1,0.0,1.0,-0.02,0.0,0.06,-4.94,0.75,-0.01,0.04,-0.41,-0.06,0.19,0.06,206.49,186.0,0.0,0.0,0.0,0.0
1776356778380391477,27126,0.0,1.3,0.04,0.3,0.1,-0.04,0.06,-4.94,0.75,0.03,0.01,-0.39,0.06,0.06,0.0,223.81,186.0,0.0,0.0,0.0,0.0
1776356778482765241,27226,0.0,1.4,0.028,0.3,0.06,-0.08,0.06,-4.94,0.75,-0.01,0.03,-0.4,-0.12,0.12,0.0,209.74,189.0,0.0,0.0,0.0,0.0
1776356778581031074,27327,0.0,1.2,0.0,0.2,-0.06,-0.02,0.06,-4.94,0.75,0.0,0.02,-0.4,0.12,-0.06,-0.06,213.86,191.0,0.0,0.0,0.0,0.0
1776356778683457725,27427,0.0,1.0,0.0,1.4,0.02,-0.16,0.06,-4.94,0.75,0.0,0.02,-0.43,-0.06,-0.0,0.06,215.06,191.0,0.0,0.0,0.0,0.0
1776356778783676980,27527,0.0,0.4,0.0,1.4,-0.06,-0.04,0.06,-4.94,0.75,0.01,0.03,-0.4,0.19,-0.06,-0.06,11934.17,180.0,0.0,0.0,0.0,0.0
1776356778892078837,27627,0.0,1.2,0.004,0.5,-0.06,-0.08,0.06,-4.94,0.75,0.0,0.02,-0.42,-0.0,-0.0,0.0,11935.37,201.0,0.0,0.0,0.0,0.0
1776356778990370929,27727,0.0,1.2,0.008,0.2,-0.02,-0.1,0.06,-4.94,0.75,0.02,0.02,-0.4,-0.0,-0.0,0.0,11933.14,192.0,0.0,0.0,0.0,0.0
1776356779082742214,27827,0.0,1.3,0.02,0.2,-0.06,-0.14,0.06,-4.94,0.75,0.0,0.02,-0.39,0.12,-0.12,0.06,11934.0,192.0,0.0,0.0,0.0,0.0
1776356779191079230,27926,0.0,0.4,0.0,0.9,0.06,-0.02,0.06,-4.94,0.75,0.01,0.04,-0.38,0.06,0.12,0.0,11933.66,190.0,0.0,0.0,0.0,0.0
1776356779283367072,28026,0.0,0.7,0.056,0.3,-0.06,-0.08,0.06,-4.94,0.75,-0.01,0.04,-0.41,0.06,0.12,0.06,11932.8,205.0,0.0,0.0,0.0,0.0
1776356779379750881,28126,0.0,0.8,0.0,1.3,0.04,-0.2,0.06,-4.94,0.75,0.0,0.04,-0.39,-0.0,0.19,0.06,11934.68,205.0,0.0,0.0,0.0,0.0
1776356779482091025,28226,0.0,0.3,0.0,0.3,-0.02,-0.1,0.06,-4.94,0.75,0.0,-0.0,-0.38,0.06,-0.0,0.0,11934.17,198.0,0.0,0.0,0.0,0.0
1776356779582360177,28326,0.0,0.7,0.0,1.0,-0.06,-0.12,0.06,-4.94,0.75,-0.01,0.03,-0.42,0.06,-0.0,-0.06,11933.48,196.0,0.0,0.0,0.0,0.0
1776356779690735285,28426,0.0,0.2,0.0,0.5,0.08,-0.16,0.06,-4.94,0.75,0.01,0.03,-0.38,-0.0,-0.06,0.06,11933.66,196.0,0.0,0.0,0.0,0.0
1776356779783046071,28526,0.0,0.6,0.02,0.1,0.04,0.06,0.06,-4.94,0.75,0.0,0.03,-0.39,-0.0,0.06,0.06,11931.43,192.0,0.0,0.0,0.0,0.0
1776356779891453678,28626,0.0,0.7,0.016,0.5,0.06,0.06,0.06,-4.94,0.75,0.02,0.02,-0.39,-0.0,0.19,0.12,11933.66,192.0,0.0,0.0,0.0,0.0
1776356779981818875,28726,0.0,0.3,0.012,0.5,-0.2,-0.02,0.06,-4.94,0.75,0.0,0.04,-0.37,0.06,0.12,0.06,219.69,205.0,0.0,0.0,0.0,0.0
1776356780348555984,28826,0.0,1.0,0.0,1.1,0.0,0.0,0.06,-4.94,0.75,0.0,0.04,-0.39,-0.12,-0.0,0.0,11932.45,186.0,0.0,0.0,0.0,0.0
1776356780375016342,28926,0.0,0.3,0.0,1.3,0.08,-0.12,0.06,-4.94,0.75,0.02,0.04,-0.36,-0.0,0.19,0.06,11933.66,186.0,0.0,0.0,0.0,0.0
1776356780379330675,29026,0.0,0.3,0.0,0.9,-0.1,-0.21,0.06,-4.94,0.75,-0.01,0.04,-0.37,-0.06,-0.12,-0.06,11934.34,201.0,0.0,0.0,0.0,0.0
1776356780383222739,29126,0.0,0.6,0.0,1.6,0.0,0.16,0.06,-4.94,0.75,0.0,0.02,-0.38,-0.0,-0.06,0.0,11933.66,195.0,0.0,0.0,0.0,0.0
1776356780481485259,29227,0.0,0.1,0.0,1.4,-0.02,-0.1,0.06,-4.94,0.75,0.0,0.03,-0.4,0.12,-0.12,-0.06,11934.51,195.0,0.0,0.0,0.0,0.0
1776356780585758261,29327,0.0,0.2,0.0,1.3,-0.12,0.1,0.06,-4.94,0.75,0.01,0.02,-0.4,-0.0,-0.12,-0.06,11935.54,191.0,0.0,0.0,0.0,0.0
1776356780684114371,29427,0.0,0.1,0.0,1.4,0.04,-0.06,0.06,-4.94,0.75,0.02,0.02,-0.37,0.06,0.06,0.06,11934.17,189.0,0.0,0.0,0.0,0.0
1776356780792530099,29527,0.0,0.3,0.0,1.3,-0.06,-0.06,0.06,-4.94,0.75,0.0,0.01,-0.39,0.06,0.06,0.06,11934.17,189.0,0.0,0.0,0.0,0.0
1776356780896555087,29627,0.0,0.4,0.0,1.3,-0.08,0.04,0.06,-4.94,0.75,0.0,0.03,-0.39,-0.06,-0.0,0.06,11934.0,190.0,0.0,0.0,0.0,0.0
1776356780993144013,29727,0.0,-0.1,0.0,1.3,0.04,-0.18,0.06,-4.94,0.75,0.02,0.01,-0.39,0.06,0.06,0.12,11934.17,190.0,0.0,0.0,0.0,0.0
1776356781085452931,29828,0.0,1.1,0.008,0.3,-0.02,-0.08,0.06,-4.94,0.75,0.0,0.04,-0.38,-0.0,-0.12,0.0,11934.86,193.0,0.0,0.0,0.0,0.0
1776356781193899390,29928,0.0,0.2,0.0,1.1,-0.06,-0.14,0.06,-4.94,0.75,0.01,0.03,-0.38,-0.06,-0.06,-0.06,11934.34,199.0,0.0,0.0,0.0,0.0
1776356781284276774,30028,0.0,0.2,0.0,1.1,-0.02,-0.08,0.06,-4.94,0.75,0.0,0.02,-0.36,-0.19,0.06,0.06,209.74,199.0,0.0,0.0,0.0,0.0
1776356781386670974,30129,0.0,0.1,0.048,0.2,0.12,0.0,0.06,-4.94,0.75,0.0,0.03,-0.37,-0.06,-0.0,-0.06,11933.83,190.0,0.0,0.0,0.0,0.0
1776356781484922727,30229,0.0,1.2,0.036,0.2,-0.04,0.04,0.06,-4.94,0.75,0.0,0.03,-0.38,0.12,-0.06,0.0,223.81,190.0,0.0,0.0,0.0,0.0
1776356781583186497,30328,0.0,1.0,0.028,0.7,-0.08,-0.12,0.06,-4.94,0.75,0.0,0.03,-0.37,-0.0,0.06,0.06,209.74,194.0,0.0,0.0,0.0,0.0
1776356781685663158,30429,0.0,0.9,0.024,0.3,-0.04,-0.06,0.06,-4.94,0.75,0.0,0.02,-0.37,-0.06,-0.0,0.0,214.89,194.0,0.0,0.0,0.0,0.0
1776356781792561483,30529,0.0,0.9,0.028,0.5,-0.1,-0.14,0.06,-4.94,0.75,0.02,0.03,-0.41,0.06,-0.06,0.0,214.89,184.0,0.0,0.0,0.0,0.0
1776356781886353683,30628,0.0,0.4,0.0,1.7,0.02,-0.1,0.06,-4.94,0.75,0.0,0.03,-0.42,-0.12,-0.06,0.0,214.89,191.0,0.0,0.0,0.0,0.0
1776356781984649268,30728,0.0,1.5,0.008,0.2,0.08,-0.12,0.06,-4.94,0.75,0.01,0.04,-0.4,-0.0,-0.0,-0.06,201.86,191.0,0.0,0.0,0.0,0.0
1776356782087041646,30828,0.0,1.2,0.004,0.4,0.0,-0.18,0.06,-4.94,0.75,0.0,0.05,-0.38,-0.0,0.12,0.0,200.83,192.0,0.0,0.0,0.0,0.0
1776356782185348685,30928,0.0,1.2,0.044,0.3,-0.02,0.0,0.06,-4.94,0.75,0.0,0.03,-0.39,-0.12,0.06,-0.06,201.86,200.0,0.0,0.0,0.0,0.0
1776356782287738006,31028,0.0,1.4,0.0,1.0,-0.08,0.02,0.06,-4.94,0.75,0.01,0.03,-0.36,0.12,-0.06,-0.06,202.03,200.0,0.0,0.0,0.0,0.0
1776356782386015064,31128,0.0,0.4,0.0,1.1,0.02,-0.08,0.06,-4.94,0.75,0.0,0.03,-0.38,-0.06,0.06,0.06,201.86,183.0,0.0,0.0,0.0,0.0
1776356782484287048,31227,0.0,0.3,0.0,1.4,-0.14,-0.06,0.06,-4.94,0.75,0.01,0.02,-0.35,0.06,0.06,0.0,201.86,187.0,0.0,0.0,0.0,0.0
1776356782586694535,31327,0.0,1.3,0.032,0.3,-0.18,-0.18,0.06,-4.94,0.75,-0.02,0.05,-0.39,0.06,-0.12,-0.06,205.97,187.0,0.0,0.0,0.0,0.0
1776356782685039610,31427,0.0,0.2,0.0,0.8,-0.1,0.04,0.06,-4.94,0.75,0.01,0.02,-0.36,-0.12,0.12,0.0,219.18,190.0,0.0,0.0,0.0,0.0
1776356782783329835,31527,0.0,1.1,0.016,0.2,0.12,-0.14,0.06,-4.94,0.75,0.0,0.02,-0.38,0.06,-0.0,-0.06,205.97,191.0,0.0,0.0,0.0,0.0
1776356782885710915,31627,0.0,1.0,0.024,0.1,-0.02,-0.16,0.06,-4.94,0.75,0.0,0.02,-0.38,-0.0,0.06,0.06,204.94,191.0,0.0,0.0,0.0,0.0
1776356782984017399,31727,0.0,0.6,0.012,0.6,0.02,-0.02,0.06,-4.94,0.75,0.02,0.03,-0.37,0.06,0.25,0.06,227.92,192.0,0.0,0.0,0.0,0.0
1776356783084231297,31826,0.0,0.2,0.0,1.3,0.14,-0.12,0.06,-4.94,0.75,0.01,0.03,-0.38,-0.06,-0.06,-0.06,11933.14,191.0,0.0,0.0,0.0,0.0
1776356783192628053,31926,0.0,1.0,0.048,0.1,-0.14,0.02,0.06,-4.94,0.75,0.01,0.03,-0.39,-0.0,0.12,0.0,11935.89,191.0,0.0,0.0,0.0,0.0
1776356783283022218,32026,0.0,1.4,0.0,1.1,-0.04,0.06,0.06,-4.94,0.75,0.0,0.03,-0.37,0.06,0.19,0.06,214.89,189.0,0.0,0.0,0.0,0.0
1776356783381254788,32125,0.0,1.0,0.036,0.6,0.0,-0.02,0.06,-4.94,0.75,0.02,0.03,-0.37,-0.06,0.06,-0.06,214.89,189.0,0.0,0.0,0.0,0.0
1776356783483664988,32225,0.0,0.9,0.032,0.2,0.23,-0.02,0.06,-4.94,0.75,0.01,0.01,-0.4,-0.0,-0.0,0.0,202.03,186.0,0.0,0.0,0.0,0.0
1776356783581995537,32325,0.0,0.1,0.0,1.4,-0.02,0.12,0.06,-4.94,0.75,-0.01,0.03,-0.38,0.12,0.12,-0.06,206.14,198.0,0.0,0.0,0.0,0.0
1776356783684400608,32425,0.0,0.1,0.02,0.5,-0.02,0.06,0.06,-4.94,0.75,0.01,0.02,-0.38,0.06,-0.12,0.0,206.14,198.0,0.0,0.0,0.0,0.0
1776356783782696306,32525,0.0,0.3,0.0,1.0,0.12,-0.08,0.06,-4.94,0.75,0.01,0.05,-0.37,-0.0,-0.0,-0.12,219.18,210.0,0.0,0.0,0.0,0.0
1776356783880959893,32625,0.0,0.2,0.0,1.2,0.0,-0.14,0.06,-4.94,0.75,0.01,0.04,-0.37,-0.0,-0.0,-0.06,215.06,210.0,0.0,0.0,0.0,0.0
1776356783983392223,32724,0.0,0.3,0.0,1.0,-0.06,-0.02,0.06,-4.94,0.75,0.0,0.05,-0.37,-0.06,-0.12,-0.06,215.06,197.0,0.0,0.0,0.0,0.0
1776356784081659618,32824,0.0,0.7,0.012,0.2,0.04,0.0,0.06,-4.94,0.75,0.02,0.04,-0.38,-0.0,0.06,0.0,213.86,196.0,0.0,0.0,0.0,0.0
1776356784184070069,32925,0.0,0.6,0.0,1.3,-0.04,-0.16,0.06,-4.94,0.75,0.0,0.05,-0.39,-0.0,-0.0,-0.06,215.06,196.0,0.0,0.0,0.0,0.0
1776356784388554924,33025,0.0,0.2,0.0,1.3,-0.16,-0.1,0.06,-4.94,0.75,0.0,0.04,-0.39,-0.06,0.06,0.06,11935.03,192.0,0.0,0.0,0.0,0.0
1776356784393150620,33125,0.0,0.1,0.0,0.9,0.0,0.02,0.06,-4.94,0.75,0.01,0.04,-0.41,-0.0,0.06,0.0,11935.71,203.0,0.0,0.0,0.0,0.0
1776356784483023919,33225,0.0,0.9,0.024,0.5,0.02,-0.1,0.06,-4.94,0.75,0.0,0.03,-0.37,0.06,0.06,0.06,232.21,203.0,0.0,0.0,0.0,0.0
1776356784593359771,33325,0.0,0.7,0.024,0.3,-0.02,-0.06,0.06,-4.94,0.75,0.0,0.04,-0.38,-0.0,0.06,0.0,11934.0,192.0,0.0,0.0,0.0,0.0
1776356784691697071,33425,0.0,0.8,0.02,0.5,-0.02,-0.1,0.06,-4.94,0.75,0.0,0.02,-0.38,-0.0,-0.06,0.12,11937.09,193.0,0.0,0.0,0.0,0.0
1776356784968561865,33525,0.0,0.8,0.012,0.2,0.04,-0.21,0.06,-4.94,0.75,0.0,0.04,-0.4,-0.0,0.12,0.06,11934.86,193.0,0.0,0.0,0.0,0.0
1776356784981285551,33625,0.0,0.9,0.012,0.3,0.0,-0.06,0.06,-4.94,0.75,0.0,0.04,-0.36,-0.06,0.25,0.0,215.06,193.0,0.0,0.0,0.0,0.0
1776356784993848962,33725,0.0,0.8,0.004,0.5,-0.14,-0.02,0.06,-4.94,0.75,0.0,0.02,-0.37,0.12,-0.06,0.0,11934.34,190.0,0.0,0.0,0.0,0.0
1776356785093041568,33825,0.0,0.9,0.016,0.2,-0.14,0.02,0.06,-4.94,0.75,0.03,0.04,-0.38,-0.06,-0.0,0.0,11933.31,192.0,0.0,0.0,0.0,0.0
1776356785191333935,33925,0.0,0.6,0.048,0.5,-0.08,-0.06,0.06,-4.94,0.75,0.0,0.04,-0.37,-0.0,0.19,0.06,11937.6,192.0,0.0,0.0,0.0,0.0
1776356785293777544,34025,0.0,1.1,0.0,0.3,-0.1,-0.02,0.06,-4.94,0.75,0.0,0.01,-0.39,-0.0,-0.12,0.0,11934.68,200.0,0.0,0.0,0.0,0.0
1776356785384163583,34125,0.0,1.2,0.052,0.6,0.06,-0.12,0.06,-4.94,0.75,0.01,0.02,-0.4,0.06,-0.12,0.0,11935.71,200.0,0.0,0.0,0.0,0.0
1776356785492509692,34226,0.0,1.2,0.032,0.5,-0.14,0.02,0.06,-4.94,0.75,-0.01,0.04,-0.36,-0.06,0.06,0.0,11933.83,192.0,0.0,0.0,0.0,0.0
1776356785592755868,34326,0.0,0.3,0.0,1.0,-0.02,-0.14,0.06,-4.94,0.75,0.03,0.03,-0.39,-0.06,-0.0,0.06,11935.2,209.0,0.0,0.0,0.0,0.0
1776356785687219466,34426,0.0,0.3,0.0,0.9,0.06,-0.02,0.06,-4.94,0.75,-0.01,0.05,-0.4,0.06,0.06,-0.06,11933.14,209.0,0.0,0.0,0.0,0.0
1776356785812553703,34527,0.0,1.0,0.012,0.5,-0.04,-0.04,0.06,-4.94,0.75,0.01,0.04,-0.37,-0.06,-0.06,0.06,11934.86,198.0,0.0,0.0,0.0,0.0
1776356785895851194,34627,0.0,0.9,0.012,0.4,0.12,-0.1,0.06,-4.94,0.75,0.0,0.04,-0.38,0.06,-0.12,0.0,11932.63,197.0,0.0,0.0,0.0,0.0
1776356785994112172,34727,0.0,1.0,0.012,0.5,-0.06,-0.16,0.06,-4.94,0.75,-0.02,0.02,-0.39,-0.0,-0.12,-0.06,11934.86,197.0,0.0,0.0,0.0,0.0
1776356786096536626,34827,0.0,0.3,0.0,1.2,-0.18,0.02,0.06,-4.94,0.75,0.01,0.03,-0.36,-0.06,-0.19,0.06,11935.37,194.0,0.0,0.0,0.0,0.0
1776356786194802670,34927,0.0,0.3,0.0,0.9,0.14,-0.1,0.06,-4.94,0.75,0.0,0.03,-0.35,-0.19,0.06,-0.06,11935.2,198.0,0.0,0.0,0.0,0.0
1776356786287244249,35027,0.0,0.4,0.0,0.5,-0.02,-0.1,0.06,-4.94,0.75,0.0,0.04,-0.36,-0.12,-0.0,-0.06,11937.26,198.0,0.0,0.0,0.0,0.0
1776356786387606470,35127,0.0,0.9,0.036,0.3,-0.04,-0.1,0.06,-4.94,0.75,0.01,0.03,-0.36,-0.0,-0.06,-0.06,11935.2,194.0,0.0,0.0,0.0,0.0
1776356786485851292,35227,0.0,0.2,0.0,1.0,-0.04,0.0,0.06,-4.94,0.75,0.01,0.02,-0.39,-0.0,-0.12,0.06,11935.03,194.0,0.0,0.0,0.0,0.0
1776356786596195904,35326,0.0,-0.1,0.0,0.9,0.0,-0.08,0.06,-4.94,0.75,0.03,0.03,-0.36,-0.19,0.06,0.06,11933.66,198.0,0.0,0.0,0.0,0.0
1776356786686600732,35426,0.0,0.1,0.0,1.2,-0.06,0.0,0.06,-4.94,0.75,0.0,0.03,-0.38,-0.06,0.12,0.0,215.06,198.0,0.0,0.0,0.0,0.0
1776356786792560903,35526,0.0,0.3,0.0,0.9,-0.08,-0.06,0.06,-4.94,0.75,0.02,0.03,-0.36,0.12,-0.0,-0.06,201.86,193.0,0.0,0.0,0.0,0.0
1776356786887290580,35625,0.0,0.1,0.0,1.2,0.02,0.0,0.06,-4.94,0.75,0.02,0.03,-0.39,0.06,0.06,-0.06,201.86,199.0,0.0,0.0,0.0,0.0
1776356786985590605,35726,0.0,0.9,0.016,0.6,-0.06,0.1,0.06,-4.94,0.75,-0.01,0.02,-0.39,-0.06,0.06,0.0,201.86,199.0,0.0,0.0,0.0,0.0
1776356787087988940,35826,0.0,0.6,0.0,1.5,-0.12,0.0,0.06,-4.94,0.75,0.01,0.02,-0.41,0.12,-0.0,0.0,201.86,191.0,0.0,0.0,0.0,0.0
1776356787186274809,35927,0.0,1.4,0.052,0.0,0.1,-0.04,0.06,-4.94,0.75,0.01,0.03,-0.38,-0.06,0.12,0.12,201.86,187.0,0.0,0.0,0.0,0.0
1776356787288693457,36027,0.0,0.1,0.056,0.6,-0.16,-0.08,0.06,-4.94,0.75,0.0,0.03,-0.39,-0.0,0.06,-0.06,197.74,187.0,0.0,0.0,0.0,0.0
1776356787386959771,36128,0.0,0.7,0.04,0.4,-0.1,-0.08,0.06,-4.94,0.75,-0.01,0.02,-0.39,0.06,-0.12,0.06,197.57,193.0,0.0,0.0,0.0,0.0
1776356787489360364,36228,0.0,0.6,0.0,1.1,-0.12,-0.08,0.06,-4.94,0.75,0.01,0.05,-0.39,-0.06,0.12,0.0,210.77,193.0,0.0,0.0,0.0,0.0
1776356787587629825,36329,0.0,0.3,0.0,0.3,0.0,-0.02,0.06,-4.94,0.75,0.0,0.02,-0.42,-0.06,0.12,-0.06,210.77,197.0,0.0,0.0,0.0,0.0
1776356787690049770,36428,0.0,1.3,0.024,0.5,0.02,-0.12,0.06,-4.94,0.75,0.0,0.04,-0.36,0.06,-0.12,-0.06,205.63,184.0,0.0,0.0,0.0,0.0
1776356787792464196,36529,0.0,1.3,0.016,0.3,-0.04,-0.06,0.06,-4.94,0.75,0.0,0.04,-0.39,0.06,-0.06,0.0,209.74,184.0,0.0,0.0,0.0,0.0
1776356787890744935,36630,0.0,0.2,0.0,1.0,0.04,-0.06,0.06,-4.94,0.75,0.01,0.04,-0.38,-0.0,-0.12,0.0,210.94,200.0,0.0,0.0,0.0,0.0
1776356787989044766,36729,0.0,0.8,0.024,0.3,0.06,-0.06,0.06,-4.94,0.75,0.0,0.03,-0.4,-0.12,0.19,0.06,202.03,193.0,0.0,0.0,0.0,0.0
1776356788091449500,36829,0.0,0.9,0.004,0.5,0.14,0.04,0.06,-4.94,0.75,0.0,0.04,-0.36,-0.0,-0.19,-0.06,197.74,193.0,0.0,0.0,0.0,0.0
1776356788189730935,36930,0.0,0.7,0.056,0.7,0.0,-0.12,0.06,-4.94,0.75,0.02,0.03,-0.36,-0.0,0.06,0.12,200.83,198.0,0.0,0.0,0.0,0.0
1776356788292140390,37030,0.0,0.6,0.056,0.3,0.02,-0.04,0.06,-4.94,0.75,0.0,0.03,-0.38,-0.06,-0.0,0.06,210.94,192.0,0.0,0.0,0.0,0.0
1776356788390412381,37130,0.0,1.0,0.0,1.2,0.02,-0.14,0.06,-4.94,0.75,0.0,0.03,-0.37,-0.0,-0.06,0.06,197.74,192.0,0.0,0.0,0.0,0.0
1776356788498734371,37230,0.0,0.3,0.0,1.3,0.0,-0.06,0.06,-4.94,0.75,0.01,0.03,-0.37,0.12,0.06,0.0,214.89,192.0,0.0,0.0,0.0,0.0
1776356788591124344,37329,0.0,0.2,0.0,1.3,-0.06,-0.12,0.06,-4.94,0.75,0.01,0.04,-0.39,-0.06,-0.0,-0.12,201.86,192.0,0.0,0.0,0.0,0.0
1776356788689418557,37429,0.0,0.2,0.0,1.2,0.04,-0.1,0.06,-4.94,0.75,0.02,0.05,-0.37,-0.06,0.12,0.06,201.86,199.0,0.0,0.0,0.0,0.0
1776356788791819660,37529,0.0,0.1,0.0,1.3,-0.14,0.04,0.06,-4.94,0.75,0.0,0.04,-0.4,-0.12,-0.0,0.06,200.83,188.0,0.0,0.0,0.0,0.0
1776356788890111261,37629,0.0,0.4,0.0,1.3,-0.08,-0.1,0.06,-4.94,0.75,0.01,0.03,-0.39,-0.0,-0.0,-0.06,201.86,188.0,0.0,0.0,0.0,0.0
1776356789016550183,37729,0.0,1.4,0.02,0.3,0.0,0.02,0.06,-4.94,0.75,0.01,0.04,-0.39,-0.06,0.06,0.0,192.94,196.0,0.0,0.0,0.0,0.0
1776356789090816125,37829,0.0,0.0,0.0,1.1,0.1,-0.04,0.06,-4.94,0.75,0.02,0.03,-0.4,-0.0,-0.0,-0.06,197.05,192.0,0.0,0.0,0.0,0.0
1776356789190983010,37928,0.0,0.1,0.0,0.9,0.02,-0.1,0.06,-4.94,0.75,0.0,0.05,-0.38,-0.06,-0.06,0.06,11932.45,191.0,0.0,0.0,0.0,0.0
1776356789291510499,38028,0.0,0.1,0.0,0.3,-0.08,0.0,0.06,-4.94,0.75,0.0,0.03,-0.42,0.06,-0.0,0.06,206.66,191.0,0.0,0.0,0.0,0.0
1776356789389756927,38128,0.0,0.3,0.0,1.3,-0.02,0.0,0.06,-4.94,0.75,0.0,0.03,-0.42,-0.0,0.12,0.06,197.74,203.0,0.0,0.0,0.0,0.0
1776356789488067224,38227,0.0,0.2,0.0,1.5,0.0,0.1,0.06,-4.94,0.75,0.0,0.04,-0.41,-0.06,-0.0,-0.12,197.74,203.0,0.0,0.0,0.0,0.0
1776356789592410275,38327,0.0,0.1,0.0,1.4,-0.04,-0.04,0.06,-4.94,0.75,0.0,0.02,-0.4,-0.0,0.06,0.06,11934.86,189.0,0.0,0.0,0.0,0.0
1776356789688794411,38427,0.0,1.4,0.0,1.1,-0.06,-0.06,0.06,-4.94,0.75,-0.02,0.03,-0.4,0.06,-0.0,0.06,193.45,189.0,0.0,0.0,0.0,0.0
1776356789791183617,38528,0.0,0.1,0.0,1.0,-0.12,-0.08,0.06,-4.94,0.75,0.0,0.03,-0.38,-0.0,-0.12,-0.06,193.62,190.0,0.0,0.0,0.0,0.0
1776356789900548520,38628,0.0,1.0,0.02,0.6,0.14,-0.1,0.06,-4.94,0.75,0.01,0.05,-0.38,0.06,-0.0,0.06,11935.2,188.0,0.0,0.0,0.0,0.0
1776356789991883102,38728,0.0,0.1,0.0,0.3,0.08,-0.12,0.06,-4.94,0.75,0.0,0.06,-0.4,0.06,0.06,0.0,210.77,188.0,0.0,0.0,0.0,0.0
1776356790096559639,38828,0.0,1.2,0.02,0.4,-0.06,-0.08,0.06,-4.94,0.75,0.0,0.01,-0.43,-0.12,-0.12,-0.06,223.98,191.0,0.0,0.0,0.0,0.0
1776356790192606867,38929,0.0,0.5,0.0,0.3,-0.1,-0.08,0.06,-4.94,0.75,-0.01,0.02,-0.39,-0.0,-0.0,0.0,223.98,193.0,0.0,0.0,0.0,0.0
1776356790290873787,39028,0.0,0.8,0.052,0.4,-0.04,-0.04,0.06,-4.94,0.75,0.0,0.03,-0.41,-0.06,-0.12,0.0,205.63,193.0,0.0,0.0,0.0,0.0
1776356790389131262,39128,0.0,0.2,0.0,0.0,0.0,-0.12,0.06,-4.94,0.75,0.01,0.04,-0.39,-0.0,0.25,0.06,206.66,194.0,0.0,0.0,0.0,0.0
1776356790491547460,39228,0.0,0.1,0.0,1.0,-0.04,-0.12,0.06,-4.94,0.75,0.0,0.03,-0.42,0.12,0.06,0.0,205.46,194.0,0.0,0.0,0.0,0.0
1776356790589866415,39329,0.0,0.9,0.028,0.6,-0.23,-0.06,0.06,-4.94,0.75,0.0,0.03,-0.4,0.06,-0.0,-0.06,209.74,194.0,0.0,0.0,0.0,0.0
1776356790692278279,39429,0.0,0.7,0.016,0.5,0.1,-0.1,0.06,-4.94,0.75,0.0,0.02,-0.43,-0.0,0.12,0.06,210.77,197.0,0.0,0.0,0.0,0.0
1776356790794699236,39529,0.0,1.0,0.02,0.4,-0.1,0.04,0.06,-4.94,0.75,0.01,0.03,-0.39,-0.06,-0.06,0.0,213.86,197.0,0.0,0.0,0.0,0.0
1776356790892911434,39630,0.0,0.9,0.012,0.1,0.08,-0.06,0.06,-4.94,0.75,0.0,0.04,-0.41,0.06,0.06,0.0,215.06,200.0,0.0,0.0,0.0,0.0
1776356791000572052,39731,0.0,1.1,0.012,0.6,0.02,-0.02,0.06,-4.94,0.75,0.01,0.03,-0.41,-0.0,-0.06,0.0,206.66,193.0,0.0,0.0,0.0,0.0
1776356791095583389,39831,0.0,0.2,0.0,1.3,0.04,-0.1,0.06,-4.94,0.75,0.0,0.01,-0.39,0.12,-0.12,-0.06,11934.68,200.0,0.0,0.0,0.0,0.0
1776356791193946965,39931,0.0,0.0,0.0,0.1,-0.04,0.06,0.06,-4.94,0.75,0.0,0.03,-0.4,0.19,-0.06,-0.12,11937.09,200.0,0.0,0.0,0.0,0.0
1776356791294352273,40031,0.0,0.4,0.0,1.1,-0.08,0.02,0.06,-4.94,0.75,0.01,0.04,-0.39,-0.0,-0.0,0.12,11936.91,192.0,0.0,0.0,0.0,0.0
1776356791392591834,40131,0.0,0.4,0.048,0.3,0.0,0.02,0.06,-4.94,0.75,0.0,0.04,-0.4,0.06,-0.12,0.06,210.77,192.0,0.0,0.0,0.0,0.0
1776356791494986246,40231,0.0,1.2,0.032,0.3,0.08,-0.12,0.06,-4.94,0.75,0.0,0.02,-0.43,-0.06,0.06,0.06,206.66,189.0,0.0,0.0,0.0,0.0
1776356791593328397,40331,0.0,1.6,0.032,0.5,-0.02,-0.18,0.06,-4.94,0.75,0.01,0.04,-0.4,-0.12,-0.06,0.0,228.1,192.0,0.0,0.0,0.0,0.0
1776356791696593363,40431,0.0,0.2,0.036,0.3,-0.12,0.0,0.06,-4.94,0.75,-0.01,0.03,-0.41,0.12,-0.06,0.0,222.95,192.0,0.0,0.0,0.0,0.0
1776356791794016183,40530,0.0,0.7,0.0,1.3,-0.18,0.02,0.06,-4.94,0.75,0.0,0.03,-0.39,-0.06,-0.12,-0.19,223.98,200.0,0.0,0.0,0.0,0.0
1776356791894235532,40630,0.0,1.3,0.008,0.3,-0.02,-0.02,0.06,-4.94,0.75,0.0,0.03,-0.39,0.06,-0.0,0.0,11934.17,195.0,0.0,0.0,0.0,0.0
1776356791994708969,40730,0.0,1.3,0.008,0.3,0.0,-0.08,0.06,-4.94,0.75,0.01,0.04,-0.4,0.06,-0.25,0.06,215.06,195.0,0.0,0.0,0.0,0.0
1776356792094944885,40829,0.0,0.4,0.0,0.8,-0.02,-0.06,0.06,-4.94,0.75,0.0,0.02,-0.38,0.06,-0.0,0.06,11934.86,194.0,0.0,0.0,0.0,0.0
1776356792191295184,40929,0.0,0.9,0.056,0.5,-0.04,-0.08,0.06,-4.94,0.75,0.0,0.05,-0.39,-0.0,0.06,-0.06,210.77,194.0,0.0,0.0,0.0,0.0
1776356792293704143,41029,0.0,1.0,0.0,1.1,0.0,-0.06,0.06,-4.94,0.75,0.0,0.02,-0.39,-0.0,-0.12,0.0,215.06,183.0,0.0,0.0,0.0,0.0
1776356792391969991,41128,0.0,0.0,0.0,1.1,0.06,-0.1,0.06,-4.94,0.75,0.02,0.02,-0.37,-0.19,0.19,-0.06,209.74,185.0,0.0,0.0,0.0,0.0
1776356792496252038,41229,0.0,0.2,0.036,0.1,-0.02,-0.1,0.06,-4.94,0.75,0.0,0.05,-0.4,-0.06,0.12,0.12,11932.97,190.0,0.0,0.0,0.0,0.0
1776356792594696253,41329,0.0,0.3,0.0,1.0,0.08,-0.14,0.06,-4.94,0.75,0.01,0.01,-0.36,-0.06,0.12,0.0,11936.4,190.0,0.0,0.0,0.0,0.0
1776356792695090406,41430,0.0,0.2,0.02,0.3,-0.02,-0.1,0.06,-4.94,0.75,0.01,0.03,-0.4,-0.06,0.12,-0.06,227.07,196.0,0.0,0.0,0.0,0.0
1776356792793386772,41530,0.0,0.7,0.02,0.2,-0.04,0.0,0.06,-4.94,0.75,0.0,0.03,-0.37,-0.06,-0.06,0.0,210.77,196.0,0.0,0.0,0.0,0.0
1776356792901762801,41630,0.0,0.9,0.0,1.4,0.0,-0.12,0.06,-4.94,0.75,0.01,0.03,-0.4,-0.0,-0.0,0.0,223.81,195.0,0.0,0.0,0.0,0.0
1776356792996062442,41730,0.0,0.0,0.0,1.2,0.1,-0.14,0.06,-4.94,0.75,0.01,0.01,-0.39,-0.0,-0.06,0.0,11932.45,195.0,0.0,0.0,0.0,0.0
1776356793096468624,41830,0.0,0.2,0.0,1.0,-0.08,0.08,0.06,-4.94,0.75,0.0,0.02,-0.38,0.06,-0.0,0.06,210.77,195.0,0.0,0.0,0.0,0.0
1776356793194773427,41930,0.0,1.2,0.052,0.5,-0.02,0.0,0.06,-4.94,0.75,-0.01,0.04,-0.35,0.12,0.19,0.0,201.86,189.0,0.0,0.0,0.0,0.0
1776356793297171749,42031,0.0,1.2,0.06,0.1,-0.2,-0.1,0.06,-4.94,0.75,0.0,0.04,-0.38,-0.0,-0.0,0.06,228.1,189.0,0.0,0.0,0.0,0.0
1776356793395471108,42131,0.0,1.2,0.04,0.5,0.0,-0.06,0.06,-4.94,0.75,-0.01,0.03,-0.4,0.12,-0.06,0.19,210.77,193.0,0.0,0.0,0.0,0.0
1776356793493752392,42230,0.0,1.2,0.032,0.2,0.1,-0.1,0.06,-4.94,0.75,0.0,0.03,-0.37,0.12,-0.06,-0.06,228.1,196.0,0.0,0.0,0.0,0.0
1776356793596156233,42330,0.0,1.4,0.024,0.2,-0.1,0.0,0.06,-4.94,0.75,0.0,0.03,-0.4,0.06,-0.06,0.06,219.52,196.0,0.0,0.0,0.0,0.0
1776356793694456925,42430,0.0,1.1,0.016,0.2,-0.02,-0.14,0.06,-4.94,0.75,-0.01,0.04,-0.4,0.06,-0.06,0.0,209.74,185.0,0.0,0.0,0.0,0.0
1776356793802808686,42530,0.0,1.4,0.016,0.3,-0.14,-0.04,0.06,-4.94,0.75,0.0,0.05,-0.39,0.06,-0.0,0.06,210.77,194.0,0.0,0.0,0.0,0.0
1776356793895149568,42631,0.0,0.3,0.0,1.2,0.1,-0.12,0.06,-4.94,0.75,-0.01,0.04,-0.36,0.06,-0.0,-0.06,206.66,194.0,0.0,0.0,0.0,0.0
1776356794016555534,42732,0.0,0.2,0.0,1.2,-0.12,-0.06,0.06,-4.94,0.75,0.02,0.03,-0.37,-0.0,-0.12,0.12,11935.03,192.0,0.0,0.0,0.0,0.0
1776356794097770068,42832,0.0,0.3,0.0,1.4,-0.02,0.06,0.06,-4.94,0.75,0.0,0.01,-0.4,-0.06,0.06,0.0,11932.28,195.0,0.0,0.0,0.0,0.0
1776356794198232055,42932,0.008,0.2,0.0,1.3,0.02,-0.25,0.06,-4.94,0.75,0.0,0.03,-0.36,-0.06,0.19,0.06,209.74,195.0,0.0,0.0,0.0,0.0
1776356794296558979,43032,0.004,0.4,0.0,1.5,0.0,-0.08,0.06,-4.94,0.75,0.0,0.03,-0.37,-0.12,-0.0,0.0,209.74,187.0,0.0,0.0,0.0,0.0
1776356794394756499,43132,0.0,1.4,0.04,0.4,0.12,-0.04,0.06,-4.94,0.75,0.0,0.03,-0.41,-0.0,0.12,0.06,210.77,187.0,0.0,0.0,0.0,0.0
1776356794497188850,43232,0.0,1.5,0.04,0.2,-0.04,0.02,0.06,-4.94,0.75,0.01,0.03,-0.42,0.12,-0.06,-0.06,206.49,185.0,0.0,0.0,0.0,0.0
1776356794605561695,43333,0.0,1.2,0.028,0.1,-0.02,0.06,0.06,-4.94,0.75,0.0,0.04,-0.36,0.06,-0.12,-0.06,206.66,193.0,0.0,0.0,0.0,0.0
1776356794697915643,43432,0.0,1.3,0.0,1.2,-0.06,-0.08,0.06,-4.94,0.75,0.0,0.05,-0.36,0.12,0.06,0.06,210.77,193.0,0.0,0.0,0.0,0.0
1776356794904560174,43533,0.0,0.5,0.0,1.3,-0.06,0.08,0.06,-4.94,0.75,0.0,0.04,-0.37,-0.06,0.06,-0.06,210.77,195.0,0.0,0.0,0.0,0.0
1776356794917151759,43634,0.0,1.1,0.02,0.4,-0.16,-0.02,0.06,-4.94,0.75,0.0,0.02,-0.39,-0.06,-0.06,-0.06,201.86,189.0,0.0,0.0,0.0,0.0
1776356795001014196,43734,0.0,0.5,0.012,0.5,0.0,-0.02,0.06,-4.94,0.75,0.0,0.03,-0.39,-0.0,0.06,-0.06,201.86,189.0,0.0,0.0,0.0,0.0
1776356795099313317,43835,0.0,1.1,0.0,1.5,-0.1,-0.04,0.06,-4.94,0.75,0.02,0.03,-0.4,-0.0,-0.12,0.06,197.74,188.0,0.0,0.0,0.0,0.0
1776356795197602735,43934,0.004,0.1,0.0,1.5,-0.12,-0.08,0.06,-4.94,0.75,0.01,0.04,-0.38,-0.06,0.12,0.06,200.83,188.0,0.0,0.0,0.0,0.0
1776356795299997263,44034,0.0,0.0,0.0,1.5,-0.08,-0.06,0.06,-4.94,0.75,0.01,0.03,-0.37,0.06,-0.19,0.0,201.86,196.0,0.0,0.0,0.0,0.0
1776356795398252867,44134,0.0,0.0,0.0,1.3,-0.16,-0.04,0.06,-4.94,0.75,0.02,0.04,-0.37,-0.06,-0.06,0.0,206.14,199.0,0.0,0.0,0.0,0.0
1776356795500661191,44234,0.0,1.1,0.0,0.3,0.04,-0.1,0.06,-4.94,0.75,0.0,0.01,-0.37,-0.06,0.06,0.0,214.89,199.0,0.0,0.0,0.0,0.0
1776356795599001089,44334,0.0,1.0,0.02,0.3,-0.02,-0.1,0.06,-4.94,0.75,0.01,0.01,-0.37,-0.06,0.06,-0.06,201.86,192.0,0.0,0.0,0.0,0.0
1776356795697274563,44434,0.0,1.0,0.02,0.2,-0.12,-0.04,0.06,-4.94,0.75,0.01,0.03,-0.38,-0.0,0.06,0.0,201.86,188.0,0.0,0.0,0.0,0.0
1776356795799678609,44533,0.0,1.0,0.008,0.3,-0.02,-0.06,0.06,-4.94,0.75,0.0,0.04,-0.4,0.06,-0.06,0.12,214.89,188.0,0.0,0.0,0.0,0.0
1776356795902076174,44634,0.0,0.4,0.0,1.2,0.16,-0.04,0.06,-4.94,0.75,0.0,0.02,-0.37,-0.06,0.12,0.06,210.77,185.0,0.0,0.0,0.0,0.0
1776356796000372944,44735,0.0,1.2,0.016,0.6,0.0,-0.06,0.06,-4.94,0.75,0.0,0.03,-0.39,-0.0,-0.19,-0.06,214.89,197.0,0.0,0.0,0.0,0.0
1776356796098638095,44834,0.0,1.2,0.004,0.4,-0.06,0.0,0.06,-4.94,0.75,0.0,0.02,-0.38,-0.06,0.06,0.06,213.86,197.0,0.0,0.0,0.0,0.0
1776356796201072541,44935,0.0,1.0,0.0,1.1,0.14,0.04,0.06,-4.94,0.75,0.03,0.01,-0.34,-0.06,-0.0,-0.12,201.86,199.0,0.0,0.0,0.0,0.0
1776356796303480339,45035,0.0,0.2,0.0,1.0,-0.04,-0.14,0.06,-4.94,0.75,0.01,0.06,-0.38,-0.19,0.12,0.12,197.74,190.0,0.0,0.0,0.0,0.0
1776356796401720731,45135,0.0,0.1,0.04,0.3,-0.02,-0.12,0.06,-4.94,0.75,0.0,0.01,-0.36,-0.0,0.12,-0.06,201.86,190.0,0.0,0.0,0.0,0.0
1776356796500006179,45235,0.0,0.9,0.032,0.4,0.08,0.16,0.06,-4.94,0.75,0.0,0.03,-0.41,-0.06,-0.0,-0.06,202.03,198.0,0.0,0.0,0.0,0.0
1776356796602449957,45335,0.0,1.0,0.032,0.3,-0.02,-0.06,0.06,-4.94,0.75,-0.01,0.05,-0.38,0.12,0.06,0.0,200.83,198.0,0.0,0.0,0.0,0.0
1776356796700757645,45434,0.0,0.7,0.02,0.5,0.04,-0.12,0.06,-4.94,0.75,0.01,0.01,-0.38,0.12,0.06,-0.06,201.86,191.0,0.0,0.0,0.0,0.0
1776356796803152943,45534,0.0,0.6,0.02,0.4,0.0,-0.04,0.06,-4.94,0.75,-0.01,0.04,-0.36,-0.0,0.06,0.0,213.86,194.0,0.0,0.0,0.0,0.0
1776356796901445557,45635,0.0,0.5,0.0,1.3,0.08,0.04,0.06,-4.94,0.75,0.0,0.03,-0.36,-0.06,0.19,0.06,215.06,194.0,0.0,0.0,0.0,0.0
1776356796999743245,45734,0.0,0.4,0.0,1.3,-0.06,-0.1,0.06,-4.94,0.75,0.0,0.05,-0.36,-0.0,0.06,0.0,214.89,195.0,0.0,0.0,0.0,0.0
1776356797102139276,45834,0.0,0.0,0.0,1.4,0.0,-0.12,0.06,-4.94,0.75,0.01,0.02,-0.38,0.06,0.06,-0.06,215.06,200.0,0.0,0.0,0.0,0.0
1776356797200465678,45934,0.004,0.0,0.0,0.5,-0.14,0.04,0.06,-4.94,0.75,0.02,0.04,-0.37,-0.0,0.12,-0.06,206.14,200.0,0.0,0.0,0.0,0.0
1776356797298700063,46033,0.0,1.1,0.0,1.2,0.1,-0.04,0.06,-4.94,0.75,0.0,0.02,-0.39,-0.06,0.06,0.06,204.94,188.0,0.0,0.0,0.0,0.0
1776356797401081410,46134,0.0,0.3,0.0,0.2,-0.02,0.0,0.06,-4.94,0.75,0.0,0.03,-0.39,0.06,0.06,-0.06,197.74,188.0,0.0,0.0,0.0,0.0
1776356797499395441,46234,0.0,0.7,0.032,0.5,0.12,-0.06,0.06,-4.94,0.75,0.02,0.04,-0.38,0.06,0.06,0.0,201.86,207.0,0.0,0.0,0.0,0.0
1776356797601815213,46333,0.0,0.6,0.024,0.5,0.08,-0.1,0.06,-4.94,0.75,0.02,0.03,-0.38,-0.0,0.06,0.0,201.86,202.0,0.0,0.0,0.0,0.0
1776356797700115986,46433,0.0,0.8,0.016,0.1,-0.12,-0.16,0.06,-4.94,0.75,0.0,0.03,-0.38,-0.12,0.12,0.19,205.97,202.0,0.0,0.0,0.0,0.0
1776356797798421184,46533,0.0,1.1,0.02,0.3,-0.04,-0.1,0.06,-4.94,0.75,0.02,0.04,-0.39,0.12,-0.0,0.0,197.05,192.0,0.0,0.0,0.0,0.0
1776356798092552217,46632,0.0,1.2,0.02,0.5,-0.06,0.18,0.06,-4.94,0.75,0.01,0.01,-0.39,-0.0,-0.06,0.06,201.86,192.0,0.0,0.0,0.0,0.0
1776356798104759938,46732,0.0,1.1,0.012,0.1,0.0,-0.16,0.06,-4.94,0.75,0.01,0.02,-0.38,-0.0,-0.12,0.0,201.86,192.0,0.0,0.0,0.0,0.0
1776356798116753459,46832,0.0,0.3,0.0,1.5,-0.04,-0.12,0.06,-4.94,0.75,0.0,0.01,-0.37,0.12,-0.12,0.06,200.83,192.0,0.0,0.0,0.0,0.0
1776356798199792778,46932,0.012,0.0,0.0,1.4,0.0,0.0,0.06,-4.94,0.75,-0.01,0.06,-0.4,0.06,-0.06,0.0,201.86,188.0,0.0,0.0,0.0,0.0
1776356798298104506,47032,0.004,0.3,0.0,1.5,0.0,-0.04,0.06,-4.94,0.75,0.01,0.02,-0.37,0.12,-0.12,-0.06,201.86,188.0,0.0,0.0,0.0,0.0
1776356798400445494,47132,0.0,0.4,0.0,0.1,-0.08,0.1,0.06,-4.94,0.75,0.0,0.04,-0.39,0.06,0.12,0.0,11934.68,189.0,0.0,0.0,0.0,0.0
1776356798498732241,47233,0.0,1.4,0.036,0.3,-0.06,-0.08,0.06,-4.94,0.75,0.0,0.04,-0.39,-0.0,-0.0,0.06,214.89,208.0,0.0,0.0,0.0,0.0
1776356798609106600,47333,0.0,1.4,0.0,1.1,0.0,-0.06,0.06,-4.94,0.75,0.0,0.03,-0.37,-0.06,0.06,0.0,11933.31,185.0,0.0,0.0,0.0,0.0
1776356798701497131,47433,0.0,0.9,0.0,0.2,0.06,0.0,0.06,-4.94,0.75,0.01,0.04,-0.39,-0.0,0.06,-0.06,11935.54,185.0,0.0,0.0,0.0,0.0
1776356798809785093,47534,0.0,1.4,0.02,0.5,-0.02,0.04,0.06,-4.94,0.75,0.0,0.03,-0.39,0.06,0.06,-0.12,11935.54,194.0,0.0,0.0,0.0,0.0
1776356798912282466,47634,0.0,0.1,0.0,1.3,0.02,0.0,0.06,-4.94,0.75,0.01,0.02,-0.37,-0.0,-0.0,0.06,11934.51,194.0,0.0,0.0,0.0,0.0
1776356799104554330,47734,0.0,0.2,0.0,1.1,0.04,-0.08,0.06,-4.94,0.75,0.0,0.01,-0.38,-0.0,-0.06,-0.12,11932.8,187.0,0.0,0.0,0.0,0.0
1776356799117066931,47834,0.0,0.1,0.008,0.5,-0.04,0.08,0.06,-4.94,0.75,0.0,0.03,-0.39,0.06,-0.0,-0.19,11931.25,194.0,0.0,0.0,0.0,0.0
1776356799203273800,47934,0.0,1.2,0.0,1.3,-0.08,-0.06,0.06,-4.94,0.75,0.0,0.04,-0.37,-0.0,-0.06,0.06,226.89,194.0,0.0,0.0,0.0,0.0
1776356799301566929,48034,0.004,0.0,0.0,1.3,0.0,0.0,0.06,-4.94,0.75,0.0,0.03,-0.38,-0.0,0.12,0.06,11934.0,192.0,0.0,0.0,0.0,0.0
1776356799409940937,48134,0.0,0.2,0.04,0.3,0.0,-0.02,0.06,-4.94,0.75,0.0,0.02,-0.39,-0.0,0.12,0.0,11932.8,191.0,0.0,0.0,0.0,0.0
1776356799504260528,48234,0.0,1.3,0.028,0.7,0.1,0.02,0.06,-4.94,0.75,0.0,0.04,-0.39,0.06,0.06,0.12,11934.17,191.0,0.0,0.0,0.0,0.0
1776356799602479047,48333,0.0,1.2,0.0,1.2,-0.14,-0.14,0.06,-4.94,0.75,0.01,0.04,-0.36,-0.06,-0.12,0.12,11934.51,200.0,0.0,0.0,0.0,0.0
1776356799702959496,48433,0.0,0.1,0.024,0.7,0.0,0.06,0.06,-4.94,0.75,0.0,0.03,-0.38,-0.12,-0.06,0.0,214.89,200.0,0.0,0.0,0.0,0.0
1776356799801252828,48533,0.0,0.8,0.0,1.4,0.1,-0.08,0.06,-4.94,0.75,0.0,0.05,-0.36,-0.06,-0.0,0.0,226.89,199.0,0.0,0.0,0.0,0.0
1776356799911582328,48633,0.0,0.2,0.0,1.2,0.12,-0.04,0.06,-4.94,0.75,-0.01,0.05,-0.39,-0.06,0.06,0.06,11932.63,190.0,0.0,0.0,0.0,0.0
1776356800003922019,48733,0.0,0.2,0.0,1.1,-0.06,-0.21,0.06,-4.94,0.75,0.01,0.03,-0.39,-0.0,-0.12,0.0,11932.97,196.0,0.0,0.0,0.0,0.0
1776356800100233002,48833,0.0,0.3,0.008,0.3,0.04,-0.06,0.06,-4.94,0.75,-0.02,0.03,-0.39,-0.12,0.06,0.0,215.06,196.0,0.0,0.0,0.0,0.0
1776356800204552428,48932,0.0,1.2,0.052,0.2,-0.04,-0.12,0.06,-4.94,0.75,0.0,0.03,-0.35,-0.06,-0.06,0.0,11933.66,190.0,0.0,0.0,0.0,0.0
1776356800300953890,49032,0.0,1.2,0.048,0.4,0.0,0.02,0.06,-4.94,0.75,0.0,0.06,-0.4,0.19,0.12,-0.06,11935.37,190.0,0.0,0.0,0.0,0.0
1776356800399169624,49132,0.0,1.4,0.0,0.9,-0.1,-0.12,0.06,-4.94,0.75,0.0,0.04,-0.38,-0.06,0.12,0.06,213.86,197.0,0.0,0.0,0.0,0.0
1776356800501597243,49232,0.0,0.3,0.0,1.2,0.1,0.12,0.06,-4.94,0.75,0.0,0.04,-0.39,0.12,0.12,-0.06,201.86,197.0,0.0,0.0,0.0,0.0
1776356800610011501,49332,0.0,0.1,0.0,1.4,-0.12,-0.1,0.06,-4.94,0.75,0.0,0.04,-0.37,-0.06,0.25,0.0,218.15,187.0,0.0,0.0,0.0,0.0
1776356800702319872,49433,0.0,0.9,0.028,0.3,-0.06,-0.02,0.06,-4.94,0.75,-0.02,0.02,-0.4,-0.06,0.12,-0.06,219.18,203.0,0.0,0.0,0.0,0.0
1776356800802506357,49533,0.0,0.4,0.0,0.3,-0.06,-0.02,0.06,-4.94,0.75,0.0,0.04,-0.37,0.06,-0.12,0.0,11934.17,184.0,0.0,0.0,0.0,0.0
1776356800910953411,49633,0.0,1.4,0.016,0.5,0.06,-0.16,0.06,-4.94,0.75,0.0,0.01,-0.37,0.06,-0.06,0.0,11935.03,184.0,0.0,0.0,0.0,0.0
1776356801003219023,49733,0.0,1.4,0.0,1.1,-0.08,0.04,0.06,-4.94,0.75,0.02,0.02,-0.38,-0.0,-0.0,0.0,11934.34,198.0,0.0,0.0,0.0,0.0
1776356801111713364,49833,0.0,0.5,0.0,1.0,-0.04,-0.04,0.06,-4.94,0.75,0.01,0.05,-0.4,0.12,-0.12,0.06,11937.43,198.0,0.0,0.0,0.0,0.0
1776356801209925573,49933,0.012,-0.1,0.0,1.2,-0.08,-0.02,0.06,-4.94,0.75,0.01,0.02,-0.38,-0.06,-0.06,-0.06,11936.23,194.0,0.0,0.0,0.0,0.0
1776356801300305722,50032,0.0,0.8,0.0,1.4,-0.08,-0.16,0.06,-4.94,0.75,0.01,0.03,-0.4,-0.0,-0.06,0.06,201.86,194.0,0.0,0.0,0.0,0.0
1776356801402646187,50131,0.0,0.5,0.0,0.7,0.04,-0.08,0.06,-4.94,0.75,0.01,0.03,-0.39,0.06,-0.12,-0.06,197.74,193.0,0.0,0.0,0.0,0.0
1776356801500956912,50232,0.0,0.3,0.0,1.0,-0.12,-0.02,0.06,-4.94,0.75,0.02,0.02,-0.36,0.06,-0.06,-0.06,197.74,196.0,0.0,0.0,0.0,0.0
1776356801603376504,50332,0.0,0.5,0.02,0.1,-0.02,-0.16,0.06,-4.94,0.75,0.0,0.05,-0.39,-0.0,-0.06,-0.12,200.83,196.0,0.0,0.0,0.0,0.0
1776356801701676767,50433,0.0,1.1,0.02,0.2,0.08,-0.16,0.06,-4.94,0.75,0.0,0.05,-0.41,0.12,-0.25,-0.06,202.03,186.0,0.0,0.0,0.0,0.0
1776356801804098508,50533,0.0,0.4,0.0,1.3,0.02,-0.2,0.06,-4.94,0.75,-0.01,0.03,-0.4,-0.12,0.12,0.06,210.77,186.0,0.0,0.0,0.0,0.0
1776356802112556713,50633,0.0,0.3,0.016,0.4,-0.02,-0.06,0.06,-4.94,0.75,-0.01,0.02,-0.37,-0.06,0.19,0.12,205.63,190.0,0.0,0.0,0.0,0.0
1776356802125311195,50734,0.0,1.4,0.004,0.1,0.02,-0.1,0.06,-4.94,0.75,0.0,0.05,-0.4,-0.06,-0.0,-0.06,209.74,206.0,0.0,0.0,0.0,0.0
1776356802139100838,50835,0.0,1.2,0.0,1.1,-0.12,-0.1,0.06,-4.94,0.75,0.01,0.03,-0.39,-0.06,0.06,-0.06,223.81,206.0,0.0,0.0,0.0,0.0
1776356802205464538,50935,0.008,0.1,0.048,0.3,0.02,0.02,0.06,-4.94,0.75,0.0,0.05,-0.36,0.12,-0.0,0.06,193.45,191.0,0.0,0.0,0.0,0.0
1776356802303730293,51035,0.0,1.1,0.056,0.2,0.04,-0.12,0.06,-4.94,0.75,0.0,0.04,-0.4,0.06,-0.0,-0.06,193.45,192.0,0.0,0.0,0.0,0.0
1776356802406112195,51135,0.0,0.8,0.04,0.6,0.0,-0.2,0.06,-4.94,0.75,0.0,0.02,-0.4,-0.06,-0.12,0.0,205.63,192.0,0.0,0.0,0.0,0.0
1776356802504435153,51234,0.0,0.8,0.032,0.2,0.06,-0.16,0.06,-4.94,0.75,-0.01,0.03,-0.41,-0.0,0.06,0.06,210.77,192.0,0.0,0.0,0.0,0.0
1776356802602726852,51334,0.0,1.0,0.028,0.3,-0.02,-0.16,0.06,-4.94,0.75,0.01,0.03,-0.4,0.06,-0.0,-0.06,202.37,201.0,0.0,0.0,0.0,0.0
1776356802705142327,51434,0.0,1.0,0.0,1.5,0.04,-0.04,0.06,-4.94,0.75,0.02,0.05,-0.41,0.06,-0.0,0.06,202.37,201.0,0.0,0.0,0.0,0.0
1776356802803435545,51533,0.0,0.0,0.0,0.5,0.02,-0.06,0.06,-4.94,0.75,0.01,0.02,-0.39,-0.0,-0.06,-0.12,202.54,193.0,0.0,0.0,0.0,0.0
1776356802905848204,51634,0.0,1.5,0.02,0.1,0.0,-0.14,0.06,-4.94,0.75,-0.01,0.01,-0.39,-0.0,0.06,0.06,198.25,191.0,0.0,0.0,0.0,0.0
1776356803004177273,51734,0.0,0.4,0.0,1.2,-0.08,-0.06,0.06,-4.94,0.75,0.03,0.04,-0.38,0.06,0.12,0.12,205.63,191.0,0.0,0.0,0.0,0.0
1776356803102434707,51833,0.0,0.3,0.0,1.6,-0.1,-0.02,0.06,-4.94,0.75,0.0,0.03,-0.4,-0.0,-0.0,0.12,210.77,195.0,0.0,0.0,0.0,0.0
1776356803204823694,51933,0.0,1.2,0.06,0.3,-0.06,-0.14,0.06,-4.94,0.75,0.02,0.02,-0.39,0.12,-0.06,0.12,210.77,195.0,0.0,0.0,0.0,0.0
1776356803303125164,52033,0.0,1.3,0.0,1.2,0.04,0.0,0.06,-4.94,0.75,0.0,0.03,-0.4,-0.06,-0.06,0.06,197.57,191.0,0.0,0.0,0.0,0.0
1776356803401344710,52133,0.0,0.4,0.04,0.6,0.04,0.1,0.06,-4.94,0.75,0.0,0.02,-0.39,0.06,-0.06,0.0,193.45,188.0,0.0,0.0,0.0,0.0
1776356803503811935,52233,0.0,1.0,0.024,0.5,-0.04,0.0,0.06,-4.94,0.75,0.0,0.01,-0.39,-0.06,0.06,-0.06,206.49,188.0,0.0,0.0,0.0,0.0
1776356803602123960,52333,0.0,0.3,0.0,1.4,-0.14,0.02,0.06,-4.94,0.75,0.01,0.05,-0.41,0.19,-0.0,0.06,202.37,192.0,0.0,0.0,0.0,0.0
1776356803704512687,52432,0.0,1.2,0.016,0.3,-0.12,-0.12,0.06,-4.94,0.75,0.0,0.02,-0.4,-0.12,0.06,0.06,202.37,193.0,0.0,0.0,0.0,0.0
1776356803802807176,52532,0.0,1.2,0.0,0.3,-0.04,-0.02,0.06,-4.94,0.75,0.0,0.04,-0.41,-0.06,0.12,0.0,197.74,193.0,0.0,0.0,0.0,0.0
1776356803905181736,52633,0.0,0.1,0.0,1.1,0.04,0.02,0.06,-4.94,0.75,0.03,0.05,-0.41,-0.0,-0.12,0.06,202.54,192.0,0.0,0.0,0.0,0.0
1776356804112556862,52732,0.0,0.2,0.0,1.1,0.14,-0.08,0.06,-4.94,0.75,0.0,0.01,-0.4,0.12,0.06,0.06,205.46,188.0,0.0,0.0,0.0,0.0
1776356804124374494,52833,0.0,0.6,0.016,0.2,0.0,0.04,0.06,-4.94,0.75,0.02,0.01,-0.39,-0.06,0.12,-0.06,206.66,188.0,0.0,0.0,0.0,0.0
1776356804204195351,52934,0.0,1.0,0.0,1.4,-0.02,0.0,0.06,-4.94,0.75,-0.01,0.04,-0.41,-0.06,-0.12,0.0,206.66,185.0,0.0,0.0,0.0,0.0
1776356804302498944,53033,0.0,0.3,0.0,1.2,-0.12,0.02,0.06,-4.94,0.75,0.02,0.03,-0.4,0.06,-0.25,0.0,201.51,185.0,0.0,0.0,0.0,0.0
1776356804404843294,53133,0.0,1.2,0.048,0.6,-0.1,-0.16,0.06,-4.94,0.75,0.0,0.02,-0.39,0.12,-0.0,0.0,202.2,197.0,0.0,0.0,0.0,0.0
1776356804503145442,53233,0.0,1.3,0.04,0.3,0.06,0.12,0.06,-4.94,0.75,0.02,0.03,-0.39,-0.0,-0.0,-0.06,206.66,194.0,0.0,0.0,0.0,0.0
1776356804608561276,53334,0.0,1.1,0.02,0.6,-0.02,-0.02,0.06,-4.94,0.75,0.0,0.03,-0.39,-0.06,0.06,0.0,206.66,194.0,0.0,0.0,0.0,0.0
1776356804703859383,53434,0.0,0.4,0.0,1.2,0.14,-0.04,0.06,-4.94,0.75,0.0,0.01,-0.39,-0.06,0.06,0.0,210.09,197.0,0.0,0.0,0.0,0.0
1776356804806269306,53534,0.0,0.7,0.012,0.5,-0.04,-0.06,0.06,-4.94,0.75,-0.02,0.03,-0.38,0.06,-0.19,0.0,206.66,190.0,0.0,0.0,0.0,0.0
1776356804908669359,53635,0.0,1.0,0.0,0.6,0.08,-0.04,0.06,-4.94,0.75,0.01,0.05,-0.39,-0.0,-0.19,0.06,197.57,190.0,0.0,0.0,0.0,0.0
1776356805006967489,53735,0.0,0.1,0.016,0.5,-0.02,0.0,0.06,-4.94,0.75,0.0,0.05,-0.38,-0.06,0.06,0.12,193.45,182.0,0.0,0.0,0.0,0.0
1776356805105249445,53835,0.0,1.0,0.004,0.6,-0.02,0.0,0.06,-4.94,0.75,0.01,0.03,-0.36,-0.06,-0.0,0.0,197.74,183.0,0.0,0.0,0.0,0.0
1776356805207650490,53935,0.0,1.0,0.06,0.3,0.0,-0.1,0.06,-4.94,0.75,0.0,0.04,-0.39,-0.12,-0.0,0.0,197.74,183.0,0.0,0.0,0.0,0.0
1776356805305924706,54035,0.0,0.9,0.0,1.2,0.1,-0.18,0.06,-4.94,0.75,0.01,0.04,-0.38,0.06,-0.0,0.0,206.66,190.0,0.0,0.0,0.0,0.0
1776356805404209070,54134,0.0,0.1,0.0,1.1,-0.02,-0.23,0.06,-4.94,0.75,0.0,0.03,-0.39,-0.06,0.19,0.06,206.66,201.0,0.0,0.0,0.0,0.0
1776356805506636393,54234,0.0,0.1,0.0,1.1,0.04,-0.06,0.06,-4.94,0.75,-0.01,0.03,-0.38,0.12,0.19,0.06,205.63,201.0,0.0,0.0,0.0,0.0
1776356805604945978,54334,0.0,1.1,0.024,0.0,0.0,0.02,0.06,-4.94,0.75,0.0,0.04,-0.38,0.12,-0.0,-0.06,205.63,187.0,0.0,0.0,0.0,0.0
1776356805712614659,54434,0.0,0.7,0.0,1.5,-0.06,-0.1,0.06,-4.94,0.75,0.0,0.02,-0.37,-0.0,-0.12,0.06,209.74,187.0,0.0,0.0,0.0,0.0
1776356805809742050,54535,0.0,1.3,0.012,0.7,-0.1,-0.02,0.06,-4.94,0.75,-0.01,0.04,-0.38,0.06,0.06,0.0,206.66,201.0,0.0,0.0,0.0,0.0
1776356805908035821,54636,0.0,0.2,0.0,0.3,0.02,0.0,0.06,-4.94,0.75,0.01,0.05,-0.4,-0.0,0.06,0.0,206.66,195.0,0.0,0.0,0.0,0.0
1776356806006331333,54735,0.0,0.7,0.012,0.3,0.04,-0.16,0.06,-4.94,0.75,-0.01,0.04,-0.38,-0.0,-0.0,0.06,197.74,195.0,0.0,0.0,0.0,0.0
1776356806108732612,54835,0.0,0.3,0.0,1.2,-0.12,-0.02,0.06,-4.94,0.75,-0.01,0.02,-0.41,-0.0,0.06,-0.06,206.66,191.0,0.0,0.0,0.0,0.0
1776356806207027302,54935,0.004,0.0,0.0,1.5,0.0,-0.16,0.06,-4.94,0.75,-0.02,0.05,-0.38,-0.0,-0.0,-0.12,205.46,189.0,0.0,0.0,0.0,0.0
1776356806309416692,55035,0.0,1.0,0.056,0.6,0.02,-0.06,0.06,-4.94,0.75,0.01,0.04,-0.38,-0.0,-0.06,0.06,202.37,189.0,0.0,0.0,0.0,0.0
1776356806407668142,55135,0.0,1.2,0.032,0.1,0.04,0.02,0.06,-4.94,0.75,0.01,0.02,-0.4,0.06,-0.0,-0.06,202.37,210.0,0.0,0.0,0.0,0.0
1776356806505968443,55235,0.0,1.4,0.02,0.5,0.06,-0.12,0.06,-4.94,0.75,0.02,0.03,-0.41,-0.06,-0.06,0.0,205.63,210.0,0.0,0.0,0.0,0.0
1776356806608413851,55334,0.0,1.2,0.028,0.2,-0.02,0.06,0.06,-4.94,0.75,0.01,0.04,-0.39,-0.0,-0.06,0.0,206.66,200.0,0.0,0.0,0.0,0.0
1776356806706705189,55434,0.0,1.3,0.0,1.0,-0.1,-0.14,0.06,-4.94,0.75,0.0,0.03,-0.36,-0.06,-0.12,-0.06,206.66,191.0,0.0,0.0,0.0,0.0
1776356806816560941,55534,0.0,0.9,0.016,0.6,0.08,0.08,0.06,-4.94,0.75,-0.01,0.02,-0.4,-0.06,-0.06,0.0,206.66,191.0,0.0,0.0,0.0,0.0
1776356806907402435,55633,0.0,0.7,0.012,0.4,-0.08,-0.06,0.06,-4.94,0.75,0.01,0.02,-0.39,-0.0,-0.0,0.0,206.66,190.0,0.0,0.0,0.0,0.0
1776356807005662756,55734,0.0,0.6,0.02,0.2,-0.14,0.0,0.06,-4.94,0.75,0.03,0.02,-0.38,-0.06,0.06,0.12,202.37,190.0,0.0,0.0,0.0,0.0
1776356807108097767,55834,0.0,1.1,0.024,0.1,-0.12,-0.08,0.06,-4.94,0.75,0.0,0.03,-0.39,0.06,0.12,-0.06,205.63,190.0,0.0,0.0,0.0,0.0
1776356807206392136,55933,0.0,0.9,0.06,0.2,-0.14,-0.12,0.06,-4.94,0.75,0.02,0.04,-0.38,0.06,-0.0,0.06,202.37,181.0,0.0,0.0,0.0,0.0
1776356807308789778,56033,0.0,0.7,0.056,0.2,-0.1,0.02,0.06,-4.94,0.75,0.0,0.04,-0.36,0.06,0.25,0.06,196.88,193.0,0.0,0.0,0.0,0.0
1776356807407044221,56134,0.0,1.0,0.0,1.3,-0.02,-0.06,0.06,-4.94,0.75,0.02,0.05,-0.37,-0.06,0.19,0.0,206.66,193.0,0.0,0.0,0.0,0.0
1776356807505345423,56233,0.0,0.3,0.0,1.2,-0.06,0.04,0.06,-4.94,0.75,0.02,0.03,-0.37,-0.0,0.06,-0.06,193.45,188.0,0.0,0.0,0.0,0.0
1776356807607769064,56334,0.0,1.3,0.024,0.4,0.02,-0.04,0.06,-4.94,0.75,0.0,0.03,-0.38,0.19,0.06,0.0,196.71,189.0,0.0,0.0,0.0,0.0
1776356807706075117,56433,0.0,1.4,0.024,0.3,0.1,0.0,0.06,-4.94,0.75,0.01,0.03,-0.39,0.06,0.06,0.06,201.86,189.0,0.0,0.0,0.0,0.0
1776356807804338838,56532,0.0,1.5,0.024,0.5,0.04,-0.06,0.06,-4.94,0.75,0.0,0.02,-0.37,-0.0,0.06,0.0,197.57,197.0,0.0,0.0,0.0,0.0
1776356807906765035,56633,0.0,1.4,0.024,0.2,0.1,-0.12,0.06,-4.94,0.75,0.0,0.05,-0.38,-0.12,0.12,0.0,201.86,197.0,0.0,0.0,0.0,0.0
1776356808009161122,56734,0.0,1.4,0.012,0.2,0.1,-0.02,0.06,-4.94,0.75,0.02,0.05,-0.37,-0.12,0.25,0.06,188.65,198.0,0.0,0.0,0.0,0.0
1776356808107461465,56834,0.0,1.2,0.012,0.2,-0.14,0.0,0.06,-4.94,0.75,0.0,0.03,-0.37,-0.12,0.06,0.06,188.82,190.0,0.0,0.0,0.0,0.0
1776356808209854340,56934,0.0,1.2,0.06,0.5,-0.06,-0.02,0.06,-4.94,0.75,0.0,0.03,-0.37,-0.12,0.12,0.06,184.53,190.0,0.0,0.0,0.0,0.0
1776356808308121869,57034,0.0,1.3,0.056,0.1,0.06,-0.02,0.06,-4.94,0.75,-0.01,0.03,-0.39,-0.12,0.06,-0.06,188.65,193.0,0.0,0.0,0.0,0.0
1776356808410524300,57135,0.0,1.2,0.036,0.4,-0.06,0.0,0.06,-4.94,0.75,0.0,0.04,-0.37,-0.12,0.06,-0.06,197.57,195.0,0.0,0.0,0.0,0.0
1776356808508805032,57235,0.0,1.3,0.0,0.8,0.06,-0.08,0.06,-4.94,0.75,0.0,0.02,-0.36,0.12,-0.12,0.0,193.45,195.0,0.0,0.0,0.0,0.0
1776356808611230444,57336,0.0,0.4,0.0,1.1,-0.08,-0.06,0.06,-4.94,0.75,0.01,0.04,-0.35,-0.19,-0.06,0.06,197.74,188.0,0.0,0.0,0.0,0.0
1776356808709512362,57437,0.0,0.2,0.0,1.2,-0.1,0.04,0.06,-4.94,0.75,0.0,0.03,-0.39,0.12,-0.06,0.0,192.94,188.0,0.0,0.0,0.0,0.0
1776356808811934903,57537,0.0,0.3,0.0,1.2,-0.08,-0.04,0.06,-4.94,0.75,0.0,0.02,-0.4,-0.0,-0.12,0.06,205.97,190.0,0.0,0.0,0.0,0.0
1776356808910258783,57636,0.0,0.3,0.0,1.4,0.0,-0.16,0.06,-4.94,0.75,0.0,0.03,-0.37,-0.0,-0.06,0.0,197.57,202.0,0.0,0.0,0.0,0.0
1776356809008518423,57736,0.0,1.4,0.012,0.4,-0.02,-0.08,0.06,-4.94,0.75,0.02,0.03,-0.39,-0.12,-0.12,-0.06,197.57,202.0,0.0,0.0,0.0,0.0
1776356809110914255,57836,0.0,1.2,0.012,0.2,-0.06,-0.02,0.06,-4.94,0.75,0.0,0.04,-0.4,0.06,-0.12,0.0,201.86,186.0,0.0,0.0,0.0,0.0
1776356809209220220,57935,0.0,1.5,0.064,0.3,0.12,0.06,0.06,-4.94,0.75,-0.01,0.03,-0.36,-0.06,-0.0,0.0,209.74,189.0,0.0,0.0,0.0,0.0
1776356809311620015,58036,0.0,1.6,0.044,0.3,0.02,-0.16,0.06,-4.94,0.75,0.0,0.04,-0.39,-0.12,-0.19,0.06,197.57,189.0,0.0,0.0,0.0,0.0
1776356809409908851,58136,0.0,1.3,0.0,1.1,-0.04,-0.14,0.06,-4.94,0.75,0.0,0.02,-0.37,-0.0,0.06,-0.06,197.57,196.0,0.0,0.0,0.0,0.0
1776356809508164133,58235,0.0,0.7,0.032,0.2,-0.08,0.0,0.06,-4.94,0.75,0.02,0.03,-0.38,-0.0,0.12,0.06,197.57,191.0,0.0,0.0,0.0,0.0
1776356809610613185,58335,0.0,0.8,0.0,1.6,-0.06,-0.1,0.06,-4.94,0.75,0.01,0.04,-0.4,-0.0,0.06,-0.12,193.45,191.0,0.0,0.0,0.0,0.0
1776356809708883689,58435,0.0,0.2,0.0,0.6,0.18,-0.16,0.06,-4.94,0.75,0.0,0.03,-0.35,0.12,-0.06,0.06,193.45,191.0,0.0,0.0,0.0,0.0
1776356810016560986,58535,0.0,1.2,0.0,1.2,-0.04,0.02,0.06,-4.94,0.75,0.0,0.06,-0.37,-0.0,0.06,0.0,193.45,190.0,0.0,0.0,0.0,0.0
1776356810030068590,58635,0.0,0.5,0.008,0.2,-0.12,0.02,0.06,-4.94,0.75,0.0,0.03,-0.39,-0.0,-0.12,0.0,197.57,190.0,0.0,0.0,0.0,0.0
1776356810042847342,58735,0.0,0.9,0.008,0.9,0.04,-0.06,0.06,-4.94,0.75,0.0,0.03,-0.37,0.06,-0.06,0.06,197.57,199.0,0.0,0.0,0.0,0.0
1776356810110288498,58834,0.0,0.0,0.0,1.3,-0.06,-0.02,0.06,-4.94,0.75,-0.01,0.02,-0.38,-0.0,0.12,0.06,196.54,199.0,0.0,0.0,0.0,0.0
1776356810208551865,58935,0.0,1.2,0.064,0.3,-0.1,-0.1,0.06,-4.94,0.75,0.0,0.05,-0.38,0.06,-0.06,0.0,197.57,199.0,0.0,0.0,0.0,0.0
1776356810310952264,59035,0.0,1.2,0.052,0.1,0.1,-0.1,0.06,-4.94,0.75,0.02,0.03,-0.38,-0.0,-0.0,0.0,196.54,191.0,0.0,0.0,0.0,0.0
1776356810413340810,59136,0.0,1.2,0.036,0.5,0.06,-0.02,0.06,-4.94,0.75,0.01,0.02,-0.37,-0.0,-0.06,0.06,197.57,191.0,0.0,0.0,0.0,0.0
1776356810511667954,59236,0.0,1.2,0.036,0.5,-0.04,0.04,0.06,-4.94,0.75,0.01,0.03,-0.35,0.19,-0.12,0.06,197.57,184.0,0.0,0.0,0.0,0.0
1776356810610012745,59335,0.0,1.3,0.024,0.3,0.0,-0.02,0.06,-4.94,0.75,-0.01,0.01,-0.37,-0.0,-0.06,-0.06,197.74,192.0,0.0,0.0,0.0,0.0
1776356810712384830,59436,0.0,1.3,0.016,0.6,0.04,-0.08,0.06,-4.94,0.75,0.0,0.03,-0.39,-0.06,-0.06,0.0,197.74,192.0,0.0,0.0,0.0,0.0
1776356810820554369,59536,0.0,1.1,0.012,0.6,-0.02,-0.08,0.06,-4.94,0.75,0.0,0.03,-0.38,-0.0,-0.06,0.06,200.83,194.0,0.0,0.0,0.0,0.0
1776356810913103705,59636,0.0,1.2,0.008,0.3,-0.04,0.02,0.06,-4.94,0.75,0.02,0.02,-0.37,-0.0,-0.12,0.0,201.86,194.0,0.0,0.0,0.0,0.0
1776356811011348592,59736,0.0,1.4,0.012,0.5,0.06,-0.06,0.06,-4.94,0.75,0.0,0.03,-0.36,0.06,-0.0,0.0,201.86,190.0,0.0,0.0,0.0,0.0
1776356811109631711,59836,0.0,0.0,0.008,0.6,-0.02,0.0,0.06,-4.94,0.75,0.0,0.03,-0.39,0.19,-0.06,0.0,188.65,193.0,0.0,0.0,0.0,0.0
1776356811212043862,59935,0.0,0.9,0.064,0.7,-0.06,-0.1,0.06,-4.94,0.75,0.0,0.05,-0.37,0.06,-0.0,-0.06,201.86,193.0,0.0,0.0,0.0,0.0
1776356811310340333,60035,0.0,0.7,0.0,1.3,0.0,0.08,0.06,-4.94,0.75,0.0,0.03,-0.38,-0.06,-0.06,0.0,201.86,197.0,0.0,0.0,0.0,0.0
1776356811412723502,60136,0.0,0.2,0.0,1.4,-0.06,-0.08,0.06,-4.94,0.75,0.0,0.03,-0.4,-0.06,0.19,0.06,201.86,194.0,0.0,0.0,0.0,0.0
1776356811511015529,60235,0.0,1.3,0.036,0.3,-0.2,-0.16,0.06,-4.94,0.75,0.01,0.04,-0.39,-0.06,0.06,0.06,201.86,194.0,0.0,0.0,0.0,0.0
1776356811619399370,60335,0.0,1.2,0.02,0.3,-0.06,0.0,0.06,-4.94,0.75,0.01,0.04,-0.37,0.06,0.06,0.06,201.86,196.0,0.0,0.0,0.0,0.0
1776356811711736113,60435,0.0,1.3,0.0,1.2,0.12,-0.06,0.06,-4.94,0.75,0.0,0.04,-0.37,-0.0,-0.0,-0.06,201.86,199.0,0.0,0.0,0.0,0.0
1776356811810036880,60535,0.0,0.2,0.02,0.3,0.02,0.06,0.06,-4.94,0.75,0.0,0.03,-0.39,-0.12,0.06,0.19,201.86,199.0,0.0,0.0,0.0,0.0
1776356811912424717,60635,0.0,0.9,0.016,0.2,-0.04,-0.04,0.06,-4.94,0.75,0.01,0.04,-0.37,0.12,-0.0,-0.06,201.86,195.0,0.0,0.0,0.0,0.0
1776356812040555751,60735,0.0,0.6,0.0,1.3,-0.08,-0.04,0.06,-4.94,0.75,0.0,0.02,-0.4,-0.0,0.12,0.06,201.68,195.0,0.0,0.0,0.0,0.0
1776356812109007522,60834,0.0,0.4,0.008,0.5,-0.02,-0.12,0.06,-4.94,0.75,0.01,0.02,-0.39,0.12,-0.0,-0.06,201.86,195.0,0.0,0.0,0.0,0.0
1776356812211408407,60935,0.0,1.1,0.064,0.3,0.14,-0.04,0.06,-4.94,0.75,0.0,0.03,-0.37,0.12,-0.12,-0.06,192.94,197.0,0.0,0.0,0.0,0.0
1776356812309744666,61035,0.0,1.5,0.052,0.2,-0.04,-0.1,0.06,-4.94,0.75,-0.01,0.04,-0.39,0.06,0.06,-0.06,192.94,197.0,0.0,0.0,0.0,0.0
1776356812412064571,61134,0.0,1.2,0.036,0.4,-0.16,-0.08,0.06,-4.94,0.75,-0.01,0.03,-0.4,0.06,0.06,0.0,188.82,200.0,0.0,0.0,0.0,0.0
1776356812510363517,61234,0.0,1.2,0.024,0.2,0.0,-0.14,0.06,-4.94,0.75,-0.02,0.05,-0.38,0.06,-0.12,-0.06,192.77,195.0,0.0,0.0,0.0,0.0
1776356812618761166,61334,0.0,1.4,0.028,0.2,0.04,-0.02,0.06,-4.94,0.75,0.01,0.03,-0.39,-0.0,-0.06,0.12,192.94,195.0,0.0,0.0,0.0,0.0
1776356812711109383,61434,0.0,0.7,0.024,0.3,-0.04,-0.02,0.06,-4.94,0.75,0.0,0.01,-0.38,-0.06,0.06,0.0,192.94,207.0,0.0,0.0,0.0,0.0
1776356812848576004,61534,0.0,1.0,0.016,0.2,0.02,-0.08,0.06,-4.94,0.75,-0.01,0.03,-0.38,-0.06,-0.06,0.06,188.65,198.0,0.0,0.0,0.0,0.0
1776356812911797770,61634,0.0,1.0,0.0,1.4,-0.08,-0.12,0.06,-4.94,0.75,0.0,0.02,-0.36,0.12,-0.19,0.0,188.82,198.0,0.0,0.0,0.0,0.0
1776356813010084827,61733,0.0,0.3,0.0,1.3,0.0,0.02,0.06,-4.94,0.75,0.02,0.04,-0.38,-0.06,0.06,0.12,188.82,194.0,0.0,0.0,0.0,0.0
1776356813118510931,61833,0.0,0.2,0.0,1.6,-0.08,-0.02,0.06,-4.94,0.75,0.01,0.04,-0.38,0.06,0.06,0.06,192.94,194.0,0.0,0.0,0.0,0.0
1776356813210794403,61933,0.004,0.2,0.0,1.4,0.12,-0.14,0.06,-4.94,0.75,0.01,0.02,-0.39,-0.06,0.12,-0.06,192.77,196.0,0.0,0.0,0.0,0.0
1776356813309054973,62033,0.0,0.3,0.0,1.4,-0.02,-0.08,0.06,-4.94,0.75,0.0,0.04,-0.38,-0.06,-0.06,0.06,192.94,192.0,0.0,0.0,0.0,0.0
1776356813411430314,62133,0.0,1.6,0.052,0.3,0.0,0.06,0.06,-4.94,0.75,0.0,0.04,-0.39,-0.12,0.19,0.0,192.94,192.0,0.0,0.0,0.0,0.0
1776356813509767419,62233,0.0,1.3,0.0,0.9,0.0,0.04,0.06,-4.94,0.75,0.0,0.04,-0.39,-0.06,0.06,0.0,188.82,191.0,0.0,0.0,0.0,0.0
1776356813608041063,62332,0.0,1.0,0.024,0.3,0.0,-0.04,0.06,-4.94,0.75,0.0,0.03,-0.39,0.06,-0.0,-0.19,192.94,182.0,0.0,0.0,0.0,0.0
1776356813710477921,62433,0.0,0.8,0.024,0.2,-0.04,-0.04,0.06,-4.94,0.75,0.01,0.03,-0.38,0.12,-0.0,0.0,192.94,182.0,0.0,0.0,0.0,0.0
1776356813816566655,62533,0.0,1.1,0.028,0.2,0.12,-0.12,0.06,-4.94,0.75,-0.01,0.01,-0.41,-0.12,0.06,-0.06,192.94,188.0,0.0,0.0,0.0,0.0
1776356813911173090,62632,0.0,0.1,0.0,1.2,-0.04,-0.1,0.06,-4.94,0.75,0.01,0.02,-0.41,0.06,-0.06,-0.06,188.82,190.0,0.0,0.0,0.0,0.0
1776356814009505028,62732,0.0,1.2,0.0,1.4,-0.04,-0.1,0.06,-4.94,0.75,0.0,0.03,-0.41,-0.0,-0.12,0.06,187.62,190.0,0.0,0.0,0.0,0.0
1776356814111852753,62832,0.0,0.0,0.0,1.2,-0.16,0.04,0.06,-4.94,0.75,0.0,0.04,-0.42,-0.0,-0.06,0.0,188.82,197.0,0.0,0.0,0.0,0.0
1776356814210139945,62932,0.0,1.3,0.064,0.5,-0.06,-0.04,0.06,-4.94,0.75,0.0,0.02,-0.42,0.06,-0.06,-0.12,188.82,202.0,0.0,0.0,0.0,0.0
1776356814308422989,63032,0.0,0.7,0.052,0.3,-0.14,-0.06,0.06,-4.94,0.75,0.0,0.03,-0.4,0.12,-0.12,0.06,188.65,202.0,0.0,0.0,0.0,0.0
1776356814410798842,63132,0.0,0.9,0.0,1.3,-0.06,-0.12,0.06,-4.94,0.75,0.0,0.03,-0.4,0.25,-0.19,0.06,187.62,195.0,0.0,0.0,0.0,0.0
1776356814509088664,63233,0.0,0.2,0.0,1.3,-0.06,-0.04,0.06,-4.94,0.75,0.0,0.03,-0.42,-0.25,-0.0,0.0,188.82,195.0,0.0,0.0,0.0,0.0
1776356814611575792,63333,0.0,1.2,0.024,0.6,0.18,-0.12,0.06,-4.94,0.75,0.0,0.02,-0.4,-0.06,-0.06,0.0,188.65,191.0,0.0,0.0,0.0,0.0
1776356814748560517,63432,0.0,1.1,0.0,0.9,-0.02,0.04,0.06,-4.94,0.75,-0.01,0.03,-0.38,0.06,0.25,-0.12,188.65,195.0,0.0,0.0,0.0,0.0
1776356814808109418,63532,0.0,0.4,0.0,0.9,-0.1,0.04,0.06,-4.94,0.75,-0.02,0.04,-0.41,-0.0,-0.0,0.0,192.94,195.0,0.0,0.0,0.0,0.0
1776356814910556696,63632,0.0,0.4,0.0,0.5,0.1,0.0,0.06,-4.94,0.75,-0.01,0.04,-0.4,-0.12,0.12,-0.06,192.77,197.0,0.0,0.0,0.0,0.0
1776356815008819777,63732,0.0,0.9,0.004,0.3,-0.02,-0.08,0.06,-4.94,0.75,0.01,0.03,-0.39,0.19,-0.06,0.06,192.94,196.0,0.0,0.0,0.0,0.0
1776356815111211456,63832,0.0,0.9,0.012,0.3,-0.04,0.02,0.06,-4.94,0.75,0.02,0.02,-0.4,-0.0,0.06,0.12,192.77,196.0,0.0,0.0,0.0,0.0
1776356815209523401,63932,0.0,0.5,0.0,1.5,-0.1,-0.16,0.06,-4.94,0.75,-0.01,0.02,-0.38,0.06,-0.0,0.12,192.77,182.0,0.0,0.0,0.0,0.0
1776356815311930820,64032,0.0,0.3,0.0,1.5,-0.08,-0.16,0.06,-4.94,0.75,0.0,-0.0,-0.39,0.12,-0.12,0.0,192.94,182.0,0.0,0.0,0.0,0.0
1776356815410160563,64132,0.0,0.5,0.0,1.4,-0.02,-0.04,0.06,-4.94,0.75,0.02,0.04,-0.4,-0.06,-0.25,-0.06,192.94,193.0,0.0,0.0,0.0,0.0
1776356815512568224,64232,0.0,0.3,0.0,1.3,0.08,-0.08,0.06,-4.94,0.75,0.0,0.04,-0.38,-0.06,0.06,-0.06,192.94,195.0,0.0,0.0,0.0,0.0
1776356815610897612,64332,0.0,0.1,0.0,1.4,-0.04,0.04,0.06,-4.94,0.75,0.0,0.03,-0.41,-0.06,0.12,0.0,192.94,195.0,0.0,0.0,0.0,0.0
1776356815709162928,64432,0.0,1.4,0.024,0.7,-0.04,0.0,0.06,-4.94,0.75,0.0,0.01,-0.36,-0.0,-0.06,-0.06,192.94,202.0,0.0,0.0,0.0,0.0
1776356815811584958,64532,0.0,1.2,0.016,0.1,0.08,-0.06,0.06,-4.94,0.75,0.0,0.04,-0.38,0.06,-0.06,0.0,192.59,191.0,0.0,0.0,0.0,0.0
1776356815909891459,64632,0.0,1.4,0.016,0.5,-0.02,-0.08,0.06,-4.94,0.75,0.0,0.04,-0.39,-0.06,0.06,0.0,192.77,191.0,0.0,0.0,0.0,0.0
1776356816012277416,64732,0.0,1.3,0.0,1.4,0.04,-0.08,0.06,-4.94,0.75,0.0,0.03,-0.36,-0.06,0.12,0.12,192.77,188.0,0.0,0.0,0.0,0.0
1776356816110571447,64832,0.0,0.7,0.02,0.6,0.08,-0.08,0.06,-4.94,0.75,0.0,0.04,-0.4,0.06,0.12,0.0,192.94,186.0,0.0,0.0,0.0,0.0
1776356816208881977,64931,0.0,0.9,0.056,0.6,-0.06,0.04,0.06,-4.94,0.75,-0.01,0.01,-0.38,-0.0,0.12,0.0,191.74,186.0,0.0,0.0,0.0,0.0
1776356816311266854,65031,0.0,0.7,0.056,0.3,-0.04,0.0,0.06,-4.94,0.75,0.0,0.02,-0.39,-0.12,0.19,-0.12,192.94,194.0,0.0,0.0,0.0,0.0
1776356816409528793,65131,0.0,1.2,0.0,1.2,0.16,-0.04,0.06,-4.94,0.75,-0.01,0.04,-0.39,-0.0,-0.0,0.0,184.02,198.0,0.0,0.0,0.0,0.0
1776356816507849731,65230,0.0,0.2,0.0,0.9,0.0,-0.21,0.06,-4.94,0.75,0.0,0.04,-0.38,0.06,-0.06,-0.06,192.94,198.0,0.0,0.0,0.0,0.0
1776356816610263458,65330,0.0,0.3,0.024,0.5,-0.08,-0.02,0.06,-4.94,0.75,-0.01,0.02,-0.35,-0.0,-0.06,0.0,184.02,199.0,0.0,0.0,0.0,0.0
1776356816708566748,65430,0.0,0.7,0.0,1.3,0.02,-0.1,0.06,-4.94,0.75,0.0,0.03,-0.38,0.12,-0.12,0.06,197.05,199.0,0.0,0.0,0.0,0.0
1776356816810949310,65530,0.0,0.3,0.0,1.3,-0.06,0.04,0.06,-4.94,0.75,-0.01,0.01,-0.38,0.19,0.12,0.0,197.05,194.0,0.0,0.0,0.0,0.0
1776356817004565537,65630,0.0,1.5,0.024,0.5,-0.1,0.06,0.06,-4.94,0.75,0.0,0.04,-0.39,-0.0,0.12,0.06,188.14,191.0,0.0,0.0,0.0,0.0
1776356817017064012,65730,0.0,1.4,0.012,0.5,-0.02,-0.08,0.06,-4.94,0.75,0.01,0.04,-0.39,-0.06,-0.06,-0.12,188.14,191.0,0.0,0.0,0.0,0.0
1776356817109943445,65829,0.0,0.8,0.004,0.3,-0.04,-0.1,0.06,-4.94,0.75,0.0,0.03,-0.38,-0.06,0.19,-0.06,196.02,192.0,0.0,0.0,0.0,0.0
1776356817208218285,65930,0.0,1.4,0.06,0.3,0.14,-0.08,0.06,-4.94,0.75,0.0,0.04,-0.38,-0.06,-0.0,-0.06,192.77,200.0,0.0,0.0,0.0,0.0
1776356817310626821,66030,0.0,1.3,0.0,0.9,-0.04,-0.08,0.06,-4.94,0.75,0.0,0.05,-0.39,0.19,-0.06,-0.06,192.94,200.0,0.0,0.0,0.0,0.0
1776356817408921309,66129,0.0,0.3,0.0,1.0,-0.02,-0.08,0.06,-4.94,0.75,0.01,0.05,-0.37,-0.06,0.06,-0.12,192.94,200.0,0.0,0.0,0.0,0.0
1776356817507179001,66229,0.0,0.3,0.0,1.0,-0.12,-0.12,0.06,-4.94,0.75,0.0,0.03,-0.36,-0.0,-0.12,0.06,192.77,200.0,0.0,0.0,0.0,0.0
1776356817609632554,66329,0.0,0.8,0.02,0.3,-0.04,-0.04,0.06,-4.94,0.75,0.0,0.04,-0.39,0.12,0.06,-0.06,192.77,192.0,0.0,0.0,0.0,0.0
1776356817707953190,66429,0.0,0.9,0.016,0.1,0.02,-0.08,0.06,-4.94,0.75,0.02,0.03,-0.37,-0.06,-0.0,-0.06,184.02,196.0,0.0,0.0,0.0,0.0
1776356817810339708,66530,0.0,0.9,0.0,1.3,-0.12,-0.1,0.06,-4.94,0.75,0.0,0.04,-0.38,0.06,0.06,0.06,192.94,196.0,0.0,0.0,0.0,0.0
1776356817916553448,66631,0.0,0.2,0.0,1.2,-0.12,-0.06,0.06,-4.94,0.75,0.0,0.03,-0.37,-0.06,-0.12,0.0,184.02,194.0,0.0,0.0,0.0,0.0
1776356818011013084,66731,0.0,1.3,0.008,0.3,0.16,-0.12,0.06,-4.94,0.75,0.0,0.03,-0.36,-0.0,-0.06,-0.06,179.9,190.0,0.0,0.0,0.0,0.0
1776356818109248659,66831,0.0,1.1,0.0,0.3,0.0,-0.04,0.06,-4.94,0.75,0.02,0.04,-0.37,0.06,0.06,-0.06,184.02,190.0,0.0,0.0,0.0,0.0
1776356818211710021,66931,0.0,0.5,0.064,0.5,0.04,-0.12,0.06,-4.94,0.75,-0.01,0.03,-0.38,0.06,-0.0,0.12,179.73,189.0,0.0,0.0,0.0,0.0
1776356818314090902,67032,0.0,0.8,0.056,0.2,-0.1,-0.16,0.06,-4.94,0.75,0.0,0.04,-0.37,-0.06,-0.06,0.0,184.02,190.0,0.0,0.0,0.0,0.0
1776356818412339274,67133,0.0,0.9,0.04,0.3,0.1,0.02,0.06,-4.94,0.75,0.0,0.04,-0.37,-0.0,-0.0,0.0,179.73,190.0,0.0,0.0,0.0,0.0
1776356818514778747,67233,0.0,0.6,0.028,0.5,0.02,-0.08,0.06,-4.94,0.75,0.0,0.03,-0.37,0.12,-0.12,-0.06,182.99,188.0,0.0,0.0,0.0,0.0
1776356818613069173,67334,0.0,0.8,0.0,1.5,-0.06,-0.04,0.06,-4.94,0.75,0.02,0.04,-0.38,-0.06,-0.12,-0.06,179.9,202.0,0.0,0.0,0.0,0.0
1776356818715493868,67434,0.0,0.4,0.0,1.2,-0.1,0.02,0.06,-4.94,0.75,0.0,0.06,-0.38,-0.0,-0.06,0.0,178.7,202.0,0.0,0.0,0.0,0.0
1776356818840553810,67534,0.0,0.4,0.0,1.4,-0.08,-0.16,0.06,-4.94,0.75,0.0,0.04,-0.36,-0.0,-0.06,0.0,179.9,194.0,0.0,0.0,0.0,0.0
1776356818916188398,67634,0.0,0.4,0.0,1.5,-0.12,-0.02,0.06,-4.94,0.75,0.0,0.03,-0.36,-0.0,-0.0,0.06,192.77,194.0,0.0,0.0,0.0,0.0
1776356819014483620,67734,0.0,0.3,0.0,1.2,-0.06,-0.04,0.06,-4.94,0.75,-0.02,0.03,-0.34,0.06,0.12,-0.06,179.73,194.0,0.0,0.0,0.0,0.0
1776356819112731485,67834,0.0,0.2,0.0,0.8,0.1,0.12,0.06,-4.94,0.75,0.0,0.04,-0.38,0.06,-0.0,0.12,184.02,197.0,0.0,0.0,0.0,0.0
1776356819215163285,67934,0.0,0.7,0.072,0.2,-0.06,-0.04,0.06,-4.94,0.75,0.0,0.04,-0.38,-0.0,0.25,0.06,184.02,197.0,0.0,0.0,0.0,0.0
1776356819317564049,68035,0.0,1.1,0.048,0.2,-0.04,-0.04,0.06,-4.94,0.75,0.01,0.04,-0.39,-0.06,0.06,0.0,183.85,197.0,0.0,0.0,0.0,0.0
1776356819415810284,68134,0.0,1.1,0.04,0.2,-0.04,-0.08,0.06,-4.94,0.75,0.03,0.05,-0.37,-0.06,0.06,0.0,179.73,198.0,0.0,0.0,0.0,0.0
1776356819514161999,68234,0.0,0.4,0.0,0.3,-0.14,-0.14,0.06,-4.94,0.75,0.0,0.03,-0.38,-0.12,0.12,-0.06,183.85,198.0,0.0,0.0,0.0,0.0
1776356819616566540,68334,0.0,0.9,0.028,0.4,0.06,0.02,0.06,-4.94,0.75,0.02,0.04,-0.35,0.12,0.19,0.12,183.85,196.0,0.0,0.0,0.0,0.0
1776356819714841516,68434,0.0,0.3,0.0,1.4,0.06,-0.16,0.06,-4.94,0.75,0.0,0.02,-0.38,-0.06,-0.06,-0.06,192.94,196.0,0.0,0.0,0.0,0.0
1776356819817247502,68534,0.0,0.4,0.0,1.2,0.18,-0.14,0.06,-4.94,0.75,0.01,0.02,-0.37,0.06,0.06,-0.06,205.97,196.0,0.0,0.0,0.0,0.0
1776356819915543088,68634,0.0,0.9,0.0,0.5,-0.06,-0.23,0.06,-4.94,0.75,0.0,0.06,-0.38,-0.0,-0.06,-0.06,192.94,194.0,0.0,0.0,0.0,0.0
1776356820013843025,68733,0.0,1.2,0.016,0.3,0.02,-0.02,0.06,-4.94,0.75,0.0,0.04,-0.35,-0.0,-0.06,-0.06,191.74,194.0,0.0,0.0,0.0,0.0
1776356820124165071,68834,0.0,1.3,0.012,0.2,-0.06,-0.04,0.06,-4.94,0.75,0.01,0.04,-0.37,0.06,-0.0,0.0,11930.4,196.0,0.0,0.0,0.0,0.0
1776356820216445557,68934,0.0,1.2,0.056,0.5,0.02,-0.02,0.06,-4.94,0.75,0.0,0.05,-0.39,0.06,-0.0,0.06,11929.54,200.0,0.0,0.0,0.0,0.0
1776356820316935435,69035,0.0,1.1,0.0,1.2,0.02,-0.1,0.06,-4.94,0.75,0.0,0.03,-0.37,-0.0,0.06,0.0,11928.85,198.0,0.0,0.0,0.0,0.0
1776356820415241144,69135,0.0,0.3,0.04,0.4,-0.14,0.04,0.06,-4.94,0.75,-0.02,0.01,-0.37,-0.0,-0.0,-0.06,11929.88,198.0,0.0,0.0,0.0,0.0
1776356820517612236,69235,0.0,1.0,0.032,0.3,-0.14,0.02,0.06,-4.94,0.75,0.0,0.02,-0.39,-0.06,0.12,0.0,209.57,178.0,0.0,0.0,0.0,0.0
1776356820615925037,69335,0.0,0.7,0.024,0.6,0.0,0.04,0.06,-4.94,0.75,0.0,0.05,-0.39,-0.12,-0.0,-0.06,201.68,178.0,0.0,0.0,0.0,0.0
1776356820718318387,69435,0.0,0.7,0.02,0.2,0.04,-0.06,0.06,-4.94,0.75,0.02,0.05,-0.36,-0.0,-0.06,0.06,196.37,191.0,0.0,0.0,0.0,0.0
1776356820816613560,69535,0.0,1.0,0.008,0.5,-0.02,-0.02,0.06,-4.94,0.75,0.0,0.03,-0.36,-0.0,-0.06,0.12,210.6,191.0,0.0,0.0,0.0,0.0
1776356821028560973,69635,0.0,0.7,0.02,0.3,-0.12,-0.1,0.06,-4.94,0.75,0.0,0.01,-0.39,0.06,0.06,0.06,197.57,199.0,0.0,0.0,0.0,0.0
1776356821041154220,69735,0.0,0.2,0.0,1.3,0.0,-0.04,0.06,-4.94,0.75,0.0,0.04,-0.38,0.06,-0.06,0.0,210.6,194.0,0.0,0.0,0.0,0.0
1776356821115591359,69834,0.0,1.2,0.016,0.5,0.16,-0.02,0.06,-4.94,0.75,-0.01,0.03,-0.37,0.06,-0.12,-0.06,201.86,194.0,0.0,0.0,0.0,0.0
1776356821218001832,69934,0.0,1.2,0.068,0.3,0.08,-0.02,0.06,-4.94,0.75,0.0,0.04,-0.39,0.06,-0.06,-0.12,192.77,192.0,0.0,0.0,0.0,0.0
1776356821316289499,70034,0.0,1.3,0.0,1.0,-0.06,-0.14,0.06,-4.94,0.75,0.0,0.04,-0.38,0.06,-0.0,0.06,201.86,189.0,0.0,0.0,0.0,0.0
1776356821414544814,70133,0.0,0.6,0.0,1.0,0.02,-0.18,0.06,-4.94,0.75,0.0,0.02,-0.37,-0.06,0.12,-0.06,188.65,189.0,0.0,0.0,0.0,0.0
1776356821516951380,70233,0.0,0.9,0.036,0.3,-0.04,-0.06,0.06,-4.94,0.75,0.0,0.03,-0.38,0.06,-0.06,0.0,201.86,191.0,0.0,0.0,0.0,0.0
1776356821615302508,70333,0.0,0.6,0.024,0.1,0.08,-0.1,0.06,-4.94,0.75,0.0,0.03,-0.37,0.06,0.12,0.0,192.77,195.0,0.0,0.0,0.0,0.0
1776356821713580637,70432,0.0,0.8,0.0,1.2,0.02,-0.04,0.06,-4.94,0.75,0.0,0.03,-0.39,-0.12,-0.0,0.0,197.05,195.0,0.0,0.0,0.0,0.0
1776356821815981796,70533,0.0,0.0,0.0,1.3,-0.06,-0.06,0.06,-4.94,0.75,-0.01,0.03,-0.39,-0.0,-0.12,-0.06,188.14,195.0,0.0,0.0,0.0,0.0
1776356821924568821,70633,0.0,0.0,0.0,1.3,0.0,0.14,0.06,-4.94,0.75,-0.01,0.03,-0.35,0.19,-0.0,0.12,179.73,195.0,0.0,0.0,0.0,0.0
1776356822016670083,70733,0.0,0.1,0.0,1.3,-0.02,-0.04,0.06,-4.94,0.75,0.0,0.03,-0.37,0.06,-0.06,0.0,192.77,183.0,0.0,0.0,0.0,0.0
1776356822114957096,70833,0.0,0.4,0.0,1.4,-0.14,-0.06,0.06,-4.94,0.75,0.01,0.01,-0.36,0.12,-0.19,0.0,192.94,190.0,0.0,0.0,0.0,0.0
1776356822217363396,70934,0.0,0.4,0.06,0.4,0.02,-0.06,0.06,-4.94,0.75,0.0,0.03,-0.36,0.12,0.06,0.06,197.05,190.0,0.0,0.0,0.0,0.0
1776356822315662926,71033,0.0,0.9,0.056,0.2,0.02,-0.04,0.06,-4.94,0.75,0.0,0.02,-0.37,0.12,-0.0,0.0,191.91,196.0,0.0,0.0,0.0,0.0
1776356822418032949,71134,0.0,1.0,0.036,0.1,0.12,-0.1,0.06,-4.94,0.75,0.0,0.05,-0.38,-0.19,0.06,0.06,191.74,189.0,0.0,0.0,0.0,0.0
1776356822516305017,71235,0.0,0.9,0.036,0.2,0.0,-0.06,0.06,-4.94,0.75,-0.01,0.04,-0.37,-0.12,-0.12,0.06,197.05,189.0,0.0,0.0,0.0,0.0
1776356822618734650,71334,0.0,1.0,0.02,0.2,0.08,-0.06,0.06,-4.94,0.75,-0.01,0.04,-0.36,-0.06,-0.06,0.0,192.94,193.0,0.0,0.0,0.0,0.0
1776356822717046736,71434,0.0,0.7,0.012,0.3,0.08,-0.08,0.06,-4.94,0.75,0.0,0.02,-0.37,-0.06,-0.06,0.0,192.94,201.0,0.0,0.0,0.0,0.0
1776356822815332563,71534,0.0,0.9,0.02,0.5,-0.06,-0.06,0.06,-4.94,0.75,0.0,0.02,-0.37,-0.12,-0.0,-0.06,192.94,201.0,0.0,0.0,0.0,0.0
1776356822917725771,71633,0.0,1.0,0.0,1.3,0.08,0.0,0.06,-4.94,0.75,0.0,0.02,-0.4,-0.06,-0.0,-0.12,192.94,187.0,0.0,0.0,0.0,0.0
1776356823016034837,71733,0.0,1.2,0.0,1.1,0.14,0.08,0.06,-4.94,0.75,0.0,0.04,-0.39,-0.0,-0.06,-0.06,187.62,189.0,0.0,0.0,0.0,0.0
1776356823118429872,71834,0.0,0.2,0.0,1.2,-0.2,-0.14,0.06,-4.94,0.75,-0.01,0.03,-0.41,-0.06,-0.0,-0.06,192.77,189.0,0.0,0.0,0.0,0.0
1776356823216716397,71933,0.004,0.1,0.064,0.1,-0.1,-0.04,0.06,-4.94,0.75,0.0,0.03,-0.41,0.06,-0.0,-0.06,192.77,183.0,0.0,0.0,0.0,0.0
1776356823319134505,72034,0.0,1.1,0.06,0.3,0.08,0.02,0.06,-4.94,0.75,0.0,0.03,-0.38,-0.06,-0.06,-0.06,192.94,183.0,0.0,0.0,0.0,0.0
1776356823417374790,72135,0.0,1.4,0.032,0.4,-0.02,-0.12,0.06,-4.94,0.75,0.0,0.02,-0.39,-0.0,-0.0,0.0,205.97,177.0,0.0,0.0,0.0,0.0
1776356823519779232,72235,0.0,1.3,0.032,0.2,-0.04,-0.04,0.06,-4.94,0.75,-0.01,0.03,-0.38,-0.06,-0.06,0.06,210.09,189.0,0.0,0.0,0.0,0.0
1776356823618105719,72335,0.0,0.3,0.0,1.1,0.02,-0.21,0.06,-4.94,0.75,0.0,0.04,-0.4,-0.19,0.06,0.06,191.91,189.0,0.0,0.0,0.0,0.0
1776356823720539030,72435,0.0,0.0,0.0,1.1,0.06,0.04,0.06,-4.94,0.75,0.0,0.03,-0.36,-0.12,0.19,0.12,192.94,192.0,0.0,0.0,0.0,0.0
1776356823818775501,72536,0.0,0.3,0.0,0.3,0.0,0.0,0.06,-4.94,0.75,0.0,0.03,-0.39,-0.06,0.06,-0.06,191.74,188.0,0.0,0.0,0.0,0.0
1776356823921191072,72637,0.0,0.5,0.0,0.5,-0.02,-0.02,0.06,-4.94,0.75,0.0,0.02,-0.38,-0.06,-0.12,0.0,192.77,188.0,0.0,0.0,0.0,0.0
1776356824019466875,72737,0.0,0.3,0.0,1.0,-0.04,0.06,0.06,-4.94,0.75,0.0,0.02,-0.38,-0.0,-0.06,0.0,188.82,189.0,0.0,0.0,0.0,0.0
1776356824121897939,72838,0.0,0.5,0.0,1.0,-0.06,-0.04,0.06,-4.94,0.75,0.0,0.04,-0.41,-0.0,-0.0,-0.06,188.82,189.0,0.0,0.0,0.0,0.0
1776356824230229932,72938,0.0,1.0,0.068,0.3,0.02,0.04,0.06,-4.94,0.75,0.01,0.03,-0.4,-0.0,-0.0,0.06,222.09,189.0,0.0,0.0,0.0,0.0
1776356824322588356,73038,0.0,0.8,0.052,0.2,-0.08,-0.06,0.06,-4.94,0.75,0.02,0.02,-0.37,0.12,0.06,0.0,205.29,204.0,0.0,0.0,0.0,0.0
1776356824424931905,73139,0.0,0.8,0.04,0.3,-0.04,-0.16,0.06,-4.94,0.75,-0.01,0.01,-0.39,-0.0,0.06,0.0,205.97,204.0,0.0,0.0,0.0,0.0
1776356824523265144,73240,0.0,0.7,0.0,1.4,-0.02,-0.02,0.06,-4.94,0.75,0.0,0.02,-0.4,-0.0,-0.12,0.06,201.86,199.0,0.0,0.0,0.0,0.0
1776356824625672469,73339,0.0,1.2,0.024,0.2,0.06,-0.06,0.06,-4.94,0.75,0.01,0.04,-0.41,-0.0,-0.12,0.0,197.05,201.0,0.0,0.0,0.0,0.0
1776356824723993264,73440,0.0,1.4,0.016,0.3,0.02,0.02,0.06,-4.94,0.75,0.0,0.04,-0.4,-0.06,-0.0,0.0,192.94,201.0,0.0,0.0,0.0,0.0
1776356824826357516,73541,0.0,1.3,0.012,0.3,0.08,0.0,0.06,-4.94,0.75,0.0,0.02,-0.39,-0.0,0.12,0.0,205.97,189.0,0.0,0.0,0.0,0.0
1776356824924657590,73640,0.0,0.2,0.0,1.1,-0.06,-0.06,0.06,-4.94,0.75,0.0,0.04,-0.37,-0.0,-0.0,0.0,204.94,198.0,0.0,0.0,0.0,0.0
1776356825027058598,73741,0.0,0.2,0.0,1.1,0.02,0.06,0.06,-4.94,0.75,0.0,0.03,-0.38,0.12,-0.0,-0.06,204.77,198.0,0.0,0.0,0.0,0.0
1776356825125348444,73841,0.0,0.6,0.012,0.5,-0.06,0.0,0.06,-4.94,0.75,0.0,0.03,-0.4,0.12,0.12,0.06,204.94,190.0,0.0,0.0,0.0,0.0
1776356825227748781,73942,0.0,0.7,0.064,0.3,-0.1,0.0,0.06,-4.94,0.75,0.0,0.02,-0.36,0.12,-0.0,-0.06,196.54,197.0,0.0,0.0,0.0,0.0
1776356825330117563,74043,0.0,0.6,0.0,1.2,0.02,-0.06,0.06,-4.94,0.75,-0.01,0.02,-0.38,0.06,0.06,0.0,219.01,197.0,0.0,0.0,0.0,0.0
1776356825428395224,74144,0.0,0.3,0.0,1.4,0.06,-0.12,0.06,-4.94,0.75,0.0,0.04,-0.38,-0.06,-0.0,-0.06,200.66,195.0,0.0,0.0,0.0,0.0
1776356825530895133,74245,0.0,0.2,0.028,0.3,-0.12,0.1,0.06,-4.94,0.75,0.0,0.03,-0.37,0.12,-0.06,0.0,197.57,196.0,0.0,0.0,0.0,0.0
1776356825629128184,74345,0.0,0.5,0.0,1.1,0.02,-0.06,0.06,-4.94,0.75,0.0,0.05,-0.39,-0.06,0.12,0.0,205.97,196.0,0.0,0.0,0.0,0.0
1776356825737469262,74444,0.0,0.0,0.0,1.0,-0.02,-0.04,0.06,-4.94,0.75,0.01,0.04,-0.39,-0.06,0.12,0.0,204.94,193.0,0.0,0.0,0.0,0.0
1776356825829820792,74545,0.0,0.2,0.016,0.2,0.1,-0.1,0.06,-4.94,0.75,0.02,0.04,-0.36,-0.06,-0.06,0.0,205.97,193.0,0.0,0.0,0.0,0.0
1776356825932222314,74646,0.0,1.3,0.012,0.3,0.04,-0.06,0.06,-4.94,0.75,0.0,0.03,-0.37,-0.0,0.06,0.0,205.97,183.0,0.0,0.0,0.0,0.0
1776356826030502179,74745,0.0,1.3,0.008,0.2,-0.06,-0.06,0.06,-4.94,0.75,0.02,0.03,-0.38,-0.0,-0.0,-0.06,192.08,193.0,0.0,0.0,0.0,0.0
1776356826132977175,74846,0.0,0.9,0.016,0.5,-0.04,-0.12,0.06,-4.94,0.75,0.0,0.03,-0.39,0.12,-0.12,0.0,201.86,193.0,0.0,0.0,0.0,0.0
1776356826231195257,74947,0.0,1.3,0.064,0.6,-0.1,0.1,0.06,-4.94,0.75,0.01,0.05,-0.38,-0.0,-0.06,0.06,192.94,189.0,0.0,0.0,0.0,0.0
1776356826329498578,75046,0.0,1.3,0.052,0.5,-0.02,0.02,0.06,-4.94,0.75,0.01,0.05,-0.37,0.06,-0.06,0.0,201.68,193.0,0.0,0.0,0.0,0.0
1776356826431855003,75146,0.0,0.4,0.0,1.2,0.08,-0.08,0.06,-4.94,0.75,0.0,0.04,-0.4,-0.12,-0.0,0.0,205.97,193.0,0.0,0.0,0.0,0.0
1776356826530177972,75246,0.0,0.3,0.0,1.1,0.1,-0.14,0.06,-4.94,0.75,0.0,0.02,-0.39,-0.0,0.06,0.0,201.86,203.0,0.0,0.0,0.0,0.0
1776356826632590654,75346,0.0,0.4,0.0,1.1,0.04,0.02,0.06,-4.94,0.75,-0.02,0.03,-0.4,0.06,-0.12,0.06,205.97,203.0,0.0,0.0,0.0,0.0
1776356826730898030,75446,0.0,0.7,0.02,0.5,-0.06,-0.14,0.06,-4.94,0.75,0.0,0.03,-0.36,-0.0,-0.0,0.06,192.94,197.0,0.0,0.0,0.0,0.0
1776356826833285084,75546,0.0,1.0,0.02,0.2,-0.14,-0.12,0.06,-4.94,0.75,0.0,0.03,-0.38,0.06,-0.0,-0.06,201.86,192.0,0.0,0.0,0.0,0.0
1776356826931617515,75646,0.0,0.6,0.012,0.3,0.06,0.0,0.06,-4.94,0.75,0.0,0.02,-0.39,-0.06,0.25,0.12,192.77,192.0,0.0,0.0,0.0,0.0
1776356827033966716,75747,0.0,0.7,0.016,0.1,-0.16,0.04,0.06,-4.94,0.75,0.0,0.03,-0.36,-0.12,-0.0,-0.06,188.65,189.0,0.0,0.0,0.0,0.0
1776356827132272532,75846,0.0,0.8,0.02,0.7,-0.02,-0.08,0.06,-4.94,0.75,0.0,0.02,-0.39,-0.06,-0.0,0.06,192.94,189.0,0.0,0.0,0.0,0.0
1776356827230573847,75945,0.0,0.7,0.072,0.3,-0.06,-0.08,0.06,-4.94,0.75,0.0,0.01,-0.38,-0.0,0.06,0.0,183.5,189.0,0.0,0.0,0.0,0.0
1776356827332955376,76046,0.0,0.9,0.048,0.6,-0.08,-0.14,0.06,-4.94,0.75,0.01,0.04,-0.37,0.06,-0.0,-0.06,197.74,190.0,0.0,0.0,0.0,0.0
1776356827431226525,76146,0.0,0.9,0.048,0.6,-0.08,-0.08,0.06,-4.94,0.75,0.01,0.01,-0.36,0.12,0.06,0.0,201.86,192.0,0.0,0.0,0.0,0.0
1776356827533639035,76246,0.0,0.1,0.0,1.2,0.04,-0.1,0.06,-4.94,0.75,0.02,0.03,-0.4,-0.0,0.06,0.06,201.86,192.0,0.0,0.0,0.0,0.0
1776356827631947943,76346,0.0,0.4,0.0,1.4,0.08,-0.06,0.06,-4.94,0.75,-0.01,0.03,-0.38,0.12,0.06,-0.06,197.74,195.0,0.0,0.0,0.0,0.0
1776356827734338656,76447,0.0,1.1,0.024,0.4,0.14,0.02,0.06,-4.94,0.75,0.0,0.03,-0.38,-0.0,-0.06,0.0,201.86,192.0,0.0,0.0,0.0,0.0
1776356827832656953,76547,0.0,1.1,0.0,1.0,0.06,0.0,0.06,-4.94,0.75,-0.01,0.03,-0.39,0.12,0.12,0.0,196.54,192.0,0.0,0.0,0.0,0.0
1776356827935043296,76647,0.0,0.4,0.0,0.2,0.02,-0.16,0.06,-4.94,0.75,0.0,0.05,-0.38,0.12,-0.12,-0.06,201.68,185.0,0.0,0.0,0.0,0.0
1776356828033345093,76747,0.0,1.0,0.004,0.6,-0.1,-0.02,0.06,-4.94,0.75,0.0,0.04,-0.38,0.06,-0.06,0.06,201.68,185.0,0.0,0.0,0.0,0.0
1776356828135730375,76848,0.0,0.7,0.016,0.5,0.0,0.0,0.06,-4.94,0.75,0.0,0.04,-0.37,-0.0,-0.12,0.0,205.97,195.0,0.0,0.0,0.0,0.0
1776356828234024184,76949,0.0,0.6,0.0,1.5,-0.12,-0.14,0.06,-4.94,0.75,0.0,0.02,-0.37,0.06,0.12,0.12,192.77,185.0,0.0,0.0,0.0,0.0
1776356828336430762,77048,0.0,0.2,0.0,1.5,-0.06,-0.1,0.06,-4.94,0.75,0.01,0.03,-0.38,0.06,-0.0,0.06,201.68,185.0,0.0,0.0,0.0,0.0
1776356828434680943,77148,0.0,0.4,0.0,0.1,-0.1,-0.04,0.06,-4.94,0.75,0.01,0.04,-0.4,-0.0,-0.0,0.06,210.77,197.0,0.0,0.0,0.0,0.0
1776356828543032576,77248,0.0,1.3,0.032,0.5,-0.12,-0.08,0.06,-4.94,0.75,0.0,0.03,-0.39,0.06,0.06,0.06,213.69,190.0,0.0,0.0,0.0,0.0
1776356828635416181,77348,0.0,1.2,0.0,1.1,-0.02,0.04,0.06,-4.94,0.75,0.0,0.03,-0.38,-0.06,-0.0,-0.06,197.74,190.0,0.0,0.0,0.0,0.0
1776356828733686584,77448,0.0,1.1,0.012,0.2,-0.12,-0.12,0.06,-4.94,0.75,-0.01,0.03,-0.39,-0.12,0.06,0.0,210.77,192.0,0.0,0.0,0.0,0.0
1776356828836104791,77548,0.0,1.2,0.0,1.0,-0.12,-0.1,0.06,-4.94,0.75,-0.01,0.05,-0.37,-0.0,0.06,-0.06,214.89,192.0,0.0,0.0,0.0,0.0
1776356828934413397,77647,0.0,0.5,0.0,1.3,0.08,-0.04,0.06,-4.94,0.75,0.0,0.04,-0.39,-0.0,0.12,0.0,209.92,192.0,0.0,0.0,0.0,0.0
1776356829032645708,77747,0.0,0.0,0.016,0.3,-0.08,-0.08,0.06,-4.94,0.75,-0.01,0.02,-0.42,0.12,0.06,-0.12,197.74,182.0,0.0,0.0,0.0,0.0
1776356829135096927,77847,0.0,0.2,0.0,0.1,-0.06,-0.12,0.06,-4.94,0.75,0.0,0.03,-0.39,-0.06,-0.06,0.06,214.89,182.0,0.0,0.0,0.0,0.0
1776356829233404026,77946,0.0,0.2,0.0,1.3,0.1,-0.12,0.06,-4.94,0.75,0.0,0.04,-0.41,-0.06,-0.0,0.0,197.57,195.0,0.0,0.0,0.0,0.0
1776356829335795432,78047,0.0,0.4,0.0,1.5,0.0,0.0,0.06,-4.94,0.75,0.01,0.04,-0.41,-0.06,-0.19,0.0,201.86,199.0,0.0,0.0,0.0,0.0
1776356829434041274,78147,0.0,1.2,0.0,1.3,-0.06,-0.08,0.06,-4.94,0.75,0.0,0.03,-0.39,-0.0,-0.06,-0.06,188.65,199.0,0.0,0.0,0.0,0.0
1776356829532339652,78246,0.0,0.1,0.0,1.0,0.04,0.0,0.06,-4.94,0.75,0.01,0.03,-0.4,-0.0,-0.25,0.0,188.65,190.0,0.0,0.0,0.0,0.0
1776356829634773982,78346,0.0,0.0,0.024,0.2,-0.02,-0.14,0.06,-4.94,0.75,0.01,0.03,-0.38,-0.0,-0.0,-0.06,201.86,191.0,0.0,0.0,0.0,0.0
1776356829733079045,78446,0.0,0.9,0.016,0.3,0.0,0.0,0.06,-4.94,0.75,0.0,0.04,-0.41,0.06,-0.06,-0.06,201.86,191.0,0.0,0.0,0.0,0.0
1776356829831409237,78545,0.0,0.9,0.016,0.3,-0.1,0.1,0.06,-4.94,0.75,0.0,0.02,-0.39,0.06,0.06,0.06,197.57,190.0,0.0,0.0,0.0,0.0
1776356829933765328,78646,0.0,0.5,0.0,1.3,-0.08,-0.12,0.06,-4.94,0.75,0.0,0.01,-0.4,-0.06,-0.06,-0.06,210.6,189.0,0.0,0.0,0.0,0.0
1776356830032065372,78746,0.0,1.2,0.0,0.3,-0.08,0.0,0.06,-4.94,0.75,0.02,0.02,-0.4,-0.0,-0.0,0.25,193.62,189.0,0.0,0.0,0.0,0.0
1776356830134459309,78845,0.0,1.1,0.02,0.3,0.06,-0.08,0.06,-4.94,0.75,0.0,0.04,-0.4,-0.0,-0.06,-0.12,206.49,193.0,0.0,0.0,0.0,0.0
1776356830232758236,78945,0.0,1.3,0.06,0.4,0.21,0.04,0.06,-4.94,0.75,0.0,0.04,-0.4,0.06,-0.06,0.06,201.34,193.0,0.0,0.0,0.0,0.0
1776356830335158395,79045,0.0,1.2,0.056,0.3,-0.04,0.04,0.06,-4.94,0.75,-0.01,0.02,-0.4,-0.0,0.06,0.0,201.34,193.0,0.0,0.0,0.0,0.0
1776356830433451267,79145,0.0,1.2,0.032,0.3,0.02,-0.04,0.06,-4.94,0.75,0.0,0.01,-0.4,-0.06,-0.19,0.06,210.77,185.0,0.0,0.0,0.0,0.0
1776356830535824889,79246,0.0,1.5,0.032,0.3,-0.02,-0.04,0.06,-4.94,0.75,0.0,0.05,-0.39,0.12,-0.0,0.12,198.25,185.0,0.0,0.0,0.0,0.0
1776356830634149019,79347,0.0,1.4,0.02,0.3,-0.1,-0.02,0.06,-4.94,0.75,0.0,0.06,-0.38,-0.0,0.06,-0.06,206.49,185.0,0.0,0.0,0.0,0.0
1776356830736552418,79447,0.0,1.4,0.016,0.1,-0.12,-0.12,0.06,-4.94,0.75,0.0,0.04,-0.38,-0.0,0.06,0.0,205.46,185.0,0.0,0.0,0.0,0.0
1776356830838931188,79548,0.0,1.3,0.012,0.5,-0.16,-0.06,0.06,-4.94,0.75,0.0,0.03,-0.39,0.06,-0.12,0.06,219.69,185.0,0.0,0.0,0.0,0.0
1776356830937237523,79648,0.0,1.2,0.012,0.3,-0.02,-0.02,0.06,-4.94,0.75,0.01,0.03,-0.38,0.12,-0.06,0.12,214.38,188.0,0.0,0.0,0.0,0.0
1776356831039621088,79749,0.0,1.1,0.012,0.3,-0.12,-0.2,0.06,-4.94,0.75,0.0,0.03,-0.39,0.06,0.12,0.0,202.37,192.0,0.0,0.0,0.0,0.0
1776356831137928584,79849,0.0,0.2,0.0,0.5,-0.02,-0.06,0.06,-4.94,0.75,0.0,0.03,-0.4,-0.06,-0.0,0.0,206.49,192.0,0.0,0.0,0.0,0.0
1776356831240270942,79950,0.0,0.7,0.068,0.3,-0.1,-0.02,0.06,-4.94,0.75,0.0,0.04,-0.4,-0.06,-0.0,-0.06,214.55,189.0,0.0,0.0,0.0,0.0
1776356831338584956,80050,0.0,0.6,0.0,1.3,0.06,-0.2,0.06,-4.94,0.75,0.01,0.05,-0.41,0.12,-0.06,-0.06,202.37,189.0,0.0,0.0,0.0,0.0
1776356831440965072,80151,0.0,0.1,0.036,0.5,0.1,0.16,0.06,-4.94,0.75,0.01,0.02,-0.4,-0.06,0.12,0.06,202.37,193.0,0.0,0.0,0.0,0.0
1776356831539298900,80250,0.0,1.2,0.028,0.5,-0.02,0.04,0.06,-4.94,0.75,0.0,0.05,-0.4,-0.06,-0.0,0.0,202.37,191.0,0.0,0.0,0.0,0.0
1776356831641699293,80351,0.0,0.2,0.0,1.0,-0.08,-0.02,0.06,-4.94,0.75,0.0,0.05,-0.36,-0.0,0.06,0.0,202.37,191.0,0.0,0.0,0.0,0.0
1776356831740014733,80451,0.0,0.3,0.0,1.2,-0.1,-0.02,0.06,-4.94,0.75,0.01,0.03,-0.38,-0.0,0.12,0.12,210.77,192.0,0.0,0.0,0.0,0.0
1776356831838289674,80550,0.0,0.3,0.0,1.1,-0.16,-0.02,0.06,-4.94,0.75,0.0,0.03,-0.39,-0.12,-0.12,0.06,206.49,197.0,0.0,0.0,0.0,0.0
1776356831940684512,80650,0.0,0.4,0.0,1.1,-0.04,-0.18,0.06,-4.94,0.75,0.01,0.03,-0.39,-0.0,-0.06,-0.12,202.37,197.0,0.0,0.0,0.0,0.0
1776356832038979192,80750,0.0,0.4,0.0,1.2,0.04,0.04,0.06,-4.94,0.75,-0.01,0.04,-0.42,-0.06,-0.06,0.0,201.34,191.0,0.0,0.0,0.0,0.0
1776356832141385116,80850,0.0,0.2,0.0,0.3,0.0,0.02,0.06,-4.94,0.75,0.0,0.04,-0.38,0.06,-0.12,-0.06,202.37,196.0,0.0,0.0,0.0,0.0
1776356832239704050,80951,0.0,0.9,0.0,1.3,0.02,0.08,0.06,-4.94,0.75,0.0,0.02,-0.37,0.12,-0.0,-0.06,202.37,196.0,0.0,0.0,0.0,0.0
1776356832342075290,81052,0.0,0.3,0.0,1.3,0.08,0.04,0.06,-4.94,0.75,0.02,0.02,-0.38,-0.0,-0.0,0.12,193.45,199.0,0.0,0.0,0.0,0.0
1776356832440334337,81152,0.0,1.5,0.04,0.2,0.06,-0.02,0.06,-4.94,0.75,0.0,0.04,-0.38,-0.19,0.06,0.06,193.45,187.0,0.0,0.0,0.0,0.0
1776356832542769093,81252,0.0,1.4,0.028,0.1,-0.08,0.0,0.06,-4.94,0.75,-0.01,0.02,-0.38,0.12,-0.06,0.06,206.66,187.0,0.0,0.0,0.0,0.0
1776356832641062714,81352,0.0,1.1,0.02,0.4,-0.06,0.0,0.06,-4.94,0.75,0.01,0.03,-0.39,-0.0,0.06,0.0,202.37,185.0,0.0,0.0,0.0,0.0
1776356832743457860,81452,0.0,1.4,0.028,0.6,-0.04,-0.02,0.06,-4.94,0.75,0.01,0.01,-0.39,0.06,-0.06,0.06,202.37,185.0,0.0,0.0,0.0,0.0
1776356833896620396,81553,0.0,1.2,0.016,0.5,-0.06,0.0,0.06,-4.94,0.75,0.0,0.03,-0.38,0.06,-0.12,0.06,202.37,197.0,0.0,0.0,0.0,0.0
1776356833898730157,81652,0.0,1.0,0.016,0.5,-0.02,-0.1,0.06,-4.94,0.75,0.0,0.03,-0.39,-0.0,-0.0,-0.06,202.37,188.0,0.0,0.0,0.0,0.0
1776356833943541194,81753,0.0,0.2,0.016,0.6,-0.1,-0.1,0.06,-4.94,0.75,-0.01,0.03,-0.37,-0.19,-0.0,0.0,202.54,188.0,0.0,0.0,0.0,0.0
1776356833955935456,81853,0.0,0.6,0.024,0.5,-0.14,0.02,0.06,-4.94,0.75,0.01,0.04,-0.39,-0.0,0.12,0.0,201.34,202.0,0.0,0.0,0.0,0.0
1776356833968531305,81953,0.0,0.7,0.072,0.2,0.0,-0.08,0.06,-4.94,0.75,0.01,0.04,-0.35,-0.06,0.12,-0.06,202.37,190.0,0.0,0.0,0.0,0.0
1776356833979942573,82053,0.0,0.7,0.044,0.3,0.02,-0.08,0.06,-4.94,0.75,0.0,0.04,-0.37,-0.0,0.19,0.06,205.46,190.0,0.0,0.0,0.0,0.0
1776356834041799178,82153,0.0,1.0,0.044,0.3,-0.12,-0.2,0.06,-4.94,0.75,0.0,0.03,-0.41,-0.0,0.19,0.06,206.49,187.0,0.0,0.0,0.0,0.0
1776356834053860021,82252,0.0,0.9,0.02,0.3,0.04,-0.1,0.06,-4.94,0.75,0.01,0.03,-0.39,-0.0,-0.12,0.06,197.57,187.0,0.0,0.0,0.0,0.0
1776356834065992696,82353,0.0,1.0,0.024,0.6,-0.04,-0.06,0.06,-4.94,0.75,0.01,0.04,-0.39,-0.06,-0.12,-0.06,206.49,194.0,0.0,0.0,0.0,0.0
1776356834077554460,82453,0.0,0.2,0.0,1.2,-0.14,-0.08,0.06,-4.94,0.75,0.0,0.03,-0.37,-0.0,-0.06,0.0,205.46,196.0,0.0,0.0,0.0,0.0
1776356834144196350,82553,0.0,0.1,0.0,1.4,-0.2,-0.08,0.06,-4.94,0.75,0.0,0.04,-0.35,-0.0,-0.12,0.0,210.77,196.0,0.0,0.0,0.0,0.0
1776356834156357876,82653,0.0,1.3,0.012,0.6,0.08,-0.02,0.06,-4.94,0.75,0.0,0.03,-0.39,0.06,0.12,0.0,197.57,195.0,0.0,0.0,0.0,0.0
1776356834168112616,82753,0.0,1.1,0.004,0.4,0.06,0.1,0.06,-4.94,0.75,0.0,0.04,-0.4,0.19,-0.0,0.0,201.86,190.0,0.0,0.0,0.0,0.0
1776356834179975168,82852,0.0,1.1,0.02,0.2,0.02,0.1,0.06,-4.94,0.75,-0.02,0.04,-0.41,0.06,0.12,-0.06,201.68,190.0,0.0,0.0,0.0,0.0
1776356834242502366,82952,0.0,1.1,0.056,0.3,0.14,-0.04,0.06,-4.94,0.75,0.02,0.03,-0.36,-0.06,0.06,-0.06,197.74,192.0,0.0,0.0,0.0,0.0
1776356834340772420,83052,0.0,1.3,0.044,0.5,-0.04,0.1,0.06,-4.94,0.75,0.0,0.02,-0.4,0.06,0.06,0.0,197.74,193.0,0.0,0.0,0.0,0.0
1776356834443174425,83152,0.0,1.3,0.036,0.5,-0.02,0.0,0.06,-4.94,0.75,0.0,0.05,-0.39,-0.06,-0.0,0.0,193.45,193.0,0.0,0.0,0.0,0.0
1776356834541434905,83252,0.0,1.3,0.024,0.1,-0.08,-0.1,0.06,-4.94,0.75,0.0,0.06,-0.37,-0.06,0.12,0.0,193.45,190.0,0.0,0.0,0.0,0.0
1776356834643895779,83352,0.0,1.2,0.02,0.3,0.1,-0.04,0.06,-4.94,0.75,0.02,0.04,-0.4,-0.0,-0.0,0.12,193.45,189.0,0.0,0.0,0.0,0.0
1776356834742187444,83452,0.0,1.1,0.024,0.2,0.02,-0.12,0.06,-4.94,0.75,0.0,0.03,-0.36,-0.12,0.06,0.06,193.45,189.0,0.0,0.0,0.0,0.0
1776356834844573412,83552,0.0,1.3,0.016,0.7,0.02,0.04,0.06,-4.94,0.75,0.0,0.04,-0.39,-0.12,0.12,-0.06,193.45,190.0,0.0,0.0,0.0,0.0
1776356834942883076,83652,0.0,0.1,0.0,1.1,0.06,-0.14,0.06,-4.94,0.75,0.0,0.04,-0.38,-0.12,-0.0,0.0,197.57,190.0,0.0,0.0,0.0,0.0
1776356835041171463,83751,0.0,0.2,0.0,1.1,-0.04,-0.23,0.06,-4.94,0.75,0.0,0.03,-0.37,-0.12,0.12,0.0,193.28,191.0,0.0,0.0,0.0,0.0
1776356835143570407,83852,0.0,0.1,0.0,1.2,0.06,-0.12,0.06,-4.94,0.75,-0.02,0.03,-0.38,-0.0,-0.12,0.0,197.57,188.0,0.0,0.0,0.0,0.0
1776356835241863288,83952,0.012,0.2,0.0,0.5,-0.06,-0.21,0.06,-4.94,0.75,0.0,0.03,-0.37,-0.12,0.06,0.0,193.45,188.0,0.0,0.0,0.0,0.0
1776356835344289176,84052,0.0,0.8,0.052,0.5,-0.06,-0.1,0.06,-4.94,0.75,0.0,0.03,-0.39,-0.0,-0.0,-0.12,197.74,196.0,0.0,0.0,0.0,0.0
1776356835442501985,84152,0.0,1.0,0.0,1.4,-0.1,-0.02,0.06,-4.94,0.75,0.0,0.03,-0.39,0.19,-0.06,0.06,197.57,195.0,0.0,0.0,0.0,0.0
1776356835544948632,84253,0.0,1.3,0.028,0.4,0.02,-0.08,0.06,-4.94,0.75,0.0,0.05,-0.34,-0.0,-0.0,0.0,197.57,195.0,0.0,0.0,0.0,0.0
1776356835643227902,84353,0.0,1.5,0.024,0.5,-0.02,-0.21,0.06,-4.94,0.75,0.01,0.04,-0.4,-0.0,0.06,-0.06,197.57,184.0,0.0,0.0,0.0,0.0
1776356835752585929,84454,0.0,1.2,0.024,0.6,-0.04,-0.02,0.06,-4.94,0.75,0.01,0.04,-0.36,-0.06,-0.06,0.0,197.57,184.0,0.0,0.0,0.0,0.0
1776356835856556611,84555,0.0,1.1,0.016,0.3,-0.14,-0.08,0.06,-4.94,0.75,0.0,0.03,-0.37,-0.0,-0.06,0.0,197.57,196.0,0.0,0.0,0.0,0.0
1776356835946330949,84655,0.0,1.4,0.004,0.7,0.16,0.02,0.06,-4.94,0.75,0.0,0.02,-0.37,0.06,-0.06,0.06,197.57,192.0,0.0,0.0,0.0,0.0
1776356836048731594,84756,0.0,1.1,0.008,0.5,-0.08,-0.1,0.06,-4.94,0.75,0.03,0.03,-0.36,-0.0,-0.0,0.12,197.57,192.0,0.0,0.0,0.0,0.0
1776356836147033451,84855,0.0,1.2,0.016,0.3,-0.14,-0.1,0.06,-4.94,0.75,0.0,0.03,-0.37,-0.06,0.12,0.0,193.45,191.0,0.0,0.0,0.0,0.0
1776356836249430833,84956,0.0,1.2,0.06,0.1,-0.16,-0.08,0.06,-4.94,0.75,0.0,0.04,-0.35,-0.0,-0.06,0.0,193.45,193.0,0.0,0.0,0.0,0.0
1776356836347716172,85056,0.0,1.2,0.0,1.3,-0.1,0.08,0.06,-4.94,0.75,0.0,0.04,-0.35,-0.0,0.06,0.12,193.45,193.0,0.0,0.0,0.0,0.0
1776356836450091741,85156,0.0,0.2,0.0,0.8,0.0,-0.06,0.06,-4.94,0.75,-0.01,0.04,-0.36,0.06,-0.06,-0.06,193.45,197.0,0.0,0.0,0.0,0.0
1776356836548439467,85257,0.0,0.1,0.0,0.9,-0.02,0.0,0.06,-4.94,0.75,0.0,0.04,-0.38,-0.06,-0.06,0.0,193.45,191.0,0.0,0.0,0.0,0.0
1776356836650828591,85357,0.0,0.8,0.032,0.3,-0.1,-0.18,0.06,-4.94,0.75,-0.01,0.03,-0.38,0.12,-0.06,0.06,196.54,191.0,0.0,0.0,0.0,0.0
1776356836749103244,85457,0.0,0.4,0.0,1.1,0.02,0.0,0.06,-4.94,0.75,0.0,0.02,-0.35,0.06,-0.19,0.06,193.28,193.0,0.0,0.0,0.0,0.0
1776356836856562702,85557,0.0,0.3,0.0,1.3,0.12,0.02,0.06,-4.94,0.75,0.01,0.04,-0.36,-0.19,0.12,0.06,196.54,188.0,0.0,0.0,0.0,0.0
1776356836949797392,85658,0.0,1.1,0.012,0.2,0.04,-0.1,0.06,-4.94,0.75,0.0,0.02,-0.36,-0.06,-0.12,-0.06,197.57,188.0,0.0,0.0,0.0,0.0
1776356837048095729,85757,0.0,1.3,0.016,0.2,-0.02,0.02,0.06,-4.94,0.75,0.0,0.03,-0.36,-0.19,-0.0,0.0,193.45,185.0,0.0,0.0,0.0,0.0
1776356837150500588,85857,0.0,1.4,0.024,0.6,0.06,-0.02,0.06,-4.94,0.75,0.0,0.03,-0.36,0.12,-0.12,0.0,193.45,185.0,0.0,0.0,0.0,0.0
1776356837248787402,85957,0.0,1.2,0.068,0.5,-0.04,-0.14,0.06,-4.94,0.75,0.0,0.04,-0.37,0.06,0.06,0.06,197.74,188.0,0.0,0.0,0.0,0.0
1776356837351223149,86057,0.0,1.3,0.052,0.3,-0.08,-0.1,0.06,-4.94,0.75,0.0,0.02,-0.37,0.12,-0.06,-0.06,197.57,186.0,0.0,0.0,0.0,0.0
1776356837449450484,86157,0.0,0.0,0.0,1.2,-0.12,-0.1,0.06,-4.94,0.75,0.0,0.03,-0.36,-0.0,-0.0,0.12,197.57,186.0,0.0,0.0,0.0,0.0
1776356837547757132,86257,0.0,0.9,0.04,0.1,0.12,-0.1,0.06,-4.94,0.75,-0.02,0.04,-0.37,-0.0,-0.06,0.06,197.57,193.0,0.0,0.0,0.0,0.0
1776356837650170934,86356,0.0,0.7,0.028,0.3,-0.06,0.02,0.06,-4.94,0.75,0.0,0.02,-0.39,-0.19,-0.0,0.0,197.57,190.0,0.0,0.0,0.0,0.0
1776356837844549638,86457,0.0,0.6,0.02,0.1,-0.02,-0.02,0.06,-4.94,0.75,0.0,0.03,-0.37,-0.0,-0.0,0.06,11927.48,191.0,0.0,0.0,0.0,0.0
1776356837856873103,86557,0.0,1.3,0.016,0.2,0.06,0.04,0.06,-4.94,0.75,0.0,0.03,-0.36,-0.0,-0.19,0.06,11926.97,191.0,0.0,0.0,0.0,0.0
1776356837953250262,86658,0.0,1.1,0.016,0.3,0.04,-0.1,0.06,-4.94,0.75,0.01,0.03,-0.38,-0.12,-0.06,0.06,226.89,187.0,0.0,0.0,0.0,0.0
1776356838051563296,86759,0.0,1.0,0.008,0.5,0.0,-0.04,0.06,-4.94,0.75,0.01,0.02,-0.39,-0.19,-0.0,-0.06,210.77,187.0,0.0,0.0,0.0,0.0
1776356838153950983,86859,0.0,0.4,0.0,1.3,-0.2,0.08,0.06,-4.94,0.75,0.0,0.03,-0.38,-0.0,0.12,0.06,210.77,188.0,0.0,0.0,0.0,0.0
1776356838252241644,86959,0.004,0.2,0.0,1.1,0.02,-0.18,0.06,-4.94,0.75,0.0,0.03,-0.36,-0.12,-0.12,0.0,227.92,188.0,0.0,0.0,0.0,0.0
1776356838350585137,87059,0.0,0.1,0.0,1.1,-0.08,-0.04,0.06,-4.94,0.75,0.0,0.03,-0.35,0.06,-0.0,0.12,210.6,194.0,0.0,0.0,0.0,0.0
1776356838452937510,87158,0.0,0.2,0.0,0.6,-0.06,-0.04,0.06,-4.94,0.75,0.0,0.03,-0.39,-0.0,0.31,-0.06,210.77,198.0,0.0,0.0,0.0,0.0
1776356838551196616,87258,0.0,0.8,0.032,0.1,0.14,-0.06,0.06,-4.94,0.75,0.02,0.04,-0.35,0.06,0.06,0.12,205.8,198.0,0.0,0.0,0.0,0.0
1776356838653630431,87359,0.0,0.7,0.028,0.5,0.06,0.0,0.06,-4.94,0.75,-0.02,0.05,-0.38,0.19,0.06,-0.06,214.89,191.0,0.0,0.0,0.0,0.0
1776356838751941685,87458,0.0,0.8,0.0,1.5,-0.16,0.02,0.06,-4.94,0.75,0.0,0.02,-0.36,-0.12,0.12,0.0,201.68,189.0,0.0,0.0,0.0,0.0
1776356838860549916,87558,0.0,0.3,0.0,1.5,0.02,-0.1,0.06,-4.94,0.75,0.0,0.04,-0.36,0.12,-0.12,0.12,204.77,189.0,0.0,0.0,0.0,0.0
1776356838952668476,87658,0.0,1.3,0.012,0.5,-0.08,-0.04,0.06,-4.94,0.75,0.0,0.02,-0.39,0.06,-0.0,0.0,205.97,198.0,0.0,0.0,0.0,0.0
1776356839050913506,87758,0.0,1.2,0.012,0.3,-0.02,-0.08,0.06,-4.94,0.75,0.01,0.04,-0.41,0.06,-0.0,-0.06,201.86,189.0,0.0,0.0,0.0,0.0
1776356839153322019,87858,0.0,1.3,0.028,0.3,0.06,-0.04,0.06,-4.94,0.75,0.0,0.03,-0.35,-0.0,-0.06,0.0,200.66,189.0,0.0,0.0,0.0,0.0
1776356839251608083,87958,0.0,1.0,0.06,0.2,-0.14,-0.04,0.06,-4.94,0.75,0.0,0.03,-0.4,-0.0,-0.06,0.0,205.97,197.0,0.0,0.0,0.0,0.0
1776356839349900517,88057,0.0,1.1,0.048,0.1,-0.1,-0.16,0.06,-4.94,0.75,-0.01,0.04,-0.39,-0.19,-0.0,0.06,201.86,197.0,0.0,0.0,0.0,0.0
1776356839452273050,88157,0.0,1.4,0.04,0.3,-0.1,-0.02,0.06,-4.94,0.75,0.01,0.03,-0.4,0.06,-0.0,0.06,217.98,177.0,0.0,0.0,0.0,0.0
1776356839550565335,88258,0.0,0.5,0.0,1.4,-0.1,0.02,0.06,-4.94,0.75,0.01,0.01,-0.37,0.12,-0.06,0.0,197.57,196.0,0.0,0.0,0.0,0.0
1776356839648867009,88357,0.0,0.9,0.02,0.0,0.04,-0.08,0.06,-4.94,0.75,0.0,0.04,-0.37,-0.0,-0.0,0.06,197.57,196.0,0.0,0.0,0.0,0.0
1776356839751302633,88457,0.0,0.3,0.0,1.3,0.06,-0.1,0.06,-4.94,0.75,0.0,0.03,-0.37,-0.19,0.12,0.12,197.57,206.0,0.0,0.0,0.0,0.0
1776356839849610400,88557,0.0,0.2,0.0,1.3,0.04,-0.14,0.06,-4.94,0.75,0.0,0.04,-0.39,-0.0,0.06,0.06,197.57,195.0,0.0,0.0,0.0,0.0
1776356839947870390,88656,0.0,0.7,0.0,1.5,0.04,-0.08,0.06,-4.94,0.75,0.01,0.04,-0.37,-0.12,-0.0,0.06,196.54,195.0,0.0,0.0,0.0,0.0
1776356840050283531,88756,0.0,0.3,0.0,1.3,0.0,0.02,0.06,-4.94,0.75,0.01,0.03,-0.39,-0.12,-0.0,0.0,201.68,194.0,0.0,0.0,0.0,0.0
1776356840148556775,88856,0.0,1.3,0.028,0.3,-0.14,-0.08,0.06,-4.94,0.75,0.01,0.03,-0.38,-0.0,0.12,0.06,197.57,183.0,0.0,0.0,0.0,0.0
1776356840250984060,88955,0.0,0.4,0.0,1.4,0.1,-0.02,0.06,-4.94,0.75,0.0,0.03,-0.36,-0.06,-0.0,0.0,201.68,183.0,0.0,0.0,0.0,0.0
1776356840349252785,89055,0.0,1.2,0.0,1.1,0.0,0.08,0.06,-4.94,0.75,0.01,0.04,-0.37,0.19,0.06,0.0,201.68,190.0,0.0,0.0,0.0,0.0
1776356840451647590,89155,0.0,0.3,0.0,0.9,-0.31,-0.12,0.06,-4.94,0.75,0.0,0.05,-0.39,-0.0,-0.06,0.0,201.68,190.0,0.0,0.0,0.0,0.0
1776356840549925519,89255,0.0,1.0,0.032,0.4,-0.1,-0.12,0.06,-4.94,0.75,0.0,0.04,-0.41,-0.06,0.06,-0.06,210.6,193.0,0.0,0.0,0.0,0.0
1776356840648251280,89355,0.0,1.1,0.02,0.3,-0.08,-0.12,0.06,-4.94,0.75,0.0,0.04,-0.4,-0.0,-0.12,0.0,201.86,184.0,0.0,0.0,0.0,0.0
1776356840776559717,89455,0.0,0.1,0.02,0.2,-0.06,-0.02,0.06,-4.94,0.75,0.0,0.04,-0.39,-0.0,0.06,0.06,201.86,184.0,0.0,0.0,0.0,0.0
1776356840848971697,89554,0.0,1.2,0.016,0.5,-0.14,-0.16,0.06,-4.94,0.75,0.0,0.03,-0.41,0.12,-0.06,0.0,209.74,194.0,0.0,0.0,0.0,0.0
1776356840951354743,89655,0.0,1.3,0.012,0.7,0.06,-0.04,0.06,-4.94,0.75,-0.01,0.05,-0.37,-0.12,-0.12,0.0,210.77,196.0,0.0,0.0,0.0,0.0
1776356841049654280,89755,0.0,1.1,0.008,0.6,-0.18,-0.02,0.06,-4.94,0.75,0.0,0.02,-0.36,0.06,-0.06,-0.06,197.57,196.0,0.0,0.0,0.0,0.0
1776356841156561871,89854,0.0,1.4,0.024,0.3,0.06,-0.14,0.06,-4.94,0.75,0.01,0.03,-0.37,-0.06,0.06,0.0,193.45,190.0,0.0,0.0,0.0,0.0
1776356841250341354,89954,0.0,1.2,0.0,0.9,0.02,0.02,0.06,-4.94,0.75,0.0,0.03,-0.37,-0.06,-0.0,-0.06,197.74,194.0,0.0,0.0,0.0,0.0
1776356841348641499,90054,0.0,0.6,0.048,0.3,-0.02,-0.02,0.06,-4.94,0.75,0.0,0.05,-0.38,0.06,-0.06,0.0,197.57,194.0,0.0,0.0,0.0,0.0
1776356841446921607,90153,0.0,0.9,0.04,0.3,0.12,-0.1,0.06,-4.94,0.75,0.01,0.04,-0.38,0.06,0.12,0.0,202.37,193.0,0.0,0.0,0.0,0.0
1776356841549289130,90253,0.0,1.0,0.024,0.6,-0.08,-0.02,0.06,-4.94,0.75,0.02,0.03,-0.39,0.06,-0.0,0.0,201.17,193.0,0.0,0.0,0.0,0.0
1776356841647626811,90353,0.0,0.9,0.02,0.5,-0.02,-0.18,0.06,-4.94,0.75,0.0,0.03,-0.39,-0.06,-0.06,0.0,202.37,197.0,0.0,0.0,0.0,0.0
1776356841745903642,90452,0.0,1.0,0.016,0.2,0.02,-0.04,0.06,-4.94,0.75,0.0,0.03,-0.41,-0.0,0.12,0.06,202.37,191.0,0.0,0.0,0.0,0.0
1776356841856564507,90552,0.0,1.3,0.0,1.1,0.02,-0.08,0.06,-4.94,0.75,0.0,0.04,-0.42,-0.06,-0.0,0.0,198.25,191.0,0.0,0.0,0.0,0.0
1776356841946619678,90652,0.0,0.3,0.0,0.4,0.08,-0.04,0.06,-4.94,0.75,0.0,0.02,-0.38,-0.06,0.06,0.0,202.37,189.0,0.0,0.0,0.0,0.0
1776356842049021253,90753,0.0,0.9,0.02,0.2,-0.18,-0.12,0.06,-4.94,0.75,-0.02,0.03,-0.39,0.06,0.06,0.06,193.45,191.0,0.0,0.0,0.0,0.0
1776356842151399214,90854,0.0,0.2,0.0,1.4,-0.14,-0.14,0.06,-4.94,0.75,0.01,0.03,-0.4,-0.06,0.06,0.06,193.45,191.0,0.0,0.0,0.0,0.0
1776356842249710298,90954,0.004,0.2,0.0,1.4,-0.06,0.02,0.06,-4.94,0.75,0.0,0.03,-0.39,-0.0,-0.0,0.0,198.25,200.0,0.0,0.0,0.0,0.0
1776356842347970383,91054,0.0,0.0,0.0,1.0,-0.1,0.04,0.06,-4.94,0.75,0.02,0.04,-0.42,0.06,-0.06,-0.06,202.37,185.0,0.0,0.0,0.0,0.0
1776356842450366103,91154,0.0,1.2,0.0,1.1,0.04,-0.06,0.06,-4.94,0.75,0.0,0.05,-0.4,-0.12,0.12,0.12,206.66,185.0,0.0,0.0,0.0,0.0
1776356842548660817,91254,0.0,0.4,0.0,1.2,-0.14,0.04,0.06,-4.94,0.75,0.01,0.03,-0.4,-0.0,-0.0,0.0,202.37,195.0,0.0,0.0,0.0,0.0
1776356842651091591,91354,0.0,0.6,0.024,0.3,-0.08,0.0,0.06,-4.94,0.75,0.01,0.02,-0.4,-0.0,0.06,0.0,193.45,195.0,0.0,0.0,0.0,0.0
1776356842749378842,91454,0.0,0.7,0.016,0.3,0.0,0.02,0.06,-4.94,0.75,0.01,0.03,-0.4,-0.12,-0.06,0.06,205.46,194.0,0.0,0.0,0.0,0.0
1776356842876552370,91554,0.0,0.8,0.016,0.2,-0.04,-0.02,0.06,-4.94,0.75,0.0,0.02,-0.4,-0.06,-0.06,-0.06,202.37,199.0,0.0,0.0,0.0,0.0
1776356842950113590,91654,0.0,0.7,0.012,0.1,0.0,-0.02,0.06,-4.94,0.75,0.0,0.03,-0.39,-0.06,-0.0,0.06,201.34,199.0,0.0,0.0,0.0,0.0
1776356843048367821,91754,0.0,0.5,0.0,0.4,0.1,-0.14,0.06,-4.94,0.75,0.0,0.03,-0.39,-0.06,-0.06,0.0,202.37,199.0,0.0,0.0,0.0,0.0
1776356843150777628,91854,0.0,1.3,0.032,0.3,-0.12,-0.14,0.06,-4.94,0.75,0.0,0.04,-0.42,-0.06,0.12,-0.06,219.69,194.0,0.0,0.0,0.0,0.0
1776356843249058245,91954,0.0,1.0,0.064,0.2,0.0,-0.06,0.06,-4.94,0.75,0.0,0.01,-0.38,-0.06,-0.0,0.0,206.66,194.0,0.0,0.0,0.0,0.0
1776356843351470366,92054,0.0,1.2,0.04,0.3,0.02,-0.14,0.06,-4.94,0.75,0.0,0.04,-0.43,-0.0,0.06,0.0,206.49,181.0,0.0,0.0,0.0,0.0
1776356843449715187,92153,0.0,0.1,0.0,1.1,0.0,-0.06,0.06,-4.94,0.75,0.0,0.03,-0.39,0.06,-0.0,0.0,202.37,191.0,0.0,0.0,0.0,0.0
1776356843552131290,92254,0.0,0.4,0.0,0.3,-0.14,-0.06,0.06,-4.94,0.75,0.0,0.03,-0.4,0.06,0.06,-0.06,202.37,191.0,0.0,0.0,0.0,0.0
1776356843650452405,92354,0.0,0.7,0.032,0.3,0.0,-0.08,0.06,-4.94,0.75,0.01,0.03,-0.41,-0.12,-0.06,-0.06,201.51,198.0,0.0,0.0,0.0,0.0
1776356843758808170,92454,0.0,0.9,0.016,0.5,-0.12,-0.21,0.06,-4.94,0.75,0.0,0.03,-0.4,-0.12,-0.12,0.06,202.37,198.0,0.0,0.0,0.0,0.0
1776356843851137384,92554,0.0,-0.1,0.0,1.5,-0.06,0.06,0.06,-4.94,0.75,0.02,0.03,-0.43,-0.12,-0.0,0.0,202.37,194.0,0.0,0.0,0.0,0.0
1776356843949449685,92654,0.0,0.8,0.004,0.3,-0.06,-0.06,0.06,-4.94,0.75,-0.01,0.01,-0.42,-0.06,0.06,0.0,206.66,193.0,0.0,0.0,0.0,0.0
1776356844056557479,92753,0.0,1.0,0.016,0.3,-0.08,0.06,0.06,-4.94,0.75,0.0,0.03,-0.41,-0.19,-0.06,0.0,206.66,193.0,0.0,0.0,0.0,0.0
1776356844150145304,92854,0.0,0.2,0.0,1.1,0.02,-0.06,0.06,-4.94,0.75,-0.02,0.02,-0.39,-0.0,-0.0,0.0,206.66,189.0,0.0,0.0,0.0,0.0
1776356844252577457,92954,0.008,0.3,0.0,1.0,-0.04,-0.02,0.06,-4.94,0.75,0.0,0.02,-0.39,0.06,-0.06,-0.06,196.54,194.0,0.0,0.0,0.0,0.0
1776356844350831828,93054,0.0,0.4,0.048,0.6,-0.02,-0.2,0.06,-4.94,0.75,0.02,0.03,-0.4,-0.06,-0.19,0.0,197.57,194.0,0.0,0.0,0.0,0.0
1776356844453216575,93154,0.0,1.0,0.04,0.3,-0.08,-0.18,0.06,-4.94,0.75,0.02,0.05,-0.39,-0.0,-0.0,-0.19,193.45,192.0,0.0,0.0,0.0,0.0
1776356844551488538,93254,0.0,1.0,0.028,0.5,0.08,-0.2,0.06,-4.94,0.75,-0.01,0.03,-0.36,-0.0,-0.0,0.0,197.57,187.0,0.0,0.0,0.0,0.0
1776356844649826500,93353,0.0,0.0,0.0,1.2,0.14,-0.08,0.06,-4.94,0.75,0.01,0.04,-0.4,-0.12,-0.0,-0.06,206.49,187.0,0.0,0.0,0.0,0.0
1776356844756559301,93453,0.0,0.2,0.0,1.5,-0.04,-0.16,0.06,-4.94,0.75,0.0,0.03,-0.38,-0.12,0.19,0.12,197.57,190.0,0.0,0.0,0.0,0.0
1776356844850514709,93552,0.0,0.3,0.008,0.3,0.16,-0.02,0.06,-4.94,0.75,0.0,0.02,-0.37,-0.0,0.06,-0.19,210.77,190.0,0.0,0.0,0.0,0.0
1776356844948828598,93651,0.0,1.3,0.012,0.3,-0.04,-0.16,0.06,-4.94,0.75,0.0,0.04,-0.39,-0.0,0.12,0.06,197.57,189.0,0.0,0.0,0.0,0.0
1776356845047069506,93751,0.0,1.2,0.016,0.3,0.02,-0.02,0.06,-4.94,0.75,0.01,0.04,-0.38,0.06,0.12,0.0,206.49,188.0,0.0,0.0,0.0,0.0
1776356845149508376,93851,0.0,1.1,0.028,0.2,0.14,0.04,0.06,-4.94,0.75,-0.01,0.04,-0.35,0.06,-0.06,0.0,206.66,188.0,0.0,0.0,0.0,0.0
1776356845247805370,93950,0.0,1.2,0.064,0.4,0.1,0.04,0.06,-4.94,0.75,0.0,0.02,-0.39,0.06,-0.06,-0.06,197.57,194.0,0.0,0.0,0.0,0.0
1776356845350166853,94051,0.0,0.4,0.0,0.5,0.08,-0.1,0.06,-4.94,0.75,0.0,0.03,-0.37,0.12,-0.0,-0.19,193.45,192.0,0.0,0.0,0.0,0.0
1776356845448441237,94151,0.0,0.9,0.04,0.3,-0.1,-0.14,0.06,-4.94,0.75,0.0,0.02,-0.39,-0.0,-0.0,-0.06,196.54,192.0,0.0,0.0,0.0,0.0
1776356845546728306,94251,0.0,0.6,0.032,0.3,-0.04,-0.12,0.06,-4.94,0.75,0.01,0.05,-0.39,-0.06,-0.0,0.12,201.68,192.0,0.0,0.0,0.0,0.0
1776356845649185916,94351,0.0,1.0,0.016,0.3,-0.04,0.06,0.06,-4.94,0.75,-0.01,0.03,-0.38,0.12,0.06,0.0,197.57,187.0,0.0,0.0,0.0,0.0
1776356845747482799,94450,0.0,0.4,0.024,0.3,-0.06,-0.12,0.06,-4.94,0.75,-0.01,0.01,-0.41,-0.0,-0.0,0.06,200.66,187.0,0.0,0.0,0.0,0.0
1776356845852560619,94550,0.0,1.3,0.02,0.5,0.0,0.08,0.06,-4.94,0.75,0.0,0.05,-0.39,-0.06,0.06,0.06,201.86,191.0,0.0,0.0,0.0,0.0
1776356845948171868,94650,0.0,0.1,0.0,1.1,0.0,-0.06,0.06,-4.94,0.75,0.01,0.02,-0.37,-0.0,0.12,0.06,201.68,191.0,0.0,0.0,0.0,0.0
1776356846046417272,94750,0.0,0.2,0.0,1.0,0.12,-0.12,0.06,-4.94,0.75,0.0,0.02,-0.37,-0.12,0.12,0.06,201.86,195.0,0.0,0.0,0.0,0.0
1776356846148862636,94851,0.0,0.0,0.0,0.3,0.08,0.04,0.06,-4.94,0.75,0.0,0.04,-0.36,-0.0,-0.0,0.12,201.68,193.0,0.0,0.0,0.0,0.0
1776356846251257705,94951,0.0,0.9,0.06,0.5,0.1,-0.08,0.06,-4.94,0.75,0.01,0.04,-0.37,0.06,-0.0,0.12,201.68,193.0,0.0,0.0,0.0,0.0
1776356846349612859,95051,0.0,0.9,0.052,0.2,-0.04,0.08,0.06,-4.94,0.75,-0.01,0.04,-0.37,0.06,-0.19,0.06,11927.65,201.0,0.0,0.0,0.0,0.0
1776356846447891720,95151,0.0,1.0,0.04,0.2,-0.04,-0.04,0.06,-4.94,0.75,0.0,0.02,-0.39,0.12,-0.12,0.06,11928.68,197.0,0.0,0.0,0.0,0.0
1776356846552114482,95251,0.0,0.9,0.04,0.3,0.0,-0.06,0.06,-4.94,0.75,0.03,0.04,-0.38,0.06,-0.06,0.06,11926.11,187.0,0.0,0.0,0.0,0.0
1776356846650538284,95351,0.0,0.5,0.0,1.5,-0.12,0.06,0.06,-4.94,0.75,0.0,0.05,-0.35,-0.06,0.12,0.0,11928.51,187.0,0.0,0.0,0.0,0.0
1776356846776584073,95452,0.0,1.3,0.02,0.3,0.04,-0.02,0.06,-4.94,0.75,0.0,0.04,-0.4,-0.0,-0.12,0.12,227.92,191.0,0.0,0.0,0.0,0.0
1776356846851169992,95552,0.0,1.2,0.008,0.5,0.02,-0.14,0.06,-4.94,0.75,0.0,0.01,-0.36,0.06,-0.0,-0.06,11928.0,193.0,0.0,0.0,0.0,0.0
1776356846953642688,95652,0.0,1.1,0.016,0.3,-0.06,-0.06,0.06,-4.94,0.75,0.01,0.03,-0.38,-0.0,0.06,0.06,11929.37,193.0,0.0,0.0,0.0,0.0
1776356847049915025,95752,0.0,1.3,0.0,0.7,0.08,-0.08,0.06,-4.94,0.75,0.0,0.01,-0.38,-0.0,-0.12,-0.12,214.89,193.0,0.0,0.0,0.0,0.0
1776356847154239390,95853,0.0,0.7,0.028,0.2,0.02,-0.04,0.06,-4.94,0.75,0.0,0.05,-0.38,0.06,-0.06,-0.06,11929.03,198.0,0.0,0.0,0.0,0.0
1776356847250619203,95953,0.0,0.9,0.064,0.5,-0.02,-0.16,0.06,-4.94,0.75,0.02,0.02,-0.36,-0.0,0.06,0.0,197.57,189.0,0.0,0.0,0.0,0.0
1776356847353014470,96053,0.0,1.5,0.048,0.5,0.1,-0.02,0.06,-4.94,0.75,0.01,0.04,-0.4,-0.0,-0.12,0.0,209.57,189.0,0.0,0.0,0.0,0.0
1776356847451360398,96153,0.0,0.2,0.044,0.5,0.08,-0.06,0.06,-4.94,0.75,0.0,0.02,-0.39,0.19,0.12,0.06,11928.68,197.0,0.0,0.0,0.0,0.0
1776356847553702277,96253,0.0,1.0,0.028,0.6,-0.02,0.1,0.06,-4.94,0.75,0.01,0.03,-0.36,-0.0,0.12,0.0,214.89,199.0,0.0,0.0,0.0,0.0
1776356847652016354,96353,0.0,0.7,0.02,0.3,0.06,-0.06,0.06,-4.94,0.75,0.0,0.02,-0.37,-0.12,0.06,-0.19,201.68,199.0,0.0,0.0,0.0,0.0
1776356847754407974,96454,0.0,0.9,0.0,0.7,0.08,-0.33,0.06,-4.94,0.75,0.0,0.04,-0.38,-0.0,-0.12,-0.19,201.68,194.0,0.0,0.0,0.0,0.0
1776356847852694607,96555,0.0,0.1,0.0,1.3,0.02,0.14,0.06,-4.94,0.75,0.0,0.04,-0.4,-0.06,0.06,0.06,205.97,194.0,0.0,0.0,0.0,0.0
1776356847955090781,96655,0.0,1.3,0.012,0.6,-0.02,-0.16,0.06,-4.94,0.75,0.0,0.04,-0.38,-0.0,-0.06,-0.12,205.97,192.0,0.0,0.0,0.0,0.0
1776356848053393467,96755,0.0,0.2,0.0,0.9,0.1,-0.08,0.06,-4.94,0.75,0.0,0.03,-0.4,-0.12,-0.06,0.0,201.86,192.0,0.0,0.0,0.0,0.0
1776356848155786470,96855,0.0,0.3,0.0,1.2,-0.08,-0.12,0.06,-4.94,0.75,0.01,0.05,-0.37,-0.0,0.06,0.0,201.86,192.0,0.0,0.0,0.0,0.0
1776356848256016733,96955,0.0,0.6,0.06,0.2,-0.06,-0.12,0.06,-4.94,0.75,0.0,0.02,-0.37,-0.06,0.06,0.0,11929.03,182.0,0.0,0.0,0.0,0.0
1776356848352527129,97055,0.0,0.8,0.052,0.2,0.0,0.0,0.06,-4.94,0.75,0.0,0.04,-0.4,0.06,-0.0,0.0,11929.2,197.0,0.0,0.0,0.0,0.0
1776356848536541601,97155,0.0,0.7,0.04,0.3,-0.1,0.0,0.06,-4.94,0.75,0.0,0.02,-0.36,-0.0,-0.06,0.06,11928.51,194.0,0.0,0.0,0.0,0.0
1776356848555053435,97255,0.0,0.8,0.0,1.0,0.02,-0.04,0.06,-4.94,0.75,0.0,0.04,-0.36,-0.0,-0.0,0.12,11929.03,194.0,0.0,0.0,0.0,0.0
1776356848661449852,97354,0.0,0.0,0.0,1.6,-0.18,0.0,0.06,-4.94,0.75,-0.01,0.03,-0.37,0.06,-0.0,0.06,210.6,193.0,0.0,0.0,0.0,0.0
1776356848753773024,97454,0.0,1.4,0.016,0.3,0.06,-0.02,0.06,-4.94,0.75,-0.01,0.04,-0.39,0.06,-0.12,-0.06,219.01,193.0,0.0,0.0,0.0,0.0
1776356848852011246,97554,0.0,1.3,0.02,0.2,-0.18,-0.1,0.06,-4.94,0.75,0.03,0.03,-0.38,-0.0,-0.0,0.0,219.01,198.0,0.0,0.0,0.0,0.0
1776356848968584787,97654,0.0,1.3,0.012,0.3,-0.08,-0.16,0.06,-4.94,0.75,0.0,0.03,-0.38,-0.12,-0.06,-0.06,201.86,198.0,0.0,0.0,0.0,0.0
1776356849052754577,97754,0.0,0.6,0.0,1.0,-0.08,0.04,0.06,-4.94,0.75,0.0,0.03,-0.39,-0.12,0.25,0.06,210.77,194.0,0.0,0.0,0.0,0.0
1776356849155145371,97854,0.0,0.8,0.036,0.3,-0.1,-0.02,0.06,-4.94,0.75,0.0,0.02,-0.42,0.06,-0.06,-0.06,213.86,185.0,0.0,0.0,0.0,0.0
1776356849255357536,97953,0.0,1.0,0.0,1.5,-0.02,0.0,0.06,-4.94,0.75,0.01,0.03,-0.36,0.06,-0.06,-0.06,11932.11,186.0,0.0,0.0,0.0,0.0
1776356849351770190,98053,0.0,0.3,0.0,1.4,-0.04,-0.14,0.06,-4.94,0.75,0.01,0.03,-0.37,-0.06,-0.0,-0.06,11931.94,186.0,0.0,0.0,0.0,0.0
1776356849460129921,98153,0.0,1.3,0.044,0.3,-0.02,-0.04,0.06,-4.94,0.75,-0.02,0.05,-0.38,-0.0,0.12,-0.06,11932.8,192.0,0.0,0.0,0.0,0.0
1776356849554355687,98253,0.0,1.2,0.0,1.1,0.12,-0.08,0.06,-4.94,0.75,0.01,0.02,-0.38,0.06,-0.12,-0.06,11930.91,190.0,0.0,0.0,0.0,0.0
1776356849654800699,98353,0.0,0.3,0.0,1.0,0.04,-0.18,0.06,-4.94,0.75,-0.01,0.03,-0.36,-0.0,0.06,0.12,11930.05,190.0,0.0,0.0,0.0,0.0
1776356849852550081,98453,0.0,0.9,0.012,0.7,0.12,-0.16,0.06,-4.94,0.75,-0.01,0.05,-0.38,-0.0,-0.19,0.0,11931.08,193.0,0.0,0.0,0.0,0.0
1776356849865150345,98553,0.0,0.2,0.0,1.4,-0.08,-0.08,0.06,-4.94,0.75,0.0,0.04,-0.39,0.12,-0.0,0.06,11928.51,195.0,0.0,0.0,0.0,0.0
1776356849961807844,98653,0.0,0.2,0.0,1.2,-0.08,-0.12,0.06,-4.94,0.75,0.0,0.03,-0.38,-0.0,-0.12,0.0,11929.88,195.0,0.0,0.0,0.0,0.0
1776356850054027642,98753,0.0,1.3,0.008,0.3,-0.02,0.04,0.06,-4.94,0.75,0.0,0.04,-0.4,0.19,-0.06,0.0,11928.51,191.0,0.0,0.0,0.0,0.0
1776356850162441292,98853,0.0,0.2,0.0,1.2,0.02,-0.14,0.06,-4.94,0.75,0.0,0.02,-0.41,-0.0,-0.0,0.06,11930.05,194.0,0.0,0.0,0.0,0.0
1776356850260728151,98953,0.0,0.6,0.048,0.4,-0.06,-0.25,0.06,-4.94,0.75,0.03,0.02,-0.38,-0.0,-0.0,0.06,11930.4,194.0,0.0,0.0,0.0,0.0
1776356850355197277,99052,0.0,0.9,0.048,0.5,-0.21,0.02,0.06,-4.94,0.75,-0.01,0.03,-0.4,-0.06,-0.0,0.12,11929.88,198.0,0.0,0.0,0.0,0.0
1776356850453459544,99152,0.0,0.8,0.032,0.4,-0.12,-0.14,0.06,-4.94,0.75,0.01,-0.0,-0.39,0.06,-0.0,0.0,11929.71,198.0,0.0,0.0,0.0,0.0
1776356850553685612,99252,0.0,0.9,0.032,0.2,-0.08,-0.14,0.06,-4.94,0.75,0.01,0.01,-0.4,0.06,-0.06,0.06,11932.28,187.0,0.0,0.0,0.0,0.0
1776356850662116224,99352,0.0,1.1,0.02,0.4,-0.14,-0.08,0.06,-4.94,0.75,0.02,0.03,-0.36,-0.0,0.06,0.0,11930.23,190.0,0.0,0.0,0.0,0.0
1776356850754488201,99452,0.0,1.0,0.016,0.3,-0.06,0.06,0.06,-4.94,0.75,0.01,0.03,-0.37,-0.0,0.12,-0.12,11931.94,190.0,0.0,0.0,0.0,0.0
1776356850944554830,99552,0.0,0.9,0.016,0.4,0.0,-0.14,0.06,-4.94,0.75,0.0,-0.0,-0.38,0.06,0.06,-0.06,11934.0,192.0,0.0,0.0,0.0,0.0
1776356850956814232,99652,0.0,1.0,0.016,0.5,-0.04,0.0,0.06,-4.94,0.75,0.0,0.03,-0.38,-0.12,0.19,0.12,11931.25,190.0,0.0,0.0,0.0,0.0
1776356851053484243,99752,0.0,0.9,0.016,0.2,-0.02,-0.06,0.06,-4.94,0.75,-0.01,0.02,-0.4,-0.0,-0.0,0.0,11933.14,190.0,0.0,0.0,0.0,0.0
1776356851155778733,99852,0.0,1.2,0.0,1.7,0.08,-0.1,0.06,-4.94,0.75,-0.01,0.03,-0.39,-0.0,0.06,0.0,11932.97,188.0,0.0,0.0,0.0,0.0
1776356851252168007,99952,0.008,0.4,0.06,0.1,0.02,-0.16,0.06,-4.94,0.75,0.0,0.05,-0.39,-0.06,-0.0,0.12,214.89,188.0,0.0,0.0,0.0,0.0
1776356851354652067,100052,0.0,1.2,0.048,0.6,0.02,-0.12,0.06,-4.94,0.75,0.01,0.03,-0.38,-0.0,-0.06,0.0,201.86,188.0,0.0,0.0,0.0,0.0
1776356851452836794,100152,0.0,1.5,0.04,0.3,0.08,-0.02,0.06,-4.94,0.75,0.01,0.05,-0.42,0.06,-0.06,0.06,201.86,188.0,0.0,0.0,0.0,0.0
1776356851555252984,100252,0.0,1.0,0.02,0.3,0.1,0.04,0.06,-4.94,0.75,0.02,0.01,-0.38,-0.06,-0.0,0.0,206.14,194.0,0.0,0.0,0.0,0.0
1776356851653562616,100352,0.0,1.3,0.02,0.5,0.08,0.0,0.06,-4.94,0.75,-0.01,0.04,-0.39,-0.06,-0.0,-0.12,217.98,182.0,0.0,0.0,0.0,0.0
1776356851755948252,100453,0.0,1.3,0.0,1.1,-0.12,0.02,0.06,-4.94,0.75,0.0,0.02,-0.37,-0.0,0.12,0.0,201.86,182.0,0.0,0.0,0.0,0.0
1776356851854249476,100553,0.0,0.3,0.0,1.4,-0.1,-0.16,0.06,-4.94,0.75,0.0,0.04,-0.4,-0.12,-0.12,0.06,201.86,193.0,0.0,0.0,0.0,0.0
1776356851958546728,100653,0.0,1.4,0.008,0.6,0.0,-0.06,0.06,-4.94,0.75,-0.01,0.03,-0.36,0.19,-0.0,0.0,11930.05,187.0,0.0,0.0,0.0,0.0
1776356852054943910,100753,0.0,1.2,0.0,1.0,-0.16,-0.08,0.06,-4.94,0.75,-0.01,0.03,-0.37,0.06,0.12,0.0,213.86,187.0,0.0,0.0,0.0,0.0
1776356852157342281,100853,0.0,0.4,0.0,1.1,0.12,-0.08,0.06,-4.94,0.75,0.0,0.04,-0.37,-0.0,0.06,0.12,204.94,198.0,0.0,0.0,0.0,0.0
1776356852255636926,100954,0.008,0.6,0.06,0.3,-0.12,0.04,0.06,-4.94,0.75,0.0,0.03,-0.39,0.06,-0.0,0.0,209.57,190.0,0.0,0.0,0.0,0.0
1776356852358071759,101055,0.0,0.0,0.0,1.3,-0.04,0.02,0.06,-4.94,0.75,0.0,0.04,-0.38,0.06,-0.06,0.06,210.6,190.0,0.0,0.0,0.0,0.0
1776356852456293351,101154,0.0,0.2,0.0,1.4,-0.16,-0.06,0.06,-4.94,0.75,0.0,0.04,-0.37,-0.0,-0.0,0.0,201.86,189.0,0.0,0.0,0.0,0.0
1776356852558713537,101254,0.0,1.2,0.028,0.5,0.04,0.02,0.06,-4.94,0.75,0.0,0.04,-0.38,0.19,-0.12,0.0,196.54,189.0,0.0,0.0,0.0,0.0
1776356852657023404,101355,0.0,0.3,0.0,0.2,0.0,0.04,0.06,-4.94,0.75,0.0,0.04,-0.36,0.12,-0.0,0.12,197.57,194.0,0.0,0.0,0.0,0.0
1776356852755283550,101454,0.0,0.5,0.024,0.3,-0.14,-0.04,0.06,-4.94,0.75,0.02,0.03,-0.38,0.06,-0.06,0.12,201.86,193.0,0.0,0.0,0.0,0.0
1776356852857711087,101555,0.0,0.8,0.016,0.5,-0.06,-0.08,0.06,-4.94,0.75,0.01,0.05,-0.4,-0.0,-0.06,0.0,197.74,193.0,0.0,0.0,0.0,0.0
1776356852968018659,101656,0.0,0.3,0.0,1.7,-0.02,-0.06,0.06,-4.94,0.75,0.01,0.04,-0.4,-0.06,-0.0,0.06,11929.71,194.0,0.0,0.0,0.0,0.0
1776356853096558155,101756,0.0,0.2,0.012,0.5,-0.02,0.0,0.06,-4.94,0.75,0.0,0.02,-0.4,0.06,-0.12,0.0,217.98,188.0,0.0,0.0,0.0,0.0
1776356853160813449,101857,0.0,0.7,0.028,0.2,0.04,-0.02,0.06,-4.94,0.75,0.0,0.04,-0.35,0.06,-0.0,0.0,201.68,188.0,0.0,0.0,0.0,0.0
1776356853259094904,101957,0.0,0.6,0.0,1.3,0.04,-0.04,0.06,-4.94,0.75,0.0,0.02,-0.39,0.06,-0.0,0.0,205.97,186.0,0.0,0.0,0.0,0.0
1776356853361500159,102057,0.0,1.3,0.052,0.1,0.04,-0.02,0.06,-4.94,0.75,0.0,0.04,-0.36,-0.06,-0.12,-0.06,214.89,186.0,0.0,0.0,0.0,0.0
1776356853465692034,102157,0.0,1.2,0.036,0.2,-0.1,-0.02,0.06,-4.94,0.75,0.01,0.04,-0.38,-0.06,-0.0,0.0,11932.45,191.0,0.0,0.0,0.0,0.0
1776356853568108622,102257,0.0,1.3,0.024,0.5,-0.08,0.06,0.06,-4.94,0.75,0.01,0.02,-0.39,-0.0,-0.0,0.19,214.89,193.0,0.0,0.0,0.0,0.0
1776356853760557956,102358,0.0,1.4,0.02,0.3,0.0,-0.08,0.06,-4.94,0.75,0.02,0.03,-0.4,-0.0,0.19,0.06,11931.08,189.0,0.0,0.0,0.0,0.0
1776356853773970178,102458,0.0,1.3,0.0,1.2,-0.04,-0.04,0.06,-4.94,0.75,0.0,0.04,-0.41,-0.0,-0.19,0.0,200.66,189.0,0.0,0.0,0.0,0.0
1776356853861176943,102559,0.0,0.3,0.0,1.1,0.14,-0.08,0.06,-4.94,0.75,0.0,0.03,-0.39,0.12,-0.06,0.0,201.86,187.0,0.0,0.0,0.0,0.0
1776356853963552421,102659,0.0,0.0,0.0,1.0,0.1,-0.08,0.06,-4.94,0.75,0.0,0.03,-0.4,-0.12,-0.19,0.0,201.86,187.0,0.0,0.0,0.0,0.0
1776356854061854726,102760,0.0,0.3,0.0,1.0,0.06,0.02,0.06,-4.94,0.75,0.01,0.03,-0.39,-0.06,0.06,-0.06,200.83,190.0,0.0,0.0,0.0,0.0
1776356854164319400,102860,0.0,0.6,0.0,1.3,-0.16,-0.06,0.06,-4.94,0.75,0.01,0.04,-0.4,0.12,-0.0,0.0,197.57,190.0,0.0,0.0,0.0,0.0
1776356854266646967,102961,0.008,0.1,0.0,1.2,-0.06,-0.04,0.06,-4.94,0.75,-0.01,0.04,-0.39,-0.0,0.06,0.0,200.66,193.0,0.0,0.0,0.0,0.0
1776356854364956176,103062,0.0,0.4,0.0,1.3,-0.02,-0.08,0.06,-4.94,0.75,0.0,0.04,-0.4,-0.0,0.06,0.12,187.62,196.0,0.0,0.0,0.0,0.0
1776356854467340149,103162,0.0,0.3,0.044,0.4,-0.08,0.0,0.06,-4.94,0.75,0.0,0.03,-0.42,-0.0,0.12,0.06,188.65,196.0,0.0,0.0,0.0,0.0
1776356854565592768,103263,0.0,1.2,0.02,0.5,-0.06,0.06,0.06,-4.94,0.75,0.0,0.03,-0.39,0.12,-0.0,-0.12,188.65,206.0,0.0,0.0,0.0,0.0
1776356854673982452,103363,0.0,1.2,0.02,0.2,0.08,-0.1,0.06,-4.94,0.75,0.0,0.04,-0.36,0.12,-0.12,0.0,192.94,192.0,0.0,0.0,0.0,0.0
1776356854884567782,103462,0.0,0.1,0.0,0.9,-0.2,0.04,0.06,-4.94,0.75,0.0,0.03,-0.38,-0.06,-0.12,0.06,192.94,192.0,0.0,0.0,0.0,0.0
1776356854896918364,103562,0.0,0.7,0.008,0.3,0.06,-0.06,0.06,-4.94,0.75,0.0,0.04,-0.4,-0.06,0.12,0.06,192.94,198.0,0.0,0.0,0.0,0.0
1776356854967033668,103662,0.0,0.9,0.024,0.1,0.08,-0.04,0.06,-4.94,0.75,-0.01,0.01,-0.41,0.06,-0.12,0.0,188.82,199.0,0.0,0.0,0.0,0.0
1776356855065318375,103762,0.0,1.1,0.008,0.3,-0.02,0.04,0.06,-4.94,0.75,0.02,0.03,-0.38,0.12,-0.06,0.06,192.94,199.0,0.0,0.0,0.0,0.0
1776356855167719787,103862,0.0,0.7,0.04,0.6,-0.08,-0.12,0.06,-4.94,0.75,0.01,0.02,-0.38,-0.12,-0.0,0.06,188.65,184.0,0.0,0.0,0.0,0.0
1776356855266026084,103962,0.0,0.6,0.064,0.7,-0.04,-0.04,0.06,-4.94,0.75,0.0,0.02,-0.39,-0.12,-0.0,0.06,196.02,184.0,0.0,0.0,0.0,0.0
1776356855364299623,104061,0.0,0.9,0.044,0.4,0.06,-0.14,0.06,-4.94,0.75,0.01,0.01,-0.37,-0.06,-0.0,-0.06,192.94,184.0,0.0,0.0,0.0,0.0
1776356855466671258,104161,0.0,1.0,0.036,0.3,0.06,-0.12,0.06,-4.94,0.75,0.0,0.03,-0.39,-0.19,0.06,0.0,192.94,192.0,0.0,0.0,0.0,0.0
1776356855565003629,104261,0.0,0.9,0.032,0.5,-0.02,-0.14,0.06,-4.94,0.75,-0.01,0.04,-0.38,-0.12,-0.0,-0.06,192.94,192.0,0.0,0.0,0.0,0.0
1776356855663305538,104360,0.0,0.3,0.0,1.5,-0.04,-0.04,0.06,-4.94,0.75,0.0,0.02,-0.38,-0.0,0.06,0.0,201.86,186.0,0.0,0.0,0.0,0.0
1776356855765712635,104460,0.0,1.4,0.02,0.2,0.02,0.0,0.06,-4.94,0.75,0.02,0.01,-0.42,0.12,-0.12,0.06,188.65,184.0,0.0,0.0,0.0,0.0
1776356855864001951,104560,0.0,1.5,0.0,1.4,0.04,0.02,0.06,-4.94,0.75,0.01,0.04,-0.39,0.06,-0.0,0.12,188.65,184.0,0.0,0.0,0.0,0.0
1776356855962278805,104659,0.0,0.3,0.0,0.6,-0.12,-0.08,0.06,-4.94,0.75,0.0,0.03,-0.4,0.06,-0.0,0.0,188.82,189.0,0.0,0.0,0.0,0.0
1776356856064675973,104760,0.0,0.9,0.016,0.4,-0.08,-0.2,0.06,-4.94,0.75,0.01,0.04,-0.4,0.06,-0.19,0.0,188.65,209.0,0.0,0.0,0.0,0.0
1776356856162988525,104859,0.0,0.7,0.04,0.5,0.08,-0.12,0.06,-4.94,0.75,0.0,0.03,-0.39,-0.0,-0.06,0.0,192.94,209.0,0.0,0.0,0.0,0.0
1776356856261230171,104958,0.0,1.0,0.0,1.6,-0.2,0.02,0.06,-4.94,0.75,0.0,0.04,-0.41,-0.06,-0.0,-0.06,192.77,184.0,0.0,0.0,0.0,0.0
1776356856363675596,105058,0.0,0.0,0.0,1.3,-0.2,-0.02,0.06,-4.94,0.75,0.01,0.03,-0.39,-0.19,-0.12,0.06,192.94,184.0,0.0,0.0,0.0,0.0
1776356856461930908,105158,0.0,1.4,0.036,0.2,-0.1,-0.02,0.06,-4.94,0.75,0.01,0.04,-0.42,0.12,-0.12,-0.06,192.94,190.0,0.0,0.0,0.0,0.0
1776356856560232664,105257,0.0,1.2,0.032,0.2,-0.02,0.02,0.06,-4.94,0.75,0.0,0.04,-0.41,-0.12,-0.0,0.0,201.86,196.0,0.0,0.0,0.0,0.0
1776356856662669089,105357,0.0,1.1,0.024,0.6,0.1,-0.16,0.06,-4.94,0.75,-0.01,0.02,-0.4,-0.06,-0.0,0.0,201.86,196.0,0.0,0.0,0.0,0.0
1776356856760965104,105457,0.0,1.3,0.012,0.2,-0.12,-0.06,0.06,-4.94,0.75,0.0,0.01,-0.4,-0.06,-0.0,0.06,201.86,194.0,0.0,0.0,0.0,0.0
1776356856863367104,105558,0.0,1.2,0.012,0.3,0.06,-0.08,0.06,-4.94,0.75,0.0,0.05,-0.39,0.12,-0.06,0.06,201.86,190.0,0.0,0.0,0.0,0.0
1776356856965793713,105658,0.0,1.4,0.016,0.2,0.06,-0.1,0.06,-4.94,0.75,0.01,0.04,-0.38,-0.0,0.12,0.0,188.65,190.0,0.0,0.0,0.0,0.0
1776356857064044246,105759,0.0,1.2,0.004,0.3,0.08,-0.1,0.06,-4.94,0.75,0.0,0.05,-0.37,0.06,-0.0,0.0,201.86,192.0,0.0,0.0,0.0,0.0
1776356857268563409,105859,0.0,1.4,0.044,0.2,0.0,0.08,0.06,-4.94,0.75,0.01,0.03,-0.39,-0.0,-0.06,0.06,188.82,190.0,0.0,0.0,0.0,0.0
1776356857273630108,105960,0.0,1.1,0.06,0.7,-0.12,-0.1,0.06,-4.94,0.75,0.01,0.04,-0.38,0.06,-0.06,0.06,197.74,190.0,0.0,0.0,0.0,0.0
1776356857367122709,106060,0.0,1.1,0.04,0.3,0.02,-0.1,0.06,-4.94,0.75,0.0,0.04,-0.4,-0.06,-0.12,0.0,188.82,185.0,0.0,0.0,0.0,0.0
1776356857465404813,106160,0.0,1.1,0.036,0.3,-0.02,0.02,0.06,-4.94,0.75,0.03,0.01,-0.41,-0.0,-0.25,0.0,188.65,185.0,0.0,0.0,0.0,0.0
1776356857563716934,106260,0.0,1.5,0.028,0.4,0.06,-0.04,0.06,-4.94,0.75,0.0,0.04,-0.4,-0.0,-0.12,0.0,197.74,194.0,0.0,0.0,0.0,0.0
1776356857666126151,106360,0.0,0.4,0.0,1.2,-0.04,0.04,0.06,-4.94,0.75,0.0,0.04,-0.38,0.12,-0.06,0.06,201.86,196.0,0.0,0.0,0.0,0.0
1776356857764377885,106461,0.0,0.5,0.0,1.2,0.0,-0.04,0.06,-4.94,0.75,-0.01,0.03,-0.38,0.06,-0.0,-0.06,204.94,196.0,0.0,0.0,0.0,0.0
1776356857866816249,106561,0.0,0.0,0.0,0.9,-0.1,-0.1,0.06,-4.94,0.75,0.01,0.03,-0.38,0.06,-0.06,0.06,187.62,197.0,0.0,0.0,0.0,0.0
1776356857965128778,106661,0.0,0.2,0.0,1.4,0.06,-0.16,0.06,-4.94,0.75,-0.01,0.03,-0.37,0.06,-0.0,0.0,197.57,186.0,0.0,0.0,0.0,0.0
1776356858067516751,106761,0.0,0.1,0.0,1.4,0.04,-0.02,0.06,-4.94,0.75,0.0,0.03,-0.41,0.06,0.06,-0.06,197.57,186.0,0.0,0.0,0.0,0.0
1776356858169900352,106862,0.0,0.3,0.0,1.3,0.0,-0.12,0.06,-4.94,0.75,0.0,0.03,-0.39,-0.06,-0.0,-0.06,196.54,198.0,0.0,0.0,0.0,0.0
1776356858268202581,106962,0.0,1.4,0.06,0.6,0.02,0.0,0.06,-4.94,0.75,0.0,0.04,-0.38,-0.06,-0.12,0.0,201.68,201.0,0.0,0.0,0.0,0.0
1776356858370592626,107062,0.0,1.1,0.0,1.1,-0.04,-0.04,0.06,-4.94,0.75,0.0,0.07,-0.35,-0.0,-0.19,-0.06,192.94,201.0,0.0,0.0,0.0,0.0
1776356858468840856,107163,0.0,0.1,0.0,1.1,-0.04,-0.06,0.06,-4.94,0.75,0.01,0.04,-0.37,-0.19,-0.06,-0.06,192.94,204.0,0.0,0.0,0.0,0.0
1776356858567159861,107262,0.0,0.2,0.0,1.2,-0.06,-0.06,0.06,-4.94,0.75,0.0,0.03,-0.4,-0.06,0.06,0.0,196.54,199.0,0.0,0.0,0.0,0.0
1776356858669585702,107363,0.0,0.1,0.0,1.6,0.0,-0.04,0.06,-4.94,0.75,0.0,0.02,-0.41,0.06,-0.0,0.0,188.82,199.0,0.0,0.0,0.0,0.0
1776356858767887004,107463,0.0,1.4,0.02,0.3,-0.06,-0.14,0.06,-4.94,0.75,0.0,0.02,-0.39,-0.06,-0.06,0.12,184.53,190.0,0.0,0.0,0.0,0.0
1776356858980561127,107563,0.0,0.7,0.012,0.2,-0.1,-0.04,0.06,-4.94,0.75,0.03,0.05,-0.36,0.06,-0.12,-0.06,188.82,190.0,0.0,0.0,0.0,0.0
1776356858994449852,107663,0.0,1.0,0.012,0.4,0.02,-0.02,0.06,-4.94,0.75,0.0,0.02,-0.38,0.06,-0.06,0.06,197.57,192.0,0.0,0.0,0.0,0.0
1776356859070965969,107763,0.0,0.6,0.008,0.5,0.04,0.0,0.06,-4.94,0.75,0.0,0.04,-0.39,0.06,-0.0,-0.06,188.82,198.0,0.0,0.0,0.0,0.0
1776356859169291692,107863,0.0,0.3,0.0,1.1,-0.08,-0.06,0.06,-4.94,0.75,0.0,0.03,-0.38,-0.06,0.12,0.0,196.54,198.0,0.0,0.0,0.0,0.0
1776356859271681678,107964,0.0,1.2,0.052,0.7,0.0,0.02,0.06,-4.94,0.75,0.01,0.03,-0.41,-0.0,0.06,0.0,197.57,186.0,0.0,0.0,0.0,0.0
1776356859369945958,108063,0.0,1.1,0.0,0.7,0.0,-0.08,0.06,-4.94,0.75,-0.01,0.03,-0.41,-0.0,-0.0,-0.06,193.45,188.0,0.0,0.0,0.0,0.0
1776356859468164832,108163,0.0,0.3,0.0,1.4,0.06,-0.1,0.06,-4.94,0.75,0.0,0.05,-0.39,-0.0,0.12,0.19,197.57,188.0,0.0,0.0,0.0,0.0
1776356859570657388,108264,0.0,0.4,0.036,0.2,-0.02,0.08,0.06,-4.94,0.75,0.0,0.05,-0.37,-0.0,-0.0,0.06,197.57,186.0,0.0,0.0,0.0,0.0
1776356859668972371,108363,0.0,1.5,0.024,0.2,0.02,-0.1,0.06,-4.94,0.75,0.01,0.04,-0.4,-0.12,0.19,-0.06,199.8,195.0,0.0,0.0,0.0,0.0
1776356859771344431,108464,0.0,1.2,0.024,0.6,0.04,0.14,0.06,-4.94,0.75,0.0,0.04,-0.37,0.12,0.12,0.0,201.86,195.0,0.0,0.0,0.0,0.0
1776356859869631062,108564,0.0,1.3,0.016,0.2,0.06,-0.25,0.06,-4.94,0.75,0.0,0.02,-0.37,-0.0,0.12,0.06,192.77,196.0,0.0,0.0,0.0,0.0
1776356859967927675,108663,0.0,1.2,0.012,0.6,-0.1,0.0,0.06,-4.94,0.75,0.0,0.04,-0.4,-0.06,-0.0,0.0,205.97,196.0,0.0,0.0,0.0,0.0
1776356860070333897,108763,0.0,1.0,0.012,0.5,-0.14,-0.02,0.06,-4.94,0.75,0.0,0.04,-0.37,0.06,0.06,-0.06,197.57,191.0,0.0,0.0,0.0,0.0
1776356860168639005,108863,0.0,0.4,0.0,1.1,0.02,-0.06,0.06,-4.94,0.75,0.01,0.05,-0.39,-0.0,0.06,0.0,214.89,189.0,0.0,0.0,0.0,0.0
1776356860271051541,108962,0.0,0.6,0.06,0.2,-0.1,-0.04,0.06,-4.94,0.75,0.0,0.02,-0.38,-0.06,0.06,0.06,197.57,189.0,0.0,0.0,0.0,0.0
1776356860369280836,109062,0.0,0.2,0.0,0.4,-0.06,-0.08,0.06,-4.94,0.75,0.0,0.01,-0.36,-0.0,0.06,0.06,214.72,186.0,0.0,0.0,0.0,0.0
1776356860467582833,109162,0.0,1.4,0.036,0.3,-0.06,-0.16,0.06,-4.94,0.75,0.0,0.05,-0.39,-0.0,-0.0,0.06,201.68,196.0,0.0,0.0,0.0,0.0
1776356860571909132,109261,0.0,1.1,0.012,0.4,0.1,-0.14,0.06,-4.94,0.75,0.0,0.03,-0.37,0.12,-0.06,-0.06,11929.2,188.0,0.0,0.0,0.0,0.0
1776356860704558660,109361,0.0,1.2,0.0,0.8,-0.16,-0.08,0.06,-4.94,0.75,0.0,0.05,-0.37,-0.06,-0.0,-0.06,193.45,188.0,0.0,0.0,0.0,0.0
1776356860766621787,109461,0.0,0.8,0.016,0.1,-0.02,-0.14,0.06,-4.94,0.75,0.0,0.03,-0.39,-0.06,-0.19,0.06,197.57,200.0,0.0,0.0,0.0,0.0
1776356860868978639,109560,0.0,0.7,0.02,0.1,-0.06,-0.08,0.06,-4.94,0.75,0.01,0.05,-0.4,0.06,-0.06,-0.06,201.86,200.0,0.0,0.0,0.0,0.0
1776356860980559320,109660,0.0,0.9,0.012,0.4,-0.06,-0.04,0.06,-4.94,0.75,0.0,0.01,-0.38,-0.06,0.12,0.06,196.54,196.0,0.0,0.0,0.0,0.0
1776356861069703001,109761,0.0,0.9,0.008,0.2,0.02,0.02,0.06,-4.94,0.75,0.0,0.03,-0.38,-0.0,0.06,0.06,197.57,196.0,0.0,0.0,0.0,0.0
1776356861167987290,109860,0.0,0.8,0.044,0.2,0.14,-0.06,0.06,-4.94,0.75,0.0,0.05,-0.37,0.06,0.06,-0.12,201.68,193.0,0.0,0.0,0.0,0.0
1776356861270390970,109960,0.0,0.9,0.064,0.5,-0.1,0.08,0.06,-4.94,0.75,0.0,0.03,-0.4,-0.06,0.19,0.12,192.42,189.0,0.0,0.0,0.0,0.0
1776356861368663592,110061,0.0,0.6,0.048,0.2,0.08,-0.04,0.06,-4.94,0.75,0.0,0.03,-0.39,-0.0,0.12,0.0,197.57,189.0,0.0,0.0,0.0,0.0
1776356861466899586,110161,0.0,0.8,0.036,0.6,-0.12,-0.02,0.06,-4.94,0.75,0.0,0.04,-0.36,-0.0,-0.19,-0.06,197.57,187.0,0.0,0.0,0.0,0.0
1776356861569379708,110261,0.0,0.7,0.032,0.2,-0.06,-0.16,0.06,-4.94,0.75,0.01,0.04,-0.39,-0.06,0.12,0.06,201.68,199.0,0.0,0.0,0.0,0.0
1776356861680552765,110361,0.0,0.3,0.0,0.5,-0.14,0.02,0.06,-4.94,0.75,0.0,0.04,-0.38,-0.0,-0.12,0.0,197.57,199.0,0.0,0.0,0.0,0.0
1776356861765931305,110460,0.0,1.2,0.016,0.1,-0.12,-0.08,0.06,-4.94,0.75,0.0,0.05,-0.37,-0.06,-0.0,-0.06,210.77,190.0,0.0,0.0,0.0,0.0
1776356861868365243,110560,0.0,1.1,0.02,0.2,-0.06,-0.16,0.06,-4.94,0.75,0.01,0.02,-0.35,0.06,0.06,0.0,197.57,190.0,0.0,0.0,0.0,0.0
1776356861966645199,110660,0.0,0.3,0.0,0.9,0.06,0.0,0.06,-4.94,0.75,0.02,0.02,-0.38,0.12,-0.06,-0.06,197.57,198.0,0.0,0.0,0.0,0.0
1776356862069057115,110759,0.0,0.3,0.0,0.9,-0.08,-0.04,0.06,-4.94,0.75,0.01,0.03,-0.35,-0.06,-0.0,0.0,202.37,192.0,0.0,0.0,0.0,0.0
1776356862167358937,110859,0.0,0.3,0.0,1.0,0.06,-0.14,0.06,-4.94,0.75,0.0,0.02,-0.34,0.12,-0.12,0.0,189.34,192.0,0.0,0.0,0.0,0.0
1776356862265619111,110959,0.004,0.0,0.0,1.2,-0.1,0.0,0.06,-4.94,0.75,0.0,0.02,-0.39,0.06,-0.12,0.0,193.45,198.0,0.0,0.0,0.0,0.0
1776356862368011471,111059,0.0,0.9,0.056,0.3,0.06,-0.12,0.06,-4.94,0.75,0.0,0.03,-0.42,-0.0,0.06,0.0,193.28,196.0,0.0,0.0,0.0,0.0
1776356862466267404,111159,0.0,0.7,0.0,1.3,0.02,-0.08,0.06,-4.94,0.75,0.0,0.05,-0.4,-0.0,0.06,0.06,197.57,196.0,0.0,0.0,0.0,0.0
1776356862568708893,111259,0.0,1.1,0.024,0.3,0.06,-0.16,0.06,-4.94,0.75,0.0,0.05,-0.38,0.06,-0.06,-0.06,197.57,199.0,0.0,0.0,0.0,0.0
1776356862667000696,111360,0.0,0.3,0.0,1.2,0.08,0.12,0.06,-4.94,0.75,0.0,0.03,-0.38,-0.06,-0.0,0.0,197.57,197.0,0.0,0.0,0.0,0.0
1776356862769439073,111460,0.0,0.2,0.0,0.9,0.04,-0.02,0.06,-4.94,0.75,0.02,0.04,-0.37,-0.0,-0.06,0.06,197.57,197.0,0.0,0.0,0.0,0.0
1776356862867694932,111561,0.0,0.9,0.012,0.3,0.02,-0.06,0.06,-4.94,0.75,0.02,0.03,-0.38,-0.12,-0.06,0.06,197.57,195.0,0.0,0.0,0.0,0.0
1776356862988568688,111661,0.0,0.8,0.012,0.5,-0.02,0.1,0.06,-4.94,0.75,0.0,0.04,-0.37,0.06,-0.06,0.0,196.54,200.0,0.0,0.0,0.0,0.0
1776356863072542426,111762,0.0,0.9,0.02,0.5,0.06,0.02,0.06,-4.94,0.75,0.02,0.02,-0.39,0.19,-0.06,0.06,197.57,200.0,0.0,0.0,0.0,0.0
1776356863170807873,111862,0.0,0.6,0.052,0.2,0.08,-0.02,0.06,-4.94,0.75,0.0,0.02,-0.38,-0.06,-0.06,0.06,197.57,194.0,0.0,0.0,0.0,0.0
1776356863269044451,111962,0.0,0.0,0.06,0.3,0.08,-0.08,0.06,-4.94,0.75,0.03,0.03,-0.38,-0.06,-0.0,0.06,201.68,194.0,0.0,0.0,0.0,0.0
1776356863371494601,112062,0.0,0.1,0.048,0.5,-0.04,-0.02,0.06,-4.94,0.75,0.0,0.03,-0.37,0.06,-0.06,0.12,201.86,197.0,0.0,0.0,0.0,0.0
1776356863469767807,112161,0.0,0.8,0.0,1.4,0.06,0.08,0.06,-4.94,0.75,0.0,0.03,-0.4,0.06,0.06,0.06,201.86,195.0,0.0,0.0,0.0,0.0
1776356863568054958,112261,0.0,1.2,0.032,0.3,-0.08,-0.1,0.06,-4.94,0.75,0.0,0.04,-0.38,0.06,0.06,0.12,200.66,195.0,0.0,0.0,0.0,0.0
1776356863670503516,112361,0.0,1.1,0.0,0.8,0.16,-0.1,0.06,-4.94,0.75,0.0,0.04,-0.39,0.06,-0.06,0.0,192.94,195.0,0.0,0.0,0.0,0.0
1776356863768810351,112460,0.0,0.2,0.0,1.1,-0.04,-0.08,0.06,-4.94,0.75,0.02,0.01,-0.38,-0.19,-0.0,0.0,205.97,191.0,0.0,0.0,0.0,0.0
1776356863871188799,112560,0.0,0.3,0.0,0.2,-0.1,-0.02,0.06,-4.94,0.75,-0.01,0.03,-0.39,-0.0,-0.0,-0.06,204.94,191.0,0.0,0.0,0.0,0.0
1776356863969486338,112660,0.0,0.1,0.0,1.4,0.06,0.0,0.06,-4.94,0.75,0.01,0.04,-0.39,0.06,-0.06,0.06,201.51,187.0,0.0,0.0,0.0,0.0
1776356864071876413,112760,0.0,0.3,0.0,1.4,-0.12,-0.04,0.06,-4.94,0.75,0.0,0.02,-0.37,-0.06,-0.06,0.0,200.83,207.0,0.0,0.0,0.0,0.0
1776356864170177262,112861,0.0,0.1,0.0,1.3,-0.04,-0.06,0.06,-4.94,0.75,0.0,0.02,-0.37,-0.0,-0.06,0.0,201.86,207.0,0.0,0.0,0.0,0.0
1776356864268524222,112961,0.0,1.2,0.056,0.3,-0.08,-0.08,0.06,-4.94,0.75,0.0,0.04,-0.39,0.06,-0.12,0.0,205.97,192.0,0.0,0.0,0.0,0.0
1776356864370829853,113060,0.0,1.1,0.048,0.2,-0.14,-0.14,0.06,-4.94,0.75,0.01,0.04,-0.39,-0.0,-0.19,0.0,197.57,192.0,0.0,0.0,0.0,0.0
1776356864473225185,113161,0.0,1.3,0.036,0.2,0.1,-0.23,0.06,-4.94,0.75,-0.02,0.04,-0.35,-0.12,0.06,0.06,197.57,199.0,0.0,0.0,0.0,0.0
1776356864571567385,113262,0.0,0.7,0.02,0.1,0.02,0.0,0.06,-4.94,0.75,-0.01,0.03,-0.36,-0.06,0.06,-0.06,210.77,182.0,0.0,0.0,0.0,0.0
1776356864669862901,113361,0.0,0.2,0.0,1.4,-0.16,-0.04,0.06,-4.94,0.75,0.0,0.03,-0.38,0.12,-0.12,0.12,189.16,182.0,0.0,0.0,0.0,0.0
1776356864772247086,113461,0.0,-0.1,0.0,1.4,-0.02,-0.04,0.06,-4.94,0.75,0.0,0.04,-0.39,-0.0,-0.06,0.06,206.49,187.0,0.0,0.0,0.0,0.0
1776356864870584286,113561,0.0,0.1,0.0,1.4,-0.12,-0.08,0.06,-4.94,0.75,-0.01,0.04,-0.37,-0.0,0.06,0.0,210.77,196.0,0.0,0.0,0.0,0.0
1776356864972951452,113661,0.0,0.3,0.0,1.1,-0.04,-0.02,0.06,-4.94,0.75,0.0,0.06,-0.41,-0.19,0.12,0.06,197.57,196.0,0.0,0.0,0.0,0.0
1776356865071254724,113761,0.0,0.4,0.0,1.3,-0.06,0.16,0.06,-4.94,0.75,0.0,0.04,-0.39,-0.06,-0.12,0.0,188.65,196.0,0.0,0.0,0.0,0.0
1776356865180560867,113861,0.0,0.2,0.0,0.6,-0.18,-0.02,0.06,-4.94,0.75,0.01,0.03,-0.41,-0.06,-0.0,-0.06,206.49,188.0,0.0,0.0,0.0,0.0
1776356865271943120,113960,0.0,1.3,0.044,0.3,0.04,-0.02,0.06,-4.94,0.75,0.0,0.03,-0.4,-0.0,-0.12,0.0,210.77,188.0,0.0,0.0,0.0,0.0
1776356865370216354,114061,0.0,1.2,0.0,0.9,0.04,-0.04,0.06,-4.94,0.75,0.0,0.05,-0.41,-0.0,0.06,0.0,197.57,186.0,0.0,0.0,0.0,0.0
1776356865468440794,114160,0.0,0.2,0.0,1.0,0.0,0.08,0.06,-4.94,0.75,0.0,0.01,-0.4,-0.06,0.12,-0.06,197.57,186.0,0.0,0.0,0.0,0.0
1776356865570927212,114259,0.0,0.5,0.0,1.1,-0.04,0.12,0.06,-4.94,0.75,0.02,0.05,-0.4,-0.0,0.06,-0.12,201.68,193.0,0.0,0.0,0.0,0.0
1776356865669221946,114359,0.0,0.9,0.0,1.5,-0.1,-0.14,0.06,-4.94,0.75,0.01,0.04,-0.38,-0.0,-0.0,0.0,201.68,199.0,0.0,0.0,0.0,0.0
1776356865767494366,114459,0.0,1.2,0.016,0.5,-0.06,-0.02,0.06,-4.94,0.75,0.0,0.02,-0.39,-0.0,-0.06,0.06,201.68,199.0,0.0,0.0,0.0,0.0
1776356865869909471,114558,0.0,1.2,0.02,0.1,0.02,-0.12,0.06,-4.94,0.75,0.0,0.04,-0.4,0.06,0.12,-0.06,201.86,188.0,0.0,0.0,0.0,0.0
1776356865972313243,114659,0.0,1.1,0.024,0.4,-0.18,-0.02,0.06,-4.94,0.75,0.01,0.05,-0.39,0.06,-0.19,-0.12,201.68,195.0,0.0,0.0,0.0,0.0
1776356866070609307,114760,0.0,0.7,0.016,0.1,-0.12,-0.08,0.06,-4.94,0.75,0.0,0.03,-0.38,-0.06,0.06,-0.06,197.57,195.0,0.0,0.0,0.0,0.0
1776356866180559002,114860,0.0,0.4,0.044,0.6,0.14,-0.12,0.06,-4.94,0.75,0.0,0.03,-0.41,0.12,-0.0,0.0,197.57,194.0,0.0,0.0,0.0,0.0
1776356866271300675,114961,0.0,1.3,0.064,0.3,-0.1,0.0,0.06,-4.94,0.75,0.01,0.03,-0.39,0.06,-0.0,-0.06,201.68,186.0,0.0,0.0,0.0,0.0
1776356866369587275,115060,0.0,1.1,0.044,0.3,-0.14,-0.08,0.06,-4.94,0.75,0.01,0.04,-0.39,0.12,-0.0,-0.06,197.57,186.0,0.0,0.0,0.0,0.0
1776356866471955358,115160,0.0,1.2,0.04,0.4,-0.14,-0.02,0.06,-4.94,0.75,0.01,0.03,-0.36,-0.0,-0.0,-0.12,214.89,188.0,0.0,0.0,0.0,0.0
1776356866570238107,115261,0.0,1.4,0.036,0.2,-0.08,-0.1,0.06,-4.94,0.75,0.0,0.02,-0.39,-0.0,-0.0,0.0,192.42,188.0,0.0,0.0,0.0,0.0
1776356866672685096,115361,0.0,0.9,0.02,0.4,0.12,-0.12,0.06,-4.94,0.75,0.0,0.05,-0.4,-0.06,-0.0,-0.06,210.77,189.0,0.0,0.0,0.0,0.0
1776356866880557752,115461,0.0,0.7,0.02,0.0,-0.02,-0.2,0.06,-4.94,0.75,0.02,0.02,-0.39,-0.0,-0.12,-0.06,213.86,197.0,0.0,0.0,0.0,0.0
1776356866892930438,115562,0.0,0.6,0.016,0.3,0.08,-0.04,0.06,-4.94,0.75,0.0,0.03,-0.38,-0.0,-0.0,-0.12,201.86,197.0,0.0,0.0,0.0,0.0
1776356866971705229,115661,0.0,1.0,0.012,0.5,-0.06,-0.1,0.06,-4.94,0.75,0.0,0.01,-0.37,-0.0,-0.06,0.12,213.86,187.0,0.0,0.0,0.0,0.0
1776356867074071291,115762,0.0,1.0,0.004,0.3,0.12,-0.02,0.06,-4.94,0.75,-0.01,0.05,-0.37,0.06,-0.19,0.06,197.57,195.0,0.0,0.0,0.0,0.0
1776356867172361016,115862,0.0,0.9,0.052,0.4,0.04,-0.06,0.06,-4.94,0.75,0.0,0.03,-0.42,0.06,-0.25,0.06,193.45,195.0,0.0,0.0,0.0,0.0
1776356867270626354,115961,0.0,0.2,0.0,1.5,0.0,-0.04,0.06,-4.94,0.75,0.0,0.02,-0.41,-0.06,-0.0,-0.12,197.57,197.0,0.0,0.0,0.0,0.0
1776356867373020728,116061,0.0,0.1,0.0,1.3,-0.04,-0.12,0.06,-4.94,0.75,0.0,0.03,-0.41,-0.0,-0.0,0.06,209.74,179.0,0.0,0.0,0.0,0.0
1776356867475412769,116162,0.0,0.5,0.0,1.2,0.02,-0.04,0.06,-4.94,0.75,0.0,0.02,-0.41,0.06,0.06,0.06,210.77,179.0,0.0,0.0,0.0,0.0
1776356867573739271,116261,0.0,0.3,0.0,0.5,-0.2,0.12,0.06,-4.94,0.75,0.0,0.03,-0.39,-0.06,0.06,0.0,210.77,197.0,0.0,0.0,0.0,0.0
1776356867672040867,116361,0.0,1.3,0.024,0.1,-0.02,-0.02,0.06,-4.94,0.75,0.0,0.03,-0.4,-0.0,-0.0,-0.06,196.54,192.0,0.0,0.0,0.0,0.0
1776356867774438926,116461,0.0,1.2,0.02,0.1,-0.12,-0.02,0.06,-4.94,0.75,0.0,0.03,-0.38,-0.0,-0.0,0.06,196.54,192.0,0.0,0.0,0.0,0.0
1776356867872729430,116561,0.0,1.0,0.012,0.2,0.02,0.06,0.06,-4.94,0.75,0.02,0.03,-0.42,-0.0,0.06,0.0,193.45,188.0,0.0,0.0,0.0,0.0
1776356867981070496,116661,0.0,1.1,0.02,0.2,-0.04,-0.04,0.06,-4.94,0.75,-0.01,0.05,-0.38,-0.06,0.19,0.0,196.54,188.0,0.0,0.0,0.0,0.0
1776356868073426952,116761,0.0,1.2,0.0,0.6,-0.16,-0.02,0.06,-4.94,0.75,0.0,0.03,-0.41,-0.0,-0.0,-0.12,210.6,208.0,0.0,0.0,0.0,0.0
1776356868171724321,116861,0.0,0.5,0.06,0.3,0.12,0.0,0.06,-4.94,0.75,0.03,0.03,-0.42,-0.06,0.06,0.0,210.77,190.0,0.0,0.0,0.0,0.0
1776356868274098359,116961,0.0,0.6,0.056,0.5,-0.06,-0.14,0.06,-4.94,0.75,0.0,0.03,-0.4,-0.12,0.06,-0.06,213.86,190.0,0.0,0.0,0.0,0.0
1776356868372393857,117061,0.0,1.1,0.044,0.3,0.02,-0.04,0.06,-4.94,0.75,0.02,0.04,-0.41,-0.06,-0.0,-0.06,214.89,195.0,0.0,0.0,0.0,0.0
1776356868474764617,117161,0.0,0.9,0.04,0.3,0.04,-0.06,0.06,-4.94,0.75,0.01,0.02,-0.41,-0.06,0.06,0.12,209.57,188.0,0.0,0.0,0.0,0.0
1776356868577216374,117262,0.0,0.6,0.0,1.4,0.1,0.04,0.06,-4.94,0.75,0.0,0.03,-0.41,-0.0,-0.06,0.0,213.86,188.0,0.0,0.0,0.0,0.0
1776356868675516280,117363,0.0,1.1,0.02,0.2,0.0,0.0,0.06,-4.94,0.75,0.0,0.03,-0.41,-0.0,-0.06,-0.06,197.57,202.0,0.0,0.0,0.0,0.0
1776356868773746929,117463,0.0,1.3,0.012,0.3,0.0,-0.06,0.06,-4.94,0.75,0.0,0.04,-0.41,-0.0,-0.12,0.06,210.77,202.0,0.0,0.0,0.0,0.0
1776356868876195946,117563,0.0,1.0,0.02,0.6,-0.02,-0.1,0.06,-4.94,0.75,0.0,0.02,-0.4,0.06,0.06,0.0,197.57,188.0,0.0,0.0,0.0,0.0
1776356869108563049,117663,0.0,0.9,0.016,0.3,0.02,-0.04,0.06,-4.94,0.75,0.0,0.04,-0.42,0.06,-0.0,-0.12,201.86,193.0,0.0,0.0,0.0,0.0
1776356869175212805,117763,0.0,0.3,0.0,0.1,-0.04,0.02,0.06,-4.94,0.75,0.01,0.03,-0.39,0.12,-0.12,0.0,197.57,193.0,0.0,0.0,0.0,0.0
1776356869187995682,117863,0.0,1.2,0.048,0.3,-0.12,-0.04,0.06,-4.94,0.75,0.0,0.03,-0.39,-0.0,0.06,0.06,193.45,189.0,0.0,0.0,0.0,0.0
1776356869277556894,117963,0.0,1.3,0.06,0.5,0.04,-0.16,0.06,-4.94,0.75,0.01,0.03,-0.39,0.06,0.06,0.0,197.57,188.0,0.0,0.0,0.0,0.0
1776356869375846259,118063,0.0,1.3,0.0,1.1,0.04,0.04,0.06,-4.94,0.75,0.01,0.04,-0.4,-0.0,-0.06,-0.12,197.57,188.0,0.0,0.0,0.0,0.0
1776356869474117625,118163,0.0,0.2,0.0,1.2,-0.12,0.02,0.06,-4.94,0.75,0.0,0.05,-0.4,0.12,0.06,0.0,197.57,195.0,0.0,0.0,0.0,0.0
1776356869576565471,118262,0.0,0.9,0.024,0.3,-0.08,0.08,0.06,-4.94,0.75,0.0,0.03,-0.4,-0.0,-0.0,-0.06,201.86,187.0,0.0,0.0,0.0,0.0
1776356869674870428,118362,0.0,0.9,0.02,0.2,-0.08,0.0,0.06,-4.94,0.75,0.0,0.05,-0.4,0.12,-0.0,0.06,201.68,187.0,0.0,0.0,0.0,0.0
1776356869783272150,118462,0.0,1.0,0.024,0.1,0.06,-0.02,0.06,-4.94,0.75,0.01,0.02,-0.39,0.06,-0.19,-0.12,188.82,185.0,0.0,0.0,0.0,0.0
1776356869875562529,118562,0.0,0.7,0.0,1.5,-0.04,-0.04,0.06,-4.94,0.75,0.0,0.02,-0.38,-0.06,-0.0,0.0,201.86,192.0,0.0,0.0,0.0,0.0
1776356869984563957,118662,0.0,1.1,0.024,0.3,-0.1,0.04,0.06,-4.94,0.75,0.01,0.05,-0.38,-0.12,-0.12,-0.19,205.97,192.0,0.0,0.0,0.0,0.0
1776356870076260423,118762,0.0,0.8,0.016,0.3,-0.04,-0.08,0.06,-4.94,0.75,0.0,0.04,-0.36,-0.06,-0.06,0.0,201.86,189.0,0.0,0.0,0.0,0.0
1776356870174542154,118862,0.0,0.7,0.048,0.3,-0.1,-0.02,0.06,-4.94,0.75,0.03,0.03,-0.39,-0.06,-0.0,0.06,201.86,189.0,0.0,0.0,0.0,0.0
1776356870276914183,118962,0.0,0.5,0.0,1.4,0.06,-0.04,0.06,-4.94,0.75,0.0,0.03,-0.39,-0.0,-0.12,0.0,201.86,190.0,0.0,0.0,0.0,0.0
1776356870375208062,119062,0.0,0.4,0.0,0.6,0.06,0.0,0.06,-4.94,0.75,0.01,0.04,-0.36,0.06,-0.06,-0.06,196.71,188.0,0.0,0.0,0.0,0.0
1776356870477593905,119162,0.0,1.5,0.04,0.5,-0.1,-0.04,0.06,-4.94,0.75,0.0,0.04,-0.4,0.19,0.06,0.06,197.57,188.0,0.0,0.0,0.0,0.0
1776356870575937653,119262,0.0,1.4,0.028,0.5,0.08,0.06,0.06,-4.94,0.75,0.01,0.04,-0.38,-0.0,-0.06,0.06,193.45,198.0,0.0,0.0,0.0,0.0
1776356870674160701,119362,0.0,1.3,0.0,1.1,-0.08,-0.06,0.06,-4.94,0.75,0.0,0.02,-0.36,-0.06,0.12,0.0,193.45,196.0,0.0,0.0,0.0,0.0
1776356870776621209,119462,0.0,0.4,0.0,0.9,0.02,-0.08,0.06,-4.94,0.75,0.02,0.03,-0.39,-0.12,0.12,0.0,193.45,196.0,0.0,0.0,0.0,0.0
1776356870980561917,119563,0.0,0.8,0.0,1.3,-0.12,-0.02,0.06,-4.94,0.75,0.01,0.04,-0.38,-0.12,-0.0,-0.06,197.57,184.0,0.0,0.0,0.0,0.0
1776356870993390107,119663,0.0,1.3,0.004,0.2,-0.08,0.02,0.06,-4.94,0.75,0.0,0.03,-0.41,-0.19,-0.0,0.0,197.74,184.0,0.0,0.0,0.0,0.0
1776356871075554068,119763,0.0,1.4,0.0,1.1,-0.16,-0.08,0.06,-4.94,0.75,0.0,0.02,-0.39,-0.06,0.12,0.06,193.45,198.0,0.0,0.0,0.0,0.0
1776356871178005831,119864,0.0,0.9,0.048,0.1,0.1,-0.21,0.06,-4.94,0.75,0.0,0.03,-0.36,-0.0,-0.06,0.06,193.62,189.0,0.0,0.0,0.0,0.0
1776356871276347371,119964,0.0,1.0,0.06,0.3,0.1,0.04,0.06,-4.94,0.75,0.01,0.05,-0.37,-0.0,0.06,0.0,193.45,189.0,0.0,0.0,0.0,0.0
1776356871378683211,120064,0.0,0.9,0.044,0.2,-0.04,-0.1,0.06,-4.94,0.75,0.0,0.04,-0.39,-0.06,-0.0,0.06,197.57,189.0,0.0,0.0,0.0,0.0
1776356871476909921,120165,0.0,0.8,0.036,0.3,-0.1,-0.12,0.06,-4.94,0.75,0.01,0.03,-0.38,-0.06,0.06,0.0,193.45,191.0,0.0,0.0,0.0,0.0
1776356871579391683,120264,0.0,1.0,0.032,0.5,-0.04,0.06,0.06,-4.94,0.75,0.0,0.04,-0.39,0.06,-0.12,0.19,197.74,191.0,0.0,0.0,0.0,0.0
1776356871677615986,120365,0.0,0.6,0.0,1.2,-0.16,0.0,0.06,-4.94,0.75,0.0,0.01,-0.37,-0.19,-0.19,0.0,197.74,194.0,0.0,0.0,0.0,0.0
1776356871780083211,120465,0.0,1.1,0.012,0.3,0.08,-0.08,0.06,-4.94,0.75,0.02,0.01,-0.4,-0.06,0.12,-0.12,197.57,189.0,0.0,0.0,0.0,0.0
1776356871878415067,120564,0.0,1.2,0.02,0.1,-0.02,-0.1,0.06,-4.94,0.75,0.01,0.03,-0.41,0.06,-0.12,-0.06,197.74,189.0,0.0,0.0,0.0,0.0
1776356871980778240,120664,0.0,1.4,0.012,0.5,0.0,-0.04,0.06,-4.94,0.75,0.0,0.04,-0.38,0.06,-0.06,-0.06,197.74,187.0,0.0,0.0,0.0,0.0
1776356872079070871,120764,0.0,1.1,0.004,0.4,-0.02,-0.16,0.06,-4.94,0.75,0.02,-0.0,-0.38,-0.06,0.12,0.06,197.57,199.0,0.0,0.0,0.0,0.0
1776356872177364057,120863,0.0,1.1,0.052,0.3,0.0,0.0,0.06,-4.94,0.75,0.0,0.02,-0.38,0.06,-0.0,0.0,201.86,199.0,0.0,0.0,0.0,0.0
1776356872279735169,120963,0.0,1.1,0.064,0.3,-0.1,0.02,0.06,-4.94,0.75,0.0,0.05,-0.39,0.06,0.06,0.12,201.86,193.0,0.0,0.0,0.0,0.0
1776356872378112890,121063,0.0,1.1,0.052,0.3,0.0,-0.21,0.06,-4.94,0.75,0.0,0.03,-0.35,-0.0,0.06,0.06,192.94,193.0,0.0,0.0,0.0,0.0
1776356872480468484,121164,0.0,1.2,0.036,0.6,-0.14,-0.02,0.06,-4.94,0.75,-0.01,0.02,-0.41,-0.0,-0.0,0.06,188.65,189.0,0.0,0.0,0.0,0.0
1776356872588760029,121265,0.0,1.4,0.024,0.3,-0.02,-0.04,0.06,-4.94,0.75,0.01,0.03,-0.38,-0.06,-0.0,0.0,188.65,199.0,0.0,0.0,0.0,0.0
1776356872681146930,121366,0.0,1.3,0.02,0.3,0.16,-0.1,0.06,-4.94,0.75,0.02,0.04,-0.39,-0.0,-0.0,0.06,188.65,199.0,0.0,0.0,0.0,0.0
1776356872779519225,121465,0.0,1.2,0.016,0.7,0.0,-0.08,0.06,-4.94,0.75,0.03,0.02,-0.38,-0.12,-0.0,0.0,188.65,203.0,0.0,0.0,0.0,0.0
1776356872881834802,121565,0.0,1.2,0.016,0.2,-0.1,-0.02,0.06,-4.94,0.75,0.02,0.03,-0.36,0.06,-0.0,0.12,188.82,188.0,0.0,0.0,0.0,0.0
1776356872980130803,121666,0.0,1.3,0.016,0.4,0.06,0.04,0.06,-4.94,0.75,0.0,0.06,-0.39,-0.0,0.06,0.0,192.94,188.0,0.0,0.0,0.0,0.0
1776356873082551670,121765,0.0,1.2,0.0,1.2,0.16,0.04,0.06,-4.94,0.75,0.01,0.04,-0.38,-0.06,0.12,0.0,192.94,193.0,0.0,0.0,0.0,0.0
1776356873296554283,121866,0.0,0.3,0.024,0.0,-0.02,-0.12,0.06,-4.94,0.75,0.0,0.03,-0.38,0.06,0.25,0.06,192.77,188.0,0.0,0.0,0.0,0.0
1776356873299793435,121966,0.0,0.9,0.056,0.5,0.0,-0.1,0.06,-4.94,0.75,-0.01,0.04,-0.39,0.06,-0.06,0.06,192.77,188.0,0.0,0.0,0.0,0.0
1776356873381493586,122065,0.0,0.7,0.04,0.2,0.0,0.0,0.06,-4.94,0.75,0.0,0.03,-0.37,0.12,-0.19,0.06,192.94,199.0,0.0,0.0,0.0,0.0
1776356873479775639,122165,0.0,0.7,0.044,0.3,0.0,-0.1,0.06,-4.94,0.75,0.01,0.03,-0.37,-0.0,-0.0,0.06,192.94,199.0,0.0,0.0,0.0,0.0
1776356873582217856,122265,0.0,1.0,0.036,0.5,-0.04,-0.1,0.06,-4.94,0.75,-0.01,0.03,-0.38,0.06,-0.12,0.0,205.97,184.0,0.0,0.0,0.0,0.0
1776356873680510723,122365,0.0,0.1,0.0,1.2,-0.06,-0.06,0.06,-4.94,0.75,0.0,0.03,-0.38,0.06,-0.06,0.0,192.77,197.0,0.0,0.0,0.0,0.0
1776356873808557708,122465,0.0,1.3,0.016,0.1,0.06,-0.14,0.06,-4.94,0.75,0.01,0.02,-0.37,0.06,-0.12,0.0,188.65,197.0,0.0,0.0,0.0,0.0
1776356873881194531,122565,0.0,1.3,0.02,0.5,0.18,0.0,0.06,-4.94,0.75,0.01,0.05,-0.4,0.06,-0.19,-0.06,197.57,196.0,0.0,0.0,0.0,0.0
1776356873979487750,122664,0.0,1.1,0.016,0.3,0.1,-0.12,0.06,-4.94,0.75,0.02,0.02,-0.37,0.19,-0.12,-0.19,197.57,195.0,0.0,0.0,0.0,0.0
1776356874081889261,122765,0.0,1.0,0.008,0.3,0.0,-0.12,0.06,-4.94,0.75,0.0,0.02,-0.37,-0.0,-0.0,-0.06,197.57,195.0,0.0,0.0,0.0,0.0
1776356874180190235,122865,0.0,1.1,0.052,0.3,-0.06,-0.04,0.06,-4.94,0.75,0.0,0.05,-0.37,-0.12,0.06,-0.12,197.74,190.0,0.0,0.0,0.0,0.0
1776356874282587468,122966,0.0,1.2,0.0,1.0,-0.08,-0.04,0.06,-4.94,0.75,0.0,0.03,-0.36,0.06,-0.06,-0.06,197.57,199.0,0.0,0.0,0.0,0.0
1776356874380811444,123066,0.0,0.2,0.0,1.2,0.0,-0.06,0.06,-4.94,0.75,0.01,0.03,-0.39,-0.0,-0.06,0.06,201.86,199.0,0.0,0.0,0.0,0.0
1776356874483237417,123166,0.0,0.2,0.0,1.2,-0.04,-0.06,0.06,-4.94,0.75,0.0,0.02,-0.39,-0.0,-0.0,0.0,201.68,193.0,0.0,0.0,0.0,0.0
1776356874581529706,123267,0.0,0.1,0.0,1.4,0.02,-0.1,0.06,-4.94,0.75,0.0,0.03,-0.36,-0.12,-0.0,-0.06,192.77,193.0,0.0,0.0,0.0,0.0
1776356874683969234,123367,0.0,0.4,0.0,1.1,-0.1,-0.06,0.06,-4.94,0.75,0.03,0.04,-0.38,-0.06,0.12,0.0,188.65,187.0,0.0,0.0,0.0,0.0
1776356874792589390,123467,0.0,0.9,0.024,0.3,-0.04,-0.1,0.06,-4.94,0.75,0.0,0.03,-0.37,-0.0,-0.0,0.06,201.68,188.0,0.0,0.0,0.0,0.0
1776356874884665977,123567,0.0,1.0,0.008,0.6,0.1,-0.04,0.06,-4.94,0.75,0.0,0.04,-0.39,-0.0,-0.12,0.0,188.65,188.0,0.0,0.0,0.0,0.0
1776356874982956137,123667,0.0,0.9,0.012,0.4,-0.02,-0.08,0.06,-4.94,0.75,0.0,0.03,-0.38,-0.12,0.06,0.19,192.94,201.0,0.0,0.0,0.0,0.0
1776356875081253441,123766,0.0,0.3,0.0,1.6,0.04,-0.1,0.06,-4.94,0.75,0.0,0.05,-0.38,-0.0,-0.0,0.0,188.65,187.0,0.0,0.0,0.0,0.0
1776356875183655632,123866,0.0,1.1,0.052,0.3,0.0,-0.06,0.06,-4.94,0.75,0.01,0.05,-0.35,-0.06,0.06,0.0,188.65,187.0,0.0,0.0,0.0,0.0
1776356875281947306,123966,0.0,1.3,0.0,1.0,-0.06,-0.06,0.06,-4.94,0.75,0.0,0.03,-0.38,-0.06,0.06,0.06,184.53,189.0,0.0,0.0,0.0,0.0
1776356875380209443,124065,0.0,0.1,0.0,1.1,0.0,-0.16,0.06,-4.94,0.75,0.0,0.04,-0.37,-0.12,-0.0,-0.06,188.65,193.0,0.0,0.0,0.0,0.0
1776356875482597709,124165,0.0,0.3,0.0,0.4,-0.06,-0.02,0.06,-4.94,0.75,0.01,0.05,-0.39,-0.12,-0.12,0.06,197.57,193.0,0.0,0.0,0.0,0.0
1776356875590981275,124266,0.0,1.0,0.0,1.6,0.2,0.06,0.06,-4.94,0.75,0.0,0.03,-0.37,-0.25,0.12,-0.06,196.37,188.0,0.0,0.0,0.0,0.0
1776356875683326147,124366,0.0,1.3,0.024,0.5,0.04,-0.02,0.06,-4.94,0.75,0.0,0.05,-0.38,-0.06,-0.12,-0.12,196.54,188.0,0.0,0.0,0.0,0.0
1776356875785727876,124466,0.0,1.3,0.016,0.6,0.0,-0.06,0.06,-4.94,0.75,0.01,0.03,-0.37,0.06,-0.0,-0.06,197.57,188.0,0.0,0.0,0.0,0.0
1776356875884021975,124567,0.0,1.4,0.004,0.2,0.04,-0.14,0.06,-4.94,0.75,0.0,0.03,-0.37,-0.0,-0.06,0.0,197.57,201.0,0.0,0.0,0.0,0.0
1776356875992377375,124667,0.0,0.3,0.0,1.3,0.04,-0.04,0.06,-4.94,0.75,0.0,0.03,-0.38,-0.06,0.12,0.12,201.68,201.0,0.0,0.0,0.0,0.0
1776356876084711171,124767,0.0,0.1,0.0,0.9,0.0,-0.02,0.06,-4.94,0.75,0.0,0.03,-0.38,0.12,0.12,0.0,188.65,193.0,0.0,0.0,0.0,0.0
1776356876187106173,124868,0.0,0.3,0.0,1.2,-0.1,-0.08,0.06,-4.94,0.75,0.02,0.02,-0.39,-0.06,0.19,0.0,197.57,189.0,0.0,0.0,0.0,0.0
1776356876285383121,124967,0.0,0.8,0.0,0.5,0.04,-0.04,0.06,-4.94,0.75,0.0,0.04,-0.38,-0.0,0.06,0.0,193.28,189.0,0.0,0.0,0.0,0.0
1776356876387748568,125068,0.0,0.2,0.0,1.2,0.0,-0.04,0.06,-4.94,0.75,0.0,0.01,-0.36,0.12,-0.06,-0.06,197.57,190.0,0.0,0.0,0.0,0.0
1776356876486108681,125168,0.0,0.4,0.0,1.0,-0.02,-0.02,0.06,-4.94,0.75,0.0,0.03,-0.38,0.06,-0.06,0.0,188.65,189.0,0.0,0.0,0.0,0.0
1776356876584371685,125268,0.0,0.9,0.024,0.3,-0.06,0.0,0.06,-4.94,0.75,-0.01,0.03,-0.36,-0.0,-0.06,-0.06,188.65,189.0,0.0,0.0,0.0,0.0
1776356876796570061,125368,0.0,0.2,0.0,1.2,-0.1,-0.12,0.06,-4.94,0.75,0.0,0.01,-0.34,-0.0,0.12,0.12,201.68,189.0,0.0,0.0,0.0,0.0
1776356876809242419,125468,0.0,0.4,0.0,1.3,0.02,-0.02,0.06,-4.94,0.75,0.0,0.04,-0.39,-0.06,-0.19,-0.06,188.65,189.0,0.0,0.0,0.0,0.0
1776356876887490802,125569,0.0,1.1,0.012,0.5,0.06,-0.08,0.06,-4.94,0.75,0.0,0.02,-0.36,0.06,-0.06,-0.12,188.65,198.0,0.0,0.0,0.0,0.0
1776356876985762306,125669,0.0,1.4,0.016,0.2,-0.2,-0.12,0.06,-4.94,0.75,0.0,0.04,-0.38,0.06,0.12,0.0,188.65,190.0,0.0,0.0,0.0,0.0
1776356877088166156,125769,0.0,1.2,0.004,0.3,-0.08,-0.04,0.06,-4.94,0.75,0.01,0.03,-0.39,-0.0,-0.0,0.0,188.65,190.0,0.0,0.0,0.0,0.0
1776356877186460396,125869,0.0,1.2,0.06,0.3,-0.16,-0.06,0.06,-4.94,0.75,0.0,0.03,-0.37,-0.06,-0.06,0.0,188.65,193.0,0.0,0.0,0.0,0.0
1776356877288878449,125969,0.0,0.4,0.0,0.1,-0.1,0.04,0.06,-4.94,0.75,0.0,0.03,-0.38,-0.0,-0.19,-0.06,188.65,190.0,0.0,0.0,0.0,0.0
1776356877387127042,126068,0.0,0.8,0.044,0.3,-0.1,-0.2,0.06,-4.94,0.75,0.01,0.04,-0.36,-0.19,0.12,0.0,192.77,190.0,0.0,0.0,0.0,0.0
1776356877485418745,126168,0.0,0.9,0.04,0.5,0.02,-0.12,0.06,-4.94,0.75,0.01,0.03,-0.36,0.06,0.19,0.0,188.65,198.0,0.0,0.0,0.0,0.0
1776356877593829023,126268,0.0,0.7,0.028,0.3,0.0,-0.1,0.06,-4.94,0.75,0.0,0.05,-0.37,-0.12,-0.12,-0.06,192.94,187.0,0.0,0.0,0.0,0.0
1776356877686145056,126367,0.0,0.2,0.0,1.5,0.12,-0.04,0.06,-4.94,0.75,0.0,0.05,-0.4,-0.0,0.12,0.12,192.42,187.0,0.0,0.0,0.0,0.0
1776356877784454128,126467,0.0,1.2,0.028,0.2,0.06,-0.1,0.06,-4.94,0.75,0.0,0.03,-0.37,0.06,-0.19,0.0,202.37,186.0,0.0,0.0,0.0,0.0
1776356877886850589,126567,0.0,1.1,0.016,0.3,0.16,-0.1,0.06,-4.94,0.75,0.0,0.03,-0.37,-0.0,-0.06,-0.06,202.37,186.0,0.0,0.0,0.0,0.0
1776356877996561388,126667,0.0,0.5,0.0,1.1,-0.04,0.0,0.06,-4.94,0.75,0.0,0.03,-0.36,0.06,0.12,0.06,202.37,193.0,0.0,0.0,0.0,0.0
1776356878087539287,126768,0.0,0.2,0.0,1.4,0.04,0.02,0.06,-4.94,0.75,0.03,0.03,-0.37,-0.0,-0.06,0.0,202.37,187.0,0.0,0.0,0.0,0.0
1776356878185828282,126868,0.0,0.3,0.0,1.2,0.0,0.08,0.06,-4.94,0.75,0.0,0.04,-0.4,-0.0,-0.06,0.12,202.37,187.0,0.0,0.0,0.0,0.0
1776356878288223554,126968,0.004,0.1,0.0,1.4,-0.02,-0.02,0.06,-4.94,0.75,0.01,0.04,-0.38,0.06,-0.0,0.0,202.37,189.0,0.0,0.0,0.0,0.0
1776356878386527234,127068,0.0,1.3,0.052,0.6,-0.1,-0.06,0.06,-4.94,0.75,0.0,0.05,-0.4,-0.0,-0.12,0.0,198.25,190.0,0.0,0.0,0.0,0.0
1776356878484771064,127168,0.0,1.2,0.036,0.1,0.04,-0.1,0.06,-4.94,0.75,0.02,0.03,-0.4,0.06,-0.06,0.0,198.08,190.0,0.0,0.0,0.0,0.0
1776356878587213001,127267,0.0,0.1,0.0,1.2,0.06,-0.16,0.06,-4.94,0.75,-0.01,0.04,-0.36,-0.0,-0.06,0.0,202.37,189.0,0.0,0.0,0.0,0.0
1776356878685462942,127368,0.0,0.1,0.0,1.0,-0.04,-0.12,0.06,-4.94,0.75,0.01,0.04,-0.38,-0.0,0.06,0.0,202.37,188.0,0.0,0.0,0.0,0.0
1776356878787908453,127468,0.0,0.2,0.0,1.1,-0.1,-0.1,0.06,-4.94,0.75,0.0,0.04,-0.39,-0.0,-0.12,0.0,202.37,188.0,0.0,0.0,0.0,0.0
1776356878928562141,127567,0.0,0.3,0.0,0.5,-0.2,0.02,0.06,-4.94,0.75,0.0,0.04,-0.38,0.06,-0.06,0.0,206.66,192.0,0.0,0.0,0.0,0.0
1776356878984475814,127667,0.0,0.9,0.02,0.5,0.02,-0.08,0.06,-4.94,0.75,0.0,0.03,-0.37,-0.12,-0.0,0.06,196.54,210.0,0.0,0.0,0.0,0.0
1776356879086858231,127767,0.0,1.0,0.0,0.3,0.0,-0.06,0.06,-4.94,0.75,0.0,0.03,-0.39,0.19,-0.12,0.0,197.57,210.0,0.0,0.0,0.0,0.0
1776356879185169981,127866,0.0,1.4,0.0,0.9,0.04,-0.12,0.06,-4.94,0.75,0.01,0.02,-0.4,-0.06,-0.0,0.0,188.82,193.0,0.0,0.0,0.0,0.0
1776356879287600137,127967,0.004,0.2,0.064,0.3,-0.02,-0.04,0.06,-4.94,0.75,0.01,0.04,-0.36,0.12,0.06,0.12,188.65,193.0,0.0,0.0,0.0,0.0
1776356879385844611,128067,0.0,0.4,0.0,1.5,0.04,0.12,0.06,-4.94,0.75,0.01,0.03,-0.38,0.06,-0.0,-0.06,188.65,186.0,0.0,0.0,0.0,0.0
1776356879484112362,128166,0.0,1.2,0.04,0.5,-0.18,-0.14,0.06,-4.94,0.75,0.0,0.03,-0.37,0.12,-0.06,0.0,191.74,186.0,0.0,0.0,0.0,0.0
1776356879586572442,128267,0.0,1.1,0.0,1.1,-0.02,0.08,0.06,-4.94,0.75,0.0,0.03,-0.42,0.06,0.12,-0.06,191.91,186.0,0.0,0.0,0.0,0.0
1776356879688971432,128368,0.0,0.3,0.0,0.9,0.0,-0.04,0.06,-4.94,0.75,0.0,0.05,-0.37,-0.06,-0.31,-0.12,188.65,190.0,0.0,0.0,0.0,0.0
1776356879787250646,128467,0.0,0.4,0.0,1.2,-0.14,-0.08,0.06,-4.94,0.75,0.0,0.04,-0.39,-0.0,-0.0,0.06,192.94,203.0,0.0,0.0,0.0,0.0
1776356879885534619,128567,0.0,0.0,0.0,1.2,-0.04,0.0,0.06,-4.94,0.75,0.0,0.04,-0.39,0.12,-0.0,0.0,197.57,203.0,0.0,0.0,0.0,0.0
1776356879987953497,128667,0.0,0.2,0.0,1.1,-0.06,0.0,0.06,-4.94,0.75,0.0,0.03,-0.4,0.12,-0.06,0.0,193.45,191.0,0.0,0.0,0.0,0.0
1776356880086187950,128768,0.0,0.2,0.0,1.3,-0.1,-0.08,0.06,-4.94,0.75,0.01,0.03,-0.37,-0.06,0.19,0.06,201.86,191.0,0.0,0.0,0.0,0.0
1776356880188658322,128868,0.0,0.9,0.052,0.3,0.02,-0.1,0.06,-4.94,0.75,-0.01,0.02,-0.37,0.06,-0.19,0.06,196.54,190.0,0.0,0.0,0.0,0.0
1776356880286973809,128968,0.0,1.3,0.06,0.3,0.08,0.04,0.06,-4.94,0.75,0.0,0.04,-0.38,-0.06,-0.06,0.06,193.45,185.0,0.0,0.0,0.0,0.0
1776356880389376332,129068,0.0,1.0,0.036,0.6,0.04,-0.1,0.06,-4.94,0.75,0.02,0.03,-0.39,0.06,-0.0,0.0,202.37,185.0,0.0,0.0,0.0,0.0
1776356880487658227,129168,0.0,1.2,0.032,0.6,-0.02,-0.02,0.06,-4.94,0.75,0.0,0.03,-0.42,-0.06,-0.0,0.06,202.37,193.0,0.0,0.0,0.0,0.0
1776356880585945788,129267,0.0,1.1,0.028,0.3,0.0,-0.04,0.06,-4.94,0.75,0.0,0.02,-0.4,-0.12,0.12,0.06,197.57,195.0,0.0,0.0,0.0,0.0
1776356880688348441,129367,0.0,1.2,0.024,0.7,0.08,-0.08,0.06,-4.94,0.75,0.01,0.04,-0.4,0.06,0.12,-0.12,197.57,195.0,0.0,0.0,0.0,0.0
1776356880786630484,129467,0.0,1.2,0.016,0.2,-0.1,0.0,0.06,-4.94,0.75,0.0,0.04,-0.41,0.06,0.06,-0.12,193.45,185.0,0.0,0.0,0.0,0.0
1776356880884924194,129566,0.0,0.2,0.0,1.0,0.0,-0.1,0.06,-4.94,0.75,0.01,0.02,-0.38,-0.06,-0.0,0.06,197.57,190.0,0.0,0.0,0.0,0.0
1776356880987326624,129666,0.0,0.4,0.0,1.3,-0.08,-0.2,0.06,-4.94,0.75,0.0,0.06,-0.39,0.06,-0.0,0.06,197.57,190.0,0.0,0.0,0.0,0.0
1776356881085600275,129767,0.0,0.3,0.0,1.1,-0.06,-0.06,0.06,-4.94,0.75,0.01,0.03,-0.4,-0.0,-0.12,0.0,197.57,196.0,0.0,0.0,0.0,0.0
1776356881188021330,129866,0.0,0.9,0.06,0.2,0.04,0.04,0.06,-4.94,0.75,0.01,0.04,-0.39,-0.0,0.12,0.0,201.86,193.0,0.0,0.0,0.0,0.0
1776356881286310869,129966,0.0,0.7,0.056,0.3,-0.06,-0.08,0.06,-4.94,0.75,0.01,0.04,-0.41,0.06,0.12,0.0,197.57,193.0,0.0,0.0,0.0,0.0
1776356881384519540,130066,0.0,0.7,0.044,0.7,-0.02,0.12,0.06,-4.94,0.75,0.01,0.01,-0.4,0.06,0.19,-0.06,188.65,186.0,0.0,0.0,0.0,0.0
1776356881486995446,130166,0.0,0.7,0.036,0.5,-0.06,-0.23,0.06,-4.94,0.75,0.01,0.02,-0.42,-0.0,-0.06,0.0,192.77,186.0,0.0,0.0,0.0,0.0
1776356881589395076,130266,0.0,1.0,0.032,0.5,0.18,0.0,0.06,-4.94,0.75,0.0,0.04,-0.39,0.06,-0.0,0.0,196.54,203.0,0.0,0.0,0.0,0.0
1776356881687702559,130367,0.0,-0.1,0.0,1.3,0.02,-0.14,0.06,-4.94,0.75,0.02,0.04,-0.4,0.12,-0.06,0.06,201.86,193.0,0.0,0.0,0.0,0.0
1776356882020563743,130466,0.0,1.2,0.02,0.3,-0.12,0.0,0.06,-4.94,0.75,0.0,0.03,-0.39,0.06,0.12,0.06,188.65,193.0,0.0,0.0,0.0,0.0
1776356882085001728,130566,0.0,0.1,0.0,1.2,0.02,0.02,0.06,-4.94,0.75,0.01,0.03,-0.39,-0.0,-0.19,0.0,188.65,197.0,0.0,0.0,0.0,0.0
1776356882097226725,130666,0.0,1.2,0.012,0.3,-0.06,-0.04,0.06,-4.94,0.75,0.0,0.02,-0.39,-0.06,0.06,0.19,188.82,196.0,0.0,0.0,0.0,0.0
1776356882109574181,130765,0.0,1.1,0.0,0.6,-0.08,-0.08,0.06,-4.94,0.75,-0.01,0.02,-0.41,-0.0,0.19,-0.06,205.97,196.0,0.0,0.0,0.0,0.0
1776356882187381873,130865,0.0,0.6,0.0,0.9,-0.02,-0.14,0.06,-4.94,0.75,0.0,0.04,-0.39,0.06,-0.06,0.06,197.57,186.0,0.0,0.0,0.0,0.0
1776356882285660575,130965,0.0,0.8,0.06,0.3,-0.02,-0.04,0.06,-4.94,0.75,0.0,0.04,-0.37,-0.0,-0.12,0.0,193.28,186.0,0.0,0.0,0.0,0.0
1776356882388029332,131065,0.0,0.7,0.04,0.6,0.02,-0.1,0.06,-4.94,0.75,0.0,0.04,-0.37,-0.06,-0.0,0.0,197.74,192.0,0.0,0.0,0.0,0.0
1776356882486325256,131165,0.0,0.9,0.032,0.3,0.0,-0.02,0.06,-4.94,0.75,0.02,0.03,-0.39,0.06,0.06,0.0,197.57,190.0,0.0,0.0,0.0,0.0
1776356882584673697,131265,0.0,0.7,0.032,0.1,-0.1,-0.2,0.06,-4.94,0.75,0.0,0.04,-0.39,-0.0,-0.25,-0.12,197.57,190.0,0.0,0.0,0.0,0.0
1776356882687064008,131364,0.0,0.7,0.032,0.3,0.04,-0.14,0.06,-4.94,0.75,0.02,0.03,-0.38,-0.0,0.12,0.0,193.45,190.0,0.0,0.0,0.0,0.0
1776356882785326415,131465,0.0,0.4,0.0,1.3,-0.1,-0.04,0.06,-4.94,0.75,0.0,0.02,-0.42,-0.0,0.19,0.06,193.45,195.0,0.0,0.0,0.0,0.0
1776356882887752206,131565,0.0,1.3,0.012,0.3,0.0,-0.14,0.06,-4.94,0.75,-0.01,0.03,-0.36,-0.0,0.06,-0.06,202.37,195.0,0.0,0.0,0.0,0.0
1776356882986039371,131664,0.0,1.5,0.008,0.2,0.1,-0.06,0.06,-4.94,0.75,0.0,0.03,-0.37,-0.0,-0.06,0.06,213.86,192.0,0.0,0.0,0.0,0.0
1776356883088451623,131765,0.0,1.3,0.012,0.4,0.08,-0.08,0.06,-4.94,0.75,0.0,0.04,-0.38,0.06,-0.0,0.0,210.77,193.0,0.0,0.0,0.0,0.0
1776356883186746599,131865,0.0,1.2,0.06,0.4,-0.02,-0.08,0.06,-4.94,0.75,0.0,0.02,-0.39,-0.0,0.06,-0.06,197.74,193.0,0.0,0.0,0.0,0.0
1776356883285044834,131964,0.0,1.1,0.06,0.5,0.06,0.02,0.06,-4.94,0.75,0.02,0.03,-0.38,-0.12,-0.06,0.0,197.74,195.0,0.0,0.0,0.0,0.0
1776356883387388069,132064,0.0,0.4,0.0,1.2,-0.04,0.04,0.06,-4.94,0.75,0.0,0.03,-0.4,-0.12,-0.0,0.0,196.54,189.0,0.0,0.0,0.0,0.0
1776356883485769320,132165,0.0,1.1,0.04,0.2,-0.02,-0.14,0.06,-4.94,0.75,0.0,0.05,-0.38,-0.0,-0.0,0.06,201.86,189.0,0.0,0.0,0.0,0.0
1776356883594090075,132264,0.0,1.0,0.032,0.5,0.12,-0.04,0.06,-4.94,0.75,0.01,0.04,-0.39,-0.12,0.12,0.06,197.57,191.0,0.0,0.0,0.0,0.0
1776356883686410938,132364,0.0,0.9,0.02,-0.1,0.0,-0.08,0.06,-4.94,0.75,0.0,0.03,-0.36,-0.06,-0.0,-0.06,210.77,191.0,0.0,0.0,0.0,0.0
1776356883784725469,132464,0.0,0.9,0.012,0.4,0.02,-0.02,0.06,-4.94,0.75,0.02,0.04,-0.38,-0.12,0.06,0.0,214.89,188.0,0.0,0.0,0.0,0.0
1776356883887114683,132563,0.0,0.7,0.012,0.1,0.02,0.02,0.06,-4.94,0.75,0.0,0.04,-0.37,0.06,0.31,0.0,193.45,196.0,0.0,0.0,0.0,0.0
1776356883985404104,132663,0.0,0.8,0.0,1.4,0.0,-0.08,0.06,-4.94,0.75,0.01,0.03,-0.38,-0.0,-0.0,-0.06,206.66,196.0,0.0,0.0,0.0,0.0
1776356884083708076,132763,0.0,0.4,0.004,0.4,-0.08,0.0,0.06,-4.94,0.75,0.0,0.03,-0.42,-0.0,0.12,0.0,193.45,184.0,0.0,0.0,0.0,0.0
1776356884186095954,132862,0.0,1.2,0.052,0.5,-0.16,0.0,0.06,-4.94,0.75,0.0,0.04,-0.37,0.12,0.19,0.06,209.74,186.0,0.0,0.0,0.0,0.0
1776356884284341612,132963,0.0,1.1,0.064,0.5,-0.18,-0.1,0.06,-4.94,0.75,0.02,0.04,-0.37,-0.0,-0.06,0.0,193.45,186.0,0.0,0.0,0.0,0.0
1776356884386756526,133064,0.0,1.3,0.044,0.3,0.0,0.02,0.06,-4.94,0.75,0.02,0.03,-0.37,0.06,0.25,0.12,197.57,192.0,0.0,0.0,0.0,0.0
1776356884485048739,133164,0.0,1.3,0.036,0.2,-0.08,-0.08,0.06,-4.94,0.75,0.02,0.03,-0.37,0.06,-0.12,-0.06,197.57,192.0,0.0,0.0,0.0,0.0
1776356884587471171,133264,0.0,1.2,0.028,0.3,-0.06,-0.14,0.06,-4.94,0.75,0.01,0.02,-0.36,0.12,-0.0,-0.06,197.57,194.0,0.0,0.0,0.0,0.0
1776356884685778680,133364,0.0,1.1,0.02,0.5,-0.18,-0.12,0.06,-4.94,0.75,0.01,0.04,-0.38,-0.0,-0.06,0.0,197.57,187.0,0.0,0.0,0.0,0.0
1776356884788175946,133464,0.0,1.2,0.016,0.5,0.0,-0.06,0.06,-4.94,0.75,0.01,0.01,-0.38,0.19,-0.12,0.06,201.86,187.0,0.0,0.0,0.0,0.0
1776356884886469752,133565,0.0,1.3,0.016,0.2,-0.06,0.02,0.06,-4.94,0.75,0.01,0.05,-0.39,-0.12,0.06,0.06,201.86,198.0,0.0,0.0,0.0,0.0
1776356884988848296,133665,0.0,1.0,0.012,0.6,-0.06,0.04,0.06,-4.94,0.75,0.0,0.05,-0.39,0.06,0.06,-0.06,192.94,194.0,0.0,0.0,0.0,0.0
1776356885087136339,133766,0.0,0.9,0.016,0.3,0.0,-0.04,0.06,-4.94,0.75,-0.01,0.04,-0.38,-0.06,-0.0,-0.06,200.83,194.0,0.0,0.0,0.0,0.0
1776356885189554953,133866,0.0,1.2,0.056,0.3,-0.04,-0.04,0.06,-4.94,0.75,0.01,0.04,-0.37,-0.12,0.12,-0.06,192.94,192.0,0.0,0.0,0.0,0.0
1776356885287874624,133965,0.0,1.2,0.072,0.2,-0.14,-0.06,0.06,-4.94,0.75,0.0,0.02,-0.38,-0.12,0.12,-0.06,201.86,193.0,0.0,0.0,0.0,0.0
1776356885390225147,134066,0.0,1.3,0.04,0.2,0.02,-0.06,0.06,-4.94,0.75,0.0,0.02,-0.37,-0.0,-0.12,0.06,197.74,193.0,0.0,0.0,0.0,0.0
1776356885488505394,134166,0.0,1.3,0.0,1.2,0.06,-0.06,0.06,-4.94,0.75,0.01,0.04,-0.38,-0.0,-0.0,0.0,192.25,188.0,0.0,0.0,0.0,0.0
1776356885590943174,134266,0.0,0.2,0.0,1.0,0.02,0.0,0.06,-4.94,0.75,0.0,0.03,-0.39,-0.12,0.06,0.06,197.57,198.0,0.0,0.0,0.0,0.0
1776356885689241457,134367,0.0,0.3,0.0,1.1,0.23,0.02,0.06,-4.94,0.75,0.01,0.02,-0.37,-0.0,0.06,0.06,197.57,198.0,0.0,0.0,0.0,0.0
1776356885791643960,134467,0.0,0.1,0.0,1.3,-0.16,0.08,0.06,-4.94,0.75,0.0,0.03,-0.37,-0.06,-0.0,0.06,200.83,193.0,0.0,0.0,0.0,0.0
1776356885889938335,134567,0.0,1.0,0.0,1.1,0.02,0.0,0.06,-4.94,0.75,0.0,0.03,-0.36,-0.0,-0.0,0.06,201.86,193.0,0.0,0.0,0.0,0.0
1776356885992336264,134667,0.0,0.3,0.0,1.2,0.0,-0.16,0.06,-4.94,0.75,0.0,0.05,-0.37,-0.06,-0.06,0.0,193.45,202.0,0.0,0.0,0.0,0.0
1776356886090627341,134767,0.0,0.2,0.0,1.4,-0.1,-0.06,0.06,-4.94,0.75,0.0,0.02,-0.4,-0.0,-0.0,-0.06,201.86,198.0,0.0,0.0,0.0,0.0
1776356886193007951,134867,0.0,0.1,0.0,1.4,-0.06,-0.06,0.06,-4.94,0.75,-0.01,0.02,-0.4,-0.12,0.19,0.06,188.65,198.0,0.0,0.0,0.0,0.0
1776356886291338693,134968,0.0,0.2,0.0,1.4,0.02,-0.02,0.06,-4.94,0.75,0.0,0.04,-0.39,0.06,0.06,0.0,192.77,191.0,0.0,0.0,0.0,0.0
1776356886389548845,135068,0.0,0.2,0.0,1.3,-0.04,0.0,0.06,-4.94,0.75,0.0,0.04,-0.37,-0.0,-0.0,0.0,192.94,192.0,0.0,0.0,0.0,0.0
1776356886491966918,135168,0.0,0.4,0.0,0.7,0.06,0.02,0.06,-4.94,0.75,0.0,0.04,-0.37,-0.06,-0.06,0.0,192.94,192.0,0.0,0.0,0.0,0.0
1776356886590287363,135268,0.0,1.2,0.032,0.5,-0.02,0.16,0.06,-4.94,0.75,0.0,0.05,-0.37,0.06,-0.19,-0.06,188.82,192.0,0.0,0.0,0.0,0.0
1776356886712591497,135368,0.0,1.2,0.028,0.3,-0.08,-0.1,0.06,-4.94,0.75,0.0,0.05,-0.39,-0.06,-0.06,0.0,192.94,192.0,0.0,0.0,0.0,0.0
1776356886790964383,135468,0.0,1.1,0.016,0.0,0.06,-0.06,0.06,-4.94,0.75,0.01,0.05,-0.38,0.06,-0.0,0.0,191.91,181.0,0.0,0.0,0.0,0.0
1776356887196566909,135569,0.0,1.2,0.024,0.2,-0.12,-0.16,0.06,-4.94,0.75,0.01,0.03,-0.37,-0.06,0.06,0.0,192.77,188.0,0.0,0.0,0.0,0.0
1776356887209326611,135668,0.0,1.1,0.0,1.1,0.04,-0.04,0.06,-4.94,0.75,0.0,0.04,-0.41,-0.0,0.12,0.06,197.05,188.0,0.0,0.0,0.0,0.0
1776356887223087563,135768,0.0,0.0,0.0,1.1,-0.04,-0.04,0.06,-4.94,0.75,0.02,0.03,-0.4,0.06,0.06,-0.06,192.94,199.0,0.0,0.0,0.0,0.0
1776356887290695800,135868,0.004,0.2,0.064,0.5,-0.02,0.02,0.06,-4.94,0.75,0.0,0.05,-0.38,-0.12,0.12,0.0,192.94,200.0,0.0,0.0,0.0,0.0
1776356887299048624,135967,0.0,1.1,0.052,0.2,-0.04,-0.06,0.06,-4.94,0.75,0.0,0.04,-0.39,-0.0,-0.06,0.0,192.94,200.0,0.0,0.0,0.0,0.0
1776356887393035871,136067,0.0,0.4,0.052,0.3,0.06,-0.06,0.06,-4.94,0.75,0.03,0.04,-0.4,0.06,0.06,0.0,188.65,187.0,0.0,0.0,0.0,0.0
1776356887491333480,136167,0.0,0.7,0.036,0.5,-0.08,-0.1,0.06,-4.94,0.75,0.0,0.02,-0.4,-0.12,-0.0,0.0,192.94,188.0,0.0,0.0,0.0,0.0
1776356887589664033,136266,0.0,0.9,0.028,0.1,-0.08,-0.18,0.06,-4.94,0.75,-0.01,0.05,-0.39,0.06,0.06,-0.06,191.74,188.0,0.0,0.0,0.0,0.0
1776356887692062787,136366,0.0,1.1,0.0,1.4,0.04,-0.04,0.06,-4.94,0.75,0.01,0.04,-0.38,-0.06,-0.0,-0.12,192.94,193.0,0.0,0.0,0.0,0.0
1776356887790348749,136466,0.0,1.2,0.0,0.3,0.1,0.0,0.06,-4.94,0.75,-0.01,0.03,-0.39,0.06,-0.12,0.06,188.65,185.0,0.0,0.0,0.0,0.0
1776356887888665894,136565,0.0,0.9,0.024,0.4,-0.23,-0.12,0.06,-4.94,0.75,0.0,0.05,-0.39,-0.0,0.06,0.0,192.94,185.0,0.0,0.0,0.0,0.0
1776356887991057686,136666,0.0,1.0,0.0,1.3,-0.08,-0.04,0.06,-4.94,0.75,0.0,0.02,-0.38,-0.19,0.06,0.06,188.82,191.0,0.0,0.0,0.0,0.0
1776356888089321422,136766,0.0,0.4,0.0,1.4,0.08,-0.31,0.06,-4.94,0.75,0.0,0.02,-0.39,0.06,-0.06,0.0,200.83,191.0,0.0,0.0,0.0,0.0
1776356888208555206,136866,0.0,1.3,0.056,0.2,0.12,0.02,0.06,-4.94,0.75,0.0,0.04,-0.38,0.06,-0.06,0.06,188.65,189.0,0.0,0.0,0.0,0.0
1776356888290046315,136966,0.0,1.2,0.056,0.2,0.04,-0.08,0.06,-4.94,0.75,0.01,0.04,-0.4,-0.12,-0.06,0.0,192.77,187.0,0.0,0.0,0.0,0.0
1776356888392417918,137066,0.0,0.1,0.0,1.1,-0.06,-0.06,0.06,-4.94,0.75,0.0,0.03,-0.4,-0.0,0.12,0.06,192.94,187.0,0.0,0.0,0.0,0.0
1776356888490697876,137166,0.0,0.1,0.0,1.3,0.04,-0.02,0.06,-4.94,0.75,0.0,0.02,-0.39,0.06,-0.0,0.0,188.65,193.0,0.0,0.0,0.0,0.0
1776356888593130533,137266,0.0,1.1,0.024,0.4,0.0,-0.12,0.06,-4.94,0.75,0.02,0.03,-0.39,-0.06,0.06,-0.06,188.65,192.0,0.0,0.0,0.0,0.0
1776356888691419232,137367,0.0,0.9,0.028,0.3,-0.12,-0.08,0.06,-4.94,0.75,0.0,0.04,-0.35,-0.12,-0.0,0.06,192.94,192.0,0.0,0.0,0.0,0.0
1776356888799763021,137466,0.0,0.8,0.016,0.2,0.06,-0.04,0.06,-4.94,0.75,0.0,0.03,-0.36,-0.0,-0.0,-0.06,191.91,189.0,0.0,0.0,0.0,0.0
1776356888892115051,137567,0.0,0.8,0.0,1.4,-0.04,0.1,0.06,-4.94,0.75,0.0,0.03,-0.38,0.19,-0.06,0.0,192.77,192.0,0.0,0.0,0.0,0.0
1776356888990419711,137667,0.0,1.2,0.004,0.2,0.06,-0.25,0.06,-4.94,0.75,0.01,0.02,-0.37,0.19,0.12,0.06,192.94,192.0,0.0,0.0,0.0,0.0
1776356889092814144,137766,0.0,1.1,0.012,0.3,-0.04,0.1,0.06,-4.94,0.75,0.01,0.02,-0.37,0.12,0.06,-0.06,192.94,193.0,0.0,0.0,0.0,0.0
1776356889200556761,137866,0.0,1.2,0.0,1.2,-0.1,0.02,0.06,-4.94,0.75,0.0,0.02,-0.36,-0.0,-0.0,0.0,191.74,193.0,0.0,0.0,0.0,0.0
1776356889293489642,137966,0.0,0.2,0.0,1.1,0.02,-0.08,0.06,-4.94,0.75,0.0,0.04,-0.37,0.06,-0.06,-0.06,188.14,186.0,0.0,0.0,0.0,0.0
1776356889391743652,138066,0.0,0.2,0.0,1.4,0.08,-0.14,0.06,-4.94,0.75,0.0,0.05,-0.37,-0.06,-0.19,-0.12,184.02,197.0,0.0,0.0,0.0,0.0
1776356889494154769,138166,0.0,0.3,0.0,1.2,-0.1,-0.04,0.06,-4.94,0.75,0.0,0.01,-0.38,0.12,-0.06,0.0,184.02,197.0,0.0,0.0,0.0,0.0
1776356889592515665,138266,0.0,0.1,0.0,1.3,0.08,0.04,0.06,-4.94,0.75,0.01,0.04,-0.37,-0.06,-0.0,0.0,197.05,196.0,0.0,0.0,0.0,0.0
1776356889690778824,138365,0.0,1.1,0.024,0.5,-0.14,0.02,0.06,-4.94,0.75,0.01,0.04,-0.39,-0.06,0.12,0.0,192.94,182.0,0.0,0.0,0.0,0.0
1776356889793189793,138465,0.0,0.4,0.016,0.5,-0.1,-0.16,0.06,-4.94,0.75,0.01,0.04,-0.38,-0.0,0.19,0.06,188.65,182.0,0.0,0.0,0.0,0.0
1776356889891531634,138565,0.0,0.7,0.012,0.6,-0.08,-0.14,0.06,-4.94,0.75,0.01,0.03,-0.39,0.06,-0.12,0.0,192.94,193.0,0.0,0.0,0.0,0.0
1776356889989753830,138665,0.0,0.7,0.016,0.2,0.1,-0.1,0.06,-4.94,0.75,0.0,0.04,-0.39,0.12,-0.0,0.06,188.65,186.0,0.0,0.0,0.0,0.0
1776356890132558228,138765,0.0,0.7,0.016,0.5,0.0,-0.08,0.06,-4.94,0.75,0.0,0.02,-0.38,0.12,0.06,0.0,188.65,186.0,0.0,0.0,0.0,0.0
1776356890190462413,138865,0.0,0.7,0.06,0.3,-0.04,0.0,0.06,-4.94,0.75,0.0,0.04,-0.38,-0.06,-0.0,-0.06,192.94,193.0,0.0,0.0,0.0,0.0
1776356890292858508,138966,0.0,1.1,0.064,0.5,0.1,-0.08,0.06,-4.94,0.75,0.0,0.03,-0.37,0.06,0.06,0.0,188.65,193.0,0.0,0.0,0.0,0.0
1776356890391114089,139066,0.0,0.7,0.052,0.4,-0.02,-0.12,0.06,-4.94,0.75,0.01,0.04,-0.39,0.06,-0.06,-0.06,188.65,185.0,0.0,0.0,0.0,0.0
1776356890493558868,139165,0.0,0.7,0.032,0.3,0.02,0.06,0.06,-4.94,0.75,0.0,0.03,-0.37,0.06,-0.0,0.0,187.62,192.0,0.0,0.0,0.0,0.0
1776356890591828337,139266,0.0,0.6,0.02,0.3,0.0,0.06,0.06,-4.94,0.75,0.02,0.06,-0.37,-0.06,-0.0,0.19,188.65,192.0,0.0,0.0,0.0,0.0
1776356890690129324,139366,0.0,0.3,0.02,0.2,0.16,0.02,0.06,-4.94,0.75,0.0,0.01,-0.39,0.06,-0.06,0.06,192.77,180.0,0.0,0.0,0.0,0.0
1776356890792559122,139465,0.0,1.4,0.0,0.2,-0.06,-0.21,0.06,-4.94,0.75,0.0,0.03,-0.41,-0.0,0.06,-0.06,192.94,189.0,0.0,0.0,0.0,0.0
1776356890900889849,139566,0.0,0.7,0.02,0.2,0.12,-0.08,0.06,-4.94,0.75,0.01,0.03,-0.35,-0.06,0.06,0.0,192.94,189.0,0.0,0.0,0.0,0.0
1776356890993229150,139666,0.0,1.0,0.012,0.4,-0.02,-0.02,0.06,-4.94,0.75,0.0,0.03,-0.38,-0.06,-0.19,0.0,187.62,188.0,0.0,0.0,0.0,0.0
1776356891104559493,139766,0.0,0.0,0.0,0.5,-0.04,-0.04,0.06,-4.94,0.75,0.0,0.01,-0.4,-0.12,-0.0,0.0,187.62,201.0,0.0,0.0,0.0,0.0
1776356891193915559,139866,0.0,1.1,0.056,0.4,-0.04,-0.16,0.06,-4.94,0.75,0.0,0.04,-0.38,-0.06,-0.12,-0.06,188.65,201.0,0.0,0.0,0.0,0.0
1776356891292206005,139966,0.0,0.0,0.056,0.4,-0.08,-0.04,0.06,-4.94,0.75,0.0,0.02,-0.38,-0.06,0.19,0.06,192.94,206.0,0.0,0.0,0.0,0.0
1776356891394567579,140066,0.0,0.8,0.044,0.2,0.1,0.04,0.06,-4.94,0.75,0.0,0.02,-0.36,-0.06,-0.06,-0.06,188.65,206.0,0.0,0.0,0.0,0.0
1776356891492827582,140167,0.0,0.2,0.028,0.3,-0.12,-0.04,0.06,-4.94,0.75,0.0,0.05,-0.4,-0.0,0.06,0.0,188.65,195.0,0.0,0.0,0.0,0.0
1776356891595308931,140268,0.0,1.1,0.024,0.3,0.1,-0.14,0.06,-4.94,0.75,0.01,0.03,-0.39,-0.12,-0.06,-0.06,192.94,198.0,0.0,0.0,0.0,0.0
1776356891693615340,140367,0.0,1.5,0.0,1.2,-0.06,0.06,0.06,-4.94,0.75,0.01,0.03,-0.35,-0.06,-0.0,-0.12,188.65,198.0,0.0,0.0,0.0,0.0
1776356891796002635,140467,0.0,0.3,0.028,0.2,-0.06,-0.1,0.06,-4.94,0.75,0.0,0.05,-0.37,-0.06,0.06,0.12,188.65,194.0,0.0,0.0,0.0,0.0
1776356891894334803,140567,0.0,0.7,0.02,0.4,-0.02,0.08,0.06,-4.94,0.75,0.0,0.04,-0.4,-0.06,0.06,-0.06,188.65,181.0,0.0,0.0,0.0,0.0
1776356892002677118,140667,0.0,0.2,0.0,1.3,-0.06,-0.04,0.06,-4.94,0.75,0.0,0.04,-0.37,0.12,-0.0,-0.06,192.77,181.0,0.0,0.0,0.0,0.0
1776356892094943525,140767,0.0,0.4,0.0,1.2,-0.06,-0.14,0.06,-4.94,0.75,0.02,0.03,-0.36,0.12,-0.06,-0.12,201.86,185.0,0.0,0.0,0.0,0.0
1776356892193282411,140867,0.004,0.3,0.0,1.3,0.04,0.06,0.06,-4.94,0.75,0.0,0.03,-0.39,-0.0,-0.0,0.06,184.71,196.0,0.0,0.0,0.0,0.0
1776356892291554262,140966,0.0,1.2,0.056,0.5,0.1,-0.16,0.06,-4.94,0.75,0.0,0.02,-0.42,0.06,-0.06,0.0,196.54,196.0,0.0,0.0,0.0,0.0
1776356892393963331,141066,0.0,0.5,0.0,1.1,-0.04,-0.16,0.06,-4.94,0.75,0.0,0.02,-0.37,-0.0,-0.06,0.06,193.45,189.0,0.0,0.0,0.0,0.0
1776356892492250904,141166,0.0,0.1,0.0,1.1,-0.16,-0.04,0.06,-4.94,0.75,0.0,0.03,-0.37,-0.0,0.06,0.12,193.45,189.0,0.0,0.0,0.0,0.0
1776356892594650473,141265,0.0,0.6,0.02,0.3,0.06,0.02,0.06,-4.94,0.75,0.0,0.03,-0.38,0.06,-0.0,0.0,197.57,190.0,0.0,0.0,0.0,0.0
1776356892692955472,141366,0.0,1.0,0.016,0.1,-0.14,-0.08,0.06,-4.94,0.75,0.01,0.02,-0.39,0.06,-0.06,0.0,201.86,186.0,0.0,0.0,0.0,0.0
1776356892795368707,141466,0.0,0.7,0.016,0.2,0.04,-0.06,0.06,-4.94,0.75,0.01,0.01,-0.41,0.12,-0.12,0.12,193.45,186.0,0.0,0.0,0.0,0.0
1776356892893660002,141565,0.0,1.0,0.012,0.3,-0.1,-0.12,0.06,-4.94,0.75,0.0,0.02,-0.38,-0.12,0.12,-0.06,196.54,194.0,0.0,0.0,0.0,0.0
1776356892996034313,141666,0.0,1.0,0.02,0.5,-0.18,-0.02,0.06,-4.94,0.75,0.01,0.03,-0.37,0.12,0.06,0.06,193.45,192.0,0.0,0.0,0.0,0.0
1776356893094349122,141767,0.0,0.7,0.012,0.5,-0.1,-0.08,0.06,-4.94,0.75,0.01,0.05,-0.39,0.06,0.19,0.06,197.57,192.0,0.0,0.0,0.0,0.0
1776356893196732781,141867,0.0,0.6,0.0,1.3,-0.16,-0.21,0.06,-4.94,0.75,0.01,0.04,-0.38,-0.06,0.12,0.0,197.74,198.0,0.0,0.0,0.0,0.0
1776356893295058479,141967,0.0,1.2,0.0,1.2,0.02,-0.1,0.06,-4.94,0.75,0.02,0.03,-0.39,-0.06,0.06,0.0,197.57,192.0,0.0,0.0,0.0,0.0
1776356893393305346,142066,0.0,1.0,0.04,0.5,-0.04,0.0,0.06,-4.94,0.75,0.02,0.04,-0.38,-0.12,-0.06,0.06,196.54,192.0,0.0,0.0,0.0,0.0
1776356893495693708,142166,0.0,0.9,0.032,0.1,-0.02,-0.06,0.06,-4.94,0.75,0.0,0.04,-0.42,-0.0,-0.19,0.06,197.57,189.0,0.0,0.0,0.0,0.0
1776356893594029313,142266,0.0,0.7,0.0,1.2,0.0,-0.02,0.06,-4.94,0.75,0.02,0.03,-0.4,-0.06,-0.12,0.0,188.65,189.0,0.0,0.0,0.0,0.0
1776356893696424323,142366,0.0,0.3,0.0,1.2,0.04,-0.06,0.06,-4.94,0.75,0.0,0.03,-0.39,0.12,-0.12,0.06,188.65,195.0,0.0,0.0,0.0,0.0
1776356893794721522,142467,0.0,1.0,0.02,0.4,0.04,0.06,0.06,-4.94,0.75,0.0,0.02,-0.38,-0.0,-0.12,0.0,188.82,193.0,0.0,0.0,0.0,0.0
1776356893897120587,142567,0.0,1.1,0.02,0.3,-0.06,0.0,0.06,-4.94,0.75,0.03,0.02,-0.39,-0.06,-0.06,-0.06,188.82,193.0,0.0,0.0,0.0,0.0
1776356893995373324,142667,0.0,1.2,0.0,1.2,-0.08,-0.12,0.06,-4.94,0.75,0.0,0.04,-0.36,0.06,0.12,-0.06,187.62,198.0,0.0,0.0,0.0,0.0
1776356894097802756,142768,0.0,0.4,0.0,1.1,-0.12,0.0,0.06,-4.94,0.75,0.0,0.04,-0.41,-0.12,-0.0,-0.12,188.82,192.0,0.0,0.0,0.0,0.0
1776356894200196948,142869,0.0,0.8,0.064,0.3,-0.04,-0.08,0.06,-4.94,0.75,-0.01,0.02,-0.41,0.06,-0.06,0.12,188.82,192.0,0.0,0.0,0.0,0.0
1776356894298472643,142969,0.0,0.2,0.0,1.0,-0.08,0.1,0.06,-4.94,0.75,0.01,0.04,-0.39,0.12,-0.0,0.06,188.65,193.0,0.0,0.0,0.0,0.0
1776356894400873594,143070,0.0,0.6,0.048,0.2,0.02,0.0,0.06,-4.94,0.75,0.0,0.03,-0.4,-0.06,-0.06,-0.06,188.65,198.0,0.0,0.0,0.0,0.0
1776356894499155957,143170,0.0,0.5,0.036,0.5,0.08,0.0,0.06,-4.94,0.75,-0.01,0.03,-0.4,-0.06,0.06,0.12,192.94,198.0,0.0,0.0,0.0,0.0
1776356894597484095,143269,0.0,0.4,0.0,1.6,-0.08,-0.1,0.06,-4.94,0.75,0.0,0.05,-0.4,-0.0,-0.0,0.0,192.94,195.0,0.0,0.0,0.0,0.0
1776356894699878824,143370,0.0,0.2,0.0,1.3,0.02,-0.08,0.06,-4.94,0.75,0.0,0.05,-0.37,-0.0,-0.06,0.0,192.94,198.0,0.0,0.0,0.0,0.0
1776356894798181501,143470,0.0,1.2,0.02,0.2,0.02,-0.12,0.06,-4.94,0.75,0.0,0.03,-0.36,-0.06,-0.12,0.12,192.94,198.0,0.0,0.0,0.0,0.0
1776356894900656227,143569,0.0,1.2,0.016,0.6,0.02,0.02,0.06,-4.94,0.75,0.02,0.04,-0.4,-0.0,0.06,0.06,191.91,195.0,0.0,0.0,0.0,0.0
1776356894998863629,143670,0.0,1.2,0.012,0.5,-0.08,0.08,0.06,-4.94,0.75,0.01,0.04,-0.41,-0.06,0.06,0.06,192.94,195.0,0.0,0.0,0.0,0.0
1776356895101263280,143770,0.0,1.2,0.012,0.5,-0.02,-0.1,0.06,-4.94,0.75,-0.01,0.04,-0.37,-0.0,-0.0,0.0,188.65,189.0,0.0,0.0,0.0,0.0
1776356895199565175,143870,0.0,1.3,0.0,1.0,0.06,-0.04,0.06,-4.94,0.75,0.0,0.02,-0.39,-0.0,0.06,0.06,188.82,191.0,0.0,0.0,0.0,0.0
1776356895301918420,143970,0.0,0.4,0.044,0.8,-0.06,-0.08,0.06,-4.94,0.75,0.0,0.03,-0.36,0.06,-0.0,-0.12,188.82,191.0,0.0,0.0,0.0,0.0
1776356895400205075,144070,0.0,0.1,0.0,1.2,-0.14,-0.08,0.06,-4.94,0.75,0.0,0.03,-0.38,-0.0,-0.0,0.0,192.94,194.0,0.0,0.0,0.0,0.0
1776356895498548451,144169,0.0,0.9,0.0,1.1,0.0,-0.02,0.06,-4.94,0.75,0.01,0.03,-0.36,0.06,-0.12,0.06,188.65,197.0,0.0,0.0,0.0,0.0
1776356895600949138,144269,0.0,0.4,0.0,0.8,-0.04,-0.08,0.06,-4.94,0.75,-0.01,0.04,-0.37,0.12,-0.19,0.0,188.82,197.0,0.0,0.0,0.0,0.0
1776356895699234905,144369,0.0,0.7,0.016,0.3,0.06,-0.12,0.06,-4.94,0.75,0.01,0.04,-0.38,-0.06,-0.06,-0.06,192.94,188.0,0.0,0.0,0.0,0.0
                                                                                                                                  