timestamp_ns,time_ms,voltage_left,current_left_ma,voltage_right,current_right_ma,motor_current_left,motor_current_right,euler_x,euler_y,euler_z,acc_lin_x,acc_lin_y,acc_lin_z,sonar_mm,tof_mm,rpm_left,rpm_right,rotations_left,rotations_right
1770039965782937174,3000,0.0,1.2,0.0,0.4,0.1,-0.04,0.0,-1.94,-4.06,-0.04,-0.03,-0.41,12095.89,170.0,0.0,0.0,0.0,
1770039965796390730,3240,0.0,1.3,0.0,0.5,-0.06,-0.02,0.0,-1.94,-4.06,-0.04,-0.02,-0.44,12096.92,170.0,0.0,0.0,0.0,
1770039965899847007,3359,0.0,1.0,0.0,0.2,-0.04,-0.16,0.0,-1.94,-4.06,-0.03,-0.04,-0.43,12097.78,168.0,0.0,0.0,0.0,
1770039966018712970,3478,0.0,1.4,0.0,0.3,0.0,-0.16,0.0,-1.94,-4.06,-0.04,-0.03,-0.43,12096.07,170.0,0.0,0.0,0.0,
1770039966141519692,3596,0.0,1.0,0.0,0.2,-0.14,-0.1,0.0,-1.94,-4.06,0.0,-0.02,-0.43,12094.35,171.0,0.0,0.0,0.0,
1770039966270372211,3719,0.0,1.3,0.0,0.1,-0.08,-0.04,0.0,-1.94,-4.06,-0.06,-0.03,-0.42,12094.52,165.0,0.0,0.0,0.0,
1770039966374967303,3838,0.0,1.6,0.0,0.3,0.12,-0.1,0.0,-1.94,-4.06,-0.06,-0.02,-0.41,12092.64,165.0,0.0,0.0,0.0,
1770039966493749248,3952,0.0,1.3,0.0,0.1,-0.08,-0.18,0.0,-1.94,-4.06,-0.04,-0.01,-0.43,12092.81,170.0,0.0,0.0,0.0,
1770039966616659211,4071,0.0,1.1,0.0,0.3,0.0,-0.08,0.0,-1.94,-4.06,-0.04,-0.04,-0.42,12092.29,171.0,0.0,0.0,0.0,
1770039966731331044,4191,0.0,1.3,0.0,0.4,-0.04,-0.08,0.0,-1.94,-4.06,-0.04,-0.04,-0.43,12094.01,171.0,0.0,0.0,0.0,
1770039966850086451,4308,0.0,1.5,0.0,0.2,0.06,-0.12,0.0,-1.94,-4.06,-0.05,-0.04,-0.42,12095.89,172.0,0.0,0.0,0.0,
1770039966968896711,4427,0.0,0.0,0.0,1.0,0.08,-0.1,0.0,-1.94,-4.06,-0.04,-0.04,-0.43,12095.04,166.0,0.0,0.0,0.0,
1770039967087671062,4546,0.0,1.0,0.0,0.2,0.02,0.02,0.0,-1.94,-4.06,-0.04,-0.03,-0.43,12094.18,171.0,0.0,0.0,0.0,
1770039967210549488,4663,0.0,0.7,0.0,0.5,0.08,-0.08,0.0,-1.94,-4.06,-0.04,-0.01,-0.45,12093.66,170.0,0.0,0.0,0.0,
1770039967325230970,4787,0.0,0.9,0.0,0.1,-0.06,0.12,0.0,-1.94,-4.06,-0.04,-0.04,-0.41,12094.69,170.0,0.0,0.0,0.0,
1770039967444029729,4900,0.0,0.8,0.0,0.3,-0.06,-0.1,0.0,-1.94,-4.06,-0.03,-0.03,-0.41,12093.84,173.0,0.0,0.0,0.0,
1770039967562748173,5018,0.0,1.0,0.0,0.7,0.0,-0.04,0.0,-1.94,-4.06,-0.02,-0.01,-0.42,12093.15,168.0,0.0,0.0,0.0,
1770039967782931951,5138,0.0,1.3,0.0,0.5,-0.06,0.0,0.0,-1.94,-4.06,-0.02,-0.02,-0.41,12094.01,168.0,0.0,0.0,0.0,
1770039967800361210,5253,0.0,1.1,0.0,0.0,0.04,-0.14,0.0,-1.94,-4.06,-0.04,-0.01,-0.43,12096.07,171.0,0.0,0.0,0.0,
1770039967942994673,5376,0.0,1.4,0.0,0.1,0.08,-0.08,0.0,-1.94,-4.06,-0.04,-0.04,-0.42,12095.89,170.0,0.0,0.0,0.0,
1770039968037885469,5495,0.0,0.1,0.0,1.2,0.04,0.06,0.0,-1.94,-4.06,-0.04,-0.02,-0.44,12092.98,168.0,0.0,0.0,0.0,
1770039968160791376,5615,0.0,0.6,0.0,1.4,-0.06,-0.06,0.0,-1.94,-4.06,-0.03,-0.03,-0.43,12092.81,170.0,0.0,0.0,0.0,
1770039968271345728,5736,0.0,1.5,0.0,0.3,-0.1,0.12,0.0,-1.94,-4.06,-0.03,-0.03,-0.42,12095.72,170.0,0.0,0.0,0.0,
1770039968394187913,5849,0.0,1.3,0.0,0.6,0.06,0.0,0.0,-1.94,-4.06,-0.02,-0.01,-0.43,12093.84,170.0,0.0,0.0,0.0,
1770039968517095858,5971,0.0,1.3,0.0,0.3,0.04,-0.04,0.0,-1.94,-4.06,-0.04,-0.02,-0.41,12094.87,169.0,0.0,0.0,0.0,
1770039968644070506,6090,0.0,1.3,0.0,0.1,-0.06,-0.04,0.0,-1.94,-4.06,-0.02,-0.03,-0.43,12094.69,168.0,0.0,0.0,0.0,
1770039968758796321,6219,0.0,1.2,0.0,0.4,-0.12,-0.16,0.0,-1.94,-4.06,-0.04,-0.03,-0.42,12095.38,168.0,0.0,0.0,0.0,
1770039968881658209,6334,0.0,1.4,0.0,0.2,-0.18,0.02,0.0,-1.94,-4.06,-0.03,-0.03,-0.43,12093.84,169.0,0.0,0.0,0.0,
1770039969000444154,6457,0.0,0.3,0.0,1.2,0.06,-0.1,0.0,-1.94,-4.06,-0.05,-0.01,-0.42,12093.49,168.0,0.0,0.0,0.0,
1770039969119215987,6574,0.0,0.9,0.0,0.0,0.0,0.0,0.0,-1.94,-4.06,-0.04,-0.02,-0.45,12092.29,169.0,0.0,0.0,0.0,
1770039969229806857,6693,0.0,0.9,0.0,0.5,-0.2,-0.12,0.0,-1.94,-4.06,-0.03,-0.03,-0.42,12095.38,169.0,0.0,0.0,0.0,
1770039969352676524,6806,0.0,1.5,0.0,0.5,-0.06,-0.14,0.0,-1.94,-4.06,-0.03,-0.03,-0.4,12095.72,170.0,0.0,0.0,0.0,
1770039969475564339,6926,0.0,1.5,0.0,0.3,0.1,-0.08,0.0,-1.94,-4.06,-0.02,-0.05,-0.44,12094.35,170.0,0.0,0.0,0.0,
1770039969594307209,7050,0.0,1.3,0.0,0.2,-0.18,-0.2,0.0,-1.94,-4.06,-0.04,-0.03,-0.45,12092.98,168.0,0.0,0.0,0.0,
1770039969709024561,7169,0.0,1.2,0.0,0.4,0.04,-0.04,0.0,-1.94,-4.06,-0.03,-0.02,-0.42,12093.49,168.0,0.0,0.0,0.0,
1770039970046933690,7283,0.0,0.1,0.0,0.1,0.06,-0.18,0.0,-1.94,-4.06,-0.04,-0.03,-0.42,12093.66,170.0,0.0,0.0,0.0,
1770039970059239172,7403,0.0,0.9,0.0,0.1,-0.06,0.0,0.0,-1.94,-4.06,-0.03,-0.04,-0.41,12092.29,168.0,0.0,0.0,0.0,
1770039970071603598,7525,0.0,0.7,0.0,0.4,0.04,-0.04,0.0,-1.94,-4.06,-0.02,-0.04,-0.39,12094.18,173.0,0.0,0.0,0.0,
1770039970184112153,7645,0.0,1.0,0.0,0.5,0.02,-0.14,0.0,-1.94,-4.06,-0.05,-0.02,-0.4,12096.24,173.0,0.0,0.0,0.0,
1770039970302937838,7759,0.0,0.9,0.0,0.2,0.1,0.06,0.0,-1.94,-4.06,-0.02,-0.01,-0.41,12095.89,168.0,0.0,0.0,0.0,
1770039970425801245,7878,0.0,0.9,0.0,0.2,-0.02,0.06,0.0,-1.94,-4.06,-0.04,-0.03,-0.44,12092.64,169.0,0.0,0.0,0.0,
1770039970548645542,7998,0.0,1.4,0.0,0.2,-0.06,0.04,0.0,-1.94,-4.06,-0.05,-0.01,-0.43,12089.72,169.0,0.0,0.0,0.0,
1770039970659256079,8122,0.0,0.2,0.0,1.1,-0.08,-0.04,0.0,-1.94,-4.06,-0.04,-0.02,-0.44,12093.15,169.0,0.0,0.0,0.0,
1770039970778043801,8236,0.0,0.9,0.0,0.4,0.04,-0.12,0.0,-1.94,-4.06,-0.03,-0.02,-0.45,12092.98,169.0,0.0,0.0,0.0,
1770039970900923690,8353,0.0,0.9,0.0,0.6,-0.18,-0.04,0.0,-1.94,-4.06,-0.03,-0.04,-0.43,12091.44,170.0,0.0,0.0,0.0,
1770039971019702819,8473,0.0,1.2,0.0,0.3,0.02,-0.02,0.0,-1.94,-4.06,-0.05,-0.01,-0.41,12091.95,169.0,0.0,0.0,0.0,
1770039971138495078,8594,0.0,1.3,0.0,0.3,-0.02,0.06,0.0,-1.94,-4.06,-0.05,-0.01,-0.44,12090.41,169.0,0.0,0.0,0.0,
1770039971257266356,8712,0.0,0.3,0.0,0.3,-0.02,-0.08,0.0,-1.94,-4.06,-0.03,-0.02,-0.43,12091.95,169.0,0.0,0.0,0.0,
1770039971376049634,8829,0.0,0.3,0.0,1.4,-0.04,0.02,0.0,-1.94,-4.06,-0.04,-0.02,-0.41,12093.32,171.0,0.0,0.0,0.0,
1770039971494776004,8949,0.0,1.4,0.0,0.4,0.06,0.02,0.0,-1.94,-4.06,-0.04,-0.02,-0.42,12095.89,171.0,0.0,0.0,0.0,
1770039971617694171,9069,0.0,1.4,0.0,0.2,-0.04,-0.1,0.0,-1.94,-4.06,-0.03,-0.03,-0.4,12094.35,171.0,0.0,0.0,0.0,
1770039971736532208,9191,0.0,1.2,0.0,0.4,-0.06,-0.18,0.0,-1.94,-4.06,-0.05,-0.01,-0.41,12095.89,168.0,0.0,0.0,0.0,
1770039971859357078,9312,0.0,1.3,0.0,0.3,0.08,-0.06,0.0,-1.94,-4.06,-0.02,-0.01,-0.41,12094.35,169.0,0.0,0.0,0.0,
1770039971978127652,9432,0.0,1.4,0.0,0.0,0.02,-0.12,0.0,-1.94,-4.06,-0.03,-0.02,-0.43,12093.84,172.0,0.0,0.0,0.0,
1770039972314923707,9552,0.0,1.2,0.0,0.1,0.16,-0.1,0.0,-1.94,-4.06,-0.03,-0.05,-0.43,12094.69,172.0,0.0,0.0,0.0,
1770039972334480448,9667,0.0,0.2,0.0,0.9,-0.1,-0.1,0.0,-1.94,-4.06,-0.04,-0.02,-0.41,12096.24,170.0,0.0,0.0,0.0,
1770039972342839652,9790,0.0,1.1,0.0,0.3,0.14,-0.08,0.0,-1.94,-4.06,-0.04,-0.01,-0.42,12096.24,168.0,0.0,0.0,0.0,
1770039972457307652,9909,0.0,1.2,0.0,0.5,-0.1,-0.06,0.0,-1.94,-4.06,-0.02,-0.02,-0.44,12094.52,170.0,0.0,0.0,0.0,
1770039972576144892,10030,0.0,1.4,0.0,0.6,0.02,-0.06,0.0,-1.94,-4.06,-0.04,-0.03,-0.42,12095.21,170.0,0.0,0.0,0.0,
1770039972722932244,10149,0.0,0.9,0.0,0.3,-0.1,0.04,0.0,-1.94,-4.06,-0.03,-0.03,-0.45,12094.69,170.0,0.0,0.0,0.0,
1770039972813695540,10267,0.0,0.7,0.0,0.3,0.0,-0.12,0.0,-1.94,-4.06,-0.04,-0.06,-0.43,12095.04,168.0,0.0,0.0,0.0,
1770039972932473763,10386,0.0,0.9,0.0,0.5,0.04,-0.04,0.0,-1.94,-4.06,-0.04,-0.01,-0.4,12092.98,170.0,0.0,0.0,0.0,
1770039973047161744,10505,0.0,1.3,0.0,0.1,-0.02,-0.04,0.0,-1.94,-4.06,-0.04,-0.01,-0.42,12096.24,170.0,0.0,0.0,0.0,
1770039973165945170,10619,0.0,1.3,0.0,0.1,0.02,0.02,0.0,-1.94,-4.06,-0.05,-0.01,-0.44,12095.38,171.0,0.0,0.0,0.0,
1770039973288817596,10738,0.0,0.1,0.0,0.7,0.0,-0.16,0.0,-1.94,-4.06,-0.02,-0.01,-0.41,12095.55,168.0,0.0,0.0,0.0,
1770039973407558207,10860,0.0,1.0,0.0,0.2,-0.02,-0.02,0.0,-1.94,-4.06,-0.03,-0.01,-0.47,12095.04,170.0,0.0,0.0,0.0,
1770039973526350040,10980,0.0,0.9,0.0,0.1,0.04,-0.12,0.0,-1.94,-4.06,-0.03,-0.03,-0.42,12093.49,171.0,0.0,0.0,0.0,
1770039973641061466,11100,0.0,0.5,0.0,1.3,-0.08,-0.02,0.0,-1.94,-4.06,-0.02,-0.04,-0.39,12094.01,171.0,0.0,0.0,0.0,
1770039973759832966,11214,0.0,1.0,0.0,0.5,-0.04,-0.08,0.0,-1.94,-4.06,-0.03,-0.02,-0.44,12095.21,171.0,0.0,0.0,0.0,
1770039973886846966,11333,0.0,1.1,0.0,0.2,0.0,-0.04,0.0,-1.94,-4.06,-0.04,-0.04,-0.41,12092.81,170.0,0.0,0.0,0.0,
1770039974005599503,11459,0.0,1.0,0.0,0.3,0.04,-0.08,0.0,-1.94,-4.06,-0.03,-0.01,-0.42,12092.12,172.0,0.0,0.0,0.0,
1770039974116184317,11578,0.0,0.9,0.0,0.2,-0.08,-0.12,0.0,-1.94,-4.06,-0.06,-0.01,-0.44,12094.18,172.0,0.0,0.0,0.0,
1770039974234960354,11691,0.0,0.9,0.0,0.3,-0.02,-0.06,0.0,-1.94,-4.06,-0.04,-0.01,-0.43,12094.35,170.0,0.0,0.0,0.0,
1770039974357817576,11809,0.0,0.9,0.0,0.3,0.02,0.02,0.0,-1.94,-4.06,-0.03,-0.01,-0.43,12095.04,170.0,0.0,0.0,0.0,
1770039974476598465,11931,0.0,0.9,0.0,1.4,-0.12,-0.1,0.0,-1.94,-4.06,-0.03,-0.04,-0.42,12094.87,169.0,0.0,0.0,0.0,
1770039974591261836,12050,0.0,1.3,0.0,1.2,0.04,-0.02,0.0,-1.94,-4.06,-0.04,-0.05,-0.42,12096.58,169.0,0.0,0.0,0.0,
1770039974714111354,12165,0.0,1.0,0.0,0.3,-0.04,0.04,0.0,-1.94,-4.06,-0.03,-0.02,-0.42,12096.41,169.0,0.0,0.0,0.0,
1770039974837056780,12289,0.0,0.6,0.0,0.4,0.0,-0.02,0.0,-1.94,-4.06,-0.01,-0.03,-0.45,12095.55,169.0,0.0,0.0,0.0,
1770039975090930409,12409,0.0,0.3,0.004,0.2,-0.12,0.02,0.0,-1.94,-4.06,-0.05,-0.03,-0.41,12095.21,170.0,0.0,0.0,0.0,
1770039975102368280,12531,0.0,0.7,0.0,0.3,-0.1,-0.02,0.0,-1.94,-4.06,-0.04,-0.03,-0.44,12094.35,170.0,0.0,0.0,0.0,
1770039975193411020,12645,0.0,1.2,0.0,0.5,0.04,0.02,0.0,-1.94,-4.06,-0.03,-0.04,-0.43,12094.52,171.0,0.0,0.0,0.0,
1770039975312170502,12766,0.0,1.1,0.0,0.5,0.02,-0.12,0.0,-1.94,-4.06,-0.03,-0.03,-0.41,12094.18,171.0,0.0,0.0,0.0,
1770039975439145446,12887,0.0,1.4,0.0,0.5,0.02,-0.1,0.0,-1.94,-4.06,-0.04,-0.03,-0.44,12093.66,170.0,0.0,0.0,0.0,
1770039975549700113,13010,0.0,0.6,0.0,0.2,-0.06,-0.08,0.0,-1.94,-4.06,-0.04,-0.03,-0.43,12096.92,170.0,0.0,0.0,0.0,
1770039975678921576,13124,0.0,0.3,0.0,1.4,-0.02,-0.16,0.0,-1.94,-4.06,-0.04,-0.03,-0.43,12094.01,171.0,0.0,0.0,0.0,
1770039975791391872,13243,0.0,1.0,0.0,0.4,-0.08,-0.06,0.0,-1.94,-4.06,-0.06,-0.02,-0.45,12092.29,166.0,0.0,0.0,0.0,
1770039975910160242,13363,0.0,1.4,0.004,0.6,-0.18,-0.02,0.0,-1.94,-4.06,-0.03,0.0,-0.41,12093.84,171.0,0.0,0.0,0.0,
1770039976028950742,13483,0.0,1.4,0.0,0.1,0.06,0.02,0.0,-1.94,-4.06,-0.03,-0.02,-0.42,12094.01,171.0,0.0,0.0,0.0,
1770039976147737983,13600,0.0,1.4,0.0,0.2,0.04,-0.08,0.0,-1.94,-4.06,-0.04,-0.03,-0.43,12092.46,169.0,0.0,0.0,0.0,
1770039976266513798,13719,0.0,1.4,0.0,0.2,-0.02,-0.06,0.0,-1.94,-4.06,-0.04,-0.02,-0.44,12093.66,173.0,0.0,0.0,0.0,
1770039976385288001,13838,0.0,1.2,0.0,0.5,0.0,-0.14,0.0,-1.94,-4.06,-0.04,-0.01,-0.45,12093.66,169.0,0.0,0.0,0.0,
1770039976504043334,13959,0.0,1.2,0.0,0.2,0.12,0.04,0.0,-1.94,-4.06,-0.04,-0.02,-0.42,12094.18,169.0,0.0,0.0,0.0,
1770039976710941075,14076,0.0,1.2,0.0,0.3,0.1,-0.14,0.0,-1.94,-4.06,-0.04,-0.02,-0.42,12095.21,170.0,0.0,0.0,0.0,
1770039976741626316,14196,0.0,1.2,0.0,0.3,0.0,-0.02,0.0,-1.94,-4.06,-0.01,-0.04,-0.44,12093.32,169.0,0.0,0.0,0.0,
1770039976860416705,14315,0.0,0.3,0.0,0.0,-0.12,-0.02,0.0,-1.94,-4.06,-0.04,-0.02,-0.43,12094.87,165.0,0.0,0.0,0.0,
1770039976975095093,14434,0.0,1.0,0.0,0.3,0.06,0.08,0.0,-1.94,-4.06,-0.03,-0.01,-0.42,12095.21,165.0,0.0,0.0,0.0,
1770039977097979890,14548,0.0,0.7,0.0,0.6,-0.12,-0.1,0.0,-1.94,-4.06,-0.04,-0.02,-0.42,12094.35,169.0,0.0,0.0,0.0,
1770039977216756112,14669,0.0,0.7,0.0,0.3,0.08,-0.12,0.0,-1.94,-4.06,-0.05,-0.02,-0.41,12093.84,170.0,0.0,0.0,0.0,
1770039977335533871,14788,0.0,1.0,0.004,0.2,-0.1,0.0,0.0,-1.94,-4.06,-0.04,-0.03,-0.42,12093.84,171.0,0.0,0.0,0.0,
1770039977450237334,14908,0.0,0.8,0.0,0.1,0.14,0.04,0.0,-1.94,-4.06,-0.04,-0.02,-0.41,12093.49,171.0,0.0,0.0,0.0,
1770039977658924871,15023,0.0,0.9,0.0,0.5,-0.04,-0.08,0.0,-1.94,-4.06,-0.02,-0.02,-0.41,12094.01,167.0,0.0,0.0,0.0,
1770039977700063204,15141,0.0,1.1,0.0,0.3,0.1,-0.06,0.0,-1.94,-4.06,-0.04,-0.04,-0.42,12094.18,170.0,0.0,0.0,0.0,
1770039977818844834,15270,0.0,0.7,0.0,0.2,-0.1,0.04,0.0,-1.94,-4.06,-0.02,-0.02,-0.42,12094.35,170.0,0.0,0.0,0.0,
1770039977933528037,15391,0.0,0.9,0.0,0.2,-0.06,-0.04,0.0,-1.94,-4.06,-0.05,-0.02,-0.42,12095.89,170.0,0.0,0.0,0.0,
1770039978052717104,15506,0.0,0.8,0.0,1.4,-0.04,-0.08,0.0,-1.94,-4.06,0.0,-0.02,-0.42,12094.69,168.0,0.0,0.0,0.0,
1770039978186766428,15626,0.028,-0.1,0.0,0.2,-0.14,-0.1,0.0,-1.94,-4.06,-0.06,-0.02,-0.4,12092.46,168.0,0.0,0.0,0.0,
1770039978300555446,15749,0.0,0.9,0.0,0.6,0.0,-0.04,0.0,-1.94,-4.06,-0.04,-0.01,-0.42,12091.61,168.0,0.0,0.0,0.0,
1770039978416198739,15868,0.0,0.9,0.0,0.5,0.02,-0.08,0.0,-1.94,-4.06,-0.03,-0.05,-0.45,12096.41,168.0,0.0,0.0,0.0,
1770039978535951963,15982,0.0,0.7,0.0,0.3,-0.02,-0.14,0.0,-1.94,-4.06,-0.04,-0.02,-0.41,12094.69,169.0,0.0,0.0,0.0,
1770039978655767057,16101,0.0,1.0,0.0,0.3,0.02,-0.02,0.0,-1.94,-4.06,-0.02,-0.03,-0.41,12094.18,170.0,0.0,0.0,0.0,
1770039978779686425,16221,0.0,1.0,0.0,0.6,-0.04,-0.12,0.0,-1.94,-4.06,-0.04,0.0,-0.44,12094.01,171.0,0.0,0.0,0.0,
1770039978899464972,16345,0.0,0.7,0.0,0.2,0.08,0.04,0.0,-1.94,-4.06,-0.05,-0.05,-0.42,12092.98,170.0,0.0,0.0,0.0,
1770039979015114030,16463,0.0,0.9,0.0,0.3,0.0,-0.06,0.0,-1.94,-4.06,-0.04,-0.03,-0.43,12094.18,170.0,0.0,0.0,0.0,
1770039979134778208,16578,0.0,1.4,0.0,0.1,-0.12,-0.18,0.0,-1.94,-4.06,-0.02,-0.01,-0.41,12093.84,168.0,0.0,0.0,0.0,
1770039979258554786,16697,0.0,1.4,0.0,1.0,-0.08,-0.1,0.0,-1.94,-4.06,-0.02,-0.01,-0.41,12093.32,167.0,0.0,0.0,0.0,
1770039979374086473,16820,0.0,1.1,0.0,0.2,-0.02,-0.18,0.0,-1.94,-4.06,-0.03,-0.02,-0.42,12093.15,167.0,0.0,0.0,0.0,
1770039979493709292,16933,0.0,0.8,0.0,0.0,0.0,-0.04,0.0,-1.94,-4.06,-0.04,-0.02,-0.42,12092.98,171.0,0.0,0.0,0.0,
1770039979613368881,17052,0.0,0.9,0.0,0.3,0.02,0.04,0.0,-1.94,-4.06,-0.03,-0.04,-0.41,12094.18,166.0,0.0,0.0,0.0,
1770039979830974781,17171,0.0,1.0,0.0,1.4,-0.08,0.02,0.0,-1.94,-4.06,-0.02,-0.03,-0.4,12093.66,169.0,0.0,0.0,0.0,
1770039979866950440,17292,0.0,1.2,0.0,0.3,0.12,-0.16,0.0,-1.94,-4.06,-0.03,-0.02,-0.43,12092.46,167.0,0.0,0.0,0.0,
1770039980074977109,17416,0.0,1.2,0.0,1.1,0.0,-0.06,0.0,-1.94,-4.06,-0.03,-0.03,-0.43,12095.21,167.0,0.0,0.0,0.0,
1770039980092030708,17529,0.0,0.9,0.0,0.5,-0.06,0.08,0.0,-1.94,-4.06,-0.04,-0.02,-0.44,12095.04,169.0,0.0,0.0,0.0,
1770039980211441515,17648,0.0,1.1,0.0,0.5,0.1,-0.04,0.0,-1.94,-4.06,-0.03,-0.02,-0.42,12093.66,168.0,0.0,0.0,0.0,
1770039980331062544,17767,0.0,0.9,0.0,0.2,-0.12,-0.02,0.0,-1.94,-4.06,-0.03,-0.04,-0.4,12094.87,168.0,0.0,0.0,0.0,
1770039980450572805,17885,0.0,0.7,0.0,0.2,0.02,0.0,0.0,-1.94,-4.06,-0.04,-0.02,-0.43,12094.35,169.0,0.0,0.0,0.0,
1770039980570124480,18004,0.0,1.1,0.0,0.2,-0.06,-0.16,0.0,-1.94,-4.06,-0.02,-0.03,-0.4,12097.27,169.0,0.0,0.0,0.0,
1770039980689682362,18123,0.0,1.3,0.0,0.2,0.02,-0.06,0.0,-1.94,-4.06,-0.03,-0.01,-0.42,12091.95,168.0,0.0,0.0,0.0,
1770039980817497366,18242,0.0,1.2,0.0,0.2,-0.02,0.06,0.0,-1.94,-4.06,-0.04,-0.05,-0.43,12093.49,171.0,0.0,0.0,0.0,
1770039980932893595,18368,0.0,1.3,0.0,0.1,0.08,-0.16,0.0,-1.94,-4.06,-0.04,-0.03,-0.44,12093.49,171.0,0.0,0.0,0.0,
1770039981056550302,18484,0.0,1.4,0.0,0.3,-0.1,-0.02,0.0,-1.94,-4.06,-0.03,-0.03,-0.41,12094.87,171.0,0.0,0.0,0.0,
1770039981176010853,18605,0.0,1.3,0.0,0.1,-0.14,-0.06,0.0,-1.94,-4.06,-0.04,-0.05,-0.4,12095.72,168.0,0.0,0.0,0.0,
1770039981299576359,18724,0.0,0.4,0.0,0.6,-0.04,-0.16,0.0,-1.94,-4.06,-0.02,-0.03,-0.41,12097.61,169.0,0.0,0.0,0.0,
1770039981414909702,18845,0.032,0.3,0.0,1.6,-0.12,0.04,0.0,-1.94,-4.06,-0.04,-0.02,-0.44,12098.64,169.0,0.0,0.0,0.0,
1770039981538466696,18960,0.0,1.4,0.0,1.0,0.06,-0.08,0.0,-1.94,-4.06,-0.03,-0.03,-0.42,12096.24,169.0,0.0,0.0,0.0,
1770039981657924454,19083,0.0,-0.1,0.0,0.0,0.06,-0.06,0.0,-1.94,-4.06,-0.04,-0.02,-0.42,12094.69,170.0,0.0,0.0,0.0,
1770039981777388954,19202,0.0,1.2,0.0,1.1,-0.06,-0.1,0.0,-1.94,-4.06,-0.03,-0.04,-0.45,12094.18,169.0,0.0,0.0,0.0,
1770039981892728815,19322,0.032,0.4,0.0,0.2,0.04,-0.1,0.0,-1.94,-4.06,-0.04,-0.03,-0.43,12095.72,169.0,0.0,0.0,0.0,
1770039982226945789,19437,0.0,1.0,0.0,1.3,0.0,0.06,0.0,-1.94,-4.06,-0.02,-0.02,-0.42,12095.89,168.0,0.0,0.0,0.0,
1770039982238802588,19558,0.0,1.5,0.0,1.3,-0.02,-0.14,0.0,-1.94,-4.06,-0.02,-0.03,-0.42,12094.01,169.0,0.0,0.0,0.0,
1770039982255072505,19677,0.0,0.9,0.0,0.6,-0.04,-0.1,0.0,-1.94,-4.06,-0.05,-0.02,-0.4,12093.84,170.0,0.0,0.0,0.0,
1770039982370289185,19796,0.0,1.0,0.0,0.2,-0.02,0.08,0.0,-1.94,-4.06,-0.02,-0.04,-0.43,12093.66,170.0,0.0,0.0,0.0,
1770039982489619786,19911,0.0,0.9,0.0,0.5,0.06,-0.2,0.0,-1.94,-4.06,-0.03,-0.02,-0.43,12095.04,168.0,0.0,0.0,0.0,
1770039982714954503,20030,0.0,1.2,0.0,0.3,0.12,0.0,0.0,-1.94,-4.06,-0.04,-0.03,-0.41,12093.84,171.0,0.0,0.0,0.0,
1770039982732493097,20153,0.0,1.2,0.0,0.5,0.02,0.0,0.0,-1.94,-4.06,-0.04,-0.01,-0.44,12095.21,172.0,0.0,0.0,0.0,
1770039982847737432,20272,0.0,1.3,0.0,0.3,-0.04,0.02,0.0,-1.94,-4.06,-0.03,-0.03,-0.43,12094.52,172.0,0.0,0.0,0.0,
1770039982967104435,20386,0.0,1.0,0.0,0.2,0.08,-0.08,0.0,-1.94,-4.06,-0.04,-0.04,-0.41,12092.46,170.0,0.0,0.0,0.0,
1770039983090548975,20505,0.0,1.2,0.0,1.2,-0.02,-0.06,0.0,-1.94,-4.06,-0.04,-0.03,-0.44,12091.26,170.0,0.0,0.0,0.0,
1770039983209857998,20627,0.0,0.4,0.0,1.3,-0.08,0.0,0.0,-1.94,-4.06,-0.03,-0.03,-0.4,12096.41,170.0,0.0,0.0,0.0,
1770039983325016745,20747,0.0,1.3,0.0,0.0,-0.1,-0.02,0.0,-1.94,-4.06,-0.01,-0.01,-0.41,12096.92,170.0,0.0,0.0,0.0,
1770039983444322401,20861,0.0,1.1,0.0,0.1,-0.04,-0.16,0.0,-1.94,-4.06,-0.03,-0.03,-0.44,12097.1,167.0,0.0,0.0,0.0,
1770039983563555542,20979,0.0,1.3,0.0,0.6,0.02,0.04,0.0,-1.94,-4.06,-0.05,-0.03,-0.43,12095.38,168.0,0.0,0.0,0.0,
1770039983686984061,21100,0.0,1.2,0.0,0.2,-0.08,-0.1,0.0,-1.94,-4.06,-0.04,-0.02,-0.41,12094.01,168.0,0.0,0.0,0.0,
1770039983814953673,21223,0.0,0.9,0.0,0.4,0.02,0.08,0.0,-1.94,-4.06,-0.03,-0.02,-0.43,12092.29,168.0,0.0,0.0,0.0,
1770039983929737561,21337,0.0,0.8,0.0,0.3,0.0,-0.02,0.0,-1.94,-4.06,-0.03,-0.01,-0.41,12094.35,171.0,0.0,0.0,0.0,
1770039984053143324,21464,0.0,0.8,0.0,0.2,-0.04,-0.12,0.0,-1.94,-4.06,-0.05,-0.03,-0.43,12094.87,170.0,0.0,0.0,0.0,
1770039984176446629,21584,0.0,0.8,0.0,1.6,-0.02,0.06,0.0,-1.94,-4.06,-0.05,-0.02,-0.41,12094.52,171.0,0.0,0.0,0.0,
1770039984295675896,21707,0.028,0.2,0.0,1.3,-0.02,-0.06,0.0,-1.94,-4.06,-0.04,-0.04,-0.44,12093.15,173.0,0.0,0.0,0.0,
1770039984410799935,21827,0.0,1.0,0.0,0.2,0.08,-0.08,0.0,-1.94,-4.06,-0.04,-0.01,-0.44,12097.44,173.0,0.0,0.0,0.0,
1770039984529989888,21942,0.0,0.9,0.0,0.3,-0.08,-0.06,0.0,-1.94,-4.06,-0.04,-0.03,-0.43,12095.38,169.0,0.0,0.0,0.0,
1770039984649289291,22061,0.032,0.4,0.0,0.3,0.0,-0.02,0.0,-1.94,-4.06,-0.03,-0.02,-0.41,12093.15,168.0,0.0,0.0,0.0,
1770039984774950967,22180,0.0,1.1,0.0,0.2,-0.08,0.06,0.0,-1.94,-4.06,-0.03,-0.03,-0.43,12096.58,168.0,0.0,0.0,0.0,
1770039984887782290,22298,0.0,1.2,0.0,0.2,-0.1,0.02,0.0,-1.94,-4.06,-0.04,-0.03,-0.41,12095.04,169.0,0.0,0.0,0.0,
1770039985006944329,22417,0.0,1.3,0.0,0.3,-0.12,-0.08,0.0,-1.94,-4.06,-0.02,-0.02,-0.42,12094.87,169.0,0.0,0.0,0.0,
1770039985126110371,22535,0.0,0.9,0.0,0.4,-0.1,-0.04,0.0,-1.94,-4.06,-0.03,-0.01,-0.43,12094.35,169.0,0.0,0.0,0.0,
1770039985255338630,22654,0.0,1.0,0.0,0.3,0.02,-0.14,0.0,-1.94,-4.06,-0.04,-0.04,-0.42,12095.38,171.0,0.0,0.0,0.0,
1770039985364480210,22775,0.0,0.9,0.0,0.3,-0.06,0.04,0.0,-1.94,-4.06,-0.03,-0.02,-0.41,12098.3,171.0,0.0,0.0,0.0,
1770039985483656732,22893,0.0,0.9,0.0,0.3,-0.06,-0.2,0.0,-1.94,-4.06,-0.03,-0.03,-0.42,12097.61,170.0,0.0,0.0,0.0,
1770039985602767554,23011,0.0,1.4,0.0,0.3,0.04,-0.04,0.0,-1.94,-4.06,-0.04,-0.01,-0.41,12096.58,170.0,0.0,0.0,0.0,
1770039985818956512,23131,0.0,1.4,0.0,0.0,0.02,0.04,0.0,-1.94,-4.06,-0.01,-0.03,-0.42,12097.27,170.0,0.0,0.0,0.0,
1770039985841186445,23244,0.0,1.1,0.0,0.2,0.08,-0.02,0.0,-1.94,-4.06,-0.03,-0.02,-0.42,12095.72,171.0,0.0,0.0,0.0,
1770039985960344461,23366,0.0,1.4,0.0,0.5,0.0,-0.04,0.0,-1.94,-4.06,-0.04,-0.02,-0.39,12094.87,168.0,0.0,0.0,0.0,
1770039986079478043,23485,0.0,1.4,0.0,0.5,0.0,0.0,0.0,-1.94,-4.06,-0.02,-0.02,-0.44,12095.55,170.0,0.0,0.0,0.0,
1770039986202705822,23605,0.0,1.4,0.0,0.3,-0.06,0.0,0.0,-1.94,-4.06,-0.03,-0.03,-0.43,12094.35,167.0,0.0,0.0,0.0,
1770039986317730840,23726,0.0,1.2,0.0,0.2,0.02,0.02,0.0,-1.94,-4.06,-0.02,-0.03,-0.41,12096.92,167.0,0.0,0.0,0.0,
1770039986436813695,23840,0.0,1.4,0.0,0.3,-0.02,-0.14,0.0,-1.94,-4.06,-0.03,-0.03,-0.45,12094.69,172.0,0.0,0.0,0.0,
1770039986555969280,23962,0.0,1.5,0.0,0.3,-0.06,-0.06,0.0,-1.94,-4.06,-0.03,-0.01,-0.43,12093.49,169.0,0.0,0.0,0.0,
1770039986670994260,24081,0.0,0.3,0.0,0.4,-0.04,0.0,0.0,-1.94,-4.06,-0.06,-0.02,-0.43,12094.87,169.0,0.0,0.0,0.0,
1770039986790121559,24195,0.0,1.3,0.0,0.3,-0.1,-0.06,0.0,-1.94,-4.06,-0.03,-0.03,-0.42,12095.38,171.0,0.0,0.0,0.0,
1770039986921581964,24313,0.0,0.1,0.0,0.3,0.0,-0.1,0.0,-1.94,-4.06,-0.02,-0.02,-0.4,12095.04,167.0,0.0,0.0,0.0,
1770039987040689952,24442,0.0,1.4,0.0,0.1,-0.12,0.04,0.0,-1.94,-4.06,-0.04,-0.03,-0.43,12095.04,169.0,0.0,0.0,0.0,
1770039987163886493,24563,0.0,1.2,0.0,1.1,-0.02,-0.12,0.0,-1.94,-4.06,-0.03,-0.02,-0.44,12093.66,167.0,0.0,0.0,0.0,
1770039987278882833,24684,0.0,1.0,0.0,1.3,-0.02,0.02,0.0,-1.94,-4.06,-0.03,-0.01,-0.39,12095.89,167.0,0.0,0.0,0.0,
1770039987397929063,24798,0.0,1.5,0.0,0.6,-0.12,-0.06,0.0,-1.94,-4.06,-0.05,-0.04,-0.42,12094.69,169.0,0.0,0.0,0.0,
1770039987521088715,24918,0.0,1.3,0.0,0.2,0.06,0.04,0.0,-1.94,-4.06,-0.03,-0.02,-0.43,12093.66,167.0,0.0,0.0,0.0,
1770039987640148647,25041,0.0,1.3,0.0,1.2,0.04,-0.04,0.0,-1.94,-4.06,-0.04,-0.01,-0.43,12094.18,174.0,0.0,0.0,0.0,
1770039987854944861,25160,0.0,1.1,0.0,0.6,-0.21,-0.14,0.0,-1.94,-4.06,-0.02,-0.04,-0.41,12095.55,174.0,0.0,0.0,0.0,
1770039987874258832,25275,0.0,0.9,0.0,0.5,-0.16,-0.06,0.0,-1.94,-4.06,-0.03,-0.04,-0.42,12092.81,167.0,0.0,0.0,0.0,
1770039988010947531,25394,0.0,0.9,0.004,0.6,-0.06,0.0,0.0,-1.94,-4.06,-0.01,-0.02,-0.41,12093.15,170.0,0.0,0.0,0.0,
1770039988116489826,25516,0.0,0.9,0.0,0.5,-0.08,-0.1,0.0,-1.94,-4.06,-0.05,-0.01,-0.41,12093.84,169.0,0.0,0.0,0.0,
1770039988231425265,25635,0.0,0.7,0.0,0.6,0.08,0.0,0.0,-1.94,-4.06,-0.05,-0.02,-0.44,12095.04,169.0,0.0,0.0,0.0,
1770039988350474606,25749,0.0,1.3,0.0,0.1,-0.02,-0.04,0.0,-1.94,-4.06,-0.04,-0.03,-0.41,12094.18,169.0,0.0,0.0,0.0,
1770039988469533523,25868,0.0,1.4,0.004,0.3,-0.1,-0.2,0.0,-1.94,-4.06,-0.03,-0.02,-0.43,12094.87,170.0,0.0,0.0,0.0,
1770039988592625477,25988,0.0,1.3,0.0,0.1,-0.08,0.08,0.0,-1.94,-4.06,-0.04,-0.01,-0.41,12094.69,172.0,0.0,0.0,0.0,
1770039988806942363,26110,0.0,1.4,0.0,0.1,0.08,-0.06,0.0,-1.94,-4.06,-0.03,-0.03,-0.41,12094.69,172.0,0.0,0.0,0.0,
1770039988826660721,26224,0.0,1.3,0.0,0.6,0.16,0.04,0.0,-1.94,-4.06,0.0,-0.03,-0.43,12094.52,170.0,0.0,0.0,0.0,
1770039988945692226,26343,0.0,1.3,0.0,0.2,-0.14,-0.06,0.0,-1.94,-4.06,-0.04,-0.03,-0.41,12092.98,170.0,0.0,0.0,0.0,
1770039989068811859,26463,0.0,1.4,0.0,0.3,-0.08,-0.1,0.0,-1.94,-4.06,-0.03,-0.02,-0.4,12093.32,169.0,0.0,0.0,0.0,
1770039989183727776,26584,0.0,1.0,0.0,0.3,-0.04,-0.12,0.0,-1.94,-4.06,-0.03,-0.02,-0.44,12095.89,169.0,0.0,0.0,0.0,
1770039989302743411,26701,0.0,0.7,0.0,0.3,-0.04,-0.06,0.0,-1.94,-4.06,-0.03,-0.05,-0.42,12095.72,169.0,0.0,0.0,0.0,
1770039989421759843,26819,0.0,0.9,0.0,0.5,0.1,0.06,0.0,-1.94,-4.06,-0.03,-0.02,-0.44,12095.21,169.0,0.0,0.0,0.0,
1770039989544852280,26938,0.0,0.7,0.0,0.3,-0.08,-0.14,0.0,-1.94,-4.06,-0.03,-0.03,-0.44,12093.66,167.0,0.0,0.0,0.0,
1770039989659728769,27059,0.0,0.7,0.0,1.4,0.1,-0.14,0.0,-1.94,-4.06,-0.04,-0.03,-0.42,12094.18,167.0,0.0,0.0,0.0,
1770039989778763775,27176,0.0,1.0,0.0,1.1,-0.04,-0.04,0.0,-1.94,-4.06,-0.03,-0.01,-0.47,12096.92,171.0,0.0,0.0,0.0,
1770039989897769297,27295,0.0,0.7,0.0,0.5,0.02,-0.16,0.0,-1.94,-4.06,-0.03,-0.02,-0.43,12094.01,170.0,0.0,0.0,0.0,
1770039990029108382,27414,0.0,1.3,0.0,0.8,-0.06,-0.02,0.0,-1.94,-4.06,-0.05,-0.02,-0.42,12093.84,169.0,0.0,0.0,0.0,
1770039990143987775,27542,0.0,1.1,0.004,0.0,-0.06,-0.16,0.0,-1.94,-4.06,-0.01,-0.03,-0.4,12097.1,169.0,0.0,0.0,0.0,
1770039990267087150,27657,0.0,1.3,0.0,1.1,-0.1,0.06,0.0,-1.94,-4.06,-0.04,-0.01,-0.45,12095.72,170.0,0.0,0.0,0.0,
1770039990386066711,27779,0.0,1.0,0.0,0.4,0.0,-0.06,0.0,-1.94,-4.06,-0.02,-0.02,-0.42,12097.61,170.0,0.0,0.0,0.0,
1770039990505002031,27898,0.0,0.7,0.0,0.3,-0.06,-0.12,0.0,-1.94,-4.06,-0.03,-0.02,-0.41,12095.89,169.0,0.0,0.0,0.0,
1770039990628088402,28018,0.0,0.8,0.0,0.2,-0.06,-0.04,0.0,-1.94,-4.06,-0.04,-0.04,-0.42,12093.49,167.0,0.0,0.0,0.0,
1770039990743010590,28139,0.0,0.3,0.0,0.5,-0.02,-0.02,0.0,-1.94,-4.06,-0.03,-0.02,-0.45,12092.98,167.0,0.0,0.0,0.0,
1770039990861988612,28257,0.0,1.3,0.0,0.3,0.02,-0.04,0.0,-1.94,-4.06,-0.03,-0.05,-0.42,12092.81,170.0,0.0,0.0,0.0,
1770039991194947482,28376,0.0,1.3,0.0,0.2,0.06,-0.1,0.0,-1.94,-4.06,-0.04,-0.02,-0.4,12094.18,168.0,0.0,0.0,0.0,
1770039991214796733,28494,0.0,1.3,0.0,0.2,-0.04,0.06,0.0,-1.94,-4.06,-0.02,-0.01,-0.44,12095.55,168.0,0.0,0.0,0.0,
1770039991227024839,28608,0.0,1.4,0.0,0.5,0.0,-0.1,0.0,-1.94,-4.06,-0.05,-0.03,-0.41,12094.18,168.0,0.0,0.0,0.0,
1770039991337813996,28727,0.0,0.9,0.0,0.5,0.02,0.0,0.0,-1.94,-4.06,-0.05,-0.03,-0.42,12094.01,167.0,0.0,0.0,0.0,
1770039991456779124,28850,0.0,1.1,0.0,0.4,-0.08,-0.08,0.0,-1.94,-4.06,-0.05,-0.05,-0.43,12093.49,167.0,0.0,0.0,0.0,
1770039991575731325,28968,0.0,1.2,0.0,0.4,-0.04,-0.04,0.0,-1.94,-4.06,-0.02,-0.04,-0.41,12094.01,172.0,0.0,0.0,0.0,
1770039991690625196,29086,0.0,1.4,0.0,0.5,-0.06,-0.02,0.0,-1.94,-4.06,-0.01,-0.04,-0.41,12094.69,172.0,0.0,0.0,0.0,
1770039991826937355,29200,0.0,1.4,0.0,0.7,-0.2,-0.08,0.0,-1.94,-4.06,-0.03,-0.02,-0.43,12093.32,167.0,0.0,0.0,0.0,
1770039991932643622,29323,0.0,1.5,0.0,0.2,0.02,-0.04,0.0,-1.94,-4.06,-0.03,-0.03,-0.43,12094.35,168.0,0.0,0.0,0.0,
1770039992047488176,29443,0.0,1.4,0.0,0.2,0.04,0.04,0.0,-1.94,-4.06,-0.03,-0.05,-0.41,12094.69,168.0,0.0,0.0,0.0,
1770039992166417195,29557,0.0,0.4,0.0,0.5,0.14,-0.08,0.0,-1.94,-4.06,-0.05,-0.03,-0.42,12095.55,170.0,0.0,0.0,0.0,
1770039992285357007,29676,0.0,0.9,0.012,0.5,-0.08,-0.12,0.0,-1.94,-4.06,-0.03,-0.04,-0.41,12093.84,168.0,0.0,0.0,0.0,
1770039992408377813,29796,0.0,0.1,0.0,0.3,0.02,-0.02,0.0,-1.94,-4.06,-0.01,-0.03,-0.44,12092.64,169.0,0.0,0.0,0.0,
1770039992531433999,29920,0.0,1.4,0.0,0.2,-0.02,-0.08,0.0,-1.94,-4.06,-0.04,-0.03,-0.43,12093.84,170.0,0.0,0.0,0.0,
1770039992646258993,30040,0.0,1.2,0.0,0.3,-0.12,-0.02,0.0,-1.94,-4.06,-0.03,-0.03,-0.43,12095.55,170.0,0.0,0.0,0.0,
1770039992790942022,30153,0.0,1.1,0.0,0.4,-0.02,-0.04,0.0,-1.94,-4.06,-0.03,-0.02,-0.43,12095.89,168.0,0.0,0.0,0.0,
1770039992884128418,30272,0.0,1.2,0.0,0.2,-0.02,-0.1,0.0,-1.94,-4.06,-0.03,-0.03,-0.41,12093.49,169.0,0.0,0.0,0.0,
1770039993007156613,30393,0.0,1.5,0.0,0.2,-0.08,-0.04,0.0,-1.94,-4.06,-0.04,-0.04,-0.41,12095.38,169.0,0.0,0.0,0.0,
1770039993126096528,30516,0.0,1.2,0.0,0.5,-0.06,0.06,0.0,-1.94,-4.06,-0.04,-0.05,-0.4,12093.15,168.0,0.0,0.0,0.0,
1770039993249112621,30636,0.0,0.9,0.0,0.2,-0.08,-0.04,0.0,-1.94,-4.06,-0.05,-0.02,-0.42,12091.09,170.0,0.0,0.0,0.0,
1770039993368000403,30755,0.0,1.1,0.0,0.3,-0.1,-0.06,0.0,-1.94,-4.06,-0.04,-0.02,-0.41,12089.89,170.0,0.0,0.0,0.0,
1770039993490980993,30876,0.0,1.0,0.0,1.5,-0.08,-0.16,0.0,-1.94,-4.06,-0.04,-0.02,-0.41,12090.58,168.0,0.0,0.0,0.0,
1770039993605802144,31000,0.0,1.4,0.0,0.3,-0.08,0.06,0.0,-1.94,-4.06,-0.04,-0.03,-0.42,12095.04,168.0,0.0,0.0,0.0,
1770039993730939486,31114,0.0,1.3,0.0,0.4,-0.02,-0.04,0.0,-1.94,-4.06,-0.03,-0.04,-0.43,12092.64,169.0,0.0,0.0,0.0,
1770039993843662785,31233,0.0,1.1,0.0,0.1,0.1,-0.04,0.0,-1.94,-4.06,-0.02,-0.01,-0.44,12090.75,170.0,0.0,0.0,0.0,
1770039993966684255,31352,0.0,0.2,0.0,0.2,-0.14,-0.08,0.0,-1.94,-4.06,-0.04,-0.02,-0.4,12089.21,171.0,0.0,0.0,0.0,
1770039994081451354,31472,0.0,1.3,0.0,1.3,-0.04,-0.04,0.0,-1.94,-4.06,-0.02,-0.02,-0.43,12090.92,171.0,0.0,0.0,0.0,
1770039994200377843,31590,0.0,0.7,0.0,0.2,0.06,0.02,0.0,-1.94,-4.06,-0.02,-0.03,-0.42,12089.38,171.0,0.0,0.0,0.0,
1770039994319265757,31709,0.0,0.2,0.0,1.5,-0.12,-0.06,0.0,-1.94,-4.06,-0.06,-0.05,-0.43,12089.21,169.0,0.0,0.0,0.0,
1770039994442285770,31827,0.0,1.2,0.0,0.1,-0.04,-0.2,0.0,-1.94,-4.06,-0.03,0.0,-0.45,12089.38,173.0,0.0,0.0,0.0,
1770039994557044124,31947,0.0,1.0,0.0,0.0,0.02,-0.12,0.0,-1.94,-4.06,-0.03,-0.03,-0.42,12090.06,173.0,0.0,0.0,0.0,
1770039994675980772,32064,0.0,1.0,0.0,0.3,0.06,0.0,0.0,-1.94,-4.06,-0.04,-0.04,-0.41,12090.41,170.0,0.0,0.0,0.0,
1770039994794888131,32183,0.0,0.3,0.0,1.5,-0.18,-0.04,0.0,-1.94,-4.06,-0.04,-0.04,-0.41,12090.41,169.0,0.0,0.0,0.0,
1770039994930941279,32302,0.0,1.2,0.004,0.2,0.06,0.0,0.0,-1.94,-4.06,-0.03,-0.02,-0.42,12090.41,173.0,0.0,0.0,0.0,
1770039995032676554,32422,0.0,1.3,0.0,0.6,-0.1,0.08,0.0,-1.94,-4.06,-0.04,-0.03,-0.41,12091.26,173.0,0.0,0.0,0.0,
1770039995151542968,32537,0.0,1.0,0.0,0.7,-0.06,-0.1,0.0,-1.94,-4.06,-0.04,-0.04,-0.44,12091.95,167.0,0.0,0.0,0.0,
1770039995270454532,32659,0.0,0.6,0.0,0.3,-0.06,-0.16,0.0,-1.94,-4.06,-0.03,-0.03,-0.41,12091.09,169.0,0.0,0.0,0.0,
1770039995393429455,32777,0.0,0.3,0.0,0.1,-0.02,-0.25,0.0,-1.94,-4.06,-0.01,-0.02,-0.44,12090.58,170.0,0.0,0.0,0.0,
1770039995508194904,32898,0.0,1.4,0.0,0.4,0.02,0.04,0.0,-1.94,-4.06,-0.03,-0.02,-0.44,12090.75,170.0,0.0,0.0,0.0,
1770039995627043673,33012,0.0,0.3,0.0,0.3,-0.02,-0.1,0.0,-1.94,-4.06,-0.03,-0.02,-0.41,12091.44,170.0,0.0,0.0,0.0,
1770039995750958397,33133,0.0,0.6,0.0,0.5,-0.08,0.0,0.0,-1.94,-4.06,-0.04,-0.02,-0.43,12090.24,171.0,0.0,0.0,0.0,
1770039995864863892,33252,0.0,1.1,0.0,0.2,0.0,-0.06,0.0,-1.94,-4.06,-0.04,-0.02,-0.42,12091.78,170.0,0.0,0.0,0.0,
1770039995979650285,33370,0.0,0.7,0.0,0.2,0.02,-0.02,0.0,-1.94,-4.06,-0.04,-0.04,-0.41,12093.84,170.0,0.0,0.0,0.0,
1770039996106714013,33484,0.0,0.9,0.0,0.5,-0.04,-0.04,0.0,-1.94,-4.06,-0.03,-0.02,-0.4,12094.69,171.0,0.0,0.0,0.0,
1770039996229692507,33611,0.0,0.9,0.0,1.4,0.16,0.0,0.0,-1.94,-4.06,-0.05,-0.02,-0.42,12092.64,169.0,0.0,0.0,0.0,
1770039996348564126,33732,0.0,1.5,0.004,0.2,-0.1,-0.1,0.0,-1.94,-4.06,-0.03,-0.02,-0.42,12092.64,168.0,0.0,0.0,0.0,
1770039996459249739,33851,0.0,1.0,0.0,0.3,0.02,0.02,0.0,-1.94,-4.06,-0.03,-0.01,-0.41,12094.52,168.0,0.0,0.0,0.0,
1770039996573955179,33963,0.0,1.4,0.0,0.2,0.0,-0.02,0.0,-1.94,-4.06,-0.03,-0.02,-0.41,12092.81,169.0,0.0,0.0,0.0,
1770039996696960119,34079,0.0,1.2,0.0,0.3,-0.08,0.0,0.0,-1.94,-4.06,-0.04,-0.03,-0.4,12090.41,171.0,0.0,0.0,0.0,
1770039996819951512,34199,0.0,1.2,0.0,0.3,0.0,-0.08,0.0,-1.94,-4.06,-0.03,-0.01,-0.44,12090.41,170.0,0.0,0.0,0.0,
1770039996930615608,34322,0.0,1.1,0.0,0.1,-0.18,-0.14,0.0,-1.94,-4.06,-0.02,-0.03,-0.42,12089.72,170.0,0.0,0.0,0.0,
1770039997049481887,34435,0.0,1.2,0.0,0.2,0.04,0.1,0.0,-1.94,-4.06,-0.04,-0.02,-0.42,12090.41,169.0,0.0,0.0,0.0,
1770039997178388894,34553,0.0,1.1,0.0,0.4,0.02,0.0,0.0,-1.94,-4.06,-0.03,-0.02,-0.42,12091.44,169.0,0.0,0.0,0.0,
1770039997291356999,34673,0.0,1.3,0.0,0.3,0.02,-0.04,0.0,-1.94,-4.06,-0.03,-0.01,-0.41,12090.75,171.0,0.0,0.0,0.0,
1770039997406064006,34795,0.0,1.0,0.0,0.3,-0.06,0.02,0.0,-1.94,-4.06,-0.04,-0.01,-0.43,12091.61,171.0,0.0,0.0,0.0,
1770039997524910091,34910,0.0,0.2,0.0,0.3,-0.08,-0.18,0.0,-1.94,-4.06,-0.05,-0.01,-0.44,12091.09,170.0,0.0,0.0,0.0,
1770039997647842610,35028,0.0,1.4,0.0,0.3,0.02,-0.04,0.0,-1.94,-4.06,-0.03,-0.02,-0.42,12088.01,171.0,0.0,0.0,0.0,
1770039997766740100,35149,0.0,1.4,0.0,0.6,-0.1,-0.1,0.0,-1.94,-4.06,-0.04,-0.05,-0.41,12089.55,170.0,0.0,0.0,0.0,
1770039998094946847,35270,0.0,1.3,0.004,0.2,0.0,-0.06,0.0,-1.94,-4.06,-0.05,-0.03,-0.41,12092.12,170.0,0.0,0.0,0.0,
1770039998105699927,35387,0.0,1.1,0.0,0.3,0.04,-0.1,0.0,-1.94,-4.06,-0.03,-0.03,-0.42,12090.41,168.0,0.0,0.0,0.0,
1770039998123324837,35506,0.0,1.0,0.0,0.2,-0.06,-0.06,0.0,-1.94,-4.06,-0.02,-0.04,-0.43,12090.75,170.0,0.0,0.0,0.0,
1770039998242140083,35624,0.0,1.0,0.0,0.2,0.02,0.02,0.0,-1.94,-4.06,-0.06,-0.03,-0.43,12089.72,170.0,0.0,0.0,0.0,
1770039998361010713,35745,0.0,0.9,0.0,0.4,0.08,-0.02,0.0,-1.94,-4.06,-0.06,-0.03,-0.41,12092.12,170.0,0.0,0.0,0.0,
1770039998479833666,35862,0.0,0.8,0.0,0.5,0.02,0.0,0.0,-1.94,-4.06,-0.02,-0.04,-0.46,12091.78,169.0,0.0,0.0,0.0,
1770039998598699701,35981,0.0,0.5,0.0,1.4,-0.12,-0.02,0.0,-1.94,-4.06,-0.03,-0.02,-0.42,12090.06,167.0,0.0,0.0,0.0,
1770039998760396931,36100,0.0,1.3,0.0,0.3,0.04,0.1,0.0,-1.94,-4.06,-0.02,-0.04,-0.41,12089.55,169.0,0.0,0.0,0.0,
1770039998879253496,36254,0.0,1.3,0.0,0.1,0.04,-0.06,0.0,-1.94,-4.06,-0.04,-0.04,-0.42,12090.75,171.0,0.0,0.0,0.0,
1770039999082927447,36373,0.0,1.3,0.0,0.5,0.0,-0.16,0.0,-1.94,-4.06,-0.04,-0.03,-0.44,12092.46,171.0,0.0,0.0,0.0,
1770039999110981107,36490,0.0,1.2,0.0,0.3,0.04,-0.02,0.0,-1.94,-4.06,-0.03,-0.01,-0.45,12091.95,168.0,0.0,0.0,0.0,
1770039999233931867,36613,0.04,0.4,0.0,0.2,0.1,-0.08,0.0,-1.94,-4.06,-0.03,-0.01,-0.42,12091.61,171.0,0.0,0.0,0.0,
1770039999352758092,36733,0.0,0.6,0.0,0.1,-0.2,-0.08,0.0,-1.94,-4.06,-0.03,-0.04,-0.43,12089.55,172.0,0.0,0.0,0.0,
1770039999471657095,36854,0.0,1.2,0.0,0.2,-0.1,0.04,0.0,-1.94,-4.06,-0.01,-0.02,-0.4,12088.86,172.0,0.0,0.0,0.0,
1770039999590404149,36972,0.0,0.6,0.0,0.3,-0.12,0.04,0.0,-1.94,-4.06,-0.01,-0.04,-0.41,12089.21,168.0,0.0,0.0,0.0,
1770039999709280844,37091,0.0,0.9,0.0,0.2,0.2,-0.04,0.0,-1.94,-4.06,-0.03,-0.03,-0.41,12087.66,169.0,0.0,0.0,0.0,
1770039999828059971,37211,0.0,0.9,0.0,0.3,0.02,0.08,0.0,-1.94,-4.06,-0.04,-0.01,-0.41,12087.32,173.0,0.0,0.0,0.0,
1770039999954937165,37330,0.0,0.7,0.004,0.2,0.04,-0.04,0.0,-1.94,-4.06,-0.03,-0.03,-0.45,12086.46,173.0,0.0,0.0,0.0,
1770040000065796680,37445,0.0,1.0,0.0,0.3,-0.02,-0.06,0.0,-1.94,-4.06,-0.04,-0.03,-0.4,12087.15,170.0,0.0,0.0,0.0,
1770040000184645286,37567,0.0,0.9,0.0,1.7,-0.08,-0.14,0.0,-1.94,-4.06,-0.05,-0.02,-0.42,12086.63,172.0,0.0,0.0,0.0,
1770040000303480997,37686,0.0,1.5,0.0,0.3,0.0,-0.02,0.0,-1.94,-4.06,-0.02,-0.03,-0.41,12085.09,168.0,0.0,0.0,0.0,
1770040000426396608,37806,0.0,1.3,0.0,0.3,0.06,0.06,0.0,-1.94,-4.06,-0.03,-0.02,-0.41,12084.75,171.0,0.0,0.0,0.0,
1770040000541145435,37925,0.0,1.3,0.0,0.2,-0.1,-0.1,0.0,-1.94,-4.06,-0.06,-0.03,-0.41,12087.83,171.0,0.0,0.0,0.0,
1770040000672228719,38040,0.0,1.3,0.0,0.2,0.02,-0.04,0.0,-1.94,-4.06,-0.04,-0.03,-0.41,12085.78,169.0,0.0,0.0,0.0,
1770040000791090961,38172,0.0,1.2,0.0,0.3,-0.02,-0.12,0.0,-1.94,-4.06,-0.03,-0.04,-0.42,12089.55,170.0,0.0,0.0,0.0,
1770040001006943653,38289,0.0,1.1,0.0,0.2,0.0,-0.12,0.0,-1.94,-4.06,-0.02,-0.04,-0.42,12091.09,170.0,0.0,0.0,0.0,
1770040001020617099,38410,0.0,1.2,0.0,1.1,-0.02,-0.12,0.0,-1.94,-4.06,-0.04,-0.02,-0.42,12091.26,170.0,0.0,0.0,0.0,
1770040001143482633,38520,0.0,0.9,0.0,1.6,0.02,-0.14,0.0,-1.94,-4.06,-0.05,-0.03,-0.4,12090.75,169.0,0.0,0.0,0.0,
1770040001262283186,38643,0.0,1.2,0.0,0.3,0.06,-0.06,0.0,-1.94,-4.06,-0.03,-0.03,-0.42,12090.75,170.0,0.0,0.0,0.0,
1770040001381137057,38763,0.0,1.3,0.0,0.2,-0.04,-0.12,0.0,-1.94,-4.06,-0.04,-0.03,-0.42,12090.92,168.0,0.0,0.0,0.0,
1770040001491784066,38880,0.0,1.4,0.0,0.0,-0.02,-0.08,0.0,-1.94,-4.06,-0.03,-0.03,-0.44,12089.89,168.0,0.0,0.0,0.0,
1770040001610591122,38992,0.0,1.1,0.0,0.3,-0.08,-0.12,0.0,-1.94,-4.06,-0.04,-0.03,-0.45,12090.92,170.0,0.0,0.0,0.0,
1770040001733501599,39109,0.0,1.3,0.0,0.1,0.02,-0.14,0.0,-1.94,-4.06,-0.01,-0.04,-0.41,12090.58,170.0,0.0,0.0,0.0,
1770040001852352061,39232,0.0,1.2,0.0,0.2,-0.14,0.04,0.0,-1.94,-4.06,-0.04,-0.02,-0.4,12091.26,168.0,0.0,0.0,0.0,
1770040001967089690,39352,0.0,0.7,0.0,1.5,-0.08,0.1,0.0,-1.94,-4.06,-0.01,-0.03,-0.43,12091.09,168.0,0.0,0.0,0.0,
1770040002090000399,39465,0.04,0.0,0.0,-0.1,-0.12,-0.16,0.0,-1.94,-4.06,-0.04,-0.04,-0.41,12093.15,170.0,0.0,0.0,0.0,
1770040002212911826,39590,0.0,1.4,0.0,1.3,-0.08,-0.1,0.0,-1.94,-4.06,-0.04,-0.01,-0.42,12092.98,169.0,0.0,0.0,0.0,
1770040002331729795,39712,0.036,0.0,0.0,0.5,-0.06,-0.04,0.0,-1.94,-4.06,-0.02,-0.01,-0.44,12092.64,173.0,0.0,0.0,0.0,
1770040002446466402,39832,0.0,0.9,0.0,0.5,-0.08,-0.1,0.0,-1.94,-4.06,-0.01,-0.02,-0.41,12094.52,173.0,0.0,0.0,0.0,
1770040002565272923,39944,0.0,1.0,0.0,0.3,0.0,-0.06,0.0,-1.94,-4.06,-0.04,-0.03,-0.43,12093.15,170.0,0.0,0.0,0.0,
1770040002684063512,40064,0.0,0.9,0.0,0.5,0.14,-0.18,0.0,-1.94,-4.06,-0.03,-0.04,-0.42,12093.15,169.0,0.0,0.0,0.0,
1770040002807022067,40181,0.0,0.6,0.0,1.4,0.0,-0.04,0.0,-1.94,-4.06,-0.02,-0.03,-0.41,12090.58,170.0,0.0,0.0,0.0,
1770040003058926326,40304,0.0,1.2,0.0,0.3,0.04,0.12,0.0,-1.94,-4.06,-0.03,-0.02,-0.41,12095.21,170.0,0.0,0.0,0.0,
1770040003126617305,40417,0.0,1.2,0.0,1.1,-0.14,0.04,0.0,-1.94,-4.06,-0.03,-0.02,-0.42,12093.84,169.0,0.0,0.0,0.0,
1770040003155277250,40536,0.0,0.8,0.0,1.3,0.08,-0.06,0.0,-1.94,-4.06,-0.01,-0.02,-0.42,12092.46,168.0,0.0,0.0,0.0,
1770040003278186006,40654,0.036,0.0,0.016,0.2,0.06,-0.06,0.0,-1.94,-4.06,-0.04,-0.02,-0.41,12092.64,170.0,0.0,0.0,0.0,
1770040003392913050,40777,0.0,1.3,0.0,0.3,0.04,0.0,0.0,-1.94,-4.06,-0.03,-0.02,-0.42,12091.26,170.0,0.0,0.0,0.0,
1770040003511749178,40891,0.0,1.0,0.0,0.5,-0.02,-0.06,0.0,-1.94,-4.06,-0.04,-0.02,-0.41,12092.64,170.0,0.0,0.0,0.0,
1770040003714927019,41010,0.0,1.2,0.0,0.2,-0.14,-0.1,0.0,-1.94,-4.06,-0.02,-0.05,-0.44,12091.61,170.0,0.0,0.0,0.0,
1770040003753454643,41129,0.0,1.2,0.0,0.1,-0.04,0.0,0.0,-1.94,-4.06,-0.03,-0.06,-0.41,12090.92,169.0,0.0,0.0,0.0,
1770040003868178057,41249,0.0,1.0,0.0,0.3,0.02,-0.06,0.0,-1.94,-4.06,-0.04,-0.03,-0.4,12092.29,169.0,0.0,0.0,0.0,
1770040003986963059,41367,0.0,0.6,0.0,0.3,-0.06,0.04,0.0,-1.94,-4.06,-0.03,-0.03,-0.44,12093.15,171.0,0.0,0.0,0.0,
1770040004105778701,41487,0.0,0.9,0.0,1.4,-0.08,-0.08,0.0,-1.94,-4.06,-0.03,-0.03,-0.4,12090.58,170.0,0.0,0.0,0.0,
1770040004228700856,41605,0.0,1.3,0.0,0.3,-0.04,0.04,0.0,-1.94,-4.06,-0.04,-0.02,-0.41,12093.32,170.0,0.0,0.0,0.0,
1770040004343409690,41724,0.0,1.3,0.0,0.3,0.0,-0.18,0.0,-1.94,-4.06,-0.03,-0.05,-0.44,12091.78,170.0,0.0,0.0,0.0,
1770040004462252219,41839,0.0,1.2,0.0,0.3,-0.02,0.04,0.0,-1.94,-4.06,-0.03,-0.03,-0.41,12092.12,169.0,0.0,0.0,0.0,
1770040004580997482,41961,0.0,0.8,0.0,0.6,0.02,-0.16,0.0,-1.94,-4.06,-0.04,-0.01,-0.42,12088.69,172.0,0.0,0.0,0.0,
1770040004709875069,42080,0.0,0.8,0.0,0.5,-0.04,-0.04,0.0,-1.94,-4.06,-0.05,-0.03,-0.41,12088.35,171.0,0.0,0.0,0.0,
1770040004814577037,42200,0.0,0.7,0.0,0.5,0.1,-0.12,0.0,-1.94,-4.06,-0.02,-0.03,-0.41,12091.26,171.0,0.0,0.0,0.0,
1770040004937476575,42312,0.0,1.0,0.0,0.0,0.02,0.0,0.0,-1.94,-4.06,-0.04,-0.03,-0.43,12092.12,171.0,0.0,0.0,0.0,
1770040005064486292,42434,0.0,0.6,0.0,0.3,0.0,-0.02,0.0,-1.94,-4.06,-0.02,-0.02,-0.41,12090.75,170.0,0.0,0.0,0.0,
1770040005183287082,42561,0.0,1.4,0.0,0.3,-0.02,-0.04,0.0,-1.94,-4.06,-0.03,-0.04,-0.39,12091.61,167.0,0.0,0.0,0.0,
1770040005298002212,42681,0.0,1.5,0.0,0.3,-0.04,-0.02,0.0,-1.94,-4.06,-0.02,-0.01,-0.45,12092.29,167.0,0.0,0.0,0.0,
1770040005420927393,42796,0.0,1.4,0.0,0.3,-0.12,-0.12,0.0,-1.94,-4.06,-0.02,-0.05,-0.43,12092.29,170.0,0.0,0.0,0.0,
1770040005543807212,42916,0.0,1.2,0.0,0.7,0.14,-0.1,0.0,-1.94,-4.06,-0.03,-0.02,-0.42,12091.09,169.0,0.0,0.0,0.0,
1770040005662575421,43039,0.0,1.3,0.0,0.3,0.0,-0.06,0.0,-1.94,-4.06,-0.04,-0.04,-0.43,12089.04,169.0,0.0,0.0,0.0,
1770040005777331894,43159,0.0,0.4,0.0,0.8,-0.06,-0.08,0.0,-1.94,-4.06,-0.03,-0.01,-0.41,12090.41,169.0,0.0,0.0,0.0,
1770040005896138111,43274,0.0,1.0,0.0,0.4,0.06,-0.16,0.0,-1.94,-4.06,-0.05,-0.01,-0.43,12089.89,172.0,0.0,0.0,0.0,
1770040006019042944,43392,0.0,0.7,0.0,0.5,-0.04,-0.12,0.0,-1.94,-4.06,-0.05,-0.04,-0.41,12090.75,170.0,0.0,0.0,0.0,
1770040006350931239,43516,0.0,1.2,0.0,0.2,-0.08,-0.06,0.0,-1.94,-4.06,-0.04,-0.03,-0.42,12091.78,170.0,0.0,0.0,0.0,
1770040006371366770,43635,0.0,1.2,0.0,0.2,-0.02,0.06,0.0,-1.94,-4.06,-0.03,-0.04,-0.44,12093.32,170.0,0.0,0.0,0.0,
1770040006383025427,43749,0.0,1.4,0.0,0.3,-0.02,-0.12,0.0,-1.94,-4.06,-0.03,-0.02,-0.43,12092.46,167.0,0.0,0.0,0.0,
1770040006490166355,43867,0.028,0.3,0.0,1.2,-0.12,-0.06,0.0,-1.94,-4.06,-0.02,-0.04,-0.41,12090.75,168.0,0.0,0.0,0.0,
1770040006613067097,43986,0.0,0.9,0.0,1.4,-0.02,-0.06,0.0,-1.94,-4.06,-0.03,-0.02,-0.4,12090.41,168.0,0.0,0.0,0.0,
1770040006727765081,44110,0.0,1.4,0.0,1.2,0.08,-0.06,0.0,-1.94,-4.06,-0.02,-0.03,-0.41,12092.12,168.0,0.0,0.0,0.0,
1770040006842467751,44223,0.0,0.6,0.0,0.4,-0.12,-0.02,0.0,-1.94,-4.06,-0.05,-0.02,-0.42,12092.46,170.0,0.0,0.0,0.0,
1770040006965365770,44340,0.0,0.8,0.0,0.4,0.1,-0.02,0.0,-1.94,-4.06,-0.01,-0.03,-0.41,12091.61,174.0,0.0,0.0,0.0,
1770040007088275467,44461,0.0,0.9,0.0,0.5,0.0,-0.08,0.0,-1.94,-4.06,-0.04,-0.06,-0.42,12092.81,169.0,0.0,0.0,0.0,
1770040007202976850,44584,0.0,1.0,0.0,0.2,0.0,0.08,0.0,-1.94,-4.06,-0.04,-0.04,-0.45,12091.61,169.0,0.0,0.0,0.0,
1770040007321780824,44698,0.0,0.8,0.0,0.2,-0.12,0.06,0.0,-1.94,-4.06,-0.04,-0.03,-0.49,12093.32,169.0,0.0,0.0,0.0,
1770040007440622675,44816,0.0,1.1,0.0,0.2,-0.06,-0.06,0.0,-1.94,-4.06,-0.03,-0.01,-0.42,12090.41,168.0,0.0,0.0,0.0,
1770040007559311703,44937,0.0,0.7,0.0,0.1,0.0,-0.02,0.0,-1.94,-4.06,-0.02,-0.03,-0.42,12091.44,170.0,0.0,0.0,0.0,
1770040007678153739,45057,0.0,1.1,0.0,1.1,-0.08,0.1,0.0,-1.94,-4.06,-0.03,-0.02,-0.43,12091.44,170.0,0.0,0.0,0.0,
1770040007796984532,45174,0.0,1.0,0.0,0.2,-0.02,-0.14,0.0,-1.94,-4.06,-0.01,-0.03,-0.42,12092.29,172.0,0.0,0.0,0.0,
1770040007922931614,45293,0.0,1.0,0.0,0.5,0.04,0.02,0.0,-1.94,-4.06,-0.03,-0.05,-0.43,12091.09,170.0,0.0,0.0,0.0,
1770040008050935004,45412,0.0,1.1,0.0,0.5,-0.1,-0.04,0.0,-1.94,-4.06,-0.05,-0.03,-0.42,12089.55,170.0,0.0,0.0,0.0,
1770040008157473278,45532,0.0,0.2,0.0,1.3,0.08,-0.18,0.0,-1.94,-4.06,-0.04,-0.03,-0.43,12091.61,170.0,0.0,0.0,0.0,
1770040008280368753,45652,0.0,1.1,0.0,0.5,-0.18,0.0,0.0,-1.94,-4.06,-0.03,-0.01,-0.47,12091.78,171.0,0.0,0.0,0.0,
1770040008399174006,45776,0.0,1.4,0.0,0.5,-0.02,0.0,0.0,-1.94,-4.06,-0.05,-0.03,-0.41,12093.15,170.0,0.0,0.0,0.0,
1770040008517931400,45894,0.0,1.3,0.0,0.1,0.04,-0.06,0.0,-1.94,-4.06,-0.05,-0.03,-0.44,12093.15,169.0,0.0,0.0,0.0,
1770040008640824301,46014,0.0,1.3,0.0,0.3,-0.06,-0.12,0.0,-1.94,-4.06,-0.03,-0.03,-0.45,12091.78,168.0,0.0,0.0,0.0,
1770040008766931381,46135,0.0,1.1,0.0,0.7,0.02,-0.12,0.0,-1.94,-4.06,-0.03,-0.04,-0.41,12096.24,168.0,0.0,0.0,0.0,
1770040008874362625,46249,0.0,1.0,0.0,1.3,-0.04,-0.04,0.0,-1.94,-4.06,-0.03,-0.03,-0.43,12093.49,168.0,0.0,0.0,0.0,
1770040008993154543,46369,0.0,0.3,0.0,0.1,-0.02,0.02,0.0,-1.94,-4.06,-0.05,-0.05,-0.45,12090.58,172.0,0.0,0.0,0.0,
1770040009103764273,46487,0.0,1.4,0.004,0.1,-0.08,0.0,0.0,-1.94,-4.06,-0.02,-0.05,-0.43,12093.32,172.0,0.0,0.0,0.0,
1770040009222575632,46600,0.0,1.2,0.0,0.2,0.04,0.02,0.0,-1.94,-4.06,-0.03,-0.03,-0.42,12078.23,171.0,0.0,0.0,0.0,
1770040009345455831,46717,0.0,1.3,0.0,0.5,0.12,-0.04,0.0,-1.94,-4.06,-0.02,-0.02,-0.44,12092.46,166.0,0.0,0.0,0.0,
1770040009464201147,46839,0.0,1.4,0.0,0.2,0.08,-0.04,0.0,-1.94,-4.06,-0.04,-0.03,-0.45,12091.61,169.0,0.0,0.0,0.0,
1770040009582911179,46957,0.028,0.3,0.0,0.3,-0.06,-0.2,0.0,-1.94,-4.06,-0.02,0.0,-0.4,12091.26,171.0,0.0,0.0,0.0,
1770040009798926994,47077,0.0,0.8,0.0,0.9,0.02,-0.14,0.0,-1.94,-4.06,-0.01,-0.02,-0.43,12094.35,171.0,0.0,0.0,0.0,
1770040009816272006,47192,0.02,0.3,0.0,0.3,-0.08,-0.02,0.0,-1.94,-4.06,-0.02,-0.03,-0.4,12091.78,168.0,0.0,0.0,0.0,
1770040009935132261,47312,0.0,0.7,0.004,0.3,-0.02,-0.1,0.0,-1.94,-4.06,-0.04,-0.04,-0.42,12090.92,169.0,0.0,0.0,0.0,
1770040010049331334,47431,0.0,0.5,0.0,0.2,-0.08,-0.18,0.0,-1.94,-4.06,-0.02,-0.03,-0.44,12091.95,169.0,0.0,0.0,0.0,
1770040010167209457,47543,0.036,0.3,0.0,1.3,-0.06,-0.12,0.0,-1.94,-4.06,-0.04,-0.02,-0.42,12091.44,169.0,0.0,0.0,0.0,
1770040010285076039,47663,0.0,1.2,0.0,0.0,0.02,0.0,0.0,-1.94,-4.06,-0.02,-0.02,-0.43,12092.12,171.0,0.0,0.0,0.0,
1770040010406987479,47783,0.0,1.2,0.0,0.3,0.04,0.02,0.0,-1.94,-4.06,-0.03,-0.04,-0.43,12091.61,169.0,0.0,0.0,0.0,
1770040010528946056,47906,0.0,1.0,0.008,0.2,0.02,-0.12,0.0,-1.94,-4.06,-0.03,-0.05,-0.42,12091.09,170.0,0.0,0.0,0.0,
1770040010642733085,48026,0.0,0.9,0.0,0.3,0.14,-0.12,0.0,-1.94,-4.06,-0.03,-0.03,-0.41,12092.98,170.0,0.0,0.0,0.0,
1770040010760643533,48141,0.0,0.9,0.0,0.5,-0.02,-0.1,0.0,-1.94,-4.06,-0.04,-0.03,-0.42,12092.98,171.0,0.0,0.0,0.0,
1770040010882574323,48260,0.0,0.9,0.0,0.5,0.06,-0.12,0.0,-1.94,-4.06,-0.03,-0.03,-0.44,12091.26,172.0,0.0,0.0,0.0,
1770040010992321953,48382,0.0,1.6,0.004,0.5,0.1,-0.06,0.0,-1.94,-4.06,-0.05,-0.03,-0.44,12092.46,172.0,0.0,0.0,0.0,
1770040011114357432,48495,0.0,1.2,0.0,0.3,-0.04,-0.06,0.0,-1.94,-4.06,-0.04,-0.02,-0.44,12092.98,167.0,0.0,0.0,0.0,
1770040011232341320,48617,0.0,1.4,0.0,0.1,0.04,-0.04,0.0,-1.94,-4.06,-0.04,-0.04,-0.43,12091.44,172.0,0.0,0.0,0.0,
1770040011350320353,48736,0.0,1.1,0.008,0.0,0.08,-0.08,0.0,-1.94,-4.06,-0.04,-0.04,-0.43,12091.95,171.0,0.0,0.0,0.0,
1770040011472370837,48855,0.0,0.2,0.0,1.4,0.02,-0.12,0.0,-1.94,-4.06,-0.04,-0.03,-0.43,12090.58,172.0,0.0,0.0,0.0,
1770040011586230265,48978,0.0,1.4,0.0,1.2,0.14,0.04,0.0,-1.94,-4.06,-0.04,-0.02,-0.42,12091.26,172.0,0.0,0.0,0.0,
1770040011704222523,49091,0.0,0.2,0.0,0.5,0.04,-0.02,0.0,-1.94,-4.06,-0.02,-0.01,-0.46,12092.12,173.0,0.0,0.0,0.0,
1770040011946926629,49210,0.0,1.2,0.0,0.3,-0.06,-0.14,0.0,-1.94,-4.06,-0.02,-0.04,-0.4,12091.44,172.0,0.0,0.0,0.0,
1770040011957971389,49330,0.0,1.2,0.0,0.1,-0.1,0.02,0.0,-1.94,-4.06,-0.03,-0.03,-0.42,12092.81,172.0,0.0,0.0,0.0,
1770040012058224818,49443,0.0,1.4,0.0,1.2,0.08,-0.1,0.0,-1.94,-4.06,-0.04,-0.02,-0.45,12090.92,168.0,0.0,0.0,0.0,
1770040012176304919,49565,0.0,0.9,0.0,0.7,-0.08,0.02,0.0,-1.94,-4.06,-0.05,-0.04,-0.4,12089.89,168.0,0.0,0.0,0.0,
1770040012294368067,49684,0.0,0.7,0.0,0.5,-0.23,-0.06,0.0,-1.94,-4.06,-0.04,-0.02,-0.41,12090.58,171.0,0.0,0.0,0.0,
1770040012412449015,49804,0.0,0.7,0.0,1.4,0.02,-0.06,0.0,-1.94,-4.06,-0.02,-0.03,-0.43,12091.26,170.0,0.0,0.0,0.0,
1770040012530474556,49925,0.0,1.3,0.0,0.4,0.04,-0.06,0.0,-1.94,-4.06,-0.03,-0.01,-0.41,12092.98,170.0,0.0,0.0,0.0,
1770040012648586871,50041,0.0,1.2,0.0,0.1,-0.06,-0.1,0.0,-1.94,-4.06,-0.04,-0.03,-0.41,12092.12,173.0,0.0,0.0,0.0,
1770040012782967514,50159,0.0,1.3,0.0,0.2,-0.02,-0.12,0.0,-1.94,-4.06,-0.03,-0.02,-0.42,12091.44,169.0,0.0,0.0,0.0,
1770040012884718284,50279,0.0,1.2,0.0,0.1,0.0,-0.08,0.0,-1.94,-4.06,-0.03,-0.04,-0.41,12091.95,170.0,0.0,0.0,0.0,
1770040012998735092,50399,0.0,1.4,0.0,0.3,0.1,-0.16,0.0,-1.94,-4.06,-0.03,-0.03,-0.42,12093.15,170.0,0.0,0.0,0.0,
1770040013120948054,50513,0.0,1.2,0.0,0.2,-0.14,-0.08,0.0,-1.94,-4.06,-0.04,-0.03,-0.45,12092.98,168.0,0.0,0.0,0.0,
1770040013239092643,50635,0.024,0.3,0.0,1.2,0.16,-0.12,0.0,-1.94,-4.06,-0.02,-0.02,-0.41,12091.95,170.0,0.0,0.0,0.0,
1770040013357249868,50754,0.0,0.8,0.0,1.6,-0.02,-0.08,0.0,-1.94,-4.06,-0.03,-0.02,-0.42,12092.46,171.0,0.0,0.0,0.0,
1770040013471333048,50874,0.036,0.2,0.0,0.2,-0.1,-0.1,0.0,-1.94,-4.06,-0.05,-0.03,-0.43,12092.12,171.0,0.0,0.0,0.0,
1770040013593515762,50989,0.0,1.2,0.0,0.3,0.04,-0.06,0.0,-1.94,-4.06,-0.04,-0.04,-0.45,12091.95,170.0,0.0,0.0,0.0,
1770040013802919026,51109,0.0,0.7,0.0,0.3,-0.08,0.04,0.0,-1.94,-4.06,-0.05,-0.02,-0.44,12091.61,172.0,0.0,0.0,0.0,
1770040013829861841,51228,0.0,0.4,0.0,1.4,-0.12,0.02,0.0,-1.94,-4.06,-0.01,-0.05,-0.41,12093.15,171.0,0.0,0.0,0.0,
1770040013943944119,51348,0.0,1.4,0.0,0.2,-0.04,-0.12,0.0,-1.94,-4.06,-0.03,-0.04,-0.41,12091.95,171.0,0.0,0.0,0.0,
1770040014062119705,51463,0.0,1.5,0.0,0.3,0.02,-0.02,0.0,-1.94,-4.06,-0.02,-0.04,-0.42,12092.46,171.0,0.0,0.0,0.0,
1770040014192572870,51581,0.0,1.2,0.0,0.3,-0.14,0.08,0.0,-1.94,-4.06,-0.03,-0.01,-0.42,12091.95,170.0,0.0,0.0,0.0,
1770040014310780663,51713,0.0,0.5,0.0,0.2,0.04,0.02,0.0,-1.94,-4.06,-0.02,-0.04,-0.42,12091.44,169.0,0.0,0.0,0.0,
1770040014429040913,51833,0.0,0.9,0.0,0.4,0.04,-0.02,0.0,-1.94,-4.06,-0.03,-0.03,-0.41,12093.32,169.0,0.0,0.0,0.0,
1770040014543090559,51948,0.0,0.9,0.0,0.0,-0.06,-0.12,0.0,-1.94,-4.06,-0.01,-0.02,-0.4,12094.35,168.0,0.0,0.0,0.0,
1770040014758940038,52067,0.0,0.7,0.0,0.2,-0.14,-0.12,0.0,-1.94,-4.06,-0.04,-0.03,-0.42,12090.06,169.0,0.0,0.0,0.0,
1770040014787770996,52190,0.0,1.1,0.0,0.3,-0.04,-0.06,0.0,-1.94,-4.06,-0.06,-0.03,-0.41,12091.95,171.0,0.0,0.0,0.0,
1770040014897802540,52308,0.0,0.6,0.0,0.2,-0.04,-0.06,0.0,-1.94,-4.06,-0.04,-0.05,-0.41,12092.29,171.0,0.0,0.0,0.0,
1770040015016043346,52423,0.0,1.0,0.004,0.4,-0.06,-0.12,0.0,-1.94,-4.06,-0.04,-0.03,-0.42,12093.49,170.0,0.0,0.0,0.0,
1770040015138439364,52541,0.0,0.1,0.0,0.3,-0.16,-0.04,0.0,-1.94,-4.06,-0.04,-0.03,-0.41,12089.55,171.0,0.0,0.0,0.0,
1770040015260808237,52662,0.0,0.7,0.0,0.2,0.04,-0.02,0.0,-1.94,-4.06,-0.01,-0.03,-0.43,12090.75,171.0,0.0,0.0,0.0,
1770040015380993514,52785,0.0,1.0,0.0,0.6,0.0,-0.08,0.0,-1.94,-4.06,-0.03,-0.04,-0.4,12092.12,171.0,0.0,0.0,0.0,
1770040015489170022,52898,0.0,0.9,0.0,0.3,0.06,-0.12,0.0,-1.94,-4.06,-0.04,-0.02,-0.42,12092.12,171.0,0.0,0.0,0.0,
1770040015702953077,53016,0.0,1.0,0.0,0.2,0.08,-0.02,0.0,-1.94,-4.06,-0.03,-0.03,-0.42,12092.46,171.0,0.0,0.0,0.0,
1770040015729864186,53136,0.0,1.0,0.0,0.1,0.06,-0.14,0.0,-1.94,-4.06,-0.02,-0.04,-0.46,12093.32,168.0,0.0,0.0,0.0,
1770040015844033277,53257,0.0,1.0,0.0,0.5,0.02,0.02,0.0,-1.94,-4.06,-0.04,-0.03,-0.41,12093.15,168.0,0.0,0.0,0.0,
1770040015962369394,53372,0.0,0.9,0.0,1.5,0.08,-0.21,0.0,-1.94,-4.06,-0.02,-0.03,-0.41,12092.98,171.0,0.0,0.0,0.0,
1770040016084745764,53491,0.0,1.1,0.0,0.1,-0.08,-0.14,0.0,-1.94,-4.06,-0.02,-0.02,-0.43,12091.78,169.0,0.0,0.0,0.0,
1770040016203095785,53611,0.0,1.5,0.0,0.5,-0.04,0.02,0.0,-1.94,-4.06,-0.03,-0.02,-0.42,12093.84,170.0,0.0,0.0,0.0,
1770040016317314944,53730,0.0,1.5,0.0,0.3,-0.06,-0.16,0.0,-1.94,-4.06,-0.06,-0.04,-0.41,12094.01,170.0,0.0,0.0,0.0,
1770040016435681348,53848,0.0,1.3,0.0,0.3,-0.12,-0.1,0.0,-1.94,-4.06,-0.03,-0.04,-0.42,12095.72,169.0,0.0,0.0,0.0,
1770040016564010466,53966,0.0,0.8,0.0,0.2,0.04,-0.04,0.0,-1.94,-4.06,-0.03,-0.02,-0.41,12093.49,173.0,0.0,0.0,0.0,
1770040016770926202,54085,0.0,1.1,0.0,0.5,0.06,-0.23,0.0,-1.94,-4.06,-0.05,-0.04,-0.44,12093.32,170.0,0.0,0.0,0.0,
1770040016786652724,54204,0.0,1.1,0.0,0.5,0.04,-0.08,0.0,-1.94,-4.06,-0.04,-0.01,-0.44,12094.35,170.0,0.0,0.0,0.0,
1770040016909046191,54318,0.0,0.4,0.0,0.7,-0.12,-0.18,0.0,-1.94,-4.06,-0.03,-0.03,-0.41,12096.58,168.0,0.0,0.0,0.0,
1770040017027370959,54440,0.0,1.0,0.0,0.0,0.1,-0.12,0.0,-1.94,-4.06,-0.02,-0.04,-0.43,12097.27,170.0,0.0,0.0,0.0,
1770040017153931541,54560,0.0,0.9,0.0,1.6,0.02,0.0,0.0,-1.94,-4.06,-0.05,-0.04,-0.41,12096.75,173.0,0.0,0.0,0.0,
1770040017268266724,54686,0.0,1.2,0.0,0.3,0.02,-0.12,0.0,-1.94,-4.06,-0.06,-0.02,-0.41,12097.61,173.0,0.0,0.0,0.0,
1770040017390722599,54799,0.0,1.4,0.0,0.3,0.06,0.02,0.0,-1.94,-4.06,-0.02,-0.01,-0.44,12097.78,171.0,0.0,0.0,0.0,
1770040017509131758,54922,0.0,1.3,0.004,0.5,-0.04,-0.06,0.0,-1.94,-4.06,-0.03,-0.03,-0.44,12097.1,171.0,0.0,0.0,0.0,
1770040017627465390,55041,0.0,1.4,0.0,0.5,-0.06,0.18,0.0,-1.94,-4.06,-0.04,-0.02,-0.43,12095.38,170.0,0.0,0.0,0.0,
1770040017737695312,55160,0.0,1.3,0.0,0.5,0.06,-0.02,0.0,-1.94,-4.06,-0.02,-0.05,-0.44,12096.41,170.0,0.0,0.0,0.0,
1770040017856091552,55272,0.0,0.3,0.0,0.1,0.08,0.02,0.0,-1.94,-4.06,-0.04,-0.03,-0.41,12096.75,171.0,0.0,0.0,0.0,
1770040017982931375,55391,0.0,1.3,0.0,0.1,0.06,0.0,0.0,-1.94,-4.06,-0.05,-0.06,-0.41,12096.07,171.0,0.0,0.0,0.0,
1770040018097010261,55513,0.0,1.4,0.0,0.2,0.0,0.0,0.0,-1.94,-4.06,-0.03,-0.04,-0.43,12094.69,170.0,0.0,0.0,0.0,
1770040018211349389,55631,0.0,1.3,0.0,0.3,-0.12,-0.02,0.0,-1.94,-4.06,-0.03,-0.02,-0.43,12098.47,170.0,0.0,0.0,0.0,
1770040018329783332,55745,0.0,1.3,0.0,0.1,-0.02,0.02,0.0,-1.94,-4.06,-0.03,-0.02,-0.42,12097.1,169.0,0.0,0.0,0.0,
1770040018452307344,55864,0.0,1.2,0.0,0.4,0.0,-0.18,0.0,-1.94,-4.06,-0.03,-0.05,-0.42,12094.35,172.0,0.0,0.0,0.0,
1770040018570681962,55987,0.0,1.2,0.0,0.4,-0.04,0.0,0.0,-1.94,-4.06,-0.02,-0.03,-0.44,12096.24,170.0,0.0,0.0,0.0,
1770040018685061360,56105,0.0,1.2,0.0,0.3,0.0,0.02,0.0,-1.94,-4.06,-0.04,-0.04,-0.42,12096.75,170.0,0.0,0.0,0.0,
1770040018803495801,56220,0.0,0.7,0.0,0.3,-0.16,-0.06,0.0,-1.94,-4.06,-0.05,-0.01,-0.41,12098.3,169.0,0.0,0.0,0.0,
1770040018921917318,56339,0.0,0.9,0.0,0.6,-0.21,-0.18,0.0,-1.94,-4.06,-0.03,-0.04,-0.43,12094.52,165.0,0.0,0.0,0.0,
1770040019044425697,56459,0.0,0.7,0.0,0.5,-0.04,-0.06,0.0,-1.94,-4.06,-0.03,-0.03,-0.41,12095.89,169.0,0.0,0.0,0.0,
1770040019158828439,56582,0.0,0.1,0.0,1.4,0.02,-0.1,0.0,-1.94,-4.06,-0.02,-0.03,-0.42,12097.27,169.0,0.0,0.0,0.0,
1770040019277300345,56695,0.0,1.5,0.004,0.5,-0.02,-0.06,0.0,-1.94,-4.06,-0.03,-0.02,-0.42,12096.92,168.0,0.0,0.0,0.0,
1770040019395723824,56814,0.0,1.3,0.0,0.2,0.04,-0.1,0.0,-1.94,-4.06,-0.04,-0.03,-0.44,12096.75,168.0,0.0,0.0,0.0,
1770040019518301925,56934,0.0,0.5,0.0,0.9,0.0,-0.08,0.0,-1.94,-4.06,-0.03,-0.04,-0.42,12095.72,169.0,0.0,0.0,0.0,
1770040019632698259,57055,0.0,1.0,0.0,0.3,-0.02,-0.04,0.0,-1.94,-4.06,-0.04,-0.03,-0.41,12097.78,169.0,0.0,0.0,0.0,
1770040019962932767,57171,0.0,1.0,0.0,0.6,-0.1,-0.1,0.0,-1.94,-4.06,-0.03,-0.02,-0.45,12097.61,169.0,0.0,0.0,0.0,
1770040019974907358,57291,0.0,1.2,0.0,0.5,-0.04,-0.04,0.0,-1.94,-4.06,0.0,-0.03,-0.43,12095.38,170.0,0.0,0.0,0.0,
1770040019992184692,57409,0.0,1.5,0.0,0.1,-0.08,-0.14,0.0,-1.94,-4.06,-0.02,-0.03,-0.41,12095.55,170.0,0.0,0.0,0.0,
1770040020106555987,57529,0.0,0.0,0.0,1.1,0.1,0.0,0.0,-1.94,-4.06,-0.04,-0.03,-0.42,12096.24,170.0,0.0,0.0,0.0,
1770040020233251462,57647,0.0,0.8,0.0,0.3,0.02,-0.02,0.0,-1.94,-4.06,-0.03,-0.03,-0.42,12096.41,171.0,0.0,0.0,0.0,
1770040020351711276,57774,0.0,0.2,0.0,1.5,0.0,-0.02,0.0,-1.94,-4.06,-0.02,-0.03,-0.43,12097.44,170.0,0.0,0.0,0.0,
1770040020474324853,57893,0.0,1.2,0.0,1.1,-0.06,-0.06,0.0,-1.94,-4.06,-0.04,-0.03,-0.42,12096.75,167.0,0.0,0.0,0.0,
1770040020592780750,58013,0.0,0.8,0.0,0.2,0.08,-0.25,0.0,-1.94,-4.06,-0.01,-0.04,-0.4,12096.41,170.0,0.0,0.0,0.0,
1770040020711326654,58134,0.04,0.4,0.0,1.7,0.04,-0.02,0.0,-1.94,-4.06,-0.06,-0.04,-0.44,12099.33,170.0,0.0,0.0,0.0,
1770040020922923932,58252,0.024,0.4,0.0,1.4,0.02,-0.12,0.0,-1.94,-4.06,-0.03,-0.04,-0.42,12099.67,171.0,0.0,0.0,0.0,
1770040020948317797,58369,0.0,1.2,0.0,0.6,-0.02,-0.04,0.0,-1.94,-4.06,-0.03,-0.02,-0.43,12094.87,171.0,0.0,0.0,0.0,
1770040021066830411,58487,0.0,1.3,0.0,0.2,0.06,0.08,0.0,-1.94,-4.06,-0.03,-0.02,-0.45,12093.66,171.0,0.0,0.0,0.0,
1770040021181272243,58608,0.0,1.1,0.0,0.2,0.02,-0.16,0.0,-1.94,-4.06,-0.05,-0.03,-0.41,12095.72,171.0,0.0,0.0,0.0,
1770040021299785218,58724,0.0,0.9,0.0,0.5,0.04,-0.04,0.0,-1.94,-4.06,-0.04,-0.02,-0.44,12094.87,168.0,0.0,0.0,0.0,
1770040021422435490,58843,0.0,1.3,0.0,0.4,-0.1,-0.06,0.0,-1.94,-4.06,-0.01,-0.02,-0.44,12094.52,169.0,0.0,0.0,0.0,
1770040021540898331,58962,0.0,1.4,0.0,0.4,-0.06,-0.04,0.0,-1.94,-4.06,-0.03,-0.04,-0.41,12095.21,169.0,0.0,0.0,0.0,
1770040021758930400,59081,0.0,1.2,0.0,0.5,0.02,0.04,0.0,-1.94,-4.06,-0.02,-0.03,-0.43,12095.21,169.0,0.0,0.0,0.0,
1770040021778002409,59196,0.0,1.2,0.0,1.1,-0.08,-0.1,0.0,-1.94,-4.06,-0.04,-0.04,-0.44,12096.58,170.0,0.0,0.0,0.0,
1770040021896512557,59319,0.0,1.1,0.0,1.4,0.0,0.0,0.0,-1.94,-4.06,-0.06,-0.02,-0.4,12096.41,170.0,0.0,0.0,0.0,
1770040022015036878,59438,0.0,1.4,0.0,0.3,0.04,-0.08,0.0,-1.94,-4.06,-0.03,-0.02,-0.41,12095.72,168.0,0.0,0.0,0.0,
1770040022125412789,59555,0.0,1.2,0.0,0.2,-0.08,-0.1,0.0,-1.94,-4.06,-0.04,-0.02,-0.44,12096.58,168.0,0.0,0.0,0.0,
1770040022243937523,59669,0.0,1.4,0.0,0.7,-0.14,-0.16,0.0,-1.94,-4.06,-0.03,-0.02,-0.42,12096.92,169.0,0.0,0.0,0.0,
1770040022366567841,59789,0.0,0.9,0.0,0.3,0.12,0.08,0.0,-1.94,-4.06,-0.03,-0.04,-0.41,12096.75,172.0,0.0,0.0,0.0,
1770040022485108156,59910,0.0,0.9,0.004,0.3,0.0,-0.08,0.0,-1.94,-4.06,-0.03,-0.04,-0.43,12095.72,167.0,0.0,0.0,0.0,
1770040022599611016,60028,0.0,0.3,0.0,1.5,0.06,0.0,0.0,-1.94,-4.06,-0.01,-0.02,-0.41,12096.75,167.0,0.0,0.0,0.0,
1770040022746929537,60141,0.036,0.2,0.0,1.4,-0.04,-0.04,0.0,-1.94,-4.06,-0.02,-0.04,-0.42,12096.07,170.0,0.0,0.0,0.0,
1770040022836701017,60261,0.0,1.0,0.0,0.6,0.02,0.0,0.0,-1.94,-4.06,-0.02,-0.04,-0.43,12096.41,168.0,0.0,0.0,0.0,
1770040022955266118,60382,0.0,1.0,0.0,0.3,0.0,0.06,0.0,-1.94,-4.06,-0.05,-0.04,-0.41,12095.21,173.0,0.0,0.0,0.0,
1770040023069736116,60500,0.0,1.1,0.004,0.4,-0.06,-0.12,0.0,-1.94,-4.06,-0.04,-0.04,-0.44,12096.75,173.0,0.0,0.0,0.0,
1770040023188302664,60614,0.0,0.9,0.0,0.1,-0.1,-0.21,0.0,-1.94,-4.06,-0.05,-0.04,-0.43,12096.07,167.0,0.0,0.0,0.0,
1770040023315056327,60732,0.0,1.3,0.008,0.5,-0.1,0.0,0.0,-1.94,-4.06,-0.04,-0.04,-0.41,12093.66,170.0,0.0,0.0,0.0,
1770040023437696218,60860,0.0,1.1,0.0,0.2,0.04,-0.1,0.0,-1.94,-4.06,-0.03,-0.02,-0.45,12096.75,167.0,0.0,0.0,0.0,
1770040023552167129,60984,0.0,0.0,0.0,0.5,-0.04,0.02,0.0,-1.94,-4.06,-0.02,-0.04,-0.43,12096.24,167.0,0.0,0.0,0.0,
1770040023670766323,61096,0.0,0.6,0.0,0.4,-0.02,-0.02,0.0,-1.94,-4.06,-0.04,-0.05,-0.4,12099.33,170.0,0.0,0.0,0.0,
1770040023798928504,61214,0.0,0.9,0.0,1.4,-0.04,-0.12,0.0,-1.94,-4.06,-0.05,-0.03,-0.43,12095.04,168.0,0.0,0.0,0.0,
1770040023907908828,61334,0.0,0.2,0.0,1.1,-0.04,-0.08,0.0,-1.94,-4.06,-0.02,-0.02,-0.43,12100.35,171.0,0.0,0.0,0.0,
1770040024022423876,61454,0.0,0.2,0.0,1.4,-0.14,-0.1,0.0,-1.94,-4.06,-0.04,-0.03,-0.43,12096.58,171.0,0.0,0.0,0.0,
1770040024140985664,61568,0.0,1.4,0.0,0.2,0.0,0.0,0.0,-1.94,-4.06,-0.01,-0.03,-0.44,12096.75,169.0,0.0,0.0,0.0,
1770040024259578624,61686,0.0,1.3,0.0,0.8,0.0,-0.18,0.0,-1.94,-4.06,-0.03,-0.03,-0.47,12095.72,170.0,0.0,0.0,0.0,
1770040024374047587,61804,0.0,0.7,0.0,1.5,-0.02,0.02,0.0,-1.94,-4.06,-0.02,-0.03,-0.41,12096.07,166.0,0.0,0.0,0.0,
1770040024492617843,61922,0.0,1.3,0.0,0.3,0.02,-0.02,0.0,-1.94,-4.06,-0.04,-0.03,-0.44,12097.61,166.0,0.0,0.0,0.0,
1770040024611253494,62039,0.0,1.6,0.004,0.3,0.1,-0.04,0.0,-1.94,-4.06,-0.03,-0.04,-0.41,12097.44,170.0,0.0,0.0,0.0,
1770040024750930956,62157,0.0,1.3,0.0,0.2,-0.29,0.06,0.0,-1.94,-4.06,-0.02,-0.04,-0.42,12095.38,170.0,0.0,0.0,0.0,
1770040024848439489,62274,0.0,1.3,0.0,0.5,-0.02,-0.06,0.0,-1.94,-4.06,-0.04,-0.05,-0.44,12095.55,170.0,0.0,0.0,0.0,
1770040024958807436,62394,0.0,0.2,0.0,0.3,0.1,-0.1,0.0,-1.94,-4.06,-0.03,-0.04,-0.41,12096.24,170.0,0.0,0.0,0.0,
1770040025081533662,62508,0.0,1.0,0.0,1.5,0.04,-0.12,0.0,-1.94,-4.06,-0.04,-0.03,-0.41,12097.1,167.0,0.0,0.0,0.0,
1770040025200104621,62628,0.0,1.2,0.0,0.2,-0.02,-0.08,0.0,-1.94,-4.06,-0.05,-0.01,-0.43,12096.24,169.0,0.0,0.0,0.0,
1770040025302394016,62749,0.0,1.2,0.0,0.0,0.02,-0.14,0.0,-1.94,-4.06,-0.07,-0.05,-0.42,4058.2,169.0,0.0,0.0,0.0,
1770040025420974239,62849,0.0,1.2,0.0,0.4,0.1,0.1,0.0,-1.94,-4.06,-0.1,0.0,-0.54,12097.61,168.0,0.0,0.0,0.0,
1770040025539534436,62967,0.0,1.1,0.0,0.3,0.08,-0.08,0.0,-1.94,-4.06,0.0,-0.02,-0.5,12098.12,170.0,0.0,0.0,0.0,
1770040025758927348,63089,0.0,1.2,0.0,0.3,0.02,0.06,0.0,-1.94,-4.06,0.0,-0.14,-0.36,12096.24,169.0,0.0,0.0,0.0,
1770040025772736387,63207,0.0,1.1,0.0,0.4,-0.02,0.08,0.0,-1.94,-4.06,-0.08,0.03,-0.43,12097.1,169.0,0.0,0.0,0.0,
1770040025891331421,63321,0.0,1.2,0.0,0.2,-0.04,-0.16,0.0,-1.94,-4.06,-0.02,-0.01,-0.44,12096.07,171.0,0.0,0.0,0.0,
1770040026009931821,63439,0.0,0.8,0.0,0.2,0.04,-0.04,0.0,-1.94,-4.0,-0.03,-0.09,-0.4,12096.41,170.0,0.0,0.0,0.0,
1770040026132643587,63558,0.0,1.0,0.0,0.9,0.02,0.04,0.0,-1.94,-4.0,-0.03,-0.07,-0.41,12096.24,170.0,0.0,0.0,0.0,
1770040026251268516,63681,0.0,1.3,0.0,0.8,-0.08,0.02,0.0,-1.94,-4.0,-0.01,-0.01,-0.44,12094.69,170.0,0.0,0.0,0.0,
1770040026373972680,63801,0.0,1.1,0.0,1.6,-0.08,-0.08,0.0,-1.94,-4.0,-0.02,-0.05,-0.42,12097.27,167.0,0.0,0.0,0.0,
1770040026492597775,63922,0.0,1.5,0.0,0.2,0.0,-0.04,0.0,-1.94,-4.0,-0.04,-0.05,-0.43,12096.07,170.0,0.0,0.0,0.0,
1770040026615308450,64041,0.0,1.4,0.0,0.2,-0.1,0.12,0.0,-1.94,-4.0,-0.03,-0.05,-0.43,12095.55,169.0,0.0,0.0,0.0,
1770040026729835963,64165,0.0,0.8,0.0,0.1,0.02,0.04,0.0,-1.94,-4.0,-0.04,-0.03,-0.42,12097.95,169.0,0.0,0.0,0.0,
1770040026848455584,64279,0.0,0.8,0.0,0.5,-0.02,-0.1,0.0,-1.94,-4.0,-0.01,-0.02,-0.42,12096.92,169.0,0.0,0.0,0.0,
1770040026967072893,64397,0.0,0.9,0.0,1.4,-0.12,-0.12,0.0,-1.94,-4.0,-0.04,-0.01,-0.42,12097.1,171.0,0.0,0.0,0.0,
1770040027085704291,64517,0.0,1.0,0.0,0.2,0.0,-0.14,0.0,-1.94,-4.0,-0.04,-0.02,-0.42,12096.07,171.0,0.0,0.0,0.0,
1770040027212522822,64635,0.0,1.5,0.0,1.1,-0.02,-0.14,0.0,-1.94,-4.0,-0.04,-0.04,-0.42,12094.69,168.0,0.0,0.0,0.0,
1770040027327130891,64760,0.0,1.0,0.0,0.2,-0.06,0.02,0.0,-1.94,-4.0,-0.02,-0.04,-0.43,12096.92,168.0,0.0,0.0,0.0,
1770040027451572293,64874,0.0,0.7,0.0,0.5,-0.08,-0.02,0.0,-1.94,-4.0,-0.03,-0.04,-0.42,12097.1,167.0,0.0,0.0,0.0,
1770040027564306241,64993,0.0,0.6,0.0,0.3,-0.04,-0.16,0.0,-1.94,-4.0,-0.04,-0.02,-0.42,12096.92,170.0,0.0,0.0,0.0,
1770040027682977756,65113,0.04,0.2,0.0,1.4,0.02,-0.06,0.0,-1.94,-4.0,-0.03,-0.03,-0.45,12096.92,170.0,0.0,0.0,0.0,
1770040027950955009,65230,0.0,1.2,0.0,1.1,-0.06,0.08,0.0,-1.94,-4.0,-0.01,-0.04,-0.41,12097.78,168.0,0.0,0.0,0.0,
1770040028006158206,65349,0.0,1.0,0.0,0.1,0.14,-0.04,0.0,-1.94,-4.0,-0.05,-0.04,-0.42,12096.92,167.0,0.0,0.0,0.0,
1770040028034777811,65466,0.0,0.4,0.0,0.2,0.04,-0.06,0.0,-1.94,-4.0,-0.05,-0.03,-0.43,12094.87,169.0,0.0,0.0,0.0,
1770040028153395265,65586,0.0,1.0,0.0,0.4,-0.14,-0.12,0.0,-1.94,-4.0,-0.05,-0.02,-0.42,12095.72,169.0,0.0,0.0,0.0,
1770040028272106111,65704,0.0,0.8,0.0,0.5,-0.06,-0.1,0.0,-1.94,-4.0,-0.05,-0.03,-0.45,12098.3,169.0,0.0,0.0,0.0,
1770040028390673733,65820,0.0,0.9,0.0,0.1,0.04,0.08,0.0,-1.94,-4.0,-0.05,-0.03,-0.39,12097.44,170.0,0.0,0.0,0.0,
1770040028534971681,65940,0.0,0.6,0.0,0.5,-0.1,-0.02,0.0,-1.94,-4.0,-0.04,-0.03,-0.42,12095.55,169.0,0.0,0.0,0.0,
1770040028623901494,66059,0.0,1.0,0.0,0.3,0.04,-0.04,0.0,-1.94,-4.0,-0.03,-0.04,-0.43,12096.58,169.0,0.0,0.0,0.0,
1770040028746638020,66172,0.0,1.3,0.0,0.2,-0.02,-0.08,0.0,-1.94,-4.0,-0.04,-0.04,-0.45,12096.07,170.0,0.0,0.0,0.0,
1770040028865280537,66296,0.0,1.3,0.0,0.2,0.12,-0.02,0.0,-1.94,-4.0,-0.04,-0.05,-0.44,12097.27,167.0,0.0,0.0,0.0,
1770040028983922555,66415,0.0,1.3,0.0,1.1,-0.04,0.12,0.0,-1.94,-4.0,-0.01,-0.01,-0.44,12093.66,169.0,0.0,0.0,0.0,
1770040029102582778,66534,0.0,1.1,0.0,0.4,0.0,-0.1,0.0,-1.94,-4.0,-0.02,-0.04,-0.42,12094.69,168.0,0.0,0.0,0.0,
1770040029213053840,66652,0.0,0.3,0.0,0.4,0.1,-0.1,0.0,-1.94,-4.0,-0.02,-0.04,-0.44,12095.72,168.0,0.0,0.0,0.0,
1770040029339908235,66762,0.0,1.2,0.0,0.5,-0.12,-0.14,0.0,-1.94,-4.0,0.0,-0.04,-0.44,12096.92,166.0,0.0,0.0,0.0,
1770040029458484860,66891,0.0,1.3,0.0,0.2,-0.04,0.0,0.0,-1.94,-4.0,-0.04,-0.02,-0.42,12095.04,166.0,0.0,0.0,0.0,
1770040029577202373,67011,0.0,1.0,0.0,0.2,0.06,-0.08,0.0,-1.94,-4.0,-0.01,-0.04,-0.4,12096.75,169.0,0.0,0.0,0.0,
1770040029691755398,67130,0.0,1.2,0.0,0.6,-0.08,-0.16,0.0,-1.94,-4.0,-0.03,-0.04,-0.42,12097.95,169.0,0.0,0.0,0.0,
1770040029806307370,67243,0.0,1.3,0.0,0.5,0.06,-0.1,0.0,-1.94,-4.0,-0.02,-0.04,-0.42,12097.27,170.0,0.0,0.0,0.0,
1770040029954932059,67359,0.0,1.1,0.0,0.2,-0.1,-0.1,0.0,-1.94,-4.0,-0.03,-0.05,-0.4,12097.1,170.0,0.0,0.0,0.0,
1770040030047722124,67480,0.0,1.4,0.0,0.4,0.0,-0.14,0.0,-1.94,-4.0,-0.03,-0.04,-0.41,12093.84,168.0,0.0,0.0,0.0,
1770040030162314085,67599,0.0,0.6,0.0,0.2,0.08,0.04,0.0,-1.94,-4.0,-0.02,-0.02,-0.41,12095.55,168.0,0.0,0.0,0.0,
1770040030280924232,67713,0.0,0.7,0.0,0.5,-0.1,0.04,0.0,-1.94,-4.0,-0.03,-0.03,-0.41,12096.41,169.0,0.0,0.0,0.0,
1770040030403671133,67831,0.0,1.0,0.0,0.4,0.0,-0.1,0.0,-1.94,-4.0,-0.06,-0.05,-0.43,12096.75,166.0,0.0,0.0,0.0,
1770040030524201055,67953,0.0,0.8,0.0,0.3,-0.02,0.0,0.0,-1.94,-4.0,-0.02,-0.01,-0.41,12094.18,166.0,0.0,0.0,0.0,
1770040030642905442,68068,10.856,3.1,9.54,1.1,-0.04,-0.06,0.0,-1.94,-4.0,-0.03,-0.01,-0.41,12094.69,168.0,0.0,0.0,0.0,
1770040030755597202,68187,10.904,4.5,9.524,0.5,-0.1,-0.08,0.0,-1.94,-4.0,-0.05,-0.03,-0.42,12095.21,168.0,0.0,0.0,0.0,
1770040030874267179,68305,9.052,5.1,10.888,-0.3,-0.12,-0.1,0.0,-1.94,-4.0,-0.04,-0.03,-0.41,12096.58,169.0,0.0,0.0,0.0,
1770040030997006846,68425,9.324,4.1,10.892,-0.2,0.08,-0.1,0.0,-1.94,-4.0,-0.02,-0.01,-0.42,12093.84,169.0,0.0,0.0,0.0,
1770040031111591674,68549,9.236,4.4,10.888,-0.1,0.02,-0.14,0.0,-1.94,-4.0,-0.02,-0.04,-0.42,12096.75,169.0,0.0,0.0,0.0,
1770040031226140471,68663,9.34,4.2,9.58,1.2,-0.02,-0.02,0.0,-1.94,-4.0,0.0,-0.06,-0.41,12096.75,169.0,0.0,0.0,0.0,
1770040031348893926,68779,9.156,4.9,10.888,0.1,-0.06,-0.06,0.0,-1.94,-4.0,-0.03,-0.05,-0.41,12094.69,166.0,0.0,0.0,0.0,
1770040031455263357,68899,9.12,4.8,10.896,0.0,-0.16,-0.08,0.0,-1.94,-4.0,-0.05,-0.05,-0.4,11181.8,166.0,0.0,0.0,0.0,
1770040031573962947,69009,9.032,4.8,9.668,0.7,0.0,0.04,-0.06,-1.94,-4.0,0.09,-0.03,-0.83,12096.92,170.0,0.0,0.0,0.0,
1770040031692655674,69128,9.22,4.1,10.884,0.1,-0.06,-0.02,0.0,-1.94,-3.94,-0.04,-0.17,-0.35,12095.04,167.0,0.0,0.0,0.0,
1770040031811331212,69244,9.284,4.1,10.892,0.3,-0.04,-0.12,0.0,-1.94,-4.0,-0.05,-0.14,-0.32,12096.07,170.0,0.0,0.0,0.0,
1770040031921877708,69364,9.232,3.9,10.888,0.1,-0.14,-0.02,0.0,-1.94,-4.0,-0.01,-0.02,-0.41,12094.18,170.0,0.0,0.0,0.0,
1770040032186930612,69475,10.596,4.9,10.9,0.9,-0.06,-0.14,0.0,-1.94,-4.0,-0.01,-0.03,-0.41,12096.07,169.0,0.0,0.0,0.0,
1770040032257374923,69599,9.24,4.0,10.888,0.0,-0.12,-0.14,0.0,-1.94,-4.0,-0.03,-0.03,-0.42,12092.29,168.0,0.0,0.0,0.0,
1770040032290118804,69719,9.232,3.9,10.884,0.2,0.02,-0.16,0.0,-1.94,-4.0,-0.04,0.0,-0.42,12094.87,169.0,0.0,0.0,0.0,
1770040032404660976,69843,9.236,4.0,10.892,0.0,-0.02,-0.21,0.0,-1.94,-4.0,-0.04,-0.03,-0.45,12095.72,169.0,0.0,0.0,0.0,
1770040032523423753,69956,9.304,4.6,9.56,1.2,-0.12,-0.06,0.0,-1.94,-4.0,-0.04,-0.03,-0.42,12097.1,168.0,0.0,0.0,0.0,
1770040032750985289,70078,9.148,4.8,10.888,-0.1,0.0,-0.06,0.0,-1.94,-4.0,-0.03,-0.03,-0.41,12097.78,172.0,0.0,0.0,0.0,
1770040032761744090,70197,9.1,4.8,10.9,0.0,0.02,0.04,0.0,-1.94,-4.0,-0.03,-0.03,-0.43,12098.64,168.0,0.0,0.0,0.0,
1770040032883498681,70316,9.064,5.0,10.9,-0.1,0.0,-0.04,0.0,-1.94,-4.0,-0.04,-0.03,-0.42,12095.72,170.0,0.0,0.0,0.0,
1770040032998071919,70435,9.168,5.0,10.896,0.0,0.02,-0.08,0.0,-1.94,-4.0,-0.02,-0.03,-0.41,12097.95,170.0,0.0,0.0,0.0,
1770040033116730222,70550,9.148,4.8,10.9,0.2,0.08,-0.06,0.0,-1.94,-4.0,-0.04,-0.03,-0.47,12094.87,169.0,0.0,0.0,0.0,
1770040033245463758,70672,9.152,4.6,10.892,-0.1,0.0,-0.1,0.0,-1.94,-4.0,-0.04,-0.01,-0.43,12095.04,170.0,0.0,0.0,0.0,
1770040033349993648,70791,9.1,4.7,10.892,-0.1,0.02,-0.02,0.0,-1.94,-4.0,-0.03,-0.03,-0.42,12096.41,170.0,0.0,0.0,0.0,
1770040033468720322,70904,10.928,4.5,9.712,0.7,0.04,-0.1,0.0,-1.94,-4.0,-0.03,-0.04,-0.42,12096.75,169.0,0.0,0.0,0.0,
1770040033591487487,71023,10.932,4.1,10.884,0.0,0.06,-0.04,0.0,-1.94,-4.0,-0.02,-0.04,-0.42,12097.1,169.0,0.0,0.0,0.0,
1770040033710162371,71146,9.232,3.7,10.896,0.2,0.1,-0.02,0.0,-1.94,-4.0,-0.04,-0.03,-0.42,12096.24,168.0,0.0,0.0,0.0,
1770040033832939103,71265,9.22,4.1,10.892,0.0,-0.02,-0.1,0.0,-1.94,-4.0,-0.03,-0.03,-0.42,12097.27,171.0,0.0,0.0,0.0,
1770040034046949167,71385,9.304,4.0,10.9,0.0,0.06,-0.16,0.0,-1.94,-4.0,-0.03,-0.04,-0.41,12096.75,171.0,0.0,0.0,0.0,
1770040034066224489,71498,9.244,4.1,10.668,-0.1,0.1,-0.04,0.0,-1.94,-4.0,-0.03,-0.03,-0.45,12098.98,169.0,0.0,0.0,0.0,
1770040034189003179,71618,9.156,4.7,10.424,0.9,-0.02,-0.06,0.0,-1.94,-4.0,-0.04,-0.03,-0.43,12097.95,173.0,0.0,0.0,0.0,
1770040034299482126,71741,9.224,3.9,10.896,-0.1,0.04,-0.02,0.0,-1.94,-4.0,-0.04,-0.03,-0.43,12097.44,173.0,0.0,0.0,0.0,
1770040034418133355,71855,9.232,4.0,9.584,1.0,-0.02,-0.04,0.0,-1.94,-4.0,-0.04,-0.03,-0.43,12098.3,171.0,0.0,0.0,0.0,
1770040034536824960,71973,9.056,4.7,10.888,0.0,0.18,-0.1,0.0,-1.94,-4.0,-0.03,-0.03,-0.43,12097.27,171.0,0.0,0.0,0.0,
1770040034659598986,72092,9.08,4.9,10.892,0.1,-0.18,-0.02,0.0,-1.94,-4.0,-0.04,-0.03,-0.45,12095.89,167.0,0.0,0.0,0.0,
1770040034782418865,72215,9.224,4.8,10.888,-0.1,-0.02,0.25,0.0,-1.94,-4.0,-0.03,-0.03,-0.43,12096.75,169.0,0.0,0.0,0.0,
1770040034902972535,72335,10.196,5.4,10.876,0.2,0.04,0.51,0.0,-1.94,-4.0,-0.05,-0.03,-0.42,12097.1,169.0,0.0,0.0,0.0,
1770040035015727780,72449,10.908,6.5,10.884,-0.2,-0.12,0.35,0.0,-1.94,-4.0,-0.06,-0.03,-0.42,12096.58,171.0,0.0,0.0,0.0,
1770040035134391988,72567,10.904,5.3,10.888,0.1,-0.02,0.39,0.0,-1.94,-4.0,-0.03,-0.03,-0.44,12097.78,171.0,0.0,0.0,0.0,
1770040035265369873,72687,9.684,6.5,10.884,0.0,0.12,0.27,0.0,-1.94,-4.0,-0.05,-0.01,-0.44,12096.75,171.0,0.0,0.0,0.0,
1770040035383985081,72820,10.896,6.0,10.872,0.0,0.02,0.41,0.0,-1.94,-4.0,-0.03,-0.02,-0.43,12098.47,172.0,0.0,0.0,0.0,
1770040035506794071,72940,9.328,5.3,10.868,0.0,-0.06,0.37,0.0,-1.94,-4.0,-0.04,-0.02,-0.43,12097.27,168.0,0.0,0.0,0.0,
1770040035625519177,73061,9.1,6.2,10.864,0.0,0.1,0.33,0.0,-1.94,-4.0,-0.04,-0.03,-0.4,12095.04,169.0,0.0,0.0,0.0,
1770040035748282793,73181,9.076,6.3,10.884,0.0,0.02,0.29,0.0,-1.94,-4.0,-0.04,-0.06,-0.43,12097.1,172.0,0.0,0.0,0.0,
1770040036078933334,73305,9.308,5.5,10.88,0.1,0.06,0.39,0.0,-1.94,-4.0,-0.03,-0.04,-0.41,12097.95,172.0,0.0,0.0,0.0,
1770040036100304971,73418,9.164,6.2,10.884,-0.1,0.04,0.45,0.0,-1.94,-4.0,-0.04,-0.03,-0.42,12096.92,168.0,0.0,0.0,0.0,
1770040036111504011,73535,9.448,5.9,10.88,0.0,0.04,0.53,0.0,-1.94,-4.0,-0.03,-0.01,-0.41,12096.41,170.0,0.0,0.0,0.0,
1770040036219002086,73655,9.236,5.3,9.592,0.1,0.02,0.47,0.0,-1.94,-4.0,-0.03,-0.04,-0.4,12097.1,171.0,0.0,0.0,0.0,
1770040036333573257,73772,9.24,5.0,10.888,0.0,0.06,0.33,0.0,-1.94,-4.0,-0.03,-0.03,-0.42,12096.07,171.0,0.0,0.0,0.0,
1770040036452236452,73887,9.12,5.8,10.888,0.1,0.02,0.31,0.0,-1.94,-4.0,-0.04,-0.01,-0.44,12096.07,168.0,0.0,0.0,0.0,
1770040036570942321,74008,9.26,5.0,10.892,0.1,-0.06,0.27,0.0,-1.94,-4.0,-0.05,-0.04,-0.43,12096.58,172.0,0.0,0.0,0.0,
1770040036782938583,74124,9.348,5.1,10.892,-0.2,-0.1,0.21,0.0,-1.94,-4.0,-0.02,-0.03,-0.43,12096.24,169.0,0.0,0.0,0.0,
1770040036804282925,74243,9.34,4.0,9.624,0.4,0.0,-0.04,0.0,-1.94,-4.0,-0.02,-0.02,-0.43,12097.44,169.0,0.0,0.0,0.0,
1770040036922967717,74357,9.164,4.9,10.888,0.0,0.02,-0.04,0.0,-1.94,-4.0,-0.01,-0.04,-0.41,12098.47,172.0,0.0,0.0,0.0,
1770040037041660807,74476,9.172,5.0,10.888,-0.1,-0.06,0.23,0.0,-1.94,-4.0,-0.03,-0.03,-0.42,12095.04,170.0,0.0,0.0,0.0,
1770040037160353610,74596,9.328,4.9,9.648,1.3,0.06,0.31,0.0,-1.94,-4.0,-0.04,-0.03,-0.44,12098.47,169.0,0.0,0.0,0.0,
1770040037274953571,74716,9.116,5.9,10.88,-0.1,0.06,0.31,0.0,-1.94,-4.0,-0.03,-0.03,-0.41,12098.98,169.0,0.0,0.0,0.0,
1770040037397725781,74829,9.112,5.7,10.884,0.0,-0.02,0.14,0.0,-1.94,-4.0,-0.04,-0.04,-0.42,12095.04,168.0,0.0,0.0,0.0,
1770040037516411737,74952,9.284,5.2,10.888,0.0,0.0,0.35,0.0,-1.94,-4.0,-0.04,-0.01,-0.42,12094.52,169.0,0.0,0.0,0.0,
1770040037730927838,75071,10.436,4.9,10.464,0.4,-0.06,0.27,0.0,-1.94,-4.0,-0.03,-0.04,-0.42,12095.04,170.0,0.0,0.0,0.0,
1770040037749773786,75189,9.108,6.0,10.896,0.0,-0.12,0.14,0.0,-1.94,-4.0,-0.04,-0.03,-0.42,12096.75,170.0,0.0,0.0,0.0,
1770040037868444271,75303,9.096,5.5,10.9,0.1,0.04,0.39,0.0,-1.94,-4.0,-0.03,-0.04,-0.43,12095.89,170.0,0.0,0.0,0.0,
1770040037987095955,75424,9.236,5.2,9.608,0.2,0.02,0.27,0.0,-1.94,-4.0,-0.03,-0.03,-0.42,12094.01,171.0,0.0,0.0,0.0,
1770040038109941382,75544,10.892,5.2,10.892,-0.1,-0.12,0.29,0.0,-1.94,-4.0,-0.03,-0.02,-0.44,12096.24,170.0,0.0,0.0,0.0,
1770040038232733932,75665,9.252,5.2,10.896,-0.2,0.0,0.29,0.0,-1.94,-4.0,-0.03,-0.01,-0.42,12096.92,170.0,0.0,0.0,0.0,
1770040038351427173,75787,9.12,4.9,9.712,0.1,-0.06,0.31,0.0,-1.94,-4.0,-0.04,-0.02,-0.42,12096.24,171.0,0.0,0.0,0.0,
1770040038478274838,75908,9.108,5.9,10.888,0.3,0.08,0.16,0.0,-1.94,-4.0,-0.04,-0.03,-0.44,12096.41,171.0,0.0,0.0,0.0,
1770040038592919497,76032,9.264,5.4,10.88,0.0,0.06,0.27,0.0,-1.94,-4.0,-0.05,-0.02,-0.41,12095.04,171.0,0.0,0.0,0.0,
1770040038810932798,76150,9.32,5.3,10.9,-0.1,0.0,0.29,0.0,-1.94,-4.0,-0.05,-0.03,-0.42,12096.41,171.0,0.0,0.0,0.0,
1770040038826243888,76264,10.9,6.2,10.876,0.1,-0.02,0.29,0.0,-1.94,-4.0,-0.05,-0.01,-0.43,12096.58,168.0,0.0,0.0,0.0,
1770040038949036715,76382,9.172,5.7,10.892,0.0,-0.08,0.27,0.0,-1.94,-4.0,-0.03,-0.04,-0.41,12096.24,168.0,0.0,0.0,0.0,
1770040039067727796,76504,9.256,5.2,10.896,0.4,0.1,0.29,0.0,-1.94,-4.0,-0.04,-0.02,-0.42,12096.24,167.0,0.0,0.0,0.0,
1770040039182377944,76624,9.128,6.1,10.888,0.0,0.02,0.35,0.0,-1.94,-4.0,-0.04,-0.03,-0.43,12095.89,167.0,0.0,0.0,0.0,
1770040039301022351,76739,9.352,5.2,10.88,0.0,0.02,0.41,0.0,-1.94,-4.0,-0.02,-0.03,-0.42,12097.27,168.0,0.0,0.0,0.0,
1770040039423835793,76858,9.26,4.9,10.888,0.2,-0.04,0.27,0.0,-1.94,-4.0,-0.03,-0.02,-0.44,12098.12,171.0,0.0,0.0,0.0,
1770040039642931081,76979,9.212,5.7,10.884,-0.1,-0.08,0.21,0.0,-1.94,-4.0,-0.03,-0.03,-0.42,12094.35,169.0,0.0,0.0,0.0,
1770040039661249488,77102,9.344,4.8,10.54,0.1,0.02,0.27,0.0,-1.94,-4.0,-0.04,-0.01,-0.42,12097.95,169.0,0.0,0.0,0.0,
1770040039779950266,77215,9.224,5.9,10.888,0.0,0.02,0.2,0.0,-1.94,-4.0,-0.05,-0.05,-0.43,12096.92,170.0,0.0,0.0,0.0,
1770040039898647898,77334,10.896,5.2,10.884,0.7,-0.08,0.35,0.0,-1.94,-4.0,-0.03,-0.03,-0.42,12098.3,169.0,0.0,0.0,0.0,
1770040040017349341,77454,9.512,5.2,10.888,-0.1,0.18,0.25,0.0,-1.94,-4.0,-0.03,-0.03,-0.44,12097.78,167.0,0.0,0.0,0.0,
1770040040150174237,77575,9.284,4.9,10.884,0.0,-0.06,0.29,0.0,-1.94,-4.0,-0.05,-0.03,-0.42,12096.41,170.0,0.0,0.0,0.0,
1770040040254746148,77698,9.332,5.4,9.636,0.7,-0.02,0.31,0.0,-1.94,-4.0,-0.02,-0.04,-0.42,12096.24,170.0,0.0,0.0,0.0,
1770040040373471803,77811,9.18,5.5,10.884,0.2,0.02,0.33,0.0,-1.94,-4.0,-0.02,-0.03,-0.44,12095.55,171.0,0.0,0.0,0.0,
1770040040496222198,77930,10.908,5.8,10.888,0.1,-0.04,0.35,0.0,-1.94,-4.0,-0.04,-0.02,-0.42,12096.58,170.0,0.0,0.0,0.0,
1770040040610848863,78050,9.192,5.9,10.892,0.1,0.04,0.31,0.0,-1.94,-4.0,-0.03,-0.03,-0.41,12096.92,170.0,0.0,0.0,0.0,
1770040040826927812,78168,9.212,5.6,9.724,0.7,0.0,0.21,0.0,-1.94,-4.0,-0.05,-0.03,-0.43,12097.78,170.0,0.0,0.0,0.0,
1770040040852393647,78287,9.148,6.1,10.888,0.1,-0.02,0.33,0.0,-1.94,-4.0,-0.03,-0.03,-0.42,12097.44,167.0,0.0,0.0,0.0,
1770040040971095854,78406,9.368,5.5,10.9,0.2,-0.08,0.33,0.0,-1.94,-4.0,-0.04,-0.02,-0.42,12096.92,167.0,0.0,0.0,0.0,
1770040041089793484,78526,9.224,6.3,10.88,0.1,0.0,0.39,0.0,-1.94,-4.0,-0.01,-0.03,-0.44,12095.21,169.0,0.0,0.0,0.0,
1770040041212608226,78646,10.888,4.9,10.892,0.1,0.08,0.18,0.0,-1.94,-4.0,-0.03,-0.03,-0.41,12098.47,169.0,0.0,0.0,0.0,
1770040041331318100,78769,9.368,4.8,10.892,0.3,-0.04,0.23,0.0,-1.94,-4.0,-0.05,-0.04,-0.39,12097.44,167.0,0.0,0.0,0.0,
1770040041454066568,78888,9.172,5.8,10.892,0.0,-0.14,0.23,0.0,-1.94,-4.0,-0.01,-0.01,-0.42,12097.27,171.0,0.0,0.0,0.0,
1770040041572776312,79008,9.344,4.2,10.9,0.0,-0.1,0.04,0.0,-1.94,-4.0,-0.04,-0.04,-0.42,12096.41,170.0,0.0,0.0,0.0,
1770040041691538723,79128,10.796,4.4,9.748,0.7,0.1,0.04,0.0,-1.94,-4.0,-0.02,-0.04,-0.42,12096.07,170.0,0.0,0.0,0.0,
1770040041910942950,79246,10.912,4.2,10.888,0.1,0.0,0.0,0.0,-1.94,-4.0,-0.04,-0.03,-0.42,12096.41,169.0,0.0,0.0,0.0,
1770040041928996180,79365,9.276,5.0,10.888,0.1,-0.04,0.02,0.0,-1.94,-4.0,-0.03,-0.03,-0.42,12094.18,169.0,0.0,0.0,0.0,
1770040042047751255,79484,9.184,4.0,9.72,0.1,-0.02,-0.12,0.0,-1.94,-4.0,-0.05,-0.03,-0.42,12092.29,171.0,0.0,0.0,0.0,
1770040042162537509,79604,9.384,4.1,10.896,0.0,-0.02,-0.06,0.0,-1.94,-4.0,-0.02,-0.02,-0.43,12094.69,171.0,0.0,0.0,0.0,
1770040042285525279,79719,9.308,4.4,9.644,1.2,-0.12,0.02,0.0,-1.94,-4.0,-0.04,-0.02,-0.42,12096.07,169.0,0.0,0.0,0.0,
1770040042404411151,79841,9.356,4.5,10.884,0.3,-0.02,0.31,0.0,-1.94,-4.0,-0.03,-0.03,-0.43,12094.87,173.0,0.0,0.0,0.0,
1770040042523237769,79960,9.344,4.9,10.888,-0.2,0.04,0.21,0.0,-1.94,-4.0,-0.02,-0.02,-0.42,12094.69,170.0,0.0,0.0,0.0,
1770040042638054474,80079,9.208,5.5,10.888,0.0,-0.04,0.23,0.0,-1.94,-4.0,-0.03,-0.03,-0.42,12096.41,170.0,0.0,0.0,0.0,
1770040042761048768,80194,9.208,5.2,9.632,1.2,0.1,0.35,0.0,-1.94,-4.0,-0.04,-0.02,-0.46,12097.1,168.0,0.0,0.0,0.0,
1770040042879913104,80315,9.252,5.5,10.888,0.2,0.04,0.33,0.0,-1.94,-4.0,-0.06,-0.04,-0.41,12094.69,168.0,0.0,0.0,0.0,
1770040042998803220,80434,9.256,6.0,10.888,0.0,-0.02,0.23,0.0,-1.94,-4.0,-0.04,-0.02,-0.43,12094.87,170.0,0.0,0.0,0.0,
1770040043113565271,80553,9.2,5.7,10.896,0.1,-0.14,0.35,0.0,-1.94,-4.0,-0.03,-0.03,-0.44,12096.24,170.0,0.0,0.0,0.0,
1770040043232438754,80668,9.296,4.5,10.896,-0.2,0.04,0.25,0.0,-1.94,-4.0,-0.03,-0.03,-0.38,12097.44,168.0,0.0,0.0,0.0,
1770040043355379841,80787,9.316,5.1,10.888,0.3,0.04,0.12,0.0,-1.94,-4.0,-0.05,-0.02,-0.42,12097.27,170.0,0.0,0.0,0.0,
1770040043474228120,80910,9.196,5.5,10.024,0.7,0.02,0.2,0.0,-1.94,-4.0,-0.03,-0.03,-0.42,12097.44,168.0,0.0,0.0,0.0,
1770040043589080886,81030,9.34,4.8,10.88,0.0,0.02,0.29,0.0,-1.94,-4.0,-0.04,-0.02,-0.44,12096.75,168.0,0.0,0.0,0.0,
1770040043707922642,81143,9.176,5.6,10.892,1.2,0.0,0.31,0.0,-1.94,-4.0,-0.02,-0.03,-0.4,12098.12,170.0,0.0,0.0,0.0,
1770040044058942761,81262,9.284,4.8,10.892,0.1,0.04,0.1,0.0,-1.94,-4.0,-0.03,-0.03,-0.41,12095.89,172.0,0.0,0.0,0.0,
1770040044070496497,81385,9.24,5.6,9.704,0.8,-0.06,0.16,0.0,-1.94,-4.0,-0.05,-0.01,-0.42,12092.46,167.0,0.0,0.0,0.0,
1770040044081593138,81504,9.244,6.0,9.704,0.9,0.1,0.29,0.0,-1.94,-4.0,-0.02,-0.02,-0.42,12096.24,167.0,0.0,0.0,0.0,
1770040044187483492,81617,9.192,5.6,10.876,0.0,0.02,0.21,0.0,-1.94,-4.0,-0.04,-0.03,-0.43,12096.75,170.0,0.0,0.0,0.0,
1770040044310454526,81742,9.176,5.6,10.88,0.3,-0.1,0.2,0.0,-1.94,-4.0,-0.04,-0.02,-0.41,12094.87,168.0,0.0,0.0,0.0,
1770040044433369743,81863,9.296,4.8,10.404,1.2,0.02,0.2,0.0,-1.94,-4.0,-0.03,-0.02,-0.42,12095.55,169.0,0.0,0.0,0.0,
1770040044544074455,81986,9.328,5.0,10.888,0.3,0.02,0.2,0.0,-1.94,-4.0,-0.04,-0.02,-0.42,12098.47,169.0,0.0,0.0,0.0,
1770040044670932685,82099,9.18,5.8,10.876,0.2,0.06,0.18,0.0,-1.94,-4.0,-0.03,-0.04,-0.42,12097.44,169.0,0.0,0.0,0.0,
1770040044785869165,82220,10.908,5.8,10.888,0.1,0.0,0.21,0.0,-1.94,-4.0,-0.01,-0.06,-0.47,12095.55,169.0,0.0,0.0,0.0,
1770040044908854171,82340,9.36,4.8,10.672,0.1,-0.04,0.27,0.0,-1.94,-4.0,-0.04,-0.04,-0.43,12097.1,169.0,0.0,0.0,0.0,
1770040045023607957,82463,9.364,5.2,10.892,0.0,-0.1,0.2,0.0,-1.94,-4.0,-0.04,-0.03,-0.44,12098.3,169.0,0.0,0.0,0.0,
1770040045142473572,82578,9.296,4.8,10.82,1.0,-0.02,0.2,0.0,-1.94,-4.0,-0.02,-0.03,-0.43,12098.3,168.0,0.0,0.0,0.0,
1770040045265433946,82697,9.272,4.4,9.604,-0.1,-0.02,0.2,0.0,-1.94,-4.0,-0.03,-0.03,-0.43,12095.38,169.0,0.0,0.0,0.0,
1770040045384274583,82817,9.356,4.7,10.892,0.1,0.06,0.27,0.0,-1.94,-4.0,-0.04,-0.03,-0.42,12095.89,168.0,0.0,0.0,0.0,
1770040045503128524,82937,9.204,5.5,9.876,0.0,0.04,0.31,0.0,-1.94,-4.0,-0.03,-0.02,-0.43,12097.95,168.0,0.0,0.0,0.0,
1770040045718963126,83055,9.36,5.2,9.616,0.1,-0.1,0.23,0.0,-1.94,-4.0,-0.05,-0.03,-0.42,12096.58,171.0,0.0,0.0,0.0,
1770040045740878990,83175,9.228,5.5,9.692,0.8,0.02,0.23,0.0,-1.94,-4.0,-0.02,-0.03,-0.44,12095.55,168.0,0.0,0.0,0.0,
1770040045859700281,83294,10.692,4.8,10.888,0.0,0.08,0.23,0.0,-1.94,-4.0,-0.03,-0.03,-0.43,12096.58,168.0,0.0,0.0,0.0,
1770040045978557873,83412,9.284,5.0,9.588,1.1,0.04,0.16,0.0,-1.94,-4.0,-0.04,-0.03,-0.42,12099.5,168.0,0.0,0.0,0.0,
1770040046097406608,83529,9.364,5.0,10.888,0.0,0.02,0.27,0.0,-1.94,-4.0,-0.02,-0.03,-0.43,12097.44,171.0,0.0,0.0,0.0,
1770040046216263335,83650,9.276,4.9,10.88,-0.1,-0.12,0.21,0.0,-1.94,-4.0,-0.04,-0.02,-0.42,12097.27,169.0,0.0,0.0,0.0,
1770040046335117079,83769,10.88,5.4,9.58,0.1,0.02,0.27,0.0,-1.94,-4.0,-0.04,-0.02,-0.42,12093.66,169.0,0.0,0.0,0.0,
1770040046449843334,83888,9.22,5.7,10.88,0.0,-0.16,0.06,0.0,-1.94,-4.0,-0.04,-0.03,-0.42,12094.18,169.0,0.0,0.0,0.0,
1770040046572779689,84001,9.228,5.5,10.88,-0.1,-0.18,0.06,0.0,-1.94,-4.0,-0.04,-0.04,-0.4,12096.41,168.0,0.0,0.0,0.0,
1770040046691645255,84123,9.208,6.0,10.88,-0.2,-0.23,0.29,0.0,-1.94,-4.0,-0.04,-0.02,-0.44,12095.89,167.0,0.0,0.0,0.0,
1770040046902927329,84242,9.112,5.5,10.832,-0.2,-0.18,0.21,0.0,-1.94,-4.0,-0.04,-0.03,-0.46,12095.04,168.0,0.0,0.0,0.0,
1770040046925253343,84362,9.208,5.5,10.888,-0.1,-0.14,0.23,0.0,-1.94,-4.0,0.0,-0.03,-0.43,12097.44,168.0,0.0,0.0,0.0,
1770040047048172455,84476,9.124,5.0,10.868,0.0,-0.18,0.29,0.0,-1.94,-4.0,0.0,-0.03,-0.42,12097.61,168.0,0.0,0.0,0.0,
1770040047171100402,84597,10.9,5.4,10.86,0.1,-0.1,0.2,0.0,-1.94,-4.0,-0.04,-0.03,-0.41,12096.92,168.0,0.0,0.0,0.0,
1770040047294087639,84723,9.212,5.4,10.9,0.2,-0.06,0.33,0.0,-1.94,-4.0,-0.02,-0.02,-0.41,12096.58,168.0,0.0,0.0,0.0,
1770040047412876550,84844,9.156,5.6,10.78,0.8,0.08,0.21,0.0,-1.94,-4.0,-0.03,-0.02,-0.46,12096.75,170.0,0.0,0.0,0.0,
1770040047527638205,84965,10.876,12.3,10.868,0.3,0.08,0.82,0.0,-1.94,-4.0,-0.02,-0.03,-0.42,12094.35,170.0,0.0,2.24,0.0,0.0
1770040047662982686,85080,10.852,43.4,10.588,-1.6,0.08,2.42,0.0,-1.94,-4.0,-0.16,-0.07,-0.42,12091.09,171.0,0.0,6.96,0.0,0.0
1770040047773526209,85202,10.724,44.8,10.216,-1.5,0.04,1.41,-0.12,-1.94,-4.06,1.94,0.17,-1.11,12068.63,170.0,0.0,21.22,0.0,0.0
1770040047892362756,85322,9.976,75.0,10.824,1.5,0.08,1.89,-0.63,-1.88,-4.06,-0.03,-0.07,-0.48,12057.31,169.0,0.0,29.01,0.0,0.0
1770040048007108432,85443,10.756,82.3,10.756,-3.1,0.76,1.6,-1.56,-1.88,-4.19,0.01,0.17,-0.46,12050.1,169.0,0.73,35.88,0.0,0.0
1770040048130035898,85558,8.884,67.1,10.668,-5.0,0.35,1.8,-2.88,-1.81,-4.31,-0.13,0.32,-0.56,12041.36,172.0,6.96,36.88,0.0,0.0
1770040048252987985,85682,10.148,79.5,10.792,-7.4,0.61,1.56,-4.31,-1.69,-4.44,0.01,0.06,-0.72,12048.56,170.0,2.74,37.65,0.0,0.0
1770040048371803983,85801,9.636,74.6,10.76,-16.7,1.43,1.45,-5.94,-1.56,-4.5,0.12,0.02,-0.59,12039.47,169.0,6.21,38.65,0.0,0.0
1770040048486519814,85922,9.732,85.5,10.724,-21.2,1.39,1.76,-7.44,-1.5,-4.5,0.41,0.08,-0.55,12026.95,169.0,11.92,43.22,0.0,0.0
1770040048702927983,86037,10.544,67.1,10.176,-33.1,0.96,1.7,-8.69,-1.44,-4.5,0.22,-0.13,-0.26,12019.75,171.0,19.49,43.15,0.0,0.0
1770040048732403739,86158,9.104,93.7,10.28,-45.5,1.27,1.46,-9.5,-1.37,-4.56,0.35,0.05,-0.3,12008.77,172.0,26.92,42.79,0.0,0.0
1770040048855327073,86283,10.44,119.6,10.252,-48.6,1.91,1.68,-10.25,-1.37,-4.56,0.16,-0.19,-0.57,12005.86,174.0,29.88,42.1,0.0,0.0
1770040048970073085,86404,10.748,98.6,10.152,-57.5,1.45,2.29,-10.81,-1.37,-4.44,-0.09,0.42,-0.21,11989.05,174.0,41.74,44.67,0.0,0.0
1770040049093001721,86518,9.816,86.9,9.716,-95.0,2.27,2.25,-10.94,-1.37,-4.44,0.29,-0.75,0.07,11966.07,174.0,55.45,47.92,0.0,0.0
1770040049215927246,86641,10.156,89.5,10.72,-75.3,2.13,2.11,-10.69,-1.5,-4.31,-0.23,-0.01,-0.13,11956.98,169.0,61.05,51.22,0.0,0.0
1770040049338881523,86765,9.948,65.9,10.744,-86.7,1.31,2.01,-10.31,-1.37,-4.31,-0.14,-0.23,-0.38,11946.69,171.0,61.97,57.93,0.0,0.0
1770040049453558332,86887,10.7,91.4,10.64,-107.1,1.43,1.66,-10.31,-1.31,-4.31,-0.18,-0.57,-0.69,11943.95,171.0,62.24,63.7,0.0,0.0
1770040049572409074,87002,9.792,101.2,10.156,-71.4,2.01,1.5,-10.75,-1.19,-4.31,1.18,-0.07,-1.24,11939.83,172.0,61.24,65.42,0.0,0.0
1770040049698939598,87120,8.948,72.8,10.252,-103.6,1.13,1.39,-11.13,-1.25,-4.31,-0.41,0.33,-0.18,11937.26,171.0,61.56,65.81,0.0,0.0
1770040049818260216,87244,10.36,76.2,10.656,-91.8,1.29,1.54,-11.44,-1.19,-4.5,-0.37,-0.29,-0.23,11944.12,170.0,61.3,63.32,0.0,0.0
1770040049941193706,87366,10.404,119.7,10.0,-107.8,1.39,1.37,-11.5,-1.19,-4.5,0.2,-0.46,-0.24,11948.75,172.0,60.74,58.67,0.0,0.0
1770040050039526108,87489,10.48,105.3,10.564,-72.2,1.64,1.5,-11.5,-1.19,-4.5,-0.9,-0.04,-0.11,164.3,172.0,63.15,59.33,0.0,0.0
1770040050141960497,87588,10.308,69.3,10.424,-79.7,1.76,1.21,-11.5,-1.25,-4.38,0.25,-0.25,-0.15,163.78,172.0,61.69,58.36,0.0,0.0
1770040050240310107,87689,10.7,93.0,9.284,-91.8,1.11,1.88,-11.19,-1.19,-4.19,-0.09,-0.17,-0.41,163.78,172.0,65.76,59.34,0.0,2.0
1770040050363234727,87789,9.792,68.2,10.608,-58.2,1.6,1.31,-11.06,-1.12,-4.25,1.13,0.66,-1.01,11941.89,171.0,63.4,61.92,0.0,2.0
1770040050482014009,87910,9.66,69.3,10.788,-55.3,1.17,1.27,-11.25,-0.94,-4.25,0.27,-0.29,-0.44,11942.4,168.0,64.02,60.54,0.0,2.0
1770040050604951226,88031,10.712,96.8,10.752,-96.6,1.37,0.96,-11.44,-0.88,-4.31,-0.44,-0.23,-0.5,11947.72,168.0,61.94,59.85,0.0,2.0
1770040050719655011,88152,8.744,74.4,10.564,-111.4,1.29,0.98,-11.56,-1.0,-4.31,-0.33,0.32,-0.48,11947.38,168.0,60.25,58.8,2.0,2.0
1770040050842602695,88269,8.728,99.5,9.296,-73.8,1.88,1.31,-11.5,-0.94,-4.44,-0.73,-0.41,-0.34,11954.92,169.0,59.28,55.91,2.0,2.0
1770040050965549044,88392,9.264,148.6,10.584,-69.2,1.7,2.11,-11.63,-1.06,-4.44,-1.12,-0.24,-0.49,11952.35,168.0,61.24,54.28,2.0,2.0
1770040051067963275,88514,9.02,88.7,10.28,-97.6,1.25,1.56,-11.69,-1.06,-4.38,0.01,-0.77,0.01,169.44,168.0,57.33,51.96,2.0,2.0
1770040051190882388,88614,9.404,99.8,10.416,-83.4,1.45,1.19,-11.63,-1.06,-4.25,-0.28,-0.07,-0.33,11948.58,167.0,62.2,56.46,2.0,2.0
1770040051313758821,88739,9.396,80.6,10.596,-63.4,1.64,1.39,-11.19,-1.0,-4.06,-1.19,-1.09,0.05,11945.83,169.0,61.12,59.76,2.0,2.0
1770040051432573905,88860,10.1,74.8,9.228,-59.6,1.6,0.94,-11.38,-1.0,-4.06,-0.01,-0.83,0.08,11946.18,168.0,63.86,58.94,2.0,2.0
1770040051555505411,88981,10.172,84.5,10.38,-59.5,1.15,0.74,-11.44,-0.81,-4.0,0.3,-0.32,-0.68,11945.83,168.0,62.63,59.15,2.0,2.0
1770040051766937019,89102,8.828,83.8,10.772,-105.3,1.54,1.31,-11.38,-0.88,-4.06,1.26,-0.27,-0.6,11948.41,168.0,62.43,58.8,2.0,2.0
1770040051793162401,89220,10.728,55.7,9.396,-67.0,1.7,1.31,-11.31,-0.75,-4.19,-1.06,0.01,-0.17,11950.46,169.0,62.47,59.08,2.0,2.0
1770040051922933721,89341,10.456,95.1,9.856,-59.8,1.41,1.78,-11.13,-0.88,-4.5,-1.18,0.51,0.14,11950.63,173.0,63.5,53.84,2.0,2.0
1770040052034835842,89462,10.332,77.3,9.576,-54.7,1.09,1.56,-10.81,-0.81,-4.25,0.62,-0.21,-0.69,11943.77,166.0,65.42,54.28,2.0,2.0
1770040052157791727,89584,9.784,88.3,10.132,-72.0,1.23,1.58,-10.88,-1.0,-4.13,-0.25,-0.1,-0.76,11951.49,165.0,63.33,54.28,2.0,2.0
1770040052276618690,89705,10.048,85.2,10.448,-74.3,1.78,1.35,-10.31,-1.12,-3.94,-1.08,-0.09,-0.8,11951.83,165.0,62.43,55.89,2.0,4.0
1770040052399462507,89824,8.996,66.2,10.312,-51.0,1.88,0.8,-10.25,-1.12,-3.94,-0.17,-1.63,-0.92,11944.46,166.0,64.35,58.87,2.0,4.0
1770040052518320164,89945,8.992,88.4,9.28,-88.1,1.43,1.27,-9.88,-0.94,-4.0,0.83,-0.58,-0.73,11953.38,167.0,60.93,54.77,2.0,4.0
1770040052637127863,90065,10.668,99.4,10.688,-75.2,1.91,1.48,-9.75,-0.88,-4.06,-0.33,0.71,-1.25,11954.75,167.0,60.35,54.73,4.0,4.0
1770040052774949631,90185,9.18,81.9,9.868,-71.2,1.43,1.62,-9.5,-0.81,-4.13,0.75,-0.9,-0.79,11957.32,167.0,60.77,56.38,4.0,4.0
1770040052888915844,90305,10.02,71.8,10.256,-83.9,1.07,1.09,-9.25,-0.88,-4.31,-0.41,0.5,-1.21,11947.55,170.0,62.65,55.91,4.0,4.0
1770040053001771792,90428,10.336,77.1,9.796,-61.9,1.41,2.05,-9.13,-1.0,-4.25,-0.7,-1.11,-0.03,11957.15,170.0,62.63,51.5,4.0,4.0
1770040053124678527,90548,9.14,110.2,10.62,-73.1,1.11,1.91,-8.88,-1.19,-4.13,-0.47,-0.76,-0.07,11952.86,167.0,63.67,52.71,4.0,4.0
1770040053247574976,90671,9.8,112.5,10.692,-79.1,1.21,1.89,-8.5,-1.44,-4.0,0.36,-0.36,-0.3,11956.12,167.0,61.51,53.45,4.0,4.0
1770040053370452069,90796,9.24,90.1,10.232,-86.4,1.07,1.62,-8.38,-1.56,-3.94,-1.4,1.18,-0.68,11948.58,166.0,64.28,55.92,4.0,4.0
1770040053493333515,90917,9.12,48.2,10.796,-74.9,1.29,1.04,-8.0,-1.31,-3.94,-0.52,-0.68,-0.48,11938.97,166.0,64.88,60.05,4.0,4.0
1770040053706928880,91038,10.696,112.2,10.396,-100.2,1.33,1.56,-8.0,-1.19,-4.06,-0.52,-0.79,-0.2,11946.35,167.0,65.26,57.54,4.0,4.0
1770040053735098308,91160,9.88,67.8,10.552,-87.2,1.43,1.58,-7.44,-0.94,-4.25,0.42,0.31,-0.4,11947.55,173.0,61.94,59.85,4.0,4.0
1770040053853916212,91281,10.44,0.0,10.188,-76.3,1.33,1.27,-7.38,-0.94,-4.31,-0.49,-0.35,0.56,11942.06,173.0,63.88,62.43,4.0,4.0
1770040053952230794,91399,10.168,64.0,10.732,-78.4,1.0,1.46,-7.38,-1.0,-4.38,0.42,0.73,-0.97,168.76,172.0,62.77,64.3,4.0,4.0
1770040054050537107,91498,10.296,104.0,9.956,-76.5,0.84,1.82,-7.81,-1.19,-4.31,0.68,0.56,0.41,163.1,172.0,62.05,62.05,4.0,4.0
1770040054173425491,91598,9.516,90.1,10.536,-61.0,1.43,2.01,-7.75,-1.31,-4.19,-0.29,-0.3,-0.26,11949.95,169.0,64.48,60.15,4.0,4.0
1770040054300462803,91721,8.94,93.2,10.512,-51.8,1.62,1.78,-7.75,-1.56,-4.13,0.5,0.12,-0.47,11943.09,169.0,65.57,60.05,4.0,6.0
1770040054423313179,91847,10.0,66.3,10.72,-73.2,1.05,1.52,-7.38,-1.37,-3.88,0.08,-1.07,-0.19,11937.6,166.0,63.83,62.47,6.0,6.0
1770040054542123279,91968,10.148,100.1,10.392,-73.0,1.72,1.21,-7.25,-1.19,-4.06,-0.14,0.04,-0.1,11943.09,168.0,63.5,60.74,6.0,6.0
1770040054758934898,92089,10.34,83.7,10.392,-57.2,1.45,1.68,-7.06,-1.0,-4.19,-1.62,-0.03,0.06,11947.55,168.0,60.98,63.15,6.0,6.0
1770040054783841969,92206,10.384,64.6,9.768,-90.4,1.19,1.54,-7.13,-1.0,-4.31,-1.45,0.4,-0.18,11941.54,170.0,62.98,62.98,6.0,6.0
1770040054906757062,92331,10.684,98.6,10.796,-68.4,1.31,0.76,-7.19,-1.06,-4.25,0.59,0.68,-1.45,11937.26,171.0,64.0,63.32,6.0,6.0
1770040055015151630,92452,10.272,101.5,9.608,-53.7,1.58,1.35,-7.38,-1.31,-4.13,-0.91,-0.11,0.05,172.19,171.0,63.62,59.88,6.0,6.0
1770040055127973667,92553,8.936,90.5,10.508,-61.0,1.39,1.39,-7.13,-1.31,-4.0,0.3,0.32,-0.8,11947.89,169.0,64.59,58.85,6.0,6.0
1770040055250891531,92674,8.884,118.6,10.132,-65.3,1.19,1.84,-7.31,-1.63,-3.81,-1.13,0.25,-0.09,11943.26,166.0,65.57,57.98,6.0,6.0
1770040055373782113,92795,8.808,88.2,10.208,-88.0,1.13,1.68,-6.81,-1.56,-3.75,1.13,0.54,-0.09,11942.06,168.0,64.72,60.54,6.0,6.0
1770040055496619538,92919,9.396,71.3,10.388,-64.9,2.09,1.02,-6.63,-1.31,-3.81,0.69,-0.3,-0.37,11944.46,170.0,63.15,61.8,6.0,6.0
1770040055710928935,93040,9.764,101.0,10.592,-75.3,1.15,1.68,-6.25,-1.0,-4.0,-0.6,-0.07,-0.22,11949.95,170.0,61.31,61.31,6.0,6.0
1770040055730175566,93154,9.464,67.2,10.672,-93.4,1.7,1.33,-6.44,-0.94,-4.13,0.76,0.04,-0.32,11946.0,173.0,62.45,61.75,6.0,6.0
1770040055853055498,93274,10.7,49.6,10.624,-74.4,1.5,1.09,-6.63,-0.94,-4.06,-0.26,0.17,-0.21,11942.23,168.0,62.45,62.45,6.0,6.0
1770040055981897492,93399,9.472,101.4,10.716,-82.9,1.39,1.82,-7.06,-1.12,-4.06,-1.04,0.19,-0.22,11948.23,169.0,64.51,57.72,6.0,6.0
1770040056090649033,93519,10.708,109.7,10.448,-75.5,0.92,1.52,-6.69,-1.31,-3.88,0.18,0.15,0.0,11955.61,169.0,62.08,57.09,6.0,6.0
1770040056217649667,93637,10.008,104.7,10.168,-51.6,1.39,1.52,-7.0,-1.5,-3.75,-0.47,-0.64,0.77,11950.46,168.0,63.33,56.37,6.0,6.0
1770040056344592906,93763,9.984,125.7,10.376,-84.2,1.0,1.48,-6.5,-1.44,-3.75,-1.16,0.54,-0.64,11949.61,168.0,61.48,58.14,8.0,8.0
1770040056463415788,93888,9.92,69.3,10.596,-83.6,1.58,1.39,-6.31,-1.12,-3.81,-0.52,0.47,-0.73,11945.83,167.0,62.47,60.44,8.0,8.0
1770040056582223094,94008,10.58,86.4,10.168,-93.1,1.78,1.62,-6.0,-0.88,-3.94,0.87,-0.38,-0.27,11954.41,169.0,58.46,58.46,8.0,8.0
1770040056730931044,94127,10.636,94.7,9.996,-59.4,1.41,1.54,-5.88,-0.75,-4.06,0.57,0.41,-1.52,11947.2,169.0,62.78,61.31,8.0,8.0
1770040056815720205,94242,10.716,56.7,10.348,-87.6,1.23,1.37,-6.06,-0.75,-4.06,-0.48,-0.1,-0.26,11943.77,170.0,62.63,63.33,8.0,8.0
1770040056942717988,94361,10.504,68.9,10.704,-59.7,1.45,0.84,-6.25,-0.88,-4.06,0.6,-0.47,-0.41,11943.43,168.0,64.77,62.61,8.0,8.0
1770040057065604474,94487,9.996,106.2,10.404,-82.6,1.54,1.58,-6.19,-1.19,-4.0,-0.64,0.52,-1.13,11946.86,169.0,65.13,59.21,8.0,8.0
1770040057180288640,94610,10.496,122.2,10.436,-60.7,1.15,1.37,-6.38,-1.37,-3.94,-0.88,0.56,-0.84,11947.89,169.0,63.15,58.07,8.0,8.0
1770040057303187372,94725,10.236,89.0,10.568,-58.7,1.86,1.72,-6.06,-1.31,-3.88,-0.6,0.46,0.0,11943.6,170.0,62.63,60.54,8.0,8.0
1770040057426030098,94845,10.272,72.5,10.132,-64.8,1.74,1.35,-5.88,-1.06,-4.0,0.11,0.35,-0.63,11942.4,167.0,62.63,63.33,8.0,8.0
1770040057646928210,94969,10.04,102.7,10.188,-118.0,2.5,1.29,-5.63,-0.75,-4.13,0.02,-0.93,-0.16,11949.61,170.0,59.08,61.12,8.0,8.0
1770040057659532642,95090,9.128,101.9,10.716,-69.6,1.78,1.27,-5.56,-0.69,-4.38,-0.08,0.19,-0.77,11942.06,170.0,62.05,64.26,8.0,8.0
1770040057782436153,95205,10.684,107.8,9.444,-79.8,1.41,0.72,-5.75,-0.75,-4.19,0.6,0.24,-0.97,11938.12,169.0,61.61,66.41,8.0,8.0
1770040057909416165,95328,10.02,102.0,10.424,-65.7,1.15,1.39,-6.44,-0.94,-4.31,-0.81,0.08,0.05,11940.34,172.0,64.02,65.42,8.0,8.0
1770040058028219402,95452,8.988,116.6,10.48,-119.3,1.46,1.84,-6.5,-1.19,-4.31,0.7,1.24,-1.01,11938.97,171.0,62.47,63.83,8.0,8.0
1770040058151095941,95572,9.672,118.0,10.456,-58.5,1.0,1.64,-6.75,-1.37,-4.25,-1.24,0.17,0.03,11937.26,168.0,64.72,65.42,8.0,10.0
1770040058265769999,95693,9.84,90.4,10.096,-77.4,0.64,1.02,-6.75,-1.25,-4.19,0.85,0.46,-1.1,11940.34,168.0,62.78,65.74,10.0,10.0
1770040058388681725,95809,9.736,82.0,9.552,-59.2,1.33,0.8,-6.75,-1.0,-4.31,-0.33,0.39,-0.39,11942.92,169.0,63.67,62.98,10.0,10.0
1770040058521572431,95931,10.044,88.9,10.576,-103.8,2.01,1.89,-6.56,-0.69,-4.44,1.1,0.25,-0.07,11947.2,170.0,60.54,60.54,10.0,10.0
1770040058634454359,96058,10.308,76.7,10.736,-53.7,1.78,1.15,-6.63,-0.63,-4.5,0.11,-0.32,-0.12,11939.49,171.0,64.82,62.15,10.0,10.0
1770040058749134992,96179,9.028,79.1,10.764,-75.7,2.05,0.84,-6.75,-0.75,-4.38,-0.73,0.28,-0.78,11945.66,171.0,61.7,61.7,10.0,10.0
1770040058847453405,96293,10.704,64.9,10.768,-51.6,1.48,1.19,-6.94,-1.0,-4.44,-0.55,-0.17,-0.13,163.78,172.0,64.77,61.53,10.0,10.0
1770040058974929276,96393,10.508,111.5,10.084,-96.9,1.46,1.74,-6.88,-1.19,-4.38,-1.01,0.0,-0.34,11942.23,172.0,63.03,60.51,10.0,10.0
1770040059097317655,96517,10.696,80.8,10.172,-79.4,1.02,1.7,-7.06,-1.37,-4.31,-3.06,0.23,-0.69,11942.06,171.0,63.49,60.15,10.0,10.0
1770040059211993011,96640,10.116,95.2,10.284,-93.7,0.94,1.17,-6.81,-1.25,-4.31,0.66,-0.51,-0.05,11947.72,171.0,61.7,60.98,10.0,10.0
1770040059339024098,96754,9.9,61.5,10.64,-65.5,1.86,1.13,-6.38,-1.0,-4.31,-1.48,-0.06,-0.38,11946.86,170.0,62.45,62.45,10.0,10.0
1770040059461822029,96882,10.364,70.4,10.62,-103.5,2.07,1.5,-6.13,-0.63,-4.5,0.45,0.11,0.27,11953.55,169.0,59.21,59.21,10.0,10.0
1770040059584748800,97006,10.48,101.6,9.732,-79.3,1.35,1.05,-6.13,-0.56,-4.44,-0.55,-0.41,-0.14,11941.2,172.0,62.47,61.12,10.0,10.0
1770040059699433156,97128,9.776,58.2,10.532,-99.3,1.31,1.23,-6.25,-0.69,-4.5,0.3,0.65,-0.93,11941.89,172.0,61.7,62.43,10.0,10.0
1770040059822346092,97244,10.248,81.6,9.796,-44.0,1.48,1.5,-6.5,-0.94,-4.5,-0.14,-0.56,-0.71,11940.69,171.0,64.02,61.94,10.0,10.0
1770040060038930648,97364,10.276,114.6,10.104,-122.2,2.17,1.48,-6.31,-1.19,-4.5,0.36,1.49,-0.87,11943.6,172.0,63.67,60.24,10.0,10.0
1770040060068078721,97490,9.276,94.2,10.7,-58.7,0.72,1.72,-6.38,-1.37,-4.44,0.79,-0.1,-0.49,11943.77,169.0,64.0,59.28,10.0,10.0
1770040060182763528,97611,8.692,97.0,10.312,-100.8,1.37,1.86,-6.13,-1.31,-4.38,0.45,-0.5,-0.2,11946.18,169.0,62.97,61.51,12.0,12.0
1770040060305616135,97727,10.708,99.7,10.212,-83.2,0.78,1.15,-5.94,-1.06,-4.44,-1.55,0.26,-0.44,11941.54,171.0,62.81,64.19,12.0,12.0
1770040060438509119,97850,10.048,85.1,10.516,-115.1,2.15,1.52,-5.75,-0.75,-4.56,1.35,-0.25,-0.36,11944.46,174.0,58.67,61.43,12.0,12.0
1770040060551342480,97974,9.336,71.3,9.74,-68.1,1.86,1.13,-5.63,-0.69,-4.75,1.49,-0.15,-0.7,11937.26,171.0,61.97,66.02,12.0,12.0
1770040060766935342,98096,9.968,61.5,10.416,-61.3,1.84,1.04,-6.06,-0.75,-4.63,0.37,-0.45,-0.09,11932.45,174.0,62.63,69.59,12.0,12.0
1770040060788951488,98217,10.664,84.1,10.56,-83.5,0.84,1.05,-6.63,-1.0,-4.69,1.33,-0.11,-1.18,11941.72,174.0,62.61,66.21,12.0,12.0
1770040060911842651,98333,9.636,91.6,10.02,-61.7,1.35,1.86,-6.75,-1.12,-4.44,-1.28,0.15,-1.37,11941.37,174.0,64.02,65.42,12.0,12.0
1770040061034674007,98456,10.304,90.5,10.72,-48.2,1.41,1.35,-7.0,-1.25,-4.5,1.23,0.28,-1.38,11933.31,172.0,64.72,64.72,12.0,12.0
1770040061157562127,98580,9.908,75.3,10.616,-72.3,1.62,1.64,-6.81,-1.06,-4.38,0.39,-0.18,-0.94,11935.71,171.0,62.82,66.16,12.0,12.0
1770040061276390422,98702,10.412,67.0,9.996,-96.8,1.05,1.52,-6.88,-0.81,-4.44,0.44,-0.48,-0.2,11940.86,171.0,63.7,65.17,12.0,12.0
1770040061395097848,98818,8.676,98.5,9.648,-97.4,1.7,1.43,-7.0,-0.56,-4.69,0.67,-1.0,0.28,11938.8,175.0,62.12,66.26,12.0,12.0
1770040061522091698,98939,9.3,77.0,9.288,-68.6,1.7,0.92,-7.31,-0.5,-4.69,-1.31,-0.2,0.35,11931.43,174.0,63.67,67.77,12.0,12.0
1770040061645003521,99064,9.804,97.4,9.32,-60.2,1.02,1.04,-7.75,-0.63,-4.63,-0.5,-0.58,-1.25,11936.4,176.0,64.51,65.87,12.0,12.0
1770040061759681845,99186,10.104,105.8,10.712,-52.0,1.39,1.93,-8.06,-0.88,-4.5,-0.49,0.24,-0.12,11945.83,176.0,63.15,62.43,12.0,12.0
1770040061882570409,99303,9.568,109.5,10.232,-46.8,0.92,2.46,-8.06,-1.06,-4.38,-0.55,-0.25,-1.04,11944.29,172.0,65.42,60.54,12.0,12.0
1770040062005435101,99424,10.668,105.6,10.7,-77.5,1.04,2.11,-7.94,-1.06,-4.31,0.91,0.41,-0.96,11944.12,172.0,63.67,62.98,14.0,14.0
1770040062128310003,99549,10.02,56.3,10.484,-100.3,1.46,0.88,-7.88,-0.81,-4.38,0.01,0.39,-1.14,11941.37,170.0,62.15,66.16,14.0,14.0
1770040062247087819,99672,10.448,101.1,10.192,-73.6,1.54,0.8,-7.94,-0.56,-4.5,0.68,0.02,-0.85,11948.92,170.0,59.52,63.88,14.0,14.0
1770040062369910037,99787,10.332,107.9,10.668,-86.8,1.41,1.05,-7.94,-0.5,-4.69,-0.87,0.87,-1.48,11947.38,171.0,61.43,64.19,14.0,14.0
1770040062500987612,99910,9.884,101.5,10.312,-80.7,1.02,1.5,-8.13,-0.44,-4.69,0.25,-0.4,-0.34,11941.89,173.0,63.33,64.72,14.0,14.0
1770040062623907809,100042,9.288,108.9,9.432,-72.4,0.92,1.6,-8.44,-0.69,-4.69,-0.44,-0.27,-0.67,11943.43,176.0,63.62,61.13,14.0,14.0
1770040062962935991,100165,10.364,137.0,10.364,-51.2,1.58,1.48,-8.63,-0.94,-4.5,0.68,0.0,-0.27,11945.32,174.0,64.72,60.54,14.0,14.0
1770040062984345844,100288,9.004,117.4,10.032,-59.7,0.76,2.25,-8.69,-1.25,-4.5,-0.76,-0.27,-0.47,11941.72,174.0,64.61,60.25,14.0,14.0
1770040062995437298,100404,9.52,121.8,9.968,-61.6,1.62,1.33,-8.25,-1.12,-4.38,-0.21,0.11,-0.42,11942.4,175.0,63.67,62.98,14.0,14.0
1770040063107192507,100527,9.036,66.4,10.5,-56.7,1.37,1.35,-8.13,-0.94,-4.38,-0.18,-0.1,-0.2,11940.34,172.0,64.19,63.5,14.0,14.0
1770040063230079415,100651,10.524,88.5,10.184,-62.5,1.58,1.35,-7.94,-0.63,-4.56,-0.09,0.05,-0.24,11947.2,175.0,60.63,62.65,14.0,14.0
1770040063348843080,100773,9.076,110.8,10.704,-61.1,1.68,1.09,-7.94,-0.5,-4.69,-0.87,0.25,-0.38,11939.49,175.0,62.61,63.33,14.0,14.0
1770040063471675453,100889,9.868,0.0,9.756,-62.8,0.88,1.02,-8.25,-0.56,-4.63,-1.1,-0.64,0.57,11938.8,170.0,64.88,65.57,14.0,14.0
1770040063604593358,101012,9.764,81.7,9.488,-81.3,0.9,1.56,-8.56,-0.75,-4.56,-0.35,1.09,-0.6,11943.26,174.0,65.04,60.93,14.0,14.0
1770040063806920111,101139,10.7,72.2,10.692,-81.6,1.99,1.74,-8.56,-1.0,-4.44,0.84,1.14,-0.33,11952.35,172.0,61.8,59.08,14.0,14.0
1770040063840326362,101260,10.488,102.4,10.228,-10.0,-0.21,1.29,-9.06,-1.12,-4.38,-1.59,0.1,-0.49,12011.17,169.0,32.44,46.24,14.0,14.0
1770040063955016505,101381,9.284,2.2,10.804,-1.6,-0.55,0.12,-9.25,-1.06,-4.25,0.69,-0.8,-0.44,12093.66,169.0,0.73,5.86,14.0,16.0
1770040064077908995,101495,10.044,6.0,10.84,-1.0,-0.59,0.25,-9.31,-1.06,-4.25,-0.15,0.13,-0.43,12096.58,171.0,0.0,14.0,16.0,
1770040064196595444,101619,9.08,5.6,10.632,-0.8,-0.29,0.35,-9.25,-1.19,-4.25,-0.06,0.01,-0.41,12093.84,172.0,0.0,14.0,16.0,
1770040064319527067,101740,9.316,5.1,10.832,-0.9,-0.45,0.29,-9.25,-1.25,-4.31,-0.12,0.01,-0.4,12097.27,172.0,0.0,14.0,16.0,
1770040064434155515,101861,9.292,5.9,9.62,-0.4,-0.31,0.37,-9.25,-1.31,-4.31,-0.11,0.01,-0.43,12097.27,172.0,0.0,14.0,16.0,
1770040064552940273,101977,9.188,5.3,9.512,0.4,-0.33,0.31,-9.25,-1.31,-4.31,-0.1,0.02,-0.42,12097.27,173.0,0.0,14.0,16.0,
1770040064766927570,102095,9.296,5.5,10.82,-0.8,-0.45,0.23,-9.25,-1.37,-4.38,-0.09,0.01,-0.42,12097.95,170.0,0.0,14.0,16.0,
1770040064794594176,102218,9.284,5.2,10.824,-0.8,-0.49,0.37,-9.25,-1.44,-4.38,-0.11,0.03,-0.44,12096.75,174.0,0.0,14.0,16.0,
1770040064909276955,102338,10.856,5.8,9.528,-1.9,-0.78,0.35,-9.25,-1.44,-4.38,-0.11,0.0,-0.44,12095.38,174.0,0.0,14.0,16.0,
1770040065028040123,102452,9.792,5.2,10.728,-2.3,-0.76,0.43,-9.25,-1.5,-4.44,-0.08,0.0,-0.43,12095.21,174.0,0.0,14.0,16.0,
1770040065150922336,102572,9.336,5.2,10.82,-2.6,-0.7,0.41,-9.25,-1.5,-4.44,-0.07,0.02,-0.42,12094.35,169.0,0.0,14.0,16.0,
1770040065269651222,102693,10.8,5.5,10.66,-1.5,-0.8,0.39,-9.25,-1.5,-4.44,-0.1,0.0,-0.41,12095.72,172.0,0.0,14.0,16.0,
1770040065384346142,102813,9.544,5.9,10.828,-2.6,-0.74,0.39,-9.25,-1.5,-4.44,-0.09,0.01,-0.43,12098.12,172.0,0.0,14.0,16.0,
1770040065507210265,102927,9.88,6.8,10.812,-2.4,-0.68,0.43,-9.25,-1.5,-4.44,-0.09,0.01,-0.43,12096.24,171.0,0.71,0.0,14.0,16.0
1770040065634186662,103047,10.676,35.2,10.176,0.3,-0.06,2.54,-9.25,-1.5,-4.44,-0.06,0.01,-0.43,12087.32,169.0,0.0,6.26,14.0,16.0
1770040065758934371,103177,9.208,58.0,10.708,-2.5,-0.04,1.72,-9.44,-1.5,-4.44,0.06,0.04,-0.44,12062.11,173.0,0.65,23.32,14.0,16.0
1770040065871734131,103298,10.092,78.0,10.6,-25.9,1.88,1.76,-10.19,-1.37,-4.44,-0.04,-0.27,-0.23,12046.85,173.0,6.59,31.49,14.0,16.0
1770040065994596513,103413,10.164,63.4,10.108,-36.7,1.54,1.45,-11.25,-1.25,-4.5,-0.35,0.2,-0.22,12024.55,171.0,18.48,36.28,14.0,16.0
1770040066117475851,103535,8.936,88.2,10.088,-48.2,1.27,1.95,-11.88,-1.06,-4.5,0.05,0.59,-0.51,11999.17,174.0,35.2,43.48,16.0,16.0
1770040066240315480,103658,8.932,110.2,10.232,-79.3,1.21,1.93,-12.19,-0.88,-4.44,-0.79,-0.46,-0.62,11962.81,171.0,54.98,49.41,16.0,16.0
1770040066363185290,103783,9.892,77.5,10.752,-100.9,1.41,1.91,-12.13,-0.75,-4.5,-0.61,0.61,-0.68,11952.52,174.0,61.97,54.56,16.0,16.0
1770040066477815377,103904,10.048,68.0,10.408,-109.9,1.5,1.07,-11.75,-0.75,-4.75,-0.59,-1.02,2.63,11956.98,174.0,59.31,56.38,16.0,16.0
1770040066600729016,104019,10.66,88.4,10.708,-90.8,1.25,1.68,-11.75,-0.88,-4.75,-0.52,-1.2,-0.01,11955.95,177.0,63.15,55.0,16.0,16.0
1770040066727685702,104142,10.564,79.4,10.584,-89.9,1.05,1.6,-11.75,-1.25,-4.69,0.87,-0.16,-1.68,11957.84,170.0,63.67,52.03,16.0,16.0
1770040066850546976,104269,9.428,113.0,10.38,-73.3,0.74,1.64,-11.44,-1.5,-4.5,-1.04,0.23,-0.86,11959.9,173.0,63.83,51.61,16.0,16.0
1770040067058922491,104390,9.104,76.2,10.268,-67.8,1.52,1.37,-11.25,-1.63,-4.31,-0.31,-0.05,0.65,11962.12,173.0,61.51,51.99,16.0,16.0
1770040067083972810,104506,10.688,71.7,9.248,-66.0,0.9,1.11,-10.88,-1.5,-4.38,-0.59,0.23,0.23,11954.92,168.0,61.94,54.98,16.0,16.0
1770040067210952895,104627,10.684,53.8,10.688,-54.6,1.17,1.25,-10.63,-1.37,-4.44,-1.09,0.74,-0.44,11958.35,173.0,58.4,53.65,16.0,16.0
1770040067333807507,104753,9.532,82.9,10.404,-72.9,1.0,1.89,-10.75,-1.12,-4.56,-1.07,0.88,0.34,11963.15,175.0,58.4,52.97,16.0,16.0
1770040067448446188,104873,9.64,65.1,10.44,-77.0,1.21,1.37,-10.63,-1.0,-4.69,-0.11,1.34,-0.44,11963.15,175.0,55.65,54.18,16.0,16.0
1770040067571357831,104989,8.808,75.7,10.752,-61.1,1.91,1.27,-10.69,-0.94,-4.63,-0.27,0.05,-1.01,11957.49,172.0,58.67,57.29,16.0,16.0
1770040067794919014,105112,10.748,58.7,10.344,-84.1,1.33,0.86,-10.75,-1.06,-4.56,0.28,-0.41,-1.59,11959.21,168.0,57.98,54.53,16.0,16.0
1770040067817126177,105236,10.66,0.0,10.372,-63.5,0.86,1.86,-10.88,-1.25,-4.44,-0.22,0.01,-0.48,11965.55,170.0,58.61,51.2,16.0,16.0
1770040067939931721,105358,8.772,92.6,10.384,-90.0,1.93,1.97,-10.56,-1.44,-4.31,0.21,0.06,-0.45,11968.81,169.0,57.76,48.71,16.0,16.0
1770040068054604853,105480,9.412,102.6,10.092,-74.5,1.19,2.03,-10.38,-1.63,-4.25,0.63,0.5,-0.93,11966.93,169.0,58.8,47.91,16.0,18.0
1770040068181557357,105594,10.072,112.6,10.136,-68.4,1.23,2.21,-9.94,-1.44,-4.06,-0.28,-0.23,-0.05,11965.9,165.0,58.19,51.34,18.0,18.0
1770040068300327806,105720,10.544,74.2,9.724,-59.9,1.78,1.15,-9.69,-1.37,-4.25,-0.62,0.27,-0.47,11961.1,168.0,57.72,53.65,18.0,18.0
1770040068423127884,105842,9.428,83.1,10.7,-60.1,0.94,1.48,-9.31,-1.06,-4.31,-0.72,0.97,-0.85,11968.98,170.0,55.67,51.5,18.0,18.0
1770040068537828248,105963,10.448,80.0,10.488,-59.2,0.9,1.82,-9.31,-1.0,-4.56,-0.04,0.41,-1.11,11965.21,170.0,57.35,51.54,18.0,18.0
1770040068677131544,106079,10.436,56.1,10.716,-66.3,1.48,1.66,-9.25,-1.0,-4.5,-0.03,-0.38,-0.08,11957.84,173.0,58.46,53.58,18.0,18.0
1770040068799950915,106219,8.804,58.3,10.364,-52.0,1.09,0.96,-9.44,-1.19,-4.38,-0.25,0.1,-0.32,11954.58,170.0,59.54,54.13,18.0,18.0
1770040069010929383,106340,9.164,78.3,10.424,-67.7,0.74,1.56,-9.31,-1.37,-4.25,-2.2,-0.54,-0.35,11958.18,169.0,59.15,51.5,18.0,18.0
1770040069037481602,106462,10.164,74.7,10.348,-49.8,0.76,1.21,-9.38,-1.56,-4.13,-1.43,-1.0,-1.21,11961.44,169.0,59.52,49.36,18.0,18.0
1770040069156239089,106577,8.924,100.4,10.14,-78.0,0.76,1.37,-9.0,-1.69,-4.13,-0.69,0.42,-0.67,11962.47,165.0,59.85,48.71,18.0,18.0
1770040069283197662,106698,8.928,96.0,10.72,-85.7,1.82,1.99,-8.63,-1.63,-4.06,0.75,-0.04,-0.93,11965.04,169.0,56.82,48.61,18.0,18.0
1770040069406031196,106823,10.128,66.1,9.432,-66.7,2.11,1.15,-8.25,-1.44,-4.19,0.01,0.43,-0.61,11957.15,168.0,57.51,54.08,18.0,18.0
1770040069524761928,106945,9.04,63.4,10.116,-101.0,2.07,0.78,-8.0,-1.12,-4.31,1.99,0.12,-0.1,11959.9,169.0,56.37,54.28,18.0,18.0
1770040069738922374,107066,9.348,79.3,10.74,-68.5,1.68,1.76,-8.0,-1.0,-4.38,0.32,-0.94,0.3,11958.01,169.0,59.31,51.25,18.0,18.0
1770040069762304472,107181,10.096,52.5,10.492,-71.7,2.05,0.76,-8.0,-1.06,-4.38,-0.32,0.11,-0.79,11962.81,170.0,55.91,52.46,18.0,18.0
1770040069885199997,107304,9.116,55.4,9.936,-55.0,1.48,0.94,-8.31,-1.19,-4.31,0.48,-1.2,0.1,11956.64,169.0,57.93,53.89,18.0,18.0
1770040070014009617,107426,10.68,51.0,9.764,-100.3,1.82,0.82,-8.13,-1.37,-4.44,0.27,-0.7,-0.69,11960.58,168.0,57.29,51.77,18.0,18.0
1770040070122719553,107546,10.608,67.1,9.692,-43.9,1.54,1.31,-8.25,-1.69,-4.5,0.17,-0.23,-0.89,11962.47,168.0,59.83,48.75,18.0,18.0
1770040070245583168,107663,9.448,81.4,10.428,-67.5,1.07,1.19,-8.0,-1.75,-4.5,-0.01,-0.83,0.72,11962.98,168.0,57.76,51.5,20.0,18.0
1770040070364376399,107785,8.988,77.9,10.72,-80.6,1.58,1.54,-8.0,-1.75,-4.44,0.4,0.21,0.17,11961.27,169.0,58.67,50.38,20.0,20.0
1770040070487148603,107906,9.932,88.6,10.64,-61.1,1.62,1.82,-7.31,-1.56,-4.5,-0.12,-1.62,-0.24,11962.64,169.0,55.22,51.77,20.0,20.0
1770040070702917677,108027,9.224,54.0,10.748,-71.0,1.88,0.96,-6.88,-1.37,-4.69,-2.28,0.89,0.19,11960.92,169.0,56.14,52.54,20.0,20.0
1770040070728825798,108144,10.232,69.6,10.7,-81.2,1.23,1.7,-6.81,-1.12,-4.69,-0.01,0.38,0.11,11958.52,168.0,59.64,52.63,20.0,20.0
1770040070847566187,108268,9.992,84.7,10.432,-60.2,0.82,1.46,-6.88,-1.31,-4.75,0.37,0.67,-0.1,11953.55,172.0,59.76,54.33,20.0,20.0
1770040070970431820,108389,10.196,71.0,10.736,-64.3,1.05,1.13,-6.88,-1.5,-4.69,-0.38,0.23,-0.2,11952.01,168.0,62.63,55.67,20.0,20.0
1770040071085119911,108511,9.704,72.4,10.572,-49.2,1.64,1.31,-7.25,-1.75,-4.75,-0.72,-0.19,-0.76,11954.75,168.0,60.77,55.65,20.0,20.0
1770040071207953513,108625,10.624,70.8,10.388,-78.4,0.98,0.96,-7.25,-1.88,-4.81,0.23,0.22,-0.2,11961.95,172.0,60.24,52.71,20.0,20.0
1770040071330804723,108748,9.692,95.0,10.508,-80.5,1.19,1.7,-7.19,-1.88,-4.75,0.09,0.4,-0.69,11961.1,171.0,57.06,52.89,20.0,20.0
1770040071453640250,108872,9.632,64.7,10.516,-60.4,1.21,1.5,-7.38,-1.88,-4.81,-0.33,-0.18,-0.31,11958.35,168.0,57.04,55.68,20.0,20.0
1770040071564134207,108993,9.628,85.0,10.448,-97.4,2.34,1.21,-6.94,-1.81,-4.81,0.21,-0.61,0.35,11961.78,168.0,55.65,55.65,20.0,20.0
1770040071695281039,109107,8.96,54.2,10.46,-77.5,1.89,0.64,-6.56,-1.56,-4.81,-1.26,0.34,-0.27,11955.78,166.0,56.61,56.61,20.0,20.0
1770040071822931534,109234,10.452,67.0,10.536,-57.7,1.76,1.02,-6.63,-1.5,-4.88,1.18,-0.71,-0.51,11958.35,172.0,58.75,54.18,20.0,20.0
1770040071940992884,109360,9.712,85.1,10.16,-51.2,0.82,1.02,-6.75,-1.5,-4.88,-1.52,0.92,-0.39,11956.98,170.0,59.76,54.33,20.0,20.0
1770040072069802351,109480,9.696,66.4,10.216,-78.9,1.29,0.94,-6.63,-1.63,-4.81,2.46,1.43,-0.18,11957.15,168.0,59.36,54.53,20.0,20.0
1770040072178516456,109602,10.372,65.1,10.404,-54.0,1.05,1.58,-6.75,-1.81,-4.94,0.01,-0.09,-0.57,11959.72,168.0,60.04,55.65,22.0,20.0
1770040072301358725,109718,10.592,93.4,9.708,-61.7,1.05,1.64,-6.56,-1.94,-5.0,-1.07,0.48,0.01,11961.1,171.0,59.36,52.46,22.0,20.0
1770040072424202623,109843,9.724,74.2,10.476,-59.5,1.54,1.31,-6.44,-2.0,-4.94,-0.59,0.0,-0.86,11958.18,170.0,58.4,52.97,22.0,20.0
1770040072542924429,109964,9.664,92.5,10.048,-66.9,1.07,1.64,-6.38,-1.94,-5.0,-0.21,0.48,-0.92,11960.58,170.0,56.37,54.98,22.0,22.0
1770040072766930142,110085,10.668,69.1,10.724,-89.7,1.88,1.11,-6.19,-1.88,-4.88,-0.89,-0.83,-0.7,11958.01,170.0,56.86,53.98,22.0,22.0
1770040072784558306,110200,10.62,49.7,9.468,-87.3,1.7,0.57,-6.06,-1.5,-4.94,0.33,0.46,-0.56,11957.32,170.0,58.87,56.82,22.0,22.0
1770040072907441530,110326,10.708,60.6,10.732,-65.0,1.05,1.46,-6.19,-1.56,-4.94,-0.23,0.32,-0.66,11955.78,169.0,59.08,55.0,22.0,22.0
1770040073030301594,110447,10.092,85.7,10.76,-79.3,1.19,1.05,-6.25,-1.56,-5.0,0.11,1.04,-0.41,11955.09,171.0,58.94,56.14,22.0,22.0
1770040073144960474,110569,9.004,66.3,10.284,-79.5,0.96,1.11,-6.44,-1.69,-5.0,-0.1,-0.35,-0.77,11951.32,171.0,60.25,56.62,22.0,22.0
1770040073267776504,110684,10.256,56.7,10.632,-55.5,0.8,0.76,-6.44,-1.75,-5.0,0.02,0.04,-0.57,11957.15,170.0,58.87,55.45,22.0,22.0
1770040073390654560,110810,10.256,72.0,10.124,-98.3,1.21,1.19,-6.38,-1.81,-5.0,-0.63,0.47,-0.67,11964.35,171.0,57.93,53.22,22.0,22.0
1770040073513472330,110931,10.06,87.3,10.452,-71.1,1.72,1.09,-6.5,-1.75,-5.25,-0.73,0.06,-0.2,11959.72,170.0,57.06,54.28,22.0,22.0
1770040073636339313,111053,10.052,71.1,9.876,-104.7,1.62,0.96,-6.44,-1.69,-5.19,-0.32,-0.4,0.46,11962.98,169.0,53.84,56.6,22.0,22.0
1770040073762929291,111175,9.02,81.7,10.404,-78.9,2.13,1.72,-6.5,-1.5,-5.13,-0.57,0.14,0.28,11947.89,169.0,59.31,62.24,22.0,22.0
1770040073878021163,111291,10.14,0.0,9.356,-90.6,1.8,0.98,-6.56,-1.31,-5.13,0.45,0.72,-0.32,11950.46,170.0,58.4,61.12,22.0,22.0
1770040073996684132,111417,9.048,72.0,10.732,-46.3,1.23,1.5,-6.88,-1.25,-5.13,-1.09,-0.17,0.58,11946.86,169.0,60.44,61.8,22.0,22.0
1770040074119587104,111539,10.688,100.7,10.752,-81.4,1.33,0.86,-7.25,-1.37,-5.13,0.62,0.2,-0.4,11949.26,172.0,58.46,61.24,22.0,22.0
1770040074234244942,111660,10.276,95.6,10.272,-38.1,1.45,1.09,-7.63,-1.56,-5.13,-0.6,0.47,0.05,11950.46,172.0,59.52,59.52,24.0,22.0
1770040074361184558,111775,10.324,66.4,10.26,-65.5,0.76,1.19,-7.63,-1.63,-5.19,-1.57,-0.55,0.24,11955.26,169.0,61.05,57.54,24.0,22.0
1770040074479866997,111899,10.388,93.6,9.732,-84.6,1.5,1.56,-7.5,-1.75,-5.19,-0.1,-0.92,-0.52,11958.35,171.0,58.14,53.46,24.0,22.0
1770040074602757332,112022,10.064,0.0,10.516,-77.0,1.25,1.11,-7.44,-1.56,-5.31,-0.57,-0.1,0.07,11962.81,173.0,55.22,55.22,24.0,22.0
1770040074727497093,112144,10.64,75.5,10.672,-86.6,2.25,1.62,-7.38,-1.5,-5.56,0.0,1.1,-0.08,11962.64,173.0,55.17,53.72,24.0,24.0
1770040074874929858,112260,10.616,69.4,10.724,-83.8,1.48,1.33,-7.13,-1.25,-5.44,0.16,0.94,-0.31,178.53,171.0,57.2,55.61,24.0,24.0
1770040074942694379,112360,9.664,78.6,10.148,-60.5,1.54,1.43,-7.25,-1.19,-5.38,1.4,-0.4,-0.14,11955.95,171.0,58.6,55.15,24.0,24.0
1770040075065543022,112483,10.04,53.5,10.456,-58.3,1.33,1.41,-7.38,-1.25,-5.38,1.24,-1.14,0.16,11959.55,170.0,59.15,54.98,24.0,24.0
1770040075180188504,112605,10.08,50.1,9.884,-88.5,1.17,0.94,-7.44,-1.31,-5.38,0.08,-0.4,-0.47,11957.32,170.0,58.3,55.42,24.0,24.0
1770040075307140920,112721,9.392,68.1,10.66,-48.5,1.39,0.63,-7.56,-1.44,-5.38,2.1,-1.01,-0.85,11959.72,171.0,58.67,55.22,24.0,24.0
1770040075425909222,112845,8.872,56.8,9.752,-68.7,1.8,1.09,-7.56,-1.63,-5.5,0.1,0.18,-0.05,11959.55,171.0,57.51,54.08,24.0,24.0
1770040075548716434,112966,9.72,81.3,10.732,-101.6,1.37,1.29,-7.63,-1.75,-5.5,-0.59,-0.06,-0.44,11964.01,172.0,57.51,52.03,24.0,24.0
1770040075678935831,113089,10.68,70.6,9.372,-99.2,2.32,1.33,-7.19,-1.69,-5.63,-0.18,-0.26,-0.64,11965.04,172.0,55.89,54.44,24.0,24.0
1770040075786267016,113206,8.984,84.3,10.264,-68.3,1.95,1.46,-7.25,-1.63,-5.56,-0.44,-0.1,-0.21,11959.21,172.0,57.06,54.98,24.0,24.0
1770040075919131117,113327,10.052,81.5,10.044,-90.6,1.29,1.37,-6.94,-1.5,-5.5,0.57,-0.24,-0.48,11956.64,170.0,58.67,55.22,24.0,24.0
1770040076031953079,113451,9.388,70.3,10.492,-68.0,1.6,1.48,-7.06,-1.5,-5.5,-0.79,0.46,-0.15,11955.78,173.0,59.76,57.72,24.0,24.0
1770040076154793051,113571,10.336,69.1,10.556,-78.4,1.09,1.33,-7.06,-1.5,-5.56,-0.54,-1.02,0.15,11955.44,173.0,58.19,60.24,24.0,24.0
1770040076269473364,113695,8.936,69.4,10.544,-49.9,1.27,1.21,-7.63,-1.63,-5.5,0.1,0.01,-0.7,11948.41,173.0,62.05,61.31,26.0,24.0
1770040076396399293,113810,10.652,74.1,10.42,-91.6,1.13,0.78,-7.81,-1.56,-5.5,0.24,0.07,-0.49,11955.61,170.0,59.36,60.05,26.0,24.0
1770040076515125758,113934,9.016,94.7,10.596,-53.6,1.56,1.21,-8.0,-1.75,-5.63,0.19,-0.47,0.0,11956.46,174.0,57.72,56.36,26.0,24.0
1770040076638012312,114056,9.168,111.9,10.304,-86.4,1.45,1.54,-8.25,-1.69,-5.81,0.08,0.22,-0.61,11961.95,174.0,54.98,56.37,26.0,24.0
1770040076774931721,114177,10.252,84.5,10.052,-86.1,1.66,1.56,-8.44,-1.69,-5.94,-1.69,0.15,-0.42,11955.78,174.0,57.35,57.35,26.0,26.0
1770040076879616739,114292,9.256,96.9,10.432,-95.5,1.91,1.39,-8.44,-1.56,-5.81,0.75,0.25,-0.52,11957.32,175.0,57.29,57.29,26.0,26.0
1770040076998372327,114417,9.724,68.5,10.584,-56.0,1.7,0.86,-8.44,-1.5,-5.69,0.06,-0.77,0.48,11955.44,174.0,57.72,57.04,26.0,26.0
1770040077121220995,114538,10.276,64.7,10.468,-64.3,1.13,1.43,-8.38,-1.44,-5.69,0.27,-0.03,-0.66,11954.24,171.0,61.24,56.37,26.0,26.0
1770040077235886176,114660,10.44,70.3,10.596,-77.3,1.41,0.8,-8.44,-1.44,-5.56,-0.3,-0.42,-0.1,11954.41,171.0,59.31,57.84,26.0,26.0
1770040077362810776,114775,10.384,76.8,10.244,-79.0,0.86,0.84,-8.81,-1.56,-5.63,-0.41,-0.05,-0.51,11959.72,171.0,59.08,57.04,26.0,26.0
1770040077481539052,114900,9.132,0.0,10.716,-74.1,1.29,1.54,-8.75,-1.63,-5.69,0.02,-0.08,-0.7,11961.61,174.0,58.4,55.68,26.0,26.0
1770040077604412461,115021,9.696,108.3,10.236,-67.7,1.15,1.45,-8.75,-1.69,-5.69,-0.63,-0.08,0.32,11962.12,172.0,59.15,52.19,26.0,26.0
1770040077742928836,115143,10.404,0.0,10.68,-60.9,1.97,0.63,-8.5,-1.63,-5.69,-0.41,-0.49,-0.1,11999.51,176.0,53.58,36.19,26.0,26.0
1770040077837829801,115264,10.136,6.2,10.804,-0.6,-0.31,0.39,-8.25,-1.69,-5.69,-0.88,-1.11,-0.07,12097.95,176.0,2.93,0.73,26.0,26.0
1770040077968864986,115379,9.404,6.0,10.444,-2.6,-0.84,0.41,-8.13,-1.69,-5.63,0.2,0.12,-0.47,12098.64,174.0,0.0,26.0,26.0,
1770040078087617766,115508,9.552,6.2,10.212,-1.9,-0.74,0.39,-8.13,-1.69,-5.63,0.03,-0.11,-0.41,12096.58,174.0,0.0,26.0,26.0,
1770040078206357302,115628,9.94,5.8,10.28,-1.9,-0.63,0.41,-8.13,-1.69,-5.63,0.02,-0.05,-0.44,12097.95,173.0,0.0,26.0,26.0,
1770040078321010002,115747,10.588,6.0,10.364,-2.3,-0.61,0.33,-8.13,-1.69,-5.63,0.01,0.0,-0.43,12099.67,173.0,0.0,26.0,26.0,
1770040078443878661,115862,10.736,5.0,10.716,-2.1,-0.66,0.45,-8.13,-1.69,-5.63,-0.01,-0.01,-0.39,12098.98,174.0,0.0,26.0,26.0,
1770040078566726566,115985,10.7,6.1,10.192,-2.0,-0.59,0.27,-8.13,-1.69,-5.63,-0.01,-0.03,-0.4,12096.41,174.0,0.0,26.0,26.0,
1770040078694948597,116105,10.408,5.7,10.552,-2.5,-0.63,0.33,-8.13,-1.69,-5.63,0.0,-0.02,-0.41,12096.92,174.0,0.0,26.0,26.0,
1770040078800136039,116225,9.78,6.0,10.74,-2.4,-0.63,0.33,-8.13,-1.75,-5.63,-0.02,-0.01,-0.41,12099.33,174.0,0.0,26.0,26.0,
1770040078922981907,116338,8.904,5.9,10.3,-0.5,-0.37,0.31,-8.13,-1.75,-5.63,-0.02,-0.03,-0.42,12100.7,174.0,0.0,26.0,26.0,
1770040079041717937,116460,10.82,5.5,10.764,-0.8,-0.39,0.23,-8.13,-1.75,-5.63,-0.01,-0.02,-0.42,12099.67,173.0,0.0,26.0,26.0,
1770040079164622322,116582,10.2,6.3,10.748,-0.7,-0.37,0.37,-8.13,-1.75,-5.63,-0.03,-0.02,-0.4,12097.95,172.0,0.0,26.0,26.0,
1770040079279238066,116704,9.048,6.2,10.8,-0.1,0.08,0.49,-8.13,-1.75,-5.63,-0.01,-0.03,-0.41,12099.67,172.0,0.0,26.0,26.0,
1770040079402097444,116819,9.1,6.0,10.8,-0.1,-0.02,0.45,-8.13,-1.75,-5.63,-0.02,-0.02,-0.42,12099.67,174.0,0.0,26.0,26.0,
1770040079524899780,116939,10.852,5.6,9.516,1.3,0.06,0.41,-8.13,-1.75,-5.63,0.0,-0.03,-0.41,12097.78,172.0,0.0,26.0,26.0,
1770040079662917875,117062,9.804,5.8,10.832,-0.2,-0.06,0.31,-8.13,-1.75,-5.63,-0.01,-0.01,-0.43,12098.81,173.0,0.0,26.0,26.0,
1770040079758336064,117182,9.108,9.5,10.816,0.2,-0.18,0.76,-8.13,-1.75,-5.63,0.0,-0.02,-0.4,12097.44,173.0,0.0,0.73,26.0,26.0
1770040079877055500,117297,9.952,45.2,10.76,-1.3,0.06,1.52,-8.13,-1.75,-5.63,-0.02,-0.01,-0.4,12077.72,174.0,1.39,12.53,26.0,26.0
1770040080004043725,117419,9.152,62.2,9.944,-30.5,1.48,1.11,-8.56,-1.69,-5.69,-0.02,0.2,-0.38,12030.04,174.0,17.95,32.44,26.0,26.0
1770040080122756481,117542,9.844,93.5,9.916,-35.5,1.48,1.5,-9.06,-1.63,-5.63,0.06,0.02,-0.41,11997.62,172.0,35.99,41.42,26.0,26.0
1770040080241531833,117663,9.012,81.8,10.708,-94.2,1.95,1.11,-9.19,-1.44,-5.56,0.61,0.14,-0.72,11962.98,172.0,60.25,49.36,26.0,26.0
1770040080364372450,117781,10.052,67.0,9.74,-59.0,1.58,1.19,-8.81,-1.44,-5.5,-1.33,0.07,-0.43,11944.8,174.0,72.37,52.89,26.0,26.0
1770040080487256297,117902,10.692,62.3,10.724,-71.3,1.48,1.15,-8.06,-1.44,-5.44,-1.34,-1.2,-0.02,11942.75,172.0,71.78,53.84,26.0,26.0
1770040080610020266,118026,10.16,57.1,10.748,-90.9,1.89,1.02,-8.0,-1.5,-5.38,-0.65,-0.42,-0.19,11943.6,168.0,73.51,55.47,28.0,26.0
1770040080732919758,118149,10.06,53.5,10.628,-91.9,1.97,0.64,-7.56,-1.5,-5.31,-0.42,-0.45,-0.21,11939.32,173.0,70.98,57.76,28.0,26.0
1770040080862931423,118270,9.812,54.9,10.708,-128.3,1.39,0.76,-7.44,-1.37,-5.56,-0.11,0.32,-0.35,11948.06,173.0,67.79,57.09,28.0,26.0
1770040080974504253,118388,8.684,102.3,9.508,-135.4,1.99,1.46,-7.0,-1.44,-5.56,-0.3,-0.26,-0.87,11943.6,172.0,70.17,56.84,28.0,26.0
1770040081101454409,118512,10.5,96.8,10.344,0.0,1.7,1.21,-6.88,-1.37,-5.56,1.06,0.06,-0.14,11940.0,175.0,70.17,60.81,28.0,26.0
1770040081224286464,118641,8.704,105.0,10.264,-78.7,1.7,1.19,-6.5,-1.56,-5.38,-0.48,-0.3,-0.28,11928.51,171.0,70.28,66.97,28.0,28.0
1770040081338943514,118762,10.676,64.2,9.776,-90.1,1.5,1.07,-6.13,-1.5,-5.31,-2.2,-0.18,-0.63,11930.57,171.0,69.93,67.79,28.0,28.0
1770040081461796360,118880,8.756,76.3,10.3,-61.5,1.11,1.62,-6.19,-1.37,-5.31,1.77,0.62,-1.31,11933.31,171.0,70.98,66.81,28.0,28.0
1770040081588692581,119001,9.656,91.3,10.736,-102.1,1.52,1.09,-6.5,-1.25,-5.38,0.3,-0.24,-1.46,11929.03,174.0,70.29,68.89,28.0,28.0
1770040081711583232,119127,10.348,75.8,9.412,-80.9,1.6,1.46,-6.63,-1.25,-5.5,-0.86,-0.6,-0.03,11930.4,173.0,69.84,68.54,28.0,28.0
1770040081830341716,119249,10.112,96.7,9.484,-114.4,1.6,1.91,-6.56,-1.31,-5.75,1.7,-1.11,-0.21,11931.25,177.0,69.59,64.72,28.0,28.0
1770040081958936207,119371,10.544,83.6,9.284,-83.9,1.15,1.11,-6.63,-1.37,-5.81,-0.39,-0.98,0.47,11931.94,177.0,71.14,66.78,28.0,28.0
1770040082081936192,119488,10.116,97.7,10.476,-101.8,0.9,1.17,-6.88,-1.56,-5.56,-0.25,-0.02,-0.5,11928.0,176.0,71.78,68.33,28.0,28.0
1770040082194761033,119613,9.504,90.7,10.564,-53.8,0.96,0.82,-6.56,-1.5,-5.38,-0.8,-0.28,-0.33,11931.08,174.0,69.27,68.59,28.0,28.0
1770040082317602275,119734,10.104,71.7,10.208,-80.2,1.35,1.46,-6.63,-1.44,-5.38,-0.28,0.64,-0.35,11932.11,173.0,70.62,65.87,30.0,28.0
1770040082432236291,119857,9.784,75.4,9.424,-75.4,1.84,1.39,-6.5,-1.25,-5.31,-0.68,0.23,0.03,11933.66,173.0,68.96,66.78,30.0,28.0
1770040082559216117,119972,10.116,60.9,10.692,-78.3,1.84,1.37,-6.56,-1.25,-5.44,0.03,0.83,-0.58,11932.45,178.0,68.46,67.77,30.0,28.0
1770040082682042122,120098,9.808,86.9,10.72,-132.7,1.97,1.11,-6.38,-1.25,-5.63,0.91,-0.8,-1.76,11934.34,177.0,67.36,66.02,30.0,28.0
1770040082804884177,120221,10.404,107.6,10.388,-92.3,0.86,1.31,-6.31,-1.31,-5.56,-0.08,-0.35,0.4,11932.11,175.0,70.98,64.72,30.0,28.0
1770040082919532560,120343,10.46,109.9,10.32,-95.3,1.17,1.72,-6.5,-1.5,-5.44,0.23,0.19,-0.73,11934.68,175.0,71.14,63.88,30.0,30.0
1770040083042387872,120458,10.708,93.3,10.164,-84.4,1.02,1.78,-6.0,-1.56,-5.19,1.96,0.26,0.14,11932.11,172.0,70.98,66.11,30.0,30.0
1770040083165220573,120582,10.108,96.6,10.712,-94.4,1.13,1.05,-6.19,-1.56,-5.06,-0.3,0.24,-1.01,11931.6,171.0,71.51,66.83,30.0,30.0
1770040083288066399,120706,10.656,104.5,10.332,0.0,1.27,0.82,-6.13,-1.37,-5.06,0.22,-0.24,-0.72,11925.42,177.0,73.85,66.95,30.0,30.0
1770040083410940237,120827,10.388,108.7,9.928,-99.3,1.95,0.82,-6.25,-1.31,-5.13,-0.08,0.23,-0.55,11931.77,181.0,68.33,68.33,30.0,30.0
1770040083529627026,120949,8.944,91.9,10.332,-169.9,1.89,1.56,-6.25,-1.31,-5.31,1.44,0.54,-0.36,11928.0,181.0,68.96,71.14,30.0,30.0
1770040083652511472,121068,10.6,125.4,10.3,0.0,1.33,1.15,-6.63,-1.37,-5.31,0.36,-0.17,-0.39,11926.8,178.0,70.73,68.71,30.0,30.0
1770040083998927618,121190,10.172,128.6,10.32,-76.6,1.41,1.89,-6.81,-1.56,-5.19,1.24,-0.75,-1.11,11927.48,177.0,72.47,66.95,30.0,30.0
1770040084010018149,121312,10.64,0.0,10.232,-71.7,1.8,1.31,-6.63,-1.69,-5.0,1.64,-0.57,-0.78,11926.11,173.0,73.16,66.26,32.0,30.0
1770040084021277231,121432,9.704,80.3,9.268,-88.1,0.92,1.54,-6.5,-1.69,-5.0,-0.11,-0.11,-0.84,11917.36,173.0,72.49,71.02,32.0,30.0
1770040084139803493,121548,10.452,0.0,10.392,-65.9,1.78,1.07,-6.56,-1.44,-5.06,-1.62,-0.5,-0.22,11930.4,175.0,69.71,66.95,32.0,30.0
1770040084262626937,121679,9.652,84.8,10.712,-95.3,1.17,1.19,-6.81,-1.37,-5.13,-0.67,0.18,-0.9,11931.6,177.0,68.66,69.31,32.0,30.0
1770040084385473319,121801,10.472,85.2,10.596,-110.0,2.07,1.25,-6.63,-1.31,-5.25,0.33,0.65,-0.88,11931.08,181.0,68.33,69.02,32.0,30.0
1770040084500089905,121923,8.976,76.0,10.68,-58.5,1.43,1.7,-6.88,-1.44,-5.38,1.09,-0.26,-0.38,11933.14,181.0,71.02,66.63,32.0,30.0
1770040084718928259,122039,10.528,106.2,10.588,-105.7,1.05,1.68,-7.06,-1.56,-5.19,0.27,-0.35,-0.76,11926.8,177.0,71.09,67.64,32.0,30.0
1770040084745805478,122164,10.664,122.5,10.032,-77.2,1.62,2.21,-7.19,-1.75,-5.0,-1.21,-0.26,-0.09,11925.08,175.0,70.73,69.38,32.0,32.0
1770040084868651878,122286,9.716,99.3,10.52,-82.0,0.82,1.56,-7.19,-1.75,-4.94,-0.31,0.11,-0.36,11920.96,178.0,70.29,73.07,32.0,32.0
1770040084991483431,122406,10.612,74.6,10.648,-64.0,1.19,1.52,-7.31,-1.5,-5.06,-0.17,0.25,0.36,11925.94,173.0,69.71,71.09,32.0,32.0
1770040085106106935,122528,10.068,108.2,10.588,-108.9,1.23,1.52,-7.75,-1.37,-5.19,1.13,0.39,-0.76,11925.6,173.0,67.36,71.76,32.0,32.0
1770040085228978795,122646,9.496,96.5,10.46,-107.7,2.46,1.31,-7.81,-1.25,-5.44,1.33,-0.39,-0.23,11930.91,177.0,65.87,71.3,32.0,32.0
1770040085351809537,122768,10.64,123.5,10.628,-84.7,1.78,1.02,-7.94,-1.31,-5.63,-1.08,-1.02,0.13,11929.71,181.0,69.59,68.2,32.0,32.0
1770040085470603620,122889,9.144,113.6,10.48,-62.5,1.68,1.91,-8.06,-1.5,-5.56,0.45,-0.23,-0.73,11930.05,176.0,70.4,64.88,32.0,32.0
1770040085589290474,123010,10.268,82.0,10.352,-62.7,1.48,1.62,-8.06,-1.63,-5.31,0.66,-0.07,-0.75,11934.17,176.0,68.83,66.63,32.0,32.0
1770040085718922182,123127,8.772,83.4,9.86,-83.4,0.57,1.33,-7.75,-1.75,-5.19,-0.16,-0.23,-0.58,11922.68,178.0,72.18,70.17,34.0,32.0
1770040085835006997,123251,10.124,96.2,10.448,-73.7,1.11,1.17,-7.81,-1.5,-5.19,0.18,-0.19,-0.47,11931.43,174.0,70.29,68.2,34.0,32.0
1770040085953713808,123373,10.532,107.7,10.632,-65.7,1.29,1.72,-8.0,-1.44,-5.31,0.71,0.79,-0.23,11935.03,173.0,68.89,66.81,34.0,32.0
1770040086072500969,123494,10.68,94.9,10.536,-109.2,1.64,1.64,-7.88,-1.37,-5.44,-1.29,0.15,-0.67,11928.85,173.0,67.51,68.23,34.0,32.0
1770040086195334048,123613,8.888,88.4,10.668,-103.0,1.11,1.8,-7.81,-1.5,-5.88,1.34,0.55,-0.15,11930.4,180.0,70.84,65.49,34.0,32.0
1770040086318176180,123736,10.316,112.2,10.66,-55.4,1.62,1.33,-7.81,-1.56,-5.5,-1.94,-0.98,-0.11,11930.23,178.0,69.71,65.57,34.0,32.0
1770040086441005797,123857,9.036,101.4,10.332,-72.3,1.11,1.72,-7.88,-1.81,-5.31,0.2,-0.61,-0.2,11927.48,180.0,70.4,65.57,34.0,34.0
1770040086555631004,123978,9.668,86.2,10.692,-89.6,1.02,0.88,-7.56,-1.94,-5.19,0.33,0.03,-0.2,11924.05,180.0,70.91,69.43,34.0,34.0
1770040086778941038,124094,9.06,85.9,10.54,-86.4,1.29,1.0,-7.44,-1.69,-5.25,0.27,0.56,-0.34,11926.97,175.0,70.29,67.5,34.0,34.0
1770040086801366087,124218,10.448,82.1,10.616,-75.7,1.52,1.11,-7.5,-1.63,-5.31,0.74,-1.43,-0.4,11931.08,172.0,68.83,66.83,34.0,34.0
1770040086924199259,124341,9.384,100.4,10.696,-72.0,1.46,1.23,-7.5,-1.5,-5.38,-1.02,-0.64,-0.72,11932.11,172.0,66.41,67.77,34.0,34.0
1770040087047033959,124463,9.748,89.0,10.624,-81.8,1.39,1.21,-7.5,-1.56,-5.63,0.1,0.94,-0.81,11928.51,179.0,69.59,67.5,34.0,34.0
1770040087165791874,124584,9.768,123.3,10.36,0.0,1.58,1.41,-7.63,-1.81,-5.44,0.09,-0.5,0.1,11934.34,179.0,68.96,66.06,34.0,34.0
1770040087292714600,124702,8.716,0.0,10.244,-93.5,0.86,1.6,-7.94,-1.94,-5.31,-1.42,-0.43,0.53,11925.25,178.0,71.88,67.77,34.0,34.0
1770040087415625289,124830,10.092,84.2,10.684,-108.2,1.04,1.89,-7.81,-2.06,-5.13,1.66,0.9,-1.91,11922.85,175.0,70.39,67.76,36.0,34.0
1770040087534266201,124952,9.0,95.0,10.676,-87.1,0.64,1.8,-7.69,-1.88,-5.19,0.22,0.6,0.57,11928.51,172.0,70.4,67.64,36.0,34.0
1770040087750930370,125073,9.76,106.7,10.168,-68.2,1.64,1.11,-7.69,-1.69,-5.25,1.13,-0.32,-1.39,11931.08,172.0,69.09,65.49,36.0,34.0
1770040087775891559,125194,8.988,0.0,10.108,-93.3,1.41,1.46,-7.63,-1.56,-5.31,0.41,0.0,-0.1,11928.34,178.0,68.71,67.36,36.0,34.0
1770040087898746856,125316,9.104,96.2,9.624,-106.9,1.21,0.88,-7.69,-1.56,-5.44,0.63,1.5,-1.32,11928.51,175.0,70.29,67.5,36.0,34.0
1770040088021572066,125436,8.86,89.3,10.68,-96.8,1.13,1.58,-7.81,-1.69,-5.31,0.03,-0.57,-0.4,11930.23,175.0,69.83,65.04,36.0,34.0
1770040088140316112,125559,9.7,121.4,10.636,-98.4,1.07,1.86,-8.0,-1.88,-5.13,0.51,0.94,-0.65,11932.11,175.0,71.02,64.43,36.0,34.0
1770040088263146620,125677,9.992,110.8,10.348,-75.6,1.17,1.91,-7.81,-2.06,-4.88,-0.72,-0.61,-0.6,11929.54,170.0,70.73,66.02,36.0,36.0
1770040088386010692,125800,9.308,94.5,10.448,-70.8,0.84,1.17,-7.5,-1.94,-4.94,-0.51,0.39,-0.36,11930.05,172.0,69.94,69.27,36.0,36.0
1770040088504699181,125923,10.228,66.4,9.524,-80.9,1.48,1.62,-7.5,-1.69,-4.94,-0.77,0.17,-0.63,11933.66,174.0,69.59,66.81,36.0,36.0
1770040088627541519,126045,8.628,94.4,10.296,-75.1,1.8,1.46,-7.69,-1.5,-5.13,-0.84,0.09,-0.25,11936.91,173.0,65.04,66.41,36.0,36.0
1770040088750432083,126168,10.06,88.2,10.432,-63.1,1.35,0.84,-7.75,-1.56,-5.25,0.08,1.74,-0.55,11927.31,173.0,68.23,68.96,36.0,36.0
1770040088970919519,126288,9.328,59.7,9.672,-76.1,1.54,0.98,-7.88,-1.63,-5.25,-0.6,-0.42,-0.23,11931.43,167.0,71.05,67.1,36.0,36.0
1770040088996106096,126411,10.384,117.5,10.732,-84.8,1.04,0.94,-8.13,-1.81,-5.13,-0.71,1.47,-0.28,11926.45,173.0,73.16,65.57,36.0,36.0
1770040089114880229,126533,10.648,86.5,10.312,-121.9,1.58,2.03,-7.94,-2.0,-4.94,1.09,2.17,-0.89,11927.14,177.0,72.37,65.42,38.0,36.0
1770040089233585315,126654,10.02,104.9,10.544,-63.8,1.52,1.17,-7.5,-2.0,-4.88,-0.29,-0.07,-0.27,11924.22,177.0,71.86,68.23,38.0,36.0
1770040089356439883,126774,9.832,0.0,10.592,-115.6,1.09,1.58,-7.38,-1.81,-4.94,0.54,0.14,-0.77,11934.68,193.0,70.62,67.91,38.0,36.0
1770040089479321222,126895,10.64,88.1,10.636,-117.6,0.98,1.46,-7.31,-1.56,-5.13,1.45,0.59,-1.66,11931.25,202.0,69.14,68.46,38.0,36.0
1770040089602086798,127016,10.004,82.5,10.532,-76.1,1.58,1.76,-7.56,-1.56,-5.19,-0.73,0.48,0.3,11921.65,204.0,69.71,70.4,38.0,36.0
                                                                                                                                                                                                                                                                                                                                                                                                                                                                                                                                                                                                                                                                                                                                                                                                                                                                                                                                                                                                                                                                                                                                                                                                                                                                                                                                                                                                                                                                                                                                                                                                                                                                                                                                                                                                                                                                   