timestamp_ns,time_ms,voltage_left,current_left_ma,voltage_right,current_right_ma,motor_current_left,motor_current_right,euler_x,euler_y,euler_z,acc_lin_x,acc_lin_y,acc_lin_z,sonar_mm,tof_mm,rpm_left,rpm_right,rotations_left,rotations_right
1774375553329098508,6586,9.576,2.0,11.204,-0.4,0.27,-0.04,-0.06,6.06,11.31,0.0,0.0,-0.04,12014.6,191.0,0.0,0.0,0.0,
1774375553447860582,7564,9.516,1.9,11.216,-0.9,0.12,-0.21,-0.06,6.06,11.31,0.01,0.0,-0.02,12016.49,185.0,0.0,0.0,0.0,
1774375553566639675,7682,9.608,2.1,11.204,-0.9,0.12,-0.16,-0.06,6.06,11.31,-0.01,0.02,-0.05,12015.46,192.0,0.0,0.0,0.0,
1774375553768274267,7800,9.512,2.1,11.216,-0.7,0.16,-0.12,-0.06,6.06,11.31,0.0,0.03,-0.01,12014.78,189.0,0.0,0.0,0.0,
1774375553804206415,7919,9.524,2.2,11.208,-0.6,0.21,0.0,-0.06,6.06,11.31,0.0,0.0,-0.04,12013.75,193.0,0.0,0.0,0.0,
1774375553922988934,8040,9.52,2.1,11.212,-1.0,0.1,-0.2,-0.06,6.06,11.31,0.0,0.0,-0.02,12013.75,197.0,0.0,0.0,0.0,
1774375554037658008,8158,9.536,1.9,11.204,-0.7,0.12,-0.27,-0.06,6.06,11.31,-0.01,0.01,-0.03,12014.09,197.0,0.0,0.0,0.0,
1774375554156440211,8271,9.612,1.9,11.216,-0.7,0.06,-0.18,-0.06,6.06,11.31,-0.01,0.01,-0.02,12013.4,191.0,0.0,0.0,0.0,
1774375554275224322,8389,9.596,1.9,11.204,-0.7,0.1,-0.06,-0.06,6.06,11.31,-0.01,0.0,-0.05,12012.2,198.0,0.0,0.0,0.0,
1774375554389912137,8509,9.508,2.0,11.212,-0.9,0.18,-0.16,-0.06,6.06,11.31,-0.01,0.01,0.02,12012.03,198.0,0.0,0.0,0.0,
1774375554508695544,8625,9.576,2.2,11.2,-0.8,0.18,-0.08,-0.06,6.06,11.31,0.0,0.0,-0.05,12012.2,191.0,0.0,0.0,0.0,
1774375554635714192,8742,9.512,2.0,11.208,-0.7,0.0,-0.08,-0.06,6.06,11.31,0.0,0.01,-0.02,12012.03,189.0,0.0,0.0,0.0,
1774375554754438618,8869,9.62,1.9,11.216,-0.8,0.1,-0.23,-0.06,6.06,11.31,0.0,0.01,-0.02,12010.14,193.0,0.0,0.0,0.0,
1774375554877311359,8989,9.512,2.1,11.208,-0.7,0.04,-0.04,-0.06,6.06,11.31,-0.01,0.0,-0.03,12010.49,185.0,0.0,0.0,0.0,
1774375554987902618,9110,9.516,2.1,11.212,-0.7,0.14,-0.21,-0.06,6.06,11.31,0.0,0.01,-0.03,12012.2,185.0,0.0,0.0,0.0,
1774375555106677729,9222,9.528,1.9,11.204,-0.7,0.04,-0.16,-0.06,6.06,11.31,-0.01,0.01,-0.02,12012.55,183.0,0.0,0.0,0.0,
1774375555225471340,9339,9.6,2.2,11.208,-0.5,0.06,-0.21,-0.06,6.06,11.31,-0.01,0.01,-0.05,12011.35,189.0,0.0,0.0,0.0,
1774375555336048396,9457,9.576,2.1,11.204,-0.7,0.1,-0.12,-0.06,6.06,11.31,0.0,0.0,-0.03,12010.66,189.0,0.0,0.0,0.0,
1774375555454828136,9569,9.588,1.9,11.208,-0.8,0.02,-0.06,-0.06,6.06,11.31,0.0,-0.01,-0.01,12011.86,187.0,0.0,0.0,0.0,
1774375555573598951,9691,9.604,2.0,11.212,-1.2,0.12,-0.06,-0.06,6.06,11.31,-0.01,0.01,-0.05,12011.17,191.0,0.0,0.0,0.0,
1774375555692388377,9809,9.568,2.0,11.212,-0.9,0.14,-0.1,-0.06,6.06,11.31,-0.01,0.0,-0.03,12009.8,186.0,0.0,0.0,0.0,
1774375555912278673,9927,9.6,2.0,11.208,-1.0,0.08,-0.08,-0.06,6.06,11.31,0.0,0.01,-0.01,12010.32,195.0,0.0,0.0,0.0,
1774375555925926581,10046,9.532,2.1,11.216,-0.6,0.06,-0.14,-0.06,6.06,11.31,-0.02,0.0,-0.05,12010.83,195.0,0.0,0.0,0.0,
1774375556044649451,10160,9.516,2.3,11.208,-0.7,0.02,-0.16,-0.06,6.06,11.31,0.0,0.0,-0.04,12011.69,187.0,0.0,0.0,0.0,
1774375556167509766,10279,9.532,2.0,11.212,-0.9,0.08,-0.16,-0.06,6.06,11.31,-0.01,0.01,-0.03,12009.97,182.0,0.0,0.0,0.0,
1774375556278103154,10399,9.6,1.9,11.192,-0.7,-0.06,-0.21,-0.06,6.06,11.31,-0.01,0.02,-0.06,12011.86,182.0,0.0,0.0,0.0,
1774375556396875747,10511,9.524,1.8,11.2,-0.9,0.0,-0.12,-0.06,6.06,11.31,0.0,0.03,-0.02,12010.14,190.0,0.0,0.0,0.0,
1774375556515661210,10629,9.596,2.1,11.208,-0.9,0.08,-0.1,-0.06,6.06,11.31,-0.01,0.0,-0.05,12011.52,193.0,0.0,0.0,0.0,
1774375556634437858,10748,9.596,2.1,11.208,-0.9,0.12,-0.06,-0.06,6.06,11.31,0.0,-0.01,-0.07,12011.0,191.0,0.0,0.0,0.0,
1774375556749126228,10867,9.548,2.1,11.204,-0.8,0.06,-0.2,-0.06,6.06,11.31,-0.01,-0.01,-0.03,12012.72,191.0,0.0,0.0,0.0,
1774375556863783247,10981,9.604,2.0,11.208,-0.9,0.06,-0.04,-0.06,6.06,11.31,0.0,0.0,-0.01,12011.69,190.0,0.0,0.0,0.0,
1774375556986689191,11099,9.608,1.9,11.216,-0.8,0.1,-0.08,-0.06,6.06,11.31,0.0,0.0,-0.03,12010.66,192.0,0.0,0.0,0.0,
1774375557109554284,11218,9.548,1.5,9.748,-0.1,0.14,-0.23,-0.06,6.06,11.31,-0.01,0.0,-0.02,12009.46,183.0,0.0,0.0,0.0,
1774375557220159913,11341,11.176,1.7,9.744,-0.9,0.0,-0.08,-0.06,6.06,11.31,0.0,0.01,-0.05,12011.86,183.0,0.0,0.0,0.0,
1774375557334833469,11454,9.36,2.3,11.204,-0.9,0.14,-0.1,-0.06,6.06,11.31,0.0,0.0,-0.04,12011.17,183.0,0.0,0.0,0.0,
1774375557453605228,11569,9.356,2.5,11.212,-0.8,-0.04,-0.14,-0.06,6.06,11.31,0.0,0.0,-0.04,12013.58,195.0,0.0,0.0,0.0,
1774375557572394691,11686,9.364,2.3,11.216,-0.8,-0.06,-0.18,-0.06,6.06,11.31,0.0,0.01,-0.03,12011.35,191.0,0.0,0.0,0.0,
1774375557695276894,11805,9.296,2.2,11.204,-0.8,0.14,-0.12,-0.06,6.06,11.31,-0.01,0.02,-0.06,12011.86,191.0,0.0,0.0,0.0,
1774375558000272542,11926,9.364,2.2,11.204,-1.0,0.18,-0.04,-0.06,6.06,11.31,-0.01,0.0,-0.05,12013.75,189.0,0.0,0.0,0.0,
1774375558022950653,12045,9.288,2.4,11.204,-0.8,0.16,-0.1,-0.06,6.06,11.31,-0.01,0.0,-0.01,12011.35,188.0,0.0,0.0,0.0,
1774375558051603950,12165,11.184,1.5,9.892,-0.1,0.1,-0.08,-0.06,6.06,11.31,-0.01,0.02,-0.04,12010.49,192.0,0.0,0.0,0.0,
1774375558170391505,12284,11.188,1.5,9.9,0.0,0.12,-0.23,-0.06,6.06,11.31,-0.01,0.0,-0.02,12015.46,192.0,0.0,0.0,0.0,
1774375558285069005,12401,11.188,1.7,11.208,-0.9,0.25,-0.2,-0.06,6.06,11.31,-0.01,0.02,-0.05,12016.32,193.0,0.0,0.0,0.0,
1774375558403863116,12518,9.6,2.0,11.2,-1.0,0.16,-0.16,-0.06,6.06,11.31,0.01,0.0,-0.04,12016.15,184.0,0.0,0.0,0.0,
1774375558522632486,12637,9.516,2.0,11.208,-0.8,0.1,-0.16,-0.06,6.06,11.31,-0.01,0.02,-0.02,12014.09,183.0,0.0,0.0,0.0,
1774375558643235968,12753,9.512,2.1,11.212,-1.1,0.14,-0.12,-0.06,6.06,11.31,0.0,0.01,-0.03,12015.46,183.0,0.0,0.0,0.0,
1774375558840273857,12867,9.536,2.2,11.208,-0.7,0.12,-0.18,-0.06,6.06,11.31,-0.01,0.0,-0.02,12015.63,191.0,0.0,0.0,0.0,
1774375558870748912,12988,9.516,2.1,11.208,-0.8,-0.02,-0.12,-0.06,6.06,11.31,0.0,0.0,-0.02,12014.26,192.0,0.0,0.0,0.0,
1774375558989554486,13105,9.592,2.0,11.208,-0.8,0.02,-0.1,-0.06,6.06,11.31,-0.01,0.01,-0.01,12013.92,191.0,0.0,0.0,0.0,
1774375559104256560,13221,9.516,2.3,11.212,-0.9,0.18,-0.1,-0.06,6.06,11.31,0.0,0.0,-0.04,12015.29,191.0,0.0,0.0,0.0,
1774375559223093004,13335,9.552,2.1,11.212,-0.9,0.08,-0.02,-0.06,6.06,11.31,0.01,0.01,-0.02,12015.46,187.0,0.0,0.0,0.0,
1774375559341825801,13456,9.524,2.1,11.212,-0.9,0.06,-0.02,-0.06,6.06,11.31,0.0,0.0,-0.04,12014.26,192.0,0.0,0.0,0.0,
1774375559460647541,13575,9.592,1.7,11.208,-0.8,0.08,-0.06,-0.06,6.06,11.31,-0.01,0.01,-0.05,12014.95,184.0,0.0,0.0,0.0,
1774375559571207264,13692,9.512,2.0,11.2,-1.0,0.02,-0.29,-0.06,6.06,11.31,0.0,0.02,-0.03,12015.8,184.0,0.0,0.0,0.0,
1774375559694116171,13804,9.608,2.2,11.204,-1.0,0.02,-0.2,-0.06,6.06,11.31,-0.01,0.0,-0.03,12014.26,183.0,0.0,0.0,0.0,
1774375559812883319,13925,9.512,2.3,11.212,-0.9,0.2,-0.02,-0.06,6.06,11.31,-0.01,0.0,-0.05,12013.75,184.0,0.0,0.0,0.0,
1774375559931646189,14046,9.504,2.2,11.2,-0.9,0.1,-0.04,-0.06,6.06,11.31,0.0,0.0,-0.01,12013.75,190.0,0.0,0.0,0.0,
1774375560046356263,14163,9.516,2.1,11.204,-1.0,0.1,-0.1,-0.06,6.06,11.31,0.01,0.0,-0.03,12016.66,190.0,0.0,0.0,0.0,
1774375560165173337,14276,9.588,2.1,11.2,-0.5,-0.08,-0.18,-0.06,6.06,11.31,-0.01,0.0,-0.04,12016.49,193.0,0.0,0.0,0.0,
1774375560283871263,14395,9.58,2.0,11.208,-0.8,0.12,-0.27,-0.06,6.06,11.31,-0.01,0.01,-0.04,12014.26,188.0,0.0,0.0,0.0,
1774375560402694763,14517,9.556,2.4,11.208,-0.7,0.1,-0.1,-0.06,6.06,11.31,0.01,0.0,-0.05,12014.26,190.0,0.0,0.0,0.0,
1774375560517373800,14635,9.52,1.9,11.204,-0.8,-0.02,-0.23,-0.06,6.06,11.31,0.0,0.01,-0.05,12015.8,190.0,0.0,0.0,0.0,
1774375560636162300,14747,9.568,2.0,11.22,-0.8,0.12,-0.14,-0.06,6.06,11.31,0.0,0.01,-0.04,12017.52,191.0,0.0,0.0,0.0,
1774375560763122929,14866,9.6,2.1,11.204,-0.8,0.04,-0.12,-0.06,6.06,11.31,0.0,0.01,-0.02,12015.29,196.0,0.0,0.0,0.0,
1774375560881911652,14995,9.584,2.2,11.208,-1.0,0.0,-0.14,-0.06,6.06,11.31,0.0,0.02,-0.04,12014.78,185.0,0.0,0.0,0.0,
1774375560996588244,15114,9.516,1.9,11.216,-1.1,-0.02,-0.18,-0.06,6.06,11.31,0.0,0.01,-0.03,12015.8,185.0,0.0,0.0,0.0,
1774375561115376096,15226,9.508,2.0,11.208,-1.0,0.18,-0.2,-0.06,6.06,11.31,-0.01,0.0,-0.01,12017.86,191.0,0.0,0.0,0.0,
1774375561234159929,15345,9.568,2.0,11.204,-1.1,0.08,-0.18,-0.06,6.06,11.31,0.0,0.0,-0.05,12015.29,190.0,0.0,0.0,0.0,
1774375561352863707,15464,9.6,2.1,11.208,-0.7,0.02,-0.06,-0.06,6.06,11.31,0.0,0.0,-0.01,12016.49,186.0,0.0,0.0,0.0,
1774375561467619781,15586,9.556,2.1,11.2,-1.0,0.08,-0.16,-0.06,6.06,11.31,-0.01,0.01,-0.05,12017.0,186.0,0.0,0.0,0.0,
1774375561586386559,15698,9.504,2.1,11.204,-0.9,0.08,-0.2,-0.06,6.06,11.31,-0.02,0.0,-0.05,12016.66,188.0,0.0,0.0,0.0,
1774375561701050392,15816,9.524,2.0,11.212,-0.7,0.02,-0.2,-0.06,6.06,11.31,-0.02,0.0,-0.04,12013.75,190.0,0.0,0.0,0.0,
1774375562020315466,15933,9.596,2.2,11.208,-0.7,-0.08,-0.12,-0.06,6.06,11.31,0.0,0.01,-0.06,12014.78,197.0,0.0,0.0,0.0,
1774375562032462521,16050,9.568,2.0,11.2,-0.9,-0.04,-0.1,-0.06,6.06,11.31,0.01,0.0,-0.04,12015.29,197.0,0.0,0.0,0.0,
1774375562053335984,16164,9.6,2.0,11.2,-1.0,0.06,-0.1,-0.06,6.06,11.31,-0.01,0.02,-0.02,12014.09,190.0,0.0,0.0,0.0,
1774375562172130780,16283,9.556,2.0,11.212,-0.8,0.16,-0.16,-0.06,6.06,11.31,0.0,0.02,-0.05,12015.8,194.0,0.0,0.0,0.0,
1774375562290835114,16401,9.532,2.0,11.204,-0.9,-0.04,-0.18,-0.06,6.06,11.31,-0.02,0.0,-0.04,12014.09,186.0,0.0,0.0,0.0,
1774375562401437577,16520,9.592,2.0,11.204,-0.8,0.02,-0.14,-0.06,6.06,11.31,-0.01,0.03,-0.01,12015.12,186.0,0.0,0.0,0.0,
1774375562524354910,16632,9.596,2.0,11.204,-0.9,-0.12,-0.14,-0.06,6.06,11.31,-0.01,0.0,-0.02,12015.63,187.0,0.0,0.0,0.0,
1774375562639037428,16752,9.588,2.2,11.2,-0.8,0.16,-0.1,-0.06,6.06,11.31,-0.01,0.0,-0.03,12015.12,190.0,0.0,0.0,0.0,
1774375562757805373,16869,9.504,1.9,11.208,-1.0,0.04,-0.18,-0.06,6.06,11.31,0.0,0.0,-0.05,12015.29,184.0,0.0,0.0,0.0,
1774375562868397539,16988,9.6,2.0,11.212,-0.9,0.06,-0.08,-0.06,6.06,11.31,-0.01,0.0,-0.03,12016.15,184.0,0.0,0.0,0.0,
1774375562995363632,17099,9.592,1.9,11.204,-0.9,0.18,-0.14,-0.06,6.06,11.31,0.0,0.0,-0.04,12016.32,191.0,0.0,0.0,0.0,
1774375563114143576,17224,9.532,2.0,11.204,-0.7,0.14,-0.08,-0.06,6.06,11.31,0.0,0.0,-0.01,12014.6,191.0,0.0,0.0,0.0,
1774375563232907558,17342,9.544,2.0,11.208,-0.7,0.02,-0.06,-0.06,6.06,11.31,0.0,0.0,-0.04,12015.63,188.0,0.0,0.0,0.0,
1774375563347579743,17462,9.592,2.0,11.212,-0.8,-0.04,-0.21,-0.06,6.06,11.31,0.0,0.01,-0.04,12015.8,188.0,0.0,0.0,0.0,
1774375563466400095,17575,9.604,2.1,11.208,-0.7,0.0,-0.06,-0.06,6.06,11.31,0.0,0.0,0.0,12015.63,193.0,0.0,0.0,0.0,
1774375563585186409,17696,9.588,2.0,11.208,-0.8,0.16,-0.08,-0.06,6.06,11.31,-0.02,0.0,-0.03,12014.6,188.0,0.0,0.0,0.0,
1774375563703955631,17814,9.58,2.1,11.22,-0.6,0.1,-0.12,-0.06,6.06,11.31,-0.01,0.01,-0.04,12013.23,184.0,0.0,0.0,0.0,
1774375563826831261,17934,9.516,2.1,11.204,-0.8,0.08,-0.06,-0.06,6.06,11.31,0.0,0.0,-0.02,12012.37,184.0,0.0,0.0,0.0,
1774375563945621742,18057,9.52,2.0,11.212,-1.1,0.02,-0.14,-0.06,6.06,11.31,-0.01,0.0,-0.05,12012.37,188.0,0.0,0.0,0.0,
1774375564068488965,18176,9.592,2.1,11.208,-0.9,0.0,-0.1,-0.06,6.06,11.31,0.01,0.01,-0.04,12012.03,189.0,0.0,0.0,0.0,
1774375564187234187,18297,9.516,1.9,11.212,-1.1,0.2,-0.12,-0.06,6.06,11.31,-0.01,0.0,-0.01,12011.35,188.0,0.0,0.0,0.0,
1774375564307855020,18417,9.516,1.7,9.752,0.2,0.14,-0.21,-0.06,6.06,11.31,-0.01,0.01,-0.05,12012.55,188.0,0.0,0.0,0.0,
1774375564420725261,18529,11.188,1.7,11.204,-0.8,0.14,-0.08,-0.06,6.06,11.31,0.0,0.0,-0.03,12012.03,193.0,0.0,0.0,0.0,
1774375564539496224,18649,9.276,2.5,11.204,-1.0,-0.02,-0.08,-0.06,6.06,11.31,-0.01,-0.01,-0.03,12010.83,187.0,0.0,0.0,0.0,
1774375564662382390,18769,9.268,2.3,11.204,-0.9,0.04,-0.02,-0.06,6.06,11.31,0.0,-0.01,-0.01,12011.69,188.0,0.0,0.0,0.0,
1774375564772966353,18890,9.28,2.4,11.212,-0.9,0.1,-0.06,-0.06,6.06,11.31,-0.01,0.0,-0.02,12013.4,188.0,0.0,0.0,0.0,
1774375564891727964,19002,9.368,2.5,11.208,-1.0,0.1,-0.25,-0.06,6.06,11.31,0.0,0.0,-0.01,12015.29,184.0,0.0,0.0,0.0,
1774375565010505631,19122,9.364,2.3,11.208,-0.7,0.04,-0.23,-0.06,6.06,11.31,-0.01,-0.01,-0.03,12013.58,187.0,0.0,0.0,0.0,
1774375565133406223,19239,9.292,2.4,11.2,-1.0,0.0,-0.2,-0.06,6.06,11.31,0.0,0.01,-0.03,12014.6,189.0,0.0,0.0,0.0,
1774375565244019019,19361,9.288,2.3,11.204,-0.6,0.16,-0.16,-0.06,6.06,11.31,-0.01,0.0,-0.04,12015.29,189.0,0.0,0.0,0.0,
1774375565362732593,19473,9.276,2.3,11.212,-1.0,0.0,-0.16,-0.06,6.06,11.31,0.0,0.0,-0.04,12015.63,189.0,0.0,0.0,0.0,
1774375565481553667,19593,9.364,2.4,11.204,-0.9,0.08,-0.08,-0.06,6.06,11.31,0.0,0.0,-0.04,12015.46,195.0,0.0,0.0,0.0,
1774375565610388186,19710,9.28,2.3,11.204,-1.0,0.12,-0.23,-0.06,6.06,11.31,0.0,0.0,-0.05,12014.09,184.0,0.0,0.0,0.0,
1774375565715016186,19831,9.376,2.2,11.212,-0.8,0.1,-0.12,-0.06,6.06,11.31,-0.01,0.0,-0.02,11992.82,184.0,11.82,0.0,0.0,0.0
1774375566244307741,19943,11.176,1.6,11.188,-8.2,-0.29,-0.12,-0.06,6.06,11.31,0.01,0.02,0.0,11989.56,187.0,21.59,0.0,0.0,0.0
1774375566259751185,20061,9.26,2.3,11.096,-27.6,-1.25,-0.16,-0.06,6.06,11.31,-1.18,0.35,0.16,11999.0,184.0,14.03,0.0,0.0,0.0
1774375566263924111,20179,9.344,3.5,10.584,-34.7,-2.07,-0.1,-0.25,6.5,11.38,-0.17,0.4,0.08,12002.26,185.0,10.53,0.0,0.0,0.0
1774375566275394056,20298,10.62,0.1,11.044,-49.3,-1.74,-0.25,-0.5,7.13,11.38,0.39,0.06,0.61,160.7,185.0,10.27,0.0,0.0,0.0
1774375566288441648,20399,11.036,1.3,11.108,-57.9,-2.56,0.1,-0.69,7.38,11.38,0.07,0.04,-0.23,12005.34,185.0,9.09,0.0,0.0,0.0
1774375566413146852,20516,10.516,-0.2,11.176,-56.4,-2.81,-0.18,-0.88,7.56,11.31,0.48,0.05,0.71,12004.31,185.0,7.14,0.0,0.0,0.0
1774375566525995426,20633,10.944,2.9,10.428,-54.1,-2.79,-0.1,-1.06,7.75,11.31,-0.56,0.03,-1.01,12004.14,184.0,7.85,0.0,0.0,0.0
1774375566640677870,20754,10.972,0.9,11.1,-56.7,-2.07,-0.2,-1.25,7.94,11.31,1.08,0.01,1.61,12006.37,184.0,8.79,0.0,0.0,0.0
1774375566759524241,20870,10.804,3.9,11.092,-55.7,-2.19,-0.2,-1.44,8.06,11.31,0.64,0.29,1.13,12007.57,188.0,7.72,0.0,0.0,0.0
1774375566886432889,20988,9.436,1.5,10.568,-51.3,-2.6,-0.16,-1.63,8.19,11.31,0.42,0.32,1.97,12004.31,179.0,7.08,0.0,0.0,0.0
1774375567009305170,21115,10.04,2.2,10.976,-46.5,-2.58,-0.08,-1.81,8.31,11.31,-0.46,0.18,-0.52,11994.2,183.0,7.83,0.0,0.0,0.0
1774375567124061353,21236,11.076,3.3,10.456,-56.1,-2.62,-0.1,-1.94,8.44,11.31,0.27,0.1,0.4,12004.31,183.0,7.39,0.0,0.0,0.0
1774375567246986700,21352,10.772,2.5,10.72,-48.8,-2.62,-0.2,-2.13,8.5,11.31,0.59,0.19,0.73,12003.63,191.0,7.72,0.0,0.0,0.0
1774375567345355914,21474,11.12,2.3,11.128,-53.1,-2.89,-0.33,-2.31,8.56,11.31,-0.46,-0.35,-1.54,193.62,191.0,5.49,0.0,0.0,0.0
1774375567447881030,21574,10.872,3.6,10.816,-61.2,-3.5,-0.23,-2.44,8.63,11.38,-0.41,0.11,0.29,210.43,179.0,5.51,0.0,0.0,0.0
1774375567566670024,21675,9.816,2.8,10.996,-52.7,-2.36,-0.14,-2.56,8.69,11.38,0.12,0.12,0.71,12003.8,184.0,7.43,0.0,0.0,0.0
1774375567689614883,21794,11.012,0.2,10.984,-48.5,-2.71,-0.33,-2.69,8.75,11.44,0.39,0.19,0.95,12004.14,185.0,7.02,0.0,0.0,0.0
1774375567808472139,21916,10.692,4.5,11.124,-48.0,-2.4,-0.14,-2.88,8.81,11.44,-0.12,0.05,-0.4,12003.46,184.0,6.96,0.0,0.0,0.0
1774375567923224838,22036,11.024,1.8,10.804,-47.3,-2.42,-0.08,-3.06,8.81,11.44,0.02,-0.02,0.21,12005.51,184.0,5.91,0.0,0.0,0.0
1774375568042082537,22150,10.628,2.1,11.028,-56.5,-2.95,-0.18,-3.19,8.88,11.44,-0.27,0.06,-0.27,12003.97,180.0,7.02,0.0,0.0,0.0
1774375568160932087,22268,9.6,1.9,11.204,-0.9,0.04,-0.1,-3.38,8.88,11.5,0.38,0.03,-0.51,12015.12,187.0,0.0,0.0,0.0,
1774375568283820931,22387,9.648,2.0,11.212,-0.7,0.06,-0.08,-3.38,8.88,11.44,0.0,0.01,-0.07,12015.12,180.0,0.0,0.0,0.0,
1774375568592311767,22509,9.6,1.9,11.204,-1.0,-0.02,-0.18,-3.38,8.88,11.44,-0.03,0.0,-0.06,12016.49,180.0,0.0,0.0,0.0,
1774375568604428759,22622,9.612,2.1,11.208,-0.9,0.14,-0.23,-3.38,8.88,11.44,0.0,0.0,-0.08,12016.49,185.0,0.0,0.0,0.0,
1774375568632216488,22739,9.6,2.1,11.208,-0.9,0.02,-0.16,-3.38,8.88,11.44,-0.02,0.0,-0.1,12014.43,178.0,0.0,0.0,0.0,
1774375568751057348,22858,9.64,2.2,11.208,-0.9,0.0,-0.23,-3.38,8.88,11.44,-0.01,0.02,-0.03,12013.58,182.0,0.0,0.0,0.0,
1774375568868323754,22979,9.696,2.0,11.22,-0.8,0.2,-0.2,-3.38,8.88,11.44,0.0,0.03,-0.1,12015.29,182.0,0.0,0.0,0.0,
1774375568980545471,23089,9.676,2.1,11.2,-0.9,-0.04,-0.27,-3.38,8.88,11.44,-0.01,0.0,-0.08,12014.78,179.0,0.0,0.0,0.0,
1774375569099395941,23207,9.672,2.0,11.208,-1.0,0.0,-0.23,-3.38,8.88,11.44,-0.04,0.0,-0.03,12015.12,178.0,0.0,0.0,0.0,
1774375569218262538,23325,9.68,2.2,11.208,-1.0,0.08,-0.2,-3.38,8.88,11.44,-0.01,0.03,-0.05,12014.09,186.0,0.0,0.0,0.0,
1774375569332914722,23444,9.648,2.1,11.216,-1.1,0.02,-0.12,-3.38,8.88,11.44,-0.01,0.03,-0.08,12014.6,186.0,0.0,0.0,0.0,
1774375569451775389,23560,11.18,1.6,11.208,-1.1,0.02,-0.18,-3.38,8.88,11.44,-0.02,0.01,-0.03,12015.46,182.0,0.0,0.0,0.0,
1774375569570636723,23678,9.6,2.0,11.208,-1.0,0.08,-0.18,-3.38,8.88,11.44,-0.02,0.01,-0.01,12014.6,181.0,0.0,0.0,0.0,
1774375569689482994,23797,9.6,1.9,11.212,-0.9,0.1,-0.14,-3.38,8.88,11.44,0.0,0.0,-0.05,12015.98,187.0,0.0,0.0,0.0,
1774375569896316260,23916,9.592,2.1,11.212,-1.0,0.06,-0.18,-3.38,8.88,11.44,0.0,0.02,-0.04,12014.26,187.0,0.0,0.0,0.0,
1774375569931227343,24029,9.656,2.1,11.204,-0.7,0.0,-0.18,-3.38,8.88,11.44,-0.01,0.0,-0.05,12011.17,178.0,0.0,0.0,0.0,
1774375570050108855,24158,9.604,1.9,11.208,-0.8,0.12,-0.04,-3.38,8.88,11.44,0.0,0.01,-0.04,12009.29,187.0,0.0,0.0,0.0,
1774375570168930429,24275,9.68,1.8,11.2,-4.5,-2.73,-0.16,-3.38,8.88,11.44,-0.02,0.01,-0.05,12007.4,182.0,1.43,0.0,0.0,0.0
1774375570279574523,24394,9.42,2.6,11.2,-0.9,0.08,-0.08,-3.38,8.88,11.44,0.0,0.03,-0.01,12010.83,182.0,0.0,0.0,0.0,
1774375570398440211,24504,9.436,2.5,11.208,-1.0,0.02,-0.04,-3.38,8.88,11.44,0.0,-0.05,-0.14,12012.37,177.0,0.0,0.0,0.0,
1774375570517281850,24623,9.48,2.5,11.2,-0.9,0.18,-0.16,-3.38,8.88,11.44,-0.02,0.0,-0.02,12009.46,183.0,0.0,0.0,0.0,
1774375570636136624,24741,9.5,2.3,11.216,-1.0,0.14,-0.18,-3.38,8.88,11.44,-0.01,0.01,-0.06,12009.63,182.0,0.0,0.0,0.0,
1774375570848324326,24859,9.492,2.6,11.204,-0.8,0.23,0.02,-3.38,8.88,11.44,0.0,0.02,-0.06,12011.0,182.0,0.0,0.0,0.0,
1774375570865610833,24972,9.5,2.6,11.204,-0.8,0.1,-0.12,-3.38,8.88,11.44,-0.01,0.01,-0.06,12012.55,180.0,0.0,0.0,0.0,
1774375570984442523,25089,9.42,2.4,11.212,-0.9,0.14,0.0,-3.38,8.88,11.44,-0.02,0.01,-0.04,12011.35,178.0,0.0,0.0,0.0,
1774375571103266086,25209,9.488,2.4,11.204,-0.8,0.06,-0.14,-3.38,8.88,11.44,-0.03,0.01,-0.02,12010.49,179.0,0.0,0.0,0.0,
1774375571218038650,25327,9.468,2.6,11.208,-1.1,0.14,-0.1,-3.38,8.88,11.44,0.0,0.02,-0.05,12013.06,179.0,0.0,0.0,0.0,
1774375571336846461,25441,9.428,2.4,11.208,-1.1,0.06,-0.18,-3.38,8.88,11.44,0.0,0.02,-0.06,12012.89,182.0,0.0,0.0,0.0,
1774375571459794733,25559,9.42,2.5,11.212,-1.1,0.08,-0.06,-3.38,8.88,11.44,-0.02,0.01,-0.07,12012.03,185.0,0.0,0.0,0.0,
1774375571584832653,25681,9.484,2.3,11.2,-0.7,0.1,-0.21,-3.38,8.88,11.44,-0.01,0.02,-0.08,12011.52,181.0,0.0,0.0,0.0,
1774375571689265252,25800,9.44,2.4,11.216,-1.1,0.12,-0.1,-3.38,8.88,11.44,-0.02,0.02,-0.05,12011.0,181.0,0.0,0.0,0.0,
1774375571808090979,25914,9.492,2.5,11.204,-0.8,0.18,0.1,-3.38,8.88,11.44,0.0,0.02,-0.02,12007.06,181.0,3.57,0.0,0.0,0.0
1774375571931047755,26033,10.84,0.4,10.86,-35.5,-0.2,-0.16,-3.44,8.88,11.44,-0.23,0.02,-0.4,12010.14,182.0,2.81,0.0,0.0,0.0
1774375572132328890,26152,9.408,2.3,11.196,-0.7,0.06,-0.08,-3.5,8.88,11.44,-0.09,0.07,-0.03,12010.32,178.0,0.0,0.0,0.0,
1774375572164600949,26274,9.452,2.6,11.2,-0.7,0.1,-0.08,-3.5,8.88,11.44,-0.03,0.02,0.0,12012.55,178.0,0.0,0.0,0.0,
1774375572283406212,26388,9.464,2.6,11.204,-0.8,0.08,-0.25,-3.5,8.88,11.44,0.0,0.0,-0.03,12011.69,178.0,0.0,0.0,0.0,
1774375572402247286,26506,9.42,2.4,11.204,-0.8,0.14,-0.06,-3.5,8.88,11.44,0.0,0.01,-0.05,12011.69,180.0,0.0,0.0,0.0,
1774375572525199969,26625,9.444,2.5,11.212,-0.9,0.0,-0.2,-3.5,8.88,11.44,-0.01,0.0,-0.08,12014.26,185.0,0.0,0.0,0.0,
1774375572652313299,26748,9.444,2.3,11.2,-0.9,0.14,-0.06,-3.5,8.88,11.44,-0.02,0.04,-0.05,12015.29,185.0,0.0,0.0,0.0,
1774375572758756281,26861,9.444,2.0,9.964,-0.3,0.04,-0.08,-3.5,8.88,11.44,-0.01,0.0,-0.07,12016.15,184.0,0.0,0.0,0.0,
1774375572877589722,26979,11.184,1.5,10.26,-1.0,-0.02,-0.1,-3.5,8.88,11.44,-0.02,0.0,-0.06,12015.63,180.0,0.0,0.0,0.0,
1774375573004596912,27099,9.56,1.9,11.2,-0.9,0.12,-0.2,-3.5,8.88,11.44,0.0,0.0,-0.04,12015.46,178.0,0.0,0.0,0.0,
1774375573119328414,27225,9.556,2.0,11.208,-1.0,0.02,-0.12,-3.5,8.88,11.44,-0.01,0.01,-0.06,12015.63,178.0,0.0,0.0,0.0,
1774375573238172118,27340,9.556,1.8,11.216,-0.8,0.1,-0.12,-3.5,8.88,11.44,-0.02,0.04,-0.03,12015.29,182.0,0.0,0.0,0.0,
1774375573356909465,27460,9.632,1.9,11.208,-1.0,0.16,-0.12,-3.5,8.88,11.44,-0.01,0.01,-0.05,12014.6,183.0,0.0,0.0,0.0,
1774375573479907183,27581,9.656,2.2,9.732,-0.4,0.02,-0.1,-3.5,8.88,11.44,-0.02,0.01,-0.06,12014.78,187.0,0.0,0.0,0.0,
1774375573598805520,27701,9.372,2.3,11.208,-0.7,0.04,-0.18,-3.5,8.88,11.44,-0.01,0.01,-0.05,12015.63,187.0,0.0,0.0,0.0,
1774375573717581604,27819,9.436,1.9,11.204,-0.9,0.04,-0.14,-3.5,8.88,11.44,-0.01,0.01,-0.09,12016.66,184.0,0.0,0.0,0.0,
1774375573848317213,27937,9.64,1.9,9.792,-0.2,0.02,-0.08,-3.5,8.88,11.44,-0.03,0.0,-0.05,12014.6,186.0,0.0,0.0,0.0,
1774375573955237778,28056,9.436,2.4,11.208,-0.9,0.1,-0.1,-3.5,8.88,11.44,-0.01,0.0,-0.06,12014.95,180.0,0.0,0.0,0.0,
1774375574069933762,28176,9.376,2.5,11.208,-0.6,0.18,-0.18,-3.5,8.88,11.44,0.0,0.02,-0.1,12016.49,180.0,0.0,0.0,0.0,
1774375574188801619,28290,9.372,2.4,11.2,-0.8,0.2,-0.1,-3.5,8.88,11.44,0.0,0.0,-0.03,12015.8,179.0,0.0,0.0,0.0,
1774375574307566955,28410,9.364,1.5,11.096,-0.8,0.08,-0.18,-3.5,8.88,11.44,-0.01,0.01,-0.05,12016.15,182.0,0.0,0.0,0.0,
1774375574426423122,28529,9.556,1.7,9.796,0.1,0.02,0.0,-3.5,8.88,11.44,-0.02,0.0,-0.05,12015.12,185.0,0.0,0.0,0.0,
1774375574532911967,28646,11.188,1.4,10.652,-1.1,-0.02,-0.21,-3.5,8.88,11.44,-0.02,0.01,-0.03,12015.8,185.0,0.0,0.0,0.0,
1774375574655888920,28755,9.384,2.6,11.204,-0.8,-0.04,-0.16,-3.5,8.88,11.44,-0.02,0.01,-0.06,12015.98,181.0,0.0,0.0,0.0,
1774375574780711443,28875,9.36,2.6,11.204,-0.9,0.16,-0.06,-3.5,8.88,11.44,-0.01,0.0,-0.04,12014.78,172.0,0.0,0.0,0.0,
1774375574889469261,28993,9.424,2.2,11.196,-0.9,0.04,-0.2,-3.5,8.88,11.44,-0.04,0.0,-0.03,12014.6,185.0,0.0,0.0,0.0,
1774375575004184057,29110,9.38,2.4,11.208,-0.9,0.25,-0.18,-3.5,8.88,11.44,0.0,0.03,-0.02,12016.15,185.0,0.0,0.0,0.0,
1774375575130569807,29223,11.188,1.6,9.916,0.0,0.08,-0.12,-3.5,8.88,11.44,-0.02,0.01,-0.04,12014.95,181.0,0.0,0.0,0.0,
1774375575245919577,29343,11.188,1.5,9.964,0.1,0.06,-0.12,-3.5,8.88,11.44,-0.01,0.01,0.0,12013.92,180.0,0.0,0.0,0.0,
1774375575364726187,29466,9.628,1.8,11.212,-1.1,0.1,-0.02,-3.5,8.88,11.44,-0.01,0.02,-0.02,12013.4,189.0,0.0,0.0,0.0,
1774375575479463868,29585,9.616,1.7,11.204,-1.0,0.04,0.0,-3.5,8.88,11.44,-0.02,0.02,-0.06,12014.6,189.0,0.0,0.0,0.0,
1774375575598242282,29700,9.436,2.3,11.204,-0.6,0.16,-0.02,-3.5,8.88,11.44,-0.02,0.0,0.0,12015.29,183.0,0.0,0.0,0.0,
1774375575717097113,29817,9.368,2.4,11.204,-0.6,0.06,-0.14,-3.5,8.88,11.44,-0.01,0.01,-0.06,12015.8,179.0,0.0,0.0,0.0,
1774375575844117015,29937,9.408,2.5,11.2,-1.0,0.16,-0.14,-3.5,8.88,11.44,0.0,0.02,-0.06,12015.98,184.0,0.0,0.0,0.0,
1774375575954759313,30062,9.46,2.3,11.204,-0.9,0.08,-0.06,-3.5,8.88,11.44,-0.02,0.01,-0.06,12015.63,184.0,0.0,0.0,0.0,
1774375576077662712,30173,9.444,2.3,9.952,-0.3,0.16,-0.18,-3.5,8.88,11.44,0.0,0.0,-0.12,12015.46,180.0,0.0,0.0,0.0,
1774375576200583757,30298,11.188,1.4,9.976,-0.1,0.06,-0.2,-3.5,8.88,11.44,-0.01,-0.03,-0.11,12013.58,182.0,0.0,0.0,0.0,
1774375576323457527,30418,9.564,2.1,11.2,-0.7,0.1,-0.2,-3.5,8.88,11.44,0.0,0.04,-0.03,12014.6,186.0,0.0,0.0,0.0,
1774375576438234950,30541,9.568,2.3,11.204,-0.6,0.08,0.04,-3.5,8.88,11.44,0.0,0.0,-0.05,12017.0,186.0,0.0,0.0,0.0,
1774375576557043976,30656,9.556,1.8,11.212,-0.9,-0.06,-0.06,-3.5,8.88,11.44,-0.01,0.0,-0.07,12016.83,182.0,0.0,0.0,0.0,
1774375576675870767,30774,9.612,2.2,11.2,-0.8,0.08,-0.27,-3.5,8.88,11.44,-0.01,0.0,-0.04,12014.95,178.0,0.0,0.0,0.0,
1774375576984317586,30894,9.62,1.8,11.204,-0.7,0.1,-0.12,-3.5,8.88,11.44,-0.03,0.01,-0.03,12014.78,180.0,0.0,0.0,0.0,
1774375576999528510,31013,9.556,1.9,11.208,-0.9,0.0,-0.1,-3.5,8.88,11.44,-0.01,0.01,-0.06,12015.8,180.0,0.0,0.0,0.0,
1774375577028191677,31130,9.564,1.9,11.208,-0.8,0.1,0.0,-3.5,8.88,11.44,-0.02,0.01,-0.03,12012.55,177.0,0.0,0.0,0.0,
1774375577157189264,31249,9.636,2.0,11.208,-0.7,0.02,-0.1,-3.5,8.88,11.44,-0.01,0.04,-0.07,12013.4,188.0,0.0,0.0,0.0,
1774375577269941662,31368,9.64,2.0,11.216,-1.1,-0.06,-0.12,-3.5,8.88,11.44,0.0,0.03,-0.05,12015.8,187.0,0.0,0.0,0.0,
1774375577388756437,31488,9.556,2.0,11.2,-0.8,0.1,1.37,-3.5,8.88,11.44,-0.01,0.02,-0.04,11981.16,187.0,0.0,18.31,0.0,0.0
1774375577507565284,31605,11.172,1.4,9.796,0.1,0.08,-0.02,-3.31,8.31,11.25,-0.12,0.38,1.02,12015.12,184.0,0.0,1.36,0.0,0.0
1774375577630492159,31727,11.18,1.4,11.184,-1.0,0.1,-0.14,-3.25,8.31,11.25,0.08,-0.01,-0.26,12015.8,180.0,0.0,0.0,0.0,
1774375577836321970,31848,9.336,2.3,11.212,-0.8,0.02,-0.21,-3.25,8.31,11.25,-0.01,-0.07,-0.14,12014.78,183.0,0.0,0.0,0.0,
1774375577868132100,31969,9.432,2.5,11.196,-0.7,0.1,-0.14,-3.25,8.31,11.25,0.01,0.0,-0.06,12015.63,181.0,0.0,0.0,0.0,
1774375577982828828,32087,9.34,2.3,11.208,-0.9,0.1,-0.16,-3.25,8.31,11.25,-0.03,0.05,0.0,12016.32,181.0,0.0,0.0,0.0,
1774375578105775967,32202,9.352,2.4,11.208,-0.9,-0.06,-0.08,-3.25,8.31,11.25,0.0,0.03,-0.02,12016.66,180.0,0.0,0.0,0.0,
1774375578224584863,32323,9.42,2.5,11.212,-0.7,0.25,-0.06,-3.25,8.31,11.25,-0.01,0.01,-0.03,12014.6,183.0,0.0,0.0,0.0,
1774375578339256306,32443,9.34,2.3,11.208,-0.8,0.18,-0.02,-3.25,8.31,11.25,-0.01,0.0,-0.04,12016.49,183.0,0.0,0.0,0.0,
1774375578462196173,32557,9.428,2.3,11.212,-0.6,0.06,-0.2,-3.25,8.31,11.25,0.0,0.01,-0.08,12017.69,179.0,0.0,0.0,0.0,
1774375578581023575,32679,9.436,2.5,11.208,-0.9,0.04,-0.18,-3.25,8.31,11.25,-0.01,0.01,-0.03,12015.8,182.0,0.0,0.0,0.0,
1774375578695690887,32797,9.34,2.3,11.208,-1.1,0.16,-0.2,-3.25,8.31,11.25,0.0,0.02,-0.04,12015.29,178.0,0.0,0.0,0.0,
1774375578814539184,32915,9.34,2.4,11.2,-0.8,-0.06,0.0,-3.25,8.31,11.25,0.0,0.0,-0.03,12015.63,179.0,0.0,0.0,0.0,
1774375578925156753,33033,9.376,2.4,11.208,-0.9,0.2,-0.12,-3.25,8.31,11.25,-0.01,0.02,-0.07,12015.63,179.0,0.0,0.0,0.0,
1774375579043983018,33142,9.4,2.2,11.204,-1.1,0.14,-0.2,-3.25,8.31,11.25,-0.02,0.0,0.0,12015.98,178.0,0.0,0.0,0.0,
1774375579170972227,33261,9.424,2.3,9.924,-0.1,-0.04,-0.18,-3.25,8.31,11.25,-0.01,0.02,-0.03,12014.95,174.0,0.0,0.0,0.0,
1774375579281616389,33386,11.176,1.8,9.92,0.1,0.08,-0.2,-3.25,8.31,11.25,0.0,0.0,-0.02,12017.0,174.0,0.0,0.0,0.0,
1774375579404534480,33499,11.188,1.7,9.976,-0.3,-0.08,-0.1,-3.25,8.31,11.25,0.0,0.02,-0.07,12013.58,175.0,0.0,0.0,0.0,
1774375579523287333,33619,11.184,1.5,9.908,-0.1,0.04,0.08,-3.25,8.31,11.25,-0.01,0.0,-0.06,12013.4,180.0,0.0,0.0,0.0,
1774375579646244861,33741,11.184,1.4,9.96,0.0,-0.02,-0.1,-3.25,8.31,11.25,0.0,0.0,-0.01,12013.4,180.0,0.0,0.0,0.0,
1774375579765040911,33862,11.184,1.6,9.968,-0.8,0.04,-0.1,-3.25,8.31,11.25,-0.01,0.0,-0.04,12012.2,177.0,0.0,0.0,0.0,
1774375579988322191,33983,9.624,2.1,11.196,-0.8,0.1,0.06,-3.25,8.31,11.25,0.0,0.02,-0.04,12014.6,177.0,0.0,0.0,0.0,
1774375579999947385,34095,9.556,1.9,11.204,-0.8,0.16,-0.35,-3.25,8.31,11.25,0.0,0.0,-0.05,12017.35,184.0,0.0,0.0,0.0,
1774375580121477404,34215,9.608,1.9,11.212,-0.9,0.02,-0.04,-3.25,8.31,11.25,0.0,0.02,-0.03,12015.29,182.0,0.0,0.0,0.0,
1774375580244375416,34338,9.624,2.1,11.212,-0.8,0.16,-0.06,-3.25,8.31,11.25,0.0,0.01,-0.03,12015.98,179.0,0.0,0.0,0.0,
1774375580354986615,34458,9.544,2.0,11.208,-0.9,0.16,-0.18,-3.25,8.31,11.25,0.0,0.02,-0.03,12016.32,179.0,0.0,0.0,0.0,
1774375580473823081,34573,9.548,2.1,11.216,-0.8,0.08,-0.12,-3.25,8.31,11.25,-0.01,0.0,-0.07,12015.29,182.0,0.0,0.0,0.0,
1774375580596726427,34691,9.624,2.0,11.212,-1.0,0.08,-0.21,-3.25,8.31,11.25,-0.01,0.01,-0.04,12014.09,178.0,0.0,0.0,0.0,
1774375580719607972,34810,9.544,2.1,11.2,-0.9,0.1,-0.18,-3.25,8.31,11.25,0.0,-0.01,-0.03,12014.6,188.0,0.0,0.0,0.0,
1774375580834337639,34936,9.608,2.1,11.204,-0.7,0.04,0.08,-3.25,8.31,11.25,-0.01,0.03,-0.05,12012.03,188.0,0.0,0.0,0.0,
1774375580953203093,35049,9.564,2.1,11.204,-1.0,0.16,-0.1,-3.25,8.31,11.25,0.0,0.02,-0.04,12012.03,182.0,0.0,0.0,0.0,
1774375581156352312,35168,9.556,2.0,11.208,-0.8,0.0,-0.12,-3.25,8.31,11.25,0.0,0.0,-0.05,12011.35,182.0,0.0,0.0,0.0,
1774375581194892139,35287,9.636,2.2,11.196,-0.9,0.08,-0.06,-3.25,8.31,11.25,0.0,0.0,-0.06,12010.66,177.0,0.0,0.0,0.0,
1774375581305448803,35408,9.564,2.0,11.208,-0.8,0.14,-0.18,-3.25,8.31,11.25,0.0,0.02,-0.05,12012.55,177.0,0.0,0.0,0.0,
1774375581424306101,35521,9.628,2.1,11.208,-0.9,0.1,-0.1,-3.25,8.31,11.25,0.0,0.02,-0.08,12011.17,186.0,0.0,0.0,0.0,
1774375581543106516,35639,9.544,2.0,11.2,-0.9,0.04,-0.14,-3.25,8.31,11.25,0.0,0.02,-0.05,12011.35,183.0,0.0,0.0,0.0,
1774375581661920637,35758,9.572,2.0,11.204,-1.0,0.12,-0.21,-3.25,8.31,11.25,0.0,0.01,-0.06,12010.14,186.0,0.0,0.0,0.0,
1774375581780742742,35877,9.628,2.0,11.2,-1.0,0.02,-0.14,-3.25,8.31,11.25,0.01,0.0,-0.07,12013.92,186.0,0.0,0.0,0.0,
1774375581912324484,35995,10.628,1.8,9.744,-0.1,0.14,0.06,-3.25,8.31,11.25,-0.02,0.0,-0.05,12012.55,183.0,0.0,0.0,0.0,
1774375582018338238,36113,11.192,1.8,9.768,0.4,0.23,-0.18,-3.25,8.31,11.25,-0.01,0.01,-0.03,12011.52,179.0,0.0,0.0,0.0,
1774375582137152325,36232,9.412,2.6,11.212,-0.8,0.1,-0.1,-3.25,8.31,11.25,-0.01,0.02,-0.02,12011.35,182.0,0.0,0.0,0.0,
1774375582259992602,36352,9.352,2.3,11.208,-0.8,0.0,-0.02,-3.25,8.31,11.25,0.0,0.0,-0.06,12012.37,182.0,0.0,0.0,0.0,
1774375582378798299,36476,9.46,2.4,11.208,-0.8,0.06,-0.14,-3.25,8.31,11.25,-0.01,0.0,-0.06,12011.52,183.0,0.0,0.0,0.0,
1774375582501795186,36595,9.332,2.3,11.204,-0.8,0.1,-0.1,-3.25,8.31,11.25,-0.01,0.0,-0.05,12011.17,178.0,0.0,0.0,0.0,
1774375582620572191,36714,9.352,1.7,9.908,-0.2,0.2,-0.12,-3.25,8.31,11.25,-0.01,0.01,-0.04,12013.58,181.0,0.0,0.0,0.0,
1774375582735284980,36834,9.556,2.0,11.204,-0.9,-0.02,-0.04,-3.25,8.31,11.25,-0.02,0.0,-0.06,12016.49,181.0,0.0,0.0,0.0,
1774375582854057910,36948,9.616,2.1,11.216,-0.8,0.1,-0.14,-3.25,8.31,11.25,-0.03,0.02,-0.04,12016.49,183.0,0.0,0.0,0.0,
1774375582972884611,37070,9.564,2.0,11.212,-0.9,0.14,-0.14,-3.25,8.31,11.25,0.0,0.0,-0.06,12014.09,180.0,0.0,0.0,0.0,
1774375583091693113,37188,9.6,2.2,11.204,-1.3,0.16,-0.1,-3.25,8.31,11.25,0.0,0.01,-0.07,12014.26,179.0,0.0,0.0,0.0,
1774375583202317726,37306,9.544,2.1,11.204,-0.7,-0.04,-0.12,-3.25,8.31,11.25,-0.01,0.01,-0.06,12014.78,179.0,0.0,0.0,0.0,
1774375583325188031,37416,9.572,2.1,11.208,-1.0,-0.08,-0.16,-3.25,8.31,11.25,-0.02,0.01,-0.01,12015.12,177.0,0.0,0.0,0.0,
1774375583444013347,37537,9.6,2.2,11.208,-0.8,0.02,-0.12,-3.25,8.31,11.25,0.0,0.01,-0.06,12013.58,178.0,0.0,0.0,0.0,
1774375583562824494,37658,9.608,1.9,11.216,-0.8,0.02,-0.18,-3.25,8.31,11.25,-0.02,0.01,-0.06,12014.09,182.0,0.0,0.0,0.0,
1774375583673425027,37776,9.628,2.0,11.212,-0.8,0.0,-0.18,-3.25,8.31,11.25,0.0,0.03,-0.04,12016.15,182.0,0.0,0.0,0.0,
1774375584008314221,37889,9.572,2.0,11.204,-0.8,0.08,0.06,-3.25,8.31,11.25,0.0,0.03,-0.02,12015.98,180.0,0.0,0.0,0.0,
1774375584019978710,38007,9.552,2.1,11.204,-1.0,0.18,-0.14,-3.25,8.31,11.25,0.0,0.02,-0.08,12015.46,175.0,0.0,0.0,0.0,
1774375584033967549,38128,9.56,2.1,11.208,-0.7,0.0,-0.12,-3.25,8.31,11.25,0.0,0.0,-0.09,12015.63,182.0,0.0,0.0,0.0,
1774375584144531627,38247,9.552,2.1,11.212,-0.9,0.27,-0.1,-3.25,8.31,11.25,0.0,0.0,-0.03,12017.18,182.0,0.0,0.0,0.0,
1774375584263319933,38360,9.584,1.9,11.204,-0.9,0.12,-0.06,-3.25,8.31,11.25,-0.01,0.0,-0.03,12016.66,185.0,0.0,0.0,0.0,
1774375584386227931,38477,11.188,1.7,9.78,0.1,0.2,-0.21,-3.25,8.31,11.25,0.0,0.0,-0.06,12015.8,183.0,0.0,0.0,0.0,
1774375584505064006,38600,11.188,1.9,11.208,-0.9,0.14,-0.1,-3.25,8.31,11.25,-0.01,0.02,-0.03,12015.63,177.0,0.0,0.0,0.0,
1774375584619770760,38718,9.348,2.3,11.208,-0.9,0.12,-0.12,-3.25,8.31,11.25,-0.02,0.0,-0.02,12015.8,177.0,0.0,0.0,0.0,
1774375584738592851,38832,9.42,2.3,9.968,-0.1,0.0,-0.21,-3.25,8.31,11.25,0.0,0.02,-0.07,12015.63,174.0,0.0,0.0,0.0,
1774375584857392123,38950,9.544,1.9,11.208,-0.9,0.1,-0.06,-3.25,8.31,11.25,0.0,0.0,-0.11,12014.6,175.0,0.0,0.0,0.0,
1774375584980273412,39069,9.548,2.2,11.212,-1.0,0.14,-0.14,-3.25,8.31,11.25,-0.01,0.0,-0.02,12014.95,177.0,0.0,0.0,0.0,
1774375585094984764,39193,9.548,2.1,11.204,-0.9,0.06,-0.12,-3.25,8.31,11.25,0.0,0.02,-0.06,12017.0,177.0,0.0,0.0,0.0,
1774375585209633025,39306,9.556,2.1,11.208,-0.8,-0.04,-0.06,-3.25,8.31,11.25,-0.01,0.0,-0.06,12013.75,180.0,0.0,0.0,0.0,
1774375585336620514,39424,9.624,1.9,11.212,-0.7,0.12,-0.16,-3.25,8.31,11.25,-0.01,0.0,-0.03,11907.93,180.0,28.3,33.26,0.0,0.0
1774375585439079889,39550,10.3,473.9,10.836,-123.1,1.95,3.98,-3.5,7.25,11.06,0.38,0.55,-0.18,189.68,180.0,69.91,117.57,0.0,0.0
1774375585537426886,39650,10.764,392.5,10.652,-167.0,1.89,3.28,-4.13,6.31,11.44,0.39,-0.07,-1.35,170.3,173.0,67.04,121.81,0.0,0.0
1774375585645894550,39750,10.356,495.7,10.62,-137.8,2.34,3.83,-5.38,6.06,11.56,0.41,0.07,0.44,188.48,173.0,64.24,120.66,0.0,0.0
1774375585758628509,39849,9.86,339.1,10.936,-133.4,2.89,3.57,-7.19,6.0,11.69,-0.15,0.2,0.19,11786.68,165.0,63.28,121.2,0.0,0.0
1774375586064316048,39970,10.144,476.9,10.872,-156.0,2.13,2.85,-9.44,5.94,11.88,-0.59,-0.09,0.81,11793.54,160.0,63.15,119.29,0.0,0.0
1774375586078339500,40091,10.54,422.9,10.68,-159.7,3.4,3.71,-11.31,6.31,11.94,0.67,-0.4,-0.58,154.18,165.0,61.09,117.23,0.0,0.0
1774375586089877537,40192,9.48,386.6,10.484,-158.7,1.89,4.61,-12.88,6.19,11.81,0.16,-0.04,-0.12,165.84,165.0,62.05,117.0,0.0,0.0
1774375586180569882,40292,10.168,398.0,10.836,-145.7,2.75,2.52,-14.06,6.13,11.69,-0.66,0.04,0.69,163.1,152.0,62.55,117.89,0.0,0.0
1774375586278836849,40392,10.812,335.6,10.432,-198.0,2.68,3.18,-15.31,6.0,11.5,0.15,-0.31,0.43,144.92,152.0,58.77,107.01,0.0,0.0
1774375586381307624,40493,10.476,451.0,10.18,-133.6,2.52,3.05,-16.0,5.88,11.38,-0.14,-0.2,-0.28,145.77,153.0,62.55,107.46,0.0,2.0
1774375586489770818,40593,10.308,396.5,10.628,-131.3,2.97,3.11,-16.75,6.0,11.31,0.08,0.06,-0.66,145.77,150.0,61.92,109.8,0.0,2.0
1774375586582055109,40693,9.324,0.0,10.704,-174.0,2.95,3.91,-17.62,5.81,11.19,-0.36,-0.02,-0.08,164.47,150.0,62.71,111.97,0.0,2.0
1774375586704932065,40794,9.828,366.4,10.9,-155.9,2.52,3.03,-18.69,5.56,11.0,-0.46,0.13,0.56,11802.97,150.0,63.03,110.19,0.0,2.0
1774375586827844675,40914,10.04,338.3,10.88,-126.1,2.44,4.0,-20.12,5.19,10.69,-0.88,-0.15,0.2,11809.49,156.0,62.81,106.98,2.0,2.0
1774375586946645844,41038,10.464,391.0,10.676,-120.8,2.89,4.34,-21.69,5.06,10.44,-0.29,0.14,0.33,11805.54,158.0,63.15,106.61,2.0,2.0
1774375587065435835,41158,10.728,366.6,10.772,-147.7,2.91,2.91,-22.81,5.0,10.25,0.01,0.0,-0.26,11809.15,162.0,64.94,108.47,2.0,2.0
1774375587163755198,41276,10.472,421.3,10.936,-160.6,2.95,3.3,-23.75,4.88,10.0,-0.3,-0.32,-0.58,196.71,162.0,61.24,103.34,2.0,2.0
1774375587266177716,41376,10.46,336.7,10.432,-180.7,2.36,3.61,-24.5,4.88,9.75,0.06,-0.14,-0.02,193.11,159.0,59.02,102.3,2.0,2.0
1774375587364400453,41477,10.2,404.6,10.612,-171.6,2.15,4.02,-25.37,4.75,9.5,-0.01,-0.1,-0.16,178.87,159.0,62.71,101.22,2.0,2.0
1774375587487369767,41577,10.464,519.5,10.404,-122.9,2.87,4.12,-26.37,4.5,9.19,-0.3,0.2,0.22,11822.52,161.0,62.68,97.12,2.0,4.0
1774375587585657310,41698,10.844,375.5,10.38,-173.6,2.3,3.36,-27.5,4.44,9.06,-0.08,-0.23,0.35,192.77,164.0,60.63,97.68,2.0,4.0
1774375587688116019,41798,10.78,354.4,9.808,-134.4,1.68,4.22,-28.56,4.31,8.94,0.11,-0.13,-0.02,169.79,164.0,63.82,101.93,2.0,4.0
1774375587916321998,41899,10.252,419.3,10.608,-175.6,2.17,3.85,-29.37,4.19,8.75,0.18,-0.02,-0.48,169.44,173.0,64.16,100.24,2.0,4.0
1774375587928012989,41999,9.408,344.9,10.916,-171.5,2.23,4.26,-30.37,4.06,8.5,-0.35,-0.1,0.07,11822.87,170.0,62.41,98.07,2.0,4.0
1774375588007641716,42119,10.584,477.0,10.936,-146.9,2.44,4.67,-31.62,3.81,8.25,-0.14,-0.31,-0.21,1292.6,170.0,61.96,92.15,2.0,4.0
1774375588130534850,42219,10.476,507.2,9.692,-104.8,2.13,4.04,-32.38,3.88,8.06,-0.32,-0.05,0.48,11833.84,171.0,65.38,85.2,2.0,4.0
1774375588228855502,42340,10.484,449.0,10.524,-150.0,2.03,4.61,-33.31,4.31,7.81,0.22,0.05,-0.12,175.96,180.0,65.3,91.08,2.0,4.0
1774375588351749396,42440,9.492,358.9,10.904,-158.6,2.4,4.16,-34.38,4.44,7.63,-0.33,-0.13,0.45,11819.09,177.0,64.27,97.16,2.0,4.0
1774375588470531417,42560,9.148,281.3,10.452,-175.3,2.38,2.6,-35.56,4.25,7.38,0.07,-0.08,-0.82,11818.58,179.0,62.63,96.04,2.0,4.0
1774375588568800358,42681,9.932,344.0,10.912,-150.8,1.5,4.22,-36.75,3.81,7.06,0.12,0.22,-0.37,8283.11,179.0,66.1,94.16,2.0,4.0
1774375588671271056,42781,9.852,351.2,10.912,-151.8,1.8,4.73,-37.94,3.56,6.88,-0.11,-0.08,0.21,3080.83,176.0,65.12,87.57,2.0,4.0
1774375588802578928,42881,9.012,383.6,10.632,-111.0,2.85,4.53,-38.88,3.56,6.69,0.05,0.1,0.76,11682.24,175.0,64.82,87.53,4.0,6.0
1774375588908905904,43005,10.256,349.2,10.924,-168.4,2.34,3.85,-39.94,3.94,6.63,-0.08,-0.11,-0.24,11830.93,175.0,64.56,87.01,4.0,6.0
1774375589011285864,43120,10.42,429.7,10.876,-108.5,1.97,3.75,-40.75,4.13,6.56,-0.35,-0.13,0.14,167.9,167.0,67.69,85.86,4.0,6.0
1774375589109619204,43220,10.432,431.6,10.644,-126.6,3.05,3.28,-41.31,4.38,6.38,-0.09,0.0,-0.06,158.64,167.0,64.5,86.0,4.0,6.0
1774375589207862493,43319,10.136,334.2,10.908,-165.5,1.89,4.82,-41.94,4.44,6.31,-0.12,-0.21,-0.13,162.93,163.0,64.96,89.02,4.0,6.0
1774375589310301221,43419,10.332,420.4,10.904,-119.2,2.6,3.36,-42.63,4.44,6.13,-0.16,0.13,-0.47,917.87,165.0,64.35,85.79,4.0,6.0
1774375589408588054,43520,10.66,354.5,9.736,-186.1,2.17,4.63,-43.19,4.56,6.06,-0.44,-0.37,0.53,188.99,165.0,62.69,82.33,4.0,6.0
1774375589511078622,43620,8.944,398.9,10.812,-134.8,2.7,4.06,-43.75,4.63,5.94,-1.01,-0.01,1.26,153.32,161.0,64.16,83.4,4.0,6.0
1774375589609355917,43720,10.328,332.0,10.636,-150.1,2.52,4.22,-44.5,4.94,5.81,-0.15,-0.23,-0.09,147.66,155.0,65.03,85.87,4.0,6.0
1774375589828319272,43820,10.468,360.1,10.416,-183.1,2.32,3.01,-45.44,5.06,5.69,-0.17,-0.18,0.14,148.35,155.0,64.07,86.95,4.0,6.0
1774375589840121103,43919,10.352,332.4,10.216,-141.0,3.28,3.5,-46.06,5.06,5.63,-0.11,-0.23,-0.2,161.38,149.0,61.96,83.41,4.0,6.0
1774375589918568206,44019,10.228,315.0,10.728,-122.6,2.38,4.36,-46.5,5.0,5.56,-0.23,-0.34,0.51,165.67,149.0,62.47,82.39,4.0,6.0
1774375590010798929,44120,9.888,458.7,10.648,-189.0,2.87,5.41,-46.81,5.06,5.5,-0.12,-0.36,-0.03,153.66,153.0,61.96,77.85,4.0,6.0
1774375590109120344,44220,10.4,450.0,10.296,-173.0,2.23,5.16,-47.06,5.0,5.44,-0.12,-0.14,0.46,150.75,146.0,61.92,69.34,4.0,6.0
1774375590211563465,44320,9.864,447.7,10.592,-126.7,2.71,4.51,-47.31,5.06,5.31,0.0,0.0,0.0,153.66,146.0,63.38,72.43,4.0,8.0
1774375590309807721,44420,9.656,362.3,9.952,-178.1,2.36,3.71,-47.69,5.31,5.19,-0.07,0.11,0.1,163.44,144.0,63.55,78.64,4.0,8.0
1774375590432736851,44520,9.12,336.8,10.676,-179.0,2.62,4.24,-48.19,5.38,5.13,-0.29,0.12,0.16,11840.7,145.0,62.78,82.71,4.0,8.0
1774375590555622566,44641,9.676,375.3,10.528,-199.7,2.83,3.46,-48.94,5.38,5.0,-0.05,-0.24,0.51,11846.19,149.0,60.05,82.13,4.0,8.0
1774375590664079592,44765,10.252,301.6,10.392,-185.4,3.3,3.03,-49.5,5.31,4.81,0.0,-0.04,-0.41,169.1,149.0,59.12,84.2,6.0,8.0
1774375590756344355,44865,10.084,288.1,10.488,-165.8,2.99,4.47,-49.88,5.25,4.69,-0.32,-0.36,-0.37,160.87,146.0,59.02,81.84,6.0,8.0
1774375590854633674,44965,10.276,349.3,10.492,-182.1,2.38,4.36,-50.0,5.19,4.5,-0.21,-0.09,-0.17,160.87,146.0,60.91,77.04,6.0,8.0
1774375590977571397,45065,10.184,424.4,9.66,-166.5,2.77,4.06,-50.06,5.25,4.31,-0.07,0.09,0.09,11849.45,155.0,61.72,75.59,6.0,8.0
1774375591079973187,45188,10.424,352.9,10.88,-154.4,3.22,4.32,-50.25,5.5,4.13,0.26,0.09,-0.2,174.59,157.0,61.53,77.73,6.0,8.0
1774375591198770180,45287,10.672,410.4,10.7,-149.1,3.26,5.04,-50.31,5.63,3.94,0.23,0.01,-0.28,11852.02,160.0,59.93,76.77,6.0,8.0
1774375591301151983,45408,10.62,352.9,10.3,-185.9,3.2,4.2,-50.31,5.56,3.81,-0.47,-0.02,-0.85,8509.83,157.0,57.53,76.7,6.0,8.0
1774375591399455251,45508,10.424,0.0,10.184,-177.4,2.48,5.27,-50.38,5.38,3.69,-0.11,0.04,1.21,7102.33,157.0,58.75,75.39,6.0,8.0
1774375591497802339,45608,10.144,402.4,10.284,-153.1,3.55,3.4,-50.5,5.25,3.56,0.05,-0.02,-0.12,173.9,157.0,61.84,77.63,6.0,8.0
1774375591600213424,45708,9.836,479.7,10.832,-185.6,2.5,5.2,-50.63,5.13,3.44,-0.03,-0.04,-0.84,6802.72,157.0,59.7,71.64,6.0,8.0
1774375591723108974,45808,10.448,415.5,10.128,-204.8,3.26,4.63,-50.75,5.13,3.25,-0.01,-0.12,0.64,11857.68,162.0,60.68,72.44,6.0,10.0
1774375591968327149,45930,10.624,424.4,10.1,-163.4,2.85,5.2,-50.94,5.19,3.13,0.13,-0.19,0.4,11850.82,164.0,61.94,75.16,6.0,10.0
1774375591980061617,46051,9.612,419.5,10.52,-157.3,3.36,4.53,-51.13,5.5,3.0,0.12,-0.05,-0.38,11850.82,168.0,61.43,75.23,6.0,10.0
1774375592067196972,46175,10.512,329.0,10.0,-257.8,4.2,4.2,-51.06,5.5,2.75,0.07,-0.12,0.26,1091.25,168.0,55.61,76.26,6.0,10.0
1774375592190105606,46275,10.244,352.5,10.592,-226.0,3.34,3.32,-51.0,5.44,2.63,0.2,-0.01,0.58,11851.16,161.0,54.17,78.79,6.0,10.0
1774375592288348459,46396,10.008,337.6,10.844,-227.7,3.24,5.1,-50.88,5.25,2.5,-0.65,0.22,0.19,3747.96,164.0,56.52,85.36,6.0,10.0
1774375592411281522,46496,10.596,434.2,10.856,-219.5,3.54,5.08,-51.0,5.06,2.44,0.39,0.0,0.24,11667.49,174.0,57.67,74.4,6.0,10.0
1774375592509604939,46618,10.284,385.0,10.82,-193.6,2.25,3.95,-51.25,4.94,2.31,-0.14,-0.25,0.69,3356.6,174.0,61.58,72.89,6.0,10.0
1774375592628356580,46717,10.588,401.3,10.884,-175.2,2.4,5.0,-51.56,5.19,2.13,-0.14,-0.13,-0.91,11853.91,175.0,62.07,76.65,8.0,10.0
1774375592751280679,46838,10.476,400.8,10.508,-199.9,3.03,3.59,-52.06,5.38,1.81,0.09,-0.05,-0.09,11852.54,184.0,61.05,77.19,8.0,10.0
1774375592880331357,46958,10.004,414.2,10.724,-179.0,3.4,4.9,-52.25,5.38,1.63,0.27,-0.06,-0.66,11855.28,184.0,60.77,73.22,8.0,10.0
1774375592968409317,47076,10.3,319.4,10.288,-186.7,2.85,4.14,-52.44,5.38,1.5,-0.22,-0.12,-0.03,4949.83,182.0,58.53,74.96,8.0,10.0
1774375593066732142,47175,10.104,336.5,10.692,-210.9,5.04,3.57,-52.56,5.31,1.25,0.05,-0.03,-0.16,219.18,182.0,54.86,75.27,8.0,10.0
1774375593185492846,47276,9.724,379.8,10.764,-183.5,3.16,5.25,-52.63,5.25,1.19,-0.26,0.08,0.44,11856.82,182.0,56.78,73.14,8.0,10.0
1774375593308344488,47393,10.516,417.5,10.588,-168.7,3.18,4.9,-52.69,5.06,1.06,0.23,-0.17,0.03,11855.11,189.0,60.15,71.47,8.0,12.0
1774375593431263229,47514,10.644,277.7,10.232,-191.9,2.56,3.71,-53.0,5.19,0.88,0.22,0.07,-0.02,11846.88,195.0,62.27,77.84,8.0,12.0
1774375593554177933,47637,10.336,411.9,10.748,-137.2,3.05,4.28,-53.63,5.31,0.63,-0.21,0.08,-0.57,11846.7,198.0,62.3,76.67,8.0,12.0
1774375593764377930,47762,10.076,303.9,10.848,-200.3,2.91,3.73,-54.25,5.38,0.5,0.19,0.07,-0.67,11849.11,204.0,60.81,76.85,8.0,12.0
1774375593791752644,47883,9.828,391.7,10.2,-204.8,3.24,3.55,-54.69,5.44,0.31,-0.27,-0.28,0.37,11850.48,204.0,61.51,75.42,8.0,12.0
1774375593890057182,47997,10.524,332.5,10.8,-186.7,2.5,3.91,-55.06,5.44,0.19,-0.07,0.15,-0.09,228.95,215.0,60.37,74.67,8.0,12.0
1774375593988371851,48097,10.408,369.5,10.756,-203.4,2.34,4.14,-55.19,5.44,0.19,-0.1,-0.27,0.1,225.69,215.0,61.07,71.25,8.0,12.0
1774375594090785522,48197,9.9,430.2,10.324,-176.9,2.54,4.18,-55.19,5.5,0.06,0.0,-0.13,-0.12,216.26,216.0,62.76,70.7,8.0,12.0
1774375594189086802,48297,9.36,294.3,10.552,-187.5,2.34,3.57,-55.44,5.75,-0.06,0.02,0.04,-0.54,217.12,221.0,63.36,75.87,8.0,12.0
1774375594291492065,48397,10.432,350.9,9.752,-189.5,2.87,4.26,-55.81,5.81,-0.12,-0.05,0.12,-0.24,226.04,221.0,62.47,77.87,8.0,12.0
1774375594389824700,48497,10.328,324.2,10.568,-146.5,3.03,4.18,-56.25,5.69,-0.12,-0.18,0.06,-0.37,244.22,233.0,61.38,77.12,8.0,12.0
1774375594492205516,48598,9.628,296.8,10.732,-212.3,2.91,4.45,-56.5,5.69,-0.12,-0.02,0.04,0.0,263.25,233.0,62.05,77.11,8.0,12.0
1774375594590537354,48698,10.32,306.8,10.272,-174.7,3.09,3.16,-56.75,5.63,-0.06,0.08,0.02,-0.71,230.15,227.0,61.75,77.79,10.0,12.0
1774375594692929931,48798,10.608,322.3,10.588,-154.6,3.01,4.22,-57.19,5.63,-0.06,-0.41,-0.21,0.76,237.53,227.0,60.86,75.87,10.0,12.0
1774375594791243360,48899,9.5,321.0,10.792,-183.4,2.87,3.81,-57.31,5.5,0.0,-0.03,-0.18,0.16,230.32,227.0,62.93,74.45,10.0,12.0
1774375594893651624,48999,10.544,389.7,10.712,-169.2,3.26,4.22,-57.25,5.56,0.0,-0.38,-0.06,-0.68,241.13,227.0,62.76,72.29,10.0,14.0
1774375594991954459,49099,10.44,256.7,10.72,-198.5,2.46,3.52,-57.44,5.94,0.0,0.05,-0.06,-0.06,227.24,224.0,62.09,77.4,10.0,14.0
1774375595094365552,49200,10.096,306.0,10.54,-187.7,3.3,3.28,-57.94,6.06,0.0,0.2,0.0,0.06,308.01,224.0,61.16,78.0,10.0,14.0
1774375595217271321,49300,10.248,248.7,10.248,-152.2,3.18,3.61,-58.5,6.06,0.12,0.01,0.04,0.17,11850.31,235.0,62.07,77.47,10.0,14.0
1774375595340101989,49423,10.484,310.3,10.12,-171.8,3.4,3.32,-58.94,5.88,0.44,0.03,-0.02,-0.22,11848.93,238.0,63.15,75.38,10.0,14.0
1774375595438454651,49545,9.852,335.4,10.768,-161.9,3.38,4.0,-59.44,5.56,0.88,-0.08,0.05,-0.35,227.92,238.0,62.24,73.22,10.0,14.0
1774375595540858653,49645,10.236,307.2,10.66,-175.4,3.26,3.3,-59.56,5.31,1.5,-0.11,-0.22,-0.24,219.52,222.0,63.74,73.97,10.0,14.0
1774375595639177349,49745,10.288,376.7,10.572,-148.7,2.79,4.53,-59.69,5.13,2.06,-0.05,-0.11,0.29,250.39,217.0,64.84,73.26,10.0,14.0
1774375595737477728,49845,10.352,318.2,10.564,-171.7,2.27,3.77,-59.81,5.19,2.44,-0.32,-0.04,0.0,226.21,217.0,64.07,75.05,10.0,14.0
1774375595968316966,49945,10.06,246.8,10.736,-201.2,3.01,3.38,-60.19,5.38,2.94,-0.02,-0.02,-0.1,11853.05,217.0,61.24,76.55,10.0,14.0
1774375595979957735,50066,10.152,286.0,10.22,-205.1,3.16,3.26,-60.75,5.25,3.56,-0.14,0.1,0.44,208.72,214.0,59.26,73.29,10.0,14.0
1774375596085666476,50166,10.348,259.1,10.828,-188.7,2.54,3.24,-61.31,5.19,4.0,-0.06,0.08,-0.07,11849.62,206.0,63.4,75.78,10.0,14.0
1774375596188061389,50292,9.736,328.6,10.568,-145.5,2.29,4.02,-62.25,4.81,4.81,0.03,0.14,-0.17,218.49,206.0,64.91,75.43,10.0,14.0
1774375596286376409,50392,10.42,310.2,9.652,-127.6,2.91,2.77,-63.0,4.38,5.81,-0.33,-0.23,0.08,220.21,215.0,65.14,76.26,10.0,14.0
1774375596388752801,50492,10.62,309.6,10.876,-120.3,2.34,4.16,-63.5,4.19,6.69,-0.43,-0.08,0.5,190.88,215.0,67.18,74.35,10.0,14.0
1774375596487090379,50592,9.9,211.8,10.904,-133.6,2.83,2.79,-63.88,4.25,7.19,-0.25,-0.06,0.76,226.04,204.0,66.1,74.76,12.0,16.0
1774375596614071251,50693,10.064,239.0,10.788,-154.5,3.34,3.5,-64.56,4.44,7.69,-0.23,0.02,0.04,11853.57,204.0,64.39,75.78,12.0,16.0
1774375596716486202,50820,10.14,285.8,10.304,-150.4,3.14,3.67,-65.81,4.69,8.25,0.04,-0.1,0.14,178.19,197.0,63.88,72.59,12.0,16.0
1774375596814780238,50920,9.7,244.5,10.58,-209.8,3.11,3.89,-66.75,5.0,8.5,-0.19,0.0,0.47,163.95,197.0,62.05,73.57,12.0,16.0
1774375596944327475,51019,9.86,233.2,10.644,-184.6,2.75,2.71,-67.75,5.19,8.63,0.19,-0.16,-0.34,179.56,187.0,60.37,73.08,12.0,16.0
1774375597015518201,51119,9.248,257.4,10.768,-173.0,3.03,3.34,-69.06,5.25,8.94,0.01,-0.15,0.03,168.58,187.0,63.62,74.85,12.0,16.0
1774375597113806896,51219,10.46,234.2,10.928,-147.4,2.95,3.24,-70.44,5.19,9.31,-0.2,-0.33,-0.16,172.87,188.0,63.74,75.55,12.0,16.0
1774375597216212704,51319,10.332,237.0,10.68,-160.9,3.11,3.13,-71.75,5.31,9.75,-0.01,-0.15,-0.05,145.26,184.0,62.31,74.94,12.0,16.0
1774375597314525215,51420,9.404,203.3,10.248,-153.1,2.85,2.87,-72.69,5.5,10.0,-0.06,0.28,0.05,158.64,184.0,63.6,71.66,12.0,16.0
1774375597416899965,51520,10.196,210.9,10.692,-177.4,2.36,3.3,-73.37,5.75,10.19,-0.08,0.06,0.63,153.49,170.0,62.96,70.83,12.0,16.0
1774375597515256999,51620,10.768,261.5,10.824,-211.3,3.24,4.12,-73.87,5.94,10.25,0.12,-0.1,-0.49,155.21,162.0,62.53,68.36,12.0,16.0
1774375597613525155,51720,10.32,222.7,9.992,-157.0,3.28,3.46,-74.25,5.94,10.25,-0.11,0.09,1.15,152.98,162.0,63.38,67.91,12.0,16.0
1774375597715965984,51820,10.62,231.3,10.66,-162.7,3.18,2.73,-74.62,6.0,10.19,-0.06,0.12,0.13,169.27,160.0,63.55,66.73,12.0,16.0
1774375597814276310,51920,10.784,273.4,10.592,-195.7,3.63,2.95,-75.0,6.13,10.19,0.15,0.16,-0.21,143.89,165.0,60.86,65.86,12.0,16.0
1774375597932323167,52020,9.464,2.1,11.084,-0.9,0.14,0.21,-75.44,6.19,10.38,1.65,-3.61,-0.09,152.29,165.0,21.05,27.46,12.0,16.0
1774375598014984090,52119,9.488,2.0,11.116,-1.0,0.0,0.02,-75.37,6.19,10.31,-0.07,-0.35,-0.32,147.49,168.0,0.0,12.0,16.0,
1774375598113247310,52219,9.448,1.9,11.128,-0.9,0.08,-0.1,-75.37,6.13,10.31,-0.09,0.01,0.1,147.49,168.0,0.0,12.0,16.0,
1774375598215691533,52320,9.54,1.8,11.128,-0.9,0.0,-0.1,-75.37,6.13,10.31,-0.05,0.0,-0.01,147.49,164.0,0.0,12.0,16.0,
1774375598318070733,52420,9.448,2.1,11.128,-0.7,0.1,-0.16,-75.37,6.13,10.31,-0.07,0.0,0.01,147.49,167.0,0.0,12.0,16.0,
1774375598416410996,52520,9.456,2.1,11.132,-0.8,0.12,-0.18,-75.37,6.13,10.31,-0.06,0.01,0.0,151.61,167.0,0.0,12.0,16.0,
1774375598514720423,52619,9.456,2.1,11.132,-1.0,0.08,-0.14,-75.37,6.13,10.31,-0.06,0.0,-0.04,147.49,164.0,0.0,12.0,16.0,
1774375598617121310,52719,9.456,2.0,11.128,-0.9,0.18,-0.14,-75.37,6.13,10.31,-0.05,-0.02,-0.04,147.49,161.0,0.0,12.0,16.0,
1774375598715433441,52819,9.464,1.8,11.124,-0.8,0.06,-0.16,-75.37,6.13,10.31,-0.05,0.0,-0.02,147.49,161.0,0.0,12.0,16.0,
1774375598813713273,52920,9.528,2.1,11.136,-0.8,0.0,-0.12,-75.37,6.06,10.31,-0.05,0.0,0.0,151.78,159.0,0.0,12.0,16.0,
1774375598916154923,53019,9.552,1.9,11.128,-1.0,0.06,-0.18,-75.37,6.06,10.31,-0.06,0.01,-0.03,151.61,159.0,0.0,12.0,16.0,
1774375599014463656,53120,9.512,1.8,9.744,0.4,0.1,-0.04,-75.37,6.06,10.31,-0.05,-0.02,-0.01,151.61,169.0,0.0,12.0,16.0,
1774375599140351080,53220,11.108,1.8,9.74,0.2,0.1,-0.21,-75.37,6.06,10.31,-0.06,-0.01,-0.04,147.49,167.0,0.0,12.0,16.0,
1774375599215162310,53320,11.112,2.5,11.124,-0.9,0.21,-0.08,-75.37,6.06,10.31,-0.07,-0.03,-0.01,147.49,167.0,0.0,12.0,16.0,
1774375599317575219,53420,9.224,2.3,11.12,-1.0,-0.06,-0.16,-75.37,6.06,10.31,-0.06,-0.02,-0.03,147.49,167.0,0.0,12.0,16.0,
1774375599415846018,53519,9.232,2.5,11.128,-0.9,0.16,-0.06,-75.37,6.06,10.31,-0.05,0.0,0.0,148.52,167.0,0.0,12.0,16.0,
1774375599514169765,53619,9.236,2.2,11.136,-0.9,0.04,-0.08,-75.37,6.06,10.31,-0.06,0.0,-0.04,147.49,167.0,0.0,12.0,16.0,
1774375599616597453,53719,9.228,2.3,11.124,-0.9,0.16,-0.2,-75.37,6.06,10.31,-0.06,-0.01,0.0,147.49,165.0,0.0,12.0,16.0,
1774375599714888735,53819,9.232,2.6,11.14,-0.8,0.12,-0.16,-75.37,6.06,10.31,-0.06,0.0,-0.05,147.49,162.0,0.0,12.0,16.0,
1774375599823347657,53919,9.308,2.6,11.124,-0.6,0.1,-0.2,-75.37,6.06,10.31,-0.05,0.0,0.01,147.49,162.0,0.0,12.0,16.0,
1774375599915661005,54019,9.328,2.3,11.132,-1.0,0.14,-0.08,-75.37,6.06,10.31,-0.07,-0.01,0.0,148.52,166.0,0.0,12.0,16.0,
1774375600032327470,54119,9.26,2.3,11.136,-1.0,0.18,-0.1,-75.37,6.06,10.31,-0.04,-0.01,-0.05,147.49,166.0,0.0,12.0,16.0,
1774375600116328071,54219,9.232,2.0,11.132,-0.9,0.16,-0.16,-75.37,6.06,10.31,-0.05,0.0,-0.03,147.49,166.0,0.0,12.0,16.0,
1774375600214592332,54320,9.232,2.4,11.132,-0.8,0.0,-0.14,-75.37,6.06,10.31,-0.06,0.0,0.0,147.49,160.0,0.0,12.0,16.0,
1774375600317019758,54420,9.236,2.4,11.144,-0.7,0.04,-0.08,-75.37,6.06,10.31,-0.04,0.0,0.0,147.49,160.0,0.0,12.0,16.0,
1774375600425456591,54520,9.316,2.6,11.136,-0.5,0.08,-0.16,-75.37,6.06,10.31,-0.06,-0.01,-0.02,148.52,164.0,0.0,12.0,16.0,
1774375600517793691,54621,9.32,2.3,11.14,-0.9,-0.2,-0.23,-75.37,6.06,10.31,-0.05,-0.01,-0.03,148.52,168.0,0.0,12.0,16.0,
1774375600620141463,54721,9.216,1.7,9.86,-0.1,0.1,-0.14,-75.37,6.06,10.31,-0.06,0.0,-0.05,147.49,168.0,0.0,12.0,16.0,
1774375600718464542,54821,11.124,1.7,9.856,-0.2,0.02,-0.1,-75.37,6.06,10.31,-0.06,-0.01,0.0,147.49,165.0,0.0,12.0,16.0,
1774375600868326922,54921,11.116,1.7,9.872,0.0,0.14,-0.14,-75.37,6.06,10.31,-0.06,-0.01,-0.01,147.49,166.0,0.0,12.0,16.0,
1774375600919164525,55021,11.124,1.7,9.916,-0.2,0.12,-0.25,-75.37,6.06,10.31,-0.07,-0.01,-0.01,147.49,166.0,0.0,12.0,16.0,
1774375601017472567,55120,11.124,2.2,11.136,-0.7,0.06,-0.08,-75.37,6.06,10.31,-0.06,-0.01,-0.02,147.49,172.0,0.0,12.0,16.0,
1774375601115781154,55220,9.524,2.0,11.136,-1.0,0.14,-0.2,-75.37,6.06,10.31,-0.04,-0.01,-0.05,148.52,172.0,0.0,12.0,16.0,
1774375601218178069,55320,9.536,2.2,11.14,-1.1,-0.02,-0.08,-75.37,6.06,10.31,-0.04,-0.02,-0.05,147.49,161.0,0.0,12.0,16.0,
1774375601316489916,55420,9.464,1.9,11.136,-0.8,0.06,-0.18,-75.37,6.06,10.31,-0.05,0.0,-0.01,147.32,164.0,0.0,12.0,16.0,
1774375601418852791,55520,9.536,2.0,11.132,-1.0,0.02,-0.14,-75.37,6.06,10.31,-0.07,-0.01,-0.01,147.49,164.0,0.0,12.0,16.0,
1774375601517206363,55620,9.464,2.1,11.144,-0.7,0.06,-0.18,-75.37,6.06,10.31,-0.06,0.0,-0.05,151.61,164.0,0.0,12.0,16.0,
1774375601615506950,55720,9.512,2.0,11.148,-0.9,0.18,-0.21,-75.37,6.06,10.31,-0.06,-0.01,-0.04,147.49,163.0,0.0,12.0,16.0,
1774375601752319929,55820,9.46,2.0,11.14,-1.0,0.04,-0.16,-75.37,6.06,10.31,-0.08,0.0,-0.04,147.49,163.0,0.0,12.0,16.0,
1774375601816214378,55919,9.512,2.0,11.152,-0.9,0.18,-0.12,-75.37,6.06,10.31,-0.06,0.0,-0.03,147.49,159.0,0.0,12.0,16.0,
1774375601918601347,56019,9.532,2.2,11.148,-0.8,0.18,-0.16,-75.37,6.06,10.31,-0.06,-0.01,-0.02,147.49,160.0,0.0,12.0,16.0,
1774375602016908291,56119,9.456,1.9,11.14,-0.7,0.02,-0.2,-75.37,6.06,10.31,-0.07,0.0,-0.02,147.49,160.0,0.0,12.0,16.0,
1774375602115234138,56218,9.544,2.1,11.144,-0.9,0.16,-0.21,-75.37,6.06,10.31,-0.04,-0.04,-0.06,148.52,169.0,0.0,12.0,16.0,
1774375602213486258,56318,9.544,2.0,11.152,-0.8,0.18,-0.1,-75.37,6.06,10.31,-0.06,-0.01,-0.06,146.29,167.0,0.0,12.0,16.0,
1774375602315934473,56418,9.472,2.0,11.148,-1.1,0.16,-0.16,-75.37,6.06,10.31,-0.06,0.0,-0.03,151.61,167.0,0.0,12.0,16.0,
1774375602414223225,56517,9.468,2.1,11.144,-1.0,0.04,-0.12,-75.37,6.06,10.31,-0.05,-0.02,-0.04,147.49,163.0,0.0,12.0,16.0,
1774375602512530978,56616,9.468,1.9,11.16,-1.0,0.06,-0.14,-75.37,6.06,10.31,-0.06,0.01,-0.05,147.49,163.0,0.0,12.0,16.0,
1774375602614958599,56716,9.564,2.1,11.148,-1.0,0.08,-0.08,-75.37,6.06,10.31,-0.04,-0.01,-0.01,147.49,166.0,0.0,12.0,16.0,
1774375602713262760,56816,9.544,1.9,11.148,-0.7,0.06,-0.1,-75.37,6.06,10.31,-0.05,0.0,-0.03,147.49,170.0,0.0,12.0,16.0,
1774375602811540567,56915,9.544,2.0,11.14,-1.0,0.08,-0.1,-75.37,6.06,10.31,-0.06,0.0,-0.03,147.49,170.0,0.0,12.0,16.0,
1774375602913963224,57015,9.472,1.8,11.148,-0.6,-0.02,-0.04,-75.37,6.06,10.31,-0.05,0.0,-0.05,147.49,164.0,0.0,12.0,16.0,
1774375603012325154,57115,9.472,2.0,11.148,-0.9,0.04,-0.12,-75.37,6.06,10.31,-0.07,0.0,-0.03,147.49,169.0,0.0,12.0,16.0,
1774375603114675279,57216,9.5,1.9,11.156,-0.9,0.02,-0.16,-75.37,6.06,10.31,-0.07,0.0,-0.02,147.49,169.0,0.0,12.0,16.0,
1774375603212974427,57316,9.544,1.8,9.74,0.0,0.12,-0.23,-75.37,6.06,10.31,-0.06,0.0,0.0,147.49,161.0,0.0,12.0,16.0,
1774375603315382222,57416,9.248,2.2,11.148,-0.9,0.04,-0.18,-75.37,6.06,10.31,-0.07,0.0,-0.03,147.49,161.0,0.0,12.0,16.0,
1774375603413654738,57516,9.252,2.4,11.144,-0.8,0.1,-0.1,-75.37,6.06,10.31,-0.06,-0.01,-0.01,151.78,166.0,0.0,12.0,16.0,
1774375603516081664,57616,9.248,2.3,11.148,-0.8,0.16,-0.14,-75.37,6.06,10.31,-0.07,0.0,-0.04,147.49,168.0,0.0,12.0,16.0,
1774375603614434315,57715,9.244,2.5,11.148,-0.9,0.27,-0.16,-75.37,6.06,10.31,-0.06,0.0,-0.03,148.52,168.0,0.0,12.0,16.0,
1774375603712695387,57816,9.244,1.5,9.876,-0.2,0.04,-0.04,-75.37,6.06,10.31,-0.06,-0.02,-0.05,148.52,163.0,0.0,12.0,16.0,
1774375603956322725,57916,9.532,2.0,11.156,-0.9,0.02,-0.1,-75.37,6.06,10.31,-0.04,-0.01,-0.05,147.49,164.0,0.0,12.0,16.0,
1774375604015812508,58016,9.536,1.9,11.152,-0.8,0.02,-0.1,-75.37,6.06,10.31,-0.06,0.0,-0.01,148.35,164.0,0.0,12.0,16.0,
1774375604026906893,58117,9.324,2.2,11.148,-1.0,0.21,-0.18,-75.37,6.06,10.31,-0.06,-0.03,-0.03,147.49,166.0,0.0,12.0,16.0,
1774375604118201817,58217,9.268,2.4,11.148,-0.9,0.08,-0.29,-75.37,6.06,10.31,-0.06,0.0,-0.01,147.49,160.0,0.0,12.0,16.0,
1774375604216516755,58317,9.256,2.4,11.152,-0.7,0.06,-0.16,-75.37,6.06,10.31,-0.04,-0.01,-0.03,148.52,160.0,0.0,12.0,16.0,
1774375604314757819,58418,10.988,2.4,11.144,-0.8,0.08,-0.12,-75.37,6.06,10.31,-0.07,-0.03,-0.22,147.49,168.0,11.12,0.0,12.0,16.0
1774375604417226799,58518,9.372,2.4,11.152,-1.1,0.12,-0.1,-75.37,6.06,10.31,-0.07,-0.02,0.0,147.49,168.0,0.0,12.0,16.0,
1774375604515610945,58617,9.316,2.7,11.148,-1.0,-0.04,-0.16,-75.37,6.06,10.31,-0.08,-0.01,0.0,147.49,171.0,0.0,12.0,16.0,
1774375604617940454,58717,9.344,2.5,11.156,-0.8,0.12,-0.08,-75.37,6.06,10.31,-0.06,0.0,-0.04,147.49,165.0,0.0,12.0,16.0,
1774375604716279227,58817,9.344,2.3,11.16,-0.9,0.08,-0.08,-75.37,6.06,10.31,-0.05,-0.01,-0.03,147.49,165.0,0.0,12.0,16.0,
1774375604814531310,58917,9.268,2.3,11.152,-1.0,-0.06,-0.08,-75.37,6.06,10.31,-0.05,0.0,-0.01,147.49,166.0,0.0,12.0,16.0,
1774375604916955010,59017,9.328,2.2,11.16,-0.7,0.08,-0.23,-75.37,6.06,10.31,-0.06,-0.01,-0.04,147.49,165.0,0.0,12.0,16.0,
1774375605036320992,59116,9.276,2.3,11.152,-0.7,0.08,-0.04,-75.37,6.06,10.31,-0.05,0.0,-0.01,147.49,165.0,0.0,12.0,16.0,
1774375605113570939,59216,9.36,2.4,11.148,-1.0,0.06,-0.04,-75.37,6.06,10.31,-0.05,0.0,-0.02,151.78,160.0,0.0,12.0,16.0,
1774375605215967787,59315,9.276,2.6,11.144,-0.8,0.04,-0.1,-75.37,6.06,10.31,-0.05,0.0,-0.02,151.09,160.0,0.0,12.0,16.0,
1774375605314229923,59415,9.316,2.3,11.156,-1.2,0.12,0.08,-75.37,6.06,10.31,-0.07,0.01,-0.03,155.38,164.0,0.0,12.0,16.0,
1774375605412562470,59515,11.144,1.4,9.932,-0.1,-0.1,-0.1,-75.37,6.06,10.31,-0.01,0.0,-0.02,155.89,170.0,4.21,0.0,12.0,16.0
1774375605514984671,59614,9.564,2.0,11.16,-1.1,0.14,-0.23,-75.37,6.06,10.31,-0.06,-0.02,-0.02,152.12,170.0,0.0,12.0,16.0,
1774375605613296421,59713,9.56,1.8,11.156,-0.9,0.04,-0.18,-75.37,6.06,10.31,-0.03,0.0,-0.04,151.09,165.0,0.0,12.0,16.0,
1774375605711593392,59812,9.504,2.0,11.156,-0.7,0.02,-0.06,-75.37,6.06,10.31,-0.07,0.0,-0.04,151.09,166.0,0.0,12.0,16.0,
1774375605828325531,59912,9.496,1.9,11.16,-0.9,0.04,-0.08,-75.37,6.06,10.31,-0.07,0.0,-0.01,152.29,166.0,0.0,12.0,16.0,
1774375605912324602,60012,9.5,1.9,11.152,-1.0,0.12,-0.21,-75.37,6.06,10.31,-0.04,0.0,-0.02,151.09,165.0,0.0,12.0,16.0,
1774375606010603790,60112,9.496,1.8,11.16,-0.8,0.04,-0.18,-75.37,6.06,10.31,-0.06,-0.02,-0.05,151.09,163.0,0.0,12.0,16.0,
1774375606113008699,60212,9.504,1.9,11.16,-0.9,0.1,-0.12,-75.37,6.06,10.31,-0.07,-0.01,-0.02,151.09,163.0,0.0,12.0,16.0,
1774375606211327448,60312,9.5,2.0,11.16,-0.8,0.0,-0.21,-75.37,6.06,10.31,-0.06,-0.01,-0.01,151.61,165.0,0.0,12.0,16.0,
1774375606313696374,60412,9.496,2.2,11.16,-0.9,-0.08,-0.06,-75.37,6.06,10.31,-0.07,0.0,-0.03,151.43,165.0,0.0,12.0,16.0,
1774375606412009160,60513,9.492,2.2,11.156,-0.9,0.1,0.04,-75.37,6.06,10.31,-0.06,-0.01,-0.01,151.61,165.0,0.0,12.0,16.0,
1774375606514401717,60613,9.508,1.9,11.156,-0.9,0.02,-0.02,-75.37,6.06,10.31,-0.08,0.0,0.01,155.38,166.0,0.0,12.0,16.0,
1774375606612720596,60713,9.564,2.2,11.156,-1.0,0.12,-0.18,-75.37,6.06,10.31,-0.07,-0.01,-0.03,151.09,166.0,0.0,12.0,16.0,
1774375606715110263,60814,9.496,2.0,11.16,-0.8,-0.02,-0.04,-75.37,6.06,10.31,-0.04,-0.02,0.01,155.38,160.0,0.0,12.0,16.0,
1774375606813434180,60914,9.572,2.0,11.16,-1.1,-0.02,-0.21,-75.37,6.06,10.31,-0.04,0.0,0.0,156.24,167.0,0.0,12.0,16.0,
1774375606915821810,61015,9.492,2.0,11.164,-1.0,0.06,-0.16,-75.37,6.06,10.31,-0.06,0.0,-0.03,151.09,167.0,0.0,12.0,16.0,
1774375607014091542,61115,9.488,2.2,11.152,-0.8,0.04,-0.12,-75.37,6.06,10.31,-0.06,0.01,-0.03,151.09,166.0,0.0,12.0,16.0,
1774375607116514070,61215,9.5,2.2,11.156,-1.0,0.06,-0.18,-75.37,6.06,10.31,-0.06,0.0,-0.01,151.09,163.0,0.0,12.0,16.0,
1774375607214837802,61316,9.496,2.0,11.152,-0.8,0.1,-0.14,-75.37,6.06,10.31,-0.06,0.0,-0.01,151.09,163.0,0.0,12.0,16.0,
1774375607317240662,61416,9.568,2.0,11.164,-1.1,0.14,-0.14,-75.37,6.06,10.31,-0.05,0.0,-0.04,151.09,166.0,0.0,12.0,16.0,
1774375607415497724,61516,9.548,2.0,11.16,-0.6,0.06,-0.08,-75.37,6.06,10.31,-0.06,-0.02,-0.03,151.09,166.0,0.0,12.0,16.0,
1774375607517938790,61617,9.488,2.1,11.164,-0.8,-0.04,-0.1,-75.37,6.06,10.31,-0.05,-0.01,-0.03,151.61,167.0,0.0,12.0,16.0,
1774375607620355614,61717,9.5,1.9,11.164,-0.8,0.2,0.0,-75.37,6.06,10.31,-0.04,0.0,0.0,151.09,162.0,0.0,12.0,16.0,
1774375607718653529,61817,9.584,1.8,11.164,-0.8,0.08,-0.1,-75.37,6.06,10.31,-0.05,0.0,-0.03,152.12,162.0,0.0,12.0,16.0,
1774375607944306524,61918,9.572,1.8,11.168,-1.1,0.21,-0.14,-75.37,6.06,10.31,-0.07,0.01,0.0,151.09,163.0,0.0,12.0,16.0,
1774375608021770760,62018,9.496,1.9,11.16,-0.9,0.08,-0.16,-75.37,6.06,10.31,-0.06,-0.01,-0.02,151.09,166.0,0.0,12.0,16.0,
1774375608033416086,62118,9.492,1.9,11.164,-0.9,0.02,-0.14,-75.37,6.06,10.31,-0.06,-0.02,0.0,151.09,166.0,0.0,12.0,16.0,
1774375608120060843,62219,9.508,2.2,11.164,-0.9,-0.02,-0.06,-75.37,6.06,10.31,-0.04,0.0,-0.01,152.12,166.0,0.0,12.0,16.0,
1774375608218341259,62319,9.492,2.3,11.152,-0.7,0.06,-0.14,-75.37,6.06,10.31,-0.04,0.0,-0.02,151.09,162.0,0.0,12.0,16.0,
1774375608320741719,62419,9.584,1.9,11.156,-0.6,0.1,-0.21,-75.37,6.06,10.31,-0.06,0.0,-0.03,151.61,162.0,0.0,12.0,16.0,
1774375608419046358,62518,9.572,2.1,11.168,-0.9,0.0,-0.1,-75.37,6.06,10.31,-0.05,0.0,-0.01,151.09,163.0,0.0,12.0,16.0,
1774375608521476634,62618,9.568,2.2,11.168,-0.8,0.0,-0.08,-75.37,6.06,10.31,-0.07,0.0,-0.03,151.09,166.0,0.0,12.0,16.0,
1774375608619768106,62718,11.14,1.8,9.904,0.1,-0.04,-0.02,-75.37,6.06,10.31,-0.06,-0.02,-0.03,155.38,166.0,0.0,12.0,16.0,
1774375608718070708,62818,11.136,1.6,9.972,-0.3,-0.02,-0.18,-75.37,6.06,10.31,-0.06,-0.01,-0.01,147.49,167.0,0.0,12.0,16.0,
1774375608856310943,62918,9.576,1.9,11.172,-0.9,0.08,-0.16,-75.37,6.06,10.31,-0.05,0.01,-0.04,156.92,167.0,0.0,12.0,16.0,
1774375608918783900,63019,9.5,2.0,11.164,-1.0,0.1,-0.02,-75.37,6.06,10.31,-0.06,-0.01,-0.04,151.78,164.0,0.0,12.0,16.0,
1774375609021186162,63118,9.496,2.0,11.16,-0.7,0.21,-0.1,-75.37,6.06,10.31,-0.05,0.0,-0.06,151.61,160.0,0.0,12.0,16.0,
1774375609119488911,63218,9.58,2.0,11.168,-0.7,-0.08,-0.06,-75.37,6.06,10.31,-0.05,0.01,-0.04,151.61,160.0,0.0,12.0,16.0,
1774375609221887082,63319,9.576,1.8,11.156,-0.9,0.12,-0.14,-75.37,6.06,10.31,-0.06,-0.01,-0.04,152.81,160.0,0.0,12.0,16.0,
1774375609320214814,63419,10.312,143.0,10.364,-206.9,2.54,3.32,-75.44,6.06,10.31,1.13,0.67,0.58,148.18,168.0,43.79,18.53,12.0,16.0
1774375609422552964,63519,10.34,136.7,10.744,-161.9,3.73,3.24,-75.44,6.0,10.38,0.02,-0.06,-0.79,170.64,168.0,57.89,27.19,12.0,16.0
1774375609545454300,63620,10.168,135.5,10.972,-208.7,4.14,3.26,-75.44,5.94,10.44,0.01,-0.4,-0.07,11913.25,165.0,58.37,26.79,12.0,16.0
1774375609668345654,63745,10.54,129.9,10.396,-233.0,2.85,3.03,-75.37,5.81,10.44,-0.13,0.0,-0.38,11910.5,168.0,59.56,26.7,12.0,16.0
1774375609788314707,63865,9.812,103.7,9.708,-188.0,4.06,2.6,-75.25,5.81,10.44,0.17,0.11,-0.39,171.84,168.0,56.14,28.07,14.0,16.0
1774375609889517331,63966,10.84,118.9,10.676,-194.2,3.55,2.7,-75.06,5.88,10.44,0.12,-0.38,0.11,11913.25,166.0,57.89,25.36,14.0,18.0
1774375610012413028,64087,10.572,115.6,9.912,-214.2,2.83,3.48,-74.87,6.0,10.38,0.02,-0.09,-0.1,11905.02,170.0,59.85,27.84,14.0,18.0
1774375610131176517,64209,9.924,267.4,10.96,-190.3,2.3,3.42,-74.69,6.31,10.38,-0.19,-0.08,0.09,11886.84,167.0,63.15,39.39,14.0,18.0
1774375610254094549,64330,9.592,79.8,10.428,-190.6,2.3,2.64,-74.69,6.63,10.31,-0.12,0.19,-0.51,11908.1,172.0,62.45,30.17,14.0,18.0
1774375610364673233,64451,10.372,146.7,10.716,-196.4,2.52,3.09,-74.5,6.88,10.31,-0.14,-0.03,0.0,10086.09,167.0,60.69,25.03,14.0,18.0
1774375610483466167,64563,10.372,136.0,10.416,-179.7,3.26,3.22,-74.56,7.0,10.31,-1.04,0.12,0.32,11912.9,167.0,58.3,25.91,14.0,18.0
1774375610581762525,64681,10.584,138.5,10.624,-205.1,3.3,3.52,-74.69,7.19,10.38,0.0,0.22,-1.51,172.19,167.0,57.2,27.01,14.0,18.0
1774375610684178128,64781,10.724,125.1,10.628,-165.7,3.2,2.91,-74.81,7.13,10.31,-0.04,0.03,0.04,224.49,167.0,59.76,27.16,14.0,18.0
1774375610802952283,64881,10.58,124.6,10.696,-242.7,3.2,3.24,-74.81,7.19,10.31,0.13,0.04,-0.05,11916.33,169.0,56.46,26.79,14.0,18.0
1774375610929903484,65002,9.832,117.7,10.828,-217.3,3.75,2.58,-74.87,7.25,10.31,0.21,-0.36,0.5,11918.05,165.0,54.28,27.14,14.0,18.0
1774375611028235583,65126,10.172,127.8,10.612,-234.4,2.89,2.64,-74.87,7.31,10.25,-0.25,-0.45,0.09,2505.44,165.0,56.14,25.63,14.0,18.0
1774375611147013796,65227,10.7,132.6,10.928,-213.5,3.14,3.3,-74.94,7.44,10.19,0.12,0.17,0.27,11915.65,165.0,57.06,26.04,14.0,18.0
1774375611257642262,65343,10.664,152.3,10.7,-198.2,3.89,2.81,-74.87,7.5,10.19,0.58,-0.44,0.61,10440.92,163.0,55.89,25.34,14.0,18.0
1774375611359983736,65457,9.484,136.3,10.744,-182.8,3.69,2.91,-74.62,7.5,10.0,-0.81,0.15,-0.69,157.95,165.0,56.14,24.77,14.0,18.0
1774375611482893797,65557,9.964,127.5,10.772,-168.7,3.09,2.73,-74.37,7.56,9.94,0.38,-0.49,1.29,11914.96,161.0,58.94,26.75,14.0,18.0
1774375611597524699,65680,10.364,142.1,10.448,-247.9,4.32,3.38,-74.31,7.56,9.88,-1.28,1.69,-3.16,11916.68,161.0,55.19,26.89,14.0,18.0
1774375611699964639,65797,10.06,104.4,10.952,-183.9,2.85,2.46,-74.19,7.56,9.81,-0.08,-0.03,0.36,183.85,162.0,56.68,29.15,14.0,18.0
1774375611798286158,65896,10.776,124.2,10.34,-181.1,3.55,3.36,-74.06,7.56,9.81,0.68,-0.19,0.62,5767.89,162.0,57.02,27.85,16.0,18.0
1774375611896583046,65995,10.476,120.0,10.9,-203.0,4.3,2.66,-73.87,7.56,9.75,0.54,0.31,0.0,2373.56,159.0,52.87,26.44,16.0,18.0
1774375612124318387,66095,10.104,126.2,10.748,-264.2,4.16,2.79,-73.75,7.63,9.69,0.05,-0.42,1.24,11921.82,158.0,53.98,25.37,16.0,18.0
1774375612136088716,66217,10.384,129.5,10.104,-208.2,4.24,2.64,-73.5,7.75,9.63,-0.19,-0.23,-0.12,150.23,158.0,54.27,26.2,16.0,18.0
1774375612248805176,66317,10.56,132.3,10.956,-201.2,4.24,2.44,-73.37,7.94,9.56,-0.14,-0.1,0.74,11921.14,162.0,53.41,29.35,16.0,18.0
1774375612371631152,66446,10.348,121.0,10.804,-233.5,2.93,3.22,-73.0,8.25,9.31,-0.45,0.24,-1.88,11910.85,162.0,55.06,31.74,16.0,18.0
1774375612494607818,66571,10.824,123.3,10.504,-224.7,4.22,2.36,-72.56,8.44,9.19,0.14,-0.07,-0.24,11902.96,172.0,55.24,29.64,16.0,18.0
1774375612592909140,66690,10.2,123.9,10.66,-194.8,3.54,2.44,-72.19,8.5,9.06,0.02,-0.15,-0.43,155.89,172.0,55.5,28.71,16.0,18.0
1774375612691137201,66790,10.104,150.7,10.944,-284.6,4.34,2.97,-71.94,8.5,9.0,0.16,0.03,0.57,151.78,176.0,53.51,27.54,16.0,18.0
1774375612793610864,66889,10.052,139.9,10.728,-246.9,4.53,3.75,-71.69,8.56,8.94,0.24,0.89,-1.99,183.16,176.0,53.05,28.63,16.0,18.0
1774375612920314077,66989,10.66,134.4,10.644,-277.5,4.02,3.3,-71.5,8.56,8.88,-0.96,-0.03,-0.84,11914.1,181.0,53.13,30.07,16.0,18.0
1774375613022983846,67110,10.096,124.9,10.876,-303.3,5.0,2.3,-71.31,8.63,8.75,-0.01,-0.13,0.6,10987.83,181.0,49.12,29.63,16.0,18.0
1774375613141751447,67219,10.764,159.7,10.772,-281.9,4.71,3.44,-71.12,8.63,8.56,0.23,0.25,-1.24,11926.11,182.0,45.93,29.23,16.0,18.0
1774375613244206548,67340,9.076,161.2,10.892,-272.8,3.79,2.46,-71.0,8.63,8.5,-0.4,0.25,-0.57,150.23,182.0,47.84,30.62,16.0,18.0
1774375613342396962,67440,10.492,123.3,10.952,-306.5,4.88,2.95,-70.87,8.69,8.38,-0.08,-0.01,-0.23,167.56,188.0,48.79,29.9,16.0,18.0
1774375613444868119,67540,10.248,140.1,10.652,-266.9,4.53,3.69,-70.56,8.69,8.19,-0.2,0.04,-0.21,8783.2,185.0,51.86,29.56,16.0,18.0
1774375613547259163,67642,10.856,157.3,9.836,-261.6,3.61,3.48,-70.0,8.69,7.94,-1.41,0.85,-2.81,197.22,185.0,50.52,28.07,16.0,18.0
1774375613645589619,67742,9.864,156.4,10.756,-248.8,3.22,3.57,-69.56,8.69,7.81,-0.07,0.21,0.63,154.35,197.0,53.22,29.39,16.0,18.0
1774375613743846332,67842,10.864,183.8,10.832,-244.7,3.3,3.69,-69.12,8.56,7.75,0.67,-0.35,1.59,147.49,200.0,53.89,27.79,16.0,18.0
1774375613860327677,67942,10.828,139.3,10.656,-271.9,4.47,3.2,-68.69,8.5,7.69,0.07,0.17,0.26,150.92,200.0,52.85,28.67,16.0,18.0
1774375613944521219,68042,10.216,169.5,10.94,-237.0,3.44,3.01,-68.19,8.38,7.63,-0.51,0.17,0.23,153.49,195.0,53.51,30.69,16.0,18.0
1774375614067452074,68143,10.428,172.3,10.164,-252.6,3.77,2.87,-67.75,8.31,7.5,-0.39,0.0,-0.18,11909.47,208.0,55.48,31.7,18.0,20.0
1774375614190274786,68263,10.828,111.0,10.776,-222.5,3.42,3.36,-67.19,8.38,7.38,0.18,0.08,-0.35,11897.81,213.0,54.28,39.67,18.0,20.0
1774375614313176111,68388,9.98,117.2,10.936,-244.0,4.22,2.7,-66.62,8.5,7.25,0.21,0.12,0.18,11903.47,204.0,54.33,36.67,18.0,20.0
1774375614427868090,68508,10.252,116.3,10.828,-211.4,3.96,2.97,-66.12,8.63,7.19,0.18,-0.19,-0.53,11905.53,204.0,53.65,35.77,18.0,20.0
1774375614546684279,68623,10.156,164.3,10.224,-266.8,4.8,2.42,-65.62,8.75,7.06,0.18,0.08,-0.01,11906.73,207.0,50.8,34.8,18.0,20.0
1774375614661324034,68743,10.568,149.2,10.748,-273.6,4.14,3.48,-64.94,8.75,6.94,0.05,0.1,0.34,10316.93,210.0,52.16,35.77,18.0,20.0
1774375614763756104,68858,10.896,182.9,10.792,-268.3,4.12,2.48,-64.25,8.69,6.81,0.56,-0.32,0.0,177.33,210.0,52.63,35.09,18.0,20.0
1774375614890575098,68959,10.568,142.1,10.68,-193.0,3.98,3.2,-63.81,8.56,6.81,-0.03,0.43,0.13,11903.47,202.0,53.58,37.32,18.0,20.0
1774375615005418043,69080,10.22,137.3,10.872,-255.7,3.48,3.05,-63.56,8.38,6.69,0.14,0.14,-0.78,11898.5,204.0,52.89,39.67,18.0,20.0
1774375615132391868,69200,10.644,143.2,10.932,-227.1,4.0,3.38,-63.25,8.19,6.69,0.0,0.24,0.13,11700.24,204.0,55.43,38.59,18.0,20.0
1774375615234798069,69328,10.384,137.6,10.568,-223.3,3.44,2.54,-62.81,8.06,6.69,0.27,-0.18,-0.59,9209.38,204.0,54.81,38.92,18.0,20.0
1774375615337196622,69430,10.308,153.2,10.408,-208.6,3.14,2.73,-62.5,8.0,6.69,0.24,0.42,-0.27,232.38,211.0,54.58,37.42,18.0,20.0
1774375615455947078,69530,10.312,177.4,10.736,-220.1,3.69,2.79,-62.0,7.75,6.69,-0.25,0.14,0.29,11895.41,199.0,56.3,38.37,18.0,20.0
1774375615574780907,69650,10.468,146.9,10.108,-254.9,3.14,3.14,-61.31,7.63,6.75,-0.16,0.11,0.0,11896.1,202.0,54.53,39.34,18.0,20.0
1774375615693548511,69771,10.256,199.0,9.472,-214.0,3.85,2.83,-60.63,7.63,6.75,-0.01,0.13,-0.14,11895.93,202.0,56.38,38.81,18.0,20.0
1774375615816422708,69890,10.052,131.7,10.468,-222.6,2.81,1.97,-59.75,7.63,6.75,-0.2,0.14,-0.13,11890.78,193.0,57.51,41.76,18.0,20.0
1774375615942543028,70010,10.592,161.0,10.9,-240.5,2.87,2.46,-59.0,7.56,6.81,0.71,-0.48,0.31,11892.67,192.0,56.6,41.41,18.0,20.0
1774375616053987694,70129,10.504,131.7,10.764,-230.6,3.44,3.42,-58.56,7.31,6.88,-0.31,-0.12,-0.37,11894.38,191.0,56.86,42.46,18.0,20.0
1774375616168719423,70250,10.028,182.7,10.396,-207.9,2.56,3.32,-57.94,7.06,7.0,-0.04,0.04,0.29,11896.44,191.0,57.84,40.27,18.0,20.0
1774375616271116877,70365,10.588,208.9,10.756,-215.2,3.34,3.13,-57.25,6.94,7.13,-0.07,0.13,-0.17,273.54,178.0,57.7,40.54,20.0,20.0
1774375616369486434,70465,10.544,160.5,10.836,-219.1,3.87,3.48,-56.69,6.81,7.13,-0.03,-0.08,-0.4,231.01,178.0,56.44,42.1,20.0,20.0
1774375616471748922,70565,10.504,156.5,10.668,-184.4,2.83,3.61,-56.31,6.63,7.0,0.14,0.18,-0.2,238.38,181.0,55.61,42.9,20.0,20.0
1774375616611039363,70665,9.964,201.2,9.832,-198.6,4.3,3.5,-56.06,6.38,7.0,-0.2,-0.17,0.23,11899.18,179.0,54.13,45.11,20.0,20.0
1774375616729815749,70806,9.048,192.4,10.768,-221.6,3.98,2.93,-55.69,6.25,7.0,0.07,-0.02,0.12,11893.87,186.0,55.33,45.71,20.0,20.0
1774375616848602025,70926,9.628,203.5,10.796,-222.0,2.6,3.03,-55.25,6.06,7.0,0.06,0.0,-0.15,11890.95,178.0,57.76,46.63,20.0,20.0
1774375616950984997,71045,10.492,203.4,10.816,-176.7,3.5,3.3,-54.69,5.88,7.13,-0.23,0.36,-0.17,179.05,178.0,58.14,48.12,20.0,20.0
1774375617069833086,71145,10.848,173.4,10.608,-190.2,3.81,3.59,-54.31,5.63,7.19,0.1,0.4,0.5,11893.18,173.0,56.93,48.32,20.0,22.0
1774375617192670048,71264,10.856,167.2,9.996,-180.5,3.5,3.32,-54.06,5.56,7.25,0.05,0.06,0.06,11888.21,181.0,58.24,49.12,20.0,22.0
1774375617295030081,71388,10.08,172.7,10.656,-202.7,2.68,2.99,-53.81,5.56,7.31,0.0,-0.19,0.12,166.87,181.0,59.12,46.58,20.0,22.0
1774375617393346777,71488,10.832,187.9,10.78,-236.6,3.77,2.87,-53.56,5.56,7.38,0.13,-0.07,-0.03,174.59,176.0,56.66,45.64,20.0,22.0
1774375617495766108,71588,10.304,195.1,9.432,-193.9,3.98,2.87,-53.38,5.44,7.38,0.08,0.0,-0.29,195.51,176.0,54.95,44.32,20.0,22.0
1774375617618671201,71689,10.056,239.5,10.484,-219.3,2.87,3.95,-53.19,5.31,7.31,0.08,0.15,-0.33,11893.87,177.0,56.3,46.19,20.0,22.0
1774375617745606111,71813,10.592,192.5,10.78,-247.4,4.22,3.13,-53.19,5.25,7.19,-0.08,0.11,-0.14,11891.98,182.0,55.91,47.15,20.0,22.0
1774375618060322179,71940,10.804,231.8,10.304,-235.7,3.4,3.14,-53.25,5.13,7.0,-0.05,-0.03,0.16,11891.81,180.0,57.02,47.74,20.0,22.0
1774375618071524927,72061,10.868,183.8,10.384,-205.0,3.65,3.07,-53.25,4.94,6.94,0.23,0.38,-0.24,170.47,180.0,56.14,46.78,20.0,22.0
1774375618089688848,72160,9.276,177.6,10.096,-199.6,3.61,3.98,-53.31,4.75,6.94,0.33,0.12,-0.58,11892.84,183.0,56.3,46.67,20.0,22.0
1774375618212550018,72284,10.112,211.3,10.92,-217.8,3.46,3.91,-53.38,4.5,6.94,0.19,-0.03,0.29,11893.35,183.0,56.82,45.87,20.0,22.0
1774375618327210543,72404,9.68,267.3,10.604,-214.1,3.71,3.57,-53.38,4.38,6.94,-0.21,0.1,0.13,11014.76,184.0,56.62,42.83,22.0,22.0
1774375618450116250,72519,10.824,156.4,9.904,-223.6,2.97,2.7,-53.19,4.5,6.94,-0.2,-0.3,-0.17,11889.92,178.0,56.6,49.69,22.0,22.0
1774375618572995791,72642,10.904,249.9,10.716,-236.4,3.4,3.26,-53.19,4.69,7.0,0.13,0.0,-0.44,11891.12,179.0,56.6,49.0,22.0,22.0
1774375618687692075,72768,10.236,206.7,10.644,-204.0,2.91,3.3,-53.13,4.75,6.94,-0.04,-0.04,-0.48,11893.18,179.0,55.66,44.24,22.0,22.0
1774375618790127366,72882,10.568,206.6,10.596,-220.5,2.79,4.43,-53.0,4.75,6.94,-0.21,0.15,-0.26,1730.43,185.0,54.8,42.77,22.0,22.0
1774375618888390045,72983,10.416,224.7,10.464,-230.1,3.2,3.75,-52.94,4.75,6.88,0.27,0.16,0.1,3220.6,185.0,55.59,45.78,22.0,22.0
1774375619011238842,73083,10.488,202.2,10.828,-219.4,3.77,3.11,-52.94,4.63,6.75,-0.07,0.62,0.13,11889.75,188.0,55.43,47.43,22.0,22.0
1774375619109553682,73205,9.352,213.9,10.584,-172.4,3.44,3.16,-53.13,4.5,6.63,-0.73,-0.05,0.88,1839.34,195.0,54.73,46.31,22.0,22.0
1774375619232443534,73305,10.192,198.6,10.688,-202.4,2.7,3.77,-53.31,4.31,6.63,-0.14,0.15,-0.21,11886.15,198.0,57.2,49.25,22.0,22.0
1774375619347087696,73423,10.308,186.0,10.2,-223.4,3.61,2.81,-53.5,4.13,6.63,0.37,0.03,-0.32,11888.89,198.0,57.61,49.49,22.0,22.0
1774375619445434444,73538,10.056,221.0,10.56,-214.1,3.05,3.16,-53.63,4.0,6.63,-0.21,-0.03,0.45,180.08,199.0,56.68,50.2,22.0,22.0
1774375619568283758,73638,10.604,229.7,10.888,-187.6,3.54,3.95,-53.63,4.0,6.63,0.21,0.01,0.02,11888.38,208.0,56.47,51.02,22.0,24.0
1774375619697231273,73763,10.44,227.2,10.476,-204.5,3.09,3.87,-53.56,4.19,6.63,0.03,0.11,0.09,11889.58,207.0,56.82,49.29,22.0,24.0
1774375619801789169,73882,10.54,189.9,10.884,-216.7,2.85,3.65,-53.56,4.5,6.56,0.06,-0.02,0.04,11271.84,207.0,56.65,48.99,22.0,24.0
1774375619920561639,73993,10.252,237.6,10.852,-234.3,3.71,3.75,-53.56,4.69,6.44,0.31,0.15,-0.37,11897.3,200.0,54.98,46.63,22.0,24.0
1774375620018860242,74114,10.568,276.5,10.652,-203.8,3.77,4.16,-53.63,4.69,6.31,-0.04,0.09,0.28,162.75,200.0,55.5,45.93,22.0,24.0
1774375620121268701,74213,10.588,203.0,10.744,-206.1,3.05,2.7,-53.69,4.69,6.25,0.07,0.05,-0.04,154.35,199.0,55.33,47.31,22.0,24.0
1774375620344334087,74313,10.82,200.7,10.664,-197.0,3.98,3.09,-53.88,4.63,6.25,-0.06,-0.13,0.35,152.98,196.0,54.73,48.84,22.0,24.0
1774375620347191883,74413,9.5,268.4,10.776,-209.9,3.89,4.06,-54.13,4.56,6.19,0.01,0.01,0.12,157.09,196.0,54.64,50.16,22.0,24.0
1774375620420278271,74513,10.556,197.6,10.336,-209.4,3.44,3.3,-54.38,4.5,6.19,-0.1,0.17,-0.04,192.77,202.0,57.74,49.72,22.0,24.0
1774375620543142240,74613,10.08,396.3,9.7,-149.3,3.55,4.28,-54.63,4.44,6.13,-0.55,0.7,0.18,11858.37,195.0,58.94,66.87,24.0,24.0
1774375620641474713,74735,10.704,202.0,10.044,-170.8,3.57,3.22,-55.06,4.44,6.06,-0.11,-0.18,-0.13,169.27,195.0,55.58,50.52,24.0,24.0
1774375620743857783,74835,10.684,237.4,10.648,-217.4,3.4,3.71,-54.88,4.5,6.0,0.04,0.02,-0.38,170.13,186.0,58.54,49.72,24.0,24.0
1774375620842164347,74935,9.996,197.2,10.432,-221.2,3.38,2.99,-54.81,4.81,5.94,-0.38,-0.1,-0.41,174.76,185.0,58.69,50.18,24.0,24.0
1774375620960321169,75035,10.616,248.0,10.768,-224.8,3.63,3.73,-54.75,5.06,5.81,-0.24,0.02,0.1,182.3,185.0,55.54,48.37,24.0,24.0
1774375621042848756,75136,10.676,198.5,9.732,-214.5,3.55,4.06,-54.81,5.25,5.75,-0.01,0.14,-0.54,172.7,180.0,56.4,48.46,24.0,24.0
1774375621145236071,75236,10.456,229.8,10.424,-165.5,3.3,3.59,-54.88,5.31,5.63,0.03,0.0,0.36,165.5,181.0,57.84,46.78,24.0,24.0
1774375621243569702,75336,8.94,210.5,10.432,-229.5,3.26,3.3,-54.88,5.31,5.56,0.01,0.16,0.26,170.47,181.0,55.84,46.09,24.0,24.0
1774375621345939887,75437,10.416,209.6,10.548,-225.8,3.73,3.28,-54.94,5.31,5.56,-0.04,0.26,-0.48,163.44,178.0,57.2,49.25,24.0,24.0
1774375621444212517,75537,10.848,187.7,10.256,-188.7,3.03,3.05,-55.06,5.25,5.56,0.08,0.1,-0.24,176.47,178.0,58.23,51.06,24.0,24.0
1774375621546643648,75637,10.04,215.7,10.9,-204.0,3.22,3.93,-55.13,5.19,5.56,-0.18,0.15,-0.09,158.29,175.0,57.45,52.73,24.0,24.0
1774375621644951130,75738,10.836,165.6,10.9,-163.5,4.0,2.77,-55.19,5.19,5.56,-0.03,0.19,0.0,197.91,172.0,57.53,53.36,24.0,24.0
1774375621747360427,75838,9.132,210.0,10.844,-197.5,3.59,3.28,-55.19,5.13,5.5,0.16,0.2,0.03,234.1,172.0,57.33,51.96,24.0,24.0
1774375621845641872,75937,10.144,254.8,10.664,-171.7,3.26,2.81,-54.94,5.06,5.44,-0.11,0.02,-0.14,175.27,175.0,57.2,52.43,24.0,26.0
1774375621943950243,76037,10.44,224.6,10.272,-235.2,3.4,2.93,-54.69,5.19,5.38,-0.1,0.22,0.1,173.22,181.0,55.85,49.84,24.0,26.0
1774375622066831662,76137,10.816,245.6,10.736,-164.7,3.34,3.81,-54.38,5.38,5.19,0.16,0.07,-0.85,11875.86,181.0,57.61,53.67,24.0,26.0
1774375622165134032,76258,10.204,206.4,10.524,-170.6,3.5,2.79,-54.25,5.56,5.13,0.14,0.07,-0.54,187.96,181.0,56.75,53.09,24.0,26.0
1774375622292093874,76358,9.824,235.3,10.652,-221.9,2.95,4.1,-54.19,5.5,5.13,-0.19,0.0,-0.46,11891.64,185.0,55.02,51.19,24.0,26.0
1774375622410888650,76483,10.38,240.3,10.924,-200.5,2.77,3.3,-54.06,5.38,5.13,-0.16,-0.01,-0.29,11878.26,189.0,57.51,52.71,24.0,26.0
1774375622513283886,76604,9.924,252.3,10.816,-176.8,2.48,3.93,-53.94,5.25,5.13,-0.14,0.05,-0.04,243.02,189.0,54.92,53.09,24.0,26.0
1774375622632070625,76704,10.832,265.2,10.776,-215.1,3.3,4.14,-54.0,5.25,5.13,0.03,0.05,-0.08,11879.63,188.0,57.74,54.85,26.0,26.0
1774375622848309181,76824,10.204,195.7,10.452,-179.6,2.77,3.03,-53.94,5.19,5.13,-0.05,-0.1,-0.03,11880.83,192.0,57.76,54.98,26.0,26.0
1774375622859197831,76948,9.14,247.6,10.648,-219.1,3.38,3.03,-53.75,5.0,5.13,0.03,0.22,-0.35,185.39,192.0,56.71,53.27,26.0,26.0
1774375623068304494,77048,10.208,275.9,10.8,-167.3,3.5,3.01,-53.56,4.94,5.06,0.37,0.08,-0.21,11877.4,195.0,57.26,54.85,26.0,26.0
1774375623094912254,77167,9.136,602.8,10.468,-159.8,2.73,3.48,-53.19,5.06,5.06,-0.15,0.31,0.84,11861.63,192.0,60.85,69.34,26.0,26.0
1774375623217756209,77286,10.444,221.3,10.672,-193.8,2.99,2.71,-53.13,5.25,5.06,-0.12,-0.26,-0.19,11873.12,190.0,59.44,59.44,26.0,26.0
1774375623348859722,77410,10.828,208.3,10.896,-160.0,3.18,2.75,-53.06,5.13,5.13,0.14,0.18,0.11,11876.55,189.0,58.19,57.51,26.0,26.0
1774375623447160801,77538,10.604,213.0,10.816,-204.4,2.36,3.65,-52.88,4.75,5.25,0.11,0.0,-0.09,222.26,189.0,58.78,55.61,26.0,26.0
1774375623565938894,77638,10.636,329.5,10.892,-182.0,2.85,4.08,-52.75,4.56,5.31,0.09,0.06,0.07,11863.34,184.0,59.66,65.92,26.0,26.0
1774375623692942453,77758,10.484,302.9,10.752,-149.8,3.24,3.77,-53.0,4.38,5.31,-0.1,0.01,-0.09,11867.8,187.0,59.36,64.19,26.0,26.0
1774375623808311917,77883,10.408,249.0,10.868,-170.3,2.95,4.08,-53.06,4.13,5.31,0.18,-0.15,-0.6,225.69,187.0,57.89,63.15,26.0,26.0
1774375623910000680,77982,9.968,240.5,10.584,-202.5,2.71,4.24,-52.94,3.94,5.38,0.32,0.12,-0.37,11872.09,188.0,58.22,63.03,26.0,28.0
1774375624028770637,78101,10.652,305.8,10.116,-126.3,1.35,3.44,-52.81,4.0,5.38,-0.07,-0.05,0.0,11873.8,191.0,53.78,64.39,26.0,28.0
1774375624131179902,78220,10.648,267.7,10.9,-180.8,2.93,2.91,-52.94,4.19,5.38,-0.48,0.04,-0.34,208.37,191.0,59.33,66.98,26.0,28.0
1774375624229479215,78320,10.652,246.1,10.564,-157.2,3.44,3.95,-53.19,4.19,5.38,-0.13,-0.05,-0.45,204.08,185.0,58.48,64.71,26.0,28.0
1774375624348338468,78420,9.132,257.4,10.684,-199.8,3.07,4.06,-53.44,4.06,5.5,0.06,-0.08,-0.19,11869.51,187.0,58.79,63.78,26.0,28.0
1774375624471107910,78540,10.2,269.1,10.316,-162.3,2.68,3.91,-53.69,3.88,5.5,-0.19,-0.11,0.11,11862.14,194.0,60.15,65.1,26.0,28.0
1774375624590028700,78660,10.404,258.1,10.444,-166.1,2.97,3.42,-54.13,3.81,5.5,-0.15,-0.18,-0.05,11859.22,196.0,60.85,68.64,28.0,28.0
1774375624704598315,78779,9.964,246.7,10.536,-154.2,2.93,3.81,-54.69,3.81,5.56,-0.01,-0.22,-0.33,11863.51,196.0,59.61,67.81,28.0,28.0
1774375624823346103,78897,10.104,311.2,10.896,-178.0,2.89,4.02,-54.94,3.69,5.5,0.42,-0.05,-0.52,11868.66,207.0,58.87,65.04,28.0,28.0
1774375624948312059,79015,10.696,247.0,10.784,-202.5,2.5,2.75,-55.0,3.75,5.44,0.18,0.18,0.35,208.89,215.0,58.3,66.39,28.0,28.0
1774375625024071296,79115,10.428,268.5,10.88,-190.2,3.59,3.36,-55.13,4.13,5.38,-0.05,-0.19,0.19,221.41,215.0,58.3,68.47,28.0,28.0
1774375625126492964,79215,9.928,288.4,10.58,-183.9,2.89,3.67,-55.63,4.38,5.25,0.28,-0.13,0.17,200.31,217.0,58.48,67.05,28.0,28.0
1774375625224799315,79314,10.072,303.8,10.652,-191.9,3.52,3.09,-56.13,4.44,5.19,0.42,0.12,-0.23,211.97,217.0,58.85,67.91,28.0,28.0
1774375625339406729,79413,9.52,294.9,10.616,-151.0,3.52,3.16,-56.44,4.31,5.25,-0.14,0.0,-0.05,11864.2,221.0,58.41,65.71,28.0,28.0
1774375625441860861,79532,10.18,217.7,10.476,-183.6,2.5,2.64,-56.94,4.31,5.25,-0.09,0.08,-0.06,3788.61,221.0,59.3,67.6,28.0,28.0
1774375625550321299,79632,9.456,300.0,10.88,-171.6,3.16,3.73,-57.56,4.25,5.31,-0.41,0.17,-0.21,226.21,221.0,61.13,73.82,28.0,28.0
1774375625642581046,79732,10.616,209.6,10.0,-195.8,3.07,2.75,-58.44,4.31,5.38,-0.24,-0.4,-0.46,207.52,211.0,60.6,73.19,28.0,28.0
1774375625751028262,79833,10.408,256.1,10.392,-179.2,3.26,3.22,-58.88,4.44,5.31,0.12,0.01,0.33,238.73,210.0,59.19,70.87,28.0,30.0
1774375625863716187,79933,10.412,302.3,10.88,-147.0,2.87,3.4,-59.25,4.63,5.25,-0.32,0.02,0.13,11857.85,222.0,60.79,71.75,28.0,30.0
1774375625966139966,80056,10.376,271.1,10.612,-216.6,3.22,3.54,-59.88,5.13,5.25,-0.35,-0.1,-0.29,218.32,222.0,56.75,69.56,28.0,30.0
1774375626097208609,80156,10.304,312.8,10.704,-195.1,2.71,3.96,-60.56,5.38,5.31,-0.13,-0.08,-0.22,11866.08,209.0,57.74,70.25,28.0,30.0
1774375626195518485,80286,10.652,222.4,10.832,-186.5,3.26,2.54,-61.44,5.5,5.31,0.25,0.1,-0.51,226.89,210.0,57.47,68.17,28.0,30.0
1774375626318363055,80387,10.408,247.9,10.908,-179.2,2.83,3.28,-62.19,5.5,5.44,0.21,0.16,-0.22,11856.14,194.0,59.93,71.82,28.0,30.0
1774375626416688227,80508,10.604,225.0,10.888,-155.7,3.44,2.71,-63.25,5.44,5.75,-0.16,0.05,-0.09,225.52,194.0,58.01,74.85,28.0,30.0
1774375626539543890,80607,10.812,253.5,10.872,-172.5,2.75,2.87,-64.0,5.38,6.06,-0.03,-0.3,-0.07,11852.02,208.0,61.94,75.01,30.0,30.0
1774375626662458591,80731,10.828,230.6,10.66,-191.0,2.32,3.24,-64.87,5.69,6.31,-0.78,-0.13,0.15,11848.08,186.0,60.44,74.7,30.0,30.0
1774375626760709558,80852,9.78,193.0,10.816,-153.6,3.42,3.28,-65.94,6.19,6.44,-0.01,0.07,0.02,205.11,186.0,58.58,73.22,30.0,30.0
1774375626863141524,80952,10.82,244.7,10.372,-166.0,3.11,3.63,-67.12,6.5,6.69,0.06,0.0,-0.08,223.64,185.0,58.78,72.29,30.0,30.0
1774375626985974520,81052,10.788,239.5,10.616,-188.5,2.81,2.17,-68.25,6.94,7.0,0.28,0.09,-0.28,11861.63,179.0,57.46,70.34,30.0,30.0
1774375627208310980,81177,10.156,190.4,10.88,-213.1,2.89,3.07,-69.81,7.63,7.81,0.04,0.15,0.45,11853.74,164.0,56.14,75.3,30.0,30.0
1774375627223600688,81298,9.58,167.6,10.868,-200.0,2.7,1.43,-71.37,8.19,9.0,0.24,-0.06,-0.13,11852.02,164.0,58.58,76.15,30.0,30.0
1774375627342350217,81412,9.812,185.6,10.704,-182.1,2.21,2.23,-72.19,8.19,9.88,-0.01,-0.3,-0.04,11866.26,153.0,58.94,65.96,30.0,32.0
1774375627440666140,81530,10.244,157.0,10.664,-178.9,3.3,3.28,-72.37,8.19,10.19,-0.11,0.0,0.28,158.29,153.0,57.41,59.33,30.0,32.0
1774375627559453429,81629,9.888,212.1,10.856,-194.5,2.48,2.99,-72.69,8.31,10.38,0.29,-0.06,-0.53,11855.79,143.0,56.62,70.65,30.0,32.0
1774375627657756112,81748,10.788,246.0,10.752,-198.6,3.24,2.79,-73.25,8.38,10.56,-0.1,0.0,0.34,161.04,138.0,58.94,67.36,30.0,32.0
1774375627760154327,81847,10.012,222.2,10.532,-158.1,3.22,2.75,-73.5,8.31,10.63,0.0,-0.01,-0.13,176.82,138.0,58.85,67.91,30.0,32.0
1774375627960318514,81947,10.444,210.0,10.552,-170.3,2.93,3.73,-73.69,8.31,10.63,-0.05,-0.08,0.12,11868.14,142.0,58.85,65.55,30.0,32.0
1774375627977248946,82067,10.372,251.3,10.68,-198.3,3.14,4.22,-73.75,8.25,10.5,-0.01,-0.26,0.62,175.62,140.0,57.26,64.0,30.0,32.0
1774375628079632736,82167,10.476,290.6,10.404,-190.1,3.79,3.48,-73.81,8.31,10.38,0.01,-0.26,-0.56,154.35,140.0,55.23,64.29,30.0,32.0
1774375628177938676,82268,9.768,241.0,10.456,-196.9,3.38,3.09,-73.62,8.19,10.19,-0.08,0.01,0.0,142.35,146.0,57.2,64.35,30.0,32.0
1774375628280357738,82367,10.172,264.5,10.468,-193.8,3.13,4.34,-73.56,8.13,10.13,-0.41,0.01,-0.27,168.24,147.0,57.53,64.2,30.0,32.0
1774375628403209815,82467,10.184,240.1,10.38,-186.7,2.66,3.11,-73.56,8.13,10.13,0.04,-0.31,0.19,11860.08,150.0,58.45,68.35,30.0,32.0
1774375628501503884,82591,10.592,257.2,9.708,-195.2,2.3,3.34,-73.81,8.13,10.13,0.5,-0.09,-0.53,158.64,150.0,60.15,77.33,30.0,32.0
1774375628603907316,82692,10.376,274.2,10.856,-148.9,3.18,3.3,-74.25,7.94,10.0,-0.49,-0.09,0.4,163.27,144.0,58.78,69.91,30.0,32.0
1774375628702180645,82792,10.176,348.4,10.728,-175.4,3.57,3.96,-74.44,7.94,9.88,0.48,0.5,-0.2,159.5,144.0,55.54,67.18,32.0,32.0
1774375628829182530,82892,10.288,256.6,9.964,-165.5,3.4,3.18,-74.62,7.88,9.75,0.24,-0.11,-0.04,11864.2,145.0,57.09,67.08,32.0,32.0
1774375628960266777,83018,10.376,346.1,10.772,-177.5,3.44,2.62,-74.81,7.63,9.44,-0.04,-0.01,0.4,11871.92,143.0,57.51,65.04,32.0,32.0
1774375629088309483,83147,9.144,328.1,10.72,-225.2,3.54,3.71,-74.81,7.63,9.25,-0.13,-0.09,0.19,11868.14,140.0,55.28,66.85,32.0,34.0
1774375629201926685,83269,10.288,339.6,10.416,-191.3,2.5,3.48,-74.69,7.69,9.0,-0.35,0.04,0.83,11860.6,151.0,57.76,68.2,32.0,34.0
1774375629324796358,83390,10.56,229.7,10.852,-193.1,2.56,3.57,-74.5,7.88,8.94,0.05,0.09,0.16,11862.48,157.0,57.76,70.29,32.0,34.0
1774375629427171993,83514,10.584,295.3,10.728,-196.8,3.4,3.89,-74.56,7.75,8.88,0.01,0.09,-0.74,162.58,157.0,56.14,66.66,32.0,34.0
1774375629525482584,83613,9.948,296.4,10.356,-159.7,3.34,3.4,-74.69,7.56,8.81,0.08,-0.05,-0.44,5306.04,160.0,57.38,70.48,32.0,34.0
1774375629627889219,83714,9.54,301.6,10.0,-182.9,2.68,3.11,-74.87,7.44,8.69,-0.25,-0.04,-0.28,170.99,160.0,56.57,68.42,32.0,34.0
1774375629726190365,83814,10.16,381.8,10.04,-163.3,3.67,3.67,-74.94,7.31,8.5,-0.02,0.28,-0.03,203.06,153.0,56.14,67.83,32.0,34.0
1774375629824476715,83914,10.252,283.5,10.668,-176.3,3.48,3.42,-75.06,7.25,8.38,-0.11,-0.08,-0.88,2610.06,170.0,56.88,69.43,32.0,34.0
1774375629926916480,84014,10.012,326.8,10.184,-173.4,2.79,4.59,-75.12,7.13,8.25,-0.26,0.17,0.27,170.99,170.0,56.49,63.95,32.0,34.0
1774375630025184874,84114,10.4,355.1,10.624,-200.5,2.64,5.55,-75.06,7.13,8.13,-0.23,0.08,-0.2,179.39,173.0,55.87,62.17,32.0,34.0
1774375630148059260,84214,10.436,282.9,10.816,-213.8,3.26,3.65,-74.94,7.25,8.0,0.07,0.21,-0.31,11866.6,177.0,55.97,66.37,32.0,34.0
1774375630250462289,84336,10.712,325.4,10.524,-206.4,3.5,4.79,-74.81,7.56,7.75,0.01,-0.26,-0.6,206.49,177.0,53.09,65.9,32.0,34.0
1774375630348748590,84436,9.74,283.4,10.84,-180.9,3.11,5.0,-74.75,7.5,7.63,0.43,-0.06,-0.52,168.93,185.0,57.2,69.91,32.0,34.0
1774375630447041039,84536,10.404,358.6,10.844,-200.6,2.66,4.77,-74.75,7.31,7.56,0.16,0.27,-0.84,163.27,185.0,55.83,62.24,32.0,34.0
1774375630549462309,84636,10.34,398.1,10.724,-197.2,3.4,4.59,-74.87,7.13,7.44,-0.2,-0.15,0.09,162.58,182.0,55.09,66.89,32.0,34.0
1774375630647741758,84737,9.436,351.9,10.752,-179.0,3.28,4.84,-75.25,6.94,7.31,0.0,0.13,-0.03,167.56,183.0,58.1,69.89,32.0,34.0
1774375630750187546,84837,9.516,441.4,9.636,-181.5,3.26,5.41,-75.56,6.75,7.25,-0.34,0.01,0.17,193.11,183.0,55.84,63.82,34.0,34.0
1774375630858803379,84937,10.42,344.9,10.796,-179.9,2.71,5.14,-75.62,6.69,7.13,-0.15,0.0,0.3,168.93,180.0,55.61,61.17,34.0,34.0
1774375630950865227,85038,10.212,355.6,10.768,-152.7,3.14,4.8,-75.62,6.69,7.0,0.03,-0.33,0.92,189.51,185.0,56.69,61.69,34.0,36.0
1774375631049170411,85138,9.712,347.7,10.736,-145.3,2.75,4.96,-75.69,6.81,6.81,-0.41,0.17,0.7,176.47,185.0,59.76,65.19,34.0,36.0
1774375631151567451,85237,10.412,317.7,10.764,-192.4,2.38,4.38,-75.87,7.06,6.63,0.54,-0.18,-0.47,7523.88,179.0,57.26,69.05,34.0,36.0
1774375631249851033,85338,9.36,318.3,10.816,-173.2,3.5,3.26,-76.12,7.13,6.38,0.12,-0.16,1.18,7025.84,180.0,55.56,68.58,34.0,36.0
1774375631352213531,85438,8.964,372.5,9.452,-206.4,3.26,3.14,-76.31,7.13,6.19,0.15,0.24,1.48,169.61,180.0,55.61,71.49,34.0,36.0
1774375631450551224,85537,10.36,280.2,9.64,-214.6,3.48,4.28,-76.56,7.0,6.13,-0.84,-0.28,-0.27,168.24,172.0,55.09,70.04,34.0,36.0
1774375631548844992,85637,10.324,422.8,10.852,-212.8,3.18,5.16,-76.87,6.81,6.13,0.19,-0.01,-0.42,140.97,172.0,55.23,74.24,34.0,36.0
1774375631651233730,85737,10.424,403.9,10.58,-173.6,2.79,4.43,-77.31,6.69,6.13,0.07,-0.1,-0.14,171.67,156.0,57.45,73.19,34.0,36.0
1774375631749540664,85837,9.708,0.0,10.504,-164.8,2.25,4.77,-77.44,6.56,6.13,0.09,0.39,-0.06,181.45,167.0,60.63,69.89,34.0,36.0
1774375631868283024,85937,10.196,370.2,10.796,-161.2,2.19,4.69,-77.62,6.69,6.06,-0.11,-0.05,0.2,11854.08,164.0,59.93,73.8,34.0,36.0
1774375632112306141,86056,9.652,381.2,10.292,-147.1,3.14,4.28,-78.0,7.0,5.94,-0.05,0.16,-0.51,6066.3,164.0,58.3,73.41,34.0,36.0
1774375632167210165,86157,10.464,396.6,10.052,-148.5,2.6,4.41,-78.37,7.0,5.81,0.13,0.12,0.15,11860.08,167.0,58.94,71.57,34.0,36.0
1774375632200213038,86277,9.076,304.1,10.532,-224.2,3.4,3.73,-78.5,6.94,5.81,0.0,-0.1,-1.04,10117.47,162.0,53.38,72.18,34.0,36.0
1774375632322855295,86387,10.68,356.8,10.764,-183.5,3.89,4.38,-78.69,6.94,5.69,0.0,-0.2,-0.19,11861.8,162.0,54.73,74.38,34.0,36.0
1774375632421111766,86509,9.964,370.5,10.804,-211.1,2.56,4.16,-79.0,6.88,5.63,0.32,0.09,-0.26,235.81,162.0,54.92,71.39,34.0,36.0
1774375632543979221,86609,10.552,391.4,10.792,-146.1,3.13,3.67,-79.25,6.63,5.63,0.0,0.52,0.13,11848.76,168.0,58.7,81.8,34.0,38.0
1774375632642259704,86730,10.112,0.0,10.2,-191.3,2.79,4.45,-79.69,6.56,5.69,-0.21,-0.1,0.26,235.3,168.0,56.14,77.19,34.0,38.0
1774375632744612608,86831,10.696,313.0,10.812,-183.6,2.4,3.4,-80.12,6.75,5.69,-0.12,-0.29,0.46,7136.8,167.0,60.15,80.19,34.0,38.0
1774375632853055365,86931,10.172,341.7,10.46,-161.8,3.18,4.28,-80.62,6.75,5.63,-0.36,0.09,0.38,195.51,170.0,57.54,75.78,36.0,38.0
1774375632945261473,87031,10.208,403.9,10.62,-182.2,3.01,4.2,-81.06,6.81,5.63,0.1,0.08,-0.9,183.85,170.0,55.54,75.25,36.0,38.0
1774375633084319915,87132,10.196,383.4,10.752,-196.8,3.59,4.34,-81.44,6.75,5.5,0.37,0.12,-0.34,199.8,172.0,56.94,76.99,36.0,38.0
1774375633166368576,87232,10.684,409.5,10.624,-159.8,3.38,5.02,-81.75,6.69,5.44,-0.07,-0.11,0.02,11860.25,175.0,55.48,75.78,36.0,38.0
1774375633268753918,87355,9.784,316.3,10.4,-210.9,3.05,3.61,-82.06,6.63,5.31,-0.17,-0.06,0.38,198.6,175.0,52.39,74.85,36.0,38.0
1774375633391550197,87454,10.0,430.6,10.72,-159.0,2.87,4.75,-82.19,6.63,5.31,-0.14,0.16,0.77,11856.65,176.0,55.98,74.16,36.0,38.0
1774375633514434545,87578,10.38,330.5,10.564,-189.4,3.38,3.55,-82.37,6.81,5.31,0.24,-0.21,-0.26,11845.68,181.0,57.72,82.17,36.0,38.0
1774375633633186493,87700,9.736,301.2,10.296,-161.6,3.52,4.14,-82.87,6.69,5.31,-0.02,0.06,-0.32,11842.42,180.0,56.6,85.59,36.0,38.0
1774375633735552525,87821,10.744,323.5,10.752,-139.8,3.24,3.32,-83.5,6.44,5.31,0.23,-0.1,0.22,186.59,180.0,59.88,82.33,36.0,38.0
1774375633858391978,87921,9.788,280.6,10.324,-201.3,2.89,3.42,-84.0,6.25,5.25,-0.27,-0.05,-0.1,11846.19,177.0,58.7,83.24,36.0,38.0
1774375634016336990,88044,9.796,307.6,10.416,-225.8,3.87,3.79,-84.81,6.06,5.13,-0.41,-0.24,0.44,3884.99,180.0,53.18,84.2,36.0,38.0
1774375634059061137,88143,9.472,376.1,10.544,-210.7,2.56,4.24,-85.44,6.06,5.0,0.08,0.03,0.09,184.19,180.0,53.8,80.7,36.0,40.0
1774375634177798316,88244,9.004,307.1,10.272,-179.0,2.42,3.93,-85.87,6.06,4.88,-0.36,-0.15,-0.03,11846.88,182.0,57.89,80.38,36.0,40.0
1774375634308779863,88366,9.124,293.2,10.86,-254.0,4.08,4.3,-86.44,6.38,4.81,0.32,0.0,-0.67,11859.22,177.0,51.5,77.94,36.0,40.0
1774375634407084867,88495,10.504,396.9,10.608,-212.3,4.14,3.61,-87.0,6.44,4.63,0.0,-0.12,-0.16,175.79,174.0,52.46,75.92,36.0,40.0
1774375634509488236,88595,10.356,442.5,10.416,-226.9,3.01,3.98,-87.37,6.38,4.5,-0.47,-0.08,0.13,163.95,174.0,53.75,83.31,36.0,40.0
1774375634607745641,88695,10.544,329.1,10.56,-230.4,2.77,4.16,-87.94,6.19,4.5,0.37,-0.06,0.13,157.78,174.0,55.09,83.42,36.0,40.0
1774375634710238857,88795,10.408,412.8,10.464,-194.4,2.75,3.83,-88.69,6.0,4.5,-0.21,0.01,0.3,197.57,174.0,57.26,83.36,36.0,40.0
1774375634808398528,88895,10.4,339.5,10.084,-172.5,3.13,3.2,-89.19,5.81,4.5,-0.99,-0.02,-0.19,178.19,174.0,58.23,79.73,36.0,40.0
1774375635012316901,88995,10.392,292.6,10.82,-175.8,2.27,3.98,-89.69,5.88,4.44,-0.11,0.2,-0.64,11840.36,176.0,60.76,85.16,38.0,40.0
1774375635049967074,89118,10.6,374.1,9.68,-190.3,2.95,3.5,-90.56,6.25,4.38,0.0,-0.24,-0.23,11845.5,185.0,58.94,82.1,38.0,40.0
1774375635152350438,89237,9.676,407.5,10.508,-135.1,3.22,4.1,-91.44,6.25,4.19,0.14,-0.03,-0.41,171.84,185.0,59.88,82.33,38.0,40.0
1774375635250655625,89337,10.116,323.9,10.224,-172.1,2.77,3.36,-91.81,6.19,4.06,0.1,-0.17,0.16,170.47,198.0,58.23,79.48,38.0,40.0
1774375635373458647,89437,9.16,330.7,10.612,-175.5,2.99,4.2,-92.31,6.19,3.94,-0.06,-0.16,1.0,11850.99,200.0,58.45,80.24,38.0,40.0
1774375635496320265,89560,10.544,375.7,10.816,-199.4,2.83,4.55,-92.81,6.06,3.88,0.05,-0.24,0.39,11842.59,197.0,57.98,82.13,38.0,42.0
1774375635594581037,89682,10.152,368.0,10.844,-144.4,3.01,4.3,-93.25,6.0,3.75,-0.44,0.16,-0.2,203.23,197.0,59.88,86.08,38.0,42.0
1774375635800321947,89782,9.796,390.3,10.628,-180.5,2.6,3.5,-93.87,6.19,3.75,0.03,-0.25,0.34,11844.48,207.0,59.18,86.61,38.0,42.0
1774375635840271263,89905,10.084,311.4,10.848,-178.3,3.11,4.3,-95.0,6.25,3.75,-0.05,-0.1,0.21,11843.28,206.0,59.28,83.53,38.0,42.0
1774375635963130660,90027,10.324,309.7,10.472,-136.3,2.81,4.43,-95.87,6.25,3.75,-0.06,0.09,-0.09,11844.99,216.0,59.85,83.51,38.0,42.0
1774375636081881647,90147,9.94,285.2,9.656,-182.0,2.66,3.61,-96.69,6.31,3.75,-0.06,-0.2,-0.26,11844.3,206.0,58.46,83.51,38.0,42.0
1774375636200606904,90269,9.856,285.2,10.632,-146.9,3.2,3.59,-97.44,6.19,3.75,-0.14,0.12,0.18,11841.73,206.0,61.31,84.94,38.0,42.0
1774375636323464929,90387,10.004,367.5,10.852,-128.6,2.85,3.44,-97.69,6.25,3.69,-0.29,0.15,0.3,11844.99,212.0,59.76,82.17,38.0,42.0
1774375636452332482,90508,10.636,361.1,9.908,-321.2,4.96,3.57,-98.19,6.69,3.56,-0.54,-0.13,-0.54,11841.73,212.0,50.66,84.89,38.0,42.0
1774375636544578554,90630,10.512,465.1,10.66,-210.1,2.83,4.39,-99.37,6.94,3.5,-0.06,0.0,-0.45,210.09,212.0,56.14,91.69,38.0,42.0
1774375636653032011,90730,10.72,306.1,10.484,-218.2,3.71,3.03,-100.31,6.94,3.56,0.0,-0.06,-0.4,174.59,210.0,55.61,88.18,38.0,42.0
1774375636745252497,90830,10.2,385.6,10.816,-197.5,2.73,4.22,-101.19,6.94,3.75,0.07,0.08,0.2,179.39,210.0,56.73,85.98,38.0,42.0
1774375636864316449,90931,10.192,348.1,10.484,-150.3,3.28,3.4,-102.12,6.81,3.94,-0.07,0.17,-1.06,11835.9,212.0,59.18,87.57,38.0,44.0
1774375636986827022,91052,10.316,392.8,10.416,-168.7,2.68,3.38,-102.87,6.75,4.06,-0.19,-0.3,0.12,11839.16,206.0,60.24,85.57,40.0,44.0
1774375637109710610,91174,10.264,361.4,10.812,-157.0,3.42,3.38,-103.5,7.06,4.06,0.07,-0.3,0.49,11844.48,205.0,57.98,85.59,40.0,44.0
1774375637240746862,91296,10.22,378.7,10.576,-162.2,3.48,3.26,-104.37,7.25,4.0,0.03,0.02,0.06,11842.25,202.0,59.64,84.91,40.0,44.0
1774375637363570162,91427,9.58,363.6,9.896,-182.0,3.32,2.99,-104.75,7.19,4.06,0.02,-0.15,-0.23,11835.39,197.0,57.61,87.37,40.0,44.0
1774375637478230553,91548,9.684,288.9,9.968,-190.8,2.48,3.95,-104.94,6.94,4.06,-0.29,-0.08,0.01,11830.76,197.0,58.35,93.07,40.0,44.0
1774375637601079903,91663,10.396,327.1,10.188,-169.1,3.05,4.16,-104.87,6.56,4.13,0.0,-0.02,-0.35,11828.01,200.0,60.74,93.87,40.0,44.0
1774375637699348104,91785,9.776,301.3,10.636,-149.4,2.48,4.39,-104.94,6.31,4.13,-0.6,0.22,0.41,203.23,200.0,61.75,89.82,40.0,44.0
1774375637908319989,91885,9.008,344.9,10.748,-204.1,3.32,3.18,-105.37,6.31,4.38,0.3,0.04,-0.46,11834.36,201.0,59.66,90.46,40.0,44.0
1774375637940941705,92006,10.392,376.8,10.62,-134.9,2.81,4.47,-106.0,6.06,4.63,-0.08,-0.07,-0.35,11841.73,203.0,58.87,84.89,40.0,44.0
1774375638039196084,92126,9.944,329.3,10.82,-187.5,2.52,3.89,-106.19,5.94,4.75,0.06,-0.1,-0.46,193.28,191.0,57.79,87.51,40.0,44.0
1774375638162077556,92226,9.684,345.1,10.82,-166.1,2.54,3.54,-106.62,5.69,4.81,-0.02,-0.09,-0.47,11836.76,199.0,59.14,88.21,40.0,44.0
1774375638276690740,92348,9.456,386.0,10.06,-133.7,2.83,2.97,-106.69,5.31,4.88,-0.32,-0.04,0.04,11837.44,199.0,60.04,88.6,40.0,46.0
1774375638395460942,92463,10.304,328.6,9.904,-197.0,2.87,3.16,-106.69,5.31,4.81,-0.15,0.14,0.23,11833.33,199.0,57.29,93.18,40.0,46.0
1774375638518336009,92582,10.276,407.0,10.384,-208.7,3.5,3.73,-107.0,5.44,4.88,-0.34,0.45,0.59,11831.61,189.0,55.67,97.43,40.0,46.0
1774375638620703472,92705,9.348,458.1,10.104,-155.9,3.22,4.47,-107.94,5.38,5.19,0.1,-0.05,0.48,162.58,189.0,56.14,91.69,40.0,46.0
1774375638718956443,92806,10.48,317.3,10.272,-182.6,2.83,3.57,-108.62,5.19,5.5,-0.09,-0.14,0.15,175.1,184.0,59.81,93.65,40.0,46.0
1774375638821338163,92906,10.7,0.0,10.392,-170.7,3.07,4.38,-109.19,4.63,5.75,0.17,-0.17,-0.29,174.42,177.0,59.79,92.63,40.0,46.0
1774375638929816193,93006,10.696,337.3,10.808,-131.8,2.5,4.47,-109.44,4.19,5.94,-0.23,-0.12,-0.4,198.94,177.0,62.71,93.16,40.0,46.0
1774375639021993539,93107,9.896,403.7,10.264,-164.0,2.15,4.67,-109.62,4.13,5.94,-0.3,-0.04,0.09,175.27,172.0,61.96,90.56,42.0,46.0
1774375639144843032,93207,10.408,438.4,10.344,-204.1,2.79,3.87,-110.31,4.25,6.0,0.33,0.12,0.45,11831.61,166.0,52.01,90.64,42.0,46.0
1774375639243148498,93329,10.036,477.7,10.368,-169.0,2.34,4.2,-110.81,4.13,6.0,-0.24,-0.04,-0.59,172.01,166.0,57.89,89.47,42.0,46.0
1774375639345465468,93429,10.256,361.9,10.248,-185.2,2.56,4.34,-110.87,3.94,6.0,0.09,0.09,0.4,179.73,159.0,60.37,88.97,42.0,46.0
1774375639443771990,93530,10.056,350.7,9.884,-151.8,3.3,4.38,-110.87,3.75,5.88,-0.03,-0.25,0.35,171.5,159.0,58.5,91.3,42.0,46.0
1774375639552186512,93629,10.392,383.8,10.744,-142.7,2.83,4.3,-110.87,3.56,5.75,-0.45,0.09,0.54,173.9,160.0,59.02,99.94,42.0,48.0
1774375639644434917,93729,9.48,511.9,10.408,-167.2,2.91,3.79,-111.25,3.56,5.75,-0.08,0.0,0.42,213.52,158.0,61.24,98.66,42.0,48.0
1774375639852322162,93829,9.908,402.1,10.648,-151.5,2.79,4.79,-111.69,3.63,5.75,0.06,-0.21,0.26,11827.84,157.0,59.44,95.1,42.0,48.0
1774375639865560624,93949,9.68,494.1,9.58,-137.3,2.99,3.73,-112.5,3.38,5.69,-0.09,-0.14,0.24,204.08,157.0,58.75,94.0,42.0,48.0
1774375639992490327,94049,8.876,0.0,10.572,-199.1,2.85,3.32,-113.12,3.25,5.56,0.0,-0.07,0.4,11829.38,156.0,59.52,95.34,42.0,48.0
1774375640111239355,94177,10.256,417.8,9.864,-189.3,3.11,3.95,-113.69,3.06,5.31,-0.13,0.12,0.27,11830.58,159.0,58.55,92.1,42.0,48.0
1774375640234121923,94298,10.52,413.5,10.04,-146.6,3.34,3.93,-114.12,2.94,5.19,0.0,-0.12,0.09,11830.41,163.0,59.36,90.42,42.0,48.0
1774375640352801633,94418,10.476,413.2,10.652,-193.5,2.6,3.79,-114.31,3.06,5.06,0.04,-0.06,-0.07,11830.76,160.0,58.94,92.63,42.0,48.0
1774375640471600836,94539,10.336,379.9,10.668,-185.9,3.71,4.96,-114.5,3.13,5.06,0.38,0.05,0.28,11830.93,160.0,54.92,92.26,42.0,48.0
1774375640573979175,94657,9.36,397.4,10.612,-238.8,3.83,4.26,-114.62,3.0,4.88,0.08,-0.45,1.32,981.15,163.0,54.23,102.76,42.0,48.0
1774375640692731463,94757,10.572,325.0,10.424,-192.3,3.26,3.24,-114.81,2.63,4.69,-0.85,-0.26,0.26,11821.67,162.0,57.32,103.48,42.0,48.0
1774375640960323406,94878,10.06,458.4,10.552,-159.6,3.54,4.38,-115.25,2.25,4.56,0.31,0.06,0.34,3549.36,162.0,59.07,101.8,42.0,50.0
1774375641016310651,94978,10.316,405.1,10.788,-168.8,2.3,4.12,-115.81,2.13,4.5,-0.45,0.06,0.44,11817.72,161.0,61.79,97.87,42.0,50.0
1774375641027995122,95100,9.508,462.7,10.272,-166.4,2.21,4.32,-116.69,2.31,4.19,0.23,0.05,-0.38,161.72,161.0,59.12,96.75,44.0,50.0
1774375641114515058,95200,10.068,414.2,10.768,-199.7,2.79,4.26,-117.25,2.31,4.06,-0.04,0.37,-0.48,163.78,169.0,57.99,96.91,44.0,50.0
1774375641216899185,95300,10.456,299.8,10.388,-168.8,3.83,2.71,-117.56,2.19,3.94,0.02,-0.07,0.22,161.04,168.0,58.1,99.36,44.0,50.0
1774375641315169023,95400,10.7,323.4,10.36,-153.4,3.4,4.0,-117.75,1.94,3.81,-0.11,-0.11,-0.6,178.36,168.0,58.23,98.54,44.0,50.0
1774375641413406257,95499,10.052,392.0,10.372,-206.6,2.5,3.79,-118.0,1.81,3.75,-0.13,0.06,-0.09,1250.23,168.0,58.18,98.75,44.0,50.0
1774375641536309100,95599,9.856,520.9,10.708,-129.2,2.99,3.77,-118.37,1.88,3.63,0.06,0.18,0.65,11814.98,171.0,60.44,101.77,44.0,50.0
1774375641634543075,95721,9.836,470.0,10.76,-201.5,2.58,3.55,-119.25,2.13,3.31,0.74,0.51,-0.43,178.7,171.0,54.27,101.05,44.0,50.0
1774375641736954845,95821,10.428,526.9,10.084,-185.2,2.3,3.46,-119.81,2.06,3.19,0.16,-0.03,-0.12,156.41,161.0,58.23,99.94,44.0,50.0
1774375641835234718,95921,9.532,527.7,10.072,-192.1,3.5,4.8,-120.19,1.81,3.13,0.07,-0.28,0.18,155.04,160.0,58.69,98.66,44.0,50.0
1774375641956321023,96021,9.86,538.3,10.432,-142.3,3.16,5.84,-120.62,1.56,2.94,0.16,0.07,-0.31,4325.06,160.0,58.24,91.92,44.0,50.0
1774375642056351345,96120,10.312,597.8,9.868,-174.1,2.13,6.25,-121.06,1.44,2.81,-0.42,-0.08,0.27,11834.19,159.0,60.07,88.13,44.0,52.0
1774375642179212437,96241,9.912,536.1,10.364,-157.2,2.19,5.18,-121.87,1.56,2.63,-0.25,-0.23,0.56,11808.12,165.0,62.45,94.73,44.0,52.0
1774375642277484669,96362,9.68,552.1,10.68,-128.4,2.38,5.2,-122.81,1.81,2.31,-0.16,-0.04,0.35,3030.75,170.0,61.35,93.83,44.0,52.0
1774375642375769288,96461,10.112,437.7,9.676,-116.7,2.13,4.3,-123.31,2.0,2.13,-0.29,-0.44,0.16,220.89,170.0,64.52,96.23,44.0,52.0
1774375642478184827,96562,10.568,475.5,10.044,-98.9,2.3,4.75,-124.12,2.0,2.0,-0.09,-0.07,-0.03,246.96,176.0,66.73,102.48,44.0,52.0
1774375642596899113,96662,9.828,571.1,9.852,-127.2,1.84,5.14,-124.94,2.0,1.88,-0.28,0.0,0.05,11814.81,181.0,66.87,97.58,44.0,52.0
1774375642715658167,96782,10.58,483.6,10.672,-132.2,1.99,4.47,-126.25,2.06,1.81,0.07,0.31,-0.52,11817.21,191.0,65.65,97.76,44.0,52.0
1774375642813917569,96900,10.308,512.2,10.468,-123.7,2.99,4.9,-127.37,2.69,1.88,0.42,0.03,0.06,7797.25,191.0,65.07,97.6,44.0,52.0
1774375642916324517,97000,10.164,485.1,10.524,-134.0,2.75,3.93,-128.19,2.81,1.75,0.25,0.0,-0.8,6587.83,199.0,64.64,95.26,46.0,52.0
1774375643018689865,97100,10.192,408.9,10.72,-173.6,2.09,4.0,-128.75,2.88,1.63,0.0,-0.15,0.36,1025.4,199.0,59.76,93.71,46.0,52.0
1774375643137431080,97201,10.544,417.9,10.488,-157.2,2.48,4.18,-129.31,2.88,1.5,-0.2,-0.38,-0.39,11820.12,213.0,63.52,97.01,46.0,52.0
1774375643260288038,97323,10.408,507.8,9.52,-98.9,1.76,4.94,-130.38,2.88,1.37,-0.47,0.21,0.3,11821.5,210.0,67.5,90.47,46.0,54.0
1774375643374940320,97445,10.468,472.0,10.272,48.7,-3.22,4.45,-131.81,3.38,1.37,0.19,0.09,-0.2,10205.45,218.0,55.65,95.92,46.0,54.0
1774375643477319712,97559,10.512,471.3,10.804,-136.4,2.01,4.47,-133.25,3.88,1.37,-0.08,-0.24,0.62,196.02,218.0,64.5,94.95,46.0,54.0
1774375643575605763,97659,10.424,381.9,10.468,-121.5,2.44,3.54,-134.5,4.19,1.25,0.03,-0.33,0.33,192.77,223.0,65.32,96.01,46.0,54.0
1774375643702548525,97759,10.608,436.1,10.488,-132.4,2.5,3.81,-135.56,4.19,1.19,0.08,-0.1,0.05,11815.32,217.0,66.27,97.66,46.0,54.0
1774375643821305552,97885,10.472,322.6,10.168,-131.9,2.21,3.2,-136.38,4.13,1.25,0.0,0.31,0.2,11820.98,213.0,65.19,93.71,46.0,54.0
1774375643923709346,98006,9.264,507.1,10.208,-145.4,2.52,4.9,-137.56,4.44,1.31,-0.31,0.4,0.0,1451.06,213.0,63.55,87.38,46.0,54.0
1774375644042443665,98106,10.556,412.8,10.472,-136.9,3.03,4.65,-138.5,5.0,1.5,-0.12,0.03,-0.17,11826.98,211.0,62.28,92.67,46.0,54.0
1774375644144813219,98227,10.488,385.5,10.364,-134.0,2.79,3.96,-139.44,5.5,1.5,0.03,-0.02,0.2,2200.0,211.0,62.05,91.59,46.0,54.0
1774375644243142289,98327,9.436,423.5,10.476,-159.2,2.68,3.93,-140.0,5.81,1.56,-0.39,-0.34,0.81,6332.81,207.0,64.13,90.03,46.0,54.0
1774375644341319370,98427,10.256,430.3,10.176,-148.6,2.38,4.1,-140.63,5.94,1.63,-0.05,-0.19,-0.4,182.99,201.0,64.47,88.15,46.0,54.0
1774375644443749412,98527,10.484,460.0,10.656,-136.2,2.56,5.86,-141.38,5.88,1.69,-0.24,-0.01,0.34,182.99,201.0,66.48,85.98,46.0,54.0
1774375644552201380,98627,10.532,479.2,10.752,-144.8,1.58,5.55,-142.5,6.0,1.63,-0.06,0.06,-0.57,178.19,205.0,67.52,79.44,46.0,56.0
1774375644644417097,98727,10.248,501.4,10.708,-143.3,2.99,4.34,-143.63,6.31,1.69,0.18,0.19,-0.55,3983.94,193.0,63.15,83.53,46.0,56.0
1774375644742660850,98828,9.848,453.5,10.784,-167.7,3.05,3.87,-144.5,6.94,1.88,-0.13,-0.04,0.0,4345.81,193.0,61.4,87.71,46.0,56.0
1774375644880324463,98928,10.112,338.7,9.904,-156.5,3.11,4.22,-145.06,7.19,2.0,-0.12,-0.13,0.48,158.47,195.0,60.59,90.37,48.0,56.0
1774375644963814766,99028,10.236,316.0,10.436,-151.6,3.61,2.89,-145.5,7.31,2.06,-0.03,-0.07,-0.49,11832.3,199.0,59.44,91.14,48.0,56.0
1774375645090785394,99148,10.368,347.5,10.336,-190.2,2.54,3.38,-146.13,7.44,2.13,-0.39,-0.13,0.69,11838.82,197.0,60.15,86.33,48.0,56.0
1774375645189050228,99272,9.888,368.4,10.708,-179.4,3.38,4.86,-146.88,7.69,2.13,0.09,-0.2,0.09,6270.55,197.0,60.43,81.23,48.0,56.0
1774375645287299325,99373,10.548,359.1,10.768,-198.5,2.89,4.96,-147.06,7.88,2.06,-0.19,-0.3,0.43,171.16,193.0,62.24,84.2,48.0,56.0
1774375645389712216,99473,10.416,392.7,10.236,-173.6,2.77,3.65,-147.5,8.25,1.88,-0.16,-0.11,0.04,6631.22,193.0,62.68,86.1,48.0,56.0
1774375645488012322,99572,10.512,372.4,10.456,-143.6,3.22,3.57,-148.31,8.63,1.81,0.3,0.0,0.19,167.38,214.0,60.68,90.4,48.0,56.0
1774375645586238756,99672,10.252,343.7,10.164,-209.5,2.44,3.3,-149.19,8.81,1.88,-0.05,0.0,-0.03,158.12,214.0,59.76,90.54,48.0,56.0
1774375645709060295,99772,10.176,329.9,10.588,-163.2,2.5,3.32,-150.0,8.88,2.0,-0.01,0.11,-0.08,11834.87,210.0,60.28,88.51,48.0,56.0
1774375645811497257,99895,10.652,345.9,10.176,-163.8,3.34,3.48,-151.19,8.94,2.13,-0.16,0.0,0.36,196.71,202.0,59.44,87.51,48.0,56.0
1774375645934373601,99994,9.656,459.6,10.376,-150.3,3.26,3.89,-151.88,9.13,2.31,-0.25,-0.4,1.22,11841.05,194.0,60.92,83.71,48.0,58.0
1774375646042775551,100118,10.352,367.5,10.616,-192.0,2.89,3.67,-152.38,9.38,2.25,-0.1,0.11,-0.3,189.68,194.0,61.4,85.96,48.0,58.0
1774375646135022149,100218,9.712,328.8,10.428,-176.7,3.05,3.5,-153.06,9.88,2.25,0.03,-0.06,-0.09,201.51,199.0,61.38,86.57,48.0,58.0
1774375646253788360,100318,10.084,289.9,10.624,-165.2,3.5,3.81,-153.94,10.31,2.31,-0.03,-0.07,0.15,11842.25,199.0,59.44,87.18,48.0,58.0
1774375646384818821,100438,10.568,303.3,10.728,-192.0,2.89,4.06,-154.75,10.63,2.44,-0.35,-0.09,0.18,11837.44,194.0,58.46,87.68,48.0,58.0
1774375646720317737,100569,9.536,344.4,10.128,-172.9,2.73,3.34,-155.88,10.75,2.69,-0.03,0.1,0.02,158.64,194.0,60.81,98.24,48.0,58.0
1774375646731350199,100669,10.492,306.1,10.776,-162.0,3.09,3.34,-156.69,10.75,3.0,-0.32,-0.29,0.37,154.69,196.0,59.02,92.86,48.0,58.0
1774375646798411419,100768,10.452,334.2,10.488,-141.7,3.13,3.32,-157.25,10.75,3.06,-0.45,0.12,0.02,11829.04,191.0,62.41,91.14,48.0,58.0
1774375646831180569,100892,10.24,353.6,10.804,-190.0,2.29,3.3,-158.25,11.19,3.31,0.07,-0.14,-0.16,11833.16,189.0,62.12,89.04,50.0,58.0
1774375646929466746,101014,10.092,261.0,10.244,-157.3,3.38,3.98,-159.13,11.31,3.5,-0.06,-0.27,-0.76,2916.7,189.0,61.12,82.85,50.0,58.0
1774375647052320810,101113,10.048,347.7,10.42,-182.4,3.73,4.32,-159.63,11.38,3.56,-0.16,-0.04,0.18,11836.59,178.0,61.43,83.68,50.0,58.0
1774375647175178098,101234,10.32,334.6,10.38,-180.4,3.28,3.26,-160.13,11.31,3.75,0.11,-0.04,-0.01,11838.99,173.0,60.54,87.68,50.0,58.0
1774375647273493137,101357,9.984,281.5,10.852,-199.0,2.6,3.98,-160.25,11.19,3.75,-0.05,-0.11,0.0,163.44,173.0,58.58,86.04,50.0,60.0
1774375647371687440,101457,9.488,317.3,10.616,-179.4,3.09,3.18,-160.44,11.31,3.69,-0.06,0.0,-0.42,148.86,166.0,61.17,87.38,50.0,60.0
1774375647494593070,101557,10.556,269.2,9.412,-192.0,3.46,2.97,-160.88,11.5,3.81,0.27,-0.15,-0.06,11825.78,168.0,60.29,91.18,50.0,60.0
1774375647596989961,101678,10.584,0.0,10.316,-204.4,2.77,3.91,-161.31,11.19,4.06,-0.33,-0.06,-0.12,150.75,168.0,59.12,93.16,50.0,60.0
1774375647715711555,101778,10.396,345.2,9.656,-153.8,3.32,3.03,-161.69,11.06,4.25,-0.07,0.05,-0.37,11834.53,175.0,60.76,90.9,50.0,60.0
1774375647838560215,101900,9.86,307.1,10.524,-231.4,3.26,3.83,-161.94,10.75,4.31,0.07,-0.24,0.13,11835.39,173.0,57.98,89.04,50.0,60.0
1774375647961436221,102023,10.54,341.8,10.072,-176.6,3.3,3.38,-162.25,10.5,4.31,0.0,-0.05,-0.33,11834.19,184.0,60.54,88.38,50.0,60.0
1774375648184311125,102144,8.968,379.5,10.732,-194.0,2.66,3.65,-162.38,10.63,4.19,-0.16,-0.03,0.14,11834.7,184.0,59.31,87.87,50.0,60.0
1774375648193176150,102258,9.104,388.5,10.32,-249.5,3.54,6.17,-162.31,10.69,4.13,0.2,-0.09,-0.13,4470.15,183.0,55.77,98.42,50.0,60.0
1774375648309499192,102359,10.412,316.8,10.672,-252.7,4.47,2.95,-162.19,10.63,4.06,-0.14,-0.21,0.0,11834.36,191.0,52.63,95.31,50.0,60.0
1774375648407810455,102491,10.396,195.8,10.732,-257.2,3.63,2.29,-161.31,10.06,3.94,0.13,-0.35,-0.12,197.74,191.0,51.38,102.76,50.0,60.0
1774375648510187945,102590,10.4,203.7,10.808,-216.0,4.14,1.91,-160.19,9.75,3.81,0.07,0.3,-0.44,157.95,190.0,54.02,108.83,50.0,60.0
1774375648628928318,102690,9.02,283.3,10.772,-229.2,3.85,3.24,-159.06,9.25,3.88,-0.27,0.19,0.24,11823.55,182.0,56.8,100.65,50.0,62.0
1774375648756320366,102813,9.256,285.3,10.82,-159.9,3.65,3.14,-158.06,9.0,3.94,0.2,-0.01,0.42,10203.91,188.0,61.24,97.22,50.0,62.0
1774375648858265117,102927,10.456,364.7,10.456,-179.7,2.77,2.95,-157.75,8.75,4.0,0.36,-0.5,0.21,11825.95,188.0,58.73,97.65,52.0,62.0
1774375648977012471,103042,10.46,256.9,10.54,-241.3,3.4,1.84,-157.38,8.25,3.94,0.25,-0.32,-0.38,11817.55,184.0,54.73,108.06,52.0,62.0
1774375649099882657,103161,10.428,202.2,10.82,-212.4,3.05,1.72,-156.38,7.81,3.88,-0.17,-0.02,-0.15,11811.55,181.0,56.84,111.57,52.0,62.0
1774375649222761399,103281,9.604,187.2,10.792,-194.8,3.54,2.66,-155.19,7.69,3.81,-0.34,-0.03,-0.01,11818.41,171.0,58.02,106.14,52.0,62.0
1774375649337360455,103404,9.968,317.4,10.804,-217.8,3.67,2.44,-154.06,7.56,3.75,-0.21,0.14,-0.13,11825.1,171.0,56.14,101.48,52.0,62.0
1774375649435628010,103519,10.08,219.4,10.572,-256.2,4.26,2.52,-153.31,7.19,3.88,0.32,-0.07,-0.04,172.01,167.0,56.14,104.02,52.0,62.0
1774375649538068160,103619,10.756,252.2,10.548,-201.7,2.93,1.64,-152.69,6.5,4.19,-0.07,-0.27,0.22,183.85,167.0,54.38,111.4,52.0,62.0
1774375649636348065,103718,10.26,182.3,10.812,-170.8,3.95,2.19,-152.0,5.88,4.5,-0.06,-0.02,0.28,171.33,162.0,57.74,114.68,52.0,62.0
1774375649734606158,103818,10.596,330.3,10.216,-174.0,2.4,3.34,-151.38,5.38,4.69,-0.48,0.28,0.38,195.51,152.0,59.54,103.77,52.0,64.0
1774375649837012407,103918,10.464,483.1,10.192,-158.6,2.52,4.08,-150.94,5.38,4.81,1.16,-0.43,-0.07,222.95,152.0,62.93,95.73,52.0,64.0
1774375649935301977,104018,9.672,504.9,10.504,-201.0,3.28,4.16,-150.69,5.44,4.75,0.27,0.31,0.2,197.91,145.0,62.55,96.23,52.0,64.0
1774375650056308770,104118,10.46,380.7,10.732,-213.5,2.7,3.59,-150.63,5.31,4.75,0.09,-0.14,-0.21,11822.18,145.0,59.29,101.64,52.0,64.0
1774375650156438170,104237,10.356,354.9,10.312,-215.4,2.95,2.6,-150.44,4.94,4.69,-0.17,-0.17,0.33,192.08,145.0,55.5,103.34,52.0,64.0
1774375650254731749,104337,10.424,302.9,10.324,-252.9,3.42,2.93,-150.19,4.88,4.63,0.02,-0.07,1.15,204.77,149.0,55.87,107.03,52.0,64.0
1774375650373454158,104437,10.56,409.1,10.5,-214.7,3.03,3.87,-149.75,4.63,4.56,-0.06,-0.13,0.45,11830.93,147.0,57.3,98.16,52.0,64.0
1774375650479965894,104557,9.644,513.1,10.352,-217.6,3.71,4.59,-149.31,4.69,4.56,-0.1,-0.08,-0.25,9035.65,147.0,59.11,89.87,52.0,64.0
1774375650582343436,104663,10.52,666.4,10.508,-221.8,3.48,5.94,-149.13,4.56,4.44,0.21,0.01,-0.21,190.71,147.0,58.01,89.82,52.0,64.0
1774375650680618129,104763,9.18,477.1,10.02,-174.7,3.57,3.89,-149.25,4.44,4.31,0.27,0.01,0.31,165.67,151.0,57.45,96.01,52.0,64.0
1774375650782994726,104863,9.756,378.8,10.624,-205.2,3.32,3.24,-149.38,4.25,4.19,-0.26,-0.09,0.27,197.74,151.0,58.23,105.7,52.0,64.0
1774375650901739631,104963,10.376,337.4,10.688,-196.8,3.87,3.71,-149.25,4.06,4.06,-0.25,0.13,1.04,11818.58,147.0,58.37,105.26,54.0,66.0
1774375651000038820,105081,10.656,460.0,10.004,-148.7,3.52,4.77,-149.13,3.94,4.0,-0.05,0.06,0.67,185.91,162.0,60.63,97.68,54.0,66.0
1774375651110607105,105182,10.664,559.7,10.692,-202.0,3.4,5.39,-149.19,3.94,3.94,0.71,-0.24,0.08,10315.72,162.0,61.96,100.09,54.0,66.0
1774375651212990104,105293,9.104,0.0,10.228,-195.1,3.85,2.36,-149.13,4.06,3.69,0.33,-0.1,0.33,8475.36,162.0,57.29,118.93,54.0,66.0
1774375651331706894,105393,10.288,453.3,10.288,-243.8,4.49,3.03,-149.06,3.94,3.56,0.22,-0.04,0.63,11819.95,169.0,57.04,104.58,54.0,66.0
1774375651429992618,105513,10.296,354.7,10.464,-248.5,2.97,4.16,-148.81,3.75,3.5,0.17,0.25,-0.31,187.11,169.0,56.75,104.34,54.0,66.0
1774375651532422757,105613,9.328,549.4,10.644,-222.7,3.46,4.3,-148.69,3.5,3.44,0.16,0.29,-0.29,187.11,174.0,57.74,96.23,54.0,66.0
1774375651655251450,105713,10.3,555.6,9.816,-146.5,3.24,6.74,-149.0,3.44,3.31,0.31,-0.31,0.1,11831.27,178.0,60.92,89.65,54.0,66.0
1774375651769924975,105836,10.308,575.9,9.496,-148.8,2.75,5.31,-149.63,3.38,3.13,0.26,-0.4,0.37,11034.14,189.0,60.45,97.16,54.0,66.0
1774375652084314880,105952,10.128,409.8,10.768,-177.4,3.81,4.45,-149.94,3.31,3.0,0.13,0.04,-0.32,11814.81,195.0,57.76,102.99,54.0,66.0
1774375652105810750,106078,10.572,460.5,10.32,-41.3,3.14,4.3,-150.13,3.13,2.88,0.25,-0.1,0.27,194.65,195.0,39.63,100.72,54.0,66.0
1774375652117548528,106178,10.592,487.3,10.468,-216.5,3.81,6.15,-150.44,3.06,2.75,0.37,0.11,0.52,9383.28,197.0,55.62,91.48,54.0,68.0
1774375652204027820,106286,10.508,187.3,10.636,-233.2,3.91,-5.92,-150.63,3.06,2.63,0.78,-1.27,2.23,214.38,197.0,58.01,29.94,54.0,68.0
1774375652302210155,106385,10.456,510.2,9.956,-179.4,3.83,7.46,-150.38,3.06,2.63,0.4,0.13,-0.99,191.22,204.0,55.61,57.99,54.0,68.0
1774375652429215600,106485,10.42,649.5,10.316,-172.4,2.5,6.66,-150.81,3.31,2.44,1.54,0.52,-2.03,11849.45,202.0,62.65,76.69,54.0,68.0
1774375652527539430,106609,8.836,893.2,10.356,-187.9,2.4,8.34,-151.31,3.38,2.19,0.1,-0.05,0.85,203.91,202.0,58.3,71.25,54.0,68.0
1774375652650415848,106708,9.968,658.7,10.212,-202.7,3.24,5.68,-151.56,3.31,2.06,0.19,0.19,-0.87,11831.27,209.0,60.15,84.2,54.0,68.0
1774375652760966823,106830,9.916,513.4,10.564,-184.5,2.44,5.1,-151.94,3.06,1.88,-0.17,0.08,-0.6,10137.19,209.0,62.01,97.22,54.0,68.0
1774375652976319892,106943,10.368,557.8,9.5,-154.7,2.93,6.48,-152.56,2.94,1.69,0.07,-0.04,-0.52,11832.3,212.0,61.94,86.29,56.0,68.0
1774375653006684859,107066,10.336,529.3,10.644,-151.8,2.58,5.96,-153.19,2.94,1.44,0.01,0.09,-0.77,11823.21,216.0,64.0,90.27,56.0,68.0
1774375653115088446,107188,9.492,643.4,10.604,-181.9,2.68,5.63,-154.0,3.31,1.12,-0.16,-0.28,0.24,218.83,216.0,64.07,89.7,56.0,68.0
1774375653207342227,107288,9.244,567.1,10.128,-167.0,2.23,4.96,-154.69,3.5,0.88,-0.04,0.02,0.0,236.33,223.0,65.14,92.94,56.0,68.0
1774375653305625738,107388,9.876,572.9,10.708,-176.6,2.85,4.53,-155.13,3.75,0.75,0.01,0.05,-0.43,221.58,223.0,62.93,89.52,56.0,68.0
1774375653428453918,107488,10.316,419.6,10.356,-173.0,2.79,4.16,-155.75,3.88,0.63,-0.11,0.11,-0.9,11919.59,226.0,45.71,72.66,56.0,68.0
1774375653530869676,107610,11.02,1.7,9.784,-0.2,0.02,0.64,-156.44,4.0,0.63,-0.74,0.5,1.22,223.64,217.0,0.0,6.6,56.0,68.0
1774375653629154817,107710,9.464,1.9,11.02,-0.8,0.08,-0.18,-156.44,4.0,0.63,-0.05,0.11,0.14,227.75,217.0,0.0,56.0,68.0,
1774375653748315992,107810,9.48,2.1,11.004,-1.0,0.06,-0.16,-156.44,4.0,0.63,0.01,0.01,0.01,236.16,218.0,0.0,56.0,68.0,
1774375653829814203,107910,9.432,2.0,11.02,-1.0,0.12,-0.25,-156.44,4.0,0.63,-0.01,-0.01,-0.01,235.3,216.0,0.0,56.0,68.0,
1774375653928102528,108010,9.5,2.2,11.036,-0.7,-0.04,-0.27,-156.44,4.0,0.63,0.0,-0.05,0.0,227.75,216.0,0.0,56.0,68.0,
1774375654030475376,108110,9.432,2.0,11.016,-0.8,-0.02,-0.1,-156.44,4.0,0.63,-0.01,-0.04,0.01,235.13,223.0,0.0,56.0,68.0,
1774375654128766974,108210,9.44,2.0,11.024,-1.1,0.08,-0.04,-156.44,4.0,0.63,-0.01,-0.04,0.0,227.92,223.0,0.0,56.0,68.0,
1774375654231145341,108310,9.436,1.9,11.028,-0.8,0.12,-0.2,-156.44,4.0,0.63,0.0,-0.03,0.03,226.72,213.0,0.0,56.0,68.0,
1774375654329382613,108410,9.516,1.9,11.02,-0.8,0.23,-0.02,-156.44,4.0,0.69,-0.02,-0.04,0.0,236.33,211.0,0.0,56.0,68.0,
1774375654427768122,108510,9.492,2.2,11.028,-0.9,0.06,-0.06,-156.44,4.0,0.69,0.0,-0.04,0.01,236.33,211.0,0.0,56.0,68.0,
1774375654530102199,108609,10.548,1.9,11.024,-0.9,0.12,-0.12,-156.44,4.0,0.69,-0.05,-0.02,0.0,223.64,220.0,1.59,0.0,56.0,68.0
1774375654628379614,108709,9.508,2.0,11.032,-1.1,0.08,-0.04,-156.44,4.0,0.69,-0.02,-0.04,0.02,226.72,220.0,0.0,56.0,68.0,
1774375654726654898,108809,9.516,2.0,11.02,-0.8,-0.02,-0.14,-156.44,4.0,0.69,0.0,-0.04,0.01,226.72,220.0,0.0,56.0,68.0,
1774375654829058373,108909,9.496,1.9,11.024,-1.0,0.02,-0.14,-156.44,4.0,0.69,-0.01,-0.03,0.03,236.16,215.0,0.0,56.0,68.0,
1774375654927339194,109009,9.428,1.9,11.032,-0.7,0.08,-0.12,-156.44,4.0,0.69,-0.01,-0.05,0.01,235.13,222.0,0.0,56.0,68.0,
1774375655029766376,109109,9.488,2.2,11.028,-1.0,0.04,-0.18,-156.44,4.0,0.69,-0.02,-0.04,0.0,236.16,222.0,0.0,56.0,68.0,
1774375655127999020,109209,9.432,2.0,11.028,-0.8,-0.04,-0.1,-156.44,4.0,0.69,0.0,-0.04,0.02,227.75,220.0,0.0,56.0,68.0,
1774375655230403030,109309,9.428,2.2,11.04,-0.9,-0.04,-0.14,-156.44,4.0,0.69,0.0,-0.03,0.02,257.59,213.0,0.0,56.0,68.0,
1774375655328635156,109409,9.44,2.2,11.04,-1.0,0.02,-0.16,-156.44,4.0,0.69,-0.01,-0.05,0.01,278.86,213.0,0.0,56.0,68.0,
1774375655426956380,109508,9.52,2.3,11.028,-0.8,0.29,-0.12,-156.44,4.0,0.69,-0.02,-0.02,0.01,240.44,217.0,0.0,56.0,68.0,
1774375655582574107,109607,9.436,2.0,11.028,-0.8,0.08,-0.16,-156.44,4.0,0.69,-0.01,-0.01,0.01,12014.78,214.0,0.0,56.0,68.0,
1774375655691003468,109763,9.448,1.9,11.04,-1.0,0.04,-0.14,-156.44,4.0,0.69,-0.01,-0.05,0.0,227.75,214.0,0.0,56.0,68.0,
1774375655783248126,109863,9.484,2.1,11.04,-1.1,0.06,-0.08,-156.44,4.0,0.69,-0.01,-0.03,0.02,227.92,215.0,0.0,56.0,68.0,
1774375655881506193,109963,9.452,2.1,11.044,-0.9,0.16,0.04,-156.44,4.0,0.69,0.0,-0.02,0.0,235.13,234.0,0.0,56.0,68.0,
1774375655983908018,110063,9.508,1.8,11.028,-1.0,0.04,-0.02,-156.44,4.0,0.69,0.0,-0.01,0.0,230.84,234.0,0.0,56.0,68.0,
1774375656232342432,110163,9.472,2.0,9.66,0.1,-0.04,-0.08,-156.44,4.0,0.69,-0.01,-0.04,0.0,281.95,222.0,0.0,56.0,68.0,
1774375656282880433,110263,11.036,1.4,9.672,-1.1,0.08,-0.16,-156.44,4.0,0.69,-0.01,-0.05,0.03,240.44,213.0,0.0,56.0,68.0,
1774375656291234619,110363,9.308,2.3,11.036,-0.7,0.02,-0.1,-156.44,4.0,0.69,0.0,-0.03,0.0,227.92,213.0,0.0,56.0,68.0,
1774375656381105327,110462,9.24,2.4,11.044,-0.9,0.23,-0.12,-156.44,4.0,0.69,0.0,-0.02,0.01,227.75,215.0,0.0,56.0,68.0,
1774375656483520637,110562,9.288,2.3,11.032,-0.8,0.1,-0.12,-156.44,4.0,0.69,0.0,-0.03,0.01,236.16,215.0,0.0,56.0,68.0,
1774375656581818465,110662,9.288,2.4,11.052,-0.8,0.1,-0.04,-156.44,4.0,0.69,0.0,-0.03,0.01,236.16,218.0,1.57,0.0,56.0,68.0
1774375656684195465,110763,9.22,2.3,11.044,-0.8,0.08,-0.14,-156.44,4.0,0.69,-0.03,-0.02,0.02,243.7,221.0,0.0,56.0,68.0,
1774375656782490757,110863,9.228,2.1,11.04,-0.9,0.02,-0.12,-156.44,4.0,0.69,-0.02,-0.03,0.0,244.56,221.0,0.0,56.0,68.0,
1774375656884873960,110963,9.232,2.3,11.04,-0.7,0.06,-0.14,-156.44,4.0,0.69,0.0,-0.01,0.02,244.73,218.0,0.0,56.0,68.0,
1774375657004320782,111064,9.316,2.3,11.052,-0.8,0.02,-0.14,-156.44,4.0,0.69,0.0,-0.03,0.0,244.56,218.0,0.0,56.0,68.0,
1774375657085538654,111164,9.288,2.4,11.052,-0.8,0.02,-0.2,-156.44,4.0,0.69,-0.04,-0.03,0.0,248.85,218.0,0.0,56.0,68.0,
1774375657183829851,111264,9.248,2.4,11.052,-1.0,0.08,0.02,-156.44,4.0,0.69,-0.02,-0.04,-0.01,243.53,228.0,0.0,56.0,68.0,
1774375657286204789,111364,9.3,2.2,11.036,-0.9,0.18,0.0,-156.44,4.0,0.69,0.0,-0.02,0.0,240.44,221.0,0.0,56.0,68.0,
1774375657384481932,111464,9.308,2.2,11.044,-0.9,0.14,-0.1,-156.44,4.0,0.69,-0.03,-0.03,0.01,243.53,221.0,0.0,56.0,68.0,
1774375657482769740,111564,9.296,2.6,11.048,-0.8,0.14,-0.16,-156.44,4.0,0.69,-0.01,-0.02,0.0,235.13,208.0,0.0,56.0,68.0,
1774375657585162398,111664,9.304,2.7,11.056,-0.7,0.27,-0.06,-156.44,4.0,0.69,-0.02,-0.03,0.0,235.13,208.0,0.0,56.0,68.0,
1774375657683427690,111764,9.24,2.4,11.048,-0.8,0.04,-0.12,-156.44,4.0,0.69,-0.02,-0.03,-0.03,231.01,219.0,0.0,56.0,68.0,
1774375657812320682,111864,9.308,2.3,11.048,-1.1,0.04,0.04,-156.44,4.0,0.69,0.0,-0.04,0.01,236.16,216.0,0.0,56.0,68.0,
1774375657884121987,111964,9.288,2.5,11.056,-1.0,0.02,-0.04,-156.44,4.0,0.69,0.0,-0.03,-0.01,236.16,216.0,0.0,56.0,68.0,
1774375657986488834,112064,9.288,2.3,11.056,-1.0,0.0,-0.16,-156.44,4.0,0.69,0.0,-0.05,0.0,230.84,212.0,0.0,56.0,68.0,
1774375658084786684,112164,9.32,2.1,11.048,-0.9,-0.02,-0.18,-156.44,4.0,0.69,-0.01,-0.04,0.02,240.27,221.0,0.0,56.0,68.0,
1774375658183045593,112264,9.328,2.3,11.052,-0.7,0.0,-0.04,-156.44,4.0,0.69,-0.02,-0.01,-0.02,261.54,221.0,0.0,56.0,68.0,
1774375658285463599,112364,9.32,2.3,11.048,-0.8,-0.02,-0.14,-156.44,4.0,0.69,-0.01,-0.05,0.02,251.93,227.0,0.0,56.0,68.0,
1774375658383748542,112464,9.24,2.9,11.06,-0.5,0.16,-0.12,-156.44,4.0,0.69,-0.02,-0.03,0.01,260.34,219.0,0.0,56.0,68.0,
1774375658486111556,112564,9.284,2.3,11.06,-0.8,0.08,-0.12,-156.44,4.0,0.69,-0.01,-0.01,-0.01,227.24,219.0,0.0,56.0,68.0,
1774375658584415422,112664,9.24,2.3,11.06,-0.8,0.0,-0.16,-156.44,4.0,0.69,0.0,-0.04,-0.02,230.32,219.0,0.0,56.0,68.0,
1774375658686777917,112764,9.28,2.6,11.068,-0.9,0.1,-0.12,-156.44,4.0,0.69,0.0,-0.02,0.0,256.22,219.0,0.0,56.0,68.0,
1774375658785084690,112864,9.324,2.5,11.052,-0.9,-0.02,-0.02,-156.44,4.0,0.69,0.0,-0.02,-0.02,248.85,220.0,0.0,56.0,68.0,
1774375658883351062,112964,9.24,2.3,11.048,-0.5,0.06,-0.18,-156.44,4.0,0.69,0.0,-0.03,-0.02,236.16,219.0,0.0,56.0,68.0,
1774375658985762198,113063,9.248,2.5,11.06,-0.7,0.02,-0.12,-156.44,4.0,0.69,-0.03,-0.02,-0.02,235.3,219.0,0.0,56.0,68.0,
1774375659084037583,113163,9.32,2.4,11.052,-0.9,0.12,-0.08,-156.44,4.0,0.69,-0.03,-0.04,-0.02,236.16,224.0,0.0,56.0,68.0,
1774375659224347995,113262,9.248,2.2,11.064,-0.7,0.1,-0.16,-156.44,4.0,0.69,0.0,-0.04,-0.01,232.04,220.0,0.0,56.0,68.0,
1774375659284784806,113362,9.324,2.3,11.052,-0.9,0.12,-0.08,-156.44,4.0,0.69,0.0,-0.06,0.0,232.04,220.0,0.0,56.0,68.0,
1774375659399344826,113463,9.34,2.2,11.06,-0.9,0.16,-0.14,-156.44,4.0,0.69,-0.01,-0.04,0.0,12014.26,222.0,0.0,56.0,68.0,
1774375659522225346,113580,9.328,2.4,11.056,-1.0,0.1,-0.12,-156.44,4.0,0.69,-0.02,-0.04,0.0,12014.26,218.0,0.0,56.0,68.0,
1774375659620529206,113699,9.332,2.2,11.056,-0.7,-0.06,-0.14,-156.44,4.0,0.69,0.0,-0.04,-0.01,236.33,218.0,0.0,56.0,68.0,
1774375659722897671,113800,9.26,2.5,11.06,-1.0,0.12,-0.25,-156.44,4.0,0.69,0.0,-0.03,0.01,223.64,219.0,0.0,56.0,68.0,
1774375659821173702,113900,9.296,2.3,11.064,-0.9,0.06,-0.18,-156.44,4.0,0.69,-0.01,-0.03,0.0,231.01,216.0,0.0,56.0,68.0,
1774375659929630020,114000,9.276,2.4,11.076,-1.1,0.12,0.0,-156.44,4.0,0.69,-0.01,-0.03,0.0,227.75,216.0,0.0,56.0,68.0,
1774375660021857695,114100,9.32,2.2,11.072,-0.9,-0.08,-0.12,-156.44,4.0,0.69,0.0,-0.03,0.01,227.75,227.0,0.0,56.0,68.0,
1774375660120163317,114199,9.348,2.5,11.064,-1.0,-0.06,-0.04,-156.44,4.0,0.69,0.0,-0.04,0.03,227.75,220.0,0.0,56.0,68.0,
1774375660240320551,114299,9.284,2.3,11.072,-0.7,0.1,-0.21,-156.44,4.0,0.69,-0.01,-0.02,0.02,227.75,220.0,0.0,56.0,68.0,
1774375660320801887,114399,9.336,2.4,11.064,-0.8,0.0,-0.27,-156.44,4.0,0.69,0.0,-0.05,-0.01,235.13,214.0,0.0,56.0,68.0,
1774375660419071143,114499,9.328,2.6,9.836,-2.7,-0.39,-0.18,-156.44,4.0,0.69,-0.01,-0.02,0.0,239.24,214.0,0.0,56.0,68.0,
1774375660521494117,114599,10.068,1.8,11.024,-14.9,-1.33,-0.14,-156.44,4.0,0.69,0.0,-0.05,0.0,256.05,223.0,1.59,0.0,56.0,68.0
1774375660619789591,114699,9.532,2.1,11.068,-1.0,-0.04,-0.21,-156.44,4.0,0.69,0.0,-0.03,0.0,227.24,219.0,0.0,56.0,68.0,
1774375660722157942,114799,9.528,2.0,11.056,-0.8,0.2,-0.1,-156.44,4.0,0.69,-0.02,-0.03,0.0,226.04,219.0,0.0,56.0,68.0,
1774375660820436697,114899,9.524,2.0,11.06,-1.1,-0.04,-0.2,-156.44,4.0,0.69,-0.02,-0.04,0.0,236.16,225.0,0.0,56.0,68.0,
1774375660922830897,114999,9.532,1.9,11.06,-0.8,-0.04,-0.14,-156.44,4.0,0.69,0.0,-0.02,0.03,226.72,223.0,0.0,56.0,68.0,
1774375661021124742,115099,9.54,2.2,11.06,-0.9,0.08,-0.25,-156.44,4.0,0.69,-0.01,-0.04,0.0,232.04,223.0,0.0,56.0,68.0,
1774375661119387658,115200,9.512,2.0,11.064,-0.8,0.08,-0.08,-156.44,4.0,0.69,0.01,-0.03,0.02,236.16,223.0,0.0,56.0,68.0,
1774375661236321956,115300,9.512,2.0,11.064,-0.7,0.02,-0.16,-156.44,4.0,0.69,-0.01,-0.02,0.01,227.75,220.0,0.0,56.0,68.0,
1774375661320038723,115399,9.468,2.1,11.064,-0.8,0.1,-0.1,-156.44,4.0,0.69,-0.01,-0.03,0.03,227.75,220.0,0.0,56.0,68.0,
1774375661422454055,115499,9.492,2.0,11.072,-1.0,0.02,-0.04,-156.44,4.0,0.69,-0.01,-0.03,0.01,261.88,219.0,0.0,56.0,68.0,
1774375661520796998,115599,9.532,2.1,11.064,-0.9,0.18,-0.08,-156.44,4.0,0.69,-0.02,-0.03,0.02,253.48,219.0,0.0,56.0,68.0,
1774375661618991163,115699,9.54,2.0,11.064,-0.8,0.02,-0.1,-156.44,4.0,0.69,-0.02,-0.04,0.02,256.56,222.0,0.0,56.0,68.0,
1774375661721421623,115799,9.552,1.8,11.064,-0.8,0.04,-0.06,-156.44,4.0,0.69,-0.03,-0.04,0.0,253.48,218.0,0.0,56.0,68.0,
1774375661840320171,115899,9.464,1.9,11.076,-0.8,0.14,-0.02,-156.44,4.0,0.69,0.0,-0.03,0.0,269.26,218.0,0.0,56.0,68.0,
1774375661922087520,115999,9.532,2.1,11.06,-0.9,-0.08,-0.14,-156.44,4.0,0.69,-0.01,-0.03,0.01,257.76,220.0,0.0,56.0,68.0,
1774375662020370596,116099,9.464,2.2,11.068,-1.0,-0.02,-0.12,-156.44,4.0,0.69,-0.04,-0.03,0.01,235.13,221.0,0.0,56.0,68.0,
1774375662122802310,116199,9.468,2.0,11.064,-0.8,0.16,-0.16,-156.44,4.0,0.69,-0.01,-0.04,0.0,235.13,221.0,0.0,56.0,68.0,
1774375662221045063,116299,9.468,2.0,11.072,-0.7,0.02,-0.08,-156.44,4.0,0.69,-0.01,-0.02,0.0,236.16,221.0,0.0,56.0,68.0,
1774375662319296297,116399,9.468,2.1,11.064,-0.7,-0.02,-0.02,-156.44,4.0,0.69,-0.01,-0.05,0.0,234.96,217.0,0.0,56.0,68.0,
1774375662421708383,116499,9.476,1.8,11.084,-0.8,0.14,-0.14,-156.44,4.0,0.69,0.0,-0.05,0.0,232.04,217.0,0.0,56.0,68.0,
1774375662520005407,116599,10.044,2.0,11.048,-8.0,-0.72,-0.02,-156.44,4.0,0.69,0.0,-0.05,0.0,230.84,219.0,0.79,0.0,56.0,68.0
1774375662622382943,116699,9.464,2.1,11.064,-0.9,0.02,-0.12,-156.44,4.0,0.69,-0.02,-0.04,0.0,266.17,219.0,0.0,56.0,68.0,
1774375662720673283,116798,9.544,2.1,11.072,-1.0,0.06,-0.04,-156.44,4.0,0.69,-0.01,-0.04,-0.01,232.04,222.0,0.0,56.0,68.0,
1774375662818967603,116898,9.464,2.0,11.068,-0.7,0.04,-0.16,-156.44,4.0,0.69,0.0,-0.02,0.0,265.14,218.0,0.0,56.0,68.0,
1774375662921358063,116998,9.464,2.2,11.076,-1.0,0.0,-0.21,-156.44,4.0,0.69,-0.01,-0.05,0.0,231.87,218.0,0.0,56.0,68.0,
1774375663019640249,117097,9.464,1.9,11.08,-0.5,-0.06,-0.12,-156.44,4.0,0.69,0.01,-0.01,-0.01,236.16,223.0,0.0,56.0,68.0,
1774375663117927618,117197,9.52,2.0,9.68,0.2,0.06,-0.23,-156.44,4.0,0.69,0.0,-0.04,0.0,231.01,227.0,0.0,56.0,68.0,
1774375663220321563,117297,11.076,2.0,11.064,-0.8,0.04,-0.02,-156.44,4.0,0.69,-0.01,-0.05,-0.02,230.84,227.0,0.0,56.0,68.0,
1774375663318522165,117397,9.244,2.1,11.076,-1.1,0.06,-0.16,-156.44,4.0,0.69,0.0,-0.02,0.01,236.16,219.0,0.0,56.0,68.0,
1774375663420978954,117497,9.316,2.3,11.06,-2.0,-0.25,-0.16,-156.44,4.0,0.69,-0.01,-0.04,0.0,227.75,221.0,0.0,56.0,68.0,
1774375663519267341,117597,10.204,1.9,10.624,-8.8,-1.04,-0.1,-156.44,4.0,0.69,-0.01,-0.02,0.03,226.72,221.0,0.0,56.0,68.0,
1774375663621651584,117697,9.528,2.1,11.044,-0.9,0.06,0.0,-156.44,4.0,0.69,-0.01,-0.05,0.0,253.48,215.0,0.0,56.0,68.0,
1774375663719942693,117797,9.308,2.4,11.08,-1.0,-0.06,-0.2,-156.44,4.0,0.69,0.0,-0.04,-0.02,245.07,215.0,0.0,56.0,68.0,
1774375663822328584,117898,9.232,2.4,11.068,-0.9,0.0,-0.1,-156.44,4.0,0.69,0.0,-0.04,0.0,245.07,219.0,0.0,56.0,68.0,
1774375663920622508,117998,9.3,2.0,9.824,-0.1,0.12,-0.12,-156.44,4.0,0.69,-0.01,-0.03,-0.01,257.76,224.0,0.0,56.0,68.0,
1774375664023010266,118098,11.072,1.6,9.884,-0.2,-0.02,-0.2,-156.44,4.0,0.69,-0.02,-0.01,0.0,256.74,224.0,0.0,56.0,68.0,
1774375664260323587,118199,11.072,1.7,9.884,-0.8,0.2,-0.04,-156.44,4.0,0.69,-0.02,-0.03,-0.03,227.92,229.0,0.0,56.0,68.0,
1774375664321959394,118299,9.496,2.3,11.072,-1.1,0.18,-0.2,-156.44,4.0,0.69,-0.01,-0.05,0.0,269.43,219.0,0.0,56.0,68.0,
1774375664330316885,118398,9.536,2.2,11.064,-0.8,-0.06,-0.08,-156.44,4.0,0.69,-0.02,-0.05,0.02,231.87,219.0,0.0,56.0,68.0,
1774375664424351871,118499,9.46,2.0,11.072,-0.6,0.12,-0.06,-156.44,4.0,0.69,0.0,-0.04,0.0,231.01,216.0,0.0,56.0,68.0,
1774375664522635612,118599,10.884,2.0,11.048,-10.0,-1.07,-0.12,-156.44,4.0,0.69,-0.02,-0.02,-0.02,232.04,216.0,0.0,56.0,68.0,
1774375664631048727,118700,9.316,2.4,11.076,-0.7,0.04,0.04,-156.44,4.0,0.69,0.0,-0.03,-0.03,232.04,217.0,1.59,0.0,56.0,68.0
1774375664723310423,118800,9.28,2.3,11.072,-1.0,0.04,-0.18,-156.44,4.0,0.69,-0.02,-0.04,0.0,236.16,219.0,0.0,56.0,68.0,
1774375664844317435,118900,9.232,2.5,11.088,-0.7,-0.02,-0.08,-156.44,4.0,0.69,-0.02,-0.01,-0.01,235.13,219.0,0.0,56.0,68.0,
1774375664923971995,119001,9.292,2.1,9.88,-0.2,-0.08,-0.16,-156.44,4.0,0.69,-0.02,-0.03,-0.04,239.24,216.0,0.0,56.0,68.0,
1774375665032430372,119101,11.088,1.7,9.82,-0.3,0.14,0.0,-156.44,4.0,0.69,-0.01,-0.02,0.0,235.13,223.0,0.0,56.0,68.0,
1774375665124648920,119201,9.512,2.1,11.088,-0.9,0.02,-0.06,-156.44,4.0,0.69,-0.02,-0.02,0.02,236.16,223.0,0.0,56.0,68.0,
1774375665222920470,119301,9.46,2.1,11.08,-0.7,-0.02,-0.06,-156.44,4.0,0.69,-0.01,-0.04,0.01,232.04,214.0,0.0,56.0,68.0,
1774375665325304952,119401,9.544,2.0,11.076,-0.8,0.12,-0.1,-156.44,4.0,0.69,-0.01,-0.05,0.0,227.75,224.0,0.0,56.0,68.0,
1774375665423576762,119501,9.472,2.0,11.084,-2.0,-0.27,-0.12,-156.44,4.0,0.69,-0.02,-0.03,0.0,232.04,224.0,0.0,56.0,68.0,
1774375665526006053,119602,10.912,1.9,11.06,-5.7,-0.74,-0.06,-156.44,4.0,0.69,0.0,-0.03,0.0,236.16,216.0,0.0,56.0,68.0,
1774375665624267401,119702,9.46,1.9,11.068,-0.8,0.14,-0.18,-156.44,4.0,0.69,0.0,-0.02,0.0,257.76,222.0,0.0,56.0,68.0,
1774375665744320764,119802,9.544,2.0,11.08,-0.8,0.04,-0.2,-156.44,4.0,0.69,-0.01,-0.04,0.01,253.48,222.0,0.0,56.0,68.0,
1774375665824967466,119902,9.536,2.0,11.076,-0.7,0.18,-0.08,-156.44,4.0,0.69,0.01,0.0,0.0,249.36,216.0,0.0,56.0,68.0,
1774375665927356892,120002,9.46,2.1,11.092,-0.9,0.1,-0.06,-156.44,4.0,0.69,0.0,-0.04,0.03,245.07,216.0,0.0,56.0,68.0,
1774375666025654108,120101,9.532,1.9,11.084,-0.9,0.12,-0.2,-156.44,4.0,0.69,-0.02,-0.03,0.03,249.36,220.0,0.0,56.0,68.0,
1774375666123933401,120200,9.468,2.2,11.08,-0.9,0.0,-0.06,-156.44,4.0,0.69,-0.01,-0.03,0.0,252.45,225.0,0.0,56.0,68.0,
1774375666222189104,120300,9.464,2.2,11.076,-0.7,0.1,-0.1,-156.44,4.0,0.69,0.0,-0.04,0.0,260.68,225.0,0.0,56.0,68.0,
1774375666324567434,120400,9.532,2.0,11.084,-1.0,0.04,-0.1,-156.44,4.0,0.69,-0.03,-0.04,0.0,226.55,220.0,0.0,56.0,68.0,
1774375666422918516,120500,9.472,2.0,11.08,-1.0,0.02,-0.08,-156.44,4.0,0.69,0.0,-0.04,0.01,227.75,225.0,0.0,56.0,68.0,
1774375666521172423,120599,9.536,1.9,9.612,0.0,0.18,-0.1,-156.44,4.0,0.69,0.0,-0.04,0.01,240.27,225.0,0.0,56.0,68.0,
1774375666623568973,120698,11.088,1.4,9.676,0.3,0.14,-0.2,-156.44,4.0,0.69,-0.03,-0.05,0.0,261.88,215.0,0.0,56.0,68.0,
1774375666721928257,120798,11.088,1.8,9.68,0.0,-0.02,-0.04,-156.44,4.0,0.69,-0.02,-0.02,0.01,257.76,215.0,0.0,56.0,68.0,
1774375666840320794,120898,11.088,1.7,9.636,0.1,0.16,-0.04,-156.44,4.0,0.69,-0.02,-0.05,0.02,252.45,225.0,0.0,56.0,68.0,
1774375666922535978,120998,11.1,1.6,9.636,0.2,0.1,-0.37,-156.44,4.0,0.69,0.0,-0.04,0.02,248.33,209.0,0.0,56.0,68.0,
1774375667020811505,121098,11.084,1.7,9.672,-0.8,0.16,-0.18,-156.44,4.0,0.69,-0.02,-0.03,0.0,257.59,209.0,0.0,56.0,68.0,
1774375667123206931,121198,9.336,2.1,11.08,-1.1,0.08,-0.06,-156.44,4.0,0.69,-0.01,-0.03,-0.01,256.56,219.0,0.0,56.0,68.0,
1774375667221505383,121298,9.3,2.4,11.088,-0.9,0.16,-0.18,-156.44,4.0,0.69,-0.01,-0.01,0.03,256.74,216.0,0.0,56.0,68.0,
1774375667323897809,121398,9.316,2.4,11.088,-1.0,0.21,-0.12,-156.44,4.0,0.69,-0.01,-0.05,0.0,260.85,216.0,0.0,56.0,68.0,
1774375667422167895,121498,9.216,2.0,11.084,-4.5,-0.72,-0.08,-156.44,4.0,0.69,0.0,-0.05,0.01,265.14,222.0,0.0,56.0,68.0,
1774375667520460200,121597,9.436,1.8,10.376,-11.0,-1.11,-0.12,-156.44,4.0,0.69,0.01,-0.02,0.01,256.74,223.0,0.85,0.0,56.0,68.0
1774375667622830943,121697,9.456,2.2,11.092,-0.9,0.2,-0.06,-156.44,4.0,0.69,0.01,-0.06,-0.01,252.45,223.0,0.92,0.0,56.0,68.0
1774375667721136932,121797,9.496,1.9,11.088,-0.9,0.12,0.0,-156.44,4.0,0.69,0.0,-0.02,0.0,252.45,225.0,0.0,56.0,68.0,
1774375667823510860,121897,9.46,2.1,11.096,-0.8,0.08,-0.08,-156.44,4.0,0.69,0.0,-0.03,0.03,260.85,225.0,0.0,56.0,68.0,
1774375667940318341,121998,9.464,2.2,11.1,-0.9,0.04,-0.16,-156.44,4.0,0.69,-0.01,-0.04,0.0,226.72,221.0,0.0,56.0,68.0,
1774375668024190776,122098,9.512,1.9,11.092,-0.6,0.16,-0.06,-156.44,4.0,0.69,0.0,-0.03,0.02,226.72,213.0,0.0,56.0,68.0,
1774375668122492030,122199,9.488,2.0,11.084,-0.9,0.12,-0.08,-156.44,4.0,0.69,-0.01,-0.02,0.0,227.75,213.0,0.0,56.0,68.0,
1774375668224860993,122299,9.472,2.1,11.092,-1.1,0.06,-0.1,-156.44,4.0,0.69,-0.02,-0.03,0.02,223.64,219.0,0.0,56.0,68.0,
1774375668323112011,122398,9.536,2.1,11.096,-0.8,0.12,-0.06,-156.44,4.0,0.69,0.0,-0.04,0.02,227.75,219.0,0.0,56.0,68.0,
1774375668421455409,122498,9.464,1.6,9.692,0.1,0.12,-0.04,-156.44,4.0,0.69,-0.01,-0.03,-0.01,227.75,219.0,0.0,56.0,68.0,
1774375668519714260,122597,9.468,2.0,10.676,-8.7,-0.84,-0.04,-156.44,4.0,0.69,-0.02,-0.04,-0.01,226.55,224.0,0.8,0.0,56.0,68.0
1774375668622121459,122697,11.096,1.7,9.844,-0.2,0.04,-0.14,-156.44,4.0,0.69,0.01,-0.04,0.01,226.72,221.0,0.83,0.0,56.0,68.0
1774375668720385736,122798,9.536,2.1,11.08,-1.1,0.16,-0.16,-156.44,4.0,0.69,-0.01,-0.04,0.01,266.17,221.0,0.0,56.0,68.0,
1774375668822789176,122897,9.468,2.0,11.084,-0.8,0.08,-0.18,-156.44,4.0,0.69,-0.01,-0.05,0.0,226.72,218.0,0.0,56.0,68.0,
1774375668921093985,122997,9.536,2.1,11.084,-0.8,0.04,-0.08,-156.44,4.0,0.69,-0.01,-0.02,0.01,226.72,218.0,0.0,56.0,68.0,
1774375669023485220,123097,9.54,2.0,11.08,-1.0,0.08,-0.23,-156.44,4.0,0.69,-0.02,-0.05,0.02,247.82,216.0,0.0,56.0,68.0,
1774375669121755290,123197,9.528,2.0,11.084,-0.7,0.1,-0.18,-156.44,4.0,0.69,0.0,-0.04,-0.02,243.53,223.0,0.0,56.0,68.0,
1774375669220024081,123297,9.32,2.7,10.928,-11.2,-1.11,-0.02,-156.44,4.0,0.69,0.0,-0.06,0.0,236.16,223.0,0.89,0.0,56.0,68.0
1774375669322394144,123397,11.092,2.3,11.08,-0.9,0.21,-0.23,-156.44,4.0,0.69,0.0,-0.02,0.0,232.04,226.0,0.81,0.0,56.0,68.0
1774375669420750501,123497,9.3,2.2,9.844,-0.1,0.18,-0.14,-156.44,4.0,0.69,-0.02,-0.04,0.01,236.16,223.0,0.84,0.0,56.0,68.0
1774375669523116805,123596,11.092,1.6,11.064,-2.9,-0.43,-0.18,-156.44,4.0,0.69,-0.01,-0.02,0.0,235.13,223.0,0.0,56.0,68.0,
1774375669621409353,123697,9.248,2.0,11.092,-0.9,-0.08,-0.23,-156.44,4.0,0.69,0.0,-0.06,0.01,236.16,215.0,0.0,56.0,68.0,
1774375669723774065,123797,9.244,2.3,11.092,-1.0,0.06,-0.08,-156.44,4.0,0.69,-0.01,-0.02,0.0,232.04,214.0,0.0,56.0,68.0,
1774375669844319042,123897,10.872,2.0,10.18,-11.0,-1.11,-0.08,-156.44,4.0,0.69,-0.01,-0.02,0.0,231.87,214.0,0.0,56.0,68.0,
1774375669924461247,123998,10.88,2.4,11.096,-0.7,0.06,-0.14,-156.44,4.0,0.69,-0.01,-0.03,-0.01,235.13,221.0,0.8,0.0,56.0,68.0
1774375670022749920,124098,9.284,2.2,11.08,-0.9,0.06,0.06,-156.44,4.0,0.69,-0.03,-0.05,0.0,230.84,221.0,0.0,56.0,68.0,
1774375670125132926,124198,9.228,2.3,11.088,-0.8,-0.06,-0.14,-156.44,4.0,0.69,0.0,-0.04,0.0,236.16,224.0,0.0,56.0,68.0,
1774375670223431816,124298,9.232,2.5,11.1,-0.8,0.14,-0.12,-156.44,4.0,0.69,-0.01,-0.05,0.01,235.13,216.0,0.0,56.0,68.0,
1774375670325762771,124398,9.284,2.3,11.084,-1.2,0.16,-0.2,-156.44,4.0,0.69,0.0,0.0,0.01,232.04,216.0,0.0,56.0,68.0,
1774375670424111434,124498,9.24,2.4,11.092,-0.9,0.18,-0.27,-156.44,4.0,0.69,-0.02,-0.04,0.02,253.65,219.0,0.0,56.0,68.0,
1774375670522383382,124598,10.672,1.8,10.28,-11.9,-1.0,-0.18,-156.44,4.0,0.69,0.01,-0.02,-0.04,232.55,221.0,1.7,0.0,56.0,68.0
1774375670645271882,124698,9.208,2.5,11.092,-1.2,0.0,-0.18,-156.44,4.0,0.69,-0.02,-0.04,0.01,12012.72,214.0,0.5,0.0,56.0,68.0
1774375670743536609,124820,9.3,2.4,11.1,-0.9,0.21,-0.16,-156.44,4.0,0.69,-0.01,-0.04,0.01,235.64,214.0,0.0,56.0,68.0,
1774375670845950833,124919,9.3,2.6,11.092,-1.0,0.14,-0.1,-156.44,4.0,0.69,-0.01,-0.04,0.0,231.52,220.0,0.0,56.0,68.0,
1774375670944230799,125019,9.244,2.4,11.096,-0.9,0.12,-0.18,-156.44,4.0,0.69,-0.04,-0.03,0.01,232.55,220.0,0.0,56.0,68.0,
1774375671042533332,125118,9.284,2.4,11.108,-0.7,0.08,-0.16,-156.44,4.0,0.69,0.0,-0.05,0.0,236.67,227.0,0.0,56.0,68.0,
1774375671164318685,125217,9.296,2.3,11.092,-0.6,0.18,-0.18,-156.44,4.0,0.69,-0.01,-0.05,-0.01,240.96,213.0,0.0,56.0,68.0,
1774375671263650639,125318,9.3,2.5,11.096,-0.8,0.1,-0.1,-156.44,4.0,0.69,-0.02,-0.03,-0.02,12010.49,221.0,0.0,56.0,68.0,
1774375671366053487,125440,9.232,2.6,11.1,-1.0,0.12,-0.08,-156.44,4.0,0.69,0.0,-0.02,0.0,249.36,221.0,0.0,56.0,68.0,
1774375671464345564,125539,9.312,2.3,11.084,-0.8,0.06,-0.12,-156.44,4.0,0.69,-0.01,-0.03,0.0,249.36,213.0,0.0,56.0,68.0,
1774375671566729451,125639,9.296,2.5,11.1,-0.9,-0.02,-0.12,-156.44,4.0,0.69,-0.03,-0.05,0.01,245.25,213.0,0.0,56.0,68.0,
1774375671665244376,125740,9.288,2.4,11.112,-1.0,0.02,-0.16,-156.44,4.0,0.69,-0.02,-0.05,-0.01,236.67,225.0,0.0,56.0,68.0,
1774375671888313301,125840,9.224,2.5,11.1,-0.7,0.14,-0.12,-156.44,4.0,0.69,-0.01,-0.04,0.0,236.67,225.0,0.0,56.0,68.0,
1774375671899886448,125939,9.296,2.4,11.1,-0.9,0.04,-0.1,-156.44,4.0,0.69,-0.01,-0.01,-0.02,235.64,214.0,0.0,56.0,68.0,
1774375671963997531,126039,9.232,2.4,11.088,-0.8,0.08,-0.12,-156.44,4.0,0.69,0.0,-0.03,0.0,245.07,214.0,0.0,56.0,68.0,
1774375672066371352,126139,9.224,2.2,11.096,-0.8,0.14,-0.12,-156.44,4.0,0.69,-0.01,-0.04,0.02,257.59,214.0,0.0,56.0,68.0,
1774375672164667201,126239,9.28,2.5,11.1,-1.0,0.08,-0.12,-156.44,4.0,0.69,0.0,-0.02,0.03,257.59,214.0,0.0,56.0,68.0,
1774375672267018409,126339,9.224,2.4,11.104,-0.7,0.16,-0.16,-156.44,4.0,0.69,0.0,-0.04,0.01,260.85,225.0,0.0,56.0,68.0,
1774375672365350940,126439,9.244,2.6,11.096,-0.8,0.04,-0.12,-156.44,4.0,0.69,0.0,-0.04,0.0,222.44,225.0,0.0,56.0,68.0,
1774375672467733701,126539,9.248,2.7,11.1,-0.8,0.02,-0.2,-156.44,4.0,0.69,0.0,-0.05,0.0,239.93,218.0,0.0,56.0,68.0,
1774375672566021588,126640,9.296,2.4,11.104,-0.9,0.14,-0.08,-156.44,4.0,0.69,-0.02,-0.04,0.0,240.96,221.0,0.0,56.0,68.0,
1774375672688880863,126740,9.288,2.3,11.1,-1.0,0.0,-0.12,-156.44,4.0,0.69,-0.01,-0.02,0.03,12007.91,233.0,0.0,56.0,68.0,
1774375672832315811,126863,9.276,2.6,11.092,-0.8,0.0,-0.08,-156.44,4.0,0.69,0.0,-0.02,-0.03,12007.57,233.0,0.0,56.0,68.0,
1774375672901812744,126978,9.252,2.4,11.1,-0.9,0.04,-0.1,-156.44,4.0,0.69,0.0,-0.03,0.0,253.48,221.0,0.0,56.0,68.0,
1774375673004265350,127077,9.312,2.4,11.092,-0.8,0.1,-0.16,-156.44,4.0,0.69,-0.02,-0.03,0.0,245.07,221.0,0.0,56.0,68.0,
1774375673102516506,127177,9.236,2.4,11.096,-0.9,-0.02,-0.18,-156.44,4.0,0.69,-0.03,-0.03,0.0,244.04,222.0,0.0,56.0,68.0,
1774375673204923039,127278,9.216,2.3,11.1,-0.7,-0.04,-0.1,-156.44,4.0,0.69,0.0,-0.03,0.0,232.55,228.0,0.0,56.0,68.0,
1774375673303190489,127378,9.228,2.2,11.092,-0.8,0.08,-0.25,-156.44,4.0,0.69,0.0,-0.05,0.0,240.96,228.0,0.0,56.0,68.0,
1774375673405552822,127478,9.22,2.4,11.092,-0.8,0.14,-0.08,-156.44,4.0,0.69,-0.01,-0.04,0.0,245.07,228.0,0.0,56.0,68.0,
1774375673503862528,127579,9.288,2.2,11.108,-0.7,0.04,-0.08,-156.44,4.0,0.69,-0.01,-0.02,0.01,256.74,223.0,0.0,56.0,68.0,
1774375673606271097,127679,9.524,1.7,11.092,-0.9,0.14,-0.02,-156.44,4.0,0.69,-0.02,-0.03,-0.01,244.04,223.0,0.0,56.0,68.0,
1774375673704555547,127778,9.552,2.0,11.096,-0.8,0.06,-0.14,-156.44,4.0,0.69,0.0,-0.03,0.0,240.96,217.0,0.0,56.0,68.0,
1774375673802821775,127878,9.496,2.1,11.092,-0.7,0.08,-0.1,-156.44,4.0,0.69,0.0,-0.04,0.0,248.33,217.0,0.0,56.0,68.0,
1774375673920315980,127978,9.472,2.1,11.088,-0.9,0.16,-0.2,-156.44,4.0,0.69,-0.01,-0.03,0.0,260.85,216.0,0.0,56.0,68.0,
1774375674003522367,128077,9.468,2.1,11.088,-0.7,0.18,-0.1,-156.44,4.0,0.69,0.0,-0.04,-0.01,227.75,220.0,0.0,56.0,68.0,
1774375674101783929,128177,9.472,2.0,11.104,-0.9,0.06,-0.16,-156.44,4.0,0.69,0.0,-0.06,0.0,236.16,220.0,0.0,56.0,68.0,
1774375674204226985,128277,9.552,2.0,11.092,-0.6,0.04,-0.06,-156.44,4.0,0.69,-0.01,-0.04,0.0,223.46,231.0,0.0,56.0,68.0,
1774375674302465642,128377,9.548,2.1,11.092,-0.9,0.14,-0.06,-156.44,4.0,0.69,0.0,-0.05,0.0,256.56,219.0,0.0,56.0,68.0,
1774375674404873663,128477,9.544,1.8,11.088,-1.0,0.1,-0.12,-156.44,4.0,0.69,-0.01,-0.03,0.0,256.56,219.0,0.0,56.0,68.0,
1774375674503237586,128577,9.548,2.0,11.104,-0.8,0.14,0.04,-156.44,4.0,0.69,0.0,-0.02,0.02,248.16,225.0,0.0,56.0,68.0,
1774375674605561357,128677,10.596,1.8,9.684,0.1,0.2,-0.16,-156.44,4.0,0.69,-0.01,-0.04,0.0,245.07,225.0,0.0,56.0,68.0,
1774375674724320962,128777,11.1,1.6,9.684,0.1,0.21,-0.14,-156.44,4.0,0.69,0.0,-0.03,-0.01,12008.77,225.0,0.0,56.0,68.0,
1774375674850568860,128898,9.26,2.2,11.108,-0.8,0.18,-0.16,-156.44,4.0,0.69,-0.02,-0.02,0.0,12008.09,219.0,0.0,56.0,68.0,
1774375674970052675,129018,9.244,2.2,11.1,-0.8,0.18,-0.06,-156.44,4.0,0.69,-0.02,-0.03,0.01,12006.54,218.0,0.0,56.0,68.0,
1774375675084724776,129141,9.312,2.2,11.092,-0.8,0.08,-0.08,-156.44,4.0,0.69,-0.02,-0.02,0.0,12008.09,221.0,0.0,56.0,68.0,
1774375675199397720,129258,9.544,1.9,11.1,-0.8,-0.06,-0.1,-156.44,4.0,0.69,-0.03,-0.04,0.0,12008.94,221.0,0.0,56.0,68.0,
1774375675297711715,129371,9.56,2.1,11.092,-1.0,0.04,-0.14,-156.44,4.0,0.69,-0.01,-0.01,-0.01,248.33,219.0,0.0,56.0,68.0,
1774375675395966030,129470,9.54,2.1,11.096,-0.9,0.33,-0.2,-156.44,4.0,0.69,0.0,-0.02,0.0,240.96,219.0,0.0,56.0,68.0,
1774375675518850696,129570,9.528,2.1,11.096,-0.9,-0.02,0.08,-156.44,4.0,0.69,-0.01,-0.05,0.01,12010.66,217.0,0.0,56.0,68.0,
1774375675637619409,129690,9.488,2.3,11.104,-0.9,0.1,-0.16,-156.44,4.0,0.69,-0.03,-0.04,0.0,12009.29,219.0,0.0,56.0,68.0,
1774375675840318893,129811,9.544,1.9,11.1,-0.9,0.04,-0.14,-156.44,4.0,0.69,-0.03,-0.05,0.01,12008.6,218.0,0.0,56.0,68.0,
1774375675879298785,129932,9.48,2.2,11.096,-0.8,0.06,-0.02,-156.44,4.0,0.69,0.0,-0.04,0.0,12008.94,220.0,0.0,56.0,68.0,
1774375676002101588,130053,9.552,2.1,11.108,-1.0,0.08,-0.14,-156.44,4.0,0.69,-0.01,-0.05,0.0,12008.43,215.0,0.0,56.0,68.0,
1774375676116792661,130174,9.488,1.9,11.104,-1.1,0.18,-0.06,-156.44,4.0,0.69,-0.02,-0.03,0.01,12006.54,215.0,0.0,56.0,68.0,
1774375676235569382,130289,9.484,2.2,11.112,-0.8,0.18,-0.14,-156.44,4.0,0.69,-0.01,-0.04,0.01,12007.74,220.0,0.0,56.0,68.0,
1774375676358389718,130409,9.56,2.0,11.108,-0.8,0.06,-0.08,-156.44,4.0,0.69,-0.01,-0.04,0.01,12007.4,221.0,0.0,56.0,68.0,
1774375676481328746,130529,9.552,2.1,11.1,-0.7,0.1,-0.2,-156.44,4.0,0.69,-0.02,-0.02,0.0,12006.2,225.0,0.0,56.0,68.0,
1774375676591833513,130653,9.48,2.1,11.112,-0.9,0.14,-0.14,-156.44,4.0,0.69,-0.01,-0.02,0.01,12007.57,225.0,0.0,56.0,68.0,
1774375676700270411,130765,9.572,2.1,11.116,-1.0,-0.02,-0.25,-156.44,4.0,0.69,-0.02,-0.03,0.0,236.67,224.0,0.0,56.0,68.0,
1774375676792544774,130865,9.476,2.0,11.1,-0.9,0.06,-0.14,-156.44,4.0,0.69,-0.02,-0.02,0.0,231.35,224.0,0.0,56.0,68.0,
1774375676915408180,130965,9.472,2.1,11.1,-0.8,0.14,-0.14,-156.44,4.0,0.69,-0.01,-0.03,0.0,12008.26,220.0,0.0,56.0,68.0,
1774375677034181500,131087,9.504,2.0,11.112,-0.9,0.06,-0.2,-156.44,4.0,0.69,-0.01,-0.03,-0.03,12008.43,216.0,0.0,56.0,68.0,
1774375677132469836,131206,9.56,2.0,11.112,-0.9,0.14,-0.08,-156.44,4.0,0.69,-0.02,-0.03,0.0,231.35,216.0,0.0,56.0,68.0,
1774375677234859400,131305,9.476,2.0,11.092,-0.9,0.16,-0.21,-156.44,4.0,0.69,-0.01,-0.03,0.0,248.33,222.0,0.0,56.0,68.0,
1774375677333103333,131405,9.556,2.0,11.1,-0.9,0.06,-0.08,-156.44,4.0,0.69,0.0,-0.04,0.0,244.04,212.0,0.0,56.0,68.0,
1774375677431342006,131505,9.476,1.9,11.096,-0.9,-0.02,-0.1,-156.44,4.0,0.69,-0.01,-0.05,-0.01,231.35,212.0,0.0,56.0,68.0,
1774375677533825155,131605,9.492,1.8,11.084,-1.3,0.12,0.92,-156.44,4.0,0.69,0.0,-0.03,0.01,240.96,225.0,0.0,56.0,68.0,
1774375677652556011,131705,9.312,2.3,11.104,-0.9,0.16,-0.12,-156.44,4.0,0.69,0.0,-0.04,0.0,12010.66,211.0,0.0,56.0,68.0,
1774375677956318618,131826,9.248,2.5,11.1,-0.9,-0.08,-0.16,-156.44,4.0,0.69,-0.03,-0.05,0.01,12008.77,223.0,0.0,56.0,68.0,
1774375678000716791,131947,9.316,2.3,11.12,-0.9,0.14,-0.14,-156.44,4.0,0.69,-0.02,-0.03,0.0,12009.46,220.0,0.0,56.0,68.0,
1774375678012322338,132071,9.244,2.2,11.108,-1.0,0.12,-0.18,-156.44,4.0,0.69,0.0,-0.03,0.0,231.52,220.0,0.0,56.0,68.0,
1774375678119453381,132171,9.228,2.3,11.112,-0.9,0.04,-0.02,-156.44,4.0,0.69,0.0,-0.02,0.01,12011.35,216.0,0.0,56.0,68.0,
1774375678238180286,132291,9.236,2.3,11.108,-0.8,0.12,-0.12,-156.44,4.0,0.69,0.0,-0.04,0.0,12010.83,225.0,0.0,56.0,68.0,
1774375678340594517,132412,9.244,2.1,11.104,-0.7,0.16,-0.1,-156.44,4.0,0.69,-0.01,-0.04,-0.01,257.42,225.0,0.0,56.0,68.0,
1774375678463509707,132512,9.232,2.3,11.096,-0.7,0.14,-0.1,-156.44,4.0,0.69,-0.02,-0.04,-0.01,12012.2,224.0,0.0,56.0,68.0,
1774375678565882663,132636,9.264,2.4,11.108,-0.7,0.06,-0.14,-156.44,4.0,0.69,-0.02,-0.04,0.0,249.88,219.0,0.0,56.0,68.0,
1774375678664178659,132737,9.232,2.3,11.1,-0.9,0.12,-0.14,-156.44,4.0,0.69,-0.02,-0.03,0.01,245.76,219.0,0.0,56.0,68.0,
1774375678766574650,132837,9.284,2.6,11.112,-0.8,0.02,-0.1,-156.44,4.0,0.69,0.0,-0.02,-0.01,240.44,221.0,0.0,56.0,68.0,
1774375678889464324,132937,9.312,2.3,11.1,-0.7,0.0,-0.02,-156.44,4.0,0.69,-0.01,-0.03,0.0,12009.97,205.0,0.0,56.0,68.0,
1774375678987710842,133059,9.316,2.4,11.116,-1.0,-0.02,-0.18,-156.44,4.0,0.69,-0.02,-0.03,-0.01,244.56,205.0,0.0,56.0,68.0,
1774375679106494614,133158,9.232,2.2,11.1,-1.0,-0.02,-0.23,-156.44,4.0,0.69,-0.01,-0.05,0.0,12008.26,217.0,0.0,56.0,68.0,
1774375679221161723,133276,9.284,2.2,11.1,-0.6,0.06,-0.18,-156.44,4.0,0.69,0.01,-0.03,0.01,12007.06,223.0,0.0,56.0,68.0,
1774375679335803241,133392,9.308,2.3,9.876,-0.5,0.06,-0.06,-156.44,4.0,0.69,-0.01,-0.03,0.01,12007.4,218.0,0.0,56.0,68.0,
1774375679458690928,133509,9.556,1.9,11.088,0.3,1.93,0.08,-156.44,4.0,0.69,-0.02,-0.04,0.0,12006.37,225.0,4.28,0.0,56.0,68.0
1774375679573366296,133632,11.104,1.5,9.884,-0.9,0.06,0.08,-156.44,4.0,0.69,-0.01,-0.04,-0.02,12007.57,225.0,0.0,56.0,68.0,
1774375679692148555,133745,9.308,2.5,11.104,-0.9,0.1,-0.14,-156.44,4.0,0.69,0.0,-0.01,0.01,12009.8,219.0,0.0,56.0,68.0,
1774375680000315265,133864,9.24,2.4,11.104,-0.9,0.06,-0.06,-156.44,4.0,0.69,-0.03,-0.03,-0.01,12006.71,219.0,0.0,56.0,68.0,
1774375680019781836,133984,9.312,2.6,11.104,-0.7,0.12,-0.14,-156.44,4.0,0.69,-0.01,-0.01,-0.01,12007.74,219.0,0.0,56.0,68.0,
1774375680048427983,134100,9.32,2.4,11.1,-0.9,0.2,-0.18,-156.44,4.0,0.69,0.0,-0.03,0.01,12010.49,218.0,0.0,56.0,68.0,
1774375680167232999,134219,9.312,2.2,11.116,-1.0,-0.29,-0.16,-156.44,4.0,0.69,-0.02,-0.02,0.0,12010.66,227.0,1.43,0.0,56.0,68.0
1774375680294165484,134339,9.248,2.2,11.1,-1.0,0.18,-0.1,-156.44,4.0,0.69,-0.02,-0.05,0.03,12010.83,225.0,0.0,56.0,68.0,
1774375680421109321,134466,9.244,2.2,11.108,-0.9,-0.06,-0.2,-156.44,4.0,0.69,0.0,-0.05,0.0,12011.0,231.0,0.0,56.0,68.0,
1774375680531729278,134590,9.312,2.2,11.104,-0.8,0.1,-0.21,-156.44,4.0,0.69,0.0,-0.05,0.02,12010.66,231.0,0.0,56.0,68.0,
1774375680650557755,134703,9.328,2.3,11.108,-1.0,0.18,-0.16,-156.44,4.0,0.69,-0.01,-0.02,0.0,12011.0,219.0,0.0,56.0,68.0,
1774375680769252242,134819,9.24,2.4,11.112,-0.7,0.18,0.02,-156.44,4.0,0.69,0.0,-0.02,-0.01,12010.14,221.0,0.0,56.0,68.0,
1774375680972308341,134940,9.248,2.2,11.108,-0.6,0.18,-0.06,-156.44,4.0,0.69,-0.03,-0.02,0.02,12010.14,222.0,0.0,56.0,68.0,
1774375681006806529,135060,9.328,2.4,11.104,-1.0,0.1,-0.06,-156.44,4.0,0.69,0.0,-0.05,0.0,12012.2,222.0,0.0,56.0,68.0,
1774375681109209193,135178,9.252,2.5,11.096,-0.9,0.1,-0.14,-156.44,4.0,0.69,-0.01,-0.03,-0.01,249.36,228.0,0.0,56.0,68.0,
1774375681227980501,135278,9.292,2.7,11.116,-0.8,0.0,-0.08,-156.44,4.0,0.69,0.0,-0.04,-0.02,12010.66,234.0,0.0,56.0,68.0,
1774375681346725977,135398,9.272,2.4,11.112,-1.1,0.04,-0.2,-156.44,4.0,0.69,-0.01,-0.02,-0.01,12008.94,221.0,0.0,56.0,68.0,
1774375681461411360,135517,9.312,2.1,11.116,-1.0,0.08,-0.04,-156.44,4.0,0.69,0.0,-0.03,0.0,12011.52,221.0,0.0,56.0,68.0,
1774375681584301164,135632,9.256,2.4,11.112,-0.8,0.2,-0.18,-156.44,4.0,0.69,-0.01,-0.05,0.0,12012.2,220.0,0.0,56.0,68.0,
1774375681720321117,135753,9.344,2.4,11.12,-1.0,0.04,-0.1,-156.44,4.0,0.69,-0.01,-0.04,0.0,12011.17,219.0,0.0,56.0,68.0,
1774375681817713135,135874,9.332,2.1,11.092,-0.7,-0.08,-0.16,-156.44,4.0,0.69,-0.01,-0.03,-0.02,12011.69,219.0,0.0,56.0,68.0,
1774375681940652436,135989,9.252,2.2,11.104,-0.5,0.14,-0.14,-156.44,4.0,0.69,0.0,-0.03,0.0,12011.17,222.0,0.0,56.0,68.0,
1774375682059339764,136112,9.26,2.4,11.112,-0.9,0.1,-0.21,-156.44,4.0,0.69,-0.01,-0.05,-0.02,12011.69,218.0,0.0,56.0,68.0,
1774375682161751981,136230,9.32,2.5,11.108,-1.0,0.0,0.08,-156.44,4.0,0.69,-0.02,-0.03,-0.01,233.24,218.0,0.0,56.0,68.0,
1774375682280481798,136331,9.308,2.3,11.108,-0.9,0.12,-0.21,-156.44,4.0,0.69,-0.01,-0.05,-0.02,12012.72,224.0,0.0,56.0,68.0,
1774375682382883830,136451,9.268,2.4,11.12,-1.0,0.02,-0.02,-156.44,4.0,0.69,0.0,-0.03,0.02,227.92,215.0,0.0,56.0,68.0,
1774375682481185265,136551,9.232,2.5,11.096,-0.6,0.0,-0.16,-156.44,4.0,0.69,-0.01,-0.03,0.0,257.76,215.0,0.0,56.0,68.0,
1774375682579454814,136651,9.236,2.2,11.112,-1.0,-0.12,-0.08,-156.44,4.0,0.69,0.0,-0.02,-0.02,250.56,216.0,0.0,56.0,68.0,
1774375682698253625,136751,9.276,2.1,11.112,-0.9,0.06,-0.16,-156.44,4.0,0.69,-0.02,-0.04,0.03,12010.14,216.0,0.0,56.0,68.0,
1774375682817017865,136867,9.244,2.3,11.116,-0.9,0.08,-0.2,-156.44,4.0,0.69,0.01,-0.05,-0.01,12011.17,225.0,0.0,56.0,68.0,
1774375682935778697,136986,9.264,2.2,11.124,-0.8,0.06,-0.08,-156.44,4.0,0.69,-0.01,-0.02,0.0,12009.29,213.0,0.0,56.0,68.0,
1774375683050473452,137106,9.268,2.3,11.112,-0.8,-0.02,-0.12,-156.44,4.0,0.69,-0.02,-0.01,0.01,12010.83,213.0,0.0,56.0,68.0,
1774375683152867126,137221,9.332,2.4,11.116,-1.0,-0.08,-0.12,-156.44,4.0,0.69,-0.01,-0.04,0.02,237.36,220.0,0.0,56.0,68.0,
1774375683267482950,137321,9.312,2.4,11.108,-0.9,0.08,-0.12,-156.44,4.0,0.69,-0.02,-0.04,0.0,12010.83,220.0,0.0,56.0,68.0,
1774375683382178268,137439,9.344,2.3,11.108,-0.9,0.0,-0.08,-156.44,4.0,0.69,-0.02,-0.05,-0.03,12011.17,220.0,0.0,56.0,68.0,
1774375683500979300,137550,9.24,2.3,11.108,-1.1,0.18,-0.12,-156.44,4.0,0.69,0.0,-0.04,0.0,12011.52,222.0,0.0,56.0,68.0,
1774375683619748150,137671,9.32,2.2,11.112,-0.8,-0.08,-0.2,-156.44,4.0,0.69,0.0,-0.03,-0.01,12011.17,211.0,0.0,56.0,68.0,
1774375683738519018,137790,9.292,2.5,11.108,-0.9,0.23,-0.1,-156.44,4.0,0.69,0.0,-0.03,-0.01,12010.83,221.0,0.0,56.0,68.0,
1774375683853201819,137909,9.244,2.5,11.108,-0.9,0.08,-0.1,-156.44,4.0,0.69,-0.01,-0.04,0.0,12007.74,221.0,0.0,56.0,68.0,
1774375683971962095,138020,9.34,2.3,11.096,-0.8,0.08,-0.02,-156.44,4.0,0.69,0.0,-0.05,0.0,12007.23,221.0,0.0,56.0,68.0,
1774375684094837135,138142,9.344,2.3,11.108,-0.8,0.06,-0.04,-156.44,4.0,0.69,-0.02,-0.03,0.0,12008.94,225.0,0.0,56.0,68.0,
1774375684209477722,138263,9.256,2.2,11.12,-0.9,0.06,-0.16,-156.44,4.0,0.69,-0.04,-0.02,0.02,12007.23,220.0,0.0,56.0,68.0,
1774375684311867829,138380,9.252,2.4,11.108,-1.0,0.08,-0.2,-156.44,4.0,0.69,0.0,-0.05,0.01,241.99,220.0,0.0,56.0,68.0,
1774375684410187711,138480,9.332,2.4,11.116,-0.9,-0.06,-0.23,-156.44,4.0,0.69,-0.03,-0.04,-0.01,249.36,218.0,0.0,56.0,68.0,
1774375684528955296,138580,9.236,2.2,11.108,-0.7,0.08,-0.12,-156.44,4.0,0.69,-0.01,-0.04,0.0,12006.89,220.0,0.0,56.0,68.0,
1774375684639522012,138699,9.348,2.2,11.116,-0.8,-0.04,-0.14,-156.44,4.0,0.69,-0.02,-0.02,0.0,12006.54,220.0,0.0,56.0,68.0,
1774375684762407168,138810,9.264,2.4,11.12,-1.0,0.1,-0.21,-156.44,4.0,0.69,0.0,-0.06,0.0,12006.03,220.0,0.0,56.0,68.0,
1774375684877084938,138930,9.248,2.5,11.108,-0.7,-0.08,-0.16,-156.44,4.0,0.69,-0.01,-0.03,0.0,12005.69,213.0,0.0,56.0,68.0,
1774375685010073157,139047,9.308,2.3,11.1,-1.0,-0.02,-0.18,-156.44,4.0,0.69,0.0,-0.04,0.01,12005.0,227.0,0.0,56.0,68.0,
1774375685114595529,139171,9.256,2.4,11.108,-1.1,0.12,-0.08,-156.44,4.0,0.69,0.0,-0.04,0.01,12007.74,227.0,0.0,56.0,68.0,
1774375685233388118,139285,9.344,2.5,11.108,-0.9,0.18,-0.1,-156.44,4.0,0.69,-0.01,-0.02,-0.01,12007.74,219.0,0.0,56.0,68.0,
1774375685352141987,139402,9.256,2.2,11.128,-1.0,-0.02,-0.14,-156.44,4.0,0.69,0.0,-0.04,0.0,12006.2,215.0,0.0,56.0,68.0,
1774375685454549519,139523,9.328,2.3,11.104,-0.9,0.08,-0.16,-156.44,4.0,0.69,-0.01,-0.02,0.02,241.13,215.0,0.0,56.0,68.0,
1774375685573310629,139623,9.248,1.7,9.924,-0.1,0.0,-0.12,-156.44,4.0,0.69,-0.02,-0.05,0.0,12011.69,213.0,0.0,56.0,68.0,
1774375685692096515,139741,11.12,2.1,11.108,-1.1,0.08,-0.1,-156.44,4.0,0.69,0.0,-0.03,-0.01,12010.66,218.0,0.0,56.0,68.0,
1774375685810895270,139860,9.58,1.9,11.1,-0.9,0.14,-0.12,-156.44,4.0,0.69,-0.01,-0.05,0.0,12009.46,226.0,0.0,56.0,68.0,
1774375685929635511,139979,9.488,2.0,11.112,-1.2,0.06,-0.16,-156.44,4.0,0.69,-0.01,-0.02,0.04,12009.46,226.0,0.0,56.0,68.0,
1774375686048410730,140098,9.496,2.1,11.116,-0.7,0.14,-0.08,-156.44,4.0,0.69,-0.01,-0.05,-0.01,12010.83,226.0,0.0,56.0,68.0,
1774375686175350567,140218,9.5,2.0,11.108,-1.0,0.06,-0.18,-156.44,4.0,0.69,0.0,-0.04,0.0,12011.17,213.0,0.0,56.0,68.0,
1774375686298222058,140345,9.496,1.9,11.108,-0.7,0.16,-0.21,-156.44,4.0,0.69,0.0,-0.04,0.01,12010.49,227.0,0.0,56.0,68.0,
1774375686412900528,140465,9.516,2.0,11.108,-1.0,0.0,-0.08,-156.44,4.0,0.69,0.0,-0.05,-0.01,12010.66,219.0,0.0,56.0,68.0,
1774375686531673916,140581,9.496,2.1,11.116,-0.8,0.08,-0.12,-156.44,4.0,0.69,0.0,-0.02,0.01,12010.14,219.0,0.0,56.0,68.0,
1774375686650453896,140698,9.496,2.1,11.104,-1.1,0.06,-0.06,-156.44,4.0,0.69,0.0,-0.05,-0.01,12009.97,225.0,0.0,56.0,68.0,
1774375686748744249,140818,9.496,2.2,11.116,-0.7,0.1,-0.2,-156.44,4.0,0.69,-0.02,-0.02,-0.01,245.25,209.0,0.0,56.0,68.0,
1774375686867512026,140917,9.524,1.9,11.116,-0.9,-0.04,-0.08,-156.44,4.0,0.69,0.0,-0.03,0.01,12007.23,219.0,0.0,56.0,68.0,
1774375687508325949,141036,9.564,2.0,11.108,-0.6,0.08,-0.14,-156.44,4.0,0.69,-0.02,-0.02,0.0,12009.29,219.0,0.0,56.0,68.0,
1774375687511077730,141153,9.552,2.0,11.104,-1.0,0.1,-0.18,-156.44,4.0,0.69,0.0,-0.04,0.0,12009.12,228.0,0.0,56.0,68.0,
1774375687518738338,141273,9.54,2.0,11.112,-0.8,0.14,-0.31,-156.44,4.0,0.69,0.0,-0.04,0.0,242.16,228.0,0.0,56.0,68.0,
1774375687543279161,141373,9.488,2.0,11.108,-0.9,-0.06,-0.18,-156.44,4.0,0.69,0.0,-0.05,0.01,12008.6,222.0,0.0,56.0,68.0,
1774375687554211198,141491,9.508,1.9,11.12,-0.7,0.12,-0.18,-156.44,4.0,0.69,-0.01,-0.03,0.01,224.66,220.0,0.0,56.0,68.0,
1774375687565677381,141591,9.496,2.1,11.116,-0.9,0.14,-0.1,-156.44,4.0,0.69,-0.01,-0.03,0.02,12008.6,225.0,0.0,56.0,68.0,
1774375687662052527,141711,9.496,2.1,11.124,-0.8,0.14,-0.1,-156.44,4.0,0.69,0.0,-0.01,-0.03,12007.74,222.0,0.0,56.0,68.0,
1774375687776723172,141830,9.496,1.9,11.104,-0.8,0.12,-0.1,-156.44,4.0,0.69,0.0,-0.03,0.0,12009.63,222.0,0.0,56.0,68.0,
1774375687895493575,141944,9.588,2.1,11.128,-0.8,0.06,-0.21,-156.44,4.0,0.69,-0.02,-0.04,0.0,12009.63,221.0,0.0,56.0,68.0,
1774375688018347493,142063,9.496,2.0,11.128,-0.8,0.02,-0.1,-156.44,4.0,0.69,-0.01,-0.04,0.0,12009.46,215.0,0.0,56.0,68.0,
1774375688137133256,142185,9.504,1.9,11.108,-0.7,0.12,-0.08,-156.44,4.0,0.69,-0.01,-0.04,-0.01,12011.52,217.0,0.0,56.0,68.0,
1774375688251818201,142304,9.496,2.0,11.116,-0.7,0.0,-0.16,-156.44,4.0,0.69,0.0,-0.04,0.01,12013.23,217.0,0.0,56.0,68.0,
1774375688370535653,142418,9.508,2.1,11.108,-0.8,0.21,-0.21,-156.44,4.0,0.69,-0.01,-0.03,-0.01,12011.86,225.0,0.0,56.0,68.0,
1774375688489344896,142537,9.56,2.0,11.124,-0.7,0.06,-0.04,-156.44,4.0,0.69,0.0,-0.03,0.01,12007.74,219.0,0.0,56.0,68.0,
1774375688612212237,142656,9.496,1.9,11.12,-0.6,0.04,-0.23,-156.44,4.0,0.69,-0.01,-0.03,-0.02,12009.97,223.0,0.0,56.0,68.0,
1774375688732958489,142781,9.576,1.9,11.108,-0.8,0.12,-0.14,-156.44,4.0,0.69,-0.01,-0.03,0.0,12011.69,223.0,0.0,56.0,68.0,
1774375688851730808,142893,9.56,1.9,11.112,-0.9,0.08,-0.12,-156.44,4.0,0.69,0.0,-0.05,0.01,12011.35,213.0,0.0,56.0,68.0,
1774375688964436802,143010,9.54,1.8,11.112,-0.7,0.14,-0.16,-156.44,4.0,0.69,-0.01,-0.03,0.0,12007.91,210.0,0.0,56.0,68.0,
1774375689087302176,143130,9.504,2.0,11.112,-0.9,0.16,-0.16,-156.44,4.0,0.69,-0.01,-0.03,0.0,12006.71,228.0,0.0,56.0,68.0,
1774375689206135718,143253,9.508,1.9,11.12,-0.9,0.08,-0.16,-156.44,4.0,0.69,0.0,-0.03,-0.01,11999.34,228.0,0.0,56.0,68.0,
1774375689324843435,143372,9.56,2.0,11.116,-0.8,0.04,-0.14,-156.44,4.0,0.69,-0.01,-0.03,0.0,12008.09,223.0,0.0,56.0,68.0,
1774375689443534616,143492,9.496,2.1,11.12,-1.0,0.1,-0.12,-156.44,4.0,0.69,-0.01,-0.03,0.0,12006.37,220.0,0.0,56.0,68.0,
1774375689570574581,143612,9.508,1.9,11.108,-0.9,0.04,-0.02,-156.44,4.0,0.69,-0.01,-0.03,0.02,12006.03,234.0,0.0,56.0,68.0,
1774375689681170831,143735,9.548,1.8,11.112,-1.0,0.06,-0.04,-156.44,4.0,0.69,-0.03,-0.02,0.0,12007.91,234.0,0.0,56.0,68.0,
1774375689783553584,143849,9.548,1.9,11.12,-0.8,0.14,-0.1,-156.44,4.0,0.69,-0.01,-0.03,0.01,270.28,220.0,0.0,56.0,68.0,
1774375689902322056,143949,9.52,2.1,11.124,-1.1,0.25,-0.16,-156.44,4.0,0.69,-0.01,-0.03,0.01,12007.23,214.0,0.0,56.0,68.0,
1774375690021090753,144068,9.552,2.0,9.724,0.1,0.02,-0.21,-156.44,4.0,0.69,-0.01,-0.03,0.0,12006.54,217.0,0.0,56.0,68.0,
1774375690139858354,144187,11.124,1.9,9.728,0.2,0.02,-0.18,-156.44,4.0,0.69,0.0,-0.04,0.0,12008.26,217.0,0.0,56.0,68.0,
1774375690476320084,144306,11.112,1.9,9.696,0.0,-0.08,-0.2,-156.44,4.0,0.69,-0.01,-0.04,0.0,12009.29,211.0,0.0,56.0,68.0,
1774375690496269429,144423,9.328,2.2,11.116,-0.8,-0.04,-0.16,-156.44,4.0,0.69,0.0,-0.03,0.0,12008.09,219.0,0.0,56.0,68.0,
1774375690504548914,144543,9.248,2.6,11.108,-0.6,0.2,-0.14,-156.44,4.0,0.69,-0.01,-0.05,-0.01,12008.6,222.0,0.0,56.0,68.0,
1774375690610878299,144662,9.332,2.2,11.12,-1.1,0.02,-0.1,-156.44,4.0,0.69,-0.01,-0.03,0.01,12010.32,222.0,0.0,56.0,68.0,
1774375690733724675,144779,9.308,2.3,11.112,-0.9,0.1,0.0,-156.44,4.0,0.69,-0.01,-0.05,0.01,12008.77,226.0,0.0,56.0,68.0,
1774375690852518923,144900,9.336,1.8,9.888,-0.1,0.06,-0.08,-156.44,4.0,0.69,-0.03,-0.05,0.0,12007.57,228.0,0.0,56.0,68.0,
1774375690975370298,145019,11.116,1.4,9.888,-0.2,0.06,-0.04,-156.44,4.0,0.69,0.0,-0.01,0.0,12008.6,222.0,0.0,56.0,68.0,
1774375691090018806,145140,11.12,2.1,11.108,-0.8,0.06,-0.16,-156.44,4.0,0.69,-0.01,-0.05,-0.01,12009.46,222.0,0.0,56.0,68.0,
1774375691304324592,145256,9.504,1.9,11.128,-0.7,0.16,-0.06,-156.44,4.0,0.69,0.0,-0.03,0.02,12008.43,219.0,0.0,56.0,68.0,
1774375691331723401,145378,9.564,2.0,11.104,-0.8,0.06,-0.12,-156.44,4.0,0.69,-0.02,-0.04,0.01,12008.09,220.0,0.0,56.0,68.0,
1774375691446327299,145496,9.496,2.3,11.116,-0.6,0.06,-0.27,-156.44,4.0,0.69,-0.01,-0.02,0.0,12008.26,222.0,0.0,56.0,68.0,
1774375691548738504,145613,9.572,2.3,9.748,0.3,-0.02,-0.2,-156.44,4.0,0.69,0.0,-0.03,0.03,232.04,222.0,0.0,56.0,68.0,
1774375691667509823,145713,11.116,1.5,9.728,0.2,0.1,-0.16,-156.44,4.0,0.69,0.0,-0.02,0.0,12008.77,217.0,0.0,56.0,68.0,
1774375691765802381,145832,11.12,1.7,9.744,0.0,-0.04,-0.12,-156.44,4.0,0.69,0.0,-0.03,0.0,236.33,217.0,0.0,56.0,68.0,
1774375691884576089,145933,11.12,1.9,11.124,-0.7,0.04,-0.02,-156.44,4.0,0.69,-0.02,-0.05,-0.01,12010.83,214.0,0.0,56.0,68.0,
1774375692003335260,146051,9.316,2.5,11.116,-0.8,0.04,-0.18,-156.44,4.0,0.69,-0.03,-0.04,0.0,12010.66,215.0,0.0,56.0,68.0,
1774375692122121919,146169,9.344,2.3,11.108,-0.7,0.14,-0.23,-156.44,4.0,0.69,0.0,-0.03,-0.01,12010.66,215.0,0.0,56.0,68.0,
1774375692249092219,146289,9.328,2.4,11.112,-1.0,-0.08,-0.16,-156.44,4.0,0.69,-0.01,-0.04,0.0,12008.77,218.0,0.0,56.0,68.0,
1774375692363738673,146416,9.308,2.2,9.888,-0.2,-0.04,-0.18,-156.44,4.0,0.69,-0.02,-0.04,0.01,12009.63,218.0,0.0,56.0,68.0,
1774375692462044772,146529,11.12,1.3,9.896,-0.2,0.06,-0.18,-156.44,4.0,0.69,-0.01,-0.03,0.02,233.24,222.0,0.0,56.0,68.0,
1774375692580816562,146629,11.124,1.7,9.916,0.0,-0.02,-0.14,-156.44,4.0,0.69,-0.01,-0.03,0.0,12009.12,221.0,0.0,56.0,68.0,
1774375692703688746,146748,11.12,1.6,9.88,0.0,0.2,-0.02,-156.44,4.0,0.69,-0.02,-0.04,-0.01,12009.12,227.0,0.0,56.0,68.0,
1774375692818390530,146869,9.648,1.9,11.112,-0.8,0.04,-0.02,-156.44,4.0,0.69,-0.02,-0.02,0.01,12009.29,227.0,0.0,56.0,68.0,
1774375692937133304,146982,9.508,1.8,11.1,-0.8,0.18,-0.06,-156.44,4.0,0.69,-0.01,-0.04,0.01,12008.77,224.0,0.0,56.0,68.0,
1774375693055891204,147101,9.524,2.0,11.116,-0.8,0.02,-0.08,-156.44,4.0,0.69,-0.01,-0.04,-0.02,12007.4,221.0,0.71,0.0,56.0,68.0
1774375693376299738,147221,11.12,1.8,9.948,-1.0,0.14,0.0,-156.44,4.0,0.69,-0.01,-0.05,0.0,12009.46,223.0,0.7,0.0,56.0,68.0
1774375693379453883,147344,9.5,1.9,11.112,-0.8,0.14,-0.16,-156.44,4.0,0.69,-0.01,-0.03,0.0,12009.8,223.0,0.0,56.0,68.0,
1774375693412200405,147457,9.752,1.9,10.776,-0.7,0.27,-0.08,-156.44,4.0,0.69,0.0,-0.02,-0.01,12008.09,221.0,1.4,0.0,56.0,68.0
1774375693530983940,147577,9.496,2.0,11.116,-0.8,0.1,-0.12,-156.44,4.0,0.69,0.0,-0.03,0.0,12008.26,219.0,0.0,56.0,68.0,
1774375693649756606,147696,9.58,1.9,11.128,-0.9,0.23,-0.08,-156.44,4.0,0.69,-0.02,-0.03,0.02,12008.09,221.0,0.0,56.0,68.0,
1774375693768543511,147815,9.564,1.9,11.112,-1.0,-0.04,-0.16,-156.44,4.0,0.69,-0.02,-0.03,0.0,12008.43,221.0,0.0,56.0,68.0,
1774375693976317385,147934,9.568,2.0,11.116,-0.8,0.16,-0.04,-156.44,4.0,0.69,0.0,-0.03,0.01,12007.4,221.0,0.0,56.0,68.0,
1774375694010176267,148054,9.528,1.9,11.112,-0.7,0.0,-0.18,-156.44,4.0,0.69,-0.02,-0.03,0.0,12007.57,222.0,0.0,56.0,68.0,
1774375694108501861,148174,9.564,1.9,11.124,-0.9,0.12,-0.1,-156.44,4.0,0.69,0.0,-0.05,0.0,232.55,222.0,0.0,56.0,68.0,
1774375694210888582,148275,9.572,2.2,11.128,-1.0,0.18,0.02,-156.44,4.0,0.69,-0.01,-0.05,0.0,231.52,223.0,0.0,56.0,68.0,
1774375694309139163,148375,9.568,2.1,11.112,-0.9,0.16,-0.16,-156.44,4.0,0.69,-0.01,-0.05,0.01,236.67,220.0,0.0,56.0,68.0,
1774375694411543031,148475,9.564,2.0,11.124,-0.9,0.08,-0.1,-156.44,4.0,0.69,-0.01,-0.01,0.0,240.79,220.0,0.0,56.0,68.0,
1774375694530317123,148576,9.548,1.9,9.752,0.1,0.06,-0.12,-156.44,4.0,0.69,-0.02,-0.01,0.0,12009.8,219.0,0.0,56.0,68.0,
1774375694632718270,148697,11.12,1.7,9.76,-0.1,0.08,-0.2,-156.44,4.0,0.69,-0.03,-0.03,0.01,231.52,215.0,0.0,56.0,68.0,
1774375694751451716,148797,11.128,1.5,9.72,-0.1,0.0,-0.1,-156.44,4.0,0.69,-0.01,-0.03,0.01,12007.57,225.0,0.0,56.0,68.0,
1774375694853873769,148918,11.128,2.2,11.1,-0.8,0.2,-0.02,-156.44,4.0,0.69,0.0,-0.05,0.01,236.67,225.0,0.0,56.0,68.0,
1774375694952127423,149018,9.26,2.4,11.112,-0.9,0.16,-0.14,-156.44,4.0,0.69,0.0,-0.03,-0.01,236.67,213.0,0.0,56.0,68.0,
1774375695054585614,149118,9.34,2.4,11.124,-1.0,0.12,-0.08,-156.44,4.0,0.69,-0.01,-0.02,0.0,254.16,213.0,0.0,56.0,68.0,
1774375695172399226,149217,9.328,2.3,11.116,-0.8,0.04,-0.1,-156.44,4.0,0.69,0.0,-0.03,-0.01,245.59,219.0,0.0,56.0,68.0,
1774375695251146646,149317,9.34,2.3,11.108,-0.8,0.14,-0.08,-156.44,4.0,0.69,0.0,-0.04,-0.02,245.07,219.0,0.0,56.0,68.0,
1774375695353582992,149417,9.3,2.2,11.12,-0.8,0.12,-0.2,-156.44,4.0,0.69,0.0,-0.04,0.0,236.33,215.0,0.0,56.0,68.0,
1774375695451837028,149516,9.3,2.1,11.108,-0.9,0.0,-0.08,-156.44,4.0,0.69,-0.01,-0.05,-0.01,232.04,216.0,0.0,56.0,68.0,
1774375695550148116,149615,9.268,2.4,11.128,-0.9,0.2,-0.12,-156.44,4.0,0.69,0.01,-0.04,0.0,233.07,216.0,0.0,56.0,68.0,
1774375695648413893,149714,9.356,2.4,11.108,-1.1,0.08,-0.06,-156.44,4.0,0.69,0.0,-0.03,0.01,241.64,225.0,0.0,56.0,68.0,
1774375695780319650,149814,9.256,2.3,11.116,-1.0,0.02,-0.14,-156.44,4.0,0.69,0.0,-0.01,0.0,12009.63,219.0,0.0,56.0,68.0,
1774375695869634530,149935,9.28,2.3,11.104,-0.9,0.1,-0.18,-156.44,4.0,0.69,-0.04,-0.04,0.02,236.16,219.0,0.0,56.0,68.0,
1774375695992457307,150035,9.26,2.3,11.112,-0.7,0.04,0.02,-156.44,4.0,0.69,-0.02,-0.04,0.0,12006.89,215.0,0.0,56.0,68.0,
1774375696090759448,150156,9.36,2.3,11.12,-0.9,0.08,-0.04,-156.44,4.0,0.69,0.0,-0.03,0.0,240.44,231.0,0.0,56.0,68.0,
1774375696193175548,150256,9.3,1.8,9.944,-0.1,0.02,-0.21,-156.44,4.0,0.69,-0.01,-0.05,0.0,236.16,231.0,0.0,56.0,68.0,
1774375696291403743,150356,11.12,2.0,9.88,-0.1,0.16,-0.2,-156.44,4.0,0.69,-0.02,-0.04,0.02,240.44,217.0,0.0,56.0,68.0,
1774375696393827454,150456,11.12,1.9,9.88,0.0,0.21,-0.12,-156.44,4.0,0.69,0.0,-0.04,0.0,244.73,221.0,0.0,56.0,68.0,
1774375696492114534,150556,11.124,1.7,9.932,-0.1,0.14,-0.1,-156.44,4.0,0.69,-0.01,-0.05,0.01,253.13,221.0,0.0,56.0,68.0,
1774375696594504543,150657,11.112,1.6,9.936,-0.2,0.08,-0.14,-156.44,4.0,0.69,-0.02,-0.03,-0.01,262.39,220.0,0.0,56.0,68.0,
1774375696692798289,150757,11.12,1.8,9.948,-0.2,-0.02,-0.06,-156.44,4.0,0.69,-0.01,-0.03,0.0,228.27,220.0,0.0,56.0,68.0,
1774375696791092998,150856,11.124,1.6,9.88,-0.2,0.12,-0.18,-156.44,4.0,0.69,0.0,-0.04,0.02,228.27,220.0,0.0,56.0,68.0,
1774375696893479119,150956,11.116,1.5,9.884,-0.3,0.04,-0.12,-156.44,4.0,0.69,0.0,-0.05,0.0,227.24,220.0,0.0,56.0,68.0,
1774375696991770550,151056,11.12,1.6,9.928,-0.2,0.2,-0.25,-156.44,4.0,0.69,-0.01,-0.03,-0.01,245.07,220.0,0.0,56.0,68.0,
1774375697094169020,151156,9.536,2.0,11.108,-0.8,0.14,-0.2,-156.44,4.0,0.69,0.0,-0.06,0.0,249.19,224.0,0.0,56.0,68.0,
1774375697192453605,151257,9.5,2.1,11.124,-1.0,0.08,-0.08,-156.44,4.0,0.69,-0.01,-0.04,0.0,245.07,216.0,0.0,56.0,68.0,
1774375697294860364,151357,9.5,1.6,9.764,0.0,0.08,-0.16,-156.44,4.0,0.69,-0.01,-0.02,0.0,239.76,216.0,0.0,56.0,68.0,
1774375697393122247,151457,11.124,1.6,9.768,-0.1,0.1,-0.16,-156.44,4.0,0.69,0.0,-0.03,0.02,244.04,221.0,0.0,56.0,68.0,
1774375697491398463,151557,11.12,1.6,10.004,-0.8,0.2,-0.21,-156.44,4.0,0.69,-0.01,-0.03,0.02,235.64,212.0,0.0,56.0,68.0,
1774375697593829572,151657,9.36,2.3,11.124,-0.9,0.12,-0.12,-156.44,4.0,0.69,0.0,-0.06,0.0,231.35,212.0,0.0,56.0,68.0,
1774375697692124305,151757,9.264,2.4,11.112,-0.9,0.08,-0.14,-156.44,4.0,0.69,-0.01,-0.04,0.0,227.41,218.0,0.0,56.0,68.0,
1774375697794512175,151857,9.324,2.5,11.116,-1.0,0.12,-0.18,-156.44,4.0,0.69,0.0,-0.03,-0.01,236.67,217.0,0.0,56.0,68.0,
1774375697892806779,151957,9.34,2.6,11.104,-0.7,0.08,-0.1,-156.44,4.0,0.69,-0.03,-0.04,0.0,244.04,217.0,0.0,56.0,68.0,
1774375697995199205,152057,9.348,2.4,11.124,-0.6,0.06,-0.12,-156.44,4.0,0.69,-0.02,-0.04,0.04,245.07,214.0,0.0,56.0,68.0,
1774375698093494189,152158,9.264,2.3,11.116,-0.9,0.04,-0.18,-156.44,4.0,0.69,-0.02,-0.04,0.0,245.25,217.0,0.0,56.0,68.0,
1774375698316295781,152257,9.312,2.2,11.128,-0.9,0.04,-0.12,-156.44,4.0,0.69,0.0,-0.05,0.03,257.76,217.0,0.0,56.0,68.0,
1774375698392469296,152357,9.324,2.6,11.112,-0.9,0.08,-0.16,-156.44,4.0,0.69,0.0,-0.03,0.0,244.04,211.0,0.0,56.0,68.0,
1774375698396509904,152457,9.332,2.3,11.112,-0.9,0.08,-0.2,-156.44,4.0,0.69,-0.01,-0.05,0.01,256.56,211.0,0.0,56.0,68.0,
1774375698494868765,152557,9.268,2.3,11.112,-0.8,-0.04,-0.14,-156.44,4.0,0.69,0.0,-0.03,0.01,226.55,219.0,0.0,56.0,68.0,
1774375698593149093,152657,9.268,2.2,11.12,-0.8,0.06,-0.18,-156.44,4.0,0.69,-0.02,-0.05,0.02,227.75,224.0,0.0,56.0,68.0,
1774375698691431385,152756,9.304,2.3,11.124,-0.9,0.18,-0.14,-156.44,4.0,0.69,-0.02,-0.04,0.0,253.31,224.0,0.0,56.0,68.0,
1774375698793879814,152856,9.272,2.3,11.124,-0.7,0.14,-0.16,-156.44,4.0,0.69,0.0,-0.05,0.01,260.85,218.0,0.0,56.0,68.0,
