timestamp_ns,time_ms,voltage_left,current_left_ma,voltage_right,current_right_ma,motor_current_left,motor_current_right,euler_x,euler_y,euler_z,acc_lin_x,acc_lin_y,acc_lin_z,sonar_mm,tof_mm,rpm_left,rpm_right,rotations_left,rotations_right
1770044649681021520,3079,0.0,1.2,0.0,1.3,-0.02,-0.12,0.0,-1.63,-5.75,0.0,-0.05,-0.4,12072.74,198.0,0.0,0.0,0.0,
1770044649899631483,3313,0.0,0.5,0.0,1.1,0.0,0.02,0.0,-1.63,-5.75,0.0,-0.01,-0.39,12073.94,196.0,0.0,0.0,0.0,
1770044649914470279,3429,0.0,0.3,0.0,1.0,0.1,-0.04,0.0,-1.63,-5.75,0.0,-0.03,-0.4,12073.08,204.0,0.0,0.0,0.0,
1770044650037356705,3549,0.0,0.0,0.0,1.1,0.02,-0.1,0.0,-1.63,-5.75,0.0,-0.01,-0.4,12071.37,203.0,0.0,0.0,0.0,
1770044650160239038,3670,0.0,0.1,0.0,1.6,0.14,-0.14,0.0,-1.63,-5.75,0.0,-0.02,-0.41,12071.37,200.0,0.0,0.0,0.0,
1770044650279009761,3792,0.0,1.2,0.0,0.2,-0.1,0.02,0.0,-1.63,-5.75,0.0,-0.03,-0.4,12072.23,201.0,0.0,0.0,0.0,
1770044650393702020,3911,0.0,1.2,0.0,0.0,-0.04,-0.08,0.0,-1.63,-5.75,0.0,-0.02,-0.38,12072.74,201.0,0.0,0.0,0.0,
1770044650512481723,4025,0.0,1.3,0.0,0.3,0.04,-0.08,0.0,-1.63,-5.75,0.0,-0.03,-0.42,12072.06,189.0,0.0,0.0,0.0,
1770044650631258538,4145,0.0,1.3,0.0,0.2,0.0,-0.16,0.0,-1.63,-5.75,0.01,-0.03,-0.38,12071.88,192.0,0.0,0.0,0.0,
1770044650754137853,4264,0.0,1.4,0.0,0.3,0.02,-0.21,0.0,-1.63,-5.75,0.0,-0.02,-0.4,12071.2,206.0,0.0,0.0,0.0,
1770044650877018131,4387,0.0,1.3,0.0,0.4,0.02,-0.14,0.0,-1.63,-5.75,0.0,-0.02,-0.41,12073.77,206.0,0.0,0.0,0.0,
1770044650995786279,4510,0.0,1.3,0.0,0.6,-0.08,-0.02,0.0,-1.63,-5.75,0.02,-0.06,-0.4,12073.94,202.0,0.0,0.0,0.0,
1770044651118667149,4630,0.0,1.0,0.0,0.2,0.02,0.08,0.0,-1.63,-5.75,-0.01,0.0,-0.43,12070.68,198.0,0.0,0.0,0.0,
1770044651241557945,4750,0.0,0.7,0.0,1.0,0.04,0.02,0.0,-1.63,-5.75,0.0,-0.06,-0.4,12071.2,200.0,0.0,0.0,0.0,
1770044651352138352,4872,0.0,0.3,0.0,1.1,0.02,-0.04,0.0,-1.63,-5.75,0.0,-0.02,-0.4,12073.26,200.0,0.0,0.0,0.0,
1770044651470914464,4985,0.0,0.4,0.0,0.4,-0.06,-0.1,0.0,-1.63,-5.75,0.02,-0.04,-0.41,12070.86,198.0,0.0,0.0,0.0,
1770044651589681167,5103,0.0,0.7,0.0,0.3,-0.04,-0.12,0.0,-1.63,-5.75,0.0,-0.02,-0.4,12072.06,208.0,0.0,0.0,0.0,
1770044651863631630,5221,0.0,0.9,0.0,0.5,-0.04,-0.16,0.0,-1.63,-5.75,-0.01,-0.03,-0.4,12071.54,203.0,0.0,0.0,0.0,
1770044651909175593,5341,0.0,0.7,0.0,0.3,0.02,0.0,0.0,-1.63,-5.75,0.0,-0.02,-0.41,12075.66,203.0,0.0,0.0,0.0,
1770044651941937815,5455,0.0,1.0,0.0,0.2,0.0,-0.12,0.0,-1.63,-5.75,0.0,-0.02,-0.4,12072.23,202.0,0.0,0.0,0.0,
1770044652060717815,5574,0.0,0.8,0.0,0.5,0.0,0.1,0.0,-1.63,-5.75,-0.01,-0.03,-0.42,12071.37,203.0,0.0,0.0,0.0,
1770044652179499148,5693,0.0,0.7,0.0,0.0,0.0,0.06,0.0,-1.63,-5.75,0.0,-0.03,-0.43,12072.06,202.0,0.0,0.0,0.0,
1770044652294222296,5811,0.0,0.7,0.0,0.6,0.02,0.06,0.0,-1.63,-5.75,0.0,-0.02,-0.4,12072.57,202.0,0.0,0.0,0.0,
1770044652412953056,5924,0.0,0.7,0.0,0.5,0.21,-0.06,0.0,-1.63,-5.75,0.0,-0.02,-0.41,12073.08,204.0,0.0,0.0,0.0,
1770044652531743111,6046,0.0,0.9,0.0,0.3,-0.04,-0.04,0.0,-1.63,-5.75,-0.01,-0.04,-0.4,12072.23,195.0,0.0,0.0,0.0,
1770044652767623148,6164,0.0,0.9,0.0,0.3,0.1,0.06,0.0,-1.63,-5.75,0.01,-0.02,-0.4,12073.43,202.0,0.0,0.0,0.0,
1770044652778277611,6284,0.0,0.9,0.0,0.5,0.02,-0.08,0.0,-1.63,-5.75,0.0,-0.02,-0.41,12072.74,202.0,0.0,0.0,0.0,
1770044652888080407,6398,0.0,0.1,0.0,0.3,0.0,-0.1,0.0,-1.63,-5.75,-0.01,-0.01,-0.4,12072.57,201.0,0.0,0.0,0.0,
1770044653006857500,6519,0.0,1.2,0.0,0.5,0.0,-0.04,0.0,-1.63,-5.75,0.0,-0.04,-0.4,12072.23,199.0,0.0,0.0,0.0,
1770044653125648722,6638,0.0,1.3,0.0,0.3,-0.06,-0.02,0.0,-1.63,-5.75,0.02,-0.02,-0.44,12070.51,205.0,0.0,0.0,0.0,
1770044653240355851,6758,0.0,1.3,0.0,0.1,0.06,-0.08,0.0,-1.63,-5.75,0.0,-0.03,-0.39,12071.37,205.0,0.0,0.0,0.0,
1770044653359111074,6873,0.0,0.1,0.0,1.1,-0.04,-0.08,0.0,-1.63,-5.75,0.01,-0.02,-0.4,12073.08,204.0,0.0,0.0,0.0,
1770044653481973777,6991,0.0,0.4,0.0,1.1,-0.06,-0.04,0.0,-1.63,-5.75,0.0,-0.03,-0.4,12071.2,200.0,0.0,0.0,0.0,
1770044653600767351,7113,0.0,0.4,0.0,1.1,-0.2,-0.02,0.0,-1.63,-5.75,0.01,-0.03,-0.41,12072.57,201.0,0.0,0.0,0.0,
1770044653823620721,7232,0.0,1.0,0.0,0.2,-0.06,0.0,0.0,-1.63,-5.75,-0.01,-0.03,-0.37,12073.77,201.0,0.0,0.0,0.0,
1770044653834259240,7347,0.0,1.1,0.0,0.5,0.0,-0.1,0.0,-1.63,-5.75,0.0,-0.02,-0.43,12072.4,204.0,0.0,0.0,0.0,
1770044653961194203,7464,0.0,0.9,0.0,0.2,0.08,0.02,0.0,-1.63,-5.75,0.0,-0.03,-0.41,12072.06,199.0,0.0,0.0,0.0,
1770044654084069295,7591,0.0,0.8,0.0,0.0,-0.06,-0.06,0.0,-1.63,-5.75,-0.01,-0.02,-0.39,12071.54,198.0,0.0,0.0,0.0,
1770044654194675406,7713,0.0,0.9,0.0,0.2,-0.08,-0.08,0.0,-1.63,-5.75,0.0,-0.03,-0.4,12072.57,198.0,0.0,0.0,0.0,
1770044654313440166,7826,0.0,0.9,0.0,0.8,0.02,-0.02,0.0,-1.63,-5.75,0.01,-0.01,-0.39,12072.06,201.0,0.0,0.0,0.0,
1770044654432216165,7944,0.0,0.3,0.0,1.3,-0.06,-0.06,0.0,-1.63,-5.75,0.0,-0.03,-0.43,12071.54,194.0,0.0,0.0,0.0,
1770044654551008517,8062,0.0,0.4,0.0,1.4,0.0,-0.08,0.0,-1.63,-5.75,0.0,-0.03,-0.38,12070.86,199.0,0.0,0.0,0.0,
1770044654665689536,8183,0.0,1.0,0.0,0.2,-0.02,0.06,0.0,-1.63,-5.75,0.0,-0.03,-0.39,12073.77,199.0,0.0,0.0,0.0,
1770044654883631536,8296,0.0,1.2,0.0,0.3,-0.04,-0.06,0.0,-1.63,-5.75,0.0,-0.04,-0.39,12073.26,205.0,0.0,0.0,0.0,
1770044654903259406,8414,0.0,1.3,0.0,1.1,0.0,-0.16,0.0,-1.63,-5.75,-0.01,-0.03,-0.41,12072.57,202.0,0.0,0.0,0.0,
1770044655022019906,8534,0.0,0.9,0.0,0.2,-0.12,-0.02,0.0,-1.63,-5.75,0.0,-0.03,-0.39,12071.71,200.0,0.0,0.0,0.0,
1770044655140806258,8653,0.0,0.7,0.0,1.4,-0.06,-0.14,0.0,-1.63,-5.75,0.01,-0.03,-0.4,12072.91,200.0,0.0,0.0,0.0,
1770044655255464591,8770,0.0,0.0,0.0,0.2,0.0,0.1,0.0,-1.63,-5.75,0.0,-0.03,-0.4,12072.23,202.0,0.0,0.0,0.0,
1770044655374222869,8888,0.0,1.2,0.0,0.5,-0.08,-0.08,0.0,-1.63,-5.75,0.0,-0.03,-0.4,12072.06,206.0,0.0,0.0,0.0,
1770044655493057183,9007,0.0,1.1,0.0,0.9,-0.1,-0.04,0.0,-1.63,-5.75,0.0,-0.02,-0.4,12072.06,200.0,0.0,0.0,0.0,
1770044655715625905,9124,0.0,0.7,0.0,0.3,0.04,-0.08,0.0,-1.63,-5.75,0.01,-0.02,-0.37,12072.23,200.0,0.0,0.0,0.0,
1770044655730620331,9238,0.0,0.7,0.0,0.5,0.06,-0.06,0.0,-1.63,-5.75,0.0,-0.03,-0.4,12070.34,202.0,0.0,0.0,0.0,
1770044655849389183,9360,0.0,0.9,0.0,0.3,0.0,0.02,0.0,-1.63,-5.75,0.0,-0.04,-0.4,12072.23,205.0,0.0,0.0,0.0,
1770044655968166720,9480,0.0,0.8,0.0,0.3,0.0,0.02,0.0,-1.63,-5.75,-0.01,-0.02,-0.4,12072.4,203.0,0.0,0.0,0.0,
1770044656082843850,9601,0.0,0.6,0.0,0.4,-0.02,-0.16,0.0,-1.63,-5.75,0.0,-0.02,-0.4,12073.6,203.0,0.0,0.0,0.0,
1770044656205794813,9714,0.0,1.4,0.0,0.9,-0.08,-0.1,0.0,-1.63,-5.75,0.0,-0.02,-0.41,12072.06,201.0,0.0,0.0,0.0,
1770044656324505720,9836,0.0,1.1,0.0,0.4,0.0,-0.12,0.0,-1.63,-5.75,0.0,-0.01,-0.4,12072.57,197.0,0.0,0.0,0.0,
1770044656443259979,9956,0.0,0.1,0.0,1.4,-0.06,-0.1,0.0,-1.63,-5.75,-0.02,-0.02,-0.38,12073.08,201.0,0.0,0.0,0.0,
1770044656557961442,10076,0.0,0.2,0.0,0.2,0.0,-0.1,0.0,-1.63,-5.75,0.0,-0.02,-0.4,12072.74,201.0,0.0,0.0,0.0,
1770044656676726238,10189,0.0,1.5,0.0,0.3,-0.1,-0.14,0.0,-1.63,-5.75,0.0,-0.05,-0.4,12072.23,207.0,0.0,0.0,0.0,
1770044656807627923,10309,0.0,1.2,0.0,0.5,0.0,0.02,0.0,-1.63,-5.75,-0.01,-0.04,-0.4,12072.06,199.0,0.0,0.0,0.0,
1770044656918383942,10431,0.0,1.2,0.0,0.3,-0.02,-0.14,0.0,-1.63,-5.75,0.0,-0.03,-0.41,12074.97,201.0,0.0,0.0,0.0,
1770044657041288442,10551,0.0,1.2,0.0,0.6,0.06,-0.02,0.0,-1.63,-5.75,0.02,-0.04,-0.4,12076.34,201.0,0.0,0.0,0.0,
1770044657160036812,10673,0.0,1.6,0.0,0.3,-0.02,-0.1,0.0,-1.63,-5.75,0.01,-0.04,-0.43,12077.2,195.0,0.0,0.0,0.0,
1770044657282946627,10792,0.0,0.9,0.0,0.4,-0.1,-0.1,0.0,-1.63,-5.75,0.0,-0.03,-0.39,12076.34,201.0,0.0,0.0,0.0,
1770044657405824182,10912,0.0,0.9,0.0,0.3,-0.06,-0.04,0.0,-1.63,-5.75,0.0,-0.04,-0.4,12075.66,196.0,0.0,0.0,0.0,
1770044657520492923,11036,0.0,0.9,0.0,0.2,-0.06,-0.14,0.0,-1.63,-5.75,0.0,-0.04,-0.4,12078.4,196.0,0.0,0.0,0.0,
1770044657735623126,11150,0.0,0.9,0.0,0.3,-0.16,-0.06,0.0,-1.63,-5.75,0.0,-0.03,-0.4,12076.0,195.0,0.0,0.0,0.0,
1770044657758064034,11268,0.0,1.0,0.0,0.6,-0.04,-0.06,0.0,-1.63,-5.75,-0.01,-0.03,-0.4,12076.0,195.0,0.0,0.0,0.0,
1770044657880929849,11387,0.0,0.6,0.0,1.4,-0.1,-0.08,0.0,-1.63,-5.75,0.0,-0.02,-0.42,12075.49,207.0,0.0,0.0,0.0,
1770044657995628515,11510,0.0,0.7,0.0,0.4,0.0,-0.08,0.0,-1.63,-5.75,0.0,-0.03,-0.39,12076.86,207.0,0.0,0.0,0.0,
1770044658110257200,11624,0.0,1.1,0.0,0.2,-0.08,0.08,0.0,-1.63,-5.75,0.0,-0.02,-0.39,12078.06,203.0,0.0,0.0,0.0,
1770044658233189367,11742,0.0,1.2,0.0,0.3,0.06,-0.02,0.0,-1.63,-5.75,0.0,-0.02,-0.41,12075.14,200.0,0.0,0.0,0.0,
1770044658351967478,11862,0.0,1.2,0.0,0.2,-0.06,-0.1,0.0,-1.63,-5.75,0.0,-0.02,-0.38,12074.29,207.0,0.0,0.0,0.0,
1770044658466618163,11980,0.0,1.3,0.0,0.5,-0.06,-0.02,0.0,-1.63,-5.75,-0.01,-0.02,-0.41,12075.66,207.0,0.0,0.0,0.0,
1770044658585426922,12098,0.0,1.1,0.0,0.6,0.0,-0.04,0.0,-1.63,-5.75,0.0,-0.03,-0.4,12074.8,193.0,0.0,0.0,0.0,
1770044658704166941,12216,0.0,1.5,0.0,0.2,-0.12,-0.14,0.0,-1.63,-5.75,0.0,-0.01,-0.41,12075.49,198.0,0.0,0.0,0.0,
1770044658827075811,12336,0.0,1.4,0.0,0.2,-0.04,0.0,0.0,-1.63,-5.75,0.0,-0.03,-0.4,12075.83,199.0,0.0,0.0,0.0,
1770044658941736774,12455,0.0,0.9,0.0,1.5,-0.08,0.0,0.0,-1.63,-5.75,0.0,-0.02,-0.4,12076.0,199.0,0.0,0.0,0.0,
1770044659060519570,12573,0.0,0.1,0.0,1.4,0.0,-0.02,0.0,-1.63,-5.75,-0.01,-0.03,-0.41,12075.14,204.0,0.0,0.0,0.0,
1770044659179295885,12692,0.0,0.2,0.0,1.5,-0.02,-0.12,0.0,-1.63,-5.75,0.0,-0.04,-0.42,12076.86,206.0,0.0,0.0,0.0,
1770044659302238311,12811,0.0,1.4,0.0,0.4,0.02,-0.18,0.0,-1.63,-5.75,0.0,-0.02,-0.41,12074.97,200.0,0.0,0.0,0.0,
1770044659420996977,12931,0.0,0.6,0.0,1.5,0.04,-0.02,0.0,-1.63,-5.75,-0.01,-0.01,-0.39,12074.8,201.0,0.0,0.0,0.0,
1770044659539762977,13051,0.0,1.3,0.0,0.3,0.1,-0.08,0.0,-1.63,-5.75,0.01,-0.03,-0.39,12077.89,201.0,0.0,0.0,0.0,
1770044659658540662,13168,0.0,1.3,0.0,1.2,-0.04,0.02,0.0,-1.63,-5.75,0.0,-0.02,-0.39,12078.92,201.0,0.0,0.0,0.0,
1770044659907642699,13287,0.0,0.7,0.0,0.6,-0.16,-0.18,0.0,-1.63,-5.75,0.02,-0.02,-0.43,12077.72,205.0,0.0,0.0,0.0,
1770044659978025162,13406,0.0,0.7,0.0,0.2,-0.04,0.0,0.0,-1.63,-5.75,0.0,-0.05,-0.39,12077.72,205.0,0.0,0.0,0.0,
1770044660010787125,13519,0.0,0.8,0.0,1.4,-0.1,-0.02,0.0,-1.63,-5.75,0.0,-0.02,-0.4,12075.49,194.0,0.0,0.0,0.0,
1770044660137752662,13638,0.0,1.2,0.0,0.3,-0.1,-0.04,0.0,-1.63,-5.75,-0.02,-0.03,-0.4,12075.31,204.0,0.0,0.0,0.0,
1770044660260627347,13768,0.0,1.3,0.0,0.1,-0.14,0.06,0.0,-1.63,-5.75,0.0,-0.03,-0.4,12075.49,199.0,0.0,0.0,0.0,
1770044660379410292,13888,0.0,1.4,0.0,1.3,-0.06,-0.18,0.0,-1.63,-5.75,0.0,-0.02,-0.41,12074.8,200.0,0.0,0.0,0.0,
1770044660494094236,14009,0.0,0.3,0.0,0.2,-0.2,-0.08,0.0,-1.63,-5.75,0.0,-0.03,-0.41,12074.8,200.0,0.0,0.0,0.0,
1770044660616978125,14124,0.0,0.7,0.0,0.5,-0.12,-0.06,0.0,-1.63,-5.75,0.0,-0.04,-0.38,12077.37,207.0,0.0,0.0,0.0,
1770044660747628977,14245,0.0,1.0,0.0,0.2,-0.06,0.0,0.0,-1.63,-5.75,0.0,-0.02,-0.38,12075.66,203.0,0.0,0.0,0.0,
1770044660854528032,14364,0.036,0.2,0.0,1.5,0.04,-0.06,0.0,-1.63,-5.75,0.01,-0.03,-0.4,12076.0,201.0,0.0,0.0,0.0,
1770044660969216736,14484,0.0,0.1,0.0,1.6,-0.02,-0.08,0.0,-1.63,-5.75,0.01,-0.03,-0.41,12077.54,201.0,0.0,0.0,0.0,
1770044661087998291,14597,0.0,0.2,0.0,1.4,-0.04,-0.02,0.0,-1.63,-5.75,0.0,-0.02,-0.4,12075.31,204.0,0.0,0.0,0.0,
1770044661210879106,14716,0.0,0.1,0.0,1.4,-0.14,-0.02,0.0,-1.63,-5.75,0.01,-0.03,-0.41,12076.17,207.0,0.0,0.0,0.0,
1770044661329645624,14839,0.0,1.2,0.0,0.4,0.08,-0.08,0.0,-1.63,-5.75,0.0,-0.01,-0.39,12073.77,203.0,0.0,0.0,0.0,
1770044661444335254,14959,0.0,1.2,0.0,0.3,-0.08,-0.08,0.0,-1.63,-5.75,-0.01,-0.03,-0.38,12075.66,203.0,0.0,0.0,0.0,
1770044661563127958,15073,0.0,1.1,0.0,0.2,0.0,-0.18,0.0,-1.63,-5.75,0.0,-0.03,-0.4,12074.29,202.0,0.0,0.0,0.0,
1770044661685986013,15192,0.0,1.2,0.0,0.5,0.0,0.04,0.0,-1.63,-5.75,0.0,-0.02,-0.4,12075.49,209.0,0.0,0.0,0.0,
1770044661815641531,15313,0.0,1.2,0.0,0.1,-0.02,-0.08,0.0,-1.63,-5.75,0.01,-0.04,-0.41,12076.69,201.0,0.0,0.0,0.0,
1770044661919460735,15433,0.0,1.2,0.0,0.3,0.06,-0.02,0.0,-1.63,-5.75,0.0,-0.05,-0.4,12077.54,201.0,0.0,0.0,0.0,
1770044662038247328,15547,0.0,1.2,0.0,0.5,-0.12,-0.08,0.0,-1.63,-5.75,0.0,0.0,-0.38,12076.17,200.0,0.0,0.0,0.0,
1770044662157013679,15666,0.0,0.6,0.0,1.2,-0.1,-0.04,0.0,-1.63,-5.75,-0.01,-0.04,-0.39,12076.52,197.0,0.0,0.0,0.0,
1770044662279897864,15785,0.0,0.9,0.0,0.2,0.08,-0.02,0.0,-1.63,-5.75,0.0,-0.01,-0.43,12075.83,196.0,0.0,0.0,0.0,
1770044662394578087,15908,0.0,0.7,0.0,0.5,-0.04,-0.06,0.0,-1.63,-5.75,0.0,-0.03,-0.37,12076.0,196.0,0.0,0.0,0.0,
1770044662513359827,16021,0.0,0.9,0.0,0.3,-0.08,-0.02,0.0,-1.63,-5.75,0.0,-0.01,-0.43,12076.17,202.0,0.0,0.0,0.0,
1770044662628108068,16140,0.0,0.9,0.0,0.1,-0.04,-0.2,0.0,-1.63,-5.75,0.0,-0.03,-0.42,12075.14,209.0,0.0,0.0,0.0,
1770044662750983438,16257,0.0,0.4,0.0,1.4,-0.02,0.12,0.0,-1.63,-5.75,0.01,-0.04,-0.36,12077.37,205.0,0.0,0.0,0.0,
1770044662865664123,16377,0.0,0.3,0.0,1.3,0.1,0.02,0.0,-1.63,-5.75,0.01,-0.03,-0.43,12076.34,205.0,0.0,0.0,0.0,
1770044663103664308,16493,0.0,0.1,0.0,0.6,0.04,-0.02,0.0,-1.63,-5.75,0.01,-0.03,-0.39,12075.31,198.0,0.0,0.0,0.0,
1770044663114898883,16611,0.0,1.3,0.0,0.5,-0.1,0.02,0.0,-1.63,-5.75,0.0,-0.03,-0.39,12074.63,203.0,0.0,0.0,0.0,
1770044663230171271,16731,0.0,0.4,0.0,0.3,-0.06,-0.06,0.0,-1.63,-5.75,0.0,-0.03,-0.4,12075.49,203.0,0.0,0.0,0.0,
1770044663344844753,16858,0.0,0.8,0.0,0.2,-0.16,-0.16,0.0,-1.63,-5.75,-0.01,-0.04,-0.4,12075.83,203.0,0.0,0.0,0.0,
1770044663467734771,16973,0.0,0.9,0.0,0.2,-0.06,-0.06,0.0,-1.63,-5.75,-0.02,-0.06,-0.4,12078.06,203.0,0.0,0.0,0.0,
1770044663586534864,17094,0.0,0.9,0.0,0.6,-0.04,0.0,0.0,-1.63,-5.75,0.0,-0.03,-0.41,12077.54,206.0,0.0,0.0,0.0,
1770044663705249438,17215,0.0,-0.1,0.0,1.5,-0.08,-0.1,0.0,-1.63,-5.75,0.0,-0.04,-0.41,12075.49,197.0,0.0,0.0,0.0,
1770044663819999808,17335,0.0,0.1,0.0,1.3,-0.04,-0.08,0.0,-1.63,-5.75,0.01,-0.03,-0.42,12077.72,197.0,0.0,0.0,0.0,
1770044663942858752,17448,0.0,0.4,0.0,1.4,0.04,-0.12,0.0,-1.63,-5.75,0.01,-0.03,-0.42,12075.49,194.0,0.0,0.0,0.0,
1770044664065744234,17571,0.0,0.3,0.0,0.6,0.04,0.1,0.0,-1.63,-5.75,0.0,-0.02,-0.39,12074.8,194.0,0.0,0.0,0.0,
1770044664184535697,17691,0.0,0.7,0.0,0.1,-0.1,-0.16,0.0,-1.63,-5.75,0.0,-0.04,-0.4,12075.66,211.0,0.0,0.0,0.0,
1770044664299174178,17812,0.0,0.9,0.0,1.4,0.0,0.0,0.0,-1.63,-5.75,0.0,-0.03,-0.39,12077.37,211.0,0.0,0.0,0.0,
1770044664427976863,17925,0.0,0.4,0.0,0.3,0.0,0.04,0.0,-1.63,-5.75,0.02,-0.05,-0.4,12076.0,198.0,0.0,0.0,0.0,
1770044664540866567,18048,0.0,1.2,0.0,0.6,-0.06,-0.08,0.0,-1.63,-5.75,0.0,-0.02,-0.43,12075.66,204.0,0.0,0.0,0.0,
1770044664755671307,18166,9.052,3.2,10.68,0.2,-0.06,-0.02,0.0,-1.63,-5.75,0.01,-0.03,-0.42,12076.69,193.0,0.0,0.0,0.0,
1770044664774351382,18286,9.112,4.5,10.668,0.2,0.0,-0.02,0.0,-1.63,-5.75,0.0,-0.05,-0.42,12079.6,193.0,0.0,0.0,0.0,
1770044664915669863,18401,9.124,4.4,10.668,1.1,0.02,-0.16,0.0,-1.63,-5.75,-0.03,-0.04,-0.4,12078.23,195.0,0.0,0.0,0.0,
1770044665015990159,18520,8.8,5.0,10.676,0.3,0.04,-0.04,0.0,-1.63,-5.75,-0.01,-0.04,-0.41,12075.31,204.0,0.0,0.0,0.0,
1770044665134774826,18642,8.8,4.9,10.684,0.2,-0.12,-0.14,0.0,-1.63,-5.75,0.0,-0.03,-0.42,12075.49,208.0,0.0,0.0,0.0,
1770044665249471548,18761,9.832,4.2,9.404,0.2,0.0,-0.06,0.0,-1.63,-5.75,-0.01,-0.02,-0.42,12076.52,208.0,0.0,0.0,0.0,
1770044665368196622,18876,9.064,4.1,10.688,0.3,-0.04,-0.04,0.0,-1.63,-5.75,0.0,-0.02,-0.4,12076.86,208.0,0.0,0.0,0.0,
1770044665487025177,18995,9.052,4.0,10.688,0.0,-0.14,-0.08,0.0,-1.63,-5.75,0.0,-0.01,-0.42,12077.03,201.0,0.0,0.0,0.0,
1770044665609893455,19115,9.048,4.2,9.272,1.1,-0.1,-0.14,0.0,-1.63,-5.75,-0.06,0.0,-0.37,12076.52,202.0,0.0,0.0,0.0,
1770044665831656159,19237,10.748,4.2,10.668,0.2,0.02,-0.2,0.0,-1.63,-5.75,0.0,-0.04,-0.4,12077.89,202.0,0.0,0.0,0.0,
1770044665843367714,19351,8.808,4.6,9.532,0.9,-0.08,-0.1,0.0,-1.63,-5.75,0.0,-0.04,-0.39,12076.34,203.0,0.0,0.0,0.0,
1770044665962137529,19470,10.748,4.3,9.472,0.8,-0.1,0.0,0.0,-1.63,-5.75,0.02,-0.01,-0.4,12076.17,200.0,0.0,0.0,0.0,
1770044666085016566,19589,10.744,4.0,9.476,0.5,0.02,0.0,0.0,-1.63,-5.75,0.0,-0.03,-0.4,12075.66,198.0,0.0,0.0,0.0,
1770044666199729770,19712,9.048,4.2,10.684,0.2,-0.04,-0.14,0.0,-1.63,-5.75,0.0,0.0,-0.4,12074.8,198.0,0.0,0.0,0.0,
1770044666326633695,19825,9.108,4.0,10.672,0.1,-0.02,-0.14,0.0,-1.63,-5.75,-0.01,-0.03,-0.4,12076.69,201.0,0.0,0.0,0.0,
1770044666445412473,19951,9.124,3.9,10.664,0.2,-0.02,-0.12,0.0,-1.63,-5.75,0.0,-0.01,-0.41,12076.17,203.0,0.0,0.0,0.0,
1770044666568336955,20072,9.12,4.0,10.664,-0.1,-0.08,-0.16,0.0,-1.63,-5.75,0.01,-0.01,-0.41,12074.8,195.0,0.0,0.0,0.0,
1770044666787669991,20193,9.084,4.2,9.336,1.1,-0.06,-0.16,0.0,-1.63,-5.75,0.0,-0.04,-0.4,12070.86,198.0,0.0,0.0,0.0,
1770044666801791232,20317,10.46,4.4,9.424,0.1,-0.1,-0.08,0.0,-1.63,-5.75,-0.01,0.0,-0.42,12072.74,198.0,0.0,0.0,0.0,
1770044666920577714,20427,9.116,4.2,10.688,-0.1,-0.02,-0.12,0.0,-1.63,-5.75,0.0,-0.04,-0.4,12072.57,200.0,0.0,0.0,0.0,
1770044667039401491,20546,9.1,4.0,10.68,0.1,0.04,-0.06,0.0,-1.63,-5.75,0.0,-0.02,-0.39,12070.17,203.0,0.0,0.0,0.0,
1770044667162180713,20667,9.084,4.1,10.668,0.0,-0.1,0.0,0.0,-1.63,-5.75,0.01,-0.02,-0.43,12072.06,200.0,0.0,0.0,0.0,
1770044667276881713,20790,9.052,4.1,10.676,0.1,0.08,-0.14,0.0,-1.63,-5.75,-0.01,-0.01,-0.41,12072.91,200.0,0.0,0.0,0.0,
1770044667395658954,20903,9.052,4.0,9.256,1.1,0.0,-0.16,0.0,-1.63,-5.75,0.0,-0.02,-0.43,12072.4,201.0,0.0,0.0,0.0,
1770044667514468935,21022,10.744,4.2,9.24,1.1,-0.02,0.12,0.0,-1.63,-5.75,0.0,-0.03,-0.43,12076.86,202.0,0.0,0.0,0.0,
1770044667633245343,21141,10.74,4.2,9.22,1.0,0.04,0.02,0.0,-1.63,-5.75,0.0,-0.03,-0.39,12074.63,196.0,0.0,0.0,0.0,
1770044667752030528,21261,10.748,4.2,9.22,1.0,-0.18,-0.08,0.0,-1.63,-5.75,0.0,-0.02,-0.4,12076.86,196.0,0.0,0.0,0.0,
1770044667883690287,21378,9.412,4.8,10.788,0.7,-0.12,-0.16,0.0,-1.63,-5.75,-0.01,0.0,-0.42,12075.83,205.0,0.0,0.0,0.0,
1770044667989575454,21496,9.132,4.1,10.668,0.2,-0.14,-0.06,0.0,-1.63,-5.75,-0.02,0.0,-0.41,12074.29,201.0,0.0,0.0,0.0,
1770044668108366120,21614,9.056,3.9,9.264,1.2,-0.06,0.0,0.0,-1.63,-5.75,0.0,-0.03,-0.4,12075.83,203.0,0.0,0.0,0.0,
1770044668223077139,21734,10.76,4.2,10.688,0.1,-0.08,0.04,0.0,-1.63,-5.75,0.0,-0.01,-0.41,12076.86,203.0,0.0,0.0,0.0,
1770044668341794305,21850,8.884,4.5,10.676,-0.1,-0.02,-0.04,0.0,-1.63,-5.75,0.0,-0.01,-0.41,12076.69,200.0,0.0,0.0,0.0,
1770044668460610768,21968,8.864,4.5,10.672,0.0,-0.08,-0.02,0.0,-1.63,-5.75,0.03,-0.03,-0.41,12074.97,200.0,0.0,0.0,0.0,
1770044668579336046,22087,8.784,4.6,10.68,0.0,-0.02,0.0,0.0,-1.63,-5.75,0.0,-0.03,-0.4,12073.43,207.0,0.0,0.0,0.0,
1770044668694074416,22207,8.872,4.6,10.692,0.1,0.08,0.06,0.0,-1.63,-5.75,-0.01,-0.03,-0.42,12077.89,207.0,0.0,0.0,0.0,
1770044668907664027,22318,9.116,4.2,9.224,1.1,0.04,-0.04,0.0,-1.63,-5.75,0.0,-0.03,-0.39,12076.52,200.0,0.0,0.0,0.0,
1770044668941664398,22439,10.744,4.2,9.252,1.2,0.02,-0.08,0.0,-1.63,-5.75,0.02,-0.02,-0.42,12075.49,203.0,0.0,0.0,0.0,
1770044669042189620,22559,10.748,4.1,10.524,0.1,-0.14,-0.16,0.0,-1.63,-5.75,0.0,-0.01,-0.4,12077.03,203.0,0.0,0.0,0.0,
1770044669160981138,22670,8.812,4.9,10.68,0.2,0.06,-0.08,0.0,-1.63,-5.75,0.01,-0.02,-0.4,12076.52,200.0,0.0,0.0,0.0,
1770044669283827805,22788,8.804,4.4,9.508,0.7,-0.08,-0.12,0.0,-1.63,-5.75,0.0,-0.04,-0.39,12077.2,204.0,0.0,0.0,0.0,
1770044669414920897,22907,10.74,4.4,9.424,1.0,-0.04,0.1,0.0,-1.63,-5.75,0.0,-0.01,-0.4,12077.54,199.0,0.0,0.0,0.0,
1770044669533768749,23038,9.044,5.6,10.668,0.1,0.02,0.27,0.0,-1.63,-5.75,0.01,-0.03,-0.41,12075.66,191.0,0.0,0.0,0.0,
1770044669648421768,23158,9.104,5.1,10.656,0.1,-0.06,0.31,0.0,-1.63,-5.75,0.0,0.0,-0.4,12076.34,191.0,0.0,0.0,0.0,
1770044669783671101,23272,9.112,5.7,10.66,0.0,-0.12,0.27,0.0,-1.63,-5.75,-0.01,-0.02,-0.4,12076.17,202.0,0.0,0.0,0.0,
1770044669890061767,23392,9.1,5.3,10.648,0.0,-0.1,0.21,0.0,-1.63,-5.75,0.01,0.0,-0.43,12075.49,200.0,0.0,0.0,0.0,
1770044670008835415,23515,9.088,5.5,10.668,0.0,0.1,0.18,0.0,-1.63,-5.75,-0.01,-0.01,-0.39,12074.97,199.0,0.0,0.0,0.0,
1770044670123530267,23633,9.108,4.8,10.66,0.0,0.2,0.29,0.0,-1.63,-5.75,0.0,-0.02,-0.41,12076.52,199.0,0.0,0.0,0.0,
1770044670242318323,23748,9.036,5.1,10.68,-0.2,0.08,0.14,0.0,-1.63,-5.75,0.01,-0.04,-0.41,12076.52,207.0,0.0,0.71,0.0,0.0
1770044670361029971,23867,9.68,27.7,10.536,0.6,-0.06,2.11,0.0,-1.63,-5.75,-0.01,-0.02,-0.39,12073.26,201.0,0.0,2.81,0.0,0.0
1770044670483955082,23988,8.864,27.5,10.612,0.4,-0.1,1.52,0.0,-1.63,-5.75,0.01,-0.02,-0.4,12074.8,195.0,0.0,0.0,0.0,
1770044670598651360,24111,10.66,26.7,10.24,0.9,0.0,1.43,0.0,-1.63,-5.75,0.0,-0.02,-0.39,12077.37,195.0,0.0,0.0,0.0,
1770044670731683174,24223,8.864,25.2,10.348,-0.2,0.0,1.39,0.0,-1.63,-5.75,0.0,-0.01,-0.4,12077.37,200.0,0.0,0.0,0.0,
1770044670836212563,24342,9.572,28.1,10.616,-0.1,-0.1,1.56,0.0,-1.63,-5.75,-0.02,-0.01,-0.39,12075.31,203.0,0.0,0.0,0.0,
1770044670959100507,24462,9.032,24.6,10.52,0.1,-0.12,1.6,0.0,-1.63,-5.75,0.01,-0.02,-0.4,12074.97,198.0,0.0,0.0,0.0,
1770044671073773288,24585,9.064,26.7,10.596,1.1,0.04,1.64,0.0,-1.63,-5.75,0.0,-0.02,-0.42,12075.83,198.0,0.0,0.0,0.0,
1770044671192571236,24697,9.12,27.2,10.6,0.9,0.02,1.43,0.0,-1.63,-5.75,0.0,-0.02,-0.4,12076.52,202.0,0.0,0.0,0.0,
1770044671311286626,24816,9.14,24.8,10.448,0.6,0.06,1.62,0.0,-1.63,-5.75,0.0,0.0,-0.39,12075.66,204.0,0.0,0.0,0.0,
1770044671430121909,24935,10.612,24.3,10.632,-0.8,0.1,1.41,0.0,-1.63,-5.75,0.0,0.0,-0.39,12075.31,198.0,0.0,0.0,0.0,
1770044671548900764,25056,10.68,26.4,10.736,-0.1,-0.04,1.58,0.0,-1.63,-5.75,0.01,-0.02,-0.43,12077.54,198.0,0.0,0.0,0.0,
1770044671667693026,25172,9.068,26.2,10.64,-0.8,0.0,1.54,0.0,-1.63,-5.75,-0.03,-0.02,-0.41,12077.54,197.0,0.0,0.0,0.0,
1770044671786488363,25291,10.416,24.7,10.628,-0.4,-0.06,1.54,0.0,-1.63,-5.75,0.0,-0.01,-0.39,12073.26,204.0,0.0,0.0,0.0,
1770044671905246940,25410,8.888,28.6,10.568,1.0,0.0,1.52,0.0,-1.63,-5.75,0.01,0.0,-0.41,12073.6,195.0,0.0,0.0,0.0,
1770044672024030952,25530,8.92,26.0,10.684,-0.8,-0.06,1.5,0.0,-1.63,-5.75,0.0,-0.02,-0.4,12077.54,195.0,0.0,0.0,0.0,
1770044672142815531,25647,9.164,26.3,10.62,0.6,0.04,1.41,0.0,-1.63,-5.75,0.0,-0.02,-0.41,12078.4,210.0,0.0,0.0,0.0,
1770044672261591481,25766,9.588,27.2,10.592,0.3,0.06,1.6,0.0,-1.63,-5.75,0.0,-0.02,-0.41,12073.77,205.0,0.0,0.0,0.0,
1770044672380347115,25885,9.08,27.1,10.616,-0.1,-0.1,1.54,0.0,-1.63,-5.75,0.0,0.0,-0.41,12074.97,203.0,0.0,0.0,0.0,
1770044672509226632,26004,10.644,27.7,10.6,0.1,0.04,1.68,0.0,-1.63,-5.75,0.01,-0.01,-0.4,12077.03,203.0,0.0,0.0,0.0,
1770044672626135631,26125,10.684,27.9,9.908,0.7,0.0,1.76,0.0,-1.63,-5.75,0.0,-0.01,-0.41,12076.86,196.0,0.0,0.0,0.0,
1770044672991668767,26249,8.972,27.6,10.608,0.4,-0.08,1.8,0.0,-1.63,-5.75,0.01,0.0,-0.42,12075.49,198.0,0.0,0.0,0.0,
1770044673003165662,26369,8.984,29.4,10.608,-0.9,-0.02,1.6,0.0,-1.63,-5.75,0.0,0.0,-0.4,12073.43,200.0,0.0,0.0,0.0,
1770044673068499319,26488,8.968,26.4,10.612,0.7,-0.08,1.7,0.0,-1.63,-5.75,0.0,-0.02,-0.4,12073.43,200.0,0.0,0.0,0.0,
1770044673101326031,26602,9.96,29.4,10.588,-0.4,-0.04,1.76,0.0,-1.63,-5.75,0.01,-0.03,-0.4,12073.6,197.0,0.0,0.0,0.0,
1770044673220053382,26724,9.1,27.9,10.364,1.1,0.06,1.56,0.0,-1.63,-5.75,0.0,0.0,-0.44,12071.88,201.0,0.0,0.0,0.0,
1770044673338816048,26843,9.16,25.4,10.636,0.0,-0.06,1.64,0.0,-1.63,-5.75,0.0,-0.03,-0.38,12070.51,196.0,0.0,0.0,0.0,
1770044673453488015,26962,8.976,28.6,10.472,0.1,0.06,1.66,0.0,-1.63,-5.75,0.0,-0.03,-0.4,12072.06,196.0,0.0,0.0,0.0,
1770044673572309387,27077,9.068,29.0,10.588,0.0,0.02,1.8,0.0,-1.63,-5.75,0.0,-0.02,-0.4,12072.74,197.0,0.0,0.0,0.0,
1770044673695178494,27196,9.044,30.0,10.312,1.4,-0.06,1.7,0.0,-1.63,-5.75,0.02,-0.03,-0.39,12071.71,204.0,0.0,0.0,0.0,
1770044673813981810,27319,9.112,28.0,10.272,0.2,-0.1,1.6,0.0,-1.63,-5.75,-0.01,-0.04,-0.41,12070.86,193.0,0.0,0.0,0.0,
1770044673928653721,27438,10.652,25.5,10.616,0.6,-0.12,1.74,0.0,-1.63,-5.75,0.01,-0.02,-0.42,12073.77,193.0,0.0,0.0,0.0,
1770044674047481771,27552,10.648,27.5,10.624,-1.0,-0.14,1.74,0.0,-1.63,-5.75,0.0,-0.02,-0.4,12072.91,200.0,0.0,0.0,0.0,
1770044674170308933,27671,9.08,26.5,10.604,0.0,-0.12,1.62,0.0,-1.63,-5.75,0.0,-0.02,-0.41,12071.54,199.0,0.0,0.0,0.0,
1770044674289060531,27793,9.792,26.3,10.608,0.5,0.0,1.64,0.0,-1.63,-5.75,0.01,-0.02,-0.38,12071.2,206.0,0.0,0.0,0.0,
1770044674403747991,27912,9.0,29.1,10.632,-0.1,-0.18,1.68,0.0,-1.63,-5.75,0.0,-0.01,-0.4,12072.06,206.0,0.0,0.0,0.0,
1770044674522556591,28026,9.396,27.7,10.612,-0.3,0.0,1.62,0.0,-1.63,-5.75,0.0,-0.04,-0.41,12073.43,195.0,0.0,0.0,0.0,
1770044674641351819,28145,8.852,25.4,10.612,-0.7,-0.1,1.56,0.0,-1.63,-5.75,0.0,-0.02,-0.41,12073.08,202.0,0.0,0.0,0.0,
1770044674764222038,28265,8.972,28.1,10.616,0.5,-0.02,1.72,0.0,-1.63,-5.75,0.0,-0.04,-0.4,12070.34,196.0,0.0,0.0,0.0,
1770044674882999081,28388,8.888,27.3,9.336,1.4,0.06,1.48,0.0,-1.63,-5.75,0.02,-0.01,-0.39,12072.74,212.0,0.0,0.0,0.0,
1770044675223675798,28507,10.596,26.3,9.196,0.5,0.02,1.6,0.0,-1.63,-5.75,0.0,-0.01,-0.38,12072.4,212.0,0.0,0.0,0.0,
1770044675239379523,28621,10.172,24.8,10.528,1.3,0.1,1.62,0.0,-1.63,-5.75,-0.01,-0.01,-0.41,12071.37,199.0,0.0,0.0,0.0,
1770044675247742590,28740,10.432,26.8,9.32,-0.5,-0.35,1.74,0.0,-1.63,-5.75,0.01,-0.02,-0.39,12070.51,202.0,0.0,0.0,0.0,
1770044675354002466,28862,9.588,25.7,9.3,-0.8,-0.43,1.6,0.0,-1.63,-5.75,0.0,0.0,-0.42,12070.0,202.0,0.0,0.0,0.0,
1770044675472827711,28975,10.56,28.0,10.58,-1.1,-0.47,1.6,0.0,-1.63,-5.75,0.0,-0.02,-0.41,12070.51,196.0,0.0,0.0,0.0,
1770044675599788278,29093,10.668,28.3,10.572,-0.6,-0.55,1.52,0.0,-1.63,-5.75,0.0,-0.02,-0.4,12071.03,199.0,0.0,0.0,0.0,
1770044675718595226,29220,10.54,27.4,10.572,-7.2,-1.09,1.7,0.0,-1.63,-5.75,-0.01,-0.02,-0.38,12070.86,197.0,0.0,0.0,0.0,
1770044675841447344,29342,10.58,26.0,10.548,-8.3,-1.07,1.54,0.0,-1.63,-5.75,0.0,-0.02,-0.42,12070.68,198.0,0.0,0.0,0.0,
1770044675956146270,29465,10.644,25.4,10.412,-5.9,-1.05,1.62,0.0,-1.63,-5.75,0.0,-0.02,-0.42,12071.54,198.0,0.0,0.0,0.0,
1770044676074936874,29580,8.764,26.6,10.556,-6.6,-0.9,1.5,0.0,-1.63,-5.75,0.0,-0.02,-0.41,12071.2,199.0,0.0,0.0,0.0,
1770044676197831365,29698,8.968,23.5,10.168,-13.3,-1.35,1.56,0.0,-1.63,-5.75,0.0,-0.02,-0.4,12062.62,203.0,5.66,0.0,0.0,0.0
1770044676320700263,29818,9.532,26.7,9.44,-3.4,-0.29,1.62,0.0,-1.63,-5.75,0.0,-0.02,-0.4,12060.39,203.0,7.65,0.0,0.0,0.0
1770044676431199032,29942,10.144,25.2,10.508,-5.5,-0.55,1.6,0.0,-1.63,-5.75,0.0,-0.03,-0.41,12065.54,203.0,6.53,0.0,0.0,0.0
1770044676554153487,30056,9.092,28.2,10.592,-2.9,-0.35,1.6,0.0,-1.63,-5.75,0.0,-0.02,-0.4,12072.74,203.0,2.09,0.0,0.0,0.0
1770044676672920571,30177,10.424,24.6,10.396,-14.5,-1.66,1.68,0.0,-1.63,-5.75,0.0,-0.03,-0.41,12071.54,200.0,0.0,0.0,0.0,
1770044676895668327,30297,10.368,23.4,10.436,-13.8,-1.43,1.5,0.0,-1.63,-5.75,0.01,-0.04,-0.41,12071.37,201.0,0.0,0.0,0.0,
1770044676910506518,30415,10.424,26.2,10.396,-13.8,-1.54,1.68,0.0,-1.63,-5.75,0.0,-0.02,-0.4,12074.8,201.0,0.0,0.0,0.0,
1770044677029273482,30531,10.084,25.4,10.404,-10.5,-1.52,1.66,0.0,-1.63,-5.75,0.0,-0.02,-0.39,12072.4,203.0,0.0,0.0,0.0,
1770044677152158928,30653,9.86,25.4,10.396,-11.3,-1.39,1.68,0.0,-1.63,-5.75,-0.01,-0.03,-0.41,12070.0,199.0,0.0,0.0,0.0,
1770044677270967343,30774,9.188,25.8,10.444,-1.0,-0.43,1.52,0.0,-1.63,-5.75,0.0,-0.03,-0.39,12070.17,195.0,0.71,0.0,0.0,0.0
1770044677389677368,30894,8.82,26.0,10.6,0.2,-0.08,1.54,0.0,-1.63,-5.75,0.0,-0.02,-0.42,12073.26,195.0,0.0,0.0,0.0,
1770044677508502894,31010,10.564,27.2,10.6,0.3,0.04,1.68,0.0,-1.63,-5.75,0.01,-0.03,-0.42,12073.94,205.0,0.0,0.0,0.0,
1770044677627289809,31130,8.92,25.7,10.564,-5.8,1.02,1.68,0.0,-1.63,-5.75,-0.01,-0.02,-0.4,12068.45,201.0,3.54,0.0,0.0,0.0
1770044677750161440,31251,8.872,26.6,10.576,-12.4,0.64,1.6,0.0,-1.63,-5.75,0.0,-0.03,-0.4,12049.76,201.0,15.31,0.0,0.0,0.0
1770044677864851712,31372,10.604,25.3,10.548,-33.6,1.27,1.72,0.0,-1.63,-5.75,0.0,-0.02,-0.37,12055.42,201.0,15.24,0.0,0.0,0.0
1770044677963153321,31486,9.024,24.5,9.388,-43.3,1.76,1.6,0.0,-1.19,-5.75,-0.18,-0.21,-0.56,191.57,197.0,17.18,0.0,0.0,0.0
1770044678086024967,31586,9.508,25.8,9.876,-71.5,1.84,1.76,0.06,-0.19,-5.75,0.39,0.02,-0.37,12051.13,197.0,17.34,0.0,0.0,0.0
1770044678184338732,31706,9.228,34.9,10.524,-69.5,2.09,2.03,0.31,0.06,-5.69,0.06,0.04,-0.46,190.02,197.0,19.14,0.0,0.0,0.0
1770044678303048911,31805,8.924,44.5,9.292,-82.0,1.82,1.35,0.75,0.06,-5.56,-0.02,0.08,-0.34,12011.35,199.0,22.01,16.75,0.0,0.0
1770044678430051274,31927,10.396,129.7,9.848,-93.4,1.74,2.09,1.06,-0.56,-5.69,0.0,0.1,-0.55,11972.41,195.0,29.92,48.02,0.0,0.0
1770044678548868658,32051,8.816,121.6,9.328,-62.7,2.11,2.05,0.94,-1.5,-5.75,-0.61,0.21,-0.2,11951.15,193.0,35.99,59.08,0.0,0.0
1770044678671732290,32172,8.92,126.6,9.364,-68.1,1.33,1.54,0.19,-1.44,-5.75,0.1,0.06,-0.4,11938.8,193.0,37.67,71.65,0.0,0.0
1770044678770066815,32293,9.264,155.8,10.188,-50.9,1.45,1.66,-0.94,-1.5,-5.44,0.16,-0.04,-0.56,185.91,191.0,39.96,71.36,0.0,0.0
1770044678892896280,32393,8.92,169.7,9.864,-84.1,2.34,2.23,-1.69,-1.63,-5.38,0.0,-0.1,-0.34,11915.48,194.0,51.12,72.18,0.0,0.0
1770044679015801993,32516,8.792,148.4,9.0,-102.6,1.72,2.11,-2.38,-1.94,-5.38,0.34,0.23,-0.1,11904.33,192.0,67.91,67.91,0.0,0.0
1770044679130481644,32636,8.536,170.4,10.176,-156.6,1.58,2.75,-2.56,-2.19,-5.25,-0.45,0.0,-0.13,11880.49,192.0,83.47,68.83,0.0,0.0
1770044679249210613,32751,9.464,158.6,10.22,-181.2,2.3,1.66,-2.13,-2.25,-5.13,-0.72,-0.13,-0.09,11859.4,189.0,97.54,74.38,0.0,0.0
1770044679372056717,32872,8.612,99.8,9.616,-246.2,2.66,0.98,-1.44,-1.37,-5.13,0.16,-0.1,-0.17,11829.9,192.0,117.06,78.04,0.0,0.0
1770044679499113013,32995,8.856,109.5,9.944,-283.7,1.78,0.63,-0.37,-1.06,-5.06,-3.59,-0.1,1.78,11791.83,186.0,141.27,82.12,0.0,0.0
1770044679617905298,33119,9.756,76.5,10.2,-190.4,1.84,0.92,1.5,-1.37,-4.31,0.9,0.18,-1.74,11793.54,186.0,143.28,84.2,0.0,0.0
1770044679736681323,33240,10.136,114.0,9.156,-242.8,1.64,1.5,3.38,-1.37,-3.63,-1.79,-0.63,0.21,11798.0,186.0,141.55,83.48,2.0,0.0
1770044680151677349,33356,9.456,163.3,9.848,-275.3,2.75,1.6,4.88,-1.12,-3.94,1.06,-0.52,-0.27,11798.51,174.0,136.4,85.6,2.0,0.0
1770044680191482954,33477,8.888,190.2,9.132,-266.9,2.29,1.62,6.38,-1.25,-3.69,0.53,0.07,1.1,11773.99,178.0,144.94,99.39,2.0,2.0
1770044680203130559,33602,10.092,147.8,10.116,-257.8,1.27,1.0,7.75,-1.25,-3.38,0.82,0.28,-0.34,11747.58,177.0,148.72,115.44,2.0,2.0
1770044680220017126,33724,9.9,172.1,9.576,-299.7,2.71,1.68,8.88,-1.0,-3.63,0.82,-0.06,-1.17,11733.0,177.0,149.54,124.13,2.0,2.0
1770044680342891654,33839,9.928,248.9,8.808,-246.8,1.62,2.66,9.63,-1.19,-3.75,1.21,-1.6,1.27,11717.91,182.0,154.03,134.86,2.0,2.0
1770044680441171065,33963,10.036,271.1,10.056,-168.1,1.37,2.3,9.94,-1.75,-3.31,2.94,-0.9,0.0,182.65,182.0,153.76,142.78,2.0,2.0
1770044680564053798,34063,10.14,195.1,9.516,-220.5,1.99,1.46,10.31,-1.31,-3.44,-2.04,0.08,-1.59,11694.41,178.0,154.46,154.46,4.0,2.0
1770044680686943530,34184,8.432,231.9,9.02,-165.8,1.56,2.01,10.44,-1.25,-3.81,-6.07,-4.85,5.14,11700.93,182.0,155.51,148.04,4.0,2.0
1770044680883673874,34308,10.12,258.0,10.032,-183.8,1.6,2.01,10.56,-1.88,-4.0,-1.23,1.08,-0.69,11696.99,182.0,155.3,149.08,4.0,4.0
1770044680932688753,34429,8.932,170.4,8.816,-160.7,1.58,0.92,10.69,-1.69,-3.69,-4.47,1.12,-0.84,11694.07,176.0,155.99,152.53,4.0,4.0
1770044681055629704,34554,8.236,184.1,9.452,-207.1,1.15,1.39,10.88,-1.37,-4.06,1.86,0.49,-0.43,11688.93,182.0,158.22,152.11,4.0,4.0
1770044681170235557,34675,10.112,321.5,9.58,-175.6,1.45,2.03,10.44,-1.94,-4.13,3.15,1.09,-0.29,11698.36,182.0,154.73,148.26,4.0,4.0
1770044681293094924,34793,9.384,174.4,9.796,-189.8,1.25,0.66,10.75,-1.75,-3.88,-0.11,-0.06,-1.08,11694.07,173.0,155.3,153.22,6.0,4.0
1770044681416010180,34914,10.176,178.7,10.084,-241.3,1.62,1.0,10.94,-1.44,-4.06,-0.55,1.18,-0.64,11691.84,180.0,157.97,153.8,6.0,4.0
1770044681538884973,35036,9.604,191.5,8.988,-148.4,1.78,2.07,10.56,-1.75,-3.69,-0.99,-0.11,0.33,11695.27,184.0,157.37,148.39,6.0,4.0
1770044681653574086,35161,10.196,0.0,9.972,-151.9,1.23,1.62,10.63,-1.88,-3.44,0.92,1.58,-2.93,11694.07,184.0,156.99,152.71,6.0,6.0
1770044681793785084,35275,9.904,182.4,9.112,-261.0,1.82,1.05,11.0,-1.37,-3.5,1.2,-2.19,1.43,11698.7,170.0,152.53,151.84,6.0,6.0
1770044681907514074,35405,10.128,207.1,10.048,-160.7,1.62,1.29,10.94,-1.56,-3.5,-1.04,0.54,-0.07,11694.24,176.0,158.2,149.27,6.0,6.0
1770044682127669100,35529,8.392,193.1,9.604,-151.6,1.17,1.64,10.75,-1.94,-3.25,0.23,-1.0,-0.19,11689.95,178.0,160.75,153.1,8.0,6.0
1770044682138807698,35654,8.476,204.2,10.06,-289.9,2.5,0.98,11.31,-1.37,-3.31,4.63,-1.61,1.91,169.44,178.0,148.2,151.57,8.0,6.0
1770044682235185534,35755,9.696,178.1,10.108,0.0,1.04,1.21,11.31,-1.44,-3.5,4.04,-2.86,0.32,160.01,179.0,158.08,153.32,8.0,6.0
1770044682353928029,35855,8.384,263.4,9.964,-231.0,1.31,1.78,11.0,-1.88,-3.25,3.07,-2.44,-0.25,11697.33,178.0,157.95,148.48,8.0,8.0
1770044682476852556,35975,8.464,187.8,8.88,-211.0,1.33,1.72,11.25,-1.81,-3.38,-1.58,1.72,-1.37,11695.1,173.0,154.49,151.01,8.0,8.0
1770044682595631052,36098,9.888,200.8,10.1,-248.2,1.62,1.41,11.56,-1.44,-3.44,1.16,0.91,-1.36,11693.21,173.0,155.67,152.84,8.0,8.0
1770044682735670287,36215,8.484,215.8,9.188,-153.3,1.8,1.54,11.06,-2.13,-3.56,0.16,0.01,-2.9,11699.04,175.0,157.37,147.7,8.0,8.0
1770044682837293316,36335,8.276,196.8,9.564,-212.6,1.35,1.76,11.25,-2.19,-3.19,-0.06,-1.35,0.08,11696.99,178.0,154.96,152.84,10.0,8.0
1770044682960163361,36457,10.072,159.7,10.044,-225.8,1.25,1.29,11.5,-1.5,-3.56,-1.59,-2.83,2.57,11684.64,176.0,160.13,153.92,10.0,8.0
1770044683074822734,36580,8.752,174.8,10.112,-211.6,1.6,1.7,10.94,-1.81,-3.75,-0.45,0.08,0.38,11692.87,176.0,158.42,147.0,10.0,8.0
1770044683197726853,36696,9.456,260.5,10.052,-212.3,0.96,1.68,10.69,-2.06,-3.44,1.07,-0.68,-0.59,11698.7,175.0,154.72,151.29,10.0,10.0
1770044683320562027,36817,8.42,184.6,10.048,-268.6,1.78,1.37,11.25,-1.31,-3.69,0.83,-2.79,0.82,11689.61,178.0,155.99,151.84,10.0,10.0
1770044683439324600,36941,10.156,196.7,10.1,0.0,0.92,1.6,10.5,-1.37,-3.81,-0.08,0.59,-0.23,11690.3,175.0,160.13,153.22,10.0,10.0
1770044683541792968,37061,9.804,258.3,10.032,-190.2,1.64,1.86,10.25,-1.81,-3.75,-2.42,-0.01,0.33,160.52,175.0,162.8,151.57,12.0,10.0
1770044683664657661,37161,10.128,208.8,10.032,-196.2,1.89,1.78,10.38,-1.37,-4.0,-0.62,0.49,-0.38,11699.56,177.0,157.41,150.23,12.0,10.0
1770044683891669852,37284,8.72,0.0,9.012,-260.0,1.19,1.17,10.56,-0.75,-4.06,1.92,-1.28,0.19,11693.9,177.0,157.37,151.84,12.0,10.0
1770044683906293463,37406,8.436,243.3,10.024,-181.3,0.98,2.01,10.31,-1.44,-4.19,-2.24,0.4,1.43,11699.21,177.0,159.29,149.46,12.0,10.0
1770044684008730180,37527,10.092,129.7,9.98,-207.8,2.11,1.15,10.19,-1.19,-4.0,0.66,1.62,0.77,168.41,177.0,146.91,145.12,12.0,12.0
1770044684131633711,37627,9.992,180.4,10.036,-217.6,1.29,1.02,10.75,-0.69,-4.06,-0.67,0.59,-0.2,11692.87,176.0,153.58,153.1,12.0,12.0
1770044684229899999,37749,8.62,212.4,8.792,-167.4,1.6,0.74,10.44,-0.81,-3.94,-2.86,-0.12,-1.25,164.64,176.0,151.93,150.1,12.0,12.0
1770044684352722567,37850,10.124,231.9,9.928,-186.2,1.56,1.7,10.13,-1.19,-3.88,-1.99,-0.12,0.85,11692.18,180.0,159.8,150.23,14.0,12.0
1770044684451140950,37971,9.172,176.8,8.74,-355.2,1.91,1.48,10.81,-0.69,-4.19,-2.79,-1.89,-1.06,165.33,181.0,145.29,151.9,14.0,12.0
1770044684582143068,38071,10.116,0.0,9.504,-185.9,1.8,1.02,10.88,-0.5,-4.06,-0.42,-0.2,0.01,11691.33,177.0,155.53,152.06,14.0,12.0
1770044684700924297,38200,10.044,191.3,9.044,-179.4,0.8,1.7,10.88,-1.12,-3.75,-1.15,-0.71,-0.28,11698.7,178.0,157.88,148.67,14.0,12.0
1770044684819706451,38322,9.4,155.5,9.912,-205.8,1.45,0.8,10.94,-1.06,-3.94,2.71,-0.55,-2.01,11701.1,178.0,152.0,148.43,14.0,14.0
1770044684942586187,38438,10.068,0.0,10.124,-233.0,1.91,1.6,11.5,-0.56,-4.06,-0.9,0.53,-0.04,11692.18,176.0,156.68,151.84,14.0,14.0
1770044685075521024,38563,9.748,245.1,10.068,-158.3,0.98,1.8,11.38,-1.19,-3.81,-0.52,0.93,-0.86,11702.47,179.0,158.38,147.69,16.0,14.0
1770044685188346132,38686,10.04,207.1,9.54,-217.8,1.8,1.13,11.5,-1.5,-3.94,2.03,0.0,0.79,11705.73,174.0,153.1,150.32,16.0,14.0
1770044685290701636,38809,8.796,189.9,9.624,-220.5,1.66,1.46,12.31,-0.88,-4.13,1.51,-0.83,-0.49,168.76,174.0,145.6,143.85,16.0,14.0
1770044685413549938,38909,10.088,190.5,9.084,-222.7,2.01,1.37,12.25,-1.19,-4.06,-2.78,-1.59,0.9,11691.33,178.0,157.41,151.66,16.0,14.0
1770044685540583874,39034,8.248,270.6,10.016,-172.9,1.25,2.29,12.31,-1.56,-4.13,0.21,1.1,-0.12,11702.65,181.0,153.82,147.86,16.0,16.0
1770044685638893596,39158,10.06,199.2,9.816,-223.8,1.86,1.15,12.88,-1.25,-4.19,-1.87,0.34,-1.56,164.64,181.0,155.31,151.57,16.0,16.0
1770044685761760657,39258,9.724,187.6,10.06,-187.7,0.88,1.43,12.69,-1.12,-4.19,1.54,1.91,-0.85,11685.32,180.0,159.8,151.19,16.0,16.0
1770044685888750426,39379,8.952,217.2,9.572,-135.6,1.19,1.93,12.56,-1.63,-4.25,-1.66,0.61,-1.09,11697.67,176.0,158.9,145.32,18.0,16.0
1770044686135670199,39507,9.504,0.0,9.74,-286.3,2.25,1.84,12.81,-1.56,-4.19,1.92,-1.19,1.6,11700.07,176.0,153.71,150.37,18.0,16.0
1770044686146971231,39629,8.472,0.0,10.064,-159.9,1.66,1.07,13.19,-1.19,-4.25,-4.53,-0.04,0.79,11688.58,176.0,159.51,152.66,18.0,16.0
1770044686257405673,39752,8.504,206.1,10.108,-152.2,1.7,1.56,12.94,-1.56,-4.0,-0.74,-0.99,0.28,11696.81,180.0,162.15,148.92,18.0,16.0
1770044686371986376,39874,9.416,216.3,9.496,-256.0,2.13,1.58,13.06,-1.56,-4.44,0.36,1.35,-0.35,11699.9,180.0,155.56,149.14,18.0,18.0
1770044686498999843,39993,9.272,0.0,9.624,-329.3,2.25,1.15,13.5,-1.19,-4.81,1.74,0.98,-4.47,11693.56,183.0,154.83,151.43,18.0,18.0
1770044686621905420,40119,10.128,174.4,8.632,-172.6,1.74,1.39,13.88,-1.75,-4.75,1.46,-0.94,-1.58,11694.58,185.0,159.65,149.55,20.0,18.0
1770044686740684940,40241,9.992,0.0,9.86,-194.8,1.93,1.27,13.63,-1.81,-5.19,0.96,-1.53,-0.83,11707.45,188.0,151.71,147.53,20.0,18.0
1770044686859498942,40360,8.584,172.0,9.212,-236.3,1.52,1.13,14.0,-1.19,-5.63,-1.61,1.43,-1.64,11695.27,188.0,154.62,150.26,20.0,18.0
1770044686986424001,40477,9.92,164.7,9.744,-158.8,1.11,1.13,14.31,-1.75,-5.13,-0.65,-0.54,0.83,11690.3,187.0,160.88,153.35,20.0,18.0
1770044687109314626,40604,9.0,273.8,10.0,0.0,1.21,1.82,14.25,-2.38,-5.38,0.84,-0.49,-0.97,11704.53,184.0,154.15,148.04,20.0,20.0
1770044687228096743,40726,10.032,168.9,9.124,-216.5,2.03,0.96,14.75,-2.19,-5.5,0.44,-0.67,0.19,11693.73,192.0,155.3,149.77,20.0,20.0
1770044687346836564,40847,10.12,173.3,10.116,-216.1,2.11,1.27,14.94,-2.5,-4.94,-3.0,-0.26,-3.17,11689.95,192.0,158.33,153.3,22.0,20.0
1770044687483665765,40965,9.908,282.1,10.028,-183.4,1.62,1.86,15.06,-3.31,-4.69,0.88,0.67,-0.21,11703.5,185.0,155.3,146.32,22.0,20.0
1770044687592644352,41089,10.048,191.7,9.784,0.0,1.84,1.25,15.25,-3.38,-4.63,-1.0,-0.52,-1.0,11700.42,182.0,153.59,148.2,22.0,20.0
1770044687719650930,41210,8.436,215.7,10.088,-194.1,1.46,1.45,15.56,-3.19,-4.44,1.61,2.35,-1.44,11688.75,178.0,161.45,153.8,22.0,20.0
1770044687939667417,41337,9.676,196.8,9.392,-230.1,1.37,1.33,15.19,-3.25,-4.31,-2.64,-0.2,-0.36,11692.36,181.0,159.27,149.48,22.0,20.0
1770044687961277718,41460,9.348,268.3,9.884,-302.2,2.27,1.89,15.31,-3.13,-4.38,-0.85,1.48,-0.54,11702.3,181.0,155.34,148.08,22.0,22.0
1770044688084138605,41580,8.872,185.2,9.672,-162.2,1.45,1.19,15.63,-2.88,-3.94,0.53,-1.59,0.51,11690.81,181.0,159.65,153.59,24.0,22.0
1770044688207036950,41702,10.16,187.0,10.1,-205.8,1.45,1.33,15.31,-2.88,-3.81,-1.88,-0.93,3.55,11693.9,180.0,156.77,149.24,24.0,22.0
1770044688309383440,41825,8.824,233.5,8.836,-279.3,1.7,1.72,15.5,-2.56,-4.0,-0.16,-0.24,0.41,164.64,180.0,155.6,148.27,24.0,22.0
1770044688432263100,41925,10.044,0.0,8.82,0.0,1.11,1.17,15.63,-2.5,-3.94,-0.42,1.53,-1.2,11696.3,178.0,154.53,152.14,24.0,22.0
1770044688555166371,42050,8.408,171.5,9.088,-164.5,1.43,1.37,15.25,-2.44,-4.0,-0.33,-1.23,0.61,11691.16,178.0,159.05,152.37,24.0,22.0
1770044688678040068,42173,9.808,260.0,10.028,-258.8,1.39,1.29,15.25,-2.5,-4.44,-0.25,0.83,-0.66,11705.05,176.0,155.88,148.23,24.0,24.0
1770044688800913949,42295,10.044,271.2,9.944,-178.8,1.88,1.84,15.31,-2.56,-4.06,-1.75,-5.29,4.05,11694.76,177.0,156.87,150.75,26.0,24.0
1770044688919692964,42419,10.06,231.1,9.848,-159.5,1.04,1.8,15.25,-2.5,-4.38,0.28,-0.33,-3.7,11683.78,177.0,159.13,153.42,26.0,24.0
1770044689042575846,42536,8.252,166.3,10.052,-206.5,1.86,1.37,14.94,-2.06,-4.5,-2.99,-1.62,1.0,11700.93,176.0,156.68,147.7,26.0,24.0
1770044689165462405,42661,9.76,246.3,9.944,-254.9,1.39,2.17,14.75,-2.06,-4.25,1.98,0.59,-1.85,11696.3,177.0,153.71,147.69,26.0,24.0
1770044689288291390,42783,10.16,179.7,9.7,-182.7,1.7,1.23,15.31,-2.06,-4.31,-0.42,-1.17,1.15,11691.5,175.0,160.06,153.8,26.0,24.0
1770044689411170931,42905,9.26,189.8,10.088,-214.6,2.01,1.07,14.81,-1.5,-4.56,11.12,2.19,3.57,11693.04,183.0,155.3,153.22,26.0,24.0
1770044689509519579,43027,8.392,0.0,9.452,-230.8,1.54,2.01,15.06,-1.5,-4.38,-3.9,-1.48,-2.06,185.73,183.0,153.76,148.27,26.0,24.0
1770044689767674867,43127,8.484,99.4,9.62,-165.8,1.15,0.72,15.31,-1.63,-4.19,-2.57,-0.22,-4.26,11694.24,175.0,156.04,149.86,28.0,26.0
1770044689841440029,43248,8.992,128.7,10.068,-206.8,1.35,1.09,15.0,-1.44,-4.38,-0.69,-0.94,-0.26,11696.99,179.0,159.29,155.08,28.0,26.0
1770044689865847829,43368,9.328,284.0,8.988,-268.4,1.89,2.13,15.0,-1.12,-4.69,-0.97,2.08,2.57,11707.62,179.0,153.76,144.25,28.0,26.0
1770044689988718499,43485,10.08,228.3,9.72,-170.4,1.66,1.52,15.31,-1.31,-4.44,-2.31,-0.94,-1.95,11699.56,180.0,156.68,149.08,28.0,26.0
1770044690111621656,43608,8.476,163.4,9.676,-185.0,1.48,1.43,15.63,-1.06,-4.38,-0.08,0.0,2.06,11694.24,179.0,158.22,153.47,28.0,26.0
1770044690234494082,43730,10.056,186.4,9.996,-267.2,1.39,1.21,15.75,-0.94,-4.81,-0.95,2.38,-5.75,11710.02,182.0,154.61,147.7,28.0,26.0
1770044690357340470,43852,10.064,226.0,8.708,-194.1,1.11,1.46,16.06,-1.31,-4.63,2.39,1.39,1.74,11695.44,181.0,156.68,150.46,30.0,28.0
1770044690476132496,43974,10.132,0.0,9.632,-165.6,1.0,1.21,16.44,-1.25,-4.31,0.17,0.23,-2.17,11689.27,181.0,160.42,156.07,30.0,28.0
1770044690599061478,44094,10.124,193.9,9.728,-348.7,2.4,1.5,16.62,-1.19,-4.5,2.17,-0.36,0.92,11707.28,182.0,153.59,148.2,30.0,28.0
1770044690721887089,44216,10.096,237.8,9.992,-180.1,1.54,1.78,17.06,-1.69,-4.69,-0.19,-1.05,0.88,11699.56,180.0,155.99,147.01,30.0,28.0
1770044690848869934,44338,8.64,129.6,10.052,-185.4,1.25,1.54,17.75,-1.81,-4.19,-1.58,0.93,-1.54,11694.41,180.0,158.75,152.53,30.0,28.0
1770044690967662960,44466,8.884,157.6,8.776,-284.6,2.03,1.5,18.06,-1.75,-4.13,-1.34,-0.35,-0.77,11705.22,180.0,154.72,150.61,30.0,28.0
1770044691090471165,44585,10.052,189.6,9.976,-198.6,1.7,1.13,17.87,-2.06,-4.31,3.14,-0.69,-1.36,11704.87,181.0,156.38,148.36,32.0,30.0
1770044691213416443,44708,10.08,150.9,9.848,-168.0,1.35,1.48,18.12,-2.44,-3.69,-0.44,-1.57,-0.61,11699.39,177.0,156.09,149.93,32.0,30.0
1770044691419670379,44831,10.024,139.8,10.044,-169.1,1.86,1.6,18.44,-2.13,-3.81,-1.17,-1.37,0.04,11705.05,174.0,153.8,151.71,32.0,30.0
1770044691455072434,44953,9.064,239.1,8.76,0.0,1.7,1.66,18.19,-2.38,-3.94,1.18,1.19,1.2,11712.76,174.0,148.81,148.81,32.0,30.0
1770044691577937841,45072,9.408,356.9,8.712,-158.3,1.29,2.11,18.0,-2.75,-3.63,2.22,-1.15,-1.36,11693.73,174.0,147.53,148.87,32.0,30.0
1770044691811678853,45194,9.204,194.7,9.172,-167.3,1.46,1.33,17.62,-2.44,-3.94,1.1,0.01,-4.6,11690.13,175.0,151.84,153.22,32.0,30.0
1770044691823229190,45316,9.74,216.4,9.16,-190.6,1.93,1.58,17.25,-2.25,-4.56,-0.49,0.77,-0.54,11707.62,179.0,153.8,146.84,32.0,30.0
1770044691946567027,45436,9.276,201.6,9.924,-174.3,1.19,1.56,16.87,-2.56,-4.0,1.8,-5.74,5.39,11695.61,178.0,156.68,147.01,34.0,32.0
1770044692061280208,45560,9.828,197.7,8.748,-170.2,1.68,1.39,16.75,-2.38,-4.81,-1.07,0.14,-0.37,11678.64,178.0,161.93,154.02,34.0,32.0
1770044692159554000,45676,10.112,0.0,9.564,-196.2,1.46,1.35,16.56,-1.81,-5.06,0.19,-1.43,-0.67,194.82,181.0,149.7,148.14,34.0,32.0
1770044692257821847,45776,9.316,174.4,9.62,-192.7,1.19,1.05,16.37,-2.13,-5.06,3.07,1.42,-1.77,166.18,181.0,158.66,148.91,34.0,32.0
1770044692384793099,45876,8.336,233.4,10.016,-171.8,1.37,1.27,16.37,-2.38,-5.06,0.11,-0.97,3.35,11691.84,181.0,158.73,151.96,34.0,32.0
1770044692507708325,45999,8.704,172.5,10.04,-211.3,1.89,1.37,16.12,-1.44,-5.31,-9.39,-2.64,0.07,11701.44,182.0,154.72,152.66,34.0,32.0
1770044692630586439,46125,10.096,232.0,10.0,-180.2,1.7,1.76,15.75,-1.75,-6.0,-0.26,1.83,-0.95,11702.82,186.0,157.05,146.36,36.0,34.0
1770044692855670037,46247,8.56,177.7,9.252,-142.7,0.86,1.25,15.38,-2.06,-5.44,0.17,-2.05,-1.78,11685.15,186.0,161.62,152.79,36.0,34.0
1770044692866982517,46371,8.74,175.4,10.092,-231.7,1.17,1.02,15.63,-1.44,-5.75,10.23,2.47,1.47,173.22,186.0,155.6,148.27,36.0,34.0
1770044692978723542,46471,8.364,174.4,8.808,-217.9,1.72,1.35,15.56,-0.94,-5.69,0.18,-1.06,0.0,11702.82,182.0,160.71,153.01,36.0,34.0
1770044693101600249,46596,8.668,0.0,8.564,-236.7,1.56,1.78,15.31,-1.31,-5.38,4.01,-0.12,2.59,11687.55,185.0,165.71,149.55,36.0,34.0
1770044693224487648,46717,8.168,126.7,10.096,-215.8,1.74,1.07,15.56,-0.88,-5.19,-0.36,-0.55,-0.2,11688.75,180.0,160.06,153.8,36.0,34.0
1770044693339110961,46839,8.216,176.1,10.028,-253.6,1.52,1.05,15.56,-0.37,-5.56,0.68,-0.59,-2.87,11698.87,180.0,158.97,151.71,36.0,34.0
1770044693466105218,46956,9.924,181.9,10.0,-204.7,1.31,0.98,15.5,-0.69,-5.13,3.32,-0.42,-1.1,11698.7,187.0,158.22,148.04,38.0,36.0
1770044693589011729,47082,10.08,177.6,10.008,-153.6,1.52,1.5,15.5,-0.69,-4.94,-0.91,-0.84,-0.64,11700.07,182.0,156.96,152.24,38.0,36.0
1770044693711885850,47204,9.86,195.6,10.052,-206.1,2.19,1.39,15.88,-0.31,-5.19,-2.35,-1.27,2.41,11697.33,188.0,156.09,152.66,38.0,36.0
1770044693834777916,47327,8.316,239.2,9.552,-209.0,1.27,1.64,15.63,-0.69,-4.75,-4.3,1.18,0.65,11697.67,182.0,158.75,147.7,38.0,36.0
1770044693961723932,47449,8.432,207.7,9.608,-219.4,1.84,1.25,15.88,-0.81,-4.31,-1.58,-1.71,0.78,11691.33,182.0,157.8,152.13,38.0,36.0
1770044694084612600,47579,9.66,148.2,10.06,-199.7,1.99,1.02,16.44,-0.37,-4.69,-0.33,1.64,-3.85,11691.84,181.0,161.44,152.58,38.0,36.0
1770044694207496231,47700,8.42,242.8,10.068,-200.4,1.58,1.66,16.0,-0.69,-4.63,-1.81,0.45,-2.33,11697.33,182.0,159.58,148.72,40.0,38.0
1770044694330368011,47824,10.052,129.9,10.076,-185.4,1.29,0.72,15.88,-0.88,-4.19,0.98,-0.92,-0.13,11698.19,182.0,157.37,150.46,40.0,38.0
1770044694457341183,47946,9.336,160.8,9.86,-218.4,2.25,1.37,16.75,-0.37,-4.38,-4.25,1.25,2.09,11699.56,182.0,157.97,154.49,40.0,38.0
1770044694572031750,48071,8.552,197.5,8.648,-181.6,1.31,1.54,16.62,-0.44,-3.94,-1.87,-1.78,-0.35,11698.87,182.0,160.69,147.36,40.0,38.0
1770044694903678567,48188,10.152,192.4,9.276,-202.2,1.58,1.52,16.5,-0.69,-3.63,-1.78,0.35,-0.22,11702.3,179.0,157.37,149.77,40.0,38.0
1770044694915705800,48310,9.732,169.1,10.012,-261.9,2.21,1.48,17.31,-0.06,-3.94,1.23,0.36,0.0,11686.7,177.0,160.82,154.61,40.0,38.0
1770044694940723737,48432,9.12,178.9,9.824,0.0,1.64,0.82,17.25,-0.12,-3.81,-0.5,-1.22,0.75,11701.27,175.0,155.99,150.46,42.0,38.0
1770044695059401326,48557,10.024,239.7,8.756,-139.6,1.43,1.54,17.25,-0.56,-3.69,-0.26,0.83,-1.57,11698.7,175.0,159.29,148.76,42.0,40.0
1770044695157722767,48673,9.148,165.6,8.816,-247.5,1.72,1.29,17.81,-0.25,-3.88,-1.07,-0.36,-0.33,166.18,176.0,153.84,150.6,42.0,40.0
1770044695280610874,48773,8.388,170.4,9.996,-271.0,1.8,1.25,18.31,0.19,-4.31,3.08,-0.62,-0.41,11694.93,178.0,155.04,152.06,42.0,40.0
1770044695403498518,48896,9.72,230.5,9.696,-153.0,1.15,2.21,17.94,-1.19,-4.06,-5.0,0.29,-2.39,11697.5,172.0,159.44,146.32,42.0,40.0
1770044695522280640,49017,10.072,202.7,10.024,-180.3,1.39,1.46,18.12,-1.31,-4.06,0.72,0.0,-0.68,11706.42,172.0,153.03,150.84,42.0,40.0
1770044695731677960,49136,9.368,180.1,9.432,-222.1,1.6,1.29,18.75,-0.63,-4.56,0.6,0.1,-1.39,11702.3,176.0,154.83,151.43,44.0,40.0
1770044695763922351,49257,8.852,216.4,10.016,-160.5,1.21,1.54,19.0,-1.69,-4.19,0.75,-2.5,-1.95,11701.79,178.0,156.77,146.5,44.0,40.0
1770044695886850273,49380,8.756,197.2,8.864,-222.4,1.15,1.43,19.0,-2.13,-4.31,-0.59,-1.56,-0.34,11705.39,174.0,155.99,149.08,44.0,42.0
1770044696005562412,49502,8.316,200.9,10.016,-256.9,2.05,1.11,19.81,-1.44,-4.88,-3.22,-1.12,-0.95,11706.08,174.0,153.17,149.54,44.0,42.0
1770044696128460053,49620,9.72,180.0,10.064,-218.3,1.31,1.09,19.94,-1.88,-4.69,2.08,1.15,-3.34,11702.13,173.0,157.72,149.03,44.0,42.0
1770044696251341694,49743,8.352,285.5,9.192,-183.8,1.66,2.17,19.81,-2.88,-4.75,0.27,0.66,-1.46,11708.48,176.0,158.67,147.53,44.0,42.0
1770044696370057795,49864,8.336,123.1,8.916,-262.1,2.03,1.48,20.56,-2.44,-5.31,-6.11,6.68,-7.15,11711.73,176.0,149.62,148.92,44.0,42.0
1770044696492987066,49986,10.1,165.9,10.04,-209.9,1.02,1.15,20.75,-2.44,-5.13,-2.17,-0.92,-0.48,11700.24,176.0,156.17,151.86,46.0,42.0
1770044696611764446,50106,10.068,0.0,10.044,-148.6,1.35,1.62,20.81,-3.0,-5.13,0.45,0.37,-1.8,11708.82,182.0,156.96,146.85,46.0,44.0
1770044696735672091,50228,8.5,241.2,9.38,-268.1,2.21,1.78,21.19,-2.94,-5.06,5.25,-1.68,0.33,11709.68,179.0,151.15,146.32,46.0,44.0
1770044696857523819,50350,10.14,196.6,8.752,-166.4,1.6,1.17,21.44,-2.63,-5.19,-4.53,-0.61,3.03,11698.36,176.0,156.58,152.4,46.0,44.0
1770044696980396867,50470,10.136,190.8,9.96,-131.8,1.46,1.39,21.31,-3.0,-5.13,0.83,-0.58,-1.33,11702.82,176.0,158.25,146.63,46.0,44.0
1770044697103280943,50595,9.44,202.7,9.432,-229.9,2.09,1.27,21.44,-3.13,-5.0,0.17,0.42,-1.7,11712.59,181.0,154.27,147.2,46.0,44.0
1770044697226124675,50717,8.056,108.0,9.712,-187.7,1.56,0.66,21.81,-2.75,-5.06,0.89,-0.98,-0.27,11695.61,178.0,157.46,151.98,48.0,44.0
1770044697349037241,50841,10.104,188.2,8.628,-195.4,1.56,1.48,21.31,-3.13,-5.06,-2.21,-2.04,0.85,11695.61,175.0,162.25,147.87,48.0,44.0
1770044697475983548,50964,9.98,195.0,9.736,-159.0,1.74,1.99,21.37,-3.19,-5.19,-1.76,-0.8,-0.36,11708.48,182.0,155.3,144.94,48.0,46.0
1770044697594791947,51089,9.904,117.7,10.008,-223.7,2.05,1.15,21.87,-2.75,-5.31,0.63,2.02,-0.53,11692.87,182.0,158.06,151.15,48.0,46.0
1770044697713522957,51208,10.04,147.4,8.696,-180.8,1.6,0.76,21.12,-2.94,-5.31,0.65,-0.53,-1.63,11694.76,176.0,157.37,150.46,48.0,46.0
1770044697836443856,51330,9.288,262.7,9.46,-246.1,1.45,1.25,21.06,-2.94,-5.44,1.15,1.02,-1.26,11708.99,182.0,153.22,147.01,48.0,46.0
1770044697963407126,51451,10.016,168.5,9.78,-243.5,1.48,1.13,21.31,-2.19,-5.31,-0.76,0.3,0.07,11696.3,180.0,156.68,149.77,50.0,46.0
1770044698082193720,51576,10.128,172.1,10.064,-230.2,1.09,1.25,21.31,-2.25,-5.44,2.73,-0.19,1.74,11692.53,180.0,160.69,153.67,50.0,46.0
1770044698205078306,51695,10.12,226.6,8.832,-214.9,1.6,1.6,21.0,-2.44,-5.44,-1.32,-1.44,-1.76,11702.13,177.0,154.15,151.43,50.0,48.0
1770044698327903206,51819,9.088,173.7,9.676,0.0,2.27,1.86,21.25,-1.75,-5.56,0.04,0.51,-0.89,11705.39,182.0,152.53,148.39,50.0,48.0
1770044698450817107,51940,10.076,191.9,9.596,-218.0,1.72,1.25,21.56,-1.56,-5.31,-3.36,-0.17,-2.44,11691.84,179.0,157.46,150.61,50.0,48.0
1770044698577786378,52064,9.132,199.7,9.988,-170.7,1.64,1.5,21.31,-1.5,-5.25,0.07,0.06,-0.4,11695.1,179.0,155.99,149.08,50.0,48.0
1770044698696572539,52191,9.876,219.8,9.124,0.0,1.76,1.68,21.44,-1.19,-5.5,-3.33,-0.9,1.45,11703.67,179.0,154.15,146.68,52.0,48.0
1770044698815318255,52308,9.556,130.2,9.672,-187.2,1.76,0.96,21.87,-1.12,-5.25,-1.08,1.05,-0.07,11690.47,180.0,158.75,150.46,52.0,48.0
1770044698942330692,52430,8.268,193.3,9.376,-225.5,1.76,1.56,21.56,-1.12,-5.13,-5.35,1.98,1.28,11693.21,180.0,160.26,151.43,52.0,48.0
1770044699069319056,52554,9.92,208.4,9.672,-212.0,2.27,1.88,21.81,-1.25,-5.63,-2.72,0.99,-3.79,11701.62,182.0,152.11,146.68,52.0,50.0
1770044699188048074,52681,9.992,111.9,9.756,-229.7,1.58,1.07,22.19,-1.19,-5.06,-0.81,-0.43,-2.04,11689.78,180.0,159.58,153.47,52.0,50.0
1770044699306823981,52803,10.112,158.9,8.668,-168.2,1.15,1.27,22.12,-1.25,-5.06,-1.25,-0.56,-0.35,11694.24,180.0,159.13,150.57,52.0,50.0
1770044699425603072,52921,9.888,293.8,9.924,-206.4,1.7,1.68,22.37,-1.37,-5.19,3.54,0.61,-0.45,11708.3,180.0,154.49,145.44,54.0,50.0
1770044699552622309,53040,9.908,155.5,9.484,-197.2,1.02,1.0,22.44,-1.44,-4.88,-0.14,-0.51,-0.45,11697.5,178.0,156.58,148.23,54.0,50.0
1770044699675484195,53166,10.02,161.4,9.056,-184.2,1.25,1.13,22.69,-1.44,-4.56,-0.83,-0.89,-0.32,11679.49,178.0,163.02,151.57,54.0,50.0
1770044699790177455,53287,8.46,218.2,9.976,-208.9,2.05,1.56,22.62,-1.44,-4.69,-0.47,-0.73,-0.72,11705.56,178.0,156.89,146.82,54.0,52.0
1770044699913052286,53402,8.296,240.9,8.616,-191.0,1.76,1.8,22.75,-1.56,-4.31,1.14,0.57,0.12,11698.53,175.0,159.29,149.46,54.0,52.0
1770044700011348126,53525,9.948,189.5,10.036,-205.6,0.88,1.02,23.06,-1.5,-4.0,5.19,-0.23,-0.91,170.13,175.0,157.43,150.1,54.0,52.0
1770044700148379554,53625,10.104,174.4,9.752,-224.7,1.23,1.11,22.94,-1.31,-3.94,-1.5,-0.63,0.62,11686.87,174.0,162.22,149.86,54.0,52.0
1770044700265293108,53753,8.136,262.7,8.552,-241.1,1.72,1.43,23.37,-1.25,-3.94,-1.47,-1.58,0.0,11694.93,172.0,159.99,146.39,56.0,52.0
1770044700394073264,53877,9.5,143.3,10.04,-201.7,1.25,1.39,23.81,-1.37,-3.56,-4.54,-2.3,1.89,11693.21,168.0,163.54,153.1,56.0,52.0
1770044700511041726,53999,10.1,150.7,10.036,-191.5,1.64,1.15,23.5,-1.19,-3.63,-0.28,-0.86,0.41,11693.56,177.0,155.99,153.92,56.0,52.0
1770044700633927062,54124,9.844,226.9,9.948,-247.8,2.19,1.84,23.62,-0.94,-4.31,2.28,1.05,-2.43,11705.73,170.0,154.94,146.85,56.0,54.0
1770044700752698346,54246,8.524,216.2,9.34,-224.0,1.15,1.5,23.81,-1.12,-3.94,1.02,-0.05,-0.18,11691.67,170.0,159.13,149.86,56.0,54.0
1770044700871480186,54364,8.252,171.3,10.064,-184.1,1.41,0.84,23.94,-1.0,-3.81,-2.17,0.09,-0.66,11697.84,169.0,154.61,151.15,56.0,54.0
1770044700998462464,54486,9.9,199.7,9.436,0.0,1.74,1.56,24.25,-0.88,-4.38,-1.18,-0.44,-0.64,11698.7,173.0,158.06,144.94,58.0,54.0
1770044701121326088,54609,9.26,165.6,9.964,-179.6,1.43,0.84,24.56,-1.25,-4.0,0.88,-2.16,0.6,11693.04,174.0,159.72,149.7,58.0,54.0
1770044701235989700,54733,9.144,158.1,8.876,-200.4,1.54,1.15,24.87,-1.06,-3.75,0.25,0.2,-0.45,11691.5,174.0,156.79,153.17,58.0,54.0
1770044701358829100,54850,10.004,157.0,9.64,-294.6,1.7,0.82,25.12,-1.5,-4.13,2.32,1.35,-0.57,11705.22,174.0,156.09,147.19,58.0,56.0
1770044701485868496,54973,9.708,233.6,10.0,-222.2,1.21,1.05,24.94,-1.88,-4.0,-3.12,-2.13,-0.71,11699.39,172.0,158.9,148.04,58.0,56.0
1770044701612835763,55097,9.08,192.8,9.148,-234.7,1.07,0.68,25.31,-1.75,-3.75,-1.59,0.03,0.26,11692.01,173.0,156.09,150.61,58.0,56.0
1770044701711148335,55225,10.004,180.5,9.132,-298.8,1.76,1.43,25.5,-1.63,-4.06,5.85,-0.69,-1.1,157.78,173.0,152.52,147.76,58.0,56.0
1770044701844083252,55325,8.968,277.2,9.476,-220.3,1.64,1.93,25.56,-2.06,-4.19,1.26,-1.65,-0.99,11700.24,169.0,156.86,145.79,60.0,56.0
1770044701956887986,55448,10.056,124.3,9.996,-158.0,0.88,0.94,26.0,-2.44,-3.94,-1.8,-0.06,0.33,11696.64,171.0,158.06,149.77,60.0,56.0
1770044702083868720,55570,8.572,180.6,9.256,-183.3,1.54,1.41,26.44,-2.0,-4.19,-0.21,-0.46,0.0,11702.13,170.0,154.15,150.07,60.0,56.0
1770044702206790352,55697,8.32,217.0,9.936,-285.1,2.29,1.54,26.69,-2.0,-4.56,4.93,-4.12,3.51,11698.7,174.0,158.22,148.04,60.0,58.0
1770044702305012106,55818,9.38,163.2,9.068,-123.9,1.11,1.58,26.81,-2.56,-4.5,-3.52,0.07,0.67,175.79,174.0,157.43,146.44,60.0,58.0
1770044702427888349,55918,10.292,0.0,10.472,-35.2,-1.56,-5.9,26.94,-2.19,-4.56,-1.45,-0.83,-0.59,12021.46,172.0,51.97,73.14,60.0,58.0
1770044702550834073,56039,8.844,21.0,10.488,-3.2,-1.29,0.92,26.5,-2.19,-4.63,0.52,0.18,-0.34,12044.27,176.0,13.22,7.65,60.0,58.0
1770044702669552006,56162,9.98,26.7,10.472,-3.6,-0.68,1.27,26.37,-2.19,-4.63,0.1,-0.41,-0.37,12061.08,176.0,6.11,6.11,60.0,58.0
1770044702788354458,56284,9.64,18.7,10.304,-15.9,-1.64,1.39,26.25,-2.25,-4.63,-0.09,-0.01,-0.43,12068.28,176.0,0.0,5.04,60.0,58.0
1770044702907134280,56399,8.844,20.3,10.464,-15.3,-1.7,1.6,26.12,-2.19,-4.56,-0.03,-0.22,-0.4,12067.43,173.0,0.0,5.57,60.0,58.0
1770044703034104790,56520,8.832,15.9,9.928,-16.2,-1.66,1.23,26.06,-2.19,-4.5,0.14,-0.26,-0.46,12072.74,175.0,0.0,0.7,60.0,58.0
1770044703156954674,56644,9.256,17.3,10.276,-16.4,-1.74,1.31,26.06,-2.13,-4.44,0.06,-0.18,-0.39,12073.94,175.0,0.0,60.0,58.0,
1770044703271614551,56770,9.852,17.1,9.124,-16.6,-1.82,1.31,26.06,-2.13,-4.38,0.04,-0.19,-0.38,12074.46,175.0,0.0,60.0,58.0,
1770044703394514546,56886,10.48,16.4,9.78,-14.7,-1.68,1.31,26.06,-2.13,-4.31,0.05,-0.18,-0.38,12074.29,174.0,0.0,60.0,58.0,
1770044703513328288,57005,10.448,10.2,10.44,-15.8,-1.68,0.74,26.06,-2.06,-4.31,0.07,-0.17,-0.38,12072.06,174.0,0.0,60.0,58.0,
1770044703636195246,57125,10.436,10.3,9.896,-16.8,-1.84,0.74,26.06,-2.06,-4.25,0.06,-0.15,-0.42,12073.6,174.0,0.0,60.0,58.0,
1770044703750882253,57248,9.612,9.4,10.452,-15.8,-1.8,0.78,26.06,-2.06,-4.19,0.07,-0.17,-0.41,12074.63,174.0,0.0,60.0,58.0,
1770044703869661495,57362,9.216,8.3,9.536,-15.3,-1.7,0.66,26.06,-2.06,-4.19,0.05,-0.14,-0.39,12073.77,175.0,0.0,0.7,60.0,58.0
1770044703988435829,57482,10.492,6.1,10.192,-16.9,-1.72,0.33,26.06,-2.06,-4.13,0.06,-0.16,-0.41,12072.4,171.0,0.0,60.0,58.0,
1770044704111318266,57601,8.988,6.6,10.488,-16.1,-1.76,0.33,26.06,-2.0,-4.13,0.05,-0.14,-0.4,12074.97,172.0,0.0,60.0,58.0,
1770044704226019677,57723,8.944,6.0,10.472,-14.5,-1.7,0.31,26.06,-2.0,-4.13,0.05,-0.14,-0.39,12074.8,172.0,0.0,60.0,58.0,
1770044704344731839,57836,9.132,6.5,10.276,-16.1,-1.74,0.37,26.06,-2.0,-4.13,0.05,-0.14,-0.42,12073.94,173.0,0.0,60.0,58.0,
1770044704463537651,57957,10.488,5.3,10.448,-17.0,-1.54,0.45,26.06,-2.0,-4.13,0.06,-0.16,-0.4,12071.71,174.0,0.0,60.0,58.0,
1770044704586451048,58076,10.524,5.8,10.168,-13.7,-1.62,0.39,26.06,-2.0,-4.13,0.02,-0.14,-0.39,12074.11,171.0,0.0,60.0,58.0,
1770044704701149440,58199,10.164,4.6,9.324,-15.5,-1.66,0.29,26.06,-2.0,-4.13,0.07,-0.14,-0.4,12073.77,171.0,0.0,60.0,58.0,
1770044704819917473,58312,8.98,5.8,10.468,-14.9,-1.74,0.53,26.06,-2.0,-4.13,0.06,-0.14,-0.39,12075.66,171.0,0.0,60.0,58.0,
1770044704938664395,58431,8.908,5.9,10.484,-14.2,-1.6,0.33,26.06,-2.0,-4.13,0.05,-0.13,-0.37,12073.77,174.0,0.0,60.0,58.0,
1770044705067496298,58552,9.064,6.4,9.204,-16.3,-1.76,0.37,26.06,-2.0,-4.13,0.05,-0.16,-0.4,12074.11,172.0,0.0,60.0,58.0,
1770044705176253986,58671,9.072,5.7,10.476,-16.4,-1.8,0.35,26.06,-2.0,-4.13,0.05,-0.14,-0.38,12072.06,172.0,0.0,60.0,58.0,
1770044705299065527,58787,9.6,5.3,9.736,-16.9,-1.72,0.14,26.06,-2.0,-4.13,0.05,-0.12,-0.4,12074.29,173.0,0.0,60.0,58.0,
1770044705417897279,58908,8.948,5.8,10.512,-13.4,-1.64,0.41,26.06,-2.0,-4.13,0.07,-0.15,-0.39,12073.43,174.0,0.0,60.0,58.0,
1770044705536683180,59027,10.52,4.6,9.656,-16.5,-1.6,0.25,26.06,-2.0,-4.13,0.05,-0.14,-0.4,12075.66,171.0,0.0,60.0,58.0,
1770044705655461987,59148,9.016,5.8,9.252,-16.2,-1.64,0.29,26.06,-2.0,-4.13,0.08,-0.16,-0.38,12073.94,171.0,0.0,60.0,58.0,
1770044705774303518,59266,10.548,5.5,10.492,-13.5,-1.62,0.35,26.06,-2.0,-4.13,0.07,-0.13,-0.39,12074.46,174.0,0.0,60.0,58.0,
1770044705893014566,59385,8.948,6.3,9.7,-15.9,-1.72,0.37,26.06,-2.0,-4.13,0.04,-0.13,-0.38,12075.31,175.0,0.0,60.0,58.0,
1770044706011767076,59503,10.512,5.0,10.38,-15.6,-1.8,0.23,26.06,-2.0,-4.13,0.05,-0.12,-0.41,12071.88,176.0,0.0,60.0,58.0,
1770044706134673893,59624,9.096,5.5,10.116,-16.7,-1.82,0.33,26.06,-2.0,-4.13,0.05,-0.12,-0.41,12070.34,178.0,0.0,60.0,58.0,
1770044706257586950,59745,10.536,5.7,10.436,-16.8,-1.68,0.29,26.06,-2.0,-4.13,0.06,-0.15,-0.41,12073.08,178.0,0.0,60.0,58.0,
1770044706376347774,59867,9.628,6.4,9.548,-15.2,-1.72,0.37,26.06,-2.0,-4.13,0.06,-0.13,-0.42,12074.29,175.0,0.0,60.0,58.0,
1770044706499178350,59987,10.528,5.9,10.4,-14.0,-1.66,0.33,26.06,-2.0,-4.13,0.03,-0.14,-0.41,12073.26,177.0,0.0,60.0,58.0,
1770044706622099130,60109,8.928,5.3,10.488,-16.0,-1.68,0.23,26.06,-2.0,-4.13,0.06,-0.12,-0.43,12074.29,174.0,0.0,60.0,58.0,
1770044706736782999,60230,9.848,6.5,9.876,-15.0,-1.8,0.39,26.06,-2.0,-4.13,0.05,-0.14,-0.4,12075.83,174.0,0.0,60.0,58.0,
1770044706859666278,60349,8.9,6.5,9.264,-15.9,-1.68,0.31,26.06,-2.0,-4.13,0.05,-0.14,-0.39,12073.43,175.0,0.0,60.0,58.0,
1770044706978476270,60469,10.424,6.0,10.372,-16.7,-1.72,0.21,26.06,-2.0,-4.13,0.07,-0.13,-0.38,12074.29,174.0,0.0,60.0,58.0,
1770044707097188265,60590,9.612,5.9,9.268,-13.2,-1.64,0.43,26.06,-2.0,-4.13,0.03,-0.13,-0.37,12073.94,177.0,0.0,60.0,58.0,
1770044707216024089,60709,9.348,6.7,10.276,-16.0,-1.58,0.41,26.06,-2.0,-4.13,0.05,-0.12,-0.43,12074.46,177.0,0.0,60.0,58.0,
1770044707338827163,60825,10.192,5.7,10.036,-14.9,-1.58,0.31,26.06,-2.0,-4.13,0.06,-0.14,-0.42,12075.66,175.0,0.0,60.0,58.0,
1770044707457628172,60947,8.836,6.2,10.488,-13.4,-1.62,0.31,26.06,-2.0,-4.13,0.07,-0.15,-0.39,12072.74,177.0,0.0,60.0,58.0,
1770044707580569025,61068,8.996,5.0,10.264,-14.9,-1.54,0.31,26.06,-2.0,-4.13,0.05,-0.14,-0.41,12074.63,175.0,0.0,60.0,58.0,
1770044707695211783,61190,10.356,5.9,10.468,-13.5,-1.56,0.29,26.06,-2.0,-4.13,0.06,-0.13,-0.38,12077.37,175.0,0.0,60.0,58.0,
1770044707818087987,61304,10.496,5.2,9.264,-14.0,-1.46,0.31,26.06,-2.0,-4.13,0.05,-0.14,-0.4,12074.97,175.0,0.0,60.0,58.0,
1770044707936872718,61426,10.536,5.0,10.496,-15.5,-1.66,0.39,26.06,-2.0,-4.13,0.06,-0.14,-0.41,12074.46,174.0,0.0,60.0,58.0,
1770044708055690314,61546,10.544,5.6,10.496,-14.5,-1.64,0.27,26.06,-2.0,-4.13,0.06,-0.16,-0.39,12072.06,172.0,0.0,60.0,58.0,
1770044708170333685,61665,9.744,5.6,9.708,-13.4,-1.82,0.35,26.06,-2.0,-4.13,0.04,-0.12,-0.4,12073.26,172.0,0.0,60.0,58.0,
1770044708293163278,61779,9.928,5.3,9.124,-14.1,-1.72,0.35,26.06,-2.0,-4.13,0.07,-0.15,-0.39,12075.14,176.0,0.0,60.0,58.0,
1770044708411940139,61901,10.54,6.4,10.496,-14.2,-1.66,0.29,26.06,-2.0,-4.13,0.05,-0.11,-0.37,12073.6,177.0,0.0,60.0,58.0,
1770044708530783186,62020,9.58,5.8,9.308,-15.1,-1.56,0.33,26.06,-2.0,-4.13,0.08,-0.15,-0.41,12074.8,173.0,0.0,60.0,58.0,
1770044708645458094,62140,10.536,4.9,9.288,-14.3,-1.7,0.29,26.06,-2.0,-4.13,0.07,-0.14,-0.38,12074.46,173.0,0.0,60.0,58.0,
1770044708764196844,62254,9.816,6.1,9.508,-14.4,-1.54,0.21,26.06,-2.0,-4.13,0.06,-0.14,-0.37,12075.49,176.0,0.0,60.0,58.0,
1770044708887117122,62375,9.616,5.0,10.216,-15.0,-1.66,0.43,26.06,-2.0,-4.13,0.06,-0.14,-0.41,12073.26,176.0,0.0,60.0,58.0,
1770044709005885706,62496,9.224,5.9,9.544,-16.4,-1.74,0.33,26.06,-2.0,-4.13,0.06,-0.14,-0.4,12074.46,174.0,0.0,60.0,58.0,
1770044709120575301,62615,10.088,5.9,9.064,-15.4,-1.62,0.31,26.06,-2.0,-4.13,0.07,-0.15,-0.4,12075.66,174.0,0.0,60.0,58.0,
1770044709239349701,62729,9.976,6.2,10.496,-14.6,-1.66,0.43,26.06,-2.0,-4.13,0.07,-0.15,-0.44,12074.29,176.0,0.0,60.0,58.0,
1770044709366250211,62849,8.952,6.0,10.5,-16.9,-1.66,0.39,26.06,-2.0,-4.13,0.06,-0.12,-0.4,12074.29,176.0,0.0,60.0,58.0,
1770044709472815586,62978,10.544,5.7,9.26,-14.2,-1.52,0.27,26.06,-2.0,-4.13,0.06,-0.13,-0.39,9217.27,176.0,0.0,60.0,58.0,
1770044709583403302,63081,8.972,6.1,9.284,-14.5,-1.58,0.25,26.06,-2.0,-4.13,0.04,-0.13,-0.38,12074.8,176.0,0.0,60.0,58.0,
1770044709706276489,63194,10.444,6.2,9.084,-15.4,-1.74,0.31,26.06,-2.0,-4.13,0.06,-0.13,-0.4,12073.94,176.0,0.0,60.0,58.0,
1770044709804586882,63315,10.428,5.9,9.96,-15.2,-1.76,0.33,26.06,-2.0,-4.13,0.05,-0.15,-0.4,6521.8,174.0,0.0,60.0,58.0,
1770044709933387619,63415,9.576,6.5,9.588,-14.2,-1.6,0.33,26.06,-2.0,-4.13,0.05,-0.14,-0.39,12075.14,175.0,0.0,60.0,58.0,
1770044710038055319,63535,9.784,6.3,10.412,-15.7,-1.64,0.35,26.06,-2.0,-4.13,0.05,-0.13,-0.44,12072.91,175.0,0.0,60.0,58.0,
1770044710160945971,63648,10.3,5.8,9.532,-14.5,-1.58,0.41,26.06,-2.0,-4.13,0.06,-0.14,-0.42,12074.46,176.0,0.0,60.0,58.0,
1770044710283772012,63769,10.54,6.0,10.136,-11.8,-1.6,0.33,26.06,-2.0,-4.13,0.06,-0.14,-0.39,12074.29,174.0,0.0,60.0,58.0,
1770044710416684091,63891,10.34,5.3,9.224,-14.6,-1.54,0.31,26.06,-2.0,-4.13,0.06,-0.14,-0.4,12071.37,175.0,0.0,60.0,58.0,
1770044710509081404,64018,9.132,5.1,10.2,-14.0,-1.58,0.29,26.06,-2.0,-4.13,0.05,-0.14,-0.41,3816.9,175.0,0.0,60.0,58.0,
1770044710627854956,64118,8.812,6.2,10.5,-16.6,-1.54,0.35,26.06,-2.0,-4.13,0.06,-0.16,-0.4,12076.34,172.0,0.0,60.0,58.0,
1770044710750727996,64238,8.96,6.2,9.484,-14.4,-1.52,0.31,26.06,-2.0,-4.13,0.05,-0.14,-0.41,12074.11,173.0,0.0,60.0,58.0,
1770044710873635296,64358,10.516,5.1,10.18,-14.7,-1.6,0.29,26.06,-2.0,-4.13,0.07,-0.14,-0.38,12074.46,174.0,0.0,60.0,58.0,
1770044710971940066,64482,10.164,5.3,9.616,-13.8,-1.56,0.25,26.06,-2.0,-4.13,0.05,-0.14,-0.4,3448.86,174.0,0.0,60.0,58.0,
1770044711074370131,64582,9.48,6.1,10.392,-15.9,-1.58,0.23,26.06,-2.0,-4.13,0.04,-0.15,-0.38,3461.73,176.0,0.0,60.0,58.0,
1770044711193086371,64683,8.864,5.7,10.532,-14.2,-1.6,0.29,26.06,-2.0,-4.13,0.05,-0.16,-0.4,12073.26,177.0,0.0,60.0,58.0,
1770044711311839315,64802,10.548,5.2,9.228,-13.9,-1.68,0.33,26.06,-2.0,-4.13,0.03,-0.14,-0.38,12073.26,177.0,0.0,60.0,58.0,
1770044711430636870,64919,10.408,5.5,9.404,-14.3,-1.58,0.25,26.06,-2.0,-4.13,-0.02,-0.13,-0.41,12072.23,173.0,0.0,60.0,58.0,
1770044711549422332,65039,9.396,5.5,9.54,-15.0,-1.62,0.29,26.06,-2.0,-4.13,0.09,-0.18,-0.44,12071.2,174.0,0.0,60.0,58.0,
1770044711672287413,65159,10.492,4.8,10.5,-16.6,-1.6,0.41,26.06,-2.06,-4.19,-0.01,0.13,-0.76,12073.26,173.0,0.7,0.0,60.0,58.0
1770044711792933990,65280,9.052,5.7,10.272,-2.8,-0.45,0.39,26.62,-2.44,-4.94,0.56,-0.9,0.37,12064.17,173.0,8.13,0.0,60.0,58.0
1770044711909850153,65393,8.844,5.9,9.3,-4.2,-0.37,0.29,29.69,-4.31,-8.31,-1.27,0.5,0.07,12064.0,194.0,8.35,0.0,60.0,58.0
1770044712008205688,65518,9.004,5.4,9.632,-3.1,-0.31,0.43,34.38,-5.0,-11.81,-2.2,0.79,0.42,4805.6,244.0,8.22,0.0,60.0,58.0
1770044712116487229,65617,10.092,6.2,9.924,-4.8,-0.35,0.29,39.88,-3.5,-11.81,-1.41,0.37,-0.42,1292.42,244.0,9.1,0.0,60.0,58.0
1770044712208853724,65717,10.332,6.3,9.144,-3.1,-0.27,0.41,47.25,-2.25,-9.5,-1.47,0.57,-0.14,3055.44,281.0,7.98,0.0,60.0,58.0
1770044712311237440,65818,10.208,5.9,10.56,-2.7,-0.21,0.37,56.63,-1.12,-6.81,-0.58,-0.05,-0.95,4409.95,281.0,7.43,0.83,60.0,58.0
1770044712409569260,65917,10.336,5.6,10.456,-4.9,-0.29,0.27,68.31,0.12,-4.88,-0.14,0.12,-1.3,1736.09,305.0,8.42,0.0,60.0,58.0
1770044712507853969,66017,9.56,5.7,10.528,-1.9,-0.43,0.39,82.25,0.88,-4.38,-0.72,0.74,-1.3,324.14,328.0,7.57,0.0,60.0,58.0
1770044712610295463,66117,8.772,6.0,10.528,-2.6,-0.18,0.37,95.62,2.31,-4.06,-0.33,1.66,-1.68,2632.35,328.0,7.73,0.0,60.0,58.0
1770044712729031356,66216,10.48,6.1,10.152,0.0,-0.31,0.35,107.0,5.06,-2.88,0.21,2.08,-1.02,12062.62,337.0,8.42,0.0,60.0,58.0
1770044712851904997,66336,8.884,6.5,10.532,-2.7,-0.21,0.39,118.87,6.13,-2.0,0.86,1.5,-0.8,12063.31,326.0,7.65,0.0,60.0,58.0
1770044712970686408,66459,8.944,6.5,10.576,-2.3,-0.43,0.27,132.0,6.63,-4.06,0.82,0.91,-1.29,12062.45,303.0,9.05,0.0,60.0,58.0
1770044713093559298,66580,9.544,5.6,10.536,-5.1,-0.63,0.43,142.81,7.5,-8.44,0.74,1.3,-0.11,12060.91,289.0,8.35,0.0,60.0,58.0
1770044713208241486,66700,8.844,6.6,10.532,-4.2,-0.37,0.43,150.25,5.88,-12.5,1.09,2.08,-0.14,12060.91,289.0,10.25,0.73,60.0,58.0
1770044713331105373,66814,8.856,6.3,10.532,-2.0,-0.23,0.47,152.38,4.56,-11.5,0.83,1.4,-0.43,12065.2,275.0,8.28,0.0,60.0,58.0
1770044713449882049,66939,9.108,5.6,9.524,-7.2,-0.51,0.29,152.31,2.06,-8.94,-0.51,0.56,-0.46,12065.88,245.0,6.85,0.68,60.0,58.0
1770044713572791121,67059,10.56,6.3,9.404,-5.6,-0.55,0.31,152.56,0.56,-5.81,-0.63,0.04,0.17,12066.57,215.0,5.57,0.0,60.0,58.0
1770044713691556723,67181,9.096,5.7,10.248,-5.7,-0.8,0.25,152.44,0.5,-4.5,0.06,0.73,-0.44,12074.11,215.0,2.16,0.0,60.0,58.0
1770044713810294769,67298,10.556,5.1,9.268,-13.4,-1.48,0.43,152.38,0.44,-4.69,-0.14,0.49,-0.47,12074.97,203.0,0.0,60.0,58.0,
1770044713933218249,67420,10.556,5.2,9.352,-14.2,-1.6,0.23,152.38,0.25,-5.19,-0.17,0.34,-0.47,12073.77,207.0,0.0,60.0,58.0,
1770044714051988921,67539,8.984,6.4,9.228,-11.9,-1.43,0.45,152.38,0.12,-5.56,-0.13,0.27,-0.44,12073.08,206.0,0.0,60.0,58.0,
1770044714166684875,67658,10.42,5.8,10.02,-15.0,-1.39,0.23,152.38,0.0,-5.81,-0.1,0.21,-0.43,12075.49,206.0,0.0,60.0,58.0,
1770044714285411150,67772,9.856,5.3,10.28,-14.1,-1.56,0.31,152.38,0.0,-6.0,-0.08,0.19,-0.43,12078.57,206.0,0.0,60.0,58.0,
1770044714408315432,67892,10.54,6.0,10.252,-13.3,-1.41,0.27,152.38,-0.06,-6.19,-0.06,0.16,-0.44,12076.86,206.0,0.0,60.0,58.0,
1770044714527114633,68015,9.272,6.2,10.504,-13.6,-1.45,0.33,152.38,-0.12,-6.31,-0.08,0.13,-0.43,12074.29,206.0,0.0,60.0,58.0,
1770044714637652692,68133,9.0,5.9,9.604,-13.5,-1.39,0.41,152.38,-0.12,-6.44,-0.05,0.13,-0.41,12073.43,206.0,0.0,60.0,58.0,
1770044714760608807,68247,10.316,6.6,10.492,-13.8,-1.35,0.41,152.38,-0.19,-6.5,-0.06,0.1,-0.42,12075.49,202.0,0.0,60.0,58.0,
1770044714883444977,68366,10.548,4.7,9.688,-13.2,-1.52,0.49,152.38,-0.19,-6.56,-0.04,0.11,-0.44,12074.46,204.0,0.0,60.0,58.0,
1770044715002233604,68489,10.528,6.0,9.036,-12.4,-1.45,0.37,152.38,-0.19,-6.63,-0.03,0.1,-0.41,12073.43,206.0,0.0,60.0,58.0,
1770044715112780837,68609,10.54,6.4,9.932,-14.1,-1.45,0.31,152.38,-0.25,-6.69,-0.06,0.08,-0.42,12073.43,206.0,0.0,60.0,58.0,
1770044715235684755,68721,10.528,5.2,10.484,-11.4,-1.41,0.35,152.38,-0.25,-6.75,-0.04,0.06,-0.41,12074.29,204.0,0.0,60.0,58.0,
1770044715362683642,68842,10.516,5.0,10.504,-14.3,-1.6,0.37,152.38,-0.25,-6.81,-0.04,0.04,-0.44,12075.31,204.0,0.0,60.0,58.0,
1770044715495619000,68969,9.0,5.8,10.48,-12.5,-1.43,0.27,152.38,-0.25,-6.81,-0.02,0.05,-0.39,12076.0,202.0,0.0,60.0,58.0,
1770044715608414348,69095,8.912,6.0,10.504,-13.1,-1.46,0.33,152.38,-0.25,-6.81,0.0,0.1,-0.43,12074.97,207.0,0.0,60.0,58.0,
1770044715723107457,69215,8.8,6.8,10.512,-13.7,-1.43,0.35,152.38,-0.25,-6.81,-0.03,0.08,-0.44,12075.83,207.0,0.0,60.0,58.0,
1770044715841847925,69328,10.216,6.0,10.52,-12.6,-1.64,0.33,152.38,-0.25,-6.75,-0.05,0.09,-0.36,12074.46,204.0,0.0,60.0,58.0,
1770044715968853589,69450,10.524,5.8,10.288,-12.8,-1.41,0.33,152.38,-0.25,-6.94,0.01,-0.31,-0.01,12076.0,207.0,0.0,60.0,58.0,
1770044716087678160,69575,9.884,5.6,9.844,-2.4,-0.25,0.35,154.13,-0.63,-6.44,0.03,-0.08,0.62,12065.54,208.0,8.28,0.0,60.0,58.0
1770044716202312167,69695,9.072,6.6,10.024,-5.4,-0.51,0.43,161.94,-0.19,-3.38,0.56,-0.49,-1.0,12064.17,208.0,7.32,0.0,60.0,58.0
1770044716325163092,69811,9.468,6.2,9.404,-2.8,-0.61,0.31,173.88,1.44,-0.37,0.1,-0.22,-0.75,12062.79,207.0,7.72,0.0,62.0,58.0
1770044716423499966,69931,10.572,5.7,10.564,-2.8,-0.55,0.49,-174.19,1.0,0.56,-0.11,0.28,-1.53,2828.72,207.0,7.14,0.0,62.0,58.0
1770044716552308010,70031,10.088,6.5,9.372,-4.2,-0.47,0.31,-166.31,-1.56,0.06,-0.68,0.25,-0.88,12062.62,210.0,8.37,0.0,62.0,58.0
1770044716665152792,70151,8.788,0.0,10.544,-3.1,-0.74,0.35,-159.5,-3.19,-1.06,-1.57,0.19,0.2,12064.51,206.0,7.02,0.0,62.0,58.0
1770044716783930545,70272,9.212,5.6,10.14,-6.0,-0.47,0.41,-157.44,-1.63,-1.88,-0.37,0.7,-1.21,12060.22,193.0,7.65,1.39,62.0,58.0
1770044716906812304,70391,8.992,0.0,10.56,-4.4,-0.76,0.37,-158.56,-1.06,-1.81,0.75,0.26,1.09,12066.57,185.0,5.57,0.0,62.0,58.0
1770044717021451031,70512,8.764,6.5,10.528,-14.1,-1.6,0.55,-158.56,-1.19,-1.94,-0.05,0.2,-0.42,12074.11,185.0,0.0,62.0,58.0,
1770044717144409261,70630,10.468,6.7,10.536,-14.7,-1.45,0.41,-158.56,-1.19,-2.13,0.03,0.24,-0.44,12073.6,187.0,0.0,62.0,58.0,
1770044717267242546,70752,10.312,6.4,10.488,-14.3,-1.48,0.35,-158.56,-1.19,-2.31,0.02,0.18,-0.46,12073.6,185.0,0.0,62.0,58.0,
1770044717385993456,70873,9.22,6.2,9.356,-13.1,-1.56,0.31,-158.56,-1.19,-2.44,0.0,0.2,-0.41,12072.91,187.0,0.0,62.0,58.0,
1770044717508879278,70992,10.52,5.6,10.428,-14.2,-1.68,0.29,-158.56,-1.19,-2.5,0.0,0.16,-0.4,12074.11,184.0,0.0,62.0,58.0,
1770044717627677466,71116,8.924,5.8,10.52,-12.7,-1.41,0.47,-158.56,-1.19,-2.63,-0.01,0.15,-0.41,12074.8,184.0,0.0,62.0,58.0,
1770044717746453227,71232,8.936,6.3,9.456,-14.5,-1.72,0.51,-158.56,-1.19,-2.69,0.0,0.13,-0.41,12075.49,184.0,0.0,62.0,58.0,
1770044717865239748,71351,10.076,7.2,10.168,-13.9,-1.39,0.55,-158.56,-1.19,-2.75,0.0,0.11,-0.47,12073.94,187.0,0.0,62.0,58.0,
1770044717988110218,71471,10.472,6.6,10.508,-11.3,-1.54,0.66,-158.56,-1.19,-2.81,0.0,0.1,-0.43,12073.94,184.0,0.0,62.0,58.0,
1770044718102796781,71595,10.124,7.8,10.376,-15.1,-1.46,0.53,-158.56,-1.19,-2.88,0.0,0.13,-0.43,12075.14,184.0,0.0,62.0,58.0,
1770044718221587182,71708,9.008,6.9,10.24,-13.8,-1.52,0.53,-158.56,-1.19,-2.94,0.0,0.11,-0.43,12074.11,188.0,0.0,62.0,58.0,
1770044718348488295,71828,10.44,7.5,10.476,-15.1,-1.6,0.43,-158.56,-1.19,-2.94,0.0,0.1,-0.43,12074.46,186.0,0.0,62.0,58.0,
1770044718471424997,71956,10.38,7.1,10.492,-14.2,-1.41,0.51,-158.56,-1.19,-3.0,0.0,0.07,-0.43,12073.08,185.0,0.0,62.0,58.0,
1770044718586169800,72076,8.724,7.2,9.696,-14.4,-1.56,0.57,-158.56,-1.19,-3.0,-0.01,0.1,-0.4,12074.63,185.0,0.0,62.0,58.0,
1770044718708994205,72194,9.872,6.3,9.856,-14.0,-1.45,0.59,-158.56,-1.19,-3.0,0.0,0.09,-0.41,12074.11,188.0,0.0,62.0,58.0,
1770044718827767568,72313,9.828,7.6,9.28,-14.7,-1.58,0.59,-158.56,-1.19,-3.0,0.0,0.09,-0.45,12073.26,186.0,0.0,62.0,58.0,
1770044718946539357,72433,9.78,7.3,9.276,-14.3,-1.5,0.61,-158.56,-1.19,-3.0,0.0,0.1,-0.41,12073.08,186.0,0.0,62.0,58.0,
1770044719061226415,72552,8.94,7.2,10.516,-14.1,-1.39,0.57,-158.56,-1.19,-3.0,0.0,0.1,-0.43,12074.29,186.0,0.0,62.0,58.0,
1770044719184121070,72668,10.548,7.1,10.128,-12.8,-1.5,0.55,-158.56,-1.19,-3.0,0.0,0.11,-0.41,12073.6,185.0,0.0,62.0,58.0,
1770044719302914203,72790,10.0,7.4,9.728,-12.2,-1.48,0.51,-158.56,-1.19,-3.0,-0.01,0.08,-0.41,12073.43,184.0,0.0,62.0,58.0,
1770044719425777210,72909,10.504,8.0,10.548,-13.4,-1.52,0.55,-158.56,-1.19,-3.0,-0.01,0.08,-0.43,12073.94,188.0,0.0,62.0,58.0,
1770044719544554657,73031,10.048,7.0,9.524,-13.3,-1.46,0.57,-158.56,-1.19,-3.0,0.0,0.09,-0.41,12073.77,188.0,0.0,62.0,58.0,
1770044719663327252,73149,9.428,6.3,10.092,-12.2,-1.46,0.61,-158.56,-1.19,-3.0,0.01,0.09,-0.41,12075.14,185.0,0.0,62.0,58.0,
1770044719782147921,73269,10.52,6.9,10.484,-13.4,-1.43,0.55,-158.56,-1.19,-3.0,0.0,0.07,-0.44,12075.14,182.0,0.0,62.0,58.0,
1770044719904985873,73388,9.412,6.7,10.5,-13.8,-1.46,0.68,-158.56,-1.19,-3.0,0.0,0.09,-0.41,12074.8,186.0,0.0,62.0,58.0,
1770044720023765040,73508,10.5,7.7,9.3,-11.7,-1.39,0.41,-158.56,-1.19,-3.0,0.01,0.09,-0.41,12074.97,184.0,0.0,62.0,58.0,
1770044720142565627,73628,10.548,6.6,9.472,-14.8,-1.45,0.61,-158.56,-1.19,-3.0,0.0,0.1,-0.41,12074.8,184.0,0.0,62.0,58.0,
1770044720261296159,73746,10.116,6.5,9.704,-12.4,-1.33,0.59,-158.56,-1.19,-3.0,0.01,0.11,-0.41,12074.46,188.0,0.0,62.0,58.0,
1770044720380059190,73866,10.108,5.6,9.312,-12.5,-1.46,0.23,-158.56,-1.19,-3.0,0.01,0.1,-0.41,12074.11,185.0,0.0,62.0,58.0,
1770044720494793791,73985,8.78,5.8,9.172,-7.4,-1.04,0.23,-158.56,-1.19,-3.0,-0.01,0.09,-0.43,12074.46,185.0,0.0,62.0,58.0,
1770044720613558322,74098,9.304,5.6,10.552,-4.5,-0.86,0.39,-158.56,-1.19,-3.0,0.01,0.09,-0.43,12075.66,186.0,0.0,62.0,58.0,
1770044720736472895,74220,8.832,6.6,9.868,-12.9,-1.56,0.57,-158.56,-1.19,-3.0,0.01,0.09,-0.43,12074.11,184.0,0.0,62.0,58.0,
1770044720855259926,74340,10.508,6.0,10.52,-9.4,-1.17,0.29,-158.56,-1.19,-3.0,0.0,0.09,-0.41,12073.08,184.0,0.0,62.0,58.0,
1770044720973991698,74461,10.528,6.1,10.572,-0.5,-0.27,0.37,-158.56,-1.19,-3.0,0.01,0.09,-0.4,12073.43,187.0,0.7,0.0,62.0,58.0
1770044721092784502,74580,9.088,5.1,10.58,-0.1,-0.02,0.21,-158.56,-1.19,-3.0,0.0,0.08,-0.43,12071.88,187.0,0.74,0.0,62.0,58.0
1770044721215694455,74697,10.66,5.9,9.732,-3.6,0.37,0.29,-158.56,-1.19,-3.0,0.0,0.1,-0.43,12056.96,185.0,10.19,0.0,62.0,58.0
1770044721342592024,74819,9.012,5.1,9.712,-38.5,0.59,0.27,-158.56,-1.19,-3.0,0.03,0.06,-0.43,12027.29,187.0,33.82,0.0,62.0,58.0
1770044721465481477,74948,10.564,6.3,10.528,-58.9,1.33,0.37,-158.5,-1.19,-3.0,0.16,-0.01,-0.79,12018.03,184.0,44.69,0.0,62.0,58.0
1770044721580187312,75071,10.52,3.5,10.448,-90.9,1.62,0.23,-157.38,-0.88,-2.94,0.01,0.07,-0.4,12009.46,184.0,53.45,0.0,62.0,58.0
1770044721707170436,75186,10.524,4.6,10.14,-100.3,2.17,0.31,-155.75,-1.0,-2.88,-0.16,-0.09,-0.34,12003.8,185.0,57.76,0.0,62.0,58.0
1770044721830036871,75312,10.44,22.3,10.38,-89.4,1.78,0.61,-154.06,-1.0,-3.0,0.21,0.04,-0.39,11981.85,182.0,58.14,15.37,62.0,58.0
1770044721952917047,75432,10.392,118.9,9.656,-83.0,1.99,2.05,-152.38,-1.37,-3.31,-0.02,0.67,0.0,11916.51,183.0,56.14,65.72,62.0,58.0
1770044722067665710,75555,10.048,173.1,10.192,-103.1,1.91,2.21,-152.63,-1.44,-3.5,-0.45,0.65,-1.51,11889.24,183.0,48.33,96.65,62.0,58.0
1770044722190479953,75672,9.776,219.5,9.588,-66.6,1.46,1.66,-153.88,-2.13,-3.88,-0.18,0.22,-0.91,11874.49,181.0,51.5,108.56,62.0,58.0
1770044722313299324,75796,10.2,220.9,9.672,-51.7,1.23,2.42,-155.88,-2.44,-3.81,0.0,-0.05,-0.48,11861.97,184.0,56.8,113.61,62.0,58.0
1770044722436597697,75919,8.564,0.0,10.172,-74.9,1.21,2.01,-157.75,-2.25,-3.88,-0.01,0.31,-0.46,11837.44,183.0,72.47,115.26,62.0,58.0
1770044722559318476,76040,9.552,163.2,9.744,-128.7,1.35,1.86,-159.5,-2.25,-3.88,0.35,-0.25,-0.3,11812.23,182.0,92.49,115.95,62.0,58.0
1770044722677832270,76163,10.188,248.7,8.884,-133.9,1.21,1.8,-160.69,-2.56,-4.0,-0.41,0.5,-0.52,11794.74,182.0,113.24,111.79,62.0,60.0
1770044722800778549,76281,9.188,203.4,9.74,-231.1,1.89,2.25,-160.81,-2.69,-3.88,-0.86,-0.09,-2.05,11754.44,180.0,142.81,112.5,62.0,60.0
1770044722923630625,76403,10.032,144.6,9.868,-224.9,2.17,1.43,-159.5,-2.38,-3.63,-1.31,-0.6,-0.43,11734.54,179.0,158.75,118.02,64.0,60.0
1770044723042410769,76526,9.688,141.0,9.448,-219.4,1.25,0.82,-158.5,-2.56,-3.31,-0.95,-0.91,-2.32,11720.14,178.0,158.06,127.69,64.0,60.0
1770044723161210852,76648,9.736,214.2,8.764,-222.9,1.84,1.8,-157.63,-2.69,-3.5,0.73,0.21,0.1,11708.3,178.0,157.43,139.85,64.0,60.0
1770044723284025236,76766,9.896,238.9,9.88,-188.3,1.88,1.6,-157.25,-2.75,-3.63,-0.02,-0.42,0.27,11699.56,181.0,157.72,146.36,64.0,60.0
1770044723406913563,76890,9.952,212.3,9.78,-215.8,1.74,1.89,-156.94,-2.75,-3.19,0.74,-3.07,3.86,11685.32,182.0,159.44,153.22,64.0,60.0
1770044723529871114,77010,8.28,175.1,9.588,0.0,1.43,1.05,-157.0,-2.75,-3.06,1.11,-1.52,1.06,11698.36,183.0,157.37,150.46,64.0,60.0
1770044723648592327,77132,8.976,258.1,9.992,-174.8,1.97,1.6,-156.81,-2.69,-3.06,0.46,1.0,-1.85,11694.93,183.0,157.52,149.54,66.0,62.0
1770044723771465988,77252,9.6,188.3,8.844,-191.5,0.96,1.29,-156.75,-2.81,-2.56,-1.17,0.84,-3.49,11692.53,180.0,158.98,153.59,66.0,62.0
1770044723900283543,77374,9.08,130.9,10.124,-215.7,1.48,1.13,-157.13,-2.56,-2.5,0.88,-0.84,-1.12,11699.21,178.0,156.68,151.84,66.0,62.0
1770044724013169510,77496,9.1,291.3,10.0,-171.9,1.68,2.11,-157.06,-2.56,-2.63,-1.88,1.55,2.14,11702.82,178.0,155.99,147.7,66.0,62.0
1770044724140105631,77618,10.116,0.0,8.764,-175.8,1.68,0.72,-156.81,-2.69,-2.25,0.15,0.8,-0.61,11693.73,174.0,158.06,150.46,66.0,62.0
1770044724254759038,77742,8.268,181.9,8.612,-199.0,1.23,1.21,-156.81,-2.5,-2.38,2.81,0.23,-1.29,11691.67,174.0,159.92,152.84,66.0,62.0
1770044724381714381,77858,8.1,236.5,9.748,-205.1,1.93,1.82,-156.81,-2.19,-2.63,-0.96,0.68,-0.43,11707.62,177.0,154.61,146.32,68.0,64.0
1770044724504644999,77985,9.828,211.9,9.948,-209.6,1.45,1.6,-156.81,-2.44,-2.44,-0.65,0.23,-1.5,11698.01,176.0,157.05,152.37,68.0,64.0
1770044724631657027,78106,9.956,186.2,9.732,-180.9,1.74,1.39,-156.56,-2.19,-2.38,-2.54,1.56,-0.29,11696.99,175.0,158.14,153.35,68.0,64.0
1770044724746299564,78233,10.124,217.6,8.88,-274.9,1.37,1.23,-156.69,-1.81,-2.56,0.52,-1.71,1.31,11700.59,175.0,156.48,149.46,68.0,64.0
1770044724869169885,78350,9.244,242.9,10.028,0.0,1.7,1.48,-156.44,-2.13,-2.38,-0.16,-0.17,0.21,11696.81,177.0,156.77,148.56,68.0,64.0
1770044724992078706,78473,9.944,170.1,8.976,-206.6,1.19,1.11,-156.38,-2.0,-2.5,-0.76,-0.39,-1.71,11695.79,175.0,158.06,153.22,68.0,64.0
1770044725114908225,78595,8.324,168.7,9.424,-302.5,1.82,1.48,-156.44,-1.69,-2.69,2.76,-0.78,0.95,11703.85,176.0,154.61,150.46,70.0,64.0
1770044725241867895,78720,9.596,210.3,9.444,-153.5,1.17,1.11,-156.31,-1.94,-2.69,1.18,-0.08,-0.52,11700.59,176.0,157.05,149.7,70.0,66.0
1770044725356528575,78843,10.176,203.8,9.728,-140.6,1.23,1.45,-156.44,-2.06,-2.56,0.5,0.68,-1.1,11697.16,176.0,158.25,151.71,70.0,66.0
1770044725479440927,78959,9.716,143.3,10.104,-200.0,1.62,1.41,-156.63,-1.63,-2.81,1.85,-0.11,-1.86,11701.44,178.0,155.99,152.53,70.0,66.0
1770044725602337797,79081,8.428,281.4,9.612,-174.1,1.0,2.13,-156.69,-2.13,-3.0,-2.47,1.44,1.62,11702.99,179.0,155.51,147.36,70.0,66.0
1770044725729303875,79205,10.124,206.5,10.1,-148.1,1.54,1.23,-156.5,-2.13,-2.44,-1.51,0.72,-3.24,11693.73,176.0,158.75,151.84,70.0,66.0
1770044725827650227,79330,8.96,98.5,9.656,-183.3,1.39,0.68,-156.5,-1.37,-2.81,-0.86,-1.04,0.48,164.81,176.0,152.94,149.51,70.0,66.0
1770044725925879875,79430,8.648,195.4,9.54,-238.1,1.56,1.56,-156.75,-1.25,-3.0,-0.26,0.37,-0.31,170.3,178.0,151.88,151.88,72.0,66.0
1770044726048780114,79531,9.66,238.4,8.68,-214.7,1.11,1.58,-157.0,-1.75,-2.75,0.88,-2.03,0.3,11701.27,175.0,157.51,148.6,72.0,68.0
1770044726171673535,79653,10.084,195.8,9.584,-212.0,1.25,1.31,-156.75,-1.5,-2.63,-0.74,1.91,-0.24,11696.13,175.0,156.79,151.71,72.0,68.0
1770044726269928382,79774,8.468,125.9,8.884,-223.2,1.56,0.64,-156.69,-1.12,-3.06,0.38,-1.17,-1.76,173.73,175.0,148.08,150.99,72.0,68.0
1770044726372329047,79875,9.44,269.8,9.604,-164.2,1.37,2.07,-156.88,-1.31,-2.88,1.96,-1.82,-0.52,160.01,175.0,156.0,148.02,72.0,68.0
1770044726495204875,79975,10.076,241.1,9.648,-136.9,1.39,1.58,-156.94,-1.75,-2.63,-4.94,-0.46,3.36,11692.18,176.0,158.3,153.01,72.0,68.0
1770044726618100184,80097,8.512,158.2,9.96,-179.4,1.58,1.37,-156.56,-1.12,-2.88,-1.48,-1.12,0.06,11700.24,177.0,155.99,152.53,72.0,68.0
1770044726745073015,80222,10.1,164.3,9.608,-153.4,1.15,1.29,-156.5,-1.31,-3.31,-0.16,0.38,-0.1,11705.73,180.0,156.47,147.19,74.0,70.0
1770044726867947417,80346,10.12,206.0,9.792,-155.3,0.98,1.54,-156.81,-1.81,-2.94,-1.23,0.25,-0.79,11699.39,177.0,157.54,149.4,74.0,70.0
1770044726990839319,80470,10.156,210.0,8.84,-180.4,1.58,1.43,-156.19,-1.25,-3.13,-1.98,0.11,-0.54,11700.76,179.0,154.61,151.84,74.0,70.0
1770044727109623509,80592,8.472,114.2,9.556,-211.9,1.25,1.29,-156.06,-1.12,-3.25,-0.78,1.65,-2.38,11702.47,179.0,157.43,150.1,74.0,70.0
1770044727232445053,80711,9.764,236.6,10.044,-176.2,1.74,1.78,-156.31,-1.69,-2.81,-1.55,-0.02,-0.17,11699.21,180.0,157.05,148.36,74.0,70.0
1770044727351187836,80833,9.864,144.9,8.812,-223.6,1.09,1.23,-155.94,-1.37,-2.81,-0.32,-1.02,-0.12,11703.33,176.0,154.61,154.61,74.0,70.0
1770044727482318127,80955,8.236,192.6,8.752,-229.5,2.17,1.35,-155.56,-1.06,-3.0,0.7,-0.06,-0.22,11699.56,178.0,155.99,149.77,76.0,70.0
1770044727609318507,81083,9.976,210.4,9.376,-201.9,1.21,1.8,-155.63,-1.56,-2.63,-0.42,2.35,-2.71,11696.47,177.0,157.97,148.83,76.0,72.0
1770044727723974898,81212,9.196,0.0,9.18,-207.4,1.88,0.82,-155.31,-1.5,-2.63,0.65,0.17,-0.41,11702.82,177.0,153.22,150.46,76.0,72.0
1770044727846855869,81328,9.836,88.8,9.096,-189.6,1.68,1.05,-154.75,-1.0,-3.06,-1.02,0.74,-0.29,11696.3,181.0,157.37,152.53,76.0,72.0
1770044727969725284,81449,10.016,207.4,10.04,-160.0,0.82,1.7,-154.75,-1.56,-2.63,-0.9,2.14,-2.71,11696.47,177.0,160.82,149.08,76.0,72.0
1770044728092571399,81571,8.392,146.7,10.06,-184.6,0.92,0.86,-154.69,-1.63,-2.5,1.28,-3.51,-1.53,11704.53,179.0,154.61,151.15,76.0,72.0
1770044728211396121,81696,8.648,0.0,8.988,-231.6,1.39,1.35,-154.13,-1.06,-2.75,3.38,0.43,-0.06,11698.7,179.0,157.97,154.49,78.0,72.0
1770044728334236308,81815,9.072,201.6,9.852,-158.5,1.02,1.66,-154.31,-1.69,-2.94,0.59,2.19,-2.03,11700.76,178.0,158.67,148.23,78.0,74.0
1770044728457124422,81937,10.06,227.3,10.06,-166.1,1.46,1.74,-154.44,-1.94,-2.63,0.0,-0.25,0.69,11701.27,177.0,159.58,149.4,78.0,74.0
1770044728584109056,82061,10.024,0.0,9.548,-277.3,1.91,1.27,-153.75,-1.31,-3.0,-1.67,5.09,-3.46,11692.87,177.0,158.22,152.11,78.0,74.0
1770044728686519009,82187,10.136,189.6,8.876,-186.5,1.68,1.35,-153.81,-1.5,-3.0,-1.35,-0.07,-1.52,172.53,177.0,156.38,151.22,78.0,74.0
1770044728805277657,82287,8.416,231.2,9.988,-135.0,1.68,1.04,-153.94,-1.88,-2.88,1.52,0.9,-0.79,11709.68,178.0,158.3,147.72,78.0,74.0
1770044728907694906,82409,8.84,204.7,8.928,-247.1,1.99,0.72,-153.63,-1.25,-3.31,-2.2,0.25,-0.2,165.5,178.0,150.1,148.27,78.0,74.0
1770044729030519407,82509,9.012,107.9,9.268,-217.4,1.43,0.61,-153.0,-1.06,-3.31,-1.11,-1.22,0.3,11697.84,178.0,153.74,150.91,80.0,74.0
1770044729153395090,82634,9.82,212.7,9.908,-143.9,0.98,1.27,-153.38,-1.75,-3.56,-1.05,0.98,0.0,11702.99,178.0,159.51,150.61,80.0,76.0
1770044729280447683,82756,8.192,228.6,10.0,-202.5,1.15,1.41,-153.44,-1.88,-3.38,-4.94,-2.32,1.53,11704.19,176.0,153.59,148.87,80.0,76.0
1770044729399147437,82880,10.008,186.3,9.484,-175.3,1.64,1.04,-152.38,-1.06,-3.81,3.36,1.68,1.48,11700.76,177.0,157.37,152.53,80.0,76.0
1770044729526210474,83002,9.444,117.2,10.028,-227.8,1.84,1.6,-153.0,-1.75,-3.88,-3.18,-0.23,0.06,11704.7,178.0,158.06,148.39,80.0,76.0
1770044729624484235,83127,9.096,174.4,9.568,-211.9,1.54,1.56,-153.13,-1.94,-3.88,-2.8,-2.2,0.1,182.3,178.0,154.94,146.52,80.0,76.0
1770044729726876202,83227,8.388,214.8,9.564,0.0,2.32,1.31,-152.56,-1.44,-4.0,0.6,-0.18,0.5,163.78,181.0,149.96,148.36,82.0,76.0
1770044729845601123,83326,9.616,139.9,10.04,-168.3,1.35,1.39,-152.56,-1.37,-3.94,1.43,0.0,-1.31,11698.19,183.0,156.03,152.06,82.0,76.0
1770044729964427730,83448,9.796,174.6,9.976,-128.4,1.39,1.58,-152.75,-1.81,-3.69,-2.61,2.0,-0.34,11705.56,183.0,157.61,150.42,82.0,78.0
1770044730091399634,83564,10.048,184.4,9.672,-270.8,2.01,0.98,-152.56,-1.63,-3.69,0.2,0.67,0.36,11707.1,179.0,152.4,148.92,82.0,78.0
1770044730214287275,83693,10.104,168.8,9.496,-188.3,1.72,0.72,-152.31,-1.31,-3.63,0.11,-1.03,-1.16,11697.33,181.0,157.14,151.83,82.0,78.0
1770044730337127009,83815,8.272,142.8,9.848,-151.0,1.25,1.64,-152.56,-1.75,-3.44,-0.98,-1.04,0.92,11705.39,179.0,156.96,147.53,82.0,78.0
1770044730460054984,83939,10.092,224.1,9.136,-204.0,1.37,1.48,-152.5,-1.81,-3.56,-1.19,1.15,0.41,11711.73,181.0,151.84,149.08,84.0,78.0
1770044730582886792,84061,9.228,110.5,9.804,-155.1,1.58,0.49,-151.69,-1.19,-3.63,0.31,0.63,-0.49,11690.3,181.0,158.97,151.71,84.0,78.0
1770044730705735544,84186,8.4,195.3,9.972,-126.3,1.07,0.72,-152.31,-1.69,-3.25,-1.13,0.69,0.94,11700.07,176.0,161.28,151.57,84.0,80.0
1770044730828628056,84307,8.508,176.1,9.116,-208.3,1.54,1.54,-152.38,-1.69,-3.44,1.82,0.24,-1.71,11713.79,175.0,150.22,148.2,84.0,80.0
1770044730931052890,84431,9.364,144.2,9.86,-173.1,1.97,0.94,-151.75,-1.37,-3.38,-2.62,-2.19,0.07,179.39,175.0,154.08,150.49,84.0,80.0
1770044731058001309,84532,9.876,158.9,10.052,-193.4,1.82,1.09,-151.88,-1.56,-3.25,0.68,-0.12,-2.36,11701.1,180.0,157.94,152.23,84.0,80.0
1770044731180887335,84659,10.048,140.0,9.168,-195.0,1.27,1.7,-152.0,-1.94,-3.31,-0.07,0.88,-1.87,11711.39,179.0,153.59,148.87,84.0,80.0
1770044731303755972,84781,9.12,197.5,10.004,-220.0,1.0,1.39,-151.13,-1.69,-3.31,-0.42,-0.46,0.94,11698.87,177.0,154.72,151.29,86.0,80.0
1770044731422548700,84902,10.052,167.7,9.22,-153.3,1.37,1.09,-151.19,-1.69,-3.19,5.8,0.66,1.05,11695.27,179.0,156.58,151.71,86.0,80.0
1770044731541339205,85023,10.152,231.4,9.016,-167.4,1.45,1.54,-151.44,-2.0,-3.19,2.51,1.58,0.26,11709.33,179.0,157.52,148.81,86.0,82.0
1770044731643727795,85143,8.804,208.9,9.96,-242.0,2.07,1.48,-150.69,-1.94,-3.31,-0.37,1.6,1.78,168.76,179.0,145.02,143.46,86.0,82.0
1770044731762500985,85243,9.804,155.5,8.928,-158.3,1.02,1.52,-150.38,-1.69,-3.25,-0.7,-0.93,-1.53,11699.21,181.0,155.61,151.17,86.0,82.0
1770044731885378845,85363,8.252,197.1,10.068,-121.6,1.04,0.8,-150.88,-2.0,-3.25,-1.68,-1.22,0.46,11701.96,179.0,159.21,150.01,86.0,82.0
1770044732000093903,85485,9.104,217.2,10.016,-233.2,1.84,1.48,-150.63,-2.06,-3.38,1.09,-0.94,0.56,11710.36,179.0,150.42,148.26,88.0,82.0
1770044732122935685,85602,8.836,194.8,9.548,-176.2,1.5,1.25,-150.19,-1.75,-3.25,0.81,-1.06,0.34,11697.84,179.0,156.68,151.84,88.0,82.0
1770044732245804633,85724,10.144,178.3,10.076,-148.9,1.56,1.5,-150.56,-1.94,-3.25,-1.61,-3.05,0.51,11705.39,179.0,155.4,149.24,88.0,84.0
1770044732368637155,85844,9.884,248.2,9.912,-176.7,1.48,1.84,-150.44,-2.13,-3.5,1.22,0.75,-0.55,11709.85,181.0,153.1,146.84,88.0,84.0
1770044732466962035,85967,9.912,117.2,0.0,0.0,1.43,0.9,-149.88,-1.94,-3.5,0.27,1.64,-1.4,164.13,181.0,153.44,149.7,88.0,84.0
1770044732589865705,86068,10.108,185.8,9.656,-180.4,2.05,1.31,-149.88,-1.81,-3.19,1.09,-0.03,0.6,11688.41,181.0,159.85,154.61,88.0,84.0
1770044732712709801,86190,10.092,168.5,9.996,-201.8,1.37,0.72,-149.94,-2.06,-3.25,-0.72,-0.15,-1.31,11709.5,178.0,154.61,149.08,88.0,84.0
1770044732841573271,86311,8.376,215.5,9.312,-216.8,2.29,1.46,-149.44,-2.0,-3.19,-0.97,-2.07,0.22,11707.96,177.0,152.53,148.39,90.0,84.0
1770044732954391621,86433,8.784,130.8,9.708,-194.1,1.5,0.82,-149.19,-1.88,-2.94,0.3,1.96,-3.61,11695.61,177.0,158.33,151.14,90.0,84.0
1770044733077271808,86554,9.304,228.4,9.876,-186.3,1.35,0.86,-149.38,-1.94,-2.88,0.68,0.14,-1.48,11710.71,176.0,154.94,148.87,90.0,86.0
1770044733196070139,86676,8.464,246.8,9.868,-205.9,1.84,1.66,-149.13,-2.0,-3.13,-3.08,0.19,-0.51,11710.19,179.0,152.53,149.08,90.0,86.0
1770044733318915620,86796,8.672,176.8,9.42,-159.3,1.6,1.29,-148.88,-1.81,-2.94,-2.11,-1.21,0.08,11698.19,179.0,156.48,151.57,90.0,86.0
1770044733433606598,86918,8.332,127.2,10.072,-196.8,1.27,0.72,-149.13,-1.88,-2.81,0.9,-1.1,-0.25,11702.99,179.0,156.07,152.44,90.0,86.0
1770044733556485635,87034,9.384,186.9,8.948,-272.2,2.62,0.72,-149.0,-1.81,-3.13,2.41,-1.55,0.74,11710.71,175.0,155.51,147.36,92.0,86.0
1770044733687542805,87157,9.76,174.6,10.02,-187.4,1.39,1.48,-148.81,-1.81,-3.19,-0.13,0.54,-0.65,11699.21,179.0,157.27,153.8,92.0,86.0
1770044733810424194,87286,9.06,135.1,9.172,-143.6,1.58,1.15,-148.81,-1.81,-3.25,0.32,-1.05,-0.39,11694.24,179.0,157.48,152.34,92.0,86.0
1770044733933252434,87409,8.828,221.9,9.792,-217.8,2.27,1.33,-148.88,-2.06,-3.56,1.76,0.2,0.58,11708.48,176.0,153.92,149.08,92.0,88.0
1770044734035708942,87535,9.564,123.7,8.58,-194.3,1.68,1.58,-148.69,-2.0,-3.31,-1.89,4.55,-1.46,154.18,176.0,150.25,145.29,92.0,88.0
1770044734158583031,87635,9.988,179.3,10.064,-174.1,0.9,1.25,-148.44,-1.94,-3.44,2.76,1.7,-4.79,11693.73,177.0,158.3,154.94,92.0,88.0
1770044734281446898,87757,8.512,191.4,9.732,-191.7,1.88,1.5,-148.94,-1.81,-3.5,2.3,1.39,0.3,11713.96,179.0,152.11,147.36,94.0,88.0
1770044734404298950,87881,8.896,233.7,9.5,-213.4,1.68,1.7,-148.88,-1.81,-3.81,2.74,1.56,-0.45,11709.68,178.0,152.53,149.77,94.0,88.0
1770044734527200409,88004,8.116,187.8,9.168,-204.3,1.25,1.46,-148.81,-1.81,-3.5,-0.02,-1.14,-0.28,11700.24,178.0,156.07,152.44,94.0,88.0
1770044734650077813,88126,9.88,208.9,10.044,-147.6,1.89,0.8,-149.25,-1.69,-3.44,-0.98,0.72,-2.65,11705.56,178.0,153.94,150.65,94.0,90.0
1770044734768862530,88248,9.96,0.0,9.668,-195.2,1.99,0.96,-148.94,-1.69,-3.63,-1.6,1.39,-1.58,11706.42,179.0,152.4,149.62,94.0,90.0
1770044734891754503,88369,10.1,189.8,8.628,0.0,1.56,1.35,-148.81,-1.69,-3.44,2.08,1.41,0.38,11700.76,180.0,154.61,151.84,94.0,90.0
1770044735010530394,88491,10.112,184.7,9.852,-164.6,1.91,1.39,-149.25,-1.69,-3.5,0.22,0.29,-1.13,11700.42,180.0,154.62,150.26,94.0,90.0
1770044735133421459,88609,8.144,200.9,9.568,-191.9,2.19,1.13,-148.88,-1.69,-4.13,4.23,-4.63,2.34,11714.99,178.0,149.55,146.85,96.0,90.0
1770044735256292779,88732,9.852,208.4,8.792,-105.1,1.02,1.5,-148.63,-1.69,-3.81,-1.62,-0.67,-1.04,11716.71,182.0,148.92,151.71,96.0,90.0
1770044735375040564,88854,10.216,203.3,9.704,-109.7,0.92,1.58,-148.94,-1.56,-3.69,-0.81,-0.17,0.32,11724.6,181.0,138.29,151.29,96.0,90.0
1770044735502082947,88976,8.532,196.8,10.06,-165.0,1.68,1.78,-149.56,-1.63,-4.13,-1.43,-0.32,1.07,11736.09,180.0,131.14,148.39,96.0,92.0
1770044735620916932,89101,10.008,221.9,9.1,-204.5,1.43,1.56,-150.06,-1.69,-4.19,-1.5,2.09,-0.61,11732.49,180.0,135.7,148.23,96.0,92.0
1770044735743803144,89219,10.128,183.4,8.736,-139.0,1.58,1.25,-150.31,-1.56,-3.69,1.2,1.61,0.16,11723.4,181.0,138.73,151.84,96.0,92.0
1770044735862605605,89340,9.932,139.8,8.696,-204.6,2.09,0.78,-151.13,-1.75,-3.75,0.19,-0.08,-0.44,11710.88,182.0,151.15,148.39,96.0,92.0
1770044735960912559,89462,9.108,226.6,9.18,-237.8,2.07,1.64,-151.06,-1.81,-3.56,-0.34,-2.13,0.83,155.38,182.0,152.94,144.35,98.0,92.0
1770044736083863653,89561,10.02,182.7,9.432,-137.1,1.45,1.48,-150.81,-1.69,-3.5,-1.71,-0.45,-1.05,11696.64,177.0,158.62,150.79,98.0,92.0
1770044736202629569,89683,9.644,203.5,9.368,-194.6,1.48,0.61,-151.06,-1.69,-3.38,3.22,1.17,-1.73,11700.42,176.0,159.44,150.46,98.0,94.0
1770044736325480622,89803,9.984,225.1,8.716,-253.8,1.8,2.21,-151.13,-1.5,-3.5,-1.26,0.31,1.04,11704.7,176.0,159.85,148.43,98.0,94.0
1770044736448381889,89924,10.096,190.1,9.7,-202.9,1.72,1.43,-151.0,-1.37,-3.25,0.67,0.81,-1.97,11701.62,176.0,154.72,148.56,98.0,94.0
1770044736563132789,90047,10.032,162.2,8.74,-179.9,0.86,1.02,-150.75,-1.25,-2.94,2.76,0.74,0.3,11694.93,176.0,161.88,152.44,98.0,94.0
1770044736686053355,90163,10.06,165.0,10.0,-177.4,1.6,0.92,-151.06,-1.19,-3.13,-0.89,-0.62,-0.6,11710.53,178.0,152.66,147.19,100.0,94.0
1770044736817092077,90284,10.056,193.0,8.888,-260.5,1.84,1.58,-151.13,-1.12,-3.13,-3.37,-0.34,-0.46,11703.5,179.0,152.4,150.32,100.0,94.0
1770044736950028622,90415,8.432,100.9,9.62,-177.4,1.29,1.48,-150.81,-1.12,-2.88,0.58,-0.35,-0.66,11699.73,176.0,158.05,152.22,100.0,94.0
1770044737058796853,90541,9.708,146.6,9.156,-209.9,1.45,1.23,-150.81,-1.19,-3.0,0.0,-0.49,0.77,11715.68,176.0,152.97,145.95,100.0,96.0
1770044737177595734,90655,9.704,252.4,9.972,-277.0,1.88,1.72,-150.44,-1.12,-3.56,1.25,0.4,-1.55,11704.19,176.0,155.08,149.46,100.0,96.0
1770044737300452341,90776,10.04,175.7,9.44,-151.6,1.37,1.43,-150.19,-1.19,-3.13,-0.95,1.36,-0.56,11695.44,176.0,158.82,151.29,100.0,96.0
1770044737423335415,90900,8.116,190.1,9.892,-188.6,1.45,1.54,-150.31,-1.31,-3.0,0.04,-0.87,1.52,11703.85,177.0,157.27,150.32,102.0,96.0
1770044737542191528,91023,9.688,212.6,9.924,-202.0,1.82,1.5,-150.06,-1.44,-3.56,-0.57,-1.19,-0.5,11709.5,177.0,152.13,146.47,102.0,96.0
1770044737665091401,91140,9.692,124.5,9.544,-152.7,1.15,0.78,-150.06,-1.5,-3.0,-0.41,-1.37,0.1,11702.3,177.0,158.14,150.61,102.0,96.0
1770044737793937090,91261,10.076,187.5,9.6,-168.1,1.39,0.92,-149.94,-1.56,-2.88,0.0,-1.23,0.48,11704.02,175.0,155.88,149.62,102.0,96.0
1770044737910880739,91383,10.004,177.6,9.316,-243.1,1.29,1.93,-149.81,-1.69,-3.44,-3.72,-0.7,-0.27,11706.42,175.0,153.22,147.01,102.0,98.0
1770044738029674619,91506,9.624,223.3,9.756,-144.3,1.09,1.54,-149.75,-1.81,-3.06,2.24,-1.15,-1.71,11699.04,173.0,158.75,150.46,102.0,98.0
1770044738144372596,91628,10.1,188.2,9.676,-152.8,0.9,1.11,-149.44,-1.81,-2.75,3.1,0.53,-2.04,11697.16,173.0,158.33,152.58,104.0,98.0
1770044738271334488,91743,9.456,179.5,9.984,-310.2,1.52,1.43,-149.25,-1.81,-3.13,-0.76,0.09,0.57,11712.42,173.0,152.53,147.01,104.0,98.0
1770044738369664726,91867,8.852,258.0,9.728,-214.5,1.11,2.09,-149.19,-2.13,-3.0,-0.11,1.12,-0.76,164.81,173.0,153.76,144.61,104.0,98.0
1770044738492606398,91967,8.308,176.7,10.064,-165.2,1.54,1.52,-148.88,-2.19,-2.81,-1.88,0.92,0.11,11702.65,175.0,156.45,150.23,104.0,98.0
1770044738611377919,92089,9.764,184.5,8.636,-210.1,1.29,1.58,-149.19,-1.94,-2.81,-0.97,1.0,-0.35,11706.42,171.0,154.72,148.56,104.0,100.0
1770044738713812372,92210,9.052,239.3,9.84,-194.4,1.56,1.35,-149.13,-2.06,-3.06,0.36,-0.5,0.39,166.18,172.0,153.25,141.46,104.0,100.0
1770044738836709593,92310,9.864,144.5,9.976,-194.3,1.5,1.46,-148.88,-2.38,-2.75,-3.17,-0.35,1.05,11689.1,171.0,157.95,151.47,104.0,100.0
1770044738951390716,92432,9.928,0.0,8.528,-209.0,1.25,0.88,-149.06,-2.13,-2.81,-0.11,0.74,-0.9,11702.65,171.0,152.71,150.57,106.0,100.0
1770044739074284808,92549,9.808,236.1,9.636,-245.1,1.8,1.66,-149.0,-2.0,-3.25,-0.7,0.96,-1.64,11710.36,172.0,154.15,146.0,106.0,100.0
1770044739197149981,92672,8.528,162.4,10.016,-207.9,1.21,1.23,-149.31,-2.31,-3.0,-0.02,-0.25,0.28,11702.99,170.0,155.78,148.76,106.0,100.0
1770044739295456077,92792,8.648,200.9,9.184,-153.1,1.35,1.41,-149.0,-2.06,-3.0,-1.13,0.88,-0.24,163.1,170.0,156.13,147.36,106.0,100.0
1770044739418396541,92892,8.128,157.1,9.74,-223.8,2.44,0.64,-149.25,-1.75,-3.06,-0.79,-0.97,0.51,11702.13,171.0,156.79,151.47,106.0,102.0
1770044739537201209,93016,10.008,258.2,9.948,-192.3,1.11,2.15,-149.0,-2.0,-3.19,2.93,-1.45,0.69,11702.13,170.0,155.3,145.63,106.0,102.0
1770044739670122046,93134,9.124,111.4,9.952,-186.5,1.25,0.72,-149.13,-2.25,-3.19,0.94,1.37,-2.67,11694.76,171.0,155.99,150.46,106.0,102.0
1770044739795269243,93258,9.216,175.0,9.988,-218.6,1.58,1.33,-149.0,-1.75,-3.31,-0.38,-0.67,-0.95,11702.99,171.0,152.79,150.07,108.0,102.0
1770044739910036410,93391,8.592,275.0,8.732,-150.2,1.46,2.27,-148.81,-2.0,-3.44,1.36,0.14,-1.48,11707.28,171.0,156.87,146.68,108.0,102.0
1770044740032859139,93507,8.676,209.9,9.556,-168.0,0.74,1.58,-148.75,-2.31,-3.19,-2.31,0.38,-1.8,11698.19,172.0,156.19,149.4,108.0,102.0
1770044740151635314,93629,9.996,0.0,9.228,-180.3,2.07,1.33,-148.69,-1.94,-3.63,0.22,0.37,-1.43,11700.24,170.0,154.96,152.84,108.0,102.0
1770044740254100974,93750,8.34,180.0,9.956,-181.6,1.72,1.17,-148.88,-1.88,-4.0,-1.72,-1.32,-1.81,159.15,170.0,150.87,143.85,108.0,104.0
1770044740376937489,93850,8.372,240.2,10.028,-205.8,1.74,1.5,-149.06,-2.38,-3.75,-1.28,-1.73,-2.96,11695.44,173.0,159.75,149.16,108.0,104.0
1770044740499861313,93973,9.812,220.3,9.948,-212.3,1.74,1.7,-148.94,-1.94,-3.69,-0.43,0.46,-0.05,11699.9,173.0,154.61,151.15,110.0,104.0
1770044740598244186,94095,10.016,176.1,10.004,-268.7,1.5,1.35,-148.88,-1.56,-3.94,-0.02,-1.28,0.2,164.64,171.0,148.51,145.44,110.0,104.0
1770044740725167284,94195,8.604,295.9,9.912,-185.7,1.84,2.01,-149.13,-1.94,-3.94,1.15,-0.42,-0.11,11706.93,173.0,157.38,148.36,110.0,104.0
1770044740843966759,94322,9.684,213.6,8.916,-170.1,1.6,1.54,-149.13,-1.88,-3.75,-0.29,1.16,-2.04,11700.07,173.0,154.38,148.76,110.0,104.0
1770044740962748380,94438,9.204,171.2,10.012,-291.3,2.4,1.09,-148.75,-1.37,-4.0,3.24,-1.24,-0.84,11698.87,175.0,156.68,151.15,110.0,104.0
1770044741065179489,94560,8.188,217.8,8.552,0.0,1.13,1.76,-148.69,-1.44,-4.13,-0.03,0.49,-1.27,153.49,175.0,152.28,145.12,110.0,106.0
1770044741192187000,94660,8.388,233.4,9.948,-202.8,1.02,1.62,-148.63,-1.94,-3.94,-2.54,-0.07,-1.76,11701.62,176.0,157.41,147.36,110.0,106.0
1770044741310881783,94787,10.052,141.6,9.56,-187.3,1.45,1.31,-148.06,-1.5,-4.0,2.8,1.13,0.58,11704.7,176.0,152.92,150.89,112.0,106.0
1770044741437963379,94909,10.016,205.6,9.964,-201.8,1.72,0.82,-148.0,-1.31,-4.31,0.06,-0.62,3.18,11712.08,178.0,152.11,146.68,112.0,106.0
1770044741556721763,95032,8.552,208.5,9.956,-157.4,1.27,1.74,-148.13,-2.06,-3.94,-0.72,-0.76,-1.07,11704.53,175.0,156.68,147.7,112.0,106.0
1770044741683749889,95154,10.104,103.9,9.944,-235.9,1.05,0.86,-147.88,-1.88,-3.81,-0.67,0.5,-1.11,11707.62,175.0,152.11,151.43,112.0,106.0
1770044741794363977,95278,9.384,181.2,9.84,-230.9,1.39,1.09,-147.63,-1.5,-4.19,1.53,0.6,-1.36,11705.22,175.0,153.3,146.1,112.0,108.0
1770044741917247508,95390,9.884,227.9,8.576,-187.5,1.6,1.46,-147.69,-2.19,-3.81,-1.1,2.4,1.53,11704.36,178.0,157.61,146.1,112.0,108.0
1770044742040140779,95512,8.116,196.5,9.984,-165.3,1.43,1.5,-147.63,-2.31,-3.69,1.03,-1.08,-0.44,11696.47,175.0,154.61,149.77,114.0,108.0
1770044742163031707,95635,9.516,104.1,9.088,-268.4,1.86,0.76,-146.94,-1.88,-4.0,8.49,-2.18,2.69,11704.53,174.0,152.53,149.77,114.0,108.0
1770044742281748684,95757,10.076,206.3,9.736,-189.4,1.45,1.41,-147.06,-2.25,-3.88,0.49,0.1,-1.07,11706.76,174.0,154.38,145.25,114.0,108.0
1770044742408777911,95879,10.076,219.1,9.228,-157.4,1.78,1.46,-147.13,-2.63,-3.63,-0.27,-1.36,0.26,11702.3,174.0,155.15,149.18,114.0,108.0
1770044742531694620,96004,9.48,186.8,9.968,-295.5,1.82,1.27,-146.44,-2.06,-3.88,0.61,0.37,0.43,11701.96,172.0,156.09,149.93,114.0,108.0
1770044742654603347,96125,8.404,236.0,9.9,-181.6,0.92,1.43,-146.31,-2.31,-4.0,1.44,0.41,1.58,11704.36,176.0,156.68,147.7,114.0,110.0
1770044742785702808,96248,9.972,247.9,9.048,0.0,1.0,1.7,-146.25,-2.81,-3.88,0.57,0.72,-1.59,11705.73,175.0,158.06,147.7,116.0,110.0
1770044742900386445,96378,9.348,125.2,9.456,-209.8,2.01,1.48,-145.75,-2.19,-4.0,2.68,-0.34,-0.6,11701.62,175.0,154.15,151.43,116.0,110.0
1770044743023276767,96495,9.968,171.1,9.64,-200.2,1.64,0.68,-145.81,-2.25,-4.13,0.27,0.39,-0.94,11702.47,180.0,155.99,149.77,116.0,110.0
1770044743146180886,96617,9.688,291.9,9.76,-168.8,1.52,1.76,-146.0,-2.81,-4.06,-1.98,-0.83,-1.97,11702.65,177.0,156.19,146.68,116.0,110.0
1770044743273122848,96741,8.452,197.9,9.352,-215.7,2.01,1.13,-145.5,-2.31,-3.88,-0.34,0.61,-0.52,11704.7,179.0,154.03,149.24,116.0,110.0
1770044743391937062,96869,8.692,139.0,9.512,-153.5,1.41,0.76,-145.56,-2.06,-4.06,0.93,-0.81,1.27,11700.93,179.0,155.51,150.07,116.0,112.0
1770044743514847182,96987,9.832,193.9,10.008,-126.9,1.05,1.19,-145.75,-2.63,-3.69,-2.84,-0.58,0.82,11705.39,177.0,157.54,145.32,118.0,112.0
1770044743637744726,97111,10.0,212.3,9.656,-193.8,1.86,1.39,-145.63,-2.31,-3.5,3.16,-0.65,0.03,11704.7,175.0,154.61,148.39,118.0,112.0
1770044743764735343,97232,9.212,172.4,8.892,-229.2,1.74,1.11,-145.31,-1.75,-3.5,3.47,-2.7,-2.02,11697.5,177.0,154.83,150.75,118.0,112.0
1770044743887652538,97359,9.908,134.3,10.048,-185.5,1.43,1.93,-145.63,-2.25,-3.44,-1.37,-0.49,1.39,11706.76,174.0,156.28,145.51,118.0,112.0
1770044744002341842,97481,8.38,236.9,9.972,-177.2,1.58,1.52,-145.56,-2.19,-3.19,0.63,-0.45,-1.11,11710.88,174.0,153.89,148.81,118.0,112.0
1770044744125248374,97598,8.332,132.6,9.236,-224.8,1.39,0.7,-145.19,-1.5,-3.38,-1.61,1.14,0.67,11700.59,171.0,153.92,150.46,118.0,112.0
1770044744248116970,97719,10.056,180.8,9.72,-196.4,1.15,1.68,-145.38,-1.69,-3.19,-1.11,-0.39,0.15,11702.13,172.0,155.19,147.53,118.0,114.0
1770044744370957803,97844,10.064,175.9,8.916,-198.9,1.04,1.62,-145.5,-2.0,-3.13,0.65,-0.35,-0.82,11705.73,170.0,152.92,147.53,120.0,114.0
1770044744485703793,97965,8.076,184.0,9.492,-191.2,1.5,1.56,-145.13,-1.37,-3.31,-1.15,1.06,-0.91,11702.3,170.0,155.85,149.2,120.0,114.0
1770044744608607005,98080,8.172,162.6,10.072,-192.4,1.62,1.07,-145.5,-1.63,-3.31,-1.37,0.34,-0.53,11700.59,171.0,156.19,150.07,120.0,114.0
1770044744735586217,98204,9.812,255.5,9.76,-143.1,1.66,1.68,-145.69,-1.88,-3.25,1.63,-1.28,-1.05,11708.13,172.0,154.61,146.32,120.0,114.0
1770044744858479205,98329,8.316,210.9,8.568,-259.2,1.97,1.17,-145.06,-1.44,-3.63,0.06,0.8,0.35,11705.56,171.0,150.51,149.84,120.0,114.0
1770044744985484809,98453,8.448,115.2,9.336,-219.1,1.95,0.76,-144.94,-1.37,-3.56,0.05,-1.69,-1.21,11701.27,173.0,156.19,150.75,120.0,114.0
1770044745100165403,98577,9.992,275.8,9.984,-158.9,1.39,1.76,-145.06,-1.88,-3.75,-1.77,-0.46,-1.03,11704.36,173.0,153.42,146.29,122.0,116.0
1770044745231223247,98695,8.336,229.0,8.732,-279.4,2.23,1.7,-144.75,-1.69,-3.94,1.18,-0.97,1.59,11710.36,174.0,150.07,148.04,122.0,116.0
1770044745329549532,98825,9.204,152.8,9.864,-200.1,1.82,0.88,-144.44,-1.37,-4.06,-0.52,-0.19,-0.88,164.64,174.0,155.2,151.9,122.0,116.0
1770044745452459037,98925,10.092,128.2,9.64,-150.8,0.78,0.84,-144.81,-1.69,-4.06,-0.76,0.35,-0.53,11705.73,175.0,155.49,150.71,122.0,116.0
1770044745579450435,99047,8.36,247.3,9.964,-202.5,0.96,1.72,-144.5,-1.81,-4.06,1.16,-2.26,1.93,11714.31,177.0,148.87,146.85,122.0,116.0
1770044745702343587,99171,9.64,185.2,9.908,-207.0,2.01,0.86,-144.06,-1.31,-4.13,0.62,0.77,0.01,11699.21,179.0,155.99,151.84,122.0,116.0
1770044745825229885,99296,9.772,104.5,10.024,-187.9,1.56,1.23,-144.38,-1.56,-4.0,1.12,-1.26,-0.09,11696.99,176.0,156.96,150.22,122.0,118.0
1770044745956314529,99419,10.02,229.8,9.584,-189.7,1.72,1.58,-144.5,-1.75,-4.19,2.05,0.98,1.15,11702.99,177.0,151.84,147.01,124.0,118.0
1770044746071036052,99548,8.492,157.7,9.16,-244.9,1.43,1.07,-144.0,-1.5,-4.06,0.22,0.0,0.0,11698.7,177.0,153.71,148.36,124.0,118.0
1770044746198011425,99665,8.5,145.7,9.972,-212.7,1.56,0.59,-143.75,-1.5,-3.81,-1.07,-0.85,-1.57,11697.67,175.0,156.77,151.98,124.0,118.0
1770044746320866378,99791,8.472,232.3,9.936,-209.1,1.6,1.66,-144.0,-1.81,-3.88,-3.63,0.98,0.99,11709.68,175.0,154.38,147.69,124.0,118.0
1770044746443753539,99913,9.812,217.4,9.488,-204.4,1.33,1.84,-143.56,-1.5,-3.88,-2.5,1.86,-1.31,11698.87,178.0,154.72,149.93,124.0,118.0
1770044746566693559,100037,9.4,167.1,8.62,-186.1,1.45,0.94,-143.25,-1.44,-3.75,3.9,0.82,-0.38,11693.56,174.0,160.69,152.27,124.0,118.0
1770044746685487247,100158,10.092,229.1,9.972,-201.0,1.33,1.58,-143.56,-1.63,-3.69,-0.41,-0.66,-0.64,11711.05,174.0,153.42,145.57,126.0,120.0
1770044746808372482,100278,9.304,253.5,8.636,-215.0,1.82,1.74,-143.19,-1.56,-3.88,0.28,-0.46,1.36,11708.13,177.0,151.43,148.04,126.0,120.0
1770044746931274737,100400,9.448,131.8,9.916,-146.3,1.48,1.37,-142.94,-1.44,-3.63,0.39,0.66,-1.24,11694.93,176.0,156.87,152.11,126.0,120.0
1770044747054160082,100523,10.084,141.1,9.152,-136.2,1.25,1.41,-143.38,-1.56,-3.56,-1.92,0.04,-2.05,11704.36,175.0,155.3,149.08,126.0,120.0
1770044747172960457,100645,8.592,210.1,9.612,-213.2,1.99,1.31,-143.19,-1.56,-4.0,-0.68,1.5,0.16,11703.67,175.0,152.58,147.54,126.0,120.0
1770044747295815193,100765,8.256,205.2,10.008,-178.0,1.27,1.8,-143.13,-1.37,-3.69,-2.35,-1.45,-1.07,11701.1,175.0,156.28,151.57,126.0,120.0
1770044747414601548,100887,9.644,171.9,8.676,-154.3,1.48,1.17,-143.13,-1.44,-3.56,-2.02,-0.86,-0.35,11704.19,175.0,156.58,149.62,128.0,122.0
1770044747537524626,101008,9.944,247.9,9.88,-265.9,2.52,1.76,-142.94,-1.5,-3.81,1.46,-2.86,0.29,11711.56,176.0,149.62,146.14,128.0,122.0
1770044747656321298,101130,9.584,0.0,10.024,-213.4,0.98,0.76,-142.69,-1.5,-3.69,-0.43,-0.61,-1.61,11703.33,176.0,154.73,148.98,128.0,122.0
1770044747779279269,101249,10.036,136.2,10.04,-183.8,1.02,0.96,-142.5,-1.56,-3.56,-2.65,0.88,-0.43,11695.44,174.0,158.22,152.79,128.0,122.0
1770044747902101983,101371,10.06,172.7,9.988,-176.6,2.01,1.19,-142.44,-1.5,-3.88,0.42,1.57,-2.0,11714.31,174.0,149.93,145.82,128.0,122.0
1770044748024989980,101493,8.832,239.6,9.912,-228.8,1.8,1.5,-142.06,-1.56,-3.88,-1.31,0.21,1.51,11703.67,177.0,155.19,148.92,128.0,122.0
1770044748156080889,101616,10.008,172.1,10.008,-190.7,1.27,1.43,-141.63,-1.63,-3.69,0.04,-0.11,-1.25,11692.01,176.0,156.68,151.15,130.0,122.0
1770044748274864443,101749,9.708,139.7,10.004,-214.7,1.27,1.52,-141.88,-1.56,-3.88,1.2,1.42,-2.69,11713.62,176.0,151.31,145.38,130.0,124.0
1770044748397741034,101865,9.976,198.0,9.936,-230.3,1.56,1.64,-141.63,-1.63,-4.0,-1.92,0.53,-1.21,11704.7,176.0,151.98,147.87,130.0,124.0
1770044748516528291,101988,9.828,139.2,8.816,26.6,-1.27,1.5,-141.56,-1.69,-3.75,-2.46,1.28,0.08,11798.34,177.0,98.01,150.46,130.0,124.0
1770044748639484151,102109,8.608,0.0,10.16,1.3,0.1,-1.07,-143.06,-1.5,-3.69,-0.55,-3.52,-0.4,12038.1,178.0,18.09,31.32,130.0,124.0
1770044748758241127,102233,10.468,7.7,10.424,0.0,-0.41,0.55,-143.81,-1.56,-3.81,0.4,-0.45,-0.34,12064.51,178.0,9.2,0.71,130.0,124.0
1770044748885230054,102348,8.948,6.9,10.444,-10.7,-1.54,0.55,-143.81,-1.56,-3.81,-0.29,-0.13,-0.4,12076.0,177.0,0.69,0.0,130.0,124.0
1770044749008116089,102477,10.46,7.5,10.428,-12.1,-1.46,0.39,-143.81,-1.63,-3.75,-0.17,-0.07,-0.42,12075.83,180.0,0.0,130.0,124.0,
1770044749131008416,102599,8.936,8.4,10.292,-12.0,-1.48,0.43,-143.81,-1.69,-3.75,-0.13,-0.07,-0.39,12071.71,176.0,0.0,130.0,124.0,
1770044749249765493,102723,10.496,7.3,10.448,-13.2,-1.52,0.53,-143.81,-1.69,-3.75,-0.1,-0.1,-0.41,12072.74,178.0,0.0,130.0,124.0,
1770044749368576742,102843,9.0,7.0,10.408,-11.9,-1.52,0.63,-143.81,-1.75,-3.69,-0.07,-0.08,-0.43,12074.11,178.0,0.0,130.0,124.0,
1770044749487386306,102959,9.236,7.7,10.06,-13.6,-1.35,0.7,-143.81,-1.75,-3.69,-0.07,-0.07,-0.4,12074.63,175.0,0.0,130.0,124.0,
1770044749610271429,103077,8.84,7.3,10.424,-14.0,-1.56,0.61,-143.81,-1.81,-3.69,-0.07,-0.07,-0.45,12072.74,177.0,0.0,130.0,124.0,
1770044749729081215,103200,8.956,6.9,10.456,-12.7,-1.58,0.37,-143.81,-1.81,-3.69,-0.07,-0.08,-0.42,12073.43,175.0,0.0,130.0,124.0,
1770044749843795866,103320,10.524,7.4,10.316,-13.7,-1.6,0.63,-143.81,-1.81,-3.69,-0.06,-0.07,-0.43,12074.8,175.0,0.0,130.0,124.0,
1770044749962560703,103434,9.088,7.7,10.456,-13.5,-1.7,0.51,-143.81,-1.81,-3.63,-0.06,-0.05,-0.41,12073.6,178.0,0.0,130.0,124.0,
1770044750085463966,103555,8.8,7.0,10.5,-12.1,-1.54,0.59,-143.81,-1.81,-3.63,-0.08,-0.07,-0.4,12073.26,179.0,0.0,130.0,124.0,
1770044750208352615,103677,8.776,6.0,10.46,-14.0,-1.6,0.49,-143.81,-1.81,-3.63,-0.05,-0.06,-0.39,12073.6,178.0,0.0,130.0,124.0,
1770044750323033849,103798,10.504,7.4,9.212,-13.4,-1.58,0.61,-143.81,-1.81,-3.63,-0.06,-0.08,-0.41,12077.03,178.0,0.0,130.0,124.0,
1770044750441828227,103914,10.516,6.9,10.016,-13.9,-1.58,0.59,-143.81,-1.81,-3.63,-0.06,-0.07,-0.39,12074.11,181.0,0.0,130.0,124.0,
1770044750564733896,104034,8.884,6.6,9.704,-12.8,-1.6,0.43,-143.81,-1.81,-3.63,-0.08,-0.06,-0.44,12074.46,178.0,0.0,130.0,124.0,
1770044750691749171,104155,10.516,7.0,10.44,-13.0,-1.56,0.61,-143.81,-1.81,-3.63,-0.05,-0.07,-0.39,12074.97,177.0,0.0,130.0,124.0,
1770044750806402717,104281,8.932,7.0,10.456,-12.1,-1.45,0.51,-143.81,-1.81,-3.63,-0.08,-0.07,-0.41,12075.31,177.0,0.0,130.0,124.0,
1770044750925211004,104395,10.468,6.4,9.052,-12.3,-1.58,0.49,-143.81,-1.81,-3.63,-0.06,-0.07,-0.43,12075.66,179.0,0.0,130.0,124.0,
1770044751048107165,104517,10.12,6.7,10.464,-12.7,-1.68,0.49,-143.81,-1.81,-3.63,-0.07,-0.07,-0.4,12074.46,176.0,0.0,130.0,124.0,
1770044751171002481,104638,10.516,6.6,10.448,-12.6,-1.6,0.47,-143.81,-1.81,-3.63,-0.06,-0.07,-0.41,12072.23,179.0,0.0,130.0,124.0,
1770044751285657663,104762,10.496,6.6,10.28,-14.2,-1.62,0.49,-143.81,-1.81,-3.63,-0.07,-0.06,-0.41,12074.46,179.0,0.0,130.0,124.0,
1770044751404401677,104876,8.912,8.2,10.452,-14.3,-1.46,0.61,-143.81,-1.81,-3.63,-0.04,-0.07,-0.41,12076.34,178.0,0.0,130.0,124.0,
1770044751527403560,104996,10.26,7.7,10.364,-12.6,-1.5,0.57,-143.81,-1.81,-3.63,-0.08,-0.07,-0.42,12071.71,177.0,0.0,130.0,124.0,
1770044751650266539,105117,10.384,17.2,10.444,-13.1,-1.5,1.25,-143.81,-1.81,-3.63,-0.05,-0.06,-0.4,12069.83,178.0,0.0,0.71,130.0,124.0
1770044751764949484,105240,8.604,37.6,9.364,-14.5,-1.54,2.19,-143.81,-1.81,-3.63,-0.05,-0.07,-0.42,12072.23,178.0,0.0,130.0,124.0,
1770044751891936335,105356,9.62,43.1,10.32,-13.8,-1.58,2.46,-143.81,-1.81,-3.63,-0.19,-0.1,-0.39,12063.48,178.0,0.0,5.61,130.0,124.0
1770044752014837041,105483,10.4,42.6,9.308,-15.1,-1.6,1.45,-143.94,-1.81,-3.69,0.14,-0.47,-0.27,12060.91,178.0,0.0,9.36,130.0,124.0
1770044752137712570,105604,8.988,53.3,10.324,-14.5,-1.74,2.11,-144.19,-1.81,-3.69,-0.02,-0.19,-0.52,12047.36,179.0,0.0,17.11,130.0,124.0
1770044752260601822,105729,8.816,91.7,9.488,-0.8,-0.7,2.6,-144.38,-1.94,-3.81,-0.6,-0.11,-0.22,12026.61,180.0,0.0,31.24,130.0,124.0
1770044752375268115,105848,10.34,116.2,10.372,1.0,-0.02,1.72,-145.19,-2.13,-3.94,0.25,-0.17,-0.83,12004.31,180.0,0.74,51.7,130.0,124.0
1770044752494110552,105964,9.344,193.5,9.944,0.0,0.63,2.66,-146.25,-2.0,-3.75,-0.28,-0.37,-0.05,11981.16,178.0,1.4,70.17,130.0,124.0
1770044752616991045,106083,10.044,287.4,10.112,-11.6,0.35,2.77,-148.06,-2.0,-3.69,-0.31,-0.09,-0.35,11929.03,177.0,16.14,95.43,130.0,124.0
1770044752745820154,106206,8.684,244.0,9.944,-50.0,1.56,1.48,-150.31,-1.69,-3.75,-1.91,1.05,-0.19,11874.15,178.0,41.76,113.64,130.0,124.0
1770044752854568797,106328,10.084,204.6,10.184,-57.7,0.98,0.88,-153.19,-1.44,-3.81,0.34,-0.62,-1.22,11897.13,178.0,51.1,100.04,130.0,124.0
1770044752977473921,106444,10.516,4.2,10.464,2.7,-1.66,0.27,-155.0,-1.31,-4.0,-0.57,0.09,-0.74,12054.91,177.0,22.09,5.52,130.0,124.0
1770044753100368843,106565,10.284,6.4,9.108,0.7,0.06,0.63,-154.63,-1.31,-4.0,0.2,0.03,-0.43,12057.82,178.0,11.13,0.7,130.0,124.0
1770044753223187703,106690,8.856,6.9,10.492,-4.8,-0.74,0.43,-154.63,-1.31,-3.94,-0.19,-0.12,-0.4,12063.65,178.0,7.53,0.0,130.0,124.0
1770044753333769327,106811,8.94,6.5,9.72,-6.5,-0.41,0.41,-154.63,-1.37,-3.94,-0.15,-0.1,-0.42,12065.2,178.0,7.32,0.0,130.0,124.0
1770044753456725109,106926,10.584,6.5,10.496,-3.9,-0.51,0.53,-154.63,-1.44,-3.88,-0.1,-0.14,-0.41,12065.71,176.0,6.21,0.0,130.0,124.0
1770044753583752106,107047,10.544,7.3,9.512,-8.8,-1.21,0.45,-154.63,-1.5,-3.88,-0.27,-0.14,-0.39,12070.51,177.0,1.37,0.68,130.0,124.0
1770044753702508772,107173,9.452,4.3,9.164,-14.9,-1.5,-0.08,-154.63,-1.5,-3.81,0.0,-0.16,-0.37,12072.23,177.0,0.0,130.0,124.0,
1770044753825399936,107293,8.948,4.1,9.604,-14.9,-1.43,-0.08,-154.63,-1.56,-3.81,-0.02,-0.11,-0.4,12073.43,177.0,0.0,130.0,124.0,
1770044753940098389,107413,8.568,4.0,10.484,-13.6,-1.5,0.0,-154.63,-1.56,-3.75,-0.06,-0.08,-0.44,12073.6,177.0,0.0,130.0,124.0,
1770044754058889967,107529,10.504,4.0,9.74,-13.4,-1.5,-0.06,-154.63,-1.63,-3.75,-0.07,-0.07,-0.4,12073.08,179.0,0.0,130.0,124.0,
1770044754181786350,107649,10.284,4.4,9.516,-14.6,-1.43,-0.02,-154.63,-1.63,-3.75,-0.06,-0.08,-0.4,12072.06,179.0,0.0,130.0,124.0,
1770044754300510687,107770,9.224,4.5,10.492,-15.0,-1.43,-0.14,-154.63,-1.63,-3.75,-0.06,-0.08,-0.41,12072.74,178.0,0.0,130.0,124.0,
1770044754415230755,107891,8.912,5.0,10.38,-14.3,-1.62,0.02,-154.63,-1.69,-3.69,-0.05,-0.08,-0.4,12072.57,178.0,0.0,130.0,124.0,
1770044754538160216,108005,8.788,5.5,10.456,-15.4,-1.62,0.45,-154.63,-1.69,-3.69,-0.08,-0.07,-0.4,12059.54,177.0,0.0,7.59,130.0,124.0
1770044754665153379,108127,9.64,173.7,10.3,-15.7,-1.48,2.89,-154.75,-1.75,-3.69,-0.2,0.01,-0.2,11968.98,178.0,4.11,67.09,130.0,126.0
1770044754820800719,108254,10.18,375.6,8.992,-0.5,-0.02,3.38,-156.63,-1.88,-3.94,0.37,0.31,-0.49,11928.17,179.0,0.68,111.37,130.0,126.0
1770044754947783492,108408,9.36,224.9,9.38,-36.0,1.31,1.74,-159.25,-1.69,-3.88,0.16,-0.32,-0.66,11866.77,177.0,27.53,127.39,130.0,126.0
1770044755062493716,108535,9.952,271.1,9.708,-122.2,2.17,2.09,-162.19,-1.31,-3.69,2.14,1.77,-1.59,11795.94,177.0,72.88,144.35,130.0,126.0
1770044755189470745,108651,10.02,247.7,8.764,-243.2,1.88,1.74,-163.81,-1.37,-4.13,2.07,0.55,0.0,11736.95,176.0,125.28,143.08,130.0,126.0
1770044755291814285,108778,9.996,263.3,8.776,0.0,1.64,1.48,-164.75,-1.69,-4.13,-0.52,0.69,-2.08,170.47,176.0,150.25,145.29,130.0,126.0
1770044755410639799,108878,10.132,155.7,8.74,-120.3,1.15,1.29,-164.31,-1.63,-3.75,-3.69,0.3,-0.32,11699.56,176.0,155.09,149.38,132.0,126.0
1770044755533541986,109000,9.256,118.4,10.088,-203.3,1.52,1.43,-164.75,-1.31,-3.88,0.68,-2.11,0.75,11703.5,179.0,155.19,152.4,132.0,128.0
1770044755660542461,109123,9.608,173.5,10.016,-179.6,1.74,1.13,-164.5,-1.37,-3.94,2.48,0.07,-1.78,11697.16,179.0,156.87,147.36,132.0,128.0
1770044755783417406,109249,9.576,194.8,10.008,-201.8,1.72,1.41,-164.5,-1.5,-3.63,2.66,1.97,0.17,11692.36,174.0,157.72,150.37,132.0,128.0
1770044755906327613,109372,8.224,126.1,10.08,-190.6,1.29,1.29,-165.0,-1.25,-3.81,0.89,-0.25,0.87,11699.04,180.0,154.61,151.84,132.0,128.0
1770044756025102870,109494,8.42,276.1,8.772,-158.0,1.27,1.74,-164.19,-1.25,-4.38,-2.62,0.66,0.31,11699.73,180.0,157.61,147.54,132.0,128.0
1770044756147991555,109612,8.28,207.7,8.88,-168.2,1.72,1.64,-164.13,-1.63,-3.94,3.02,0.22,-1.63,11695.44,180.0,156.09,149.24,134.0,128.0
1770044756270836495,109736,10.064,148.6,9.84,-210.8,1.78,0.98,-163.75,-1.37,-3.88,0.34,-1.31,-0.92,11696.64,177.0,155.61,152.92,134.0,128.0
1770044756393724143,109858,10.136,190.4,9.348,-186.0,1.5,1.23,-163.5,-1.31,-4.5,1.02,1.21,-4.2,11696.99,183.0,158.75,147.01,134.0,130.0
1770044756512554815,109980,10.104,233.6,10.032,-204.0,1.29,1.6,-163.75,-1.75,-3.88,0.34,-0.93,-0.97,11699.73,183.0,159.85,149.14,134.0,130.0
1770044756635497783,110099,8.316,227.6,9.956,-202.1,0.96,1.04,-163.44,-1.56,-3.88,2.75,1.03,-0.11,11690.81,173.0,157.37,153.22,134.0,130.0
1770044756737854543,110224,10.056,162.7,9.964,-241.4,1.11,1.39,-163.19,-1.44,-3.94,0.95,0.79,-1.24,168.93,182.0,153.1,150.04,134.0,130.0
1770044756860729004,110324,8.952,225.4,9.992,-134.8,1.91,1.64,-163.38,-1.69,-3.63,3.42,2.12,-1.65,11701.62,174.0,156.52,147.11,136.0,130.0
1770044756979583012,110447,9.856,194.0,9.608,-163.7,1.29,1.35,-163.19,-1.75,-3.38,-1.55,-0.41,-0.96,11694.07,174.0,156.48,150.87,136.0,130.0
1770044757102409771,110566,10.072,192.3,10.068,-294.5,1.66,0.84,-163.06,-1.25,-3.5,2.33,0.73,1.66,11702.13,174.0,155.3,152.53,136.0,132.0
1770044757229405528,110691,9.272,272.6,9.968,-152.1,1.07,1.88,-163.25,-1.56,-3.31,-2.66,0.31,1.18,11703.85,178.0,155.81,145.2,136.0,132.0
1770044757348122800,110815,9.592,206.5,9.068,-133.2,1.43,1.6,-162.88,-1.88,-2.94,-2.91,-0.63,-0.06,11699.56,174.0,156.68,149.77,136.0,132.0
1770044757466949935,110938,8.252,175.3,8.888,-194.7,2.21,1.23,-162.5,-1.44,-3.13,2.33,0.85,-1.57,11696.99,174.0,154.85,151.28,136.0,132.0
1770044757593978584,111054,8.436,184.3,10.044,-174.5,1.66,1.19,-162.44,-1.56,-3.19,-0.62,1.01,-1.66,11700.76,172.0,156.77,147.87,138.0,132.0
1770044757716842868,111181,8.46,216.5,10.052,-145.1,1.5,1.19,-162.44,-2.06,-2.81,-0.42,-0.95,0.44,11701.79,171.0,158.3,148.87,138.0,132.0
1770044757839786715,111303,10.156,186.6,8.66,-149.4,1.15,1.19,-162.19,-1.5,-3.19,-0.13,-0.56,0.07,11699.39,171.0,154.83,152.11,138.0,132.0
1770044757962626145,111428,10.108,240.3,9.536,-165.9,1.19,1.91,-162.0,-1.5,-3.38,0.56,1.1,0.47,11700.93,174.0,156.68,147.7,138.0,134.0
1770044758099662722,111550,10.044,226.6,9.692,-144.8,0.64,1.56,-162.19,-2.13,-3.19,-5.22,-0.6,2.5,11701.79,174.0,155.67,146.47,138.0,134.0
1770044758212513877,111679,10.092,128.1,9.692,0.0,1.84,0.51,-162.31,-1.44,-3.56,-0.94,-0.55,-0.07,11698.7,171.0,156.29,152.46,138.0,134.0
1770044758339430783,111801,9.84,165.6,8.752,-176.1,1.89,1.25,-162.0,-1.19,-3.63,-1.31,-0.77,-0.56,11697.33,175.0,155.51,150.75,140.0,134.0
1770044758458205792,111925,9.288,202.1,9.968,-138.4,1.41,1.07,-162.25,-1.88,-3.56,-0.57,-0.1,-2.74,11698.53,175.0,156.77,147.19,140.0,134.0
1770044758585263156,112047,9.416,197.5,10.024,-169.8,1.15,1.21,-162.06,-1.69,-3.63,2.91,1.51,0.09,11704.36,175.0,153.22,151.15,140.0,134.0
1770044758704158492,112173,10.128,224.9,9.48,-193.9,1.66,1.66,-161.63,-1.25,-3.88,-3.36,-1.21,0.64,11701.62,175.0,154.72,149.24,140.0,136.0
1770044758826928100,112291,10.036,249.5,9.396,-203.9,-0.1,1.84,-161.63,-1.75,-3.81,-9.96,-3.88,1.29,11803.66,175.0,106.98,138.04,140.0,136.0
1770044758949827405,112413,9.768,30.9,10.364,0.1,0.02,-3.65,-162.5,-1.69,-3.63,-0.48,-2.78,-0.96,12052.85,174.0,15.87,10.35,140.0,136.0
1770044759072706446,112536,10.524,4.7,10.456,-9.0,-0.74,0.0,-162.5,-1.69,-3.63,-0.24,-0.21,-0.31,12072.91,174.0,3.45,0.0,140.0,136.0
1770044759187406006,112660,9.384,4.2,10.332,-19.6,-1.74,-0.06,-162.5,-1.75,-3.69,-0.04,-0.27,-0.4,12075.66,174.0,0.0,140.0,136.0,
1770044759310265539,112775,10.0,3.5,10.34,-20.3,-1.86,-0.18,-162.5,-1.81,-3.63,-0.17,-0.14,-0.39,12076.69,177.0,0.0,140.0,136.0,
1770044759429070903,112894,8.904,4.8,9.172,-18.1,-1.86,0.0,-162.5,-1.88,-3.63,-0.14,-0.12,-0.39,12076.0,177.0,0.0,140.0,136.0,
1770044759551976070,113014,8.984,3.6,10.424,-20.4,-1.89,-0.1,-162.5,-1.94,-3.63,-0.1,-0.07,-0.42,12078.23,172.0,0.0,140.0,136.0,
1770044759662554511,113137,10.252,4.8,10.468,-19.5,-1.91,-0.14,-162.5,-1.94,-3.56,-0.09,-0.08,-0.39,12075.83,172.0,0.0,140.0,136.0,
1770044759785475327,113250,10.348,4.5,10.424,-20.0,-1.84,-0.06,-162.5,-2.0,-3.56,-0.12,-0.09,-0.41,12072.74,175.0,0.0,140.0,136.0,
1770044759904279710,113370,10.536,5.2,9.212,-17.3,-1.95,-0.08,-162.5,-2.0,-3.56,-0.08,-0.09,-0.44,12070.86,175.0,0.0,140.0,136.0,
1770044760023032874,113488,9.156,4.0,10.436,-20.5,-1.99,-0.08,-162.5,-2.06,-3.5,-0.07,-0.07,-0.36,12072.06,175.0,0.0,140.0,136.0,
1770044760137724100,113609,10.484,4.6,9.844,-20.1,-1.91,-0.16,-162.5,-2.06,-3.5,-0.1,-0.1,-0.41,12071.54,175.0,0.0,140.0,136.0,
1770044760256558068,113722,10.384,4.8,10.444,-16.9,-1.88,-0.04,-162.5,-2.13,-3.5,-0.09,-0.08,-0.42,12072.91,173.0,0.0,140.0,136.0,
1770044760375281192,113841,9.052,4.2,10.448,-20.5,-1.78,0.02,-162.5,-2.13,-3.5,-0.08,-0.06,-0.38,12071.88,172.0,0.0,140.0,136.0,
1770044760498211435,113960,9.824,4.0,9.832,-18.8,-2.03,0.0,-162.5,-2.13,-3.5,-0.07,-0.08,-0.42,12071.88,177.0,0.0,140.0,136.0,
1770044760612890919,114082,9.468,5.3,10.5,-19.1,-2.03,0.02,-162.5,-2.13,-3.5,-0.08,-0.07,-0.41,12072.23,177.0,0.0,140.0,136.0,
1770044760731676549,114197,10.492,6.1,10.432,-18.7,-1.97,-0.16,-162.5,-2.13,-3.5,-0.08,-0.07,-0.4,12073.26,177.0,0.0,140.0,136.0,
1770044760850495701,114317,8.956,3.8,9.556,-20.0,-1.93,-0.04,-162.5,-2.13,-3.5,-0.08,-0.07,-0.4,12072.4,177.0,0.0,140.0,136.0,
1770044760969224826,114437,10.42,5.1,9.984,-20.2,-1.8,-0.06,-162.5,-2.13,-3.5,-0.07,-0.07,-0.41,12073.94,174.0,0.0,140.0,136.0,
1770044761096252630,114556,9.532,5.1,10.448,-19.1,-2.03,-0.08,-162.5,-2.13,-3.5,-0.08,-0.09,-0.41,12072.4,174.0,0.0,140.0,136.0,
1770044761219120504,114681,10.532,4.2,10.368,-18.0,-1.93,-0.1,-162.5,-2.13,-3.5,-0.08,-0.05,-0.43,12073.77,174.0,0.0,140.0,136.0,
1770044761337880612,114803,8.932,4.1,9.076,-18.5,-1.99,-0.06,-162.5,-2.13,-3.5,-0.09,-0.05,-0.41,12074.8,177.0,0.0,140.0,136.0,
1770044761456713801,114922,10.596,4.1,9.328,0.8,-0.14,-0.02,-162.5,-2.13,-3.5,-0.09,-0.07,-0.41,12072.4,178.0,0.0,140.0,136.0,
1770044761571374569,115042,10.6,4.4,10.544,0.0,-0.04,-0.1,-162.5,-2.13,-3.5,-0.06,-0.07,-0.4,12071.54,178.0,0.0,140.0,136.0,
1770044761690190793,115159,8.84,4.4,10.544,0.1,0.02,-0.1,-162.5,-2.13,-3.5,-0.09,-0.08,-0.41,12072.91,175.0,0.0,140.0,136.0,
1770044761808992515,115276,8.852,4.9,10.54,0.0,0.0,-0.02,-162.5,-2.13,-3.5,-0.1,-0.07,-0.41,12071.88,176.0,0.0,140.0,136.0,
1770044761927754531,115395,8.848,4.8,10.532,0.2,-0.18,-0.1,-162.5,-2.13,-3.5,-0.06,-0.07,-0.41,12072.91,174.0,0.0,140.0,136.0,
1770044762054780431,115515,9.116,4.5,10.524,0.1,-0.16,0.0,-162.5,-2.13,-3.5,-0.09,-0.06,-0.39,12073.08,175.0,0.0,140.0,136.0,
1770044762165436484,115638,8.972,4.2,9.552,1.3,-0.02,-0.12,-162.5,-2.13,-3.5,-0.1,-0.07,-0.42,12072.74,175.0,0.0,140.0,136.0,
1770044762288204459,115751,10.612,4.2,10.552,0.1,0.04,-0.1,-162.5,-2.13,-3.5,-0.08,-0.08,-0.41,12073.77,176.0,0.0,140.0,136.0,
1770044762406999984,115872,8.812,4.8,9.412,0.3,0.0,-0.04,-162.5,-2.13,-3.5,-0.09,-0.07,-0.39,12072.23,171.0,0.0,140.0,136.0,
1770044762529925510,115992,8.976,4.0,10.528,-0.1,-0.02,0.0,-162.5,-2.13,-3.5,-0.08,-0.08,-0.41,12074.11,175.0,0.0,140.0,136.0,
1770044762644615333,116116,9.016,4.2,10.532,0.0,-0.04,-0.21,-162.5,-2.13,-3.5,-0.09,-0.09,-0.4,12073.77,175.0,0.0,140.0,136.0,
1770044762767493281,116230,9.048,4.1,10.524,0.2,0.06,-0.02,-162.5,-2.13,-3.5,-0.07,-0.07,-0.41,12073.77,174.0,0.0,140.0,136.0,
1770044762886282750,116350,8.964,4.0,10.532,0.0,-0.04,0.02,-162.5,-2.13,-3.5,-0.08,-0.06,-0.4,12075.49,175.0,0.0,140.0,136.0,
1770044763009178587,116471,9.02,4.0,9.156,1.2,-0.04,-0.02,-162.5,-2.13,-3.5,-0.08,-0.08,-0.41,12071.88,176.0,0.0,140.0,136.0,
1770044763123874823,116595,10.616,4.7,10.532,0.2,0.02,-0.14,-162.5,-2.13,-3.5,-0.08,-0.06,-0.42,12073.26,176.0,0.0,140.0,136.0,
1770044763242665251,116708,8.776,4.6,10.556,0.1,0.02,-0.21,-162.5,-2.13,-3.5,-0.08,-0.09,-0.41,12073.43,175.0,0.0,140.0,136.0,
1770044763361400767,116826,8.764,4.7,10.544,0.0,0.02,-0.04,-162.5,-2.13,-3.5,-0.09,-0.06,-0.41,12071.37,177.0,0.0,140.0,136.0,
1770044763484341634,116946,8.816,4.7,10.544,0.0,0.0,-0.1,-162.5,-2.13,-3.5,-0.09,-0.06,-0.4,12071.37,175.0,0.0,140.0,136.0,
1770044763599012478,117067,8.78,4.4,10.54,0.1,-0.12,-0.06,-162.5,-2.13,-3.5,-0.08,-0.08,-0.4,12074.63,175.0,0.0,140.0,136.0,
1770044763721910211,117185,8.784,4.8,10.548,0.0,-0.02,-0.14,-162.5,-2.13,-3.5,-0.08,-0.06,-0.4,12073.94,175.0,0.0,140.0,136.0,
1770044763845314024,117306,8.788,4.0,10.54,0.2,-0.08,-0.14,-162.5,-2.13,-3.5,-0.07,-0.07,-0.4,12072.23,179.0,0.0,140.0,136.0,
1770044763963558888,117428,8.852,4.7,10.548,-0.1,-0.02,-0.08,-162.5,-2.13,-3.5,-0.08,-0.09,-0.42,12071.71,173.0,0.0,140.0,136.0,
1770044764086432473,117548,8.828,4.5,10.564,0.1,0.16,0.0,-162.5,-2.13,-3.5,-0.08,-0.07,-0.39,12075.66,173.0,0.0,140.0,136.0,
1770044764209364167,117670,8.836,4.8,10.56,0.2,-0.02,-0.12,-162.5,-2.13,-3.5,-0.07,-0.08,-0.39,12073.94,175.0,0.0,140.0,136.0,
1770044764328061499,117792,9.688,4.2,9.34,0.8,-0.12,-0.08,-162.5,-2.13,-3.5,-0.06,-0.05,-0.41,12072.91,174.0,0.0,140.0,136.0,
1770044764451040679,117914,10.096,4.1,10.556,0.0,-0.02,-0.08,-162.5,-2.13,-3.5,-0.09,-0.07,-0.41,12073.08,176.0,0.0,140.0,136.0,
1770044764573910720,118035,8.984,4.1,10.2,0.0,-0.06,0.18,-162.5,-2.13,-3.5,-0.08,-0.06,-0.4,12072.91,175.0,0.0,140.0,136.0,
1770044764688618042,118159,8.776,4.4,9.296,0.2,0.02,-0.06,-162.5,-2.13,-3.5,-0.08,-0.09,-0.42,12073.6,175.0,0.0,140.0,136.0,
1770044764807389028,118273,8.976,4.2,10.544,0.1,-0.02,-0.25,-162.5,-2.13,-3.5,-0.06,-0.05,-0.38,12073.94,178.0,0.0,140.0,136.0,
1770044764930281368,118393,9.048,4.0,9.124,0.1,-0.04,-0.08,-162.5,-2.13,-3.5,-0.08,-0.08,-0.41,12071.71,173.0,0.0,140.0,136.0,
1770044765044990653,118512,9.184,4.0,9.344,0.6,0.04,-0.08,-162.5,-2.13,-3.5,-0.08,-0.08,-0.41,12074.46,173.0,0.0,140.0,136.0,
1770044765167847900,118629,9.024,4.2,9.56,1.1,0.06,0.0,-162.5,-2.13,-3.5,-0.08,-0.07,-0.42,12076.0,175.0,0.0,140.0,136.0,
1770044765290714407,118751,10.624,4.2,9.168,1.0,-0.08,-0.08,-162.5,-2.13,-3.5,-0.07,-0.08,-0.38,12076.52,175.0,0.0,140.0,136.0,
1770044765409510629,118873,10.608,4.2,9.16,1.1,0.04,-0.2,-162.5,-2.13,-3.5,-0.08,-0.08,-0.44,12074.29,175.0,0.0,140.0,136.0,
1770044765532430937,118993,10.624,4.1,9.12,0.9,0.0,-0.04,-162.5,-2.13,-3.5,-0.08,-0.09,-0.43,12073.08,172.0,0.0,140.0,136.0,
1770044765657174537,119114,8.752,4.9,10.556,0.6,-0.02,-0.23,-162.5,-2.13,-3.5,-0.08,-0.06,-0.4,12075.14,172.0,0.0,140.0,136.0,
1770044765770005230,119232,10.624,4.0,10.536,0.2,-0.08,0.04,-162.5,-2.13,-3.5,-0.08,-0.1,-0.42,12076.34,176.0,0.0,140.0,136.0,
1770044765892900332,119354,8.984,4.0,10.56,0.1,-0.14,0.06,-162.5,-2.13,-3.5,-0.06,-0.08,-0.39,12073.6,173.0,0.0,140.0,136.0,
1770044766015790039,119476,8.972,4.2,10.56,-0.1,-0.1,-0.16,-162.5,-2.13,-3.5,-0.08,-0.08,-0.4,12077.2,174.0,0.0,140.0,136.0,
1770044766130449051,119598,8.788,3.9,9.312,0.7,0.02,-0.12,-162.5,-2.13,-3.5,-0.05,-0.09,-0.41,12075.66,174.0,0.0,140.0,136.0,
1770044766253311661,119715,9.008,3.9,10.536,0.3,-0.16,-0.06,-162.5,-2.13,-3.5,-0.08,-0.09,-0.4,12075.14,173.0,0.0,140.0,136.0,
1770044766372109234,119835,9.02,4.0,10.576,0.1,0.04,-0.04,-162.5,-2.13,-3.5,-0.07,-0.08,-0.41,12074.11,176.0,0.0,140.0,136.0,
1770044766490932198,119955,9.072,4.0,10.572,0.2,-0.16,-0.06,-162.5,-2.13,-3.5,-0.08,-0.07,-0.4,12077.2,176.0,0.0,140.0,136.0,
1770044766609719456,120075,9.04,4.4,9.172,1.0,0.02,-0.12,-162.5,-2.13,-3.5,-0.08,-0.08,-0.42,12078.92,176.0,0.0,140.0,136.0,
1770044766732604901,120192,8.768,4.5,10.568,0.2,0.02,0.08,-162.5,-2.13,-3.5,-0.08,-0.08,-0.39,12079.26,174.0,0.0,140.0,136.0,
1770044766851401567,120313,8.776,4.6,10.56,-0.1,0.08,-0.06,-162.5,-2.13,-3.5,-0.09,-0.09,-0.4,12078.4,174.0,0.0,140.0,136.0,
1770044766974289642,120435,8.78,4.1,9.3,0.8,0.14,-0.06,-162.5,-2.13,-3.5,-0.07,-0.07,-0.45,12076.0,175.0,0.0,140.0,136.0,
1770044767097189739,120557,8.992,4.2,10.544,0.3,0.02,-0.04,-162.5,-2.13,-3.5,-0.08,-0.06,-0.39,12077.2,175.0,0.0,140.0,136.0,
1770044767220069480,120681,9.04,4.1,10.568,0.1,0.04,-0.04,-162.5,-2.13,-3.5,-0.09,-0.08,-0.41,12076.86,173.0,0.0,140.0,136.0,
1770044767338806814,120801,9.028,4.4,9.172,1.1,-0.1,-0.04,-162.5,-2.13,-3.5,-0.08,-0.08,-0.39,12076.52,173.0,0.0,140.0,136.0,
1770044767457593023,120922,10.172,4.1,9.348,0.2,-0.04,0.06,-162.5,-2.13,-3.5,-0.06,-0.08,-0.41,12077.2,173.0,0.0,140.0,136.0,
1770044767580510415,121042,9.052,4.4,10.544,0.1,0.06,0.02,-162.5,-2.13,-3.5,-0.07,-0.05,-0.41,12076.17,170.0,0.0,140.0,136.0,
1770044767699306531,121163,9.028,4.2,10.56,0.3,0.04,-0.2,-162.5,-2.13,-3.5,-0.08,-0.1,-0.4,12077.54,170.0,0.0,140.0,136.0,
1770044767822215496,121283,8.968,4.0,10.556,0.2,-0.06,-0.06,-162.5,-2.13,-3.5,-0.09,-0.08,-0.4,12078.57,170.0,0.0,140.0,136.0,
1770044767945093625,121404,9.74,4.1,9.116,0.1,-0.02,-0.04,-162.5,-2.13,-3.5,-0.05,-0.07,-0.41,12076.17,173.0,0.0,140.0,136.0,
1770044768063869508,121526,8.828,4.7,10.564,0.1,0.06,0.18,-162.5,-2.13,-3.5,-0.09,-0.07,-0.41,12077.2,174.0,0.0,140.0,136.0,
1770044768182657952,121647,8.844,4.5,10.556,0.1,0.06,-0.04,-162.5,-2.13,-3.5,-0.08,-0.09,-0.41,12078.23,174.0,0.0,140.0,136.0,
1770044768301412209,121764,8.792,4.7,9.496,0.8,0.02,-0.04,-162.5,-2.13,-3.5,-0.07,-0.07,-0.4,12077.89,176.0,0.0,140.0,136.0,
1770044768420160021,121884,10.632,4.1,10.556,0.1,-0.02,-0.08,-162.5,-2.13,-3.5,-0.08,-0.08,-0.39,12078.06,175.0,0.0,140.0,136.0,
1770044768543097457,122004,8.988,4.1,10.576,0.0,0.0,-0.16,-162.5,-2.13,-3.5,-0.08,-0.08,-0.41,12077.72,173.0,0.0,140.0,136.0,
1770044768657809989,122124,9.0,4.3,10.556,0.1,-0.1,-0.06,-162.5,-2.13,-3.5,-0.08,-0.04,-0.4,12078.06,173.0,0.0,140.0,136.0,
1770044768780684532,122240,8.988,4.2,10.556,0.0,0.18,-0.08,-162.5,-2.13,-3.5,-0.07,-0.07,-0.38,12077.54,176.0,0.0,140.0,136.0,
1770044768903575094,122361,8.988,4.0,10.564,0.0,0.08,-0.16,-162.5,-2.13,-3.5,-0.07,-0.08,-0.4,12077.2,174.0,0.0,140.0,136.0,
1770044769022368036,122483,8.976,3.8,10.56,0.0,0.02,0.02,-162.5,-2.13,-3.5,-0.13,-0.08,-0.39,12076.0,178.0,0.0,140.0,136.0,
1770044769141159649,122605,8.968,4.1,10.58,0.3,0.16,-0.04,-162.5,-2.13,-3.5,-0.07,-0.08,-0.42,12078.4,178.0,0.0,140.0,136.0,
1770044769259909295,122723,8.992,3.8,10.58,-0.1,-0.1,-0.06,-162.5,-2.19,-3.44,-0.19,-0.06,-0.41,12078.23,175.0,0.0,140.0,136.0,
1770044769378700649,122843,8.972,4.1,10.568,0.0,-0.02,-0.18,-162.5,-2.19,-3.44,-0.08,-0.06,-0.43,12080.29,176.0,0.0,140.0,136.0,
1770044769497532839,122962,9.048,4.2,10.584,0.0,0.02,0.0,-162.5,-2.19,-3.44,-0.07,-0.04,-0.41,12078.4,174.0,0.0,140.0,136.0,
1770044769616313766,123079,8.976,3.9,10.592,0.0,-0.1,-0.1,-162.5,-2.19,-3.44,-0.07,-0.06,-0.4,12078.4,174.0,0.0,140.0,136.0,
1770044769745115138,123197,8.972,4.4,10.58,0.2,0.0,-0.12,-162.5,-2.25,-3.44,-0.05,-0.06,-0.43,12076.69,173.0,0.0,140.0,136.0,
1770044769857981175,123319,10.616,3.9,10.592,0.2,-0.12,0.0,-162.5,-2.25,-3.38,-0.06,-0.07,-0.38,12077.2,176.0,0.0,140.0,136.0,
1770044769980862602,123441,9.064,4.2,9.636,0.2,0.0,0.04,-162.5,-2.25,-3.38,-0.07,-0.06,-0.4,12078.92,174.0,0.0,140.0,136.0,
1770044770095557209,123563,8.84,4.7,10.584,0.3,-0.04,-0.12,-162.5,-2.31,-3.38,-0.08,-0.06,-0.42,12079.6,174.0,0.0,140.0,136.0,
1770044770226615028,123678,8.812,4.6,10.584,0.0,-0.08,-0.04,-162.5,-2.31,-3.38,-0.05,-0.05,-0.42,12079.43,172.0,0.0,140.0,136.0,
1770044770345378387,123808,8.78,4.8,10.58,0.1,-0.06,0.0,-162.5,-2.31,-3.38,-0.18,-0.07,-0.41,12079.43,176.0,0.0,140.0,136.0,
1770044770469920043,123928,8.768,3.9,9.324,0.8,-0.12,0.08,-162.5,-2.31,-3.38,-0.03,-0.03,-0.41,12078.4,173.0,0.0,140.0,136.0,
1770044770587032101,124048,10.64,4.1,9.34,0.7,-0.16,-0.12,-162.5,-2.31,-3.38,-0.03,-0.05,-0.4,12077.72,177.0,0.0,140.0,136.0,
1770044770705849353,124169,8.976,3.7,10.58,-0.2,-0.04,0.04,-162.5,-2.31,-3.38,-0.11,0.05,-0.35,12079.43,177.0,0.0,140.0,136.0,
1770044770824650734,124286,8.968,4.0,10.58,0.0,-0.14,0.1,-163.0,-2.0,-3.31,0.52,1.0,-0.35,12079.26,176.0,0.0,140.0,136.0,
1770044770943402370,124405,8.988,3.8,10.252,0.1,0.02,0.02,-168.63,-0.19,-2.13,0.33,-0.02,0.28,12076.52,178.0,0.0,140.0,136.0,
1770044771062180602,124523,8.84,5.1,9.368,0.8,0.0,-0.16,-177.56,0.88,-1.37,0.14,-0.86,-0.42,12078.06,196.0,0.0,140.0,136.0,
1770044771176875102,124643,8.984,4.1,10.588,-0.1,-0.14,-0.08,170.75,1.25,-2.38,0.04,-0.48,0.15,12078.57,196.0,0.0,140.0,136.0,
1770044771295672848,124758,9.008,4.1,10.592,-0.1,-0.04,-0.16,157.38,2.25,-4.13,0.1,-0.6,0.18,12079.43,232.0,0.0,140.0,136.0,
1770044771414448241,124876,9.372,4.2,9.172,1.1,-0.06,-0.08,143.75,3.69,-6.06,-0.43,-0.94,-0.21,12078.75,297.0,0.0,140.0,136.0,
1770044771533239690,124994,10.632,4.2,9.176,1.1,0.04,0.06,126.87,5.31,-7.31,-0.98,-0.77,-1.17,12079.95,360.0,0.0,140.0,136.0,
1770044771647925894,125114,10.628,4.3,9.128,0.9,-0.04,-0.12,107.94,6.06,-7.56,-1.4,-0.02,-2.29,12079.77,360.0,0.0,140.0,136.0,
1770044771770846350,125228,8.748,4.6,9.628,0.0,0.04,-0.06,89.44,6.63,-7.06,-0.6,0.21,-1.75,12078.75,400.0,0.0,140.0,136.0,
1770044771885471438,125350,8.972,4.1,9.16,1.0,-0.08,-0.14,69.44,6.56,-5.13,-0.65,0.57,-0.95,12075.31,397.0,0.0,140.0,136.0,
1770044772008393283,125468,8.768,4.4,10.588,0.2,0.12,-0.1,50.94,6.44,-2.13,-0.69,0.61,-0.68,12077.72,357.0,0.0,140.0,136.0,
1770044772123083994,125589,10.4,4.5,9.168,1.2,-0.02,-0.02,35.94,6.38,0.94,-0.51,0.28,-0.41,12077.03,357.0,0.0,140.0,136.0,
1770044772241903021,125702,10.644,4.3,9.228,0.3,-0.02,-0.02,28.5,7.13,2.44,0.2,-0.14,-0.2,12079.43,277.0,0.0,140.0,136.0,
1770044772360659654,125824,10.652,4.3,9.368,0.1,0.0,-0.04,26.69,6.56,2.31,0.37,-0.37,-0.25,12076.17,232.0,0.0,140.0,136.0,
1770044772483548437,125941,8.988,4.0,10.552,0.0,-0.1,-0.08,27.19,4.13,0.56,-0.07,-0.06,0.29,12078.23,225.0,0.0,140.0,136.0,
1770044772594145002,126062,10.64,4.4,9.14,0.0,0.04,-0.02,26.06,1.12,-1.37,-0.66,0.08,-0.35,12078.92,225.0,0.0,140.0,136.0,
1770044772717049582,126174,8.76,4.8,10.596,0.1,-0.04,0.02,24.25,-0.31,-2.38,-0.55,0.15,-0.6,12078.57,222.0,0.0,140.0,136.0,
1770044772835820883,126297,8.84,4.8,10.592,0.0,-0.08,-0.12,23.31,0.44,-2.06,0.31,0.47,-0.55,12078.06,220.0,0.0,140.0,136.0,
1770044772954592239,126415,10.64,3.8,10.592,-0.2,-0.04,0.04,23.56,1.0,-1.44,0.07,0.67,0.23,12077.2,203.0,0.0,140.0,136.0,
1770044773075211447,126535,8.98,4.0,9.156,0.2,0.06,-0.04,23.06,0.37,-0.44,-0.57,0.43,-0.44,12078.06,203.0,0.0,140.0,136.0,
1770044773188071921,126647,8.792,4.9,10.588,0.1,0.02,0.02,22.75,0.63,0.37,-0.36,-0.4,-2.28,12077.89,190.0,0.0,140.0,136.0,
1770044773325062078,126768,8.852,4.2,9.368,0.4,-0.04,-0.02,23.06,0.75,-0.69,0.1,0.49,0.19,12078.75,185.0,0.0,140.0,136.0,
1770044773437941831,126897,10.636,4.2,9.388,0.8,-0.08,-0.02,23.31,0.19,-1.63,-0.75,-0.51,0.12,12077.54,194.0,0.0,140.0,136.0,
1770044773548533378,127016,9.004,4.1,10.58,0.2,-0.06,0.06,23.31,0.06,-1.69,-0.26,0.49,-0.5,12077.2,194.0,0.0,140.0,136.0,
1770044773667324577,127127,9.02,4.3,10.576,0.1,-0.2,-0.14,23.31,-0.12,-1.94,-0.21,0.32,-0.45,12077.72,188.0,0.0,140.0,136.0,
1770044773790266567,127247,9.0,4.0,9.152,1.1,-0.08,-0.02,23.31,-0.31,-2.19,-0.22,0.23,-0.46,12077.2,191.0,0.0,140.0,136.0,
1770044773908985520,127370,10.644,4.5,10.596,-0.1,-0.06,-0.18,23.31,-0.44,-2.44,-0.19,0.21,-0.42,12077.72,195.0,0.0,140.0,136.0,
1770044774023693587,127489,8.848,4.8,10.604,0.1,-0.1,0.02,23.31,-0.56,-2.56,-0.16,0.17,-0.44,12078.4,195.0,0.0,140.0,136.0,
1770044774142478261,127603,8.872,4.6,10.564,0.1,-0.02,-0.14,23.31,-0.69,-2.69,-0.14,0.18,-0.42,12079.09,192.0,0.0,140.0,136.0,
1770044774265371662,127722,8.86,4.8,10.588,0.0,-0.12,-0.06,23.31,-0.75,-2.75,-0.14,0.13,-0.43,12078.4,190.0,0.0,140.0,136.0,
1770044774384158336,127844,10.66,3.9,9.356,0.8,0.06,-0.08,23.31,-0.81,-2.88,-0.13,0.12,-0.47,12078.57,189.0,0.0,140.0,136.0,
1770044774498843857,127964,9.068,3.7,10.576,0.2,0.08,0.0,23.31,-0.88,-2.94,-0.11,0.13,-0.44,12080.46,189.0,0.0,140.0,136.0,
1770044774617624030,128077,9.044,4.3,10.568,0.0,0.06,-0.1,23.31,-0.94,-3.0,-0.08,0.11,-0.42,12078.06,186.0,0.0,140.0,136.0,
1770044774736462263,128197,9.068,4.1,10.564,0.1,0.02,0.02,23.31,-0.94,-3.06,-0.09,0.12,-0.42,12078.57,186.0,0.0,140.0,136.0,
1770044774859308457,128316,8.996,4.2,10.572,-0.1,-0.1,-0.04,23.31,-1.0,-3.06,-0.1,0.1,-0.43,12078.57,191.0,0.0,140.0,136.0,
1770044774973996737,128439,9.08,3.9,10.576,-0.1,0.0,0.02,23.31,-1.0,-3.13,-0.08,0.1,-0.44,12078.57,191.0,0.0,140.0,136.0,
1770044775092771139,128552,9.016,4.2,10.58,-0.1,-0.04,-0.04,23.31,-1.06,-3.19,-0.09,0.08,-0.44,12078.57,188.0,0.0,140.0,136.0,
1770044775211564738,128672,8.852,4.7,10.58,0.1,-0.14,-0.04,23.31,-1.06,-3.19,-0.06,0.06,-0.42,12076.69,180.0,0.0,140.0,136.0,
1770044775334448114,128792,8.86,4.5,10.584,-0.1,-0.02,-0.08,23.31,-1.12,-3.25,-0.06,0.09,-0.42,12077.03,190.0,0.0,140.0,136.0,
1770044775449140196,128914,8.804,4.8,10.58,0.3,-0.08,0.0,23.31,-1.12,-3.25,-0.07,0.07,-0.42,12079.09,190.0,0.0,140.0,136.0,
1770044775567978743,129028,8.852,4.6,10.572,0.1,-0.16,-0.12,23.31,-1.12,-3.31,-0.06,0.06,-0.39,12079.09,187.0,0.0,140.0,136.0,
1770044775686772361,129146,8.888,4.9,10.592,0.0,0.02,-0.08,23.31,-1.12,-3.31,-0.05,0.04,-0.43,12078.57,188.0,0.0,140.0,136.0,
1770044775809654922,129266,8.832,4.9,9.356,0.6,-0.06,-0.08,23.31,-1.12,-3.31,-0.06,0.04,-0.43,12077.2,186.0,0.0,140.0,136.0,
1770044775924354042,129388,9.32,3.7,9.124,1.1,-0.14,-0.1,23.31,-1.12,-3.31,-0.06,0.07,-0.4,12081.49,186.0,0.0,140.0,136.0,
1770044776043136416,129502,8.86,4.7,10.592,0.2,-0.1,0.0,23.31,-1.12,-3.31,-0.05,0.07,-0.43,12077.2,193.0,0.0,140.0,136.0,
1770044776166029403,129623,8.788,4.8,10.58,0.0,-0.06,-0.08,23.31,-1.12,-3.31,-0.04,0.08,-0.42,12077.54,188.0,0.0,140.0,136.0,
1770044776292974955,129744,8.896,4.7,10.592,0.1,0.04,0.02,23.31,-1.12,-3.31,-0.05,0.06,-0.41,12076.17,181.0,0.0,140.0,136.0,
1770044776411741002,129873,8.876,4.7,10.6,0.1,-0.06,-0.18,23.31,-1.12,-3.31,-0.06,0.04,-0.41,12078.4,181.0,0.0,140.0,136.0,
1770044776530571701,129989,8.848,4.7,10.596,0.0,0.0,-0.04,23.31,-1.12,-3.31,-0.09,0.07,-0.41,12079.43,187.0,0.0,140.0,136.0,
1770044776653458003,130110,8.792,4.8,10.576,0.2,0.16,0.02,23.31,-1.12,-3.31,-0.06,0.07,-0.4,12078.75,188.0,0.0,140.0,136.0,
1770044776772240866,130231,8.992,4.1,10.568,0.2,0.08,-0.1,23.31,-1.12,-3.31,-0.07,0.08,-0.4,12078.92,192.0,0.0,140.0,136.0,
1770044776899223494,130352,9.088,4.1,10.584,0.2,0.08,-0.1,23.31,-1.12,-3.31,-0.05,0.05,-0.42,12079.09,186.0,0.0,140.0,136.0,
1770044777009813605,130476,9.02,4.0,10.572,0.1,0.02,-0.14,23.31,-1.12,-3.31,-0.06,0.04,-0.42,12079.09,186.0,0.0,140.0,136.0,
1770044777128607330,130587,9.044,4.2,10.6,0.1,0.02,0.06,23.31,-1.12,-3.31,-0.07,0.05,-0.42,12078.92,182.0,0.0,140.0,136.0,
1770044777247431113,130706,8.992,4.5,10.576,0.3,0.0,-0.16,23.31,-1.12,-3.31,-0.06,0.06,-0.44,12079.43,185.0,0.0,140.0,136.0,
1770044777370229635,130825,9.072,4.4,10.596,0.2,0.02,-0.14,23.31,-1.12,-3.31,-0.08,0.07,-0.44,12078.23,186.0,0.0,140.0,136.0,
1770044777484936410,130949,9.004,4.0,10.576,0.1,-0.06,0.02,23.31,-1.12,-3.31,-0.05,0.08,-0.39,12078.92,186.0,0.0,140.0,136.0,
1770044777603737229,131062,8.996,4.1,10.584,0.2,0.04,-0.21,23.31,-1.12,-3.31,-0.07,0.06,-0.42,12078.4,187.0,0.0,140.0,136.0,
1770044777722546103,131182,9.036,4.1,10.58,0.1,-0.08,-0.04,23.31,-1.12,-3.31,-0.05,0.07,-0.42,12075.83,186.0,0.0,140.0,136.0,
1770044777845423241,131302,9.072,4.4,10.592,0.3,-0.04,-0.04,23.31,-1.12,-3.31,-0.06,0.06,-0.42,12078.06,185.0,0.0,140.0,136.0,
1770044777960098329,131422,9.008,4.2,9.124,-0.1,0.08,-0.04,23.31,-1.12,-3.31,-0.07,0.07,-0.41,12078.4,185.0,0.0,140.0,136.0,
1770044778083000668,131539,8.82,4.9,10.58,0.1,0.04,-0.06,23.31,-1.12,-3.31,-0.05,0.06,-0.44,12078.75,184.0,0.0,140.0,136.0,
1770044778205872575,131660,8.888,4.9,10.588,0.1,0.08,-0.06,23.31,-1.12,-3.31,-0.07,0.06,-0.39,12077.2,186.0,0.0,140.0,136.0,
1770044778324629498,131782,8.856,5.0,10.588,0.0,-0.02,-0.06,23.31,-1.12,-3.31,-0.07,0.05,-0.42,12076.69,188.0,0.0,140.0,136.0,
1770044778443443572,131903,8.78,4.5,10.584,0.2,-0.02,-0.08,23.31,-1.12,-3.31,-0.05,0.07,-0.41,12079.26,188.0,0.0,140.0,136.0,
1770044778562223367,132020,8.828,4.8,10.58,0.3,-0.06,-0.25,23.31,-1.12,-3.31,-0.05,0.06,-0.42,12077.89,194.0,0.0,140.0,136.0,
1770044778681029738,132139,8.876,4.7,9.372,0.8,0.0,-0.08,23.31,-1.12,-3.31,-0.05,0.07,-0.43,12076.17,195.0,0.0,140.0,136.0,
1770044778803923164,132258,9.048,4.4,9.148,0.0,-0.06,-0.02,23.31,-1.12,-3.31,-0.04,0.08,-0.42,12077.54,195.0,0.0,140.0,136.0,
1770044778918641163,132379,8.88,4.5,10.596,0.1,0.08,0.06,23.31,-1.12,-3.31,-0.04,0.08,-0.39,12074.8,195.0,0.0,140.0,136.0,
1770044779037371932,132494,8.864,4.6,10.58,0.1,0.0,-0.08,23.31,-1.12,-3.31,-0.07,0.06,-0.42,12075.49,190.0,0.0,140.0,136.0,
1770044779160270910,132617,10.66,4.1,10.6,0.3,0.06,-0.14,23.31,-1.12,-3.31,-0.07,0.08,-0.42,12073.6,188.0,0.0,140.0,136.0,
1770044779283166018,132736,9.052,4.1,10.592,0.1,0.02,-0.18,23.31,-1.12,-3.31,-0.04,0.08,-0.43,12073.77,190.0,0.0,140.0,136.0,
1770044779397815260,132861,9.0,4.2,10.58,0.3,0.14,-0.02,23.31,-1.12,-3.31,-0.05,0.06,-0.43,12075.49,190.0,0.0,140.0,136.0,
1770044779520736703,132975,9.012,4.1,10.584,0.2,0.0,-0.1,23.31,-1.12,-3.31,-0.07,0.06,-0.41,12073.77,182.0,0.0,140.0,136.0,
1770044779639526740,133098,9.04,3.9,10.58,0.1,0.12,-0.12,23.31,-1.12,-3.31,-0.03,0.07,-0.41,12073.43,179.0,0.0,140.0,136.0,
1770044779762391809,133218,9.588,4.4,10.588,0.1,-0.02,0.06,23.31,-1.12,-3.31,-0.07,0.06,-0.41,12073.77,193.0,0.0,140.0,136.0,
1770044779877084183,133339,8.816,4.6,10.604,0.0,-0.06,-0.02,23.31,-1.12,-3.31,-0.04,0.07,-0.43,12077.03,193.0,0.0,140.0,136.0,
1770044779999980476,133452,8.808,3.8,10.6,0.2,-0.06,-0.04,23.31,-1.12,-3.31,-0.05,0.07,-0.44,12076.0,188.0,0.0,140.0,136.0,
1770044780118760004,133575,10.592,4.3,10.532,-12.7,1.09,-0.14,23.31,-1.12,-3.31,-0.05,0.06,-0.4,12052.85,190.0,13.8,0.0,140.0,136.0
1770044780241648890,133696,10.636,4.4,9.12,-10.8,0.53,0.04,23.31,-1.12,-3.31,-0.07,0.06,-0.46,12044.1,187.0,23.47,0.0,140.0,136.0
1770044780360384077,133818,9.632,3.1,10.532,-42.2,1.39,-0.02,23.31,-1.12,-3.31,-0.03,0.25,-0.57,12050.96,189.0,17.54,0.7,140.0,136.0
1770044780487398697,133938,9.172,20.4,10.492,-28.3,1.56,0.8,23.5,-1.0,-3.38,0.12,0.26,-0.53,12037.58,189.0,17.57,9.52,140.0,136.0
1770044780610290953,134064,9.412,55.4,10.036,-31.3,1.09,2.15,23.87,-1.19,-3.38,-0.55,0.43,-0.55,12003.8,192.0,17.73,34.19,140.0,136.0
1770044780733171653,134187,10.384,115.9,10.024,-32.2,0.96,1.41,23.56,-1.25,-3.44,0.08,0.12,-0.55,11975.5,189.0,19.33,59.36,140.0,136.0
1770044780851955288,134307,10.3,277.6,8.892,-25.1,1.04,1.84,22.69,-1.63,-3.63,-0.23,0.22,-0.56,11944.97,184.0,18.79,82.81,140.0,136.0
1770044780966633950,134429,9.872,119.5,9.436,-39.9,1.09,1.19,20.69,-1.69,-3.94,-0.27,0.16,-0.34,11940.69,184.0,18.31,93.72,140.0,136.0
1770044781093625644,134545,10.392,142.3,9.624,-24.9,1.23,1.84,18.12,-1.56,-3.75,0.07,-0.18,-0.77,11946.35,184.0,19.17,89.0,140.0,136.0
1770044781216514368,134671,8.796,222.0,9.816,-34.5,1.72,2.11,15.94,-1.63,-3.63,0.91,-0.08,-0.64,11943.09,183.0,25.6,82.86,140.0,136.0
1770044781339366016,134793,10.028,152.4,9.9,-81.1,1.78,2.15,14.06,-1.63,-3.44,0.0,0.19,-0.3,11918.91,181.0,51.5,75.16,140.0,136.0
1770044781454041970,134914,9.26,120.7,9.992,-91.2,1.82,1.76,13.5,-1.31,-3.31,0.07,-0.21,-0.62,11888.55,181.0,74.13,71.25,140.0,136.0
1770044781576951770,135030,8.48,80.0,9.924,-173.7,2.3,0.61,13.44,-1.31,-3.25,-0.27,0.0,-0.69,11848.93,180.0,110.17,70.87,142.0,136.0
1770044781699841920,135154,8.544,50.6,9.828,-186.2,1.97,0.94,14.31,-1.5,-3.25,-1.21,0.38,-0.06,11814.81,183.0,137.0,70.17,142.0,136.0
1770044781822729255,135277,10.224,49.7,10.132,-282.8,1.64,0.8,16.25,-1.56,-3.25,-2.47,-0.82,-2.04,11801.77,182.0,156.68,68.33,142.0,138.0
1770044781945610794,135399,9.06,97.2,9.224,-234.7,1.91,1.33,19.06,-1.44,-3.56,-0.64,-0.14,-0.22,11799.54,184.0,159.36,67.5,142.0,138.0
1770044782064396723,135521,10.092,0.0,10.124,-181.3,2.09,1.58,21.81,-1.88,-3.31,0.73,0.18,-1.22,11788.57,184.0,157.52,76.22,142.0,138.0
1770044782191377549,135639,9.88,144.8,10.064,-195.9,1.39,2.03,23.56,-1.81,-2.75,1.2,-0.38,-0.43,11771.76,181.0,157.63,89.59,142.0,138.0
1770044782314225244,135768,9.712,0.0,9.844,-285.5,2.46,0.74,25.94,-1.31,-2.88,-1.34,0.46,-0.2,11757.35,179.0,156.1,104.93,144.0,138.0
1770044782437109552,135891,8.332,152.9,10.024,-209.1,1.13,1.27,27.25,-1.37,-2.94,-0.89,-0.27,0.71,11735.4,180.0,159.44,115.26,144.0,138.0
1770044782560003397,136013,8.856,169.5,9.396,-176.5,1.78,1.54,28.37,-1.63,-2.88,1.79,1.09,-0.19,11732.66,180.0,161.88,122.68,144.0,138.0
1770044782682899799,136135,8.576,208.8,9.98,-202.5,1.64,1.27,29.44,-1.69,-3.19,0.02,-0.44,0.73,11727.86,179.0,155.15,130.62,144.0,138.0
1770044782801681235,136257,10.176,193.0,8.696,-228.4,1.91,1.27,30.5,-1.56,-2.81,-4.61,-0.65,-2.07,11715.85,182.0,158.06,135.97,144.0,138.0
1770044782924562987,136379,10.2,0.0,10.1,-159.1,1.37,1.15,30.87,-1.56,-2.75,-0.25,-0.83,-0.5,11708.65,182.0,160.88,139.66,144.0,140.0
1770044783051566605,136501,9.712,134.0,9.684,-264.9,1.58,1.27,31.94,-1.56,-2.94,0.51,0.61,-2.8,11722.54,178.0,158.75,129.76,144.0,140.0
1770044783166243009,136626,9.852,-23.8,9.548,-197.2,1.31,0.23,33.25,-1.81,-2.5,-0.68,0.1,-1.38,11806.23,178.0,155.78,79.29,146.0,140.0
1770044783289102348,136742,10.516,-2.6,9.22,14.2,-0.1,0.0,36.38,-1.81,-2.25,1.5,0.71,0.14,11948.58,177.0,107.67,22.09,146.0,140.0
1770044783411968743,136864,10.372,5.6,9.98,-66.2,0.43,-0.1,39.5,-1.56,-2.19,0.43,0.42,-0.5,12003.8,176.0,62.81,0.0,146.0,140.0
1770044783534888715,136985,8.964,4.6,10.256,0.1,0.37,0.02,41.31,-1.44,-2.06,-0.08,-0.48,-0.11,12073.26,168.0,3.45,0.0,146.0,140.0
1770044783649579044,137111,8.772,4.8,10.556,-1.6,0.55,-0.1,41.31,-1.44,-2.13,-0.07,0.01,-0.39,12077.03,168.0,0.0,146.0,140.0,
1770044783768341702,137226,8.756,4.9,10.544,-1.8,0.53,-0.06,41.31,-1.44,-2.13,0.04,0.06,-0.45,12076.34,168.0,0.0,146.0,140.0,
1770044783891242488,137345,8.748,4.8,10.552,-1.7,0.51,-0.16,41.31,-1.44,-2.13,0.01,0.07,-0.39,12074.63,173.0,0.0,146.0,140.0,
1770044784010028573,137464,8.748,5.1,9.296,-1.1,0.53,0.0,41.31,-1.44,-2.19,0.01,0.09,-0.43,12075.31,170.0,0.0,146.0,140.0,
1770044784120627661,137585,8.968,4.1,10.544,-1.5,0.45,-0.02,41.31,-1.44,-2.19,0.02,0.07,-0.43,12075.83,170.0,0.0,146.0,140.0,
1770044784239415121,137696,9.12,4.7,9.14,-0.8,0.53,-0.06,41.31,-1.44,-2.25,0.02,0.09,-0.44,12076.69,166.0,0.0,146.0,140.0,
1770044784362261162,137814,8.796,5.2,10.572,-1.7,0.64,-0.08,41.31,-1.44,-2.25,0.0,0.05,-0.43,12074.8,169.0,0.0,146.0,140.0,
1770044784481091828,137935,9.028,4.0,10.552,-1.7,0.47,-0.12,41.31,-1.44,-2.25,0.0,0.07,-0.44,12073.26,167.0,0.0,146.0,140.0,
1770044784595778796,138054,9.016,4.8,10.564,-1.5,0.45,-0.04,41.31,-1.44,-2.31,0.01,0.05,-0.41,12077.03,167.0,0.0,146.0,140.0,
1770044784714553866,138170,8.976,4.2,10.56,-1.8,0.57,-0.08,41.31,-1.44,-2.31,0.0,0.04,-0.42,12075.14,171.0,0.0,146.0,140.0,
1770044784833322861,138288,9.032,4.0,9.192,-0.5,0.41,0.02,41.31,-1.44,-2.31,0.01,0.06,-0.46,12075.66,172.0,0.0,146.0,140.0,
1770044784956219591,138409,8.756,4.4,9.304,-0.9,0.53,-0.06,41.31,-1.44,-2.31,0.01,0.06,-0.43,12074.8,174.0,0.0,146.0,140.0,
1770044785070865514,138529,8.976,4.1,10.556,-1.5,0.37,-0.12,41.31,-1.44,-2.31,0.0,0.07,-0.44,12077.03,174.0,0.0,146.0,140.0,
1770044785193807528,138647,9.04,4.4,10.576,-1.6,0.61,-0.06,41.31,-1.44,-2.31,0.0,0.06,-0.41,12076.0,171.0,0.0,146.0,140.0,
1770044785316598645,138767,9.072,4.0,10.564,-1.4,0.51,-0.08,41.31,-1.44,-2.31,0.0,0.07,-0.42,12075.31,172.0,0.0,146.0,140.0,
1770044785439534343,138893,8.968,4.2,10.552,-1.5,0.45,0.06,41.31,-1.44,-2.31,0.0,0.06,-0.42,12073.6,173.0,0.0,146.0,140.0,
1770044785554249954,139015,8.972,4.4,10.556,-1.6,0.51,-0.02,41.31,-1.44,-2.31,0.0,0.05,-0.41,12075.66,173.0,0.0,146.0,140.0,
1770044785681234508,139128,8.984,4.5,10.556,-1.8,0.53,0.0,41.31,-1.44,-2.31,0.0,0.05,-0.44,12077.03,173.0,0.0,146.0,140.0,
1770044785800020957,139254,9.048,4.2,10.348,-2.0,0.49,-0.1,41.31,-1.44,-2.31,0.01,0.08,-0.44,12076.86,170.0,0.0,146.0,140.0,
1770044785918806295,139374,8.776,4.5,10.1,-1.5,0.59,-0.06,41.31,-1.44,-2.31,0.02,0.06,-0.4,12077.03,171.0,0.0,146.0,140.0,
1770044786037540842,139494,8.98,4.2,10.564,-1.6,0.39,-0.02,41.31,-1.44,-2.31,-0.01,0.06,-0.44,12072.74,171.0,0.0,146.0,140.0,
1770044786156379713,139614,8.976,4.5,10.56,-1.7,0.51,-0.14,41.31,-1.44,-2.31,0.01,0.05,-0.39,12074.29,171.0,0.0,146.0,140.0,
1770044786279266435,139730,9.06,4.4,10.568,-1.8,0.51,0.0,41.31,-1.44,-2.31,0.0,0.06,-0.4,12076.17,172.0,0.0,146.0,140.0,
1770044786402090654,139852,9.044,4.4,10.568,-1.8,0.51,-0.08,41.31,-1.44,-2.31,0.01,0.06,-0.43,12057.48,171.0,2.78,4.87,146.0,140.0
1770044786520873577,139975,10.592,4.1,10.528,-1.7,0.47,-0.04,41.38,-1.44,-2.25,-0.1,0.58,-0.44,12074.46,172.0,0.0,146.0,140.0,
1770044786639721726,140096,10.596,4.4,10.564,-1.6,0.53,-0.04,41.38,-1.44,-2.25,0.0,0.08,-0.43,12074.63,172.0,0.0,146.0,140.0,
1770044786762580410,140214,10.536,4.0,9.176,-0.7,0.53,-0.14,41.38,-1.44,-2.25,0.0,0.06,-0.47,12075.49,175.0,0.0,146.0,140.0,
1770044786885469373,140336,10.588,4.1,10.572,-0.8,0.61,0.02,41.38,-1.44,-2.25,0.0,0.07,-0.42,12073.94,174.0,0.0,146.0,140.0,
1770044787004253963,140457,10.064,4.7,10.036,-1.8,0.63,-0.1,41.38,-1.44,-2.25,0.0,0.08,-0.44,12072.74,170.0,0.0,146.0,140.0,
1770044787118993906,140579,10.576,5.8,10.504,-0.7,0.59,0.18,41.38,-1.44,-2.25,0.02,0.05,-0.42,12077.54,170.0,0.0,0.75,146.0,140.0
1770044787237733473,140694,10.08,6.7,9.36,-2.5,0.76,0.61,41.38,-1.44,-2.25,0.01,0.05,-0.42,12076.86,175.0,0.0,146.0,140.0,
1770044787356474873,140810,9.04,4.4,10.108,-1.4,0.59,-0.1,41.38,-1.44,-2.25,0.0,0.06,-0.45,12077.37,176.0,0.0,146.0,140.0,
1770044787475265960,140929,9.9,4.2,9.284,-1.5,0.41,-0.06,41.38,-1.44,-2.25,0.02,0.07,-0.44,12079.77,175.0,0.0,146.0,140.0,
1770044787589990940,141048,10.572,16.4,10.36,-1.1,0.47,1.31,41.38,-1.44,-2.25,0.0,0.06,-0.41,12056.11,175.0,0.0,14.9,146.0,140.0
1770044787717008544,141163,9.04,60.3,9.288,-1.9,0.57,1.52,41.25,-1.44,-2.25,1.09,-0.45,0.1,12029.35,174.0,0.0,37.65,146.0,140.0
1770044787835759352,141288,10.42,105.8,9.148,-0.7,0.51,1.91,40.19,-1.44,-2.38,0.41,0.67,-1.29,12001.23,176.0,0.68,57.72,146.0,140.0
1770044787958640770,141410,8.832,87.0,9.268,-2.9,0.78,1.04,38.19,-1.5,-2.44,-0.09,0.26,-0.25,11993.0,177.0,2.09,68.2,146.0,140.0
1770044788073336450,141531,9.536,88.6,9.828,-51.0,1.68,0.9,35.25,-1.44,-2.63,2.02,-0.46,-0.5,11982.36,177.0,11.61,66.06,146.0,140.0
1770044788196207532,141646,10.3,115.8,9.76,-66.1,1.58,1.07,32.75,-1.56,-2.69,-0.71,0.09,-0.81,11952.35,179.0,35.89,61.43,146.0,140.0
1770044788298627866,141770,8.452,127.1,10.096,-134.4,1.8,1.25,31.87,-1.63,-2.69,0.65,0.14,0.1,168.24,179.0,61.24,62.77,146.0,140.0
1770044788421454575,141870,10.048,142.6,10.112,-157.2,1.64,1.66,32.06,-1.75,-2.63,1.0,0.18,-1.06,11868.83,175.0,85.69,70.83,146.0,140.0
1770044788536161355,141993,8.236,0.0,9.244,-150.5,1.93,1.56,32.63,-1.81,-2.44,1.0,1.35,-1.47,11830.41,175.0,109.83,87.87,146.0,140.0
1770044788659068660,142108,9.668,84.3,9.028,-218.6,1.52,0.57,33.19,-1.69,-2.5,1.0,0.33,0.87,11777.42,173.0,138.49,104.39,146.0,140.0
1770044788761474142,142232,9.848,174.8,9.008,-211.9,1.78,1.41,33.94,-1.5,-2.56,-1.0,-0.3,-0.38,166.87,173.0,135.39,118.88,146.0,140.0
1770044788884352038,142332,10.076,200.1,9.112,-153.9,1.09,1.72,34.38,-1.63,-2.88,-0.54,1.28,-2.23,11737.8,177.0,138.75,134.92,148.0,142.0
1770044789007235916,142456,9.836,255.3,9.916,-124.9,1.07,1.89,34.0,-2.06,-2.63,-0.1,0.16,-0.01,11730.26,183.0,135.97,148.39,148.0,142.0
1770044789130110813,142578,8.496,159.2,10.044,-146.1,1.23,0.96,33.69,-1.75,-2.56,0.13,1.78,-0.48,11717.91,177.0,142.18,153.92,148.0,142.0
1770044789253011562,142704,10.076,166.7,9.464,-197.2,2.15,1.39,32.63,-1.37,-2.75,0.92,0.96,0.06,11711.05,178.0,146.85,149.55,148.0,142.0
1770044789375825438,142826,8.872,0.0,8.724,-172.8,1.78,1.91,32.31,-1.56,-2.75,0.19,-0.93,-0.25,11702.13,173.0,159.51,148.56,148.0,142.0
1770044789490480278,142949,8.92,168.7,9.676,-138.5,1.74,0.76,32.81,-1.63,-2.63,-2.63,0.65,0.0,11697.67,173.0,159.7,153.17,148.0,142.0
1770044789617543336,143065,10.112,157.8,8.828,-207.6,1.05,1.19,32.44,-1.31,-2.69,2.01,0.42,-1.54,11705.39,183.0,158.75,151.84,148.0,144.0
1770044789740407269,143190,10.048,248.3,9.3,-217.3,1.39,1.6,32.31,-1.37,-2.81,0.01,-0.51,-0.53,11706.42,175.0,157.14,146.53,150.0,144.0
1770044789863298333,143314,9.924,177.1,9.272,-144.4,1.5,1.68,32.69,-1.69,-2.63,-1.07,0.16,-1.37,11697.16,175.0,159.44,151.84,150.0,144.0
1770044789982090981,143436,10.168,132.4,8.916,-207.9,1.0,1.05,32.5,-1.19,-2.81,-4.74,-1.13,-0.5,11697.84,175.0,159.85,152.71,150.0,144.0
1770044790090443707,143554,9.36,0.0,10.012,-167.4,1.64,1.78,32.81,-1.31,-3.13,-1.3,1.13,-0.54,152.98,177.0,153.84,145.74,150.0,144.0
1770044790203271602,143654,9.652,147.2,10.064,-199.8,1.21,1.05,32.69,-1.63,-2.81,1.81,-2.65,2.42,11696.81,179.0,160.53,151.67,150.0,144.0
1770044790330225841,143776,9.536,192.6,10.064,-149.4,1.56,0.78,33.0,-1.31,-2.94,-2.86,0.2,-0.89,11698.87,175.0,158.22,153.47,150.0,144.0
1770044790444907082,143900,8.948,187.4,9.684,-167.4,1.39,1.21,33.31,-1.06,-3.44,-0.47,0.63,-2.07,11704.87,175.0,158.97,149.54,152.0,146.0
1770044790567823984,144018,8.264,172.1,8.836,-177.5,1.72,0.86,33.31,-1.56,-3.13,1.12,-0.74,0.0,11701.44,181.0,158.75,149.77,152.0,146.0
1770044790704827597,144140,8.788,179.2,9.524,-182.4,1.35,1.56,33.75,-1.44,-3.06,1.02,0.18,-0.54,11695.27,178.0,160.33,152.92,152.0,146.0
1770044790817704736,144269,8.376,171.7,9.928,-165.2,1.41,0.98,34.25,-1.31,-3.5,-1.27,0.15,2.27,11702.3,185.0,156.47,151.17,152.0,146.0
1770044790936451204,144391,8.616,180.8,9.228,-152.2,0.92,1.62,34.19,-1.69,-3.19,-0.18,0.71,-0.87,11704.53,185.0,159.21,150.01,152.0,146.0
1770044791059352262,144509,9.188,195.0,8.624,-197.2,1.46,1.66,34.5,-1.56,-3.06,0.54,1.02,0.15,11698.36,177.0,160.13,151.84,152.0,146.0
1770044791186327376,144631,9.404,161.6,9.516,-194.8,1.33,1.13,34.94,-1.25,-3.5,-2.37,1.76,-4.16,11701.27,178.0,157.46,151.98,154.0,148.0
1770044791309211617,144758,10.056,236.4,9.848,-200.6,1.52,1.29,34.75,-1.81,-3.31,4.74,0.07,-1.45,11700.07,182.0,160.39,148.36,154.0,148.0
1770044791436111745,144881,9.308,213.4,10.08,-223.3,1.45,1.6,35.13,-1.75,-3.13,-0.71,0.64,-0.57,11699.9,183.0,158.75,151.84,154.0,148.0
1770044791554964135,145009,9.484,124.1,9.688,-222.6,1.41,1.02,35.63,-1.31,-3.38,-0.66,0.29,-0.32,11703.5,183.0,156.28,155.61,154.0,148.0
1770044791686036676,145128,8.468,174.1,9.692,-166.1,1.6,1.64,35.31,-1.69,-3.19,-3.53,-2.21,0.66,11702.3,178.0,159.44,148.39,154.0,148.0
1770044791804882122,145256,9.7,234.3,9.268,-158.2,1.7,1.97,35.63,-1.81,-2.81,2.34,-0.25,0.4,11702.99,176.0,160.45,152.5,154.0,148.0
1770044791927705230,145378,9.2,161.2,9.94,-218.2,1.39,0.64,36.13,-1.25,-3.19,-0.73,-1.53,3.67,11698.19,179.0,155.4,152.66,156.0,150.0
1770044792050553301,145500,8.188,199.1,9.488,-171.9,1.52,1.82,35.94,-1.56,-3.13,0.66,0.29,-0.19,11708.13,175.0,157.54,148.72,156.0,150.0
1770044792173473314,145624,10.144,199.5,10.064,-169.8,1.35,0.88,35.94,-1.88,-2.88,-0.85,-1.27,-1.38,11703.5,175.0,158.33,151.14,156.0,150.0
1770044792296333546,145744,10.004,136.3,9.808,-285.9,1.72,1.27,36.5,-1.31,-3.0,0.64,-0.07,0.0,11704.19,179.0,153.94,151.31,156.0,150.0
1770044792425129932,145868,10.068,117.3,8.86,-164.0,1.68,1.74,36.63,-1.44,-3.0,-0.22,-0.02,0.71,11707.45,181.0,158.06,149.08,156.0,150.0
1770044792538017624,145988,10.1,232.5,9.864,-139.1,1.17,1.6,36.38,-2.0,-2.88,3.36,-1.07,-1.02,11697.84,180.0,160.69,148.76,156.0,150.0
1770044792660905209,146111,9.08,121.8,10.084,-287.4,1.76,0.57,37.13,-1.5,-3.0,-0.91,0.95,-1.69,11703.16,180.0,155.45,154.02,158.0,150.0
1770044792783797368,146231,9.924,154.2,9.844,-173.3,1.48,1.43,37.31,-1.37,-3.0,2.58,-2.9,0.4,11705.9,180.0,159.65,147.53,158.0,152.0
1770044792902572084,146353,9.812,2.1,10.468,272.0,-5.31,-2.73,37.13,-2.0,-2.75,0.67,-0.69,-0.02,12040.16,176.0,64.19,26.23,158.0,152.0
1770044793031380401,146475,10.608,4.0,9.276,0.2,0.02,-0.2,38.0,-2.0,-2.75,-0.33,0.12,-0.45,12077.89,179.0,0.0,158.0,152.0,
1770044793140136599,146594,8.968,4.4,9.392,0.9,-0.02,-0.04,38.0,-2.0,-2.75,0.02,0.11,-0.41,12079.95,179.0,0.0,158.0,152.0,
1770044793263028123,146711,9.136,3.8,10.552,-0.1,-0.04,-0.02,38.0,-2.0,-2.75,0.04,0.12,-0.45,12078.75,175.0,0.0,158.0,152.0,
1770044793381773206,146833,9.084,4.0,10.54,0.1,0.04,-0.1,38.0,-2.0,-2.75,0.04,0.03,-0.41,12079.95,175.0,0.0,158.0,152.0,
1770044793500592551,146952,9.136,3.9,10.56,0.2,-0.02,-0.04,38.0,-2.0,-2.75,0.02,0.02,-0.42,12076.69,171.0,0.0,158.0,152.0,
1770044793615269621,147069,9.088,4.0,10.56,0.0,-0.04,-0.06,38.0,-2.0,-2.75,0.02,0.08,-0.43,12080.29,171.0,0.0,158.0,152.0,
1770044793734054520,147186,9.092,4.2,10.552,-0.2,-0.06,0.0,38.0,-2.0,-2.75,0.01,0.07,-0.43,12079.77,182.0,0.0,158.0,152.0,
1770044793856943748,147306,9.08,4.1,10.556,0.0,0.08,-0.04,38.0,-2.0,-2.75,0.0,0.06,-0.4,12079.09,176.0,0.0,158.0,152.0,
1770044793979820457,147428,9.136,3.8,10.576,0.1,0.02,0.0,38.0,-2.0,-2.75,0.02,0.04,-0.41,12078.92,175.0,0.0,158.0,152.0,
1770044794094512464,147549,9.164,4.2,10.572,0.1,-0.02,0.04,38.0,-2.0,-2.75,0.0,0.04,-0.41,12078.06,175.0,0.0,158.0,152.0,
1770044794217414524,147664,9.152,4.1,10.56,0.1,-0.04,0.0,38.0,-2.0,-2.75,0.01,0.04,-0.44,12081.49,176.0,0.0,158.0,152.0,
1770044794336149959,147787,9.164,4.0,10.584,0.1,0.06,-0.1,38.0,-2.0,-2.75,0.0,0.03,-0.43,12080.97,174.0,0.0,158.0,152.0,
1770044794454921414,147907,9.152,3.9,10.576,0.1,0.02,0.0,38.0,-2.0,-2.75,0.02,0.05,-0.41,12080.29,177.0,0.0,158.0,152.0,
1770044794581901132,148027,9.028,6.4,10.564,0.0,-0.02,-0.29,38.0,-2.0,-2.75,0.0,0.04,-0.44,12080.29,175.0,0.0,158.0,152.0,
1770044794700704922,148154,10.368,10.7,10.516,0.1,0.08,-1.21,38.0,-2.0,-2.75,0.0,0.04,-0.42,12081.15,175.0,0.0,158.0,152.0,
1770044794823635872,148273,9.492,20.4,10.252,0.9,0.0,-1.88,38.0,-2.0,-2.75,0.0,0.05,-0.41,12079.43,173.0,0.0,158.0,152.0,
1770044794938295020,148391,10.148,30.6,10.432,0.5,0.04,-2.17,38.0,-2.0,-2.75,0.03,0.07,-0.42,12068.63,175.0,0.0,6.32,158.0,152.0
1770044795061187712,148510,8.924,47.0,10.068,1.7,-0.06,-1.74,38.0,-2.0,-2.75,-0.04,0.06,-0.37,12068.97,178.0,0.0,8.56,158.0,152.0
1770044795175829884,148631,8.664,32.7,10.496,-1.9,0.02,-1.37,38.19,-1.94,-2.75,0.15,0.29,-0.42,12060.91,178.0,0.0,14.52,158.0,152.0
1770044795298750131,148748,10.472,44.9,10.428,0.5,-0.04,-1.37,38.63,-1.94,-2.75,0.14,0.1,-0.47,12058.34,178.0,0.0,16.7,158.0,152.0
1770044795417521016,148868,10.06,63.0,10.156,-0.9,-0.08,-1.46,39.06,-1.94,-2.75,0.1,-0.04,-0.76,12059.02,179.0,0.0,16.01,158.0,152.0
1770044795536315440,148986,8.584,43.0,9.044,-1.5,-0.1,-2.23,39.31,-1.94,-2.75,0.11,0.14,-0.3,12064.0,174.0,0.0,12.03,158.0,152.0
1770044795651008911,149107,10.636,4.1,9.3,0.1,0.16,-0.12,39.75,-1.88,-2.69,0.09,0.0,-0.34,12072.74,174.0,0.0,3.69,158.0,152.0
1770044795777996182,149222,10.304,42.0,10.38,-0.8,0.12,1.6,39.75,-1.88,-2.75,-0.03,0.01,-0.43,12016.83,177.0,0.0,44.54,158.0,152.0
1770044795900865964,149346,9.76,129.7,9.12,0.2,0.04,1.37,39.38,-2.0,-2.69,0.6,0.82,-1.11,11970.36,181.0,0.0,84.2,158.0,152.0
1770044796019671249,149469,8.684,138.5,9.956,-2.2,0.51,1.35,36.56,-1.88,-2.88,0.66,-0.15,-0.84,11942.06,176.0,6.26,105.08,158.0,152.0
1770044796138444585,149591,9.256,178.3,9.44,-43.9,1.09,1.15,33.63,-1.63,-2.81,-0.79,-0.22,0.07,11886.84,176.0,32.39,118.03,158.0,152.0
1770044796261324186,149707,9.956,214.4,9.664,-133.9,2.27,2.09,31.25,-1.69,-2.81,-2.12,-0.01,1.55,11822.01,172.0,79.99,124.9,158.0,152.0
1770044796384152100,149831,9.824,204.5,9.844,-443.9,3.2,1.89,30.0,-1.63,-3.5,-0.66,1.32,-0.73,11742.43,174.0,145.69,119.62,158.0,152.0
1770044796507040978,149954,10.064,214.4,9.972,-173.1,1.89,1.64,31.06,-1.88,-3.31,-1.31,0.0,-1.85,11730.6,174.0,158.14,124.6,158.0,152.0
1770044796621784313,150077,9.696,151.9,10.128,-165.4,1.52,1.46,32.5,-1.94,-3.19,1.14,-0.6,-1.48,11723.4,174.0,159.7,131.39,158.0,154.0
1770044796748805606,150193,10.18,72.8,10.08,-212.0,1.29,1.02,33.19,-1.75,-3.31,1.34,-0.2,0.6,11725.45,177.0,158.9,133.1,160.0,154.0
1770044796871618055,150319,8.784,125.3,9.008,-235.4,1.52,1.7,34.13,-2.06,-3.81,0.0,0.75,-4.11,11735.23,179.0,156.87,128.34,160.0,154.0
1770044796994504360,150440,9.608,225.1,9.824,-179.8,0.98,1.58,34.69,-2.69,-3.38,0.79,0.78,-0.43,11726.48,181.0,157.37,131.14,160.0,154.0
1770044797113270177,150562,10.12,0.0,9.324,-203.3,1.93,1.11,35.88,-2.13,-3.56,1.15,0.92,-0.92,11733.0,182.0,153.22,132.52,160.0,154.0
1770044797236153377,150684,10.052,174.4,9.344,-223.2,1.27,0.78,36.69,-1.88,-3.81,-4.89,1.42,1.31,11725.97,182.0,159.62,132.53,160.0,154.0
1770044797354926260,150803,9.62,226.1,8.596,-192.6,1.62,1.66,37.38,-2.5,-3.56,-0.24,-0.43,-0.62,11723.05,180.0,157.63,130.01,160.0,154.0
1770044797477804349,150925,10.096,149.1,8.832,-251.8,2.17,0.76,38.31,-2.44,-3.38,-1.67,0.02,-0.78,11854.25,178.0,117.33,93.87,160.0,154.0
1770044797604818793,151047,10.432,76.6,10.188,-1.5,0.27,-0.74,39.25,-1.88,-3.5,0.64,-1.52,-0.79,12052.33,179.0,0.7,20.88,160.0,154.0
1770044797723620510,151173,10.16,25.3,10.348,-1.4,-0.12,-0.78,39.81,-1.94,-3.56,0.24,0.07,-0.49,12055.94,179.0,0.0,18.95,160.0,156.0
1770044797846468838,151291,10.524,36.6,10.504,1.2,0.12,-1.66,40.44,-2.0,-3.56,-0.63,0.35,0.03,12058.16,176.0,0.0,18.56,160.0,156.0
1770044797969360428,151414,10.584,33.4,9.556,1.2,-0.06,-0.66,40.56,-2.06,-3.5,0.19,-0.16,-0.26,12063.31,183.0,0.0,15.06,160.0,156.0
1770044798088139886,151536,8.9,31.7,10.516,-0.3,-0.02,-1.11,40.88,-2.06,-3.56,-0.01,-0.01,-0.4,12068.97,171.0,0.0,7.02,160.0,156.0
1770044798215130150,151657,10.46,39.0,10.432,-1.9,-0.08,-2.58,41.13,-2.06,-3.56,-0.03,0.01,-0.44,12077.54,179.0,0.0,1.38,160.0,156.0
1770044798325711529,151782,9.916,30.9,10.304,0.5,0.0,-1.68,41.13,-2.06,-3.63,-0.02,0.0,-0.39,12079.77,179.0,0.0,160.0,156.0,
1770044798448571830,151896,10.212,11.1,10.54,-0.2,-0.02,-1.19,41.13,-2.06,-3.63,0.0,0.04,-0.4,12077.2,183.0,0.0,0.7,160.0,156.0
1770044798567392709,152016,10.46,6.1,9.3,0.8,-0.1,-0.47,41.13,-2.13,-3.63,0.0,0.02,-0.41,12074.8,182.0,0.0,160.0,156.0,
1770044798686155474,152137,8.896,4.8,10.568,0.0,0.04,-0.02,41.13,-2.13,-3.63,0.01,0.01,-0.39,12074.8,181.0,0.0,160.0,156.0,
1770044798804951333,152256,8.808,4.7,10.544,0.1,-0.04,0.14,41.13,-2.13,-3.63,0.0,0.02,-0.43,12077.03,181.0,0.0,160.0,156.0,
1770044798927830764,152373,8.816,5.1,10.556,0.2,-0.02,-0.04,41.13,-2.13,-3.63,0.02,0.0,-0.41,12076.52,179.0,0.0,160.0,156.0,
1770044799046615824,152495,8.796,4.8,10.568,0.1,-0.02,-0.06,41.13,-2.13,-3.63,0.01,0.02,-0.4,12076.69,183.0,0.0,160.0,156.0,
1770044799169488452,152615,8.868,4.8,10.56,0.2,-0.18,-0.06,41.13,-2.13,-3.63,0.0,0.01,-0.4,12076.0,184.0,0.0,160.0,156.0,
1770044799288283863,152736,8.792,4.7,10.572,0.0,0.02,-0.04,41.13,-2.13,-3.63,0.02,0.02,-0.4,12074.97,184.0,0.0,160.0,156.0,
1770044799411122712,152855,10.036,19.4,10.144,-0.1,-0.16,1.17,41.13,-2.13,-3.63,0.02,0.02,-0.43,12042.56,179.0,0.0,20.88,160.0,156.0
1770044799534047824,152978,8.5,155.0,9.536,2.5,0.02,2.91,41.13,-2.13,-3.63,-0.33,0.43,-0.25,11961.44,177.0,0.0,84.2,160.0,156.0
1770044799652774713,153101,9.068,196.0,10.248,-20.8,2.03,1.99,38.75,-1.88,-3.69,-0.5,-3.08,3.0,11901.07,181.0,15.87,122.86,160.0,156.0
1770044799781654969,153223,10.088,179.8,9.116,-118.6,2.27,1.09,34.56,-1.81,-3.63,0.97,1.78,-2.08,11858.71,181.0,45.73,129.21,160.0,156.0
1770044799894488495,153341,9.644,253.9,9.22,-103.5,1.97,2.34,31.5,-2.0,-4.06,0.28,0.35,-0.63,11821.32,180.0,73.43,130.01,162.0,156.0
1770044800017403376,153463,9.856,200.8,9.636,-201.2,2.68,1.7,29.62,-2.06,-3.75,0.27,0.68,-0.46,11746.04,180.0,123.91,136.92,162.0,156.0
1770044800140247869,153586,10.076,257.2,9.832,-201.1,1.09,1.88,29.12,-2.0,-3.56,1.48,1.72,-2.99,11698.7,178.0,160.82,149.08,162.0,156.0
1770044800267226765,153709,8.924,213.2,10.004,-187.5,1.13,1.86,29.56,-2.06,-3.81,-1.0,0.13,-1.17,11706.08,180.0,156.68,147.7,162.0,156.0
1770044800385978376,153834,8.264,198.8,9.016,-209.6,1.88,1.37,29.81,-2.13,-3.56,0.7,-0.01,-0.34,11700.24,180.0,158.06,150.46,162.0,158.0
1770044800504774970,153952,9.844,215.3,10.048,0.0,1.74,1.39,30.12,-2.0,-3.31,1.86,0.74,-1.04,11693.04,178.0,158.67,151.01,162.0,158.0
1770044800631787034,154073,9.128,174.8,9.072,-191.2,1.68,1.0,30.0,-1.94,-3.19,0.37,0.12,-1.22,11699.21,179.0,157.18,149.46,164.0,158.0
1770044800758745041,154199,8.368,0.0,9.16,-228.6,1.84,1.5,29.87,-1.88,-3.19,-1.25,-0.36,-0.69,11700.24,166.0,155.81,148.52,164.0,158.0
1770044800873436956,154324,9.468,0.0,9.836,0.0,0.98,1.05,30.25,-1.88,-2.94,-0.51,-1.33,-0.36,11692.7,166.0,159.99,152.97,164.0,158.0
1770044800996321969,154441,10.004,180.1,0.0,0.0,1.76,1.41,30.06,-1.75,-2.94,1.64,-0.35,-1.12,11701.44,180.0,160.19,153.35,164.0,158.0
1770044801119191689,154564,8.436,0.0,10.008,-177.3,1.8,1.56,30.25,-1.88,-3.56,-3.1,0.23,-0.12,11693.04,173.0,156.77,151.29,164.0,160.0
1770044801242083683,154687,9.644,187.8,8.572,0.0,1.76,1.46,30.25,-2.0,-3.13,-3.06,-3.5,0.02,11686.7,183.0,160.06,153.8,164.0,160.0
1770044801360842462,154809,10.168,158.0,10.068,-223.4,1.25,0.88,30.19,-1.81,-3.13,-2.22,-1.12,-0.28,11693.9,183.0,157.71,152.71,164.0,160.0
1770044801483719751,154929,8.448,268.7,9.792,-196.8,1.41,2.11,30.37,-1.81,-3.5,-1.27,1.96,-0.93,11699.56,180.0,157.63,148.2,166.0,160.0
1770044801606607967,155051,8.416,0.0,10.072,-152.2,1.76,1.45,30.69,-2.06,-3.13,1.12,-4.05,-2.99,11697.33,175.0,159.36,149.62,166.0,160.0
1770044801725407544,155172,8.364,157.0,9.636,0.0,1.66,1.05,30.75,-1.81,-3.19,0.94,0.9,-2.73,11691.16,174.0,156.68,154.61,166.0,160.0
1770044801827821915,155294,9.576,223.6,8.792,0.0,1.62,1.09,31.06,-1.81,-3.75,1.61,0.87,-0.37,161.04,174.0,154.08,146.91,166.0,160.0
1770044801950753299,155395,10.052,0.0,9.168,-172.4,1.7,1.72,31.25,-2.25,-3.44,2.2,-2.04,0.99,11698.7,181.0,161.67,146.76,166.0,162.0
1770044802069452564,155516,9.496,196.8,10.052,0.0,1.74,1.46,31.62,-2.06,-3.38,-0.24,-0.46,0.21,11694.24,177.0,159.44,150.46,166.0,162.0
1770044802171881097,155638,8.084,107.5,9.604,-255.6,2.36,0.96,31.94,-1.75,-3.69,1.79,-4.11,3.48,174.59,177.0,156.38,147.79,166.0,162.0
1770044802298825282,155739,8.308,280.5,9.224,-157.7,1.62,2.03,32.19,-2.13,-3.81,1.37,0.51,-0.49,11687.21,177.0,161.67,147.72,168.0,162.0
1770044802421680572,155865,10.08,194.1,10.088,-166.1,1.31,1.48,32.25,-2.38,-3.44,-1.33,0.79,-0.46,11691.16,175.0,163.69,149.55,168.0,162.0
1770044802544586881,155986,9.876,187.2,10.044,-161.7,1.78,0.84,32.81,-1.94,-3.75,0.72,0.09,-0.71,11685.84,175.0,164.99,151.98,168.0,162.0
1770044802663391683,156109,10.052,222.0,9.06,-220.5,1.74,1.78,32.75,-2.06,-3.94,-0.16,0.66,-0.5,11696.81,176.0,161.51,144.94,168.0,164.0
1770044802790385037,156231,9.984,233.7,9.932,-166.4,1.48,1.41,32.56,-2.56,-3.5,-0.32,0.44,1.05,11689.1,172.0,161.45,149.62,168.0,164.0
1770044802909159449,156356,9.336,147.4,10.068,-167.3,1.91,1.48,33.13,-2.0,-3.81,-2.77,-1.4,-0.27,11698.36,172.0,155.19,151.71,170.0,164.0
1770044803038047319,156475,8.5,195.4,10.088,-82.2,0.04,1.54,33.06,-2.06,-3.88,-0.32,-0.36,-1.15,11744.49,177.0,127.0,149.77,170.0,164.0
1770044803154975000,156597,9.612,220.3,10.152,-101.1,1.33,1.72,31.87,-2.38,-3.69,1.86,-0.61,-2.81,11768.16,178.0,102.54,148.72,170.0,164.0
1770044803277812070,156721,10.18,227.2,10.116,-76.6,0.59,1.5,30.0,-2.06,-3.63,-0.37,0.39,-0.9,11771.42,176.0,97.9,147.19,170.0,164.0
1770044803396531504,156846,9.372,227.6,10.112,-107.5,1.46,1.88,28.06,-1.75,-3.75,-4.9,-0.02,0.61,11774.68,176.0,102.04,147.0,170.0,164.0
1770044803519446502,156961,10.032,279.9,8.54,-115.7,1.13,2.27,27.06,-1.88,-3.75,-0.39,0.12,-0.75,11765.93,176.0,103.74,142.81,170.0,166.0
1770044803642332740,157085,9.172,181.2,9.648,-85.8,1.05,1.48,25.69,-1.75,-3.56,-0.31,-0.35,-0.18,11756.67,176.0,110.65,148.92,170.0,166.0
1770044803773402876,157208,10.152,193.0,10.056,-152.7,1.52,1.41,23.94,-1.5,-3.56,1.12,-0.09,-0.95,11754.1,173.0,110.9,147.19,170.0,166.0
1770044803896290651,157340,9.628,285.1,8.724,-118.4,1.54,2.25,22.06,-1.75,-3.63,0.86,-0.34,0.0,11760.27,172.0,111.63,145.44,170.0,166.0
1770044804015129923,157462,9.996,278.6,9.552,-334.3,2.27,1.78,21.25,-1.44,-3.56,1.64,-2.59,0.53,11725.28,172.0,132.42,144.66,172.0,166.0
1770044804133803159,157580,8.416,216.9,10.004,-244.8,1.64,1.86,20.69,-1.0,-3.63,2.65,1.0,-1.55,11699.21,174.0,156.77,147.87,172.0,166.0
1770044804260848129,157702,8.324,203.9,9.936,-146.5,1.52,1.17,20.81,-1.31,-3.38,1.34,0.18,-0.77,11703.85,174.0,158.06,147.7,172.0,168.0
1770044804383672721,157827,9.552,227.9,9.344,-234.1,1.04,2.34,21.0,-1.44,-3.56,3.12,-0.46,0.72,11705.05,177.0,154.26,146.18,172.0,168.0
1770044804498400109,157948,10.048,182.1,9.684,-181.5,1.8,1.11,21.62,-0.88,-3.75,-0.61,1.3,-1.38,11690.64,177.0,156.99,150.57,172.0,168.0
1770044804621282926,158064,10.08,163.2,9.868,-188.0,1.46,1.09,21.62,-1.25,-3.56,3.43,-1.76,-1.56,11697.16,176.0,159.99,148.76,172.0,168.0
1770044804744153131,158187,9.98,0.0,8.948,-240.5,1.5,2.32,21.56,-1.63,-3.56,-1.33,0.6,-1.37,11698.01,175.0,158.67,147.53,174.0,168.0
1770044804862926649,158309,9.94,222.4,8.896,-221.3,1.37,1.17,22.12,-1.19,-3.88,0.1,0.18,-0.69,11697.16,170.0,155.99,148.39,174.0,168.0
1770044804985832411,158430,10.104,182.4,9.404,-202.2,1.66,1.09,22.12,-1.44,-3.69,-3.15,-1.46,-3.58,11695.44,182.0,158.06,150.46,174.0,168.0
1770044805100527487,158550,9.472,293.9,9.38,-178.9,1.58,2.09,21.87,-1.81,-3.75,-1.72,1.13,0.0,11703.67,182.0,155.11,145.51,174.0,170.0
1770044805198827550,158665,9.852,201.8,9.976,-207.9,2.27,1.6,22.5,-1.63,-3.94,0.0,1.21,-0.87,168.93,177.0,152.82,145.02,174.0,170.0
1770044805321673522,158765,10.068,175.3,10.04,-200.9,1.89,1.64,22.62,-1.37,-3.81,-0.72,-0.84,-0.5,11691.67,178.0,156.95,150.97,174.0,170.0
1770044805424086456,158888,10.036,219.2,9.928,-193.6,1.48,1.58,22.37,-1.81,-3.94,-1.06,0.03,-0.28,179.22,178.0,157.43,146.44,174.0,170.0
1770044805542867132,158988,8.324,232.3,9.848,-221.4,1.52,1.48,22.62,-1.81,-4.06,-0.61,0.27,-1.43,11698.53,181.0,159.27,147.24,176.0,170.0
1770044805669858308,159110,9.568,0.0,9.788,-188.1,1.84,1.02,23.0,-1.56,-4.06,0.37,0.0,-0.63,11688.75,170.0,160.94,150.75,176.0,170.0
1770044805792745392,159237,8.556,167.7,10.08,-157.9,1.31,1.35,23.0,-1.75,-4.0,0.03,-0.26,-1.27,11694.58,184.0,158.98,152.24,176.0,170.0
1770044805911523494,159358,10.108,215.0,9.756,-228.1,1.23,1.58,23.0,-1.81,-4.19,-0.65,0.3,-0.79,11692.01,184.0,159.77,148.98,176.0,172.0
1770044806034387673,159475,9.928,190.4,9.652,-243.4,1.93,1.13,23.56,-1.63,-4.0,1.73,-0.35,0.08,11694.93,185.0,163.58,152.53,176.0,172.0
1770044806157270303,159599,9.176,221.5,10.044,-185.5,1.37,1.54,23.62,-1.69,-4.06,-0.75,-0.08,-1.13,11691.16,185.0,160.13,152.53,176.0,172.0
1770044806284263209,159724,8.448,209.2,9.716,-229.9,1.82,1.97,23.31,-1.81,-4.31,1.67,3.3,0.16,11690.64,180.0,159.86,148.67,178.0,172.0
1770044806398922768,159848,9.276,0.0,9.472,-242.4,1.76,1.46,23.25,-1.5,-4.19,2.93,1.06,0.33,11697.5,180.0,155.45,149.7,178.0,172.0
1770044806521830936,159965,10.128,193.3,10.008,-175.3,1.27,1.02,23.62,-1.37,-4.13,-3.22,-1.2,2.18,11688.24,181.0,160.19,154.03,178.0,172.0
1770044806648795749,160089,8.456,169.4,9.744,-213.9,1.37,0.9,23.25,-1.44,-4.13,-2.37,-2.07,-1.7,11702.65,182.0,156.19,150.07,178.0,174.0
1770044806751210759,160216,9.992,188.3,9.984,-278.1,1.93,1.66,23.31,-1.06,-4.13,1.14,0.11,-0.01,171.16,182.0,153.25,144.83,178.0,174.0
1770044806874087741,160316,9.748,184.0,9.964,-165.0,1.45,1.6,23.56,-0.94,-3.94,-0.06,0.57,-0.4,11695.27,176.0,156.45,150.71,178.0,174.0
1770044806996972186,160438,10.016,166.2,9.924,-197.6,1.78,1.11,23.31,-0.94,-4.0,1.53,-0.12,-2.56,11682.24,183.0,166.34,152.53,180.0,174.0
1770044807115738001,160561,8.38,272.6,8.484,0.0,1.48,1.93,23.44,-0.94,-4.06,-1.72,0.01,0.63,11704.36,176.0,157.37,146.32,180.0,174.0
1770044807238681386,160683,8.828,231.3,10.004,-161.6,1.56,1.76,23.81,-0.94,-3.69,-1.48,-1.96,0.47,11690.98,175.0,158.22,151.43,180.0,174.0
1770044807353282347,160802,8.424,161.4,10.072,-218.1,1.19,1.15,23.75,-0.81,-3.56,-0.43,-0.66,-1.68,11691.67,175.0,160.89,152.62,180.0,174.0
1770044807476168433,160918,9.964,223.0,9.86,-252.1,1.76,1.58,24.06,-0.75,-3.94,-0.28,-0.54,0.6,11701.62,178.0,157.46,145.13,180.0,176.0
1770044807599079464,161041,9.904,194.6,9.456,-223.5,1.68,1.72,24.25,-1.0,-3.63,0.17,-2.18,1.06,11692.7,179.0,160.82,149.77,180.0,176.0
1770044807721944364,161163,10.108,184.4,8.984,0.0,1.52,1.05,24.44,-0.88,-3.81,-0.98,-1.05,0.82,11691.67,177.0,160.82,152.53,182.0,176.0
1770044807844832025,161288,9.952,198.4,8.716,819.1,1.8,1.6,24.31,-0.81,-4.0,-2.45,-0.48,1.35,11691.84,177.0,167.08,147.86,182.0,176.0
1770044807959508081,161411,9.924,187.7,10.008,-154.6,1.86,1.56,24.56,-1.06,-3.81,0.64,-1.13,-1.09,11692.01,177.0,159.62,148.64,182.0,176.0
1770044808082404818,161525,8.148,0.0,9.464,-173.5,0.96,1.86,24.75,-1.12,-3.88,0.05,-0.53,0.32,11698.36,177.0,159.29,152.97,182.0,176.0
1770044808209391615,161647,10.088,196.3,9.18,-171.8,1.78,0.59,24.5,-0.63,-4.13,-2.36,-1.11,0.31,11697.84,180.0,158.75,148.39,182.0,176.0
1770044808328131645,161772,9.32,187.1,10.0,-215.2,1.6,1.66,24.62,-0.81,-4.19,-0.96,-0.66,-0.82,11692.53,179.0,161.0,147.53,182.0,178.0
1770044808456979210,161894,9.692,164.0,9.58,-163.5,1.02,0.84,24.87,-0.81,-3.81,-0.28,-0.83,1.43,11676.06,179.0,169.12,151.43,184.0,178.0
1770044808569827721,162013,9.944,141.2,10.068,-221.3,1.78,0.66,24.69,-0.5,-4.06,3.14,0.06,0.95,11698.7,178.0,159.44,153.22,184.0,178.0
1770044808696804944,162135,9.692,210.6,9.84,-237.4,1.5,1.19,24.94,-0.63,-4.19,-4.3,0.19,1.45,11697.67,177.0,157.54,147.36,184.0,178.0
1770044808819690784,162262,9.024,211.5,10.052,-211.4,1.7,1.54,25.25,-0.75,-3.69,1.65,-0.93,-0.65,11687.04,173.0,161.67,150.22,184.0,178.0
1770044808942567735,162383,8.424,179.5,10.044,-220.2,1.7,1.27,25.12,-0.44,-3.88,-0.23,-0.03,-1.06,11692.53,175.0,158.75,152.53,184.0,178.0
1770044809057266903,162506,9.94,0.0,8.788,-193.5,1.31,1.09,25.25,-0.37,-4.38,-0.24,1.83,0.31,11703.16,175.0,158.16,148.64,184.0,180.0
1770044809184238935,162622,9.712,193.2,10.024,-229.3,1.62,1.45,25.25,-0.81,-3.88,-1.07,-1.48,1.95,11697.84,176.0,161.51,147.7,186.0,180.0
1770044809303043392,162746,8.784,155.6,9.164,-237.9,1.6,0.96,25.62,-0.5,-3.81,-0.29,2.32,-2.86,11690.64,175.0,156.96,152.24,186.0,180.0
1770044809405388748,162868,10.064,201.5,8.708,-247.1,1.33,1.54,25.87,-0.5,-4.31,-1.4,0.11,-0.57,164.64,175.0,159.26,144.61,186.0,180.0
1770044809524175371,162968,8.712,202.5,9.8,-209.1,1.66,1.7,25.94,-0.94,-4.13,-1.0,-2.8,0.62,11691.67,175.0,160.75,145.92,186.0,180.0
1770044809647036577,163090,9.956,191.6,10.052,-180.3,1.45,1.76,26.25,-0.88,-4.06,0.23,-0.22,-0.14,11696.64,179.0,158.67,150.32,186.0,180.0
1770044809769927618,163213,9.56,173.1,9.388,-356.7,2.66,1.27,26.56,-0.5,-4.44,1.4,-2.3,2.18,11701.79,184.0,154.83,148.72,186.0,180.0
1770044809901035607,163336,9.956,262.5,8.948,-177.0,1.21,1.52,26.87,-0.94,-4.5,0.32,-0.15,-1.77,11695.61,184.0,160.13,147.01,186.0,182.0
1770044810015717419,163464,10.116,186.4,9.256,-197.3,1.23,1.52,27.12,-1.12,-4.31,0.23,-1.06,-0.52,11690.3,184.0,160.19,149.24,188.0,182.0
1770044810142698133,163579,8.688,141.6,9.884,-339.5,2.56,1.21,27.5,-0.63,-4.63,-0.56,-0.05,-0.75,11704.02,178.0,158.06,149.77,188.0,182.0
1770044810261502239,163704,8.924,236.6,9.916,-159.3,0.9,1.6,27.81,-1.06,-4.75,-0.96,0.51,0.22,11704.02,183.0,158.3,144.83,188.0,182.0
1770044810384344980,163826,9.908,156.0,9.988,-150.0,1.58,1.07,27.75,-1.5,-4.56,-7.37,0.43,1.89,11697.5,180.0,159.36,150.32,188.0,182.0
1770044810499001279,163948,8.724,152.7,8.624,-215.9,1.68,0.94,28.37,-0.94,-4.81,0.24,-1.72,0.49,11682.07,180.0,157.52,150.26,188.0,182.0
1770044810626021402,164064,8.52,230.0,9.104,-208.1,1.35,1.6,28.94,-1.06,-4.94,-0.1,0.16,-1.44,11685.67,187.0,157.54,149.4,188.0,184.0
1770044810728436584,164191,9.152,221.0,9.396,-171.4,1.17,1.09,28.62,-1.56,-4.63,1.96,-0.39,-1.96,174.76,182.0,162.17,149.7,190.0,184.0
1770044810851345698,164291,9.616,189.5,10.076,-159.9,1.58,1.31,28.94,-1.31,-4.69,-0.38,-0.11,-1.45,11682.75,181.0,159.49,150.58,190.0,184.0
1770044810965995126,164413,9.82,164.8,9.408,-221.8,1.19,0.98,29.69,-1.0,-5.13,-1.68,1.22,-1.34,11699.56,181.0,157.61,150.42,190.0,184.0
1770044811092968917,164530,8.428,263.4,9.984,-206.0,1.64,1.82,29.56,-1.37,-4.5,4.1,-1.73,1.71,11704.53,192.0,156.87,146.0,190.0,184.0
1770044811215865123,164656,9.436,160.4,8.464,-218.4,1.41,0.84,30.19,-1.56,-3.94,0.31,1.36,-1.35,11703.33,178.0,157.05,149.7,190.0,184.0
1770044811338678790,164779,10.108,184.7,8.596,-181.1,1.33,1.0,30.69,-1.06,-4.13,-0.35,-0.16,-0.96,11695.44,180.0,157.54,150.75,190.0,184.0
1770044811461570405,164903,9.92,197.2,9.016,-173.6,1.86,1.84,30.37,-1.56,-3.81,1.74,1.81,-1.46,11702.47,175.0,159.51,145.82,192.0,186.0
1770044811584491501,165025,9.78,238.3,10.004,-205.9,1.25,1.04,30.69,-1.88,-3.56,1.2,0.82,-0.82,11706.25,175.0,158.25,149.54,192.0,186.0
1770044811703209939,165146,9.752,132.2,9.936,-211.9,1.27,0.8,31.31,-1.25,-3.75,-0.43,-0.57,-1.49,11701.79,184.0,158.98,150.89,192.0,186.0
1770044811826142406,165268,10.012,175.3,9.556,-158.6,1.37,1.45,30.94,-1.56,-3.94,0.35,1.07,0.98,11701.62,179.0,159.51,146.5,192.0,186.0
1770044811949036446,165390,9.072,171.6,9.688,-150.0,1.76,0.92,30.75,-1.81,-3.63,3.04,-0.21,-1.55,11703.5,173.0,159.44,147.01,192.0,186.0
1770044812067812160,165512,9.872,195.8,9.356,-201.2,1.82,1.35,31.62,-1.12,-3.81,-0.66,-0.68,-0.13,11705.22,173.0,155.34,150.26,192.0,186.0
1770044812190688998,165632,8.912,201.6,10.028,-161.5,1.56,1.45,31.44,-1.06,-3.81,-0.86,-0.89,-2.67,11703.33,179.0,158.38,148.36,194.0,186.0
1770044812309434071,165753,9.012,242.9,0.0,0.0,0.86,1.82,31.31,-1.37,-3.75,-0.81,0.28,-0.85,11711.73,178.0,159.36,144.75,194.0,188.0
1770044812432330668,165872,9.896,112.5,9.944,0.0,2.25,1.48,32.06,-0.94,-3.94,0.93,-2.79,1.33,11703.5,179.0,157.09,148.6,194.0,188.0
1770044812559330420,165994,10.096,162.7,9.076,-206.7,1.27,1.02,32.31,-0.81,-4.06,-1.77,-1.27,1.8,11702.47,179.0,156.89,149.7,194.0,188.0
1770044812682207850,166120,8.584,207.5,9.4,-176.0,1.21,1.68,32.13,-1.25,-4.06,0.27,0.61,0.5,11705.9,177.0,158.28,145.62,194.0,188.0
1770044812813281680,166244,9.66,185.3,9.864,-271.2,2.36,1.33,32.56,-1.19,-4.19,-0.73,-0.12,-0.05,11707.45,177.0,155.4,147.19,194.0,188.0
1770044812936190297,166375,10.016,157.7,10.024,-181.5,1.64,1.27,33.38,-0.88,-4.19,0.48,-0.78,-1.92,11697.67,185.0,158.12,149.77,194.0,188.0
1770044813063131841,166498,9.952,253.2,9.18,-194.4,1.52,1.97,33.06,-1.25,-4.25,-1.52,0.01,-0.84,11705.56,181.0,156.77,145.82,196.0,190.0
1770044813177835047,166624,8.964,199.3,9.604,-228.3,2.23,1.31,33.38,-1.31,-4.38,-2.81,-0.06,0.93,11709.33,181.0,155.19,146.14,196.0,190.0
1770044813300742223,166740,10.12,195.0,9.416,-178.6,1.09,0.98,34.06,-0.88,-4.44,0.74,0.44,-1.16,11700.42,183.0,157.97,150.32,196.0,190.0
1770044813419460874,166861,8.276,173.9,8.836,-204.0,1.13,1.19,33.81,-1.25,-4.25,-2.4,1.13,-3.23,11703.85,177.0,157.27,148.92,196.0,190.0
1770044813552431951,166982,10.032,194.3,9.88,-198.3,1.29,1.48,33.81,-1.37,-4.38,1.18,0.55,-0.49,11713.62,180.0,155.78,147.36,196.0,190.0
1770044813661148722,167106,10.076,145.8,9.956,-212.5,1.39,0.88,34.5,-1.0,-4.31,-0.36,-0.64,-0.66,11693.9,180.0,160.63,148.6,196.0,190.0
1770044813779909875,167224,9.268,117.6,9.964,-222.1,1.13,0.51,34.44,-1.12,-4.31,3.2,-0.74,-0.9,11695.96,179.0,160.19,149.93,198.0,190.0
1770044813912840339,167344,9.924,226.6,8.48,-188.2,1.45,2.25,34.19,-1.44,-4.31,-4.33,-2.78,-0.01,11710.19,184.0,155.19,145.44,198.0,192.0
1770044814025649733,167467,9.916,159.2,9.388,-185.7,1.64,0.86,34.38,-1.0,-4.5,1.76,-0.1,1.37,11700.76,182.0,156.68,149.08,198.0,192.0
1770044814148569174,167589,8.448,159.2,9.972,-220.5,1.31,0.98,34.38,-0.88,-4.13,-0.35,1.04,1.7,11697.16,182.0,161.56,152.66,198.0,192.0
1770044814263278648,167711,9.796,138.2,9.696,-172.5,0.92,1.19,34.13,-1.12,-4.25,1.35,-0.06,-2.12,11711.05,182.0,157.52,147.36,198.0,192.0
1770044814386095568,167826,9.892,146.7,9.16,-217.1,1.33,1.05,34.44,-0.94,-4.0,1.22,-1.16,0.66,11709.5,182.0,153.67,145.95,198.0,192.0
1770044814509027417,167948,9.696,198.5,8.776,-171.1,1.6,1.19,35.0,-0.75,-4.06,-0.73,0.27,-2.08,11693.56,178.0,162.25,151.98,200.0,192.0
1770044814623673167,168069,8.58,194.1,10.052,-173.4,1.07,1.68,34.69,-0.81,-3.88,1.93,0.19,-0.16,11706.08,179.0,157.18,148.06,200.0,194.0
1770044814746588737,168187,9.9,190.0,8.572,-230.4,2.23,1.5,34.56,-0.69,-4.31,-2.48,-0.49,0.45,11708.65,179.0,153.17,145.91,200.0,194.0
1770044814865327248,168306,10.104,181.6,8.712,-222.6,1.48,1.17,34.75,-0.44,-4.0,1.56,-0.09,-0.55,11696.13,184.0,161.45,153.8,200.0,194.0
1770044814988260727,168429,10.096,130.7,9.968,-175.8,1.35,1.29,34.25,-0.37,-3.94,-0.87,0.05,0.09,11689.27,179.0,162.2,151.15,200.0,194.0
1770044815115217883,168551,9.416,236.8,9.256,-227.2,1.84,1.39,34.44,-0.44,-4.19,3.23,-1.09,-0.85,11699.73,177.0,158.9,145.32,200.0,194.0
1770044815217636719,168678,10.088,210.9,9.684,0.0,1.33,1.66,34.69,-0.37,-4.06,0.13,1.57,-0.33,168.76,177.0,154.94,148.2,200.0,194.0
1770044815315893201,168778,9.076,198.3,10.012,0.0,1.37,1.25,34.63,-0.37,-4.06,0.11,0.95,-0.58,166.87,180.0,158.88,150.93,202.0,194.0
1770044815438804057,168879,9.42,156.7,10.0,-222.3,1.84,1.27,34.5,-0.37,-4.19,-4.93,-2.52,-0.62,11699.39,181.0,158.56,149.7,202.0,196.0
1770044815557556410,169000,9.112,225.4,9.896,-225.0,1.86,1.68,34.81,-0.12,-4.5,4.32,0.07,-0.58,11700.76,181.0,158.33,147.54,202.0,196.0
1770044815680422430,169120,8.332,187.9,10.028,-232.9,1.17,1.02,35.19,-0.12,-4.31,-0.88,-2.6,0.99,11697.5,183.0,158.38,151.03,202.0,196.0
1770044815811547768,169243,9.592,126.6,10.016,-169.0,1.19,1.52,34.63,-0.06,-4.25,0.36,-1.69,-0.2,11705.73,183.0,157.97,150.32,202.0,196.0
1770044815934429807,169372,8.704,152.8,9.264,-237.3,2.09,0.9,35.0,0.0,-4.88,0.74,1.94,0.24,11707.62,183.0,152.86,146.39,202.0,196.0
1770044816061407603,169495,8.568,213.6,10.02,-224.5,1.39,1.54,35.38,-0.12,-4.31,0.43,2.45,-2.79,11698.53,181.0,160.13,151.15,204.0,196.0
1770044816180176023,169623,8.32,179.4,9.544,-216.3,1.29,1.31,35.0,-0.06,-4.38,-0.18,-0.58,-0.67,11698.19,181.0,156.87,152.11,204.0,196.0
1770044816303022199,169742,9.904,209.2,8.684,-234.9,0.96,1.09,35.25,-0.19,-4.63,2.27,-0.62,1.12,11705.39,183.0,157.37,146.32,204.0,198.0
1770044816425949860,169864,9.704,199.6,9.068,-178.6,1.48,1.41,35.06,-0.12,-4.31,0.05,1.46,-1.2,11693.73,181.0,160.33,150.22,204.0,198.0
1770044816552929314,169988,10.016,0.0,9.704,-198.7,1.13,1.17,35.25,0.0,-4.19,-4.34,0.0,-0.63,11686.35,177.0,162.89,157.37,204.0,198.0
1770044816681784808,170113,10.028,0.0,8.928,-215.0,1.62,1.74,35.44,0.0,-4.5,1.03,1.69,0.22,11693.56,181.0,164.37,147.53,204.0,198.0
1770044816790490820,170234,8.264,215.8,9.296,0.0,0.98,1.37,35.63,-0.19,-3.94,3.51,-1.92,-0.79,11695.27,181.0,161.15,150.99,206.0,198.0
1770044816913409832,170351,8.944,169.3,10.048,-159.0,1.07,0.55,35.75,0.0,-3.88,-4.83,1.83,1.19,11690.13,180.0,167.03,153.22,206.0,198.0
1770044817036249941,170473,10.096,0.0,8.5,-191.1,1.6,1.25,35.94,0.0,-3.63,-2.13,-1.39,1.77,11712.76,177.0,157.37,145.63,206.0,200.0
1770044817138650736,170598,8.876,213.6,9.22,-183.4,0.94,1.29,36.06,-0.25,-3.38,-2.77,-2.84,0.75,1115.78,177.0,165.4,142.85,206.0,200.0
1770044817261485533,170698,10.084,134.5,10.024,-193.9,1.58,0.8,36.44,-0.19,-3.31,0.93,0.95,-2.41,11694.76,175.0,160.44,151.47,206.0,200.0
1770044817384389055,170820,9.808,150.0,8.912,-225.8,2.09,1.07,36.31,0.25,-3.63,-2.13,2.17,-3.13,11705.39,177.0,157.54,150.07,206.0,200.0
1770044817511388740,170944,9.616,0.0,9.836,-229.1,1.19,1.72,36.44,0.06,-3.94,2.1,-1.66,0.17,11697.67,180.0,160.19,147.87,208.0,200.0
1770044817630114855,171070,8.66,149.3,10.056,-128.4,1.13,1.5,36.69,-0.12,-3.56,-1.11,-2.58,0.24,11689.27,174.0,163.02,149.55,208.0,200.0
1770044817748947510,171193,8.812,0.0,8.712,-240.9,1.15,1.37,36.75,0.19,-3.81,2.58,0.7,-0.97,11701.79,174.0,157.61,151.14,208.0,200.0
1770044817871827716,171310,10.012,254.0,9.62,-184.5,1.89,1.76,37.0,0.0,-4.19,-0.41,-0.06,-0.44,11705.56,178.0,158.14,145.82,208.0,202.0
1770044817998803568,171431,8.36,218.9,9.548,-192.7,1.25,1.62,36.81,-0.5,-3.69,-4.8,-0.4,-0.28,11675.38,178.0,170.48,149.77,208.0,202.0
1770044818117630757,171558,9.504,191.2,10.024,0.0,1.62,1.62,37.31,0.0,-3.88,0.09,0.06,-0.1,11693.04,175.0,162.39,153.04,208.0,202.0
1770044818240428861,171678,8.804,178.0,8.876,-211.9,1.31,1.19,37.63,0.0,-4.38,0.87,1.49,1.31,11700.93,176.0,159.51,147.87,210.0,202.0
1770044818355135791,171801,8.52,226.3,9.36,0.0,1.74,1.29,37.38,-0.5,-3.94,6.15,1.38,0.05,11699.9,176.0,160.35,149.37,210.0,202.0
1770044818482124838,171917,8.348,176.2,9.512,-191.9,1.39,1.41,37.88,-0.25,-3.94,-0.49,-0.6,-0.05,11698.01,172.0,159.29,152.27,210.0,202.0
1770044818604998130,172040,8.124,194.5,9.668,-220.2,1.27,1.04,38.25,0.0,-4.19,-7.8,-0.56,1.64,11695.1,174.0,159.72,147.69,210.0,204.0
1770044818727889977,172164,10.1,0.0,9.604,-203.8,1.29,1.76,38.25,-0.56,-4.19,-1.42,2.71,-2.42,11688.75,176.0,166.34,147.01,210.0,204.0
1770044818830281902,172285,16.38,0.0,9.992,-214.4,1.39,1.39,38.44,-0.5,-4.13,0.56,1.26,0.98,9452.91,176.0,161.99,151.57,210.0,204.0
1770044818961370685,172391,9.396,159.9,9.944,-279.8,1.46,1.04,38.81,0.0,-4.5,2.13,2.97,-6.13,11694.07,175.0,160.75,153.1,212.0,204.0
1770044819084230525,172522,9.476,239.4,10.0,-169.7,1.8,1.99,39.0,-0.44,-4.63,-0.08,0.21,-0.93,11704.19,179.0,160.75,145.44,212.0,204.0
1770044819207070384,172644,9.812,199.2,8.984,-162.1,1.74,1.19,39.31,-0.56,-4.5,-1.65,0.93,-0.95,11687.38,180.0,165.65,151.15,212.0,204.0
1770044819331831300,172767,9.784,167.4,9.828,-287.4,1.8,0.68,39.81,0.0,-4.81,0.98,-0.28,2.85,11689.95,180.0,156.99,152.71,212.0,204.0
1770044819444659338,172883,8.392,167.2,9.968,0.0,1.84,1.46,39.88,-0.25,-4.88,1.05,-0.04,-1.17,11701.44,173.0,162.2,147.01,212.0,206.0
1770044819571658471,173005,8.448,215.7,9.864,0.0,1.33,1.76,39.63,-0.69,-4.63,-0.52,-0.98,0.32,11693.21,176.0,160.82,149.08,212.0,206.0
1770044819669966644,173130,0.0,0.0,9.404,-234.7,2.15,1.45,40.38,-0.12,-4.81,0.05,-0.27,-0.43,166.7,176.0,161.93,153.84,212.0,206.0
1770044819792904950,173230,9.904,0.0,9.12,-172.3,0.9,1.7,40.88,-0.12,-4.94,0.64,-0.33,-1.7,11691.67,175.0,165.0,150.89,214.0,206.0
1770044819915718604,173352,8.076,245.8,9.672,0.0,1.39,1.41,40.94,-0.75,-4.81,-0.82,-0.5,-2.65,11697.33,174.0,159.51,147.87,214.0,206.0
1770044820038605249,173474,9.868,159.7,10.04,-190.4,1.39,1.35,41.13,-0.63,-4.75,0.11,-0.36,0.07,11697.33,171.0,157.18,153.67,214.0,206.0
1770044820161458530,173599,9.268,213.8,10.0,0.0,1.37,1.45,42.0,-0.12,-5.25,-0.61,0.52,-0.09,11697.67,177.0,161.67,152.24,214.0,206.0
1770044820276128437,173720,8.56,188.4,8.56,-182.5,1.74,1.56,41.75,-0.56,-4.81,1.0,-1.07,-0.37,11695.96,177.0,164.05,149.54,214.0,208.0
1770044820378577608,173836,8.372,218.2,9.992,-172.1,1.27,1.27,41.88,-0.75,-4.69,0.34,0.17,-1.69,181.1,179.0,158.88,147.76,214.0,208.0
1770044820501459334,173936,9.804,186.6,9.96,-186.0,1.88,0.88,42.63,-0.25,-5.0,-2.7,-1.14,-1.99,11693.73,193.0,159.39,151.87,216.0,208.0
1770044820624319985,174060,10.136,172.5,9.668,219.8,-3.85,1.43,42.81,-0.63,-4.75,-0.23,1.45,-2.63,11853.57,193.0,74.18,149.03,216.0,208.0
1770044820739080709,174183,8.812,257.9,9.772,0.5,0.06,0.31,40.69,-1.06,-4.5,-0.52,-0.73,-0.15,11988.71,193.0,0.73,95.82,216.0,208.0
1770044820857792959,174298,8.928,8.3,10.448,0.1,-0.06,0.04,37.31,-0.75,-4.44,-0.1,0.23,-0.51,12076.69,188.0,0.0,0.71,216.0,208.0
1770044820980672259,174417,8.964,3.8,10.464,0.2,0.0,-0.08,37.38,-0.75,-4.5,-0.25,-0.31,-0.35,12076.0,172.0,0.0,216.0,208.0,
1770044821099485427,174538,8.768,5.0,9.288,0.8,-0.08,-0.04,37.38,-0.88,-4.44,-0.19,-0.25,-0.43,12075.31,169.0,0.0,216.0,208.0,
1770044821214151278,174658,8.908,4.2,10.496,0.0,-0.04,0.02,37.38,-0.94,-4.31,-0.15,-0.14,-0.42,12078.92,169.0,0.0,216.0,208.0,
1770044821332932991,174773,10.492,4.5,10.496,0.3,0.02,-0.08,37.38,-1.0,-4.25,-0.12,-0.15,-0.4,12078.06,177.0,0.0,216.0,208.0,
1770044821455824029,174892,8.808,4.9,10.488,0.3,0.04,-0.12,37.38,-1.06,-4.25,-0.13,-0.15,-0.39,12075.49,172.0,0.0,216.0,208.0,
1770044821574598352,175014,8.8,4.9,10.5,0.0,-0.02,-0.06,37.38,-1.12,-4.19,-0.11,-0.14,-0.39,12074.63,179.0,0.0,216.0,208.0,
1770044821689281722,175134,8.736,4.7,10.488,-0.1,-0.02,0.08,37.38,-1.12,-4.13,-0.11,-0.16,-0.37,12076.34,179.0,0.0,216.0,208.0,
1770044821808056620,175248,8.804,5.0,10.492,-0.3,0.06,-0.12,37.38,-1.19,-4.06,-0.1,-0.12,-0.41,12074.8,174.0,0.0,216.0,208.0,
1770044821936897778,175368,8.748,5.0,10.508,0.3,-0.08,-0.12,37.38,-1.25,-4.06,-0.1,-0.11,-0.41,12072.74,176.0,0.0,216.0,208.0,
1770044822057925210,175488,8.816,4.2,10.5,0.2,-0.06,0.02,37.38,-1.25,-4.0,-0.08,-0.14,-0.42,12074.46,174.0,0.0,216.0,208.0,
1770044822172624118,175618,8.74,4.9,10.504,0.0,-0.06,-0.1,37.38,-1.31,-4.0,-0.08,-0.11,-0.4,12076.86,174.0,0.0,216.0,208.0,
1770044822291362292,175730,8.836,4.8,10.504,-0.1,-0.08,0.0,37.38,-1.31,-4.0,-0.07,-0.1,-0.4,12076.0,178.0,0.0,216.0,208.0,
1770044822410169375,175848,8.824,4.8,10.496,0.1,0.14,0.0,37.38,-1.31,-3.94,-0.07,-0.08,-0.41,12073.77,173.0,0.0,216.0,208.0,
1770044822533040818,175968,8.812,5.0,10.512,0.1,0.04,-0.02,37.38,-1.31,-3.94,-0.08,-0.11,-0.43,12075.31,176.0,0.0,216.0,208.0,
1770044822647737170,176090,8.744,4.7,10.512,0.2,-0.08,-0.16,37.38,-1.31,-3.94,-0.07,-0.12,-0.41,12075.14,176.0,0.0,216.0,208.0,
1770044822766525679,176204,8.756,4.9,10.516,0.1,-0.08,-0.06,37.38,-1.31,-3.94,-0.09,-0.11,-0.39,12075.49,176.0,0.0,216.0,208.0,
1770044822885313429,176324,8.808,4.9,10.512,0.3,-0.12,-0.08,37.38,-1.31,-3.94,-0.08,-0.11,-0.42,12075.14,183.0,0.0,216.0,208.0,
1770044823008173871,176443,8.96,4.2,10.508,-0.1,-0.04,-0.12,37.38,-1.31,-3.94,-0.06,-0.1,-0.41,12075.66,172.0,0.0,216.0,208.0,
1770044823122895152,176567,8.996,4.0,10.516,0.0,-0.18,-0.02,37.38,-1.31,-3.94,-0.07,-0.11,-0.42,12077.37,172.0,0.0,216.0,208.0,
1770044823241612974,176680,8.948,3.8,10.508,-0.1,0.14,-0.06,37.38,-1.31,-3.94,-0.06,-0.1,-0.41,12080.46,171.0,0.0,216.0,208.0,
1770044823360394502,176800,8.936,4.1,10.52,0.1,-0.08,0.02,37.38,-1.31,-3.94,-0.07,-0.12,-0.41,12076.69,168.0,0.0,216.0,208.0,
1770044823483311353,176920,9.012,3.7,10.52,0.0,0.0,-0.04,37.38,-1.31,-3.94,-0.08,-0.13,-0.43,12076.17,174.0,0.0,216.0,208.0,
1770044823602082695,177042,8.936,4.0,10.512,0.2,-0.06,0.08,37.38,-1.31,-3.94,-0.06,-0.11,-0.41,12073.08,181.0,0.0,216.0,208.0,
1770044823716785475,177162,8.952,4.3,10.524,0.0,-0.04,-0.04,37.38,-1.31,-3.94,-0.07,-0.11,-0.4,12077.37,181.0,0.0,216.0,208.0,
1770044823835632523,177275,8.94,4.0,10.504,0.1,-0.06,-0.12,37.38,-1.31,-3.94,-0.09,-0.12,-0.44,12072.74,171.0,0.0,216.0,208.0,
1770044823964365802,177394,8.94,4.1,10.528,0.2,-0.06,0.02,37.38,-1.31,-3.94,-0.07,-0.11,-0.41,12074.8,174.0,0.0,216.0,208.0,
1770044824073142353,177514,8.984,4.0,10.52,0.2,0.0,-0.1,37.38,-1.31,-3.94,-0.07,-0.11,-0.43,12075.49,174.0,0.0,216.0,208.0,
1770044824195996443,177631,9.008,4.1,9.172,1.4,-0.02,-0.18,37.38,-1.31,-3.94,-0.08,-0.11,-0.42,12075.66,177.0,0.0,216.0,208.0,
1770044824314773676,177752,10.588,4.1,9.172,1.0,0.0,-0.04,37.38,-1.31,-3.94,-0.06,-0.12,-0.4,12075.49,176.0,0.0,216.0,208.0,
1770044824433582596,177871,8.756,4.9,10.528,-0.1,0.0,-0.06,37.38,-1.31,-3.94,-0.04,-0.1,-0.39,12076.69,179.0,0.0,216.0,208.0,
1770044824556479780,177992,10.592,4.1,9.308,0.8,0.02,-0.1,37.38,-1.31,-3.94,-0.08,-0.1,-0.41,12076.17,172.0,0.0,216.0,208.0,
1770044824681208220,178115,9.036,3.9,10.528,0.2,0.12,-0.04,37.38,-1.31,-3.94,-0.06,-0.1,-0.4,12074.8,172.0,0.0,216.0,208.0,
1770044824794044728,178231,10.536,4.3,10.516,0.0,-0.04,-0.06,37.38,-1.31,-3.94,-0.09,-0.11,-0.43,12073.6,176.0,0.0,216.0,208.0,
1770044824912814757,178350,8.836,4.8,10.524,0.2,-0.1,-0.1,37.38,-1.31,-3.94,-0.07,-0.1,-0.42,12074.29,184.0,0.0,216.0,208.0,
1770044825043887867,178470,8.82,4.7,10.512,0.1,-0.06,-0.14,37.38,-1.31,-3.94,-0.08,-0.11,-0.44,12074.8,178.0,0.0,216.0,208.0,
1770044825158604692,178599,8.824,5.1,10.524,0.2,-0.18,-0.06,37.38,-1.31,-3.94,-0.07,-0.09,-0.41,12076.0,178.0,0.0,216.0,208.0,
1770044825277309703,178715,8.864,4.9,10.536,0.3,0.02,-0.2,37.38,-1.31,-3.94,-0.09,-0.12,-0.38,12074.8,185.0,0.0,216.0,208.0,
1770044825396064346,178835,8.848,5.0,10.588,0.6,0.1,-0.1,37.38,-1.31,-3.94,-0.07,-0.11,-0.43,12075.66,175.0,0.0,216.0,208.0,
1770044825519015015,178955,8.948,4.2,9.22,1.3,-0.14,-0.06,37.38,-1.31,-3.94,-0.09,-0.11,-0.4,12075.14,177.0,0.0,216.0,208.0,
1770044825637796381,179076,8.78,5.1,10.524,0.2,-0.06,-0.02,37.38,-1.31,-3.94,-0.08,-0.13,-0.4,12076.17,177.0,0.0,216.0,208.0,
1770044825756555190,179193,8.816,4.9,10.524,0.1,0.02,0.04,37.38,-1.31,-3.94,-0.05,-0.11,-0.41,12074.63,172.0,0.0,216.0,208.0,
1770044825879471136,179315,8.776,4.8,10.512,0.8,0.04,-0.08,37.38,-1.31,-3.94,-0.07,-0.1,-0.4,12075.31,170.0,0.0,216.0,208.0,
1770044825998240483,179435,10.596,4.4,10.532,0.1,0.1,-0.12,37.38,-1.31,-3.94,-0.07,-0.11,-0.41,12075.31,176.0,0.0,216.0,208.0,
1770044826117040485,179556,9.036,4.1,10.528,0.1,-0.06,-0.06,37.38,-1.31,-3.94,-0.08,-0.11,-0.42,12076.86,176.0,0.0,216.0,208.0,
1770044826235767371,179674,10.596,4.1,10.548,0.2,0.14,-0.12,37.38,-1.31,-3.94,-0.07,-0.11,-0.41,12074.8,175.0,0.0,216.0,208.0,
1770044826358664245,179793,8.764,4.7,9.364,0.8,-0.14,-0.08,37.38,-1.31,-3.94,-0.06,-0.11,-0.41,12075.49,175.0,0.0,216.0,208.0,
1770044826477475208,179913,9.028,4.0,10.532,0.0,-0.06,0.04,37.38,-1.31,-3.94,-0.08,-0.11,-0.39,12074.8,175.0,0.0,216.0,208.0,
1770044826596251263,180034,9.036,3.9,10.532,0.3,-0.12,-0.14,37.38,-1.31,-3.94,-0.08,-0.12,-0.42,12075.66,175.0,0.0,216.0,208.0,
1770044826725083229,180152,9.012,4.0,10.528,0.1,-0.08,-0.06,37.38,-1.31,-3.94,-0.07,-0.1,-0.43,12074.63,177.0,0.0,216.0,208.0,
1770044826837914136,180274,9.036,4.2,10.544,0.2,0.08,-0.12,37.38,-1.31,-3.94,-0.07,-0.11,-0.42,12074.63,176.0,0.0,216.0,208.0,
1770044826956695987,180393,9.028,4.0,10.536,0.1,0.02,-0.06,37.38,-1.31,-3.94,-0.06,-0.11,-0.4,12073.94,176.0,0.0,216.0,208.0,
1770044827079549508,180514,8.992,4.0,10.54,0.1,-0.14,0.02,37.38,-1.31,-3.94,-0.08,-0.12,-0.4,12073.26,173.0,0.0,216.0,208.0,
1770044827194245917,180634,8.988,3.2,10.532,0.2,0.06,-0.1,37.38,-1.31,-3.94,-0.08,-0.11,-0.39,12077.2,173.0,0.0,216.0,208.0,
1770044827317199556,180752,9.056,4.3,9.22,1.1,-0.06,-0.08,37.38,-1.31,-3.94,-0.07,-0.11,-0.44,12074.8,172.0,0.0,216.0,208.0,
1770044827435923207,180872,10.604,4.5,10.236,0.7,0.18,-0.12,37.38,-1.31,-3.94,-0.09,-0.11,-0.39,12074.63,177.0,0.0,216.0,208.0,
1770044827558808510,180993,10.584,4.1,9.196,1.4,0.1,-0.12,37.38,-1.31,-3.94,-0.08,-0.11,-0.41,12074.8,173.0,0.0,216.0,208.0,
1770044827673464622,181113,8.856,4.8,9.328,0.2,0.08,-0.08,37.38,-1.31,-3.94,-0.08,-0.13,-0.4,12075.31,173.0,0.0,216.0,208.0,
1770044827796365722,181231,9.04,4.2,10.532,0.1,0.0,-0.04,37.38,-1.31,-3.94,-0.08,-0.11,-0.43,12073.94,169.0,0.0,216.0,208.0,
1770044827915158263,181351,9.028,4.1,9.188,0.0,0.02,-0.1,37.38,-1.31,-3.94,-0.07,-0.12,-0.42,12074.29,174.0,0.0,216.0,208.0,
1770044828033953168,181471,8.796,4.8,10.536,-0.4,-0.04,-0.08,37.38,-1.31,-3.94,-0.08,-0.11,-0.42,12074.29,181.0,0.0,216.0,208.0,
1770044828160922811,181591,8.824,4.8,10.544,0.1,0.04,-0.04,37.38,-1.31,-3.94,-0.07,-0.1,-0.41,12074.97,181.0,0.0,216.0,208.0,
1770044828279652357,181715,8.868,4.5,10.544,0.1,-0.12,-0.2,37.38,-1.31,-3.94,-0.07,-0.11,-0.41,12076.17,176.0,0.0,216.0,208.0,
1770044828398459368,181836,8.852,5.0,10.54,0.0,0.04,-0.16,37.38,-1.31,-3.94,-0.07,-0.11,-0.41,12074.97,176.0,0.0,216.0,208.0,
1770044828521411530,181956,8.8,5.0,10.54,0.2,-0.02,-0.04,37.38,-1.31,-3.94,-0.07,-0.1,-0.39,12074.46,175.0,0.0,216.0,208.0,
1770044828636047555,182076,8.848,4.7,10.532,0.1,-0.02,0.04,37.38,-1.31,-3.94,-0.07,-0.13,-0.42,12078.23,175.0,0.0,216.0,208.0,
1770044828758936808,182192,8.868,5.1,10.544,0.1,-0.1,-0.04,37.38,-1.31,-3.94,-0.07,-0.11,-0.4,12075.66,177.0,0.0,216.0,208.0,
1770044828877717448,182312,8.792,4.8,10.544,0.2,0.08,-0.14,37.38,-1.31,-3.94,-0.06,-0.11,-0.4,12073.43,178.0,0.0,216.0,208.0,
1770044829000589904,182433,9.064,3.9,10.548,0.2,-0.02,-0.08,37.38,-1.31,-3.94,-0.07,-0.1,-0.39,12075.83,175.0,0.0,216.0,208.0,
1770044829115278976,182555,8.996,4.4,10.548,0.0,0.06,0.0,37.38,-1.31,-3.94,-0.09,-0.11,-0.42,12076.86,175.0,0.0,216.0,208.0,
1770044829238108233,182670,8.896,4.6,10.476,0.5,-0.1,-0.16,37.38,-1.31,-3.94,-0.05,-0.12,-0.44,12077.2,177.0,0.0,216.0,208.0,
1770044829356909195,182792,8.984,4.2,9.256,1.3,-0.04,-0.12,37.38,-1.31,-3.94,-0.08,-0.11,-0.39,12077.72,172.0,0.0,216.0,208.0,
1770044829475734825,182912,10.624,3.3,9.228,1.3,0.06,0.04,37.38,-1.31,-3.94,-0.06,-0.11,-0.39,12075.14,168.0,0.0,216.0,208.0,
1770044829590408545,183031,10.616,4.1,9.232,0.2,-0.06,-0.02,37.38,-1.31,-3.94,-0.08,-0.13,-0.41,12078.75,168.0,0.0,216.0,208.0,
1770044829713295748,183145,8.888,4.9,9.348,0.2,-0.08,0.02,37.38,-1.37,-3.94,-0.09,-0.08,-0.4,12077.54,179.0,0.0,216.0,208.0,
1770044829832071005,183268,9.012,4.1,9.256,0.6,-0.12,-0.12,37.38,-1.37,-3.88,-0.04,-0.14,-0.33,12077.2,179.0,0.0,216.0,208.0,
1770044829950849763,183387,8.86,4.7,10.56,0.0,0.14,-0.1,37.25,-1.31,-4.06,-0.81,-0.07,1.02,12076.52,186.0,0.0,216.0,208.0,
1770044830065543711,183506,10.596,4.2,9.364,-0.1,0.0,-0.08,35.5,0.0,-6.88,-0.6,0.9,0.44,12076.17,186.0,0.0,216.0,208.0,
1770044830188435921,183619,8.976,4.0,10.536,0.8,0.1,-0.1,33.0,1.88,-12.0,-0.44,1.68,-0.7,12075.66,226.0,0.0,216.0,208.0,
1770044830307168001,183742,10.608,4.4,10.556,0.0,0.02,-0.04,31.12,1.19,-14.88,-1.38,1.53,0.96,12074.29,309.0,0.0,216.0,208.0,
1770044830425989397,183863,8.844,5.1,10.552,-0.1,0.04,-0.02,25.44,0.63,-16.0,-0.67,0.44,1.01,12073.77,403.0,0.0,216.0,208.0,
1770044830544769718,183982,8.884,3.7,10.496,0.8,-0.12,-0.14,13.38,3.44,-16.06,0.0,-1.49,-1.3,12073.26,477.0,0.0,216.0,208.0,
1770044830659449947,184101,10.608,4.1,10.552,0.0,0.02,0.14,-0.63,4.06,-14.38,-0.72,-1.38,-2.01,12076.0,477.0,0.0,216.0,208.0,
1770044830782374862,184215,8.988,3.9,10.548,0.0,0.0,-0.14,-16.69,4.69,-10.94,-0.15,-0.79,-1.56,12074.97,564.0,0.0,216.0,208.0,
1770044830905214256,184337,10.608,4.4,9.232,0.2,-0.16,0.02,-30.44,2.19,-8.69,-1.12,-0.58,-1.87,12075.49,384.0,0.0,216.0,208.0,
1770044831015823483,184459,8.792,5.0,9.392,0.7,0.02,0.16,-43.25,-1.19,-9.13,-2.15,-0.31,-1.96,12075.49,384.0,0.0,216.0,208.0,
1770044831138673922,184572,8.996,4.1,10.548,0.0,0.04,0.0,-55.06,-0.75,-10.5,-1.44,0.23,-2.21,12075.66,506.0,0.0,216.0,208.0,
1770044831269720006,184691,9.048,4.1,10.556,0.0,0.04,-0.04,-67.69,-0.37,-11.25,-1.27,0.25,-1.6,12076.34,560.0,0.0,216.0,208.0,
1770044831388537726,184823,8.988,4.0,9.252,1.2,0.08,-0.14,-81.37,-0.44,-11.69,-0.82,-0.17,0.04,12077.37,472.0,0.0,216.0,208.0,
1770044831507290185,184943,8.828,5.0,10.568,0.0,0.04,0.04,-92.5,-0.69,-12.69,-0.85,-0.34,0.35,12077.2,388.0,0.0,216.0,208.0,
1770044831622015073,185064,8.84,5.0,9.396,0.2,-0.12,-0.06,-101.81,-0.88,-13.44,-0.49,0.0,0.75,12076.17,388.0,0.0,216.0,208.0,
1770044831744955885,185178,9.024,3.9,10.56,0.0,-0.16,-0.06,-108.75,-1.56,-12.56,-0.38,0.13,0.44,12076.86,352.0,0.0,216.0,208.0,
1770044831863669639,185299,9.004,3.7,10.552,0.2,0.0,0.04,-114.44,-1.88,-8.88,-1.0,-0.06,-0.62,12074.63,293.0,0.0,216.0,208.0,
1770044831982454210,185419,9.02,4.1,10.556,0.2,0.06,-0.18,-119.75,-1.94,-3.69,-0.46,-0.18,-0.76,12073.94,238.0,0.0,216.0,208.0,
1770044832097146076,185538,9.04,4.1,10.556,0.2,-0.04,-0.06,-124.12,-2.06,0.44,-0.37,-0.73,0.53,12076.17,238.0,0.0,216.0,208.0,
1770044832215822042,185652,9.036,3.7,10.552,0.1,0.1,-0.04,-126.0,-0.81,0.12,0.43,-0.01,-0.25,12076.0,194.0,0.0,216.0,208.0,
1770044832338772011,185772,9.084,3.8,10.552,0.0,-0.02,-0.08,-126.06,-1.06,-2.13,-0.11,0.65,-0.27,12075.14,197.0,0.0,216.0,208.0,
1770044832461683942,185894,9.06,3.1,10.54,-0.1,-0.12,-0.16,-126.12,-1.25,-2.69,-0.09,0.02,-0.17,12075.66,196.0,0.0,216.0,208.0,
1770044832576361358,186014,9.048,4.4,9.228,1.0,0.04,-0.12,-126.12,-1.25,-2.75,-0.21,0.5,-0.48,12074.8,196.0,0.0,216.0,208.0,
1770044832695158735,186129,8.9,4.9,10.532,-0.1,-0.06,-0.1,-126.12,-1.5,-3.19,-0.16,0.34,-0.45,12076.34,199.0,0.0,216.0,208.0,
1770044832818026535,186249,8.996,4.4,9.268,1.0,0.02,-0.02,-126.12,-1.69,-3.5,-0.15,0.25,-0.44,12074.11,197.0,0.0,216.0,208.0,
1770044832936808986,186372,10.608,4.1,9.364,0.7,0.06,-0.08,-126.12,-1.88,-3.75,-0.15,0.22,-0.41,12074.11,199.0,0.0,216.0,208.0,
1770044833051501231,186491,10.608,4.4,9.364,0.8,0.0,-0.02,-126.12,-1.94,-3.94,-0.12,0.2,-0.42,12074.97,199.0,0.0,216.0,208.0,
1770044833170270229,186605,10.612,4.5,10.536,0.1,0.02,-0.04,-126.12,-2.06,-4.06,-0.12,0.18,-0.43,12076.17,197.0,0.0,216.0,208.0,
1770044833293174243,186725,8.988,4.2,10.548,0.2,0.04,-0.1,-126.12,-2.13,-4.19,0.03,0.06,-0.52,12074.29,196.0,0.0,216.0,208.0,
1770044833411928630,186848,9.228,3.9,9.252,1.1,-0.1,-0.06,-126.12,-2.19,-4.25,-0.09,0.16,-0.45,12074.11,199.0,0.0,216.0,208.0,
1770044833526635465,186967,10.604,4.8,10.56,0.3,0.02,0.08,-126.12,-2.25,-4.38,-0.1,0.15,-0.42,12077.03,199.0,0.0,216.0,208.0,
1770044833645412982,187081,8.828,4.7,9.388,0.7,-0.02,-0.08,-126.12,-2.25,-4.44,0.08,0.03,-0.47,12076.34,194.0,0.0,216.0,208.0,
1770044833768298070,187200,8.996,4.0,9.268,1.0,-0.08,-0.06,-126.87,-2.25,-4.94,-0.31,0.21,0.35,12073.94,201.0,0.0,216.0,208.0,
1770044833891176787,187323,8.868,4.9,10.564,0.3,0.1,-0.02,-132.44,-1.5,-8.25,-0.34,0.62,-0.84,12074.46,232.0,0.0,216.0,208.0,
1770044834011795610,187444,8.816,4.2,9.408,0.8,0.02,-0.02,-140.31,-0.81,-13.0,-0.27,0.56,-0.93,12074.63,232.0,0.0,216.0,208.0,
1770044834124671706,187557,9.016,4.1,10.576,0.3,-0.08,0.1,-146.19,-0.81,-15.94,0.17,0.41,-1.29,12077.2,275.0,0.0,216.0,208.0,
1770044834247491507,187678,9.004,4.0,10.572,-0.2,-0.06,-0.1,-149.63,-1.06,-15.06,0.19,-0.56,-0.8,12075.66,280.0,0.0,216.0,208.0,
1770044834378583893,187801,9.072,4.1,10.568,0.0,-0.02,-0.12,-150.38,-1.56,-10.5,0.0,-0.8,0.02,12073.77,238.0,0.0,216.0,208.0,
1770044834497414682,187930,8.992,3.8,10.556,0.3,0.0,-0.06,-150.0,-1.81,-6.81,-0.88,-0.46,-0.16,12074.8,207.0,0.0,216.0,208.0,
1770044834612063621,188052,9.004,4.1,10.56,0.2,0.06,-0.06,-150.38,-0.88,-5.5,0.79,0.1,-0.11,12075.31,207.0,0.0,216.0,208.0,
1770044834734940256,188166,8.996,4.4,10.58,0.1,-0.02,-0.08,-150.38,-0.94,-4.88,-0.32,0.07,-0.39,12076.17,195.0,0.0,216.0,208.0,
1770044834857824744,188286,8.996,4.1,9.252,1.1,0.0,-0.1,-150.38,-0.94,-4.88,-0.06,-0.08,-0.38,12075.49,197.0,0.0,216.0,208.0,
1770044834976603216,188409,8.852,4.6,10.584,0.0,-0.1,-0.08,-150.31,-0.94,-4.88,-0.04,-0.02,-0.4,12076.86,195.0,0.0,216.0,208.0,
1770044835091286268,188529,8.828,4.9,10.576,0.1,0.12,-0.12,-150.31,-1.0,-4.88,-0.05,-0.03,-0.42,12076.52,195.0,0.0,216.0,208.0,
1770044835205924127,188643,8.836,4.8,10.564,0.0,-0.04,-0.12,-150.31,-1.0,-4.88,-0.09,-0.04,-0.41,12076.34,195.0,0.0,216.0,208.0,
1770044835332943974,188761,9.384,4.0,10.568,0.2,-0.1,0.0,-150.31,-1.0,-4.88,-0.06,-0.03,-0.41,12075.49,193.0,0.0,216.0,208.0,
1770044835451742959,188883,9.076,4.0,10.556,0.1,-0.1,-0.04,-150.31,-1.06,-4.88,-0.07,-0.05,-0.39,12074.97,194.0,0.0,216.0,208.0,
1770044835566418004,189003,9.072,3.9,10.564,0.0,0.0,0.0,-150.31,-1.06,-4.88,-0.06,-0.03,-0.42,12076.34,194.0,0.0,216.0,208.0,
1770044835685208026,189117,9.016,4.1,10.572,0.5,-0.14,0.02,-150.31,-1.06,-4.88,-0.06,-0.04,-0.41,12077.2,191.0,0.0,216.0,208.0,
1770044835808086562,189237,9.032,3.8,10.568,0.1,-0.08,-0.08,-150.31,-1.12,-4.81,-0.06,-0.04,-0.41,12075.66,192.0,0.0,216.0,208.0,
1770044835926870140,189360,10.588,4.4,10.588,-0.1,-0.2,-0.06,-150.31,-1.12,-4.81,-0.06,-0.03,-0.41,12074.11,192.0,0.0,216.0,208.0,
1770044836041554456,189479,9.212,4.0,9.4,0.7,0.0,-0.06,-150.31,-1.12,-4.81,-0.07,-0.06,-0.43,12076.86,192.0,0.0,216.0,208.0,
1770044836160313953,189592,9.092,4.1,9.248,1.4,-0.08,-0.02,-150.31,-1.12,-4.81,-0.05,-0.04,-0.4,12076.52,193.0,0.0,216.0,208.0,
1770044836279082488,189713,10.644,4.0,9.224,0.0,-0.06,0.08,-150.31,-1.12,-4.81,-0.07,-0.03,-0.39,12077.72,195.0,0.0,216.0,208.0,
1770044836402000221,189832,8.836,4.9,10.568,0.1,-0.08,0.08,-150.31,-1.12,-4.81,-0.06,-0.03,-0.43,12078.4,194.0,0.0,216.0,208.0,
1770044836516669928,189955,8.9,4.7,10.576,0.1,-0.06,0.0,-150.31,-1.12,-4.81,-0.08,-0.03,-0.42,12078.06,194.0,0.0,216.0,208.0,
1770044836635460334,190067,8.92,4.6,10.576,0.1,-0.14,-0.16,-150.31,-1.12,-4.81,-0.05,-0.05,-0.4,12077.72,194.0,0.0,216.0,208.0,
1770044836754251239,190187,8.832,4.9,9.412,0.9,-0.04,-0.02,-150.31,-1.12,-4.81,-0.07,-0.05,-0.43,12076.52,195.0,0.0,216.0,208.0,
1770044836873039497,190306,9.076,4.1,10.572,0.3,-0.1,-0.08,-150.31,-1.12,-4.81,-0.07,-0.06,-0.42,12078.06,196.0,0.0,216.0,208.0,
1770044836987722889,190426,9.072,4.2,9.272,1.1,-0.04,-0.12,-150.31,-1.12,-4.81,-0.07,-0.04,-0.41,12075.66,196.0,0.0,216.0,208.0,
1770044837106513274,190540,8.84,4.7,10.572,0.2,0.0,-0.12,-150.31,-1.12,-4.81,-0.07,-0.06,-0.42,12072.74,192.0,0.0,216.0,208.0,
1770044837225245896,190659,8.844,4.6,10.584,0.1,-0.02,0.02,-150.31,-1.12,-4.81,-0.08,-0.05,-0.38,12071.37,195.0,0.0,216.0,208.0,
1770044837348113141,190779,8.912,4.9,10.572,-0.2,0.14,-0.04,-150.31,-1.12,-4.81,-0.07,-0.05,-0.39,12072.06,194.0,0.0,216.0,208.0,
1770044837471041314,190902,10.648,4.4,9.412,0.7,-0.08,-0.1,-150.31,-1.12,-4.81,-0.06,-0.03,-0.41,12071.03,194.0,0.0,216.0,208.0,
1770044837589821918,191024,9.024,4.0,10.572,0.3,-0.04,0.02,-150.31,-1.12,-4.81,-0.06,-0.04,-0.41,12073.08,195.0,0.0,216.0,208.0,
1770044837712707145,191143,9.02,4.1,10.576,0.1,-0.08,-0.08,-150.31,-1.12,-4.81,-0.06,-0.06,-0.44,12071.54,194.0,0.0,216.0,208.0,
1770044837835619651,191262,9.02,3.6,10.576,0.1,-0.1,-0.06,-150.31,-1.12,-4.81,-0.06,-0.04,-0.4,12072.06,197.0,0.0,216.0,208.0,
1770044837946181749,191386,9.032,4.2,10.584,0.0,-0.08,0.0,-150.31,-1.12,-4.81,-0.07,-0.04,-0.43,12073.43,197.0,0.0,216.0,208.0,
1770044838065017325,191499,9.032,4.2,9.228,-0.1,0.06,0.0,-150.31,-1.12,-4.81,-0.09,-0.05,-0.42,12074.11,195.0,0.0,216.0,208.0,
1770044838183755035,191618,10.58,4.4,9.42,0.2,0.12,0.0,-150.31,-1.12,-4.81,-0.08,-0.06,-0.41,12072.23,192.0,0.0,216.0,208.0,
1770044838302484874,191736,9.02,4.2,9.276,1.1,0.1,-0.04,-150.31,-1.12,-4.81,-0.06,-0.05,-0.42,12071.2,194.0,0.0,216.0,208.0,
1770044838421308716,191855,8.852,4.8,10.58,0.2,-0.04,-0.08,-150.31,-1.12,-4.81,-0.06,-0.05,-0.4,12072.4,194.0,0.0,216.0,208.0,
1770044838540102946,191974,8.86,4.7,10.584,0.2,-0.1,-0.08,-150.31,-1.12,-4.81,-0.05,-0.05,-0.39,12072.23,195.0,0.0,216.0,208.0,
1770044838662974316,192094,8.864,4.5,10.576,0.0,-0.02,-0.06,-150.31,-1.12,-4.81,-0.03,-0.02,-0.4,12070.0,194.0,0.0,216.0,208.0,
1770044838781756824,192212,8.848,4.7,10.58,0.0,0.02,-0.1,-150.31,-1.12,-4.81,-0.06,-0.03,-0.41,12071.37,195.0,0.0,216.0,208.0,
1770044838906455925,192332,8.872,4.6,10.588,-0.2,0.06,-0.12,-150.31,-1.12,-4.81,-0.06,-0.05,-0.42,12072.57,195.0,0.0,216.0,208.0,
1770044839019327059,192450,10.628,4.1,10.552,-0.5,0.2,0.0,-150.31,-1.12,-4.81,-0.07,-0.05,-0.4,12073.26,196.0,0.0,216.0,208.0,
1770044839142201611,192571,10.636,4.2,10.524,-2.6,0.41,-0.06,-150.31,-1.12,-4.81,-0.07,-0.05,-0.41,12066.74,197.0,4.14,0.0,216.0,208.0
1770044839265041198,192694,8.92,5.2,10.548,-31.7,1.93,-0.12,-150.31,-1.12,-4.81,-0.1,-0.06,-0.39,12049.59,196.0,15.87,0.0,216.0,208.0
1770044839387943602,192816,10.088,3.9,10.44,-49.2,2.25,-0.1,-149.88,-1.06,-4.75,0.03,0.03,-0.47,12017.0,196.0,40.03,0.0,216.0,208.0
1770044839502636115,192941,8.812,4.5,9.304,-97.5,1.56,-0.1,-148.19,-1.19,-4.31,0.02,0.01,-0.42,12002.43,196.0,56.14,0.0,216.0,208.0
1770044839625531055,193055,10.504,5.8,10.284,-102.8,1.46,-0.18,-146.38,-1.31,-3.81,-0.23,-0.06,-0.44,11994.02,192.0,64.72,0.0,216.0,208.0
1770044839748407551,193177,8.724,7.2,10.372,-96.5,1.33,0.53,-144.13,-1.31,-3.5,-0.13,-0.19,-0.36,11980.13,183.0,61.12,10.19,216.0,208.0
1770044839875378020,193300,10.176,166.6,9.448,-130.9,1.88,2.58,-141.94,-1.5,-3.5,-0.36,0.53,-0.44,11917.02,185.0,60.74,61.43,216.0,208.0
1770044839990076774,193425,9.904,217.6,10.036,-62.8,1.78,1.76,-142.0,-1.31,-3.44,0.01,0.48,-0.37,11875.86,185.0,52.36,103.31,216.0,208.0
1770044840112951657,193542,10.188,279.3,10.18,-44.2,1.41,2.36,-143.81,-1.31,-3.0,0.15,-0.1,-0.17,11849.11,184.0,51.5,130.83,216.0,208.0
1770044840235812927,193662,9.52,294.3,10.076,-42.9,1.15,2.36,-146.81,-1.81,-2.5,0.21,-0.14,-0.22,11838.99,176.0,55.45,134.86,216.0,210.0
1770044840358691883,193785,9.984,280.3,8.776,-101.1,1.58,2.21,-150.13,-2.19,-2.25,-1.53,0.4,-0.12,11790.28,174.0,83.51,137.35,216.0,210.0
1770044840485677348,193910,10.004,142.9,9.88,-240.5,2.23,1.76,-151.94,-1.88,-2.38,0.74,1.42,-1.66,11719.28,174.0,140.57,141.27,216.0,210.0
1770044840608555396,194035,8.416,194.4,9.632,-195.0,1.93,0.96,-152.25,-1.75,-2.44,0.98,-0.16,-1.07,11711.91,174.0,159.27,139.69,218.0,210.0
1770044840731464648,194159,9.212,198.2,9.488,0.0,1.43,1.04,-151.75,-1.94,-2.44,0.99,-0.41,0.58,11726.83,171.0,155.4,128.02,218.0,210.0
1770044840854306418,194280,8.772,154.1,10.072,-213.2,1.41,0.92,-151.19,-2.13,-2.63,1.26,1.08,-1.52,11720.48,169.0,160.75,127.35,218.0,210.0
1770044840977201448,194405,10.192,104.6,9.928,0.0,1.33,0.51,-150.5,-1.37,-2.81,-0.56,-3.1,4.16,11738.32,173.0,154.26,121.25,218.0,210.0
1770044841095972933,194527,9.892,143.6,8.62,-209.1,1.41,1.7,-149.63,-1.56,-3.25,0.77,0.3,-0.32,11739.86,173.0,156.38,116.05,218.0,212.0
1770044841218804088,194646,9.16,142.7,10.048,0.0,1.46,1.6,-148.38,-2.19,-3.0,0.39,-1.64,-0.34,11735.92,175.0,158.75,116.64,218.0,212.0
1770044841341732079,194767,9.864,114.4,9.404,-228.9,1.66,1.29,-147.25,-1.88,-3.06,4.47,0.93,0.79,11725.8,176.0,156.77,129.39,220.0,212.0
1770044841464583624,194893,10.08,145.8,10.012,-215.8,2.17,1.23,-146.5,-1.31,-3.31,-0.77,0.44,0.33,11699.9,176.0,159.72,142.35,220.0,212.0
1770044841583387160,195016,8.38,222.1,10.072,-232.7,1.02,1.56,-146.25,-2.0,-3.5,-0.82,-0.46,-2.7,11701.1,176.0,164.02,143.51,220.0,212.0
1770044841706267983,195133,10.04,222.8,9.636,-223.9,1.35,1.37,-146.19,-2.13,-3.13,1.62,-0.32,-0.95,11700.42,177.0,157.54,150.07,220.0,212.0
1770044841833242408,195257,9.788,0.0,9.716,0.0,1.72,1.41,-145.69,-1.44,-3.25,-2.04,-1.42,0.88,11692.18,176.0,158.82,149.24,220.0,212.0
1770044841951999833,195382,9.972,125.5,10.072,-182.9,1.23,1.41,-146.13,-1.63,-3.25,0.65,-0.23,-0.32,11700.76,177.0,160.26,148.04,220.0,214.0
1770044842074897815,195504,9.556,156.0,9.904,-232.1,1.82,2.13,-146.13,-1.88,-3.06,1.74,-1.38,-0.49,11705.56,173.0,155.4,144.45,222.0,214.0
1770044842193682684,195625,10.084,187.5,10.028,-195.4,1.05,1.05,-145.25,-1.25,-3.25,1.64,-0.64,0.47,11696.47,173.0,157.09,146.47,222.0,214.0
1770044842320693014,195745,10.168,133.8,9.532,-142.3,1.54,1.19,-145.5,-1.44,-3.31,1.27,0.41,-0.79,11702.47,172.0,159.44,145.63,222.0,214.0
1770044842443543686,195870,9.48,166.1,9.836,-234.7,1.48,1.7,-145.31,-1.81,-3.38,-1.54,1.35,-1.64,11698.53,175.0,158.9,146.0,222.0,214.0
1770044842566416618,195992,9.26,218.9,9.94,-211.8,1.82,1.48,-144.88,-1.37,-3.25,0.0,0.13,-2.07,11701.44,176.0,154.83,147.36,222.0,214.0
1770044842681064199,196115,9.996,0.0,9.424,-203.7,1.99,1.19,-144.81,-1.25,-3.25,0.06,0.71,0.92,11687.38,176.0,159.77,151.14,222.0,214.0
1770044842808051954,196233,10.092,191.8,10.032,-210.9,1.68,0.86,-145.19,-1.56,-3.25,0.03,0.49,-0.52,11699.56,178.0,160.33,146.85,224.0,216.0
1770044842930960109,196360,9.98,198.6,9.984,-239.6,1.99,0.96,-144.75,-1.44,-3.38,-2.78,2.9,0.99,11699.04,175.0,155.61,148.87,224.0,216.0
1770044843053870944,196482,9.2,167.2,10.064,-155.8,1.15,1.39,-144.19,-1.06,-3.19,-1.07,-0.92,-0.07,11685.15,176.0,162.89,153.22,224.0,216.0
1770044843180848383,196604,9.104,192.9,8.848,-161.6,1.45,1.52,-144.38,-1.37,-3.19,-0.83,-0.1,-2.17,11696.81,175.0,159.58,148.72,224.0,216.0
1770044843299621583,196728,9.932,246.7,8.772,-359.4,2.29,1.52,-144.06,-1.31,-3.25,0.16,-1.96,-0.47,11700.24,175.0,154.73,147.54,224.0,216.0
1770044843422464939,196848,8.508,182.3,10.024,-153.4,1.35,1.43,-143.75,-1.12,-3.0,-1.83,1.76,-0.49,11691.67,175.0,159.13,151.17,224.0,216.0
1770044843553546311,196973,9.364,156.9,9.412,-125.8,0.92,1.37,-143.31,-1.31,-3.13,-2.39,-1.84,2.99,11693.73,175.0,160.88,148.56,226.0,218.0
1770044843676425482,197101,10.032,230.7,9.592,-289.8,2.07,1.37,-143.31,-1.37,-3.19,-1.74,0.06,-0.46,11701.96,174.0,158.05,147.03,226.0,218.0
1770044843795209461,197225,9.116,174.2,8.832,-189.6,1.19,1.29,-142.88,-1.25,-3.06,-0.73,1.35,-1.97,11691.84,174.0,159.05,152.58,226.0,218.0
1770044843918064465,197346,8.78,199.3,9.228,-178.3,0.78,1.11,-142.88,-1.31,-2.75,-2.33,-1.93,-0.3,11692.53,172.0,161.73,150.37,226.0,218.0
1770044844041019318,197469,10.0,277.4,9.972,-187.2,1.62,1.7,-142.81,-1.37,-3.0,2.61,-0.08,-0.64,11705.39,172.0,154.72,145.82,226.0,218.0
1770044844164142364,197591,9.208,199.0,8.5,0.0,1.66,1.43,-142.5,-1.31,-2.81,-0.51,0.35,-3.75,11698.87,174.0,157.37,149.77,226.0,218.0
1770044844296694585,197712,10.152,188.0,9.916,-167.9,1.11,1.31,-142.13,-1.5,-2.63,-1.9,-1.43,1.32,11693.38,175.0,158.75,151.84,228.0,218.0
1770044844389124367,197837,8.416,0.0,10.028,-175.3,1.11,1.48,-142.13,-1.69,-2.88,1.37,2.62,0.55,161.04,175.0,154.66,146.07,228.0,220.0
1770044844487415107,197938,9.82,199.9,9.056,-250.5,1.76,0.92,-141.94,-1.69,-2.88,-0.87,-0.79,-1.1,172.53,173.0,153.97,147.56,228.0,220.0
1770044844610306648,198037,9.264,108.0,8.844,-156.0,1.37,1.48,-141.69,-1.69,-2.88,3.54,4.73,-0.49,11685.15,174.0,159.49,151.57,228.0,220.0
1770044844741372425,198160,9.396,153.6,10.044,-166.9,1.41,1.5,-142.0,-1.69,-2.88,1.34,0.32,-1.51,11697.16,174.0,159.29,148.06,228.0,220.0
1770044844864263244,198290,9.9,0.0,9.92,-229.2,1.48,1.89,-141.56,-1.88,-3.13,-0.62,-1.8,0.67,11702.82,172.0,160.75,147.36,228.0,220.0
1770044844987175916,198412,10.068,174.6,9.628,-191.6,1.86,0.76,-141.38,-1.94,-3.13,0.04,1.06,-2.2,11694.76,176.0,158.3,149.55,228.0,220.0
1770044845110018273,198536,10.168,176.2,9.12,-210.9,1.76,1.33,-141.69,-1.81,-3.13,1.96,-0.4,0.08,11689.1,176.0,160.82,153.22,230.0,220.0
1770044845208246589,198659,8.072,269.3,9.92,-201.9,1.19,1.86,-141.69,-1.69,-3.31,-2.34,-0.7,1.01,156.41,176.0,154.08,145.12,230.0,222.0
1770044845331203687,198759,9.444,242.4,9.844,0.0,1.62,1.09,-141.69,-1.75,-3.25,0.93,-0.27,0.53,11702.3,177.0,156.93,149.75,230.0,222.0
1770044845433586196,198881,10.132,211.1,9.78,-194.0,1.41,1.46,-141.63,-1.56,-3.44,0.57,-0.79,-0.08,203.23,177.0,158.69,148.98,230.0,222.0
1770044845531903588,198981,9.188,162.1,9.836,-174.2,1.39,1.43,-141.88,-1.19,-3.5,-1.06,-0.27,-0.62,166.87,177.0,156.89,152.45,230.0,222.0
1770044845634305653,199081,8.384,239.9,9.696,-166.8,2.15,1.82,-141.63,-1.19,-3.5,-0.19,0.91,0.53,160.01,178.0,156.49,148.55,230.0,222.0
1770044845757180749,199181,9.836,195.2,8.692,-213.3,1.46,1.39,-141.44,-1.37,-3.19,-1.85,-0.61,-0.45,11694.76,174.0,160.98,150.58,230.0,222.0
1770044845880040104,199305,10.14,0.0,9.768,-238.5,1.25,1.41,-141.5,-1.25,-3.38,-2.91,-0.08,-0.35,11701.1,178.0,156.77,151.98,232.0,222.0
1770044845978359163,199427,9.964,218.2,9.956,-181.5,1.48,2.01,-141.56,-1.19,-3.56,-0.57,-0.01,-0.61,169.1,178.0,155.87,146.91,232.0,224.0
1770044846105386030,199527,9.928,235.2,9.54,-189.0,0.9,1.21,-141.88,-1.44,-3.31,-1.58,-1.27,0.9,11695.79,178.0,159.27,149.16,232.0,224.0
1770044846228156236,199652,9.828,122.8,9.912,-206.7,1.31,1.7,-141.5,-1.19,-3.25,-0.57,1.34,-0.03,11694.41,179.0,160.33,152.92,232.0,224.0
1770044846355096615,199775,9.86,184.4,9.736,-317.6,1.89,0.8,-141.63,-0.88,-3.38,-0.99,-0.07,2.31,11704.02,182.0,155.51,149.4,232.0,224.0
1770044846473962263,199905,8.956,225.9,9.484,-221.0,1.56,1.68,-141.31,-1.19,-3.25,1.91,0.85,1.54,11698.01,182.0,160.26,148.04,232.0,224.0
1770044846600946866,200023,10.12,179.0,10.092,-166.2,1.35,1.15,-141.38,-1.06,-3.06,-4.25,0.01,-0.15,11699.9,178.0,159.51,151.98,234.0,224.0
1770044846729763012,200147,9.68,174.0,9.984,-248.6,2.52,1.27,-141.19,-0.69,-3.5,3.39,-2.1,0.09,11705.73,176.0,154.94,150.22,234.0,226.0
1770044846846696763,200269,9.124,220.5,8.932,-162.2,1.52,1.33,-141.13,-0.94,-3.56,3.24,-1.35,1.17,11699.39,180.0,157.54,148.72,234.0,226.0
1770044846969575822,200393,10.172,171.9,9.652,0.0,1.13,1.35,-140.63,-1.19,-3.38,-2.27,-0.63,-0.66,11695.44,182.0,162.15,155.19,234.0,226.0
1770044847088341585,200516,9.496,146.5,10.016,-214.3,2.77,1.19,-140.31,-0.75,-3.75,1.31,0.48,0.05,11703.5,182.0,154.85,152.0,234.0,226.0
1770044847211196849,200636,8.564,209.9,9.98,-165.2,1.43,1.48,-140.13,-1.19,-4.0,2.06,0.16,-1.91,11698.19,182.0,158.3,151.57,234.0,226.0
1770044847334108596,200758,10.04,230.9,10.032,-160.6,0.86,1.7,-139.75,-1.63,-3.38,0.12,-0.69,1.17,11698.01,177.0,158.75,151.15,236.0,226.0
1770044847456990175,200881,8.376,173.6,10.036,-180.7,1.6,1.25,-139.19,-1.19,-3.69,-2.46,1.9,-0.91,11700.59,182.0,156.19,151.43,236.0,226.0
1770044847575776471,201005,10.032,187.9,10.008,-221.1,1.41,1.43,-138.81,-1.31,-3.81,1.78,0.16,-0.83,11696.47,182.0,159.85,147.71,236.0,228.0
1770044847678177006,201124,9.148,210.5,10.036,-149.1,1.33,1.76,-139.0,-1.94,-3.38,-2.16,-0.88,-0.65,170.3,180.0,155.11,147.73,236.0,228.0
1770044847801040714,201224,10.112,167.9,10.068,-210.1,1.48,1.27,-138.5,-1.56,-3.38,0.72,-0.8,-1.09,11697.5,179.0,157.95,152.47,236.0,228.0
1770044847923930053,201348,10.136,153.5,9.36,-193.2,1.07,1.23,-138.19,-1.37,-3.63,-4.38,1.05,1.44,11701.96,181.0,158.9,151.43,236.0,228.0
1770044848046813183,201473,8.78,205.1,9.728,-173.2,1.7,1.17,-138.19,-1.88,-3.19,1.58,0.38,-1.12,11698.7,181.0,159.13,149.86,236.0,228.0
1770044848169692060,201594,9.848,175.3,8.86,-171.8,1.52,1.5,-137.88,-1.75,-3.06,0.55,-0.31,-0.15,11699.56,176.0,157.8,151.83,238.0,228.0
1770044848292530399,201716,10.08,185.6,8.668,-179.9,1.74,1.29,-137.31,-1.31,-3.5,0.78,0.93,0.57,11697.84,177.0,158.67,154.49,238.0,230.0
1770044848415433813,201838,10.024,242.6,9.984,-218.4,1.25,1.88,-137.44,-1.81,-3.13,0.74,-0.44,-2.06,11695.44,178.0,162.2,148.39,238.0,230.0
1770044848534223760,201961,9.228,113.3,8.756,-226.9,1.8,1.17,-137.25,-1.88,-2.81,1.65,-0.71,-0.61,11698.7,178.0,156.17,151.14,238.0,230.0
1770044848652969187,202080,10.088,131.2,9.612,-184.1,1.58,0.61,-136.63,-1.5,-3.13,-2.88,1.37,0.68,11694.24,177.0,158.3,151.57,238.0,230.0
1770044848775980696,202202,9.564,169.3,9.96,0.0,1.5,1.33,-136.75,-2.31,-3.0,2.03,0.2,0.17,11698.19,176.0,162.89,147.7,238.0,230.0
1770044848898830332,202323,10.032,0.0,9.932,-178.9,1.54,1.6,-136.81,-2.63,-2.88,0.45,1.1,-0.24,11698.87,178.0,159.36,151.01,240.0,230.0
1770044849025740746,202444,8.296,112.2,9.848,-296.1,1.66,0.61,-136.19,-2.06,-3.25,-3.69,1.94,-5.46,11703.85,177.0,154.72,152.66,240.0,230.0
1770044849140413561,202571,9.116,173.8,9.404,0.0,0.86,1.7,-136.06,-2.38,-3.13,-1.33,-1.18,1.26,11697.16,177.0,161.39,149.46,240.0,232.0
1770044849263279106,202687,9.892,146.6,9.188,-185.7,1.09,1.68,-136.13,-2.88,-2.81,-1.1,-0.06,-0.26,11702.82,174.0,158.82,150.61,240.0,232.0
1770044849386187171,202810,9.22,195.8,9.836,-334.8,1.76,1.07,-135.44,-2.25,-3.13,5.59,-3.02,4.3,11695.79,178.0,156.77,151.98,240.0,232.0
1770044849521349932,202934,10.132,218.5,8.78,-200.0,1.11,1.23,-134.88,-2.5,-3.06,1.5,0.23,2.01,11694.76,178.0,162.89,151.84,240.0,232.0
1770044849636030136,203067,8.748,202.0,8.704,-184.0,1.37,1.05,-135.06,-3.06,-2.94,-2.01,-0.98,1.12,11694.41,178.0,159.86,151.31,242.0,232.0
1770044850397883495,203184,9.292,169.2,9.876,-304.8,1.86,1.25,-134.56,-2.56,-3.19,3.01,0.61,0.84,0.0,174.0,160.79,150.97,244.0,234.0
1770044850520765506,203944,9.744,208.6,9.584,-213.1,2.17,1.74,-133.38,-3.13,-2.94,0.88,-0.86,0.73,11704.19,178.0,157.88,149.46,244.0,234.0
1770044850639524105,204066,8.768,189.3,9.964,-167.9,1.64,1.37,-133.19,-3.0,-3.13,1.21,-0.26,-0.26,11694.07,173.0,161.51,152.53,244.0,236.0
1770044850766518009,204186,8.508,228.2,9.012,-175.1,1.33,1.91,-133.5,-3.38,-3.19,0.46,0.02,-1.23,11713.79,177.0,159.21,145.06,244.0,236.0
1770044850889403613,204311,8.156,250.2,8.632,-261.2,1.5,1.46,-133.13,-3.13,-3.13,-7.08,0.96,1.12,11701.96,174.0,157.14,147.19,244.0,236.0
1770044851008183676,204436,8.992,227.4,9.652,-142.8,1.46,1.11,-132.63,-2.75,-3.19,-0.91,1.78,-3.12,11691.16,174.0,156.28,152.0,244.0,236.0
1770044851106459375,204553,10.004,170.0,10.02,-141.4,1.05,1.21,-132.75,-3.13,-3.25,2.16,1.15,-1.06,166.87,177.0,163.55,152.22,246.0,236.0
1770044851233415151,204652,9.156,285.1,9.992,-244.4,2.21,1.46,-132.56,-2.94,-3.13,3.09,1.1,2.55,11696.47,178.0,158.94,151.97,246.0,236.0
1770044851356348481,204777,9.496,102.8,9.952,-257.5,2.03,1.43,-132.56,-2.13,-4.13,0.91,1.6,-0.54,11681.89,179.0,159.13,153.82,246.0,236.0
1770044851475117677,204902,8.616,189.3,9.976,-236.2,1.39,1.54,-133.19,-2.38,-3.69,-0.23,-0.99,-1.24,11699.9,179.0,156.28,149.14,246.0,238.0
1770044851597992228,205020,10.016,303.5,9.736,0.0,1.68,2.13,-133.19,-3.0,-3.88,-2.9,0.51,0.52,11710.02,183.0,154.83,148.04,246.0,238.0
1770044851724962745,205143,9.704,219.9,9.376,-264.0,1.56,1.8,-133.0,-2.06,-3.5,0.68,-1.17,0.15,11700.59,179.0,156.68,149.77,246.0,238.0
1770044851847851704,205271,8.872,204.1,9.068,-170.3,1.95,1.35,-133.06,-2.0,-3.63,0.93,-1.0,-0.66,11695.79,180.0,159.99,150.92,248.0,238.0
1770044851966640900,205394,9.988,196.8,10.0,-208.0,1.78,1.56,-133.38,-2.31,-3.56,1.2,0.73,-0.92,11711.05,180.0,156.07,146.63,248.0,238.0
1770044852089508700,205511,9.52,264.8,9.92,-220.5,1.52,1.89,-133.44,-2.06,-3.38,-1.39,0.71,1.31,11710.19,180.0,153.22,149.08,248.0,238.0
1770044852216450793,205633,9.236,255.5,9.748,-225.5,1.46,1.15,-133.13,-1.81,-3.06,0.45,-0.16,-0.18,11698.7,180.0,159.58,148.04,248.0,238.0
1770044852339370479,205760,10.108,213.6,8.488,-212.8,1.09,1.29,-133.0,-1.88,-2.88,0.64,-0.43,-1.02,11707.96,178.0,156.96,146.85,248.0,240.0
1770044852454045232,205883,8.308,238.0,9.94,-267.0,2.07,1.23,-132.81,-2.0,-3.0,1.75,-2.32,-0.86,11710.53,178.0,152.0,144.15,248.0,240.0
1770044852576934675,206000,9.264,189.0,9.976,0.0,1.02,1.0,-132.5,-1.88,-2.69,-0.88,0.75,0.38,11691.5,180.0,159.44,153.92,250.0,240.0
1770044852703897621,206121,9.308,118.6,10.068,-163.4,1.46,0.86,-132.31,-2.13,-2.63,-2.57,0.26,0.16,11706.59,177.0,157.46,149.93,250.0,240.0
1770044852826779880,206251,8.396,189.5,9.192,-337.7,2.15,1.78,-132.13,-2.13,-2.75,5.08,-0.99,-0.14,11714.48,177.0,151.31,144.73,250.0,240.0
1770044852949620415,206372,8.344,193.3,9.952,-199.2,1.29,1.23,-131.88,-2.13,-2.5,0.37,-0.42,-0.11,11698.7,175.0,158.9,149.4,250.0,240.0
1770044853068411941,206496,9.904,142.9,9.06,-153.8,1.7,1.23,-131.56,-2.19,-2.56,-1.38,-0.12,0.63,11703.16,175.0,159.77,152.58,250.0,242.0
1770044853170817953,206614,8.224,225.8,9.892,-222.6,1.93,1.76,-131.5,-2.25,-2.75,-1.5,1.02,1.0,177.5,175.0,147.76,141.4,250.0,242.0
1770044853289579454,206714,9.424,239.0,8.864,-208.6,1.52,1.62,-131.31,-2.31,-2.81,-0.98,0.61,-0.74,11698.19,176.0,157.02,147.61,250.0,242.0
1770044853416597738,206836,10.076,221.5,10.028,-154.4,1.54,1.37,-131.0,-2.25,-2.44,-2.13,-0.79,-1.96,11691.84,177.0,160.94,151.43,252.0,242.0
1770044853531250051,206960,8.52,187.0,9.948,-161.9,1.43,1.41,-131.13,-2.25,-2.44,0.69,1.45,-0.67,11704.36,177.0,159.77,147.54,252.0,242.0
1770044853633689082,207078,9.264,228.2,8.632,-226.1,1.45,2.01,-130.63,-2.25,-2.81,0.75,0.46,-0.21,155.72,177.0,153.1,142.38,252.0,242.0
1770044853756543696,207178,9.54,186.7,9.944,-179.0,1.37,1.13,-130.25,-2.31,-2.44,5.23,2.87,-0.54,11689.78,175.0,158.5,152.06,252.0,242.0
1770044853879416365,207302,9.88,156.9,9.12,-161.9,1.41,1.74,-130.19,-2.31,-2.5,1.12,0.47,-0.66,11698.87,178.0,161.51,152.53,252.0,244.0
1770044853981845303,207426,8.668,211.5,9.26,-177.0,1.78,2.11,-129.75,-2.56,-2.69,-0.63,0.67,0.78,160.52,178.0,156.13,142.1,252.0,244.0
1770044854104697054,207526,9.42,219.0,8.652,-168.6,1.09,1.48,-129.56,-2.75,-2.44,-1.56,1.13,2.32,11700.59,174.0,157.88,148.79,254.0,244.0
1770044854231678155,207651,10.076,117.8,9.304,-178.5,1.35,1.15,-129.44,-2.56,-2.63,-3.95,3.36,-3.67,11692.18,175.0,163.11,153.82,254.0,244.0
1770044854346318844,207775,9.788,180.4,9.808,0.0,1.93,1.74,-129.38,-2.44,-2.88,1.01,-0.11,-1.06,11701.96,175.0,158.25,148.08,254.0,244.0
1770044854473363558,207893,10.036,258.4,8.708,-188.9,1.54,1.15,-129.13,-2.69,-2.63,0.5,-1.12,-0.21,11699.21,176.0,159.58,148.04,254.0,244.0
1770044854596222139,208017,8.84,179.1,9.672,-173.5,0.74,1.45,-128.88,-2.63,-2.69,-0.71,-1.31,1.0,11700.24,177.0,157.46,151.29,254.0,244.0
1770044854719107443,208142,9.868,174.8,10.024,-317.6,1.76,1.39,-129.25,-2.31,-2.94,3.43,-0.29,0.22,11697.5,178.0,158.3,151.57,254.0,246.0
1770044854841993247,208265,10.044,214.4,9.2,-203.9,1.23,1.74,-129.0,-2.69,-3.0,1.71,0.36,0.03,11697.16,176.0,158.14,148.56,256.0,246.0
1770044854960837106,208387,9.916,154.6,9.064,-186.2,0.92,1.74,-128.63,-2.81,-2.88,-1.2,-0.13,-0.12,11699.56,176.0,160.56,150.57,256.0,246.0
1770044855087750272,208505,10.04,174.8,9.688,-214.9,1.43,0.9,-128.75,-2.5,-3.13,-0.41,-2.04,-0.88,11705.56,179.0,158.14,151.29,256.0,246.0
1770044855206471393,208630,8.54,210.2,9.948,-210.9,1.09,2.09,-128.31,-2.81,-3.25,0.83,1.03,0.37,11704.7,180.0,157.63,147.53,256.0,246.0
1770044855333503130,208752,9.876,197.1,8.836,-168.5,1.13,1.27,-128.19,-3.0,-2.75,0.01,-0.01,2.1,11690.13,181.0,168.41,153.35,256.0,246.0
1770044855448188899,208877,10.056,170.2,9.004,-188.3,1.84,1.27,-128.19,-2.5,-3.0,-0.71,-0.4,-0.46,11698.53,181.0,157.61,152.58,256.0,248.0
1770044855575170135,208993,9.444,159.9,9.876,0.0,1.35,1.41,-128.06,-2.56,-3.13,-0.1,0.16,-0.71,11701.79,179.0,160.26,148.04,258.0,248.0
1770044855698052277,209120,10.072,230.7,9.56,-211.0,1.35,1.76,-128.13,-2.94,-2.63,-2.86,0.82,0.68,11697.16,178.0,157.63,150.89,258.0,248.0
1770044855820979679,209243,9.456,104.2,9.9,-203.0,1.45,1.15,-127.62,-2.44,-2.81,3.59,1.24,-0.59,11698.87,177.0,155.99,152.53,258.0,248.0
1770044855943802005,209364,9.064,181.4,10.032,-172.8,1.78,1.48,-127.56,-2.38,-2.94,-2.05,-0.81,-0.73,11696.81,177.0,159.51,147.19,258.0,248.0
1770044856062587400,209487,8.268,151.6,9.696,-213.8,1.58,1.5,-127.62,-2.88,-2.56,-1.88,0.41,-0.73,11694.93,177.0,160.42,150.26,258.0,248.0
1770044856193671253,209606,8.908,191.3,10.032,-159.5,2.07,1.56,-127.12,-2.63,-2.56,-1.62,-2.06,-1.07,11697.84,175.0,156.38,152.37,258.0,248.0
1770044856316511992,209737,9.124,215.8,8.56,-161.4,1.31,1.64,-126.94,-2.31,-2.88,2.87,-0.15,2.45,11700.76,178.0,158.05,148.98,260.0,250.0
1770044856439411806,209860,9.352,249.4,9.764,-225.5,0.92,1.78,-127.19,-2.88,-2.5,-3.62,-1.28,-1.21,11693.21,175.0,158.22,150.75,260.0,250.0
1770044856562284101,209984,10.008,91.9,10.012,-175.6,1.7,0.55,-126.94,-2.63,-2.44,-0.08,-1.32,-0.28,11693.38,175.0,156.99,151.28,260.0,250.0
1770044856681027710,210104,8.288,145.3,10.0,0.0,1.86,1.39,-126.75,-2.25,-2.63,-0.7,0.63,-0.79,11699.9,175.0,159.13,151.17,260.0,250.0
1770044856803879690,210227,10.04,251.8,9.948,-204.3,1.74,1.86,-126.94,-2.75,-2.44,0.91,-1.84,-1.23,11696.3,174.0,158.06,148.39,260.0,250.0
1770044856926806116,210350,9.624,156.4,9.968,-222.5,0.86,1.45,-126.87,-2.69,-2.44,1.71,-1.69,0.3,11693.9,175.0,156.68,151.15,260.0,250.0
1770044857029232743,210472,10.072,212.6,8.76,-234.0,1.62,1.58,-126.25,-2.0,-2.88,-1.51,-0.98,-1.14,168.93,175.0,154.08,148.7,260.0,250.0
1770044857152110396,210572,8.32,217.7,10.052,-199.9,1.43,1.5,-126.25,-2.44,-2.75,0.24,0.65,-0.3,11698.7,177.0,159.27,149.16,262.0,252.0
1770044857270846066,210694,8.776,171.5,8.728,-138.8,1.25,1.23,-126.06,-2.81,-2.56,0.45,-0.32,0.19,11699.04,177.0,156.68,147.7,262.0,252.0
1770044857393770276,210813,9.748,227.1,8.76,-224.6,2.01,1.7,-125.37,-2.25,-2.75,-3.72,2.02,-2.57,11700.42,177.0,153.8,149.62,262.0,252.0
1770044857512545965,210936,10.044,138.7,9.152,-238.1,1.56,1.21,-125.5,-2.38,-2.94,-0.48,-0.2,-0.36,11700.42,177.0,161.88,150.99,262.0,252.0
1770044857635424748,211056,9.34,246.5,9.52,-185.0,1.52,1.11,-125.5,-3.0,-2.88,-1.6,0.58,0.4,11703.5,178.0,157.63,148.2,262.0,252.0
1770044857758297493,211179,9.948,183.7,9.96,-293.9,2.3,1.19,-124.94,-2.5,-2.88,0.37,0.6,-0.09,11701.1,178.0,155.99,150.46,262.0,252.0
1770044857881193758,211301,8.248,137.8,10.036,0.0,1.04,1.46,-124.87,-2.44,-2.94,-0.09,1.33,-1.4,11701.79,180.0,156.77,149.24,264.0,254.0
1770044858014110137,211423,9.824,226.3,9.372,-146.1,0.59,1.25,-125.31,-2.88,-2.5,-1.28,-0.75,-0.8,11702.47,175.0,159.51,147.19,264.0,254.0
1770044858122844774,211549,9.808,115.7,9.564,-198.6,1.41,0.88,-124.75,-2.69,-2.56,0.6,1.2,-0.08,11702.82,175.0,154.38,148.76,264.0,254.0
1770044858245681839,211665,8.364,91.1,10.048,-237.0,1.25,0.53,-124.44,-2.25,-2.69,1.92,2.17,-1.33,11697.33,177.0,158.14,151.98,264.0,254.0
1770044858368605722,211787,9.64,190.5,9.964,-122.3,1.58,1.31,-124.69,-2.88,-2.38,2.17,1.12,-0.07,11700.24,175.0,157.46,145.82,264.0,254.0
1770044858491485603,211910,9.932,232.9,10.008,0.0,1.45,1.66,-124.62,-2.88,-2.06,1.03,0.67,0.0,11703.5,175.0,155.78,150.16,264.0,254.0
1770044858614336261,212035,9.964,107.5,9.696,-217.8,1.68,1.27,-124.31,-2.25,-2.25,-1.09,-0.44,-1.51,11691.33,175.0,158.98,150.89,266.0,256.0
1770044858729049607,212157,9.372,212.5,9.364,-145.9,1.04,1.52,-124.62,-2.81,-2.31,0.3,0.33,-1.26,11704.53,175.0,157.61,147.54,266.0,256.0
1770044858851926266,212272,8.34,215.4,8.832,-220.5,1.33,1.45,-124.69,-2.94,-2.19,-2.03,-0.66,-0.86,11706.42,175.0,153.92,149.08,266.0,256.0
1770044858978894999,212396,10.012,170.9,9.968,-195.3,1.89,0.94,-123.94,-2.31,-2.38,1.51,2.15,0.26,11698.01,176.0,156.87,149.4,266.0,256.0
1770044859101788872,212523,9.452,214.8,10.008,-170.7,1.74,1.17,-123.94,-2.44,-2.5,-2.76,-1.72,-1.54,11695.79,174.0,159.72,148.36,266.0,256.0
1770044859228703868,212646,9.66,196.6,9.828,-235.7,1.25,1.54,-123.87,-2.75,-2.38,-2.87,-0.15,-0.7,11703.33,174.0,154.38,148.06,266.0,256.0
1770044859351624183,212770,8.392,203.0,9.372,-261.7,1.72,1.5,-123.19,-2.19,-2.5,-1.13,0.9,0.0,11701.79,175.0,156.47,151.17,268.0,256.0
1770044859474478367,212893,8.448,108.6,9.928,0.0,1.45,1.21,-123.19,-2.31,-2.44,2.27,0.01,-0.39,11694.76,176.0,160.75,152.4,268.0,258.0
1770044859597405237,213018,10.004,241.8,9.948,-197.0,1.05,1.64,-123.37,-2.63,-2.44,1.19,-0.38,-1.39,11705.56,175.0,153.71,148.36,268.0,258.0
1770044859716172014,213140,9.34,210.6,9.652,-282.9,1.52,1.56,-122.62,-2.13,-2.75,-0.3,1.17,0.65,11702.3,175.0,152.71,149.86,268.0,258.0
1770044859839050643,213259,10.096,209.6,10.008,-167.3,1.33,1.35,-122.56,-2.19,-2.56,-0.64,1.35,-2.0,11693.04,177.0,157.46,151.98,268.0,258.0
1770044859966027586,213381,9.836,211.2,8.488,-174.2,1.27,1.74,-122.75,-2.5,-2.56,-0.63,1.0,-0.76,11701.62,171.0,158.22,148.72,268.0,258.0
1770044860068438327,213509,9.9,215.0,9.904,-230.0,2.05,1.72,-122.31,-2.31,-2.94,1.55,0.9,-0.85,160.7,171.0,149.88,144.83,268.0,258.0
1770044860166700597,213609,8.772,100.9,9.044,-148.8,1.33,0.9,-122.25,-2.19,-2.69,0.96,-0.43,0.77,172.01,176.0,153.46,148.74,270.0,258.0
1770044860289562010,213709,8.276,139.6,9.364,-164.3,1.48,1.19,-122.0,-2.5,-2.56,-4.91,0.62,2.43,11697.5,178.0,159.99,151.07,270.0,260.0
1770044860412436682,213831,8.804,178.6,9.972,-160.0,1.46,1.48,-122.0,-2.69,-2.69,0.91,2.21,-0.35,11712.59,176.0,153.1,147.53,270.0,260.0
1770044860514884009,213956,10.06,222.9,8.808,-188.5,1.68,1.82,-121.44,-2.44,-2.63,-0.71,-0.04,-0.5,154.35,176.0,154.11,146.17,270.0,260.0
1770044860637776775,214056,8.088,113.4,9.904,-238.2,1.76,0.82,-121.31,-2.63,-2.31,-0.25,1.02,-2.55,11674.0,178.0,161.63,152.44,270.0,260.0
1770044860756546929,214178,8.612,235.0,9.5,-234.1,1.76,1.09,-121.12,-2.94,-2.31,-0.71,1.85,-1.57,11697.5,173.0,157.18,147.36,270.0,260.0
1770044860883511341,214299,8.328,195.4,9.336,-250.9,1.88,1.48,-120.75,-2.81,-2.5,-2.07,1.68,0.35,11700.93,174.0,155.4,149.24,272.0,260.0
1770044861006386791,214425,8.3,164.6,9.464,-209.4,1.07,0.92,-120.5,-2.69,-2.06,5.14,2.7,-0.53,11687.72,174.0,157.54,152.11,272.0,262.0
1770044861121090734,214547,9.012,168.5,9.832,0.0,1.29,1.5,-120.37,-3.0,-2.0,-2.32,-1.92,1.14,11703.33,174.0,158.33,148.26,272.0,262.0
1770044861248027263,214664,8.568,262.2,9.592,-211.6,1.76,1.99,-120.19,-3.0,-2.38,-0.9,-0.79,-0.67,11705.39,172.0,153.47,150.07,272.0,262.0
1770044861370903128,214789,9.564,139.0,10.052,-216.4,1.05,1.39,-119.75,-2.88,-2.06,-1.76,-1.19,-0.24,11692.18,171.0,158.82,149.93,272.0,262.0
1770044861497916992,214914,9.796,124.0,10.02,-211.4,1.0,0.76,-119.87,-3.06,-2.0,-0.75,0.52,2.15,11695.61,172.0,159.79,149.84,272.0,262.0
1770044861612589860,215038,9.884,177.3,9.292,-276.6,1.46,1.09,-119.44,-3.06,-2.56,0.72,0.98,-0.48,11706.08,172.0,151.28,148.43,274.0,262.0
1770044861739568927,215155,8.188,186.2,10.008,-212.3,1.39,1.37,-119.25,-3.06,-2.25,-2.99,-2.45,-0.99,11699.73,173.0,159.44,152.53,274.0,262.0
1770044861862440718,215279,8.668,137.2,9.744,-129.8,0.92,0.7,-119.31,-3.06,-2.25,0.73,-0.39,0.26,11701.1,172.0,156.77,149.93,274.0,264.0
1770044861985324472,215404,9.212,217.4,9.504,-254.0,1.21,1.89,-119.0,-3.38,-2.69,0.03,-0.41,-0.48,11703.16,172.0,158.3,146.18,274.0,264.0
1770044862108177216,215527,9.896,204.2,9.936,-228.8,1.58,1.48,-118.81,-3.38,-2.56,0.25,0.46,0.34,11696.99,170.0,159.44,150.46,274.0,264.0
1770044862222846536,215649,8.268,0.0,9.808,-130.3,1.48,0.63,-118.94,-3.38,-2.63,2.13,-0.71,1.05,11695.96,170.0,157.71,152.71,274.0,264.0
1770044862358029978,215766,8.372,197.3,9.46,-283.1,1.95,1.5,-118.94,-3.44,-2.94,0.02,0.88,-0.96,11707.45,175.0,155.4,147.87,274.0,264.0
1770044862480938073,215900,8.168,259.7,10.0,-154.2,1.17,1.97,-118.56,-3.63,-2.63,-2.64,-2.38,1.04,11700.42,173.0,157.65,149.42,276.0,264.0
1770044862603812927,216023,10.056,167.6,9.236,-134.2,1.05,1.5,-118.44,-3.5,-2.88,-1.31,-1.98,0.32,11693.56,174.0,159.51,153.35,276.0,266.0
1770044862726696578,216145,10.092,191.4,9.884,-252.5,1.82,1.35,-118.56,-3.44,-3.25,0.48,1.23,-1.53,11707.28,176.0,154.03,145.82,276.0,266.0
1770044862849568839,216267,9.956,196.6,9.948,-161.8,1.45,1.46,-118.5,-3.63,-3.19,0.05,1.45,-0.57,11704.7,176.0,158.42,149.86,276.0,266.0
1770044862972450934,216390,10.056,173.1,10.012,-139.2,1.5,1.02,-118.19,-3.63,-3.19,1.13,-0.87,-1.1,11693.56,174.0,159.05,152.37,276.0,266.0
1770044863095325909,216512,10.064,175.7,9.464,-214.0,1.11,1.37,-118.81,-3.13,-3.38,1.66,0.76,-1.18,11702.3,175.0,156.77,148.56,276.0,266.0
1770044863218168808,216635,9.94,291.0,9.516,-191.3,1.66,1.99,-118.69,-3.31,-3.25,0.69,0.08,0.66,11696.64,177.0,158.06,149.08,278.0,266.0
1770044863341075096,216758,9.792,166.1,10.048,-202.2,1.09,1.31,-118.56,-3.25,-3.13,0.61,1.39,-1.89,11685.15,177.0,159.85,154.85,278.0,266.0
1770044863463973958,216880,8.412,98.3,8.668,-257.9,1.74,0.92,-118.75,-3.0,-3.38,-1.3,0.36,-0.24,11687.9,175.0,158.54,152.62,278.0,268.0
1770044863586844191,217004,8.988,224.9,9.548,-167.0,1.6,1.39,-119.06,-3.13,-3.44,2.86,0.04,-0.99,11696.81,179.0,155.4,149.24,278.0,268.0
1770044863709717627,217125,9.332,124.8,9.248,-174.0,1.29,1.43,-119.12,-3.19,-3.06,-0.55,-0.63,-0.6,11690.98,175.0,158.22,153.47,278.0,268.0
1770044863832561562,217249,9.948,168.1,8.78,-171.6,1.91,0.61,-119.31,-2.88,-3.06,2.21,0.19,1.37,11698.01,178.0,156.68,153.22,278.0,268.0
1770044863955477480,217375,10.024,244.5,9.088,-192.8,1.5,1.86,-119.12,-2.94,-3.31,-1.02,1.08,0.59,11701.62,178.0,156.68,148.39,280.0,268.0
1770044864074222949,217494,10.0,226.7,8.68,-245.5,1.21,0.82,-119.0,-3.19,-2.81,-1.19,-0.84,-1.06,11684.98,175.0,166.34,151.15,280.0,268.0
1770044864201232854,217617,9.984,131.6,9.564,-218.6,1.89,1.25,-118.87,-2.88,-2.94,-1.43,1.34,-0.85,11691.33,176.0,159.58,154.83,280.0,270.0
1770044864328152776,217741,9.98,208.5,9.348,-211.1,1.88,1.45,-118.94,-2.75,-3.25,-0.08,0.83,-1.18,11677.26,179.0,171.78,150.89,280.0,270.0
1770044864457038686,217870,8.216,162.7,8.676,-207.2,1.29,1.7,-119.25,-3.19,-2.75,-4.78,-3.1,0.37,11683.09,179.0,169.77,154.15,280.0,270.0
1770044864573932980,217990,10.08,197.0,9.42,-190.2,1.66,1.52,-118.94,-2.81,-3.0,0.29,-1.32,-1.74,11686.01,176.0,163.66,153.47,280.0,270.0
1770044864692701686,218113,8.956,175.0,9.788,-213.2,2.01,0.98,-118.94,-2.69,-3.38,-0.3,0.97,-1.13,11690.64,179.0,162.2,150.46,282.0,270.0
1770044864819693943,218234,8.604,232.8,9.24,-226.0,1.88,1.64,-119.12,-3.19,-3.06,-0.05,-2.32,-0.51,11684.47,177.0,167.05,152.11,282.0,270.0
1770044864942596369,218361,9.512,220.7,10.204,245.2,-4.88,1.62,-118.69,-2.88,-2.94,-1.31,0.33,-0.79,11895.07,179.0,78.82,123.95,282.0,272.0
1770044865057285186,218483,10.272,4.4,9.912,0.1,0.0,0.51,-120.44,-2.44,-2.75,0.29,-2.72,-0.09,12072.4,179.0,0.0,3.69,282.0,272.0
1770044865180172750,218598,8.712,4.1,10.476,0.0,0.04,-0.06,-120.44,-2.56,-3.0,0.51,-0.01,-0.44,12074.46,178.0,0.0,282.0,272.0,
1770044865303014794,218719,8.98,4.5,10.476,0.0,-0.02,-0.14,-120.44,-2.5,-2.94,-0.04,0.04,-0.39,12073.43,178.0,0.0,282.0,272.0,
1770044865430015430,218844,8.988,4.1,10.456,1.2,0.02,0.02,-120.44,-2.5,-3.0,0.09,0.08,-0.42,12073.6,177.0,0.0,282.0,272.0,
1770044865544708926,218969,10.56,4.3,9.184,0.4,-0.12,-0.2,-120.44,-2.44,-3.0,0.08,0.05,-0.4,12072.91,177.0,0.0,282.0,272.0,
1770044865663488252,219083,8.78,4.9,10.496,-0.1,0.06,-0.06,-120.44,-2.44,-3.0,0.09,0.03,-0.41,12075.31,175.0,0.0,282.0,272.0,
1770044865796409592,219204,8.756,5.0,10.484,0.1,-0.06,-0.06,-120.44,-2.44,-3.06,0.1,0.02,-0.4,12074.29,176.0,0.0,282.0,272.0,
1770044865909250658,219328,9.004,4.3,10.492,0.0,-0.08,-0.06,-120.44,-2.38,-3.06,0.1,0.03,-0.43,12073.26,180.0,0.0,282.0,272.0,
1770044866023937781,219448,8.968,4.3,10.484,-0.1,-0.08,-0.14,-120.44,-2.38,-3.06,0.08,0.03,-0.39,12074.8,180.0,0.0,282.0,272.0,
1770044866142727524,219563,8.944,4.4,10.504,0.1,-0.06,-0.06,-120.44,-2.38,-3.06,0.09,0.02,-0.4,12075.66,178.0,0.0,282.0,272.0,
1770044866261455766,219681,8.94,4.1,10.516,0.3,0.1,-0.08,-120.44,-2.38,-3.13,0.08,0.03,-0.4,12073.77,181.0,0.0,282.0,272.0,
1770044866384363284,219801,8.944,4.0,10.508,-0.2,0.08,-0.1,-120.44,-2.38,-3.13,0.09,0.04,-0.4,12074.29,176.0,0.0,282.0,272.0,
1770044866499050956,219924,10.572,4.0,9.164,1.1,0.04,0.02,-120.44,-2.38,-3.13,0.1,0.02,-0.39,12072.57,176.0,0.0,282.0,272.0,
1770044866627875288,220038,10.568,4.4,9.172,1.2,0.04,-0.1,-120.44,-2.38,-3.13,0.08,0.04,-0.4,12075.31,176.0,0.0,282.0,272.0,
1770044866740779902,220160,10.576,3.9,9.124,0.0,0.08,-0.04,-120.44,-2.38,-3.13,0.07,0.04,-0.41,12072.23,177.0,0.0,282.0,272.0,
1770044866867688489,220281,10.0,4.8,9.388,0.7,0.0,0.02,-120.44,-2.38,-3.13,0.09,0.03,-0.41,12074.11,180.0,0.0,282.0,272.0,
1770044866986467250,220405,10.584,4.1,9.336,0.7,0.02,0.08,-120.44,-2.38,-3.13,0.07,0.03,-0.41,12074.29,178.0,0.0,282.0,272.0,
1770044867101171285,220526,8.952,4.2,10.512,0.2,0.0,-0.02,-120.44,-2.38,-3.13,0.07,0.04,-0.4,12075.49,178.0,0.0,282.0,272.0,
1770044867219909870,220641,8.944,4.0,10.516,0.0,-0.04,-0.08,-120.44,-2.38,-3.13,0.08,0.04,-0.42,12074.97,180.0,0.0,282.0,272.0,
1770044867342855861,220761,8.944,3.8,10.504,0.0,-0.02,-0.06,-120.44,-2.38,-3.13,0.09,0.03,-0.4,12074.29,178.0,0.0,282.0,272.0,
1770044867461585982,220882,8.984,4.0,9.284,0.6,0.0,-0.04,-120.44,-2.38,-3.13,0.08,0.02,-0.4,12069.66,178.0,0.0,282.0,272.0,
1770044867576293646,221002,8.844,4.9,10.504,0.0,0.04,-0.06,-120.44,-2.38,-3.13,0.06,0.03,-0.44,12077.03,178.0,0.0,282.0,272.0,
1770044867699189006,221116,8.8,5.0,10.512,0.1,-0.1,0.0,-120.44,-2.38,-3.13,0.06,0.02,-0.41,12075.14,175.0,0.0,282.0,272.0,
1770044867817958350,221236,8.78,4.6,10.504,0.1,-0.08,-0.1,-120.44,-2.38,-3.13,0.09,0.02,-0.4,12074.63,179.0,0.0,282.0,272.0,
1770044867940840359,221356,8.764,4.6,10.512,0.1,-0.02,-0.1,-120.44,-2.38,-3.13,0.09,0.01,-0.43,12074.11,175.0,0.0,282.0,272.0,
1770044868055519871,221480,8.844,4.5,10.504,0.2,-0.1,-0.08,-120.44,-2.38,-3.13,0.09,0.04,-0.4,12072.91,175.0,0.0,282.0,272.0,
1770044868178379389,221594,8.84,4.5,10.52,0.2,-0.02,0.1,-120.44,-2.38,-3.13,0.08,0.03,-0.42,12072.4,176.0,0.0,282.0,272.0,
1770044868297138206,221716,8.772,4.9,10.524,0.0,0.0,0.0,-120.44,-2.38,-3.13,0.09,0.02,-0.43,12072.4,175.0,0.0,282.0,272.0,
1770044868424164702,221837,8.82,4.8,10.516,0.1,0.08,-0.12,-120.44,-2.38,-3.13,0.09,0.03,-0.41,12073.08,178.0,0.0,282.0,272.0,
1770044868542944890,221961,8.776,4.1,9.332,0.3,-0.1,0.14,-120.44,-2.38,-3.13,0.09,0.04,-0.45,12076.69,178.0,0.0,282.0,272.0,
1770044868661731059,222083,9.012,4.2,10.508,0.0,0.0,-0.02,-120.44,-2.38,-3.13,0.06,0.03,-0.38,12076.0,176.0,0.0,282.0,272.0,
1770044868784597447,222201,8.956,4.1,10.34,1.2,-0.06,-0.14,-120.44,-2.38,-3.13,0.09,0.04,-0.4,12073.6,178.0,0.0,282.0,272.0,
1770044868907465538,222321,8.84,4.8,10.52,-0.1,-0.14,-0.06,-120.44,-2.38,-3.13,0.08,0.04,-0.41,12074.63,175.0,0.0,282.0,272.0,
1770044869018028732,222445,8.784,4.8,10.516,0.0,-0.08,-0.06,-120.44,-2.38,-3.13,0.07,0.04,-0.41,12072.06,175.0,0.0,282.0,272.0,
1770044869140961390,222559,8.792,4.8,10.508,0.0,0.0,-0.1,-120.44,-2.38,-3.13,0.07,0.03,-0.4,12073.26,177.0,0.0,282.0,272.0,
1770044869259679642,222678,8.86,5.0,10.512,0.5,-0.2,-0.04,-120.44,-2.38,-3.13,0.05,0.04,-0.4,12069.31,177.0,0.0,282.0,272.0,
1770044869382605708,222796,8.952,3.9,10.516,1.0,-0.06,-0.16,-120.44,-2.38,-3.13,0.08,0.03,-0.41,12071.37,177.0,0.0,282.0,272.0,
1770044869493241267,222920,8.796,4.8,9.356,0.8,-0.08,-0.16,-120.44,-2.38,-3.13,0.09,0.03,-0.44,12072.23,177.0,0.0,282.0,272.0,
1770044869611971704,223032,8.976,4.0,10.532,0.2,-0.04,0.02,-120.44,-2.38,-3.13,0.09,0.02,-0.41,12072.06,178.0,0.0,282.0,272.0,
1770044869730756754,223151,8.96,4.2,10.536,-0.1,0.0,-0.1,-120.44,-2.38,-3.13,0.08,0.01,-0.4,12071.54,181.0,0.0,282.0,272.0,
1770044869849523396,223268,9.036,4.2,10.516,0.1,-0.08,-0.02,-120.44,-2.38,-3.13,0.07,0.01,-0.42,12072.23,178.0,0.0,282.0,272.0,
1770044869968309724,223389,9.272,4.5,9.196,0.2,0.08,-0.04,-120.44,-2.38,-3.13,0.08,0.03,-0.4,12074.63,178.0,0.0,282.0,272.0,
1770044870091217894,223508,8.88,4.7,10.528,0.0,-0.18,-0.08,-120.44,-2.38,-3.13,0.08,0.02,-0.39,12073.08,177.0,0.0,282.0,272.0,
1770044870209928601,223629,8.78,4.7,9.388,0.8,-0.08,-0.06,-120.44,-2.38,-3.13,0.07,0.03,-0.44,12072.06,177.0,0.0,282.0,272.0,
1770044870332879973,223750,10.604,4.1,9.6,-0.4,-0.08,-0.04,-120.44,-2.38,-3.13,0.07,0.03,-0.41,12072.57,178.0,0.0,282.0,272.0,
1770044870447556833,223869,8.972,4.0,10.532,0.0,-0.16,-0.12,-120.44,-2.38,-3.13,0.06,0.03,-0.41,12075.31,178.0,0.0,282.0,272.0,
1770044870570426445,223985,9.016,4.0,10.24,0.0,0.02,0.0,-120.44,-2.38,-3.13,0.06,0.02,-0.4,12072.23,182.0,0.0,282.0,272.0,
1770044870689199597,224106,8.784,5.0,10.54,0.2,-0.02,-0.1,-120.44,-2.38,-3.13,0.08,0.04,-0.41,12072.74,178.0,0.0,282.0,272.0,
1770044870812090190,224227,8.796,4.4,9.324,0.0,0.0,-0.02,-120.44,-2.38,-3.13,0.08,0.01,-0.41,12071.54,178.0,0.0,282.0,272.0,
1770044870934980117,224348,9.04,4.1,10.52,0.0,0.0,-0.06,-120.44,-2.38,-3.13,0.08,0.02,-0.43,12071.88,179.0,0.0,282.0,272.0,
1770044871049658475,224473,9.0,4.4,10.536,0.1,0.08,-0.08,-120.44,-2.38,-3.13,0.07,0.03,-0.41,12073.43,179.0,0.0,282.0,272.0,
1770044871168420360,224586,8.992,4.0,10.528,0.1,0.06,0.04,-120.44,-2.38,-3.13,0.08,0.02,-0.42,12071.88,178.0,0.0,282.0,272.0,
1770044871287195561,224706,8.984,3.6,10.22,0.0,0.0,-0.08,-120.44,-2.38,-3.13,0.09,0.01,-0.43,12070.86,177.0,0.0,282.0,272.0,
1770044871405995298,224825,8.86,4.7,10.528,0.1,-0.08,0.0,-120.44,-2.38,-3.13,0.06,0.03,-0.4,12069.31,178.0,0.0,282.0,272.0,
1770044871524798833,224945,8.876,4.6,10.536,0.0,-0.08,-0.06,-120.44,-2.38,-3.13,0.09,0.02,-0.4,12070.68,178.0,0.0,282.0,272.0,
1770044871651778117,225062,8.872,4.7,10.524,0.2,-0.04,-0.14,-120.44,-2.38,-3.13,0.09,0.02,-0.4,12071.88,176.0,0.0,282.0,272.0,
1770044871770614170,225189,10.596,4.1,10.536,0.2,-0.04,0.0,-120.44,-2.38,-3.13,0.08,0.03,-0.43,12073.94,176.0,0.0,282.0,272.0,
1770044871893418160,225309,9.02,4.2,9.232,0.2,-0.06,-0.02,-120.44,-2.38,-3.13,0.08,0.03,-0.43,12074.29,178.0,0.0,282.0,272.0,
1770044872008101847,225429,8.852,4.7,10.532,0.0,0.06,0.06,-120.44,-2.38,-3.13,0.07,0.03,-0.41,12074.46,178.0,0.0,282.0,272.0,
1770044872130982701,225546,8.796,4.9,10.544,0.0,-0.08,-0.04,-120.44,-2.38,-3.13,0.07,0.02,-0.42,12072.23,178.0,0.0,282.0,272.0,
1770044872249728745,225668,8.804,4.4,10.544,0.0,0.16,-0.04,-120.44,-2.38,-3.13,0.07,0.02,-0.41,12071.03,178.0,0.0,282.0,272.0,
1770044872368551587,225784,8.852,4.8,10.532,0.1,-0.06,-0.04,-120.44,-2.38,-3.13,0.09,0.01,-0.39,12073.43,177.0,0.0,282.0,272.0,
1770044872483235247,225904,8.872,4.7,10.528,0.2,0.04,-0.08,-120.44,-2.38,-3.13,0.07,0.03,-0.42,12076.86,177.0,0.0,282.0,272.0,
1770044872602016921,226019,8.808,4.6,10.536,0.2,-0.12,-0.04,-120.44,-2.38,-3.13,0.07,0.03,-0.41,12076.86,179.0,0.0,282.0,272.0,
1770044872716680267,226138,8.876,4.9,10.536,0.8,-0.06,-0.04,-120.44,-2.38,-3.13,0.09,0.04,-0.4,12076.0,176.0,0.0,282.0,272.0,
1770044872839574103,226255,10.0,4.0,10.54,0.2,0.0,0.04,-120.44,-2.38,-3.13,0.08,0.02,-0.41,12074.29,176.0,0.0,282.0,272.0,
1770044872950143212,226375,9.008,4.1,10.548,0.1,0.12,-0.02,-120.44,-2.38,-3.13,0.09,0.02,-0.4,12075.31,176.0,0.0,282.0,272.0,
1770044873073073156,226489,9.048,3.8,10.54,0.1,0.02,-0.14,-120.44,-2.38,-3.13,0.09,0.02,-0.41,12077.54,175.0,0.0,282.0,272.0,
1770044873191847434,226611,8.988,4.1,10.544,0.2,0.08,0.0,-120.44,-2.38,-3.13,0.09,0.03,-0.41,12073.94,174.0,0.0,282.0,272.0,
1770044873310602322,226728,9.0,3.9,10.54,0.0,-0.04,-0.08,-120.44,-2.38,-3.13,0.09,0.03,-0.4,12076.52,176.0,0.0,282.0,272.0,
1770044873425306606,226848,8.968,4.0,10.552,-0.1,0.06,0.06,-120.44,-2.38,-3.13,0.08,0.02,-0.39,12077.72,176.0,0.0,282.0,272.0,
1770044873548181934,226962,8.82,4.7,9.336,0.1,-0.06,0.02,-120.44,-2.38,-3.13,0.09,0.03,-0.41,12077.54,178.0,0.0,282.0,272.0,
1770044873666965804,227085,8.988,4.3,9.296,1.2,-0.04,-0.16,-120.44,-2.38,-3.13,0.07,0.04,-0.4,12075.14,177.0,0.0,282.0,272.0,
1770044873785738193,227203,8.856,4.8,10.552,0.0,0.02,-0.04,-120.44,-2.38,-3.13,0.09,0.03,-0.42,12077.2,175.0,0.0,282.0,272.0,
1770044873900440458,227323,8.816,5.1,10.548,-0.1,0.02,0.02,-120.44,-2.38,-3.13,0.08,0.04,-0.41,12076.86,175.0,0.0,282.0,272.0,
1770044874023308618,227437,8.804,4.5,9.54,0.2,-0.06,-0.06,-120.44,-2.38,-3.13,0.07,0.02,-0.4,12078.06,177.0,0.0,282.0,272.0,
1770044874142123501,227559,8.98,4.3,10.544,0.0,-0.06,-0.1,-120.44,-2.38,-3.13,0.09,0.03,-0.42,12078.57,177.0,0.0,282.0,272.0,
1770044874260843011,227677,8.988,3.8,10.532,0.0,0.0,-0.06,-120.44,-2.38,-3.13,0.09,0.04,-0.42,12079.43,175.0,0.0,282.0,272.0,
1770044874375544695,227798,8.992,4.1,10.54,0.1,0.0,0.02,-120.44,-2.38,-3.13,0.06,0.03,-0.4,12079.6,175.0,0.0,282.0,272.0,
1770044874498449849,227911,9.668,4.2,9.24,0.4,-0.02,-0.1,-120.44,-2.38,-3.13,0.08,0.04,-0.43,12078.75,173.0,0.0,282.0,272.0,
1770044874613071142,228033,10.6,4.2,9.352,0.2,-0.04,-0.02,-120.44,-2.38,-3.13,0.08,0.02,-0.41,12076.34,179.0,0.0,282.0,272.0,
1770044874744191917,228151,9.064,4.1,10.536,0.0,0.02,-0.06,-120.44,-2.38,-3.13,0.07,0.04,-0.39,12071.88,175.0,0.0,282.0,272.0,
1770044874858877656,228279,8.98,4.2,10.552,0.0,0.04,-0.12,-120.44,-2.38,-3.13,0.09,0.03,-0.42,12075.49,175.0,0.0,282.0,272.0,
1770044874977656778,228393,9.044,3.9,10.54,0.1,0.02,-0.08,-120.44,-2.38,-3.13,0.08,0.03,-0.41,12075.14,178.0,0.0,282.0,272.0,
1770044875100533001,228514,9.06,3.7,10.544,0.0,-0.12,-0.14,-120.44,-2.38,-3.13,0.08,0.03,-0.41,12073.43,175.0,0.0,282.0,272.0,
1770044875223402351,228638,9.06,4.0,9.256,0.1,-0.14,-0.1,-120.44,-2.38,-3.13,0.09,0.02,-0.41,12073.77,178.0,0.0,282.0,272.0,
1770044875344049303,228757,10.624,3.8,9.228,0.0,-0.04,-0.12,-120.44,-2.38,-3.13,0.07,0.02,-0.41,12075.66,178.0,0.0,282.0,272.0,
1770044875456882551,228872,8.836,4.9,10.536,0.0,-0.12,-0.04,-120.44,-2.38,-3.13,0.07,0.0,-0.41,12074.97,178.0,0.0,282.0,272.0,
1770044875585744621,228992,8.828,4.4,10.564,0.0,-0.04,-0.04,-120.44,-2.38,-3.13,0.08,0.03,-0.41,12074.8,178.0,0.0,282.0,272.0,
1770044875698544924,229113,8.904,4.8,10.552,0.0,-0.04,-0.02,-120.44,-2.38,-3.13,0.09,0.03,-0.42,12073.77,175.0,0.0,282.0,272.0,
1770044875809095828,229233,8.816,5.0,10.548,0.2,-0.16,0.08,-120.44,-2.38,-3.13,0.09,0.02,-0.43,12074.63,175.0,0.0,282.0,272.0,
1770044875932021643,229347,9.076,3.8,10.544,0.1,-0.12,-0.1,-120.44,-2.38,-3.13,0.08,0.04,-0.41,12075.66,177.0,0.0,282.0,272.0,
1770044876050755311,229466,8.996,3.9,10.548,0.1,-0.04,-0.04,-120.44,-2.38,-3.13,0.06,0.02,-0.39,12074.8,179.0,0.0,282.0,272.0,
1770044876173675841,229588,9.032,3.5,10.556,0.1,-0.08,-0.12,-120.44,-2.38,-3.13,0.07,0.02,-0.41,12072.57,179.0,0.0,282.0,272.0,
1770044876284219238,229707,9.26,4.4,9.236,1.0,0.02,0.06,-120.44,-2.38,-3.13,0.07,0.01,-0.4,12075.31,179.0,0.0,282.0,272.0,
1770044876407148564,229821,10.616,4.0,9.216,1.4,-0.06,-0.12,-120.44,-2.38,-3.13,0.08,0.0,-0.4,12074.97,176.0,0.0,282.0,272.0,
1770044876525948451,229942,8.828,4.7,10.552,0.2,0.08,-0.04,-120.44,-2.38,-3.13,0.06,0.02,-0.42,12073.94,175.0,0.0,282.0,272.0,
1770044876648806294,230062,8.908,4.7,10.548,-0.1,-0.12,-0.02,-120.44,-2.38,-3.13,0.09,0.04,-0.38,12072.4,176.0,0.0,282.0,272.0,
1770044876763487001,230183,8.832,4.6,9.576,-0.2,-0.1,-0.02,-120.44,-2.38,-3.13,0.08,0.01,-0.43,12077.89,176.0,0.0,282.0,272.0,
1770044876882262554,230297,8.996,3.9,10.556,-0.4,-0.02,-0.1,-120.44,-2.38,-3.13,0.08,0.02,-0.41,12081.83,175.0,0.0,282.0,272.0,
1770044877005152157,230419,8.992,4.3,10.556,0.3,-0.1,0.0,-120.44,-2.38,-3.13,0.1,0.02,-0.38,12080.8,181.0,0.0,282.0,272.0,
1770044877136251890,230540,9.016,3.9,10.556,0.2,0.14,-0.1,-120.44,-2.38,-3.06,0.12,0.0,-0.47,12080.29,175.0,0.0,282.0,272.0,
1770044877259069040,230673,8.992,4.1,10.564,0.2,-0.06,-0.1,-120.44,-2.38,-3.13,0.11,0.0,-0.44,12076.34,178.0,0.0,282.0,272.0,
1770044877373789631,230793,9.016,4.1,9.244,1.1,-0.06,-0.02,-120.44,-2.38,-3.13,0.06,0.01,-0.35,12078.57,178.0,0.0,282.0,272.0,
1770044877492578937,230908,8.88,4.8,9.38,0.3,0.1,-0.2,-120.44,-2.31,-3.19,0.05,0.04,-0.49,12077.72,177.0,0.0,282.0,272.0,
1770044877623733708,231027,9.056,3.8,10.552,0.2,0.08,-0.12,-120.44,-2.25,-3.06,0.04,-0.05,-0.44,12078.4,179.0,0.0,282.0,272.0,
1770044877742421104,231156,10.608,4.0,9.264,0.2,0.0,-0.08,-120.44,-2.25,-3.0,0.06,0.0,-0.44,12077.2,178.0,0.0,282.0,272.0,
1770044877857108972,231278,8.816,4.7,10.568,0.0,-0.12,-0.08,-120.44,-2.19,-2.94,0.76,0.07,0.01,12077.2,178.0,0.0,282.0,272.0,
1770044877975872536,231393,8.932,4.8,10.564,0.2,0.04,-0.04,-120.44,-2.19,-2.94,0.03,-0.06,-0.41,12079.6,178.0,0.0,282.0,272.0,
1770044878098781554,231513,8.908,4.5,10.572,0.1,-0.12,0.02,-120.06,-1.75,-2.94,-0.99,-0.43,0.06,12078.23,174.0,0.0,282.0,272.0,
1770044878221634884,231632,8.896,4.9,10.564,-0.1,-0.1,-0.08,-119.12,0.94,-3.38,-0.42,-0.12,0.2,12079.43,192.0,0.0,282.0,272.0,
1770044878336303763,231755,10.608,4.5,9.392,0.2,-0.1,-0.14,-118.25,5.81,-6.44,0.15,1.31,0.9,12080.46,192.0,0.0,282.0,272.0,
1770044878455110526,231869,9.052,4.0,10.56,0.1,-0.1,-0.04,-117.0,9.31,-7.88,0.08,1.1,1.01,12081.49,241.0,0.0,282.0,272.0,
1770044878573905974,231989,8.988,3.8,10.556,0.1,-0.12,-0.1,-113.87,10.5,-6.88,0.38,1.23,1.28,12082.17,317.0,0.0,282.0,272.0,
1770044878696784101,232109,9.032,4.0,10.564,-0.1,0.02,0.04,-109.81,8.0,-5.0,-0.47,0.99,1.46,12079.09,447.0,0.0,282.0,272.0,
1770044878811474684,232230,9.004,4.0,10.556,0.1,-0.04,0.02,-104.81,3.81,-1.94,-0.85,0.71,0.56,12080.29,447.0,0.0,282.0,272.0,
1770044878909787590,232344,9.004,4.0,10.548,0.2,-0.06,0.08,-98.06,1.44,0.63,-0.7,0.31,-0.63,670.22,552.0,0.0,282.0,272.0,
1770044879008071031,232444,8.988,3.7,10.532,0.1,-0.16,-0.08,-92.12,-0.31,1.44,-0.15,-0.18,-2.39,739.34,552.0,0.0,282.0,272.0,
1770044879110446072,232544,9.244,4.0,10.552,0.0,0.02,0.02,-88.19,-1.37,0.94,-0.15,-1.36,-1.61,816.85,708.0,0.0,282.0,272.0,
1770044879229213143,232644,8.812,4.7,10.544,0.0,0.0,-0.16,-84.75,-1.12,-0.69,-0.44,-1.76,-1.87,12078.92,1156.0,0.0,282.0,272.0,
1770044879348006455,232764,8.84,4.7,9.42,0.7,0.06,-0.08,-79.12,0.81,-5.13,-0.37,-1.33,-1.44,12078.92,1353.0,0.0,282.0,272.0,
1770044879470906113,232883,10.604,4.0,9.276,0.3,0.0,-0.14,-72.62,4.0,-9.75,-0.56,-0.32,-1.01,12079.26,1087.0,0.0,282.0,272.0,
1770044879569209031,233004,8.876,4.7,10.544,0.1,0.0,-0.04,-62.75,7.88,-13.06,-1.5,0.81,-0.53,1146.99,1087.0,0.0,282.0,272.0,
1770044879671638296,233104,8.82,4.9,9.412,0.8,-0.08,-0.14,-51.94,11.44,-12.63,-0.94,0.91,-0.93,1155.4,2017.0,0.0,282.0,272.0,
1770044879790388162,233204,8.98,3.9,9.232,-0.3,0.06,-0.04,-38.69,14.25,-10.38,-0.37,0.33,-1.06,12079.77,1728.0,0.0,282.0,272.0,
1770044879892804112,233325,8.824,5.0,10.144,0.7,-0.06,0.06,-23.5,14.56,-7.38,0.24,0.21,-1.35,1178.2,1728.0,0.0,282.0,272.0,
1770044879991114512,233425,10.612,3.9,9.38,0.8,-0.04,-0.23,-13.25,12.56,-4.56,0.04,-0.18,-0.63,1168.77,1394.0,0.0,282.0,272.0,
1770044880113975108,233525,10.604,4.0,9.4,0.8,-0.04,-0.06,-3.69,9.25,-2.75,-0.54,-0.75,-0.58,12077.2,1461.0,0.0,282.0,272.0,
1770044880228644753,233649,10.616,4.2,9.404,0.2,0.06,-0.04,9.44,6.0,-2.81,-0.81,-0.65,-0.75,12080.12,1461.0,0.0,282.0,272.0,
1770044880347376354,233763,9.0,4.2,9.924,0.2,0.02,-0.04,22.56,6.0,-3.56,-0.93,1.1,-0.53,12077.89,1312.0,0.0,282.0,272.0,
1770044880449845096,233883,8.836,4.8,10.524,-0.2,-0.02,-0.06,30.69,7.38,-3.63,-1.25,1.82,0.07,1144.42,1028.0,0.0,282.0,272.0,
1770044880580910659,233984,8.808,4.7,10.54,0.2,-0.04,-0.06,37.19,7.19,-4.31,-0.99,2.04,0.11,12078.06,1191.0,0.0,282.0,272.0,
1770044880679223740,234114,8.836,4.2,9.436,0.7,-0.06,-0.04,44.44,6.94,-2.13,-0.29,0.72,-1.14,1263.44,1191.0,0.0,282.0,272.0,
1770044880781612628,234214,9.088,3.8,10.532,0.3,0.06,-0.12,50.25,6.25,-0.88,-0.61,0.69,-0.9,1174.09,2896.0,0.0,282.0,272.0,
1770044880879916449,234314,8.984,4.2,10.536,1.3,-0.1,-0.16,55.56,6.19,-0.81,-0.53,0.34,-0.15,1244.23,2896.0,0.0,282.0,272.0,
1770044880982324856,234415,8.828,4.8,10.544,-0.1,0.02,-0.08,61.31,8.19,-0.63,-0.72,0.08,0.49,1182.49,1300.0,0.0,282.0,272.0,
1770044881105222335,234515,8.916,4.8,10.576,0.2,0.02,-0.2,67.44,10.69,-0.94,-1.02,0.23,0.22,12080.8,1629.0,0.0,282.0,272.0,
1770044881207549476,234639,8.844,4.2,9.444,0.8,0.0,-0.1,72.81,11.06,-2.31,-1.04,1.45,-1.28,1198.96,1629.0,0.0,282.0,272.0,
1770044881326339610,234739,10.596,4.5,9.388,0.2,0.04,0.0,74.31,9.75,-2.88,-0.71,1.78,-1.91,12078.57,1348.0,0.0,282.0,272.0,
1770044881424674390,234859,9.084,4.0,10.544,0.2,0.0,0.04,73.25,7.31,-5.88,-0.94,1.27,-1.18,1214.56,1490.0,0.0,282.0,272.0,
1770044881527095866,234959,9.0,4.0,10.524,0.2,0.0,-0.08,69.0,6.06,-6.69,-1.6,1.36,-0.17,1200.5,1490.0,0.0,282.0,272.0,
1770044881645859870,235059,9.044,3.8,10.544,0.0,0.1,-0.1,63.0,6.25,-6.56,-1.95,0.68,0.51,12080.29,1674.0,0.0,282.0,272.0,
1770044881764598650,235179,10.608,4.2,9.288,0.3,0.02,-0.12,55.38,7.5,-5.0,-0.85,0.16,0.02,12080.8,1115.0,0.0,282.0,272.0,
1770044881887517111,235299,8.824,4.6,10.532,0.2,0.04,-0.08,48.88,8.06,-4.06,-0.92,-0.47,-0.04,12082.0,1298.0,0.0,282.0,272.0,
1770044882010396552,235419,8.832,4.0,9.436,0.8,0.06,-0.14,46.75,10.0,-4.88,-1.23,-0.4,-0.23,12078.4,1313.0,0.0,282.0,272.0,
1770044882108711346,235543,9.072,3.6,10.544,0.2,0.1,-0.14,45.0,11.56,-6.81,-1.12,-0.47,-0.11,1226.57,1313.0,0.0,282.0,272.0,
1770044882231528743,235643,8.992,4.0,10.536,0.2,-0.08,-0.1,41.06,12.19,-8.06,-0.72,-0.41,-0.82,12077.54,1182.0,0.0,282.0,272.0,
1770044882329835517,235764,9.076,3.9,10.532,0.1,0.0,-0.14,34.88,11.44,-9.5,-0.7,0.54,-1.48,1276.47,1182.0,0.0,282.0,272.0,
1770044882452755565,235865,9.076,4.2,9.276,0.0,-0.02,-0.18,27.87,10.31,-10.06,-1.57,0.74,-0.39,12080.97,1340.0,0.0,282.0,272.0,
1770044882575660853,235983,8.844,4.9,10.544,0.1,0.08,-0.06,18.56,9.56,-10.19,-2.7,0.87,0.96,12078.4,1328.0,0.0,282.0,272.0,
1770044882673943609,236107,8.936,4.8,9.4,0.2,-0.1,-0.08,10.56,9.56,-9.13,-1.5,0.9,0.03,1234.63,1251.0,0.0,282.0,272.0,
1770044882772223623,236207,9.628,4.4,9.28,1.2,0.06,-0.02,5.0,8.81,-8.81,-1.29,0.36,-0.86,1246.8,1251.0,0.0,282.0,272.0,
1770044882895117281,236307,10.604,4.2,9.796,0.1,-0.14,-0.1,1.63,8.56,-10.06,-1.56,-0.1,-0.75,12079.77,1242.0,0.0,282.0,272.0,
1770044883013823241,236426,8.848,4.7,10.54,0.0,-0.16,0.0,0.69,10.25,-12.25,-0.92,-0.12,-0.6,12079.26,2475.0,0.0,282.0,272.0,
1770044883136779099,236549,8.932,4.7,10.548,0.2,-0.06,0.1,-0.37,11.13,-14.94,-1.27,-0.16,-0.12,12077.03,2495.0,0.0,282.0,272.0,
1770044883255521554,236669,8.912,4.8,10.56,0.2,-0.06,-0.08,-2.19,10.31,-17.56,-1.22,-0.61,-0.62,12078.4,2286.0,0.0,282.0,272.0,
1770044883370214961,236789,8.868,5.1,10.548,0.0,-0.08,0.04,-3.69,8.56,-19.5,-1.44,-0.42,-1.62,12079.6,2286.0,0.0,282.0,272.0,
1770044883501323711,236902,8.896,4.9,9.42,0.2,-0.04,-0.16,-6.88,5.94,-20.81,-0.98,-0.6,-1.65,12079.95,1643.0,0.0,282.0,272.0,
1770044883624201456,237035,9.084,3.9,9.288,0.0,-0.2,-0.14,-14.0,2.56,-21.12,-3.07,-0.47,-0.57,12077.54,1308.0,0.0,282.0,272.0,
1770044883747074737,237157,8.936,4.8,9.416,0.0,0.06,-0.1,-17.06,0.75,-18.75,-1.58,-0.2,-1.08,12078.57,1518.0,0.0,282.0,272.0,
1770044883857598447,237278,9.088,3.8,10.556,0.1,-0.12,-0.04,-18.19,-2.69,-16.12,-1.49,-0.95,-0.88,12079.6,1518.0,0.0,282.0,272.0,
1770044883980609972,237391,9.024,4.2,10.54,0.2,0.02,-0.18,-19.06,-5.06,-15.31,-1.19,-0.25,-1.11,12079.26,1140.0,0.0,282.0,272.0,
1770044884103429138,237512,9.072,3.9,10.552,0.2,-0.18,-0.02,-20.37,-5.75,-16.25,-1.02,-0.31,-0.44,12080.12,954.0,0.0,282.0,272.0,
1770044884222167532,237636,9.096,3.7,10.568,0.1,-0.06,-0.08,-21.44,-4.44,-17.75,-0.85,0.29,-0.7,12079.43,1215.0,0.0,282.0,272.0,
1770044884336868101,237755,9.076,3.9,10.548,0.0,-0.04,-0.06,-21.12,-3.44,-17.94,-0.42,-0.12,0.05,12080.12,1215.0,0.0,282.0,272.0,
1770044884455692682,237870,9.016,3.9,10.548,0.1,-0.06,0.06,-20.37,-3.63,-16.62,-0.52,0.09,0.44,12079.43,826.0,0.0,282.0,272.0,
1770044884578562329,237988,10.604,4.5,10.544,-0.1,-0.04,-0.1,-20.25,-5.25,-13.94,-0.28,0.48,0.35,12080.12,695.0,0.0,282.0,272.0,
1770044884701419512,238111,8.856,4.9,10.544,0.0,-0.04,-0.06,-19.75,-7.0,-11.06,0.37,-0.12,1.0,12077.72,558.0,0.0,282.0,272.0,
1770044884820212834,238232,8.94,5.0,10.544,0.2,-0.06,-0.16,68.19,-9.0,-10.0,-0.38,1.12,0.26,12077.72,424.0,0.0,282.0,272.0,
1770044884930768706,238351,9.092,3.9,9.288,1.4,0.02,-0.16,72.12,-9.75,-9.19,-0.54,-0.31,0.35,12078.92,424.0,0.0,282.0,272.0,
1770044885053641869,238465,8.904,4.7,10.556,0.0,0.0,0.0,76.44,-8.25,-8.0,-0.12,0.21,-0.29,12080.29,317.0,0.0,282.0,272.0,
1770044885176649866,238587,8.912,4.9,10.564,0.0,-0.08,0.14,80.12,-5.25,-4.94,0.02,0.24,-0.96,12078.23,304.0,0.0,282.0,272.0,
1770044885287068767,238706,8.844,4.8,9.368,0.1,0.02,-0.02,82.87,-4.25,-2.63,-0.59,0.48,-0.66,12078.4,304.0,0.0,282.0,272.0,
1770044885410017262,238821,9.016,4.0,10.556,0.1,0.02,0.1,84.25,-5.13,-1.19,-1.04,0.18,0.86,12078.4,236.0,0.0,282.0,272.0,
1770044885532908126,238943,9.02,4.2,10.572,0.0,-0.08,-0.06,84.31,-4.13,-1.44,0.85,0.55,-0.32,12080.46,189.0,0.0,282.0,272.0,
1770044885651657626,239065,9.08,3.9,9.976,0.0,0.06,-0.04,84.31,-4.5,-0.94,-1.06,-0.37,-0.19,12079.6,188.0,0.0,282.0,272.0,
1770044885774557231,239185,8.96,4.2,9.404,0.0,0.12,-0.06,84.12,-4.0,-0.88,0.33,0.48,-0.29,12079.77,183.0,0.0,282.0,272.0,
1770044885889246277,239304,9.02,4.2,10.568,0.0,-0.21,-0.21,84.19,-3.94,-0.94,-0.27,0.41,-0.39,12080.12,183.0,0.0,282.0,272.0,
1770044886008052279,239420,9.012,3.6,10.564,0.1,0.1,-0.16,84.19,-4.19,-1.37,-0.18,0.13,-0.4,12080.29,185.0,0.0,282.0,272.0,
1770044886130939711,239540,9.0,4.0,10.548,0.0,-0.04,-0.08,84.94,-3.25,-1.12,-0.45,-0.46,-0.6,12078.92,173.0,0.0,282.0,272.0,
1770044886249669688,239662,9.02,4.1,10.576,0.2,-0.04,-0.02,90.44,1.44,0.69,1.79,0.7,-1.63,12078.4,173.0,0.0,282.0,272.0,
1770044886364353414,239781,9.088,4.1,10.576,-0.1,-0.08,-0.06,93.37,0.37,-0.12,-2.91,1.21,0.28,12079.26,173.0,0.0,282.0,272.0,
1770044886483162448,239896,9.084,4.1,10.584,0.1,0.0,-0.04,93.62,0.63,-0.31,-0.46,-0.26,-0.28,12080.12,175.0,0.0,282.0,272.0,
1770044886614234587,240015,9.076,4.1,9.276,1.0,0.08,-0.16,94.25,0.63,-0.56,-0.41,0.11,-0.46,12079.09,174.0,0.0,282.0,272.0,
1770044886733061158,240144,10.636,4.8,10.584,-0.2,0.02,-0.04,94.0,0.5,-0.69,-0.25,0.21,-0.42,12079.6,178.0,0.0,282.0,272.0,
1770044886847709346,240264,8.924,4.0,9.404,0.6,0.0,-0.02,94.19,0.31,-0.69,-0.23,0.23,-0.49,12080.63,178.0,0.0,282.0,272.0,
1770044886966491454,240378,9.112,4.2,10.664,1.2,0.12,0.0,94.12,0.12,-0.88,-0.23,0.21,-0.42,12079.95,180.0,0.0,282.0,272.0,
1770044887085242613,240497,8.904,4.4,10.32,0.2,-0.14,0.02,94.06,0.0,-1.06,-0.2,0.18,-0.4,12078.75,173.0,0.0,282.0,272.0,
1770044887208102003,240617,9.052,4.2,10.58,0.1,-0.06,0.02,94.0,-0.12,-1.19,-0.16,0.17,-0.45,12079.77,177.0,0.0,282.0,272.0,
1770044887322803651,240741,9.108,4.2,10.58,0.0,-0.02,-0.08,93.81,-0.25,-1.31,-0.15,0.14,-0.42,12079.26,177.0,0.0,282.0,272.0,
1770044887441608717,240855,9.128,4.0,10.576,0.1,-0.04,-0.1,93.56,-0.31,-1.37,-0.15,0.12,-0.43,12079.09,179.0,0.0,282.0,272.0,
1770044887570441304,240973,9.108,3.9,10.572,-0.2,-0.06,-0.08,93.44,-0.37,-1.44,-0.12,0.11,-0.44,12077.37,177.0,0.0,282.0,272.0,
1770044887687368517,241093,9.056,3.8,10.564,0.1,0.14,-0.06,93.25,-0.44,-1.5,-0.1,0.1,-0.42,12079.77,181.0,0.0,282.0,272.0,
1770044887797986802,241216,8.976,5.1,10.572,-0.2,-0.02,0.02,93.06,-0.5,-1.56,-0.11,0.11,-0.41,12080.97,181.0,0.0,282.0,272.0,
1770044887920848637,241330,10.636,4.2,10.564,0.1,-0.1,-0.16,92.94,-0.5,-1.56,-0.09,0.08,-0.44,12080.46,176.0,0.0,282.0,272.0,
1770044888039641609,241451,9.052,4.1,10.572,0.0,0.04,-0.08,92.87,-0.56,-1.63,-0.09,0.09,-0.41,12079.26,179.0,0.0,282.0,272.0,
1770044888162511884,241570,9.068,3.8,9.808,0.0,-0.04,0.02,92.81,-0.63,-1.69,-0.08,0.07,-0.39,12078.4,177.0,0.0,282.0,272.0,
1770044888277144803,241692,8.984,4.9,10.572,0.2,0.02,-0.04,92.69,-0.63,-1.69,-0.1,0.06,-0.42,12079.09,177.0,0.0,282.0,272.0,
1770044888395907123,241808,8.896,4.6,10.584,0.0,0.02,-0.06,92.69,-0.63,-1.69,-0.08,0.08,-0.44,12078.92,175.0,0.0,282.0,272.0,
1770044888518854806,241928,8.976,5.1,9.904,0.1,0.12,-0.02,92.5,-0.63,-1.69,-0.08,0.06,-0.43,12079.95,176.0,0.0,282.0,272.0,
1770044888641728970,242050,9.316,4.2,9.296,1.1,-0.23,-0.08,92.44,-0.63,-1.69,-0.08,0.08,-0.44,12082.52,177.0,0.0,282.0,272.0,
1770044888756386187,242170,8.976,4.9,10.568,0.1,-0.04,0.04,92.44,-0.63,-1.69,-0.07,0.09,-0.41,12081.15,177.0,0.0,282.0,272.0,
1770044888879293777,242288,8.98,4.7,10.572,0.1,0.0,0.02,92.44,-0.63,-1.69,-0.07,0.07,-0.43,12079.43,180.0,0.0,282.0,272.0,
1770044888998064504,242410,10.68,4.4,9.4,0.7,0.04,0.0,92.44,-0.63,-1.69,-0.08,0.05,-0.42,12078.75,172.0,0.0,282.0,272.0,
1770044889120965701,242529,10.676,4.7,9.416,0.8,0.04,-0.06,92.44,-0.63,-1.69,-0.08,0.08,-0.39,12075.49,174.0,0.0,282.0,272.0,
1770044889239675793,242650,9.128,3.9,10.568,0.1,-0.02,0.04,92.44,-0.63,-1.69,-0.08,0.06,-0.42,12079.26,181.0,0.0,282.0,272.0,
1770044889354386339,242771,9.072,4.0,10.576,0.3,-0.14,-0.23,92.44,-0.63,-1.69,-0.08,0.09,-0.43,12079.43,181.0,0.0,282.0,272.0,
1770044889477304740,242886,9.1,4.1,9.304,1.1,0.12,-0.04,92.44,-0.63,-1.69,-0.09,0.08,-0.41,12079.43,178.0,0.0,282.0,272.0,
1770044889604279539,243007,10.68,4.6,10.576,0.1,-0.08,0.0,92.44,-0.63,-1.69,-0.08,0.07,-0.42,12077.54,183.0,0.0,282.0,272.0,
1770044889727153957,243135,8.912,4.9,10.568,0.0,-0.1,-0.02,92.44,-0.63,-1.69,-0.08,0.08,-0.45,12078.92,178.0,0.0,282.0,272.0,
1770044889841818095,243258,8.988,4.6,10.576,0.0,-0.04,-0.04,92.44,-0.63,-1.69,-0.08,0.07,-0.42,12077.37,178.0,0.0,282.0,272.0,
1770044889964717866,243374,8.996,4.9,10.564,-0.1,-0.16,0.04,92.44,-0.63,-1.69,-0.09,0.06,-0.41,12080.12,178.0,0.0,282.0,272.0,
1770044890083504772,243493,8.912,6.8,10.384,0.2,0.06,0.35,92.44,-0.63,-1.69,-0.08,0.08,-0.44,12079.95,173.0,0.0,282.0,272.0,
1770044890206379222,243613,10.556,12.5,10.272,0.1,-0.02,1.15,92.44,-0.63,-1.69,-0.08,0.07,-0.42,12076.34,171.0,0.0,0.7,282.0,272.0
1770044890325109310,243735,8.912,17.9,10.532,0.3,-0.14,0.64,92.44,-0.63,-1.69,-0.09,0.07,-0.44,12078.75,171.0,0.0,2.2,282.0,272.0
1770044890448026614,243856,10.092,48.7,9.952,1.6,-0.04,2.64,92.44,-0.63,-1.69,-0.08,0.07,-0.44,12068.28,178.0,0.0,5.97,282.0,272.0
1770044890566822129,243977,8.944,23.6,10.52,0.9,0.06,1.45,91.5,-1.12,-1.69,-0.61,-0.66,0.57,12057.99,180.0,0.0,16.01,282.0,272.0
1770044890689707932,244098,10.292,41.9,10.488,1.4,-0.18,0.92,90.81,-1.12,-1.88,-0.17,0.12,-0.39,12053.53,173.0,0.0,20.18,282.0,272.0
1770044890808489632,244219,9.044,35.9,10.532,0.5,0.0,1.41,89.37,-1.12,-2.13,-0.09,0.06,-0.43,12053.53,173.0,0.0,22.7,282.0,272.0
1770044890927255850,244337,10.6,37.8,10.496,1.4,-0.04,0.98,88.44,-1.12,-2.25,0.0,0.0,-0.39,12052.33,180.0,0.0,21.73,282.0,272.0
1770044891050141615,244458,10.544,35.0,10.484,-0.8,-0.04,1.17,87.56,-1.19,-2.38,-0.31,-0.14,-0.15,12053.19,179.0,0.0,20.71,282.0,272.0
1770044891173020858,244581,9.012,38.6,10.128,-2.1,0.18,1.02,86.75,-1.25,-2.56,0.12,0.16,-0.57,12053.02,176.0,0.0,19.49,282.0,272.0
1770044891291770461,244702,10.156,41.5,10.488,-1.2,0.0,1.48,85.94,-1.44,-2.69,0.2,0.1,-0.49,12057.82,176.0,0.0,19.43,282.0,272.0
1770044891414682408,244820,9.228,50.9,10.176,0.9,0.02,1.5,85.12,-1.56,-2.81,0.06,0.13,-0.49,12057.31,179.0,0.0,17.51,282.0,272.0
1770044891533473011,244943,10.064,51.7,10.488,-2.4,0.08,1.56,84.37,-1.69,-2.94,-0.09,0.1,-0.48,12060.39,188.0,0.0,17.4,282.0,272.0
1770044891656346013,245063,10.552,51.2,9.316,-1.7,0.16,1.5,83.62,-1.75,-3.0,-0.01,-0.02,-0.44,12062.62,182.0,1.38,12.42,282.0,272.0
1770044891783310525,245186,9.744,41.3,10.392,-35.9,1.09,2.4,83.19,-1.75,-3.06,-0.05,-0.01,-0.37,12029.87,173.0,22.96,12.53,282.0,272.0
1770044891897997859,245311,10.196,41.6,10.192,-101.7,1.74,1.46,83.25,-1.69,-3.31,0.34,0.34,-0.35,12000.37,173.0,49.95,14.99,282.0,272.0
1770044892020926843,245426,8.568,31.2,10.04,0.0,1.15,1.68,84.12,-1.75,-3.5,-0.18,0.63,-0.41,11983.56,179.0,61.8,15.62,282.0,272.0
1770044892139692924,245549,0.224,43.7,10.392,-70.2,1.5,2.36,85.87,-1.69,-3.5,0.23,0.05,-0.12,11971.56,183.0,65.26,19.65,282.0,272.0
1770044892266662820,245669,8.46,53.4,10.368,-61.5,1.8,1.37,87.5,-1.75,-3.56,0.4,0.17,-0.9,11977.22,182.0,62.98,19.85,282.0,272.0
1770044892385417937,245796,10.132,45.4,9.488,-103.0,1.07,1.48,89.25,-1.75,-3.5,0.01,0.96,-0.52,11960.92,182.0,68.07,26.66,282.0,272.0
1770044892514237520,245912,9.852,129.0,10.128,-65.5,1.45,2.23,90.37,-1.88,-3.44,-0.38,0.44,-1.07,11915.99,181.0,65.57,62.81,282.0,272.0
1770044892641227009,246035,8.864,122.5,10.276,-71.5,0.72,2.05,90.31,-1.69,-3.5,-0.36,-1.16,0.1,11888.89,186.0,64.19,91.11,282.0,272.0
1770044892758152571,246162,9.912,91.8,8.876,-58.9,0.86,0.8,88.81,-1.63,-3.63,0.92,0.51,-0.52,11880.49,182.0,65.13,98.68,282.0,272.0
1770044892881068921,246285,10.296,125.9,8.932,-78.7,1.23,1.74,87.31,-1.56,-3.88,0.25,-0.2,-0.28,11886.84,180.0,66.41,92.42,284.0,272.0
1770044892999814816,246411,10.08,168.6,9.808,-165.7,1.64,1.6,86.06,-1.56,-4.0,-2.85,0.56,0.36,11846.53,180.0,91.92,91.22,284.0,272.0
1770044893122660439,246528,10.076,148.1,9.744,-165.2,1.64,1.64,86.0,-1.69,-3.75,0.68,-1.68,-0.45,11804.52,178.0,124.6,93.1,284.0,272.0
1770044893245516118,246650,10.264,53.6,10.156,-211.0,1.58,1.09,87.12,-1.81,-3.44,-1.91,-0.37,-0.43,11791.83,186.0,139.42,91.11,284.0,272.0
1770044893368437298,246772,10.056,91.4,9.52,-265.2,1.93,0.8,88.81,-1.81,-3.44,-0.99,-0.6,0.2,11780.68,188.0,152.4,91.16,284.0,274.0
1770044893483159254,246897,8.516,106.8,10.044,-231.9,1.5,1.46,91.37,-1.75,-4.19,1.96,-1.95,-0.24,11766.44,188.0,161.33,92.7,284.0,274.0
1770044893606003970,247013,10.136,148.0,8.872,-166.3,0.94,2.23,93.44,-2.31,-3.69,2.37,-1.57,1.15,11765.59,186.0,163.58,95.25,284.0,274.0
1770044893728888149,247135,8.368,164.7,8.988,-190.1,2.15,2.07,95.69,-2.75,-2.88,-0.85,0.38,0.45,11751.18,181.0,155.3,109.05,286.0,274.0
1770044893851730642,247257,8.848,132.2,9.772,-291.2,1.7,1.23,97.69,-2.31,-2.69,6.57,0.02,3.05,11730.94,186.0,153.92,126.31,286.0,274.0
1770044893978746702,247382,8.676,202.6,10.048,-230.2,1.58,1.17,98.5,-2.56,-2.44,0.36,0.78,0.78,11709.85,174.0,160.45,137.91,286.0,274.0
1770044894093418321,247505,9.108,172.4,10.06,-170.4,2.03,2.11,99.0,-3.0,-2.25,0.63,-0.98,0.12,11705.39,174.0,156.79,147.36,286.0,274.0
1770044894216257773,247622,9.336,182.2,9.432,-225.0,1.97,1.6,99.25,-2.88,-2.25,2.18,-1.1,0.36,11702.13,171.0,155.99,153.22,286.0,274.0
1770044894347364413,247745,10.108,168.6,10.08,-169.3,1.68,1.29,99.44,-2.5,-2.44,2.02,1.6,-1.86,11687.04,174.0,160.33,154.26,286.0,276.0
1770044894470230625,247874,9.148,227.7,9.432,-163.2,1.39,1.86,99.37,-3.0,-2.69,-1.41,0.69,-1.1,11699.56,182.0,161.23,151.44,286.0,276.0
1770044894589025550,247998,10.036,153.5,9.772,-241.1,2.15,1.07,99.5,-3.06,-2.44,3.14,-1.34,3.26,11702.65,182.0,154.85,152.0,288.0,276.0
1770044894711915651,248117,8.684,128.5,9.264,-137.5,1.02,0.64,99.87,-2.75,-2.5,0.56,0.02,-0.64,11694.76,178.0,158.75,154.61,288.0,276.0
1770044894838883206,248239,10.028,189.1,10.064,0.0,1.11,1.37,99.62,-3.06,-2.5,2.25,0.84,-0.51,11699.56,178.0,158.98,150.22,288.0,276.0
1770044894961759899,248366,8.684,210.1,10.0,-259.4,1.74,1.76,99.69,-2.81,-2.5,-0.76,-0.72,-0.45,11710.36,174.0,156.96,150.22,288.0,276.0
1770044895076450202,248487,8.6,163.5,9.088,-184.8,1.74,1.11,100.06,-2.5,-2.38,-2.38,0.32,0.47,11701.96,174.0,158.25,152.44,288.0,278.0
1770044895199281835,248604,8.5,180.6,9.736,-191.2,1.5,1.29,99.81,-2.63,-2.25,1.24,-1.04,0.03,11703.85,178.0,160.19,151.98,288.0,278.0
1770044895326294738,248728,8.56,199.6,10.016,-228.5,1.7,0.92,100.0,-2.63,-2.44,-1.44,-0.63,0.18,11710.71,173.0,152.66,147.87,290.0,278.0
1770044895449166243,248853,9.784,154.2,9.26,-217.8,1.0,1.31,100.25,-2.25,-2.44,1.05,-2.99,1.91,11696.13,174.0,157.8,153.82,290.0,278.0
1770044895572057674,248978,10.152,144.0,9.416,-174.4,1.09,1.17,99.94,-2.5,-2.38,0.85,-0.39,-0.51,11704.19,171.0,158.14,152.66,290.0,278.0
1770044895690844335,249100,8.828,215.7,9.884,-247.5,1.8,1.23,99.87,-2.56,-2.56,-1.47,1.0,-2.1,11714.14,171.0,155.56,147.0,290.0,278.0
1770044895821870284,249218,8.636,133.7,10.0,-174.2,1.54,1.7,100.0,-2.38,-2.69,-1.81,-0.21,0.9,11705.73,178.0,155.99,151.15,290.0,278.0
1770044895924317928,249351,8.236,162.0,8.62,-187.8,1.6,1.48,99.94,-2.38,-2.69,-0.09,-0.76,-1.73,170.3,175.0,157.88,152.62,290.0,280.0
1770044896047185672,249451,10.008,212.2,10.028,-185.2,1.11,1.86,99.81,-2.75,-3.0,-1.16,0.14,0.03,11709.85,178.0,156.59,148.71,292.0,280.0
1770044896165948552,249575,9.288,248.1,9.484,-197.8,1.99,1.78,100.44,-2.63,-2.81,-4.06,0.81,1.11,11694.76,178.0,156.17,151.86,292.0,280.0
1770044896292901747,249693,10.108,200.6,9.108,-178.7,1.04,0.78,100.25,-2.5,-3.06,2.57,2.19,0.47,11698.19,179.0,160.33,151.57,292.0,280.0
1770044896411678034,249820,9.536,181.1,10.052,-160.6,1.62,1.76,99.75,-2.69,-3.19,-1.51,-1.16,1.06,11705.05,177.0,156.96,149.55,292.0,280.0
1770044896534663315,249940,9.228,216.3,9.512,-206.7,2.05,1.52,99.94,-2.63,-3.13,1.09,-2.26,-0.08,11706.93,180.0,154.49,149.62,292.0,280.0
1770044896649292741,250061,9.844,138.3,10.028,-161.3,1.11,0.72,100.12,-2.5,-3.25,-0.59,1.46,-1.1,11697.33,180.0,161.09,154.5,292.0,282.0
1770044896776273825,250178,10.068,154.5,8.812,-165.0,1.66,1.29,99.56,-2.5,-3.25,1.36,-0.47,-1.17,11700.59,175.0,161.45,154.49,294.0,282.0
1770044896894983797,250303,9.608,196.1,9.504,0.0,2.17,0.74,99.75,-2.31,-3.38,0.48,0.45,-2.65,11709.16,182.0,154.26,148.87,294.0,282.0
1770044897017916002,250424,10.112,207.2,9.988,-231.4,1.04,1.39,99.94,-2.25,-3.06,-0.1,-0.39,-1.2,11692.18,179.0,160.13,153.22,294.0,282.0
1770044897136673323,250544,8.52,138.9,9.84,0.0,1.33,0.72,99.62,-2.25,-3.25,-1.83,0.13,-0.3,11696.64,182.0,157.88,155.08,294.0,282.0
1770044897255448126,250664,8.372,252.5,9.32,0.0,1.37,1.17,99.62,-2.13,-3.19,-3.63,-0.13,1.62,11698.87,182.0,156.07,150.26,294.0,282.0
1770044897378368383,250782,10.044,106.7,9.776,0.0,1.56,1.21,99.69,-2.13,-3.0,0.38,-0.94,-2.02,11704.36,183.0,156.68,150.46,294.0,282.0
1770044897501243195,250904,8.372,100.3,9.828,-167.4,1.05,0.9,99.75,-1.94,-2.75,-0.62,-0.41,0.16,11699.56,183.0,159.51,154.72,296.0,284.0
1770044897624118526,251027,9.468,204.1,9.988,-244.9,1.52,1.56,99.87,-1.94,-2.94,-0.55,-0.42,-1.11,11711.91,176.0,152.66,146.5,296.0,284.0
1770044897722441579,251150,9.732,239.4,9.156,-241.4,1.15,1.54,99.94,-2.06,-2.69,0.09,0.04,-0.29,168.93,176.0,150.1,144.61,296.0,284.0
1770044897845298687,251249,10.124,194.2,8.936,-146.4,1.35,1.56,100.19,-2.13,-2.44,-2.02,1.0,-1.92,11696.99,179.0,159.75,153.01,296.0,284.0
1770044897968175277,251372,9.888,146.3,8.768,-162.0,1.84,0.55,100.0,-2.0,-2.5,-5.61,0.23,0.64,11704.87,177.0,155.4,149.24,296.0,284.0
1770044898091061384,251494,9.512,0.0,9.812,-207.5,1.37,1.84,100.31,-2.06,-2.75,1.93,1.78,-0.98,11710.53,179.0,155.99,147.01,296.0,284.0
1770044898209792071,251616,9.992,153.0,8.716,-240.1,2.01,1.37,100.56,-2.25,-2.31,-0.44,-0.93,0.07,11694.07,179.0,159.85,153.42,296.0,286.0
1770044898312198797,251738,9.64,155.0,10.04,-170.8,1.6,1.37,100.31,-2.13,-2.38,0.64,-1.75,-1.48,169.1,181.0,157.88,150.37,298.0,286.0
1770044898435115496,251838,10.012,171.0,10.0,-206.6,1.6,1.37,100.69,-2.13,-3.06,1.72,0.35,0.41,11711.56,185.0,156.52,149.09,298.0,286.0
1770044898557993601,251960,8.496,222.3,8.532,-209.3,1.13,1.45,101.0,-2.44,-2.5,1.61,2.05,-1.72,11700.42,173.0,158.9,149.4,298.0,286.0
1770044898680878020,252085,9.856,189.3,8.612,-152.3,1.31,1.29,101.5,-2.25,-2.44,0.17,0.66,-1.01,11697.84,173.0,158.5,150.72,298.0,286.0
1770044898803765903,252206,9.696,143.2,10.008,-244.6,1.78,1.58,101.69,-2.19,-2.69,0.05,-0.36,-1.47,11708.13,181.0,155.71,147.02,298.0,286.0
1770044898902052620,252328,9.168,142.8,9.928,-208.3,1.54,0.78,101.81,-2.63,-2.31,-2.72,-0.71,0.09,180.59,181.0,157.43,148.27,298.0,286.0
1770044899024944336,252428,8.72,203.9,9.428,-140.2,1.25,1.41,101.94,-2.5,-2.06,-0.33,1.01,-0.38,11698.53,173.0,161.23,151.19,300.0,288.0
1770044899147784955,252551,9.448,121.7,9.992,-257.8,1.86,0.84,102.0,-2.25,-2.25,-0.56,-1.3,0.86,11710.02,177.0,155.3,149.08,300.0,288.0
1770044899270648631,252673,8.916,197.2,8.736,-192.1,1.89,1.0,102.12,-2.44,-2.31,0.68,0.61,-1.97,11706.08,181.0,155.99,147.01,300.0,288.0
1770044899393568992,252797,8.684,175.3,10.056,-132.2,0.98,1.62,102.5,-2.69,-1.94,-0.98,-1.44,-0.25,11700.93,177.0,158.3,150.89,300.0,288.0
1770044899516446168,252918,9.864,167.0,10.036,-166.7,1.78,1.15,102.87,-2.38,-2.13,0.94,0.32,-1.19,11709.5,177.0,153.22,151.84,300.0,288.0
1770044899635222223,253041,8.132,236.8,9.964,-196.8,1.86,1.04,103.19,-2.69,-2.56,-2.4,-0.1,-0.32,11707.28,177.0,156.89,147.54,300.0,288.0
1770044899762206112,253159,9.996,291.0,8.904,-164.7,1.29,2.09,103.12,-3.25,-2.13,-2.22,-1.99,2.58,11702.99,175.0,158.75,149.08,300.0,288.0
1770044899885085528,253287,8.404,193.6,10.028,-248.3,1.89,0.88,103.12,-2.56,-2.56,6.87,-4.0,6.79,11705.39,178.0,153.94,153.28,302.0,290.0
1770044900003850750,253409,8.168,219.7,10.012,-217.5,1.37,1.56,103.31,-2.94,-3.38,1.24,0.43,-0.41,11704.53,184.0,157.37,147.01,302.0,290.0
1770044900122661173,253531,10.104,179.2,8.58,-229.2,1.31,1.25,103.0,-3.44,-2.81,1.12,-1.97,0.96,11705.39,184.0,158.25,148.08,302.0,290.0
1770044900249585631,253647,9.652,132.8,9.404,-216.8,1.43,1.02,103.12,-3.13,-3.25,-1.42,-1.47,-1.62,11706.25,175.0,154.83,152.79,302.0,290.0
1770044900372467489,253774,10.128,196.3,10.016,-238.5,1.45,1.23,103.0,-2.81,-3.56,1.02,0.52,-0.7,11712.25,182.0,155.81,148.52,302.0,290.0
1770044900495379051,253897,9.544,202.4,9.356,-185.0,1.23,1.68,102.81,-3.5,-3.31,0.4,1.07,1.79,11699.9,181.0,159.58,151.43,302.0,290.0
1770044900618237167,254021,9.664,162.7,9.108,-212.2,1.29,1.52,103.06,-3.19,-3.25,-0.64,0.78,-0.99,11698.7,181.0,158.75,154.61,304.0,292.0
1770044900736997608,254144,9.436,156.4,10.02,-172.4,1.07,1.39,103.06,-2.69,-3.5,0.06,-0.27,-1.44,11697.84,181.0,156.89,154.73,304.0,292.0
1770044900859916855,254264,10.036,219.6,8.432,-157.9,1.0,1.58,102.62,-3.19,-3.31,3.02,0.79,0.95,11703.67,182.0,156.96,148.87,304.0,292.0
1770044900982790287,254386,9.032,114.2,8.772,-213.2,1.58,1.35,102.69,-3.06,-3.13,0.44,2.18,-3.18,11701.62,173.0,157.37,153.22,304.0,292.0
1770044901105684883,254509,10.072,92.4,9.428,-209.1,1.35,1.29,103.06,-2.5,-3.44,0.81,0.21,0.44,11694.58,185.0,157.37,151.84,304.0,292.0
1770044901224421098,254629,9.444,236.8,8.736,-142.8,1.09,1.54,102.94,-2.88,-2.94,-1.12,2.44,1.82,11706.08,185.0,157.61,147.54,304.0,292.0
1770044901347324267,254749,8.188,199.5,10.008,-183.3,1.29,1.56,102.75,-3.0,-2.63,-5.27,-0.1,-1.36,11702.65,177.0,159.58,152.79,306.0,292.0
1770044901466092779,254871,8.264,182.8,8.712,-171.3,1.78,1.31,103.31,-2.44,-2.81,0.98,-0.38,1.08,11702.99,173.0,154.61,151.84,306.0,294.0
1770044901588982838,254991,9.38,178.8,10.016,-147.0,1.33,0.61,103.0,-2.75,-2.75,0.0,1.17,-1.98,11699.9,174.0,158.59,150.16,306.0,294.0
1770044901707774091,255113,8.484,170.7,9.576,-186.4,1.21,1.56,102.87,-3.0,-2.44,0.0,-0.16,0.46,11702.82,174.0,157.61,150.42,306.0,294.0
1770044901830651204,255233,9.672,128.6,9.096,-202.1,1.52,1.45,103.25,-2.38,-2.56,0.05,-1.05,-0.3,11702.13,179.0,155.61,152.24,306.0,294.0
1770044901949427494,255355,10.092,176.6,9.248,-198.4,1.56,1.58,103.0,-2.56,-2.75,0.17,1.28,-1.49,11696.64,183.0,158.14,147.87,306.0,294.0
1770044902080566995,255475,10.0,230.4,10.032,-171.3,1.35,1.97,102.69,-3.06,-2.63,-1.17,0.24,0.47,11707.62,175.0,159.21,150.01,308.0,294.0
1770044902207459613,255605,9.708,125.2,8.72,-271.3,1.8,1.45,103.19,-2.31,-2.63,-0.8,0.13,-0.94,11701.27,180.0,153.1,149.91,308.0,296.0
1770044902322091446,255731,10.136,174.8,10.08,-196.3,1.82,1.0,102.94,-2.25,-2.69,-1.83,0.66,0.38,11703.85,180.0,158.5,154.96,308.0,296.0
1770044902445035761,255848,9.12,234.0,9.004,-149.5,0.76,2.11,102.75,-2.63,-2.63,0.91,0.16,-0.7,11705.56,176.0,158.75,147.7,308.0,296.0
1770044902567928261,255971,9.556,178.2,10.04,-201.2,1.58,1.41,103.06,-2.31,-2.5,-0.37,0.52,-0.79,11706.59,175.0,154.03,149.93,308.0,296.0
1770044902694896399,256093,10.06,115.5,10.02,-232.7,1.78,0.63,103.12,-1.88,-2.56,2.47,0.56,0.01,11696.13,176.0,158.14,151.29,308.0,296.0
1770044902817773176,256219,8.816,0.0,9.26,-148.4,1.09,1.91,102.75,-2.44,-2.44,-2.16,0.48,1.22,11708.13,176.0,156.47,147.19,310.0,296.0
1770044902936560463,256343,10.088,216.0,8.864,-209.5,1.13,1.31,103.0,-2.19,-2.31,-0.87,0.6,0.02,11704.53,176.0,156.17,151.14,310.0,296.0
1770044903059430665,256460,10.048,0.0,8.984,-217.2,1.29,1.48,103.06,-1.75,-2.44,0.41,0.86,0.27,11699.56,177.0,158.9,152.11,310.0,298.0
1770044903186388521,256584,8.476,233.6,10.0,-213.0,1.68,1.54,102.75,-2.25,-2.44,-0.33,-1.1,-0.13,11707.45,176.0,157.37,147.01,310.0,298.0
1770044903309246962,256709,9.956,240.1,9.728,-206.4,1.56,1.62,102.87,-2.19,-2.19,1.43,-0.28,2.11,11705.73,174.0,155.04,149.03,310.0,298.0
1770044903423978331,256832,9.132,179.2,9.108,-237.6,1.43,1.58,103.19,-1.5,-2.56,2.65,1.64,-0.7,11698.87,174.0,156.89,151.86,310.0,298.0
1770044903546851476,256950,10.052,166.5,9.352,-184.3,1.58,1.23,102.69,-1.94,-2.63,-0.72,-0.4,0.49,11708.13,175.0,154.72,148.56,310.0,298.0
1770044903673824666,257072,9.648,208.6,8.824,0.0,1.25,0.51,102.56,-2.19,-2.44,-0.25,-2.06,0.38,11709.16,175.0,155.3,151.15,312.0,298.0
1770044903796703496,257198,8.216,193.6,9.996,-239.3,1.45,1.07,103.0,-1.56,-2.63,-1.78,0.21,-1.16,11699.39,176.0,156.28,151.57,312.0,300.0
1770044903915488872,257319,9.468,105.8,8.852,-223.4,1.09,1.33,102.5,-1.81,-2.56,-1.54,1.77,-3.22,11706.59,176.0,156.38,148.6,312.0,300.0
1770044904034242174,257437,9.448,150.5,9.996,-199.2,0.8,1.54,102.44,-2.06,-2.63,3.02,1.32,-0.48,11711.73,174.0,155.88,148.92,312.0,300.0
1770044904136674960,257560,10.008,188.7,9.896,-247.4,1.33,0.72,102.75,-1.56,-2.63,0.65,0.15,1.65,156.41,172.0,148.51,146.98,312.0,300.0
1770044904234964476,257660,8.356,174.5,9.724,-181.0,1.04,0.63,102.87,-1.31,-2.69,2.5,1.66,-0.35,181.62,172.0,155.25,151.74,312.0,300.0
1770044904367853672,257760,8.376,115.6,10.016,-209.6,1.35,0.84,102.56,-1.69,-2.63,-2.37,-0.67,1.29,11706.25,173.0,157.28,150.99,314.0,300.0
1770044904460257774,257884,9.292,212.7,10.036,-208.6,2.13,1.56,102.75,-1.56,-2.75,-0.23,-0.56,0.07,174.59,174.0,155.7,149.34,314.0,300.0
1770044904587222664,257984,9.688,211.0,9.6,-190.4,1.19,1.54,103.06,-0.94,-3.0,-1.13,0.78,-0.87,11705.73,176.0,151.57,151.07,314.0,302.0
1770044904705998649,258110,10.092,179.4,9.248,-147.8,1.58,1.58,103.37,-1.5,-3.31,3.22,-0.85,-4.06,11700.76,176.0,156.58,149.62,314.0,302.0
1770044904828874661,258228,8.828,265.5,9.976,-188.2,1.27,1.91,103.31,-1.88,-3.38,-0.71,-1.49,-1.11,11712.25,183.0,152.66,147.87,314.0,302.0
1770044904947675684,258351,9.78,159.9,9.976,-266.4,1.43,0.78,103.81,-1.06,-4.06,2.86,0.06,-0.5,11703.33,183.0,153.22,149.77,314.0,302.0
1770044905078738007,258472,9.5,83.5,9.012,-206.1,1.13,1.37,103.94,-1.37,-3.81,0.68,2.63,-2.42,11700.07,183.0,158.67,152.4,314.0,302.0
1770044905201601776,258603,8.348,246.4,9.968,-174.6,1.6,1.91,103.94,-1.94,-3.75,1.91,-0.53,-1.27,11710.02,183.0,153.63,147.2,316.0,302.0
1770044905316256323,258724,9.992,233.3,9.904,-201.2,1.82,1.84,104.37,-1.44,-4.56,0.07,0.97,1.03,11707.1,183.0,154.5,150.1,316.0,302.0
1770044905443266360,258841,9.572,124.7,10.056,-188.5,1.29,0.92,104.56,-1.5,-4.13,2.18,-0.14,-2.63,11700.42,185.0,159.58,151.43,316.0,304.0
1770044905566149092,258965,8.924,167.0,8.832,-199.9,1.05,1.04,104.56,-2.31,-3.94,-0.37,0.59,0.6,11709.33,181.0,156.77,145.82,316.0,304.0
1770044905688978748,259090,9.952,166.0,9.196,-229.1,1.82,1.62,104.75,-2.38,-4.31,-0.94,1.02,-3.96,11708.99,185.0,151.83,149.18,316.0,304.0
1770044905807805972,259214,10.096,216.6,9.0,-153.1,1.23,0.96,104.87,-2.13,-4.06,0.36,-0.62,-0.14,11703.33,185.0,157.61,151.14,316.0,304.0
1770044905930694445,259332,9.192,248.2,9.716,-153.4,0.92,1.07,105.12,-2.94,-3.69,-0.98,-0.22,-1.63,11714.48,182.0,156.19,145.32,318.0,304.0
1770044906057665313,259456,9.992,0.0,8.452,-257.9,2.13,1.31,105.5,-3.13,-4.13,3.3,0.2,-0.05,11708.3,180.0,155.3,147.01,318.0,304.0
1770044906180495874,259579,9.116,217.7,8.496,-163.4,1.31,1.86,105.69,-3.0,-3.69,0.27,-0.38,-1.37,11704.53,182.0,156.28,149.55,318.0,306.0
1770044906309304926,259702,8.148,208.2,10.004,-155.8,1.35,1.35,106.0,-3.5,-3.31,1.51,-0.43,-1.48,11701.27,172.0,157.46,147.19,318.0,306.0
1770044906418098835,259824,9.36,214.8,8.66,-259.2,1.6,1.43,106.19,-3.75,-3.44,0.75,0.06,-0.82,11710.36,172.0,155.34,148.08,318.0,306.0
1770044906581946498,259942,9.632,279.1,9.936,-221.7,1.43,2.07,106.25,-3.69,-2.88,0.66,-0.12,-1.09,11705.73,180.0,156.09,147.19,318.0,306.0
1770044906704817005,260103,9.94,179.4,9.716,-175.8,1.58,1.66,106.31,-3.81,-2.5,-1.16,-1.22,0.19,11707.79,173.0,156.97,149.18,320.0,306.0
1770044906823571280,260227,9.572,0.0,9.512,-252.9,1.29,2.03,106.25,-3.63,-2.88,-0.69,0.91,-1.22,11712.94,176.0,153.22,146.32,320.0,306.0
1770044906946482880,260348,8.468,185.6,9.72,-171.9,1.62,1.58,106.37,-3.63,-2.5,1.04,-0.13,0.45,11701.44,174.0,157.37,149.77,320.0,308.0
1770044907065250396,260470,8.388,153.3,8.972,-162.9,1.56,0.82,106.19,-3.31,-2.25,0.26,-0.84,-1.37,11702.13,174.0,158.25,152.44,320.0,308.0
1770044907188152919,260589,8.132,224.3,9.452,0.0,1.78,1.76,106.19,-3.19,-2.44,-0.24,0.91,-0.3,11712.08,172.0,153.59,148.87,320.0,308.0
1770044907311022441,260711,9.58,243.2,8.668,-200.0,1.86,1.45,106.37,-3.25,-2.06,-1.04,-1.97,1.17,11705.56,174.0,155.99,148.39,320.0,308.0
1770044907433887093,260833,9.828,186.4,9.784,-137.5,1.05,0.74,106.31,-3.19,-2.0,-5.42,2.28,3.09,11700.59,169.0,157.46,151.29,322.0,308.0
1770044907560863549,260956,9.228,192.1,9.672,-201.3,1.37,1.37,106.19,-2.69,-2.19,-0.87,0.79,-2.21,11717.05,165.0,152.11,146.68,322.0,308.0
1770044907679678194,261084,8.288,223.5,9.092,-253.9,1.84,1.66,106.37,-2.69,-2.13,-0.19,0.03,-2.18,11707.96,165.0,155.19,148.92,322.0,308.0
1770044907777962038,261201,10.048,125.9,10.004,-197.8,1.54,1.25,106.69,-2.69,-1.88,-3.11,0.61,-0.85,157.44,166.0,154.38,148.14,322.0,308.0
1770044907904926864,261301,10.124,182.4,10.064,-221.7,1.54,1.05,106.56,-2.56,-1.88,0.6,-1.03,-1.34,11710.88,168.0,156.03,149.59,322.0,310.0
1770044908023707341,261426,9.364,266.4,8.616,-199.7,1.52,1.35,106.81,-2.5,-2.13,0.68,0.69,-1.65,11714.14,168.0,151.86,143.94,322.0,310.0
1770044908146595676,261544,8.872,123.3,9.384,-236.8,1.6,0.78,107.06,-2.69,-1.94,1.02,0.46,0.18,11700.93,164.0,157.05,150.37,322.0,310.0
1770044908273540704,261667,9.916,164.3,9.5,-225.5,1.13,1.35,107.0,-2.5,-2.0,1.78,-1.55,0.39,11707.96,167.0,154.61,150.46,324.0,310.0
1770044908396454873,261796,8.576,243.5,8.944,-229.1,1.54,1.86,107.12,-2.38,-2.44,1.46,-0.14,-0.13,11711.05,169.0,152.22,145.74,324.0,310.0
1770044908523407122,261919,9.932,243.5,9.52,-157.8,1.54,1.52,107.25,-2.63,-2.38,-1.28,0.7,-1.29,11698.19,172.0,156.09,148.56,324.0,310.0
1770044908642204394,262045,8.372,144.4,10.036,-190.2,1.02,0.64,107.12,-2.38,-2.56,0.42,0.37,-2.72,11701.1,172.0,158.67,153.1,324.0,312.0
1770044908740496217,262164,8.264,186.1,9.06,-249.0,1.7,1.74,107.06,-2.38,-3.06,-1.82,-0.95,-0.33,177.5,171.0,146.17,141.4,324.0,312.0
1770044908863373663,262264,8.32,194.2,9.868,-160.2,1.39,1.82,107.44,-2.75,-3.38,-2.7,2.2,1.6,11705.73,174.0,155.95,146.49,324.0,312.0
1770044908998547337,262385,10.036,189.3,10.052,-136.2,1.0,0.92,107.81,-2.75,-3.13,-3.16,0.73,0.0,11699.73,172.0,158.67,151.71,326.0,312.0
1770044909117286494,262518,8.652,153.7,9.984,-311.0,2.27,0.82,108.0,-2.31,-3.75,5.46,-2.64,-0.66,11708.99,172.0,152.86,148.98,326.0,312.0
1770044909236067374,262637,9.576,205.6,9.804,-153.4,1.09,1.54,108.62,-2.63,-3.94,-3.89,2.76,-3.23,11705.56,179.0,156.68,147.7,326.0,312.0
1770044909358984466,262759,9.808,146.5,9.856,-176.1,1.6,1.27,108.75,-2.81,-3.63,0.32,-1.24,0.12,11705.05,177.0,156.68,150.46,326.0,314.0
1770044909485965899,262881,8.396,152.1,10.072,-229.4,1.93,1.21,109.06,-2.5,-3.88,-0.62,1.67,-3.07,11709.85,182.0,153.22,150.46,326.0,314.0
1770044909604790835,263007,8.384,224.4,8.764,-215.8,1.68,1.91,109.81,-2.75,-4.56,-0.82,0.47,-0.49,11706.76,182.0,155.99,146.32,326.0,314.0
1770044909703042711,263126,8.96,161.7,9.964,-130.8,0.98,1.56,110.12,-3.25,-3.81,-3.14,-0.06,1.01,169.61,181.0,155.93,146.58,326.0,314.0
1770044909830011274,263226,9.516,157.3,9.576,-222.9,1.27,0.86,110.44,-3.0,-3.88,-0.45,0.35,-0.99,11701.62,179.0,156.52,152.56,328.0,314.0
1770044909952896828,263350,8.268,178.8,9.96,-160.5,1.52,1.05,110.75,-3.13,-4.25,0.2,0.05,0.49,11705.39,183.0,156.09,147.19,328.0,314.0
1770044910067525531,263475,9.848,120.3,10.028,-259.5,1.48,0.98,110.5,-3.69,-3.75,-2.07,-0.7,-0.65,11705.56,183.0,157.09,147.89,328.0,314.0
1770044910190446566,263590,9.38,200.9,9.112,-164.1,1.8,1.31,110.75,-3.69,-2.88,2.02,-1.03,0.38,11707.79,178.0,154.61,150.46,328.0,316.0
1770044910313268098,263713,9.416,207.6,9.268,-244.3,1.41,1.66,111.0,-3.63,-2.81,0.37,-0.98,-1.36,11711.56,176.0,154.83,146.0,328.0,316.0
1770044910436214226,263836,10.024,262.3,9.928,-163.6,1.05,1.52,110.87,-4.25,-2.5,2.72,2.73,-0.72,11707.45,172.0,160.06,148.92,328.0,316.0
1770044910554999011,263959,9.98,145.2,9.948,-185.2,1.88,0.96,111.06,-4.06,-2.0,0.52,0.79,0.92,11708.13,169.0,154.03,147.87,330.0,316.0
1770044910657396024,264077,9.16,195.9,9.664,-205.5,1.93,1.5,111.31,-3.69,-2.06,0.12,0.19,-0.3,169.1,169.0,154.38,150.37,330.0,316.0
1770044910780270965,264177,9.42,173.9,9.448,-196.7,1.35,1.25,111.25,-4.06,-2.06,0.7,0.4,-0.66,11709.85,170.0,155.56,145.1,330.0,316.0
1770044910903153202,264300,8.052,153.1,8.56,-154.0,1.41,1.15,111.31,-4.5,-1.69,-0.69,-1.62,1.16,11701.62,167.0,157.37,149.08,330.0,316.0
1770044911030136429,264423,9.856,200.9,9.864,-277.7,1.62,1.33,111.75,-3.75,-1.88,0.83,0.02,-0.53,11700.59,166.0,158.06,149.77,330.0,318.0
1770044911144768888,264550,10.056,204.5,9.492,-148.9,1.43,1.39,111.62,-3.81,-1.94,-1.06,0.99,-0.64,11710.02,166.0,156.77,147.19,330.0,318.0
1770044911275854213,264668,9.44,229.3,9.884,-135.5,1.41,1.33,111.62,-4.25,-1.63,-0.53,-0.09,1.1,11705.22,166.0,158.22,148.04,332.0,318.0
1770044911398759448,264798,10.084,216.2,8.692,-251.7,1.39,1.35,112.19,-3.63,-1.75,0.32,0.8,-0.06,11709.85,167.0,153.4,148.83,332.0,318.0
1770044911525736339,264920,10.032,192.2,9.52,-183.7,1.43,1.27,112.31,-3.56,-1.88,0.82,2.59,-0.56,11705.56,167.0,157.54,148.72,332.0,318.0
1770044911644515344,265048,9.912,256.9,9.556,-156.1,1.19,1.91,112.19,-4.13,-1.75,-0.81,0.02,-1.42,11706.93,167.0,157.27,144.75,332.0,318.0
1770044911767393450,265164,9.916,198.3,10.024,-232.7,1.66,1.41,112.69,-3.69,-1.94,0.76,1.15,-0.16,11706.25,166.0,155.3,149.08,332.0,320.0
1770044911890288667,265286,9.452,94.4,9.972,-204.5,2.05,0.8,113.12,-3.31,-2.13,-1.2,-2.57,0.59,11699.39,168.0,157.37,153.92,332.0,320.0
1770044912013181791,265410,10.04,239.8,9.248,0.0,1.37,1.84,112.87,-4.19,-2.19,-2.21,1.18,-0.35,11705.73,165.0,156.77,145.13,334.0,320.0
1770044912140119105,265535,9.936,249.0,9.952,-236.5,1.52,1.11,112.87,-4.06,-2.31,2.23,0.17,1.91,11710.88,166.0,153.16,147.19,334.0,320.0
1770044912254771988,265659,9.952,159.7,9.052,-171.6,1.84,1.19,113.62,-3.38,-2.63,6.69,2.46,1.19,11699.39,166.0,156.89,150.42,334.0,320.0
1770044912377647795,265777,9.084,225.0,9.228,-188.0,1.93,1.46,113.37,-4.13,-2.81,-3.2,-2.84,-0.26,11708.3,171.0,157.54,146.68,334.0,320.0
1770044912504621091,265900,8.32,230.8,9.856,-212.9,1.35,1.89,113.44,-4.25,-2.56,0.72,-2.32,-0.47,11710.19,171.0,154.83,148.72,334.0,320.0
1770044912627542751,266027,8.34,196.2,8.756,-189.3,1.0,1.35,114.0,-3.5,-2.81,0.11,1.04,-1.29,11697.84,170.0,158.3,150.89,334.0,322.0
1770044912746326753,266148,9.716,170.5,9.988,-241.5,1.39,1.54,113.81,-4.06,-3.0,0.09,2.5,-1.75,11706.08,170.0,156.28,147.71,336.0,322.0
1770044912869197505,266266,9.384,238.0,9.868,-223.1,1.07,1.66,113.62,-4.38,-2.94,-0.47,-0.15,0.72,11709.5,167.0,158.67,148.92,336.0,322.0
1770044912992074386,266389,9.92,184.3,9.4,-227.6,1.72,1.66,114.37,-3.75,-3.0,-0.71,0.09,-1.28,11707.96,179.0,157.37,150.46,336.0,322.0
1770044913114982895,266513,10.116,170.4,9.524,0.0,0.92,0.86,113.94,-3.88,-2.94,0.44,0.6,0.03,11703.67,189.0,156.28,149.55,336.0,322.0
1770044913237798032,266635,9.672,237.2,9.712,-222.2,1.17,1.27,113.87,-4.19,-2.94,-0.82,-1.82,0.0,11705.39,190.0,156.19,147.36,336.0,322.0
1770044913356630756,266759,10.048,189.6,9.94,-176.2,1.31,1.54,114.25,-3.81,-2.81,-1.44,-0.66,-0.55,11702.82,190.0,156.99,149.14,336.0,324.0
1770044913489542576,266876,8.348,130.8,9.508,-198.2,0.96,0.96,114.31,-3.63,-2.81,2.27,0.0,-1.94,11698.53,195.0,157.37,151.84,336.0,324.0
1770044913606476058,267001,9.524,157.9,9.964,-189.6,1.78,1.25,113.94,-4.06,-2.94,-2.79,-0.21,-0.07,11701.62,194.0,157.05,147.69,338.0,324.0
1770044913725189539,267125,9.788,218.5,9.924,-238.5,2.25,1.41,114.31,-3.44,-2.75,-1.41,-3.41,0.6,11701.44,197.0,157.27,151.01,338.0,324.0
1770044913844038152,267247,10.08,149.0,9.28,-181.0,1.27,1.05,114.5,-3.13,-2.94,-1.81,-2.83,3.55,11696.99,197.0,159.13,151.28,338.0,324.0
1770044913971009372,267364,10.088,169.6,9.308,-167.2,1.25,1.25,114.25,-3.5,-3.06,-0.79,0.17,0.05,11706.42,195.0,156.87,150.07,338.0,324.0
1770044914093895175,267491,9.956,182.6,9.856,-219.9,2.01,1.37,114.31,-2.94,-2.94,2.02,-0.46,-0.85,11710.19,195.0,154.38,148.36,338.0,324.0
1770044914216741773,267614,8.988,102.4,8.804,-155.8,1.45,1.15,114.75,-2.63,-3.06,1.28,-0.01,-1.39,11700.76,199.0,159.51,151.98,338.0,326.0
1770044914331370837,267737,10.12,174.6,9.096,-201.1,1.37,0.76,114.37,-2.94,-3.13,-1.04,0.51,-4.01,11746.38,199.0,128.11,151.86,340.0,326.0
1770044914462585714,267853,9.992,129.5,10.3,-0.1,-0.16,-0.57,113.94,-2.81,-3.0,-1.33,0.69,-0.39,11995.4,199.0,2.78,92.56,340.0,326.0
1770044914585402515,267982,8.868,42.6,10.24,-0.5,-0.14,1.41,111.0,-2.63,-2.94,-0.12,0.05,-0.32,12058.16,206.0,0.0,18.78,340.0,326.0
1770044914704196570,268103,8.912,40.6,10.38,-0.4,-0.04,1.52,110.56,-2.56,-2.94,0.08,0.05,-0.45,12053.53,201.0,1.42,16.98,340.0,326.0
1770044914827066594,268224,8.764,54.5,10.388,2.1,0.02,1.43,110.06,-2.5,-3.0,0.0,0.22,-0.46,12056.45,198.0,0.0,15.87,340.0,326.0
1770044914925390129,268345,10.42,45.2,9.152,1.1,-0.04,1.37,109.56,-2.44,-3.06,0.0,0.22,-0.38,194.14,198.0,0.0,15.31,340.0,326.0
1770044915048249690,268445,8.784,44.3,10.4,1.2,0.02,1.93,109.06,-2.38,-3.19,0.08,0.11,-0.48,12058.68,203.0,0.0,16.75,340.0,326.0
1770044915166990816,268566,8.612,41.7,9.144,-0.2,-0.04,1.66,108.44,-2.31,-3.25,0.12,0.06,-0.52,12057.31,206.0,0.0,15.87,340.0,326.0
1770044915281707120,268687,9.932,48.6,9.232,0.8,-0.04,2.05,107.87,-2.25,-3.31,0.0,0.03,-0.37,12058.68,206.0,0.0,16.11,340.0,326.0
1770044915404593143,268802,8.86,52.1,10.396,1.0,0.0,1.48,107.31,-2.19,-3.38,0.02,0.07,-0.36,12057.65,202.0,0.7,16.84,340.0,326.0
1770044915527467574,268924,8.668,41.4,9.176,-0.8,0.08,1.58,106.75,-2.13,-3.44,0.07,0.09,-0.43,12056.96,198.0,0.0,17.38,340.0,326.0
1770044915650362449,269047,9.1,37.2,10.424,-1.1,-0.14,1.23,106.0,-2.06,-3.5,-0.07,0.0,-0.28,12056.11,202.0,0.0,17.54,340.0,326.0
1770044915773218193,269168,8.872,52.2,9.072,-0.7,0.14,1.5,105.31,-2.06,-3.56,0.11,-0.03,-0.45,12055.59,195.0,0.0,17.95,340.0,326.0
1770044915887923331,269290,8.7,38.0,10.42,1.4,-0.02,1.5,104.62,-2.0,-3.63,0.08,-0.1,-0.39,12058.16,195.0,0.0,17.57,340.0,326.0
1770044916010840780,269405,8.92,44.2,10.412,-0.2,0.06,1.45,103.94,-1.94,-3.63,0.08,-0.12,-0.42,12057.48,195.0,0.0,18.09,340.0,326.0
1770044916129579608,269529,8.772,54.1,9.24,1.0,0.04,1.35,103.25,-1.88,-3.63,0.07,-0.05,-0.4,12060.39,200.0,0.0,17.66,340.0,326.0
1770044916252406924,269649,8.876,39.5,9.664,-0.7,0.1,1.23,102.62,-1.81,-3.69,0.31,0.05,-0.72,12057.82,195.0,0.0,17.54,340.0,326.0
1770044916367111319,269770,9.78,42.6,10.42,0.0,-0.1,1.84,102.06,-1.88,-3.75,0.06,0.01,-0.4,12056.96,195.0,0.0,16.99,340.0,326.0
1770044916490015174,269885,8.928,41.7,10.376,1.0,-0.1,1.43,101.56,-1.88,-3.81,-0.03,0.06,-0.44,12053.88,198.0,0.0,17.8,340.0,326.0
1770044916612930121,270010,8.964,50.2,10.42,1.8,-0.02,1.39,101.0,-1.81,-3.81,-0.03,0.04,-0.38,12055.25,204.0,0.68,16.98,340.0,326.0
1770044916731686412,270131,8.764,51.7,9.156,0.4,0.06,1.45,100.44,-1.88,-3.88,-0.03,-0.04,-0.43,12055.59,205.0,0.0,16.14,340.0,326.0
1770044916842215613,270248,9.996,46.0,10.396,1.1,-0.08,2.32,99.94,-1.81,-3.88,0.04,0.0,-0.41,12058.68,205.0,0.0,14.9,340.0,326.0
1770044916965148005,270363,9.684,44.9,10.388,-2.1,-0.08,2.3,99.44,-1.81,-3.88,0.2,-0.17,-0.47,12059.37,207.0,0.0,14.86,340.0,326.0
1770044917083924202,270484,10.472,49.6,10.416,-2.4,-0.12,2.23,99.06,-1.81,-3.94,0.0,-0.04,-0.41,12059.37,212.0,0.0,13.92,340.0,326.0
1770044917202676880,270604,8.808,54.7,9.768,0.1,0.02,2.38,98.62,-1.81,-3.94,0.04,-0.01,-0.43,12053.88,207.0,1.4,14.03,340.0,326.0
1770044917321450262,270722,10.332,61.0,10.264,-1.0,0.02,1.66,98.19,-1.75,-3.94,-0.11,0.06,-0.38,12059.02,207.0,0.0,15.38,340.0,326.0
1770044917448460585,270838,8.784,62.4,10.404,1.8,0.02,1.74,97.75,-1.75,-3.94,-0.03,-0.04,-0.41,12056.11,204.0,0.0,14.86,340.0,326.0
1770044917571338456,270967,9.148,49.7,10.408,1.5,0.02,2.27,97.25,-1.75,-3.94,0.02,-0.01,-0.42,12059.02,203.0,0.0,14.25,340.0,326.0
1770044917690124005,271088,8.748,53.9,9.976,0.7,-0.1,2.11,96.81,-1.75,-3.94,-0.05,0.05,-0.4,12057.99,207.0,0.0,13.92,340.0,326.0
1770044917804809786,271209,10.316,67.2,10.26,-2.3,0.04,1.76,96.44,-1.69,-4.0,0.01,-0.1,-0.49,12059.02,207.0,0.0,13.91,340.0,326.0
1770044917927684083,271324,10.404,64.6,9.22,0.4,-0.02,1.91,96.06,-1.69,-4.0,-0.05,0.01,-0.47,12058.68,201.0,0.0,13.92,340.0,326.0
1770044918050561824,271444,9.764,56.3,10.404,0.3,0.02,2.01,95.62,-1.69,-4.0,-0.04,0.0,-0.39,12061.08,201.0,0.0,14.61,340.0,326.0
1770044918173461341,271569,10.424,56.1,10.42,-0.8,-0.02,2.64,95.19,-1.63,-4.0,-0.03,0.04,-0.4,12057.99,203.0,0.0,13.58,340.0,326.0
1770044918302238216,271689,10.448,58.1,9.352,-1.1,-0.02,1.76,94.87,-1.63,-4.0,-0.04,-0.1,-0.32,12052.5,202.0,0.68,14.38,340.0,326.0
1770044918406838463,271812,8.864,63.2,8.972,1.0,0.02,1.7,94.56,-1.56,-4.0,0.07,-0.03,-0.47,12056.28,202.0,0.0,14.77,340.0,326.0
1770044918533892303,271927,9.852,57.6,10.364,-0.9,-0.04,1.46,94.19,-1.56,-4.06,-0.08,0.08,-0.42,12055.08,201.0,0.0,15.44,340.0,326.0
1770044918652671313,272050,8.864,49.0,10.428,1.1,0.0,2.21,93.75,-1.5,-4.06,0.02,0.07,-0.41,12056.28,208.0,0.0,14.94,340.0,326.0
1770044918775554127,272172,8.7,56.5,10.4,1.8,0.08,1.5,93.31,-1.44,-4.06,-0.08,0.07,-0.38,12056.79,202.0,0.0,16.01,340.0,326.0
1770044918890302982,272291,10.464,54.5,9.252,-1.5,-0.14,1.7,92.81,-1.37,-4.06,-0.02,-0.05,-0.44,12057.82,202.0,0.0,15.51,340.0,326.0
1770044919013112109,272406,10.176,58.3,10.452,0.8,0.0,1.52,92.31,-1.37,-4.06,0.01,0.01,-0.43,12055.94,196.0,0.0,15.75,340.0,326.0
1770044919136003254,272532,8.584,64.9,10.404,-1.2,0.02,1.68,91.81,-1.31,-4.13,-0.02,0.0,-0.42,12055.42,202.0,0.0,15.75,340.0,326.0
1770044919254730854,272652,8.9,55.4,10.384,0.8,-0.04,1.33,91.31,-1.31,-4.13,-0.34,0.33,-0.32,12053.02,210.0,0.0,16.7,340.0,326.0
1770044919369460615,272773,10.432,60.3,10.344,2.4,-0.2,1.23,90.87,-1.25,-4.13,0.08,-0.07,-0.41,12054.91,210.0,0.0,16.11,340.0,328.0
1770044919502387181,272887,10.412,50.5,9.204,0.6,-0.1,1.33,90.25,-1.19,-4.13,0.07,-0.1,-0.4,12062.97,202.0,0.0,13.11,340.0,328.0
1770044919615209589,273012,8.904,4.4,10.476,0.0,0.04,-0.04,89.81,-1.12,-4.19,0.13,-0.06,-0.37,12077.37,199.0,0.0,340.0,328.0,
1770044919738083901,273133,8.932,3.9,10.496,0.1,0.04,0.0,89.81,-1.12,-4.19,0.04,0.0,-0.42,12074.11,197.0,0.0,340.0,328.0,
1770044919852781976,273254,8.904,4.1,10.492,0.0,-0.1,0.08,89.81,-1.12,-4.19,0.0,-0.04,-0.42,12074.11,197.0,0.0,340.0,328.0,
1770044919971562447,273370,8.864,4.1,10.508,0.1,0.02,0.0,89.81,-1.12,-4.19,0.0,-0.01,-0.43,12074.8,197.0,0.0,340.0,328.0,
1770044920094495666,273488,8.856,4.3,10.488,0.2,-0.02,-0.1,89.81,-1.12,-4.19,-0.01,-0.03,-0.42,12074.29,198.0,0.0,340.0,328.0,
1770044920213184818,273611,8.864,4.1,10.496,0.1,-0.1,-0.04,89.81,-1.12,-4.19,0.0,0.0,-0.43,12074.97,206.0,0.0,340.0,328.0,
1770044920327874725,273731,8.928,4.1,10.492,0.1,0.02,-0.04,89.81,-1.12,-4.19,-0.02,-0.01,-0.42,12075.49,206.0,0.0,340.0,328.0,
1770044920454873339,273845,8.86,4.0,10.508,0.0,-0.02,-0.12,89.81,-1.12,-4.19,0.0,-0.01,-0.41,12073.94,195.0,0.0,340.0,328.0,
1770044920577761890,273971,8.856,4.1,10.496,0.2,-0.02,-0.1,89.81,-1.12,-4.19,-0.01,0.0,-0.42,12075.14,197.0,0.0,340.0,328.0,
1770044920696599805,274095,10.572,4.1,9.056,1.0,0.04,-0.08,89.81,-1.12,-4.19,0.0,-0.03,-0.38,12073.26,194.0,0.0,340.0,328.0,
1770044920815287791,274213,8.584,4.2,9.06,1.1,0.0,-0.12,89.81,-1.12,-4.19,-0.03,-0.01,-0.38,12074.11,200.0,0.0,340.0,328.0,
1770044920929966215,274334,10.564,4.8,10.464,0.8,-0.1,-0.14,89.81,-1.12,-4.13,0.0,-0.03,-0.39,12074.46,200.0,0.0,340.0,328.0,
1770044921052888304,274449,8.848,4.0,10.508,0.0,-0.04,-0.08,89.81,-1.12,-4.13,0.0,-0.04,-0.4,12074.46,197.0,0.0,340.0,328.0,
1770044921171682846,274571,8.932,3.9,10.512,-0.1,-0.02,-0.2,89.81,-1.12,-4.13,-0.01,0.0,-0.4,12074.29,196.0,0.0,340.0,328.0,
1770044921294515208,274691,8.86,4.5,10.524,0.0,-0.06,-0.06,89.81,-1.12,-4.13,0.01,0.01,-0.42,12073.43,205.0,0.0,340.0,328.0,
1770044921405101921,274809,8.852,3.8,10.524,-0.1,0.0,0.04,89.81,-1.12,-4.13,0.01,-0.01,-0.43,12074.63,205.0,0.0,340.0,328.0,
1770044921528022452,274924,8.928,4.4,9.048,0.8,-0.02,-0.02,89.81,-1.12,-4.13,-0.01,-0.04,-0.4,12076.86,195.0,0.0,340.0,328.0,
1770044921646763863,275043,10.58,4.5,9.064,0.6,-0.04,0.0,89.81,-1.12,-4.13,-0.02,-0.01,-0.4,12076.52,196.0,0.0,340.0,328.0,
1770044921769669320,275166,8.82,3.8,9.236,0.7,0.04,-0.1,89.81,-1.12,-4.13,0.0,-0.01,-0.42,12073.94,200.0,0.0,340.0,328.0,
1770044921880241477,275284,8.936,4.1,10.512,0.2,0.0,-0.16,89.81,-1.12,-4.13,0.0,-0.01,-0.42,12073.77,200.0,0.0,340.0,328.0,
1770044922003157416,275398,8.908,4.1,10.512,0.2,0.0,-0.12,89.81,-1.12,-4.13,0.0,-0.01,-0.39,12075.66,196.0,0.0,340.0,328.0,
1770044922126032593,275518,8.868,4.1,10.5,-0.1,0.0,-0.08,89.81,-1.12,-4.13,0.01,0.0,-0.43,12074.63,198.0,0.0,340.0,328.0,
1770044922244808114,275641,9.704,4.1,8.996,1.0,-0.1,-0.02,89.81,-1.12,-4.13,0.0,-0.01,-0.41,12074.46,194.0,0.0,340.0,328.0,
1770044922355334454,275760,10.584,4.1,9.048,0.9,0.02,-0.16,89.81,-1.12,-4.13,0.01,-0.02,-0.43,12072.06,194.0,0.0,340.0,328.0,
1770044922478269817,275873,8.7,4.7,10.52,0.0,0.08,-0.18,89.81,-1.12,-4.13,0.0,-0.02,-0.45,12073.08,204.0,0.0,340.0,328.0,
1770044922601158901,275994,8.66,4.4,10.516,0.2,-0.02,-0.08,89.81,-1.12,-4.13,0.0,0.0,-0.41,12072.4,201.0,0.0,340.0,328.0,
1770044922719917774,276116,8.596,4.7,10.52,-0.1,-0.06,-0.08,89.81,-1.12,-4.13,0.0,-0.02,-0.42,12073.08,201.0,0.0,340.0,328.0,
1770044922838717667,276238,10.592,4.2,10.524,0.1,-0.06,-0.12,89.81,-1.12,-4.13,0.0,-0.01,-0.43,12072.57,201.0,0.0,340.0,328.0,
1770044922957497966,276354,8.86,4.0,9.08,0.9,-0.04,0.02,89.81,-1.12,-4.13,0.0,0.0,-0.39,12072.91,198.0,0.0,340.0,328.0,
1770044923076273653,276473,8.604,4.8,10.52,0.0,0.04,-0.06,89.81,-1.12,-4.13,0.0,0.0,-0.43,12071.54,202.0,0.0,340.0,328.0,
1770044923203240502,276593,8.86,3.9,10.516,0.0,-0.08,-0.06,89.81,-1.12,-4.13,0.0,-0.02,-0.43,12071.54,201.0,0.0,340.0,328.0,
1770044923313810064,276717,8.86,4.0,10.524,-0.1,0.1,-0.06,89.81,-1.12,-4.13,0.0,0.0,-0.43,12072.74,201.0,0.0,340.0,328.0,
1770044923432594454,276831,8.88,4.0,9.036,0.1,-0.14,-0.14,89.81,-1.12,-4.13,-0.01,-0.02,-0.43,12072.23,197.0,0.0,340.0,328.0,
1770044923563699237,276951,8.616,4.5,10.52,-0.1,0.06,-0.12,89.81,-1.12,-4.13,-0.01,-0.02,-0.43,12072.23,200.0,0.0,340.0,328.0,
1770044923686582542,277078,8.624,4.9,10.516,0.2,-0.06,-0.06,89.81,-1.12,-4.13,0.0,-0.01,-0.44,12071.71,197.0,0.0,340.0,328.0,
1770044923797125381,277201,8.66,4.6,10.52,-0.1,0.06,0.02,89.81,-1.12,-4.13,0.0,0.0,-0.42,12070.34,197.0,0.0,340.0,328.0,
1770044923920029223,277315,8.688,4.5,9.304,0.8,0.08,-0.02,89.81,-1.12,-4.13,0.0,-0.01,-0.43,12072.06,200.0,0.0,340.0,328.0,
1770044924038822558,277434,8.876,4.2,9.028,0.3,-0.18,-0.18,89.81,-1.12,-4.13,-0.01,0.0,-0.42,12071.37,194.0,0.0,340.0,328.0,
1770044924161724343,277553,8.704,4.5,10.524,-0.1,0.02,-0.02,89.81,-1.12,-4.13,0.0,0.0,-0.41,12072.06,195.0,0.0,340.0,328.0,
1770044924280442120,277677,8.66,4.1,9.236,0.6,-0.04,-0.08,89.81,-1.12,-4.13,0.0,-0.02,-0.41,12074.29,201.0,0.0,340.0,328.0,
1770044924395169984,277795,8.94,4.4,10.528,0.4,-0.1,0.0,89.81,-1.12,-4.13,0.0,0.0,-0.41,12073.6,201.0,0.0,340.0,328.0,
1770044924513957540,277909,8.94,4.2,10.52,0.0,-0.14,-0.06,89.81,-1.12,-4.13,-0.01,0.01,-0.42,12071.71,193.0,0.0,340.0,328.0,
1770044924632735744,278029,8.9,4.1,10.532,0.0,-0.04,-0.06,89.81,-1.12,-4.13,0.0,-0.01,-0.41,12071.88,196.0,0.0,340.0,328.0,
1770044924751515337,278148,8.868,4.2,9.068,0.5,0.02,0.02,89.81,-1.12,-4.13,0.0,-0.02,-0.42,12074.11,196.0,0.0,340.0,328.0,
1770044924870300966,278265,8.696,4.5,9.24,1.0,0.1,-0.04,89.81,-1.12,-4.13,0.0,-0.01,-0.43,12077.2,196.0,0.0,340.0,328.0,
1770044924989082967,278384,10.604,4.0,10.54,0.1,-0.1,-0.08,89.81,-1.12,-4.13,0.0,0.0,-0.41,12076.0,197.0,0.0,340.0,328.0,
1770044925107878706,278503,8.96,4.0,9.024,0.0,0.02,0.08,89.81,-1.12,-4.13,0.0,0.0,-0.41,12073.94,198.0,0.0,340.0,328.0,
1770044925230693637,278622,8.684,4.9,9.272,-0.2,-0.06,-0.14,89.81,-1.12,-4.13,0.0,-0.01,-0.39,12076.34,194.0,0.0,340.0,328.0,
1770044925341315622,278745,8.88,4.1,10.512,0.1,0.06,-0.12,89.81,-1.12,-4.13,-0.01,-0.02,-0.44,12076.52,194.0,0.0,340.0,328.0,
1770044925464208813,278858,8.924,4.1,10.516,-0.1,0.02,-0.04,89.81,-1.12,-4.13,-0.01,-0.01,-0.43,12076.69,195.0,0.0,340.0,328.0,
1770044925583003683,278978,8.944,4.4,10.516,0.1,-0.1,0.02,89.81,-1.12,-4.13,0.0,0.0,-0.43,12076.52,195.0,0.0,340.0,328.0,
1770044925697677841,279097,8.872,4.1,10.528,0.1,0.08,0.0,89.81,-1.12,-4.13,0.0,-0.02,-0.43,12078.23,195.0,0.0,340.0,328.0,
1770044925820562180,279214,8.876,4.2,10.532,0.0,0.08,-0.16,89.81,-1.12,-4.13,0.0,0.0,-0.41,12078.23,193.0,0.0,340.0,328.0,
1770044925939303882,279334,8.904,4.2,9.056,-0.1,0.0,0.06,89.81,-1.12,-4.13,-0.01,-0.02,-0.42,12076.86,198.0,0.0,340.0,328.0,
1770044926062214851,279456,8.712,4.6,10.524,0.9,0.06,-0.06,89.81,-1.12,-4.13,0.0,0.0,-0.41,12076.17,195.0,0.0,340.0,328.0,
1770044926180967755,279577,10.608,4.0,9.064,1.1,0.02,-0.04,89.81,-1.12,-4.13,0.0,-0.04,-0.41,12076.86,198.0,0.0,340.0,328.0,
1770044926299747252,279697,8.616,4.6,10.54,-0.1,-0.04,0.0,89.81,-1.12,-4.13,0.0,0.0,-0.39,12076.17,198.0,0.0,340.0,328.0,
1770044926418578010,279815,8.624,4.6,9.792,0.8,-0.08,0.04,89.81,-1.12,-4.13,0.0,-0.02,-0.41,12077.03,196.0,0.0,340.0,328.0,
1770044926545550206,279933,8.952,4.4,10.532,-0.1,0.12,-0.16,89.81,-1.12,-4.13,-0.02,0.0,-0.42,12074.97,196.0,0.0,340.0,328.0,
1770044926668422321,280060,8.916,3.8,10.536,0.0,-0.12,0.02,89.81,-1.12,-4.13,-0.01,0.0,-0.41,12075.66,192.0,0.0,340.0,328.0,
1770044926783115386,280181,10.016,4.1,9.668,0.0,-0.04,-0.06,89.81,-1.12,-4.13,0.0,0.0,-0.39,12076.86,192.0,0.0,340.0,328.0,
1770044926901883679,280298,8.868,4.2,10.528,0.0,0.06,0.0,89.81,-1.12,-4.13,0.0,0.0,-0.41,12075.66,200.0,0.0,340.0,328.0,
1770044927024769091,280418,8.884,4.4,10.536,0.1,-0.08,0.0,89.81,-1.12,-4.13,0.0,0.0,-0.43,12077.03,198.0,0.0,340.0,328.0,
1770044927143521512,280538,8.884,3.9,10.536,-0.1,0.02,-0.06,89.81,-1.12,-4.13,-0.01,0.0,-0.42,12077.03,189.0,0.0,340.0,328.0,
1770044927258193501,280658,8.88,4.1,10.54,0.1,0.02,0.0,89.81,-1.12,-4.13,0.0,-0.01,-0.4,12078.23,189.0,0.0,340.0,328.0,
1770044927372878916,280773,8.952,4.0,9.384,0.0,0.02,-0.16,89.81,-1.12,-4.13,-0.01,-0.01,-0.4,12076.69,195.0,0.0,340.0,328.0,
1770044927495809457,280889,8.708,4.6,9.252,0.6,-0.08,0.0,89.81,-1.12,-4.13,0.02,-0.01,-0.42,12076.0,199.0,0.0,340.0,328.0,
1770044927614579027,281009,8.872,3.9,9.108,0.9,0.02,0.0,89.81,-1.12,-4.13,0.0,-0.02,-0.42,12076.34,198.0,0.0,340.0,328.0,
1770044927729270461,281129,8.66,4.8,10.552,0.1,0.0,0.04,89.81,-1.12,-4.13,0.0,-0.04,-0.41,12076.34,198.0,0.0,340.0,328.0,
1770044927852138223,281244,8.7,4.5,9.616,0.0,-0.02,-0.06,89.81,-1.12,-4.19,-0.11,0.01,-0.43,12077.89,196.0,0.0,340.0,328.0,
1770044927975026763,281368,8.944,4.2,10.544,0.0,0.04,0.02,89.81,-1.12,-4.19,0.0,-0.01,-0.44,12078.75,196.0,0.0,340.0,328.0,
1770044928093803554,281487,8.956,4.0,9.032,0.0,-0.02,-0.04,89.81,-1.12,-4.19,-0.01,0.0,-0.46,12077.54,199.0,0.0,340.0,328.0,
1770044928208489208,281608,8.7,4.9,10.54,0.2,-0.1,-0.04,89.81,-1.12,-4.19,0.0,-0.02,-0.4,12077.03,199.0,0.0,340.0,328.0,
1770044928331327839,281722,8.672,4.9,10.552,0.0,0.06,0.1,89.81,-1.12,-4.19,-0.01,0.0,-0.42,12077.54,193.0,0.0,340.0,328.0,
1770044928450146964,281844,8.616,4.7,10.548,-0.1,0.04,-0.02,89.81,-1.12,-4.19,0.03,-0.02,-0.4,12076.86,196.0,0.0,340.0,328.0,
1770044928568930533,281964,8.612,4.2,9.292,-0.1,0.02,-0.08,89.81,-1.12,-4.19,0.03,0.03,-0.42,12075.83,196.0,0.0,340.0,328.0,
1770044928683626354,282084,8.944,3.9,9.076,1.0,-0.1,0.06,89.81,-1.12,-4.19,0.0,-0.01,-0.43,12076.69,196.0,0.0,340.0,328.0,
1770044928802393923,282198,10.6,4.1,9.08,0.4,0.02,-0.1,89.81,-1.12,-4.19,0.0,0.0,-0.43,12078.92,196.0,0.0,340.0,328.0,
1770044928929370116,282316,8.692,4.7,10.548,0.0,0.06,-0.08,89.81,-1.12,-4.19,-0.05,-0.01,-0.38,12079.77,198.0,0.0,340.0,328.0,
1770044929048155259,282441,8.636,4.8,10.56,0.0,-0.2,-0.02,88.94,-0.5,-3.94,0.72,0.88,0.29,12076.17,195.0,0.0,340.0,328.0,
1770044929162844375,282563,8.964,4.3,9.064,0.2,-0.08,-0.08,84.75,-0.31,-3.38,0.8,0.1,0.58,12078.4,195.0,0.0,340.0,328.0,
1770044929281557441,282676,8.628,4.2,9.32,0.2,-0.02,-0.04,79.31,-1.31,-4.63,0.05,-0.03,1.15,12078.06,208.0,0.0,340.0,328.0,
1770044929408603894,282797,8.976,4.1,10.536,0.1,0.06,0.02,72.19,-1.31,-8.19,0.05,-0.05,1.38,12077.03,274.0,0.0,340.0,328.0,
1770044929527387906,282920,10.056,4.1,9.052,1.0,0.06,0.0,63.19,-0.75,-11.94,-0.89,0.09,1.17,12077.03,445.0,0.0,340.0,328.0,
1770044929654351746,283040,10.444,4.5,10.54,0.1,-0.06,-0.06,50.94,0.56,-13.06,-1.35,-0.22,0.91,12076.86,507.0,0.0,340.0,328.0,
1770044929764923948,283166,8.616,4.7,10.564,0.1,-0.14,-0.06,35.0,3.19,-10.94,-1.64,-0.59,-0.33,12076.69,507.0,0.0,340.0,328.0,
1770044929891918455,283280,8.62,4.8,10.56,-0.2,0.02,0.08,21.19,4.88,-7.19,-2.06,-1.19,-1.06,12076.17,643.0,0.0,340.0,328.0,
1770044930010701356,283404,8.656,4.3,9.28,0.2,0.12,0.02,7.38,7.0,-3.44,-2.85,-0.78,-1.99,12075.31,979.0,0.0,340.0,328.0,
1770044930113107914,283525,8.892,4.3,9.104,0.9,-0.1,-0.16,-4.38,11.13,-1.44,-1.99,0.17,-1.19,971.89,979.0,0.0,340.0,328.0,
1770044930231866943,283625,10.592,4.0,9.056,0.3,0.14,-0.06,-11.69,14.13,-0.88,-1.42,1.39,-0.71,12078.23,1044.0,0.0,340.0,328.0,
1770044930354738479,283745,8.644,4.8,10.548,0.1,-0.06,-0.02,-19.37,15.5,-0.63,-1.21,1.04,-0.59,12076.52,1165.0,0.0,340.0,328.0,
1770044930453062605,283867,8.668,4.7,9.284,0.9,-0.2,-0.1,-26.0,15.19,-1.31,-1.36,0.82,-1.46,1024.71,1165.0,0.0,340.0,328.0,
1770044930555473366,283967,10.584,4.1,10.56,0.0,0.02,-0.12,-30.81,13.44,-2.75,-1.78,0.26,-0.98,1107.89,1158.0,0.0,340.0,328.0,
1770044930653766825,284067,8.864,3.9,10.532,0.1,-0.18,0.02,-37.63,9.75,-4.31,-1.63,-0.76,-0.07,1103.6,977.0,0.0,340.0,328.0,
1770044930772543224,284167,8.604,4.3,9.284,0.3,-0.04,0.04,-47.63,5.13,-5.88,-1.36,-1.32,0.28,12076.34,1174.0,0.0,340.0,328.0,
1770044930891330753,284285,8.988,4.1,9.108,-0.1,0.02,-0.02,-59.63,2.75,-8.06,-0.09,0.05,-1.36,12076.0,1174.0,0.0,340.0,328.0,
1770044931010109190,284403,8.708,4.3,10.54,0.0,-0.04,0.06,-68.94,2.56,-8.31,0.29,0.18,-1.87,12076.52,1358.0,0.0,340.0,328.0,
1770044931128906033,284523,8.616,4.9,10.532,-0.2,0.02,-0.18,-76.25,3.0,-7.94,1.5,-0.15,-0.59,12075.66,2261.0,0.0,340.0,328.0,
1770044931251729604,284643,8.648,4.8,9.328,1.1,0.02,-0.08,-78.0,3.81,-8.38,1.12,-0.29,0.67,12076.52,1047.0,0.0,340.0,328.0,
1770044931350053580,284764,8.88,4.1,10.544,0.1,-0.06,0.02,-77.0,3.19,-7.75,-0.14,1.19,-1.09,1214.91,1047.0,0.0,340.0,328.0,
1770044931452484212,284864,8.86,4.2,10.528,0.0,-0.1,-0.04,-76.37,2.44,-6.63,-1.03,0.94,-1.11,1169.12,1410.0,0.0,340.0,328.0,
1770044931550782521,284964,8.956,4.2,9.092,1.2,0.02,-0.06,-78.25,2.25,-7.0,-1.07,0.56,0.07,1230.68,1410.0,0.0,340.0,328.0,
1770044931673648185,285063,10.596,5.1,10.572,0.0,-0.16,-0.18,-83.12,1.06,-8.88,-0.63,-0.77,1.5,12077.37,1297.0,0.0,340.0,328.0,
1770044931792444954,285185,8.696,4.8,10.572,0.0,-0.04,-0.16,-88.81,0.37,-10.38,-0.76,0.33,-0.61,12075.83,1325.0,0.0,340.0,328.0,
1770044931890742319,285304,8.692,4.7,10.616,0.0,-0.06,-0.1,-92.87,1.75,-10.0,0.36,0.5,-2.05,1208.73,1325.0,0.0,340.0,328.0,
1770044932009482846,285404,8.876,4.0,9.696,0.0,0.14,0.0,-93.31,3.0,-10.13,1.32,-0.21,-1.43,12076.52,2139.0,0.0,340.0,328.0,
1770044932132481919,285523,8.908,4.2,10.556,0.3,-0.14,0.0,-87.69,3.75,-12.31,1.54,-0.32,0.61,12077.03,1382.0,0.0,340.0,328.0,
1770044932230692078,285643,8.968,4.4,10.544,0.3,-0.1,-0.1,-78.81,2.75,-14.56,-0.1,0.11,0.45,1222.97,2229.0,0.0,340.0,328.0,
1770044932353564945,285743,8.952,3.8,10.568,0.1,0.06,-0.1,-70.87,1.94,-14.06,-0.68,0.47,-1.28,12076.0,2367.0,0.0,340.0,328.0,
1770044932451887772,285865,8.884,4.1,10.548,0.2,0.21,-0.08,-63.81,2.19,-12.63,-1.49,0.0,-1.39,1267.56,2367.0,0.0,340.0,328.0,
1770044932554286976,285965,8.888,4.2,10.548,0.0,-0.2,-0.04,-62.25,2.0,-12.69,-1.62,-0.63,0.75,1276.47,1887.0,0.0,340.0,328.0,
1770044932673043299,286065,8.688,4.8,10.556,0.1,0.08,-0.06,-63.44,1.63,-12.75,-0.85,-0.82,1.46,12075.31,1588.0,0.0,340.0,328.0,
1770044932775483355,286187,8.628,4.2,10.1,0.1,0.02,-0.14,-64.19,1.25,-11.13,-0.09,0.99,-1.45,1209.59,1588.0,0.0,340.0,328.0,
1770044932873784997,286287,8.964,4.1,9.068,1.2,-0.06,-0.02,-64.19,2.19,-10.38,0.73,0.4,-1.66,1226.22,1429.0,0.0,340.0,328.0,
1770044932996630863,286387,8.612,4.7,10.548,1.0,0.14,0.02,-60.63,2.69,-11.94,1.17,-0.26,-0.07,12074.46,1754.0,0.0,340.0,328.0,
1770044933094957838,286507,10.604,4.2,9.596,0.1,0.06,-0.12,-50.63,1.63,-14.69,1.7,-0.96,0.74,1332.55,1754.0,0.0,340.0,328.0,
1770044933217785129,286607,8.888,3.8,10.556,0.1,-0.06,0.02,-41.0,0.56,-14.94,0.57,0.32,-0.67,12078.23,1081.0,0.0,340.0,328.0,
1770044933340684513,286729,8.624,4.9,10.56,0.0,-0.06,-0.12,-32.31,0.37,-13.0,-0.01,0.2,-1.51,12078.4,1371.0,0.0,340.0,328.0,
1770044933438984469,286853,8.712,4.7,10.548,0.8,-0.04,-0.1,-28.19,0.63,-11.63,-0.91,0.15,-0.04,1239.26,1371.0,0.0,340.0,328.0,
1770044933541420210,286952,10.596,4.2,10.556,-0.1,0.08,-0.18,-29.25,-0.44,-11.81,-0.81,-1.02,0.97,1301.0,1235.0,0.0,340.0,328.0,
1770044933660185050,287052,8.904,4.3,10.568,0.1,-0.18,0.02,-30.0,-0.37,-12.5,0.87,0.32,0.05,12076.69,1478.0,0.0,340.0,328.0,
1770044933758501784,287171,8.924,4.5,9.096,1.0,-0.02,-0.04,-29.31,-0.63,-11.5,0.33,0.66,-1.8,1258.47,1478.0,0.0,340.0,328.0,
1770044933860881523,287271,8.688,4.4,10.572,0.0,0.02,-0.14,-28.06,-0.12,-10.69,0.43,-0.15,-1.02,1299.63,1702.0,0.0,340.0,328.0,
1770044933959190294,287371,8.7,4.5,9.296,0.8,-0.04,-0.04,-23.75,1.12,-11.5,1.23,-0.49,0.21,1255.72,1187.0,0.0,340.0,328.0,
1770044934077963615,287471,10.596,3.7,9.324,0.7,-0.06,-0.04,-16.06,1.5,-12.5,1.53,-0.52,0.57,12076.34,1335.0,0.0,340.0,328.0,
1770044934196790863,287591,8.956,4.4,10.536,-0.1,-0.04,-0.1,-6.63,1.31,-11.63,0.23,0.66,-1.47,12077.37,1335.0,0.0,340.0,328.0,
1770044934315516535,287708,8.952,4.3,10.564,0.0,-0.08,0.06,0.63,1.31,-10.75,-0.44,0.24,-1.53,12077.2,1733.0,0.0,340.0,328.0,
1770044934438408418,287827,8.904,4.4,10.564,-0.1,-0.06,-0.14,4.69,0.5,-12.13,-0.83,0.79,0.0,12077.03,1196.0,0.0,340.0,328.0,
1770044934557205480,287948,8.616,4.5,10.576,0.1,0.06,0.0,4.81,-2.13,-13.88,-0.45,-1.3,1.75,12077.37,1288.0,0.0,340.0,328.0,
1770044934681967938,288068,8.64,4.2,10.548,0.1,-0.1,-0.04,3.81,-1.69,-14.0,-0.03,0.41,-0.97,12077.2,1288.0,0.0,340.0,328.0,
1770044934774290293,288185,8.72,4.8,10.572,0.1,-0.16,-0.04,2.06,0.06,-12.69,-0.13,0.28,-2.04,1239.26,2043.0,0.0,340.0,328.0,
1770044934872548636,288285,8.684,4.6,10.572,-0.1,0.1,-0.16,2.0,1.5,-12.63,0.42,0.2,-0.8,1302.37,2043.0,0.0,340.0,328.0,
1770044934995458149,288386,8.628,4.7,10.564,-0.1,0.02,-0.06,5.69,2.44,-13.75,0.7,-0.17,0.66,12077.03,1555.0,0.0,340.0,328.0,
1770044935093800808,288506,8.708,4.7,10.612,0.8,-0.1,-0.16,12.38,2.88,-14.38,1.0,-0.55,0.56,1275.79,1569.0,0.0,340.0,328.0,
1770044935216618781,288606,10.604,4.2,10.568,0.1,0.02,0.04,17.37,3.25,-13.44,0.07,0.28,-1.73,12077.03,2115.0,0.0,340.0,328.0,
1770044935347714196,288729,8.984,4.0,10.56,0.1,0.04,-0.06,22.5,3.81,-13.94,-0.7,0.3,-1.62,12075.83,1790.0,0.0,340.0,328.0,
1770044935446017835,288858,8.984,4.1,10.54,0.3,-0.06,-0.21,25.06,3.69,-15.88,-1.93,0.56,-0.11,1285.05,1790.0,0.0,340.0,328.0,
1770044935564790766,288957,8.964,4.2,10.552,0.0,-0.12,-0.16,22.44,2.06,-15.63,-1.5,-1.04,1.16,12077.37,1509.0,0.0,340.0,328.0,
1770044935687667555,289077,8.984,4.1,9.096,0.3,-0.02,0.0,16.62,1.94,-14.13,-0.47,-0.46,-0.58,12075.49,1867.0,0.0,340.0,328.0,
1770044935810551437,289200,8.68,4.8,10.572,0.1,0.04,-0.12,9.94,3.25,-13.19,0.07,-0.26,-1.59,12073.77,2094.0,0.0,340.0,328.0,
1770044935921136022,289319,8.64,4.8,10.568,-0.3,-0.04,-0.02,6.19,3.88,-13.94,0.56,-0.13,-0.21,12076.86,2094.0,0.0,340.0,328.0,
1770044936044017182,289432,8.628,4.6,10.572,0.1,-0.04,-0.12,8.63,4.0,-15.56,1.74,-0.94,0.93,12077.03,1972.0,0.0,340.0,328.0,
1770044936166912285,289553,8.636,4.7,10.58,0.6,-0.08,0.02,14.5,2.56,-15.94,0.93,-0.47,0.11,12075.49,785.0,0.0,340.0,328.0,
1770044936285694234,289676,8.904,3.8,10.576,0.3,0.08,-0.06,19.37,1.56,-15.0,0.35,-0.12,-1.48,12076.34,1030.0,0.0,340.0,328.0,
1770044936396254539,289795,8.916,4.4,9.12,1.1,-0.06,-0.12,22.69,1.63,-15.31,-0.26,-0.02,-0.79,12076.52,1030.0,0.0,340.0,328.0,
1770044936519163439,289908,8.716,4.7,10.572,0.1,-0.02,-0.02,22.5,0.19,-16.62,0.32,-1.25,0.51,12077.37,1527.0,0.0,340.0,328.0,
1770044936637919499,290030,8.724,4.6,10.576,0.1,-0.06,-0.1,22.94,-2.5,-17.25,0.33,-1.11,0.6,12075.31,1072.0,0.0,340.0,328.0,
1770044936760810769,290147,8.716,4.5,10.572,0.2,-0.12,-0.1,25.06,-2.44,-16.5,0.64,0.09,-0.4,12076.34,1711.0,0.0,340.0,328.0,
1770044936875492563,290271,8.736,4.8,10.564,0.1,-0.18,-0.06,29.19,-0.94,-14.75,1.04,-0.43,-0.85,12078.23,1711.0,0.0,340.0,328.0,
1770044936994279752,290384,8.728,4.3,10.576,0.0,0.08,-0.04,36.81,0.12,-14.88,1.54,-1.17,-0.08,12076.0,2372.0,0.0,340.0,328.0,
1770044937113023903,290504,8.924,4.2,9.128,0.9,-0.06,-0.12,47.25,-0.12,-15.13,1.15,-0.56,0.14,12077.54,2553.0,0.0,340.0,328.0,
1770044937235900505,290625,8.628,4.4,10.564,0.3,0.04,-0.1,57.63,0.12,-13.88,0.78,0.5,-1.36,12076.0,1510.0,0.0,340.0,328.0,
1770044937350609632,290747,8.732,4.7,10.544,0.2,-0.06,-0.12,66.0,2.63,-13.25,0.4,0.46,-0.73,12077.03,1510.0,0.0,340.0,328.0,
1770044937469388117,290862,8.692,4.6,9.444,0.2,-0.04,-0.04,70.19,3.13,-13.19,-0.47,-0.31,0.5,12076.69,1190.0,0.0,340.0,328.0,
1770044937592341757,290981,8.9,4.4,9.648,0.0,0.02,-0.06,72.5,1.94,-12.81,-0.7,-0.81,0.52,12075.83,1375.0,0.0,340.0,328.0,
1770044937715160747,291100,8.912,4.3,10.556,0.0,-0.06,-0.12,75.06,1.19,-12.13,-0.08,-0.19,-0.38,12076.17,1204.0,0.0,340.0,328.0,
1770044937825733700,291224,8.976,4.0,9.304,1.2,0.04,-0.12,77.31,1.12,-11.75,0.05,-0.03,-1.01,12078.57,1204.0,0.0,340.0,328.0,
1770044937948628988,291338,8.748,4.6,10.584,0.1,-0.12,-0.1,80.0,1.06,-12.38,0.22,0.1,-0.63,12079.77,1528.0,0.0,340.0,328.0,
1770044938046919514,291457,8.724,4.5,10.572,0.2,-0.02,-0.06,85.75,1.56,-13.38,0.36,-0.7,0.02,1221.08,1528.0,0.0,340.0,328.0,
1770044938145207298,291557,8.62,4.6,9.332,0.9,0.04,-0.18,91.87,1.75,-13.94,0.53,-0.12,-0.08,1302.89,1921.0,0.0,340.0,328.0,
1770044938276282635,291657,10.624,3.9,9.344,0.9,-0.08,-0.08,97.0,1.63,-12.81,0.4,0.26,-1.04,12077.2,1445.0,0.0,340.0,328.0,
1770044938374602809,291786,10.616,4.1,9.344,0.7,0.1,-0.04,102.12,2.94,-12.19,0.34,0.17,-1.26,1258.47,1499.0,0.0,340.0,328.0,
1770044938493358422,291886,8.884,3.8,10.556,0.0,-0.02,-0.02,104.56,3.13,-12.69,0.01,0.35,-0.62,12076.69,1253.0,0.0,340.0,328.0,
1770044938612170647,292004,8.904,3.9,9.152,1.2,-0.02,-0.18,104.87,1.31,-13.44,-0.4,-0.28,-0.02,12078.06,1253.0,0.0,340.0,328.0,
1770044938735048248,292121,10.036,4.4,10.568,0.2,-0.02,-0.08,104.62,-0.25,-13.25,-0.83,-0.79,0.27,12077.89,1658.0,0.0,340.0,328.0,
1770044938853839491,292243,8.756,4.6,10.576,0.2,0.08,-0.12,104.0,0.63,-12.25,-0.46,-0.18,-0.45,12075.14,1155.0,0.0,340.0,328.0,
1770044938972611142,292363,8.704,4.2,9.328,0.8,-0.06,-0.12,101.87,1.25,-11.38,-0.69,-0.09,-0.55,12075.66,1231.0,0.0,340.0,328.0,
1770044939087330193,292483,8.936,3.9,9.12,0.2,-0.08,-0.14,99.56,1.25,-11.63,-0.32,0.19,-0.37,12079.95,1231.0,0.0,340.0,328.0,
1770044939210162904,292597,8.732,4.6,10.58,0.1,0.06,0.0,98.75,2.25,-12.63,0.17,-0.08,-0.07,12078.4,2207.0,0.0,340.0,328.0,
1770044939312604899,292720,8.732,4.2,9.292,0.1,-0.08,-0.16,99.69,3.0,-13.25,0.72,-0.9,0.28,1221.59,2207.0,0.0,340.0,328.0,
1770044939431353418,292820,8.9,4.1,10.588,0.2,-0.1,0.0,100.25,2.75,-13.19,1.04,-0.65,-0.72,12077.72,1804.0,0.0,340.0,328.0,
1770044939533767486,292942,8.9,4.0,10.576,0.2,-0.04,-0.08,101.12,3.63,-12.25,0.5,-0.34,-0.63,1307.34,1727.0,0.0,340.0,328.0,
1770044939652558080,293042,8.9,4.2,10.576,0.0,-0.08,-0.1,100.75,3.94,-12.19,0.32,-0.07,-0.54,12076.17,1975.0,0.0,340.0,328.0,
1770044939775430273,293161,8.908,4.4,9.164,1.1,-0.14,-0.06,98.56,4.19,-12.06,0.14,0.15,-0.63,12078.75,2124.0,0.0,340.0,328.0,
1770044939873722557,293283,8.72,4.8,10.58,0.0,-0.1,-0.12,96.25,4.38,-12.0,0.19,0.16,-0.47,1243.03,2124.0,0.0,340.0,328.0,
1770044939992500058,293383,8.648,4.7,10.584,0.1,0.04,-0.02,94.31,4.38,-11.94,0.0,0.05,-0.36,12077.03,1608.0,0.0,340.0,328.0,
1770044940111275892,293501,8.644,4.9,9.464,0.7,0.04,0.02,91.12,4.0,-11.69,-0.83,0.06,-0.84,12075.83,1761.0,0.0,340.0,328.0,
1770044940209508637,293621,10.624,4.1,9.872,-0.1,0.02,-0.06,85.25,3.75,-11.56,-0.73,0.49,-1.0,1228.8,1761.0,0.0,340.0,328.0,
1770044940332431960,293721,8.96,4.2,10.58,0.1,-0.1,0.0,79.31,4.69,-11.31,-0.81,0.49,-0.69,12077.37,1837.0,0.0,340.0,328.0,
1770044940455337597,293842,8.948,4.0,10.58,0.1,0.04,-0.02,73.12,5.69,-10.06,-0.47,0.44,-1.1,12076.69,1345.0,0.0,340.0,328.0,
1770044940574118153,293963,8.972,4.0,10.356,-0.1,0.06,-0.04,69.75,6.38,-8.88,-0.16,-0.46,-1.33,12076.86,2062.0,0.0,340.0,328.0,
1770044940692912635,294083,8.64,4.9,10.588,0.1,0.0,-0.06,67.75,7.44,-9.0,0.51,0.02,-1.57,12079.26,2062.0,0.0,340.0,328.0,
1770044940791178806,294202,8.984,4.1,10.584,0.0,0.06,0.06,65.06,8.06,-9.38,0.04,-0.01,-1.73,1007.05,1914.0,0.0,340.0,328.0,
1770044940910003789,294302,8.984,3.9,9.148,0.8,-0.04,0.08,62.63,7.25,-8.56,-0.51,0.08,-2.19,12077.03,1036.0,0.0,340.0,328.0,
1770044941012400542,294419,8.744,4.6,10.152,0.2,0.0,0.02,58.0,6.69,-7.13,-0.96,-0.4,-1.74,806.22,1036.0,0.0,340.0,328.0,
1770044941110705750,294519,9.016,4.4,10.592,0.3,-0.1,-0.06,52.69,6.81,-6.25,-1.37,-0.96,-0.2,788.56,1579.0,0.0,340.0,328.0,
1770044941208967087,294618,8.908,4.2,10.588,0.2,0.08,0.1,48.06,6.06,-5.31,-1.53,-0.67,0.1,673.14,1579.0,0.0,340.0,328.0,
1770044941327767921,294718,8.908,4.1,9.144,1.0,0.04,-0.1,44.5,4.19,-4.81,-1.72,-0.85,0.72,12078.57,884.0,0.0,340.0,328.0,
1770044941450665279,294838,8.672,4.5,10.588,0.2,0.0,-0.04,41.56,2.0,-5.0,-1.14,-0.57,1.22,12076.86,557.0,0.0,340.0,328.0,
1770044941569428260,294960,8.732,4.7,10.592,-0.2,0.02,-0.08,39.69,-0.75,-4.75,-0.63,-0.47,1.08,12074.11,438.0,0.0,340.0,328.0,
1770044941692314210,295078,8.708,4.8,10.592,0.2,-0.12,-0.12,38.38,-1.06,-5.69,0.03,-0.15,0.77,12072.91,385.0,0.0,340.0,328.0,
1770044941807020963,295201,8.668,4.5,10.596,0.1,0.06,-0.1,37.94,-1.31,-6.06,-0.31,-0.44,0.23,12074.97,385.0,0.0,340.0,328.0,
1770044941929880191,295317,8.988,3.7,9.128,0.2,-0.02,0.06,37.56,-1.0,-5.81,-0.04,-0.23,0.02,12076.86,319.0,0.0,340.0,328.0,
1770044942048668987,295437,8.74,4.5,10.672,0.1,-0.04,-0.12,36.31,0.12,-5.88,0.57,-0.23,-0.1,12076.52,257.0,0.0,340.0,328.0,
1770044942171472101,295558,9.0,4.1,10.592,0.1,-0.12,-0.16,35.25,-0.69,-5.94,-0.35,-0.03,-0.22,12074.63,235.0,0.0,340.0,328.0,
1770044942294372829,295682,8.908,4.2,10.6,0.2,-0.06,-0.08,34.31,-1.69,-5.69,-0.53,0.76,0.65,12076.17,214.0,0.0,340.0,328.0,
1770044942404957000,295800,8.992,3.8,10.66,1.0,-0.08,-0.04,34.88,-1.12,-4.31,0.02,-0.05,-0.54,12076.52,214.0,0.0,340.0,328.0,
1770044942527890618,295915,8.768,4.6,9.316,0.1,0.0,-0.12,36.31,-1.19,-2.94,-0.26,-0.67,0.51,12074.8,195.0,0.0,340.0,328.0,
1770044942646661727,296035,10.392,4.4,10.584,0.1,-0.02,-0.08,36.44,-1.56,-2.38,-0.43,-0.1,-0.33,12075.49,182.0,0.0,340.0,328.0,
1770044942769560789,296155,9.004,4.4,10.588,0.1,-0.08,-0.04,36.44,-1.69,-2.38,-0.17,0.02,-0.39,12075.66,187.0,0.0,340.0,328.0,
1770044942884228095,296278,9.036,4.2,10.58,0.2,-0.02,-0.1,36.44,-1.81,-2.44,-0.18,0.0,-0.39,12077.2,187.0,0.0,340.0,328.0,
1770044943003010298,296390,9.016,4.1,10.58,0.2,-0.06,-0.16,36.44,-1.88,-2.44,-0.16,0.01,-0.42,12075.66,181.0,0.0,340.0,328.0,
1770044943121771555,296511,9.012,4.1,10.576,0.0,0.0,-0.08,36.44,-1.94,-2.44,-0.15,0.03,-0.44,12076.0,184.0,0.0,340.0,328.0,
1770044943244627114,296631,9.0,4.1,10.532,1.0,0.02,0.12,36.44,-2.06,-2.5,-0.12,0.0,-0.4,12074.97,183.0,0.0,340.0,328.0,
1770044943359332939,296753,8.692,4.3,10.476,0.1,0.06,-0.08,36.44,-2.13,-2.5,-0.13,0.01,-0.42,12076.34,183.0,0.0,340.0,328.0,
1770044943482302594,296866,8.94,3.9,10.584,0.1,-0.04,-0.06,36.44,-2.13,-2.5,-0.12,0.01,-0.4,12076.0,185.0,0.0,340.0,328.0,
1770044943601018461,296988,10.652,4.0,9.132,0.9,-0.1,0.02,36.44,-2.19,-2.5,-0.09,0.02,-0.42,12075.83,188.0,0.0,340.0,328.0,
1770044943727995527,297110,10.648,4.4,10.576,0.1,-0.04,-0.08,36.44,-2.25,-2.5,-0.08,0.01,-0.43,12076.52,183.0,0.0,340.0,328.0,
1770044943838554586,297234,10.664,3.9,9.32,0.9,-0.02,-0.04,36.44,-2.25,-2.56,-0.08,0.03,-0.41,12077.89,183.0,0.0,340.0,328.0,
1770044943961463387,297348,10.664,3.8,9.324,0.0,-0.06,-0.12,36.44,-2.25,-2.56,-0.1,0.03,-0.41,12077.54,190.0,0.0,340.0,328.0,
1770044944088441582,297467,9.02,4.2,10.58,0.0,0.04,0.02,36.44,-2.25,-2.56,-0.1,-0.01,-0.42,12076.17,189.0,0.0,340.0,328.0,
1770044944207208635,297594,8.992,4.2,10.58,0.1,0.06,-0.06,36.44,-2.25,-2.56,-0.1,0.02,-0.4,12075.31,190.0,0.0,340.0,328.0,
1770044944325956242,297715,8.952,4.0,10.588,0.1,0.1,-0.04,36.44,-2.25,-2.56,-0.1,0.02,-0.41,12076.69,190.0,0.0,340.0,328.0,
1770044944444797741,297833,9.008,4.0,10.592,0.1,-0.02,-0.1,36.44,-2.25,-2.56,-0.08,0.02,-0.39,12078.4,189.0,0.0,340.0,328.0,
1770044944563576293,297953,8.952,4.0,10.572,0.3,-0.04,-0.04,36.44,-2.25,-2.56,-0.09,0.0,-0.41,12078.57,187.0,0.0,340.0,328.0,
1770044944682347883,298072,9.032,4.3,9.144,1.2,0.0,-0.2,36.44,-2.25,-2.56,-0.11,0.02,-0.42,12074.63,187.0,0.0,340.0,328.0,
1770044944801143584,298191,8.688,4.8,10.592,-0.2,-0.14,-0.06,36.44,-2.25,-2.56,-0.1,0.02,-0.38,12077.54,187.0,0.0,340.0,328.0,
1770044944924011624,298308,8.78,4.4,10.588,0.2,0.06,-0.02,36.44,-2.25,-2.56,-0.09,0.0,-0.39,12075.66,190.0,0.0,340.0,328.0,
1770044945042782695,298429,8.7,3.9,9.356,0.8,0.12,0.06,36.44,-2.25,-2.56,-0.1,0.01,-0.41,12075.83,188.0,0.0,340.0,328.0,
1770044945165658309,298551,9.028,4.2,10.584,0.3,-0.02,-0.02,36.44,-2.25,-2.56,-0.1,0.01,-0.38,12074.8,187.0,0.0,340.0,328.0,
1770044945284413101,298672,8.7,4.6,10.6,0.1,-0.02,-0.08,36.44,-2.25,-2.56,-0.1,0.01,-0.43,12076.17,187.0,0.0,340.0,328.0,
1770044945403236376,298790,8.704,4.9,10.584,-0.1,0.06,-0.12,36.44,-2.25,-2.56,-0.07,0.02,-0.4,12076.52,190.0,0.0,340.0,328.0,
1770044945522013132,298909,8.744,4.9,10.584,0.1,-0.04,-0.1,36.44,-2.25,-2.56,-0.09,0.02,-0.41,12076.52,182.0,0.0,340.0,328.0,
1770044945640801054,299028,8.704,4.6,10.576,0.1,-0.04,0.02,36.44,-2.25,-2.56,-0.11,0.02,-0.4,12076.86,188.0,0.0,340.0,328.0,
1770044945763679094,299148,8.784,4.6,10.596,0.1,0.04,-0.08,36.44,-2.25,-2.56,-0.09,0.0,-0.39,12075.83,192.0,0.0,340.0,328.0,
1770044945878341380,299269,8.692,4.7,10.024,0.6,0.06,-0.02,36.44,-2.25,-2.56,-0.1,0.0,-0.41,12077.37,192.0,0.0,340.0,328.0,
1770044946001239346,299386,8.96,4.0,9.168,1.1,-0.06,0.0,36.44,-2.25,-2.56,-0.07,0.02,-0.43,12077.03,190.0,0.0,340.0,328.0,
1770044946119994804,299507,8.788,4.7,10.588,0.0,0.06,-0.1,36.44,-2.25,-2.56,-0.09,0.01,-0.4,12075.14,187.0,0.0,340.0,328.0,
1770044946242901121,299628,8.792,4.8,10.58,0.0,-0.02,-0.14,36.44,-2.25,-2.56,-0.08,0.01,-0.42,12076.34,188.0,0.0,340.0,328.0,
1770044946357545777,299749,8.744,4.1,10.6,-0.1,0.02,0.04,36.44,-2.25,-2.56,-0.09,0.0,-0.4,12077.03,188.0,0.0,340.0,328.0,
1770044946480459483,299865,8.892,4.4,9.32,-0.1,0.1,-0.04,36.44,-2.25,-2.56,-0.09,0.01,-0.41,12076.86,187.0,0.0,340.0,328.0,
1770044946599241738,299985,9.02,4.1,10.58,0.1,-0.04,-0.02,36.44,-2.25,-2.56,-0.11,0.0,-0.41,12075.66,186.0,0.0,340.0,328.0,
1770044946722120703,300106,9.016,3.7,10.584,0.0,0.06,0.02,36.44,-2.25,-2.56,-0.09,0.02,-0.39,12076.34,186.0,0.0,340.0,328.0,
1770044946836840008,300227,8.944,4.4,10.588,-0.1,0.06,-0.16,36.44,-2.25,-2.56,-0.09,0.0,-0.43,12077.2,186.0,0.0,340.0,328.0,
1770044946959688731,300345,9.012,3.7,10.592,0.1,-0.08,-0.08,36.44,-2.25,-2.56,-0.09,0.02,-0.39,12076.17,182.0,0.0,340.0,328.0,
1770044947086670665,300467,8.696,4.9,10.6,0.1,0.0,-0.16,36.44,-2.25,-2.56,-0.1,0.0,-0.4,12074.97,187.0,0.0,340.0,328.0,
1770044947205397233,300594,8.768,4.7,10.588,0.0,-0.04,-0.12,36.44,-2.25,-2.56,-0.1,0.01,-0.41,12074.8,183.0,0.0,340.0,328.0,
1770044947320152538,300713,8.772,4.8,10.584,0.0,0.04,-0.02,36.44,-2.25,-2.56,-0.1,0.0,-0.43,12075.49,183.0,0.0,340.0,328.0,
1770044947443006983,300827,8.72,4.7,10.588,0.2,0.0,-0.08,36.44,-2.25,-2.56,-0.09,0.0,-0.4,12076.86,192.0,0.0,340.0,328.0,
1770044947561727570,300949,8.756,4.4,9.324,0.7,-0.08,0.0,36.44,-2.25,-2.56,-0.11,0.01,-0.42,12076.69,186.0,0.0,340.0,328.0,
1770044947684662702,301070,8.944,3.7,10.592,0.0,0.12,-0.16,36.44,-2.25,-2.56,-0.1,0.0,-0.41,12077.03,187.0,0.0,340.0,328.0,
1770044947795215220,301190,10.668,4.4,10.288,0.0,-0.04,0.08,36.44,-2.25,-2.56,-0.09,0.01,-0.43,12076.86,187.0,0.0,340.0,328.0,
1770044947922239044,301303,8.752,4.6,10.576,0.3,0.06,-0.08,36.44,-2.25,-2.56,-0.08,0.01,-0.42,12075.31,186.0,0.0,340.0,328.0,
1770044948041035705,301427,8.7,4.7,10.58,0.2,-0.08,-0.04,36.44,-2.25,-2.56,-0.09,0.01,-0.42,12077.2,182.0,0.0,340.0,328.0,
1770044948163913280,301548,8.764,5.0,10.6,0.1,0.0,-0.08,36.44,-2.25,-2.56,-0.1,0.0,-0.43,12076.69,183.0,0.0,340.0,328.0,
1770044948282585735,301669,10.488,4.1,9.32,0.9,0.04,0.02,36.44,-2.25,-2.56,-0.11,0.01,-0.41,12074.97,183.0,0.0,340.0,328.0,
1770044948405522774,301790,10.672,4.1,9.324,0.0,-0.04,-0.16,36.44,-2.25,-2.56,-0.1,0.01,-0.41,12076.86,183.0,0.0,340.0,328.0,
1770044948524337250,301910,9.016,4.0,10.564,0.2,-0.06,-0.08,36.44,-2.25,-2.56,-0.1,0.01,-0.41,12079.09,183.0,0.0,340.0,328.0,
1770044948647211084,302031,9.024,4.2,10.584,0.1,0.0,-0.02,36.44,-2.25,-2.56,-0.1,0.02,-0.41,12078.4,179.0,0.0,340.0,328.0,
1770044948770158975,302152,8.948,4.1,10.588,0.2,-0.04,-0.04,36.44,-2.25,-2.56,-0.1,0.0,-0.43,12078.06,185.0,0.0,340.0,328.0,
1770044948884781202,302274,8.944,4.0,10.592,0.0,0.06,-0.08,36.44,-2.25,-2.56,-0.11,0.0,-0.41,12078.57,185.0,0.0,340.0,328.0,
1770044949003527399,302389,8.988,4.2,10.58,0.1,-0.02,-0.04,36.44,-2.25,-2.56,-0.09,0.0,-0.42,12079.95,183.0,0.0,340.0,328.0,
1770044949122351838,302511,10.268,4.2,9.172,1.0,0.0,-0.02,36.44,-2.25,-2.56,-0.08,0.01,-0.41,12077.89,186.0,0.0,340.0,328.0,
1770044949241071257,302628,8.76,5.0,10.592,-0.1,0.08,-0.12,36.44,-2.25,-2.56,-0.11,0.01,-0.41,12077.37,188.0,0.0,340.0,328.0,
1770044949355780337,302748,8.704,4.5,10.604,-0.1,-0.18,-0.14,36.44,-2.25,-2.56,-0.09,0.01,-0.41,12078.4,188.0,0.0,340.0,328.0,
1770044949478695745,302862,8.78,4.5,10.58,0.1,-0.2,-0.1,36.44,-2.25,-2.56,-0.09,0.0,-0.42,12081.15,187.0,0.0,340.0,328.0,
1770044949597470887,302983,8.716,3.8,10.584,0.1,-0.12,-0.18,36.44,-2.25,-2.56,-0.1,0.02,-0.4,12079.09,184.0,0.0,340.0,328.0,
1770044949716204787,303102,8.96,4.0,10.596,-0.1,-0.25,-0.08,36.44,-2.25,-2.56,-0.09,0.0,-0.43,12077.72,183.0,0.0,340.0,328.0,
1770044949830913219,303223,8.988,4.3,10.588,0.1,0.08,-0.08,36.44,-2.25,-2.56,-0.08,0.0,-0.4,12078.23,183.0,0.0,340.0,328.0,
1770044949953810127,303338,8.972,4.0,9.192,1.0,-0.02,-0.1,36.44,-2.25,-2.56,-0.09,0.01,-0.38,12081.15,186.0,0.0,340.0,328.0,
1770044950080799022,303460,10.664,4.4,10.584,0.0,-0.04,-0.06,36.44,-2.25,-2.56,-0.09,0.01,-0.42,12077.37,187.0,0.0,340.0,328.0,
1770044950199550495,303585,8.772,4.4,10.596,0.2,-0.08,0.0,36.44,-2.25,-2.56,-0.1,0.02,-0.4,12077.03,189.0,0.0,340.0,328.0,
1770044950314228334,303705,9.82,4.1,9.348,0.8,0.14,0.0,36.44,-2.25,-2.56,-0.1,0.0,-0.43,12079.6,189.0,0.0,340.0,328.0,
1770044950433009697,303819,10.672,4.2,10.6,0.0,-0.06,0.02,36.44,-2.25,-2.56,-0.09,0.0,-0.4,12078.4,184.0,0.0,340.0,328.0,
1770044950560014055,303940,9.024,4.1,9.156,1.2,0.1,0.12,36.44,-2.25,-2.56,-0.1,0.0,-0.4,12078.4,184.0,0.0,340.0,328.0,
1770044950678795807,304063,10.656,4.1,9.164,1.1,-0.14,-0.2,36.44,-2.25,-2.56,-0.09,0.0,-0.42,12077.03,189.0,0.0,340.0,328.0,
1770044950793500943,304183,10.672,4.6,10.604,0.2,-0.08,0.08,36.44,-2.25,-2.56,-0.1,0.01,-0.41,12079.43,189.0,0.0,340.0,328.0,
1770044950912273398,304296,8.712,4.1,9.388,0.2,-0.02,-0.1,36.44,-2.25,-2.56,-0.08,0.0,-0.42,12079.26,187.0,0.0,340.0,328.0,
1770044951035152083,304416,9.444,4.1,9.14,0.1,-0.1,-0.1,36.44,-2.25,-2.56,-0.1,0.02,-0.43,12078.4,190.0,0.0,340.0,328.0,
1770044951153944205,304538,8.736,4.7,10.612,0.1,-0.06,0.02,36.44,-2.25,-2.56,-0.08,0.0,-0.39,12077.89,181.0,0.0,340.0,328.0,
1770044951268572412,304658,8.704,4.1,9.36,0.6,-0.04,0.0,36.44,-2.25,-2.56,-0.11,0.0,-0.39,12078.23,181.0,0.0,340.0,328.0,
1770044951387391090,304772,9.516,4.4,10.612,0.9,-0.04,0.0,36.44,-2.25,-2.56,-0.1,0.02,-0.42,12077.2,188.0,0.0,340.0,328.0,
1770044951510283811,304891,10.672,4.2,9.34,0.0,0.02,-0.04,36.44,-2.25,-2.56,-0.09,0.01,-0.4,12076.86,183.0,0.0,340.0,328.0,
1770044951629059248,305013,10.364,4.1,9.128,0.1,-0.1,-0.02,36.44,-2.25,-2.56,-0.07,0.01,-0.39,12075.31,185.0,0.0,340.0,328.0,
1770044951743746049,305133,8.768,4.8,10.588,-0.2,-0.02,-0.06,36.44,-2.25,-2.56,-0.09,0.0,-0.42,12079.09,185.0,0.0,340.0,328.0,
1770044951862517374,305247,8.776,4.5,10.596,0.2,0.02,-0.12,36.44,-2.25,-2.56,-0.09,0.0,-0.38,12078.57,185.0,0.0,340.0,328.0,
1770044951981300793,305366,8.712,4.5,10.604,-0.1,0.08,-0.08,36.44,-2.25,-2.56,-0.08,0.0,-0.38,12077.54,186.0,0.0,340.0,328.0,
1770044952104179587,305485,8.732,4.5,9.348,0.9,-0.06,-0.06,36.44,-2.25,-2.56,-0.09,0.0,-0.41,12076.69,191.0,0.0,340.0,328.0,
1770044952218873777,305607,10.676,3.8,10.584,0.1,-0.02,0.0,36.44,-2.25,-2.56,-0.1,0.03,-0.42,12078.57,191.0,0.0,340.0,328.0,
1770044952337610730,305721,9.024,4.1,10.584,0.2,-0.02,-0.06,36.44,-2.25,-2.56,-0.08,0.02,-0.41,12079.09,183.0,0.0,340.0,328.0,
1770044952460522877,305843,9.04,4.1,10.588,0.0,-0.12,-0.06,36.44,-2.25,-2.56,-0.09,0.0,-0.41,12063.31,188.0,0.0,340.0,328.0,
1770044952583412931,305964,8.968,4.1,10.6,0.0,0.0,-0.02,36.44,-2.25,-2.56,-0.09,0.0,-0.41,12075.66,176.0,0.0,340.0,328.0,
1770044952706296206,306088,9.04,4.1,10.704,0.2,0.1,0.04,36.44,-2.25,-2.56,-0.1,0.0,-0.43,12078.4,181.0,0.0,340.0,328.0,
1770044952820978099,306208,8.784,4.8,10.596,-0.1,0.1,-0.02,36.44,-2.25,-2.56,-0.09,0.0,-0.37,12077.72,181.0,0.0,340.0,328.0,
1770044952939729165,306323,9.34,4.2,10.576,0.0,0.06,-0.08,36.44,-2.25,-2.56,-0.08,0.0,-0.43,12078.92,187.0,0.0,340.0,328.0,
1770044953062635941,306443,10.636,3.8,9.14,1.2,0.04,-0.1,36.44,-2.25,-2.56,-0.08,0.01,-0.45,12078.57,187.0,0.0,340.0,328.0,
1770044953189568147,306566,10.68,4.2,10.268,0.1,-0.14,-0.06,36.44,-2.25,-2.56,-0.1,0.01,-0.4,12079.6,186.0,0.0,340.0,328.0,
1770044953304248021,306693,8.764,4.7,10.128,0.0,-0.04,-0.12,36.44,-2.25,-2.56,-0.1,0.0,-0.43,12079.77,186.0,0.0,340.0,328.0,
1770044953423065198,306807,9.04,3.8,10.584,-0.2,-0.18,0.04,36.44,-2.25,-2.56,-0.09,0.02,-0.41,12079.09,180.0,0.0,340.0,328.0,
1770044953541842948,306926,9.916,4.2,9.16,1.1,-0.06,0.0,36.44,-2.25,-2.56,-0.08,0.02,-0.4,12076.34,185.0,0.0,340.0,328.0,
1770044953664733038,307046,8.816,4.3,10.588,-0.1,0.06,0.0,36.44,-2.25,-2.56,-0.09,0.0,-0.4,12077.54,187.0,0.0,340.0,328.0,
1770044953779424412,307170,8.732,4.6,10.388,0.3,-0.06,-0.12,36.44,-2.25,-2.56,-0.09,0.0,-0.4,12078.57,187.0,0.0,340.0,328.0,
1770044953898204718,307282,9.016,4.1,10.588,0.3,-0.06,-0.02,36.44,-2.25,-2.56,-0.09,0.04,-0.43,12079.26,180.0,0.0,340.0,328.0,
1770044954021085215,307402,10.672,4.2,10.612,0.1,0.0,-0.06,36.44,-2.25,-2.56,-0.08,0.0,-0.41,12077.72,188.0,0.0,0.71,340.0,328.0
1770044954144050343,307523,9.872,61.3,10.224,1.5,0.08,1.56,36.44,-2.25,-2.56,-0.02,-0.04,-0.53,12055.08,188.0,0.0,16.14,340.0,328.0
1770044954258618011,307646,8.944,34.9,10.528,0.5,-0.04,1.13,36.06,-2.44,-2.56,-0.09,0.21,-0.45,12057.65,188.0,0.0,17.69,340.0,328.0
1770044954377392483,307761,10.6,37.9,10.536,0.6,-0.02,1.58,35.44,-2.44,-2.5,-0.05,0.04,-0.42,12055.94,189.0,0.0,18.09,340.0,328.0
1770044954496181566,307883,9.432,36.3,10.508,0.6,-0.02,1.35,34.75,-2.38,-2.5,-0.1,0.0,-0.38,12056.11,186.0,0.0,18.24,340.0,328.0
1770044954623192273,308001,10.588,39.6,10.14,-0.1,-0.02,1.35,34.25,-2.63,-2.5,-0.18,0.12,-0.47,12056.28,184.0,0.0,18.79,340.0,328.0
1770044954737875017,308125,10.472,47.8,10.54,0.3,-0.02,2.01,33.63,-2.69,-2.63,-0.06,-0.06,-0.36,12057.14,184.0,0.0,17.42,340.0,328.0
1770044954856654396,308240,8.944,46.3,10.204,-0.2,0.14,1.45,33.0,-2.75,-2.63,-0.14,0.02,-0.39,12059.02,186.0,0.0,17.4,340.0,328.0
1770044954975432276,308359,8.664,58.8,10.528,0.1,-0.08,1.78,32.44,-2.81,-2.69,-0.11,-0.02,-0.3,12058.68,195.0,0.0,16.98,340.0,328.0
1770044955094228526,308480,10.544,37.9,9.524,-1.6,-0.04,1.6,31.94,-2.94,-2.75,-0.2,0.06,-0.45,12060.74,190.0,0.0,15.44,340.0,328.0
1770044955212961755,308598,9.924,57.7,10.468,1.1,0.06,1.46,31.31,-3.0,-2.75,-0.12,0.04,-0.41,12059.02,190.0,0.0,15.51,340.0,328.0
1770044955335836214,308717,10.564,47.0,10.42,3.0,0.14,1.54,30.75,-3.0,-2.75,-0.08,0.0,-0.41,12060.05,198.0,0.0,15.49,340.0,328.0
1770044955464693420,308839,10.052,66.2,10.512,-1.1,-0.12,1.88,30.19,-3.0,-2.75,-0.13,0.0,-0.4,12059.71,193.0,0.0,14.74,340.0,328.0
1770044955577510293,308960,8.788,47.7,10.504,-0.2,-0.02,2.38,29.62,-3.0,-2.75,-0.14,0.0,-0.39,12059.37,201.0,0.0,15.06,340.0,328.0
1770044955696315914,309082,9.524,56.6,9.432,-0.6,-0.04,1.5,29.12,-3.0,-2.81,-0.11,-0.06,-0.5,12061.77,201.0,0.0,15.38,340.0,328.0
1770044955815100033,309199,10.556,52.9,10.492,-2.3,0.08,2.38,28.62,-3.0,-2.81,-0.04,-0.03,-0.39,12061.77,197.0,0.0,14.38,340.0,328.0
1770044955933875931,309319,10.188,50.7,9.272,1.4,-0.02,2.58,28.19,-3.0,-2.88,-0.05,-0.06,-0.41,12060.91,197.0,0.0,14.15,340.0,328.0
1770044956056753204,309437,10.444,67.7,10.444,0.6,-0.14,1.46,27.81,-2.94,-2.88,-0.08,0.0,-0.4,12062.62,196.0,0.0,13.44,340.0,328.0
1770044956175470285,309558,9.552,55.2,10.516,1.7,0.1,2.19,27.37,-2.94,-2.88,0.0,-0.07,-0.36,12063.48,197.0,0.0,13.22,340.0,328.0
1770044956298369799,309680,9.68,50.2,10.496,0.7,0.08,1.82,27.12,-3.0,-2.88,-0.22,0.0,-0.38,12062.62,197.0,0.0,13.79,340.0,328.0
1770044956421298222,309801,10.344,56.8,9.784,-1.1,-0.06,2.58,26.87,-3.06,-2.94,-0.16,-0.03,-0.39,12061.08,195.0,0.0,13.26,340.0,328.0
1770044956540084341,309922,10.532,52.9,10.5,-2.5,-0.1,2.79,26.56,-3.06,-2.94,-0.13,0.01,-0.44,12062.45,201.0,0.0,13.92,340.0,328.0
1770044956662968448,310043,10.4,63.3,10.44,-0.7,0.02,1.6,26.25,-3.13,-3.0,-0.02,0.0,-0.44,12060.74,203.0,0.0,14.03,340.0,328.0
1770044956777663246,310166,10.552,62.8,10.504,3.0,0.0,1.8,25.87,-3.06,-3.0,-0.05,-0.06,-0.37,12058.85,203.0,0.0,14.99,340.0,328.0
1770044956900522204,310281,10.576,58.5,10.332,1.3,-0.02,1.23,25.5,-3.06,-3.06,-0.09,-0.05,-0.4,12059.02,210.0,0.0,15.87,340.0,328.0
1770044957023399533,310404,8.984,51.6,10.192,0.2,-0.08,2.27,25.06,-2.94,-3.06,-0.1,-0.06,-0.33,12056.79,204.0,0.0,15.31,340.0,328.0
1770044957146300677,310523,10.468,42.3,9.712,1.0,0.08,1.99,24.69,-2.94,-3.13,0.19,-0.08,-0.62,12058.16,200.0,0.68,17.11,340.0,328.0
1770044957260934011,310649,8.936,61.7,9.068,0.6,-0.12,1.58,24.44,-3.13,-3.13,-0.19,0.05,-0.39,12060.91,200.0,0.0,15.97,340.0,328.0
1770044957379745815,310763,8.796,45.1,10.108,0.8,-0.06,1.66,24.0,-3.06,-3.19,-0.1,-0.06,-0.37,12059.54,201.0,0.0,16.14,340.0,328.0
1770044957498574212,310881,10.588,50.1,9.104,1.1,0.0,1.95,23.56,-3.0,-3.19,0.04,-0.11,-0.4,12057.99,212.0,0.0,16.41,340.0,328.0
1770044957621411540,311002,8.924,46.5,10.468,0.2,0.0,1.52,23.25,-3.0,-3.19,-0.13,0.01,-0.34,12057.99,205.0,0.7,16.7,340.0,328.0
1770044957736096060,311121,10.512,48.7,9.872,-1.0,-0.68,1.43,22.81,-3.0,-3.25,-0.14,0.06,-0.41,12058.85,205.0,0.0,16.84,340.0,328.0
1770044957858971444,311239,8.828,59.5,9.64,-2.3,-0.64,1.39,22.25,-3.0,-3.31,-0.05,-0.06,-0.4,12059.37,199.0,0.0,16.3,340.0,328.0
1770044957981853772,311362,10.188,64.2,9.264,-2.0,-0.59,1.52,21.81,-2.94,-3.31,-0.08,-0.02,-0.41,12057.65,196.0,0.0,16.01,340.0,328.0
1770044958104729433,311482,10.056,58.7,10.46,-2.1,-0.7,1.62,21.31,-2.94,-3.38,0.0,-0.08,-0.34,12057.48,198.0,0.0,15.75,340.0,328.0
1770044958219388101,311605,9.808,49.2,9.636,-0.8,-0.59,2.21,20.87,-2.94,-3.38,-0.11,0.01,-0.38,12061.94,198.0,0.0,14.77,340.0,328.0
1770044958342257706,311721,10.528,43.0,10.104,-2.3,-0.7,1.7,20.5,-2.94,-3.44,0.32,-0.21,-0.67,12060.57,194.0,0.0,14.82,340.0,328.0
1770044958465173979,311843,10.488,57.8,10.504,-0.8,-0.72,1.68,20.44,-3.06,-3.44,-0.07,0.0,-0.43,12059.71,183.0,0.0,15.06,340.0,328.0
1770044958583950949,311966,10.504,58.4,10.492,-1.3,-0.61,1.7,20.44,-3.13,-3.44,-0.14,-0.02,-0.36,12057.48,193.0,0.0,15.57,340.0,328.0
1770044958710925986,312087,9.052,48.8,10.168,-7.6,-1.17,1.5,20.44,-3.25,-3.44,0.0,-0.08,-0.44,12052.85,186.0,3.42,15.75,340.0,328.0
1770044958825618099,312212,9.384,50.3,10.06,-4.2,-0.2,1.5,20.44,-3.38,-3.44,-0.12,0.01,-0.42,12054.22,186.0,5.0,14.99,340.0,328.0
1770044958944395105,312327,10.556,50.7,9.32,-5.5,-0.37,1.84,20.44,-3.38,-3.44,-0.06,0.05,-0.42,12057.48,195.0,4.18,15.31,340.0,328.0
1770044959072074008,312445,10.444,66.4,10.424,-15.6,-1.43,1.66,20.44,-3.38,-3.44,-0.05,0.0,-0.42,12051.82,188.0,6.37,14.15,340.0,328.0
1770044959186024013,312566,10.104,56.3,10.46,-9.3,-0.63,1.88,20.44,-3.44,-3.44,-0.02,-0.05,-0.36,12050.45,189.0,8.35,15.31,340.0,328.0
1770044959300703365,312688,10.388,51.2,10.46,-9.4,-0.98,2.38,20.44,-3.44,-3.44,-0.14,0.05,-0.35,12058.85,189.0,5.17,14.03,340.0,328.0
1770044959431800427,312803,8.884,53.6,10.432,-14.8,-2.13,2.27,20.44,-3.5,-3.44,-0.16,0.02,-0.37,12064.85,187.0,0.0,13.01,340.0,328.0
1770044959554686551,312933,10.104,57.5,10.232,-29.2,-2.44,2.23,20.44,-3.56,-3.44,-0.12,0.0,-0.37,12062.11,190.0,0.0,12.86,340.0,328.0
1770044959677568953,313056,9.112,60.7,10.404,-28.8,-2.29,1.74,20.44,-3.56,-3.44,-0.09,-0.12,-0.36,12055.08,187.0,3.42,14.38,340.0,328.0
1770044959796349885,313179,9.396,63.2,10.128,-19.2,-1.43,1.93,20.31,-3.5,-3.44,1.0,0.1,-0.19,12051.48,187.0,8.79,13.18,340.0,328.0
1770044959919225472,313297,10.152,65.6,9.588,-28.7,-1.93,1.97,19.94,-3.38,-3.5,-0.29,-0.09,-0.42,12050.96,183.0,10.02,13.37,340.0,328.0
1770044960038013145,313418,9.416,76.5,10.088,0.0,-1.86,1.84,19.62,-3.31,-3.5,-0.12,0.01,-0.5,12051.3,187.0,10.61,12.74,340.0,328.0
1770044960160891175,313538,9.932,72.4,10.384,-18.9,-1.48,1.72,19.31,-3.31,-3.5,-0.16,-0.05,-0.34,12051.3,183.0,9.05,13.92,340.0,328.0
1770044960287819081,313661,8.672,54.4,10.404,-30.9,-1.45,2.38,18.94,-3.19,-3.56,-0.13,-0.03,-0.43,12043.93,172.0,13.69,13.69,340.0,328.0
1770044960402545860,313787,10.38,50.1,9.828,-34.5,-1.37,1.76,18.44,-3.0,-3.56,-0.05,0.02,-0.37,12039.64,172.0,15.44,13.33,340.0,328.0
1770044960525447057,313903,10.136,69.5,10.084,0.0,-1.6,1.99,18.0,-3.0,-3.56,-0.08,0.02,-0.47,12037.93,178.0,16.56,13.8,340.0,328.0
1770044960644164433,314025,10.104,49.9,10.46,-14.2,-0.92,2.3,17.56,-2.94,-3.63,0.14,-0.04,-0.48,12059.37,182.0,7.59,14.49,340.0,328.0
1770044960771183600,314146,10.516,53.3,9.02,-2.4,0.04,2.46,17.19,-2.88,-3.69,-0.19,-0.02,-0.37,12059.37,177.0,0.0,14.49,340.0,328.0
1770044960885873285,314271,9.02,54.2,9.316,-1.3,0.16,1.82,17.12,-2.88,-3.69,-0.31,0.28,-0.29,12056.45,177.0,3.63,15.24,340.0,328.0
1770044961004611290,314386,10.568,52.8,9.068,-13.7,0.33,2.07,16.81,-2.75,-3.75,0.07,0.11,-0.47,12028.5,177.0,22.96,15.31,340.0,328.0
1770044961127489820,314507,9.968,51.2,9.676,-26.7,0.86,1.68,16.69,-2.69,-3.75,-0.1,-0.01,-0.38,12012.72,177.0,35.6,17.11,340.0,328.0
1770044961229893561,314630,10.516,37.2,10.432,-78.1,1.5,1.6,16.75,-2.06,-3.63,0.22,-0.41,0.06,217.29,177.0,38.44,18.31,340.0,328.0
1770044961328187074,314730,10.332,36.5,10.176,-68.4,1.89,1.46,17.12,-1.94,-3.56,-0.36,0.17,-0.36,207.17,176.0,46.07,19.86,340.0,328.0
1770044961451115290,314830,8.82,38.4,10.42,-82.9,2.07,1.27,17.69,-1.63,-3.56,-0.24,0.18,-0.14,11994.02,176.0,48.05,19.81,340.0,328.0
1770044961573988024,314951,10.424,38.7,10.056,-73.3,1.97,1.41,18.75,-1.44,-3.5,0.98,0.36,0.1,11994.88,173.0,49.69,21.4,340.0,330.0
1770044961692763678,315074,9.74,23.7,10.336,-155.6,2.56,0.72,19.75,-1.37,-3.5,-0.01,0.07,-0.6,11997.62,173.0,46.78,21.59,340.0,330.0
1770044961815668005,315193,9.1,28.2,10.192,-156.3,2.87,0.63,20.69,-1.37,-3.63,0.53,0.45,-0.3,11991.11,171.0,50.25,21.73,340.0,330.0
1770044961938557350,315314,9.324,32.3,10.324,-134.5,1.8,0.96,21.62,-1.56,-3.63,0.32,0.28,0.2,11968.98,187.0,65.04,23.96,340.0,330.0
1770044962036836455,315438,9.74,18.1,9.932,-110.6,2.3,0.59,22.87,-1.88,-3.56,0.22,-0.47,-0.01,179.9,187.0,71.11,26.2,340.0,330.0
1770044962159707354,315537,9.66,40.7,9.656,-104.8,2.05,0.96,24.06,-2.19,-3.63,-2.05,1.4,-0.68,11940.17,174.0,79.9,27.27,340.0,330.0
1770044962282548494,315661,10.384,36.5,10.292,-193.9,1.76,1.23,25.56,-2.44,-3.69,0.69,-0.61,-0.68,11934.17,178.0,92.35,23.77,340.0,330.0
1770044962405465951,315783,10.316,50.0,9.868,-181.2,1.82,1.17,27.81,-2.31,-4.19,0.0,-0.12,-0.59,11921.99,182.0,92.49,31.06,340.0,330.0
1770044962532437357,315905,9.344,84.5,10.008,-174.7,1.74,1.37,29.69,-2.19,-4.81,-0.31,0.08,-0.33,11895.41,191.0,92.56,54.28,342.0,330.0
1770044962655312979,316030,8.56,110.3,10.164,-109.1,1.25,1.76,30.69,-2.38,-4.63,-1.97,0.33,-0.96,11863.34,189.0,96.61,74.41,342.0,330.0
1770044962774117466,316154,8.776,125.8,9.868,-138.7,1.64,1.6,31.31,-2.75,-4.25,1.69,0.45,-0.12,11835.04,189.0,99.9,95.62,342.0,330.0
1770044962896969421,316275,9.508,137.8,9.516,-119.9,1.72,1.02,31.5,-2.5,-4.06,-0.39,-0.11,-0.61,11821.67,187.0,101.18,110.69,342.0,330.0
1770044963015750167,316396,9.152,97.7,9.916,-141.2,2.09,1.11,31.31,-2.25,-4.06,0.6,0.15,-0.4,11813.43,186.0,105.78,107.87,342.0,330.0
1770044963138640196,316517,8.22,91.2,9.492,-281.8,1.95,0.82,31.37,-2.25,-4.31,-0.99,0.29,-1.95,11798.34,187.0,119.7,105.08,342.0,330.0
1770044963261477595,316638,9.688,131.7,10.036,-204.7,1.68,1.41,32.31,-2.5,-4.44,1.77,0.58,-0.48,11783.59,187.0,141.06,101.48,342.0,330.0
1770044963384407329,316761,8.248,111.7,10.064,-162.6,1.43,0.96,34.19,-2.88,-4.06,0.84,0.32,-1.25,11782.56,190.0,139.24,102.77,342.0,330.0
1770044963503139314,316882,9.44,103.1,9.268,-217.0,1.52,1.11,36.0,-2.44,-4.06,0.27,-0.51,-0.43,11785.31,186.0,136.66,105.6,344.0,332.0
1770044963626050177,317004,9.128,133.0,9.768,-291.5,2.87,0.8,36.81,-2.19,-3.94,0.06,-0.05,-0.64,11777.42,184.0,137.35,106.98,344.0,332.0
1770044963753021953,317126,8.576,176.9,9.064,-208.4,1.46,0.92,38.0,-2.63,-3.94,-0.46,0.18,-0.53,11765.07,184.0,142.66,112.04,344.0,332.0
1770044963867719600,317251,9.888,169.3,10.016,-232.2,1.43,2.27,39.13,-2.81,-3.69,0.69,0.56,-0.38,11776.39,184.0,140.34,108.76,344.0,332.0
1770044963990627278,317368,9.812,146.4,8.588,-228.0,2.17,1.7,40.56,-2.44,-3.38,-0.13,-0.51,-0.69,11773.3,177.0,135.97,114.57,344.0,332.0
1770044964113475899,317490,9.292,161.0,9.104,-220.3,1.91,1.66,41.63,-1.81,-3.38,-0.41,0.55,-0.58,11752.89,181.0,141.03,122.54,344.0,332.0
1770044964240388377,317613,8.244,211.8,9.308,-174.2,1.21,2.11,42.13,-2.19,-3.25,1.51,0.43,0.0,11741.4,180.0,142.87,131.83,344.0,332.0
1770044964355083246,317737,9.44,247.7,8.804,-164.9,2.15,1.48,42.19,-2.38,-3.38,-0.73,-0.29,1.31,11730.77,180.0,140.57,141.96,346.0,332.0
1770044964478006312,317855,8.208,226.7,9.084,-203.0,1.33,1.68,42.5,-1.88,-3.38,-0.5,1.6,-1.25,11718.25,181.0,144.75,151.01,346.0,334.0
1770044964600822469,317978,8.184,158.6,10.072,-198.3,1.78,0.84,42.19,-2.0,-3.19,-0.79,-0.86,-0.01,11716.71,182.0,147.36,149.4,346.0,334.0
1770044964727874098,318102,9.62,234.3,9.612,-158.5,1.09,2.34,41.88,-2.31,-3.13,0.91,-0.52,-0.05,11726.66,172.0,143.76,144.45,346.0,334.0
1770044964846642713,318227,8.38,224.8,9.62,-270.0,2.07,1.8,42.0,-2.06,-3.19,0.5,1.01,0.36,11719.79,172.0,142.66,148.92,346.0,334.0
1770044964969517409,318345,8.524,141.3,10.068,-176.9,1.11,0.63,41.63,-1.94,-3.25,-1.35,0.85,0.51,11715.85,179.0,147.7,151.15,346.0,334.0
1770044965092389733,318468,10.136,217.9,9.852,-175.7,1.25,1.6,41.19,-2.38,-3.38,-1.09,1.56,-0.73,11721.51,179.0,147.01,147.01,346.0,334.0
1770044965215240205,318589,10.088,219.4,9.38,-197.8,1.45,1.54,41.31,-2.25,-3.44,-0.72,-0.24,-0.06,11722.88,180.0,141.03,148.56,348.0,334.0
1770044965317649149,318715,8.448,0.0,10.072,-227.4,1.58,1.11,41.44,-1.81,-3.56,-0.78,-1.54,-0.23,168.93,180.0,141.46,148.2,348.0,336.0
1770044965440576493,318816,10.148,122.8,9.932,-204.8,1.52,1.0,40.94,-2.0,-3.56,-1.5,-2.27,2.21,11720.14,177.0,144.97,149.27,348.0,336.0
1770044965567527712,318938,8.408,226.4,9.912,-205.8,1.52,1.52,40.75,-2.19,-3.56,3.57,-0.94,-1.36,11717.05,177.0,144.45,148.56,348.0,336.0
1770044965694506783,319068,10.088,178.7,10.0,-168.9,1.86,1.52,40.81,-1.56,-3.44,-2.84,-0.87,-0.31,11718.25,178.0,143.41,150.65,348.0,336.0
1770044965823317057,319192,9.556,70.9,10.112,-150.6,1.31,1.41,40.25,-1.75,-3.5,2.89,1.46,0.08,11722.2,180.0,144.16,147.53,348.0,336.0
1770044965932071569,319313,10.16,199.2,9.992,-156.8,1.29,1.43,40.06,-1.94,-3.38,2.72,0.91,-1.46,11727.17,180.0,144.66,140.34,348.0,336.0
1770044966054961042,319431,10.092,140.2,10.052,-230.3,1.97,1.19,40.13,-1.12,-3.13,-1.83,0.96,-0.61,11750.84,184.0,138.04,131.83,350.0,338.0
1770044966181945743,319553,8.524,129.7,9.316,-151.2,1.31,0.88,40.25,-0.81,-3.38,2.79,-1.09,-0.13,11745.52,181.0,143.08,127.33,350.0,338.0
1770044966300623466,319679,8.512,139.9,10.192,-142.8,1.37,1.25,40.25,-1.19,-3.19,1.39,-0.35,-0.72,11760.61,179.0,142.81,117.89,350.0,338.0
1770044966419476212,319801,10.164,164.6,9.92,-139.5,1.82,0.74,40.94,-1.25,-3.38,0.0,-0.57,0.06,11772.27,179.0,139.62,114.43,350.0,338.0
1770044966542359962,319919,9.264,100.7,10.024,-241.8,1.86,1.45,42.0,-0.37,-4.31,-0.22,0.32,-0.76,11758.55,179.0,140.8,115.95,350.0,338.0
1770044966665182322,320040,8.6,122.9,10.112,-147.6,1.45,1.15,42.88,-0.5,-3.88,1.93,-2.07,0.58,11760.27,186.0,143.08,116.38,350.0,338.0
1770044966792215098,320165,10.028,170.6,8.848,-199.1,1.58,1.76,43.56,-0.88,-3.69,4.19,-0.13,-0.74,11745.86,180.0,143.21,127.3,350.0,338.0
1770044966915110737,320289,8.892,214.2,9.68,-212.5,2.17,1.23,43.94,-0.88,-4.06,1.84,-0.01,-0.62,11741.58,175.0,136.92,136.23,352.0,338.0
1770044967029744752,320412,8.668,118.1,9.408,-204.7,1.52,1.46,44.06,-0.88,-3.75,0.43,-0.03,-0.66,11725.63,175.0,143.73,146.63,352.0,340.0
1770044967156751361,320530,10.164,142.9,9.584,-138.1,1.62,0.72,44.19,-1.19,-3.44,-1.62,0.18,0.11,11716.54,182.0,147.01,149.08,352.0,340.0
1770044967279621073,320655,10.024,209.7,8.792,0.0,1.58,1.43,43.88,-1.25,-3.88,-1.43,0.83,-0.21,11731.63,174.0,141.46,144.16,352.0,340.0
1770044967402498638,320777,9.208,214.6,9.98,-189.7,1.48,0.84,43.88,-1.19,-4.0,1.31,1.74,-3.53,11719.97,177.0,142.18,148.39,352.0,340.0
1770044967517201172,320899,9.552,194.8,9.684,-188.9,1.56,1.07,44.0,-1.06,-3.63,1.16,-1.61,-3.84,11713.11,177.0,146.29,149.86,352.0,340.0
1770044967644220392,321015,9.296,147.1,9.032,-142.7,1.68,1.88,43.44,-1.37,-3.75,0.72,1.1,-0.98,11724.6,170.0,143.76,147.19,352.0,340.0
1770044967767038214,321141,9.512,186.3,8.804,-199.5,1.66,1.56,43.44,-1.44,-4.0,-0.04,-0.93,-0.86,11722.54,182.0,141.93,149.4,354.0,340.0
1770044967889928094,321263,10.052,174.5,9.036,-119.1,1.74,0.86,43.25,-1.19,-4.0,-0.81,-0.68,-1.18,11711.73,186.0,148.04,150.75,354.0,342.0
1770044968012799158,321388,9.42,164.3,10.064,-165.2,0.82,1.04,42.56,-1.31,-4.0,-1.31,-0.06,-0.71,11728.71,191.0,143.56,144.94,354.0,342.0
1770044968131521253,321510,9.716,227.4,9.932,-188.7,2.3,1.64,42.5,-1.37,-4.38,0.1,0.24,-0.23,11740.89,191.0,140.81,136.57,354.0,342.0
1770044968258518564,321631,10.084,201.3,9.828,-215.4,1.41,1.31,42.69,-1.12,-4.19,-1.08,-0.66,0.23,11735.4,183.0,143.01,137.67,354.0,342.0
1770044968377308326,321754,10.14,148.8,9.848,-131.1,1.11,1.45,42.81,-1.19,-4.19,0.88,-1.35,0.59,11727.17,190.0,144.94,138.04,354.0,342.0
1770044968500221521,321873,8.168,0.0,9.9,-163.7,1.33,1.91,42.5,-1.19,-4.06,-1.77,0.17,-2.83,11741.23,189.0,145.44,133.61,356.0,342.0
1770044968614908017,321996,8.416,196.6,9.568,-176.9,2.23,1.7,42.94,-1.12,-4.38,-1.9,0.25,-0.6,11742.09,189.0,142.78,134.73,356.0,342.0
1770044968745968389,322113,9.984,178.9,9.888,-160.8,1.02,1.56,43.19,-1.0,-4.0,0.04,-0.01,-0.46,11732.66,179.0,144.64,138.53,356.0,344.0
1770044968868845398,322244,8.756,99.3,9.716,-149.0,1.37,1.33,42.88,-0.88,-3.81,0.18,-1.03,-0.87,11732.31,189.0,144.26,139.04,356.0,344.0
1770044968991728222,322366,10.004,0.0,10.02,-212.9,2.09,1.7,43.25,-0.75,-4.19,4.01,-2.03,1.67,11744.15,184.0,139.89,132.42,356.0,344.0
1770044969118687032,322489,10.016,232.6,10.044,-213.4,1.54,1.35,43.63,-0.69,-4.19,-1.2,1.29,-1.16,11742.6,187.0,139.66,134.18,356.0,344.0
1770044969233314842,322615,8.632,171.4,9.632,-147.4,1.37,0.64,43.69,-0.75,-4.0,-1.91,-0.56,1.03,11726.66,187.0,145.63,138.73,356.0,344.0
1770044969356258074,322733,10.132,0.0,8.844,-145.7,1.13,1.33,43.63,-0.88,-4.19,-2.72,-2.85,1.75,11745.52,184.0,140.34,134.03,358.0,344.0
1770044969475035558,322853,9.7,259.6,9.952,-245.6,1.88,1.8,43.94,-0.94,-4.25,0.77,0.9,0.96,11740.2,181.0,141.96,132.92,358.0,344.0
1770044969602022220,322973,8.46,134.2,8.844,-136.4,1.68,1.5,44.31,-0.94,-4.0,-1.42,-0.13,-0.38,11729.74,184.0,145.95,137.53,358.0,346.0
1770044969716702513,323097,8.308,152.4,10.104,-199.7,1.43,1.13,44.06,-0.88,-3.94,-0.14,0.06,0.0,11740.03,184.0,141.52,135.86,358.0,346.0
1770044969835468200,323213,9.824,236.7,10.024,-213.5,1.02,1.95,44.0,-0.88,-4.5,-0.73,1.06,0.35,11746.55,189.0,140.57,130.13,358.0,346.0
1770044969962473067,323334,9.64,230.8,10.056,-189.1,1.21,1.45,44.19,-1.0,-4.06,0.02,-0.97,-0.15,11739.0,189.0,141.71,134.86,358.0,346.0
1770044970060769021,323458,8.38,174.1,9.52,-115.6,0.68,1.39,44.81,-0.81,-3.88,-0.38,0.31,-0.76,174.42,189.0,144.08,136.6,358.0,346.0
1770044970187697219,323557,8.292,177.0,9.956,-194.9,1.72,1.11,44.5,-0.56,-3.63,0.15,-0.47,0.27,11736.09,183.0,144.97,137.79,360.0,346.0
1770044970306503740,323682,9.56,210.6,8.58,-210.6,1.8,1.43,44.5,-0.31,-3.94,-0.51,0.07,-0.41,11740.03,183.0,141.46,132.71,360.0,346.0
1770044970429406508,323805,9.536,127.7,9.652,-150.5,1.19,1.37,44.63,-0.5,-3.38,0.48,-0.76,-0.26,11732.31,190.0,144.94,135.28,360.0,348.0
1770044970552264034,323927,9.24,124.8,10.132,-168.1,1.11,0.61,45.0,-0.25,-3.13,-0.5,-1.48,0.16,11728.37,177.0,144.64,137.85,360.0,348.0
1770044970675158005,324050,8.136,180.3,8.524,-221.1,2.05,1.43,45.13,-0.12,-3.31,2.14,-0.18,0.82,11739.0,177.0,139.4,135.15,360.0,348.0
1770044970798038272,324172,8.124,221.9,9.66,-137.7,1.54,1.89,45.19,-0.37,-3.19,0.24,-0.04,-0.63,11729.91,175.0,143.01,137.0,360.0,348.0
1770044970920919077,324294,10.084,250.4,10.04,-166.7,1.54,1.84,45.38,-0.75,-2.81,-0.6,-0.4,-0.39,11715.16,177.0,146.32,148.39,360.0,348.0
1770044971043798918,324417,10.056,201.6,9.768,-191.7,1.02,1.37,45.44,-0.56,-2.94,-0.31,0.54,-0.44,11720.31,177.0,141.49,149.77,362.0,348.0
1770044971162546900,324539,9.204,202.2,9.608,-181.9,0.96,1.31,45.69,-1.06,-3.31,-0.62,1.63,-0.25,11725.28,177.0,145.18,146.63,362.0,348.0
1770044971285415445,324658,8.228,127.2,9.664,-132.4,1.8,1.11,45.31,-1.37,-3.19,-0.48,-1.78,-3.59,11718.42,177.0,145.69,148.36,362.0,350.0
1770044971408331231,324781,8.264,201.3,9.04,-158.8,1.45,1.37,44.88,-1.12,-3.31,1.85,0.67,-2.01,11707.45,182.0,148.39,152.53,362.0,350.0
1770044971527090103,324902,8.236,226.0,10.032,-156.2,1.17,1.88,44.44,-1.12,-3.75,0.86,3.39,-1.78,11722.37,184.0,142.87,147.01,362.0,350.0
1770044971629516785,325025,10.024,237.9,8.804,-152.6,1.25,1.6,44.13,-1.37,-3.5,-0.74,-1.3,-0.66,194.31,184.0,146.91,146.91,362.0,350.0
1770044971752391256,325126,10.112,151.6,9.568,-151.8,1.21,1.15,43.88,-1.25,-3.56,0.74,-0.37,-0.37,11707.79,179.0,148.2,151.57,362.0,350.0
1770044971883457090,325248,9.248,90.3,10.104,0.0,1.15,1.09,43.31,-0.88,-3.69,2.93,-1.38,0.7,11717.74,176.0,145.32,149.4,364.0,350.0
1770044972002234239,325378,9.316,224.2,9.856,-179.2,1.54,1.82,43.75,-0.94,-4.0,0.97,0.25,0.6,11721.51,192.0,144.91,141.65,364.0,350.0
1770044972129185771,325499,9.0,123.1,9.644,0.0,1.37,1.15,43.88,-1.06,-3.81,-2.3,1.03,-1.0,11715.51,186.0,151.98,145.82,364.0,352.0
1770044972243827469,325626,8.456,118.7,10.176,-197.1,1.13,0.53,43.38,-0.81,-3.88,-0.84,1.22,-0.82,11723.57,186.0,143.15,146.66,364.0,352.0
1770044972370873206,325741,9.872,236.8,9.936,-208.4,1.52,1.45,43.5,-1.0,-4.5,0.57,-1.48,2.22,11735.4,179.0,142.18,140.11,364.0,352.0
1770044972493759509,325865,10.012,249.1,9.4,-174.3,1.13,1.86,43.31,-1.25,-4.81,-2.25,-2.77,-2.17,11715.16,187.0,143.28,145.32,364.0,352.0
1770044972616610368,325989,8.692,136.2,9.192,0.0,0.86,1.15,42.56,-0.88,-4.88,1.89,1.05,-3.54,11716.37,196.0,147.01,146.32,366.0,352.0
1770044972735420296,326114,10.088,135.6,10.056,-217.3,2.01,0.86,42.44,-0.94,-5.44,-1.83,2.34,-0.62,11727.0,196.0,144.05,141.96,366.0,352.0
1770044972858299136,326233,10.048,0.0,9.672,-161.7,1.09,1.31,42.63,-1.19,-5.38,0.14,-0.39,0.07,11725.97,189.0,147.7,138.73,366.0,352.0
1770044972981160847,326353,9.948,152.7,10.116,-140.8,0.94,1.29,43.0,-1.12,-5.13,-1.44,0.08,0.59,11723.91,187.0,146.32,137.35,366.0,354.0
1770044973104084485,326475,9.584,130.5,8.64,-173.8,1.43,1.09,42.88,-0.75,-4.94,-0.7,-0.99,-2.42,11725.45,191.0,146.32,135.97,366.0,354.0
1770044973226855749,326600,8.8,149.3,10.028,-137.3,1.17,1.72,42.88,-1.0,-5.56,-0.41,0.12,0.22,11739.17,202.0,145.02,130.98,366.0,354.0
1770044973345704807,326724,8.212,170.4,9.872,-153.9,1.25,0.98,43.19,-1.19,-5.25,1.59,-0.12,-4.05,11740.55,202.0,143.22,130.98,366.0,354.0
1770044973468579332,326841,10.084,178.4,8.636,-157.1,1.39,0.78,43.5,-0.44,-3.88,-2.0,-0.13,0.11,11737.8,181.0,143.56,131.14,368.0,354.0
1770044973603759153,326963,9.416,152.7,9.188,-213.6,1.33,0.82,43.69,-0.25,-3.75,3.94,0.7,0.69,11746.21,181.0,141.03,132.13,368.0,354.0
1770044973722511876,327097,9.376,231.4,9.308,-138.5,1.6,1.74,43.81,-0.37,-3.38,1.09,0.58,-1.57,11729.57,176.0,145.62,132.32,368.0,354.0
1770044973845410827,327219,10.116,170.7,10.076,-185.1,0.88,0.57,43.88,-0.44,-2.63,-2.82,-1.07,0.4,11730.6,183.0,145.82,135.55,368.0,356.0
1770044973964251218,327342,9.384,141.4,10.092,-230.1,1.97,0.94,44.19,-0.06,-2.75,-0.2,-0.94,-0.29,11728.88,183.0,142.5,138.18,368.0,356.0
1770044974091161470,327458,9.036,161.0,9.224,-136.3,1.05,1.62,44.44,-1.31,-3.88,1.75,-1.99,3.94,11736.95,180.0,145.32,131.06,368.0,356.0
1770044974209885878,327585,9.96,191.8,8.64,-219.5,1.25,1.41,44.88,-2.31,-4.06,-1.85,-1.36,-0.81,11730.94,192.0,146.68,133.78,368.0,356.0
1770044974332747754,327707,10.104,168.5,8.716,-156.4,1.74,1.07,45.31,-2.0,-4.0,-1.71,0.58,-1.03,11732.31,174.0,145.63,135.97,370.0,356.0
1770044974451627590,327829,8.724,132.5,9.428,-168.4,1.86,0.98,45.63,-1.37,-4.31,-1.04,-0.42,-0.52,11731.29,174.0,143.43,135.58,370.0,356.0
1770044974578600362,327948,10.148,197.3,9.992,-145.3,0.78,2.03,45.25,-1.56,-4.06,-0.83,-1.4,0.43,11731.63,176.0,143.56,134.59,370.0,356.0
1770044974701472091,328072,9.772,159.5,9.996,-151.5,1.17,1.23,45.0,-1.44,-3.44,2.17,1.12,-2.28,11715.51,178.0,145.87,144.54,370.0,358.0
1770044974828437566,328196,10.116,127.6,10.104,-155.3,1.56,1.05,45.31,-0.69,-3.56,1.29,0.54,-3.56,11720.48,174.0,141.49,146.32,370.0,358.0
1770044974953173312,328322,9.676,126.1,9.844,-189.1,1.11,1.13,45.06,-0.69,-3.69,1.12,0.31,1.23,11724.25,174.0,145.63,142.18,370.0,358.0
1770044975070098406,328439,9.328,237.0,9.744,-182.3,1.02,1.62,45.06,-1.19,-3.25,0.89,-4.76,2.33,11729.74,167.0,143.76,138.29,370.0,358.0
1770044975192890430,328565,10.116,108.4,9.408,-200.3,1.76,0.61,45.13,-0.81,-3.38,-0.61,2.2,-0.06,11727.17,175.0,141.89,144.54,372.0,358.0
1770044975319910535,328689,10.008,110.4,9.488,-189.7,1.64,0.82,45.38,-0.5,-3.69,2.1,0.97,-0.67,11724.77,181.0,144.45,142.39,372.0,358.0
1770044975442825079,328813,10.124,254.4,10.072,-131.1,1.31,1.68,45.13,-1.12,-3.63,3.71,0.98,0.51,11725.97,191.0,145.63,139.42,372.0,358.0
1770044975561614376,328936,10.024,91.3,9.764,-176.5,1.37,0.78,45.0,-1.06,-3.69,-3.49,3.24,1.06,11722.2,191.0,143.22,142.5,372.0,360.0
1770044975684530865,329056,9.256,112.2,9.688,-214.9,1.97,0.92,45.13,-0.5,-3.88,-2.57,4.02,-6.63,11723.05,176.0,144.16,142.14,372.0,360.0
1770044975803230364,329178,9.644,181.2,10.076,-129.4,1.27,1.46,44.94,-1.06,-4.19,-1.19,0.99,-0.66,11727.51,194.0,144.94,138.73,372.0,360.0
1770044975926145278,329299,9.024,194.9,10.064,-110.6,1.35,1.48,44.75,-1.37,-3.88,0.44,1.34,-1.26,11722.02,191.0,144.45,139.66,374.0,360.0
1770044976024410786,329421,9.708,106.7,9.564,-195.4,1.93,0.59,44.94,-0.81,-4.13,-6.42,-0.36,-1.98,182.13,191.0,143.33,146.91,374.0,360.0
1770044976126843227,329521,10.012,97.1,8.788,-184.4,1.19,1.21,44.88,-0.63,-4.31,1.0,1.14,-0.64,205.46,194.0,144.12,144.93,374.0,360.0
1770044976249686232,329621,8.244,176.5,10.02,-143.9,1.17,1.91,44.38,-1.06,-4.44,-2.86,-2.45,-0.07,11715.34,188.0,150.47,143.99,374.0,360.0
1770044976372605683,329743,9.416,150.7,9.504,-170.7,1.6,1.62,43.81,-1.19,-4.06,0.38,-0.02,-1.44,11715.16,189.0,148.56,142.39,374.0,362.0
1770044976470911859,329865,10.144,180.8,9.752,-182.4,1.41,0.98,44.31,-0.5,-4.31,-1.94,-0.55,-1.38,178.19,189.0,150.49,141.54,374.0,362.0
1770044976593801420,329965,8.54,169.8,9.96,-152.6,1.41,1.19,44.19,-0.44,-4.31,-1.42,0.88,-1.29,11724.77,185.0,145.79,142.91,374.0,362.0
1770044976716691630,330087,9.932,193.5,10.028,-188.8,0.98,1.5,43.94,-0.88,-4.19,-5.49,-0.74,-3.46,11717.57,181.0,149.24,138.29,376.0,362.0
1770044976841405154,330211,9.372,145.0,8.76,0.0,1.64,1.25,43.81,-0.69,-4.0,-1.95,-2.01,-0.94,11719.28,181.0,146.1,142.5,376.0,362.0
1770044976958326340,330328,9.86,120.2,9.948,0.0,1.62,0.66,44.19,0.06,-4.31,3.57,-0.16,0.83,11723.23,182.0,145.63,142.18,376.0,362.0
1770044977081184530,330451,10.136,175.9,9.792,0.0,1.33,1.45,43.81,-0.25,-4.25,1.1,0.93,-1.45,11728.37,209.0,147.86,136.58,376.0,362.0
1770044977199935826,330575,10.168,198.2,9.516,-153.5,1.29,1.46,43.63,-0.31,-3.81,-1.59,-1.09,0.87,11723.4,189.0,146.32,136.66,376.0,364.0
1770044977326927893,330695,10.112,187.5,8.904,-207.7,1.76,1.0,44.19,0.25,-4.0,0.43,-0.54,-1.58,11729.74,200.0,144.05,138.49,376.0,364.0
1770044977425260828,330819,8.276,0.0,10.092,-187.9,1.07,1.39,44.38,0.37,-4.19,-2.03,-4.37,2.9,193.62,200.0,141.54,134.37,376.0,364.0
1770044977552237099,330919,9.072,207.4,9.152,0.0,0.94,2.17,44.31,0.0,-3.88,8.54,3.69,-0.7,11732.31,185.0,146.88,134.92,378.0,364.0
1770044977675116975,331046,10.044,187.5,8.856,-144.7,1.68,1.04,44.44,-0.06,-3.81,1.63,0.28,-1.15,11729.57,186.0,144.07,138.15,378.0,364.0
1770044977797995925,331170,9.212,134.9,9.884,-145.7,1.76,1.17,45.25,0.25,-4.0,1.02,0.84,0.31,11725.28,188.0,142.87,138.73,378.0,364.0
1770044977920889746,331291,9.736,118.0,9.936,-163.3,1.31,1.09,45.06,0.19,-3.94,-0.52,-0.09,-1.15,11735.23,188.0,145.38,134.58,378.0,364.0
1770044978047811090,331415,10.004,153.7,9.86,-123.7,1.13,1.84,45.25,-0.19,-3.44,0.36,-1.53,-1.34,11739.35,179.0,142.75,134.2,378.0,366.0
1770044978174812972,331543,9.828,124.9,9.428,-296.3,2.79,1.19,45.94,0.25,-3.56,2.85,0.4,-1.13,11731.29,186.0,140.34,137.73,378.0,366.0
1770044978273120684,331666,8.944,158.2,9.812,-135.1,1.31,0.76,46.19,0.19,-3.63,-1.42,0.03,1.31,177.33,186.0,139.74,136.16,378.0,366.0
1770044978395991245,331766,10.136,225.6,8.928,0.0,1.39,1.43,46.06,-0.25,-3.63,-0.07,0.83,-2.75,11728.37,185.0,144.62,136.54,380.0,366.0
1770044978528913835,331889,8.572,194.7,10.032,-163.7,1.48,1.48,45.94,-0.25,-3.5,-3.02,-2.97,2.26,11731.97,186.0,141.96,141.96,380.0,366.0
1770044978645847521,332014,9.792,174.8,8.86,-215.8,1.52,1.64,46.38,0.5,-4.19,-2.66,-1.92,-1.1,11725.45,177.0,141.89,141.89,380.0,366.0
1770044978764590446,332138,10.088,148.9,10.12,0.0,1.09,1.17,46.31,0.0,-4.0,1.59,1.33,-4.87,11727.68,178.0,147.53,139.88,380.0,366.0
1770044978887502322,332260,10.112,200.2,9.324,-113.8,1.52,1.39,46.06,-0.56,-4.19,0.53,0.85,-0.85,11720.31,183.0,144.64,138.53,380.0,366.0
1770044979006273747,332381,9.508,162.9,9.828,-269.6,2.05,0.84,46.38,0.0,-4.25,3.23,-0.24,1.34,11725.63,183.0,140.59,141.32,380.0,368.0
1770044979133267999,332500,8.512,162.1,9.868,-193.0,1.5,1.29,46.5,0.12,-4.44,-1.29,-0.2,-0.07,11720.82,191.0,145.2,143.21,380.0,368.0
1770044979256102800,332624,10.14,193.1,9.28,-117.9,1.6,1.52,46.0,-0.44,-4.56,0.1,-0.29,-0.79,11721.17,185.0,147.7,140.8,382.0,368.0
1770044979374915430,332747,8.388,199.3,8.752,-139.0,1.13,1.68,46.13,-0.37,-4.25,-0.25,1.55,-3.85,11722.37,171.0,146.84,142.66,382.0,368.0
1770044979497797268,332869,10.076,0.0,9.744,0.0,1.37,1.05,46.38,0.19,-4.5,3.48,-2.07,0.67,11718.94,171.0,142.01,142.01,382.0,368.0
1770044979616608083,332989,10.14,162.2,9.524,-161.3,1.5,1.15,46.0,0.0,-4.25,-2.0,-0.35,-1.9,11724.6,180.0,148.04,142.6,382.0,368.0
1770044979745413574,333111,9.744,233.7,10.032,-173.1,1.13,1.78,45.69,-0.31,-4.19,-1.18,-0.25,-1.85,11719.62,196.0,146.32,140.11,382.0,370.0
1770044979858231661,333230,8.936,196.1,9.096,-216.5,1.39,1.64,46.44,0.0,-4.13,-3.73,2.07,-4.22,11715.16,184.0,141.27,145.44,382.0,370.0
1770044979977022531,333352,9.68,0.0,9.496,-184.2,1.52,0.82,45.94,0.25,-4.0,0.52,-1.17,0.7,11716.02,184.0,145.91,147.36,382.0,370.0
1770044980099913092,333469,8.108,250.8,10.036,-170.3,1.23,1.74,45.38,-0.25,-3.88,-1.83,0.5,-0.75,11722.2,183.0,147.87,142.39,384.0,370.0
1770044980222744115,333593,8.364,155.7,8.776,-212.4,1.23,0.94,45.56,-0.06,-3.69,-3.68,-1.3,1.09,11727.34,175.0,139.66,141.03,384.0,370.0
1770044980341530892,333715,9.216,172.8,9.988,-177.5,1.37,1.04,45.88,0.44,-3.75,-2.64,-0.73,3.38,11718.25,181.0,144.05,144.75,384.0,370.0
1770044980464435916,333834,9.148,170.4,8.696,-177.2,1.52,1.17,45.5,0.06,-3.81,7.76,3.32,2.33,11721.34,181.0,148.81,139.37,384.0,370.0
1770044980583199692,333955,10.068,220.8,10.044,-141.0,1.41,1.45,45.19,-0.06,-3.56,0.4,-0.58,-1.56,11726.14,159.0,143.01,139.67,384.0,372.0
1770044980706101920,334077,10.064,123.7,8.944,-235.5,1.91,0.76,45.88,0.44,-4.0,0.53,-1.43,-0.82,11723.23,184.0,140.8,143.56,384.0,372.0
1770044980824858937,334197,9.228,143.7,9.384,-147.2,1.84,0.88,45.75,0.37,-4.0,0.32,-0.71,-0.81,11720.65,171.0,144.35,143.64,384.0,372.0
1770044980955948713,334319,10.02,169.6,8.812,-113.8,1.58,1.41,45.25,0.0,-4.06,4.38,-0.49,-2.12,11725.63,173.0,143.56,138.04,386.0,372.0
1770044981070599613,334448,9.976,196.7,8.796,-165.9,1.48,1.23,45.44,0.5,-4.88,0.93,0.35,-1.35,11724.94,173.0,141.71,141.03,386.0,372.0
1770044981197599661,334565,9.268,162.3,10.076,-190.5,1.68,0.61,45.69,0.94,-4.81,0.11,-3.3,1.36,11721.85,185.0,142.6,142.6,386.0,372.0
1770044981320509018,334688,10.132,174.1,10.064,-162.5,1.19,1.74,45.25,0.19,-5.19,-2.89,-0.26,-1.65,11725.11,199.0,143.96,140.57,386.0,372.0
1770044981443356078,334812,8.5,0.0,9.504,-143.0,1.27,0.98,45.06,-0.19,-5.19,-4.74,-2.79,-2.14,11717.74,183.0,145.63,143.56,386.0,374.0
1770044981562155225,334937,10.168,152.9,10.032,-235.2,1.41,1.56,45.25,0.88,-5.31,1.85,-1.48,0.06,11714.99,183.0,144.35,142.23,386.0,374.0
1770044981680881427,335053,9.64,81.6,8.88,-148.6,1.43,0.84,44.81,0.69,-5.44,0.88,1.18,-2.94,11713.79,188.0,145.63,144.25,388.0,374.0
1770044981803768172,335174,9.836,182.2,0.0,-136.0,1.35,1.97,44.19,0.63,-4.81,-2.02,-1.03,0.31,11723.23,193.0,151.15,142.87,388.0,374.0
1770044981930789295,335297,8.416,0.0,10.092,-246.7,1.45,1.37,44.44,1.5,-4.63,0.61,-0.32,1.04,11730.6,205.0,140.11,141.49,388.0,374.0
1770044982053686689,335422,8.672,154.0,9.8,-196.1,1.15,1.13,44.38,1.88,-4.44,-3.42,-0.45,0.1,11717.39,190.0,143.88,143.21,388.0,374.0
1770044982156073183,335547,10.052,134.4,9.78,-186.8,0.96,1.84,44.5,1.44,-3.94,-1.99,-0.31,1.01,166.7,190.0,149.51,139.2,388.0,374.0
1770044982278914298,335647,8.444,187.0,10.028,-171.4,1.68,0.61,44.5,1.25,-3.81,-2.94,-2.32,0.72,11738.15,177.0,141.77,136.06,388.0,376.0
1770044982401814784,335771,8.416,140.3,9.772,-256.4,1.89,1.37,45.25,1.81,-4.13,0.06,0.9,-0.72,11731.46,187.0,140.57,142.66,388.0,376.0
1770044982520637487,335893,8.264,148.8,10.064,-198.4,1.21,1.23,45.19,1.5,-3.81,0.18,-0.4,-1.26,11731.63,187.0,143.73,138.65,390.0,376.0
1770044982643485361,336012,10.108,228.5,10.052,-196.5,1.62,1.05,44.94,0.75,-3.75,0.69,0.86,-0.21,11736.95,187.0,142.81,136.07,390.0,376.0
1770044982766361458,336134,8.376,120.0,9.832,-211.3,2.36,0.64,45.19,1.06,-3.81,-0.79,-0.21,-0.38,11737.97,192.0,136.66,139.42,390.0,376.0
1770044982885105753,336257,9.936,83.6,9.868,-257.3,1.91,0.57,45.5,1.37,-4.06,-0.9,-0.84,-0.35,11722.54,187.0,142.18,142.18,390.0,376.0
1770044983012120171,336378,8.284,183.7,10.068,-127.4,1.04,1.58,45.13,0.56,-3.94,0.31,-0.6,-1.46,11727.51,186.0,144.94,139.42,390.0,376.0
1770044983130868762,336503,8.284,0.0,10.016,-190.1,1.56,1.7,44.94,0.12,-3.94,2.17,-1.58,-1.67,11728.54,186.0,144.05,141.27,390.0,378.0
1770044983253733136,336622,9.996,182.8,9.292,-213.1,1.91,1.66,45.44,0.63,-4.06,0.98,-0.64,0.27,11731.63,174.0,139.42,142.18,390.0,378.0
1770044983376660956,336744,9.952,163.6,9.112,-132.5,1.23,1.46,45.06,0.63,-4.13,-0.12,-0.61,0.13,11721.34,205.0,144.64,142.6,392.0,378.0
1770044983509562377,336868,9.656,235.8,8.712,-154.5,1.43,1.46,44.56,0.25,-4.13,-6.71,1.45,0.42,11734.2,180.0,141.71,139.66,392.0,378.0
1770044983622418668,336993,8.456,183.9,9.904,-278.6,2.03,1.25,44.94,0.56,-4.13,2.26,-4.97,6.25,11737.12,188.0,139.21,142.6,392.0,378.0
1770044983737090938,337115,9.584,99.8,9.276,-219.6,1.11,0.72,45.19,0.81,-4.25,0.94,0.77,-4.31,11723.91,188.0,144.66,141.78,392.0,378.0
1770044983859976720,337228,8.432,108.2,9.288,-108.4,1.04,1.97,44.94,0.44,-4.25,-0.4,-0.67,-2.44,11727.51,187.0,146.66,138.94,392.0,378.0
1770044983982874244,337350,8.896,180.7,10.068,-199.0,1.0,0.9,44.88,0.25,-4.13,0.55,-0.88,-0.84,11735.4,188.0,143.08,140.34,392.0,380.0
1770044984113933740,337475,9.888,162.8,8.564,0.0,2.38,1.29,45.75,0.81,-4.5,0.6,0.42,-0.06,11734.72,185.0,138.97,139.66,392.0,380.0
1770044984232659015,337605,9.232,198.4,8.756,-135.6,1.89,1.64,45.38,0.63,-4.25,-1.96,-1.7,-0.65,11725.45,185.0,143.68,143.68,394.0,380.0
1770044984355549316,337723,10.088,206.6,9.788,-159.6,1.37,0.8,45.13,0.19,-4.38,0.29,-1.38,1.62,11725.63,195.0,146.32,138.04,394.0,380.0
1770044984482557622,337845,8.336,161.3,9.892,-247.6,1.48,1.23,45.44,0.37,-4.44,-1.08,-0.72,0.45,11716.19,183.0,147.36,143.96,394.0,380.0
1770044984580861111,337972,10.148,97.4,9.388,0.0,1.25,1.17,45.5,0.63,-4.38,-2.82,0.65,0.85,190.02,183.0,145.6,143.85,394.0,380.0
1770044984703743263,338072,8.248,0.0,10.096,-136.0,1.15,1.13,45.38,0.37,-4.44,-2.83,-1.28,2.83,11711.22,197.0,155.09,142.24,394.0,380.0
1770044984822511205,338193,9.968,0.0,9.256,-142.6,1.31,1.58,45.38,0.19,-4.19,6.37,-1.32,1.84,11735.06,184.0,146.14,141.27,394.0,382.0
1770044984949492030,338315,10.072,0.0,9.444,-205.4,1.97,1.07,45.88,0.69,-4.38,-1.37,-0.61,1.46,11722.54,200.0,144.94,142.18,394.0,382.0
1770044985072373256,338440,10.028,0.0,10.08,-145.3,1.41,1.19,45.44,0.56,-4.31,3.27,1.48,1.91,11711.56,186.0,154.15,145.32,396.0,382.0
1770044985187019599,338561,8.432,0.0,10.0,-123.8,0.86,1.48,45.06,0.25,-4.19,-2.41,1.49,0.45,11710.53,186.0,155.67,142.23,396.0,382.0
1770044985309918196,338679,8.856,130.8,9.916,-217.7,1.91,0.88,45.56,0.37,-4.31,-4.49,2.39,-3.64,11714.82,178.0,149.08,144.25,396.0,382.0
1770044985412350024,338801,9.724,168.4,8.796,-115.2,0.9,1.04,45.56,0.75,-4.19,-6.6,1.01,1.77,159.5,185.0,157.29,147.76,396.0,382.0
1770044985510647586,338902,10.124,142.6,9.848,0.0,1.17,1.17,45.63,0.5,-4.13,0.96,-1.18,-3.05,178.87,185.0,155.11,145.36,396.0,382.0
1770044985633464181,339002,9.068,0.0,9.516,-170.0,1.54,1.46,45.44,0.31,-4.06,-1.67,-2.73,-0.68,11704.87,193.0,155.97,145.92,396.0,384.0
1770044985760492044,339126,9.688,0.0,9.924,-187.8,1.97,1.72,45.94,0.5,-3.94,-2.05,-0.32,-0.35,11725.28,183.0,144.45,145.82,398.0,384.0
1770044985883371159,339249,8.596,0.0,10.068,-165.9,1.27,0.82,45.69,0.69,-4.0,1.08,-0.31,0.04,11705.73,185.0,157.46,143.76,398.0,384.0
1770044986006247403,339374,9.332,203.2,9.348,0.0,1.0,1.48,45.5,0.31,-4.06,-0.39,0.01,-1.37,11710.02,196.0,156.96,140.12,398.0,384.0
1770044986125038642,339496,0.0,118.7,9.96,-242.8,1.99,1.23,45.88,0.44,-3.94,-1.27,-1.93,0.53,11737.63,196.0,143.22,136.74,398.0,384.0
1770044986243760639,339614,10.016,81.7,8.804,0.0,1.19,1.41,46.19,0.81,-4.06,0.39,-0.46,-1.71,11727.0,182.0,148.23,140.57,398.0,384.0
1770044986366683884,339735,10.136,0.0,10.128,-115.8,1.19,1.33,46.13,0.5,-4.13,-1.88,-1.1,-1.03,11726.31,177.0,151.84,139.42,398.0,384.0
1770044986489539535,339857,9.036,0.0,9.92,0.0,1.8,1.35,46.0,0.37,-4.06,8.46,1.6,0.87,11736.26,190.0,146.14,136.4,398.0,386.0
1770044986608343089,339981,9.884,157.2,9.98,0.0,1.82,1.64,46.81,0.81,-4.13,-0.02,2.56,-3.04,11736.77,190.0,141.96,132.92,400.0,386.0
1770044986731220389,340099,9.6,92.0,9.88,-144.6,1.25,1.0,47.0,0.75,-4.31,0.57,3.43,-4.04,11728.2,183.0,146.84,137.79,400.0,386.0
1770044986854113559,340219,10.156,174.2,9.52,-155.3,1.25,1.39,46.63,0.37,-4.44,-1.77,0.01,-0.98,11738.32,183.0,145.13,132.81,400.0,386.0
1770044986976994470,340342,9.916,195.7,9.24,-284.9,1.82,1.04,47.0,0.75,-4.56,2.5,-2.41,-0.26,11746.55,190.0,136.66,131.83,400.0,386.0
1770044987108065614,340467,8.452,123.9,10.052,-170.9,1.43,1.29,47.56,0.88,-4.38,-1.6,0.48,0.68,11732.14,196.0,144.83,138.1,400.0,386.0
1770044987222693846,340596,8.552,129.4,10.096,-120.1,0.92,1.15,47.69,0.75,-4.25,1.67,0.32,-1.08,11726.66,196.0,146.32,138.04,400.0,386.0
1770044987345580627,340713,9.368,203.0,9.888,-166.6,1.46,1.31,47.69,0.69,-4.38,-5.41,1.31,-1.04,11747.75,190.0,140.8,132.52,400.0,388.0
1770044987472593230,340835,8.34,200.7,9.016,-224.2,1.33,0.98,48.06,0.81,-4.31,2.11,1.03,-1.88,11735.23,178.0,141.49,135.28,402.0,388.0
1770044987595474141,340962,9.548,139.0,10.044,0.0,1.39,1.48,48.5,0.94,-4.19,-1.18,-2.53,-1.67,11723.4,180.0,144.73,140.78,402.0,388.0
1770044987714249786,341085,8.628,103.5,10.092,-196.9,1.09,1.45,48.25,0.88,-4.19,-3.36,0.21,0.94,11724.94,180.0,146.29,139.87,402.0,388.0
1770044987833036117,341201,9.916,204.3,9.996,-215.8,1.15,1.68,48.38,0.75,-4.19,0.62,4.88,-1.23,11742.26,186.0,140.8,137.35,402.0,388.0
1770044987964099447,341323,10.132,157.3,10.072,-122.9,1.33,0.82,48.63,0.94,-3.94,-0.69,0.57,-0.28,11721.68,180.0,146.0,141.93,402.0,388.0
1770044988086981709,341452,9.836,142.4,10.144,-124.3,0.92,1.05,48.5,1.0,-3.75,-2.06,-1.7,0.91,11721.68,188.0,147.19,144.54,402.0,388.0
1770044988209865101,341574,8.42,257.9,9.036,-147.0,1.52,1.8,48.31,1.0,-4.19,-1.82,-0.76,-0.91,11738.32,179.0,140.34,138.97,404.0,390.0
1770044988328605135,341699,9.58,0.0,8.636,-255.5,1.91,1.41,48.25,1.31,-4.06,-0.83,0.29,-1.4,11726.66,179.0,140.58,141.29,404.0,390.0
1770044988451493694,341817,9.936,139.0,8.732,-153.5,1.19,0.66,48.38,1.37,-4.0,1.75,-1.67,-1.59,11726.14,181.0,142.87,144.25,404.0,390.0
1770044988574396475,341941,9.984,179.3,9.848,-171.3,1.48,1.25,48.0,1.31,-4.06,-0.17,-0.5,-0.06,11731.8,189.0,141.46,140.79,404.0,390.0
1770044988697274090,342064,10.004,199.5,8.68,-212.8,1.82,1.52,48.06,1.25,-4.19,1.92,-0.8,0.7,11727.51,178.0,141.49,140.11,404.0,390.0
1770044988811944692,342185,9.804,191.0,8.996,-172.3,1.7,0.74,48.19,1.44,-3.94,1.1,0.01,0.63,11727.0,178.0,141.29,140.58,404.0,390.0
1770044988938940183,342302,9.624,112.2,9.816,-128.7,1.29,1.13,47.88,1.31,-3.94,-0.56,-0.1,-0.77,11731.97,183.0,147.7,144.25,404.0,390.0
1770044989061823723,342428,8.236,250.0,9.984,-260.4,2.66,1.84,47.88,1.12,-4.06,-0.45,-1.13,-2.21,11743.98,192.0,137.67,137.0,406.0,392.0
1770044989184674651,342551,9.576,167.5,9.908,-231.0,1.52,1.21,48.13,1.31,-4.0,-2.24,-2.11,0.33,11725.63,179.0,141.93,139.21,406.0,392.0
1770044989303401314,342673,9.644,181.1,9.264,0.0,1.17,1.0,48.19,1.25,-3.94,1.11,0.6,-2.17,11722.71,176.0,145.06,142.94,406.0,392.0
1770044989426364837,342794,9.492,213.7,8.648,-180.3,1.64,1.04,47.69,1.19,-4.0,-2.37,-1.14,-0.28,11743.12,176.0,136.57,140.81,406.0,392.0
1770044989545133668,342914,9.968,207.6,9.084,-226.3,1.93,1.43,47.88,1.69,-4.44,-0.6,-0.32,-1.26,11731.11,179.0,137.35,141.49,406.0,392.0
1770044989678034940,343035,8.628,0.0,8.704,-246.9,2.25,0.68,48.06,1.81,-4.06,-0.66,0.73,-1.17,11735.23,183.0,137.85,141.25,406.0,392.0
1770044989794980753,343158,8.14,198.7,8.464,-189.9,1.25,1.8,47.81,1.69,-3.88,-2.16,-1.86,0.98,11731.46,178.0,143.96,138.53,406.0,392.0
1770044989913745880,343282,9.784,0.0,9.9,-190.6,1.43,2.13,47.56,1.37,-4.25,1.16,-1.79,0.57,11742.6,178.0,137.92,137.92,408.0,394.0
1770044990016176040,343402,9.1,264.2,9.424,-196.2,1.6,1.48,47.69,1.5,-4.31,-2.72,0.74,-0.8,167.73,177.0,132.32,138.34,408.0,394.0
1770044990139043247,343502,10.02,190.4,8.72,-200.0,2.09,1.0,47.63,1.63,-4.13,0.9,0.28,-1.43,11733.34,182.0,139.85,142.8,408.0,394.0
1770044990265973439,343625,9.612,314.3,31.932,0.0,1.11,2.03,46.94,1.5,-4.0,2.25,0.61,-1.24,11745.52,170.0,139.88,141.27,408.0,394.0
1770044990380670857,343752,9.856,239.1,9.576,-246.5,1.95,1.37,47.19,1.5,-4.56,-4.47,0.65,-3.66,11737.97,170.0,132.81,142.39,408.0,394.0
1770044990507682329,343870,9.4,136.2,9.812,-284.1,2.3,1.46,47.19,1.75,-4.5,2.61,-3.17,2.17,11718.94,179.0,138.04,148.39,408.0,394.0
1770044990605972557,343995,9.696,103.8,9.028,-259.7,1.8,1.39,47.5,1.5,-4.56,-0.54,0.62,-0.86,157.09,187.0,138.86,149.2,408.0,394.0
1770044990728860115,344095,9.876,256.6,8.656,-233.0,1.43,2.09,47.31,1.06,-4.56,0.69,-0.15,-1.38,11726.66,179.0,139.85,144.28,408.0,396.0
1770044990847740485,344218,9.716,199.8,9.856,0.0,1.93,1.78,47.31,1.37,-5.25,2.0,-3.07,-0.45,11726.83,179.0,143.73,148.81,410.0,396.0
1770044990974620121,344336,10.052,170.3,9.964,-202.8,1.78,1.74,47.25,1.56,-5.0,0.42,-1.0,-1.39,11712.94,182.0,146.32,149.77,410.0,396.0
1770044991093361932,344461,9.988,220.0,8.832,-212.6,1.21,1.54,46.81,1.06,-4.88,-0.48,0.23,1.64,11728.2,187.0,142.14,146.85,410.0,396.0
1770044991216278472,344583,9.84,192.9,9.244,-366.7,2.62,1.19,46.56,1.12,-5.31,-3.09,0.77,-1.07,11729.57,189.0,136.66,145.63,410.0,396.0
1770044991318659669,344705,9.552,215.7,9.276,-218.1,1.33,1.95,46.38,1.44,-5.13,0.41,-2.0,0.14,173.39,189.0,139.12,144.61,410.0,396.0
1770044991441547597,344805,9.004,212.0,9.776,-345.5,2.42,1.6,45.69,1.25,-5.0,-0.72,-0.59,-0.63,11728.03,182.0,142.57,147.84,410.0,396.0
1770044991564450878,344930,9.672,288.3,9.656,-293.5,2.17,1.31,44.75,0.37,-5.44,-1.33,1.62,0.24,11726.83,174.0,138.53,146.68,410.0,398.0
1770044991687308102,345051,8.108,225.9,9.9,-261.3,2.29,1.74,44.75,0.69,-5.13,-2.49,-1.1,-0.44,11725.8,176.0,138.53,143.28,412.0,398.0
1770044991806144174,345175,9.132,-164.6,10.128,-240.1,1.82,-3.69,44.56,1.0,-5.31,-0.21,-0.43,0.03,11958.35,176.0,95.62,57.09,412.0,398.0
1770044991928973139,345291,10.376,32.8,9.424,1.5,-0.27,1.31,44.56,1.0,-4.75,-0.97,-1.94,0.23,12039.47,192.0,16.01,17.4,412.0,398.0
1770044992051846364,345415,9.952,51.2,10.188,-0.8,-0.35,2.46,44.25,0.81,-5.13,-0.9,0.48,-0.63,12046.33,181.0,10.19,14.26,412.0,398.0
1770044992166497021,345537,8.824,71.1,10.32,0.0,-0.41,2.05,44.0,0.81,-5.13,-0.14,0.06,0.06,12049.76,188.0,10.44,12.53,412.0,398.0
1770044992285292944,345656,8.78,43.1,10.196,-4.4,-0.41,2.3,43.63,0.75,-5.25,-0.64,-0.12,-0.31,12050.28,188.0,8.86,12.56,412.0,398.0
1770044992408239503,345773,10.404,61.9,10.12,-9.6,-0.94,1.8,43.38,0.75,-5.31,-0.91,-0.48,-0.4,12054.56,179.0,6.26,13.92,412.0,398.0
1770044992526973017,345893,10.236,49.0,10.3,-18.7,-1.58,2.44,43.13,0.75,-5.31,-0.5,-0.17,-0.41,12060.57,192.0,0.0,13.8,412.0,398.0
1770044992645776885,346014,10.324,61.6,9.916,-14.9,-1.56,1.66,42.81,0.25,-5.06,-0.55,-0.18,-0.51,12059.71,189.0,1.4,12.63,412.0,398.0
1770044992768636405,346133,9.924,67.1,10.0,-16.0,-1.54,2.11,42.5,-0.19,-4.88,-0.06,-0.2,-0.77,12062.45,183.0,0.0,11.23,412.0,398.0
1770044992887430828,346255,10.1,65.7,10.252,-16.9,-1.86,1.74,42.19,-0.19,-4.88,-0.45,-0.24,-0.23,12063.14,183.0,0.0,11.61,412.0,398.0
1770044993010342146,346374,9.612,65.3,10.072,-17.2,-1.62,2.29,41.81,-0.37,-4.88,-0.43,-0.07,-0.32,12061.08,189.0,0.0,11.45,412.0,398.0
1770044993129107179,346496,10.156,77.5,10.24,-19.1,-1.66,1.74,41.44,-0.56,-4.81,-0.19,-0.28,-0.37,12062.62,184.0,0.0,11.13,412.0,398.0
1770044993256003445,346614,10.108,67.6,10.336,-15.5,-1.45,2.36,41.06,-0.69,-4.69,-0.52,-0.01,-0.42,12062.79,190.0,3.51,10.53,412.0,398.0
1770044993374811331,346744,8.656,70.8,10.32,-13.9,-0.94,2.52,40.81,-0.81,-4.69,-0.38,-0.03,-0.31,12066.4,190.0,2.78,6.26,412.0,398.0
1770044993493600698,346861,9.532,76.5,10.324,-5.8,-0.51,2.68,40.88,-0.88,-4.69,-0.28,-0.1,-0.7,12063.14,194.0,4.75,7.47,412.0,398.0
1770044993616498627,346982,9.972,78.6,10.28,-20.9,-1.86,2.01,40.69,-0.94,-4.75,-0.54,-0.06,-0.25,12059.71,184.0,0.7,13.22,412.0,398.0
1770044993735204363,347103,10.34,54.5,10.096,-18.6,-1.7,1.45,40.13,-0.94,-4.75,-0.15,-0.1,-0.43,12056.28,170.0,0.0,16.7,412.0,398.0
1770044993854065657,347224,9.376,38.8,9.94,-16.9,-1.52,2.11,39.56,-1.06,-4.69,-0.21,-0.03,-0.42,12061.42,170.0,0.0,14.64,412.0,398.0
1770044993976938659,347338,10.12,67.4,10.172,-12.1,-0.82,2.27,39.06,-1.12,-4.69,-0.4,-0.04,-0.27,12061.94,182.0,1.38,12.42,412.0,398.0
1770044994105758129,347463,9.648,59.0,10.22,-16.7,-1.64,2.89,38.69,-1.25,-4.69,-0.57,-0.18,-0.33,12063.65,192.0,0.0,11.64,412.0,398.0
1770044994218531286,347584,9.768,57.3,10.292,-22.4,-1.74,2.5,38.38,-1.31,-4.69,-0.05,-0.24,-0.46,12061.42,188.0,0.0,12.42,412.0,398.0
1770044994333204351,347707,10.028,61.7,9.988,-17.1,-1.76,2.42,38.0,-1.37,-4.63,-0.2,0.02,-0.41,12059.88,188.0,0.0,13.18,412.0,398.0
1770044994460259286,347822,9.924,58.0,10.116,-19.7,-1.7,1.93,37.56,-1.44,-4.63,-0.18,0.01,-0.36,12062.62,195.0,0.0,13.22,412.0,398.0
1770044994583131177,347945,10.08,60.8,10.276,-14.9,-1.62,2.56,37.13,-1.44,-4.63,-0.25,-0.1,-0.33,12061.42,189.0,0.0,14.03,412.0,398.0
1770044994701907210,348068,9.624,73.6,10.2,-16.0,-1.56,1.91,36.75,-1.56,-4.63,-0.03,0.0,-0.44,12060.91,182.0,0.0,11.83,412.0,398.0
1770044994824804212,348189,9.284,49.9,10.344,-4.3,-0.63,2.54,36.44,-1.56,-4.56,-0.14,-0.09,-0.43,12054.22,185.0,2.76,14.49,412.0,398.0
1770044994943558004,348311,9.9,59.7,9.156,-13.6,-1.07,1.86,35.94,-1.5,-4.63,-0.42,-0.1,-0.33,12054.22,185.0,2.93,15.38,412.0,398.0
1770044995066459988,348429,10.256,73.7,10.26,-16.1,-1.6,1.91,35.44,-1.44,-4.63,-0.34,-0.05,-0.42,12062.11,194.0,0.0,14.03,412.0,398.0
1770044995189299786,348552,10.016,65.4,10.132,-13.7,-1.66,1.72,35.0,-1.44,-4.63,-0.1,-0.21,-0.4,12057.31,180.0,0.0,15.06,412.0,398.0
1770044995308071430,348675,9.668,40.2,10.204,-11.0,-0.9,1.99,34.5,-1.44,-4.63,-0.12,-0.12,-0.37,12052.68,184.0,3.48,15.31,412.0,398.0
1770044995426897501,348795,9.744,41.5,10.332,-7.6,-0.51,1.78,33.88,-1.37,-4.63,0.12,-0.12,-0.45,12056.28,184.0,1.48,16.25,412.0,398.0
1770044995549779818,348914,9.624,72.0,10.056,-14.2,-1.6,1.54,33.25,-1.31,-4.63,-0.32,-0.14,-0.42,12059.02,188.0,0.0,12.9,412.0,398.0
1770044995672654635,349035,10.4,60.3,10.376,-9.9,-0.94,2.19,32.88,-1.31,-4.56,-0.07,-0.03,-0.34,12050.45,183.0,1.37,15.75,412.0,398.0
1770044995795543378,349158,10.136,40.7,9.924,-14.2,-1.6,1.91,32.38,-1.31,-4.56,-0.04,-0.24,-0.43,12052.85,196.0,0.0,15.18,412.0,398.0
1770044995910212831,349280,9.78,59.7,9.12,-11.5,-1.45,1.43,32.0,-1.31,-4.56,-0.42,0.04,-0.36,12049.25,196.0,4.39,16.84,412.0,398.0
1770044996033104481,349398,9.896,66.6,9.608,-15.2,-1.46,1.37,31.31,-1.31,-4.56,0.09,-0.35,-0.31,12051.48,201.0,2.0,14.7,412.0,398.0
1770044996155948316,349519,8.784,59.0,9.48,-20.8,-1.72,2.36,30.75,-1.31,-4.63,0.05,-0.26,-0.41,12049.76,193.0,1.39,16.01,412.0,398.0
1770044996282907897,349640,8.6,65.0,10.344,-9.4,-0.74,1.6,30.19,-1.31,-4.63,0.0,-0.02,-0.45,12050.96,187.0,2.09,15.31,412.0,398.0
1770044996401684319,349768,9.08,66.2,9.62,-16.7,-1.64,1.93,29.56,-1.31,-4.63,-0.21,-0.16,-0.41,12052.33,189.0,1.33,14.59,412.0,398.0
1770044996524603358,349889,9.648,81.0,10.024,-16.4,-1.6,1.86,29.12,-1.37,-4.63,0.31,-0.28,-0.32,12059.88,189.0,0.0,12.34,412.0,398.0
1770044996647494694,350011,10.048,60.0,9.864,-17.4,-1.45,2.15,28.81,-1.31,-4.63,0.1,-0.22,-0.51,12049.25,182.0,1.31,15.01,412.0,398.0
1770044996770372399,350134,9.872,51.9,10.284,-16.4,-1.07,2.48,28.37,-1.5,-4.81,0.08,0.07,-1.0,12050.79,192.0,2.09,15.31,412.0,398.0
1770044996893249956,350255,10.12,51.0,10.136,-16.6,-1.68,2.13,27.87,-1.56,-5.0,-0.21,-0.11,-0.39,12052.5,188.0,0.0,17.26,412.0,398.0
1770044997007887650,350377,9.528,43.5,9.156,-17.8,-1.74,2.15,27.37,-1.69,-5.06,-0.17,-0.06,-0.38,12051.99,188.0,0.0,16.7,412.0,398.0
1770044997130801522,350495,10.02,34.5,10.3,-16.0,-1.72,2.13,26.81,-1.75,-5.13,-0.15,-0.16,-0.35,12055.42,184.0,0.0,17.11,412.0,398.0
1770044997253638560,350617,10.3,60.4,10.32,-18.1,-1.74,1.43,26.25,-1.81,-5.19,-0.07,-0.07,-0.4,12051.99,197.0,0.0,16.43,412.0,398.0
1770044997372428519,350737,9.776,59.0,10.08,-16.8,-1.7,1.56,25.62,-1.88,-5.19,-0.1,-0.1,-0.41,12049.76,180.0,1.43,15.7,412.0,398.0
1770044997491254386,350858,10.332,46.1,10.248,-17.3,-1.52,2.13,25.06,-2.0,-5.25,0.39,0.01,-0.42,12057.14,180.0,0.0,13.67,412.0,398.0
1770044997614128740,350977,8.708,113.0,9.592,-12.9,-1.39,2.99,24.69,-2.06,-5.19,-0.62,-0.09,-0.15,12059.19,188.0,3.4,7.47,412.0,398.0
1770044997732903976,351097,10.288,86.4,10.324,-18.7,-1.46,2.29,24.44,-2.13,-5.25,0.2,-0.66,0.0,12055.94,185.0,0.0,13.22,412.0,398.0
1770044997835320802,351218,10.284,75.6,10.372,-11.9,-1.11,2.07,23.94,-2.13,-5.31,-0.1,0.07,-0.27,211.29,185.0,1.87,13.1,412.0,398.0
1770044997958189970,351319,10.084,65.6,10.044,-15.3,-1.48,2.03,23.5,-2.19,-5.31,-0.05,-0.14,-0.51,12056.28,193.0,0.48,13.95,412.0,398.0
1770044998076969299,351442,9.244,74.5,10.196,-16.5,-1.74,1.97,22.94,-2.25,-5.31,-0.1,-0.14,-0.29,12055.42,205.0,0.0,12.9,412.0,400.0
1770044998199826949,351562,10.244,74.2,9.976,-17.7,-1.64,2.21,22.5,-2.31,-5.31,-0.17,-0.07,-0.42,12054.73,206.0,0.0,13.11,412.0,400.0
1770044998318582685,351684,9.88,80.4,10.088,-18.0,-1.68,2.11,22.06,-2.31,-5.31,-0.09,0.02,-0.44,12055.08,202.0,0.0,12.03,412.0,400.0
1770044998443339019,351803,9.932,66.8,9.984,-15.4,-1.43,2.54,21.69,-2.31,-5.31,-0.09,-0.06,-0.38,12056.96,202.0,0.0,11.92,412.0,400.0
1770044998556242400,351920,9.676,61.8,9.748,-15.9,-1.56,2.75,21.31,-2.31,-5.31,-0.04,-0.08,-0.41,12056.11,212.0,0.0,12.13,412.0,400.0
1770044998679071864,352041,9.66,61.8,10.088,-16.4,-1.66,2.77,20.87,-2.31,-5.31,-0.19,-0.04,-0.37,12054.56,203.0,0.7,12.53,412.0,400.0
1770044998797863212,352162,9.36,53.7,9.952,-16.2,-1.66,2.27,20.5,-2.31,-5.38,-0.16,-0.11,-0.32,12055.08,219.0,0.0,13.22,412.0,400.0
1770044998916637115,352284,9.752,66.4,10.34,-21.4,-1.58,2.95,20.12,-2.31,-5.38,-0.18,-0.02,-0.36,12054.73,219.0,2.2,11.72,412.0,400.0
1770044999039523505,352402,10.42,67.0,10.364,-8.4,-0.78,2.54,19.69,-2.25,-5.38,0.27,-0.05,-0.17,12052.85,223.0,1.36,13.58,412.0,400.0
1770044999158300871,352523,10.288,62.4,10.144,-20.1,-1.74,1.93,19.25,-2.13,-5.44,-0.2,-0.05,-0.44,12053.36,219.0,0.0,13.69,412.0,400.0
1770044999281145909,352644,10.088,52.0,10.28,-4.9,-0.61,2.27,18.75,-2.06,-5.44,0.0,-0.02,-0.41,12055.59,214.0,1.43,14.99,412.0,400.0
1770044999418196797,352763,8.944,66.4,10.352,-6.9,-1.35,1.46,18.19,-2.06,-5.5,-0.36,0.02,-0.49,12046.85,218.0,2.74,15.75,412.0,400.0
1770044999526937320,352894,9.312,49.0,10.184,-14.1,-1.5,1.43,17.5,-1.94,-5.5,0.3,0.01,-0.17,12051.13,218.0,1.38,16.56,412.0,400.0
1770044999649799691,353012,10.324,47.4,10.208,-19.9,-1.6,1.33,16.87,-1.88,-5.5,-0.1,-0.03,-0.41,12057.31,217.0,0.0,15.06,412.0,400.0
1770044999768592224,353132,10.36,56.3,10.332,-15.6,-1.66,1.84,16.37,-1.88,-5.5,-0.05,-0.06,-0.37,12051.48,219.0,0.0,15.31,412.0,400.0
1770044999897399989,353253,9.492,74.1,9.4,-7.1,-0.61,1.46,15.81,-1.88,-5.5,-0.51,0.14,-0.54,12050.62,216.0,2.81,14.74,412.0,400.0
1770045000010253443,353374,10.356,52.6,10.348,-15.7,-1.78,2.09,15.31,-1.75,-5.56,-0.69,0.25,-0.55,12042.9,216.0,4.36,17.42,412.0,400.0
1770045000128985271,353494,9.604,51.9,10.232,-16.1,-1.37,1.41,14.56,-1.69,-5.56,0.02,0.04,-0.39,12048.73,219.0,0.67,18.71,412.0,400.0
1770045000251877698,353614,10.04,39.0,10.288,-15.4,-1.62,1.39,13.88,-1.63,-5.56,-0.09,-0.15,-0.55,12048.22,222.0,0.0,18.79,412.0,400.0
1770045000380710019,353735,10.176,57.6,10.292,-15.9,-1.82,1.66,13.13,-1.63,-5.56,-0.13,-0.25,-0.31,12045.82,217.0,1.4,18.24,412.0,400.0
1770045000489458486,353857,10.424,43.1,9.212,-17.2,-1.64,1.89,12.5,-1.56,-5.56,0.04,-0.02,-0.28,12050.1,217.0,0.0,18.31,412.0,400.0
1770045000612351210,353974,10.348,60.2,10.204,-17.8,-1.78,1.86,11.94,-1.5,-5.56,0.0,0.06,-0.43,12050.45,217.0,0.0,17.38,412.0,400.0
1770045000731086797,354096,8.892,56.0,10.368,-13.7,-1.05,1.72,11.31,-1.5,-5.5,-0.11,-0.15,-0.45,12049.08,214.0,2.07,16.56,412.0,400.0
1770045000854013355,354216,10.388,67.0,9.104,-9.8,-1.09,1.72,10.88,-1.63,-5.5,-0.04,-0.06,-0.51,12049.08,214.0,0.71,16.98,412.0,400.0
1770045000986936051,354337,8.844,52.6,9.816,-12.9,-1.54,2.13,10.25,-1.56,-5.56,-0.21,-0.05,-0.34,12051.13,215.0,0.0,16.56,412.0,400.0
1770045001091565383,354462,9.708,70.3,9.532,-14.3,-1.52,1.43,9.5,-1.56,-5.56,-0.25,-0.05,-0.48,12051.48,215.0,2.16,16.55,412.0,400.0
1770045001214415642,354576,10.344,57.8,10.316,-18.9,-1.54,1.99,8.88,-1.5,-5.56,0.18,-0.08,-0.53,12052.68,211.0,0.7,15.44,412.0,400.0
1770045001333210860,354696,9.432,49.8,9.456,-16.5,-1.72,2.23,8.25,-1.5,-5.56,-0.01,-0.32,-0.27,12051.13,211.0,0.0,15.44,412.0,400.0
1770045001452019134,354816,8.64,35.5,10.324,-16.6,-1.25,1.8,7.38,-1.5,-5.63,0.0,0.12,-0.82,12051.99,207.0,0.0,15.57,412.0,400.0
1770045001566728328,354936,8.72,69.7,10.328,-19.2,-1.5,1.43,5.69,-1.5,-5.69,0.13,-0.43,-0.56,12047.36,207.0,1.46,18.31,412.0,400.0
1770045001689589736,355051,9.64,41.4,10.344,-16.3,-1.62,1.23,0.63,-1.56,-5.88,-2.05,-0.37,0.09,12043.76,216.0,0.0,22.59,412.0,400.0
1770045001812468515,355174,10.224,27.7,9.824,-12.9,-1.48,1.41,-10.88,0.5,-6.25,-0.17,-0.04,-0.49,12043.24,201.0,0.0,22.45,412.0,400.0
1770045001935349090,355294,8.788,44.4,10.14,-15.5,-1.58,1.15,-19.37,-0.5,-6.88,-0.79,0.16,0.12,12041.87,202.0,2.74,20.54,412.0,400.0
1770045002054123641,355417,10.168,35.4,10.336,-13.5,-1.43,1.41,-19.37,-1.19,-5.5,-1.63,-1.3,0.88,12048.39,202.0,2.9,17.42,412.0,400.0
1770045002152400645,355536,9.296,62.1,9.748,-14.7,-1.37,1.95,-19.06,-1.44,-5.5,-0.45,-0.59,0.83,189.51,192.0,3.01,13.53,412.0,400.0
1770045002275278294,355636,10.02,64.9,10.364,-9.0,-1.31,1.76,-19.06,-1.44,-5.44,-0.58,0.18,-0.74,12051.99,190.0,2.49,14.95,412.0,400.0
1770045002402242800,355759,10.076,73.0,10.32,-17.9,-1.41,1.95,-19.37,-1.5,-5.38,-1.26,-0.55,-0.04,12053.36,188.0,0.68,13.01,412.0,400.0
1770045002525156172,355887,8.948,60.8,9.296,-13.5,-1.43,1.82,-19.69,-1.37,-5.38,-0.32,0.27,-0.48,12048.73,188.0,0.0,17.8,412.0,400.0
1770045002643937705,356006,9.48,42.6,9.828,-13.7,-1.64,0.94,-20.37,-1.44,-5.38,-0.13,-0.29,-0.37,12049.25,190.0,0.0,19.69,412.0,400.0
1770045002766819020,356127,10.36,59.0,9.896,-15.4,-1.5,1.02,-21.06,-1.44,-5.38,-0.19,-0.17,-0.44,12047.19,190.0,0.7,19.65,412.0,400.0
1770045002865124729,356248,9.852,44.2,10.22,-16.0,-1.29,1.41,-21.56,-1.31,-5.44,-0.16,-0.03,-0.42,187.28,190.0,3.66,20.14,412.0,400.0
1770045002963419751,356347,10.328,40.6,10.204,-14.7,-1.39,1.23,-22.5,-1.31,-5.38,0.53,-0.11,-0.76,190.88,191.0,0.0,20.05,412.0,400.0
1770045003086298567,356447,8.62,40.1,10.384,-15.1,-1.6,1.05,-24.94,-1.69,-5.06,-0.1,-0.3,-0.17,12037.07,187.0,1.49,22.92,412.0,400.0
1770045003205019172,356568,8.704,27.9,10.148,-4.2,-0.45,0.64,-30.44,-2.69,-4.69,-0.29,-0.36,-0.01,12030.04,192.0,6.96,26.44,412.0,400.0
1770045003329777376,356689,10.472,27.8,10.392,-4.8,-0.88,0.61,-38.5,-3.06,-5.75,-0.8,-0.05,0.47,12031.07,192.0,6.53,27.58,412.0,400.0
1770045003446736947,356804,8.624,21.4,9.916,-3.8,-0.49,0.7,-48.44,-1.88,-7.56,-1.0,-0.99,0.1,12032.44,211.0,6.26,27.14,412.0,400.0
1770045003569620226,356930,10.508,0.0,10.472,-5.5,-0.72,0.68,-60.5,-0.12,-9.88,-1.69,-1.57,0.08,12031.75,272.0,6.79,27.16,412.0,400.0
1770045003688367572,357051,10.484,26.0,10.432,-7.6,-0.68,0.16,-73.87,2.19,-11.94,-1.83,-1.03,-0.67,12033.13,333.0,5.52,26.23,412.0,400.0
1770045003811274499,357173,9.756,18.3,10.28,-7.9,-0.96,0.33,-89.0,4.06,-12.44,-0.83,-0.29,-0.68,12036.56,448.0,6.21,25.54,412.0,400.0
1770045003925951822,357294,10.084,27.9,9.972,-6.0,-0.68,0.59,-102.56,4.19,-11.63,-0.05,-0.36,-1.21,12039.3,448.0,5.13,25.63,412.0,400.0
1770045004048814508,357410,10.54,32.9,10.404,-6.7,-0.31,0.9,-113.44,3.69,-10.25,0.64,-0.35,-1.59,12037.41,391.0,6.11,23.77,412.0,400.0
1770045004171751306,357533,9.788,25.9,10.48,-11.9,-0.88,1.45,-120.75,3.0,-8.63,0.86,-0.32,-0.4,12037.24,414.0,9.12,23.86,412.0,400.0
1770045004294566898,357654,10.268,28.3,10.436,-5.5,-0.63,1.25,-126.44,3.44,-6.81,0.7,0.23,-0.4,12042.56,315.0,5.48,22.59,412.0,400.0
1770045004413365597,357777,8.972,38.1,10.272,-12.2,-1.17,1.13,-130.0,4.5,-4.81,0.15,-0.05,-0.48,12039.3,315.0,5.08,23.23,412.0,400.0
1770045004532111832,357896,10.36,22.6,9.2,-7.8,-0.57,0.88,-130.94,4.5,-2.56,-0.19,-0.05,-0.5,12038.79,277.0,5.43,25.13,412.0,402.0
1770045004654990018,358017,8.932,25.8,9.604,-7.4,-0.84,0.92,-130.0,3.5,-1.25,-0.3,-0.1,-0.57,12038.27,256.0,6.16,23.96,412.0,402.0
1770045004777946798,358138,10.288,35.9,9.664,-5.9,-0.7,1.09,-128.63,2.13,-0.81,-1.05,-0.5,-0.98,12042.04,222.0,5.57,22.96,412.0,402.0
1770045004892609880,358260,10.384,33.7,9.508,-13.5,-1.11,1.09,-128.38,1.19,-1.88,-1.55,-0.81,3.48,12038.1,222.0,4.39,22.7,412.0,402.0
1770045005019580163,358376,9.944,39.1,9.616,-15.2,-1.54,1.05,-128.56,0.5,-2.94,-1.04,-0.36,-0.21,12050.62,179.0,0.0,19.33,412.0,402.0
1770045005138368455,358500,10.264,58.8,10.02,-16.6,-1.62,1.64,-129.06,0.5,-2.81,-0.77,0.24,-0.43,12053.88,188.0,0.0,18.33,412.0,402.0
1770045005261208973,358621,9.528,46.5,9.692,-14.6,-1.72,1.35,-129.5,-0.5,-3.13,-0.54,0.08,-0.42,12051.82,196.0,0.0,18.48,412.0,402.0
1770045005384119882,358744,10.272,53.5,10.312,-16.2,-1.52,1.6,-130.0,-1.12,-3.31,-0.41,0.11,-0.37,12052.33,196.0,0.0,19.04,412.0,402.0
1770045005525228885,358864,10.136,51.6,10.048,-14.2,-1.56,1.58,-130.56,-1.5,-3.5,-0.41,0.09,-0.41,12056.62,202.0,0.0,18.42,412.0,402.0
1770045005638064783,358999,9.936,46.2,10.244,-13.0,-1.48,1.89,-131.19,-1.75,-3.56,-0.32,0.05,-0.41,12053.19,203.0,0.0,18.36,412.0,402.0
1770045005756853889,359118,10.144,45.8,10.34,-14.5,-1.48,1.88,-131.69,-1.94,-3.63,-0.25,0.04,-0.46,12051.82,194.0,0.0,18.24,412.0,402.0
1770045005879725389,359239,9.888,53.1,10.016,-15.6,-1.5,1.11,-132.25,-2.06,-3.69,-0.34,0.08,-0.4,12053.88,195.0,0.0,18.95,412.0,402.0
1770045005998513718,359361,9.972,51.5,9.74,-16.9,-1.48,2.01,-132.88,-2.19,-3.75,-0.27,0.02,-0.42,12051.82,195.0,0.0,18.31,412.0,402.0
1770045006096830296,359478,9.424,38.6,9.98,-16.4,-1.46,2.13,-133.44,-2.25,-3.81,-0.2,0.0,-0.42,178.02,187.0,0.0,18.37,412.0,402.0
1770045006219685778,359578,10.04,47.4,10.432,-11.2,-0.88,1.68,-133.88,-2.38,-3.88,-0.08,0.01,-0.39,12051.3,202.0,2.48,18.33,412.0,402.0
1770045006317976819,359701,9.568,58.5,10.248,-18.2,-1.7,1.54,-134.5,-2.31,-3.88,-0.23,0.0,-0.39,174.76,202.0,0.0,18.71,412.0,402.0
1770045006416260415,359800,9.76,59.1,9.892,-14.6,-1.52,1.58,-134.94,-2.38,-3.88,-0.1,-0.04,-0.41,173.39,197.0,0.0,17.31,412.0,402.0
1770045006518708907,359900,9.78,59.9,10.288,-17.2,-1.58,1.6,-135.38,-2.38,-3.88,-0.02,-0.08,-0.42,174.76,197.0,0.0,17.39,412.0,402.0
1770045006616995800,359999,10.012,53.8,9.58,-18.1,-1.48,1.5,-135.81,-2.38,-3.94,-0.27,0.02,-0.37,174.76,195.0,0.0,16.53,412.0,402.0
1770045006715269636,360099,9.812,48.6,10.012,-14.2,-1.62,2.36,-136.0,-2.44,-3.94,-0.1,-0.05,-0.31,173.39,191.0,0.0,17.01,412.0,402.0
1770045006842272958,360198,9.428,66.3,10.384,-12.6,-1.35,2.11,-136.25,-2.56,-4.0,-0.51,0.1,-0.36,12055.25,202.0,1.0,15.94,412.0,402.0
1770045006956960725,360322,10.248,50.2,10.12,-17.4,-1.72,2.3,-136.69,-2.56,-4.06,-0.12,0.01,-0.44,12057.48,202.0,0.0,15.7,412.0,402.0
1770045007079850355,360437,10.184,52.0,9.9,-18.6,-1.64,1.27,-137.19,-2.63,-4.06,-0.1,-0.09,-0.42,12053.88,192.0,0.0,16.7,412.0,402.0
1770045007198639387,360559,10.408,54.2,9.252,-16.9,-1.48,1.84,-137.63,-2.63,-4.06,-0.17,0.04,-0.35,12051.13,190.0,1.38,14.49,412.0,402.0
1770045007331493396,360680,9.916,64.5,9.476,-16.3,-1.56,1.7,-138.06,-2.63,-4.13,-0.04,0.0,-0.39,12052.33,194.0,2.09,15.31,412.0,402.0
1770045007440292678,360805,10.284,67.8,10.34,-14.1,-1.5,2.11,-138.63,-2.56,-4.19,0.01,-0.08,-0.42,12055.42,194.0,0.0,14.27,412.0,402.0
1770045007559065062,360920,10.4,65.3,10.212,-14.0,-1.52,1.8,-139.0,-2.63,-4.13,-0.11,-0.02,-0.37,12062.28,178.0,0.0,11.83,412.0,402.0
1770045007681936636,361040,8.912,91.4,10.284,-13.4,-1.46,3.85,-139.25,-2.63,-4.19,-0.33,0.08,-0.55,12063.14,182.0,0.0,10.27,412.0,402.0
1770045007804798192,361163,8.868,63.9,10.168,-15.8,-1.46,1.76,-139.44,-2.56,-4.19,-0.2,0.21,-0.31,12053.71,185.0,0.0,15.18,412.0,402.0
1770045007927759360,361287,9.956,57.9,9.636,-17.2,-1.54,1.76,-140.06,-2.56,-4.19,-0.13,-0.09,-0.41,12053.88,195.0,0.0,16.56,412.0,402.0
1770045008042384052,361408,10.276,53.1,9.136,-16.0,-1.58,2.58,-140.31,-2.56,-4.19,-0.28,0.03,-0.21,12058.85,195.0,0.0,13.18,412.0,402.0
1770045008161145954,361523,10.116,55.4,9.94,-12.7,-1.29,2.62,-140.56,-2.63,-4.19,0.0,-0.32,-0.34,12057.31,185.0,0.0,13.22,412.0,402.0
1770045008296296544,361644,8.708,57.2,10.364,-13.2,-1.5,2.54,-140.63,-2.69,-4.19,-0.03,-0.13,-0.36,12056.62,198.0,0.0,12.9,412.0,402.0
1770045008419215453,361776,9.524,59.1,9.972,-12.8,-1.54,2.58,-140.69,-2.75,-4.19,-0.24,0.04,-0.38,12054.39,196.0,0.0,15.01,412.0,402.0
1770045008533888386,361899,8.808,59.5,10.356,-6.1,-0.78,2.38,-141.13,-2.81,-4.19,-0.19,0.06,-0.42,12055.08,196.0,1.42,15.57,412.0,402.0
1770045008656774275,362015,9.652,47.4,10.1,-18.4,-1.68,2.11,-141.56,-2.88,-4.25,-0.11,-0.08,-0.4,12055.76,201.0,0.0,15.44,412.0,402.0
1770045008775552011,362135,9.832,59.2,9.536,-16.9,-1.66,1.5,-141.94,-2.88,-4.31,-0.1,-0.05,-0.32,12054.05,180.0,0.0,15.31,412.0,402.0
1770045008898427474,362256,10.192,48.3,10.14,-18.9,-1.62,1.93,-142.38,-2.81,-4.31,-0.15,-0.01,-0.32,12053.19,207.0,0.0,16.01,412.0,402.0
1770045009013120593,362380,9.928,59.2,10.216,-17.7,-1.56,2.83,-142.81,-2.81,-4.31,-0.02,-0.09,-0.38,12055.25,207.0,2.88,15.11,412.0,402.0
1770045009135993796,362494,9.392,65.2,10.232,-15.3,-1.29,1.8,-143.19,-2.81,-4.31,-0.06,-0.02,-0.39,12051.65,187.0,3.45,15.87,412.0,402.0
1770045009258825629,362615,10.064,48.9,10.184,-17.4,-1.46,1.78,-143.63,-2.75,-4.38,0.18,-0.03,-0.42,12056.28,198.0,0.0,16.56,412.0,402.0
1770045009381718759,362737,10.252,55.0,10.416,1.7,-0.06,2.23,-144.19,-2.69,-4.38,0.02,-0.06,-0.37,12054.91,194.0,0.7,15.44,412.0,402.0
1770045009500545310,362861,9.82,65.0,9.88,-13.7,1.15,1.78,-144.69,-2.63,-4.38,-0.06,-0.04,-0.43,12034.16,191.0,13.01,15.06,412.0,402.0
1770045009615218910,362982,9.504,67.1,9.9,-37.0,1.35,2.38,-145.13,-2.63,-4.38,0.05,-0.11,-0.4,12012.55,191.0,34.41,14.64,412.0,402.0
1770045009738091076,363097,8.712,63.3,9.936,-112.9,3.13,1.76,-145.38,-2.44,-4.38,-1.33,-0.07,-0.78,12006.2,190.0,37.65,17.8,412.0,402.0
1770045009865076823,363219,9.016,65.2,9.728,-93.3,1.86,2.52,-146.38,-2.44,-4.0,-2.88,0.65,-1.75,11970.19,181.0,69.14,12.32,412.0,402.0
1770045009993869216,363344,10.1,61.7,10.236,-109.9,1.82,2.01,-144.25,-2.5,-4.06,-1.34,-1.05,-0.31,11961.1,183.0,78.77,14.94,412.0,402.0
1770045010102633034,363465,8.924,50.3,9.744,-163.4,1.82,1.04,-141.56,-2.75,-3.81,2.74,0.76,0.41,11935.2,183.0,88.64,23.64,412.0,402.0
1770045010221412399,363581,9.788,34.8,10.332,-86.6,1.15,1.74,-139.56,-2.75,-3.69,-0.41,0.21,-0.52,11923.37,195.0,87.66,36.58,412.0,402.0
1770045010348370830,363702,10.252,66.6,9.092,0.0,1.46,1.88,-137.88,-2.75,-3.75,-2.54,0.19,-1.44,11915.99,189.0,84.89,45.18,412.0,402.0
1770045010471280275,363828,8.968,136.9,8.716,-118.0,1.82,2.48,-136.06,-2.81,-3.75,0.22,-0.5,0.26,11890.78,169.0,88.28,57.72,414.0,402.0
1770045010585961745,363950,10.224,203.6,9.288,-104.1,1.21,2.68,-134.94,-3.0,-3.63,-2.38,-1.19,0.06,11864.88,169.0,93.72,75.42,414.0,402.0
1770045010708835764,364064,10.012,0.0,10.1,-161.6,1.29,2.46,-134.81,-3.31,-3.44,1.32,0.52,-1.14,11830.76,196.0,97.79,97.11,414.0,404.0
1770045010831678356,364188,10.148,98.4,9.216,-100.1,1.11,1.84,-134.88,-3.31,-3.31,-1.63,2.22,-1.44,11818.06,183.0,104.39,106.47,414.0,404.0
1770045010954579097,364313,8.804,189.3,10.092,-137.5,1.46,1.07,-134.88,-2.88,-3.44,4.5,-0.52,-1.74,11809.83,173.0,110.48,105.09,414.0,404.0
1770045011077445208,364436,9.84,146.9,8.92,-147.1,1.93,1.66,-134.75,-2.81,-3.63,2.36,0.0,-1.42,11800.4,186.0,118.02,101.46,414.0,404.0
1770045011196255129,364557,10.18,158.3,10.036,-199.7,1.66,1.66,-134.38,-3.13,-3.56,0.55,0.0,-0.62,11791.31,186.0,131.61,100.48,414.0,404.0
1770045011331412238,364677,10.228,138.6,9.336,-171.8,1.43,1.25,-133.94,-3.31,-3.19,3.78,0.71,-5.73,11780.68,187.0,133.78,105.26,414.0,404.0
1770045011429716149,364809,9.052,158.5,9.436,-163.8,1.89,1.46,-132.94,-3.06,-3.31,-5.46,0.56,-1.71,202.03,178.0,132.32,108.26,414.0,404.0
1770045011552578056,364909,9.752,202.2,9.656,-158.7,1.25,1.6,-131.56,-2.81,-3.63,-2.08,-1.81,0.09,11758.73,182.0,133.24,118.38,416.0,404.0
1770045011671375088,365033,9.152,131.2,9.836,-117.7,1.25,0.76,-131.06,-2.94,-3.19,3.87,0.23,-0.58,11761.47,182.0,132.32,123.12,416.0,404.0
1770045011798386983,365152,9.952,159.1,9.968,-125.5,1.05,1.62,-131.5,-3.38,-3.25,-1.33,1.93,0.9,11758.55,179.0,131.83,125.62,416.0,406.0
1770045011896640559,365277,10.064,166.6,9.864,-157.5,1.25,1.29,-131.38,-3.06,-3.06,-1.58,-0.96,-0.25,187.79,179.0,128.88,130.6,416.0,406.0
1770045012019549393,365377,8.552,158.0,9.484,-171.9,1.27,1.13,-131.19,-2.69,-3.25,-1.68,-0.3,1.9,11751.69,196.0,128.22,133.96,416.0,406.0
1770045012142450393,365500,8.276,208.2,10.116,-134.1,0.86,1.35,-131.5,-3.0,-3.13,-2.19,0.24,-0.49,11761.3,178.0,128.38,129.07,416.0,406.0
1770045012269334027,365622,8.912,229.0,10.088,-115.5,1.31,1.86,-131.75,-3.25,-2.94,-1.68,-0.56,0.44,11764.04,189.0,128.02,124.6,416.0,406.0
1770045012398170346,365747,10.152,129.6,9.328,-143.0,1.48,1.23,-132.31,-2.63,-4.25,1.52,2.35,0.31,11765.24,198.0,124.62,126.64,418.0,406.0
1770045012515140453,365869,10.108,125.4,9.588,-162.4,1.7,1.33,-132.94,-2.31,-4.25,3.37,-2.33,1.09,11767.64,181.0,124.27,124.95,418.0,406.0
1770045012629825590,365992,10.26,156.9,10.144,-132.3,1.07,1.48,-133.19,-3.38,-4.81,-0.12,-0.87,-1.41,11781.36,181.0,122.35,118.03,418.0,408.0
1770045012756795040,366110,8.676,164.4,10.16,-122.6,1.48,1.19,-133.38,-3.69,-4.75,2.33,-1.03,-0.98,11781.19,196.0,123.18,119.0,418.0,408.0
1770045012879693540,366234,8.556,60.9,9.604,-135.0,1.84,0.98,-133.19,-2.31,-4.81,-1.93,0.73,-0.62,11792.0,200.0,114.28,114.28,418.0,408.0
1770045012998458497,366357,9.096,92.6,9.684,0.0,1.52,0.96,-133.38,-1.88,-4.94,-2.13,-0.99,-3.35,11799.54,180.0,116.91,106.47,418.0,408.0
1770045013117263232,366478,8.464,118.8,9.016,-110.1,1.05,1.11,-133.38,-2.06,-4.88,-0.35,0.2,1.0,11809.83,180.0,116.87,100.17,418.0,408.0
1770045013240063231,366594,8.368,198.9,9.772,0.0,1.54,1.78,-133.06,-2.25,-4.5,0.37,0.51,-2.65,11805.89,179.0,117.48,99.14,418.0,408.0
1770045013362976935,366721,9.196,91.0,9.808,-181.0,1.07,1.29,-132.81,-2.06,-4.44,1.23,0.88,-0.56,11806.06,206.0,115.44,104.58,420.0,408.0
1770045013471325652,366841,10.06,129.0,9.24,0.0,2.09,1.35,-132.19,-1.69,-4.75,0.49,0.4,-2.92,187.28,206.0,111.66,102.51,420.0,408.0
1770045013584186809,366942,9.2,101.5,10.172,-152.0,1.04,1.02,-132.13,-1.56,-4.13,1.51,-0.93,-1.5,11802.46,188.0,117.7,104.3,420.0,408.0
1770045013707058605,367064,10.008,167.8,9.46,-145.6,1.45,1.15,-131.88,-1.81,-3.56,-2.67,0.15,-0.64,11807.77,179.0,118.02,101.46,420.0,408.0
1770045013829934086,367185,9.4,163.8,8.896,-138.2,1.6,1.25,-131.25,-1.88,-3.5,2.01,-0.09,-2.62,11811.55,189.0,115.01,99.95,420.0,410.0
1770045013952815178,367308,9.84,139.9,9.324,-210.1,1.84,1.27,-130.81,-1.75,-3.63,-1.58,0.13,-3.2,11817.04,188.0,110.43,98.7,420.0,410.0
1770045014067505019,367430,10.212,118.5,9.568,-178.4,1.19,1.17,-130.13,-1.31,-3.56,1.22,0.19,-0.04,11806.92,188.0,116.59,102.2,420.0,410.0
1770045014194450061,367546,9.996,117.2,8.684,-138.7,1.54,0.57,-129.81,-1.63,-3.25,4.3,1.19,0.64,11807.43,183.0,117.89,102.45,420.0,410.0
1770045014313221703,367671,8.496,132.1,9.568,-181.5,1.15,1.29,-129.31,-2.56,-3.31,0.94,0.21,0.51,11817.38,197.0,116.12,98.47,420.0,410.0
1770045014444327881,367793,9.972,178.1,10.056,-141.6,1.76,1.8,-128.81,-2.63,-3.75,-0.65,0.41,-1.53,11816.86,190.0,112.73,97.79,422.0,410.0
1770045014567212584,367922,9.08,195.2,0.0,0.0,2.23,2.15,-128.38,-2.63,-3.75,2.76,-0.29,-2.05,11801.77,185.0,114.7,104.76,422.0,410.0
1770045014685984800,368044,8.572,149.7,10.12,-146.6,1.56,1.02,-127.87,-2.56,-3.44,-0.87,0.3,-1.51,11793.88,185.0,117.46,108.97,422.0,410.0
1770045014808878652,368164,9.08,107.1,9.932,-158.6,1.33,0.98,-127.75,-2.63,-3.44,0.02,-0.09,0.29,11801.77,186.0,117.89,107.11,422.0,410.0
1770045014931734762,368286,8.976,150.7,9.736,-140.1,1.8,1.33,-127.37,-2.69,-3.5,0.84,0.21,-0.94,11810.35,196.0,114.08,103.9,422.0,412.0
1770045015054611540,368410,8.472,165.9,9.82,-219.3,1.66,1.6,-127.0,-2.69,-3.75,-1.22,-0.55,-0.46,11807.43,181.0,114.57,103.53,422.0,412.0
1770045015177532855,368534,8.604,150.0,10.084,-116.9,1.56,1.58,-126.37,-2.75,-3.38,-0.86,-0.13,-0.43,11785.14,181.0,117.03,114.18,422.0,412.0
1770045015300344001,368654,9.56,180.3,9.96,-77.1,0.76,1.52,-126.44,-2.75,-3.25,-0.93,2.52,-0.02,11778.96,182.0,119.91,121.93,422.0,412.0
1770045015419156589,368776,8.832,193.1,9.856,-99.4,0.98,1.13,-126.69,-2.69,-3.63,0.35,0.3,-0.38,11780.16,182.0,116.64,124.93,424.0,412.0
1770045015542044385,368898,9.548,239.4,10.072,-139.3,1.25,1.97,-126.75,-2.63,-4.06,-1.51,0.33,-0.07,11780.33,202.0,114.57,125.62,424.0,412.0
1770045015669016279,369020,10.132,112.1,9.352,-136.9,0.86,1.19,-127.06,-2.69,-3.69,1.17,0.67,-0.73,11773.13,178.0,118.02,129.07,424.0,412.0
1770045015787803828,369145,9.112,133.7,9.936,-106.6,1.21,1.54,-127.37,-2.75,-3.5,-0.56,-1.4,-0.73,11771.93,178.0,122.48,126.65,424.0,412.0
1770045015910682309,369264,9.948,159.3,10.148,-152.5,0.66,1.41,-127.62,-2.81,-3.75,0.07,0.0,0.3,11789.42,197.0,115.87,118.56,424.0,414.0
1770045016033548142,369388,8.236,207.6,9.876,-141.9,2.01,1.15,-127.5,-2.94,-4.0,-2.65,0.8,0.54,11794.4,196.0,115.26,114.57,424.0,414.0
1770045016131780996,369511,8.376,111.0,10.112,-78.3,0.72,1.62,-127.44,-2.81,-3.81,-1.39,-0.88,0.18,181.62,196.0,114.66,111.08,424.0,414.0
1770045016254653477,369611,8.46,114.1,10.184,-156.0,1.15,1.41,-127.25,-2.81,-3.81,1.19,0.63,-1.92,11792.0,180.0,117.98,111.32,424.0,414.0
1770045016377614255,369733,10.212,73.6,9.588,-90.2,0.68,0.74,-127.25,-2.94,-3.81,0.45,-0.72,0.74,11802.46,172.0,118.3,106.47,424.0,414.0
1770045016500481310,369855,8.728,150.4,9.444,-161.2,2.03,1.41,-126.75,-3.13,-3.94,1.09,-2.12,2.09,11810.52,175.0,113.19,100.77,426.0,414.0
1770045016623316142,369977,9.748,142.6,9.112,-170.9,2.01,1.56,-126.5,-3.13,-3.75,0.97,0.54,-0.65,11807.6,203.0,113.88,102.15,426.0,414.0
1770045016742190768,370102,8.812,68.7,9.936,-144.0,1.37,1.11,-126.0,-3.19,-3.69,-1.16,0.35,-1.14,11801.77,203.0,116.22,105.08,426.0,414.0
1770045016860909612,370220,10.152,86.6,10.152,-143.3,1.72,1.5,-125.94,-3.0,-3.69,1.8,0.13,0.59,11797.66,193.0,117.33,109.05,426.0,414.0
1770045016983809742,370339,8.392,0.0,10.072,-112.6,1.35,1.56,-125.75,-2.88,-4.06,0.61,1.54,-1.07,11803.14,195.0,112.27,107.36,426.0,414.0
1770045017106687445,370461,8.828,122.9,9.66,-210.6,1.19,1.58,-125.56,-2.88,-4.25,0.0,-1.32,-0.45,11798.86,194.0,115.08,108.76,426.0,416.0
1770045017221304154,370583,10.212,118.0,10.112,-156.5,1.74,0.61,-125.44,-3.06,-4.0,-0.11,1.48,-1.8,11792.85,194.0,114.89,109.89,426.0,416.0
1770045017344259229,370700,9.148,147.1,9.876,-99.8,0.98,1.11,-125.12,-2.94,-3.94,-0.39,-0.48,-0.57,11789.77,200.0,118.71,111.81,426.0,416.0
1770045017467128728,370822,9.756,106.5,10.172,0.0,0.88,0.9,-125.25,-2.81,-3.75,-0.14,-0.2,-0.22,11797.48,189.0,114.57,111.81,428.0,416.0
1770045017565417324,370944,10.152,0.0,9.508,-122.0,1.76,2.13,-125.0,-2.81,-3.75,1.54,0.16,-0.45,171.84,189.0,111.08,111.08,428.0,416.0
1770045017688348417,371044,10.172,175.5,9.26,-142.0,1.25,1.09,-124.94,-3.0,-3.63,-4.85,1.05,-0.25,11797.14,197.0,116.63,107.92,428.0,416.0
1770045017811193379,371166,9.324,141.2,10.176,-132.6,1.31,1.54,-124.56,-3.0,-3.25,-0.31,-1.18,-0.29,11793.71,178.0,116.64,109.74,428.0,416.0
1770045017934063304,371288,10.2,77.0,9.456,-84.9,1.43,1.07,-124.62,-2.75,-3.44,-4.83,1.15,0.42,11789.08,182.0,117.33,110.43,428.0,416.0
1770045018056934136,371408,9.988,121.4,8.98,-132.1,1.82,1.21,-124.56,-2.5,-3.5,-0.27,-1.42,0.6,11798.69,187.0,112.96,109.53,428.0,416.0
1770045018159323552,371534,9.5,216.4,9.144,-138.2,1.64,1.25,-124.44,-2.69,-3.5,4.45,-0.81,-2.8,186.59,187.0,114.52,109.47,428.0,418.0
1770045018282178218,371635,8.832,121.7,9.336,-134.6,0.94,1.56,-124.44,-2.81,-3.19,-0.57,-0.55,-1.0,11785.82,180.0,116.08,116.08,428.0,418.0
1770045018400959119,371759,8.464,130.9,10.136,-95.2,1.07,1.02,-124.56,-2.63,-3.25,-1.6,-0.48,-0.45,11783.94,194.0,116.64,122.17,428.0,418.0
1770045018527980569,371878,9.66,93.6,8.832,-171.4,1.11,1.39,-124.87,-2.19,-3.31,1.4,0.33,-3.41,11785.82,187.0,113.43,121.09,430.0,418.0
1770045018642652705,372003,8.712,0.0,9.724,-107.8,1.54,1.86,-124.94,-2.25,-3.5,-0.42,-0.26,0.21,11791.14,187.0,115.6,117.03,430.0,418.0
1770045018765534964,372120,9.628,171.3,9.38,-92.4,1.6,1.21,-124.87,-2.5,-3.19,0.93,0.02,-1.09,11787.71,183.0,114.33,117.06,430.0,418.0
1770045018888417760,372243,9.204,126.0,8.704,-122.8,1.07,1.19,-124.75,-2.38,-3.06,-1.0,0.41,-0.13,11780.85,182.0,120.1,119.4,430.0,418.0
1770045019015388987,372365,10.204,106.7,10.144,-146.9,1.17,1.17,-125.12,-2.19,-3.06,0.09,-0.25,-0.37,11784.62,172.0,115.95,118.71,430.0,418.0
1770045019138275301,372490,9.592,113.7,9.5,-133.9,1.5,1.82,-125.19,-2.13,-3.44,-1.34,1.52,-2.28,11792.68,182.0,115.61,112.94,430.0,420.0
1770045019252909121,372614,10.124,198.9,9.684,-122.1,1.58,1.0,-125.19,-2.31,-2.94,-2.74,-1.97,1.7,11787.02,182.0,117.31,113.71,430.0,420.0
1770045019379929664,372730,9.216,134.7,10.124,-142.8,0.68,1.17,-125.0,-2.44,-2.81,-0.04,-0.93,0.21,11779.65,175.0,119.23,118.56,430.0,420.0
1770045019502815663,372854,8.676,138.7,8.82,-143.5,0.98,1.17,-125.37,-2.13,-2.94,0.48,-0.51,0.16,11783.08,192.0,118.02,121.48,430.0,420.0
1770045019625692681,372979,9.8,125.4,9.252,-130.3,1.48,1.84,-125.5,-2.13,-3.25,0.52,-0.06,1.3,11792.85,193.0,116.12,114.08,432.0,420.0
1770045019740370354,373101,8.5,187.6,9.964,-168.9,1.39,1.5,-125.56,-2.31,-3.06,-1.04,-1.95,0.27,11791.65,193.0,114.69,113.24,432.0,420.0
1770045019863178612,373217,8.408,162.0,9.384,-131.2,0.92,0.76,-125.37,-2.31,-2.88,-2.07,-2.49,-1.03,11782.39,197.0,117.48,118.16,432.0,420.0
1770045019990225747,373341,9.064,135.9,10.192,-121.1,1.11,1.31,-125.62,-2.13,-2.88,0.4,0.2,-1.36,11784.96,190.0,116.64,119.4,432.0,420.0
1770045020113070894,373466,9.984,145.3,8.916,-145.6,1.46,0.76,-126.0,-1.94,-3.13,-0.47,-1.13,-0.08,11785.48,186.0,114.52,115.87,432.0,420.0
1770045020235927430,373587,10.144,188.6,9.856,0.0,1.41,1.29,-125.75,-2.0,-3.19,-1.39,0.14,0.29,11789.08,192.0,116.8,114.08,432.0,422.0
1770045020350634326,373711,8.74,100.0,10.084,-84.8,1.25,1.25,-125.69,-2.19,-2.88,-2.71,-0.3,1.47,11784.79,192.0,117.15,117.89,432.0,422.0
1770045020473546974,373825,10.144,104.5,9.9,-117.6,0.86,1.07,-126.0,-2.0,-2.88,2.66,0.24,-2.71,11783.94,190.0,116.48,117.18,432.0,422.0
1770045020604608836,373950,9.78,115.1,10.108,-140.0,1.29,1.0,-126.25,-1.88,-3.06,1.97,-3.19,0.49,11791.31,169.0,113.38,116.03,434.0,422.0
1770045020727482687,374079,10.14,167.9,9.76,-145.7,1.19,1.7,-126.06,-1.94,-3.25,-0.76,-0.38,-1.19,11790.28,181.0,115.37,113.38,434.0,422.0
1770045020842176508,374201,9.6,179.3,9.164,-157.7,1.05,1.0,-126.12,-2.19,-2.81,-1.07,-2.51,2.74,11784.62,181.0,116.59,116.59,434.0,422.0
1770045020969146013,374319,9.092,100.4,10.136,-145.0,0.92,1.11,-126.25,-2.06,-3.0,-0.19,1.05,0.01,11783.42,185.0,116.38,117.75,434.0,422.0
1770045021092044105,374444,9.452,107.2,9.724,-124.8,1.13,1.02,-126.69,-1.88,-3.0,2.5,-3.03,-1.01,11785.14,181.0,115.19,119.91,434.0,422.0
1770045021210733245,374566,8.804,134.8,9.008,-130.4,1.29,1.7,-126.69,-1.94,-3.06,0.62,0.26,1.22,11796.8,190.0,113.88,112.5,434.0,424.0
1770045021333655541,374687,9.876,142.8,9.684,-120.6,1.17,1.7,-126.69,-2.06,-2.81,-0.84,-1.44,-0.01,11793.54,190.0,114.89,114.18,434.0,424.0
1770045021456564448,374807,9.58,83.6,9.992,0.0,0.98,1.05,-126.75,-2.06,-3.0,-1.92,0.0,1.45,11785.65,170.0,117.48,115.44,434.0,424.0
1770045021579460633,374933,10.236,145.9,10.152,-121.9,1.58,0.49,-127.19,-1.88,-3.0,-0.29,-0.51,-0.97,11791.65,190.0,114.52,115.19,436.0,424.0
1770045021702324706,375056,8.692,171.1,10.128,-112.8,0.98,1.04,-127.12,-1.75,-3.44,-1.89,-1.46,-0.05,11800.91,188.0,113.19,110.43,436.0,424.0
1770045021825200890,375178,10.144,123.6,10.044,-105.6,1.5,0.98,-126.87,-1.88,-3.19,-0.48,1.5,-1.66,11793.03,179.0,114.33,109.53,436.0,424.0
1770045021948095038,375300,9.792,153.6,10.1,-146.9,1.43,0.63,-126.56,-1.94,-2.94,-0.61,-0.43,1.75,11789.08,179.0,117.74,115.6,436.0,424.0
1770045022066849605,375421,10.284,105.1,10.08,-135.7,0.82,1.07,-126.94,-1.69,-3.06,-0.08,-0.27,0.58,11789.77,174.0,117.21,115.19,436.0,424.0
1770045022193803331,375543,8.36,91.5,10.108,-207.2,1.56,1.35,-126.87,-1.63,-3.44,1.4,-0.21,0.77,11802.12,183.0,112.5,107.78,436.0,426.0
1770045022292107705,375667,9.896,133.4,9.856,-167.2,1.21,1.19,-126.44,-1.75,-3.56,-1.4,0.35,-0.42,173.22,183.0,112.87,103.91,436.0,426.0
1770045022419111691,375768,10.108,123.5,10.076,-161.3,1.45,0.94,-126.06,-2.06,-3.25,-2.85,1.67,0.49,11800.57,191.0,115.3,106.21,436.0,426.0
1770045022541993357,375895,9.244,131.0,10.172,-105.1,1.04,0.72,-126.0,-1.88,-3.13,0.39,-1.75,0.81,11795.77,176.0,115.61,109.6,436.0,426.0
1770045022640281804,376017,9.524,117.0,9.908,-146.8,1.31,0.94,-125.69,-1.69,-3.44,0.25,-0.25,-0.75,167.04,176.0,112.27,108.76,436.0,426.0
1770045022763161859,376116,9.892,156.2,8.572,-177.4,1.7,1.05,-125.31,-1.69,-3.81,-3.13,0.28,-0.27,11808.8,188.0,113.24,105.98,438.0,426.0
1770045022890192938,376240,8.276,148.7,10.108,-152.9,1.04,1.93,-125.0,-2.0,-3.44,0.03,-0.16,-0.16,11803.14,181.0,114.57,105.6,438.0,426.0
1770045023013021714,376365,8.484,138.3,9.916,-107.8,0.82,0.88,-124.75,-2.25,-3.0,-0.58,0.19,-0.27,11794.74,179.0,115.61,108.93,438.0,426.0
1770045023135913880,376486,10.22,70.1,9.92,-162.3,0.96,1.17,-124.44,-1.94,-3.13,-0.46,1.44,-1.36,11797.66,174.0,113.88,109.05,438.0,426.0
1770045023254631076,376608,10.136,134.7,9.208,-145.2,1.54,1.04,-124.12,-1.94,-3.5,-5.67,1.06,-1.39,11799.89,168.0,112.5,106.98,438.0,426.0
1770045023377567558,376730,8.168,0.0,10.008,-88.4,1.46,2.07,-124.12,-2.13,-3.38,-0.44,-0.28,1.11,11799.03,168.0,116.87,105.26,438.0,428.0
1770045023496311532,376850,9.956,169.7,9.74,-100.5,1.45,1.74,-123.81,-2.44,-3.0,-0.24,-0.42,-1.57,11794.91,158.0,118.56,107.78,438.0,428.0
1770045023619222624,376972,9.472,62.6,9.344,-142.4,1.0,1.0,-123.81,-2.13,-3.13,0.58,-2.18,0.13,11793.71,167.0,114.57,111.12,438.0,428.0
1770045023750329839,377094,10.148,86.6,9.788,-170.8,1.95,0.88,-123.69,-1.88,-3.38,-1.66,0.16,0.25,11794.4,197.0,111.81,111.81,440.0,428.0
1770045023869080998,377224,8.264,125.9,10.052,-166.7,1.17,1.39,-123.44,-2.13,-3.63,-1.15,0.25,-0.73,11793.37,197.0,116.12,108.65,440.0,428.0
1770045023991959497,377342,8.364,155.8,9.48,-96.9,1.41,1.35,-123.44,-2.5,-3.5,1.79,-1.67,-2.15,11789.42,175.0,117.21,111.15,440.0,428.0
1770045024110687138,377464,8.496,169.7,10.092,0.0,1.41,1.29,-123.5,-2.31,-3.38,-0.96,-1.11,-0.15,11782.74,198.0,119.4,115.95,440.0,428.0
1770045024233599656,377586,10.088,80.7,9.648,-97.3,1.37,1.0,-123.5,-1.94,-3.56,1.43,0.23,1.32,11775.7,184.0,115.52,123.18,440.0,428.0
1770045024360593772,377708,9.388,162.9,10.08,-100.5,1.35,1.17,-123.69,-1.94,-3.94,0.55,0.21,-1.01,11782.39,192.0,116.91,121.78,440.0,430.0
1770045024479350690,377832,9.776,196.5,8.764,-96.3,1.43,1.72,-124.19,-2.25,-3.56,-1.35,-0.89,1.62,11779.99,192.0,116.64,120.79,440.0,430.0
1770045024598156832,377951,9.92,155.5,9.8,0.0,0.92,1.54,-124.37,-2.31,-3.44,-1.62,-0.18,-0.43,11776.73,181.0,115.95,124.24,440.0,430.0
1770045024721027979,378073,9.172,90.9,10.108,-120.2,1.64,1.04,-124.69,-1.88,-3.38,-3.9,0.44,2.11,11775.53,181.0,115.7,125.28,442.0,430.0
1770045024819312148,378195,10.196,134.6,10.032,-159.2,1.04,1.19,-124.87,-1.75,-3.56,2.24,0.49,0.03,175.44,181.0,111.66,120.82,442.0,430.0
1770045024942216389,378294,8.552,210.1,9.372,-157.8,0.64,1.62,-124.75,-2.06,-3.31,0.28,-0.36,-0.27,11783.25,168.0,116.63,120.5,442.0,430.0
1770045025065081813,378416,9.66,148.1,9.236,-108.0,1.21,1.62,-124.75,-2.31,-2.81,-0.38,-1.01,0.44,11781.54,181.0,115.44,120.87,442.0,430.0
1770045025192056318,378540,8.648,148.1,10.112,-141.9,0.88,0.74,-124.94,-1.88,-3.13,1.39,-0.39,-0.42,11781.19,176.0,116.12,122.23,442.0,430.0
1770045025314894186,378663,9.864,153.5,9.276,-104.9,1.43,1.31,-125.25,-1.88,-3.31,-2.23,-2.75,3.21,11785.48,186.0,115.95,118.71,442.0,430.0
1770045025433728810,378788,10.04,199.1,9.84,-104.5,1.62,1.29,-125.56,-2.19,-3.5,2.3,-0.19,0.83,11790.45,186.0,116.05,116.05,442.0,432.0
1770045025552472469,378906,8.2,315.4,9.48,-114.6,1.02,2.36,-125.75,-2.44,-3.44,-0.45,-0.45,-0.42,11788.22,179.0,113.88,115.95,442.0,432.0
1770045025675376969,379028,10.22,116.1,8.956,-144.7,1.23,0.82,-126.25,-2.13,-3.75,0.41,2.22,1.18,11786.51,160.0,115.95,120.79,442.0,432.0
1770045025802360918,379150,10.176,123.7,9.176,-148.3,1.88,1.04,-126.87,-1.63,-3.75,0.26,-2.03,1.25,11789.77,198.0,112.5,116.64,444.0,432.0
1770045025916980441,379274,10.0,201.3,9.952,-127.6,1.64,1.78,-127.0,-1.94,-4.25,0.21,-0.09,0.24,11797.48,198.0,113.43,112.04,444.0,432.0
1770045026039936664,379392,9.208,173.5,8.792,-86.2,1.11,1.54,-127.12,-2.19,-3.88,0.05,-0.71,-1.43,11789.77,167.0,114.33,114.33,444.0,432.0
1770045026162792125,379514,8.62,129.9,9.44,-84.4,1.19,1.54,-127.25,-1.94,-4.0,0.35,-0.52,-1.02,11782.56,172.0,117.61,119.7,444.0,432.0
1770045026285717921,379636,10.096,119.7,9.58,-111.9,1.62,1.37,-127.69,-1.56,-4.06,-2.21,0.72,0.85,11785.14,194.0,113.64,120.49,444.0,432.0
1770045026404455432,379759,10.148,118.6,10.064,-156.1,1.54,1.46,-127.94,-1.37,-4.38,0.36,0.02,-0.72,11794.23,197.0,112.5,113.88,444.0,434.0
1770045026519137049,379878,8.788,166.6,10.052,-157.7,1.17,1.33,-128.38,-1.56,-4.25,0.2,0.09,0.24,11786.68,197.0,114.49,117.44,444.0,434.0
1770045026642029919,379993,9.46,107.0,9.856,-146.7,0.88,1.15,-128.38,-1.37,-3.81,-1.03,-0.42,1.03,11784.45,205.0,114.82,116.91,444.0,434.0
1770045026764898473,380115,10.108,65.7,9.172,-115.8,1.62,1.09,-128.75,-1.0,-3.88,1.56,-1.96,1.04,11785.31,191.0,113.19,118.02,446.0,434.0
1770045026905985288,380237,8.856,179.9,10.008,-197.9,1.82,0.7,-128.88,-0.88,-4.0,-0.17,-2.23,-0.03,11787.02,178.0,114.13,114.82,446.0,434.0
1770045027014758995,380370,9.728,162.2,9.788,-124.0,1.72,1.6,-129.0,-1.0,-3.94,-3.02,-0.95,1.33,11791.14,178.0,114.88,110.97,446.0,434.0
1770045027137655457,380487,9.444,136.6,10.14,-152.2,1.19,1.29,-128.81,-1.0,-3.75,2.17,0.67,-0.45,11789.94,186.0,116.22,115.52,446.0,434.0
1770045027260487603,380610,10.212,131.8,9.588,-113.9,1.35,0.9,-129.19,-0.75,-3.69,-3.29,-0.8,1.66,11789.25,183.0,113.88,113.19,446.0,434.0
1770045027387481589,380735,8.692,84.2,8.84,-165.0,1.46,1.13,-129.06,-0.69,-4.0,-0.73,0.95,-0.59,11811.03,194.0,109.4,104.1,446.0,434.0
1770045027485804796,380858,9.036,147.3,8.944,-105.0,1.46,1.17,-128.88,-0.75,-4.31,2.24,-2.48,-0.08,190.71,194.0,108.76,92.98,446.0,436.0
1770045027608659535,380958,10.224,152.8,8.952,-99.4,1.43,0.9,-128.31,-1.0,-4.19,0.93,0.84,0.05,11825.27,193.0,108.26,92.38,446.0,436.0
1770045027731537182,381081,10.132,109.8,10.168,0.0,1.11,1.35,-127.94,-1.12,-4.0,-1.13,0.0,0.2,11801.94,196.0,109.74,99.39,446.0,436.0
1770045027858521445,381203,8.692,97.0,9.848,0.0,1.46,1.23,-127.5,-0.88,-4.0,-0.91,0.38,0.21,11815.49,207.0,109.74,98.7,448.0,436.0
1770045027956818911,381330,10.124,0.0,9.88,-239.6,2.27,1.7,-127.06,-0.75,-4.38,-0.73,-1.92,-0.06,209.57,207.0,95.76,95.76,448.0,436.0
1770045028079701502,381430,10.164,87.4,10.104,-137.6,1.09,1.33,-126.94,-1.0,-4.56,2.5,0.22,-0.09,11821.67,193.0,106.82,96.72,448.0,436.0
1770045028202607001,381552,8.328,186.7,9.212,-127.3,1.39,1.72,-126.62,-1.5,-4.31,-1.14,0.13,-0.31,11795.77,177.0,106.61,105.93,448.0,436.0
1770045028329530505,381676,8.764,100.6,9.712,-147.5,0.63,1.46,-126.37,-1.56,-4.0,-1.43,0.45,-1.41,11794.05,190.0,107.48,109.53,448.0,436.0
1770045028452434930,381801,8.696,133.0,10.136,-156.1,0.72,1.48,-126.25,-1.31,-4.06,-0.71,-0.1,0.11,11796.28,194.0,106.43,112.5,448.0,436.0
1770045028550750636,381923,9.708,167.8,8.92,-127.8,1.13,1.37,-126.19,-1.69,-4.19,-9.57,1.89,2.16,178.7,194.0,102.51,108.0,448.0,436.0
1770045028673607431,382023,10.152,183.7,10.08,-94.2,1.52,1.86,-126.37,-1.69,-4.56,1.71,0.35,-0.58,11802.29,194.0,107.78,106.82,448.0,438.0
1770045028796459836,382144,8.632,168.4,9.932,-79.1,1.25,1.54,-126.31,-2.06,-4.06,2.7,-1.72,1.13,11800.57,177.0,106.8,107.48,448.0,438.0
1770045028915273701,382270,8.76,134.6,10.18,-72.3,1.09,1.48,-126.25,-1.94,-3.81,0.47,0.01,0.11,11794.05,177.0,108.56,113.43,450.0,438.0
1770045029038187015,382388,8.792,145.0,10.172,-98.6,1.5,0.66,-126.56,-1.69,-3.94,-0.85,0.01,-0.82,11799.2,191.0,105.6,113.88,450.0,438.0
1770045029161005290,382510,9.828,125.9,9.928,-143.2,0.9,1.6,-126.75,-1.69,-4.25,-0.1,0.66,-0.58,11804.17,185.0,107.29,112.73,450.0,438.0
1770045029287972368,382633,9.428,180.8,9.452,-73.8,1.25,1.21,-127.12,-2.0,-3.75,1.11,-0.49,-0.47,11789.08,183.0,109.74,115.26,450.0,438.0
1770045029406745379,382758,10.0,0.0,10.116,-112.9,0.84,1.27,-127.19,-2.19,-3.31,-0.55,-1.99,-0.18,11789.77,181.0,109.8,113.17,450.0,438.0
1770045029521437589,382880,9.372,104.6,10.188,-111.4,0.76,1.27,-127.44,-1.81,-3.5,0.3,-3.7,1.77,11787.88,181.0,111.79,116.87,450.0,438.0
1770045029644345126,382995,10.116,145.5,9.676,-101.1,1.35,1.54,-127.62,-1.81,-3.63,1.4,-0.17,-2.68,11799.54,188.0,107.56,113.22,450.0,440.0
1770045029771322945,383117,8.292,165.3,9.036,-90.5,1.29,1.33,-127.87,-2.0,-3.75,-2.34,-1.23,1.07,11799.2,175.0,107.29,108.65,450.0,440.0
1770045029898221429,383243,10.132,148.9,9.264,-86.0,0.98,1.6,-128.06,-2.13,-3.44,2.93,1.24,0.08,11795.43,183.0,108.46,113.17,450.0,440.0
1770045030017079497,383372,9.744,96.3,10.148,-92.9,0.61,1.41,-128.44,-1.88,-3.5,-1.72,1.17,-0.65,11791.48,183.0,109.05,115.26,452.0,440.0
1770045030135826156,383488,10.168,124.0,9.308,-170.6,1.52,1.04,-129.0,-1.56,-3.5,0.64,0.47,1.53,11794.05,191.0,106.98,115.95,452.0,440.0
1770045030262748252,383609,8.564,174.0,10.092,-123.3,1.68,1.78,-129.31,-1.63,-3.63,1.75,-0.22,-1.42,11802.63,183.0,105.26,110.01,452.0,440.0
1770045030385680104,383736,9.252,176.3,10.08,-106.6,1.43,1.25,-129.56,-1.81,-3.25,0.71,-0.53,0.46,11794.57,176.0,105.76,111.82,452.0,440.0
1770045030504479449,383856,9.62,131.0,9.844,-104.6,1.17,1.09,-129.5,-1.75,-3.31,0.82,-0.41,-1.2,11789.6,183.0,109.47,115.08,452.0,440.0
1770045030623282813,383977,10.232,124.5,10.136,-77.2,0.74,0.64,-130.19,-1.56,-3.38,0.72,-0.46,-0.52,11792.0,183.0,108.37,114.23,452.0,440.0
1770045030746150922,384093,8.724,67.7,8.88,-194.6,1.43,0.9,-130.56,-1.37,-3.75,0.38,1.09,-1.25,11832.81,181.0,121.78,76.55,452.0,442.0
1770045030869029921,384217,8.684,27.3,10.336,90.9,-1.58,1.0,-129.31,-1.37,-3.75,-0.8,0.65,-0.82,11999.0,177.0,62.65,20.21,452.0,442.0
1770045030987794506,384338,8.784,61.3,10.304,-10.9,-0.61,0.88,-127.12,-1.56,-3.5,0.76,-0.14,-0.5,12021.81,183.0,15.87,17.26,452.0,442.0
1770045031102556365,384460,10.436,48.5,8.948,-7.3,-0.59,1.37,-127.81,-1.56,-3.5,-0.18,-0.03,-0.36,12035.36,183.0,8.13,16.99,452.0,442.0
1770045031229434923,384575,9.032,44.1,10.384,-6.4,-0.88,1.45,-128.44,-1.63,-3.56,0.0,-0.21,-0.38,12040.67,173.0,5.48,16.43,452.0,442.0
1770045031352314033,384701,9.016,54.8,10.368,-9.3,-1.04,1.74,-128.94,-1.69,-3.5,-0.3,-0.08,-0.52,12040.84,172.0,3.4,15.62,452.0,442.0
1770045031471110711,384822,10.272,51.1,10.008,-20.5,-1.58,1.66,-129.38,-1.69,-3.56,-0.13,-0.14,-0.42,12040.5,183.0,1.38,15.87,452.0,442.0
1770045031589911575,384944,10.328,45.7,10.336,-22.7,-1.86,2.03,-129.88,-1.75,-3.5,-0.18,-0.03,-0.48,12047.19,183.0,0.0,15.24,452.0,442.0
1770045031712786759,385059,10.316,42.8,9.568,-24.6,-1.88,1.33,-130.44,-1.81,-3.5,-0.15,-0.06,-0.4,12048.73,183.0,0.0,14.61,452.0,442.0
1770045031835668035,385182,9.872,56.8,10.304,-23.0,-1.91,1.52,-130.75,-1.75,-3.44,0.05,-0.23,-0.39,12047.19,172.0,0.0,14.94,452.0,442.0
1770045031954442991,385305,8.892,43.1,9.296,-21.4,-1.74,1.89,-131.13,-1.81,-3.38,-0.15,-0.03,-0.48,12044.27,173.0,0.0,15.18,452.0,442.0
1770045032073229114,385426,8.76,51.2,10.344,-13.0,-0.96,1.64,-131.5,-1.81,-3.38,-0.2,-0.03,-0.45,12045.99,173.0,1.45,15.97,452.0,442.0
1770045032196077871,385542,10.288,59.1,10.32,-7.4,-0.86,1.39,-131.94,-1.88,-3.31,-0.17,0.08,-0.51,12045.47,174.0,1.39,16.01,452.0,442.0
1770045032314802307,385667,10.404,34.5,10.028,-19.9,-1.89,1.93,-132.31,-1.81,-3.31,-0.02,-0.26,-0.43,12042.56,183.0,0.68,16.3,452.0,442.0
1770045032437768455,385787,9.652,34.9,9.896,-16.5,-1.68,1.62,-132.63,-1.81,-3.31,-0.62,0.29,-0.53,12057.65,172.0,2.05,8.22,452.0,442.0
1770045032560652380,385909,10.0,3.9,10.468,0.2,-0.02,-0.12,-132.81,-1.81,-3.31,-0.03,-0.12,-0.38,12064.68,169.0,0.0,452.0,442.0,
1770045032679431373,386030,8.936,4.4,10.48,0.3,0.1,-0.08,-132.81,-1.81,-3.31,-0.08,-0.11,-0.38,12065.71,169.0,0.0,452.0,442.0,
1770045032798200532,386148,8.96,4.0,10.476,0.0,0.0,0.02,-132.81,-1.88,-3.25,-0.09,-0.07,-0.38,12065.37,175.0,0.0,452.0,442.0,
1770045032925179203,386268,8.948,4.1,10.424,-0.1,0.25,-0.08,-132.81,-1.88,-3.25,-0.09,-0.07,-0.39,12063.82,179.0,0.0,452.0,442.0,
1770045033043970585,386395,8.74,4.8,10.488,0.1,0.02,-0.02,-132.81,-1.94,-3.25,-0.08,-0.07,-0.39,12062.62,179.0,0.0,452.0,442.0,
1770045033162749800,386515,8.712,4.8,10.496,0.0,-0.1,-0.1,-132.81,-1.94,-3.25,-0.07,-0.05,-0.39,12066.74,179.0,0.0,452.0,442.0,
1770045033285588186,386632,8.752,4.8,10.488,0.0,-0.06,-0.14,-132.81,-2.0,-3.25,-0.07,-0.05,-0.39,12064.85,180.0,0.0,452.0,442.0,
1770045033404394939,386754,8.744,4.6,10.488,0.1,0.02,0.04,-132.81,-2.0,-3.19,-0.06,-0.04,-0.4,12064.34,175.0,0.0,452.0,442.0,
1770045033527308160,386876,8.752,5.0,10.484,0.3,0.04,-0.16,-132.81,-2.0,-3.19,-0.05,-0.05,-0.41,12065.54,167.0,0.0,452.0,442.0,
1770045033641995574,386998,8.784,4.8,9.252,0.8,-0.04,-0.12,-132.81,-2.0,-3.19,-0.07,-0.06,-0.43,12063.65,167.0,0.0,452.0,442.0,
1770045033764849720,387112,8.936,4.4,10.496,0.2,-0.06,0.02,-132.81,-2.0,-3.19,-0.06,-0.05,-0.39,12064.68,176.0,0.0,452.0,442.0,
1770045033883620305,387235,8.968,3.9,10.496,0.2,0.02,-0.12,-132.81,-2.0,-3.19,-0.06,-0.04,-0.38,12063.65,168.0,0.0,452.0,442.0,
1770045034006516230,387355,9.372,4.1,9.124,0.2,0.04,-0.12,-132.81,-2.0,-3.19,-0.07,-0.05,-0.41,12063.65,174.0,0.0,452.0,442.0,
1770045034125313019,387474,8.772,4.6,9.288,0.2,0.02,-0.14,-132.81,-2.0,-3.19,-0.06,-0.05,-0.38,12063.65,166.0,0.0,452.0,442.0,
1770045034239883023,387594,8.972,4.2,9.128,1.2,0.02,-0.02,-132.81,-2.0,-3.19,-0.05,-0.03,-0.42,12064.51,166.0,0.0,452.0,442.0,
1770045034362824448,387712,8.748,4.6,10.5,0.1,-0.06,0.08,-132.81,-2.0,-3.19,-0.05,-0.05,-0.39,12064.68,176.0,0.0,452.0,442.0,
1770045034485740299,387832,8.692,4.8,10.504,0.3,-0.02,-0.16,-132.81,-2.0,-3.19,-0.05,-0.06,-0.38,12064.34,169.0,0.0,452.0,442.0,
1770045034608618409,387954,8.688,4.8,10.508,0.0,0.02,0.02,-132.81,-2.0,-3.19,-0.06,-0.04,-0.41,12064.85,173.0,0.0,452.0,442.0,
1770045034723294211,388076,8.684,4.6,9.316,1.0,0.12,-0.08,-132.81,-2.0,-3.19,-0.07,-0.05,-0.42,12064.17,173.0,0.0,452.0,442.0,
1770045034846191876,388194,8.98,4.0,10.5,0.1,0.06,-0.1,-132.81,-2.0,-3.19,-0.05,-0.06,-0.39,12064.17,176.0,0.0,452.0,442.0,
1770045034964964758,388314,8.976,3.9,10.48,0.1,0.02,-0.02,-132.81,-2.0,-3.19,-0.08,-0.08,-0.4,12062.62,176.0,0.0,452.0,442.0,
1770045035083716898,388434,8.924,3.6,10.508,0.2,0.06,-0.06,-132.81,-2.0,-3.19,-0.06,-0.04,-0.39,12063.14,179.0,0.0,452.0,442.0,
1770045035202491280,388554,8.896,4.0,10.504,0.1,-0.06,-0.08,-132.81,-2.0,-3.19,-0.05,-0.06,-0.39,12063.14,179.0,0.0,452.0,442.0,
1770045035321239587,388670,8.904,4.2,10.512,0.3,-0.04,-0.12,-132.81,-2.0,-3.19,-0.06,-0.05,-0.39,12063.82,174.0,0.0,452.0,442.0,
1770045035444229532,388792,8.912,3.7,10.536,0.1,0.04,-0.08,-132.81,-2.0,-3.19,-0.03,-0.06,-0.39,12061.42,173.0,0.0,452.0,442.0,
1770045035567066881,388914,9.832,4.4,10.508,0.1,-0.06,-0.14,-132.81,-2.0,-3.19,-0.06,-0.06,-0.39,12061.42,175.0,0.0,452.0,442.0,
1770045035681748313,389035,8.9,4.1,10.084,0.1,0.14,0.06,-132.81,-2.0,-3.25,-0.05,-0.07,-0.36,12063.82,175.0,0.0,452.0,442.0,
1770045035804641015,389149,8.772,4.6,9.276,0.0,-0.06,-0.14,-132.81,-2.0,-3.19,-0.08,-0.01,-0.39,12064.68,177.0,0.0,452.0,442.0,
1770045035927499550,389272,8.916,3.9,9.292,0.9,-0.06,-0.06,-132.81,-2.0,-3.19,-0.05,0.01,-0.41,12063.14,180.0,0.0,452.0,442.0,
1770045036050391975,389398,8.696,4.7,10.532,-0.1,-0.06,0.1,-132.81,-2.0,-3.19,-0.11,-0.03,-0.39,12062.97,166.0,0.0,452.0,442.0,
1770045036165095981,389519,8.792,4.9,10.516,0.0,0.1,-0.1,-132.81,-2.0,-3.19,-0.02,-0.06,-0.37,12064.85,166.0,0.0,452.0,442.0,
1770045036287901459,389634,8.808,4.8,10.528,-0.1,-0.16,0.06,-132.81,-2.0,-3.25,-0.11,-0.15,-0.39,12065.2,173.0,0.0,452.0,442.0,
1770045036406694267,389755,10.584,4.1,10.532,0.1,-0.08,-0.12,-132.0,-2.19,-3.13,-0.3,0.04,-0.25,12066.91,170.0,0.0,452.0,442.0,
1770045036525469797,389876,8.92,4.0,10.524,0.1,0.04,0.04,-130.25,-2.25,-2.88,0.17,0.15,-0.44,12064.85,174.0,0.0,452.0,442.0,
1770045036627940639,389996,8.928,4.1,10.528,-0.1,0.0,0.02,-129.81,-2.31,-2.75,0.28,-0.13,-0.55,157.78,174.0,0.0,452.0,442.0,
1770045036726211141,390096,8.924,4.1,10.52,0.5,-0.21,-0.04,-129.88,-2.44,-2.81,0.08,0.1,-0.42,161.9,174.0,0.0,452.0,442.0,
1770045036828612593,390196,8.964,4.1,10.524,0.3,0.12,0.06,-129.88,-2.5,-2.81,-0.06,0.0,-0.43,166.18,174.0,0.0,452.0,442.0,
1770045036926912596,390295,8.904,4.3,10.532,-0.2,-0.08,-0.08,-129.88,-2.5,-2.81,-0.02,-0.04,-0.42,166.01,175.0,0.0,452.0,442.0,
1770045037025223468,390394,8.988,4.1,10.52,0.2,-0.04,-0.14,-129.88,-2.5,-2.81,0.0,-0.05,-0.38,166.18,180.0,0.0,452.0,442.0,
1770045037127668625,390494,8.992,4.2,10.524,-0.1,-0.04,0.04,-129.88,-2.5,-2.81,-0.02,-0.02,-0.41,166.18,180.0,0.0,452.0,442.0,
1770045037225922219,390594,8.744,4.6,10.528,0.0,0.16,-0.21,-129.88,-2.5,-2.88,0.06,-0.04,-0.41,166.18,176.0,0.0,452.0,442.0,
1770045037324142016,390694,8.68,3.9,10.54,0.0,0.0,0.0,-129.5,-2.56,-2.81,-0.13,0.03,-0.34,158.12,178.0,0.0,452.0,442.0,
1770045037426625359,390794,8.924,4.2,10.528,0.0,-0.02,0.08,-127.56,-2.81,-2.63,-0.29,-0.29,-0.48,173.9,178.0,0.0,452.0,442.0,
1770045037545402129,390894,8.908,4.2,9.18,1.1,-0.06,-0.06,-125.94,-2.81,-2.63,0.62,-0.25,-0.53,12064.51,177.0,0.0,452.0,442.0,
1770045037643714113,391013,8.704,4.5,9.348,0.9,0.1,-0.14,-125.87,-2.75,-2.63,0.07,-0.15,-0.37,182.48,167.0,0.0,452.0,442.0,
1770045037766622816,391113,8.904,4.2,10.52,0.5,0.02,-0.16,-125.87,-2.75,-2.75,-0.02,-0.14,-0.33,12063.48,178.0,0.0,452.0,442.0,
1770045037864883373,391233,9.372,4.2,10.516,0.3,-0.02,-0.14,-125.87,-2.75,-2.75,0.04,-0.11,-0.4,206.66,178.0,0.0,452.0,442.0,
1770045037963187801,391332,8.904,3.9,9.156,1.1,0.0,-0.08,-125.87,-2.75,-2.69,-0.03,-0.1,-0.39,169.79,175.0,0.0,452.0,442.0,
1770045038065565771,391432,10.564,5.0,10.504,0.2,-0.02,-0.06,-125.5,-2.75,-2.69,-0.27,0.02,-0.22,179.39,175.0,0.0,452.0,442.0,
1770045038184331875,391531,8.768,4.5,10.504,0.1,0.16,-0.04,-124.56,-2.63,-2.31,-0.33,0.01,-0.29,12065.02,173.0,0.0,452.0,442.0,
1770045038286762383,391653,8.684,4.6,10.504,0.1,0.04,0.0,-123.06,-1.81,-2.19,0.36,0.08,-0.34,154.01,181.0,0.0,452.0,442.0,
1770045038385040774,391753,8.676,4.8,10.512,-0.1,0.12,0.04,-122.31,-0.69,-2.25,0.6,0.29,-0.7,154.01,181.0,0.0,452.0,442.0,
1770045038516132765,391854,8.676,4.2,9.332,0.7,-0.04,0.04,-122.0,-0.56,-2.0,0.42,-0.23,-0.67,12063.48,176.0,0.0,452.0,442.0,
1770045038614449953,391983,8.916,4.1,10.508,0.0,-0.1,-0.08,-121.94,-2.0,-2.19,-0.14,0.01,-0.35,166.7,180.0,0.0,452.0,442.0,
1770045038733209612,392083,8.916,4.0,9.196,1.1,0.1,-0.06,-122.25,-2.56,-2.56,-0.27,0.07,-0.4,12062.62,175.0,0.0,452.0,442.0,
1770045038835658972,392202,10.556,4.4,9.196,0.9,-0.06,-0.02,-122.25,-2.56,-2.69,-0.01,0.02,-0.43,166.01,175.0,0.0,452.0,442.0,
1770045038933920381,392302,8.772,4.8,10.528,-0.1,0.02,-0.16,-122.25,-2.56,-2.63,-0.11,0.03,-0.37,178.7,177.0,0.0,452.0,442.0,
1770045039032194679,392402,8.712,4.8,10.524,0.1,0.02,-0.06,-122.19,-2.5,-2.69,-0.03,-0.07,-0.46,166.18,177.0,0.0,452.0,442.0,
1770045039155067122,392501,8.708,4.8,10.52,0.0,0.0,0.0,-121.69,-2.5,-2.75,-0.3,-0.26,0.19,12063.14,172.0,0.0,452.0,442.0,
1770045039273847559,392623,8.724,4.9,10.536,0.1,0.0,0.02,-120.81,-2.38,-4.0,-0.18,0.54,0.0,12062.62,188.0,0.0,452.0,442.0,
1770045039396764169,392742,10.464,4.2,10.476,0.1,-0.02,0.0,-118.75,-0.94,-5.5,-0.42,0.39,0.27,12065.02,213.0,0.0,452.0,442.0,
1770045039519661927,392864,8.708,4.6,10.512,0.1,0.0,0.04,-116.0,0.06,-4.63,-0.57,-0.18,0.92,12062.45,220.0,0.0,452.0,442.0,
1770045039634323358,392986,8.772,4.7,10.512,-0.1,0.04,0.12,-114.06,0.69,-1.94,-0.62,-0.92,1.63,12061.08,220.0,0.0,452.0,442.0,
1770045039753100443,393101,8.724,4.1,9.36,0.8,-0.04,-0.08,-112.81,1.0,0.69,-0.31,-0.14,1.08,12060.22,307.0,0.0,452.0,442.0,
1770045039871945603,393221,10.576,4.1,9.344,0.9,0.0,-0.08,-112.0,1.19,2.69,-0.85,-0.08,1.14,12060.05,513.0,0.0,452.0,442.0,
1770045039994754341,393340,10.58,4.0,9.332,0.8,-0.02,-0.16,-112.81,1.25,4.19,-0.93,0.03,0.7,12059.54,579.0,0.0,452.0,442.0,
1770045040113516056,393463,10.592,4.5,9.348,0.2,0.0,0.08,-116.19,1.56,4.0,-1.01,0.79,-0.99,12061.25,646.0,0.0,452.0,442.0,
1770045040228237951,393582,9.036,3.8,9.168,0.0,0.06,0.04,-119.94,2.06,3.06,-1.02,1.13,-2.68,12064.0,646.0,0.0,452.0,442.0,
1770045040346989387,393696,8.744,4.6,10.54,0.0,0.06,-0.04,-123.87,1.12,-0.06,-1.34,0.42,-2.2,12063.31,964.0,0.0,452.0,442.0,
1770045040449424118,393816,8.828,4.9,10.532,-0.2,-0.02,-0.04,-128.25,0.56,-3.56,-0.74,0.09,-1.72,997.62,964.0,0.0,452.0,442.0,
1770045040551817755,393916,8.816,4.8,10.536,-0.1,0.06,-0.1,-131.38,1.31,-6.44,1.24,0.25,-1.42,996.41,1263.0,0.0,452.0,442.0,
1770045040650123350,394016,8.744,5.0,10.548,0.0,-0.08,0.0,-133.69,0.0,-8.88,1.33,-0.21,-0.8,1056.61,922.0,0.0,452.0,442.0,
1770045040768940825,394116,8.812,4.8,10.536,0.2,0.08,-0.04,-135.88,-1.81,-10.44,0.99,0.88,-1.43,12062.79,1572.0,0.0,452.0,442.0,
1770045040871312498,394236,8.824,4.5,10.548,0.2,-0.02,-0.02,-140.63,-3.19,-11.69,-0.42,0.22,-0.84,1078.56,1572.0,0.0,452.0,442.0,
1770045040969606982,394336,8.78,4.8,10.504,0.8,-0.02,0.02,-148.06,-2.25,-13.31,-1.12,-0.51,-0.03,1134.47,2216.0,0.0,452.0,442.0,
1770045041067871539,394436,10.588,4.2,10.528,0.2,-0.04,0.12,-158.88,-1.5,-16.06,-0.94,-1.39,0.89,1133.27,2216.0,0.0,452.0,442.0,
1770045041170316696,394536,8.932,4.2,10.52,0.0,0.02,-0.06,-170.38,-0.56,-18.44,-0.12,-2.29,0.0,1135.67,2275.0,0.0,452.0,442.0,
1770045041268565104,394636,8.948,4.1,10.536,0.3,-0.02,-0.16,179.5,0.25,-20.06,0.03,-1.43,-1.01,1167.23,1164.0,0.0,452.0,442.0,
1770045041399678596,394736,9.024,4.5,9.156,1.3,-0.02,0.0,170.56,0.25,-20.56,-0.58,-1.25,-1.01,12061.42,2020.0,0.0,452.0,442.0,
1770045041514360453,394866,8.74,4.7,10.552,0.2,0.0,-0.08,163.56,1.63,-19.94,1.01,-1.0,-0.44,12063.48,2020.0,0.0,452.0,442.0,
1770045041633136909,394981,8.74,4.7,10.552,0.0,0.0,0.0,162.5,2.13,-19.0,0.89,-1.63,0.76,12062.97,1750.0,0.0,452.0,442.0,
1770045041756021962,395101,10.584,3.9,10.56,0.1,-0.04,-0.1,162.81,-0.25,-17.19,-0.81,-0.31,-0.23,12062.62,1745.0,0.0,452.0,442.0,
1770045041878856867,395223,8.936,4.5,9.212,1.0,-0.08,-0.04,163.38,-0.63,-15.94,-0.88,0.0,-0.85,12061.94,1841.0,0.0,452.0,442.0,
1770045041981309672,395346,10.568,4.2,10.5,0.5,0.0,-0.12,162.13,0.06,-16.44,-0.68,-0.48,-0.01,1148.88,1841.0,0.0,452.0,442.0,
1770045042100087924,395446,8.944,4.0,10.556,0.1,-0.04,-0.04,158.88,0.94,-17.62,-0.39,-1.13,1.67,12063.48,2642.0,0.0,452.0,442.0,
1770045042222916495,395566,8.948,3.9,10.548,0.0,-0.06,-0.1,153.19,1.12,-18.06,-0.54,-1.35,0.41,12062.11,1718.0,0.0,452.0,442.0,
1770045042341713284,395686,8.952,4.1,10.56,-0.1,-0.04,-0.08,150.0,1.19,-17.94,0.35,-0.43,-0.89,12062.62,1844.0,0.0,452.0,442.0,
1770045042440038046,395806,8.956,4.0,9.808,0.1,0.12,-0.12,150.19,1.75,-18.06,1.16,-0.46,-0.93,1166.89,1844.0,0.0,452.0,442.0,
1770045042542459221,395907,8.72,4.6,10.54,0.0,-0.04,0.0,154.5,1.37,-19.25,1.63,-1.4,-0.22,1157.97,1279.0,0.0,452.0,442.0,
1770045042640734389,396007,8.772,5.0,10.548,0.0,0.0,0.0,161.94,-0.56,-21.12,1.71,-2.45,1.19,1213.02,1279.0,0.0,452.0,442.0,
1770045042739041595,396107,8.828,4.8,9.328,0.8,-0.02,0.04,170.06,-4.0,-21.81,0.59,-1.05,0.14,1187.98,1358.0,0.0,452.0,442.0,
1770045042861939704,396207,8.952,4.2,9.2,0.9,0.08,-0.1,177.81,-6.25,-21.06,0.03,-0.59,-1.11,12062.79,1810.0,0.0,452.0,442.0,
1770045042984807665,396328,8.808,4.6,10.548,0.2,0.04,-0.06,-176.13,-7.06,-20.81,-0.37,-1.01,-0.56,12064.17,1523.0,0.0,452.0,442.0,
1770045043099489134,396449,8.756,4.8,10.552,0.3,-0.08,-0.06,-173.63,-6.94,-22.56,0.36,-1.74,0.89,12064.68,1523.0,0.0,452.0,442.0,
1770045043218216218,396564,8.744,4.2,9.344,0.8,-0.1,-0.14,-171.0,-6.81,-22.5,1.05,-0.87,0.29,12063.14,1675.0,0.0,452.0,442.0,
1770045043320643022,396685,10.592,4.1,9.34,0.9,-0.08,0.0,-167.69,-7.13,-19.81,0.78,-0.86,-0.87,1156.77,1404.0,0.0,452.0,442.0,
1770045043418960636,396785,8.988,4.1,10.536,0.3,-0.06,-0.12,-163.81,-6.44,-17.75,0.76,-0.51,-0.49,1152.14,1404.0,0.0,452.0,442.0,
1770045043541841671,396886,9.024,4.0,10.524,1.0,-0.06,0.02,-157.06,-5.56,-17.37,1.84,-0.56,-0.1,12064.85,1642.0,0.0,452.0,442.0,
1770045043660626904,397007,10.604,4.5,10.544,0.0,-0.12,-0.04,-145.75,-6.75,-17.12,3.17,-1.37,0.38,12064.68,1591.0,0.0,452.0,442.0,
1770045043763033523,397127,10.6,4.0,10.556,0.2,-0.16,0.0,-134.63,-10.5,-15.31,1.71,-0.63,-0.6,1128.3,1591.0,0.0,452.0,442.0,
1770045043861300617,397228,8.932,3.8,10.536,0.3,0.12,-0.08,-125.94,-12.25,-13.88,1.2,-0.63,-1.2,1168.94,1322.0,0.0,452.0,442.0,
1770045043984226060,397328,9.028,4.0,10.288,0.1,0.06,-0.06,-119.25,-12.94,-14.0,0.74,-0.51,-0.67,12065.2,1363.0,0.0,452.0,442.0,
1770045044102982312,397450,8.844,4.9,10.556,0.3,0.06,-0.08,-113.81,-12.88,-15.94,1.31,-0.79,0.52,12064.17,1318.0,0.0,452.0,442.0,
1770045044234036246,397570,8.832,4.9,10.548,0.1,-0.06,-0.08,-107.75,-12.63,-15.88,1.48,-0.63,0.26,12065.2,1156.0,0.0,452.0,442.0,
1770045044332336971,397698,8.744,3.7,10.548,0.1,-0.04,-0.14,-100.44,-12.38,-13.75,1.41,-0.1,-0.92,1076.33,1156.0,0.0,452.0,442.0,
1770045044434763756,397798,9.004,3.8,10.54,0.0,0.0,-0.21,-94.31,-11.0,-11.25,1.26,-0.15,-1.3,1011.85,1036.0,0.0,452.0,442.0,
1770045044533072518,397898,8.936,4.4,10.548,0.3,0.06,-0.06,-88.06,-9.56,-9.13,0.28,0.07,-0.34,944.28,1036.0,0.0,452.0,442.0,
1770045044651830195,397999,9.02,3.4,10.544,0.1,0.06,0.02,-80.87,-7.75,-6.88,0.98,0.56,-0.93,12065.02,981.0,0.0,452.0,442.0,
1770045044774740490,398118,9.036,4.2,10.556,0.2,0.0,-0.14,-71.81,-5.06,-4.69,1.61,0.29,-0.65,12065.71,1006.0,0.0,452.0,442.0,
1770045044897600395,398241,8.976,3.9,10.216,0.2,-0.02,-0.08,-61.5,-3.38,-2.19,1.63,0.19,-1.45,12061.42,745.0,0.0,452.0,442.0,
1770045044995925490,398361,8.82,4.8,10.556,0.0,0.04,0.0,-55.0,-2.25,-1.56,1.06,0.32,-1.59,672.45,745.0,0.0,452.0,442.0,
1770045045114664148,398461,8.772,4.7,10.552,0.0,-0.04,-0.16,-50.38,-1.75,-2.0,0.95,0.52,-0.92,12066.91,843.0,0.0,452.0,442.0,
1770045045241616318,398581,9.88,4.5,9.332,-0.1,0.0,0.0,-45.94,-3.25,-2.81,0.79,0.27,1.42,12068.45,648.0,0.0,452.0,442.0,
1770045045360446126,398704,9.032,4.0,10.54,0.1,-0.04,0.0,-40.38,-3.25,-3.13,0.57,1.07,0.39,12067.94,467.0,0.0,452.0,442.0,
1770045045479212415,398824,9.04,4.1,10.548,0.2,0.0,-0.04,-37.0,-3.06,-3.56,-0.24,1.48,0.53,12067.25,373.0,0.0,452.0,442.0,
1770045045593913476,398944,8.972,3.9,10.56,0.2,0.02,0.02,-35.75,-3.19,-4.81,-0.9,1.19,0.42,12068.11,373.0,0.0,452.0,442.0,
1770045045712694524,399058,8.992,3.9,10.556,0.1,-0.04,-0.16,-35.56,-3.0,-4.88,-0.39,0.76,0.14,12068.63,301.0,0.0,452.0,442.0,
1770045045835575652,399178,9.032,4.2,10.552,0.2,-0.02,-0.04,-35.06,-2.56,-5.69,0.12,0.81,0.79,12065.37,258.0,0.0,452.0,442.0,
1770045045943925849,399300,8.976,4.1,10.556,0.2,-0.06,-0.16,-34.63,-2.56,-4.06,0.18,0.74,-0.3,207.69,258.0,0.0,452.0,442.0,
1770045046036285421,399400,9.052,4.1,10.552,0.1,-0.02,-0.06,-34.56,-1.94,-1.37,0.89,-0.29,-0.17,216.09,225.0,0.0,452.0,442.0,
1770045046134599608,399500,8.968,4.0,10.556,0.1,-0.06,-0.04,-34.44,-2.25,-0.06,0.09,0.3,0.35,182.99,225.0,0.0,452.0,442.0,
1770045046236957467,399600,9.028,4.1,9.192,1.1,0.02,-0.06,-34.44,-2.75,0.0,-0.07,1.01,-0.38,182.99,201.0,0.0,452.0,442.0,
1770045046355736107,399700,10.224,4.7,9.572,0.0,-0.08,0.0,-34.69,-2.56,0.37,-0.06,0.68,-0.16,12067.08,191.0,0.0,452.0,442.0,
1770045046478647736,399820,10.612,4.1,9.3,0.0,-0.02,-0.04,-34.69,-2.5,0.0,0.09,0.42,-0.39,12069.48,190.0,0.0,452.0,442.0,
1770045046576945200,399941,8.844,4.7,10.528,0.2,0.02,0.06,-34.69,-2.44,-0.44,0.05,0.4,-0.44,194.48,190.0,0.0,452.0,442.0,
1770045046709862097,400041,8.74,5.0,10.52,0.1,0.02,-0.14,-34.75,-2.44,-0.75,0.08,0.35,-0.41,12066.91,189.0,0.0,452.0,442.0,
1770045046802265170,400165,9.676,4.2,9.34,0.9,0.02,-0.12,-34.75,-2.38,-1.06,0.07,0.27,-0.42,190.19,190.0,0.0,452.0,442.0,
1770045046900530097,400265,10.588,4.2,9.496,0.1,-0.04,-0.16,-34.75,-2.38,-1.19,0.05,0.26,-0.4,194.48,190.0,0.0,452.0,442.0,
1770045047002929660,400365,8.96,4.1,10.516,0.3,-0.06,-0.02,-34.75,-2.31,-1.31,0.03,0.24,-0.41,194.48,190.0,0.0,452.0,442.0,
1770045047101239292,400465,8.956,4.3,9.196,1.3,0.04,-0.16,-34.75,-2.31,-1.5,0.03,0.21,-0.4,194.48,189.0,0.0,452.0,442.0,
1770045047199480533,400565,10.6,4.4,9.204,1.3,-0.06,0.0,-34.75,-2.31,-1.56,0.04,0.21,-0.41,190.19,189.0,0.0,452.0,442.0,
1770045047322392384,400665,8.74,4.7,9.356,0.8,-0.16,-0.02,-34.75,-2.31,-1.69,0.03,0.18,-0.4,12068.28,191.0,0.0,452.0,442.0,
1770045047445284030,400786,10.6,4.3,9.344,0.7,-0.08,-0.14,-34.75,-2.25,-1.75,0.06,0.17,-0.4,12068.45,189.0,0.0,452.0,442.0,
1770045047564054985,400908,10.604,4.3,10.516,0.2,0.08,0.0,-34.75,-2.25,-1.81,0.06,0.16,-0.42,12066.57,188.0,0.0,452.0,442.0,
1770045047686946483,401029,8.956,4.2,9.224,0.9,0.02,0.06,-34.75,-2.25,-1.88,0.04,0.15,-0.38,12066.91,188.0,0.0,452.0,442.0,
1770045047801622692,401150,8.852,4.7,10.532,0.1,-0.12,-0.04,-34.75,-2.25,-1.94,0.02,0.13,-0.38,12067.25,188.0,0.0,452.0,442.0,
1770045047920361202,401266,8.816,4.6,9.46,0.7,-0.02,1.04,-34.75,-2.25,-2.0,0.03,0.12,-0.41,12045.65,191.0,0.71,12.03,452.0,442.0
1770045048043281942,401386,10.564,29.8,9.312,0.7,0.02,1.29,-34.94,-2.44,-2.0,-0.21,-0.01,-0.37,12043.42,190.0,0.0,19.65,452.0,442.0
1770045048141595018,401506,9.428,30.3,9.712,0.6,-0.02,1.43,-35.44,-2.56,-1.94,0.04,0.09,-0.37,178.87,190.0,0.0,18.71,452.0,442.0
1770045048243941636,401606,9.904,42.8,10.408,-0.2,-0.2,0.94,-35.94,-2.5,-1.88,0.04,0.17,-0.48,173.9,186.0,0.0,18.1,452.0,442.0
1770045048342303454,401707,8.888,41.4,9.496,2.6,0.06,1.66,-36.44,-2.5,-1.88,-0.03,0.14,-0.41,199.28,186.0,0.0,18.81,452.0,442.0
1770045048465162062,401807,8.916,45.4,10.452,0.6,-0.04,1.11,-36.94,-2.5,-1.88,0.05,0.07,-0.41,12046.5,185.0,0.0,18.18,452.0,442.0
1770045048588036671,401928,9.896,55.4,10.456,0.5,-0.16,1.43,-37.44,-2.44,-1.94,0.0,0.08,-0.44,12050.28,186.0,0.0,14.49,452.0,442.0
1770045048710920132,402050,10.528,14.3,10.48,0.7,0.06,1.15,-37.88,-2.5,-1.94,0.22,-0.06,-0.42,12067.6,185.0,0.0,452.0,442.0,
1770045048829702254,402172,9.02,16.3,10.488,0.0,0.02,1.15,-37.88,-2.5,-1.94,0.07,0.08,-0.42,12065.71,185.0,0.0,452.0,442.0,
1770045048948487524,402292,8.968,16.2,10.48,0.3,0.08,1.15,-37.88,-2.5,-2.0,0.03,0.04,-0.41,12067.08,186.0,0.0,452.0,442.0,
1770045049063177770,402412,9.04,15.8,10.508,0.9,-0.04,1.21,-37.88,-2.5,-2.0,0.03,0.07,-0.41,12067.43,186.0,0.0,452.0,442.0,
1770045049186026249,402527,10.54,15.9,9.888,0.2,0.06,1.11,-37.88,-2.5,-2.0,0.04,0.03,-0.41,12069.48,184.0,0.0,452.0,442.0,
1770045049304797741,402649,9.036,15.1,10.492,-0.1,0.1,1.15,-37.88,-2.5,-2.0,0.01,0.04,-0.38,12066.57,186.0,0.0,452.0,442.0,
1770045049423570363,402768,9.052,15.9,10.5,-0.4,-0.06,1.23,-37.88,-2.5,-2.0,0.01,0.08,-0.4,12066.05,183.0,0.0,452.0,442.0,
1770045049538301721,402888,8.836,16.9,10.504,0.2,0.04,1.17,-37.88,-2.5,-2.0,0.03,0.03,-0.4,12066.05,183.0,0.0,452.0,442.0,
1770045049661181812,403002,10.54,15.9,9.76,1.1,-0.02,1.09,-37.88,-2.5,-2.0,0.01,0.06,-0.4,12068.63,187.0,0.0,452.0,442.0,
1770045049784060106,403125,8.812,15.8,10.488,0.1,0.04,1.13,-37.88,-2.5,-2.0,0.02,0.04,-0.43,12068.11,186.0,0.0,452.0,442.0,
1770045049902857450,403246,9.06,16.2,10.484,0.1,0.06,1.27,-37.88,-2.5,-2.0,0.04,0.05,-0.4,12066.74,184.0,0.0,452.0,442.0,
1770045050017504362,403365,10.56,15.4,10.5,-0.4,0.0,1.09,-37.88,-2.5,-2.0,0.01,0.05,-0.4,12069.48,184.0,0.0,452.0,442.0,
1770045050144457532,403481,8.984,15.6,10.516,0.3,-0.02,1.17,-37.88,-2.5,-2.0,0.05,0.06,-0.4,12067.94,186.0,0.0,452.0,442.0,
1770045050271440961,403609,9.004,15.8,9.284,1.1,0.04,1.13,-37.88,-2.5,-2.0,0.01,0.05,-0.4,12064.17,186.0,0.0,452.0,442.0,
1770045050390261917,403733,10.556,15.3,10.508,0.2,0.02,1.29,-37.88,-2.5,-2.0,0.02,0.06,-0.41,12064.17,185.0,0.0,452.0,442.0,
1770045050504935367,403852,9.368,16.7,9.368,0.8,-0.1,1.11,-37.88,-2.5,-2.0,0.02,0.04,-0.39,12065.71,185.0,0.0,452.0,442.0,
1770045050623718692,403966,10.564,15.5,9.412,1.2,-0.02,1.29,-37.88,-2.5,-2.0,0.05,0.05,-0.41,12062.28,188.0,0.0,452.0,442.0,
1770045050746608357,404084,8.94,16.6,10.176,-0.3,-0.1,1.21,-37.88,-2.5,-2.0,0.04,0.05,-0.43,12063.82,184.0,0.0,452.0,442.0,
1770045050865380146,404208,9.112,15.4,9.3,-0.1,0.06,1.15,-37.88,-2.5,-2.0,0.02,0.04,-0.39,12066.91,186.0,0.0,452.0,442.0,
1770045050980075466,404328,9.184,15.0,10.492,-0.4,-0.14,1.23,-37.88,-2.5,-2.0,0.03,0.04,-0.41,12065.71,186.0,0.0,452.0,442.0,
1770045051098868866,404443,10.412,15.3,9.276,1.1,-0.04,1.33,-37.88,-2.5,-2.0,0.01,0.06,-0.4,12066.05,186.0,0.0,452.0,442.0,
1770045051221748864,404562,9.776,16.4,10.512,-0.3,0.0,1.27,-37.88,-2.5,-2.0,0.03,0.06,-0.41,12066.05,186.0,0.0,452.0,442.0,
1770045051340477077,404684,9.044,16.3,10.488,1.3,0.1,1.23,-37.88,-2.5,-2.0,0.03,0.04,-0.41,12066.23,184.0,0.0,452.0,442.0,
1770045051455203083,404804,9.12,14.8,10.512,0.2,-0.06,1.19,-37.88,-2.5,-2.0,0.0,0.06,-0.38,12066.91,184.0,0.0,452.0,442.0,
1770045051584004863,404918,8.976,17.3,10.504,0.1,-0.12,1.21,-37.88,-2.5,-2.0,0.02,0.04,-0.38,12066.23,184.0,0.0,452.0,442.0,
1770045051696877203,405038,10.348,14.8,9.192,-0.3,-0.1,1.35,-37.88,-2.5,-2.0,0.01,0.05,-0.42,12065.54,183.0,0.0,452.0,442.0,
1770045051819729015,405158,9.108,16.5,10.488,-0.2,-0.18,1.23,-37.88,-2.5,-2.0,0.04,0.04,-0.4,12064.51,185.0,0.0,452.0,442.0,
1770045051934422465,405280,10.56,14.8,9.22,-0.8,-0.31,1.09,-37.88,-2.5,-2.0,0.04,0.06,-0.39,12066.57,185.0,0.0,452.0,442.0,
1770045052053176809,405396,8.976,16.6,10.504,-1.1,-0.33,1.27,-37.88,-2.5,-2.0,0.01,0.06,-0.41,12066.91,183.0,0.0,452.0,442.0,
1770045052176084789,405517,10.532,16.1,10.516,-0.5,-0.25,1.15,-37.88,-2.5,-2.0,0.03,0.04,-0.38,12064.0,183.0,0.0,452.0,442.0,
1770045052298931526,405638,8.88,16.5,9.484,-3.1,-0.51,1.09,-37.88,-2.5,-2.0,0.03,0.05,-0.4,12066.23,185.0,0.0,452.0,442.0,
1770045052417735834,405761,10.544,15.5,10.42,-2.0,-0.59,1.05,-37.88,-2.5,-2.0,0.04,0.06,-0.42,12066.05,182.0,0.0,452.0,442.0,
1770045052532427136,405880,9.064,16.0,10.468,-1.7,-0.47,1.27,-37.88,-2.5,-2.0,0.03,0.05,-0.42,12066.74,182.0,0.0,452.0,442.0,
1770045052651179127,405995,9.004,15.1,10.484,-2.3,-0.66,1.19,-37.88,-2.5,-2.0,0.04,0.05,-0.42,12066.4,185.0,0.0,452.0,442.0,
1770045052774117923,406114,9.84,15.8,10.488,-2.2,-0.53,1.11,-37.88,-2.5,-2.0,0.04,0.06,-0.4,12066.05,189.0,0.0,452.0,442.0,
1770045052892812006,406237,9.024,16.3,10.492,-0.9,-0.49,1.21,-37.88,-2.5,-2.0,0.02,0.07,-0.41,12064.51,185.0,0.0,452.0,442.0,
1770045053007548401,406356,8.92,15.9,10.504,-2.3,-0.49,1.19,-37.88,-2.5,-2.0,0.03,0.06,-0.42,12066.74,185.0,0.0,452.0,442.0,
1770045053126351690,406467,9.056,16.2,10.484,-1.2,-0.64,1.17,-37.88,-2.5,-2.0,0.02,0.06,-0.4,12066.57,188.0,0.0,452.0,442.0,
1770045053253270914,406587,9.016,16.5,10.476,-3.0,-0.37,1.25,-37.88,-2.5,-2.0,0.03,0.05,-0.39,12066.05,183.0,0.0,452.0,442.0,
1770045053376202672,406716,8.876,16.5,10.484,0.9,0.14,1.33,-37.88,-2.5,-2.0,0.05,0.05,-0.4,12065.2,184.0,0.0,452.0,442.0,
1770045053490891418,406837,10.552,15.1,10.504,0.2,-0.08,1.19,-37.88,-2.5,-2.0,0.03,0.07,-0.42,12066.57,184.0,0.0,452.0,442.0,
1770045053609657151,406951,10.58,15.6,10.504,-0.4,0.02,1.15,-37.88,-2.5,-2.0,0.04,0.04,-0.42,12065.54,184.0,0.0,452.0,442.0,
1770045053732537963,407071,8.86,16.7,10.496,0.1,0.04,1.13,-37.88,-2.5,-2.0,0.06,0.05,-0.38,12062.11,184.0,0.71,0.0,452.0,442.0
1770045053855415961,407192,10.536,15.3,9.804,-7.5,0.66,1.25,-37.88,-2.5,-2.0,0.06,0.05,-0.41,12048.56,186.0,9.74,0.0,452.0,442.0
1770045053970116689,407315,10.28,15.5,10.468,-7.2,0.16,1.29,-37.88,-2.5,-2.0,0.0,0.04,-0.39,12045.47,186.0,13.56,0.0,452.0,442.0
1770045054088884662,407430,10.548,16.2,10.492,-10.7,0.68,1.21,-37.88,-2.5,-2.0,0.01,0.07,-0.39,12043.59,186.0,16.14,0.0,452.0,442.0
1770045054211758012,407550,10.48,15.6,9.312,-28.4,1.39,1.17,-37.88,-2.5,-2.0,-0.32,0.29,-0.24,12042.04,184.0,16.43,0.0,452.0,442.0
1770045054338699144,407672,10.46,15.8,9.488,-32.3,1.58,1.07,-37.63,-2.19,-2.06,0.12,0.07,-0.41,12033.13,181.0,21.91,0.68,452.0,442.0
1770045054453427761,407799,9.924,13.7,9.596,-32.2,1.78,1.11,-37.06,-2.19,-2.06,-0.06,0.02,-0.36,12030.21,181.0,23.03,0.0,452.0,442.0
1770045054576338148,407914,8.716,16.0,9.864,-34.4,1.52,1.13,-36.56,-2.06,-2.06,0.11,0.07,-0.32,12034.33,183.0,22.59,0.68,452.0,442.0
1770045054695086992,408036,10.488,30.1,9.96,-39.6,1.27,0.94,-35.94,-2.13,-2.06,0.01,0.06,-0.37,12018.72,185.0,25.05,9.74,452.0,442.0
1770045054822051439,408157,9.496,43.4,9.08,-34.4,1.41,1.31,-35.63,-2.19,-2.13,-0.07,0.11,-0.35,11992.14,184.0,26.92,25.54,452.0,442.0
1770045054940789079,408283,8.624,42.0,9.964,-42.0,0.82,1.39,-35.69,-2.19,-2.19,0.03,0.09,-0.43,11987.16,182.0,24.45,33.95,452.0,442.0
1770045055059623054,408403,9.912,55.8,9.832,-28.0,1.41,1.19,-36.0,-2.19,-2.19,-0.05,0.05,-0.37,11983.91,182.0,25.41,38.47,454.0,442.0
1770045055182474884,408519,10.388,78.2,10.42,-26.2,1.54,1.15,-36.38,-2.13,-2.25,0.02,0.04,-0.46,11988.36,182.0,24.85,36.58,454.0,442.0
1770045055305357104,408642,10.004,53.6,9.652,-48.7,1.19,2.05,-36.75,-2.25,-2.25,0.0,-0.01,-0.41,11982.02,183.0,26.92,34.51,454.0,442.0
1770045055428254917,408766,9.556,67.6,8.98,-48.3,1.74,1.64,-37.06,-2.38,-2.31,0.06,0.06,-0.44,11978.93,183.0,32.18,34.23,454.0,442.0
1770045055542944922,408887,10.096,89.1,9.984,-78.3,1.7,1.41,-37.13,-2.44,-2.31,-0.04,0.04,-0.38,11975.84,183.0,35.57,33.39,454.0,442.0
1770045055661718007,409003,9.464,74.6,9.02,-89.1,1.76,1.6,-37.06,-2.5,-2.38,0.01,0.07,-0.34,11954.24,181.0,45.93,38.27,454.0,442.0
1770045055788700455,409123,10.0,69.1,9.516,-153.3,3.44,1.7,-36.81,-2.31,-2.38,0.03,0.0,-0.44,11941.37,181.0,50.66,43.13,454.0,442.0
1770045055911568174,409249,10.096,93.9,10.144,0.0,3.34,1.27,-36.63,-1.94,-2.38,-0.09,0.01,-0.37,11941.2,181.0,50.25,48.21,454.0,442.0
1770045056059032149,409370,9.824,56.2,9.408,-150.2,2.05,0.98,-36.69,-1.63,-2.38,0.25,0.04,-0.34,11932.45,181.0,55.4,51.7,454.0,442.0
1770045056181867998,409519,10.348,66.1,10.292,-117.7,0.98,1.46,-36.5,-1.5,-2.38,0.07,0.02,-0.46,11916.68,180.0,64.36,54.17,454.0,442.0
1770045056308817482,409641,9.656,42.7,9.164,-62.7,1.62,0.74,-36.31,-1.69,-2.38,0.05,-0.03,-0.42,11917.71,180.0,65.57,55.22,454.0,442.0
1770045056431760722,409771,9.816,73.5,9.868,-75.7,1.56,1.37,-36.13,-1.75,-2.31,0.08,0.03,-0.41,11918.22,181.0,65.42,55.06,454.0,442.0
1770045056554656905,409892,8.516,86.0,8.896,-126.8,1.45,1.35,-36.0,-1.75,-2.31,0.13,-0.11,-0.32,11922.68,183.0,62.12,53.84,454.0,444.0
1770045056679383939,410014,10.284,90.8,10.244,-129.5,1.33,1.84,-35.94,-1.75,-2.25,0.03,0.18,-0.4,11921.31,183.0,62.97,54.92,454.0,444.0
1770045056796301728,410131,9.488,101.2,9.86,-117.7,2.7,1.48,-35.81,-1.69,-2.25,0.06,-0.13,-0.4,11934.0,176.0,55.0,55.68,454.0,444.0
1770045056919170596,410254,10.188,94.7,9.86,-211.1,3.16,1.13,-35.75,-1.56,-2.25,-0.17,0.14,-0.31,11934.86,177.0,50.8,55.67,454.0,444.0
1770045057037915458,410378,9.616,85.9,10.048,-162.3,2.71,0.82,-35.94,-1.25,-2.25,-0.01,0.0,-0.39,11914.79,174.0,58.4,58.4,454.0,444.0
1770045057160854956,410500,8.876,77.5,10.236,-71.2,2.05,1.21,-35.94,-1.12,-2.13,0.2,0.0,-0.41,11907.59,177.0,64.72,61.24,454.0,444.0
1770045057275484664,410620,8.792,85.5,10.3,-86.8,1.11,1.13,-35.88,-1.25,-2.13,0.0,0.01,-0.29,11907.59,177.0,65.74,63.52,454.0,444.0
1770045057402488520,410735,10.368,77.7,9.528,-74.7,1.02,1.88,-35.81,-1.56,-1.94,-0.28,-0.22,-0.16,11911.36,173.0,64.51,60.44,456.0,444.0
1770045057510827013,410862,9.868,105.8,9.956,-90.4,1.37,1.09,-35.75,-1.63,-1.88,-0.33,-0.4,-0.57,177.85,173.0,67.02,60.15,456.0,444.0
1770045057603208122,410962,9.956,104.8,9.18,-124.5,1.58,1.7,-35.75,-1.69,-1.88,-0.11,-0.09,-0.37,177.85,168.0,64.35,58.78,456.0,444.0
1770045057701473364,411062,10.1,124.5,9.508,-121.8,1.76,1.17,-35.81,-1.63,-2.0,0.31,0.29,-0.36,186.42,171.0,64.0,55.58,456.0,444.0
1770045057803902538,411162,9.044,95.3,9.856,-166.1,2.46,2.25,-35.75,-1.69,-2.06,0.74,-0.03,-0.01,164.64,171.0,58.16,55.56,456.0,444.0
1770045057902198151,411262,8.68,87.0,9.556,-171.8,2.4,1.56,-35.69,-1.69,-2.0,0.0,-0.08,-0.19,176.82,175.0,55.59,56.41,456.0,444.0
1770045058020981310,411362,10.22,65.8,9.956,-177.2,2.93,1.58,-35.63,-1.56,-1.94,0.26,0.1,-0.51,11927.14,172.0,54.81,58.3,456.0,444.0
1770045058143917012,411481,9.528,103.9,9.832,-71.5,1.33,0.94,-35.63,-1.5,-1.81,-0.15,0.01,-0.8,11910.67,170.0,66.11,60.54,456.0,444.0
1770045058266687471,411603,10.376,90.5,9.96,-64.1,1.56,1.52,-35.5,-1.56,-1.75,0.24,-0.65,-0.86,11906.73,171.0,65.72,62.98,456.0,444.0
1770045058385525760,411727,8.404,0.0,10.292,-63.6,1.5,1.25,-35.56,-1.75,-1.63,-0.19,0.18,-0.2,11910.16,171.0,68.23,63.15,456.0,444.0
1770045058483832929,411843,10.24,85.7,10.184,-69.0,1.66,1.76,-35.56,-1.88,-1.69,-0.3,-0.05,-0.32,161.04,169.0,61.96,58.78,456.0,444.0
1770045058606695093,411943,8.672,107.4,9.352,-63.1,1.74,1.02,-35.56,-1.94,-1.69,0.04,-0.43,-0.54,11908.96,170.0,66.37,60.92,456.0,446.0
1770045058729579739,412065,10.044,83.6,9.792,-75.6,1.99,1.7,-35.5,-2.06,-2.0,0.23,0.18,-0.73,11921.14,168.0,63.33,59.85,456.0,446.0
1770045058848362657,412187,10.04,102.9,9.68,-210.9,3.01,2.27,-35.44,-2.06,-2.06,-0.42,-0.6,0.15,11920.28,168.0,55.9,60.85,456.0,446.0
1770045058967160668,412305,9.152,98.9,9.148,-184.0,2.4,2.34,-35.63,-1.94,-2.0,0.07,-0.19,-0.21,11929.2,170.0,53.58,63.33,456.0,446.0
1770045059085917622,412425,9.352,80.9,9.388,-109.8,1.8,1.41,-35.88,-1.81,-2.0,0.17,-0.17,-0.63,11902.96,171.0,67.22,67.93,456.0,446.0
1770045059208756174,412546,9.056,83.4,9.876,-54.1,1.48,1.31,-36.06,-1.75,-2.06,0.56,-0.65,0.0,11891.12,170.0,73.77,67.5,458.0,446.0
1770045059331652117,412666,8.484,80.8,10.116,0.0,1.7,1.15,-36.25,-1.94,-2.0,1.33,0.74,0.27,11902.1,170.0,67.36,68.83,458.0,446.0
1770045059450457350,412788,8.532,69.3,10.264,-85.4,0.98,1.56,-36.44,-2.19,-2.13,0.6,0.16,-0.84,11909.99,171.0,66.44,62.5,458.0,446.0
1770045059569255009,412909,10.304,107.5,10.26,-62.2,1.7,1.37,-36.44,-2.25,-2.19,0.61,-0.14,-0.37,11918.05,171.0,64.72,60.54,458.0,446.0
1770045059696213586,413029,9.752,110.8,10.24,-81.7,1.74,0.82,-36.38,-2.19,-2.25,1.54,-0.08,0.24,11919.25,171.0,63.68,60.15,458.0,446.0
1770045059810898258,413153,10.08,92.1,10.16,-147.1,2.77,1.89,-36.13,-2.13,-2.38,0.76,-1.44,-1.06,11931.6,171.0,55.43,57.54,458.0,446.0
1770045059909206427,413268,8.628,99.8,9.816,-136.2,2.32,1.8,-36.0,-2.0,-2.44,-0.18,-0.49,-0.7,173.22,171.0,51.82,56.68,458.0,446.0
1770045060011636601,413368,8.52,89.2,9.46,-146.6,2.01,1.15,-36.13,-1.88,-2.5,-0.29,0.1,-0.58,163.27,171.0,58.23,60.91,458.0,446.0
1770045060130363777,413468,10.004,59.7,9.088,-88.7,1.15,1.23,-36.19,-1.88,-2.5,-0.17,-0.03,-0.69,11909.99,171.0,66.4,63.03,458.0,446.0
1770045060257329410,413590,9.288,67.9,9.98,-57.2,1.21,1.39,-36.31,-2.0,-2.56,-0.2,-0.27,-0.46,11913.93,174.0,65.96,63.15,458.0,446.0
1770045060376152606,413714,9.136,60.0,10.3,-76.3,1.58,1.17,-36.5,-2.19,-2.56,-0.7,-1.0,0.13,11916.85,176.0,67.36,60.63,458.0,446.0
1770045060494930858,413834,8.752,74.0,10.328,-81.7,0.94,1.09,-36.44,-2.38,-2.75,0.41,-0.17,-0.24,11913.59,177.0,67.36,58.94,458.0,448.0
1770045060617803244,413955,9.792,81.6,10.304,-111.4,1.25,1.84,-36.31,-2.44,-2.75,-1.25,-0.62,-1.82,11920.62,177.0,66.11,56.37,458.0,448.0
1770045060736586032,414075,10.052,0.0,10.256,-115.4,1.89,1.52,-36.0,-2.25,-2.88,0.26,-0.59,-0.38,11935.89,177.0,58.8,54.44,458.0,448.0
1770045060855354024,414194,10.052,94.6,10.176,-162.6,2.36,1.91,-35.94,-2.25,-3.06,0.28,0.12,-0.49,11937.94,176.0,54.53,54.53,458.0,448.0
1770045060978250596,414315,9.904,72.8,9.284,-173.6,2.11,0.76,-35.94,-2.0,-3.06,0.53,1.05,-0.66,11919.94,177.0,62.3,60.24,458.0,448.0
1770045061080630992,414436,8.996,82.0,9.612,0.0,1.48,1.41,-35.88,-2.0,-3.0,0.7,-0.35,0.39,175.44,177.0,66.58,54.83,458.0,448.0
1770045061199402243,414536,9.828,66.9,10.052,-69.1,1.56,0.92,-35.81,-2.0,-3.0,0.75,-0.22,-0.32,11918.91,178.0,67.08,58.04,460.0,448.0
1770045061322283296,414658,8.732,90.9,9.864,-64.5,1.62,1.23,-35.88,-2.13,-3.06,-0.08,0.08,-0.3,11915.48,181.0,67.77,58.87,460.0,448.0
1770045061445184813,414781,9.6,47.9,10.272,-53.9,1.27,1.04,-35.81,-2.25,-3.06,-3.58,0.12,1.2,11914.96,179.0,67.77,56.14,460.0,448.0
1770045061568059329,414904,9.764,109.7,10.284,-83.1,2.13,1.54,-35.56,-2.31,-3.13,-0.08,0.14,-0.45,11923.71,178.0,64.19,54.53,460.0,448.0
1770045061686848895,415026,10.348,91.3,9.612,-117.8,1.35,1.76,-35.13,-2.25,-3.25,0.38,0.16,0.06,11942.23,178.0,57.11,54.18,460.0,448.0
1770045061805586831,415143,9.656,100.2,10.152,-156.0,2.19,1.89,-35.0,-2.25,-3.44,-1.5,1.84,-0.43,11937.77,180.0,54.56,51.87,460.0,448.0
1770045061908039061,415265,10.092,103.2,9.704,-132.7,2.79,1.35,-34.88,-2.19,-3.38,0.14,0.16,-1.35,164.64,180.0,56.75,51.25,460.0,448.0
1770045062006293340,415366,10.176,69.7,10.192,-84.7,2.07,1.68,-34.63,-2.19,-3.19,0.64,-0.55,-0.67,180.08,181.0,62.17,52.73,460.0,448.0
1770045062133277954,415465,8.892,61.1,10.016,-79.5,0.76,1.46,-34.31,-2.25,-3.06,0.49,-0.02,-0.47,11916.68,178.0,67.36,55.97,460.0,448.0
1770045062256129136,415591,9.052,40.1,8.896,-56.5,1.74,0.82,-34.13,-2.25,-3.06,0.96,1.57,-2.1,11911.87,181.0,66.55,57.72,460.0,448.0
1770045062354437971,415713,10.32,57.2,10.304,-63.7,1.54,0.53,-34.19,-2.25,-3.06,-0.28,0.26,-0.21,176.47,181.0,69.23,61.75,460.0,448.0
1770045062477367766,415813,10.352,56.0,9.468,-104.2,1.13,1.13,-34.19,-2.25,-3.06,-0.54,0.0,-0.11,11914.62,180.0,66.02,63.15,460.0,448.0
1770045062600249023,415934,10.392,76.1,10.3,-98.8,1.0,1.09,-33.94,-2.25,-3.31,0.56,0.08,0.44,11921.99,180.0,63.5,62.12,460.0,450.0
1770045062723117835,416058,0.0,92.3,9.496,-127.0,1.99,2.05,-33.63,-2.31,-3.56,-1.56,0.72,-1.6,11926.97,181.0,58.4,57.72,460.0,450.0
1770045062845988444,416179,9.168,95.0,9.896,-112.8,2.05,2.11,-33.75,-2.25,-3.56,0.6,-0.2,-0.08,11919.94,183.0,60.24,58.19,460.0,450.0
1770045062964778806,416302,10.328,80.8,9.108,-122.3,1.31,1.5,-33.81,-2.38,-3.44,0.85,0.68,-0.64,11909.13,183.0,67.65,61.17,462.0,450.0
1770045063087684656,416419,10.36,0.0,9.372,-104.9,1.04,0.9,-33.5,-2.31,-3.19,-0.13,0.35,-0.09,11912.22,180.0,67.77,62.3,462.0,450.0
1770045063210499097,416545,9.776,0.0,9.38,-49.2,1.43,0.94,-33.56,-2.38,-3.13,-1.2,-0.27,-0.4,11905.02,183.0,70.84,63.49,462.0,450.0
1770045063333413336,416668,9.744,82.9,9.984,-75.9,0.47,0.45,-33.56,-2.25,-3.06,-0.32,-0.51,0.06,11897.3,180.0,70.98,67.5,462.0,450.0
1770045063448103267,416789,9.46,46.3,10.252,-68.5,0.86,1.13,-33.56,-2.31,-3.13,-1.07,0.24,-0.38,11910.16,180.0,67.36,64.43,462.0,450.0
1770045063570971264,416905,8.984,105.9,10.252,-94.5,1.27,0.78,-33.31,-2.31,-3.25,-0.21,-0.38,0.16,11919.08,181.0,62.81,62.12,462.0,450.0
1770045063703915735,417027,9.472,127.2,9.5,-107.4,2.56,2.19,-33.31,-2.44,-3.44,-1.05,0.23,-0.16,11925.42,181.0,60.24,58.87,462.0,450.0
1770045063816723963,417153,9.816,86.0,10.156,-111.8,1.52,1.76,-33.5,-2.38,-3.38,0.01,0.84,-0.74,11914.45,180.0,61.97,62.65,462.0,450.0
1770045063935513307,417273,9.264,125.0,8.96,-66.8,1.5,0.86,-33.56,-2.56,-3.06,0.01,0.6,0.35,11902.61,180.0,66.81,66.11,462.0,450.0
1770045064050152496,417392,8.484,87.4,10.212,-76.8,0.74,1.37,-33.31,-2.44,-2.94,-0.37,0.52,-0.07,11901.58,180.0,67.81,70.79,462.0,450.0
1770045064177168185,417509,8.708,87.4,10.128,-79.0,0.59,1.8,-33.56,-2.5,-2.88,0.21,0.06,-0.62,11895.07,181.0,70.98,71.68,462.0,450.0
1770045064300033294,417632,8.532,70.5,10.352,-88.4,0.94,1.05,-33.81,-2.38,-2.94,-0.3,-0.32,-0.28,11892.67,178.0,69.5,73.51,462.0,450.0
1770045064422937088,417756,8.692,65.8,9.776,-70.3,1.7,1.33,-34.0,-2.44,-2.94,0.17,0.88,-1.03,11899.36,183.0,67.64,72.47,462.0,452.0
1770045064537607852,417878,8.644,129.3,10.172,-88.2,1.84,1.6,-34.13,-2.5,-3.0,-1.89,0.0,-1.08,11914.45,183.0,63.33,67.65,462.0,452.0
1770045064664604133,417994,8.888,117.6,9.824,-112.4,2.32,1.45,-34.5,-2.5,-2.88,-1.19,0.65,0.78,11914.28,178.0,61.8,68.59,462.0,452.0
1770045064762893320,418120,10.084,107.7,10.224,-72.3,0.88,1.54,-34.94,-2.56,-2.75,-1.6,0.38,0.67,171.84,178.0,70.46,70.46,462.0,452.0
1770045064865296549,418221,9.548,88.3,10.192,-66.4,1.07,1.25,-34.94,-2.5,-2.63,-0.15,0.24,-0.65,160.52,180.0,72.06,74.49,464.0,452.0
1770045064988179565,418321,10.396,104.3,10.088,-71.2,1.68,1.41,-35.13,-2.44,-2.69,1.12,2.2,-0.11,11883.23,179.0,71.82,76.77,464.0,452.0
1770045065111055470,418442,10.296,82.5,10.288,-79.9,1.07,1.23,-35.75,-2.44,-2.63,-0.83,-0.21,-0.58,11892.67,179.0,72.47,75.23,464.0,452.0
1770045065233895893,418569,9.188,128.9,10.28,-92.7,1.07,1.37,-36.06,-2.44,-2.63,1.99,-0.54,-2.16,11900.56,178.0,66.83,71.51,464.0,452.0
1770045065356790224,418690,9.984,119.1,9.316,-98.8,1.54,1.46,-36.31,-2.38,-2.75,0.06,-0.85,0.57,11909.82,179.0,69.27,67.23,464.0,452.0
1770045065479657943,418812,9.4,113.5,9.828,-111.1,1.74,0.9,-36.38,-2.44,-2.69,1.21,-0.56,-0.14,11915.82,179.0,61.17,65.49,464.0,452.0
1770045065582147008,418937,9.84,85.3,9.836,-113.3,2.13,1.41,-36.69,-2.31,-2.63,-0.29,0.81,-0.49,167.56,176.0,59.52,62.43,464.0,452.0
1770045065710874878,419037,9.652,93.7,9.968,-74.8,1.23,1.05,-36.63,-2.31,-2.44,0.63,0.04,-0.95,11907.42,176.0,68.85,63.4,464.0,452.0
1770045065815539522,419159,10.356,77.9,8.776,0.0,1.31,0.86,-36.5,-2.25,-2.44,-0.53,-0.73,0.65,11903.47,176.0,70.53,61.89,464.0,452.0
1770045065938429946,419272,8.748,97.8,10.112,-54.0,1.58,0.64,-36.56,-2.25,-2.44,0.21,-1.44,2.34,11905.87,178.0,70.65,64.22,464.0,452.0
1770045066061306999,419393,10.372,67.5,9.064,-54.8,1.13,1.39,-36.56,-2.31,-2.5,0.62,0.39,-0.75,11905.7,178.0,71.78,65.57,464.0,452.0
1770045066184223960,419517,10.172,62.2,10.316,-106.5,1.37,1.48,-36.5,-2.25,-2.44,0.0,-0.34,-0.13,11909.47,178.0,69.94,61.8,464.0,454.0
1770045066302941284,419640,8.812,104.9,9.36,-74.3,2.03,0.94,-36.38,-2.25,-2.56,0.27,0.37,-0.76,11925.42,177.0,62.81,57.29,464.0,454.0
1770045066421743147,419759,8.68,103.3,9.712,-135.2,1.62,1.46,-36.19,-2.25,-2.81,-2.15,1.76,-0.38,11921.82,177.0,63.15,57.35,464.0,454.0
1770045066544616959,419877,10.024,121.4,9.432,-148.3,1.89,2.05,-36.25,-2.19,-2.75,0.23,0.76,-0.23,11924.39,179.0,62.63,57.06,466.0,454.0
1770045066647060096,420001,9.712,67.2,9.7,-59.8,1.37,0.84,-35.81,-2.25,-2.5,0.65,0.97,-1.74,200.66,179.0,63.15,56.68,466.0,454.0
1770045066769898241,420102,10.364,63.8,9.748,-105.9,0.96,0.59,-35.69,-2.19,-2.38,1.59,-0.57,-0.9,11907.42,177.0,67.84,62.55,466.0,454.0
1770045066892812573,420226,10.004,64.6,8.92,-52.4,0.7,1.15,-35.81,-2.25,-2.31,-0.62,0.09,-0.95,11905.7,178.0,70.4,64.19,466.0,454.0
1770045067015663384,420347,9.224,53.1,10.312,-48.2,1.19,1.19,-35.81,-2.13,-2.25,0.16,-0.13,-0.4,11910.85,177.0,67.64,63.5,466.0,454.0
1770045067138559660,420469,9.032,72.0,10.132,-80.4,1.27,1.25,-35.63,-2.19,-2.31,-0.41,-0.42,-0.64,11902.61,178.0,68.2,64.72,466.0,454.0
1770045067261373730,420593,8.404,78.4,9.996,0.0,1.62,1.33,-35.44,-2.19,-2.5,0.3,-0.44,-0.33,11919.25,181.0,62.65,59.95,466.0,454.0
1770045067376058846,420716,9.556,89.9,9.18,-111.0,2.6,1.35,-35.31,-2.19,-2.69,0.48,0.32,-0.46,11931.08,181.0,58.3,57.58,466.0,454.0
1770045067498973696,420833,8.58,121.1,9.952,-148.0,1.52,1.68,-35.38,-2.25,-2.56,0.32,-0.05,-0.51,11919.08,178.0,62.81,57.29,466.0,454.0
1770045067621848749,420953,9.86,0.0,9.992,-77.8,1.05,1.88,-35.06,-2.31,-2.44,-0.18,0.32,0.3,11902.61,178.0,69.47,63.86,466.0,454.0
1770045067740632408,421075,10.34,0.0,9.676,0.0,1.23,0.59,-34.88,-2.31,-2.25,0.5,-0.57,-0.24,11907.76,177.0,66.41,66.41,466.0,454.0
1770045067855320635,421196,10.368,85.2,9.884,-78.2,0.78,0.88,-35.19,-2.31,-2.25,-0.89,-0.47,0.66,11902.44,177.0,69.43,67.22,466.0,454.0
1770045067978197651,421309,9.476,84.9,9.452,-49.3,1.46,1.17,-35.25,-2.31,-2.25,0.63,-0.59,-0.44,11901.93,175.0,70.17,67.36,466.0,454.0
1770045068109309327,421431,8.792,0.0,9.12,-66.1,1.56,0.66,-35.31,-2.5,-2.44,0.74,0.4,-0.63,11907.59,178.0,69.02,65.57,466.0,456.0
1770045068227991613,421562,10.032,0.0,10.056,-103.5,1.72,1.19,-35.19,-2.44,-2.63,2.54,0.5,-0.27,11912.56,182.0,64.92,62.35,466.0,456.0
1770045068350922612,421685,8.552,102.2,10.148,-131.1,2.15,1.56,-35.19,-2.56,-2.69,0.63,-0.3,-0.08,11918.74,182.0,59.73,61.17,468.0,456.0
1770045068473823628,421806,9.072,122.4,9.44,-102.4,1.05,1.04,-35.31,-2.69,-2.56,-0.03,-1.2,0.0,11908.1,179.0,66.83,64.16,468.0,456.0
1770045068600782205,421927,10.26,102.3,10.084,-90.8,1.04,1.43,-35.06,-2.69,-2.38,-0.21,0.14,0.02,11895.93,180.0,70.51,72.57,468.0,456.0
1770045068719557085,422053,8.76,0.0,9.36,-47.7,1.23,1.21,-35.38,-2.69,-2.38,-0.22,0.23,-0.2,11882.72,179.0,71.3,79.45,468.0,456.0
1770045068842432361,422174,8.676,99.1,10.18,-62.3,0.61,0.8,-35.94,-2.63,-2.44,0.01,0.23,-0.25,11885.81,180.0,75.85,77.94,468.0,456.0
1770045068957124236,422295,8.64,100.1,10.256,-60.0,1.48,0.92,-36.44,-2.69,-2.5,0.18,-0.14,-1.27,11894.9,180.0,68.83,76.15,468.0,456.0
1770045069080001956,422411,9.656,155.4,10.156,-59.1,1.68,1.48,-36.5,-2.69,-2.69,0.09,-0.1,-0.27,11909.82,180.0,64.19,70.4,468.0,456.0
1770045069202858064,422535,9.964,120.6,9.536,-100.2,1.84,1.8,-36.56,-2.69,-2.88,0.4,-0.25,-0.07,11914.96,178.0,61.97,66.69,468.0,456.0
1770045069325735487,422657,8.628,125.6,9.432,-110.8,1.43,1.31,-36.88,-2.69,-2.75,0.37,0.0,-0.17,11903.3,182.0,69.59,66.11,468.0,456.0
1770045069440445937,422778,10.356,96.8,8.856,-85.6,1.15,1.19,-36.69,-2.63,-2.5,0.16,0.39,-0.22,11903.13,182.0,70.91,69.43,468.0,456.0
1770045069567425347,422893,10.152,80.8,10.052,-46.6,1.6,1.37,-36.81,-2.56,-2.38,-0.6,-0.23,-0.28,11903.47,180.0,67.91,68.59,468.0,456.0
1770045069686196635,423020,10.4,84.6,10.292,-70.4,0.63,0.78,-37.0,-2.63,-2.38,-0.3,0.1,-0.38,11899.7,180.0,71.98,67.91,468.0,456.0
1770045069809081855,423141,9.248,87.8,10.228,-53.5,1.86,0.98,-36.94,-2.63,-2.31,0.16,-1.22,1.73,11904.5,177.0,69.71,65.57,468.0,458.0
1770045069923828417,423263,10.028,86.1,9.964,-93.2,0.86,1.48,-36.88,-2.75,-2.44,-0.23,0.77,-1.02,11909.99,177.0,67.51,62.43,468.0,458.0
1770045070050732807,423378,8.588,125.7,10.208,-119.3,2.07,1.23,-36.75,-2.69,-2.5,-0.83,0.96,-2.11,11912.39,179.0,65.87,60.44,470.0,458.0
1770045070173612212,423505,9.788,111.7,10.16,-144.3,1.6,1.27,-36.75,-2.75,-2.44,-0.07,-0.01,-0.28,11920.62,181.0,63.15,59.76,470.0,458.0
1770045070302420102,423626,10.36,111.6,10.204,-115.3,0.74,1.05,-36.38,-2.75,-2.25,-0.26,0.76,-1.19,11911.87,177.0,67.5,61.94,470.0,458.0
1770045070415284442,423748,10.024,82.7,10.24,-57.4,1.33,1.29,-36.19,-2.81,-2.0,0.08,0.09,-0.81,11907.42,174.0,66.95,65.57,470.0,458.0
1770045070534056508,423870,10.296,107.2,8.996,-56.4,1.25,0.66,-36.31,-2.88,-1.94,-0.22,0.36,-0.92,11899.53,174.0,71.14,67.51,470.0,458.0
1770045070656950210,423989,10.416,52.6,10.012,-79.2,0.51,1.31,-36.44,-2.88,-1.94,0.24,-0.29,-0.56,11903.47,176.0,68.71,67.36,470.0,458.0
1770045070779863485,424111,8.664,95.2,10.252,-86.0,1.15,0.98,-36.44,-2.94,-2.0,0.0,0.09,-0.29,11903.81,174.0,68.89,67.5,470.0,458.0
1770045070878125523,424231,9.724,0.0,10.16,-68.4,1.89,1.72,-36.38,-2.94,-2.13,0.3,-0.47,-0.55,163.27,174.0,63.62,63.62,470.0,458.0
1770045070980528864,424332,10.196,139.9,10.052,-79.7,1.52,1.33,-36.44,-2.94,-2.19,-0.49,0.43,-0.31,181.62,176.0,65.14,62.76,470.0,458.0
1770045071103389102,424432,9.988,130.2,10.212,-84.2,1.8,0.88,-36.5,-2.94,-2.13,-0.04,-0.33,-0.01,11913.25,178.0,64.89,63.4,470.0,458.0
1770045071226274506,424556,10.196,90.5,8.988,-55.8,1.25,1.68,-36.38,-2.94,-1.75,-0.28,0.02,-0.24,11899.7,175.0,68.29,65.64,470.0,458.0
1770045071357355459,424680,9.872,59.3,10.26,-57.3,1.39,1.17,-36.31,-2.88,-1.75,1.13,0.76,-1.05,11901.76,176.0,69.14,68.46,470.0,458.0
1770045071472082669,424809,9.412,74.2,10.256,-41.1,1.04,1.48,-36.69,-2.94,-1.81,0.25,-0.87,-0.69,11903.81,176.0,69.83,67.77,470.0,458.0
1770045071604948879,424926,10.368,93.0,10.284,-52.6,1.39,1.02,-36.75,-2.94,-1.81,0.08,-0.06,-0.48,11899.7,175.0,71.09,66.95,470.0,460.0
1770045071717750755,425050,9.488,58.6,9.92,-108.9,1.05,1.37,-36.94,-3.0,-2.0,1.35,0.88,0.28,11907.93,174.0,68.04,65.34,470.0,460.0
1770045071840657364,425172,10.348,121.3,10.256,-108.9,1.17,1.58,-36.88,-3.06,-2.06,-1.33,0.01,-0.4,11913.25,175.0,62.81,63.5,472.0,460.0
1770045071959438781,425294,9.772,97.8,10.204,-115.3,1.7,2.05,-36.88,-3.0,-1.94,1.51,0.29,-1.55,11914.1,175.0,67.51,63.88,472.0,460.0
1770045072057758839,425411,9.32,89.2,8.908,-70.2,1.64,1.82,-36.88,-3.13,-1.75,-0.17,-0.26,1.29,160.52,173.0,64.77,59.91,472.0,460.0
1770045072180597650,425511,9.9,80.7,10.008,-96.2,0.72,1.23,-36.69,-3.06,-1.75,0.17,0.28,-0.58,11906.39,172.0,67.95,65.0,472.0,460.0
1770045072299358494,425632,9.66,85.0,9.66,-48.3,1.07,0.94,-36.69,-3.06,-1.75,1.5,-1.04,0.14,11905.36,172.0,68.89,65.42,472.0,460.0
1770045072418232654,425754,9.096,99.1,9.376,-49.7,1.48,0.66,-36.81,-3.0,-1.94,0.26,1.15,-0.37,11905.02,172.0,70.29,67.36,472.0,460.0
1770045072551149476,425870,10.136,69.8,9.62,-69.5,1.43,1.39,-36.94,-3.0,-1.81,-0.06,0.29,-0.4,11906.9,172.0,68.46,65.04,472.0,460.0
1770045072663936629,425996,10.34,98.9,9.496,-84.2,0.9,1.19,-37.13,-2.81,-2.19,1.0,0.14,-0.44,11908.96,173.0,67.91,61.8,472.0,460.0
1770045072786822553,426117,10.012,105.7,10.152,-109.6,1.15,1.56,-37.06,-2.81,-2.06,0.12,0.62,0.27,11918.91,173.0,63.5,58.67,472.0,460.0
1770045072901507335,426238,8.896,139.5,9.088,-78.6,1.95,1.88,-37.13,-2.75,-2.06,1.52,0.26,-0.1,11921.14,173.0,64.43,57.84,472.0,460.0
1770045073028498320,426353,8.348,0.0,10.096,-66.6,1.5,1.35,-37.0,-2.94,-1.88,0.17,0.86,-0.9,11922.68,173.0,65.72,57.51,472.0,460.0
1770045073147276627,426479,9.428,92.1,9.844,-89.0,1.07,0.8,-36.69,-2.81,-1.88,0.02,-0.13,-0.48,11916.33,173.0,66.55,59.76,472.0,460.0
1770045073270106179,426600,8.84,0.0,9.528,-79.0,0.41,1.0,-36.56,-2.81,-1.94,-0.92,0.12,-0.15,11910.16,172.0,68.2,61.24,472.0,460.0
1770045073384836147,426722,8.836,81.5,10.008,-64.5,1.52,0.88,-36.63,-2.69,-1.94,-0.82,-0.5,0.23,11909.47,172.0,68.83,62.97,472.0,460.0
1770045073507708922,426836,10.14,59.7,9.696,-88.8,2.09,1.02,-36.75,-2.63,-1.94,0.07,-0.03,-1.22,11909.13,172.0,64.88,66.95,472.0,462.0
1770045073606005609,426960,9.476,70.6,9.308,-121.2,1.58,1.09,-36.5,-2.31,-2.25,0.91,0.33,-0.79,169.61,173.0,62.37,63.93,472.0,462.0
1770045073728872588,427060,9.376,87.9,8.936,-81.3,1.97,1.0,-36.56,-2.38,-2.31,0.73,0.48,-0.23,11925.94,175.0,62.91,57.95,474.0,462.0
1770045073831304651,427183,9.952,99.5,9.984,-73.8,1.5,1.82,-36.38,-2.44,-2.19,0.94,0.76,-0.23,171.84,175.0,62.24,56.75,474.0,462.0
1770045073929564318,427283,8.624,114.8,9.32,-59.1,1.95,1.58,-36.38,-2.56,-2.06,0.03,-0.66,-0.37,175.96,172.0,64.53,57.45,474.0,462.0
1770045074056567451,427383,8.584,101.0,10.04,-111.1,1.11,1.56,-36.19,-2.63,-1.94,0.67,-0.85,-0.29,11915.82,171.0,65.0,60.57,474.0,462.0
1770045074171186029,427509,8.732,66.1,10.324,-96.1,1.0,1.35,-36.13,-2.56,-1.94,-0.31,-0.02,-0.37,11908.96,171.0,68.51,65.65,474.0,462.0
1770045074294087842,427625,8.556,69.8,9.628,-59.1,1.48,1.68,-36.06,-2.38,-2.0,-1.48,0.98,-0.22,11911.36,174.0,67.09,65.72,474.0,462.0
1770045074421100327,427745,10.308,78.2,9.876,-68.9,1.64,0.94,-36.31,-2.31,-1.94,0.05,0.11,-1.09,11901.07,174.0,67.22,68.64,474.0,462.0
1770045074548079052,427874,9.66,71.8,10.204,-87.0,1.93,1.17,-36.31,-2.13,-2.06,-0.56,-0.02,-0.2,11916.68,172.0,61.71,64.28,474.0,462.0
1770045074666849729,428000,10.32,96.5,9.072,-121.1,1.46,1.43,-36.38,-2.19,-2.13,0.58,-0.75,-0.29,11920.96,172.0,63.83,62.47,474.0,462.0
1770045074769261162,428120,10.076,120.1,9.28,-110.0,1.45,1.39,-36.13,-2.25,-2.06,0.01,0.0,-0.52,171.16,172.0,63.62,58.01,474.0,462.0
1770045074888041394,428219,9.852,100.0,10.208,-109.0,1.11,1.23,-36.13,-2.44,-1.94,-0.63,0.28,-0.56,11917.71,176.0,65.07,62.2,474.0,462.0
1770045075015022916,428341,8.512,112.7,10.196,-79.8,1.76,1.39,-35.94,-2.56,-2.0,-1.01,0.99,0.66,11912.73,172.0,64.02,63.33,474.0,462.0
1770045075133821889,428466,8.6,74.9,10.316,-61.2,0.96,0.76,-36.25,-2.38,-2.06,-0.49,0.0,-0.88,11906.04,172.0,67.77,67.77,474.0,462.0
1770045075248420578,428587,10.38,79.4,9.68,0.0,1.54,0.96,-36.44,-2.19,-2.13,0.08,-0.98,1.35,11907.76,172.0,66.06,66.78,474.0,462.0
1770045075371331243,428701,10.12,47.5,10.288,-109.8,1.29,1.25,-36.88,-2.0,-2.19,-1.43,-0.1,-0.08,11908.1,174.0,67.36,65.96,474.0,464.0
1770045075498348246,428823,8.736,89.8,10.22,-143.4,2.3,1.02,-36.88,-2.0,-2.44,2.56,0.52,-1.47,11916.16,175.0,62.3,62.3,476.0,464.0
1770045075617118127,428949,10.184,84.1,9.612,-73.8,1.43,1.27,-36.81,-2.19,-2.69,0.51,0.28,-0.12,11916.51,175.0,66.55,61.12,476.0,464.0
1770045075735896174,429070,8.844,104.6,9.828,-62.2,1.74,1.54,-36.69,-2.31,-2.5,0.17,1.3,-0.77,11911.02,175.0,66.06,60.25,476.0,464.0
1770045076485465785,429186,10.352,86.9,9.984,-106.1,1.27,1.76,-36.69,-2.5,-2.31,0.66,-0.42,-0.28,0.0,174.0,66.04,62.68,476.0,464.0
1770045076608306949,429936,8.756,91.7,10.22,0.0,1.64,1.45,-36.13,-2.13,-3.06,1.1,0.42,-0.74,11919.59,175.0,66.81,58.46,476.0,464.0
1770045076731202558,430060,9.696,103.7,10.26,-62.4,1.37,1.41,-36.19,-2.31,-2.81,0.1,-0.42,-0.61,11918.56,177.0,67.09,58.87,476.0,464.0
1770045076849947697,430181,10.384,76.5,9.876,-98.1,0.9,1.43,-36.13,-2.44,-2.63,-0.68,-0.49,-0.72,11916.16,177.0,66.95,60.05,476.0,464.0
1770045076972871714,430303,10.224,65.0,9.248,-43.6,1.54,1.23,-36.0,-2.5,-2.5,-0.93,-0.52,-0.93,11900.9,177.0,67.64,63.5,476.0,464.0
1770045077095744100,430425,9.484,0.0,10.3,-81.5,0.96,0.57,-35.75,-2.31,-2.56,0.28,-0.22,-0.23,11914.62,177.0,65.65,63.51,476.0,464.0
1770045077218576078,430546,10.06,79.3,10.252,-104.4,1.23,0.8,-35.75,-2.13,-2.63,0.85,0.61,0.08,11914.28,176.0,65.13,63.81,478.0,464.0
1770045077341482390,430669,8.408,106.3,10.252,-107.3,1.95,0.68,-35.81,-2.0,-2.69,0.79,-1.11,0.24,11902.96,179.0,64.72,67.5,478.0,466.0
1770045077464390296,430791,9.96,83.2,9.7,0.0,1.52,1.19,-36.13,-2.0,-2.75,0.51,-0.6,-0.62,11908.27,179.0,66.11,66.11,478.0,466.0
1770045077583158602,430913,8.448,98.4,8.852,-82.3,1.07,1.56,-36.31,-2.19,-2.63,0.46,-0.76,-1.06,11907.59,179.0,67.79,62.8,478.0,466.0
1770045077701918723,431033,10.016,130.8,10.28,-91.5,0.78,1.21,-36.38,-2.44,-2.56,2.11,0.39,-1.05,11912.73,177.0,66.69,64.0,478.0,466.0
1770045077824826554,431154,9.46,91.7,9.88,-80.1,1.29,1.99,-36.5,-2.63,-2.38,-0.41,-0.23,0.38,11910.16,175.0,67.5,64.72,478.0,466.0
1770045077943589675,431275,9.072,0.0,9.02,-77.6,0.98,1.27,-36.31,-2.38,-2.31,0.25,-0.48,-0.09,11906.22,175.0,66.66,66.66,478.0,466.0
1770045078066486877,431394,10.332,97.5,9.252,-74.9,1.33,0.7,-36.38,-2.25,-2.31,-0.76,0.0,-0.17,11915.65,175.0,65.9,65.17,478.0,466.0
1770045078193454694,431517,8.812,94.5,9.048,-93.8,1.09,0.88,-36.44,-1.94,-2.5,-0.42,0.05,-0.2,11910.33,176.0,64.47,66.44,478.0,466.0
1770045078316269468,431645,10.304,69.0,9.024,0.0,1.21,1.23,-36.56,-1.88,-2.69,0.27,0.41,-0.91,11915.82,178.0,61.84,66.44,478.0,466.0
1770045078449287958,431768,10.264,91.1,9.516,-75.8,2.01,1.35,-36.81,-1.88,-2.63,0.44,0.69,-0.02,11908.62,177.0,69.14,64.35,478.0,466.0
1770045078562089445,431891,9.772,125.7,8.936,-86.4,0.9,1.04,-36.94,-2.13,-2.44,0.51,0.31,-0.36,11913.93,177.0,68.33,60.74,478.0,466.0
1770045078690917558,432013,10.212,110.4,10.232,-102.8,0.76,1.66,-36.81,-2.31,-2.38,-1.05,0.68,-0.48,11916.85,177.0,66.21,59.73,478.0,466.0
1770045078803756546,432133,9.776,86.2,9.46,0.0,1.39,1.54,-36.75,-2.44,-2.25,0.67,0.49,-1.43,11910.5,177.0,67.36,60.63,478.0,466.0
1770045078926628228,432253,9.908,78.4,10.296,-64.7,1.31,1.21,-36.44,-2.13,-2.19,0.85,0.07,-0.11,11908.79,176.0,67.64,63.5,478.0,466.0
1770045079045414664,432375,9.72,56.2,10.316,-98.1,0.76,1.39,-36.44,-2.06,-2.25,1.59,-1.41,-0.81,11914.28,177.0,68.89,64.02,480.0,466.0
1770045079143661368,432495,10.34,43.6,10.3,-70.7,1.86,1.27,-36.13,-1.75,-2.5,-0.19,-0.16,0.04,178.02,177.0,65.07,63.15,480.0,466.0
1770045079266564385,432595,9.856,57.7,9.376,0.0,2.19,1.54,-36.13,-1.75,-2.69,0.26,0.96,-0.71,11924.74,178.0,59.18,61.59,480.0,468.0
1770045079385360284,432716,9.148,48.9,9.372,-110.2,1.15,1.0,-36.31,-1.75,-2.69,0.84,-0.03,-0.48,11920.28,180.0,62.3,59.56,480.0,468.0
1770045079508264782,432836,9.176,97.2,10.16,-79.0,1.19,2.17,-36.38,-2.06,-2.63,-0.18,0.85,-0.91,11918.91,179.0,64.94,57.8,480.0,468.0
1770045079627027236,432958,10.36,84.7,10.156,-94.6,1.04,1.7,-36.06,-2.25,-2.38,-0.2,0.4,-0.76,11918.05,179.0,64.94,57.8,480.0,468.0
1770045079749924030,433077,9.716,98.8,10.252,0.0,1.5,1.35,-35.94,-2.38,-2.31,0.07,0.53,-0.95,11920.28,178.0,67.23,59.76,480.0,468.0
1770045079872785138,433200,10.392,54.1,10.296,-93.7,1.35,1.19,-35.5,-2.19,-2.25,-0.55,0.2,-0.35,11916.85,179.0,64.02,63.33,480.0,468.0
1770045079995670877,433320,10.32,67.7,9.268,-111.4,1.35,0.51,-35.38,-2.0,-2.31,0.26,-0.24,-0.07,11915.13,180.0,65.04,62.98,480.0,468.0
1770045080118560448,433443,9.76,55.2,9.236,-94.7,1.45,0.68,-35.19,-1.81,-2.38,-0.22,0.17,0.24,11909.3,180.0,65.72,63.67,480.0,468.0
1770045080233163859,433568,10.252,62.1,9.468,-107.9,2.03,1.21,-35.44,-1.94,-2.38,0.4,0.24,-0.57,11925.25,180.0,59.94,62.08,480.0,468.0
1770045080356082727,433684,8.388,62.7,9.764,-89.4,1.11,1.39,-35.5,-2.06,-2.69,0.58,1.15,-0.58,11916.16,177.0,66.26,60.05,480.0,468.0
1770045080474897646,433805,9.904,98.8,8.964,-55.2,1.35,1.27,-35.5,-2.38,-2.44,0.57,0.34,-0.25,11924.22,177.0,65.1,56.61,480.0,468.0
1770045080597745901,433926,9.38,108.4,10.22,-112.4,1.23,1.17,-35.25,-2.56,-2.19,1.04,0.02,0.01,11922.34,174.0,65.72,56.82,480.0,468.0
1770045080716581209,434049,8.764,70.4,10.152,-56.7,1.37,1.62,-35.19,-2.75,-2.06,-0.41,-0.1,-0.66,11919.76,174.0,65.49,57.58,480.0,468.0
1770045080839431447,434165,8.728,0.0,9.824,-113.7,1.29,1.05,-34.75,-2.63,-1.94,-0.06,-0.15,-0.64,11917.71,175.0,64.35,61.61,480.0,468.0
1770045080962312814,434288,8.544,49.3,10.272,-67.7,1.62,0.9,-34.56,-2.44,-2.0,1.18,-0.1,-0.38,11914.45,175.0,64.19,63.5,482.0,468.0
1770045081060639613,434411,8.804,94.2,10.248,-156.8,1.82,0.74,-34.56,-2.25,-2.06,-0.2,0.82,-0.52,175.96,175.0,56.75,64.07,482.0,468.0
1770045081183435275,434511,10.312,43.4,10.252,-124.9,1.93,1.23,-34.63,-2.25,-2.0,0.04,-0.16,-0.77,11923.02,180.0,59.61,62.44,482.0,470.0
1770045081285894839,434634,9.056,79.1,10.22,-113.5,1.21,1.72,-34.81,-2.38,-2.0,0.53,0.13,-0.87,175.96,177.0,64.77,61.53,482.0,470.0
1770045081384146728,434735,10.352,107.4,10.036,-55.3,1.74,1.17,-34.81,-2.56,-2.13,0.02,0.35,-0.5,168.93,177.0,65.59,61.16,482.0,470.0
1770045081507069596,434835,8.532,108.6,10.232,-77.6,1.27,1.35,-34.75,-2.88,-2.06,0.12,0.09,-0.54,11919.94,176.0,64.96,59.18,482.0,470.0
1770045081634049173,434957,9.268,67.3,9.464,0.0,1.04,0.96,-34.88,-3.13,-1.88,0.69,0.78,-0.65,11912.73,174.0,67.5,61.24,482.0,470.0
1770045081756913911,435084,9.348,113.3,9.004,0.0,0.96,1.15,-34.56,-3.06,-1.81,0.5,-0.19,-0.99,11913.93,174.0,64.62,63.32,482.0,470.0
1770045081879799260,435207,10.288,66.6,9.8,-73.1,1.45,1.09,-34.44,-2.75,-1.94,0.79,-0.03,0.18,11908.27,174.0,65.42,66.11,482.0,470.0
1770045081994473043,435328,8.512,74.4,9.768,-146.3,1.97,1.11,-34.44,-2.44,-2.06,2.33,-1.6,0.52,11915.31,174.0,61.89,64.77,482.0,470.0
1770045082096898624,435444,9.836,54.9,9.712,-116.0,1.35,0.74,-34.63,-2.38,-2.19,0.58,-0.27,0.05,179.56,173.0,66.73,63.55,482.0,470.0
1770045082195199700,435544,8.856,122.3,9.996,-80.3,1.45,1.02,-34.69,-2.56,-2.13,-1.94,-0.95,0.85,162.75,173.0,63.38,64.29,482.0,470.0
1770045082293429774,435643,10.172,63.3,10.14,-48.3,1.56,1.29,-34.69,-2.69,-2.19,0.76,0.74,-0.47,160.01,177.0,69.63,64.77,482.0,470.0
1770045082416364550,435743,10.36,107.8,9.036,-66.7,0.33,2.15,-34.63,-2.94,-2.13,-0.39,-0.32,-0.41,11915.13,176.0,67.36,62.91,482.0,470.0
1770045082539183713,435865,9.856,103.4,10.232,-90.1,0.61,1.88,-35.0,-3.19,-2.0,-0.05,1.18,-1.23,11909.65,174.0,67.5,63.33,482.0,470.0
1770045082662084229,435989,8.76,109.9,9.576,-57.5,0.98,1.46,-34.69,-3.13,-1.94,0.2,-0.02,-0.35,11910.16,176.0,66.16,65.49,482.0,470.0
1770045082780950574,436112,10.316,58.7,8.772,-86.2,1.54,1.02,-34.44,-2.88,-2.0,0.38,-0.33,0.11,11910.85,176.0,64.61,66.06,484.0,470.0
1770045082899692028,436228,8.464,86.1,8.756,-132.3,2.01,1.66,-34.44,-2.5,-2.13,-0.78,0.25,-0.18,11915.99,176.0,62.63,65.42,484.0,470.0
1770045083026658142,436348,9.864,48.3,10.276,-97.7,1.72,1.15,-34.5,-2.38,-2.38,1.17,-0.25,-0.8,11911.7,178.0,61.43,66.95,484.0,472.0
1770045083124973625,436472,9.752,90.6,10.184,-80.1,1.62,1.46,-34.75,-2.38,-2.25,-0.27,-0.37,0.95,179.56,178.0,63.15,68.42,484.0,472.0
1770045083223234830,436573,10.188,84.5,10.264,-53.4,1.56,1.0,-34.94,-2.63,-2.25,0.08,0.41,-0.93,164.13,175.0,65.76,68.97,484.0,472.0
1770045083346110568,436672,9.368,95.7,10.24,-54.1,1.6,1.88,-35.06,-2.81,-2.19,-1.43,1.84,-0.6,11909.65,177.0,66.37,66.87,484.0,472.0
1770045083469026066,436794,10.268,76.9,9.732,-47.9,1.56,1.48,-35.13,-3.0,-2.0,-0.03,0.44,-0.36,11902.79,176.0,69.59,64.72,484.0,472.0
1770045083591902229,436918,9.26,104.1,10.128,-62.6,1.56,1.8,-34.88,-2.88,-1.94,-1.43,-0.3,0.97,11909.82,175.0,64.67,64.0,484.0,472.0
1770045083710676925,437040,9.788,101.4,10.016,-66.1,1.78,0.45,-34.69,-2.63,-2.0,-0.49,0.65,-0.21,11905.7,175.0,65.65,67.79,484.0,472.0
1770045083833566737,437157,10.268,112.0,10.26,-100.0,2.25,0.82,-34.63,-2.31,-2.13,1.04,-1.58,-0.03,11915.31,176.0,59.56,64.35,484.0,472.0
1770045083960491165,437280,9.368,53.0,9.872,-96.4,2.27,1.19,-34.81,-2.25,-2.25,0.06,-0.55,0.16,11904.5,178.0,62.45,65.26,484.0,472.0
1770045084062942043,437410,10.344,108.7,10.268,0.0,1.04,0.66,-34.94,-2.44,-2.25,1.72,0.58,-0.53,168.41,178.0,66.16,63.15,484.0,472.0
1770045084165293012,437511,10.348,91.1,9.644,-90.5,1.45,0.98,-35.19,-2.63,-2.25,0.75,0.0,-0.14,162.75,177.0,65.14,65.14,484.0,472.0
1770045084263623347,437611,10.268,88.3,9.736,-113.0,1.5,1.43,-35.19,-2.88,-2.13,2.14,-0.64,0.01,174.76,179.0,65.86,63.36,484.0,472.0
1770045084386517863,437711,9.508,100.0,9.332,-92.3,0.74,1.82,-35.44,-3.06,-2.06,-1.67,0.59,0.4,11909.47,174.0,66.77,64.27,484.0,472.0
1770045084501191146,437832,9.924,101.7,10.136,-48.7,1.35,1.46,-35.13,-2.94,-2.0,-1.82,-0.68,1.31,11912.9,174.0,65.17,65.17,484.0,472.0
1770045084624074088,437950,9.496,74.3,9.332,-71.9,1.54,1.33,-35.0,-2.81,-2.0,-1.42,-0.37,0.12,11911.19,176.0,64.51,67.91,486.0,472.0
1770045084746950788,438072,10.364,82.4,10.232,-116.7,1.89,1.35,-35.06,-2.44,-2.13,0.76,0.14,-0.43,11920.45,176.0,58.67,66.95,486.0,472.0
1770045084865693631,438194,9.9,75.8,9.452,-81.4,2.09,1.23,-35.19,-2.38,-2.25,0.63,-0.57,0.22,11914.1,176.0,62.63,67.5,486.0,474.0
1770045084968132158,438315,8.664,86.5,10.256,-87.9,1.46,0.82,-35.31,-2.44,-2.31,0.82,0.26,-0.51,162.75,176.0,65.49,63.62,486.0,474.0
1770045085066414381,438415,9.044,83.6,9.712,-63.7,0.98,1.86,-35.5,-2.63,-2.25,-0.46,0.05,-0.91,178.19,178.0,66.73,64.35,486.0,474.0
1770045085189274896,438515,10.1,88.0,9.548,-54.3,1.58,2.03,-35.5,-2.88,-2.13,-1.62,0.45,0.09,11914.1,175.0,65.98,62.05,486.0,474.0
1770045085303973716,438637,10.16,95.3,9.888,-52.4,1.07,1.7,-35.63,-3.06,-2.0,-1.21,0.36,-0.83,11912.05,175.0,67.36,62.24,486.0,474.0
1770045085430974442,438752,9.584,126.9,10.24,-46.0,1.43,1.5,-35.25,-3.0,-2.0,0.41,-1.06,-0.02,11912.73,175.0,65.87,63.15,486.0,474.0
1770045085553849309,438879,10.3,75.9,10.296,-85.1,1.5,1.17,-35.13,-2.81,-2.19,-0.26,0.57,-0.11,11912.22,177.0,65.34,66.69,486.0,474.0
1770045085672588652,439001,8.64,70.2,10.276,-88.8,1.76,0.59,-35.0,-2.38,-2.31,0.84,-0.28,-0.65,11915.31,177.0,60.54,67.5,486.0,474.0
1770045085795509631,439121,10.292,77.1,9.92,-123.4,1.37,1.05,-34.81,-2.38,-2.44,0.28,-0.43,-0.32,11909.82,178.0,64.19,64.88,486.0,474.0
1770045085897927972,439242,10.3,71.8,9.124,-70.3,1.86,1.46,-35.13,-2.44,-2.5,1.31,0.2,-1.46,172.7,178.0,65.49,63.62,486.0,474.0
1770045085996223362,439343,9.38,104.3,9.76,-72.0,1.31,1.6,-35.25,-2.69,-2.5,-0.4,0.63,-0.37,160.01,178.0,66.34,62.94,486.0,474.0
1770045086119114008,439443,10.34,81.5,9.896,-59.9,1.13,1.95,-35.19,-2.88,-2.44,0.58,0.73,-0.84,11918.56,179.0,64.7,59.47,486.0,474.0
1770045086237841276,439565,10.184,86.0,9.344,-58.1,1.66,1.05,-35.38,-3.13,-2.31,-0.91,0.81,-0.36,11913.25,180.0,67.5,60.54,486.0,474.0
1770045086364813964,439686,9.092,96.2,9.3,-104.9,1.09,1.35,-34.88,-2.94,-2.31,2.29,-1.49,-0.09,11911.19,178.0,64.72,62.63,488.0,474.0
1770045086463152874,439810,10.124,42.0,10.268,-112.1,1.62,1.02,-34.88,-2.75,-2.5,-0.3,-0.57,-0.21,166.36,178.0,64.0,65.68,488.0,474.0
1770045086561406856,439910,8.732,47.4,10.28,-86.5,1.05,1.11,-34.75,-2.44,-2.63,-0.16,0.32,-0.13,155.55,179.0,64.35,65.93,488.0,474.0
1770045086663852790,440010,8.68,45.9,10.248,-95.7,1.0,0.84,-35.0,-2.38,-2.69,-1.17,0.31,-0.14,167.38,181.0,61.24,66.34,488.0,474.0
1770045086762124957,440110,9.36,58.6,10.24,-81.5,1.86,1.43,-35.38,-2.38,-2.69,-0.3,-0.63,0.31,172.87,181.0,63.6,66.29,488.0,476.0
1770045086864584965,440210,9.716,95.0,10.184,-72.0,1.21,1.13,-35.31,-2.88,-3.13,-0.85,-0.02,0.08,168.41,180.0,65.14,62.76,488.0,476.0
1770045086962856429,440310,8.512,80.3,9.432,-50.7,1.52,1.72,-35.31,-3.19,-3.06,0.9,-0.03,-0.42,184.36,180.0,67.36,62.05,488.0,476.0
1770045087085747464,440410,10.276,111.0,10.232,-91.9,1.02,1.5,-35.25,-3.31,-2.94,0.44,-0.18,-1.3,11913.42,182.0,66.5,62.2,488.0,476.0
1770045087208591275,440532,9.824,70.3,10.244,-41.8,1.33,1.66,-35.5,-3.44,-2.81,1.04,-0.14,-1.59,11912.9,183.0,68.2,64.72,488.0,476.0
1770045087331452883,440656,9.684,75.9,10.296,-66.6,1.6,1.21,-35.19,-3.19,-2.63,0.27,-0.27,-0.41,11908.96,181.0,66.02,67.36,488.0,476.0
1770045087450279375,440777,9.956,75.8,10.292,-115.1,1.39,1.09,-35.19,-2.69,-2.88,0.9,2.49,-0.75,11909.82,182.0,63.86,69.47,488.0,476.0
1770045087573146132,440897,10.06,48.3,10.212,-135.6,1.45,1.04,-35.19,-2.44,-3.19,2.47,-0.54,-1.06,11908.96,181.0,62.45,68.77,488.0,476.0
1770045087687843063,441018,10.02,60.8,9.376,-116.2,1.66,0.88,-35.56,-2.31,-3.13,0.12,-0.16,-0.37,11911.02,181.0,63.7,66.63,488.0,476.0
1770045087810732134,441132,9.168,0.0,9.304,-64.3,0.74,1.19,-35.69,-2.44,-3.0,0.32,-0.11,1.72,11906.56,186.0,66.26,65.57,488.0,476.0
1770045087933593261,441257,10.308,0.0,9.92,-80.9,0.96,1.76,-35.81,-2.75,-2.81,0.48,0.83,-0.88,11911.36,180.0,66.55,63.15,488.0,476.0
1770045088052328177,441378,8.448,69.0,9.992,-69.8,0.86,1.43,-35.94,-3.06,-2.81,1.01,0.37,-1.35,11909.82,180.0,68.2,64.72,488.0,476.0
1770045088171125243,441500,10.364,100.2,10.084,-45.5,1.0,1.0,-35.75,-2.94,-2.75,0.84,0.12,0.67,11909.3,180.0,66.63,65.17,488.0,476.0
1770045088294001667,441616,8.84,81.2,9.0,-95.4,1.15,0.45,-35.44,-2.75,-2.69,-0.4,0.09,-0.59,11906.04,180.0,66.11,66.81,490.0,476.0
1770045088416908775,441739,10.06,75.4,9.436,-68.7,1.84,1.64,-35.25,-2.44,-2.75,0.5,-1.14,0.05,11913.42,182.0,62.65,65.34,490.0,476.0
1770045088535625747,441862,9.316,55.8,10.3,-111.1,1.35,1.23,-35.31,-2.31,-2.94,-0.54,0.3,-0.38,11916.68,184.0,62.12,64.19,490.0,478.0
1770045088654481537,441984,10.276,83.0,10.296,-86.6,1.0,1.19,-35.56,-2.38,-2.94,1.01,0.84,-0.35,11913.76,184.0,66.06,63.15,490.0,478.0
1770045088781482188,442099,8.82,83.5,10.092,-55.4,1.11,0.92,-35.38,-2.63,-2.69,-0.02,0.03,-0.78,11912.39,181.0,68.33,61.43,490.0,478.0
1770045088900227661,442225,9.456,123.0,9.032,0.0,1.84,1.82,-35.31,-2.81,-2.5,-1.3,-1.56,0.22,11916.68,179.0,66.69,59.95,490.0,478.0
1770045089023103880,442347,9.948,72.3,9.684,-50.1,0.84,1.52,-35.38,-3.06,-2.44,-0.28,-0.12,-0.98,11913.76,180.0,69.59,61.24,490.0,478.0
1770045089137780440,442468,10.324,101.0,10.232,-107.0,1.31,1.21,-35.06,-2.94,-2.38,0.11,-0.14,0.88,11910.16,180.0,66.93,63.33,490.0,478.0
1770045089264721072,442585,10.196,66.0,10.196,-98.5,1.04,1.45,-34.75,-2.69,-2.44,-0.56,0.29,-0.95,11913.93,178.0,63.83,65.87,490.0,478.0
1770045089387666274,442712,10.228,78.6,9.924,-176.6,2.29,0.51,-34.63,-2.38,-2.75,-0.98,-1.52,0.13,11913.93,179.0,59.08,65.19,490.0,478.0
1770045089516466571,442832,10.248,44.4,9.416,-98.1,2.36,1.15,-34.88,-2.31,-2.81,0.79,-0.1,0.13,11902.79,181.0,64.88,68.33,490.0,478.0
1770045089629298077,442953,9.52,67.2,10.184,-94.1,0.8,1.09,-35.06,-2.56,-2.69,3.71,1.96,-5.31,11905.87,180.0,68.77,65.96,490.0,478.0
1770045089748092810,443075,10.096,85.3,9.192,-65.3,1.46,0.72,-35.31,-2.94,-2.63,0.51,-0.94,0.0,11911.36,180.0,68.23,61.7,490.0,478.0
1770045089875064701,443194,10.3,90.3,10.156,-83.6,1.19,1.82,-35.38,-3.19,-2.5,-0.78,0.97,-0.52,11910.85,179.0,67.36,61.97,490.0,478.0
1770045089997949476,443322,9.076,109.5,8.756,-77.3,0.7,0.72,-35.31,-3.13,-2.44,-0.24,0.12,-0.7,11908.79,179.0,70.28,61.66,492.0,478.0
1770045090120819899,443443,9.448,61.3,10.284,-68.7,1.89,1.21,-34.88,-3.06,-2.56,0.42,0.07,-0.88,11908.27,178.0,66.41,65.72,492.0,478.0
1770045090219095308,443566,9.916,40.9,10.02,-82.8,2.11,1.21,-34.75,-2.69,-2.63,0.36,0.11,-0.52,185.91,178.0,62.71,64.5,492.0,478.0
1770045090341941841,443666,8.512,66.4,9.104,-79.0,1.82,1.27,-34.88,-2.5,-3.13,-0.71,1.17,-1.25,11911.36,181.0,61.24,66.5,492.0,480.0
1770045090464880858,443789,8.4,97.4,9.86,-103.9,2.48,0.78,-35.0,-2.56,-2.81,-0.52,0.89,-0.94,11915.31,182.0,62.63,64.72,492.0,480.0
1770045090587752170,443910,9.256,110.7,9.86,-52.0,1.17,0.98,-35.0,-3.06,-2.75,-0.35,-0.17,-0.93,11909.65,180.0,66.95,63.5,492.0,480.0
1770045090712460777,444032,9.444,93.7,9.416,-57.2,1.54,1.97,-35.06,-3.31,-2.63,0.12,0.44,-1.3,11917.71,180.0,66.63,61.51,492.0,480.0
1770045090825275430,444149,8.84,80.1,9.54,-60.1,0.86,1.99,-35.06,-3.56,-2.44,0.47,0.53,-0.7,11911.7,179.0,68.83,60.81,492.0,480.0
1770045090948241948,444272,10.352,114.9,10.044,-72.3,1.02,1.52,-34.88,-3.5,-2.44,2.92,-0.42,-1.36,11910.5,180.0,67.5,63.33,492.0,480.0
1770045091071070037,444394,10.344,83.0,10.224,-94.1,1.02,0.74,-34.56,-3.38,-2.44,-0.22,0.01,-0.68,11909.47,178.0,64.88,66.26,492.0,480.0
1770045091185759838,444516,9.256,50.4,10.156,-156.0,2.62,1.15,-34.56,-3.0,-2.5,1.9,-0.67,0.19,11919.59,178.0,58.58,65.17,492.0,480.0
1770045091308559278,444631,8.74,83.2,9.076,-132.8,1.43,0.82,-34.69,-3.0,-2.63,0.97,0.93,-0.22,11916.16,178.0,61.43,66.26,492.0,480.0
1770045091431513777,444754,8.768,91.5,9.7,-63.0,1.56,1.07,-34.94,-3.06,-2.56,1.24,-0.42,-0.86,11911.87,180.0,67.36,65.34,492.0,480.0
1770045091554388237,444877,8.672,91.4,9.216,-51.3,1.43,1.29,-35.06,-3.44,-2.63,0.59,-0.27,-0.58,11907.42,179.0,67.64,62.12,492.0,480.0
1770045091677255863,444999,10.072,118.3,9.98,0.0,1.99,1.5,-34.94,-3.69,-2.5,1.69,-2.03,-0.22,11898.84,179.0,68.77,59.64,492.0,480.0
1770045091791947016,445120,9.904,82.6,8.82,-41.3,0.9,1.19,-34.88,-3.88,-2.44,2.21,-0.66,-0.8,11899.53,179.0,68.83,60.77,492.0,480.0
1770045091914832588,445238,9.576,115.2,10.128,-54.9,1.41,1.97,-34.5,-3.81,-2.31,1.73,-2.36,0.0,11910.5,178.0,66.55,61.12,494.0,480.0
1770045092037714955,445359,10.02,62.6,9.088,-104.1,1.62,1.27,-34.19,-3.63,-2.5,-0.03,-0.32,-0.61,11914.79,181.0,61.61,64.35,494.0,480.0
1770045092160570507,445481,10.048,101.9,9.764,-130.6,1.52,1.05,-34.13,-3.31,-2.69,-0.31,1.26,-0.97,11915.48,180.0,60.05,62.12,494.0,480.0
1770045092279326665,445603,9.92,61.7,10.184,-67.1,1.88,1.25,-34.25,-3.25,-2.75,0.17,-0.06,-0.45,11909.47,180.0,66.06,64.61,494.0,482.0
1770045092377652445,445722,10.192,51.3,10.312,-53.9,1.11,1.35,-34.38,-3.5,-2.63,-1.19,0.34,-0.85,167.56,183.0,64.66,61.65,494.0,482.0
1770045092500550757,445821,9.892,58.0,10.244,-58.0,1.33,1.54,-34.31,-3.75,-2.81,0.21,0.03,-0.76,11913.25,182.0,69.34,61.92,494.0,482.0
1770045092623417921,445945,9.736,118.0,9.512,-76.0,1.05,1.43,-34.25,-4.06,-2.69,-1.27,0.13,-0.62,11912.9,180.0,69.59,59.15,494.0,482.0
1770045092742218358,446066,8.704,98.3,9.824,-65.3,0.72,1.13,-34.06,-4.13,-2.56,-0.63,-0.25,-0.24,11914.79,180.0,68.1,60.04,494.0,482.0
1770045092865096744,446185,9.656,102.6,8.972,-77.1,1.27,0.98,-33.81,-4.06,-2.5,0.08,0.2,-0.29,11915.31,178.0,66.83,61.48,494.0,482.0
1770045092996161918,446308,9.592,69.9,9.54,-105.7,1.09,0.94,-33.5,-3.75,-2.56,0.63,0.25,-0.47,11917.88,179.0,61.43,63.5,494.0,482.0
1770045093094471827,446438,10.176,94.8,10.228,-112.8,1.13,1.43,-33.5,-3.5,-2.63,0.31,0.01,-0.24,168.93,179.0,62.77,61.24,494.0,482.0
1770045093192736013,446538,9.476,64.9,10.244,-71.8,1.21,1.58,-33.5,-3.44,-2.75,0.56,0.09,-1.24,164.81,182.0,66.1,62.17,494.0,482.0
1770045093315639048,446638,10.224,76.0,8.912,-45.3,1.05,0.72,-33.56,-3.63,-2.69,0.05,-0.33,-0.43,11909.3,181.0,67.86,62.91,494.0,482.0
1770045093438532582,446760,8.788,91.9,10.296,-43.6,1.46,1.23,-33.44,-3.81,-2.69,0.12,-0.18,-0.74,11911.19,183.0,67.36,61.05,494.0,482.0
1770045093553219402,446880,9.844,114.5,9.6,-59.0,1.15,0.88,-33.38,-4.06,-2.63,0.58,0.01,-0.63,11914.62,183.0,68.83,60.04,494.0,482.0
1770045093676062158,446997,9.824,117.0,9.84,-50.2,1.84,1.35,-33.38,-4.0,-2.5,0.17,-0.68,-0.91,11913.59,181.0,66.26,60.74,496.0,482.0
1770045093803064661,447121,10.196,102.4,10.052,-81.2,1.82,1.95,-33.38,-4.0,-2.38,-0.07,-0.29,-0.35,11912.56,181.0,64.82,64.16,496.0,482.0
1770045093901370514,447245,8.684,57.9,10.044,-119.1,1.78,0.92,-33.0,-3.69,-2.31,1.15,0.05,-0.16,214.03,181.0,60.91,66.29,496.0,482.0
1770045094003771447,447345,9.3,70.1,9.632,-77.7,1.93,1.35,-33.19,-3.5,-2.38,-0.17,-0.57,0.03,168.07,177.0,62.17,67.68,496.0,482.0
1770045094130725653,447446,10.308,73.8,10.148,-100.0,1.11,1.25,-33.31,-3.31,-2.38,-0.9,-1.4,0.62,11908.45,181.0,65.49,66.48,496.0,484.0
1770045094229024988,447572,8.736,56.5,10.32,-84.9,0.8,0.88,-33.56,-3.44,-2.31,-0.51,-0.43,-0.54,167.56,181.0,66.66,66.66,496.0,484.0
1770045094347779923,447672,10.34,96.4,10.264,0.0,1.48,0.96,-33.63,-3.56,-2.25,-0.04,-0.32,-0.48,11911.02,180.0,68.33,66.88,496.0,484.0
1770045094470698754,447793,8.936,89.0,9.228,-75.2,0.63,1.56,-33.81,-3.88,-2.25,0.21,0.8,-0.49,11912.56,177.0,69.02,63.5,496.0,484.0
1770045094593582511,447913,10.02,80.6,9.388,-54.3,1.05,1.78,-33.75,-3.75,-2.06,0.57,0.48,0.01,11911.36,178.0,66.81,63.33,496.0,484.0
1770045094716461601,448035,8.892,99.1,9.304,-73.6,1.02,1.52,-33.75,-3.63,-2.13,0.57,-0.37,0.54,11913.25,178.0,64.02,64.02,496.0,484.0
1770045094845273046,448159,10.276,95.2,9.336,-140.5,1.66,1.56,-33.5,-3.25,-2.13,0.14,0.27,-0.18,11913.93,176.0,62.3,66.41,496.0,484.0
1770045094954017010,448280,9.28,91.6,10.088,-94.2,1.21,1.31,-33.63,-3.0,-2.13,0.58,0.36,-0.3,11914.1,176.0,63.51,63.51,496.0,484.0
                                                                                                                                                                                                                                                                                                                                                                                                                                                                                                                                                                                                                                                                                                                                                                                                                                                                                                                                                                                                                                                                                                                                                                                                                                                                                                                                                                                                                                                                                                                                                                                                                                                                                                                                                                                                            